dataset,model,seed,burden,n_alarmed,n_fail,ear,within_5,recall_5,within_7,recall_7,within_10,recall_10,within_15,recall_15,within_30,recall_30,within_60,recall_60,within_90,recall_90,within_180,recall_180,within_365,recall_365
HGST,LGBM,42,0.01,14,162,0.009657594381035996,0.0,0.0,0.07142857142857142,0.006172839506172839,0.14285714285714285,0.012345679012345678,0.21428571428571427,0.018518518518518517,0.2857142857142857,0.024691358024691357,0.42857142857142855,0.037037037037037035,0.5,0.043209876543209874,0.6428571428571429,0.05555555555555555,0.9285714285714286,0.08024691358024691
HGST,LGBM,42,0.05,45,162,0.046532045654082525,0.06666666666666667,0.018518518518518517,0.06666666666666667,0.018518518518518517,0.08888888888888889,0.024691358024691357,0.2,0.05555555555555555,0.24444444444444444,0.06790123456790123,0.37777777777777777,0.10493827160493827,0.4666666666666667,0.12962962962962962,0.6666666666666666,0.18518518518518517,0.8,0.2222222222222222
HGST,LGBM,43,0.01,14,162,0.00877963125548727,0.14285714285714285,0.012345679012345678,0.21428571428571427,0.018518518518518517,0.2857142857142857,0.024691358024691357,0.5,0.043209876543209874,0.5,0.043209876543209874,0.5714285714285714,0.04938271604938271,0.5714285714285714,0.04938271604938271,0.7857142857142857,0.06790123456790123,0.9285714285714286,0.08024691358024691
HGST,LGBM,43,0.05,46,162,0.04916593503072871,0.10869565217391304,0.030864197530864196,0.13043478260869565,0.037037037037037035,0.15217391304347827,0.043209876543209874,0.15217391304347827,0.043209876543209874,0.1956521739130435,0.05555555555555555,0.32608695652173914,0.09259259259259259,0.391304347826087,0.1111111111111111,0.5869565217391305,0.16666666666666666,0.8260869565217391,0.2345679012345679
HGST,LGBM,44,0.01,20,162,0.009657594381035996,0.05,0.006172839506172839,0.15,0.018518518518518517,0.25,0.030864197530864196,0.45,0.05555555555555555,0.45,0.05555555555555555,0.6,0.07407407407407407,0.65,0.08024691358024691,0.75,0.09259259259259259,0.95,0.11728395061728394
HGST,LGBM,44,0.05,51,162,0.04916593503072871,0.0784313725490196,0.024691358024691357,0.09803921568627451,0.030864197530864196,0.17647058823529413,0.05555555555555555,0.23529411764705882,0.07407407407407407,0.29411764705882354,0.09259259259259259,0.39215686274509803,0.12345679012345678,0.5098039215686274,0.16049382716049382,0.7058823529411765,0.2222222222222222,0.8823529411764706,0.2777777777777778
HGST,LGBM,45,0.01,14,162,0.00877963125548727,0.07142857142857142,0.006172839506172839,0.14285714285714285,0.012345679012345678,0.21428571428571427,0.018518518518518517,0.21428571428571427,0.018518518518518517,0.35714285714285715,0.030864197530864196,0.5714285714285714,0.04938271604938271,0.5714285714285714,0.04938271604938271,0.7857142857142857,0.06790123456790123,1.0,0.08641975308641975
HGST,LGBM,45,0.05,49,162,0.04916593503072871,0.10204081632653061,0.030864197530864196,0.12244897959183673,0.037037037037037035,0.20408163265306123,0.06172839506172839,0.24489795918367346,0.07407407407407407,0.30612244897959184,0.09259259259259259,0.40816326530612246,0.12345679012345678,0.46938775510204084,0.1419753086419753,0.673469387755102,0.2037037037037037,0.8979591836734694,0.2716049382716049
HGST,LGBM,46,0.05,45,162,0.04916593503072871,0.1111111111111111,0.030864197530864196,0.15555555555555556,0.043209876543209874,0.2,0.05555555555555555,0.28888888888888886,0.08024691358024691,0.37777777777777777,0.10493827160493827,0.4888888888888889,0.13580246913580246,0.5555555555555556,0.15432098765432098,0.6666666666666666,0.18518518518518517,0.8222222222222222,0.22839506172839505
HGST,LGBM,47,0.01,15,162,0.009657594381035996,0.13333333333333333,0.012345679012345678,0.26666666666666666,0.024691358024691357,0.4,0.037037037037037035,0.4,0.037037037037037035,0.4666666666666667,0.043209876543209874,0.4666666666666667,0.043209876543209874,0.5333333333333333,0.04938271604938271,0.8,0.07407407407407407,0.9333333333333333,0.08641975308641975
HGST,LGBM,47,0.05,51,162,0.046532045654082525,0.0784313725490196,0.024691358024691357,0.1568627450980392,0.04938271604938271,0.21568627450980393,0.06790123456790123,0.27450980392156865,0.08641975308641975,0.35294117647058826,0.1111111111111111,0.45098039215686275,0.1419753086419753,0.5294117647058824,0.16666666666666666,0.7058823529411765,0.2222222222222222,0.9411764705882353,0.2962962962962963
HGST,LGBM,48,0.01,6,162,0.007023705004389816,0.16666666666666666,0.006172839506172839,0.16666666666666666,0.006172839506172839,0.16666666666666666,0.006172839506172839,0.5,0.018518518518518517,0.6666666666666666,0.024691358024691357,0.8333333333333334,0.030864197530864196,0.8333333333333334,0.030864197530864196,0.8333333333333334,0.030864197530864196,1.0,0.037037037037037035
HGST,LGBM,48,0.05,32,162,0.0324846356453029,0.0625,0.012345679012345678,0.125,0.024691358024691357,0.25,0.04938271604938271,0.28125,0.05555555555555555,0.375,0.07407407407407407,0.53125,0.10493827160493827,0.59375,0.11728395061728394,0.6875,0.13580246913580246,0.84375,0.16666666666666666
HGST,LGBM,49,0.01,18,162,0.009657594381035996,0.16666666666666666,0.018518518518518517,0.16666666666666666,0.018518518518518517,0.2777777777777778,0.030864197530864196,0.3333333333333333,0.037037037037037035,0.4444444444444444,0.04938271604938271,0.5,0.05555555555555555,0.5555555555555556,0.06172839506172839,0.7222222222222222,0.08024691358024691,0.8333333333333334,0.09259259259259259
HGST,LGBM,49,0.05,50,162,0.04916593503072871,0.1,0.030864197530864196,0.1,0.030864197530864196,0.18,0.05555555555555555,0.2,0.06172839506172839,0.42,0.12962962962962962,0.54,0.16666666666666666,0.58,0.17901234567901234,0.74,0.22839506172839505,0.88,0.2716049382716049
HGST,LGBM,50,0.01,17,162,0.009657594381035996,0.11764705882352941,0.012345679012345678,0.17647058823529413,0.018518518518518517,0.23529411764705882,0.024691358024691357,0.29411764705882354,0.030864197530864196,0.35294117647058826,0.037037037037037035,0.47058823529411764,0.04938271604938271,0.47058823529411764,0.04938271604938271,0.7647058823529411,0.08024691358024691,0.8823529411764706,0.09259259259259259
HGST,LGBM,50,0.05,48,162,0.04916593503072871,0.020833333333333332,0.006172839506172839,0.041666666666666664,0.012345679012345678,0.08333333333333333,0.024691358024691357,0.20833333333333334,0.06172839506172839,0.22916666666666666,0.06790123456790123,0.2916666666666667,0.08641975308641975,0.4166666666666667,0.12345679012345678,0.6666666666666666,0.19753086419753085,0.7916666666666666,0.2345679012345679
HGST,LGBM,51,0.01,11,162,0.009657594381035996,0.09090909090909091,0.006172839506172839,0.09090909090909091,0.006172839506172839,0.09090909090909091,0.006172839506172839,0.2727272727272727,0.018518518518518517,0.36363636363636365,0.024691358024691357,0.45454545454545453,0.030864197530864196,0.5454545454545454,0.037037037037037035,0.9090909090909091,0.06172839506172839,1.0,0.06790123456790123
HGST,LGBM,51,0.05,45,162,0.046532045654082525,0.044444444444444446,0.012345679012345678,0.06666666666666667,0.018518518518518517,0.13333333333333333,0.037037037037037035,0.17777777777777778,0.04938271604938271,0.2222222222222222,0.06172839506172839,0.35555555555555557,0.09876543209876543,0.4444444444444444,0.12345679012345678,0.6222222222222222,0.1728395061728395,0.8444444444444444,0.2345679012345679
HGST,LGBM,52,0.01,12,162,0.00877963125548727,0.0,0.0,0.08333333333333333,0.006172839506172839,0.08333333333333333,0.006172839506172839,0.3333333333333333,0.024691358024691357,0.3333333333333333,0.024691358024691357,0.5833333333333334,0.043209876543209874,0.6666666666666666,0.04938271604938271,0.75,0.05555555555555555,0.9166666666666666,0.06790123456790123
HGST,LGBM,52,0.05,46,162,0.043898156277436345,0.10869565217391304,0.030864197530864196,0.15217391304347827,0.043209876543209874,0.1956521739130435,0.05555555555555555,0.2391304347826087,0.06790123456790123,0.32608695652173914,0.09259259259259259,0.391304347826087,0.1111111111111111,0.4782608695652174,0.13580246913580246,0.6739130434782609,0.19135802469135801,0.8913043478260869,0.25308641975308643
HGST,LGBM,53,0.01,7,162,0.006145741878841089,0.14285714285714285,0.006172839506172839,0.14285714285714285,0.006172839506172839,0.14285714285714285,0.006172839506172839,0.42857142857142855,0.018518518518518517,0.5714285714285714,0.024691358024691357,0.7142857142857143,0.030864197530864196,0.8571428571428571,0.037037037037037035,1.0,0.043209876543209874,1.0,0.043209876543209874
HGST,LGBM,53,0.05,49,162,0.04916593503072871,0.061224489795918366,0.018518518518518517,0.12244897959183673,0.037037037037037035,0.16326530612244897,0.04938271604938271,0.20408163265306123,0.06172839506172839,0.2857142857142857,0.08641975308641975,0.4489795918367347,0.13580246913580246,0.5306122448979592,0.16049382716049382,0.6938775510204082,0.20987654320987653,0.8775510204081632,0.2654320987654321
HGST,LGBM,54,0.05,44,162,0.048287971905179985,0.11363636363636363,0.030864197530864196,0.18181818181818182,0.04938271604938271,0.25,0.06790123456790123,0.2727272727272727,0.07407407407407407,0.36363636363636365,0.09876543209876543,0.45454545454545453,0.12345679012345678,0.5227272727272727,0.1419753086419753,0.6818181818181818,0.18518518518518517,0.7954545454545454,0.21604938271604937
HGST,LGBM,55,0.01,17,162,0.009657594381035996,0.23529411764705882,0.024691358024691357,0.23529411764705882,0.024691358024691357,0.35294117647058826,0.037037037037037035,0.4117647058823529,0.043209876543209874,0.5294117647058824,0.05555555555555555,0.5294117647058824,0.05555555555555555,0.5294117647058824,0.05555555555555555,0.7058823529411765,0.07407407407407407,0.8823529411764706,0.09259259259259259
HGST,LGBM,55,0.05,40,162,0.04916593503072871,0.05,0.012345679012345678,0.125,0.030864197530864196,0.2,0.04938271604938271,0.3,0.07407407407407407,0.325,0.08024691358024691,0.425,0.10493827160493827,0.525,0.12962962962962962,0.675,0.16666666666666666,0.875,0.21604938271604937
HGST,LGBM,56,0.01,11,162,0.006145741878841089,0.09090909090909091,0.006172839506172839,0.2727272727272727,0.018518518518518517,0.2727272727272727,0.018518518518518517,0.36363636363636365,0.024691358024691357,0.45454545454545453,0.030864197530864196,0.6363636363636364,0.043209876543209874,0.6363636363636364,0.043209876543209874,0.6363636363636364,0.043209876543209874,0.9090909090909091,0.06172839506172839
HGST,LGBM,56,0.05,45,162,0.04477611940298507,0.044444444444444446,0.012345679012345678,0.08888888888888889,0.024691358024691357,0.15555555555555556,0.043209876543209874,0.17777777777777778,0.04938271604938271,0.28888888888888886,0.08024691358024691,0.4444444444444444,0.12345679012345678,0.5333333333333333,0.14814814814814814,0.6222222222222222,0.1728395061728395,0.8666666666666667,0.24074074074074073
HGST,LGBM,57,0.01,15,162,0.009657594381035996,0.2,0.018518518518518517,0.3333333333333333,0.030864197530864196,0.4,0.037037037037037035,0.4,0.037037037037037035,0.5333333333333333,0.04938271604938271,0.5333333333333333,0.04938271604938271,0.5333333333333333,0.04938271604938271,0.7333333333333333,0.06790123456790123,0.8,0.07407407407407407
HGST,LGBM,57,0.05,54,162,0.04916593503072871,0.14814814814814814,0.04938271604938271,0.2037037037037037,0.06790123456790123,0.24074074074074073,0.08024691358024691,0.24074074074074073,0.08024691358024691,0.37037037037037035,0.12345679012345678,0.48148148148148145,0.16049382716049382,0.5370370370370371,0.17901234567901234,0.7222222222222222,0.24074074074074073,0.8888888888888888,0.2962962962962963
HGST,LGBM,58,0.01,16,162,0.009657594381035996,0.125,0.012345679012345678,0.1875,0.018518518518518517,0.3125,0.030864197530864196,0.375,0.037037037037037035,0.4375,0.043209876543209874,0.4375,0.043209876543209874,0.5625,0.05555555555555555,0.6875,0.06790123456790123,0.875,0.08641975308641975
HGST,LGBM,58,0.05,52,162,0.043898156277436345,0.07692307692307693,0.024691358024691357,0.15384615384615385,0.04938271604938271,0.25,0.08024691358024691,0.2692307692307692,0.08641975308641975,0.3269230769230769,0.10493827160493827,0.46153846153846156,0.14814814814814814,0.5384615384615384,0.1728395061728395,0.6923076923076923,0.2222222222222222,0.8846153846153846,0.2839506172839506
HGST,LGBM,59,0.01,15,162,0.009657594381035996,0.13333333333333333,0.012345679012345678,0.13333333333333333,0.012345679012345678,0.13333333333333333,0.012345679012345678,0.3333333333333333,0.030864197530864196,0.4,0.037037037037037035,0.4666666666666667,0.043209876543209874,0.5333333333333333,0.04938271604938271,0.8666666666666667,0.08024691358024691,0.9333333333333333,0.08641975308641975
HGST,LGBM,59,0.05,47,162,0.048287971905179985,0.02127659574468085,0.006172839506172839,0.0425531914893617,0.012345679012345678,0.0425531914893617,0.012345679012345678,0.1276595744680851,0.037037037037037035,0.19148936170212766,0.05555555555555555,0.3617021276595745,0.10493827160493827,0.425531914893617,0.12345679012345678,0.7021276595744681,0.2037037037037037,0.8085106382978723,0.2345679012345679
HGST,LGBM,60,0.01,15,162,0.009657594381035996,0.06666666666666667,0.006172839506172839,0.13333333333333333,0.012345679012345678,0.2,0.018518518518518517,0.3333333333333333,0.030864197530864196,0.4,0.037037037037037035,0.5333333333333333,0.04938271604938271,0.6666666666666666,0.06172839506172839,0.9333333333333333,0.08641975308641975,0.9333333333333333,0.08641975308641975
HGST,LGBM,60,0.05,53,162,0.04916593503072871,0.07547169811320754,0.024691358024691357,0.1320754716981132,0.043209876543209874,0.22641509433962265,0.07407407407407407,0.2830188679245283,0.09259259259259259,0.41509433962264153,0.13580246913580246,0.5283018867924528,0.1728395061728395,0.5849056603773585,0.19135802469135801,0.7735849056603774,0.25308641975308643,0.8490566037735849,0.2777777777777778
HGST,LGBM,61,0.01,17,162,0.009657594381035996,0.23529411764705882,0.024691358024691357,0.23529411764705882,0.024691358024691357,0.29411764705882354,0.030864197530864196,0.4117647058823529,0.043209876543209874,0.47058823529411764,0.04938271604938271,0.5294117647058824,0.05555555555555555,0.5882352941176471,0.06172839506172839,0.8823529411764706,0.09259259259259259,1.0,0.10493827160493827
HGST,LGBM,61,0.05,49,162,0.04916593503072871,0.12244897959183673,0.037037037037037035,0.16326530612244897,0.04938271604938271,0.1836734693877551,0.05555555555555555,0.24489795918367346,0.07407407407407407,0.3877551020408163,0.11728395061728394,0.5306122448979592,0.16049382716049382,0.5918367346938775,0.17901234567901234,0.7142857142857143,0.21604938271604937,0.9183673469387755,0.2777777777777778
HGST,LGBM,62,0.01,10,162,0.007901668129938543,0.1,0.006172839506172839,0.2,0.012345679012345678,0.2,0.012345679012345678,0.5,0.030864197530864196,0.6,0.037037037037037035,0.8,0.04938271604938271,0.8,0.04938271604938271,0.8,0.04938271604938271,0.9,0.05555555555555555
HGST,LGBM,62,0.05,30,162,0.030728709394205442,0.06666666666666667,0.012345679012345678,0.16666666666666666,0.030864197530864196,0.23333333333333334,0.043209876543209874,0.3333333333333333,0.06172839506172839,0.4,0.07407407407407407,0.5666666666666667,0.10493827160493827,0.6333333333333333,0.11728395061728394,0.7,0.12962962962962962,0.9,0.16666666666666666
HGST,LGBM,63,0.01,15,162,0.009657594381035996,0.13333333333333333,0.012345679012345678,0.26666666666666666,0.024691358024691357,0.4,0.037037037037037035,0.4666666666666667,0.043209876543209874,0.4666666666666667,0.043209876543209874,0.6,0.05555555555555555,0.6666666666666666,0.06172839506172839,0.7333333333333333,0.06790123456790123,0.9333333333333333,0.08641975308641975
HGST,LGBM,63,0.05,50,162,0.04916593503072871,0.04,0.012345679012345678,0.04,0.012345679012345678,0.08,0.024691358024691357,0.16,0.04938271604938271,0.24,0.07407407407407407,0.38,0.11728395061728394,0.52,0.16049382716049382,0.64,0.19753086419753085,0.8,0.24691358024691357
HGST,LGBM,64,0.01,18,162,0.009657594381035996,0.05555555555555555,0.006172839506172839,0.1111111111111111,0.012345679012345678,0.2222222222222222,0.024691358024691357,0.2777777777777778,0.030864197530864196,0.3888888888888889,0.043209876543209874,0.4444444444444444,0.04938271604938271,0.5555555555555556,0.06172839506172839,0.7777777777777778,0.08641975308641975,0.8333333333333334,0.09259259259259259
HGST,LGBM,64,0.05,48,162,0.04916593503072871,0.08333333333333333,0.024691358024691357,0.125,0.037037037037037035,0.16666666666666666,0.04938271604938271,0.20833333333333334,0.06172839506172839,0.2916666666666667,0.08641975308641975,0.4166666666666667,0.12345679012345678,0.4583333333333333,0.13580246913580246,0.6458333333333334,0.19135802469135801,0.8333333333333334,0.24691358024691357
HGST,LGBM,65,0.05,47,162,0.04916593503072871,0.1276595744680851,0.037037037037037035,0.14893617021276595,0.043209876543209874,0.23404255319148937,0.06790123456790123,0.2765957446808511,0.08024691358024691,0.425531914893617,0.12345679012345678,0.5106382978723404,0.14814814814814814,0.574468085106383,0.16666666666666666,0.723404255319149,0.20987654320987653,0.8297872340425532,0.24074074074074073
HGST,LGBM,66,0.01,15,162,0.009657594381035996,0.06666666666666667,0.006172839506172839,0.06666666666666667,0.006172839506172839,0.2,0.018518518518518517,0.3333333333333333,0.030864197530864196,0.3333333333333333,0.030864197530864196,0.4666666666666667,0.043209876543209874,0.5333333333333333,0.04938271604938271,0.8666666666666667,0.08024691358024691,1.0,0.09259259259259259
HGST,LGBM,66,0.05,54,162,0.04916593503072871,0.1111111111111111,0.037037037037037035,0.12962962962962962,0.043209876543209874,0.18518518518518517,0.06172839506172839,0.24074074074074073,0.08024691358024691,0.2777777777777778,0.09259259259259259,0.48148148148148145,0.16049382716049382,0.5185185185185185,0.1728395061728395,0.7962962962962963,0.2654320987654321,0.8888888888888888,0.2962962962962963
HGST,LGBM,67,0.01,16,162,0.009657594381035996,0.125,0.012345679012345678,0.125,0.012345679012345678,0.1875,0.018518518518518517,0.375,0.037037037037037035,0.5,0.04938271604938271,0.5625,0.05555555555555555,0.625,0.06172839506172839,0.6875,0.06790123456790123,0.9375,0.09259259259259259
HGST,LGBM,67,0.05,48,162,0.04741000877963126,0.10416666666666667,0.030864197530864196,0.10416666666666667,0.030864197530864196,0.1875,0.05555555555555555,0.20833333333333334,0.06172839506172839,0.2708333333333333,0.08024691358024691,0.4166666666666667,0.12345679012345678,0.4583333333333333,0.13580246913580246,0.6458333333333334,0.19135802469135801,0.7708333333333334,0.22839506172839505
HGST,LGBM,68,0.01,17,162,0.009657594381035996,0.17647058823529413,0.018518518518518517,0.23529411764705882,0.024691358024691357,0.29411764705882354,0.030864197530864196,0.35294117647058826,0.037037037037037035,0.4117647058823529,0.043209876543209874,0.47058823529411764,0.04938271604938271,0.5882352941176471,0.06172839506172839,0.8823529411764706,0.09259259259259259,0.9411764705882353,0.09876543209876543
HGST,LGBM,68,0.05,43,162,0.04916593503072871,0.0,0.0,0.0,0.0,0.023255813953488372,0.006172839506172839,0.09302325581395349,0.024691358024691357,0.16279069767441862,0.043209876543209874,0.3023255813953488,0.08024691358024691,0.3488372093023256,0.09259259259259259,0.5581395348837209,0.14814814814814814,0.7674418604651163,0.2037037037037037
HGST,LGBM,69,0.01,17,162,0.009657594381035996,0.23529411764705882,0.024691358024691357,0.23529411764705882,0.024691358024691357,0.29411764705882354,0.030864197530864196,0.29411764705882354,0.030864197530864196,0.4117647058823529,0.043209876543209874,0.47058823529411764,0.04938271604938271,0.5294117647058824,0.05555555555555555,0.7647058823529411,0.08024691358024691,0.8823529411764706,0.09259259259259259
HGST,LGBM,69,0.05,60,162,0.048287971905179985,0.13333333333333333,0.04938271604938271,0.18333333333333332,0.06790123456790123,0.26666666666666666,0.09876543209876543,0.3333333333333333,0.12345679012345678,0.4166666666666667,0.15432098765432098,0.5166666666666667,0.19135802469135801,0.5666666666666667,0.20987654320987653,0.7,0.25925925925925924,0.8666666666666667,0.32098765432098764
HGST,LGBM,70,0.01,21,162,0.009657594381035996,0.14285714285714285,0.018518518518518517,0.23809523809523808,0.030864197530864196,0.2857142857142857,0.037037037037037035,0.38095238095238093,0.04938271604938271,0.47619047619047616,0.06172839506172839,0.5714285714285714,0.07407407407407407,0.6666666666666666,0.08641975308641975,0.7619047619047619,0.09876543209876543,0.9047619047619048,0.11728395061728394
HGST,LGBM,70,0.05,43,162,0.043898156277436345,0.11627906976744186,0.030864197530864196,0.20930232558139536,0.05555555555555555,0.27906976744186046,0.07407407407407407,0.3023255813953488,0.08024691358024691,0.37209302325581395,0.09876543209876543,0.5348837209302325,0.1419753086419753,0.627906976744186,0.16666666666666666,0.7441860465116279,0.19753086419753085,0.8837209302325582,0.2345679012345679
HGST,LGBM,71,0.01,10,162,0.00877963125548727,0.0,0.0,0.1,0.006172839506172839,0.2,0.012345679012345678,0.3,0.018518518518518517,0.4,0.024691358024691357,0.5,0.030864197530864196,0.5,0.030864197530864196,0.8,0.04938271604938271,1.0,0.06172839506172839
HGST,LGBM,71,0.05,55,162,0.04916593503072871,0.09090909090909091,0.030864197530864196,0.12727272727272726,0.043209876543209874,0.18181818181818182,0.06172839506172839,0.18181818181818182,0.06172839506172839,0.2545454545454545,0.08641975308641975,0.34545454545454546,0.11728395061728394,0.41818181818181815,0.1419753086419753,0.6909090909090909,0.2345679012345679,0.8545454545454545,0.29012345679012347
HGST,XGB,42,0.01,12,162,0.007023705004389816,0.25,0.018518518518518517,0.4166666666666667,0.030864197530864196,0.4166666666666667,0.030864197530864196,0.5,0.037037037037037035,0.5833333333333334,0.043209876543209874,0.6666666666666666,0.04938271604938271,0.6666666666666666,0.04938271604938271,0.8333333333333334,0.06172839506172839,1.0,0.07407407407407407
HGST,XGB,42,0.05,60,162,0.04916593503072871,0.16666666666666666,0.06172839506172839,0.21666666666666667,0.08024691358024691,0.21666666666666667,0.08024691358024691,0.26666666666666666,0.09876543209876543,0.36666666666666664,0.13580246913580246,0.45,0.16666666666666666,0.5333333333333333,0.19753086419753085,0.75,0.2777777777777778,0.8666666666666667,0.32098765432098764
HGST,XGB,43,0.01,17,162,0.009657594381035996,0.17647058823529413,0.018518518518518517,0.23529411764705882,0.024691358024691357,0.29411764705882354,0.030864197530864196,0.35294117647058826,0.037037037037037035,0.4117647058823529,0.043209876543209874,0.5294117647058824,0.05555555555555555,0.5882352941176471,0.06172839506172839,0.7647058823529411,0.08024691358024691,0.8823529411764706,0.09259259259259259
HGST,XGB,43,0.05,54,162,0.04916593503072871,0.09259259259259259,0.030864197530864196,0.12962962962962962,0.043209876543209874,0.16666666666666666,0.05555555555555555,0.16666666666666666,0.05555555555555555,0.2777777777777778,0.09259259259259259,0.42592592592592593,0.1419753086419753,0.5185185185185185,0.1728395061728395,0.6296296296296297,0.20987654320987653,0.8148148148148148,0.2716049382716049
HGST,XGB,44,0.01,17,162,0.009657594381035996,0.23529411764705882,0.024691358024691357,0.4117647058823529,0.043209876543209874,0.4117647058823529,0.043209876543209874,0.47058823529411764,0.04938271604938271,0.5294117647058824,0.05555555555555555,0.7058823529411765,0.07407407407407407,0.7058823529411765,0.07407407407407407,0.8235294117647058,0.08641975308641975,0.9411764705882353,0.09876543209876543
HGST,XGB,44,0.05,57,162,0.04916593503072871,0.12280701754385964,0.043209876543209874,0.15789473684210525,0.05555555555555555,0.21052631578947367,0.07407407407407407,0.2982456140350877,0.10493827160493827,0.3508771929824561,0.12345679012345678,0.5087719298245614,0.17901234567901234,0.5789473684210527,0.2037037037037037,0.7368421052631579,0.25925925925925924,0.8947368421052632,0.3148148148148148
HGST,XGB,45,0.01,9,162,0.003511852502194908,0.1111111111111111,0.006172839506172839,0.2222222222222222,0.012345679012345678,0.3333333333333333,0.018518518518518517,0.4444444444444444,0.024691358024691357,0.5555555555555556,0.030864197530864196,0.6666666666666666,0.037037037037037035,0.6666666666666666,0.037037037037037035,1.0,0.05555555555555555,1.0,0.05555555555555555
HGST,XGB,45,0.05,49,162,0.04741000877963126,0.08163265306122448,0.024691358024691357,0.12244897959183673,0.037037037037037035,0.14285714285714285,0.043209876543209874,0.16326530612244897,0.04938271604938271,0.2653061224489796,0.08024691358024691,0.3673469387755102,0.1111111111111111,0.4489795918367347,0.13580246913580246,0.6326530612244898,0.19135802469135801,0.8571428571428571,0.25925925925925924
HGST,XGB,46,0.01,14,162,0.00877963125548727,0.07142857142857142,0.006172839506172839,0.14285714285714285,0.012345679012345678,0.2857142857142857,0.024691358024691357,0.35714285714285715,0.030864197530864196,0.42857142857142855,0.037037037037037035,0.5714285714285714,0.04938271604938271,0.6428571428571429,0.05555555555555555,0.7857142857142857,0.06790123456790123,1.0,0.08641975308641975
HGST,XGB,46,0.05,56,162,0.04916593503072871,0.07142857142857142,0.024691358024691357,0.125,0.043209876543209874,0.14285714285714285,0.04938271604938271,0.17857142857142858,0.06172839506172839,0.26785714285714285,0.09259259259259259,0.42857142857142855,0.14814814814814814,0.5357142857142857,0.18518518518518517,0.6607142857142857,0.22839506172839505,0.8392857142857143,0.29012345679012347
HGST,XGB,47,0.01,19,162,0.00877963125548727,0.21052631578947367,0.024691358024691357,0.3157894736842105,0.037037037037037035,0.3157894736842105,0.037037037037037035,0.42105263157894735,0.04938271604938271,0.47368421052631576,0.05555555555555555,0.5789473684210527,0.06790123456790123,0.6842105263157895,0.08024691358024691,0.8947368421052632,0.10493827160493827,1.0,0.11728395061728394
HGST,XGB,47,0.05,56,162,0.04916593503072871,0.125,0.043209876543209874,0.16071428571428573,0.05555555555555555,0.19642857142857142,0.06790123456790123,0.26785714285714285,0.09259259259259259,0.3392857142857143,0.11728395061728394,0.4642857142857143,0.16049382716049382,0.5357142857142857,0.18518518518518517,0.7678571428571429,0.2654320987654321,0.9285714285714286,0.32098765432098764
HGST,XGB,48,0.01,18,162,0.009657594381035996,0.2222222222222222,0.024691358024691357,0.3333333333333333,0.037037037037037035,0.4444444444444444,0.04938271604938271,0.5,0.05555555555555555,0.5555555555555556,0.06172839506172839,0.6666666666666666,0.07407407407407407,0.7222222222222222,0.08024691358024691,0.8888888888888888,0.09876543209876543,0.9444444444444444,0.10493827160493827
HGST,XGB,48,0.05,49,162,0.04916593503072871,0.061224489795918366,0.018518518518518517,0.10204081632653061,0.030864197530864196,0.14285714285714285,0.043209876543209874,0.16326530612244897,0.04938271604938271,0.24489795918367346,0.07407407407407407,0.40816326530612246,0.12345679012345678,0.5102040816326531,0.15432098765432098,0.6326530612244898,0.19135802469135801,0.8163265306122449,0.24691358024691357
HGST,XGB,49,0.01,13,162,0.00877963125548727,0.15384615384615385,0.012345679012345678,0.23076923076923078,0.018518518518518517,0.3076923076923077,0.024691358024691357,0.3076923076923077,0.024691358024691357,0.38461538461538464,0.030864197530864196,0.46153846153846156,0.037037037037037035,0.46153846153846156,0.037037037037037035,0.7692307692307693,0.06172839506172839,0.8461538461538461,0.06790123456790123
HGST,XGB,49,0.05,48,162,0.048287971905179985,0.041666666666666664,0.012345679012345678,0.041666666666666664,0.012345679012345678,0.0625,0.018518518518518517,0.125,0.037037037037037035,0.22916666666666666,0.06790123456790123,0.3541666666666667,0.10493827160493827,0.4791666666666667,0.1419753086419753,0.6458333333333334,0.19135802469135801,0.7916666666666666,0.2345679012345679
HGST,XGB,50,0.01,18,162,0.009657594381035996,0.2222222222222222,0.024691358024691357,0.3333333333333333,0.037037037037037035,0.4444444444444444,0.04938271604938271,0.4444444444444444,0.04938271604938271,0.5,0.05555555555555555,0.5555555555555556,0.06172839506172839,0.6111111111111112,0.06790123456790123,0.7777777777777778,0.08641975308641975,0.8888888888888888,0.09876543209876543
HGST,XGB,50,0.05,55,162,0.04916593503072871,0.09090909090909091,0.030864197530864196,0.10909090909090909,0.037037037037037035,0.12727272727272726,0.043209876543209874,0.16363636363636364,0.05555555555555555,0.2727272727272727,0.09259259259259259,0.43636363636363634,0.14814814814814814,0.5454545454545454,0.18518518518518517,0.7090909090909091,0.24074074074074073,0.8363636363636363,0.2839506172839506
HGST,XGB,51,0.01,13,162,0.009657594381035996,0.38461538461538464,0.030864197530864196,0.5384615384615384,0.043209876543209874,0.6153846153846154,0.04938271604938271,0.6153846153846154,0.04938271604938271,0.6153846153846154,0.04938271604938271,0.7692307692307693,0.06172839506172839,0.8461538461538461,0.06790123456790123,0.8461538461538461,0.06790123456790123,0.9230769230769231,0.07407407407407407
HGST,XGB,51,0.05,51,162,0.04916593503072871,0.09803921568627451,0.030864197530864196,0.1568627450980392,0.04938271604938271,0.19607843137254902,0.06172839506172839,0.23529411764705882,0.07407407407407407,0.2549019607843137,0.08024691358024691,0.45098039215686275,0.1419753086419753,0.5490196078431373,0.1728395061728395,0.6862745098039216,0.21604938271604937,0.8627450980392157,0.2716049382716049
HGST,XGB,52,0.01,12,162,0.009657594381035996,0.3333333333333333,0.024691358024691357,0.4166666666666667,0.030864197530864196,0.5833333333333334,0.043209876543209874,0.5833333333333334,0.043209876543209874,0.6666666666666666,0.04938271604938271,0.75,0.05555555555555555,0.8333333333333334,0.06172839506172839,0.8333333333333334,0.06172839506172839,0.9166666666666666,0.06790123456790123
HGST,XGB,52,0.05,51,162,0.04916593503072871,0.0784313725490196,0.024691358024691357,0.1568627450980392,0.04938271604938271,0.19607843137254902,0.06172839506172839,0.21568627450980393,0.06790123456790123,0.27450980392156865,0.08641975308641975,0.47058823529411764,0.14814814814814814,0.5686274509803921,0.17901234567901234,0.7254901960784313,0.22839506172839505,0.8627450980392157,0.2716049382716049
HGST,XGB,53,0.01,13,162,0.009657594381035996,0.15384615384615385,0.012345679012345678,0.15384615384615385,0.012345679012345678,0.3076923076923077,0.024691358024691357,0.38461538461538464,0.030864197530864196,0.5384615384615384,0.043209876543209874,0.6153846153846154,0.04938271604938271,0.6923076923076923,0.05555555555555555,0.7692307692307693,0.06172839506172839,0.9230769230769231,0.07407407407407407
HGST,XGB,53,0.05,50,162,0.04916593503072871,0.1,0.030864197530864196,0.14,0.043209876543209874,0.2,0.06172839506172839,0.22,0.06790123456790123,0.26,0.08024691358024691,0.4,0.12345679012345678,0.5,0.15432098765432098,0.68,0.20987654320987653,0.88,0.2716049382716049
HGST,XGB,54,0.01,13,162,0.009657594381035996,0.23076923076923078,0.018518518518518517,0.3076923076923077,0.024691358024691357,0.46153846153846156,0.037037037037037035,0.46153846153846156,0.037037037037037035,0.5384615384615384,0.043209876543209874,0.6923076923076923,0.05555555555555555,0.8461538461538461,0.06790123456790123,0.9230769230769231,0.07407407407407407,1.0,0.08024691358024691
HGST,XGB,54,0.05,51,162,0.04916593503072871,0.0784313725490196,0.024691358024691357,0.13725490196078433,0.043209876543209874,0.1568627450980392,0.04938271604938271,0.19607843137254902,0.06172839506172839,0.23529411764705882,0.07407407407407407,0.4117647058823529,0.12962962962962962,0.5294117647058824,0.16666666666666666,0.7254901960784313,0.22839506172839505,0.8823529411764706,0.2777777777777778
HGST,XGB,55,0.01,10,162,0.009657594381035996,0.2,0.012345679012345678,0.3,0.018518518518518517,0.3,0.018518518518518517,0.3,0.018518518518518517,0.3,0.018518518518518517,0.5,0.030864197530864196,0.6,0.037037037037037035,0.7,0.043209876543209874,0.9,0.05555555555555555
HGST,XGB,55,0.05,52,162,0.04916593503072871,0.15384615384615385,0.04938271604938271,0.17307692307692307,0.05555555555555555,0.19230769230769232,0.06172839506172839,0.23076923076923078,0.07407407407407407,0.3269230769230769,0.10493827160493827,0.40384615384615385,0.12962962962962962,0.5,0.16049382716049382,0.7115384615384616,0.22839506172839505,0.8461538461538461,0.2716049382716049
HGST,XGB,56,0.01,14,162,0.009657594381035996,0.2857142857142857,0.024691358024691357,0.42857142857142855,0.037037037037037035,0.42857142857142855,0.037037037037037035,0.42857142857142855,0.037037037037037035,0.6428571428571429,0.05555555555555555,0.7857142857142857,0.06790123456790123,0.7857142857142857,0.06790123456790123,0.7857142857142857,0.06790123456790123,0.8571428571428571,0.07407407407407407
HGST,XGB,56,0.05,52,162,0.04916593503072871,0.11538461538461539,0.037037037037037035,0.19230769230769232,0.06172839506172839,0.25,0.08024691358024691,0.3076923076923077,0.09876543209876543,0.3269230769230769,0.10493827160493827,0.4807692307692308,0.15432098765432098,0.5769230769230769,0.18518518518518517,0.7307692307692307,0.2345679012345679,0.9038461538461539,0.29012345679012347
HGST,XGB,57,0.01,19,162,0.009657594381035996,0.15789473684210525,0.018518518518518517,0.2631578947368421,0.030864197530864196,0.3157894736842105,0.037037037037037035,0.42105263157894735,0.04938271604938271,0.5263157894736842,0.06172839506172839,0.6842105263157895,0.08024691358024691,0.7894736842105263,0.09259259259259259,0.8947368421052632,0.10493827160493827,1.0,0.11728395061728394
HGST,XGB,57,0.05,50,162,0.04916593503072871,0.12,0.037037037037037035,0.18,0.05555555555555555,0.22,0.06790123456790123,0.24,0.07407407407407407,0.3,0.09259259259259259,0.46,0.1419753086419753,0.58,0.17901234567901234,0.68,0.20987654320987653,0.86,0.2654320987654321
HGST,XGB,58,0.01,12,162,0.00877963125548727,0.08333333333333333,0.006172839506172839,0.16666666666666666,0.012345679012345678,0.25,0.018518518518518517,0.25,0.018518518518518517,0.3333333333333333,0.024691358024691357,0.4166666666666667,0.030864197530864196,0.4166666666666667,0.030864197530864196,0.6666666666666666,0.04938271604938271,0.8333333333333334,0.06172839506172839
HGST,XGB,58,0.05,47,162,0.04916593503072871,0.02127659574468085,0.006172839506172839,0.0425531914893617,0.012345679012345678,0.0425531914893617,0.012345679012345678,0.10638297872340426,0.030864197530864196,0.2127659574468085,0.06172839506172839,0.3617021276595745,0.10493827160493827,0.48936170212765956,0.1419753086419753,0.6595744680851063,0.19135802469135801,0.8085106382978723,0.2345679012345679
HGST,XGB,59,0.01,9,162,0.009657594381035996,0.0,0.0,0.0,0.0,0.0,0.0,0.1111111111111111,0.006172839506172839,0.3333333333333333,0.018518518518518517,0.5555555555555556,0.030864197530864196,0.6666666666666666,0.037037037037037035,0.7777777777777778,0.043209876543209874,1.0,0.05555555555555555
HGST,XGB,59,0.05,37,162,0.0324846356453029,0.02702702702702703,0.006172839506172839,0.02702702702702703,0.006172839506172839,0.08108108108108109,0.018518518518518517,0.10810810810810811,0.024691358024691357,0.32432432432432434,0.07407407407407407,0.4594594594594595,0.10493827160493827,0.5405405405405406,0.12345679012345678,0.7027027027027027,0.16049382716049382,0.9459459459459459,0.21604938271604937
HGST,XGB,60,0.01,15,162,0.009657594381035996,0.26666666666666666,0.024691358024691357,0.26666666666666666,0.024691358024691357,0.3333333333333333,0.030864197530864196,0.4,0.037037037037037035,0.6,0.05555555555555555,0.6666666666666666,0.06172839506172839,0.6666666666666666,0.06172839506172839,0.8,0.07407407407407407,0.9333333333333333,0.08641975308641975
HGST,XGB,60,0.05,53,162,0.04916593503072871,0.09433962264150944,0.030864197530864196,0.11320754716981132,0.037037037037037035,0.16981132075471697,0.05555555555555555,0.20754716981132076,0.06790123456790123,0.33962264150943394,0.1111111111111111,0.49056603773584906,0.16049382716049382,0.5283018867924528,0.1728395061728395,0.7169811320754716,0.2345679012345679,0.8867924528301887,0.29012345679012347
HGST,XGB,61,0.01,13,162,0.006145741878841089,0.15384615384615385,0.012345679012345678,0.3076923076923077,0.024691358024691357,0.38461538461538464,0.030864197530864196,0.46153846153846156,0.037037037037037035,0.5384615384615384,0.043209876543209874,0.6153846153846154,0.04938271604938271,0.6923076923076923,0.05555555555555555,0.9230769230769231,0.07407407407407407,0.9230769230769231,0.07407407407407407
HGST,XGB,61,0.05,53,162,0.04916593503072871,0.07547169811320754,0.024691358024691357,0.11320754716981132,0.037037037037037035,0.1320754716981132,0.043209876543209874,0.1320754716981132,0.043209876543209874,0.24528301886792453,0.08024691358024691,0.39622641509433965,0.12962962962962962,0.49056603773584906,0.16049382716049382,0.6226415094339622,0.2037037037037037,0.8113207547169812,0.2654320987654321
HGST,XGB,62,0.01,14,162,0.009657594381035996,0.07142857142857142,0.006172839506172839,0.14285714285714285,0.012345679012345678,0.2857142857142857,0.024691358024691357,0.35714285714285715,0.030864197530864196,0.42857142857142855,0.037037037037037035,0.5,0.043209876543209874,0.5714285714285714,0.04938271604938271,0.7142857142857143,0.06172839506172839,1.0,0.08641975308641975
HGST,XGB,62,0.05,52,162,0.048287971905179985,0.07692307692307693,0.024691358024691357,0.11538461538461539,0.037037037037037035,0.1346153846153846,0.043209876543209874,0.15384615384615385,0.04938271604938271,0.23076923076923078,0.07407407407407407,0.40384615384615385,0.12962962962962962,0.5,0.16049382716049382,0.6153846153846154,0.19753086419753085,0.8076923076923077,0.25925925925925924
HGST,XGB,63,0.01,20,162,0.009657594381035996,0.15,0.018518518518518517,0.3,0.037037037037037035,0.4,0.04938271604938271,0.5,0.06172839506172839,0.6,0.07407407407407407,0.65,0.08024691358024691,0.7,0.08641975308641975,0.85,0.10493827160493827,0.9,0.1111111111111111
HGST,XGB,63,0.05,51,162,0.04916593503072871,0.11764705882352941,0.037037037037037035,0.1568627450980392,0.04938271604938271,0.17647058823529413,0.05555555555555555,0.19607843137254902,0.06172839506172839,0.29411764705882354,0.09259259259259259,0.43137254901960786,0.13580246913580246,0.5098039215686274,0.16049382716049382,0.6862745098039216,0.21604938271604937,0.8823529411764706,0.2777777777777778
HGST,XGB,64,0.01,14,162,0.009657594381035996,0.2857142857142857,0.024691358024691357,0.2857142857142857,0.024691358024691357,0.2857142857142857,0.024691358024691357,0.35714285714285715,0.030864197530864196,0.5,0.043209876543209874,0.6428571428571429,0.05555555555555555,0.6428571428571429,0.05555555555555555,0.7857142857142857,0.06790123456790123,1.0,0.08641975308641975
HGST,XGB,64,0.05,47,162,0.04916593503072871,0.06382978723404255,0.018518518518518517,0.10638297872340426,0.030864197530864196,0.14893617021276595,0.043209876543209874,0.1702127659574468,0.04938271604938271,0.2553191489361702,0.07407407407407407,0.3829787234042553,0.1111111111111111,0.5106382978723404,0.14814814814814814,0.6808510638297872,0.19753086419753085,0.8723404255319149,0.25308641975308643
HGST,XGB,65,0.01,18,162,0.009657594381035996,0.3333333333333333,0.037037037037037035,0.3333333333333333,0.037037037037037035,0.3888888888888889,0.043209876543209874,0.4444444444444444,0.04938271604938271,0.5555555555555556,0.06172839506172839,0.7222222222222222,0.08024691358024691,0.7777777777777778,0.08641975308641975,0.8888888888888888,0.09876543209876543,1.0,0.1111111111111111
HGST,XGB,65,0.05,53,162,0.04916593503072871,0.05660377358490566,0.018518518518518517,0.09433962264150944,0.030864197530864196,0.11320754716981132,0.037037037037037035,0.1320754716981132,0.043209876543209874,0.22641509433962265,0.07407407407407407,0.37735849056603776,0.12345679012345678,0.5094339622641509,0.16666666666666666,0.660377358490566,0.21604938271604937,0.8301886792452831,0.2716049382716049
HGST,XGB,66,0.01,11,162,0.009657594381035996,0.18181818181818182,0.012345679012345678,0.2727272727272727,0.018518518518518517,0.36363636363636365,0.024691358024691357,0.45454545454545453,0.030864197530864196,0.45454545454545453,0.030864197530864196,0.7272727272727273,0.04938271604938271,0.8181818181818182,0.05555555555555555,0.8181818181818182,0.05555555555555555,0.9090909090909091,0.06172839506172839
HGST,XGB,66,0.05,49,162,0.04916593503072871,0.061224489795918366,0.018518518518518517,0.14285714285714285,0.043209876543209874,0.1836734693877551,0.05555555555555555,0.20408163265306123,0.06172839506172839,0.22448979591836735,0.06790123456790123,0.42857142857142855,0.12962962962962962,0.5510204081632653,0.16666666666666666,0.6938775510204082,0.20987654320987653,0.8367346938775511,0.25308641975308643
HGST,XGB,67,0.01,14,162,0.009657594381035996,0.21428571428571427,0.018518518518518517,0.21428571428571427,0.018518518518518517,0.2857142857142857,0.024691358024691357,0.35714285714285715,0.030864197530864196,0.42857142857142855,0.037037037037037035,0.5714285714285714,0.04938271604938271,0.6428571428571429,0.05555555555555555,0.7857142857142857,0.06790123456790123,0.9285714285714286,0.08024691358024691
HGST,XGB,67,0.05,53,162,0.04916593503072871,0.07547169811320754,0.024691358024691357,0.11320754716981132,0.037037037037037035,0.1320754716981132,0.043209876543209874,0.1509433962264151,0.04938271604938271,0.24528301886792453,0.08024691358024691,0.41509433962264153,0.13580246913580246,0.5283018867924528,0.1728395061728395,0.660377358490566,0.21604938271604937,0.8301886792452831,0.2716049382716049
HGST,XGB,68,0.01,17,162,0.009657594381035996,0.17647058823529413,0.018518518518518517,0.23529411764705882,0.024691358024691357,0.35294117647058826,0.037037037037037035,0.4117647058823529,0.043209876543209874,0.47058823529411764,0.04938271604938271,0.5882352941176471,0.06172839506172839,0.6470588235294118,0.06790123456790123,0.7647058823529411,0.08024691358024691,1.0,0.10493827160493827
HGST,XGB,68,0.05,53,162,0.04916593503072871,0.07547169811320754,0.024691358024691357,0.11320754716981132,0.037037037037037035,0.1320754716981132,0.043209876543209874,0.1320754716981132,0.043209876543209874,0.22641509433962265,0.07407407407407407,0.39622641509433965,0.12962962962962962,0.5094339622641509,0.16666666666666666,0.6415094339622641,0.20987654320987653,0.8113207547169812,0.2654320987654321
HGST,XGB,69,0.01,8,162,0.00877963125548727,0.0,0.0,0.0,0.0,0.0,0.0,0.0,0.0,0.125,0.006172839506172839,0.375,0.018518518518518517,0.5,0.024691358024691357,0.5,0.024691358024691357,0.75,0.037037037037037035
HGST,XGB,69,0.05,47,162,0.04741000877963126,0.0851063829787234,0.024691358024691357,0.10638297872340426,0.030864197530864196,0.14893617021276595,0.043209876543209874,0.1702127659574468,0.04938271604938271,0.2978723404255319,0.08641975308641975,0.46808510638297873,0.13580246913580246,0.5957446808510638,0.1728395061728395,0.7446808510638298,0.21604938271604937,0.8936170212765957,0.25925925925925924
HGST,XGB,70,0.01,14,162,0.009657594381035996,0.14285714285714285,0.012345679012345678,0.14285714285714285,0.012345679012345678,0.21428571428571427,0.018518518518518517,0.2857142857142857,0.024691358024691357,0.35714285714285715,0.030864197530864196,0.5,0.043209876543209874,0.6428571428571429,0.05555555555555555,0.8571428571428571,0.07407407407407407,0.9285714285714286,0.08024691358024691
HGST,XGB,70,0.05,54,162,0.04916593503072871,0.07407407407407407,0.024691358024691357,0.1111111111111111,0.037037037037037035,0.12962962962962962,0.043209876543209874,0.14814814814814814,0.04938271604938271,0.25925925925925924,0.08641975308641975,0.4074074074074074,0.13580246913580246,0.5185185185185185,0.1728395061728395,0.6666666666666666,0.2222222222222222,0.8333333333333334,0.2777777777777778
HGST,XGB,71,0.01,18,162,0.009657594381035996,0.16666666666666666,0.018518518518518517,0.2222222222222222,0.024691358024691357,0.2777777777777778,0.030864197530864196,0.4444444444444444,0.04938271604938271,0.5555555555555556,0.06172839506172839,0.7222222222222222,0.08024691358024691,0.7777777777777778,0.08641975308641975,0.9444444444444444,0.10493827160493827,1.0,0.1111111111111111
HGST,XGB,71,0.05,57,162,0.04916593503072871,0.12280701754385964,0.043209876543209874,0.15789473684210525,0.05555555555555555,0.19298245614035087,0.06790123456790123,0.2807017543859649,0.09876543209876543,0.3684210526315789,0.12962962962962962,0.49122807017543857,0.1728395061728395,0.5789473684210527,0.2037037037037037,0.7368421052631579,0.25925925925925924,0.8947368421052632,0.3148148148148148
HGST,LSTM,42,0.01,23,162,0.009657594381035996,0.30434782608695654,0.043209876543209874,0.391304347826087,0.05555555555555555,0.5217391304347826,0.07407407407407407,0.5217391304347826,0.07407407407407407,0.6521739130434783,0.09259259259259259,0.6956521739130435,0.09876543209876543,0.7391304347826086,0.10493827160493827,0.8695652173913043,0.12345679012345678,0.9565217391304348,0.13580246913580246
HGST,LSTM,42,0.05,61,162,0.04916593503072871,0.06557377049180328,0.024691358024691357,0.06557377049180328,0.024691358024691357,0.14754098360655737,0.05555555555555555,0.2459016393442623,0.09259259259259259,0.36065573770491804,0.13580246913580246,0.45901639344262296,0.1728395061728395,0.5245901639344263,0.19753086419753085,0.7377049180327869,0.2777777777777778,0.9016393442622951,0.3395061728395062
HGST,LSTM,43,0.01,26,162,0.009657594381035996,0.34615384615384615,0.05555555555555555,0.38461538461538464,0.06172839506172839,0.5769230769230769,0.09259259259259259,0.5769230769230769,0.09259259259259259,0.6923076923076923,0.1111111111111111,0.8076923076923077,0.12962962962962962,0.8461538461538461,0.13580246913580246,0.9615384615384616,0.15432098765432098,0.9615384615384616,0.15432098765432098
HGST,LSTM,43,0.05,60,162,0.04916593503072871,0.06666666666666667,0.024691358024691357,0.08333333333333333,0.030864197530864196,0.11666666666666667,0.043209876543209874,0.23333333333333334,0.08641975308641975,0.31666666666666665,0.11728395061728394,0.43333333333333335,0.16049382716049382,0.5166666666666667,0.19135802469135801,0.6666666666666666,0.24691358024691357,0.8333333333333334,0.30864197530864196
HGST,LSTM,44,0.01,23,162,0.009657594381035996,0.30434782608695654,0.043209876543209874,0.391304347826087,0.05555555555555555,0.4782608695652174,0.06790123456790123,0.5217391304347826,0.07407407407407407,0.6521739130434783,0.09259259259259259,0.7391304347826086,0.10493827160493827,0.7391304347826086,0.10493827160493827,0.9130434782608695,0.12962962962962962,0.9565217391304348,0.13580246913580246
HGST,LSTM,44,0.05,62,162,0.04916593503072871,0.16129032258064516,0.06172839506172839,0.1774193548387097,0.06790123456790123,0.22580645161290322,0.08641975308641975,0.2903225806451613,0.1111111111111111,0.3548387096774194,0.13580246913580246,0.5,0.19135802469135801,0.5483870967741935,0.20987654320987653,0.6774193548387096,0.25925925925925924,0.8225806451612904,0.3148148148148148
HGST,LSTM,45,0.01,21,162,0.009657594381035996,0.3333333333333333,0.043209876543209874,0.38095238095238093,0.04938271604938271,0.42857142857142855,0.05555555555555555,0.47619047619047616,0.06172839506172839,0.6666666666666666,0.08641975308641975,0.7619047619047619,0.09876543209876543,0.7619047619047619,0.09876543209876543,0.8571428571428571,0.1111111111111111,0.9523809523809523,0.12345679012345678
HGST,LSTM,45,0.05,59,162,0.04916593503072871,0.13559322033898305,0.04938271604938271,0.15254237288135594,0.05555555555555555,0.1864406779661017,0.06790123456790123,0.2711864406779661,0.09876543209876543,0.3728813559322034,0.13580246913580246,0.4915254237288136,0.17901234567901234,0.559322033898305,0.2037037037037037,0.6779661016949152,0.24691358024691357,0.8813559322033898,0.32098765432098764
HGST,LSTM,46,0.01,24,162,0.009657594381035996,0.20833333333333334,0.030864197530864196,0.2916666666666667,0.043209876543209874,0.5,0.07407407407407407,0.5416666666666666,0.08024691358024691,0.6666666666666666,0.09876543209876543,0.75,0.1111111111111111,0.7916666666666666,0.11728395061728394,0.9166666666666666,0.13580246913580246,0.9583333333333334,0.1419753086419753
HGST,LSTM,46,0.05,57,162,0.04916593503072871,0.05263157894736842,0.018518518518518517,0.07017543859649122,0.024691358024691357,0.08771929824561403,0.030864197530864196,0.15789473684210525,0.05555555555555555,0.2631578947368421,0.09259259259259259,0.43859649122807015,0.15432098765432098,0.5263157894736842,0.18518518518518517,0.7017543859649122,0.24691358024691357,0.8596491228070176,0.30246913580246915
HGST,LSTM,47,0.01,22,162,0.009657594381035996,0.2727272727272727,0.037037037037037035,0.36363636363636365,0.04938271604938271,0.5454545454545454,0.07407407407407407,0.5454545454545454,0.07407407407407407,0.6363636363636364,0.08641975308641975,0.7272727272727273,0.09876543209876543,0.7727272727272727,0.10493827160493827,0.9090909090909091,0.12345679012345678,0.9545454545454546,0.12962962962962962
HGST,LSTM,47,0.05,63,162,0.04916593503072871,0.1111111111111111,0.043209876543209874,0.12698412698412698,0.04938271604938271,0.19047619047619047,0.07407407407407407,0.2857142857142857,0.1111111111111111,0.3492063492063492,0.13580246913580246,0.4444444444444444,0.1728395061728395,0.5396825396825397,0.20987654320987653,0.6825396825396826,0.2654320987654321,0.8571428571428571,0.3333333333333333
HGST,LSTM,48,0.01,26,162,0.009657594381035996,0.23076923076923078,0.037037037037037035,0.34615384615384615,0.05555555555555555,0.5,0.08024691358024691,0.5769230769230769,0.09259259259259259,0.6923076923076923,0.1111111111111111,0.7692307692307693,0.12345679012345678,0.8076923076923077,0.12962962962962962,0.8846153846153846,0.1419753086419753,0.9615384615384616,0.15432098765432098
HGST,LSTM,48,0.05,61,162,0.04916593503072871,0.04918032786885246,0.018518518518518517,0.04918032786885246,0.018518518518518517,0.11475409836065574,0.043209876543209874,0.19672131147540983,0.07407407407407407,0.29508196721311475,0.1111111111111111,0.4098360655737705,0.15432098765432098,0.45901639344262296,0.1728395061728395,0.6557377049180327,0.24691358024691357,0.8524590163934426,0.32098765432098764
HGST,LSTM,49,0.01,24,162,0.009657594381035996,0.4166666666666667,0.06172839506172839,0.4583333333333333,0.06790123456790123,0.5416666666666666,0.08024691358024691,0.5416666666666666,0.08024691358024691,0.6666666666666666,0.09876543209876543,0.75,0.1111111111111111,0.7916666666666666,0.11728395061728394,0.875,0.12962962962962962,0.9166666666666666,0.13580246913580246
HGST,LSTM,49,0.05,60,162,0.04916593503072871,0.1,0.037037037037037035,0.13333333333333333,0.04938271604938271,0.16666666666666666,0.06172839506172839,0.25,0.09259259259259259,0.3,0.1111111111111111,0.4166666666666667,0.15432098765432098,0.5166666666666667,0.19135802469135801,0.6666666666666666,0.24691358024691357,0.8833333333333333,0.3271604938271605
HGST,LSTM,50,0.01,22,162,0.009657594381035996,0.22727272727272727,0.030864197530864196,0.2727272727272727,0.037037037037037035,0.45454545454545453,0.06172839506172839,0.45454545454545453,0.06172839506172839,0.6363636363636364,0.08641975308641975,0.6818181818181818,0.09259259259259259,0.7272727272727273,0.09876543209876543,0.9090909090909091,0.12345679012345678,0.9545454545454546,0.12962962962962962
HGST,LSTM,50,0.05,56,162,0.04916593503072871,0.08928571428571429,0.030864197530864196,0.10714285714285714,0.037037037037037035,0.14285714285714285,0.04938271604938271,0.19642857142857142,0.06790123456790123,0.25,0.08641975308641975,0.42857142857142855,0.14814814814814814,0.5535714285714286,0.19135802469135801,0.7321428571428571,0.25308641975308643,0.875,0.30246913580246915
HGST,LSTM,51,0.01,27,162,0.009657594381035996,0.25925925925925924,0.043209876543209874,0.37037037037037035,0.06172839506172839,0.5185185185185185,0.08641975308641975,0.5555555555555556,0.09259259259259259,0.6666666666666666,0.1111111111111111,0.7037037037037037,0.11728395061728394,0.7407407407407407,0.12345679012345678,0.8888888888888888,0.14814814814814814,0.9629629629629629,0.16049382716049382
HGST,LSTM,51,0.05,59,162,0.04916593503072871,0.15254237288135594,0.05555555555555555,0.1694915254237288,0.06172839506172839,0.22033898305084745,0.08024691358024691,0.23728813559322035,0.08641975308641975,0.3050847457627119,0.1111111111111111,0.3898305084745763,0.1419753086419753,0.4576271186440678,0.16666666666666666,0.6101694915254238,0.2222222222222222,0.847457627118644,0.30864197530864196
HGST,LSTM,52,0.01,25,162,0.009657594381035996,0.2,0.030864197530864196,0.28,0.043209876543209874,0.44,0.06790123456790123,0.52,0.08024691358024691,0.64,0.09876543209876543,0.72,0.1111111111111111,0.76,0.11728395061728394,0.96,0.14814814814814814,0.96,0.14814814814814814
HGST,LSTM,52,0.05,59,162,0.04916593503072871,0.13559322033898305,0.04938271604938271,0.13559322033898305,0.04938271604938271,0.1694915254237288,0.06172839506172839,0.22033898305084745,0.08024691358024691,0.3220338983050847,0.11728395061728394,0.423728813559322,0.15432098765432098,0.4745762711864407,0.1728395061728395,0.7288135593220338,0.2654320987654321,0.9152542372881356,0.3333333333333333
HGST,LSTM,53,0.01,24,162,0.009657594381035996,0.2916666666666667,0.043209876543209874,0.3333333333333333,0.04938271604938271,0.3333333333333333,0.04938271604938271,0.5,0.07407407407407407,0.625,0.09259259259259259,0.6666666666666666,0.09876543209876543,0.7083333333333334,0.10493827160493827,0.875,0.12962962962962962,0.9166666666666666,0.13580246913580246
HGST,LSTM,53,0.05,60,162,0.04916593503072871,0.15,0.05555555555555555,0.15,0.05555555555555555,0.2,0.07407407407407407,0.26666666666666666,0.09876543209876543,0.3333333333333333,0.12345679012345678,0.45,0.16666666666666666,0.5,0.18518518518518517,0.6666666666666666,0.24691358024691357,0.8833333333333333,0.3271604938271605
HGST,LSTM,54,0.01,26,162,0.009657594381035996,0.38461538461538464,0.06172839506172839,0.46153846153846156,0.07407407407407407,0.46153846153846156,0.07407407407407407,0.5,0.08024691358024691,0.6153846153846154,0.09876543209876543,0.6923076923076923,0.1111111111111111,0.6923076923076923,0.1111111111111111,0.9230769230769231,0.14814814814814814,0.9615384615384616,0.15432098765432098
HGST,LSTM,54,0.05,62,162,0.04916593503072871,0.0967741935483871,0.037037037037037035,0.12903225806451613,0.04938271604938271,0.1774193548387097,0.06790123456790123,0.25806451612903225,0.09876543209876543,0.3225806451612903,0.12345679012345678,0.46774193548387094,0.17901234567901234,0.5483870967741935,0.20987654320987653,0.6774193548387096,0.25925925925925924,0.8709677419354839,0.3333333333333333
HGST,LSTM,55,0.01,23,162,0.009657594381035996,0.30434782608695654,0.043209876543209874,0.34782608695652173,0.04938271604938271,0.43478260869565216,0.06172839506172839,0.4782608695652174,0.06790123456790123,0.6521739130434783,0.09259259259259259,0.7391304347826086,0.10493827160493827,0.782608695652174,0.1111111111111111,0.9565217391304348,0.13580246913580246,0.9565217391304348,0.13580246913580246
HGST,LSTM,55,0.05,59,162,0.04916593503072871,0.05084745762711865,0.018518518518518517,0.0847457627118644,0.030864197530864196,0.11864406779661017,0.043209876543209874,0.1694915254237288,0.06172839506172839,0.2542372881355932,0.09259259259259259,0.3898305084745763,0.1419753086419753,0.5084745762711864,0.18518518518518517,0.6949152542372882,0.25308641975308643,0.8305084745762712,0.30246913580246915
HGST,LSTM,56,0.01,21,162,0.009657594381035996,0.42857142857142855,0.05555555555555555,0.47619047619047616,0.06172839506172839,0.5714285714285714,0.07407407407407407,0.6666666666666666,0.08641975308641975,0.7619047619047619,0.09876543209876543,0.8095238095238095,0.10493827160493827,0.8571428571428571,0.1111111111111111,0.9523809523809523,0.12345679012345678,0.9523809523809523,0.12345679012345678
HGST,LSTM,56,0.05,58,162,0.04916593503072871,0.06896551724137931,0.024691358024691357,0.10344827586206896,0.037037037037037035,0.13793103448275862,0.04938271604938271,0.1724137931034483,0.06172839506172839,0.3103448275862069,0.1111111111111111,0.41379310344827586,0.14814814814814814,0.4827586206896552,0.1728395061728395,0.7241379310344828,0.25925925925925924,0.896551724137931,0.32098765432098764
HGST,LSTM,57,0.01,24,162,0.009657594381035996,0.4166666666666667,0.06172839506172839,0.5416666666666666,0.08024691358024691,0.5416666666666666,0.08024691358024691,0.5416666666666666,0.08024691358024691,0.6666666666666666,0.09876543209876543,0.75,0.1111111111111111,0.7916666666666666,0.11728395061728394,0.9583333333333334,0.1419753086419753,0.9583333333333334,0.1419753086419753
HGST,LSTM,57,0.05,65,162,0.04916593503072871,0.1076923076923077,0.043209876543209874,0.12307692307692308,0.04938271604938271,0.18461538461538463,0.07407407407407407,0.27692307692307694,0.1111111111111111,0.38461538461538464,0.15432098765432098,0.47692307692307695,0.19135802469135801,0.5538461538461539,0.2222222222222222,0.6923076923076923,0.2777777777777778,0.8615384615384616,0.345679012345679
HGST,LSTM,58,0.01,27,162,0.009657594381035996,0.2962962962962963,0.04938271604938271,0.37037037037037035,0.06172839506172839,0.48148148148148145,0.08024691358024691,0.5185185185185185,0.08641975308641975,0.6666666666666666,0.1111111111111111,0.7407407407407407,0.12345679012345678,0.7407407407407407,0.12345679012345678,0.8888888888888888,0.14814814814814814,0.9629629629629629,0.16049382716049382
HGST,LSTM,58,0.05,64,162,0.04916593503072871,0.0625,0.024691358024691357,0.078125,0.030864197530864196,0.140625,0.05555555555555555,0.25,0.09876543209876543,0.34375,0.13580246913580246,0.4375,0.1728395061728395,0.5,0.19753086419753085,0.640625,0.25308641975308643,0.859375,0.3395061728395062
HGST,LSTM,59,0.01,20,162,0.009657594381035996,0.25,0.030864197530864196,0.35,0.043209876543209874,0.35,0.043209876543209874,0.45,0.05555555555555555,0.6,0.07407407407407407,0.65,0.08024691358024691,0.7,0.08641975308641975,0.85,0.10493827160493827,0.95,0.11728395061728394
HGST,LSTM,59,0.05,58,162,0.04916593503072871,0.10344827586206896,0.037037037037037035,0.1206896551724138,0.043209876543209874,0.15517241379310345,0.05555555555555555,0.2413793103448276,0.08641975308641975,0.3620689655172414,0.12962962962962962,0.5172413793103449,0.18518518518518517,0.603448275862069,0.21604938271604937,0.7413793103448276,0.2654320987654321,0.9137931034482759,0.3271604938271605
HGST,LSTM,60,0.01,27,162,0.009657594381035996,0.3333333333333333,0.05555555555555555,0.37037037037037035,0.06172839506172839,0.4074074074074074,0.06790123456790123,0.5555555555555556,0.09259259259259259,0.7037037037037037,0.11728395061728394,0.7037037037037037,0.11728395061728394,0.7407407407407407,0.12345679012345678,0.8518518518518519,0.1419753086419753,0.9629629629629629,0.16049382716049382
HGST,LSTM,60,0.05,60,162,0.04916593503072871,0.13333333333333333,0.04938271604938271,0.13333333333333333,0.04938271604938271,0.16666666666666666,0.06172839506172839,0.25,0.09259259259259259,0.35,0.12962962962962962,0.4166666666666667,0.15432098765432098,0.55,0.2037037037037037,0.6833333333333333,0.25308641975308643,0.8166666666666667,0.30246913580246915
HGST,LSTM,61,0.01,25,162,0.009657594381035996,0.28,0.043209876543209874,0.4,0.06172839506172839,0.48,0.07407407407407407,0.52,0.08024691358024691,0.6,0.09259259259259259,0.64,0.09876543209876543,0.68,0.10493827160493827,0.84,0.12962962962962962,0.96,0.14814814814814814
HGST,LSTM,61,0.05,60,162,0.04916593503072871,0.1,0.037037037037037035,0.1,0.037037037037037035,0.11666666666666667,0.043209876543209874,0.23333333333333334,0.08641975308641975,0.35,0.12962962962962962,0.4666666666666667,0.1728395061728395,0.55,0.2037037037037037,0.6833333333333333,0.25308641975308643,0.8666666666666667,0.32098765432098764
HGST,LSTM,62,0.01,22,162,0.009657594381035996,0.2727272727272727,0.037037037037037035,0.36363636363636365,0.04938271604938271,0.45454545454545453,0.06172839506172839,0.5909090909090909,0.08024691358024691,0.6363636363636364,0.08641975308641975,0.6818181818181818,0.09259259259259259,0.7727272727272727,0.10493827160493827,0.9090909090909091,0.12345679012345678,0.9545454545454546,0.12962962962962962
HGST,LSTM,62,0.05,62,162,0.04916593503072871,0.12903225806451613,0.04938271604938271,0.16129032258064516,0.06172839506172839,0.20967741935483872,0.08024691358024691,0.27419354838709675,0.10493827160493827,0.3548387096774194,0.13580246913580246,0.5161290322580645,0.19753086419753085,0.5645161290322581,0.21604938271604937,0.6774193548387096,0.25925925925925924,0.8709677419354839,0.3333333333333333
HGST,LSTM,63,0.01,26,162,0.009657594381035996,0.3076923076923077,0.04938271604938271,0.34615384615384615,0.05555555555555555,0.38461538461538464,0.06172839506172839,0.5769230769230769,0.09259259259259259,0.6538461538461539,0.10493827160493827,0.6923076923076923,0.1111111111111111,0.7307692307692307,0.11728395061728394,0.8846153846153846,0.1419753086419753,0.9230769230769231,0.14814814814814814
HGST,LSTM,63,0.05,61,162,0.04916593503072871,0.13114754098360656,0.04938271604938271,0.14754098360655737,0.05555555555555555,0.19672131147540983,0.07407407407407407,0.26229508196721313,0.09876543209876543,0.3442622950819672,0.12962962962962962,0.4262295081967213,0.16049382716049382,0.5081967213114754,0.19135802469135801,0.6557377049180327,0.24691358024691357,0.8688524590163934,0.3271604938271605
HGST,LSTM,64,0.01,26,162,0.009657594381035996,0.46153846153846156,0.07407407407407407,0.5,0.08024691358024691,0.5769230769230769,0.09259259259259259,0.6538461538461539,0.10493827160493827,0.7307692307692307,0.11728395061728394,0.7307692307692307,0.11728395061728394,0.7692307692307693,0.12345679012345678,0.9230769230769231,0.14814814814814814,0.9615384615384616,0.15432098765432098
HGST,LSTM,64,0.05,62,162,0.04916593503072871,0.12903225806451613,0.04938271604938271,0.16129032258064516,0.06172839506172839,0.22580645161290322,0.08641975308641975,0.3064516129032258,0.11728395061728394,0.3870967741935484,0.14814814814814814,0.4838709677419355,0.18518518518518517,0.5483870967741935,0.20987654320987653,0.6935483870967742,0.2654320987654321,0.8548387096774194,0.3271604938271605
HGST,LSTM,65,0.01,23,162,0.009657594381035996,0.34782608695652173,0.04938271604938271,0.43478260869565216,0.06172839506172839,0.5652173913043478,0.08024691358024691,0.5652173913043478,0.08024691358024691,0.6521739130434783,0.09259259259259259,0.7391304347826086,0.10493827160493827,0.782608695652174,0.1111111111111111,0.9565217391304348,0.13580246913580246,0.9565217391304348,0.13580246913580246
HGST,LSTM,65,0.05,58,162,0.04916593503072871,0.06896551724137931,0.024691358024691357,0.06896551724137931,0.024691358024691357,0.10344827586206896,0.037037037037037035,0.1896551724137931,0.06790123456790123,0.25862068965517243,0.09259259259259259,0.4482758620689655,0.16049382716049382,0.5517241379310345,0.19753086419753085,0.7068965517241379,0.25308641975308643,0.8793103448275862,0.3148148148148148
HGST,LSTM,66,0.01,25,162,0.009657594381035996,0.32,0.04938271604938271,0.32,0.04938271604938271,0.44,0.06790123456790123,0.52,0.08024691358024691,0.64,0.09876543209876543,0.68,0.10493827160493827,0.72,0.1111111111111111,0.92,0.1419753086419753,0.96,0.14814814814814814
HGST,LSTM,66,0.05,57,162,0.04916593503072871,0.10526315789473684,0.037037037037037035,0.12280701754385964,0.043209876543209874,0.12280701754385964,0.043209876543209874,0.21052631578947367,0.07407407407407407,0.2982456140350877,0.10493827160493827,0.42105263157894735,0.14814814814814814,0.5614035087719298,0.19753086419753085,0.7192982456140351,0.25308641975308643,0.8771929824561403,0.30864197530864196
HGST,LSTM,67,0.01,20,162,0.009657594381035996,0.35,0.043209876543209874,0.4,0.04938271604938271,0.5,0.06172839506172839,0.5,0.06172839506172839,0.65,0.08024691358024691,0.8,0.09876543209876543,0.85,0.10493827160493827,0.95,0.11728395061728394,1.0,0.12345679012345678
HGST,LSTM,67,0.05,58,162,0.04916593503072871,0.1206896551724138,0.043209876543209874,0.1724137931034483,0.06172839506172839,0.20689655172413793,0.07407407407407407,0.2413793103448276,0.08641975308641975,0.3103448275862069,0.1111111111111111,0.43103448275862066,0.15432098765432098,0.5172413793103449,0.18518518518518517,0.6551724137931034,0.2345679012345679,0.8620689655172413,0.30864197530864196
HGST,LSTM,68,0.01,22,162,0.009657594381035996,0.3181818181818182,0.043209876543209874,0.4090909090909091,0.05555555555555555,0.45454545454545453,0.06172839506172839,0.5,0.06790123456790123,0.6363636363636364,0.08641975308641975,0.7727272727272727,0.10493827160493827,0.7727272727272727,0.10493827160493827,0.9090909090909091,0.12345679012345678,0.9090909090909091,0.12345679012345678
HGST,LSTM,68,0.05,59,162,0.04916593503072871,0.15254237288135594,0.05555555555555555,0.2033898305084746,0.07407407407407407,0.23728813559322035,0.08641975308641975,0.2542372881355932,0.09259259259259259,0.3050847457627119,0.1111111111111111,0.3898305084745763,0.1419753086419753,0.4745762711864407,0.1728395061728395,0.6779661016949152,0.24691358024691357,0.847457627118644,0.30864197530864196
HGST,LSTM,69,0.01,26,162,0.009657594381035996,0.34615384615384615,0.05555555555555555,0.38461538461538464,0.06172839506172839,0.46153846153846156,0.07407407407407407,0.5769230769230769,0.09259259259259259,0.6538461538461539,0.10493827160493827,0.6923076923076923,0.1111111111111111,0.7307692307692307,0.11728395061728394,0.9230769230769231,0.14814814814814814,0.9615384615384616,0.15432098765432098
HGST,LSTM,69,0.05,58,162,0.04916593503072871,0.06896551724137931,0.024691358024691357,0.06896551724137931,0.024691358024691357,0.10344827586206896,0.037037037037037035,0.1896551724137931,0.06790123456790123,0.29310344827586204,0.10493827160493827,0.39655172413793105,0.1419753086419753,0.4827586206896552,0.1728395061728395,0.6379310344827587,0.22839506172839505,0.8620689655172413,0.30864197530864196
HGST,LSTM,70,0.01,25,162,0.009657594381035996,0.36,0.05555555555555555,0.44,0.06790123456790123,0.6,0.09259259259259259,0.6,0.09259259259259259,0.68,0.10493827160493827,0.76,0.11728395061728394,0.8,0.12345679012345678,0.88,0.13580246913580246,0.96,0.14814814814814814
HGST,LSTM,70,0.05,59,162,0.04916593503072871,0.11864406779661017,0.043209876543209874,0.15254237288135594,0.05555555555555555,0.1864406779661017,0.06790123456790123,0.288135593220339,0.10493827160493827,0.3559322033898305,0.12962962962962962,0.4915254237288136,0.17901234567901234,0.559322033898305,0.2037037037037037,0.6949152542372882,0.25308641975308643,0.8983050847457628,0.3271604938271605
HGST,LSTM,71,0.01,26,162,0.009657594381035996,0.23076923076923078,0.037037037037037035,0.38461538461538464,0.06172839506172839,0.46153846153846156,0.07407407407407407,0.46153846153846156,0.07407407407407407,0.6153846153846154,0.09876543209876543,0.7307692307692307,0.11728395061728394,0.7692307692307693,0.12345679012345678,0.9230769230769231,0.14814814814814814,1.0,0.16049382716049382
HGST,LSTM,71,0.05,60,162,0.04916593503072871,0.06666666666666667,0.024691358024691357,0.08333333333333333,0.030864197530864196,0.16666666666666666,0.06172839506172839,0.25,0.09259259259259259,0.31666666666666665,0.11728395061728394,0.45,0.16666666666666666,0.5166666666666667,0.19135802469135801,0.6833333333333333,0.25308641975308643,0.9,0.3333333333333333
HGST,GRU,42,0.01,23,162,0.009657594381035996,0.17391304347826086,0.024691358024691357,0.21739130434782608,0.030864197530864196,0.391304347826087,0.05555555555555555,0.5217391304347826,0.07407407407407407,0.6086956521739131,0.08641975308641975,0.6521739130434783,0.09259259259259259,0.6956521739130435,0.09876543209876543,0.9130434782608695,0.12962962962962962,0.9565217391304348,0.13580246913580246
HGST,GRU,42,0.05,62,162,0.04916593503072871,0.0967741935483871,0.037037037037037035,0.11290322580645161,0.043209876543209874,0.14516129032258066,0.05555555555555555,0.27419354838709675,0.10493827160493827,0.3709677419354839,0.1419753086419753,0.45161290322580644,0.1728395061728395,0.5483870967741935,0.20987654320987653,0.7096774193548387,0.2716049382716049,0.8870967741935484,0.3395061728395062
HGST,GRU,43,0.01,31,162,0.009657594381035996,0.3548387096774194,0.06790123456790123,0.3870967741935484,0.07407407407407407,0.4838709677419355,0.09259259259259259,0.5806451612903226,0.1111111111111111,0.6774193548387096,0.12962962962962962,0.7419354838709677,0.1419753086419753,0.7419354838709677,0.1419753086419753,0.9032258064516129,0.1728395061728395,0.967741935483871,0.18518518518518517
HGST,GRU,43,0.05,63,162,0.04916593503072871,0.12698412698412698,0.04938271604938271,0.14285714285714285,0.05555555555555555,0.19047619047619047,0.07407407407407407,0.2857142857142857,0.1111111111111111,0.3968253968253968,0.15432098765432098,0.4444444444444444,0.1728395061728395,0.5555555555555556,0.21604938271604937,0.7142857142857143,0.2777777777777778,0.9047619047619048,0.35185185185185186
HGST,GRU,44,0.01,24,162,0.009657594381035996,0.20833333333333334,0.030864197530864196,0.25,0.037037037037037035,0.375,0.05555555555555555,0.5,0.07407407407407407,0.625,0.09259259259259259,0.7083333333333334,0.10493827160493827,0.7083333333333334,0.10493827160493827,0.9583333333333334,0.1419753086419753,0.9583333333333334,0.1419753086419753
HGST,GRU,44,0.05,57,162,0.04916593503072871,0.07017543859649122,0.024691358024691357,0.08771929824561403,0.030864197530864196,0.15789473684210525,0.05555555555555555,0.22807017543859648,0.08024691358024691,0.3157894736842105,0.1111111111111111,0.43859649122807015,0.15432098765432098,0.5263157894736842,0.18518518518518517,0.6842105263157895,0.24074074074074073,0.8947368421052632,0.3148148148148148
HGST,GRU,45,0.01,27,162,0.009657594381035996,0.2962962962962963,0.04938271604938271,0.4074074074074074,0.06790123456790123,0.48148148148148145,0.08024691358024691,0.5555555555555556,0.09259259259259259,0.6666666666666666,0.1111111111111111,0.6666666666666666,0.1111111111111111,0.7037037037037037,0.11728395061728394,0.9259259259259259,0.15432098765432098,0.9629629629629629,0.16049382716049382
HGST,GRU,45,0.05,59,162,0.04916593503072871,0.13559322033898305,0.04938271604938271,0.15254237288135594,0.05555555555555555,0.22033898305084745,0.08024691358024691,0.3050847457627119,0.1111111111111111,0.3898305084745763,0.1419753086419753,0.5084745762711864,0.18518518518518517,0.5932203389830508,0.21604938271604937,0.7627118644067796,0.2777777777777778,0.8983050847457628,0.3271604938271605
HGST,GRU,46,0.01,21,162,0.009657594381035996,0.23809523809523808,0.030864197530864196,0.23809523809523808,0.030864197530864196,0.3333333333333333,0.043209876543209874,0.42857142857142855,0.05555555555555555,0.5238095238095238,0.06790123456790123,0.6190476190476191,0.08024691358024691,0.6666666666666666,0.08641975308641975,0.9047619047619048,0.11728395061728394,0.9523809523809523,0.12345679012345678
HGST,GRU,46,0.05,58,162,0.04916593503072871,0.08620689655172414,0.030864197530864196,0.1206896551724138,0.043209876543209874,0.1896551724137931,0.06790123456790123,0.27586206896551724,0.09876543209876543,0.3620689655172414,0.12962962962962962,0.4482758620689655,0.16049382716049382,0.5517241379310345,0.19753086419753085,0.6896551724137931,0.24691358024691357,0.896551724137931,0.32098765432098764
HGST,GRU,47,0.01,20,162,0.009657594381035996,0.25,0.030864197530864196,0.3,0.037037037037037035,0.3,0.037037037037037035,0.5,0.06172839506172839,0.55,0.06790123456790123,0.75,0.09259259259259259,0.75,0.09259259259259259,0.95,0.11728395061728394,0.95,0.11728395061728394
HGST,GRU,47,0.05,61,162,0.04916593503072871,0.11475409836065574,0.043209876543209874,0.11475409836065574,0.043209876543209874,0.16393442622950818,0.06172839506172839,0.29508196721311475,0.1111111111111111,0.3770491803278688,0.1419753086419753,0.45901639344262296,0.1728395061728395,0.5737704918032787,0.21604938271604937,0.7213114754098361,0.2716049382716049,0.9016393442622951,0.3395061728395062
HGST,GRU,48,0.01,20,162,0.009657594381035996,0.2,0.024691358024691357,0.25,0.030864197530864196,0.3,0.037037037037037035,0.4,0.04938271604938271,0.5,0.06172839506172839,0.55,0.06790123456790123,0.6,0.07407407407407407,0.9,0.1111111111111111,0.95,0.11728395061728394
HGST,GRU,48,0.05,56,162,0.04916593503072871,0.08928571428571429,0.030864197530864196,0.125,0.043209876543209874,0.125,0.043209876543209874,0.23214285714285715,0.08024691358024691,0.30357142857142855,0.10493827160493827,0.42857142857142855,0.14814814814814814,0.5,0.1728395061728395,0.75,0.25925925925925924,0.9107142857142857,0.3148148148148148
HGST,GRU,49,0.01,20,162,0.009657594381035996,0.3,0.037037037037037035,0.35,0.043209876543209874,0.35,0.043209876543209874,0.4,0.04938271604938271,0.5,0.06172839506172839,0.6,0.07407407407407407,0.65,0.08024691358024691,0.85,0.10493827160493827,0.9,0.1111111111111111
HGST,GRU,49,0.05,62,162,0.04916593503072871,0.11290322580645161,0.043209876543209874,0.14516129032258066,0.05555555555555555,0.1774193548387097,0.06790123456790123,0.3225806451612903,0.12345679012345678,0.4032258064516129,0.15432098765432098,0.45161290322580644,0.1728395061728395,0.5806451612903226,0.2222222222222222,0.7419354838709677,0.2839506172839506,0.8709677419354839,0.3333333333333333
HGST,GRU,50,0.01,26,162,0.009657594381035996,0.23076923076923078,0.037037037037037035,0.4230769230769231,0.06790123456790123,0.4230769230769231,0.06790123456790123,0.5,0.08024691358024691,0.6153846153846154,0.09876543209876543,0.6538461538461539,0.10493827160493827,0.6923076923076923,0.1111111111111111,0.8846153846153846,0.1419753086419753,0.9615384615384616,0.15432098765432098
HGST,GRU,50,0.05,59,162,0.04916593503072871,0.13559322033898305,0.04938271604938271,0.15254237288135594,0.05555555555555555,0.22033898305084745,0.08024691358024691,0.3559322033898305,0.12962962962962962,0.423728813559322,0.15432098765432098,0.5423728813559322,0.19753086419753085,0.6271186440677966,0.22839506172839505,0.7457627118644068,0.2716049382716049,0.864406779661017,0.3148148148148148
HGST,GRU,51,0.01,29,162,0.009657594381035996,0.3793103448275862,0.06790123456790123,0.4482758620689655,0.08024691358024691,0.5172413793103449,0.09259259259259259,0.5862068965517241,0.10493827160493827,0.6896551724137931,0.12345679012345678,0.7586206896551724,0.13580246913580246,0.7931034482758621,0.1419753086419753,0.9310344827586207,0.16666666666666666,0.9655172413793104,0.1728395061728395
HGST,GRU,51,0.05,61,162,0.04916593503072871,0.09836065573770492,0.037037037037037035,0.13114754098360656,0.04938271604938271,0.18032786885245902,0.06790123456790123,0.29508196721311475,0.1111111111111111,0.36065573770491804,0.13580246913580246,0.4426229508196721,0.16666666666666666,0.5409836065573771,0.2037037037037037,0.6885245901639344,0.25925925925925924,0.8852459016393442,0.3333333333333333
HGST,GRU,52,0.01,21,162,0.009657594381035996,0.2857142857142857,0.037037037037037035,0.38095238095238093,0.04938271604938271,0.38095238095238093,0.04938271604938271,0.47619047619047616,0.06172839506172839,0.5714285714285714,0.07407407407407407,0.6666666666666666,0.08641975308641975,0.6666666666666666,0.08641975308641975,0.9047619047619048,0.11728395061728394,0.9523809523809523,0.12345679012345678
HGST,GRU,52,0.05,58,162,0.04916593503072871,0.08620689655172414,0.030864197530864196,0.10344827586206896,0.037037037037037035,0.13793103448275862,0.04938271604938271,0.22413793103448276,0.08024691358024691,0.3103448275862069,0.1111111111111111,0.41379310344827586,0.14814814814814814,0.5172413793103449,0.18518518518518517,0.7413793103448276,0.2654320987654321,0.9137931034482759,0.3271604938271605
HGST,GRU,53,0.01,23,162,0.009657594381035996,0.391304347826087,0.05555555555555555,0.43478260869565216,0.06172839506172839,0.43478260869565216,0.06172839506172839,0.5217391304347826,0.07407407407407407,0.6086956521739131,0.08641975308641975,0.6956521739130435,0.09876543209876543,0.7391304347826086,0.10493827160493827,0.8695652173913043,0.12345679012345678,0.9130434782608695,0.12962962962962962
HGST,GRU,53,0.05,61,162,0.04916593503072871,0.09836065573770492,0.037037037037037035,0.16393442622950818,0.06172839506172839,0.21311475409836064,0.08024691358024691,0.2786885245901639,0.10493827160493827,0.36065573770491804,0.13580246913580246,0.45901639344262296,0.1728395061728395,0.5737704918032787,0.21604938271604937,0.7049180327868853,0.2654320987654321,0.8360655737704918,0.3148148148148148
HGST,GRU,54,0.01,20,162,0.009657594381035996,0.15,0.018518518518518517,0.25,0.030864197530864196,0.3,0.037037037037037035,0.45,0.05555555555555555,0.55,0.06790123456790123,0.65,0.08024691358024691,0.7,0.08641975308641975,0.95,0.11728395061728394,0.95,0.11728395061728394
HGST,GRU,54,0.05,62,162,0.04916593503072871,0.11290322580645161,0.043209876543209874,0.11290322580645161,0.043209876543209874,0.1774193548387097,0.06790123456790123,0.25806451612903225,0.09876543209876543,0.3548387096774194,0.13580246913580246,0.41935483870967744,0.16049382716049382,0.5161290322580645,0.19753086419753085,0.6451612903225806,0.24691358024691357,0.8709677419354839,0.3333333333333333
HGST,GRU,55,0.01,29,162,0.009657594381035996,0.3448275862068966,0.06172839506172839,0.4482758620689655,0.08024691358024691,0.4482758620689655,0.08024691358024691,0.5172413793103449,0.09259259259259259,0.6206896551724138,0.1111111111111111,0.6896551724137931,0.12345679012345678,0.6896551724137931,0.12345679012345678,0.896551724137931,0.16049382716049382,0.9310344827586207,0.16666666666666666
HGST,GRU,55,0.05,62,162,0.04916593503072871,0.12903225806451613,0.04938271604938271,0.14516129032258066,0.05555555555555555,0.1774193548387097,0.06790123456790123,0.3064516129032258,0.11728395061728394,0.3870967741935484,0.14814814814814814,0.45161290322580644,0.1728395061728395,0.5645161290322581,0.21604938271604937,0.7419354838709677,0.2839506172839506,0.8870967741935484,0.3395061728395062
HGST,GRU,56,0.01,24,162,0.009657594381035996,0.25,0.037037037037037035,0.2916666666666667,0.043209876543209874,0.375,0.05555555555555555,0.4583333333333333,0.06790123456790123,0.5416666666666666,0.08024691358024691,0.625,0.09259259259259259,0.7083333333333334,0.10493827160493827,0.9166666666666666,0.13580246913580246,0.9583333333333334,0.1419753086419753
HGST,GRU,56,0.05,57,162,0.04916593503072871,0.07017543859649122,0.024691358024691357,0.08771929824561403,0.030864197530864196,0.10526315789473684,0.037037037037037035,0.24561403508771928,0.08641975308641975,0.3157894736842105,0.1111111111111111,0.40350877192982454,0.1419753086419753,0.5263157894736842,0.18518518518518517,0.7368421052631579,0.25925925925925924,0.8771929824561403,0.30864197530864196
HGST,GRU,57,0.01,28,162,0.009657594381035996,0.2857142857142857,0.04938271604938271,0.35714285714285715,0.06172839506172839,0.42857142857142855,0.07407407407407407,0.5714285714285714,0.09876543209876543,0.6785714285714286,0.11728395061728394,0.7142857142857143,0.12345679012345678,0.75,0.12962962962962962,0.9642857142857143,0.16666666666666666,0.9642857142857143,0.16666666666666666
HGST,GRU,57,0.05,60,162,0.04916593503072871,0.11666666666666667,0.043209876543209874,0.16666666666666666,0.06172839506172839,0.18333333333333332,0.06790123456790123,0.2833333333333333,0.10493827160493827,0.36666666666666664,0.13580246913580246,0.4666666666666667,0.1728395061728395,0.6,0.2222222222222222,0.7666666666666667,0.2839506172839506,0.9333333333333333,0.345679012345679
HGST,GRU,58,0.01,23,162,0.009657594381035996,0.2608695652173913,0.037037037037037035,0.34782608695652173,0.04938271604938271,0.34782608695652173,0.04938271604938271,0.4782608695652174,0.06790123456790123,0.5652173913043478,0.08024691358024691,0.6956521739130435,0.09876543209876543,0.7391304347826086,0.10493827160493827,0.9565217391304348,0.13580246913580246,0.9565217391304348,0.13580246913580246
HGST,GRU,58,0.05,63,162,0.04916593503072871,0.1111111111111111,0.043209876543209874,0.12698412698412698,0.04938271604938271,0.14285714285714285,0.05555555555555555,0.2698412698412698,0.10493827160493827,0.38095238095238093,0.14814814814814814,0.4444444444444444,0.1728395061728395,0.5396825396825397,0.20987654320987653,0.7301587301587301,0.2839506172839506,0.8888888888888888,0.345679012345679
HGST,GRU,59,0.01,27,162,0.009657594381035996,0.25925925925925924,0.043209876543209874,0.3333333333333333,0.05555555555555555,0.4444444444444444,0.07407407407407407,0.5185185185185185,0.08641975308641975,0.6296296296296297,0.10493827160493827,0.6666666666666666,0.1111111111111111,0.7777777777777778,0.12962962962962962,0.9629629629629629,0.16049382716049382,0.9629629629629629,0.16049382716049382
HGST,GRU,59,0.05,61,162,0.04916593503072871,0.06557377049180328,0.024691358024691357,0.08196721311475409,0.030864197530864196,0.14754098360655737,0.05555555555555555,0.22950819672131148,0.08641975308641975,0.32786885245901637,0.12345679012345678,0.4098360655737705,0.15432098765432098,0.5081967213114754,0.19135802469135801,0.7049180327868853,0.2654320987654321,0.8524590163934426,0.32098765432098764
HGST,GRU,60,0.01,20,162,0.009657594381035996,0.2,0.024691358024691357,0.3,0.037037037037037035,0.45,0.05555555555555555,0.5,0.06172839506172839,0.6,0.07407407407407407,0.7,0.08641975308641975,0.75,0.09259259259259259,0.9,0.1111111111111111,0.95,0.11728395061728394
HGST,GRU,60,0.05,63,162,0.04916593503072871,0.1111111111111111,0.043209876543209874,0.12698412698412698,0.04938271604938271,0.1746031746031746,0.06790123456790123,0.30158730158730157,0.11728395061728394,0.38095238095238093,0.14814814814814814,0.47619047619047616,0.18518518518518517,0.5714285714285714,0.2222222222222222,0.7619047619047619,0.2962962962962963,0.9206349206349206,0.35802469135802467
HGST,GRU,61,0.01,25,162,0.009657594381035996,0.28,0.043209876543209874,0.36,0.05555555555555555,0.4,0.06172839506172839,0.52,0.08024691358024691,0.64,0.09876543209876543,0.72,0.1111111111111111,0.76,0.11728395061728394,0.96,0.14814814814814814,0.96,0.14814814814814814
HGST,GRU,61,0.05,60,162,0.04916593503072871,0.1,0.037037037037037035,0.13333333333333333,0.04938271604938271,0.15,0.05555555555555555,0.26666666666666666,0.09876543209876543,0.36666666666666664,0.13580246913580246,0.45,0.16666666666666666,0.5333333333333333,0.19753086419753085,0.6833333333333333,0.25308641975308643,0.9,0.3333333333333333
HGST,GRU,62,0.01,24,162,0.009657594381035996,0.20833333333333334,0.030864197530864196,0.2916666666666667,0.043209876543209874,0.375,0.05555555555555555,0.5416666666666666,0.08024691358024691,0.6666666666666666,0.09876543209876543,0.7083333333333334,0.10493827160493827,0.75,0.1111111111111111,0.9583333333333334,0.1419753086419753,0.9583333333333334,0.1419753086419753
HGST,GRU,62,0.05,61,162,0.04916593503072871,0.13114754098360656,0.04938271604938271,0.13114754098360656,0.04938271604938271,0.18032786885245902,0.06790123456790123,0.29508196721311475,0.1111111111111111,0.3770491803278688,0.1419753086419753,0.4918032786885246,0.18518518518518517,0.6065573770491803,0.22839506172839505,0.7704918032786885,0.29012345679012347,0.9508196721311475,0.35802469135802467
HGST,GRU,63,0.01,26,162,0.009657594381035996,0.23076923076923078,0.037037037037037035,0.3076923076923077,0.04938271604938271,0.38461538461538464,0.06172839506172839,0.46153846153846156,0.07407407407407407,0.6153846153846154,0.09876543209876543,0.6538461538461539,0.10493827160493827,0.6538461538461539,0.10493827160493827,0.8461538461538461,0.13580246913580246,0.9615384615384616,0.15432098765432098
HGST,GRU,63,0.05,60,162,0.04916593503072871,0.1,0.037037037037037035,0.13333333333333333,0.04938271604938271,0.18333333333333332,0.06790123456790123,0.2833333333333333,0.10493827160493827,0.35,0.12962962962962962,0.4,0.14814814814814814,0.48333333333333334,0.17901234567901234,0.6333333333333333,0.2345679012345679,0.8333333333333334,0.30864197530864196
HGST,GRU,64,0.01,28,162,0.009657594381035996,0.39285714285714285,0.06790123456790123,0.42857142857142855,0.07407407407407407,0.5,0.08641975308641975,0.6071428571428571,0.10493827160493827,0.6428571428571429,0.1111111111111111,0.6428571428571429,0.1111111111111111,0.7142857142857143,0.12345679012345678,0.8928571428571429,0.15432098765432098,0.9642857142857143,0.16666666666666666
HGST,GRU,64,0.05,60,162,0.04916593503072871,0.18333333333333332,0.06790123456790123,0.2,0.07407407407407407,0.26666666666666666,0.09876543209876543,0.3,0.1111111111111111,0.38333333333333336,0.1419753086419753,0.4666666666666667,0.1728395061728395,0.55,0.2037037037037037,0.6833333333333333,0.25308641975308643,0.8,0.2962962962962963
HGST,GRU,65,0.01,21,162,0.009657594381035996,0.23809523809523808,0.030864197530864196,0.2857142857142857,0.037037037037037035,0.42857142857142855,0.05555555555555555,0.5238095238095238,0.06790123456790123,0.5714285714285714,0.07407407407407407,0.7142857142857143,0.09259259259259259,0.7619047619047619,0.09876543209876543,0.9047619047619048,0.11728395061728394,0.9523809523809523,0.12345679012345678
HGST,GRU,65,0.05,59,162,0.04916593503072871,0.0847457627118644,0.030864197530864196,0.13559322033898305,0.04938271604938271,0.1694915254237288,0.06172839506172839,0.22033898305084745,0.08024691358024691,0.3220338983050847,0.11728395061728394,0.423728813559322,0.15432098765432098,0.5423728813559322,0.19753086419753085,0.711864406779661,0.25925925925925924,0.8813559322033898,0.32098765432098764
HGST,GRU,66,0.01,28,162,0.009657594381035996,0.2857142857142857,0.04938271604938271,0.35714285714285715,0.06172839506172839,0.42857142857142855,0.07407407407407407,0.5357142857142857,0.09259259259259259,0.6428571428571429,0.1111111111111111,0.6785714285714286,0.11728395061728394,0.75,0.12962962962962962,0.9285714285714286,0.16049382716049382,0.9642857142857143,0.16666666666666666
HGST,GRU,66,0.05,58,162,0.04916593503072871,0.1206896551724138,0.043209876543209874,0.15517241379310345,0.05555555555555555,0.1896551724137931,0.06790123456790123,0.27586206896551724,0.09876543209876543,0.3793103448275862,0.13580246913580246,0.46551724137931033,0.16666666666666666,0.5689655172413793,0.2037037037037037,0.7413793103448276,0.2654320987654321,0.9137931034482759,0.3271604938271605
HGST,GRU,67,0.01,23,162,0.009657594381035996,0.21739130434782608,0.030864197530864196,0.2608695652173913,0.037037037037037035,0.391304347826087,0.05555555555555555,0.4782608695652174,0.06790123456790123,0.5652173913043478,0.08024691358024691,0.6956521739130435,0.09876543209876543,0.7391304347826086,0.10493827160493827,0.9130434782608695,0.12962962962962962,0.9565217391304348,0.13580246913580246
HGST,GRU,67,0.05,63,162,0.04916593503072871,0.1111111111111111,0.043209876543209874,0.12698412698412698,0.04938271604938271,0.1746031746031746,0.06790123456790123,0.2698412698412698,0.10493827160493827,0.36507936507936506,0.1419753086419753,0.42857142857142855,0.16666666666666666,0.5079365079365079,0.19753086419753085,0.6825396825396826,0.2654320987654321,0.873015873015873,0.3395061728395062
HGST,GRU,68,0.01,24,162,0.009657594381035996,0.25,0.037037037037037035,0.2916666666666667,0.043209876543209874,0.4166666666666667,0.06172839506172839,0.5,0.07407407407407407,0.625,0.09259259259259259,0.6666666666666666,0.09876543209876543,0.75,0.1111111111111111,0.9583333333333334,0.1419753086419753,0.9583333333333334,0.1419753086419753
HGST,GRU,68,0.05,60,162,0.04916593503072871,0.08333333333333333,0.030864197530864196,0.15,0.05555555555555555,0.16666666666666666,0.06172839506172839,0.2833333333333333,0.10493827160493827,0.36666666666666664,0.13580246913580246,0.48333333333333334,0.17901234567901234,0.5666666666666667,0.20987654320987653,0.7666666666666667,0.2839506172839506,0.9166666666666666,0.3395061728395062
HGST,GRU,69,0.01,23,162,0.009657594381035996,0.17391304347826086,0.024691358024691357,0.2608695652173913,0.037037037037037035,0.30434782608695654,0.043209876543209874,0.4782608695652174,0.06790123456790123,0.5652173913043478,0.08024691358024691,0.6521739130434783,0.09259259259259259,0.7391304347826086,0.10493827160493827,0.9130434782608695,0.12962962962962962,0.9565217391304348,0.13580246913580246
HGST,GRU,69,0.05,58,162,0.04916593503072871,0.1206896551724138,0.043209876543209874,0.15517241379310345,0.05555555555555555,0.20689655172413793,0.07407407407407407,0.27586206896551724,0.09876543209876543,0.3793103448275862,0.13580246913580246,0.46551724137931033,0.16666666666666666,0.5517241379310345,0.19753086419753085,0.7241379310344828,0.25925925925925924,0.8448275862068966,0.30246913580246915
HGST,GRU,70,0.01,21,162,0.009657594381035996,0.19047619047619047,0.024691358024691357,0.3333333333333333,0.043209876543209874,0.38095238095238093,0.04938271604938271,0.47619047619047616,0.06172839506172839,0.5714285714285714,0.07407407407407407,0.6190476190476191,0.08024691358024691,0.7142857142857143,0.09259259259259259,0.9523809523809523,0.12345679012345678,0.9523809523809523,0.12345679012345678
HGST,GRU,70,0.05,58,162,0.04916593503072871,0.1206896551724138,0.043209876543209874,0.15517241379310345,0.05555555555555555,0.1896551724137931,0.06790123456790123,0.25862068965517243,0.09259259259259259,0.3448275862068966,0.12345679012345678,0.46551724137931033,0.16666666666666666,0.5344827586206896,0.19135802469135801,0.7413793103448276,0.2654320987654321,0.9137931034482759,0.3271604938271605
HGST,GRU,71,0.01,20,162,0.009657594381035996,0.25,0.030864197530864196,0.3,0.037037037037037035,0.3,0.037037037037037035,0.45,0.05555555555555555,0.6,0.07407407407407407,0.75,0.09259259259259259,0.75,0.09259259259259259,0.95,0.11728395061728394,0.95,0.11728395061728394
HGST,GRU,71,0.05,62,162,0.04916593503072871,0.0967741935483871,0.037037037037037035,0.14516129032258066,0.05555555555555555,0.20967741935483872,0.08024691358024691,0.2903225806451613,0.1111111111111111,0.3709677419354839,0.1419753086419753,0.43548387096774194,0.16666666666666666,0.5483870967741935,0.20987654320987653,0.7258064516129032,0.2777777777777778,0.9032258064516129,0.345679012345679
Seagate,LGBM,42,0.01,26,225,0.00953362535429013,0.4230769230769231,0.04888888888888889,0.46153846153846156,0.05333333333333334,0.5,0.057777777777777775,0.5384615384615384,0.06222222222222222,0.6153846153846154,0.07111111111111111,0.6538461538461539,0.07555555555555556,0.6538461538461539,0.07555555555555556,0.7307692307692307,0.08444444444444445,0.8461538461538461,0.09777777777777778
Seagate,LGBM,42,0.05,134,225,0.0499871167224942,0.23134328358208955,0.13777777777777778,0.2835820895522388,0.1688888888888889,0.3283582089552239,0.19555555555555557,0.373134328358209,0.2222222222222222,0.48507462686567165,0.28888888888888886,0.6119402985074627,0.36444444444444446,0.6417910447761194,0.38222222222222224,0.7835820895522388,0.4666666666666667,0.8880597014925373,0.5288888888888889
Seagate,LGBM,43,0.01,40,225,0.00979129090440608,0.4,0.07111111111111111,0.425,0.07555555555555556,0.45,0.08,0.525,0.09333333333333334,0.65,0.11555555555555555,0.75,0.13333333333333333,0.8,0.14222222222222222,0.925,0.16444444444444445,0.975,0.17333333333333334
Seagate,LGBM,43,0.05,138,225,0.0499871167224942,0.2463768115942029,0.1511111111111111,0.30434782608695654,0.18666666666666668,0.34057971014492755,0.2088888888888889,0.35507246376811596,0.21777777777777776,0.4855072463768116,0.29777777777777775,0.6086956521739131,0.37333333333333335,0.6666666666666666,0.4088888888888889,0.7971014492753623,0.4888888888888889,0.8913043478260869,0.5466666666666666
Seagate,LGBM,44,0.01,47,225,0.00979129090440608,0.46808510638297873,0.09777777777777778,0.48936170212765956,0.10222222222222223,0.5106382978723404,0.10666666666666667,0.574468085106383,0.12,0.6170212765957447,0.1288888888888889,0.6808510638297872,0.14222222222222222,0.7446808510638298,0.15555555555555556,0.8936170212765957,0.18666666666666668,0.9787234042553191,0.20444444444444446
Seagate,LGBM,44,0.05,136,225,0.0499871167224942,0.22794117647058823,0.13777777777777778,0.2867647058823529,0.17333333333333334,0.3235294117647059,0.19555555555555557,0.35294117647058826,0.21333333333333335,0.47058823529411764,0.28444444444444444,0.5955882352941176,0.36,0.6617647058823529,0.4,0.8014705882352942,0.48444444444444446,0.8970588235294118,0.5422222222222223
Seagate,LGBM,45,0.01,61,225,0.00953362535429013,0.3770491803278688,0.10222222222222223,0.39344262295081966,0.10666666666666667,0.4918032786885246,0.13333333333333333,0.5901639344262295,0.16,0.6885245901639344,0.18666666666666668,0.7540983606557377,0.20444444444444446,0.8032786885245902,0.21777777777777776,0.8852459016393442,0.24,0.9344262295081968,0.25333333333333335
Seagate,LGBM,45,0.05,140,225,0.04921412007214635,0.2571428571428571,0.16,0.30714285714285716,0.19111111111111112,0.32142857142857145,0.2,0.35,0.21777777777777776,0.4928571428571429,0.30666666666666664,0.5928571428571429,0.3688888888888889,0.6714285714285714,0.4177777777777778,0.7928571428571428,0.49333333333333335,0.8857142857142857,0.5511111111111111
Seagate,LGBM,46,0.01,53,225,0.00979129090440608,0.41509433962264153,0.09777777777777778,0.4716981132075472,0.1111111111111111,0.5283018867924528,0.12444444444444444,0.5471698113207547,0.1288888888888889,0.7169811320754716,0.1688888888888889,0.7924528301886793,0.18666666666666668,0.8113207547169812,0.19111111111111112,0.8867924528301887,0.2088888888888889,0.9622641509433962,0.22666666666666666
Seagate,LGBM,46,0.05,139,225,0.04972945117237825,0.23741007194244604,0.14666666666666667,0.2949640287769784,0.18222222222222223,0.3381294964028777,0.2088888888888889,0.3597122302158273,0.2222222222222222,0.49640287769784175,0.30666666666666664,0.6187050359712231,0.38222222222222224,0.6618705035971223,0.4088888888888889,0.8129496402877698,0.5022222222222222,0.8992805755395683,0.5555555555555556
Seagate,LGBM,47,0.01,51,225,0.00979129090440608,0.37254901960784315,0.08444444444444445,0.4117647058823529,0.09333333333333334,0.47058823529411764,0.10666666666666667,0.5294117647058824,0.12,0.6470588235294118,0.14666666666666667,0.7254901960784313,0.16444444444444445,0.7843137254901961,0.17777777777777778,0.9215686274509803,0.2088888888888889,0.9803921568627451,0.2222222222222222
Seagate,LGBM,47,0.05,137,225,0.0499871167224942,0.24087591240875914,0.14666666666666667,0.2846715328467153,0.17333333333333334,0.32116788321167883,0.19555555555555557,0.3284671532846715,0.2,0.46715328467153283,0.28444444444444444,0.5912408759124088,0.36,0.6496350364963503,0.39555555555555555,0.7956204379562044,0.48444444444444446,0.8905109489051095,0.5422222222222223
Seagate,LGBM,48,0.01,60,225,0.00979129090440608,0.45,0.12,0.4666666666666667,0.12444444444444444,0.55,0.14666666666666667,0.6166666666666667,0.16444444444444445,0.7333333333333333,0.19555555555555557,0.8,0.21333333333333335,0.8333333333333334,0.2222222222222222,0.8833333333333333,0.23555555555555555,0.9166666666666666,0.24444444444444444
Seagate,LGBM,48,0.05,139,225,0.0499871167224942,0.302158273381295,0.18666666666666668,0.34532374100719426,0.21333333333333335,0.37410071942446044,0.2311111111111111,0.39568345323741005,0.24444444444444444,0.5035971223021583,0.3111111111111111,0.6187050359712231,0.38222222222222224,0.6762589928057554,0.4177777777777778,0.8129496402877698,0.5022222222222222,0.9064748201438849,0.56
Seagate,LGBM,49,0.01,48,225,0.00979129090440608,0.3541666666666667,0.07555555555555556,0.3958333333333333,0.08444444444444445,0.4583333333333333,0.09777777777777778,0.5208333333333334,0.1111111111111111,0.6458333333333334,0.13777777777777778,0.75,0.16,0.7708333333333334,0.16444444444444445,0.875,0.18666666666666668,0.9583333333333334,0.20444444444444446
Seagate,LGBM,49,0.05,141,225,0.0499871167224942,0.24113475177304963,0.1511111111111111,0.28368794326241137,0.17777777777777778,0.3404255319148936,0.21333333333333335,0.3617021276595745,0.22666666666666666,0.48936170212765956,0.30666666666666664,0.6170212765957447,0.38666666666666666,0.6524822695035462,0.4088888888888889,0.7943262411347518,0.49777777777777776,0.900709219858156,0.5644444444444444
Seagate,LGBM,50,0.01,30,225,0.00979129090440608,0.36666666666666664,0.04888888888888889,0.4,0.05333333333333334,0.43333333333333335,0.057777777777777775,0.4666666666666667,0.06222222222222222,0.5666666666666667,0.07555555555555556,0.6666666666666666,0.08888888888888889,0.7333333333333333,0.09777777777777778,0.8666666666666667,0.11555555555555555,0.9333333333333333,0.12444444444444444
Seagate,LGBM,50,0.05,137,225,0.04972945117237825,0.24817518248175183,0.1511111111111111,0.291970802919708,0.17777777777777778,0.3357664233576642,0.20444444444444446,0.39416058394160586,0.24,0.5109489051094891,0.3111111111111111,0.6204379562043796,0.37777777777777777,0.6715328467153284,0.4088888888888889,0.8029197080291971,0.4888888888888889,0.8978102189781022,0.5466666666666666
Seagate,LGBM,51,0.01,40,225,0.00979129090440608,0.225,0.04,0.3,0.05333333333333334,0.375,0.06666666666666667,0.525,0.09333333333333334,0.6,0.10666666666666667,0.675,0.12,0.7,0.12444444444444444,0.85,0.1511111111111111,0.925,0.16444444444444445
Seagate,LGBM,51,0.05,138,225,0.0499871167224942,0.2608695652173913,0.16,0.30434782608695654,0.18666666666666668,0.34057971014492755,0.2088888888888889,0.37681159420289856,0.2311111111111111,0.4927536231884058,0.3022222222222222,0.5869565217391305,0.36,0.6594202898550725,0.40444444444444444,0.7971014492753623,0.4888888888888889,0.8840579710144928,0.5422222222222223
Seagate,LGBM,52,0.01,57,225,0.00979129090440608,0.45614035087719296,0.11555555555555555,0.49122807017543857,0.12444444444444444,0.5614035087719298,0.14222222222222222,0.631578947368421,0.16,0.7368421052631579,0.18666666666666668,0.8070175438596491,0.20444444444444446,0.8070175438596491,0.20444444444444446,0.8771929824561403,0.2222222222222222,0.9824561403508771,0.24888888888888888
Seagate,LGBM,52,0.05,138,225,0.0499871167224942,0.2246376811594203,0.13777777777777778,0.2753623188405797,0.1688888888888889,0.32608695652173914,0.2,0.36231884057971014,0.2222222222222222,0.4782608695652174,0.29333333333333333,0.5869565217391305,0.36,0.644927536231884,0.39555555555555555,0.7971014492753623,0.4888888888888889,0.8913043478260869,0.5466666666666666
Seagate,LGBM,53,0.01,45,225,0.00979129090440608,0.3111111111111111,0.06222222222222222,0.35555555555555557,0.07111111111111111,0.4222222222222222,0.08444444444444445,0.5555555555555556,0.1111111111111111,0.6666666666666666,0.13333333333333333,0.7333333333333333,0.14666666666666667,0.7555555555555555,0.1511111111111111,0.8444444444444444,0.1688888888888889,0.8888888888888888,0.17777777777777778
Seagate,LGBM,53,0.05,137,225,0.04972945117237825,0.26277372262773724,0.16,0.30656934306569344,0.18666666666666668,0.35036496350364965,0.21333333333333335,0.39416058394160586,0.24,0.5109489051094891,0.3111111111111111,0.6204379562043796,0.37777777777777777,0.6642335766423357,0.40444444444444444,0.8102189781021898,0.49333333333333335,0.8978102189781022,0.5466666666666666
Seagate,LGBM,54,0.01,28,225,0.00979129090440608,0.2857142857142857,0.035555555555555556,0.32142857142857145,0.04,0.32142857142857145,0.04,0.35714285714285715,0.044444444444444446,0.4642857142857143,0.057777777777777775,0.5,0.06222222222222222,0.5714285714285714,0.07111111111111111,0.7142857142857143,0.08888888888888889,0.8571428571428571,0.10666666666666667
Seagate,LGBM,54,0.05,127,225,0.0499871167224942,0.2440944881889764,0.13777777777777778,0.30708661417322836,0.17333333333333334,0.33858267716535434,0.19111111111111112,0.3858267716535433,0.21777777777777776,0.5118110236220472,0.28888888888888886,0.6141732283464567,0.3466666666666667,0.6771653543307087,0.38222222222222224,0.7952755905511811,0.4488888888888889,0.9133858267716536,0.5155555555555555
Seagate,LGBM,55,0.01,37,225,0.00979129090440608,0.4594594594594595,0.07555555555555556,0.4594594594594595,0.07555555555555556,0.4864864864864865,0.08,0.5405405405405406,0.08888888888888889,0.7027027027027027,0.11555555555555555,0.7567567567567568,0.12444444444444444,0.7837837837837838,0.1288888888888889,0.8918918918918919,0.14666666666666667,0.972972972972973,0.16
Seagate,LGBM,55,0.05,131,225,0.0499871167224942,0.2595419847328244,0.1511111111111111,0.29770992366412213,0.17333333333333334,0.32061068702290074,0.18666666666666668,0.366412213740458,0.21333333333333335,0.48091603053435117,0.28,0.6106870229007634,0.35555555555555557,0.648854961832061,0.37777777777777777,0.816793893129771,0.47555555555555556,0.9083969465648855,0.5288888888888889
Seagate,LGBM,56,0.01,25,225,0.008245297603710384,0.24,0.02666666666666667,0.32,0.035555555555555556,0.44,0.04888888888888889,0.52,0.057777777777777775,0.6,0.06666666666666667,0.68,0.07555555555555556,0.76,0.08444444444444445,0.84,0.09333333333333334,0.88,0.09777777777777778
Seagate,LGBM,56,0.05,138,225,0.0499871167224942,0.2391304347826087,0.14666666666666667,0.2898550724637681,0.17777777777777778,0.3188405797101449,0.19555555555555557,0.36231884057971014,0.2222222222222222,0.4927536231884058,0.3022222222222222,0.5869565217391305,0.36,0.6666666666666666,0.4088888888888889,0.7971014492753623,0.4888888888888889,0.8840579710144928,0.5422222222222223
Seagate,LGBM,57,0.01,44,225,0.00979129090440608,0.4090909090909091,0.08,0.45454545454545453,0.08888888888888889,0.5227272727272727,0.10222222222222223,0.6136363636363636,0.12,0.7727272727272727,0.1511111111111111,0.7954545454545454,0.15555555555555556,0.8181818181818182,0.16,0.8863636363636364,0.17333333333333334,0.9545454545454546,0.18666666666666668
Seagate,LGBM,57,0.05,139,225,0.0499871167224942,0.26618705035971224,0.16444444444444445,0.302158273381295,0.18666666666666668,0.34532374100719426,0.21333333333333335,0.37410071942446044,0.2311111111111111,0.5035971223021583,0.3111111111111111,0.60431654676259,0.37333333333333335,0.6834532374100719,0.4222222222222222,0.8057553956834532,0.49777777777777776,0.9064748201438849,0.56
Seagate,LGBM,58,0.01,53,225,0.00953362535429013,0.39622641509433965,0.09333333333333334,0.4716981132075472,0.1111111111111111,0.5660377358490566,0.13333333333333333,0.5849056603773585,0.13777777777777778,0.6981132075471698,0.16444444444444445,0.7547169811320755,0.17777777777777778,0.7924528301886793,0.18666666666666668,0.8867924528301887,0.2088888888888889,0.9811320754716981,0.2311111111111111
Seagate,LGBM,58,0.05,135,225,0.04869878897191446,0.23703703703703705,0.14222222222222222,0.2962962962962963,0.17777777777777778,0.31851851851851853,0.19111111111111112,0.362962962962963,0.21777777777777776,0.5185185185185185,0.3111111111111111,0.5925925925925926,0.35555555555555557,0.674074074074074,0.40444444444444444,0.8,0.48,0.8888888888888888,0.5333333333333333
Seagate,LGBM,59,0.01,44,225,0.00979129090440608,0.5,0.09777777777777778,0.5,0.09777777777777778,0.5454545454545454,0.10666666666666667,0.6136363636363636,0.12,0.7045454545454546,0.13777777777777778,0.75,0.14666666666666667,0.7727272727272727,0.1511111111111111,0.8636363636363636,0.1688888888888889,0.9318181818181818,0.18222222222222223
Seagate,LGBM,59,0.05,136,225,0.0499871167224942,0.2647058823529412,0.16,0.3088235294117647,0.18666666666666668,0.3382352941176471,0.20444444444444446,0.36764705882352944,0.2222222222222222,0.47794117647058826,0.28888888888888886,0.6029411764705882,0.36444444444444446,0.6691176470588235,0.40444444444444444,0.8014705882352942,0.48444444444444446,0.8897058823529411,0.5377777777777778
Seagate,LGBM,60,0.01,54,225,0.00979129090440608,0.4444444444444444,0.10666666666666667,0.48148148148148145,0.11555555555555555,0.5185185185185185,0.12444444444444444,0.5740740740740741,0.13777777777777778,0.6666666666666666,0.16,0.7962962962962963,0.19111111111111112,0.8333333333333334,0.2,0.9444444444444444,0.22666666666666666,0.9814814814814815,0.23555555555555555
Seagate,LGBM,60,0.05,140,225,0.0499871167224942,0.2571428571428571,0.16,0.30714285714285716,0.19111111111111112,0.34285714285714286,0.21333333333333335,0.37857142857142856,0.23555555555555555,0.4857142857142857,0.3022222222222222,0.6214285714285714,0.38666666666666666,0.6714285714285714,0.4177777777777778,0.8071428571428572,0.5022222222222222,0.9071428571428571,0.5644444444444444
Seagate,LGBM,61,0.01,49,225,0.00979129090440608,0.42857142857142855,0.09333333333333334,0.46938775510204084,0.10222222222222223,0.5510204081632653,0.12,0.6122448979591837,0.13333333333333333,0.673469387755102,0.14666666666666667,0.7346938775510204,0.16,0.7755102040816326,0.1688888888888889,0.8775510204081632,0.19111111111111112,0.9795918367346939,0.21333333333333335
Seagate,LGBM,61,0.05,138,225,0.0499871167224942,0.2318840579710145,0.14222222222222222,0.2971014492753623,0.18222222222222223,0.3333333333333333,0.20444444444444446,0.3695652173913043,0.22666666666666666,0.4782608695652174,0.29333333333333333,0.5869565217391305,0.36,0.644927536231884,0.39555555555555555,0.7971014492753623,0.4888888888888889,0.8985507246376812,0.5511111111111111
Seagate,LGBM,62,0.01,63,225,0.008245297603710384,0.42857142857142855,0.12,0.49206349206349204,0.13777777777777778,0.5555555555555556,0.15555555555555556,0.6190476190476191,0.17333333333333334,0.746031746031746,0.2088888888888889,0.7777777777777778,0.21777777777777776,0.8253968253968254,0.2311111111111111,0.9206349206349206,0.2577777777777778,0.9523809523809523,0.26666666666666666
Seagate,LGBM,62,0.05,129,225,0.04148415356866787,0.24031007751937986,0.13777777777777778,0.3023255813953488,0.17333333333333334,0.34108527131782945,0.19555555555555557,0.3875968992248062,0.2222222222222222,0.5038759689922481,0.28888888888888886,0.5968992248062015,0.3422222222222222,0.6356589147286822,0.36444444444444446,0.813953488372093,0.4666666666666667,0.9147286821705426,0.5244444444444445
Seagate,LGBM,63,0.01,42,225,0.00979129090440608,0.2857142857142857,0.05333333333333334,0.30952380952380953,0.057777777777777775,0.47619047619047616,0.08888888888888889,0.5238095238095238,0.09777777777777778,0.6428571428571429,0.12,0.6904761904761905,0.1288888888888889,0.7142857142857143,0.13333333333333333,0.8333333333333334,0.15555555555555556,0.9047619047619048,0.1688888888888889
Seagate,LGBM,63,0.05,139,225,0.0499871167224942,0.2589928057553957,0.16,0.302158273381295,0.18666666666666668,0.3597122302158273,0.2222222222222222,0.37410071942446044,0.2311111111111111,0.48201438848920863,0.29777777777777775,0.5899280575539568,0.36444444444444446,0.6474820143884892,0.4,0.7985611510791367,0.49333333333333335,0.8848920863309353,0.5466666666666666
Seagate,LGBM,64,0.01,53,225,0.00979129090440608,0.39622641509433965,0.09333333333333334,0.4339622641509434,0.10222222222222223,0.49056603773584906,0.11555555555555555,0.5660377358490566,0.13333333333333333,0.6981132075471698,0.16444444444444445,0.7547169811320755,0.17777777777777778,0.8301886792452831,0.19555555555555557,0.9433962264150944,0.2222222222222222,0.9622641509433962,0.22666666666666666
Seagate,LGBM,64,0.05,133,225,0.0499871167224942,0.2556390977443609,0.1511111111111111,0.3007518796992481,0.17777777777777778,0.3383458646616541,0.2,0.3684210526315789,0.21777777777777776,0.48872180451127817,0.28888888888888886,0.6090225563909775,0.36,0.6541353383458647,0.38666666666666666,0.8045112781954887,0.47555555555555556,0.9022556390977443,0.5333333333333333
Seagate,LGBM,65,0.01,57,225,0.00979129090440608,0.38596491228070173,0.09777777777777778,0.40350877192982454,0.10222222222222223,0.45614035087719296,0.11555555555555555,0.543859649122807,0.13777777777777778,0.631578947368421,0.16,0.6842105263157895,0.17333333333333334,0.7368421052631579,0.18666666666666668,0.8421052631578947,0.21333333333333335,0.8947368421052632,0.22666666666666666
Seagate,LGBM,65,0.05,141,225,0.04921412007214635,0.2907801418439716,0.18222222222222223,0.3404255319148936,0.21333333333333335,0.3546099290780142,0.2222222222222222,0.375886524822695,0.23555555555555555,0.49645390070921985,0.3111111111111111,0.6099290780141844,0.38222222222222224,0.6666666666666666,0.4177777777777778,0.8014184397163121,0.5022222222222222,0.8936170212765957,0.56
Seagate,LGBM,66,0.01,66,225,0.00979129090440608,0.48484848484848486,0.14222222222222222,0.5151515151515151,0.1511111111111111,0.6060606060606061,0.17777777777777778,0.6363636363636364,0.18666666666666668,0.7424242424242424,0.21777777777777776,0.8181818181818182,0.24,0.8333333333333334,0.24444444444444444,0.8939393939393939,0.26222222222222225,0.9696969696969697,0.28444444444444444
Seagate,LGBM,66,0.05,135,225,0.0499871167224942,0.21481481481481482,0.1288888888888889,0.26666666666666666,0.16,0.3037037037037037,0.18222222222222223,0.3111111111111111,0.18666666666666668,0.4444444444444444,0.26666666666666666,0.5777777777777777,0.3466666666666667,0.6296296296296297,0.37777777777777777,0.7851851851851852,0.4711111111111111,0.8888888888888888,0.5333333333333333
Seagate,LGBM,67,0.01,43,225,0.00979129090440608,0.3488372093023256,0.06666666666666667,0.37209302325581395,0.07111111111111111,0.4418604651162791,0.08444444444444445,0.6046511627906976,0.11555555555555555,0.7209302325581395,0.13777777777777778,0.7674418604651163,0.14666666666666667,0.7674418604651163,0.14666666666666667,0.8837209302325582,0.1688888888888889,0.9534883720930233,0.18222222222222223
Seagate,LGBM,67,0.05,135,225,0.0499871167224942,0.24444444444444444,0.14666666666666667,0.28888888888888886,0.17333333333333334,0.32592592592592595,0.19555555555555557,0.362962962962963,0.21777777777777776,0.45925925925925926,0.27555555555555555,0.6,0.36,0.6444444444444445,0.38666666666666666,0.8074074074074075,0.48444444444444446,0.9037037037037037,0.5422222222222223
Seagate,LGBM,68,0.01,39,225,0.00979129090440608,0.3333333333333333,0.057777777777777775,0.41025641025641024,0.07111111111111111,0.46153846153846156,0.08,0.48717948717948717,0.08444444444444445,0.5128205128205128,0.08888888888888889,0.5897435897435898,0.10222222222222223,0.6666666666666666,0.11555555555555555,0.8717948717948718,0.1511111111111111,0.9487179487179487,0.16444444444444445
Seagate,LGBM,68,0.05,134,225,0.0499871167224942,0.23880597014925373,0.14222222222222222,0.2835820895522388,0.1688888888888889,0.3208955223880597,0.19111111111111112,0.3582089552238806,0.21333333333333335,0.4701492537313433,0.28,0.5671641791044776,0.3377777777777778,0.6343283582089553,0.37777777777777777,0.7686567164179104,0.4577777777777778,0.8805970149253731,0.5244444444444445
Seagate,LGBM,69,0.01,51,225,0.00979129090440608,0.29411764705882354,0.06666666666666667,0.37254901960784315,0.08444444444444445,0.49019607843137253,0.1111111111111111,0.5294117647058824,0.12,0.6666666666666666,0.1511111111111111,0.7843137254901961,0.17777777777777778,0.803921568627451,0.18222222222222223,0.9019607843137255,0.20444444444444446,0.9607843137254902,0.21777777777777776
Seagate,LGBM,69,0.05,139,225,0.04972945117237825,0.22302158273381295,0.13777777777777778,0.2949640287769784,0.18222222222222223,0.34532374100719426,0.21333333333333335,0.3597122302158273,0.2222222222222222,0.48201438848920863,0.29777777777777775,0.6187050359712231,0.38222222222222224,0.6690647482014388,0.41333333333333333,0.8057553956834532,0.49777777777777776,0.8992805755395683,0.5555555555555556
Seagate,LGBM,70,0.01,44,225,0.00979129090440608,0.45454545454545453,0.08888888888888889,0.45454545454545453,0.08888888888888889,0.4772727272727273,0.09333333333333334,0.5227272727272727,0.10222222222222223,0.6363636363636364,0.12444444444444444,0.7045454545454546,0.13777777777777778,0.7727272727272727,0.1511111111111111,0.9090909090909091,0.17777777777777778,0.9772727272727273,0.19111111111111112
Seagate,LGBM,70,0.05,134,225,0.0499871167224942,0.27611940298507465,0.16444444444444445,0.31343283582089554,0.18666666666666668,0.35074626865671643,0.2088888888888889,0.3805970149253731,0.22666666666666666,0.48507462686567165,0.28888888888888886,0.6044776119402985,0.36,0.6492537313432836,0.38666666666666666,0.7985074626865671,0.47555555555555556,0.9029850746268657,0.5377777777777778
Seagate,LGBM,71,0.01,61,225,0.00979129090440608,0.39344262295081966,0.10666666666666667,0.47540983606557374,0.1288888888888889,0.5245901639344263,0.14222222222222222,0.5573770491803278,0.1511111111111111,0.6229508196721312,0.1688888888888889,0.6721311475409836,0.18222222222222223,0.7213114754098361,0.19555555555555557,0.819672131147541,0.2222222222222222,0.9344262295081968,0.25333333333333335
Seagate,LGBM,71,0.05,138,225,0.0499871167224942,0.2608695652173913,0.16,0.30434782608695654,0.18666666666666668,0.3333333333333333,0.20444444444444446,0.36231884057971014,0.2222222222222222,0.463768115942029,0.28444444444444444,0.572463768115942,0.3511111111111111,0.6231884057971014,0.38222222222222224,0.7898550724637681,0.48444444444444446,0.8840579710144928,0.5422222222222223
Seagate,XGB,42,0.01,60,225,0.00979129090440608,0.48333333333333334,0.1288888888888889,0.5166666666666667,0.13777777777777778,0.55,0.14666666666666667,0.6333333333333333,0.1688888888888889,0.7,0.18666666666666668,0.7333333333333333,0.19555555555555557,0.7833333333333333,0.2088888888888889,0.8666666666666667,0.2311111111111111,0.9333333333333333,0.24888888888888888
Seagate,XGB,42,0.05,139,225,0.0499871167224942,0.2302158273381295,0.14222222222222222,0.302158273381295,0.18666666666666668,0.3381294964028777,0.2088888888888889,0.35251798561151076,0.21777777777777776,0.48201438848920863,0.29777777777777775,0.5755395683453237,0.35555555555555557,0.6402877697841727,0.39555555555555555,0.7841726618705036,0.48444444444444446,0.8776978417266187,0.5422222222222223
Seagate,XGB,43,0.01,68,225,0.00979129090440608,0.47058823529411764,0.14222222222222222,0.5,0.1511111111111111,0.5441176470588235,0.16444444444444445,0.6323529411764706,0.19111111111111112,0.7205882352941176,0.21777777777777776,0.75,0.22666666666666666,0.7941176470588235,0.24,0.8676470588235294,0.26222222222222225,0.9264705882352942,0.28
Seagate,XGB,43,0.05,142,225,0.0499871167224942,0.2535211267605634,0.16,0.3028169014084507,0.19111111111111112,0.33098591549295775,0.2088888888888889,0.3591549295774648,0.22666666666666666,0.4859154929577465,0.30666666666666664,0.5845070422535211,0.3688888888888889,0.6690140845070423,0.4222222222222222,0.8028169014084507,0.5066666666666667,0.8943661971830986,0.5644444444444444
Seagate,XGB,44,0.01,59,225,0.00979129090440608,0.4745762711864407,0.12444444444444444,0.4915254237288136,0.1288888888888889,0.5423728813559322,0.14222222222222222,0.576271186440678,0.1511111111111111,0.6440677966101694,0.1688888888888889,0.7457627118644068,0.19555555555555557,0.7796610169491526,0.20444444444444446,0.864406779661017,0.22666666666666666,0.9491525423728814,0.24888888888888888
Seagate,XGB,44,0.05,139,225,0.0499871167224942,0.2517985611510791,0.15555555555555556,0.2949640287769784,0.18222222222222223,0.35251798561151076,0.21777777777777776,0.3669064748201439,0.22666666666666666,0.4892086330935252,0.3022222222222222,0.6115107913669064,0.37777777777777777,0.6690647482014388,0.41333333333333333,0.7913669064748201,0.4888888888888889,0.8920863309352518,0.5511111111111111
Seagate,XGB,45,0.01,65,225,0.00979129090440608,0.4,0.11555555555555555,0.46153846153846156,0.13333333333333333,0.47692307692307695,0.13777777777777778,0.5846153846153846,0.1688888888888889,0.6615384615384615,0.19111111111111112,0.6923076923076923,0.2,0.7538461538461538,0.21777777777777776,0.8307692307692308,0.24,0.9076923076923077,0.26222222222222225
Seagate,XGB,45,0.05,136,225,0.0499871167224942,0.25735294117647056,0.15555555555555556,0.3161764705882353,0.19111111111111112,0.3602941176470588,0.21777777777777776,0.38235294117647056,0.2311111111111111,0.47794117647058826,0.28888888888888886,0.5955882352941176,0.36,0.6470588235294118,0.39111111111111113,0.7794117647058824,0.4711111111111111,0.875,0.5288888888888889
Seagate,XGB,46,0.01,63,225,0.00979129090440608,0.4603174603174603,0.1288888888888889,0.47619047619047616,0.13333333333333333,0.5079365079365079,0.14222222222222222,0.5714285714285714,0.16,0.6984126984126984,0.19555555555555557,0.7301587301587301,0.20444444444444446,0.7777777777777778,0.21777777777777776,0.8571428571428571,0.24,0.9365079365079365,0.26222222222222225
Seagate,XGB,46,0.05,138,225,0.0499871167224942,0.2318840579710145,0.14222222222222222,0.30434782608695654,0.18666666666666668,0.36231884057971014,0.2222222222222222,0.38405797101449274,0.23555555555555555,0.4855072463768116,0.29777777777777775,0.6086956521739131,0.37333333333333335,0.6521739130434783,0.4,0.7898550724637681,0.48444444444444446,0.8840579710144928,0.5422222222222223
Seagate,XGB,47,0.01,69,225,0.00979129090440608,0.42028985507246375,0.1288888888888889,0.4927536231884058,0.1511111111111111,0.5217391304347826,0.16,0.6376811594202898,0.19555555555555557,0.7101449275362319,0.21777777777777776,0.7391304347826086,0.22666666666666666,0.782608695652174,0.24,0.855072463768116,0.26222222222222225,0.927536231884058,0.28444444444444444
Seagate,XGB,47,0.05,141,225,0.0499871167224942,0.2624113475177305,0.16444444444444445,0.3049645390070922,0.19111111111111112,0.3475177304964539,0.21777777777777776,0.3617021276595745,0.22666666666666666,0.48936170212765956,0.30666666666666664,0.574468085106383,0.36,0.6453900709219859,0.40444444444444444,0.7801418439716312,0.4888888888888889,0.8723404255319149,0.5466666666666666
Seagate,XGB,48,0.01,62,225,0.00979129090440608,0.4032258064516129,0.1111111111111111,0.46774193548387094,0.1288888888888889,0.5161290322580645,0.14222222222222222,0.6129032258064516,0.1688888888888889,0.6935483870967742,0.19111111111111112,0.7580645161290323,0.2088888888888889,0.7903225806451613,0.21777777777777776,0.8548387096774194,0.23555555555555555,0.9354838709677419,0.2577777777777778
Seagate,XGB,48,0.05,135,225,0.0499871167224942,0.23703703703703705,0.14222222222222222,0.28888888888888886,0.17333333333333334,0.32592592592592595,0.19555555555555557,0.34814814814814815,0.2088888888888889,0.4888888888888889,0.29333333333333333,0.5851851851851851,0.3511111111111111,0.6444444444444445,0.38666666666666666,0.7851851851851852,0.4711111111111111,0.8814814814814815,0.5288888888888889
Seagate,XGB,49,0.01,55,225,0.00979129090440608,0.4,0.09777777777777778,0.43636363636363634,0.10666666666666667,0.4909090909090909,0.12,0.6,0.14666666666666667,0.6909090909090909,0.1688888888888889,0.7636363636363637,0.18666666666666668,0.8181818181818182,0.2,0.8545454545454545,0.2088888888888889,0.9454545454545454,0.2311111111111111
Seagate,XGB,49,0.05,135,225,0.0499871167224942,0.22962962962962963,0.13777777777777778,0.3037037037037037,0.18222222222222223,0.34814814814814815,0.2088888888888889,0.362962962962963,0.21777777777777776,0.4666666666666667,0.28,0.5703703703703704,0.3422222222222222,0.6592592592592592,0.39555555555555555,0.7851851851851852,0.4711111111111111,0.8814814814814815,0.5288888888888889
Seagate,XGB,50,0.01,58,225,0.00979129090440608,0.4482758620689655,0.11555555555555555,0.46551724137931033,0.12,0.4827586206896552,0.12444444444444444,0.5862068965517241,0.1511111111111111,0.6896551724137931,0.17777777777777778,0.7413793103448276,0.19111111111111112,0.7931034482758621,0.20444444444444446,0.8793103448275862,0.22666666666666666,0.9482758620689655,0.24444444444444444
Seagate,XGB,50,0.05,137,225,0.0499871167224942,0.24817518248175183,0.1511111111111111,0.30656934306569344,0.18666666666666668,0.35036496350364965,0.21333333333333335,0.3795620437956204,0.2311111111111111,0.5036496350364964,0.30666666666666664,0.5985401459854015,0.36444444444444446,0.6642335766423357,0.40444444444444444,0.781021897810219,0.47555555555555556,0.8759124087591241,0.5333333333333333
Seagate,XGB,51,0.01,55,225,0.00979129090440608,0.41818181818181815,0.10222222222222223,0.43636363636363634,0.10666666666666667,0.45454545454545453,0.1111111111111111,0.5454545454545454,0.13333333333333333,0.6727272727272727,0.16444444444444445,0.7090909090909091,0.17333333333333334,0.7454545454545455,0.18222222222222223,0.8363636363636363,0.20444444444444446,0.9090909090909091,0.2222222222222222
Seagate,XGB,51,0.05,135,225,0.0499871167224942,0.23703703703703705,0.14222222222222222,0.28888888888888886,0.17333333333333334,0.32592592592592595,0.19555555555555557,0.34814814814814815,0.2088888888888889,0.4740740740740741,0.28444444444444444,0.5925925925925926,0.35555555555555557,0.6592592592592592,0.39555555555555555,0.7777777777777778,0.4666666666666667,0.8814814814814815,0.5288888888888889
Seagate,XGB,52,0.01,66,225,0.00979129090440608,0.3787878787878788,0.1111111111111111,0.3939393939393939,0.11555555555555555,0.42424242424242425,0.12444444444444444,0.5303030303030303,0.15555555555555556,0.6818181818181818,0.2,0.7121212121212122,0.2088888888888889,0.7575757575757576,0.2222222222222222,0.8636363636363636,0.25333333333333335,0.9393939393939394,0.27555555555555555
Seagate,XGB,52,0.05,137,225,0.0499871167224942,0.25547445255474455,0.15555555555555556,0.32116788321167883,0.19555555555555557,0.35766423357664234,0.21777777777777776,0.3795620437956204,0.2311111111111111,0.4744525547445255,0.28888888888888886,0.583941605839416,0.35555555555555557,0.6496350364963503,0.39555555555555555,0.7737226277372263,0.4711111111111111,0.8759124087591241,0.5333333333333333
Seagate,XGB,53,0.01,56,225,0.00979129090440608,0.4642857142857143,0.11555555555555555,0.48214285714285715,0.12,0.5357142857142857,0.13333333333333333,0.5892857142857143,0.14666666666666667,0.6607142857142857,0.16444444444444445,0.7321428571428571,0.18222222222222223,0.7857142857142857,0.19555555555555557,0.8571428571428571,0.21333333333333335,0.9464285714285714,0.23555555555555555
Seagate,XGB,53,0.05,140,225,0.0499871167224942,0.25,0.15555555555555556,0.32142857142857145,0.2,0.36428571428571427,0.22666666666666666,0.38571428571428573,0.24,0.4928571428571429,0.30666666666666664,0.5928571428571429,0.3688888888888889,0.6642857142857143,0.41333333333333333,0.7928571428571428,0.49333333333333335,0.8928571428571429,0.5555555555555556
Seagate,XGB,54,0.01,63,225,0.00979129090440608,0.4603174603174603,0.1288888888888889,0.5079365079365079,0.14222222222222222,0.5396825396825397,0.1511111111111111,0.6190476190476191,0.17333333333333334,0.7142857142857143,0.2,0.7619047619047619,0.21333333333333335,0.7936507936507936,0.2222222222222222,0.8571428571428571,0.24,0.9365079365079365,0.26222222222222225
Seagate,XGB,54,0.05,141,225,0.0499871167224942,0.23404255319148937,0.14666666666666667,0.2978723404255319,0.18666666666666668,0.3475177304964539,0.21777777777777776,0.36879432624113473,0.2311111111111111,0.49645390070921985,0.3111111111111111,0.5815602836879432,0.36444444444444446,0.6453900709219859,0.40444444444444444,0.7801418439716312,0.4888888888888889,0.8723404255319149,0.5466666666666666
Seagate,XGB,55,0.01,65,225,0.00953362535429013,0.4307692307692308,0.12444444444444444,0.46153846153846156,0.13333333333333333,0.5076923076923077,0.14666666666666667,0.6461538461538462,0.18666666666666668,0.7230769230769231,0.2088888888888889,0.7538461538461538,0.21777777777777776,0.7846153846153846,0.22666666666666666,0.8615384615384616,0.24888888888888888,0.9230769230769231,0.26666666666666666
Seagate,XGB,55,0.05,138,225,0.0499871167224942,0.2391304347826087,0.14666666666666667,0.30434782608695654,0.18666666666666668,0.34782608695652173,0.21333333333333335,0.3695652173913043,0.22666666666666666,0.4927536231884058,0.3022222222222222,0.5869565217391305,0.36,0.6594202898550725,0.40444444444444444,0.7971014492753623,0.4888888888888889,0.8840579710144928,0.5422222222222223
Seagate,XGB,56,0.01,62,225,0.00979129090440608,0.43548387096774194,0.12,0.46774193548387094,0.1288888888888889,0.5161290322580645,0.14222222222222222,0.5806451612903226,0.16,0.6612903225806451,0.18222222222222223,0.7258064516129032,0.2,0.7741935483870968,0.21333333333333335,0.8387096774193549,0.2311111111111111,0.9193548387096774,0.25333333333333335
Seagate,XGB,56,0.05,129,225,0.0499871167224942,0.2558139534883721,0.14666666666666667,0.3023255813953488,0.17333333333333334,0.32558139534883723,0.18666666666666668,0.3488372093023256,0.2,0.4573643410852713,0.26222222222222225,0.5891472868217055,0.3377777777777778,0.6356589147286822,0.36444444444444446,0.7674418604651163,0.44,0.875968992248062,0.5022222222222222
Seagate,XGB,57,0.01,65,225,0.00979129090440608,0.4153846153846154,0.12,0.46153846153846156,0.13333333333333333,0.5076923076923077,0.14666666666666667,0.6,0.17333333333333334,0.6923076923076923,0.2,0.7384615384615385,0.21333333333333335,0.7692307692307693,0.2222222222222222,0.8461538461538461,0.24444444444444444,0.9384615384615385,0.27111111111111114
Seagate,XGB,57,0.05,140,225,0.0499871167224942,0.25,0.15555555555555556,0.3,0.18666666666666668,0.35,0.21777777777777776,0.36428571428571427,0.22666666666666666,0.4928571428571429,0.30666666666666664,0.5928571428571429,0.3688888888888889,0.65,0.40444444444444444,0.7928571428571428,0.49333333333333335,0.8857142857142857,0.5511111111111111
Seagate,XGB,58,0.01,67,225,0.00979129090440608,0.417910447761194,0.12444444444444444,0.4626865671641791,0.13777777777777778,0.5373134328358209,0.16,0.6417910447761194,0.19111111111111112,0.746268656716418,0.2222222222222222,0.7761194029850746,0.2311111111111111,0.8208955223880597,0.24444444444444444,0.8656716417910447,0.2577777777777778,0.9253731343283582,0.27555555555555555
Seagate,XGB,58,0.05,136,225,0.0499871167224942,0.23529411764705882,0.14222222222222222,0.3014705882352941,0.18222222222222223,0.3382352941176471,0.20444444444444446,0.34558823529411764,0.2088888888888889,0.4852941176470588,0.29333333333333333,0.5882352941176471,0.35555555555555557,0.6323529411764706,0.38222222222222224,0.7941176470588235,0.48,0.8823529411764706,0.5333333333333333
Seagate,XGB,59,0.01,51,225,0.00979129090440608,0.39215686274509803,0.08888888888888889,0.4117647058823529,0.09333333333333334,0.4117647058823529,0.09333333333333334,0.49019607843137253,0.1111111111111111,0.6470588235294118,0.14666666666666667,0.7254901960784313,0.16444444444444445,0.7254901960784313,0.16444444444444445,0.8235294117647058,0.18666666666666668,0.9215686274509803,0.2088888888888889
Seagate,XGB,59,0.05,134,225,0.0499871167224942,0.2462686567164179,0.14666666666666667,0.2835820895522388,0.1688888888888889,0.3208955223880597,0.19111111111111112,0.34328358208955223,0.20444444444444446,0.4626865671641791,0.27555555555555555,0.5746268656716418,0.3422222222222222,0.6268656716417911,0.37333333333333335,0.7761194029850746,0.4622222222222222,0.8656716417910447,0.5155555555555555
Seagate,XGB,60,0.01,61,225,0.00979129090440608,0.4262295081967213,0.11555555555555555,0.45901639344262296,0.12444444444444444,0.5081967213114754,0.13777777777777778,0.6065573770491803,0.16444444444444445,0.6885245901639344,0.18666666666666668,0.7540983606557377,0.20444444444444446,0.7868852459016393,0.21333333333333335,0.8524590163934426,0.2311111111111111,0.9180327868852459,0.24888888888888888
Seagate,XGB,60,0.05,137,225,0.0499871167224942,0.24817518248175183,0.1511111111111111,0.29927007299270075,0.18222222222222223,0.3357664233576642,0.20444444444444446,0.35766423357664234,0.21777777777777776,0.48175182481751827,0.29333333333333333,0.5766423357664233,0.3511111111111111,0.656934306569343,0.4,0.7737226277372263,0.4711111111111111,0.8686131386861314,0.5288888888888889
Seagate,XGB,61,0.01,66,225,0.00979129090440608,0.4696969696969697,0.13777777777777778,0.5151515151515151,0.1511111111111111,0.5454545454545454,0.16,0.6363636363636364,0.18666666666666668,0.7575757575757576,0.2222222222222222,0.7878787878787878,0.2311111111111111,0.8181818181818182,0.24,0.8939393939393939,0.26222222222222225,0.9545454545454546,0.28
Seagate,XGB,61,0.05,140,225,0.0499871167224942,0.24285714285714285,0.1511111111111111,0.3,0.18666666666666668,0.35,0.21777777777777776,0.36428571428571427,0.22666666666666666,0.4857142857142857,0.3022222222222222,0.6071428571428571,0.37777777777777777,0.6642857142857143,0.41333333333333333,0.7928571428571428,0.49333333333333335,0.8857142857142857,0.5511111111111111
Seagate,XGB,62,0.01,50,225,0.00979129090440608,0.46,0.10222222222222223,0.46,0.10222222222222223,0.5,0.1111111111111111,0.6,0.13333333333333333,0.66,0.14666666666666667,0.72,0.16,0.8,0.17777777777777778,0.84,0.18666666666666668,0.98,0.21777777777777776
Seagate,XGB,62,0.05,136,225,0.0499871167224942,0.27205882352941174,0.16444444444444445,0.3235294117647059,0.19555555555555557,0.3602941176470588,0.21777777777777776,0.3897058823529412,0.23555555555555555,0.4852941176470588,0.29333333333333333,0.5955882352941176,0.36,0.6470588235294118,0.39111111111111113,0.7867647058823529,0.47555555555555556,0.8897058823529411,0.5377777777777778
Seagate,XGB,63,0.01,65,225,0.00979129090440608,0.38461538461538464,0.1111111111111111,0.4461538461538462,0.1288888888888889,0.47692307692307695,0.13777777777777778,0.5846153846153846,0.1688888888888889,0.676923076923077,0.19555555555555557,0.7230769230769231,0.2088888888888889,0.7846153846153846,0.22666666666666666,0.8615384615384616,0.24888888888888888,0.9230769230769231,0.26666666666666666
Seagate,XGB,63,0.05,138,225,0.0499871167224942,0.2318840579710145,0.14222222222222222,0.2826086956521739,0.17333333333333334,0.3188405797101449,0.19555555555555557,0.35507246376811596,0.21777777777777776,0.4782608695652174,0.29333333333333333,0.5869565217391305,0.36,0.6521739130434783,0.4,0.7971014492753623,0.4888888888888889,0.8840579710144928,0.5422222222222223
Seagate,XGB,64,0.01,57,225,0.00979129090440608,0.45614035087719296,0.11555555555555555,0.49122807017543857,0.12444444444444444,0.5087719298245614,0.1288888888888889,0.5614035087719298,0.14222222222222222,0.6842105263157895,0.17333333333333334,0.7192982456140351,0.18222222222222223,0.7543859649122807,0.19111111111111112,0.8421052631578947,0.21333333333333335,0.9298245614035088,0.23555555555555555
Seagate,XGB,64,0.05,137,225,0.0499871167224942,0.26277372262773724,0.16,0.31386861313868614,0.19111111111111112,0.34306569343065696,0.2088888888888889,0.36496350364963503,0.2222222222222222,0.48905109489051096,0.29777777777777775,0.5912408759124088,0.36,0.6496350364963503,0.39555555555555555,0.7737226277372263,0.4711111111111111,0.8759124087591241,0.5333333333333333
Seagate,XGB,65,0.01,61,225,0.00979129090440608,0.4918032786885246,0.13333333333333333,0.5081967213114754,0.13777777777777778,0.5409836065573771,0.14666666666666667,0.6065573770491803,0.16444444444444445,0.6721311475409836,0.18222222222222223,0.7377049180327869,0.2,0.7704918032786885,0.2088888888888889,0.8524590163934426,0.2311111111111111,0.9344262295081968,0.25333333333333335
Seagate,XGB,65,0.05,139,225,0.0499871167224942,0.23741007194244604,0.14666666666666667,0.2949640287769784,0.18222222222222223,0.3237410071942446,0.2,0.35251798561151076,0.21777777777777776,0.460431654676259,0.28444444444444444,0.5755395683453237,0.35555555555555557,0.6474820143884892,0.4,0.7841726618705036,0.48444444444444446,0.8776978417266187,0.5422222222222223
Seagate,XGB,66,0.01,60,225,0.00979129090440608,0.4666666666666667,0.12444444444444444,0.5,0.13333333333333333,0.55,0.14666666666666667,0.6166666666666667,0.16444444444444445,0.7166666666666667,0.19111111111111112,0.75,0.2,0.8,0.21333333333333335,0.8666666666666667,0.2311111111111111,0.95,0.25333333333333335
Seagate,XGB,66,0.05,135,225,0.0499871167224942,0.23703703703703705,0.14222222222222222,0.3111111111111111,0.18666666666666668,0.34814814814814815,0.2088888888888889,0.362962962962963,0.21777777777777776,0.4666666666666667,0.28,0.5925925925925926,0.35555555555555557,0.6666666666666666,0.4,0.7925925925925926,0.47555555555555556,0.8814814814814815,0.5288888888888889
Seagate,XGB,67,0.01,61,225,0.00979129090440608,0.4426229508196721,0.12,0.45901639344262296,0.12444444444444444,0.47540983606557374,0.1288888888888889,0.5901639344262295,0.16,0.6721311475409836,0.18222222222222223,0.7377049180327869,0.2,0.7704918032786885,0.2088888888888889,0.8524590163934426,0.2311111111111111,0.9508196721311475,0.2577777777777778
Seagate,XGB,67,0.05,139,225,0.0499871167224942,0.2517985611510791,0.15555555555555556,0.31654676258992803,0.19555555555555557,0.3669064748201439,0.22666666666666666,0.39568345323741005,0.24444444444444444,0.4748201438848921,0.29333333333333333,0.60431654676259,0.37333333333333335,0.6690647482014388,0.41333333333333333,0.7985611510791367,0.49333333333333335,0.8920863309352518,0.5511111111111111
Seagate,XGB,68,0.01,56,225,0.00979129090440608,0.375,0.09333333333333334,0.42857142857142855,0.10666666666666667,0.4642857142857143,0.11555555555555555,0.5535714285714286,0.13777777777777778,0.625,0.15555555555555556,0.6785714285714286,0.1688888888888889,0.7142857142857143,0.17777777777777778,0.8214285714285714,0.20444444444444446,0.9285714285714286,0.2311111111111111
Seagate,XGB,68,0.05,135,225,0.0499871167224942,0.26666666666666666,0.16,0.32592592592592595,0.19555555555555557,0.35555555555555557,0.21333333333333335,0.37037037037037035,0.2222222222222222,0.4962962962962963,0.29777777777777775,0.6074074074074074,0.36444444444444446,0.674074074074074,0.40444444444444444,0.7925925925925926,0.47555555555555556,0.8962962962962963,0.5377777777777778
Seagate,XGB,69,0.01,60,225,0.00979129090440608,0.4166666666666667,0.1111111111111111,0.48333333333333334,0.1288888888888889,0.5,0.13333333333333333,0.6166666666666667,0.16444444444444445,0.6833333333333333,0.18222222222222223,0.7166666666666667,0.19111111111111112,0.75,0.2,0.8166666666666667,0.21777777777777776,0.9,0.24
Seagate,XGB,69,0.05,138,225,0.0499871167224942,0.2536231884057971,0.15555555555555556,0.3115942028985507,0.19111111111111112,0.34782608695652173,0.21333333333333335,0.36231884057971014,0.2222222222222222,0.5144927536231884,0.31555555555555553,0.5942028985507246,0.36444444444444446,0.6521739130434783,0.4,0.7971014492753623,0.4888888888888889,0.8913043478260869,0.5466666666666666
Seagate,XGB,70,0.01,65,225,0.00979129090440608,0.4461538461538462,0.1288888888888889,0.49230769230769234,0.14222222222222222,0.5230769230769231,0.1511111111111111,0.6,0.17333333333333334,0.676923076923077,0.19555555555555557,0.7846153846153846,0.22666666666666666,0.8,0.2311111111111111,0.8615384615384616,0.24888888888888888,0.9538461538461539,0.27555555555555555
Seagate,XGB,70,0.05,141,225,0.0499871167224942,0.24113475177304963,0.1511111111111111,0.2978723404255319,0.18666666666666668,0.3475177304964539,0.21777777777777776,0.36879432624113473,0.2311111111111111,0.48936170212765956,0.30666666666666664,0.6028368794326241,0.37777777777777777,0.6666666666666666,0.4177777777777778,0.7943262411347518,0.49777777777777776,0.8936170212765957,0.56
Seagate,XGB,71,0.01,67,225,0.00979129090440608,0.44776119402985076,0.13333333333333333,0.4626865671641791,0.13777777777777778,0.5223880597014925,0.15555555555555556,0.5970149253731343,0.17777777777777778,0.6865671641791045,0.20444444444444446,0.7313432835820896,0.21777777777777776,0.7761194029850746,0.2311111111111111,0.8656716417910447,0.2577777777777778,0.9402985074626866,0.28
Seagate,XGB,71,0.05,137,225,0.0499871167224942,0.24817518248175183,0.1511111111111111,0.30656934306569344,0.18666666666666668,0.34306569343065696,0.2088888888888889,0.3722627737226277,0.22666666666666666,0.48905109489051096,0.29777777777777775,0.5985401459854015,0.36444444444444446,0.6642335766423357,0.40444444444444444,0.781021897810219,0.47555555555555556,0.8759124087591241,0.5333333333333333
Seagate,LSTM,42,0.01,45,225,0.00979129090440608,0.24444444444444444,0.04888888888888889,0.3333333333333333,0.06666666666666667,0.35555555555555557,0.07111111111111111,0.4,0.08,0.6,0.12,0.6666666666666666,0.13333333333333333,0.6666666666666666,0.13333333333333333,0.8,0.16,0.8888888888888888,0.17777777777777778
Seagate,LSTM,42,0.05,127,225,0.0499871167224942,0.23622047244094488,0.13333333333333333,0.28346456692913385,0.16,0.3228346456692913,0.18222222222222223,0.36220472440944884,0.20444444444444446,0.48031496062992124,0.27111111111111114,0.5669291338582677,0.32,0.6299212598425197,0.35555555555555557,0.7716535433070866,0.43555555555555553,0.8976377952755905,0.5066666666666667
Seagate,LSTM,43,0.01,40,225,0.00979129090440608,0.275,0.04888888888888889,0.3,0.05333333333333334,0.3,0.05333333333333334,0.375,0.06666666666666667,0.6,0.10666666666666667,0.625,0.1111111111111111,0.675,0.12,0.8,0.14222222222222222,0.9,0.16
Seagate,LSTM,43,0.05,123,225,0.0499871167224942,0.23577235772357724,0.1288888888888889,0.2845528455284553,0.15555555555555556,0.3170731707317073,0.17333333333333334,0.34959349593495936,0.19111111111111112,0.4634146341463415,0.25333333333333335,0.5691056910569106,0.3111111111111111,0.6341463414634146,0.3466666666666667,0.7723577235772358,0.4222222222222222,0.8861788617886179,0.48444444444444446
Seagate,LSTM,44,0.01,50,225,0.00979129090440608,0.36,0.08,0.38,0.08444444444444445,0.44,0.09777777777777778,0.5,0.1111111111111111,0.64,0.14222222222222222,0.68,0.1511111111111111,0.74,0.16444444444444445,0.86,0.19111111111111112,0.94,0.2088888888888889
Seagate,LSTM,44,0.05,127,225,0.0499871167224942,0.2440944881889764,0.13777777777777778,0.28346456692913385,0.16,0.31496062992125984,0.17777777777777778,0.36220472440944884,0.20444444444444446,0.48031496062992124,0.27111111111111114,0.5669291338582677,0.32,0.6299212598425197,0.35555555555555557,0.7795275590551181,0.44,0.8818897637795275,0.49777777777777776
Seagate,LSTM,45,0.01,49,225,0.00979129090440608,0.3673469387755102,0.08,0.40816326530612246,0.08888888888888889,0.40816326530612246,0.08888888888888889,0.46938775510204084,0.10222222222222223,0.6326530612244898,0.13777777777777778,0.673469387755102,0.14666666666666667,0.673469387755102,0.14666666666666667,0.7755102040816326,0.1688888888888889,0.8775510204081632,0.19111111111111112
Seagate,LSTM,45,0.05,131,225,0.0499871167224942,0.24427480916030533,0.14222222222222222,0.2748091603053435,0.16,0.31297709923664124,0.18222222222222223,0.3435114503816794,0.2,0.48091603053435117,0.28,0.5954198473282443,0.3466666666666667,0.6564885496183206,0.38222222222222224,0.7862595419847328,0.4577777777777778,0.8854961832061069,0.5155555555555555
Seagate,LSTM,46,0.01,48,225,0.00979129090440608,0.375,0.08,0.3958333333333333,0.08444444444444445,0.4166666666666667,0.08888888888888889,0.5,0.10666666666666667,0.625,0.13333333333333333,0.6458333333333334,0.13777777777777778,0.6875,0.14666666666666667,0.7916666666666666,0.1688888888888889,0.8958333333333334,0.19111111111111112
Seagate,LSTM,46,0.05,130,225,0.0499871167224942,0.26153846153846155,0.1511111111111111,0.3,0.17333333333333334,0.33076923076923076,0.19111111111111112,0.36153846153846153,0.2088888888888889,0.47692307692307695,0.27555555555555555,0.5923076923076923,0.3422222222222222,0.6692307692307692,0.38666666666666666,0.8,0.4622222222222222,0.9,0.52
Seagate,LSTM,47,0.01,52,225,0.00979129090440608,0.4230769230769231,0.09777777777777778,0.46153846153846156,0.10666666666666667,0.46153846153846156,0.10666666666666667,0.5192307692307693,0.12,0.6153846153846154,0.14222222222222222,0.6346153846153846,0.14666666666666667,0.6923076923076923,0.16,0.7884615384615384,0.18222222222222223,0.9038461538461539,0.2088888888888889
Seagate,LSTM,47,0.05,126,225,0.0499871167224942,0.23809523809523808,0.13333333333333333,0.2777777777777778,0.15555555555555556,0.3253968253968254,0.18222222222222223,0.35714285714285715,0.2,0.4603174603174603,0.2577777777777778,0.5634920634920635,0.31555555555555553,0.6349206349206349,0.35555555555555557,0.7777777777777778,0.43555555555555553,0.8809523809523809,0.49333333333333335
Seagate,LSTM,48,0.01,42,225,0.00979129090440608,0.2857142857142857,0.05333333333333334,0.3333333333333333,0.06222222222222222,0.35714285714285715,0.06666666666666667,0.42857142857142855,0.08,0.6190476190476191,0.11555555555555555,0.7142857142857143,0.13333333333333333,0.7142857142857143,0.13333333333333333,0.8571428571428571,0.16,0.9285714285714286,0.17333333333333334
Seagate,LSTM,48,0.05,131,225,0.0499871167224942,0.2595419847328244,0.1511111111111111,0.2824427480916031,0.16444444444444445,0.31297709923664124,0.18222222222222223,0.3435114503816794,0.2,0.4732824427480916,0.27555555555555555,0.6030534351145038,0.3511111111111111,0.6564885496183206,0.38222222222222224,0.7862595419847328,0.4577777777777778,0.9007633587786259,0.5244444444444445
Seagate,LSTM,49,0.01,45,225,0.00979129090440608,0.28888888888888886,0.057777777777777775,0.28888888888888886,0.057777777777777775,0.3333333333333333,0.06666666666666667,0.4,0.08,0.5777777777777777,0.11555555555555555,0.6444444444444445,0.1288888888888889,0.7111111111111111,0.14222222222222222,0.8,0.16,0.9111111111111111,0.18222222222222223
Seagate,LSTM,49,0.05,129,225,0.0499871167224942,0.24031007751937986,0.13777777777777778,0.27906976744186046,0.16,0.3178294573643411,0.18222222222222223,0.3488372093023256,0.2,0.4728682170542636,0.27111111111111114,0.5736434108527132,0.3288888888888889,0.6434108527131783,0.3688888888888889,0.7829457364341085,0.4488888888888889,0.8914728682170543,0.5111111111111111
Seagate,LSTM,50,0.01,46,225,0.00979129090440608,0.3695652173913043,0.07555555555555556,0.391304347826087,0.08,0.391304347826087,0.08,0.4782608695652174,0.09777777777777778,0.6086956521739131,0.12444444444444444,0.6956521739130435,0.14222222222222222,0.7391304347826086,0.1511111111111111,0.8260869565217391,0.1688888888888889,0.9130434782608695,0.18666666666666668
Seagate,LSTM,50,0.05,128,225,0.0499871167224942,0.2578125,0.14666666666666667,0.2890625,0.16444444444444445,0.3203125,0.18222222222222223,0.359375,0.20444444444444446,0.484375,0.27555555555555555,0.578125,0.3288888888888889,0.640625,0.36444444444444446,0.78125,0.4444444444444444,0.890625,0.5066666666666667
Seagate,LSTM,51,0.01,51,225,0.00979129090440608,0.29411764705882354,0.06666666666666667,0.3137254901960784,0.07111111111111111,0.3333333333333333,0.07555555555555556,0.43137254901960786,0.09777777777777778,0.6078431372549019,0.13777777777777778,0.6470588235294118,0.14666666666666667,0.7058823529411765,0.16,0.803921568627451,0.18222222222222223,0.8823529411764706,0.2
Seagate,LSTM,51,0.05,126,225,0.0499871167224942,0.25396825396825395,0.14222222222222222,0.29365079365079366,0.16444444444444445,0.31746031746031744,0.17777777777777778,0.3492063492063492,0.19555555555555557,0.46825396825396826,0.26222222222222225,0.5634920634920635,0.31555555555555553,0.6349206349206349,0.35555555555555557,0.7777777777777778,0.43555555555555553,0.8968253968253969,0.5022222222222222
Seagate,LSTM,52,0.01,49,225,0.00979129090440608,0.3469387755102041,0.07555555555555556,0.3673469387755102,0.08,0.3877551020408163,0.08444444444444445,0.4489795918367347,0.09777777777777778,0.6122448979591837,0.13333333333333333,0.6530612244897959,0.14222222222222222,0.7142857142857143,0.15555555555555556,0.7959183673469388,0.17333333333333334,0.8979591836734694,0.19555555555555557
Seagate,LSTM,52,0.05,128,225,0.0499871167224942,0.25,0.14222222222222222,0.2890625,0.16444444444444445,0.3203125,0.18222222222222223,0.375,0.21333333333333335,0.484375,0.27555555555555555,0.578125,0.3288888888888889,0.640625,0.36444444444444446,0.7890625,0.4488888888888889,0.8984375,0.5111111111111111
Seagate,LSTM,53,0.01,48,225,0.00979129090440608,0.3541666666666667,0.07555555555555556,0.3958333333333333,0.08444444444444445,0.4375,0.09333333333333334,0.4791666666666667,0.10222222222222223,0.6458333333333334,0.13777777777777778,0.6666666666666666,0.14222222222222222,0.7291666666666666,0.15555555555555556,0.8333333333333334,0.17777777777777778,0.8958333333333334,0.19111111111111112
Seagate,LSTM,53,0.05,133,225,0.0499871167224942,0.2706766917293233,0.16,0.3082706766917293,0.18222222222222223,0.3383458646616541,0.2,0.38345864661654133,0.22666666666666666,0.48872180451127817,0.28888888888888886,0.5939849624060151,0.3511111111111111,0.6616541353383458,0.39111111111111113,0.7894736842105263,0.4666666666666667,0.8947368421052632,0.5288888888888889
Seagate,LSTM,54,0.01,45,225,0.00979129090440608,0.4,0.08,0.4222222222222222,0.08444444444444445,0.4222222222222222,0.08444444444444445,0.5111111111111111,0.10222222222222223,0.6444444444444445,0.1288888888888889,0.6888888888888889,0.13777777777777778,0.7111111111111111,0.14222222222222222,0.8666666666666667,0.17333333333333334,0.9333333333333333,0.18666666666666668
Seagate,LSTM,54,0.05,129,225,0.0499871167224942,0.24806201550387597,0.14222222222222222,0.2868217054263566,0.16444444444444445,0.32558139534883723,0.18666666666666668,0.35658914728682173,0.20444444444444446,0.4806201550387597,0.27555555555555555,0.5968992248062015,0.3422222222222222,0.6589147286821705,0.37777777777777777,0.7829457364341085,0.4488888888888889,0.8914728682170543,0.5111111111111111
Seagate,LSTM,55,0.01,48,225,0.00979129090440608,0.3541666666666667,0.07555555555555556,0.3541666666666667,0.07555555555555556,0.375,0.08,0.4583333333333333,0.09777777777777778,0.625,0.13333333333333333,0.6875,0.14666666666666667,0.7083333333333334,0.1511111111111111,0.8125,0.17333333333333334,0.8958333333333334,0.19111111111111112
Seagate,LSTM,55,0.05,129,225,0.0499871167224942,0.26356589147286824,0.1511111111111111,0.2868217054263566,0.16444444444444445,0.3178294573643411,0.18222222222222223,0.3643410852713178,0.2088888888888889,0.4806201550387597,0.27555555555555555,0.5891472868217055,0.3377777777777778,0.6434108527131783,0.3688888888888889,0.7829457364341085,0.4488888888888889,0.8914728682170543,0.5111111111111111
Seagate,LSTM,56,0.01,52,225,0.00979129090440608,0.40384615384615385,0.09333333333333334,0.4230769230769231,0.09777777777777778,0.46153846153846156,0.10666666666666667,0.5192307692307693,0.12,0.5961538461538461,0.13777777777777778,0.6538461538461539,0.1511111111111111,0.75,0.17333333333333334,0.8461538461538461,0.19555555555555557,0.9230769230769231,0.21333333333333335
Seagate,LSTM,56,0.05,125,225,0.0499871167224942,0.248,0.13777777777777778,0.28,0.15555555555555556,0.32,0.17777777777777778,0.36,0.2,0.48,0.26666666666666666,0.6,0.3333333333333333,0.648,0.36,0.784,0.43555555555555553,0.888,0.49333333333333335
Seagate,LSTM,57,0.01,45,225,0.00979129090440608,0.35555555555555557,0.07111111111111111,0.37777777777777777,0.07555555555555556,0.37777777777777777,0.07555555555555556,0.4888888888888889,0.09777777777777778,0.6444444444444445,0.1288888888888889,0.7111111111111111,0.14222222222222222,0.7555555555555555,0.1511111111111111,0.8444444444444444,0.1688888888888889,0.9111111111111111,0.18222222222222223
Seagate,LSTM,57,0.05,127,225,0.0499871167224942,0.2440944881889764,0.13777777777777778,0.2755905511811024,0.15555555555555556,0.30708661417322836,0.17333333333333334,0.33858267716535434,0.19111111111111112,0.47244094488188976,0.26666666666666666,0.5669291338582677,0.32,0.6299212598425197,0.35555555555555557,0.7795275590551181,0.44,0.8976377952755905,0.5066666666666667
Seagate,LSTM,58,0.01,51,225,0.00979129090440608,0.3333333333333333,0.07555555555555556,0.37254901960784315,0.08444444444444445,0.43137254901960786,0.09777777777777778,0.5294117647058824,0.12,0.6470588235294118,0.14666666666666667,0.7058823529411765,0.16,0.7647058823529411,0.17333333333333334,0.8627450980392157,0.19555555555555557,0.9607843137254902,0.21777777777777776
Seagate,LSTM,58,0.05,134,225,0.0499871167224942,0.2537313432835821,0.1511111111111111,0.2835820895522388,0.1688888888888889,0.3208955223880597,0.19111111111111112,0.34328358208955223,0.20444444444444446,0.47761194029850745,0.28444444444444444,0.5746268656716418,0.3422222222222222,0.6417910447761194,0.38222222222222224,0.7835820895522388,0.4666666666666667,0.8955223880597015,0.5333333333333333
Seagate,LSTM,59,0.01,50,225,0.00979129090440608,0.4,0.08888888888888889,0.42,0.09333333333333334,0.44,0.09777777777777778,0.48,0.10666666666666667,0.6,0.13333333333333333,0.68,0.1511111111111111,0.72,0.16,0.86,0.19111111111111112,0.94,0.2088888888888889
Seagate,LSTM,59,0.05,129,225,0.0499871167224942,0.2558139534883721,0.14666666666666667,0.27906976744186046,0.16,0.31007751937984496,0.17777777777777778,0.3488372093023256,0.2,0.46511627906976744,0.26666666666666666,0.5813953488372093,0.3333333333333333,0.6434108527131783,0.3688888888888889,0.7751937984496124,0.4444444444444444,0.8914728682170543,0.5111111111111111
Seagate,LSTM,60,0.01,47,225,0.00979129090440608,0.3191489361702128,0.06666666666666667,0.3404255319148936,0.07111111111111111,0.3829787234042553,0.08,0.46808510638297873,0.09777777777777778,0.5957446808510638,0.12444444444444444,0.6170212765957447,0.1288888888888889,0.6595744680851063,0.13777777777777778,0.8297872340425532,0.17333333333333334,0.9148936170212766,0.19111111111111112
Seagate,LSTM,60,0.05,130,225,0.0499871167224942,0.24615384615384617,0.14222222222222222,0.3,0.17333333333333334,0.3230769230769231,0.18666666666666668,0.35384615384615387,0.20444444444444446,0.47692307692307695,0.27555555555555555,0.5923076923076923,0.3422222222222222,0.6615384615384615,0.38222222222222224,0.7846153846153846,0.4533333333333333,0.8846153846153846,0.5111111111111111
Seagate,LSTM,61,0.01,47,225,0.00979129090440608,0.3191489361702128,0.06666666666666667,0.3404255319148936,0.07111111111111111,0.3617021276595745,0.07555555555555556,0.425531914893617,0.08888888888888889,0.6170212765957447,0.1288888888888889,0.7021276595744681,0.14666666666666667,0.7446808510638298,0.15555555555555556,0.8297872340425532,0.17333333333333334,0.9361702127659575,0.19555555555555557
Seagate,LSTM,61,0.05,132,225,0.0499871167224942,0.23484848484848486,0.13777777777777778,0.26515151515151514,0.15555555555555556,0.30303030303030304,0.17777777777777778,0.3484848484848485,0.20444444444444446,0.4621212121212121,0.27111111111111114,0.5606060606060606,0.3288888888888889,0.6439393939393939,0.37777777777777777,0.7727272727272727,0.4533333333333333,0.8939393939393939,0.5244444444444445
Seagate,LSTM,62,0.01,47,225,0.00979129090440608,0.3829787234042553,0.08,0.40425531914893614,0.08444444444444445,0.425531914893617,0.08888888888888889,0.5106382978723404,0.10666666666666667,0.6170212765957447,0.1288888888888889,0.6808510638297872,0.14222222222222222,0.723404255319149,0.1511111111111111,0.851063829787234,0.17777777777777778,0.9574468085106383,0.2
Seagate,LSTM,62,0.05,132,225,0.0499871167224942,0.25757575757575757,0.1511111111111111,0.29545454545454547,0.17333333333333334,0.3181818181818182,0.18666666666666668,0.3560606060606061,0.2088888888888889,0.48484848484848486,0.28444444444444444,0.6060606060606061,0.35555555555555557,0.6742424242424242,0.39555555555555555,0.8106060606060606,0.47555555555555556,0.9166666666666666,0.5377777777777778
Seagate,LSTM,63,0.01,49,225,0.00979129090440608,0.3877551020408163,0.08444444444444445,0.40816326530612246,0.08888888888888889,0.42857142857142855,0.09333333333333334,0.5102040816326531,0.1111111111111111,0.5918367346938775,0.1288888888888889,0.673469387755102,0.14666666666666667,0.7551020408163265,0.16444444444444445,0.8163265306122449,0.17777777777777778,0.9183673469387755,0.2
Seagate,LSTM,63,0.05,131,225,0.0499871167224942,0.2748091603053435,0.16,0.3053435114503817,0.17777777777777778,0.3435114503816794,0.2,0.3816793893129771,0.2222222222222222,0.5038167938931297,0.29333333333333333,0.6106870229007634,0.35555555555555557,0.6870229007633588,0.4,0.8244274809160306,0.48,0.9083969465648855,0.5288888888888889
Seagate,LSTM,64,0.01,48,225,0.00979129090440608,0.375,0.08,0.375,0.08,0.375,0.08,0.4583333333333333,0.09777777777777778,0.6458333333333334,0.13777777777777778,0.7083333333333334,0.1511111111111111,0.7291666666666666,0.15555555555555556,0.8333333333333334,0.17777777777777778,0.9166666666666666,0.19555555555555557
Seagate,LSTM,64,0.05,128,225,0.0499871167224942,0.25,0.14222222222222222,0.28125,0.16,0.3046875,0.17333333333333334,0.3359375,0.19111111111111112,0.4609375,0.26222222222222225,0.5546875,0.31555555555555553,0.6328125,0.36,0.7890625,0.4488888888888889,0.890625,0.5066666666666667
Seagate,LSTM,65,0.01,37,225,0.00979129090440608,0.40540540540540543,0.06666666666666667,0.4594594594594595,0.07555555555555556,0.4594594594594595,0.07555555555555556,0.5135135135135135,0.08444444444444445,0.6486486486486487,0.10666666666666667,0.7027027027027027,0.11555555555555555,0.7567567567567568,0.12444444444444444,0.8648648648648649,0.14222222222222222,0.918918918918919,0.1511111111111111
Seagate,LSTM,65,0.05,128,225,0.0499871167224942,0.234375,0.13333333333333333,0.28125,0.16,0.3203125,0.18222222222222223,0.3515625,0.2,0.4609375,0.26222222222222225,0.546875,0.3111111111111111,0.6328125,0.36,0.78125,0.4444444444444444,0.8828125,0.5022222222222222
Seagate,LSTM,66,0.01,51,225,0.00979129090440608,0.4117647058823529,0.09333333333333334,0.47058823529411764,0.10666666666666667,0.5098039215686274,0.11555555555555555,0.5882352941176471,0.13333333333333333,0.6862745098039216,0.15555555555555556,0.7254901960784313,0.16444444444444445,0.7843137254901961,0.17777777777777778,0.8627450980392157,0.19555555555555557,0.9411764705882353,0.21333333333333335
Seagate,LSTM,66,0.05,131,225,0.0499871167224942,0.24427480916030533,0.14222222222222222,0.2900763358778626,0.1688888888888889,0.32061068702290074,0.18666666666666668,0.35877862595419846,0.2088888888888889,0.48854961832061067,0.28444444444444444,0.5954198473282443,0.3466666666666667,0.6564885496183206,0.38222222222222224,0.8015267175572519,0.4666666666666667,0.8931297709923665,0.52
Seagate,LSTM,67,0.01,49,225,0.00979129090440608,0.3673469387755102,0.08,0.3673469387755102,0.08,0.40816326530612246,0.08888888888888889,0.46938775510204084,0.10222222222222223,0.6122448979591837,0.13333333333333333,0.6326530612244898,0.13777777777777778,0.7142857142857143,0.15555555555555556,0.8367346938775511,0.18222222222222223,0.9183673469387755,0.2
Seagate,LSTM,67,0.05,133,225,0.0499871167224942,0.24812030075187969,0.14666666666666667,0.2932330827067669,0.17333333333333334,0.3233082706766917,0.19111111111111112,0.3533834586466165,0.2088888888888889,0.47368421052631576,0.28,0.5714285714285714,0.3377777777777778,0.6390977443609023,0.37777777777777777,0.7894736842105263,0.4666666666666667,0.8872180451127819,0.5244444444444445
Seagate,LSTM,68,0.01,47,225,0.00979129090440608,0.2765957446808511,0.057777777777777775,0.2765957446808511,0.057777777777777775,0.3191489361702128,0.06666666666666667,0.3829787234042553,0.08,0.5957446808510638,0.12444444444444444,0.6170212765957447,0.1288888888888889,0.723404255319149,0.1511111111111111,0.851063829787234,0.17777777777777778,0.9148936170212766,0.19111111111111112
Seagate,LSTM,68,0.05,126,225,0.0499871167224942,0.23015873015873015,0.1288888888888889,0.25396825396825395,0.14222222222222222,0.30952380952380953,0.17333333333333334,0.3412698412698413,0.19111111111111112,0.46825396825396826,0.26222222222222225,0.5555555555555556,0.3111111111111111,0.626984126984127,0.3511111111111111,0.7777777777777778,0.43555555555555553,0.9047619047619048,0.5066666666666667
Seagate,LSTM,69,0.01,50,225,0.00979129090440608,0.36,0.08,0.38,0.08444444444444445,0.4,0.08888888888888889,0.5,0.1111111111111111,0.64,0.14222222222222222,0.68,0.1511111111111111,0.72,0.16,0.84,0.18666666666666668,0.92,0.20444444444444446
Seagate,LSTM,69,0.05,132,225,0.0499871167224942,0.25757575757575757,0.1511111111111111,0.2878787878787879,0.1688888888888889,0.32575757575757575,0.19111111111111112,0.3560606060606061,0.2088888888888889,0.48484848484848486,0.28444444444444444,0.5984848484848485,0.3511111111111111,0.6590909090909091,0.38666666666666666,0.7878787878787878,0.4622222222222222,0.8939393939393939,0.5244444444444445
Seagate,LSTM,70,0.01,48,225,0.00979129090440608,0.3333333333333333,0.07111111111111111,0.375,0.08,0.3958333333333333,0.08444444444444445,0.4583333333333333,0.09777777777777778,0.625,0.13333333333333333,0.6875,0.14666666666666667,0.7083333333333334,0.1511111111111111,0.8125,0.17333333333333334,0.9166666666666666,0.19555555555555557
Seagate,LSTM,70,0.05,134,225,0.0499871167224942,0.2835820895522388,0.1688888888888889,0.3358208955223881,0.2,0.3582089552238806,0.21333333333333335,0.3880597014925373,0.2311111111111111,0.5074626865671642,0.3022222222222222,0.6119402985074627,0.36444444444444446,0.6716417910447762,0.4,0.7985074626865671,0.47555555555555556,0.9104477611940298,0.5422222222222223
Seagate,LSTM,71,0.01,44,225,0.00979129090440608,0.29545454545454547,0.057777777777777775,0.3181818181818182,0.06222222222222222,0.36363636363636365,0.07111111111111111,0.45454545454545453,0.08888888888888889,0.6136363636363636,0.12,0.6590909090909091,0.1288888888888889,0.75,0.14666666666666667,0.8409090909090909,0.16444444444444445,0.9545454545454546,0.18666666666666668
Seagate,LSTM,71,0.05,128,225,0.0499871167224942,0.25,0.14222222222222222,0.2890625,0.16444444444444445,0.328125,0.18666666666666668,0.375,0.21333333333333335,0.4921875,0.28,0.5859375,0.3333333333333333,0.6484375,0.3688888888888889,0.796875,0.4533333333333333,0.90625,0.5155555555555555
Seagate,GRU,42,0.01,49,225,0.00979129090440608,0.40816326530612246,0.08888888888888889,0.46938775510204084,0.10222222222222223,0.4897959183673469,0.10666666666666667,0.5714285714285714,0.12444444444444444,0.6938775510204082,0.1511111111111111,0.7346938775510204,0.16,0.7346938775510204,0.16,0.8775510204081632,0.19111111111111112,0.9591836734693877,0.2088888888888889
Seagate,GRU,42,0.05,139,225,0.0499871167224942,0.2949640287769784,0.18222222222222223,0.3381294964028777,0.2088888888888889,0.3669064748201439,0.22666666666666666,0.4028776978417266,0.24888888888888888,0.5323741007194245,0.3288888888888889,0.6187050359712231,0.38222222222222224,0.6834532374100719,0.4222222222222222,0.7985611510791367,0.49333333333333335,0.8992805755395683,0.5555555555555556
Seagate,GRU,43,0.01,63,225,0.00979129090440608,0.3968253968253968,0.1111111111111111,0.4603174603174603,0.1288888888888889,0.47619047619047616,0.13333333333333333,0.5714285714285714,0.16,0.6825396825396826,0.19111111111111112,0.7301587301587301,0.20444444444444446,0.7619047619047619,0.21333333333333335,0.8571428571428571,0.24,0.9206349206349206,0.2577777777777778
Seagate,GRU,43,0.05,138,225,0.0499871167224942,0.2971014492753623,0.18222222222222223,0.34057971014492755,0.2088888888888889,0.36231884057971014,0.2222222222222222,0.391304347826087,0.24,0.5144927536231884,0.31555555555555553,0.6086956521739131,0.37333333333333335,0.6666666666666666,0.4088888888888889,0.8043478260869565,0.49333333333333335,0.8985507246376812,0.5511111111111111
Seagate,GRU,44,0.01,67,225,0.00979129090440608,0.417910447761194,0.12444444444444444,0.4626865671641791,0.13777777777777778,0.4925373134328358,0.14666666666666667,0.5671641791044776,0.1688888888888889,0.6865671641791045,0.20444444444444446,0.7313432835820896,0.21777777777777776,0.7761194029850746,0.2311111111111111,0.8955223880597015,0.26666666666666666,0.9402985074626866,0.28
Seagate,GRU,44,0.05,136,225,0.0499871167224942,0.27205882352941174,0.16444444444444445,0.3161764705882353,0.19111111111111112,0.3602941176470588,0.21777777777777776,0.39705882352941174,0.24,0.5147058823529411,0.3111111111111111,0.6176470588235294,0.37333333333333335,0.6691176470588235,0.40444444444444444,0.8088235294117647,0.4888888888888889,0.9044117647058824,0.5466666666666666
Seagate,GRU,45,0.01,61,225,0.00979129090440608,0.4426229508196721,0.12,0.4918032786885246,0.13333333333333333,0.5081967213114754,0.13777777777777778,0.5737704918032787,0.15555555555555556,0.6721311475409836,0.18222222222222223,0.7213114754098361,0.19555555555555557,0.7540983606557377,0.20444444444444446,0.8524590163934426,0.2311111111111111,0.9344262295081968,0.25333333333333335
Seagate,GRU,45,0.05,136,225,0.0499871167224942,0.2867647058823529,0.17333333333333334,0.3235294117647059,0.19555555555555557,0.35294117647058826,0.21333333333333335,0.38235294117647056,0.2311111111111111,0.5147058823529411,0.3111111111111111,0.6102941176470589,0.3688888888888889,0.6838235294117647,0.41333333333333333,0.8161764705882353,0.49333333333333335,0.9044117647058824,0.5466666666666666
Seagate,GRU,46,0.01,53,225,0.00979129090440608,0.37735849056603776,0.08888888888888889,0.4339622641509434,0.10222222222222223,0.4528301886792453,0.10666666666666667,0.5471698113207547,0.1288888888888889,0.660377358490566,0.15555555555555556,0.7169811320754716,0.1688888888888889,0.7358490566037735,0.17333333333333334,0.9056603773584906,0.21333333333333335,0.9622641509433962,0.22666666666666666
Seagate,GRU,46,0.05,134,225,0.0499871167224942,0.27611940298507465,0.16444444444444445,0.3208955223880597,0.19111111111111112,0.35074626865671643,0.2088888888888889,0.3805970149253731,0.22666666666666666,0.5149253731343284,0.30666666666666664,0.6044776119402985,0.36,0.6716417910447762,0.4,0.8059701492537313,0.48,0.9104477611940298,0.5422222222222223
Seagate,GRU,47,0.01,54,225,0.00979129090440608,0.4074074074074074,0.09777777777777778,0.46296296296296297,0.1111111111111111,0.48148148148148145,0.11555555555555555,0.5370370370370371,0.1288888888888889,0.6666666666666666,0.16,0.7222222222222222,0.17333333333333334,0.7592592592592593,0.18222222222222223,0.8888888888888888,0.21333333333333335,0.9629629629629629,0.2311111111111111
Seagate,GRU,47,0.05,136,225,0.0499871167224942,0.2647058823529412,0.16,0.3088235294117647,0.18666666666666668,0.3382352941176471,0.20444444444444446,0.375,0.22666666666666666,0.49264705882352944,0.29777777777777775,0.6102941176470589,0.3688888888888889,0.6764705882352942,0.4088888888888889,0.8014705882352942,0.48444444444444446,0.9044117647058824,0.5466666666666666
Seagate,GRU,48,0.01,58,225,0.00979129090440608,0.3793103448275862,0.09777777777777778,0.4482758620689655,0.11555555555555555,0.46551724137931033,0.12,0.5517241379310345,0.14222222222222222,0.6551724137931034,0.1688888888888889,0.6896551724137931,0.17777777777777778,0.7586206896551724,0.19555555555555557,0.8620689655172413,0.2222222222222222,0.9310344827586207,0.24
Seagate,GRU,48,0.05,143,225,0.0499871167224942,0.3076923076923077,0.19555555555555557,0.34265734265734266,0.21777777777777776,0.3706293706293706,0.23555555555555555,0.3986013986013986,0.25333333333333335,0.5174825174825175,0.3288888888888889,0.6153846153846154,0.39111111111111113,0.6713286713286714,0.4266666666666667,0.8111888111888111,0.5155555555555555,0.9090909090909091,0.5777777777777777
Seagate,GRU,49,0.01,54,225,0.00979129090440608,0.4444444444444444,0.10666666666666667,0.48148148148148145,0.11555555555555555,0.48148148148148145,0.11555555555555555,0.5370370370370371,0.1288888888888889,0.6481481481481481,0.15555555555555556,0.6851851851851852,0.16444444444444445,0.7037037037037037,0.1688888888888889,0.7962962962962963,0.19111111111111112,0.9259259259259259,0.2222222222222222
Seagate,GRU,49,0.05,132,225,0.0499871167224942,0.2727272727272727,0.16,0.30303030303030304,0.17777777777777778,0.32575757575757575,0.19111111111111112,0.3560606060606061,0.2088888888888889,0.48484848484848486,0.28444444444444444,0.5909090909090909,0.3466666666666667,0.6666666666666666,0.39111111111111113,0.7954545454545454,0.4666666666666667,0.9015151515151515,0.5288888888888889
Seagate,GRU,50,0.01,55,225,0.00979129090440608,0.4,0.09777777777777778,0.43636363636363634,0.10666666666666667,0.45454545454545453,0.1111111111111111,0.5272727272727272,0.1288888888888889,0.6727272727272727,0.16444444444444445,0.7272727272727273,0.17777777777777778,0.7818181818181819,0.19111111111111112,0.8909090909090909,0.21777777777777776,0.9272727272727272,0.22666666666666666
Seagate,GRU,50,0.05,138,225,0.0499871167224942,0.2753623188405797,0.1688888888888889,0.3188405797101449,0.19555555555555557,0.36231884057971014,0.2222222222222222,0.391304347826087,0.24,0.5072463768115942,0.3111111111111111,0.6086956521739131,0.37333333333333335,0.6739130434782609,0.41333333333333333,0.8043478260869565,0.49333333333333335,0.9057971014492754,0.5555555555555556
Seagate,GRU,51,0.01,65,225,0.00979129090440608,0.4461538461538462,0.1288888888888889,0.47692307692307695,0.13777777777777778,0.5076923076923077,0.14666666666666667,0.5846153846153846,0.1688888888888889,0.7076923076923077,0.20444444444444446,0.7538461538461538,0.21777777777777776,0.8153846153846154,0.23555555555555555,0.9230769230769231,0.26666666666666666,0.9692307692307692,0.28
Seagate,GRU,51,0.05,136,225,0.0499871167224942,0.27205882352941174,0.16444444444444445,0.3161764705882353,0.19111111111111112,0.34558823529411764,0.2088888888888889,0.375,0.22666666666666666,0.49264705882352944,0.29777777777777775,0.6029411764705882,0.36444444444444446,0.6544117647058824,0.39555555555555555,0.7867647058823529,0.47555555555555556,0.9044117647058824,0.5466666666666666
Seagate,GRU,52,0.01,59,225,0.00979129090440608,0.423728813559322,0.1111111111111111,0.4915254237288136,0.1288888888888889,0.5084745762711864,0.13333333333333333,0.576271186440678,0.1511111111111111,0.6949152542372882,0.18222222222222223,0.7288135593220338,0.19111111111111112,0.7796610169491526,0.20444444444444446,0.8813559322033898,0.2311111111111111,0.9322033898305084,0.24444444444444444
Seagate,GRU,52,0.05,141,225,0.0499871167224942,0.2907801418439716,0.18222222222222223,0.3404255319148936,0.21333333333333335,0.36879432624113473,0.2311111111111111,0.3971631205673759,0.24888888888888888,0.5035460992907801,0.31555555555555553,0.6170212765957447,0.38666666666666666,0.6737588652482269,0.4222222222222222,0.8085106382978723,0.5066666666666667,0.9078014184397163,0.5688888888888889
Seagate,GRU,53,0.01,56,225,0.00979129090440608,0.44642857142857145,0.1111111111111111,0.5,0.12444444444444444,0.5535714285714286,0.13777777777777778,0.625,0.15555555555555556,0.6785714285714286,0.1688888888888889,0.7321428571428571,0.18222222222222223,0.75,0.18666666666666668,0.875,0.21777777777777776,0.9464285714285714,0.23555555555555555
Seagate,GRU,53,0.05,137,225,0.0499871167224942,0.2846715328467153,0.17333333333333334,0.3284671532846715,0.2,0.35766423357664234,0.21777777777777776,0.39416058394160586,0.24,0.5109489051094891,0.3111111111111111,0.6131386861313869,0.37333333333333335,0.6788321167883211,0.41333333333333333,0.8102189781021898,0.49333333333333335,0.9124087591240876,0.5555555555555556
Seagate,GRU,54,0.01,60,225,0.00979129090440608,0.38333333333333336,0.10222222222222223,0.43333333333333335,0.11555555555555555,0.43333333333333335,0.11555555555555555,0.5333333333333333,0.14222222222222222,0.6833333333333333,0.18222222222222223,0.7333333333333333,0.19555555555555557,0.7666666666666667,0.20444444444444446,0.8666666666666667,0.2311111111111111,0.9333333333333333,0.24888888888888888
Seagate,GRU,54,0.05,141,225,0.0499871167224942,0.2907801418439716,0.18222222222222223,0.3404255319148936,0.21333333333333335,0.36879432624113473,0.2311111111111111,0.3971631205673759,0.24888888888888888,0.5106382978723404,0.32,0.6170212765957447,0.38666666666666666,0.6737588652482269,0.4222222222222222,0.7943262411347518,0.49777777777777776,0.900709219858156,0.5644444444444444
Seagate,GRU,55,0.01,56,225,0.00979129090440608,0.42857142857142855,0.10666666666666667,0.4642857142857143,0.11555555555555555,0.5,0.12444444444444444,0.5714285714285714,0.14222222222222222,0.7142857142857143,0.17777777777777778,0.7678571428571429,0.19111111111111112,0.7857142857142857,0.19555555555555557,0.875,0.21777777777777776,0.9285714285714286,0.2311111111111111
Seagate,GRU,55,0.05,137,225,0.0499871167224942,0.27007299270072993,0.16444444444444445,0.32116788321167883,0.19555555555555557,0.34306569343065696,0.2088888888888889,0.3795620437956204,0.2311111111111111,0.48905109489051096,0.29777777777777775,0.6131386861313869,0.37333333333333335,0.6715328467153284,0.4088888888888889,0.7956204379562044,0.48444444444444446,0.9051094890510949,0.5511111111111111
Seagate,GRU,56,0.01,60,225,0.00979129090440608,0.36666666666666664,0.09777777777777778,0.43333333333333335,0.11555555555555555,0.48333333333333334,0.1288888888888889,0.5833333333333334,0.15555555555555556,0.6833333333333333,0.18222222222222223,0.7166666666666667,0.19111111111111112,0.7666666666666667,0.20444444444444446,0.8666666666666667,0.2311111111111111,0.9333333333333333,0.24888888888888888
Seagate,GRU,56,0.05,131,225,0.0499871167224942,0.24427480916030533,0.14222222222222222,0.2824427480916031,0.16444444444444445,0.32061068702290074,0.18666666666666668,0.35877862595419846,0.2088888888888889,0.48091603053435117,0.28,0.5725190839694656,0.3333333333333333,0.648854961832061,0.37777777777777777,0.7786259541984732,0.4533333333333333,0.9007633587786259,0.5244444444444445
Seagate,GRU,57,0.01,50,225,0.00979129090440608,0.38,0.08444444444444445,0.42,0.09333333333333334,0.42,0.09333333333333334,0.44,0.09777777777777778,0.64,0.14222222222222222,0.7,0.15555555555555556,0.7,0.15555555555555556,0.84,0.18666666666666668,0.92,0.20444444444444446
Seagate,GRU,57,0.05,133,225,0.0499871167224942,0.2631578947368421,0.15555555555555556,0.3007518796992481,0.17777777777777778,0.3383458646616541,0.2,0.3684210526315789,0.21777777777777776,0.49624060150375937,0.29333333333333333,0.5939849624060151,0.3511111111111111,0.6616541353383458,0.39111111111111113,0.7894736842105263,0.4666666666666667,0.8947368421052632,0.5288888888888889
Seagate,GRU,58,0.01,46,225,0.00979129090440608,0.34782608695652173,0.07111111111111111,0.41304347826086957,0.08444444444444445,0.41304347826086957,0.08444444444444445,0.5,0.10222222222222223,0.6739130434782609,0.13777777777777778,0.717391304347826,0.14666666666666667,0.7391304347826086,0.1511111111111111,0.8695652173913043,0.17777777777777778,0.9565217391304348,0.19555555555555557
Seagate,GRU,58,0.05,134,225,0.0499871167224942,0.27611940298507465,0.16444444444444445,0.30597014925373134,0.18222222222222223,0.3283582089552239,0.19555555555555557,0.3656716417910448,0.21777777777777776,0.48507462686567165,0.28888888888888886,0.5970149253731343,0.35555555555555557,0.664179104477612,0.39555555555555555,0.7910447761194029,0.4711111111111111,0.8955223880597015,0.5333333333333333
Seagate,GRU,59,0.01,58,225,0.00979129090440608,0.4482758620689655,0.11555555555555555,0.5,0.1288888888888889,0.5172413793103449,0.13333333333333333,0.5862068965517241,0.1511111111111111,0.7068965517241379,0.18222222222222223,0.7586206896551724,0.19555555555555557,0.7758620689655172,0.2,0.896551724137931,0.2311111111111111,0.9482758620689655,0.24444444444444444
Seagate,GRU,59,0.05,137,225,0.0499871167224942,0.291970802919708,0.17777777777777778,0.3284671532846715,0.2,0.35036496350364965,0.21333333333333335,0.38686131386861317,0.23555555555555555,0.49635036496350365,0.3022222222222222,0.5985401459854015,0.36444444444444446,0.6642335766423357,0.40444444444444444,0.7883211678832117,0.48,0.8905109489051095,0.5422222222222223
Seagate,GRU,60,0.01,46,225,0.00979129090440608,0.391304347826087,0.08,0.43478260869565216,0.08888888888888889,0.45652173913043476,0.09333333333333334,0.4782608695652174,0.09777777777777778,0.6521739130434783,0.13333333333333333,0.7391304347826086,0.1511111111111111,0.7391304347826086,0.1511111111111111,0.8478260869565217,0.17333333333333334,0.9130434782608695,0.18666666666666668
Seagate,GRU,60,0.05,134,225,0.0499871167224942,0.26119402985074625,0.15555555555555556,0.31343283582089554,0.18666666666666668,0.35074626865671643,0.2088888888888889,0.3880597014925373,0.2311111111111111,0.5,0.29777777777777775,0.5970149253731343,0.35555555555555557,0.6716417910447762,0.4,0.8059701492537313,0.48,0.8955223880597015,0.5333333333333333
Seagate,GRU,61,0.01,59,225,0.00979129090440608,0.4067796610169492,0.10666666666666667,0.4576271186440678,0.12,0.4745762711864407,0.12444444444444444,0.559322033898305,0.14666666666666667,0.6779661016949152,0.17777777777777778,0.7288135593220338,0.19111111111111112,0.7796610169491526,0.20444444444444446,0.8813559322033898,0.2311111111111111,0.9322033898305084,0.24444444444444444
Seagate,GRU,61,0.05,137,225,0.0499871167224942,0.27007299270072993,0.16444444444444445,0.31386861313868614,0.19111111111111112,0.34306569343065696,0.2088888888888889,0.3722627737226277,0.22666666666666666,0.5036496350364964,0.30666666666666664,0.6058394160583942,0.3688888888888889,0.6715328467153284,0.4088888888888889,0.8029197080291971,0.4888888888888889,0.9051094890510949,0.5511111111111111
Seagate,GRU,62,0.01,53,225,0.00979129090440608,0.41509433962264153,0.09777777777777778,0.4716981132075472,0.1111111111111111,0.49056603773584906,0.11555555555555555,0.5283018867924528,0.12444444444444444,0.660377358490566,0.15555555555555556,0.7169811320754716,0.1688888888888889,0.7547169811320755,0.17777777777777778,0.8679245283018868,0.20444444444444446,0.9433962264150944,0.2222222222222222
Seagate,GRU,62,0.05,132,225,0.0499871167224942,0.2727272727272727,0.16,0.3181818181818182,0.18666666666666668,0.3409090909090909,0.2,0.3712121212121212,0.21777777777777776,0.49242424242424243,0.28888888888888886,0.5909090909090909,0.3466666666666667,0.6515151515151515,0.38222222222222224,0.7803030303030303,0.4577777777777778,0.9090909090909091,0.5333333333333333
Seagate,GRU,63,0.01,46,225,0.00979129090440608,0.34782608695652173,0.07111111111111111,0.41304347826086957,0.08444444444444445,0.43478260869565216,0.08888888888888889,0.5217391304347826,0.10666666666666667,0.6521739130434783,0.13333333333333333,0.717391304347826,0.14666666666666667,0.717391304347826,0.14666666666666667,0.8695652173913043,0.17777777777777778,0.9565217391304348,0.19555555555555557
Seagate,GRU,63,0.05,133,225,0.0499871167224942,0.2631578947368421,0.15555555555555556,0.3082706766917293,0.18222222222222223,0.3458646616541353,0.20444444444444446,0.37593984962406013,0.2222222222222222,0.48872180451127817,0.28888888888888886,0.6015037593984962,0.35555555555555557,0.6616541353383458,0.39111111111111113,0.8045112781954887,0.47555555555555556,0.9172932330827067,0.5422222222222223
Seagate,GRU,64,0.01,53,225,0.00979129090440608,0.39622641509433965,0.09333333333333334,0.4528301886792453,0.10666666666666667,0.4716981132075472,0.1111111111111111,0.5283018867924528,0.12444444444444444,0.6792452830188679,0.16,0.7358490566037735,0.17333333333333334,0.7547169811320755,0.17777777777777778,0.8679245283018868,0.20444444444444446,0.9245283018867925,0.21777777777777776
Seagate,GRU,64,0.05,135,225,0.0499871167224942,0.28888888888888886,0.17333333333333334,0.32592592592592595,0.19555555555555557,0.35555555555555557,0.21333333333333335,0.37777777777777777,0.22666666666666666,0.4962962962962963,0.29777777777777775,0.5777777777777777,0.3466666666666667,0.6444444444444445,0.38666666666666666,0.7851851851851852,0.4711111111111111,0.9111111111111111,0.5466666666666666
Seagate,GRU,65,0.01,64,225,0.00979129090440608,0.421875,0.12,0.484375,0.13777777777777778,0.515625,0.14666666666666667,0.59375,0.1688888888888889,0.71875,0.20444444444444446,0.765625,0.21777777777777776,0.8125,0.2311111111111111,0.890625,0.25333333333333335,0.953125,0.27111111111111114
Seagate,GRU,65,0.05,140,225,0.0499871167224942,0.29285714285714287,0.18222222222222223,0.34285714285714286,0.21333333333333335,0.36428571428571427,0.22666666666666666,0.4,0.24888888888888888,0.5214285714285715,0.3244444444444444,0.6214285714285714,0.38666666666666666,0.6785714285714286,0.4222222222222222,0.8214285714285714,0.5111111111111111,0.9214285714285714,0.5733333333333334
Seagate,GRU,66,0.01,52,225,0.00979129090440608,0.4230769230769231,0.09777777777777778,0.4807692307692308,0.1111111111111111,0.5,0.11555555555555555,0.5769230769230769,0.13333333333333333,0.7115384615384616,0.16444444444444445,0.75,0.17333333333333334,0.75,0.17333333333333334,0.8846153846153846,0.20444444444444446,0.9423076923076923,0.21777777777777776
Seagate,GRU,66,0.05,134,225,0.0499871167224942,0.26119402985074625,0.15555555555555556,0.29850746268656714,0.17777777777777778,0.3208955223880597,0.19111111111111112,0.35074626865671643,0.2088888888888889,0.47761194029850745,0.28444444444444444,0.5970149253731343,0.35555555555555557,0.664179104477612,0.39555555555555555,0.7910447761194029,0.4711111111111111,0.9029850746268657,0.5377777777777778
Seagate,GRU,67,0.01,53,225,0.00979129090440608,0.39622641509433965,0.09333333333333334,0.4339622641509434,0.10222222222222223,0.4528301886792453,0.10666666666666667,0.5283018867924528,0.12444444444444444,0.6415094339622641,0.1511111111111111,0.6792452830188679,0.16,0.6981132075471698,0.16444444444444445,0.8113207547169812,0.19111111111111112,0.9056603773584906,0.21333333333333335
Seagate,GRU,67,0.05,137,225,0.0499871167224942,0.2773722627737226,0.1688888888888889,0.3357664233576642,0.20444444444444446,0.35766423357664234,0.21777777777777776,0.39416058394160586,0.24,0.49635036496350365,0.3022222222222222,0.6204379562043796,0.37777777777777777,0.6788321167883211,0.41333333333333333,0.8029197080291971,0.4888888888888889,0.9051094890510949,0.5511111111111111
Seagate,GRU,68,0.01,61,225,0.00979129090440608,0.39344262295081966,0.10666666666666667,0.45901639344262296,0.12444444444444444,0.4918032786885246,0.13333333333333333,0.5737704918032787,0.15555555555555556,0.6885245901639344,0.18666666666666668,0.7377049180327869,0.2,0.7868852459016393,0.21333333333333335,0.8688524590163934,0.23555555555555555,0.9508196721311475,0.2577777777777778
Seagate,GRU,68,0.05,137,225,0.0499871167224942,0.291970802919708,0.17777777777777778,0.3357664233576642,0.20444444444444446,0.35766423357664234,0.21777777777777776,0.40145985401459855,0.24444444444444444,0.5109489051094891,0.3111111111111111,0.6058394160583942,0.3688888888888889,0.6715328467153284,0.4088888888888889,0.7883211678832117,0.48,0.8978102189781022,0.5466666666666666
Seagate,GRU,69,0.01,48,225,0.00979129090440608,0.375,0.08,0.4166666666666667,0.08888888888888889,0.4583333333333333,0.09777777777777778,0.5208333333333334,0.1111111111111111,0.6875,0.14666666666666667,0.7291666666666666,0.15555555555555556,0.7291666666666666,0.15555555555555556,0.8541666666666666,0.18222222222222223,0.9375,0.2
Seagate,GRU,69,0.05,135,225,0.0499871167224942,0.25925925925925924,0.15555555555555556,0.31851851851851853,0.19111111111111112,0.34814814814814815,0.2088888888888889,0.3851851851851852,0.2311111111111111,0.5037037037037037,0.3022222222222222,0.6148148148148148,0.3688888888888889,0.674074074074074,0.40444444444444444,0.8074074074074075,0.48444444444444446,0.9111111111111111,0.5466666666666666
Seagate,GRU,70,0.01,55,225,0.00979129090440608,0.41818181818181815,0.10222222222222223,0.45454545454545453,0.1111111111111111,0.4909090909090909,0.12,0.5636363636363636,0.13777777777777778,0.6909090909090909,0.1688888888888889,0.7636363636363637,0.18666666666666668,0.7818181818181819,0.19111111111111112,0.8909090909090909,0.21777777777777776,0.9454545454545454,0.2311111111111111
Seagate,GRU,70,0.05,135,225,0.0499871167224942,0.28888888888888886,0.17333333333333334,0.32592592592592595,0.19555555555555557,0.35555555555555557,0.21333333333333335,0.37777777777777777,0.22666666666666666,0.5037037037037037,0.3022222222222222,0.6,0.36,0.6666666666666666,0.4,0.7925925925925926,0.47555555555555556,0.8962962962962963,0.5377777777777778
Seagate,GRU,71,0.01,55,225,0.00979129090440608,0.4,0.09777777777777778,0.43636363636363634,0.10666666666666667,0.45454545454545453,0.1111111111111111,0.5272727272727272,0.1288888888888889,0.6545454545454545,0.16,0.7272727272727273,0.17777777777777778,0.7818181818181819,0.19111111111111112,0.8545454545454545,0.2088888888888889,0.9272727272727272,0.22666666666666666
Seagate,GRU,71,0.05,138,225,0.0499871167224942,0.2826086956521739,0.17333333333333334,0.32608695652173914,0.2,0.35507246376811596,0.21777777777777776,0.38405797101449274,0.23555555555555555,0.5072463768115942,0.3111111111111111,0.6086956521739131,0.37333333333333335,0.6884057971014492,0.4222222222222222,0.8115942028985508,0.49777777777777776,0.9130434782608695,0.56
Toshiba,LGBM,42,0.01,44,209,0.008382016764033528,0.22727272727272727,0.04784688995215311,0.25,0.05263157894736842,0.25,0.05263157894736842,0.3409090909090909,0.07177033492822966,0.5227272727272727,0.11004784688995216,0.6590909090909091,0.13875598086124402,0.7727272727272727,0.16267942583732056,0.9545454545454546,0.20095693779904306,1.0,0.21052631578947367
Toshiba,LGBM,42,0.05,132,209,0.048260096520193044,0.21212121212121213,0.1339712918660287,0.22727272727272727,0.14354066985645933,0.24242424242424243,0.15311004784688995,0.2727272727272727,0.1722488038277512,0.3333333333333333,0.21052631578947367,0.48484848484848486,0.3062200956937799,0.5757575757575758,0.36363636363636365,0.7954545454545454,0.5023923444976076,0.9166666666666666,0.5789473684210527
Toshiba,LGBM,43,0.01,37,209,0.0063500127000254,0.13513513513513514,0.023923444976076555,0.16216216216216217,0.028708133971291867,0.1891891891891892,0.03349282296650718,0.24324324324324326,0.0430622009569378,0.4864864864864865,0.0861244019138756,0.6486486486486487,0.11483253588516747,0.7567567567567568,0.1339712918660287,0.972972972972973,0.1722488038277512,1.0,0.17703349282296652
Toshiba,LGBM,43,0.05,125,209,0.04343408686817374,0.192,0.11483253588516747,0.208,0.12440191387559808,0.232,0.13875598086124402,0.264,0.15789473684210525,0.328,0.19617224880382775,0.48,0.28708133971291866,0.584,0.3492822966507177,0.808,0.48325358851674644,0.928,0.5550239234449761
Toshiba,LGBM,44,0.01,42,209,0.008636017272034544,0.16666666666666666,0.03349282296650718,0.19047619047619047,0.03827751196172249,0.21428571428571427,0.0430622009569378,0.2857142857142857,0.05741626794258373,0.40476190476190477,0.08133971291866028,0.5238095238095238,0.10526315789473684,0.6904761904761905,0.13875598086124402,0.9047619047619048,0.18181818181818182,1.0,0.20095693779904306
Toshiba,LGBM,44,0.05,125,209,0.04343408686817374,0.192,0.11483253588516747,0.208,0.12440191387559808,0.232,0.13875598086124402,0.264,0.15789473684210525,0.328,0.19617224880382775,0.48,0.28708133971291866,0.584,0.3492822966507177,0.808,0.48325358851674644,0.928,0.5550239234449761
Toshiba,LGBM,45,0.01,43,209,0.008382016764033528,0.16279069767441862,0.03349282296650718,0.20930232558139536,0.0430622009569378,0.20930232558139536,0.0430622009569378,0.27906976744186046,0.05741626794258373,0.4186046511627907,0.0861244019138756,0.5116279069767442,0.10526315789473684,0.6976744186046512,0.14354066985645933,0.8837209302325582,0.18181818181818182,0.9302325581395349,0.19138755980861244
Toshiba,LGBM,45,0.05,137,209,0.048260096520193044,0.21897810218978103,0.14354066985645933,0.23357664233576642,0.15311004784688995,0.25547445255474455,0.1674641148325359,0.2846715328467153,0.18660287081339713,0.34306569343065696,0.22488038277511962,0.48175182481751827,0.3157894736842105,0.5766423357664233,0.37799043062200954,0.7956204379562044,0.5215311004784688,0.9124087591240876,0.5980861244019139
Toshiba,LGBM,46,0.01,31,209,0.0055880111760223524,0.16129032258064516,0.023923444976076555,0.16129032258064516,0.023923444976076555,0.16129032258064516,0.023923444976076555,0.2903225806451613,0.0430622009569378,0.5161290322580645,0.07655502392344497,0.6129032258064516,0.09090909090909091,0.8064516129032258,0.11961722488038277,0.967741935483871,0.14354066985645933,1.0,0.14832535885167464
Toshiba,LGBM,46,0.05,125,209,0.04343408686817374,0.192,0.11483253588516747,0.208,0.12440191387559808,0.232,0.13875598086124402,0.264,0.15789473684210525,0.328,0.19617224880382775,0.48,0.28708133971291866,0.584,0.3492822966507177,0.808,0.48325358851674644,0.928,0.5550239234449761
Toshiba,LGBM,47,0.01,46,209,0.008382016764033528,0.2391304347826087,0.05263157894736842,0.2608695652173913,0.05741626794258373,0.2608695652173913,0.05741626794258373,0.34782608695652173,0.07655502392344497,0.5434782608695652,0.11961722488038277,0.6739130434782609,0.14832535885167464,0.782608695652174,0.1722488038277512,0.9565217391304348,0.21052631578947367,1.0,0.22009569377990432
Toshiba,LGBM,47,0.05,125,209,0.04343408686817374,0.192,0.11483253588516747,0.208,0.12440191387559808,0.232,0.13875598086124402,0.264,0.15789473684210525,0.328,0.19617224880382775,0.48,0.28708133971291866,0.584,0.3492822966507177,0.808,0.48325358851674644,0.928,0.5550239234449761
Toshiba,LGBM,48,0.01,35,209,0.006096012192024384,0.2,0.03349282296650718,0.22857142857142856,0.03827751196172249,0.22857142857142856,0.03827751196172249,0.34285714285714286,0.05741626794258373,0.5142857142857142,0.0861244019138756,0.6,0.10047846889952153,0.7428571428571429,0.12440191387559808,0.9428571428571428,0.15789473684210525,1.0,0.1674641148325359
Toshiba,LGBM,48,0.05,125,209,0.04343408686817374,0.192,0.11483253588516747,0.208,0.12440191387559808,0.232,0.13875598086124402,0.264,0.15789473684210525,0.328,0.19617224880382775,0.48,0.28708133971291866,0.584,0.3492822966507177,0.808,0.48325358851674644,0.928,0.5550239234449761
Toshiba,LGBM,49,0.01,48,209,0.00889001778003556,0.22916666666666666,0.05263157894736842,0.2708333333333333,0.06220095693779904,0.2708333333333333,0.06220095693779904,0.3541666666666667,0.08133971291866028,0.5416666666666666,0.12440191387559808,0.6875,0.15789473684210525,0.7916666666666666,0.18181818181818182,0.9583333333333334,0.22009569377990432,1.0,0.22966507177033493
Toshiba,LGBM,49,0.05,125,209,0.04343408686817374,0.192,0.11483253588516747,0.208,0.12440191387559808,0.232,0.13875598086124402,0.264,0.15789473684210525,0.328,0.19617224880382775,0.48,0.28708133971291866,0.584,0.3492822966507177,0.808,0.48325358851674644,0.928,0.5550239234449761
Toshiba,LGBM,50,0.01,39,209,0.00762001524003048,0.1794871794871795,0.03349282296650718,0.20512820512820512,0.03827751196172249,0.20512820512820512,0.03827751196172249,0.3076923076923077,0.05741626794258373,0.46153846153846156,0.0861244019138756,0.5897435897435898,0.11004784688995216,0.7435897435897436,0.13875598086124402,0.9743589743589743,0.18181818181818182,1.0,0.18660287081339713
Toshiba,LGBM,50,0.05,125,209,0.04343408686817374,0.192,0.11483253588516747,0.208,0.12440191387559808,0.232,0.13875598086124402,0.264,0.15789473684210525,0.328,0.19617224880382775,0.48,0.28708133971291866,0.584,0.3492822966507177,0.808,0.48325358851674644,0.928,0.5550239234449761
Toshiba,LGBM,51,0.01,50,209,0.009398018796037593,0.22,0.05263157894736842,0.28,0.06698564593301436,0.28,0.06698564593301436,0.38,0.09090909090909091,0.48,0.11483253588516747,0.6,0.14354066985645933,0.74,0.17703349282296652,0.96,0.22966507177033493,0.98,0.23444976076555024
Toshiba,LGBM,51,0.05,133,209,0.04800609601219202,0.21804511278195488,0.13875598086124402,0.23308270676691728,0.14832535885167464,0.24812030075187969,0.15789473684210525,0.2781954887218045,0.17703349282296652,0.3383458646616541,0.215311004784689,0.48872180451127817,0.31100478468899523,0.5789473684210527,0.3684210526315789,0.7969924812030075,0.507177033492823,0.9172932330827067,0.583732057416268
Toshiba,LGBM,52,0.01,35,209,0.009906019812039623,0.34285714285714286,0.05741626794258373,0.4,0.06698564593301436,0.4,0.06698564593301436,0.42857142857142855,0.07177033492822966,0.5428571428571428,0.09090909090909091,0.7142857142857143,0.11961722488038277,0.8285714285714286,0.13875598086124402,0.9142857142857143,0.15311004784688995,0.9714285714285714,0.16267942583732056
Toshiba,LGBM,52,0.05,129,209,0.04953009906019812,0.17054263565891473,0.10526315789473684,0.18604651162790697,0.11483253588516747,0.20155038759689922,0.12440191387559808,0.24031007751937986,0.14832535885167464,0.3178294573643411,0.19617224880382775,0.4728682170542636,0.291866028708134,0.5658914728682171,0.3492822966507177,0.7674418604651163,0.47368421052631576,0.9302325581395349,0.5741626794258373
Toshiba,LGBM,53,0.01,50,209,0.008128016256032511,0.2,0.04784688995215311,0.22,0.05263157894736842,0.3,0.07177033492822966,0.36,0.0861244019138756,0.56,0.1339712918660287,0.7,0.1674641148325359,0.78,0.18660287081339713,0.96,0.22966507177033493,1.0,0.23923444976076555
Toshiba,LGBM,53,0.05,125,209,0.04343408686817374,0.192,0.11483253588516747,0.208,0.12440191387559808,0.232,0.13875598086124402,0.264,0.15789473684210525,0.328,0.19617224880382775,0.48,0.28708133971291866,0.584,0.3492822966507177,0.808,0.48325358851674644,0.928,0.5550239234449761
Toshiba,LGBM,54,0.01,45,209,0.008382016764033528,0.24444444444444444,0.05263157894736842,0.26666666666666666,0.05741626794258373,0.26666666666666666,0.05741626794258373,0.35555555555555557,0.07655502392344497,0.5333333333333333,0.11483253588516747,0.6666666666666666,0.14354066985645933,0.7777777777777778,0.1674641148325359,0.9555555555555556,0.20574162679425836,1.0,0.215311004784689
Toshiba,LGBM,54,0.05,125,209,0.04343408686817374,0.192,0.11483253588516747,0.208,0.12440191387559808,0.232,0.13875598086124402,0.264,0.15789473684210525,0.328,0.19617224880382775,0.48,0.28708133971291866,0.584,0.3492822966507177,0.808,0.48325358851674644,0.928,0.5550239234449761
Toshiba,LGBM,55,0.01,48,209,0.009398018796037593,0.22916666666666666,0.05263157894736842,0.25,0.05741626794258373,0.2708333333333333,0.06220095693779904,0.3333333333333333,0.07655502392344497,0.5,0.11483253588516747,0.625,0.14354066985645933,0.7291666666666666,0.1674641148325359,0.9166666666666666,0.21052631578947367,0.9583333333333334,0.22009569377990432
Toshiba,LGBM,55,0.05,125,209,0.04343408686817374,0.192,0.11483253588516747,0.208,0.12440191387559808,0.232,0.13875598086124402,0.264,0.15789473684210525,0.328,0.19617224880382775,0.48,0.28708133971291866,0.584,0.3492822966507177,0.808,0.48325358851674644,0.928,0.5550239234449761
Toshiba,LGBM,56,0.01,34,209,0.008636017272034544,0.17647058823529413,0.028708133971291867,0.17647058823529413,0.028708133971291867,0.23529411764705882,0.03827751196172249,0.2647058823529412,0.0430622009569378,0.4117647058823529,0.06698564593301436,0.5588235294117647,0.09090909090909091,0.7647058823529411,0.12440191387559808,0.9117647058823529,0.14832535885167464,0.9705882352941176,0.15789473684210525
Toshiba,LGBM,56,0.05,137,209,0.04978409956819914,0.21897810218978103,0.14354066985645933,0.23357664233576642,0.15311004784688995,0.25547445255474455,0.1674641148325359,0.2773722627737226,0.18181818181818182,0.3357664233576642,0.22009569377990432,0.4744525547445255,0.31100478468899523,0.5766423357664233,0.37799043062200954,0.7883211678832117,0.5167464114832536,0.9124087591240876,0.5980861244019139
Toshiba,LGBM,57,0.01,44,209,0.009906019812039623,0.22727272727272727,0.04784688995215311,0.29545454545454547,0.06220095693779904,0.29545454545454547,0.06220095693779904,0.3409090909090909,0.07177033492822966,0.4318181818181818,0.09090909090909091,0.5681818181818182,0.11961722488038277,0.75,0.15789473684210525,0.9318181818181818,0.19617224880382775,0.9545454545454546,0.20095693779904306
Toshiba,LGBM,57,0.05,133,209,0.04851409702819406,0.21804511278195488,0.13875598086124402,0.23308270676691728,0.14832535885167464,0.24812030075187969,0.15789473684210525,0.2781954887218045,0.17703349282296652,0.3383458646616541,0.215311004784689,0.48872180451127817,0.31100478468899523,0.5789473684210527,0.3684210526315789,0.7969924812030075,0.507177033492823,0.9172932330827067,0.583732057416268
Toshiba,LGBM,58,0.01,43,209,0.009906019812039623,0.3023255813953488,0.06220095693779904,0.32558139534883723,0.06698564593301436,0.3953488372093023,0.08133971291866028,0.46511627906976744,0.09569377990430622,0.5348837209302325,0.11004784688995216,0.5813953488372093,0.11961722488038277,0.7441860465116279,0.15311004784688995,0.9302325581395349,0.19138755980861244,0.9767441860465116,0.20095693779904306
Toshiba,LGBM,58,0.05,134,209,0.04978409956819914,0.208955223880597,0.1339712918660287,0.22388059701492538,0.14354066985645933,0.23880597014925373,0.15311004784688995,0.26865671641791045,0.1722488038277512,0.3283582089552239,0.21052631578947367,0.4626865671641791,0.2966507177033493,0.5597014925373134,0.3588516746411483,0.8059701492537313,0.5167464114832536,0.9328358208955224,0.5980861244019139
Toshiba,LGBM,59,0.01,49,209,0.008382016764033528,0.22448979591836735,0.05263157894736842,0.2653061224489796,0.06220095693779904,0.2653061224489796,0.06220095693779904,0.3673469387755102,0.0861244019138756,0.5714285714285714,0.1339712918660287,0.6938775510204082,0.16267942583732056,0.7959183673469388,0.18660287081339713,0.9591836734693877,0.22488038277511962,1.0,0.23444976076555024
Toshiba,LGBM,59,0.05,125,209,0.04343408686817374,0.192,0.11483253588516747,0.208,0.12440191387559808,0.232,0.13875598086124402,0.264,0.15789473684210525,0.328,0.19617224880382775,0.48,0.28708133971291866,0.584,0.3492822966507177,0.808,0.48325358851674644,0.928,0.5550239234449761
Toshiba,LGBM,60,0.01,45,209,0.008636017272034544,0.15555555555555556,0.03349282296650718,0.2222222222222222,0.04784688995215311,0.24444444444444444,0.05263157894736842,0.3333333333333333,0.07177033492822966,0.4222222222222222,0.09090909090909091,0.5555555555555556,0.11961722488038277,0.7555555555555555,0.16267942583732056,0.8888888888888888,0.19138755980861244,1.0,0.215311004784689
Toshiba,LGBM,60,0.05,125,209,0.04343408686817374,0.192,0.11483253588516747,0.208,0.12440191387559808,0.232,0.13875598086124402,0.264,0.15789473684210525,0.328,0.19617224880382775,0.48,0.28708133971291866,0.584,0.3492822966507177,0.808,0.48325358851674644,0.928,0.5550239234449761
Toshiba,LGBM,61,0.01,32,209,0.009906019812039623,0.1875,0.028708133971291867,0.25,0.03827751196172249,0.25,0.03827751196172249,0.40625,0.06220095693779904,0.53125,0.08133971291866028,0.625,0.09569377990430622,0.78125,0.11961722488038277,0.9375,0.14354066985645933,0.96875,0.14832535885167464
Toshiba,LGBM,61,0.05,131,209,0.04978409956819914,0.19083969465648856,0.11961722488038277,0.20610687022900764,0.1291866028708134,0.22900763358778625,0.14354066985645933,0.2595419847328244,0.16267942583732056,0.33587786259541985,0.21052631578947367,0.4961832061068702,0.31100478468899523,0.5725190839694656,0.3588516746411483,0.8015267175572519,0.5023923444976076,0.916030534351145,0.5741626794258373
Toshiba,LGBM,62,0.01,44,209,0.009144018288036576,0.25,0.05263157894736842,0.2727272727272727,0.05741626794258373,0.2727272727272727,0.05741626794258373,0.3409090909090909,0.07177033492822966,0.45454545454545453,0.09569377990430622,0.5909090909090909,0.12440191387559808,0.75,0.15789473684210525,0.9545454545454546,0.20095693779904306,1.0,0.21052631578947367
Toshiba,LGBM,62,0.05,135,209,0.047244094488188976,0.2074074074074074,0.1339712918660287,0.22962962962962963,0.14832535885167464,0.2518518518518518,0.16267942583732056,0.2814814814814815,0.18181818181818182,0.34074074074074073,0.22009569377990432,0.48148148148148145,0.31100478468899523,0.5851851851851851,0.37799043062200954,0.7925925925925926,0.5119617224880383,0.9185185185185185,0.5933014354066986
Toshiba,LGBM,63,0.01,34,209,0.006096012192024384,0.17647058823529413,0.028708133971291867,0.23529411764705882,0.03827751196172249,0.23529411764705882,0.03827751196172249,0.2647058823529412,0.0430622009569378,0.47058823529411764,0.07655502392344497,0.5882352941176471,0.09569377990430622,0.7941176470588235,0.1291866028708134,0.9705882352941176,0.15789473684210525,1.0,0.16267942583732056
Toshiba,LGBM,63,0.05,125,209,0.04343408686817374,0.192,0.11483253588516747,0.208,0.12440191387559808,0.232,0.13875598086124402,0.264,0.15789473684210525,0.328,0.19617224880382775,0.48,0.28708133971291866,0.584,0.3492822966507177,0.808,0.48325358851674644,0.928,0.5550239234449761
Toshiba,LGBM,64,0.01,44,209,0.008636017272034544,0.13636363636363635,0.028708133971291867,0.1590909090909091,0.03349282296650718,0.20454545454545456,0.0430622009569378,0.3181818181818182,0.06698564593301436,0.45454545454545453,0.09569377990430622,0.5909090909090909,0.12440191387559808,0.75,0.15789473684210525,0.9545454545454546,0.20095693779904306,1.0,0.21052631578947367
Toshiba,LGBM,64,0.05,125,209,0.04343408686817374,0.192,0.11483253588516747,0.208,0.12440191387559808,0.232,0.13875598086124402,0.264,0.15789473684210525,0.328,0.19617224880382775,0.48,0.28708133971291866,0.584,0.3492822966507177,0.808,0.48325358851674644,0.928,0.5550239234449761
Toshiba,LGBM,65,0.01,39,209,0.007112014224028448,0.2564102564102564,0.04784688995215311,0.28205128205128205,0.05263157894736842,0.28205128205128205,0.05263157894736842,0.38461538461538464,0.07177033492822966,0.5128205128205128,0.09569377990430622,0.6153846153846154,0.11483253588516747,0.7435897435897436,0.13875598086124402,0.9487179487179487,0.17703349282296652,1.0,0.18660287081339713
Toshiba,LGBM,65,0.05,125,209,0.04343408686817374,0.192,0.11483253588516747,0.208,0.12440191387559808,0.232,0.13875598086124402,0.264,0.15789473684210525,0.328,0.19617224880382775,0.48,0.28708133971291866,0.584,0.3492822966507177,0.808,0.48325358851674644,0.928,0.5550239234449761
Toshiba,LGBM,66,0.01,40,209,0.008636017272034544,0.2,0.03827751196172249,0.225,0.0430622009569378,0.25,0.04784688995215311,0.325,0.06220095693779904,0.425,0.08133971291866028,0.575,0.11004784688995216,0.725,0.13875598086124402,0.95,0.18181818181818182,1.0,0.19138755980861244
Toshiba,LGBM,66,0.05,125,209,0.04343408686817374,0.192,0.11483253588516747,0.208,0.12440191387559808,0.232,0.13875598086124402,0.264,0.15789473684210525,0.328,0.19617224880382775,0.48,0.28708133971291866,0.584,0.3492822966507177,0.808,0.48325358851674644,0.928,0.5550239234449761
Toshiba,LGBM,67,0.01,48,209,0.009398018796037593,0.25,0.05741626794258373,0.2708333333333333,0.06220095693779904,0.2708333333333333,0.06220095693779904,0.3541666666666667,0.08133971291866028,0.5208333333333334,0.11961722488038277,0.6458333333333334,0.14832535885167464,0.7291666666666666,0.1674641148325359,0.9375,0.215311004784689,1.0,0.22966507177033493
Toshiba,LGBM,67,0.05,125,209,0.04343408686817374,0.192,0.11483253588516747,0.208,0.12440191387559808,0.232,0.13875598086124402,0.264,0.15789473684210525,0.328,0.19617224880382775,0.48,0.28708133971291866,0.584,0.3492822966507177,0.808,0.48325358851674644,0.928,0.5550239234449761
Toshiba,LGBM,68,0.01,48,209,0.009906019812039623,0.20833333333333334,0.04784688995215311,0.22916666666666666,0.05263157894736842,0.25,0.05741626794258373,0.3333333333333333,0.07655502392344497,0.4583333333333333,0.10526315789473684,0.625,0.14354066985645933,0.75,0.1722488038277512,0.9375,0.215311004784689,1.0,0.22966507177033493
Toshiba,LGBM,68,0.05,125,209,0.04343408686817374,0.192,0.11483253588516747,0.208,0.12440191387559808,0.232,0.13875598086124402,0.264,0.15789473684210525,0.328,0.19617224880382775,0.48,0.28708133971291866,0.584,0.3492822966507177,0.808,0.48325358851674644,0.928,0.5550239234449761
Toshiba,LGBM,69,0.01,45,209,0.008382016764033528,0.24444444444444444,0.05263157894736842,0.26666666666666666,0.05741626794258373,0.26666666666666666,0.05741626794258373,0.35555555555555557,0.07655502392344497,0.5555555555555556,0.11961722488038277,0.6888888888888889,0.14832535885167464,0.8,0.1722488038277512,0.9555555555555556,0.20574162679425836,1.0,0.215311004784689
Toshiba,LGBM,69,0.05,125,209,0.04343408686817374,0.192,0.11483253588516747,0.208,0.12440191387559808,0.232,0.13875598086124402,0.264,0.15789473684210525,0.328,0.19617224880382775,0.48,0.28708133971291866,0.584,0.3492822966507177,0.808,0.48325358851674644,0.928,0.5550239234449761
Toshiba,LGBM,70,0.01,44,209,0.008636017272034544,0.13636363636363635,0.028708133971291867,0.18181818181818182,0.03827751196172249,0.18181818181818182,0.03827751196172249,0.25,0.05263157894736842,0.38636363636363635,0.08133971291866028,0.5681818181818182,0.11961722488038277,0.75,0.15789473684210525,0.9090909090909091,0.19138755980861244,1.0,0.21052631578947367
Toshiba,LGBM,70,0.05,125,209,0.04343408686817374,0.192,0.11483253588516747,0.208,0.12440191387559808,0.232,0.13875598086124402,0.264,0.15789473684210525,0.328,0.19617224880382775,0.48,0.28708133971291866,0.584,0.3492822966507177,0.808,0.48325358851674644,0.928,0.5550239234449761
Toshiba,LGBM,71,0.01,44,209,0.007366014732029464,0.20454545454545456,0.0430622009569378,0.2727272727272727,0.05741626794258373,0.2727272727272727,0.05741626794258373,0.3409090909090909,0.07177033492822966,0.5227272727272727,0.11004784688995216,0.6363636363636364,0.1339712918660287,0.75,0.15789473684210525,0.9772727272727273,0.20574162679425836,1.0,0.21052631578947367
Toshiba,LGBM,71,0.05,125,209,0.04343408686817374,0.192,0.11483253588516747,0.208,0.12440191387559808,0.232,0.13875598086124402,0.264,0.15789473684210525,0.328,0.19617224880382775,0.48,0.28708133971291866,0.584,0.3492822966507177,0.808,0.48325358851674644,0.928,0.5550239234449761
Toshiba,XGB,42,0.01,51,209,0.00889001778003556,0.19607843137254902,0.04784688995215311,0.23529411764705882,0.05741626794258373,0.2549019607843137,0.06220095693779904,0.3137254901960784,0.07655502392344497,0.45098039215686275,0.11004784688995216,0.5686274509803921,0.13875598086124402,0.6862745098039216,0.1674641148325359,0.8823529411764706,0.215311004784689,0.9803921568627451,0.23923444976076555
Toshiba,XGB,42,0.05,134,209,0.042164084328168656,0.21641791044776118,0.13875598086124402,0.2462686567164179,0.15789473684210525,0.27611940298507465,0.17703349282296652,0.29850746268656714,0.19138755980861244,0.373134328358209,0.23923444976076555,0.5373134328358209,0.3444976076555024,0.6194029850746269,0.39712918660287083,0.8059701492537313,0.5167464114832536,0.9253731343283582,0.5933014354066986
Toshiba,XGB,43,0.01,49,209,0.009906019812039623,0.16326530612244897,0.03827751196172249,0.20408163265306123,0.04784688995215311,0.2653061224489796,0.06220095693779904,0.3469387755102041,0.08133971291866028,0.46938775510204084,0.11004784688995216,0.6122448979591837,0.14354066985645933,0.7551020408163265,0.17703349282296652,0.9387755102040817,0.22009569377990432,0.9795918367346939,0.22966507177033493
Toshiba,XGB,43,0.05,135,209,0.04978409956819914,0.17777777777777778,0.11483253588516747,0.2074074074074074,0.1339712918660287,0.2222222222222222,0.14354066985645933,0.26666666666666666,0.1722488038277512,0.362962962962963,0.23444976076555024,0.4962962962962963,0.32057416267942584,0.5851851851851851,0.37799043062200954,0.7925925925925926,0.5119617224880383,0.9185185185185185,0.5933014354066986
Toshiba,XGB,44,0.01,47,209,0.009144018288036576,0.1702127659574468,0.03827751196172249,0.23404255319148937,0.05263157894736842,0.2765957446808511,0.06220095693779904,0.3617021276595745,0.08133971291866028,0.425531914893617,0.09569377990430622,0.5106382978723404,0.11483253588516747,0.6595744680851063,0.14832535885167464,0.8936170212765957,0.20095693779904306,0.9787234042553191,0.22009569377990432
Toshiba,XGB,44,0.05,136,209,0.04978409956819914,0.17647058823529413,0.11483253588516747,0.19852941176470587,0.1291866028708134,0.21323529411764705,0.13875598086124402,0.23529411764705882,0.15311004784688995,0.3235294117647059,0.21052631578947367,0.4632352941176471,0.3014354066985646,0.5588235294117647,0.36363636363636365,0.7794117647058824,0.507177033492823,0.9117647058823529,0.5933014354066986
Toshiba,XGB,45,0.01,38,209,0.006858013716027432,0.13157894736842105,0.023923444976076555,0.23684210526315788,0.0430622009569378,0.23684210526315788,0.0430622009569378,0.2894736842105263,0.05263157894736842,0.42105263157894735,0.07655502392344497,0.5263157894736842,0.09569377990430622,0.6842105263157895,0.12440191387559808,0.9210526315789473,0.1674641148325359,0.9736842105263158,0.17703349282296652
Toshiba,XGB,45,0.05,132,209,0.04546609093218187,0.2196969696969697,0.13875598086124402,0.23484848484848486,0.14832535885167464,0.26515151515151514,0.1674641148325359,0.2878787878787879,0.18181818181818182,0.3560606060606061,0.22488038277511962,0.5303030303030303,0.3349282296650718,0.6136363636363636,0.3875598086124402,0.8106060606060606,0.5119617224880383,0.9242424242424242,0.583732057416268
Toshiba,XGB,46,0.01,52,209,0.009652019304038608,0.17307692307692307,0.0430622009569378,0.21153846153846154,0.05263157894736842,0.25,0.06220095693779904,0.34615384615384615,0.0861244019138756,0.4230769230769231,0.10526315789473684,0.5384615384615384,0.1339712918660287,0.6730769230769231,0.1674641148325359,0.9038461538461539,0.22488038277511962,0.9807692307692307,0.24401913875598086
Toshiba,XGB,46,0.05,139,209,0.04978409956819914,0.20863309352517986,0.13875598086124402,0.2302158273381295,0.15311004784688995,0.2517985611510791,0.1674641148325359,0.2949640287769784,0.19617224880382775,0.35251798561151076,0.23444976076555024,0.5107913669064749,0.3397129186602871,0.5971223021582733,0.39712918660287083,0.8057553956834532,0.5358851674641149,0.920863309352518,0.6124401913875598
Toshiba,XGB,47,0.01,32,209,0.004826009652019304,0.15625,0.023923444976076555,0.28125,0.0430622009569378,0.28125,0.0430622009569378,0.34375,0.05263157894736842,0.46875,0.07177033492822966,0.5625,0.0861244019138756,0.71875,0.11004784688995216,0.90625,0.13875598086124402,0.96875,0.14832535885167464
Toshiba,XGB,47,0.05,134,209,0.04749809499618999,0.20149253731343283,0.1291866028708134,0.22388059701492538,0.14354066985645933,0.2462686567164179,0.15789473684210525,0.27611940298507465,0.17703349282296652,0.3358208955223881,0.215311004784689,0.4925373134328358,0.3157894736842105,0.582089552238806,0.37320574162679426,0.7985074626865671,0.5119617224880383,0.917910447761194,0.5885167464114832
Toshiba,XGB,48,0.01,43,209,0.009906019812039623,0.16279069767441862,0.03349282296650718,0.20930232558139536,0.0430622009569378,0.20930232558139536,0.0430622009569378,0.2558139534883721,0.05263157894736842,0.3953488372093023,0.08133971291866028,0.6046511627906976,0.12440191387559808,0.7209302325581395,0.14832535885167464,0.8837209302325582,0.18181818181818182,0.9767441860465116,0.20095693779904306
Toshiba,XGB,48,0.05,133,209,0.04978409956819914,0.19548872180451127,0.12440191387559808,0.22556390977443608,0.14354066985645933,0.24060150375939848,0.15311004784688995,0.2706766917293233,0.1722488038277512,0.3533834586466165,0.22488038277511962,0.5037593984962406,0.32057416267942584,0.5789473684210527,0.3684210526315789,0.8120300751879699,0.5167464114832536,0.9097744360902256,0.5789473684210527
Toshiba,XGB,49,0.01,47,209,0.008382016764033528,0.14893617021276595,0.03349282296650718,0.1702127659574468,0.03827751196172249,0.23404255319148937,0.05263157894736842,0.3404255319148936,0.07655502392344497,0.46808510638297873,0.10526315789473684,0.6170212765957447,0.13875598086124402,0.7659574468085106,0.1722488038277512,0.9574468085106383,0.215311004784689,1.0,0.22488038277511962
Toshiba,XGB,49,0.05,131,209,0.04191008382016764,0.22137404580152673,0.13875598086124402,0.24427480916030533,0.15311004784688995,0.2748091603053435,0.1722488038277512,0.3053435114503817,0.19138755980861244,0.366412213740458,0.22966507177033493,0.5190839694656488,0.3253588516746411,0.6106870229007634,0.3827751196172249,0.8091603053435115,0.507177033492823,0.9312977099236641,0.583732057416268
Toshiba,XGB,50,0.01,39,209,0.007112014224028448,0.1794871794871795,0.03349282296650718,0.2564102564102564,0.04784688995215311,0.2564102564102564,0.04784688995215311,0.3076923076923077,0.05741626794258373,0.4358974358974359,0.08133971291866028,0.5384615384615384,0.10047846889952153,0.6923076923076923,0.1291866028708134,0.9230769230769231,0.1722488038277512,0.9743589743589743,0.18181818181818182
Toshiba,XGB,50,0.05,132,209,0.04876809753619507,0.16666666666666666,0.10526315789473684,0.1893939393939394,0.11961722488038277,0.2196969696969697,0.13875598086124402,0.24242424242424243,0.15311004784688995,0.3333333333333333,0.21052631578947367,0.5,0.3157894736842105,0.5833333333333334,0.3684210526315789,0.7954545454545454,0.5023923444976076,0.9242424242424242,0.583732057416268
Toshiba,XGB,51,0.01,48,209,0.007874015748031496,0.22916666666666666,0.05263157894736842,0.25,0.05741626794258373,0.2916666666666667,0.06698564593301436,0.375,0.0861244019138756,0.4791666666666667,0.11004784688995216,0.6041666666666666,0.13875598086124402,0.75,0.1722488038277512,0.9375,0.215311004784689,0.9791666666666666,0.22488038277511962
Toshiba,XGB,51,0.05,137,209,0.04546609093218187,0.20437956204379562,0.1339712918660287,0.22627737226277372,0.14832535885167464,0.25547445255474455,0.1674641148325359,0.2846715328467153,0.18660287081339713,0.34306569343065696,0.22488038277511962,0.49635036496350365,0.3253588516746411,0.583941605839416,0.3827751196172249,0.8029197080291971,0.5263157894736842,0.927007299270073,0.6076555023923444
Toshiba,XGB,52,0.01,47,209,0.007874015748031496,0.1702127659574468,0.03827751196172249,0.19148936170212766,0.0430622009569378,0.23404255319148937,0.05263157894736842,0.3191489361702128,0.07177033492822966,0.46808510638297873,0.10526315789473684,0.5957446808510638,0.1339712918660287,0.723404255319149,0.16267942583732056,0.9361702127659575,0.21052631578947367,0.9787234042553191,0.22009569377990432
Toshiba,XGB,52,0.05,131,209,0.043942087884175765,0.20610687022900764,0.1291866028708134,0.22137404580152673,0.13875598086124402,0.25190839694656486,0.15789473684210525,0.2824427480916031,0.17703349282296652,0.3435114503816794,0.215311004784689,0.5190839694656488,0.3253588516746411,0.6030534351145038,0.37799043062200954,0.8091603053435115,0.507177033492823,0.9312977099236641,0.583732057416268
Toshiba,XGB,53,0.01,44,209,0.00889001778003556,0.18181818181818182,0.03827751196172249,0.22727272727272727,0.04784688995215311,0.25,0.05263157894736842,0.3181818181818182,0.06698564593301436,0.38636363636363635,0.08133971291866028,0.5227272727272727,0.11004784688995216,0.6590909090909091,0.13875598086124402,0.9090909090909091,0.19138755980861244,1.0,0.21052631578947367
Toshiba,XGB,53,0.05,138,209,0.04978409956819914,0.17391304347826086,0.11483253588516747,0.2028985507246377,0.1339712918660287,0.2246376811594203,0.14832535885167464,0.2536231884057971,0.1674641148325359,0.34057971014492755,0.22488038277511962,0.4855072463768116,0.32057416267942584,0.5797101449275363,0.3827751196172249,0.7898550724637681,0.5215311004784688,0.927536231884058,0.6124401913875598
Toshiba,XGB,54,0.01,53,209,0.009906019812039623,0.1509433962264151,0.03827751196172249,0.18867924528301888,0.04784688995215311,0.20754716981132076,0.05263157894736842,0.3018867924528302,0.07655502392344497,0.4339622641509434,0.11004784688995216,0.5283018867924528,0.1339712918660287,0.660377358490566,0.1674641148325359,0.9056603773584906,0.22966507177033493,0.9811320754716981,0.24880382775119617
Toshiba,XGB,54,0.05,136,209,0.04978409956819914,0.17647058823529413,0.11483253588516747,0.20588235294117646,0.1339712918660287,0.22058823529411764,0.14354066985645933,0.2426470588235294,0.15789473684210525,0.33088235294117646,0.215311004784689,0.47794117647058826,0.31100478468899523,0.5735294117647058,0.37320574162679426,0.7794117647058824,0.507177033492823,0.9191176470588235,0.5980861244019139
Toshiba,XGB,55,0.01,39,209,0.007112014224028448,0.1794871794871795,0.03349282296650718,0.2564102564102564,0.04784688995215311,0.2564102564102564,0.04784688995215311,0.3076923076923077,0.05741626794258373,0.4358974358974359,0.08133971291866028,0.5384615384615384,0.10047846889952153,0.6923076923076923,0.1291866028708134,0.9230769230769231,0.1722488038277512,0.9743589743589743,0.18181818181818182
Toshiba,XGB,55,0.05,132,209,0.04318008636017272,0.21212121212121213,0.1339712918660287,0.23484848484848486,0.14832535885167464,0.25757575757575757,0.16267942583732056,0.2803030303030303,0.17703349282296652,0.3484848484848485,0.22009569377990432,0.5151515151515151,0.3253588516746411,0.5984848484848485,0.37799043062200954,0.803030303030303,0.507177033492823,0.9318181818181818,0.5885167464114832
Toshiba,XGB,56,0.01,25,209,0.00508001016002032,0.12,0.014354066985645933,0.24,0.028708133971291867,0.24,0.028708133971291867,0.28,0.03349282296650718,0.4,0.04784688995215311,0.56,0.06698564593301436,0.76,0.09090909090909091,0.96,0.11483253588516747,1.0,0.11961722488038277
Toshiba,XGB,56,0.05,134,209,0.04953009906019812,0.20149253731343283,0.1291866028708134,0.208955223880597,0.1339712918660287,0.23880597014925373,0.15311004784688995,0.27611940298507465,0.17703349282296652,0.3358208955223881,0.215311004784689,0.48507462686567165,0.31100478468899523,0.5746268656716418,0.3684210526315789,0.8059701492537313,0.5167464114832536,0.917910447761194,0.5885167464114832
Toshiba,XGB,57,0.01,35,209,0.009906019812039623,0.2,0.03349282296650718,0.2571428571428571,0.0430622009569378,0.2571428571428571,0.0430622009569378,0.2571428571428571,0.0430622009569378,0.34285714285714286,0.05741626794258373,0.5714285714285714,0.09569377990430622,0.7142857142857143,0.11961722488038277,0.8857142857142857,0.14832535885167464,0.9714285714285714,0.16267942583732056
Toshiba,XGB,57,0.05,137,209,0.04978409956819914,0.1897810218978102,0.12440191387559808,0.2116788321167883,0.13875598086124402,0.22627737226277372,0.14832535885167464,0.26277372262773724,0.1722488038277512,0.3357664233576642,0.22009569377990432,0.48175182481751827,0.3157894736842105,0.5766423357664233,0.37799043062200954,0.7883211678832117,0.5167464114832536,0.9051094890510949,0.5933014354066986
Toshiba,XGB,58,0.01,45,209,0.00762001524003048,0.17777777777777778,0.03827751196172249,0.2,0.0430622009569378,0.24444444444444444,0.05263157894736842,0.3333333333333333,0.07177033492822966,0.4444444444444444,0.09569377990430622,0.5777777777777777,0.12440191387559808,0.7333333333333333,0.15789473684210525,0.9333333333333333,0.20095693779904306,0.9777777777777777,0.21052631578947367
Toshiba,XGB,58,0.05,136,209,0.04749809499618999,0.20588235294117646,0.1339712918660287,0.22794117647058823,0.14832535885167464,0.25,0.16267942583732056,0.27941176470588236,0.18181818181818182,0.3382352941176471,0.22009569377990432,0.49264705882352944,0.32057416267942584,0.5808823529411765,0.37799043062200954,0.7941176470588235,0.5167464114832536,0.9191176470588235,0.5980861244019139
Toshiba,XGB,59,0.01,45,209,0.007366014732029464,0.2,0.0430622009569378,0.2222222222222222,0.04784688995215311,0.26666666666666666,0.05741626794258373,0.35555555555555557,0.07655502392344497,0.5111111111111111,0.11004784688995216,0.6,0.1291866028708134,0.7111111111111111,0.15311004784688995,0.9111111111111111,0.19617224880382775,0.9777777777777777,0.21052631578947367
Toshiba,XGB,59,0.05,128,209,0.042926085852171704,0.2109375,0.1291866028708134,0.2265625,0.13875598086124402,0.2578125,0.15789473684210525,0.2890625,0.17703349282296652,0.359375,0.22009569377990432,0.5234375,0.32057416267942584,0.609375,0.37320574162679426,0.828125,0.507177033492823,0.9375,0.5741626794258373
Toshiba,XGB,60,0.01,42,209,0.009906019812039623,0.14285714285714285,0.028708133971291867,0.19047619047619047,0.03827751196172249,0.21428571428571427,0.0430622009569378,0.23809523809523808,0.04784688995215311,0.40476190476190477,0.08133971291866028,0.5238095238095238,0.10526315789473684,0.6428571428571429,0.1291866028708134,0.8809523809523809,0.17703349282296652,0.9523809523809523,0.19138755980861244
Toshiba,XGB,60,0.05,133,209,0.04978409956819914,0.18796992481203006,0.11961722488038277,0.21804511278195488,0.13875598086124402,0.22556390977443608,0.14354066985645933,0.2556390977443609,0.16267942583732056,0.3233082706766917,0.20574162679425836,0.47368421052631576,0.3014354066985646,0.5789473684210527,0.3684210526315789,0.7969924812030075,0.507177033492823,0.9097744360902256,0.5789473684210527
Toshiba,XGB,61,0.01,51,209,0.009144018288036576,0.1568627450980392,0.03827751196172249,0.19607843137254902,0.04784688995215311,0.21568627450980393,0.05263157894736842,0.3137254901960784,0.07655502392344497,0.43137254901960786,0.10526315789473684,0.5490196078431373,0.1339712918660287,0.6862745098039216,0.1674641148325359,0.9215686274509803,0.22488038277511962,0.9803921568627451,0.23923444976076555
Toshiba,XGB,61,0.05,140,209,0.04978409956819914,0.19285714285714287,0.1291866028708134,0.20714285714285716,0.13875598086124402,0.22857142857142856,0.15311004784688995,0.2571428571428571,0.1722488038277512,0.35714285714285715,0.23923444976076555,0.5,0.3349282296650718,0.5785714285714286,0.3875598086124402,0.7928571428571428,0.5311004784688995,0.9142857142857143,0.6124401913875598
Toshiba,XGB,62,0.01,46,209,0.00762001524003048,0.1956521739130435,0.0430622009569378,0.21739130434782608,0.04784688995215311,0.2608695652173913,0.05741626794258373,0.3695652173913043,0.08133971291866028,0.5217391304347826,0.11483253588516747,0.6086956521739131,0.1339712918660287,0.717391304347826,0.15789473684210525,0.9130434782608695,0.20095693779904306,0.9782608695652174,0.215311004784689
Toshiba,XGB,62,0.05,133,209,0.04699009398018796,0.21052631578947367,0.1339712918660287,0.23308270676691728,0.14832535885167464,0.2631578947368421,0.1674641148325359,0.2932330827067669,0.18660287081339713,0.3609022556390977,0.22966507177033493,0.5112781954887218,0.3253588516746411,0.6015037593984962,0.3827751196172249,0.8195488721804511,0.5215311004784688,0.924812030075188,0.5885167464114832
Toshiba,XGB,63,0.01,39,209,0.007112014224028448,0.1794871794871795,0.03349282296650718,0.2564102564102564,0.04784688995215311,0.2564102564102564,0.04784688995215311,0.3076923076923077,0.05741626794258373,0.4358974358974359,0.08133971291866028,0.5384615384615384,0.10047846889952153,0.6923076923076923,0.1291866028708134,0.9230769230769231,0.1722488038277512,0.9743589743589743,0.18181818181818182
Toshiba,XGB,63,0.05,136,209,0.04978409956819914,0.17647058823529413,0.11483253588516747,0.20588235294117646,0.1339712918660287,0.23529411764705882,0.15311004784688995,0.25735294117647056,0.1674641148325359,0.35294117647058826,0.22966507177033493,0.5147058823529411,0.3349282296650718,0.5955882352941176,0.3875598086124402,0.7941176470588235,0.5167464114832536,0.9264705882352942,0.6028708133971292
Toshiba,XGB,64,0.01,45,209,0.008128016256032511,0.1111111111111111,0.023923444976076555,0.13333333333333333,0.028708133971291867,0.2,0.0430622009569378,0.3111111111111111,0.06698564593301436,0.4444444444444444,0.09569377990430622,0.6,0.1291866028708134,0.7555555555555555,0.16267942583732056,0.9555555555555556,0.20574162679425836,1.0,0.215311004784689
Toshiba,XGB,64,0.05,131,209,0.04978409956819914,0.19083969465648856,0.11961722488038277,0.21374045801526717,0.1339712918660287,0.2366412213740458,0.14832535885167464,0.2748091603053435,0.1722488038277512,0.33587786259541985,0.21052631578947367,0.48091603053435117,0.3014354066985646,0.5648854961832062,0.35406698564593303,0.8091603053435115,0.507177033492823,0.9083969465648855,0.569377990430622
Toshiba,XGB,65,0.01,46,209,0.00762001524003048,0.1956521739130435,0.0430622009569378,0.21739130434782608,0.04784688995215311,0.2608695652173913,0.05741626794258373,0.3695652173913043,0.08133971291866028,0.5217391304347826,0.11483253588516747,0.6086956521739131,0.1339712918660287,0.717391304347826,0.15789473684210525,0.9130434782608695,0.20095693779904306,0.9782608695652174,0.215311004784689
Toshiba,XGB,65,0.05,129,209,0.04318008636017272,0.20930232558139536,0.1291866028708134,0.23255813953488372,0.14354066985645933,0.26356589147286824,0.16267942583732056,0.29457364341085274,0.18181818181818182,0.3643410852713178,0.22488038277511962,0.5271317829457365,0.3253588516746411,0.6124031007751938,0.37799043062200954,0.8294573643410853,0.5119617224880383,0.937984496124031,0.5789473684210527
Toshiba,XGB,66,0.01,50,209,0.008382016764033528,0.2,0.04784688995215311,0.22,0.05263157894736842,0.28,0.06698564593301436,0.38,0.09090909090909091,0.5,0.11961722488038277,0.64,0.15311004784688995,0.78,0.18660287081339713,0.96,0.22966507177033493,1.0,0.23923444976076555
Toshiba,XGB,66,0.05,126,209,0.04165608331216662,0.2222222222222222,0.1339712918660287,0.24603174603174602,0.14832535885167464,0.2777777777777778,0.1674641148325359,0.30952380952380953,0.18660287081339713,0.373015873015873,0.22488038277511962,0.5158730158730159,0.31100478468899523,0.626984126984127,0.37799043062200954,0.8412698412698413,0.507177033492823,0.9365079365079365,0.5645933014354066
Toshiba,XGB,67,0.01,39,209,0.006858013716027432,0.15384615384615385,0.028708133971291867,0.2564102564102564,0.04784688995215311,0.2564102564102564,0.04784688995215311,0.3076923076923077,0.05741626794258373,0.4358974358974359,0.08133971291866028,0.5384615384615384,0.10047846889952153,0.6923076923076923,0.1291866028708134,0.9230769230769231,0.1722488038277512,0.9743589743589743,0.18181818181818182
Toshiba,XGB,67,0.05,131,209,0.04572009144018288,0.21374045801526717,0.1339712918660287,0.22900763358778625,0.14354066985645933,0.2595419847328244,0.16267942583732056,0.2824427480916031,0.17703349282296652,0.3435114503816794,0.215311004784689,0.5114503816793893,0.32057416267942584,0.5954198473282443,0.37320574162679426,0.8015267175572519,0.5023923444976076,0.9236641221374046,0.5789473684210527
Toshiba,XGB,68,0.01,52,209,0.008636017272034544,0.17307692307692307,0.0430622009569378,0.19230769230769232,0.04784688995215311,0.2692307692307692,0.06698564593301436,0.34615384615384615,0.0861244019138756,0.4807692307692308,0.11961722488038277,0.6153846153846154,0.15311004784688995,0.7307692307692307,0.18181818181818182,0.9038461538461539,0.22488038277511962,0.9807692307692307,0.24401913875598086
Toshiba,XGB,68,0.05,134,209,0.04648209296418593,0.208955223880597,0.1339712918660287,0.22388059701492538,0.14354066985645933,0.2462686567164179,0.15789473684210525,0.27611940298507465,0.17703349282296652,0.34328358208955223,0.22009569377990432,0.4925373134328358,0.3157894736842105,0.582089552238806,0.37320574162679426,0.7985074626865671,0.5119617224880383,0.917910447761194,0.5885167464114832
Toshiba,XGB,69,0.01,47,209,0.007874015748031496,0.1702127659574468,0.03827751196172249,0.19148936170212766,0.0430622009569378,0.23404255319148937,0.05263157894736842,0.3191489361702128,0.07177033492822966,0.46808510638297873,0.10526315789473684,0.5957446808510638,0.1339712918660287,0.723404255319149,0.16267942583732056,0.9361702127659575,0.21052631578947367,0.9787234042553191,0.22009569377990432
Toshiba,XGB,69,0.05,133,209,0.04470408940817882,0.19548872180451127,0.12440191387559808,0.21804511278195488,0.13875598086124402,0.24812030075187969,0.15789473684210525,0.2781954887218045,0.17703349282296652,0.3383458646616541,0.215311004784689,0.5037593984962406,0.32057416267942584,0.5939849624060151,0.37799043062200954,0.8045112781954887,0.5119617224880383,0.924812030075188,0.5885167464114832
Toshiba,XGB,70,0.01,41,209,0.007366014732029464,0.17073170731707318,0.03349282296650718,0.24390243902439024,0.04784688995215311,0.2682926829268293,0.05263157894736842,0.3170731707317073,0.06220095693779904,0.43902439024390244,0.0861244019138756,0.5609756097560976,0.11004784688995216,0.7073170731707317,0.13875598086124402,0.926829268292683,0.18181818181818182,0.975609756097561,0.19138755980861244
Toshiba,XGB,70,0.05,134,209,0.043942087884175765,0.21641791044776118,0.13875598086124402,0.23880597014925373,0.15311004784688995,0.26865671641791045,0.1722488038277512,0.291044776119403,0.18660287081339713,0.3582089552238806,0.22966507177033493,0.5298507462686567,0.3397129186602871,0.6044776119402985,0.3875598086124402,0.8059701492537313,0.5167464114832536,0.9253731343283582,0.5933014354066986
Toshiba,XGB,71,0.01,44,209,0.008128016256032511,0.18181818181818182,0.03827751196172249,0.20454545454545456,0.0430622009569378,0.22727272727272727,0.04784688995215311,0.3181818181818182,0.06698564593301436,0.4090909090909091,0.0861244019138756,0.5681818181818182,0.11961722488038277,0.7272727272727273,0.15311004784688995,0.9318181818181818,0.19617224880382775,0.9772727272727273,0.20574162679425836
Toshiba,XGB,71,0.05,135,209,0.04876809753619507,0.2074074074074074,0.1339712918660287,0.22962962962962963,0.14832535885167464,0.25925925925925924,0.1674641148325359,0.28888888888888886,0.18660287081339713,0.34814814814814815,0.22488038277511962,0.4962962962962963,0.32057416267942584,0.5925925925925926,0.3827751196172249,0.8222222222222222,0.5311004784688995,0.9185185185185185,0.5933014354066986
Toshiba,LSTM,42,0.01,45,209,0.009906019812039623,0.17777777777777778,0.03827751196172249,0.2222222222222222,0.04784688995215311,0.26666666666666666,0.05741626794258373,0.3333333333333333,0.07177033492822966,0.4444444444444444,0.09569377990430622,0.5555555555555556,0.11961722488038277,0.7555555555555555,0.16267942583732056,0.9111111111111111,0.19617224880382775,1.0,0.215311004784689
Toshiba,LSTM,42,0.05,123,209,0.04978409956819914,0.13821138211382114,0.08133971291866028,0.17073170731707318,0.10047846889952153,0.18699186991869918,0.11004784688995216,0.23577235772357724,0.13875598086124402,0.3170731707317073,0.18660287081339713,0.4634146341463415,0.2727272727272727,0.5691056910569106,0.3349282296650718,0.7804878048780488,0.45933014354066987,0.9186991869918699,0.5406698564593302
Toshiba,LSTM,43,0.01,47,209,0.009906019812039623,0.14893617021276595,0.03349282296650718,0.19148936170212766,0.0430622009569378,0.23404255319148937,0.05263157894736842,0.2978723404255319,0.06698564593301436,0.48936170212765956,0.11004784688995216,0.6808510638297872,0.15311004784688995,0.8085106382978723,0.18181818181818182,0.9361702127659575,0.21052631578947367,0.9787234042553191,0.22009569377990432
Toshiba,LSTM,43,0.05,125,209,0.04978409956819914,0.144,0.0861244019138756,0.152,0.09090909090909091,0.176,0.10526315789473684,0.216,0.1291866028708134,0.312,0.18660287081339713,0.472,0.2822966507177033,0.552,0.33014354066985646,0.76,0.45454545454545453,0.896,0.5358851674641149
Toshiba,LSTM,44,0.01,45,209,0.009906019812039623,0.1111111111111111,0.023923444976076555,0.15555555555555556,0.03349282296650718,0.2,0.0430622009569378,0.28888888888888886,0.06220095693779904,0.4,0.0861244019138756,0.5333333333333333,0.11483253588516747,0.7111111111111111,0.15311004784688995,0.8888888888888888,0.19138755980861244,0.9555555555555556,0.20574162679425836
Toshiba,LSTM,44,0.05,130,209,0.04978409956819914,0.13076923076923078,0.08133971291866028,0.16153846153846155,0.10047846889952153,0.17692307692307693,0.11004784688995216,0.23076923076923078,0.14354066985645933,0.33076923076923076,0.20574162679425836,0.46153846153846156,0.28708133971291866,0.5538461538461539,0.3444976076555024,0.7846153846153846,0.4880382775119617,0.9076923076923077,0.5645933014354066
Toshiba,LSTM,45,0.01,43,209,0.009906019812039623,0.13953488372093023,0.028708133971291867,0.20930232558139536,0.0430622009569378,0.3023255813953488,0.06220095693779904,0.37209302325581395,0.07655502392344497,0.4418604651162791,0.09090909090909091,0.6046511627906976,0.12440191387559808,0.7441860465116279,0.15311004784688995,0.9069767441860465,0.18660287081339713,0.9767441860465116,0.20095693779904306
Toshiba,LSTM,45,0.05,131,209,0.04978409956819914,0.1450381679389313,0.09090909090909091,0.16030534351145037,0.10047846889952153,0.17557251908396945,0.11004784688995216,0.22900763358778625,0.14354066985645933,0.3282442748091603,0.20574162679425836,0.4580152671755725,0.28708133971291866,0.5343511450381679,0.3349282296650718,0.7480916030534351,0.4688995215311005,0.9007633587786259,0.5645933014354066
Toshiba,LSTM,46,0.01,42,209,0.009906019812039623,0.16666666666666666,0.03349282296650718,0.21428571428571427,0.0430622009569378,0.2619047619047619,0.05263157894736842,0.35714285714285715,0.07177033492822966,0.40476190476190477,0.08133971291866028,0.5952380952380952,0.11961722488038277,0.7380952380952381,0.14832535885167464,0.9047619047619048,0.18181818181818182,1.0,0.20095693779904306
Toshiba,LSTM,46,0.05,126,209,0.04978409956819914,0.12698412698412698,0.07655502392344497,0.14285714285714285,0.0861244019138756,0.16666666666666666,0.10047846889952153,0.20634920634920634,0.12440191387559808,0.30158730158730157,0.18181818181818182,0.4444444444444444,0.2679425837320574,0.5476190476190477,0.33014354066985646,0.7619047619047619,0.45933014354066987,0.8968253968253969,0.5406698564593302
Toshiba,LSTM,47,0.01,49,209,0.009906019812039623,0.14285714285714285,0.03349282296650718,0.1836734693877551,0.0430622009569378,0.20408163265306123,0.04784688995215311,0.2857142857142857,0.06698564593301436,0.4489795918367347,0.10526315789473684,0.6122448979591837,0.14354066985645933,0.7959183673469388,0.18660287081339713,0.9183673469387755,0.215311004784689,0.9795918367346939,0.22966507177033493
Toshiba,LSTM,47,0.05,130,209,0.04978409956819914,0.14615384615384616,0.09090909090909091,0.16153846153846155,0.10047846889952153,0.18461538461538463,0.11483253588516747,0.23076923076923078,0.14354066985645933,0.33076923076923076,0.20574162679425836,0.46153846153846156,0.28708133971291866,0.5538461538461539,0.3444976076555024,0.7769230769230769,0.48325358851674644,0.9076923076923077,0.5645933014354066
Toshiba,LSTM,48,0.01,48,209,0.009906019812039623,0.14583333333333334,0.03349282296650718,0.20833333333333334,0.04784688995215311,0.22916666666666666,0.05263157894736842,0.3125,0.07177033492822966,0.4583333333333333,0.10526315789473684,0.5625,0.1291866028708134,0.7083333333333334,0.16267942583732056,0.8541666666666666,0.19617224880382775,0.9375,0.215311004784689
Toshiba,LSTM,48,0.05,127,209,0.04978409956819914,0.14173228346456693,0.0861244019138756,0.14173228346456693,0.0861244019138756,0.16535433070866143,0.10047846889952153,0.2125984251968504,0.1291866028708134,0.30708661417322836,0.18660287081339713,0.4566929133858268,0.27751196172248804,0.5511811023622047,0.3349282296650718,0.7637795275590551,0.46411483253588515,0.905511811023622,0.5502392344497608
Toshiba,LSTM,49,0.01,49,209,0.009906019812039623,0.12244897959183673,0.028708133971291867,0.16326530612244897,0.03827751196172249,0.1836734693877551,0.0430622009569378,0.2857142857142857,0.06698564593301436,0.46938775510204084,0.11004784688995216,0.5918367346938775,0.13875598086124402,0.7551020408163265,0.17703349282296652,0.9183673469387755,0.215311004784689,1.0,0.23444976076555024
Toshiba,LSTM,49,0.05,125,209,0.04978409956819914,0.136,0.08133971291866028,0.16,0.09569377990430622,0.184,0.11004784688995216,0.232,0.13875598086124402,0.312,0.18660287081339713,0.456,0.2727272727272727,0.544,0.3253588516746411,0.768,0.45933014354066987,0.904,0.5406698564593302
Toshiba,LSTM,50,0.01,50,209,0.009906019812039623,0.12,0.028708133971291867,0.16,0.03827751196172249,0.18,0.0430622009569378,0.3,0.07177033492822966,0.46,0.11004784688995216,0.58,0.13875598086124402,0.76,0.18181818181818182,0.88,0.21052631578947367,1.0,0.23923444976076555
Toshiba,LSTM,50,0.05,127,209,0.04978409956819914,0.13385826771653545,0.08133971291866028,0.16535433070866143,0.10047846889952153,0.18110236220472442,0.11004784688995216,0.23622047244094488,0.14354066985645933,0.3228346456692913,0.19617224880382775,0.47244094488188976,0.28708133971291866,0.5590551181102362,0.3397129186602871,0.7637795275590551,0.46411483253588515,0.8976377952755905,0.5454545454545454
Toshiba,LSTM,51,0.01,50,209,0.009906019812039623,0.18,0.0430622009569378,0.24,0.05741626794258373,0.28,0.06698564593301436,0.34,0.08133971291866028,0.44,0.10526315789473684,0.58,0.13875598086124402,0.76,0.18181818181818182,0.9,0.215311004784689,0.96,0.22966507177033493
Toshiba,LSTM,51,0.05,124,209,0.04978409956819914,0.12903225806451613,0.07655502392344497,0.1532258064516129,0.09090909090909091,0.1774193548387097,0.10526315789473684,0.22580645161290322,0.1339712918660287,0.31451612903225806,0.18660287081339713,0.4596774193548387,0.2727272727272727,0.5564516129032258,0.33014354066985646,0.7741935483870968,0.45933014354066987,0.9032258064516129,0.5358851674641149
Toshiba,LSTM,52,0.01,47,209,0.009906019812039623,0.1276595744680851,0.028708133971291867,0.1702127659574468,0.03827751196172249,0.19148936170212766,0.0430622009569378,0.2978723404255319,0.06698564593301436,0.425531914893617,0.09569377990430622,0.5531914893617021,0.12440191387559808,0.723404255319149,0.16267942583732056,0.8723404255319149,0.19617224880382775,0.9787234042553191,0.22009569377990432
Toshiba,LSTM,52,0.05,124,209,0.04978409956819914,0.12096774193548387,0.07177033492822966,0.14516129032258066,0.0861244019138756,0.1774193548387097,0.10526315789473684,0.22580645161290322,0.1339712918660287,0.3225806451612903,0.19138755980861244,0.4596774193548387,0.2727272727272727,0.5645161290322581,0.3349282296650718,0.782258064516129,0.46411483253588515,0.9032258064516129,0.5358851674641149
Toshiba,LSTM,53,0.01,52,209,0.009906019812039623,0.15384615384615385,0.03827751196172249,0.21153846153846154,0.05263157894736842,0.25,0.06220095693779904,0.3269230769230769,0.08133971291866028,0.46153846153846156,0.11483253588516747,0.6153846153846154,0.15311004784688995,0.7884615384615384,0.19617224880382775,0.9230769230769231,0.22966507177033493,0.9807692307692307,0.24401913875598086
Toshiba,LSTM,53,0.05,128,209,0.04978409956819914,0.140625,0.0861244019138756,0.1484375,0.09090909090909091,0.1875,0.11483253588516747,0.21875,0.1339712918660287,0.3125,0.19138755980861244,0.4375,0.2679425837320574,0.5390625,0.33014354066985646,0.7734375,0.47368421052631576,0.8984375,0.5502392344497608
Toshiba,LSTM,54,0.01,43,209,0.009906019812039623,0.13953488372093023,0.028708133971291867,0.18604651162790697,0.03827751196172249,0.23255813953488372,0.04784688995215311,0.3023255813953488,0.06220095693779904,0.4186046511627907,0.0861244019138756,0.5348837209302325,0.11004784688995216,0.7674418604651163,0.15789473684210525,0.9302325581395349,0.19138755980861244,1.0,0.20574162679425836
Toshiba,LSTM,54,0.05,125,209,0.04978409956819914,0.104,0.06220095693779904,0.104,0.06220095693779904,0.128,0.07655502392344497,0.184,0.11004784688995216,0.296,0.17703349282296652,0.424,0.2535885167464115,0.52,0.31100478468899523,0.76,0.45454545454545453,0.896,0.5358851674641149
Toshiba,LSTM,55,0.01,49,209,0.009906019812039623,0.1836734693877551,0.0430622009569378,0.24489795918367346,0.05741626794258373,0.2653061224489796,0.06220095693779904,0.3673469387755102,0.0861244019138756,0.5102040816326531,0.11961722488038277,0.6326530612244898,0.14832535885167464,0.7755102040816326,0.18181818181818182,0.9183673469387755,0.215311004784689,1.0,0.23444976076555024
Toshiba,LSTM,55,0.05,120,209,0.04978409956819914,0.14166666666666666,0.08133971291866028,0.16666666666666666,0.09569377990430622,0.18333333333333332,0.10526315789473684,0.225,0.1291866028708134,0.31666666666666665,0.18181818181818182,0.475,0.2727272727272727,0.5666666666666667,0.3253588516746411,0.7833333333333333,0.44976076555023925,0.9166666666666666,0.5263157894736842
Toshiba,LSTM,56,0.01,52,209,0.009906019812039623,0.17307692307692307,0.0430622009569378,0.21153846153846154,0.05263157894736842,0.23076923076923078,0.05741626794258373,0.3076923076923077,0.07655502392344497,0.46153846153846156,0.11483253588516747,0.5769230769230769,0.14354066985645933,0.7307692307692307,0.18181818181818182,0.8653846153846154,0.215311004784689,0.9615384615384616,0.23923444976076555
Toshiba,LSTM,56,0.05,126,209,0.04978409956819914,0.12698412698412698,0.07655502392344497,0.14285714285714285,0.0861244019138756,0.1746031746031746,0.10526315789473684,0.21428571428571427,0.1291866028708134,0.29365079365079366,0.17703349282296652,0.4444444444444444,0.2679425837320574,0.5476190476190477,0.33014354066985646,0.753968253968254,0.45454545454545453,0.9126984126984127,0.5502392344497608
Toshiba,LSTM,57,0.01,48,209,0.009906019812039623,0.08333333333333333,0.019138755980861243,0.125,0.028708133971291867,0.1875,0.0430622009569378,0.25,0.05741626794258373,0.4375,0.10047846889952153,0.6458333333333334,0.14832535885167464,0.8333333333333334,0.19138755980861244,0.9375,0.215311004784689,1.0,0.22966507177033493
Toshiba,LSTM,57,0.05,130,209,0.04978409956819914,0.13076923076923078,0.08133971291866028,0.16923076923076924,0.10526315789473684,0.19230769230769232,0.11961722488038277,0.25384615384615383,0.15789473684210525,0.3384615384615385,0.21052631578947367,0.46923076923076923,0.291866028708134,0.5692307692307692,0.35406698564593303,0.7923076923076923,0.49282296650717705,0.9153846153846154,0.569377990430622
Toshiba,LSTM,58,0.01,45,209,0.009906019812039623,0.13333333333333333,0.028708133971291867,0.17777777777777778,0.03827751196172249,0.2222222222222222,0.04784688995215311,0.28888888888888886,0.06220095693779904,0.4666666666666667,0.10047846889952153,0.6444444444444445,0.13875598086124402,0.8222222222222222,0.17703349282296652,0.9777777777777777,0.21052631578947367,1.0,0.215311004784689
Toshiba,LSTM,58,0.05,130,209,0.04978409956819914,0.14615384615384616,0.09090909090909091,0.16153846153846155,0.10047846889952153,0.17692307692307693,0.11004784688995216,0.23846153846153847,0.14832535885167464,0.34615384615384615,0.215311004784689,0.46923076923076923,0.291866028708134,0.5461538461538461,0.3397129186602871,0.7846153846153846,0.4880382775119617,0.9076923076923077,0.5645933014354066
Toshiba,LSTM,59,0.01,49,209,0.009906019812039623,0.14285714285714285,0.03349282296650718,0.1836734693877551,0.0430622009569378,0.22448979591836735,0.05263157894736842,0.2857142857142857,0.06698564593301436,0.4489795918367347,0.10526315789473684,0.6122448979591837,0.14354066985645933,0.7755102040816326,0.18181818181818182,0.9387755102040817,0.22009569377990432,1.0,0.23444976076555024
Toshiba,LSTM,59,0.05,127,209,0.04978409956819914,0.14960629921259844,0.09090909090909091,0.18110236220472442,0.11004784688995216,0.1968503937007874,0.11961722488038277,0.2440944881889764,0.14832535885167464,0.33070866141732286,0.20095693779904306,0.47244094488188976,0.28708133971291866,0.5511811023622047,0.3349282296650718,0.7795275590551181,0.47368421052631576,0.8976377952755905,0.5454545454545454
Toshiba,LSTM,60,0.01,57,209,0.009906019812039623,0.17543859649122806,0.04784688995215311,0.21052631578947367,0.05741626794258373,0.24561403508771928,0.06698564593301436,0.3684210526315789,0.10047846889952153,0.49122807017543857,0.1339712918660287,0.631578947368421,0.1722488038277512,0.7719298245614035,0.21052631578947367,0.9122807017543859,0.24880382775119617,0.9649122807017544,0.2631578947368421
Toshiba,LSTM,60,0.05,127,209,0.04978409956819914,0.13385826771653545,0.08133971291866028,0.15748031496062992,0.09569377990430622,0.1889763779527559,0.11483253588516747,0.2283464566929134,0.13875598086124402,0.31496062992125984,0.19138755980861244,0.44881889763779526,0.2727272727272727,0.5590551181102362,0.3397129186602871,0.7795275590551181,0.47368421052631576,0.9133858267716536,0.5550239234449761
Toshiba,LSTM,61,0.01,47,209,0.009906019812039623,0.1276595744680851,0.028708133971291867,0.1702127659574468,0.03827751196172249,0.19148936170212766,0.0430622009569378,0.2765957446808511,0.06220095693779904,0.425531914893617,0.09569377990430622,0.5957446808510638,0.1339712918660287,0.7446808510638298,0.1674641148325359,0.9148936170212766,0.20574162679425836,1.0,0.22488038277511962
Toshiba,LSTM,61,0.05,123,209,0.04978409956819914,0.1951219512195122,0.11483253588516747,0.2032520325203252,0.11961722488038277,0.22764227642276422,0.1339712918660287,0.2845528455284553,0.1674641148325359,0.35772357723577236,0.21052631578947367,0.4715447154471545,0.27751196172248804,0.5691056910569106,0.3349282296650718,0.7967479674796748,0.4688995215311005,0.9105691056910569,0.5358851674641149
Toshiba,LSTM,62,0.01,49,209,0.009906019812039623,0.14285714285714285,0.03349282296650718,0.1836734693877551,0.0430622009569378,0.22448979591836735,0.05263157894736842,0.2653061224489796,0.06220095693779904,0.4489795918367347,0.10526315789473684,0.6530612244897959,0.15311004784688995,0.7959183673469388,0.18660287081339713,0.9387755102040817,0.22009569377990432,1.0,0.23444976076555024
Toshiba,LSTM,62,0.05,127,209,0.04978409956819914,0.12598425196850394,0.07655502392344497,0.14173228346456693,0.0861244019138756,0.16535433070866143,0.10047846889952153,0.2125984251968504,0.1291866028708134,0.30708661417322836,0.18660287081339713,0.44881889763779526,0.2727272727272727,0.5354330708661418,0.3253588516746411,0.7637795275590551,0.46411483253588515,0.8976377952755905,0.5454545454545454
Toshiba,LSTM,63,0.01,44,209,0.009906019812039623,0.13636363636363635,0.028708133971291867,0.20454545454545456,0.0430622009569378,0.22727272727272727,0.04784688995215311,0.3181818181818182,0.06698564593301436,0.4090909090909091,0.0861244019138756,0.5909090909090909,0.12440191387559808,0.7727272727272727,0.16267942583732056,0.9318181818181818,0.19617224880382775,1.0,0.21052631578947367
Toshiba,LSTM,63,0.05,121,209,0.04978409956819914,0.1322314049586777,0.07655502392344497,0.14049586776859505,0.08133971291866028,0.1652892561983471,0.09569377990430622,0.2231404958677686,0.1291866028708134,0.2975206611570248,0.1722488038277512,0.4462809917355372,0.2583732057416268,0.5206611570247934,0.3014354066985646,0.743801652892562,0.430622009569378,0.8925619834710744,0.5167464114832536
Toshiba,LSTM,64,0.01,44,209,0.009906019812039623,0.18181818181818182,0.03827751196172249,0.22727272727272727,0.04784688995215311,0.25,0.05263157894736842,0.29545454545454547,0.06220095693779904,0.4090909090909091,0.0861244019138756,0.5681818181818182,0.11961722488038277,0.75,0.15789473684210525,0.9090909090909091,0.19138755980861244,0.9772727272727273,0.20574162679425836
Toshiba,LSTM,64,0.05,124,209,0.04978409956819914,0.12096774193548387,0.07177033492822966,0.1532258064516129,0.09090909090909091,0.1774193548387097,0.10526315789473684,0.22580645161290322,0.1339712918660287,0.3225806451612903,0.19138755980861244,0.4596774193548387,0.2727272727272727,0.5564516129032258,0.33014354066985646,0.7741935483870968,0.45933014354066987,0.9032258064516129,0.5358851674641149
Toshiba,LSTM,65,0.01,46,209,0.009906019812039623,0.10869565217391304,0.023923444976076555,0.17391304347826086,0.03827751196172249,0.1956521739130435,0.0430622009569378,0.21739130434782608,0.04784688995215311,0.3695652173913043,0.08133971291866028,0.5217391304347826,0.11483253588516747,0.7391304347826086,0.16267942583732056,0.8913043478260869,0.19617224880382775,0.9782608695652174,0.215311004784689
Toshiba,LSTM,65,0.05,129,209,0.04978409956819914,0.16279069767441862,0.10047846889952153,0.17829457364341086,0.11004784688995216,0.1937984496124031,0.11961722488038277,0.24031007751937986,0.14832535885167464,0.3333333333333333,0.20574162679425836,0.4728682170542636,0.291866028708134,0.5736434108527132,0.35406698564593303,0.7906976744186046,0.4880382775119617,0.9069767441860465,0.5598086124401914
Toshiba,LSTM,66,0.01,46,209,0.009906019812039623,0.13043478260869565,0.028708133971291867,0.1956521739130435,0.0430622009569378,0.21739130434782608,0.04784688995215311,0.30434782608695654,0.06698564593301436,0.4782608695652174,0.10526315789473684,0.5652173913043478,0.12440191387559808,0.782608695652174,0.1722488038277512,0.9347826086956522,0.20574162679425836,1.0,0.22009569377990432
Toshiba,LSTM,66,0.05,121,209,0.04978409956819914,0.11570247933884298,0.06698564593301436,0.14049586776859505,0.08133971291866028,0.1652892561983471,0.09569377990430622,0.2066115702479339,0.11961722488038277,0.2975206611570248,0.1722488038277512,0.4380165289256198,0.2535885167464115,0.5289256198347108,0.3062200956937799,0.7520661157024794,0.4354066985645933,0.8842975206611571,0.5119617224880383
Toshiba,LSTM,67,0.01,46,209,0.009906019812039623,0.10869565217391304,0.023923444976076555,0.13043478260869565,0.028708133971291867,0.17391304347826086,0.03827751196172249,0.32608695652173914,0.07177033492822966,0.391304347826087,0.0861244019138756,0.5652173913043478,0.12440191387559808,0.7391304347826086,0.16267942583732056,0.8913043478260869,0.19617224880382775,0.9782608695652174,0.215311004784689
Toshiba,LSTM,67,0.05,124,209,0.04978409956819914,0.12903225806451613,0.07655502392344497,0.1532258064516129,0.09090909090909091,0.1774193548387097,0.10526315789473684,0.21774193548387097,0.1291866028708134,0.3064516129032258,0.18181818181818182,0.4435483870967742,0.2631578947368421,0.5403225806451613,0.32057416267942584,0.782258064516129,0.46411483253588515,0.9112903225806451,0.5406698564593302
Toshiba,LSTM,68,0.01,46,209,0.009906019812039623,0.17391304347826086,0.03827751196172249,0.1956521739130435,0.0430622009569378,0.21739130434782608,0.04784688995215311,0.2826086956521739,0.06220095693779904,0.43478260869565216,0.09569377990430622,0.6086956521739131,0.1339712918660287,0.7608695652173914,0.1674641148325359,0.9347826086956522,0.20574162679425836,1.0,0.22009569377990432
Toshiba,LSTM,68,0.05,129,209,0.04978409956819914,0.15503875968992248,0.09569377990430622,0.17054263565891473,0.10526315789473684,0.1937984496124031,0.11961722488038277,0.23255813953488372,0.14354066985645933,0.32558139534883723,0.20095693779904306,0.46511627906976744,0.28708133971291866,0.5581395348837209,0.3444976076555024,0.7829457364341085,0.48325358851674644,0.9069767441860465,0.5598086124401914
Toshiba,LSTM,69,0.01,46,209,0.009906019812039623,0.15217391304347827,0.03349282296650718,0.1956521739130435,0.0430622009569378,0.1956521739130435,0.0430622009569378,0.2826086956521739,0.06220095693779904,0.45652173913043476,0.10047846889952153,0.6304347826086957,0.13875598086124402,0.7608695652173914,0.1674641148325359,0.9130434782608695,0.20095693779904306,1.0,0.22009569377990432
Toshiba,LSTM,69,0.05,125,209,0.04978409956819914,0.136,0.08133971291866028,0.168,0.10047846889952153,0.184,0.11004784688995216,0.24,0.14354066985645933,0.328,0.19617224880382775,0.48,0.28708133971291866,0.56,0.3349282296650718,0.784,0.4688995215311005,0.904,0.5406698564593302
Toshiba,LSTM,70,0.01,49,209,0.009906019812039623,0.16326530612244897,0.03827751196172249,0.20408163265306123,0.04784688995215311,0.2653061224489796,0.06220095693779904,0.3673469387755102,0.0861244019138756,0.46938775510204084,0.11004784688995216,0.6326530612244898,0.14832535885167464,0.7755102040816326,0.18181818181818182,0.8979591836734694,0.21052631578947367,0.9795918367346939,0.22966507177033493
Toshiba,LSTM,70,0.05,127,209,0.04978409956819914,0.11023622047244094,0.06698564593301436,0.14173228346456693,0.0861244019138756,0.16535433070866143,0.10047846889952153,0.2125984251968504,0.1291866028708134,0.31496062992125984,0.19138755980861244,0.4409448818897638,0.2679425837320574,0.5433070866141733,0.33014354066985646,0.7716535433070866,0.4688995215311005,0.8976377952755905,0.5454545454545454
Toshiba,LSTM,71,0.01,47,209,0.009906019812039623,0.1276595744680851,0.028708133971291867,0.19148936170212766,0.0430622009569378,0.19148936170212766,0.0430622009569378,0.2765957446808511,0.06220095693779904,0.46808510638297873,0.10526315789473684,0.6382978723404256,0.14354066985645933,0.8085106382978723,0.18181818181818182,0.9148936170212766,0.20574162679425836,0.9787234042553191,0.22009569377990432
Toshiba,LSTM,71,0.05,128,209,0.04978409956819914,0.1328125,0.08133971291866028,0.1484375,0.09090909090909091,0.1796875,0.11004784688995216,0.21875,0.1339712918660287,0.3125,0.19138755980861244,0.453125,0.27751196172248804,0.5390625,0.33014354066985646,0.75,0.45933014354066987,0.890625,0.5454545454545454
Toshiba,GRU,42,0.01,48,209,0.009906019812039623,0.125,0.028708133971291867,0.14583333333333334,0.03349282296650718,0.1875,0.0430622009569378,0.2916666666666667,0.06698564593301436,0.4166666666666667,0.09569377990430622,0.5416666666666666,0.12440191387559808,0.7291666666666666,0.1674641148325359,0.9166666666666666,0.21052631578947367,0.9791666666666666,0.22488038277511962
Toshiba,GRU,42,0.05,129,209,0.04978409956819914,0.13953488372093023,0.0861244019138756,0.16279069767441862,0.10047846889952153,0.17829457364341086,0.11004784688995216,0.2248062015503876,0.13875598086124402,0.32558139534883723,0.20095693779904306,0.4573643410852713,0.2822966507177033,0.5348837209302325,0.33014354066985646,0.7596899224806202,0.4688995215311005,0.8837209302325582,0.5454545454545454
Toshiba,GRU,43,0.01,42,209,0.009906019812039623,0.19047619047619047,0.03827751196172249,0.23809523809523808,0.04784688995215311,0.2619047619047619,0.05263157894736842,0.35714285714285715,0.07177033492822966,0.47619047619047616,0.09569377990430622,0.5714285714285714,0.11483253588516747,0.8095238095238095,0.16267942583732056,0.9285714285714286,0.18660287081339713,0.9761904761904762,0.19617224880382775
Toshiba,GRU,43,0.05,125,209,0.04978409956819914,0.136,0.08133971291866028,0.176,0.10526315789473684,0.192,0.11483253588516747,0.224,0.1339712918660287,0.328,0.19617224880382775,0.448,0.2679425837320574,0.528,0.3157894736842105,0.784,0.4688995215311005,0.888,0.5311004784688995
Toshiba,GRU,44,0.01,45,209,0.009906019812039623,0.2,0.0430622009569378,0.26666666666666666,0.05741626794258373,0.28888888888888886,0.06220095693779904,0.37777777777777777,0.08133971291866028,0.4666666666666667,0.10047846889952153,0.5555555555555556,0.11961722488038277,0.8,0.1722488038277512,0.9111111111111111,0.19617224880382775,0.9777777777777777,0.21052631578947367
Toshiba,GRU,44,0.05,127,209,0.04978409956819914,0.14173228346456693,0.0861244019138756,0.16535433070866143,0.10047846889952153,0.1889763779527559,0.11483253588516747,0.2204724409448819,0.1339712918660287,0.3228346456692913,0.19617224880382775,0.4409448818897638,0.2679425837320574,0.5354330708661418,0.3253588516746411,0.7716535433070866,0.4688995215311005,0.905511811023622,0.5502392344497608
Toshiba,GRU,45,0.01,47,209,0.009906019812039623,0.1702127659574468,0.03827751196172249,0.2553191489361702,0.05741626794258373,0.3191489361702128,0.07177033492822966,0.3617021276595745,0.08133971291866028,0.46808510638297873,0.10526315789473684,0.6170212765957447,0.13875598086124402,0.7446808510638298,0.1674641148325359,0.8723404255319149,0.19617224880382775,0.9787234042553191,0.22009569377990432
Toshiba,GRU,45,0.05,129,209,0.04978409956819914,0.14728682170542637,0.09090909090909091,0.17054263565891473,0.10526315789473684,0.18604651162790697,0.11483253588516747,0.2248062015503876,0.13875598086124402,0.32558139534883723,0.20095693779904306,0.46511627906976744,0.28708133971291866,0.5503875968992248,0.3397129186602871,0.7596899224806202,0.4688995215311005,0.8992248062015504,0.5550239234449761
Toshiba,GRU,46,0.01,44,209,0.009906019812039623,0.1590909090909091,0.03349282296650718,0.20454545454545456,0.0430622009569378,0.25,0.05263157894736842,0.29545454545454547,0.06220095693779904,0.4090909090909091,0.0861244019138756,0.5681818181818182,0.11961722488038277,0.75,0.15789473684210525,0.9090909090909091,0.19138755980861244,0.9772727272727273,0.20574162679425836
Toshiba,GRU,46,0.05,128,209,0.04978409956819914,0.1484375,0.09090909090909091,0.15625,0.09569377990430622,0.171875,0.10526315789473684,0.21875,0.1339712918660287,0.3203125,0.19617224880382775,0.453125,0.27751196172248804,0.5546875,0.3397129186602871,0.7578125,0.46411483253588515,0.890625,0.5454545454545454
Toshiba,GRU,47,0.01,49,209,0.009906019812039623,0.22448979591836735,0.05263157894736842,0.30612244897959184,0.07177033492822966,0.32653061224489793,0.07655502392344497,0.40816326530612246,0.09569377990430622,0.4897959183673469,0.11483253588516747,0.673469387755102,0.15789473684210525,0.7755102040816326,0.18181818181818182,0.8979591836734694,0.21052631578947367,0.9591836734693877,0.22488038277511962
Toshiba,GRU,47,0.05,127,209,0.04978409956819914,0.12598425196850394,0.07655502392344497,0.1732283464566929,0.10526315789473684,0.18110236220472442,0.11004784688995216,0.23622047244094488,0.14354066985645933,0.3228346456692913,0.19617224880382775,0.44881889763779526,0.2727272727272727,0.5354330708661418,0.3253588516746411,0.7559055118110236,0.45933014354066987,0.8818897637795275,0.5358851674641149
Toshiba,GRU,48,0.01,46,209,0.009906019812039623,0.15217391304347827,0.03349282296650718,0.1956521739130435,0.0430622009569378,0.2608695652173913,0.05741626794258373,0.30434782608695654,0.06698564593301436,0.43478260869565216,0.09569377990430622,0.5869565217391305,0.1291866028708134,0.7608695652173914,0.1674641148325359,0.9130434782608695,0.20095693779904306,0.9782608695652174,0.215311004784689
Toshiba,GRU,48,0.05,129,209,0.04978409956819914,0.17054263565891473,0.10526315789473684,0.1937984496124031,0.11961722488038277,0.20930232558139536,0.1291866028708134,0.24806201550387597,0.15311004784688995,0.32558139534883723,0.20095693779904306,0.4496124031007752,0.27751196172248804,0.5348837209302325,0.33014354066985646,0.7596899224806202,0.4688995215311005,0.8992248062015504,0.5550239234449761
Toshiba,GRU,49,0.01,45,209,0.009906019812039623,0.17777777777777778,0.03827751196172249,0.24444444444444444,0.05263157894736842,0.28888888888888886,0.06220095693779904,0.3333333333333333,0.07177033492822966,0.4222222222222222,0.09090909090909091,0.5555555555555556,0.11961722488038277,0.7555555555555555,0.16267942583732056,0.8888888888888888,0.19138755980861244,0.9777777777777777,0.21052631578947367
Toshiba,GRU,49,0.05,127,209,0.04978409956819914,0.14960629921259844,0.09090909090909091,0.1732283464566929,0.10526315789473684,0.1889763779527559,0.11483253588516747,0.2283464566929134,0.13875598086124402,0.31496062992125984,0.19138755980861244,0.4330708661417323,0.2631578947368421,0.5196850393700787,0.3157894736842105,0.7559055118110236,0.45933014354066987,0.889763779527559,0.5406698564593302
Toshiba,GRU,50,0.01,44,209,0.009906019812039623,0.18181818181818182,0.03827751196172249,0.22727272727272727,0.04784688995215311,0.22727272727272727,0.04784688995215311,0.36363636363636365,0.07655502392344497,0.4318181818181818,0.09090909090909091,0.5681818181818182,0.11961722488038277,0.8181818181818182,0.1722488038277512,0.9090909090909091,0.19138755980861244,1.0,0.21052631578947367
Toshiba,GRU,50,0.05,125,209,0.04978409956819914,0.144,0.0861244019138756,0.16,0.09569377990430622,0.176,0.10526315789473684,0.2,0.11961722488038277,0.312,0.18660287081339713,0.456,0.2727272727272727,0.552,0.33014354066985646,0.776,0.46411483253588515,0.912,0.5454545454545454
Toshiba,GRU,51,0.01,46,209,0.009906019812039623,0.1956521739130435,0.0430622009569378,0.2826086956521739,0.06220095693779904,0.30434782608695654,0.06698564593301436,0.391304347826087,0.0861244019138756,0.45652173913043476,0.10047846889952153,0.5869565217391305,0.1291866028708134,0.782608695652174,0.1722488038277512,0.8695652173913043,0.19138755980861244,0.9565217391304348,0.21052631578947367
Toshiba,GRU,51,0.05,127,209,0.04978409956819914,0.14173228346456693,0.0861244019138756,0.15748031496062992,0.09569377990430622,0.1889763779527559,0.11483253588516747,0.2125984251968504,0.1291866028708134,0.3228346456692913,0.19617224880382775,0.48031496062992124,0.291866028708134,0.5669291338582677,0.3444976076555024,0.7874015748031497,0.4784688995215311,0.905511811023622,0.5502392344497608
Toshiba,GRU,52,0.01,45,209,0.009906019812039623,0.2,0.0430622009569378,0.26666666666666666,0.05741626794258373,0.3111111111111111,0.06698564593301436,0.3111111111111111,0.06698564593301436,0.4444444444444444,0.09569377990430622,0.5555555555555556,0.11961722488038277,0.7555555555555555,0.16267942583732056,0.8888888888888888,0.19138755980861244,0.9555555555555556,0.20574162679425836
Toshiba,GRU,52,0.05,126,209,0.04978409956819914,0.12698412698412698,0.07655502392344497,0.14285714285714285,0.0861244019138756,0.1746031746031746,0.10526315789473684,0.20634920634920634,0.12440191387559808,0.31746031746031744,0.19138755980861244,0.4523809523809524,0.2727272727272727,0.5476190476190477,0.33014354066985646,0.7857142857142857,0.47368421052631576,0.9206349206349206,0.5550239234449761
Toshiba,GRU,53,0.01,43,209,0.009906019812039623,0.16279069767441862,0.03349282296650718,0.2558139534883721,0.05263157894736842,0.27906976744186046,0.05741626794258373,0.32558139534883723,0.06698564593301436,0.4418604651162791,0.09090909090909091,0.5813953488372093,0.11961722488038277,0.8372093023255814,0.1722488038277512,0.9302325581395349,0.19138755980861244,0.9767441860465116,0.20095693779904306
Toshiba,GRU,53,0.05,129,209,0.04978409956819914,0.15503875968992248,0.09569377990430622,0.17054263565891473,0.10526315789473684,0.20155038759689922,0.12440191387559808,0.2248062015503876,0.13875598086124402,0.3333333333333333,0.20574162679425836,0.4573643410852713,0.2822966507177033,0.5348837209302325,0.33014354066985646,0.7674418604651163,0.47368421052631576,0.9069767441860465,0.5598086124401914
Toshiba,GRU,54,0.01,45,209,0.009906019812039623,0.17777777777777778,0.03827751196172249,0.2,0.0430622009569378,0.2222222222222222,0.04784688995215311,0.28888888888888886,0.06220095693779904,0.4,0.0861244019138756,0.5333333333333333,0.11483253588516747,0.8,0.1722488038277512,0.9111111111111111,0.19617224880382775,0.9777777777777777,0.21052631578947367
Toshiba,GRU,54,0.05,128,209,0.04978409956819914,0.171875,0.10526315789473684,0.1796875,0.11004784688995216,0.203125,0.12440191387559808,0.2421875,0.14832535885167464,0.34375,0.21052631578947367,0.4765625,0.291866028708134,0.5703125,0.3492822966507177,0.78125,0.4784688995215311,0.90625,0.5550239234449761
Toshiba,GRU,55,0.01,43,209,0.009906019812039623,0.16279069767441862,0.03349282296650718,0.2558139534883721,0.05263157894736842,0.2558139534883721,0.05263157894736842,0.32558139534883723,0.06698564593301436,0.4186046511627907,0.0861244019138756,0.5581395348837209,0.11483253588516747,0.7674418604651163,0.15789473684210525,0.8837209302325582,0.18181818181818182,0.9767441860465116,0.20095693779904306
Toshiba,GRU,55,0.05,126,209,0.04978409956819914,0.1349206349206349,0.08133971291866028,0.14285714285714285,0.0861244019138756,0.16666666666666666,0.10047846889952153,0.20634920634920634,0.12440191387559808,0.31746031746031744,0.19138755980861244,0.4603174603174603,0.27751196172248804,0.5555555555555556,0.3349282296650718,0.7857142857142857,0.47368421052631576,0.8888888888888888,0.5358851674641149
Toshiba,GRU,56,0.01,45,209,0.009906019812039623,0.15555555555555556,0.03349282296650718,0.26666666666666666,0.05741626794258373,0.28888888888888886,0.06220095693779904,0.35555555555555557,0.07655502392344497,0.4888888888888889,0.10526315789473684,0.5777777777777777,0.12440191387559808,0.7777777777777778,0.1674641148325359,0.9111111111111111,0.19617224880382775,0.9555555555555556,0.20574162679425836
Toshiba,GRU,56,0.05,127,209,0.04978409956819914,0.13385826771653545,0.08133971291866028,0.14173228346456693,0.0861244019138756,0.18110236220472442,0.11004784688995216,0.2047244094488189,0.12440191387559808,0.31496062992125984,0.19138755980861244,0.4645669291338583,0.2822966507177033,0.5511811023622047,0.3349282296650718,0.7637795275590551,0.46411483253588515,0.889763779527559,0.5406698564593302
Toshiba,GRU,57,0.01,46,209,0.009906019812039623,0.10869565217391304,0.023923444976076555,0.1956521739130435,0.0430622009569378,0.2391304347826087,0.05263157894736842,0.34782608695652173,0.07655502392344497,0.5,0.11004784688995216,0.5869565217391305,0.1291866028708134,0.8043478260869565,0.17703349282296652,0.9130434782608695,0.20095693779904306,0.9782608695652174,0.215311004784689
Toshiba,GRU,57,0.05,123,209,0.04978409956819914,0.13008130081300814,0.07655502392344497,0.17073170731707318,0.10047846889952153,0.1951219512195122,0.11483253588516747,0.22764227642276422,0.1339712918660287,0.3008130081300813,0.17703349282296652,0.44715447154471544,0.2631578947368421,0.5447154471544715,0.32057416267942584,0.7723577235772358,0.45454545454545453,0.8861788617886179,0.5215311004784688
Toshiba,GRU,58,0.01,48,209,0.009906019812039623,0.16666666666666666,0.03827751196172249,0.25,0.05741626794258373,0.2708333333333333,0.06220095693779904,0.3333333333333333,0.07655502392344497,0.5,0.11483253588516747,0.6041666666666666,0.13875598086124402,0.7916666666666666,0.18181818181818182,0.9375,0.215311004784689,1.0,0.22966507177033493
Toshiba,GRU,58,0.05,130,209,0.04978409956819914,0.15384615384615385,0.09569377990430622,0.16153846153846155,0.10047846889952153,0.17692307692307693,0.11004784688995216,0.2153846153846154,0.1339712918660287,0.3153846153846154,0.19617224880382775,0.4461538461538462,0.27751196172248804,0.5461538461538461,0.3397129186602871,0.7692307692307693,0.4784688995215311,0.9076923076923077,0.5645933014354066
Toshiba,GRU,59,0.01,44,209,0.009906019812039623,0.25,0.05263157894736842,0.29545454545454547,0.06220095693779904,0.29545454545454547,0.06220095693779904,0.38636363636363635,0.08133971291866028,0.5,0.10526315789473684,0.6136363636363636,0.1291866028708134,0.7727272727272727,0.16267942583732056,0.9090909090909091,0.19138755980861244,0.9772727272727273,0.20574162679425836
Toshiba,GRU,59,0.05,131,209,0.04978409956819914,0.1450381679389313,0.09090909090909091,0.19083969465648856,0.11961722488038277,0.20610687022900764,0.1291866028708134,0.25190839694656486,0.15789473684210525,0.3435114503816794,0.215311004784689,0.48091603053435117,0.3014354066985646,0.5648854961832062,0.35406698564593303,0.7786259541984732,0.4880382775119617,0.916030534351145,0.5741626794258373
Toshiba,GRU,60,0.01,49,209,0.009906019812039623,0.20408163265306123,0.04784688995215311,0.24489795918367346,0.05741626794258373,0.2857142857142857,0.06698564593301436,0.30612244897959184,0.07177033492822966,0.40816326530612246,0.09569377990430622,0.5102040816326531,0.11961722488038277,0.7346938775510204,0.1722488038277512,0.8775510204081632,0.20574162679425836,0.9591836734693877,0.22488038277511962
Toshiba,GRU,60,0.05,125,209,0.04978409956819914,0.144,0.0861244019138756,0.16,0.09569377990430622,0.184,0.11004784688995216,0.216,0.1291866028708134,0.336,0.20095693779904306,0.456,0.2727272727272727,0.56,0.3349282296650718,0.792,0.47368421052631576,0.904,0.5406698564593302
Toshiba,GRU,61,0.01,46,209,0.009906019812039623,0.15217391304347827,0.03349282296650718,0.17391304347826086,0.03827751196172249,0.2608695652173913,0.05741626794258373,0.30434782608695654,0.06698564593301436,0.41304347826086957,0.09090909090909091,0.5434782608695652,0.11961722488038277,0.717391304347826,0.15789473684210525,0.9130434782608695,0.20095693779904306,0.9782608695652174,0.215311004784689
Toshiba,GRU,61,0.05,129,209,0.04978409956819914,0.15503875968992248,0.09569377990430622,0.17829457364341086,0.11004784688995216,0.18604651162790697,0.11483253588516747,0.24031007751937986,0.14832535885167464,0.3333333333333333,0.20574162679425836,0.46511627906976744,0.28708133971291866,0.5503875968992248,0.3397129186602871,0.7751937984496124,0.4784688995215311,0.8992248062015504,0.5550239234449761
Toshiba,GRU,62,0.01,47,209,0.009906019812039623,0.19148936170212766,0.0430622009569378,0.2553191489361702,0.05741626794258373,0.2553191489361702,0.05741626794258373,0.2765957446808511,0.06220095693779904,0.3829787234042553,0.0861244019138756,0.5531914893617021,0.12440191387559808,0.7446808510638298,0.1674641148325359,0.9361702127659575,0.21052631578947367,1.0,0.22488038277511962
Toshiba,GRU,62,0.05,129,209,0.04978409956819914,0.16279069767441862,0.10047846889952153,0.17054263565891473,0.10526315789473684,0.18604651162790697,0.11483253588516747,0.24806201550387597,0.15311004784688995,0.3333333333333333,0.20574162679425836,0.46511627906976744,0.28708133971291866,0.5503875968992248,0.3397129186602871,0.7596899224806202,0.4688995215311005,0.8837209302325582,0.5454545454545454
Toshiba,GRU,63,0.01,49,209,0.009906019812039623,0.12244897959183673,0.028708133971291867,0.16326530612244897,0.03827751196172249,0.24489795918367346,0.05741626794258373,0.3673469387755102,0.0861244019138756,0.46938775510204084,0.11004784688995216,0.5714285714285714,0.1339712918660287,0.7755102040816326,0.18181818181818182,0.9387755102040817,0.22009569377990432,1.0,0.23444976076555024
Toshiba,GRU,63,0.05,128,209,0.04978409956819914,0.1328125,0.08133971291866028,0.171875,0.10526315789473684,0.1796875,0.11004784688995216,0.2421875,0.14832535885167464,0.3203125,0.19617224880382775,0.46875,0.28708133971291866,0.546875,0.3349282296650718,0.7578125,0.46411483253588515,0.90625,0.5550239234449761
Toshiba,GRU,64,0.01,44,209,0.009906019812039623,0.20454545454545456,0.0430622009569378,0.2727272727272727,0.05741626794258373,0.3181818181818182,0.06698564593301436,0.38636363636363635,0.08133971291866028,0.4318181818181818,0.09090909090909091,0.5909090909090909,0.12440191387559808,0.8409090909090909,0.17703349282296652,0.9318181818181818,0.19617224880382775,1.0,0.21052631578947367
Toshiba,GRU,64,0.05,129,209,0.04978409956819914,0.14728682170542637,0.09090909090909091,0.17054263565891473,0.10526315789473684,0.1937984496124031,0.11961722488038277,0.2248062015503876,0.13875598086124402,0.3333333333333333,0.20574162679425836,0.4573643410852713,0.2822966507177033,0.5348837209302325,0.33014354066985646,0.7829457364341085,0.48325358851674644,0.8914728682170543,0.5502392344497608
Toshiba,GRU,65,0.01,49,209,0.009906019812039623,0.16326530612244897,0.03827751196172249,0.24489795918367346,0.05741626794258373,0.24489795918367346,0.05741626794258373,0.3673469387755102,0.0861244019138756,0.4489795918367347,0.10526315789473684,0.5714285714285714,0.1339712918660287,0.7551020408163265,0.17703349282296652,0.8979591836734694,0.21052631578947367,0.9795918367346939,0.22966507177033493
Toshiba,GRU,65,0.05,129,209,0.04978409956819914,0.15503875968992248,0.09569377990430622,0.1937984496124031,0.11961722488038277,0.21705426356589147,0.1339712918660287,0.2558139534883721,0.15789473684210525,0.34108527131782945,0.21052631578947367,0.46511627906976744,0.28708133971291866,0.5581395348837209,0.3444976076555024,0.7906976744186046,0.4880382775119617,0.9069767441860465,0.5598086124401914
Toshiba,GRU,66,0.01,44,209,0.009906019812039623,0.18181818181818182,0.03827751196172249,0.22727272727272727,0.04784688995215311,0.2727272727272727,0.05741626794258373,0.38636363636363635,0.08133971291866028,0.4318181818181818,0.09090909090909091,0.5454545454545454,0.11483253588516747,0.8181818181818182,0.1722488038277512,0.9318181818181818,0.19617224880382775,0.9772727272727273,0.20574162679425836
Toshiba,GRU,66,0.05,129,209,0.04978409956819914,0.15503875968992248,0.09569377990430622,0.16279069767441862,0.10047846889952153,0.18604651162790697,0.11483253588516747,0.2248062015503876,0.13875598086124402,0.32558139534883723,0.20095693779904306,0.4573643410852713,0.2822966507177033,0.5348837209302325,0.33014354066985646,0.7674418604651163,0.47368421052631576,0.8992248062015504,0.5550239234449761
Toshiba,GRU,67,0.01,45,209,0.009906019812039623,0.1111111111111111,0.023923444976076555,0.2,0.0430622009569378,0.26666666666666666,0.05741626794258373,0.3333333333333333,0.07177033492822966,0.4222222222222222,0.09090909090909091,0.5555555555555556,0.11961722488038277,0.7777777777777778,0.1674641148325359,0.9111111111111111,0.19617224880382775,0.9777777777777777,0.21052631578947367
Toshiba,GRU,67,0.05,127,209,0.04978409956819914,0.13385826771653545,0.08133971291866028,0.14960629921259844,0.09090909090909091,0.18110236220472442,0.11004784688995216,0.2047244094488189,0.12440191387559808,0.3228346456692913,0.19617224880382775,0.4409448818897638,0.2679425837320574,0.5511811023622047,0.3349282296650718,0.7637795275590551,0.46411483253588515,0.889763779527559,0.5406698564593302
Toshiba,GRU,68,0.01,45,209,0.009906019812039623,0.1111111111111111,0.023923444976076555,0.17777777777777778,0.03827751196172249,0.2,0.0430622009569378,0.3111111111111111,0.06698564593301436,0.4444444444444444,0.09569377990430622,0.6,0.1291866028708134,0.8,0.1722488038277512,0.9111111111111111,0.19617224880382775,0.9777777777777777,0.21052631578947367
Toshiba,GRU,68,0.05,129,209,0.04978409956819914,0.14728682170542637,0.09090909090909091,0.17829457364341086,0.11004784688995216,0.18604651162790697,0.11483253588516747,0.24031007751937986,0.14832535885167464,0.34108527131782945,0.21052631578947367,0.4728682170542636,0.291866028708134,0.5503875968992248,0.3397129186602871,0.7674418604651163,0.47368421052631576,0.8992248062015504,0.5550239234449761
Toshiba,GRU,69,0.01,53,209,0.009906019812039623,0.1509433962264151,0.03827751196172249,0.20754716981132076,0.05263157894736842,0.22641509433962265,0.05741626794258373,0.3018867924528302,0.07655502392344497,0.4716981132075472,0.11961722488038277,0.5660377358490566,0.14354066985645933,0.7735849056603774,0.19617224880382775,0.9245283018867925,0.23444976076555024,0.9811320754716981,0.24880382775119617
Toshiba,GRU,69,0.05,124,209,0.04978409956819914,0.13709677419354838,0.08133971291866028,0.1532258064516129,0.09090909090909091,0.1774193548387097,0.10526315789473684,0.20967741935483872,0.12440191387559808,0.31451612903225806,0.18660287081339713,0.4435483870967742,0.2631578947368421,0.5483870967741935,0.3253588516746411,0.7661290322580645,0.45454545454545453,0.9032258064516129,0.5358851674641149
Toshiba,GRU,70,0.01,48,209,0.009906019812039623,0.1875,0.0430622009569378,0.20833333333333334,0.04784688995215311,0.2708333333333333,0.06220095693779904,0.3125,0.07177033492822966,0.4375,0.10047846889952153,0.5833333333333334,0.1339712918660287,0.7291666666666666,0.1674641148325359,0.9583333333333334,0.22009569377990432,1.0,0.22966507177033493
Toshiba,GRU,70,0.05,130,209,0.04978409956819914,0.15384615384615385,0.09569377990430622,0.17692307692307693,0.11004784688995216,0.19230769230769232,0.11961722488038277,0.23846153846153847,0.14832535885167464,0.33076923076923076,0.20574162679425836,0.47692307692307695,0.2966507177033493,0.5538461538461539,0.3444976076555024,0.7846153846153846,0.4880382775119617,0.9076923076923077,0.5645933014354066
Toshiba,GRU,71,0.01,42,209,0.009906019812039623,0.14285714285714285,0.028708133971291867,0.19047619047619047,0.03827751196172249,0.23809523809523808,0.04784688995215311,0.3333333333333333,0.06698564593301436,0.42857142857142855,0.0861244019138756,0.5952380952380952,0.11961722488038277,0.7857142857142857,0.15789473684210525,0.9285714285714286,0.18660287081339713,0.9761904761904762,0.19617224880382775
Toshiba,GRU,71,0.05,133,209,0.04978409956819914,0.15789473684210525,0.10047846889952153,0.18045112781954886,0.11483253588516747,0.20300751879699247,0.1291866028708134,0.24060150375939848,0.15311004784688995,0.3383458646616541,0.215311004784689,0.46616541353383456,0.2966507177033493,0.5639097744360902,0.3588516746411483,0.7744360902255639,0.49282296650717705,0.9022556390977443,0.5741626794258373
