serial_number,has_failed,alarm_triggered,first_alarm_date,actual_failure_date,days_to_failure_at_alarm,category,is_hit,is_fp_early,is_fp_cens,is_false_alarm,is_miss,is_correct_rejection,max_predicted_score,alarm_predicted_score,first_seen_date,days_since_observed,threshold_used
2AG61PSY,0,0,,,,Censored No Alarm,0,0,0,0,0,1,0.00044882207293994725,,2019-05-27,,0.139
2AG8AVRY,0,0,,,,Censored No Alarm,0,0,0,0,0,1,0.0008951924392022192,,2019-08-14,,0.139
2AGEGU7Y,0,0,,,,Censored No Alarm,0,0,0,0,0,1,0.0016814297996461391,,2019-05-27,,0.139
2AGEU1JY,0,1,2025-05-20,,,Censored Early,0,0,1,1,0,0,0.22264371812343597,0.19171668589115143,2019-06-01,2180.0,0.139
2AGG48NY,0,0,,,,Censored No Alarm,0,0,0,0,0,1,0.00039308625855483115,,2019-05-27,,0.139
2AGG7H1Y,0,0,,,,Censored No Alarm,0,0,0,0,0,1,0.0005606169579550624,,2019-05-27,,0.139
2AGGHGJY,1,0,,2024-11-19,,Missed,0,0,0,0,1,0,0.12450777739286423,,2019-05-16,,0.139
2AGGHLEY,0,0,,,,Censored No Alarm,0,0,0,0,0,1,0.0010482880752533674,,2019-06-01,,0.139
2AGGHM0Y,0,0,,,,Censored No Alarm,0,0,0,0,0,1,0.00044652834185399115,,2019-05-27,,0.139
2AGGHMUY,0,0,,,,Censored No Alarm,0,0,0,0,0,1,0.0015860655112192035,,2019-05-16,,0.139
2AGGHR1Y,0,0,,,,Censored No Alarm,0,0,0,0,0,1,0.0025928555987775326,,2019-05-27,,0.139
2AGGHR7Y,0,0,,,,Censored No Alarm,0,0,0,0,0,1,0.0005323845543898642,,2019-05-27,,0.139
2AGGL0UY,1,0,,2022-02-27,,Missed,0,0,0,0,1,0,0.03326253592967987,,2019-05-27,,0.139
2AGGR3NY,0,0,,,,Censored No Alarm,0,0,0,0,0,1,0.030475879088044167,,2019-05-27,,0.139
2AGGZNJY,0,0,,,,Censored No Alarm,0,0,0,0,0,1,0.0016762320883572102,,2019-05-27,,0.139
2AGH31BY,1,0,,2023-11-01,,Missed,0,0,0,0,1,0,0.04463852196931839,,2019-05-27,,0.139
2AGH31PY,1,0,,2024-11-18,,Missed,0,0,0,0,1,0,0.049735888838768005,,2019-05-27,,0.139
2AGH33SY,1,1,2025-02-10,2025-05-08,87.0,Early,0,1,0,1,0,0,0.3192290663719177,0.1391337513923645,2019-05-27,2086.0,0.139
2AGH34HY,0,0,,,,Censored No Alarm,0,0,0,0,0,1,0.1093464270234108,,2019-05-27,,0.139
2AGH34PY,0,0,,,,Censored No Alarm,0,0,0,0,0,1,0.0009639441268518567,,2019-05-27,,0.139
2AGH35GY,0,0,,,,Censored No Alarm,0,0,0,0,0,1,0.0006232110317796469,,2019-05-27,,0.139
2AGHB9XY,1,0,,2024-12-02,,Missed,0,0,0,0,1,0,0.028135675936937332,,2019-05-27,,0.139
2AGHDYHY,0,0,,,,Censored No Alarm,0,0,0,0,0,1,0.002268407493829727,,2019-05-27,,0.139
2AGHEP9Y,1,0,,2024-07-26,,Missed,0,0,0,0,1,0,0.02252713218331337,,2019-05-27,,0.139
2AGHGR1Y,0,0,,,,Censored No Alarm,0,0,0,0,0,1,0.001532736816443503,,2019-05-27,,0.139
2AGHGRLY,0,0,,,,Censored No Alarm,0,0,0,0,0,1,0.0013965606922283769,,2019-05-27,,0.139
2AGHGRRY,0,0,,,,Censored No Alarm,0,0,0,0,0,1,0.0006436874391511083,,2019-05-27,,0.139
2AGHJD4Y,0,1,2025-08-20,,,Censored Early,0,0,1,1,0,0,0.2211437076330185,0.13922172784805298,2019-06-01,2272.0,0.139
2AGHK55Y,0,0,,,,Censored No Alarm,0,0,0,0,0,1,0.000819091044832021,,2019-05-27,,0.139
2AGHK8MY,0,0,,,,Censored No Alarm,0,0,0,0,0,1,0.0007873307913541794,,2019-05-27,,0.139
2AGHLEUY,1,0,,2023-11-06,,Missed,0,0,0,0,1,0,0.025154748931527138,,2019-05-27,,0.139
2AGHLGTY,1,1,2025-02-28,2025-08-05,158.0,Early,0,1,0,1,0,0,0.18845826387405396,0.16548208892345428,2019-05-27,2104.0,0.139
2AGHLKHY,0,0,,,,Censored No Alarm,0,0,0,0,0,1,0.002282803412526846,,2019-05-27,,0.139
2AGHLMXY,0,0,,,,Censored No Alarm,0,0,0,0,0,1,0.0017020059749484062,,2019-05-27,,0.139
2AGHLN0Y,0,0,,,,Censored No Alarm,0,0,0,0,0,1,0.0007373523549176753,,2019-05-27,,0.139
2AGHMUTY,0,0,,,,Censored No Alarm,0,0,0,0,0,1,0.0007732685189694166,,2019-05-27,,0.139
2AGHMUYY,0,0,,,,Censored No Alarm,0,0,0,0,0,1,0.0023350415285676718,,2019-06-01,,0.139
2AGHMW5Y,0,0,,,,Censored No Alarm,0,0,0,0,0,1,0.04170486703515053,,2019-05-27,,0.139
2AGHMXGY,1,0,,2023-05-14,,Missed,0,0,0,0,1,0,0.023169884458184242,,2019-05-27,,0.139
2AGHMYTY,0,0,,,,Censored No Alarm,0,0,0,0,0,1,0.05133986473083496,,2019-05-27,,0.139
2AGHMZMY,0,0,,,,Censored No Alarm,0,0,0,0,0,1,0.0009573929710313678,,2019-05-27,,0.139
2AGHN0TY,1,1,2020-07-30,2020-10-22,84.0,Early,0,1,0,1,0,0,0.5039889812469482,0.14830626547336578,2019-05-27,430.0,0.139
2AGHN0WY,0,0,,,,Censored No Alarm,0,0,0,0,0,1,0.0022852697875350714,,2019-05-27,,0.139
2AGHN16Y,0,0,,,,Censored No Alarm,0,0,0,0,0,1,0.0008899815729819238,,2019-05-27,,0.139
2AGHN2AY,0,0,,,,Censored No Alarm,0,0,0,0,0,1,0.000724528799764812,,2019-05-27,,0.139
2AGHN3XY,0,0,,,,Censored No Alarm,0,0,0,0,0,1,0.0018042806768789887,,2019-05-27,,0.139
2AGHPDKY,0,0,,,,Censored No Alarm,0,0,0,0,0,1,0.0010903063230216503,,2019-05-27,,0.139
2AGHSJ4Y,0,0,,,,Censored No Alarm,0,0,0,0,0,1,0.00041946236160583794,,2019-05-27,,0.139
2AGHSS9Y,0,0,,,,Censored No Alarm,0,0,0,0,0,1,0.0012580107431858778,,2019-05-27,,0.139
2AGHTBYY,1,1,2023-09-16,2025-01-25,497.0,Early,0,1,0,1,0,0,0.4649464786052704,0.1395788937807083,2019-05-27,1573.0,0.139
2AGHTGEY,1,1,2023-02-08,2023-03-14,34.0,Early,0,1,0,1,0,0,0.216328963637352,0.1400010585784912,2019-05-27,1353.0,0.139
2AGHTKBY,0,0,,,,Censored No Alarm,0,0,0,0,0,1,0.012510730884969234,,2019-05-27,,0.139
2AGLY65Y,1,0,,2023-11-20,,Missed,0,0,0,0,1,0,0.011117519810795784,,2019-08-13,,0.139
2AGM231Y,0,0,,,,Censored No Alarm,0,0,0,0,0,1,0.001618713024072349,,2019-05-04,,0.139
2AGM23NY,0,0,,,,Censored No Alarm,0,0,0,0,0,1,0.001713235629722476,,2019-05-04,,0.139
2AGM5UVY,0,0,,,,Censored No Alarm,0,0,0,0,0,1,0.10470708459615707,,2019-05-16,,0.139
2AGM5V7Y,1,1,2024-12-22,2025-12-05,348.0,Early,0,1,0,1,0,0,0.30571869015693665,0.2253081500530243,2019-05-16,2047.0,0.139
2AGM5VBY,0,0,,,,Censored No Alarm,0,0,0,0,0,1,0.08515262603759766,,2019-05-16,,0.139
2AGM5VHY,1,0,,2025-01-18,,Missed,0,0,0,0,1,0,0.004004421643912792,,2019-08-14,,0.139
2AGM5W9Y,1,0,,2025-01-16,,Missed,0,0,0,0,1,0,0.025774197652935982,,2019-05-16,,0.139
2AGM5YEY,0,0,,,,Censored No Alarm,0,0,0,0,0,1,0.009619795717298985,,2019-05-04,,0.139
2AGM8EMY,1,0,,2024-10-29,,Missed,0,0,0,0,1,0,0.04877486079931259,,2019-05-16,,0.139
2AGM8EUY,0,0,,,,Censored No Alarm,0,0,0,0,0,1,0.0013142424868419766,,2019-05-27,,0.139
2AGM8J2Y,0,0,,,,Censored No Alarm,0,0,0,0,0,1,0.0009618899202905595,,2019-05-16,,0.139
2AGM8JAY,0,0,,,,Censored No Alarm,0,0,0,0,0,1,0.0015079128788784146,,2019-05-16,,0.139
2AGM8LNY,0,1,2024-10-25,,,Censored Early,0,0,1,1,0,0,0.16939601302146912,0.1474687159061432,2019-05-04,2001.0,0.139
2AGM8RJY,0,0,,,,Censored No Alarm,0,0,0,0,0,1,0.015391564927995205,,2019-08-13,,0.139
2AGM8RTY,0,0,,,,Censored No Alarm,0,0,0,0,0,1,0.020037023350596428,,2019-05-16,,0.139
2AGM8UNY,1,1,2025-10-16,2026-03-12,147.0,Early,0,1,0,1,0,0,0.47518014907836914,0.14077958464622498,2019-08-13,2256.0,0.139
2AGM8V7Y,0,0,,,,Censored No Alarm,0,0,0,0,0,1,0.0009486845228821039,,2019-05-16,,0.139
2AGM9MXY,1,0,,2025-09-21,,Missed,0,0,0,0,1,0,0.019917912781238556,,2019-05-04,,0.139
2AGM9PJY,0,0,,,,Censored No Alarm,0,0,0,0,0,1,0.03152557462453842,,2019-05-04,,0.139
2AGM9RGY,1,0,,2022-12-23,,Missed,0,0,0,0,1,0,0.0008086555171757936,,2019-05-16,,0.139
2AGM9S6Y,0,0,,,,Censored No Alarm,0,0,0,0,0,1,0.006959374528378248,,2019-05-16,,0.139
2AGM9SDY,0,0,,,,Censored No Alarm,0,0,0,0,0,1,0.001083502545952797,,2019-05-04,,0.139
2AGM9U1Y,0,0,,,,Censored No Alarm,0,0,0,0,0,1,0.0008850902668200433,,2019-05-16,,0.139
2AGMDJKY,0,0,,,,Censored No Alarm,0,0,0,0,0,1,0.0016525641549378633,,2019-05-04,,0.139
2AGMDUAY,1,0,,2023-02-04,,Missed,0,0,0,0,1,0,0.012405965477228165,,2019-05-16,,0.139
2AGMDY1Y,0,0,,,,Censored No Alarm,0,0,0,0,0,1,0.009189142845571041,,2019-08-14,,0.139
2AGME0XY,1,1,2024-01-18,2024-05-29,132.0,Early,0,1,0,1,0,0,0.18234951794147491,0.16701912879943848,2019-05-16,1708.0,0.139
2AGME3BY,0,0,,,,Censored No Alarm,0,0,0,0,0,1,0.004686628468334675,,2019-05-16,,0.139
2AGME9PY,1,0,,2024-08-06,,Missed,0,0,0,0,1,0,0.07041589915752411,,2019-08-13,,0.139
2AGMGAYY,0,0,,,,Censored No Alarm,0,0,0,0,0,1,0.0011886763386428356,,2019-05-16,,0.139
2AGMGDPY,0,0,,,,Censored No Alarm,0,0,0,0,0,1,0.0011731622507795691,,2019-08-13,,0.139
2AGMGKLY,0,0,,,,Censored No Alarm,0,0,0,0,0,1,0.0006572041311301291,,2019-08-13,,0.139
2AGMGXEY,0,0,,,,Censored No Alarm,0,0,0,0,0,1,0.0005275714211165905,,2019-08-14,,0.139
2AGMH2YY,1,0,,2024-12-10,,Missed,0,0,0,0,1,0,0.08222691714763641,,2019-05-16,,0.139
2AGMH3JY,0,0,,,,Censored No Alarm,0,0,0,0,0,1,0.001492136623710394,,2019-05-16,,0.139
2AGMHK6Y,0,0,,,,Censored No Alarm,0,0,0,0,0,1,0.0060801757499575615,,2019-05-04,,0.139
2AGMHPEY,1,0,,2024-06-25,,Missed,0,0,0,0,1,0,0.013642621226608753,,2019-06-01,,0.139
2AGMHRYY,1,0,,2024-05-16,,Missed,0,0,0,0,1,0,0.13705401122570038,,2019-05-16,,0.139
2AGMHTLY,0,0,,,,Censored No Alarm,0,0,0,0,0,1,0.0011903991689905524,,2019-05-04,,0.139
2AGMHU7Y,1,0,,2024-07-08,,Missed,0,0,0,0,1,0,0.011758910492062569,,2019-05-04,,0.139
2AGMHVTY,0,0,,,,Censored No Alarm,0,0,0,0,0,1,0.0012341333786025643,,2019-05-16,,0.139
2AGMHWAY,1,1,2023-03-21,2023-09-22,185.0,Early,0,1,0,1,0,0,0.37305471301078796,0.16438864171504974,2019-08-14,1315.0,0.139
2AGMHXDY,1,1,2025-05-30,2025-06-02,3.0,On time,1,0,0,0,0,0,0.17513154447078705,0.14262491464614868,2019-08-13,2117.0,0.139
2AGMHY3Y,1,0,,2025-11-18,,Missed,0,0,0,0,1,0,0.01617443934082985,,2019-08-14,,0.139
2AGMHY5Y,0,0,,,,Censored No Alarm,0,0,0,0,0,1,0.0011051385663449764,,2019-08-13,,0.139
2AGMJ35Y,0,0,,,,Censored No Alarm,0,0,0,0,0,1,0.001639006775803864,,2019-05-04,,0.139
2AGMJ3JY,0,0,,,,Censored No Alarm,0,0,0,0,0,1,0.0014270615065470338,,2019-05-16,,0.139
2AGMJ3TY,0,0,,,,Censored No Alarm,0,0,0,0,0,1,0.0008754055015742779,,2019-08-14,,0.139
2AGMJ47Y,0,0,,,,Censored No Alarm,0,0,0,0,0,1,0.0008043181151151657,,2019-06-01,,0.139
2AGMJ5BY,1,0,,2021-05-03,,Missed,0,0,0,0,1,0,0.0003108303062617779,,2019-05-04,,0.139
2AGMKV4Y,1,1,2025-12-14,2026-01-28,45.0,Early,0,1,0,1,0,0,0.5091195702552795,0.14152078330516815,2019-05-04,2416.0,0.139
2AGMKVHY,1,0,,2023-05-06,,Missed,0,0,0,0,1,0,0.07222462445497513,,2019-08-13,,0.139
2AGMKVTY,1,0,,2024-12-04,,Missed,0,0,0,0,1,0,0.06933490186929703,,2019-08-14,,0.139
2AGMLMLY,0,0,,,,Censored No Alarm,0,0,0,0,0,1,0.06967360526323318,,2019-08-14,,0.139
2AGMLSZY,1,1,2020-07-17,2020-07-30,13.0,On time,1,0,0,0,0,0,0.5418768525123596,0.1626364141702652,2019-05-16,428.0,0.139
2AGMLT7Y,0,0,,,,Censored No Alarm,0,0,0,0,0,1,0.014716563746333122,,2019-05-16,,0.139
2AGMLWNY,0,0,,,,Censored No Alarm,0,0,0,0,0,1,0.055936548858881,,2019-08-14,,0.139
2AGMLZLY,1,0,,2026-02-11,,Missed,0,0,0,0,1,0,0.09914898127317429,,2019-05-16,,0.139
2AGMM0UY,0,1,2020-01-21,,,Censored Early,0,0,1,1,0,0,0.3118322193622589,0.1940969079732895,2019-05-16,250.0,0.139
2AGMMNKY,0,0,,,,Censored No Alarm,0,0,0,0,0,1,0.02009802684187889,,2019-06-01,,0.139
2AGMMU1Y,0,0,,,,Censored No Alarm,0,0,0,0,0,1,0.001253431080840528,,2019-05-16,,0.139
2AGMMU4Y,0,0,,,,Censored No Alarm,0,0,0,0,0,1,0.0010149185545742512,,2019-08-14,,0.139
2AGMNB7Y,1,0,,2023-03-30,,Missed,0,0,0,0,1,0,0.06939688324928284,,2019-05-16,,0.139
2AGMNBEY,0,0,,,,Censored No Alarm,0,0,0,0,0,1,0.0012505106860771775,,2019-05-16,,0.139
2AGMND4Y,1,1,2025-10-11,2025-10-27,16.0,On time,1,0,0,0,0,0,0.5302513241767883,0.1790776252746582,2019-05-04,2352.0,0.139
2AGMNE1Y,1,1,2025-07-02,2025-11-26,147.0,Early,0,1,0,1,0,0,0.5308582782745361,0.2550429701805115,2019-05-16,2239.0,0.139
2AGMNEBY,1,1,2022-08-01,2024-08-05,735.0,Early,0,1,0,1,0,0,0.19883659482002258,0.15831853449344635,2019-05-04,1185.0,0.139
2AGMNG0Y,0,0,,,,Censored No Alarm,0,0,0,0,0,1,0.10484573245048523,,2019-05-16,,0.139
2AGMNJKY,1,1,2024-07-19,2025-09-29,437.0,Early,0,1,0,1,0,0,0.4164862036705017,0.14144685864448547,2019-05-16,1891.0,0.139
2AGMNM8Y,0,0,,,,Censored No Alarm,0,0,0,0,0,1,0.03841426968574524,,2019-08-14,,0.139
2AGMNMWY,1,0,,2023-05-10,,Missed,0,0,0,0,1,0,0.028175147250294685,,2019-05-16,,0.139
2AGMNTXY,0,0,,,,Censored No Alarm,0,0,0,0,0,1,0.0010974752949550748,,2019-05-16,,0.139
2AGMNUVY,0,0,,,,Censored No Alarm,0,0,0,0,0,1,0.001407233881764114,,2019-05-04,,0.139
2AGMNWBY,0,0,,,,Censored No Alarm,0,0,0,0,0,1,0.0009377688984386623,,2019-08-13,,0.139
2AGMNXRY,0,0,,,,Censored No Alarm,0,0,0,0,0,1,0.08788426965475082,,2019-08-13,,0.139
2AGMP7ZY,0,0,,,,Censored No Alarm,0,0,0,0,0,1,0.0011086404556408525,,2019-08-14,,0.139
2AGMPBWY,0,0,,,,Censored No Alarm,0,0,0,0,0,1,0.02739028073847294,,2019-05-16,,0.139
2AGMPD8Y,1,0,,2023-11-21,,Missed,0,0,0,0,1,0,0.00038678175769746304,,2019-08-13,,0.139
2AGMPK3Y,0,0,,,,Censored No Alarm,0,0,0,0,0,1,0.016396941617131233,,2019-05-04,,0.139
2AGMPL7Y,1,0,,2025-02-27,,Missed,0,0,0,0,1,0,0.07319461554288864,,2019-05-16,,0.139
2AGMPP1Y,0,0,,,,Censored No Alarm,0,0,0,0,0,1,0.004693221766501665,,2019-05-16,,0.139
2AGMPP4Y,1,1,2025-09-11,2025-09-23,12.0,On time,1,0,0,0,0,0,0.4292048513889313,0.22609108686447144,2019-05-16,2310.0,0.139
2AGMPPGY,0,0,,,,Censored No Alarm,0,0,0,0,0,1,0.0010362279135733843,,2019-05-16,,0.139
2AGMPSSY,0,0,,,,Censored No Alarm,0,0,0,0,0,1,0.0013899655314162374,,2019-05-16,,0.139
2AGMPT2Y,0,0,,,,Censored No Alarm,0,0,0,0,0,1,0.0011647435603663325,,2019-05-16,,0.139
2AGMPZ8Y,0,0,,,,Censored No Alarm,0,0,0,0,0,1,0.0008618987048976123,,2019-08-14,,0.139
2AGMS6PY,0,0,,,,Censored No Alarm,0,0,0,0,0,1,0.0004183370037935674,,2019-08-14,,0.139
2AGMSHHY,1,0,,2022-08-12,,Missed,0,0,0,0,1,0,0.00025395172997377813,,2019-05-04,,0.139
2AGMTK0Y,1,1,2025-08-30,2025-08-30,0.0,On time,1,0,0,0,0,0,0.42251288890838623,0.42251288890838623,2019-05-16,2298.0,0.139
2AGMTL0Y,1,0,,2023-04-17,,Missed,0,0,0,0,1,0,0.0012362011475488544,,2019-05-04,,0.139
2AGMTXAY,0,0,,,,Censored No Alarm,0,0,0,0,0,1,0.0009715163614600897,,2019-08-13,,0.139
2AGMUBMY,0,0,,,,Censored No Alarm,0,0,0,0,0,1,0.0010302298469468951,,2019-06-01,,0.139
2AGMUBRY,1,0,,2024-08-04,,Missed,0,0,0,0,1,0,0.0019024559296667576,,2019-08-13,,0.139
2AGMV9UY,0,0,,,,Censored No Alarm,0,0,0,0,0,1,0.0010638923849910498,,2019-08-13,,0.139
2AGMVDDY,0,0,,,,Censored No Alarm,0,0,0,0,0,1,0.0009573194547556341,,2019-05-16,,0.139
2AGMWHVY,1,0,,2024-07-19,,Missed,0,0,0,0,1,0,0.044398482888936996,,2019-05-16,,0.139
2AGMZLMY,1,0,,2023-05-16,,Missed,0,0,0,0,1,0,0.08192527294158936,,2019-08-13,,0.139
2AGN038Y,0,0,,,,Censored No Alarm,0,0,0,0,0,1,0.000987331848591566,,2019-08-13,,0.139
2AGN03MY,0,0,,,,Censored No Alarm,0,0,0,0,0,1,0.001525062252767384,,2019-08-13,,0.139
2AGN05MY,0,0,,,,Censored No Alarm,0,0,0,0,0,1,0.0009118058369494975,,2019-08-13,,0.139
2AGN071Y,0,0,,,,Censored No Alarm,0,0,0,0,0,1,0.0020802696235477924,,2019-08-13,,0.139
2AGN07AY,0,0,,,,Censored No Alarm,0,0,0,0,0,1,0.0016108312411233783,,2019-08-14,,0.139
2AGN17RY,0,0,,,,Censored No Alarm,0,0,0,0,0,1,0.0005901527474634349,,2019-08-13,,0.139
2AGN1YNY,0,0,,,,Censored No Alarm,0,0,0,0,0,1,0.0009825563756749034,,2019-08-14,,0.139
2AGN29AY,0,0,,,,Censored No Alarm,0,0,0,0,0,1,0.0005706033552996814,,2019-08-14,,0.139
2AGN43EY,0,0,,,,Censored No Alarm,0,0,0,0,0,1,0.07669522613286972,,2019-08-13,,0.139
2AGN5A3Y,0,0,,,,Censored No Alarm,0,0,0,0,0,1,0.0009075393318198621,,2019-06-01,,0.139
2AGN7GZY,0,0,,,,Censored No Alarm,0,0,0,0,0,1,0.0004920134670101106,,2019-08-13,,0.139
2AGN7XVY,0,0,,,,Censored No Alarm,0,0,0,0,0,1,0.048911456018686295,,2019-08-14,,0.139
2AGN7XYY,0,0,,,,Censored No Alarm,0,0,0,0,0,1,0.013691497966647148,,2019-05-27,,0.139
2AGN853Y,0,0,,,,Censored No Alarm,0,0,0,0,0,1,0.0005927330930717289,,2019-08-14,,0.139
2AGN8H9Y,0,0,,,,Censored No Alarm,0,0,0,0,0,1,0.000581255357246846,,2019-08-14,,0.139
2AGN8Y9Y,0,0,,,,Censored No Alarm,0,0,0,0,0,1,0.010437213815748692,,2019-08-13,,0.139
2AGN8ZGY,0,0,,,,Censored No Alarm,0,0,0,0,0,1,0.004200165160000324,,2019-06-01,,0.139
2AGN90RY,1,0,,2023-12-07,,Missed,0,0,0,0,1,0,0.050365593284368515,,2019-08-14,,0.139
2AGN9N4Y,1,1,2025-01-25,2025-03-06,40.0,Early,0,1,0,1,0,0,0.31643709540367126,0.14434480667114258,2019-08-13,1992.0,0.139
2AGNAK7Y,0,0,,,,Censored No Alarm,0,0,0,0,0,1,0.0005744394729845226,,2019-08-14,,0.139
2AGNAKGY,0,0,,,,Censored No Alarm,0,0,0,0,0,1,0.0009271618910133839,,2019-08-14,,0.139
2AGNAYKY,0,0,,,,Censored No Alarm,0,0,0,0,0,1,0.0011378700146451592,,2019-08-13,,0.139
2AGNBWPY,0,0,,,,Censored No Alarm,0,0,0,0,0,1,0.0009427767363376915,,2019-08-13,,0.139
2AGND0EY,0,0,,,,Censored No Alarm,0,0,0,0,0,1,0.005153967533260584,,2019-08-13,,0.139
2AGNEAHY,0,0,,,,Censored No Alarm,0,0,0,0,0,1,0.0012894099345430732,,2019-08-13,,0.139
2AGNEK5Y,0,0,,,,Censored No Alarm,0,0,0,0,0,1,0.009917471557855606,,2019-08-14,,0.139
2AGNEN9Y,0,0,,,,Censored No Alarm,0,0,0,0,0,1,0.0026684412732720375,,2019-08-14,,0.139
2AGNEREY,0,0,,,,Censored No Alarm,0,0,0,0,0,1,0.004757346585392952,,2019-08-13,,0.139
2AGNGZPY,0,0,,,,Censored No Alarm,0,0,0,0,0,1,0.000986464903689921,,2019-05-27,,0.139
2AGNJE2Y,0,0,,,,Censored No Alarm,0,0,0,0,0,1,0.0006738780066370964,,2019-06-01,,0.139
2AGNJG7Y,0,0,,,,Censored No Alarm,0,0,0,0,0,1,0.00095589947886765,,2019-08-13,,0.139
2AGNJGHY,0,0,,,,Censored No Alarm,0,0,0,0,0,1,0.0014537832466885448,,2019-08-13,,0.139
2AGNJRYY,0,0,,,,Censored No Alarm,0,0,0,0,0,1,0.0007588218431919813,,2019-06-01,,0.139
2AGNJTAY,0,0,,,,Censored No Alarm,0,0,0,0,0,1,0.0009098727023229003,,2019-08-14,,0.139
2AGNJTRY,0,0,,,,Censored No Alarm,0,0,0,0,0,1,0.0008225446217693388,,2019-08-14,,0.139
2AGNKB9Y,1,0,,2023-11-29,,Missed,0,0,0,0,1,0,0.001179784070700407,,2019-08-13,,0.139
2AGNKGXY,0,0,,,,Censored No Alarm,0,0,0,0,0,1,0.0009093097760342062,,2019-08-14,,0.139
2AGNKNJY,0,0,,,,Censored No Alarm,0,0,0,0,0,1,0.0009449624922126532,,2019-08-14,,0.139
2AGNKSPY,0,0,,,,Censored No Alarm,0,0,0,0,0,1,0.0017820538487285376,,2019-08-14,,0.139
2AGNKV4Y,0,0,,,,Censored No Alarm,0,0,0,0,0,1,0.001953231869265437,,2019-08-13,,0.139
2AGNL61Y,0,0,,,,Censored No Alarm,0,0,0,0,0,1,0.0013534454628825188,,2019-05-16,,0.139
2AGNNTHY,0,0,,,,Censored No Alarm,0,0,0,0,0,1,0.01652940921485424,,2019-05-16,,0.139
2AGNT47Y,0,0,,,,Censored No Alarm,0,0,0,0,0,1,0.0013188010780140758,,2019-05-16,,0.139
2AGP393Y,1,1,2019-08-11,2023-04-06,1334.0,Early,0,1,0,1,0,0,0.4511062800884247,0.15161088109016418,2019-06-01,71.0,0.139
2AGP43EY,1,0,,2024-09-01,,Missed,0,0,0,0,1,0,0.016998928040266037,,2019-05-16,,0.139
2AGP5EDY,0,0,,,,Censored No Alarm,0,0,0,0,0,1,0.0014541418058797717,,2019-05-16,,0.139
2AGP5GBY,0,0,,,,Censored No Alarm,0,0,0,0,0,1,0.0013292832300066948,,2019-05-16,,0.139
2AGP5J1Y,0,0,,,,Censored No Alarm,0,0,0,0,0,1,0.0013038545148447156,,2019-05-16,,0.139
2AGP6TYY,0,0,,,,Censored No Alarm,0,0,0,0,0,1,0.0009302066755481064,,2019-05-16,,0.139
2AGP6UBY,0,0,,,,Censored No Alarm,0,0,0,0,0,1,0.0018903984455391765,,2019-05-16,,0.139
2AGP9W7Y,0,0,,,,Censored No Alarm,0,0,0,0,0,1,0.08654804527759552,,2019-05-16,,0.139
2AGPHHKY,0,0,,,,Censored No Alarm,0,0,0,0,0,1,0.0010963957756757736,,2019-06-01,,0.139
2AGPHHTY,0,0,,,,Censored No Alarm,0,0,0,0,0,1,0.0011947345919907093,,2019-06-01,,0.139
2AGPJAVY,0,0,,,,Censored No Alarm,0,0,0,0,0,1,0.0003178734623361379,,2019-05-27,,0.139
2AGPJBGY,0,0,,,,Censored No Alarm,0,0,0,0,0,1,0.000520222878549248,,2019-05-27,,0.139
2AGPJBNY,0,0,,,,Censored No Alarm,0,0,0,0,0,1,0.00031606483389623463,,2019-05-27,,0.139
2AGPJE5Y,0,0,,,,Censored No Alarm,0,0,0,0,0,1,0.0015845447778701782,,2019-05-16,,0.139
2AGPJGPY,1,0,,2021-02-22,,Missed,0,0,0,0,1,0,0.005543394014239311,,2019-05-16,,0.139
2AGPJH1Y,1,0,,2024-08-11,,Missed,0,0,0,0,1,0,0.034004952758550644,,2019-05-16,,0.139
2AGPJHAY,0,0,,,,Censored No Alarm,0,0,0,0,0,1,0.0009363243589177728,,2019-08-13,,0.139
2AGPJHXY,0,0,,,,Censored No Alarm,0,0,0,0,0,1,0.0004777789581567049,,2019-05-27,,0.139
2AGPJL8Y,0,0,,,,Censored No Alarm,0,0,0,0,0,1,0.0030973711982369423,,2019-05-27,,0.139
2AGPJLWY,0,0,,,,Censored No Alarm,0,0,0,0,0,1,0.00084874895401299,,2019-08-13,,0.139
2AGPJMRY,0,0,,,,Censored No Alarm,0,0,0,0,0,1,0.001646675867959857,,2019-08-13,,0.139
2AGPJP0Y,0,0,,,,Censored No Alarm,0,0,0,0,0,1,0.0004245805030222982,,2019-05-27,,0.139
2AGPK9HY,0,0,,,,Censored No Alarm,0,0,0,0,0,1,0.001268982421606779,,2019-08-14,,0.139
2AGPKA3Y,0,0,,,,Censored No Alarm,0,0,0,0,0,1,0.006391718052327633,,2019-08-14,,0.139
2AGPKALY,0,0,,,,Censored No Alarm,0,0,0,0,0,1,0.0016030784463509917,,2019-05-16,,0.139
2AGPKARY,0,0,,,,Censored No Alarm,0,0,0,0,0,1,0.001920875976793468,,2019-05-16,,0.139
2AGPKB2Y,0,0,,,,Censored No Alarm,0,0,0,0,0,1,0.0008202208555303514,,2019-05-27,,0.139
2AGPKTUY,0,0,,,,Censored No Alarm,0,0,0,0,0,1,0.0015949209919199347,,2019-05-16,,0.139
2AGPKVGY,0,0,,,,Censored No Alarm,0,0,0,0,0,1,0.0008954672375693917,,2019-05-16,,0.139
2AGPKWNY,1,0,,2023-10-29,,Missed,0,0,0,0,1,0,0.03137701004743576,,2019-05-16,,0.139
2AGPKX4Y,0,0,,,,Censored No Alarm,0,0,0,0,0,1,0.01406289916485548,,2019-05-16,,0.139
2AGPL2YY,0,0,,,,Censored No Alarm,0,0,0,0,0,1,0.0016249832697212696,,2019-05-16,,0.139
2AGPL4UY,0,0,,,,Censored No Alarm,0,0,0,0,0,1,0.0009308405569754541,,2019-05-16,,0.139
2AGPL4ZY,0,0,,,,Censored No Alarm,0,0,0,0,0,1,0.0013153934851288795,,2019-05-27,,0.139
2AGPLSSY,0,0,,,,Censored No Alarm,0,0,0,0,0,1,0.0014669011579826474,,2019-05-16,,0.139
2AGPMDVY,0,0,,,,Censored No Alarm,0,0,0,0,0,1,0.00043381296563893557,,2019-05-27,,0.139
2AGPMEPY,0,0,,,,Censored No Alarm,0,0,0,0,0,1,0.0009314478375017643,,2019-05-16,,0.139
2AGPMGGY,0,0,,,,Censored No Alarm,0,0,0,0,0,1,0.0017842301167547703,,2019-05-16,,0.139
2AGPMM3Y,0,0,,,,Censored No Alarm,0,0,0,0,0,1,0.0005767233669757843,,2019-05-27,,0.139
2AGPMN9Y,0,0,,,,Censored No Alarm,0,0,0,0,0,1,0.0006172568537294865,,2019-05-27,,0.139
2AGPMRDY,0,0,,,,Censored No Alarm,0,0,0,0,0,1,0.0009713341132737696,,2019-05-27,,0.139
2AGPMY1Y,0,0,,,,Censored No Alarm,0,0,0,0,0,1,0.0013460039626806974,,2019-05-16,,0.139
2AGPN6PY,0,0,,,,Censored No Alarm,0,0,0,0,0,1,0.018500367179512978,,2019-05-16,,0.139
2AGPPJAY,0,0,,,,Censored No Alarm,0,0,0,0,0,1,0.0008696350269019604,,2019-05-16,,0.139
2AGPPLLY,1,1,2023-10-27,2023-11-29,33.0,Early,0,1,0,1,0,0,0.1495824158191681,0.14462751150131226,2019-05-16,1625.0,0.139
2AGPR6YY,0,0,,,,Censored No Alarm,0,0,0,0,0,1,0.0011087344028055668,,2019-05-16,,0.139
2AGPR7RY,0,0,,,,Censored No Alarm,0,0,0,0,0,1,0.001566681545227766,,2019-05-16,,0.139
2AGPR8EY,0,0,,,,Censored No Alarm,0,0,0,0,0,1,0.0010511756408959627,,2019-05-16,,0.139
2AGPRL8Y,0,0,,,,Censored No Alarm,0,0,0,0,0,1,0.0005038377130404115,,2019-05-27,,0.139
2AGPRMLY,1,0,,2026-03-26,,Missed,0,0,0,0,1,0,0.005040224641561508,,2019-08-13,,0.139
2AGPRMRY,1,0,,2024-08-12,,Missed,0,0,0,0,1,0,0.0005322343786247075,,2019-05-04,,0.139
2AGPRRJY,0,0,,,,Censored No Alarm,0,0,0,0,0,1,0.07842075079679489,,2019-05-04,,0.139
2AGPS2ZY,0,0,,,,Censored No Alarm,0,0,0,0,0,1,0.001427951967343688,,2019-05-16,,0.139
2AGPSEDY,0,0,,,,Censored No Alarm,0,0,0,0,0,1,0.0006656585610471666,,2019-05-27,,0.139
2AGPSG5Y,0,0,,,,Censored No Alarm,0,0,0,0,0,1,0.0012196573661640286,,2019-05-27,,0.139
2AGPSGKY,0,0,,,,Censored No Alarm,0,0,0,0,0,1,0.0009430759237147868,,2019-08-14,,0.139
2AGPSJKY,0,0,,,,Censored No Alarm,0,0,0,0,0,1,0.0012275045737624168,,2019-08-14,,0.139
2AGPSRUY,0,0,,,,Censored No Alarm,0,0,0,0,0,1,0.0008284705691039562,,2019-05-16,,0.139
2AGPT2PY,0,0,,,,Censored No Alarm,0,0,0,0,0,1,0.00123048375826329,,2019-08-14,,0.139
2AGPT48Y,0,0,,,,Censored No Alarm,0,0,0,0,0,1,0.0016418414888903499,,2019-06-01,,0.139
2AGPT7PY,0,0,,,,Censored No Alarm,0,0,0,0,0,1,0.005991951562464237,,2019-08-13,,0.139
2AGPTL4Y,0,0,,,,Censored No Alarm,0,0,0,0,0,1,0.0011078992392867804,,2019-05-27,,0.139
2AGPTVLY,0,0,,,,Censored No Alarm,0,0,0,0,0,1,0.0016825523925945163,,2019-06-01,,0.139
5PG0TA6F,0,0,,,,Censored No Alarm,0,0,0,0,0,1,0.0005421604728326201,,2020-07-14,,0.139
5PG0TAKF,0,0,,,,Censored No Alarm,0,0,0,0,0,1,0.0009937367867678404,,2020-05-10,,0.139
5PJEJUHE,0,0,,,,Censored No Alarm,0,0,0,0,0,1,0.0036911724600940943,,2021-12-28,,0.139
5PJJHD9C,0,0,,,,Censored No Alarm,0,0,0,0,0,1,0.0003455666883382946,,2022-07-18,,0.139
5PJJLZTF,0,0,,,,Censored No Alarm,0,0,0,0,0,1,0.0016361504094675183,,2021-12-03,,0.139
5PJKZP4D,0,0,,,,Censored No Alarm,0,0,0,0,0,1,0.0008878095541149378,,2022-08-04,,0.139
5PJVPJGF,0,0,,,,Censored No Alarm,0,0,0,0,0,1,0.002085506683215499,,2021-05-16,,0.139
5PK10N4B,0,0,,,,Censored No Alarm,0,0,0,0,0,1,0.0016640842659398913,,2024-12-22,,0.139
5PK5ZB1B,0,0,,,,Censored No Alarm,0,0,0,0,0,1,0.0016429760726168752,,2024-04-29,,0.139
5PKEBJVB,0,0,,,,Censored No Alarm,0,0,0,0,0,1,0.0018846566090360284,,2023-11-27,,0.139
5PKVXW6B,0,0,,,,Censored No Alarm,0,0,0,0,0,1,0.0016574052860960364,,2024-06-01,,0.139
5QG63PMB,0,0,,,,Censored No Alarm,0,0,0,0,0,1,0.0016423794440925121,,2024-05-28,,0.139
5QGBH0MB,0,0,,,,Censored No Alarm,0,0,0,0,0,1,0.0021074824035167694,,2023-12-09,,0.139
5QGG5KLB,0,0,,,,Censored No Alarm,0,0,0,0,0,1,0.0011288535315543413,,2023-04-05,,0.139
5QGG5UPB,0,0,,,,Censored No Alarm,0,0,0,0,0,1,0.004658062476664782,,2022-12-06,,0.139
5QGGAELB,1,1,2025-01-12,2025-06-04,143.0,Early,0,1,0,1,0,0,0.46985653042793274,0.1483781933784485,2023-03-28,656.0,0.139
5QGGHWVB,0,0,,,,Censored No Alarm,0,0,0,0,0,1,0.0018836666131392121,,2023-12-16,,0.139
5QH0Z60B,1,1,2024-01-20,2024-05-14,115.0,Early,0,1,0,1,0,0,0.5135031938552856,0.15661723911762238,2023-10-22,90.0,0.139
5QHDKVHB,0,0,,,,Censored No Alarm,0,0,0,0,0,1,0.0019099105847999454,,2023-11-17,,0.139
5QHKE66B,0,0,,,,Censored No Alarm,0,0,0,0,0,1,0.002285569906234741,,2024-04-18,,0.139
5QHYP4MB,0,0,,,,Censored No Alarm,0,0,0,0,0,1,0.0017063990235328674,,2024-05-15,,0.139
5QJBW5VB,1,1,2024-05-10,2024-05-25,15.0,On time,1,0,0,0,0,0,0.5210211873054504,0.18285341560840607,2024-02-07,93.0,0.139
5QJS57NB,0,0,,,,Censored No Alarm,0,0,0,0,0,1,0.001654738443903625,,2024-01-23,,0.139
5QKBEVWB,0,0,,,,Censored No Alarm,0,0,0,0,0,1,0.0016615435015410185,,2023-12-14,,0.139
5QKDK07B,0,0,,,,Censored No Alarm,0,0,0,0,0,1,0.001648969599045813,,2024-12-20,,0.139
5QKHBVPB,0,0,,,,Censored No Alarm,0,0,0,0,0,1,0.001738307997584343,,2024-05-30,,0.139
5QKKSM3B,0,0,,,,Censored No Alarm,0,0,0,0,0,1,0.0024511595256626606,,2024-04-06,,0.139
5QKV55TB,0,0,,,,Censored No Alarm,0,0,0,0,0,1,0.001671571983024478,,2024-02-29,,0.139
5QKV6W0B,0,0,,,,Censored No Alarm,0,0,0,0,0,1,0.0017527019372209907,,2023-08-14,,0.139
5QKV74SB,0,0,,,,Censored No Alarm,0,0,0,0,0,1,0.0017174655804410577,,2024-01-09,,0.139
5QKV778B,0,0,,,,Censored No Alarm,0,0,0,0,0,1,0.0016742909792810678,,2024-06-07,,0.139
5QKV7UHB,0,0,,,,Censored No Alarm,0,0,0,0,0,1,0.002269100397825241,,2024-03-04,,0.139
5QKV85UB,0,0,,,,Censored No Alarm,0,0,0,0,0,1,0.0016827190993353724,,2023-12-02,,0.139
5QKVAN8B,0,0,,,,Censored No Alarm,0,0,0,0,0,1,0.001663711154833436,,2023-12-24,,0.139
5QKVARLB,0,0,,,,Censored No Alarm,0,0,0,0,0,1,0.0017773134168237448,,2023-11-03,,0.139
5QKVATKB,0,0,,,,Censored No Alarm,0,0,0,0,0,1,0.0016664410941302776,,2024-01-09,,0.139
5QKVD71B,0,0,,,,Censored No Alarm,0,0,0,0,0,1,0.001660081441514194,,2024-05-10,,0.139
5QKVDDVB,0,0,,,,Censored No Alarm,0,0,0,0,0,1,0.001661789370700717,,2024-06-19,,0.139
5QKVETTB,0,0,,,,Censored No Alarm,0,0,0,0,0,1,0.0017121335258707404,,2024-06-27,,0.139
5QKVEUZB,0,0,,,,Censored No Alarm,0,0,0,0,0,1,0.001663964823819697,,2024-04-22,,0.139
5QKVEXJB,0,0,,,,Censored No Alarm,0,0,0,0,0,1,0.0016682499554008245,,2023-11-30,,0.139
5QKVGLWB,0,0,,,,Censored No Alarm,0,0,0,0,0,1,0.0016313453670591116,,2024-05-08,,0.139
5QKVHPLB,0,0,,,,Censored No Alarm,0,0,0,0,0,1,0.0020356101449579,,2024-05-07,,0.139
5QKVHRMB,0,0,,,,Censored No Alarm,0,0,0,0,0,1,0.002774937078356743,,2024-06-23,,0.139
5QKVVTHB,0,0,,,,Censored No Alarm,0,0,0,0,0,1,0.0027808151207864285,,2024-04-15,,0.139
8CGNK9GE,0,0,,,,Censored No Alarm,0,0,0,0,0,1,0.02442595362663269,,2019-05-04,,0.139
8CGR1V5E,0,0,,,,Censored No Alarm,0,0,0,0,0,1,0.0009791002376005054,,2019-06-01,,0.139
8CGSN9XE,0,0,,,,Censored No Alarm,0,0,0,0,0,1,0.0012206463143229485,,2019-05-16,,0.139
8CGSTSRE,0,0,,,,Censored No Alarm,0,0,0,0,0,1,0.001071728765964508,,2019-05-04,,0.139
8CGT5S2E,1,0,,2024-11-05,,Missed,0,0,0,0,1,0,0.05796679109334946,,2019-06-01,,0.139
8CGTW4VE,0,0,,,,Censored No Alarm,0,0,0,0,0,1,0.0011937398230656981,,2019-06-01,,0.139
8CGTZ9HE,1,1,2023-04-21,2023-07-12,82.0,Early,0,1,0,1,0,0,0.5564853549003601,0.14633870124816895,2019-05-16,1436.0,0.139
8CGU9LLE,0,0,,,,Censored No Alarm,0,0,0,0,0,1,0.0008171751978807151,,2019-05-16,,0.139
8CGV369E,0,0,,,,Censored No Alarm,0,0,0,0,0,1,0.0015175974695011973,,2019-05-16,,0.139
8CGVR04E,0,1,2026-01-06,,,Censored Early,0,0,1,1,0,0,0.1882822960615158,0.15534405410289764,2019-05-16,2427.0,0.139
8CGVTH0E,0,0,,,,Censored No Alarm,0,0,0,0,0,1,0.001008991152048111,,2019-05-04,,0.139
8CGW3HPE,0,0,,,,Censored No Alarm,0,0,0,0,0,1,0.0010638604871928692,,2019-05-04,,0.139
8CGW6ULE,0,0,,,,Censored No Alarm,0,0,0,0,0,1,0.0010413428535684943,,2019-05-04,,0.139
8CGWPGEE,0,0,,,,Censored No Alarm,0,0,0,0,0,1,0.0011512531200423837,,2019-05-16,,0.139
8CGXKYVE,0,0,,,,Censored No Alarm,0,0,0,0,0,1,0.0011240376625210047,,2019-05-04,,0.139
8CGXNNUE,1,1,2022-04-25,2022-05-10,15.0,On time,1,0,0,0,0,0,0.4543873369693756,0.14520378410816193,2019-06-01,1059.0,0.139
8CGY4KUE,0,0,,,,Censored No Alarm,0,0,0,0,0,1,0.0013443365460261703,,2019-05-16,,0.139
8CGYJ5TE,0,0,,,,Censored No Alarm,0,0,0,0,0,1,0.0008332128636538982,,2019-06-01,,0.139
8CGYVS8E,0,0,,,,Censored No Alarm,0,0,0,0,0,1,0.0005122713628225029,,2019-06-01,,0.139
8CGYW96E,0,0,,,,Censored No Alarm,0,0,0,0,0,1,0.013738920912146568,,2019-06-01,,0.139
8CGYXB6E,0,0,,,,Censored No Alarm,0,0,0,0,0,1,0.00419731205329299,,2019-08-13,,0.139
8CGZ8K3E,0,0,,,,Censored No Alarm,0,0,0,0,0,1,0.0008737688767723739,,2019-05-04,,0.139
8CGZ8S1E,0,0,,,,Censored No Alarm,0,0,0,0,0,1,0.001083456096239388,,2019-05-04,,0.139
8CGZ8SDE,0,1,2025-11-10,,,Censored Early,0,0,1,1,0,0,0.24225495755672455,0.16773881018161774,2019-05-04,2382.0,0.139
8CGZB98E,0,0,,,,Censored No Alarm,0,0,0,0,0,1,0.00042512608342804015,,2019-08-14,,0.139
8CGZB9VE,0,0,,,,Censored No Alarm,0,0,0,0,0,1,0.0007951489533297718,,2019-06-01,,0.139
8CGZKBME,0,0,,,,Censored No Alarm,0,0,0,0,0,1,0.03330330178141594,,2019-05-04,,0.139
8CGZKDHE,0,0,,,,Censored No Alarm,0,0,0,0,0,1,0.0015084572369232774,,2019-05-04,,0.139
8CGZMEAE,0,0,,,,Censored No Alarm,0,0,0,0,0,1,0.0016979735810309649,,2019-05-04,,0.139
8CH02WUE,0,0,,,,Censored No Alarm,0,0,0,0,0,1,0.0005227938527241349,,2019-08-14,,0.139
8CH05AGE,0,0,,,,Censored No Alarm,0,0,0,0,0,1,0.0010816240683197975,,2019-05-04,,0.139
8CH06AGE,0,0,,,,Censored No Alarm,0,0,0,0,0,1,0.001201646402478218,,2019-05-16,,0.139
8CH06B5E,0,0,,,,Censored No Alarm,0,0,0,0,0,1,0.0007243582513183355,,2019-05-04,,0.139
8CH06E7E,0,0,,,,Censored No Alarm,0,0,0,0,0,1,0.0011185974581167102,,2019-05-04,,0.139
8CH06EDE,0,0,,,,Censored No Alarm,0,0,0,0,0,1,0.0012516427086666226,,2019-06-01,,0.139
8CH0869E,0,0,,,,Censored No Alarm,0,0,0,0,0,1,0.0015018342528492212,,2019-05-04,,0.139
8CH08RNE,0,0,,,,Censored No Alarm,0,0,0,0,0,1,0.0011442787945270538,,2019-08-14,,0.139
8CH09GGE,0,0,,,,Censored No Alarm,0,0,0,0,0,1,0.0010919709457084537,,2019-06-01,,0.139
8CH0BYPE,0,0,,,,Censored No Alarm,0,0,0,0,0,1,0.0008360448991879821,,2019-08-13,,0.139
8CH0BYTE,0,0,,,,Censored No Alarm,0,0,0,0,0,1,0.0008181277080439031,,2019-06-01,,0.139
8CH0DM8E,0,0,,,,Censored No Alarm,0,0,0,0,0,1,0.0005008855951018631,,2019-08-14,,0.139
8CH0GNLE,0,0,,,,Censored No Alarm,0,0,0,0,0,1,0.0015886931214481592,,2019-05-04,,0.139
8CH0GNNE,0,0,,,,Censored No Alarm,0,0,0,0,0,1,0.007134211249649525,,2019-05-04,,0.139
8CH0GNSE,0,0,,,,Censored No Alarm,0,0,0,0,0,1,0.0013493538135662675,,2019-05-16,,0.139
8CH0HRKE,0,0,,,,Censored No Alarm,0,0,0,0,0,1,0.0006551509723067284,,2019-06-01,,0.139
8CH0HTRE,0,0,,,,Censored No Alarm,0,0,0,0,0,1,0.0010442968923598528,,2019-06-01,,0.139
8CH0L5PE,0,0,,,,Censored No Alarm,0,0,0,0,0,1,0.0005122002912685275,,2019-06-01,,0.139
8CH0R06E,0,0,,,,Censored No Alarm,0,0,0,0,0,1,0.001106821233406663,,2019-05-04,,0.139
8CH0R3YE,0,0,,,,Censored No Alarm,0,0,0,0,0,1,0.03549462929368019,,2019-08-13,,0.139
8CH0TLTE,0,0,,,,Censored No Alarm,0,0,0,0,0,1,0.0011050512548536062,,2019-08-13,,0.139
8CH0TLUE,0,0,,,,Censored No Alarm,0,0,0,0,0,1,0.0006899349973537028,,2019-06-01,,0.139
8CH0TN2E,0,0,,,,Censored No Alarm,0,0,0,0,0,1,0.0007549270521849394,,2019-06-01,,0.139
8CH0TN3E,0,0,,,,Censored No Alarm,0,0,0,0,0,1,0.0012110520619899035,,2019-08-13,,0.139
8CH0TVRE,0,0,,,,Censored No Alarm,0,0,0,0,0,1,0.000767794088460505,,2019-08-14,,0.139
8CH0V7TE,0,0,,,,Censored No Alarm,0,0,0,0,0,1,0.022743120789527893,,2019-06-01,,0.139
8CH0VH1E,0,0,,,,Censored No Alarm,0,0,0,0,0,1,0.001162501284852624,,2019-05-16,,0.139
8CH0VW0E,0,0,,,,Censored No Alarm,0,0,0,0,0,1,0.0007043821387924254,,2019-06-01,,0.139
8CH11KPE,0,0,,,,Censored No Alarm,0,0,0,0,0,1,0.001342852832749486,,2019-05-04,,0.139
8CH13D7E,0,0,,,,Censored No Alarm,0,0,0,0,0,1,0.000560274813324213,,2019-06-01,,0.139
8CH13DAE,0,0,,,,Censored No Alarm,0,0,0,0,0,1,0.0007535606273449957,,2019-06-01,,0.139
8CH15D3E,0,0,,,,Censored No Alarm,0,0,0,0,0,1,0.03172416239976883,,2019-05-16,,0.139
8CH15YME,0,0,,,,Censored No Alarm,0,0,0,0,0,1,0.0005615997361019254,,2019-06-01,,0.139
8CH160KE,0,0,,,,Censored No Alarm,0,0,0,0,0,1,0.000936128431931138,,2019-08-14,,0.139
8CH16PBE,0,0,,,,Censored No Alarm,0,0,0,0,0,1,0.009181123226881027,,2019-06-01,,0.139
8CH16ZDE,0,0,,,,Censored No Alarm,0,0,0,0,0,1,0.000775572785641998,,2019-06-01,,0.139
8CH16ZUE,0,0,,,,Censored No Alarm,0,0,0,0,0,1,0.0012349083553999662,,2019-06-01,,0.139
8CH17M9E,0,0,,,,Censored No Alarm,0,0,0,0,0,1,0.0005598915740847588,,2019-06-01,,0.139
8CH17MHE,0,0,,,,Censored No Alarm,0,0,0,0,0,1,0.0006773962522856891,,2019-08-13,,0.139
8CH190UE,1,1,2021-12-25,2022-03-26,91.0,Early,0,1,0,1,0,0,0.4361756145954132,0.15129885077476501,2019-08-13,865.0,0.139
8CH1APUE,1,1,2025-07-04,2025-09-18,76.0,Early,0,1,0,1,0,0,0.2653607428073883,0.15093879401683807,2019-06-01,2225.0,0.139
8CH1AR5E,0,0,,,,Censored No Alarm,0,0,0,0,0,1,0.0007666328456252813,,2019-05-04,,0.139
8CH1ARHE,1,0,,2023-09-28,,Missed,0,0,0,0,1,0,0.010871728882193565,,2019-06-01,,0.139
8CH1WBME,1,0,,2024-05-05,,Missed,0,0,0,0,1,0,0.011167689226567745,,2019-05-04,,0.139
8CH1XHUE,0,0,,,,Censored No Alarm,0,0,0,0,0,1,0.0014217875432223082,,2019-05-04,,0.139
8CH4AT4E,0,0,,,,Censored No Alarm,0,0,0,0,0,1,0.000550003198441118,,2019-05-27,,0.139
8CH4X3TE,1,0,,2022-10-12,,Missed,0,0,0,0,1,0,0.003767414251342416,,2019-05-16,,0.139
8CH4YM4E,1,0,,2023-03-03,,Missed,0,0,0,0,1,0,0.00456138513982296,,2019-05-16,,0.139
8CH4YM6E,1,1,2024-12-07,2025-03-13,96.0,Early,0,1,0,1,0,0,0.19289487600326538,0.1671178936958313,2019-05-16,2032.0,0.139
8CH4YN8E,1,0,,2024-04-09,,Missed,0,0,0,0,1,0,0.054656676948070526,,2019-05-16,,0.139
8CH4Z6UE,0,0,,,,Censored No Alarm,0,0,0,0,0,1,0.001417956780642271,,2019-05-16,,0.139
8CH5214E,1,1,2024-01-17,2024-02-15,29.0,On time,1,0,0,0,0,0,0.24347840249538422,0.14389653503894806,2019-05-16,1707.0,0.139
8CH52U5E,0,0,,,,Censored No Alarm,0,0,0,0,0,1,0.0009203491499647498,,2019-05-16,,0.139
8CH5B9LE,0,0,,,,Censored No Alarm,0,0,0,0,0,1,0.0013513601152226329,,2019-05-16,,0.139
8CH5E8EE,1,0,,2023-04-04,,Missed,0,0,0,0,1,0,0.04610026255249977,,2019-05-16,,0.139
8CH5HRYE,1,0,,2024-12-24,,Missed,0,0,0,0,1,0,0.13666661083698273,,2019-05-16,,0.139
8CHRG6JE,0,0,,,,Censored No Alarm,0,0,0,0,0,1,0.0007882497739046812,,2019-11-25,,0.139
8CHU2WSE,0,0,,,,Censored No Alarm,0,0,0,0,0,1,0.0008438628283329308,,2020-06-18,,0.139
8CHU7R9E,1,0,,2024-11-09,,Missed,0,0,0,0,1,0,0.026031000539660454,,2021-05-05,,0.139
8CHUHHXE,0,0,,,,Censored No Alarm,0,0,0,0,0,1,0.024075569584965706,,2020-06-26,,0.139
8CJMA59E,0,0,,,,Censored No Alarm,0,0,0,0,0,1,0.001812412985600531,,2024-04-02,,0.139
8DG1BB5Y,0,0,,,,Censored No Alarm,0,0,0,0,0,1,0.0018693889724090695,,2024-12-20,,0.139
8DG3MU5D,0,0,,,,Censored No Alarm,0,0,0,0,0,1,0.0013054176233708858,,2018-07-12,,0.139
8DG4SAUD,0,0,,,,Censored No Alarm,0,0,0,0,0,1,0.003100037109106779,,2018-07-12,,0.139
8DG4SAZD,0,0,,,,Censored No Alarm,0,0,0,0,0,1,0.0010520792566239834,,2018-07-12,,0.139
8DG52U7D,0,0,,,,Censored No Alarm,0,0,0,0,0,1,0.0014761994825676084,,2018-07-12,,0.139
8DG52W9D,0,0,,,,Censored No Alarm,0,0,0,0,0,1,0.0007906819228082895,,2018-07-12,,0.139
8DG52WND,0,0,,,,Censored No Alarm,0,0,0,0,0,1,0.00084053969476372,,2018-07-12,,0.139
8DG6S3UD,1,0,,2024-06-11,,Missed,0,0,0,0,1,0,0.07802446186542511,,2018-07-12,,0.139
8DG88GTY,0,0,,,,Censored No Alarm,0,0,0,0,0,1,0.0016702214488759637,,2025-01-01,,0.139
8DG93TXY,0,0,,,,Censored No Alarm,0,0,0,0,0,1,0.0017583157168701291,,2024-04-01,,0.139
8DJE2HWH,0,0,,,,Censored No Alarm,0,0,0,0,0,1,0.0007498529157601297,,2019-01-05,,0.139
8DJEPPSH,0,0,,,,Censored No Alarm,0,0,0,0,0,1,0.0007442065398208797,,2019-01-05,,0.139
8DJEPTWH,0,0,,,,Censored No Alarm,0,0,0,0,0,1,0.0006375745288096368,,2019-01-05,,0.139
8DJEUXLH,0,0,,,,Censored No Alarm,0,0,0,0,0,1,0.07230496406555176,,2019-01-05,,0.139
8DK5NDLH,0,0,,,,Censored No Alarm,0,0,0,0,0,1,0.0009727329597808421,,2020-01-03,,0.139
8DKHU24H,0,0,,,,Censored No Alarm,0,0,0,0,0,1,0.001207625726237893,,2019-12-29,,0.139
8DKUD8AH,0,0,,,,Censored No Alarm,0,0,0,0,0,1,0.0008930464391596615,,2019-01-05,,0.139
8DKV390H,0,0,,,,Censored No Alarm,0,0,0,0,0,1,0.001004006015136838,,2019-03-01,,0.139
8HG28M3H,0,0,,,,Censored No Alarm,0,0,0,0,0,1,0.0006586211966350675,,2019-03-01,,0.139
8HG7LGUH,1,1,2025-03-01,2025-06-01,92.0,Early,0,1,0,1,0,0,0.1390964686870575,0.1390964686870575,2019-06-01,2100.0,0.139
8HGBYHPH,0,0,,,,Censored No Alarm,0,0,0,0,0,1,0.0009113915148191154,,2021-10-03,,0.139
8HGNAB0H,0,0,,,,Censored No Alarm,0,0,0,0,0,1,0.0016780929872766137,,2019-03-28,,0.139
8HGZPYVH,0,1,2022-12-13,,,Censored Early,0,0,1,1,0,0,0.3602023422718048,0.15466324985027313,2019-01-05,1438.0,0.139
8HH12ZPH,0,0,,,,Censored No Alarm,0,0,0,0,0,1,0.0009576593292877078,,2018-11-14,,0.139
8HH5JYSH,0,0,,,,Censored No Alarm,0,0,0,0,0,1,0.000977739691734314,,2018-11-14,,0.139
8HH8BNRH,0,0,,,,Censored No Alarm,0,0,0,0,0,1,0.0014991194475442171,,2019-03-28,,0.139
8HH8P7RH,0,0,,,,Censored No Alarm,0,0,0,0,0,1,0.0005411696620285511,,2019-03-02,,0.139
8HH901KH,0,0,,,,Censored No Alarm,0,0,0,0,0,1,0.0014513935893774033,,2019-03-28,,0.139
8HH9ZRUH,0,0,,,,Censored No Alarm,0,0,0,0,0,1,0.0010491382563486695,,2019-03-01,,0.139
8HHARE1H,1,1,2023-03-09,2023-03-24,15.0,On time,1,0,0,0,0,0,0.47768059372901917,0.15299877524375916,2019-08-13,1304.0,0.139
8HHARGBH,0,0,,,,Censored No Alarm,0,0,0,0,0,1,0.0005537866381928325,,2019-03-02,,0.139
8HHATBKH,0,0,,,,Censored No Alarm,0,0,0,0,0,1,0.0009767969604581594,,2019-03-01,,0.139
8HHJXENH,0,0,,,,Censored No Alarm,0,0,0,0,0,1,0.0016395857091993093,,2019-01-05,,0.139
8HHNHSUH,1,0,,2024-12-06,,Missed,0,0,0,0,1,0,0.03147204592823982,,2019-05-04,,0.139
8HHPUREH,1,1,2023-08-09,2024-05-16,281.0,Early,0,1,0,1,0,0,0.2457374632358551,0.1757434755563736,2018-11-14,1729.0,0.139
8HHT1P2H,0,0,,,,Censored No Alarm,0,0,0,0,0,1,0.008557121269404888,,2018-11-14,,0.139
8HHTWXYH,0,0,,,,Censored No Alarm,0,0,0,0,0,1,0.0009142416529357433,,2018-11-14,,0.139
8HHZ6MGH,0,0,,,,Censored No Alarm,0,0,0,0,0,1,0.0010138177312910557,,2018-11-14,,0.139
8HJ1NNDH,0,0,,,,Censored No Alarm,0,0,0,0,0,1,0.0008043809793889523,,2018-11-14,,0.139
8HJ6SJAH,0,0,,,,Censored No Alarm,0,0,0,0,0,1,0.002399310003966093,,2018-11-14,,0.139
8HJ6SJTH,0,0,,,,Censored No Alarm,0,0,0,0,0,1,0.0006747590377926826,,2018-11-14,,0.139
8HJ74BPH,0,0,,,,Censored No Alarm,0,0,0,0,0,1,0.000754227745346725,,2018-11-14,,0.139
8HJ7UJHH,0,0,,,,Censored No Alarm,0,0,0,0,0,1,0.0011058473028242588,,2018-11-14,,0.139
8HJ7Y9BH,0,0,,,,Censored No Alarm,0,0,0,0,0,1,0.0023260798770934343,,2018-11-14,,0.139
8HJ7Z0DH,0,0,,,,Censored No Alarm,0,0,0,0,0,1,0.0011091316118836403,,2019-05-04,,0.139
8HJ7Z10H,0,0,,,,Censored No Alarm,0,0,0,0,0,1,0.0006697010830976069,,2018-11-14,,0.139
8HJ7Z1MH,0,0,,,,Censored No Alarm,0,0,0,0,0,1,0.0038117479998618364,,2018-11-14,,0.139
8HJ86APH,0,0,,,,Censored No Alarm,0,0,0,0,0,1,0.021076625213027,,2018-11-14,,0.139
8HJ86NXH,0,0,,,,Censored No Alarm,0,0,0,0,0,1,0.0009261275408789515,,2019-05-04,,0.139
8HJ8LEXH,0,0,,,,Censored No Alarm,0,0,0,0,0,1,0.028474880382418633,,2019-05-04,,0.139
8HJ8LKMH,1,0,,2026-03-14,,Missed,0,0,0,0,1,0,0.07935021072626114,,2018-11-14,,0.139
8HJ91WDH,0,0,,,,Censored No Alarm,0,0,0,0,0,1,0.0009384852019138634,,2019-05-04,,0.139
8HJ94EVH,0,0,,,,Censored No Alarm,0,0,0,0,0,1,0.0008688265806995332,,2018-11-14,,0.139
8HJ9JWTH,0,0,,,,Censored No Alarm,0,0,0,0,0,1,0.0006122741615399718,,2018-11-14,,0.139
8HJ9K7HH,1,1,2025-01-25,2025-01-28,3.0,On time,1,0,0,0,0,0,0.16513149440288544,0.15784554183483124,2018-11-14,2264.0,0.139
8HJ9KKGH,0,0,,,,Censored No Alarm,0,0,0,0,0,1,0.0009415172971785069,,2019-05-04,,0.139
8HJ9KN1H,0,0,,,,Censored No Alarm,0,0,0,0,0,1,0.001567828468978405,,2018-11-14,,0.139
8HJ9LS1H,0,0,,,,Censored No Alarm,0,0,0,0,0,1,0.000971769099123776,,2018-11-14,,0.139
8HJ9M5NH,0,0,,,,Censored No Alarm,0,0,0,0,0,1,0.0012480155564844608,,2018-11-14,,0.139
8HJ9M94H,0,0,,,,Censored No Alarm,0,0,0,0,0,1,0.0006369265029206872,,2018-11-14,,0.139
8HJ9MZBH,0,0,,,,Censored No Alarm,0,0,0,0,0,1,0.0009214809979312122,,2019-05-04,,0.139
8HJ9NHPH,0,0,,,,Censored No Alarm,0,0,0,0,0,1,0.00100672896951437,,2018-11-14,,0.139
8HJ9NKKH,0,0,,,,Censored No Alarm,0,0,0,0,0,1,0.0008571306243538857,,2018-11-14,,0.139
8HJ9RYSH,0,0,,,,Censored No Alarm,0,0,0,0,0,1,0.0005915690562687814,,2018-11-14,,0.139
8HJ9S05H,0,0,,,,Censored No Alarm,0,0,0,0,0,1,0.0005018753581680357,,2018-11-14,,0.139
8HJ9S0EH,0,0,,,,Censored No Alarm,0,0,0,0,0,1,0.001032488769851625,,2018-11-14,,0.139
8HJ9Y3ZH,0,0,,,,Censored No Alarm,0,0,0,0,0,1,0.0009780992986634374,,2019-05-04,,0.139
8HJA085H,0,0,,,,Censored No Alarm,0,0,0,0,0,1,0.0006350838229991496,,2018-11-14,,0.139
8HJA2DPH,0,0,,,,Censored No Alarm,0,0,0,0,0,1,0.00048362722736783326,,2018-11-14,,0.139
8HJA8DBH,0,0,,,,Censored No Alarm,0,0,0,0,0,1,0.0006461514858528972,,2018-11-14,,0.139
8HJBNYTH,0,0,,,,Censored No Alarm,0,0,0,0,0,1,0.05720088630914688,,2019-01-05,,0.139
8HJDK12H,0,0,,,,Censored No Alarm,0,0,0,0,0,1,0.0009755222708918154,,2018-11-14,,0.139
8HJDX4PH,0,0,,,,Censored No Alarm,0,0,0,0,0,1,0.005460294894874096,,2018-11-14,,0.139
8HJEY89H,0,0,,,,Censored No Alarm,0,0,0,0,0,1,0.0006283296388573945,,2019-03-01,,0.139
8HJG85RH,0,0,,,,Censored No Alarm,0,0,0,0,0,1,0.00036468286998569965,,2019-03-01,,0.139
8HJGZPXH,0,0,,,,Censored No Alarm,0,0,0,0,0,1,0.0015547977527603507,,2018-11-14,,0.139
8HJH62EH,0,0,,,,Censored No Alarm,0,0,0,0,0,1,0.0011907541193068027,,2018-11-14,,0.139
8HJH8RWH,0,0,,,,Censored No Alarm,0,0,0,0,0,1,0.0011372094741091132,,2019-03-01,,0.139
8HJK2HSH,0,0,,,,Censored No Alarm,0,0,0,0,0,1,0.009947603568434715,,2018-11-14,,0.139
8HJLKZRH,0,0,,,,Censored No Alarm,0,0,0,0,0,1,0.0010075820609927177,,2018-11-14,,0.139
8HJRD7PH,0,0,,,,Censored No Alarm,0,0,0,0,0,1,0.0005329308332875371,,2019-03-01,,0.139
8HJRUMWH,0,0,,,,Censored No Alarm,0,0,0,0,0,1,0.0011214580154046416,,2018-11-14,,0.139
8HJRVW4H,0,0,,,,Censored No Alarm,0,0,0,0,0,1,0.0008992831571958959,,2018-11-14,,0.139
8HJUGTVH,0,0,,,,Censored No Alarm,0,0,0,0,0,1,0.029209673404693604,,2018-11-14,,0.139
8HJVJKPH,0,0,,,,Censored No Alarm,0,0,0,0,0,1,0.0008711842820048332,,2018-11-14,,0.139
8HJVUAGH,0,0,,,,Censored No Alarm,0,0,0,0,0,1,0.0010826482903212309,,2018-11-14,,0.139
8HJWBJXH,0,0,,,,Censored No Alarm,0,0,0,0,0,1,0.000895834993571043,,2018-11-14,,0.139
8HJWHD6H,0,0,,,,Censored No Alarm,0,0,0,0,0,1,0.0010981167433783412,,2018-11-14,,0.139
8HJWHEJH,0,0,,,,Censored No Alarm,0,0,0,0,0,1,0.0011394927278161049,,2019-03-28,,0.139
8HJXG0WH,1,0,,2022-05-01,,Missed,0,0,0,0,1,0,0.021549833938479424,,2018-11-14,,0.139
8HJXKBDH,0,0,,,,Censored No Alarm,0,0,0,0,0,1,0.0006929787341505289,,2019-03-01,,0.139
8HJXU87H,0,0,,,,Censored No Alarm,0,0,0,0,0,1,0.04100656509399414,,2018-11-14,,0.139
8HJY20MH,0,0,,,,Censored No Alarm,0,0,0,0,0,1,0.0008674397831782699,,2018-11-14,,0.139
8HJYTXWH,0,0,,,,Censored No Alarm,0,0,0,0,0,1,0.0006791114574298263,,2018-11-14,,0.139
8HJYU0JH,0,0,,,,Censored No Alarm,0,0,0,0,0,1,0.005376702640205622,,2018-11-14,,0.139
8HJYZNZH,0,0,,,,Censored No Alarm,0,0,0,0,0,1,0.0009087000507861376,,2018-11-14,,0.139
8HJZ13TH,0,0,,,,Censored No Alarm,0,0,0,0,0,1,0.001551388413645327,,2018-11-14,,0.139
8HJZADEH,0,0,,,,Censored No Alarm,0,0,0,0,0,1,0.0008677870500832796,,2018-11-14,,0.139
8HJZEG6H,1,0,,2023-11-17,,Missed,0,0,0,0,1,0,0.041770089417696,,2018-11-14,,0.139
8HJZG4AH,0,0,,,,Censored No Alarm,0,0,0,0,0,1,0.0008736581658013165,,2018-11-14,,0.139
8HJZNVWH,0,0,,,,Censored No Alarm,0,0,0,0,0,1,0.00650924164801836,,2018-11-14,,0.139
8HK087WH,0,0,,,,Censored No Alarm,0,0,0,0,0,1,0.0644548311829567,,2018-11-14,,0.139
8HK0HH3H,0,0,,,,Censored No Alarm,0,0,0,0,0,1,0.0005563672166317701,,2018-11-14,,0.139
8HK12NNH,0,0,,,,Censored No Alarm,0,0,0,0,0,1,0.000727177772205323,,2018-11-14,,0.139
8HK17SKH,0,1,2025-09-27,,,Censored Early,0,0,1,1,0,0,0.13927794992923737,0.13927794992923737,2018-11-14,2509.0,0.139
8HK17SWH,0,0,,,,Censored No Alarm,0,0,0,0,0,1,0.0006694458425045013,,2018-11-14,,0.139
8HK17SYH,0,0,,,,Censored No Alarm,0,0,0,0,0,1,0.10947011411190033,,2018-11-14,,0.139
8HK19K9H,0,0,,,,Censored No Alarm,0,0,0,0,0,1,0.0006683079991489649,,2018-11-14,,0.139
8HK19KVH,0,0,,,,Censored No Alarm,0,0,0,0,0,1,0.0007732784142717719,,2018-11-14,,0.139
8HK1KY3H,0,0,,,,Censored No Alarm,0,0,0,0,0,1,0.0012700846418738365,,2018-11-14,,0.139
8HK1LYPH,0,0,,,,Censored No Alarm,0,0,0,0,0,1,0.0007904883823357522,,2018-11-14,,0.139
8HK1N18H,0,0,,,,Censored No Alarm,0,0,0,0,0,1,0.0012385984882712364,,2018-11-14,,0.139
8HK1PV7H,0,0,,,,Censored No Alarm,0,0,0,0,0,1,0.0011272330302745104,,2018-11-14,,0.139
8HK1UULH,0,0,,,,Censored No Alarm,0,0,0,0,0,1,0.0006806428427807987,,2018-11-14,,0.139
8HK1XAAH,1,0,,2021-10-24,,Missed,0,0,0,0,1,0,0.00031138406484387815,,2018-11-14,,0.139
8HK224GH,0,0,,,,Censored No Alarm,0,0,0,0,0,1,0.0007810455863364041,,2018-11-14,,0.139
8HK25XSH,0,0,,,,Censored No Alarm,0,0,0,0,0,1,0.0019449058454483747,,2018-11-14,,0.139
8HK266WH,0,0,,,,Censored No Alarm,0,0,0,0,0,1,0.01600075140595436,,2018-11-14,,0.139
8HK28TJH,0,0,,,,Censored No Alarm,0,0,0,0,0,1,0.000887221482116729,,2018-11-14,,0.139
8HK28Y0H,0,0,,,,Censored No Alarm,0,0,0,0,0,1,0.0011728090466931462,,2018-11-14,,0.139
8HK2A1EH,0,0,,,,Censored No Alarm,0,0,0,0,0,1,0.0010705363238230348,,2019-06-01,,0.139
8HK2BA6H,0,0,,,,Censored No Alarm,0,0,0,0,0,1,0.0013310436625033617,,2018-11-14,,0.139
8HK2BAEH,0,0,,,,Censored No Alarm,0,0,0,0,0,1,0.0007893584552221,,2018-11-14,,0.139
8HK2DVKH,0,0,,,,Censored No Alarm,0,0,0,0,0,1,0.0006965117063373327,,2018-11-14,,0.139
8HK2JXUH,0,0,,,,Censored No Alarm,0,0,0,0,0,1,0.0010577564826235175,,2019-03-28,,0.139
8HK2KY6H,0,0,,,,Censored No Alarm,0,0,0,0,0,1,0.0007851864793337882,,2018-11-14,,0.139
8HK2MXPH,0,0,,,,Censored No Alarm,0,0,0,0,0,1,0.0006037559942342341,,2018-11-14,,0.139
8HK2RMWH,0,0,,,,Censored No Alarm,0,0,0,0,0,1,0.006775290239602327,,2018-11-14,,0.139
8HK2RNWH,0,0,,,,Censored No Alarm,0,0,0,0,0,1,0.0011639167787507176,,2018-11-14,,0.139
8HK2RP9H,0,0,,,,Censored No Alarm,0,0,0,0,0,1,0.000559689593501389,,2018-11-14,,0.139
8HK2VLMH,0,0,,,,Censored No Alarm,0,0,0,0,0,1,0.0007752639357931912,,2018-11-14,,0.139
8HK2X4YH,0,0,,,,Censored No Alarm,0,0,0,0,0,1,0.0007867744425311685,,2018-11-14,,0.139
8HK2ZPDH,0,0,,,,Censored No Alarm,0,0,0,0,0,1,0.0012922351015731692,,2019-05-04,,0.139
8HK2ZT1H,0,0,,,,Censored No Alarm,0,0,0,0,0,1,0.0011859562946483493,,2018-11-14,,0.139
8HK31WMH,0,0,,,,Censored No Alarm,0,0,0,0,0,1,0.0013229380128905177,,2019-05-04,,0.139
8HK31Y8H,0,0,,,,Censored No Alarm,0,0,0,0,0,1,0.0009376986417919397,,2018-11-14,,0.139
8HK341ZH,0,0,,,,Censored No Alarm,0,0,0,0,0,1,0.0009978985181078315,,2018-11-14,,0.139
8HK34EZH,0,0,,,,Censored No Alarm,0,0,0,0,0,1,0.0030892190989106894,,2018-11-14,,0.139
8HK3BWZH,0,0,,,,Censored No Alarm,0,0,0,0,0,1,0.0015358421951532364,,2018-11-14,,0.139
8HK3GTLH,0,0,,,,Censored No Alarm,0,0,0,0,0,1,0.009290913119912148,,2018-11-14,,0.139
8HK3GUXH,0,0,,,,Censored No Alarm,0,0,0,0,0,1,0.0007933726301416755,,2018-11-14,,0.139
8HK3MMSH,0,0,,,,Censored No Alarm,0,0,0,0,0,1,0.001177193596959114,,2018-11-14,,0.139
8HK3NG2H,0,0,,,,Censored No Alarm,0,0,0,0,0,1,0.003158728126436472,,2018-11-14,,0.139
8HK3NJMH,0,0,,,,Censored No Alarm,0,0,0,0,0,1,0.0012782856356352568,,2018-11-14,,0.139
8HK41HEH,0,0,,,,Censored No Alarm,0,0,0,0,0,1,0.0006107910885475576,,2018-11-14,,0.139
8HK69BMH,0,0,,,,Censored No Alarm,0,0,0,0,0,1,0.0011380418436601758,,2019-03-01,,0.139
8HK6T2AH,0,0,,,,Censored No Alarm,0,0,0,0,0,1,0.0008592001395300031,,2018-11-14,,0.139
8HK6TL7H,0,0,,,,Censored No Alarm,0,0,0,0,0,1,0.000680521538015455,,2018-11-14,,0.139
8HK6UUDH,0,0,,,,Censored No Alarm,0,0,0,0,0,1,0.0012461838778108358,,2019-03-28,,0.139
8HK6V14H,0,0,,,,Censored No Alarm,0,0,0,0,0,1,0.0009074204135686159,,2018-11-14,,0.139
8HK6VSKH,1,1,2024-03-01,2024-03-10,9.0,On time,1,0,0,0,0,0,0.4728442132472992,0.14085078239440918,2018-11-14,1934.0,0.139
8HK70X7H,0,0,,,,Censored No Alarm,0,0,0,0,0,1,0.0008808441925793886,,2018-11-14,,0.139
8HK7194H,0,0,,,,Censored No Alarm,0,0,0,0,0,1,0.0024944464676082134,,2018-11-14,,0.139
8HK72J0H,0,0,,,,Censored No Alarm,0,0,0,0,0,1,0.0008509174222126603,,2018-11-14,,0.139
8HK7DKMH,0,0,,,,Censored No Alarm,0,0,0,0,0,1,0.00035728965303860605,,2019-03-02,,0.139
8HK7E5DH,0,0,,,,Censored No Alarm,0,0,0,0,0,1,0.0005134678212925792,,2018-11-14,,0.139
8HK7E68H,0,0,,,,Censored No Alarm,0,0,0,0,0,1,0.001164242159575224,,2018-11-14,,0.139
8HK7H58H,0,0,,,,Censored No Alarm,0,0,0,0,0,1,0.0009699160000309348,,2018-11-14,,0.139
8HK80P1H,0,0,,,,Censored No Alarm,0,0,0,0,0,1,0.017739256843924522,,2019-01-05,,0.139
8HKB2WEH,0,0,,,,Censored No Alarm,0,0,0,0,0,1,0.018135080114006996,,2019-01-05,,0.139
8HKB3M2H,0,0,,,,Censored No Alarm,0,0,0,0,0,1,0.0005810008151456714,,2019-01-05,,0.139
8HKB4R4H,0,0,,,,Censored No Alarm,0,0,0,0,0,1,0.0013433556305244565,,2019-05-04,,0.139
8HKBBKKH,0,0,,,,Censored No Alarm,0,0,0,0,0,1,0.019779367372393608,,2018-11-14,,0.139
8HKBYNVH,0,0,,,,Censored No Alarm,0,0,0,0,0,1,0.0006978914607316256,,2019-05-04,,0.139
8HKE039H,0,0,,,,Censored No Alarm,0,0,0,0,0,1,0.01679214835166931,,2018-11-14,,0.139
8HKE6E1H,0,0,,,,Censored No Alarm,0,0,0,0,0,1,0.0011602096492424607,,2019-01-05,,0.139
8HKE8S7H,0,0,,,,Censored No Alarm,0,0,0,0,0,1,0.028965337201952934,,2019-01-05,,0.139
8HKEAWEH,0,0,,,,Censored No Alarm,0,0,0,0,0,1,0.0010230605257675052,,2019-06-01,,0.139
8HKEKYRH,0,0,,,,Censored No Alarm,0,0,0,0,0,1,0.0006681379745714366,,2019-06-01,,0.139
8HKG0GWH,0,0,,,,Censored No Alarm,0,0,0,0,0,1,0.0008659273735247552,,2019-01-05,,0.139
8HKHPZHH,0,0,,,,Censored No Alarm,0,0,0,0,0,1,0.0010170325404033065,,2019-06-01,,0.139
8HKJ4MAH,0,0,,,,Censored No Alarm,0,0,0,0,0,1,0.0007207199232652783,,2019-03-01,,0.139
8HKJ5KDH,1,0,,2025-06-29,,Missed,0,0,0,0,1,0,0.0011861777165904641,,2018-11-14,,0.139
8HKL6STH,0,0,,,,Censored No Alarm,0,0,0,0,0,1,0.0005779686034657061,,2019-03-02,,0.139
8HKLRUSH,0,1,2025-05-01,,,Censored Early,0,0,1,1,0,0,0.165911003947258,0.13996055722236633,2019-03-01,2253.0,0.139
8HKM415H,0,0,,,,Censored No Alarm,0,0,0,0,0,1,0.0005868680309504271,,2019-03-01,,0.139
8HKM5RVH,0,0,,,,Censored No Alarm,0,0,0,0,0,1,0.0012950400123372674,,2019-03-28,,0.139
8HKM654H,0,0,,,,Censored No Alarm,0,0,0,0,0,1,0.001051348983310163,,2019-03-28,,0.139
8HKM9Z1H,0,0,,,,Censored No Alarm,0,0,0,0,0,1,0.0007121547241695225,,2019-03-28,,0.139
8HKMR21H,1,0,,2020-09-02,,Missed,0,0,0,0,1,0,0.07317085564136505,,2019-03-28,,0.139
8HKNMW1H,0,0,,,,Censored No Alarm,0,0,0,0,0,1,0.0013466316740959883,,2019-05-04,,0.139
8HKNN28H,0,0,,,,Censored No Alarm,0,0,0,0,0,1,0.030584240332245827,,2019-06-01,,0.139
8HKPM7RH,0,0,,,,Censored No Alarm,0,0,0,0,0,1,0.0006127000087872148,,2019-03-02,,0.139
8HKPZY9H,1,0,,2024-08-13,,Missed,0,0,0,0,1,0,0.1371266096830368,,2019-03-28,,0.139
8HKRER2H,0,0,,,,Censored No Alarm,0,0,0,0,0,1,0.0010936944745481014,,2019-06-01,,0.139
8HKS4X3H,0,0,,,,Censored No Alarm,0,0,0,0,0,1,0.045298002660274506,,2019-03-02,,0.139
8HKTBA3H,1,0,,2024-09-22,,Missed,0,0,0,0,1,0,0.06688477098941803,,2019-03-01,,0.139
8HKTE54H,0,0,,,,Censored No Alarm,0,0,0,0,0,1,0.0013753591338172555,,2019-03-01,,0.139
8HKTH2SH,1,0,,2023-11-27,,Missed,0,0,0,0,1,0,0.0012472009984776378,,2019-03-01,,0.139
8HKTK0XH,0,0,,,,Censored No Alarm,0,0,0,0,0,1,0.0007805560017004609,,2019-01-05,,0.139
8HKU0DXH,0,0,,,,Censored No Alarm,0,0,0,0,0,1,0.00044729176443070173,,2019-03-01,,0.139
8HKU3YTH,1,1,2024-04-07,2024-07-13,97.0,Early,0,1,0,1,0,0,0.23873664438724518,0.14698182046413422,2019-03-01,1864.0,0.139
8HKU4WXH,0,0,,,,Censored No Alarm,0,0,0,0,0,1,0.006103142164647579,,2019-01-05,,0.139
8HKUEJHH,1,0,,2025-04-25,,Missed,0,0,0,0,1,0,0.0011951483320444822,,2019-03-28,,0.139
8HKVW60H,0,0,,,,Censored No Alarm,0,0,0,0,0,1,0.0015089730732142925,,2019-03-28,,0.139
8HKW4NPH,0,0,,,,Censored No Alarm,0,0,0,0,0,1,0.0012552016414701939,,2019-06-01,,0.139
8HKWV1GH,0,0,,,,Censored No Alarm,0,0,0,0,0,1,0.0010562831303104758,,2019-01-05,,0.139
8HKWXJYH,0,0,,,,Censored No Alarm,0,0,0,0,0,1,0.001125627662986517,,2019-03-28,,0.139
8HKY0KHH,1,1,2023-04-13,2024-05-14,397.0,Early,0,1,0,1,0,0,0.5243151187896729,0.22211207449436188,2019-03-01,1504.0,0.139
8HKY66PH,0,0,,,,Censored No Alarm,0,0,0,0,0,1,0.0012015695683658123,,2019-03-01,,0.139
8HKYJ38H,0,0,,,,Censored No Alarm,0,0,0,0,0,1,0.0010657513048499823,,2019-03-28,,0.139
8HKYZ6YH,0,0,,,,Censored No Alarm,0,0,0,0,0,1,0.0007133121835067868,,2019-03-28,,0.139
8HKZ213H,0,0,,,,Censored No Alarm,0,0,0,0,0,1,0.0006473010289482772,,2019-01-05,,0.139
8HKZDBRH,0,0,,,,Censored No Alarm,0,0,0,0,0,1,0.0005267654778435826,,2019-06-01,,0.139
8HKZL75H,0,0,,,,Censored No Alarm,0,0,0,0,0,1,0.015876667574048042,,2019-05-04,,0.139
AAG0EXPH,0,0,,,,Censored No Alarm,0,0,0,0,0,1,0.0006080002640374005,,2019-01-05,,0.139
AAG0LHRH,0,0,,,,Censored No Alarm,0,0,0,0,0,1,0.0013106937985867262,,2019-01-05,,0.139
AAG121VH,0,0,,,,Censored No Alarm,0,0,0,0,0,1,0.001959446584805846,,2019-03-01,,0.139
AAG16VPH,0,0,,,,Censored No Alarm,0,0,0,0,0,1,0.0010160136735066772,,2019-01-05,,0.139
AAG18L0H,0,0,,,,Censored No Alarm,0,0,0,0,0,1,0.0007631362532265484,,2019-03-28,,0.139
AAG18MEH,0,0,,,,Censored No Alarm,0,0,0,0,0,1,0.0009961340110749006,,2019-03-01,,0.139
AAG197UH,0,0,,,,Censored No Alarm,0,0,0,0,0,1,0.0009347719023935497,,2019-06-01,,0.139
AAG1LSNH,1,0,,2025-07-30,,Missed,0,0,0,0,1,0,0.0477871410548687,,2019-01-05,,0.139
AAG1LSVH,0,0,,,,Censored No Alarm,0,0,0,0,0,1,0.002041376894339919,,2019-01-05,,0.139
AAG1LW3H,1,0,,2024-09-03,,Missed,0,0,0,0,1,0,0.12598839402198792,,2019-01-05,,0.139
AAG1PLVH,0,0,,,,Censored No Alarm,0,0,0,0,0,1,0.0011720826150849462,,2019-03-28,,0.139
AAG1PM9H,0,0,,,,Censored No Alarm,0,0,0,0,0,1,0.0008629477233625948,,2019-03-28,,0.139
AAG1RJAH,0,0,,,,Censored No Alarm,0,0,0,0,0,1,0.07949214428663254,,2019-03-28,,0.139
AAG1RK5H,0,0,,,,Censored No Alarm,0,0,0,0,0,1,0.0008622486493550241,,2019-01-05,,0.139
AAG1RR9H,0,0,,,,Censored No Alarm,0,0,0,0,0,1,0.0012248894199728966,,2019-03-28,,0.139
AAG1RUJH,0,0,,,,Censored No Alarm,0,0,0,0,0,1,0.0012773715425282717,,2019-03-28,,0.139
AAG1TGGH,0,0,,,,Censored No Alarm,0,0,0,0,0,1,0.0009632101282477379,,2019-01-05,,0.139
AAG1VJYH,0,0,,,,Censored No Alarm,0,0,0,0,0,1,0.0006138877361081541,,2019-03-28,,0.139
AAG1VNPH,0,0,,,,Censored No Alarm,0,0,0,0,0,1,0.000654009054414928,,2019-01-05,,0.139
AAG1Z4AH,0,0,,,,Censored No Alarm,0,0,0,0,0,1,0.014960579574108124,,2019-08-13,,0.139
AAG23A2H,0,0,,,,Censored No Alarm,0,0,0,0,0,1,0.0912066102027893,,2019-01-05,,0.139
AAG23AKH,0,0,,,,Censored No Alarm,0,0,0,0,0,1,0.0012248123530298471,,2019-01-05,,0.139
AAG23AVH,0,0,,,,Censored No Alarm,0,0,0,0,0,1,0.0010939695639535785,,2019-03-28,,0.139
AAG246TH,0,0,,,,Censored No Alarm,0,0,0,0,0,1,0.0008012200705707073,,2019-06-01,,0.139
AAG24UVH,0,0,,,,Censored No Alarm,0,0,0,0,0,1,0.0010160852689296007,,2019-01-05,,0.139
AAG24VXH,0,0,,,,Censored No Alarm,0,0,0,0,0,1,0.0007773263496346772,,2019-01-05,,0.139
AAG26NBH,1,0,,2023-10-19,,Missed,0,0,0,0,1,0,0.0688924789428711,,2019-03-28,,0.139
AAG26TPH,0,0,,,,Censored No Alarm,0,0,0,0,0,1,0.0550454817712307,,2019-03-28,,0.139
AAG26U9H,1,0,,2023-01-26,,Missed,0,0,0,0,1,0,0.031107792630791664,,2019-06-01,,0.139
AAG27VEH,0,0,,,,Censored No Alarm,0,0,0,0,0,1,0.001015038462355733,,2019-03-28,,0.139
AAG27W2H,0,0,,,,Censored No Alarm,0,0,0,0,0,1,0.0006536199362017214,,2019-03-01,,0.139
AAG27XPH,1,0,,2025-10-06,,Missed,0,0,0,0,1,0,0.0013573089381679893,,2019-03-28,,0.139
AAG27ZLH,0,0,,,,Censored No Alarm,0,0,0,0,0,1,0.0015274820616468787,,2019-03-28,,0.139
AAG281TH,1,0,,2024-07-25,,Missed,0,0,0,0,1,0,0.0778801441192627,,2019-01-05,,0.139
AAG2GGJH,0,0,,,,Censored No Alarm,0,0,0,0,0,1,0.0007387293735519052,,2019-06-01,,0.139
AAG2JGJH,1,0,,2026-02-10,,Missed,0,0,0,0,1,0,0.030146297067403793,,2019-06-01,,0.139
AAG2JL4H,0,0,,,,Censored No Alarm,0,0,0,0,0,1,0.0008824864635244012,,2019-01-05,,0.139
AAG2RZJH,0,0,,,,Censored No Alarm,0,0,0,0,0,1,0.0006938130245544016,,2019-03-28,,0.139
AAG2S62H,0,0,,,,Censored No Alarm,0,0,0,0,0,1,0.0012173592112958431,,2019-03-28,,0.139
AAG2S9YH,0,0,,,,Censored No Alarm,0,0,0,0,0,1,0.0008098161197267473,,2019-06-01,,0.139
AAG2SAYH,0,0,,,,Censored No Alarm,0,0,0,0,0,1,0.0006585402297787368,,2019-08-14,,0.139
AAG2SJ3H,0,0,,,,Censored No Alarm,0,0,0,0,0,1,0.0008698190213181078,,2019-08-13,,0.139
AAG2VSVH,0,0,,,,Censored No Alarm,0,0,0,0,0,1,0.0013661677949130535,,2019-03-28,,0.139
AAG2Y6JH,0,0,,,,Censored No Alarm,0,0,0,0,0,1,0.001267803367227316,,2019-03-28,,0.139
AAG2Z67H,0,0,,,,Censored No Alarm,0,0,0,0,0,1,0.0006432912778109312,,2019-06-01,,0.139
AAG2ZU1H,0,0,,,,Censored No Alarm,0,0,0,0,0,1,0.001156322075985372,,2019-06-01,,0.139
AAG305AH,0,0,,,,Censored No Alarm,0,0,0,0,0,1,0.0009908316424116492,,2019-06-01,,0.139
AAG306GH,0,0,,,,Censored No Alarm,0,0,0,0,0,1,0.008539961650967598,,2019-01-05,,0.139
AAG34Z4H,0,0,,,,Censored No Alarm,0,0,0,0,0,1,0.0007820107857696712,,2019-01-05,,0.139
AAG350BH,0,1,2025-07-31,,,Censored Early,0,0,1,1,0,0,0.1661883294582367,0.14560267329216003,2019-03-28,2317.0,0.139
AAG350TH,0,0,,,,Censored No Alarm,0,0,0,0,0,1,0.0008204345940612257,,2019-03-28,,0.139
AAG3512H,0,0,,,,Censored No Alarm,0,0,0,0,0,1,0.0005885838181711733,,2019-03-28,,0.139
AAG352AH,0,0,,,,Censored No Alarm,0,0,0,0,0,1,0.0007352385437116027,,2019-06-01,,0.139
AAG353EH,0,0,,,,Censored No Alarm,0,0,0,0,0,1,0.0010192468762397766,,2019-01-05,,0.139
AAG35LWH,0,0,,,,Censored No Alarm,0,0,0,0,0,1,0.0885874330997467,,2019-01-05,,0.139
AAG401PH,0,0,,,,Censored No Alarm,0,0,0,0,0,1,0.0010353827383369207,,2019-01-05,,0.139
AAG46YHH,0,0,,,,Censored No Alarm,0,0,0,0,0,1,0.0008510537445545197,,2019-03-28,,0.139
AAG477BH,0,0,,,,Censored No Alarm,0,0,0,0,0,1,0.0015379185788333416,,2019-01-05,,0.139
AAG478DH,0,0,,,,Censored No Alarm,0,0,0,0,0,1,0.001475227763876319,,2019-03-28,,0.139
AAG48B3H,0,0,,,,Censored No Alarm,0,0,0,0,0,1,0.00044685794273391366,,2019-03-02,,0.139
AAG4AA9H,0,0,,,,Censored No Alarm,0,0,0,0,0,1,0.02116314321756363,,2019-03-01,,0.139
AAG4VESH,0,1,2024-04-23,,,Censored Early,0,0,1,1,0,0,0.4203154146671295,0.1717633306980133,2019-03-01,1880.0,0.139
AAG4Z4YH,0,0,,,,Censored No Alarm,0,0,0,0,0,1,0.004235921427607536,,2019-03-01,,0.139
AAG4Z52H,0,0,,,,Censored No Alarm,0,0,0,0,0,1,0.0005687674856744707,,2019-03-02,,0.139
AAG4Z5AH,1,1,2024-11-27,2025-03-14,107.0,Early,0,1,0,1,0,0,0.2205573171377182,0.17218349874019623,2019-01-05,2153.0,0.139
AAG4ZABH,0,0,,,,Censored No Alarm,0,0,0,0,0,1,0.0013619990786537528,,2019-03-01,,0.139
AAG51RHH,0,0,,,,Censored No Alarm,0,0,0,0,0,1,0.0009570919792167842,,2019-01-05,,0.139
AAG540GH,0,0,,,,Censored No Alarm,0,0,0,0,0,1,0.0015187350800260901,,2019-03-28,,0.139
AAG5DTTH,0,0,,,,Censored No Alarm,0,0,0,0,0,1,0.001100052846595645,,2019-03-28,,0.139
AAG5Y4DH,0,0,,,,Censored No Alarm,0,0,0,0,0,1,0.0008758636540733278,,2019-01-05,,0.139
AAG5Y4LH,0,0,,,,Censored No Alarm,0,0,0,0,0,1,0.006204540841281414,,2019-01-05,,0.139
AAG5Y4TH,0,0,,,,Censored No Alarm,0,0,0,0,0,1,0.0006492166430689394,,2019-01-05,,0.139
AAG5Y4UH,0,0,,,,Censored No Alarm,0,0,0,0,0,1,0.0012111957184970379,,2019-01-05,,0.139
AAG5Y5UH,0,0,,,,Censored No Alarm,0,0,0,0,0,1,0.010998346842825413,,2019-01-05,,0.139
AAG5YJ4H,0,0,,,,Censored No Alarm,0,0,0,0,0,1,0.002056548371911049,,2019-03-28,,0.139
AAG5YLKH,0,0,,,,Censored No Alarm,0,0,0,0,0,1,0.000590555660892278,,2019-03-01,,0.139
AAG5YYBH,0,0,,,,Censored No Alarm,0,0,0,0,0,1,0.001079091802239418,,2019-01-05,,0.139
AAG5YYKH,1,1,2024-12-15,2025-09-30,289.0,Early,0,1,0,1,0,0,0.2566998600959778,0.14288341999053955,2019-01-05,2171.0,0.139
AAG5YZ8H,0,0,,,,Censored No Alarm,0,0,0,0,0,1,0.000581263389904052,,2019-03-28,,0.139
AAG5YZZH,1,0,,2025-07-30,,Missed,0,0,0,0,1,0,0.014131737872958183,,2019-03-02,,0.139
AAG613MH,0,0,,,,Censored No Alarm,0,0,0,0,0,1,0.0006195619353093207,,2019-01-05,,0.139
AAG613RH,1,0,,2025-06-06,,Missed,0,0,0,0,1,0,0.0009753551566973329,,2019-01-05,,0.139
AAG61KPH,0,0,,,,Censored No Alarm,0,0,0,0,0,1,0.0026446280535310507,,2019-03-28,,0.139
AAG61LHH,1,1,2022-08-31,2024-05-17,625.0,Early,0,1,0,1,0,0,0.3303346633911133,0.14348971843719482,2019-03-01,1279.0,0.139
AAG61NEH,0,0,,,,Censored No Alarm,0,0,0,0,0,1,0.0012286542914807796,,2019-01-05,,0.139
AAG61NZH,0,0,,,,Censored No Alarm,0,0,0,0,0,1,0.04039357975125313,,2019-03-28,,0.139
AAG61P2H,0,0,,,,Censored No Alarm,0,0,0,0,0,1,0.001424943096935749,,2019-03-01,,0.139
AAG61UMH,0,0,,,,Censored No Alarm,0,0,0,0,0,1,0.004407957661896944,,2019-01-05,,0.139
AAG61WRH,0,0,,,,Censored No Alarm,0,0,0,0,0,1,0.0006376623641699553,,2019-03-01,,0.139
AAG61Z1H,0,0,,,,Censored No Alarm,0,0,0,0,0,1,0.0007238723919726908,,2019-01-05,,0.139
AAG61ZAH,0,0,,,,Censored No Alarm,0,0,0,0,0,1,0.0010301013244315982,,2019-03-01,,0.139
AAG620PH,0,0,,,,Censored No Alarm,0,0,0,0,0,1,0.0009848657064139843,,2019-03-28,,0.139
AAG621WH,0,0,,,,Censored No Alarm,0,0,0,0,0,1,0.0009479717118665576,,2019-01-05,,0.139
AAG623DH,0,0,,,,Censored No Alarm,0,0,0,0,0,1,0.0008545072050765157,,2019-01-05,,0.139
AAG6376H,0,0,,,,Censored No Alarm,0,0,0,0,0,1,0.004540116526186466,,2019-03-28,,0.139
AAG637RH,1,0,,2022-05-21,,Missed,0,0,0,0,1,0,0.00030216830782592297,,2019-01-05,,0.139
AAG6381H,0,0,,,,Censored No Alarm,0,0,0,0,0,1,0.0005858564982190728,,2019-01-05,,0.139
AAG638GH,0,0,,,,Censored No Alarm,0,0,0,0,0,1,0.0012286952696740627,,2019-01-05,,0.139
AAG639BH,0,0,,,,Censored No Alarm,0,0,0,0,0,1,0.00940681155771017,,2019-01-05,,0.139
AAG63DLH,0,0,,,,Censored No Alarm,0,0,0,0,0,1,0.0013433663407340646,,2019-03-28,,0.139
AAG63JSH,0,0,,,,Censored No Alarm,0,0,0,0,0,1,0.0006109442329034209,,2019-03-02,,0.139
AAG63PJH,0,0,,,,Censored No Alarm,0,0,0,0,0,1,0.0007935577887110412,,2019-03-28,,0.139
AAG63PKH,1,1,2022-05-22,2022-05-22,0.0,On time,1,0,0,0,0,0,0.1441340446472168,0.1441340446472168,2019-03-01,1178.0,0.139
AAG63PLH,0,0,,,,Censored No Alarm,0,0,0,0,0,1,0.0009252252639271319,,2019-03-01,,0.139
AAG63RGH,0,0,,,,Censored No Alarm,0,0,0,0,0,1,0.0009794981451705098,,2019-03-01,,0.139
AAG63TMH,1,1,2024-08-07,2025-09-02,391.0,Early,0,1,0,1,0,0,0.4789023697376251,0.16166117787361145,2019-03-02,1985.0,0.139
AAG63TSH,0,0,,,,Censored No Alarm,0,0,0,0,0,1,0.0020270776003599167,,2019-03-28,,0.139
AAG63V6H,0,0,,,,Censored No Alarm,0,0,0,0,0,1,0.08289338648319244,,2019-03-28,,0.139
AAG63WHH,1,1,2025-10-28,2025-11-30,33.0,Early,0,1,0,1,0,0,0.18279512226581573,0.1506563127040863,2019-01-05,2488.0,0.139
AAG63Z8H,1,1,2025-09-14,2025-09-28,14.0,On time,1,0,0,0,0,0,0.4793902337551117,0.22172246873378754,2019-03-01,2389.0,0.139
AAG6417H,1,1,2024-05-30,2024-06-06,7.0,On time,1,0,0,0,0,0,0.3631564974784851,0.25441497564315796,2019-03-01,1917.0,0.139
AAG6436H,0,0,,,,Censored No Alarm,0,0,0,0,0,1,0.001330638537183404,,2019-06-01,,0.139
AAG64VXH,0,0,,,,Censored No Alarm,0,0,0,0,0,1,0.015294908545911312,,2019-01-05,,0.139
AAG6509H,0,0,,,,Censored No Alarm,0,0,0,0,0,1,0.0005889609456062317,,2019-03-28,,0.139
AAG67UZH,0,0,,,,Censored No Alarm,0,0,0,0,0,1,0.007657939102500677,,2019-03-28,,0.139
AAG67V3H,1,1,2025-06-20,2025-06-20,0.0,On time,1,0,0,0,0,0,0.1691267043352127,0.1691267043352127,2019-03-01,2303.0,0.139
AAG67VBH,0,0,,,,Censored No Alarm,0,0,0,0,0,1,0.0034741684794425964,,2019-03-28,,0.139
AAG67W3H,0,0,,,,Censored No Alarm,0,0,0,0,0,1,0.0007281901780515909,,2019-03-01,,0.139
AAG67Z8H,0,0,,,,Censored No Alarm,0,0,0,0,0,1,0.0016626931028440595,,2019-06-01,,0.139
AAG682YH,1,1,2024-02-10,2024-07-04,145.0,Early,0,1,0,1,0,0,0.3573504090309143,0.14129790663719177,2019-03-28,1780.0,0.139
AAG683JH,0,0,,,,Censored No Alarm,0,0,0,0,0,1,0.0010033968137577176,,2019-03-01,,0.139
AAG686GH,0,0,,,,Censored No Alarm,0,0,0,0,0,1,0.0005427273572422564,,2019-03-02,,0.139
AAG6870H,0,0,,,,Censored No Alarm,0,0,0,0,0,1,0.0012760777026414871,,2019-01-05,,0.139
AAG6878H,0,0,,,,Censored No Alarm,0,0,0,0,0,1,0.0012412392534315586,,2019-01-05,,0.139
AAG687GH,0,0,,,,Censored No Alarm,0,0,0,0,0,1,0.0007757560815662146,,2019-03-01,,0.139
AAG687MH,0,0,,,,Censored No Alarm,0,0,0,0,0,1,0.0014726845547556877,,2019-03-28,,0.139
AAG68AGH,0,0,,,,Censored No Alarm,0,0,0,0,0,1,0.000475822773296386,,2019-06-01,,0.139
AAG68AKH,0,0,,,,Censored No Alarm,0,0,0,0,0,1,0.0628972202539444,,2019-03-02,,0.139
AAG68AUH,0,0,,,,Censored No Alarm,0,0,0,0,0,1,0.000731280364561826,,2019-01-05,,0.139
AAG68AXH,0,0,,,,Censored No Alarm,0,0,0,0,0,1,0.0011993341613560915,,2019-03-28,,0.139
AAG68BRH,0,1,2025-07-14,,,Censored Early,0,0,1,1,0,0,0.14257439970970154,0.14257439970970154,2019-01-05,2382.0,0.139
AAG68EWH,1,0,,2023-04-01,,Missed,0,0,0,0,1,0,0.09250284731388092,,2019-01-05,,0.139
AAG68EXH,1,0,,2024-06-19,,Missed,0,0,0,0,1,0,0.029666796326637268,,2019-01-05,,0.139
AAG68KVH,0,0,,,,Censored No Alarm,0,0,0,0,0,1,0.0017476693028584123,,2019-01-05,,0.139
AAG691PH,0,0,,,,Censored No Alarm,0,0,0,0,0,1,0.0007998358341865242,,2019-06-01,,0.139
AAG691VH,0,0,,,,Censored No Alarm,0,0,0,0,0,1,0.02641289308667183,,2019-01-05,,0.139
AAG69LHH,0,0,,,,Censored No Alarm,0,0,0,0,0,1,0.0003841790894512087,,2019-06-01,,0.139
AAG69TTH,0,0,,,,Censored No Alarm,0,0,0,0,0,1,0.0009715640917420387,,2019-03-01,,0.139
AAG69WWH,0,0,,,,Censored No Alarm,0,0,0,0,0,1,0.0006454615504480898,,2019-01-05,,0.139
AAG69YWH,0,0,,,,Censored No Alarm,0,0,0,0,0,1,0.0006039275322109461,,2019-03-02,,0.139
AAG6A03H,0,0,,,,Censored No Alarm,0,0,0,0,0,1,0.0007834283751435578,,2019-03-02,,0.139
AAG6A07H,0,0,,,,Censored No Alarm,0,0,0,0,0,1,0.005180757492780685,,2019-03-01,,0.139
AAG6A0AH,0,0,,,,Censored No Alarm,0,0,0,0,0,1,0.001585085061378777,,2019-01-05,,0.139
AAG6AATH,0,0,,,,Censored No Alarm,0,0,0,0,0,1,0.0006141926860436797,,2019-06-01,,0.139
AAG6AV4H,0,0,,,,Censored No Alarm,0,0,0,0,0,1,0.0005377067136578262,,2019-03-01,,0.139
AAG6AWTH,1,0,,2024-07-08,,Missed,0,0,0,0,1,0,0.05918990820646286,,2019-03-28,,0.139
AAG6AX6H,0,0,,,,Censored No Alarm,0,0,0,0,0,1,0.0014141403371468186,,2019-03-28,,0.139
AAG6B4HH,0,0,,,,Censored No Alarm,0,0,0,0,0,1,0.001103021902963519,,2019-03-28,,0.139
AAG6B5KH,0,0,,,,Censored No Alarm,0,0,0,0,0,1,0.001118220272473991,,2019-03-28,,0.139
AAG6DT9H,1,0,,2019-04-25,,Missed,0,0,0,0,1,0,0.0003712718025781214,,2019-03-01,,0.139
AAG6DVEH,0,0,,,,Censored No Alarm,0,0,0,0,0,1,0.019544921815395355,,2019-03-01,,0.139
AAG6DXTH,0,0,,,,Censored No Alarm,0,0,0,0,0,1,0.020022571086883545,,2019-01-05,,0.139
AAG6E2HH,0,0,,,,Censored No Alarm,0,0,0,0,0,1,0.0009473423706367612,,2019-03-28,,0.139
AAG6E60H,0,0,,,,Censored No Alarm,0,0,0,0,0,1,0.0011080818949267268,,2019-03-01,,0.139
AAG6E7EH,0,0,,,,Censored No Alarm,0,0,0,0,0,1,0.0009130003745667636,,2019-03-28,,0.139
AAG6E7RH,0,0,,,,Censored No Alarm,0,0,0,0,0,1,0.000564637070056051,,2019-03-02,,0.139
AAG6ESPH,0,0,,,,Censored No Alarm,0,0,0,0,0,1,0.0006465802434831858,,2019-01-05,,0.139
AAG6EVRH,0,0,,,,Censored No Alarm,0,0,0,0,0,1,0.0008045411668717861,,2019-01-05,,0.139
AAG6EX3H,0,0,,,,Censored No Alarm,0,0,0,0,0,1,0.0007601434481330216,,2019-01-05,,0.139
AAG6GM1H,0,0,,,,Censored No Alarm,0,0,0,0,0,1,0.0008461253019049764,,2019-03-28,,0.139
AAG6H25H,0,0,,,,Censored No Alarm,0,0,0,0,0,1,0.0011516661616042256,,2019-03-01,,0.139
AAG6HG0H,0,0,,,,Censored No Alarm,0,0,0,0,0,1,0.0008359469356946647,,2019-03-01,,0.139
AAG6HSEH,0,0,,,,Censored No Alarm,0,0,0,0,0,1,0.0005716686719097197,,2019-03-02,,0.139
AAG6HYXH,0,0,,,,Censored No Alarm,0,0,0,0,0,1,0.0007157253567129374,,2019-03-02,,0.139
AAG6J1MH,0,0,,,,Censored No Alarm,0,0,0,0,0,1,0.0008546068565919995,,2019-01-05,,0.139
AAG6J1TH,1,0,,2025-10-07,,Missed,0,0,0,0,1,0,0.12220077216625214,,2019-03-01,,0.139
AAG6J2DH,1,0,,2024-01-03,,Missed,0,0,0,0,1,0,0.02999255247414112,,2019-03-28,,0.139
AAG6J2KH,1,1,2022-11-09,2023-10-19,344.0,Early,0,1,0,1,0,0,0.31138694286346436,0.14331723749637604,2019-01-05,1404.0,0.139
AAG6KJ6H,0,0,,,,Censored No Alarm,0,0,0,0,0,1,0.0015586978988721967,,2019-03-28,,0.139
AAG6KJPH,0,0,,,,Censored No Alarm,0,0,0,0,0,1,0.0008591125370003283,,2019-03-28,,0.139
AAG6KTJH,0,0,,,,Censored No Alarm,0,0,0,0,0,1,0.0005569290951825678,,2019-03-02,,0.139
AAG6KTRH,0,0,,,,Censored No Alarm,0,0,0,0,0,1,0.0011404982069507241,,2019-01-05,,0.139
AAG6KUAH,0,1,2025-12-01,,,Censored Early,0,0,1,1,0,0,0.25186458230018616,0.16249774396419525,2019-01-05,2522.0,0.139
AAG6KUJH,0,0,,,,Censored No Alarm,0,0,0,0,0,1,0.0011147375917062163,,2019-03-01,,0.139
AAG6KV6H,1,0,,2021-11-27,,Missed,0,0,0,0,1,0,0.008963231928646564,,2019-03-01,,0.139
AAG6L88H,0,0,,,,Censored No Alarm,0,0,0,0,0,1,0.0008123515290208161,,2019-03-28,,0.139
AAG6L8VH,0,1,2026-01-02,,,Censored Early,0,0,1,1,0,0,0.18481864035129547,0.15868395566940308,2019-03-28,2472.0,0.139
AAG6LD7H,1,0,,2025-06-16,,Missed,0,0,0,0,1,0,0.02532418817281723,,2019-03-01,,0.139
AAG6LDTH,0,0,,,,Censored No Alarm,0,0,0,0,0,1,0.0008852239698171616,,2019-03-28,,0.139
AAG6LEHH,0,0,,,,Censored No Alarm,0,0,0,0,0,1,0.0008182282908819616,,2019-03-01,,0.139
AAG6LEJH,0,0,,,,Censored No Alarm,0,0,0,0,0,1,0.0007950496510602534,,2019-03-01,,0.139
AAG6LG9H,0,0,,,,Censored No Alarm,0,0,0,0,0,1,0.0009884320897981524,,2019-01-05,,0.139
AAG6LTSH,0,0,,,,Censored No Alarm,0,0,0,0,0,1,0.0015348902670666575,,2019-03-01,,0.139
AAG6M3BH,0,0,,,,Censored No Alarm,0,0,0,0,0,1,0.0006492036627605557,,2019-03-02,,0.139
AAG6M8TH,0,0,,,,Censored No Alarm,0,0,0,0,0,1,0.0006622368819080293,,2019-01-05,,0.139
AAG6MABH,0,0,,,,Censored No Alarm,0,0,0,0,0,1,0.0011260921601206064,,2019-05-04,,0.139
AAG6NEEH,0,0,,,,Censored No Alarm,0,0,0,0,0,1,0.0008633647230453789,,2019-03-28,,0.139
AAG6NP0H,1,1,2024-02-03,2024-09-22,232.0,Early,0,1,0,1,0,0,0.36176833510398865,0.17292103171348572,2019-03-01,1800.0,0.139
AAG6NPRH,1,1,2025-12-03,2026-03-12,99.0,Early,0,1,0,1,0,0,0.467049241065979,0.15336094796657562,2019-03-01,2469.0,0.139
AAG6NRBH,1,1,2024-04-22,2024-07-11,80.0,Early,0,1,0,1,0,0,0.24508418142795563,0.17032039165496826,2019-03-28,1852.0,0.139
AAG6NRZH,0,0,,,,Censored No Alarm,0,0,0,0,0,1,0.0013806945644319057,,2019-03-28,,0.139
AAG6NS8H,0,0,,,,Censored No Alarm,0,0,0,0,0,1,0.09224268794059753,,2019-03-28,,0.139
AAG6NSKH,0,0,,,,Censored No Alarm,0,0,0,0,0,1,0.036124181002378464,,2019-01-05,,0.139
AAG6NVKH,0,0,,,,Censored No Alarm,0,0,0,0,0,1,0.0011440319940447807,,2019-01-05,,0.139
AAG6NW3H,0,0,,,,Censored No Alarm,0,0,0,0,0,1,0.0005297490861266851,,2019-06-01,,0.139
AAG6P40H,0,0,,,,Censored No Alarm,0,0,0,0,0,1,0.0007247335161082447,,2019-01-05,,0.139
AAG6P42H,0,0,,,,Censored No Alarm,0,0,0,0,0,1,0.0006321182008832693,,2019-03-01,,0.139
AAG6P4EH,0,0,,,,Censored No Alarm,0,0,0,0,0,1,0.0008427779539488256,,2019-03-28,,0.139
AAG6P9AH,0,0,,,,Censored No Alarm,0,0,0,0,0,1,0.000607282214332372,,2019-03-01,,0.139
AAG6PWBH,0,0,,,,Censored No Alarm,0,0,0,0,0,1,0.0004460297350306064,,2019-03-02,,0.139
AAG6PY2H,0,0,,,,Censored No Alarm,0,0,0,0,0,1,0.0008782419026829302,,2019-01-05,,0.139
AAG6PYLH,0,0,,,,Censored No Alarm,0,0,0,0,0,1,0.0003754690114874393,,2019-06-01,,0.139
AAG6R0AH,0,0,,,,Censored No Alarm,0,0,0,0,0,1,0.000817341438960284,,2019-06-01,,0.139
AAG6R2RH,0,0,,,,Censored No Alarm,0,0,0,0,0,1,0.0008459946839138865,,2019-03-01,,0.139
AAG6R32H,0,0,,,,Censored No Alarm,0,0,0,0,0,1,0.001188655965961516,,2019-03-01,,0.139
AAG6R48H,0,0,,,,Censored No Alarm,0,0,0,0,0,1,0.0007264383020810783,,2019-03-28,,0.139
AAG6R8UH,0,0,,,,Censored No Alarm,0,0,0,0,0,1,0.0005788992275483906,,2019-03-28,,0.139
AAG6T4ZH,0,0,,,,Censored No Alarm,0,0,0,0,0,1,0.0015302874380722642,,2019-03-28,,0.139
AAG6T52H,1,0,,2023-06-10,,Missed,0,0,0,0,1,0,0.0005009053857065737,,2019-06-01,,0.139
AAG6T55H,0,0,,,,Censored No Alarm,0,0,0,0,0,1,0.0009950802195817232,,2019-06-01,,0.139
AAG6T5JH,0,0,,,,Censored No Alarm,0,0,0,0,0,1,0.0014699228340759873,,2019-05-16,,0.139
AAG6T7LH,0,0,,,,Censored No Alarm,0,0,0,0,0,1,0.0010002671042457223,,2019-03-01,,0.139
AAG6T9NH,0,0,,,,Censored No Alarm,0,0,0,0,0,1,0.0006542419432662427,,2019-06-01,,0.139
AAG6TA8H,0,0,,,,Censored No Alarm,0,0,0,0,0,1,0.0007877792813815176,,2019-01-05,,0.139
AAG6TAHH,0,0,,,,Censored No Alarm,0,0,0,0,0,1,0.003824443556368351,,2019-06-01,,0.139
AAG6TAKH,0,0,,,,Censored No Alarm,0,0,0,0,0,1,0.0009325178107246757,,2019-06-01,,0.139
AAG6TBBH,0,0,,,,Censored No Alarm,0,0,0,0,0,1,0.001554581569507718,,2019-03-28,,0.139
AAG6TBJH,0,0,,,,Censored No Alarm,0,0,0,0,0,1,0.0016294763190671802,,2019-01-05,,0.139
AAG6THHH,0,0,,,,Censored No Alarm,0,0,0,0,0,1,0.0010053804144263268,,2019-06-01,,0.139
AAG6THJH,0,0,,,,Censored No Alarm,0,0,0,0,0,1,0.0008563443552702665,,2019-06-01,,0.139
AAG6THLH,0,0,,,,Censored No Alarm,0,0,0,0,0,1,0.0007306631305254996,,2019-05-04,,0.139
AAG6TRKH,0,0,,,,Censored No Alarm,0,0,0,0,0,1,0.001349050784483552,,2019-05-04,,0.139
AAG6TS8H,0,0,,,,Censored No Alarm,0,0,0,0,0,1,0.012431814335286617,,2019-06-01,,0.139
AAG6TSUH,0,0,,,,Censored No Alarm,0,0,0,0,0,1,0.0011867721332237124,,2019-03-28,,0.139
AAG6TT1H,0,0,,,,Censored No Alarm,0,0,0,0,0,1,0.0012573889689520001,,2019-05-16,,0.139
AAG6TT9H,0,0,,,,Censored No Alarm,0,0,0,0,0,1,0.0007862894563004375,,2019-03-28,,0.139
AAG6TTNH,0,0,,,,Censored No Alarm,0,0,0,0,0,1,0.0016418204177170992,,2019-01-05,,0.139
AAG6TUVH,0,0,,,,Censored No Alarm,0,0,0,0,0,1,0.0011421546805649996,,2019-06-01,,0.139
AAG6TVPH,0,0,,,,Censored No Alarm,0,0,0,0,0,1,0.0013204128481447697,,2019-03-28,,0.139
AAG6TY4H,0,0,,,,Censored No Alarm,0,0,0,0,0,1,0.0012353089405223727,,2019-06-01,,0.139
AAG6U5AH,0,0,,,,Censored No Alarm,0,0,0,0,0,1,0.0013798901345580816,,2019-03-01,,0.139
AAG6UKNH,0,0,,,,Censored No Alarm,0,0,0,0,0,1,0.0006323484121821821,,2019-03-28,,0.139
AAG6UMGH,0,0,,,,Censored No Alarm,0,0,0,0,0,1,0.0009446218027733266,,2019-01-05,,0.139
AAG6UMJH,0,0,,,,Censored No Alarm,0,0,0,0,0,1,0.0009426164906471968,,2019-01-05,,0.139
AAG6UNKH,0,1,2025-03-12,,,Censored Early,0,0,1,1,0,0,0.20517781376838684,0.16910240054130554,2019-06-01,2111.0,0.139
AAG6US4H,0,0,,,,Censored No Alarm,0,0,0,0,0,1,0.0007732493686489761,,2019-03-01,,0.139
AAG6UT0H,0,0,,,,Censored No Alarm,0,0,0,0,0,1,0.0005085337324999273,,2019-06-01,,0.139
AAG6UU8H,0,0,,,,Censored No Alarm,0,0,0,0,0,1,0.018738923594355583,,2019-01-05,,0.139
AAG6UZTH,0,0,,,,Censored No Alarm,0,0,0,0,0,1,0.0013435820583254099,,2019-03-28,,0.139
AAG6V1MH,0,0,,,,Censored No Alarm,0,0,0,0,0,1,0.001644195755943656,,2019-03-28,,0.139
AAG6V71H,0,0,,,,Censored No Alarm,0,0,0,0,0,1,0.0011468579759821296,,2019-03-01,,0.139
AAG6V7DH,0,0,,,,Censored No Alarm,0,0,0,0,0,1,0.0013497703475877643,,2019-03-01,,0.139
AAG6V7VH,0,0,,,,Censored No Alarm,0,0,0,0,0,1,0.0007825930370017886,,2019-03-01,,0.139
AAG6VHXH,0,0,,,,Censored No Alarm,0,0,0,0,0,1,0.0008116400567814708,,2019-06-01,,0.139
AAG6VJKH,0,0,,,,Censored No Alarm,0,0,0,0,0,1,0.0016166131244972348,,2019-03-28,,0.139
AAG6VM8H,0,0,,,,Censored No Alarm,0,0,0,0,0,1,0.0010926197282969952,,2019-03-28,,0.139
AAG6VMBH,0,0,,,,Censored No Alarm,0,0,0,0,0,1,0.001276315888389945,,2019-03-01,,0.139
AAG6VMGH,0,0,,,,Censored No Alarm,0,0,0,0,0,1,0.0013337554410099983,,2019-03-01,,0.139
AAG6X6JH,0,0,,,,Censored No Alarm,0,0,0,0,0,1,0.0006173568544909358,,2019-03-28,,0.139
AAG6XU7H,1,1,2019-07-01,2020-05-23,327.0,Early,0,1,0,1,0,0,0.5373744964599609,0.16905027627944946,2019-05-04,58.0,0.139
AAG6XWGH,0,0,,,,Censored No Alarm,0,0,0,0,0,1,0.001104499795474112,,2019-03-01,,0.139
AAG6XWJH,1,1,2025-01-24,2025-04-04,70.0,Early,0,1,0,1,0,0,0.16305330395698547,0.14669561386108398,2019-03-28,2129.0,0.139
AAG6XXWH,0,0,,,,Censored No Alarm,0,0,0,0,0,1,0.0008851324673742056,,2019-01-05,,0.139
AAG6XYBH,0,0,,,,Censored No Alarm,0,0,0,0,0,1,0.0008628214709460735,,2019-06-01,,0.139
AAG6XYNH,0,0,,,,Censored No Alarm,0,0,0,0,0,1,0.0012705825502052903,,2019-06-01,,0.139
AAG6XZ6H,0,0,,,,Censored No Alarm,0,0,0,0,0,1,0.0007815228891558945,,2019-03-28,,0.139
AAG6XZNH,0,0,,,,Censored No Alarm,0,0,0,0,0,1,0.0008388186106458306,,2019-06-01,,0.139
AAG6Y0GH,0,0,,,,Censored No Alarm,0,0,0,0,0,1,0.00196445407345891,,2019-03-01,,0.139
AAG6Y0KH,0,0,,,,Censored No Alarm,0,0,0,0,0,1,0.0008598570711910725,,2019-01-05,,0.139
AAG6Y1BH,0,0,,,,Censored No Alarm,0,0,0,0,0,1,0.0007788141374476254,,2019-03-02,,0.139
AAG6Y3LH,0,0,,,,Censored No Alarm,0,0,0,0,0,1,0.001284992671571672,,2019-03-28,,0.139
AAG6Y3UH,0,0,,,,Censored No Alarm,0,0,0,0,0,1,0.0009952319087460637,,2019-06-01,,0.139
AAG6Y41H,0,0,,,,Censored No Alarm,0,0,0,0,0,1,0.0006640389328822494,,2019-01-05,,0.139
AAG6Y46H,0,0,,,,Censored No Alarm,0,0,0,0,0,1,0.0008123027510009706,,2019-06-01,,0.139
AAG6YZ1H,0,0,,,,Censored No Alarm,0,0,0,0,0,1,0.0011443229159340262,,2019-03-28,,0.139
AAG6YZ9H,0,0,,,,Censored No Alarm,0,0,0,0,0,1,0.0008206379134207964,,2019-01-05,,0.139
AAG6Z0DH,0,0,,,,Censored No Alarm,0,0,0,0,0,1,0.0006494787521660328,,2019-01-05,,0.139
AAG6Z17H,0,0,,,,Censored No Alarm,0,0,0,0,0,1,0.0004714160750154406,,2019-06-01,,0.139
AAG6Z1MH,0,0,,,,Censored No Alarm,0,0,0,0,0,1,0.0005090764607302845,,2019-03-01,,0.139
AAG6Z1XH,0,0,,,,Censored No Alarm,0,0,0,0,0,1,0.0007306732586584985,,2019-03-01,,0.139
AAG6Z2DH,0,0,,,,Censored No Alarm,0,0,0,0,0,1,0.0006429523346014321,,2019-03-01,,0.139
AAG6Z2RH,0,0,,,,Censored No Alarm,0,0,0,0,0,1,0.0005508478498086333,,2019-06-01,,0.139
AAG6Z42H,1,0,,2024-11-24,,Missed,0,0,0,0,1,0,0.01832238771021366,,2019-01-05,,0.139
AAG6Z4VH,0,0,,,,Censored No Alarm,0,0,0,0,0,1,0.0010428737150505185,,2019-03-01,,0.139
AAG6Z53H,0,0,,,,Censored No Alarm,0,0,0,0,0,1,0.0015420824056491256,,2019-05-16,,0.139
AAG6ZJ9H,0,0,,,,Censored No Alarm,0,0,0,0,0,1,0.0004118048818781972,,2019-03-01,,0.139
AAG705GH,0,0,,,,Censored No Alarm,0,0,0,0,0,1,0.001126311020925641,,2019-03-01,,0.139
AAG7078H,0,0,,,,Censored No Alarm,0,0,0,0,0,1,0.00774422800168395,,2019-05-04,,0.139
AAG70HDH,0,0,,,,Censored No Alarm,0,0,0,0,0,1,0.0015390495536848903,,2019-01-05,,0.139
AAG70JEH,0,0,,,,Censored No Alarm,0,0,0,0,0,1,0.00939541682600975,,2019-06-01,,0.139
AAG70U9H,0,0,,,,Censored No Alarm,0,0,0,0,0,1,0.006225297227501869,,2019-01-05,,0.139
AAG73ZWH,0,0,,,,Censored No Alarm,0,0,0,0,0,1,0.0016011007828637958,,2019-01-05,,0.139
AAG73ZZH,0,0,,,,Censored No Alarm,0,0,0,0,0,1,0.0011919508688151836,,2019-03-28,,0.139
AAG740EH,0,0,,,,Censored No Alarm,0,0,0,0,0,1,0.0013370603555813432,,2019-01-05,,0.139
AAG740NH,0,0,,,,Censored No Alarm,0,0,0,0,0,1,0.00046929088421165943,,2019-06-01,,0.139
AAG740WH,0,0,,,,Censored No Alarm,0,0,0,0,0,1,0.0006840908317826688,,2019-03-01,,0.139
AAG740YH,0,0,,,,Censored No Alarm,0,0,0,0,0,1,0.0013731425860896707,,2019-03-28,,0.139
AAG741PH,0,0,,,,Censored No Alarm,0,0,0,0,0,1,0.0009685044642537832,,2019-03-28,,0.139
AAG742EH,0,0,,,,Censored No Alarm,0,0,0,0,0,1,0.0016163075342774391,,2019-03-28,,0.139
AAG742JH,0,0,,,,Censored No Alarm,0,0,0,0,0,1,0.00804557278752327,,2019-06-01,,0.139
AAG742WH,0,0,,,,Censored No Alarm,0,0,0,0,0,1,0.0015678171766921878,,2019-01-05,,0.139
AAG7431H,0,0,,,,Censored No Alarm,0,0,0,0,0,1,0.0005893331835977733,,2019-01-05,,0.139
AAG743EH,0,0,,,,Censored No Alarm,0,0,0,0,0,1,0.000890411261934787,,2019-06-01,,0.139
AAG743UH,0,0,,,,Censored No Alarm,0,0,0,0,0,1,0.001422982313670218,,2019-01-05,,0.139
AAG743VH,0,0,,,,Censored No Alarm,0,0,0,0,0,1,0.004418254364281893,,2019-01-05,,0.139
AAG7454H,0,0,,,,Censored No Alarm,0,0,0,0,0,1,0.0008610787335783243,,2019-03-28,,0.139
AAG74DKH,0,0,,,,Censored No Alarm,0,0,0,0,0,1,0.0007648742175661027,,2019-05-04,,0.139
AAG74EAH,1,1,2022-02-03,2025-07-27,1270.0,Early,0,1,0,1,0,0,0.5168095827102661,0.16326332092285156,2019-05-04,1006.0,0.139
AAG74EBH,0,0,,,,Censored No Alarm,0,0,0,0,0,1,0.0013653223868459463,,2019-03-28,,0.139
AAG74EYH,0,0,,,,Censored No Alarm,0,0,0,0,0,1,0.0008386899717152119,,2019-06-01,,0.139
AAG74EZH,0,0,,,,Censored No Alarm,0,0,0,0,0,1,0.0004268378543201834,,2019-06-01,,0.139
AAG74VHH,0,0,,,,Censored No Alarm,0,0,0,0,0,1,0.00052498874720186,,2019-03-01,,0.139
AAG74WRH,0,0,,,,Censored No Alarm,0,0,0,0,0,1,0.0012667580740526319,,2019-06-01,,0.139
AAG76HYH,1,1,2021-08-29,2021-09-29,31.0,Early,0,1,0,1,0,0,0.5546226501464844,0.16015473008155823,2019-03-02,911.0,0.139
AAG77A5H,0,0,,,,Censored No Alarm,0,0,0,0,0,1,0.00037266965955495834,,2019-06-01,,0.139
AAG799NH,0,0,,,,Censored No Alarm,0,0,0,0,0,1,0.0004972378956153989,,2019-03-02,,0.139
AAG79B0H,0,0,,,,Censored No Alarm,0,0,0,0,0,1,0.0012550324900075793,,2019-03-28,,0.139
AAG7A8EH,0,0,,,,Censored No Alarm,0,0,0,0,0,1,0.0007938399212434888,,2019-06-01,,0.139
AAG7A9KH,0,0,,,,Censored No Alarm,0,0,0,0,0,1,0.001231881440617144,,2019-01-05,,0.139
AAG7ADMH,0,0,,,,Censored No Alarm,0,0,0,0,0,1,0.0014993450604379177,,2019-05-16,,0.139
AAG7AGWH,0,0,,,,Censored No Alarm,0,0,0,0,0,1,0.0011126237222924829,,2019-05-04,,0.139
AAG7AHMH,0,0,,,,Censored No Alarm,0,0,0,0,0,1,0.000377478456357494,,2019-06-01,,0.139
AAG7BP3H,0,0,,,,Censored No Alarm,0,0,0,0,0,1,0.0008225885685533285,,2019-06-01,,0.139
AAG7BPKH,0,0,,,,Censored No Alarm,0,0,0,0,0,1,0.0006588936666958034,,2019-06-01,,0.139
AAG7BRGH,0,0,,,,Censored No Alarm,0,0,0,0,0,1,0.0010521544609218836,,2019-01-05,,0.139
AAG7BS8H,0,0,,,,Censored No Alarm,0,0,0,0,0,1,0.0011395300971344113,,2019-03-01,,0.139
AAG7BWAH,0,0,,,,Censored No Alarm,0,0,0,0,0,1,0.0007033213041722775,,2019-03-28,,0.139
AAG7D1SH,0,0,,,,Censored No Alarm,0,0,0,0,0,1,0.001286027836613357,,2019-06-01,,0.139
AAG7D29H,0,0,,,,Censored No Alarm,0,0,0,0,0,1,0.001322051277384162,,2019-03-28,,0.139
AAG7D2PH,0,0,,,,Censored No Alarm,0,0,0,0,0,1,0.00036864427966065705,,2019-06-01,,0.139
AAG7D48H,0,0,,,,Censored No Alarm,0,0,0,0,0,1,0.0010031788842752576,,2019-06-01,,0.139
AAG7D4DH,0,0,,,,Censored No Alarm,0,0,0,0,0,1,0.0009357214439660311,,2019-03-01,,0.139
AAG7D85H,0,0,,,,Censored No Alarm,0,0,0,0,0,1,0.02164267934858799,,2019-06-01,,0.139
AAG7DPYH,0,0,,,,Censored No Alarm,0,0,0,0,0,1,0.002101600170135498,,2019-03-01,,0.139
AAG7DRDH,0,0,,,,Censored No Alarm,0,0,0,0,0,1,0.0005058881943114102,,2019-03-01,,0.139
AAG7DS9H,0,0,,,,Censored No Alarm,0,0,0,0,0,1,0.013935226947069168,,2019-03-01,,0.139
AAG7DW0H,0,0,,,,Censored No Alarm,0,0,0,0,0,1,0.0013390973908826709,,2019-05-04,,0.139
AAG7E1MH,0,0,,,,Censored No Alarm,0,0,0,0,0,1,0.0012442576698958874,,2019-03-01,,0.139
AAG7E1PH,0,0,,,,Censored No Alarm,0,0,0,0,0,1,0.0010285871103405952,,2019-01-05,,0.139
AAG7E2HH,0,0,,,,Censored No Alarm,0,0,0,0,0,1,0.0007574910414405167,,2019-03-02,,0.139
AAG7LG4H,0,0,,,,Censored No Alarm,0,0,0,0,0,1,0.0010040575871244073,,2019-03-01,,0.139
AAG7LG7H,0,0,,,,Censored No Alarm,0,0,0,0,0,1,0.0012440349673852324,,2019-05-16,,0.139
AAG7LHYH,0,0,,,,Censored No Alarm,0,0,0,0,0,1,0.0014494452625513077,,2019-03-28,,0.139
AAG7LNAH,0,0,,,,Censored No Alarm,0,0,0,0,0,1,0.00045462200068868697,,2019-06-01,,0.139
AAG7LSWH,0,0,,,,Censored No Alarm,0,0,0,0,0,1,0.0008431719616055489,,2019-01-05,,0.139
AAG7LTHH,1,0,,2024-07-29,,Missed,0,0,0,0,1,0,0.1044764593243599,,2019-03-28,,0.139
AAG7LZEH,0,0,,,,Censored No Alarm,0,0,0,0,0,1,0.0005086564342491329,,2019-03-02,,0.139
AAG7M25H,0,0,,,,Censored No Alarm,0,0,0,0,0,1,0.0008166766492649913,,2019-06-01,,0.139
AAG7M3NH,0,0,,,,Censored No Alarm,0,0,0,0,0,1,0.001242578960955143,,2019-06-01,,0.139
AAG7M3TH,0,0,,,,Censored No Alarm,0,0,0,0,0,1,0.0013538928469642997,,2019-03-28,,0.139
AAG7MMDH,0,0,,,,Censored No Alarm,0,0,0,0,0,1,0.001579026342369616,,2019-05-16,,0.139
AAG7MP8H,0,0,,,,Censored No Alarm,0,0,0,0,0,1,0.0006788361351937056,,2019-06-01,,0.139
AAG7MULH,1,1,2026-01-13,2026-03-13,59.0,Early,0,1,0,1,0,0,0.5046063661575317,0.143007293343544,2019-03-02,2509.0,0.139
AAG7MUNH,0,0,,,,Censored No Alarm,0,0,0,0,0,1,0.013159473426640034,,2019-06-01,,0.139
AAG7MVMH,0,0,,,,Censored No Alarm,0,0,0,0,0,1,0.0007404095958918333,,2019-03-02,,0.139
AAG7N3ZH,0,0,,,,Censored No Alarm,0,0,0,0,0,1,0.0011224123882129788,,2019-03-28,,0.139
AAG7N5WH,0,0,,,,Censored No Alarm,0,0,0,0,0,1,0.0013291200157254934,,2019-03-28,,0.139
AAG7N62H,0,0,,,,Censored No Alarm,0,0,0,0,0,1,0.00046125284279696643,,2019-06-01,,0.139
AAG7N63H,0,0,,,,Censored No Alarm,0,0,0,0,0,1,0.0007918121409602463,,2019-03-28,,0.139
AAG7N6MH,0,0,,,,Censored No Alarm,0,0,0,0,0,1,0.0010963503737002611,,2019-05-04,,0.139
AAG7PPHH,1,0,,2025-10-28,,Missed,0,0,0,0,1,0,0.01304616592824459,,2019-03-02,,0.139
AAG7R02H,0,0,,,,Censored No Alarm,0,0,0,0,0,1,0.0012344644637778401,,2019-06-01,,0.139
AAG7R5VH,0,0,,,,Censored No Alarm,0,0,0,0,0,1,0.00046587694669142365,,2019-06-01,,0.139
AAG7R93H,0,0,,,,Censored No Alarm,0,0,0,0,0,1,0.001802336541004479,,2019-06-01,,0.139
AAG7RA1H,0,0,,,,Censored No Alarm,0,0,0,0,0,1,0.0015012422809377313,,2019-01-05,,0.139
AAG7RAMH,0,0,,,,Censored No Alarm,0,0,0,0,0,1,0.0006140445475466549,,2019-03-02,,0.139
AAG7RBDH,0,0,,,,Censored No Alarm,0,0,0,0,0,1,0.0013675999362021685,,2019-05-04,,0.139
AAG90D8H,0,0,,,,Censored No Alarm,0,0,0,0,0,1,0.001259255106560886,,2019-05-04,,0.139
AAG9VK6H,0,0,,,,Censored No Alarm,0,0,0,0,0,1,0.0005335036548785865,,2019-03-02,,0.139
AAGA4YNH,0,0,,,,Censored No Alarm,0,0,0,0,0,1,0.0007699797861278057,,2019-06-01,,0.139
AAGA7W1H,1,0,,2023-04-11,,Missed,0,0,0,0,1,0,0.08077306300401688,,2019-03-01,,0.139
AAGA9E3H,0,0,,,,Censored No Alarm,0,0,0,0,0,1,0.001292031491175294,,2019-05-04,,0.139
AAGH3VWH,0,0,,,,Censored No Alarm,0,0,0,0,0,1,0.0032868545968085527,,2019-05-27,,0.139
AAGMU4TH,0,0,,,,Censored No Alarm,0,0,0,0,0,1,0.0012408220209181309,,2019-05-04,,0.139
AAGN9D2H,1,0,,2023-09-17,,Missed,0,0,0,0,1,0,0.0008333391160704195,,2019-05-04,,0.139
AAGP62KH,0,0,,,,Censored No Alarm,0,0,0,0,0,1,0.0021395282819867134,,2019-06-01,,0.139
AAGUS87H,0,0,,,,Censored No Alarm,0,0,0,0,0,1,0.0007543402607552707,,2019-08-14,,0.139
AAGVX4UH,0,0,,,,Censored No Alarm,0,0,0,0,0,1,0.0005749478004872799,,2019-05-04,,0.139
AAGWTB0H,0,0,,,,Censored No Alarm,0,0,0,0,0,1,0.07086748629808426,,2019-06-01,,0.139
AAGXDBZH,0,1,2023-08-07,,,Censored Early,0,0,1,1,0,0,0.4460204541683197,0.15667447447776794,2019-05-16,1544.0,0.139
AAGXLP2H,0,0,,,,Censored No Alarm,0,0,0,0,0,1,0.0012547128135338426,,2019-06-01,,0.139
AAGXMJSH,0,0,,,,Censored No Alarm,0,0,0,0,0,1,0.0011719564208760858,,2019-05-04,,0.139
AAGXU8YH,0,0,,,,Censored No Alarm,0,0,0,0,0,1,0.0014813076704740524,,2019-05-16,,0.139
AAGXUBRH,0,0,,,,Censored No Alarm,0,0,0,0,0,1,0.0011943898862227798,,2019-05-04,,0.139
AAGXV97H,0,0,,,,Censored No Alarm,0,0,0,0,0,1,0.001951380749233067,,2024-03-13,,0.139
AAGXW8VH,0,0,,,,Censored No Alarm,0,0,0,0,0,1,0.0010174908675253391,,2019-08-14,,0.139
AAGXWUWH,0,0,,,,Censored No Alarm,0,0,0,0,0,1,0.0011633166577666998,,2019-05-04,,0.139
AAGXY3MH,1,0,,2025-04-09,,Missed,0,0,0,0,1,0,0.0070594255812466145,,2019-05-16,,0.139
AAH22T7H,0,0,,,,Censored No Alarm,0,0,0,0,0,1,0.0549112893640995,,2019-05-04,,0.139
AAH4NTGH,0,0,,,,Censored No Alarm,0,0,0,0,0,1,0.0013013745192438364,,2019-05-04,,0.139
AAH6DU2H,0,1,2024-11-28,,,Censored Early,0,0,1,1,0,0,0.25719162821769714,0.17166773974895477,2019-08-14,1933.0,0.139
AAH78SAH,0,0,,,,Censored No Alarm,0,0,0,0,0,1,0.0008526161545887589,,2019-05-04,,0.139
AAH7HJSH,0,0,,,,Censored No Alarm,0,0,0,0,0,1,0.0011292342096567154,,2019-05-04,,0.139
AAH7HKHH,0,0,,,,Censored No Alarm,0,0,0,0,0,1,0.0012021505972370505,,2019-05-04,,0.139
AAH7HNDH,0,0,,,,Censored No Alarm,0,0,0,0,0,1,0.0010706440079957247,,2019-05-04,,0.139
AAH7X19H,0,0,,,,Censored No Alarm,0,0,0,0,0,1,0.0008601766894571483,,2019-05-04,,0.139
AAH86SEH,0,0,,,,Censored No Alarm,0,0,0,0,0,1,0.0008603192400187254,,2019-05-04,,0.139
AAH8BLDH,0,0,,,,Censored No Alarm,0,0,0,0,0,1,0.0011056367075070739,,2019-05-04,,0.139
AAH8HPVH,0,0,,,,Censored No Alarm,0,0,0,0,0,1,0.03412771597504616,,2019-05-04,,0.139
AAH8LPUH,0,0,,,,Censored No Alarm,0,0,0,0,0,1,0.0014153786469250917,,2019-05-04,,0.139
AAH8P7WH,0,0,,,,Censored No Alarm,0,0,0,0,0,1,0.0006195357418619096,,2019-05-27,,0.139
AAH8R0LH,0,0,,,,Censored No Alarm,0,0,0,0,0,1,0.0013790630036965013,,2019-05-04,,0.139
AAH8RG4H,0,0,,,,Censored No Alarm,0,0,0,0,0,1,0.0016664506401866674,,2019-05-04,,0.139
AAH8V76H,0,0,,,,Censored No Alarm,0,0,0,0,0,1,0.0010315959807485342,,2019-05-04,,0.139
AAH8V7KH,0,0,,,,Censored No Alarm,0,0,0,0,0,1,0.001120973494835198,,2019-05-04,,0.139
AAH90NAH,1,0,,2023-04-19,,Missed,0,0,0,0,1,0,0.030256515368819237,,2019-05-04,,0.139
AAH919BH,0,0,,,,Censored No Alarm,0,0,0,0,0,1,0.0013717336114495993,,2019-05-04,,0.139
AAH9285H,0,0,,,,Censored No Alarm,0,0,0,0,0,1,0.0008557816036045551,,2019-05-04,,0.139
AAH92GHH,0,0,,,,Censored No Alarm,0,0,0,0,0,1,0.0010660553816705942,,2019-05-04,,0.139
AAH92HRH,0,0,,,,Censored No Alarm,0,0,0,0,0,1,0.0008381330990232527,,2019-05-04,,0.139
AAH92JGH,0,0,,,,Censored No Alarm,0,0,0,0,0,1,0.0020174041856080294,,2019-05-04,,0.139
AAH92V3H,0,0,,,,Censored No Alarm,0,0,0,0,0,1,0.000637985416688025,,2019-05-04,,0.139
AAH9301H,1,0,,2023-12-23,,Missed,0,0,0,0,1,0,0.0816047340631485,,2019-05-04,,0.139
AAH9305H,0,0,,,,Censored No Alarm,0,0,0,0,0,1,0.0013026597443968058,,2019-05-04,,0.139
AAH9307H,1,0,,2023-04-09,,Missed,0,0,0,0,1,0,0.0012443691957741976,,2019-05-04,,0.139
AAH93MDH,0,0,,,,Censored No Alarm,0,0,0,0,0,1,0.037684716284275055,,2019-05-04,,0.139
AAH93RZH,0,0,,,,Censored No Alarm,0,0,0,0,0,1,0.0011180024594068527,,2019-05-04,,0.139
AAH953TH,0,0,,,,Censored No Alarm,0,0,0,0,0,1,0.0013934166636317968,,2019-05-04,,0.139
AAH9618H,0,0,,,,Censored No Alarm,0,0,0,0,0,1,0.0014154372038319707,,2019-05-04,,0.139
AAH9689H,0,0,,,,Censored No Alarm,0,0,0,0,0,1,0.0005630562081933022,,2019-05-04,,0.139
AAH96AUH,0,0,,,,Censored No Alarm,0,0,0,0,0,1,0.006296334322541952,,2019-05-04,,0.139
AAH97BZH,0,1,2025-06-26,,,Censored Early,0,0,1,1,0,0,0.22073513269424438,0.13948099315166473,2019-05-04,2245.0,0.139
AAH99PNH,0,0,,,,Censored No Alarm,0,0,0,0,0,1,0.0006396274548023939,,2019-05-04,,0.139
AAH9BERH,0,0,,,,Censored No Alarm,0,0,0,0,0,1,0.0009750475874170661,,2019-05-04,,0.139
AAHAS1MH,0,0,,,,Censored No Alarm,0,0,0,0,0,1,0.0007094584289006889,,2019-05-27,,0.139
AAHAS9TH,0,0,,,,Censored No Alarm,0,0,0,0,0,1,0.0007597502553835511,,2019-05-27,,0.139
AAHB6YXH,0,0,,,,Censored No Alarm,0,0,0,0,0,1,0.0005337834008969367,,2019-05-27,,0.139
AAHB8Z9H,0,0,,,,Censored No Alarm,0,0,0,0,0,1,0.0008004404953680933,,2019-05-27,,0.139
AAHBKUHH,0,0,,,,Censored No Alarm,0,0,0,0,0,1,0.0006661141524091363,,2019-05-27,,0.139
AAHD7S9H,0,0,,,,Censored No Alarm,0,0,0,0,0,1,0.001160970306955278,,2019-05-19,,0.139
AAHDJD5H,0,0,,,,Censored No Alarm,0,0,0,0,0,1,0.0010814396664500237,,2019-05-27,,0.139
AAHDJDSH,0,0,,,,Censored No Alarm,0,0,0,0,0,1,0.0004242115537635982,,2019-05-27,,0.139
AAHDJH3H,0,0,,,,Censored No Alarm,0,0,0,0,0,1,0.0003784322179853916,,2019-05-27,,0.139
AAHDUS5H,0,0,,,,Censored No Alarm,0,0,0,0,0,1,0.0006420252611860633,,2019-05-27,,0.139
AAHDUT6H,0,0,,,,Censored No Alarm,0,0,0,0,0,1,0.0006622326909564435,,2019-05-27,,0.139
AAHDYR0H,0,0,,,,Censored No Alarm,0,0,0,0,0,1,0.0006003939197398722,,2019-05-27,,0.139
AAHE23AH,0,0,,,,Censored No Alarm,0,0,0,0,0,1,0.00031938866595737636,,2019-05-27,,0.139
AAHE4SAH,0,0,,,,Censored No Alarm,0,0,0,0,0,1,0.0004799123271368444,,2019-05-27,,0.139
AAHEAGWH,0,0,,,,Censored No Alarm,0,0,0,0,0,1,0.001491281553171575,,2019-05-27,,0.139
AAHEAHLH,0,0,,,,Censored No Alarm,0,0,0,0,0,1,0.0004711582441814244,,2019-05-27,,0.139
AAHED32H,0,0,,,,Censored No Alarm,0,0,0,0,0,1,0.0004938601050525904,,2019-05-27,,0.139
AAHED3GH,0,0,,,,Censored No Alarm,0,0,0,0,0,1,0.028191056102514267,,2019-05-27,,0.139
AAHED8NH,0,0,,,,Censored No Alarm,0,0,0,0,0,1,0.00032066370476968586,,2019-05-27,,0.139
AAHED98H,0,0,,,,Censored No Alarm,0,0,0,0,0,1,0.0006943643093109131,,2019-05-27,,0.139
AAHEEVKH,0,0,,,,Censored No Alarm,0,0,0,0,0,1,0.0005658473819494247,,2019-05-27,,0.139
AAHEHEEH,0,0,,,,Censored No Alarm,0,0,0,0,0,1,0.0003532295813784003,,2019-05-27,,0.139
AAHEHHMH,0,0,,,,Censored No Alarm,0,0,0,0,0,1,0.0003239076759200543,,2019-05-27,,0.139
AAHEHJ0H,0,0,,,,Censored No Alarm,0,0,0,0,0,1,0.0007492693257518113,,2019-06-01,,0.139
AAHEHJ1H,0,0,,,,Censored No Alarm,0,0,0,0,0,1,0.00037070346297696233,,2019-05-27,,0.139
AAHEHL5H,0,0,,,,Censored No Alarm,0,0,0,0,0,1,0.0009698170470073819,,2019-05-27,,0.139
AAHEHP8H,0,0,,,,Censored No Alarm,0,0,0,0,0,1,0.0013442820636555552,,2019-05-27,,0.139
AAHEHRSH,0,0,,,,Censored No Alarm,0,0,0,0,0,1,0.0005291987326927483,,2019-05-27,,0.139
AAHEHS0H,0,0,,,,Censored No Alarm,0,0,0,0,0,1,0.0004353393451310694,,2019-05-27,,0.139
AAHEHTDH,0,0,,,,Censored No Alarm,0,0,0,0,0,1,0.0006860789144411683,,2019-05-27,,0.139
AAHEHTNH,0,0,,,,Censored No Alarm,0,0,0,0,0,1,0.0005751842982135713,,2019-05-27,,0.139
AAHEHTPH,0,0,,,,Censored No Alarm,0,0,0,0,0,1,0.00046328315511345863,,2019-05-27,,0.139
AAHEHVUH,0,0,,,,Censored No Alarm,0,0,0,0,0,1,0.0008703860221430659,,2019-05-27,,0.139
AAHEHY7H,0,0,,,,Censored No Alarm,0,0,0,0,0,1,0.00036182813346385956,,2019-05-27,,0.139
AAHEHZ2H,0,0,,,,Censored No Alarm,0,0,0,0,0,1,0.0005565183819271624,,2019-05-27,,0.139
AAHEHZPH,0,0,,,,Censored No Alarm,0,0,0,0,0,1,0.0005188165814615786,,2019-05-27,,0.139
AAHEHZXH,0,0,,,,Censored No Alarm,0,0,0,0,0,1,0.001081255730241537,,2019-05-27,,0.139
AAHEJ43H,0,0,,,,Censored No Alarm,0,0,0,0,0,1,0.0005048210150562227,,2019-05-27,,0.139
AAHEJ4KH,0,0,,,,Censored No Alarm,0,0,0,0,0,1,0.0006015498074702919,,2019-05-27,,0.139
AAHEJ76H,0,0,,,,Censored No Alarm,0,0,0,0,0,1,0.0006481882301159203,,2019-05-27,,0.139
AAHEJDXH,0,0,,,,Censored No Alarm,0,0,0,0,0,1,0.0020939360838383436,,2019-05-27,,0.139
AAHEJE4H,0,0,,,,Censored No Alarm,0,0,0,0,0,1,0.0007224548608064651,,2019-05-27,,0.139
AAHEJHKH,0,0,,,,Censored No Alarm,0,0,0,0,0,1,0.00047903755330480635,,2019-05-27,,0.139
AAHGYKJH,1,0,,2024-07-24,,Missed,0,0,0,0,1,0,0.004485939163714647,,2019-08-13,,0.139
AAHH59AH,0,0,,,,Censored No Alarm,0,0,0,0,0,1,0.0009567714878357947,,2019-08-14,,0.139
AAHHAXAH,0,0,,,,Censored No Alarm,0,0,0,0,0,1,0.0005979360430501401,,2019-08-13,,0.139
AAHHXJ2H,0,0,,,,Censored No Alarm,0,0,0,0,0,1,0.0010411732364445925,,2019-08-13,,0.139
AAHJG5XH,0,0,,,,Censored No Alarm,0,0,0,0,0,1,0.001910230377689004,,2019-08-14,,0.139
AAHJP8BH,0,0,,,,Censored No Alarm,0,0,0,0,0,1,0.030919792130589485,,2019-06-01,,0.139
AAHK5PUH,0,0,,,,Censored No Alarm,0,0,0,0,0,1,0.019951224327087402,,2019-06-01,,0.139
AAHK8NRH,0,0,,,,Censored No Alarm,0,0,0,0,0,1,0.0010773881804198027,,2019-08-13,,0.139
AAHKERJH,1,0,,2026-01-13,,Missed,0,0,0,0,1,0,0.08763764053583145,,2019-08-13,,0.139
AAHKKR8H,0,0,,,,Censored No Alarm,0,0,0,0,0,1,0.001230128575116396,,2019-08-14,,0.139
AAHKLDKH,0,0,,,,Censored No Alarm,0,0,0,0,0,1,0.0012527102371677756,,2019-06-01,,0.139
AAHKM55H,1,0,,2025-03-25,,Missed,0,0,0,0,1,0,0.044463012367486954,,2019-08-14,,0.139
AAHKMW2H,1,0,,2022-01-12,,Missed,0,0,0,0,1,0,0.0010139771038666368,,2019-06-01,,0.139
AAHKS17H,1,0,,2025-07-07,,Missed,0,0,0,0,1,0,0.10970712453126907,,2019-06-01,,0.139
AAHKWLAH,0,1,2025-04-29,,,Censored Early,0,0,1,1,0,0,0.35299497842788696,0.14511212706565857,2019-08-14,2085.0,0.139
AAHKX43H,1,0,,2019-11-25,,Missed,0,0,0,0,1,0,0.04868600144982338,,2019-08-14,,0.139
AAHKXKYH,0,0,,,,Censored No Alarm,0,0,0,0,0,1,0.02232515998184681,,2019-08-13,,0.139
AAHKXLYH,0,0,,,,Censored No Alarm,0,0,0,0,0,1,0.0006981465267017484,,2019-08-14,,0.139
AAHKXNHH,0,0,,,,Censored No Alarm,0,0,0,0,0,1,0.01821967586874962,,2019-08-14,,0.139
AAHKXZ7H,0,0,,,,Censored No Alarm,0,0,0,0,0,1,0.000479786132927984,,2019-08-14,,0.139
AAHKYETH,0,0,,,,Censored No Alarm,0,0,0,0,0,1,0.0016194399213418365,,2019-05-16,,0.139
AAHL0PKH,0,0,,,,Censored No Alarm,0,0,0,0,0,1,0.0011091786436736584,,2019-08-13,,0.139
AAHL0TLH,0,0,,,,Censored No Alarm,0,0,0,0,0,1,0.017477741464972496,,2019-06-01,,0.139
AAHL4K8H,0,0,,,,Censored No Alarm,0,0,0,0,0,1,0.001157243736088276,,2019-05-16,,0.139
AAHL5LRH,1,0,,2024-09-01,,Missed,0,0,0,0,1,0,0.09610165655612946,,2019-08-13,,0.139
AAHL9A9H,0,0,,,,Censored No Alarm,0,0,0,0,0,1,0.040824372321367264,,2019-08-13,,0.139
AAHL9XJH,0,0,,,,Censored No Alarm,0,0,0,0,0,1,0.014686890877783298,,2019-08-14,,0.139
AAHL9XLH,0,0,,,,Censored No Alarm,0,0,0,0,0,1,0.0011344796512275934,,2019-08-14,,0.139
AAHL9Y3H,0,0,,,,Censored No Alarm,0,0,0,0,0,1,0.0008417450590059161,,2019-08-14,,0.139
AAHL9YAH,0,0,,,,Censored No Alarm,0,0,0,0,0,1,0.0005012418841943145,,2019-08-14,,0.139
AAHL9ZYH,0,0,,,,Censored No Alarm,0,0,0,0,0,1,0.0009493441903032362,,2019-08-14,,0.139
AAHLBTZH,1,1,2025-06-20,2025-07-26,36.0,Early,0,1,0,1,0,0,0.18633462488651276,0.14167876541614532,2019-08-14,2137.0,0.139
AAHLBWGH,1,1,2025-08-13,2025-08-30,17.0,On time,1,0,0,0,0,0,0.4595029056072235,0.14166967570781708,2019-08-14,2191.0,0.139
AAHLBWSH,1,0,,2023-12-11,,Missed,0,0,0,0,1,0,0.08240243047475815,,2019-08-13,,0.139
AAHLBXVH,0,0,,,,Censored No Alarm,0,0,0,0,0,1,0.024867963045835495,,2019-08-14,,0.139
AAHLD3UH,1,0,,2025-03-11,,Missed,0,0,0,0,1,0,0.07754375785589218,,2019-08-13,,0.139
AAHLS5JH,0,0,,,,Censored No Alarm,0,0,0,0,0,1,0.0015555567806586623,,2019-05-16,,0.139
AAHLS7ZH,0,0,,,,Censored No Alarm,0,0,0,0,0,1,0.0007890065317042172,,2019-05-16,,0.139
AAHLS8YH,0,0,,,,Censored No Alarm,0,0,0,0,0,1,0.009747281670570374,,2019-05-16,,0.139
AAHLS9UH,0,0,,,,Censored No Alarm,0,0,0,0,0,1,0.001050870749168098,,2019-05-16,,0.139
AAHLV30H,0,0,,,,Censored No Alarm,0,0,0,0,0,1,0.0008236427092924714,,2019-05-16,,0.139
AAHLV40H,1,0,,2019-08-05,,Missed,0,0,0,0,1,0,0.0939948782324791,,2019-05-16,,0.139
AAHLV47H,0,0,,,,Censored No Alarm,0,0,0,0,0,1,0.0010889631230384111,,2019-05-16,,0.139
AAHLVTVH,0,0,,,,Censored No Alarm,0,0,0,0,0,1,0.0010607080766931176,,2019-05-27,,0.139
AAHLWE3H,0,0,,,,Censored No Alarm,0,0,0,0,0,1,0.0005643830518238246,,2019-05-27,,0.139
AAHLWKXH,0,0,,,,Censored No Alarm,0,0,0,0,0,1,0.0014099166728556156,,2019-05-16,,0.139
AAHLWM3H,0,0,,,,Censored No Alarm,0,0,0,0,0,1,0.0012730755843222141,,2019-05-27,,0.139
AAHLXJ1H,0,0,,,,Censored No Alarm,0,0,0,0,0,1,0.010053218342363834,,2019-05-04,,0.139
AAHLXJ9H,0,0,,,,Censored No Alarm,0,0,0,0,0,1,0.0010538387577980757,,2019-05-04,,0.139
AAHLXL5H,0,0,,,,Censored No Alarm,0,0,0,0,0,1,0.0008594257524237037,,2019-08-13,,0.139
AAHLXTXH,0,0,,,,Censored No Alarm,0,0,0,0,0,1,0.036434825509786606,,2019-05-16,,0.139
AAHLY01H,0,0,,,,Censored No Alarm,0,0,0,0,0,1,0.0004043088119942695,,2019-05-27,,0.139
AAHLY04H,0,0,,,,Censored No Alarm,0,0,0,0,0,1,0.0011340592755004764,,2019-05-04,,0.139
AAHLY2TH,0,0,,,,Censored No Alarm,0,0,0,0,0,1,0.0009758570813573897,,2019-05-27,,0.139
AAHLY31H,1,1,2024-11-27,2025-07-25,240.0,Early,0,1,0,1,0,0,0.29557785391807556,0.15143316984176636,2019-08-13,1933.0,0.139
AAHLYJRH,0,0,,,,Censored No Alarm,0,0,0,0,0,1,0.0008798032067716122,,2019-05-27,,0.139
AAHLYY6H,0,0,,,,Censored No Alarm,0,0,0,0,0,1,0.0015191662823781371,,2019-05-16,,0.139
AAHM227H,0,0,,,,Censored No Alarm,0,0,0,0,0,1,0.004020686727017164,,2019-08-13,,0.139
AAHM4E6H,0,0,,,,Censored No Alarm,0,0,0,0,0,1,0.000396535120671615,,2019-05-27,,0.139
AAHM4HSH,0,0,,,,Censored No Alarm,0,0,0,0,0,1,0.0010749563807621598,,2019-05-04,,0.139
AAHM4KJH,0,0,,,,Censored No Alarm,0,0,0,0,0,1,0.0011161380680277944,,2019-08-13,,0.139
AAHM4S6H,0,0,,,,Censored No Alarm,0,0,0,0,0,1,0.001040938193909824,,2019-05-04,,0.139
AAHM4S8H,0,0,,,,Censored No Alarm,0,0,0,0,0,1,0.0010681520216166973,,2019-05-04,,0.139
AAHM4SSH,0,0,,,,Censored No Alarm,0,0,0,0,0,1,0.0013935646275058389,,2019-05-04,,0.139
AAHM4T2H,0,0,,,,Censored No Alarm,0,0,0,0,0,1,0.0010914806043729186,,2019-05-04,,0.139
AAHM4T6H,0,0,,,,Censored No Alarm,0,0,0,0,0,1,0.0007354592671617866,,2019-08-13,,0.139
AAHM4TRH,0,0,,,,Censored No Alarm,0,0,0,0,0,1,0.0005756326718255877,,2019-08-13,,0.139
AAHM4UYH,0,0,,,,Censored No Alarm,0,0,0,0,0,1,0.0010978998616337776,,2019-05-04,,0.139
AAHM4WBH,0,0,,,,Censored No Alarm,0,0,0,0,0,1,0.0007281510625034571,,2019-05-16,,0.139
AAHM4WEH,0,0,,,,Censored No Alarm,0,0,0,0,0,1,0.0010804134653881192,,2019-05-04,,0.139
AAHM4XGH,0,0,,,,Censored No Alarm,0,0,0,0,0,1,0.0009916835697367787,,2019-08-14,,0.139
AAHM5Z4H,0,0,,,,Censored No Alarm,0,0,0,0,0,1,0.0011096441885456443,,2019-05-04,,0.139
AAHM5Z9H,0,0,,,,Censored No Alarm,0,0,0,0,0,1,0.017487293109297752,,2019-05-04,,0.139
AAHM5ZHH,0,0,,,,Censored No Alarm,0,0,0,0,0,1,0.0007199111860245466,,2019-05-04,,0.139
AAHMD6GH,0,0,,,,Censored No Alarm,0,0,0,0,0,1,0.0008519997936673462,,2019-05-04,,0.139
AAHME7KH,0,0,,,,Censored No Alarm,0,0,0,0,0,1,0.0014261994510889053,,2019-05-16,,0.139
AAHMGV8H,0,0,,,,Censored No Alarm,0,0,0,0,0,1,0.0005538371624425054,,2019-05-27,,0.139
AAHMH4LH,0,0,,,,Censored No Alarm,0,0,0,0,0,1,0.000710926775354892,,2019-05-04,,0.139
AAHML65H,0,0,,,,Censored No Alarm,0,0,0,0,0,1,0.0014833557652309537,,2019-05-16,,0.139
AAHMN38H,0,0,,,,Censored No Alarm,0,0,0,0,0,1,0.0014158624690026045,,2019-05-16,,0.139
AAHMR03H,1,1,2025-11-13,2025-11-26,13.0,On time,1,0,0,0,0,0,0.2977532744407654,0.18564745783805847,2019-05-16,2373.0,0.139
AAHMR2ZH,1,0,,2024-01-31,,Missed,0,0,0,0,1,0,0.0014245781349018216,,2019-05-16,,0.139
AAHMSNRH,0,0,,,,Censored No Alarm,0,0,0,0,0,1,0.0014062216505408287,,2019-05-16,,0.139
AAHMUYLH,0,0,,,,Censored No Alarm,0,0,0,0,0,1,0.001201308099552989,,2019-05-16,,0.139
AAHMW6RH,0,0,,,,Censored No Alarm,0,0,0,0,0,1,0.0012504655169323087,,2019-05-16,,0.139
AAHMW7NH,0,0,,,,Censored No Alarm,0,0,0,0,0,1,0.001275931834243238,,2019-05-16,,0.139
