serial_number,has_failed,alarm_triggered,first_alarm_date,actual_failure_date,days_to_failure_at_alarm,category,is_hit,is_fp_early,is_fp_cens,is_false_alarm,is_miss,is_correct_rejection,max_predicted_score,alarm_predicted_score,first_seen_date,days_since_observed,threshold_used
2AG61PSY,0,0,,,,Censored No Alarm,0,0,0,0,0,1,0.0012265279656276107,,2019-05-27,,0.168
2AG8AVRY,0,0,,,,Censored No Alarm,0,0,0,0,0,1,0.0019443468190729618,,2019-08-14,,0.168
2AGEGU7Y,0,0,,,,Censored No Alarm,0,0,0,0,0,1,0.002804577350616455,,2019-05-27,,0.168
2AGEU1JY,0,1,2025-05-19,,,Censored Early,0,0,1,1,0,0,0.2663082182407379,0.2162991315126419,2019-06-01,2179.0,0.168
2AGG48NY,0,0,,,,Censored No Alarm,0,0,0,0,0,1,0.0006754649220965803,,2019-05-27,,0.168
2AGG7H1Y,0,0,,,,Censored No Alarm,0,0,0,0,0,1,0.0008982298313640058,,2019-05-27,,0.168
2AGGHGJY,1,0,,2024-11-19,,Missed,0,0,0,0,1,0,0.147190123796463,,2019-05-16,,0.168
2AGGHLEY,0,0,,,,Censored No Alarm,0,0,0,0,0,1,0.001212329720146954,,2019-06-01,,0.168
2AGGHM0Y,0,0,,,,Censored No Alarm,0,0,0,0,0,1,0.0009759082458913326,,2019-05-27,,0.168
2AGGHMUY,0,0,,,,Censored No Alarm,0,0,0,0,0,1,0.002455230802297592,,2019-05-16,,0.168
2AGGHR1Y,0,0,,,,Censored No Alarm,0,0,0,0,0,1,0.006078300066292286,,2019-05-27,,0.168
2AGGHR7Y,0,0,,,,Censored No Alarm,0,0,0,0,0,1,0.0009268452995456755,,2019-05-27,,0.168
2AGGL0UY,1,1,2022-02-26,2022-02-27,1.0,On time,1,0,0,0,0,0,0.2590268850326538,0.17510156333446503,2019-05-27,1006.0,0.168
2AGGR3NY,0,0,,,,Censored No Alarm,0,0,0,0,0,1,0.034626543521881104,,2019-05-27,,0.168
2AGGZNJY,0,0,,,,Censored No Alarm,0,0,0,0,0,1,0.0032841877546161413,,2019-05-27,,0.168
2AGH31BY,1,0,,2023-11-01,,Missed,0,0,0,0,1,0,0.07427042722702026,,2019-05-27,,0.168
2AGH31PY,1,0,,2024-11-18,,Missed,0,0,0,0,1,0,0.07153524458408356,,2019-05-27,,0.168
2AGH33SY,1,1,2025-02-22,2025-05-08,75.0,Early,0,1,0,1,0,0,0.4021121859550476,0.17070823907852173,2019-05-27,2098.0,0.168
2AGH34HY,0,0,,,,Censored No Alarm,0,0,0,0,0,1,0.09384898841381073,,2019-05-27,,0.168
2AGH34PY,0,0,,,,Censored No Alarm,0,0,0,0,0,1,0.0011812110897153616,,2019-05-27,,0.168
2AGH35GY,0,0,,,,Censored No Alarm,0,0,0,0,0,1,0.0011241232277825475,,2019-05-27,,0.168
2AGHB9XY,1,0,,2024-12-02,,Missed,0,0,0,0,1,0,0.051196224987506866,,2019-05-27,,0.168
2AGHDYHY,0,0,,,,Censored No Alarm,0,0,0,0,0,1,0.0030348487198352814,,2019-05-27,,0.168
2AGHEP9Y,1,0,,2024-07-26,,Missed,0,0,0,0,1,0,0.029920581728219986,,2019-05-27,,0.168
2AGHGR1Y,0,0,,,,Censored No Alarm,0,0,0,0,0,1,0.002518679480999708,,2019-05-27,,0.168
2AGHGRLY,0,0,,,,Censored No Alarm,0,0,0,0,0,1,0.0008714433060958982,,2019-05-27,,0.168
2AGHGRRY,0,0,,,,Censored No Alarm,0,0,0,0,0,1,0.001531439833343029,,2019-05-27,,0.168
2AGHJD4Y,0,1,2025-08-13,,,Censored Early,0,0,1,1,0,0,0.3962925374507904,0.17168499529361725,2019-06-01,2265.0,0.168
2AGHK55Y,0,0,,,,Censored No Alarm,0,0,0,0,0,1,0.0008688423549756408,,2019-05-27,,0.168
2AGHK8MY,0,0,,,,Censored No Alarm,0,0,0,0,0,1,0.0011659885058179498,,2019-05-27,,0.168
2AGHLEUY,1,0,,2023-11-06,,Missed,0,0,0,0,1,0,0.03171350061893463,,2019-05-27,,0.168
2AGHLGTY,1,1,2025-02-28,2025-08-05,158.0,Early,0,1,0,1,0,0,0.21773281693458557,0.20302271842956543,2019-05-27,2104.0,0.168
2AGHLKHY,0,0,,,,Censored No Alarm,0,0,0,0,0,1,0.002489669481292367,,2019-05-27,,0.168
2AGHLMXY,0,0,,,,Censored No Alarm,0,0,0,0,0,1,0.0015812034253031015,,2019-05-27,,0.168
2AGHLN0Y,0,0,,,,Censored No Alarm,0,0,0,0,0,1,0.0012140115723013878,,2019-05-27,,0.168
2AGHMUTY,0,0,,,,Censored No Alarm,0,0,0,0,0,1,0.0009050924563780427,,2019-05-27,,0.168
2AGHMUYY,0,0,,,,Censored No Alarm,0,0,0,0,0,1,0.003517613746225834,,2019-06-01,,0.168
2AGHMW5Y,0,0,,,,Censored No Alarm,0,0,0,0,0,1,0.05722452327609062,,2019-05-27,,0.168
2AGHMXGY,1,0,,2023-05-14,,Missed,0,0,0,0,1,0,0.01914169266819954,,2019-05-27,,0.168
2AGHMYTY,0,0,,,,Censored No Alarm,0,0,0,0,0,1,0.08086767792701721,,2019-05-27,,0.168
2AGHMZMY,0,0,,,,Censored No Alarm,0,0,0,0,0,1,0.0009404849261045456,,2019-05-27,,0.168
2AGHN0TY,1,1,2020-09-14,2020-10-22,38.0,Early,0,1,0,1,0,0,0.40485769510269165,0.1833634227514267,2019-05-27,476.0,0.168
2AGHN0WY,0,0,,,,Censored No Alarm,0,0,0,0,0,1,0.003609280101954937,,2019-05-27,,0.168
2AGHN16Y,0,0,,,,Censored No Alarm,0,0,0,0,0,1,0.0026585636660456657,,2019-05-27,,0.168
2AGHN2AY,0,0,,,,Censored No Alarm,0,0,0,0,0,1,0.0008432937320321798,,2019-05-27,,0.168
2AGHN3XY,0,0,,,,Censored No Alarm,0,0,0,0,0,1,0.0029405553359538317,,2019-05-27,,0.168
2AGHPDKY,0,0,,,,Censored No Alarm,0,0,0,0,0,1,0.0010488289408385754,,2019-05-27,,0.168
2AGHSJ4Y,0,0,,,,Censored No Alarm,0,0,0,0,0,1,0.000717483926564455,,2019-05-27,,0.168
2AGHSS9Y,0,0,,,,Censored No Alarm,0,0,0,0,0,1,0.0012433467200025916,,2019-05-27,,0.168
2AGHTBYY,1,1,2023-09-15,2025-01-25,498.0,Early,0,1,0,1,0,0,0.4651332199573517,0.2197243869304657,2019-05-27,1572.0,0.168
2AGHTGEY,1,1,2023-03-01,2023-03-14,13.0,On time,1,0,0,0,0,0,0.18048226833343506,0.1684640496969223,2019-05-27,1374.0,0.168
2AGHTKBY,0,0,,,,Censored No Alarm,0,0,0,0,0,1,0.016021989285945892,,2019-05-27,,0.168
2AGLY65Y,1,0,,2023-11-20,,Missed,0,0,0,0,1,0,0.028995580971240997,,2019-08-13,,0.168
2AGM231Y,0,0,,,,Censored No Alarm,0,0,0,0,0,1,0.00255970167927444,,2019-05-04,,0.168
2AGM23NY,0,0,,,,Censored No Alarm,0,0,0,0,0,1,0.0026940242387354374,,2019-05-04,,0.168
2AGM5UVY,0,0,,,,Censored No Alarm,0,0,0,0,0,1,0.10018593072891235,,2019-05-16,,0.168
2AGM5V7Y,1,1,2024-12-22,2025-12-05,348.0,Early,0,1,0,1,0,0,0.38763609528541565,0.2847256362438202,2019-05-16,2047.0,0.168
2AGM5VBY,0,0,,,,Censored No Alarm,0,0,0,0,0,1,0.09149853140115738,,2019-05-16,,0.168
2AGM5VHY,1,0,,2025-01-18,,Missed,0,0,0,0,1,0,0.022558270022273064,,2019-08-14,,0.168
2AGM5W9Y,1,0,,2025-01-16,,Missed,0,0,0,0,1,0,0.029753336682915688,,2019-05-16,,0.168
2AGM5YEY,0,0,,,,Censored No Alarm,0,0,0,0,0,1,0.010266543366014957,,2019-05-04,,0.168
2AGM8EMY,1,0,,2024-10-29,,Missed,0,0,0,0,1,0,0.09586285799741745,,2019-05-16,,0.168
2AGM8EUY,0,0,,,,Censored No Alarm,0,0,0,0,0,1,0.0011956840753555298,,2019-05-27,,0.168
2AGM8J2Y,0,0,,,,Censored No Alarm,0,0,0,0,0,1,0.0016855972353368998,,2019-05-16,,0.168
2AGM8JAY,0,0,,,,Censored No Alarm,0,0,0,0,0,1,0.0015465387841686606,,2019-05-16,,0.168
2AGM8LNY,0,1,2024-10-23,,,Censored Early,0,0,1,1,0,0,0.29317623376846313,0.23117361962795258,2019-05-04,1999.0,0.168
2AGM8RJY,0,0,,,,Censored No Alarm,0,0,0,0,0,1,0.019934196025133133,,2019-08-13,,0.168
2AGM8RTY,0,0,,,,Censored No Alarm,0,0,0,0,0,1,0.026887783780694008,,2019-05-16,,0.168
2AGM8UNY,1,1,2025-10-18,2026-03-12,145.0,Early,0,1,0,1,0,0,0.4593796133995056,0.18221111595630646,2019-08-13,2258.0,0.168
2AGM8V7Y,0,0,,,,Censored No Alarm,0,0,0,0,0,1,0.002246582182124257,,2019-05-16,,0.168
2AGM9MXY,1,0,,2025-09-21,,Missed,0,0,0,0,1,0,0.023893188685178757,,2019-05-04,,0.168
2AGM9PJY,0,0,,,,Censored No Alarm,0,0,0,0,0,1,0.0973072499036789,,2019-05-04,,0.168
2AGM9RGY,1,0,,2022-12-23,,Missed,0,0,0,0,1,0,0.001126355491578579,,2019-05-16,,0.168
2AGM9S6Y,0,0,,,,Censored No Alarm,0,0,0,0,0,1,0.007001530844718218,,2019-05-16,,0.168
2AGM9SDY,0,0,,,,Censored No Alarm,0,0,0,0,0,1,0.0028561619110405445,,2019-05-04,,0.168
2AGM9U1Y,0,0,,,,Censored No Alarm,0,0,0,0,0,1,0.002661725040525198,,2019-05-16,,0.168
2AGMDJKY,0,0,,,,Censored No Alarm,0,0,0,0,0,1,0.0026454997714608908,,2019-05-04,,0.168
2AGMDUAY,1,0,,2023-02-04,,Missed,0,0,0,0,1,0,0.007269364316016436,,2019-05-16,,0.168
2AGMDY1Y,0,0,,,,Censored No Alarm,0,0,0,0,0,1,0.019406558945775032,,2019-08-14,,0.168
2AGME0XY,1,1,2024-01-18,2024-05-29,132.0,Early,0,1,0,1,0,0,0.18872909247875214,0.18872909247875214,2019-05-16,1708.0,0.168
2AGME3BY,0,0,,,,Censored No Alarm,0,0,0,0,0,1,0.00421383511275053,,2019-05-16,,0.168
2AGME9PY,1,1,2024-08-06,2024-08-06,0.0,On time,1,0,0,0,0,0,0.1861574798822403,0.1861574798822403,2019-08-13,1820.0,0.168
2AGMGAYY,0,0,,,,Censored No Alarm,0,0,0,0,0,1,0.00281160487793386,,2019-05-16,,0.168
2AGMGDPY,0,0,,,,Censored No Alarm,0,0,0,0,0,1,0.0016151583986356854,,2019-08-13,,0.168
2AGMGKLY,0,0,,,,Censored No Alarm,0,0,0,0,0,1,0.0007568366709165275,,2019-08-13,,0.168
2AGMGXEY,0,0,,,,Censored No Alarm,0,0,0,0,0,1,0.0010539498180150986,,2019-08-14,,0.168
2AGMH2YY,1,0,,2024-12-10,,Missed,0,0,0,0,1,0,0.07329138368368149,,2019-05-16,,0.168
2AGMH3JY,0,0,,,,Censored No Alarm,0,0,0,0,0,1,0.0023862579837441444,,2019-05-16,,0.168
2AGMHK6Y,0,0,,,,Censored No Alarm,0,0,0,0,0,1,0.010150409303605556,,2019-05-04,,0.168
2AGMHPEY,1,0,,2024-06-25,,Missed,0,0,0,0,1,0,0.015165058895945549,,2019-06-01,,0.168
2AGMHRYY,1,1,2024-03-16,2024-05-16,61.0,Early,0,1,0,1,0,0,0.181670680642128,0.17609430849552155,2019-05-16,1766.0,0.168
2AGMHTLY,0,0,,,,Censored No Alarm,0,0,0,0,0,1,0.002364827785640955,,2019-05-04,,0.168
2AGMHU7Y,1,0,,2024-07-08,,Missed,0,0,0,0,1,0,0.012121357023715973,,2019-05-04,,0.168
2AGMHVTY,0,0,,,,Censored No Alarm,0,0,0,0,0,1,0.0016027382807806134,,2019-05-16,,0.168
2AGMHWAY,1,1,2023-03-23,2023-09-22,183.0,Early,0,1,0,1,0,0,0.2902543842792511,0.2019805759191513,2019-08-14,1317.0,0.168
2AGMHXDY,1,1,2025-05-30,2025-06-02,3.0,On time,1,0,0,0,0,0,0.3292199373245239,0.20269186794757843,2019-08-13,2117.0,0.168
2AGMHY3Y,1,0,,2025-11-18,,Missed,0,0,0,0,1,0,0.02321655862033367,,2019-08-14,,0.168
2AGMHY5Y,0,0,,,,Censored No Alarm,0,0,0,0,0,1,0.0013025338994339108,,2019-08-13,,0.168
2AGMJ35Y,0,0,,,,Censored No Alarm,0,0,0,0,0,1,0.002504901960492134,,2019-05-04,,0.168
2AGMJ3JY,0,0,,,,Censored No Alarm,0,0,0,0,0,1,0.0026376608293503523,,2019-05-16,,0.168
2AGMJ3TY,0,0,,,,Censored No Alarm,0,0,0,0,0,1,0.0012180865742266178,,2019-08-14,,0.168
2AGMJ47Y,0,0,,,,Censored No Alarm,0,0,0,0,0,1,0.000979256466962397,,2019-06-01,,0.168
2AGMJ5BY,1,0,,2021-05-03,,Missed,0,0,0,0,1,0,0.00022274507500696927,,2019-05-04,,0.168
2AGMKV4Y,1,1,2025-12-14,2026-01-28,45.0,Early,0,1,0,1,0,0,0.4756011962890625,0.17821356654167175,2019-05-04,2416.0,0.168
2AGMKVHY,1,0,,2023-05-06,,Missed,0,0,0,0,1,0,0.10812222957611084,,2019-08-13,,0.168
2AGMKVTY,1,0,,2024-12-04,,Missed,0,0,0,0,1,0,0.06895626336336136,,2019-08-14,,0.168
2AGMLMLY,0,0,,,,Censored No Alarm,0,0,0,0,0,1,0.1037738174200058,,2019-08-14,,0.168
2AGMLSZY,1,1,2020-07-22,2020-07-30,8.0,On time,1,0,0,0,0,0,0.49222251772880554,0.17156225442886353,2019-05-16,433.0,0.168
2AGMLT7Y,0,0,,,,Censored No Alarm,0,0,0,0,0,1,0.016729220747947693,,2019-05-16,,0.168
2AGMLWNY,0,0,,,,Censored No Alarm,0,0,0,0,0,1,0.07147886604070663,,2019-08-14,,0.168
2AGMLZLY,1,0,,2026-02-11,,Missed,0,0,0,0,1,0,0.11396376043558121,,2019-05-16,,0.168
2AGMM0UY,0,1,2020-01-22,,,Censored Early,0,0,1,1,0,0,0.3419458866119385,0.25657400488853455,2019-05-16,251.0,0.168
2AGMMNKY,0,0,,,,Censored No Alarm,0,0,0,0,0,1,0.04045994207262993,,2019-06-01,,0.168
2AGMMU1Y,0,0,,,,Censored No Alarm,0,0,0,0,0,1,0.0016842103796079755,,2019-05-16,,0.168
2AGMMU4Y,0,0,,,,Censored No Alarm,0,0,0,0,0,1,0.0013797435676679015,,2019-08-14,,0.168
2AGMNB7Y,1,0,,2023-03-30,,Missed,0,0,0,0,1,0,0.08252758532762527,,2019-05-16,,0.168
2AGMNBEY,0,0,,,,Censored No Alarm,0,0,0,0,0,1,0.00150393508374691,,2019-05-16,,0.168
2AGMND4Y,1,1,2025-10-11,2025-10-27,16.0,On time,1,0,0,0,0,0,0.49422842264175415,0.23074273765087128,2019-05-04,2352.0,0.168
2AGMNE1Y,1,1,2025-07-01,2025-11-26,148.0,Early,0,1,0,1,0,0,0.4745544493198395,0.2037971168756485,2019-05-16,2238.0,0.168
2AGMNEBY,1,0,,2024-08-05,,Missed,0,0,0,0,1,0,0.1185610219836235,,2019-05-04,,0.168
2AGMNG0Y,0,1,2024-05-07,,,Censored Early,0,0,1,1,0,0,0.1853477507829666,0.18106354773044586,2019-05-16,1818.0,0.168
2AGMNJKY,1,1,2024-01-24,2025-09-29,614.0,Early,0,1,0,1,0,0,0.44078895449638367,0.18900702893733978,2019-05-16,1714.0,0.168
2AGMNM8Y,0,0,,,,Censored No Alarm,0,0,0,0,0,1,0.04289732873439789,,2019-08-14,,0.168
2AGMNMWY,1,0,,2023-05-10,,Missed,0,0,0,0,1,0,0.03888624906539917,,2019-05-16,,0.168
2AGMNTXY,0,0,,,,Censored No Alarm,0,0,0,0,0,1,0.0019058462930843234,,2019-05-16,,0.168
2AGMNUVY,0,0,,,,Censored No Alarm,0,0,0,0,0,1,0.003047259757295251,,2019-05-04,,0.168
2AGMNWBY,0,0,,,,Censored No Alarm,0,0,0,0,0,1,0.0009735706262290478,,2019-08-13,,0.168
2AGMNXRY,0,0,,,,Censored No Alarm,0,0,0,0,0,1,0.09516870230436325,,2019-08-13,,0.168
2AGMP7ZY,0,0,,,,Censored No Alarm,0,0,0,0,0,1,0.001240998157300055,,2019-08-14,,0.168
2AGMPBWY,0,0,,,,Censored No Alarm,0,0,0,0,0,1,0.03126213699579239,,2019-05-16,,0.168
2AGMPD8Y,1,0,,2023-11-21,,Missed,0,0,0,0,1,0,0.00044188305037096143,,2019-08-13,,0.168
2AGMPK3Y,0,0,,,,Censored No Alarm,0,0,0,0,0,1,0.019518394023180008,,2019-05-04,,0.168
2AGMPL7Y,1,0,,2025-02-27,,Missed,0,0,0,0,1,0,0.07012812793254852,,2019-05-16,,0.168
2AGMPP1Y,0,0,,,,Censored No Alarm,0,0,0,0,0,1,0.003169059520587325,,2019-05-16,,0.168
2AGMPP4Y,1,1,2025-09-12,2025-09-23,11.0,On time,1,0,0,0,0,0,0.40342915058135986,0.1925356537103653,2019-05-16,2311.0,0.168
2AGMPPGY,0,0,,,,Censored No Alarm,0,0,0,0,0,1,0.0021040416322648525,,2019-05-16,,0.168
2AGMPSSY,0,0,,,,Censored No Alarm,0,0,0,0,0,1,0.0016888035461306572,,2019-05-16,,0.168
2AGMPT2Y,0,0,,,,Censored No Alarm,0,0,0,0,0,1,0.0019143896643072367,,2019-05-16,,0.168
2AGMPZ8Y,0,0,,,,Censored No Alarm,0,0,0,0,0,1,0.0011606086045503616,,2019-08-14,,0.168
2AGMS6PY,0,0,,,,Censored No Alarm,0,0,0,0,0,1,0.0007261759601533413,,2019-08-14,,0.168
2AGMSHHY,1,0,,2022-08-12,,Missed,0,0,0,0,1,0,0.00031008265796117485,,2019-05-04,,0.168
2AGMTK0Y,1,1,2025-08-30,2025-08-30,0.0,On time,1,0,0,0,0,0,0.3424251973628998,0.3424251973628998,2019-05-16,2298.0,0.168
2AGMTL0Y,1,0,,2023-04-17,,Missed,0,0,0,0,1,0,0.0013873269781470299,,2019-05-04,,0.168
2AGMTXAY,0,0,,,,Censored No Alarm,0,0,0,0,0,1,0.0010424316860735416,,2019-08-13,,0.168
2AGMUBMY,0,0,,,,Censored No Alarm,0,0,0,0,0,1,0.0011957045644521713,,2019-06-01,,0.168
2AGMUBRY,1,0,,2024-08-04,,Missed,0,0,0,0,1,0,0.0029770019464194775,,2019-08-13,,0.168
2AGMV9UY,0,0,,,,Censored No Alarm,0,0,0,0,0,1,0.0009175686864182353,,2019-08-13,,0.168
2AGMVDDY,0,0,,,,Censored No Alarm,0,0,0,0,0,1,0.0014169728383421898,,2019-05-16,,0.168
2AGMWHVY,1,0,,2024-07-19,,Missed,0,0,0,0,1,0,0.06284298002719879,,2019-05-16,,0.168
2AGMZLMY,1,1,2023-04-07,2023-05-16,39.0,Early,0,1,0,1,0,0,0.1810615360736847,0.16854561865329742,2019-08-13,1333.0,0.168
2AGN038Y,0,0,,,,Censored No Alarm,0,0,0,0,0,1,0.0014763886574655771,,2019-08-13,,0.168
2AGN03MY,0,0,,,,Censored No Alarm,0,0,0,0,0,1,0.0008961918647401035,,2019-08-13,,0.168
2AGN05MY,0,0,,,,Censored No Alarm,0,0,0,0,0,1,0.002656387398019433,,2019-08-13,,0.168
2AGN071Y,0,0,,,,Censored No Alarm,0,0,0,0,0,1,0.005025759339332581,,2019-08-13,,0.168
2AGN07AY,0,0,,,,Censored No Alarm,0,0,0,0,0,1,0.001514858566224575,,2019-08-14,,0.168
2AGN17RY,0,0,,,,Censored No Alarm,0,0,0,0,0,1,0.0008314857841469347,,2019-08-13,,0.168
2AGN1YNY,0,0,,,,Censored No Alarm,0,0,0,0,0,1,0.001395216560922563,,2019-08-14,,0.168
2AGN29AY,0,0,,,,Censored No Alarm,0,0,0,0,0,1,0.0010341646848246455,,2019-08-14,,0.168
2AGN43EY,0,0,,,,Censored No Alarm,0,0,0,0,0,1,0.08179446309804916,,2019-08-13,,0.168
2AGN5A3Y,0,0,,,,Censored No Alarm,0,0,0,0,0,1,0.001018582028336823,,2019-06-01,,0.168
2AGN7GZY,0,0,,,,Censored No Alarm,0,0,0,0,0,1,0.0008008463773876429,,2019-08-13,,0.168
2AGN7XVY,0,0,,,,Censored No Alarm,0,0,0,0,0,1,0.07961978763341904,,2019-08-14,,0.168
2AGN7XYY,0,0,,,,Censored No Alarm,0,0,0,0,0,1,0.017179977148771286,,2019-05-27,,0.168
2AGN853Y,0,0,,,,Censored No Alarm,0,0,0,0,0,1,0.0012075589038431644,,2019-08-14,,0.168
2AGN8H9Y,0,0,,,,Censored No Alarm,0,0,0,0,0,1,0.0012661735527217388,,2019-08-14,,0.168
2AGN8Y9Y,0,0,,,,Censored No Alarm,0,0,0,0,0,1,0.015431578271090984,,2019-08-13,,0.168
2AGN8ZGY,0,0,,,,Censored No Alarm,0,0,0,0,0,1,0.0014907489530742168,,2019-06-01,,0.168
2AGN90RY,1,0,,2023-12-07,,Missed,0,0,0,0,1,0,0.06824774295091629,,2019-08-14,,0.168
2AGN9N4Y,1,1,2025-01-26,2025-03-06,39.0,Early,0,1,0,1,0,0,0.36536747217178345,0.25904563069343567,2019-08-13,1993.0,0.168
2AGNAK7Y,0,0,,,,Censored No Alarm,0,0,0,0,0,1,0.0012071598321199417,,2019-08-14,,0.168
2AGNAKGY,0,0,,,,Censored No Alarm,0,0,0,0,0,1,0.0012694133911281824,,2019-08-14,,0.168
2AGNAYKY,0,0,,,,Censored No Alarm,0,0,0,0,0,1,0.0016892320709303021,,2019-08-13,,0.168
2AGNBWPY,0,0,,,,Censored No Alarm,0,0,0,0,0,1,0.001226003048941493,,2019-08-13,,0.168
2AGND0EY,0,0,,,,Censored No Alarm,0,0,0,0,0,1,0.034857407212257385,,2019-08-13,,0.168
2AGNEAHY,0,0,,,,Censored No Alarm,0,0,0,0,0,1,0.001749384799040854,,2019-08-13,,0.168
2AGNEK5Y,0,0,,,,Censored No Alarm,0,0,0,0,0,1,0.006132710259407759,,2019-08-14,,0.168
2AGNEN9Y,0,0,,,,Censored No Alarm,0,0,0,0,0,1,0.0036277093458920717,,2019-08-14,,0.168
2AGNEREY,0,0,,,,Censored No Alarm,0,0,0,0,0,1,0.008215930312871933,,2019-08-13,,0.168
2AGNGZPY,0,0,,,,Censored No Alarm,0,0,0,0,0,1,0.0030336990021169186,,2019-05-27,,0.168
2AGNJE2Y,0,0,,,,Censored No Alarm,0,0,0,0,0,1,0.002089066430926323,,2019-06-01,,0.168
2AGNJG7Y,0,0,,,,Censored No Alarm,0,0,0,0,0,1,0.0011810107389464974,,2019-08-13,,0.168
2AGNJGHY,0,0,,,,Censored No Alarm,0,0,0,0,0,1,0.0017359837656840682,,2019-08-13,,0.168
2AGNJRYY,0,0,,,,Censored No Alarm,0,0,0,0,0,1,0.0010142901446670294,,2019-06-01,,0.168
2AGNJTAY,0,0,,,,Censored No Alarm,0,0,0,0,0,1,0.001698225736618042,,2019-08-14,,0.168
2AGNJTRY,0,0,,,,Censored No Alarm,0,0,0,0,0,1,0.0011838728096336126,,2019-08-14,,0.168
2AGNKB9Y,1,0,,2023-11-29,,Missed,0,0,0,0,1,0,0.0008424592087976635,,2019-08-13,,0.168
2AGNKGXY,0,0,,,,Censored No Alarm,0,0,0,0,0,1,0.0012099123559892178,,2019-08-14,,0.168
2AGNKNJY,0,0,,,,Censored No Alarm,0,0,0,0,0,1,0.0011604749597609043,,2019-08-14,,0.168
2AGNKSPY,0,0,,,,Censored No Alarm,0,0,0,0,0,1,0.0025118289049714804,,2019-08-14,,0.168
2AGNKV4Y,0,0,,,,Censored No Alarm,0,0,0,0,0,1,0.003602074459195137,,2019-08-13,,0.168
2AGNL61Y,0,0,,,,Censored No Alarm,0,0,0,0,0,1,0.00290318694896996,,2019-05-16,,0.168
2AGNNTHY,0,0,,,,Censored No Alarm,0,0,0,0,0,1,0.022892246022820473,,2019-05-16,,0.168
2AGNT47Y,0,0,,,,Censored No Alarm,0,0,0,0,0,1,0.0029770780820399523,,2019-05-16,,0.168
2AGP393Y,1,1,2019-08-09,2023-04-06,1336.0,Early,0,1,0,1,0,0,0.3427651524543762,0.17656518518924713,2019-06-01,69.0,0.168
2AGP43EY,1,0,,2024-09-01,,Missed,0,0,0,0,1,0,0.022333115339279175,,2019-05-16,,0.168
2AGP5EDY,0,0,,,,Censored No Alarm,0,0,0,0,0,1,0.0016104716341942549,,2019-05-16,,0.168
2AGP5GBY,0,0,,,,Censored No Alarm,0,0,0,0,0,1,0.0028479709289968014,,2019-05-16,,0.168
2AGP5J1Y,0,0,,,,Censored No Alarm,0,0,0,0,0,1,0.0028487902600318193,,2019-05-16,,0.168
2AGP6TYY,0,0,,,,Censored No Alarm,0,0,0,0,0,1,0.004378884565085173,,2019-05-16,,0.168
2AGP6UBY,0,0,,,,Censored No Alarm,0,0,0,0,0,1,0.010174636729061604,,2019-05-16,,0.168
2AGP9W7Y,0,0,,,,Censored No Alarm,0,0,0,0,0,1,0.1201959103345871,,2019-05-16,,0.168
2AGPHHKY,0,0,,,,Censored No Alarm,0,0,0,0,0,1,0.0013270986964926124,,2019-06-01,,0.168
2AGPHHTY,0,0,,,,Censored No Alarm,0,0,0,0,0,1,0.0009509605006314814,,2019-06-01,,0.168
2AGPJAVY,0,0,,,,Censored No Alarm,0,0,0,0,0,1,0.0008078291430138052,,2019-05-27,,0.168
2AGPJBGY,0,0,,,,Censored No Alarm,0,0,0,0,0,1,0.0007587842992506921,,2019-05-27,,0.168
2AGPJBNY,0,0,,,,Censored No Alarm,0,0,0,0,0,1,0.0008057276718318462,,2019-05-27,,0.168
2AGPJE5Y,0,0,,,,Censored No Alarm,0,0,0,0,0,1,0.0025584176182746887,,2019-05-16,,0.168
2AGPJGPY,1,0,,2021-02-22,,Missed,0,0,0,0,1,0,0.012865308672189713,,2019-05-16,,0.168
2AGPJH1Y,1,0,,2024-08-11,,Missed,0,0,0,0,1,0,0.053230930119752884,,2019-05-16,,0.168
2AGPJHAY,0,0,,,,Censored No Alarm,0,0,0,0,0,1,0.0010842459741979837,,2019-08-13,,0.168
2AGPJHXY,0,0,,,,Censored No Alarm,0,0,0,0,0,1,0.0008135084644891322,,2019-05-27,,0.168
2AGPJL8Y,0,0,,,,Censored No Alarm,0,0,0,0,0,1,0.0016788369975984097,,2019-05-27,,0.168
2AGPJLWY,0,0,,,,Censored No Alarm,0,0,0,0,0,1,0.0009411231731064618,,2019-08-13,,0.168
2AGPJMRY,0,0,,,,Censored No Alarm,0,0,0,0,0,1,0.0013608490116894245,,2019-08-13,,0.168
2AGPJP0Y,0,0,,,,Censored No Alarm,0,0,0,0,0,1,0.000801290269009769,,2019-05-27,,0.168
2AGPK9HY,0,0,,,,Censored No Alarm,0,0,0,0,0,1,0.0017222597962245345,,2019-08-14,,0.168
2AGPKA3Y,0,0,,,,Censored No Alarm,0,0,0,0,0,1,0.00786369014531374,,2019-08-14,,0.168
2AGPKALY,0,0,,,,Censored No Alarm,0,0,0,0,0,1,0.0018696559127420187,,2019-05-16,,0.168
2AGPKARY,0,0,,,,Censored No Alarm,0,0,0,0,0,1,0.0021694740280508995,,2019-05-16,,0.168
2AGPKB2Y,0,0,,,,Censored No Alarm,0,0,0,0,0,1,0.0007658182294107974,,2019-05-27,,0.168
2AGPKTUY,0,0,,,,Censored No Alarm,0,0,0,0,0,1,0.0019033245043829083,,2019-05-16,,0.168
2AGPKVGY,0,0,,,,Censored No Alarm,0,0,0,0,0,1,0.004470021929591894,,2019-05-16,,0.168
2AGPKWNY,1,0,,2023-10-29,,Missed,0,0,0,0,1,0,0.04945557191967964,,2019-05-16,,0.168
2AGPKX4Y,0,0,,,,Censored No Alarm,0,0,0,0,0,1,0.019199078902602196,,2019-05-16,,0.168
2AGPL2YY,0,0,,,,Censored No Alarm,0,0,0,0,0,1,0.002609275048598647,,2019-05-16,,0.168
2AGPL4UY,0,0,,,,Censored No Alarm,0,0,0,0,0,1,0.004441207740455866,,2019-05-16,,0.168
2AGPL4ZY,0,0,,,,Censored No Alarm,0,0,0,0,0,1,0.0016370821977034211,,2019-05-27,,0.168
2AGPLSSY,0,0,,,,Censored No Alarm,0,0,0,0,0,1,0.0027916140388697386,,2019-05-16,,0.168
2AGPMDVY,0,0,,,,Censored No Alarm,0,0,0,0,0,1,0.0009235893376171589,,2019-05-27,,0.168
2AGPMEPY,0,0,,,,Censored No Alarm,0,0,0,0,0,1,0.004426433704793453,,2019-05-16,,0.168
2AGPMGGY,0,0,,,,Censored No Alarm,0,0,0,0,0,1,0.011868339031934738,,2019-05-16,,0.168
2AGPMM3Y,0,0,,,,Censored No Alarm,0,0,0,0,0,1,0.0011624984908849,,2019-05-27,,0.168
2AGPMN9Y,0,0,,,,Censored No Alarm,0,0,0,0,0,1,0.0011700328905135393,,2019-05-27,,0.168
2AGPMRDY,0,0,,,,Censored No Alarm,0,0,0,0,0,1,0.0012771921465173364,,2019-05-27,,0.168
2AGPMY1Y,0,0,,,,Censored No Alarm,0,0,0,0,0,1,0.003378490451723337,,2019-05-16,,0.168
2AGPN6PY,0,0,,,,Censored No Alarm,0,0,0,0,0,1,0.03303755074739456,,2019-05-16,,0.168
2AGPPJAY,0,0,,,,Censored No Alarm,0,0,0,0,0,1,0.0036288676783442497,,2019-05-16,,0.168
2AGPPLLY,1,1,2023-10-25,2023-11-29,35.0,Early,0,1,0,1,0,0,0.19803206622600555,0.18317313492298126,2019-05-16,1623.0,0.168
2AGPR6YY,0,0,,,,Censored No Alarm,0,0,0,0,0,1,0.0019329092465341091,,2019-05-16,,0.168
2AGPR7RY,0,0,,,,Censored No Alarm,0,0,0,0,0,1,0.00244434573687613,,2019-05-16,,0.168
2AGPR8EY,0,0,,,,Censored No Alarm,0,0,0,0,0,1,0.002181136282160878,,2019-05-16,,0.168
2AGPRL8Y,0,0,,,,Censored No Alarm,0,0,0,0,0,1,0.0009255674085579813,,2019-05-27,,0.168
2AGPRMLY,1,0,,2026-03-26,,Missed,0,0,0,0,1,0,0.006305989809334278,,2019-08-13,,0.168
2AGPRMRY,1,0,,2024-08-12,,Missed,0,0,0,0,1,0,0.002171584637835622,,2019-05-04,,0.168
2AGPRRJY,0,0,,,,Censored No Alarm,0,0,0,0,0,1,0.10918330401182175,,2019-05-04,,0.168
2AGPS2ZY,0,0,,,,Censored No Alarm,0,0,0,0,0,1,0.002853398211300373,,2019-05-16,,0.168
2AGPSEDY,0,0,,,,Censored No Alarm,0,0,0,0,0,1,0.001087958924472332,,2019-05-27,,0.168
2AGPSG5Y,0,0,,,,Censored No Alarm,0,0,0,0,0,1,0.0014514094218611717,,2019-05-27,,0.168
2AGPSGKY,0,0,,,,Censored No Alarm,0,0,0,0,0,1,0.0008765489910729229,,2019-08-14,,0.168
2AGPSJKY,0,0,,,,Censored No Alarm,0,0,0,0,0,1,0.0009558707824908197,,2019-08-14,,0.168
2AGPSRUY,0,0,,,,Censored No Alarm,0,0,0,0,0,1,0.0032490179874002934,,2019-05-16,,0.168
2AGPT2PY,0,0,,,,Censored No Alarm,0,0,0,0,0,1,0.0014735710574313998,,2019-08-14,,0.168
2AGPT48Y,0,0,,,,Censored No Alarm,0,0,0,0,0,1,0.0009583525825291872,,2019-06-01,,0.168
2AGPT7PY,0,0,,,,Censored No Alarm,0,0,0,0,0,1,0.01928321272134781,,2019-08-13,,0.168
2AGPTL4Y,0,0,,,,Censored No Alarm,0,0,0,0,0,1,0.0025540567003190517,,2019-05-27,,0.168
2AGPTVLY,0,0,,,,Censored No Alarm,0,0,0,0,0,1,0.0015346142463386059,,2019-06-01,,0.168
5PG0TA6F,0,0,,,,Censored No Alarm,0,0,0,0,0,1,0.0008075216901488602,,2020-07-14,,0.168
5PG0TAKF,0,0,,,,Censored No Alarm,0,0,0,0,0,1,0.0012551023392006755,,2020-05-10,,0.168
5PJEJUHE,0,0,,,,Censored No Alarm,0,0,0,0,0,1,0.0029135618824511766,,2021-12-28,,0.168
5PJJHD9C,0,0,,,,Censored No Alarm,0,0,0,0,0,1,0.0004455221933312714,,2022-07-18,,0.168
5PJJLZTF,0,0,,,,Censored No Alarm,0,0,0,0,0,1,0.0009307562722824514,,2021-12-03,,0.168
5PJKZP4D,0,0,,,,Censored No Alarm,0,0,0,0,0,1,0.0011222257744520903,,2022-08-04,,0.168
5PJVPJGF,0,0,,,,Censored No Alarm,0,0,0,0,0,1,0.0012662007939070463,,2021-05-16,,0.168
5PK10N4B,0,0,,,,Censored No Alarm,0,0,0,0,0,1,0.0015118287410587072,,2024-12-22,,0.168
5PK5ZB1B,0,0,,,,Censored No Alarm,0,0,0,0,0,1,0.0012967835646122694,,2024-04-29,,0.168
5PKEBJVB,0,0,,,,Censored No Alarm,0,0,0,0,0,1,0.001462054206058383,,2023-11-27,,0.168
5PKVXW6B,0,0,,,,Censored No Alarm,0,0,0,0,0,1,0.001463933615013957,,2024-06-01,,0.168
5QG63PMB,0,0,,,,Censored No Alarm,0,0,0,0,0,1,0.0014023074181750417,,2024-05-28,,0.168
5QGBH0MB,0,0,,,,Censored No Alarm,0,0,0,0,0,1,0.0014639344299212098,,2023-12-09,,0.168
5QGG5KLB,0,0,,,,Censored No Alarm,0,0,0,0,0,1,0.001470562070608139,,2023-04-05,,0.168
5QGG5UPB,0,0,,,,Censored No Alarm,0,0,0,0,0,1,0.002828184049576521,,2022-12-06,,0.168
5QGGAELB,1,1,2025-01-12,2025-06-04,143.0,Early,0,1,0,1,0,0,0.44563597440719604,0.18297286331653595,2023-03-28,656.0,0.168
5QGGHWVB,0,0,,,,Censored No Alarm,0,0,0,0,0,1,0.001557788928039372,,2023-12-16,,0.168
5QH0Z60B,1,1,2024-01-26,2024-05-14,109.0,Early,0,1,0,1,0,0,0.4597553610801697,0.17186696827411652,2023-10-22,96.0,0.168
5QHDKVHB,0,0,,,,Censored No Alarm,0,0,0,0,0,1,0.0013914374867454171,,2023-11-17,,0.168
5QHKE66B,0,0,,,,Censored No Alarm,0,0,0,0,0,1,0.0014232106041163206,,2024-04-18,,0.168
5QHYP4MB,0,0,,,,Censored No Alarm,0,0,0,0,0,1,0.0013263120781630278,,2024-05-15,,0.168
5QJBW5VB,1,1,2024-05-11,2024-05-25,14.0,On time,1,0,0,0,0,0,0.48654431104660034,0.1786491423845291,2024-02-07,94.0,0.168
5QJS57NB,0,0,,,,Censored No Alarm,0,0,0,0,0,1,0.0014429402071982622,,2024-01-23,,0.168
5QKBEVWB,0,0,,,,Censored No Alarm,0,0,0,0,0,1,0.0014242721954360604,,2023-12-14,,0.168
5QKDK07B,0,0,,,,Censored No Alarm,0,0,0,0,0,1,0.0014813754241913557,,2024-12-20,,0.168
5QKHBVPB,0,0,,,,Censored No Alarm,0,0,0,0,0,1,0.001445242902263999,,2024-05-30,,0.168
5QKKSM3B,0,0,,,,Censored No Alarm,0,0,0,0,0,1,0.0009839128470048308,,2024-04-06,,0.168
5QKV55TB,0,0,,,,Censored No Alarm,0,0,0,0,0,1,0.0014621516456827521,,2024-02-29,,0.168
5QKV6W0B,0,0,,,,Censored No Alarm,0,0,0,0,0,1,0.0013263114960864186,,2023-08-14,,0.168
5QKV74SB,0,0,,,,Censored No Alarm,0,0,0,0,0,1,0.001462054206058383,,2024-01-09,,0.168
5QKV778B,0,0,,,,Censored No Alarm,0,0,0,0,0,1,0.0012982788030058146,,2024-06-07,,0.168
5QKV7UHB,0,0,,,,Censored No Alarm,0,0,0,0,0,1,0.0014004549011588097,,2024-03-04,,0.168
5QKV85UB,0,0,,,,Censored No Alarm,0,0,0,0,0,1,0.0014242721954360604,,2023-12-02,,0.168
5QKVAN8B,0,0,,,,Censored No Alarm,0,0,0,0,0,1,0.0014639344299212098,,2023-12-24,,0.168
5QKVARLB,0,0,,,,Censored No Alarm,0,0,0,0,0,1,0.0015499347355216742,,2023-11-03,,0.168
5QKVATKB,0,0,,,,Censored No Alarm,0,0,0,0,0,1,0.0014813754241913557,,2024-01-09,,0.168
5QKVD71B,0,0,,,,Censored No Alarm,0,0,0,0,0,1,0.001268039457499981,,2024-05-10,,0.168
5QKVDDVB,0,0,,,,Censored No Alarm,0,0,0,0,0,1,0.0014023074181750417,,2024-06-19,,0.168
5QKVETTB,0,0,,,,Censored No Alarm,0,0,0,0,0,1,0.0011817687191069126,,2024-06-27,,0.168
5QKVEUZB,0,0,,,,Censored No Alarm,0,0,0,0,0,1,0.00144294835627079,,2024-04-22,,0.168
5QKVEXJB,0,0,,,,Censored No Alarm,0,0,0,0,0,1,0.0013263114960864186,,2023-11-30,,0.168
5QKVGLWB,0,0,,,,Censored No Alarm,0,0,0,0,0,1,0.0015118287410587072,,2024-05-08,,0.168
5QKVHPLB,0,0,,,,Censored No Alarm,0,0,0,0,0,1,0.0017197987763211131,,2024-05-07,,0.168
5QKVHRMB,0,0,,,,Censored No Alarm,0,0,0,0,0,1,0.0013505760580301285,,2024-06-23,,0.168
5QKVVTHB,0,0,,,,Censored No Alarm,0,0,0,0,0,1,0.0014970203628763556,,2024-04-15,,0.168
8CGNK9GE,0,0,,,,Censored No Alarm,0,0,0,0,0,1,0.030957942828536034,,2019-05-04,,0.168
8CGR1V5E,0,0,,,,Censored No Alarm,0,0,0,0,0,1,0.00124538061209023,,2019-06-01,,0.168
8CGSN9XE,0,0,,,,Censored No Alarm,0,0,0,0,0,1,0.0025587219279259443,,2019-05-16,,0.168
8CGSTSRE,0,0,,,,Censored No Alarm,0,0,0,0,0,1,0.002859004307538271,,2019-05-04,,0.168
8CGT5S2E,1,0,,2024-11-05,,Missed,0,0,0,0,1,0,0.07535306364297867,,2019-06-01,,0.168
8CGTW4VE,0,0,,,,Censored No Alarm,0,0,0,0,0,1,0.0011362588265910745,,2019-06-01,,0.168
8CGTZ9HE,1,1,2023-05-05,2023-07-12,68.0,Early,0,1,0,1,0,0,0.5072377324104309,0.17517833411693573,2019-05-16,1450.0,0.168
8CGU9LLE,0,0,,,,Censored No Alarm,0,0,0,0,0,1,0.0022185135167092085,,2019-05-16,,0.168
8CGV369E,0,0,,,,Censored No Alarm,0,0,0,0,0,1,0.0021967042703181505,,2019-05-16,,0.168
8CGVR04E,0,1,2026-01-06,,,Censored Early,0,0,1,1,0,0,0.2870340049266815,0.18439775705337524,2019-05-16,2427.0,0.168
8CGVTH0E,0,0,,,,Censored No Alarm,0,0,0,0,0,1,0.004351801238954067,,2019-05-04,,0.168
8CGW3HPE,0,0,,,,Censored No Alarm,0,0,0,0,0,1,0.002595572266727686,,2019-05-04,,0.168
8CGW6ULE,0,0,,,,Censored No Alarm,0,0,0,0,0,1,0.0014211836969479918,,2019-05-04,,0.168
8CGWPGEE,0,0,,,,Censored No Alarm,0,0,0,0,0,1,0.0028827812056988478,,2019-05-16,,0.168
8CGXKYVE,0,0,,,,Censored No Alarm,0,0,0,0,0,1,0.0015758766094222665,,2019-05-04,,0.168
8CGXNNUE,1,1,2022-04-19,2022-05-10,21.0,On time,1,0,0,0,0,0,0.3805740177631378,0.17259441316127777,2019-06-01,1053.0,0.168
8CGY4KUE,0,0,,,,Censored No Alarm,0,0,0,0,0,1,0.0018240608042106032,,2019-05-16,,0.168
8CGYJ5TE,0,0,,,,Censored No Alarm,0,0,0,0,0,1,0.0011692552361637354,,2019-06-01,,0.168
8CGYVS8E,0,0,,,,Censored No Alarm,0,0,0,0,0,1,0.0009905550396069884,,2019-06-01,,0.168
8CGYW96E,0,0,,,,Censored No Alarm,0,0,0,0,0,1,0.019579190760850906,,2019-06-01,,0.168
8CGYXB6E,0,0,,,,Censored No Alarm,0,0,0,0,0,1,0.0033404577989131212,,2019-08-13,,0.168
8CGZ8K3E,0,0,,,,Censored No Alarm,0,0,0,0,0,1,0.0026455940678715706,,2019-05-04,,0.168
8CGZ8S1E,0,0,,,,Censored No Alarm,0,0,0,0,0,1,0.0027583292685449123,,2019-05-04,,0.168
8CGZ8SDE,0,1,2025-11-10,,,Censored Early,0,0,1,1,0,0,0.32952743768692017,0.1726241409778595,2019-05-04,2382.0,0.168
8CGZB98E,0,0,,,,Censored No Alarm,0,0,0,0,0,1,0.000668394030071795,,2019-08-14,,0.168
8CGZB9VE,0,0,,,,Censored No Alarm,0,0,0,0,0,1,0.0008963028667494655,,2019-06-01,,0.168
8CGZKBME,0,0,,,,Censored No Alarm,0,0,0,0,0,1,0.039364028722047806,,2019-05-04,,0.168
8CGZKDHE,0,0,,,,Censored No Alarm,0,0,0,0,0,1,0.0018036264227703214,,2019-05-04,,0.168
8CGZMEAE,0,0,,,,Censored No Alarm,0,0,0,0,0,1,0.0012615047162398696,,2019-05-04,,0.168
8CH02WUE,0,0,,,,Censored No Alarm,0,0,0,0,0,1,0.0008401168743148446,,2019-08-14,,0.168
8CH05AGE,0,0,,,,Censored No Alarm,0,0,0,0,0,1,0.0015892249066382647,,2019-05-04,,0.168
8CH06AGE,0,0,,,,Censored No Alarm,0,0,0,0,0,1,0.002597204642370343,,2019-05-16,,0.168
8CH06B5E,0,0,,,,Censored No Alarm,0,0,0,0,0,1,0.0025508019607514143,,2019-05-04,,0.168
8CH06E7E,0,0,,,,Censored No Alarm,0,0,0,0,0,1,0.00285396259278059,,2019-05-04,,0.168
8CH06EDE,0,0,,,,Censored No Alarm,0,0,0,0,0,1,0.0011816712794825435,,2019-06-01,,0.168
8CH0869E,0,0,,,,Censored No Alarm,0,0,0,0,0,1,0.001320263952948153,,2019-05-04,,0.168
8CH08RNE,0,0,,,,Censored No Alarm,0,0,0,0,0,1,0.0010256515815854073,,2019-08-14,,0.168
8CH09GGE,0,0,,,,Censored No Alarm,0,0,0,0,0,1,0.001227271743118763,,2019-06-01,,0.168
8CH0BYPE,0,0,,,,Censored No Alarm,0,0,0,0,0,1,0.0010172523325309157,,2019-08-13,,0.168
8CH0BYTE,0,0,,,,Censored No Alarm,0,0,0,0,0,1,0.0012012257939204574,,2019-06-01,,0.168
8CH0DM8E,0,0,,,,Censored No Alarm,0,0,0,0,0,1,0.0009936809074133635,,2019-08-14,,0.168
8CH0GNLE,0,0,,,,Censored No Alarm,0,0,0,0,0,1,0.0034490921534597874,,2019-05-04,,0.168
8CH0GNNE,0,0,,,,Censored No Alarm,0,0,0,0,0,1,0.012369132600724697,,2019-05-04,,0.168
8CH0GNSE,0,0,,,,Censored No Alarm,0,0,0,0,0,1,0.0015172383282333612,,2019-05-16,,0.168
8CH0HRKE,0,0,,,,Censored No Alarm,0,0,0,0,0,1,0.0008141312282532454,,2019-06-01,,0.168
8CH0HTRE,0,0,,,,Censored No Alarm,0,0,0,0,0,1,0.0011956829112023115,,2019-06-01,,0.168
8CH0L5PE,0,0,,,,Censored No Alarm,0,0,0,0,0,1,0.0010276616085320711,,2019-06-01,,0.168
8CH0R06E,0,0,,,,Censored No Alarm,0,0,0,0,0,1,0.0026486332062631845,,2019-05-04,,0.168
8CH0R3YE,0,0,,,,Censored No Alarm,0,0,0,0,0,1,0.04324164241552353,,2019-08-13,,0.168
8CH0TLTE,0,0,,,,Censored No Alarm,0,0,0,0,0,1,0.001030162675306201,,2019-08-13,,0.168
8CH0TLUE,0,0,,,,Censored No Alarm,0,0,0,0,0,1,0.0009028371423482895,,2019-06-01,,0.168
8CH0TN2E,0,0,,,,Censored No Alarm,0,0,0,0,0,1,0.0013705819146707654,,2019-06-01,,0.168
8CH0TN3E,0,0,,,,Censored No Alarm,0,0,0,0,0,1,0.0009614996379241347,,2019-08-13,,0.168
8CH0TVRE,0,0,,,,Censored No Alarm,0,0,0,0,0,1,0.0008508338942192495,,2019-08-14,,0.168
8CH0V7TE,0,0,,,,Censored No Alarm,0,0,0,0,0,1,0.02689533866941929,,2019-06-01,,0.168
8CH0VH1E,0,0,,,,Censored No Alarm,0,0,0,0,0,1,0.002853064564988017,,2019-05-16,,0.168
8CH0VW0E,0,0,,,,Censored No Alarm,0,0,0,0,0,1,0.0009255867335014045,,2019-06-01,,0.168
8CH11KPE,0,0,,,,Censored No Alarm,0,0,0,0,0,1,0.0012948181247338653,,2019-05-04,,0.168
8CH13D7E,0,0,,,,Censored No Alarm,0,0,0,0,0,1,0.0006718759541399777,,2019-06-01,,0.168
8CH13DAE,0,0,,,,Censored No Alarm,0,0,0,0,0,1,0.0014280485920608044,,2019-06-01,,0.168
8CH15D3E,0,0,,,,Censored No Alarm,0,0,0,0,0,1,0.031986840069293976,,2019-05-16,,0.168
8CH15YME,0,0,,,,Censored No Alarm,0,0,0,0,0,1,0.0008188553620129824,,2019-06-01,,0.168
8CH160KE,0,0,,,,Censored No Alarm,0,0,0,0,0,1,0.0008120291167870164,,2019-08-14,,0.168
8CH16PBE,0,0,,,,Censored No Alarm,0,0,0,0,0,1,0.008578295819461346,,2019-06-01,,0.168
8CH16ZDE,0,0,,,,Censored No Alarm,0,0,0,0,0,1,0.0013687158934772015,,2019-06-01,,0.168
8CH16ZUE,0,0,,,,Censored No Alarm,0,0,0,0,0,1,0.0012556154979392886,,2019-06-01,,0.168
8CH17M9E,0,0,,,,Censored No Alarm,0,0,0,0,0,1,0.0007906404789537191,,2019-06-01,,0.168
8CH17MHE,0,0,,,,Censored No Alarm,0,0,0,0,0,1,0.0008623131434433162,,2019-08-13,,0.168
8CH190UE,1,0,,2022-03-26,,Missed,0,0,0,0,1,0,0.16363777220249176,,2019-08-13,,0.168
8CH1APUE,1,1,2025-07-05,2025-09-18,75.0,Early,0,1,0,1,0,0,0.2956202030181885,0.18289873003959656,2019-06-01,2226.0,0.168
8CH1AR5E,0,0,,,,Censored No Alarm,0,0,0,0,0,1,0.0023838775232434273,,2019-05-04,,0.168
8CH1ARHE,1,0,,2023-09-28,,Missed,0,0,0,0,1,0,0.01785578578710556,,2019-06-01,,0.168
8CH1WBME,1,0,,2024-05-05,,Missed,0,0,0,0,1,0,0.0221975427120924,,2019-05-04,,0.168
8CH1XHUE,0,0,,,,Censored No Alarm,0,0,0,0,0,1,0.0030653863213956356,,2019-05-04,,0.168
8CH4AT4E,0,0,,,,Censored No Alarm,0,0,0,0,0,1,0.0008797046612016857,,2019-05-27,,0.168
8CH4X3TE,1,0,,2022-10-12,,Missed,0,0,0,0,1,0,0.004829716868698597,,2019-05-16,,0.168
8CH4YM4E,1,0,,2023-03-03,,Missed,0,0,0,0,1,0,0.012426442466676235,,2019-05-16,,0.168
8CH4YM6E,1,1,2024-12-06,2025-03-13,97.0,Early,0,1,0,1,0,0,0.20464427769184113,0.1743222177028656,2019-05-16,2031.0,0.168
8CH4YN8E,1,0,,2024-04-09,,Missed,0,0,0,0,1,0,0.0779886245727539,,2019-05-16,,0.168
8CH4Z6UE,0,0,,,,Censored No Alarm,0,0,0,0,0,1,0.002309865318238735,,2019-05-16,,0.168
8CH5214E,1,1,2024-01-17,2024-02-15,29.0,On time,1,0,0,0,0,0,0.3083513677120209,0.2132510542869568,2019-05-16,1707.0,0.168
8CH52U5E,0,0,,,,Censored No Alarm,0,0,0,0,0,1,0.0028633633628487587,,2019-05-16,,0.168
8CH5B9LE,0,0,,,,Censored No Alarm,0,0,0,0,0,1,0.0020805338863283396,,2019-05-16,,0.168
8CH5E8EE,1,0,,2023-04-04,,Missed,0,0,0,0,1,0,0.05549544095993042,,2019-05-16,,0.168
8CH5HRYE,1,1,2024-04-20,2024-12-24,248.0,Early,0,1,0,1,0,0,0.18960538506507874,0.1807589828968048,2019-05-16,1801.0,0.168
8CHRG6JE,0,0,,,,Censored No Alarm,0,0,0,0,0,1,0.0015588061651214957,,2019-11-25,,0.168
8CHU2WSE,0,0,,,,Censored No Alarm,0,0,0,0,0,1,0.0010612736223265529,,2020-06-18,,0.168
8CHU7R9E,1,0,,2024-11-09,,Missed,0,0,0,0,1,0,0.03560871258378029,,2021-05-05,,0.168
8CHUHHXE,0,0,,,,Censored No Alarm,0,0,0,0,0,1,0.028018783777952194,,2020-06-26,,0.168
8CJMA59E,0,0,,,,Censored No Alarm,0,0,0,0,0,1,0.0012982788030058146,,2024-04-02,,0.168
8DG1BB5Y,0,0,,,,Censored No Alarm,0,0,0,0,0,1,0.0014813754241913557,,2024-12-20,,0.168
8DG3MU5D,0,0,,,,Censored No Alarm,0,0,0,0,0,1,0.002160721691325307,,2018-07-12,,0.168
8DG4SAUD,0,0,,,,Censored No Alarm,0,0,0,0,0,1,0.003750813892111182,,2018-07-12,,0.168
8DG4SAZD,0,0,,,,Censored No Alarm,0,0,0,0,0,1,0.0018958686850965023,,2018-07-12,,0.168
8DG52U7D,0,0,,,,Censored No Alarm,0,0,0,0,0,1,0.0015456518158316612,,2018-07-12,,0.168
8DG52W9D,0,0,,,,Censored No Alarm,0,0,0,0,0,1,0.001756929443217814,,2018-07-12,,0.168
8DG52WND,0,0,,,,Censored No Alarm,0,0,0,0,0,1,0.0016196698416024446,,2018-07-12,,0.168
8DG6S3UD,1,0,,2024-06-11,,Missed,0,0,0,0,1,0,0.048252008855342865,,2018-07-12,,0.168
8DG88GTY,0,0,,,,Censored No Alarm,0,0,0,0,0,1,0.0014970189658924937,,2025-01-01,,0.168
8DG93TXY,0,0,,,,Censored No Alarm,0,0,0,0,0,1,0.0013529686257243156,,2024-04-01,,0.168
8DJE2HWH,0,0,,,,Censored No Alarm,0,0,0,0,0,1,0.0024897430557757616,,2019-01-05,,0.168
8DJEPPSH,0,0,,,,Censored No Alarm,0,0,0,0,0,1,0.0024617561139166355,,2019-01-05,,0.168
8DJEPTWH,0,0,,,,Censored No Alarm,0,0,0,0,0,1,0.0020483210682868958,,2019-01-05,,0.168
8DJEUXLH,0,0,,,,Censored No Alarm,0,0,0,0,0,1,0.04867751896381378,,2019-01-05,,0.168
8DK5NDLH,0,0,,,,Censored No Alarm,0,0,0,0,0,1,0.001060800044797361,,2020-01-03,,0.168
8DKHU24H,0,0,,,,Censored No Alarm,0,0,0,0,0,1,0.0012051401427015662,,2019-12-29,,0.168
8DKUD8AH,0,0,,,,Censored No Alarm,0,0,0,0,0,1,0.0025186422280967236,,2019-01-05,,0.168
8DKV390H,0,0,,,,Censored No Alarm,0,0,0,0,0,1,0.0018000613199546933,,2019-03-01,,0.168
8HG28M3H,0,0,,,,Censored No Alarm,0,0,0,0,0,1,0.0023449966683983803,,2019-03-01,,0.168
8HG7LGUH,1,0,,2025-06-01,,Missed,0,0,0,0,1,0,0.1192551851272583,,2019-06-01,,0.168
8HGBYHPH,0,0,,,,Censored No Alarm,0,0,0,0,0,1,0.0008084317669272423,,2021-10-03,,0.168
8HGNAB0H,0,0,,,,Censored No Alarm,0,0,0,0,0,1,0.0027647519018501043,,2019-03-28,,0.168
8HGZPYVH,0,1,2022-12-17,,,Censored Early,0,0,1,1,0,0,0.33652615547180176,0.1804703325033188,2019-01-05,1442.0,0.168
8HH12ZPH,0,0,,,,Censored No Alarm,0,0,0,0,0,1,0.001827001920901239,,2018-11-14,,0.168
8HH5JYSH,0,0,,,,Censored No Alarm,0,0,0,0,0,1,0.0016720924759283662,,2018-11-14,,0.168
8HH8BNRH,0,0,,,,Censored No Alarm,0,0,0,0,0,1,0.002806487726047635,,2019-03-28,,0.168
8HH8P7RH,0,0,,,,Censored No Alarm,0,0,0,0,0,1,0.0014008384896442294,,2019-03-02,,0.168
8HH901KH,0,0,,,,Censored No Alarm,0,0,0,0,0,1,0.002251261379569769,,2019-03-28,,0.168
8HH9ZRUH,0,0,,,,Censored No Alarm,0,0,0,0,0,1,0.002396285068243742,,2019-03-01,,0.168
8HHARE1H,1,1,2023-03-12,2023-03-24,12.0,On time,1,0,0,0,0,0,0.4414009153842926,0.21645312011241913,2019-08-13,1307.0,0.168
8HHARGBH,0,0,,,,Censored No Alarm,0,0,0,0,0,1,0.001541038160212338,,2019-03-02,,0.168
8HHATBKH,0,0,,,,Censored No Alarm,0,0,0,0,0,1,0.0023477808572351933,,2019-03-01,,0.168
8HHJXENH,0,0,,,,Censored No Alarm,0,0,0,0,0,1,0.002720198594033718,,2019-01-05,,0.168
8HHNHSUH,1,0,,2024-12-06,,Missed,0,0,0,0,1,0,0.0628337487578392,,2019-05-04,,0.168
8HHPUREH,1,1,2023-08-09,2024-05-16,281.0,Early,0,1,0,1,0,0,0.21923041343688965,0.2030191421508789,2018-11-14,1729.0,0.168
8HHT1P2H,0,0,,,,Censored No Alarm,0,0,0,0,0,1,0.01064031571149826,,2018-11-14,,0.168
8HHTWXYH,0,0,,,,Censored No Alarm,0,0,0,0,0,1,0.001837930059991777,,2018-11-14,,0.168
8HHZ6MGH,0,0,,,,Censored No Alarm,0,0,0,0,0,1,0.002027208684012294,,2018-11-14,,0.168
8HJ1NNDH,0,0,,,,Censored No Alarm,0,0,0,0,0,1,0.001533330767415464,,2018-11-14,,0.168
8HJ6SJAH,0,0,,,,Censored No Alarm,0,0,0,0,0,1,0.04125069081783295,,2018-11-14,,0.168
8HJ6SJTH,0,0,,,,Censored No Alarm,0,0,0,0,0,1,0.0012693862663581967,,2018-11-14,,0.168
8HJ74BPH,0,0,,,,Censored No Alarm,0,0,0,0,0,1,0.0018173869466409087,,2018-11-14,,0.168
8HJ7UJHH,0,0,,,,Censored No Alarm,0,0,0,0,0,1,0.0020166418980807066,,2018-11-14,,0.168
8HJ7Y9BH,0,0,,,,Censored No Alarm,0,0,0,0,0,1,0.03760174289345741,,2018-11-14,,0.168
8HJ7Z0DH,0,0,,,,Censored No Alarm,0,0,0,0,0,1,0.0019151333253830671,,2019-05-04,,0.168
8HJ7Z10H,0,0,,,,Censored No Alarm,0,0,0,0,0,1,0.0016765017062425613,,2018-11-14,,0.168
8HJ7Z1MH,0,0,,,,Censored No Alarm,0,0,0,0,0,1,0.007634370122104883,,2018-11-14,,0.168
8HJ86APH,0,0,,,,Censored No Alarm,0,0,0,0,0,1,0.024969352409243584,,2018-11-14,,0.168
8HJ86NXH,0,0,,,,Censored No Alarm,0,0,0,0,0,1,0.0016919135814532638,,2019-05-04,,0.168
8HJ8LEXH,0,0,,,,Censored No Alarm,0,0,0,0,0,1,0.052845828235149384,,2019-05-04,,0.168
8HJ8LKMH,1,0,,2026-03-14,,Missed,0,0,0,0,1,0,0.11495485156774521,,2018-11-14,,0.168
8HJ91WDH,0,0,,,,Censored No Alarm,0,0,0,0,0,1,0.0017380259232595563,,2019-05-04,,0.168
8HJ94EVH,0,0,,,,Censored No Alarm,0,0,0,0,0,1,0.0015734296757727861,,2018-11-14,,0.168
8HJ9JWTH,0,0,,,,Censored No Alarm,0,0,0,0,0,1,0.0014549450716003776,,2018-11-14,,0.168
8HJ9K7HH,1,0,,2025-01-28,,Missed,0,0,0,0,1,0,0.15720291435718536,,2018-11-14,,0.168
8HJ9KKGH,0,0,,,,Censored No Alarm,0,0,0,0,0,1,0.001652343780733645,,2019-05-04,,0.168
8HJ9KN1H,0,0,,,,Censored No Alarm,0,0,0,0,0,1,0.002229961333796382,,2018-11-14,,0.168
8HJ9LS1H,0,0,,,,Censored No Alarm,0,0,0,0,0,1,0.0015772382030263543,,2018-11-14,,0.168
8HJ9M5NH,0,0,,,,Censored No Alarm,0,0,0,0,0,1,0.002309423638507724,,2018-11-14,,0.168
8HJ9M94H,0,0,,,,Censored No Alarm,0,0,0,0,0,1,0.0015868993941694498,,2018-11-14,,0.168
8HJ9MZBH,0,0,,,,Censored No Alarm,0,0,0,0,0,1,0.0017807818949222565,,2019-05-04,,0.168
8HJ9NHPH,0,0,,,,Censored No Alarm,0,0,0,0,0,1,0.0020342546049505472,,2018-11-14,,0.168
8HJ9NKKH,0,0,,,,Censored No Alarm,0,0,0,0,0,1,0.0019235885702073574,,2018-11-14,,0.168
8HJ9RYSH,0,0,,,,Censored No Alarm,0,0,0,0,0,1,0.0016615751665085554,,2018-11-14,,0.168
8HJ9S05H,0,0,,,,Censored No Alarm,0,0,0,0,0,1,0.0011708009988069534,,2018-11-14,,0.168
8HJ9S0EH,0,0,,,,Censored No Alarm,0,0,0,0,0,1,0.0018347138538956642,,2018-11-14,,0.168
8HJ9Y3ZH,0,0,,,,Censored No Alarm,0,0,0,0,0,1,0.002671539317816496,,2019-05-04,,0.168
8HJA085H,0,0,,,,Censored No Alarm,0,0,0,0,0,1,0.0013853558339178562,,2018-11-14,,0.168
8HJA2DPH,0,0,,,,Censored No Alarm,0,0,0,0,0,1,0.0011495096841827035,,2018-11-14,,0.168
8HJA8DBH,0,0,,,,Censored No Alarm,0,0,0,0,0,1,0.0016444165958091617,,2018-11-14,,0.168
8HJBNYTH,0,0,,,,Censored No Alarm,0,0,0,0,0,1,0.1049049124121666,,2019-01-05,,0.168
8HJDK12H,0,0,,,,Censored No Alarm,0,0,0,0,0,1,0.0011290577240288258,,2018-11-14,,0.168
8HJDX4PH,0,0,,,,Censored No Alarm,0,0,0,0,0,1,0.0003072042600251734,,2018-11-14,,0.168
8HJEY89H,0,0,,,,Censored No Alarm,0,0,0,0,0,1,0.0021395403891801834,,2019-03-01,,0.168
8HJG85RH,0,0,,,,Censored No Alarm,0,0,0,0,0,1,0.0006428322521969676,,2019-03-01,,0.168
8HJGZPXH,0,0,,,,Censored No Alarm,0,0,0,0,0,1,0.0024408288300037384,,2018-11-14,,0.168
8HJH62EH,0,0,,,,Censored No Alarm,0,0,0,0,0,1,0.003050274448469281,,2018-11-14,,0.168
8HJH8RWH,0,0,,,,Censored No Alarm,0,0,0,0,0,1,0.004071769304573536,,2019-03-01,,0.168
8HJK2HSH,0,0,,,,Censored No Alarm,0,0,0,0,0,1,0.00956063624471426,,2018-11-14,,0.168
8HJLKZRH,0,0,,,,Censored No Alarm,0,0,0,0,0,1,0.001128991600126028,,2018-11-14,,0.168
8HJRD7PH,0,0,,,,Censored No Alarm,0,0,0,0,0,1,0.0014525142032653093,,2019-03-01,,0.168
8HJRUMWH,0,0,,,,Censored No Alarm,0,0,0,0,0,1,0.0015956333372741938,,2018-11-14,,0.168
8HJRVW4H,0,0,,,,Censored No Alarm,0,0,0,0,0,1,0.01728982664644718,,2018-11-14,,0.168
8HJUGTVH,0,0,,,,Censored No Alarm,0,0,0,0,0,1,0.07674054056406021,,2018-11-14,,0.168
8HJVJKPH,0,0,,,,Censored No Alarm,0,0,0,0,0,1,0.004168535582721233,,2018-11-14,,0.168
8HJVUAGH,0,0,,,,Censored No Alarm,0,0,0,0,0,1,0.002860815729945898,,2018-11-14,,0.168
8HJWBJXH,0,0,,,,Censored No Alarm,0,0,0,0,0,1,0.0013772930251434445,,2018-11-14,,0.168
8HJWHD6H,0,0,,,,Censored No Alarm,0,0,0,0,0,1,0.0040216874331235886,,2018-11-14,,0.168
8HJWHEJH,0,0,,,,Censored No Alarm,0,0,0,0,0,1,0.0031775846146047115,,2019-03-28,,0.168
8HJXG0WH,1,0,,2022-05-01,,Missed,0,0,0,0,1,0,0.005435430444777012,,2018-11-14,,0.168
8HJXKBDH,0,0,,,,Censored No Alarm,0,0,0,0,0,1,0.0023318412713706493,,2019-03-01,,0.168
8HJXU87H,0,0,,,,Censored No Alarm,0,0,0,0,0,1,0.06182980537414551,,2018-11-14,,0.168
8HJY20MH,0,0,,,,Censored No Alarm,0,0,0,0,0,1,0.0016046797391027212,,2018-11-14,,0.168
8HJYTXWH,0,0,,,,Censored No Alarm,0,0,0,0,0,1,0.0014488049782812595,,2018-11-14,,0.168
8HJYU0JH,0,0,,,,Censored No Alarm,0,0,0,0,0,1,0.00026200039428658783,,2018-11-14,,0.168
8HJYZNZH,0,0,,,,Censored No Alarm,0,0,0,0,0,1,0.0016773176612332463,,2018-11-14,,0.168
8HJZ13TH,0,0,,,,Censored No Alarm,0,0,0,0,0,1,0.0022264777217060328,,2018-11-14,,0.168
8HJZADEH,0,0,,,,Censored No Alarm,0,0,0,0,0,1,0.0013832768891006708,,2018-11-14,,0.168
8HJZEG6H,1,0,,2023-11-17,,Missed,0,0,0,0,1,0,0.06597928702831268,,2018-11-14,,0.168
8HJZG4AH,0,0,,,,Censored No Alarm,0,0,0,0,0,1,0.0013777812710031867,,2018-11-14,,0.168
8HJZNVWH,0,0,,,,Censored No Alarm,0,0,0,0,0,1,0.00025896361330524087,,2018-11-14,,0.168
8HK087WH,0,0,,,,Censored No Alarm,0,0,0,0,0,1,0.11290093511343002,,2018-11-14,,0.168
8HK0HH3H,0,0,,,,Censored No Alarm,0,0,0,0,0,1,0.0007669520564377308,,2018-11-14,,0.168
8HK12NNH,0,0,,,,Censored No Alarm,0,0,0,0,0,1,0.0011628922075033188,,2018-11-14,,0.168
8HK17SKH,0,1,2025-09-25,,,Censored Early,0,0,1,1,0,0,0.24690864980220795,0.1865961253643036,2018-11-14,2507.0,0.168
8HK17SWH,0,0,,,,Censored No Alarm,0,0,0,0,0,1,0.0015713792527094483,,2018-11-14,,0.168
8HK17SYH,0,0,,,,Censored No Alarm,0,0,0,0,0,1,0.1259622573852539,,2018-11-14,,0.168
8HK19K9H,0,0,,,,Censored No Alarm,0,0,0,0,0,1,0.001672799582593143,,2018-11-14,,0.168
8HK19KVH,0,0,,,,Censored No Alarm,0,0,0,0,0,1,0.0013591237366199493,,2018-11-14,,0.168
8HK1KY3H,0,0,,,,Censored No Alarm,0,0,0,0,0,1,0.002510532969608903,,2018-11-14,,0.168
8HK1LYPH,0,0,,,,Censored No Alarm,0,0,0,0,0,1,0.0034201187081635,,2018-11-14,,0.168
8HK1N18H,0,0,,,,Censored No Alarm,0,0,0,0,0,1,0.0017783526564016938,,2018-11-14,,0.168
8HK1PV7H,0,0,,,,Censored No Alarm,0,0,0,0,0,1,0.000980659737251699,,2018-11-14,,0.168
8HK1UULH,0,0,,,,Censored No Alarm,0,0,0,0,0,1,0.0018480969592928886,,2018-11-14,,0.168
8HK1XAAH,1,0,,2021-10-24,,Missed,0,0,0,0,1,0,0.00026278867153450847,,2018-11-14,,0.168
8HK224GH,0,0,,,,Censored No Alarm,0,0,0,0,0,1,0.0014249730156734586,,2018-11-14,,0.168
8HK25XSH,0,0,,,,Censored No Alarm,0,0,0,0,0,1,0.025328991934657097,,2018-11-14,,0.168
8HK266WH,0,0,,,,Censored No Alarm,0,0,0,0,0,1,0.008164739236235619,,2018-11-14,,0.168
8HK28TJH,0,0,,,,Censored No Alarm,0,0,0,0,0,1,0.003536657663062215,,2018-11-14,,0.168
8HK28Y0H,0,0,,,,Censored No Alarm,0,0,0,0,0,1,0.001780071877874434,,2018-11-14,,0.168
8HK2A1EH,0,0,,,,Censored No Alarm,0,0,0,0,0,1,0.0013728856574743986,,2019-06-01,,0.168
8HK2BA6H,0,0,,,,Censored No Alarm,0,0,0,0,0,1,0.001842919853515923,,2018-11-14,,0.168
8HK2BAEH,0,0,,,,Censored No Alarm,0,0,0,0,0,1,0.0015169659163802862,,2018-11-14,,0.168
8HK2DVKH,0,0,,,,Censored No Alarm,0,0,0,0,0,1,0.0017660309094935656,,2018-11-14,,0.168
8HK2JXUH,0,0,,,,Censored No Alarm,0,0,0,0,0,1,0.0030946338083595037,,2019-03-28,,0.168
8HK2KY6H,0,0,,,,Censored No Alarm,0,0,0,0,0,1,0.0016846994403749704,,2018-11-14,,0.168
8HK2MXPH,0,0,,,,Censored No Alarm,0,0,0,0,0,1,0.005095496773719788,,2018-11-14,,0.168
8HK2RMWH,0,0,,,,Censored No Alarm,0,0,0,0,0,1,0.009777050465345383,,2018-11-14,,0.168
8HK2RNWH,0,0,,,,Censored No Alarm,0,0,0,0,0,1,0.002333141630515456,,2018-11-14,,0.168
8HK2RP9H,0,0,,,,Censored No Alarm,0,0,0,0,0,1,0.0026309757959097624,,2018-11-14,,0.168
8HK2VLMH,0,0,,,,Censored No Alarm,0,0,0,0,0,1,0.0012367499293759465,,2018-11-14,,0.168
8HK2X4YH,0,0,,,,Censored No Alarm,0,0,0,0,0,1,0.0014322010101750493,,2018-11-14,,0.168
8HK2ZPDH,0,0,,,,Censored No Alarm,0,0,0,0,0,1,0.0027396921068429947,,2019-05-04,,0.168
8HK2ZT1H,0,0,,,,Censored No Alarm,0,0,0,0,0,1,0.0021164927165955305,,2018-11-14,,0.168
8HK31WMH,0,0,,,,Censored No Alarm,0,0,0,0,0,1,0.0028648844454437494,,2019-05-04,,0.168
8HK31Y8H,0,0,,,,Censored No Alarm,0,0,0,0,0,1,0.0021931224036961794,,2018-11-14,,0.168
8HK341ZH,0,0,,,,Censored No Alarm,0,0,0,0,0,1,0.015383892692625523,,2018-11-14,,0.168
8HK34EZH,0,0,,,,Censored No Alarm,0,0,0,0,0,1,0.018069026991724968,,2018-11-14,,0.168
8HK3BWZH,0,0,,,,Censored No Alarm,0,0,0,0,0,1,0.019339734688401222,,2018-11-14,,0.168
8HK3GTLH,0,0,,,,Censored No Alarm,0,0,0,0,0,1,0.011132890358567238,,2018-11-14,,0.168
8HK3GUXH,0,0,,,,Censored No Alarm,0,0,0,0,0,1,0.0009399658883921802,,2018-11-14,,0.168
8HK3MMSH,0,0,,,,Censored No Alarm,0,0,0,0,0,1,0.0017294019926339388,,2018-11-14,,0.168
8HK3NG2H,0,0,,,,Censored No Alarm,0,0,0,0,0,1,0.0006940223393030465,,2018-11-14,,0.168
8HK3NJMH,0,0,,,,Censored No Alarm,0,0,0,0,0,1,0.0024336802307516336,,2018-11-14,,0.168
8HK41HEH,0,0,,,,Censored No Alarm,0,0,0,0,0,1,0.0008734026923775673,,2018-11-14,,0.168
8HK69BMH,0,0,,,,Censored No Alarm,0,0,0,0,0,1,0.002087318804115057,,2019-03-01,,0.168
8HK6T2AH,0,0,,,,Censored No Alarm,0,0,0,0,0,1,0.0028971554711461067,,2018-11-14,,0.168
8HK6TL7H,0,0,,,,Censored No Alarm,0,0,0,0,0,1,0.0012027891352772713,,2018-11-14,,0.168
8HK6UUDH,0,0,,,,Censored No Alarm,0,0,0,0,0,1,0.0020077675580978394,,2019-03-28,,0.168
8HK6V14H,0,0,,,,Censored No Alarm,0,0,0,0,0,1,0.002816128311678767,,2018-11-14,,0.168
8HK6VSKH,1,1,2024-03-06,2024-03-10,4.0,On time,1,0,0,0,0,0,0.45715346932411194,0.20245061814785004,2018-11-14,1939.0,0.168
8HK70X7H,0,0,,,,Censored No Alarm,0,0,0,0,0,1,0.011759941466152668,,2018-11-14,,0.168
8HK7194H,0,0,,,,Censored No Alarm,0,0,0,0,0,1,0.03359382599592209,,2018-11-14,,0.168
8HK72J0H,0,0,,,,Censored No Alarm,0,0,0,0,0,1,0.004171272274106741,,2018-11-14,,0.168
8HK7DKMH,0,0,,,,Censored No Alarm,0,0,0,0,0,1,0.0015731705352663994,,2019-03-02,,0.168
8HK7E5DH,0,0,,,,Censored No Alarm,0,0,0,0,0,1,0.0011707335943356156,,2018-11-14,,0.168
8HK7E68H,0,0,,,,Censored No Alarm,0,0,0,0,0,1,0.0019074169686064124,,2018-11-14,,0.168
8HK7H58H,0,0,,,,Censored No Alarm,0,0,0,0,0,1,0.0017283486668020487,,2018-11-14,,0.168
8HK80P1H,0,0,,,,Censored No Alarm,0,0,0,0,0,1,0.02074890024960041,,2019-01-05,,0.168
8HKB2WEH,0,0,,,,Censored No Alarm,0,0,0,0,0,1,0.025005413219332695,,2019-01-05,,0.168
8HKB3M2H,0,0,,,,Censored No Alarm,0,0,0,0,0,1,0.001971851335838437,,2019-01-05,,0.168
8HKB4R4H,0,0,,,,Censored No Alarm,0,0,0,0,0,1,0.001727346796542406,,2019-05-04,,0.168
8HKBBKKH,0,0,,,,Censored No Alarm,0,0,0,0,0,1,0.026505542919039726,,2018-11-14,,0.168
8HKBYNVH,0,0,,,,Censored No Alarm,0,0,0,0,0,1,0.0022814981639385223,,2019-05-04,,0.168
8HKE039H,0,0,,,,Censored No Alarm,0,0,0,0,0,1,0.02889973670244217,,2018-11-14,,0.168
8HKE6E1H,0,0,,,,Censored No Alarm,0,0,0,0,0,1,0.002857038052752614,,2019-01-05,,0.168
8HKE8S7H,0,0,,,,Censored No Alarm,0,0,0,0,0,1,0.024779191240668297,,2019-01-05,,0.168
8HKEAWEH,0,0,,,,Censored No Alarm,0,0,0,0,0,1,0.001018853741697967,,2019-06-01,,0.168
8HKEKYRH,0,0,,,,Censored No Alarm,0,0,0,0,0,1,0.0012496248818933964,,2019-06-01,,0.168
8HKG0GWH,0,0,,,,Censored No Alarm,0,0,0,0,0,1,0.0028915656730532646,,2019-01-05,,0.168
8HKHPZHH,0,0,,,,Censored No Alarm,0,0,0,0,0,1,0.001234505558386445,,2019-06-01,,0.168
8HKJ4MAH,0,0,,,,Censored No Alarm,0,0,0,0,0,1,0.0013274828670546412,,2019-03-01,,0.168
8HKJ5KDH,1,0,,2025-06-29,,Missed,0,0,0,0,1,0,0.0021317016799002886,,2018-11-14,,0.168
8HKL6STH,0,0,,,,Censored No Alarm,0,0,0,0,0,1,0.0012885450851172209,,2019-03-02,,0.168
8HKLRUSH,0,1,2026-02-11,,,Censored Early,0,0,1,1,0,0,0.2620106637477875,0.19237133860588074,2019-03-01,2539.0,0.168
8HKM415H,0,0,,,,Censored No Alarm,0,0,0,0,0,1,0.0021682593505829573,,2019-03-01,,0.168
8HKM5RVH,0,0,,,,Censored No Alarm,0,0,0,0,0,1,0.0035171909257769585,,2019-03-28,,0.168
8HKM654H,0,0,,,,Censored No Alarm,0,0,0,0,0,1,0.0031640895176678896,,2019-03-28,,0.168
8HKM9Z1H,0,0,,,,Censored No Alarm,0,0,0,0,0,1,0.0008472225745208561,,2019-03-28,,0.168
8HKMR21H,1,0,,2020-09-02,,Missed,0,0,0,0,1,0,0.08550696820020676,,2019-03-28,,0.168
8HKNMW1H,0,0,,,,Censored No Alarm,0,0,0,0,0,1,0.0017485164571553469,,2019-05-04,,0.168
8HKNN28H,0,0,,,,Censored No Alarm,0,0,0,0,0,1,0.04108532890677452,,2019-06-01,,0.168
8HKPM7RH,0,0,,,,Censored No Alarm,0,0,0,0,0,1,0.0022541882935911417,,2019-03-02,,0.168
8HKPZY9H,1,1,2024-06-12,2024-08-13,62.0,Early,0,1,0,1,0,0,0.2272137552499771,0.1731894463300705,2019-03-28,1903.0,0.168
8HKRER2H,0,0,,,,Censored No Alarm,0,0,0,0,0,1,0.0037396408151835203,,2019-06-01,,0.168
8HKS4X3H,0,0,,,,Censored No Alarm,0,0,0,0,0,1,0.06426431238651276,,2019-03-02,,0.168
8HKTBA3H,1,0,,2024-09-22,,Missed,0,0,0,0,1,0,0.11394844949245453,,2019-03-01,,0.168
8HKTE54H,0,0,,,,Censored No Alarm,0,0,0,0,0,1,0.0017653628019616008,,2019-03-01,,0.168
8HKTH2SH,1,0,,2023-11-27,,Missed,0,0,0,0,1,0,0.0019632342737168074,,2019-03-01,,0.168
8HKTK0XH,0,0,,,,Censored No Alarm,0,0,0,0,0,1,0.0023859876673668623,,2019-01-05,,0.168
8HKU0DXH,0,0,,,,Censored No Alarm,0,0,0,0,0,1,0.0010283333249390125,,2019-03-01,,0.168
8HKU3YTH,1,1,2023-11-07,2024-07-13,249.0,Early,0,1,0,1,0,0,0.2287421077489853,0.18142105638980865,2019-03-01,1712.0,0.168
8HKU4WXH,0,0,,,,Censored No Alarm,0,0,0,0,0,1,0.009788736701011658,,2019-01-05,,0.168
8HKUEJHH,1,0,,2025-04-25,,Missed,0,0,0,0,1,0,0.0033275585155934095,,2019-03-28,,0.168
8HKVW60H,0,0,,,,Censored No Alarm,0,0,0,0,0,1,0.0017611050279811025,,2019-03-28,,0.168
8HKW4NPH,0,0,,,,Censored No Alarm,0,0,0,0,0,1,0.0009324014536105096,,2019-06-01,,0.168
8HKWV1GH,0,0,,,,Censored No Alarm,0,0,0,0,0,1,0.0009813738288357854,,2019-01-05,,0.168
8HKWXJYH,0,0,,,,Censored No Alarm,0,0,0,0,0,1,0.0030618212185800076,,2019-03-28,,0.168
8HKY0KHH,1,1,2023-04-13,2024-05-14,397.0,Early,0,1,0,1,0,0,0.4941621422767639,0.2082413136959076,2019-03-01,1504.0,0.168
8HKY66PH,0,0,,,,Censored No Alarm,0,0,0,0,0,1,0.001033454085700214,,2019-03-01,,0.168
8HKYJ38H,0,0,,,,Censored No Alarm,0,0,0,0,0,1,0.002138907089829445,,2019-03-28,,0.168
8HKYZ6YH,0,0,,,,Censored No Alarm,0,0,0,0,0,1,0.0024357277434319258,,2019-03-28,,0.168
8HKZ213H,0,0,,,,Censored No Alarm,0,0,0,0,0,1,0.0018868742045015097,,2019-01-05,,0.168
8HKZDBRH,0,0,,,,Censored No Alarm,0,0,0,0,0,1,0.0010155384661629796,,2019-06-01,,0.168
8HKZL75H,0,0,,,,Censored No Alarm,0,0,0,0,0,1,0.012912205420434475,,2019-05-04,,0.168
AAG0EXPH,0,0,,,,Censored No Alarm,0,0,0,0,0,1,0.0008879436063580215,,2019-01-05,,0.168
AAG0LHRH,0,0,,,,Censored No Alarm,0,0,0,0,0,1,0.0025148128625005484,,2019-01-05,,0.168
AAG121VH,0,0,,,,Censored No Alarm,0,0,0,0,0,1,0.005292970221489668,,2019-03-01,,0.168
AAG16VPH,0,0,,,,Censored No Alarm,0,0,0,0,0,1,0.0016950832214206457,,2019-01-05,,0.168
AAG18L0H,0,0,,,,Censored No Alarm,0,0,0,0,0,1,0.0012943673646077514,,2019-03-28,,0.168
AAG18MEH,0,0,,,,Censored No Alarm,0,0,0,0,0,1,0.001799429883249104,,2019-03-01,,0.168
AAG197UH,0,0,,,,Censored No Alarm,0,0,0,0,0,1,0.0016728441696614027,,2019-06-01,,0.168
AAG1LSNH,1,0,,2025-07-30,,Missed,0,0,0,0,1,0,0.10979975014925003,,2019-01-05,,0.168
AAG1LSVH,0,0,,,,Censored No Alarm,0,0,0,0,0,1,0.0043166340328752995,,2019-01-05,,0.168
AAG1LW3H,1,0,,2024-09-03,,Missed,0,0,0,0,1,0,0.16483838856220245,,2019-01-05,,0.168
AAG1PLVH,0,0,,,,Censored No Alarm,0,0,0,0,0,1,0.0021741881500929594,,2019-03-28,,0.168
AAG1PM9H,0,0,,,,Censored No Alarm,0,0,0,0,0,1,0.0013698262628167868,,2019-03-28,,0.168
AAG1RJAH,0,0,,,,Censored No Alarm,0,0,0,0,0,1,0.11021383851766586,,2019-03-28,,0.168
AAG1RK5H,0,0,,,,Censored No Alarm,0,0,0,0,0,1,0.0017234899569302797,,2019-01-05,,0.168
AAG1RR9H,0,0,,,,Censored No Alarm,0,0,0,0,0,1,0.00277630053460598,,2019-03-28,,0.168
AAG1RUJH,0,0,,,,Censored No Alarm,0,0,0,0,0,1,0.0026800117921084166,,2019-03-28,,0.168
AAG1TGGH,0,0,,,,Censored No Alarm,0,0,0,0,0,1,0.00301217008382082,,2019-01-05,,0.168
AAG1VJYH,0,0,,,,Censored No Alarm,0,0,0,0,0,1,0.0020871893502771854,,2019-03-28,,0.168
AAG1VNPH,0,0,,,,Censored No Alarm,0,0,0,0,0,1,0.0019262899877503514,,2019-01-05,,0.168
AAG1Z4AH,0,0,,,,Censored No Alarm,0,0,0,0,0,1,0.015262058936059475,,2019-08-13,,0.168
AAG23A2H,0,0,,,,Censored No Alarm,0,0,0,0,0,1,0.09072501957416534,,2019-01-05,,0.168
AAG23AKH,0,0,,,,Censored No Alarm,0,0,0,0,0,1,0.0018432163633406162,,2019-01-05,,0.168
AAG23AVH,0,0,,,,Censored No Alarm,0,0,0,0,0,1,0.0026183261070400476,,2019-03-28,,0.168
AAG246TH,0,0,,,,Censored No Alarm,0,0,0,0,0,1,0.0008793146116659045,,2019-06-01,,0.168
AAG24UVH,0,0,,,,Censored No Alarm,0,0,0,0,0,1,0.0017374600283801556,,2019-01-05,,0.168
AAG24VXH,0,0,,,,Censored No Alarm,0,0,0,0,0,1,0.0019259820692241192,,2019-01-05,,0.168
AAG26NBH,1,0,,2023-10-19,,Missed,0,0,0,0,1,0,0.09321040660142899,,2019-03-28,,0.168
AAG26TPH,0,0,,,,Censored No Alarm,0,0,0,0,0,1,0.1122124195098877,,2019-03-28,,0.168
AAG26U9H,1,0,,2023-01-26,,Missed,0,0,0,0,1,0,0.026895219460129738,,2019-06-01,,0.168
AAG27VEH,0,0,,,,Censored No Alarm,0,0,0,0,0,1,0.003006263403221965,,2019-03-28,,0.168
AAG27W2H,0,0,,,,Censored No Alarm,0,0,0,0,0,1,0.0020178526174277067,,2019-03-01,,0.168
AAG27XPH,1,0,,2025-10-06,,Missed,0,0,0,0,1,0,0.0017097488744184375,,2019-03-28,,0.168
AAG27ZLH,0,0,,,,Censored No Alarm,0,0,0,0,0,1,0.003136971965432167,,2019-03-28,,0.168
AAG281TH,1,0,,2024-07-25,,Missed,0,0,0,0,1,0,0.10241231322288513,,2019-01-05,,0.168
AAG2GGJH,0,0,,,,Censored No Alarm,0,0,0,0,0,1,0.0013508846750482917,,2019-06-01,,0.168
AAG2JGJH,1,0,,2026-02-10,,Missed,0,0,0,0,1,0,0.044335585087537766,,2019-06-01,,0.168
AAG2JL4H,0,0,,,,Censored No Alarm,0,0,0,0,0,1,0.0018383240094408393,,2019-01-05,,0.168
AAG2RZJH,0,0,,,,Censored No Alarm,0,0,0,0,0,1,0.001015844289213419,,2019-03-28,,0.168
AAG2S62H,0,0,,,,Censored No Alarm,0,0,0,0,0,1,0.0027894871309399605,,2019-03-28,,0.168
AAG2S9YH,0,0,,,,Censored No Alarm,0,0,0,0,0,1,0.0008154098759405315,,2019-06-01,,0.168
AAG2SAYH,0,0,,,,Censored No Alarm,0,0,0,0,0,1,0.000979859847575426,,2019-08-14,,0.168
AAG2SJ3H,0,0,,,,Censored No Alarm,0,0,0,0,0,1,0.0009480082662776113,,2019-08-13,,0.168
AAG2VSVH,0,0,,,,Censored No Alarm,0,0,0,0,0,1,0.0017621306469663978,,2019-03-28,,0.168
AAG2Y6JH,0,0,,,,Censored No Alarm,0,0,0,0,0,1,0.0015722517855465412,,2019-03-28,,0.168
AAG2Z67H,0,0,,,,Censored No Alarm,0,0,0,0,0,1,0.0010000537149608135,,2019-06-01,,0.168
AAG2ZU1H,0,0,,,,Censored No Alarm,0,0,0,0,0,1,0.0012584876967594028,,2019-06-01,,0.168
AAG305AH,0,0,,,,Censored No Alarm,0,0,0,0,0,1,0.0012504167389124632,,2019-06-01,,0.168
AAG306GH,0,0,,,,Censored No Alarm,0,0,0,0,0,1,0.009320151060819626,,2019-01-05,,0.168
AAG34Z4H,0,0,,,,Censored No Alarm,0,0,0,0,0,1,0.00245654140599072,,2019-01-05,,0.168
AAG350BH,0,1,2025-07-29,,,Censored Early,0,0,1,1,0,0,0.2634667754173279,0.2266513556241989,2019-03-28,2315.0,0.168
AAG350TH,0,0,,,,Censored No Alarm,0,0,0,0,0,1,0.0012294122716411948,,2019-03-28,,0.168
AAG3512H,0,0,,,,Censored No Alarm,0,0,0,0,0,1,0.0007143319235183299,,2019-03-28,,0.168
AAG352AH,0,0,,,,Censored No Alarm,0,0,0,0,0,1,0.0013124494580551982,,2019-06-01,,0.168
AAG353EH,0,0,,,,Censored No Alarm,0,0,0,0,0,1,0.0017224154435098171,,2019-01-05,,0.168
AAG35LWH,0,1,2024-09-20,,,Censored Early,0,0,1,1,0,0,0.182879239320755,0.17531710863113403,2019-01-05,2085.0,0.168
AAG401PH,0,0,,,,Censored No Alarm,0,0,0,0,0,1,0.0029544297140091658,,2019-01-05,,0.168
AAG46YHH,0,0,,,,Censored No Alarm,0,0,0,0,0,1,0.002437870018184185,,2019-03-28,,0.168
AAG477BH,0,0,,,,Censored No Alarm,0,0,0,0,0,1,0.0015364746795967221,,2019-01-05,,0.168
AAG478DH,0,0,,,,Censored No Alarm,0,0,0,0,0,1,0.002801259746775031,,2019-03-28,,0.168
AAG48B3H,0,0,,,,Censored No Alarm,0,0,0,0,0,1,0.0009962336625903845,,2019-03-02,,0.168
AAG4AA9H,0,0,,,,Censored No Alarm,0,0,0,0,0,1,0.01969652995467186,,2019-03-01,,0.168
AAG4VESH,0,1,2024-04-23,,,Censored Early,0,0,1,1,0,0,0.40118932723999023,0.1928418129682541,2019-03-01,1880.0,0.168
AAG4Z4YH,0,0,,,,Censored No Alarm,0,0,0,0,0,1,0.008214695379137993,,2019-03-01,,0.168
AAG4Z52H,0,0,,,,Censored No Alarm,0,0,0,0,0,1,0.0016392127145081758,,2019-03-02,,0.168
AAG4Z5AH,1,1,2024-09-12,2025-03-14,183.0,Early,0,1,0,1,0,0,0.2075110375881195,0.17556685209274292,2019-01-05,2077.0,0.168
AAG4ZABH,0,0,,,,Censored No Alarm,0,0,0,0,0,1,0.0013332493836060166,,2019-03-01,,0.168
AAG51RHH,0,0,,,,Censored No Alarm,0,0,0,0,0,1,0.001031161635182798,,2019-01-05,,0.168
AAG540GH,0,0,,,,Censored No Alarm,0,0,0,0,0,1,0.002119774464517832,,2019-03-28,,0.168
AAG5DTTH,0,0,,,,Censored No Alarm,0,0,0,0,0,1,0.0030249948613345623,,2019-03-28,,0.168
AAG5Y4DH,0,0,,,,Censored No Alarm,0,0,0,0,0,1,0.002930884249508381,,2019-01-05,,0.168
AAG5Y4LH,0,0,,,,Censored No Alarm,0,0,0,0,0,1,0.005380985792726278,,2019-01-05,,0.168
AAG5Y4TH,0,0,,,,Censored No Alarm,0,0,0,0,0,1,0.002979210577905178,,2019-01-05,,0.168
AAG5Y4UH,0,0,,,,Censored No Alarm,0,0,0,0,0,1,0.001821741578169167,,2019-01-05,,0.168
AAG5Y5UH,0,0,,,,Censored No Alarm,0,0,0,0,0,1,0.014290655963122845,,2019-01-05,,0.168
AAG5YJ4H,0,0,,,,Censored No Alarm,0,0,0,0,0,1,0.006335321348160505,,2019-03-28,,0.168
AAG5YLKH,0,0,,,,Censored No Alarm,0,0,0,0,0,1,0.0008157580741681159,,2019-03-01,,0.168
AAG5YYBH,0,0,,,,Censored No Alarm,0,0,0,0,0,1,0.0020965931471437216,,2019-01-05,,0.168
AAG5YYKH,1,1,2024-12-15,2025-09-30,289.0,Early,0,1,0,1,0,0,0.35675978660583496,0.1716088205575943,2019-01-05,2171.0,0.168
AAG5YZ8H,0,0,,,,Censored No Alarm,0,0,0,0,0,1,0.002457151422277093,,2019-03-28,,0.168
AAG5YZZH,1,0,,2025-07-30,,Missed,0,0,0,0,1,0,0.013091129250824451,,2019-03-02,,0.168
AAG613MH,0,0,,,,Censored No Alarm,0,0,0,0,0,1,0.0015581545885652304,,2019-01-05,,0.168
AAG613RH,1,0,,2025-06-06,,Missed,0,0,0,0,1,0,0.0011945741716772318,,2019-01-05,,0.168
AAG61KPH,0,0,,,,Censored No Alarm,0,0,0,0,0,1,0.005744374357163906,,2019-03-28,,0.168
AAG61LHH,1,1,2023-12-23,2024-05-17,146.0,Early,0,1,0,1,0,0,0.40410029888153076,0.18818482756614685,2019-03-01,1758.0,0.168
AAG61NEH,0,0,,,,Censored No Alarm,0,0,0,0,0,1,0.002219676971435547,,2019-01-05,,0.168
AAG61NZH,0,0,,,,Censored No Alarm,0,0,0,0,0,1,0.07368116825819016,,2019-03-28,,0.168
AAG61P2H,0,0,,,,Censored No Alarm,0,0,0,0,0,1,0.0018291291780769825,,2019-03-01,,0.168
AAG61UMH,0,0,,,,Censored No Alarm,0,0,0,0,0,1,0.0068073570728302,,2019-01-05,,0.168
AAG61WRH,0,0,,,,Censored No Alarm,0,0,0,0,0,1,0.002122905571013689,,2019-03-01,,0.168
AAG61Z1H,0,0,,,,Censored No Alarm,0,0,0,0,0,1,0.0025878462474793196,,2019-01-05,,0.168
AAG61ZAH,0,0,,,,Censored No Alarm,0,0,0,0,0,1,0.004412902984768152,,2019-03-01,,0.168
AAG620PH,0,0,,,,Censored No Alarm,0,0,0,0,0,1,0.0026978538371622562,,2019-03-28,,0.168
AAG621WH,0,0,,,,Censored No Alarm,0,0,0,0,0,1,0.0013488295953720808,,2019-01-05,,0.168
AAG623DH,0,0,,,,Censored No Alarm,0,0,0,0,0,1,0.0013512307778000832,,2019-01-05,,0.168
AAG6376H,0,0,,,,Censored No Alarm,0,0,0,0,0,1,0.0033508199267089367,,2019-03-28,,0.168
AAG637RH,1,0,,2022-05-21,,Missed,0,0,0,0,1,0,0.00026870204601436853,,2019-01-05,,0.168
AAG6381H,0,0,,,,Censored No Alarm,0,0,0,0,0,1,0.0018992299446836114,,2019-01-05,,0.168
AAG638GH,0,0,,,,Censored No Alarm,0,0,0,0,0,1,0.0018290936714038253,,2019-01-05,,0.168
AAG639BH,0,0,,,,Censored No Alarm,0,0,0,0,0,1,0.014535482972860336,,2019-01-05,,0.168
AAG63DLH,0,0,,,,Censored No Alarm,0,0,0,0,0,1,0.0021456184331327677,,2019-03-28,,0.168
AAG63JSH,0,0,,,,Censored No Alarm,0,0,0,0,0,1,0.0015646129613742232,,2019-03-02,,0.168
AAG63PJH,0,0,,,,Censored No Alarm,0,0,0,0,0,1,0.00233072554692626,,2019-03-28,,0.168
AAG63PKH,1,1,2022-05-21,2022-05-22,1.0,On time,1,0,0,0,0,0,0.19858427345752716,0.1690702736377716,2019-03-01,1177.0,0.168
AAG63PLH,0,0,,,,Censored No Alarm,0,0,0,0,0,1,0.0022634724155068398,,2019-03-01,,0.168
AAG63RGH,0,0,,,,Censored No Alarm,0,0,0,0,0,1,0.0017614293610677123,,2019-03-01,,0.168
AAG63TMH,1,1,2025-07-18,2025-09-02,46.0,Early,0,1,0,1,0,0,0.23818878829479218,0.1857132613658905,2019-03-02,2330.0,0.168
AAG63TSH,0,0,,,,Censored No Alarm,0,0,0,0,0,1,0.009952511638402939,,2019-03-28,,0.168
AAG63V6H,0,0,,,,Censored No Alarm,0,0,0,0,0,1,0.06808699667453766,,2019-03-28,,0.168
AAG63WHH,1,0,,2025-11-30,,Missed,0,0,0,0,1,0,0.13187913596630096,,2019-01-05,,0.168
AAG63Z8H,1,1,2025-09-13,2025-09-28,15.0,On time,1,0,0,0,0,0,0.43412888050079346,0.18419936299324036,2019-03-01,2388.0,0.168
AAG6417H,1,1,2024-05-30,2024-06-06,7.0,On time,1,0,0,0,0,0,0.43304795026779175,0.24206553399562836,2019-03-01,1917.0,0.168
AAG6436H,0,0,,,,Censored No Alarm,0,0,0,0,0,1,0.0008623102330602705,,2019-06-01,,0.168
AAG64VXH,0,0,,,,Censored No Alarm,0,0,0,0,0,1,0.015186067670583725,,2019-01-05,,0.168
AAG6509H,0,0,,,,Censored No Alarm,0,0,0,0,0,1,0.0025443786289542913,,2019-03-28,,0.168
AAG67UZH,0,0,,,,Censored No Alarm,0,0,0,0,0,1,0.006586129777133465,,2019-03-28,,0.168
AAG67V3H,1,1,2024-08-01,2025-06-20,323.0,Early,0,1,0,1,0,0,0.17801576852798462,0.17301233112812042,2019-03-01,1980.0,0.168
AAG67VBH,0,0,,,,Censored No Alarm,0,0,0,0,0,1,0.005744619760662317,,2019-03-28,,0.168
AAG67W3H,0,0,,,,Censored No Alarm,0,0,0,0,0,1,0.0016549249412491918,,2019-03-01,,0.168
AAG67Z8H,0,0,,,,Censored No Alarm,0,0,0,0,0,1,0.0016329444479197264,,2019-06-01,,0.168
AAG682YH,1,1,2024-02-11,2024-07-04,144.0,Early,0,1,0,1,0,0,0.4029926657676697,0.20409561693668365,2019-03-28,1781.0,0.168
AAG683JH,0,0,,,,Censored No Alarm,0,0,0,0,0,1,0.002767456229776144,,2019-03-01,,0.168
AAG686GH,0,0,,,,Censored No Alarm,0,0,0,0,0,1,0.00143445935100317,,2019-03-02,,0.168
AAG6870H,0,0,,,,Censored No Alarm,0,0,0,0,0,1,0.002848602132871747,,2019-01-05,,0.168
AAG6878H,0,0,,,,Censored No Alarm,0,0,0,0,0,1,0.0015154342399910092,,2019-01-05,,0.168
AAG687GH,0,0,,,,Censored No Alarm,0,0,0,0,0,1,0.0017883912660181522,,2019-03-01,,0.168
AAG687MH,0,0,,,,Censored No Alarm,0,0,0,0,0,1,0.0022392470855265856,,2019-03-28,,0.168
AAG68AGH,0,0,,,,Censored No Alarm,0,0,0,0,0,1,0.0007032693247310817,,2019-06-01,,0.168
AAG68AKH,0,0,,,,Censored No Alarm,0,0,0,0,0,1,0.10474075376987457,,2019-03-02,,0.168
AAG68AUH,0,0,,,,Censored No Alarm,0,0,0,0,0,1,0.002520984271541238,,2019-01-05,,0.168
AAG68AXH,0,0,,,,Censored No Alarm,0,0,0,0,0,1,0.0034148795530200005,,2019-03-28,,0.168
AAG68BRH,0,0,,,,Censored No Alarm,0,0,0,0,0,1,0.15252646803855896,,2019-01-05,,0.168
AAG68EWH,1,0,,2023-04-01,,Missed,0,0,0,0,1,0,0.09959317743778229,,2019-01-05,,0.168
AAG68EXH,1,0,,2024-06-19,,Missed,0,0,0,0,1,0,0.04286859557032585,,2019-01-05,,0.168
AAG68KVH,0,0,,,,Censored No Alarm,0,0,0,0,0,1,0.0024459846317768097,,2019-01-05,,0.168
AAG691PH,0,0,,,,Censored No Alarm,0,0,0,0,0,1,0.0010744680184870958,,2019-06-01,,0.168
AAG691VH,0,0,,,,Censored No Alarm,0,0,0,0,0,1,0.0410655215382576,,2019-01-05,,0.168
AAG69LHH,0,0,,,,Censored No Alarm,0,0,0,0,0,1,0.0006900973967276514,,2019-06-01,,0.168
AAG69TTH,0,0,,,,Censored No Alarm,0,0,0,0,0,1,0.0017690587555989623,,2019-03-01,,0.168
AAG69WWH,0,0,,,,Censored No Alarm,0,0,0,0,0,1,0.0022441702894866467,,2019-01-05,,0.168
AAG69YWH,0,0,,,,Censored No Alarm,0,0,0,0,0,1,0.0020480910316109657,,2019-03-02,,0.168
AAG6A03H,0,0,,,,Censored No Alarm,0,0,0,0,0,1,0.002349935006350279,,2019-03-02,,0.168
AAG6A07H,0,0,,,,Censored No Alarm,0,0,0,0,0,1,0.004892235156148672,,2019-03-01,,0.168
AAG6A0AH,0,0,,,,Censored No Alarm,0,0,0,0,0,1,0.0026613769587129354,,2019-01-05,,0.168
AAG6AATH,0,0,,,,Censored No Alarm,0,0,0,0,0,1,0.0007263781153596938,,2019-06-01,,0.168
AAG6AV4H,0,0,,,,Censored No Alarm,0,0,0,0,0,1,0.0014924975112080574,,2019-03-01,,0.168
AAG6AWTH,1,0,,2024-07-08,,Missed,0,0,0,0,1,0,0.1048576831817627,,2019-03-28,,0.168
AAG6AX6H,0,0,,,,Censored No Alarm,0,0,0,0,0,1,0.003204347100108862,,2019-03-28,,0.168
AAG6B4HH,0,0,,,,Censored No Alarm,0,0,0,0,0,1,0.00244957790710032,,2019-03-28,,0.168
AAG6B5KH,0,0,,,,Censored No Alarm,0,0,0,0,0,1,0.0025683478452265263,,2019-03-28,,0.168
AAG6DT9H,1,0,,2019-04-25,,Missed,0,0,0,0,1,0,0.00030003368738107383,,2019-03-01,,0.168
AAG6DVEH,0,0,,,,Censored No Alarm,0,0,0,0,0,1,0.01986991986632347,,2019-03-01,,0.168
AAG6DXTH,0,0,,,,Censored No Alarm,0,0,0,0,0,1,0.009072314016520977,,2019-01-05,,0.168
AAG6E2HH,0,0,,,,Censored No Alarm,0,0,0,0,0,1,0.002602123189717531,,2019-03-28,,0.168
AAG6E60H,0,0,,,,Censored No Alarm,0,0,0,0,0,1,0.002022144617512822,,2019-03-01,,0.168
AAG6E7EH,0,0,,,,Censored No Alarm,0,0,0,0,0,1,0.0024666134268045425,,2019-03-28,,0.168
AAG6E7RH,0,0,,,,Censored No Alarm,0,0,0,0,0,1,0.0014072988415136933,,2019-03-02,,0.168
AAG6ESPH,0,0,,,,Censored No Alarm,0,0,0,0,0,1,0.002118895063176751,,2019-01-05,,0.168
AAG6EVRH,0,0,,,,Censored No Alarm,0,0,0,0,0,1,0.0010193920461460948,,2019-01-05,,0.168
AAG6EX3H,0,0,,,,Censored No Alarm,0,0,0,0,0,1,0.002550127450376749,,2019-01-05,,0.168
AAG6GM1H,0,0,,,,Censored No Alarm,0,0,0,0,0,1,0.002827927004545927,,2019-03-28,,0.168
AAG6H25H,0,0,,,,Censored No Alarm,0,0,0,0,0,1,0.0007658854010514915,,2019-03-01,,0.168
AAG6HG0H,0,0,,,,Censored No Alarm,0,0,0,0,0,1,0.0012261816300451756,,2019-03-01,,0.168
AAG6HSEH,0,0,,,,Censored No Alarm,0,0,0,0,0,1,0.0020691680256277323,,2019-03-02,,0.168
AAG6HYXH,0,0,,,,Censored No Alarm,0,0,0,0,0,1,0.001128082163631916,,2019-03-02,,0.168
AAG6J1MH,0,0,,,,Censored No Alarm,0,0,0,0,0,1,0.001089898287318647,,2019-01-05,,0.168
AAG6J1TH,1,0,,2025-10-07,,Missed,0,0,0,0,1,0,0.11287298053503036,,2019-03-01,,0.168
AAG6J2DH,1,0,,2024-01-03,,Missed,0,0,0,0,1,0,0.017452390864491463,,2019-03-28,,0.168
AAG6J2KH,1,1,2022-11-13,2023-10-19,340.0,Early,0,1,0,1,0,0,0.27784785628318787,0.18286879360675812,2019-01-05,1408.0,0.168
AAG6KJ6H,0,0,,,,Censored No Alarm,0,0,0,0,0,1,0.002470435341820121,,2019-03-28,,0.168
AAG6KJPH,0,0,,,,Censored No Alarm,0,0,0,0,0,1,0.002720079617574811,,2019-03-28,,0.168
AAG6KTJH,0,0,,,,Censored No Alarm,0,0,0,0,0,1,0.0020842081867158413,,2019-03-02,,0.168
AAG6KTRH,0,0,,,,Censored No Alarm,0,0,0,0,0,1,0.0016193412011489272,,2019-01-05,,0.168
AAG6KUAH,0,1,2025-12-01,,,Censored Early,0,0,1,1,0,0,0.3592958450317383,0.22077473998069763,2019-01-05,2522.0,0.168
AAG6KUJH,0,0,,,,Censored No Alarm,0,0,0,0,0,1,0.0022793738171458244,,2019-03-01,,0.168
AAG6KV6H,1,0,,2021-11-27,,Missed,0,0,0,0,1,0,0.02515576034784317,,2019-03-01,,0.168
AAG6L88H,0,0,,,,Censored No Alarm,0,0,0,0,0,1,0.002600792096927762,,2019-03-28,,0.168
AAG6L8VH,0,1,2026-01-03,,,Censored Early,0,0,1,1,0,0,0.23635607957839966,0.19073021411895752,2019-03-28,2473.0,0.168
AAG6LD7H,1,0,,2025-06-16,,Missed,0,0,0,0,1,0,0.028730055317282677,,2019-03-01,,0.168
AAG6LDTH,0,0,,,,Censored No Alarm,0,0,0,0,0,1,0.002849346026778221,,2019-03-28,,0.168
AAG6LEHH,0,0,,,,Censored No Alarm,0,0,0,0,0,1,0.0014249071246013045,,2019-03-01,,0.168
AAG6LEJH,0,0,,,,Censored No Alarm,0,0,0,0,0,1,0.0012854927917942405,,2019-03-01,,0.168
AAG6LG9H,0,0,,,,Censored No Alarm,0,0,0,0,0,1,0.002717884024605155,,2019-01-05,,0.168
AAG6LTSH,0,0,,,,Censored No Alarm,0,0,0,0,0,1,0.0109981345012784,,2019-03-01,,0.168
AAG6M3BH,0,0,,,,Censored No Alarm,0,0,0,0,0,1,0.0016620331443846226,,2019-03-02,,0.168
AAG6M8TH,0,0,,,,Censored No Alarm,0,0,0,0,0,1,0.002472775988280773,,2019-01-05,,0.168
AAG6MABH,0,0,,,,Censored No Alarm,0,0,0,0,0,1,0.002496151952072978,,2019-05-04,,0.168
AAG6NEEH,0,0,,,,Censored No Alarm,0,0,0,0,0,1,0.002866813912987709,,2019-03-28,,0.168
AAG6NP0H,1,1,2024-02-03,2024-09-22,232.0,Early,0,1,0,1,0,0,0.4071391224861145,0.16802075505256653,2019-03-01,1800.0,0.168
AAG6NPRH,1,1,2025-12-03,2026-03-12,99.0,Early,0,1,0,1,0,0,0.4262821674346924,0.18841005861759186,2019-03-01,2469.0,0.168
AAG6NRBH,1,1,2024-04-22,2024-07-11,80.0,Early,0,1,0,1,0,0,0.2253526896238327,0.20075736939907074,2019-03-28,1852.0,0.168
AAG6NRZH,0,0,,,,Censored No Alarm,0,0,0,0,0,1,0.0021776282228529453,,2019-03-28,,0.168
AAG6NS8H,0,0,,,,Censored No Alarm,0,0,0,0,0,1,0.15018205344676971,,2019-03-28,,0.168
AAG6NSKH,0,0,,,,Censored No Alarm,0,0,0,0,0,1,0.035510655492544174,,2019-01-05,,0.168
AAG6NVKH,0,0,,,,Censored No Alarm,0,0,0,0,0,1,0.0025405236519873142,,2019-01-05,,0.168
AAG6NW3H,0,0,,,,Censored No Alarm,0,0,0,0,0,1,0.0009482174064032733,,2019-06-01,,0.168
AAG6P40H,0,0,,,,Censored No Alarm,0,0,0,0,0,1,0.0018898731796070933,,2019-01-05,,0.168
AAG6P42H,0,0,,,,Censored No Alarm,0,0,0,0,0,1,0.0020796896424144506,,2019-03-01,,0.168
AAG6P4EH,0,0,,,,Censored No Alarm,0,0,0,0,0,1,0.002717767609283328,,2019-03-28,,0.168
AAG6P9AH,0,0,,,,Censored No Alarm,0,0,0,0,0,1,0.0022303687874227762,,2019-03-01,,0.168
AAG6PWBH,0,0,,,,Censored No Alarm,0,0,0,0,0,1,0.0010147019056603312,,2019-03-02,,0.168
AAG6PY2H,0,0,,,,Censored No Alarm,0,0,0,0,0,1,0.000994144007563591,,2019-01-05,,0.168
AAG6PYLH,0,0,,,,Censored No Alarm,0,0,0,0,0,1,0.000737702997867018,,2019-06-01,,0.168
AAG6R0AH,0,0,,,,Censored No Alarm,0,0,0,0,0,1,0.0011252471012994647,,2019-06-01,,0.168
AAG6R2RH,0,0,,,,Censored No Alarm,0,0,0,0,0,1,0.0013253858778625727,,2019-03-01,,0.168
AAG6R32H,0,0,,,,Censored No Alarm,0,0,0,0,0,1,0.0013540732907131314,,2019-03-01,,0.168
AAG6R48H,0,0,,,,Censored No Alarm,0,0,0,0,0,1,0.001147312461398542,,2019-03-28,,0.168
AAG6R8UH,0,0,,,,Censored No Alarm,0,0,0,0,0,1,0.0024682823568582535,,2019-03-28,,0.168
AAG6T4ZH,0,0,,,,Censored No Alarm,0,0,0,0,0,1,0.002270397264510393,,2019-03-28,,0.168
AAG6T52H,1,0,,2023-06-10,,Missed,0,0,0,0,1,0,0.0006387566099874675,,2019-06-01,,0.168
AAG6T55H,0,0,,,,Censored No Alarm,0,0,0,0,0,1,0.0011715233558788896,,2019-06-01,,0.168
AAG6T5JH,0,0,,,,Censored No Alarm,0,0,0,0,0,1,0.0025618502404540777,,2019-05-16,,0.168
AAG6T7LH,0,0,,,,Censored No Alarm,0,0,0,0,0,1,0.0012650423450395465,,2019-03-01,,0.168
AAG6T9NH,0,0,,,,Censored No Alarm,0,0,0,0,0,1,0.0012192688882350922,,2019-06-01,,0.168
AAG6TA8H,0,0,,,,Censored No Alarm,0,0,0,0,0,1,0.0028376751579344273,,2019-01-05,,0.168
AAG6TAHH,0,0,,,,Censored No Alarm,0,0,0,0,0,1,0.0037700352258980274,,2019-06-01,,0.168
AAG6TAKH,0,0,,,,Censored No Alarm,0,0,0,0,0,1,0.0007920868811197579,,2019-06-01,,0.168
AAG6TBBH,0,0,,,,Censored No Alarm,0,0,0,0,0,1,0.0016509710112586617,,2019-03-28,,0.168
AAG6TBJH,0,0,,,,Censored No Alarm,0,0,0,0,0,1,0.00392737053334713,,2019-01-05,,0.168
AAG6THHH,0,0,,,,Censored No Alarm,0,0,0,0,0,1,0.001178257749415934,,2019-06-01,,0.168
AAG6THJH,0,0,,,,Censored No Alarm,0,0,0,0,0,1,0.0010915996972471476,,2019-06-01,,0.168
AAG6THLH,0,0,,,,Censored No Alarm,0,0,0,0,0,1,0.002323571592569351,,2019-05-04,,0.168
AAG6TRKH,0,0,,,,Censored No Alarm,0,0,0,0,0,1,0.0017461037496104836,,2019-05-04,,0.168
AAG6TS8H,0,0,,,,Censored No Alarm,0,0,0,0,0,1,0.0030006689485162497,,2019-06-01,,0.168
AAG6TSUH,0,0,,,,Censored No Alarm,0,0,0,0,0,1,0.0023619181010872126,,2019-03-28,,0.168
AAG6TT1H,0,0,,,,Censored No Alarm,0,0,0,0,0,1,0.0015174500877037644,,2019-05-16,,0.168
AAG6TT9H,0,0,,,,Censored No Alarm,0,0,0,0,0,1,0.002550109289586544,,2019-03-28,,0.168
AAG6TTNH,0,0,,,,Censored No Alarm,0,0,0,0,0,1,0.002750628860667348,,2019-01-05,,0.168
AAG6TUVH,0,0,,,,Censored No Alarm,0,0,0,0,0,1,0.0009293212206102908,,2019-06-01,,0.168
AAG6TVPH,0,0,,,,Censored No Alarm,0,0,0,0,0,1,0.0035397689789533615,,2019-03-28,,0.168
AAG6TY4H,0,0,,,,Censored No Alarm,0,0,0,0,0,1,0.003993347752839327,,2019-06-01,,0.168
AAG6U5AH,0,0,,,,Censored No Alarm,0,0,0,0,0,1,0.0022100505884736776,,2019-03-01,,0.168
AAG6UKNH,0,0,,,,Censored No Alarm,0,0,0,0,0,1,0.002121541416272521,,2019-03-28,,0.168
AAG6UMGH,0,0,,,,Censored No Alarm,0,0,0,0,0,1,0.0013114497996866703,,2019-01-05,,0.168
AAG6UMJH,0,0,,,,Censored No Alarm,0,0,0,0,0,1,0.0012482854072004557,,2019-01-05,,0.168
AAG6UNKH,0,1,2025-03-12,,,Censored Early,0,0,1,1,0,0,0.19603796303272247,0.1819167137145996,2019-06-01,2111.0,0.168
AAG6US4H,0,0,,,,Censored No Alarm,0,0,0,0,0,1,0.0014895357890054584,,2019-03-01,,0.168
AAG6UT0H,0,0,,,,Censored No Alarm,0,0,0,0,0,1,0.0015930465888231993,,2019-06-01,,0.168
AAG6UU8H,0,0,,,,Censored No Alarm,0,0,0,0,0,1,0.03618614748120308,,2019-01-05,,0.168
AAG6UZTH,0,0,,,,Censored No Alarm,0,0,0,0,0,1,0.002703496953472495,,2019-03-28,,0.168
AAG6V1MH,0,0,,,,Censored No Alarm,0,0,0,0,0,1,0.002290154341608286,,2019-03-28,,0.168
AAG6V71H,0,0,,,,Censored No Alarm,0,0,0,0,0,1,0.0007815288263373077,,2019-03-01,,0.168
AAG6V7DH,0,0,,,,Censored No Alarm,0,0,0,0,0,1,0.002260728972032666,,2019-03-01,,0.168
AAG6V7VH,0,0,,,,Censored No Alarm,0,0,0,0,0,1,0.0012822571443393826,,2019-03-01,,0.168
AAG6VHXH,0,0,,,,Censored No Alarm,0,0,0,0,0,1,0.0012325153220444918,,2019-06-01,,0.168
AAG6VJKH,0,0,,,,Censored No Alarm,0,0,0,0,0,1,0.0024854051880538464,,2019-03-28,,0.168
AAG6VM8H,0,0,,,,Censored No Alarm,0,0,0,0,0,1,0.0024115522392094135,,2019-03-28,,0.168
AAG6VMBH,0,0,,,,Censored No Alarm,0,0,0,0,0,1,0.0025242562405765057,,2019-03-01,,0.168
AAG6VMGH,0,0,,,,Censored No Alarm,0,0,0,0,0,1,0.001730258227325976,,2019-03-01,,0.168
AAG6X6JH,0,0,,,,Censored No Alarm,0,0,0,0,0,1,0.002119992394000292,,2019-03-28,,0.168
AAG6XU7H,1,1,2019-07-02,2020-05-23,326.0,Early,0,1,0,1,0,0,0.4759378433227539,0.21583206951618195,2019-05-04,59.0,0.168
AAG6XWGH,0,0,,,,Censored No Alarm,0,0,0,0,0,1,0.0006276057683862746,,2019-03-01,,0.168
AAG6XWJH,1,0,,2025-04-04,,Missed,0,0,0,0,1,0,0.1546829491853714,,2019-03-28,,0.168
AAG6XXWH,0,0,,,,Censored No Alarm,0,0,0,0,0,1,0.0027108234353363514,,2019-01-05,,0.168
AAG6XYBH,0,0,,,,Censored No Alarm,0,0,0,0,0,1,0.0009968327358365059,,2019-06-01,,0.168
AAG6XYNH,0,0,,,,Censored No Alarm,0,0,0,0,0,1,0.001272761495783925,,2019-06-01,,0.168
AAG6XZ6H,0,0,,,,Censored No Alarm,0,0,0,0,0,1,0.0025354682002216578,,2019-03-28,,0.168
AAG6XZNH,0,0,,,,Censored No Alarm,0,0,0,0,0,1,0.0014225777704268694,,2019-06-01,,0.168
AAG6Y0GH,0,0,,,,Censored No Alarm,0,0,0,0,0,1,0.014911364763975143,,2019-03-01,,0.168
AAG6Y0KH,0,0,,,,Censored No Alarm,0,0,0,0,0,1,0.002777520567178726,,2019-01-05,,0.168
AAG6Y1BH,0,0,,,,Censored No Alarm,0,0,0,0,0,1,0.0011538793332874775,,2019-03-02,,0.168
AAG6Y3LH,0,0,,,,Censored No Alarm,0,0,0,0,0,1,0.0032666372135281563,,2019-03-28,,0.168
AAG6Y3UH,0,0,,,,Censored No Alarm,0,0,0,0,0,1,0.000961979734711349,,2019-06-01,,0.168
AAG6Y41H,0,0,,,,Censored No Alarm,0,0,0,0,0,1,0.002297543454915285,,2019-01-05,,0.168
AAG6Y46H,0,0,,,,Censored No Alarm,0,0,0,0,0,1,0.0012130637187510729,,2019-06-01,,0.168
AAG6YZ1H,0,0,,,,Censored No Alarm,0,0,0,0,0,1,0.0024108090437948704,,2019-03-28,,0.168
AAG6YZ9H,0,0,,,,Censored No Alarm,0,0,0,0,0,1,0.0027514032553881407,,2019-01-05,,0.168
AAG6Z0DH,0,0,,,,Censored No Alarm,0,0,0,0,0,1,0.001865023747086525,,2019-01-05,,0.168
AAG6Z17H,0,0,,,,Censored No Alarm,0,0,0,0,0,1,0.0009240077924914658,,2019-06-01,,0.168
AAG6Z1MH,0,0,,,,Censored No Alarm,0,0,0,0,0,1,0.0009240962681360543,,2019-03-01,,0.168
AAG6Z1XH,0,0,,,,Censored No Alarm,0,0,0,0,0,1,0.001712454715743661,,2019-03-01,,0.168
AAG6Z2DH,0,0,,,,Censored No Alarm,0,0,0,0,0,1,0.0012903122697025537,,2019-03-01,,0.168
AAG6Z2RH,0,0,,,,Censored No Alarm,0,0,0,0,0,1,0.001248466200195253,,2019-06-01,,0.168
AAG6Z42H,1,0,,2024-11-24,,Missed,0,0,0,0,1,0,0.03267081081867218,,2019-01-05,,0.168
AAG6Z4VH,0,0,,,,Censored No Alarm,0,0,0,0,0,1,0.0010089940624311566,,2019-03-01,,0.168
AAG6Z53H,0,0,,,,Censored No Alarm,0,0,0,0,0,1,0.002652426017448306,,2019-05-16,,0.168
AAG6ZJ9H,0,0,,,,Censored No Alarm,0,0,0,0,0,1,0.0008064555004239082,,2019-03-01,,0.168
AAG705GH,0,0,,,,Censored No Alarm,0,0,0,0,0,1,0.0012968705268576741,,2019-03-01,,0.168
AAG7078H,0,0,,,,Censored No Alarm,0,0,0,0,0,1,0.01237621158361435,,2019-05-04,,0.168
AAG70HDH,0,0,,,,Censored No Alarm,0,0,0,0,0,1,0.001531587797217071,,2019-01-05,,0.168
AAG70JEH,0,0,,,,Censored No Alarm,0,0,0,0,0,1,0.01339397020637989,,2019-06-01,,0.168
AAG70U9H,0,0,,,,Censored No Alarm,0,0,0,0,0,1,0.006174493581056595,,2019-01-05,,0.168
AAG73ZWH,0,0,,,,Censored No Alarm,0,0,0,0,0,1,0.002657279372215271,,2019-01-05,,0.168
AAG73ZZH,0,0,,,,Censored No Alarm,0,0,0,0,0,1,0.002742852084338665,,2019-03-28,,0.168
AAG740EH,0,0,,,,Censored No Alarm,0,0,0,0,0,1,0.0025725315790623426,,2019-01-05,,0.168
AAG740NH,0,0,,,,Censored No Alarm,0,0,0,0,0,1,0.0009231841540895402,,2019-06-01,,0.168
AAG740WH,0,0,,,,Censored No Alarm,0,0,0,0,0,1,0.002441203920170665,,2019-03-01,,0.168
AAG740YH,0,0,,,,Censored No Alarm,0,0,0,0,0,1,0.0013747449265792966,,2019-03-28,,0.168
AAG741PH,0,0,,,,Censored No Alarm,0,0,0,0,0,1,0.003071282058954239,,2019-03-28,,0.168
AAG742EH,0,0,,,,Censored No Alarm,0,0,0,0,0,1,0.0026871890295296907,,2019-03-28,,0.168
AAG742JH,0,0,,,,Censored No Alarm,0,0,0,0,0,1,0.010105791501700878,,2019-06-01,,0.168
AAG742WH,0,0,,,,Censored No Alarm,0,0,0,0,0,1,0.002632593037560582,,2019-01-05,,0.168
AAG7431H,0,0,,,,Censored No Alarm,0,0,0,0,0,1,0.0020095892250537872,,2019-01-05,,0.168
AAG743EH,0,0,,,,Censored No Alarm,0,0,0,0,0,1,0.002435124246403575,,2019-06-01,,0.168
AAG743UH,0,0,,,,Censored No Alarm,0,0,0,0,0,1,0.0025755271781235933,,2019-01-05,,0.168
AAG743VH,0,0,,,,Censored No Alarm,0,0,0,0,0,1,0.005890881642699242,,2019-01-05,,0.168
AAG7454H,0,0,,,,Censored No Alarm,0,0,0,0,0,1,0.0026783286593854427,,2019-03-28,,0.168
AAG74DKH,0,0,,,,Censored No Alarm,0,0,0,0,0,1,0.0022901534102857113,,2019-05-04,,0.168
AAG74EAH,1,1,2023-04-28,2025-07-27,821.0,Early,0,1,0,1,0,0,0.46738213300704956,0.2034299075603485,2019-05-04,1455.0,0.168
AAG74EBH,0,0,,,,Censored No Alarm,0,0,0,0,0,1,0.0030464602168649435,,2019-03-28,,0.168
AAG74EYH,0,0,,,,Censored No Alarm,0,0,0,0,0,1,0.0013830489479005337,,2019-06-01,,0.168
AAG74EZH,0,0,,,,Censored No Alarm,0,0,0,0,0,1,0.0009260163642466068,,2019-06-01,,0.168
AAG74VHH,0,0,,,,Censored No Alarm,0,0,0,0,0,1,0.0014511662302538753,,2019-03-01,,0.168
AAG74WRH,0,0,,,,Censored No Alarm,0,0,0,0,0,1,0.0011787011753767729,,2019-06-01,,0.168
AAG76HYH,1,1,2021-08-30,2021-09-29,30.0,On time,1,0,0,0,0,0,0.4826827943325043,0.17126142978668213,2019-03-02,912.0,0.168
AAG77A5H,0,0,,,,Censored No Alarm,0,0,0,0,0,1,0.0008454826893284917,,2019-06-01,,0.168
AAG799NH,0,0,,,,Censored No Alarm,0,0,0,0,0,1,0.0010595638304948807,,2019-03-02,,0.168
AAG79B0H,0,0,,,,Censored No Alarm,0,0,0,0,0,1,0.0023707274813205004,,2019-03-28,,0.168
AAG7A8EH,0,0,,,,Censored No Alarm,0,0,0,0,0,1,0.001748555456288159,,2019-06-01,,0.168
AAG7A9KH,0,0,,,,Censored No Alarm,0,0,0,0,0,1,0.0039515127427875996,,2019-01-05,,0.168
AAG7ADMH,0,0,,,,Censored No Alarm,0,0,0,0,0,1,0.0026284444611519575,,2019-05-16,,0.168
AAG7AGWH,0,0,,,,Censored No Alarm,0,0,0,0,0,1,0.0017239149892702699,,2019-05-04,,0.168
AAG7AHMH,0,0,,,,Censored No Alarm,0,0,0,0,0,1,0.0008256027940660715,,2019-06-01,,0.168
AAG7BP3H,0,0,,,,Censored No Alarm,0,0,0,0,0,1,0.001224334118887782,,2019-06-01,,0.168
AAG7BPKH,0,0,,,,Censored No Alarm,0,0,0,0,0,1,0.0008754198206588626,,2019-06-01,,0.168
AAG7BRGH,0,0,,,,Censored No Alarm,0,0,0,0,0,1,0.0009673139429651201,,2019-01-05,,0.168
AAG7BS8H,0,0,,,,Censored No Alarm,0,0,0,0,0,1,0.0017627194756641984,,2019-03-01,,0.168
AAG7BWAH,0,0,,,,Censored No Alarm,0,0,0,0,0,1,0.0024946825578808784,,2019-03-28,,0.168
AAG7D1SH,0,0,,,,Censored No Alarm,0,0,0,0,0,1,0.0012106155045330524,,2019-06-01,,0.168
AAG7D29H,0,0,,,,Censored No Alarm,0,0,0,0,0,1,0.0034421891905367374,,2019-03-28,,0.168
AAG7D2PH,0,0,,,,Censored No Alarm,0,0,0,0,0,1,0.0008425961132161319,,2019-06-01,,0.168
AAG7D48H,0,0,,,,Censored No Alarm,0,0,0,0,0,1,0.001292047556489706,,2019-06-01,,0.168
AAG7D4DH,0,0,,,,Censored No Alarm,0,0,0,0,0,1,0.0011420969385653734,,2019-03-01,,0.168
AAG7D85H,0,0,,,,Censored No Alarm,0,0,0,0,0,1,0.022453682497143745,,2019-06-01,,0.168
AAG7DPYH,0,0,,,,Censored No Alarm,0,0,0,0,0,1,0.017863338813185692,,2019-03-01,,0.168
AAG7DRDH,0,0,,,,Censored No Alarm,0,0,0,0,0,1,0.001779434853233397,,2019-03-01,,0.168
AAG7DS9H,0,0,,,,Censored No Alarm,0,0,0,0,0,1,0.024399027228355408,,2019-03-01,,0.168
AAG7DW0H,0,0,,,,Censored No Alarm,0,0,0,0,0,1,0.0017337719909846783,,2019-05-04,,0.168
AAG7E1MH,0,0,,,,Censored No Alarm,0,0,0,0,0,1,0.002281693508848548,,2019-03-01,,0.168
AAG7E1PH,0,0,,,,Censored No Alarm,0,0,0,0,0,1,0.0009365344885736704,,2019-01-05,,0.168
AAG7E2HH,0,0,,,,Censored No Alarm,0,0,0,0,0,1,0.0017408494604751468,,2019-03-02,,0.168
AAG7LG4H,0,0,,,,Censored No Alarm,0,0,0,0,0,1,0.0008821564842946827,,2019-03-01,,0.168
AAG7LG7H,0,0,,,,Censored No Alarm,0,0,0,0,0,1,0.0014096387894824147,,2019-05-16,,0.168
AAG7LHYH,0,0,,,,Censored No Alarm,0,0,0,0,0,1,0.002258054446429014,,2019-03-28,,0.168
AAG7LNAH,0,0,,,,Censored No Alarm,0,0,0,0,0,1,0.0009856052929535508,,2019-06-01,,0.168
AAG7LSWH,0,0,,,,Censored No Alarm,0,0,0,0,0,1,0.002917064353823662,,2019-01-05,,0.168
AAG7LTHH,1,1,2024-07-29,2024-07-29,0.0,On time,1,0,0,0,0,0,0.19793042540550232,0.19793042540550232,2019-03-28,1950.0,0.168
AAG7LZEH,0,0,,,,Censored No Alarm,0,0,0,0,0,1,0.0012039572466164827,,2019-03-02,,0.168
AAG7M25H,0,0,,,,Censored No Alarm,0,0,0,0,0,1,0.0010048471158370376,,2019-06-01,,0.168
AAG7M3NH,0,0,,,,Censored No Alarm,0,0,0,0,0,1,0.0011861901730298996,,2019-06-01,,0.168
AAG7M3TH,0,0,,,,Censored No Alarm,0,0,0,0,0,1,0.00299165234901011,,2019-03-28,,0.168
AAG7MMDH,0,0,,,,Censored No Alarm,0,0,0,0,0,1,0.0028611773159354925,,2019-05-16,,0.168
AAG7MP8H,0,0,,,,Censored No Alarm,0,0,0,0,0,1,0.000884548993781209,,2019-06-01,,0.168
AAG7MULH,1,1,2026-02-13,2026-03-13,28.0,On time,1,0,0,0,0,0,0.46939900517463684,0.41155049204826355,2019-03-02,2540.0,0.168
AAG7MUNH,0,0,,,,Censored No Alarm,0,0,0,0,0,1,0.014588800258934498,,2019-06-01,,0.168
AAG7MVMH,0,0,,,,Censored No Alarm,0,0,0,0,0,1,0.0010750608053058386,,2019-03-02,,0.168
AAG7N3ZH,0,0,,,,Censored No Alarm,0,0,0,0,0,1,0.0023234498221427202,,2019-03-28,,0.168
AAG7N5WH,0,0,,,,Censored No Alarm,0,0,0,0,0,1,0.0027931425720453262,,2019-03-28,,0.168
AAG7N62H,0,0,,,,Censored No Alarm,0,0,0,0,0,1,0.0008876416832208633,,2019-06-01,,0.168
AAG7N63H,0,0,,,,Censored No Alarm,0,0,0,0,0,1,0.002544436836615205,,2019-03-28,,0.168
AAG7N6MH,0,0,,,,Censored No Alarm,0,0,0,0,0,1,0.0024787583388388157,,2019-05-04,,0.168
AAG7PPHH,1,0,,2025-10-28,,Missed,0,0,0,0,1,0,0.023518802598118782,,2019-03-02,,0.168
AAG7R02H,0,0,,,,Censored No Alarm,0,0,0,0,0,1,0.004431745037436485,,2019-06-01,,0.168
AAG7R5VH,0,0,,,,Censored No Alarm,0,0,0,0,0,1,0.0009287963039241731,,2019-06-01,,0.168
AAG7R93H,0,0,,,,Censored No Alarm,0,0,0,0,0,1,0.0010183918057009578,,2019-06-01,,0.168
AAG7RA1H,0,0,,,,Censored No Alarm,0,0,0,0,0,1,0.0019361343001946807,,2019-01-05,,0.168
AAG7RAMH,0,0,,,,Censored No Alarm,0,0,0,0,0,1,0.0007173154153861105,,2019-03-02,,0.168
AAG7RBDH,0,0,,,,Censored No Alarm,0,0,0,0,0,1,0.0017363977385684848,,2019-05-04,,0.168
AAG90D8H,0,0,,,,Censored No Alarm,0,0,0,0,0,1,0.002388601889833808,,2019-05-04,,0.168
AAG9VK6H,0,0,,,,Censored No Alarm,0,0,0,0,0,1,0.0013143803225830197,,2019-03-02,,0.168
AAGA4YNH,0,0,,,,Censored No Alarm,0,0,0,0,0,1,0.0009083892800845206,,2019-06-01,,0.168
AAGA7W1H,1,0,,2023-04-11,,Missed,0,0,0,0,1,0,0.10054123401641846,,2019-03-01,,0.168
AAGA9E3H,0,0,,,,Censored No Alarm,0,0,0,0,0,1,0.0009772544726729393,,2019-05-04,,0.168
AAGH3VWH,0,0,,,,Censored No Alarm,0,0,0,0,0,1,0.0028609992004930973,,2019-05-27,,0.168
AAGMU4TH,0,0,,,,Censored No Alarm,0,0,0,0,0,1,0.0022676857188344,,2019-05-04,,0.168
AAGN9D2H,1,0,,2023-09-17,,Missed,0,0,0,0,1,0,0.0009514811681583524,,2019-05-04,,0.168
AAGP62KH,0,0,,,,Censored No Alarm,0,0,0,0,0,1,0.002049498725682497,,2019-06-01,,0.168
AAGUS87H,0,0,,,,Censored No Alarm,0,0,0,0,0,1,0.0016010908875614405,,2019-08-14,,0.168
AAGVX4UH,0,0,,,,Censored No Alarm,0,0,0,0,0,1,0.002642085077241063,,2019-05-04,,0.168
AAGWTB0H,0,0,,,,Censored No Alarm,0,0,0,0,0,1,0.11244954913854599,,2019-06-01,,0.168
AAGXDBZH,0,1,2023-09-06,,,Censored Early,0,0,1,1,0,0,0.3227847218513489,0.1772681325674057,2019-05-16,1574.0,0.168
AAGXLP2H,0,0,,,,Censored No Alarm,0,0,0,0,0,1,0.0012138312449678779,,2019-06-01,,0.168
AAGXMJSH,0,0,,,,Censored No Alarm,0,0,0,0,0,1,0.001886763609945774,,2019-05-04,,0.168
AAGXU8YH,0,0,,,,Censored No Alarm,0,0,0,0,0,1,0.002596474951133132,,2019-05-16,,0.168
AAGXUBRH,0,0,,,,Censored No Alarm,0,0,0,0,0,1,0.001132441684603691,,2019-05-04,,0.168
AAGXV97H,0,0,,,,Censored No Alarm,0,0,0,0,0,1,0.0014266505604609847,,2024-03-13,,0.168
AAGXW8VH,0,0,,,,Censored No Alarm,0,0,0,0,0,1,0.0015046370681375265,,2019-08-14,,0.168
AAGXWUWH,0,0,,,,Censored No Alarm,0,0,0,0,0,1,0.0019568810239434242,,2019-05-04,,0.168
AAGXY3MH,1,0,,2025-04-09,,Missed,0,0,0,0,1,0,0.010863850824534893,,2019-05-16,,0.168
AAH22T7H,0,0,,,,Censored No Alarm,0,0,0,0,0,1,0.06261782348155975,,2019-05-04,,0.168
AAH4NTGH,0,0,,,,Censored No Alarm,0,0,0,0,0,1,0.0009760178509168327,,2019-05-04,,0.168
AAH6DU2H,0,1,2024-11-27,,,Censored Early,0,0,1,1,0,0,0.3217935562133789,0.19669325649738312,2019-08-14,1932.0,0.168
AAH78SAH,0,0,,,,Censored No Alarm,0,0,0,0,0,1,0.001988945761695504,,2019-05-04,,0.168
AAH7HJSH,0,0,,,,Censored No Alarm,0,0,0,0,0,1,0.0018725324189290404,,2019-05-04,,0.168
AAH7HKHH,0,0,,,,Censored No Alarm,0,0,0,0,0,1,0.002388986060395837,,2019-05-04,,0.168
AAH7HNDH,0,0,,,,Censored No Alarm,0,0,0,0,0,1,0.0027484006714075804,,2019-05-04,,0.168
AAH7X19H,0,0,,,,Censored No Alarm,0,0,0,0,0,1,0.0019265898736193776,,2019-05-04,,0.168
AAH86SEH,0,0,,,,Censored No Alarm,0,0,0,0,0,1,0.0018705192487686872,,2019-05-04,,0.168
AAH8BLDH,0,0,,,,Censored No Alarm,0,0,0,0,0,1,0.0021885521709918976,,2019-05-04,,0.168
AAH8HPVH,0,0,,,,Censored No Alarm,0,0,0,0,0,1,0.04364149644970894,,2019-05-04,,0.168
AAH8LPUH,0,0,,,,Censored No Alarm,0,0,0,0,0,1,0.0011765995295718312,,2019-05-04,,0.168
AAH8P7WH,0,0,,,,Censored No Alarm,0,0,0,0,0,1,0.0008270200341939926,,2019-05-27,,0.168
AAH8R0LH,0,0,,,,Censored No Alarm,0,0,0,0,0,1,0.002678357996046543,,2019-05-04,,0.168
AAH8RG4H,0,0,,,,Censored No Alarm,0,0,0,0,0,1,0.0030799899250268936,,2019-05-04,,0.168
AAH8V76H,0,0,,,,Censored No Alarm,0,0,0,0,0,1,0.0012558032758533955,,2019-05-04,,0.168
AAH8V7KH,0,0,,,,Censored No Alarm,0,0,0,0,0,1,0.0018854638328775764,,2019-05-04,,0.168
AAH90NAH,1,0,,2023-04-19,,Missed,0,0,0,0,1,0,0.03817301243543625,,2019-05-04,,0.168
AAH919BH,0,0,,,,Censored No Alarm,0,0,0,0,0,1,0.0026463516987860203,,2019-05-04,,0.168
AAH9285H,0,0,,,,Censored No Alarm,0,0,0,0,0,1,0.001854674075730145,,2019-05-04,,0.168
AAH92GHH,0,0,,,,Censored No Alarm,0,0,0,0,0,1,0.0027607830706983805,,2019-05-04,,0.168
AAH92HRH,0,0,,,,Censored No Alarm,0,0,0,0,0,1,0.0016227522864937782,,2019-05-04,,0.168
AAH92JGH,0,0,,,,Censored No Alarm,0,0,0,0,0,1,0.0039028411265462637,,2019-05-04,,0.168
AAH92V3H,0,0,,,,Censored No Alarm,0,0,0,0,0,1,0.002807937329635024,,2019-05-04,,0.168
AAH9301H,1,0,,2023-12-23,,Missed,0,0,0,0,1,0,0.1228863000869751,,2019-05-04,,0.168
AAH9305H,0,0,,,,Censored No Alarm,0,0,0,0,0,1,0.002378875156864524,,2019-05-04,,0.168
AAH9307H,1,0,,2023-04-09,,Missed,0,0,0,0,1,0,0.0015157696325331926,,2019-05-04,,0.168
AAH93MDH,0,0,,,,Censored No Alarm,0,0,0,0,0,1,0.04568779096007347,,2019-05-04,,0.168
AAH93RZH,0,0,,,,Censored No Alarm,0,0,0,0,0,1,0.003055289853364229,,2019-05-04,,0.168
AAH953TH,0,0,,,,Censored No Alarm,0,0,0,0,0,1,0.0027139654848724604,,2019-05-04,,0.168
AAH9618H,0,0,,,,Censored No Alarm,0,0,0,0,0,1,0.0020825862884521484,,2019-05-04,,0.168
AAH9689H,0,0,,,,Censored No Alarm,0,0,0,0,0,1,0.0019305483438074589,,2019-05-04,,0.168
AAH96AUH,0,0,,,,Censored No Alarm,0,0,0,0,0,1,0.02207259088754654,,2019-05-04,,0.168
AAH97BZH,0,1,2025-06-30,,,Censored Early,0,0,1,1,0,0,0.3137454092502594,0.18012692034244537,2019-05-04,2249.0,0.168
AAH99PNH,0,0,,,,Censored No Alarm,0,0,0,0,0,1,0.002883728826418519,,2019-05-04,,0.168
AAH9BERH,0,0,,,,Censored No Alarm,0,0,0,0,0,1,0.0011723684147000313,,2019-05-04,,0.168
AAHAS1MH,0,0,,,,Censored No Alarm,0,0,0,0,0,1,0.00106196035631001,,2019-05-27,,0.168
AAHAS9TH,0,0,,,,Censored No Alarm,0,0,0,0,0,1,0.0012545478530228138,,2019-05-27,,0.168
AAHB6YXH,0,0,,,,Censored No Alarm,0,0,0,0,0,1,0.0011353655718266964,,2019-05-27,,0.168
AAHB8Z9H,0,0,,,,Censored No Alarm,0,0,0,0,0,1,0.0031023165211081505,,2019-05-27,,0.168
AAHBKUHH,0,0,,,,Censored No Alarm,0,0,0,0,0,1,0.0009490593220107257,,2019-05-27,,0.168
AAHD7S9H,0,0,,,,Censored No Alarm,0,0,0,0,0,1,0.003456685459241271,,2019-05-19,,0.168
AAHDJD5H,0,0,,,,Censored No Alarm,0,0,0,0,0,1,0.0009005728061310947,,2019-05-27,,0.168
AAHDJDSH,0,0,,,,Censored No Alarm,0,0,0,0,0,1,0.0008943194407038391,,2019-05-27,,0.168
AAHDJH3H,0,0,,,,Censored No Alarm,0,0,0,0,0,1,0.000997532973997295,,2019-05-27,,0.168
AAHDUS5H,0,0,,,,Censored No Alarm,0,0,0,0,0,1,0.0009763816487975419,,2019-05-27,,0.168
AAHDUT6H,0,0,,,,Censored No Alarm,0,0,0,0,0,1,0.0010586637072265148,,2019-05-27,,0.168
AAHDYR0H,0,0,,,,Censored No Alarm,0,0,0,0,0,1,0.0009124790085479617,,2019-05-27,,0.168
AAHE23AH,0,0,,,,Censored No Alarm,0,0,0,0,0,1,0.0005072703934274614,,2019-05-27,,0.168
AAHE4SAH,0,0,,,,Censored No Alarm,0,0,0,0,0,1,0.0008692804840393364,,2019-05-27,,0.168
AAHEAGWH,0,0,,,,Censored No Alarm,0,0,0,0,0,1,0.0029574274085462093,,2019-05-27,,0.168
AAHEAHLH,0,0,,,,Censored No Alarm,0,0,0,0,0,1,0.0006783698336221278,,2019-05-27,,0.168
AAHED32H,0,0,,,,Censored No Alarm,0,0,0,0,0,1,0.0008366433321498334,,2019-05-27,,0.168
AAHED3GH,0,0,,,,Censored No Alarm,0,0,0,0,0,1,0.0452866367995739,,2019-05-27,,0.168
AAHED8NH,0,0,,,,Censored No Alarm,0,0,0,0,0,1,0.000783810275606811,,2019-05-27,,0.168
AAHED98H,0,0,,,,Censored No Alarm,0,0,0,0,0,1,0.0009793913923203945,,2019-05-27,,0.168
AAHEEVKH,0,0,,,,Censored No Alarm,0,0,0,0,0,1,0.0006817542598582804,,2019-05-27,,0.168
AAHEHEEH,0,0,,,,Censored No Alarm,0,0,0,0,0,1,0.0006164486985653639,,2019-05-27,,0.168
AAHEHHMH,0,0,,,,Censored No Alarm,0,0,0,0,0,1,0.0007233259384520352,,2019-05-27,,0.168
AAHEHJ0H,0,0,,,,Censored No Alarm,0,0,0,0,0,1,0.0010251523926854134,,2019-06-01,,0.168
AAHEHJ1H,0,0,,,,Censored No Alarm,0,0,0,0,0,1,0.0007603057892993093,,2019-05-27,,0.168
AAHEHL5H,0,0,,,,Censored No Alarm,0,0,0,0,0,1,0.0013330931542441249,,2019-05-27,,0.168
AAHEHP8H,0,0,,,,Censored No Alarm,0,0,0,0,0,1,0.0018858104012906551,,2019-05-27,,0.168
AAHEHRSH,0,0,,,,Censored No Alarm,0,0,0,0,0,1,0.0011821757070720196,,2019-05-27,,0.168
AAHEHS0H,0,0,,,,Censored No Alarm,0,0,0,0,0,1,0.0007450534612871706,,2019-05-27,,0.168
AAHEHTDH,0,0,,,,Censored No Alarm,0,0,0,0,0,1,0.0008595555555075407,,2019-05-27,,0.168
AAHEHTNH,0,0,,,,Censored No Alarm,0,0,0,0,0,1,0.0008336532046087086,,2019-05-27,,0.168
AAHEHTPH,0,0,,,,Censored No Alarm,0,0,0,0,0,1,0.000707302475348115,,2019-05-27,,0.168
AAHEHVUH,0,0,,,,Censored No Alarm,0,0,0,0,0,1,0.0008887338335625827,,2019-05-27,,0.168
AAHEHY7H,0,0,,,,Censored No Alarm,0,0,0,0,0,1,0.0010017137974500656,,2019-05-27,,0.168
AAHEHZ2H,0,0,,,,Censored No Alarm,0,0,0,0,0,1,0.0009126815712079406,,2019-05-27,,0.168
AAHEHZPH,0,0,,,,Censored No Alarm,0,0,0,0,0,1,0.0010918456828221679,,2019-05-27,,0.168
AAHEHZXH,0,0,,,,Censored No Alarm,0,0,0,0,0,1,0.0015785197028890252,,2019-05-27,,0.168
AAHEJ43H,0,0,,,,Censored No Alarm,0,0,0,0,0,1,0.0008199172443710268,,2019-05-27,,0.168
AAHEJ4KH,0,0,,,,Censored No Alarm,0,0,0,0,0,1,0.0007499807979911566,,2019-05-27,,0.168
AAHEJ76H,0,0,,,,Censored No Alarm,0,0,0,0,0,1,0.0008265639189630747,,2019-05-27,,0.168
AAHEJDXH,0,0,,,,Censored No Alarm,0,0,0,0,0,1,0.003937304951250553,,2019-05-27,,0.168
AAHEJE4H,0,0,,,,Censored No Alarm,0,0,0,0,0,1,0.0008957061218097806,,2019-05-27,,0.168
AAHEJHKH,0,0,,,,Censored No Alarm,0,0,0,0,0,1,0.0007827820954844356,,2019-05-27,,0.168
AAHGYKJH,1,0,,2024-07-24,,Missed,0,0,0,0,1,0,0.009056244045495987,,2019-08-13,,0.168
AAHH59AH,0,0,,,,Censored No Alarm,0,0,0,0,0,1,0.001695962157100439,,2019-08-14,,0.168
AAHHAXAH,0,0,,,,Censored No Alarm,0,0,0,0,0,1,0.0009408592013642192,,2019-08-13,,0.168
AAHHXJ2H,0,0,,,,Censored No Alarm,0,0,0,0,0,1,0.0014951846096664667,,2019-08-13,,0.168
AAHJG5XH,0,0,,,,Censored No Alarm,0,0,0,0,0,1,0.0022755099926143885,,2019-08-14,,0.168
AAHJP8BH,0,0,,,,Censored No Alarm,0,0,0,0,0,1,0.05230039358139038,,2019-06-01,,0.168
AAHK5PUH,0,0,,,,Censored No Alarm,0,0,0,0,0,1,0.02158363163471222,,2019-06-01,,0.168
AAHK8NRH,0,0,,,,Censored No Alarm,0,0,0,0,0,1,0.0012312926119193435,,2019-08-13,,0.168
AAHKERJH,1,0,,2026-01-13,,Missed,0,0,0,0,1,0,0.07957525551319122,,2019-08-13,,0.168
AAHKKR8H,0,0,,,,Censored No Alarm,0,0,0,0,0,1,0.0013596551725640893,,2019-08-14,,0.168
AAHKLDKH,0,0,,,,Censored No Alarm,0,0,0,0,0,1,0.0014107654569670558,,2019-06-01,,0.168
AAHKM55H,1,0,,2025-03-25,,Missed,0,0,0,0,1,0,0.052675504237413406,,2019-08-14,,0.168
AAHKMW2H,1,0,,2022-01-12,,Missed,0,0,0,0,1,0,0.011637040413916111,,2019-06-01,,0.168
AAHKS17H,1,0,,2025-07-07,,Missed,0,0,0,0,1,0,0.09309618920087814,,2019-06-01,,0.168
AAHKWLAH,0,1,2025-05-04,,,Censored Early,0,0,1,1,0,0,0.37368547916412354,0.17009948194026947,2019-08-14,2090.0,0.168
AAHKX43H,1,0,,2019-11-25,,Missed,0,0,0,0,1,0,0.07224182039499283,,2019-08-14,,0.168
AAHKXKYH,0,0,,,,Censored No Alarm,0,0,0,0,0,1,0.024956319481134415,,2019-08-13,,0.168
AAHKXLYH,0,0,,,,Censored No Alarm,0,0,0,0,0,1,0.0008926058653742075,,2019-08-14,,0.168
AAHKXNHH,0,0,,,,Censored No Alarm,0,0,0,0,0,1,0.01673056185245514,,2019-08-14,,0.168
AAHKXZ7H,0,0,,,,Censored No Alarm,0,0,0,0,0,1,0.0008983214502222836,,2019-08-14,,0.168
AAHKYETH,0,0,,,,Censored No Alarm,0,0,0,0,0,1,0.0025710174813866615,,2019-05-16,,0.168
AAHL0PKH,0,0,,,,Censored No Alarm,0,0,0,0,0,1,0.001065223477780819,,2019-08-13,,0.168
AAHL0TLH,0,0,,,,Censored No Alarm,0,0,0,0,0,1,0.027835356071591377,,2019-06-01,,0.168
AAHL4K8H,0,0,,,,Censored No Alarm,0,0,0,0,0,1,0.003995385020971298,,2019-05-16,,0.168
AAHL5LRH,1,0,,2024-09-01,,Missed,0,0,0,0,1,0,0.14881816506385803,,2019-08-13,,0.168
AAHL9A9H,0,0,,,,Censored No Alarm,0,0,0,0,0,1,0.056406665593385696,,2019-08-13,,0.168
AAHL9XJH,0,0,,,,Censored No Alarm,0,0,0,0,0,1,0.017777491360902786,,2019-08-14,,0.168
AAHL9XLH,0,0,,,,Censored No Alarm,0,0,0,0,0,1,0.0016661143163219094,,2019-08-14,,0.168
AAHL9Y3H,0,0,,,,Censored No Alarm,0,0,0,0,0,1,0.001230602036230266,,2019-08-14,,0.168
AAHL9YAH,0,0,,,,Censored No Alarm,0,0,0,0,0,1,0.0009165725205093622,,2019-08-14,,0.168
AAHL9ZYH,0,0,,,,Censored No Alarm,0,0,0,0,0,1,0.0010683631990104914,,2019-08-14,,0.168
AAHLBTZH,1,1,2025-07-01,2025-07-26,25.0,On time,1,0,0,0,0,0,0.24495719373226166,0.1774722784757614,2019-08-14,2148.0,0.168
AAHLBWGH,1,1,2025-08-14,2025-08-30,16.0,On time,1,0,0,0,0,0,0.42834118008613586,0.23091474175453186,2019-08-14,2192.0,0.168
AAHLBWSH,1,0,,2023-12-11,,Missed,0,0,0,0,1,0,0.1291964203119278,,2019-08-13,,0.168
AAHLBXVH,0,0,,,,Censored No Alarm,0,0,0,0,0,1,0.04146590828895569,,2019-08-14,,0.168
AAHLD3UH,1,0,,2025-03-11,,Missed,0,0,0,0,1,0,0.09595704823732376,,2019-08-13,,0.168
AAHLS5JH,0,0,,,,Censored No Alarm,0,0,0,0,0,1,0.0026193747762590647,,2019-05-16,,0.168
AAHLS7ZH,0,0,,,,Censored No Alarm,0,0,0,0,0,1,0.003135755192488432,,2019-05-16,,0.168
AAHLS8YH,0,0,,,,Censored No Alarm,0,0,0,0,0,1,0.012340191751718521,,2019-05-16,,0.168
AAHLS9UH,0,0,,,,Censored No Alarm,0,0,0,0,0,1,0.002340812934562564,,2019-05-16,,0.168
AAHLV30H,0,0,,,,Censored No Alarm,0,0,0,0,0,1,0.0025903237983584404,,2019-05-16,,0.168
AAHLV40H,1,0,,2019-08-05,,Missed,0,0,0,0,1,0,0.09306559711694717,,2019-05-16,,0.168
AAHLV47H,0,0,,,,Censored No Alarm,0,0,0,0,0,1,0.0025857104919850826,,2019-05-16,,0.168
AAHLVTVH,0,0,,,,Censored No Alarm,0,0,0,0,0,1,0.0012860598508268595,,2019-05-27,,0.168
AAHLWE3H,0,0,,,,Censored No Alarm,0,0,0,0,0,1,0.0008393104071728885,,2019-05-27,,0.168
AAHLWKXH,0,0,,,,Censored No Alarm,0,0,0,0,0,1,0.002705154474824667,,2019-05-16,,0.168
AAHLWM3H,0,0,,,,Censored No Alarm,0,0,0,0,0,1,0.0012154950527474284,,2019-05-27,,0.168
AAHLXJ1H,0,0,,,,Censored No Alarm,0,0,0,0,0,1,0.030732054263353348,,2019-05-04,,0.168
AAHLXJ9H,0,0,,,,Censored No Alarm,0,0,0,0,0,1,0.0014411479933187366,,2019-05-04,,0.168
AAHLXL5H,0,0,,,,Censored No Alarm,0,0,0,0,0,1,0.0008952372591011226,,2019-08-13,,0.168
AAHLXTXH,0,0,,,,Censored No Alarm,0,0,0,0,0,1,0.05289832502603531,,2019-05-16,,0.168
AAHLY01H,0,0,,,,Censored No Alarm,0,0,0,0,0,1,0.0005882299738004804,,2019-05-27,,0.168
AAHLY04H,0,0,,,,Censored No Alarm,0,0,0,0,0,1,0.002112450310960412,,2019-05-04,,0.168
AAHLY2TH,0,0,,,,Censored No Alarm,0,0,0,0,0,1,0.000995228998363018,,2019-05-27,,0.168
AAHLY31H,1,1,2024-11-28,2025-07-25,239.0,Early,0,1,0,1,0,0,0.3085986375808716,0.2453918308019638,2019-08-13,1934.0,0.168
AAHLYJRH,0,0,,,,Censored No Alarm,0,0,0,0,0,1,0.0014376799808815122,,2019-05-27,,0.168
AAHLYY6H,0,0,,,,Censored No Alarm,0,0,0,0,0,1,0.0031554966699332,,2019-05-16,,0.168
AAHM227H,0,0,,,,Censored No Alarm,0,0,0,0,0,1,0.003431605873629451,,2019-08-13,,0.168
AAHM4E6H,0,0,,,,Censored No Alarm,0,0,0,0,0,1,0.0008159489370882511,,2019-05-27,,0.168
AAHM4HSH,0,0,,,,Censored No Alarm,0,0,0,0,0,1,0.0015297485515475273,,2019-05-04,,0.168
AAHM4KJH,0,0,,,,Censored No Alarm,0,0,0,0,0,1,0.0010813381522893906,,2019-08-13,,0.168
AAHM4S6H,0,0,,,,Censored No Alarm,0,0,0,0,0,1,0.002115757903084159,,2019-05-04,,0.168
AAHM4S8H,0,0,,,,Censored No Alarm,0,0,0,0,0,1,0.0016452622367069125,,2019-05-04,,0.168
AAHM4SSH,0,0,,,,Censored No Alarm,0,0,0,0,0,1,0.003079913789406419,,2019-05-04,,0.168
AAHM4T2H,0,0,,,,Censored No Alarm,0,0,0,0,0,1,0.0017495028441771865,,2019-05-04,,0.168
AAHM4T6H,0,0,,,,Censored No Alarm,0,0,0,0,0,1,0.0008534652879461646,,2019-08-13,,0.168
AAHM4TRH,0,0,,,,Censored No Alarm,0,0,0,0,0,1,0.0007867462700232863,,2019-08-13,,0.168
AAHM4UYH,0,0,,,,Censored No Alarm,0,0,0,0,0,1,0.0016222239937633276,,2019-05-04,,0.168
AAHM4WBH,0,0,,,,Censored No Alarm,0,0,0,0,0,1,0.002708006650209427,,2019-05-16,,0.168
AAHM4WEH,0,0,,,,Censored No Alarm,0,0,0,0,0,1,0.0016581615200266242,,2019-05-04,,0.168
AAHM4XGH,0,0,,,,Censored No Alarm,0,0,0,0,0,1,0.0014417690690606833,,2019-08-14,,0.168
AAHM5Z4H,0,0,,,,Censored No Alarm,0,0,0,0,0,1,0.0021069489885121584,,2019-05-04,,0.168
AAHM5Z9H,0,0,,,,Censored No Alarm,0,0,0,0,0,1,0.0121446019038558,,2019-05-04,,0.168
AAHM5ZHH,0,0,,,,Censored No Alarm,0,0,0,0,0,1,0.0017976576928049326,,2019-05-04,,0.168
AAHMD6GH,0,0,,,,Censored No Alarm,0,0,0,0,0,1,0.0028148351702839136,,2019-05-04,,0.168
AAHME7KH,0,0,,,,Censored No Alarm,0,0,0,0,0,1,0.00252369767986238,,2019-05-16,,0.168
AAHMGV8H,0,0,,,,Censored No Alarm,0,0,0,0,0,1,0.0008465165155939758,,2019-05-27,,0.168
AAHMH4LH,0,0,,,,Censored No Alarm,0,0,0,0,0,1,0.0021640839986503124,,2019-05-04,,0.168
AAHML65H,0,0,,,,Censored No Alarm,0,0,0,0,0,1,0.0015239545609802008,,2019-05-16,,0.168
AAHMN38H,0,0,,,,Censored No Alarm,0,0,0,0,0,1,0.0018509754445403814,,2019-05-16,,0.168
AAHMR03H,1,1,2025-11-14,2025-11-26,12.0,On time,1,0,0,0,0,0,0.3665630519390106,0.27591562271118164,2019-05-16,2374.0,0.168
AAHMR2ZH,1,0,,2024-01-31,,Missed,0,0,0,0,1,0,0.002020276850089431,,2019-05-16,,0.168
AAHMSNRH,0,0,,,,Censored No Alarm,0,0,0,0,0,1,0.0020547504536807537,,2019-05-16,,0.168
AAHMUYLH,0,0,,,,Censored No Alarm,0,0,0,0,0,1,0.002546590520069003,,2019-05-16,,0.168
AAHMW6RH,0,0,,,,Censored No Alarm,0,0,0,0,0,1,0.0013104266254231334,,2019-05-16,,0.168
AAHMW7NH,0,0,,,,Censored No Alarm,0,0,0,0,0,1,0.002710137516260147,,2019-05-16,,0.168
