serial_number,has_failed,alarm_triggered,first_alarm_date,actual_failure_date,days_to_failure_at_alarm,category,is_hit,is_fp_early,is_fp_cens,is_false_alarm,is_miss,is_correct_rejection,max_predicted_score,alarm_predicted_score,first_seen_date,days_since_observed,threshold_used
ZCH016HE,0,0,,,,Censored No Alarm,0,0,0,0,0,1,0.07065615803003311,,2019-04-27,,0.312
ZCH01MGW,0,0,,,,Censored No Alarm,0,0,0,0,0,1,0.004869741387665272,,2017-10-30,,0.312
ZCH01MV4,0,0,,,,Censored No Alarm,0,0,0,0,0,1,0.002485881792381406,,2019-04-12,,0.312
ZCH01V00,0,0,,,,Censored No Alarm,0,0,0,0,0,1,0.004211422521620989,,2018-02-12,,0.312
ZCH01V42,0,0,,,,Censored No Alarm,0,0,0,0,0,1,0.002113048452883959,,2018-02-12,,0.312
ZCH01V78,0,0,,,,Censored No Alarm,0,0,0,0,0,1,0.002971384208649397,,2017-11-09,,0.312
ZCH01VD8,0,0,,,,Censored No Alarm,0,0,0,0,0,1,0.0022750997450202703,,2018-02-12,,0.312
ZCH01ZFG,0,0,,,,Censored No Alarm,0,0,0,0,0,1,0.0028813837561756372,,2018-02-12,,0.312
ZCH01ZKC,0,0,,,,Censored No Alarm,0,0,0,0,0,1,0.029017191380262375,,2018-02-12,,0.312
ZCH0271S,0,0,,,,Censored No Alarm,0,0,0,0,0,1,0.0024436635430902243,,2018-03-17,,0.312
ZCH027W4,0,0,,,,Censored No Alarm,0,0,0,0,0,1,0.0015732282772660255,,2019-04-11,,0.312
ZCH028CT,0,0,,,,Censored No Alarm,0,0,0,0,0,1,0.001741759479045868,,2018-06-18,,0.312
ZCH028J7,0,0,,,,Censored No Alarm,0,0,0,0,0,1,0.004613417666405439,,2017-11-09,,0.312
ZCH02AYF,0,0,,,,Censored No Alarm,0,0,0,0,0,1,0.019479399546980858,,2017-11-09,,0.312
ZCH02TES,0,0,,,,Censored No Alarm,0,0,0,0,0,1,0.0027882857248187065,,2018-02-12,,0.312
ZCH02Z5J,1,0,,2019-03-29,,Missed,0,0,0,0,1,0,0.001660649897530675,,2018-02-12,,0.312
ZCH02ZTL,1,1,2019-12-25,2021-06-19,542.0,Early,0,1,0,1,0,0,0.3959917724132538,0.33546605706214905,2018-02-12,681.0,0.312
ZCH030T1,0,0,,,,Censored No Alarm,0,0,0,0,0,1,0.001974537968635559,,2018-02-12,,0.312
ZCH036VN,0,0,,,,Censored No Alarm,0,0,0,0,0,1,0.0019503440707921982,,2018-02-12,,0.312
ZCH039JD,0,0,,,,Censored No Alarm,0,0,0,0,0,1,0.0026685476768761873,,2018-07-01,,0.312
ZCH03B9D,0,0,,,,Censored No Alarm,0,0,0,0,0,1,0.0030826604925096035,,2018-02-12,,0.312
ZCH03BB5,0,0,,,,Censored No Alarm,0,0,0,0,0,1,0.0037273794878274202,,2018-02-12,,0.312
ZCH03BT6,0,0,,,,Censored No Alarm,0,0,0,0,0,1,0.0025314532686024904,,2018-02-12,,0.312
ZCH03C9C,0,0,,,,Censored No Alarm,0,0,0,0,0,1,0.0017893440090119839,,2018-02-12,,0.312
ZCH03CEE,0,0,,,,Censored No Alarm,0,0,0,0,0,1,0.0028419906739145517,,2018-02-12,,0.312
ZCH03CFS,0,0,,,,Censored No Alarm,0,0,0,0,0,1,0.0023741687182337046,,2018-02-12,,0.312
ZCH03K2S,1,0,,2017-12-25,,Missed,0,0,0,0,1,0,0.008331215009093285,,2017-11-09,,0.312
ZCH03T80,0,0,,,,Censored No Alarm,0,0,0,0,0,1,0.003838133066892624,,2018-01-13,,0.312
ZCH03TMJ,0,0,,,,Censored No Alarm,0,0,0,0,0,1,0.0021059797145426273,,2018-07-12,,0.312
ZCH03TZV,0,0,,,,Censored No Alarm,0,0,0,0,0,1,0.00338492332957685,,2018-01-13,,0.312
ZCH040KJ,0,0,,,,Censored No Alarm,0,0,0,0,0,1,0.0021157527808099985,,2017-11-14,,0.312
ZCH041CP,0,0,,,,Censored No Alarm,0,0,0,0,0,1,0.0027522160671651363,,2018-02-12,,0.312
ZCH0447E,0,0,,,,Censored No Alarm,0,0,0,0,0,1,0.005580057390034199,,2017-11-09,,0.312
ZCH04CGB,0,0,,,,Censored No Alarm,0,0,0,0,0,1,0.001620872993953526,,2018-04-13,,0.312
ZCH04G1T,0,0,,,,Censored No Alarm,0,0,0,0,0,1,0.000666463456582278,,2018-01-05,,0.312
ZCH04SJG,0,0,,,,Censored No Alarm,0,0,0,0,0,1,0.016574343666434288,,2017-11-14,,0.312
ZCH04XCN,0,0,,,,Censored No Alarm,0,0,0,0,0,1,0.0016552999150007963,,2019-03-21,,0.312
ZCH04XJL,0,0,,,,Censored No Alarm,0,0,0,0,0,1,0.0020624303724616766,,2018-02-24,,0.312
ZCH04Y9C,0,0,,,,Censored No Alarm,0,0,0,0,0,1,0.08382590860128403,,2017-11-14,,0.312
ZCH04YA5,0,0,,,,Censored No Alarm,0,0,0,0,0,1,0.0028490761760622263,,2018-02-12,,0.312
ZCH04Z2K,0,0,,,,Censored No Alarm,0,0,0,0,0,1,0.0019471007399260998,,2017-11-14,,0.312
ZCH04ZSX,0,0,,,,Censored No Alarm,0,0,0,0,0,1,0.024530185386538506,,2019-04-16,,0.312
ZCH050Z2,0,1,2019-12-11,,,Censored Early,0,0,1,1,0,0,0.3869395852088928,0.3676675856113434,2017-10-30,772.0,0.312
ZCH053C1,0,0,,,,Censored No Alarm,0,0,0,0,0,1,0.004928769078105688,,2017-11-09,,0.312
ZCH053S1,0,0,,,,Censored No Alarm,0,0,0,0,0,1,0.007075302302837372,,2017-11-09,,0.312
ZCH053V0,0,0,,,,Censored No Alarm,0,0,0,0,0,1,0.004656665958464146,,2017-12-20,,0.312
ZCH054W4,0,0,,,,Censored No Alarm,0,0,0,0,0,1,0.004006522241979837,,2018-04-27,,0.312
ZCH0569G,0,0,,,,Censored No Alarm,0,0,0,0,0,1,0.005859010852873325,,2017-11-09,,0.312
ZCH056AP,0,0,,,,Censored No Alarm,0,0,0,0,0,1,0.0008778198389336467,,2017-12-21,,0.312
ZCH056CW,0,0,,,,Censored No Alarm,0,0,0,0,0,1,0.0006779939867556095,,2017-12-21,,0.312
ZCH057V6,0,0,,,,Censored No Alarm,0,0,0,0,0,1,0.0013157861540094018,,2017-12-20,,0.312
ZCH059QH,0,0,,,,Censored No Alarm,0,0,0,0,0,1,0.3057600259780884,,2018-01-05,,0.312
ZCH05B7V,0,0,,,,Censored No Alarm,0,0,0,0,0,1,0.002461925847455859,,2018-02-12,,0.312
ZCH05BYT,0,0,,,,Censored No Alarm,0,0,0,0,0,1,0.293306440114975,,2017-10-21,,0.312
ZCH05CK1,0,0,,,,Censored No Alarm,0,0,0,0,0,1,0.002194616012275219,,2018-01-25,,0.312
ZCH05CM7,0,0,,,,Censored No Alarm,0,0,0,0,0,1,0.0011357886251062155,,2017-12-21,,0.312
ZCH05DWC,0,0,,,,Censored No Alarm,0,0,0,0,0,1,0.002224638592451811,,2017-11-14,,0.312
ZCH05DWK,0,0,,,,Censored No Alarm,0,0,0,0,0,1,0.0053350660018622875,,2017-11-09,,0.312
ZCH05EMZ,0,0,,,,Censored No Alarm,0,0,0,0,0,1,0.0006536046857945621,,2018-01-05,,0.312
ZCH05GBJ,0,0,,,,Censored No Alarm,0,0,0,0,0,1,0.00873886700719595,,2017-10-21,,0.312
ZCH05GCR,0,0,,,,Censored No Alarm,0,0,0,0,0,1,0.0013448788085952401,,2017-12-20,,0.312
ZCH05JHB,0,0,,,,Censored No Alarm,0,0,0,0,0,1,0.0041847811080515385,,2017-11-09,,0.312
ZCH05JZ0,0,0,,,,Censored No Alarm,0,0,0,0,0,1,0.009119688533246517,,2017-11-09,,0.312
ZCH05L91,0,0,,,,Censored No Alarm,0,0,0,0,0,1,0.01865650713443756,,2017-11-09,,0.312
ZCH05NYE,0,0,,,,Censored No Alarm,0,0,0,0,0,1,0.002707444131374359,,2017-11-09,,0.312
ZCH05PJ5,0,0,,,,Censored No Alarm,0,0,0,0,0,1,0.001980553613975644,,2018-01-25,,0.312
ZCH05RJH,0,0,,,,Censored No Alarm,0,0,0,0,0,1,0.001808322500437498,,2019-04-05,,0.312
ZCH05WKW,0,0,,,,Censored No Alarm,0,0,0,0,0,1,0.004875683691352606,,2018-01-13,,0.312
ZCH05XCK,0,0,,,,Censored No Alarm,0,0,0,0,0,1,0.002831636928021908,,2018-01-25,,0.312
ZCH060HW,0,0,,,,Censored No Alarm,0,0,0,0,0,1,0.0031595327891409397,,2017-10-30,,0.312
ZCH060KB,0,0,,,,Censored No Alarm,0,0,0,0,0,1,0.003577976254746318,,2017-10-30,,0.312
ZCH060L8,0,0,,,,Censored No Alarm,0,0,0,0,0,1,0.0011998843401670456,,2017-12-21,,0.312
ZCH060PL,0,0,,,,Censored No Alarm,0,0,0,0,0,1,0.0030262679792940617,,2017-11-14,,0.312
ZCH060SS,0,0,,,,Censored No Alarm,0,0,0,0,0,1,0.000888817710801959,,2018-01-05,,0.312
ZCH060TK,0,0,,,,Censored No Alarm,0,0,0,0,0,1,0.002229262376204133,,2017-12-20,,0.312
ZCH060W4,0,0,,,,Censored No Alarm,0,0,0,0,0,1,0.06027109548449516,,2017-11-09,,0.312
ZCH060X6,0,0,,,,Censored No Alarm,0,0,0,0,0,1,0.14318516850471497,,2017-10-30,,0.312
ZCH061AA,0,0,,,,Censored No Alarm,0,0,0,0,0,1,0.0038525755517184734,,2017-11-06,,0.312
ZCH0626R,0,1,2019-04-10,,,Censored Early,0,0,1,1,0,0,0.40768468379974365,0.3574855327606201,2018-01-06,459.0,0.312
ZCH0655R,0,0,,,,Censored No Alarm,0,0,0,0,0,1,0.004760955926030874,,2017-10-30,,0.312
ZCH0657H,1,1,2019-01-31,2019-11-15,288.0,Early,0,1,0,1,0,0,0.3485698997974396,0.3204815685749054,2017-10-30,458.0,0.312
ZCH065A1,0,0,,,,Censored No Alarm,0,0,0,0,0,1,0.0031020273454487324,,2018-02-12,,0.312
ZCH065AT,0,0,,,,Censored No Alarm,0,0,0,0,0,1,0.005075396969914436,,2017-10-30,,0.312
ZCH065DF,1,0,,2018-08-02,,Missed,0,0,0,0,1,0,0.28842076659202576,,2017-10-30,,0.312
ZCH065FR,0,0,,,,Censored No Alarm,0,0,0,0,0,1,0.1722782403230667,,2017-10-30,,0.312
ZCH065MN,0,0,,,,Censored No Alarm,0,0,0,0,0,1,0.0025285687297582626,,2017-11-14,,0.312
ZCH065N3,0,0,,,,Censored No Alarm,0,0,0,0,0,1,0.009945087134838104,,2017-11-14,,0.312
ZCH065S8,0,0,,,,Censored No Alarm,0,0,0,0,0,1,0.00510978139936924,,2017-10-30,,0.312
ZCH065SX,0,0,,,,Censored No Alarm,0,0,0,0,0,1,0.0036854534409940243,,2017-12-20,,0.312
ZCH065X8,0,0,,,,Censored No Alarm,0,0,0,0,0,1,0.005842527374625206,,2017-10-30,,0.312
ZCH065XB,0,0,,,,Censored No Alarm,0,0,0,0,0,1,0.009149148128926754,,2018-01-17,,0.312
ZCH065ZG,0,0,,,,Censored No Alarm,0,0,0,0,0,1,0.002764978213235736,,2018-02-12,,0.312
ZCH0661H,0,0,,,,Censored No Alarm,0,0,0,0,0,1,0.00434573320671916,,2018-01-06,,0.312
ZCH0664K,0,0,,,,Censored No Alarm,0,0,0,0,0,1,0.0033496543765068054,,2017-11-09,,0.312
ZCH0668M,0,0,,,,Censored No Alarm,0,0,0,0,0,1,0.00350696942768991,,2017-10-30,,0.312
ZCH066AE,0,0,,,,Censored No Alarm,0,0,0,0,0,1,0.005194732453674078,,2017-10-30,,0.312
ZCH066AV,0,0,,,,Censored No Alarm,0,0,0,0,0,1,0.00848586019128561,,2017-11-09,,0.312
ZCH066DY,0,0,,,,Censored No Alarm,0,0,0,0,0,1,0.004716047551482916,,2017-10-30,,0.312
ZCH066ET,1,0,,2018-05-13,,Missed,0,0,0,0,1,0,0.00127273122780025,,2017-11-09,,0.312
ZCH066KR,0,0,,,,Censored No Alarm,0,0,0,0,0,1,0.004965309053659439,,2017-10-30,,0.312
ZCH066KX,0,0,,,,Censored No Alarm,0,0,0,0,0,1,0.003173764329403639,,2017-10-30,,0.312
ZCH066MF,0,0,,,,Censored No Alarm,0,0,0,0,0,1,0.0032942863181233406,,2017-09-06,,0.312
ZCH066PW,0,0,,,,Censored No Alarm,0,0,0,0,0,1,0.0034640931989997625,,2017-12-20,,0.312
ZCH066QP,0,0,,,,Censored No Alarm,0,0,0,0,0,1,0.0006900003645569086,,2017-12-21,,0.312
ZCH066TQ,0,0,,,,Censored No Alarm,0,0,0,0,0,1,0.0020540847908705473,,2017-11-14,,0.312
ZCH066YQ,0,0,,,,Censored No Alarm,0,0,0,0,0,1,0.0031644399277865887,,2017-11-09,,0.312
ZCH0670W,0,0,,,,Censored No Alarm,0,0,0,0,0,1,0.007201737724244595,,2017-11-09,,0.312
ZCH067AY,0,0,,,,Censored No Alarm,0,0,0,0,0,1,0.006591913290321827,,2017-11-09,,0.312
ZCH067C3,0,0,,,,Censored No Alarm,0,0,0,0,0,1,0.003729873336851597,,2017-10-30,,0.312
ZCH067DR,0,0,,,,Censored No Alarm,0,0,0,0,0,1,0.003020409494638443,,2017-11-14,,0.312
ZCH067NS,0,0,,,,Censored No Alarm,0,0,0,0,0,1,0.0036995168775320053,,2017-10-30,,0.312
ZCH0681M,0,0,,,,Censored No Alarm,0,0,0,0,0,1,0.0037393206730484962,,2017-10-30,,0.312
ZCH0688C,1,0,,2018-04-14,,Missed,0,0,0,0,1,0,0.001294151647016406,,2018-01-21,,0.312
ZCH068C0,0,0,,,,Censored No Alarm,0,0,0,0,0,1,0.01595742255449295,,2017-11-09,,0.312
ZCH068E0,0,0,,,,Censored No Alarm,0,0,0,0,0,1,0.004143604543060064,,2017-10-21,,0.312
ZCH068HS,0,0,,,,Censored No Alarm,0,0,0,0,0,1,0.005942229647189379,,2018-01-13,,0.312
ZCH068KT,0,0,,,,Censored No Alarm,0,0,0,0,0,1,0.002096230862662196,,2017-11-14,,0.312
ZCH068MS,0,0,,,,Censored No Alarm,0,0,0,0,0,1,0.06952274590730667,,2017-09-06,,0.312
ZCH068T1,0,0,,,,Censored No Alarm,0,0,0,0,0,1,0.003031166037544608,,2017-11-09,,0.312
ZCH068TE,0,0,,,,Censored No Alarm,0,0,0,0,0,1,0.004896498750895262,,2017-11-09,,0.312
ZCH0693B,0,0,,,,Censored No Alarm,0,0,0,0,0,1,0.0016430597752332687,,2018-01-05,,0.312
ZCH0695G,0,0,,,,Censored No Alarm,0,0,0,0,0,1,0.0037632090970873833,,2017-11-14,,0.312
ZCH06978,0,0,,,,Censored No Alarm,0,0,0,0,0,1,0.10608599334955215,,2018-05-08,,0.312
ZCH06998,0,0,,,,Censored No Alarm,0,0,0,0,0,1,0.004813262261450291,,2017-10-30,,0.312
ZCH069C5,0,0,,,,Censored No Alarm,0,0,0,0,0,1,0.009627262130379677,,2017-10-30,,0.312
ZCH069CE,1,0,,2018-10-03,,Missed,0,0,0,0,1,0,0.0024803930427879095,,2017-10-21,,0.312
ZCH069CG,0,0,,,,Censored No Alarm,0,0,0,0,0,1,0.004018193576484919,,2017-10-30,,0.312
ZCH06CKC,0,0,,,,Censored No Alarm,0,0,0,0,0,1,0.003528355620801449,,2017-10-30,,0.312
ZCH06CMY,0,0,,,,Censored No Alarm,0,0,0,0,0,1,0.0011249722447246313,,2017-12-20,,0.312
ZCH06CNJ,0,0,,,,Censored No Alarm,0,0,0,0,0,1,0.06892722100019455,,2017-10-30,,0.312
ZCH06CV9,0,0,,,,Censored No Alarm,0,0,0,0,0,1,0.0930836871266365,,2017-11-14,,0.312
ZCH06CXP,0,0,,,,Censored No Alarm,0,0,0,0,0,1,0.0012435918906703591,,2017-12-20,,0.312
ZCH06D22,0,0,,,,Censored No Alarm,0,0,0,0,0,1,0.0035355903673917055,,2017-10-21,,0.312
ZCH06D48,0,0,,,,Censored No Alarm,0,0,0,0,0,1,0.0014453845797106624,,2017-11-14,,0.312
ZCH06D4E,0,0,,,,Censored No Alarm,0,0,0,0,0,1,0.00207927986048162,,2017-12-20,,0.312
ZCH06D8C,0,0,,,,Censored No Alarm,0,0,0,0,0,1,0.002232358558103442,,2017-11-14,,0.312
ZCH06DAF,0,0,,,,Censored No Alarm,0,0,0,0,0,1,0.0032949333544820547,,2017-10-30,,0.312
ZCH06DE3,0,0,,,,Censored No Alarm,0,0,0,0,0,1,0.003412198508158326,,2017-12-20,,0.312
ZCH06DE5,0,0,,,,Censored No Alarm,0,0,0,0,0,1,0.00462306896224618,,2017-10-30,,0.312
ZCH06DFH,0,0,,,,Censored No Alarm,0,0,0,0,0,1,0.004004739690572023,,2017-10-30,,0.312
ZCH06DFS,0,0,,,,Censored No Alarm,0,0,0,0,0,1,0.006698115263134241,,2017-10-30,,0.312
ZCH06DHK,0,0,,,,Censored No Alarm,0,0,0,0,0,1,0.005045974161475897,,2017-10-30,,0.312
ZCH06DJR,0,0,,,,Censored No Alarm,0,0,0,0,0,1,0.004142264369875193,,2018-01-06,,0.312
ZCH06DKS,0,0,,,,Censored No Alarm,0,0,0,0,0,1,0.0031874217092990875,,2017-10-30,,0.312
ZCH06DM1,0,0,,,,Censored No Alarm,0,0,0,0,0,1,0.006280318833887577,,2017-10-30,,0.312
ZCH06DQR,0,0,,,,Censored No Alarm,0,0,0,0,0,1,0.002714885864406824,,2017-10-30,,0.312
ZCH06DSS,0,0,,,,Censored No Alarm,0,0,0,0,0,1,0.005146593786776066,,2017-10-30,,0.312
ZCH06DWJ,0,0,,,,Censored No Alarm,0,0,0,0,0,1,0.004047888796776533,,2017-10-30,,0.312
ZCH06E24,0,0,,,,Censored No Alarm,0,0,0,0,0,1,0.003555053612217307,,2018-05-16,,0.312
ZCH06E33,0,0,,,,Censored No Alarm,0,0,0,0,0,1,0.0036997769493609667,,2017-10-30,,0.312
ZCH06E7C,0,0,,,,Censored No Alarm,0,0,0,0,0,1,0.003419852117076516,,2017-11-09,,0.312
ZCH06E9M,0,0,,,,Censored No Alarm,0,0,0,0,0,1,0.003078963840380311,,2017-10-30,,0.312
ZCH06EC2,0,0,,,,Censored No Alarm,0,0,0,0,0,1,0.004615386947989464,,2017-10-21,,0.312
ZCH06ECL,0,0,,,,Censored No Alarm,0,0,0,0,0,1,0.0005386698758229613,,2018-01-05,,0.312
ZCH06EGT,1,0,,2021-02-22,,Missed,0,0,0,0,1,0,0.03994464501738548,,2018-06-26,,0.312
ZCH06EHB,0,0,,,,Censored No Alarm,0,0,0,0,0,1,0.0035336425062268972,,2017-10-30,,0.312
ZCH06EKN,0,0,,,,Censored No Alarm,0,0,0,0,0,1,0.005803195293992758,,2017-10-21,,0.312
ZCH06EKP,0,0,,,,Censored No Alarm,0,0,0,0,0,1,0.007290740497410297,,2017-11-09,,0.312
ZCH06EKQ,0,0,,,,Censored No Alarm,0,0,0,0,0,1,0.0007021142519079149,,2017-12-21,,0.312
ZCH06EM2,0,0,,,,Censored No Alarm,0,0,0,0,0,1,0.0009941775351762772,,2017-12-21,,0.312
ZCH06EM5,0,0,,,,Censored No Alarm,0,0,0,0,0,1,0.012302321381866932,,2017-10-21,,0.312
ZCH06EN3,0,0,,,,Censored No Alarm,0,0,0,0,0,1,0.003120978595688939,,2017-12-20,,0.312
ZCH06ENA,0,0,,,,Censored No Alarm,0,0,0,0,0,1,0.011615960858762264,,2017-10-21,,0.312
ZCH06ENG,0,0,,,,Censored No Alarm,0,0,0,0,0,1,0.01004829816520214,,2017-10-30,,0.312
ZCH06EP4,0,0,,,,Censored No Alarm,0,0,0,0,0,1,0.001031958730891347,,2018-01-05,,0.312
ZCH06ETC,0,0,,,,Censored No Alarm,0,0,0,0,0,1,0.09736844152212143,,2017-10-21,,0.312
ZCH06EV4,0,0,,,,Censored No Alarm,0,0,0,0,0,1,0.0011575646931305528,,2017-12-21,,0.312
ZCH06EVM,0,0,,,,Censored No Alarm,0,0,0,0,0,1,0.0022999176289886236,,2017-11-09,,0.312
ZCH06EWQ,0,0,,,,Censored No Alarm,0,0,0,0,0,1,0.004185691010206938,,2017-10-30,,0.312
ZCH06EYL,0,0,,,,Censored No Alarm,0,0,0,0,0,1,0.002892921445891261,,2017-11-14,,0.312
ZCH06F0X,0,0,,,,Censored No Alarm,0,0,0,0,0,1,0.004628913942724466,,2017-10-21,,0.312
ZCH06F15,0,0,,,,Censored No Alarm,0,0,0,0,0,1,0.004084200598299503,,2017-10-21,,0.312
ZCH06F1M,0,0,,,,Censored No Alarm,0,0,0,0,0,1,0.004498979542404413,,2017-10-30,,0.312
ZCH06F23,0,0,,,,Censored No Alarm,0,0,0,0,0,1,0.0009812330827116966,,2018-01-05,,0.312
ZCH06F30,0,0,,,,Censored No Alarm,0,0,0,0,0,1,0.0005985897732898593,,2017-12-21,,0.312
ZCH06F5G,0,0,,,,Censored No Alarm,0,0,0,0,0,1,0.0008027335861697793,,2017-12-21,,0.312
ZCH06F5M,0,0,,,,Censored No Alarm,0,0,0,0,0,1,0.004844112787395716,,2017-10-30,,0.312
ZCH06F63,0,0,,,,Censored No Alarm,0,0,0,0,0,1,0.003933510277420282,,2017-10-21,,0.312
ZCH06F6B,0,0,,,,Censored No Alarm,0,0,0,0,0,1,0.0013178957160562277,,2018-01-05,,0.312
ZCH06F8K,0,0,,,,Censored No Alarm,0,0,0,0,0,1,0.0017053759656846523,,2018-01-05,,0.312
ZCH06F99,0,0,,,,Censored No Alarm,0,0,0,0,0,1,0.0019268677569925785,,2017-11-14,,0.312
ZCH06F9S,0,0,,,,Censored No Alarm,0,0,0,0,0,1,0.0060408273711800575,,2017-10-30,,0.312
ZCH06F9T,1,0,,2019-04-01,,Missed,0,0,0,0,1,0,0.0052072652615606785,,2017-11-09,,0.312
ZCH06FAD,0,0,,,,Censored No Alarm,0,0,0,0,0,1,0.003465329995378852,,2017-12-20,,0.312
ZCH06FFE,0,0,,,,Censored No Alarm,0,0,0,0,0,1,0.0028451289981603622,,2017-12-20,,0.312
ZCH06FFX,0,0,,,,Censored No Alarm,0,0,0,0,0,1,0.005504623055458069,,2017-10-30,,0.312
ZCH06FGM,0,0,,,,Censored No Alarm,0,0,0,0,0,1,0.0035557160153985023,,2017-11-14,,0.312
ZCH06FJN,1,0,,2019-11-23,,Missed,0,0,0,0,1,0,0.2964878976345062,,2017-10-30,,0.312
ZCH06FMR,0,0,,,,Censored No Alarm,0,0,0,0,0,1,0.0013904017396271229,,2018-10-29,,0.312
ZCH06FMZ,0,0,,,,Censored No Alarm,0,0,0,0,0,1,0.001182450563646853,,2017-12-21,,0.312
ZCH06FRN,0,0,,,,Censored No Alarm,0,0,0,0,0,1,0.001572044682689011,,2017-12-20,,0.312
ZCH06FSR,0,0,,,,Censored No Alarm,0,0,0,0,0,1,0.0028317742981016636,,2017-12-20,,0.312
ZCH06FWL,0,0,,,,Censored No Alarm,0,0,0,0,0,1,0.0035143340937793255,,2017-10-30,,0.312
ZCH06FZP,0,0,,,,Censored No Alarm,0,0,0,0,0,1,0.0008906917064450681,,2017-12-21,,0.312
ZCH06G8R,0,0,,,,Censored No Alarm,0,0,0,0,0,1,0.0034343907609581947,,2017-10-30,,0.312
ZCH06GCH,0,0,,,,Censored No Alarm,0,0,0,0,0,1,0.12211380898952484,,2017-11-09,,0.312
ZCH06GLP,0,0,,,,Censored No Alarm,0,0,0,0,0,1,0.0011072350898757577,,2017-12-20,,0.312
ZCH06GM2,0,0,,,,Censored No Alarm,0,0,0,0,0,1,0.0020667423959821463,,2017-11-09,,0.312
ZCH06GMT,0,0,,,,Censored No Alarm,0,0,0,0,0,1,0.022711817175149918,,2017-11-14,,0.312
ZCH06GRG,0,0,,,,Censored No Alarm,0,0,0,0,0,1,0.0033103153109550476,,2017-10-30,,0.312
ZCH06GZM,0,0,,,,Censored No Alarm,0,0,0,0,0,1,0.003429519245401025,,2017-10-21,,0.312
ZCH06H42,0,0,,,,Censored No Alarm,0,0,0,0,0,1,0.003158350707963109,,2017-10-30,,0.312
ZCH06H4G,0,0,,,,Censored No Alarm,0,0,0,0,0,1,0.0032054728362709284,,2017-10-30,,0.312
ZCH06H6M,1,0,,2019-02-25,,Missed,0,0,0,0,1,0,0.0020683598704636097,,2017-11-09,,0.312
ZCH06H6R,0,0,,,,Censored No Alarm,0,0,0,0,0,1,0.0031923979986459017,,2017-10-21,,0.312
ZCH06H6Y,0,0,,,,Censored No Alarm,0,0,0,0,0,1,0.0046639516949653625,,2017-10-21,,0.312
ZCH06H7H,0,0,,,,Censored No Alarm,0,0,0,0,0,1,0.0029079224914312363,,2017-12-20,,0.312
ZCH06H7V,0,0,,,,Censored No Alarm,0,0,0,0,0,1,0.0010830170940607786,,2018-10-29,,0.312
ZCH06H85,0,0,,,,Censored No Alarm,0,0,0,0,0,1,0.0036989685613662004,,2017-10-30,,0.312
ZCH06HA3,0,0,,,,Censored No Alarm,0,0,0,0,0,1,0.0014678695006296039,,2018-01-05,,0.312
ZCH06HAR,0,0,,,,Censored No Alarm,0,0,0,0,0,1,0.002661340404301882,,2017-10-30,,0.312
ZCH06HCZ,0,0,,,,Censored No Alarm,0,0,0,0,0,1,0.0022477861493825912,,2017-12-20,,0.312
ZCH06HD5,1,0,,2019-07-23,,Missed,0,0,0,0,1,0,0.008085797540843487,,2017-10-21,,0.312
ZCH06HDQ,0,0,,,,Censored No Alarm,0,0,0,0,0,1,0.004546888638287783,,2017-10-30,,0.312
ZCH06HE7,0,0,,,,Censored No Alarm,0,0,0,0,0,1,0.0011077731614932418,,2018-01-05,,0.312
ZCH06HG0,0,0,,,,Censored No Alarm,0,0,0,0,0,1,0.004304633010178804,,2017-10-30,,0.312
ZCH06HJ6,0,0,,,,Censored No Alarm,0,0,0,0,0,1,0.004241911694407463,,2017-10-21,,0.312
ZCH06HKT,0,0,,,,Censored No Alarm,0,0,0,0,0,1,0.0032734207343310118,,2017-10-21,,0.312
ZCH06HLL,0,0,,,,Censored No Alarm,0,0,0,0,0,1,0.0011718292953446507,,2018-01-05,,0.312
ZCH06HML,0,0,,,,Censored No Alarm,0,0,0,0,0,1,0.003445725655183196,,2017-10-30,,0.312
ZCH06HP7,0,0,,,,Censored No Alarm,0,0,0,0,0,1,0.004144237842410803,,2017-11-09,,0.312
ZCH06HV3,0,0,,,,Censored No Alarm,0,0,0,0,0,1,0.0004921009531244636,,2018-01-05,,0.312
ZCH06HWS,0,0,,,,Censored No Alarm,0,0,0,0,0,1,0.00914997048676014,,2017-11-14,,0.312
ZCH06HXR,0,0,,,,Censored No Alarm,0,0,0,0,0,1,0.008547413162887096,,2017-11-09,,0.312
ZCH06HZL,1,0,,2019-02-12,,Missed,0,0,0,0,1,0,0.2959386706352234,,2017-11-09,,0.312
ZCH06J1N,0,0,,,,Censored No Alarm,0,0,0,0,0,1,0.004443539772182703,,2017-10-21,,0.312
ZCH06J2L,0,0,,,,Censored No Alarm,0,0,0,0,0,1,0.0012113278498873115,,2018-08-07,,0.312
ZCH06J3G,0,0,,,,Censored No Alarm,0,0,0,0,0,1,0.0022364798933267593,,2018-01-06,,0.312
ZCH06J3Z,0,0,,,,Censored No Alarm,0,0,0,0,0,1,0.0019121853401884437,,2017-11-14,,0.312
ZCH06J4E,0,0,,,,Censored No Alarm,0,0,0,0,0,1,0.0032426868565380573,,2017-10-30,,0.312
ZCH06J7F,0,0,,,,Censored No Alarm,0,0,0,0,0,1,0.0011078850366175175,,2017-12-21,,0.312
ZCH06JX0,0,0,,,,Censored No Alarm,0,0,0,0,0,1,0.0014113244833424687,,2017-12-21,,0.312
ZCH06JZT,0,0,,,,Censored No Alarm,0,0,0,0,0,1,0.0031509522814303637,,2017-10-30,,0.312
ZCH06K13,0,0,,,,Censored No Alarm,0,0,0,0,0,1,0.005853383801877499,,2017-10-30,,0.312
ZCH06K3J,0,0,,,,Censored No Alarm,0,0,0,0,0,1,0.012651892378926277,,2017-11-09,,0.312
ZCH06K6X,0,0,,,,Censored No Alarm,0,0,0,0,0,1,0.0019294957164674997,,2017-11-14,,0.312
ZCH06KDS,0,0,,,,Censored No Alarm,0,0,0,0,0,1,0.0026269033551216125,,2017-11-09,,0.312
ZCH06KF0,0,0,,,,Censored No Alarm,0,0,0,0,0,1,0.006613760255277157,,2017-10-21,,0.312
ZCH06KHD,0,0,,,,Censored No Alarm,0,0,0,0,0,1,0.004706667736172676,,2017-10-21,,0.312
ZCH06KLH,0,0,,,,Censored No Alarm,0,0,0,0,0,1,0.008689283393323421,,2017-10-21,,0.312
ZCH06KLM,0,0,,,,Censored No Alarm,0,0,0,0,0,1,0.004838162567466497,,2017-10-21,,0.312
ZCH06KNC,0,0,,,,Censored No Alarm,0,0,0,0,0,1,0.0016724498709663749,,2018-01-06,,0.312
ZCH06KND,0,0,,,,Censored No Alarm,0,0,0,0,0,1,0.003869574749842286,,2017-10-21,,0.312
ZCH06KRV,0,0,,,,Censored No Alarm,0,0,0,0,0,1,0.0020769541151821613,,2017-11-14,,0.312
ZCH06KV0,0,0,,,,Censored No Alarm,0,0,0,0,0,1,0.0005839974619448185,,2018-01-05,,0.312
ZCH06KV6,0,0,,,,Censored No Alarm,0,0,0,0,0,1,0.0011913401540368795,,2017-12-21,,0.312
ZCH06KVC,0,0,,,,Censored No Alarm,0,0,0,0,0,1,0.00375866936519742,,2017-10-30,,0.312
ZCH06KWH,0,0,,,,Censored No Alarm,0,0,0,0,0,1,0.005326020065695047,,2017-10-21,,0.312
ZCH06KXK,0,0,,,,Censored No Alarm,0,0,0,0,0,1,0.0037233305629342794,,2018-08-22,,0.312
ZCH06KZM,0,0,,,,Censored No Alarm,0,0,0,0,0,1,0.004812793806195259,,2017-10-30,,0.312
ZCH06KZY,0,0,,,,Censored No Alarm,0,0,0,0,0,1,0.0010625745635479689,,2017-12-21,,0.312
ZCH06L04,0,0,,,,Censored No Alarm,0,0,0,0,0,1,0.0006989127141423523,,2017-12-21,,0.312
ZCH06L4E,0,0,,,,Censored No Alarm,0,0,0,0,0,1,0.003583961632102728,,2017-10-30,,0.312
ZCH06L53,0,0,,,,Censored No Alarm,0,0,0,0,0,1,0.001963535090908408,,2017-11-14,,0.312
ZCH06L5M,0,0,,,,Censored No Alarm,0,0,0,0,0,1,0.0030612624250352383,,2017-11-14,,0.312
ZCH06L77,0,0,,,,Censored No Alarm,0,0,0,0,0,1,0.0010376014979556203,,2017-12-21,,0.312
ZCH06L7F,0,0,,,,Censored No Alarm,0,0,0,0,0,1,0.00104793650098145,,2018-01-05,,0.312
ZCH06LAB,0,0,,,,Censored No Alarm,0,0,0,0,0,1,0.004098066594451666,,2017-10-30,,0.312
ZCH06LB9,0,0,,,,Censored No Alarm,0,0,0,0,0,1,0.002085217973217368,,2018-08-23,,0.312
ZCH06LFH,0,0,,,,Censored No Alarm,0,0,0,0,0,1,0.0022702289279550314,,2017-11-14,,0.312
ZCH06LG8,0,0,,,,Censored No Alarm,0,0,0,0,0,1,0.001732574193738401,,2017-11-14,,0.312
ZCH06LH3,0,0,,,,Censored No Alarm,0,0,0,0,0,1,0.005774229299277067,,2017-11-14,,0.312
ZCH06LHW,0,0,,,,Censored No Alarm,0,0,0,0,0,1,0.00501263327896595,,2017-10-30,,0.312
ZCH06LJ8,0,0,,,,Censored No Alarm,0,0,0,0,0,1,0.0005174398538656533,,2017-12-21,,0.312
ZCH06LJQ,0,0,,,,Censored No Alarm,0,0,0,0,0,1,0.0013405329082161188,,2018-10-29,,0.312
ZCH06LK5,0,0,,,,Censored No Alarm,0,0,0,0,0,1,0.006238861475139856,,2017-10-21,,0.312
ZCH06LK8,0,0,,,,Censored No Alarm,0,0,0,0,0,1,0.00470741605386138,,2017-10-30,,0.312
ZCH06LKP,0,0,,,,Censored No Alarm,0,0,0,0,0,1,0.0010995493503287435,,2018-08-07,,0.312
ZCH06LKW,0,0,,,,Censored No Alarm,0,0,0,0,0,1,0.003071810584515333,,2017-10-30,,0.312
ZCH06LLM,0,0,,,,Censored No Alarm,0,0,0,0,0,1,0.000542643538210541,,2018-01-05,,0.312
ZCH06LLZ,0,0,,,,Censored No Alarm,0,0,0,0,0,1,0.22967298328876495,,2017-10-30,,0.312
ZCH06LMQ,0,0,,,,Censored No Alarm,0,0,0,0,0,1,0.0043877349235117435,,2017-10-30,,0.312
ZCH06LMW,0,0,,,,Censored No Alarm,0,0,0,0,0,1,0.004502267576754093,,2017-10-30,,0.312
ZCH06LN7,0,0,,,,Censored No Alarm,0,0,0,0,0,1,0.0881066620349884,,2017-11-14,,0.312
ZCH06LP8,0,0,,,,Censored No Alarm,0,0,0,0,0,1,0.00347656337544322,,2017-10-30,,0.312
ZCH06LQ1,0,0,,,,Censored No Alarm,0,0,0,0,0,1,0.00468405382707715,,2017-10-21,,0.312
ZCH06LQX,0,0,,,,Censored No Alarm,0,0,0,0,0,1,0.006653392221778631,,2017-10-30,,0.312
ZCH06LR1,0,0,,,,Censored No Alarm,0,0,0,0,0,1,0.09384367614984512,,2017-10-21,,0.312
ZCH06LS1,0,0,,,,Censored No Alarm,0,0,0,0,0,1,0.0018555825809016824,,2018-01-05,,0.312
ZCH06LSJ,0,0,,,,Censored No Alarm,0,0,0,0,0,1,0.0016125838737934828,,2017-12-21,,0.312
ZCH06LT2,0,0,,,,Censored No Alarm,0,0,0,0,0,1,0.0017609759233891964,,2017-11-14,,0.312
ZCH06LTE,0,0,,,,Censored No Alarm,0,0,0,0,0,1,0.057641081511974335,,2017-12-20,,0.312
ZCH06LTN,0,0,,,,Censored No Alarm,0,0,0,0,0,1,0.0015612324932590127,,2017-12-21,,0.312
ZCH06LTV,0,0,,,,Censored No Alarm,0,0,0,0,0,1,0.0029795377049595118,,2017-10-30,,0.312
ZCH06LX7,0,0,,,,Censored No Alarm,0,0,0,0,0,1,0.003616463392972946,,2017-10-30,,0.312
ZCH06LXJ,0,0,,,,Censored No Alarm,0,0,0,0,0,1,0.004576698411256075,,2017-10-30,,0.312
ZCH06LYQ,0,0,,,,Censored No Alarm,0,0,0,0,0,1,0.0018558495212346315,,2017-11-09,,0.312
ZCH06LYX,0,0,,,,Censored No Alarm,0,0,0,0,0,1,0.004686006344854832,,2017-10-30,,0.312
ZCH06M0T,0,0,,,,Censored No Alarm,0,0,0,0,0,1,0.0045957849361002445,,2017-10-30,,0.312
ZCH06M1A,0,0,,,,Censored No Alarm,0,0,0,0,0,1,0.0010525068501010537,,2018-01-05,,0.312
ZCH06M2L,0,0,,,,Censored No Alarm,0,0,0,0,0,1,0.0008211295935325325,,2017-12-21,,0.312
ZCH06M3B,0,0,,,,Censored No Alarm,0,0,0,0,0,1,0.0010522713419049978,,2017-12-21,,0.312
ZCH06M3E,0,0,,,,Censored No Alarm,0,0,0,0,0,1,0.003344189142808318,,2017-10-30,,0.312
ZCH06M3Q,0,0,,,,Censored No Alarm,0,0,0,0,0,1,0.0016372287645936012,,2018-01-05,,0.312
ZCH06M5M,0,0,,,,Censored No Alarm,0,0,0,0,0,1,0.006660278420895338,,2017-10-21,,0.312
ZCH06M7Y,0,0,,,,Censored No Alarm,0,0,0,0,0,1,0.005350031424313784,,2017-10-21,,0.312
ZCH06MCK,0,0,,,,Censored No Alarm,0,0,0,0,0,1,0.000603273103479296,,2018-01-05,,0.312
ZCH06MDT,0,0,,,,Censored No Alarm,0,0,0,0,0,1,0.002076309872791171,,2017-12-20,,0.312
ZCH06MEB,0,0,,,,Censored No Alarm,0,0,0,0,0,1,0.0008128320332616568,,2017-12-21,,0.312
ZCH06MJZ,0,1,2019-10-14,,,Censored Early,0,0,1,1,0,0,0.4020144045352936,0.3245342969894409,2017-10-30,714.0,0.312
ZCH06MKF,0,0,,,,Censored No Alarm,0,0,0,0,0,1,0.0006962628103792667,,2017-12-21,,0.312
ZCH06MM7,0,0,,,,Censored No Alarm,0,0,0,0,0,1,0.003871957305818796,,2017-10-30,,0.312
ZCH06MPE,0,0,,,,Censored No Alarm,0,0,0,0,0,1,0.0018652287544682622,,2017-11-14,,0.312
ZCH06MR5,1,0,,2018-02-10,,Missed,0,0,0,0,1,0,0.001015563146211207,,2017-10-21,,0.312
ZCH06MSW,0,0,,,,Censored No Alarm,0,0,0,0,0,1,0.001289183390326798,,2017-12-20,,0.312
ZCH06MT0,0,0,,,,Censored No Alarm,0,0,0,0,0,1,0.0068138595670461655,,2017-10-30,,0.312
ZCH06MT6,0,0,,,,Censored No Alarm,0,0,0,0,0,1,0.005552617367357016,,2017-10-30,,0.312
ZCH06MY4,0,0,,,,Censored No Alarm,0,0,0,0,0,1,0.0014694281853735447,,2017-12-21,,0.312
ZCH06MZM,0,0,,,,Censored No Alarm,0,0,0,0,0,1,0.0006583384820260108,,2017-12-20,,0.312
ZCH06N0B,0,0,,,,Censored No Alarm,0,0,0,0,0,1,0.07460938394069672,,2017-10-21,,0.312
ZCH06N0G,0,0,,,,Censored No Alarm,0,0,0,0,0,1,0.0049423216842114925,,2017-10-30,,0.312
ZCH06N10,0,0,,,,Censored No Alarm,0,0,0,0,0,1,0.0009782963898032904,,2018-01-05,,0.312
ZCH06N1D,0,0,,,,Censored No Alarm,0,0,0,0,0,1,0.041640251874923706,,2018-01-05,,0.312
ZCH06N2W,0,0,,,,Censored No Alarm,0,0,0,0,0,1,0.003909655846655369,,2017-10-30,,0.312
ZCH06N3F,0,0,,,,Censored No Alarm,0,0,0,0,0,1,0.0014222899917513132,,2018-01-06,,0.312
ZCH06N4M,0,0,,,,Censored No Alarm,0,0,0,0,0,1,0.005657190456986427,,2017-10-21,,0.312
ZCH06N50,0,0,,,,Censored No Alarm,0,0,0,0,0,1,0.011377204209566116,,2017-11-09,,0.312
ZCH06N5C,0,0,,,,Censored No Alarm,0,0,0,0,0,1,0.001444270834326744,,2018-01-05,,0.312
ZCH06N5L,1,1,2020-01-08,2020-03-22,74.0,Early,0,1,0,1,0,0,0.3689846396446228,0.33576348423957825,2017-11-09,790.0,0.312
ZCH06N5T,0,0,,,,Censored No Alarm,0,0,0,0,0,1,0.001020324882119894,,2017-12-21,,0.312
ZCH06N6B,0,1,2019-07-11,,,Censored Early,0,0,1,1,0,0,0.40979257225990295,0.32129770517349243,2017-10-30,619.0,0.312
ZCH06N8A,0,0,,,,Censored No Alarm,0,0,0,0,0,1,0.21232858300209045,,2018-01-05,,0.312
ZCH06N91,0,0,,,,Censored No Alarm,0,0,0,0,0,1,0.004858293104916811,,2017-10-30,,0.312
ZCH06NAV,0,0,,,,Censored No Alarm,0,0,0,0,0,1,0.001174797653220594,,2017-12-21,,0.312
ZCH06NB2,0,0,,,,Censored No Alarm,0,0,0,0,0,1,0.0014034723863005638,,2018-10-29,,0.312
ZCH06NC8,0,0,,,,Censored No Alarm,0,0,0,0,0,1,0.0034945369698107243,,2017-10-30,,0.312
ZCH06NCT,0,0,,,,Censored No Alarm,0,0,0,0,0,1,0.0005021459655836225,,2017-12-21,,0.312
ZCH06NDE,0,0,,,,Censored No Alarm,0,0,0,0,0,1,0.0014686244539916515,,2017-11-14,,0.312
ZCH06NEC,0,0,,,,Censored No Alarm,0,0,0,0,0,1,0.001915223547257483,,2017-11-14,,0.312
ZCH06NEM,0,0,,,,Censored No Alarm,0,0,0,0,0,1,0.004300126805901527,,2017-10-30,,0.312
ZCH06NER,0,0,,,,Censored No Alarm,0,0,0,0,0,1,0.0037062845658510923,,2017-10-30,,0.312
ZCH06NEY,0,0,,,,Censored No Alarm,0,0,0,0,0,1,0.0069891163147985935,,2017-11-14,,0.312
ZCH06NFB,0,0,,,,Censored No Alarm,0,0,0,0,0,1,0.0010065064998343587,,2017-12-20,,0.312
ZCH06NL1,0,0,,,,Censored No Alarm,0,0,0,0,0,1,0.004336170386523008,,2017-10-30,,0.312
ZCH06NL8,0,0,,,,Censored No Alarm,0,0,0,0,0,1,0.25907665491104126,,2017-12-21,,0.312
ZCH06NND,0,0,,,,Censored No Alarm,0,0,0,0,0,1,0.02301870472729206,,2017-11-09,,0.312
ZCH06NNG,0,0,,,,Censored No Alarm,0,0,0,0,0,1,0.003464019624516368,,2017-10-30,,0.312
ZCH06PAW,1,0,,2018-04-13,,Missed,0,0,0,0,1,0,0.0004768541839439422,,2018-01-05,,0.312
ZCH06PB8,0,0,,,,Censored No Alarm,0,0,0,0,0,1,0.0010033226571977139,,2017-12-21,,0.312
ZCH06PBE,0,0,,,,Censored No Alarm,0,0,0,0,0,1,0.005699329078197479,,2017-10-21,,0.312
ZCH06PBG,0,0,,,,Censored No Alarm,0,0,0,0,0,1,0.003948145546019077,,2017-10-30,,0.312
ZCH06QE3,0,0,,,,Censored No Alarm,0,0,0,0,0,1,0.002609026851132512,,2018-02-12,,0.312
ZCH06RX9,0,0,,,,Censored No Alarm,0,0,0,0,0,1,0.0014176084659993649,,2018-05-16,,0.312
ZCH06TBK,0,0,,,,Censored No Alarm,0,0,0,0,0,1,0.0035954006016254425,,2017-10-30,,0.312
ZCH06TBW,0,0,,,,Censored No Alarm,0,0,0,0,0,1,0.000782042508944869,,2017-12-21,,0.312
ZCH06TCF,0,0,,,,Censored No Alarm,0,0,0,0,0,1,0.0010905842063948512,,2018-01-05,,0.312
ZCH06TER,0,0,,,,Censored No Alarm,0,0,0,0,0,1,0.0026983399875462055,,2017-11-09,,0.312
ZCH06TES,0,0,,,,Censored No Alarm,0,0,0,0,0,1,0.0022182706743478775,,2017-12-20,,0.312
ZCH06TF6,0,0,,,,Censored No Alarm,0,0,0,0,0,1,0.004562372341752052,,2017-10-21,,0.312
ZCH06TFV,0,0,,,,Censored No Alarm,0,0,0,0,0,1,0.0006875686813145876,,2018-01-05,,0.312
ZCH06TH0,1,1,2019-02-19,2019-02-19,0.0,On time,1,0,0,0,0,0,0.4653848111629486,0.4653848111629486,2017-10-21,486.0,0.312
ZCH06TH7,0,0,,,,Censored No Alarm,0,0,0,0,0,1,0.001148984651081264,,2017-12-21,,0.312
ZCH06TH9,0,0,,,,Censored No Alarm,0,0,0,0,0,1,0.006195685360580683,,2017-10-21,,0.312
ZCH06TJ6,0,0,,,,Censored No Alarm,0,0,0,0,0,1,0.002183646196499467,,2018-01-05,,0.312
ZCH06TN4,0,0,,,,Censored No Alarm,0,0,0,0,0,1,0.005106461234390736,,2017-10-21,,0.312
ZCH06TSN,0,0,,,,Censored No Alarm,0,0,0,0,0,1,0.01004879642277956,,2017-10-21,,0.312
ZCH06TW0,0,0,,,,Censored No Alarm,0,0,0,0,0,1,0.0011271691182628274,,2018-01-06,,0.312
ZCH06TW6,0,0,,,,Censored No Alarm,0,0,0,0,0,1,0.00465594045817852,,2017-10-30,,0.312
ZCH06TXD,0,0,,,,Censored No Alarm,0,0,0,0,0,1,0.0038258482236415148,,2017-10-21,,0.312
ZCH06TY2,0,0,,,,Censored No Alarm,0,0,0,0,0,1,0.003863855265080929,,2017-10-30,,0.312
ZCH06TYE,0,0,,,,Censored No Alarm,0,0,0,0,0,1,0.0005850018933415413,,2017-12-21,,0.312
ZCH06TYL,0,0,,,,Censored No Alarm,0,0,0,0,0,1,0.0013155167689546943,,2018-01-05,,0.312
ZCH06TZY,0,0,,,,Censored No Alarm,0,0,0,0,0,1,0.007219040300697088,,2017-10-30,,0.312
ZCH06V1D,0,0,,,,Censored No Alarm,0,0,0,0,0,1,0.00863632746040821,,2017-11-09,,0.312
ZCH06V1F,0,0,,,,Censored No Alarm,0,0,0,0,0,1,0.002059810794889927,,2017-11-09,,0.312
ZCH06V7C,0,0,,,,Censored No Alarm,0,0,0,0,0,1,0.0005346182151697576,,2018-01-05,,0.312
ZCH06VB0,0,0,,,,Censored No Alarm,0,0,0,0,0,1,0.0012332017067819834,,2018-01-05,,0.312
ZCH06VDP,0,0,,,,Censored No Alarm,0,0,0,0,0,1,0.0042362213134765625,,2017-10-21,,0.312
ZCH06VEV,0,0,,,,Censored No Alarm,0,0,0,0,0,1,0.0019535813480615616,,2018-01-05,,0.312
ZCH06VHC,0,0,,,,Censored No Alarm,0,0,0,0,0,1,0.2129475325345993,,2017-10-21,,0.312
ZCH06VJ9,0,0,,,,Censored No Alarm,0,0,0,0,0,1,0.0037375467363744974,,2017-10-30,,0.312
ZCH06VK8,0,0,,,,Censored No Alarm,0,0,0,0,0,1,0.0012372643686830997,,2017-12-21,,0.312
ZCH06VKY,0,0,,,,Censored No Alarm,0,0,0,0,0,1,0.0009512469405308366,,2018-01-05,,0.312
ZCH06VMK,0,0,,,,Censored No Alarm,0,0,0,0,0,1,0.00303639261983335,,2017-10-21,,0.312
ZCH06VP7,0,0,,,,Censored No Alarm,0,0,0,0,0,1,0.0018756873905658722,,2017-11-14,,0.312
ZCH06VPF,0,0,,,,Censored No Alarm,0,0,0,0,0,1,0.005025446880608797,,2017-10-30,,0.312
ZCH06VPP,0,0,,,,Censored No Alarm,0,0,0,0,0,1,0.0019264578586444259,,2017-12-20,,0.312
ZCH06VR6,0,0,,,,Censored No Alarm,0,0,0,0,0,1,0.0009196514147333801,,2017-12-21,,0.312
ZCH06VWM,0,0,,,,Censored No Alarm,0,0,0,0,0,1,0.0008953793440014124,,2017-12-20,,0.312
ZCH06VZD,0,0,,,,Censored No Alarm,0,0,0,0,0,1,0.00571748660877347,,2017-10-21,,0.312
ZCH06W01,0,0,,,,Censored No Alarm,0,0,0,0,0,1,0.003734659170731902,,2017-12-20,,0.312
ZCH06W0R,0,0,,,,Censored No Alarm,0,0,0,0,0,1,0.000841213040985167,,2017-12-21,,0.312
ZCH06W23,0,0,,,,Censored No Alarm,0,0,0,0,0,1,0.22209960222244263,,2017-10-21,,0.312
ZCH06W3T,0,0,,,,Censored No Alarm,0,0,0,0,0,1,0.0018022216390818357,,2018-01-13,,0.312
ZCH06W4L,1,0,,2020-04-03,,Missed,0,0,0,0,1,0,0.24486017227172852,,2017-10-21,,0.312
ZCH06W55,0,0,,,,Censored No Alarm,0,0,0,0,0,1,0.2680324912071228,,2017-11-14,,0.312
ZCH06W9E,0,0,,,,Censored No Alarm,0,0,0,0,0,1,0.0013252072967588902,,2018-01-05,,0.312
ZCH06WD7,0,0,,,,Censored No Alarm,0,0,0,0,0,1,0.0005814675823785365,,2017-12-21,,0.312
ZCH06WFY,0,0,,,,Censored No Alarm,0,0,0,0,0,1,0.0021814818028360605,,2017-12-20,,0.312
ZCH06WH9,0,0,,,,Censored No Alarm,0,0,0,0,0,1,0.0013119614450260997,,2017-12-20,,0.312
ZCH06WJ1,0,0,,,,Censored No Alarm,0,0,0,0,0,1,0.0018211882561445236,,2018-01-05,,0.312
ZCH06WMP,0,0,,,,Censored No Alarm,0,0,0,0,0,1,0.0041957455687224865,,2017-12-20,,0.312
ZCH06WN9,0,0,,,,Censored No Alarm,0,0,0,0,0,1,0.001825970015488565,,2017-12-21,,0.312
ZCH06WNA,0,0,,,,Censored No Alarm,0,0,0,0,0,1,0.0015326346037909389,,2018-01-05,,0.312
ZCH06WNT,0,0,,,,Censored No Alarm,0,0,0,0,0,1,0.003898103954270482,,2017-10-21,,0.312
ZCH06WP1,0,0,,,,Censored No Alarm,0,0,0,0,0,1,0.0008180439472198486,,2017-12-21,,0.312
ZCH06WR6,0,0,,,,Censored No Alarm,0,0,0,0,0,1,0.003667884971946478,,2017-10-30,,0.312
ZCH06WSR,0,0,,,,Censored No Alarm,0,0,0,0,0,1,0.001992097357288003,,2018-01-30,,0.312
ZCH06WSW,0,0,,,,Censored No Alarm,0,0,0,0,0,1,0.0036335918121039867,,2017-10-30,,0.312
ZCH06WW2,0,0,,,,Censored No Alarm,0,0,0,0,0,1,0.0009777075611054897,,2017-12-21,,0.312
ZCH06WWK,1,1,2019-07-03,2019-07-16,13.0,On time,1,0,0,0,0,0,0.3706062138080597,0.3362264335155487,2018-01-05,544.0,0.312
ZCH06WXE,0,0,,,,Censored No Alarm,0,0,0,0,0,1,0.0021560743916779757,,2017-11-14,,0.312
ZCH06WYS,0,0,,,,Censored No Alarm,0,0,0,0,0,1,0.004430051427334547,,2017-10-21,,0.312
ZCH06X0Q,0,0,,,,Censored No Alarm,0,0,0,0,0,1,0.0008922452689148486,,2017-12-21,,0.312
ZCH06X1T,0,0,,,,Censored No Alarm,0,0,0,0,0,1,0.0011321952333673835,,2017-12-21,,0.312
ZCH06X4A,0,0,,,,Censored No Alarm,0,0,0,0,0,1,0.004130527842789888,,2017-10-30,,0.312
ZCH06X4N,0,0,,,,Censored No Alarm,0,0,0,0,0,1,0.0005484240828081965,,2017-12-21,,0.312
ZCH06X6J,0,0,,,,Censored No Alarm,0,0,0,0,0,1,0.00412030192092061,,2017-10-30,,0.312
ZCH06XC0,0,0,,,,Censored No Alarm,0,0,0,0,0,1,0.000937257835175842,,2017-12-21,,0.312
ZCH06XD2,0,0,,,,Censored No Alarm,0,0,0,0,0,1,0.002699158852919936,,2017-11-14,,0.312
ZCH06YMG,0,0,,,,Censored No Alarm,0,0,0,0,0,1,0.00087405537487939,,2018-01-05,,0.312
ZCH06YN0,0,0,,,,Censored No Alarm,0,0,0,0,0,1,0.0032853286247700453,,2017-10-21,,0.312
ZCH06YPB,0,0,,,,Censored No Alarm,0,0,0,0,0,1,0.0006741237011738122,,2017-12-21,,0.312
ZCH06YQ6,0,0,,,,Censored No Alarm,0,0,0,0,0,1,0.002196016488596797,,2017-12-21,,0.312
ZCH06YRJ,0,0,,,,Censored No Alarm,0,0,0,0,0,1,0.0016181214014068246,,2018-01-05,,0.312
ZCH06YYQ,0,0,,,,Censored No Alarm,0,0,0,0,0,1,0.00184608472045511,,2017-11-14,,0.312
ZCH06YZV,0,0,,,,Censored No Alarm,0,0,0,0,0,1,0.004095457494258881,,2017-10-21,,0.312
ZCH06Z0D,0,0,,,,Censored No Alarm,0,0,0,0,0,1,0.0016647648299112916,,2017-12-20,,0.312
ZCH06Z0Q,0,0,,,,Censored No Alarm,0,0,0,0,0,1,0.007634326815605164,,2017-10-21,,0.312
ZCH06Z1L,0,0,,,,Censored No Alarm,0,0,0,0,0,1,0.002103189704939723,,2017-11-14,,0.312
ZCH06Z1V,0,0,,,,Censored No Alarm,0,0,0,0,0,1,0.0008558256668038666,,2017-12-21,,0.312
ZCH06ZR3,1,1,2019-02-16,2019-02-18,2.0,On time,1,0,0,0,0,0,0.4366655945777893,0.39589059352874756,2017-12-21,422.0,0.312
ZCH06ZSX,0,0,,,,Censored No Alarm,0,0,0,0,0,1,0.0008363030501641333,,2017-12-21,,0.312
ZCH06ZVF,0,0,,,,Censored No Alarm,0,0,0,0,0,1,0.011598378419876099,,2017-11-09,,0.312
ZCH06ZW1,0,0,,,,Censored No Alarm,0,0,0,0,0,1,0.0029242532327771187,,2017-10-21,,0.312
ZCH06ZWN,0,0,,,,Censored No Alarm,0,0,0,0,0,1,0.24452222883701324,,2017-10-30,,0.312
ZCH07000,0,0,,,,Censored No Alarm,0,0,0,0,0,1,0.0012729415902867913,,2017-12-21,,0.312
ZCH0701C,0,0,,,,Censored No Alarm,0,0,0,0,0,1,0.0005084040458314121,,2017-12-21,,0.312
ZCH07066,0,0,,,,Censored No Alarm,0,0,0,0,0,1,0.0004118789220228791,,2018-01-05,,0.312
ZCH07088,0,0,,,,Censored No Alarm,0,0,0,0,0,1,0.0037685649003833532,,2017-12-20,,0.312
ZCH0708M,0,0,,,,Censored No Alarm,0,0,0,0,0,1,0.00548727810382843,,2017-10-21,,0.312
ZCH0709Y,0,0,,,,Censored No Alarm,0,0,0,0,0,1,0.0034240982495248318,,2018-04-27,,0.312
ZCH070BJ,0,0,,,,Censored No Alarm,0,0,0,0,0,1,0.004423920996487141,,2017-10-21,,0.312
ZCH070CD,0,0,,,,Censored No Alarm,0,0,0,0,0,1,0.0007076888578012586,,2017-12-20,,0.312
ZCH070D4,0,0,,,,Censored No Alarm,0,0,0,0,0,1,0.10261587053537369,,2017-10-21,,0.312
ZCH070GZ,0,0,,,,Censored No Alarm,0,0,0,0,0,1,0.004168274346739054,,2017-11-09,,0.312
ZCH070HE,0,0,,,,Censored No Alarm,0,0,0,0,0,1,0.001261914032511413,,2017-12-21,,0.312
ZCH070HM,0,0,,,,Censored No Alarm,0,0,0,0,0,1,0.0009903744794428349,,2018-01-05,,0.312
ZCH070MN,1,1,2018-09-16,2018-09-17,1.0,On time,1,0,0,0,0,0,0.38467609882354736,0.33058425784111023,2017-12-21,269.0,0.312
ZCH070Q2,0,0,,,,Censored No Alarm,0,0,0,0,0,1,0.003159161889925599,,2017-10-30,,0.312
ZCH070QK,0,0,,,,Censored No Alarm,0,0,0,0,0,1,0.008234024979174137,,2017-10-21,,0.312
ZCH070TX,0,0,,,,Censored No Alarm,0,0,0,0,0,1,0.0006127958185970783,,2018-01-05,,0.312
ZCH070V9,0,0,,,,Censored No Alarm,0,0,0,0,0,1,0.0058998242020606995,,2017-10-30,,0.312
ZCH070VR,1,1,2019-07-29,2019-08-01,3.0,On time,1,0,0,0,0,0,0.4488774836063385,0.34089910984039307,2017-10-21,646.0,0.312
ZCH070W8,0,0,,,,Censored No Alarm,0,0,0,0,0,1,0.014497296884655952,,2017-11-14,,0.312
ZCH070YX,0,0,,,,Censored No Alarm,0,0,0,0,0,1,0.001220687641762197,,2017-12-20,,0.312
ZCH070ZQ,1,0,,2018-10-02,,Missed,0,0,0,0,1,0,0.30184176564216614,,2018-03-12,,0.312
ZCH07104,0,0,,,,Censored No Alarm,0,0,0,0,0,1,0.0025920725893229246,,2018-02-12,,0.312
ZCH0711L,0,0,,,,Censored No Alarm,0,0,0,0,0,1,0.0062676300294697285,,2017-10-21,,0.312
ZCH0712A,0,0,,,,Censored No Alarm,0,0,0,0,0,1,0.005956464912742376,,2017-10-21,,0.312
ZCH0712B,0,0,,,,Censored No Alarm,0,0,0,0,0,1,0.005208868999034166,,2017-10-30,,0.312
ZCH07174,0,0,,,,Censored No Alarm,0,0,0,0,0,1,0.00047549791634082794,,2018-01-05,,0.312
ZCH0719X,0,0,,,,Censored No Alarm,0,0,0,0,0,1,0.0038500342052429914,,2017-12-20,,0.312
ZCH071C0,0,0,,,,Censored No Alarm,0,0,0,0,0,1,0.003161216853186488,,2017-10-21,,0.312
ZCH071CQ,0,0,,,,Censored No Alarm,0,0,0,0,0,1,0.004005080088973045,,2017-10-21,,0.312
ZCH071FX,0,0,,,,Censored No Alarm,0,0,0,0,0,1,0.0037781258579343557,,2017-10-21,,0.312
ZCH071GA,0,0,,,,Censored No Alarm,0,0,0,0,0,1,0.004684169311076403,,2017-10-21,,0.312
ZCH071GV,0,0,,,,Censored No Alarm,0,0,0,0,0,1,0.0009617629693821073,,2017-12-21,,0.312
ZCH071H4,0,0,,,,Censored No Alarm,0,0,0,0,0,1,0.005118223838508129,,2017-10-21,,0.312
ZCH071JA,0,0,,,,Censored No Alarm,0,0,0,0,0,1,0.007405863143503666,,2017-11-14,,0.312
ZCH071LA,0,0,,,,Censored No Alarm,0,0,0,0,0,1,0.005604774225503206,,2017-10-21,,0.312
ZCH071LB,0,0,,,,Censored No Alarm,0,0,0,0,0,1,0.0011130546918138862,,2018-01-05,,0.312
ZCH071Q1,0,0,,,,Censored No Alarm,0,0,0,0,0,1,0.006524851080030203,,2017-10-30,,0.312
ZCH071Q9,0,0,,,,Censored No Alarm,0,0,0,0,0,1,0.0008397082565352321,,2018-01-05,,0.312
ZCH071QV,0,0,,,,Censored No Alarm,0,0,0,0,0,1,0.0035928429570049047,,2017-11-09,,0.312
ZCH071S7,0,0,,,,Censored No Alarm,0,0,0,0,0,1,0.002578520216047764,,2017-11-14,,0.312
ZCH071SK,0,0,,,,Censored No Alarm,0,0,0,0,0,1,0.004297871608287096,,2017-10-30,,0.312
ZCH071WA,0,0,,,,Censored No Alarm,0,0,0,0,0,1,0.0008700962061993778,,2018-01-05,,0.312
ZCH071WQ,0,0,,,,Censored No Alarm,0,0,0,0,0,1,0.0014090596232563257,,2018-01-05,,0.312
ZCH071WR,0,0,,,,Censored No Alarm,0,0,0,0,0,1,0.0031664022244513035,,2017-10-30,,0.312
ZCH071YA,0,0,,,,Censored No Alarm,0,0,0,0,0,1,0.001063590869307518,,2018-01-06,,0.312
ZCH07207,0,0,,,,Censored No Alarm,0,0,0,0,0,1,0.006299351342022419,,2017-10-30,,0.312
ZCH0720N,0,0,,,,Censored No Alarm,0,0,0,0,0,1,0.0031902198679745197,,2017-11-14,,0.312
ZCH07215,0,0,,,,Censored No Alarm,0,0,0,0,0,1,0.0021635084412992,,2017-11-14,,0.312
ZCH0723C,0,0,,,,Censored No Alarm,0,0,0,0,0,1,0.004176266957074404,,2017-10-30,,0.312
ZCH0723W,0,0,,,,Censored No Alarm,0,0,0,0,0,1,0.0033238634932786226,,2017-12-20,,0.312
ZCH07256,0,0,,,,Censored No Alarm,0,0,0,0,0,1,0.0013583027757704258,,2018-01-05,,0.312
ZCH0727L,0,0,,,,Censored No Alarm,0,0,0,0,0,1,0.001244770479388535,,2018-01-06,,0.312
ZCH0728P,0,0,,,,Censored No Alarm,0,0,0,0,0,1,0.0020537718664854765,,2017-12-20,,0.312
ZCH072DC,0,0,,,,Censored No Alarm,0,0,0,0,0,1,0.0008323855581693351,,2017-12-21,,0.312
ZCH072LN,0,0,,,,Censored No Alarm,0,0,0,0,0,1,0.010537349618971348,,2017-11-14,,0.312
ZCH072LW,0,0,,,,Censored No Alarm,0,0,0,0,0,1,0.0011499044485390186,,2017-12-21,,0.312
ZCH072P4,1,0,,2018-06-02,,Missed,0,0,0,0,1,0,0.19517280161380768,,2017-10-21,,0.312
ZCH072Q6,0,0,,,,Censored No Alarm,0,0,0,0,0,1,0.015916934236884117,,2017-11-14,,0.312
ZCH072X5,0,0,,,,Censored No Alarm,0,0,0,0,0,1,0.0010779434815049171,,2017-12-20,,0.312
ZCH072XA,0,0,,,,Censored No Alarm,0,0,0,0,0,1,0.007455321028828621,,2017-11-14,,0.312
ZCH072XV,0,0,,,,Censored No Alarm,0,0,0,0,0,1,0.005317332223057747,,2017-10-21,,0.312
ZCH072ZK,0,0,,,,Censored No Alarm,0,0,0,0,0,1,0.0008294575964100659,,2017-12-21,,0.312
ZCH07305,0,0,,,,Censored No Alarm,0,0,0,0,0,1,0.0023454641923308372,,2017-11-14,,0.312
ZCH07338,0,0,,,,Censored No Alarm,0,0,0,0,0,1,0.0022435563150793314,,2017-12-20,,0.312
ZCH0733C,0,0,,,,Censored No Alarm,0,0,0,0,0,1,0.0011899287346750498,,2018-01-05,,0.312
ZCH0733K,0,0,,,,Censored No Alarm,0,0,0,0,0,1,0.005897002760320902,,2017-11-14,,0.312
ZCH07343,0,0,,,,Censored No Alarm,0,0,0,0,0,1,0.0047151995822787285,,2018-02-12,,0.312
ZCH07344,1,0,,2019-03-15,,Missed,0,0,0,0,1,0,0.001577420742250979,,2017-11-14,,0.312
ZCH07349,0,0,,,,Censored No Alarm,0,0,0,0,0,1,0.001602417672984302,,2019-02-10,,0.312
ZCH0736Z,0,0,,,,Censored No Alarm,0,0,0,0,0,1,0.017065182328224182,,2017-11-09,,0.312
ZCH07380,0,0,,,,Censored No Alarm,0,0,0,0,0,1,0.000799498287960887,,2018-01-05,,0.312
ZCH073C6,0,0,,,,Censored No Alarm,0,0,0,0,0,1,0.0016837342409417033,,2017-12-21,,0.312
ZCH073D5,0,0,,,,Censored No Alarm,0,0,0,0,0,1,0.0007450254051946104,,2017-12-21,,0.312
ZCH073E1,0,0,,,,Censored No Alarm,0,0,0,0,0,1,0.06662172824144363,,2017-11-09,,0.312
ZCH073E3,0,0,,,,Censored No Alarm,0,0,0,0,0,1,0.0005775300087407231,,2017-12-21,,0.312
ZCH073FQ,0,0,,,,Censored No Alarm,0,0,0,0,0,1,0.0025851670652627945,,2017-11-14,,0.312
ZCH073G4,0,0,,,,Censored No Alarm,0,0,0,0,0,1,0.004060070030391216,,2017-10-21,,0.312
ZCH073KS,0,0,,,,Censored No Alarm,0,0,0,0,0,1,0.0018291875021532178,,2018-01-06,,0.312
ZCH073RE,0,0,,,,Censored No Alarm,0,0,0,0,0,1,0.007473906967788935,,2017-10-30,,0.312
ZCH073TC,0,0,,,,Censored No Alarm,0,0,0,0,0,1,0.010516633279621601,,2017-10-21,,0.312
ZCH073VM,0,0,,,,Censored No Alarm,0,0,0,0,0,1,0.0013579573715105653,,2018-11-05,,0.312
ZCH073WD,0,0,,,,Censored No Alarm,0,0,0,0,0,1,0.0030050501227378845,,2017-10-21,,0.312
ZCH073Z9,1,0,,2018-12-17,,Missed,0,0,0,0,1,0,0.31182894110679626,,2017-10-21,,0.312
ZCH0746F,0,0,,,,Censored No Alarm,0,0,0,0,0,1,0.0010425355285406113,,2018-01-05,,0.312
ZCH0747X,0,0,,,,Censored No Alarm,0,0,0,0,0,1,0.0027984215412288904,,2017-12-21,,0.312
ZCH074C0,0,0,,,,Censored No Alarm,0,0,0,0,0,1,0.004605172201991081,,2017-11-09,,0.312
ZCH074HR,0,0,,,,Censored No Alarm,0,0,0,0,0,1,0.0005893963971175253,,2018-01-05,,0.312
ZCH074J2,0,0,,,,Censored No Alarm,0,0,0,0,0,1,0.00043600675417110324,,2018-01-05,,0.312
ZCH074KP,0,0,,,,Censored No Alarm,0,0,0,0,0,1,0.0017932113260030746,,2018-01-05,,0.312
ZCH074LW,0,0,,,,Censored No Alarm,0,0,0,0,0,1,0.0023947013542056084,,2017-11-14,,0.312
ZCH074M1,0,0,,,,Censored No Alarm,0,0,0,0,0,1,0.004629942122846842,,2017-10-21,,0.312
ZCH074P8,0,0,,,,Censored No Alarm,0,0,0,0,0,1,0.0009425257449038327,,2018-01-05,,0.312
ZCH074RH,0,0,,,,Censored No Alarm,0,0,0,0,0,1,0.003722589462995529,,2018-02-12,,0.312
ZCH074SB,0,0,,,,Censored No Alarm,0,0,0,0,0,1,0.16118299961090088,,2017-10-21,,0.312
ZCH075RJ,0,0,,,,Censored No Alarm,0,0,0,0,0,1,0.000962401507422328,,2017-12-21,,0.312
ZCH075V0,1,0,,2019-04-23,,Missed,0,0,0,0,1,0,0.0015865700552240014,,2017-12-20,,0.312
ZCH075ZA,0,0,,,,Censored No Alarm,0,0,0,0,0,1,0.0037624335382133722,,2017-10-21,,0.312
ZCH075ZZ,0,1,2019-11-28,,,Censored Early,0,0,1,1,0,0,0.36492666602134705,0.3407161831855774,2017-12-21,707.0,0.312
ZCH076HA,0,0,,,,Censored No Alarm,0,0,0,0,0,1,0.0031506316736340523,,2019-01-18,,0.312
ZCH076J2,0,0,,,,Censored No Alarm,0,0,0,0,0,1,0.0006484059849753976,,2018-01-05,,0.312
ZCH076J8,0,0,,,,Censored No Alarm,0,0,0,0,0,1,0.015194186940789223,,2017-10-21,,0.312
ZCH076M5,0,0,,,,Censored No Alarm,0,0,0,0,0,1,0.003478582948446274,,2017-12-20,,0.312
ZCH076NA,0,0,,,,Censored No Alarm,0,0,0,0,0,1,0.0030532514210790396,,2017-11-09,,0.312
ZCH076ZR,0,0,,,,Censored No Alarm,0,0,0,0,0,1,0.003746488131582737,,2018-01-12,,0.312
ZCH07711,0,0,,,,Censored No Alarm,0,0,0,0,0,1,0.04415496811270714,,2017-11-14,,0.312
ZCH07727,0,0,,,,Censored No Alarm,0,0,0,0,0,1,0.004516236484050751,,2017-10-30,,0.312
ZCH0775F,0,0,,,,Censored No Alarm,0,0,0,0,0,1,0.0013589153531938791,,2018-01-05,,0.312
ZCH07760,0,0,,,,Censored No Alarm,0,0,0,0,0,1,0.0008674100390635431,,2018-01-05,,0.312
ZCH07767,0,0,,,,Censored No Alarm,0,0,0,0,0,1,0.004539258778095245,,2017-10-21,,0.312
ZCH0776A,0,0,,,,Censored No Alarm,0,0,0,0,0,1,0.0007508153794333339,,2017-12-21,,0.312
ZCH077BD,0,0,,,,Censored No Alarm,0,0,0,0,0,1,0.013150695711374283,,2017-10-21,,0.312
ZCH077CR,0,0,,,,Censored No Alarm,0,0,0,0,0,1,0.07011981308460236,,2017-10-21,,0.312
ZCH077GA,0,0,,,,Censored No Alarm,0,0,0,0,0,1,0.0020534407813102007,,2017-11-09,,0.312
ZCH077JF,0,0,,,,Censored No Alarm,0,0,0,0,0,1,0.0043776268139481544,,2017-10-30,,0.312
ZCH077K3,0,0,,,,Censored No Alarm,0,0,0,0,0,1,0.0012606106465682387,,2017-12-20,,0.312
ZCH077K6,0,0,,,,Censored No Alarm,0,0,0,0,0,1,0.0037961071357131004,,2017-10-21,,0.312
ZCH077KF,0,0,,,,Censored No Alarm,0,0,0,0,0,1,0.0015389631735160947,,2017-12-21,,0.312
ZCH077LD,0,1,2019-10-11,,,Censored Early,0,0,1,1,0,0,0.338472455739975,0.338472455739975,2017-10-21,720.0,0.312
ZCH077MB,0,0,,,,Censored No Alarm,0,0,0,0,0,1,0.002200610237196088,,2017-11-14,,0.312
ZCH077N0,0,0,,,,Censored No Alarm,0,0,0,0,0,1,0.005021919030696154,,2017-10-21,,0.312
ZCH077N9,1,1,2019-06-09,2019-06-12,3.0,On time,1,0,0,0,0,0,0.5056633353233337,0.4740801155567169,2017-11-14,572.0,0.312
ZCH077P5,1,0,,2017-12-24,,Missed,0,0,0,0,1,0,0.0004978484939783812,,2017-12-21,,0.312
ZCH077Q1,0,0,,,,Censored No Alarm,0,0,0,0,0,1,0.001497659832239151,,2017-12-21,,0.312
ZCH077X8,0,0,,,,Censored No Alarm,0,0,0,0,0,1,0.005479700863361359,,2017-10-21,,0.312
ZCH077XN,0,0,,,,Censored No Alarm,0,0,0,0,0,1,0.0014450715389102697,,2018-03-12,,0.312
ZCH077XZ,0,0,,,,Censored No Alarm,0,0,0,0,0,1,0.0009926074417307973,,2018-01-05,,0.312
ZCH07818,0,0,,,,Censored No Alarm,0,0,0,0,0,1,0.005935172084718943,,2017-10-30,,0.312
ZCH07848,0,0,,,,Censored No Alarm,0,0,0,0,0,1,0.001406603492796421,,2017-12-21,,0.312
ZCH0786A,0,0,,,,Censored No Alarm,0,0,0,0,0,1,0.0047501749359071255,,2017-11-09,,0.312
ZCH0786X,0,0,,,,Censored No Alarm,0,0,0,0,0,1,0.004512979183346033,,2017-10-21,,0.312
ZCH07879,0,0,,,,Censored No Alarm,0,0,0,0,0,1,0.002156860427930951,,2017-12-20,,0.312
ZCH0788V,0,0,,,,Censored No Alarm,0,0,0,0,0,1,0.005793939344584942,,2018-04-27,,0.312
ZCH078A4,0,0,,,,Censored No Alarm,0,0,0,0,0,1,0.17347149550914764,,2017-10-30,,0.312
ZCH078DW,0,0,,,,Censored No Alarm,0,0,0,0,0,1,0.021198678761720657,,2017-11-14,,0.312
ZCH078HG,0,0,,,,Censored No Alarm,0,0,0,0,0,1,0.010295163840055466,,2017-11-09,,0.312
ZCH078HY,0,0,,,,Censored No Alarm,0,0,0,0,0,1,0.002937383484095335,,2017-11-14,,0.312
ZCH078J5,1,1,2020-11-16,2020-11-23,7.0,On time,1,0,0,0,0,0,0.44994300603866577,0.403117835521698,2017-11-09,1103.0,0.312
ZCH078JT,0,0,,,,Censored No Alarm,0,0,0,0,0,1,0.0062852781265974045,,2017-11-09,,0.312
ZCH078LB,0,0,,,,Censored No Alarm,0,0,0,0,0,1,0.2706788182258606,,2017-10-21,,0.312
ZCH078R2,0,0,,,,Censored No Alarm,0,0,0,0,0,1,0.004014407284557819,,2017-10-21,,0.312
ZCH078XT,0,0,,,,Censored No Alarm,0,0,0,0,0,1,0.005956787150353193,,2017-10-21,,0.312
ZCH078YM,1,1,2019-08-21,2019-09-13,23.0,On time,1,0,0,0,0,0,0.3639898896217346,0.34272611141204834,2017-10-21,669.0,0.312
ZCH078Z9,0,0,,,,Censored No Alarm,0,0,0,0,0,1,0.006215864792466164,,2017-10-21,,0.312
ZCH078ZT,0,0,,,,Censored No Alarm,0,0,0,0,0,1,0.005783554632216692,,2017-10-30,,0.312
ZCH07902,0,0,,,,Censored No Alarm,0,0,0,0,0,1,0.0033731451258063316,,2017-10-21,,0.312
ZCH07955,0,0,,,,Censored No Alarm,0,0,0,0,0,1,0.0038204852025955915,,2017-10-30,,0.312
ZCH07967,0,0,,,,Censored No Alarm,0,0,0,0,0,1,0.006938434671610594,,2017-10-21,,0.312
ZCH079P1,0,0,,,,Censored No Alarm,0,0,0,0,0,1,0.002465065335854888,,2018-03-12,,0.312
ZCH07APA,0,0,,,,Censored No Alarm,0,0,0,0,0,1,0.0016595679335296154,,2018-03-12,,0.312
ZCH07AV8,0,0,,,,Censored No Alarm,0,0,0,0,0,1,0.0013316984986886382,,2017-12-20,,0.312
ZCH07AW1,0,0,,,,Censored No Alarm,0,0,0,0,0,1,0.02125704288482666,,2017-10-30,,0.312
ZCH07AY0,0,0,,,,Censored No Alarm,0,0,0,0,0,1,0.0005076718516647816,,2018-01-05,,0.312
ZCH07AYE,1,0,,2019-12-28,,Missed,0,0,0,0,1,0,0.2725796401500702,,2017-10-21,,0.312
ZCH07AYF,0,0,,,,Censored No Alarm,0,0,0,0,0,1,0.000804733601398766,,2017-12-21,,0.312
ZCH07B2T,0,0,,,,Censored No Alarm,0,0,0,0,0,1,0.0017301717307418585,,2017-11-14,,0.312
ZCH07B30,0,0,,,,Censored No Alarm,0,0,0,0,0,1,0.0018243447411805391,,2018-11-20,,0.312
ZCH07B3B,0,0,,,,Censored No Alarm,0,0,0,0,0,1,0.00403367867693305,,2017-10-21,,0.312
ZCH07B5H,0,0,,,,Censored No Alarm,0,0,0,0,0,1,0.0037696179933845997,,2017-10-30,,0.312
ZCH07B5Q,0,0,,,,Censored No Alarm,0,0,0,0,0,1,0.0017003847751766443,,2018-11-06,,0.312
ZCH07B8E,0,0,,,,Censored No Alarm,0,0,0,0,0,1,0.002217254601418972,,2017-11-14,,0.312
ZCH07BWD,1,1,2019-11-19,2019-12-13,24.0,On time,1,0,0,0,0,0,0.3956848084926605,0.32571157813072205,2017-10-21,759.0,0.312
ZCH07C03,0,0,,,,Censored No Alarm,0,0,0,0,0,1,0.0009687435813248158,,2017-12-21,,0.312
ZCH07C39,0,0,,,,Censored No Alarm,0,0,0,0,0,1,0.011458059772849083,,2017-11-09,,0.312
ZCH07C5P,1,0,,2019-05-14,,Missed,0,0,0,0,1,0,0.13097235560417175,,2017-12-21,,0.312
ZCH07C9V,0,0,,,,Censored No Alarm,0,0,0,0,0,1,0.0025019999593496323,,2017-11-14,,0.312
ZCH07CDT,0,0,,,,Censored No Alarm,0,0,0,0,0,1,0.0018790630856528878,,2017-11-14,,0.312
ZCH07CFA,0,0,,,,Censored No Alarm,0,0,0,0,0,1,0.0019320492865517735,,2018-01-06,,0.312
ZCH07CHS,0,0,,,,Censored No Alarm,0,0,0,0,0,1,0.002261270070448518,,2019-02-15,,0.312
ZCH07CMJ,0,0,,,,Censored No Alarm,0,0,0,0,0,1,0.009981896728277206,,2017-10-21,,0.312
ZCH07CPZ,0,0,,,,Censored No Alarm,0,0,0,0,0,1,0.0010995420161634684,,2017-12-21,,0.312
ZCH07CQF,0,0,,,,Censored No Alarm,0,0,0,0,0,1,0.0008888265583664179,,2017-12-21,,0.312
ZCH07CQP,0,0,,,,Censored No Alarm,0,0,0,0,0,1,0.0006156135932542384,,2018-01-05,,0.312
ZCH07CQZ,0,0,,,,Censored No Alarm,0,0,0,0,0,1,0.005231605377048254,,2017-11-09,,0.312
ZCH07CSS,0,0,,,,Censored No Alarm,0,0,0,0,0,1,0.008748402819037437,,2017-11-09,,0.312
ZCH07CZS,0,0,,,,Censored No Alarm,0,0,0,0,0,1,0.002749043982475996,,2017-12-20,,0.312
ZCH07D03,0,0,,,,Censored No Alarm,0,0,0,0,0,1,0.05165835842490196,,2017-11-09,,0.312
ZCH07D08,0,0,,,,Censored No Alarm,0,0,0,0,0,1,0.002089924644678831,,2017-11-14,,0.312
ZCH07D0Q,0,0,,,,Censored No Alarm,0,0,0,0,0,1,0.004052876494824886,,2017-11-09,,0.312
ZCH07D3B,0,0,,,,Censored No Alarm,0,0,0,0,0,1,0.0005226272041909397,,2018-01-05,,0.312
ZCH07D4B,0,0,,,,Censored No Alarm,0,0,0,0,0,1,0.001688845339231193,,2017-12-20,,0.312
ZCH07DEH,0,0,,,,Censored No Alarm,0,0,0,0,0,1,0.0012999270111322403,,2018-01-05,,0.312
ZCH07DGF,0,0,,,,Censored No Alarm,0,0,0,0,0,1,0.0011680044699460268,,2018-01-05,,0.312
ZCH07DHF,0,0,,,,Censored No Alarm,0,0,0,0,0,1,0.0009058257564902306,,2017-12-21,,0.312
ZCH07DNT,0,0,,,,Censored No Alarm,0,0,0,0,0,1,0.004188379272818565,,2017-11-09,,0.312
ZCH07DS5,0,0,,,,Censored No Alarm,0,0,0,0,0,1,0.0013308002380654216,,2017-12-20,,0.312
ZCH07DSJ,0,0,,,,Censored No Alarm,0,0,0,0,0,1,0.0008448049193248153,,2017-12-21,,0.312
ZCH07DTE,0,0,,,,Censored No Alarm,0,0,0,0,0,1,0.0009728451259434223,,2018-01-05,,0.312
ZCH07DVP,1,0,,2018-03-28,,Missed,0,0,0,0,1,0,0.0013032176066190004,,2017-10-21,,0.312
ZCH07DVT,1,1,2020-09-12,2021-04-06,206.0,Early,0,1,0,1,0,0,0.45551007986068726,0.4133502244949341,2019-02-15,575.0,0.312
ZCH07DWL,0,0,,,,Censored No Alarm,0,0,0,0,0,1,0.004858814645558596,,2017-11-09,,0.312
ZCH07DZ4,0,0,,,,Censored No Alarm,0,0,0,0,0,1,0.001311559695750475,,2017-12-21,,0.312
ZCH07DZY,0,0,,,,Censored No Alarm,0,0,0,0,0,1,0.0008401524974033237,,2017-12-21,,0.312
ZCH07E0J,0,0,,,,Censored No Alarm,0,0,0,0,0,1,0.0033242094796150923,,2017-10-21,,0.312
ZCH07E2H,0,0,,,,Censored No Alarm,0,0,0,0,0,1,0.002444071462377906,,2017-11-14,,0.312
ZCH07E4J,0,0,,,,Censored No Alarm,0,0,0,0,0,1,0.003185875480994582,,2017-10-21,,0.312
ZCH07E7D,0,0,,,,Censored No Alarm,0,0,0,0,0,1,0.0013720995048061013,,2017-11-14,,0.312
ZCH07EA0,0,0,,,,Censored No Alarm,0,0,0,0,0,1,0.004762173630297184,,2017-10-21,,0.312
ZCH07EBD,0,0,,,,Censored No Alarm,0,0,0,0,0,1,0.0033149628434330225,,2017-10-30,,0.312
ZCH07EBK,0,0,,,,Censored No Alarm,0,0,0,0,0,1,0.0006948690861463547,,2018-01-05,,0.312
ZCH07EH1,0,0,,,,Censored No Alarm,0,0,0,0,0,1,0.0008908041636459529,,2017-12-21,,0.312
ZCH07EHE,0,0,,,,Censored No Alarm,0,0,0,0,0,1,0.0019857867155224085,,2019-01-06,,0.312
ZCH07EJW,0,0,,,,Censored No Alarm,0,0,0,0,0,1,0.0016566923586651683,,2017-12-20,,0.312
ZCH07EL0,0,0,,,,Censored No Alarm,0,0,0,0,0,1,0.0014611328952014446,,2017-12-21,,0.312
ZCH07EL5,0,0,,,,Censored No Alarm,0,0,0,0,0,1,0.008998609147965908,,2017-10-21,,0.312
ZCH07EL6,0,0,,,,Censored No Alarm,0,0,0,0,0,1,0.004543708171695471,,2017-10-21,,0.312
ZCH07ELC,0,0,,,,Censored No Alarm,0,0,0,0,0,1,0.051452409476041794,,2017-11-09,,0.312
ZCH07ELF,0,0,,,,Censored No Alarm,0,0,0,0,0,1,0.0013955568429082632,,2017-12-20,,0.312
ZCH07ENK,0,0,,,,Censored No Alarm,0,0,0,0,0,1,0.0016189905581995845,,2017-12-20,,0.312
ZCH07ERA,0,0,,,,Censored No Alarm,0,0,0,0,0,1,0.0037052968982607126,,2017-11-09,,0.312
ZCH07ERN,0,0,,,,Censored No Alarm,0,0,0,0,0,1,0.005130602512508631,,2017-11-14,,0.312
ZCH07EVQ,0,0,,,,Censored No Alarm,0,0,0,0,0,1,0.0032133639324456453,,2018-03-12,,0.312
ZCH07EWK,0,0,,,,Censored No Alarm,0,0,0,0,0,1,0.002537672407925129,,2017-11-09,,0.312
ZCH07EYX,0,0,,,,Censored No Alarm,0,0,0,0,0,1,0.0032194731757044792,,2018-01-05,,0.312
ZCH07F3H,0,0,,,,Censored No Alarm,0,0,0,0,0,1,0.0019984229002147913,,2017-12-20,,0.312
ZCH07F4Q,0,0,,,,Censored No Alarm,0,0,0,0,0,1,0.003715845290571451,,2017-11-09,,0.312
ZCH07F4X,0,0,,,,Censored No Alarm,0,0,0,0,0,1,0.0020163790322840214,,2017-12-21,,0.312
ZCH07F6Z,0,0,,,,Censored No Alarm,0,0,0,0,0,1,0.0014579638373106718,,2018-01-05,,0.312
ZCH07FAH,0,0,,,,Censored No Alarm,0,0,0,0,0,1,0.0009930898668244481,,2017-12-21,,0.312
ZCH07FG0,0,0,,,,Censored No Alarm,0,0,0,0,0,1,0.002555595012381673,,2017-11-14,,0.312
ZCH07FLB,0,0,,,,Censored No Alarm,0,0,0,0,0,1,0.0019395817071199417,,2017-11-14,,0.312
ZCH07FLW,0,0,,,,Censored No Alarm,0,0,0,0,0,1,0.0020168195478618145,,2017-12-20,,0.312
ZCH07FNX,0,0,,,,Censored No Alarm,0,0,0,0,0,1,0.006466316990554333,,2017-11-14,,0.312
ZCH07FQV,0,0,,,,Censored No Alarm,0,0,0,0,0,1,0.08335215598344803,,2018-01-05,,0.312
ZCH07FVD,0,0,,,,Censored No Alarm,0,0,0,0,0,1,0.0008593066013418138,,2017-12-21,,0.312
ZCH07FX1,0,0,,,,Censored No Alarm,0,0,0,0,0,1,0.0007648569880984724,,2017-12-21,,0.312
ZCH07G1S,0,0,,,,Censored No Alarm,0,0,0,0,0,1,0.0027611716650426388,,2017-10-30,,0.312
ZCH07G27,0,0,,,,Censored No Alarm,0,0,0,0,0,1,0.0040702419355511665,,2017-10-30,,0.312
ZCH07G29,1,1,2020-08-18,2020-09-03,16.0,On time,1,0,0,0,0,0,0.4620044231414795,0.37779107689857483,2017-11-14,1008.0,0.312
ZCH07G2T,0,0,,,,Censored No Alarm,0,0,0,0,0,1,0.0018511281814426184,,2019-02-17,,0.312
ZCH07G7K,0,0,,,,Censored No Alarm,0,0,0,0,0,1,0.0014161120634526014,,2017-12-20,,0.312
ZCH07G9W,0,0,,,,Censored No Alarm,0,0,0,0,0,1,0.00350260641425848,,2017-11-09,,0.312
ZCH07GGJ,0,0,,,,Censored No Alarm,0,0,0,0,0,1,0.0014373556477949023,,2018-10-29,,0.312
ZCH07GJR,0,0,,,,Censored No Alarm,0,0,0,0,0,1,0.05069515109062195,,2017-11-09,,0.312
ZCH07GKH,0,0,,,,Censored No Alarm,0,0,0,0,0,1,0.0018676921026781201,,2017-11-14,,0.312
ZCH07GQK,0,0,,,,Censored No Alarm,0,0,0,0,0,1,0.003213324351236224,,2017-12-20,,0.312
ZCH07GRE,0,0,,,,Censored No Alarm,0,0,0,0,0,1,0.0005853003240190446,,2017-12-21,,0.312
ZCH07GV6,0,0,,,,Censored No Alarm,0,0,0,0,0,1,0.0007965773693285882,,2017-12-21,,0.312
ZCH07GVC,0,0,,,,Censored No Alarm,0,0,0,0,0,1,0.004957971628755331,,2017-11-09,,0.312
ZCH07GVD,0,0,,,,Censored No Alarm,0,0,0,0,0,1,0.001672657672315836,,2018-01-05,,0.312
ZCH07GW7,0,0,,,,Censored No Alarm,0,0,0,0,0,1,0.0010638396488502622,,2017-12-21,,0.312
ZCH07GWS,0,0,,,,Censored No Alarm,0,0,0,0,0,1,0.06450165808200836,,2018-01-05,,0.312
ZCH07GZ0,0,0,,,,Censored No Alarm,0,0,0,0,0,1,0.0033566707279533148,,2017-12-21,,0.312
ZCH07GZC,0,0,,,,Censored No Alarm,0,0,0,0,0,1,0.0007313659880310297,,2017-12-21,,0.312
ZCH07H1T,0,0,,,,Censored No Alarm,0,0,0,0,0,1,0.009073055349290371,,2017-11-14,,0.312
ZCH07H1Y,0,0,,,,Censored No Alarm,0,0,0,0,0,1,0.0022188606671988964,,2017-12-21,,0.312
ZCH07H46,0,0,,,,Censored No Alarm,0,0,0,0,0,1,0.0033364517148584127,,2017-11-14,,0.312
ZCH07H4R,0,0,,,,Censored No Alarm,0,0,0,0,0,1,0.004810026381164789,,2017-12-20,,0.312
ZCH07H6A,0,0,,,,Censored No Alarm,0,0,0,0,0,1,0.007185928523540497,,2017-11-09,,0.312
ZCH07H6B,0,0,,,,Censored No Alarm,0,0,0,0,0,1,0.0017077113734558225,,2017-12-20,,0.312
ZCH07HCT,0,0,,,,Censored No Alarm,0,0,0,0,0,1,0.004191807005554438,,2017-11-09,,0.312
ZCH07HE8,0,0,,,,Censored No Alarm,0,0,0,0,0,1,0.0018098346190527081,,2017-12-21,,0.312
ZCH07HHL,1,0,,2019-09-24,,Missed,0,0,0,0,1,0,0.2616232931613922,,2017-10-21,,0.312
ZCH07HJ6,0,0,,,,Censored No Alarm,0,0,0,0,0,1,0.001076185959391296,,2017-12-21,,0.312
ZCH07HJ7,0,0,,,,Censored No Alarm,0,0,0,0,0,1,0.0008636140264570713,,2018-01-05,,0.312
ZCH07HK8,0,0,,,,Censored No Alarm,0,0,0,0,0,1,0.0008585304021835327,,2017-12-20,,0.312
ZCH07HKV,0,0,,,,Censored No Alarm,0,0,0,0,0,1,0.0030888181645423174,,2017-10-30,,0.312
ZCH07HM0,1,1,2019-10-08,2019-11-02,25.0,On time,1,0,0,0,0,0,0.4380711019039154,0.3571231961250305,2017-10-21,717.0,0.312
ZCH07HM3,0,0,,,,Censored No Alarm,0,0,0,0,0,1,0.0016907121753320098,,2017-11-14,,0.312
ZCH07HSE,0,0,,,,Censored No Alarm,0,0,0,0,0,1,0.0014211797388270497,,2017-12-20,,0.312
ZCH07HVC,0,0,,,,Censored No Alarm,0,0,0,0,0,1,0.001941230148077011,,2017-11-09,,0.312
ZCH07HW8,0,0,,,,Censored No Alarm,0,0,0,0,0,1,0.0013053722213953733,,2018-01-05,,0.312
ZCH07J4R,0,0,,,,Censored No Alarm,0,0,0,0,0,1,0.0024535413831472397,,2017-12-20,,0.312
ZCH07J53,0,0,,,,Censored No Alarm,0,0,0,0,0,1,0.005749949254095554,,2019-01-01,,0.312
ZCH07J59,0,0,,,,Censored No Alarm,0,0,0,0,0,1,0.007899690419435501,,2017-11-14,,0.312
ZCH07JA2,0,0,,,,Censored No Alarm,0,0,0,0,0,1,0.0024929458741098642,,2017-12-20,,0.312
ZCH07JAG,1,0,,2018-01-20,,Missed,0,0,0,0,1,0,0.3050136864185333,,2017-12-20,,0.312
ZCH07JBL,1,0,,2019-10-01,,Missed,0,0,0,0,1,0,0.002872123848646879,,2017-12-20,,0.312
ZCH07JGB,0,0,,,,Censored No Alarm,0,0,0,0,0,1,0.005492954049259424,,2017-11-09,,0.312
ZCH07JGW,0,0,,,,Censored No Alarm,0,0,0,0,0,1,0.0017575477249920368,,2017-12-21,,0.312
ZCH07JJL,0,0,,,,Censored No Alarm,0,0,0,0,0,1,0.002314366167411208,,2017-11-09,,0.312
ZCH07JNG,0,0,,,,Censored No Alarm,0,0,0,0,0,1,0.0008227390935644507,,2017-12-21,,0.312
ZCH07JQ0,0,0,,,,Censored No Alarm,0,0,0,0,0,1,0.004430733155459166,,2017-11-09,,0.312
ZCH07K1W,0,0,,,,Censored No Alarm,0,0,0,0,0,1,0.002415414433926344,,2018-02-12,,0.312
ZCH07LZZ,0,0,,,,Censored No Alarm,0,0,0,0,0,1,0.004790872801095247,,2017-10-21,,0.312
ZCH07M0N,0,0,,,,Censored No Alarm,0,0,0,0,0,1,0.006448097061365843,,2017-11-14,,0.312
ZCH07M1S,0,0,,,,Censored No Alarm,0,0,0,0,0,1,0.0036919182166457176,,2017-11-14,,0.312
ZCH07M2C,0,0,,,,Censored No Alarm,0,0,0,0,0,1,0.0025158622302114964,,2017-11-09,,0.312
ZCH07M2F,0,0,,,,Censored No Alarm,0,0,0,0,0,1,0.0007989400182850659,,2018-01-05,,0.312
ZCH07M3M,0,0,,,,Censored No Alarm,0,0,0,0,0,1,0.0009265211992897093,,2017-12-20,,0.312
ZCH07M3X,0,0,,,,Censored No Alarm,0,0,0,0,0,1,0.001393963466398418,,2017-12-20,,0.312
ZCH07M5G,0,0,,,,Censored No Alarm,0,0,0,0,0,1,0.004467752296477556,,2017-10-21,,0.312
ZCH07N5C,0,0,,,,Censored No Alarm,0,0,0,0,0,1,0.0027734660543501377,,2017-10-21,,0.312
ZCH07N7F,0,0,,,,Censored No Alarm,0,0,0,0,0,1,0.0026105286087840796,,2017-12-21,,0.312
ZCH07N8P,0,0,,,,Censored No Alarm,0,0,0,0,0,1,0.000847458781208843,,2018-01-05,,0.312
ZCH07NBT,0,0,,,,Censored No Alarm,0,0,0,0,0,1,0.007915611378848553,,2017-10-21,,0.312
ZCH07NC8,0,0,,,,Censored No Alarm,0,0,0,0,0,1,0.0014779760967940092,,2017-12-21,,0.312
ZCH07NCD,0,0,,,,Censored No Alarm,0,0,0,0,0,1,0.0030301373917609453,,2018-01-05,,0.312
ZCH07NEN,0,0,,,,Censored No Alarm,0,0,0,0,0,1,0.009469535201787949,,2017-11-14,,0.312
ZCH07NEY,0,0,,,,Censored No Alarm,0,0,0,0,0,1,0.009769878350198269,,2017-11-09,,0.312
ZCH07NGX,0,0,,,,Censored No Alarm,0,0,0,0,0,1,0.07971354573965073,,2018-10-29,,0.312
ZCH07NJC,0,0,,,,Censored No Alarm,0,0,0,0,0,1,0.0011570608476176858,,2017-12-20,,0.312
ZCH07NLF,1,1,2020-07-03,2020-07-10,7.0,On time,1,0,0,0,0,0,0.32253265380859375,0.32253265380859375,2017-11-09,967.0,0.312
ZCH07NP5,0,0,,,,Censored No Alarm,0,0,0,0,0,1,0.0010070700664073229,,2018-01-05,,0.312
ZCH07NS5,0,0,,,,Censored No Alarm,0,0,0,0,0,1,0.009726528078317642,,2017-11-09,,0.312
ZCH07NSK,0,0,,,,Censored No Alarm,0,0,0,0,0,1,0.0058525013737380505,,2017-12-20,,0.312
ZCH07NSM,0,0,,,,Censored No Alarm,0,0,0,0,0,1,0.0010097898775711656,,2018-01-05,,0.312
ZCH07NSR,0,1,2020-09-01,,,Censored Early,0,0,1,1,0,0,0.38144955039024353,0.38144955039024353,2017-12-20,986.0,0.312
ZCH07NV9,0,0,,,,Censored No Alarm,0,0,0,0,0,1,0.0036923338193446398,,2017-10-30,,0.312
ZCH07NW1,0,0,,,,Censored No Alarm,0,0,0,0,0,1,0.0012066361960023642,,2018-01-05,,0.312
ZCH07NWG,0,0,,,,Censored No Alarm,0,0,0,0,0,1,0.0034566428512334824,,2017-10-21,,0.312
ZCH07NX7,0,0,,,,Censored No Alarm,0,0,0,0,0,1,0.0020299030002206564,,2019-02-18,,0.312
ZCH07NX8,0,0,,,,Censored No Alarm,0,0,0,0,0,1,0.0014788700500503182,,2017-12-20,,0.312
ZCH07NY0,0,0,,,,Censored No Alarm,0,0,0,0,0,1,0.0011579643469303846,,2018-01-06,,0.312
ZCH07NZE,1,0,,2020-12-04,,Missed,0,0,0,0,1,0,0.0013249965850263834,,2018-01-05,,0.312
ZCH07NZN,0,0,,,,Censored No Alarm,0,0,0,0,0,1,0.0034692822955548763,,2018-01-05,,0.312
ZCH07NZP,0,0,,,,Censored No Alarm,0,0,0,0,0,1,0.0010476200841367245,,2017-12-21,,0.312
ZCH07P53,0,1,2019-08-21,,,Censored Early,0,0,1,1,0,0,0.44260120391845703,0.40712031722068787,2017-11-09,650.0,0.312
ZCH07Q0G,0,0,,,,Censored No Alarm,0,0,0,0,0,1,0.001100342022255063,,2018-01-05,,0.312
ZCH07Q0Q,0,0,,,,Censored No Alarm,0,0,0,0,0,1,0.00536563154309988,,2017-12-20,,0.312
ZCH07Q46,0,0,,,,Censored No Alarm,0,0,0,0,0,1,0.0029778641182929277,,2017-11-09,,0.312
ZCH07Q5P,0,0,,,,Censored No Alarm,0,0,0,0,0,1,0.0021842769347131252,,2017-11-14,,0.312
ZCH07Q61,0,0,,,,Censored No Alarm,0,0,0,0,0,1,0.003481163876131177,,2017-11-09,,0.312
ZCH07Q8T,0,0,,,,Censored No Alarm,0,0,0,0,0,1,0.01195652224123478,,2017-11-09,,0.312
ZCH07QAB,0,0,,,,Censored No Alarm,0,0,0,0,0,1,0.0013495050370693207,,2018-01-06,,0.312
ZCH07QBR,0,0,,,,Censored No Alarm,0,0,0,0,0,1,0.0010069889249280095,,2017-12-21,,0.312
ZCH07QC8,1,1,2020-01-08,2020-01-09,1.0,On time,1,0,0,0,0,0,0.38775888085365295,0.3539277911186218,2017-12-21,748.0,0.312
ZCH07QDD,0,0,,,,Censored No Alarm,0,0,0,0,0,1,0.001975498627871275,,2017-11-14,,0.312
ZCH07RJ1,1,1,2019-11-07,2020-02-07,92.0,Early,0,1,0,1,0,0,0.3241782784461975,0.3241782784461975,2018-10-29,374.0,0.312
ZCH07RLC,1,0,,2019-01-02,,Missed,0,0,0,0,1,0,0.14759157598018646,,2017-11-09,,0.312
ZCH07RLE,0,0,,,,Censored No Alarm,0,0,0,0,0,1,0.002613743767142296,,2017-11-14,,0.312
ZCH07RQT,1,0,,2021-07-07,,Missed,0,0,0,0,1,0,0.1754991114139557,,2017-11-09,,0.312
ZCH07RV2,0,0,,,,Censored No Alarm,0,0,0,0,0,1,0.0014992122305557132,,2017-12-21,,0.312
ZCH07RVL,0,0,,,,Censored No Alarm,0,0,0,0,0,1,0.0007385301869362593,,2018-01-05,,0.312
ZCH07RXX,0,0,,,,Censored No Alarm,0,0,0,0,0,1,0.0013415649300441146,,2017-12-20,,0.312
ZCH07RXY,0,0,,,,Censored No Alarm,0,0,0,0,0,1,0.0010897378670051694,,2017-12-21,,0.312
ZCH07RYC,1,0,,2018-03-16,,Missed,0,0,0,0,1,0,0.000877696555107832,,2017-11-14,,0.312
ZCH07RYF,0,0,,,,Censored No Alarm,0,0,0,0,0,1,0.03697218745946884,,2017-12-21,,0.312
ZCH07RYN,0,0,,,,Censored No Alarm,0,0,0,0,0,1,0.001711907098069787,,2017-12-20,,0.312
ZCH07RYY,0,0,,,,Censored No Alarm,0,0,0,0,0,1,0.002345803426578641,,2017-12-20,,0.312
ZCH07S1B,0,0,,,,Censored No Alarm,0,0,0,0,0,1,0.002756058471277356,,2018-05-01,,0.312
ZCH07S1Y,1,1,2021-01-30,2021-05-11,101.0,Early,0,1,0,1,0,0,0.40170446038246155,0.40170446038246155,2017-11-09,1178.0,0.312
ZCH07SKQ,1,0,,2019-10-16,,Missed,0,0,0,0,1,0,0.30637821555137634,,2017-11-09,,0.312
ZCH07SKS,0,0,,,,Censored No Alarm,0,0,0,0,0,1,0.0017539680702611804,,2017-12-20,,0.312
ZCH07SPJ,0,0,,,,Censored No Alarm,0,0,0,0,0,1,0.0023692245595157146,,2017-11-14,,0.312
ZCH07SPW,0,0,,,,Censored No Alarm,0,0,0,0,0,1,0.0017993964720517397,,2017-11-14,,0.312
ZCH07SPX,0,0,,,,Censored No Alarm,0,0,0,0,0,1,0.006287893746048212,,2017-12-20,,0.312
ZCH07SRP,0,0,,,,Censored No Alarm,0,0,0,0,0,1,0.003455081256106496,,2017-11-14,,0.312
ZCH07STW,0,0,,,,Censored No Alarm,0,0,0,0,0,1,0.005590200424194336,,2017-10-30,,0.312
ZCH07SXC,0,0,,,,Censored No Alarm,0,0,0,0,0,1,0.001243665930815041,,2018-01-05,,0.312
ZCH07SZ5,0,0,,,,Censored No Alarm,0,0,0,0,0,1,0.001007999642752111,,2018-01-05,,0.312
ZCH07SZE,0,0,,,,Censored No Alarm,0,0,0,0,0,1,0.0027929646894335747,,2017-11-14,,0.312
ZCH07T1A,0,0,,,,Censored No Alarm,0,0,0,0,0,1,0.002359597710892558,,2017-11-14,,0.312
ZCH07T1E,0,0,,,,Censored No Alarm,0,0,0,0,0,1,0.0014138811966404319,,2017-11-14,,0.312
ZCH07T1J,0,0,,,,Censored No Alarm,0,0,0,0,0,1,0.0022038030438125134,,2018-01-05,,0.312
ZCH07T24,0,0,,,,Censored No Alarm,0,0,0,0,0,1,0.001810077577829361,,2017-11-14,,0.312
ZCH07T5T,0,0,,,,Censored No Alarm,0,0,0,0,0,1,0.003748382441699505,,2017-12-20,,0.312
ZCH07T7D,0,0,,,,Censored No Alarm,0,0,0,0,0,1,0.002424597041681409,,2017-11-09,,0.312
ZCH07TC5,0,0,,,,Censored No Alarm,0,0,0,0,0,1,0.10954062640666962,,2017-12-21,,0.312
ZCH07TCH,0,0,,,,Censored No Alarm,0,0,0,0,0,1,0.0020328019745647907,,2018-01-05,,0.312
ZCH07TCJ,0,0,,,,Censored No Alarm,0,0,0,0,0,1,0.0014499180251732469,,2017-12-21,,0.312
ZCH07TCW,0,0,,,,Censored No Alarm,0,0,0,0,0,1,0.0006294384365901351,,2018-01-05,,0.312
ZCH07TDB,0,0,,,,Censored No Alarm,0,0,0,0,0,1,0.009566191583871841,,2017-11-09,,0.312
ZCH07TDG,0,0,,,,Censored No Alarm,0,0,0,0,0,1,0.0057710325345396996,,2017-11-09,,0.312
ZCH07TEA,0,0,,,,Censored No Alarm,0,0,0,0,0,1,0.0025725916493684053,,2018-12-05,,0.312
ZCH07TFT,0,0,,,,Censored No Alarm,0,0,0,0,0,1,0.010039223358035088,,2017-11-09,,0.312
ZCH07TH6,0,0,,,,Censored No Alarm,0,0,0,0,0,1,0.002851393772289157,,2017-10-21,,0.312
ZCH07TK7,0,0,,,,Censored No Alarm,0,0,0,0,0,1,0.0032192326616495848,,2017-11-09,,0.312
ZCH07TLB,0,0,,,,Censored No Alarm,0,0,0,0,0,1,0.0010921801440417767,,2017-12-20,,0.312
ZCH07VH1,0,0,,,,Censored No Alarm,0,0,0,0,0,1,0.12326353043317795,,2017-11-09,,0.312
ZCH07VJM,0,0,,,,Censored No Alarm,0,0,0,0,0,1,0.0017460096860304475,,2018-01-05,,0.312
ZCH07VMC,0,0,,,,Censored No Alarm,0,0,0,0,0,1,0.0038207359611988068,,2017-11-09,,0.312
ZCH07VNT,0,0,,,,Censored No Alarm,0,0,0,0,0,1,0.001606140984222293,,2017-12-20,,0.312
ZCH07VPD,0,0,,,,Censored No Alarm,0,0,0,0,0,1,0.0012497343122959137,,2017-12-21,,0.312
ZCH07VPN,0,0,,,,Censored No Alarm,0,0,0,0,0,1,0.001092385035008192,,2018-10-29,,0.312
ZCH07VSD,0,0,,,,Censored No Alarm,0,0,0,0,0,1,0.0008462906116619706,,2018-01-05,,0.312
ZCH07VYC,0,0,,,,Censored No Alarm,0,0,0,0,0,1,0.0016350742662325501,,2017-11-14,,0.312
ZCH07W0F,0,1,2019-11-24,,,Censored Early,0,0,1,1,0,0,0.36644935607910156,0.3363848626613617,2017-11-09,745.0,0.312
ZCH07W0P,0,0,,,,Censored No Alarm,0,0,0,0,0,1,0.002000005915760994,,2017-11-14,,0.312
ZCH07W5E,0,0,,,,Censored No Alarm,0,0,0,0,0,1,0.007923238910734653,,2017-11-09,,0.312
ZCH07W60,0,0,,,,Censored No Alarm,0,0,0,0,0,1,0.0021602828055620193,,2017-12-20,,0.312
ZCH07WCW,0,0,,,,Censored No Alarm,0,0,0,0,0,1,0.002511347644031048,,2017-11-09,,0.312
ZCH07WD3,0,0,,,,Censored No Alarm,0,0,0,0,0,1,0.0029806543607264757,,2017-12-20,,0.312
ZCH07WD8,0,0,,,,Censored No Alarm,0,0,0,0,0,1,0.0041941325180232525,,2017-11-09,,0.312
ZCH07WFV,0,0,,,,Censored No Alarm,0,0,0,0,0,1,0.0008176374831236899,,2017-12-21,,0.312
ZCH07WGJ,0,1,2019-11-26,,,Censored Early,0,0,1,1,0,0,0.3504522144794464,0.3504522144794464,2017-10-21,766.0,0.312
ZCH07WGZ,1,1,2018-08-13,2019-01-11,151.0,Early,0,1,0,1,0,0,0.41602152585983276,0.3748772144317627,2017-12-21,235.0,0.312
ZCH07WH5,0,0,,,,Censored No Alarm,0,0,0,0,0,1,0.0022188478615134954,,2017-12-20,,0.312
ZCH07WJ6,0,0,,,,Censored No Alarm,0,0,0,0,0,1,0.003617422189563513,,2017-12-20,,0.312
ZCH07WJF,0,0,,,,Censored No Alarm,0,0,0,0,0,1,0.0014960734406486154,,2017-12-20,,0.312
ZCH07WKA,0,0,,,,Censored No Alarm,0,0,0,0,0,1,0.0010011603590101004,,2017-12-21,,0.312
ZCH07WLR,0,0,,,,Censored No Alarm,0,0,0,0,0,1,0.0016091481084004045,,2017-12-20,,0.312
ZCH07WN9,0,0,,,,Censored No Alarm,0,0,0,0,0,1,0.0031415696721524,,2017-12-20,,0.312
ZCH07WQW,0,0,,,,Censored No Alarm,0,0,0,0,0,1,0.00990437064319849,,2017-11-09,,0.312
ZCH07WRV,0,0,,,,Censored No Alarm,0,0,0,0,0,1,0.0018137737642973661,,2017-11-14,,0.312
ZCH07WS5,0,0,,,,Censored No Alarm,0,0,0,0,0,1,0.07898961007595062,,2018-01-05,,0.312
ZCH07WSG,0,1,2020-01-27,,,Censored Early,0,0,1,1,0,0,0.31793078780174255,0.31793078780174255,2017-12-21,767.0,0.312
ZCH07WT5,0,0,,,,Censored No Alarm,0,0,0,0,0,1,0.0006840350688435137,,2017-12-21,,0.312
ZCH07WW3,0,0,,,,Censored No Alarm,0,0,0,0,0,1,0.0004561669775284827,,2017-12-21,,0.312
ZCH07X0T,0,0,,,,Censored No Alarm,0,0,0,0,0,1,0.0023471766617149115,,2017-11-09,,0.312
ZCH07X1T,1,0,,2020-05-19,,Missed,0,0,0,0,1,0,0.0009370548068545759,,2018-01-05,,0.312
ZCH07X1Y,0,0,,,,Censored No Alarm,0,0,0,0,0,1,0.0005120296846143901,,2018-01-05,,0.312
ZCH07X20,0,0,,,,Censored No Alarm,0,0,0,0,0,1,0.002815671730786562,,2017-12-21,,0.312
ZCH07X35,0,0,,,,Censored No Alarm,0,0,0,0,0,1,0.001474858378060162,,2017-12-20,,0.312
ZCH07X82,0,0,,,,Censored No Alarm,0,0,0,0,0,1,0.0015838462859392166,,2018-01-06,,0.312
ZCH07X9C,0,0,,,,Censored No Alarm,0,0,0,0,0,1,0.007795337121933699,,2017-11-14,,0.312
ZCH07XCM,0,0,,,,Censored No Alarm,0,0,0,0,0,1,0.0019384290790185332,,2017-11-14,,0.312
ZCH07XD0,0,0,,,,Censored No Alarm,0,0,0,0,0,1,0.0031527590472251177,,2017-11-09,,0.312
ZCH07XEV,0,0,,,,Censored No Alarm,0,0,0,0,0,1,0.001036735367961228,,2017-12-21,,0.312
ZCH07XL4,0,0,,,,Censored No Alarm,0,0,0,0,0,1,0.0008232558611780405,,2018-01-05,,0.312
ZCH07XRE,0,0,,,,Censored No Alarm,0,0,0,0,0,1,0.004242290277034044,,2017-10-21,,0.312
ZCH07XVR,0,0,,,,Censored No Alarm,0,0,0,0,0,1,0.005246724933385849,,2017-11-09,,0.312
ZCH07XWA,0,0,,,,Censored No Alarm,0,0,0,0,0,1,0.0009837145917117596,,2018-01-05,,0.312
ZCH07XZK,0,0,,,,Censored No Alarm,0,0,0,0,0,1,0.001354520209133625,,2017-12-20,,0.312
ZCH07XZN,0,0,,,,Censored No Alarm,0,0,0,0,0,1,0.001962845679372549,,2017-12-20,,0.312
ZCH07XZX,0,0,,,,Censored No Alarm,0,0,0,0,0,1,0.0015286192065104842,,2017-11-14,,0.312
ZCH07Y26,0,0,,,,Censored No Alarm,0,0,0,0,0,1,0.008351614698767662,,2017-11-09,,0.312
ZCH07Y29,0,0,,,,Censored No Alarm,0,0,0,0,0,1,0.00398399168625474,,2017-10-21,,0.312
ZCH07Y3N,0,0,,,,Censored No Alarm,0,0,0,0,0,1,0.019639482721686363,,2017-11-09,,0.312
ZCH07Y5R,0,0,,,,Censored No Alarm,0,0,0,0,0,1,0.007966055534780025,,2017-11-09,,0.312
ZCH07YN9,0,0,,,,Censored No Alarm,0,0,0,0,0,1,0.0035345423966646194,,2018-02-12,,0.312
ZCH07Z1A,0,0,,,,Censored No Alarm,0,0,0,0,0,1,0.0010099515784531832,,2018-01-05,,0.312
ZCH07Z2K,0,0,,,,Censored No Alarm,0,0,0,0,0,1,0.0009509514784440398,,2017-12-21,,0.312
ZCH07Z4Q,0,0,,,,Censored No Alarm,0,0,0,0,0,1,0.000943233200814575,,2018-01-05,,0.312
ZCH07Z57,0,0,,,,Censored No Alarm,0,0,0,0,0,1,0.0022940069902688265,,2018-11-08,,0.312
ZCH07Z6A,0,0,,,,Censored No Alarm,0,0,0,0,0,1,0.0011926123406738043,,2018-05-08,,0.312
ZCH07ZAP,0,0,,,,Censored No Alarm,0,0,0,0,0,1,0.0019147642888128757,,2017-11-14,,0.312
ZCH07ZCY,0,0,,,,Censored No Alarm,0,0,0,0,0,1,0.004453505389392376,,2017-11-09,,0.312
ZCH07ZGC,0,0,,,,Censored No Alarm,0,0,0,0,0,1,0.004247617442160845,,2017-12-20,,0.312
ZCH07ZT5,0,0,,,,Censored No Alarm,0,0,0,0,0,1,0.0023723477497696877,,2017-11-14,,0.312
ZCH07ZVN,0,0,,,,Censored No Alarm,0,0,0,0,0,1,0.3105575740337372,,2018-01-05,,0.312
ZCH07ZX9,0,0,,,,Censored No Alarm,0,0,0,0,0,1,0.0009935630951076746,,2017-12-21,,0.312
ZCH07ZY2,0,0,,,,Censored No Alarm,0,0,0,0,0,1,0.0024089424405246973,,2017-11-14,,0.312
ZCH07ZYC,1,0,,2019-11-13,,Missed,0,0,0,0,1,0,0.005615529138594866,,2017-10-21,,0.312
ZCH07ZZC,1,0,,2019-11-19,,Missed,0,0,0,0,1,0,0.206118643283844,,2017-12-20,,0.312
ZCH0802A,0,0,,,,Censored No Alarm,0,0,0,0,0,1,0.0026064582634717226,,2017-11-14,,0.312
ZCH08034,1,1,2020-03-04,2020-05-29,86.0,Early,0,1,0,1,0,0,0.3160054683685303,0.31465134024620056,2017-12-20,805.0,0.312
ZCH080BL,0,0,,,,Censored No Alarm,0,0,0,0,0,1,0.0013208241434767842,,2018-01-06,,0.312
ZCH080C9,1,0,,2020-04-27,,Missed,0,0,0,0,1,0,0.001684375572949648,,2017-11-14,,0.312
ZCH080DG,0,0,,,,Censored No Alarm,0,0,0,0,0,1,0.000645351770799607,,2018-01-05,,0.312
ZCH080E0,0,0,,,,Censored No Alarm,0,0,0,0,0,1,0.0028099860064685345,,2017-11-14,,0.312
ZCH080EW,0,0,,,,Censored No Alarm,0,0,0,0,0,1,0.0030258679762482643,,2017-12-20,,0.312
ZCH080F7,0,0,,,,Censored No Alarm,0,0,0,0,0,1,0.004251095466315746,,2017-10-21,,0.312
ZCH080H5,0,0,,,,Censored No Alarm,0,0,0,0,0,1,0.0012913431273773313,,2017-12-20,,0.312
ZCH080J8,1,1,2019-08-12,2020-02-03,175.0,Early,0,1,0,1,0,0,0.3527925908565521,0.32479575276374817,2018-01-05,584.0,0.312
ZCH080LJ,0,0,,,,Censored No Alarm,0,0,0,0,0,1,0.014265642501413822,,2018-01-12,,0.312
ZCH080MT,1,0,,2019-05-08,,Missed,0,0,0,0,1,0,0.0023623057641088963,,2017-11-14,,0.312
ZCH080NN,0,0,,,,Censored No Alarm,0,0,0,0,0,1,0.001138906111009419,,2017-12-21,,0.312
ZCH080QZ,0,0,,,,Censored No Alarm,0,0,0,0,0,1,0.0010684090666472912,,2018-01-05,,0.312
ZCH080S1,1,1,2019-06-07,2019-06-12,5.0,On time,1,0,0,0,0,0,0.38966938853263855,0.31793567538261414,2017-12-20,534.0,0.312
ZCH080TH,0,0,,,,Censored No Alarm,0,0,0,0,0,1,0.0007196664228104055,,2018-01-05,,0.312
ZCH080V6,0,0,,,,Censored No Alarm,0,0,0,0,0,1,0.002092312788590789,,2017-12-20,,0.312
ZCH080WN,0,0,,,,Censored No Alarm,0,0,0,0,0,1,0.0012358898529782891,,2017-12-21,,0.312
ZCH080WT,0,0,,,,Censored No Alarm,0,0,0,0,0,1,0.004725818522274494,,2017-11-09,,0.312
ZCH0810Y,0,0,,,,Censored No Alarm,0,0,0,0,0,1,0.0048463111743330956,,2017-12-20,,0.312
ZCH08131,0,0,,,,Censored No Alarm,0,0,0,0,0,1,0.0017795151798054576,,2017-12-21,,0.312
ZCH0814L,0,0,,,,Censored No Alarm,0,0,0,0,0,1,0.003034731838852167,,2017-12-20,,0.312
ZCH0816R,0,0,,,,Censored No Alarm,0,0,0,0,0,1,0.001297948183491826,,2017-12-20,,0.312
ZCH0817E,1,0,,2019-03-06,,Missed,0,0,0,0,1,0,0.20808012783527374,,2017-11-09,,0.312
ZCH0818Y,0,0,,,,Censored No Alarm,0,0,0,0,0,1,0.016061699017882347,,2017-11-09,,0.312
ZCH0819E,0,0,,,,Censored No Alarm,0,0,0,0,0,1,0.15009425580501556,,2017-12-21,,0.312
ZCH0819Y,0,0,,,,Censored No Alarm,0,0,0,0,0,1,0.0016885229852050543,,2017-11-14,,0.312
ZCH081BL,0,0,,,,Censored No Alarm,0,0,0,0,0,1,0.0011536848032847047,,2017-12-21,,0.312
ZCH081C1,0,0,,,,Censored No Alarm,0,0,0,0,0,1,0.0035842545330524445,,2017-12-21,,0.312
ZCH081DJ,0,0,,,,Censored No Alarm,0,0,0,0,0,1,0.002396401483565569,,2017-12-20,,0.312
ZCH081DY,0,0,,,,Censored No Alarm,0,0,0,0,0,1,0.0023721049074083567,,2018-05-16,,0.312
ZCH081E6,0,0,,,,Censored No Alarm,0,0,0,0,0,1,0.0010403398191556334,,2017-12-21,,0.312
ZCH081EX,0,0,,,,Censored No Alarm,0,0,0,0,0,1,0.004638863727450371,,2017-12-20,,0.312
ZCH081F5,0,0,,,,Censored No Alarm,0,0,0,0,0,1,0.0009264475083909929,,2017-12-21,,0.312
ZCH081GM,0,0,,,,Censored No Alarm,0,0,0,0,0,1,0.0017069440800696611,,2017-11-14,,0.312
ZCH081GS,0,0,,,,Censored No Alarm,0,0,0,0,0,1,0.0019760525319725275,,2017-11-14,,0.312
ZCH081JJ,0,0,,,,Censored No Alarm,0,0,0,0,0,1,0.001977977342903614,,2017-12-21,,0.312
ZCH081NG,0,0,,,,Censored No Alarm,0,0,0,0,0,1,0.16010963916778564,,2017-11-14,,0.312
ZCH081NZ,0,0,,,,Censored No Alarm,0,0,0,0,0,1,0.0022127735428512096,,2017-12-20,,0.312
ZCH082YT,0,0,,,,Censored No Alarm,0,0,0,0,0,1,0.00199832022190094,,2017-11-09,,0.312
ZCH082ZE,0,1,2019-06-13,,,Censored Early,0,0,1,1,0,0,0.32174354791641235,0.3188423812389374,2017-11-09,581.0,0.312
ZCH082ZV,0,0,,,,Censored No Alarm,0,0,0,0,0,1,0.0019581441301852465,,2017-11-14,,0.312
ZCH0830E,0,0,,,,Censored No Alarm,0,0,0,0,0,1,0.08005321770906448,,2017-11-09,,0.312
ZCH08316,0,0,,,,Censored No Alarm,0,0,0,0,0,1,0.0020826556719839573,,2017-11-14,,0.312
ZCH0831A,0,0,,,,Censored No Alarm,0,0,0,0,0,1,0.003160002874210477,,2018-04-27,,0.312
ZCH0839Y,0,0,,,,Censored No Alarm,0,0,0,0,0,1,0.0018088665092363954,,2017-11-14,,0.312
ZCH083AF,0,0,,,,Censored No Alarm,0,0,0,0,0,1,0.001649303245358169,,2018-03-12,,0.312
ZCH083EW,0,0,,,,Censored No Alarm,0,0,0,0,0,1,0.003812476061284542,,2017-11-09,,0.312
ZCH083HN,0,0,,,,Censored No Alarm,0,0,0,0,0,1,0.0031269839964807034,,2017-10-30,,0.312
ZCH083LK,0,0,,,,Censored No Alarm,0,0,0,0,0,1,0.0010734867537394166,,2018-01-05,,0.312
ZCH083N2,0,0,,,,Censored No Alarm,0,0,0,0,0,1,0.00198591616936028,,2017-11-14,,0.312
ZCH083N3,0,0,,,,Censored No Alarm,0,0,0,0,0,1,0.0028858890291303396,,2017-11-14,,0.312
ZCH083SP,0,0,,,,Censored No Alarm,0,0,0,0,0,1,0.003023288445547223,,2018-01-05,,0.312
ZCH083WM,0,0,,,,Censored No Alarm,0,0,0,0,0,1,0.002329146023839712,,2018-03-12,,0.312
ZCH083Y9,0,0,,,,Censored No Alarm,0,0,0,0,0,1,0.0009953997796401381,,2018-01-06,,0.312
ZCH08405,0,0,,,,Censored No Alarm,0,0,0,0,0,1,0.005386002827435732,,2017-10-21,,0.312
ZCH0840J,0,0,,,,Censored No Alarm,0,0,0,0,0,1,0.0020674988627433777,,2017-11-14,,0.312
ZCH0843V,0,0,,,,Censored No Alarm,0,0,0,0,0,1,0.006371270399540663,,2017-10-21,,0.312
ZCH0845K,0,0,,,,Censored No Alarm,0,0,0,0,0,1,0.0024010250344872475,,2018-03-12,,0.312
ZCH0846M,0,0,,,,Censored No Alarm,0,0,0,0,0,1,0.2683670222759247,,2017-11-09,,0.312
ZCH0847B,0,0,,,,Censored No Alarm,0,0,0,0,0,1,0.0020584536250680685,,2017-11-14,,0.312
ZCH084H9,0,0,,,,Censored No Alarm,0,0,0,0,0,1,0.0014173728413879871,,2017-12-20,,0.312
ZCH084J0,0,0,,,,Censored No Alarm,0,0,0,0,0,1,0.0036544757895171642,,2017-11-09,,0.312
ZCH084JH,0,0,,,,Censored No Alarm,0,0,0,0,0,1,0.003874704474583268,,2017-12-20,,0.312
ZCH084L3,0,0,,,,Censored No Alarm,0,0,0,0,0,1,0.002387130865827203,,2017-12-20,,0.312
ZCH084L7,0,0,,,,Censored No Alarm,0,0,0,0,0,1,0.003988590091466904,,2017-10-21,,0.312
ZCH084RL,0,0,,,,Censored No Alarm,0,0,0,0,0,1,0.001371121034026146,,2017-12-20,,0.312
ZCH084T0,0,0,,,,Censored No Alarm,0,0,0,0,0,1,0.004118003416806459,,2017-10-21,,0.312
ZCH084T3,0,0,,,,Censored No Alarm,0,0,0,0,0,1,0.0017648938810452819,,2017-11-14,,0.312
ZCH084T6,0,0,,,,Censored No Alarm,0,0,0,0,0,1,0.0017479147063568234,,2017-11-14,,0.312
ZCH084TP,0,0,,,,Censored No Alarm,0,0,0,0,0,1,0.0020645640324801207,,2017-11-14,,0.312
ZCH0852N,0,0,,,,Censored No Alarm,0,0,0,0,0,1,0.0016866173828020692,,2017-11-14,,0.312
ZCH08544,0,0,,,,Censored No Alarm,0,0,0,0,0,1,0.0012593180872499943,,2017-12-21,,0.312
ZCH085H4,0,0,,,,Censored No Alarm,0,0,0,0,0,1,0.0006348849856294692,,2018-01-05,,0.312
ZCH0864C,0,0,,,,Censored No Alarm,0,0,0,0,0,1,0.0012251368025317788,,2018-01-05,,0.312
ZCH08659,0,0,,,,Censored No Alarm,0,0,0,0,0,1,0.0019177920185029507,,2017-12-20,,0.312
ZCH0868R,0,0,,,,Censored No Alarm,0,0,0,0,0,1,0.0020907321013510227,,2017-11-14,,0.312
ZCH0869S,0,0,,,,Censored No Alarm,0,0,0,0,0,1,0.002349480055272579,,2017-11-09,,0.312
ZCH086CG,0,0,,,,Censored No Alarm,0,0,0,0,0,1,0.0036080540157854557,,2017-12-20,,0.312
ZCH086EZ,1,0,,2019-03-17,,Missed,0,0,0,0,1,0,0.0010443406645208597,,2017-12-21,,0.312
ZCH086Q9,0,0,,,,Censored No Alarm,0,0,0,0,0,1,0.0012389111798256636,,2017-12-20,,0.312
ZCH086Z5,0,0,,,,Censored No Alarm,0,0,0,0,0,1,0.0036356484051793814,,2017-11-09,,0.312
ZCH086Z8,0,0,,,,Censored No Alarm,0,0,0,0,0,1,0.0010955511825159192,,2017-12-21,,0.312
ZCH088MT,0,0,,,,Censored No Alarm,0,0,0,0,0,1,0.0047846087254583836,,2018-01-25,,0.312
ZCH088VH,0,0,,,,Censored No Alarm,0,0,0,0,0,1,0.01524980179965496,,2017-11-09,,0.312
ZCH089PY,0,0,,,,Censored No Alarm,0,0,0,0,0,1,0.001234584953635931,,2018-01-05,,0.312
ZCH089Q0,0,0,,,,Censored No Alarm,0,0,0,0,0,1,0.002672819187864661,,2018-01-25,,0.312
ZCH089TW,0,0,,,,Censored No Alarm,0,0,0,0,0,1,0.0010325423208996654,,2018-01-05,,0.312
ZCH089VV,1,0,,2018-11-28,,Missed,0,0,0,0,1,0,0.000558684638235718,,2017-12-21,,0.312
ZCH089YR,1,1,2019-08-02,2019-08-05,3.0,On time,1,0,0,0,0,0,0.4700488746166229,0.4585994780063629,2017-11-14,626.0,0.312
ZCH08A08,0,0,,,,Censored No Alarm,0,0,0,0,0,1,0.0009564300999045372,,2017-12-21,,0.312
ZCH08AET,0,0,,,,Censored No Alarm,0,0,0,0,0,1,0.004795355722308159,,2017-11-09,,0.312
ZCH08AFR,0,0,,,,Censored No Alarm,0,0,0,0,0,1,0.004424754995852709,,2017-10-21,,0.312
ZCH08AH2,0,0,,,,Censored No Alarm,0,0,0,0,0,1,0.0017398502677679062,,2017-11-14,,0.312
ZCH08AJF,0,0,,,,Censored No Alarm,0,0,0,0,0,1,0.002023393055424094,,2017-11-09,,0.312
ZCH08ATM,0,0,,,,Censored No Alarm,0,0,0,0,0,1,0.004384182393550873,,2017-10-21,,0.312
ZCH08AYN,0,0,,,,Censored No Alarm,0,0,0,0,0,1,0.002630774164572358,,2017-11-14,,0.312
ZCH08AYY,0,0,,,,Censored No Alarm,0,0,0,0,0,1,0.004459301941096783,,2017-11-09,,0.312
ZCH08B0N,1,0,,2019-05-17,,Missed,0,0,0,0,1,0,0.0013003170024603605,,2018-01-05,,0.312
ZCH08B1Y,0,0,,,,Censored No Alarm,0,0,0,0,0,1,0.0014887417200952768,,2018-03-12,,0.312
ZCH08B2A,0,0,,,,Censored No Alarm,0,0,0,0,0,1,0.0018852826906368136,,2017-11-14,,0.312
ZCH08B2G,1,1,2019-09-06,2019-09-28,22.0,On time,1,0,0,0,0,0,0.4064945578575134,0.33371180295944214,2017-11-09,666.0,0.312
ZCH08B3Z,0,0,,,,Censored No Alarm,0,0,0,0,0,1,0.0024865935556590557,,2017-11-14,,0.312
ZCH08B7A,0,0,,,,Censored No Alarm,0,0,0,0,0,1,0.004174010828137398,,2017-10-21,,0.312
ZCH08B7C,0,0,,,,Censored No Alarm,0,0,0,0,0,1,0.0019602251704782248,,2017-12-20,,0.312
ZCH08BD6,0,0,,,,Censored No Alarm,0,0,0,0,0,1,0.0035567465238273144,,2017-11-14,,0.312
ZCH08BKK,0,0,,,,Censored No Alarm,0,0,0,0,0,1,0.0014049300225451589,,2017-12-20,,0.312
ZCH08BQK,0,0,,,,Censored No Alarm,0,0,0,0,0,1,0.0008834544569253922,,2018-01-05,,0.312
ZCH08BRD,0,0,,,,Censored No Alarm,0,0,0,0,0,1,0.0022558574564754963,,2017-11-09,,0.312
ZCH08BS3,0,0,,,,Censored No Alarm,0,0,0,0,0,1,0.0008907922892831266,,2018-01-05,,0.312
ZCH08BSF,0,0,,,,Censored No Alarm,0,0,0,0,0,1,0.004929723683744669,,2017-11-09,,0.312
ZCH08BSQ,0,0,,,,Censored No Alarm,0,0,0,0,0,1,0.0029144317377358675,,2017-12-20,,0.312
ZCH08BVZ,0,0,,,,Censored No Alarm,0,0,0,0,0,1,0.0009696350898593664,,2017-12-21,,0.312
ZCH08BWZ,0,0,,,,Censored No Alarm,0,0,0,0,0,1,0.0017606656765565276,,2017-11-14,,0.312
ZCH08BXA,0,0,,,,Censored No Alarm,0,0,0,0,0,1,0.0038641486316919327,,2017-10-21,,0.312
ZCH08BZH,0,0,,,,Censored No Alarm,0,0,0,0,0,1,0.005581793375313282,,2017-10-21,,0.312
ZCH08C02,0,0,,,,Censored No Alarm,0,0,0,0,0,1,0.0033914237283170223,,2017-11-14,,0.312
ZCH08D93,0,1,2019-10-23,,,Censored Early,0,0,1,1,0,0,0.4084419310092926,0.36176368594169617,2018-01-12,649.0,0.312
ZCH08EW2,0,0,,,,Censored No Alarm,0,0,0,0,0,1,0.0025601887609809637,,2018-02-12,,0.312
ZCH08FGZ,1,0,,2020-12-06,,Missed,0,0,0,0,1,0,0.004175681620836258,,2018-04-27,,0.312
ZCH08G3X,1,0,,2021-06-14,,Missed,0,0,0,0,1,0,0.24178314208984375,,2018-02-12,,0.312
ZCH08NR2,0,0,,,,Censored No Alarm,0,0,0,0,0,1,0.004444299265742302,,2018-01-06,,0.312
ZCH08P1R,0,0,,,,Censored No Alarm,0,0,0,0,0,1,0.00307609629817307,,2018-01-25,,0.312
ZCH08PK6,0,0,,,,Censored No Alarm,0,0,0,0,0,1,0.0030251573771238327,,2018-04-27,,0.312
ZCH08PW9,0,0,,,,Censored No Alarm,0,0,0,0,0,1,0.004733087960630655,,2018-01-06,,0.312
ZCH08PZV,0,0,,,,Censored No Alarm,0,0,0,0,0,1,0.0013362558092921972,,2018-03-12,,0.312
ZCH08TCC,0,0,,,,Censored No Alarm,0,0,0,0,0,1,0.0017615410033613443,,2018-04-13,,0.312
ZCH08TDS,0,0,,,,Censored No Alarm,0,0,0,0,0,1,0.0029110319446772337,,2018-01-25,,0.312
ZCH08VHT,0,0,,,,Censored No Alarm,0,0,0,0,0,1,0.003837181720882654,,2018-04-27,,0.312
ZCH08VLP,0,0,,,,Censored No Alarm,0,0,0,0,0,1,0.0012953391997143626,,2018-03-12,,0.312
ZCH08X95,0,0,,,,Censored No Alarm,0,0,0,0,0,1,0.002252223202958703,,2018-02-12,,0.312
ZCH08XD9,0,0,,,,Censored No Alarm,0,0,0,0,0,1,0.0034516023006290197,,2018-04-27,,0.312
ZCH08XE2,0,0,,,,Censored No Alarm,0,0,0,0,0,1,0.004055612720549107,,2018-01-06,,0.312
ZCH08XFH,0,0,,,,Censored No Alarm,0,0,0,0,0,1,0.003265004139393568,,2018-04-27,,0.312
ZCH08XR9,0,0,,,,Censored No Alarm,0,0,0,0,0,1,0.00410852674394846,,2018-04-27,,0.312
ZCH08XTB,0,0,,,,Censored No Alarm,0,0,0,0,0,1,0.00674703111872077,,2018-01-13,,0.312
ZCH08XYN,0,0,,,,Censored No Alarm,0,0,0,0,0,1,0.002818841254338622,,2018-01-12,,0.312
ZCH08XZ2,0,0,,,,Censored No Alarm,0,0,0,0,0,1,0.0043363249860703945,,2018-01-13,,0.312
ZCH08Y82,0,0,,,,Censored No Alarm,0,0,0,0,0,1,0.003476332174614072,,2018-04-27,,0.312
ZCH08Y8B,0,0,,,,Censored No Alarm,0,0,0,0,0,1,0.004663353785872459,,2018-01-25,,0.312
ZCH08YA2,0,0,,,,Censored No Alarm,0,0,0,0,0,1,0.0032055580522865057,,2018-01-13,,0.312
ZCH08YFX,0,0,,,,Censored No Alarm,0,0,0,0,0,1,0.0043423776514828205,,2018-04-27,,0.312
ZCH08YJA,0,0,,,,Censored No Alarm,0,0,0,0,0,1,0.004827920813113451,,2018-01-06,,0.312
ZCH08YKR,0,0,,,,Censored No Alarm,0,0,0,0,0,1,0.0033627538941800594,,2018-01-25,,0.312
ZCH08YSD,0,0,,,,Censored No Alarm,0,0,0,0,0,1,0.0014998099068179727,,2018-03-12,,0.312
ZCH08YTD,0,0,,,,Censored No Alarm,0,0,0,0,0,1,0.008415985852479935,,2018-01-12,,0.312
ZCH08YTN,0,0,,,,Censored No Alarm,0,0,0,0,0,1,0.0053193531930446625,,2018-01-13,,0.312
ZCH08Z2E,0,0,,,,Censored No Alarm,0,0,0,0,0,1,0.004960079211741686,,2018-01-25,,0.312
ZCH0922J,0,0,,,,Censored No Alarm,0,0,0,0,0,1,0.0036863796412944794,,2018-01-06,,0.312
ZCH092GK,0,0,,,,Censored No Alarm,0,0,0,0,0,1,0.0018888203194364905,,2018-03-12,,0.312
ZCH092JX,0,0,,,,Censored No Alarm,0,0,0,0,0,1,0.0023981519043445587,,2018-01-25,,0.312
ZCH092KG,0,0,,,,Censored No Alarm,0,0,0,0,0,1,0.003337500151246786,,2018-01-13,,0.312
ZCH092QJ,0,0,,,,Censored No Alarm,0,0,0,0,0,1,0.0036882434505969286,,2018-01-13,,0.312
ZCH092RH,0,0,,,,Censored No Alarm,0,0,0,0,0,1,0.0027281891088932753,,2018-04-27,,0.312
ZCH092TK,1,1,2019-06-02,2019-09-13,103.0,Early,0,1,0,1,0,0,0.39199453592300415,0.33969175815582275,2018-01-06,512.0,0.312
ZCH092Z9,0,0,,,,Censored No Alarm,0,0,0,0,0,1,0.0031669437885284424,,2018-01-06,,0.312
ZCH09343,0,0,,,,Censored No Alarm,0,0,0,0,0,1,0.0027599746827036142,,2018-04-27,,0.312
ZCH09385,0,0,,,,Censored No Alarm,0,0,0,0,0,1,0.0032630793284624815,,2018-01-06,,0.312
ZCH093XX,0,0,,,,Censored No Alarm,0,0,0,0,0,1,0.003337282920256257,,2018-01-25,,0.312
ZCH0941X,0,0,,,,Censored No Alarm,0,0,0,0,0,1,0.003947824705392122,,2018-01-12,,0.312
ZCH094BY,0,0,,,,Censored No Alarm,0,0,0,0,0,1,0.004191317595541477,,2018-04-27,,0.312
ZCH094D7,0,0,,,,Censored No Alarm,0,0,0,0,0,1,0.0025816222187131643,,2018-02-12,,0.312
ZCH094J3,0,0,,,,Censored No Alarm,0,0,0,0,0,1,0.004317958373576403,,2018-01-13,,0.312
ZCH094ML,0,0,,,,Censored No Alarm,0,0,0,0,0,1,0.001970103941857815,,2018-01-25,,0.312
ZCH094N9,0,0,,,,Censored No Alarm,0,0,0,0,0,1,0.0012959723826497793,,2018-03-12,,0.312
ZCH09504,0,0,,,,Censored No Alarm,0,0,0,0,0,1,0.0032867591362446547,,2018-01-13,,0.312
ZCH09531,0,0,,,,Censored No Alarm,0,0,0,0,0,1,0.0026099104434251785,,2018-04-27,,0.312
ZCH095CT,0,0,,,,Censored No Alarm,0,0,0,0,0,1,0.004141804296523333,,2018-01-12,,0.312
ZCH095KJ,0,0,,,,Censored No Alarm,0,0,0,0,0,1,0.0034243064001202583,,2018-01-06,,0.312
ZCH095QH,0,1,2019-09-27,,,Censored Early,0,0,1,1,0,0,0.39274972677230835,0.3542934060096741,2018-01-13,622.0,0.312
ZCH095RY,0,0,,,,Censored No Alarm,0,0,0,0,0,1,0.005220640450716019,,2018-01-13,,0.312
ZCH095TA,0,0,,,,Censored No Alarm,0,0,0,0,0,1,0.006996016018092632,,2018-01-06,,0.312
ZCH095ZQ,0,0,,,,Censored No Alarm,0,0,0,0,0,1,0.004119462799280882,,2018-01-12,,0.312
ZCH0961C,0,0,,,,Censored No Alarm,0,0,0,0,0,1,0.005393050145357847,,2018-04-27,,0.312
ZCH0963G,0,0,,,,Censored No Alarm,0,0,0,0,0,1,0.007687432691454887,,2018-01-13,,0.312
ZCH0969B,0,0,,,,Censored No Alarm,0,0,0,0,0,1,0.0006890436052344739,,2018-10-09,,0.312
ZCH096EY,0,0,,,,Censored No Alarm,0,0,0,0,0,1,0.0034407824277877808,,2018-04-27,,0.312
ZCH096PC,0,1,2019-07-16,,,Censored Early,0,0,1,1,0,0,0.36437660455703735,0.31260958313941956,2018-01-13,549.0,0.312
ZCH096RJ,0,0,,,,Censored No Alarm,0,0,0,0,0,1,0.0020072830375283957,,2018-01-13,,0.312
ZCH09753,1,0,,2019-08-23,,Missed,0,0,0,0,1,0,0.13776138424873352,,2018-01-12,,0.312
ZCH097WA,0,1,2020-07-21,,,Censored Early,0,0,1,1,0,0,0.3830609917640686,0.3830609917640686,2018-01-13,920.0,0.312
ZCH0981N,0,0,,,,Censored No Alarm,0,0,0,0,0,1,0.0012688814895227551,,2018-01-13,,0.312
ZCH098AA,0,0,,,,Censored No Alarm,0,0,0,0,0,1,0.0020022860262542963,,2018-01-25,,0.312
ZCH098C1,0,0,,,,Censored No Alarm,0,0,0,0,0,1,0.0019576617050915956,,2018-05-16,,0.312
ZCH0991E,0,0,,,,Censored No Alarm,0,0,0,0,0,1,0.0012933649122714996,,2018-03-12,,0.312
ZCH09998,0,0,,,,Censored No Alarm,0,0,0,0,0,1,0.006702113430947065,,2018-01-06,,0.312
ZCH099MZ,0,0,,,,Censored No Alarm,0,0,0,0,0,1,0.003395334118977189,,2018-01-12,,0.312
ZCH09ATD,0,0,,,,Censored No Alarm,0,0,0,0,0,1,0.0011603661114349961,,2018-04-27,,0.312
ZCH09AVS,0,0,,,,Censored No Alarm,0,0,0,0,0,1,0.003686640877276659,,2018-01-13,,0.312
ZCH09B45,0,0,,,,Censored No Alarm,0,0,0,0,0,1,0.002390939276665449,,2018-01-13,,0.312
ZCH09BYD,0,0,,,,Censored No Alarm,0,0,0,0,0,1,0.0037017250433564186,,2018-01-06,,0.312
ZCH09CA8,0,0,,,,Censored No Alarm,0,0,0,0,0,1,0.0016628465382382274,,2018-01-13,,0.312
ZCH09CE0,0,0,,,,Censored No Alarm,0,0,0,0,0,1,0.004343666136264801,,2018-01-06,,0.312
ZCH09DCR,0,0,,,,Censored No Alarm,0,0,0,0,0,1,0.002388371154665947,,2018-01-06,,0.312
ZCH09DLY,0,0,,,,Censored No Alarm,0,0,0,0,0,1,0.00420173117890954,,2018-01-13,,0.312
ZCH09DMB,0,0,,,,Censored No Alarm,0,0,0,0,0,1,0.004293604753911495,,2018-01-12,,0.312
ZCH09DV0,0,0,,,,Censored No Alarm,0,0,0,0,0,1,0.004091373644769192,,2018-01-25,,0.312
ZCH09E0Q,0,0,,,,Censored No Alarm,0,0,0,0,0,1,0.0035756409633904696,,2018-01-12,,0.312
ZCH09E2L,0,0,,,,Censored No Alarm,0,0,0,0,0,1,0.0010294984094798565,,2018-03-12,,0.312
ZCH09E7T,0,0,,,,Censored No Alarm,0,0,0,0,0,1,0.003709685755893588,,2018-04-27,,0.312
ZCH09E8Z,0,0,,,,Censored No Alarm,0,0,0,0,0,1,0.003161980304867029,,2018-01-13,,0.312
ZCH09EMH,0,0,,,,Censored No Alarm,0,0,0,0,0,1,0.29762884974479675,,2018-01-25,,0.312
ZCH09ER6,0,0,,,,Censored No Alarm,0,0,0,0,0,1,0.004318200051784515,,2018-01-12,,0.312
ZCH09EY3,0,0,,,,Censored No Alarm,0,0,0,0,0,1,0.07567809522151947,,2018-01-13,,0.312
ZCH09F0P,0,0,,,,Censored No Alarm,0,0,0,0,0,1,0.0015051321825012565,,2018-01-13,,0.312
ZCH09FEJ,0,0,,,,Censored No Alarm,0,0,0,0,0,1,0.004680764861404896,,2018-01-12,,0.312
ZCH09FFX,0,0,,,,Censored No Alarm,0,0,0,0,0,1,0.004163595847785473,,2018-01-06,,0.312
ZCH09FH3,0,0,,,,Censored No Alarm,0,0,0,0,0,1,0.01512062642723322,,2018-01-13,,0.312
ZCH09FNR,0,0,,,,Censored No Alarm,0,0,0,0,0,1,0.0035755850840359926,,2018-01-12,,0.312
ZCH09G3X,0,0,,,,Censored No Alarm,0,0,0,0,0,1,0.0027090630028396845,,2018-01-12,,0.312
ZCH09G50,0,0,,,,Censored No Alarm,0,0,0,0,0,1,0.0023782853968441486,,2018-01-13,,0.312
ZCH09G5M,0,0,,,,Censored No Alarm,0,0,0,0,0,1,0.0029892001766711473,,2018-03-12,,0.312
ZCH09GGK,0,0,,,,Censored No Alarm,0,0,0,0,0,1,0.004034151788800955,,2018-04-27,,0.312
ZCH09H7D,1,0,,2019-07-29,,Missed,0,0,0,0,1,0,0.0014392430894076824,,2018-05-16,,0.312
ZCH09HMF,0,0,,,,Censored No Alarm,0,0,0,0,0,1,0.0014950985787436366,,2018-03-12,,0.312
ZCH09HPX,0,0,,,,Censored No Alarm,0,0,0,0,0,1,0.005009433254599571,,2018-04-27,,0.312
ZCH09HZB,0,0,,,,Censored No Alarm,0,0,0,0,0,1,0.0034821105655282736,,2018-01-12,,0.312
ZCH09J78,0,0,,,,Censored No Alarm,0,0,0,0,0,1,0.004591905977576971,,2018-01-12,,0.312
ZCH09J7R,0,0,,,,Censored No Alarm,0,0,0,0,0,1,0.0033413865603506565,,2018-01-12,,0.312
ZCH09JZE,0,0,,,,Censored No Alarm,0,0,0,0,0,1,0.0020090241450816393,,2018-01-25,,0.312
ZCH09K55,0,1,2020-07-05,,,Censored Early,0,0,1,1,0,0,0.40557387471199036,0.38187628984451294,2018-01-06,911.0,0.312
ZCH09K68,0,0,,,,Censored No Alarm,0,0,0,0,0,1,0.002879264997318387,,2018-01-25,,0.312
ZCH09KEF,1,0,,2021-01-09,,Missed,0,0,0,0,1,0,0.00345073314383626,,2018-01-12,,0.312
ZCH09KGF,0,0,,,,Censored No Alarm,0,0,0,0,0,1,0.0029068372678011656,,2018-04-13,,0.312
ZCH09KMM,0,0,,,,Censored No Alarm,0,0,0,0,0,1,0.0019713081419467926,,2018-01-25,,0.312
ZCH09KYC,0,0,,,,Censored No Alarm,0,0,0,0,0,1,0.0029415860772132874,,2018-01-25,,0.312
ZCH09L6T,0,0,,,,Censored No Alarm,0,0,0,0,0,1,0.004345415625721216,,2018-01-25,,0.312
ZCH09LP6,0,0,,,,Censored No Alarm,0,0,0,0,0,1,0.003352447645738721,,2018-01-06,,0.312
ZCH09LPF,0,0,,,,Censored No Alarm,0,0,0,0,0,1,0.003724644659087062,,2018-04-27,,0.312
ZCH09MMV,0,0,,,,Censored No Alarm,0,0,0,0,0,1,0.004509257152676582,,2018-01-06,,0.312
ZCH09MPS,0,0,,,,Censored No Alarm,0,0,0,0,0,1,0.003413935424759984,,2018-01-25,,0.312
ZCH09MW9,0,0,,,,Censored No Alarm,0,0,0,0,0,1,0.0039106495678424835,,2018-01-06,,0.312
ZCH09N99,0,0,,,,Censored No Alarm,0,0,0,0,0,1,0.0023085547145456076,,2018-04-27,,0.312
ZCH09NA2,0,0,,,,Censored No Alarm,0,0,0,0,0,1,0.003748524934053421,,2018-01-25,,0.312
ZCH09NAV,0,0,,,,Censored No Alarm,0,0,0,0,0,1,0.0036218331661075354,,2018-01-06,,0.312
ZCH09ND2,0,0,,,,Censored No Alarm,0,0,0,0,0,1,0.005409670062363148,,2018-01-13,,0.312
ZCH09NL0,0,0,,,,Censored No Alarm,0,0,0,0,0,1,0.003410134930163622,,2018-01-13,,0.312
ZCH09NRP,0,0,,,,Censored No Alarm,0,0,0,0,0,1,0.002593192271888256,,2018-01-13,,0.312
ZCH09NS6,0,0,,,,Censored No Alarm,0,0,0,0,0,1,0.004485458135604858,,2018-04-27,,0.312
ZCH09PB8,0,0,,,,Censored No Alarm,0,0,0,0,0,1,0.005515268072485924,,2018-01-13,,0.312
ZCH09PRH,1,1,2018-11-11,2018-11-11,0.0,On time,1,0,0,0,0,0,0.36123231053352356,0.36123231053352356,2018-01-12,303.0,0.312
ZCH09PZ2,0,0,,,,Censored No Alarm,0,0,0,0,0,1,0.0026974922511726618,,2018-02-12,,0.312
ZCH09PZG,0,0,,,,Censored No Alarm,0,0,0,0,0,1,0.004387907683849335,,2018-01-25,,0.312
ZCH09Q1R,0,0,,,,Censored No Alarm,0,0,0,0,0,1,0.002557785017415881,,2018-01-25,,0.312
ZCH09Q4Y,0,0,,,,Censored No Alarm,0,0,0,0,0,1,0.001183543005026877,,2018-03-12,,0.312
ZCH09R19,0,0,,,,Censored No Alarm,0,0,0,0,0,1,0.003910928498953581,,2018-01-06,,0.312
ZCH09R1A,0,0,,,,Censored No Alarm,0,0,0,0,0,1,0.004475062247365713,,2018-01-13,,0.312
ZCH09RM7,1,0,,2018-12-14,,Missed,0,0,0,0,1,0,0.0010786091443151236,,2018-04-13,,0.312
ZCH09TDV,0,0,,,,Censored No Alarm,0,0,0,0,0,1,0.005012257490307093,,2018-01-13,,0.312
ZCH09TJG,0,0,,,,Censored No Alarm,0,0,0,0,0,1,0.0009745892020873725,,2018-05-16,,0.312
ZCH09V8J,0,0,,,,Censored No Alarm,0,0,0,0,0,1,0.19538752734661102,,2018-01-13,,0.312
ZCH09V8S,0,0,,,,Censored No Alarm,0,0,0,0,0,1,0.002127318410202861,,2018-01-25,,0.312
ZCH09V8V,0,0,,,,Censored No Alarm,0,0,0,0,0,1,0.0020327139645814896,,2018-01-13,,0.312
ZCH09VFB,0,0,,,,Censored No Alarm,0,0,0,0,0,1,0.004131385125219822,,2018-04-27,,0.312
ZCH09WVJ,0,0,,,,Censored No Alarm,0,0,0,0,0,1,0.0013974439352750778,,2018-03-12,,0.312
ZCH09WVP,0,0,,,,Censored No Alarm,0,0,0,0,0,1,0.0037421693559736013,,2018-01-13,,0.312
ZCH09X1N,0,0,,,,Censored No Alarm,0,0,0,0,0,1,0.0042338743805885315,,2018-01-12,,0.312
ZCH09Z3G,0,0,,,,Censored No Alarm,0,0,0,0,0,1,0.00340153556317091,,2018-01-13,,0.312
ZCH09ZZV,0,0,,,,Censored No Alarm,0,0,0,0,0,1,0.009842971339821815,,2018-01-06,,0.312
ZCH0A178,0,0,,,,Censored No Alarm,0,0,0,0,0,1,0.0017583008157089353,,2018-01-25,,0.312
ZCH0A1CY,0,0,,,,Censored No Alarm,0,0,0,0,0,1,0.0036269461270421743,,2018-01-13,,0.312
ZCH0A1HA,0,0,,,,Censored No Alarm,0,0,0,0,0,1,0.003784884000197053,,2018-04-27,,0.312
ZCH0A1JK,0,0,,,,Censored No Alarm,0,0,0,0,0,1,0.003320727963000536,,2018-01-12,,0.312
ZCH0A1L6,0,0,,,,Censored No Alarm,0,0,0,0,0,1,0.0026036573108285666,,2018-01-25,,0.312
ZCH0A1LL,0,0,,,,Censored No Alarm,0,0,0,0,0,1,0.0017743388889357448,,2018-03-12,,0.312
ZCH0A1W6,0,0,,,,Censored No Alarm,0,0,0,0,0,1,0.0018946003401651978,,2018-01-13,,0.312
ZCH0A1YJ,0,0,,,,Censored No Alarm,0,0,0,0,0,1,0.0028930408880114555,,2018-01-12,,0.312
ZCH0A1ZA,0,0,,,,Censored No Alarm,0,0,0,0,0,1,0.0032769422978162766,,2018-01-06,,0.312
ZCH0A2FX,0,0,,,,Censored No Alarm,0,0,0,0,0,1,0.0016991500742733479,,2018-03-12,,0.312
ZCH0A2VL,0,0,,,,Censored No Alarm,0,0,0,0,0,1,0.00106549181509763,,2018-03-12,,0.312
ZCH0A36K,0,0,,,,Censored No Alarm,0,0,0,0,0,1,0.0035727592185139656,,2018-01-25,,0.312
ZCH0A3M5,0,0,,,,Censored No Alarm,0,0,0,0,0,1,0.0038638904225081205,,2018-01-13,,0.312
ZCH0A3MR,0,0,,,,Censored No Alarm,0,0,0,0,0,1,0.13249608874320984,,2018-01-12,,0.312
ZCH0A3PM,0,0,,,,Censored No Alarm,0,0,0,0,0,1,0.003638848662376404,,2018-01-25,,0.312
ZCH0A4AD,0,0,,,,Censored No Alarm,0,0,0,0,0,1,0.004826716147363186,,2018-01-12,,0.312
ZCH0A5JN,0,0,,,,Censored No Alarm,0,0,0,0,0,1,0.0025262704584747553,,2018-01-12,,0.312
ZCH0A5KF,0,0,,,,Censored No Alarm,0,0,0,0,0,1,0.003764811437577009,,2018-01-13,,0.312
ZCH0A5V1,0,0,,,,Censored No Alarm,0,0,0,0,0,1,0.0030439021065831184,,2018-01-25,,0.312
ZCH0A637,0,0,,,,Censored No Alarm,0,0,0,0,0,1,0.003747031092643738,,2018-01-06,,0.312
ZCH0A6W0,1,0,,2018-12-07,,Missed,0,0,0,0,1,0,0.0017744216602295637,,2018-01-12,,0.312
ZCH0A6X5,0,0,,,,Censored No Alarm,0,0,0,0,0,1,0.00214547966606915,,2018-01-13,,0.312
ZCH0A7Q2,0,0,,,,Censored No Alarm,0,0,0,0,0,1,0.005040817894041538,,2018-05-12,,0.312
ZCH0A7WQ,0,0,,,,Censored No Alarm,0,0,0,0,0,1,0.0017934965435415506,,2018-04-13,,0.312
ZCH0A87H,1,0,,2019-10-30,,Missed,0,0,0,0,1,0,0.29079240560531616,,2018-03-12,,0.312
ZCH0A8P9,0,0,,,,Censored No Alarm,0,0,0,0,0,1,0.0024112779647111893,,2018-01-13,,0.312
ZCH0AB0S,0,0,,,,Censored No Alarm,0,0,0,0,0,1,0.004779989831149578,,2018-01-06,,0.312
ZCH0AB1V,0,0,,,,Censored No Alarm,0,0,0,0,0,1,0.00407272856682539,,2018-01-12,,0.312
ZCH0ABCQ,0,0,,,,Censored No Alarm,0,0,0,0,0,1,0.003521001897752285,,2018-01-12,,0.312
ZCH0ABFE,0,0,,,,Censored No Alarm,0,0,0,0,0,1,0.0014811517903581262,,2018-03-12,,0.312
ZCH0ABPW,0,0,,,,Censored No Alarm,0,0,0,0,0,1,0.003876675618812442,,2018-04-27,,0.312
ZCH0ACEC,0,0,,,,Censored No Alarm,0,0,0,0,0,1,0.0028278937097638845,,2018-04-27,,0.312
ZCH0ADNA,0,0,,,,Censored No Alarm,0,0,0,0,0,1,0.05938788503408432,,2018-01-13,,0.312
ZCH0ADQA,0,0,,,,Censored No Alarm,0,0,0,0,0,1,0.0065244953148067,,2018-01-13,,0.312
ZCH0ADRB,0,0,,,,Censored No Alarm,0,0,0,0,0,1,0.004705655854195356,,2018-01-25,,0.312
ZCH0ADXJ,0,0,,,,Censored No Alarm,0,0,0,0,0,1,0.005446233786642551,,2018-01-06,,0.312
ZCH0AE4Y,0,0,,,,Censored No Alarm,0,0,0,0,0,1,0.08335430920124054,,2018-01-13,,0.312
ZCH0AE94,0,0,,,,Censored No Alarm,0,0,0,0,0,1,0.003939935006201267,,2018-05-12,,0.312
ZCH0AED7,0,0,,,,Censored No Alarm,0,0,0,0,0,1,0.001578340190462768,,2018-03-12,,0.312
ZCH0AEFV,0,0,,,,Censored No Alarm,0,0,0,0,0,1,0.003155322978273034,,2018-01-25,,0.312
ZCH0AEG5,0,0,,,,Censored No Alarm,0,0,0,0,0,1,0.0030555089469999075,,2018-01-12,,0.312
ZCH0AEGB,0,0,,,,Censored No Alarm,0,0,0,0,0,1,0.0014476955402642488,,2018-03-12,,0.312
ZCH0AEWA,0,0,,,,Censored No Alarm,0,0,0,0,0,1,0.011658575385808945,,2018-05-16,,0.312
ZCH0AEWP,0,0,,,,Censored No Alarm,0,0,0,0,0,1,0.017136353999376297,,2018-04-27,,0.312
ZCH0AF6W,0,0,,,,Censored No Alarm,0,0,0,0,0,1,0.0011401056544855237,,2018-03-12,,0.312
ZCH0AHC1,1,0,,2018-09-23,,Missed,0,0,0,0,1,0,0.001312237000092864,,2018-01-13,,0.312
ZCH0AHH0,0,0,,,,Censored No Alarm,0,0,0,0,0,1,0.0027632443234324455,,2018-04-27,,0.312
ZCH0AHHR,0,0,,,,Censored No Alarm,0,0,0,0,0,1,0.09451255202293396,,2018-03-12,,0.312
ZCH0AHVD,0,0,,,,Censored No Alarm,0,0,0,0,0,1,0.004075855482369661,,2018-04-27,,0.312
ZCH0AHX2,0,0,,,,Censored No Alarm,0,0,0,0,0,1,0.0034626582637429237,,2018-01-13,,0.312
ZCH0AJ2D,0,0,,,,Censored No Alarm,0,0,0,0,0,1,0.21586523950099945,,2018-01-12,,0.312
ZCH0AJS4,0,0,,,,Censored No Alarm,0,0,0,0,0,1,0.0015966175124049187,,2018-03-12,,0.312
ZCH0AJVF,0,0,,,,Censored No Alarm,0,0,0,0,0,1,0.0016611400060355663,,2018-01-13,,0.312
ZCH0AJWH,0,0,,,,Censored No Alarm,0,0,0,0,0,1,0.0020392450969666243,,2018-03-12,,0.312
ZCH0AJX6,0,0,,,,Censored No Alarm,0,0,0,0,0,1,0.2685736417770386,,2018-01-13,,0.312
ZCH0AK42,0,0,,,,Censored No Alarm,0,0,0,0,0,1,0.0011405079858377576,,2018-01-13,,0.312
ZCH0AKCS,0,0,,,,Censored No Alarm,0,0,0,0,0,1,0.0023126197047531605,,2018-04-13,,0.312
ZCH0AKH3,0,0,,,,Censored No Alarm,0,0,0,0,0,1,0.002129713539034128,,2018-01-13,,0.312
ZCH0AKLV,0,0,,,,Censored No Alarm,0,0,0,0,0,1,0.036231718957424164,,2018-01-13,,0.312
ZCH0AKQ4,0,0,,,,Censored No Alarm,0,0,0,0,0,1,0.0036064512096345425,,2018-04-27,,0.312
ZCH0AKRD,0,0,,,,Censored No Alarm,0,0,0,0,0,1,0.0010024026269093156,,2018-03-12,,0.312
ZCH0AKRE,0,0,,,,Censored No Alarm,0,0,0,0,0,1,0.005277897696942091,,2018-04-27,,0.312
ZCH0AL01,1,1,2018-09-13,2018-09-19,6.0,On time,1,0,0,0,0,0,0.3495332598686218,0.3244633674621582,2018-01-13,243.0,0.312
ZCH0APGY,1,1,2021-04-03,2021-04-04,1.0,On time,1,0,0,0,0,0,0.32990941405296326,0.32990941405296326,2018-05-12,1057.0,0.312
ZCH0AQ1E,0,0,,,,Censored No Alarm,0,0,0,0,0,1,0.0016199497040361166,,2018-01-25,,0.312
ZCH0AQ89,0,0,,,,Censored No Alarm,0,0,0,0,0,1,0.0037560081109404564,,2018-04-27,,0.312
ZCH0AQPK,0,0,,,,Censored No Alarm,0,0,0,0,0,1,0.0027316876221448183,,2018-04-13,,0.312
ZCH0AQQ1,0,0,,,,Censored No Alarm,0,0,0,0,0,1,0.0025706614833325148,,2018-05-16,,0.312
ZCH0AQVH,0,0,,,,Censored No Alarm,0,0,0,0,0,1,0.0018136416329070926,,2018-03-12,,0.312
ZCH0AQZ3,0,0,,,,Censored No Alarm,0,0,0,0,0,1,0.003928323742002249,,2018-01-25,,0.312
ZCH0ARZP,0,0,,,,Censored No Alarm,0,0,0,0,0,1,0.0021288057323545218,,2018-01-12,,0.312
ZCH0AV3D,0,0,,,,Censored No Alarm,0,0,0,0,0,1,0.005067707505077124,,2018-04-27,,0.312
ZCH0AV8J,0,0,,,,Censored No Alarm,0,0,0,0,0,1,0.0009793712524697185,,2018-10-29,,0.312
ZCH0AXDA,0,0,,,,Censored No Alarm,0,0,0,0,0,1,0.16522033512592316,,2018-01-06,,0.312
ZCH0AXHJ,0,0,,,,Censored No Alarm,0,0,0,0,0,1,0.002263601403683424,,2018-01-25,,0.312
ZCH0AXLQ,0,0,,,,Censored No Alarm,0,0,0,0,0,1,0.005705653224140406,,2018-01-06,,0.312
ZCH0AXTT,0,0,,,,Censored No Alarm,0,0,0,0,0,1,0.0013118496863171458,,2018-03-12,,0.312
ZCH0AXWB,0,0,,,,Censored No Alarm,0,0,0,0,0,1,0.001527630491182208,,2018-01-13,,0.312
ZCH0AXWN,0,0,,,,Censored No Alarm,0,0,0,0,0,1,0.0030439456459134817,,2018-01-13,,0.312
ZCH0AYA6,0,0,,,,Censored No Alarm,0,0,0,0,0,1,0.0012921835295856,,2018-01-13,,0.312
ZCH0AYX1,0,0,,,,Censored No Alarm,0,0,0,0,0,1,0.003535084892064333,,2018-01-25,,0.312
ZCH0AYXA,0,0,,,,Censored No Alarm,0,0,0,0,0,1,0.0024529718793928623,,2018-04-27,,0.312
ZCH0AYXN,0,0,,,,Censored No Alarm,0,0,0,0,0,1,0.0014309120597317815,,2018-03-12,,0.312
ZCH0AYYN,0,0,,,,Censored No Alarm,0,0,0,0,0,1,0.002713887020945549,,2018-01-13,,0.312
ZCH0B0CC,0,0,,,,Censored No Alarm,0,0,0,0,0,1,0.0019023092463612556,,2018-01-25,,0.312
ZCH0B0KM,0,0,,,,Censored No Alarm,0,0,0,0,0,1,0.0018881362630054355,,2018-01-12,,0.312
ZCH0B0VS,0,0,,,,Censored No Alarm,0,0,0,0,0,1,0.0036677103489637375,,2018-01-06,,0.312
ZCH0B10M,0,0,,,,Censored No Alarm,0,0,0,0,0,1,0.0021835523657500744,,2018-03-12,,0.312
ZCH0B1DC,0,0,,,,Censored No Alarm,0,0,0,0,0,1,0.0016785820480436087,,2018-01-25,,0.312
ZCH0B1L4,0,0,,,,Censored No Alarm,0,0,0,0,0,1,0.0016937556210905313,,2018-01-13,,0.312
ZCH0B35Q,0,0,,,,Censored No Alarm,0,0,0,0,0,1,0.016605554148554802,,2018-01-13,,0.312
ZCH0B3JC,0,0,,,,Censored No Alarm,0,0,0,0,0,1,0.0022964945528656244,,2018-01-25,,0.312
ZCH0B43Q,0,0,,,,Censored No Alarm,0,0,0,0,0,1,0.0016710709314793348,,2018-03-12,,0.312
ZCH0B451,0,0,,,,Censored No Alarm,0,0,0,0,0,1,0.0015659938799217343,,2018-03-12,,0.312
ZCH0B4AV,0,0,,,,Censored No Alarm,0,0,0,0,0,1,0.0020793857984244823,,2018-01-25,,0.312
ZCH0B4F5,1,0,,2019-08-27,,Missed,0,0,0,0,1,0,0.000848647381644696,,2018-12-08,,0.312
ZCH0B4FC,0,0,,,,Censored No Alarm,0,0,0,0,0,1,0.002708091866225004,,2018-04-27,,0.312
ZCH0B4J3,0,0,,,,Censored No Alarm,0,0,0,0,0,1,0.003138819942250848,,2018-04-27,,0.312
ZCH0B4V1,0,0,,,,Censored No Alarm,0,0,0,0,0,1,0.003779756370931864,,2018-01-06,,0.312
ZCH0B5AJ,0,0,,,,Censored No Alarm,0,0,0,0,0,1,0.002204539254307747,,2018-01-25,,0.312
ZCH0B6P9,0,0,,,,Censored No Alarm,0,0,0,0,0,1,0.004197268281131983,,2018-01-12,,0.312
ZCH0B75V,0,0,,,,Censored No Alarm,0,0,0,0,0,1,0.003309373278170824,,2018-01-13,,0.312
ZCH0B7FM,0,0,,,,Censored No Alarm,0,0,0,0,0,1,0.005387747660279274,,2018-04-27,,0.312
ZCH0B7M4,0,0,,,,Censored No Alarm,0,0,0,0,0,1,0.0018368582241237164,,2018-01-13,,0.312
ZCH0B7N9,0,0,,,,Censored No Alarm,0,0,0,0,0,1,0.0038760644383728504,,2018-01-12,,0.312
ZCH0B7P4,0,0,,,,Censored No Alarm,0,0,0,0,0,1,0.0017269653035327792,,2018-03-12,,0.312
ZCH0B7TM,0,0,,,,Censored No Alarm,0,0,0,0,0,1,0.0013026982778683305,,2018-01-13,,0.312
ZCH0B86H,0,0,,,,Censored No Alarm,0,0,0,0,0,1,0.001909839571453631,,2018-05-16,,0.312
ZCH0B8K3,0,1,2020-09-05,,,Censored Early,0,0,1,1,0,0,0.3464187979698181,0.3464187979698181,2018-03-12,908.0,0.312
ZCH0B8ZF,1,0,,2019-01-08,,Missed,0,0,0,0,1,0,0.084554024040699,,2018-01-06,,0.312
ZCH0B91P,0,0,,,,Censored No Alarm,0,0,0,0,0,1,0.2850411534309387,,2018-01-12,,0.312
ZCH0B93M,0,0,,,,Censored No Alarm,0,0,0,0,0,1,0.0037612358573824167,,2018-01-13,,0.312
ZCH0B9DC,0,0,,,,Censored No Alarm,0,0,0,0,0,1,0.004349750466644764,,2018-01-13,,0.312
ZCH0B9QS,0,0,,,,Censored No Alarm,0,0,0,0,0,1,0.0032522871624678373,,2018-01-13,,0.312
ZCH0B9TQ,0,0,,,,Censored No Alarm,0,0,0,0,0,1,0.0023696101270616055,,2018-05-16,,0.312
ZCH0BA1T,0,0,,,,Censored No Alarm,0,0,0,0,0,1,0.0036437618546187878,,2018-01-12,,0.312
ZCH0BA7B,0,0,,,,Censored No Alarm,0,0,0,0,0,1,0.002389690838754177,,2018-01-06,,0.312
ZCH0BA92,0,0,,,,Censored No Alarm,0,0,0,0,0,1,0.0017734726425260305,,2018-03-12,,0.312
ZCH0BAD3,0,0,,,,Censored No Alarm,0,0,0,0,0,1,0.0028214158955961466,,2018-04-27,,0.312
ZCH0BAD5,0,0,,,,Censored No Alarm,0,0,0,0,0,1,0.0012433970114216208,,2018-03-12,,0.312
ZCH0BAHM,0,0,,,,Censored No Alarm,0,0,0,0,0,1,0.0025474459398537874,,2018-02-12,,0.312
ZCH0BAKV,0,0,,,,Censored No Alarm,0,0,0,0,0,1,0.003536037402227521,,2018-02-12,,0.312
ZCH0BATF,0,0,,,,Censored No Alarm,0,0,0,0,0,1,0.001831945963203907,,2018-01-25,,0.312
ZCH0BBGH,0,0,,,,Censored No Alarm,0,0,0,0,0,1,0.00153327826410532,,2019-04-19,,0.312
ZCH0BBPF,0,0,,,,Censored No Alarm,0,0,0,0,0,1,0.004363332875072956,,2018-01-13,,0.312
ZCH0BBRC,0,1,2020-02-18,,,Censored Early,0,0,1,1,0,0,0.40805336833000183,0.3363778591156006,2018-04-13,676.0,0.312
ZCH0BBTB,0,0,,,,Censored No Alarm,0,0,0,0,0,1,0.007371420040726662,,2018-01-12,,0.312
ZCH0BBYA,0,0,,,,Censored No Alarm,0,0,0,0,0,1,0.003592337714508176,,2018-01-12,,0.312
ZCH0BC2R,0,0,,,,Censored No Alarm,0,0,0,0,0,1,0.003045592922717333,,2018-04-27,,0.312
ZCH0BCJG,0,0,,,,Censored No Alarm,0,0,0,0,0,1,0.006615029647946358,,2018-01-12,,0.312
ZCH0BCNM,0,0,,,,Censored No Alarm,0,0,0,0,0,1,0.002448449144139886,,2018-01-25,,0.312
ZCH0BCTN,0,0,,,,Censored No Alarm,0,0,0,0,0,1,0.00988785456866026,,2018-01-13,,0.312
ZCH0BCW5,0,0,,,,Censored No Alarm,0,0,0,0,0,1,0.001023504533804953,,2018-03-12,,0.312
ZCH0BCWV,1,1,2018-04-25,2018-04-25,0.0,On time,1,0,0,0,0,0,0.44750452041625977,0.44750452041625977,2018-01-13,102.0,0.312
ZCH0BCXM,0,0,,,,Censored No Alarm,0,0,0,0,0,1,0.030144168063998222,,2018-01-12,,0.312
ZCH0BDSQ,0,0,,,,Censored No Alarm,0,0,0,0,0,1,0.01996155083179474,,2018-03-12,,0.312
ZCH0BE8R,0,0,,,,Censored No Alarm,0,0,0,0,0,1,0.2413768768310547,,2018-03-12,,0.312
ZCH0BEFK,0,0,,,,Censored No Alarm,0,0,0,0,0,1,0.0039648679085075855,,2018-01-13,,0.312
ZCH0BEHB,0,0,,,,Censored No Alarm,0,0,0,0,0,1,0.0013741938164457679,,2018-03-12,,0.312
ZCH0BEX1,0,0,,,,Censored No Alarm,0,0,0,0,0,1,0.0013623383129015565,,2018-03-12,,0.312
ZCH0BEY8,0,0,,,,Censored No Alarm,0,0,0,0,0,1,0.19826771318912506,,2018-01-13,,0.312
ZCH0BFE2,0,0,,,,Censored No Alarm,0,0,0,0,0,1,0.004602235276252031,,2018-01-25,,0.312
ZCH0BFGT,0,0,,,,Censored No Alarm,0,0,0,0,0,1,0.0038251010701060295,,2018-01-06,,0.312
ZCH0BGS0,0,0,,,,Censored No Alarm,0,0,0,0,0,1,0.12484443187713623,,2018-04-27,,0.312
ZCH0BH35,0,0,,,,Censored No Alarm,0,0,0,0,0,1,0.003589512314647436,,2018-04-27,,0.312
ZCH0BHFE,0,0,,,,Censored No Alarm,0,0,0,0,0,1,0.00371921481564641,,2018-01-25,,0.312
ZCH0BHPP,1,0,,2018-04-10,,Missed,0,0,0,0,1,0,0.2204572856426239,,2018-01-06,,0.312
ZCH0BJ46,1,1,2019-06-17,2019-06-25,8.0,On time,1,0,0,0,0,0,0.31562498211860657,0.31562498211860657,2018-01-13,520.0,0.312
ZCH0BJFB,0,0,,,,Censored No Alarm,0,0,0,0,0,1,0.003547620726749301,,2018-02-12,,0.312
ZCH0BJFM,0,0,,,,Censored No Alarm,0,0,0,0,0,1,0.00296095316298306,,2018-01-13,,0.312
ZCH0BJSJ,0,0,,,,Censored No Alarm,0,0,0,0,0,1,0.0011674183188006282,,2019-04-28,,0.312
ZCH0BK4F,0,0,,,,Censored No Alarm,0,0,0,0,0,1,0.003932942636311054,,2018-01-25,,0.312
ZCH0BKE5,0,0,,,,Censored No Alarm,0,0,0,0,0,1,0.001565623446367681,,2018-01-13,,0.312
ZCH0BMJM,0,0,,,,Censored No Alarm,0,0,0,0,0,1,0.027162479236721992,,2018-05-16,,0.312
ZCH0BMWX,0,0,,,,Censored No Alarm,0,0,0,0,0,1,0.025404540821909904,,2018-04-27,,0.312
ZCH0BN8J,0,0,,,,Censored No Alarm,0,0,0,0,0,1,0.0017669971566647291,,2018-03-12,,0.312
ZCH0BNB1,0,0,,,,Censored No Alarm,0,0,0,0,0,1,0.22156977653503418,,2018-04-27,,0.312
ZCH0BNFQ,0,0,,,,Censored No Alarm,0,0,0,0,0,1,0.0045492155477404594,,2018-04-27,,0.312
ZCH0BP3E,0,0,,,,Censored No Alarm,0,0,0,0,0,1,0.003567563137039542,,2018-02-12,,0.312
ZCH0BPLM,0,0,,,,Censored No Alarm,0,0,0,0,0,1,0.003995007369667292,,2018-04-27,,0.312
ZCH0BPMF,0,0,,,,Censored No Alarm,0,0,0,0,0,1,0.0022039739415049553,,2018-04-27,,0.312
ZCH0BPPE,0,0,,,,Censored No Alarm,0,0,0,0,0,1,0.0020669016521424055,,2018-01-25,,0.312
ZCH0BPTZ,1,0,,2019-01-23,,Missed,0,0,0,0,1,0,0.2127944678068161,,2018-05-16,,0.312
ZCH0BQ43,0,0,,,,Censored No Alarm,0,0,0,0,0,1,0.001631266321055591,,2018-03-12,,0.312
ZCH0BQEN,0,0,,,,Censored No Alarm,0,0,0,0,0,1,0.004147824831306934,,2018-04-27,,0.312
ZCH0BRHD,0,0,,,,Censored No Alarm,0,0,0,0,0,1,0.2023078203201294,,2018-06-08,,0.312
ZCH0BRZZ,0,0,,,,Censored No Alarm,0,0,0,0,0,1,0.0034734061919152737,,2018-01-25,,0.312
ZCH0BS66,0,0,,,,Censored No Alarm,0,0,0,0,0,1,0.0013293687952682376,,2018-01-13,,0.312
ZCH0BSZS,0,0,,,,Censored No Alarm,0,0,0,0,0,1,0.020451735705137253,,2018-01-13,,0.312
ZCH0BT77,0,0,,,,Censored No Alarm,0,0,0,0,0,1,0.0036824815906584263,,2019-11-16,,0.312
ZCH0BT83,0,0,,,,Censored No Alarm,0,0,0,0,0,1,0.09010397642850876,,2018-01-12,,0.312
ZCH0BTJN,1,1,2019-09-27,2019-09-27,0.0,On time,1,0,0,0,0,0,0.3427930474281311,0.3427930474281311,2018-01-13,622.0,0.312
ZCH0BTKL,0,0,,,,Censored No Alarm,0,0,0,0,0,1,0.0013529950520023704,,2018-03-12,,0.312
ZCH0BTSW,0,0,,,,Censored No Alarm,0,0,0,0,0,1,0.004178526345640421,,2018-01-13,,0.312
ZCH0BVF0,0,0,,,,Censored No Alarm,0,0,0,0,0,1,0.003809174057096243,,2018-01-13,,0.312
ZCH0BW26,0,0,,,,Censored No Alarm,0,0,0,0,0,1,0.21460497379302979,,2018-01-13,,0.312
ZCH0BW2F,0,0,,,,Censored No Alarm,0,0,0,0,0,1,0.003375076921656728,,2018-01-13,,0.312
ZCH0BW5R,0,0,,,,Censored No Alarm,0,0,0,0,0,1,0.0016878743190318346,,2018-03-12,,0.312
ZCH0BW6L,0,0,,,,Censored No Alarm,0,0,0,0,0,1,0.0026298323646187782,,2018-01-12,,0.312
ZCH0BWH0,0,0,,,,Censored No Alarm,0,0,0,0,0,1,0.0019551885779947042,,2018-01-13,,0.312
ZCH0BWNA,0,0,,,,Censored No Alarm,0,0,0,0,0,1,0.027725057676434517,,2018-01-06,,0.312
ZCH0BWR3,0,0,,,,Censored No Alarm,0,0,0,0,0,1,0.00466908561065793,,2018-01-13,,0.312
ZCH0BX65,0,0,,,,Censored No Alarm,0,0,0,0,0,1,0.0021556722931563854,,2018-03-12,,0.312
ZCH0BX80,0,0,,,,Censored No Alarm,0,0,0,0,0,1,0.002028740243986249,,2018-01-13,,0.312
ZCH0BXPS,0,0,,,,Censored No Alarm,0,0,0,0,0,1,0.0015750156017020345,,2018-03-12,,0.312
ZCH0BXRK,0,0,,,,Censored No Alarm,0,0,0,0,0,1,0.002451562788337469,,2018-01-13,,0.312
ZCH0BXSC,0,0,,,,Censored No Alarm,0,0,0,0,0,1,0.0031052716076374054,,2018-01-13,,0.312
ZCH0BY3W,0,0,,,,Censored No Alarm,0,0,0,0,0,1,0.0028594855684787035,,2018-01-13,,0.312
ZCH0BYDP,0,0,,,,Censored No Alarm,0,0,0,0,0,1,0.0013791490346193314,,2018-01-25,,0.312
ZCH0BYFW,0,0,,,,Censored No Alarm,0,0,0,0,0,1,0.00361919985152781,,2018-01-13,,0.312
ZCH0BZ5D,0,0,,,,Censored No Alarm,0,0,0,0,0,1,0.0015409118495881557,,2018-03-12,,0.312
ZCH0BZFM,0,0,,,,Censored No Alarm,0,0,0,0,0,1,0.0037508655805140734,,2018-04-27,,0.312
ZCH0BZK8,0,0,,,,Censored No Alarm,0,0,0,0,0,1,0.0026111246552318335,,2018-05-16,,0.312
ZCH0BZKN,0,0,,,,Censored No Alarm,0,0,0,0,0,1,0.08080954849720001,,2018-01-06,,0.312
ZCH0BZSV,0,0,,,,Censored No Alarm,0,0,0,0,0,1,0.0021329433657228947,,2018-01-25,,0.312
ZCH0BZVP,0,0,,,,Censored No Alarm,0,0,0,0,0,1,0.0013887176755815744,,2018-03-12,,0.312
ZCH0BZXE,0,0,,,,Censored No Alarm,0,0,0,0,0,1,0.0027494977694004774,,2018-04-13,,0.312
ZCH0C053,0,0,,,,Censored No Alarm,0,0,0,0,0,1,0.0020475657656788826,,2018-01-12,,0.312
ZCH0C0CS,0,0,,,,Censored No Alarm,0,0,0,0,0,1,0.0032515793573111296,,2018-01-13,,0.312
ZCH0C0LW,0,0,,,,Censored No Alarm,0,0,0,0,0,1,0.2752165198326111,,2018-03-12,,0.312
ZCH0C0ND,0,0,,,,Censored No Alarm,0,0,0,0,0,1,0.00478323083370924,,2018-07-12,,0.312
ZCH0C0P1,0,0,,,,Censored No Alarm,0,0,0,0,0,1,0.002171519910916686,,2018-04-13,,0.312
ZCH0C159,0,0,,,,Censored No Alarm,0,0,0,0,0,1,0.03259175270795822,,2018-03-12,,0.312
ZCH0C1SC,1,1,2018-08-27,2019-02-17,174.0,Early,0,1,0,1,0,0,0.3662102520465851,0.34701457619667053,2018-04-27,122.0,0.312
ZCH0C1WB,0,0,,,,Censored No Alarm,0,0,0,0,0,1,0.0019406260689720511,,2018-03-12,,0.312
ZCH0C23D,0,0,,,,Censored No Alarm,0,0,0,0,0,1,0.0022512730211019516,,2018-01-13,,0.312
ZCH0C2AJ,0,0,,,,Censored No Alarm,0,0,0,0,0,1,0.0040001943707466125,,2018-01-13,,0.312
ZCH0C2EV,0,0,,,,Censored No Alarm,0,0,0,0,0,1,0.003805562388151884,,2018-04-27,,0.312
ZCH0C2GL,0,0,,,,Censored No Alarm,0,0,0,0,0,1,0.0016997891943901777,,2018-01-13,,0.312
ZCH0C2QF,0,0,,,,Censored No Alarm,0,0,0,0,0,1,0.0037628335412591696,,2018-04-27,,0.312
ZCH0C2T9,0,0,,,,Censored No Alarm,0,0,0,0,0,1,0.0014564666198566556,,2018-01-13,,0.312
ZCH0C3ER,0,0,,,,Censored No Alarm,0,0,0,0,0,1,0.0023121533449739218,,2018-05-16,,0.312
ZCH0C3WL,0,0,,,,Censored No Alarm,0,0,0,0,0,1,0.0031963151413947344,,2018-01-13,,0.312
ZCH0C4AN,0,0,,,,Censored No Alarm,0,0,0,0,0,1,0.0028310148045420647,,2018-01-06,,0.312
ZCH0C5HC,0,0,,,,Censored No Alarm,0,0,0,0,0,1,0.004648237023502588,,2018-01-12,,0.312
ZCH0C5HZ,0,0,,,,Censored No Alarm,0,0,0,0,0,1,0.00321784196421504,,2018-01-25,,0.312
ZCH0C5LN,0,0,,,,Censored No Alarm,0,0,0,0,0,1,0.002984374761581421,,2018-01-13,,0.312
ZCH0C5PL,1,0,,2019-07-08,,Missed,0,0,0,0,1,0,0.0024734665639698505,,2018-01-12,,0.312
ZCH0C5V2,0,0,,,,Censored No Alarm,0,0,0,0,0,1,0.004701586440205574,,2018-01-12,,0.312
ZCH0C5Z6,0,0,,,,Censored No Alarm,0,0,0,0,0,1,0.0011558143887668848,,2018-03-12,,0.312
ZCH0C64V,0,0,,,,Censored No Alarm,0,0,0,0,0,1,0.006389707326889038,,2018-04-27,,0.312
ZCH0C6AJ,0,0,,,,Censored No Alarm,0,0,0,0,0,1,0.008869464509189129,,2018-01-06,,0.312
ZCH0C6HA,0,0,,,,Censored No Alarm,0,0,0,0,0,1,0.00306224194355309,,2018-01-13,,0.312
ZCH0C6JT,0,0,,,,Censored No Alarm,0,0,0,0,0,1,0.0019286409951746464,,2018-01-25,,0.312
ZCH0C6KT,0,0,,,,Censored No Alarm,0,0,0,0,0,1,0.024605602025985718,,2018-04-27,,0.312
ZCH0C6LP,0,0,,,,Censored No Alarm,0,0,0,0,0,1,0.0033486520405858755,,2018-04-27,,0.312
ZCH0C6RW,0,0,,,,Censored No Alarm,0,0,0,0,0,1,0.002757049398496747,,2018-04-27,,0.312
ZCH0C6YG,0,0,,,,Censored No Alarm,0,0,0,0,0,1,0.003129273885861039,,2018-01-13,,0.312
ZCH0C72W,0,0,,,,Censored No Alarm,0,0,0,0,0,1,0.0030625914223492146,,2018-05-12,,0.312
ZCH0C7H3,0,0,,,,Censored No Alarm,0,0,0,0,0,1,0.004552940372377634,,2018-01-13,,0.312
ZCH0C7M9,0,0,,,,Censored No Alarm,0,0,0,0,0,1,0.003247465007007122,,2018-01-12,,0.312
ZCH0C7N3,0,0,,,,Censored No Alarm,0,0,0,0,0,1,0.004201171919703484,,2018-01-25,,0.312
ZCH0C7S8,0,0,,,,Censored No Alarm,0,0,0,0,0,1,0.0016791772795841098,,2018-01-25,,0.312
ZCH0C7TJ,0,0,,,,Censored No Alarm,0,0,0,0,0,1,0.0030573182739317417,,2018-01-13,,0.312
ZCH0C7V1,0,0,,,,Censored No Alarm,0,0,0,0,0,1,0.003535425988957286,,2018-01-13,,0.312
ZCH0C866,0,0,,,,Censored No Alarm,0,0,0,0,0,1,0.003577852388843894,,2018-01-13,,0.312
ZCH0C8DQ,0,0,,,,Censored No Alarm,0,0,0,0,0,1,0.0031283695716410875,,2018-01-13,,0.312
ZCH0C8N3,0,0,,,,Censored No Alarm,0,0,0,0,0,1,0.004741710610687733,,2018-01-13,,0.312
ZCH0C97L,0,0,,,,Censored No Alarm,0,0,0,0,0,1,0.0035125010181218386,,2018-01-13,,0.312
ZCH0CA4M,0,0,,,,Censored No Alarm,0,0,0,0,0,1,0.005942502524703741,,2018-01-13,,0.312
ZCH0CAAB,0,0,,,,Censored No Alarm,0,0,0,0,0,1,0.00461149774491787,,2018-01-25,,0.312
ZCH0CAAF,0,0,,,,Censored No Alarm,0,0,0,0,0,1,0.006348954979330301,,2018-04-27,,0.312
ZCH0CABC,0,0,,,,Censored No Alarm,0,0,0,0,0,1,0.007103379350155592,,2018-04-27,,0.312
ZCH0CAGQ,0,0,,,,Censored No Alarm,0,0,0,0,0,1,0.0045369816944003105,,2018-01-06,,0.312
ZCH0CAQL,0,0,,,,Censored No Alarm,0,0,0,0,0,1,0.0033068936318159103,,2018-04-27,,0.312
ZCH0CAV6,0,0,,,,Censored No Alarm,0,0,0,0,0,1,0.004411093425005674,,2018-01-06,,0.312
ZCH0CAWQ,0,0,,,,Censored No Alarm,0,0,0,0,0,1,0.0019072128925472498,,2018-01-12,,0.312
ZCH0CB1L,0,0,,,,Censored No Alarm,0,0,0,0,0,1,0.015477337874472141,,2018-05-16,,0.312
ZCH0CBKF,0,0,,,,Censored No Alarm,0,0,0,0,0,1,0.0029113157652318478,,2018-04-27,,0.312
ZCH0CBKT,0,1,2019-05-08,,,Censored Early,0,0,1,1,0,0,0.32222989201545715,0.31565308570861816,2018-04-27,376.0,0.312
ZCH0CBT9,0,0,,,,Censored No Alarm,0,0,0,0,0,1,0.0030917313415557146,,2018-01-12,,0.312
ZCH0CBV3,0,0,,,,Censored No Alarm,0,0,0,0,0,1,0.003549436805769801,,2018-01-06,,0.312
ZCH0CC0V,0,0,,,,Censored No Alarm,0,0,0,0,0,1,0.0023428581189364195,,2018-01-13,,0.312
ZCH0CC19,0,0,,,,Censored No Alarm,0,0,0,0,0,1,0.00531654292717576,,2018-01-12,,0.312
ZCH0CC1A,0,0,,,,Censored No Alarm,0,0,0,0,0,1,0.0045778825879096985,,2018-04-27,,0.312
ZCH0CC32,0,0,,,,Censored No Alarm,0,0,0,0,0,1,0.0028719024267047644,,2018-01-13,,0.312
ZCH0CC3X,0,0,,,,Censored No Alarm,0,0,0,0,0,1,0.002365485765039921,,2018-04-27,,0.312
ZCH0CC48,0,0,,,,Censored No Alarm,0,0,0,0,0,1,0.004161666613072157,,2018-01-12,,0.312
ZCH0CC4B,0,0,,,,Censored No Alarm,0,0,0,0,0,1,0.0033020188566297293,,2018-01-06,,0.312
ZCH0CC4L,0,0,,,,Censored No Alarm,0,0,0,0,0,1,0.002692706184461713,,2018-01-25,,0.312
ZCH0CC7G,0,0,,,,Censored No Alarm,0,0,0,0,0,1,0.005289606750011444,,2018-01-13,,0.312
ZCH0CC82,0,0,,,,Censored No Alarm,0,0,0,0,0,1,0.0023996455129235983,,2018-01-25,,0.312
ZCH0CC8P,0,0,,,,Censored No Alarm,0,0,0,0,0,1,0.0025463204365223646,,2018-10-03,,0.312
ZCH0CCAJ,0,0,,,,Censored No Alarm,0,0,0,0,0,1,0.0010718482080847025,,2018-03-12,,0.312
ZCH0CCBK,0,0,,,,Censored No Alarm,0,0,0,0,0,1,0.05544188991189003,,2018-01-13,,0.312
ZCH0CCCK,0,0,,,,Censored No Alarm,0,0,0,0,0,1,0.26250067353248596,,2018-04-13,,0.312
ZCH0CCDT,0,0,,,,Censored No Alarm,0,0,0,0,0,1,0.004351590294390917,,2018-04-27,,0.312
ZCH0CCGA,0,0,,,,Censored No Alarm,0,0,0,0,0,1,0.0020613549277186394,,2018-01-13,,0.312
ZCH0CCHP,0,0,,,,Censored No Alarm,0,0,0,0,0,1,0.0028141604270786047,,2018-01-13,,0.312
ZCH0CCJQ,0,0,,,,Censored No Alarm,0,0,0,0,0,1,0.0028254499193280935,,2018-01-13,,0.312
ZCH0CCK3,0,0,,,,Censored No Alarm,0,0,0,0,0,1,0.004693028051406145,,2018-01-06,,0.312
ZCH0CCK7,0,0,,,,Censored No Alarm,0,0,0,0,0,1,0.00404701242223382,,2018-01-12,,0.312
ZCH0CCL7,0,0,,,,Censored No Alarm,0,0,0,0,0,1,0.002110786270350218,,2018-03-12,,0.312
ZCH0CCNK,0,0,,,,Censored No Alarm,0,0,0,0,0,1,0.006041171029210091,,2018-04-27,,0.312
ZCH0CCQ2,0,0,,,,Censored No Alarm,0,0,0,0,0,1,0.004334048833698034,,2018-01-06,,0.312
ZCH0CCRC,0,1,2019-08-31,,,Censored Early,0,0,1,1,0,0,0.3656521439552307,0.36012184619903564,2018-01-12,596.0,0.312
ZCH0CCRN,0,0,,,,Censored No Alarm,0,0,0,0,0,1,0.0042240191251039505,,2018-01-06,,0.312
ZCH0CCS2,0,0,,,,Censored No Alarm,0,0,0,0,0,1,0.004768503364175558,,2018-01-13,,0.312
ZCH0CCSG,0,0,,,,Censored No Alarm,0,0,0,0,0,1,0.003912671003490686,,2018-01-13,,0.312
ZCH0CCT4,0,0,,,,Censored No Alarm,0,0,0,0,0,1,0.006166250444948673,,2018-01-06,,0.312
ZCH0CCTF,0,0,,,,Censored No Alarm,0,0,0,0,0,1,0.004483754746615887,,2018-01-12,,0.312
ZCH0CCW7,0,0,,,,Censored No Alarm,0,0,0,0,0,1,0.0015369948232546449,,2018-03-12,,0.312
ZCH0CCX8,0,0,,,,Censored No Alarm,0,0,0,0,0,1,0.002333681331947446,,2018-01-25,,0.312
ZCH0CCXA,0,0,,,,Censored No Alarm,0,0,0,0,0,1,0.0030130252707749605,,2018-01-13,,0.312
ZCH0CCXK,0,0,,,,Censored No Alarm,0,0,0,0,0,1,0.004550105892121792,,2018-01-12,,0.312
ZCH0CCY8,0,0,,,,Censored No Alarm,0,0,0,0,0,1,0.0041188327595591545,,2018-04-27,,0.312
ZCH0CCYF,0,0,,,,Censored No Alarm,0,0,0,0,0,1,0.003872551256790757,,2018-01-12,,0.312
ZCH0CCYQ,0,0,,,,Censored No Alarm,0,0,0,0,0,1,0.005371047183871269,,2018-01-13,,0.312
ZCH0CCZB,0,0,,,,Censored No Alarm,0,0,0,0,0,1,0.003884312231093645,,2018-04-27,,0.312
ZCH0CCZS,0,0,,,,Censored No Alarm,0,0,0,0,0,1,0.004380015190690756,,2018-01-06,,0.312
ZCH0CD0A,0,0,,,,Censored No Alarm,0,0,0,0,0,1,0.005685243755578995,,2018-01-12,,0.312
ZCH0CD0B,0,0,,,,Censored No Alarm,0,0,0,0,0,1,0.00461485655978322,,2018-01-13,,0.312
ZCH0CD24,0,0,,,,Censored No Alarm,0,0,0,0,0,1,0.035998061299324036,,2018-03-12,,0.312
ZCH0CD3W,0,0,,,,Censored No Alarm,0,0,0,0,0,1,0.003560642246156931,,2018-01-12,,0.312
ZCH0CD56,0,0,,,,Censored No Alarm,0,0,0,0,0,1,0.0013084717793390155,,2018-03-12,,0.312
ZCH0CD59,0,0,,,,Censored No Alarm,0,0,0,0,0,1,0.0030802185647189617,,2018-04-27,,0.312
ZCH0CD7J,0,0,,,,Censored No Alarm,0,0,0,0,0,1,0.0032592229545116425,,2018-04-27,,0.312
ZCH0CD8C,0,0,,,,Censored No Alarm,0,0,0,0,0,1,0.0014387936098501086,,2018-03-12,,0.312
ZCH0CD8X,0,0,,,,Censored No Alarm,0,0,0,0,0,1,0.1147870197892189,,2018-04-27,,0.312
ZCH0CDAR,0,0,,,,Censored No Alarm,0,0,0,0,0,1,0.0018691387958824635,,2018-03-12,,0.312
ZCH0CDBL,0,0,,,,Censored No Alarm,0,0,0,0,0,1,0.0037112198770046234,,2018-04-27,,0.312
ZCH0CDDM,0,0,,,,Censored No Alarm,0,0,0,0,0,1,0.0026637448463588953,,2018-01-12,,0.312
ZCH0CDE3,0,0,,,,Censored No Alarm,0,0,0,0,0,1,0.007407830096781254,,2018-01-06,,0.312
ZCH0CDE8,1,0,,2018-06-11,,Missed,0,0,0,0,1,0,0.028113307431340218,,2018-04-27,,0.312
ZCH0CDEP,0,0,,,,Censored No Alarm,0,0,0,0,0,1,0.003513274248689413,,2018-01-12,,0.312
ZCH0CDF5,0,0,,,,Censored No Alarm,0,0,0,0,0,1,0.28448909521102905,,2018-01-12,,0.312
ZCH0CDH3,0,0,,,,Censored No Alarm,0,0,0,0,0,1,0.004409345332533121,,2018-01-12,,0.312
ZCH0CDHQ,0,0,,,,Censored No Alarm,0,0,0,0,0,1,0.006135652307420969,,2018-04-27,,0.312
ZCH0CDK7,0,0,,,,Censored No Alarm,0,0,0,0,0,1,0.002290857257321477,,2018-04-13,,0.312
ZCH0CDKT,0,0,,,,Censored No Alarm,0,0,0,0,0,1,0.0031049882527440786,,2018-01-13,,0.312
ZCH0CDM3,0,0,,,,Censored No Alarm,0,0,0,0,0,1,0.0031486344523727894,,2018-01-13,,0.312
ZCH0CDPM,0,0,,,,Censored No Alarm,0,0,0,0,0,1,0.0021440519485622644,,2018-03-12,,0.312
ZCH0CDTR,0,0,,,,Censored No Alarm,0,0,0,0,0,1,0.0033838441595435143,,2018-01-06,,0.312
ZCH0CDYN,0,0,,,,Censored No Alarm,0,0,0,0,0,1,0.0037171216681599617,,2018-04-27,,0.312
ZCH0CDYT,0,0,,,,Censored No Alarm,0,0,0,0,0,1,0.002128200139850378,,2018-01-13,,0.312
ZCH0CDZ2,0,0,,,,Censored No Alarm,0,0,0,0,0,1,0.0070223938673734665,,2018-01-13,,0.312
ZCH0CDZJ,0,0,,,,Censored No Alarm,0,0,0,0,0,1,0.004006756003946066,,2018-01-06,,0.312
ZCH0CE0N,0,0,,,,Censored No Alarm,0,0,0,0,0,1,0.0014109616167843342,,2018-01-13,,0.312
ZCH0CE1E,0,0,,,,Censored No Alarm,0,0,0,0,0,1,0.004738219548016787,,2018-01-13,,0.312
ZCH0CE1Y,0,0,,,,Censored No Alarm,0,0,0,0,0,1,0.23952937126159668,,2018-01-12,,0.312
ZCH0CE33,0,0,,,,Censored No Alarm,0,0,0,0,0,1,0.0019856207072734833,,2018-01-13,,0.312
ZCH0CE34,1,0,,2021-05-20,,Missed,0,0,0,0,1,0,0.007091095205396414,,2018-01-12,,0.312
ZCH0CE5C,1,0,,2021-02-15,,Missed,0,0,0,0,1,0,0.004200953058898449,,2018-01-06,,0.312
ZCH0CE5R,0,0,,,,Censored No Alarm,0,0,0,0,0,1,0.025750519707798958,,2018-01-12,,0.312
ZCH0CEG1,0,0,,,,Censored No Alarm,0,0,0,0,0,1,0.0012238019844517112,,2018-03-12,,0.312
ZCH0CEHG,0,0,,,,Censored No Alarm,0,0,0,0,0,1,0.0027012915816158056,,2018-01-25,,0.312
ZCH0CEJD,0,0,,,,Censored No Alarm,0,0,0,0,0,1,0.004666697233915329,,2018-04-27,,0.312
ZCH0CEJQ,0,0,,,,Censored No Alarm,0,0,0,0,0,1,0.009538847021758556,,2018-04-27,,0.312
ZCH0CEKW,0,0,,,,Censored No Alarm,0,0,0,0,0,1,0.0020055558998137712,,2018-03-12,,0.312
ZCH0CELK,0,0,,,,Censored No Alarm,0,0,0,0,0,1,0.0015123276971280575,,2018-03-12,,0.312
ZCH0CEMS,0,0,,,,Censored No Alarm,0,0,0,0,0,1,0.003867523977532983,,2018-05-12,,0.312
ZCH0CEN1,0,0,,,,Censored No Alarm,0,0,0,0,0,1,0.0025647873990237713,,2018-03-12,,0.312
ZCH0CENC,0,0,,,,Censored No Alarm,0,0,0,0,0,1,0.0010634358040988445,,2018-01-13,,0.312
ZCH0CENN,0,0,,,,Censored No Alarm,0,0,0,0,0,1,0.00127088138833642,,2018-03-12,,0.312
ZCH0CEP3,0,0,,,,Censored No Alarm,0,0,0,0,0,1,0.003175173420459032,,2018-01-13,,0.312
ZCH0CEP4,0,0,,,,Censored No Alarm,0,0,0,0,0,1,0.0022740554995834827,,2018-01-12,,0.312
ZCH0CEPC,0,0,,,,Censored No Alarm,0,0,0,0,0,1,0.0048370035365223885,,2018-01-12,,0.312
ZCH0CESE,1,0,,2020-01-21,,Missed,0,0,0,0,1,0,0.0059206425212323666,,2018-01-13,,0.312
ZCH0CEXD,0,0,,,,Censored No Alarm,0,0,0,0,0,1,0.0013927287654951215,,2018-01-13,,0.312
ZCH0CEXF,0,0,,,,Censored No Alarm,0,0,0,0,0,1,0.006610669195652008,,2018-01-06,,0.312
ZCH0CEYB,0,0,,,,Censored No Alarm,0,0,0,0,0,1,0.0022129334975034,,2018-01-13,,0.312
ZCH0CEYG,0,0,,,,Censored No Alarm,0,0,0,0,0,1,0.003106752410531044,,2018-04-27,,0.312
ZCH0CEYR,0,0,,,,Censored No Alarm,0,0,0,0,0,1,0.0012759853852912784,,2018-12-05,,0.312
ZCH0CF20,0,0,,,,Censored No Alarm,0,0,0,0,0,1,0.003169901669025421,,2018-04-27,,0.312
ZCH0CF2F,0,0,,,,Censored No Alarm,0,0,0,0,0,1,0.12558041512966156,,2018-04-27,,0.312
ZCH0CF3K,0,0,,,,Censored No Alarm,0,0,0,0,0,1,0.0017962164711207151,,2018-01-13,,0.312
ZCH0CF3Q,0,0,,,,Censored No Alarm,0,0,0,0,0,1,0.0037876751739531755,,2018-04-27,,0.312
ZCH0CF3X,0,0,,,,Censored No Alarm,0,0,0,0,0,1,0.00578096741810441,,2018-01-12,,0.312
ZCH0CF5C,0,0,,,,Censored No Alarm,0,0,0,0,0,1,0.0023905993439257145,,2018-01-13,,0.312
ZCH0CF75,0,0,,,,Censored No Alarm,0,0,0,0,0,1,0.004724831320345402,,2018-04-27,,0.312
ZCH0CF9P,0,0,,,,Censored No Alarm,0,0,0,0,0,1,0.0023817340843379498,,2018-02-12,,0.312
ZCH0CFBR,0,0,,,,Censored No Alarm,0,0,0,0,0,1,0.0045807319693267345,,2018-01-12,,0.312
ZCH0CFCB,0,0,,,,Censored No Alarm,0,0,0,0,0,1,0.0021727473940700293,,2018-01-13,,0.312
ZCH0CFCY,0,0,,,,Censored No Alarm,0,0,0,0,0,1,0.002762088319286704,,2018-01-25,,0.312
ZCH0CFMJ,0,0,,,,Censored No Alarm,0,0,0,0,0,1,0.0026072468608617783,,2018-01-25,,0.312
ZCH0CFPM,0,0,,,,Censored No Alarm,0,0,0,0,0,1,0.004075984936207533,,2018-01-12,,0.312
ZCH0CFR8,0,0,,,,Censored No Alarm,0,0,0,0,0,1,0.004571821540594101,,2018-01-06,,0.312
ZCH0CFSR,0,0,,,,Censored No Alarm,0,0,0,0,0,1,0.0053937179036438465,,2018-01-12,,0.312
ZCH0CGB1,0,0,,,,Censored No Alarm,0,0,0,0,0,1,0.0026030628941953182,,2018-01-25,,0.312
ZCH0CH5N,0,0,,,,Censored No Alarm,0,0,0,0,0,1,0.003779416671022773,,2018-01-12,,0.312
ZCH0CH6X,0,0,,,,Censored No Alarm,0,0,0,0,0,1,0.0030272305011749268,,2018-04-27,,0.312
ZCH0CH7L,0,0,,,,Censored No Alarm,0,0,0,0,0,1,0.0014700734755024314,,2018-03-12,,0.312
ZCH0CH7M,0,0,,,,Censored No Alarm,0,0,0,0,0,1,0.0018089585937559605,,2018-03-12,,0.312
ZCH0CH9F,0,0,,,,Censored No Alarm,0,0,0,0,0,1,0.21019834280014038,,2018-01-13,,0.312
ZCH0CHBJ,0,0,,,,Censored No Alarm,0,0,0,0,0,1,0.0037202960811555386,,2018-01-12,,0.312
ZCH0CHEX,0,0,,,,Censored No Alarm,0,0,0,0,0,1,0.004584647715091705,,2018-04-27,,0.312
ZCH0CHF7,0,0,,,,Censored No Alarm,0,0,0,0,0,1,0.00213505863212049,,2018-01-13,,0.312
ZCH0CHF9,0,0,,,,Censored No Alarm,0,0,0,0,0,1,0.0012091617099940777,,2018-01-13,,0.312
ZCH0CHJ5,0,0,,,,Censored No Alarm,0,0,0,0,0,1,0.0039283051155507565,,2018-04-27,,0.312
ZCH0CHL9,0,0,,,,Censored No Alarm,0,0,0,0,0,1,0.003073617350310087,,2018-01-12,,0.312
ZCH0CHML,0,0,,,,Censored No Alarm,0,0,0,0,0,1,0.0033802599646151066,,2018-01-12,,0.312
ZCH0CHNF,0,0,,,,Censored No Alarm,0,0,0,0,0,1,0.005166111048310995,,2018-04-27,,0.312
ZCH0CHP2,0,0,,,,Censored No Alarm,0,0,0,0,0,1,0.0026981360279023647,,2018-01-25,,0.312
ZCH0CHQ2,0,0,,,,Censored No Alarm,0,0,0,0,0,1,0.0067634982988238335,,2018-04-27,,0.312
ZCH0CHQE,0,0,,,,Censored No Alarm,0,0,0,0,0,1,0.002418302232399583,,2018-04-27,,0.312
ZCH0CHR7,0,0,,,,Censored No Alarm,0,0,0,0,0,1,0.0015360115794464946,,2018-01-13,,0.312
ZCH0CHRP,0,0,,,,Censored No Alarm,0,0,0,0,0,1,0.0037420005537569523,,2018-01-06,,0.312
ZCH0CHSC,0,0,,,,Censored No Alarm,0,0,0,0,0,1,0.0043051522225141525,,2018-01-13,,0.312
ZCH0CHTE,0,0,,,,Censored No Alarm,0,0,0,0,0,1,0.004687187261879444,,2018-01-06,,0.312
ZCH0CHTH,0,0,,,,Censored No Alarm,0,0,0,0,0,1,0.002385711995884776,,2018-01-13,,0.312
ZCH0CHTW,0,0,,,,Censored No Alarm,0,0,0,0,0,1,0.003115603933110833,,2018-03-12,,0.312
ZCH0CHVF,1,0,,2018-10-13,,Missed,0,0,0,0,1,0,0.20343472063541412,,2018-04-13,,0.312
ZCH0CHXE,0,0,,,,Censored No Alarm,0,0,0,0,0,1,0.0019538425840437412,,2018-01-12,,0.312
ZCH0CHY9,0,0,,,,Censored No Alarm,0,0,0,0,0,1,0.1279374361038208,,2018-04-27,,0.312
ZCH0CHZF,0,0,,,,Censored No Alarm,0,0,0,0,0,1,0.0035861164797097445,,2018-04-27,,0.312
ZCH0CHZG,0,0,,,,Censored No Alarm,0,0,0,0,0,1,0.0029736822471022606,,2018-01-13,,0.312
ZCH0CHZN,0,0,,,,Censored No Alarm,0,0,0,0,0,1,0.0024238452315330505,,2018-01-12,,0.312
ZCH0CJ0T,0,0,,,,Censored No Alarm,0,0,0,0,0,1,0.0035688637290149927,,2018-04-27,,0.312
ZCH0CJ24,0,0,,,,Censored No Alarm,0,0,0,0,0,1,0.0018870054045692086,,2018-03-12,,0.312
ZCH0CJ35,0,0,,,,Censored No Alarm,0,0,0,0,0,1,0.01625450886785984,,2018-04-27,,0.312
ZCH0CJ3K,0,0,,,,Censored No Alarm,0,0,0,0,0,1,0.0043243407271802425,,2018-01-13,,0.312
ZCH0CJ3W,0,0,,,,Censored No Alarm,0,0,0,0,0,1,0.013044176623225212,,2018-08-29,,0.312
ZCH0CJ4X,0,0,,,,Censored No Alarm,0,0,0,0,0,1,0.09517767280340195,,2018-01-06,,0.312
ZCH0CJ54,0,0,,,,Censored No Alarm,0,0,0,0,0,1,0.0025662649422883987,,2018-01-12,,0.312
ZCH0CJ58,0,0,,,,Censored No Alarm,0,0,0,0,0,1,0.001547900727018714,,2018-03-12,,0.312
ZCH0CJ5T,0,0,,,,Censored No Alarm,0,0,0,0,0,1,0.005611100699752569,,2018-01-25,,0.312
ZCH0CJ60,0,0,,,,Censored No Alarm,0,0,0,0,0,1,0.0025144838728010654,,2018-03-12,,0.312
ZCH0CJ6J,0,0,,,,Censored No Alarm,0,0,0,0,0,1,0.003074269276112318,,2018-01-13,,0.312
ZCH0CJ7L,1,1,2019-06-11,2020-03-27,290.0,Early,0,1,0,1,0,0,0.3928506672382355,0.3849566876888275,2018-01-12,515.0,0.312
ZCH0CJ8H,1,0,,2019-05-10,,Missed,0,0,0,0,1,0,0.09681160002946854,,2018-01-13,,0.312
ZCH0CJ8J,0,0,,,,Censored No Alarm,0,0,0,0,0,1,0.002272488549351692,,2018-01-12,,0.312
ZCH0CJ92,0,0,,,,Censored No Alarm,0,0,0,0,0,1,0.0052719032391905785,,2018-01-12,,0.312
ZCH0CJB1,0,0,,,,Censored No Alarm,0,0,0,0,0,1,0.004251404665410519,,2018-01-12,,0.312
ZCH0CJC8,0,0,,,,Censored No Alarm,0,0,0,0,0,1,0.0034734834916889668,,2018-04-27,,0.312
ZCH0CJCG,0,0,,,,Censored No Alarm,0,0,0,0,0,1,0.006136640440672636,,2018-01-12,,0.312
ZCH0CJCT,0,0,,,,Censored No Alarm,0,0,0,0,0,1,0.022197823971509933,,2018-01-13,,0.312
ZCH0CJDG,0,0,,,,Censored No Alarm,0,0,0,0,0,1,0.0020543525461107492,,2018-01-13,,0.312
ZCH0CJE1,0,0,,,,Censored No Alarm,0,0,0,0,0,1,0.0027660063933581114,,2018-01-06,,0.312
ZCH0CJE8,0,0,,,,Censored No Alarm,0,0,0,0,0,1,0.0030830895993858576,,2018-01-13,,0.312
ZCH0CJFD,0,0,,,,Censored No Alarm,0,0,0,0,0,1,0.0019927741959691048,,2018-01-25,,0.312
ZCH0CJFG,0,0,,,,Censored No Alarm,0,0,0,0,0,1,0.009765289723873138,,2018-01-06,,0.312
ZCH0CJGD,0,0,,,,Censored No Alarm,0,0,0,0,0,1,0.0031809532083570957,,2018-01-13,,0.312
ZCH0CJJB,0,0,,,,Censored No Alarm,0,0,0,0,0,1,0.00184255326166749,,2018-01-25,,0.312
ZCH0CJJT,0,0,,,,Censored No Alarm,0,0,0,0,0,1,0.0014955770457163453,,2018-01-13,,0.312
ZCH0CJK2,0,0,,,,Censored No Alarm,0,0,0,0,0,1,0.0016191022004932165,,2018-03-12,,0.312
ZCH0CJNZ,0,0,,,,Censored No Alarm,0,0,0,0,0,1,0.002092835260555148,,2018-01-25,,0.312
ZCH0CJQX,0,0,,,,Censored No Alarm,0,0,0,0,0,1,0.0075231315568089485,,2018-01-06,,0.312
ZCH0CJRC,0,0,,,,Censored No Alarm,0,0,0,0,0,1,0.006058724597096443,,2018-01-12,,0.312
ZCH0CJRN,0,0,,,,Censored No Alarm,0,0,0,0,0,1,0.004159748554229736,,2018-01-06,,0.312
ZCH0CJRP,0,0,,,,Censored No Alarm,0,0,0,0,0,1,0.2771351635456085,,2018-01-06,,0.312
ZCH0CJSM,0,0,,,,Censored No Alarm,0,0,0,0,0,1,0.0027817212976515293,,2018-01-12,,0.312
ZCH0CJT2,1,0,,2019-04-17,,Missed,0,0,0,0,1,0,0.0008390308357775211,,2018-01-13,,0.312
ZCH0CJTR,0,0,,,,Censored No Alarm,0,0,0,0,0,1,0.004730871878564358,,2018-01-13,,0.312
ZCH0CJWR,0,0,,,,Censored No Alarm,0,0,0,0,0,1,0.025017540901899338,,2018-01-12,,0.312
ZCH0CJX7,0,0,,,,Censored No Alarm,0,0,0,0,0,1,0.03963370993733406,,2018-01-13,,0.312
ZCH0CJYX,0,0,,,,Censored No Alarm,0,0,0,0,0,1,0.003830923931673169,,2018-01-06,,0.312
ZCH0CK06,0,0,,,,Censored No Alarm,0,0,0,0,0,1,0.0013611211907118559,,2018-01-13,,0.312
ZCH0CK0B,0,0,,,,Censored No Alarm,0,0,0,0,0,1,0.002856565173715353,,2018-01-13,,0.312
ZCH0CK0J,0,0,,,,Censored No Alarm,0,0,0,0,0,1,0.0037200346123427153,,2018-04-27,,0.312
ZCH0CK0Y,0,0,,,,Censored No Alarm,0,0,0,0,0,1,0.003857220755890012,,2018-01-13,,0.312
ZCH0CK2A,0,0,,,,Censored No Alarm,0,0,0,0,0,1,0.0032704262994229794,,2018-01-12,,0.312
ZCH0CK2D,0,0,,,,Censored No Alarm,0,0,0,0,0,1,0.0012545161880552769,,2018-01-25,,0.312
ZCH0CK2W,0,0,,,,Censored No Alarm,0,0,0,0,0,1,0.004573629703372717,,2018-04-27,,0.312
ZCH0CK37,0,0,,,,Censored No Alarm,0,0,0,0,0,1,0.004815779626369476,,2018-01-06,,0.312
ZCH0CK39,0,0,,,,Censored No Alarm,0,0,0,0,0,1,0.056466564536094666,,2018-01-12,,0.312
ZCH0CK3A,0,0,,,,Censored No Alarm,0,0,0,0,0,1,0.0013116609770804644,,2018-03-12,,0.312
ZCH0CK3Z,0,0,,,,Censored No Alarm,0,0,0,0,0,1,0.006186091341078281,,2018-05-12,,0.312
ZCH0CK49,0,0,,,,Censored No Alarm,0,0,0,0,0,1,0.0029671930242329836,,2018-04-27,,0.312
ZCH0CK4L,1,0,,2019-02-05,,Missed,0,0,0,0,1,0,0.0009691307204775512,,2018-04-27,,0.312
ZCH0CK4N,0,0,,,,Censored No Alarm,0,0,0,0,0,1,0.0015700303483754396,,2018-03-12,,0.312
ZCH0CK5A,0,0,,,,Censored No Alarm,0,0,0,0,0,1,0.0036222583148628473,,2018-01-13,,0.312
ZCH0CK6M,0,0,,,,Censored No Alarm,0,0,0,0,0,1,0.0033638791646808386,,2018-01-13,,0.312
ZCH0CK7N,0,0,,,,Censored No Alarm,0,0,0,0,0,1,0.0038754683919250965,,2018-04-27,,0.312
ZCH0CK7W,0,0,,,,Censored No Alarm,0,0,0,0,0,1,0.002026992617174983,,2018-01-25,,0.312
ZCH0CKA1,0,0,,,,Censored No Alarm,0,0,0,0,0,1,0.0019949879497289658,,2018-02-12,,0.312
ZCH0CKE5,0,0,,,,Censored No Alarm,0,0,0,0,0,1,0.002874493831768632,,2018-04-27,,0.312
ZCH0CKGM,0,0,,,,Censored No Alarm,0,0,0,0,0,1,0.003289738204330206,,2018-01-13,,0.312
ZCH0CKJA,0,0,,,,Censored No Alarm,0,0,0,0,0,1,0.005740378051996231,,2018-01-13,,0.312
ZCH0CKJD,0,0,,,,Censored No Alarm,0,0,0,0,0,1,0.003893031971529126,,2018-04-27,,0.312
ZCH0CKKX,0,0,,,,Censored No Alarm,0,0,0,0,0,1,0.0018414949299767613,,2018-01-13,,0.312
ZCH0CKLN,0,0,,,,Censored No Alarm,0,0,0,0,0,1,0.0037956617306917906,,2018-04-27,,0.312
ZCH0CL7E,1,0,,2018-08-11,,Missed,0,0,0,0,1,0,0.012214510701596737,,2018-01-12,,0.312
ZCH0CL8T,0,0,,,,Censored No Alarm,0,0,0,0,0,1,0.004519916605204344,,2018-01-06,,0.312
ZCH0CL9F,0,0,,,,Censored No Alarm,0,0,0,0,0,1,0.0015088056679815054,,2018-01-13,,0.312
ZCH0CL9K,0,0,,,,Censored No Alarm,0,0,0,0,0,1,0.0032005172688513994,,2018-01-13,,0.312
ZCH0CLA3,0,0,,,,Censored No Alarm,0,0,0,0,0,1,0.003062326228246093,,2018-04-13,,0.312
ZCH0CLLJ,0,0,,,,Censored No Alarm,0,0,0,0,0,1,0.0031116020400077105,,2018-04-13,,0.312
ZCH0CMZ9,0,0,,,,Censored No Alarm,0,0,0,0,0,1,0.0050059217028319836,,2018-02-12,,0.312
ZCH0CNB6,0,0,,,,Censored No Alarm,0,0,0,0,0,1,0.0013760115252807736,,2018-12-08,,0.312
ZCH0CP5E,0,0,,,,Censored No Alarm,0,0,0,0,0,1,0.003544384380802512,,2018-05-12,,0.312
ZCH0CQB4,0,0,,,,Censored No Alarm,0,0,0,0,0,1,0.0022196590434759855,,2018-04-13,,0.312
ZCH0CQBP,0,0,,,,Censored No Alarm,0,0,0,0,0,1,0.004156024660915136,,2018-02-12,,0.312
ZCH0CQCE,0,0,,,,Censored No Alarm,0,0,0,0,0,1,0.0030868351459503174,,2018-02-12,,0.312
ZCH0CQVF,0,0,,,,Censored No Alarm,0,0,0,0,0,1,0.0016298170667141676,,2018-01-25,,0.312
ZCH0CRVV,0,0,,,,Censored No Alarm,0,0,0,0,0,1,0.0021710589062422514,,2018-03-12,,0.312
ZCH0CRX5,0,0,,,,Censored No Alarm,0,0,0,0,0,1,0.0043083010241389275,,2018-04-13,,0.312
ZCH0CRYG,0,0,,,,Censored No Alarm,0,0,0,0,0,1,0.003062147181481123,,2018-02-12,,0.312
ZCH0CSAY,0,0,,,,Censored No Alarm,0,0,0,0,0,1,0.0023677374701946974,,2018-05-16,,0.312
ZCH0CSZR,0,0,,,,Censored No Alarm,0,0,0,0,0,1,0.0029489581938833,,2018-01-25,,0.312
ZCH0CTBY,0,0,,,,Censored No Alarm,0,0,0,0,0,1,0.005259829107671976,,2018-01-06,,0.312
ZCH0CTTL,0,0,,,,Censored No Alarm,0,0,0,0,0,1,0.002145335776731372,,2018-01-25,,0.312
ZCH0CV38,0,0,,,,Censored No Alarm,0,0,0,0,0,1,0.002198871923610568,,2018-01-13,,0.312
ZCH0CV3A,0,0,,,,Censored No Alarm,0,0,0,0,0,1,0.0038915236946195364,,2018-04-27,,0.312
ZCH0CV8X,0,0,,,,Censored No Alarm,0,0,0,0,0,1,0.0018421596614643931,,2018-03-12,,0.312
ZCH0CVNL,0,0,,,,Censored No Alarm,0,0,0,0,0,1,0.0032049547880887985,,2018-04-13,,0.312
ZCH0CVXS,0,0,,,,Censored No Alarm,0,0,0,0,0,1,0.0027062254957854748,,2018-02-12,,0.312
ZCH0CVZN,0,0,,,,Censored No Alarm,0,0,0,0,0,1,0.008126388303935528,,2018-01-12,,0.312
ZCH0CXJ5,0,0,,,,Censored No Alarm,0,0,0,0,0,1,0.0031738909892737865,,2018-01-06,,0.312
ZCH0CXKS,0,0,,,,Censored No Alarm,0,0,0,0,0,1,0.0018264306709170341,,2018-03-12,,0.312
ZCH0CXQE,1,0,,2021-08-26,,Missed,0,0,0,0,1,0,0.24467214941978455,,2018-01-25,,0.312
ZCH0CXR7,0,0,,,,Censored No Alarm,0,0,0,0,0,1,0.004973516799509525,,2018-01-13,,0.312
ZCH0CY1N,0,0,,,,Censored No Alarm,0,0,0,0,0,1,0.0026076596695929766,,2018-01-13,,0.312
ZCH0CY4E,0,0,,,,Censored No Alarm,0,0,0,0,0,1,0.0043120174668729305,,2018-01-06,,0.312
ZCH0CY6Y,0,0,,,,Censored No Alarm,0,0,0,0,0,1,0.0032108938321471214,,2018-01-25,,0.312
ZCH0CY72,0,0,,,,Censored No Alarm,0,0,0,0,0,1,0.010988662950694561,,2018-01-25,,0.312
ZCH0CYJ6,0,1,2019-03-20,,,Censored Early,0,0,1,1,0,0,0.3819447159767151,0.3819447159767151,2018-05-12,312.0,0.312
ZCH0CYXM,1,0,,2019-07-03,,Missed,0,0,0,0,1,0,0.06247306987643242,,2018-01-13,,0.312
ZCH0CZ0Y,0,0,,,,Censored No Alarm,0,0,0,0,0,1,0.006479487754404545,,2018-04-27,,0.312
ZCH0CZ10,0,0,,,,Censored No Alarm,0,0,0,0,0,1,0.0014864362310618162,,2018-01-13,,0.312
ZCH0CZ1D,0,0,,,,Censored No Alarm,0,0,0,0,0,1,0.0022724929731339216,,2018-01-13,,0.312
ZCH0CZ3F,0,0,,,,Censored No Alarm,0,0,0,0,0,1,0.00425211526453495,,2018-01-06,,0.312
ZCH0CZ4H,0,0,,,,Censored No Alarm,0,0,0,0,0,1,0.002398952841758728,,2018-03-12,,0.312
ZCH0CZ5R,0,0,,,,Censored No Alarm,0,0,0,0,0,1,0.0033107809722423553,,2018-04-27,,0.312
ZCH0CZ86,0,0,,,,Censored No Alarm,0,0,0,0,0,1,0.0051238457672297955,,2018-04-27,,0.312
ZCH0CZ8V,0,0,,,,Censored No Alarm,0,0,0,0,0,1,0.014734233729541302,,2018-01-06,,0.312
ZCH0CZAM,0,0,,,,Censored No Alarm,0,0,0,0,0,1,0.0028211059980094433,,2018-04-13,,0.312
ZCH0CZBH,1,0,,2019-05-21,,Missed,0,0,0,0,1,0,0.29430168867111206,,2018-01-13,,0.312
ZCH0CZCV,0,0,,,,Censored No Alarm,0,0,0,0,0,1,0.25314652919769287,,2018-04-27,,0.312
ZCH0CZDT,0,0,,,,Censored No Alarm,0,0,0,0,0,1,0.003202407155185938,,2018-01-13,,0.312
ZCH0CZLQ,0,0,,,,Censored No Alarm,0,0,0,0,0,1,0.0034639649093151093,,2018-01-12,,0.312
ZCH0CZP4,0,0,,,,Censored No Alarm,0,0,0,0,0,1,0.0015236041508615017,,2018-03-12,,0.312
ZCH0CZQ8,0,0,,,,Censored No Alarm,0,0,0,0,0,1,0.0036680572666227818,,2018-01-25,,0.312
ZCH0CZTJ,0,0,,,,Censored No Alarm,0,0,0,0,0,1,0.006010967306792736,,2018-01-25,,0.312
ZCH0CZTP,0,0,,,,Censored No Alarm,0,0,0,0,0,1,0.004122069105505943,,2018-04-27,,0.312
ZCH0CZTQ,1,0,,2019-05-08,,Missed,0,0,0,0,1,0,0.0020402048248797655,,2018-04-27,,0.312
ZCH0CZVY,0,0,,,,Censored No Alarm,0,0,0,0,0,1,0.004681875929236412,,2018-04-27,,0.312
ZCH0CZW1,0,0,,,,Censored No Alarm,0,0,0,0,0,1,0.003754805540665984,,2018-01-06,,0.312
ZCH0CZX2,0,0,,,,Censored No Alarm,0,0,0,0,0,1,0.007801702246069908,,2018-01-12,,0.312
ZCH0D00G,0,0,,,,Censored No Alarm,0,0,0,0,0,1,0.010002421215176582,,2018-01-06,,0.312
ZCH0D0LK,0,0,,,,Censored No Alarm,0,0,0,0,0,1,0.004677851218730211,,2018-01-13,,0.312
ZCH0D0XE,0,0,,,,Censored No Alarm,0,0,0,0,0,1,0.0019464419456198812,,2018-01-13,,0.312
ZCH0D117,0,0,,,,Censored No Alarm,0,0,0,0,0,1,0.006051212549209595,,2018-01-06,,0.312
ZCH0D11T,0,0,,,,Censored No Alarm,0,0,0,0,0,1,0.003787508001551032,,2018-01-06,,0.312
ZCH0D140,0,0,,,,Censored No Alarm,0,0,0,0,0,1,0.002980566583573818,,2018-01-25,,0.312
ZCH0D14B,0,0,,,,Censored No Alarm,0,0,0,0,0,1,0.0019008014351129532,,2018-01-12,,0.312
ZCH0D19A,0,0,,,,Censored No Alarm,0,0,0,0,0,1,0.001958627952262759,,2018-03-12,,0.312
ZCH0D1AL,0,0,,,,Censored No Alarm,0,0,0,0,0,1,0.006684322841465473,,2018-01-06,,0.312
ZCH0D1AW,0,0,,,,Censored No Alarm,0,0,0,0,0,1,0.05890345573425293,,2018-01-25,,0.312
ZCH0D1C2,0,0,,,,Censored No Alarm,0,0,0,0,0,1,0.003768366063013673,,2018-01-13,,0.312
ZCH0D1DN,0,0,,,,Censored No Alarm,0,0,0,0,0,1,0.0014464104315266013,,2018-03-12,,0.312
ZCH0D1F8,0,0,,,,Censored No Alarm,0,0,0,0,0,1,0.0027798290830105543,,2018-01-25,,0.312
ZCH0D1F9,1,0,,2019-11-17,,Missed,0,0,0,0,1,0,0.0017648999346420169,,2018-03-12,,0.312
ZCH0D1H8,0,0,,,,Censored No Alarm,0,0,0,0,0,1,0.06722245365381241,,2018-01-06,,0.312
ZCH0D1HC,1,1,2019-08-19,2019-09-20,32.0,Early,0,1,0,1,0,0,0.4084531366825104,0.33651071786880493,2018-01-13,583.0,0.312
ZCH0D1L0,0,0,,,,Censored No Alarm,0,0,0,0,0,1,0.0013150395825505257,,2018-03-12,,0.312
ZCH0D1LG,0,0,,,,Censored No Alarm,0,0,0,0,0,1,0.029512278735637665,,2018-01-25,,0.312
ZCH0D1NX,0,0,,,,Censored No Alarm,0,0,0,0,0,1,0.0026134017389267683,,2018-01-13,,0.312
ZCH0D1PC,1,0,,2019-02-09,,Missed,0,0,0,0,1,0,0.20476900041103363,,2018-01-13,,0.312
ZCH0D1TC,0,0,,,,Censored No Alarm,0,0,0,0,0,1,0.002232854487374425,,2018-03-12,,0.312
ZCH0D1VF,0,0,,,,Censored No Alarm,0,0,0,0,0,1,0.0031226049177348614,,2018-04-27,,0.312
ZCH0D1WT,0,0,,,,Censored No Alarm,0,0,0,0,0,1,0.003637406975030899,,2018-04-27,,0.312
ZCH0D1WX,0,0,,,,Censored No Alarm,0,0,0,0,0,1,0.0027989139780402184,,2018-01-25,,0.312
ZCH0D1XS,0,0,,,,Censored No Alarm,0,0,0,0,0,1,0.004138599149882793,,2018-01-12,,0.312
ZCH0D1YQ,0,0,,,,Censored No Alarm,0,0,0,0,0,1,0.0017065939027816057,,2018-01-13,,0.312
ZCH0D1YW,0,0,,,,Censored No Alarm,0,0,0,0,0,1,0.0051777176558971405,,2018-01-12,,0.312
ZCH0D1Z1,0,0,,,,Censored No Alarm,0,0,0,0,0,1,0.004035355057567358,,2018-01-12,,0.312
ZCH0D1ZW,0,0,,,,Censored No Alarm,0,0,0,0,0,1,0.0011546731693670154,,2018-03-12,,0.312
ZCH0D207,0,0,,,,Censored No Alarm,0,0,0,0,0,1,0.0030981311574578285,,2018-01-25,,0.312
ZCH0D217,0,0,,,,Censored No Alarm,0,0,0,0,0,1,0.022243741899728775,,2018-04-27,,0.312
ZCH0D221,0,0,,,,Censored No Alarm,0,0,0,0,0,1,0.002335227094590664,,2018-01-13,,0.312
ZCH0D223,0,0,,,,Censored No Alarm,0,0,0,0,0,1,0.0024321561213582754,,2018-01-25,,0.312
ZCH0D22B,0,0,,,,Censored No Alarm,0,0,0,0,0,1,0.0027830402832478285,,2018-01-13,,0.312
ZCH0D26A,0,0,,,,Censored No Alarm,0,0,0,0,0,1,0.11223246157169342,,2018-01-13,,0.312
ZCH0D27X,0,0,,,,Censored No Alarm,0,0,0,0,0,1,0.005199093371629715,,2018-01-06,,0.312
ZCH0D28V,0,0,,,,Censored No Alarm,0,0,0,0,0,1,0.004908393137156963,,2018-01-12,,0.312
ZCH0D299,0,0,,,,Censored No Alarm,0,0,0,0,0,1,0.0027102292515337467,,2018-05-12,,0.312
ZCH0D29G,0,0,,,,Censored No Alarm,0,0,0,0,0,1,0.00444652559235692,,2018-01-06,,0.312
ZCH0D29M,0,0,,,,Censored No Alarm,0,0,0,0,0,1,0.004003039561212063,,2018-01-06,,0.312
ZCH0D2B6,0,0,,,,Censored No Alarm,0,0,0,0,0,1,0.003884312231093645,,2018-01-06,,0.312
ZCH0D2CF,0,0,,,,Censored No Alarm,0,0,0,0,0,1,0.004881586879491806,,2018-04-27,,0.312
ZCH0D2D7,0,0,,,,Censored No Alarm,0,0,0,0,0,1,0.002483680844306946,,2018-01-25,,0.312
ZCH0D2D9,0,0,,,,Censored No Alarm,0,0,0,0,0,1,0.001605170895345509,,2018-03-12,,0.312
ZCH0D2EA,0,0,,,,Censored No Alarm,0,0,0,0,0,1,0.03450560197234154,,2018-01-13,,0.312
ZCH0D2H2,0,0,,,,Censored No Alarm,0,0,0,0,0,1,0.0034596684854477644,,2018-04-27,,0.312
ZCH0D2H7,0,0,,,,Censored No Alarm,0,0,0,0,0,1,0.0010956634068861604,,2018-04-27,,0.312
ZCH0D2HF,0,0,,,,Censored No Alarm,0,0,0,0,0,1,0.0021591440308839083,,2018-01-25,,0.312
ZCH0D2HM,0,0,,,,Censored No Alarm,0,0,0,0,0,1,0.001250617322511971,,2018-01-13,,0.312
ZCH0D2HZ,0,0,,,,Censored No Alarm,0,0,0,0,0,1,0.02811911329627037,,2018-03-12,,0.312
ZCH0D2KE,0,0,,,,Censored No Alarm,0,0,0,0,0,1,0.014783206395804882,,2018-01-06,,0.312
ZCH0D2L8,0,0,,,,Censored No Alarm,0,0,0,0,0,1,0.007485418580472469,,2018-01-13,,0.312
ZCH0D2M5,0,1,2020-09-01,,,Censored Early,0,0,1,1,0,0,0.3467273712158203,0.3467273712158203,2018-01-13,962.0,0.312
ZCH0D2M9,0,0,,,,Censored No Alarm,0,0,0,0,0,1,0.003165855770930648,,2018-01-25,,0.312
ZCH0D2MR,0,0,,,,Censored No Alarm,0,0,0,0,0,1,0.002962624654173851,,2018-01-25,,0.312
ZCH0D2MT,0,0,,,,Censored No Alarm,0,0,0,0,0,1,0.0012180082267150283,,2018-03-12,,0.312
ZCH0D2NW,0,0,,,,Censored No Alarm,0,0,0,0,0,1,0.005013254005461931,,2018-01-12,,0.312
ZCH0D2PX,0,0,,,,Censored No Alarm,0,0,0,0,0,1,0.0031706311274319887,,2018-01-06,,0.312
ZCH0D2SS,0,0,,,,Censored No Alarm,0,0,0,0,0,1,0.004029230680316687,,2018-01-13,,0.312
ZCH0D2T8,1,0,,2018-08-04,,Missed,0,0,0,0,1,0,0.28649792075157166,,2018-01-06,,0.312
ZCH0D2TM,0,0,,,,Censored No Alarm,0,0,0,0,0,1,0.004406938329339027,,2018-01-25,,0.312
ZCH0D2V1,0,0,,,,Censored No Alarm,0,0,0,0,0,1,0.0021250732243061066,,2018-01-25,,0.312
ZCH0D2WK,0,0,,,,Censored No Alarm,0,0,0,0,0,1,0.003744385438039899,,2018-04-27,,0.312
ZCH0D2XA,0,0,,,,Censored No Alarm,0,0,0,0,0,1,0.0020297523587942123,,2018-01-13,,0.312
ZCH0D2Y1,0,0,,,,Censored No Alarm,0,0,0,0,0,1,0.015600589103996754,,2018-04-27,,0.312
ZCH0D2Y3,0,0,,,,Censored No Alarm,0,0,0,0,0,1,0.004766575992107391,,2018-04-27,,0.312
ZCH0D2YL,0,0,,,,Censored No Alarm,0,0,0,0,0,1,0.0031589935533702374,,2018-04-27,,0.312
ZCH0D2ZB,0,0,,,,Censored No Alarm,0,0,0,0,0,1,0.0037643909454345703,,2018-01-06,,0.312
ZCH0D302,0,0,,,,Censored No Alarm,0,0,0,0,0,1,0.008303605020046234,,2018-01-13,,0.312
ZCH0D37K,0,0,,,,Censored No Alarm,0,0,0,0,0,1,0.0018634116277098656,,2018-01-13,,0.312
ZCH0D37Q,0,0,,,,Censored No Alarm,0,0,0,0,0,1,0.0016514449380338192,,2018-03-12,,0.312
ZCH0D38C,0,0,,,,Censored No Alarm,0,0,0,0,0,1,0.0022578805219382048,,2018-01-13,,0.312
ZCH0D38R,0,0,,,,Censored No Alarm,0,0,0,0,0,1,0.0033839710522443056,,2018-04-27,,0.312
ZCH0D38Y,0,0,,,,Censored No Alarm,0,0,0,0,0,1,0.0036445825826376677,,2018-01-13,,0.312
ZCH0D39F,0,0,,,,Censored No Alarm,0,0,0,0,0,1,0.005279099568724632,,2018-01-13,,0.312
ZCH0D39J,0,0,,,,Censored No Alarm,0,0,0,0,0,1,0.005864751525223255,,2018-04-27,,0.312
ZCH0D3A3,1,0,,2019-04-20,,Missed,0,0,0,0,1,0,0.0031271043699234724,,2018-01-13,,0.312
ZCH0D3AG,0,0,,,,Censored No Alarm,0,0,0,0,0,1,0.004261517431586981,,2018-01-06,,0.312
ZCH0D3CN,0,0,,,,Censored No Alarm,0,0,0,0,0,1,0.003534293733537197,,2018-01-13,,0.312
ZCH0D3ET,0,0,,,,Censored No Alarm,0,0,0,0,0,1,0.0014750760747119784,,2018-03-12,,0.312
ZCH0D3FE,0,0,,,,Censored No Alarm,0,0,0,0,0,1,0.017802521586418152,,2018-02-12,,0.312
ZCH0D3FH,0,0,,,,Censored No Alarm,0,0,0,0,0,1,0.0019248484168201685,,2018-01-13,,0.312
ZCH0D3FT,0,0,,,,Censored No Alarm,0,0,0,0,0,1,0.003577969502657652,,2018-04-27,,0.312
ZCH0D3GE,0,0,,,,Censored No Alarm,0,0,0,0,0,1,0.004192662891000509,,2018-01-12,,0.312
ZCH0D3JY,0,0,,,,Censored No Alarm,0,0,0,0,0,1,0.004365997854620218,,2018-01-13,,0.312
ZCH0D3K0,0,0,,,,Censored No Alarm,0,0,0,0,0,1,0.003778938902541995,,2018-01-06,,0.312
ZCH0D3KB,0,0,,,,Censored No Alarm,0,0,0,0,0,1,0.004108496941626072,,2018-01-12,,0.312
ZCH0D3NG,0,0,,,,Censored No Alarm,0,0,0,0,0,1,0.001636428409256041,,2018-01-13,,0.312
ZCH0D3TV,0,0,,,,Censored No Alarm,0,0,0,0,0,1,0.0031349905766546726,,2018-01-13,,0.312
ZCH0D3VY,0,0,,,,Censored No Alarm,0,0,0,0,0,1,0.0016916588647291064,,2018-01-25,,0.312
ZCH0D3YM,0,0,,,,Censored No Alarm,0,0,0,0,0,1,0.0051564667373895645,,2018-01-13,,0.312
ZCH0D3ZJ,0,0,,,,Censored No Alarm,0,0,0,0,0,1,0.006442239508032799,,2018-01-13,,0.312
ZCH0D42H,0,0,,,,Censored No Alarm,0,0,0,0,0,1,0.0016000508330762386,,2018-01-13,,0.312
ZCH0D4XP,0,0,,,,Censored No Alarm,0,0,0,0,0,1,0.00430100504308939,,2018-02-12,,0.312
ZCH0D54K,0,0,,,,Censored No Alarm,0,0,0,0,0,1,0.0014552812790498137,,2018-02-12,,0.312
ZCH0D562,0,0,,,,Censored No Alarm,0,0,0,0,0,1,0.001926341443322599,,2018-02-12,,0.312
ZCH0D5BJ,0,0,,,,Censored No Alarm,0,0,0,0,0,1,0.003712679725140333,,2018-02-12,,0.312
ZCH0D5CZ,0,0,,,,Censored No Alarm,0,0,0,0,0,1,0.01907484047114849,,2019-01-05,,0.312
ZCH0D5E2,0,0,,,,Censored No Alarm,0,0,0,0,0,1,0.0014963953290134668,,2018-04-13,,0.312
ZCH0D5HL,0,0,,,,Censored No Alarm,0,0,0,0,0,1,0.002540604444220662,,2018-02-12,,0.312
ZCH0D5M1,0,0,,,,Censored No Alarm,0,0,0,0,0,1,0.0032517879735678434,,2018-02-12,,0.312
ZCH0D6VH,0,0,,,,Censored No Alarm,0,0,0,0,0,1,0.003265322418883443,,2018-02-12,,0.312
ZCH0D753,0,0,,,,Censored No Alarm,0,0,0,0,0,1,0.0017084203427657485,,2018-02-12,,0.312
ZCH0D7L2,0,0,,,,Censored No Alarm,0,0,0,0,0,1,0.0014726584777235985,,2018-12-08,,0.312
ZCH0D977,0,0,,,,Censored No Alarm,0,0,0,0,0,1,0.0032929920125752687,,2018-05-12,,0.312
ZCH0D9ZQ,0,0,,,,Censored No Alarm,0,0,0,0,0,1,0.0027264500968158245,,2018-02-12,,0.312
ZCH0DA0Q,1,0,,2020-02-24,,Missed,0,0,0,0,1,0,0.18924203515052795,,2018-04-13,,0.312
ZCH0DFDK,0,0,,,,Censored No Alarm,0,0,0,0,0,1,0.055143725126981735,,2018-05-16,,0.312
ZCH0DFVS,0,0,,,,Censored No Alarm,0,0,0,0,0,1,0.0015544898342341185,,2018-02-12,,0.312
ZCH0DG3H,1,1,2019-07-25,2019-07-26,1.0,On time,1,0,0,0,0,0,0.42270326614379883,0.38652434945106506,2018-02-12,528.0,0.312
ZCH0DGBR,0,0,,,,Censored No Alarm,0,0,0,0,0,1,0.002081105252727866,,2018-02-12,,0.312
ZCH0DGE2,0,0,,,,Censored No Alarm,0,0,0,0,0,1,0.002881575608626008,,2018-02-12,,0.312
ZCH0DGJN,0,0,,,,Censored No Alarm,0,0,0,0,0,1,0.004679743200540543,,2018-02-12,,0.312
ZCH0DGK3,0,0,,,,Censored No Alarm,0,0,0,0,0,1,0.001798237208276987,,2018-02-12,,0.312
ZCH0DGP7,0,0,,,,Censored No Alarm,0,0,0,0,0,1,0.003425068221986294,,2018-02-12,,0.312
ZCH0DGS0,0,0,,,,Censored No Alarm,0,0,0,0,0,1,0.005641986150294542,,2018-05-12,,0.312
ZCH0DGVG,0,0,,,,Censored No Alarm,0,0,0,0,0,1,0.0023032452445477247,,2018-02-12,,0.312
ZCH0DHRF,0,0,,,,Censored No Alarm,0,0,0,0,0,1,0.0012041802983731031,,2018-10-29,,0.312
ZCH0DKVR,0,0,,,,Censored No Alarm,0,0,0,0,0,1,0.003149632830172777,,2018-04-13,,0.312
ZCH0DL98,0,0,,,,Censored No Alarm,0,0,0,0,0,1,0.0018306325655430555,,2018-05-16,,0.312
ZCH0DMS1,0,0,,,,Censored No Alarm,0,0,0,0,0,1,0.0027641919441521168,,2018-05-12,,0.312
ZCH0DMVZ,0,0,,,,Censored No Alarm,0,0,0,0,0,1,0.00625405739992857,,2018-05-12,,0.312
ZCH0DMZF,0,0,,,,Censored No Alarm,0,0,0,0,0,1,0.000936182914301753,,2018-08-29,,0.312
ZCH0DN6F,0,1,2019-07-23,,,Censored Early,0,0,1,1,0,0,0.3282148241996765,0.31687313318252563,2018-05-12,437.0,0.312
ZCH0DN8C,1,0,,2021-02-27,,Missed,0,0,0,0,1,0,0.001986082410439849,,2018-04-13,,0.312
ZCH0DQ8V,0,0,,,,Censored No Alarm,0,0,0,0,0,1,0.0021511968225240707,,2018-04-13,,0.312
ZCH0DR63,0,0,,,,Censored No Alarm,0,0,0,0,0,1,0.001956508494913578,,2019-05-14,,0.312
ZCH0DSFW,0,0,,,,Censored No Alarm,0,0,0,0,0,1,0.002226561540737748,,2018-02-12,,0.312
ZCH0DSMZ,0,0,,,,Censored No Alarm,0,0,0,0,0,1,0.0027935358230024576,,2018-02-12,,0.312
ZCH0DTB1,0,0,,,,Censored No Alarm,0,0,0,0,0,1,0.0028266676235944033,,2018-02-12,,0.312
ZCH0DTCF,0,0,,,,Censored No Alarm,0,0,0,0,0,1,0.19228683412075043,,2018-02-12,,0.312
ZCH0DTRX,0,0,,,,Censored No Alarm,0,0,0,0,0,1,0.0027705018874257803,,2018-04-13,,0.312
ZCH0DTZ7,0,0,,,,Censored No Alarm,0,0,0,0,0,1,0.002320319414138794,,2018-02-12,,0.312
ZCH0DV02,0,0,,,,Censored No Alarm,0,0,0,0,0,1,0.0024758419021964073,,2018-02-12,,0.312
ZCH0DV37,0,0,,,,Censored No Alarm,0,0,0,0,0,1,0.2936983108520508,,2018-05-12,,0.312
ZCH0DV7R,0,0,,,,Censored No Alarm,0,0,0,0,0,1,0.002471141517162323,,2018-02-12,,0.312
ZCH0DVG2,0,0,,,,Censored No Alarm,0,0,0,0,0,1,0.002807050943374634,,2018-02-12,,0.312
ZCH0DVL4,0,0,,,,Censored No Alarm,0,0,0,0,0,1,0.0019337869016453624,,2018-02-12,,0.312
ZCH0DVTD,0,0,,,,Censored No Alarm,0,0,0,0,0,1,0.00243120058439672,,2018-02-12,,0.312
ZCH0DW3P,0,0,,,,Censored No Alarm,0,0,0,0,0,1,0.019953535869717598,,2018-02-12,,0.312
ZCH0DW6T,0,0,,,,Censored No Alarm,0,0,0,0,0,1,0.002412884496152401,,2018-02-12,,0.312
ZCH0DWN6,0,0,,,,Censored No Alarm,0,0,0,0,0,1,0.002118573524057865,,2019-09-06,,0.312
ZCH0DWNH,0,1,2020-01-19,,,Censored Early,0,0,1,1,0,0,0.4115963280200958,0.34869712591171265,2018-12-05,410.0,0.312
ZCH0DWQ5,0,0,,,,Censored No Alarm,0,0,0,0,0,1,0.040151920169591904,,2018-04-13,,0.312
ZCH0DXHW,0,0,,,,Censored No Alarm,0,0,0,0,0,1,0.002025014255195856,,2019-01-10,,0.312
ZCH0DXTG,0,0,,,,Censored No Alarm,0,0,0,0,0,1,0.21830998361110687,,2018-08-29,,0.312
ZCH0DY2X,1,0,,2019-03-08,,Missed,0,0,0,0,1,0,0.09097350388765335,,2018-08-29,,0.312
ZCH0DY84,0,0,,,,Censored No Alarm,0,0,0,0,0,1,0.002496434608474374,,2018-05-16,,0.312
ZCH0DY9D,0,0,,,,Censored No Alarm,0,0,0,0,0,1,0.003116682404652238,,2018-05-16,,0.312
ZCH0DYZC,0,0,,,,Censored No Alarm,0,0,0,0,0,1,0.002728602848947048,,2018-05-12,,0.312
ZCH0DZ03,0,0,,,,Censored No Alarm,0,0,0,0,0,1,0.004617691971361637,,2018-05-12,,0.312
ZCH0E0XE,0,0,,,,Censored No Alarm,0,0,0,0,0,1,0.0022509945556521416,,2019-10-29,,0.312
ZCH0E4V0,0,0,,,,Censored No Alarm,0,0,0,0,0,1,0.0015423621516674757,,2018-05-16,,0.312
ZCH0E4W2,0,0,,,,Censored No Alarm,0,0,0,0,0,1,0.0028196682687848806,,2018-05-16,,0.312
ZCH0E63H,0,0,,,,Censored No Alarm,0,0,0,0,0,1,0.0027435082010924816,,2018-04-13,,0.312
ZCH0E7WL,1,1,2019-04-18,2019-05-10,22.0,On time,1,0,0,0,0,0,0.4177814722061157,0.4048517048358917,2018-04-13,370.0,0.312
ZCH0E8EB,0,0,,,,Censored No Alarm,0,0,0,0,0,1,0.003762951586395502,,2018-05-16,,0.312
ZCH0E8LW,0,0,,,,Censored No Alarm,0,0,0,0,0,1,0.0034274812787771225,,2018-04-13,,0.312
ZCH0E8M4,0,0,,,,Censored No Alarm,0,0,0,0,0,1,0.002223984571173787,,2019-04-26,,0.312
ZCH0E8QF,0,0,,,,Censored No Alarm,0,0,0,0,0,1,0.00192604074254632,,2018-05-16,,0.312
ZCH0E909,0,0,,,,Censored No Alarm,0,0,0,0,0,1,0.003256801050156355,,2018-05-12,,0.312
ZCH0E98F,0,0,,,,Censored No Alarm,0,0,0,0,0,1,0.0021960721351206303,,2018-05-16,,0.312
ZCH0E9AA,0,0,,,,Censored No Alarm,0,0,0,0,0,1,0.0035316715948283672,,2018-05-12,,0.312
ZCH0E9FM,1,1,2019-11-07,2019-12-15,38.0,Early,0,1,0,1,0,0,0.3129194974899292,0.3129194974899292,2018-08-29,435.0,0.312
ZCH0E9TC,0,0,,,,Censored No Alarm,0,0,0,0,0,1,0.0034115498419851065,,2018-05-12,,0.312
ZCH0EA5F,0,0,,,,Censored No Alarm,0,0,0,0,0,1,0.002278316766023636,,2018-05-16,,0.312
ZCH0EA7N,0,0,,,,Censored No Alarm,0,0,0,0,0,1,0.0021874115336686373,,2018-05-16,,0.312
ZCH0EA8C,0,0,,,,Censored No Alarm,0,0,0,0,0,1,0.0011180482106283307,,2018-10-29,,0.312
ZCH0EAA8,0,0,,,,Censored No Alarm,0,0,0,0,0,1,0.001971145160496235,,2018-05-16,,0.312
ZCH0EABX,0,0,,,,Censored No Alarm,0,0,0,0,0,1,0.002765791956335306,,2018-04-13,,0.312
ZCH0EAK9,0,0,,,,Censored No Alarm,0,0,0,0,0,1,0.002774467458948493,,2018-04-13,,0.312
ZCH0EAY1,0,0,,,,Censored No Alarm,0,0,0,0,0,1,0.0008774474263191223,,2018-12-05,,0.312
ZCH0EBX1,1,0,,2019-12-01,,Missed,0,0,0,0,1,0,0.19186842441558838,,2018-10-29,,0.312
ZCH0EC2L,0,0,,,,Censored No Alarm,0,0,0,0,0,1,0.0049924468621611595,,2018-05-12,,0.312
ZCH0ECBK,0,0,,,,Censored No Alarm,0,0,0,0,0,1,0.00280960276722908,,2018-04-13,,0.312
ZCH0EDCH,0,0,,,,Censored No Alarm,0,0,0,0,0,1,0.0037484930362552404,,2018-05-12,,0.312
ZCH0EDVJ,0,1,2019-07-21,,,Censored Early,0,0,1,1,0,0,0.43310773372650146,0.3580642342567444,2018-05-12,435.0,0.312
ZCH0EDYW,0,0,,,,Censored No Alarm,0,0,0,0,0,1,0.0032057820353657007,,2018-05-12,,0.312
ZCH0EE22,0,0,,,,Censored No Alarm,0,0,0,0,0,1,0.0010373835684731603,,2018-04-13,,0.312
ZCH0EEAJ,0,0,,,,Censored No Alarm,0,0,0,0,0,1,0.005077911540865898,,2018-05-12,,0.312
ZCH0EEPN,0,0,,,,Censored No Alarm,0,0,0,0,0,1,0.003262285143136978,,2018-05-12,,0.312
ZCH0EEWR,0,0,,,,Censored No Alarm,0,0,0,0,0,1,0.0033711306750774384,,2018-04-13,,0.312
ZCH0EF05,0,0,,,,Censored No Alarm,0,0,0,0,0,1,0.0035759382881224155,,2018-05-12,,0.312
ZCH0EF3V,0,0,,,,Censored No Alarm,0,0,0,0,0,1,0.0029513861518353224,,2018-05-16,,0.312
ZCH0EKCR,0,0,,,,Censored No Alarm,0,0,0,0,0,1,0.0014198756543919444,,2018-08-29,,0.312
ZCH0EV9B,0,0,,,,Censored No Alarm,0,0,0,0,0,1,0.0015704854158684611,,2019-07-20,,0.312
ZCH0F5Z4,0,0,,,,Censored No Alarm,0,0,0,0,0,1,0.0030496916733682156,,2018-07-21,,0.312
ZCH0FC96,0,0,,,,Censored No Alarm,0,0,0,0,0,1,0.006725893821567297,,2018-05-12,,0.312
ZCH0FGN3,0,0,,,,Censored No Alarm,0,0,0,0,0,1,0.001986067509278655,,2018-04-13,,0.312
ZCH0FKZ0,0,0,,,,Censored No Alarm,0,0,0,0,0,1,0.002579928608611226,,2018-05-16,,0.312
ZCH0FM5Y,0,0,,,,Censored No Alarm,0,0,0,0,0,1,0.0014301157789304852,,2018-08-29,,0.312
ZCH0FQZB,1,0,,2018-05-15,,Missed,0,0,0,0,1,0,0.0011738904286175966,,2018-04-13,,0.312
ZCH0FRBA,0,0,,,,Censored No Alarm,0,0,0,0,0,1,0.002693326212465763,,2018-07-12,,0.312
ZCH0FW5Z,0,0,,,,Censored No Alarm,0,0,0,0,0,1,0.008036976680159569,,2018-12-08,,0.312
ZCH0G0HB,0,0,,,,Censored No Alarm,0,0,0,0,0,1,0.004864636808633804,,2018-05-12,,0.312
ZCH0G0RS,0,0,,,,Censored No Alarm,0,0,0,0,0,1,0.0018161945044994354,,2018-05-16,,0.312
ZCH0G1S5,0,0,,,,Censored No Alarm,0,0,0,0,0,1,0.003985488787293434,,2018-05-12,,0.312
ZCH0G2VB,1,1,2019-11-23,2019-12-26,33.0,Early,0,1,0,1,0,0,0.31262442469596863,0.31262442469596863,2018-04-13,589.0,0.312
ZCH0G3CE,0,1,2020-11-17,,,Censored Early,0,0,1,1,0,0,0.48475411534309387,0.3943590223789215,2018-05-12,920.0,0.312
ZCH0GB0R,0,0,,,,Censored No Alarm,0,0,0,0,0,1,0.0024001821875572205,,2018-04-13,,0.312
ZCH0GR5F,0,0,,,,Censored No Alarm,0,0,0,0,0,1,0.003589825937524438,,2018-04-13,,0.312
ZCH0GY7K,0,0,,,,Censored No Alarm,0,0,0,0,0,1,0.001931463717482984,,2018-07-21,,0.312
ZCH0H1C7,0,0,,,,Censored No Alarm,0,0,0,0,0,1,0.0016173628391698003,,2018-08-29,,0.312
ZCH0H1K9,0,0,,,,Censored No Alarm,0,0,0,0,0,1,0.0005216422723606229,,2018-07-28,,0.312
ZCH0H2GX,0,0,,,,Censored No Alarm,0,0,0,0,0,1,0.0012200901983305812,,2019-01-09,,0.312
ZJV000JH,0,0,,,,Censored No Alarm,0,0,0,0,0,1,0.0028736290987581015,,2018-01-12,,0.312
ZJV000NQ,1,0,,2019-12-15,,Missed,0,0,0,0,1,0,0.22050634026527405,,2018-01-06,,0.312
ZJV000YK,0,0,,,,Censored No Alarm,0,0,0,0,0,1,0.00214495905674994,,2018-01-25,,0.312
ZJV000YN,0,0,,,,Censored No Alarm,0,0,0,0,0,1,0.0032309426460415125,,2018-01-06,,0.312
ZJV00107,0,0,,,,Censored No Alarm,0,0,0,0,0,1,0.1565559208393097,,2018-01-25,,0.312
ZJV0016D,0,0,,,,Censored No Alarm,0,0,0,0,0,1,0.003721952671185136,,2018-01-12,,0.312
ZJV001H5,0,0,,,,Censored No Alarm,0,0,0,0,0,1,0.0021458237897604704,,2018-01-06,,0.312
ZJV004T6,1,0,,2019-12-20,,Missed,0,0,0,0,1,0,0.05656840652227402,,2018-01-13,,0.312
ZJV004YL,0,0,,,,Censored No Alarm,0,0,0,0,0,1,0.007198339328169823,,2018-01-06,,0.312
ZJV004ZB,0,0,,,,Censored No Alarm,0,0,0,0,0,1,0.0041418904438614845,,2018-01-06,,0.312
ZJV005F4,0,0,,,,Censored No Alarm,0,0,0,0,0,1,0.0018421602435410023,,2018-01-25,,0.312
ZJV005FC,0,0,,,,Censored No Alarm,0,0,0,0,0,1,0.10740140080451965,,2018-01-13,,0.312
ZJV005HL,0,0,,,,Censored No Alarm,0,0,0,0,0,1,0.2773282527923584,,2018-01-06,,0.312
ZJV005J2,1,0,,2021-01-21,,Missed,0,0,0,0,1,0,0.23000086843967438,,2018-03-12,,0.312
ZJV00681,0,0,,,,Censored No Alarm,0,0,0,0,0,1,0.008427306078374386,,2018-01-06,,0.312
ZJV006CZ,0,1,2019-09-26,,,Censored Early,0,0,1,1,0,0,0.4060286283493042,0.3559485971927643,2019-01-24,245.0,0.312
ZJV006EN,0,0,,,,Censored No Alarm,0,0,0,0,0,1,0.00487913703545928,,2018-04-27,,0.312
ZJV006L2,0,0,,,,Censored No Alarm,0,0,0,0,0,1,0.0015096018323674798,,2018-03-12,,0.312
ZJV007QD,0,0,,,,Censored No Alarm,0,0,0,0,0,1,0.0032299549784511328,,2018-01-13,,0.312
ZJV007QP,0,0,,,,Censored No Alarm,0,0,0,0,0,1,0.016096508130431175,,2018-01-12,,0.312
ZJV007S1,0,0,,,,Censored No Alarm,0,0,0,0,0,1,0.004425210878252983,,2018-01-06,,0.312
ZJV007V7,0,0,,,,Censored No Alarm,0,0,0,0,0,1,0.0015411546919494867,,2018-01-13,,0.312
ZJV007ZH,0,0,,,,Censored No Alarm,0,0,0,0,0,1,0.004824292846024036,,2019-09-22,,0.312
ZJV0084V,0,0,,,,Censored No Alarm,0,0,0,0,0,1,0.0014327358221635222,,2018-03-12,,0.312
ZJV0088S,0,0,,,,Censored No Alarm,0,0,0,0,0,1,0.0013650214532390237,,2018-03-12,,0.312
ZJV008AF,0,0,,,,Censored No Alarm,0,0,0,0,0,1,0.0023795405868440866,,2018-01-06,,0.312
ZJV009B2,0,0,,,,Censored No Alarm,0,0,0,0,0,1,0.0037616698537021875,,2018-01-06,,0.312
ZJV009CM,0,0,,,,Censored No Alarm,0,0,0,0,0,1,0.10976586490869522,,2018-04-27,,0.312
ZJV009CV,0,0,,,,Censored No Alarm,0,0,0,0,0,1,0.0018625763477757573,,2018-01-13,,0.312
ZJV009H7,0,0,,,,Censored No Alarm,0,0,0,0,0,1,0.00446756137534976,,2018-01-25,,0.312
ZJV009M0,0,0,,,,Censored No Alarm,0,0,0,0,0,1,0.005302667152136564,,2018-01-06,,0.312
ZJV009ME,0,0,,,,Censored No Alarm,0,0,0,0,0,1,0.003906522877514362,,2018-01-13,,0.312
ZJV009TL,0,0,,,,Censored No Alarm,0,0,0,0,0,1,0.004885461181402206,,2018-01-06,,0.312
ZJV009VN,0,0,,,,Censored No Alarm,0,0,0,0,0,1,0.06834517419338226,,2018-01-25,,0.312
ZJV009X0,0,0,,,,Censored No Alarm,0,0,0,0,0,1,0.001766184694133699,,2018-01-13,,0.312
ZJV009XS,0,0,,,,Censored No Alarm,0,0,0,0,0,1,0.0037822453305125237,,2018-01-25,,0.312
ZJV00A2S,0,0,,,,Censored No Alarm,0,0,0,0,0,1,0.0021895533427596092,,2018-01-25,,0.312
ZJV00A4D,0,0,,,,Censored No Alarm,0,0,0,0,0,1,0.0014027374563738704,,2018-03-12,,0.312
ZJV00A6R,0,0,,,,Censored No Alarm,0,0,0,0,0,1,0.0031744972802698612,,2018-03-12,,0.312
ZJV00A8S,0,0,,,,Censored No Alarm,0,0,0,0,0,1,0.004185174126178026,,2018-01-06,,0.312
ZJV00A98,0,0,,,,Censored No Alarm,0,0,0,0,0,1,0.0041212039068341255,,2018-01-06,,0.312
ZJV00ACB,1,0,,2018-11-04,,Missed,0,0,0,0,1,0,0.001216550124809146,,2018-01-25,,0.312
ZJV00AD4,0,0,,,,Censored No Alarm,0,0,0,0,0,1,0.004784097895026207,,2018-05-16,,0.312
ZJV00ADK,0,0,,,,Censored No Alarm,0,0,0,0,0,1,0.0016444862121716142,,2018-03-12,,0.312
ZJV00AFL,0,0,,,,Censored No Alarm,0,0,0,0,0,1,0.005623871926218271,,2018-01-06,,0.312
ZJV00AGX,0,0,,,,Censored No Alarm,0,0,0,0,0,1,0.003409747499972582,,2018-01-13,,0.312
ZJV00AW3,0,0,,,,Censored No Alarm,0,0,0,0,0,1,0.002285504713654518,,2018-01-25,,0.312
ZJV00AXD,0,0,,,,Censored No Alarm,0,0,0,0,0,1,0.0036787306889891624,,2018-01-13,,0.312
ZJV00AY9,0,0,,,,Censored No Alarm,0,0,0,0,0,1,0.001847726758569479,,2018-01-13,,0.312
ZJV00AZJ,0,0,,,,Censored No Alarm,0,0,0,0,0,1,0.0012656907783821225,,2018-03-12,,0.312
ZJV00B2Q,0,0,,,,Censored No Alarm,0,0,0,0,0,1,0.0031737370882183313,,2018-02-12,,0.312
ZJV00B3C,0,0,,,,Censored No Alarm,0,0,0,0,0,1,0.001390142017044127,,2018-01-13,,0.312
ZJV00B54,0,0,,,,Censored No Alarm,0,0,0,0,0,1,0.006008078809827566,,2018-01-06,,0.312
ZJV00B66,0,0,,,,Censored No Alarm,0,0,0,0,0,1,0.0010581561364233494,,2018-01-13,,0.312
ZJV00B73,0,0,,,,Censored No Alarm,0,0,0,0,0,1,0.0016328784404322505,,2018-01-13,,0.312
ZJV00B8Z,0,0,,,,Censored No Alarm,0,0,0,0,0,1,0.002388232620432973,,2018-01-25,,0.312
ZJV00BCA,0,0,,,,Censored No Alarm,0,0,0,0,0,1,0.000976568553596735,,2018-01-13,,0.312
ZJV00BDY,0,0,,,,Censored No Alarm,0,0,0,0,0,1,0.00463604461401701,,2018-01-13,,0.312
ZJV00BK9,0,0,,,,Censored No Alarm,0,0,0,0,0,1,0.001977387350052595,,2018-01-25,,0.312
ZJV00BL3,0,0,,,,Censored No Alarm,0,0,0,0,0,1,0.002287109149619937,,2018-01-25,,0.312
ZJV00BSH,0,0,,,,Censored No Alarm,0,0,0,0,0,1,0.005257848650217056,,2018-01-13,,0.312
ZJV00BT5,0,0,,,,Censored No Alarm,0,0,0,0,0,1,0.0031888491939753294,,2018-01-25,,0.312
ZJV00BXW,0,0,,,,Censored No Alarm,0,0,0,0,0,1,0.004404709208756685,,2018-01-06,,0.312
ZJV00C03,0,0,,,,Censored No Alarm,0,0,0,0,0,1,0.006691056303679943,,2018-01-13,,0.312
ZJV00C0T,0,0,,,,Censored No Alarm,0,0,0,0,0,1,0.006490237079560757,,2018-01-12,,0.312
ZJV00C5F,0,0,,,,Censored No Alarm,0,0,0,0,0,1,0.0012002272997051477,,2018-03-12,,0.312
ZJV00C9D,0,0,,,,Censored No Alarm,0,0,0,0,0,1,0.0030515389516949654,,2018-01-06,,0.312
ZJV00CA8,0,0,,,,Censored No Alarm,0,0,0,0,0,1,0.02584502473473549,,2018-03-12,,0.312
ZJV00CE9,0,0,,,,Censored No Alarm,0,0,0,0,0,1,0.011206347495317459,,2018-01-12,,0.312
ZJV00CEE,0,0,,,,Censored No Alarm,0,0,0,0,0,1,0.0017654190305620432,,2018-01-13,,0.312
ZJV00CFG,0,0,,,,Censored No Alarm,0,0,0,0,0,1,0.036958999931812286,,2018-03-12,,0.312
ZJV00CHB,0,0,,,,Censored No Alarm,0,0,0,0,0,1,0.08045706152915955,,2018-01-13,,0.312
ZJV00CKV,0,0,,,,Censored No Alarm,0,0,0,0,0,1,0.04011658951640129,,2018-01-06,,0.312
ZJV00CMF,0,0,,,,Censored No Alarm,0,0,0,0,0,1,0.01934255287051201,,2018-02-12,,0.312
ZJV00CY6,0,0,,,,Censored No Alarm,0,0,0,0,0,1,0.003272388596087694,,2018-01-13,,0.312
ZJV00CYA,0,0,,,,Censored No Alarm,0,0,0,0,0,1,0.04204833135008812,,2018-01-06,,0.312
ZJV00CYY,0,0,,,,Censored No Alarm,0,0,0,0,0,1,0.0013258397812023759,,2018-01-25,,0.312
ZJV00D01,0,0,,,,Censored No Alarm,0,0,0,0,0,1,0.07521501928567886,,2018-01-13,,0.312
ZJV00D1J,0,0,,,,Censored No Alarm,0,0,0,0,0,1,0.002087079221382737,,2018-01-25,,0.312
ZJV00D2C,1,1,2020-10-23,2020-11-03,11.0,On time,1,0,0,0,0,0,0.4401005208492279,0.3324423134326935,2018-01-06,1021.0,0.312
ZJV00D32,0,0,,,,Censored No Alarm,0,0,0,0,0,1,0.011485811322927475,,2018-01-12,,0.312
ZJV00D80,0,0,,,,Censored No Alarm,0,0,0,0,0,1,0.002965462626889348,,2018-01-06,,0.312
ZJV00D81,0,0,,,,Censored No Alarm,0,0,0,0,0,1,0.26237064599990845,,2018-02-12,,0.312
ZJV00DC4,0,0,,,,Censored No Alarm,0,0,0,0,0,1,0.0024443052243441343,,2018-01-25,,0.312
ZJV00DDJ,0,0,,,,Censored No Alarm,0,0,0,0,0,1,0.0020105699077248573,,2018-01-13,,0.312
ZJV00DDS,1,0,,2019-06-27,,Missed,0,0,0,0,1,0,0.19897258281707764,,2018-03-12,,0.312
ZJV00DEF,0,0,,,,Censored No Alarm,0,0,0,0,0,1,0.004593809135258198,,2018-01-06,,0.312
ZJV00DEH,0,0,,,,Censored No Alarm,0,0,0,0,0,1,0.005513379815965891,,2018-01-06,,0.312
ZJV00DGF,0,0,,,,Censored No Alarm,0,0,0,0,0,1,0.0010691166389733553,,2018-01-13,,0.312
ZJV00DQB,0,1,2019-08-01,,,Censored Early,0,0,1,1,0,0,0.42890292406082153,0.33400580286979675,2018-01-25,553.0,0.312
ZJV00DR4,1,0,,2019-11-10,,Missed,0,0,0,0,1,0,0.014301992952823639,,2018-01-06,,0.312
ZJV00DV6,0,0,,,,Censored No Alarm,0,0,0,0,0,1,0.004251331556588411,,2018-01-13,,0.312
ZJV00EAR,0,0,,,,Censored No Alarm,0,0,0,0,0,1,0.0035516940988600254,,2018-01-25,,0.312
ZJV00ER1,0,0,,,,Censored No Alarm,0,0,0,0,0,1,0.28474628925323486,,2018-04-27,,0.312
ZJV00ESN,0,0,,,,Censored No Alarm,0,0,0,0,0,1,0.003993508871644735,,2018-01-06,,0.312
ZJV00EYP,0,0,,,,Censored No Alarm,0,0,0,0,0,1,0.17640987038612366,,2018-01-06,,0.312
ZJV00F20,1,1,2019-11-20,2019-11-20,0.0,On time,1,0,0,0,0,0,0.45429518818855286,0.45429518818855286,2018-01-12,677.0,0.312
ZJV00F64,0,0,,,,Censored No Alarm,0,0,0,0,0,1,0.002614924916997552,,2018-01-13,,0.312
ZJV00F78,0,0,,,,Censored No Alarm,0,0,0,0,0,1,0.001827503670938313,,2018-10-29,,0.312
ZJV00FAK,0,0,,,,Censored No Alarm,0,0,0,0,0,1,0.016286006197333336,,2018-01-25,,0.312
ZJV00FBJ,1,0,,2019-05-24,,Missed,0,0,0,0,1,0,0.15965187549591064,,2018-01-12,,0.312
ZJV00FQZ,1,1,2019-07-17,2019-07-25,8.0,On time,1,0,0,0,0,0,0.4013097286224365,0.3246123492717743,2018-01-06,557.0,0.312
ZJV00FVM,0,0,,,,Censored No Alarm,0,0,0,0,0,1,0.0017282235203310847,,2018-03-12,,0.312
ZJV00FWK,0,0,,,,Censored No Alarm,0,0,0,0,0,1,0.040358688682317734,,2018-04-13,,0.312
ZJV00G1M,0,0,,,,Censored No Alarm,0,0,0,0,0,1,0.004994878079742193,,2018-01-06,,0.312
ZJV00G5T,0,0,,,,Censored No Alarm,0,0,0,0,0,1,0.002389471512287855,,2018-01-13,,0.312
ZJV00G7N,0,0,,,,Censored No Alarm,0,0,0,0,0,1,0.001554589020088315,,2018-03-12,,0.312
ZJV00GC1,0,0,,,,Censored No Alarm,0,0,0,0,0,1,0.002486159559339285,,2018-01-13,,0.312
ZJV00GCQ,0,0,,,,Censored No Alarm,0,0,0,0,0,1,0.0042424555867910385,,2018-04-27,,0.312
ZJV00GJ9,0,0,,,,Censored No Alarm,0,0,0,0,0,1,0.025934863835573196,,2018-01-13,,0.312
ZJV00GLL,0,0,,,,Censored No Alarm,0,0,0,0,0,1,0.0028146998956799507,,2018-01-13,,0.312
ZJV00GR2,0,0,,,,Censored No Alarm,0,0,0,0,0,1,0.001073641236871481,,2018-01-13,,0.312
ZJV00GSA,0,0,,,,Censored No Alarm,0,0,0,0,0,1,0.003582380246371031,,2018-01-13,,0.312
ZJV00H1Q,1,1,2018-12-29,2018-12-29,0.0,On time,1,0,0,0,0,0,0.34084904193878174,0.34084904193878174,2018-01-25,338.0,0.312
ZJV00H4V,0,0,,,,Censored No Alarm,0,0,0,0,0,1,0.0016105497488752007,,2018-01-13,,0.312
ZJV00HEN,1,1,2020-09-07,2020-09-07,0.0,On time,1,0,0,0,0,0,0.33106669783592224,0.33106669783592224,2018-05-12,849.0,0.312
ZJV00HKY,0,0,,,,Censored No Alarm,0,0,0,0,0,1,0.0022310172207653522,,2018-01-25,,0.312
ZJV00HLD,0,0,,,,Censored No Alarm,0,0,0,0,0,1,0.004651903174817562,,2018-01-06,,0.312
ZJV00HSB,0,0,,,,Censored No Alarm,0,0,0,0,0,1,0.007535481359809637,,2018-01-06,,0.312
ZJV00HTW,0,0,,,,Censored No Alarm,0,0,0,0,0,1,0.0039893402718007565,,2018-01-25,,0.312
ZJV00HV1,0,0,,,,Censored No Alarm,0,0,0,0,0,1,0.001396505394950509,,2018-01-13,,0.312
ZJV00HY1,0,0,,,,Censored No Alarm,0,0,0,0,0,1,0.005349508952349424,,2018-01-12,,0.312
ZJV00HZ0,0,0,,,,Censored No Alarm,0,0,0,0,0,1,0.00380074605345726,,2018-05-16,,0.312
ZJV00K1T,0,0,,,,Censored No Alarm,0,0,0,0,0,1,0.003530473681166768,,2018-02-12,,0.312
ZJV00KNG,0,0,,,,Censored No Alarm,0,0,0,0,0,1,0.004213134758174419,,2018-05-12,,0.312
ZJV00L89,0,0,,,,Censored No Alarm,0,0,0,0,0,1,0.0031190684530884027,,2018-02-12,,0.312
ZJV00LQS,0,0,,,,Censored No Alarm,0,0,0,0,0,1,0.006712368223816156,,2018-02-12,,0.312
ZJV00M7H,0,0,,,,Censored No Alarm,0,0,0,0,0,1,0.004051458556205034,,2018-02-12,,0.312
ZJV00MEB,0,0,,,,Censored No Alarm,0,0,0,0,0,1,0.0015524198533967137,,2018-02-12,,0.312
ZJV00MVA,0,0,,,,Censored No Alarm,0,0,0,0,0,1,0.00352145335637033,,2018-01-12,,0.312
ZJV00NBF,0,0,,,,Censored No Alarm,0,0,0,0,0,1,0.0024443911388516426,,2018-03-12,,0.312
ZJV00ND6,0,0,,,,Censored No Alarm,0,0,0,0,0,1,0.0018400633707642555,,2018-03-12,,0.312
ZJV00NF5,0,0,,,,Censored No Alarm,0,0,0,0,0,1,0.020568987354636192,,2018-02-12,,0.312
ZJV00NG2,0,0,,,,Censored No Alarm,0,0,0,0,0,1,0.0023394525051116943,,2018-01-25,,0.312
ZJV00NNK,0,0,,,,Censored No Alarm,0,0,0,0,0,1,0.0020199650898575783,,2018-01-13,,0.312
ZJV00NNM,0,0,,,,Censored No Alarm,0,0,0,0,0,1,0.0017224079929292202,,2018-03-12,,0.312
ZJV00NT1,0,0,,,,Censored No Alarm,0,0,0,0,0,1,0.002432211535051465,,2018-01-25,,0.312
ZJV00NVK,0,0,,,,Censored No Alarm,0,0,0,0,0,1,0.0031734926160424948,,2018-02-12,,0.312
ZJV00NXH,0,0,,,,Censored No Alarm,0,0,0,0,0,1,0.0038375789299607277,,2018-01-13,,0.312
ZJV00NYA,1,0,,2019-01-29,,Missed,0,0,0,0,1,0,0.0010580996749922633,,2018-03-12,,0.312
ZJV00NZ5,0,0,,,,Censored No Alarm,0,0,0,0,0,1,0.002668181201443076,,2018-01-13,,0.312
ZJV00P1J,0,0,,,,Censored No Alarm,0,0,0,0,0,1,0.010946405120193958,,2018-01-13,,0.312
ZJV00P3B,1,0,,2019-12-25,,Missed,0,0,0,0,1,0,0.002174793276935816,,2018-02-12,,0.312
ZJV00P3D,0,0,,,,Censored No Alarm,0,0,0,0,0,1,0.0021168100647628307,,2018-03-12,,0.312
ZJV00PRH,0,0,,,,Censored No Alarm,0,0,0,0,0,1,0.0024153271224349737,,2018-02-12,,0.312
ZJV00Q58,0,0,,,,Censored No Alarm,0,0,0,0,0,1,0.002002616412937641,,2018-02-12,,0.312
ZJV00QS2,0,0,,,,Censored No Alarm,0,0,0,0,0,1,0.0018386460142210126,,2018-02-12,,0.312
ZJV00QTV,0,0,,,,Censored No Alarm,0,0,0,0,0,1,0.0013789803488180041,,2019-07-16,,0.312
ZJV00R13,0,0,,,,Censored No Alarm,0,0,0,0,0,1,0.002659012796357274,,2018-02-12,,0.312
ZJV00RJT,0,0,,,,Censored No Alarm,0,0,0,0,0,1,0.0018443369772285223,,2018-02-12,,0.312
ZJV00S0J,0,0,,,,Censored No Alarm,0,0,0,0,0,1,0.002253178274258971,,2018-02-12,,0.312
ZJV00TB6,0,0,,,,Censored No Alarm,0,0,0,0,0,1,0.0022081262432038784,,2018-02-12,,0.312
ZJV00TF5,0,0,,,,Censored No Alarm,0,0,0,0,0,1,0.00172136549372226,,2018-02-12,,0.312
ZJV00V0B,0,0,,,,Censored No Alarm,0,0,0,0,0,1,0.002281609922647476,,2018-02-12,,0.312
ZJV00V1B,0,0,,,,Censored No Alarm,0,0,0,0,0,1,0.0019997842609882355,,2019-11-21,,0.312
ZJV00V2M,0,0,,,,Censored No Alarm,0,0,0,0,0,1,0.002823898568749428,,2019-03-16,,0.312
ZJV00VAH,0,0,,,,Censored No Alarm,0,0,0,0,0,1,0.0033292926382273436,,2018-02-12,,0.312
ZJV00VEA,0,0,,,,Censored No Alarm,0,0,0,0,0,1,0.0044234865345060825,,2018-02-12,,0.312
ZJV00VK5,0,0,,,,Censored No Alarm,0,0,0,0,0,1,0.0023087062872946262,,2018-02-12,,0.312
ZJV00VVA,0,0,,,,Censored No Alarm,0,0,0,0,0,1,0.0021011692006140947,,2018-05-16,,0.312
ZJV00VYB,0,0,,,,Censored No Alarm,0,0,0,0,0,1,0.0024427883327007294,,2018-02-12,,0.312
ZJV00W40,0,0,,,,Censored No Alarm,0,0,0,0,0,1,0.001815826166421175,,2018-02-12,,0.312
ZJV00XL1,0,0,,,,Censored No Alarm,0,0,0,0,0,1,0.0015760529786348343,,2019-07-16,,0.312
ZJV00XQ8,0,0,,,,Censored No Alarm,0,0,0,0,0,1,0.0018439050763845444,,2018-01-13,,0.312
ZJV013A6,0,0,,,,Censored No Alarm,0,0,0,0,0,1,0.0024420006666332483,,2018-02-12,,0.312
ZJV013AY,0,0,,,,Censored No Alarm,0,0,0,0,0,1,0.002134426962584257,,2018-02-12,,0.312
ZJV0162D,0,0,,,,Censored No Alarm,0,0,0,0,0,1,0.0021743434481322765,,2018-05-16,,0.312
ZJV0168F,0,0,,,,Censored No Alarm,0,0,0,0,0,1,0.002425505081191659,,2018-10-29,,0.312
ZJV019W0,0,0,,,,Censored No Alarm,0,0,0,0,0,1,0.0031298522371798754,,2018-04-13,,0.312
ZJV01G8M,0,0,,,,Censored No Alarm,0,0,0,0,0,1,0.0034857175778597593,,2018-04-27,,0.312
ZJV01GHR,0,0,,,,Censored No Alarm,0,0,0,0,0,1,0.0021729108411818743,,2018-05-16,,0.312
ZJV01PB5,0,0,,,,Censored No Alarm,0,0,0,0,0,1,0.0036842753179371357,,2018-02-12,,0.312
ZJV01QKE,0,0,,,,Censored No Alarm,0,0,0,0,0,1,0.0018966655479744077,,2018-05-16,,0.312
ZJV01R17,0,0,,,,Censored No Alarm,0,0,0,0,0,1,0.0026910395827144384,,2018-04-13,,0.312
ZJV01TWF,0,0,,,,Censored No Alarm,0,0,0,0,0,1,0.0035343205090612173,,2018-02-12,,0.312
ZJV01TX6,0,0,,,,Censored No Alarm,0,0,0,0,0,1,0.0018370312172919512,,2018-02-12,,0.312
ZJV01VT6,0,0,,,,Censored No Alarm,0,0,0,0,0,1,0.0024262871593236923,,2018-02-12,,0.312
ZJV01VXY,0,0,,,,Censored No Alarm,0,0,0,0,0,1,0.001968649448826909,,2018-02-12,,0.312
ZJV01X73,0,0,,,,Censored No Alarm,0,0,0,0,0,1,0.01797882653772831,,2018-02-12,,0.312
ZJV01XFK,0,0,,,,Censored No Alarm,0,0,0,0,0,1,0.0017518012318760157,,2018-02-12,,0.312
ZJV01XG9,0,0,,,,Censored No Alarm,0,0,0,0,0,1,0.0030148879159241915,,2018-02-12,,0.312
ZJV01XR9,0,0,,,,Censored No Alarm,0,0,0,0,0,1,0.002346466528251767,,2018-02-12,,0.312
ZJV01XSH,0,0,,,,Censored No Alarm,0,0,0,0,0,1,0.0020981549751013517,,2018-02-12,,0.312
ZJV01XYP,0,0,,,,Censored No Alarm,0,0,0,0,0,1,0.0023822893854230642,,2018-02-12,,0.312
ZJV01Y07,0,0,,,,Censored No Alarm,0,0,0,0,0,1,0.0020209834910929203,,2018-02-12,,0.312
ZJV01Y5Q,0,0,,,,Censored No Alarm,0,0,0,0,0,1,0.0014087188756093383,,2018-02-12,,0.312
ZJV01Y6R,0,0,,,,Censored No Alarm,0,0,0,0,0,1,0.002029421040788293,,2018-02-12,,0.312
ZJV01Y9L,0,0,,,,Censored No Alarm,0,0,0,0,0,1,0.0020664117764681578,,2018-02-12,,0.312
ZJV01YA3,0,0,,,,Censored No Alarm,0,0,0,0,0,1,0.00338363042101264,,2018-02-12,,0.312
ZJV01YAP,0,0,,,,Censored No Alarm,0,0,0,0,0,1,0.0028572839219123125,,2018-02-12,,0.312
ZJV01YDB,0,0,,,,Censored No Alarm,0,0,0,0,0,1,0.002319677034392953,,2018-04-13,,0.312
ZJV01YEQ,0,0,,,,Censored No Alarm,0,0,0,0,0,1,0.0019106732215732336,,2018-02-12,,0.312
ZJV01YF8,0,0,,,,Censored No Alarm,0,0,0,0,0,1,0.0023993144277483225,,2018-02-12,,0.312
ZJV01YJ6,0,0,,,,Censored No Alarm,0,0,0,0,0,1,0.0036338558420538902,,2018-02-12,,0.312
ZJV01YL4,0,0,,,,Censored No Alarm,0,0,0,0,0,1,0.003290357533842325,,2018-02-12,,0.312
ZJV01YV9,0,0,,,,Censored No Alarm,0,0,0,0,0,1,0.0005570344510488212,,2018-12-21,,0.312
ZJV01ZAW,0,0,,,,Censored No Alarm,0,0,0,0,0,1,0.0014125016750767827,,2019-10-10,,0.312
ZJV01ZES,0,0,,,,Censored No Alarm,0,0,0,0,0,1,0.0012222600635141134,,2020-11-10,,0.312
ZJV01ZQZ,0,0,,,,Censored No Alarm,0,0,0,0,0,1,0.0016508256085217,,2018-05-16,,0.312
ZJV0201C,0,0,,,,Censored No Alarm,0,0,0,0,0,1,0.003686174750328064,,2018-05-12,,0.312
ZJV0201J,0,0,,,,Censored No Alarm,0,0,0,0,0,1,0.0015664114616811275,,2018-08-29,,0.312
ZJV0202G,0,0,,,,Censored No Alarm,0,0,0,0,0,1,0.019479261711239815,,2018-05-12,,0.312
ZJV02032,0,0,,,,Censored No Alarm,0,0,0,0,0,1,0.0016569697763770819,,2018-04-13,,0.312
ZJV020EY,0,0,,,,Censored No Alarm,0,0,0,0,0,1,0.002468034392222762,,2018-04-13,,0.312
ZJV020FC,0,0,,,,Censored No Alarm,0,0,0,0,0,1,0.0031145226676017046,,2018-04-13,,0.312
ZJV0215V,0,0,,,,Censored No Alarm,0,0,0,0,0,1,0.0007780896848998964,,2021-10-01,,0.312
ZJV021TV,0,0,,,,Censored No Alarm,0,0,0,0,0,1,0.004164608661085367,,2018-04-13,,0.312
ZJV023C8,0,0,,,,Censored No Alarm,0,0,0,0,0,1,0.0024526312481611967,,2018-05-16,,0.312
ZJV023DF,0,0,,,,Censored No Alarm,0,0,0,0,0,1,0.0025226129218935966,,2018-05-16,,0.312
ZJV023GR,0,0,,,,Censored No Alarm,0,0,0,0,0,1,0.0025514415465295315,,2018-04-13,,0.312
ZJV023J5,0,0,,,,Censored No Alarm,0,0,0,0,0,1,0.002821977948769927,,2018-05-12,,0.312
ZJV023P0,0,0,,,,Censored No Alarm,0,0,0,0,0,1,0.004567772150039673,,2018-05-12,,0.312
ZJV023Q7,0,0,,,,Censored No Alarm,0,0,0,0,0,1,0.00273474445566535,,2018-04-13,,0.312
ZJV023SG,0,0,,,,Censored No Alarm,0,0,0,0,0,1,0.004528956022113562,,2018-05-12,,0.312
ZJV0240D,0,0,,,,Censored No Alarm,0,0,0,0,0,1,0.0023363004438579082,,2018-04-13,,0.312
ZJV02456,0,0,,,,Censored No Alarm,0,0,0,0,0,1,0.002235086401924491,,2018-04-13,,0.312
ZJV0270M,1,0,,2018-06-21,,Missed,0,0,0,0,1,0,0.0011993397492915392,,2018-05-16,,0.312
ZJV02B8B,0,0,,,,Censored No Alarm,0,0,0,0,0,1,0.0024512270465493202,,2018-05-16,,0.312
ZJV02B92,0,0,,,,Censored No Alarm,0,0,0,0,0,1,0.2441667914390564,,2018-04-27,,0.312
ZJV02BZ9,0,0,,,,Censored No Alarm,0,0,0,0,0,1,0.004858297761529684,,2018-05-12,,0.312
ZJV02C0Y,0,0,,,,Censored No Alarm,0,0,0,0,0,1,0.022227885201573372,,2018-12-19,,0.312
ZJV02C3A,0,0,,,,Censored No Alarm,0,0,0,0,0,1,0.001802566577680409,,2018-04-13,,0.312
ZJV02C9A,0,0,,,,Censored No Alarm,0,0,0,0,0,1,0.0025837449356913567,,2018-05-16,,0.312
ZJV02CD5,0,0,,,,Censored No Alarm,0,0,0,0,0,1,0.0015873739030212164,,2018-05-16,,0.312
ZJV02D6G,1,0,,2019-09-17,,Missed,0,0,0,0,1,0,0.29857054352760315,,2018-10-29,,0.312
ZJV02DAK,0,0,,,,Censored No Alarm,0,0,0,0,0,1,0.004668163601309061,,2018-02-12,,0.312
ZJV02E3F,0,0,,,,Censored No Alarm,0,0,0,0,0,1,0.0217048991471529,,2018-02-12,,0.312
ZJV02EDJ,0,0,,,,Censored No Alarm,0,0,0,0,0,1,0.0032493826001882553,,2018-02-12,,0.312
ZJV02EJY,0,0,,,,Censored No Alarm,0,0,0,0,0,1,0.001510622794739902,,2018-02-12,,0.312
ZJV02FB4,0,0,,,,Censored No Alarm,0,0,0,0,0,1,0.0036075275857001543,,2019-09-26,,0.312
ZJV02FCW,0,0,,,,Censored No Alarm,0,0,0,0,0,1,0.002440518932417035,,2018-02-12,,0.312
ZJV02FZX,0,0,,,,Censored No Alarm,0,0,0,0,0,1,0.004641779698431492,,2018-02-12,,0.312
ZJV02GJM,0,1,2019-03-05,,,Censored Early,0,0,1,1,0,0,0.37487539649009705,0.3225179612636566,2018-02-12,386.0,0.312
ZJV02GSA,0,0,,,,Censored No Alarm,0,0,0,0,0,1,0.002689911052584648,,2018-02-12,,0.312
ZJV02J0Z,0,0,,,,Censored No Alarm,0,0,0,0,0,1,0.002602760447189212,,2018-04-13,,0.312
ZJV02J23,0,0,,,,Censored No Alarm,0,0,0,0,0,1,0.003766299458220601,,2018-04-13,,0.312
ZJV02J6W,0,0,,,,Censored No Alarm,0,0,0,0,0,1,0.0022880919277668,,2018-05-16,,0.312
ZJV02JV1,0,0,,,,Censored No Alarm,0,0,0,0,0,1,0.03532865270972252,,2018-05-16,,0.312
ZJV02KYR,0,0,,,,Censored No Alarm,0,0,0,0,0,1,0.019915614277124405,,2018-04-13,,0.312
ZJV02L2D,0,0,,,,Censored No Alarm,0,0,0,0,0,1,0.0009383319411426783,,2018-10-29,,0.312
ZJV02LND,0,0,,,,Censored No Alarm,0,0,0,0,0,1,0.0016623249975964427,,2019-10-02,,0.312
ZJV02NDW,0,0,,,,Censored No Alarm,0,0,0,0,0,1,0.0011691966792568564,,2018-10-29,,0.312
ZJV02NKK,0,0,,,,Censored No Alarm,0,0,0,0,0,1,0.0032370570115745068,,2018-04-13,,0.312
ZJV02NPC,0,0,,,,Censored No Alarm,0,0,0,0,0,1,0.004484500270336866,,2018-07-21,,0.312
ZJV02NXZ,0,0,,,,Censored No Alarm,0,0,0,0,0,1,0.005249107256531715,,2018-05-12,,0.312
ZJV02PJV,0,0,,,,Censored No Alarm,0,0,0,0,0,1,0.0034093603026121855,,2018-04-13,,0.312
ZJV02PKT,0,0,,,,Censored No Alarm,0,0,0,0,0,1,0.0026520336978137493,,2018-05-16,,0.312
ZJV02PY6,0,0,,,,Censored No Alarm,0,0,0,0,0,1,0.0033956002444028854,,2018-05-12,,0.312
ZJV02PZX,0,0,,,,Censored No Alarm,0,0,0,0,0,1,0.001980084227398038,,2018-04-13,,0.312
ZJV02QGP,0,0,,,,Censored No Alarm,0,0,0,0,0,1,0.0013776997802779078,,2019-03-28,,0.312
ZJV02QQA,0,0,,,,Censored No Alarm,0,0,0,0,0,1,0.002791650127619505,,2018-05-16,,0.312
ZJV02R8F,0,0,,,,Censored No Alarm,0,0,0,0,0,1,0.0029420461505651474,,2018-04-13,,0.312
ZJV02R8Y,0,0,,,,Censored No Alarm,0,0,0,0,0,1,0.2663889229297638,,2018-05-12,,0.312
ZJV02RBM,0,0,,,,Censored No Alarm,0,0,0,0,0,1,0.001789161004126072,,2018-04-13,,0.312
ZJV02RKL,0,0,,,,Censored No Alarm,0,0,0,0,0,1,0.0019592896569520235,,2018-04-13,,0.312
ZJV02RXC,0,0,,,,Censored No Alarm,0,0,0,0,0,1,0.0029230688232928514,,2018-05-16,,0.312
ZJV02S6D,0,0,,,,Censored No Alarm,0,0,0,0,0,1,0.002150740474462509,,2018-04-13,,0.312
ZJV02SCJ,0,0,,,,Censored No Alarm,0,0,0,0,0,1,0.0025695711374282837,,2018-05-16,,0.312
ZJV02SG0,0,0,,,,Censored No Alarm,0,0,0,0,0,1,0.001442600041627884,,2019-03-14,,0.312
ZJV02SJQ,0,0,,,,Censored No Alarm,0,0,0,0,0,1,0.0019409047672525048,,2018-05-16,,0.312
ZJV02SWY,0,0,,,,Censored No Alarm,0,0,0,0,0,1,0.0020266040228307247,,2019-09-09,,0.312
ZJV02T0J,0,0,,,,Censored No Alarm,0,0,0,0,0,1,0.005178553052246571,,2018-05-12,,0.312
ZJV02T35,0,0,,,,Censored No Alarm,0,0,0,0,0,1,0.0012184050865471363,,2018-10-29,,0.312
ZJV02TXM,0,0,,,,Censored No Alarm,0,0,0,0,0,1,0.0010027962271124125,,2018-08-29,,0.312
ZJV02VS5,0,0,,,,Censored No Alarm,0,0,0,0,0,1,0.0024827385786920786,,2018-05-16,,0.312
ZJV02W3W,0,0,,,,Censored No Alarm,0,0,0,0,0,1,0.0026582591235637665,,2018-04-13,,0.312
ZJV02WGX,0,0,,,,Censored No Alarm,0,0,0,0,0,1,0.0019893592689186335,,2018-08-29,,0.312
ZJV02WPH,0,0,,,,Censored No Alarm,0,0,0,0,0,1,0.0018456190591678023,,2019-07-19,,0.312
ZJV02WQF,0,0,,,,Censored No Alarm,0,0,0,0,0,1,0.004162091761827469,,2018-05-12,,0.312
ZJV02X2W,0,0,,,,Censored No Alarm,0,0,0,0,0,1,0.020355241373181343,,2018-05-16,,0.312
ZJV02XFJ,0,0,,,,Censored No Alarm,0,0,0,0,0,1,0.026953157037496567,,2018-08-29,,0.312
ZJV02XHK,0,0,,,,Censored No Alarm,0,0,0,0,0,1,0.003471766132861376,,2018-05-12,,0.312
ZJV02Y2K,0,0,,,,Censored No Alarm,0,0,0,0,0,1,0.0016929245321080089,,2018-05-16,,0.312
ZJV02Y3D,0,0,,,,Censored No Alarm,0,0,0,0,0,1,0.001960451016202569,,2018-05-16,,0.312
ZJV02Y6S,0,0,,,,Censored No Alarm,0,0,0,0,0,1,0.0017871266463771462,,2018-04-13,,0.312
ZJV02YJP,0,0,,,,Censored No Alarm,0,0,0,0,0,1,0.0013094173045828938,,2018-08-29,,0.312
ZJV02YNF,0,0,,,,Censored No Alarm,0,0,0,0,0,1,0.002894302597269416,,2018-04-13,,0.312
ZJV02YR8,0,0,,,,Censored No Alarm,0,0,0,0,0,1,0.003357202047482133,,2018-05-12,,0.312
ZJV02ZHR,0,0,,,,Censored No Alarm,0,0,0,0,0,1,0.0025340032298117876,,2018-04-13,,0.312
ZJV02ZNQ,0,0,,,,Censored No Alarm,0,0,0,0,0,1,0.004784737713634968,,2018-05-12,,0.312
ZJV02ZQJ,0,0,,,,Censored No Alarm,0,0,0,0,0,1,0.0008683950291015208,,2018-12-05,,0.312
ZJV030GQ,0,0,,,,Censored No Alarm,0,0,0,0,0,1,0.003524850122630596,,2018-05-16,,0.312
ZJV030H9,0,0,,,,Censored No Alarm,0,0,0,0,0,1,0.0017836440820246935,,2018-05-16,,0.312
ZJV030LS,0,0,,,,Censored No Alarm,0,0,0,0,0,1,0.001188219990581274,,2018-08-29,,0.312
ZJV030NN,0,0,,,,Censored No Alarm,0,0,0,0,0,1,0.0019364494364708662,,2018-05-16,,0.312
ZJV030SE,0,0,,,,Censored No Alarm,0,0,0,0,0,1,0.0010952882003039122,,2018-08-29,,0.312
ZJV030VM,0,0,,,,Censored No Alarm,0,0,0,0,0,1,0.001159105566330254,,2018-08-29,,0.312
ZJV030XM,0,0,,,,Censored No Alarm,0,0,0,0,0,1,0.0032696088310331106,,2018-05-12,,0.312
ZJV031H9,0,0,,,,Censored No Alarm,0,0,0,0,0,1,0.0027040368877351284,,2018-05-16,,0.312
ZJV032BY,0,0,,,,Censored No Alarm,0,0,0,0,0,1,0.002586385700851679,,2018-04-13,,0.312
ZJV032JG,0,0,,,,Censored No Alarm,0,0,0,0,0,1,0.0012220313074067235,,2018-08-29,,0.312
ZJV034H0,0,0,,,,Censored No Alarm,0,0,0,0,0,1,0.0022401197347790003,,2018-05-16,,0.312
ZJV034PC,0,0,,,,Censored No Alarm,0,0,0,0,0,1,0.0015008406480774283,,2018-05-16,,0.312
ZJV034YQ,0,0,,,,Censored No Alarm,0,0,0,0,0,1,0.003575450973585248,,2018-05-12,,0.312
ZJV03527,0,0,,,,Censored No Alarm,0,0,0,0,0,1,0.0021680942736566067,,2018-04-13,,0.312
ZJV0359K,0,0,,,,Censored No Alarm,0,0,0,0,0,1,0.0026261690072715282,,2018-05-16,,0.312
ZJV035DP,0,0,,,,Censored No Alarm,0,0,0,0,0,1,0.001998561667278409,,2018-05-16,,0.312
ZJV035DR,0,0,,,,Censored No Alarm,0,0,0,0,0,1,0.0026021639350801706,,2018-04-13,,0.312
ZJV036WN,0,0,,,,Censored No Alarm,0,0,0,0,0,1,0.0016236479859799147,,2018-05-16,,0.312
ZJV036Y7,0,0,,,,Censored No Alarm,0,0,0,0,0,1,0.0017108952160924673,,2018-04-13,,0.312
ZJV036YB,0,0,,,,Censored No Alarm,0,0,0,0,0,1,0.0024646089877933264,,2018-05-16,,0.312
ZJV03714,0,0,,,,Censored No Alarm,0,0,0,0,0,1,0.0018785641295835376,,2018-10-29,,0.312
ZJV0373T,0,0,,,,Censored No Alarm,0,0,0,0,0,1,0.0022459356114268303,,2018-05-16,,0.312
ZJV0376E,0,0,,,,Censored No Alarm,0,0,0,0,0,1,0.002792308572679758,,2018-05-12,,0.312
ZJV0396E,0,0,,,,Censored No Alarm,0,0,0,0,0,1,0.02723173052072525,,2018-05-16,,0.312
ZJV03CC6,0,0,,,,Censored No Alarm,0,0,0,0,0,1,0.0021855481900274754,,2019-09-06,,0.312
ZJV03CEL,0,0,,,,Censored No Alarm,0,0,0,0,0,1,0.003447451861575246,,2018-05-12,,0.312
ZJV03DHW,0,0,,,,Censored No Alarm,0,0,0,0,0,1,0.004599671345204115,,2018-05-12,,0.312
ZJV03DJZ,0,0,,,,Censored No Alarm,0,0,0,0,0,1,0.0017373270820826292,,2018-04-13,,0.312
ZJV03DKY,0,0,,,,Censored No Alarm,0,0,0,0,0,1,0.0034480595495551825,,2018-05-12,,0.312
ZJV03DN9,0,0,,,,Censored No Alarm,0,0,0,0,0,1,0.0017118670511990786,,2018-05-16,,0.312
ZJV03DQJ,0,0,,,,Censored No Alarm,0,0,0,0,0,1,0.002577235223725438,,2018-04-13,,0.312
ZJV03E60,0,0,,,,Censored No Alarm,0,0,0,0,0,1,0.0065778642892837524,,2018-04-27,,0.312
ZJV03E6P,0,0,,,,Censored No Alarm,0,0,0,0,0,1,0.0025013622362166643,,2018-04-13,,0.312
ZJV03E7N,0,0,,,,Censored No Alarm,0,0,0,0,0,1,0.002514127641916275,,2018-04-13,,0.312
ZJV03ENV,0,0,,,,Censored No Alarm,0,0,0,0,0,1,0.0006145302322693169,,2018-12-21,,0.312
ZJV03ET2,0,0,,,,Censored No Alarm,0,0,0,0,0,1,0.0021620914340019226,,2018-05-16,,0.312
ZJV03FTD,0,0,,,,Censored No Alarm,0,0,0,0,0,1,0.003949148580431938,,2018-05-12,,0.312
ZJV03G0B,0,0,,,,Censored No Alarm,0,0,0,0,0,1,0.0020568547770380974,,2018-05-16,,0.312
ZJV03G37,0,0,,,,Censored No Alarm,0,0,0,0,0,1,0.004094782751053572,,2018-04-13,,0.312
ZJV03GMP,0,0,,,,Censored No Alarm,0,0,0,0,0,1,0.002132703084498644,,2018-05-16,,0.312
ZJV03H7V,0,0,,,,Censored No Alarm,0,0,0,0,0,1,0.0016378727741539478,,2018-10-29,,0.312
ZJV03H88,0,0,,,,Censored No Alarm,0,0,0,0,0,1,0.002538848202675581,,2018-04-13,,0.312
ZJV03HF1,0,0,,,,Censored No Alarm,0,0,0,0,0,1,0.10533132404088974,,2018-05-16,,0.312
ZJV03J7M,0,0,,,,Censored No Alarm,0,0,0,0,0,1,0.002045635599642992,,2018-04-13,,0.312
ZJV03J7P,1,0,,2018-11-17,,Missed,0,0,0,0,1,0,0.0015553736593574286,,2018-04-13,,0.312
ZJV03J85,0,0,,,,Censored No Alarm,0,0,0,0,0,1,0.004114141222089529,,2018-05-12,,0.312
ZJV03JE9,0,0,,,,Censored No Alarm,0,0,0,0,0,1,0.0011480208486318588,,2018-08-29,,0.312
ZJV03JEQ,0,0,,,,Censored No Alarm,0,0,0,0,0,1,0.0011531453346833587,,2018-05-16,,0.312
ZJV03JER,1,0,,2020-09-19,,Missed,0,0,0,0,1,0,0.0033817896619439125,,2018-04-13,,0.312
ZJV03JJM,0,0,,,,Censored No Alarm,0,0,0,0,0,1,0.0035706311464309692,,2018-05-12,,0.312
ZJV03JRR,0,0,,,,Censored No Alarm,0,0,0,0,0,1,0.0014356635510921478,,2018-10-29,,0.312
ZJV03JWC,0,0,,,,Censored No Alarm,0,0,0,0,0,1,0.004848123528063297,,2018-05-12,,0.312
ZJV03K05,0,0,,,,Censored No Alarm,0,0,0,0,0,1,0.003020239993929863,,2018-05-12,,0.312
ZJV03K4J,0,0,,,,Censored No Alarm,0,0,0,0,0,1,0.002608515555039048,,2018-05-16,,0.312
ZJV03K7A,0,0,,,,Censored No Alarm,0,0,0,0,0,1,0.001590846455655992,,2019-08-06,,0.312
ZJV03K87,0,0,,,,Censored No Alarm,0,0,0,0,0,1,0.0035925665870308876,,2018-05-12,,0.312
ZJV03K8H,0,0,,,,Censored No Alarm,0,0,0,0,0,1,0.0036904800217598677,,2018-04-13,,0.312
ZJV03KA6,0,0,,,,Censored No Alarm,0,0,0,0,0,1,0.004370551556348801,,2018-05-12,,0.312
ZJV03KA9,0,0,,,,Censored No Alarm,0,0,0,0,0,1,0.004226709716022015,,2018-04-13,,0.312
ZJV03KCM,0,0,,,,Censored No Alarm,0,0,0,0,0,1,0.003014863235875964,,2018-04-13,,0.312
ZJV03KFW,0,0,,,,Censored No Alarm,0,0,0,0,0,1,0.003270544344559312,,2018-05-12,,0.312
ZJV03KNM,0,0,,,,Censored No Alarm,0,0,0,0,0,1,0.0021566757932305336,,2018-04-13,,0.312
ZJV03KVM,0,0,,,,Censored No Alarm,0,0,0,0,0,1,0.003229052759706974,,2018-05-12,,0.312
ZJV03KW6,0,0,,,,Censored No Alarm,0,0,0,0,0,1,0.0009104121127165854,,2018-12-05,,0.312
ZJV03MKV,0,0,,,,Censored No Alarm,0,0,0,0,0,1,0.0012517996365204453,,2018-05-16,,0.312
ZJV03MR9,0,0,,,,Censored No Alarm,0,0,0,0,0,1,0.003444823669269681,,2018-05-12,,0.312
ZJV03MSS,0,0,,,,Censored No Alarm,0,0,0,0,0,1,0.18322798609733582,,2018-04-13,,0.312
ZJV03MVT,0,0,,,,Censored No Alarm,0,0,0,0,0,1,0.0024514393880963326,,2018-05-16,,0.312
ZJV03N4P,0,0,,,,Censored No Alarm,0,0,0,0,0,1,0.0023881113156676292,,2018-04-13,,0.312
ZJV03NB0,1,0,,2019-10-10,,Missed,0,0,0,0,1,0,0.11134176701307297,,2018-04-13,,0.312
ZJV03NCV,0,0,,,,Censored No Alarm,0,0,0,0,0,1,0.11361905932426453,,2018-05-12,,0.312
ZJV03NJF,0,0,,,,Censored No Alarm,0,0,0,0,0,1,0.0025140270590782166,,2018-04-13,,0.312
ZJV03NKY,0,1,2019-01-07,,,Censored Early,0,0,1,1,0,0,0.4159131944179535,0.36976033449172974,2018-05-12,240.0,0.312
ZJV03NQT,0,0,,,,Censored No Alarm,0,0,0,0,0,1,0.0015681313816457987,,2018-05-16,,0.312
ZJV03NR9,0,0,,,,Censored No Alarm,0,0,0,0,0,1,0.003806086489930749,,2018-05-12,,0.312
ZJV03NSQ,0,0,,,,Censored No Alarm,0,0,0,0,0,1,0.003100576577708125,,2018-05-12,,0.312
ZJV03NT8,0,0,,,,Censored No Alarm,0,0,0,0,0,1,0.003953652922064066,,2018-05-12,,0.312
ZJV03NTE,0,0,,,,Censored No Alarm,0,0,0,0,0,1,0.0025658048689365387,,2018-04-13,,0.312
ZJV03P7S,0,0,,,,Censored No Alarm,0,0,0,0,0,1,0.002423605415970087,,2018-10-29,,0.312
ZJV03PBZ,0,0,,,,Censored No Alarm,0,0,0,0,0,1,0.0030348487198352814,,2018-04-13,,0.312
ZJV03PKC,0,0,,,,Censored No Alarm,0,0,0,0,0,1,0.0033704766537994146,,2018-04-13,,0.312
ZJV03Q07,0,0,,,,Censored No Alarm,0,0,0,0,0,1,0.0015708946157246828,,2018-08-29,,0.312
ZJV03QJD,0,0,,,,Censored No Alarm,0,0,0,0,0,1,0.0018804131541401148,,2018-08-29,,0.312
ZJV03QN2,0,0,,,,Censored No Alarm,0,0,0,0,0,1,0.002066811313852668,,2018-05-16,,0.312
ZJV03QRQ,0,0,,,,Censored No Alarm,0,0,0,0,0,1,0.0016667934833094478,,2018-05-16,,0.312
ZJV03QV6,0,0,,,,Censored No Alarm,0,0,0,0,0,1,0.00033499926212243736,,2018-05-16,,0.312
ZJV03R0T,0,0,,,,Censored No Alarm,0,0,0,0,0,1,0.0010455925948917866,,2018-10-29,,0.312
ZJV03R4E,0,0,,,,Censored No Alarm,0,0,0,0,0,1,0.0014821040676906705,,2018-05-16,,0.312
ZJV03RLB,0,0,,,,Censored No Alarm,0,0,0,0,0,1,0.0015858300030231476,,2018-08-29,,0.312
ZJV03RPG,0,0,,,,Censored No Alarm,0,0,0,0,0,1,0.0010965535184368491,,2018-05-16,,0.312
ZJV03RQ7,0,0,,,,Censored No Alarm,0,0,0,0,0,1,0.0012291312450543046,,2018-08-29,,0.312
ZJV03S7K,0,0,,,,Censored No Alarm,0,0,0,0,0,1,0.0027788602747023106,,2018-05-12,,0.312
ZJV03S93,0,0,,,,Censored No Alarm,0,0,0,0,0,1,0.0005312524153850973,,2018-07-28,,0.312
ZJV03SVX,1,1,2019-08-06,2019-08-07,1.0,On time,1,0,0,0,0,0,0.3246014714241028,0.3120556175708771,2018-04-13,480.0,0.312
ZJV03TGD,0,0,,,,Censored No Alarm,0,0,0,0,0,1,0.002058819169178605,,2018-04-13,,0.312
ZJV03TTP,0,0,,,,Censored No Alarm,0,0,0,0,0,1,0.0020168465562164783,,2018-08-29,,0.312
ZJV03TYH,0,0,,,,Censored No Alarm,0,0,0,0,0,1,0.002724310150370002,,2018-08-29,,0.312
ZJV03VG3,0,0,,,,Censored No Alarm,0,0,0,0,0,1,0.001504480023868382,,2018-04-13,,0.312
ZJV03VK2,0,0,,,,Censored No Alarm,0,0,0,0,0,1,0.0019379430450499058,,2019-03-29,,0.312
ZJV03VXD,0,0,,,,Censored No Alarm,0,0,0,0,0,1,0.002656731056049466,,2018-10-29,,0.312
ZJV03W5J,0,0,,,,Censored No Alarm,0,0,0,0,0,1,0.002881967229768634,,2018-04-13,,0.312
ZJV03W5T,1,1,2019-09-13,2019-09-17,4.0,On time,1,0,0,0,0,0,0.43793097138404846,0.40979304909706116,2018-05-12,489.0,0.312
ZJV03XFP,0,0,,,,Censored No Alarm,0,0,0,0,0,1,0.002693283837288618,,2018-10-29,,0.312
ZJV03Y6D,0,0,,,,Censored No Alarm,0,0,0,0,0,1,0.00353414099663496,,2019-09-18,,0.312
ZJV03Z5M,0,0,,,,Censored No Alarm,0,0,0,0,0,1,0.004101634956896305,,2018-05-12,,0.312
ZJV03Z8X,0,0,,,,Censored No Alarm,0,0,0,0,0,1,0.004626820329576731,,2018-05-12,,0.312
ZJV03ZFK,0,0,,,,Censored No Alarm,0,0,0,0,0,1,0.0023402883671224117,,2018-07-12,,0.312
ZJV03ZMW,0,0,,,,Censored No Alarm,0,0,0,0,0,1,0.0020171573851257563,,2018-05-16,,0.312
ZJV03ZNR,0,0,,,,Censored No Alarm,0,0,0,0,0,1,0.0019807119388133287,,2018-12-05,,0.312
ZJV040NV,0,0,,,,Censored No Alarm,0,0,0,0,0,1,0.002569977892562747,,2018-05-16,,0.312
ZJV040P9,0,0,,,,Censored No Alarm,0,0,0,0,0,1,0.0014406045665964484,,2019-03-05,,0.312
ZJV0419W,0,0,,,,Censored No Alarm,0,0,0,0,0,1,0.004757195245474577,,2018-05-12,,0.312
ZJV041BV,0,0,,,,Censored No Alarm,0,0,0,0,0,1,0.0028003051411360502,,2018-04-13,,0.312
ZJV041D5,0,0,,,,Censored No Alarm,0,0,0,0,0,1,0.00218293652869761,,2018-04-13,,0.312
ZJV041VK,0,0,,,,Censored No Alarm,0,0,0,0,0,1,0.0010295228566974401,,2018-10-29,,0.312
ZJV042W3,0,0,,,,Censored No Alarm,0,0,0,0,0,1,0.003285506973043084,,2018-04-13,,0.312
ZJV043L7,0,0,,,,Censored No Alarm,0,0,0,0,0,1,0.002584089059382677,,2018-04-13,,0.312
ZJV043NC,0,0,,,,Censored No Alarm,0,0,0,0,0,1,0.0022700983099639416,,2018-05-16,,0.312
ZJV043XN,0,0,,,,Censored No Alarm,0,0,0,0,0,1,0.0014795411843806505,,2019-09-19,,0.312
ZJV0445R,0,0,,,,Censored No Alarm,0,0,0,0,0,1,0.005803659558296204,,2018-05-12,,0.312
ZJV044AN,0,0,,,,Censored No Alarm,0,0,0,0,0,1,0.0015033029485493898,,2018-05-16,,0.312
ZJV044PP,0,0,,,,Censored No Alarm,0,0,0,0,0,1,0.006372480653226376,,2018-05-16,,0.312
ZJV0450C,0,0,,,,Censored No Alarm,0,0,0,0,0,1,0.012149333022534847,,2018-10-29,,0.312
ZJV04580,0,0,,,,Censored No Alarm,0,0,0,0,0,1,0.002727426355704665,,2018-04-13,,0.312
ZJV045XC,0,0,,,,Censored No Alarm,0,0,0,0,0,1,0.0021660691127181053,,2018-04-13,,0.312
ZJV0475V,0,0,,,,Censored No Alarm,0,0,0,0,0,1,0.0020576377864927053,,2018-05-16,,0.312
ZJV047MD,0,0,,,,Censored No Alarm,0,0,0,0,0,1,0.003080234630033374,,2018-05-12,,0.312
ZJV04928,0,0,,,,Censored No Alarm,0,0,0,0,0,1,0.024220509454607964,,2018-05-12,,0.312
ZJV04998,0,0,,,,Censored No Alarm,0,0,0,0,0,1,0.002112481277436018,,2018-05-16,,0.312
ZJV049A3,0,0,,,,Censored No Alarm,0,0,0,0,0,1,0.002400364726781845,,2018-05-16,,0.312
ZJV04AYV,0,0,,,,Censored No Alarm,0,0,0,0,0,1,0.003111063502728939,,2018-05-16,,0.312
ZJV04BK2,0,0,,,,Censored No Alarm,0,0,0,0,0,1,0.004311452154070139,,2018-05-12,,0.312
ZJV04BW7,0,0,,,,Censored No Alarm,0,0,0,0,0,1,0.08801484853029251,,2018-12-13,,0.312
ZJV04C7N,0,0,,,,Censored No Alarm,0,0,0,0,0,1,0.001833773567341268,,2019-10-12,,0.312
ZJV04CLS,0,0,,,,Censored No Alarm,0,0,0,0,0,1,0.0036013885401189327,,2018-05-12,,0.312
ZJV04DVN,0,0,,,,Censored No Alarm,0,0,0,0,0,1,0.20460455119609833,,2018-05-12,,0.312
ZJV04EEQ,0,0,,,,Censored No Alarm,0,0,0,0,0,1,0.003140894463285804,,2018-05-12,,0.312
ZJV04EJP,0,0,,,,Censored No Alarm,0,0,0,0,0,1,0.02624848671257496,,2018-05-12,,0.312
ZJV04EQ0,0,0,,,,Censored No Alarm,0,0,0,0,0,1,0.004021928180009127,,2018-05-12,,0.312
ZJV04ERG,0,0,,,,Censored No Alarm,0,0,0,0,0,1,0.0030163642950356007,,2018-05-16,,0.312
ZJV04ETW,0,0,,,,Censored No Alarm,0,0,0,0,0,1,0.0012984018540009856,,2018-10-29,,0.312
ZJV04ETY,0,0,,,,Censored No Alarm,0,0,0,0,0,1,0.0015609866240993142,,2019-09-07,,0.312
ZJV04F14,0,0,,,,Censored No Alarm,0,0,0,0,0,1,0.0012878788402304053,,2018-10-29,,0.312
ZJV04F1F,0,0,,,,Censored No Alarm,0,0,0,0,0,1,0.2949862480163574,,2018-05-16,,0.312
ZJV04FA4,0,0,,,,Censored No Alarm,0,0,0,0,0,1,0.0020069077145308256,,2018-05-12,,0.312
ZJV04FAD,0,0,,,,Censored No Alarm,0,0,0,0,0,1,0.024900376796722412,,2018-05-16,,0.312
ZJV04FE7,0,0,,,,Censored No Alarm,0,0,0,0,0,1,0.0027598626911640167,,2018-05-16,,0.312
ZJV04FJG,0,0,,,,Censored No Alarm,0,0,0,0,0,1,0.0038813482969999313,,2018-04-13,,0.312
ZJV04G0N,0,0,,,,Censored No Alarm,0,0,0,0,0,1,0.002658472629263997,,2018-05-16,,0.312
ZJV04G17,0,0,,,,Censored No Alarm,0,0,0,0,0,1,0.0016633612103760242,,2018-10-29,,0.312
ZJV04G33,0,0,,,,Censored No Alarm,0,0,0,0,0,1,0.0021110193338245153,,2019-01-12,,0.312
ZJV04G3X,0,0,,,,Censored No Alarm,0,0,0,0,0,1,0.0031812102533876896,,2018-05-12,,0.312
ZJV04GR7,0,0,,,,Censored No Alarm,0,0,0,0,0,1,0.0031748551409691572,,2018-05-12,,0.312
ZJV04H0H,0,0,,,,Censored No Alarm,0,0,0,0,0,1,0.003028611186891794,,2018-04-13,,0.312
ZJV04HCN,0,0,,,,Censored No Alarm,0,0,0,0,0,1,0.002949931425973773,,2018-04-13,,0.312
ZJV04HNG,0,0,,,,Censored No Alarm,0,0,0,0,0,1,0.00317137548699975,,2018-04-13,,0.312
ZJV04HXS,1,1,2019-10-26,2019-11-17,22.0,On time,1,0,0,0,0,0,0.3299529254436493,0.3299529254436493,2018-05-12,532.0,0.312
ZJV04KM8,0,0,,,,Censored No Alarm,0,0,0,0,0,1,0.006155935116112232,,2018-05-12,,0.312
ZJV04L6J,0,0,,,,Censored No Alarm,0,0,0,0,0,1,0.0017637434648349881,,2018-10-29,,0.312
ZJV04MGE,0,0,,,,Censored No Alarm,0,0,0,0,0,1,0.002522433176636696,,2018-04-13,,0.312
ZJV04NVZ,0,0,,,,Censored No Alarm,0,0,0,0,0,1,0.0008577944245189428,,2018-12-05,,0.312
ZJV04QEJ,0,0,,,,Censored No Alarm,0,0,0,0,0,1,0.0022922372445464134,,2018-05-16,,0.312
ZJV04QHC,0,0,,,,Censored No Alarm,0,0,0,0,0,1,0.00220149545930326,,2018-05-16,,0.312
ZJV04QKP,0,0,,,,Censored No Alarm,0,0,0,0,0,1,0.0015910955844447017,,2018-08-29,,0.312
ZJV04RBH,0,0,,,,Censored No Alarm,0,0,0,0,0,1,0.0036041371058672667,,2018-04-13,,0.312
ZJV04RGF,0,0,,,,Censored No Alarm,0,0,0,0,0,1,0.005406302399933338,,2018-05-12,,0.312
ZJV04VAA,0,0,,,,Censored No Alarm,0,0,0,0,0,1,0.0018446845933794975,,2019-07-29,,0.312
ZJV04XS7,0,0,,,,Censored No Alarm,0,0,0,0,0,1,0.0031480840407311916,,2018-04-13,,0.312
ZJV04Y7G,0,0,,,,Censored No Alarm,0,0,0,0,0,1,0.0019530225545167923,,2019-08-19,,0.312
ZJV04ZEA,0,0,,,,Censored No Alarm,0,0,0,0,0,1,0.02716740593314171,,2019-08-06,,0.312
ZJV0502X,0,0,,,,Censored No Alarm,0,0,0,0,0,1,0.001592750078998506,,2019-09-23,,0.312
ZJV050RT,0,0,,,,Censored No Alarm,0,0,0,0,0,1,0.003424506401643157,,2018-05-12,,0.312
ZJV0519X,0,0,,,,Censored No Alarm,0,0,0,0,0,1,0.004124013241380453,,2018-05-12,,0.312
ZJV051QE,0,0,,,,Censored No Alarm,0,0,0,0,0,1,0.002551277633756399,,2018-05-16,,0.312
ZJV053M5,0,0,,,,Censored No Alarm,0,0,0,0,0,1,0.001939060166478157,,2018-10-30,,0.312
ZJV0542E,0,0,,,,Censored No Alarm,0,0,0,0,0,1,0.01829792559146881,,2018-04-13,,0.312
ZJV05599,0,0,,,,Censored No Alarm,0,0,0,0,0,1,0.002046782523393631,,2018-05-16,,0.312
ZJV055G7,0,0,,,,Censored No Alarm,0,0,0,0,0,1,0.006774042267352343,,2018-05-12,,0.312
ZJV056DK,0,0,,,,Censored No Alarm,0,0,0,0,0,1,0.0017029786249622703,,2018-05-16,,0.312
ZJV056WL,0,0,,,,Censored No Alarm,0,0,0,0,0,1,0.0012116549769416451,,2018-08-29,,0.312
ZJV056ZQ,0,0,,,,Censored No Alarm,0,0,0,0,0,1,0.002351469127461314,,2018-05-16,,0.312
ZJV057BQ,0,0,,,,Censored No Alarm,0,0,0,0,0,1,0.0011959278490394354,,2019-12-22,,0.312
ZJV059MZ,0,0,,,,Censored No Alarm,0,0,0,0,0,1,0.00203094445168972,,2018-05-16,,0.312
ZJV05ABB,0,0,,,,Censored No Alarm,0,0,0,0,0,1,0.0035454181488603354,,2018-05-12,,0.312
ZJV05AZW,0,0,,,,Censored No Alarm,0,0,0,0,0,1,0.0025934758596122265,,2018-04-13,,0.312
ZJV05DWQ,0,0,,,,Censored No Alarm,0,0,0,0,0,1,0.0018631020793691278,,2018-04-13,,0.312
ZJV05F0H,0,0,,,,Censored No Alarm,0,0,0,0,0,1,0.0022481295745819807,,2018-05-16,,0.312
ZJV05FGR,0,0,,,,Censored No Alarm,0,0,0,0,0,1,0.002125005703419447,,2018-05-16,,0.312
ZJV05G5Y,0,0,,,,Censored No Alarm,0,0,0,0,0,1,0.005312925670295954,,2018-05-12,,0.312
ZJV05GJV,0,0,,,,Censored No Alarm,0,0,0,0,0,1,0.0031749214977025986,,2018-04-13,,0.312
ZJV05HE6,0,0,,,,Censored No Alarm,0,0,0,0,0,1,0.0032093480695039034,,2018-05-12,,0.312
ZJV05RQT,0,0,,,,Censored No Alarm,0,0,0,0,0,1,0.0032791639678180218,,2018-05-12,,0.312
ZJV05SA0,0,0,,,,Censored No Alarm,0,0,0,0,0,1,0.00429144874215126,,2018-04-27,,0.312
ZJV05SFX,0,0,,,,Censored No Alarm,0,0,0,0,0,1,0.0026866793632507324,,2018-04-13,,0.312
ZJV05TYB,0,0,,,,Censored No Alarm,0,0,0,0,0,1,0.0016829785890877247,,2018-10-29,,0.312
ZJV05VCB,0,0,,,,Censored No Alarm,0,0,0,0,0,1,0.003339291550219059,,2018-04-13,,0.312
ZJV05WH4,0,0,,,,Censored No Alarm,0,0,0,0,0,1,0.0014304895885288715,,2018-10-29,,0.312
ZJV05XVW,0,0,,,,Censored No Alarm,0,0,0,0,0,1,0.0706281065940857,,2019-10-02,,0.312
ZJV05YR6,0,0,,,,Censored No Alarm,0,0,0,0,0,1,0.00643319683149457,,2018-04-27,,0.312
ZJV0657B,0,0,,,,Censored No Alarm,0,0,0,0,0,1,0.0017977837705984712,,2018-05-16,,0.312
ZJV065R7,0,0,,,,Censored No Alarm,0,0,0,0,0,1,0.001719603082165122,,2018-10-29,,0.312
ZJV06E1B,0,0,,,,Censored No Alarm,0,0,0,0,0,1,0.0012914931867271662,,2018-12-08,,0.312
ZJV078JV,0,0,,,,Censored No Alarm,0,0,0,0,0,1,0.001946228090673685,,2020-02-25,,0.312
ZJV08SZZ,0,0,,,,Censored No Alarm,0,0,0,0,0,1,0.002294998150318861,,2018-05-16,,0.312
ZJV09XMY,0,0,,,,Censored No Alarm,0,0,0,0,0,1,0.003305938094854355,,2018-05-12,,0.312
ZJV09YWJ,0,0,,,,Censored No Alarm,0,0,0,0,0,1,0.0018317411886528134,,2018-05-16,,0.312
ZJV0A5N2,0,0,,,,Censored No Alarm,0,0,0,0,0,1,0.004232182167470455,,2018-05-16,,0.312
ZJV0AJ08,0,0,,,,Censored No Alarm,0,0,0,0,0,1,0.0016413201810792089,,2020-02-12,,0.312
ZJV0APG9,0,0,,,,Censored No Alarm,0,0,0,0,0,1,0.0015775574138388038,,2019-05-31,,0.312
ZJV0AZDH,0,0,,,,Censored No Alarm,0,0,0,0,0,1,0.0014777530450373888,,2019-09-10,,0.312
ZJV0BB3M,0,0,,,,Censored No Alarm,0,0,0,0,0,1,0.0014014743501320481,,2018-10-29,,0.312
ZJV0BJTB,0,0,,,,Censored No Alarm,0,0,0,0,0,1,0.006491132080554962,,2018-05-12,,0.312
ZJV0BMW1,1,0,,2019-11-25,,Missed,0,0,0,0,1,0,0.11226031184196472,,2018-07-28,,0.312
ZJV0C15M,0,0,,,,Censored No Alarm,0,0,0,0,0,1,0.003006910439580679,,2018-04-13,,0.312
ZJV0C8WX,0,0,,,,Censored No Alarm,0,0,0,0,0,1,0.003019235096871853,,2019-08-31,,0.312
ZJV0C9CR,0,0,,,,Censored No Alarm,0,0,0,0,0,1,0.0035590643528848886,,2018-07-12,,0.312
ZJV0CEBZ,0,0,,,,Censored No Alarm,0,0,0,0,0,1,0.0005434543709270656,,2018-07-28,,0.312
ZJV0CM87,0,0,,,,Censored No Alarm,0,0,0,0,0,1,0.0018668877892196178,,2019-07-27,,0.312
ZJV0CMFK,0,0,,,,Censored No Alarm,0,0,0,0,0,1,0.0024336976930499077,,2018-05-16,,0.312
ZJV0CPHD,0,0,,,,Censored No Alarm,0,0,0,0,0,1,0.0013872471172362566,,2018-08-29,,0.312
ZJV0CWXL,0,0,,,,Censored No Alarm,0,0,0,0,0,1,0.0008344301022589207,,2018-12-05,,0.312
ZJV0D2CB,0,0,,,,Censored No Alarm,0,0,0,0,0,1,0.0026015923358500004,,2018-04-13,,0.312
ZJV0D822,0,0,,,,Censored No Alarm,0,0,0,0,0,1,0.017796019092202187,,2018-05-12,,0.312
ZJV0D8JK,0,0,,,,Censored No Alarm,0,0,0,0,0,1,0.0028969761915504932,,2018-05-12,,0.312
ZJV0D9ZR,0,0,,,,Censored No Alarm,0,0,0,0,0,1,0.0020374436862766743,,2018-05-16,,0.312
ZJV0DGB2,0,0,,,,Censored No Alarm,0,0,0,0,0,1,0.0023034457117319107,,2018-05-16,,0.312
ZJV0DJPL,0,0,,,,Censored No Alarm,0,0,0,0,0,1,0.003827226348221302,,2018-05-12,,0.312
ZJV0DNMW,0,0,,,,Censored No Alarm,0,0,0,0,0,1,0.0017378496704623103,,2019-10-09,,0.312
ZJV0E2DA,0,0,,,,Censored No Alarm,0,0,0,0,0,1,0.001033133128657937,,2018-12-08,,0.312
ZJV0E8PD,0,0,,,,Censored No Alarm,0,0,0,0,0,1,0.0035217648837715387,,2018-05-12,,0.312
ZJV0EAL5,0,0,,,,Censored No Alarm,0,0,0,0,0,1,0.003208422102034092,,2018-04-13,,0.312
ZJV0EC6Y,0,0,,,,Censored No Alarm,0,0,0,0,0,1,0.002792308572679758,,2018-04-13,,0.312
ZJV0EDL2,0,0,,,,Censored No Alarm,0,0,0,0,0,1,0.0015576458536088467,,2018-08-29,,0.312
ZJV0EH0A,0,0,,,,Censored No Alarm,0,0,0,0,0,1,0.005484928842633963,,2018-05-12,,0.312
ZJV0EL28,0,0,,,,Censored No Alarm,0,0,0,0,0,1,0.0038015425670892,,2018-05-12,,0.312
ZJV0EN75,0,0,,,,Censored No Alarm,0,0,0,0,0,1,0.0033444720320403576,,2018-05-12,,0.312
ZJV0ENQH,0,0,,,,Censored No Alarm,0,0,0,0,0,1,0.006054769270122051,,2018-05-12,,0.312
ZJV0ET4W,0,0,,,,Censored No Alarm,0,0,0,0,0,1,0.003997249063104391,,2018-04-13,,0.312
ZJV0ETB0,0,0,,,,Censored No Alarm,0,0,0,0,0,1,0.002275789389386773,,2019-10-05,,0.312
ZJV0ETGC,0,0,,,,Censored No Alarm,0,0,0,0,0,1,0.002188600366935134,,2018-05-16,,0.312
ZJV0EV88,0,0,,,,Censored No Alarm,0,0,0,0,0,1,0.0025187477003782988,,2018-04-13,,0.312
ZJV0EVBM,0,0,,,,Censored No Alarm,0,0,0,0,0,1,0.0030284898821264505,,2018-04-13,,0.312
ZJV0EVG3,0,0,,,,Censored No Alarm,0,0,0,0,0,1,0.001942004426382482,,2018-08-29,,0.312
ZJV0F4FY,1,0,,2021-05-15,,Missed,0,0,0,0,1,0,0.0021564592607319355,,2018-05-16,,0.312
ZJV0FASD,0,0,,,,Censored No Alarm,0,0,0,0,0,1,0.004387145396322012,,2018-07-21,,0.312
ZJV0FC8R,0,0,,,,Censored No Alarm,0,0,0,0,0,1,0.0010709780035540462,,2019-07-24,,0.312
ZJV0FHJN,1,0,,2020-11-13,,Missed,0,0,0,0,1,0,0.002857048762962222,,2020-05-28,,0.312
ZJV0GQZK,0,0,,,,Censored No Alarm,0,0,0,0,0,1,0.0017909050220623612,,2018-10-29,,0.312
ZJV0GSS9,0,0,,,,Censored No Alarm,0,0,0,0,0,1,0.0014066825387999415,,2019-07-09,,0.312
ZJV0GTHK,0,0,,,,Censored No Alarm,0,0,0,0,0,1,0.0012884426396340132,,2019-06-21,,0.312
ZJV0GZY9,0,0,,,,Censored No Alarm,0,0,0,0,0,1,0.13937188684940338,,2018-05-16,,0.312
ZJV0H48Q,0,0,,,,Censored No Alarm,0,0,0,0,0,1,0.0011038008378818631,,2018-10-29,,0.312
ZJV0H9MD,0,0,,,,Censored No Alarm,0,0,0,0,0,1,0.003680519061163068,,2018-05-12,,0.312
ZJV0H9P1,0,0,,,,Censored No Alarm,0,0,0,0,0,1,0.0011754189617931843,,2018-08-29,,0.312
ZJV0H9VE,0,0,,,,Censored No Alarm,0,0,0,0,0,1,0.002035063924267888,,2018-04-13,,0.312
ZJV0HAA0,0,0,,,,Censored No Alarm,0,0,0,0,0,1,0.0018318633083254099,,2018-05-16,,0.312
ZJV0HAL9,0,0,,,,Censored No Alarm,0,0,0,0,0,1,0.0014769242843613029,,2018-08-29,,0.312
ZJV0HBCL,0,0,,,,Censored No Alarm,0,0,0,0,0,1,0.0013660703552886844,,2018-08-29,,0.312
ZJV0HBG7,0,0,,,,Censored No Alarm,0,0,0,0,0,1,0.0023191089276224375,,2018-08-29,,0.312
ZJV0HBK9,0,0,,,,Censored No Alarm,0,0,0,0,0,1,0.0013302541337907314,,2018-08-29,,0.312
ZJV0HC09,0,0,,,,Censored No Alarm,0,0,0,0,0,1,0.0024847444146871567,,2018-04-13,,0.312
ZJV0HD94,0,0,,,,Censored No Alarm,0,0,0,0,0,1,0.004709554836153984,,2018-05-12,,0.312
ZJV0HDNM,0,0,,,,Censored No Alarm,0,0,0,0,0,1,0.001643035444431007,,2019-06-19,,0.312
ZJV0HFS4,0,0,,,,Censored No Alarm,0,0,0,0,0,1,0.0010928295087069273,,2018-12-08,,0.312
ZJV0HKA3,0,0,,,,Censored No Alarm,0,0,0,0,0,1,0.0009806546149775386,,2018-10-29,,0.312
ZJV0HKXJ,0,0,,,,Censored No Alarm,0,0,0,0,0,1,0.0026611480861902237,,2018-05-16,,0.312
ZJV0HLJF,0,0,,,,Censored No Alarm,0,0,0,0,0,1,0.001512640854343772,,2018-05-16,,0.312
ZJV0JY76,1,1,2019-12-18,2020-02-10,54.0,Early,0,1,0,1,0,0,0.33113935589790344,0.33113935589790344,2018-12-08,375.0,0.312
ZJV0K77Q,0,0,,,,Censored No Alarm,0,0,0,0,0,1,0.0016619832022115588,,2018-08-29,,0.312
ZJV0K84B,0,0,,,,Censored No Alarm,0,0,0,0,0,1,0.0010728406487032771,,2018-12-08,,0.312
ZJV0K9HF,0,0,,,,Censored No Alarm,0,0,0,0,0,1,0.00256484211422503,,2018-08-29,,0.312
ZJV0K9MT,0,0,,,,Censored No Alarm,0,0,0,0,0,1,0.0017525118310004473,,2018-07-28,,0.312
ZJV0K9TC,0,0,,,,Censored No Alarm,0,0,0,0,0,1,0.0012101030442863703,,2018-08-29,,0.312
ZJV0KA0B,0,0,,,,Censored No Alarm,0,0,0,0,0,1,0.0013312300434336066,,2018-08-29,,0.312
ZJV0KADZ,0,0,,,,Censored No Alarm,0,0,0,0,0,1,0.0011626607738435268,,2018-10-29,,0.312
ZJV0KAEZ,0,0,,,,Censored No Alarm,0,0,0,0,0,1,0.0014386770781129599,,2019-08-08,,0.312
ZJV0KBL4,0,0,,,,Censored No Alarm,0,0,0,0,0,1,0.0021013962104916573,,2018-05-16,,0.312
ZJV0KGEZ,0,0,,,,Censored No Alarm,0,0,0,0,0,1,0.003399231471121311,,2019-07-19,,0.312
ZJV0KKKZ,0,0,,,,Censored No Alarm,0,0,0,0,0,1,0.0006230165017768741,,2018-07-28,,0.312
ZJV0KKX3,0,0,,,,Censored No Alarm,0,0,0,0,0,1,0.00386078585870564,,2018-07-21,,0.312
ZJV0KNRF,0,0,,,,Censored No Alarm,0,0,0,0,0,1,0.006563994102180004,,2018-05-12,,0.312
ZJV0KNST,0,0,,,,Censored No Alarm,0,0,0,0,0,1,0.0009231282747350633,,2018-12-05,,0.312
ZJV0KNT5,0,0,,,,Censored No Alarm,0,0,0,0,0,1,0.004568181931972504,,2018-05-12,,0.312
ZJV0KNVD,0,0,,,,Censored No Alarm,0,0,0,0,0,1,0.0028547714464366436,,2018-05-16,,0.312
ZJV0KNWS,0,0,,,,Censored No Alarm,0,0,0,0,0,1,0.002351778093725443,,2018-05-16,,0.312
ZJV0KNWW,0,0,,,,Censored No Alarm,0,0,0,0,0,1,0.0027974385302513838,,2018-04-13,,0.312
ZJV0KP22,0,0,,,,Censored No Alarm,0,0,0,0,0,1,0.001788141904398799,,2018-05-16,,0.312
ZJV0L9JT,0,0,,,,Censored No Alarm,0,0,0,0,0,1,0.0021427953615784645,,2018-04-13,,0.312
ZJV0M0N3,0,0,,,,Censored No Alarm,0,0,0,0,0,1,0.0008624873589724302,,2018-12-19,,0.312
ZJV0M2BQ,0,0,,,,Censored No Alarm,0,0,0,0,0,1,0.0016490998677909374,,2019-10-17,,0.312
ZJV0MB18,0,0,,,,Censored No Alarm,0,0,0,0,0,1,0.002350292634218931,,2018-07-21,,0.312
ZJV0MDPM,1,1,2023-11-14,2024-02-28,106.0,Early,0,1,0,1,0,0,0.4137032628059387,0.3881683945655823,2020-06-22,1240.0,0.312
ZJV0MKFW,0,0,,,,Censored No Alarm,0,0,0,0,0,1,0.0005531911156140268,,2018-07-28,,0.312
ZJV0MPMY,0,0,,,,Censored No Alarm,0,0,0,0,0,1,0.002356187906116247,,2019-07-07,,0.312
ZJV0MVY6,0,0,,,,Censored No Alarm,0,0,0,0,0,1,0.0006244691321626306,,2018-07-28,,0.312
ZJV0N2BQ,0,0,,,,Censored No Alarm,0,0,0,0,0,1,0.003546132706105709,,2018-07-21,,0.312
ZJV0NCQQ,0,0,,,,Censored No Alarm,0,0,0,0,0,1,0.002622993430122733,,2018-07-12,,0.312
ZJV0NGVL,0,0,,,,Censored No Alarm,0,0,0,0,0,1,0.0012082182802259922,,2018-10-29,,0.312
ZJV0NJGC,0,1,2021-03-04,,,Censored Early,0,0,1,1,0,0,0.3638506531715393,0.3638506531715393,2018-07-12,966.0,0.312
ZJV0NLXJ,0,0,,,,Censored No Alarm,0,0,0,0,0,1,0.0005512788193300366,,2018-07-28,,0.312
ZJV0NPCQ,0,0,,,,Censored No Alarm,0,0,0,0,0,1,0.0031301395501941442,,2018-07-21,,0.312
ZJV0NSWH,0,0,,,,Censored No Alarm,0,0,0,0,0,1,0.0023969258181750774,,2019-11-16,,0.312
ZJV0NWHK,0,0,,,,Censored No Alarm,0,0,0,0,0,1,0.0023570656776428223,,2018-08-29,,0.312
ZJV0NWWA,0,0,,,,Censored No Alarm,0,0,0,0,0,1,0.0005432770121842623,,2018-07-28,,0.312
ZJV0NXMC,1,0,,2020-02-20,,Missed,0,0,0,0,1,0,0.2051129788160324,,2020-02-11,,0.312
ZJV0NZ8P,0,0,,,,Censored No Alarm,0,0,0,0,0,1,0.0006571724661625922,,2018-07-28,,0.312
ZJV0P276,0,0,,,,Censored No Alarm,0,0,0,0,0,1,0.0011405396508052945,,2018-08-29,,0.312
ZJV0P4EN,0,0,,,,Censored No Alarm,0,0,0,0,0,1,0.0007738725980743766,,2018-10-29,,0.312
ZJV0P6MJ,0,0,,,,Censored No Alarm,0,0,0,0,0,1,0.0005335059249773622,,2018-07-28,,0.312
ZJV0PBTC,0,0,,,,Censored No Alarm,0,0,0,0,0,1,0.0021298269275575876,,2018-08-29,,0.312
ZJV0PEX0,0,0,,,,Censored No Alarm,0,0,0,0,0,1,0.0019338864367455244,,2019-09-21,,0.312
ZJV0PFFF,0,0,,,,Censored No Alarm,0,0,0,0,0,1,0.001704222522675991,,2018-07-21,,0.312
ZJV0PJEM,0,0,,,,Censored No Alarm,0,0,0,0,0,1,0.0022017592564225197,,2018-08-29,,0.312
ZJV0PMYA,0,0,,,,Censored No Alarm,0,0,0,0,0,1,0.0010520226787775755,,2018-12-08,,0.312
ZJV0PPFZ,0,0,,,,Censored No Alarm,0,0,0,0,0,1,0.0008816380286589265,,2018-08-29,,0.312
ZJV0PR46,0,0,,,,Censored No Alarm,0,0,0,0,0,1,0.0018794762436300516,,2018-12-05,,0.312
ZJV0PZQ0,0,0,,,,Censored No Alarm,0,0,0,0,0,1,0.0022816620767116547,,2018-12-05,,0.312
ZJV0PZQH,0,0,,,,Censored No Alarm,0,0,0,0,0,1,0.0006944790948182344,,2018-12-05,,0.312
ZJV0QD9V,0,0,,,,Censored No Alarm,0,0,0,0,0,1,0.0018558476585894823,,2018-12-05,,0.312
ZJV0QJ9M,0,0,,,,Censored No Alarm,0,0,0,0,0,1,0.0014914283528923988,,2018-10-29,,0.312
ZJV0QMFL,0,0,,,,Censored No Alarm,0,0,0,0,0,1,0.001326107420027256,,2018-10-29,,0.312
ZJV0QMVL,0,0,,,,Censored No Alarm,0,0,0,0,0,1,0.001798793557099998,,2018-08-29,,0.312
ZJV0QNMW,1,0,,2019-11-16,,Missed,0,0,0,0,1,0,0.18770477175712585,,2018-08-29,,0.312
ZJV0QX8F,0,0,,,,Censored No Alarm,0,0,0,0,0,1,0.001118350774049759,,2018-10-29,,0.312
ZJV0QZRS,0,0,,,,Censored No Alarm,0,0,0,0,0,1,0.0009940668242052197,,2018-12-08,,0.312
ZJV0R23K,0,0,,,,Censored No Alarm,0,0,0,0,0,1,0.002388588385656476,,2018-07-21,,0.312
ZJV0R2LF,0,0,,,,Censored No Alarm,0,0,0,0,0,1,0.001274234731681645,,2018-10-29,,0.312
ZJV0R5ZW,0,0,,,,Censored No Alarm,0,0,0,0,0,1,0.000635458854958415,,2019-07-26,,0.312
ZJV0R623,0,0,,,,Censored No Alarm,0,0,0,0,0,1,0.0016294554807245731,,2018-08-29,,0.312
ZJV0R822,0,0,,,,Censored No Alarm,0,0,0,0,0,1,0.0010203593410551548,,2018-12-05,,0.312
ZJV0RBPV,0,0,,,,Censored No Alarm,0,0,0,0,0,1,0.0012775497743859887,,2018-07-28,,0.312
ZJV0RCWW,0,0,,,,Censored No Alarm,0,0,0,0,0,1,0.0005418321234174073,,2018-07-28,,0.312
ZJV0RDW2,0,0,,,,Censored No Alarm,0,0,0,0,0,1,0.0016012898413464427,,2018-08-29,,0.312
ZJV0RGXS,0,0,,,,Censored No Alarm,0,0,0,0,0,1,0.0007849991670809686,,2018-10-29,,0.312
ZJV0RKWX,0,0,,,,Censored No Alarm,0,0,0,0,0,1,0.003586845938116312,,2018-08-29,,0.312
ZJV0RPQ4,0,0,,,,Censored No Alarm,0,0,0,0,0,1,0.0017993212677538395,,2018-10-29,,0.312
ZJV0RY3Y,0,0,,,,Censored No Alarm,0,0,0,0,0,1,0.0006095581920817494,,2018-07-28,,0.312
ZJV0RYMQ,1,1,2023-01-28,2023-02-13,16.0,On time,1,0,0,0,0,0,0.32968294620513916,0.32073697447776794,2019-10-04,1212.0,0.312
ZJV0S850,0,0,,,,Censored No Alarm,0,0,0,0,0,1,0.2934984266757965,,2019-07-02,,0.312
ZJV0S85F,0,0,,,,Censored No Alarm,0,0,0,0,0,1,0.0020474798511713743,,2018-08-29,,0.312
ZJV0SB6W,0,0,,,,Censored No Alarm,0,0,0,0,0,1,0.0038644480518996716,,2018-08-29,,0.312
ZJV0SN83,0,0,,,,Censored No Alarm,0,0,0,0,0,1,0.0017611788352951407,,2018-07-21,,0.312
ZJV0SWZY,0,0,,,,Censored No Alarm,0,0,0,0,0,1,0.0006064533954486251,,2018-12-21,,0.312
ZJV0SXZ0,0,0,,,,Censored No Alarm,0,0,0,0,0,1,0.0018957132706418633,,2019-07-01,,0.312
ZJV0T0QB,0,0,,,,Censored No Alarm,0,0,0,0,0,1,0.001198253477923572,,2018-12-05,,0.312
ZJV0T4XL,0,0,,,,Censored No Alarm,0,0,0,0,0,1,0.0010791488457471132,,2018-08-29,,0.312
ZJV0T4YM,0,0,,,,Censored No Alarm,0,0,0,0,0,1,0.0034397889394313097,,2018-07-21,,0.312
ZJV0T4ZD,0,0,,,,Censored No Alarm,0,0,0,0,0,1,0.0014953784411773086,,2018-12-05,,0.312
ZJV0T4ZP,0,0,,,,Censored No Alarm,0,0,0,0,0,1,0.0005526993772946298,,2018-07-28,,0.312
ZJV0T4ZS,0,0,,,,Censored No Alarm,0,0,0,0,0,1,0.0038797485176473856,,2018-07-12,,0.312
ZJV0T509,0,0,,,,Censored No Alarm,0,0,0,0,0,1,0.0027333926409482956,,2018-07-21,,0.312
ZJV0T50G,0,0,,,,Censored No Alarm,0,0,0,0,0,1,0.002631192095577717,,2018-07-21,,0.312
ZJV0T50P,0,0,,,,Censored No Alarm,0,0,0,0,0,1,0.0005542772705666721,,2018-07-28,,0.312
ZJV0T51G,1,0,,2019-07-31,,Missed,0,0,0,0,1,0,0.13015438616275787,,2018-07-21,,0.312
ZJV0T529,0,0,,,,Censored No Alarm,0,0,0,0,0,1,0.001088681980036199,,2018-07-28,,0.312
ZJV0T53D,0,0,,,,Censored No Alarm,0,0,0,0,0,1,0.0011030534515157342,,2018-08-29,,0.312
ZJV0T54K,0,0,,,,Censored No Alarm,0,0,0,0,0,1,0.002087757457047701,,2018-07-21,,0.312
ZJV0T55Q,0,0,,,,Censored No Alarm,0,0,0,0,0,1,0.002579890424385667,,2018-08-29,,0.312
ZJV0T55W,0,0,,,,Censored No Alarm,0,0,0,0,0,1,0.0005530756316147745,,2018-07-28,,0.312
ZJV0T56C,0,0,,,,Censored No Alarm,0,0,0,0,0,1,0.0006518969894386828,,2018-07-28,,0.312
ZJV0T578,0,0,,,,Censored No Alarm,0,0,0,0,0,1,0.008084253408014774,,2018-07-21,,0.312
ZJV0T57H,0,0,,,,Censored No Alarm,0,0,0,0,0,1,0.0007221880950964987,,2018-07-28,,0.312
ZJV0T57K,0,0,,,,Censored No Alarm,0,0,0,0,0,1,0.0008607120835222304,,2018-10-29,,0.312
ZJV0T58D,0,0,,,,Censored No Alarm,0,0,0,0,0,1,0.0005486463196575642,,2018-07-28,,0.312
ZJV0T58E,0,0,,,,Censored No Alarm,0,0,0,0,0,1,0.0021800976246595383,,2018-07-21,,0.312
ZJV0T58G,0,0,,,,Censored No Alarm,0,0,0,0,0,1,0.0017561912536621094,,2018-08-29,,0.312
ZJV0T58Z,0,0,,,,Censored No Alarm,0,0,0,0,0,1,0.0005478399689309299,,2018-07-28,,0.312
ZJV0T597,0,0,,,,Censored No Alarm,0,0,0,0,0,1,0.0014999284176155925,,2018-10-29,,0.312
ZJV0T59L,0,0,,,,Censored No Alarm,0,0,0,0,0,1,0.004426990635693073,,2018-07-21,,0.312
ZJV0T59M,0,0,,,,Censored No Alarm,0,0,0,0,0,1,0.0012105527566745877,,2018-10-29,,0.312
ZJV0T5A8,0,0,,,,Censored No Alarm,0,0,0,0,0,1,0.002838155720382929,,2018-08-29,,0.312
ZJV0T5AT,0,0,,,,Censored No Alarm,0,0,0,0,0,1,0.0009113390115089715,,2018-07-28,,0.312
ZJV0T5CA,0,0,,,,Censored No Alarm,0,0,0,0,0,1,0.0016465747030451894,,2018-12-05,,0.312
ZJV0T5CS,0,0,,,,Censored No Alarm,0,0,0,0,0,1,0.0024533220566809177,,2018-07-21,,0.312
ZJV0T5D1,0,0,,,,Censored No Alarm,0,0,0,0,0,1,0.0048789652064442635,,2018-07-21,,0.312
ZJV0T5DX,0,0,,,,Censored No Alarm,0,0,0,0,0,1,0.0025707995519042015,,2018-08-29,,0.312
ZJV0T5FV,0,0,,,,Censored No Alarm,0,0,0,0,0,1,0.000540667213499546,,2018-07-28,,0.312
ZJV0T5FX,0,0,,,,Censored No Alarm,0,0,0,0,0,1,0.0005357871996238828,,2018-07-28,,0.312
ZJV0TBY9,0,0,,,,Censored No Alarm,0,0,0,0,0,1,0.0026223412714898586,,2018-07-21,,0.312
ZJV0TBZ0,0,0,,,,Censored No Alarm,0,0,0,0,0,1,0.0019827319774776697,,2018-12-05,,0.312
ZJV0TBZH,0,0,,,,Censored No Alarm,0,0,0,0,0,1,0.003734869882464409,,2018-07-21,,0.312
ZJV0TBZZ,0,0,,,,Censored No Alarm,0,0,0,0,0,1,0.0013267637696117163,,2018-08-29,,0.312
ZJV0TC19,0,0,,,,Censored No Alarm,0,0,0,0,0,1,0.0019119932549074292,,2018-08-29,,0.312
ZJV0TC1J,0,0,,,,Censored No Alarm,0,0,0,0,0,1,0.0005473073688335717,,2018-07-28,,0.312
ZJV0TC2M,0,0,,,,Censored No Alarm,0,0,0,0,0,1,0.0006599242915399373,,2018-07-28,,0.312
ZJV0TC44,0,0,,,,Censored No Alarm,0,0,0,0,0,1,0.0013531380100175738,,2018-10-29,,0.312
ZJV0TC49,0,0,,,,Censored No Alarm,0,0,0,0,0,1,0.0005472528864629567,,2018-07-28,,0.312
ZJV0TC4D,0,0,,,,Censored No Alarm,0,0,0,0,0,1,0.001105285482481122,,2018-12-05,,0.312
ZJV0TC4L,0,0,,,,Censored No Alarm,0,0,0,0,0,1,0.002739392453804612,,2018-07-21,,0.312
ZJV0TC4X,0,0,,,,Censored No Alarm,0,0,0,0,0,1,0.0005463605630211532,,2018-07-28,,0.312
ZJV0TC57,0,0,,,,Censored No Alarm,0,0,0,0,0,1,0.0028232382610440254,,2018-07-21,,0.312
ZJV0TC5Z,0,0,,,,Censored No Alarm,0,0,0,0,0,1,0.0013014526339247823,,2018-10-29,,0.312
ZJV0TC6P,0,0,,,,Censored No Alarm,0,0,0,0,0,1,0.0014670833479613066,,2018-07-28,,0.312
ZJV0TC8D,0,0,,,,Censored No Alarm,0,0,0,0,0,1,0.0005621995660476387,,2018-07-28,,0.312
ZJV0TC8H,0,0,,,,Censored No Alarm,0,0,0,0,0,1,0.0029677841812372208,,2018-07-21,,0.312
ZJV0TC8N,0,0,,,,Censored No Alarm,0,0,0,0,0,1,0.0024258382618427277,,2018-07-21,,0.312
ZJV0TC8S,0,0,,,,Censored No Alarm,0,0,0,0,0,1,0.0011641873279586434,,2018-12-05,,0.312
ZJV0TC8W,0,0,,,,Censored No Alarm,0,0,0,0,0,1,0.0006252042949199677,,2018-07-28,,0.312
ZJV0TC8Z,0,0,,,,Censored No Alarm,0,0,0,0,0,1,0.0004908742266707122,,2018-07-28,,0.312
ZJV0TC9E,0,0,,,,Censored No Alarm,0,0,0,0,0,1,0.0015324369305744767,,2018-08-29,,0.312
ZJV0TCA2,0,0,,,,Censored No Alarm,0,0,0,0,0,1,0.0009787629824131727,,2018-10-29,,0.312
ZJV0TCA3,0,0,,,,Censored No Alarm,0,0,0,0,0,1,0.0015733472537249327,,2018-10-29,,0.312
ZJV0TCAZ,0,0,,,,Censored No Alarm,0,0,0,0,0,1,0.002010857919231057,,2018-07-21,,0.312
ZJV0TCB2,0,0,,,,Censored No Alarm,0,0,0,0,0,1,0.0008253448759205639,,2018-12-05,,0.312
ZJV0TCBK,0,0,,,,Censored No Alarm,0,0,0,0,0,1,0.0007456280873157084,,2018-07-28,,0.312
ZJV0TCBQ,0,0,,,,Censored No Alarm,0,0,0,0,0,1,0.0009472210076637566,,2018-07-28,,0.312
ZJV0TCBT,0,0,,,,Censored No Alarm,0,0,0,0,0,1,0.0009331973269581795,,2018-10-29,,0.312
ZJV0TCDZ,0,0,,,,Censored No Alarm,0,0,0,0,0,1,0.0016323880990967155,,2018-07-28,,0.312
ZJV0TCE3,0,0,,,,Censored No Alarm,0,0,0,0,0,1,0.0010317444102838635,,2018-10-29,,0.312
ZJV0TCEP,0,0,,,,Censored No Alarm,0,0,0,0,0,1,0.0018128901720046997,,2018-07-21,,0.312
ZJV0TCES,0,0,,,,Censored No Alarm,0,0,0,0,0,1,0.0008447643485851586,,2018-10-29,,0.312
ZJV0TCF9,0,0,,,,Censored No Alarm,0,0,0,0,0,1,0.0019649756141006947,,2018-07-21,,0.312
ZJV0TCFQ,0,0,,,,Censored No Alarm,0,0,0,0,0,1,0.004636385012418032,,2018-07-21,,0.312
ZJV0TCG9,0,0,,,,Censored No Alarm,0,0,0,0,0,1,0.0015084019396454096,,2018-08-29,,0.312
ZJV0TCGC,0,0,,,,Censored No Alarm,0,0,0,0,0,1,0.000979314325377345,,2019-01-23,,0.312
ZJV0TCGH,0,0,,,,Censored No Alarm,0,0,0,0,0,1,0.002811354584991932,,2018-07-21,,0.312
ZJV0TCGP,0,0,,,,Censored No Alarm,0,0,0,0,0,1,0.002608123468235135,,2018-07-21,,0.312
ZJV0TCHR,0,0,,,,Censored No Alarm,0,0,0,0,0,1,0.0028944872319698334,,2018-10-29,,0.312
ZJV0TCJ1,0,0,,,,Censored No Alarm,0,0,0,0,0,1,0.0021351114846765995,,2018-07-21,,0.312
ZJV0TCKF,0,0,,,,Censored No Alarm,0,0,0,0,0,1,0.0022173651959747076,,2018-07-21,,0.312
ZJV0TCKQ,0,0,,,,Censored No Alarm,0,0,0,0,0,1,0.0010934585006907582,,2018-07-28,,0.312
ZJV0TCKY,0,0,,,,Censored No Alarm,0,0,0,0,0,1,0.0005394791369326413,,2018-07-28,,0.312
ZJV0TCLF,0,0,,,,Censored No Alarm,0,0,0,0,0,1,0.002925148932263255,,2018-07-12,,0.312
ZJV0TCLL,0,0,,,,Censored No Alarm,0,0,0,0,0,1,0.0005367555422708392,,2018-07-28,,0.312
ZJV0TCLW,0,0,,,,Censored No Alarm,0,0,0,0,0,1,0.002637332072481513,,2018-07-21,,0.312
ZJV0TCLY,0,0,,,,Censored No Alarm,0,0,0,0,0,1,0.002781238406896591,,2018-07-21,,0.312
ZJV0TEGP,0,0,,,,Censored No Alarm,0,0,0,0,0,1,0.033217571675777435,,2018-07-21,,0.312
ZJV0TEGT,0,0,,,,Censored No Alarm,0,0,0,0,0,1,0.000585049856454134,,2018-07-28,,0.312
ZJV0TEH2,0,0,,,,Censored No Alarm,0,0,0,0,0,1,0.003920856397598982,,2018-07-12,,0.312
ZJV0TEH3,0,0,,,,Censored No Alarm,0,0,0,0,0,1,0.0005402793176472187,,2018-07-28,,0.312
ZJV0TEH6,0,0,,,,Censored No Alarm,0,0,0,0,0,1,0.00140687869861722,,2018-08-29,,0.312
ZJV0TEHZ,0,0,,,,Censored No Alarm,0,0,0,0,0,1,0.0018572190310806036,,2018-07-12,,0.312
ZJV0TEJ2,0,0,,,,Censored No Alarm,0,0,0,0,0,1,0.0010012415004894137,,2018-10-29,,0.312
ZJV0TEK2,0,0,,,,Censored No Alarm,0,0,0,0,0,1,0.001561942626722157,,2018-10-29,,0.312
ZJV0TEK7,0,0,,,,Censored No Alarm,0,0,0,0,0,1,0.003080061636865139,,2018-07-12,,0.312
ZJV0TEK9,0,0,,,,Censored No Alarm,0,0,0,0,0,1,0.0035144095309078693,,2018-07-21,,0.312
ZJV0TEKL,0,0,,,,Censored No Alarm,0,0,0,0,0,1,0.0014090180629864335,,2018-10-29,,0.312
ZJV0TELE,0,0,,,,Censored No Alarm,0,0,0,0,0,1,0.029120996594429016,,2018-08-29,,0.312
ZJV0TEM5,0,0,,,,Censored No Alarm,0,0,0,0,0,1,0.000748869904782623,,2018-07-28,,0.312
ZJV0TEME,0,0,,,,Censored No Alarm,0,0,0,0,0,1,0.0023430108558386564,,2018-07-21,,0.312
ZJV0TEMS,0,0,,,,Censored No Alarm,0,0,0,0,0,1,0.0015235345344990492,,2018-10-29,,0.312
ZJV0TEN7,0,0,,,,Censored No Alarm,0,0,0,0,0,1,0.0006007190095260739,,2018-07-28,,0.312
ZJV0TENQ,0,0,,,,Censored No Alarm,0,0,0,0,0,1,0.00360649055801332,,2018-07-21,,0.312
ZJV0TENW,0,0,,,,Censored No Alarm,0,0,0,0,0,1,0.0005537967081181705,,2018-07-28,,0.312
ZJV0TENY,0,0,,,,Censored No Alarm,0,0,0,0,0,1,0.0019718720577657223,,2018-07-21,,0.312
ZJV0TEP4,0,0,,,,Censored No Alarm,0,0,0,0,0,1,0.0011979099363088608,,2018-10-29,,0.312
ZJV0TEPN,0,0,,,,Censored No Alarm,0,0,0,0,0,1,0.0026113258209079504,,2018-07-21,,0.312
ZJV0TEPR,0,0,,,,Censored No Alarm,0,0,0,0,0,1,0.0020592226646840572,,2018-07-21,,0.312
ZJV0TLGX,0,0,,,,Censored No Alarm,0,0,0,0,0,1,0.0011275545693933964,,2018-08-29,,0.312
ZJV0TLLX,0,0,,,,Censored No Alarm,0,0,0,0,0,1,0.0006338499952107668,,2018-07-28,,0.312
ZJV0TQNM,0,0,,,,Censored No Alarm,0,0,0,0,0,1,0.0013611373724415898,,2018-12-05,,0.312
ZJV0TQT1,0,0,,,,Censored No Alarm,0,0,0,0,0,1,0.002249737735837698,,2018-08-29,,0.312
ZJV0TQTZ,0,0,,,,Censored No Alarm,0,0,0,0,0,1,0.002836089115589857,,2018-07-12,,0.312
ZJV0TQV4,0,0,,,,Censored No Alarm,0,0,0,0,0,1,0.002420692704617977,,2018-07-21,,0.312
ZJV0TTF6,0,0,,,,Censored No Alarm,0,0,0,0,0,1,0.002060983330011368,,2018-07-21,,0.312
ZJV0TTQY,0,0,,,,Censored No Alarm,0,0,0,0,0,1,0.0030414434149861336,,2018-07-21,,0.312
ZJV0TY9X,0,0,,,,Censored No Alarm,0,0,0,0,0,1,0.0005619857693091035,,2018-07-28,,0.312
ZJV0V705,0,0,,,,Censored No Alarm,0,0,0,0,0,1,0.0029010134749114513,,2018-08-29,,0.312
ZJV0VAXY,0,0,,,,Censored No Alarm,0,0,0,0,0,1,0.001137278275564313,,2018-10-29,,0.312
ZJV0VCFD,0,0,,,,Censored No Alarm,0,0,0,0,0,1,0.0007795157725922763,,2018-12-05,,0.312
ZJV0VEVX,0,0,,,,Censored No Alarm,0,0,0,0,0,1,0.0016823089681565762,,2019-10-30,,0.312
ZJV0VEX5,0,0,,,,Censored No Alarm,0,0,0,0,0,1,0.0027816721703857183,,2018-07-12,,0.312
ZJV0VF1L,0,0,,,,Censored No Alarm,0,0,0,0,0,1,0.0011742846108973026,,2018-12-08,,0.312
ZJV0VS0V,0,0,,,,Censored No Alarm,0,0,0,0,0,1,0.0009274751064367592,,2018-12-05,,0.312
ZJV0VWYN,0,0,,,,Censored No Alarm,0,0,0,0,0,1,0.2806685268878937,,2018-07-12,,0.312
ZJV0W1V1,0,0,,,,Censored No Alarm,0,0,0,0,0,1,0.0023007176350802183,,2019-10-07,,0.312
ZJV0W4TV,0,0,,,,Censored No Alarm,0,0,0,0,0,1,0.0015116076683625579,,2018-07-28,,0.312
ZJV0W4VX,0,0,,,,Censored No Alarm,0,0,0,0,0,1,0.0005854342016391456,,2018-07-28,,0.312
ZJV0W7R2,1,0,,2020-10-10,,Missed,0,0,0,0,1,0,0.004760397132486105,,2018-07-12,,0.312
ZJV0W883,0,0,,,,Censored No Alarm,0,0,0,0,0,1,0.0013684578007087111,,2018-12-08,,0.312
ZJV0WBKL,0,0,,,,Censored No Alarm,0,0,0,0,0,1,0.0010643566492944956,,2018-08-29,,0.312
ZJV0WBL3,0,0,,,,Censored No Alarm,0,0,0,0,0,1,0.0024894324596971273,,2018-07-12,,0.312
ZJV0WBL6,0,0,,,,Censored No Alarm,0,0,0,0,0,1,0.001012857654131949,,2018-08-29,,0.312
ZJV0WBLX,0,0,,,,Censored No Alarm,0,0,0,0,0,1,0.0005486619775183499,,2018-07-28,,0.312
ZJV0WBMH,0,0,,,,Censored No Alarm,0,0,0,0,0,1,0.0015963924815878272,,2018-12-05,,0.312
ZJV0WBMS,0,0,,,,Censored No Alarm,0,0,0,0,0,1,0.0027133550029248,,2018-07-21,,0.312
ZJV0WBN6,0,0,,,,Censored No Alarm,0,0,0,0,0,1,0.0015768168959766626,,2018-12-05,,0.312
ZJV0WBN7,0,0,,,,Censored No Alarm,0,0,0,0,0,1,0.0013673921348527074,,2018-08-29,,0.312
ZJV0WBP4,0,0,,,,Censored No Alarm,0,0,0,0,0,1,0.0029761965852230787,,2018-07-21,,0.312
ZJV0WBPV,0,0,,,,Censored No Alarm,0,0,0,0,0,1,0.0013218504609540105,,2018-07-28,,0.312
ZJV0WBPW,0,0,,,,Censored No Alarm,0,0,0,0,0,1,0.002091875532642007,,2018-08-29,,0.312
ZJV0WBQB,0,0,,,,Censored No Alarm,0,0,0,0,0,1,0.000545669172424823,,2018-07-28,,0.312
ZJV0WBQM,0,0,,,,Censored No Alarm,0,0,0,0,0,1,0.0024484372697770596,,2018-12-05,,0.312
ZJV0WBR4,0,0,,,,Censored No Alarm,0,0,0,0,0,1,0.0024135136045515537,,2018-07-21,,0.312
ZJV0WBRL,0,0,,,,Censored No Alarm,0,0,0,0,0,1,0.002227652817964554,,2018-07-21,,0.312
ZJV0WBRP,0,0,,,,Censored No Alarm,0,0,0,0,0,1,0.0012565371580421925,,2018-07-28,,0.312
ZJV0WBRW,0,0,,,,Censored No Alarm,0,0,0,0,0,1,0.002457005437463522,,2018-07-12,,0.312
ZJV0WBRY,0,0,,,,Censored No Alarm,0,0,0,0,0,1,0.0027338615618646145,,2018-07-21,,0.312
ZJV0WBSC,0,0,,,,Censored No Alarm,0,0,0,0,0,1,0.0008256299188360572,,2018-12-05,,0.312
ZJV0WBSR,0,0,,,,Censored No Alarm,0,0,0,0,0,1,0.0008834932232275605,,2018-08-29,,0.312
ZJV0WBVT,0,0,,,,Censored No Alarm,0,0,0,0,0,1,0.000538431981112808,,2018-07-28,,0.312
ZJV0WBW7,0,0,,,,Censored No Alarm,0,0,0,0,0,1,0.0008972136420197785,,2018-12-05,,0.312
ZJV0WBW8,0,0,,,,Censored No Alarm,0,0,0,0,0,1,0.0009232937009073794,,2018-07-28,,0.312
ZJV0WBWB,0,0,,,,Censored No Alarm,0,0,0,0,0,1,0.003187489928677678,,2018-07-21,,0.312
ZJV0WBWD,0,0,,,,Censored No Alarm,0,0,0,0,0,1,0.002687449799850583,,2018-07-21,,0.312
ZJV0WBXV,0,0,,,,Censored No Alarm,0,0,0,0,0,1,0.0026472844183444977,,2018-07-12,,0.312
ZJV0WBY0,0,0,,,,Censored No Alarm,0,0,0,0,0,1,0.0025824352633208036,,2018-07-21,,0.312
ZJV0WBYK,0,0,,,,Censored No Alarm,0,0,0,0,0,1,0.000651651294901967,,2018-07-28,,0.312
ZJV0WC0J,0,0,,,,Censored No Alarm,0,0,0,0,0,1,0.002886223839595914,,2018-07-21,,0.312
ZJV0WCPM,0,0,,,,Censored No Alarm,0,0,0,0,0,1,0.0037010428495705128,,2018-07-21,,0.312
ZJV0WCQ7,0,0,,,,Censored No Alarm,0,0,0,0,0,1,0.0005628131912089884,,2018-07-28,,0.312
ZJV0WCRQ,0,0,,,,Censored No Alarm,0,0,0,0,0,1,0.001008697203360498,,2018-12-05,,0.312
ZJV0WCS3,0,0,,,,Censored No Alarm,0,0,0,0,0,1,0.027810214087367058,,2018-08-29,,0.312
ZJV0WCS9,0,0,,,,Censored No Alarm,0,0,0,0,0,1,0.0023442560341209173,,2018-07-21,,0.312
ZJV0WCSR,0,0,,,,Censored No Alarm,0,0,0,0,0,1,0.000987039296887815,,2018-12-05,,0.312
ZJV0WCT9,0,0,,,,Censored No Alarm,0,0,0,0,0,1,0.0006303996779024601,,2018-07-28,,0.312
ZJV0WCTC,0,0,,,,Censored No Alarm,0,0,0,0,0,1,0.0005497167585417628,,2018-07-28,,0.312
ZJV0WCTE,0,0,,,,Censored No Alarm,0,0,0,0,0,1,0.0009338233503513038,,2018-12-05,,0.312
ZJV0WCTH,0,0,,,,Censored No Alarm,0,0,0,0,0,1,0.0020245066843926907,,2018-07-21,,0.312
ZJV0WCV7,0,0,,,,Censored No Alarm,0,0,0,0,0,1,0.0005243096966296434,,2018-07-28,,0.312
ZJV0WCVV,0,0,,,,Censored No Alarm,0,0,0,0,0,1,0.002205966040492058,,2018-07-12,,0.312
ZJV0WCW8,0,0,,,,Censored No Alarm,0,0,0,0,0,1,0.0005475453217513859,,2018-07-28,,0.312
ZJV0WCWB,0,0,,,,Censored No Alarm,0,0,0,0,0,1,0.0006263440591283143,,2018-07-28,,0.312
ZJV0WCWL,0,0,,,,Censored No Alarm,0,0,0,0,0,1,0.001551510184071958,,2018-08-29,,0.312
ZJV0WCWR,0,0,,,,Censored No Alarm,0,0,0,0,0,1,0.0031194924376904964,,2018-07-12,,0.312
ZJV0WCWX,0,0,,,,Censored No Alarm,0,0,0,0,0,1,0.0012667248956859112,,2018-10-29,,0.312
ZJV0WCXG,0,0,,,,Censored No Alarm,0,0,0,0,0,1,0.002334855031222105,,2018-07-21,,0.312
ZJV0WCYP,0,0,,,,Censored No Alarm,0,0,0,0,0,1,0.0018786293221637607,,2018-12-05,,0.312
ZJV0WCZZ,0,0,,,,Censored No Alarm,0,0,0,0,0,1,0.002315301215276122,,2018-07-12,,0.312
ZJV0WD24,0,0,,,,Censored No Alarm,0,0,0,0,0,1,0.0005693149869330227,,2018-07-28,,0.312
ZJV0WD28,0,0,,,,Censored No Alarm,0,0,0,0,0,1,0.0032891223672777414,,2018-07-21,,0.312
ZJV0WEHK,0,0,,,,Censored No Alarm,0,0,0,0,0,1,0.001113535137847066,,2018-12-05,,0.312
ZJV0WEHT,0,0,,,,Censored No Alarm,0,0,0,0,0,1,0.0005430469173006713,,2018-07-28,,0.312
ZJV0WEJ3,0,0,,,,Censored No Alarm,0,0,0,0,0,1,0.0033677055034786463,,2018-08-29,,0.312
ZJV0WEJE,0,0,,,,Censored No Alarm,0,0,0,0,0,1,0.013650651089847088,,2018-07-21,,0.312
ZJV0WEJK,0,0,,,,Censored No Alarm,0,0,0,0,0,1,0.0015545135829597712,,2018-12-05,,0.312
ZJV0WEKC,0,0,,,,Censored No Alarm,0,0,0,0,0,1,0.001871787360869348,,2018-07-28,,0.312
ZJV0WEKS,1,0,,2019-10-08,,Missed,0,0,0,0,1,0,0.0005378536297939718,,2018-07-28,,0.312
ZJV0WEL4,0,0,,,,Censored No Alarm,0,0,0,0,0,1,0.0005843201070092618,,2018-07-28,,0.312
ZJV0WEMB,0,0,,,,Censored No Alarm,0,0,0,0,0,1,0.0029223726596683264,,2018-07-12,,0.312
ZJV0WEMH,0,0,,,,Censored No Alarm,0,0,0,0,0,1,0.004016819875687361,,2018-07-21,,0.312
ZJV0WEMR,0,0,,,,Censored No Alarm,0,0,0,0,0,1,0.0005332969594746828,,2018-07-28,,0.312
ZJV0WEN6,0,0,,,,Censored No Alarm,0,0,0,0,0,1,0.0005213365657255054,,2018-07-28,,0.312
ZJV0WEN9,0,0,,,,Censored No Alarm,0,0,0,0,0,1,0.00338647305034101,,2018-07-12,,0.312
ZJV0WEPC,0,0,,,,Censored No Alarm,0,0,0,0,0,1,0.001916928798891604,,2018-12-05,,0.312
ZJV0WEPJ,0,0,,,,Censored No Alarm,0,0,0,0,0,1,0.0005463691195473075,,2018-07-28,,0.312
ZJV0WER6,0,0,,,,Censored No Alarm,0,0,0,0,0,1,0.0010298063280060887,,2018-12-05,,0.312
ZJV0WERA,0,0,,,,Censored No Alarm,0,0,0,0,0,1,0.0013420990435406566,,2018-07-28,,0.312
ZJV0WES6,0,0,,,,Censored No Alarm,0,0,0,0,0,1,0.0006525223143398762,,2018-07-28,,0.312
ZJV0WES8,0,0,,,,Censored No Alarm,0,0,0,0,0,1,0.19084589183330536,,2018-07-28,,0.312
ZJV0WESH,0,0,,,,Censored No Alarm,0,0,0,0,0,1,0.0005833710310980678,,2018-07-28,,0.312
ZJV0WESQ,0,0,,,,Censored No Alarm,0,0,0,0,0,1,0.0009492012904956937,,2018-08-29,,0.312
ZJV0WESS,0,0,,,,Censored No Alarm,0,0,0,0,0,1,0.0006014981772750616,,2018-07-28,,0.312
ZJV0WETS,0,0,,,,Censored No Alarm,0,0,0,0,0,1,0.002387423999607563,,2018-07-12,,0.312
ZJV0WETX,0,0,,,,Censored No Alarm,0,0,0,0,0,1,0.002282507950440049,,2018-07-12,,0.312
ZJV0WEV6,0,0,,,,Censored No Alarm,0,0,0,0,0,1,0.0005698807653971016,,2018-07-28,,0.312
ZJV0WEVH,0,0,,,,Censored No Alarm,0,0,0,0,0,1,0.0005154329701326787,,2018-07-28,,0.312
ZJV0WEW2,0,0,,,,Censored No Alarm,0,0,0,0,0,1,0.001274928916245699,,2018-08-29,,0.312
ZJV0WEWF,0,0,,,,Censored No Alarm,0,0,0,0,0,1,0.0006343194982036948,,2018-07-28,,0.312
ZJV0WEXV,0,0,,,,Censored No Alarm,0,0,0,0,0,1,0.0012263411190360785,,2018-12-05,,0.312
ZJV0WEXW,0,0,,,,Censored No Alarm,0,0,0,0,0,1,0.0015025888569653034,,2018-12-05,,0.312
ZJV0WEYF,0,0,,,,Censored No Alarm,0,0,0,0,0,1,0.0009680233197286725,,2018-07-28,,0.312
ZJV0WEYM,0,0,,,,Censored No Alarm,0,0,0,0,0,1,0.0065824841149151325,,2018-07-12,,0.312
ZJV0WEYV,1,0,,2019-10-28,,Missed,0,0,0,0,1,0,0.11939738690853119,,2018-12-05,,0.312
ZJV0WEZ4,0,0,,,,Censored No Alarm,0,0,0,0,0,1,0.21123075485229492,,2018-12-05,,0.312
ZJV0WF0T,0,0,,,,Censored No Alarm,0,0,0,0,0,1,0.0037515144795179367,,2018-07-12,,0.312
ZJV0WF1N,0,0,,,,Censored No Alarm,0,0,0,0,0,1,0.0015601662453263998,,2018-12-05,,0.312
ZJV0WF2C,0,0,,,,Censored No Alarm,0,0,0,0,0,1,0.0024303914979100227,,2018-12-05,,0.312
ZJV0WF2D,0,0,,,,Censored No Alarm,0,0,0,0,0,1,0.0009012187365442514,,2018-12-05,,0.312
ZJV0WF3B,0,0,,,,Censored No Alarm,0,0,0,0,0,1,0.0005008440930396318,,2018-07-28,,0.312
ZJV0WF3Z,0,0,,,,Censored No Alarm,0,0,0,0,0,1,0.17778973281383514,,2018-08-29,,0.312
ZJV0WF5E,0,0,,,,Censored No Alarm,0,0,0,0,0,1,0.0019339213613420725,,2018-12-05,,0.312
ZJV0WF5V,0,0,,,,Censored No Alarm,0,0,0,0,0,1,0.0013300779974088073,,2018-10-29,,0.312
ZJV0WF65,0,0,,,,Censored No Alarm,0,0,0,0,0,1,0.0013095950707793236,,2018-12-05,,0.312
ZJV0WF86,0,0,,,,Censored No Alarm,0,0,0,0,0,1,0.0016872115666046739,,2018-07-12,,0.312
ZJV0WF8R,0,0,,,,Censored No Alarm,0,0,0,0,0,1,0.0008005350246094167,,2018-12-05,,0.312
ZJV0WFBE,0,0,,,,Censored No Alarm,0,0,0,0,0,1,0.0005001508397981524,,2018-07-28,,0.312
ZJV0WFBQ,0,0,,,,Censored No Alarm,0,0,0,0,0,1,0.000496162218041718,,2018-07-28,,0.312
ZJV0WFC9,0,0,,,,Censored No Alarm,0,0,0,0,0,1,0.0009547016816213727,,2018-12-05,,0.312
ZJV0WFCA,0,0,,,,Censored No Alarm,0,0,0,0,0,1,0.0016022963682189584,,2018-07-28,,0.312
ZJV0WFD0,0,0,,,,Censored No Alarm,0,0,0,0,0,1,0.000525229552295059,,2018-07-28,,0.312
ZJV0WFD1,0,0,,,,Censored No Alarm,0,0,0,0,0,1,0.0033154827542603016,,2018-08-29,,0.312
ZJV0WFD3,0,0,,,,Censored No Alarm,0,0,0,0,0,1,0.0014857908245176077,,2018-08-29,,0.312
ZJV0WFDP,0,0,,,,Censored No Alarm,0,0,0,0,0,1,0.311797559261322,,2018-12-05,,0.312
ZJV0WFFV,0,0,,,,Censored No Alarm,0,0,0,0,0,1,0.002230989746749401,,2018-07-12,,0.312
ZJV0WFGD,0,0,,,,Censored No Alarm,0,0,0,0,0,1,0.0018474875250831246,,2018-12-05,,0.312
ZJV0WFGQ,0,0,,,,Censored No Alarm,0,0,0,0,0,1,0.0005416968488134444,,2018-07-28,,0.312
ZJV0WFH0,0,0,,,,Censored No Alarm,0,0,0,0,0,1,0.0005049451719969511,,2018-07-28,,0.312
ZJV0WFHN,0,0,,,,Censored No Alarm,0,0,0,0,0,1,0.0016326203476637602,,2018-08-29,,0.312
ZJV0WFJF,0,0,,,,Censored No Alarm,0,0,0,0,0,1,0.19063499569892883,,2018-07-28,,0.312
ZJV0WFJR,0,0,,,,Censored No Alarm,0,0,0,0,0,1,0.04866267368197441,,2018-07-12,,0.312
ZJV0WFKL,0,0,,,,Censored No Alarm,0,0,0,0,0,1,0.002052800729870796,,2018-12-05,,0.312
ZJV0WFKN,0,0,,,,Censored No Alarm,0,0,0,0,0,1,0.0017402056837454438,,2018-07-12,,0.312
ZJV0WFKT,0,0,,,,Censored No Alarm,0,0,0,0,0,1,0.0009494500118307769,,2018-12-05,,0.312
ZJV0WFM9,0,0,,,,Censored No Alarm,0,0,0,0,0,1,0.004180163145065308,,2018-07-12,,0.312
ZJV0WFMB,0,0,,,,Censored No Alarm,0,0,0,0,0,1,0.0011989634949713945,,2018-12-05,,0.312
ZJV0WFN2,0,0,,,,Censored No Alarm,0,0,0,0,0,1,0.0013807821087539196,,2018-08-29,,0.312
ZJV0WFN5,0,0,,,,Censored No Alarm,0,0,0,0,0,1,0.0026098135858774185,,2018-07-21,,0.312
ZJV0WFNZ,0,0,,,,Censored No Alarm,0,0,0,0,0,1,0.002028190065175295,,2018-07-12,,0.312
ZJV0WFQ0,0,0,,,,Censored No Alarm,0,0,0,0,0,1,0.0005129994242452085,,2018-07-28,,0.312
ZJV0WFQ7,0,0,,,,Censored No Alarm,0,0,0,0,0,1,0.000566710950806737,,2018-07-28,,0.312
ZJV0WFQG,0,0,,,,Censored No Alarm,0,0,0,0,0,1,0.0005476290825754404,,2018-07-28,,0.312
ZJV0WFQW,0,0,,,,Censored No Alarm,0,0,0,0,0,1,0.0011554593220353127,,2018-12-05,,0.312
ZJV0WFRE,0,0,,,,Censored No Alarm,0,0,0,0,0,1,0.0013888016110286117,,2018-12-05,,0.312
ZJV0WFRQ,1,0,,2019-07-14,,Missed,0,0,0,0,1,0,0.0012199229095131159,,2018-08-29,,0.312
ZJV0WFRR,0,0,,,,Censored No Alarm,0,0,0,0,0,1,0.0007069099810905755,,2018-12-05,,0.312
ZJV0WFS3,0,0,,,,Censored No Alarm,0,0,0,0,0,1,0.000555741018615663,,2018-07-28,,0.312
ZJV0WFSF,0,0,,,,Censored No Alarm,0,0,0,0,0,1,0.003678059671074152,,2018-07-21,,0.312
ZJV0WFST,1,0,,2019-09-17,,Missed,0,0,0,0,1,0,0.08387944102287292,,2018-12-05,,0.312
ZJV0WFVP,0,0,,,,Censored No Alarm,0,0,0,0,0,1,0.0011683483608067036,,2018-10-29,,0.312
ZJV0WFWW,0,0,,,,Censored No Alarm,0,0,0,0,0,1,0.0009791067568585277,,2018-12-05,,0.312
ZJV0WFXE,0,0,,,,Censored No Alarm,0,0,0,0,0,1,0.0005656947614625096,,2018-07-28,,0.312
ZJV0WFY6,0,0,,,,Censored No Alarm,0,0,0,0,0,1,0.001340312766842544,,2018-12-05,,0.312
ZJV0WFYX,0,0,,,,Censored No Alarm,0,0,0,0,0,1,0.0011867705034092069,,2018-12-05,,0.312
ZJV0WFZ0,0,0,,,,Censored No Alarm,0,0,0,0,0,1,0.0028370923828333616,,2018-07-21,,0.312
ZJV0WFZ7,0,0,,,,Censored No Alarm,0,0,0,0,0,1,0.004066877998411655,,2018-07-21,,0.312
ZJV0WFZF,0,0,,,,Censored No Alarm,0,0,0,0,0,1,0.0008169797947630286,,2018-12-05,,0.312
ZJV0WFZP,0,0,,,,Censored No Alarm,0,0,0,0,0,1,0.0012004439486190677,,2018-08-29,,0.312
ZJV0WFZW,0,0,,,,Censored No Alarm,0,0,0,0,0,1,0.002343670930713415,,2018-07-12,,0.312
ZJV0WG0P,0,0,,,,Censored No Alarm,0,0,0,0,0,1,0.001998357241973281,,2018-07-12,,0.312
ZJV0WG12,0,0,,,,Censored No Alarm,0,0,0,0,0,1,0.0005359294009394944,,2018-07-28,,0.312
ZJV0WG13,0,0,,,,Censored No Alarm,0,0,0,0,0,1,0.001569711952470243,,2018-08-29,,0.312
ZJV0WG1P,0,0,,,,Censored No Alarm,0,0,0,0,0,1,0.0017897621728479862,,2018-08-29,,0.312
ZJV0WG2E,0,0,,,,Censored No Alarm,0,0,0,0,0,1,0.0008658997248858213,,2018-12-05,,0.312
ZJV0WG2S,0,0,,,,Censored No Alarm,0,0,0,0,0,1,0.0034598028287291527,,2018-10-29,,0.312
ZJV0WG2X,0,0,,,,Censored No Alarm,0,0,0,0,0,1,0.0016665783477947116,,2018-12-05,,0.312
ZJV0WG41,0,0,,,,Censored No Alarm,0,0,0,0,0,1,0.0007964862743392587,,2018-12-05,,0.312
ZJV0WG5V,0,0,,,,Censored No Alarm,0,0,0,0,0,1,0.0027835259679704905,,2018-07-12,,0.312
ZJV0WG75,0,0,,,,Censored No Alarm,0,0,0,0,0,1,0.0019333617528900504,,2018-07-12,,0.312
ZJV0WG7V,0,0,,,,Censored No Alarm,0,0,0,0,0,1,0.013453267514705658,,2018-07-12,,0.312
ZJV0WG88,0,0,,,,Censored No Alarm,0,0,0,0,0,1,0.003754609264433384,,2018-07-12,,0.312
ZJV0WG8D,0,0,,,,Censored No Alarm,0,0,0,0,0,1,0.0011795934988185763,,2018-12-05,,0.312
ZJV0WG8H,0,0,,,,Censored No Alarm,0,0,0,0,0,1,0.002275665756314993,,2018-08-29,,0.312
ZJV0WG8K,0,0,,,,Censored No Alarm,0,0,0,0,0,1,0.0007170187891460955,,2018-12-05,,0.312
ZJV0WGA9,0,0,,,,Censored No Alarm,0,0,0,0,0,1,0.003423095913603902,,2018-07-12,,0.312
ZJV0WGBS,0,0,,,,Censored No Alarm,0,0,0,0,0,1,0.0013461853377521038,,2018-07-28,,0.312
ZJV0WGC0,0,0,,,,Censored No Alarm,0,0,0,0,0,1,0.0005798352067358792,,2018-07-28,,0.312
ZJV0WGD0,0,0,,,,Censored No Alarm,0,0,0,0,0,1,0.0013479687040671706,,2018-08-29,,0.312
ZJV0WGF2,0,0,,,,Censored No Alarm,0,0,0,0,0,1,0.001517923315986991,,2018-08-29,,0.312
ZJV0WGFW,0,0,,,,Censored No Alarm,0,0,0,0,0,1,0.00276812887750566,,2018-07-21,,0.312
ZJV0WGG4,0,0,,,,Censored No Alarm,0,0,0,0,0,1,0.0036195956636220217,,2018-07-21,,0.312
ZJV0WGGF,0,0,,,,Censored No Alarm,0,0,0,0,0,1,0.000566694769077003,,2018-07-28,,0.312
ZJV0WGH7,0,0,,,,Censored No Alarm,0,0,0,0,0,1,0.0005527262110263109,,2018-07-28,,0.312
ZJV0WGHV,0,0,,,,Censored No Alarm,0,0,0,0,0,1,0.001987570896744728,,2018-12-05,,0.312
ZJV0WGHZ,0,0,,,,Censored No Alarm,0,0,0,0,0,1,0.0010419973405078053,,2018-07-28,,0.312
ZJV0WGJT,0,0,,,,Censored No Alarm,0,0,0,0,0,1,0.0012579340254887938,,2018-12-05,,0.312
ZJV0WGK4,0,0,,,,Censored No Alarm,0,0,0,0,0,1,0.0005010331515222788,,2018-07-28,,0.312
ZJV0WGKS,0,0,,,,Censored No Alarm,0,0,0,0,0,1,0.2991359233856201,,2018-12-05,,0.312
ZJV0WGLM,0,0,,,,Censored No Alarm,0,0,0,0,0,1,0.0010468269465491176,,2018-08-29,,0.312
ZJV0WGM4,0,0,,,,Censored No Alarm,0,0,0,0,0,1,0.0007162060355767608,,2018-07-28,,0.312
ZJV0WGM5,0,0,,,,Censored No Alarm,0,0,0,0,0,1,0.0021304350811988115,,2018-12-05,,0.312
ZJV0WGMJ,0,0,,,,Censored No Alarm,0,0,0,0,0,1,0.0017779286717996001,,2018-07-21,,0.312
ZJV0WGN6,0,0,,,,Censored No Alarm,0,0,0,0,0,1,0.0030157750006765127,,2018-07-12,,0.312
ZJV0WGNQ,0,0,,,,Censored No Alarm,0,0,0,0,0,1,0.0030416427180171013,,2018-07-21,,0.312
ZJV0WGNX,0,0,,,,Censored No Alarm,0,0,0,0,0,1,0.002609078772366047,,2018-07-21,,0.312
ZJV0WGPB,0,0,,,,Censored No Alarm,0,0,0,0,0,1,0.002991200191900134,,2018-07-12,,0.312
ZJV0WGPD,0,0,,,,Censored No Alarm,0,0,0,0,0,1,0.002943007042631507,,2018-07-12,,0.312
ZJV0WGQ9,0,0,,,,Censored No Alarm,0,0,0,0,0,1,0.0010629440657794476,,2018-07-28,,0.312
ZJV0WGQA,0,0,,,,Censored No Alarm,0,0,0,0,0,1,0.0018203883664682508,,2018-07-12,,0.312
ZJV0WGR5,0,0,,,,Censored No Alarm,0,0,0,0,0,1,0.002532395999878645,,2018-07-21,,0.312
ZJV0WGR7,0,0,,,,Censored No Alarm,0,0,0,0,0,1,0.0005412772297859192,,2018-07-28,,0.312
ZJV0WGSJ,0,0,,,,Censored No Alarm,0,0,0,0,0,1,0.004149422515183687,,2018-07-12,,0.312
ZJV0WGTF,0,0,,,,Censored No Alarm,0,0,0,0,0,1,0.0010027465177699924,,2018-12-05,,0.312
ZJV0WGV1,0,0,,,,Censored No Alarm,0,0,0,0,0,1,0.0011254380224272609,,2018-08-29,,0.312
ZJV0WGVC,0,0,,,,Censored No Alarm,0,0,0,0,0,1,0.0026048647705465555,,2018-07-12,,0.312
ZJV0WGVT,0,0,,,,Censored No Alarm,0,0,0,0,0,1,0.001205436303280294,,2018-10-29,,0.312
ZJV0WGW1,0,0,,,,Censored No Alarm,0,0,0,0,0,1,0.0023106501903384924,,2018-07-21,,0.312
ZJV0WGWB,0,0,,,,Censored No Alarm,0,0,0,0,0,1,0.0007585482089780271,,2018-12-05,,0.312
ZJV0WGWF,0,0,,,,Censored No Alarm,0,0,0,0,0,1,0.005641988944262266,,2018-07-12,,0.312
ZJV0WH1F,0,0,,,,Censored No Alarm,0,0,0,0,0,1,0.0015041944570839405,,2018-07-12,,0.312
ZJV0WH4B,0,0,,,,Censored No Alarm,0,0,0,0,0,1,0.0012103141052648425,,2018-10-29,,0.312
ZJV0WH76,0,0,,,,Censored No Alarm,0,0,0,0,0,1,0.0026397425681352615,,2018-07-21,,0.312
ZJV0WMAT,0,0,,,,Censored No Alarm,0,0,0,0,0,1,0.0022912779822945595,,2018-07-12,,0.312
ZJV0WVT7,1,1,2020-06-08,2020-09-09,93.0,Early,0,1,0,1,0,0,0.42025992274284363,0.3253183364868164,2018-12-05,551.0,0.312
ZJV0WXMQ,0,0,,,,Censored No Alarm,0,0,0,0,0,1,0.0008899583481252193,,2018-12-05,,0.312
ZJV0XE36,0,0,,,,Censored No Alarm,0,0,0,0,0,1,0.002824501832947135,,2018-07-12,,0.312
ZJV0XE4K,0,0,,,,Censored No Alarm,0,0,0,0,0,1,0.0013613071059808135,,2018-08-29,,0.312
ZJV0XE4W,0,0,,,,Censored No Alarm,0,0,0,0,0,1,0.0026594437658786774,,2018-07-12,,0.312
ZJV0XE53,0,0,,,,Censored No Alarm,0,0,0,0,0,1,0.0015849847113713622,,2018-12-05,,0.312
ZJV0XE62,0,0,,,,Censored No Alarm,0,0,0,0,0,1,0.0010371484095230699,,2018-08-29,,0.312
ZJV0XE6P,0,0,,,,Censored No Alarm,0,0,0,0,0,1,0.0013542906381189823,,2018-12-05,,0.312
ZJV0XE75,0,0,,,,Censored No Alarm,0,0,0,0,0,1,0.002715464448556304,,2018-07-21,,0.312
ZJV0XE9H,0,0,,,,Censored No Alarm,0,0,0,0,0,1,0.05650629848241806,,2018-12-05,,0.312
ZJV0XE9J,0,0,,,,Censored No Alarm,0,0,0,0,0,1,0.0006526843644678593,,2018-07-28,,0.312
ZJV0XE9R,0,0,,,,Censored No Alarm,0,0,0,0,0,1,0.0017213344108313322,,2018-07-12,,0.312
ZJV0XJMW,0,0,,,,Censored No Alarm,0,0,0,0,0,1,0.0020778982434421778,,2018-07-12,,0.312
ZJV0XJNF,0,0,,,,Censored No Alarm,0,0,0,0,0,1,0.002642099978402257,,2018-07-21,,0.312
ZJV0XJPH,0,0,,,,Censored No Alarm,0,0,0,0,0,1,0.0012816496891900897,,2018-07-28,,0.312
ZJV0XJPY,0,0,,,,Censored No Alarm,0,0,0,0,0,1,0.0031521180644631386,,2018-07-12,,0.312
ZJV0XJQJ,0,0,,,,Censored No Alarm,0,0,0,0,0,1,0.0005193080869503319,,2018-07-28,,0.312
ZJV0XJRF,0,0,,,,Censored No Alarm,0,0,0,0,0,1,0.0011061487020924687,,2018-08-29,,0.312
ZJV0XJSA,0,0,,,,Censored No Alarm,0,0,0,0,0,1,0.001459641964174807,,2018-08-29,,0.312
ZJV0XJSB,0,0,,,,Censored No Alarm,0,0,0,0,0,1,0.002294234000146389,,2018-07-12,,0.312
ZJV0XJSQ,0,0,,,,Censored No Alarm,0,0,0,0,0,1,0.0042501348070800304,,2018-07-12,,0.312
ZJV0XJSS,0,0,,,,Censored No Alarm,0,0,0,0,0,1,0.026744410395622253,,2018-07-21,,0.312
ZJV0XJT9,0,0,,,,Censored No Alarm,0,0,0,0,0,1,0.0010417283046990633,,2018-12-05,,0.312
ZJV0XJTH,0,0,,,,Censored No Alarm,0,0,0,0,0,1,0.000996632850728929,,2018-12-05,,0.312
ZJV0XJTK,0,0,,,,Censored No Alarm,0,0,0,0,0,1,0.0018460408318787813,,2018-12-05,,0.312
ZJV0XJTQ,0,0,,,,Censored No Alarm,0,0,0,0,0,1,0.002661970676854253,,2018-07-12,,0.312
ZJV0XJWJ,0,0,,,,Censored No Alarm,0,0,0,0,0,1,0.0009755442151799798,,2019-01-23,,0.312
ZJV0XJWL,0,0,,,,Censored No Alarm,0,0,0,0,0,1,0.0019440887263044715,,2018-08-29,,0.312
ZJV0XJWP,0,0,,,,Censored No Alarm,0,0,0,0,0,1,0.21107150614261627,,2018-07-28,,0.312
ZJV0XJWT,0,0,,,,Censored No Alarm,0,0,0,0,0,1,0.0024533479008823633,,2018-07-12,,0.312
ZJV0XJYJ,0,0,,,,Censored No Alarm,0,0,0,0,0,1,0.0013578686630353332,,2018-08-29,,0.312
ZJV0XLFT,0,0,,,,Censored No Alarm,0,0,0,0,0,1,0.000968802603892982,,2018-12-08,,0.312
ZJV0XVDR,0,0,,,,Censored No Alarm,0,0,0,0,0,1,0.0011807548580691218,,2018-10-29,,0.312
ZJV0XZ2Y,0,0,,,,Censored No Alarm,0,0,0,0,0,1,0.001156084705144167,,2018-12-05,,0.312
ZJV0XZ39,0,0,,,,Censored No Alarm,0,0,0,0,0,1,0.0006209618295542896,,2018-07-28,,0.312
ZJV0XZ3V,0,0,,,,Censored No Alarm,0,0,0,0,0,1,0.0022710952907800674,,2018-12-05,,0.312
ZJV0XZ4X,0,0,,,,Censored No Alarm,0,0,0,0,0,1,0.11109310388565063,,2018-10-29,,0.312
ZJV0XZ4Y,0,0,,,,Censored No Alarm,0,0,0,0,0,1,0.0010238302638754249,,2018-07-28,,0.312
ZJV0XZ6Z,0,0,,,,Censored No Alarm,0,0,0,0,0,1,0.0006425630417652428,,2018-07-28,,0.312
ZJV0XZ7C,0,0,,,,Censored No Alarm,0,0,0,0,0,1,0.033838242292404175,,2018-12-05,,0.312
ZJV0XZ7L,0,0,,,,Censored No Alarm,0,0,0,0,0,1,0.0006134090363048017,,2018-07-28,,0.312
ZJV0XZ98,0,0,,,,Censored No Alarm,0,0,0,0,0,1,0.0031668113078922033,,2018-07-21,,0.312
ZJV0XZ9Q,0,0,,,,Censored No Alarm,0,0,0,0,0,1,0.003109994111582637,,2018-07-21,,0.312
ZJV0XZA3,0,0,,,,Censored No Alarm,0,0,0,0,0,1,0.0017774165607988834,,2018-08-29,,0.312
ZJV0XZAM,0,0,,,,Censored No Alarm,0,0,0,0,0,1,0.0006351688643917441,,2018-07-28,,0.312
ZJV0XZB3,0,0,,,,Censored No Alarm,0,0,0,0,0,1,0.0016504577361047268,,2018-12-05,,0.312
ZJV0XZB7,0,0,,,,Censored No Alarm,0,0,0,0,0,1,0.003179148305207491,,2018-07-21,,0.312
ZJV0Y315,0,0,,,,Censored No Alarm,0,0,0,0,0,1,0.0011849147267639637,,2018-12-08,,0.312
ZJV0Y5AK,0,0,,,,Censored No Alarm,0,0,0,0,0,1,0.0014101073611527681,,2018-08-29,,0.312
ZJV0Y5NQ,0,0,,,,Censored No Alarm,0,0,0,0,0,1,0.001580230426043272,,2018-08-29,,0.312
ZJV0Y5P6,0,0,,,,Censored No Alarm,0,0,0,0,0,1,0.0014968820614740252,,2018-12-05,,0.312
ZJV0Y5PN,0,0,,,,Censored No Alarm,0,0,0,0,0,1,0.0027549355290830135,,2018-07-21,,0.312
ZJV0Y5PR,1,1,2019-08-02,2020-11-20,476.0,Early,0,1,0,1,0,0,0.3485303819179535,0.3314306139945984,2018-12-05,240.0,0.312
ZJV0Y5PS,0,0,,,,Censored No Alarm,0,0,0,0,0,1,0.0009540792088955641,,2018-12-05,,0.312
ZJV0Y5Q4,0,0,,,,Censored No Alarm,0,0,0,0,0,1,0.0014015424530953169,,2018-12-05,,0.312
ZJV0Y5R4,0,0,,,,Censored No Alarm,0,0,0,0,0,1,0.0019602319225668907,,2018-12-05,,0.312
ZJV0Y5RG,0,0,,,,Censored No Alarm,0,0,0,0,0,1,0.0016108013223856688,,2018-12-05,,0.312
ZJV0Y5RL,0,0,,,,Censored No Alarm,0,0,0,0,0,1,0.0014903360279276967,,2018-12-05,,0.312
ZJV0Y5RP,0,0,,,,Censored No Alarm,0,0,0,0,0,1,0.001845149090513587,,2018-12-05,,0.312
ZJV0Y5SG,0,0,,,,Censored No Alarm,0,0,0,0,0,1,0.0014605637406930327,,2018-08-29,,0.312
ZJV0Y5Z0,0,0,,,,Censored No Alarm,0,0,0,0,0,1,0.0016639797249808908,,2018-12-05,,0.312
ZJV0Y5Z9,0,0,,,,Censored No Alarm,0,0,0,0,0,1,0.0017263884656131268,,2018-12-05,,0.312
ZJV0Z3H0,1,0,,2019-06-07,,Missed,0,0,0,0,1,0,0.0012624755036085844,,2018-07-12,,0.312
ZJV0Z5Z4,0,0,,,,Censored No Alarm,0,0,0,0,0,1,0.0008307318785227835,,2018-10-29,,0.312
ZJV0Z73A,0,0,,,,Censored No Alarm,0,0,0,0,0,1,0.000989722553640604,,2018-12-05,,0.312
ZJV0ZL08,0,0,,,,Censored No Alarm,0,0,0,0,0,1,0.0009563344647176564,,2018-08-29,,0.312
ZJV0ZMM2,0,0,,,,Censored No Alarm,0,0,0,0,0,1,0.005146037321537733,,2018-07-12,,0.312
ZJV0ZNQ4,0,0,,,,Censored No Alarm,0,0,0,0,0,1,0.0029066726565361023,,2018-07-21,,0.312
ZJV0ZXGM,1,0,,2019-09-03,,Missed,0,0,0,0,1,0,0.2797102928161621,,2018-07-12,,0.312
ZJV10985,0,0,,,,Censored No Alarm,0,0,0,0,0,1,0.0010253071086481214,,2018-12-05,,0.312
ZJV109C9,0,0,,,,Censored No Alarm,0,0,0,0,0,1,0.0021847663447260857,,2018-07-12,,0.312
ZJV10G6Z,0,0,,,,Censored No Alarm,0,0,0,0,0,1,0.001669230405241251,,2018-07-12,,0.312
ZJV10HYY,0,0,,,,Censored No Alarm,0,0,0,0,0,1,0.002227818127721548,,2018-07-12,,0.312
ZJV10J1H,0,0,,,,Censored No Alarm,0,0,0,0,0,1,0.003527445485815406,,2018-07-12,,0.312
ZJV10J2R,0,0,,,,Censored No Alarm,0,0,0,0,0,1,0.0023441570810973644,,2018-07-12,,0.312
ZJV10J36,0,0,,,,Censored No Alarm,0,0,0,0,0,1,0.0038939700461924076,,2018-07-21,,0.312
ZJV10J40,0,0,,,,Censored No Alarm,0,0,0,0,0,1,0.0018895288230851293,,2018-08-29,,0.312
ZJV10J50,0,0,,,,Censored No Alarm,0,0,0,0,0,1,0.0015554099809378386,,2018-08-29,,0.312
ZJV10J55,0,0,,,,Censored No Alarm,0,0,0,0,0,1,0.0038013330195099115,,2018-07-21,,0.312
ZJV10J5L,0,0,,,,Censored No Alarm,0,0,0,0,0,1,0.0026205407921224833,,2018-07-12,,0.312
ZJV10J65,1,0,,2019-11-04,,Missed,0,0,0,0,1,0,0.0037361937575042248,,2018-07-21,,0.312
ZJV10J7G,0,0,,,,Censored No Alarm,0,0,0,0,0,1,0.001075704232789576,,2018-10-29,,0.312
ZJV10J7N,0,0,,,,Censored No Alarm,0,0,0,0,0,1,0.0026005259715020657,,2018-07-21,,0.312
ZJV10J8F,0,0,,,,Censored No Alarm,0,0,0,0,0,1,0.0022373218089342117,,2018-07-12,,0.312
ZJV10J8P,0,0,,,,Censored No Alarm,0,0,0,0,0,1,0.0032571398187428713,,2018-07-12,,0.312
ZJV10J98,0,0,,,,Censored No Alarm,0,0,0,0,0,1,0.0018097078427672386,,2018-07-12,,0.312
ZJV10J9C,0,0,,,,Censored No Alarm,0,0,0,0,0,1,0.0010606670984998345,,2018-10-29,,0.312
ZJV10J9V,0,0,,,,Censored No Alarm,0,0,0,0,0,1,0.003495717654004693,,2018-08-29,,0.312
ZJV10JA1,0,0,,,,Censored No Alarm,0,0,0,0,0,1,0.00206423900090158,,2018-07-12,,0.312
ZJV10JAV,0,0,,,,Censored No Alarm,0,0,0,0,0,1,0.001996223349124193,,2018-07-12,,0.312
ZJV10JB6,0,0,,,,Censored No Alarm,0,0,0,0,0,1,0.0035269560758024454,,2018-07-21,,0.312
ZJV10JBN,0,0,,,,Censored No Alarm,0,0,0,0,0,1,0.0014063698472455144,,2018-08-29,,0.312
ZJV10JCD,0,0,,,,Censored No Alarm,0,0,0,0,0,1,0.002396266907453537,,2018-07-12,,0.312
ZJV10JCX,0,0,,,,Censored No Alarm,0,0,0,0,0,1,0.0016356963897123933,,2018-07-12,,0.312
ZJV10K0X,0,0,,,,Censored No Alarm,0,0,0,0,0,1,0.0008971721399575472,,2018-10-29,,0.312
ZJV10R8N,0,0,,,,Censored No Alarm,0,0,0,0,0,1,0.0016004012431949377,,2018-07-12,,0.312
ZJV10SQP,0,0,,,,Censored No Alarm,0,0,0,0,0,1,0.002255138708278537,,2018-07-12,,0.312
ZJV10VVR,0,0,,,,Censored No Alarm,0,0,0,0,0,1,0.0012079437728971243,,2018-12-05,,0.312
ZJV10VVV,0,0,,,,Censored No Alarm,0,0,0,0,0,1,0.004670894239097834,,2018-07-21,,0.312
ZJV10VVW,0,0,,,,Censored No Alarm,0,0,0,0,0,1,0.002535176230594516,,2018-07-12,,0.312
ZJV10VX5,0,0,,,,Censored No Alarm,0,0,0,0,0,1,0.0018007734324783087,,2018-08-29,,0.312
ZJV10VYE,0,0,,,,Censored No Alarm,0,0,0,0,0,1,0.0029383220244199038,,2018-07-21,,0.312
ZJV110J2,0,0,,,,Censored No Alarm,0,0,0,0,0,1,0.0017255881102755666,,2019-06-01,,0.312
ZJV113PX,0,0,,,,Censored No Alarm,0,0,0,0,0,1,0.0019508249824866652,,2018-07-12,,0.312
ZJV114GD,0,0,,,,Censored No Alarm,0,0,0,0,0,1,0.0011658675502985716,,2018-12-05,,0.312
ZJV114SK,0,0,,,,Censored No Alarm,0,0,0,0,0,1,0.0031011381652206182,,2018-07-12,,0.312
ZJV1152K,0,0,,,,Censored No Alarm,0,0,0,0,0,1,0.0026477756910026073,,2018-07-12,,0.312
ZJV117ZK,1,0,,2019-08-11,,Missed,0,0,0,0,1,0,0.001718340441584587,,2019-05-27,,0.312
ZJV11A9W,0,0,,,,Censored No Alarm,0,0,0,0,0,1,0.001516002113930881,,2018-12-05,,0.312
ZJV11GL2,0,0,,,,Censored No Alarm,0,0,0,0,0,1,0.000866979593411088,,2018-10-29,,0.312
ZJV11GZ3,0,0,,,,Censored No Alarm,0,0,0,0,0,1,0.001344109303317964,,2018-10-29,,0.312
ZJV11HCC,0,0,,,,Censored No Alarm,0,0,0,0,0,1,0.00224453117698431,,2018-07-21,,0.312
ZJV11HCK,0,0,,,,Censored No Alarm,0,0,0,0,0,1,0.002018081257119775,,2018-07-12,,0.312
ZJV11HDC,0,0,,,,Censored No Alarm,0,0,0,0,0,1,0.002057934645563364,,2018-07-12,,0.312
ZJV11LJH,0,0,,,,Censored No Alarm,0,0,0,0,0,1,0.001537724514491856,,2019-11-23,,0.312
ZJV121FP,0,0,,,,Censored No Alarm,0,0,0,0,0,1,0.0020595069508999586,,2018-07-12,,0.312
ZJV121LQ,0,0,,,,Censored No Alarm,0,0,0,0,0,1,0.0008926836890168488,,2018-12-05,,0.312
ZJV121M7,0,0,,,,Censored No Alarm,0,0,0,0,0,1,0.004180615767836571,,2018-07-12,,0.312
ZJV121ML,0,0,,,,Censored No Alarm,0,0,0,0,0,1,0.0026672803796827793,,2018-07-12,,0.312
ZJV121MY,0,0,,,,Censored No Alarm,0,0,0,0,0,1,0.0026367977261543274,,2018-07-12,,0.312
ZJV121N3,0,0,,,,Censored No Alarm,0,0,0,0,0,1,0.0035803280770778656,,2018-07-12,,0.312
ZJV121Q0,0,0,,,,Censored No Alarm,0,0,0,0,0,1,0.005686127580702305,,2018-07-12,,0.312
ZJV121Q5,0,0,,,,Censored No Alarm,0,0,0,0,0,1,0.0022151805460453033,,2018-07-12,,0.312
ZJV121QK,0,0,,,,Censored No Alarm,0,0,0,0,0,1,0.0024421655107289553,,2018-07-21,,0.312
ZJV121QN,1,0,,2021-02-15,,Missed,0,0,0,0,1,0,0.0021812741179019213,,2018-07-12,,0.312
ZJV121R1,0,0,,,,Censored No Alarm,0,0,0,0,0,1,0.0035298834554851055,,2018-07-12,,0.312
ZJV121S8,0,0,,,,Censored No Alarm,0,0,0,0,0,1,0.001446993206627667,,2018-07-12,,0.312
ZJV121S9,0,0,,,,Censored No Alarm,0,0,0,0,0,1,0.004559088032692671,,2018-07-21,,0.312
ZJV121SB,0,0,,,,Censored No Alarm,0,0,0,0,0,1,0.002966281957924366,,2018-07-12,,0.312
ZJV121SK,0,0,,,,Censored No Alarm,0,0,0,0,0,1,0.0023075116332620382,,2018-07-12,,0.312
ZJV121SQ,0,0,,,,Censored No Alarm,0,0,0,0,0,1,0.003007909981533885,,2018-07-21,,0.312
ZJV121SX,0,0,,,,Censored No Alarm,0,0,0,0,0,1,0.002909544389694929,,2018-08-29,,0.312
ZJV121TD,0,0,,,,Censored No Alarm,0,0,0,0,0,1,0.0023909518495202065,,2018-07-21,,0.312
ZJV121TV,0,0,,,,Censored No Alarm,0,0,0,0,0,1,0.00130641704890877,,2018-07-12,,0.312
ZJV121V8,0,0,,,,Censored No Alarm,0,0,0,0,0,1,0.0017567321192473173,,2018-08-29,,0.312
ZJV121V9,0,0,,,,Censored No Alarm,0,0,0,0,0,1,0.0016277264803647995,,2018-07-12,,0.312
ZJV121VB,0,0,,,,Censored No Alarm,0,0,0,0,0,1,0.0023747773375362158,,2018-07-21,,0.312
ZJV121W2,1,0,,2018-11-26,,Missed,0,0,0,0,1,0,0.1308334916830063,,2018-07-12,,0.312
ZJV121WF,0,0,,,,Censored No Alarm,0,0,0,0,0,1,0.0021647957619279623,,2018-07-12,,0.312
ZJV121X3,0,0,,,,Censored No Alarm,0,0,0,0,0,1,0.003138524480164051,,2018-07-21,,0.312
ZJV121XM,0,0,,,,Censored No Alarm,0,0,0,0,0,1,0.002163500292226672,,2018-07-12,,0.312
ZJV121XW,0,0,,,,Censored No Alarm,0,0,0,0,0,1,0.002182397525757551,,2018-07-21,,0.312
ZJV121YX,0,0,,,,Censored No Alarm,0,0,0,0,0,1,0.003565817838534713,,2018-07-21,,0.312
ZJV121YZ,0,0,,,,Censored No Alarm,0,0,0,0,0,1,0.0027373777702450752,,2018-07-21,,0.312
ZJV121ZC,0,0,,,,Censored No Alarm,0,0,0,0,0,1,0.0016242330893874168,,2018-07-12,,0.312
ZJV121ZJ,0,0,,,,Censored No Alarm,0,0,0,0,0,1,0.0026797326281666756,,2018-07-12,,0.312
ZJV12214,0,0,,,,Censored No Alarm,0,0,0,0,0,1,0.0016469635302200913,,2018-07-12,,0.312
ZJV1221C,0,0,,,,Censored No Alarm,0,0,0,0,0,1,0.001959133194759488,,2018-07-12,,0.312
ZJV1221W,0,0,,,,Censored No Alarm,0,0,0,0,0,1,0.0018527613719925284,,2018-07-21,,0.312
ZJV1223E,0,0,,,,Censored No Alarm,0,0,0,0,0,1,0.0017085756408050656,,2018-08-29,,0.312
ZJV12BK8,0,0,,,,Censored No Alarm,0,0,0,0,0,1,0.0012830347986891866,,2019-01-23,,0.312
ZJV12DH1,0,0,,,,Censored No Alarm,0,0,0,0,0,1,0.001346695702522993,,2018-10-29,,0.312
ZJV12DLZ,0,0,,,,Censored No Alarm,0,0,0,0,0,1,0.008220015093684196,,2018-07-12,,0.312
ZJV12HAJ,0,0,,,,Censored No Alarm,0,0,0,0,0,1,0.0019165503326803446,,2018-12-08,,0.312
ZJV12JG5,0,0,,,,Censored No Alarm,0,0,0,0,0,1,0.0023462173994630575,,2018-07-12,,0.312
ZJV12QG3,0,0,,,,Censored No Alarm,0,0,0,0,0,1,0.0019767701160162687,,2018-07-12,,0.312
ZJV12QQV,0,0,,,,Censored No Alarm,0,0,0,0,0,1,0.001179566141217947,,2018-10-29,,0.312
ZJV12QV8,0,0,,,,Censored No Alarm,0,0,0,0,0,1,0.004425301216542721,,2018-07-12,,0.312
ZJV12R62,1,1,2019-08-07,2019-08-07,0.0,On time,1,0,0,0,0,0,0.3553359806537628,0.3553359806537628,2018-07-12,391.0,0.312
ZJV12R9D,0,0,,,,Censored No Alarm,0,0,0,0,0,1,0.0008521564886905253,,2018-12-05,,0.312
ZJV12YTC,0,0,,,,Censored No Alarm,0,0,0,0,0,1,0.0017178882844746113,,2018-12-05,,0.312
ZJV12Z3Q,0,0,,,,Censored No Alarm,0,0,0,0,0,1,0.0014230641536414623,,2018-10-29,,0.312
ZJV1301Q,0,0,,,,Censored No Alarm,0,0,0,0,0,1,0.0011901010293513536,,2018-12-08,,0.312
ZJV132CA,0,0,,,,Censored No Alarm,0,0,0,0,0,1,0.003840607823804021,,2018-07-12,,0.312
ZJV13353,0,0,,,,Censored No Alarm,0,0,0,0,0,1,0.0022315802052617073,,2018-12-05,,0.312
ZJV1339S,0,0,,,,Censored No Alarm,0,0,0,0,0,1,0.0012493267422541976,,2018-12-05,,0.312
ZJV1373P,0,0,,,,Censored No Alarm,0,0,0,0,0,1,0.002888971008360386,,2018-07-12,,0.312
ZJV1374P,0,1,2020-03-12,,,Censored Early,0,0,1,1,0,0,0.42370346188545227,0.3555654287338257,2018-12-05,463.0,0.312
ZJV13760,0,0,,,,Censored No Alarm,0,0,0,0,0,1,0.0020604333840310574,,2018-12-05,,0.312
ZJV137DD,0,0,,,,Censored No Alarm,0,0,0,0,0,1,0.0013480257475748658,,2018-10-29,,0.312
ZJV137XC,0,0,,,,Censored No Alarm,0,0,0,0,0,1,0.002235018415376544,,2018-07-12,,0.312
ZJV137XF,0,0,,,,Censored No Alarm,0,0,0,0,0,1,0.0015371984336525202,,2018-07-12,,0.312
ZJV1407Z,0,0,,,,Censored No Alarm,0,0,0,0,0,1,0.003193160053342581,,2019-08-20,,0.312
ZJV14ASC,0,0,,,,Censored No Alarm,0,0,0,0,0,1,0.0008971897186711431,,2018-12-08,,0.312
ZJV14XA0,0,0,,,,Censored No Alarm,0,0,0,0,0,1,0.0018515402916818857,,2020-08-05,,0.312
ZJV15A73,0,0,,,,Censored No Alarm,0,0,0,0,0,1,0.0009935961570590734,,2018-12-08,,0.312
ZJV15NSV,0,0,,,,Censored No Alarm,0,0,0,0,0,1,0.001941025024279952,,2019-12-21,,0.312
ZJV16778,0,0,,,,Censored No Alarm,0,0,0,0,0,1,0.0010639415122568607,,2018-10-29,,0.312
ZJV16DX5,0,0,,,,Censored No Alarm,0,0,0,0,0,1,0.002208376070484519,,2019-09-22,,0.312
ZJV16JXZ,0,0,,,,Censored No Alarm,0,0,0,0,0,1,0.00104474276304245,,2018-12-08,,0.312
ZJV172CZ,0,0,,,,Censored No Alarm,0,0,0,0,0,1,0.04438425227999687,,2019-11-24,,0.312
ZJV17HGJ,0,0,,,,Censored No Alarm,0,0,0,0,0,1,0.0013484483351930976,,2019-01-23,,0.312
ZJV19EWJ,1,1,2019-07-15,2019-07-19,4.0,On time,1,0,0,0,0,0,0.33020028471946716,0.33020028471946716,2018-12-08,219.0,0.312
ZJV19Q8F,1,0,,2024-12-21,,Missed,0,0,0,0,1,0,0.165971040725708,,2019-09-22,,0.312
ZJV19R5W,0,0,,,,Censored No Alarm,0,0,0,0,0,1,0.0009044389589689672,,2018-12-08,,0.312
ZJV19SMN,0,0,,,,Censored No Alarm,0,0,0,0,0,1,0.0013437285088002682,,2018-12-08,,0.312
ZJV1ACNL,1,0,,2021-07-18,,Missed,0,0,0,0,1,0,0.0033406896982342005,,2019-12-17,,0.312
ZJV1AJCD,0,0,,,,Censored No Alarm,0,0,0,0,0,1,0.0011158596025779843,,2018-12-08,,0.312
ZJV1AMWV,0,0,,,,Censored No Alarm,0,0,0,0,0,1,0.0012017281260341406,,2019-01-23,,0.312
ZJV1AXE5,0,0,,,,Censored No Alarm,0,0,0,0,0,1,0.0011619222350418568,,2018-12-08,,0.312
ZJV1AYWT,0,0,,,,Censored No Alarm,0,0,0,0,0,1,0.0009426232427358627,,2018-12-05,,0.312
ZJV1B08H,0,0,,,,Censored No Alarm,0,0,0,0,0,1,0.0019364688778296113,,2018-12-08,,0.312
ZJV1B0CB,0,0,,,,Censored No Alarm,0,0,0,0,0,1,0.0015984533820301294,,2019-01-23,,0.312
ZJV1B3WX,0,0,,,,Censored No Alarm,0,0,0,0,0,1,0.0012642714427784085,,2018-12-08,,0.312
ZJV1B7A1,0,1,2021-01-19,,,Censored Early,0,0,1,1,0,0,0.42239826917648315,0.364528089761734,2018-12-08,773.0,0.312
ZJV1BF82,0,0,,,,Censored No Alarm,0,0,0,0,0,1,0.0009047609637491405,,2018-12-08,,0.312
ZJV1C2LC,0,0,,,,Censored No Alarm,0,0,0,0,0,1,0.003277898533269763,,2018-12-08,,0.312
ZJV1C3M1,0,0,,,,Censored No Alarm,0,0,0,0,0,1,0.0012171824928373098,,2018-12-08,,0.312
ZJV1C46B,0,0,,,,Censored No Alarm,0,0,0,0,0,1,0.0010255738161504269,,2018-08-29,,0.312
ZJV1C46V,0,0,,,,Censored No Alarm,0,0,0,0,0,1,0.0018058710265904665,,2019-01-23,,0.312
ZJV1C485,0,0,,,,Censored No Alarm,0,0,0,0,0,1,0.0020035402849316597,,2018-07-21,,0.312
ZJV1C490,0,0,,,,Censored No Alarm,0,0,0,0,0,1,0.001337330904789269,,2018-12-08,,0.312
ZJV1C49L,0,0,,,,Censored No Alarm,0,0,0,0,0,1,0.0011006073327735066,,2018-10-29,,0.312
ZJV1C49Z,0,0,,,,Censored No Alarm,0,0,0,0,0,1,0.00122339918743819,,2019-01-23,,0.312
ZJV1C4A3,0,0,,,,Censored No Alarm,0,0,0,0,0,1,0.0025259796530008316,,2018-07-21,,0.312
ZJV1C4AE,0,0,,,,Censored No Alarm,0,0,0,0,0,1,0.0024392353370785713,,2018-07-21,,0.312
ZJV1C4AJ,0,0,,,,Censored No Alarm,0,0,0,0,0,1,0.0012065122136846185,,2019-01-23,,0.312
ZJV1C4AP,0,0,,,,Censored No Alarm,0,0,0,0,0,1,0.0008937811362557113,,2019-01-23,,0.312
ZJV1C4BV,0,0,,,,Censored No Alarm,0,0,0,0,0,1,0.0012974136043339968,,2018-08-29,,0.312
ZJV1C4BW,0,0,,,,Censored No Alarm,0,0,0,0,0,1,0.0011014605406671762,,2018-08-29,,0.312
ZJV1C4C0,0,0,,,,Censored No Alarm,0,0,0,0,0,1,0.0009437240078113973,,2018-10-29,,0.312
ZJV1C4CZ,0,0,,,,Censored No Alarm,0,0,0,0,0,1,0.0006449315696954727,,2018-12-05,,0.312
ZJV1C4D1,0,0,,,,Censored No Alarm,0,0,0,0,0,1,0.0008417912176810205,,2018-12-08,,0.312
ZJV1C4E5,0,0,,,,Censored No Alarm,0,0,0,0,0,1,0.0009782564593479037,,2018-12-08,,0.312
ZJV1C4E8,0,0,,,,Censored No Alarm,0,0,0,0,0,1,0.001539780292659998,,2018-08-29,,0.312
ZJV1C4FZ,0,0,,,,Censored No Alarm,0,0,0,0,0,1,0.0007899676566012204,,2018-12-05,,0.312
ZJV1C4G7,0,0,,,,Censored No Alarm,0,0,0,0,0,1,0.0010904211085289717,,2019-01-23,,0.312
ZJV1C4GF,1,0,,2019-12-08,,Missed,0,0,0,0,1,0,0.13532912731170654,,2018-12-08,,0.312
ZJV1C4GG,0,0,,,,Censored No Alarm,0,0,0,0,0,1,0.0012914618710055947,,2018-12-08,,0.312
ZJV1C9PB,0,0,,,,Censored No Alarm,0,0,0,0,0,1,0.0010486965766176581,,2019-01-23,,0.312
ZJV1C9Z2,0,0,,,,Censored No Alarm,0,0,0,0,0,1,0.0015816461527720094,,2018-12-08,,0.312
ZJV1CG0N,0,0,,,,Censored No Alarm,0,0,0,0,0,1,0.00191778305452317,,2019-01-23,,0.312
ZJV1CG21,0,0,,,,Censored No Alarm,0,0,0,0,0,1,0.0017419280484318733,,2019-01-23,,0.312
ZJV1CG2A,0,0,,,,Censored No Alarm,0,0,0,0,0,1,0.0009476623381488025,,2018-12-05,,0.312
ZJV1CG2T,0,0,,,,Censored No Alarm,0,0,0,0,0,1,0.0012726894346997142,,2018-12-08,,0.312
ZJV1CG35,0,0,,,,Censored No Alarm,0,0,0,0,0,1,0.0013539823703467846,,2018-12-08,,0.312
ZJV1CG38,0,0,,,,Censored No Alarm,0,0,0,0,0,1,0.002197394147515297,,2018-12-08,,0.312
ZJV1CG39,0,0,,,,Censored No Alarm,0,0,0,0,0,1,0.04754681512713432,,2018-12-08,,0.312
ZJV1CG3W,0,0,,,,Censored No Alarm,0,0,0,0,0,1,0.0020208978094160557,,2018-12-08,,0.312
ZJV1CG4W,0,0,,,,Censored No Alarm,0,0,0,0,0,1,0.23554068803787231,,2018-12-08,,0.312
ZJV1CG72,0,0,,,,Censored No Alarm,0,0,0,0,0,1,0.001744331675581634,,2018-12-05,,0.312
ZJV1CG74,0,0,,,,Censored No Alarm,0,0,0,0,0,1,0.0019047888927161694,,2018-12-08,,0.312
ZJV1CG7G,0,0,,,,Censored No Alarm,0,0,0,0,0,1,0.000755707616917789,,2018-12-08,,0.312
ZJV1CG7S,0,0,,,,Censored No Alarm,0,0,0,0,0,1,0.001610217965207994,,2019-01-23,,0.312
ZJV1CG7Y,0,0,,,,Censored No Alarm,0,0,0,0,0,1,0.001199468388222158,,2019-01-23,,0.312
ZJV1CG96,0,0,,,,Censored No Alarm,0,0,0,0,0,1,0.0007492186268791556,,2018-12-08,,0.312
ZJV1CG9S,0,0,,,,Censored No Alarm,0,0,0,0,0,1,0.0006668316200375557,,2018-12-05,,0.312
ZJV1CGAG,0,0,,,,Censored No Alarm,0,0,0,0,0,1,0.0011420573573559523,,2018-12-08,,0.312
ZJV1CGC3,0,0,,,,Censored No Alarm,0,0,0,0,0,1,0.0018693115562200546,,2018-12-08,,0.312
ZJV1CGCZ,0,0,,,,Censored No Alarm,0,0,0,0,0,1,0.001075188280083239,,2018-12-08,,0.312
ZJV1CGDA,0,0,,,,Censored No Alarm,0,0,0,0,0,1,0.001203344902023673,,2018-12-08,,0.312
ZJV1CGE9,0,0,,,,Censored No Alarm,0,0,0,0,0,1,0.0013022355269640684,,2018-12-08,,0.312
ZJV1CGET,0,0,,,,Censored No Alarm,0,0,0,0,0,1,0.0008924276335164905,,2018-12-08,,0.312
ZJV1CGEZ,0,0,,,,Censored No Alarm,0,0,0,0,0,1,0.0008023756090551615,,2018-12-08,,0.312
ZJV1CGF0,0,0,,,,Censored No Alarm,0,0,0,0,0,1,0.0012900616275146604,,2018-12-08,,0.312
ZJV1CGGH,0,0,,,,Censored No Alarm,0,0,0,0,0,1,0.0010910299606621265,,2018-12-08,,0.312
ZJV1CGGW,0,0,,,,Censored No Alarm,0,0,0,0,0,1,0.0012912275269627571,,2018-12-08,,0.312
ZJV1CGH1,0,0,,,,Censored No Alarm,0,0,0,0,0,1,0.0011522850254550576,,2018-12-08,,0.312
ZJV1CGJ4,0,0,,,,Censored No Alarm,0,0,0,0,0,1,0.0014102249406278133,,2019-01-23,,0.312
ZJV1CGJS,0,0,,,,Censored No Alarm,0,0,0,0,0,1,0.0010372032411396503,,2018-12-08,,0.312
ZJV1CGKL,0,0,,,,Censored No Alarm,0,0,0,0,0,1,0.0010881500784307718,,2019-01-23,,0.312
ZJV1CGM6,0,0,,,,Censored No Alarm,0,0,0,0,0,1,0.0012799089308828115,,2019-01-23,,0.312
ZJV1CGM8,0,0,,,,Censored No Alarm,0,0,0,0,0,1,0.0010297858389094472,,2018-12-08,,0.312
ZJV1CGP0,0,0,,,,Censored No Alarm,0,0,0,0,0,1,0.001178078819066286,,2018-12-05,,0.312
ZJV1CGR0,0,0,,,,Censored No Alarm,0,0,0,0,0,1,0.0016315559623762965,,2018-12-08,,0.312
ZJV1CGR1,0,0,,,,Censored No Alarm,0,0,0,0,0,1,0.0011489656753838062,,2018-12-08,,0.312
ZJV1CGR2,0,0,,,,Censored No Alarm,0,0,0,0,0,1,0.001349050085991621,,2019-01-23,,0.312
ZJV1CGS9,0,0,,,,Censored No Alarm,0,0,0,0,0,1,0.001167738693766296,,2019-01-23,,0.312
ZJV1CGSB,0,0,,,,Censored No Alarm,0,0,0,0,0,1,0.0009498824365437031,,2018-12-08,,0.312
ZJV1CGSQ,0,0,,,,Censored No Alarm,0,0,0,0,0,1,0.0012299276422709227,,2018-12-08,,0.312
ZJV1CGTD,0,0,,,,Censored No Alarm,0,0,0,0,0,1,0.0008479473763145506,,2018-12-08,,0.312
ZJV1CGV7,0,0,,,,Censored No Alarm,0,0,0,0,0,1,0.0009554174030199647,,2019-01-23,,0.312
ZJV1CGV8,0,0,,,,Censored No Alarm,0,0,0,0,0,1,0.001480786595493555,,2019-01-23,,0.312
ZJV1CGVG,0,0,,,,Censored No Alarm,0,0,0,0,0,1,0.0012647478142753243,,2019-01-23,,0.312
ZJV1CGWC,0,0,,,,Censored No Alarm,0,0,0,0,0,1,0.0008715259027667344,,2018-12-08,,0.312
ZJV1CGYY,0,0,,,,Censored No Alarm,0,0,0,0,0,1,0.0010830634273588657,,2019-01-23,,0.312
ZJV1CGZV,0,0,,,,Censored No Alarm,0,0,0,0,0,1,0.0014578014379367232,,2019-01-23,,0.312
ZJV1CH2G,0,0,,,,Censored No Alarm,0,0,0,0,0,1,0.0009987325174733996,,2019-01-23,,0.312
ZJV1CH2K,0,0,,,,Censored No Alarm,0,0,0,0,0,1,0.0009148394456133246,,2018-12-08,,0.312
ZJV1CJ1P,0,0,,,,Censored No Alarm,0,0,0,0,0,1,0.0013211588375270367,,2018-12-08,,0.312
ZJV1CS20,0,0,,,,Censored No Alarm,0,0,0,0,0,1,0.0009301999234594405,,2018-12-08,,0.312
ZJV1CS2N,0,0,,,,Censored No Alarm,0,0,0,0,0,1,0.001173131400719285,,2018-12-08,,0.312
ZJV1CS2W,0,0,,,,Censored No Alarm,0,0,0,0,0,1,0.0015303253894671798,,2018-08-29,,0.312
ZJV1CS37,0,0,,,,Censored No Alarm,0,0,0,0,0,1,0.0012766496511176229,,2018-12-08,,0.312
ZJV1CS3D,0,0,,,,Censored No Alarm,0,0,0,0,0,1,0.06284083425998688,,2018-07-21,,0.312
ZJV1CS3M,0,0,,,,Censored No Alarm,0,0,0,0,0,1,0.0014621301088482141,,2019-01-23,,0.312
ZJV1CS5A,0,0,,,,Censored No Alarm,0,0,0,0,0,1,0.0013610310852527618,,2018-08-29,,0.312
ZJV1CS5E,0,0,,,,Censored No Alarm,0,0,0,0,0,1,0.0011584145249798894,,2018-12-08,,0.312
ZJV1CS5V,0,0,,,,Censored No Alarm,0,0,0,0,0,1,0.001195266842842102,,2018-12-08,,0.312
ZJV1CS6G,0,0,,,,Censored No Alarm,0,0,0,0,0,1,0.0012982115149497986,,2018-12-08,,0.312
ZJV1CS6R,0,0,,,,Censored No Alarm,0,0,0,0,0,1,0.0010098956990987062,,2018-12-08,,0.312
ZJV1CS7B,0,0,,,,Censored No Alarm,0,0,0,0,0,1,0.029422041028738022,,2018-12-08,,0.312
ZJV1CS7F,0,0,,,,Censored No Alarm,0,0,0,0,0,1,0.0016574322944507003,,2018-12-08,,0.312
ZJV1CS89,0,0,,,,Censored No Alarm,0,0,0,0,0,1,0.0009604837978258729,,2018-12-08,,0.312
ZJV1CS8P,0,0,,,,Censored No Alarm,0,0,0,0,0,1,0.002628080314025283,,2018-07-21,,0.312
ZJV1CS8Q,0,0,,,,Censored No Alarm,0,0,0,0,0,1,0.0009227711707353592,,2018-12-05,,0.312
ZJV1CS8R,0,0,,,,Censored No Alarm,0,0,0,0,0,1,0.0013198541710153222,,2018-12-08,,0.312
ZJV1CS8X,0,0,,,,Censored No Alarm,0,0,0,0,0,1,0.0008697324083186686,,2018-12-08,,0.312
ZJV1CS95,0,0,,,,Censored No Alarm,0,0,0,0,0,1,0.0013067853869870305,,2019-01-23,,0.312
ZJV1CS96,0,0,,,,Censored No Alarm,0,0,0,0,0,1,0.001649815239943564,,2018-08-29,,0.312
ZJV1CS9Y,0,0,,,,Censored No Alarm,0,0,0,0,0,1,0.002368505811318755,,2018-07-21,,0.312
ZJV1CSA3,0,0,,,,Censored No Alarm,0,0,0,0,0,1,0.001045229029841721,,2018-12-05,,0.312
ZJV1CSBB,0,0,,,,Censored No Alarm,0,0,0,0,0,1,0.0016545004909858108,,2018-12-08,,0.312
ZJV1CSBX,0,0,,,,Censored No Alarm,0,0,0,0,0,1,0.000850517419166863,,2018-12-08,,0.312
ZJV1CSCC,0,0,,,,Censored No Alarm,0,0,0,0,0,1,0.0009431972284801304,,2018-12-08,,0.312
ZJV1CSCD,0,0,,,,Censored No Alarm,0,0,0,0,0,1,0.002219624351710081,,2018-07-21,,0.312
ZJV1CSD0,0,0,,,,Censored No Alarm,0,0,0,0,0,1,0.001288057304918766,,2019-01-23,,0.312
ZJV1CSE2,0,0,,,,Censored No Alarm,0,0,0,0,0,1,0.0012467751512303948,,2019-01-23,,0.312
ZJV1CSEP,0,0,,,,Censored No Alarm,0,0,0,0,0,1,0.0018918144050985575,,2018-08-29,,0.312
ZJV1CSER,0,0,,,,Censored No Alarm,0,0,0,0,0,1,0.2461705505847931,,2018-08-29,,0.312
ZJV1CSFN,0,0,,,,Censored No Alarm,0,0,0,0,0,1,0.0021076740231364965,,2018-07-21,,0.312
ZJV1CSFQ,0,0,,,,Censored No Alarm,0,0,0,0,0,1,0.001103194779716432,,2019-01-23,,0.312
ZJV1CSGX,0,0,,,,Censored No Alarm,0,0,0,0,0,1,0.0012691511074081063,,2018-12-08,,0.312
ZJV1CSH8,0,0,,,,Censored No Alarm,0,0,0,0,0,1,0.0016674862708896399,,2018-10-29,,0.312
ZJV1CSHD,0,0,,,,Censored No Alarm,0,0,0,0,0,1,0.0010950054274871945,,2019-01-23,,0.312
ZJV1CSJ9,0,0,,,,Censored No Alarm,0,0,0,0,0,1,0.0016474513104185462,,2018-12-08,,0.312
ZJV1CSKD,0,0,,,,Censored No Alarm,0,0,0,0,0,1,0.001460858155041933,,2018-12-08,,0.312
ZJV1CSKF,0,0,,,,Censored No Alarm,0,0,0,0,0,1,0.0016300404677167535,,2018-12-08,,0.312
ZJV1CSKH,0,0,,,,Censored No Alarm,0,0,0,0,0,1,0.0012424741871654987,,2018-08-29,,0.312
ZJV1CSL0,0,0,,,,Censored No Alarm,0,0,0,0,0,1,0.0013166199205443263,,2018-12-08,,0.312
ZJV1CSLJ,0,0,,,,Censored No Alarm,0,0,0,0,0,1,0.0010327277705073357,,2018-12-08,,0.312
ZJV1CSLY,0,0,,,,Censored No Alarm,0,0,0,0,0,1,0.001393223530612886,,2018-12-08,,0.312
ZJV1CSME,0,0,,,,Censored No Alarm,0,0,0,0,0,1,0.0009853203082457185,,2018-12-08,,0.312
ZJV1CSMS,0,0,,,,Censored No Alarm,0,0,0,0,0,1,0.0016138224164023995,,2018-08-29,,0.312
ZJV1CSND,0,0,,,,Censored No Alarm,0,0,0,0,0,1,0.0011046623112633824,,2018-08-29,,0.312
ZJV1CSP4,0,0,,,,Censored No Alarm,0,0,0,0,0,1,0.0010825663339346647,,2018-10-29,,0.312
ZJV1CSQE,0,0,,,,Censored No Alarm,0,0,0,0,0,1,0.0017582287546247244,,2018-12-08,,0.312
ZJV1CSR2,0,0,,,,Censored No Alarm,0,0,0,0,0,1,0.0009361155680380762,,2018-12-08,,0.312
ZJV1CSS6,0,0,,,,Censored No Alarm,0,0,0,0,0,1,0.0013213243801146746,,2019-01-23,,0.312
ZJV1CSS7,0,0,,,,Censored No Alarm,0,0,0,0,0,1,0.001535696443170309,,2018-12-08,,0.312
ZJV1CSSD,0,0,,,,Censored No Alarm,0,0,0,0,0,1,0.0015052317176014185,,2018-12-08,,0.312
ZJV1CSSW,0,0,,,,Censored No Alarm,0,0,0,0,0,1,0.0014089931501075625,,2018-12-08,,0.312
ZJV1CSSX,0,0,,,,Censored No Alarm,0,0,0,0,0,1,0.0014003069372847676,,2018-08-29,,0.312
ZJV1CSTC,0,0,,,,Censored No Alarm,0,0,0,0,0,1,0.0010085466783493757,,2018-12-08,,0.312
ZJV1CSTV,0,0,,,,Censored No Alarm,0,0,0,0,0,1,0.0012163822539150715,,2018-12-08,,0.312
ZJV1CSWA,0,0,,,,Censored No Alarm,0,0,0,0,0,1,0.002145672682672739,,2018-07-21,,0.312
ZJV1CSWZ,0,0,,,,Censored No Alarm,0,0,0,0,0,1,0.0008770611020736396,,2018-12-08,,0.312
ZJV1CSXC,0,0,,,,Censored No Alarm,0,0,0,0,0,1,0.0011493000201880932,,2018-12-08,,0.312
ZJV1CSYT,0,0,,,,Censored No Alarm,0,0,0,0,0,1,0.0009599147597327828,,2018-12-05,,0.312
ZJV1CSZ1,0,0,,,,Censored No Alarm,0,0,0,0,0,1,0.001759950304403901,,2018-12-08,,0.312
ZJV1CSZ4,0,0,,,,Censored No Alarm,0,0,0,0,0,1,0.0013978945789858699,,2018-12-08,,0.312
ZJV1CSZD,0,0,,,,Censored No Alarm,0,0,0,0,0,1,0.0009552972042001784,,2018-12-08,,0.312
ZJV1CSZE,0,0,,,,Censored No Alarm,0,0,0,0,0,1,0.0011930043110623956,,2018-12-08,,0.312
ZJV1CT21,0,0,,,,Censored No Alarm,0,0,0,0,0,1,0.001000319025479257,,2018-12-08,,0.312
ZJV1CTQY,0,0,,,,Censored No Alarm,0,0,0,0,0,1,0.002212506253272295,,2018-08-29,,0.312
ZJV1CZ0N,0,0,,,,Censored No Alarm,0,0,0,0,0,1,0.0018645310774445534,,2019-11-11,,0.312
ZJV1DB5H,0,0,,,,Censored No Alarm,0,0,0,0,0,1,0.0015184945659711957,,2020-02-28,,0.312
ZJV1EQCB,0,0,,,,Censored No Alarm,0,0,0,0,0,1,0.0015188500983640552,,2018-12-08,,0.312
ZJV1EW1J,0,0,,,,Censored No Alarm,0,0,0,0,0,1,0.0014779232442378998,,2018-12-08,,0.312
ZJV1F1GD,0,0,,,,Censored No Alarm,0,0,0,0,0,1,0.0007782183820381761,,2018-12-08,,0.312
ZJV1F1HT,0,0,,,,Censored No Alarm,0,0,0,0,0,1,0.001227169530466199,,2018-12-08,,0.312
ZJV1F1J3,0,0,,,,Censored No Alarm,0,0,0,0,0,1,0.0006621055654250085,,2018-12-05,,0.312
ZJV1F1J8,0,0,,,,Censored No Alarm,0,0,0,0,0,1,0.0012193024158477783,,2018-12-05,,0.312
ZJV1F8VZ,0,0,,,,Censored No Alarm,0,0,0,0,0,1,0.0013566826237365603,,2018-12-08,,0.312
ZJV1F8WK,0,0,,,,Censored No Alarm,0,0,0,0,0,1,0.0016477854223921895,,2018-12-08,,0.312
ZJV1FTGB,0,0,,,,Censored No Alarm,0,0,0,0,0,1,0.0009972401894629002,,2018-10-29,,0.312
ZJV1G0PB,0,0,,,,Censored No Alarm,0,0,0,0,0,1,0.0017578353872522712,,2018-10-29,,0.312
ZJV1G3B6,0,0,,,,Censored No Alarm,0,0,0,0,0,1,0.0012334684142842889,,2018-10-29,,0.312
ZJV1G671,0,0,,,,Censored No Alarm,0,0,0,0,0,1,0.0015815497608855367,,2018-12-08,,0.312
ZJV1GSY0,0,0,,,,Censored No Alarm,0,0,0,0,0,1,0.0012880609137937427,,2018-10-29,,0.312
ZJV1H29J,0,0,,,,Censored No Alarm,0,0,0,0,0,1,0.0013860790058970451,,2018-12-08,,0.312
ZJV1H4GY,0,0,,,,Censored No Alarm,0,0,0,0,0,1,0.0009840374113991857,,2018-12-08,,0.312
ZJV1HA5E,0,0,,,,Censored No Alarm,0,0,0,0,0,1,0.001274228561669588,,2018-10-29,,0.312
ZJV1HAH2,0,0,,,,Censored No Alarm,0,0,0,0,0,1,0.0016167062567546964,,2018-12-08,,0.312
ZJV1HANV,0,0,,,,Censored No Alarm,0,0,0,0,0,1,0.0013681391719728708,,2018-12-08,,0.312
ZJV1HATD,0,0,,,,Censored No Alarm,0,0,0,0,0,1,0.0010856593726202846,,2018-12-08,,0.312
ZJV1HFBV,0,0,,,,Censored No Alarm,0,0,0,0,0,1,0.0017173690721392632,,2018-12-08,,0.312
ZJV1HK9X,0,0,,,,Censored No Alarm,0,0,0,0,0,1,0.001334886415861547,,2018-10-29,,0.312
ZJV1HMG9,0,0,,,,Censored No Alarm,0,0,0,0,0,1,0.0021804359275847673,,2019-01-23,,0.312
ZJV1HMTT,0,0,,,,Censored No Alarm,0,0,0,0,0,1,0.0010380182648077607,,2018-12-08,,0.312
ZJV1HNVC,0,0,,,,Censored No Alarm,0,0,0,0,0,1,0.0016733044758439064,,2019-01-23,,0.312
ZJV1HPT8,0,0,,,,Censored No Alarm,0,0,0,0,0,1,0.02312915213406086,,2018-12-08,,0.312
ZJV1HT00,0,0,,,,Censored No Alarm,0,0,0,0,0,1,0.0017911887262016535,,2018-12-08,,0.312
ZJV1HYL7,0,0,,,,Censored No Alarm,0,0,0,0,0,1,0.0010828503873199224,,2018-12-08,,0.312
ZJV1J218,0,0,,,,Censored No Alarm,0,0,0,0,0,1,0.0007965117110870779,,2018-10-29,,0.312
ZJV1J83T,0,0,,,,Censored No Alarm,0,0,0,0,0,1,0.0010910674463957548,,2018-10-29,,0.312
ZJV1J88A,0,0,,,,Censored No Alarm,0,0,0,0,0,1,0.0013217510422691703,,2018-10-29,,0.312
ZJV1JJYB,0,0,,,,Censored No Alarm,0,0,0,0,0,1,0.0013309409841895103,,2018-10-29,,0.312
ZJV1JQR8,0,0,,,,Censored No Alarm,0,0,0,0,0,1,0.001101002562791109,,2018-12-08,,0.312
ZJV1K3FD,0,0,,,,Censored No Alarm,0,0,0,0,0,1,0.001390030956827104,,2018-10-29,,0.312
ZJV1K3MD,0,0,,,,Censored No Alarm,0,0,0,0,0,1,0.00095279113156721,,2018-10-29,,0.312
ZJV1K4GB,0,0,,,,Censored No Alarm,0,0,0,0,0,1,0.002082032384350896,,2018-10-29,,0.312
ZJV1K5CZ,0,0,,,,Censored No Alarm,0,0,0,0,0,1,0.0017195194959640503,,2018-12-08,,0.312
ZJV1K5DP,0,0,,,,Censored No Alarm,0,0,0,0,0,1,0.0013002470368519425,,2018-10-29,,0.312
ZJV1KA4N,0,0,,,,Censored No Alarm,0,0,0,0,0,1,0.0019522336078807712,,2018-12-08,,0.312
ZJV1KA6H,0,0,,,,Censored No Alarm,0,0,0,0,0,1,0.0011157086119055748,,2018-12-08,,0.312
ZJV1KABH,0,0,,,,Censored No Alarm,0,0,0,0,0,1,0.000996508402749896,,2018-12-08,,0.312
ZJV1KABP,0,0,,,,Censored No Alarm,0,0,0,0,0,1,0.0017267254879698157,,2018-12-08,,0.312
ZJV1KAGS,0,0,,,,Censored No Alarm,0,0,0,0,0,1,0.000939049175940454,,2018-12-08,,0.312
ZJV1KAHA,0,0,,,,Censored No Alarm,0,0,0,0,0,1,0.0010761433513835073,,2018-12-08,,0.312
ZJV1KAJB,0,0,,,,Censored No Alarm,0,0,0,0,0,1,0.001048060366883874,,2018-12-08,,0.312
ZJV1KAJK,0,0,,,,Censored No Alarm,0,0,0,0,0,1,0.0017061138059943914,,2018-10-29,,0.312
ZJV1KAJY,0,0,,,,Censored No Alarm,0,0,0,0,0,1,0.0011877126526087523,,2018-12-08,,0.312
ZJV1KBVG,0,0,,,,Censored No Alarm,0,0,0,0,0,1,0.0009103197371587157,,2018-12-08,,0.312
ZJV1KC5F,0,0,,,,Censored No Alarm,0,0,0,0,0,1,0.0011628590291365981,,2018-12-08,,0.312
ZJV1KC6M,0,0,,,,Censored No Alarm,0,0,0,0,0,1,0.003073228755965829,,2019-05-27,,0.312
ZJV1KD87,0,0,,,,Censored No Alarm,0,0,0,0,0,1,0.0014990103663876653,,2018-12-08,,0.312
ZJV1KDC3,0,0,,,,Censored No Alarm,0,0,0,0,0,1,0.001186760375276208,,2018-12-08,,0.312
ZJV1KLRX,0,0,,,,Censored No Alarm,0,0,0,0,0,1,0.0016040472546592355,,2018-10-29,,0.312
ZJV1KMEN,0,0,,,,Censored No Alarm,0,0,0,0,0,1,0.0015379500109702349,,2018-10-29,,0.312
ZJV1KPD8,0,0,,,,Censored No Alarm,0,0,0,0,0,1,0.0013287964975461364,,2018-10-29,,0.312
ZJV1KPSM,0,0,,,,Censored No Alarm,0,0,0,0,0,1,0.0010953079909086227,,2018-10-29,,0.312
ZJV1KPZ4,0,0,,,,Censored No Alarm,0,0,0,0,0,1,0.000856171827763319,,2018-12-08,,0.312
ZJV1KY95,0,0,,,,Censored No Alarm,0,0,0,0,0,1,0.001170998439192772,,2018-12-08,,0.312
ZJV1KYJ9,1,1,2020-01-23,2020-01-30,7.0,On time,1,0,0,0,0,0,0.425296813249588,0.36473965644836426,2018-12-08,411.0,0.312
ZJV1KYPZ,0,0,,,,Censored No Alarm,0,0,0,0,0,1,0.0012719453079625964,,2018-10-29,,0.312
ZJV1KYS4,0,0,,,,Censored No Alarm,0,0,0,0,0,1,0.0013899012701585889,,2018-12-08,,0.312
ZJV1L5N1,1,0,,2019-03-01,,Missed,0,0,0,0,1,0,0.0010951076401397586,,2018-10-29,,0.312
ZJV1L8ZV,0,0,,,,Censored No Alarm,0,0,0,0,0,1,0.0013228189200162888,,2018-10-29,,0.312
ZJV1LE42,0,0,,,,Censored No Alarm,0,0,0,0,0,1,0.001478175981901586,,2019-08-05,,0.312
ZJV1LYNX,0,0,,,,Censored No Alarm,0,0,0,0,0,1,0.001000067451968789,,2018-10-29,,0.312
ZJV1LZ9V,0,0,,,,Censored No Alarm,0,0,0,0,0,1,0.0008689308888278902,,2018-10-29,,0.312
ZJV1LZB6,0,0,,,,Censored No Alarm,0,0,0,0,0,1,0.0009668574202805758,,2018-10-29,,0.312
ZJV1LZY2,0,0,,,,Censored No Alarm,0,0,0,0,0,1,0.0017384528182446957,,2019-10-02,,0.312
ZJV1M1YR,0,0,,,,Censored No Alarm,0,0,0,0,0,1,0.0013527270639315248,,2018-10-29,,0.312
ZJV1M1ZL,0,0,,,,Censored No Alarm,0,0,0,0,0,1,0.0013463398208841681,,2018-10-29,,0.312
ZJV1THBK,0,0,,,,Censored No Alarm,0,0,0,0,0,1,0.0011360195931047201,,2019-03-02,,0.312
ZJV1WEM2,0,0,,,,Censored No Alarm,0,0,0,0,0,1,0.0017880218802019954,,2019-07-09,,0.312
ZJV1XE1D,1,0,,2019-11-03,,Missed,0,0,0,0,1,0,0.0017801843350753188,,2019-10-31,,0.312
ZJV1YFFG,0,0,,,,Censored No Alarm,0,0,0,0,0,1,0.001692643272690475,,2019-03-02,,0.312
ZJV1YVZL,0,0,,,,Censored No Alarm,0,0,0,0,0,1,0.0008922406123019755,,2018-12-19,,0.312
ZJV1ZKS0,0,0,,,,Censored No Alarm,0,0,0,0,0,1,0.0015293718315660954,,2019-03-02,,0.312
ZJV1ZKW4,0,0,,,,Censored No Alarm,0,0,0,0,0,1,0.0011703501222655177,,2019-03-02,,0.312
ZJV1ZL0X,0,0,,,,Censored No Alarm,0,0,0,0,0,1,0.001334704807959497,,2019-02-26,,0.312
ZJV1ZL5F,0,0,,,,Censored No Alarm,0,0,0,0,0,1,0.0019955222960561514,,2019-03-02,,0.312
ZJV1ZL6N,0,0,,,,Censored No Alarm,0,0,0,0,0,1,0.004224488977342844,,2019-03-02,,0.312
ZJV1ZL7D,0,0,,,,Censored No Alarm,0,0,0,0,0,1,0.0013650571927428246,,2018-12-19,,0.312
ZJV1ZL88,0,0,,,,Censored No Alarm,0,0,0,0,0,1,0.0005403936374932528,,2018-12-21,,0.312
ZJV1ZL8W,0,0,,,,Censored No Alarm,0,0,0,0,0,1,0.0014638612046837807,,2019-03-02,,0.312
ZJV1ZPGP,0,0,,,,Censored No Alarm,0,0,0,0,0,1,0.002329533686861396,,2019-09-22,,0.312
ZJV1ZYPM,0,0,,,,Censored No Alarm,0,0,0,0,0,1,0.0021078044082969427,,2018-12-19,,0.312
ZJV1ZZH2,0,0,,,,Censored No Alarm,0,0,0,0,0,1,0.0011120589915663004,,2019-03-02,,0.312
ZJV1ZZKE,0,0,,,,Censored No Alarm,0,0,0,0,0,1,0.0016361045418307185,,2019-02-13,,0.312
ZJV1ZZRZ,0,0,,,,Censored No Alarm,0,0,0,0,0,1,0.0018050470389425755,,2019-03-02,,0.312
ZJV2004H,0,0,,,,Censored No Alarm,0,0,0,0,0,1,0.0015168368117883801,,2019-02-15,,0.312
ZJV210PY,0,0,,,,Censored No Alarm,0,0,0,0,0,1,0.001465184730477631,,2019-03-02,,0.312
ZJV210Y2,0,0,,,,Censored No Alarm,0,0,0,0,0,1,0.0010347067145630717,,2019-03-02,,0.312
ZJV2197C,0,0,,,,Censored No Alarm,0,0,0,0,0,1,0.0005826464621350169,,2018-12-21,,0.312
ZJV228VZ,0,0,,,,Censored No Alarm,0,0,0,0,0,1,0.0015301082748919725,,2019-03-02,,0.312
ZJV22FY9,0,0,,,,Censored No Alarm,0,0,0,0,0,1,0.0013256616657599807,,2019-03-02,,0.312
ZJV22RR0,0,0,,,,Censored No Alarm,0,0,0,0,0,1,0.001226028660312295,,2019-03-02,,0.312
ZJV23TYQ,0,0,,,,Censored No Alarm,0,0,0,0,0,1,0.0005684366915374994,,2018-12-21,,0.312
ZJV24ZP2,0,0,,,,Censored No Alarm,0,0,0,0,0,1,0.0017528939060866833,,2019-06-13,,0.312
ZJV25Q9V,0,0,,,,Censored No Alarm,0,0,0,0,0,1,0.05315512791275978,,2019-08-14,,0.312
ZJV26MAD,0,0,,,,Censored No Alarm,0,0,0,0,0,1,0.0025471309199929237,,2019-04-23,,0.312
ZJV26RWA,0,0,,,,Censored No Alarm,0,0,0,0,0,1,0.0027722043450921774,,2019-04-16,,0.312
ZJV26SRS,0,0,,,,Censored No Alarm,0,0,0,0,0,1,0.0012957656290382147,,2018-12-19,,0.312
ZJV275WZ,0,0,,,,Censored No Alarm,0,0,0,0,0,1,0.0015017555560916662,,2019-05-10,,0.312
ZJV2796W,0,0,,,,Censored No Alarm,0,0,0,0,0,1,0.0016845975769683719,,2019-06-06,,0.312
ZJV27BZP,0,0,,,,Censored No Alarm,0,0,0,0,0,1,0.0015680523356422782,,2018-12-19,,0.312
ZJV27N4E,0,0,,,,Censored No Alarm,0,0,0,0,0,1,0.0017164847813546658,,2019-04-23,,0.312
ZJV28MPW,0,0,,,,Censored No Alarm,0,0,0,0,0,1,0.04540478065609932,,2019-10-09,,0.312
ZJV28YXC,0,0,,,,Censored No Alarm,0,0,0,0,0,1,0.002423269907012582,,2019-04-24,,0.312
ZJV290HA,0,0,,,,Censored No Alarm,0,0,0,0,0,1,0.001310009160079062,,2018-12-19,,0.312
ZJV2AN3F,0,0,,,,Censored No Alarm,0,0,0,0,0,1,0.002887074602767825,,2019-06-28,,0.312
ZJV2AS9A,0,0,,,,Censored No Alarm,0,0,0,0,0,1,0.001972392899915576,,2018-12-19,,0.312
ZJV2ATVT,0,0,,,,Censored No Alarm,0,0,0,0,0,1,0.0011963550932705402,,2018-12-19,,0.312
ZJV2CJBS,0,0,,,,Censored No Alarm,0,0,0,0,0,1,0.0012172473361715674,,2019-03-02,,0.312
ZJV2CR1A,0,0,,,,Censored No Alarm,0,0,0,0,0,1,0.0016792549286037683,,2018-12-19,,0.312
ZJV2DSNW,0,0,,,,Censored No Alarm,0,0,0,0,0,1,0.0005396107444539666,,2018-12-21,,0.312
ZJV2DSPW,1,0,,2020-11-20,,Missed,0,0,0,0,1,0,0.024799058213829994,,2019-03-02,,0.312
ZJV2DSSC,0,0,,,,Censored No Alarm,0,0,0,0,0,1,0.000995780574157834,,2018-12-19,,0.312
ZJV2DSVT,0,0,,,,Censored No Alarm,0,0,0,0,0,1,0.0008348674746230245,,2018-12-21,,0.312
ZJV2DTC4,0,0,,,,Censored No Alarm,0,0,0,0,0,1,0.0019803980831056833,,2019-04-24,,0.312
ZJV2DTR4,0,0,,,,Censored No Alarm,0,0,0,0,0,1,0.0013048116816207767,,2019-03-02,,0.312
ZJV2DY96,0,0,,,,Censored No Alarm,0,0,0,0,0,1,0.002595163881778717,,2019-03-02,,0.312
ZJV2DY9T,0,0,,,,Censored No Alarm,0,0,0,0,0,1,0.0013400631723925471,,2019-03-02,,0.312
ZJV2DY9Z,0,0,,,,Censored No Alarm,0,0,0,0,0,1,0.0005520802224054933,,2018-12-21,,0.312
ZJV2DYDR,0,0,,,,Censored No Alarm,0,0,0,0,0,1,0.0006727290456183255,,2021-11-13,,0.312
ZJV2DYK2,0,0,,,,Censored No Alarm,0,0,0,0,0,1,0.0005348765989765525,,2018-12-21,,0.312
ZJV2DZ39,0,0,,,,Censored No Alarm,0,0,0,0,0,1,0.0011626762570813298,,2018-12-19,,0.312
ZJV2DZ42,0,0,,,,Censored No Alarm,0,0,0,0,0,1,0.0018958000000566244,,2020-01-17,,0.312
ZJV2DZ4V,0,0,,,,Censored No Alarm,0,0,0,0,0,1,0.0009266585693694651,,2019-03-02,,0.312
ZJV2DZ5W,0,0,,,,Censored No Alarm,0,0,0,0,0,1,0.0010421035112813115,,2019-01-23,,0.312
ZJV2DZGC,0,0,,,,Censored No Alarm,0,0,0,0,0,1,0.0005546223255805671,,2018-12-21,,0.312
ZJV2DZHE,0,0,,,,Censored No Alarm,0,0,0,0,0,1,0.0015387521125376225,,2018-12-19,,0.312
ZJV2DZHH,0,0,,,,Censored No Alarm,0,0,0,0,0,1,0.0006010090583004057,,2018-12-21,,0.312
ZJV2E0H0,0,0,,,,Censored No Alarm,0,0,0,0,0,1,0.0005437559448182583,,2018-12-21,,0.312
ZJV2E0HL,0,0,,,,Censored No Alarm,0,0,0,0,0,1,0.0005711725680157542,,2018-12-21,,0.312
ZJV2E0KH,0,0,,,,Censored No Alarm,0,0,0,0,0,1,0.0015215948224067688,,2018-12-19,,0.312
ZJV2E0P8,0,0,,,,Censored No Alarm,0,0,0,0,0,1,0.058188095688819885,,2018-12-19,,0.312
ZJV2E0PK,0,0,,,,Censored No Alarm,0,0,0,0,0,1,0.0008339987834915519,,2019-03-02,,0.312
ZJV2E0XV,0,0,,,,Censored No Alarm,0,0,0,0,0,1,0.0005353578017093241,,2018-12-21,,0.312
ZJV2E0YK,0,0,,,,Censored No Alarm,0,0,0,0,0,1,0.0018160933395847678,,2019-01-23,,0.312
ZJV2E10F,0,0,,,,Censored No Alarm,0,0,0,0,0,1,0.000703978119418025,,2019-01-23,,0.312
ZJV2E10S,0,0,,,,Censored No Alarm,0,0,0,0,0,1,0.0013115922920405865,,2018-12-19,,0.312
ZJV2E11M,0,0,,,,Censored No Alarm,0,0,0,0,0,1,0.0005499132676050067,,2018-12-21,,0.312
ZJV2E13N,0,0,,,,Censored No Alarm,0,0,0,0,0,1,0.0018178429454565048,,2018-12-19,,0.312
ZJV2E15F,0,0,,,,Censored No Alarm,0,0,0,0,0,1,0.0017455784836784005,,2018-12-19,,0.312
ZJV2E15J,0,0,,,,Censored No Alarm,0,0,0,0,0,1,0.0011690129758790135,,2019-03-02,,0.312
ZJV2E15L,0,0,,,,Censored No Alarm,0,0,0,0,0,1,0.001047377591021359,,2019-03-02,,0.312
ZJV2E15P,0,0,,,,Censored No Alarm,0,0,0,0,0,1,0.0007687334436923265,,2018-12-21,,0.312
ZJV2E174,0,0,,,,Censored No Alarm,0,0,0,0,0,1,0.002311108401045203,,2019-03-02,,0.312
ZJV2E18H,0,0,,,,Censored No Alarm,0,0,0,0,0,1,0.0005287436651997268,,2018-12-21,,0.312
ZJV2E199,0,0,,,,Censored No Alarm,0,0,0,0,0,1,0.0010066465474665165,,2018-12-19,,0.312
ZJV2E1AS,0,0,,,,Censored No Alarm,0,0,0,0,0,1,0.0011200833832845092,,2019-03-02,,0.312
ZJV2E1AT,0,0,,,,Censored No Alarm,0,0,0,0,0,1,0.0021736356429755688,,2018-12-19,,0.312
ZJV2E1CM,0,0,,,,Censored No Alarm,0,0,0,0,0,1,0.00114032335113734,,2019-03-02,,0.312
ZJV2E1JH,0,0,,,,Censored No Alarm,0,0,0,0,0,1,0.0010888302931562066,,2019-01-23,,0.312
ZJV2E1JT,0,0,,,,Censored No Alarm,0,0,0,0,0,1,0.0011219863081350923,,2019-03-02,,0.312
ZJV2E1LF,0,0,,,,Censored No Alarm,0,0,0,0,0,1,0.0012256077025085688,,2019-03-02,,0.312
ZJV2E1QR,0,0,,,,Censored No Alarm,0,0,0,0,0,1,0.0005863273981958628,,2018-12-21,,0.312
ZJV2E1RF,0,0,,,,Censored No Alarm,0,0,0,0,0,1,0.0005626527708955109,,2018-12-21,,0.312
ZJV2E3XY,0,0,,,,Censored No Alarm,0,0,0,0,0,1,0.0012547719525173306,,2019-03-02,,0.312
ZJV2E41B,0,0,,,,Censored No Alarm,0,0,0,0,0,1,0.0011613097740337253,,2018-12-19,,0.312
ZJV2E42K,0,0,,,,Censored No Alarm,0,0,0,0,0,1,0.001135152531787753,,2019-03-02,,0.312
ZJV2E44J,0,0,,,,Censored No Alarm,0,0,0,0,0,1,0.0017364011146128178,,2018-12-19,,0.312
ZJV2E44M,0,0,,,,Censored No Alarm,0,0,0,0,0,1,0.0010774836409837008,,2019-01-23,,0.312
ZJV2E44Q,0,0,,,,Censored No Alarm,0,0,0,0,0,1,0.0005609927466139197,,2018-12-21,,0.312
ZJV2E44W,0,0,,,,Censored No Alarm,0,0,0,0,0,1,0.0005866619758307934,,2018-12-21,,0.312
ZJV2E456,0,0,,,,Censored No Alarm,0,0,0,0,0,1,0.0005124671733938158,,2018-12-21,,0.312
ZJV2E464,0,0,,,,Censored No Alarm,0,0,0,0,0,1,0.0005914084613323212,,2018-12-21,,0.312
ZJV2E467,0,0,,,,Censored No Alarm,0,0,0,0,0,1,0.0012361983535811305,,2019-03-02,,0.312
ZJV2E4GP,0,0,,,,Censored No Alarm,0,0,0,0,0,1,0.0010930737480521202,,2018-12-19,,0.312
ZJV2E4GS,1,1,2025-06-27,2025-11-10,136.0,Early,0,1,0,1,0,0,0.392116516828537,0.392116516828537,2020-09-01,1760.0,0.312
ZJV2E4JJ,0,0,,,,Censored No Alarm,0,0,0,0,0,1,0.19949516654014587,,2021-08-21,,0.312
ZJV2E4K6,0,0,,,,Censored No Alarm,0,0,0,0,0,1,0.0008627219940535724,,2018-12-19,,0.312
ZJV2E4KS,0,0,,,,Censored No Alarm,0,0,0,0,0,1,0.0018132576951757073,,2018-12-19,,0.312
ZJV2E4MM,0,0,,,,Censored No Alarm,0,0,0,0,0,1,0.0005384049727581441,,2018-12-21,,0.312
ZJV2E4NE,0,0,,,,Censored No Alarm,0,0,0,0,0,1,0.0010585110867395997,,2019-01-23,,0.312
ZJV2E526,0,0,,,,Censored No Alarm,0,0,0,0,0,1,0.001549730310216546,,2018-12-19,,0.312
ZJV2E5CB,0,0,,,,Censored No Alarm,0,0,0,0,0,1,0.0012681493535637856,,2019-03-02,,0.312
ZJV2E5D7,0,0,,,,Censored No Alarm,0,0,0,0,0,1,0.00144033576361835,,2018-12-19,,0.312
ZJV2E5GX,0,0,,,,Censored No Alarm,0,0,0,0,0,1,0.0005319901392795146,,2018-12-21,,0.312
ZJV2E5H3,0,0,,,,Censored No Alarm,0,0,0,0,0,1,0.000977258663624525,,2018-12-19,,0.312
ZJV2E5K8,0,0,,,,Censored No Alarm,0,0,0,0,0,1,0.0010970875155180693,,2019-01-23,,0.312
ZJV2E5N4,0,0,,,,Censored No Alarm,0,0,0,0,0,1,0.0010933169396594167,,2018-12-19,,0.312
ZJV2E5NR,0,0,,,,Censored No Alarm,0,0,0,0,0,1,0.0010754644172266126,,2018-12-19,,0.312
ZJV2E5QK,0,0,,,,Censored No Alarm,0,0,0,0,0,1,0.0011147295590490103,,2019-03-02,,0.312
ZJV2E61Y,0,0,,,,Censored No Alarm,0,0,0,0,0,1,0.0020060676615685225,,2018-12-19,,0.312
ZJV2E65W,0,0,,,,Censored No Alarm,0,0,0,0,0,1,0.0010762781603261828,,2019-03-02,,0.312
ZJV2E66J,0,0,,,,Censored No Alarm,0,0,0,0,0,1,0.0005535381496883929,,2018-12-21,,0.312
ZJV2E69T,0,0,,,,Censored No Alarm,0,0,0,0,0,1,0.00106527260504663,,2019-03-02,,0.312
ZJV2E6AP,0,0,,,,Censored No Alarm,0,0,0,0,0,1,0.0008506649755872786,,2018-12-21,,0.312
ZJV2E6MP,0,0,,,,Censored No Alarm,0,0,0,0,0,1,0.0011332943104207516,,2019-03-02,,0.312
ZJV2E6V0,0,0,,,,Censored No Alarm,0,0,0,0,0,1,0.0010427887318655849,,2019-03-02,,0.312
ZJV2E78P,0,0,,,,Censored No Alarm,0,0,0,0,0,1,0.001064480864442885,,2019-03-02,,0.312
ZJV2E78Q,0,0,,,,Censored No Alarm,0,0,0,0,0,1,0.0017456789501011372,,2019-01-29,,0.312
ZJV2E79K,0,0,,,,Censored No Alarm,0,0,0,0,0,1,0.0005990586359985173,,2018-12-21,,0.312
ZJV2E79V,0,0,,,,Censored No Alarm,0,0,0,0,0,1,0.0008078888058662415,,2018-12-21,,0.312
ZJV2E7AS,0,0,,,,Censored No Alarm,0,0,0,0,0,1,0.002599603496491909,,2018-12-19,,0.312
ZJV2E7GV,0,0,,,,Censored No Alarm,0,0,0,0,0,1,0.001800353522412479,,2019-01-23,,0.312
ZJV2E7L2,0,0,,,,Censored No Alarm,0,0,0,0,0,1,0.0005697579472325742,,2018-12-21,,0.312
ZJV2E7MV,0,0,,,,Censored No Alarm,0,0,0,0,0,1,0.0010038447799161077,,2019-01-23,,0.312
ZJV2E7N5,0,0,,,,Censored No Alarm,0,0,0,0,0,1,0.001964008202776313,,2019-10-14,,0.312
ZJV2E7RM,0,0,,,,Censored No Alarm,0,0,0,0,0,1,0.000735800655093044,,2019-01-23,,0.312
ZJV2E7T2,0,0,,,,Censored No Alarm,0,0,0,0,0,1,0.0040498096495866776,,2019-09-27,,0.312
ZJV2E7VH,0,0,,,,Censored No Alarm,0,0,0,0,0,1,0.0009813845390453935,,2018-12-19,,0.312
ZJV2E7Z0,0,0,,,,Censored No Alarm,0,0,0,0,0,1,0.0010233281645923853,,2019-03-02,,0.312
ZJV2E7ZJ,0,0,,,,Censored No Alarm,0,0,0,0,0,1,0.0014031771570444107,,2019-01-23,,0.312
ZJV2E81P,0,0,,,,Censored No Alarm,0,0,0,0,0,1,0.0011177064152434468,,2019-01-23,,0.312
ZJV2E83J,0,0,,,,Censored No Alarm,0,0,0,0,0,1,0.0011047539301216602,,2019-01-23,,0.312
ZJV2E84H,0,0,,,,Censored No Alarm,0,0,0,0,0,1,0.2731129229068756,,2018-12-19,,0.312
ZJV2E8AQ,0,0,,,,Censored No Alarm,0,0,0,0,0,1,0.0005064570577815175,,2018-12-21,,0.312
ZJV2E8FZ,0,0,,,,Censored No Alarm,0,0,0,0,0,1,0.0005625085323117673,,2018-12-21,,0.312
ZJV2E8LZ,0,0,,,,Censored No Alarm,0,0,0,0,0,1,0.2960645854473114,,2019-03-02,,0.312
ZJV2E8VH,0,0,,,,Censored No Alarm,0,0,0,0,0,1,0.0010876496089622378,,2019-01-23,,0.312
ZJV2E8W7,0,0,,,,Censored No Alarm,0,0,0,0,0,1,0.0012467923806980252,,2019-03-02,,0.312
ZJV2E8WW,0,0,,,,Censored No Alarm,0,0,0,0,0,1,0.0012793628266081214,,2019-01-23,,0.312
ZJV2E8XD,0,0,,,,Censored No Alarm,0,0,0,0,0,1,0.0011409454746171832,,2019-01-23,,0.312
ZJV2E8YN,0,0,,,,Censored No Alarm,0,0,0,0,0,1,0.0005711390404030681,,2018-12-21,,0.312
ZJV2E8Z1,0,0,,,,Censored No Alarm,0,0,0,0,0,1,0.0009955681161955,,2019-01-23,,0.312
ZJV2E904,0,0,,,,Censored No Alarm,0,0,0,0,0,1,0.0005781537038274109,,2018-12-21,,0.312
ZJV2E927,0,0,,,,Censored No Alarm,0,0,0,0,0,1,0.001316855545155704,,2019-01-23,,0.312
ZJV2E92G,0,0,,,,Censored No Alarm,0,0,0,0,0,1,0.0008885543211363256,,2018-12-19,,0.312
ZJV2E92N,0,0,,,,Censored No Alarm,0,0,0,0,0,1,0.0012454492971301079,,2019-03-02,,0.312
ZJV2E92P,0,0,,,,Censored No Alarm,0,0,0,0,0,1,0.0012500248849391937,,2018-12-19,,0.312
ZJV2E92W,0,0,,,,Censored No Alarm,0,0,0,0,0,1,0.001000687014311552,,2018-12-19,,0.312
ZJV2E957,0,0,,,,Censored No Alarm,0,0,0,0,0,1,0.001095089945010841,,2018-12-19,,0.312
ZJV2E97B,0,0,,,,Censored No Alarm,0,0,0,0,0,1,0.0005875623319298029,,2018-12-21,,0.312
ZJV2E98F,0,0,,,,Censored No Alarm,0,0,0,0,0,1,0.0008414014591835439,,2018-12-21,,0.312
ZJV2E9E9,0,0,,,,Censored No Alarm,0,0,0,0,0,1,0.001111885765567422,,2018-12-19,,0.312
ZJV2E9HT,0,0,,,,Censored No Alarm,0,0,0,0,0,1,0.001192866824567318,,2018-12-19,,0.312
ZJV2E9L4,0,0,,,,Censored No Alarm,0,0,0,0,0,1,0.001605261117219925,,2018-12-19,,0.312
ZJV2E9NB,0,0,,,,Censored No Alarm,0,0,0,0,0,1,0.0005299172480590641,,2018-12-21,,0.312
ZJV2E9NG,0,0,,,,Censored No Alarm,0,0,0,0,0,1,0.0015218694461509585,,2019-11-12,,0.312
ZJV2E9R7,0,0,,,,Censored No Alarm,0,0,0,0,0,1,0.0013250645715743303,,2019-01-23,,0.312
ZJV2E9SH,0,0,,,,Censored No Alarm,0,0,0,0,0,1,0.0027747179847210646,,2018-12-19,,0.312
ZJV2E9SL,0,0,,,,Censored No Alarm,0,0,0,0,0,1,0.0010932423174381256,,2019-03-02,,0.312
ZJV2E9XQ,0,0,,,,Censored No Alarm,0,0,0,0,0,1,0.0005525179440155625,,2018-12-21,,0.312
ZJV2E9Z8,0,0,,,,Censored No Alarm,0,0,0,0,0,1,0.0010559456422924995,,2019-01-23,,0.312
ZJV2EA0N,0,0,,,,Censored No Alarm,0,0,0,0,0,1,0.0011285137152299285,,2018-12-19,,0.312
ZJV2EA1F,0,0,,,,Censored No Alarm,0,0,0,0,0,1,0.0010708188638091087,,2019-03-02,,0.312
ZJV2EA1R,0,0,,,,Censored No Alarm,0,0,0,0,0,1,0.0009447820484638214,,2018-12-19,,0.312
ZJV2EA2Y,0,0,,,,Censored No Alarm,0,0,0,0,0,1,0.0010514856548979878,,2019-03-02,,0.312
ZJV2EA2Z,0,0,,,,Censored No Alarm,0,0,0,0,0,1,0.0006270296289585531,,2018-12-21,,0.312
ZJV2EA30,0,0,,,,Censored No Alarm,0,0,0,0,0,1,0.0005189829389564693,,2018-12-21,,0.312
ZJV2EA3Z,0,0,,,,Censored No Alarm,0,0,0,0,0,1,0.0011486931471154094,,2018-12-19,,0.312
ZJV2EA76,0,0,,,,Censored No Alarm,0,0,0,0,0,1,0.0007132472819648683,,2018-12-21,,0.312
ZJV2EA9B,0,0,,,,Censored No Alarm,0,0,0,0,0,1,0.0004912739968858659,,2018-12-21,,0.312
ZJV2EAA6,0,0,,,,Censored No Alarm,0,0,0,0,0,1,0.0011605783365666866,,2018-12-21,,0.312
ZJV2EAAR,0,0,,,,Censored No Alarm,0,0,0,0,0,1,0.0005589133943431079,,2018-12-21,,0.312
ZJV2EAB8,0,0,,,,Censored No Alarm,0,0,0,0,0,1,0.0012800790136680007,,2019-03-02,,0.312
ZJV2EABE,0,0,,,,Censored No Alarm,0,0,0,0,0,1,0.0012637326726689935,,2018-12-19,,0.312
ZJV2EAGG,0,0,,,,Censored No Alarm,0,0,0,0,0,1,0.0008164202445186675,,2018-12-21,,0.312
ZJV2EAGK,0,0,,,,Censored No Alarm,0,0,0,0,0,1,0.0007724767201580107,,2019-10-15,,0.312
ZJV2EAJ8,0,0,,,,Censored No Alarm,0,0,0,0,0,1,0.0009319839300587773,,2019-03-02,,0.312
ZJV2EAJK,0,0,,,,Censored No Alarm,0,0,0,0,0,1,0.0012022822629660368,,2019-01-23,,0.312
ZJV2EALR,0,0,,,,Censored No Alarm,0,0,0,0,0,1,0.0011770176934078336,,2018-12-19,,0.312
ZJV2EAQZ,0,0,,,,Censored No Alarm,0,0,0,0,0,1,0.0005796230398118496,,2018-12-21,,0.312
ZJV2EAT7,0,0,,,,Censored No Alarm,0,0,0,0,0,1,0.058486975729465485,,2018-12-19,,0.312
ZJV2EATP,0,0,,,,Censored No Alarm,0,0,0,0,0,1,0.0010418086312711239,,2019-03-02,,0.312
ZJV2EAVN,0,0,,,,Censored No Alarm,0,0,0,0,0,1,0.0012408746406435966,,2019-01-23,,0.312
ZJV2EAYY,0,0,,,,Censored No Alarm,0,0,0,0,0,1,0.0010817085858434439,,2019-03-02,,0.312
ZJV2EB0Y,0,0,,,,Censored No Alarm,0,0,0,0,0,1,0.0007949371938593686,,2018-12-21,,0.312
ZJV2EB1W,0,0,,,,Censored No Alarm,0,0,0,0,0,1,0.0010220804251730442,,2019-03-02,,0.312
ZJV2EB4D,1,0,,2019-02-08,,Missed,0,0,0,0,1,0,0.0013599322410300374,,2018-12-19,,0.312
ZJV2EB4Y,0,0,,,,Censored No Alarm,0,0,0,0,0,1,0.0005356622859835625,,2018-12-21,,0.312
ZJV2EB55,0,0,,,,Censored No Alarm,0,0,0,0,0,1,0.001226831809617579,,2019-01-23,,0.312
ZJV2EB5M,0,0,,,,Censored No Alarm,0,0,0,0,0,1,0.0005673379055224359,,2018-12-21,,0.312
ZJV2EB90,0,0,,,,Censored No Alarm,0,0,0,0,0,1,0.0012798723764717579,,2019-01-23,,0.312
ZJV2EBDE,0,0,,,,Censored No Alarm,0,0,0,0,0,1,0.0015990135725587606,,2019-01-23,,0.312
ZJV2EBGF,0,0,,,,Censored No Alarm,0,0,0,0,0,1,0.001129781361669302,,2019-01-23,,0.312
ZJV2EBJY,0,0,,,,Censored No Alarm,0,0,0,0,0,1,0.0013195424107834697,,2019-01-23,,0.312
ZJV2EBRA,0,0,,,,Censored No Alarm,0,0,0,0,0,1,0.0011830718722194433,,2019-03-02,,0.312
ZJV2EBRZ,0,0,,,,Censored No Alarm,0,0,0,0,0,1,0.0005480457912199199,,2018-12-21,,0.312
ZJV2EBTR,0,0,,,,Censored No Alarm,0,0,0,0,0,1,0.0022702428977936506,,2018-12-19,,0.312
ZJV2EBW6,0,0,,,,Censored No Alarm,0,0,0,0,0,1,0.001647678785957396,,2018-12-19,,0.312
ZJV2ECBB,0,0,,,,Censored No Alarm,0,0,0,0,0,1,0.001029578852467239,,2018-12-19,,0.312
ZJV2ECCB,0,0,,,,Censored No Alarm,0,0,0,0,0,1,0.0021810606122016907,,2021-08-03,,0.312
ZJV2ECFQ,0,0,,,,Censored No Alarm,0,0,0,0,0,1,0.0008726128144189715,,2019-01-23,,0.312
ZJV2ECLK,0,0,,,,Censored No Alarm,0,0,0,0,0,1,0.0008298552711494267,,2019-03-02,,0.312
ZJV2ECM7,0,0,,,,Censored No Alarm,0,0,0,0,0,1,0.0005313399597071111,,2018-12-21,,0.312
ZJV2ECQC,1,0,,2019-04-01,,Missed,0,0,0,0,1,0,0.0006224022363312542,,2018-12-21,,0.312
ZJV2ECQG,0,0,,,,Censored No Alarm,0,0,0,0,0,1,0.0016404384514316916,,2018-12-19,,0.312
ZJV2ECQW,1,0,,2019-07-13,,Missed,0,0,0,0,1,0,0.2706485390663147,,2019-03-02,,0.312
ZJV2ED0A,0,0,,,,Censored No Alarm,0,0,0,0,0,1,0.0006038655992597342,,2018-12-21,,0.312
ZJV2ED0J,0,0,,,,Censored No Alarm,0,0,0,0,0,1,0.0010331710800528526,,2018-12-19,,0.312
ZJV2ED3D,0,0,,,,Censored No Alarm,0,0,0,0,0,1,0.000998860108666122,,2019-03-02,,0.312
ZJV2ED5W,0,0,,,,Censored No Alarm,0,0,0,0,0,1,0.0013113199966028333,,2018-12-19,,0.312
ZJV2ED77,0,0,,,,Censored No Alarm,0,0,0,0,0,1,0.0007172463811002672,,2018-12-21,,0.312
ZJV2EDB5,0,0,,,,Censored No Alarm,0,0,0,0,0,1,0.0005157081759534776,,2018-12-21,,0.312
ZJV2EDEK,0,0,,,,Censored No Alarm,0,0,0,0,0,1,0.0017754260916262865,,2019-03-02,,0.312
ZJV2EDTJ,0,0,,,,Censored No Alarm,0,0,0,0,0,1,0.0011470060562714934,,2018-12-19,,0.312
ZJV2EDXT,0,0,,,,Censored No Alarm,0,0,0,0,0,1,0.0005532926297746599,,2018-12-21,,0.312
ZJV2EE2Z,0,0,,,,Censored No Alarm,0,0,0,0,0,1,0.0008155034738592803,,2018-12-21,,0.312
ZJV2EE7B,0,0,,,,Censored No Alarm,0,0,0,0,0,1,0.0008880210807546973,,2018-12-19,,0.312
ZJV2EE9Z,0,0,,,,Censored No Alarm,0,0,0,0,0,1,0.0008363066590391099,,2018-12-21,,0.312
ZJV2EEDG,0,0,,,,Censored No Alarm,0,0,0,0,0,1,0.00310117076151073,,2019-10-15,,0.312
ZJV2EEEC,0,0,,,,Censored No Alarm,0,0,0,0,0,1,0.0005604198668152094,,2018-12-21,,0.312
ZJV2EEJ2,0,0,,,,Censored No Alarm,0,0,0,0,0,1,0.0007852991693653166,,2018-12-19,,0.312
ZJV2EEJX,0,0,,,,Censored No Alarm,0,0,0,0,0,1,0.0010186047293245792,,2019-01-23,,0.312
ZJV2EEKN,0,0,,,,Censored No Alarm,0,0,0,0,0,1,0.0014638785505667329,,2018-12-19,,0.312
ZJV2EEL8,0,0,,,,Censored No Alarm,0,0,0,0,0,1,0.003399265231564641,,2018-12-19,,0.312
ZJV2EEN3,0,0,,,,Censored No Alarm,0,0,0,0,0,1,0.0005509087932296097,,2018-12-21,,0.312
ZJV2EENF,0,0,,,,Censored No Alarm,0,0,0,0,0,1,0.001099922345019877,,2019-03-02,,0.312
ZJV2EEP1,0,0,,,,Censored No Alarm,0,0,0,0,0,1,0.0005376765038818121,,2018-12-21,,0.312
ZJV2EEQ8,0,0,,,,Censored No Alarm,0,0,0,0,0,1,0.0017167315818369389,,2018-12-19,,0.312
ZJV2EEQT,0,0,,,,Censored No Alarm,0,0,0,0,0,1,0.0010778686264529824,,2019-03-02,,0.312
ZJV2EER0,0,0,,,,Censored No Alarm,0,0,0,0,0,1,0.0013623726554214954,,2018-12-19,,0.312
ZJV2EES1,0,0,,,,Censored No Alarm,0,0,0,0,0,1,0.001668555778451264,,2018-12-19,,0.312
ZJV2EETE,0,0,,,,Censored No Alarm,0,0,0,0,0,1,0.0018464185995981097,,2018-12-19,,0.312
ZJV2EEY0,0,0,,,,Censored No Alarm,0,0,0,0,0,1,0.0009762638946995139,,2019-03-02,,0.312
ZJV2EEYH,0,0,,,,Censored No Alarm,0,0,0,0,0,1,0.001811967813409865,,2020-05-15,,0.312
ZJV2EEZD,0,0,,,,Censored No Alarm,0,0,0,0,0,1,0.0009715030319057405,,2019-01-23,,0.312
ZJV2EF24,0,0,,,,Censored No Alarm,0,0,0,0,0,1,0.0007973846513777971,,2018-12-21,,0.312
ZJV2EF2C,0,0,,,,Censored No Alarm,0,0,0,0,0,1,0.001015780377201736,,2019-03-02,,0.312
ZJV2EF3G,0,0,,,,Censored No Alarm,0,0,0,0,0,1,0.0015047838678583503,,2018-12-19,,0.312
ZJV2EF7D,0,0,,,,Censored No Alarm,0,0,0,0,0,1,0.0010703252628445625,,2018-12-19,,0.312
ZJV2EF7Z,0,0,,,,Censored No Alarm,0,0,0,0,0,1,0.0012010198552161455,,2019-01-23,,0.312
ZJV2EFBY,0,0,,,,Censored No Alarm,0,0,0,0,0,1,0.0011174860410392284,,2019-01-23,,0.312
ZJV2EFC9,0,0,,,,Censored No Alarm,0,0,0,0,0,1,0.0005967749166302383,,2018-12-21,,0.312
ZJV2EFCK,0,0,,,,Censored No Alarm,0,0,0,0,0,1,0.0008624314214102924,,2018-12-19,,0.312
ZJV2EFDQ,0,0,,,,Censored No Alarm,0,0,0,0,0,1,0.0012399577535688877,,2019-03-02,,0.312
ZJV2EFEP,0,0,,,,Censored No Alarm,0,0,0,0,0,1,0.02804616466164589,,2021-11-10,,0.312
ZJV2EFGD,0,0,,,,Censored No Alarm,0,0,0,0,0,1,0.0019497668836265802,,2018-12-19,,0.312
ZJV2EFJT,0,0,,,,Censored No Alarm,0,0,0,0,0,1,0.0013058758340775967,,2018-12-21,,0.312
ZJV2EFLB,0,0,,,,Censored No Alarm,0,0,0,0,0,1,0.000539926637429744,,2018-12-21,,0.312
ZJV2EFLS,0,0,,,,Censored No Alarm,0,0,0,0,0,1,0.0012791587505489588,,2018-12-19,,0.312
ZJV2EFQG,0,0,,,,Censored No Alarm,0,0,0,0,0,1,0.0008479105890728533,,2019-03-02,,0.312
ZJV2EFQM,0,0,,,,Censored No Alarm,0,0,0,0,0,1,0.001288966042920947,,2019-01-23,,0.312
ZJV2EFVL,0,0,,,,Censored No Alarm,0,0,0,0,0,1,0.0005761983338743448,,2018-12-21,,0.312
ZJV2EFX7,1,0,,2021-02-05,,Missed,0,0,0,0,1,0,0.03221677243709564,,2019-04-05,,0.312
ZJV2EFXM,0,0,,,,Censored No Alarm,0,0,0,0,0,1,0.0005786879919469357,,2018-12-21,,0.312
ZJV2EFZC,0,0,,,,Censored No Alarm,0,0,0,0,0,1,0.0005516183446161449,,2018-12-21,,0.312
ZJV2EG72,0,0,,,,Censored No Alarm,0,0,0,0,0,1,0.0009805565932765603,,2018-12-21,,0.312
ZJV2EG8D,0,0,,,,Censored No Alarm,0,0,0,0,0,1,0.0007757683051750064,,2018-12-19,,0.312
ZJV2EGDK,0,0,,,,Censored No Alarm,0,0,0,0,0,1,0.0011217447463423014,,2019-03-02,,0.312
ZJV2EGDN,0,0,,,,Censored No Alarm,0,0,0,0,0,1,0.0012089060619473457,,2019-03-02,,0.312
ZJV2EGFP,0,0,,,,Censored No Alarm,0,0,0,0,0,1,0.001266817795112729,,2019-03-02,,0.312
ZJV2EGK0,0,0,,,,Censored No Alarm,0,0,0,0,0,1,0.0005055037909187376,,2018-12-21,,0.312
ZJV2EGK4,0,0,,,,Censored No Alarm,0,0,0,0,0,1,0.0011093318462371826,,2021-09-13,,0.312
ZJV2EGNJ,0,0,,,,Censored No Alarm,0,0,0,0,0,1,0.008066415786743164,,2019-06-25,,0.312
ZJV2EGY2,0,0,,,,Censored No Alarm,0,0,0,0,0,1,0.0009086945210583508,,2019-01-23,,0.312
ZJV2EH0L,0,0,,,,Censored No Alarm,0,0,0,0,0,1,0.0010200453689321876,,2018-12-19,,0.312
ZJV2EH0V,0,0,,,,Censored No Alarm,0,0,0,0,0,1,0.0028567949775606394,,2018-12-19,,0.312
ZJV2EH19,0,0,,,,Censored No Alarm,0,0,0,0,0,1,0.0009262162493541837,,2018-12-19,,0.312
ZJV2EH36,0,0,,,,Censored No Alarm,0,0,0,0,0,1,0.0009625587845221162,,2019-03-02,,0.312
ZJV2EH55,0,0,,,,Censored No Alarm,0,0,0,0,0,1,0.0006023360183462501,,2018-12-21,,0.312
ZJV2EH5T,0,0,,,,Censored No Alarm,0,0,0,0,0,1,0.0012311596656218171,,2018-12-19,,0.312
ZJV2EH5W,0,0,,,,Censored No Alarm,0,0,0,0,0,1,0.0005898099625483155,,2018-12-21,,0.312
ZJV2EH7B,0,0,,,,Censored No Alarm,0,0,0,0,0,1,0.0007532452000305057,,2018-12-21,,0.312
ZJV2EH7Y,0,0,,,,Censored No Alarm,0,0,0,0,0,1,0.002023152308538556,,2018-12-19,,0.312
ZJV2EH88,0,0,,,,Censored No Alarm,0,0,0,0,0,1,0.0012362617999315262,,2019-03-02,,0.312
ZJV2EH8T,0,0,,,,Censored No Alarm,0,0,0,0,0,1,0.0005248471861705184,,2018-12-21,,0.312
ZJV2EHD2,0,0,,,,Censored No Alarm,0,0,0,0,0,1,0.0009388810722157359,,2019-03-02,,0.312
ZJV2EHG1,0,0,,,,Censored No Alarm,0,0,0,0,0,1,0.0005819216603413224,,2018-12-21,,0.312
ZJV2EHGH,0,0,,,,Censored No Alarm,0,0,0,0,0,1,0.0005906246369704604,,2018-12-21,,0.312
ZJV2EHGT,0,0,,,,Censored No Alarm,0,0,0,0,0,1,0.0015809362521395087,,2018-12-19,,0.312
ZJV2EHH1,0,0,,,,Censored No Alarm,0,0,0,0,0,1,0.0014202847378328443,,2019-03-02,,0.312
ZJV2EHHG,0,0,,,,Censored No Alarm,0,0,0,0,0,1,0.0005384566029533744,,2018-12-21,,0.312
ZJV2EHHQ,0,0,,,,Censored No Alarm,0,0,0,0,0,1,0.0011736913584172726,,2018-12-19,,0.312
ZJV2EHJH,0,0,,,,Censored No Alarm,0,0,0,0,0,1,0.0005351933068595827,,2018-12-21,,0.312
ZJV2EHK5,0,0,,,,Censored No Alarm,0,0,0,0,0,1,0.0017163988668471575,,2020-04-28,,0.312
ZJV2ELSL,0,0,,,,Censored No Alarm,0,0,0,0,0,1,0.0008532452629879117,,2019-01-23,,0.312
ZJV2EM1G,0,0,,,,Censored No Alarm,0,0,0,0,0,1,0.0009534686105325818,,2018-12-19,,0.312
ZJV2EM2E,0,0,,,,Censored No Alarm,0,0,0,0,0,1,0.0029123236890882254,,2018-12-19,,0.312
ZJV2EM4Q,0,0,,,,Censored No Alarm,0,0,0,0,0,1,0.0005473577184602618,,2018-12-21,,0.312
ZJV2EM53,0,0,,,,Censored No Alarm,0,0,0,0,0,1,0.001307163154706359,,2018-12-19,,0.312
ZJV2EM97,0,0,,,,Censored No Alarm,0,0,0,0,0,1,0.0014292491832748055,,2018-12-21,,0.312
ZJV2EM9N,0,0,,,,Censored No Alarm,0,0,0,0,0,1,0.0013702164869755507,,2018-12-19,,0.312
ZJV2EMBC,0,0,,,,Censored No Alarm,0,0,0,0,0,1,0.0010872051352635026,,2019-01-23,,0.312
ZJV2EMDW,0,0,,,,Censored No Alarm,0,0,0,0,0,1,0.0009482937748543918,,2018-12-19,,0.312
ZJV2EMDZ,0,0,,,,Censored No Alarm,0,0,0,0,0,1,0.0010138776851817966,,2019-01-23,,0.312
ZJV2EMG5,0,0,,,,Censored No Alarm,0,0,0,0,0,1,0.0013391745742410421,,2018-12-19,,0.312
ZJV2EMH3,0,0,,,,Censored No Alarm,0,0,0,0,0,1,0.0009200216736644506,,2018-12-19,,0.312
ZJV2EMK7,0,0,,,,Censored No Alarm,0,0,0,0,0,1,0.0010841060429811478,,2019-03-02,,0.312
ZJV2EMNP,0,0,,,,Censored No Alarm,0,0,0,0,0,1,0.0005309605621732771,,2018-12-21,,0.312
ZJV2EN1A,0,0,,,,Censored No Alarm,0,0,0,0,0,1,0.0013472646242007613,,2019-03-02,,0.312
ZJV2EN1M,0,0,,,,Censored No Alarm,0,0,0,0,0,1,0.0021862294524908066,,2018-12-19,,0.312
ZJV2EN2H,0,0,,,,Censored No Alarm,0,0,0,0,0,1,0.0015580003382638097,,2018-12-19,,0.312
ZJV2EN2X,0,0,,,,Censored No Alarm,0,0,0,0,0,1,0.001848022104240954,,2019-03-02,,0.312
ZJV2EN2Y,0,0,,,,Censored No Alarm,0,0,0,0,0,1,0.0011766455136239529,,2018-12-19,,0.312
ZJV2EN33,0,0,,,,Censored No Alarm,0,0,0,0,0,1,0.0010050581768155098,,2019-01-23,,0.312
ZJV2EN40,0,0,,,,Censored No Alarm,0,0,0,0,0,1,0.0011728130048140883,,2019-03-02,,0.312
ZJV2EN8F,0,0,,,,Censored No Alarm,0,0,0,0,0,1,0.005800782702863216,,2018-12-19,,0.312
ZJV2ENCE,0,0,,,,Censored No Alarm,0,0,0,0,0,1,0.002740341005846858,,2018-12-19,,0.312
ZJV2ENCZ,0,0,,,,Censored No Alarm,0,0,0,0,0,1,0.0011395280016586185,,2019-03-02,,0.312
ZJV2END5,0,0,,,,Censored No Alarm,0,0,0,0,0,1,0.0009277274366468191,,2021-09-18,,0.312
ZJV2ENHX,0,0,,,,Censored No Alarm,0,0,0,0,0,1,0.0005136533291079104,,2018-12-21,,0.312
ZJV2ENJJ,0,0,,,,Censored No Alarm,0,0,0,0,0,1,0.0011673427652567625,,2019-03-02,,0.312
ZJV2ENK3,0,0,,,,Censored No Alarm,0,0,0,0,0,1,0.001331919222138822,,2019-03-02,,0.312
ZJV2ENN5,1,1,2019-03-14,2019-03-18,4.0,On time,1,0,0,0,0,0,0.4937317967414856,0.42246416211128235,2019-03-02,12.0,0.312
ZJV2ENR2,0,0,,,,Censored No Alarm,0,0,0,0,0,1,0.0005233362899161875,,2018-12-21,,0.312
ZJV2ENTY,0,0,,,,Censored No Alarm,0,0,0,0,0,1,0.0005352463922463357,,2018-12-21,,0.312
ZJV2ENVK,0,0,,,,Censored No Alarm,0,0,0,0,0,1,0.001450068550184369,,2018-12-19,,0.312
ZJV2ENYK,0,0,,,,Censored No Alarm,0,0,0,0,0,1,0.0013614108320325613,,2019-01-23,,0.312
ZJV2EPL0,0,0,,,,Censored No Alarm,0,0,0,0,0,1,0.0012396661331877112,,2019-03-02,,0.312
ZJV2EPLQ,0,0,,,,Censored No Alarm,0,0,0,0,0,1,0.0011451833415776491,,2019-03-02,,0.312
ZJV2EPM9,0,0,,,,Censored No Alarm,0,0,0,0,0,1,0.0010995635529980063,,2018-12-19,,0.312
ZJV2EPNS,0,0,,,,Censored No Alarm,0,0,0,0,0,1,0.0005379879148676991,,2018-12-21,,0.312
ZJV2EPWL,0,0,,,,Censored No Alarm,0,0,0,0,0,1,0.0023956068325787783,,2018-12-19,,0.312
ZJV2EPXP,0,0,,,,Censored No Alarm,0,0,0,0,0,1,0.0011593688977882266,,2019-01-23,,0.312
ZJV2EQ10,0,0,,,,Censored No Alarm,0,0,0,0,0,1,0.0005455305799841881,,2018-12-21,,0.312
ZJV2EQ1J,0,0,,,,Censored No Alarm,0,0,0,0,0,1,0.0010441018966957927,,2019-03-02,,0.312
ZJV2EQ2E,0,0,,,,Censored No Alarm,0,0,0,0,0,1,0.0018099327571690083,,2018-12-19,,0.312
ZJV2EQ2L,0,0,,,,Censored No Alarm,0,0,0,0,0,1,0.000862035492900759,,2019-03-02,,0.312
ZJV2EQ30,0,0,,,,Censored No Alarm,0,0,0,0,0,1,0.0010193119524046779,,2018-12-19,,0.312
ZJV2EQ3V,0,0,,,,Censored No Alarm,0,0,0,0,0,1,0.0009721307433210313,,2019-01-23,,0.312
ZJV2EQ92,0,0,,,,Censored No Alarm,0,0,0,0,0,1,0.0005697568994946778,,2018-12-21,,0.312
ZJV2EQ9P,0,0,,,,Censored No Alarm,0,0,0,0,0,1,0.0005615325644612312,,2018-12-21,,0.312
ZJV2EQ9W,0,0,,,,Censored No Alarm,0,0,0,0,0,1,0.001129969721660018,,2019-03-02,,0.312
ZJV2EQAK,0,0,,,,Censored No Alarm,0,0,0,0,0,1,0.0012380300322547555,,2018-12-19,,0.312
ZJV2EQAN,0,0,,,,Censored No Alarm,0,0,0,0,0,1,0.0005244159256108105,,2018-12-21,,0.312
ZJV2EQCR,0,0,,,,Censored No Alarm,0,0,0,0,0,1,0.0009926926577463746,,2018-12-19,,0.312
ZJV2EQD3,0,0,,,,Censored No Alarm,0,0,0,0,0,1,0.0005202097818255424,,2018-12-21,,0.312
ZJV2EQF3,0,0,,,,Censored No Alarm,0,0,0,0,0,1,0.0031185392290353775,,2019-10-03,,0.312
ZJV2EQG7,0,0,,,,Censored No Alarm,0,0,0,0,0,1,0.0011987591860815883,,2019-03-02,,0.312
ZJV2EQHE,0,0,,,,Censored No Alarm,0,0,0,0,0,1,0.0010695658857002854,,2019-01-23,,0.312
ZJV2EQHK,0,0,,,,Censored No Alarm,0,0,0,0,0,1,0.002959794830530882,,2018-12-19,,0.312
ZJV2EQKM,0,0,,,,Censored No Alarm,0,0,0,0,0,1,0.000530223420355469,,2018-12-21,,0.312
ZJV2EQKX,0,0,,,,Censored No Alarm,0,0,0,0,0,1,0.0008537848480045795,,2018-12-21,,0.312
ZJV2EQPZ,0,0,,,,Censored No Alarm,0,0,0,0,0,1,0.0013376508140936494,,2019-01-23,,0.312
ZJV2EQQ3,0,0,,,,Censored No Alarm,0,0,0,0,0,1,0.002101736143231392,,2019-03-02,,0.312
ZJV2EQRW,0,0,,,,Censored No Alarm,0,0,0,0,0,1,0.002098587341606617,,2019-03-02,,0.312
ZJV2EQS8,0,0,,,,Censored No Alarm,0,0,0,0,0,1,0.0009322002879343927,,2018-12-19,,0.312
ZJV2EQTB,0,0,,,,Censored No Alarm,0,0,0,0,0,1,0.0008092040079645813,,2019-03-02,,0.312
ZJV2ER1G,1,0,,2019-07-25,,Missed,0,0,0,0,1,0,0.0007560663507319987,,2019-03-02,,0.312
ZJV2ER1J,0,0,,,,Censored No Alarm,0,0,0,0,0,1,0.002177419140934944,,2019-10-02,,0.312
ZJV2ER1V,0,0,,,,Censored No Alarm,0,0,0,0,0,1,0.001174764707684517,,2019-03-02,,0.312
ZJV2ER1Y,0,0,,,,Censored No Alarm,0,0,0,0,0,1,0.000859661609865725,,2018-12-21,,0.312
ZJV2ER24,0,0,,,,Censored No Alarm,0,0,0,0,0,1,0.0009311093017458916,,2018-12-19,,0.312
ZJV2ER27,0,0,,,,Censored No Alarm,0,0,0,0,0,1,0.0005555461393669248,,2018-12-21,,0.312
ZJV2ER50,0,0,,,,Censored No Alarm,0,0,0,0,0,1,0.0010581843089312315,,2018-12-19,,0.312
ZJV2ER5N,0,0,,,,Censored No Alarm,0,0,0,0,0,1,0.001093203783966601,,2019-03-02,,0.312
ZJV2ER9P,0,0,,,,Censored No Alarm,0,0,0,0,0,1,0.0005461829714477062,,2018-12-21,,0.312
ZJV2ERHQ,0,0,,,,Censored No Alarm,0,0,0,0,0,1,0.0005999068380333483,,2018-12-21,,0.312
ZJV2ERJH,0,0,,,,Censored No Alarm,0,0,0,0,0,1,0.000535702973138541,,2018-12-21,,0.312
ZJV2ERK5,0,0,,,,Censored No Alarm,0,0,0,0,0,1,0.0005396048654802144,,2018-12-21,,0.312
ZJV2ERMN,0,0,,,,Censored No Alarm,0,0,0,0,0,1,0.0005185690824873745,,2018-12-21,,0.312
ZJV2ERPR,0,0,,,,Censored No Alarm,0,0,0,0,0,1,0.0005279079196043313,,2018-12-21,,0.312
ZJV2ERQC,0,0,,,,Censored No Alarm,0,0,0,0,0,1,0.001584390178322792,,2018-12-19,,0.312
ZJV2ERRM,0,0,,,,Censored No Alarm,0,0,0,0,0,1,0.000575793965253979,,2018-12-21,,0.312
ZJV2ERRP,0,0,,,,Censored No Alarm,0,0,0,0,0,1,0.0005342687363736331,,2018-12-21,,0.312
ZJV2ERSD,0,0,,,,Censored No Alarm,0,0,0,0,0,1,0.001050198683515191,,2019-01-23,,0.312
ZJV2ERSN,0,0,,,,Censored No Alarm,0,0,0,0,0,1,0.0011384343961253762,,2019-03-02,,0.312
ZJV2ERTK,0,0,,,,Censored No Alarm,0,0,0,0,0,1,0.0019177538342773914,,2019-11-15,,0.312
ZJV2ERZG,0,0,,,,Censored No Alarm,0,0,0,0,0,1,0.0009052318055182695,,2019-01-23,,0.312
ZJV2ES0T,0,0,,,,Censored No Alarm,0,0,0,0,0,1,0.0005647750804200768,,2018-12-21,,0.312
ZJV2ES2W,0,0,,,,Censored No Alarm,0,0,0,0,0,1,0.000924538413528353,,2019-01-23,,0.312
ZJV2ES6P,0,0,,,,Censored No Alarm,0,0,0,0,0,1,0.0014051039470359683,,2018-12-19,,0.312
ZJV2ES71,0,0,,,,Censored No Alarm,0,0,0,0,0,1,0.0011602179147303104,,2018-12-19,,0.312
ZJV2ESBX,0,0,,,,Censored No Alarm,0,0,0,0,0,1,0.0015536581631749868,,2018-12-19,,0.312
ZJV2ESBY,0,0,,,,Censored No Alarm,0,0,0,0,0,1,0.0012779387179762125,,2018-12-19,,0.312
ZJV2ESCX,0,0,,,,Censored No Alarm,0,0,0,0,0,1,0.0005582906887866557,,2018-12-21,,0.312
ZJV2ESEL,0,0,,,,Censored No Alarm,0,0,0,0,0,1,0.0010569208534434438,,2019-03-02,,0.312
ZJV2ESGC,0,0,,,,Censored No Alarm,0,0,0,0,0,1,0.001429397496394813,,2018-12-19,,0.312
ZJV2ESJN,0,0,,,,Censored No Alarm,0,0,0,0,0,1,0.0009602188947610557,,2019-01-23,,0.312
ZJV2ESKT,0,0,,,,Censored No Alarm,0,0,0,0,0,1,0.0005269284010864794,,2018-12-21,,0.312
ZJV2ESM1,0,0,,,,Censored No Alarm,0,0,0,0,0,1,0.0008639065781608224,,2018-12-19,,0.312
ZJV2ESNN,0,0,,,,Censored No Alarm,0,0,0,0,0,1,0.0005155396065674722,,2018-12-21,,0.312
ZJV2ESSA,0,0,,,,Censored No Alarm,0,0,0,0,0,1,0.001197670353576541,,2019-03-02,,0.312
ZJV2ESW4,0,0,,,,Censored No Alarm,0,0,0,0,0,1,0.0009944275952875614,,2019-01-23,,0.312
ZJV2ET05,0,0,,,,Censored No Alarm,0,0,0,0,0,1,0.000511972582899034,,2018-12-21,,0.312
ZJV2ET3G,0,0,,,,Censored No Alarm,0,0,0,0,0,1,0.0008186271879822016,,2018-12-21,,0.312
ZJV2ET5G,0,0,,,,Censored No Alarm,0,0,0,0,0,1,0.0011440978851169348,,2019-03-02,,0.312
ZJV2ET7Q,0,0,,,,Censored No Alarm,0,0,0,0,0,1,0.0010402932530269027,,2019-01-23,,0.312
ZJV2ET8C,0,0,,,,Censored No Alarm,0,0,0,0,0,1,0.001192695228382945,,2019-03-02,,0.312
ZJV2ETAR,0,0,,,,Censored No Alarm,0,0,0,0,0,1,0.0011734265135601163,,2019-01-23,,0.312
ZJV2ETDT,0,0,,,,Censored No Alarm,0,0,0,0,0,1,0.0013483603252097964,,2019-10-15,,0.312
ZJV2ETFE,0,0,,,,Censored No Alarm,0,0,0,0,0,1,0.0005666812648996711,,2018-12-21,,0.312
ZJV2ETGL,0,0,,,,Censored No Alarm,0,0,0,0,0,1,0.0005963771254755557,,2018-12-21,,0.312
ZJV2ETHM,0,0,,,,Censored No Alarm,0,0,0,0,0,1,0.000908997084479779,,2021-10-11,,0.312
ZJV2FE8K,0,0,,,,Censored No Alarm,0,0,0,0,0,1,0.0012895327527076006,,2018-12-21,,0.312
ZJV2FNXN,0,0,,,,Censored No Alarm,0,0,0,0,0,1,0.001426358358003199,,2018-12-19,,0.312
ZJV2FNXT,0,0,,,,Censored No Alarm,0,0,0,0,0,1,0.0005977340624667704,,2018-12-21,,0.312
ZJV2FNZL,0,0,,,,Censored No Alarm,0,0,0,0,0,1,0.0010496240574866533,,2019-01-23,,0.312
ZJV2FP0E,0,0,,,,Censored No Alarm,0,0,0,0,0,1,0.0014354309532791376,,2019-01-23,,0.312
ZJV2FP26,0,0,,,,Censored No Alarm,0,0,0,0,0,1,0.001007525366730988,,2018-12-19,,0.312
ZJV2FP3L,0,0,,,,Censored No Alarm,0,0,0,0,0,1,0.00208236719481647,,2018-12-19,,0.312
ZJV2FP3N,0,0,,,,Censored No Alarm,0,0,0,0,0,1,0.001080825226381421,,2019-01-23,,0.312
ZJV2FP44,0,0,,,,Censored No Alarm,0,0,0,0,0,1,0.0012229490093886852,,2018-12-19,,0.312
ZJV2FP5M,0,0,,,,Censored No Alarm,0,0,0,0,0,1,0.0005700073088519275,,2018-12-21,,0.312
ZJV2FP5X,0,0,,,,Censored No Alarm,0,0,0,0,0,1,0.0012354461941868067,,2019-03-02,,0.312
ZJV2FP7F,0,0,,,,Censored No Alarm,0,0,0,0,0,1,0.0009130773250944912,,2018-12-19,,0.312
ZJV2FP7Z,0,0,,,,Censored No Alarm,0,0,0,0,0,1,0.000552224344573915,,2018-12-21,,0.312
ZJV2FP9L,0,0,,,,Censored No Alarm,0,0,0,0,0,1,0.0021388523746281862,,2018-12-19,,0.312
ZJV2FPB1,0,0,,,,Censored No Alarm,0,0,0,0,0,1,0.0019336139084771276,,2018-12-19,,0.312
ZJV2FPBX,0,0,,,,Censored No Alarm,0,0,0,0,0,1,0.0010888832621276379,,2018-12-19,,0.312
ZJV2FPEC,0,0,,,,Censored No Alarm,0,0,0,0,0,1,0.0013446758966892958,,2018-12-21,,0.312
ZJV2FPJY,0,0,,,,Censored No Alarm,0,0,0,0,0,1,0.001148674520663917,,2019-01-23,,0.312
ZJV2FPKJ,0,0,,,,Censored No Alarm,0,0,0,0,0,1,0.0009228477138094604,,2018-12-19,,0.312
ZJV2FPR4,0,0,,,,Censored No Alarm,0,0,0,0,0,1,0.0019389254739508033,,2018-12-19,,0.312
ZJV2FPTQ,0,0,,,,Censored No Alarm,0,0,0,0,0,1,0.0014461782993748784,,2019-01-23,,0.312
ZJV2FPVE,0,0,,,,Censored No Alarm,0,0,0,0,0,1,0.0005437018116936088,,2018-12-21,,0.312
ZJV2FPXK,0,0,,,,Censored No Alarm,0,0,0,0,0,1,0.0009337443043477833,,2019-03-02,,0.312
ZJV2FPY3,0,0,,,,Censored No Alarm,0,0,0,0,0,1,0.0010272901272401214,,2019-01-23,,0.312
ZJV2FPYG,1,1,2019-06-16,2019-07-07,21.0,On time,1,0,0,0,0,0,0.3235889971256256,0.3235889971256256,2019-03-02,106.0,0.312
ZJV2FPYT,0,0,,,,Censored No Alarm,0,0,0,0,0,1,0.0010849284008145332,,2018-12-19,,0.312
ZJV2FPZP,0,0,,,,Censored No Alarm,0,0,0,0,0,1,0.0005573228118009865,,2018-12-21,,0.312
ZJV2FQ6T,0,0,,,,Censored No Alarm,0,0,0,0,0,1,0.0008921835687942803,,2019-03-02,,0.312
ZJV2FQ8F,0,0,,,,Censored No Alarm,0,0,0,0,0,1,0.0012972307158634067,,2019-01-23,,0.312
ZJV2FQE5,0,0,,,,Censored No Alarm,0,0,0,0,0,1,0.0005235460703261197,,2018-12-21,,0.312
ZJV2FQFT,0,0,,,,Censored No Alarm,0,0,0,0,0,1,0.0010581142269074917,,2019-03-02,,0.312
ZJV2FQFY,0,0,,,,Censored No Alarm,0,0,0,0,0,1,0.0012672166340053082,,2018-12-19,,0.312
ZJV2FQGL,0,0,,,,Censored No Alarm,0,0,0,0,0,1,0.0011714240536093712,,2018-12-19,,0.312
ZJV2FQHP,0,0,,,,Censored No Alarm,0,0,0,0,0,1,0.0009200760396197438,,2019-01-23,,0.312
ZJV2FQHY,0,0,,,,Censored No Alarm,0,0,0,0,0,1,0.002493569627404213,,2018-12-19,,0.312
ZJV2FQJY,0,0,,,,Censored No Alarm,0,0,0,0,0,1,0.000886326190084219,,2018-12-19,,0.312
ZJV2FQKZ,0,0,,,,Censored No Alarm,0,0,0,0,0,1,0.0005283381324261427,,2018-12-21,,0.312
ZJV2FQTS,0,0,,,,Censored No Alarm,0,0,0,0,0,1,0.001117003383114934,,2019-03-02,,0.312
ZJV2FQVZ,0,0,,,,Censored No Alarm,0,0,0,0,0,1,0.0015081298770383,,2018-12-19,,0.312
ZJV2FQX7,0,0,,,,Censored No Alarm,0,0,0,0,0,1,0.002127432730048895,,2018-12-19,,0.312
ZJV2FQYT,0,0,,,,Censored No Alarm,0,0,0,0,0,1,0.0013630728935822845,,2019-01-23,,0.312
ZJV2FQZ9,0,0,,,,Censored No Alarm,0,0,0,0,0,1,0.0010405281791463494,,2019-01-23,,0.312
ZJV2FR1A,0,0,,,,Censored No Alarm,0,0,0,0,0,1,0.0011463210685178638,,2019-01-23,,0.312
ZJV2FR3Z,0,0,,,,Censored No Alarm,0,0,0,0,0,1,0.0005702556227333844,,2018-12-21,,0.312
ZJV2FR6F,0,0,,,,Censored No Alarm,0,0,0,0,0,1,0.0005293444846756756,,2018-12-21,,0.312
ZJV2FR7Z,0,0,,,,Censored No Alarm,0,0,0,0,0,1,0.0005841110832989216,,2018-12-21,,0.312
ZJV2FR8B,0,0,,,,Censored No Alarm,0,0,0,0,0,1,0.0006053552497178316,,2018-12-21,,0.312
ZJV2FR8Q,0,0,,,,Censored No Alarm,0,0,0,0,0,1,0.0010556167690083385,,2018-12-19,,0.312
ZJV2FR93,0,0,,,,Censored No Alarm,0,0,0,0,0,1,0.0005348498816601932,,2018-12-21,,0.312
ZJV2FRAC,1,0,,2019-08-12,,Missed,0,0,0,0,1,0,0.09962195158004761,,2018-12-19,,0.312
ZJV2FRBL,0,0,,,,Censored No Alarm,0,0,0,0,0,1,0.0029990600887686014,,2018-12-19,,0.312
ZJV2FRF4,0,0,,,,Censored No Alarm,0,0,0,0,0,1,0.0008980078273452818,,2019-01-23,,0.312
ZJV2FRGQ,0,0,,,,Censored No Alarm,0,0,0,0,0,1,0.0013360261218622327,,2019-01-23,,0.312
ZJV2FRLS,0,0,,,,Censored No Alarm,0,0,0,0,0,1,0.0013047048123553395,,2019-01-23,,0.312
ZJV2FRMK,0,0,,,,Censored No Alarm,0,0,0,0,0,1,0.0024974702391773462,,2018-12-19,,0.312
ZJV2FRMS,0,0,,,,Censored No Alarm,0,0,0,0,0,1,0.001260097953490913,,2019-03-02,,0.312
ZJV2FRND,0,0,,,,Censored No Alarm,0,0,0,0,0,1,0.0005551977665163577,,2018-12-21,,0.312
ZJV2FRNN,0,0,,,,Censored No Alarm,0,0,0,0,0,1,0.0016900957562029362,,2018-12-19,,0.312
ZJV2FRQC,0,0,,,,Censored No Alarm,0,0,0,0,0,1,0.001025447272695601,,2019-03-02,,0.312
ZJV2FRT0,0,0,,,,Censored No Alarm,0,0,0,0,0,1,0.0011105166049674153,,2019-01-23,,0.312
ZJV2FRTB,0,0,,,,Censored No Alarm,0,0,0,0,0,1,0.0014638729626312852,,2019-03-02,,0.312
ZJV2FRW3,0,0,,,,Censored No Alarm,0,0,0,0,0,1,0.0005646550562232733,,2018-12-21,,0.312
ZJV2FRYP,0,0,,,,Censored No Alarm,0,0,0,0,0,1,0.0006755160284228623,,2018-12-21,,0.312
ZJV2KYJT,0,0,,,,Censored No Alarm,0,0,0,0,0,1,0.28725066781044006,,2019-08-05,,0.312
ZJV2MSEW,0,0,,,,Censored No Alarm,0,0,0,0,0,1,0.0010032644495368004,,2019-01-23,,0.312
ZJV2RF22,0,0,,,,Censored No Alarm,0,0,0,0,0,1,0.0020747631788253784,,2019-01-23,,0.312
ZJV2RWZ9,0,0,,,,Censored No Alarm,0,0,0,0,0,1,0.0011294353753328323,,2019-01-23,,0.312
ZJV2S4SS,0,0,,,,Censored No Alarm,0,0,0,0,0,1,0.0012705432018265128,,2019-01-23,,0.312
ZJV2S4ST,0,0,,,,Censored No Alarm,0,0,0,0,0,1,0.0008431889000348747,,2019-01-23,,0.312
ZJV2SDFY,0,0,,,,Censored No Alarm,0,0,0,0,0,1,0.0010639096144586802,,2019-03-02,,0.312
ZJV2SHYV,0,0,,,,Censored No Alarm,0,0,0,0,0,1,0.002054001670330763,,2019-01-23,,0.312
ZJV2SJ97,0,0,,,,Censored No Alarm,0,0,0,0,0,1,0.001136823440901935,,2019-01-23,,0.312
ZJV2SPFP,0,0,,,,Censored No Alarm,0,0,0,0,0,1,0.0015130745014175773,,2019-01-23,,0.312
ZJV2TFVF,0,0,,,,Censored No Alarm,0,0,0,0,0,1,0.002549831522628665,,2019-08-20,,0.312
ZJV2V25Q,0,0,,,,Censored No Alarm,0,0,0,0,0,1,0.0023294086568057537,,2019-06-07,,0.312
ZJV2VF7Y,0,0,,,,Censored No Alarm,0,0,0,0,0,1,0.0020125857554376125,,2019-07-14,,0.312
ZJV2XAAT,1,0,,2023-08-26,,Missed,0,0,0,0,1,0,0.30424559116363525,,2019-09-22,,0.312
ZJV2Z950,1,0,,2025-10-06,,Missed,0,0,0,0,1,0,0.23233748972415924,,2019-09-22,,0.312
ZJV35CZC,0,0,,,,Censored No Alarm,0,0,0,0,0,1,0.0028394930996000767,,2019-09-22,,0.312
ZJV3778M,0,0,,,,Censored No Alarm,0,0,0,0,0,1,0.0041908398270606995,,2019-09-22,,0.312
ZJV38WGZ,0,0,,,,Censored No Alarm,0,0,0,0,0,1,0.06272616982460022,,2020-06-14,,0.312
ZJV39MN7,1,0,,2022-08-26,,Missed,0,0,0,0,1,0,0.18908868730068207,,2019-09-22,,0.312
ZJV3A0BA,1,1,2021-03-13,2021-03-25,12.0,On time,1,0,0,0,0,0,0.42974457144737244,0.393270343542099,2019-09-22,538.0,0.312
ZJV3A282,0,0,,,,Censored No Alarm,0,0,0,0,0,1,0.0037795640528202057,,2019-09-22,,0.312
ZJV3A2CH,1,0,,2021-08-18,,Missed,0,0,0,0,1,0,0.11393935233354568,,2019-09-22,,0.312
ZJV3ACG5,1,1,2022-02-09,2023-08-03,540.0,Early,0,1,0,1,0,0,0.3507019877433777,0.31271064281463623,2019-09-22,871.0,0.312
ZJV3AEGM,0,0,,,,Censored No Alarm,0,0,0,0,0,1,0.002635040320456028,,2019-09-22,,0.312
ZJV3AESB,1,1,2024-01-11,2024-01-11,0.0,On time,1,0,0,0,0,0,0.33723184466362,0.33723184466362,2019-09-22,1572.0,0.312
ZJV3AF07,0,0,,,,Censored No Alarm,0,0,0,0,0,1,0.15923187136650085,,2019-09-22,,0.312
ZJV3AFSA,1,1,2023-08-07,2023-08-08,1.0,On time,1,0,0,0,0,0,0.46471866965293884,0.4299822449684143,2019-09-22,1415.0,0.312
ZJV3ASVA,0,0,,,,Censored No Alarm,0,0,0,0,0,1,0.0029094351921230555,,2019-09-22,,0.312
ZJV3ATZ0,1,0,,2024-08-15,,Missed,0,0,0,0,1,0,0.2571130096912384,,2019-09-22,,0.312
ZJV3AVA4,1,0,,2024-03-17,,Missed,0,0,0,0,1,0,0.09778335690498352,,2019-09-22,,0.312
ZJV3AYPH,0,0,,,,Censored No Alarm,0,0,0,0,0,1,0.0037233426701277494,,2019-09-22,,0.312
ZJV3AYSA,0,0,,,,Censored No Alarm,0,0,0,0,0,1,0.0035111529286950827,,2019-09-22,,0.312
ZJV3BE6Z,1,1,2021-03-02,2021-05-08,67.0,Early,0,1,0,1,0,0,0.3483385443687439,0.3393641710281372,2019-09-22,527.0,0.312
ZJV3BF16,0,0,,,,Censored No Alarm,0,0,0,0,0,1,0.006856838241219521,,2019-09-22,,0.312
ZJV3BF8Z,1,1,2022-10-27,2022-10-28,1.0,On time,1,0,0,0,0,0,0.47047358751296997,0.43018144369125366,2019-09-22,1131.0,0.312
ZJV3BG12,0,0,,,,Censored No Alarm,0,0,0,0,0,1,0.002811331767588854,,2019-09-22,,0.312
ZJV3BG9W,0,0,,,,Censored No Alarm,0,0,0,0,0,1,0.004061388783156872,,2019-09-22,,0.312
ZJV3BH78,0,0,,,,Censored No Alarm,0,0,0,0,0,1,0.0034247965086251497,,2019-09-22,,0.312
ZJV3BHSH,1,1,2024-12-06,2025-06-21,197.0,Early,0,1,0,1,0,0,0.40358400344848633,0.3488667905330658,2019-09-22,1902.0,0.312
ZJV3BJ0M,0,0,,,,Censored No Alarm,0,0,0,0,0,1,0.0029885591939091682,,2019-09-22,,0.312
ZJV3BLLN,0,0,,,,Censored No Alarm,0,0,0,0,0,1,0.002676595700904727,,2019-09-22,,0.312
ZJV3BMY6,0,0,,,,Censored No Alarm,0,0,0,0,0,1,0.004139665048569441,,2019-09-22,,0.312
ZJV3BRKW,0,0,,,,Censored No Alarm,0,0,0,0,0,1,0.0026644759345799685,,2019-09-22,,0.312
ZJV3BTD2,0,0,,,,Censored No Alarm,0,0,0,0,0,1,0.0036911407951265574,,2019-09-22,,0.312
ZJV3BXPN,0,0,,,,Censored No Alarm,0,0,0,0,0,1,0.013495717197656631,,2019-09-22,,0.312
ZJV3BY2J,1,1,2021-12-20,2023-06-05,532.0,Early,0,1,0,1,0,0,0.4128265678882599,0.3777286112308502,2019-09-22,820.0,0.312
ZJV3BZC5,1,1,2024-03-12,2024-11-04,237.0,Early,0,1,0,1,0,0,0.3786431849002838,0.3753982186317444,2019-09-22,1633.0,0.312
ZJV3BZDW,0,0,,,,Censored No Alarm,0,0,0,0,0,1,0.0040636248886585236,,2019-09-22,,0.312
ZJV3BZJE,0,0,,,,Censored No Alarm,0,0,0,0,0,1,0.021379096433520317,,2019-09-22,,0.312
ZJV3C490,0,0,,,,Censored No Alarm,0,0,0,0,0,1,0.004932692740112543,,2019-09-22,,0.312
ZJV3C4KD,1,1,2022-01-28,2022-02-11,14.0,On time,1,0,0,0,0,0,0.4066337049007416,0.36012086272239685,2019-09-22,859.0,0.312
ZJV3C5NT,0,0,,,,Censored No Alarm,0,0,0,0,0,1,0.0029779872857034206,,2019-09-22,,0.312
ZJV3C6M3,1,0,,2024-07-01,,Missed,0,0,0,0,1,0,0.003654751693829894,,2019-09-22,,0.312
ZJV3C6PV,1,0,,2021-05-19,,Missed,0,0,0,0,1,0,0.2690912187099457,,2019-09-22,,0.312
ZJV3C6TF,0,0,,,,Censored No Alarm,0,0,0,0,0,1,0.06532541662454605,,2019-09-22,,0.312
ZJV3C6Z7,1,0,,2022-06-12,,Missed,0,0,0,0,1,0,0.21782460808753967,,2019-09-22,,0.312
ZJV3C8BB,1,1,2022-07-02,2022-07-02,0.0,On time,1,0,0,0,0,0,0.33695653080940247,0.33695653080940247,2019-09-22,1014.0,0.312
ZJV3C8VT,0,0,,,,Censored No Alarm,0,0,0,0,0,1,0.0033476732205599546,,2019-09-22,,0.312
ZJV3C92H,0,0,,,,Censored No Alarm,0,0,0,0,0,1,0.0028288066387176514,,2019-09-22,,0.312
ZJV3C9YP,1,0,,2021-07-06,,Missed,0,0,0,0,1,0,0.0038459221832454205,,2019-09-22,,0.312
ZJV3CAR4,0,0,,,,Censored No Alarm,0,0,0,0,0,1,0.002769692800939083,,2019-09-22,,0.312
ZJV3CBPK,0,0,,,,Censored No Alarm,0,0,0,0,0,1,0.003284125356003642,,2019-09-22,,0.312
ZJV3CD0R,0,0,,,,Censored No Alarm,0,0,0,0,0,1,0.0032383264042437077,,2019-09-22,,0.312
ZJV3CDZ0,0,1,2025-12-24,,,Censored Early,0,0,1,1,0,0,0.44110241532325745,0.3450748920440674,2019-09-22,2285.0,0.312
ZJV3CFP4,0,0,,,,Censored No Alarm,0,0,0,0,0,1,0.08653683960437775,,2019-09-22,,0.312
ZJV3CG0J,1,1,2025-03-05,2025-03-13,8.0,On time,1,0,0,0,0,0,0.3798060119152069,0.35664263367652893,2019-09-22,1991.0,0.312
ZJV3CG1D,0,0,,,,Censored No Alarm,0,0,0,0,0,1,0.003298400202766061,,2019-09-22,,0.312
ZJV3CG1J,0,0,,,,Censored No Alarm,0,0,0,0,0,1,0.004195829387754202,,2019-09-22,,0.312
ZJV3CGMF,0,0,,,,Censored No Alarm,0,0,0,0,0,1,0.0033450203482061625,,2019-09-22,,0.312
ZJV3CHA4,1,1,2020-03-04,2024-04-08,1496.0,Early,0,1,0,1,0,0,0.3552625775337219,0.3233869671821594,2019-09-22,164.0,0.312
ZJV3CHM4,0,0,,,,Censored No Alarm,0,0,0,0,0,1,0.04211294651031494,,2019-09-22,,0.312
ZJV3CHVZ,0,0,,,,Censored No Alarm,0,0,0,0,0,1,0.0033041161950677633,,2019-09-22,,0.312
ZJV3CJ4K,0,0,,,,Censored No Alarm,0,0,0,0,0,1,0.003103261813521385,,2019-09-22,,0.312
ZJV3CJ51,0,0,,,,Censored No Alarm,0,0,0,0,0,1,0.00357574294321239,,2019-09-22,,0.312
ZJV3CJ9Y,0,0,,,,Censored No Alarm,0,0,0,0,0,1,0.002003708854317665,,2019-09-22,,0.312
ZJV3CKQZ,0,0,,,,Censored No Alarm,0,0,0,0,0,1,0.0028292760252952576,,2019-09-22,,0.312
ZJV3CSA2,1,1,2021-01-11,2021-01-12,1.0,On time,1,0,0,0,0,0,0.45966336131095886,0.39509785175323486,2019-09-22,477.0,0.312
ZJV3CSD5,1,0,,2026-03-21,,Missed,0,0,0,0,1,0,0.004233106970787048,,2019-09-22,,0.312
ZJV3CT3Z,1,0,,2026-01-09,,Missed,0,0,0,0,1,0,0.25507688522338867,,2019-09-22,,0.312
ZJV3CXYD,0,1,2024-09-22,,,Censored Early,0,0,1,1,0,0,0.32447847723960876,0.32447847723960876,2019-09-22,1827.0,0.312
ZJV3CZRJ,0,0,,,,Censored No Alarm,0,0,0,0,0,1,0.003199831349775195,,2019-09-22,,0.312
ZJV3CZT3,0,0,,,,Censored No Alarm,0,0,0,0,0,1,0.0027372855693101883,,2019-09-22,,0.312
ZJV3D049,1,1,2023-05-26,2023-05-31,5.0,On time,1,0,0,0,0,0,0.3227314352989197,0.3227314352989197,2019-09-22,1342.0,0.312
ZJV3D9EX,0,0,,,,Censored No Alarm,0,0,0,0,0,1,0.07728564739227295,,2019-09-22,,0.312
ZJV3D9GE,1,1,2023-10-09,2023-11-28,50.0,Early,0,1,0,1,0,0,0.41455137729644775,0.3537493944168091,2019-09-22,1478.0,0.312
ZJV3D9Q4,0,0,,,,Censored No Alarm,0,0,0,0,0,1,0.0038966508582234383,,2019-09-22,,0.312
ZJV3D9QM,1,0,,2024-08-07,,Missed,0,0,0,0,1,0,0.003742750734090805,,2019-09-22,,0.312
ZJV3EQH8,0,0,,,,Censored No Alarm,0,0,0,0,0,1,0.0033747993875294924,,2019-09-22,,0.312
ZJV3HZ2B,0,0,,,,Censored No Alarm,0,0,0,0,0,1,0.0031559665221720934,,2019-09-22,,0.312
ZJV3M40G,1,0,,2021-09-23,,Missed,0,0,0,0,1,0,0.0025240976829081774,,2020-07-01,,0.312
ZJV3MVS2,0,0,,,,Censored No Alarm,0,0,0,0,0,1,0.026657769456505775,,2020-07-07,,0.312
ZJV3RSVG,0,0,,,,Censored No Alarm,0,0,0,0,0,1,0.002757307840511203,,2019-09-22,,0.312
ZJV3WXHG,0,0,,,,Censored No Alarm,0,0,0,0,0,1,0.0051887426525354385,,2019-09-22,,0.312
ZJV3YXCB,1,0,,2019-10-02,,Missed,0,0,0,0,1,0,0.0007146505522541702,,2019-09-24,,0.312
ZJV3Z5EM,0,0,,,,Censored No Alarm,0,0,0,0,0,1,0.0027250200510025024,,2019-08-28,,0.312
ZJV3ZY2D,0,0,,,,Censored No Alarm,0,0,0,0,0,1,0.001253208494745195,,2019-09-24,,0.312
ZJV40X59,0,0,,,,Censored No Alarm,0,0,0,0,0,1,0.004852797836065292,,2019-09-22,,0.312
ZJV439KB,0,0,,,,Censored No Alarm,0,0,0,0,0,1,0.0030949926003813744,,2019-09-22,,0.312
ZJV475X4,1,1,2025-01-03,2025-02-24,52.0,Early,0,1,0,1,0,0,0.3988425135612488,0.35847580432891846,2019-09-22,1930.0,0.312
ZJV48LZL,0,0,,,,Censored No Alarm,0,0,0,0,0,1,0.0019138559000566602,,2020-03-12,,0.312
ZJV49KW7,1,0,,2023-07-25,,Missed,0,0,0,0,1,0,0.11228781938552856,,2019-09-22,,0.312
ZJV4E8ER,1,1,2022-12-06,2023-06-04,180.0,Early,0,1,0,1,0,0,0.369689017534256,0.3440728485584259,2019-09-22,1171.0,0.312
ZJV4ETD3,0,0,,,,Censored No Alarm,0,0,0,0,0,1,0.004390351939946413,,2019-09-22,,0.312
ZJV4F9YR,0,0,,,,Censored No Alarm,0,0,0,0,0,1,0.0025763490702956915,,2019-09-22,,0.312
ZJV4GF8G,0,0,,,,Censored No Alarm,0,0,0,0,0,1,0.07524720579385757,,2019-09-22,,0.312
ZJV4H5W2,0,0,,,,Censored No Alarm,0,0,0,0,0,1,0.003508688183501363,,2019-09-22,,0.312
ZJV4HHAV,0,0,,,,Censored No Alarm,0,0,0,0,0,1,0.002379082143306732,,2019-09-14,,0.312
ZJV4J9MC,0,0,,,,Censored No Alarm,0,0,0,0,0,1,0.003076632972806692,,2019-09-22,,0.312
ZJV4JG5R,0,0,,,,Censored No Alarm,0,0,0,0,0,1,0.0034912223927676678,,2019-09-22,,0.312
ZJV4K0C6,0,0,,,,Censored No Alarm,0,0,0,0,0,1,0.011668161489069462,,2019-09-22,,0.312
ZJV4K3F6,1,1,2021-05-09,2021-05-29,20.0,On time,1,0,0,0,0,0,0.4444878101348877,0.40980419516563416,2019-09-22,595.0,0.312
ZJV4K6RZ,1,1,2023-11-30,2023-12-04,4.0,On time,1,0,0,0,0,0,0.3980395197868347,0.38042116165161133,2019-09-22,1530.0,0.312
ZJV4K7PR,0,0,,,,Censored No Alarm,0,0,0,0,0,1,0.004033510107547045,,2019-09-22,,0.312
ZJV4KNZ3,0,0,,,,Censored No Alarm,0,0,0,0,0,1,0.03254326432943344,,2019-09-22,,0.312
ZJV4KY2W,0,0,,,,Censored No Alarm,0,0,0,0,0,1,0.0029626202303916216,,2019-09-22,,0.312
ZJV4KZ1Q,0,0,,,,Censored No Alarm,0,0,0,0,0,1,0.002367065055295825,,2019-09-22,,0.312
ZJV4KZDM,0,0,,,,Censored No Alarm,0,0,0,0,0,1,0.0026443200185894966,,2019-09-22,,0.312
ZJV4L09X,0,0,,,,Censored No Alarm,0,0,0,0,0,1,0.0033702782820910215,,2019-09-22,,0.312
ZJV4L3LE,0,0,,,,Censored No Alarm,0,0,0,0,0,1,0.004024109803140163,,2019-09-22,,0.312
ZJV4L4TA,0,0,,,,Censored No Alarm,0,0,0,0,0,1,0.0037585676182061434,,2019-09-22,,0.312
ZJV4L8AK,0,0,,,,Censored No Alarm,0,0,0,0,0,1,0.0039019514806568623,,2019-09-22,,0.312
ZJV4LDGG,1,1,2020-12-08,2021-10-14,310.0,Early,0,1,0,1,0,0,0.3332456052303314,0.31516239047050476,2019-09-22,443.0,0.312
ZJV4LDWP,1,0,,2023-04-07,,Missed,0,0,0,0,1,0,0.0573471300303936,,2019-09-22,,0.312
ZJV4LE7S,1,1,2023-05-02,2023-05-22,20.0,On time,1,0,0,0,0,0,0.351226270198822,0.3465167284011841,2019-09-22,1318.0,0.312
ZJV4LK4J,0,0,,,,Censored No Alarm,0,0,0,0,0,1,0.0028473048005253077,,2019-09-22,,0.312
ZJV4LLAA,1,1,2025-07-05,2025-07-17,12.0,On time,1,0,0,0,0,0,0.38941285014152527,0.3805325925350189,2019-09-22,2113.0,0.312
ZJV4LZX2,0,0,,,,Censored No Alarm,0,0,0,0,0,1,0.00397152453660965,,2019-09-22,,0.312
ZJV4M0AE,0,0,,,,Censored No Alarm,0,0,0,0,0,1,0.0033654365688562393,,2019-09-22,,0.312
ZJV4M12C,1,1,2020-02-08,2020-03-08,29.0,On time,1,0,0,0,0,0,0.4512987732887268,0.3887898027896881,2019-09-22,139.0,0.312
ZJV4P57N,0,0,,,,Censored No Alarm,0,0,0,0,0,1,0.0013048092368990183,,2019-09-24,,0.312
ZJV4Q94R,0,0,,,,Censored No Alarm,0,0,0,0,0,1,0.003685940057039261,,2019-09-22,,0.312
ZJV4QG2P,0,0,,,,Censored No Alarm,0,0,0,0,0,1,0.0026478739455342293,,2019-09-22,,0.312
ZJV4RB2X,0,0,,,,Censored No Alarm,0,0,0,0,0,1,0.002806616947054863,,2019-09-22,,0.312
ZJV4RF9M,0,0,,,,Censored No Alarm,0,0,0,0,0,1,0.0024239132180809975,,2019-09-22,,0.312
ZJV4RPT4,0,0,,,,Censored No Alarm,0,0,0,0,0,1,0.003073285799473524,,2019-09-22,,0.312
ZJV4SJ8B,0,0,,,,Censored No Alarm,0,0,0,0,0,1,0.0013745930045843124,,2019-09-24,,0.312
ZJV4SV2L,0,0,,,,Censored No Alarm,0,0,0,0,0,1,0.121608205139637,,2019-09-22,,0.312
ZJV4T4N8,0,0,,,,Censored No Alarm,0,0,0,0,0,1,0.0013400069437921047,,2019-09-24,,0.312
ZJV4TKWJ,0,0,,,,Censored No Alarm,0,0,0,0,0,1,0.003302624449133873,,2019-09-22,,0.312
ZJV4V0CS,0,0,,,,Censored No Alarm,0,0,0,0,0,1,0.0010924974922090769,,2019-09-24,,0.312
ZJV4VRPA,0,0,,,,Censored No Alarm,0,0,0,0,0,1,0.0034555718302726746,,2019-09-22,,0.312
ZJV4WMKX,1,0,,2023-12-12,,Missed,0,0,0,0,1,0,0.06554576754570007,,2019-09-22,,0.312
ZJV4WVNA,0,0,,,,Censored No Alarm,0,0,0,0,0,1,0.00205453229136765,,2019-09-24,,0.312
ZJV4WWWK,0,0,,,,Censored No Alarm,0,0,0,0,0,1,0.006648181471973658,,2019-09-22,,0.312
ZJV4X7KH,0,1,2025-12-10,,,Censored Early,0,0,1,1,0,0,0.40912821888923645,0.3649187386035919,2019-09-22,2271.0,0.312
ZJV4Y6EY,0,0,,,,Censored No Alarm,0,0,0,0,0,1,0.10504020005464554,,2019-09-22,,0.312
ZJV4YLQF,0,0,,,,Censored No Alarm,0,0,0,0,0,1,0.00546559551730752,,2019-09-22,,0.312
ZJV4YW1R,0,0,,,,Censored No Alarm,0,0,0,0,0,1,0.0011568195186555386,,2019-09-24,,0.312
ZJV4ZM0F,0,0,,,,Censored No Alarm,0,0,0,0,0,1,0.0011246433714404702,,2019-09-24,,0.312
ZJV4ZXF6,0,0,,,,Censored No Alarm,0,0,0,0,0,1,0.016787780448794365,,2019-09-24,,0.312
ZJV50GE0,0,0,,,,Censored No Alarm,0,0,0,0,0,1,0.0011942196870222688,,2019-09-24,,0.312
ZJV52E2D,0,0,,,,Censored No Alarm,0,0,0,0,0,1,0.0014154170639812946,,2019-09-24,,0.312
ZJV53WBC,0,0,,,,Censored No Alarm,0,0,0,0,0,1,0.001014871639199555,,2019-09-24,,0.312
ZJV5897S,0,0,,,,Censored No Alarm,0,0,0,0,0,1,0.0010744035243988037,,2019-09-24,,0.312
ZJV58C9Z,1,0,,2020-02-14,,Missed,0,0,0,0,1,0,0.0012578603345900774,,2019-09-24,,0.312
ZJV59GXD,0,0,,,,Censored No Alarm,0,0,0,0,0,1,0.0016043100040405989,,2019-09-24,,0.312
ZJV5ADN6,0,0,,,,Censored No Alarm,0,0,0,0,0,1,0.001492162817157805,,2019-09-24,,0.312
ZJV5ARB8,0,0,,,,Censored No Alarm,0,0,0,0,0,1,0.0011703857453539968,,2019-09-24,,0.312
ZJV5B7T3,0,0,,,,Censored No Alarm,0,0,0,0,0,1,0.0013152749743312597,,2019-09-24,,0.312
ZJV5BN7Z,0,0,,,,Censored No Alarm,0,0,0,0,0,1,0.0018056477420032024,,2019-09-24,,0.312
ZJV5BXL5,0,0,,,,Censored No Alarm,0,0,0,0,0,1,0.0014999313279986382,,2019-09-24,,0.312
ZJV5D2BN,0,0,,,,Censored No Alarm,0,0,0,0,0,1,0.0022438957821577787,,2019-09-24,,0.312
ZJV5DL8G,0,0,,,,Censored No Alarm,0,0,0,0,0,1,0.0013175795320421457,,2019-09-24,,0.312
ZJV5DVH9,0,0,,,,Censored No Alarm,0,0,0,0,0,1,0.0013920605415478349,,2019-09-24,,0.312
ZJV5E8KD,0,0,,,,Censored No Alarm,0,0,0,0,0,1,0.0014632417587563396,,2019-09-24,,0.312
ZJV5EPQP,0,0,,,,Censored No Alarm,0,0,0,0,0,1,0.0013510178541764617,,2019-09-24,,0.312
ZJV5FP98,0,0,,,,Censored No Alarm,0,0,0,0,0,1,0.0011307131499052048,,2019-09-24,,0.312
ZJV5G0WC,0,0,,,,Censored No Alarm,0,0,0,0,0,1,0.0014290286926552653,,2019-09-24,,0.312
ZJV5G87F,0,0,,,,Censored No Alarm,0,0,0,0,0,1,0.0012279014335945249,,2019-09-24,,0.312
ZJV5GCE6,0,0,,,,Censored No Alarm,0,0,0,0,0,1,0.0013825182104483247,,2019-09-24,,0.312
ZJV5GNAW,0,0,,,,Censored No Alarm,0,0,0,0,0,1,0.0014263712801039219,,2019-09-24,,0.312
ZJV5HC4C,0,0,,,,Censored No Alarm,0,0,0,0,0,1,0.0014150571078062057,,2019-09-24,,0.312
ZJV5HDYT,0,0,,,,Censored No Alarm,0,0,0,0,0,1,0.001659148489125073,,2019-09-24,,0.312
ZJV5HKSF,0,0,,,,Censored No Alarm,0,0,0,0,0,1,0.0013701922725886106,,2019-09-24,,0.312
ZJV5HMM0,0,0,,,,Censored No Alarm,0,0,0,0,0,1,0.0015631208661943674,,2019-09-24,,0.312
ZJV5HRJA,0,0,,,,Censored No Alarm,0,0,0,0,0,1,0.001447108224965632,,2019-09-24,,0.312
ZJV5HVW7,0,0,,,,Censored No Alarm,0,0,0,0,0,1,0.0011145841563120484,,2019-09-24,,0.312
ZJV5J36E,0,0,,,,Censored No Alarm,0,0,0,0,0,1,0.002814230276271701,,2019-09-24,,0.312
ZJV5J3J4,0,0,,,,Censored No Alarm,0,0,0,0,0,1,0.0011189038632437587,,2019-09-24,,0.312
ZJV5J6S9,0,0,,,,Censored No Alarm,0,0,0,0,0,1,0.001440297462977469,,2019-09-24,,0.312
ZJV5JA50,0,0,,,,Censored No Alarm,0,0,0,0,0,1,0.00299684121273458,,2019-09-24,,0.312
ZJV5JBCW,0,0,,,,Censored No Alarm,0,0,0,0,0,1,0.001359564601443708,,2019-09-24,,0.312
ZJV5JBMJ,0,0,,,,Censored No Alarm,0,0,0,0,0,1,0.0009776721708476543,,2019-09-24,,0.312
ZJV5JLF1,0,0,,,,Censored No Alarm,0,0,0,0,0,1,0.0011893054470419884,,2019-09-24,,0.312
ZJV5JLL2,0,0,,,,Censored No Alarm,0,0,0,0,0,1,0.0011799543863162398,,2019-09-24,,0.312
ZJV5JMKJ,0,0,,,,Censored No Alarm,0,0,0,0,0,1,0.0014103042194619775,,2019-09-24,,0.312
ZJV5JN93,0,0,,,,Censored No Alarm,0,0,0,0,0,1,0.0013378506992012262,,2019-09-24,,0.312
ZJV5JQYF,0,0,,,,Censored No Alarm,0,0,0,0,0,1,0.0013789559016004205,,2019-09-24,,0.312
ZJV5JS6B,1,0,,2020-02-10,,Missed,0,0,0,0,1,0,0.0012855540262535214,,2019-09-24,,0.312
ZJV5JSG5,1,0,,2019-12-23,,Missed,0,0,0,0,1,0,0.0007371067767962813,,2019-09-24,,0.312
ZJV5JY1H,0,0,,,,Censored No Alarm,0,0,0,0,0,1,0.0012496939161792397,,2019-09-24,,0.312
ZJV5K0TP,1,0,,2020-06-08,,Missed,0,0,0,0,1,0,0.0012025845935568213,,2019-09-24,,0.312
ZJV5K54A,0,0,,,,Censored No Alarm,0,0,0,0,0,1,0.001550511922687292,,2019-09-24,,0.312
ZJV5K6VJ,0,0,,,,Censored No Alarm,0,0,0,0,0,1,0.002269253833219409,,2019-09-24,,0.312
ZJV5KA5Y,0,0,,,,Censored No Alarm,0,0,0,0,0,1,0.2117818146944046,,2019-09-24,,0.312
ZJV5KAED,0,0,,,,Censored No Alarm,0,0,0,0,0,1,0.0012921951711177826,,2019-09-24,,0.312
ZJV5KFTT,0,0,,,,Censored No Alarm,0,0,0,0,0,1,0.0023673907853662968,,2019-09-24,,0.312
ZJV5KH4P,0,0,,,,Censored No Alarm,0,0,0,0,0,1,0.000995209557004273,,2019-09-24,,0.312
ZJV5KMQH,0,0,,,,Censored No Alarm,0,0,0,0,0,1,0.0012365456204861403,,2019-09-24,,0.312
ZJV5KNFD,0,0,,,,Censored No Alarm,0,0,0,0,0,1,0.0013452619314193726,,2019-09-24,,0.312
ZJV5KNL1,0,0,,,,Censored No Alarm,0,0,0,0,0,1,0.001208902569487691,,2019-09-24,,0.312
ZJV5KQAF,0,0,,,,Censored No Alarm,0,0,0,0,0,1,0.0011374293826520443,,2019-09-24,,0.312
ZJV5KTYB,0,0,,,,Censored No Alarm,0,0,0,0,0,1,0.0013142282841727138,,2019-09-24,,0.312
ZJV5KWQ9,0,0,,,,Censored No Alarm,0,0,0,0,0,1,0.0014873509062454104,,2019-09-24,,0.312
ZJV5KZ6A,0,0,,,,Censored No Alarm,0,0,0,0,0,1,0.0011608850909397006,,2019-09-24,,0.312
ZJV5LBJ3,0,0,,,,Censored No Alarm,0,0,0,0,0,1,0.0014630620134994388,,2019-09-24,,0.312
ZJV5LD77,0,0,,,,Censored No Alarm,0,0,0,0,0,1,0.0013357532443478703,,2019-09-24,,0.312
ZJV5LEP5,0,0,,,,Censored No Alarm,0,0,0,0,0,1,0.0015893232775852084,,2019-09-24,,0.312
ZJV5LGF4,0,0,,,,Censored No Alarm,0,0,0,0,0,1,0.0012948291841894388,,2019-09-24,,0.312
ZJV5LL1Z,0,0,,,,Censored No Alarm,0,0,0,0,0,1,0.00147420191206038,,2019-09-24,,0.312
ZJV5LNJM,0,0,,,,Censored No Alarm,0,0,0,0,0,1,0.0014147115871310234,,2019-09-24,,0.312
ZJV5LP9L,0,0,,,,Censored No Alarm,0,0,0,0,0,1,0.0014980228152126074,,2019-09-24,,0.312
ZJV5LRQB,0,0,,,,Censored No Alarm,0,0,0,0,0,1,0.0012811273336410522,,2019-09-24,,0.312
ZJV5LVL9,0,0,,,,Censored No Alarm,0,0,0,0,0,1,0.0013062615180388093,,2019-09-24,,0.312
ZJV5LWR9,0,0,,,,Censored No Alarm,0,0,0,0,0,1,0.010934279300272465,,2019-09-24,,0.312
ZJV5LXPQ,0,0,,,,Censored No Alarm,0,0,0,0,0,1,0.0010975704062730074,,2019-09-24,,0.312
ZJV5LXV7,0,0,,,,Censored No Alarm,0,0,0,0,0,1,0.0017107282765209675,,2019-09-24,,0.312
ZJV5M1ZP,0,0,,,,Censored No Alarm,0,0,0,0,0,1,0.0012856562389060855,,2019-09-24,,0.312
ZJV5M3AH,0,0,,,,Censored No Alarm,0,0,0,0,0,1,0.0013822714099660516,,2019-09-24,,0.312
ZJV5M4LM,0,0,,,,Censored No Alarm,0,0,0,0,0,1,0.0014466920401901007,,2019-09-24,,0.312
ZJV5M7DE,0,0,,,,Censored No Alarm,0,0,0,0,0,1,0.0011665335623547435,,2019-09-24,,0.312
ZJV5MD9Y,0,0,,,,Censored No Alarm,0,0,0,0,0,1,0.001407958334311843,,2019-09-24,,0.312
ZJV5MF0H,0,0,,,,Censored No Alarm,0,0,0,0,0,1,0.001205679145641625,,2019-09-24,,0.312
ZJV5MF3K,0,0,,,,Censored No Alarm,0,0,0,0,0,1,0.0013003498315811157,,2019-09-24,,0.312
ZJV5MGDH,0,0,,,,Censored No Alarm,0,0,0,0,0,1,0.0010279082925990224,,2019-09-24,,0.312
ZJV5MJWM,0,0,,,,Censored No Alarm,0,0,0,0,0,1,0.0010058737825602293,,2019-09-24,,0.312
ZJV5ML36,0,0,,,,Censored No Alarm,0,0,0,0,0,1,0.0013844886561855674,,2019-09-24,,0.312
ZJV5MLF9,0,0,,,,Censored No Alarm,0,0,0,0,0,1,0.0010883512441068888,,2019-09-24,,0.312
ZJV5MMF5,0,0,,,,Censored No Alarm,0,0,0,0,0,1,0.0018512371461838484,,2019-09-24,,0.312
ZJV5MRM9,0,0,,,,Censored No Alarm,0,0,0,0,0,1,0.0018033544765785336,,2019-09-24,,0.312
ZJV5MSBV,0,0,,,,Censored No Alarm,0,0,0,0,0,1,0.0013288839254528284,,2019-09-24,,0.312
ZJV5MWNZ,0,0,,,,Censored No Alarm,0,0,0,0,0,1,0.0009141881600953639,,2019-09-24,,0.312
ZJV5N5MX,0,0,,,,Censored No Alarm,0,0,0,0,0,1,0.0009314003982581198,,2019-09-24,,0.312
ZJV5NBJM,0,0,,,,Censored No Alarm,0,0,0,0,0,1,0.0012149318354204297,,2019-09-24,,0.312
ZJV5NW0R,0,0,,,,Censored No Alarm,0,0,0,0,0,1,0.001154811237938702,,2019-09-24,,0.312
ZJV5NYJ3,0,0,,,,Censored No Alarm,0,0,0,0,0,1,0.001492626266553998,,2019-09-24,,0.312
ZJV5P4MG,0,0,,,,Censored No Alarm,0,0,0,0,0,1,0.0010925349779427052,,2019-09-24,,0.312
ZJV5P96L,0,0,,,,Censored No Alarm,0,0,0,0,0,1,0.0011798677733168006,,2019-09-24,,0.312
ZJV5PC6N,0,0,,,,Censored No Alarm,0,0,0,0,0,1,0.0018125217175111175,,2019-09-24,,0.312
ZJV5PEWK,0,0,,,,Censored No Alarm,0,0,0,0,0,1,0.0017553503857925534,,2019-09-24,,0.312
ZJV5PGE9,1,0,,2021-08-25,,Missed,0,0,0,0,1,0,0.040759604424238205,,2019-11-03,,0.312
ZJV5PKWB,0,0,,,,Censored No Alarm,0,0,0,0,0,1,0.0011240520980209112,,2019-09-24,,0.312
ZJV5QB1W,0,0,,,,Censored No Alarm,0,0,0,0,0,1,0.001042678952217102,,2019-09-24,,0.312
ZJV5QK29,0,0,,,,Censored No Alarm,0,0,0,0,0,1,0.0015559862367808819,,2019-09-24,,0.312
ZJV5QMPX,0,0,,,,Censored No Alarm,0,0,0,0,0,1,0.0015722906682640314,,2019-09-24,,0.312
ZJV5R2KB,0,0,,,,Censored No Alarm,0,0,0,0,0,1,0.0011614629765972495,,2019-09-24,,0.312
ZJV5RC3S,0,0,,,,Censored No Alarm,0,0,0,0,0,1,0.0011427124263718724,,2019-09-24,,0.312
ZJV5RERF,0,0,,,,Censored No Alarm,0,0,0,0,0,1,0.0016863573109731078,,2019-09-24,,0.312
ZJV5RH7Y,0,0,,,,Censored No Alarm,0,0,0,0,0,1,0.0012240548385307193,,2019-09-24,,0.312
