serial_number,has_failed,alarm_triggered,first_alarm_date,actual_failure_date,days_to_failure_at_alarm,category,is_hit,is_fp_early,is_fp_cens,is_false_alarm,is_miss,is_correct_rejection,max_predicted_score,alarm_predicted_score,first_seen_date,days_since_observed,threshold_used
2AG61PSY,0,0,,,,Censored No Alarm,0,0,0,0,0,1,0.00028890761313959956,,2019-05-27,,0.223
2AG8AVRY,0,0,,,,Censored No Alarm,0,0,0,0,0,1,0.0003550807887222618,,2019-08-14,,0.223
2AGEGU7Y,0,0,,,,Censored No Alarm,0,0,0,0,0,1,0.0008450770983472466,,2019-05-27,,0.223
2AGEU1JY,0,1,2026-01-19,,,Censored Early,0,0,1,1,0,0,0.308861643075943,0.22817908227443695,2019-06-01,2424.0,0.223
2AGG48NY,0,0,,,,Censored No Alarm,0,0,0,0,0,1,0.00021398688841145486,,2019-05-27,,0.223
2AGG7H1Y,0,0,,,,Censored No Alarm,0,0,0,0,0,1,0.0003346666635479778,,2019-05-27,,0.223
2AGGHGJY,1,0,,2024-11-19,,Missed,0,0,0,0,1,0,0.21012131869792938,,2019-05-16,,0.223
2AGGHLEY,0,0,,,,Censored No Alarm,0,0,0,0,0,1,0.000491578015498817,,2019-06-01,,0.223
2AGGHM0Y,0,0,,,,Censored No Alarm,0,0,0,0,0,1,0.0002513197250664234,,2019-05-27,,0.223
2AGGHMUY,0,0,,,,Censored No Alarm,0,0,0,0,0,1,0.001053303829394281,,2019-05-16,,0.223
2AGGHR1Y,0,0,,,,Censored No Alarm,0,0,0,0,0,1,0.0023611921351403,,2019-05-27,,0.223
2AGGHR7Y,0,0,,,,Censored No Alarm,0,0,0,0,0,1,0.00023154751397669315,,2019-05-27,,0.223
2AGGL0UY,1,1,2022-02-26,2022-02-27,1.0,On time,1,0,0,0,0,0,0.5113368034362793,0.24611392617225647,2019-05-27,1006.0,0.223
2AGGR3NY,0,0,,,,Censored No Alarm,0,0,0,0,0,1,0.029935315251350403,,2019-05-27,,0.223
2AGGZNJY,0,0,,,,Censored No Alarm,0,0,0,0,0,1,0.0009645172394812107,,2019-05-27,,0.223
2AGH31BY,1,0,,2023-11-01,,Missed,0,0,0,0,1,0,0.056095875799655914,,2019-05-27,,0.223
2AGH31PY,1,0,,2024-11-18,,Missed,0,0,0,0,1,0,0.05362629145383835,,2019-05-27,,0.223
2AGH33SY,1,1,2025-02-24,2025-05-08,73.0,Early,0,1,0,1,0,0,0.26582634449005127,0.23723632097244263,2019-05-27,2100.0,0.223
2AGH34HY,0,0,,,,Censored No Alarm,0,0,0,0,0,1,0.0784701406955719,,2019-05-27,,0.223
2AGH34PY,0,0,,,,Censored No Alarm,0,0,0,0,0,1,0.004528627265244722,,2019-05-27,,0.223
2AGH35GY,0,0,,,,Censored No Alarm,0,0,0,0,0,1,0.00030929286731407046,,2019-05-27,,0.223
2AGHB9XY,1,0,,2024-12-02,,Missed,0,0,0,0,1,0,0.03291644528508186,,2019-05-27,,0.223
2AGHDYHY,0,0,,,,Censored No Alarm,0,0,0,0,0,1,0.0010581758106127381,,2019-05-27,,0.223
2AGHEP9Y,1,0,,2024-07-26,,Missed,0,0,0,0,1,0,0.015294084325432777,,2019-05-27,,0.223
2AGHGR1Y,0,0,,,,Censored No Alarm,0,0,0,0,0,1,0.0009004788589663804,,2019-05-27,,0.223
2AGHGRLY,0,0,,,,Censored No Alarm,0,0,0,0,0,1,0.0004867485840804875,,2019-05-27,,0.223
2AGHGRRY,0,0,,,,Censored No Alarm,0,0,0,0,0,1,0.0003109577519353479,,2019-05-27,,0.223
2AGHJD4Y,0,1,2025-08-07,,,Censored Early,0,0,1,1,0,0,0.5913754105567932,0.2465771585702896,2019-06-01,2259.0,0.223
2AGHK55Y,0,0,,,,Censored No Alarm,0,0,0,0,0,1,0.0005423415568657219,,2019-05-27,,0.223
2AGHK8MY,0,0,,,,Censored No Alarm,0,0,0,0,0,1,0.00033523119054734707,,2019-05-27,,0.223
2AGHLEUY,1,0,,2023-11-06,,Missed,0,0,0,0,1,0,0.018163418397307396,,2019-05-27,,0.223
2AGHLGTY,1,0,,2025-08-05,,Missed,0,0,0,0,1,0,0.1489323526620865,,2019-05-27,,0.223
2AGHLKHY,0,0,,,,Censored No Alarm,0,0,0,0,0,1,0.001147050759755075,,2019-05-27,,0.223
2AGHLMXY,0,0,,,,Censored No Alarm,0,0,0,0,0,1,0.0006426674081012607,,2019-05-27,,0.223
2AGHLN0Y,0,0,,,,Censored No Alarm,0,0,0,0,0,1,0.00032883023959584534,,2019-05-27,,0.223
2AGHMUTY,0,0,,,,Censored No Alarm,0,0,0,0,0,1,0.0003042678872589022,,2019-05-27,,0.223
2AGHMUYY,0,0,,,,Censored No Alarm,0,0,0,0,0,1,0.0012328134616836905,,2019-06-01,,0.223
2AGHMW5Y,0,0,,,,Censored No Alarm,0,0,0,0,0,1,0.0324498787522316,,2019-05-27,,0.223
2AGHMXGY,1,0,,2023-05-14,,Missed,0,0,0,0,1,0,0.01899176649749279,,2019-05-27,,0.223
2AGHMYTY,0,0,,,,Censored No Alarm,0,0,0,0,0,1,0.05194268003106117,,2019-05-27,,0.223
2AGHMZMY,0,0,,,,Censored No Alarm,0,0,0,0,0,1,0.0003622761578299105,,2019-05-27,,0.223
2AGHN0TY,1,1,2020-09-20,2020-10-22,32.0,Early,0,1,0,1,0,0,0.33431917428970337,0.26686516404151917,2019-05-27,482.0,0.223
2AGHN0WY,0,0,,,,Censored No Alarm,0,0,0,0,0,1,0.0008491780026815832,,2019-05-27,,0.223
2AGHN16Y,0,0,,,,Censored No Alarm,0,0,0,0,0,1,0.0008355113677680492,,2019-05-27,,0.223
2AGHN2AY,0,0,,,,Censored No Alarm,0,0,0,0,0,1,0.0003193067677784711,,2019-05-27,,0.223
2AGHN3XY,0,0,,,,Censored No Alarm,0,0,0,0,0,1,0.001085289753973484,,2019-05-27,,0.223
2AGHPDKY,0,0,,,,Censored No Alarm,0,0,0,0,0,1,0.000502147653605789,,2019-05-27,,0.223
2AGHSJ4Y,0,0,,,,Censored No Alarm,0,0,0,0,0,1,0.000234834267757833,,2019-05-27,,0.223
2AGHSS9Y,0,0,,,,Censored No Alarm,0,0,0,0,0,1,0.002430571708828211,,2019-05-27,,0.223
2AGHTBYY,1,1,2023-09-17,2025-01-25,496.0,Early,0,1,0,1,0,0,0.5521162748336792,0.23833629488945007,2019-05-27,1574.0,0.223
2AGHTGEY,1,0,,2023-03-14,,Missed,0,0,0,0,1,0,0.08068637549877167,,2019-05-27,,0.223
2AGHTKBY,0,0,,,,Censored No Alarm,0,0,0,0,0,1,0.005317024886608124,,2019-05-27,,0.223
2AGLY65Y,1,0,,2023-11-20,,Missed,0,0,0,0,1,0,0.011665401048958302,,2019-08-13,,0.223
2AGM231Y,0,0,,,,Censored No Alarm,0,0,0,0,0,1,0.0011262851767241955,,2019-05-04,,0.223
2AGM23NY,0,0,,,,Censored No Alarm,0,0,0,0,0,1,0.001399968983605504,,2019-05-04,,0.223
2AGM5UVY,0,0,,,,Censored No Alarm,0,0,0,0,0,1,0.09198465943336487,,2019-05-16,,0.223
2AGM5V7Y,1,1,2024-12-23,2025-12-05,347.0,Early,0,1,0,1,0,0,0.4292156994342804,0.28858867287635803,2019-05-16,2048.0,0.223
2AGM5VBY,0,0,,,,Censored No Alarm,0,0,0,0,0,1,0.0671243667602539,,2019-05-16,,0.223
2AGM5VHY,1,0,,2025-01-18,,Missed,0,0,0,0,1,0,0.0018427410395815969,,2019-08-14,,0.223
2AGM5W9Y,1,0,,2025-01-16,,Missed,0,0,0,0,1,0,0.08267538994550705,,2019-05-16,,0.223
2AGM5YEY,0,0,,,,Censored No Alarm,0,0,0,0,0,1,0.006172960624098778,,2019-05-04,,0.223
2AGM8EMY,1,0,,2024-10-29,,Missed,0,0,0,0,1,0,0.10170716792345047,,2019-05-16,,0.223
2AGM8EUY,0,0,,,,Censored No Alarm,0,0,0,0,0,1,0.0006198203773237765,,2019-05-27,,0.223
2AGM8J2Y,0,0,,,,Censored No Alarm,0,0,0,0,0,1,0.0035310995299369097,,2019-05-16,,0.223
2AGM8JAY,0,0,,,,Censored No Alarm,0,0,0,0,0,1,0.0015087195206433535,,2019-05-16,,0.223
2AGM8LNY,0,1,2024-10-24,,,Censored Early,0,0,1,1,0,0,0.3155822157859802,0.2474505752325058,2019-05-04,2000.0,0.223
2AGM8RJY,0,0,,,,Censored No Alarm,0,0,0,0,0,1,0.029352933168411255,,2019-08-13,,0.223
2AGM8RTY,0,0,,,,Censored No Alarm,0,0,0,0,0,1,0.03463059291243553,,2019-05-16,,0.223
2AGM8UNY,1,1,2025-10-29,2026-03-12,134.0,Early,0,1,0,1,0,0,0.567889392375946,0.30149924755096436,2019-08-13,2269.0,0.223
2AGM8V7Y,0,0,,,,Censored No Alarm,0,0,0,0,0,1,0.003546107327565551,,2019-05-16,,0.223
2AGM9MXY,1,0,,2025-09-21,,Missed,0,0,0,0,1,0,0.02807757817208767,,2019-05-04,,0.223
2AGM9PJY,0,1,2025-11-06,,,Censored Early,0,0,1,1,0,0,0.23954294621944427,0.23197342455387115,2019-05-04,2378.0,0.223
2AGM9RGY,1,0,,2022-12-23,,Missed,0,0,0,0,1,0,0.0018004494486376643,,2019-05-16,,0.223
2AGM9S6Y,0,0,,,,Censored No Alarm,0,0,0,0,0,1,0.008839037269353867,,2019-05-16,,0.223
2AGM9SDY,0,0,,,,Censored No Alarm,0,0,0,0,0,1,0.0006492482498288155,,2019-05-04,,0.223
2AGM9U1Y,0,0,,,,Censored No Alarm,0,0,0,0,0,1,0.0004188086313661188,,2019-05-16,,0.223
2AGMDJKY,0,0,,,,Censored No Alarm,0,0,0,0,0,1,0.0013032280839979649,,2019-05-04,,0.223
2AGMDUAY,1,0,,2023-02-04,,Missed,0,0,0,0,1,0,0.003159621264785528,,2019-05-16,,0.223
2AGMDY1Y,0,0,,,,Censored No Alarm,0,0,0,0,0,1,0.05092162266373634,,2019-08-14,,0.223
2AGME0XY,1,0,,2024-05-29,,Missed,0,0,0,0,1,0,0.22185774147510529,,2019-05-16,,0.223
2AGME3BY,0,0,,,,Censored No Alarm,0,0,0,0,0,1,0.005745526868849993,,2019-05-16,,0.223
2AGME9PY,1,0,,2024-08-06,,Missed,0,0,0,0,1,0,0.14033423364162445,,2019-08-13,,0.223
2AGMGAYY,0,0,,,,Censored No Alarm,0,0,0,0,0,1,0.00170887669082731,,2019-05-16,,0.223
2AGMGDPY,0,0,,,,Censored No Alarm,0,0,0,0,0,1,0.006487242411822081,,2019-08-13,,0.223
2AGMGKLY,0,0,,,,Censored No Alarm,0,0,0,0,0,1,0.00032611287315376103,,2019-08-13,,0.223
2AGMGXEY,0,0,,,,Censored No Alarm,0,0,0,0,0,1,0.0002896053483709693,,2019-08-14,,0.223
2AGMH2YY,1,0,,2024-12-10,,Missed,0,0,0,0,1,0,0.13790099322795868,,2019-05-16,,0.223
2AGMH3JY,0,0,,,,Censored No Alarm,0,0,0,0,0,1,0.0008420707890763879,,2019-05-16,,0.223
2AGMHK6Y,0,0,,,,Censored No Alarm,0,0,0,0,0,1,0.0068543353118002415,,2019-05-04,,0.223
2AGMHPEY,1,0,,2024-06-25,,Missed,0,0,0,0,1,0,0.005758482497185469,,2019-06-01,,0.223
2AGMHRYY,1,1,2024-03-20,2024-05-16,57.0,Early,0,1,0,1,0,0,0.22765374183654785,0.22765374183654785,2019-05-16,1770.0,0.223
2AGMHTLY,0,0,,,,Censored No Alarm,0,0,0,0,0,1,0.0012489091604948044,,2019-05-04,,0.223
2AGMHU7Y,1,0,,2024-07-08,,Missed,0,0,0,0,1,0,0.007277824450284243,,2019-05-04,,0.223
2AGMHVTY,0,0,,,,Censored No Alarm,0,0,0,0,0,1,0.0011667152866721153,,2019-05-16,,0.223
2AGMHWAY,1,0,,2023-09-22,,Missed,0,0,0,0,1,0,0.058294568210840225,,2019-08-14,,0.223
2AGMHXDY,1,1,2025-05-30,2025-06-02,3.0,On time,1,0,0,0,0,0,0.5765733122825623,0.30329179763793945,2019-08-13,2117.0,0.223
2AGMHY3Y,1,0,,2025-11-18,,Missed,0,0,0,0,1,0,0.028997033834457397,,2019-08-14,,0.223
2AGMHY5Y,0,0,,,,Censored No Alarm,0,0,0,0,0,1,0.0007678812835365534,,2019-08-13,,0.223
2AGMJ35Y,0,0,,,,Censored No Alarm,0,0,0,0,0,1,0.001117209903895855,,2019-05-04,,0.223
2AGMJ3JY,0,0,,,,Censored No Alarm,0,0,0,0,0,1,0.0016600008821114898,,2019-05-16,,0.223
2AGMJ3TY,0,0,,,,Censored No Alarm,0,0,0,0,0,1,0.0003049486258532852,,2019-08-14,,0.223
2AGMJ47Y,0,0,,,,Censored No Alarm,0,0,0,0,0,1,0.0004212141502648592,,2019-06-01,,0.223
2AGMJ5BY,1,0,,2021-05-03,,Missed,0,0,0,0,1,0,0.0002686397929210216,,2019-05-04,,0.223
2AGMKV4Y,1,1,2026-01-20,2026-01-28,8.0,On time,1,0,0,0,0,0,0.586734414100647,0.2624565660953522,2019-05-04,2453.0,0.223
2AGMKVHY,1,0,,2023-05-06,,Missed,0,0,0,0,1,0,0.043239787220954895,,2019-08-13,,0.223
2AGMKVTY,1,0,,2024-12-04,,Missed,0,0,0,0,1,0,0.04397083818912506,,2019-08-14,,0.223
2AGMLMLY,0,0,,,,Censored No Alarm,0,0,0,0,0,1,0.06526287645101547,,2019-08-14,,0.223
2AGMLSZY,1,1,2020-07-21,2020-07-30,9.0,On time,1,0,0,0,0,0,0.593252420425415,0.22350268065929413,2019-05-16,432.0,0.223
2AGMLT7Y,0,0,,,,Censored No Alarm,0,0,0,0,0,1,0.014318350702524185,,2019-05-16,,0.223
2AGMLWNY,0,0,,,,Censored No Alarm,0,0,0,0,0,1,0.049783721566200256,,2019-08-14,,0.223
2AGMLZLY,1,1,2026-02-11,2026-02-11,0.0,On time,1,0,0,0,0,0,0.5024871826171875,0.5024871826171875,2019-05-16,2463.0,0.223
2AGMM0UY,0,0,,,,Censored No Alarm,0,0,0,0,0,1,0.17365305125713348,,2019-05-16,,0.223
2AGMMNKY,0,0,,,,Censored No Alarm,0,0,0,0,0,1,0.01957247406244278,,2019-06-01,,0.223
2AGMMU1Y,0,0,,,,Censored No Alarm,0,0,0,0,0,1,0.0012391188647598028,,2019-05-16,,0.223
2AGMMU4Y,0,0,,,,Censored No Alarm,0,0,0,0,0,1,0.0014785841340199113,,2019-08-14,,0.223
2AGMNB7Y,1,0,,2023-03-30,,Missed,0,0,0,0,1,0,0.15534734725952148,,2019-05-16,,0.223
2AGMNBEY,0,0,,,,Censored No Alarm,0,0,0,0,0,1,0.0017372971633449197,,2019-05-16,,0.223
2AGMND4Y,1,1,2025-10-14,2025-10-27,13.0,On time,1,0,0,0,0,0,0.5960901379585266,0.24418038129806519,2019-05-04,2355.0,0.223
2AGMNE1Y,1,1,2025-07-04,2025-11-26,145.0,Early,0,1,0,1,0,0,0.6015419960021973,0.2488289773464203,2019-05-16,2241.0,0.223
2AGMNEBY,1,0,,2024-08-05,,Missed,0,0,0,0,1,0,0.21187813580036163,,2019-05-04,,0.223
2AGMNG0Y,0,1,2024-05-07,,,Censored Early,0,0,1,1,0,0,0.2626904249191284,0.22982752323150635,2019-05-16,1818.0,0.223
2AGMNJKY,1,1,2024-07-16,2025-09-29,440.0,Early,0,1,0,1,0,0,0.551919162273407,0.24152131378650665,2019-05-16,1888.0,0.223
2AGMNM8Y,0,0,,,,Censored No Alarm,0,0,0,0,0,1,0.029561016708612442,,2019-08-14,,0.223
2AGMNMWY,1,0,,2023-05-10,,Missed,0,0,0,0,1,0,0.06286189705133438,,2019-05-16,,0.223
2AGMNTXY,0,0,,,,Censored No Alarm,0,0,0,0,0,1,0.0013956385664641857,,2019-05-16,,0.223
2AGMNUVY,0,0,,,,Censored No Alarm,0,0,0,0,0,1,0.0006481258315034211,,2019-05-04,,0.223
2AGMNWBY,0,0,,,,Censored No Alarm,0,0,0,0,0,1,0.0006422045407816768,,2019-08-13,,0.223
2AGMNXRY,0,0,,,,Censored No Alarm,0,0,0,0,0,1,0.05497089773416519,,2019-08-13,,0.223
2AGMP7ZY,0,0,,,,Censored No Alarm,0,0,0,0,0,1,0.0007701456779614091,,2019-08-14,,0.223
2AGMPBWY,0,0,,,,Censored No Alarm,0,0,0,0,0,1,0.09058327972888947,,2019-05-16,,0.223
2AGMPD8Y,1,0,,2023-11-21,,Missed,0,0,0,0,1,0,0.00027387202135287225,,2019-08-13,,0.223
2AGMPK3Y,0,0,,,,Censored No Alarm,0,0,0,0,0,1,0.03027847781777382,,2019-05-04,,0.223
2AGMPL7Y,1,0,,2025-02-27,,Missed,0,0,0,0,1,0,0.09984423220157623,,2019-05-16,,0.223
2AGMPP1Y,0,0,,,,Censored No Alarm,0,0,0,0,0,1,0.0050681596621870995,,2019-05-16,,0.223
2AGMPP4Y,1,1,2025-09-11,2025-09-23,12.0,On time,1,0,0,0,0,0,0.6042382121086121,0.5604674220085144,2019-05-16,2310.0,0.223
2AGMPPGY,0,0,,,,Censored No Alarm,0,0,0,0,0,1,0.0040881880559027195,,2019-05-16,,0.223
2AGMPSSY,0,0,,,,Censored No Alarm,0,0,0,0,0,1,0.0011637898860499263,,2019-05-16,,0.223
2AGMPT2Y,0,0,,,,Censored No Alarm,0,0,0,0,0,1,0.003975687548518181,,2019-05-16,,0.223
2AGMPZ8Y,0,0,,,,Censored No Alarm,0,0,0,0,0,1,0.00031805288745090365,,2019-08-14,,0.223
2AGMS6PY,0,0,,,,Censored No Alarm,0,0,0,0,0,1,0.00023678263823967427,,2019-08-14,,0.223
2AGMSHHY,1,0,,2022-08-12,,Missed,0,0,0,0,1,0,0.0002428319858154282,,2019-05-04,,0.223
2AGMTK0Y,1,1,2025-08-30,2025-08-30,0.0,On time,1,0,0,0,0,0,0.6016002297401428,0.6016002297401428,2019-05-16,2298.0,0.223
2AGMTL0Y,1,0,,2023-04-17,,Missed,0,0,0,0,1,0,0.0009128811652772129,,2019-05-04,,0.223
2AGMTXAY,0,0,,,,Censored No Alarm,0,0,0,0,0,1,0.0005453670746646821,,2019-08-13,,0.223
2AGMUBMY,0,0,,,,Censored No Alarm,0,0,0,0,0,1,0.0005064751603640616,,2019-06-01,,0.223
2AGMUBRY,1,0,,2024-08-04,,Missed,0,0,0,0,1,0,0.0015701701631769538,,2019-08-13,,0.223
2AGMV9UY,0,0,,,,Censored No Alarm,0,0,0,0,0,1,0.0008633334073238075,,2019-08-13,,0.223
2AGMVDDY,0,0,,,,Censored No Alarm,0,0,0,0,0,1,0.0032244196627289057,,2019-05-16,,0.223
2AGMWHVY,1,0,,2024-07-19,,Missed,0,0,0,0,1,0,0.06447499245405197,,2019-05-16,,0.223
2AGMZLMY,1,0,,2023-05-16,,Missed,0,0,0,0,1,0,0.18998757004737854,,2019-08-13,,0.223
2AGN038Y,0,0,,,,Censored No Alarm,0,0,0,0,0,1,0.00036398545489646494,,2019-08-13,,0.223
2AGN03MY,0,0,,,,Censored No Alarm,0,0,0,0,0,1,0.0008265119977295399,,2019-08-13,,0.223
2AGN05MY,0,0,,,,Censored No Alarm,0,0,0,0,0,1,0.0005578724085353315,,2019-08-13,,0.223
2AGN071Y,0,0,,,,Censored No Alarm,0,0,0,0,0,1,0.0022464455105364323,,2019-08-13,,0.223
2AGN07AY,0,0,,,,Censored No Alarm,0,0,0,0,0,1,0.0032642814330756664,,2019-08-14,,0.223
2AGN17RY,0,0,,,,Censored No Alarm,0,0,0,0,0,1,0.00029528181767091155,,2019-08-13,,0.223
2AGN1YNY,0,0,,,,Censored No Alarm,0,0,0,0,0,1,0.0024996877182275057,,2019-08-14,,0.223
2AGN29AY,0,0,,,,Censored No Alarm,0,0,0,0,0,1,0.0003177134785801172,,2019-08-14,,0.223
2AGN43EY,0,0,,,,Censored No Alarm,0,0,0,0,0,1,0.08781931549310684,,2019-08-13,,0.223
2AGN5A3Y,0,0,,,,Censored No Alarm,0,0,0,0,0,1,0.0003193953598383814,,2019-06-01,,0.223
2AGN7GZY,0,0,,,,Censored No Alarm,0,0,0,0,0,1,0.00025887053925544024,,2019-08-13,,0.223
2AGN7XVY,0,0,,,,Censored No Alarm,0,0,0,0,0,1,0.08852104842662811,,2019-08-14,,0.223
2AGN7XYY,0,0,,,,Censored No Alarm,0,0,0,0,0,1,0.014612696133553982,,2019-05-27,,0.223
2AGN853Y,0,0,,,,Censored No Alarm,0,0,0,0,0,1,0.0004402687191031873,,2019-08-14,,0.223
2AGN8H9Y,0,0,,,,Censored No Alarm,0,0,0,0,0,1,0.0004322340537328273,,2019-08-14,,0.223
2AGN8Y9Y,0,0,,,,Censored No Alarm,0,0,0,0,0,1,0.023975064978003502,,2019-08-13,,0.223
2AGN8ZGY,0,0,,,,Censored No Alarm,0,0,0,0,0,1,0.0010756816482171416,,2019-06-01,,0.223
2AGN90RY,1,0,,2023-12-07,,Missed,0,0,0,0,1,0,0.12069027870893478,,2019-08-14,,0.223
2AGN9N4Y,1,0,,2025-03-06,,Missed,0,0,0,0,1,0,0.19333428144454956,,2019-08-13,,0.223
2AGNAK7Y,0,0,,,,Censored No Alarm,0,0,0,0,0,1,0.0003643501549959183,,2019-08-14,,0.223
2AGNAKGY,0,0,,,,Censored No Alarm,0,0,0,0,0,1,0.0006557732704095542,,2019-08-14,,0.223
2AGNAYKY,0,0,,,,Censored No Alarm,0,0,0,0,0,1,0.0008086432353593409,,2019-08-13,,0.223
2AGNBWPY,0,0,,,,Censored No Alarm,0,0,0,0,0,1,0.0005997793050482869,,2019-08-13,,0.223
2AGND0EY,0,0,,,,Censored No Alarm,0,0,0,0,0,1,0.0029844532255083323,,2019-08-13,,0.223
2AGNEAHY,0,0,,,,Censored No Alarm,0,0,0,0,0,1,0.001639396883547306,,2019-08-13,,0.223
2AGNEK5Y,0,0,,,,Censored No Alarm,0,0,0,0,0,1,0.0034744213335216045,,2019-08-14,,0.223
2AGNEN9Y,0,0,,,,Censored No Alarm,0,0,0,0,0,1,0.0012980903265997767,,2019-08-14,,0.223
2AGNEREY,0,0,,,,Censored No Alarm,0,0,0,0,0,1,0.007145109120756388,,2019-08-13,,0.223
2AGNGZPY,0,0,,,,Censored No Alarm,0,0,0,0,0,1,0.0009134071879088879,,2019-05-27,,0.223
2AGNJE2Y,0,0,,,,Censored No Alarm,0,0,0,0,0,1,0.0012085099006071687,,2019-06-01,,0.223
2AGNJG7Y,0,0,,,,Censored No Alarm,0,0,0,0,0,1,0.004511955659836531,,2019-08-13,,0.223
2AGNJGHY,0,0,,,,Censored No Alarm,0,0,0,0,0,1,0.005237338598817587,,2019-08-13,,0.223
2AGNJRYY,0,0,,,,Censored No Alarm,0,0,0,0,0,1,0.00038754631532356143,,2019-06-01,,0.223
2AGNJTAY,0,0,,,,Censored No Alarm,0,0,0,0,0,1,0.000672552443575114,,2019-08-14,,0.223
2AGNJTRY,0,0,,,,Censored No Alarm,0,0,0,0,0,1,0.0003544061037246138,,2019-08-14,,0.223
2AGNKB9Y,1,0,,2023-11-29,,Missed,0,0,0,0,1,0,0.0010891861747950315,,2019-08-13,,0.223
2AGNKGXY,0,0,,,,Censored No Alarm,0,0,0,0,0,1,0.0004432260466273874,,2019-08-14,,0.223
2AGNKNJY,0,0,,,,Censored No Alarm,0,0,0,0,0,1,0.0003709215670824051,,2019-08-14,,0.223
2AGNKSPY,0,0,,,,Censored No Alarm,0,0,0,0,0,1,0.00042651983676478267,,2019-08-14,,0.223
2AGNKV4Y,0,0,,,,Censored No Alarm,0,0,0,0,0,1,0.0009867107728496194,,2019-08-13,,0.223
2AGNL61Y,0,0,,,,Censored No Alarm,0,0,0,0,0,1,0.0008736415184102952,,2019-05-16,,0.223
2AGNNTHY,0,0,,,,Censored No Alarm,0,0,0,0,0,1,0.01576254516839981,,2019-05-16,,0.223
2AGNT47Y,0,0,,,,Censored No Alarm,0,0,0,0,0,1,0.0007172042969614267,,2019-05-16,,0.223
2AGP393Y,1,1,2019-08-12,2023-04-06,1333.0,Early,0,1,0,1,0,0,0.2779633402824402,0.2555024325847626,2019-06-01,72.0,0.223
2AGP43EY,1,0,,2024-09-01,,Missed,0,0,0,0,1,0,0.0195429939776659,,2019-05-16,,0.223
2AGP5EDY,0,0,,,,Censored No Alarm,0,0,0,0,0,1,0.0013346831547096372,,2019-05-16,,0.223
2AGP5GBY,0,0,,,,Censored No Alarm,0,0,0,0,0,1,0.0008797356858849525,,2019-05-16,,0.223
2AGP5J1Y,0,0,,,,Censored No Alarm,0,0,0,0,0,1,0.0008599532884545624,,2019-05-16,,0.223
2AGP6TYY,0,0,,,,Censored No Alarm,0,0,0,0,0,1,0.00048199508455581963,,2019-05-16,,0.223
2AGP6UBY,0,0,,,,Censored No Alarm,0,0,0,0,0,1,0.0023664808832108974,,2019-05-16,,0.223
2AGP9W7Y,0,0,,,,Censored No Alarm,0,0,0,0,0,1,0.14997267723083496,,2019-05-16,,0.223
2AGPHHKY,0,0,,,,Censored No Alarm,0,0,0,0,0,1,0.0005420121015049517,,2019-06-01,,0.223
2AGPHHTY,0,0,,,,Censored No Alarm,0,0,0,0,0,1,0.0007905312813818455,,2019-06-01,,0.223
2AGPJAVY,0,0,,,,Censored No Alarm,0,0,0,0,0,1,0.0002359861391596496,,2019-05-27,,0.223
2AGPJBGY,0,0,,,,Censored No Alarm,0,0,0,0,0,1,0.00025044570793397725,,2019-05-27,,0.223
2AGPJBNY,0,0,,,,Censored No Alarm,0,0,0,0,0,1,0.0002359861391596496,,2019-05-27,,0.223
2AGPJE5Y,0,0,,,,Censored No Alarm,0,0,0,0,0,1,0.0010453758295625448,,2019-05-16,,0.223
2AGPJGPY,1,0,,2021-02-22,,Missed,0,0,0,0,1,0,0.1829635202884674,,2019-05-16,,0.223
2AGPJH1Y,1,0,,2024-08-11,,Missed,0,0,0,0,1,0,0.050970543175935745,,2019-05-16,,0.223
2AGPJHAY,0,0,,,,Censored No Alarm,0,0,0,0,0,1,0.0007582486141473055,,2019-08-13,,0.223
2AGPJHXY,0,0,,,,Censored No Alarm,0,0,0,0,0,1,0.0002559083222877234,,2019-05-27,,0.223
2AGPJL8Y,0,0,,,,Censored No Alarm,0,0,0,0,0,1,0.006645990535616875,,2019-05-27,,0.223
2AGPJLWY,0,0,,,,Censored No Alarm,0,0,0,0,0,1,0.0004923205124214292,,2019-08-13,,0.223
2AGPJMRY,0,0,,,,Censored No Alarm,0,0,0,0,0,1,0.0006433366797864437,,2019-08-13,,0.223
2AGPJP0Y,0,0,,,,Censored No Alarm,0,0,0,0,0,1,0.00020598442642949522,,2019-05-27,,0.223
2AGPK9HY,0,0,,,,Censored No Alarm,0,0,0,0,0,1,0.005828889086842537,,2019-08-14,,0.223
2AGPKA3Y,0,0,,,,Censored No Alarm,0,0,0,0,0,1,0.005129887256771326,,2019-08-14,,0.223
2AGPKALY,0,0,,,,Censored No Alarm,0,0,0,0,0,1,0.0013367673382163048,,2019-05-16,,0.223
2AGPKARY,0,0,,,,Censored No Alarm,0,0,0,0,0,1,0.0015534000704064965,,2019-05-16,,0.223
2AGPKB2Y,0,0,,,,Censored No Alarm,0,0,0,0,0,1,0.00033785070991143584,,2019-05-27,,0.223
2AGPKTUY,0,0,,,,Censored No Alarm,0,0,0,0,0,1,0.0013548854039981961,,2019-05-16,,0.223
2AGPKVGY,0,0,,,,Censored No Alarm,0,0,0,0,0,1,0.0005004560807719827,,2019-05-16,,0.223
2AGPKWNY,1,0,,2023-10-29,,Missed,0,0,0,0,1,0,0.052980098873376846,,2019-05-16,,0.223
2AGPKX4Y,0,0,,,,Censored No Alarm,0,0,0,0,0,1,0.013817556202411652,,2019-05-16,,0.223
2AGPL2YY,0,0,,,,Censored No Alarm,0,0,0,0,0,1,0.0010269578779116273,,2019-05-16,,0.223
2AGPL4UY,0,0,,,,Censored No Alarm,0,0,0,0,0,1,0.0004998079384677112,,2019-05-16,,0.223
2AGPL4ZY,0,0,,,,Censored No Alarm,0,0,0,0,0,1,0.0004770107916556299,,2019-05-27,,0.223
2AGPLSSY,0,0,,,,Censored No Alarm,0,0,0,0,0,1,0.0005071094492450356,,2019-05-16,,0.223
2AGPMDVY,0,0,,,,Censored No Alarm,0,0,0,0,0,1,0.00025039722095243633,,2019-05-27,,0.223
2AGPMEPY,0,0,,,,Censored No Alarm,0,0,0,0,0,1,0.0005029044114053249,,2019-05-16,,0.223
2AGPMGGY,0,0,,,,Censored No Alarm,0,0,0,0,0,1,0.0026174457743763924,,2019-05-16,,0.223
2AGPMM3Y,0,0,,,,Censored No Alarm,0,0,0,0,0,1,0.00039976282278075814,,2019-05-27,,0.223
2AGPMN9Y,0,0,,,,Censored No Alarm,0,0,0,0,0,1,0.00033815877395682037,,2019-05-27,,0.223
2AGPMRDY,0,0,,,,Censored No Alarm,0,0,0,0,0,1,0.000577266386244446,,2019-05-27,,0.223
2AGPMY1Y,0,0,,,,Censored No Alarm,0,0,0,0,0,1,0.0005813778261654079,,2019-05-16,,0.223
2AGPN6PY,0,0,,,,Censored No Alarm,0,0,0,0,0,1,0.07518339157104492,,2019-05-16,,0.223
2AGPPJAY,0,0,,,,Censored No Alarm,0,0,0,0,0,1,0.0005240121390670538,,2019-05-16,,0.223
2AGPPLLY,1,1,2023-10-26,2023-11-29,34.0,Early,0,1,0,1,0,0,0.2567106783390045,0.23011372983455658,2019-05-16,1624.0,0.223
2AGPR6YY,0,0,,,,Censored No Alarm,0,0,0,0,0,1,0.0008101587882265449,,2019-05-16,,0.223
2AGPR7RY,0,0,,,,Censored No Alarm,0,0,0,0,0,1,0.0010075316531583667,,2019-05-16,,0.223
2AGPR8EY,0,0,,,,Censored No Alarm,0,0,0,0,0,1,0.0008868664153851569,,2019-05-16,,0.223
2AGPRL8Y,0,0,,,,Censored No Alarm,0,0,0,0,0,1,0.000302166270557791,,2019-05-27,,0.223
2AGPRMLY,1,0,,2026-03-26,,Missed,0,0,0,0,1,0,0.010285777039825916,,2019-08-13,,0.223
2AGPRMRY,1,0,,2024-08-12,,Missed,0,0,0,0,1,0,0.00031439808662980795,,2019-05-04,,0.223
2AGPRRJY,0,0,,,,Censored No Alarm,0,0,0,0,0,1,0.06954579055309296,,2019-05-04,,0.223
2AGPS2ZY,0,0,,,,Censored No Alarm,0,0,0,0,0,1,0.0008772175060585141,,2019-05-16,,0.223
2AGPSEDY,0,0,,,,Censored No Alarm,0,0,0,0,0,1,0.00037368605262599885,,2019-05-27,,0.223
2AGPSG5Y,0,0,,,,Censored No Alarm,0,0,0,0,0,1,0.005234430078417063,,2019-05-27,,0.223
2AGPSGKY,0,0,,,,Censored No Alarm,0,0,0,0,0,1,0.0004822479095309973,,2019-08-14,,0.223
2AGPSJKY,0,0,,,,Censored No Alarm,0,0,0,0,0,1,0.0007596890791319311,,2019-08-14,,0.223
2AGPSRUY,0,0,,,,Censored No Alarm,0,0,0,0,0,1,0.00042613656842149794,,2019-05-16,,0.223
2AGPT2PY,0,0,,,,Censored No Alarm,0,0,0,0,0,1,0.004392188508063555,,2019-08-14,,0.223
2AGPT48Y,0,0,,,,Censored No Alarm,0,0,0,0,0,1,0.0008416263735853136,,2019-06-01,,0.223
2AGPT7PY,0,0,,,,Censored No Alarm,0,0,0,0,0,1,0.0025568362325429916,,2019-08-13,,0.223
2AGPTL4Y,0,0,,,,Censored No Alarm,0,0,0,0,0,1,0.004178611561655998,,2019-05-27,,0.223
2AGPTVLY,0,0,,,,Censored No Alarm,0,0,0,0,0,1,0.0005864473059773445,,2019-06-01,,0.223
5PG0TA6F,0,0,,,,Censored No Alarm,0,0,0,0,0,1,0.0005015625501982868,,2020-07-14,,0.223
5PG0TAKF,0,0,,,,Censored No Alarm,0,0,0,0,0,1,0.000464833399746567,,2020-05-10,,0.223
5PJEJUHE,0,0,,,,Censored No Alarm,0,0,0,0,0,1,0.0020690378732979298,,2021-12-28,,0.223
5PJJHD9C,0,0,,,,Censored No Alarm,0,0,0,0,0,1,0.00040076542063616216,,2022-07-18,,0.223
5PJJLZTF,0,0,,,,Censored No Alarm,0,0,0,0,0,1,0.0016693916404619813,,2021-12-03,,0.223
5PJKZP4D,0,0,,,,Censored No Alarm,0,0,0,0,0,1,0.0008970631752163172,,2022-08-04,,0.223
5PJVPJGF,0,0,,,,Censored No Alarm,0,0,0,0,0,1,0.002815141575410962,,2021-05-16,,0.223
5PK10N4B,0,0,,,,Censored No Alarm,0,0,0,0,0,1,0.003214767901226878,,2024-12-22,,0.223
5PK5ZB1B,0,0,,,,Censored No Alarm,0,0,0,0,0,1,0.002713556634262204,,2024-04-29,,0.223
5PKEBJVB,0,0,,,,Censored No Alarm,0,0,0,0,0,1,0.0037328109610825777,,2023-11-27,,0.223
5PKVXW6B,0,0,,,,Censored No Alarm,0,0,0,0,0,1,0.003776568453758955,,2024-06-01,,0.223
5QG63PMB,0,0,,,,Censored No Alarm,0,0,0,0,0,1,0.0038380215410143137,,2024-05-28,,0.223
5QGBH0MB,0,0,,,,Censored No Alarm,0,0,0,0,0,1,0.0038285350892692804,,2023-12-09,,0.223
5QGG5KLB,0,0,,,,Censored No Alarm,0,0,0,0,0,1,0.0016863202909007668,,2023-04-05,,0.223
5QGG5UPB,0,0,,,,Censored No Alarm,0,0,0,0,0,1,0.0015306525165215135,,2022-12-06,,0.223
5QGGAELB,1,1,2024-04-13,2025-06-04,417.0,Early,0,1,0,1,0,0,0.42830872535705566,0.25554096698760986,2023-03-28,382.0,0.223
5QGGHWVB,0,0,,,,Censored No Alarm,0,0,0,0,0,1,0.004433133639395237,,2023-12-16,,0.223
5QH0Z60B,1,1,2024-01-14,2024-05-14,121.0,Early,0,1,0,1,0,0,0.5346680879592896,0.23930655419826508,2023-10-22,84.0,0.223
5QHDKVHB,0,0,,,,Censored No Alarm,0,0,0,0,0,1,0.0033287769183516502,,2023-11-17,,0.223
5QHKE66B,0,0,,,,Censored No Alarm,0,0,0,0,0,1,0.003910887520760298,,2024-04-18,,0.223
5QHYP4MB,0,0,,,,Censored No Alarm,0,0,0,0,0,1,0.0029972826596349478,,2024-05-15,,0.223
5QJBW5VB,1,1,2024-04-13,2024-05-25,42.0,Early,0,1,0,1,0,0,0.5694435834884644,0.2779400944709778,2024-02-07,66.0,0.223
5QJS57NB,0,0,,,,Censored No Alarm,0,0,0,0,0,1,0.003888508304953575,,2024-01-23,,0.223
5QKBEVWB,0,0,,,,Censored No Alarm,0,0,0,0,0,1,0.003954148851335049,,2023-12-14,,0.223
5QKDK07B,0,0,,,,Censored No Alarm,0,0,0,0,0,1,0.003619848284870386,,2024-12-20,,0.223
5QKHBVPB,0,0,,,,Censored No Alarm,0,0,0,0,0,1,0.004020421300083399,,2024-05-30,,0.223
5QKKSM3B,0,0,,,,Censored No Alarm,0,0,0,0,0,1,0.0006417447584681213,,2024-04-06,,0.223
5QKV55TB,0,0,,,,Censored No Alarm,0,0,0,0,0,1,0.0037349089980125427,,2024-02-29,,0.223
5QKV6W0B,0,0,,,,Censored No Alarm,0,0,0,0,0,1,0.0030302107334136963,,2023-08-14,,0.223
5QKV74SB,0,0,,,,Censored No Alarm,0,0,0,0,0,1,0.0037145938258618116,,2024-01-09,,0.223
5QKV778B,0,0,,,,Censored No Alarm,0,0,0,0,0,1,0.0027285106480121613,,2024-06-07,,0.223
5QKV7UHB,0,0,,,,Censored No Alarm,0,0,0,0,0,1,0.0038244144525378942,,2024-03-04,,0.223
5QKV85UB,0,0,,,,Censored No Alarm,0,0,0,0,0,1,0.003965745680034161,,2023-12-02,,0.223
5QKVAN8B,0,0,,,,Censored No Alarm,0,0,0,0,0,1,0.003779858350753784,,2023-12-24,,0.223
5QKVARLB,0,0,,,,Censored No Alarm,0,0,0,0,0,1,0.002693938324227929,,2023-11-03,,0.223
5QKVATKB,0,0,,,,Censored No Alarm,0,0,0,0,0,1,0.003590574488043785,,2024-01-09,,0.223
5QKVD71B,0,0,,,,Censored No Alarm,0,0,0,0,0,1,0.002505081705749035,,2024-05-10,,0.223
5QKVDDVB,0,0,,,,Censored No Alarm,0,0,0,0,0,1,0.003824723418802023,,2024-06-19,,0.223
5QKVETTB,0,0,,,,Censored No Alarm,0,0,0,0,0,1,0.0021450764033943415,,2024-06-27,,0.223
5QKVEUZB,0,0,,,,Censored No Alarm,0,0,0,0,0,1,0.003886407008394599,,2024-04-22,,0.223
5QKVEXJB,0,0,,,,Censored No Alarm,0,0,0,0,0,1,0.0029972826596349478,,2023-11-30,,0.223
5QKVGLWB,0,0,,,,Censored No Alarm,0,0,0,0,0,1,0.003927810583263636,,2024-05-08,,0.223
5QKVHPLB,0,0,,,,Censored No Alarm,0,0,0,0,0,1,0.004528270568698645,,2024-05-07,,0.223
5QKVHRMB,0,0,,,,Censored No Alarm,0,0,0,0,0,1,0.0030342761892825365,,2024-06-23,,0.223
5QKVVTHB,0,0,,,,Censored No Alarm,0,0,0,0,0,1,0.0035185248125344515,,2024-04-15,,0.223
8CGNK9GE,0,0,,,,Censored No Alarm,0,0,0,0,0,1,0.03690977767109871,,2019-05-04,,0.223
8CGR1V5E,0,0,,,,Censored No Alarm,0,0,0,0,0,1,0.0014125938760116696,,2019-06-01,,0.223
8CGSN9XE,0,0,,,,Censored No Alarm,0,0,0,0,0,1,0.0005875205970369279,,2019-05-16,,0.223
8CGSTSRE,0,0,,,,Censored No Alarm,0,0,0,0,0,1,0.0006556807202287018,,2019-05-04,,0.223
8CGT5S2E,1,0,,2024-11-05,,Missed,0,0,0,0,1,0,0.07476730644702911,,2019-06-01,,0.223
8CGTW4VE,0,0,,,,Censored No Alarm,0,0,0,0,0,1,0.0017514977371320128,,2019-06-01,,0.223
8CGTZ9HE,1,1,2023-04-20,2023-07-12,83.0,Early,0,1,0,1,0,0,0.6310898661613464,0.2772257626056671,2019-05-16,1435.0,0.223
8CGU9LLE,0,0,,,,Censored No Alarm,0,0,0,0,0,1,0.0004036229511257261,,2019-05-16,,0.223
8CGV369E,0,0,,,,Censored No Alarm,0,0,0,0,0,1,0.0007752554374746978,,2019-05-16,,0.223
8CGVR04E,0,0,,,,Censored No Alarm,0,0,0,0,0,1,0.07962846755981445,,2019-05-16,,0.223
8CGVTH0E,0,0,,,,Censored No Alarm,0,0,0,0,0,1,0.0019932237919420004,,2019-05-04,,0.223
8CGW3HPE,0,0,,,,Censored No Alarm,0,0,0,0,0,1,0.00046673594624735415,,2019-05-04,,0.223
8CGW6ULE,0,0,,,,Censored No Alarm,0,0,0,0,0,1,0.0007682972936891019,,2019-05-04,,0.223
8CGWPGEE,0,0,,,,Censored No Alarm,0,0,0,0,0,1,0.00048718563630245626,,2019-05-16,,0.223
8CGXKYVE,0,0,,,,Censored No Alarm,0,0,0,0,0,1,0.0008092274656519294,,2019-05-04,,0.223
8CGXNNUE,1,1,2022-05-02,2022-05-10,8.0,On time,1,0,0,0,0,0,0.23200950026512146,0.23200950026512146,2019-06-01,1066.0,0.223
8CGY4KUE,0,0,,,,Censored No Alarm,0,0,0,0,0,1,0.00246252934448421,,2019-05-16,,0.223
8CGYJ5TE,0,0,,,,Censored No Alarm,0,0,0,0,0,1,0.0009399143164046109,,2019-06-01,,0.223
8CGYVS8E,0,0,,,,Censored No Alarm,0,0,0,0,0,1,0.00027016602689400315,,2019-06-01,,0.223
8CGYW96E,0,0,,,,Censored No Alarm,0,0,0,0,0,1,0.012197096832096577,,2019-06-01,,0.223
8CGYXB6E,0,0,,,,Censored No Alarm,0,0,0,0,0,1,0.005008173640817404,,2019-08-13,,0.223
8CGZ8K3E,0,0,,,,Censored No Alarm,0,0,0,0,0,1,0.0005759485065937042,,2019-05-04,,0.223
8CGZ8S1E,0,0,,,,Censored No Alarm,0,0,0,0,0,1,0.0006580518092960119,,2019-05-04,,0.223
8CGZ8SDE,0,0,,,,Censored No Alarm,0,0,0,0,0,1,0.05430307611823082,,2019-05-04,,0.223
8CGZB98E,0,0,,,,Censored No Alarm,0,0,0,0,0,1,0.00023246485216077417,,2019-08-14,,0.223
8CGZB9VE,0,0,,,,Censored No Alarm,0,0,0,0,0,1,0.0002591241500340402,,2019-06-01,,0.223
8CGZKBME,0,0,,,,Censored No Alarm,0,0,0,0,0,1,0.040188804268836975,,2019-05-04,,0.223
8CGZKDHE,0,0,,,,Censored No Alarm,0,0,0,0,0,1,0.0011765452800318599,,2019-05-04,,0.223
8CGZMEAE,0,0,,,,Censored No Alarm,0,0,0,0,0,1,0.0011822759406641126,,2019-05-04,,0.223
8CH02WUE,0,0,,,,Censored No Alarm,0,0,0,0,0,1,0.0002754602755885571,,2019-08-14,,0.223
8CH05AGE,0,0,,,,Censored No Alarm,0,0,0,0,0,1,0.0008228981751017272,,2019-05-04,,0.223
8CH06AGE,0,0,,,,Censored No Alarm,0,0,0,0,0,1,0.0005869835731573403,,2019-05-16,,0.223
8CH06B5E,0,0,,,,Censored No Alarm,0,0,0,0,0,1,0.0003153025172650814,,2019-05-04,,0.223
8CH06E7E,0,0,,,,Censored No Alarm,0,0,0,0,0,1,0.0006820285925641656,,2019-05-04,,0.223
8CH06EDE,0,0,,,,Censored No Alarm,0,0,0,0,0,1,0.00200325227342546,,2019-06-01,,0.223
8CH0869E,0,0,,,,Censored No Alarm,0,0,0,0,0,1,0.001101426430977881,,2019-05-04,,0.223
8CH08RNE,0,0,,,,Censored No Alarm,0,0,0,0,0,1,0.0019632175099104643,,2019-08-14,,0.223
8CH09GGE,0,0,,,,Censored No Alarm,0,0,0,0,0,1,0.0004688294720835984,,2019-06-01,,0.223
8CH0BYPE,0,0,,,,Censored No Alarm,0,0,0,0,0,1,0.00034880670136772096,,2019-08-13,,0.223
8CH0BYTE,0,0,,,,Censored No Alarm,0,0,0,0,0,1,0.0004988144501112401,,2019-06-01,,0.223
8CH0DM8E,0,0,,,,Censored No Alarm,0,0,0,0,0,1,0.00026508240262046456,,2019-08-14,,0.223
8CH0GNLE,0,0,,,,Censored No Alarm,0,0,0,0,0,1,0.0004294765240047127,,2019-05-04,,0.223
8CH0GNNE,0,0,,,,Censored No Alarm,0,0,0,0,0,1,0.015261449851095676,,2019-05-04,,0.223
8CH0GNSE,0,0,,,,Censored No Alarm,0,0,0,0,0,1,0.002265819814056158,,2019-05-16,,0.223
8CH0HRKE,0,0,,,,Censored No Alarm,0,0,0,0,0,1,0.0003771299379877746,,2019-06-01,,0.223
8CH0HTRE,0,0,,,,Censored No Alarm,0,0,0,0,0,1,0.0005608248757198453,,2019-06-01,,0.223
8CH0L5PE,0,0,,,,Censored No Alarm,0,0,0,0,0,1,0.00028365233447402716,,2019-06-01,,0.223
8CH0R06E,0,0,,,,Censored No Alarm,0,0,0,0,0,1,0.00046593599836342037,,2019-05-04,,0.223
8CH0R3YE,0,0,,,,Censored No Alarm,0,0,0,0,0,1,0.030271729454398155,,2019-08-13,,0.223
8CH0TLTE,0,0,,,,Censored No Alarm,0,0,0,0,0,1,0.0006527866353280842,,2019-08-13,,0.223
8CH0TLUE,0,0,,,,Censored No Alarm,0,0,0,0,0,1,0.00026735811843536794,,2019-06-01,,0.223
8CH0TN2E,0,0,,,,Censored No Alarm,0,0,0,0,0,1,0.0004828831006307155,,2019-06-01,,0.223
8CH0TN3E,0,0,,,,Censored No Alarm,0,0,0,0,0,1,0.0006326618604362011,,2019-08-13,,0.223
8CH0TVRE,0,0,,,,Censored No Alarm,0,0,0,0,0,1,0.0008214484550990164,,2019-08-14,,0.223
8CH0V7TE,0,0,,,,Censored No Alarm,0,0,0,0,0,1,0.022795645520091057,,2019-06-01,,0.223
8CH0VH1E,0,0,,,,Censored No Alarm,0,0,0,0,0,1,0.00048322658403776586,,2019-05-16,,0.223
8CH0VW0E,0,0,,,,Censored No Alarm,0,0,0,0,0,1,0.00029771908884868026,,2019-06-01,,0.223
8CH11KPE,0,0,,,,Censored No Alarm,0,0,0,0,0,1,0.0010595081839710474,,2019-05-04,,0.223
8CH13D7E,0,0,,,,Censored No Alarm,0,0,0,0,0,1,0.00025367533089593053,,2019-06-01,,0.223
8CH13DAE,0,0,,,,Censored No Alarm,0,0,0,0,0,1,0.0004921671352349222,,2019-06-01,,0.223
8CH15D3E,0,0,,,,Censored No Alarm,0,0,0,0,0,1,0.0217213686555624,,2019-05-16,,0.223
8CH15YME,0,0,,,,Censored No Alarm,0,0,0,0,0,1,0.0002796222106553614,,2019-06-01,,0.223
8CH160KE,0,0,,,,Censored No Alarm,0,0,0,0,0,1,0.0006248096469789743,,2019-08-14,,0.223
8CH16PBE,0,0,,,,Censored No Alarm,0,0,0,0,0,1,0.00605127215385437,,2019-06-01,,0.223
8CH16ZDE,0,0,,,,Censored No Alarm,0,0,0,0,0,1,0.0005035371286794543,,2019-06-01,,0.223
8CH16ZUE,0,0,,,,Censored No Alarm,0,0,0,0,0,1,0.00039333870518021286,,2019-06-01,,0.223
8CH17M9E,0,0,,,,Censored No Alarm,0,0,0,0,0,1,0.00027645507361739874,,2019-06-01,,0.223
8CH17MHE,0,0,,,,Censored No Alarm,0,0,0,0,0,1,0.00028753586229868233,,2019-08-13,,0.223
8CH190UE,1,1,2020-09-09,2022-03-26,563.0,Early,0,1,0,1,0,0,0.5906769633293152,0.2319294959306717,2019-08-13,393.0,0.223
8CH1APUE,1,0,,2025-09-18,,Missed,0,0,0,0,1,0,0.09275219589471817,,2019-06-01,,0.223
8CH1AR5E,0,0,,,,Censored No Alarm,0,0,0,0,0,1,0.00037032694672234356,,2019-05-04,,0.223
8CH1ARHE,1,0,,2023-09-28,,Missed,0,0,0,0,1,0,0.007642604876309633,,2019-06-01,,0.223
8CH1WBME,1,0,,2024-05-05,,Missed,0,0,0,0,1,0,0.013965187594294548,,2019-05-04,,0.223
8CH1XHUE,0,0,,,,Censored No Alarm,0,0,0,0,0,1,0.0007926274556666613,,2019-05-04,,0.223
8CH4AT4E,0,0,,,,Censored No Alarm,0,0,0,0,0,1,0.00022437550069298595,,2019-05-27,,0.223
8CH4X3TE,1,0,,2022-10-12,,Missed,0,0,0,0,1,0,0.0014400348300114274,,2019-05-16,,0.223
8CH4YM4E,1,0,,2023-03-03,,Missed,0,0,0,0,1,0,0.01087760180234909,,2019-05-16,,0.223
8CH4YM6E,1,1,2024-12-07,2025-03-13,96.0,Early,0,1,0,1,0,0,0.2539873421192169,0.23991179466247559,2019-05-16,2032.0,0.223
8CH4YN8E,1,0,,2024-04-09,,Missed,0,0,0,0,1,0,0.10091854631900787,,2019-05-16,,0.223
8CH4Z6UE,0,0,,,,Censored No Alarm,0,0,0,0,0,1,0.0015100612072274089,,2019-05-16,,0.223
8CH5214E,1,1,2024-01-17,2024-02-15,29.0,On time,1,0,0,0,0,0,0.534768283367157,0.31100067496299744,2019-05-16,1707.0,0.223
8CH52U5E,0,0,,,,Censored No Alarm,0,0,0,0,0,1,0.0004485434328671545,,2019-05-16,,0.223
8CH5B9LE,0,0,,,,Censored No Alarm,0,0,0,0,0,1,0.0015272145392373204,,2019-05-16,,0.223
8CH5E8EE,1,0,,2023-04-04,,Missed,0,0,0,0,1,0,0.09961206465959549,,2019-05-16,,0.223
8CH5HRYE,1,1,2024-04-21,2024-12-24,247.0,Early,0,1,0,1,0,0,0.23576167225837708,0.22897237539291382,2019-05-16,1802.0,0.223
8CHRG6JE,0,0,,,,Censored No Alarm,0,0,0,0,0,1,0.0012838703114539385,,2019-11-25,,0.223
8CHU2WSE,0,0,,,,Censored No Alarm,0,0,0,0,0,1,0.0102053452283144,,2020-06-18,,0.223
8CHU7R9E,1,0,,2024-11-09,,Missed,0,0,0,0,1,0,0.008718617260456085,,2021-05-05,,0.223
8CHUHHXE,0,0,,,,Censored No Alarm,0,0,0,0,0,1,0.024957040324807167,,2020-06-26,,0.223
8CJMA59E,0,0,,,,Censored No Alarm,0,0,0,0,0,1,0.0027285106480121613,,2024-04-02,,0.223
8DG1BB5Y,0,0,,,,Censored No Alarm,0,0,0,0,0,1,0.003755035810172558,,2024-12-20,,0.223
8DG3MU5D,0,0,,,,Censored No Alarm,0,0,0,0,0,1,0.0021674414165318012,,2018-07-12,,0.223
8DG4SAUD,0,0,,,,Censored No Alarm,0,0,0,0,0,1,0.0028737124521285295,,2018-07-12,,0.223
8DG4SAZD,0,0,,,,Censored No Alarm,0,0,0,0,0,1,0.001971975201740861,,2018-07-12,,0.223
8DG52U7D,0,0,,,,Censored No Alarm,0,0,0,0,0,1,0.0016823922051116824,,2018-07-12,,0.223
8DG52W9D,0,0,,,,Censored No Alarm,0,0,0,0,0,1,0.0025528143160045147,,2018-07-12,,0.223
8DG52WND,0,0,,,,Censored No Alarm,0,0,0,0,0,1,0.001192922005429864,,2018-07-12,,0.223
8DG6S3UD,1,0,,2024-06-11,,Missed,0,0,0,0,1,0,0.03217434883117676,,2018-07-12,,0.223
8DG88GTY,0,0,,,,Censored No Alarm,0,0,0,0,0,1,0.003419348504394293,,2025-01-01,,0.223
8DG93TXY,0,0,,,,Censored No Alarm,0,0,0,0,0,1,0.0033001957926899195,,2024-04-01,,0.223
8DJE2HWH,0,0,,,,Censored No Alarm,0,0,0,0,0,1,0.0003877455019392073,,2019-01-05,,0.223
8DJEPPSH,0,0,,,,Censored No Alarm,0,0,0,0,0,1,0.0004097373748663813,,2019-01-05,,0.223
8DJEPTWH,0,0,,,,Censored No Alarm,0,0,0,0,0,1,0.00027686177054420114,,2019-01-05,,0.223
8DJEUXLH,0,0,,,,Censored No Alarm,0,0,0,0,0,1,0.10271943360567093,,2019-01-05,,0.223
8DK5NDLH,0,0,,,,Censored No Alarm,0,0,0,0,0,1,0.0023404275998473167,,2020-01-03,,0.223
8DKHU24H,0,0,,,,Censored No Alarm,0,0,0,0,0,1,0.0015684434911236167,,2019-12-29,,0.223
8DKUD8AH,0,0,,,,Censored No Alarm,0,0,0,0,0,1,0.0006344927242025733,,2019-01-05,,0.223
8DKV390H,0,0,,,,Censored No Alarm,0,0,0,0,0,1,0.0015392679488286376,,2019-03-01,,0.223
8HG28M3H,0,0,,,,Censored No Alarm,0,0,0,0,0,1,0.0005217764992266893,,2019-03-01,,0.223
8HG7LGUH,1,1,2025-03-01,2025-06-01,92.0,Early,0,1,0,1,0,0,0.548518717288971,0.26933395862579346,2019-06-01,2100.0,0.223
8HGBYHPH,0,0,,,,Censored No Alarm,0,0,0,0,0,1,0.0015054933028295636,,2021-10-03,,0.223
8HGNAB0H,0,0,,,,Censored No Alarm,0,0,0,0,0,1,0.001009416184388101,,2019-03-28,,0.223
8HGZPYVH,0,1,2023-02-01,,,Censored Early,0,0,1,1,0,0,0.3397425711154938,0.2687346637248993,2019-01-05,1488.0,0.223
8HH12ZPH,0,0,,,,Censored No Alarm,0,0,0,0,0,1,0.0006831877981312573,,2018-11-14,,0.223
8HH5JYSH,0,0,,,,Censored No Alarm,0,0,0,0,0,1,0.00238913600333035,,2018-11-14,,0.223
8HH8BNRH,0,0,,,,Censored No Alarm,0,0,0,0,0,1,0.0009846142493188381,,2019-03-28,,0.223
8HH8P7RH,0,0,,,,Censored No Alarm,0,0,0,0,0,1,0.0012697998899966478,,2019-03-02,,0.223
8HH901KH,0,0,,,,Censored No Alarm,0,0,0,0,0,1,0.0007567558204755187,,2019-03-28,,0.223
8HH9ZRUH,0,0,,,,Censored No Alarm,0,0,0,0,0,1,0.0008798300405032933,,2019-03-01,,0.223
8HHARE1H,1,1,2023-03-12,2023-03-24,12.0,On time,1,0,0,0,0,0,0.5353611707687378,0.23270997405052185,2019-08-13,1307.0,0.223
8HHARGBH,0,0,,,,Censored No Alarm,0,0,0,0,0,1,0.0007964032120071352,,2019-03-02,,0.223
8HHATBKH,0,0,,,,Censored No Alarm,0,0,0,0,0,1,0.0008501288830302656,,2019-03-01,,0.223
8HHJXENH,0,0,,,,Censored No Alarm,0,0,0,0,0,1,0.0009863878367468715,,2019-01-05,,0.223
8HHNHSUH,1,0,,2024-12-06,,Missed,0,0,0,0,1,0,0.05499238148331642,,2019-05-04,,0.223
8HHPUREH,1,1,2023-08-09,2024-05-16,281.0,Early,0,1,0,1,0,0,0.2626629173755646,0.22371257841587067,2018-11-14,1729.0,0.223
8HHT1P2H,0,0,,,,Censored No Alarm,0,0,0,0,0,1,0.008443430997431278,,2018-11-14,,0.223
8HHTWXYH,0,0,,,,Censored No Alarm,0,0,0,0,0,1,0.000800479028839618,,2018-11-14,,0.223
8HHZ6MGH,0,0,,,,Censored No Alarm,0,0,0,0,0,1,0.0010477324249222875,,2018-11-14,,0.223
8HJ1NNDH,0,0,,,,Censored No Alarm,0,0,0,0,0,1,0.002238499466329813,,2018-11-14,,0.223
8HJ6SJAH,0,0,,,,Censored No Alarm,0,0,0,0,0,1,0.029029298573732376,,2018-11-14,,0.223
8HJ6SJTH,0,0,,,,Censored No Alarm,0,0,0,0,0,1,0.0037199908401817083,,2018-11-14,,0.223
8HJ74BPH,0,0,,,,Censored No Alarm,0,0,0,0,0,1,0.0015662697842344642,,2018-11-14,,0.223
8HJ7UJHH,0,0,,,,Censored No Alarm,0,0,0,0,0,1,0.0009733861079439521,,2018-11-14,,0.223
8HJ7Y9BH,0,0,,,,Censored No Alarm,0,0,0,0,0,1,0.032250456511974335,,2018-11-14,,0.223
8HJ7Z0DH,0,0,,,,Censored No Alarm,0,0,0,0,0,1,0.0007282585720531642,,2019-05-04,,0.223
8HJ7Z10H,0,0,,,,Censored No Alarm,0,0,0,0,0,1,0.002050395356491208,,2018-11-14,,0.223
8HJ7Z1MH,0,0,,,,Censored No Alarm,0,0,0,0,0,1,0.005933788605034351,,2018-11-14,,0.223
8HJ86APH,0,0,,,,Censored No Alarm,0,0,0,0,0,1,0.03776175528764725,,2018-11-14,,0.223
8HJ86NXH,0,0,,,,Censored No Alarm,0,0,0,0,0,1,0.0006005203467793763,,2019-05-04,,0.223
8HJ8LEXH,0,0,,,,Censored No Alarm,0,0,0,0,0,1,0.04680084437131882,,2019-05-04,,0.223
8HJ8LKMH,1,0,,2026-03-14,,Missed,0,0,0,0,1,0,0.13557972013950348,,2018-11-14,,0.223
8HJ91WDH,0,0,,,,Censored No Alarm,0,0,0,0,0,1,0.0005937200621701777,,2019-05-04,,0.223
8HJ94EVH,0,0,,,,Censored No Alarm,0,0,0,0,0,1,0.0022985744290053844,,2018-11-14,,0.223
8HJ9JWTH,0,0,,,,Censored No Alarm,0,0,0,0,0,1,0.001918174559250474,,2018-11-14,,0.223
8HJ9K7HH,1,0,,2025-01-28,,Missed,0,0,0,0,1,0,0.12804637849330902,,2018-11-14,,0.223
8HJ9KKGH,0,0,,,,Censored No Alarm,0,0,0,0,0,1,0.0006014339160174131,,2019-05-04,,0.223
8HJ9KN1H,0,0,,,,Censored No Alarm,0,0,0,0,0,1,0.0013201023684814572,,2018-11-14,,0.223
8HJ9LS1H,0,0,,,,Censored No Alarm,0,0,0,0,0,1,0.0006711051682941616,,2018-11-14,,0.223
8HJ9M5NH,0,0,,,,Censored No Alarm,0,0,0,0,0,1,0.0010142168030142784,,2018-11-14,,0.223
8HJ9M94H,0,0,,,,Censored No Alarm,0,0,0,0,0,1,0.0013302331790328026,,2018-11-14,,0.223
8HJ9MZBH,0,0,,,,Censored No Alarm,0,0,0,0,0,1,0.0005917754606343806,,2019-05-04,,0.223
8HJ9NHPH,0,0,,,,Censored No Alarm,0,0,0,0,0,1,0.0009419753914698958,,2018-11-14,,0.223
8HJ9NKKH,0,0,,,,Censored No Alarm,0,0,0,0,0,1,0.002982824807986617,,2018-11-14,,0.223
8HJ9RYSH,0,0,,,,Censored No Alarm,0,0,0,0,0,1,0.003072891151532531,,2018-11-14,,0.223
8HJ9S05H,0,0,,,,Censored No Alarm,0,0,0,0,0,1,0.0007330923690460622,,2018-11-14,,0.223
8HJ9S0EH,0,0,,,,Censored No Alarm,0,0,0,0,0,1,0.0013666728045791388,,2018-11-14,,0.223
8HJ9Y3ZH,0,0,,,,Censored No Alarm,0,0,0,0,0,1,0.0006468702922575176,,2019-05-04,,0.223
8HJA085H,0,0,,,,Censored No Alarm,0,0,0,0,0,1,0.0027067232877016068,,2018-11-14,,0.223
8HJA2DPH,0,0,,,,Censored No Alarm,0,0,0,0,0,1,0.00155536865349859,,2018-11-14,,0.223
8HJA8DBH,0,0,,,,Censored No Alarm,0,0,0,0,0,1,0.0011372555745765567,,2018-11-14,,0.223
8HJBNYTH,0,1,2025-12-02,,,Censored Early,0,0,1,1,0,0,0.26427242159843445,0.24785804748535156,2019-01-05,2523.0,0.223
8HJDK12H,0,0,,,,Censored No Alarm,0,0,0,0,0,1,0.0029384226072579622,,2018-11-14,,0.223
8HJDX4PH,0,0,,,,Censored No Alarm,0,0,0,0,0,1,0.0006049024523235857,,2018-11-14,,0.223
8HJEY89H,0,0,,,,Censored No Alarm,0,0,0,0,0,1,0.00045302719809114933,,2019-03-01,,0.223
8HJG85RH,0,0,,,,Censored No Alarm,0,0,0,0,0,1,0.0021125515922904015,,2019-03-01,,0.223
8HJGZPXH,0,0,,,,Censored No Alarm,0,0,0,0,0,1,0.0013845935463905334,,2018-11-14,,0.223
8HJH62EH,0,0,,,,Censored No Alarm,0,0,0,0,0,1,0.0018118713051080704,,2018-11-14,,0.223
8HJH8RWH,0,0,,,,Censored No Alarm,0,0,0,0,0,1,0.0018015741370618343,,2019-03-01,,0.223
8HJK2HSH,0,0,,,,Censored No Alarm,0,0,0,0,0,1,0.017368478700518608,,2018-11-14,,0.223
8HJLKZRH,0,0,,,,Censored No Alarm,0,0,0,0,0,1,0.002705867402255535,,2018-11-14,,0.223
8HJRD7PH,0,0,,,,Censored No Alarm,0,0,0,0,0,1,0.0002901608240790665,,2019-03-01,,0.223
8HJRUMWH,0,0,,,,Censored No Alarm,0,0,0,0,0,1,0.0009213300072588027,,2018-11-14,,0.223
8HJRVW4H,0,0,,,,Censored No Alarm,0,0,0,0,0,1,0.01729152910411358,,2018-11-14,,0.223
8HJUGTVH,0,0,,,,Censored No Alarm,0,0,0,0,0,1,0.11800442636013031,,2018-11-14,,0.223
8HJVJKPH,0,0,,,,Censored No Alarm,0,0,0,0,0,1,0.002869455376639962,,2018-11-14,,0.223
8HJVUAGH,0,0,,,,Censored No Alarm,0,0,0,0,0,1,0.0042742351070046425,,2018-11-14,,0.223
8HJWBJXH,0,0,,,,Censored No Alarm,0,0,0,0,0,1,0.0034571392461657524,,2018-11-14,,0.223
8HJWHD6H,0,0,,,,Censored No Alarm,0,0,0,0,0,1,0.0030194993596524,,2018-11-14,,0.223
8HJWHEJH,0,0,,,,Censored No Alarm,0,0,0,0,0,1,0.000483596115373075,,2019-03-28,,0.223
8HJXG0WH,1,0,,2022-05-01,,Missed,0,0,0,0,1,0,0.0017422669334337115,,2018-11-14,,0.223
8HJXKBDH,0,0,,,,Censored No Alarm,0,0,0,0,0,1,0.0005314567242749035,,2019-03-01,,0.223
8HJXU87H,0,0,,,,Censored No Alarm,0,0,0,0,0,1,0.11117666214704514,,2018-11-14,,0.223
8HJY20MH,0,0,,,,Censored No Alarm,0,0,0,0,0,1,0.00354945519939065,,2018-11-14,,0.223
8HJYTXWH,0,0,,,,Censored No Alarm,0,0,0,0,0,1,0.0018655626336112618,,2018-11-14,,0.223
8HJYU0JH,0,0,,,,Censored No Alarm,0,0,0,0,0,1,0.0014293260173872113,,2018-11-14,,0.223
8HJYZNZH,0,0,,,,Censored No Alarm,0,0,0,0,0,1,0.0026441174559295177,,2018-11-14,,0.223
8HJZ13TH,0,0,,,,Censored No Alarm,0,0,0,0,0,1,0.0013482562499120831,,2018-11-14,,0.223
8HJZADEH,0,0,,,,Censored No Alarm,0,0,0,0,0,1,0.0036935233511030674,,2018-11-14,,0.223
8HJZEG6H,1,0,,2023-11-17,,Missed,0,0,0,0,1,0,0.03016640432178974,,2018-11-14,,0.223
8HJZG4AH,0,0,,,,Censored No Alarm,0,0,0,0,0,1,0.0023454809561371803,,2018-11-14,,0.223
8HJZNVWH,0,0,,,,Censored No Alarm,0,0,0,0,0,1,0.0011612046509981155,,2018-11-14,,0.223
8HK087WH,0,0,,,,Censored No Alarm,0,0,0,0,0,1,0.08212528377771378,,2018-11-14,,0.223
8HK0HH3H,0,0,,,,Censored No Alarm,0,0,0,0,0,1,0.0004442780918907374,,2018-11-14,,0.223
8HK12NNH,0,0,,,,Censored No Alarm,0,0,0,0,0,1,0.0004962076200172305,,2018-11-14,,0.223
8HK17SKH,0,1,2025-09-25,,,Censored Early,0,0,1,1,0,0,0.4306003451347351,0.22918188571929932,2018-11-14,2507.0,0.223
8HK17SWH,0,0,,,,Censored No Alarm,0,0,0,0,0,1,0.0016880719922482967,,2018-11-14,,0.223
8HK17SYH,0,0,,,,Censored No Alarm,0,0,0,0,0,1,0.16006645560264587,,2018-11-14,,0.223
8HK19K9H,0,0,,,,Censored No Alarm,0,0,0,0,0,1,0.002063875552266836,,2018-11-14,,0.223
8HK19KVH,0,0,,,,Censored No Alarm,0,0,0,0,0,1,0.001270574051886797,,2018-11-14,,0.223
8HK1KY3H,0,0,,,,Censored No Alarm,0,0,0,0,0,1,0.0011397775961086154,,2018-11-14,,0.223
8HK1LYPH,0,0,,,,Censored No Alarm,0,0,0,0,0,1,0.002105315448716283,,2018-11-14,,0.223
8HK1N18H,0,0,,,,Censored No Alarm,0,0,0,0,0,1,0.0009255576878786087,,2018-11-14,,0.223
8HK1PV7H,0,0,,,,Censored No Alarm,0,0,0,0,0,1,0.004438530653715134,,2018-11-14,,0.223
8HK1UULH,0,0,,,,Censored No Alarm,0,0,0,0,0,1,0.003235724987462163,,2018-11-14,,0.223
8HK1XAAH,1,0,,2021-10-24,,Missed,0,0,0,0,1,0,0.00022627293947152793,,2018-11-14,,0.223
8HK224GH,0,0,,,,Censored No Alarm,0,0,0,0,0,1,0.0012499070726335049,,2018-11-14,,0.223
8HK25XSH,0,0,,,,Censored No Alarm,0,0,0,0,0,1,0.03813621774315834,,2018-11-14,,0.223
8HK266WH,0,0,,,,Censored No Alarm,0,0,0,0,0,1,0.007499897386878729,,2018-11-14,,0.223
8HK28TJH,0,0,,,,Censored No Alarm,0,0,0,0,0,1,0.005143376998603344,,2018-11-14,,0.223
8HK28Y0H,0,0,,,,Censored No Alarm,0,0,0,0,0,1,0.001461324980482459,,2018-11-14,,0.223
8HK2A1EH,0,0,,,,Censored No Alarm,0,0,0,0,0,1,0.0006439887802116573,,2019-06-01,,0.223
8HK2BA6H,0,0,,,,Censored No Alarm,0,0,0,0,0,1,0.0016713469522073865,,2018-11-14,,0.223
8HK2BAEH,0,0,,,,Censored No Alarm,0,0,0,0,0,1,0.001255110139027238,,2018-11-14,,0.223
8HK2DVKH,0,0,,,,Censored No Alarm,0,0,0,0,0,1,0.001414930447936058,,2018-11-14,,0.223
8HK2JXUH,0,0,,,,Censored No Alarm,0,0,0,0,0,1,0.0005045782891102135,,2019-03-28,,0.223
8HK2KY6H,0,0,,,,Censored No Alarm,0,0,0,0,0,1,0.002596829319372773,,2018-11-14,,0.223
8HK2MXPH,0,0,,,,Censored No Alarm,0,0,0,0,0,1,0.002326567890122533,,2018-11-14,,0.223
8HK2RMWH,0,0,,,,Censored No Alarm,0,0,0,0,0,1,0.007644720375537872,,2018-11-14,,0.223
8HK2RNWH,0,0,,,,Censored No Alarm,0,0,0,0,0,1,0.0009742502588778734,,2018-11-14,,0.223
8HK2RP9H,0,0,,,,Censored No Alarm,0,0,0,0,0,1,0.0016840469324961305,,2018-11-14,,0.223
8HK2VLMH,0,0,,,,Censored No Alarm,0,0,0,0,0,1,0.000655497657135129,,2018-11-14,,0.223
8HK2X4YH,0,0,,,,Censored No Alarm,0,0,0,0,0,1,0.001747016329318285,,2018-11-14,,0.223
8HK2ZPDH,0,0,,,,Censored No Alarm,0,0,0,0,0,1,0.0006009219796396792,,2019-05-04,,0.223
8HK2ZT1H,0,0,,,,Censored No Alarm,0,0,0,0,0,1,0.0009984690696001053,,2018-11-14,,0.223
8HK31WMH,0,0,,,,Censored No Alarm,0,0,0,0,0,1,0.0006565980729646981,,2019-05-04,,0.223
8HK31Y8H,0,0,,,,Censored No Alarm,0,0,0,0,0,1,0.0008785240934230387,,2018-11-14,,0.223
8HK341ZH,0,0,,,,Censored No Alarm,0,0,0,0,0,1,0.02675596810877323,,2018-11-14,,0.223
8HK34EZH,0,0,,,,Censored No Alarm,0,0,0,0,0,1,0.0024151341058313847,,2018-11-14,,0.223
8HK3BWZH,0,0,,,,Censored No Alarm,0,0,0,0,0,1,0.026920512318611145,,2018-11-14,,0.223
8HK3GTLH,0,0,,,,Censored No Alarm,0,0,0,0,0,1,0.028195202350616455,,2018-11-14,,0.223
8HK3GUXH,0,0,,,,Censored No Alarm,0,0,0,0,0,1,0.0015588143141940236,,2018-11-14,,0.223
8HK3MMSH,0,0,,,,Censored No Alarm,0,0,0,0,0,1,0.002890522126108408,,2018-11-14,,0.223
8HK3NG2H,0,0,,,,Censored No Alarm,0,0,0,0,0,1,0.0024790815077722073,,2018-11-14,,0.223
8HK3NJMH,0,0,,,,Censored No Alarm,0,0,0,0,0,1,0.0012116145808249712,,2018-11-14,,0.223
8HK41HEH,0,0,,,,Censored No Alarm,0,0,0,0,0,1,0.00037812499795109034,,2018-11-14,,0.223
8HK69BMH,0,0,,,,Censored No Alarm,0,0,0,0,0,1,0.005605106707662344,,2019-03-01,,0.223
8HK6T2AH,0,0,,,,Censored No Alarm,0,0,0,0,0,1,0.003767414251342416,,2018-11-14,,0.223
8HK6TL7H,0,0,,,,Censored No Alarm,0,0,0,0,0,1,0.0006657835328951478,,2018-11-14,,0.223
8HK6UUDH,0,0,,,,Censored No Alarm,0,0,0,0,0,1,0.0006392255309037864,,2019-03-28,,0.223
8HK6V14H,0,0,,,,Censored No Alarm,0,0,0,0,0,1,0.0037727421149611473,,2018-11-14,,0.223
8HK6VSKH,1,1,2024-03-07,2024-03-10,3.0,On time,1,0,0,0,0,0,0.5255774259567261,0.2993144392967224,2018-11-14,1940.0,0.223
8HK70X7H,0,0,,,,Censored No Alarm,0,0,0,0,0,1,0.023180754855275154,,2018-11-14,,0.223
8HK7194H,0,0,,,,Censored No Alarm,0,0,0,0,0,1,0.060759998857975006,,2018-11-14,,0.223
8HK72J0H,0,0,,,,Censored No Alarm,0,0,0,0,0,1,0.002608424983918667,,2018-11-14,,0.223
8HK7DKMH,0,0,,,,Censored No Alarm,0,0,0,0,0,1,0.0003505913191474974,,2019-03-02,,0.223
8HK7E5DH,0,0,,,,Censored No Alarm,0,0,0,0,0,1,0.0023212411906570196,,2018-11-14,,0.223
8HK7E68H,0,0,,,,Censored No Alarm,0,0,0,0,0,1,0.0008055868675000966,,2018-11-14,,0.223
8HK7H58H,0,0,,,,Censored No Alarm,0,0,0,0,0,1,0.0024469110649079084,,2018-11-14,,0.223
8HK80P1H,0,0,,,,Censored No Alarm,0,0,0,0,0,1,0.0269515048712492,,2019-01-05,,0.223
8HKB2WEH,0,0,,,,Censored No Alarm,0,0,0,0,0,1,0.014159020967781544,,2019-01-05,,0.223
8HKB3M2H,0,0,,,,Censored No Alarm,0,0,0,0,0,1,0.00022064462245907634,,2019-01-05,,0.223
8HKB4R4H,0,0,,,,Censored No Alarm,0,0,0,0,0,1,0.0009178166510537267,,2019-05-04,,0.223
8HKBBKKH,0,0,,,,Censored No Alarm,0,0,0,0,0,1,0.05205615237355232,,2018-11-14,,0.223
8HKBYNVH,0,0,,,,Censored No Alarm,0,0,0,0,0,1,0.0003741912078112364,,2019-05-04,,0.223
8HKE039H,0,0,,,,Censored No Alarm,0,0,0,0,0,1,0.034458402544260025,,2018-11-14,,0.223
8HKE6E1H,0,0,,,,Censored No Alarm,0,0,0,0,0,1,0.0015645974781364202,,2019-01-05,,0.223
8HKE8S7H,0,0,,,,Censored No Alarm,0,0,0,0,0,1,0.029364101588726044,,2019-01-05,,0.223
8HKEAWEH,0,0,,,,Censored No Alarm,0,0,0,0,0,1,0.00034541054628789425,,2019-06-01,,0.223
8HKEKYRH,0,0,,,,Censored No Alarm,0,0,0,0,0,1,0.0003871619119308889,,2019-06-01,,0.223
8HKG0GWH,0,0,,,,Censored No Alarm,0,0,0,0,0,1,0.0004236435634084046,,2019-01-05,,0.223
8HKHPZHH,0,0,,,,Censored No Alarm,0,0,0,0,0,1,0.0006473695975728333,,2019-06-01,,0.223
8HKJ4MAH,0,0,,,,Censored No Alarm,0,0,0,0,0,1,0.0009288918226957321,,2019-03-01,,0.223
8HKJ5KDH,1,0,,2025-06-29,,Missed,0,0,0,0,1,0,0.000987183302640915,,2018-11-14,,0.223
8HKL6STH,0,0,,,,Censored No Alarm,0,0,0,0,0,1,0.011130732484161854,,2019-03-02,,0.223
8HKLRUSH,0,1,2026-02-13,,,Censored Early,0,0,1,1,0,0,0.5582969784736633,0.2649858295917511,2019-03-01,2541.0,0.223
8HKM415H,0,0,,,,Censored No Alarm,0,0,0,0,0,1,0.0004253390652593225,,2019-03-01,,0.223
8HKM5RVH,0,0,,,,Censored No Alarm,0,0,0,0,0,1,0.0008847495773807168,,2019-03-28,,0.223
8HKM654H,0,0,,,,Censored No Alarm,0,0,0,0,0,1,0.0005100816488265991,,2019-03-28,,0.223
8HKM9Z1H,0,0,,,,Censored No Alarm,0,0,0,0,0,1,0.0002612301614135504,,2019-03-28,,0.223
8HKMR21H,1,0,,2020-09-02,,Missed,0,0,0,0,1,0,0.08010055869817734,,2019-03-28,,0.223
8HKNMW1H,0,0,,,,Censored No Alarm,0,0,0,0,0,1,0.0009306875290349126,,2019-05-04,,0.223
8HKNN28H,0,0,,,,Censored No Alarm,0,0,0,0,0,1,0.02209445834159851,,2019-06-01,,0.223
8HKPM7RH,0,0,,,,Censored No Alarm,0,0,0,0,0,1,0.00038012329605408013,,2019-03-02,,0.223
8HKPZY9H,1,1,2024-06-15,2024-08-13,59.0,Early,0,1,0,1,0,0,0.23605754971504211,0.23605754971504211,2019-03-28,1906.0,0.223
8HKRER2H,0,0,,,,Censored No Alarm,0,0,0,0,0,1,0.000672093708999455,,2019-06-01,,0.223
8HKS4X3H,0,0,,,,Censored No Alarm,0,0,0,0,0,1,0.08485104143619537,,2019-03-02,,0.223
8HKTBA3H,1,1,2024-01-09,2024-09-22,257.0,Early,0,1,0,1,0,0,0.2541683614253998,0.2541683614253998,2019-03-01,1775.0,0.223
8HKTE54H,0,0,,,,Censored No Alarm,0,0,0,0,0,1,0.0011281041661277413,,2019-03-01,,0.223
8HKTH2SH,1,0,,2023-11-27,,Missed,0,0,0,0,1,0,0.000823024834971875,,2019-03-01,,0.223
8HKTK0XH,0,0,,,,Censored No Alarm,0,0,0,0,0,1,0.00045046882587485015,,2019-01-05,,0.223
8HKU0DXH,0,0,,,,Censored No Alarm,0,0,0,0,0,1,0.0019272739300504327,,2019-03-01,,0.223
8HKU3YTH,1,1,2023-11-08,2024-07-13,248.0,Early,0,1,0,1,0,0,0.23813007771968842,0.2252955585718155,2019-03-01,1713.0,0.223
8HKU4WXH,0,0,,,,Censored No Alarm,0,0,0,0,0,1,0.0016993643948808312,,2019-01-05,,0.223
8HKUEJHH,1,0,,2025-04-25,,Missed,0,0,0,0,1,0,0.0004940877552144229,,2019-03-28,,0.223
8HKVW60H,0,0,,,,Censored No Alarm,0,0,0,0,0,1,0.0012742547551169991,,2019-03-28,,0.223
8HKW4NPH,0,0,,,,Censored No Alarm,0,0,0,0,0,1,0.0008336107130162418,,2019-06-01,,0.223
8HKWV1GH,0,0,,,,Censored No Alarm,0,0,0,0,0,1,0.0007609783788211644,,2019-01-05,,0.223
8HKWXJYH,0,0,,,,Censored No Alarm,0,0,0,0,0,1,0.0008006159332580864,,2019-03-28,,0.223
8HKY0KHH,1,1,2023-12-06,2024-05-14,160.0,Early,0,1,0,1,0,0,0.647757887840271,0.22973129153251648,2019-03-01,1741.0,0.223
8HKY66PH,0,0,,,,Censored No Alarm,0,0,0,0,0,1,0.0052292849868535995,,2019-03-01,,0.223
8HKYJ38H,0,0,,,,Censored No Alarm,0,0,0,0,0,1,0.0007196423830464482,,2019-03-28,,0.223
8HKYZ6YH,0,0,,,,Censored No Alarm,0,0,0,0,0,1,0.0005357887130230665,,2019-03-28,,0.223
8HKZ213H,0,0,,,,Censored No Alarm,0,0,0,0,0,1,0.0002972916408907622,,2019-01-05,,0.223
8HKZDBRH,0,0,,,,Censored No Alarm,0,0,0,0,0,1,0.00026091851759701967,,2019-06-01,,0.223
8HKZL75H,0,0,,,,Censored No Alarm,0,0,0,0,0,1,0.008705168962478638,,2019-05-04,,0.223
AAG0EXPH,0,0,,,,Censored No Alarm,0,0,0,0,0,1,0.0002412185276625678,,2019-01-05,,0.223
AAG0LHRH,0,0,,,,Censored No Alarm,0,0,0,0,0,1,0.0008037235820665956,,2019-01-05,,0.223
AAG121VH,0,0,,,,Censored No Alarm,0,0,0,0,0,1,0.0015148137463256717,,2019-03-01,,0.223
AAG16VPH,0,0,,,,Censored No Alarm,0,0,0,0,0,1,0.000574769452214241,,2019-01-05,,0.223
AAG18L0H,0,0,,,,Censored No Alarm,0,0,0,0,0,1,0.000692141184117645,,2019-03-28,,0.223
AAG18MEH,0,0,,,,Censored No Alarm,0,0,0,0,0,1,0.0014900804962962866,,2019-03-01,,0.223
AAG197UH,0,0,,,,Censored No Alarm,0,0,0,0,0,1,0.0005568654160015285,,2019-06-01,,0.223
AAG1LSNH,1,0,,2025-07-30,,Missed,0,0,0,0,1,0,0.13732992112636566,,2019-01-05,,0.223
AAG1LSVH,0,0,,,,Censored No Alarm,0,0,0,0,0,1,0.003398105502128601,,2019-01-05,,0.223
AAG1LW3H,1,0,,2024-09-03,,Missed,0,0,0,0,1,0,0.1312827616930008,,2019-01-05,,0.223
AAG1PLVH,0,0,,,,Censored No Alarm,0,0,0,0,0,1,0.0007133992039598525,,2019-03-28,,0.223
AAG1PM9H,0,0,,,,Censored No Alarm,0,0,0,0,0,1,0.00038603710709139705,,2019-03-28,,0.223
AAG1RJAH,0,0,,,,Censored No Alarm,0,0,0,0,0,1,0.07067601382732391,,2019-03-28,,0.223
AAG1RK5H,0,0,,,,Censored No Alarm,0,0,0,0,0,1,0.00038914394099265337,,2019-01-05,,0.223
AAG1RR9H,0,0,,,,Censored No Alarm,0,0,0,0,0,1,0.0006107931840233505,,2019-03-28,,0.223
AAG1RUJH,0,0,,,,Censored No Alarm,0,0,0,0,0,1,0.0006520539172925055,,2019-03-28,,0.223
AAG1TGGH,0,0,,,,Censored No Alarm,0,0,0,0,0,1,0.0005279844626784325,,2019-01-05,,0.223
AAG1VJYH,0,0,,,,Censored No Alarm,0,0,0,0,0,1,0.00042550291982479393,,2019-03-28,,0.223
AAG1VNPH,0,0,,,,Censored No Alarm,0,0,0,0,0,1,0.00026900169905275106,,2019-01-05,,0.223
AAG1Z4AH,0,0,,,,Censored No Alarm,0,0,0,0,0,1,0.013193567283451557,,2019-08-13,,0.223
AAG23A2H,0,0,,,,Censored No Alarm,0,0,0,0,0,1,0.09468945860862732,,2019-01-05,,0.223
AAG23AKH,0,0,,,,Censored No Alarm,0,0,0,0,0,1,0.0007277097902260721,,2019-01-05,,0.223
AAG23AVH,0,0,,,,Censored No Alarm,0,0,0,0,0,1,0.0007122555398382246,,2019-03-28,,0.223
AAG246TH,0,0,,,,Censored No Alarm,0,0,0,0,0,1,0.00038927068817429245,,2019-06-01,,0.223
AAG24UVH,0,0,,,,Censored No Alarm,0,0,0,0,0,1,0.0005807182169519365,,2019-01-05,,0.223
AAG24VXH,0,0,,,,Censored No Alarm,0,0,0,0,0,1,0.00031899550231173635,,2019-01-05,,0.223
AAG26NBH,1,0,,2023-10-19,,Missed,0,0,0,0,1,0,0.12348458170890808,,2019-03-28,,0.223
AAG26TPH,0,0,,,,Censored No Alarm,0,0,0,0,0,1,0.13531959056854248,,2019-03-28,,0.223
AAG26U9H,1,0,,2023-01-26,,Missed,0,0,0,0,1,0,0.01205554511398077,,2019-06-01,,0.223
AAG27VEH,0,0,,,,Censored No Alarm,0,0,0,0,0,1,0.0005892562330700457,,2019-03-28,,0.223
AAG27W2H,0,0,,,,Censored No Alarm,0,0,0,0,0,1,0.00046623480739071965,,2019-03-01,,0.223
AAG27XPH,1,0,,2025-10-06,,Missed,0,0,0,0,1,0,0.001044242293573916,,2019-03-28,,0.223
AAG27ZLH,0,0,,,,Censored No Alarm,0,0,0,0,0,1,0.0010254267835989594,,2019-03-28,,0.223
AAG281TH,1,0,,2024-07-25,,Missed,0,0,0,0,1,0,0.09742078930139542,,2019-01-05,,0.223
AAG2GGJH,0,0,,,,Censored No Alarm,0,0,0,0,0,1,0.0004176409274805337,,2019-06-01,,0.223
AAG2JGJH,1,0,,2026-02-10,,Missed,0,0,0,0,1,0,0.03189656510949135,,2019-06-01,,0.223
AAG2JL4H,0,0,,,,Censored No Alarm,0,0,0,0,0,1,0.0004648657632060349,,2019-01-05,,0.223
AAG2RZJH,0,0,,,,Censored No Alarm,0,0,0,0,0,1,0.0005998699925839901,,2019-03-28,,0.223
AAG2S62H,0,0,,,,Censored No Alarm,0,0,0,0,0,1,0.000657138298265636,,2019-03-28,,0.223
AAG2S9YH,0,0,,,,Censored No Alarm,0,0,0,0,0,1,0.0003910556260962039,,2019-06-01,,0.223
AAG2SAYH,0,0,,,,Censored No Alarm,0,0,0,0,0,1,0.0002945546875707805,,2019-08-14,,0.223
AAG2SJ3H,0,0,,,,Censored No Alarm,0,0,0,0,0,1,0.0003128513344563544,,2019-08-13,,0.223
AAG2VSVH,0,0,,,,Censored No Alarm,0,0,0,0,0,1,0.0010609324090182781,,2019-03-28,,0.223
AAG2Y6JH,0,0,,,,Censored No Alarm,0,0,0,0,0,1,0.0009100647876039147,,2019-03-28,,0.223
AAG2Z67H,0,0,,,,Censored No Alarm,0,0,0,0,0,1,0.0002733031287789345,,2019-06-01,,0.223
AAG2ZU1H,0,0,,,,Censored No Alarm,0,0,0,0,0,1,0.0005079848342575133,,2019-06-01,,0.223
AAG305AH,0,0,,,,Censored No Alarm,0,0,0,0,0,1,0.0006588452961295843,,2019-06-01,,0.223
AAG306GH,0,0,,,,Censored No Alarm,0,0,0,0,0,1,0.0056925127282738686,,2019-01-05,,0.223
AAG34Z4H,0,0,,,,Censored No Alarm,0,0,0,0,0,1,0.00046795656089670956,,2019-01-05,,0.223
AAG350BH,0,1,2025-07-30,,,Censored Early,0,0,1,1,0,0,0.289888471364975,0.24095964431762695,2019-03-28,2316.0,0.223
AAG350TH,0,0,,,,Censored No Alarm,0,0,0,0,0,1,0.0007553501636721194,,2019-03-28,,0.223
AAG3512H,0,0,,,,Censored No Alarm,0,0,0,0,0,1,0.0003249422588851303,,2019-03-28,,0.223
AAG352AH,0,0,,,,Censored No Alarm,0,0,0,0,0,1,0.0004144257109146565,,2019-06-01,,0.223
AAG353EH,0,0,,,,Censored No Alarm,0,0,0,0,0,1,0.0005789141287095845,,2019-01-05,,0.223
AAG35LWH,0,1,2024-09-20,,,Censored Early,0,0,1,1,0,0,0.29031771421432495,0.2551243305206299,2019-01-05,2085.0,0.223
AAG401PH,0,0,,,,Censored No Alarm,0,0,0,0,0,1,0.0005391853046603501,,2019-01-05,,0.223
AAG46YHH,0,0,,,,Censored No Alarm,0,0,0,0,0,1,0.0004789983213413507,,2019-03-28,,0.223
AAG477BH,0,0,,,,Censored No Alarm,0,0,0,0,0,1,0.0008636254933662713,,2019-01-05,,0.223
AAG478DH,0,0,,,,Censored No Alarm,0,0,0,0,0,1,0.0009823307627812028,,2019-03-28,,0.223
AAG48B3H,0,0,,,,Censored No Alarm,0,0,0,0,0,1,0.0010764766484498978,,2019-03-02,,0.223
AAG4AA9H,0,0,,,,Censored No Alarm,0,0,0,0,0,1,0.03262052685022354,,2019-03-01,,0.223
AAG4VESH,0,1,2024-04-24,,,Censored Early,0,0,1,1,0,0,0.5412735939025879,0.2404256910085678,2019-03-01,1881.0,0.223
AAG4Z4YH,0,0,,,,Censored No Alarm,0,0,0,0,0,1,0.0019578852225095034,,2019-03-01,,0.223
AAG4Z52H,0,0,,,,Censored No Alarm,0,0,0,0,0,1,0.0111017981544137,,2019-03-02,,0.223
AAG4Z5AH,1,1,2025-02-03,2025-03-14,39.0,Early,0,1,0,1,0,0,0.5146468281745911,0.22367313504219055,2019-01-05,2221.0,0.223
AAG4ZABH,0,0,,,,Censored No Alarm,0,0,0,0,0,1,0.0029396635945886374,,2019-03-01,,0.223
AAG51RHH,0,0,,,,Censored No Alarm,0,0,0,0,0,1,0.0007427838863804936,,2019-01-05,,0.223
AAG540GH,0,0,,,,Censored No Alarm,0,0,0,0,0,1,0.0011296914890408516,,2019-03-28,,0.223
AAG5DTTH,0,0,,,,Censored No Alarm,0,0,0,0,0,1,0.0008439528755843639,,2019-03-28,,0.223
AAG5Y4DH,0,0,,,,Censored No Alarm,0,0,0,0,0,1,0.00040873666875995696,,2019-01-05,,0.223
AAG5Y4LH,0,0,,,,Censored No Alarm,0,0,0,0,0,1,0.005591436289250851,,2019-01-05,,0.223
AAG5Y4TH,0,0,,,,Censored No Alarm,0,0,0,0,0,1,0.0031499743927270174,,2019-01-05,,0.223
AAG5Y4UH,0,0,,,,Censored No Alarm,0,0,0,0,0,1,0.0006501860334537923,,2019-01-05,,0.223
AAG5Y5UH,0,0,,,,Censored No Alarm,0,0,0,0,0,1,0.014463674277067184,,2019-01-05,,0.223
AAG5YJ4H,0,0,,,,Censored No Alarm,0,0,0,0,0,1,0.002809434197843075,,2019-03-28,,0.223
AAG5YLKH,0,0,,,,Censored No Alarm,0,0,0,0,0,1,0.01006990298628807,,2019-03-01,,0.223
AAG5YYBH,0,0,,,,Censored No Alarm,0,0,0,0,0,1,0.0007746355258859694,,2019-01-05,,0.223
AAG5YYKH,1,0,,2025-09-30,,Missed,0,0,0,0,1,0,0.21554908156394958,,2019-01-05,,0.223
AAG5YZ8H,0,0,,,,Censored No Alarm,0,0,0,0,0,1,0.0004722143930848688,,2019-03-28,,0.223
AAG5YZZH,1,0,,2025-07-30,,Missed,0,0,0,0,1,0,0.022259125486016273,,2019-03-02,,0.223
AAG613MH,0,0,,,,Censored No Alarm,0,0,0,0,0,1,0.0002567495102994144,,2019-01-05,,0.223
AAG613RH,1,0,,2025-06-06,,Missed,0,0,0,0,1,0,0.0007714744424447417,,2019-01-05,,0.223
AAG61KPH,0,0,,,,Censored No Alarm,0,0,0,0,0,1,0.0072897737845778465,,2019-03-28,,0.223
AAG61LHH,1,1,2024-01-08,2024-05-17,130.0,Early,0,1,0,1,0,0,0.44257423281669617,0.22588767111301422,2019-03-01,1774.0,0.223
AAG61NEH,0,0,,,,Censored No Alarm,0,0,0,0,0,1,0.0008063171990215778,,2019-01-05,,0.223
AAG61NZH,0,0,,,,Censored No Alarm,0,0,0,0,0,1,0.07928864657878876,,2019-03-28,,0.223
AAG61P2H,0,0,,,,Censored No Alarm,0,0,0,0,0,1,0.001236648764461279,,2019-03-01,,0.223
AAG61UMH,0,0,,,,Censored No Alarm,0,0,0,0,0,1,0.006620731670409441,,2019-01-05,,0.223
AAG61WRH,0,0,,,,Censored No Alarm,0,0,0,0,0,1,0.00045945169404149055,,2019-03-01,,0.223
AAG61Z1H,0,0,,,,Censored No Alarm,0,0,0,0,0,1,0.00040951554547064006,,2019-01-05,,0.223
AAG61ZAH,0,0,,,,Censored No Alarm,0,0,0,0,0,1,0.002827700227499008,,2019-03-01,,0.223
AAG620PH,0,0,,,,Censored No Alarm,0,0,0,0,0,1,0.0004938553320243955,,2019-03-28,,0.223
AAG621WH,0,0,,,,Censored No Alarm,0,0,0,0,0,1,0.0005064227734692395,,2019-01-05,,0.223
AAG623DH,0,0,,,,Censored No Alarm,0,0,0,0,0,1,0.0005170565564185381,,2019-01-05,,0.223
AAG6376H,0,0,,,,Censored No Alarm,0,0,0,0,0,1,0.004063011612743139,,2019-03-28,,0.223
AAG637RH,1,0,,2022-05-21,,Missed,0,0,0,0,1,0,0.0003066737262997776,,2019-01-05,,0.223
AAG6381H,0,0,,,,Censored No Alarm,0,0,0,0,0,1,0.00022129248827695847,,2019-01-05,,0.223
AAG638GH,0,0,,,,Censored No Alarm,0,0,0,0,0,1,0.0006555126747116446,,2019-01-05,,0.223
AAG639BH,0,0,,,,Censored No Alarm,0,0,0,0,0,1,0.019673217087984085,,2019-01-05,,0.223
AAG63DLH,0,0,,,,Censored No Alarm,0,0,0,0,0,1,0.0017931542824953794,,2019-03-28,,0.223
AAG63JSH,0,0,,,,Censored No Alarm,0,0,0,0,0,1,0.0023463983088731766,,2019-03-02,,0.223
AAG63PJH,0,0,,,,Censored No Alarm,0,0,0,0,0,1,0.0004129886219743639,,2019-03-28,,0.223
AAG63PKH,1,1,2022-05-04,2022-05-22,18.0,On time,1,0,0,0,0,0,0.6030390858650208,0.28848299384117126,2019-03-01,1160.0,0.223
AAG63PLH,0,0,,,,Censored No Alarm,0,0,0,0,0,1,0.0008856318891048431,,2019-03-01,,0.223
AAG63RGH,0,0,,,,Censored No Alarm,0,0,0,0,0,1,0.001493576681241393,,2019-03-01,,0.223
AAG63TMH,1,1,2024-12-08,2025-09-02,268.0,Early,0,1,0,1,0,0,0.5558563470840454,0.2260807603597641,2019-03-02,2108.0,0.223
AAG63TSH,0,0,,,,Censored No Alarm,0,0,0,0,0,1,0.017058217898011208,,2019-03-28,,0.223
AAG63V6H,0,0,,,,Censored No Alarm,0,0,0,0,0,1,0.03525228798389435,,2019-03-28,,0.223
AAG63WHH,1,0,,2025-11-30,,Missed,0,0,0,0,1,0,0.134168803691864,,2019-01-05,,0.223
AAG63Z8H,1,1,2025-09-14,2025-09-28,14.0,On time,1,0,0,0,0,0,0.623049259185791,0.35324546694755554,2019-03-01,2389.0,0.223
AAG6417H,1,0,,2024-06-06,,Missed,0,0,0,0,1,0,0.18187548220157623,,2019-03-01,,0.223
AAG6436H,0,0,,,,Censored No Alarm,0,0,0,0,0,1,0.000667910382617265,,2019-06-01,,0.223
AAG64VXH,0,0,,,,Censored No Alarm,0,0,0,0,0,1,0.022343361750245094,,2019-01-05,,0.223
AAG6509H,0,0,,,,Censored No Alarm,0,0,0,0,0,1,0.00047018416807986796,,2019-03-28,,0.223
AAG67UZH,0,0,,,,Censored No Alarm,0,0,0,0,0,1,0.008385959081351757,,2019-03-28,,0.223
AAG67V3H,1,0,,2025-06-20,,Missed,0,0,0,0,1,0,0.20555979013442993,,2019-03-01,,0.223
AAG67VBH,0,0,,,,Censored No Alarm,0,0,0,0,0,1,0.0067149377427995205,,2019-03-28,,0.223
AAG67W3H,0,0,,,,Censored No Alarm,0,0,0,0,0,1,0.0003493388358037919,,2019-03-01,,0.223
AAG67Z8H,0,0,,,,Censored No Alarm,0,0,0,0,0,1,0.0021987464278936386,,2019-06-01,,0.223
AAG682YH,1,1,2024-02-11,2024-07-04,144.0,Early,0,1,0,1,0,0,0.5299665927886963,0.26203688979148865,2019-03-28,1781.0,0.223
AAG683JH,0,0,,,,Censored No Alarm,0,0,0,0,0,1,0.0010109917493537068,,2019-03-01,,0.223
AAG686GH,0,0,,,,Censored No Alarm,0,0,0,0,0,1,0.001212138682603836,,2019-03-02,,0.223
AAG6870H,0,0,,,,Censored No Alarm,0,0,0,0,0,1,0.001492425100877881,,2019-01-05,,0.223
AAG6878H,0,0,,,,Censored No Alarm,0,0,0,0,0,1,0.0006790644838474691,,2019-01-05,,0.223
AAG687GH,0,0,,,,Censored No Alarm,0,0,0,0,0,1,0.0033311094157397747,,2019-03-01,,0.223
AAG687MH,0,0,,,,Censored No Alarm,0,0,0,0,0,1,0.0009943371405825019,,2019-03-28,,0.223
AAG68AGH,0,0,,,,Censored No Alarm,0,0,0,0,0,1,0.0002460127288941294,,2019-06-01,,0.223
AAG68AKH,0,0,,,,Censored No Alarm,0,0,0,0,0,1,0.1294742226600647,,2019-03-02,,0.223
AAG68AUH,0,0,,,,Censored No Alarm,0,0,0,0,0,1,0.0003685355477500707,,2019-01-05,,0.223
AAG68AXH,0,0,,,,Censored No Alarm,0,0,0,0,0,1,0.000495327461976558,,2019-03-28,,0.223
AAG68BRH,0,0,,,,Censored No Alarm,0,0,0,0,0,1,0.16236113011837006,,2019-01-05,,0.223
AAG68EWH,1,0,,2023-04-01,,Missed,0,0,0,0,1,0,0.06607510894536972,,2019-01-05,,0.223
AAG68EXH,1,0,,2024-06-19,,Missed,0,0,0,0,1,0,0.05547262728214264,,2019-01-05,,0.223
AAG68KVH,0,0,,,,Censored No Alarm,0,0,0,0,0,1,0.001112933736294508,,2019-01-05,,0.223
AAG691PH,0,0,,,,Censored No Alarm,0,0,0,0,0,1,0.0004728033090941608,,2019-06-01,,0.223
AAG691VH,0,0,,,,Censored No Alarm,0,0,0,0,0,1,0.045816343277692795,,2019-01-05,,0.223
AAG69LHH,0,0,,,,Censored No Alarm,0,0,0,0,0,1,0.00024694993044249713,,2019-06-01,,0.223
AAG69TTH,0,0,,,,Censored No Alarm,0,0,0,0,0,1,0.002272878773510456,,2019-03-01,,0.223
AAG69WWH,0,0,,,,Censored No Alarm,0,0,0,0,0,1,0.0002497682289686054,,2019-01-05,,0.223
AAG69YWH,0,0,,,,Censored No Alarm,0,0,0,0,0,1,0.005751173477619886,,2019-03-02,,0.223
AAG6A03H,0,0,,,,Censored No Alarm,0,0,0,0,0,1,0.0020414236932992935,,2019-03-02,,0.223
AAG6A07H,0,0,,,,Censored No Alarm,0,0,0,0,0,1,0.006407754495739937,,2019-03-01,,0.223
AAG6A0AH,0,0,,,,Censored No Alarm,0,0,0,0,0,1,0.0008346487884409726,,2019-01-05,,0.223
AAG6AATH,0,0,,,,Censored No Alarm,0,0,0,0,0,1,0.0002640613238327205,,2019-06-01,,0.223
AAG6AV4H,0,0,,,,Censored No Alarm,0,0,0,0,0,1,0.000918011530302465,,2019-03-01,,0.223
AAG6AWTH,1,0,,2024-07-08,,Missed,0,0,0,0,1,0,0.1301482915878296,,2019-03-28,,0.223
AAG6AX6H,0,0,,,,Censored No Alarm,0,0,0,0,0,1,0.0006758429226465523,,2019-03-28,,0.223
AAG6B4HH,0,0,,,,Censored No Alarm,0,0,0,0,0,1,0.0006989507237449288,,2019-03-28,,0.223
AAG6B5KH,0,0,,,,Censored No Alarm,0,0,0,0,0,1,0.0006619702326133847,,2019-03-28,,0.223
AAG6DT9H,1,0,,2019-04-25,,Missed,0,0,0,0,1,0,0.0004097676428500563,,2019-03-01,,0.223
AAG6DVEH,0,0,,,,Censored No Alarm,0,0,0,0,0,1,0.008676133118569851,,2019-03-01,,0.223
AAG6DXTH,0,0,,,,Censored No Alarm,0,0,0,0,0,1,0.0056989858858287334,,2019-01-05,,0.223
AAG6E2HH,0,0,,,,Censored No Alarm,0,0,0,0,0,1,0.0004283736052457243,,2019-03-28,,0.223
AAG6E60H,0,0,,,,Censored No Alarm,0,0,0,0,0,1,0.0018236119067296386,,2019-03-01,,0.223
AAG6E7EH,0,0,,,,Censored No Alarm,0,0,0,0,0,1,0.0005976730608381331,,2019-03-28,,0.223
AAG6E7RH,0,0,,,,Censored No Alarm,0,0,0,0,0,1,0.0017119664698839188,,2019-03-02,,0.223
AAG6ESPH,0,0,,,,Censored No Alarm,0,0,0,0,0,1,0.00032098210067488253,,2019-01-05,,0.223
AAG6EVRH,0,0,,,,Censored No Alarm,0,0,0,0,0,1,0.0006122020422481,,2019-01-05,,0.223
AAG6EX3H,0,0,,,,Censored No Alarm,0,0,0,0,0,1,0.0005056413938291371,,2019-01-05,,0.223
AAG6GM1H,0,0,,,,Censored No Alarm,0,0,0,0,0,1,0.0004218241374474019,,2019-03-28,,0.223
AAG6H25H,0,0,,,,Censored No Alarm,0,0,0,0,0,1,0.0006900579901412129,,2019-03-01,,0.223
AAG6HG0H,0,0,,,,Censored No Alarm,0,0,0,0,0,1,0.0014639099827036262,,2019-03-01,,0.223
AAG6HSEH,0,0,,,,Censored No Alarm,0,0,0,0,0,1,0.0003890480729751289,,2019-03-02,,0.223
AAG6HYXH,0,0,,,,Censored No Alarm,0,0,0,0,0,1,0.004024146124720573,,2019-03-02,,0.223
AAG6J1MH,0,0,,,,Censored No Alarm,0,0,0,0,0,1,0.0006237690104171634,,2019-01-05,,0.223
AAG6J1TH,1,0,,2025-10-07,,Missed,0,0,0,0,1,0,0.15444771945476532,,2019-03-01,,0.223
AAG6J2DH,1,0,,2024-01-03,,Missed,0,0,0,0,1,0,0.028697535395622253,,2019-03-28,,0.223
AAG6J2KH,1,1,2023-04-13,2023-10-19,189.0,Early,0,1,0,1,0,0,0.26852846145629883,0.22908411920070648,2019-01-05,1559.0,0.223
AAG6KJ6H,0,0,,,,Censored No Alarm,0,0,0,0,0,1,0.001314570545218885,,2019-03-28,,0.223
AAG6KJPH,0,0,,,,Censored No Alarm,0,0,0,0,0,1,0.000451684434665367,,2019-03-28,,0.223
AAG6KTJH,0,0,,,,Censored No Alarm,0,0,0,0,0,1,0.00041361505282111466,,2019-03-02,,0.223
AAG6KTRH,0,0,,,,Censored No Alarm,0,0,0,0,0,1,0.0006386674358509481,,2019-01-05,,0.223
AAG6KUAH,0,1,2025-12-03,,,Censored Early,0,0,1,1,0,0,0.4916120171546936,0.2365344911813736,2019-01-05,2524.0,0.223
AAG6KUJH,0,0,,,,Censored No Alarm,0,0,0,0,0,1,0.0006123725324869156,,2019-03-01,,0.223
AAG6KV6H,1,0,,2021-11-27,,Missed,0,0,0,0,1,0,0.007690070196986198,,2019-03-01,,0.223
AAG6L88H,0,0,,,,Censored No Alarm,0,0,0,0,0,1,0.0004310556105338037,,2019-03-28,,0.223
AAG6L8VH,0,0,,,,Censored No Alarm,0,0,0,0,0,1,0.05696869269013405,,2019-03-28,,0.223
AAG6LD7H,1,0,,2025-06-16,,Missed,0,0,0,0,1,0,0.02742854133248329,,2019-03-01,,0.223
AAG6LDTH,0,0,,,,Censored No Alarm,0,0,0,0,0,1,0.0004541113739833236,,2019-03-28,,0.223
AAG6LEHH,0,0,,,,Censored No Alarm,0,0,0,0,0,1,0.0014410170260816813,,2019-03-01,,0.223
AAG6LEJH,0,0,,,,Censored No Alarm,0,0,0,0,0,1,0.0011258111335337162,,2019-03-01,,0.223
AAG6LG9H,0,0,,,,Censored No Alarm,0,0,0,0,0,1,0.00048040575347840786,,2019-01-05,,0.223
AAG6LTSH,0,0,,,,Censored No Alarm,0,0,0,0,0,1,0.011211073026061058,,2019-03-01,,0.223
AAG6M3BH,0,0,,,,Censored No Alarm,0,0,0,0,0,1,0.0024049445055425167,,2019-03-02,,0.223
AAG6M8TH,0,0,,,,Censored No Alarm,0,0,0,0,0,1,0.00038171050255186856,,2019-01-05,,0.223
AAG6MABH,0,0,,,,Censored No Alarm,0,0,0,0,0,1,0.0006501240422949195,,2019-05-04,,0.223
AAG6NEEH,0,0,,,,Censored No Alarm,0,0,0,0,0,1,0.00041333146509714425,,2019-03-28,,0.223
AAG6NP0H,1,1,2024-03-03,2024-09-22,203.0,Early,0,1,0,1,0,0,0.5609206557273865,0.33288252353668213,2019-03-01,1829.0,0.223
AAG6NPRH,1,1,2026-03-12,2026-03-12,0.0,On time,1,0,0,0,0,0,0.6168568134307861,0.6168568134307861,2019-03-01,2568.0,0.223
AAG6NRBH,1,1,2024-04-23,2024-07-11,79.0,Early,0,1,0,1,0,0,0.24457524716854095,0.23174281418323517,2019-03-28,1853.0,0.223
AAG6NRZH,0,0,,,,Censored No Alarm,0,0,0,0,0,1,0.0018164513166993856,,2019-03-28,,0.223
AAG6NS8H,0,0,,,,Censored No Alarm,0,0,0,0,0,1,0.14911139011383057,,2019-03-28,,0.223
AAG6NSKH,0,0,,,,Censored No Alarm,0,0,0,0,0,1,0.02321770042181015,,2019-01-05,,0.223
AAG6NVKH,0,0,,,,Censored No Alarm,0,0,0,0,0,1,0.0005622702883556485,,2019-01-05,,0.223
AAG6NW3H,0,0,,,,Censored No Alarm,0,0,0,0,0,1,0.0003137489256914705,,2019-06-01,,0.223
AAG6P40H,0,0,,,,Censored No Alarm,0,0,0,0,0,1,0.00028156416374258697,,2019-01-05,,0.223
AAG6P42H,0,0,,,,Censored No Alarm,0,0,0,0,0,1,0.0004431605339050293,,2019-03-01,,0.223
AAG6P4EH,0,0,,,,Censored No Alarm,0,0,0,0,0,1,0.0004182261764071882,,2019-03-28,,0.223
AAG6P9AH,0,0,,,,Censored No Alarm,0,0,0,0,0,1,0.00042862826376222074,,2019-03-01,,0.223
AAG6PWBH,0,0,,,,Censored No Alarm,0,0,0,0,0,1,0.00029474939219653606,,2019-03-02,,0.223
AAG6PY2H,0,0,,,,Censored No Alarm,0,0,0,0,0,1,0.0004850031982641667,,2019-01-05,,0.223
AAG6PYLH,0,0,,,,Censored No Alarm,0,0,0,0,0,1,0.0002511896600481123,,2019-06-01,,0.223
AAG6R0AH,0,0,,,,Censored No Alarm,0,0,0,0,0,1,0.0004220111295580864,,2019-06-01,,0.223
AAG6R2RH,0,0,,,,Censored No Alarm,0,0,0,0,0,1,0.0015764094423502684,,2019-03-01,,0.223
AAG6R32H,0,0,,,,Censored No Alarm,0,0,0,0,0,1,0.0024010397028177977,,2019-03-01,,0.223
AAG6R48H,0,0,,,,Censored No Alarm,0,0,0,0,0,1,0.0005833021132275462,,2019-03-28,,0.223
AAG6R8UH,0,0,,,,Censored No Alarm,0,0,0,0,0,1,0.00048779064672999084,,2019-03-28,,0.223
AAG6T4ZH,0,0,,,,Censored No Alarm,0,0,0,0,0,1,0.001524127321317792,,2019-03-28,,0.223
AAG6T52H,1,0,,2023-06-10,,Missed,0,0,0,0,1,0,0.00046510176616720855,,2019-06-01,,0.223
AAG6T55H,0,0,,,,Censored No Alarm,0,0,0,0,0,1,0.0005136934923939407,,2019-06-01,,0.223
AAG6T5JH,0,0,,,,Censored No Alarm,0,0,0,0,0,1,0.0006087943911552429,,2019-05-16,,0.223
AAG6T7LH,0,0,,,,Censored No Alarm,0,0,0,0,0,1,0.0011422645766288042,,2019-03-01,,0.223
AAG6T9NH,0,0,,,,Censored No Alarm,0,0,0,0,0,1,0.00026323177735321224,,2019-06-01,,0.223
AAG6TA8H,0,0,,,,Censored No Alarm,0,0,0,0,0,1,0.00034217219217680395,,2019-01-05,,0.223
AAG6TAHH,0,0,,,,Censored No Alarm,0,0,0,0,0,1,0.0021753190085291862,,2019-06-01,,0.223
AAG6TAKH,0,0,,,,Censored No Alarm,0,0,0,0,0,1,0.0006367978639900684,,2019-06-01,,0.223
AAG6TBBH,0,0,,,,Censored No Alarm,0,0,0,0,0,1,0.001166763948276639,,2019-03-28,,0.223
AAG6TBJH,0,0,,,,Censored No Alarm,0,0,0,0,0,1,0.0011688621016219258,,2019-01-05,,0.223
AAG6THHH,0,0,,,,Censored No Alarm,0,0,0,0,0,1,0.00044455559691414237,,2019-06-01,,0.223
AAG6THJH,0,0,,,,Censored No Alarm,0,0,0,0,0,1,0.00041618867544457316,,2019-06-01,,0.223
AAG6THLH,0,0,,,,Censored No Alarm,0,0,0,0,0,1,0.00038704898906871676,,2019-05-04,,0.223
AAG6TRKH,0,0,,,,Censored No Alarm,0,0,0,0,0,1,0.0009185129310935736,,2019-05-04,,0.223
AAG6TS8H,0,0,,,,Censored No Alarm,0,0,0,0,0,1,0.0007369856466539204,,2019-06-01,,0.223
AAG6TSUH,0,0,,,,Censored No Alarm,0,0,0,0,0,1,0.0006178854964673519,,2019-03-28,,0.223
AAG6TT1H,0,0,,,,Censored No Alarm,0,0,0,0,0,1,0.0017169112106785178,,2019-05-16,,0.223
AAG6TT9H,0,0,,,,Censored No Alarm,0,0,0,0,0,1,0.00041773630073294044,,2019-03-28,,0.223
AAG6TTNH,0,0,,,,Censored No Alarm,0,0,0,0,0,1,0.001024608500301838,,2019-01-05,,0.223
AAG6TUVH,0,0,,,,Censored No Alarm,0,0,0,0,0,1,0.0007707002805545926,,2019-06-01,,0.223
AAG6TVPH,0,0,,,,Censored No Alarm,0,0,0,0,0,1,0.0008765277452766895,,2019-03-28,,0.223
AAG6TY4H,0,0,,,,Censored No Alarm,0,0,0,0,0,1,0.0011038108495995402,,2019-06-01,,0.223
AAG6U5AH,0,0,,,,Censored No Alarm,0,0,0,0,0,1,0.0009995212312787771,,2019-03-01,,0.223
AAG6UKNH,0,0,,,,Censored No Alarm,0,0,0,0,0,1,0.0003705797716975212,,2019-03-28,,0.223
AAG6UMGH,0,0,,,,Censored No Alarm,0,0,0,0,0,1,0.0005470225587487221,,2019-01-05,,0.223
AAG6UMJH,0,0,,,,Censored No Alarm,0,0,0,0,0,1,0.0005231218528933823,,2019-01-05,,0.223
AAG6UNKH,0,0,,,,Censored No Alarm,0,0,0,0,0,1,0.1498095691204071,,2019-06-01,,0.223
AAG6US4H,0,0,,,,Censored No Alarm,0,0,0,0,0,1,0.0020475657656788826,,2019-03-01,,0.223
AAG6UT0H,0,0,,,,Censored No Alarm,0,0,0,0,0,1,0.0004330618248786777,,2019-06-01,,0.223
AAG6UU8H,0,0,,,,Censored No Alarm,0,0,0,0,0,1,0.05585293099284172,,2019-01-05,,0.223
AAG6UZTH,0,0,,,,Censored No Alarm,0,0,0,0,0,1,0.0007162757683545351,,2019-03-28,,0.223
AAG6V1MH,0,0,,,,Censored No Alarm,0,0,0,0,0,1,0.0007528304122388363,,2019-03-28,,0.223
AAG6V71H,0,0,,,,Censored No Alarm,0,0,0,0,0,1,0.004291454795747995,,2019-03-01,,0.223
AAG6V7DH,0,0,,,,Censored No Alarm,0,0,0,0,0,1,0.000986956525593996,,2019-03-01,,0.223
AAG6V7VH,0,0,,,,Censored No Alarm,0,0,0,0,0,1,0.0011022830149158835,,2019-03-01,,0.223
AAG6VHXH,0,0,,,,Censored No Alarm,0,0,0,0,0,1,0.0003820447309408337,,2019-06-01,,0.223
AAG6VJKH,0,0,,,,Censored No Alarm,0,0,0,0,0,1,0.0013818087754771113,,2019-03-28,,0.223
AAG6VM8H,0,0,,,,Censored No Alarm,0,0,0,0,0,1,0.0006871173391118646,,2019-03-28,,0.223
AAG6VMBH,0,0,,,,Censored No Alarm,0,0,0,0,0,1,0.0006520315073430538,,2019-03-01,,0.223
AAG6VMGH,0,0,,,,Censored No Alarm,0,0,0,0,0,1,0.0011573734227567911,,2019-03-01,,0.223
AAG6X6JH,0,0,,,,Censored No Alarm,0,0,0,0,0,1,0.00034686035360209644,,2019-03-28,,0.223
AAG6XU7H,1,1,2019-07-02,2020-05-23,326.0,Early,0,1,0,1,0,0,0.5856192708015442,0.3186720311641693,2019-05-04,59.0,0.223
AAG6XWGH,0,0,,,,Censored No Alarm,0,0,0,0,0,1,0.006868814583867788,,2019-03-01,,0.223
AAG6XWJH,1,0,,2025-04-04,,Missed,0,0,0,0,1,0,0.21887342631816864,,2019-03-28,,0.223
AAG6XXWH,0,0,,,,Censored No Alarm,0,0,0,0,0,1,0.0004797001602128148,,2019-01-05,,0.223
AAG6XYBH,0,0,,,,Censored No Alarm,0,0,0,0,0,1,0.00033275142777711153,,2019-06-01,,0.223
AAG6XYNH,0,0,,,,Censored No Alarm,0,0,0,0,0,1,0.0019808486104011536,,2019-06-01,,0.223
AAG6XZ6H,0,0,,,,Censored No Alarm,0,0,0,0,0,1,0.00042878621025010943,,2019-03-28,,0.223
AAG6XZNH,0,0,,,,Censored No Alarm,0,0,0,0,0,1,0.00044366970541886985,,2019-06-01,,0.223
AAG6Y0GH,0,0,,,,Censored No Alarm,0,0,0,0,0,1,0.012728734873235226,,2019-03-01,,0.223
AAG6Y0KH,0,0,,,,Censored No Alarm,0,0,0,0,0,1,0.0003490418894216418,,2019-01-05,,0.223
AAG6Y1BH,0,0,,,,Censored No Alarm,0,0,0,0,0,1,0.0006508282967843115,,2019-03-02,,0.223
AAG6Y3LH,0,0,,,,Censored No Alarm,0,0,0,0,0,1,0.0008421217207796872,,2019-03-28,,0.223
AAG6Y3UH,0,0,,,,Censored No Alarm,0,0,0,0,0,1,0.00032217655098065734,,2019-06-01,,0.223
AAG6Y41H,0,0,,,,Censored No Alarm,0,0,0,0,0,1,0.00025316045503132045,,2019-01-05,,0.223
AAG6Y46H,0,0,,,,Censored No Alarm,0,0,0,0,0,1,0.0004979669465683401,,2019-06-01,,0.223
AAG6YZ1H,0,0,,,,Censored No Alarm,0,0,0,0,0,1,0.0007228339673019946,,2019-03-28,,0.223
AAG6YZ9H,0,0,,,,Censored No Alarm,0,0,0,0,0,1,0.00040171187720261514,,2019-01-05,,0.223
AAG6Z0DH,0,0,,,,Censored No Alarm,0,0,0,0,0,1,0.0003056448185816407,,2019-01-05,,0.223
AAG6Z17H,0,0,,,,Censored No Alarm,0,0,0,0,0,1,0.00026724700001068413,,2019-06-01,,0.223
AAG6Z1MH,0,0,,,,Censored No Alarm,0,0,0,0,0,1,0.0007450385601259768,,2019-03-01,,0.223
AAG6Z1XH,0,0,,,,Censored No Alarm,0,0,0,0,0,1,0.0003853148373309523,,2019-03-01,,0.223
AAG6Z2DH,0,0,,,,Censored No Alarm,0,0,0,0,0,1,0.002035487210378051,,2019-03-01,,0.223
AAG6Z2RH,0,0,,,,Censored No Alarm,0,0,0,0,0,1,0.0003815024101641029,,2019-06-01,,0.223
AAG6Z42H,1,0,,2024-11-24,,Missed,0,0,0,0,1,0,0.023780206218361855,,2019-01-05,,0.223
AAG6Z4VH,0,0,,,,Censored No Alarm,0,0,0,0,0,1,0.0008411894668824971,,2019-03-01,,0.223
AAG6Z53H,0,0,,,,Censored No Alarm,0,0,0,0,0,1,0.000783922674600035,,2019-05-16,,0.223
AAG6ZJ9H,0,0,,,,Censored No Alarm,0,0,0,0,0,1,0.000740678864531219,,2019-03-01,,0.223
AAG705GH,0,0,,,,Censored No Alarm,0,0,0,0,0,1,0.006156377959996462,,2019-03-01,,0.223
AAG7078H,0,0,,,,Censored No Alarm,0,0,0,0,0,1,0.009664998389780521,,2019-05-04,,0.223
AAG70HDH,0,0,,,,Censored No Alarm,0,0,0,0,0,1,0.000868683448061347,,2019-01-05,,0.223
AAG70JEH,0,0,,,,Censored No Alarm,0,0,0,0,0,1,0.004357726313173771,,2019-06-01,,0.223
AAG70U9H,0,0,,,,Censored No Alarm,0,0,0,0,0,1,0.018186073750257492,,2019-01-05,,0.223
AAG73ZWH,0,0,,,,Censored No Alarm,0,0,0,0,0,1,0.0007600347744300961,,2019-01-05,,0.223
AAG73ZZH,0,0,,,,Censored No Alarm,0,0,0,0,0,1,0.00041654729284346104,,2019-03-28,,0.223
AAG740EH,0,0,,,,Censored No Alarm,0,0,0,0,0,1,0.0008034781785681844,,2019-01-05,,0.223
AAG740NH,0,0,,,,Censored No Alarm,0,0,0,0,0,1,0.00025867612566798925,,2019-06-01,,0.223
AAG740WH,0,0,,,,Censored No Alarm,0,0,0,0,0,1,0.000535115017555654,,2019-03-01,,0.223
AAG740YH,0,0,,,,Censored No Alarm,0,0,0,0,0,1,0.0010558003559708595,,2019-03-28,,0.223
AAG741PH,0,0,,,,Censored No Alarm,0,0,0,0,0,1,0.00048515209346078336,,2019-03-28,,0.223
AAG742EH,0,0,,,,Censored No Alarm,0,0,0,0,0,1,0.0011071544140577316,,2019-03-28,,0.223
AAG742JH,0,0,,,,Censored No Alarm,0,0,0,0,0,1,0.0029843254014849663,,2019-06-01,,0.223
AAG742WH,0,0,,,,Censored No Alarm,0,0,0,0,0,1,0.0007083987002260983,,2019-01-05,,0.223
AAG7431H,0,0,,,,Censored No Alarm,0,0,0,0,0,1,0.00022444012574851513,,2019-01-05,,0.223
AAG743EH,0,0,,,,Censored No Alarm,0,0,0,0,0,1,0.0007507542031817138,,2019-06-01,,0.223
AAG743UH,0,0,,,,Censored No Alarm,0,0,0,0,0,1,0.0008925836882553995,,2019-01-05,,0.223
AAG743VH,0,0,,,,Censored No Alarm,0,0,0,0,0,1,0.008981157094240189,,2019-01-05,,0.223
AAG7454H,0,0,,,,Censored No Alarm,0,0,0,0,0,1,0.0004499954520724714,,2019-03-28,,0.223
AAG74DKH,0,0,,,,Censored No Alarm,0,0,0,0,0,1,0.00038124830462038517,,2019-05-04,,0.223
AAG74EAH,1,1,2023-02-28,2025-07-27,880.0,Early,0,1,0,1,0,0,0.6308881640434265,0.224980890750885,2019-05-04,1396.0,0.223
AAG74EBH,0,0,,,,Censored No Alarm,0,0,0,0,0,1,0.0010307992342859507,,2019-03-28,,0.223
AAG74EYH,0,0,,,,Censored No Alarm,0,0,0,0,0,1,0.0003739875683095306,,2019-06-01,,0.223
AAG74EZH,0,0,,,,Censored No Alarm,0,0,0,0,0,1,0.0002572484081611037,,2019-06-01,,0.223
AAG74VHH,0,0,,,,Censored No Alarm,0,0,0,0,0,1,0.002203542971983552,,2019-03-01,,0.223
AAG74WRH,0,0,,,,Censored No Alarm,0,0,0,0,0,1,0.0010438647586852312,,2019-06-01,,0.223
AAG76HYH,1,1,2021-08-30,2021-09-29,30.0,On time,1,0,0,0,0,0,0.5881154537200928,0.2750096321105957,2019-03-02,912.0,0.223
AAG77A5H,0,0,,,,Censored No Alarm,0,0,0,0,0,1,0.00025370460934937,,2019-06-01,,0.223
AAG799NH,0,0,,,,Censored No Alarm,0,0,0,0,0,1,0.0002847051655407995,,2019-03-02,,0.223
AAG79B0H,0,0,,,,Censored No Alarm,0,0,0,0,0,1,0.0007206876180134714,,2019-03-28,,0.223
AAG7A8EH,0,0,,,,Censored No Alarm,0,0,0,0,0,1,0.00038633658550679684,,2019-06-01,,0.223
AAG7A9KH,0,0,,,,Censored No Alarm,0,0,0,0,0,1,0.0008872044854797423,,2019-01-05,,0.223
AAG7ADMH,0,0,,,,Censored No Alarm,0,0,0,0,0,1,0.0006111664115451276,,2019-05-16,,0.223
AAG7AGWH,0,0,,,,Censored No Alarm,0,0,0,0,0,1,0.0005719668115489185,,2019-05-04,,0.223
AAG7AHMH,0,0,,,,Censored No Alarm,0,0,0,0,0,1,0.0002577133709564805,,2019-06-01,,0.223
AAG7BP3H,0,0,,,,Censored No Alarm,0,0,0,0,0,1,0.00037864476325921714,,2019-06-01,,0.223
AAG7BPKH,0,0,,,,Censored No Alarm,0,0,0,0,0,1,0.0003006962942890823,,2019-06-01,,0.223
AAG7BRGH,0,0,,,,Censored No Alarm,0,0,0,0,0,1,0.0007132904138416052,,2019-01-05,,0.223
AAG7BS8H,0,0,,,,Censored No Alarm,0,0,0,0,0,1,0.010081854648888111,,2019-03-01,,0.223
AAG7BWAH,0,0,,,,Censored No Alarm,0,0,0,0,0,1,0.0005442859255708754,,2019-03-28,,0.223
AAG7D1SH,0,0,,,,Censored No Alarm,0,0,0,0,0,1,0.0015848042676225305,,2019-06-01,,0.223
AAG7D29H,0,0,,,,Censored No Alarm,0,0,0,0,0,1,0.000878146558534354,,2019-03-28,,0.223
AAG7D2PH,0,0,,,,Censored No Alarm,0,0,0,0,0,1,0.0002562814042903483,,2019-06-01,,0.223
AAG7D48H,0,0,,,,Censored No Alarm,0,0,0,0,0,1,0.000549385673366487,,2019-06-01,,0.223
AAG7D4DH,0,0,,,,Censored No Alarm,0,0,0,0,0,1,0.0008204557234421372,,2019-03-01,,0.223
AAG7D85H,0,0,,,,Censored No Alarm,0,0,0,0,0,1,0.018400678411126137,,2019-06-01,,0.223
AAG7DPYH,0,0,,,,Censored No Alarm,0,0,0,0,0,1,0.014304540120065212,,2019-03-01,,0.223
AAG7DRDH,0,0,,,,Censored No Alarm,0,0,0,0,0,1,0.0003246552078053355,,2019-03-01,,0.223
AAG7DS9H,0,0,,,,Censored No Alarm,0,0,0,0,0,1,0.03110237792134285,,2019-03-01,,0.223
AAG7DW0H,0,0,,,,Censored No Alarm,0,0,0,0,0,1,0.0009360017720609903,,2019-05-04,,0.223
AAG7E1MH,0,0,,,,Censored No Alarm,0,0,0,0,0,1,0.0009114162530750036,,2019-03-01,,0.223
AAG7E1PH,0,0,,,,Censored No Alarm,0,0,0,0,0,1,0.0007144922274164855,,2019-01-05,,0.223
AAG7E2HH,0,0,,,,Censored No Alarm,0,0,0,0,0,1,0.0004945803666487336,,2019-03-02,,0.223
AAG7LG4H,0,0,,,,Censored No Alarm,0,0,0,0,0,1,0.0021600041072815657,,2019-03-01,,0.223
AAG7LG7H,0,0,,,,Censored No Alarm,0,0,0,0,0,1,0.0017755073495209217,,2019-05-16,,0.223
AAG7LHYH,0,0,,,,Censored No Alarm,0,0,0,0,0,1,0.0007842155755497515,,2019-03-28,,0.223
AAG7LNAH,0,0,,,,Censored No Alarm,0,0,0,0,0,1,0.00027186571969650686,,2019-06-01,,0.223
AAG7LSWH,0,0,,,,Censored No Alarm,0,0,0,0,0,1,0.0004268207703717053,,2019-01-05,,0.223
AAG7LTHH,1,0,,2024-07-29,,Missed,0,0,0,0,1,0,0.2005387544631958,,2019-03-28,,0.223
AAG7LZEH,0,0,,,,Censored No Alarm,0,0,0,0,0,1,0.0017118955729529262,,2019-03-02,,0.223
AAG7M25H,0,0,,,,Censored No Alarm,0,0,0,0,0,1,0.0003309150051791221,,2019-06-01,,0.223
AAG7M3NH,0,0,,,,Censored No Alarm,0,0,0,0,0,1,0.0009905400220304728,,2019-06-01,,0.223
AAG7M3TH,0,0,,,,Censored No Alarm,0,0,0,0,0,1,0.0008897290099412203,,2019-03-28,,0.223
AAG7MMDH,0,0,,,,Censored No Alarm,0,0,0,0,0,1,0.0006751830223947763,,2019-05-16,,0.223
AAG7MP8H,0,0,,,,Censored No Alarm,0,0,0,0,0,1,0.0003211192088201642,,2019-06-01,,0.223
AAG7MULH,1,1,2026-02-13,2026-03-13,28.0,On time,1,0,0,0,0,0,0.5850555896759033,0.5754388570785522,2019-03-02,2540.0,0.223
AAG7MUNH,0,0,,,,Censored No Alarm,0,0,0,0,0,1,0.008009977638721466,,2019-06-01,,0.223
AAG7MVMH,0,0,,,,Censored No Alarm,0,0,0,0,0,1,0.0005975469248369336,,2019-03-02,,0.223
AAG7N3ZH,0,0,,,,Censored No Alarm,0,0,0,0,0,1,0.0006858271663077176,,2019-03-28,,0.223
AAG7N5WH,0,0,,,,Censored No Alarm,0,0,0,0,0,1,0.00075624039163813,,2019-03-28,,0.223
AAG7N62H,0,0,,,,Censored No Alarm,0,0,0,0,0,1,0.00028158805798739195,,2019-06-01,,0.223
AAG7N63H,0,0,,,,Censored No Alarm,0,0,0,0,0,1,0.00042991069494746625,,2019-03-28,,0.223
AAG7N6MH,0,0,,,,Censored No Alarm,0,0,0,0,0,1,0.0006623343797400594,,2019-05-04,,0.223
AAG7PPHH,1,0,,2025-10-28,,Missed,0,0,0,0,1,0,0.014697963371872902,,2019-03-02,,0.223
AAG7R02H,0,0,,,,Censored No Alarm,0,0,0,0,0,1,0.0013890000991523266,,2019-06-01,,0.223
AAG7R5VH,0,0,,,,Censored No Alarm,0,0,0,0,0,1,0.000269611511612311,,2019-06-01,,0.223
AAG7R93H,0,0,,,,Censored No Alarm,0,0,0,0,0,1,0.000512810715008527,,2019-06-01,,0.223
AAG7RA1H,0,0,,,,Censored No Alarm,0,0,0,0,0,1,0.0009112960542552173,,2019-01-05,,0.223
AAG7RAMH,0,0,,,,Censored No Alarm,0,0,0,0,0,1,0.009112306870520115,,2019-03-02,,0.223
AAG7RBDH,0,0,,,,Censored No Alarm,0,0,0,0,0,1,0.0009162670467048883,,2019-05-04,,0.223
AAG90D8H,0,0,,,,Censored No Alarm,0,0,0,0,0,1,0.0005444830167107284,,2019-05-04,,0.223
AAG9VK6H,0,0,,,,Censored No Alarm,0,0,0,0,0,1,0.00124445091933012,,2019-03-02,,0.223
AAGA4YNH,0,0,,,,Censored No Alarm,0,0,0,0,0,1,0.00029052761965431273,,2019-06-01,,0.223
AAGA7W1H,1,0,,2023-04-11,,Missed,0,0,0,0,1,0,0.09852561354637146,,2019-03-01,,0.223
AAGA9E3H,0,0,,,,Censored No Alarm,0,0,0,0,0,1,0.0009904437465593219,,2019-05-04,,0.223
AAGH3VWH,0,0,,,,Censored No Alarm,0,0,0,0,0,1,0.0012626948300749063,,2019-05-27,,0.223
AAGMU4TH,0,0,,,,Censored No Alarm,0,0,0,0,0,1,0.0006457550916820765,,2019-05-04,,0.223
AAGN9D2H,1,0,,2023-09-17,,Missed,0,0,0,0,1,0,0.0005572941736318171,,2019-05-04,,0.223
AAGP62KH,0,0,,,,Censored No Alarm,0,0,0,0,0,1,0.001248840824700892,,2019-06-01,,0.223
AAGUS87H,0,0,,,,Censored No Alarm,0,0,0,0,0,1,0.051549024879932404,,2019-08-14,,0.223
AAGVX4UH,0,0,,,,Censored No Alarm,0,0,0,0,0,1,0.00030343825346790254,,2019-05-04,,0.223
AAGWTB0H,0,0,,,,Censored No Alarm,0,0,0,0,0,1,0.06735709309577942,,2019-06-01,,0.223
AAGXDBZH,0,1,2023-08-23,,,Censored Early,0,0,1,1,0,0,0.48782798647880554,0.223453551530838,2019-05-16,1560.0,0.223
AAGXLP2H,0,0,,,,Censored No Alarm,0,0,0,0,0,1,0.001418471452780068,,2019-06-01,,0.223
AAGXMJSH,0,0,,,,Censored No Alarm,0,0,0,0,0,1,0.0005791994626633823,,2019-05-04,,0.223
AAGXU8YH,0,0,,,,Censored No Alarm,0,0,0,0,0,1,0.0006101749604567885,,2019-05-16,,0.223
AAGXUBRH,0,0,,,,Censored No Alarm,0,0,0,0,0,1,0.0009703388204798102,,2019-05-04,,0.223
AAGXV97H,0,0,,,,Censored No Alarm,0,0,0,0,0,1,0.004772915970534086,,2024-03-13,,0.223
AAGXW8VH,0,0,,,,Censored No Alarm,0,0,0,0,0,1,0.01031399890780449,,2019-08-14,,0.223
AAGXWUWH,0,0,,,,Censored No Alarm,0,0,0,0,0,1,0.0005705571384169161,,2019-05-04,,0.223
AAGXY3MH,1,0,,2025-04-09,,Missed,0,0,0,0,1,0,0.008700174279510975,,2019-05-16,,0.223
AAH22T7H,0,0,,,,Censored No Alarm,0,0,0,0,0,1,0.0502924919128418,,2019-05-04,,0.223
AAH4NTGH,0,0,,,,Censored No Alarm,0,0,0,0,0,1,0.0010046700481325388,,2019-05-04,,0.223
AAH6DU2H,0,1,2024-11-29,,,Censored Early,0,0,1,1,0,0,0.46811386942863464,0.2836725115776062,2019-08-14,1934.0,0.223
AAH78SAH,0,0,,,,Censored No Alarm,0,0,0,0,0,1,0.00034167870762757957,,2019-05-04,,0.223
AAH7HJSH,0,0,,,,Censored No Alarm,0,0,0,0,0,1,0.0006199494819156826,,2019-05-04,,0.223
AAH7HKHH,0,0,,,,Censored No Alarm,0,0,0,0,0,1,0.0012658957857638597,,2019-05-04,,0.223
AAH7HNDH,0,0,,,,Censored No Alarm,0,0,0,0,0,1,0.0004988039727322757,,2019-05-04,,0.223
AAH7X19H,0,0,,,,Censored No Alarm,0,0,0,0,0,1,0.0003271754248999059,,2019-05-04,,0.223
AAH86SEH,0,0,,,,Censored No Alarm,0,0,0,0,0,1,0.0003303236735519022,,2019-05-04,,0.223
AAH8BLDH,0,0,,,,Censored No Alarm,0,0,0,0,0,1,0.0012882578885182738,,2019-05-04,,0.223
AAH8HPVH,0,0,,,,Censored No Alarm,0,0,0,0,0,1,0.0791817381978035,,2019-05-04,,0.223
AAH8LPUH,0,0,,,,Censored No Alarm,0,0,0,0,0,1,0.0011081367265433073,,2019-05-04,,0.223
AAH8P7WH,0,0,,,,Censored No Alarm,0,0,0,0,0,1,0.0002532647631596774,,2019-05-27,,0.223
AAH8R0LH,0,0,,,,Censored No Alarm,0,0,0,0,0,1,0.0005694591673091054,,2019-05-04,,0.223
AAH8RG4H,0,0,,,,Censored No Alarm,0,0,0,0,0,1,0.0006915830308571458,,2019-05-04,,0.223
AAH8V76H,0,0,,,,Censored No Alarm,0,0,0,0,0,1,0.0008949579205363989,,2019-05-04,,0.223
AAH8V7KH,0,0,,,,Censored No Alarm,0,0,0,0,0,1,0.0006338172825053334,,2019-05-04,,0.223
AAH90NAH,1,0,,2023-04-19,,Missed,0,0,0,0,1,0,0.04313099384307861,,2019-05-04,,0.223
AAH919BH,0,0,,,,Censored No Alarm,0,0,0,0,0,1,0.0005579609423875809,,2019-05-04,,0.223
AAH9285H,0,0,,,,Censored No Alarm,0,0,0,0,0,1,0.000326249108184129,,2019-05-04,,0.223
AAH92GHH,0,0,,,,Censored No Alarm,0,0,0,0,0,1,0.0005013030604459345,,2019-05-04,,0.223
AAH92HRH,0,0,,,,Censored No Alarm,0,0,0,0,0,1,0.0003338282695040107,,2019-05-04,,0.223
AAH92JGH,0,0,,,,Censored No Alarm,0,0,0,0,0,1,0.0037293685600161552,,2019-05-04,,0.223
AAH92V3H,0,0,,,,Censored No Alarm,0,0,0,0,0,1,0.00044220310519449413,,2019-05-04,,0.223
AAH9301H,1,0,,2023-12-23,,Missed,0,0,0,0,1,0,0.1838405728340149,,2019-05-04,,0.223
AAH9305H,0,0,,,,Censored No Alarm,0,0,0,0,0,1,0.0013202783884480596,,2019-05-04,,0.223
AAH9307H,1,0,,2023-04-09,,Missed,0,0,0,0,1,0,0.0008070555049926043,,2019-05-04,,0.223
AAH93MDH,0,0,,,,Censored No Alarm,0,0,0,0,0,1,0.07045206427574158,,2019-05-04,,0.223
AAH93RZH,0,0,,,,Censored No Alarm,0,0,0,0,0,1,0.0011697955196723342,,2019-05-04,,0.223
AAH953TH,0,0,,,,Censored No Alarm,0,0,0,0,0,1,0.000568411429412663,,2019-05-04,,0.223
AAH9618H,0,0,,,,Censored No Alarm,0,0,0,0,0,1,0.0014278064481914043,,2019-05-04,,0.223
AAH9689H,0,0,,,,Censored No Alarm,0,0,0,0,0,1,0.00029743253253400326,,2019-05-04,,0.223
AAH96AUH,0,0,,,,Censored No Alarm,0,0,0,0,0,1,0.0016224078135564923,,2019-05-04,,0.223
AAH97BZH,0,1,2025-06-26,,,Censored Early,0,0,1,1,0,0,0.2992064952850342,0.26617202162742615,2019-05-04,2245.0,0.223
AAH99PNH,0,0,,,,Censored No Alarm,0,0,0,0,0,1,0.0004291650839149952,,2019-05-04,,0.223
AAH9BERH,0,0,,,,Censored No Alarm,0,0,0,0,0,1,0.0008266482036560774,,2019-05-04,,0.223
AAHAS1MH,0,0,,,,Censored No Alarm,0,0,0,0,0,1,0.0003840761783067137,,2019-05-27,,0.223
AAHAS9TH,0,0,,,,Censored No Alarm,0,0,0,0,0,1,0.00038541972753591835,,2019-05-27,,0.223
AAHB6YXH,0,0,,,,Censored No Alarm,0,0,0,0,0,1,0.00029928344883956015,,2019-05-27,,0.223
AAHB8Z9H,0,0,,,,Censored No Alarm,0,0,0,0,0,1,0.0007647826569154859,,2019-05-27,,0.223
AAHBKUHH,0,0,,,,Censored No Alarm,0,0,0,0,0,1,0.0003026145859621465,,2019-05-27,,0.223
AAHD7S9H,0,0,,,,Censored No Alarm,0,0,0,0,0,1,0.0004564525152090937,,2019-05-19,,0.223
AAHDJD5H,0,0,,,,Censored No Alarm,0,0,0,0,0,1,0.0005139055429026484,,2019-05-27,,0.223
AAHDJDSH,0,0,,,,Censored No Alarm,0,0,0,0,0,1,0.00022812136739958078,,2019-05-27,,0.223
AAHDJH3H,0,0,,,,Censored No Alarm,0,0,0,0,0,1,0.0002626992645673454,,2019-05-27,,0.223
AAHDUS5H,0,0,,,,Censored No Alarm,0,0,0,0,0,1,0.00024717417545616627,,2019-05-27,,0.223
AAHDUT6H,0,0,,,,Censored No Alarm,0,0,0,0,0,1,0.0002756257599685341,,2019-05-27,,0.223
AAHDYR0H,0,0,,,,Censored No Alarm,0,0,0,0,0,1,0.00027359017985872924,,2019-05-27,,0.223
AAHE23AH,0,0,,,,Censored No Alarm,0,0,0,0,0,1,0.00018949920195154846,,2019-05-27,,0.223
AAHE4SAH,0,0,,,,Censored No Alarm,0,0,0,0,0,1,0.00024003446742426604,,2019-05-27,,0.223
AAHEAGWH,0,0,,,,Censored No Alarm,0,0,0,0,0,1,0.0011778509942814708,,2019-05-27,,0.223
AAHEAHLH,0,0,,,,Censored No Alarm,0,0,0,0,0,1,0.00019769348728004843,,2019-05-27,,0.223
AAHED32H,0,0,,,,Censored No Alarm,0,0,0,0,0,1,0.000241689762333408,,2019-05-27,,0.223
AAHED3GH,0,0,,,,Censored No Alarm,0,0,0,0,0,1,0.030739016830921173,,2019-05-27,,0.223
AAHED8NH,0,0,,,,Censored No Alarm,0,0,0,0,0,1,0.0002415978378849104,,2019-05-27,,0.223
AAHED98H,0,0,,,,Censored No Alarm,0,0,0,0,0,1,0.000281227461528033,,2019-05-27,,0.223
AAHEEVKH,0,0,,,,Censored No Alarm,0,0,0,0,0,1,0.0002413689944660291,,2019-05-27,,0.223
AAHEHEEH,0,0,,,,Censored No Alarm,0,0,0,0,0,1,0.00021227843535598367,,2019-05-27,,0.223
AAHEHHMH,0,0,,,,Censored No Alarm,0,0,0,0,0,1,0.000232671300182119,,2019-05-27,,0.223
AAHEHJ0H,0,0,,,,Censored No Alarm,0,0,0,0,0,1,0.00034536889870651066,,2019-06-01,,0.223
AAHEHJ1H,0,0,,,,Censored No Alarm,0,0,0,0,0,1,0.00022228893067222089,,2019-05-27,,0.223
AAHEHL5H,0,0,,,,Censored No Alarm,0,0,0,0,0,1,0.0004860658955294639,,2019-05-27,,0.223
AAHEHP8H,0,0,,,,Censored No Alarm,0,0,0,0,0,1,0.0006323365960270166,,2019-05-27,,0.223
AAHEHRSH,0,0,,,,Censored No Alarm,0,0,0,0,0,1,0.00026098021771758795,,2019-05-27,,0.223
AAHEHS0H,0,0,,,,Censored No Alarm,0,0,0,0,0,1,0.00019857820007018745,,2019-05-27,,0.223
AAHEHTDH,0,0,,,,Censored No Alarm,0,0,0,0,0,1,0.00030406491714529693,,2019-05-27,,0.223
AAHEHTNH,0,0,,,,Censored No Alarm,0,0,0,0,0,1,0.00025166236446239054,,2019-05-27,,0.223
AAHEHTPH,0,0,,,,Censored No Alarm,0,0,0,0,0,1,0.00026661233277991414,,2019-05-27,,0.223
AAHEHVUH,0,0,,,,Censored No Alarm,0,0,0,0,0,1,0.0002982674050144851,,2019-05-27,,0.223
AAHEHY7H,0,0,,,,Censored No Alarm,0,0,0,0,0,1,0.00023457199858967215,,2019-05-27,,0.223
AAHEHZ2H,0,0,,,,Censored No Alarm,0,0,0,0,0,1,0.0003027752973139286,,2019-05-27,,0.223
AAHEHZPH,0,0,,,,Censored No Alarm,0,0,0,0,0,1,0.00025675955112092197,,2019-05-27,,0.223
AAHEHZXH,0,0,,,,Censored No Alarm,0,0,0,0,0,1,0.0004152276669628918,,2019-05-27,,0.223
AAHEJ43H,0,0,,,,Censored No Alarm,0,0,0,0,0,1,0.00030297081684693694,,2019-05-27,,0.223
AAHEJ4KH,0,0,,,,Censored No Alarm,0,0,0,0,0,1,0.0002468355232849717,,2019-05-27,,0.223
AAHEJ76H,0,0,,,,Censored No Alarm,0,0,0,0,0,1,0.0002587903290987015,,2019-05-27,,0.223
AAHEJDXH,0,0,,,,Censored No Alarm,0,0,0,0,0,1,0.0012850912753492594,,2019-05-27,,0.223
AAHEJE4H,0,0,,,,Censored No Alarm,0,0,0,0,0,1,0.00026525583234615624,,2019-05-27,,0.223
AAHEJHKH,0,0,,,,Censored No Alarm,0,0,0,0,0,1,0.00019907852401956916,,2019-05-27,,0.223
AAHGYKJH,1,0,,2024-07-24,,Missed,0,0,0,0,1,0,0.012489235028624535,,2019-08-13,,0.223
AAHH59AH,0,0,,,,Censored No Alarm,0,0,0,0,0,1,0.0004908686387352645,,2019-08-14,,0.223
AAHHAXAH,0,0,,,,Censored No Alarm,0,0,0,0,0,1,0.0002663516497705132,,2019-08-13,,0.223
AAHHXJ2H,0,0,,,,Censored No Alarm,0,0,0,0,0,1,0.004653439857065678,,2019-08-13,,0.223
AAHJG5XH,0,0,,,,Censored No Alarm,0,0,0,0,0,1,0.0008614439284428954,,2019-08-14,,0.223
AAHJP8BH,0,0,,,,Censored No Alarm,0,0,0,0,0,1,0.03366456553339958,,2019-06-01,,0.223
AAHK5PUH,0,0,,,,Censored No Alarm,0,0,0,0,0,1,0.0025648102164268494,,2019-06-01,,0.223
AAHK8NRH,0,0,,,,Censored No Alarm,0,0,0,0,0,1,0.003066526260226965,,2019-08-13,,0.223
AAHKERJH,1,0,,2026-01-13,,Missed,0,0,0,0,1,0,0.05258646979928017,,2019-08-13,,0.223
AAHKKR8H,0,0,,,,Censored No Alarm,0,0,0,0,0,1,0.0022516564931720495,,2019-08-14,,0.223
AAHKLDKH,0,0,,,,Censored No Alarm,0,0,0,0,0,1,0.00043940788600593805,,2019-06-01,,0.223
AAHKM55H,1,0,,2025-03-25,,Missed,0,0,0,0,1,0,0.0535721592605114,,2019-08-14,,0.223
AAHKMW2H,1,0,,2022-01-12,,Missed,0,0,0,0,1,0,0.0007470769924111664,,2019-06-01,,0.223
AAHKS17H,1,0,,2025-07-07,,Missed,0,0,0,0,1,0,0.08544270694255829,,2019-06-01,,0.223
AAHKWLAH,0,0,,,,Censored No Alarm,0,0,0,0,0,1,0.07412806898355484,,2019-08-14,,0.223
AAHKX43H,1,0,,2019-11-25,,Missed,0,0,0,0,1,0,0.046166520565748215,,2019-08-14,,0.223
AAHKXKYH,0,0,,,,Censored No Alarm,0,0,0,0,0,1,0.040445417165756226,,2019-08-13,,0.223
AAHKXLYH,0,0,,,,Censored No Alarm,0,0,0,0,0,1,0.0005976477405056357,,2019-08-14,,0.223
AAHKXNHH,0,0,,,,Censored No Alarm,0,0,0,0,0,1,0.020826561376452446,,2019-08-14,,0.223
AAHKXZ7H,0,0,,,,Censored No Alarm,0,0,0,0,0,1,0.0002567367919255048,,2019-08-14,,0.223
AAHKYETH,0,0,,,,Censored No Alarm,0,0,0,0,0,1,0.001034690998494625,,2019-05-16,,0.223
AAHL0PKH,0,0,,,,Censored No Alarm,0,0,0,0,0,1,0.0016736334655433893,,2019-08-13,,0.223
AAHL0TLH,0,0,,,,Censored No Alarm,0,0,0,0,0,1,0.018048910424113274,,2019-06-01,,0.223
AAHL4K8H,0,0,,,,Censored No Alarm,0,0,0,0,0,1,0.0020557588431984186,,2019-05-16,,0.223
AAHL5LRH,1,0,,2024-09-01,,Missed,0,0,0,0,1,0,0.12331413477659225,,2019-08-13,,0.223
AAHL9A9H,0,0,,,,Censored No Alarm,0,0,0,0,0,1,0.1589871346950531,,2019-08-13,,0.223
AAHL9XJH,0,0,,,,Censored No Alarm,0,0,0,0,0,1,0.013271477073431015,,2019-08-14,,0.223
AAHL9XLH,0,0,,,,Censored No Alarm,0,0,0,0,0,1,0.006045487709343433,,2019-08-14,,0.223
AAHL9Y3H,0,0,,,,Censored No Alarm,0,0,0,0,0,1,0.0002902040141634643,,2019-08-14,,0.223
AAHL9YAH,0,0,,,,Censored No Alarm,0,0,0,0,0,1,0.00026696434360928833,,2019-08-14,,0.223
AAHL9ZYH,0,0,,,,Censored No Alarm,0,0,0,0,0,1,0.00045139732537791133,,2019-08-14,,0.223
AAHLBTZH,1,0,,2025-07-26,,Missed,0,0,0,0,1,0,0.1664137840270996,,2019-08-14,,0.223
AAHLBWGH,1,1,2025-08-30,2025-08-30,0.0,On time,1,0,0,0,0,0,0.5297669172286987,0.5297669172286987,2019-08-14,2208.0,0.223
AAHLBWSH,1,0,,2023-12-11,,Missed,0,0,0,0,1,0,0.0921194851398468,,2019-08-13,,0.223
AAHLBXVH,0,0,,,,Censored No Alarm,0,0,0,0,0,1,0.03883589059114456,,2019-08-14,,0.223
AAHLD3UH,1,0,,2025-03-11,,Missed,0,0,0,0,1,0,0.08620793372392654,,2019-08-13,,0.223
AAHLS5JH,0,0,,,,Censored No Alarm,0,0,0,0,0,1,0.001146916882134974,,2019-05-16,,0.223
AAHLS7ZH,0,0,,,,Censored No Alarm,0,0,0,0,0,1,0.00041481107473373413,,2019-05-16,,0.223
AAHLS8YH,0,0,,,,Censored No Alarm,0,0,0,0,0,1,0.007286034524440765,,2019-05-16,,0.223
AAHLS9UH,0,0,,,,Censored No Alarm,0,0,0,0,0,1,0.0009181389468722045,,2019-05-16,,0.223
AAHLV30H,0,0,,,,Censored No Alarm,0,0,0,0,0,1,0.00042526834295131266,,2019-05-16,,0.223
AAHLV40H,1,0,,2019-08-05,,Missed,0,0,0,0,1,0,0.07106748223304749,,2019-05-16,,0.223
AAHLV47H,0,0,,,,Censored No Alarm,0,0,0,0,0,1,0.0008835626067593694,,2019-05-16,,0.223
AAHLVTVH,0,0,,,,Censored No Alarm,0,0,0,0,0,1,0.00031755599775351584,,2019-05-27,,0.223
AAHLWE3H,0,0,,,,Censored No Alarm,0,0,0,0,0,1,0.0002887655282393098,,2019-05-27,,0.223
AAHLWKXH,0,0,,,,Censored No Alarm,0,0,0,0,0,1,0.0005072808125987649,,2019-05-16,,0.223
AAHLWM3H,0,0,,,,Censored No Alarm,0,0,0,0,0,1,0.0007104858523234725,,2019-05-27,,0.223
AAHLXJ1H,0,0,,,,Censored No Alarm,0,0,0,0,0,1,0.11810965836048126,,2019-05-04,,0.223
AAHLXJ9H,0,0,,,,Censored No Alarm,0,0,0,0,0,1,0.0007461184868589044,,2019-05-04,,0.223
AAHLXL5H,0,0,,,,Censored No Alarm,0,0,0,0,0,1,0.001782234525308013,,2019-08-13,,0.223
AAHLXTXH,0,0,,,,Censored No Alarm,0,0,0,0,0,1,0.04448274150490761,,2019-05-16,,0.223
AAHLY01H,0,0,,,,Censored No Alarm,0,0,0,0,0,1,0.00020698811567854136,,2019-05-27,,0.223
AAHLY04H,0,0,,,,Censored No Alarm,0,0,0,0,0,1,0.000445728626800701,,2019-05-04,,0.223
AAHLY2TH,0,0,,,,Censored No Alarm,0,0,0,0,0,1,0.0005465290741994977,,2019-05-27,,0.223
AAHLY31H,1,0,,2025-07-25,,Missed,0,0,0,0,1,0,0.20596171915531158,,2019-08-13,,0.223
AAHLYJRH,0,0,,,,Censored No Alarm,0,0,0,0,0,1,0.0005234834970906377,,2019-05-27,,0.223
AAHLYY6H,0,0,,,,Censored No Alarm,0,0,0,0,0,1,0.0009514345438219607,,2019-05-16,,0.223
AAHM227H,0,0,,,,Censored No Alarm,0,0,0,0,0,1,0.0017720911419019103,,2019-08-13,,0.223
AAHM4E6H,0,0,,,,Censored No Alarm,0,0,0,0,0,1,0.0004408268432598561,,2019-05-27,,0.223
AAHM4HSH,0,0,,,,Censored No Alarm,0,0,0,0,0,1,0.0007558419019915164,,2019-05-04,,0.223
AAHM4KJH,0,0,,,,Censored No Alarm,0,0,0,0,0,1,0.0006569554680027068,,2019-08-13,,0.223
AAHM4S6H,0,0,,,,Censored No Alarm,0,0,0,0,0,1,0.0004233474319335073,,2019-05-04,,0.223
AAHM4S8H,0,0,,,,Censored No Alarm,0,0,0,0,0,1,0.0007187190931290388,,2019-05-04,,0.223
AAHM4SSH,0,0,,,,Censored No Alarm,0,0,0,0,0,1,0.0006610082346014678,,2019-05-04,,0.223
AAHM4T2H,0,0,,,,Censored No Alarm,0,0,0,0,0,1,0.0007212661439552903,,2019-05-04,,0.223
AAHM4T6H,0,0,,,,Censored No Alarm,0,0,0,0,0,1,0.0003442538727540523,,2019-08-13,,0.223
AAHM4TRH,0,0,,,,Censored No Alarm,0,0,0,0,0,1,0.00032195670064538717,,2019-08-13,,0.223
AAHM4UYH,0,0,,,,Censored No Alarm,0,0,0,0,0,1,0.0008168676868081093,,2019-05-04,,0.223
AAHM4WBH,0,0,,,,Censored No Alarm,0,0,0,0,0,1,0.0003654816246125847,,2019-05-16,,0.223
AAHM4WEH,0,0,,,,Censored No Alarm,0,0,0,0,0,1,0.0007197287632152438,,2019-05-04,,0.223
AAHM4XGH,0,0,,,,Censored No Alarm,0,0,0,0,0,1,0.0012682260712608695,,2019-08-14,,0.223
AAHM5Z4H,0,0,,,,Censored No Alarm,0,0,0,0,0,1,0.000445044890511781,,2019-05-04,,0.223
AAHM5Z9H,0,0,,,,Censored No Alarm,0,0,0,0,0,1,0.013765462674200535,,2019-05-04,,0.223
AAHM5ZHH,0,0,,,,Censored No Alarm,0,0,0,0,0,1,0.00040139397606253624,,2019-05-04,,0.223
AAHMD6GH,0,0,,,,Censored No Alarm,0,0,0,0,0,1,0.0005669441306963563,,2019-05-04,,0.223
AAHME7KH,0,0,,,,Censored No Alarm,0,0,0,0,0,1,0.0022619941737502813,,2019-05-16,,0.223
AAHMGV8H,0,0,,,,Censored No Alarm,0,0,0,0,0,1,0.0002228457888122648,,2019-05-27,,0.223
AAHMH4LH,0,0,,,,Censored No Alarm,0,0,0,0,0,1,0.0004247811157256365,,2019-05-04,,0.223
AAHML65H,0,0,,,,Censored No Alarm,0,0,0,0,0,1,0.0014966917224228382,,2019-05-16,,0.223
AAHMN38H,0,0,,,,Censored No Alarm,0,0,0,0,0,1,0.0014944964786991477,,2019-05-16,,0.223
AAHMR03H,1,0,,2025-11-26,,Missed,0,0,0,0,1,0,0.1234666109085083,,2019-05-16,,0.223
AAHMR2ZH,1,0,,2024-01-31,,Missed,0,0,0,0,1,0,0.0013479411136358976,,2019-05-16,,0.223
AAHMSNRH,0,0,,,,Censored No Alarm,0,0,0,0,0,1,0.0013194248313084245,,2019-05-16,,0.223
AAHMUYLH,0,0,,,,Censored No Alarm,0,0,0,0,0,1,0.0016614809865131974,,2019-05-16,,0.223
AAHMW6RH,0,0,,,,Censored No Alarm,0,0,0,0,0,1,0.001797687727957964,,2019-05-16,,0.223
AAHMW7NH,0,0,,,,Censored No Alarm,0,0,0,0,0,1,0.0007836146396584809,,2019-05-16,,0.223
