serial_number,has_failed,alarm_triggered,first_alarm_date,actual_failure_date,days_to_failure_at_alarm,category,is_hit,is_fp_early,is_fp_cens,is_false_alarm,is_miss,is_correct_rejection,max_predicted_score,alarm_predicted_score,first_seen_date,days_since_observed,threshold_used
2AG61PSY,0,0,,,,Censored No Alarm,0,0,0,0,0,1,0.0007178778760135174,,2019-05-27,,0.131
2AG8AVRY,0,0,,,,Censored No Alarm,0,0,0,0,0,1,0.0018176967278122902,,2019-08-14,,0.131
2AGEGU7Y,0,0,,,,Censored No Alarm,0,0,0,0,0,1,0.002020019106566906,,2019-05-27,,0.131
2AGEU1JY,0,1,2025-05-19,,,Censored Early,0,0,1,1,0,0,0.23485338687896729,0.17831599712371826,2019-06-01,2179.0,0.131
2AGG48NY,0,0,,,,Censored No Alarm,0,0,0,0,0,1,0.0004076415207237005,,2019-05-27,,0.131
2AGG7H1Y,0,0,,,,Censored No Alarm,0,0,0,0,0,1,0.0005711874691769481,,2019-05-27,,0.131
2AGGHGJY,1,1,2024-10-24,2024-11-19,26.0,On time,1,0,0,0,0,0,0.23873746395111084,0.13470147550106049,2019-05-16,1988.0,0.131
2AGGHLEY,0,0,,,,Censored No Alarm,0,0,0,0,0,1,0.001120635075494647,,2019-06-01,,0.131
2AGGHM0Y,0,0,,,,Censored No Alarm,0,0,0,0,0,1,0.0005307826795615256,,2019-05-27,,0.131
2AGGHMUY,0,0,,,,Censored No Alarm,0,0,0,0,0,1,0.0033128319773823023,,2019-05-16,,0.131
2AGGHR1Y,0,0,,,,Censored No Alarm,0,0,0,0,0,1,0.006359760649502277,,2019-05-27,,0.131
2AGGHR7Y,0,0,,,,Censored No Alarm,0,0,0,0,0,1,0.0005997607368044555,,2019-05-27,,0.131
2AGGL0UY,1,1,2022-02-25,2022-02-27,2.0,On time,1,0,0,0,0,0,0.385100394487381,0.15171831846237183,2019-05-27,1005.0,0.131
2AGGR3NY,0,0,,,,Censored No Alarm,0,0,0,0,0,1,0.021841494366526604,,2019-05-27,,0.131
2AGGZNJY,0,0,,,,Censored No Alarm,0,0,0,0,0,1,0.002229600679129362,,2019-05-27,,0.131
2AGH31BY,1,0,,2023-11-01,,Missed,0,0,0,0,1,0,0.0690721869468689,,2019-05-27,,0.131
2AGH31PY,1,0,,2024-11-18,,Missed,0,0,0,0,1,0,0.05554046481847763,,2019-05-27,,0.131
2AGH33SY,1,1,2025-03-01,2025-05-08,68.0,Early,0,1,0,1,0,0,0.2902786135673523,0.18692874908447266,2019-05-27,2105.0,0.131
2AGH34HY,0,0,,,,Censored No Alarm,0,0,0,0,0,1,0.06405053287744522,,2019-05-27,,0.131
2AGH34PY,0,0,,,,Censored No Alarm,0,0,0,0,0,1,0.001741034328006208,,2019-05-27,,0.131
2AGH35GY,0,0,,,,Censored No Alarm,0,0,0,0,0,1,0.0007676215027458966,,2019-05-27,,0.131
2AGHB9XY,1,0,,2024-12-02,,Missed,0,0,0,0,1,0,0.03441271185874939,,2019-05-27,,0.131
2AGHDYHY,0,0,,,,Censored No Alarm,0,0,0,0,0,1,0.002066900720819831,,2019-05-27,,0.131
2AGHEP9Y,1,0,,2024-07-26,,Missed,0,0,0,0,1,0,0.020277848467230797,,2019-05-27,,0.131
2AGHGR1Y,0,0,,,,Censored No Alarm,0,0,0,0,0,1,0.0017382377991452813,,2019-05-27,,0.131
2AGHGRLY,0,0,,,,Censored No Alarm,0,0,0,0,0,1,0.0005985127645544708,,2019-05-27,,0.131
2AGHGRRY,0,0,,,,Censored No Alarm,0,0,0,0,0,1,0.0010564251570031047,,2019-05-27,,0.131
2AGHJD4Y,0,1,2025-09-04,,,Censored Early,0,0,1,1,0,0,0.15011803805828094,0.15011803805828094,2019-06-01,2287.0,0.131
2AGHK55Y,0,0,,,,Censored No Alarm,0,0,0,0,0,1,0.0006788940518163145,,2019-05-27,,0.131
2AGHK8MY,0,0,,,,Censored No Alarm,0,0,0,0,0,1,0.0008072135969996452,,2019-05-27,,0.131
2AGHLEUY,1,0,,2023-11-06,,Missed,0,0,0,0,1,0,0.029942071065306664,,2019-05-27,,0.131
2AGHLGTY,1,1,2025-02-28,2025-08-05,158.0,Early,0,1,0,1,0,0,0.1731022447347641,0.15786750614643097,2019-05-27,2104.0,0.131
2AGHLKHY,0,0,,,,Censored No Alarm,0,0,0,0,0,1,0.001770715112797916,,2019-05-27,,0.131
2AGHLMXY,0,0,,,,Censored No Alarm,0,0,0,0,0,1,0.0012560263276100159,,2019-05-27,,0.131
2AGHLN0Y,0,0,,,,Censored No Alarm,0,0,0,0,0,1,0.0010486225364729762,,2019-05-27,,0.131
2AGHMUTY,0,0,,,,Censored No Alarm,0,0,0,0,0,1,0.0006828415207564831,,2019-05-27,,0.131
2AGHMUYY,0,0,,,,Censored No Alarm,0,0,0,0,0,1,0.0029537316877394915,,2019-06-01,,0.131
2AGHMW5Y,0,0,,,,Censored No Alarm,0,0,0,0,0,1,0.033873140811920166,,2019-05-27,,0.131
2AGHMXGY,1,0,,2023-05-14,,Missed,0,0,0,0,1,0,0.013069861568510532,,2019-05-27,,0.131
2AGHMYTY,0,0,,,,Censored No Alarm,0,0,0,0,0,1,0.05520515516400337,,2019-05-27,,0.131
2AGHMZMY,0,0,,,,Censored No Alarm,0,0,0,0,0,1,0.0006627640686929226,,2019-05-27,,0.131
2AGHN0TY,1,1,2020-09-14,2020-10-22,38.0,Early,0,1,0,1,0,0,0.38645681738853455,0.14203600585460663,2019-05-27,476.0,0.131
2AGHN0WY,0,0,,,,Censored No Alarm,0,0,0,0,0,1,0.0030182076152414083,,2019-05-27,,0.131
2AGHN16Y,0,0,,,,Censored No Alarm,0,0,0,0,0,1,0.0015633405419066548,,2019-05-27,,0.131
2AGHN2AY,0,0,,,,Censored No Alarm,0,0,0,0,0,1,0.000517756852786988,,2019-05-27,,0.131
2AGHN3XY,0,0,,,,Censored No Alarm,0,0,0,0,0,1,0.0020117037929594517,,2019-05-27,,0.131
2AGHPDKY,0,0,,,,Censored No Alarm,0,0,0,0,0,1,0.0007531752344220877,,2019-05-27,,0.131
2AGHSJ4Y,0,0,,,,Censored No Alarm,0,0,0,0,0,1,0.0004479826020542532,,2019-05-27,,0.131
2AGHSS9Y,0,0,,,,Censored No Alarm,0,0,0,0,0,1,0.0013071956345811486,,2019-05-27,,0.131
2AGHTBYY,1,1,2023-09-15,2025-01-25,498.0,Early,0,1,0,1,0,0,0.4122845232486725,0.17115263640880585,2019-05-27,1572.0,0.131
2AGHTGEY,1,0,,2023-03-14,,Missed,0,0,0,0,1,0,0.12498587369918823,,2019-05-27,,0.131
2AGHTKBY,0,0,,,,Censored No Alarm,0,0,0,0,0,1,0.013936622999608517,,2019-05-27,,0.131
2AGLY65Y,1,0,,2023-11-20,,Missed,0,0,0,0,1,0,0.019341833889484406,,2019-08-13,,0.131
2AGM231Y,0,0,,,,Censored No Alarm,0,0,0,0,0,1,0.0045569827780127525,,2019-05-04,,0.131
2AGM23NY,0,0,,,,Censored No Alarm,0,0,0,0,0,1,0.005127351731061935,,2019-05-04,,0.131
2AGM5UVY,0,0,,,,Censored No Alarm,0,0,0,0,0,1,0.09827453643083572,,2019-05-16,,0.131
2AGM5V7Y,1,1,2024-12-22,2025-12-05,348.0,Early,0,1,0,1,0,0,0.3276257812976837,0.24595309793949127,2019-05-16,2047.0,0.131
2AGM5VBY,0,0,,,,Censored No Alarm,0,0,0,0,0,1,0.08694426715373993,,2019-05-16,,0.131
2AGM5VHY,1,0,,2025-01-18,,Missed,0,0,0,0,1,0,0.014309637248516083,,2019-08-14,,0.131
2AGM5W9Y,1,0,,2025-01-16,,Missed,0,0,0,0,1,0,0.05223681777715683,,2019-05-16,,0.131
2AGM5YEY,0,0,,,,Censored No Alarm,0,0,0,0,0,1,0.010472693480551243,,2019-05-04,,0.131
2AGM8EMY,1,0,,2024-10-29,,Missed,0,0,0,0,1,0,0.09333441406488419,,2019-05-16,,0.131
2AGM8EUY,0,0,,,,Censored No Alarm,0,0,0,0,0,1,0.001050423365086317,,2019-05-27,,0.131
2AGM8J2Y,0,0,,,,Censored No Alarm,0,0,0,0,0,1,0.004402064252644777,,2019-05-16,,0.131
2AGM8JAY,0,0,,,,Censored No Alarm,0,0,0,0,0,1,0.00248765479773283,,2019-05-16,,0.131
2AGM8LNY,0,1,2024-10-22,,,Censored Early,0,0,1,1,0,0,0.267171710729599,0.18184293806552887,2019-05-04,1998.0,0.131
2AGM8RJY,0,0,,,,Censored No Alarm,0,0,0,0,0,1,0.016424510627985,,2019-08-13,,0.131
2AGM8RTY,0,0,,,,Censored No Alarm,0,0,0,0,0,1,0.037208907306194305,,2019-05-16,,0.131
2AGM8UNY,1,1,2025-10-18,2026-03-12,145.0,Early,0,1,0,1,0,0,0.3789350092411041,0.1458725780248642,2019-08-13,2258.0,0.131
2AGM8V7Y,0,0,,,,Censored No Alarm,0,0,0,0,0,1,0.003952872008085251,,2019-05-16,,0.131
2AGM9MXY,1,0,,2025-09-21,,Missed,0,0,0,0,1,0,0.03461986035108566,,2019-05-04,,0.131
2AGM9PJY,0,0,,,,Censored No Alarm,0,0,0,0,0,1,0.08736570179462433,,2019-05-04,,0.131
2AGM9RGY,1,0,,2022-12-23,,Missed,0,0,0,0,1,0,0.0017234784318134189,,2019-05-16,,0.131
2AGM9S6Y,0,0,,,,Censored No Alarm,0,0,0,0,0,1,0.009668244048953056,,2019-05-16,,0.131
2AGM9SDY,0,0,,,,Censored No Alarm,0,0,0,0,0,1,0.003204375971108675,,2019-05-04,,0.131
2AGM9U1Y,0,0,,,,Censored No Alarm,0,0,0,0,0,1,0.0025121313519775867,,2019-05-16,,0.131
2AGMDJKY,0,0,,,,Censored No Alarm,0,0,0,0,0,1,0.004795487970113754,,2019-05-04,,0.131
2AGMDUAY,1,0,,2023-02-04,,Missed,0,0,0,0,1,0,0.019766131415963173,,2019-05-16,,0.131
2AGMDY1Y,0,0,,,,Censored No Alarm,0,0,0,0,0,1,0.024807434529066086,,2019-08-14,,0.131
2AGME0XY,1,1,2024-01-17,2024-05-29,133.0,Early,0,1,0,1,0,0,0.18841907382011414,0.1718989461660385,2019-05-16,1707.0,0.131
2AGME3BY,0,0,,,,Censored No Alarm,0,0,0,0,0,1,0.009195560589432716,,2019-05-16,,0.131
2AGME9PY,1,1,2024-08-06,2024-08-06,0.0,On time,1,0,0,0,0,0,0.13361142575740814,0.13361142575740814,2019-08-13,1820.0,0.131
2AGMGAYY,0,0,,,,Censored No Alarm,0,0,0,0,0,1,0.005657188128679991,,2019-05-16,,0.131
2AGMGDPY,0,0,,,,Censored No Alarm,0,0,0,0,0,1,0.0024625526275485754,,2019-08-13,,0.131
2AGMGKLY,0,0,,,,Censored No Alarm,0,0,0,0,0,1,0.0005348375998437405,,2019-08-13,,0.131
2AGMGXEY,0,0,,,,Censored No Alarm,0,0,0,0,0,1,0.0006199937779456377,,2019-08-14,,0.131
2AGMH2YY,1,0,,2024-12-10,,Missed,0,0,0,0,1,0,0.08822620660066605,,2019-05-16,,0.131
2AGMH3JY,0,0,,,,Censored No Alarm,0,0,0,0,0,1,0.0027637213934212923,,2019-05-16,,0.131
2AGMHK6Y,0,0,,,,Censored No Alarm,0,0,0,0,0,1,0.014455920085310936,,2019-05-04,,0.131
2AGMHPEY,1,0,,2024-06-25,,Missed,0,0,0,0,1,0,0.01607985608279705,,2019-06-01,,0.131
2AGMHRYY,1,1,2024-03-14,2024-05-16,63.0,Early,0,1,0,1,0,0,0.191389799118042,0.15158385038375854,2019-05-16,1764.0,0.131
2AGMHTLY,0,0,,,,Censored No Alarm,0,0,0,0,0,1,0.0045061418786644936,,2019-05-04,,0.131
2AGMHU7Y,1,0,,2024-07-08,,Missed,0,0,0,0,1,0,0.015223924070596695,,2019-05-04,,0.131
2AGMHVTY,0,0,,,,Censored No Alarm,0,0,0,0,0,1,0.001924203708767891,,2019-05-16,,0.131
2AGMHWAY,1,1,2023-03-25,2023-09-22,181.0,Early,0,1,0,1,0,0,0.2222210019826889,0.17930598556995392,2019-08-14,1319.0,0.131
2AGMHXDY,1,1,2025-05-29,2025-06-02,4.0,On time,1,0,0,0,0,0,0.23412728309631348,0.1375991851091385,2019-08-13,2116.0,0.131
2AGMHY3Y,1,0,,2025-11-18,,Missed,0,0,0,0,1,0,0.01771404780447483,,2019-08-14,,0.131
2AGMHY5Y,0,0,,,,Censored No Alarm,0,0,0,0,0,1,0.0010752691887319088,,2019-08-13,,0.131
2AGMJ35Y,0,0,,,,Censored No Alarm,0,0,0,0,0,1,0.004528592806309462,,2019-05-04,,0.131
2AGMJ3JY,0,0,,,,Censored No Alarm,0,0,0,0,0,1,0.004330111667513847,,2019-05-16,,0.131
2AGMJ3TY,0,0,,,,Censored No Alarm,0,0,0,0,0,1,0.0011116305831819773,,2019-08-14,,0.131
2AGMJ47Y,0,0,,,,Censored No Alarm,0,0,0,0,0,1,0.000885487999767065,,2019-06-01,,0.131
2AGMJ5BY,1,0,,2021-05-03,,Missed,0,0,0,0,1,0,0.0006437144475057721,,2019-05-04,,0.131
2AGMKV4Y,1,1,2025-12-13,2026-01-28,46.0,Early,0,1,0,1,0,0,0.46656733751296997,0.13771890103816986,2019-05-04,2415.0,0.131
2AGMKVHY,1,0,,2023-05-06,,Missed,0,0,0,0,1,0,0.0660671666264534,,2019-08-13,,0.131
2AGMKVTY,1,0,,2024-12-04,,Missed,0,0,0,0,1,0,0.04210791736841202,,2019-08-14,,0.131
2AGMLMLY,0,0,,,,Censored No Alarm,0,0,0,0,0,1,0.07756581157445908,,2019-08-14,,0.131
2AGMLSZY,1,1,2020-07-18,2020-07-30,12.0,On time,1,0,0,0,0,0,0.6799256801605225,0.14353741705417633,2019-05-16,429.0,0.131
2AGMLT7Y,0,0,,,,Censored No Alarm,0,0,0,0,0,1,0.017963938415050507,,2019-05-16,,0.131
2AGMLWNY,0,0,,,,Censored No Alarm,0,0,0,0,0,1,0.05490613356232643,,2019-08-14,,0.131
2AGMLZLY,1,1,2026-02-11,2026-02-11,0.0,On time,1,0,0,0,0,0,0.13415344059467316,0.13415344059467316,2019-05-16,2463.0,0.131
2AGMM0UY,0,1,2020-01-21,,,Censored Early,0,0,1,1,0,0,0.33211004734039307,0.1349460333585739,2019-05-16,250.0,0.131
2AGMMNKY,0,0,,,,Censored No Alarm,0,0,0,0,0,1,0.02836657129228115,,2019-06-01,,0.131
2AGMMU1Y,0,0,,,,Censored No Alarm,0,0,0,0,0,1,0.0019506958778947592,,2019-05-16,,0.131
2AGMMU4Y,0,0,,,,Censored No Alarm,0,0,0,0,0,1,0.0013207298470661044,,2019-08-14,,0.131
2AGMNB7Y,1,0,,2023-03-30,,Missed,0,0,0,0,1,0,0.10348807275295258,,2019-05-16,,0.131
2AGMNBEY,0,0,,,,Censored No Alarm,0,0,0,0,0,1,0.0024364173877984285,,2019-05-16,,0.131
2AGMND4Y,1,1,2025-10-11,2025-10-27,16.0,On time,1,0,0,0,0,0,0.5018280744552612,0.14458993077278137,2019-05-04,2352.0,0.131
2AGMNE1Y,1,1,2025-06-29,2025-11-26,150.0,Early,0,1,0,1,0,0,0.6711651086807251,0.13661698997020721,2019-05-16,2236.0,0.131
2AGMNEBY,1,0,,2024-08-05,,Missed,0,0,0,0,1,0,0.11662997305393219,,2019-05-04,,0.131
2AGMNG0Y,0,1,2024-05-06,,,Censored Early,0,0,1,1,0,0,0.17901723086833954,0.151258647441864,2019-05-16,1817.0,0.131
2AGMNJKY,1,1,2024-01-24,2025-09-29,614.0,Early,0,1,0,1,0,0,0.3502820134162903,0.14960862696170807,2019-05-16,1714.0,0.131
2AGMNM8Y,0,0,,,,Censored No Alarm,0,0,0,0,0,1,0.03229160234332085,,2019-08-14,,0.131
2AGMNMWY,1,0,,2023-05-10,,Missed,0,0,0,0,1,0,0.05977043882012367,,2019-05-16,,0.131
2AGMNTXY,0,0,,,,Censored No Alarm,0,0,0,0,0,1,0.0034292389173060656,,2019-05-16,,0.131
2AGMNUVY,0,0,,,,Censored No Alarm,0,0,0,0,0,1,0.004445101134479046,,2019-05-04,,0.131
2AGMNWBY,0,0,,,,Censored No Alarm,0,0,0,0,0,1,0.0006904644542373717,,2019-08-13,,0.131
2AGMNXRY,0,0,,,,Censored No Alarm,0,0,0,0,0,1,0.06246209144592285,,2019-08-13,,0.131
2AGMP7ZY,0,0,,,,Censored No Alarm,0,0,0,0,0,1,0.0012595201842486858,,2019-08-14,,0.131
2AGMPBWY,0,0,,,,Censored No Alarm,0,0,0,0,0,1,0.04825088009238243,,2019-05-16,,0.131
2AGMPD8Y,1,0,,2023-11-21,,Missed,0,0,0,0,1,0,0.0003137040475849062,,2019-08-13,,0.131
2AGMPK3Y,0,0,,,,Censored No Alarm,0,0,0,0,0,1,0.01857711561024189,,2019-05-04,,0.131
2AGMPL7Y,1,0,,2025-02-27,,Missed,0,0,0,0,1,0,0.07779780775308609,,2019-05-16,,0.131
2AGMPP1Y,0,0,,,,Censored No Alarm,0,0,0,0,0,1,0.00574935507029295,,2019-05-16,,0.131
2AGMPP4Y,1,1,2025-01-09,2025-09-23,257.0,Early,0,1,0,1,0,0,0.3515751361846924,0.1389467865228653,2019-05-16,2065.0,0.131
2AGMPPGY,0,0,,,,Censored No Alarm,0,0,0,0,0,1,0.0033881438430398703,,2019-05-16,,0.131
2AGMPSSY,0,0,,,,Censored No Alarm,0,0,0,0,0,1,0.002316864673048258,,2019-05-16,,0.131
2AGMPT2Y,0,0,,,,Censored No Alarm,0,0,0,0,0,1,0.0025263146962970495,,2019-05-16,,0.131
2AGMPZ8Y,0,0,,,,Censored No Alarm,0,0,0,0,0,1,0.0010461938800290227,,2019-08-14,,0.131
2AGMS6PY,0,0,,,,Censored No Alarm,0,0,0,0,0,1,0.000477037625387311,,2019-08-14,,0.131
2AGMSHHY,1,0,,2022-08-12,,Missed,0,0,0,0,1,0,0.0006553183775395155,,2019-05-04,,0.131
2AGMTK0Y,1,1,2025-08-30,2025-08-30,0.0,On time,1,0,0,0,0,0,0.3478832542896271,0.3478832542896271,2019-05-16,2298.0,0.131
2AGMTL0Y,1,0,,2023-04-17,,Missed,0,0,0,0,1,0,0.001246411819010973,,2019-05-04,,0.131
2AGMTXAY,0,0,,,,Censored No Alarm,0,0,0,0,0,1,0.0007188486633822322,,2019-08-13,,0.131
2AGMUBMY,0,0,,,,Censored No Alarm,0,0,0,0,0,1,0.0011080523254349828,,2019-06-01,,0.131
2AGMUBRY,1,0,,2024-08-04,,Missed,0,0,0,0,1,0,0.004430727101862431,,2019-08-13,,0.131
2AGMV9UY,0,0,,,,Censored No Alarm,0,0,0,0,0,1,0.000718745228368789,,2019-08-13,,0.131
2AGMVDDY,0,0,,,,Censored No Alarm,0,0,0,0,0,1,0.004029347561299801,,2019-05-16,,0.131
2AGMWHVY,1,0,,2024-07-19,,Missed,0,0,0,0,1,0,0.08524451404809952,,2019-05-16,,0.131
2AGMZLMY,1,1,2023-04-08,2023-05-16,38.0,Early,0,1,0,1,0,0,0.15302909910678864,0.13367705047130585,2019-08-13,1334.0,0.131
2AGN038Y,0,0,,,,Censored No Alarm,0,0,0,0,0,1,0.0012201284989714622,,2019-08-13,,0.131
2AGN03MY,0,0,,,,Censored No Alarm,0,0,0,0,0,1,0.0032339722383767366,,2019-08-13,,0.131
2AGN05MY,0,0,,,,Censored No Alarm,0,0,0,0,0,1,0.0012808887986466289,,2019-08-13,,0.131
2AGN071Y,0,0,,,,Censored No Alarm,0,0,0,0,0,1,0.002853059209883213,,2019-08-13,,0.131
2AGN07AY,0,0,,,,Censored No Alarm,0,0,0,0,0,1,0.0015839580446481705,,2019-08-14,,0.131
2AGN17RY,0,0,,,,Censored No Alarm,0,0,0,0,0,1,0.0005717640742659569,,2019-08-13,,0.131
2AGN1YNY,0,0,,,,Censored No Alarm,0,0,0,0,0,1,0.001512334798462689,,2019-08-14,,0.131
2AGN29AY,0,0,,,,Censored No Alarm,0,0,0,0,0,1,0.0007449768600054085,,2019-08-14,,0.131
2AGN43EY,0,0,,,,Censored No Alarm,0,0,0,0,0,1,0.06764744222164154,,2019-08-13,,0.131
2AGN5A3Y,0,0,,,,Censored No Alarm,0,0,0,0,0,1,0.0007984617259353399,,2019-06-01,,0.131
2AGN7GZY,0,0,,,,Censored No Alarm,0,0,0,0,0,1,0.0005090800696052611,,2019-08-13,,0.131
2AGN7XVY,0,0,,,,Censored No Alarm,0,0,0,0,0,1,0.0666406899690628,,2019-08-14,,0.131
2AGN7XYY,0,0,,,,Censored No Alarm,0,0,0,0,0,1,0.011450295336544514,,2019-05-27,,0.131
2AGN853Y,0,0,,,,Censored No Alarm,0,0,0,0,0,1,0.0010337741114199162,,2019-08-14,,0.131
2AGN8H9Y,0,0,,,,Censored No Alarm,0,0,0,0,0,1,0.0010574471671134233,,2019-08-14,,0.131
2AGN8Y9Y,0,0,,,,Censored No Alarm,0,0,0,0,0,1,0.014884352684020996,,2019-08-13,,0.131
2AGN8ZGY,0,0,,,,Censored No Alarm,0,0,0,0,0,1,0.0017068734159693122,,2019-06-01,,0.131
2AGN90RY,1,0,,2023-12-07,,Missed,0,0,0,0,1,0,0.05515965074300766,,2019-08-14,,0.131
2AGN9N4Y,1,1,2025-01-25,2025-03-06,40.0,Early,0,1,0,1,0,0,0.2924342751502991,0.13177786767482758,2019-08-13,1992.0,0.131
2AGNAK7Y,0,0,,,,Censored No Alarm,0,0,0,0,0,1,0.0009165525552816689,,2019-08-14,,0.131
2AGNAKGY,0,0,,,,Censored No Alarm,0,0,0,0,0,1,0.0011892748298123479,,2019-08-14,,0.131
2AGNAYKY,0,0,,,,Censored No Alarm,0,0,0,0,0,1,0.0013908876571804285,,2019-08-13,,0.131
2AGNBWPY,0,0,,,,Censored No Alarm,0,0,0,0,0,1,0.0011774774175137281,,2019-08-13,,0.131
2AGND0EY,0,0,,,,Censored No Alarm,0,0,0,0,0,1,0.024339813739061356,,2019-08-13,,0.131
2AGNEAHY,0,0,,,,Censored No Alarm,0,0,0,0,0,1,0.001599075272679329,,2019-08-13,,0.131
2AGNEK5Y,0,0,,,,Censored No Alarm,0,0,0,0,0,1,0.00767083466053009,,2019-08-14,,0.131
2AGNEN9Y,0,0,,,,Censored No Alarm,0,0,0,0,0,1,0.003488947171717882,,2019-08-14,,0.131
2AGNEREY,0,0,,,,Censored No Alarm,0,0,0,0,0,1,0.0067731342278420925,,2019-08-13,,0.131
2AGNGZPY,0,0,,,,Censored No Alarm,0,0,0,0,0,1,0.0021588574163615704,,2019-05-27,,0.131
2AGNJE2Y,0,0,,,,Censored No Alarm,0,0,0,0,0,1,0.0013721530558541417,,2019-06-01,,0.131
2AGNJG7Y,0,0,,,,Censored No Alarm,0,0,0,0,0,1,0.0017570856725797057,,2019-08-13,,0.131
2AGNJGHY,0,0,,,,Censored No Alarm,0,0,0,0,0,1,0.0021101036109030247,,2019-08-13,,0.131
2AGNJRYY,0,0,,,,Censored No Alarm,0,0,0,0,0,1,0.0008482387056574225,,2019-06-01,,0.131
2AGNJTAY,0,0,,,,Censored No Alarm,0,0,0,0,0,1,0.0014460909878835082,,2019-08-14,,0.131
2AGNJTRY,0,0,,,,Censored No Alarm,0,0,0,0,0,1,0.0009399953996762633,,2019-08-14,,0.131
2AGNKB9Y,1,0,,2023-11-29,,Missed,0,0,0,0,1,0,0.0006861109286546707,,2019-08-13,,0.131
2AGNKGXY,0,0,,,,Censored No Alarm,0,0,0,0,0,1,0.0011222989996895194,,2019-08-14,,0.131
2AGNKNJY,0,0,,,,Censored No Alarm,0,0,0,0,0,1,0.0009540219907648861,,2019-08-14,,0.131
2AGNKSPY,0,0,,,,Censored No Alarm,0,0,0,0,0,1,0.015460975468158722,,2019-08-14,,0.131
2AGNKV4Y,0,0,,,,Censored No Alarm,0,0,0,0,0,1,0.002763621509075165,,2019-08-13,,0.131
2AGNL61Y,0,0,,,,Censored No Alarm,0,0,0,0,0,1,0.003802792401984334,,2019-05-16,,0.131
2AGNNTHY,0,0,,,,Censored No Alarm,0,0,0,0,0,1,0.024840619415044785,,2019-05-16,,0.131
2AGNT47Y,0,0,,,,Censored No Alarm,0,0,0,0,0,1,0.0029053075704723597,,2019-05-16,,0.131
2AGP393Y,1,1,2019-08-09,2023-04-06,1336.0,Early,0,1,0,1,0,0,0.2908308804035187,0.15483923256397247,2019-06-01,69.0,0.131
2AGP43EY,1,0,,2024-09-01,,Missed,0,0,0,0,1,0,0.03385894373059273,,2019-05-16,,0.131
2AGP5EDY,0,0,,,,Censored No Alarm,0,0,0,0,0,1,0.0035181220155209303,,2019-05-16,,0.131
2AGP5GBY,0,0,,,,Censored No Alarm,0,0,0,0,0,1,0.0044077797792851925,,2019-05-16,,0.131
2AGP5J1Y,0,0,,,,Censored No Alarm,0,0,0,0,0,1,0.004430263768881559,,2019-05-16,,0.131
2AGP6TYY,0,0,,,,Censored No Alarm,0,0,0,0,0,1,0.004744933918118477,,2019-05-16,,0.131
2AGP6UBY,0,0,,,,Censored No Alarm,0,0,0,0,0,1,0.01420095469802618,,2019-05-16,,0.131
2AGP9W7Y,0,0,,,,Censored No Alarm,0,0,0,0,0,1,0.12963314354419708,,2019-05-16,,0.131
2AGPHHKY,0,0,,,,Censored No Alarm,0,0,0,0,0,1,0.0011975180823355913,,2019-06-01,,0.131
2AGPHHTY,0,0,,,,Censored No Alarm,0,0,0,0,0,1,0.0007263428997248411,,2019-06-01,,0.131
2AGPJAVY,0,0,,,,Censored No Alarm,0,0,0,0,0,1,0.00042414016206748784,,2019-05-27,,0.131
2AGPJBGY,0,0,,,,Censored No Alarm,0,0,0,0,0,1,0.00045839196536689997,,2019-05-27,,0.131
2AGPJBNY,0,0,,,,Censored No Alarm,0,0,0,0,0,1,0.0004178541712462902,,2019-05-27,,0.131
2AGPJE5Y,0,0,,,,Censored No Alarm,0,0,0,0,0,1,0.003641036106273532,,2019-05-16,,0.131
2AGPJGPY,1,1,2021-02-22,2021-02-22,0.0,On time,1,0,0,0,0,0,0.149949848651886,0.149949848651886,2019-05-16,648.0,0.131
2AGPJH1Y,1,0,,2024-08-11,,Missed,0,0,0,0,1,0,0.0678042322397232,,2019-05-16,,0.131
2AGPJHAY,0,0,,,,Censored No Alarm,0,0,0,0,0,1,0.0007929546409286559,,2019-08-13,,0.131
2AGPJHXY,0,0,,,,Censored No Alarm,0,0,0,0,0,1,0.0004716992552857846,,2019-05-27,,0.131
2AGPJL8Y,0,0,,,,Censored No Alarm,0,0,0,0,0,1,0.0023412180598825216,,2019-05-27,,0.131
2AGPJLWY,0,0,,,,Censored No Alarm,0,0,0,0,0,1,0.0007257782854139805,,2019-08-13,,0.131
2AGPJMRY,0,0,,,,Censored No Alarm,0,0,0,0,0,1,0.0010230517946183681,,2019-08-13,,0.131
2AGPJP0Y,0,0,,,,Censored No Alarm,0,0,0,0,0,1,0.0004184299614280462,,2019-05-27,,0.131
2AGPK9HY,0,0,,,,Censored No Alarm,0,0,0,0,0,1,0.002310228068381548,,2019-08-14,,0.131
2AGPKA3Y,0,0,,,,Censored No Alarm,0,0,0,0,0,1,0.012894639745354652,,2019-08-14,,0.131
2AGPKALY,0,0,,,,Censored No Alarm,0,0,0,0,0,1,0.0040683443658053875,,2019-05-16,,0.131
2AGPKARY,0,0,,,,Censored No Alarm,0,0,0,0,0,1,0.005094730295240879,,2019-05-16,,0.131
2AGPKB2Y,0,0,,,,Censored No Alarm,0,0,0,0,0,1,0.0005501817213371396,,2019-05-27,,0.131
2AGPKTUY,0,0,,,,Censored No Alarm,0,0,0,0,0,1,0.003930275794118643,,2019-05-16,,0.131
2AGPKVGY,0,0,,,,Censored No Alarm,0,0,0,0,0,1,0.004615864250808954,,2019-05-16,,0.131
2AGPKWNY,1,0,,2023-10-29,,Missed,0,0,0,0,1,0,0.06855107098817825,,2019-05-16,,0.131
2AGPKX4Y,0,0,,,,Censored No Alarm,0,0,0,0,0,1,0.024886706843972206,,2019-05-16,,0.131
2AGPL2YY,0,0,,,,Censored No Alarm,0,0,0,0,0,1,0.003548642620444298,,2019-05-16,,0.131
2AGPL4UY,0,0,,,,Censored No Alarm,0,0,0,0,0,1,0.004906192421913147,,2019-05-16,,0.131
2AGPL4ZY,0,0,,,,Censored No Alarm,0,0,0,0,0,1,0.0014950615586712956,,2019-05-27,,0.131
2AGPLSSY,0,0,,,,Censored No Alarm,0,0,0,0,0,1,0.00384713732637465,,2019-05-16,,0.131
2AGPMDVY,0,0,,,,Censored No Alarm,0,0,0,0,0,1,0.0004487617698032409,,2019-05-27,,0.131
2AGPMEPY,0,0,,,,Censored No Alarm,0,0,0,0,0,1,0.00472521735355258,,2019-05-16,,0.131
2AGPMGGY,0,0,,,,Censored No Alarm,0,0,0,0,0,1,0.010013310238718987,,2019-05-16,,0.131
2AGPMM3Y,0,0,,,,Censored No Alarm,0,0,0,0,0,1,0.0005578314303420484,,2019-05-27,,0.131
2AGPMN9Y,0,0,,,,Censored No Alarm,0,0,0,0,0,1,0.000644369050860405,,2019-05-27,,0.131
2AGPMRDY,0,0,,,,Censored No Alarm,0,0,0,0,0,1,0.0013057378819212317,,2019-05-27,,0.131
2AGPMY1Y,0,0,,,,Censored No Alarm,0,0,0,0,0,1,0.004193192347884178,,2019-05-16,,0.131
2AGPN6PY,0,0,,,,Censored No Alarm,0,0,0,0,0,1,0.05600281059741974,,2019-05-16,,0.131
2AGPPJAY,0,0,,,,Censored No Alarm,0,0,0,0,0,1,0.0051278527826070786,,2019-05-16,,0.131
2AGPPLLY,1,1,2023-10-24,2023-11-29,36.0,Early,0,1,0,1,0,0,0.16206879913806915,0.1362990438938141,2019-05-16,1622.0,0.131
2AGPR6YY,0,0,,,,Censored No Alarm,0,0,0,0,0,1,0.0020317856688052416,,2019-05-16,,0.131
2AGPR7RY,0,0,,,,Censored No Alarm,0,0,0,0,0,1,0.0031952126882970333,,2019-05-16,,0.131
2AGPR8EY,0,0,,,,Censored No Alarm,0,0,0,0,0,1,0.0021941785234957933,,2019-05-16,,0.131
2AGPRL8Y,0,0,,,,Censored No Alarm,0,0,0,0,0,1,0.0005934557993896306,,2019-05-27,,0.131
2AGPRMLY,1,0,,2026-03-26,,Missed,0,0,0,0,1,0,0.005606996361166239,,2019-08-13,,0.131
2AGPRMRY,1,0,,2024-08-12,,Missed,0,0,0,0,1,0,0.0016377066494897008,,2019-05-04,,0.131
2AGPRRJY,0,0,,,,Censored No Alarm,0,0,0,0,0,1,0.08773920685052872,,2019-05-04,,0.131
2AGPS2ZY,0,0,,,,Censored No Alarm,0,0,0,0,0,1,0.0034564360976219177,,2019-05-16,,0.131
2AGPSEDY,0,0,,,,Censored No Alarm,0,0,0,0,0,1,0.000850138661917299,,2019-05-27,,0.131
2AGPSG5Y,0,0,,,,Censored No Alarm,0,0,0,0,0,1,0.0019219978712499142,,2019-05-27,,0.131
2AGPSGKY,0,0,,,,Censored No Alarm,0,0,0,0,0,1,0.0006520930910483003,,2019-08-14,,0.131
2AGPSJKY,0,0,,,,Censored No Alarm,0,0,0,0,0,1,0.0008437558426521719,,2019-08-14,,0.131
2AGPSRUY,0,0,,,,Censored No Alarm,0,0,0,0,0,1,0.0031065663788467646,,2019-05-16,,0.131
2AGPT2PY,0,0,,,,Censored No Alarm,0,0,0,0,0,1,0.002327458932995796,,2019-08-14,,0.131
2AGPT48Y,0,0,,,,Censored No Alarm,0,0,0,0,0,1,0.0007768894429318607,,2019-06-01,,0.131
2AGPT7PY,0,0,,,,Censored No Alarm,0,0,0,0,0,1,0.030538029968738556,,2019-08-13,,0.131
2AGPTL4Y,0,0,,,,Censored No Alarm,0,0,0,0,0,1,0.0016770748188719153,,2019-05-27,,0.131
2AGPTVLY,0,0,,,,Censored No Alarm,0,0,0,0,0,1,0.0013121537631377578,,2019-06-01,,0.131
5PG0TA6F,0,0,,,,Censored No Alarm,0,0,0,0,0,1,0.0006570903933607042,,2020-07-14,,0.131
5PG0TAKF,0,0,,,,Censored No Alarm,0,0,0,0,0,1,0.0012047544587403536,,2020-05-10,,0.131
5PJEJUHE,0,0,,,,Censored No Alarm,0,0,0,0,0,1,0.002592769218608737,,2021-12-28,,0.131
5PJJHD9C,0,0,,,,Censored No Alarm,0,0,0,0,0,1,0.0007099314825609326,,2022-07-18,,0.131
5PJJLZTF,0,0,,,,Censored No Alarm,0,0,0,0,0,1,0.0010724917519837618,,2021-12-03,,0.131
5PJKZP4D,0,0,,,,Censored No Alarm,0,0,0,0,0,1,0.0016049706609919667,,2022-08-04,,0.131
5PJVPJGF,0,0,,,,Censored No Alarm,0,0,0,0,0,1,0.001509654219262302,,2021-05-16,,0.131
5PK10N4B,0,0,,,,Censored No Alarm,0,0,0,0,0,1,0.003304390935227275,,2024-12-22,,0.131
5PK5ZB1B,0,0,,,,Censored No Alarm,0,0,0,0,0,1,0.007865454070270061,,2024-04-29,,0.131
5PKEBJVB,0,0,,,,Censored No Alarm,0,0,0,0,0,1,0.004345921333879232,,2023-11-27,,0.131
5PKVXW6B,0,0,,,,Censored No Alarm,0,0,0,0,0,1,0.004356233403086662,,2024-06-01,,0.131
5QG63PMB,0,0,,,,Censored No Alarm,0,0,0,0,0,1,0.005695096217095852,,2024-05-28,,0.131
5QGBH0MB,0,0,,,,Censored No Alarm,0,0,0,0,0,1,0.004356233403086662,,2023-12-09,,0.131
5QGG5KLB,0,0,,,,Censored No Alarm,0,0,0,0,0,1,0.0007522555533796549,,2023-04-05,,0.131
5QGG5UPB,0,0,,,,Censored No Alarm,0,0,0,0,0,1,0.0009852044750005007,,2022-12-06,,0.131
5QGGAELB,1,1,2025-01-12,2025-06-04,143.0,Early,0,1,0,1,0,0,0.5366014838218689,0.3994954824447632,2023-03-28,656.0,0.131
5QGGHWVB,0,0,,,,Censored No Alarm,0,0,0,0,0,1,0.004900441039353609,,2023-12-16,,0.131
5QH0Z60B,1,1,2024-01-11,2024-05-14,124.0,Early,0,1,0,1,0,0,0.555928111076355,0.15428106486797333,2023-10-22,81.0,0.131
5QHDKVHB,0,0,,,,Censored No Alarm,0,0,0,0,0,1,0.008271273225545883,,2023-11-17,,0.131
5QHKE66B,0,0,,,,Censored No Alarm,0,0,0,0,0,1,0.005206638015806675,,2024-04-18,,0.131
5QHYP4MB,0,0,,,,Censored No Alarm,0,0,0,0,0,1,0.007298178505152464,,2024-05-15,,0.131
5QJBW5VB,1,1,2024-04-08,2024-05-25,47.0,Early,0,1,0,1,0,0,0.6709251999855042,0.13944630324840546,2024-02-07,61.0,0.131
5QJS57NB,0,0,,,,Censored No Alarm,0,0,0,0,0,1,0.00476120226085186,,2024-01-23,,0.131
5QKBEVWB,0,0,,,,Censored No Alarm,0,0,0,0,0,1,0.0052171992138028145,,2023-12-14,,0.131
5QKDK07B,0,0,,,,Censored No Alarm,0,0,0,0,0,1,0.0039740074425935745,,2024-12-20,,0.131
5QKHBVPB,0,0,,,,Censored No Alarm,0,0,0,0,0,1,0.004771176725625992,,2024-05-30,,0.131
5QKKSM3B,0,0,,,,Censored No Alarm,0,0,0,0,0,1,0.004671421833336353,,2024-04-06,,0.131
5QKV55TB,0,0,,,,Censored No Alarm,0,0,0,0,0,1,0.004346498753875494,,2024-02-29,,0.131
5QKV6W0B,0,0,,,,Censored No Alarm,0,0,0,0,0,1,0.007298178505152464,,2023-08-14,,0.131
5QKV74SB,0,0,,,,Censored No Alarm,0,0,0,0,0,1,0.004345921333879232,,2024-01-09,,0.131
5QKV778B,0,0,,,,Censored No Alarm,0,0,0,0,0,1,0.00788023229688406,,2024-06-07,,0.131
5QKV7UHB,0,0,,,,Censored No Alarm,0,0,0,0,0,1,0.0056833731941878796,,2024-03-04,,0.131
5QKV85UB,0,0,,,,Censored No Alarm,0,0,0,0,0,1,0.0052171992138028145,,2023-12-02,,0.131
5QKVAN8B,0,0,,,,Censored No Alarm,0,0,0,0,0,1,0.004356233403086662,,2023-12-24,,0.131
5QKVARLB,0,0,,,,Censored No Alarm,0,0,0,0,0,1,0.0025249957107007504,,2023-11-03,,0.131
5QKVATKB,0,0,,,,Censored No Alarm,0,0,0,0,0,1,0.0039740074425935745,,2024-01-09,,0.131
5QKVD71B,0,0,,,,Censored No Alarm,0,0,0,0,0,1,0.008462270721793175,,2024-05-10,,0.131
5QKVDDVB,0,0,,,,Censored No Alarm,0,0,0,0,0,1,0.005695096217095852,,2024-06-19,,0.131
5QKVETTB,0,0,,,,Censored No Alarm,0,0,0,0,0,1,0.010356909595429897,,2024-06-27,,0.131
5QKVEUZB,0,0,,,,Censored No Alarm,0,0,0,0,0,1,0.004754942841827869,,2024-04-22,,0.131
5QKVEXJB,0,0,,,,Censored No Alarm,0,0,0,0,0,1,0.007298178505152464,,2023-11-30,,0.131
5QKVGLWB,0,0,,,,Censored No Alarm,0,0,0,0,0,1,0.003409068798646331,,2024-05-08,,0.131
5QKVHPLB,0,0,,,,Censored No Alarm,0,0,0,0,0,1,0.0051925103180110455,,2024-05-07,,0.131
5QKVHRMB,0,0,,,,Censored No Alarm,0,0,0,0,0,1,0.012026474811136723,,2024-06-23,,0.131
5QKVVTHB,0,0,,,,Censored No Alarm,0,0,0,0,0,1,0.0036696798633784056,,2024-04-15,,0.131
8CGNK9GE,0,0,,,,Censored No Alarm,0,0,0,0,0,1,0.03153323382139206,,2019-05-04,,0.131
8CGR1V5E,0,0,,,,Censored No Alarm,0,0,0,0,0,1,0.0011178512359037995,,2019-06-01,,0.131
8CGSN9XE,0,0,,,,Censored No Alarm,0,0,0,0,0,1,0.002829614095389843,,2019-05-16,,0.131
8CGSTSRE,0,0,,,,Censored No Alarm,0,0,0,0,0,1,0.003244242398068309,,2019-05-04,,0.131
8CGT5S2E,1,0,,2024-11-05,,Missed,0,0,0,0,1,0,0.050186559557914734,,2019-06-01,,0.131
8CGTW4VE,0,0,,,,Censored No Alarm,0,0,0,0,0,1,0.0009704632102511823,,2019-06-01,,0.131
8CGTZ9HE,1,1,2023-05-07,2023-07-12,66.0,Early,0,1,0,1,0,0,0.8087109327316284,0.15649189054965973,2019-05-16,1452.0,0.131
8CGU9LLE,0,0,,,,Censored No Alarm,0,0,0,0,0,1,0.0018112228717654943,,2019-05-16,,0.131
8CGV369E,0,0,,,,Censored No Alarm,0,0,0,0,0,1,0.0025588448625057936,,2019-05-16,,0.131
8CGVR04E,0,1,2026-01-08,,,Censored Early,0,0,1,1,0,0,0.13486558198928833,0.13388197124004364,2019-05-16,2429.0,0.131
8CGVTH0E,0,0,,,,Censored No Alarm,0,0,0,0,0,1,0.015297165140509605,,2019-05-04,,0.131
8CGW3HPE,0,0,,,,Censored No Alarm,0,0,0,0,0,1,0.002339080674573779,,2019-05-04,,0.131
8CGW6ULE,0,0,,,,Censored No Alarm,0,0,0,0,0,1,0.001250664354301989,,2019-05-04,,0.131
8CGWPGEE,0,0,,,,Censored No Alarm,0,0,0,0,0,1,0.003409960074350238,,2019-05-16,,0.131
8CGXKYVE,0,0,,,,Censored No Alarm,0,0,0,0,0,1,0.0014064500574022532,,2019-05-04,,0.131
8CGXNNUE,1,1,2022-05-02,2022-05-10,8.0,On time,1,0,0,0,0,0,0.3057813346385956,0.1509423851966858,2019-06-01,1066.0,0.131
8CGY4KUE,0,0,,,,Censored No Alarm,0,0,0,0,0,1,0.0030295655597001314,,2019-05-16,,0.131
8CGYJ5TE,0,0,,,,Censored No Alarm,0,0,0,0,0,1,0.0011746499221771955,,2019-06-01,,0.131
8CGYVS8E,0,0,,,,Censored No Alarm,0,0,0,0,0,1,0.0006288379081524909,,2019-06-01,,0.131
8CGYW96E,0,0,,,,Censored No Alarm,0,0,0,0,0,1,0.0173747930675745,,2019-06-01,,0.131
8CGYXB6E,0,0,,,,Censored No Alarm,0,0,0,0,0,1,0.003431439632549882,,2019-08-13,,0.131
8CGZ8K3E,0,0,,,,Censored No Alarm,0,0,0,0,0,1,0.0024049319326877594,,2019-05-04,,0.131
8CGZ8S1E,0,0,,,,Censored No Alarm,0,0,0,0,0,1,0.0031588254496455193,,2019-05-04,,0.131
8CGZ8SDE,0,1,2025-11-12,,,Censored Early,0,0,1,1,0,0,0.19912785291671753,0.13617409765720367,2019-05-04,2384.0,0.131
8CGZB98E,0,0,,,,Censored No Alarm,0,0,0,0,0,1,0.000433320295996964,,2019-08-14,,0.131
8CGZB9VE,0,0,,,,Censored No Alarm,0,0,0,0,0,1,0.000692694098688662,,2019-06-01,,0.131
8CGZKBME,0,0,,,,Censored No Alarm,0,0,0,0,0,1,0.054439399391412735,,2019-05-04,,0.131
8CGZKDHE,0,0,,,,Censored No Alarm,0,0,0,0,0,1,0.0017108122119680047,,2019-05-04,,0.131
8CGZMEAE,0,0,,,,Censored No Alarm,0,0,0,0,0,1,0.0010972353629767895,,2019-05-04,,0.131
8CH02WUE,0,0,,,,Censored No Alarm,0,0,0,0,0,1,0.0005247536464594305,,2019-08-14,,0.131
8CH05AGE,0,0,,,,Censored No Alarm,0,0,0,0,0,1,0.001403407659381628,,2019-05-04,,0.131
8CH06AGE,0,0,,,,Censored No Alarm,0,0,0,0,0,1,0.002899560146033764,,2019-05-16,,0.131
8CH06B5E,0,0,,,,Censored No Alarm,0,0,0,0,0,1,0.0029012744780629873,,2019-05-04,,0.131
8CH06E7E,0,0,,,,Censored No Alarm,0,0,0,0,0,1,0.003347348654642701,,2019-05-04,,0.131
8CH06EDE,0,0,,,,Censored No Alarm,0,0,0,0,0,1,0.0009641217766329646,,2019-06-01,,0.131
8CH0869E,0,0,,,,Censored No Alarm,0,0,0,0,0,1,0.0011633968679234385,,2019-05-04,,0.131
8CH08RNE,0,0,,,,Censored No Alarm,0,0,0,0,0,1,0.0008761035278439522,,2019-08-14,,0.131
8CH09GGE,0,0,,,,Censored No Alarm,0,0,0,0,0,1,0.0010900830384343863,,2019-06-01,,0.131
8CH0BYPE,0,0,,,,Censored No Alarm,0,0,0,0,0,1,0.0008092691423371434,,2019-08-13,,0.131
8CH0BYTE,0,0,,,,Censored No Alarm,0,0,0,0,0,1,0.0010556676425039768,,2019-06-01,,0.131
8CH0DM8E,0,0,,,,Censored No Alarm,0,0,0,0,0,1,0.0005903721903450787,,2019-08-14,,0.131
8CH0GNLE,0,0,,,,Censored No Alarm,0,0,0,0,0,1,0.00458135362714529,,2019-05-04,,0.131
8CH0GNNE,0,0,,,,Censored No Alarm,0,0,0,0,0,1,0.017779100686311722,,2019-05-04,,0.131
8CH0GNSE,0,0,,,,Censored No Alarm,0,0,0,0,0,1,0.0026327415835112333,,2019-05-16,,0.131
8CH0HRKE,0,0,,,,Censored No Alarm,0,0,0,0,0,1,0.0007612467161379755,,2019-06-01,,0.131
8CH0HTRE,0,0,,,,Censored No Alarm,0,0,0,0,0,1,0.0011458259541541338,,2019-06-01,,0.131
8CH0L5PE,0,0,,,,Censored No Alarm,0,0,0,0,0,1,0.0006282601971179247,,2019-06-01,,0.131
8CH0R06E,0,0,,,,Censored No Alarm,0,0,0,0,0,1,0.0023594205267727375,,2019-05-04,,0.131
8CH0R3YE,0,0,,,,Censored No Alarm,0,0,0,0,0,1,0.030695565044879913,,2019-08-13,,0.131
8CH0TLTE,0,0,,,,Censored No Alarm,0,0,0,0,0,1,0.0007836362929083407,,2019-08-13,,0.131
8CH0TLUE,0,0,,,,Censored No Alarm,0,0,0,0,0,1,0.000664672174025327,,2019-06-01,,0.131
8CH0TN2E,0,0,,,,Censored No Alarm,0,0,0,0,0,1,0.001115927123464644,,2019-06-01,,0.131
8CH0TN3E,0,0,,,,Censored No Alarm,0,0,0,0,0,1,0.0007357975118793547,,2019-08-13,,0.131
8CH0TVRE,0,0,,,,Censored No Alarm,0,0,0,0,0,1,0.0008305882220156491,,2019-08-14,,0.131
8CH0V7TE,0,0,,,,Censored No Alarm,0,0,0,0,0,1,0.020456962287425995,,2019-06-01,,0.131
8CH0VH1E,0,0,,,,Censored No Alarm,0,0,0,0,0,1,0.003426000941544771,,2019-05-16,,0.131
8CH0VW0E,0,0,,,,Censored No Alarm,0,0,0,0,0,1,0.0006943464395590127,,2019-06-01,,0.131
8CH11KPE,0,0,,,,Censored No Alarm,0,0,0,0,0,1,0.0010777977295219898,,2019-05-04,,0.131
8CH13D7E,0,0,,,,Censored No Alarm,0,0,0,0,0,1,0.00044162996346130967,,2019-06-01,,0.131
8CH13DAE,0,0,,,,Censored No Alarm,0,0,0,0,0,1,0.0011701231123879552,,2019-06-01,,0.131
8CH15D3E,0,0,,,,Censored No Alarm,0,0,0,0,0,1,0.047877147793769836,,2019-05-16,,0.131
8CH15YME,0,0,,,,Censored No Alarm,0,0,0,0,0,1,0.0005030252505093813,,2019-06-01,,0.131
8CH160KE,0,0,,,,Censored No Alarm,0,0,0,0,0,1,0.0007040136842988431,,2019-08-14,,0.131
8CH16PBE,0,0,,,,Censored No Alarm,0,0,0,0,0,1,0.007535902783274651,,2019-06-01,,0.131
8CH16ZDE,0,0,,,,Censored No Alarm,0,0,0,0,0,1,0.0011341663775965571,,2019-06-01,,0.131
8CH16ZUE,0,0,,,,Censored No Alarm,0,0,0,0,0,1,0.001002780394628644,,2019-06-01,,0.131
8CH17M9E,0,0,,,,Censored No Alarm,0,0,0,0,0,1,0.0005023127887398005,,2019-06-01,,0.131
8CH17MHE,0,0,,,,Censored No Alarm,0,0,0,0,0,1,0.0007142841932363808,,2019-08-13,,0.131
8CH190UE,1,1,2020-12-05,2022-03-26,476.0,Early,0,1,0,1,0,0,0.40509358048439026,0.14293421804904938,2019-08-13,480.0,0.131
8CH1APUE,1,1,2025-07-05,2025-09-18,75.0,Early,0,1,0,1,0,0,0.24687503278255463,0.1548982411623001,2019-06-01,2226.0,0.131
8CH1AR5E,0,0,,,,Censored No Alarm,0,0,0,0,0,1,0.0016385026974603534,,2019-05-04,,0.131
8CH1ARHE,1,0,,2023-09-28,,Missed,0,0,0,0,1,0,0.017645100131630898,,2019-06-01,,0.131
8CH1WBME,1,0,,2024-05-05,,Missed,0,0,0,0,1,0,0.01997029036283493,,2019-05-04,,0.131
8CH1XHUE,0,0,,,,Censored No Alarm,0,0,0,0,0,1,0.003721114480867982,,2019-05-04,,0.131
8CH4AT4E,0,0,,,,Censored No Alarm,0,0,0,0,0,1,0.0005494275828823447,,2019-05-27,,0.131
8CH4X3TE,1,0,,2022-10-12,,Missed,0,0,0,0,1,0,0.00748729333281517,,2019-05-16,,0.131
8CH4YM4E,1,0,,2023-03-03,,Missed,0,0,0,0,1,0,0.020932629704475403,,2019-05-16,,0.131
8CH4YM6E,1,1,2024-11-28,2025-03-13,105.0,Early,0,1,0,1,0,0,0.19726833701133728,0.135688915848732,2019-05-16,2023.0,0.131
8CH4YN8E,1,0,,2024-04-09,,Missed,0,0,0,0,1,0,0.09436382353305817,,2019-05-16,,0.131
8CH4Z6UE,0,0,,,,Censored No Alarm,0,0,0,0,0,1,0.003939250484108925,,2019-05-16,,0.131
8CH5214E,1,1,2024-01-17,2024-02-15,29.0,On time,1,0,0,0,0,0,0.30289319157600403,0.21843291819095612,2019-05-16,1707.0,0.131
8CH52U5E,0,0,,,,Censored No Alarm,0,0,0,0,0,1,0.002784287091344595,,2019-05-16,,0.131
8CH5B9LE,0,0,,,,Censored No Alarm,0,0,0,0,0,1,0.004223610274493694,,2019-05-16,,0.131
8CH5E8EE,1,0,,2023-04-04,,Missed,0,0,0,0,1,0,0.07747316360473633,,2019-05-16,,0.131
8CH5HRYE,1,1,2024-04-19,2024-12-24,249.0,Early,0,1,0,1,0,0,0.17650830745697021,0.15303854644298553,2019-05-16,1800.0,0.131
8CHRG6JE,0,0,,,,Censored No Alarm,0,0,0,0,0,1,0.0015686966944485903,,2019-11-25,,0.131
8CHU2WSE,0,0,,,,Censored No Alarm,0,0,0,0,0,1,0.0009343712590634823,,2020-06-18,,0.131
8CHU7R9E,1,0,,2024-11-09,,Missed,0,0,0,0,1,0,0.018251653760671616,,2021-05-05,,0.131
8CHUHHXE,0,0,,,,Censored No Alarm,0,0,0,0,0,1,0.021622464060783386,,2020-06-26,,0.131
8CJMA59E,0,0,,,,Censored No Alarm,0,0,0,0,0,1,0.00788023229688406,,2024-04-02,,0.131
8DG1BB5Y,0,0,,,,Censored No Alarm,0,0,0,0,0,1,0.0039740074425935745,,2024-12-20,,0.131
8DG3MU5D,0,0,,,,Censored No Alarm,0,0,0,0,0,1,0.0012053927639499307,,2018-07-12,,0.131
8DG4SAUD,0,0,,,,Censored No Alarm,0,0,0,0,0,1,0.0028330849017947912,,2018-07-12,,0.131
8DG4SAZD,0,0,,,,Censored No Alarm,0,0,0,0,0,1,0.0010252774227410555,,2018-07-12,,0.131
8DG52U7D,0,0,,,,Censored No Alarm,0,0,0,0,0,1,0.0009646791149862111,,2018-07-12,,0.131
8DG52W9D,0,0,,,,Censored No Alarm,0,0,0,0,0,1,0.001331864739768207,,2018-07-12,,0.131
8DG52WND,0,0,,,,Censored No Alarm,0,0,0,0,0,1,0.0006870885263197124,,2018-07-12,,0.131
8DG6S3UD,1,0,,2024-06-11,,Missed,0,0,0,0,1,0,0.0725870132446289,,2018-07-12,,0.131
8DG88GTY,0,0,,,,Censored No Alarm,0,0,0,0,0,1,0.00362399872392416,,2025-01-01,,0.131
8DG93TXY,0,0,,,,Censored No Alarm,0,0,0,0,0,1,0.00673809926956892,,2024-04-01,,0.131
8DJE2HWH,0,0,,,,Censored No Alarm,0,0,0,0,0,1,0.002231389982625842,,2019-01-05,,0.131
8DJEPPSH,0,0,,,,Censored No Alarm,0,0,0,0,0,1,0.0023523217532783747,,2019-01-05,,0.131
8DJEPTWH,0,0,,,,Censored No Alarm,0,0,0,0,0,1,0.001363028073683381,,2019-01-05,,0.131
8DJEUXLH,0,0,,,,Censored No Alarm,0,0,0,0,0,1,0.07850714772939682,,2019-01-05,,0.131
8DK5NDLH,0,0,,,,Censored No Alarm,0,0,0,0,0,1,0.0009449768695048988,,2020-01-03,,0.131
8DKHU24H,0,0,,,,Censored No Alarm,0,0,0,0,0,1,0.0011646480998024344,,2019-12-29,,0.131
8DKUD8AH,0,0,,,,Censored No Alarm,0,0,0,0,0,1,0.003027826314792037,,2019-01-05,,0.131
8DKV390H,0,0,,,,Censored No Alarm,0,0,0,0,0,1,0.0024091925006359816,,2019-03-01,,0.131
8HG28M3H,0,0,,,,Censored No Alarm,0,0,0,0,0,1,0.0016196173382923007,,2019-03-01,,0.131
8HG7LGUH,1,1,2025-03-01,2025-06-01,92.0,Early,0,1,0,1,0,0,0.1629098802804947,0.1568036824464798,2019-06-01,2100.0,0.131
8HGBYHPH,0,0,,,,Censored No Alarm,0,0,0,0,0,1,0.0009482254972681403,,2021-10-03,,0.131
8HGNAB0H,0,0,,,,Censored No Alarm,0,0,0,0,0,1,0.004280988126993179,,2019-03-28,,0.131
8HGZPYVH,0,1,2022-12-22,,,Censored Early,0,0,1,1,0,0,0.285258948802948,0.13345664739608765,2019-01-05,1447.0,0.131
8HH12ZPH,0,0,,,,Censored No Alarm,0,0,0,0,0,1,0.0022056386806070805,,2018-11-14,,0.131
8HH5JYSH,0,0,,,,Censored No Alarm,0,0,0,0,0,1,0.0030926496256142855,,2018-11-14,,0.131
8HH8BNRH,0,0,,,,Censored No Alarm,0,0,0,0,0,1,0.004063821863383055,,2019-03-28,,0.131
8HH8P7RH,0,0,,,,Censored No Alarm,0,0,0,0,0,1,0.0018090105149894953,,2019-03-02,,0.131
8HH901KH,0,0,,,,Censored No Alarm,0,0,0,0,0,1,0.0025513661094009876,,2019-03-28,,0.131
8HH9ZRUH,0,0,,,,Censored No Alarm,0,0,0,0,0,1,0.0025807542260736227,,2019-03-01,,0.131
8HHARE1H,1,1,2023-03-12,2023-03-24,12.0,On time,1,0,0,0,0,0,0.4260737895965576,0.1567770540714264,2019-08-13,1307.0,0.131
8HHARGBH,0,0,,,,Censored No Alarm,0,0,0,0,0,1,0.001531144604086876,,2019-03-02,,0.131
8HHATBKH,0,0,,,,Censored No Alarm,0,0,0,0,0,1,0.0024063612800091505,,2019-03-01,,0.131
8HHJXENH,0,0,,,,Censored No Alarm,0,0,0,0,0,1,0.00485396571457386,,2019-01-05,,0.131
8HHNHSUH,1,0,,2024-12-06,,Missed,0,0,0,0,1,0,0.06734341382980347,,2019-05-04,,0.131
8HHPUREH,1,1,2023-08-08,2024-05-16,282.0,Early,0,1,0,1,0,0,0.20831607282161713,0.1678307205438614,2018-11-14,1728.0,0.131
8HHT1P2H,0,0,,,,Censored No Alarm,0,0,0,0,0,1,0.010974974371492863,,2018-11-14,,0.131
8HHTWXYH,0,0,,,,Censored No Alarm,0,0,0,0,0,1,0.0021348686423152685,,2018-11-14,,0.131
8HHZ6MGH,0,0,,,,Censored No Alarm,0,0,0,0,0,1,0.0031026466749608517,,2018-11-14,,0.131
8HJ1NNDH,0,0,,,,Censored No Alarm,0,0,0,0,0,1,0.00398764293640852,,2018-11-14,,0.131
8HJ6SJAH,0,1,2022-08-01,,,Censored Early,0,0,1,1,0,0,0.15647771954536438,0.14442282915115356,2018-11-14,1356.0,0.131
8HJ6SJTH,0,0,,,,Censored No Alarm,0,0,0,0,0,1,0.007084792014211416,,2018-11-14,,0.131
8HJ74BPH,0,0,,,,Censored No Alarm,0,0,0,0,0,1,0.0025167176499962807,,2018-11-14,,0.131
8HJ7UJHH,0,0,,,,Censored No Alarm,0,0,0,0,0,1,0.0025889654643833637,,2018-11-14,,0.131
8HJ7Y9BH,0,0,,,,Censored No Alarm,0,0,0,0,0,1,0.12199588865041733,,2018-11-14,,0.131
8HJ7Z0DH,0,0,,,,Censored No Alarm,0,0,0,0,0,1,0.0018032512161880732,,2019-05-04,,0.131
8HJ7Z10H,0,0,,,,Censored No Alarm,0,0,0,0,0,1,0.002202581614255905,,2018-11-14,,0.131
8HJ7Z1MH,0,0,,,,Censored No Alarm,0,0,0,0,0,1,0.009963258169591427,,2018-11-14,,0.131
8HJ86APH,0,0,,,,Censored No Alarm,0,0,0,0,0,1,0.023396030068397522,,2018-11-14,,0.131
8HJ86NXH,0,0,,,,Censored No Alarm,0,0,0,0,0,1,0.0014695855788886547,,2019-05-04,,0.131
8HJ8LEXH,0,0,,,,Censored No Alarm,0,0,0,0,0,1,0.05356716737151146,,2019-05-04,,0.131
8HJ8LKMH,1,0,,2026-03-14,,Missed,0,0,0,0,1,0,0.10641319304704666,,2018-11-14,,0.131
8HJ91WDH,0,0,,,,Censored No Alarm,0,0,0,0,0,1,0.0015175541630014777,,2019-05-04,,0.131
8HJ94EVH,0,0,,,,Censored No Alarm,0,0,0,0,0,1,0.004025543574243784,,2018-11-14,,0.131
8HJ9JWTH,0,0,,,,Censored No Alarm,0,0,0,0,0,1,0.00821580272167921,,2018-11-14,,0.131
8HJ9K7HH,1,1,2025-01-24,2025-01-28,4.0,On time,1,0,0,0,0,0,0.16150237619876862,0.13935330510139465,2018-11-14,2263.0,0.131
8HJ9KKGH,0,0,,,,Censored No Alarm,0,0,0,0,0,1,0.001441137632355094,,2019-05-04,,0.131
8HJ9KN1H,0,0,,,,Censored No Alarm,0,0,0,0,0,1,0.0030425898730754852,,2018-11-14,,0.131
8HJ9LS1H,0,0,,,,Censored No Alarm,0,0,0,0,0,1,0.0024135892745107412,,2018-11-14,,0.131
8HJ9M5NH,0,0,,,,Censored No Alarm,0,0,0,0,0,1,0.003251571673899889,,2018-11-14,,0.131
8HJ9M94H,0,0,,,,Censored No Alarm,0,0,0,0,0,1,0.002216723980382085,,2018-11-14,,0.131
8HJ9MZBH,0,0,,,,Censored No Alarm,0,0,0,0,0,1,0.0015038606943562627,,2019-05-04,,0.131
8HJ9NHPH,0,0,,,,Censored No Alarm,0,0,0,0,0,1,0.002585919573903084,,2018-11-14,,0.131
8HJ9NKKH,0,0,,,,Censored No Alarm,0,0,0,0,0,1,0.004620831459760666,,2018-11-14,,0.131
8HJ9RYSH,0,0,,,,Censored No Alarm,0,0,0,0,0,1,0.005016015842556953,,2018-11-14,,0.131
8HJ9S05H,0,0,,,,Censored No Alarm,0,0,0,0,0,1,0.001464006956666708,,2018-11-14,,0.131
8HJ9S0EH,0,0,,,,Censored No Alarm,0,0,0,0,0,1,0.003310488536953926,,2018-11-14,,0.131
8HJ9Y3ZH,0,0,,,,Censored No Alarm,0,0,0,0,0,1,0.0028913056012243032,,2019-05-04,,0.131
8HJA085H,0,0,,,,Censored No Alarm,0,0,0,0,0,1,0.0037688857410103083,,2018-11-14,,0.131
8HJA2DPH,0,0,,,,Censored No Alarm,0,0,0,0,0,1,0.0017060561804100871,,2018-11-14,,0.131
8HJA8DBH,0,0,,,,Censored No Alarm,0,0,0,0,0,1,0.0019544854294508696,,2018-11-14,,0.131
8HJBNYTH,0,0,,,,Censored No Alarm,0,0,0,0,0,1,0.05899123102426529,,2019-01-05,,0.131
8HJDK12H,0,0,,,,Censored No Alarm,0,0,0,0,0,1,0.004810804966837168,,2018-11-14,,0.131
8HJDX4PH,0,0,,,,Censored No Alarm,0,0,0,0,0,1,0.0010695455130189657,,2018-11-14,,0.131
8HJEY89H,0,0,,,,Censored No Alarm,0,0,0,0,0,1,0.001571939792484045,,2019-03-01,,0.131
8HJG85RH,0,0,,,,Censored No Alarm,0,0,0,0,0,1,0.0023259336594492197,,2019-03-01,,0.131
8HJGZPXH,0,0,,,,Censored No Alarm,0,0,0,0,0,1,0.0039060181006789207,,2018-11-14,,0.131
8HJH62EH,0,0,,,,Censored No Alarm,0,0,0,0,0,1,0.0023849562276154757,,2018-11-14,,0.131
8HJH8RWH,0,0,,,,Censored No Alarm,0,0,0,0,0,1,0.013943949714303017,,2019-03-01,,0.131
8HJK2HSH,0,0,,,,Censored No Alarm,0,0,0,0,0,1,0.022719768807291985,,2018-11-14,,0.131
8HJLKZRH,0,0,,,,Censored No Alarm,0,0,0,0,0,1,0.00509015005081892,,2018-11-14,,0.131
8HJRD7PH,0,0,,,,Censored No Alarm,0,0,0,0,0,1,0.0009175826562568545,,2019-03-01,,0.131
8HJRUMWH,0,0,,,,Censored No Alarm,0,0,0,0,0,1,0.001731688855215907,,2018-11-14,,0.131
8HJRVW4H,0,0,,,,Censored No Alarm,0,0,0,0,0,1,0.07508301734924316,,2018-11-14,,0.131
8HJUGTVH,0,0,,,,Censored No Alarm,0,0,0,0,0,1,0.04909607023000717,,2018-11-14,,0.131
8HJVJKPH,0,0,,,,Censored No Alarm,0,0,0,0,0,1,0.017839789390563965,,2018-11-14,,0.131
8HJVUAGH,0,0,,,,Censored No Alarm,0,0,0,0,0,1,0.004629507195204496,,2018-11-14,,0.131
8HJWBJXH,0,0,,,,Censored No Alarm,0,0,0,0,0,1,0.0035407617688179016,,2018-11-14,,0.131
8HJWHD6H,0,0,,,,Censored No Alarm,0,0,0,0,0,1,0.004352152347564697,,2018-11-14,,0.131
8HJWHEJH,0,0,,,,Censored No Alarm,0,0,0,0,0,1,0.0029723350889980793,,2019-03-28,,0.131
8HJXG0WH,1,0,,2022-05-01,,Missed,0,0,0,0,1,0,0.016933446750044823,,2018-11-14,,0.131
8HJXKBDH,0,0,,,,Censored No Alarm,0,0,0,0,0,1,0.0017094395589083433,,2019-03-01,,0.131
8HJXU87H,0,0,,,,Censored No Alarm,0,0,0,0,0,1,0.08010212332010269,,2018-11-14,,0.131
8HJY20MH,0,0,,,,Censored No Alarm,0,0,0,0,0,1,0.0038595523219555616,,2018-11-14,,0.131
8HJYTXWH,0,0,,,,Censored No Alarm,0,0,0,0,0,1,0.0030565655324608088,,2018-11-14,,0.131
8HJYU0JH,0,0,,,,Censored No Alarm,0,0,0,0,0,1,0.0005875911447219551,,2018-11-14,,0.131
8HJYZNZH,0,0,,,,Censored No Alarm,0,0,0,0,0,1,0.004213340580463409,,2018-11-14,,0.131
8HJZ13TH,0,0,,,,Censored No Alarm,0,0,0,0,0,1,0.003220898099243641,,2018-11-14,,0.131
8HJZADEH,0,0,,,,Censored No Alarm,0,0,0,0,0,1,0.0034469410311430693,,2018-11-14,,0.131
8HJZEG6H,1,0,,2023-11-17,,Missed,0,0,0,0,1,0,0.040319252759218216,,2018-11-14,,0.131
8HJZG4AH,0,0,,,,Censored No Alarm,0,0,0,0,0,1,0.0026150925550609827,,2018-11-14,,0.131
8HJZNVWH,0,0,,,,Censored No Alarm,0,0,0,0,0,1,0.0010792012326419353,,2018-11-14,,0.131
8HK087WH,0,0,,,,Censored No Alarm,0,0,0,0,0,1,0.10164059698581696,,2018-11-14,,0.131
8HK0HH3H,0,0,,,,Censored No Alarm,0,0,0,0,0,1,0.0011295769363641739,,2018-11-14,,0.131
8HK12NNH,0,0,,,,Censored No Alarm,0,0,0,0,0,1,0.0014506438747048378,,2018-11-14,,0.131
8HK17SKH,0,0,,,,Censored No Alarm,0,0,0,0,0,1,0.12712566554546356,,2018-11-14,,0.131
8HK17SWH,0,0,,,,Censored No Alarm,0,0,0,0,0,1,0.0020322545897215605,,2018-11-14,,0.131
8HK17SYH,0,0,,,,Censored No Alarm,0,0,0,0,0,1,0.1221306174993515,,2018-11-14,,0.131
8HK19K9H,0,0,,,,Censored No Alarm,0,0,0,0,0,1,0.0022146704141050577,,2018-11-14,,0.131
8HK19KVH,0,0,,,,Censored No Alarm,0,0,0,0,0,1,0.0022982791997492313,,2018-11-14,,0.131
8HK1KY3H,0,0,,,,Censored No Alarm,0,0,0,0,0,1,0.003628033446148038,,2018-11-14,,0.131
8HK1LYPH,0,0,,,,Censored No Alarm,0,0,0,0,0,1,0.015196048654615879,,2018-11-14,,0.131
8HK1N18H,0,0,,,,Censored No Alarm,0,0,0,0,0,1,0.002567109651863575,,2018-11-14,,0.131
8HK1PV7H,0,0,,,,Censored No Alarm,0,0,0,0,0,1,0.004853426478803158,,2018-11-14,,0.131
8HK1UULH,0,0,,,,Censored No Alarm,0,0,0,0,0,1,0.005252651404589415,,2018-11-14,,0.131
8HK1XAAH,1,0,,2021-10-24,,Missed,0,0,0,0,1,0,0.0004241086426191032,,2018-11-14,,0.131
8HK224GH,0,0,,,,Censored No Alarm,0,0,0,0,0,1,0.002258072840049863,,2018-11-14,,0.131
8HK25XSH,0,0,,,,Censored No Alarm,0,0,0,0,0,1,0.10830453038215637,,2018-11-14,,0.131
8HK266WH,0,0,,,,Censored No Alarm,0,0,0,0,0,1,0.00863561686128378,,2018-11-14,,0.131
8HK28TJH,0,0,,,,Censored No Alarm,0,0,0,0,0,1,0.004652492702007294,,2018-11-14,,0.131
8HK28Y0H,0,0,,,,Censored No Alarm,0,0,0,0,0,1,0.0031862754840403795,,2018-11-14,,0.131
8HK2A1EH,0,0,,,,Censored No Alarm,0,0,0,0,0,1,0.0011762963840737939,,2019-06-01,,0.131
8HK2BA6H,0,0,,,,Censored No Alarm,0,0,0,0,0,1,0.003125751856714487,,2018-11-14,,0.131
8HK2BAEH,0,0,,,,Censored No Alarm,0,0,0,0,0,1,0.0022423197515308857,,2018-11-14,,0.131
8HK2DVKH,0,0,,,,Censored No Alarm,0,0,0,0,0,1,0.0019230482866987586,,2018-11-14,,0.131
8HK2JXUH,0,0,,,,Censored No Alarm,0,0,0,0,0,1,0.0027887870091944933,,2019-03-28,,0.131
8HK2KY6H,0,0,,,,Censored No Alarm,0,0,0,0,0,1,0.004033972043544054,,2018-11-14,,0.131
8HK2MXPH,0,0,,,,Censored No Alarm,0,0,0,0,0,1,0.020690105855464935,,2018-11-14,,0.131
8HK2RMWH,0,0,,,,Censored No Alarm,0,0,0,0,0,1,0.00645161047577858,,2018-11-14,,0.131
8HK2RNWH,0,0,,,,Censored No Alarm,0,0,0,0,0,1,0.003218733938410878,,2018-11-14,,0.131
8HK2RP9H,0,0,,,,Censored No Alarm,0,0,0,0,0,1,0.011806704103946686,,2018-11-14,,0.131
8HK2VLMH,0,0,,,,Censored No Alarm,0,0,0,0,0,1,0.0017103187274187803,,2018-11-14,,0.131
8HK2X4YH,0,0,,,,Censored No Alarm,0,0,0,0,0,1,0.0017975380178540945,,2018-11-14,,0.131
8HK2ZPDH,0,0,,,,Censored No Alarm,0,0,0,0,0,1,0.004000830929726362,,2019-05-04,,0.131
8HK2ZT1H,0,0,,,,Censored No Alarm,0,0,0,0,0,1,0.0025961159262806177,,2018-11-14,,0.131
8HK31WMH,0,0,,,,Censored No Alarm,0,0,0,0,0,1,0.004246600437909365,,2019-05-04,,0.131
8HK31Y8H,0,0,,,,Censored No Alarm,0,0,0,0,0,1,0.0032709110528230667,,2018-11-14,,0.131
8HK341ZH,0,0,,,,Censored No Alarm,0,0,0,0,0,1,0.04485989362001419,,2018-11-14,,0.131
8HK34EZH,0,0,,,,Censored No Alarm,0,0,0,0,0,1,0.013985197991132736,,2018-11-14,,0.131
8HK3BWZH,0,0,,,,Censored No Alarm,0,0,0,0,0,1,0.059126630425453186,,2018-11-14,,0.131
8HK3GTLH,0,0,,,,Censored No Alarm,0,0,0,0,0,1,0.020551733672618866,,2018-11-14,,0.131
8HK3GUXH,0,0,,,,Censored No Alarm,0,0,0,0,0,1,0.0006967988447286189,,2018-11-14,,0.131
8HK3MMSH,0,0,,,,Censored No Alarm,0,0,0,0,0,1,0.004540273919701576,,2018-11-14,,0.131
8HK3NG2H,0,0,,,,Censored No Alarm,0,0,0,0,0,1,0.0026722841430455446,,2018-11-14,,0.131
8HK3NJMH,0,0,,,,Censored No Alarm,0,0,0,0,0,1,0.0035692232195287943,,2018-11-14,,0.131
8HK41HEH,0,0,,,,Censored No Alarm,0,0,0,0,0,1,0.0009120743488892913,,2018-11-14,,0.131
8HK69BMH,0,0,,,,Censored No Alarm,0,0,0,0,0,1,0.014588013291358948,,2019-03-01,,0.131
8HK6T2AH,0,0,,,,Censored No Alarm,0,0,0,0,0,1,0.0035559136886149645,,2018-11-14,,0.131
8HK6TL7H,0,0,,,,Censored No Alarm,0,0,0,0,0,1,0.0016243321588262916,,2018-11-14,,0.131
8HK6UUDH,0,0,,,,Censored No Alarm,0,0,0,0,0,1,0.002103164792060852,,2019-03-28,,0.131
8HK6V14H,0,0,,,,Censored No Alarm,0,0,0,0,0,1,0.003678966546431184,,2018-11-14,,0.131
8HK6VSKH,1,1,2024-03-04,2024-03-10,6.0,On time,1,0,0,0,0,0,0.4046560823917389,0.13746899366378784,2018-11-14,1937.0,0.131
8HK70X7H,0,0,,,,Censored No Alarm,0,0,0,0,0,1,0.03233827278017998,,2018-11-14,,0.131
8HK7194H,0,0,,,,Censored No Alarm,0,0,0,0,0,1,0.11977820098400116,,2018-11-14,,0.131
8HK72J0H,0,0,,,,Censored No Alarm,0,0,0,0,0,1,0.015829529613256454,,2018-11-14,,0.131
8HK7DKMH,0,0,,,,Censored No Alarm,0,0,0,0,0,1,0.0010130067821592093,,2019-03-02,,0.131
8HK7E5DH,0,0,,,,Censored No Alarm,0,0,0,0,0,1,0.0026489407755434513,,2018-11-14,,0.131
8HK7E68H,0,0,,,,Censored No Alarm,0,0,0,0,0,1,0.003014695830643177,,2018-11-14,,0.131
8HK7H58H,0,0,,,,Censored No Alarm,0,0,0,0,0,1,0.0030549124348908663,,2018-11-14,,0.131
8HK80P1H,0,0,,,,Censored No Alarm,0,0,0,0,0,1,0.01989832893013954,,2019-01-05,,0.131
8HKB2WEH,0,0,,,,Censored No Alarm,0,0,0,0,0,1,0.02354671061038971,,2019-01-05,,0.131
8HKB3M2H,0,0,,,,Censored No Alarm,0,0,0,0,0,1,0.001415317878127098,,2019-01-05,,0.131
8HKB4R4H,0,0,,,,Censored No Alarm,0,0,0,0,0,1,0.0016184133710339665,,2019-05-04,,0.131
8HKBBKKH,0,0,,,,Censored No Alarm,0,0,0,0,0,1,0.1102379709482193,,2018-11-14,,0.131
8HKBYNVH,0,0,,,,Censored No Alarm,0,0,0,0,0,1,0.0018743745749816298,,2019-05-04,,0.131
8HKE039H,0,0,,,,Censored No Alarm,0,0,0,0,0,1,0.03724633529782295,,2018-11-14,,0.131
8HKE6E1H,0,0,,,,Censored No Alarm,0,0,0,0,0,1,0.004308399278670549,,2019-01-05,,0.131
8HKE8S7H,0,0,,,,Censored No Alarm,0,0,0,0,0,1,0.025031881406903267,,2019-01-05,,0.131
8HKEAWEH,0,0,,,,Censored No Alarm,0,0,0,0,0,1,0.0007897267933003604,,2019-06-01,,0.131
8HKEKYRH,0,0,,,,Censored No Alarm,0,0,0,0,0,1,0.000925554137211293,,2019-06-01,,0.131
8HKG0GWH,0,0,,,,Censored No Alarm,0,0,0,0,0,1,0.0029393238946795464,,2019-01-05,,0.131
8HKHPZHH,0,0,,,,Censored No Alarm,0,0,0,0,0,1,0.0012161389458924532,,2019-06-01,,0.131
8HKJ4MAH,0,0,,,,Censored No Alarm,0,0,0,0,0,1,0.0013537961058318615,,2019-03-01,,0.131
8HKJ5KDH,1,0,,2025-06-29,,Missed,0,0,0,0,1,0,0.0025641543325036764,,2018-11-14,,0.131
8HKL6STH,0,0,,,,Censored No Alarm,0,0,0,0,0,1,0.007203286048024893,,2019-03-02,,0.131
8HKLRUSH,0,1,2026-02-15,,,Censored Early,0,0,1,1,0,0,0.15856029093265533,0.14135754108428955,2019-03-01,2543.0,0.131
8HKM415H,0,0,,,,Censored No Alarm,0,0,0,0,0,1,0.0014487429289147258,,2019-03-01,,0.131
8HKM5RVH,0,0,,,,Censored No Alarm,0,0,0,0,0,1,0.005170011427253485,,2019-03-28,,0.131
8HKM654H,0,0,,,,Censored No Alarm,0,0,0,0,0,1,0.002904177876189351,,2019-03-28,,0.131
8HKM9Z1H,0,0,,,,Censored No Alarm,0,0,0,0,0,1,0.0005376206245273352,,2019-03-28,,0.131
8HKMR21H,1,0,,2020-09-02,,Missed,0,0,0,0,1,0,0.090262770652771,,2019-03-28,,0.131
8HKNMW1H,0,0,,,,Censored No Alarm,0,0,0,0,0,1,0.0016054660081863403,,2019-05-04,,0.131
8HKNN28H,0,0,,,,Censored No Alarm,0,0,0,0,0,1,0.02624404989182949,,2019-06-01,,0.131
8HKPM7RH,0,0,,,,Censored No Alarm,0,0,0,0,0,1,0.001617864123545587,,2019-03-02,,0.131
8HKPZY9H,1,1,2024-06-12,2024-08-13,62.0,Early,0,1,0,1,0,0,0.18192324042320251,0.1385865956544876,2019-03-28,1903.0,0.131
8HKRER2H,0,0,,,,Censored No Alarm,0,0,0,0,0,1,0.002871947828680277,,2019-06-01,,0.131
8HKS4X3H,0,1,2020-10-22,,,Censored Early,0,0,1,1,0,0,0.21074481308460236,0.14501281082630157,2019-03-02,600.0,0.131
8HKTBA3H,1,1,2024-01-08,2024-09-22,258.0,Early,0,1,0,1,0,0,0.14847809076309204,0.14367881417274475,2019-03-01,1774.0,0.131
8HKTE54H,0,0,,,,Censored No Alarm,0,0,0,0,0,1,0.0027078574057668447,,2019-03-01,,0.131
8HKTH2SH,1,0,,2023-11-27,,Missed,0,0,0,0,1,0,0.00526925316080451,,2019-03-01,,0.131
8HKTK0XH,0,0,,,,Censored No Alarm,0,0,0,0,0,1,0.0022555377800017595,,2019-01-05,,0.131
8HKU0DXH,0,0,,,,Censored No Alarm,0,0,0,0,0,1,0.002326905494555831,,2019-03-01,,0.131
8HKU3YTH,1,1,2023-11-06,2024-07-13,250.0,Early,0,1,0,1,0,0,0.17417161166667938,0.15689559280872345,2019-03-01,1711.0,0.131
8HKU4WXH,0,0,,,,Censored No Alarm,0,0,0,0,0,1,0.010882512666285038,,2019-01-05,,0.131
8HKUEJHH,1,0,,2025-04-25,,Missed,0,0,0,0,1,0,0.003049024846404791,,2019-03-28,,0.131
8HKVW60H,0,0,,,,Censored No Alarm,0,0,0,0,0,1,0.0015936610288918018,,2019-03-28,,0.131
8HKW4NPH,0,0,,,,Censored No Alarm,0,0,0,0,0,1,0.0007657044334337115,,2019-06-01,,0.131
8HKWV1GH,0,0,,,,Censored No Alarm,0,0,0,0,0,1,0.0011015398195013404,,2019-01-05,,0.131
8HKWXJYH,0,0,,,,Censored No Alarm,0,0,0,0,0,1,0.003496013581752777,,2019-03-28,,0.131
8HKY0KHH,1,1,2023-04-12,2024-05-14,398.0,Early,0,1,0,1,0,0,0.7985291481018066,0.1756935864686966,2019-03-01,1503.0,0.131
8HKY66PH,0,0,,,,Censored No Alarm,0,0,0,0,0,1,0.005986589007079601,,2019-03-01,,0.131
8HKYJ38H,0,0,,,,Censored No Alarm,0,0,0,0,0,1,0.0020058993250131607,,2019-03-28,,0.131
8HKYZ6YH,0,0,,,,Censored No Alarm,0,0,0,0,0,1,0.002274401718750596,,2019-03-28,,0.131
8HKZ213H,0,0,,,,Censored No Alarm,0,0,0,0,0,1,0.0015371310291811824,,2019-01-05,,0.131
8HKZDBRH,0,0,,,,Censored No Alarm,0,0,0,0,0,1,0.0005989844212308526,,2019-06-01,,0.131
8HKZL75H,0,0,,,,Censored No Alarm,0,0,0,0,0,1,0.016362598165869713,,2019-05-04,,0.131
AAG0EXPH,0,0,,,,Censored No Alarm,0,0,0,0,0,1,0.0005773495067842305,,2019-01-05,,0.131
AAG0LHRH,0,0,,,,Censored No Alarm,0,0,0,0,0,1,0.003929846454411745,,2019-01-05,,0.131
AAG121VH,0,0,,,,Censored No Alarm,0,0,0,0,0,1,0.005297334864735603,,2019-03-01,,0.131
AAG16VPH,0,0,,,,Censored No Alarm,0,0,0,0,0,1,0.001371770165860653,,2019-01-05,,0.131
AAG18L0H,0,0,,,,Censored No Alarm,0,0,0,0,0,1,0.0011961237760260701,,2019-03-28,,0.131
AAG18MEH,0,0,,,,Censored No Alarm,0,0,0,0,0,1,0.002279604785144329,,2019-03-01,,0.131
AAG197UH,0,0,,,,Censored No Alarm,0,0,0,0,0,1,0.001213991898111999,,2019-06-01,,0.131
AAG1LSNH,1,0,,2025-07-30,,Missed,0,0,0,0,1,0,0.1021626889705658,,2019-01-05,,0.131
AAG1LSVH,0,0,,,,Censored No Alarm,0,0,0,0,0,1,0.005798902362585068,,2019-01-05,,0.131
AAG1LW3H,1,1,2024-08-22,2024-09-03,12.0,On time,1,0,0,0,0,0,0.1722433865070343,0.1409604698419571,2019-01-05,2056.0,0.131
AAG1PLVH,0,0,,,,Censored No Alarm,0,0,0,0,0,1,0.0022588646970689297,,2019-03-28,,0.131
AAG1PM9H,0,0,,,,Censored No Alarm,0,0,0,0,0,1,0.0009840126149356365,,2019-03-28,,0.131
AAG1RJAH,0,0,,,,Censored No Alarm,0,0,0,0,0,1,0.09764035791158676,,2019-03-28,,0.131
AAG1RK5H,0,0,,,,Censored No Alarm,0,0,0,0,0,1,0.0014121324056759477,,2019-01-05,,0.131
AAG1RR9H,0,0,,,,Censored No Alarm,0,0,0,0,0,1,0.002954889088869095,,2019-03-28,,0.131
AAG1RUJH,0,0,,,,Censored No Alarm,0,0,0,0,0,1,0.0032581170089542866,,2019-03-28,,0.131
AAG1TGGH,0,0,,,,Censored No Alarm,0,0,0,0,0,1,0.0031719349790364504,,2019-01-05,,0.131
AAG1VJYH,0,0,,,,Censored No Alarm,0,0,0,0,0,1,0.0014245060738176107,,2019-03-28,,0.131
AAG1VNPH,0,0,,,,Censored No Alarm,0,0,0,0,0,1,0.0013008199166506529,,2019-01-05,,0.131
AAG1Z4AH,0,0,,,,Censored No Alarm,0,0,0,0,0,1,0.014742818661034107,,2019-08-13,,0.131
AAG23A2H,0,0,,,,Censored No Alarm,0,0,0,0,0,1,0.09883226454257965,,2019-01-05,,0.131
AAG23AKH,0,0,,,,Censored No Alarm,0,0,0,0,0,1,0.0016492301365360618,,2019-01-05,,0.131
AAG23AVH,0,0,,,,Censored No Alarm,0,0,0,0,0,1,0.0024690995924174786,,2019-03-28,,0.131
AAG246TH,0,0,,,,Censored No Alarm,0,0,0,0,0,1,0.0006175434100441635,,2019-06-01,,0.131
AAG24UVH,0,0,,,,Censored No Alarm,0,0,0,0,0,1,0.0014403309905901551,,2019-01-05,,0.131
AAG24VXH,0,0,,,,Censored No Alarm,0,0,0,0,0,1,0.0014263754710555077,,2019-01-05,,0.131
AAG26NBH,1,0,,2023-10-19,,Missed,0,0,0,0,1,0,0.11657319217920303,,2019-03-28,,0.131
AAG26TPH,0,0,,,,Censored No Alarm,0,0,0,0,0,1,0.0965832993388176,,2019-03-28,,0.131
AAG26U9H,1,0,,2023-01-26,,Missed,0,0,0,0,1,0,0.01445089466869831,,2019-06-01,,0.131
AAG27VEH,0,0,,,,Censored No Alarm,0,0,0,0,0,1,0.0037750243209302425,,2019-03-28,,0.131
AAG27W2H,0,0,,,,Censored No Alarm,0,0,0,0,0,1,0.0016973150195553899,,2019-03-01,,0.131
AAG27XPH,1,0,,2025-10-06,,Missed,0,0,0,0,1,0,0.002111720619723201,,2019-03-28,,0.131
AAG27ZLH,0,0,,,,Censored No Alarm,0,0,0,0,0,1,0.005186031106859446,,2019-03-28,,0.131
AAG281TH,1,0,,2024-07-25,,Missed,0,0,0,0,1,0,0.0905989333987236,,2019-01-05,,0.131
AAG2GGJH,0,0,,,,Censored No Alarm,0,0,0,0,0,1,0.0009715182241052389,,2019-06-01,,0.131
AAG2JGJH,1,0,,2026-02-10,,Missed,0,0,0,0,1,0,0.028834758326411247,,2019-06-01,,0.131
AAG2JL4H,0,0,,,,Censored No Alarm,0,0,0,0,0,1,0.0013571615563705564,,2019-01-05,,0.131
AAG2RZJH,0,0,,,,Censored No Alarm,0,0,0,0,0,1,0.0007511202711611986,,2019-03-28,,0.131
AAG2S62H,0,0,,,,Censored No Alarm,0,0,0,0,0,1,0.0035756581928581,,2019-03-28,,0.131
AAG2S9YH,0,0,,,,Censored No Alarm,0,0,0,0,0,1,0.000566864968277514,,2019-06-01,,0.131
AAG2SAYH,0,0,,,,Censored No Alarm,0,0,0,0,0,1,0.0009012010996229947,,2019-08-14,,0.131
AAG2SJ3H,0,0,,,,Censored No Alarm,0,0,0,0,0,1,0.000761930423323065,,2019-08-13,,0.131
AAG2VSVH,0,0,,,,Censored No Alarm,0,0,0,0,0,1,0.00228701438754797,,2019-03-28,,0.131
AAG2Y6JH,0,0,,,,Censored No Alarm,0,0,0,0,0,1,0.0017282910412177444,,2019-03-28,,0.131
AAG2Z67H,0,0,,,,Censored No Alarm,0,0,0,0,0,1,0.0008732320857234299,,2019-06-01,,0.131
AAG2ZU1H,0,0,,,,Censored No Alarm,0,0,0,0,0,1,0.0009753477061167359,,2019-06-01,,0.131
AAG305AH,0,0,,,,Censored No Alarm,0,0,0,0,0,1,0.0012633325532078743,,2019-06-01,,0.131
AAG306GH,0,0,,,,Censored No Alarm,0,0,0,0,0,1,0.01167896669358015,,2019-01-05,,0.131
AAG34Z4H,0,0,,,,Censored No Alarm,0,0,0,0,0,1,0.0022895727306604385,,2019-01-05,,0.131
AAG350BH,0,1,2025-07-28,,,Censored Early,0,0,1,1,0,0,0.21533508598804474,0.1366157829761505,2019-03-28,2314.0,0.131
AAG350TH,0,0,,,,Censored No Alarm,0,0,0,0,0,1,0.0012113357661291957,,2019-03-28,,0.131
AAG3512H,0,0,,,,Censored No Alarm,0,0,0,0,0,1,0.0004933791933581233,,2019-03-28,,0.131
AAG352AH,0,0,,,,Censored No Alarm,0,0,0,0,0,1,0.0009682850213721395,,2019-06-01,,0.131
AAG353EH,0,0,,,,Censored No Alarm,0,0,0,0,0,1,0.0013950990978628397,,2019-01-05,,0.131
AAG35LWH,0,1,2024-09-19,,,Censored Early,0,0,1,1,0,0,0.15502634644508362,0.134616419672966,2019-01-05,2084.0,0.131
AAG401PH,0,0,,,,Censored No Alarm,0,0,0,0,0,1,0.003278570482507348,,2019-01-05,,0.131
AAG46YHH,0,0,,,,Censored No Alarm,0,0,0,0,0,1,0.002294383477419615,,2019-03-28,,0.131
AAG477BH,0,0,,,,Censored No Alarm,0,0,0,0,0,1,0.0013341715093702078,,2019-01-05,,0.131
AAG478DH,0,0,,,,Censored No Alarm,0,0,0,0,0,1,0.004073989577591419,,2019-03-28,,0.131
AAG48B3H,0,0,,,,Censored No Alarm,0,0,0,0,0,1,0.0021357261575758457,,2019-03-02,,0.131
AAG4AA9H,0,0,,,,Censored No Alarm,0,0,0,0,0,1,0.021282872185111046,,2019-03-01,,0.131
AAG4VESH,0,1,2024-04-26,,,Censored Early,0,0,1,1,0,0,0.2938721776008606,0.14000137150287628,2019-03-01,1883.0,0.131
AAG4Z4YH,0,0,,,,Censored No Alarm,0,0,0,0,0,1,0.009343889541924,,2019-03-01,,0.131
AAG4Z52H,0,0,,,,Censored No Alarm,0,0,0,0,0,1,0.005347345024347305,,2019-03-02,,0.131
AAG4Z5AH,1,1,2025-02-14,2025-03-14,28.0,On time,1,0,0,0,0,0,0.1481044888496399,0.1341092884540558,2019-01-05,2232.0,0.131
AAG4ZABH,0,0,,,,Censored No Alarm,0,0,0,0,0,1,0.006429080851376057,,2019-03-01,,0.131
AAG51RHH,0,0,,,,Censored No Alarm,0,0,0,0,0,1,0.0009349206229671836,,2019-01-05,,0.131
AAG540GH,0,0,,,,Censored No Alarm,0,0,0,0,0,1,0.002283921930938959,,2019-03-28,,0.131
AAG5DTTH,0,0,,,,Censored No Alarm,0,0,0,0,0,1,0.004191679414361715,,2019-03-28,,0.131
AAG5Y4DH,0,0,,,,Censored No Alarm,0,0,0,0,0,1,0.002928253263235092,,2019-01-05,,0.131
AAG5Y4LH,0,0,,,,Censored No Alarm,0,0,0,0,0,1,0.00594669533893466,,2019-01-05,,0.131
AAG5Y4TH,0,0,,,,Censored No Alarm,0,0,0,0,0,1,0.003618517192080617,,2019-01-05,,0.131
AAG5Y4UH,0,0,,,,Censored No Alarm,0,0,0,0,0,1,0.001703031244687736,,2019-01-05,,0.131
AAG5Y5UH,0,0,,,,Censored No Alarm,0,0,0,0,0,1,0.012518608942627907,,2019-01-05,,0.131
AAG5YJ4H,0,0,,,,Censored No Alarm,0,0,0,0,0,1,0.010101729072630405,,2019-03-28,,0.131
AAG5YLKH,0,0,,,,Censored No Alarm,0,0,0,0,0,1,0.00327534438110888,,2019-03-01,,0.131
AAG5YYBH,0,0,,,,Censored No Alarm,0,0,0,0,0,1,0.002532080514356494,,2019-01-05,,0.131
AAG5YYKH,1,1,2024-12-14,2025-09-30,290.0,Early,0,1,0,1,0,0,0.26085206866264343,0.1412738859653473,2019-01-05,2170.0,0.131
AAG5YZ8H,0,0,,,,Censored No Alarm,0,0,0,0,0,1,0.0024863132275640965,,2019-03-28,,0.131
AAG5YZZH,1,0,,2025-07-30,,Missed,0,0,0,0,1,0,0.02473224513232708,,2019-03-02,,0.131
AAG613MH,0,0,,,,Censored No Alarm,0,0,0,0,0,1,0.0011769667034968734,,2019-01-05,,0.131
AAG613RH,1,0,,2025-06-06,,Missed,0,0,0,0,1,0,0.0027135307900607586,,2019-01-05,,0.131
AAG61KPH,0,0,,,,Censored No Alarm,0,0,0,0,0,1,0.012925698421895504,,2019-03-28,,0.131
AAG61LHH,1,1,2023-12-22,2024-05-17,147.0,Early,0,1,0,1,0,0,0.29402828216552734,0.1457809954881668,2019-03-01,1757.0,0.131
AAG61NEH,0,0,,,,Censored No Alarm,0,0,0,0,0,1,0.002447378821671009,,2019-01-05,,0.131
AAG61NZH,0,0,,,,Censored No Alarm,0,0,0,0,0,1,0.06410076469182968,,2019-03-28,,0.131
AAG61P2H,0,0,,,,Censored No Alarm,0,0,0,0,0,1,0.002596024191007018,,2019-03-01,,0.131
AAG61UMH,0,0,,,,Censored No Alarm,0,0,0,0,0,1,0.007523416541516781,,2019-01-05,,0.131
AAG61WRH,0,0,,,,Censored No Alarm,0,0,0,0,0,1,0.0016520677600055933,,2019-03-01,,0.131
AAG61Z1H,0,0,,,,Censored No Alarm,0,0,0,0,0,1,0.002367182169109583,,2019-01-05,,0.131
AAG61ZAH,0,0,,,,Censored No Alarm,0,0,0,0,0,1,0.0076318890787661076,,2019-03-01,,0.131
AAG620PH,0,0,,,,Censored No Alarm,0,0,0,0,0,1,0.002318975515663624,,2019-03-28,,0.131
AAG621WH,0,0,,,,Censored No Alarm,0,0,0,0,0,1,0.0012653593439608812,,2019-01-05,,0.131
AAG623DH,0,0,,,,Censored No Alarm,0,0,0,0,0,1,0.0011676730355247855,,2019-01-05,,0.131
AAG6376H,0,0,,,,Censored No Alarm,0,0,0,0,0,1,0.004932493437081575,,2019-03-28,,0.131
AAG637RH,1,0,,2022-05-21,,Missed,0,0,0,0,1,0,0.0008004737319424748,,2019-01-05,,0.131
AAG6381H,0,0,,,,Censored No Alarm,0,0,0,0,0,1,0.0013807353097945452,,2019-01-05,,0.131
AAG638GH,0,0,,,,Censored No Alarm,0,0,0,0,0,1,0.0017063730629161,,2019-01-05,,0.131
AAG639BH,0,0,,,,Censored No Alarm,0,0,0,0,0,1,0.01632678136229515,,2019-01-05,,0.131
AAG63DLH,0,0,,,,Censored No Alarm,0,0,0,0,0,1,0.004667427856475115,,2019-03-28,,0.131
AAG63JSH,0,0,,,,Censored No Alarm,0,0,0,0,0,1,0.0034818402491509914,,2019-03-02,,0.131
AAG63PJH,0,0,,,,Censored No Alarm,0,0,0,0,0,1,0.001957080326974392,,2019-03-28,,0.131
AAG63PKH,1,1,2022-05-03,2022-05-22,19.0,On time,1,0,0,0,0,0,0.4877643287181854,0.15129071474075317,2019-03-01,1159.0,0.131
AAG63PLH,0,0,,,,Censored No Alarm,0,0,0,0,0,1,0.002381885889917612,,2019-03-01,,0.131
AAG63RGH,0,0,,,,Censored No Alarm,0,0,0,0,0,1,0.002510997699573636,,2019-03-01,,0.131
AAG63TMH,1,1,2024-08-04,2025-09-02,394.0,Early,0,1,0,1,0,0,0.407270610332489,0.185995414853096,2019-03-02,1982.0,0.131
AAG63TSH,0,0,,,,Censored No Alarm,0,0,0,0,0,1,0.0016425747890025377,,2019-03-28,,0.131
AAG63V6H,0,0,,,,Censored No Alarm,0,0,0,0,0,1,0.06495698541402817,,2019-03-28,,0.131
AAG63WHH,1,1,2025-10-31,2025-11-30,30.0,On time,1,0,0,0,0,0,0.1360742747783661,0.13499175012111664,2019-01-05,2491.0,0.131
AAG63Z8H,1,1,2025-09-13,2025-09-28,15.0,On time,1,0,0,0,0,0,0.40814173221588135,0.16870905458927155,2019-03-01,2388.0,0.131
AAG6417H,1,1,2024-05-28,2024-06-06,9.0,On time,1,0,0,0,0,0,0.38076016306877136,0.14833185076713562,2019-03-01,1915.0,0.131
AAG6436H,0,0,,,,Censored No Alarm,0,0,0,0,0,1,0.0006665447726845741,,2019-06-01,,0.131
AAG64VXH,0,0,,,,Censored No Alarm,0,0,0,0,0,1,0.0166056789457798,,2019-01-05,,0.131
AAG6509H,0,0,,,,Censored No Alarm,0,0,0,0,0,1,0.0025290728081017733,,2019-03-28,,0.131
AAG67UZH,0,0,,,,Censored No Alarm,0,0,0,0,0,1,0.01010347343981266,,2019-03-28,,0.131
AAG67V3H,1,1,2024-07-31,2025-06-20,324.0,Early,0,1,0,1,0,0,0.18463653326034546,0.1400538831949234,2019-03-01,1979.0,0.131
AAG67VBH,0,0,,,,Censored No Alarm,0,0,0,0,0,1,0.009091529995203018,,2019-03-28,,0.131
AAG67W3H,0,0,,,,Censored No Alarm,0,0,0,0,0,1,0.0012461660662665963,,2019-03-01,,0.131
AAG67Z8H,0,0,,,,Censored No Alarm,0,0,0,0,0,1,0.0016384809277951717,,2019-06-01,,0.131
AAG682YH,1,1,2024-02-10,2024-07-04,145.0,Early,0,1,0,1,0,0,0.3255646824836731,0.1505793184041977,2019-03-28,1780.0,0.131
AAG683JH,0,0,,,,Censored No Alarm,0,0,0,0,0,1,0.0028841921593993902,,2019-03-01,,0.131
AAG686GH,0,0,,,,Censored No Alarm,0,0,0,0,0,1,0.001786670763976872,,2019-03-02,,0.131
AAG6870H,0,0,,,,Censored No Alarm,0,0,0,0,0,1,0.004172103945165873,,2019-01-05,,0.131
AAG6878H,0,0,,,,Censored No Alarm,0,0,0,0,0,1,0.0013311553047969937,,2019-01-05,,0.131
AAG687GH,0,0,,,,Censored No Alarm,0,0,0,0,0,1,0.0046714372001588345,,2019-03-01,,0.131
AAG687MH,0,0,,,,Censored No Alarm,0,0,0,0,0,1,0.002538050292059779,,2019-03-28,,0.131
AAG68AGH,0,0,,,,Censored No Alarm,0,0,0,0,0,1,0.0004411503323353827,,2019-06-01,,0.131
AAG68AKH,0,0,,,,Censored No Alarm,0,0,0,0,0,1,0.11160382628440857,,2019-03-02,,0.131
AAG68AUH,0,0,,,,Censored No Alarm,0,0,0,0,0,1,0.0019346146145835519,,2019-01-05,,0.131
AAG68AXH,0,0,,,,Censored No Alarm,0,0,0,0,0,1,0.0032177644316107035,,2019-03-28,,0.131
AAG68BRH,0,0,,,,Censored No Alarm,0,0,0,0,0,1,0.10828898847103119,,2019-01-05,,0.131
AAG68EWH,1,0,,2023-04-01,,Missed,0,0,0,0,1,0,0.07979360967874527,,2019-01-05,,0.131
AAG68EXH,1,0,,2024-06-19,,Missed,0,0,0,0,1,0,0.048174139112234116,,2019-01-05,,0.131
AAG68KVH,0,0,,,,Censored No Alarm,0,0,0,0,0,1,0.005409300327301025,,2019-01-05,,0.131
AAG691PH,0,0,,,,Censored No Alarm,0,0,0,0,0,1,0.0007770819938741624,,2019-06-01,,0.131
AAG691VH,0,0,,,,Censored No Alarm,0,0,0,0,0,1,0.03746069595217705,,2019-01-05,,0.131
AAG69LHH,0,0,,,,Censored No Alarm,0,0,0,0,0,1,0.0003637060581240803,,2019-06-01,,0.131
AAG69TTH,0,0,,,,Censored No Alarm,0,0,0,0,0,1,0.0032695354893803596,,2019-03-01,,0.131
AAG69WWH,0,0,,,,Censored No Alarm,0,0,0,0,0,1,0.0017446953570470214,,2019-01-05,,0.131
AAG69YWH,0,0,,,,Censored No Alarm,0,0,0,0,0,1,0.012700972147285938,,2019-03-02,,0.131
AAG6A03H,0,0,,,,Censored No Alarm,0,0,0,0,0,1,0.0035837264731526375,,2019-03-02,,0.131
AAG6A07H,0,0,,,,Censored No Alarm,0,0,0,0,0,1,0.008526462130248547,,2019-03-01,,0.131
AAG6A0AH,0,0,,,,Censored No Alarm,0,0,0,0,0,1,0.004380880389362574,,2019-01-05,,0.131
AAG6AATH,0,0,,,,Censored No Alarm,0,0,0,0,0,1,0.00047771286335773766,,2019-06-01,,0.131
AAG6AV4H,0,0,,,,Censored No Alarm,0,0,0,0,0,1,0.0026120622642338276,,2019-03-01,,0.131
AAG6AWTH,1,0,,2024-07-08,,Missed,0,0,0,0,1,0,0.12113408744335175,,2019-03-28,,0.131
AAG6AX6H,0,0,,,,Censored No Alarm,0,0,0,0,0,1,0.004226920660585165,,2019-03-28,,0.131
AAG6B4HH,0,0,,,,Censored No Alarm,0,0,0,0,0,1,0.0023561285343021154,,2019-03-28,,0.131
AAG6B5KH,0,0,,,,Censored No Alarm,0,0,0,0,0,1,0.002486608922481537,,2019-03-28,,0.131
AAG6DT9H,1,0,,2019-04-25,,Missed,0,0,0,0,1,0,0.0009360312251374125,,2019-03-01,,0.131
AAG6DVEH,0,0,,,,Censored No Alarm,0,0,0,0,0,1,0.02435091696679592,,2019-03-01,,0.131
AAG6DXTH,0,0,,,,Censored No Alarm,0,0,0,0,0,1,0.020349131897091866,,2019-01-05,,0.131
AAG6E2HH,0,0,,,,Censored No Alarm,0,0,0,0,0,1,0.002049210947006941,,2019-03-28,,0.131
AAG6E60H,0,0,,,,Censored No Alarm,0,0,0,0,0,1,0.005508751142770052,,2019-03-01,,0.131
AAG6E7EH,0,0,,,,Censored No Alarm,0,0,0,0,0,1,0.002462714212015271,,2019-03-28,,0.131
AAG6E7RH,0,0,,,,Censored No Alarm,0,0,0,0,0,1,0.0025158729404211044,,2019-03-02,,0.131
AAG6ESPH,0,0,,,,Censored No Alarm,0,0,0,0,0,1,0.0016915856394916773,,2019-01-05,,0.131
AAG6EVRH,0,0,,,,Censored No Alarm,0,0,0,0,0,1,0.0009124767384491861,,2019-01-05,,0.131
AAG6EX3H,0,0,,,,Censored No Alarm,0,0,0,0,0,1,0.00231563625857234,,2019-01-05,,0.131
AAG6GM1H,0,0,,,,Censored No Alarm,0,0,0,0,0,1,0.0023183906450867653,,2019-03-28,,0.131
AAG6H25H,0,0,,,,Censored No Alarm,0,0,0,0,0,1,0.003522921120747924,,2019-03-01,,0.131
AAG6HG0H,0,0,,,,Censored No Alarm,0,0,0,0,0,1,0.0019222486298531294,,2019-03-01,,0.131
AAG6HSEH,0,0,,,,Censored No Alarm,0,0,0,0,0,1,0.0013278546975925565,,2019-03-02,,0.131
AAG6HYXH,0,0,,,,Censored No Alarm,0,0,0,0,0,1,0.0036361198872327805,,2019-03-02,,0.131
AAG6J1MH,0,0,,,,Censored No Alarm,0,0,0,0,0,1,0.0009337020455859601,,2019-01-05,,0.131
AAG6J1TH,1,0,,2025-10-07,,Missed,0,0,0,0,1,0,0.10601433366537094,,2019-03-01,,0.131
AAG6J2DH,1,0,,2024-01-03,,Missed,0,0,0,0,1,0,0.025153204798698425,,2019-03-28,,0.131
AAG6J2KH,1,1,2022-11-18,2023-10-19,335.0,Early,0,1,0,1,0,0,0.21990258991718292,0.13956455886363983,2019-01-05,1413.0,0.131
AAG6KJ6H,0,0,,,,Censored No Alarm,0,0,0,0,0,1,0.004064613487571478,,2019-03-28,,0.131
AAG6KJPH,0,0,,,,Censored No Alarm,0,0,0,0,0,1,0.002666690619662404,,2019-03-28,,0.131
AAG6KTJH,0,0,,,,Censored No Alarm,0,0,0,0,0,1,0.0013211991172283888,,2019-03-02,,0.131
AAG6KTRH,0,0,,,,Censored No Alarm,0,0,0,0,0,1,0.0014289191458374262,,2019-01-05,,0.131
AAG6KUAH,0,1,2025-12-01,,,Censored Early,0,0,1,1,0,0,0.29181233048439026,0.13603349030017853,2019-01-05,2522.0,0.131
AAG6KUJH,0,0,,,,Censored No Alarm,0,0,0,0,0,1,0.0025385136250406504,,2019-03-01,,0.131
AAG6KV6H,1,0,,2021-11-27,,Missed,0,0,0,0,1,0,0.04016322270035744,,2019-03-01,,0.131
AAG6L88H,0,0,,,,Censored No Alarm,0,0,0,0,0,1,0.0020678844302892685,,2019-03-28,,0.131
AAG6L8VH,0,1,2026-01-02,,,Censored Early,0,0,1,1,0,0,0.21477267146110535,0.15300798416137695,2019-03-28,2472.0,0.131
AAG6LD7H,1,0,,2025-06-16,,Missed,0,0,0,0,1,0,0.02326849475502968,,2019-03-01,,0.131
AAG6LDTH,0,0,,,,Censored No Alarm,0,0,0,0,0,1,0.0026741784531623125,,2019-03-28,,0.131
AAG6LEHH,0,0,,,,Censored No Alarm,0,0,0,0,0,1,0.00196456047706306,,2019-03-01,,0.131
AAG6LEJH,0,0,,,,Censored No Alarm,0,0,0,0,0,1,0.0012769507011398673,,2019-03-01,,0.131
AAG6LG9H,0,0,,,,Censored No Alarm,0,0,0,0,0,1,0.0027593409176915884,,2019-01-05,,0.131
AAG6LTSH,0,0,,,,Censored No Alarm,0,0,0,0,0,1,0.042528215795755386,,2019-03-01,,0.131
AAG6M3BH,0,0,,,,Censored No Alarm,0,0,0,0,0,1,0.0032005007378757,,2019-03-02,,0.131
AAG6M8TH,0,0,,,,Censored No Alarm,0,0,0,0,0,1,0.0019195845816284418,,2019-01-05,,0.131
AAG6MABH,0,0,,,,Censored No Alarm,0,0,0,0,0,1,0.0028586345724761486,,2019-05-04,,0.131
AAG6NEEH,0,0,,,,Censored No Alarm,0,0,0,0,0,1,0.0026692638639360666,,2019-03-28,,0.131
AAG6NP0H,1,1,2024-02-02,2024-09-22,233.0,Early,0,1,0,1,0,0,0.34208929538726807,0.13280965387821198,2019-03-01,1799.0,0.131
AAG6NPRH,1,1,2025-12-03,2026-03-12,99.0,Early,0,1,0,1,0,0,0.3848636746406555,0.16262459754943848,2019-03-01,2469.0,0.131
AAG6NRBH,1,1,2024-04-21,2024-07-11,81.0,Early,0,1,0,1,0,0,0.19488878548145294,0.14764168858528137,2019-03-28,1851.0,0.131
AAG6NRZH,0,0,,,,Censored No Alarm,0,0,0,0,0,1,0.004613643512129784,,2019-03-28,,0.131
AAG6NS8H,0,1,2024-05-05,,,Censored Early,0,0,1,1,0,0,0.14894601702690125,0.1323496401309967,2019-03-28,1865.0,0.131
AAG6NSKH,0,0,,,,Censored No Alarm,0,0,0,0,0,1,0.03786233067512512,,2019-01-05,,0.131
AAG6NVKH,0,0,,,,Censored No Alarm,0,0,0,0,0,1,0.00297731626778841,,2019-01-05,,0.131
AAG6NW3H,0,0,,,,Censored No Alarm,0,0,0,0,0,1,0.00043532566633075476,,2019-06-01,,0.131
AAG6P40H,0,0,,,,Censored No Alarm,0,0,0,0,0,1,0.0015880641294643283,,2019-01-05,,0.131
AAG6P42H,0,0,,,,Censored No Alarm,0,0,0,0,0,1,0.0014559999108314514,,2019-03-01,,0.131
AAG6P4EH,0,0,,,,Censored No Alarm,0,0,0,0,0,1,0.002144814236089587,,2019-03-28,,0.131
AAG6P9AH,0,0,,,,Censored No Alarm,0,0,0,0,0,1,0.0014894272899255157,,2019-03-01,,0.131
AAG6PWBH,0,0,,,,Censored No Alarm,0,0,0,0,0,1,0.0006729195592924953,,2019-03-02,,0.131
AAG6PY2H,0,0,,,,Censored No Alarm,0,0,0,0,0,1,0.0011362457880750299,,2019-01-05,,0.131
AAG6PYLH,0,0,,,,Censored No Alarm,0,0,0,0,0,1,0.0003691207675728947,,2019-06-01,,0.131
AAG6R0AH,0,0,,,,Censored No Alarm,0,0,0,0,0,1,0.0009489304502494633,,2019-06-01,,0.131
AAG6R2RH,0,0,,,,Censored No Alarm,0,0,0,0,0,1,0.0022554295137524605,,2019-03-01,,0.131
AAG6R32H,0,0,,,,Censored No Alarm,0,0,0,0,0,1,0.009105119854211807,,2019-03-01,,0.131
AAG6R48H,0,0,,,,Censored No Alarm,0,0,0,0,0,1,0.0019551801960915327,,2019-03-28,,0.131
AAG6R8UH,0,0,,,,Censored No Alarm,0,0,0,0,0,1,0.002365279709920287,,2019-03-28,,0.131
AAG6T4ZH,0,0,,,,Censored No Alarm,0,0,0,0,0,1,0.0044890535064041615,,2019-03-28,,0.131
AAG6T52H,1,0,,2023-06-10,,Missed,0,0,0,0,1,0,0.0005315200542099774,,2019-06-01,,0.131
AAG6T55H,0,0,,,,Censored No Alarm,0,0,0,0,0,1,0.0009830441558733582,,2019-06-01,,0.131
AAG6T5JH,0,0,,,,Censored No Alarm,0,0,0,0,0,1,0.0034197838976979256,,2019-05-16,,0.131
AAG6T7LH,0,0,,,,Censored No Alarm,0,0,0,0,0,1,0.005941593088209629,,2019-03-01,,0.131
AAG6T9NH,0,0,,,,Censored No Alarm,0,0,0,0,0,1,0.0007543510291725397,,2019-06-01,,0.131
AAG6TA8H,0,0,,,,Censored No Alarm,0,0,0,0,0,1,0.002419969765469432,,2019-01-05,,0.131
AAG6TAHH,0,0,,,,Censored No Alarm,0,0,0,0,0,1,0.0035109275486320257,,2019-06-01,,0.131
AAG6TAKH,0,0,,,,Censored No Alarm,0,0,0,0,0,1,0.0006176119786687195,,2019-06-01,,0.131
AAG6TBBH,0,0,,,,Censored No Alarm,0,0,0,0,0,1,0.0018556154100224376,,2019-03-28,,0.131
AAG6TBJH,0,0,,,,Censored No Alarm,0,0,0,0,0,1,0.00608462980017066,,2019-01-05,,0.131
AAG6THHH,0,0,,,,Censored No Alarm,0,0,0,0,0,1,0.0009225721005350351,,2019-06-01,,0.131
AAG6THJH,0,0,,,,Censored No Alarm,0,0,0,0,0,1,0.0008343466324731708,,2019-06-01,,0.131
AAG6THLH,0,0,,,,Censored No Alarm,0,0,0,0,0,1,0.0017572421347722411,,2019-05-04,,0.131
AAG6TRKH,0,0,,,,Censored No Alarm,0,0,0,0,0,1,0.0015798324020579457,,2019-05-04,,0.131
AAG6TS8H,0,0,,,,Censored No Alarm,0,0,0,0,0,1,0.008168624714016914,,2019-06-01,,0.131
AAG6TSUH,0,0,,,,Censored No Alarm,0,0,0,0,0,1,0.0021579035092145205,,2019-03-28,,0.131
AAG6TT1H,0,0,,,,Censored No Alarm,0,0,0,0,0,1,0.0021679012570530176,,2019-05-16,,0.131
AAG6TT9H,0,0,,,,Censored No Alarm,0,0,0,0,0,1,0.001957542262971401,,2019-03-28,,0.131
AAG6TTNH,0,0,,,,Censored No Alarm,0,0,0,0,0,1,0.004859434440732002,,2019-01-05,,0.131
AAG6TUVH,0,0,,,,Censored No Alarm,0,0,0,0,0,1,0.00074653176125139,,2019-06-01,,0.131
AAG6TVPH,0,0,,,,Censored No Alarm,0,0,0,0,0,1,0.005170997232198715,,2019-03-28,,0.131
AAG6TY4H,0,0,,,,Censored No Alarm,0,0,0,0,0,1,0.0043884990736842155,,2019-06-01,,0.131
AAG6U5AH,0,0,,,,Censored No Alarm,0,0,0,0,0,1,0.002604452194646001,,2019-03-01,,0.131
AAG6UKNH,0,0,,,,Censored No Alarm,0,0,0,0,0,1,0.001493366900831461,,2019-03-28,,0.131
AAG6UMGH,0,0,,,,Censored No Alarm,0,0,0,0,0,1,0.0012671726290136576,,2019-01-05,,0.131
AAG6UMJH,0,0,,,,Censored No Alarm,0,0,0,0,0,1,0.0012313876068219543,,2019-01-05,,0.131
AAG6UNKH,0,0,,,,Censored No Alarm,0,0,0,0,0,1,0.13036847114562988,,2019-06-01,,0.131
AAG6US4H,0,0,,,,Censored No Alarm,0,0,0,0,0,1,0.002668961649760604,,2019-03-01,,0.131
AAG6UT0H,0,0,,,,Censored No Alarm,0,0,0,0,0,1,0.0008213659166358411,,2019-06-01,,0.131
AAG6UU8H,0,0,,,,Censored No Alarm,0,0,0,0,0,1,0.04195152968168259,,2019-01-05,,0.131
AAG6UZTH,0,0,,,,Censored No Alarm,0,0,0,0,0,1,0.00353820389136672,,2019-03-28,,0.131
AAG6V1MH,0,0,,,,Censored No Alarm,0,0,0,0,0,1,0.002068030182272196,,2019-03-28,,0.131
AAG6V71H,0,0,,,,Censored No Alarm,0,0,0,0,0,1,0.0027223259676247835,,2019-03-01,,0.131
AAG6V7DH,0,0,,,,Censored No Alarm,0,0,0,0,0,1,0.002601759508252144,,2019-03-01,,0.131
AAG6V7VH,0,0,,,,Censored No Alarm,0,0,0,0,0,1,0.0013513370649889112,,2019-03-01,,0.131
AAG6VHXH,0,0,,,,Censored No Alarm,0,0,0,0,0,1,0.0007445066003128886,,2019-06-01,,0.131
AAG6VJKH,0,0,,,,Censored No Alarm,0,0,0,0,0,1,0.004615609999746084,,2019-03-28,,0.131
AAG6VM8H,0,0,,,,Censored No Alarm,0,0,0,0,0,1,0.0022706608287990093,,2019-03-28,,0.131
AAG6VMBH,0,0,,,,Censored No Alarm,0,0,0,0,0,1,0.002796843880787492,,2019-03-01,,0.131
AAG6VMGH,0,0,,,,Censored No Alarm,0,0,0,0,0,1,0.002600067062303424,,2019-03-01,,0.131
AAG6X6JH,0,0,,,,Censored No Alarm,0,0,0,0,0,1,0.001464697765186429,,2019-03-28,,0.131
AAG6XU7H,1,1,2019-06-30,2020-05-23,328.0,Early,0,1,0,1,0,0,0.6839786767959595,0.16569778323173523,2019-05-04,57.0,0.131
AAG6XWGH,0,0,,,,Censored No Alarm,0,0,0,0,0,1,0.005637220572680235,,2019-03-01,,0.131
AAG6XWJH,1,0,,2025-04-04,,Missed,0,0,0,0,1,0,0.12276457995176315,,2019-03-28,,0.131
AAG6XXWH,0,0,,,,Censored No Alarm,0,0,0,0,0,1,0.0026286831125617027,,2019-01-05,,0.131
AAG6XYBH,0,0,,,,Censored No Alarm,0,0,0,0,0,1,0.0007267523906193674,,2019-06-01,,0.131
AAG6XYNH,0,0,,,,Censored No Alarm,0,0,0,0,0,1,0.001268816995434463,,2019-06-01,,0.131
AAG6XZ6H,0,0,,,,Censored No Alarm,0,0,0,0,0,1,0.0019164152909070253,,2019-03-28,,0.131
AAG6XZNH,0,0,,,,Censored No Alarm,0,0,0,0,0,1,0.0006462651654146612,,2019-06-01,,0.131
AAG6Y0GH,0,0,,,,Censored No Alarm,0,0,0,0,0,1,0.05814195051789284,,2019-03-01,,0.131
AAG6Y0KH,0,0,,,,Censored No Alarm,0,0,0,0,0,1,0.0022968221455812454,,2019-01-05,,0.131
AAG6Y1BH,0,0,,,,Censored No Alarm,0,0,0,0,0,1,0.0022862288169562817,,2019-03-02,,0.131
AAG6Y3LH,0,0,,,,Censored No Alarm,0,0,0,0,0,1,0.002622328931465745,,2019-03-28,,0.131
AAG6Y3UH,0,0,,,,Censored No Alarm,0,0,0,0,0,1,0.0007027860265225172,,2019-06-01,,0.131
AAG6Y41H,0,0,,,,Censored No Alarm,0,0,0,0,0,1,0.0016847935039550066,,2019-01-05,,0.131
AAG6Y46H,0,0,,,,Censored No Alarm,0,0,0,0,0,1,0.0010401926701888442,,2019-06-01,,0.131
AAG6YZ1H,0,0,,,,Censored No Alarm,0,0,0,0,0,1,0.0022999788634479046,,2019-03-28,,0.131
AAG6YZ9H,0,0,,,,Censored No Alarm,0,0,0,0,0,1,0.0024341237731277943,,2019-01-05,,0.131
AAG6Z0DH,0,0,,,,Censored No Alarm,0,0,0,0,0,1,0.0016002535121515393,,2019-01-05,,0.131
AAG6Z17H,0,0,,,,Censored No Alarm,0,0,0,0,0,1,0.0004875893355347216,,2019-06-01,,0.131
AAG6Z1MH,0,0,,,,Censored No Alarm,0,0,0,0,0,1,0.0012141249608248472,,2019-03-01,,0.131
AAG6Z1XH,0,0,,,,Censored No Alarm,0,0,0,0,0,1,0.0015340837417170405,,2019-03-01,,0.131
AAG6Z2DH,0,0,,,,Censored No Alarm,0,0,0,0,0,1,0.004153531044721603,,2019-03-01,,0.131
AAG6Z2RH,0,0,,,,Censored No Alarm,0,0,0,0,0,1,0.0006295983912423253,,2019-06-01,,0.131
AAG6Z42H,1,0,,2024-11-24,,Missed,0,0,0,0,1,0,0.03287298604846001,,2019-01-05,,0.131
AAG6Z4VH,0,0,,,,Censored No Alarm,0,0,0,0,0,1,0.004996290430426598,,2019-03-01,,0.131
AAG6Z53H,0,0,,,,Censored No Alarm,0,0,0,0,0,1,0.003918393515050411,,2019-05-16,,0.131
AAG6ZJ9H,0,0,,,,Censored No Alarm,0,0,0,0,0,1,0.001176289631985128,,2019-03-01,,0.131
AAG705GH,0,0,,,,Censored No Alarm,0,0,0,0,0,1,0.007306190207600594,,2019-03-01,,0.131
AAG7078H,0,0,,,,Censored No Alarm,0,0,0,0,0,1,0.013636868447065353,,2019-05-04,,0.131
AAG70HDH,0,0,,,,Censored No Alarm,0,0,0,0,0,1,0.0013342013116925955,,2019-01-05,,0.131
AAG70JEH,0,0,,,,Censored No Alarm,0,0,0,0,0,1,0.010736915282905102,,2019-06-01,,0.131
AAG70U9H,0,0,,,,Censored No Alarm,0,0,0,0,0,1,0.009445680305361748,,2019-01-05,,0.131
AAG73ZWH,0,0,,,,Censored No Alarm,0,0,0,0,0,1,0.003532840171828866,,2019-01-05,,0.131
AAG73ZZH,0,0,,,,Censored No Alarm,0,0,0,0,0,1,0.0021514149848371744,,2019-03-28,,0.131
AAG740EH,0,0,,,,Censored No Alarm,0,0,0,0,0,1,0.004047066438943148,,2019-01-05,,0.131
AAG740NH,0,0,,,,Censored No Alarm,0,0,0,0,0,1,0.0004933815798722208,,2019-06-01,,0.131
AAG740WH,0,0,,,,Censored No Alarm,0,0,0,0,0,1,0.0017642882885411382,,2019-03-01,,0.131
AAG740YH,0,0,,,,Censored No Alarm,0,0,0,0,0,1,0.0012264379765838385,,2019-03-28,,0.131
AAG741PH,0,0,,,,Censored No Alarm,0,0,0,0,0,1,0.002775487257167697,,2019-03-28,,0.131
AAG742EH,0,0,,,,Censored No Alarm,0,0,0,0,0,1,0.004278990440070629,,2019-03-28,,0.131
AAG742JH,0,0,,,,Censored No Alarm,0,0,0,0,0,1,0.011055637151002884,,2019-06-01,,0.131
AAG742WH,0,0,,,,Censored No Alarm,0,0,0,0,0,1,0.003461291315034032,,2019-01-05,,0.131
AAG7431H,0,0,,,,Censored No Alarm,0,0,0,0,0,1,0.0014750704867765307,,2019-01-05,,0.131
AAG743EH,0,0,,,,Censored No Alarm,0,0,0,0,0,1,0.0012253421591594815,,2019-06-01,,0.131
AAG743UH,0,0,,,,Censored No Alarm,0,0,0,0,0,1,0.003576881717890501,,2019-01-05,,0.131
AAG743VH,0,0,,,,Censored No Alarm,0,0,0,0,0,1,0.00838998518884182,,2019-01-05,,0.131
AAG7454H,0,0,,,,Censored No Alarm,0,0,0,0,0,1,0.0025924411602318287,,2019-03-28,,0.131
AAG74DKH,0,0,,,,Censored No Alarm,0,0,0,0,0,1,0.0016617529327049851,,2019-05-04,,0.131
AAG74EAH,1,1,2023-04-30,2025-07-27,819.0,Early,0,1,0,1,0,0,0.6790545582771301,0.14707204699516296,2019-05-04,1457.0,0.131
AAG74EBH,0,0,,,,Censored No Alarm,0,0,0,0,0,1,0.004979105666279793,,2019-03-28,,0.131
AAG74EYH,0,0,,,,Censored No Alarm,0,0,0,0,0,1,0.0009452254162169993,,2019-06-01,,0.131
AAG74EZH,0,0,,,,Censored No Alarm,0,0,0,0,0,1,0.00043550788541324437,,2019-06-01,,0.131
AAG74VHH,0,0,,,,Censored No Alarm,0,0,0,0,0,1,0.0032642625737935305,,2019-03-01,,0.131
AAG74WRH,0,0,,,,Censored No Alarm,0,0,0,0,0,1,0.0009158152970485389,,2019-06-01,,0.131
AAG76HYH,1,1,2021-08-31,2021-09-29,29.0,On time,1,0,0,0,0,0,0.7738001942634583,0.26293644309043884,2019-03-02,913.0,0.131
AAG77A5H,0,0,,,,Censored No Alarm,0,0,0,0,0,1,0.0004137408977840096,,2019-06-01,,0.131
AAG799NH,0,0,,,,Censored No Alarm,0,0,0,0,0,1,0.0006731693283654749,,2019-03-02,,0.131
AAG79B0H,0,0,,,,Censored No Alarm,0,0,0,0,0,1,0.0026963623240590096,,2019-03-28,,0.131
AAG7A8EH,0,0,,,,Censored No Alarm,0,0,0,0,0,1,0.0011083573335781693,,2019-06-01,,0.131
AAG7A9KH,0,0,,,,Censored No Alarm,0,0,0,0,0,1,0.005193212069571018,,2019-01-05,,0.131
AAG7ADMH,0,0,,,,Censored No Alarm,0,0,0,0,0,1,0.0035156470257788897,,2019-05-16,,0.131
AAG7AGWH,0,0,,,,Censored No Alarm,0,0,0,0,0,1,0.0015639554476365447,,2019-05-04,,0.131
AAG7AHMH,0,0,,,,Censored No Alarm,0,0,0,0,0,1,0.0003839820856228471,,2019-06-01,,0.131
AAG7BP3H,0,0,,,,Censored No Alarm,0,0,0,0,0,1,0.0010009667603299022,,2019-06-01,,0.131
AAG7BPKH,0,0,,,,Censored No Alarm,0,0,0,0,0,1,0.0006305603892542422,,2019-06-01,,0.131
AAG7BRGH,0,0,,,,Censored No Alarm,0,0,0,0,0,1,0.0011427390854805708,,2019-01-05,,0.131
AAG7BS8H,0,0,,,,Censored No Alarm,0,0,0,0,0,1,0.012004336342215538,,2019-03-01,,0.131
AAG7BWAH,0,0,,,,Censored No Alarm,0,0,0,0,0,1,0.0023108578752726316,,2019-03-28,,0.131
AAG7D1SH,0,0,,,,Censored No Alarm,0,0,0,0,0,1,0.0011122602736577392,,2019-06-01,,0.131
AAG7D29H,0,0,,,,Censored No Alarm,0,0,0,0,0,1,0.005319315008819103,,2019-03-28,,0.131
AAG7D2PH,0,0,,,,Censored No Alarm,0,0,0,0,0,1,0.0004222554271109402,,2019-06-01,,0.131
AAG7D48H,0,0,,,,Censored No Alarm,0,0,0,0,0,1,0.001177110243588686,,2019-06-01,,0.131
AAG7D4DH,0,0,,,,Censored No Alarm,0,0,0,0,0,1,0.005007931496948004,,2019-03-01,,0.131
AAG7D85H,0,0,,,,Censored No Alarm,0,0,0,0,0,1,0.018590688705444336,,2019-06-01,,0.131
AAG7DPYH,0,0,,,,Censored No Alarm,0,0,0,0,0,1,0.0783558115363121,,2019-03-01,,0.131
AAG7DRDH,0,0,,,,Censored No Alarm,0,0,0,0,0,1,0.000974209513515234,,2019-03-01,,0.131
AAG7DS9H,0,0,,,,Censored No Alarm,0,0,0,0,0,1,0.020598413422703743,,2019-03-01,,0.131
AAG7DW0H,0,0,,,,Censored No Alarm,0,0,0,0,0,1,0.0016369123477488756,,2019-05-04,,0.131
AAG7E1MH,0,0,,,,Censored No Alarm,0,0,0,0,0,1,0.0025444345083087683,,2019-03-01,,0.131
AAG7E1PH,0,0,,,,Censored No Alarm,0,0,0,0,0,1,0.001118268701247871,,2019-01-05,,0.131
AAG7E2HH,0,0,,,,Censored No Alarm,0,0,0,0,0,1,0.0014465453568845987,,2019-03-02,,0.131
AAG7LG4H,0,0,,,,Censored No Alarm,0,0,0,0,0,1,0.0021114794071763754,,2019-03-01,,0.131
AAG7LG7H,0,0,,,,Censored No Alarm,0,0,0,0,0,1,0.0019224241841584444,,2019-05-16,,0.131
AAG7LHYH,0,0,,,,Censored No Alarm,0,0,0,0,0,1,0.002580162836238742,,2019-03-28,,0.131
AAG7LNAH,0,0,,,,Censored No Alarm,0,0,0,0,0,1,0.00043652975000441074,,2019-06-01,,0.131
AAG7LSWH,0,0,,,,Censored No Alarm,0,0,0,0,0,1,0.002496561501175165,,2019-01-05,,0.131
AAG7LTHH,1,1,2024-07-29,2024-07-29,0.0,On time,1,0,0,0,0,0,0.1763983517885208,0.1763983517885208,2019-03-28,1950.0,0.131
AAG7LZEH,0,0,,,,Censored No Alarm,0,0,0,0,0,1,0.002458183793351054,,2019-03-02,,0.131
AAG7M25H,0,0,,,,Censored No Alarm,0,0,0,0,0,1,0.0008333451114594936,,2019-06-01,,0.131
AAG7M3NH,0,0,,,,Censored No Alarm,0,0,0,0,0,1,0.0009084490593522787,,2019-06-01,,0.131
AAG7M3TH,0,0,,,,Censored No Alarm,0,0,0,0,0,1,0.0048560528084635735,,2019-03-28,,0.131
AAG7MMDH,0,0,,,,Censored No Alarm,0,0,0,0,0,1,0.004571867175400257,,2019-05-16,,0.131
AAG7MP8H,0,0,,,,Censored No Alarm,0,0,0,0,0,1,0.0006696998025290668,,2019-06-01,,0.131
AAG7MULH,1,1,2026-02-13,2026-03-13,28.0,On time,1,0,0,0,0,0,0.463980108499527,0.35034218430519104,2019-03-02,2540.0,0.131
AAG7MUNH,0,0,,,,Censored No Alarm,0,0,0,0,0,1,0.007820512168109417,,2019-06-01,,0.131
AAG7MVMH,0,0,,,,Censored No Alarm,0,0,0,0,0,1,0.0019722250290215015,,2019-03-02,,0.131
AAG7N3ZH,0,0,,,,Censored No Alarm,0,0,0,0,0,1,0.0022111244034022093,,2019-03-28,,0.131
AAG7N5WH,0,0,,,,Censored No Alarm,0,0,0,0,0,1,0.0036113006062805653,,2019-03-28,,0.131
AAG7N62H,0,0,,,,Censored No Alarm,0,0,0,0,0,1,0.0004480323405005038,,2019-06-01,,0.131
AAG7N63H,0,0,,,,Censored No Alarm,0,0,0,0,0,1,0.0018887014593929052,,2019-03-28,,0.131
AAG7N6MH,0,0,,,,Censored No Alarm,0,0,0,0,0,1,0.0029137765523046255,,2019-05-04,,0.131
AAG7PPHH,1,0,,2025-10-28,,Missed,0,0,0,0,1,0,0.015562966465950012,,2019-03-02,,0.131
AAG7R02H,0,0,,,,Censored No Alarm,0,0,0,0,0,1,0.0028700963594019413,,2019-06-01,,0.131
AAG7R5VH,0,0,,,,Censored No Alarm,0,0,0,0,0,1,0.0004931128351017833,,2019-06-01,,0.131
AAG7R93H,0,0,,,,Censored No Alarm,0,0,0,0,0,1,0.0007680283160880208,,2019-06-01,,0.131
AAG7RA1H,0,0,,,,Censored No Alarm,0,0,0,0,0,1,0.0018460125429555774,,2019-01-05,,0.131
AAG7RAMH,0,0,,,,Censored No Alarm,0,0,0,0,0,1,0.0036159136798232794,,2019-03-02,,0.131
AAG7RBDH,0,0,,,,Censored No Alarm,0,0,0,0,0,1,0.0015917730052024126,,2019-05-04,,0.131
AAG90D8H,0,0,,,,Censored No Alarm,0,0,0,0,0,1,0.0034445684868842363,,2019-05-04,,0.131
AAG9VK6H,0,0,,,,Censored No Alarm,0,0,0,0,0,1,0.001822997466661036,,2019-03-02,,0.131
AAGA4YNH,0,0,,,,Censored No Alarm,0,0,0,0,0,1,0.0007329359068535268,,2019-06-01,,0.131
AAGA7W1H,1,0,,2023-04-11,,Missed,0,0,0,0,1,0,0.07748439908027649,,2019-03-01,,0.131
AAGA9E3H,0,0,,,,Censored No Alarm,0,0,0,0,0,1,0.0010088759008795023,,2019-05-04,,0.131
AAGH3VWH,0,0,,,,Censored No Alarm,0,0,0,0,0,1,0.0023529876489192247,,2019-05-27,,0.131
AAGMU4TH,0,0,,,,Censored No Alarm,0,0,0,0,0,1,0.0023743505589663982,,2019-05-04,,0.131
AAGN9D2H,1,0,,2023-09-17,,Missed,0,0,0,0,1,0,0.0008702666382305324,,2019-05-04,,0.131
AAGP62KH,0,0,,,,Censored No Alarm,0,0,0,0,0,1,0.0014481628313660622,,2019-06-01,,0.131
AAGUS87H,0,0,,,,Censored No Alarm,0,0,0,0,0,1,0.001694628968834877,,2019-08-14,,0.131
AAGVX4UH,0,0,,,,Censored No Alarm,0,0,0,0,0,1,0.0016697858227416873,,2019-05-04,,0.131
AAGWTB0H,0,0,,,,Censored No Alarm,0,0,0,0,0,1,0.07498077303171158,,2019-06-01,,0.131
AAGXDBZH,0,1,2023-09-06,,,Censored Early,0,0,1,1,0,0,0.2701960504055023,0.15530289709568024,2019-05-16,1574.0,0.131
AAGXLP2H,0,0,,,,Censored No Alarm,0,0,0,0,0,1,0.0010477713076397777,,2019-06-01,,0.131
AAGXMJSH,0,0,,,,Censored No Alarm,0,0,0,0,0,1,0.0017390009015798569,,2019-05-04,,0.131
AAGXU8YH,0,0,,,,Censored No Alarm,0,0,0,0,0,1,0.003611463587731123,,2019-05-16,,0.131
AAGXUBRH,0,0,,,,Censored No Alarm,0,0,0,0,0,1,0.0010391734540462494,,2019-05-04,,0.131
AAGXV97H,0,0,,,,Censored No Alarm,0,0,0,0,0,1,0.006717234384268522,,2024-03-13,,0.131
AAGXW8VH,0,0,,,,Censored No Alarm,0,0,0,0,0,1,0.0016023017233237624,,2019-08-14,,0.131
AAGXWUWH,0,0,,,,Censored No Alarm,0,0,0,0,0,1,0.0018080384470522404,,2019-05-04,,0.131
AAGXY3MH,1,0,,2025-04-09,,Missed,0,0,0,0,1,0,0.014503605663776398,,2019-05-16,,0.131
AAH22T7H,0,0,,,,Censored No Alarm,0,0,0,0,0,1,0.05967387557029724,,2019-05-04,,0.131
AAH4NTGH,0,0,,,,Censored No Alarm,0,0,0,0,0,1,0.0009983991039916873,,2019-05-04,,0.131
AAH6DU2H,0,1,2024-11-28,,,Censored Early,0,0,1,1,0,0,0.23875322937965393,0.16983595490455627,2019-08-14,1933.0,0.131
AAH78SAH,0,0,,,,Censored No Alarm,0,0,0,0,0,1,0.00187453324906528,,2019-05-04,,0.131
AAH7HJSH,0,0,,,,Censored No Alarm,0,0,0,0,0,1,0.001716076978482306,,2019-05-04,,0.131
AAH7HKHH,0,0,,,,Censored No Alarm,0,0,0,0,0,1,0.004470726475119591,,2019-05-04,,0.131
AAH7HNDH,0,0,,,,Censored No Alarm,0,0,0,0,0,1,0.0029845465905964375,,2019-05-04,,0.131
AAH7X19H,0,0,,,,Censored No Alarm,0,0,0,0,0,1,0.0018341621616855264,,2019-05-04,,0.131
AAH86SEH,0,0,,,,Censored No Alarm,0,0,0,0,0,1,0.0018068485660478473,,2019-05-04,,0.131
AAH8BLDH,0,0,,,,Censored No Alarm,0,0,0,0,0,1,0.003980214707553387,,2019-05-04,,0.131
AAH8HPVH,0,0,,,,Censored No Alarm,0,0,0,0,0,1,0.0489383228123188,,2019-05-04,,0.131
AAH8LPUH,0,0,,,,Censored No Alarm,0,0,0,0,0,1,0.0011180200381204486,,2019-05-04,,0.131
AAH8P7WH,0,0,,,,Censored No Alarm,0,0,0,0,0,1,0.0006032153614796698,,2019-05-27,,0.131
AAH8R0LH,0,0,,,,Censored No Alarm,0,0,0,0,0,1,0.004110759124159813,,2019-05-04,,0.131
AAH8RG4H,0,0,,,,Censored No Alarm,0,0,0,0,0,1,0.005042650271207094,,2019-05-04,,0.131
AAH8V76H,0,0,,,,Censored No Alarm,0,0,0,0,0,1,0.0012223987141624093,,2019-05-04,,0.131
AAH8V7KH,0,0,,,,Censored No Alarm,0,0,0,0,0,1,0.0016943056834861636,,2019-05-04,,0.131
AAH90NAH,1,0,,2023-04-19,,Missed,0,0,0,0,1,0,0.03913049399852753,,2019-05-04,,0.131
AAH919BH,0,0,,,,Censored No Alarm,0,0,0,0,0,1,0.0040702493861317635,,2019-05-04,,0.131
AAH9285H,0,0,,,,Censored No Alarm,0,0,0,0,0,1,0.0017529932083562016,,2019-05-04,,0.131
AAH92GHH,0,0,,,,Censored No Alarm,0,0,0,0,0,1,0.0029898041393607855,,2019-05-04,,0.131
AAH92HRH,0,0,,,,Censored No Alarm,0,0,0,0,0,1,0.001568027539178729,,2019-05-04,,0.131
AAH92JGH,0,0,,,,Censored No Alarm,0,0,0,0,0,1,0.005356084555387497,,2019-05-04,,0.131
AAH92V3H,0,0,,,,Censored No Alarm,0,0,0,0,0,1,0.0020525087602436543,,2019-05-04,,0.131
AAH9301H,1,0,,2023-12-23,,Missed,0,0,0,0,1,0,0.1267932802438736,,2019-05-04,,0.131
AAH9305H,0,0,,,,Censored No Alarm,0,0,0,0,0,1,0.0042661577463150024,,2019-05-04,,0.131
AAH9307H,1,0,,2023-04-09,,Missed,0,0,0,0,1,0,0.0016031869454309344,,2019-05-04,,0.131
AAH93MDH,0,0,,,,Censored No Alarm,0,0,0,0,0,1,0.04758946970105171,,2019-05-04,,0.131
AAH93RZH,0,0,,,,Censored No Alarm,0,0,0,0,0,1,0.003229626454412937,,2019-05-04,,0.131
AAH953TH,0,0,,,,Censored No Alarm,0,0,0,0,0,1,0.004177549853920937,,2019-05-04,,0.131
AAH9618H,0,0,,,,Censored No Alarm,0,0,0,0,0,1,0.0024519816506654024,,2019-05-04,,0.131
AAH9689H,0,0,,,,Censored No Alarm,0,0,0,0,0,1,0.0015793677885085344,,2019-05-04,,0.131
AAH96AUH,0,0,,,,Censored No Alarm,0,0,0,0,0,1,0.02635212056338787,,2019-05-04,,0.131
AAH97BZH,0,1,2025-10-03,,,Censored Early,0,0,1,1,0,0,0.177230566740036,0.14755606651306152,2019-05-04,2344.0,0.131
AAH99PNH,0,0,,,,Censored No Alarm,0,0,0,0,0,1,0.002297398168593645,,2019-05-04,,0.131
AAH9BERH,0,0,,,,Censored No Alarm,0,0,0,0,0,1,0.0011844480177387595,,2019-05-04,,0.131
AAHAS1MH,0,0,,,,Censored No Alarm,0,0,0,0,0,1,0.0006856122054159641,,2019-05-27,,0.131
AAHAS9TH,0,0,,,,Censored No Alarm,0,0,0,0,0,1,0.0008234712877310812,,2019-05-27,,0.131
AAHB6YXH,0,0,,,,Censored No Alarm,0,0,0,0,0,1,0.0006594144506379962,,2019-05-27,,0.131
AAHB8Z9H,0,0,,,,Censored No Alarm,0,0,0,0,0,1,0.0018152862321585417,,2019-05-27,,0.131
AAHBKUHH,0,0,,,,Censored No Alarm,0,0,0,0,0,1,0.0008320076740346849,,2019-05-27,,0.131
AAHD7S9H,0,0,,,,Censored No Alarm,0,0,0,0,0,1,0.004138363990932703,,2019-05-19,,0.131
AAHDJD5H,0,0,,,,Censored No Alarm,0,0,0,0,0,1,0.00046374552766792476,,2019-05-27,,0.131
AAHDJDSH,0,0,,,,Censored No Alarm,0,0,0,0,0,1,0.0004439446784090251,,2019-05-27,,0.131
AAHDJH3H,0,0,,,,Censored No Alarm,0,0,0,0,0,1,0.000558585103135556,,2019-05-27,,0.131
AAHDUS5H,0,0,,,,Censored No Alarm,0,0,0,0,0,1,0.0006979642785154283,,2019-05-27,,0.131
AAHDUT6H,0,0,,,,Censored No Alarm,0,0,0,0,0,1,0.0007476890459656715,,2019-05-27,,0.131
AAHDYR0H,0,0,,,,Censored No Alarm,0,0,0,0,0,1,0.000778150511905551,,2019-05-27,,0.131
AAHE23AH,0,0,,,,Censored No Alarm,0,0,0,0,0,1,0.00028152819140814245,,2019-05-27,,0.131
AAHE4SAH,0,0,,,,Censored No Alarm,0,0,0,0,0,1,0.00047015055315569043,,2019-05-27,,0.131
AAHEAGWH,0,0,,,,Censored No Alarm,0,0,0,0,0,1,0.002096918411552906,,2019-05-27,,0.131
AAHEAHLH,0,0,,,,Censored No Alarm,0,0,0,0,0,1,0.0005222345353104174,,2019-05-27,,0.131
AAHED32H,0,0,,,,Censored No Alarm,0,0,0,0,0,1,0.0006301986868493259,,2019-05-27,,0.131
AAHED3GH,0,0,,,,Censored No Alarm,0,0,0,0,0,1,0.02662452682852745,,2019-05-27,,0.131
AAHED8NH,0,0,,,,Censored No Alarm,0,0,0,0,0,1,0.00043816649122163653,,2019-05-27,,0.131
AAHED98H,0,0,,,,Censored No Alarm,0,0,0,0,0,1,0.0007955362088978291,,2019-05-27,,0.131
AAHEEVKH,0,0,,,,Censored No Alarm,0,0,0,0,0,1,0.0004777627473231405,,2019-05-27,,0.131
AAHEHEEH,0,0,,,,Censored No Alarm,0,0,0,0,0,1,0.00034194361069239676,,2019-05-27,,0.131
AAHEHHMH,0,0,,,,Censored No Alarm,0,0,0,0,0,1,0.00045368968858383596,,2019-05-27,,0.131
AAHEHJ0H,0,0,,,,Censored No Alarm,0,0,0,0,0,1,0.0009106328943744302,,2019-06-01,,0.131
AAHEHJ1H,0,0,,,,Censored No Alarm,0,0,0,0,0,1,0.0004904217785224319,,2019-05-27,,0.131
AAHEHL5H,0,0,,,,Censored No Alarm,0,0,0,0,0,1,0.0013435205910354853,,2019-05-27,,0.131
AAHEHP8H,0,0,,,,Censored No Alarm,0,0,0,0,0,1,0.0017719505121931434,,2019-05-27,,0.131
AAHEHRSH,0,0,,,,Censored No Alarm,0,0,0,0,0,1,0.0008232311229221523,,2019-05-27,,0.131
AAHEHS0H,0,0,,,,Censored No Alarm,0,0,0,0,0,1,0.0004075383476447314,,2019-05-27,,0.131
AAHEHTDH,0,0,,,,Censored No Alarm,0,0,0,0,0,1,0.0005017094081267715,,2019-05-27,,0.131
AAHEHTNH,0,0,,,,Censored No Alarm,0,0,0,0,0,1,0.0006522804033011198,,2019-05-27,,0.131
AAHEHTPH,0,0,,,,Censored No Alarm,0,0,0,0,0,1,0.00047206992167048156,,2019-05-27,,0.131
AAHEHVUH,0,0,,,,Censored No Alarm,0,0,0,0,0,1,0.0006035511614754796,,2019-05-27,,0.131
AAHEHY7H,0,0,,,,Censored No Alarm,0,0,0,0,0,1,0.0005608871579170227,,2019-05-27,,0.131
AAHEHZ2H,0,0,,,,Censored No Alarm,0,0,0,0,0,1,0.0005782407824881375,,2019-05-27,,0.131
AAHEHZPH,0,0,,,,Censored No Alarm,0,0,0,0,0,1,0.0007703761220909655,,2019-05-27,,0.131
AAHEHZXH,0,0,,,,Censored No Alarm,0,0,0,0,0,1,0.0013141731033101678,,2019-05-27,,0.131
AAHEJ43H,0,0,,,,Censored No Alarm,0,0,0,0,0,1,0.0005250100512057543,,2019-05-27,,0.131
AAHEJ4KH,0,0,,,,Censored No Alarm,0,0,0,0,0,1,0.0005463353008963168,,2019-05-27,,0.131
AAHEJ76H,0,0,,,,Censored No Alarm,0,0,0,0,0,1,0.0006582700880244374,,2019-05-27,,0.131
AAHEJDXH,0,0,,,,Censored No Alarm,0,0,0,0,0,1,0.002975435694679618,,2019-05-27,,0.131
AAHEJE4H,0,0,,,,Censored No Alarm,0,0,0,0,0,1,0.0007105385884642601,,2019-05-27,,0.131
AAHEJHKH,0,0,,,,Censored No Alarm,0,0,0,0,0,1,0.0004125902196392417,,2019-05-27,,0.131
AAHGYKJH,1,0,,2024-07-24,,Missed,0,0,0,0,1,0,0.011612320318818092,,2019-08-13,,0.131
AAHH59AH,0,0,,,,Censored No Alarm,0,0,0,0,0,1,0.0010136931668967009,,2019-08-14,,0.131
AAHHAXAH,0,0,,,,Censored No Alarm,0,0,0,0,0,1,0.0006379139958880842,,2019-08-13,,0.131
AAHHXJ2H,0,0,,,,Censored No Alarm,0,0,0,0,0,1,0.0017808870179578662,,2019-08-13,,0.131
AAHJG5XH,0,0,,,,Censored No Alarm,0,0,0,0,0,1,0.0020614934619516134,,2019-08-14,,0.131
AAHJP8BH,0,0,,,,Censored No Alarm,0,0,0,0,0,1,0.03545814007520676,,2019-06-01,,0.131
AAHK5PUH,0,0,,,,Censored No Alarm,0,0,0,0,0,1,0.014440452679991722,,2019-06-01,,0.131
AAHK8NRH,0,0,,,,Censored No Alarm,0,0,0,0,0,1,0.0011101062409579754,,2019-08-13,,0.131
AAHKERJH,1,0,,2026-01-13,,Missed,0,0,0,0,1,0,0.07058871537446976,,2019-08-13,,0.131
AAHKKR8H,0,0,,,,Censored No Alarm,0,0,0,0,0,1,0.0012395508820191026,,2019-08-14,,0.131
AAHKLDKH,0,0,,,,Censored No Alarm,0,0,0,0,0,1,0.001051607308909297,,2019-06-01,,0.131
AAHKM55H,1,0,,2025-03-25,,Missed,0,0,0,0,1,0,0.0436473973095417,,2019-08-14,,0.131
AAHKMW2H,1,0,,2022-01-12,,Missed,0,0,0,0,1,0,0.005574424751102924,,2019-06-01,,0.131
AAHKS17H,1,0,,2025-07-07,,Missed,0,0,0,0,1,0,0.04904258996248245,,2019-06-01,,0.131
AAHKWLAH,0,1,2025-06-13,,,Censored Early,0,0,1,1,0,0,0.22444066405296326,0.1377934217453003,2019-08-14,2130.0,0.131
AAHKX43H,1,0,,2019-11-25,,Missed,0,0,0,0,1,0,0.047826625406742096,,2019-08-14,,0.131
AAHKXKYH,0,0,,,,Censored No Alarm,0,0,0,0,0,1,0.025066472589969635,,2019-08-13,,0.131
AAHKXLYH,0,0,,,,Censored No Alarm,0,0,0,0,0,1,0.0009045596816577017,,2019-08-14,,0.131
AAHKXNHH,0,0,,,,Censored No Alarm,0,0,0,0,0,1,0.012800854630768299,,2019-08-14,,0.131
AAHKXZ7H,0,0,,,,Censored No Alarm,0,0,0,0,0,1,0.0005434000049717724,,2019-08-14,,0.131
AAHKYETH,0,0,,,,Censored No Alarm,0,0,0,0,0,1,0.0036812343169003725,,2019-05-16,,0.131
AAHL0PKH,0,0,,,,Censored No Alarm,0,0,0,0,0,1,0.001244900282472372,,2019-08-13,,0.131
AAHL0TLH,0,0,,,,Censored No Alarm,0,0,0,0,0,1,0.02203504927456379,,2019-06-01,,0.131
AAHL4K8H,0,0,,,,Censored No Alarm,0,0,0,0,0,1,0.005927623249590397,,2019-05-16,,0.131
AAHL5LRH,1,1,2024-08-20,2024-09-01,12.0,On time,1,0,0,0,0,0,0.14635920524597168,0.13963940739631653,2019-08-13,1834.0,0.131
AAHL9A9H,0,0,,,,Censored No Alarm,0,0,0,0,0,1,0.053253885358572006,,2019-08-13,,0.131
AAHL9XJH,0,0,,,,Censored No Alarm,0,0,0,0,0,1,0.01501448079943657,,2019-08-14,,0.131
AAHL9XLH,0,0,,,,Censored No Alarm,0,0,0,0,0,1,0.0020348012913018465,,2019-08-14,,0.131
AAHL9Y3H,0,0,,,,Censored No Alarm,0,0,0,0,0,1,0.0011307444656267762,,2019-08-14,,0.131
AAHL9YAH,0,0,,,,Censored No Alarm,0,0,0,0,0,1,0.0005508872563950717,,2019-08-14,,0.131
AAHL9ZYH,0,0,,,,Censored No Alarm,0,0,0,0,0,1,0.0009332501795142889,,2019-08-14,,0.131
AAHLBTZH,1,0,,2025-07-26,,Missed,0,0,0,0,1,0,0.11882170289754868,,2019-08-14,,0.131
AAHLBWGH,1,1,2025-08-15,2025-08-30,15.0,On time,1,0,0,0,0,0,0.34385251998901367,0.1830674558877945,2019-08-14,2193.0,0.131
AAHLBWSH,1,0,,2023-12-11,,Missed,0,0,0,0,1,0,0.09511732310056686,,2019-08-13,,0.131
AAHLBXVH,0,0,,,,Censored No Alarm,0,0,0,0,0,1,0.029610509052872658,,2019-08-14,,0.131
AAHLD3UH,1,0,,2025-03-11,,Missed,0,0,0,0,1,0,0.07595474272966385,,2019-08-13,,0.131
AAHLS5JH,0,0,,,,Censored No Alarm,0,0,0,0,0,1,0.003492669202387333,,2019-05-16,,0.131
AAHLS7ZH,0,0,,,,Censored No Alarm,0,0,0,0,0,1,0.002935493364930153,,2019-05-16,,0.131
AAHLS8YH,0,0,,,,Censored No Alarm,0,0,0,0,0,1,0.014121059328317642,,2019-05-16,,0.131
AAHLS9UH,0,0,,,,Censored No Alarm,0,0,0,0,0,1,0.002325428184121847,,2019-05-16,,0.131
AAHLV30H,0,0,,,,Censored No Alarm,0,0,0,0,0,1,0.0025001729372888803,,2019-05-16,,0.131
AAHLV40H,1,0,,2019-08-05,,Missed,0,0,0,0,1,0,0.05996013432741165,,2019-05-16,,0.131
AAHLV47H,0,0,,,,Censored No Alarm,0,0,0,0,0,1,0.002618076978251338,,2019-05-16,,0.131
AAHLVTVH,0,0,,,,Censored No Alarm,0,0,0,0,0,1,0.0010222075507044792,,2019-05-27,,0.131
AAHLWE3H,0,0,,,,Censored No Alarm,0,0,0,0,0,1,0.0005602537421509624,,2019-05-27,,0.131
AAHLWKXH,0,0,,,,Censored No Alarm,0,0,0,0,0,1,0.0034255157224833965,,2019-05-16,,0.131
AAHLWM3H,0,0,,,,Censored No Alarm,0,0,0,0,0,1,0.0010252950014546514,,2019-05-27,,0.131
AAHLXJ1H,0,0,,,,Censored No Alarm,0,0,0,0,0,1,0.03506694361567497,,2019-05-04,,0.131
AAHLXJ9H,0,0,,,,Censored No Alarm,0,0,0,0,0,1,0.0012729979353025556,,2019-05-04,,0.131
AAHLXL5H,0,0,,,,Censored No Alarm,0,0,0,0,0,1,0.0008022353868000209,,2019-08-13,,0.131
AAHLXTXH,0,0,,,,Censored No Alarm,0,0,0,0,0,1,0.050651807337999344,,2019-05-16,,0.131
AAHLY01H,0,0,,,,Censored No Alarm,0,0,0,0,0,1,0.0003709958400577307,,2019-05-27,,0.131
AAHLY04H,0,0,,,,Censored No Alarm,0,0,0,0,0,1,0.0020016503985971212,,2019-05-04,,0.131
AAHLY2TH,0,0,,,,Censored No Alarm,0,0,0,0,0,1,0.000840157619677484,,2019-05-27,,0.131
AAHLY31H,1,1,2024-11-28,2025-07-25,239.0,Early,0,1,0,1,0,0,0.23046211898326874,0.16349968314170837,2019-08-13,1934.0,0.131
AAHLYJRH,0,0,,,,Censored No Alarm,0,0,0,0,0,1,0.0007752521196380258,,2019-05-27,,0.131
AAHLYY6H,0,0,,,,Censored No Alarm,0,0,0,0,0,1,0.004168769344687462,,2019-05-16,,0.131
AAHM227H,0,0,,,,Censored No Alarm,0,0,0,0,0,1,0.0029299284797161818,,2019-08-13,,0.131
AAHM4E6H,0,0,,,,Censored No Alarm,0,0,0,0,0,1,0.0004836187290493399,,2019-05-27,,0.131
AAHM4HSH,0,0,,,,Censored No Alarm,0,0,0,0,0,1,0.0013598462101072073,,2019-05-04,,0.131
AAHM4KJH,0,0,,,,Censored No Alarm,0,0,0,0,0,1,0.000865098147187382,,2019-08-13,,0.131
AAHM4S6H,0,0,,,,Censored No Alarm,0,0,0,0,0,1,0.0020682623144239187,,2019-05-04,,0.131
AAHM4S8H,0,0,,,,Censored No Alarm,0,0,0,0,0,1,0.0014673022087663412,,2019-05-04,,0.131
AAHM4SSH,0,0,,,,Censored No Alarm,0,0,0,0,0,1,0.004499221220612526,,2019-05-04,,0.131
AAHM4T2H,0,0,,,,Censored No Alarm,0,0,0,0,0,1,0.0015794879291206598,,2019-05-04,,0.131
AAHM4T6H,0,0,,,,Censored No Alarm,0,0,0,0,0,1,0.0006021727458573878,,2019-08-13,,0.131
AAHM4TRH,0,0,,,,Censored No Alarm,0,0,0,0,0,1,0.0005334626766853034,,2019-08-13,,0.131
AAHM4UYH,0,0,,,,Censored No Alarm,0,0,0,0,0,1,0.001441533793695271,,2019-05-04,,0.131
AAHM4WBH,0,0,,,,Censored No Alarm,0,0,0,0,0,1,0.002256226958706975,,2019-05-16,,0.131
AAHM4WEH,0,0,,,,Censored No Alarm,0,0,0,0,0,1,0.001487568486481905,,2019-05-04,,0.131
AAHM4XGH,0,0,,,,Censored No Alarm,0,0,0,0,0,1,0.0014377923216670752,,2019-08-14,,0.131
AAHM5Z4H,0,0,,,,Censored No Alarm,0,0,0,0,0,1,0.0019955092575401068,,2019-05-04,,0.131
AAHM5Z9H,0,0,,,,Censored No Alarm,0,0,0,0,0,1,0.025524405762553215,,2019-05-04,,0.131
AAHM5ZHH,0,0,,,,Censored No Alarm,0,0,0,0,0,1,0.0014935111394152045,,2019-05-04,,0.131
AAHMD6GH,0,0,,,,Censored No Alarm,0,0,0,0,0,1,0.002778273541480303,,2019-05-04,,0.131
AAHME7KH,0,0,,,,Censored No Alarm,0,0,0,0,0,1,0.002772553823888302,,2019-05-16,,0.131
AAHMGV8H,0,0,,,,Censored No Alarm,0,0,0,0,0,1,0.0005418380605988204,,2019-05-27,,0.131
AAHMH4LH,0,0,,,,Censored No Alarm,0,0,0,0,0,1,0.001753130811266601,,2019-05-04,,0.131
AAHML65H,0,0,,,,Censored No Alarm,0,0,0,0,0,1,0.0022529936395585537,,2019-05-16,,0.131
AAHMN38H,0,0,,,,Censored No Alarm,0,0,0,0,0,1,0.003437004517763853,,2019-05-16,,0.131
AAHMR03H,1,1,2025-11-14,2025-11-26,12.0,On time,1,0,0,0,0,0,0.20489256083965302,0.14183339476585388,2019-05-16,2374.0,0.131
AAHMR2ZH,1,0,,2024-01-31,,Missed,0,0,0,0,1,0,0.0031715158838778734,,2019-05-16,,0.131
AAHMSNRH,0,0,,,,Censored No Alarm,0,0,0,0,0,1,0.0035467713605612516,,2019-05-16,,0.131
AAHMUYLH,0,0,,,,Censored No Alarm,0,0,0,0,0,1,0.004852897487580776,,2019-05-16,,0.131
AAHMW6RH,0,0,,,,Censored No Alarm,0,0,0,0,0,1,0.0024093780666589737,,2019-05-16,,0.131
AAHMW7NH,0,0,,,,Censored No Alarm,0,0,0,0,0,1,0.003670628648251295,,2019-05-16,,0.131
