serial_number,has_failed,alarm_triggered,first_alarm_date,actual_failure_date,days_to_failure_at_alarm,category,is_hit,is_fp_early,is_fp_cens,is_false_alarm,is_miss,is_correct_rejection,max_predicted_score,alarm_predicted_score,first_seen_date,days_since_observed,threshold_used
2AG61PSY,0,0,,,,Censored No Alarm,0,0,0,0,0,1,0.001333991764113307,,2019-05-27,,0.438
2AG8AVRY,0,0,,,,Censored No Alarm,0,0,0,0,0,1,0.007003208622336388,,2019-08-14,,0.438
2AGEGU7Y,0,0,,,,Censored No Alarm,0,0,0,0,0,1,0.0007895890739746392,,2019-05-27,,0.438
2AGEU1JY,0,1,2025-08-04,,,Censored Early,0,0,1,1,0,0,0.4623354971408844,0.4623354971408844,2019-06-01,2256.0,0.438
2AGG48NY,0,0,,,,Censored No Alarm,0,0,0,0,0,1,0.0007266204920597374,,2019-05-27,,0.438
2AGG7H1Y,0,0,,,,Censored No Alarm,0,0,0,0,0,1,0.001333991764113307,,2019-05-27,,0.438
2AGGHGJY,1,1,2024-11-17,2024-11-19,2.0,On time,1,0,0,0,0,0,0.5820261836051941,0.5083404183387756,2019-05-16,2012.0,0.438
2AGGHLEY,0,0,,,,Censored No Alarm,0,0,0,0,0,1,0.000809394521638751,,2019-06-01,,0.438
2AGGHM0Y,0,0,,,,Censored No Alarm,0,0,0,0,0,1,0.001333991764113307,,2019-05-27,,0.438
2AGGHMUY,0,0,,,,Censored No Alarm,0,0,0,0,0,1,0.0007266204920597374,,2019-05-16,,0.438
2AGGHR1Y,0,0,,,,Censored No Alarm,0,0,0,0,0,1,0.011331881396472454,,2019-05-27,,0.438
2AGGHR7Y,0,0,,,,Censored No Alarm,0,0,0,0,0,1,0.000994515372440219,,2019-05-27,,0.438
2AGGL0UY,1,0,,2022-02-27,,Missed,0,0,0,0,1,0,0.029644232243299484,,2019-05-27,,0.438
2AGGR3NY,0,0,,,,Censored No Alarm,0,0,0,0,0,1,0.12115129828453064,,2019-05-27,,0.438
2AGGZNJY,0,0,,,,Censored No Alarm,0,0,0,0,0,1,0.00194489024579525,,2019-05-27,,0.438
2AGH31BY,1,0,,2023-11-01,,Missed,0,0,0,0,1,0,0.05137988552451134,,2019-05-27,,0.438
2AGH31PY,1,1,2024-08-11,2024-11-18,99.0,Early,0,1,0,1,0,0,0.5598888993263245,0.5598888993263245,2019-05-27,1903.0,0.438
2AGH33SY,1,1,2025-02-15,2025-05-08,82.0,Early,0,1,0,1,0,0,0.6281810998916626,0.5534985661506653,2019-05-27,2091.0,0.438
2AGH34HY,0,0,,,,Censored No Alarm,0,0,0,0,0,1,0.1641988456249237,,2019-05-27,,0.438
2AGH34PY,0,0,,,,Censored No Alarm,0,0,0,0,0,1,0.0008037147345021367,,2019-05-27,,0.438
2AGH35GY,0,0,,,,Censored No Alarm,0,0,0,0,0,1,0.0013458161847665906,,2019-05-27,,0.438
2AGHB9XY,1,0,,2024-12-02,,Missed,0,0,0,0,1,0,0.05373540148139,,2019-05-27,,0.438
2AGHDYHY,0,0,,,,Censored No Alarm,0,0,0,0,0,1,0.0018022989388555288,,2019-05-27,,0.438
2AGHEP9Y,1,0,,2024-07-26,,Missed,0,0,0,0,1,0,0.0387185662984848,,2019-05-27,,0.438
2AGHGR1Y,0,0,,,,Censored No Alarm,0,0,0,0,0,1,0.005359433591365814,,2019-05-27,,0.438
2AGHGRLY,0,0,,,,Censored No Alarm,0,0,0,0,0,1,0.003168384777382016,,2019-05-27,,0.438
2AGHGRRY,0,0,,,,Censored No Alarm,0,0,0,0,0,1,0.001333991764113307,,2019-05-27,,0.438
2AGHJD4Y,0,0,,,,Censored No Alarm,0,0,0,0,0,1,0.11762919276952744,,2019-06-01,,0.438
2AGHK55Y,0,0,,,,Censored No Alarm,0,0,0,0,0,1,0.0007895890739746392,,2019-05-27,,0.438
2AGHK8MY,0,0,,,,Censored No Alarm,0,0,0,0,0,1,0.0022938530892133713,,2019-05-27,,0.438
2AGHLEUY,1,0,,2023-11-06,,Missed,0,0,0,0,1,0,0.022014174610376358,,2019-05-27,,0.438
2AGHLGTY,1,1,2025-02-27,2025-08-05,159.0,Early,0,1,0,1,0,0,0.46963179111480713,0.46963179111480713,2019-05-27,2103.0,0.438
2AGHLKHY,0,0,,,,Censored No Alarm,0,0,0,0,0,1,0.0007463905494660139,,2019-05-27,,0.438
2AGHLMXY,0,0,,,,Censored No Alarm,0,0,0,0,0,1,0.0007930196588858962,,2019-05-27,,0.438
2AGHLN0Y,0,0,,,,Censored No Alarm,0,0,0,0,0,1,0.001333991764113307,,2019-05-27,,0.438
2AGHMUTY,0,0,,,,Censored No Alarm,0,0,0,0,0,1,0.0007266204920597374,,2019-05-27,,0.438
2AGHMUYY,0,0,,,,Censored No Alarm,0,0,0,0,0,1,0.0013458161847665906,,2019-06-01,,0.438
2AGHMW5Y,0,0,,,,Censored No Alarm,0,0,0,0,0,1,0.018049417063593864,,2019-05-27,,0.438
2AGHMXGY,1,0,,2023-05-14,,Missed,0,0,0,0,1,0,0.013199461624026299,,2019-05-27,,0.438
2AGHMYTY,0,0,,,,Censored No Alarm,0,0,0,0,0,1,0.0368003323674202,,2019-05-27,,0.438
2AGHMZMY,0,0,,,,Censored No Alarm,0,0,0,0,0,1,0.010793931782245636,,2019-05-27,,0.438
2AGHN0TY,1,1,2020-09-15,2020-10-22,37.0,Early,0,1,0,1,0,0,0.6624489426612854,0.6624489426612854,2019-05-27,477.0,0.438
2AGHN0WY,0,0,,,,Censored No Alarm,0,0,0,0,0,1,0.0013458161847665906,,2019-05-27,,0.438
2AGHN16Y,0,0,,,,Censored No Alarm,0,0,0,0,0,1,0.001333991764113307,,2019-05-27,,0.438
2AGHN2AY,0,0,,,,Censored No Alarm,0,0,0,0,0,1,0.0007895890739746392,,2019-05-27,,0.438
2AGHN3XY,0,0,,,,Censored No Alarm,0,0,0,0,0,1,0.0007895890739746392,,2019-05-27,,0.438
2AGHPDKY,0,0,,,,Censored No Alarm,0,0,0,0,0,1,0.0008259753813035786,,2019-05-27,,0.438
2AGHSJ4Y,0,0,,,,Censored No Alarm,0,0,0,0,0,1,0.0008627318893559277,,2019-05-27,,0.438
2AGHSS9Y,0,0,,,,Censored No Alarm,0,0,0,0,0,1,0.001333991764113307,,2019-05-27,,0.438
2AGHTBYY,1,1,2024-07-16,2025-01-25,193.0,Early,0,1,0,1,0,0,0.7762162089347839,0.45626842975616455,2019-05-27,1877.0,0.438
2AGHTGEY,1,1,2023-01-25,2023-03-14,48.0,Early,0,1,0,1,0,0,0.4640010893344879,0.4640010893344879,2019-05-27,1339.0,0.438
2AGHTKBY,0,0,,,,Censored No Alarm,0,0,0,0,0,1,0.009941359050571918,,2019-05-27,,0.438
2AGLY65Y,1,0,,2023-11-20,,Missed,0,0,0,0,1,0,0.09259502589702606,,2019-08-13,,0.438
2AGM231Y,0,0,,,,Censored No Alarm,0,0,0,0,0,1,0.000809394521638751,,2019-05-04,,0.438
2AGM23NY,0,0,,,,Censored No Alarm,0,0,0,0,0,1,0.000809394521638751,,2019-05-04,,0.438
2AGM5UVY,0,0,,,,Censored No Alarm,0,0,0,0,0,1,0.21956367790699005,,2019-05-16,,0.438
2AGM5V7Y,1,0,,2025-12-05,,Missed,0,0,0,0,1,0,0.3777165114879608,,2019-05-16,,0.438
2AGM5VBY,0,0,,,,Censored No Alarm,0,0,0,0,0,1,0.27109837532043457,,2019-05-16,,0.438
2AGM5VHY,1,0,,2025-01-18,,Missed,0,0,0,0,1,0,0.030944334343075752,,2019-08-14,,0.438
2AGM5W9Y,1,0,,2025-01-16,,Missed,0,0,0,0,1,0,0.0341474711894989,,2019-05-16,,0.438
2AGM5YEY,0,0,,,,Censored No Alarm,0,0,0,0,0,1,0.01258331909775734,,2019-05-04,,0.438
2AGM8EMY,1,1,2024-10-29,2024-10-29,0.0,On time,1,0,0,0,0,0,0.5354727506637573,0.5354727506637573,2019-05-16,1993.0,0.438
2AGM8EUY,0,0,,,,Censored No Alarm,0,0,0,0,0,1,0.0007895890739746392,,2019-05-27,,0.438
2AGM8J2Y,0,0,,,,Censored No Alarm,0,0,0,0,0,1,0.05110202729701996,,2019-05-16,,0.438
2AGM8JAY,0,0,,,,Censored No Alarm,0,0,0,0,0,1,0.0007351891254074872,,2019-05-16,,0.438
2AGM8LNY,0,1,2026-02-07,,,Censored Early,0,0,1,1,0,0,0.4567624032497406,0.4567624032497406,2019-05-04,2471.0,0.438
2AGM8RJY,0,0,,,,Censored No Alarm,0,0,0,0,0,1,0.0816228836774826,,2019-08-13,,0.438
2AGM8RTY,0,0,,,,Censored No Alarm,0,0,0,0,0,1,0.2364170402288437,,2019-05-16,,0.438
2AGM8UNY,1,0,,2026-03-12,,Missed,0,0,0,0,1,0,0.2639702558517456,,2019-08-13,,0.438
2AGM8V7Y,0,0,,,,Censored No Alarm,0,0,0,0,0,1,0.0009256340563297272,,2019-05-16,,0.438
2AGM9MXY,1,0,,2025-09-21,,Missed,0,0,0,0,1,0,0.06933166086673737,,2019-05-04,,0.438
2AGM9PJY,0,0,,,,Censored No Alarm,0,0,0,0,0,1,0.11336008459329605,,2019-05-04,,0.438
2AGM9RGY,1,0,,2022-12-23,,Missed,0,0,0,0,1,0,0.0007266204920597374,,2019-05-16,,0.438
2AGM9S6Y,0,0,,,,Censored No Alarm,0,0,0,0,0,1,0.007259361445903778,,2019-05-16,,0.438
2AGM9SDY,0,0,,,,Censored No Alarm,0,0,0,0,0,1,0.000809394521638751,,2019-05-04,,0.438
2AGM9U1Y,0,0,,,,Censored No Alarm,0,0,0,0,0,1,0.0007351891254074872,,2019-05-16,,0.438
2AGMDJKY,0,0,,,,Censored No Alarm,0,0,0,0,0,1,0.000809394521638751,,2019-05-04,,0.438
2AGMDUAY,1,0,,2023-02-04,,Missed,0,0,0,0,1,0,0.03137814998626709,,2019-05-16,,0.438
2AGMDY1Y,0,0,,,,Censored No Alarm,0,0,0,0,0,1,0.008874580264091492,,2019-08-14,,0.438
2AGME0XY,1,0,,2024-05-29,,Missed,0,0,0,0,1,0,0.28661423921585083,,2019-05-16,,0.438
2AGME3BY,0,0,,,,Censored No Alarm,0,0,0,0,0,1,0.004560168366879225,,2019-05-16,,0.438
2AGME9PY,1,0,,2024-08-06,,Missed,0,0,0,0,1,0,0.2885977625846863,,2019-08-13,,0.438
2AGMGAYY,0,0,,,,Censored No Alarm,0,0,0,0,0,1,0.0008001587120816112,,2019-05-16,,0.438
2AGMGDPY,0,0,,,,Censored No Alarm,0,0,0,0,0,1,0.0008224709890782833,,2019-08-13,,0.438
2AGMGKLY,0,0,,,,Censored No Alarm,0,0,0,0,0,1,0.0019084947416558862,,2019-08-13,,0.438
2AGMGXEY,0,0,,,,Censored No Alarm,0,0,0,0,0,1,0.0013458161847665906,,2019-08-14,,0.438
2AGMH2YY,1,0,,2024-12-10,,Missed,0,0,0,0,1,0,0.07782153785228729,,2019-05-16,,0.438
2AGMH3JY,0,0,,,,Censored No Alarm,0,0,0,0,0,1,0.0008001587120816112,,2019-05-16,,0.438
2AGMHK6Y,0,0,,,,Censored No Alarm,0,0,0,0,0,1,0.03471868112683296,,2019-05-04,,0.438
2AGMHPEY,1,0,,2024-06-25,,Missed,0,0,0,0,1,0,0.03008871339261532,,2019-06-01,,0.438
2AGMHRYY,1,0,,2024-05-16,,Missed,0,0,0,0,1,0,0.2577131688594818,,2019-05-16,,0.438
2AGMHTLY,0,0,,,,Censored No Alarm,0,0,0,0,0,1,0.0007936606416478753,,2019-05-04,,0.438
2AGMHU7Y,1,0,,2024-07-08,,Missed,0,0,0,0,1,0,0.015105687081813812,,2019-05-04,,0.438
2AGMHVTY,0,0,,,,Censored No Alarm,0,0,0,0,0,1,0.0008582563023082912,,2019-05-16,,0.438
2AGMHWAY,1,1,2023-09-09,2023-09-22,13.0,On time,1,0,0,0,0,0,0.708133339881897,0.6942294239997864,2019-08-14,1487.0,0.438
2AGMHXDY,1,1,2025-05-28,2025-06-02,5.0,On time,1,0,0,0,0,0,0.4689720869064331,0.4689720869064331,2019-08-13,2115.0,0.438
2AGMHY3Y,1,0,,2025-11-18,,Missed,0,0,0,0,1,0,0.011431538499891758,,2019-08-14,,0.438
2AGMHY5Y,0,0,,,,Censored No Alarm,0,0,0,0,0,1,0.0007930196588858962,,2019-08-13,,0.438
2AGMJ35Y,0,0,,,,Censored No Alarm,0,0,0,0,0,1,0.000809394521638751,,2019-05-04,,0.438
2AGMJ3JY,0,0,,,,Censored No Alarm,0,0,0,0,0,1,0.0008093953365460038,,2019-05-16,,0.438
2AGMJ3TY,0,0,,,,Censored No Alarm,0,0,0,0,0,1,0.001333991764113307,,2019-08-14,,0.438
2AGMJ47Y,0,0,,,,Censored No Alarm,0,0,0,0,0,1,0.000809394521638751,,2019-06-01,,0.438
2AGMJ5BY,1,0,,2021-05-03,,Missed,0,0,0,0,1,0,0.0015524293994531035,,2019-05-04,,0.438
2AGMKV4Y,1,0,,2026-01-28,,Missed,0,0,0,0,1,0,0.31449273228645325,,2019-05-04,,0.438
2AGMKVHY,1,0,,2023-05-06,,Missed,0,0,0,0,1,0,0.035719677805900574,,2019-08-13,,0.438
2AGMKVTY,1,0,,2024-12-04,,Missed,0,0,0,0,1,0,0.33290281891822815,,2019-08-14,,0.438
2AGMLMLY,0,0,,,,Censored No Alarm,0,0,0,0,0,1,0.3178068995475769,,2019-08-14,,0.438
2AGMLSZY,1,1,2020-07-23,2020-07-30,7.0,On time,1,0,0,0,0,0,0.69941246509552,0.69941246509552,2019-05-16,434.0,0.438
2AGMLT7Y,0,0,,,,Censored No Alarm,0,0,0,0,0,1,0.08179529011249542,,2019-05-16,,0.438
2AGMLWNY,0,0,,,,Censored No Alarm,0,0,0,0,0,1,0.030888013541698456,,2019-08-14,,0.438
2AGMLZLY,1,0,,2026-02-11,,Missed,0,0,0,0,1,0,0.3892867863178253,,2019-05-16,,0.438
2AGMM0UY,0,1,2019-12-20,,,Censored Early,0,0,1,1,0,0,0.7052261233329773,0.7052261233329773,2019-05-16,218.0,0.438
2AGMMNKY,0,0,,,,Censored No Alarm,0,0,0,0,0,1,0.01731533370912075,,2019-06-01,,0.438
2AGMMU1Y,0,0,,,,Censored No Alarm,0,0,0,0,0,1,0.0006947549409233034,,2019-05-16,,0.438
2AGMMU4Y,0,0,,,,Censored No Alarm,0,0,0,0,0,1,0.001333991764113307,,2019-08-14,,0.438
2AGMNB7Y,1,0,,2023-03-30,,Missed,0,0,0,0,1,0,0.05076088383793831,,2019-05-16,,0.438
2AGMNBEY,0,0,,,,Censored No Alarm,0,0,0,0,0,1,0.0007266204920597374,,2019-05-16,,0.438
2AGMND4Y,1,1,2025-10-15,2025-10-27,12.0,On time,1,0,0,0,0,0,0.637163519859314,0.637163519859314,2019-05-04,2356.0,0.438
2AGMNE1Y,1,0,,2025-11-26,,Missed,0,0,0,0,1,0,0.23455378413200378,,2019-05-16,,0.438
2AGMNEBY,1,0,,2024-08-05,,Missed,0,0,0,0,1,0,0.2385835200548172,,2019-05-04,,0.438
2AGMNG0Y,0,0,,,,Censored No Alarm,0,0,0,0,0,1,0.07283378392457962,,2019-05-16,,0.438
2AGMNJKY,1,1,2024-01-14,2025-09-29,624.0,Early,0,1,0,1,0,0,0.5837175250053406,0.5204527974128723,2019-05-16,1704.0,0.438
2AGMNM8Y,0,0,,,,Censored No Alarm,0,0,0,0,0,1,0.029686104506254196,,2019-08-14,,0.438
2AGMNMWY,1,0,,2023-05-10,,Missed,0,0,0,0,1,0,0.028329849243164062,,2019-05-16,,0.438
2AGMNTXY,0,0,,,,Censored No Alarm,0,0,0,0,0,1,0.0007936606416478753,,2019-05-16,,0.438
2AGMNUVY,0,0,,,,Censored No Alarm,0,0,0,0,0,1,0.003498028963804245,,2019-05-04,,0.438
2AGMNWBY,0,0,,,,Censored No Alarm,0,0,0,0,0,1,0.009526141919195652,,2019-08-13,,0.438
2AGMNXRY,0,0,,,,Censored No Alarm,0,0,0,0,0,1,0.07765483856201172,,2019-08-13,,0.438
2AGMP7ZY,0,0,,,,Censored No Alarm,0,0,0,0,0,1,0.001818220131099224,,2019-08-14,,0.438
2AGMPBWY,0,0,,,,Censored No Alarm,0,0,0,0,0,1,0.04222127050161362,,2019-05-16,,0.438
2AGMPD8Y,1,0,,2023-11-21,,Missed,0,0,0,0,1,0,0.000634428346529603,,2019-08-13,,0.438
2AGMPK3Y,0,0,,,,Censored No Alarm,0,0,0,0,0,1,0.014775310643017292,,2019-05-04,,0.438
2AGMPL7Y,1,0,,2025-02-27,,Missed,0,0,0,0,1,0,0.028370829299092293,,2019-05-16,,0.438
2AGMPP1Y,0,0,,,,Censored No Alarm,0,0,0,0,0,1,0.004554328043013811,,2019-05-16,,0.438
2AGMPP4Y,1,0,,2025-09-23,,Missed,0,0,0,0,1,0,0.26252496242523193,,2019-05-16,,0.438
2AGMPPGY,0,0,,,,Censored No Alarm,0,0,0,0,0,1,0.0010930361459031701,,2019-05-16,,0.438
2AGMPSSY,0,0,,,,Censored No Alarm,0,0,0,0,0,1,0.0006947549409233034,,2019-05-16,,0.438
2AGMPT2Y,0,0,,,,Censored No Alarm,0,0,0,0,0,1,0.0010930361459031701,,2019-05-16,,0.438
2AGMPZ8Y,0,0,,,,Censored No Alarm,0,0,0,0,0,1,0.0013458161847665906,,2019-08-14,,0.438
2AGMS6PY,0,0,,,,Censored No Alarm,0,0,0,0,0,1,0.0007655804511159658,,2019-08-14,,0.438
2AGMSHHY,1,0,,2022-08-12,,Missed,0,0,0,0,1,0,0.0034843895118683577,,2019-05-04,,0.438
2AGMTK0Y,1,0,,2025-08-30,,Missed,0,0,0,0,1,0,0.3485499620437622,,2019-05-16,,0.438
2AGMTL0Y,1,0,,2023-04-17,,Missed,0,0,0,0,1,0,0.0006126608932390809,,2019-05-04,,0.438
2AGMTXAY,0,0,,,,Censored No Alarm,0,0,0,0,0,1,0.0007895890739746392,,2019-08-13,,0.438
2AGMUBMY,0,0,,,,Censored No Alarm,0,0,0,0,0,1,0.000809394521638751,,2019-06-01,,0.438
2AGMUBRY,1,0,,2024-08-04,,Missed,0,0,0,0,1,0,0.006432078313082457,,2019-08-13,,0.438
2AGMV9UY,0,0,,,,Censored No Alarm,0,0,0,0,0,1,0.0007965921540744603,,2019-08-13,,0.438
2AGMVDDY,0,0,,,,Censored No Alarm,0,0,0,0,0,1,0.0009520221501588821,,2019-05-16,,0.438
2AGMWHVY,1,0,,2024-07-19,,Missed,0,0,0,0,1,0,0.04631635546684265,,2019-05-16,,0.438
2AGMZLMY,1,0,,2023-05-16,,Missed,0,0,0,0,1,0,0.30292466282844543,,2019-08-13,,0.438
2AGN038Y,0,0,,,,Censored No Alarm,0,0,0,0,0,1,0.0007895890739746392,,2019-08-13,,0.438
2AGN03MY,0,0,,,,Censored No Alarm,0,0,0,0,0,1,0.006860252004116774,,2019-08-13,,0.438
2AGN05MY,0,0,,,,Censored No Alarm,0,0,0,0,0,1,0.0007965921540744603,,2019-08-13,,0.438
2AGN071Y,0,0,,,,Censored No Alarm,0,0,0,0,0,1,0.006356986239552498,,2019-08-13,,0.438
2AGN07AY,0,0,,,,Censored No Alarm,0,0,0,0,0,1,0.0019279601983726025,,2019-08-14,,0.438
2AGN17RY,0,0,,,,Censored No Alarm,0,0,0,0,0,1,0.0007895890739746392,,2019-08-13,,0.438
2AGN1YNY,0,0,,,,Censored No Alarm,0,0,0,0,0,1,0.001333991764113307,,2019-08-14,,0.438
2AGN29AY,0,0,,,,Censored No Alarm,0,0,0,0,0,1,0.0013458161847665906,,2019-08-14,,0.438
2AGN43EY,0,0,,,,Censored No Alarm,0,0,0,0,0,1,0.3527752161026001,,2019-08-13,,0.438
2AGN5A3Y,0,0,,,,Censored No Alarm,0,0,0,0,0,1,0.000809394521638751,,2019-06-01,,0.438
2AGN7GZY,0,0,,,,Censored No Alarm,0,0,0,0,0,1,0.0007895890739746392,,2019-08-13,,0.438
2AGN7XVY,0,0,,,,Censored No Alarm,0,0,0,0,0,1,0.03503816947340965,,2019-08-14,,0.438
2AGN7XYY,0,0,,,,Censored No Alarm,0,0,0,0,0,1,0.05242128670215607,,2019-05-27,,0.438
2AGN853Y,0,0,,,,Censored No Alarm,0,0,0,0,0,1,0.001333991764113307,,2019-08-14,,0.438
2AGN8H9Y,0,0,,,,Censored No Alarm,0,0,0,0,0,1,0.001333991764113307,,2019-08-14,,0.438
2AGN8Y9Y,0,0,,,,Censored No Alarm,0,0,0,0,0,1,0.015522181056439877,,2019-08-13,,0.438
2AGN8ZGY,0,0,,,,Censored No Alarm,0,0,0,0,0,1,0.06977733969688416,,2019-06-01,,0.438
2AGN90RY,1,1,2023-03-27,2023-12-07,255.0,Early,0,1,0,1,0,0,0.608857274055481,0.602212131023407,2019-08-14,1321.0,0.438
2AGN9N4Y,1,1,2025-01-26,2025-03-06,39.0,Early,0,1,0,1,0,0,0.7781908512115479,0.6172926425933838,2019-08-13,1993.0,0.438
2AGNAK7Y,0,0,,,,Censored No Alarm,0,0,0,0,0,1,0.0013458161847665906,,2019-08-14,,0.438
2AGNAKGY,0,0,,,,Censored No Alarm,0,0,0,0,0,1,0.0013458161847665906,,2019-08-14,,0.438
2AGNAYKY,0,0,,,,Censored No Alarm,0,0,0,0,0,1,0.0007895890739746392,,2019-08-13,,0.438
2AGNBWPY,0,0,,,,Censored No Alarm,0,0,0,0,0,1,0.0013458161847665906,,2019-08-13,,0.438
2AGND0EY,0,0,,,,Censored No Alarm,0,0,0,0,0,1,0.01044397708028555,,2019-08-13,,0.438
2AGNEAHY,0,0,,,,Censored No Alarm,0,0,0,0,0,1,0.0007895890739746392,,2019-08-13,,0.438
2AGNEK5Y,0,0,,,,Censored No Alarm,0,0,0,0,0,1,0.009331953711807728,,2019-08-14,,0.438
2AGNEN9Y,0,0,,,,Censored No Alarm,0,0,0,0,0,1,0.0013458161847665906,,2019-08-14,,0.438
2AGNEREY,0,0,,,,Censored No Alarm,0,0,0,0,0,1,0.007040825672447681,,2019-08-13,,0.438
2AGNGZPY,0,0,,,,Censored No Alarm,0,0,0,0,0,1,0.0013458161847665906,,2019-05-27,,0.438
2AGNJE2Y,0,0,,,,Censored No Alarm,0,0,0,0,0,1,0.020436566323041916,,2019-06-01,,0.438
2AGNJG7Y,0,0,,,,Censored No Alarm,0,0,0,0,0,1,0.0008037147345021367,,2019-08-13,,0.438
2AGNJGHY,0,0,,,,Censored No Alarm,0,0,0,0,0,1,0.0008037147345021367,,2019-08-13,,0.438
2AGNJRYY,0,0,,,,Censored No Alarm,0,0,0,0,0,1,0.001333991764113307,,2019-06-01,,0.438
2AGNJTAY,0,0,,,,Censored No Alarm,0,0,0,0,0,1,0.001333991764113307,,2019-08-14,,0.438
2AGNJTRY,0,0,,,,Censored No Alarm,0,0,0,0,0,1,0.0013458161847665906,,2019-08-14,,0.438
2AGNKB9Y,1,0,,2023-11-29,,Missed,0,0,0,0,1,0,0.0007895890739746392,,2019-08-13,,0.438
2AGNKGXY,0,0,,,,Censored No Alarm,0,0,0,0,0,1,0.0013458161847665906,,2019-08-14,,0.438
2AGNKNJY,0,0,,,,Censored No Alarm,0,0,0,0,0,1,0.0025823847390711308,,2019-08-14,,0.438
2AGNKSPY,0,0,,,,Censored No Alarm,0,0,0,0,0,1,0.009160684421658516,,2019-08-14,,0.438
2AGNKV4Y,0,0,,,,Censored No Alarm,0,0,0,0,0,1,0.0007895890739746392,,2019-08-13,,0.438
2AGNL61Y,0,0,,,,Censored No Alarm,0,0,0,0,0,1,0.000809394521638751,,2019-05-16,,0.438
2AGNNTHY,0,0,,,,Censored No Alarm,0,0,0,0,0,1,0.011838942766189575,,2019-05-16,,0.438
2AGNT47Y,0,0,,,,Censored No Alarm,0,0,0,0,0,1,0.0031009467784315348,,2019-05-16,,0.438
2AGP393Y,1,0,,2023-04-06,,Missed,0,0,0,0,1,0,0.34680959582328796,,2019-06-01,,0.438
2AGP43EY,1,0,,2024-09-01,,Missed,0,0,0,0,1,0,0.022584106773138046,,2019-05-16,,0.438
2AGP5EDY,0,0,,,,Censored No Alarm,0,0,0,0,0,1,0.0007936606416478753,,2019-05-16,,0.438
2AGP5GBY,0,0,,,,Censored No Alarm,0,0,0,0,0,1,0.0015898592537268996,,2019-05-16,,0.438
2AGP5J1Y,0,0,,,,Censored No Alarm,0,0,0,0,0,1,0.000790461606811732,,2019-05-16,,0.438
2AGP6TYY,0,0,,,,Censored No Alarm,0,0,0,0,0,1,0.0007588500739075243,,2019-05-16,,0.438
2AGP6UBY,0,0,,,,Censored No Alarm,0,0,0,0,0,1,0.0020226133055984974,,2019-05-16,,0.438
2AGP9W7Y,0,0,,,,Censored No Alarm,0,0,0,0,0,1,0.07189544290304184,,2019-05-16,,0.438
2AGPHHKY,0,0,,,,Censored No Alarm,0,0,0,0,0,1,0.0013458161847665906,,2019-06-01,,0.438
2AGPHHTY,0,0,,,,Censored No Alarm,0,0,0,0,0,1,0.0007895890739746392,,2019-06-01,,0.438
2AGPJAVY,0,0,,,,Censored No Alarm,0,0,0,0,0,1,0.0009855272946879268,,2019-05-27,,0.438
2AGPJBGY,0,0,,,,Censored No Alarm,0,0,0,0,0,1,0.0022938530892133713,,2019-05-27,,0.438
2AGPJBNY,0,0,,,,Censored No Alarm,0,0,0,0,0,1,0.0009462115704081953,,2019-05-27,,0.438
2AGPJE5Y,0,0,,,,Censored No Alarm,0,0,0,0,0,1,0.0007266204920597374,,2019-05-16,,0.438
2AGPJGPY,1,0,,2021-02-22,,Missed,0,0,0,0,1,0,0.023943128064274788,,2019-05-16,,0.438
2AGPJH1Y,1,0,,2024-08-11,,Missed,0,0,0,0,1,0,0.042708851397037506,,2019-05-16,,0.438
2AGPJHAY,0,0,,,,Censored No Alarm,0,0,0,0,0,1,0.0007965921540744603,,2019-08-13,,0.438
2AGPJHXY,0,0,,,,Censored No Alarm,0,0,0,0,0,1,0.0007895890739746392,,2019-05-27,,0.438
2AGPJL8Y,0,0,,,,Censored No Alarm,0,0,0,0,0,1,0.0008037147345021367,,2019-05-27,,0.438
2AGPJLWY,0,0,,,,Censored No Alarm,0,0,0,0,0,1,0.0007085293182171881,,2019-08-13,,0.438
2AGPJMRY,0,0,,,,Censored No Alarm,0,0,0,0,0,1,0.0007895890739746392,,2019-08-13,,0.438
2AGPJP0Y,0,0,,,,Censored No Alarm,0,0,0,0,0,1,0.0007463905494660139,,2019-05-27,,0.438
2AGPK9HY,0,0,,,,Censored No Alarm,0,0,0,0,0,1,0.0021585379727184772,,2019-08-14,,0.438
2AGPKA3Y,0,0,,,,Censored No Alarm,0,0,0,0,0,1,0.011229815892875195,,2019-08-14,,0.438
2AGPKALY,0,0,,,,Censored No Alarm,0,0,0,0,0,1,0.0007936606416478753,,2019-05-16,,0.438
2AGPKARY,0,0,,,,Censored No Alarm,0,0,0,0,0,1,0.0007659985567443073,,2019-05-16,,0.438
2AGPKB2Y,0,0,,,,Censored No Alarm,0,0,0,0,0,1,0.0007895890739746392,,2019-05-27,,0.438
2AGPKTUY,0,0,,,,Censored No Alarm,0,0,0,0,0,1,0.0007936606416478753,,2019-05-16,,0.438
2AGPKVGY,0,0,,,,Censored No Alarm,0,0,0,0,0,1,0.0007655804511159658,,2019-05-16,,0.438
2AGPKWNY,1,0,,2023-10-29,,Missed,0,0,0,0,1,0,0.06704340875148773,,2019-05-16,,0.438
2AGPKX4Y,0,0,,,,Censored No Alarm,0,0,0,0,0,1,0.14764612913131714,,2019-05-16,,0.438
2AGPL2YY,0,0,,,,Censored No Alarm,0,0,0,0,0,1,0.005024428945034742,,2019-05-16,,0.438
2AGPL4UY,0,0,,,,Censored No Alarm,0,0,0,0,0,1,0.0007655804511159658,,2019-05-16,,0.438
2AGPL4ZY,0,0,,,,Censored No Alarm,0,0,0,0,0,1,0.0015524293994531035,,2019-05-27,,0.438
2AGPLSSY,0,0,,,,Censored No Alarm,0,0,0,0,0,1,0.000809394521638751,,2019-05-16,,0.438
2AGPMDVY,0,0,,,,Censored No Alarm,0,0,0,0,0,1,0.001333991764113307,,2019-05-27,,0.438
2AGPMEPY,0,0,,,,Censored No Alarm,0,0,0,0,0,1,0.0009679197100922465,,2019-05-16,,0.438
2AGPMGGY,0,0,,,,Censored No Alarm,0,0,0,0,0,1,0.004708544351160526,,2019-05-16,,0.438
2AGPMM3Y,0,0,,,,Censored No Alarm,0,0,0,0,0,1,0.0014204855542629957,,2019-05-27,,0.438
2AGPMN9Y,0,0,,,,Censored No Alarm,0,0,0,0,0,1,0.0007895890739746392,,2019-05-27,,0.438
2AGPMRDY,0,0,,,,Censored No Alarm,0,0,0,0,0,1,0.001333991764113307,,2019-05-27,,0.438
2AGPMY1Y,0,0,,,,Censored No Alarm,0,0,0,0,0,1,0.000809394521638751,,2019-05-16,,0.438
2AGPN6PY,0,0,,,,Censored No Alarm,0,0,0,0,0,1,0.059622872620821,,2019-05-16,,0.438
2AGPPJAY,0,0,,,,Censored No Alarm,0,0,0,0,0,1,0.0007266204920597374,,2019-05-16,,0.438
2AGPPLLY,1,0,,2023-11-29,,Missed,0,0,0,0,1,0,0.21241553127765656,,2019-05-16,,0.438
2AGPR6YY,0,0,,,,Censored No Alarm,0,0,0,0,0,1,0.0017404559766873717,,2019-05-16,,0.438
2AGPR7RY,0,0,,,,Censored No Alarm,0,0,0,0,0,1,0.0007266204920597374,,2019-05-16,,0.438
2AGPR8EY,0,0,,,,Censored No Alarm,0,0,0,0,0,1,0.000753134663682431,,2019-05-16,,0.438
2AGPRL8Y,0,0,,,,Censored No Alarm,0,0,0,0,0,1,0.008971587754786015,,2019-05-27,,0.438
2AGPRMLY,1,0,,2026-03-26,,Missed,0,0,0,0,1,0,0.014653502032160759,,2019-08-13,,0.438
2AGPRMRY,1,0,,2024-08-12,,Missed,0,0,0,0,1,0,0.004933762364089489,,2019-05-04,,0.438
2AGPRRJY,0,1,2026-02-08,,,Censored Early,0,0,1,1,0,0,0.518769383430481,0.518769383430481,2019-05-04,2472.0,0.438
2AGPS2ZY,0,0,,,,Censored No Alarm,0,0,0,0,0,1,0.0007266204920597374,,2019-05-16,,0.438
2AGPSEDY,0,0,,,,Censored No Alarm,0,0,0,0,0,1,0.0007895890739746392,,2019-05-27,,0.438
2AGPSG5Y,0,0,,,,Censored No Alarm,0,0,0,0,0,1,0.0007757028215564787,,2019-05-27,,0.438
2AGPSGKY,0,0,,,,Censored No Alarm,0,0,0,0,0,1,0.0013458161847665906,,2019-08-14,,0.438
2AGPSJKY,0,0,,,,Censored No Alarm,0,0,0,0,0,1,0.0017820403445512056,,2019-08-14,,0.438
2AGPSRUY,0,0,,,,Censored No Alarm,0,0,0,0,0,1,0.0007588500739075243,,2019-05-16,,0.438
2AGPT2PY,0,0,,,,Censored No Alarm,0,0,0,0,0,1,0.0021585379727184772,,2019-08-14,,0.438
2AGPT48Y,0,0,,,,Censored No Alarm,0,0,0,0,0,1,0.0007895890739746392,,2019-06-01,,0.438
2AGPT7PY,0,0,,,,Censored No Alarm,0,0,0,0,0,1,0.004103372804820538,,2019-08-13,,0.438
2AGPTL4Y,0,0,,,,Censored No Alarm,0,0,0,0,0,1,0.006994214374572039,,2019-05-27,,0.438
2AGPTVLY,0,0,,,,Censored No Alarm,0,0,0,0,0,1,0.001968236407265067,,2019-06-01,,0.438
5PG0TA6F,0,0,,,,Censored No Alarm,0,0,0,0,0,1,0.001333991764113307,,2020-07-14,,0.438
5PG0TAKF,0,0,,,,Censored No Alarm,0,0,0,0,0,1,0.001333991764113307,,2020-05-10,,0.438
5PJEJUHE,0,0,,,,Censored No Alarm,0,0,0,0,0,1,0.0007895890739746392,,2021-12-28,,0.438
5PJJHD9C,0,0,,,,Censored No Alarm,0,0,0,0,0,1,0.0013458161847665906,,2022-07-18,,0.438
5PJJLZTF,0,0,,,,Censored No Alarm,0,0,0,0,0,1,0.0011674822308123112,,2021-12-03,,0.438
5PJKZP4D,0,0,,,,Censored No Alarm,0,0,0,0,0,1,0.001333991764113307,,2022-08-04,,0.438
5PJVPJGF,0,0,,,,Censored No Alarm,0,0,0,0,0,1,0.0011674822308123112,,2021-05-16,,0.438
5PK10N4B,0,0,,,,Censored No Alarm,0,0,0,0,0,1,0.002384274499490857,,2024-12-22,,0.438
5PK5ZB1B,0,0,,,,Censored No Alarm,0,0,0,0,0,1,0.015865078195929527,,2024-04-29,,0.438
5PKEBJVB,0,0,,,,Censored No Alarm,0,0,0,0,0,1,0.002384274499490857,,2023-11-27,,0.438
5PKVXW6B,0,0,,,,Censored No Alarm,0,0,0,0,0,1,0.002384274499490857,,2024-06-01,,0.438
5QG63PMB,0,0,,,,Censored No Alarm,0,0,0,0,0,1,0.002384274499490857,,2024-05-28,,0.438
5QGBH0MB,0,0,,,,Censored No Alarm,0,0,0,0,0,1,0.002384274499490857,,2023-12-09,,0.438
5QGG5KLB,0,0,,,,Censored No Alarm,0,0,0,0,0,1,0.006023576017469168,,2023-04-05,,0.438
5QGG5UPB,0,0,,,,Censored No Alarm,0,0,0,0,0,1,0.2090969830751419,,2022-12-06,,0.438
5QGGAELB,1,1,2025-05-28,2025-06-04,7.0,On time,1,0,0,0,0,0,0.7992494106292725,0.6372919678688049,2023-03-28,792.0,0.438
5QGGHWVB,0,0,,,,Censored No Alarm,0,0,0,0,0,1,0.002384274499490857,,2023-12-16,,0.438
5QH0Z60B,1,0,,2024-05-14,,Missed,0,0,0,0,1,0,0.25422823429107666,,2023-10-22,,0.438
5QHDKVHB,0,0,,,,Censored No Alarm,0,0,0,0,0,1,0.003532932372763753,,2023-11-17,,0.438
5QHKE66B,0,0,,,,Censored No Alarm,0,0,0,0,0,1,0.002574658952653408,,2024-04-18,,0.438
5QHYP4MB,0,0,,,,Censored No Alarm,0,0,0,0,0,1,0.003532932372763753,,2024-05-15,,0.438
5QJBW5VB,1,1,2024-05-23,2024-05-25,2.0,On time,1,0,0,0,0,0,0.7145087122917175,0.7145087122917175,2024-02-07,106.0,0.438
5QJS57NB,0,0,,,,Censored No Alarm,0,0,0,0,0,1,0.002384274499490857,,2024-01-23,,0.438
5QKBEVWB,0,0,,,,Censored No Alarm,0,0,0,0,0,1,0.002384274499490857,,2023-12-14,,0.438
5QKDK07B,0,0,,,,Censored No Alarm,0,0,0,0,0,1,0.002384274499490857,,2024-12-20,,0.438
5QKHBVPB,0,0,,,,Censored No Alarm,0,0,0,0,0,1,0.002384274499490857,,2024-05-30,,0.438
5QKKSM3B,0,0,,,,Censored No Alarm,0,0,0,0,0,1,0.0022670631296932697,,2024-04-06,,0.438
5QKV55TB,0,0,,,,Censored No Alarm,0,0,0,0,0,1,0.002384274499490857,,2024-02-29,,0.438
5QKV6W0B,0,0,,,,Censored No Alarm,0,0,0,0,0,1,0.003532932372763753,,2023-08-14,,0.438
5QKV74SB,0,0,,,,Censored No Alarm,0,0,0,0,0,1,0.002384274499490857,,2024-01-09,,0.438
5QKV778B,0,0,,,,Censored No Alarm,0,0,0,0,0,1,0.003532932372763753,,2024-06-07,,0.438
5QKV7UHB,0,0,,,,Censored No Alarm,0,0,0,0,0,1,0.002384274499490857,,2024-03-04,,0.438
5QKV85UB,0,0,,,,Censored No Alarm,0,0,0,0,0,1,0.002384274499490857,,2023-12-02,,0.438
5QKVAN8B,0,0,,,,Censored No Alarm,0,0,0,0,0,1,0.002384274499490857,,2023-12-24,,0.438
5QKVARLB,0,0,,,,Censored No Alarm,0,0,0,0,0,1,0.0024053871165961027,,2023-11-03,,0.438
5QKVATKB,0,0,,,,Censored No Alarm,0,0,0,0,0,1,0.002384274499490857,,2024-01-09,,0.438
5QKVD71B,0,0,,,,Censored No Alarm,0,0,0,0,0,1,0.003532932372763753,,2024-05-10,,0.438
5QKVDDVB,0,0,,,,Censored No Alarm,0,0,0,0,0,1,0.002384274499490857,,2024-06-19,,0.438
5QKVETTB,0,0,,,,Censored No Alarm,0,0,0,0,0,1,0.02125414088368416,,2024-06-27,,0.438
5QKVEUZB,0,0,,,,Censored No Alarm,0,0,0,0,0,1,0.002384274499490857,,2024-04-22,,0.438
5QKVEXJB,0,0,,,,Censored No Alarm,0,0,0,0,0,1,0.003532932372763753,,2023-11-30,,0.438
5QKVGLWB,0,0,,,,Censored No Alarm,0,0,0,0,0,1,0.002384274499490857,,2024-05-08,,0.438
5QKVHPLB,0,0,,,,Censored No Alarm,0,0,0,0,0,1,0.002384274499490857,,2024-05-07,,0.438
5QKVHRMB,0,0,,,,Censored No Alarm,0,0,0,0,0,1,0.008655687794089317,,2024-06-23,,0.438
5QKVVTHB,0,0,,,,Censored No Alarm,0,0,0,0,0,1,0.003529089968651533,,2024-04-15,,0.438
8CGNK9GE,0,0,,,,Censored No Alarm,0,0,0,0,0,1,0.03272943198680878,,2019-05-04,,0.438
8CGR1V5E,0,0,,,,Censored No Alarm,0,0,0,0,0,1,0.002100117737427354,,2019-06-01,,0.438
8CGSN9XE,0,0,,,,Censored No Alarm,0,0,0,0,0,1,0.003734112251549959,,2019-05-16,,0.438
8CGSTSRE,0,0,,,,Censored No Alarm,0,0,0,0,0,1,0.000809394521638751,,2019-05-04,,0.438
8CGT5S2E,1,0,,2024-11-05,,Missed,0,0,0,0,1,0,0.11484914273023605,,2019-06-01,,0.438
8CGTW4VE,0,0,,,,Censored No Alarm,0,0,0,0,0,1,0.0007936606416478753,,2019-06-01,,0.438
8CGTZ9HE,1,0,,2023-07-12,,Missed,0,0,0,0,1,0,0.3340315818786621,,2019-05-16,,0.438
8CGU9LLE,0,0,,,,Censored No Alarm,0,0,0,0,0,1,0.0007351891254074872,,2019-05-16,,0.438
8CGV369E,0,0,,,,Censored No Alarm,0,0,0,0,0,1,0.0007266204920597374,,2019-05-16,,0.438
8CGVR04E,0,0,,,,Censored No Alarm,0,0,0,0,0,1,0.40542012453079224,,2019-05-16,,0.438
8CGVTH0E,0,0,,,,Censored No Alarm,0,0,0,0,0,1,0.0031009467784315348,,2019-05-04,,0.438
8CGW3HPE,0,0,,,,Censored No Alarm,0,0,0,0,0,1,0.0006278540240600705,,2019-05-04,,0.438
8CGW6ULE,0,0,,,,Censored No Alarm,0,0,0,0,0,1,0.0006126608932390809,,2019-05-04,,0.438
8CGWPGEE,0,0,,,,Censored No Alarm,0,0,0,0,0,1,0.000809394521638751,,2019-05-16,,0.438
8CGXKYVE,0,0,,,,Censored No Alarm,0,0,0,0,0,1,0.0013709525810554624,,2019-05-04,,0.438
8CGXNNUE,1,0,,2022-05-10,,Missed,0,0,0,0,1,0,0.05137407034635544,,2019-06-01,,0.438
8CGY4KUE,0,0,,,,Censored No Alarm,0,0,0,0,0,1,0.0007757028215564787,,2019-05-16,,0.438
8CGYJ5TE,0,0,,,,Censored No Alarm,0,0,0,0,0,1,0.001333991764113307,,2019-06-01,,0.438
8CGYVS8E,0,0,,,,Censored No Alarm,0,0,0,0,0,1,0.001333991764113307,,2019-06-01,,0.438
8CGYW96E,0,0,,,,Censored No Alarm,0,0,0,0,0,1,0.03140432387590408,,2019-06-01,,0.438
8CGYXB6E,0,0,,,,Censored No Alarm,0,0,0,0,0,1,0.0013458161847665906,,2019-08-13,,0.438
8CGZ8K3E,0,0,,,,Censored No Alarm,0,0,0,0,0,1,0.0006278540240600705,,2019-05-04,,0.438
8CGZ8S1E,0,0,,,,Censored No Alarm,0,0,0,0,0,1,0.000809394521638751,,2019-05-04,,0.438
8CGZ8SDE,0,0,,,,Censored No Alarm,0,0,0,0,0,1,0.0657847598195076,,2019-05-04,,0.438
8CGZB98E,0,0,,,,Censored No Alarm,0,0,0,0,0,1,0.0007588500739075243,,2019-08-14,,0.438
8CGZB9VE,0,0,,,,Censored No Alarm,0,0,0,0,0,1,0.000809394521638751,,2019-06-01,,0.438
8CGZKBME,0,1,2024-07-18,,,Censored Early,0,0,1,1,0,0,0.5053476095199585,0.5053476095199585,2019-05-04,1902.0,0.438
8CGZKDHE,0,0,,,,Censored No Alarm,0,0,0,0,0,1,0.0006126608932390809,,2019-05-04,,0.438
8CGZMEAE,0,0,,,,Censored No Alarm,0,0,0,0,0,1,0.00174919911660254,,2019-05-04,,0.438
8CH02WUE,0,0,,,,Censored No Alarm,0,0,0,0,0,1,0.001333991764113307,,2019-08-14,,0.438
8CH05AGE,0,0,,,,Censored No Alarm,0,0,0,0,0,1,0.0006126608932390809,,2019-05-04,,0.438
8CH06AGE,0,0,,,,Censored No Alarm,0,0,0,0,0,1,0.0007539740763604641,,2019-05-16,,0.438
8CH06B5E,0,0,,,,Censored No Alarm,0,0,0,0,0,1,0.0006383151048794389,,2019-05-04,,0.438
8CH06E7E,0,0,,,,Censored No Alarm,0,0,0,0,0,1,0.000809394521638751,,2019-05-04,,0.438
8CH06EDE,0,0,,,,Censored No Alarm,0,0,0,0,0,1,0.0007936606416478753,,2019-06-01,,0.438
8CH0869E,0,0,,,,Censored No Alarm,0,0,0,0,0,1,0.03965257480740547,,2019-05-04,,0.438
8CH08RNE,0,0,,,,Censored No Alarm,0,0,0,0,0,1,0.0013458161847665906,,2019-08-14,,0.438
8CH09GGE,0,0,,,,Censored No Alarm,0,0,0,0,0,1,0.000809394521638751,,2019-06-01,,0.438
8CH0BYPE,0,0,,,,Censored No Alarm,0,0,0,0,0,1,0.0007895890739746392,,2019-08-13,,0.438
8CH0BYTE,0,0,,,,Censored No Alarm,0,0,0,0,0,1,0.001333991764113307,,2019-06-01,,0.438
8CH0DM8E,0,0,,,,Censored No Alarm,0,0,0,0,0,1,0.0013458161847665906,,2019-08-14,,0.438
8CH0GNLE,0,0,,,,Censored No Alarm,0,0,0,0,0,1,0.0006683997344225645,,2019-05-04,,0.438
8CH0GNNE,0,0,,,,Censored No Alarm,0,0,0,0,0,1,0.047980934381484985,,2019-05-04,,0.438
8CH0GNSE,0,0,,,,Censored No Alarm,0,0,0,0,0,1,0.0008037147345021367,,2019-05-16,,0.438
8CH0HRKE,0,0,,,,Censored No Alarm,0,0,0,0,0,1,0.000809394521638751,,2019-06-01,,0.438
8CH0HTRE,0,0,,,,Censored No Alarm,0,0,0,0,0,1,0.001333991764113307,,2019-06-01,,0.438
8CH0L5PE,0,0,,,,Censored No Alarm,0,0,0,0,0,1,0.001333991764113307,,2019-06-01,,0.438
8CH0R06E,0,0,,,,Censored No Alarm,0,0,0,0,0,1,0.0007713133818469942,,2019-05-04,,0.438
8CH0R3YE,0,0,,,,Censored No Alarm,0,0,0,0,0,1,0.4192298352718353,,2019-08-13,,0.438
8CH0TLTE,0,0,,,,Censored No Alarm,0,0,0,0,0,1,0.0007895890739746392,,2019-08-13,,0.438
8CH0TLUE,0,0,,,,Censored No Alarm,0,0,0,0,0,1,0.000809394521638751,,2019-06-01,,0.438
8CH0TN2E,0,0,,,,Censored No Alarm,0,0,0,0,0,1,0.001333991764113307,,2019-06-01,,0.438
8CH0TN3E,0,0,,,,Censored No Alarm,0,0,0,0,0,1,0.0007965921540744603,,2019-08-13,,0.438
8CH0TVRE,0,0,,,,Censored No Alarm,0,0,0,0,0,1,0.0007936606416478753,,2019-08-14,,0.438
8CH0V7TE,0,0,,,,Censored No Alarm,0,0,0,0,0,1,0.013046645559370518,,2019-06-01,,0.438
8CH0VH1E,0,0,,,,Censored No Alarm,0,0,0,0,0,1,0.000809394521638751,,2019-05-16,,0.438
8CH0VW0E,0,0,,,,Censored No Alarm,0,0,0,0,0,1,0.000809394521638751,,2019-06-01,,0.438
8CH11KPE,0,0,,,,Censored No Alarm,0,0,0,0,0,1,0.0006126608932390809,,2019-05-04,,0.438
8CH13D7E,0,0,,,,Censored No Alarm,0,0,0,0,0,1,0.0007895890739746392,,2019-06-01,,0.438
8CH13DAE,0,0,,,,Censored No Alarm,0,0,0,0,0,1,0.001333991764113307,,2019-06-01,,0.438
8CH15D3E,0,0,,,,Censored No Alarm,0,0,0,0,0,1,0.05177107825875282,,2019-05-16,,0.438
8CH15YME,0,0,,,,Censored No Alarm,0,0,0,0,0,1,0.0007951572770252824,,2019-06-01,,0.438
8CH160KE,0,0,,,,Censored No Alarm,0,0,0,0,0,1,0.0007936606416478753,,2019-08-14,,0.438
8CH16PBE,0,0,,,,Censored No Alarm,0,0,0,0,0,1,0.06206424906849861,,2019-06-01,,0.438
8CH16ZDE,0,0,,,,Censored No Alarm,0,0,0,0,0,1,0.002711378037929535,,2019-06-01,,0.438
8CH16ZUE,0,0,,,,Censored No Alarm,0,0,0,0,0,1,0.008681762032210827,,2019-06-01,,0.438
8CH17M9E,0,0,,,,Censored No Alarm,0,0,0,0,0,1,0.0007895890739746392,,2019-06-01,,0.438
8CH17MHE,0,0,,,,Censored No Alarm,0,0,0,0,0,1,0.0007330655353143811,,2019-08-13,,0.438
8CH190UE,1,0,,2022-03-26,,Missed,0,0,0,0,1,0,0.20252089202404022,,2019-08-13,,0.438
8CH1APUE,1,0,,2025-09-18,,Missed,0,0,0,0,1,0,0.14311891794204712,,2019-06-01,,0.438
8CH1AR5E,0,0,,,,Censored No Alarm,0,0,0,0,0,1,0.0005999390850774944,,2019-05-04,,0.438
8CH1ARHE,1,0,,2023-09-28,,Missed,0,0,0,0,1,0,0.016338994726538658,,2019-06-01,,0.438
8CH1WBME,1,0,,2024-05-05,,Missed,0,0,0,0,1,0,0.0982336476445198,,2019-05-04,,0.438
8CH1XHUE,0,0,,,,Censored No Alarm,0,0,0,0,0,1,0.000809394521638751,,2019-05-04,,0.438
8CH4AT4E,0,0,,,,Censored No Alarm,0,0,0,0,0,1,0.0007895890739746392,,2019-05-27,,0.438
8CH4X3TE,1,0,,2022-10-12,,Missed,0,0,0,0,1,0,0.02157754823565483,,2019-05-16,,0.438
8CH4YM4E,1,0,,2023-03-03,,Missed,0,0,0,0,1,0,0.014134143479168415,,2019-05-16,,0.438
8CH4YM6E,1,0,,2025-03-13,,Missed,0,0,0,0,1,0,0.34323251247406006,,2019-05-16,,0.438
8CH4YN8E,1,0,,2024-04-09,,Missed,0,0,0,0,1,0,0.04808003827929497,,2019-05-16,,0.438
8CH4Z6UE,0,0,,,,Censored No Alarm,0,0,0,0,0,1,0.0007266204920597374,,2019-05-16,,0.438
8CH5214E,1,0,,2024-02-15,,Missed,0,0,0,0,1,0,0.17665217816829681,,2019-05-16,,0.438
8CH52U5E,0,0,,,,Censored No Alarm,0,0,0,0,0,1,0.0007588500739075243,,2019-05-16,,0.438
8CH5B9LE,0,0,,,,Censored No Alarm,0,0,0,0,0,1,0.0008093953365460038,,2019-05-16,,0.438
8CH5E8EE,1,0,,2023-04-04,,Missed,0,0,0,0,1,0,0.05077332630753517,,2019-05-16,,0.438
8CH5HRYE,1,0,,2024-12-24,,Missed,0,0,0,0,1,0,0.10545116662979126,,2019-05-16,,0.438
8CHRG6JE,0,0,,,,Censored No Alarm,0,0,0,0,0,1,0.0007722703157924116,,2019-11-25,,0.438
8CHU2WSE,0,0,,,,Censored No Alarm,0,0,0,0,0,1,0.0008001587120816112,,2020-06-18,,0.438
8CHU7R9E,1,0,,2024-11-09,,Missed,0,0,0,0,1,0,0.08063577115535736,,2021-05-05,,0.438
8CHUHHXE,0,1,2026-02-23,,,Censored Early,0,0,1,1,0,0,0.5040047764778137,0.5040047764778137,2020-06-26,2068.0,0.438
8CJMA59E,0,0,,,,Censored No Alarm,0,0,0,0,0,1,0.003532932372763753,,2024-04-02,,0.438
8DG1BB5Y,0,0,,,,Censored No Alarm,0,0,0,0,0,1,0.002384274499490857,,2024-12-20,,0.438
8DG3MU5D,0,0,,,,Censored No Alarm,0,0,0,0,0,1,0.007002280093729496,,2018-07-12,,0.438
8DG4SAUD,0,0,,,,Censored No Alarm,0,0,0,0,0,1,0.0007533740135841072,,2018-07-12,,0.438
8DG4SAZD,0,0,,,,Censored No Alarm,0,0,0,0,0,1,0.0007533740135841072,,2018-07-12,,0.438
8DG52U7D,0,0,,,,Censored No Alarm,0,0,0,0,0,1,0.0008012024336494505,,2018-07-12,,0.438
8DG52W9D,0,0,,,,Censored No Alarm,0,0,0,0,0,1,0.000713107583578676,,2018-07-12,,0.438
8DG52WND,0,0,,,,Censored No Alarm,0,0,0,0,0,1,0.0007467509713023901,,2018-07-12,,0.438
8DG6S3UD,1,1,2024-04-19,2024-06-11,53.0,Early,0,1,0,1,0,0,0.5282894372940063,0.5282894372940063,2018-07-12,2108.0,0.438
8DG88GTY,0,0,,,,Censored No Alarm,0,0,0,0,0,1,0.002384274499490857,,2025-01-01,,0.438
8DG93TXY,0,0,,,,Censored No Alarm,0,0,0,0,0,1,0.010357838124036789,,2024-04-01,,0.438
8DJE2HWH,0,0,,,,Censored No Alarm,0,0,0,0,0,1,0.0006023070309311152,,2019-01-05,,0.438
8DJEPPSH,0,0,,,,Censored No Alarm,0,0,0,0,0,1,0.0006023070309311152,,2019-01-05,,0.438
8DJEPTWH,0,0,,,,Censored No Alarm,0,0,0,0,0,1,0.0005878009251318872,,2019-01-05,,0.438
8DJEUXLH,0,0,,,,Censored No Alarm,0,0,0,0,0,1,0.18993906676769257,,2019-01-05,,0.438
8DK5NDLH,0,0,,,,Censored No Alarm,0,0,0,0,0,1,0.001333991764113307,,2020-01-03,,0.438
8DKHU24H,0,0,,,,Censored No Alarm,0,0,0,0,0,1,0.0013458161847665906,,2019-12-29,,0.438
8DKUD8AH,0,0,,,,Censored No Alarm,0,0,0,0,0,1,0.0006771467160433531,,2019-01-05,,0.438
8DKV390H,0,0,,,,Censored No Alarm,0,0,0,0,0,1,0.0007085293182171881,,2019-03-01,,0.438
8HG28M3H,0,0,,,,Censored No Alarm,0,0,0,0,0,1,0.0015201893402263522,,2019-03-01,,0.438
8HG7LGUH,1,1,2024-10-22,2025-06-01,222.0,Early,0,1,0,1,0,0,0.8549926280975342,0.5078956484794617,2019-06-01,1970.0,0.438
8HGBYHPH,0,0,,,,Censored No Alarm,0,0,0,0,0,1,0.0008001587120816112,,2021-10-03,,0.438
8HGNAB0H,0,0,,,,Censored No Alarm,0,0,0,0,0,1,0.000790461606811732,,2019-03-28,,0.438
8HGZPYVH,0,1,2023-01-22,,,Censored Early,0,0,1,1,0,0,0.4951621890068054,0.4627378582954407,2019-01-05,1478.0,0.438
8HH12ZPH,0,0,,,,Censored No Alarm,0,0,0,0,0,1,0.0007266204920597374,,2018-11-14,,0.438
8HH5JYSH,0,0,,,,Censored No Alarm,0,0,0,0,0,1,0.0007938055205158889,,2018-11-14,,0.438
8HH8BNRH,0,0,,,,Censored No Alarm,0,0,0,0,0,1,0.0007936606416478753,,2019-03-28,,0.438
8HH8P7RH,0,0,,,,Censored No Alarm,0,0,0,0,0,1,0.0008001587120816112,,2019-03-02,,0.438
8HH901KH,0,0,,,,Censored No Alarm,0,0,0,0,0,1,0.0007085293182171881,,2019-03-28,,0.438
8HH9ZRUH,0,0,,,,Censored No Alarm,0,0,0,0,0,1,0.0008627318893559277,,2019-03-01,,0.438
8HHARE1H,1,1,2023-03-05,2023-03-24,19.0,On time,1,0,0,0,0,0,0.7217193841934204,0.7067519426345825,2019-08-13,1300.0,0.438
8HHARGBH,0,0,,,,Censored No Alarm,0,0,0,0,0,1,0.0007936606416478753,,2019-03-02,,0.438
8HHATBKH,0,0,,,,Censored No Alarm,0,0,0,0,0,1,0.0008627318893559277,,2019-03-01,,0.438
8HHJXENH,0,0,,,,Censored No Alarm,0,0,0,0,0,1,0.000809394521638751,,2019-01-05,,0.438
8HHNHSUH,1,0,,2024-12-06,,Missed,0,0,0,0,1,0,0.4008321762084961,,2019-05-04,,0.438
8HHPUREH,1,1,2024-04-18,2024-05-16,28.0,On time,1,0,0,0,0,0,0.47090470790863037,0.47090470790863037,2018-11-14,1982.0,0.438
8HHT1P2H,0,0,,,,Censored No Alarm,0,0,0,0,0,1,0.05203218013048172,,2018-11-14,,0.438
8HHTWXYH,0,0,,,,Censored No Alarm,0,0,0,0,0,1,0.0007351891254074872,,2018-11-14,,0.438
8HHZ6MGH,0,0,,,,Censored No Alarm,0,0,0,0,0,1,0.0007936606416478753,,2018-11-14,,0.438
8HJ1NNDH,0,0,,,,Censored No Alarm,0,0,0,0,0,1,0.0008293220307677984,,2018-11-14,,0.438
8HJ6SJAH,0,0,,,,Censored No Alarm,0,0,0,0,0,1,0.0009272970492020249,,2018-11-14,,0.438
8HJ6SJTH,0,0,,,,Censored No Alarm,0,0,0,0,0,1,0.000894981378223747,,2018-11-14,,0.438
8HJ74BPH,0,0,,,,Censored No Alarm,0,0,0,0,0,1,0.0008097902173176408,,2018-11-14,,0.438
8HJ7UJHH,0,0,,,,Censored No Alarm,0,0,0,0,0,1,0.000813580525573343,,2018-11-14,,0.438
8HJ7Y9BH,0,0,,,,Censored No Alarm,0,0,0,0,0,1,0.0009272970492020249,,2018-11-14,,0.438
8HJ7Z0DH,0,0,,,,Censored No Alarm,0,0,0,0,0,1,0.0005999390850774944,,2019-05-04,,0.438
8HJ7Z10H,0,0,,,,Censored No Alarm,0,0,0,0,0,1,0.0008164206519722939,,2018-11-14,,0.438
8HJ7Z1MH,0,0,,,,Censored No Alarm,0,0,0,0,0,1,0.006912821438163519,,2018-11-14,,0.438
8HJ86APH,0,0,,,,Censored No Alarm,0,0,0,0,0,1,0.11841589957475662,,2018-11-14,,0.438
8HJ86NXH,0,0,,,,Censored No Alarm,0,0,0,0,0,1,0.0005878009251318872,,2019-05-04,,0.438
8HJ8LEXH,0,0,,,,Censored No Alarm,0,0,0,0,0,1,0.04327918961644173,,2019-05-04,,0.438
8HJ8LKMH,1,0,,2026-03-14,,Missed,0,0,0,0,1,0,0.13300393521785736,,2018-11-14,,0.438
8HJ91WDH,0,0,,,,Censored No Alarm,0,0,0,0,0,1,0.0005878009251318872,,2019-05-04,,0.438
8HJ94EVH,0,0,,,,Censored No Alarm,0,0,0,0,0,1,0.0008293220307677984,,2018-11-14,,0.438
8HJ9JWTH,0,0,,,,Censored No Alarm,0,0,0,0,0,1,0.0009272970492020249,,2018-11-14,,0.438
8HJ9K7HH,1,0,,2025-01-28,,Missed,0,0,0,0,1,0,0.304511159658432,,2018-11-14,,0.438
8HJ9KKGH,0,0,,,,Censored No Alarm,0,0,0,0,0,1,0.0005878009251318872,,2019-05-04,,0.438
8HJ9KN1H,0,0,,,,Censored No Alarm,0,0,0,0,0,1,0.0007266204920597374,,2018-11-14,,0.438
8HJ9LS1H,0,0,,,,Censored No Alarm,0,0,0,0,0,1,0.0008496636874042451,,2018-11-14,,0.438
8HJ9M5NH,0,0,,,,Censored No Alarm,0,0,0,0,0,1,0.0023037646897137165,,2018-11-14,,0.438
8HJ9M94H,0,0,,,,Censored No Alarm,0,0,0,0,0,1,0.0008097902173176408,,2018-11-14,,0.438
8HJ9MZBH,0,0,,,,Censored No Alarm,0,0,0,0,0,1,0.0005878009251318872,,2019-05-04,,0.438
8HJ9NHPH,0,0,,,,Censored No Alarm,0,0,0,0,0,1,0.0019758804701268673,,2018-11-14,,0.438
8HJ9NKKH,0,0,,,,Censored No Alarm,0,0,0,0,0,1,0.0009384906152263284,,2018-11-14,,0.438
8HJ9RYSH,0,0,,,,Censored No Alarm,0,0,0,0,0,1,0.0009003737359307706,,2018-11-14,,0.438
8HJ9S05H,0,0,,,,Censored No Alarm,0,0,0,0,0,1,0.0007936606416478753,,2018-11-14,,0.438
8HJ9S0EH,0,0,,,,Censored No Alarm,0,0,0,0,0,1,0.0014204855542629957,,2018-11-14,,0.438
8HJ9Y3ZH,0,0,,,,Censored No Alarm,0,0,0,0,0,1,0.000809394521638751,,2019-05-04,,0.438
8HJA085H,0,0,,,,Censored No Alarm,0,0,0,0,0,1,0.0009338501840829849,,2018-11-14,,0.438
8HJA2DPH,0,0,,,,Censored No Alarm,0,0,0,0,0,1,0.0008164206519722939,,2018-11-14,,0.438
8HJA8DBH,0,0,,,,Censored No Alarm,0,0,0,0,0,1,0.0008001587120816112,,2018-11-14,,0.438
8HJBNYTH,0,0,,,,Censored No Alarm,0,0,0,0,0,1,0.03799993544816971,,2019-01-05,,0.438
8HJDK12H,0,0,,,,Censored No Alarm,0,0,0,0,0,1,0.0009272970492020249,,2018-11-14,,0.438
8HJDX4PH,0,0,,,,Censored No Alarm,0,0,0,0,0,1,0.004995115101337433,,2018-11-14,,0.438
8HJEY89H,0,0,,,,Censored No Alarm,0,0,0,0,0,1,0.0007266204920597374,,2019-03-01,,0.438
8HJG85RH,0,0,,,,Censored No Alarm,0,0,0,0,0,1,0.0008001587120816112,,2019-03-01,,0.438
8HJGZPXH,0,0,,,,Censored No Alarm,0,0,0,0,0,1,0.0007936606416478753,,2018-11-14,,0.438
8HJH62EH,0,0,,,,Censored No Alarm,0,0,0,0,0,1,0.0008293220307677984,,2018-11-14,,0.438
8HJH8RWH,0,0,,,,Censored No Alarm,0,0,0,0,0,1,0.0010203690035268664,,2019-03-01,,0.438
8HJK2HSH,0,0,,,,Censored No Alarm,0,0,0,0,0,1,0.05571947991847992,,2018-11-14,,0.438
8HJLKZRH,0,0,,,,Censored No Alarm,0,0,0,0,0,1,0.0009272970492020249,,2018-11-14,,0.438
8HJRD7PH,0,0,,,,Censored No Alarm,0,0,0,0,0,1,0.0029264618642628193,,2019-03-01,,0.438
8HJRUMWH,0,0,,,,Censored No Alarm,0,0,0,0,0,1,0.0016937145264819264,,2018-11-14,,0.438
8HJRVW4H,0,0,,,,Censored No Alarm,0,0,0,0,0,1,0.0010203690035268664,,2018-11-14,,0.438
8HJUGTVH,0,0,,,,Censored No Alarm,0,0,0,0,0,1,0.08343380689620972,,2018-11-14,,0.438
8HJVJKPH,0,0,,,,Censored No Alarm,0,0,0,0,0,1,0.0012777779484167695,,2018-11-14,,0.438
8HJVUAGH,0,0,,,,Censored No Alarm,0,0,0,0,0,1,0.0010693351505324244,,2018-11-14,,0.438
8HJWBJXH,0,0,,,,Censored No Alarm,0,0,0,0,0,1,0.0011441103415563703,,2018-11-14,,0.438
8HJWHD6H,0,0,,,,Censored No Alarm,0,0,0,0,0,1,0.0007895890739746392,,2018-11-14,,0.438
8HJWHEJH,0,0,,,,Censored No Alarm,0,0,0,0,0,1,0.01139909029006958,,2019-03-28,,0.438
8HJXG0WH,1,0,,2022-05-01,,Missed,0,0,0,0,1,0,0.016998181119561195,,2018-11-14,,0.438
8HJXKBDH,0,0,,,,Censored No Alarm,0,0,0,0,0,1,0.0006730773020535707,,2019-03-01,,0.438
8HJXU87H,0,0,,,,Censored No Alarm,0,0,0,0,0,1,0.04973149299621582,,2018-11-14,,0.438
8HJY20MH,0,0,,,,Censored No Alarm,0,0,0,0,0,1,0.0008983282605186105,,2018-11-14,,0.438
8HJYTXWH,0,0,,,,Censored No Alarm,0,0,0,0,0,1,0.0008351833093911409,,2018-11-14,,0.438
8HJYU0JH,0,0,,,,Censored No Alarm,0,0,0,0,0,1,0.001187913934700191,,2018-11-14,,0.438
8HJYZNZH,0,0,,,,Censored No Alarm,0,0,0,0,0,1,0.001163027947768569,,2018-11-14,,0.438
8HJZ13TH,0,0,,,,Censored No Alarm,0,0,0,0,0,1,0.0007266204920597374,,2018-11-14,,0.438
8HJZADEH,0,0,,,,Censored No Alarm,0,0,0,0,0,1,0.0009307647123932838,,2018-11-14,,0.438
8HJZEG6H,1,0,,2023-11-17,,Missed,0,0,0,0,1,0,0.07589316368103027,,2018-11-14,,0.438
8HJZG4AH,0,0,,,,Censored No Alarm,0,0,0,0,0,1,0.0008293220307677984,,2018-11-14,,0.438
8HJZNVWH,0,0,,,,Censored No Alarm,0,0,0,0,0,1,0.0017005297122523189,,2018-11-14,,0.438
8HK087WH,0,0,,,,Censored No Alarm,0,0,0,0,0,1,0.0681343525648117,,2018-11-14,,0.438
8HK0HH3H,0,0,,,,Censored No Alarm,0,0,0,0,0,1,0.0007807579822838306,,2018-11-14,,0.438
8HK12NNH,0,0,,,,Censored No Alarm,0,0,0,0,0,1,0.0007936606416478753,,2018-11-14,,0.438
8HK17SKH,0,0,,,,Censored No Alarm,0,0,0,0,0,1,0.02407602220773697,,2018-11-14,,0.438
8HK17SWH,0,0,,,,Censored No Alarm,0,0,0,0,0,1,0.0008001587120816112,,2018-11-14,,0.438
8HK17SYH,0,0,,,,Censored No Alarm,0,0,0,0,0,1,0.15701840817928314,,2018-11-14,,0.438
8HK19K9H,0,0,,,,Censored No Alarm,0,0,0,0,0,1,0.0008164206519722939,,2018-11-14,,0.438
8HK19KVH,0,0,,,,Censored No Alarm,0,0,0,0,0,1,0.0008001587120816112,,2018-11-14,,0.438
8HK1KY3H,0,0,,,,Censored No Alarm,0,0,0,0,0,1,0.0007266204920597374,,2018-11-14,,0.438
8HK1LYPH,0,0,,,,Censored No Alarm,0,0,0,0,0,1,0.0009272970492020249,,2018-11-14,,0.438
8HK1N18H,0,0,,,,Censored No Alarm,0,0,0,0,0,1,0.0007266204920597374,,2018-11-14,,0.438
8HK1PV7H,0,0,,,,Censored No Alarm,0,0,0,0,0,1,0.0009056091657839715,,2018-11-14,,0.438
8HK1UULH,0,0,,,,Censored No Alarm,0,0,0,0,0,1,0.0009338501840829849,,2018-11-14,,0.438
8HK1XAAH,1,0,,2021-10-24,,Missed,0,0,0,0,1,0,0.0007266204920597374,,2018-11-14,,0.438
8HK224GH,0,0,,,,Censored No Alarm,0,0,0,0,0,1,0.0008001587120816112,,2018-11-14,,0.438
8HK25XSH,0,0,,,,Censored No Alarm,0,0,0,0,0,1,0.0009272970492020249,,2018-11-14,,0.438
8HK266WH,0,0,,,,Censored No Alarm,0,0,0,0,0,1,0.016540249809622765,,2018-11-14,,0.438
8HK28TJH,0,0,,,,Censored No Alarm,0,0,0,0,0,1,0.0012090194504708052,,2018-11-14,,0.438
8HK28Y0H,0,0,,,,Censored No Alarm,0,0,0,0,0,1,0.000813580525573343,,2018-11-14,,0.438
8HK2A1EH,0,0,,,,Censored No Alarm,0,0,0,0,0,1,0.0013458161847665906,,2019-06-01,,0.438
8HK2BA6H,0,0,,,,Censored No Alarm,0,0,0,0,0,1,0.0007351891254074872,,2018-11-14,,0.438
8HK2BAEH,0,0,,,,Censored No Alarm,0,0,0,0,0,1,0.0007722703157924116,,2018-11-14,,0.438
8HK2DVKH,0,0,,,,Censored No Alarm,0,0,0,0,0,1,0.000813580525573343,,2018-11-14,,0.438
8HK2JXUH,0,0,,,,Censored No Alarm,0,0,0,0,0,1,0.0007588500739075243,,2019-03-28,,0.438
8HK2KY6H,0,0,,,,Censored No Alarm,0,0,0,0,0,1,0.007908204570412636,,2018-11-14,,0.438
8HK2MXPH,0,0,,,,Censored No Alarm,0,0,0,0,0,1,0.0009272970492020249,,2018-11-14,,0.438
8HK2RMWH,0,0,,,,Censored No Alarm,0,0,0,0,0,1,0.00957897212356329,,2018-11-14,,0.438
8HK2RNWH,0,0,,,,Censored No Alarm,0,0,0,0,0,1,0.0007266204920597374,,2018-11-14,,0.438
8HK2RP9H,0,0,,,,Censored No Alarm,0,0,0,0,0,1,0.0009272970492020249,,2018-11-14,,0.438
8HK2VLMH,0,0,,,,Censored No Alarm,0,0,0,0,0,1,0.0007936606416478753,,2018-11-14,,0.438
8HK2X4YH,0,0,,,,Censored No Alarm,0,0,0,0,0,1,0.0007266204920597374,,2018-11-14,,0.438
8HK2ZPDH,0,0,,,,Censored No Alarm,0,0,0,0,0,1,0.000809394521638751,,2019-05-04,,0.438
8HK2ZT1H,0,0,,,,Censored No Alarm,0,0,0,0,0,1,0.000813580525573343,,2018-11-14,,0.438
8HK31WMH,0,0,,,,Censored No Alarm,0,0,0,0,0,1,0.0010331184603273869,,2019-05-04,,0.438
8HK31Y8H,0,0,,,,Censored No Alarm,0,0,0,0,0,1,0.003051930805668235,,2018-11-14,,0.438
8HK341ZH,0,0,,,,Censored No Alarm,0,0,0,0,0,1,0.0010407110676169395,,2018-11-14,,0.438
8HK34EZH,0,0,,,,Censored No Alarm,0,0,0,0,0,1,0.001204530126415193,,2018-11-14,,0.438
8HK3BWZH,0,0,,,,Censored No Alarm,0,0,0,0,0,1,0.0009272970492020249,,2018-11-14,,0.438
8HK3GTLH,0,0,,,,Censored No Alarm,0,0,0,0,0,1,0.01833932287991047,,2018-11-14,,0.438
8HK3GUXH,0,0,,,,Censored No Alarm,0,0,0,0,0,1,0.0006947549409233034,,2018-11-14,,0.438
8HK3MMSH,0,0,,,,Censored No Alarm,0,0,0,0,0,1,0.0008293220307677984,,2018-11-14,,0.438
8HK3NG2H,0,0,,,,Censored No Alarm,0,0,0,0,0,1,0.006132056005299091,,2018-11-14,,0.438
8HK3NJMH,0,0,,,,Censored No Alarm,0,0,0,0,0,1,0.0008001587120816112,,2018-11-14,,0.438
8HK41HEH,0,0,,,,Censored No Alarm,0,0,0,0,0,1,0.0013838044833391905,,2018-11-14,,0.438
8HK69BMH,0,0,,,,Censored No Alarm,0,0,0,0,0,1,0.0037448175717145205,,2019-03-01,,0.438
8HK6T2AH,0,0,,,,Censored No Alarm,0,0,0,0,0,1,0.0018891996005550027,,2018-11-14,,0.438
8HK6TL7H,0,0,,,,Censored No Alarm,0,0,0,0,0,1,0.0008097902173176408,,2018-11-14,,0.438
8HK6UUDH,0,0,,,,Censored No Alarm,0,0,0,0,0,1,0.0007085293182171881,,2019-03-28,,0.438
8HK6V14H,0,0,,,,Censored No Alarm,0,0,0,0,0,1,0.0009272970492020249,,2018-11-14,,0.438
8HK6VSKH,1,1,2024-03-06,2024-03-10,4.0,On time,1,0,0,0,0,0,0.6502751708030701,0.4823533892631531,2018-11-14,1939.0,0.438
8HK70X7H,0,0,,,,Censored No Alarm,0,0,0,0,0,1,0.0010407110676169395,,2018-11-14,,0.438
8HK7194H,0,0,,,,Censored No Alarm,0,0,0,0,0,1,0.0010407110676169395,,2018-11-14,,0.438
8HK72J0H,0,0,,,,Censored No Alarm,0,0,0,0,0,1,0.0009272970492020249,,2018-11-14,,0.438
8HK7DKMH,0,0,,,,Censored No Alarm,0,0,0,0,0,1,0.0007655804511159658,,2019-03-02,,0.438
8HK7E5DH,0,0,,,,Censored No Alarm,0,0,0,0,0,1,0.0008973988005891442,,2018-11-14,,0.438
8HK7E68H,0,0,,,,Censored No Alarm,0,0,0,0,0,1,0.0007266204920597374,,2018-11-14,,0.438
8HK7H58H,0,0,,,,Censored No Alarm,0,0,0,0,0,1,0.0007938055205158889,,2018-11-14,,0.438
8HK80P1H,0,0,,,,Censored No Alarm,0,0,0,0,0,1,0.027074720710515976,,2019-01-05,,0.438
8HKB2WEH,0,0,,,,Censored No Alarm,0,0,0,0,0,1,0.05480431020259857,,2019-01-05,,0.438
8HKB3M2H,0,0,,,,Censored No Alarm,0,0,0,0,0,1,0.0005878009251318872,,2019-01-05,,0.438
8HKB4R4H,0,0,,,,Censored No Alarm,0,0,0,0,0,1,0.0006126608932390809,,2019-05-04,,0.438
8HKBBKKH,0,0,,,,Censored No Alarm,0,0,0,0,0,1,0.016949566081166267,,2018-11-14,,0.438
8HKBYNVH,0,0,,,,Censored No Alarm,0,0,0,0,0,1,0.0006488656508736312,,2019-05-04,,0.438
8HKE039H,0,0,,,,Censored No Alarm,0,0,0,0,0,1,0.017743835225701332,,2018-11-14,,0.438
8HKE6E1H,0,0,,,,Censored No Alarm,0,0,0,0,0,1,0.0007936606416478753,,2019-01-05,,0.438
8HKE8S7H,0,0,,,,Censored No Alarm,0,0,0,0,0,1,0.3180643618106842,,2019-01-05,,0.438
8HKEAWEH,0,0,,,,Censored No Alarm,0,0,0,0,0,1,0.0019179536029696465,,2019-06-01,,0.438
8HKEKYRH,0,0,,,,Censored No Alarm,0,0,0,0,0,1,0.0013458161847665906,,2019-06-01,,0.438
8HKG0GWH,0,0,,,,Censored No Alarm,0,0,0,0,0,1,0.0006856631953269243,,2019-01-05,,0.438
8HKHPZHH,0,0,,,,Censored No Alarm,0,0,0,0,0,1,0.0013458161847665906,,2019-06-01,,0.438
8HKJ4MAH,0,0,,,,Censored No Alarm,0,0,0,0,0,1,0.0006947549409233034,,2019-03-01,,0.438
8HKJ5KDH,1,0,,2025-06-29,,Missed,0,0,0,0,1,0,0.0007266204920597374,,2018-11-14,,0.438
8HKL6STH,0,0,,,,Censored No Alarm,0,0,0,0,0,1,0.0010407110676169395,,2019-03-02,,0.438
8HKLRUSH,0,0,,,,Censored No Alarm,0,0,0,0,0,1,0.32050415873527527,,2019-03-01,,0.438
8HKM415H,0,0,,,,Censored No Alarm,0,0,0,0,0,1,0.0007266204920597374,,2019-03-01,,0.438
8HKM5RVH,0,0,,,,Censored No Alarm,0,0,0,0,0,1,0.000809394521638751,,2019-03-28,,0.438
8HKM654H,0,0,,,,Censored No Alarm,0,0,0,0,0,1,0.0017853208119049668,,2019-03-28,,0.438
8HKM9Z1H,0,0,,,,Censored No Alarm,0,0,0,0,0,1,0.0007390649407170713,,2019-03-28,,0.438
8HKMR21H,1,1,2020-09-02,2020-09-02,0.0,On time,1,0,0,0,0,0,0.5821090936660767,0.5821090936660767,2019-03-28,524.0,0.438
8HKNMW1H,0,0,,,,Censored No Alarm,0,0,0,0,0,1,0.0006126608932390809,,2019-05-04,,0.438
8HKNN28H,0,0,,,,Censored No Alarm,0,0,0,0,0,1,0.03192225471138954,,2019-06-01,,0.438
8HKPM7RH,0,0,,,,Censored No Alarm,0,0,0,0,0,1,0.0007588500739075243,,2019-03-02,,0.438
8HKPZY9H,1,0,,2024-08-13,,Missed,0,0,0,0,1,0,0.06860355287790298,,2019-03-28,,0.438
8HKRER2H,0,0,,,,Censored No Alarm,0,0,0,0,0,1,0.004361642524600029,,2019-06-01,,0.438
8HKS4X3H,0,1,2020-11-07,,,Censored Early,0,0,1,1,0,0,0.591002345085144,0.591002345085144,2019-03-02,616.0,0.438
8HKTBA3H,1,0,,2024-09-22,,Missed,0,0,0,0,1,0,0.2793082296848297,,2019-03-01,,0.438
8HKTE54H,0,0,,,,Censored No Alarm,0,0,0,0,0,1,0.0007085293182171881,,2019-03-01,,0.438
8HKTH2SH,1,0,,2023-11-27,,Missed,0,0,0,0,1,0,0.0240945965051651,,2019-03-01,,0.438
8HKTK0XH,0,0,,,,Censored No Alarm,0,0,0,0,0,1,0.0005927523598074913,,2019-01-05,,0.438
8HKU0DXH,0,0,,,,Censored No Alarm,0,0,0,0,0,1,0.0008351833093911409,,2019-03-01,,0.438
8HKU3YTH,1,0,,2024-07-13,,Missed,0,0,0,0,1,0,0.3785131275653839,,2019-03-01,,0.438
8HKU4WXH,0,0,,,,Censored No Alarm,0,0,0,0,0,1,0.04524584114551544,,2019-01-05,,0.438
8HKUEJHH,1,0,,2025-04-25,,Missed,0,0,0,0,1,0,0.006312438286840916,,2019-03-28,,0.438
8HKVW60H,0,0,,,,Censored No Alarm,0,0,0,0,0,1,0.0020142116118222475,,2019-03-28,,0.438
8HKW4NPH,0,0,,,,Censored No Alarm,0,0,0,0,0,1,0.0007936606416478753,,2019-06-01,,0.438
8HKWV1GH,0,0,,,,Censored No Alarm,0,0,0,0,0,1,0.0020884224213659763,,2019-01-05,,0.438
8HKWXJYH,0,0,,,,Censored No Alarm,0,0,0,0,0,1,0.0035485478583723307,,2019-03-28,,0.438
8HKY0KHH,1,0,,2024-05-14,,Missed,0,0,0,0,1,0,0.1343984752893448,,2019-03-01,,0.438
8HKY66PH,0,0,,,,Censored No Alarm,0,0,0,0,0,1,0.0013148373691365123,,2019-03-01,,0.438
8HKYJ38H,0,0,,,,Censored No Alarm,0,0,0,0,0,1,0.0007085293182171881,,2019-03-28,,0.438
8HKYZ6YH,0,0,,,,Censored No Alarm,0,0,0,0,0,1,0.0007655804511159658,,2019-03-28,,0.438
8HKZ213H,0,0,,,,Censored No Alarm,0,0,0,0,0,1,0.000606063287705183,,2019-01-05,,0.438
8HKZDBRH,0,0,,,,Censored No Alarm,0,0,0,0,0,1,0.001333991764113307,,2019-06-01,,0.438
8HKZL75H,0,0,,,,Censored No Alarm,0,0,0,0,0,1,0.019131440669298172,,2019-05-04,,0.438
AAG0EXPH,0,0,,,,Censored No Alarm,0,0,0,0,0,1,0.0005952566862106323,,2019-01-05,,0.438
AAG0LHRH,0,0,,,,Censored No Alarm,0,0,0,0,0,1,0.000809394521638751,,2019-01-05,,0.438
AAG121VH,0,0,,,,Censored No Alarm,0,0,0,0,0,1,0.007493709214031696,,2019-03-01,,0.438
AAG16VPH,0,0,,,,Censored No Alarm,0,0,0,0,0,1,0.001661079004406929,,2019-01-05,,0.438
AAG18L0H,0,0,,,,Censored No Alarm,0,0,0,0,0,1,0.0006947549409233034,,2019-03-28,,0.438
AAG18MEH,0,0,,,,Censored No Alarm,0,0,0,0,0,1,0.0009073123801499605,,2019-03-01,,0.438
AAG197UH,0,0,,,,Censored No Alarm,0,0,0,0,0,1,0.0013458161847665906,,2019-06-01,,0.438
AAG1LSNH,1,0,,2025-07-30,,Missed,0,0,0,0,1,0,0.34032511711120605,,2019-01-05,,0.438
AAG1LSVH,0,0,,,,Censored No Alarm,0,0,0,0,0,1,0.00643627904355526,,2019-01-05,,0.438
AAG1LW3H,1,1,2024-08-17,2024-09-03,17.0,On time,1,0,0,0,0,0,0.7865085601806641,0.7865085601806641,2019-01-05,2051.0,0.438
AAG1PLVH,0,0,,,,Censored No Alarm,0,0,0,0,0,1,0.0007085293182171881,,2019-03-28,,0.438
AAG1PM9H,0,0,,,,Censored No Alarm,0,0,0,0,0,1,0.0007390649407170713,,2019-03-28,,0.438
AAG1RJAH,0,0,,,,Censored No Alarm,0,0,0,0,0,1,0.07589595764875412,,2019-03-28,,0.438
AAG1RK5H,0,0,,,,Censored No Alarm,0,0,0,0,0,1,0.0005878009251318872,,2019-01-05,,0.438
AAG1RR9H,0,0,,,,Censored No Alarm,0,0,0,0,0,1,0.0006801228155381978,,2019-03-28,,0.438
AAG1RUJH,0,0,,,,Censored No Alarm,0,0,0,0,0,1,0.001078147441148758,,2019-03-28,,0.438
AAG1TGGH,0,0,,,,Censored No Alarm,0,0,0,0,0,1,0.0007936606416478753,,2019-01-05,,0.438
AAG1VJYH,0,0,,,,Censored No Alarm,0,0,0,0,0,1,0.0008418802754022181,,2019-03-28,,0.438
AAG1VNPH,0,0,,,,Censored No Alarm,0,0,0,0,0,1,0.000534743070602417,,2019-01-05,,0.438
AAG1Z4AH,0,0,,,,Censored No Alarm,0,0,0,0,0,1,0.02553177997469902,,2019-08-13,,0.438
AAG23A2H,0,0,,,,Censored No Alarm,0,0,0,0,0,1,0.3221167325973511,,2019-01-05,,0.438
AAG23AKH,0,0,,,,Censored No Alarm,0,0,0,0,0,1,0.0007248512702062726,,2019-01-05,,0.438
AAG23AVH,0,0,,,,Censored No Alarm,0,0,0,0,0,1,0.0007085293182171881,,2019-03-28,,0.438
AAG246TH,0,0,,,,Censored No Alarm,0,0,0,0,0,1,0.0007895890739746392,,2019-06-01,,0.438
AAG24UVH,0,0,,,,Censored No Alarm,0,0,0,0,0,1,0.0005999390850774944,,2019-01-05,,0.438
AAG24VXH,0,0,,,,Censored No Alarm,0,0,0,0,0,1,0.0005878009251318872,,2019-01-05,,0.438
AAG26NBH,1,0,,2023-10-19,,Missed,0,0,0,0,1,0,0.13420620560646057,,2019-03-28,,0.438
AAG26TPH,0,0,,,,Censored No Alarm,0,0,0,0,0,1,0.1922132968902588,,2019-03-28,,0.438
AAG26U9H,1,0,,2023-01-26,,Missed,0,0,0,0,1,0,0.0771651566028595,,2019-06-01,,0.438
AAG27VEH,0,0,,,,Censored No Alarm,0,0,0,0,0,1,0.000809394521638751,,2019-03-28,,0.438
AAG27W2H,0,0,,,,Censored No Alarm,0,0,0,0,0,1,0.0015524293994531035,,2019-03-01,,0.438
AAG27XPH,1,0,,2025-10-06,,Missed,0,0,0,0,1,0,0.023731911554932594,,2019-03-28,,0.438
AAG27ZLH,0,0,,,,Censored No Alarm,0,0,0,0,0,1,0.0007936606416478753,,2019-03-28,,0.438
AAG281TH,1,0,,2024-07-25,,Missed,0,0,0,0,1,0,0.07150162011384964,,2019-01-05,,0.438
AAG2GGJH,0,0,,,,Censored No Alarm,0,0,0,0,0,1,0.0019736653193831444,,2019-06-01,,0.438
AAG2JGJH,1,0,,2026-02-10,,Missed,0,0,0,0,1,0,0.019277298822999,,2019-06-01,,0.438
AAG2JL4H,0,0,,,,Censored No Alarm,0,0,0,0,0,1,0.0005417420179583132,,2019-01-05,,0.438
AAG2RZJH,0,0,,,,Censored No Alarm,0,0,0,0,0,1,0.0007390649407170713,,2019-03-28,,0.438
AAG2S62H,0,0,,,,Censored No Alarm,0,0,0,0,0,1,0.000809394521638751,,2019-03-28,,0.438
AAG2S9YH,0,0,,,,Censored No Alarm,0,0,0,0,0,1,0.0007895890739746392,,2019-06-01,,0.438
AAG2SAYH,0,0,,,,Censored No Alarm,0,0,0,0,0,1,0.000809394521638751,,2019-08-14,,0.438
AAG2SJ3H,0,0,,,,Censored No Alarm,0,0,0,0,0,1,0.0007895890739746392,,2019-08-13,,0.438
AAG2VSVH,0,0,,,,Censored No Alarm,0,0,0,0,0,1,0.0007085293182171881,,2019-03-28,,0.438
AAG2Y6JH,0,0,,,,Censored No Alarm,0,0,0,0,0,1,0.0006801228155381978,,2019-03-28,,0.438
AAG2Z67H,0,0,,,,Censored No Alarm,0,0,0,0,0,1,0.000809394521638751,,2019-06-01,,0.438
AAG2ZU1H,0,0,,,,Censored No Alarm,0,0,0,0,0,1,0.0007895890739746392,,2019-06-01,,0.438
AAG305AH,0,0,,,,Censored No Alarm,0,0,0,0,0,1,0.0013458161847665906,,2019-06-01,,0.438
AAG306GH,0,0,,,,Censored No Alarm,0,0,0,0,0,1,0.014639093540608883,,2019-01-05,,0.438
AAG34Z4H,0,0,,,,Censored No Alarm,0,0,0,0,0,1,0.0005927523598074913,,2019-01-05,,0.438
AAG350BH,0,0,,,,Censored No Alarm,0,0,0,0,0,1,0.021754153072834015,,2019-03-28,,0.438
AAG350TH,0,0,,,,Censored No Alarm,0,0,0,0,0,1,0.0019327988848090172,,2019-03-28,,0.438
AAG3512H,0,0,,,,Censored No Alarm,0,0,0,0,0,1,0.0014204855542629957,,2019-03-28,,0.438
AAG352AH,0,0,,,,Censored No Alarm,0,0,0,0,0,1,0.0013458161847665906,,2019-06-01,,0.438
AAG353EH,0,0,,,,Censored No Alarm,0,0,0,0,0,1,0.0005999390850774944,,2019-01-05,,0.438
AAG35LWH,0,0,,,,Censored No Alarm,0,0,0,0,0,1,0.3473809063434601,,2019-01-05,,0.438
AAG401PH,0,0,,,,Censored No Alarm,0,0,0,0,0,1,0.000809394521638751,,2019-01-05,,0.438
AAG46YHH,0,0,,,,Censored No Alarm,0,0,0,0,0,1,0.0008627318893559277,,2019-03-28,,0.438
AAG477BH,0,0,,,,Censored No Alarm,0,0,0,0,0,1,0.0006126608932390809,,2019-01-05,,0.438
AAG478DH,0,0,,,,Censored No Alarm,0,0,0,0,0,1,0.0009241588413715363,,2019-03-28,,0.438
AAG48B3H,0,0,,,,Censored No Alarm,0,0,0,0,0,1,0.0008351833093911409,,2019-03-02,,0.438
AAG4AA9H,0,0,,,,Censored No Alarm,0,0,0,0,0,1,0.04477168247103691,,2019-03-01,,0.438
AAG4VESH,0,1,2024-07-27,,,Censored Early,0,0,1,1,0,0,0.5775319933891296,0.46192824840545654,2019-03-01,1975.0,0.438
AAG4Z4YH,0,0,,,,Censored No Alarm,0,0,0,0,0,1,0.0064435494132339954,,2019-03-01,,0.438
AAG4Z52H,0,0,,,,Censored No Alarm,0,0,0,0,0,1,0.0009272970492020249,,2019-03-02,,0.438
AAG4Z5AH,1,0,,2025-03-14,,Missed,0,0,0,0,1,0,0.15407192707061768,,2019-01-05,,0.438
AAG4ZABH,0,0,,,,Censored No Alarm,0,0,0,0,0,1,0.0010203690035268664,,2019-03-01,,0.438
AAG51RHH,0,0,,,,Censored No Alarm,0,0,0,0,0,1,0.0006324776913970709,,2019-01-05,,0.438
AAG540GH,0,0,,,,Censored No Alarm,0,0,0,0,0,1,0.0007085293182171881,,2019-03-28,,0.438
AAG5DTTH,0,0,,,,Censored No Alarm,0,0,0,0,0,1,0.0019185058772563934,,2019-03-28,,0.438
AAG5Y4DH,0,0,,,,Censored No Alarm,0,0,0,0,0,1,0.0007139054941944778,,2019-01-05,,0.438
AAG5Y4LH,0,0,,,,Censored No Alarm,0,0,0,0,0,1,0.014590651728212833,,2019-01-05,,0.438
AAG5Y4TH,0,0,,,,Censored No Alarm,0,0,0,0,0,1,0.017894931137561798,,2019-01-05,,0.438
AAG5Y4UH,0,0,,,,Censored No Alarm,0,0,0,0,0,1,0.0005999390850774944,,2019-01-05,,0.438
AAG5Y5UH,0,0,,,,Censored No Alarm,0,0,0,0,0,1,0.03700476512312889,,2019-01-05,,0.438
AAG5YJ4H,0,0,,,,Censored No Alarm,0,0,0,0,0,1,0.006432078313082457,,2019-03-28,,0.438
AAG5YLKH,0,0,,,,Censored No Alarm,0,0,0,0,0,1,0.0010407110676169395,,2019-03-01,,0.438
AAG5YYBH,0,0,,,,Censored No Alarm,0,0,0,0,0,1,0.001078147441148758,,2019-01-05,,0.438
AAG5YYKH,1,1,2025-07-17,2025-09-30,75.0,Early,0,1,0,1,0,0,0.5157070755958557,0.5157070755958557,2019-01-05,2385.0,0.438
AAG5YZ8H,0,0,,,,Censored No Alarm,0,0,0,0,0,1,0.001031449530273676,,2019-03-28,,0.438
AAG5YZZH,1,0,,2025-07-30,,Missed,0,0,0,0,1,0,0.3075721561908722,,2019-03-02,,0.438
AAG613MH,0,0,,,,Censored No Alarm,0,0,0,0,0,1,0.0005411216989159584,,2019-01-05,,0.438
AAG613RH,1,0,,2025-06-06,,Missed,0,0,0,0,1,0,0.0070718866772949696,,2019-01-05,,0.438
AAG61KPH,0,0,,,,Censored No Alarm,0,0,0,0,0,1,0.002267943462356925,,2019-03-28,,0.438
AAG61LHH,1,1,2024-05-09,2024-05-17,8.0,On time,1,0,0,0,0,0,0.6581330895423889,0.6581330895423889,2019-03-01,1896.0,0.438
AAG61NEH,0,0,,,,Censored No Alarm,0,0,0,0,0,1,0.017743835225701332,,2019-01-05,,0.438
AAG61NZH,0,0,,,,Censored No Alarm,0,0,0,0,0,1,0.036666981875896454,,2019-03-28,,0.438
AAG61P2H,0,0,,,,Censored No Alarm,0,0,0,0,0,1,0.0007085293182171881,,2019-03-01,,0.438
AAG61UMH,0,0,,,,Censored No Alarm,0,0,0,0,0,1,0.01420558150857687,,2019-01-05,,0.438
AAG61WRH,0,0,,,,Censored No Alarm,0,0,0,0,0,1,0.0007266204920597374,,2019-03-01,,0.438
AAG61Z1H,0,0,,,,Censored No Alarm,0,0,0,0,0,1,0.0006023070309311152,,2019-01-05,,0.438
AAG61ZAH,0,0,,,,Censored No Alarm,0,0,0,0,0,1,0.0008004183182492852,,2019-03-01,,0.438
AAG620PH,0,0,,,,Censored No Alarm,0,0,0,0,0,1,0.0007655804511159658,,2019-03-28,,0.438
AAG621WH,0,0,,,,Censored No Alarm,0,0,0,0,0,1,0.0008171993540599942,,2019-01-05,,0.438
AAG623DH,0,0,,,,Censored No Alarm,0,0,0,0,0,1,0.0010033986764028668,,2019-01-05,,0.438
AAG6376H,0,0,,,,Censored No Alarm,0,0,0,0,0,1,0.012142268940806389,,2019-03-28,,0.438
AAG637RH,1,0,,2022-05-21,,Missed,0,0,0,0,1,0,0.00046610418939962983,,2019-01-05,,0.438
AAG6381H,0,0,,,,Censored No Alarm,0,0,0,0,0,1,0.0006091383402235806,,2019-01-05,,0.438
AAG638GH,0,0,,,,Censored No Alarm,0,0,0,0,0,1,0.0005999390850774944,,2019-01-05,,0.438
AAG639BH,0,0,,,,Censored No Alarm,0,0,0,0,0,1,0.014391829259693623,,2019-01-05,,0.438
AAG63DLH,0,0,,,,Censored No Alarm,0,0,0,0,0,1,0.0007936606416478753,,2019-03-28,,0.438
AAG63JSH,0,0,,,,Censored No Alarm,0,0,0,0,0,1,0.0008351833093911409,,2019-03-02,,0.438
AAG63PJH,0,0,,,,Censored No Alarm,0,0,0,0,0,1,0.0006801228155381978,,2019-03-28,,0.438
AAG63PKH,1,0,,2022-05-22,,Missed,0,0,0,0,1,0,0.029644232243299484,,2019-03-01,,0.438
AAG63PLH,0,0,,,,Censored No Alarm,0,0,0,0,0,1,0.0008283107308670878,,2019-03-01,,0.438
AAG63RGH,0,0,,,,Censored No Alarm,0,0,0,0,0,1,0.0007085293182171881,,2019-03-01,,0.438
AAG63TMH,1,1,2025-08-01,2025-09-02,32.0,Early,0,1,0,1,0,0,0.5592418313026428,0.4467826187610626,2019-03-02,2344.0,0.438
AAG63TSH,0,0,,,,Censored No Alarm,0,0,0,0,0,1,0.0013013689313083887,,2019-03-28,,0.438
AAG63V6H,0,0,,,,Censored No Alarm,0,0,0,0,0,1,0.027222702279686928,,2019-03-28,,0.438
AAG63WHH,1,0,,2025-11-30,,Missed,0,0,0,0,1,0,0.34826675057411194,,2019-01-05,,0.438
AAG63Z8H,1,0,,2025-09-28,,Missed,0,0,0,0,1,0,0.3773195147514343,,2019-03-01,,0.438
AAG6417H,1,1,2024-03-24,2024-06-06,74.0,Early,0,1,0,1,0,0,0.6751074194908142,0.6443519592285156,2019-03-01,1850.0,0.438
AAG6436H,0,0,,,,Censored No Alarm,0,0,0,0,0,1,0.0007936606416478753,,2019-06-01,,0.438
AAG64VXH,0,0,,,,Censored No Alarm,0,0,0,0,0,1,0.035256341099739075,,2019-01-05,,0.438
AAG6509H,0,0,,,,Censored No Alarm,0,0,0,0,0,1,0.001031449530273676,,2019-03-28,,0.438
AAG67UZH,0,0,,,,Censored No Alarm,0,0,0,0,0,1,0.02608056552708149,,2019-03-28,,0.438
AAG67V3H,1,0,,2025-06-20,,Missed,0,0,0,0,1,0,0.29918187856674194,,2019-03-01,,0.438
AAG67VBH,0,0,,,,Censored No Alarm,0,0,0,0,0,1,0.004874404054135084,,2019-03-28,,0.438
AAG67W3H,0,0,,,,Censored No Alarm,0,0,0,0,0,1,0.0006861553993076086,,2019-03-01,,0.438
AAG67Z8H,0,0,,,,Censored No Alarm,0,0,0,0,0,1,0.0013458161847665906,,2019-06-01,,0.438
AAG682YH,1,1,2020-10-20,2024-07-04,1353.0,Early,0,1,0,1,0,0,0.47976967692375183,0.47639137506484985,2019-03-28,572.0,0.438
AAG683JH,0,0,,,,Censored No Alarm,0,0,0,0,0,1,0.0007198728271760046,,2019-03-01,,0.438
AAG686GH,0,0,,,,Censored No Alarm,0,0,0,0,0,1,0.0007722703157924116,,2019-03-02,,0.438
AAG6870H,0,0,,,,Censored No Alarm,0,0,0,0,0,1,0.005999760702252388,,2019-01-05,,0.438
AAG6878H,0,0,,,,Censored No Alarm,0,0,0,0,0,1,0.0012875348329544067,,2019-01-05,,0.438
AAG687GH,0,0,,,,Censored No Alarm,0,0,0,0,0,1,0.0019127322593703866,,2019-03-01,,0.438
AAG687MH,0,0,,,,Censored No Alarm,0,0,0,0,0,1,0.0006801228155381978,,2019-03-28,,0.438
AAG68AGH,0,0,,,,Censored No Alarm,0,0,0,0,0,1,0.0012186632957309484,,2019-06-01,,0.438
AAG68AKH,0,0,,,,Censored No Alarm,0,0,0,0,0,1,0.3851771354675293,,2019-03-02,,0.438
AAG68AUH,0,0,,,,Censored No Alarm,0,0,0,0,0,1,0.0008543358417227864,,2019-01-05,,0.438
AAG68AXH,0,0,,,,Censored No Alarm,0,0,0,0,0,1,0.001078147441148758,,2019-03-28,,0.438
AAG68BRH,0,1,2025-07-21,,,Censored Early,0,0,1,1,0,0,0.4692723751068115,0.4692723751068115,2019-01-05,2389.0,0.438
AAG68EWH,1,0,,2023-04-01,,Missed,0,0,0,0,1,0,0.11954188346862793,,2019-01-05,,0.438
AAG68EXH,1,0,,2024-06-19,,Missed,0,0,0,0,1,0,0.04727078601717949,,2019-01-05,,0.438
AAG68KVH,0,0,,,,Censored No Alarm,0,0,0,0,0,1,0.0007936606416478753,,2019-01-05,,0.438
AAG691PH,0,0,,,,Censored No Alarm,0,0,0,0,0,1,0.001333991764113307,,2019-06-01,,0.438
AAG691VH,0,0,,,,Censored No Alarm,0,0,0,0,0,1,0.04018091410398483,,2019-01-05,,0.438
AAG69LHH,0,0,,,,Censored No Alarm,0,0,0,0,0,1,0.0009855272946879268,,2019-06-01,,0.438
AAG69TTH,0,0,,,,Censored No Alarm,0,0,0,0,0,1,0.0007859793258830905,,2019-03-01,,0.438
AAG69WWH,0,0,,,,Censored No Alarm,0,0,0,0,0,1,0.0005878009251318872,,2019-01-05,,0.438
AAG69YWH,0,0,,,,Censored No Alarm,0,0,0,0,0,1,0.0010407110676169395,,2019-03-02,,0.438
AAG6A03H,0,0,,,,Censored No Alarm,0,0,0,0,0,1,0.0008282838971354067,,2019-03-02,,0.438
AAG6A07H,0,0,,,,Censored No Alarm,0,0,0,0,0,1,0.002758161397650838,,2019-03-01,,0.438
AAG6A0AH,0,0,,,,Censored No Alarm,0,0,0,0,0,1,0.000809394521638751,,2019-01-05,,0.438
AAG6AATH,0,0,,,,Censored No Alarm,0,0,0,0,0,1,0.0007351891254074872,,2019-06-01,,0.438
AAG6AV4H,0,0,,,,Censored No Alarm,0,0,0,0,0,1,0.0007985887350514531,,2019-03-01,,0.438
AAG6AWTH,1,0,,2024-07-08,,Missed,0,0,0,0,1,0,0.15919844806194305,,2019-03-28,,0.438
AAG6AX6H,0,0,,,,Censored No Alarm,0,0,0,0,0,1,0.003339253133162856,,2019-03-28,,0.438
AAG6B4HH,0,0,,,,Censored No Alarm,0,0,0,0,0,1,0.0007085293182171881,,2019-03-28,,0.438
AAG6B5KH,0,0,,,,Censored No Alarm,0,0,0,0,0,1,0.005207092501223087,,2019-03-28,,0.438
AAG6DT9H,1,0,,2019-04-25,,Missed,0,0,0,0,1,0,0.0007655804511159658,,2019-03-01,,0.438
AAG6DVEH,0,0,,,,Censored No Alarm,0,0,0,0,0,1,0.004227117169648409,,2019-03-01,,0.438
AAG6DXTH,0,0,,,,Censored No Alarm,0,0,0,0,0,1,0.0623830147087574,,2019-01-05,,0.438
AAG6E2HH,0,0,,,,Censored No Alarm,0,0,0,0,0,1,0.0023580638226121664,,2019-03-28,,0.438
AAG6E60H,0,0,,,,Censored No Alarm,0,0,0,0,0,1,0.005990537349134684,,2019-03-01,,0.438
AAG6E7EH,0,0,,,,Censored No Alarm,0,0,0,0,0,1,0.0006801228155381978,,2019-03-28,,0.438
AAG6E7RH,0,0,,,,Censored No Alarm,0,0,0,0,0,1,0.0008093953365460038,,2019-03-02,,0.438
AAG6ESPH,0,0,,,,Censored No Alarm,0,0,0,0,0,1,0.0007209648028947413,,2019-01-05,,0.438
AAG6EVRH,0,0,,,,Censored No Alarm,0,0,0,0,0,1,0.0005806293920613825,,2019-01-05,,0.438
AAG6EX3H,0,0,,,,Censored No Alarm,0,0,0,0,0,1,0.000693367444910109,,2019-01-05,,0.438
AAG6GM1H,0,0,,,,Censored No Alarm,0,0,0,0,0,1,0.0006801228155381978,,2019-03-28,,0.438
AAG6H25H,0,0,,,,Censored No Alarm,0,0,0,0,0,1,0.0009272970492020249,,2019-03-01,,0.438
AAG6HG0H,0,0,,,,Censored No Alarm,0,0,0,0,0,1,0.0006947549409233034,,2019-03-01,,0.438
AAG6HSEH,0,0,,,,Censored No Alarm,0,0,0,0,0,1,0.0007588500739075243,,2019-03-02,,0.438
AAG6HYXH,0,0,,,,Censored No Alarm,0,0,0,0,0,1,0.0010407110676169395,,2019-03-02,,0.438
AAG6J1MH,0,0,,,,Censored No Alarm,0,0,0,0,0,1,0.0005806293920613825,,2019-01-05,,0.438
AAG6J1TH,1,0,,2025-10-07,,Missed,0,0,0,0,1,0,0.3504018783569336,,2019-03-01,,0.438
AAG6J2DH,1,0,,2024-01-03,,Missed,0,0,0,0,1,0,0.04951919987797737,,2019-03-28,,0.438
AAG6J2KH,1,1,2023-04-20,2023-10-19,182.0,Early,0,1,0,1,0,0,0.4951621890068054,0.4951621890068054,2019-01-05,1566.0,0.438
AAG6KJ6H,0,0,,,,Censored No Alarm,0,0,0,0,0,1,0.0007936606416478753,,2019-03-28,,0.438
AAG6KJPH,0,0,,,,Censored No Alarm,0,0,0,0,0,1,0.0007588500739075243,,2019-03-28,,0.438
AAG6KTJH,0,0,,,,Censored No Alarm,0,0,0,0,0,1,0.0007588500739075243,,2019-03-02,,0.438
AAG6KTRH,0,0,,,,Censored No Alarm,0,0,0,0,0,1,0.0005999390850774944,,2019-01-05,,0.438
AAG6KUAH,0,0,,,,Censored No Alarm,0,0,0,0,0,1,0.38947227597236633,,2019-01-05,,0.438
AAG6KUJH,0,0,,,,Censored No Alarm,0,0,0,0,0,1,0.0007085293182171881,,2019-03-01,,0.438
AAG6KV6H,1,0,,2021-11-27,,Missed,0,0,0,0,1,0,0.007840628735721111,,2019-03-01,,0.438
AAG6L88H,0,0,,,,Censored No Alarm,0,0,0,0,0,1,0.0006801228155381978,,2019-03-28,,0.438
AAG6L8VH,0,0,,,,Censored No Alarm,0,0,0,0,0,1,0.3144110143184662,,2019-03-28,,0.438
AAG6LD7H,1,0,,2025-06-16,,Missed,0,0,0,0,1,0,0.044061411172151566,,2019-03-01,,0.438
AAG6LDTH,0,0,,,,Censored No Alarm,0,0,0,0,0,1,0.0028722083661705256,,2019-03-28,,0.438
AAG6LEHH,0,0,,,,Censored No Alarm,0,0,0,0,0,1,0.0006801228155381978,,2019-03-01,,0.438
AAG6LEJH,0,0,,,,Censored No Alarm,0,0,0,0,0,1,0.0006801228155381978,,2019-03-01,,0.438
AAG6LG9H,0,0,,,,Censored No Alarm,0,0,0,0,0,1,0.000809394521638751,,2019-01-05,,0.438
AAG6LTSH,0,0,,,,Censored No Alarm,0,0,0,0,0,1,0.0009272970492020249,,2019-03-01,,0.438
AAG6M3BH,0,0,,,,Censored No Alarm,0,0,0,0,0,1,0.0019266384188085794,,2019-03-02,,0.438
AAG6M8TH,0,0,,,,Censored No Alarm,0,0,0,0,0,1,0.0006683997344225645,,2019-01-05,,0.438
AAG6MABH,0,0,,,,Censored No Alarm,0,0,0,0,0,1,0.000809394521638751,,2019-05-04,,0.438
AAG6NEEH,0,0,,,,Censored No Alarm,0,0,0,0,0,1,0.0007655804511159658,,2019-03-28,,0.438
AAG6NP0H,1,1,2024-05-29,2024-09-22,116.0,Early,0,1,0,1,0,0,0.5386554598808289,0.5386554598808289,2019-03-01,1916.0,0.438
AAG6NPRH,1,0,,2026-03-12,,Missed,0,0,0,0,1,0,0.34931084513664246,,2019-03-01,,0.438
AAG6NRBH,1,0,,2024-07-11,,Missed,0,0,0,0,1,0,0.29716092348098755,,2019-03-28,,0.438
AAG6NRZH,0,0,,,,Censored No Alarm,0,0,0,0,0,1,0.0007936606416478753,,2019-03-28,,0.438
AAG6NS8H,0,0,,,,Censored No Alarm,0,0,0,0,0,1,0.3350936770439148,,2019-03-28,,0.438
AAG6NSKH,0,0,,,,Censored No Alarm,0,0,0,0,0,1,0.3806888163089752,,2019-01-05,,0.438
AAG6NVKH,0,0,,,,Censored No Alarm,0,0,0,0,0,1,0.000809394521638751,,2019-01-05,,0.438
AAG6NW3H,0,0,,,,Censored No Alarm,0,0,0,0,0,1,0.001333991764113307,,2019-06-01,,0.438
AAG6P40H,0,0,,,,Censored No Alarm,0,0,0,0,0,1,0.001078147441148758,,2019-01-05,,0.438
AAG6P42H,0,0,,,,Censored No Alarm,0,0,0,0,0,1,0.0006801228155381978,,2019-03-01,,0.438
AAG6P4EH,0,0,,,,Censored No Alarm,0,0,0,0,0,1,0.0006801228155381978,,2019-03-28,,0.438
AAG6P9AH,0,0,,,,Censored No Alarm,0,0,0,0,0,1,0.0006801228155381978,,2019-03-01,,0.438
AAG6PWBH,0,0,,,,Censored No Alarm,0,0,0,0,0,1,0.000809394521638751,,2019-03-02,,0.438
AAG6PY2H,0,0,,,,Censored No Alarm,0,0,0,0,0,1,0.0005878009251318872,,2019-01-05,,0.438
AAG6PYLH,0,0,,,,Censored No Alarm,0,0,0,0,0,1,0.0012029301142320037,,2019-06-01,,0.438
AAG6R0AH,0,0,,,,Censored No Alarm,0,0,0,0,0,1,0.000809394521638751,,2019-06-01,,0.438
AAG6R2RH,0,0,,,,Censored No Alarm,0,0,0,0,0,1,0.0008027362055145204,,2019-03-01,,0.438
AAG6R32H,0,0,,,,Censored No Alarm,0,0,0,0,0,1,0.0010203690035268664,,2019-03-01,,0.438
AAG6R48H,0,0,,,,Censored No Alarm,0,0,0,0,0,1,0.0007083696546033025,,2019-03-28,,0.438
AAG6R8UH,0,0,,,,Censored No Alarm,0,0,0,0,0,1,0.001031449530273676,,2019-03-28,,0.438
AAG6T4ZH,0,0,,,,Censored No Alarm,0,0,0,0,0,1,0.0007936606416478753,,2019-03-28,,0.438
AAG6T52H,1,0,,2023-06-10,,Missed,0,0,0,0,1,0,0.0013458161847665906,,2019-06-01,,0.438
AAG6T55H,0,0,,,,Censored No Alarm,0,0,0,0,0,1,0.001333991764113307,,2019-06-01,,0.438
AAG6T5JH,0,0,,,,Censored No Alarm,0,0,0,0,0,1,0.001982203684747219,,2019-05-16,,0.438
AAG6T7LH,0,0,,,,Censored No Alarm,0,0,0,0,0,1,0.0009272970492020249,,2019-03-01,,0.438
AAG6T9NH,0,0,,,,Censored No Alarm,0,0,0,0,0,1,0.0007895890739746392,,2019-06-01,,0.438
AAG6TA8H,0,0,,,,Censored No Alarm,0,0,0,0,0,1,0.0006501253228634596,,2019-01-05,,0.438
AAG6TAHH,0,0,,,,Censored No Alarm,0,0,0,0,0,1,0.0007895890739746392,,2019-06-01,,0.438
AAG6TAKH,0,0,,,,Censored No Alarm,0,0,0,0,0,1,0.0007895890739746392,,2019-06-01,,0.438
AAG6TBBH,0,0,,,,Censored No Alarm,0,0,0,0,0,1,0.0006801228155381978,,2019-03-28,,0.438
AAG6TBJH,0,0,,,,Censored No Alarm,0,0,0,0,0,1,0.000809394521638751,,2019-01-05,,0.438
AAG6THHH,0,0,,,,Censored No Alarm,0,0,0,0,0,1,0.0007895890739746392,,2019-06-01,,0.438
AAG6THJH,0,0,,,,Censored No Alarm,0,0,0,0,0,1,0.0007895890739746392,,2019-06-01,,0.438
AAG6THLH,0,0,,,,Censored No Alarm,0,0,0,0,0,1,0.0006174983573146164,,2019-05-04,,0.438
AAG6TRKH,0,0,,,,Censored No Alarm,0,0,0,0,0,1,0.0006126608932390809,,2019-05-04,,0.438
AAG6TS8H,0,0,,,,Censored No Alarm,0,0,0,0,0,1,0.05143566429615021,,2019-06-01,,0.438
AAG6TSUH,0,0,,,,Censored No Alarm,0,0,0,0,0,1,0.0006801228155381978,,2019-03-28,,0.438
AAG6TT1H,0,0,,,,Censored No Alarm,0,0,0,0,0,1,0.0007088761776685715,,2019-05-16,,0.438
AAG6TT9H,0,0,,,,Censored No Alarm,0,0,0,0,0,1,0.0014689399395138025,,2019-03-28,,0.438
AAG6TTNH,0,0,,,,Censored No Alarm,0,0,0,0,0,1,0.000809394521638751,,2019-01-05,,0.438
AAG6TUVH,0,0,,,,Censored No Alarm,0,0,0,0,0,1,0.0007936606416478753,,2019-06-01,,0.438
AAG6TVPH,0,0,,,,Censored No Alarm,0,0,0,0,0,1,0.000809394521638751,,2019-03-28,,0.438
AAG6TY4H,0,0,,,,Censored No Alarm,0,0,0,0,0,1,0.01129211951047182,,2019-06-01,,0.438
AAG6U5AH,0,0,,,,Censored No Alarm,0,0,0,0,0,1,0.0007085293182171881,,2019-03-01,,0.438
AAG6UKNH,0,0,,,,Censored No Alarm,0,0,0,0,0,1,0.0008627318893559277,,2019-03-28,,0.438
AAG6UMGH,0,0,,,,Censored No Alarm,0,0,0,0,0,1,0.0007989042205736041,,2019-01-05,,0.438
AAG6UMJH,0,0,,,,Censored No Alarm,0,0,0,0,0,1,0.003044297220185399,,2019-01-05,,0.438
AAG6UNKH,0,0,,,,Censored No Alarm,0,0,0,0,0,1,0.07165949791669846,,2019-06-01,,0.438
AAG6US4H,0,0,,,,Censored No Alarm,0,0,0,0,0,1,0.0008224709890782833,,2019-03-01,,0.438
AAG6UT0H,0,0,,,,Censored No Alarm,0,0,0,0,0,1,0.0013458161847665906,,2019-06-01,,0.438
AAG6UU8H,0,0,,,,Censored No Alarm,0,0,0,0,0,1,0.03715495392680168,,2019-01-05,,0.438
AAG6UZTH,0,0,,,,Censored No Alarm,0,0,0,0,0,1,0.000809394521638751,,2019-03-28,,0.438
AAG6V1MH,0,0,,,,Censored No Alarm,0,0,0,0,0,1,0.005207092501223087,,2019-03-28,,0.438
AAG6V71H,0,0,,,,Censored No Alarm,0,0,0,0,0,1,0.0008747422834858298,,2019-03-01,,0.438
AAG6V7DH,0,0,,,,Censored No Alarm,0,0,0,0,0,1,0.0007085293182171881,,2019-03-01,,0.438
AAG6V7VH,0,0,,,,Censored No Alarm,0,0,0,0,0,1,0.0006801228155381978,,2019-03-01,,0.438
AAG6VHXH,0,0,,,,Censored No Alarm,0,0,0,0,0,1,0.004292446654289961,,2019-06-01,,0.438
AAG6VJKH,0,0,,,,Censored No Alarm,0,0,0,0,0,1,0.0007936606416478753,,2019-03-28,,0.438
AAG6VM8H,0,0,,,,Censored No Alarm,0,0,0,0,0,1,0.0007085293182171881,,2019-03-28,,0.438
AAG6VMBH,0,0,,,,Censored No Alarm,0,0,0,0,0,1,0.0007085293182171881,,2019-03-01,,0.438
AAG6VMGH,0,0,,,,Censored No Alarm,0,0,0,0,0,1,0.0007085293182171881,,2019-03-01,,0.438
AAG6X6JH,0,0,,,,Censored No Alarm,0,0,0,0,0,1,0.0008418802754022181,,2019-03-28,,0.438
AAG6XU7H,1,1,2019-06-30,2020-05-23,328.0,Early,0,1,0,1,0,0,0.7503211498260498,0.7503211498260498,2019-05-04,57.0,0.438
AAG6XWGH,0,0,,,,Censored No Alarm,0,0,0,0,0,1,0.0013148373691365123,,2019-03-01,,0.438
AAG6XWJH,1,0,,2025-04-04,,Missed,0,0,0,0,1,0,0.407770574092865,,2019-03-28,,0.438
AAG6XXWH,0,0,,,,Censored No Alarm,0,0,0,0,0,1,0.000809394521638751,,2019-01-05,,0.438
AAG6XYBH,0,0,,,,Censored No Alarm,0,0,0,0,0,1,0.0007895890739746392,,2019-06-01,,0.438
AAG6XYNH,0,0,,,,Censored No Alarm,0,0,0,0,0,1,0.0013458161847665906,,2019-06-01,,0.438
AAG6XZ6H,0,0,,,,Censored No Alarm,0,0,0,0,0,1,0.0006801228155381978,,2019-03-28,,0.438
AAG6XZNH,0,0,,,,Censored No Alarm,0,0,0,0,0,1,0.0015524293994531035,,2019-06-01,,0.438
AAG6Y0GH,0,0,,,,Censored No Alarm,0,0,0,0,0,1,0.004869084805250168,,2019-03-01,,0.438
AAG6Y0KH,0,0,,,,Censored No Alarm,0,0,0,0,0,1,0.0008223510812968016,,2019-01-05,,0.438
AAG6Y1BH,0,0,,,,Censored No Alarm,0,0,0,0,0,1,0.0007936606416478753,,2019-03-02,,0.438
AAG6Y3LH,0,0,,,,Censored No Alarm,0,0,0,0,0,1,0.0047600227408111095,,2019-03-28,,0.438
AAG6Y3UH,0,0,,,,Censored No Alarm,0,0,0,0,0,1,0.0007895890739746392,,2019-06-01,,0.438
AAG6Y41H,0,0,,,,Censored No Alarm,0,0,0,0,0,1,0.0005878009251318872,,2019-01-05,,0.438
AAG6Y46H,0,0,,,,Censored No Alarm,0,0,0,0,0,1,0.007107450161129236,,2019-06-01,,0.438
AAG6YZ1H,0,0,,,,Censored No Alarm,0,0,0,0,0,1,0.024268073961138725,,2019-03-28,,0.438
AAG6YZ9H,0,0,,,,Censored No Alarm,0,0,0,0,0,1,0.0006301830871962011,,2019-01-05,,0.438
AAG6Z0DH,0,0,,,,Censored No Alarm,0,0,0,0,0,1,0.03834041208028793,,2019-01-05,,0.438
AAG6Z17H,0,0,,,,Censored No Alarm,0,0,0,0,0,1,0.001333991764113307,,2019-06-01,,0.438
AAG6Z1MH,0,0,,,,Censored No Alarm,0,0,0,0,0,1,0.0007936606416478753,,2019-03-01,,0.438
AAG6Z1XH,0,0,,,,Censored No Alarm,0,0,0,0,0,1,0.000809394521638751,,2019-03-01,,0.438
AAG6Z2DH,0,0,,,,Censored No Alarm,0,0,0,0,0,1,0.0007936606416478753,,2019-03-01,,0.438
AAG6Z2RH,0,0,,,,Censored No Alarm,0,0,0,0,0,1,0.001333991764113307,,2019-06-01,,0.438
AAG6Z42H,1,1,2024-10-18,2024-11-24,37.0,Early,0,1,0,1,0,0,0.511000394821167,0.511000394821167,2019-01-05,2113.0,0.438
AAG6Z4VH,0,0,,,,Censored No Alarm,0,0,0,0,0,1,0.014237535186111927,,2019-03-01,,0.438
AAG6Z53H,0,0,,,,Censored No Alarm,0,0,0,0,0,1,0.0007659985567443073,,2019-05-16,,0.438
AAG6ZJ9H,0,0,,,,Censored No Alarm,0,0,0,0,0,1,0.0008001587120816112,,2019-03-01,,0.438
AAG705GH,0,0,,,,Censored No Alarm,0,0,0,0,0,1,0.0013148373691365123,,2019-03-01,,0.438
AAG7078H,0,0,,,,Censored No Alarm,0,0,0,0,0,1,0.01496619451791048,,2019-05-04,,0.438
AAG70HDH,0,0,,,,Censored No Alarm,0,0,0,0,0,1,0.0007349986117333174,,2019-01-05,,0.438
AAG70JEH,0,0,,,,Censored No Alarm,0,0,0,0,0,1,0.008125515654683113,,2019-06-01,,0.438
AAG70U9H,0,0,,,,Censored No Alarm,0,0,0,0,0,1,0.009923583827912807,,2019-01-05,,0.438
AAG73ZWH,0,0,,,,Censored No Alarm,0,0,0,0,0,1,0.000809394521638751,,2019-01-05,,0.438
AAG73ZZH,0,0,,,,Censored No Alarm,0,0,0,0,0,1,0.0007109565194696188,,2019-03-28,,0.438
AAG740EH,0,0,,,,Censored No Alarm,0,0,0,0,0,1,0.000809394521638751,,2019-01-05,,0.438
AAG740NH,0,0,,,,Censored No Alarm,0,0,0,0,0,1,0.0007895890739746392,,2019-06-01,,0.438
AAG740WH,0,0,,,,Censored No Alarm,0,0,0,0,0,1,0.0006730773020535707,,2019-03-01,,0.438
AAG740YH,0,0,,,,Censored No Alarm,0,0,0,0,0,1,0.0007085293182171881,,2019-03-28,,0.438
AAG741PH,0,0,,,,Censored No Alarm,0,0,0,0,0,1,0.0007588500739075243,,2019-03-28,,0.438
AAG742EH,0,0,,,,Censored No Alarm,0,0,0,0,0,1,0.0038267772179096937,,2019-03-28,,0.438
AAG742JH,0,0,,,,Censored No Alarm,0,0,0,0,0,1,0.010626992210745811,,2019-06-01,,0.438
AAG742WH,0,0,,,,Censored No Alarm,0,0,0,0,0,1,0.028548356145620346,,2019-01-05,,0.438
AAG7431H,0,0,,,,Censored No Alarm,0,0,0,0,0,1,0.002066170098260045,,2019-01-05,,0.438
AAG743EH,0,0,,,,Censored No Alarm,0,0,0,0,0,1,0.0009855272946879268,,2019-06-01,,0.438
AAG743UH,0,0,,,,Censored No Alarm,0,0,0,0,0,1,0.000809394521638751,,2019-01-05,,0.438
AAG743VH,0,0,,,,Censored No Alarm,0,0,0,0,0,1,0.026879440993070602,,2019-01-05,,0.438
AAG7454H,0,0,,,,Censored No Alarm,0,0,0,0,0,1,0.0007588500739075243,,2019-03-28,,0.438
AAG74DKH,0,0,,,,Censored No Alarm,0,0,0,0,0,1,0.0006174983573146164,,2019-05-04,,0.438
AAG74EAH,1,0,,2025-07-27,,Missed,0,0,0,0,1,0,0.14635132253170013,,2019-05-04,,0.438
AAG74EBH,0,0,,,,Censored No Alarm,0,0,0,0,0,1,0.0007659985567443073,,2019-03-28,,0.438
AAG74EYH,0,0,,,,Censored No Alarm,0,0,0,0,0,1,0.001333991764113307,,2019-06-01,,0.438
AAG74EZH,0,0,,,,Censored No Alarm,0,0,0,0,0,1,0.0013458161847665906,,2019-06-01,,0.438
AAG74VHH,0,0,,,,Censored No Alarm,0,0,0,0,0,1,0.0010969004360958934,,2019-03-01,,0.438
AAG74WRH,0,0,,,,Censored No Alarm,0,0,0,0,0,1,0.0007895890739746392,,2019-06-01,,0.438
AAG76HYH,1,1,2021-08-31,2021-09-29,29.0,On time,1,0,0,0,0,0,0.4538019001483917,0.4538019001483917,2019-03-02,913.0,0.438
AAG77A5H,0,0,,,,Censored No Alarm,0,0,0,0,0,1,0.003082436276599765,,2019-06-01,,0.438
AAG799NH,0,0,,,,Censored No Alarm,0,0,0,0,0,1,0.000809394521638751,,2019-03-02,,0.438
AAG79B0H,0,0,,,,Censored No Alarm,0,0,0,0,0,1,0.0007085293182171881,,2019-03-28,,0.438
AAG7A8EH,0,0,,,,Censored No Alarm,0,0,0,0,0,1,0.0013458161847665906,,2019-06-01,,0.438
AAG7A9KH,0,0,,,,Censored No Alarm,0,0,0,0,0,1,0.0006683997344225645,,2019-01-05,,0.438
AAG7ADMH,0,0,,,,Censored No Alarm,0,0,0,0,0,1,0.0007266204920597374,,2019-05-16,,0.438
AAG7AGWH,0,0,,,,Censored No Alarm,0,0,0,0,0,1,0.0005999390850774944,,2019-05-04,,0.438
AAG7AHMH,0,0,,,,Censored No Alarm,0,0,0,0,0,1,0.0009855272946879268,,2019-06-01,,0.438
AAG7BP3H,0,0,,,,Censored No Alarm,0,0,0,0,0,1,0.001333991764113307,,2019-06-01,,0.438
AAG7BPKH,0,0,,,,Censored No Alarm,0,0,0,0,0,1,0.0007266204920597374,,2019-06-01,,0.438
AAG7BRGH,0,0,,,,Censored No Alarm,0,0,0,0,0,1,0.0041937995702028275,,2019-01-05,,0.438
AAG7BS8H,0,0,,,,Censored No Alarm,0,0,0,0,0,1,0.0013953441521152854,,2019-03-01,,0.438
AAG7BWAH,0,0,,,,Censored No Alarm,0,0,0,0,0,1,0.0007655804511159658,,2019-03-28,,0.438
AAG7D1SH,0,0,,,,Censored No Alarm,0,0,0,0,0,1,0.001333991764113307,,2019-06-01,,0.438
AAG7D29H,0,0,,,,Censored No Alarm,0,0,0,0,0,1,0.000809394521638751,,2019-03-28,,0.438
AAG7D2PH,0,0,,,,Censored No Alarm,0,0,0,0,0,1,0.0013458161847665906,,2019-06-01,,0.438
AAG7D48H,0,0,,,,Censored No Alarm,0,0,0,0,0,1,0.0007965921540744603,,2019-06-01,,0.438
AAG7D4DH,0,0,,,,Censored No Alarm,0,0,0,0,0,1,0.0009272970492020249,,2019-03-01,,0.438
AAG7D85H,0,0,,,,Censored No Alarm,0,0,0,0,0,1,0.020694145932793617,,2019-06-01,,0.438
AAG7DPYH,0,0,,,,Censored No Alarm,0,0,0,0,0,1,0.0009272970492020249,,2019-03-01,,0.438
AAG7DRDH,0,0,,,,Censored No Alarm,0,0,0,0,0,1,0.0006801228155381978,,2019-03-01,,0.438
AAG7DS9H,0,0,,,,Censored No Alarm,0,0,0,0,0,1,0.017424140125513077,,2019-03-01,,0.438
AAG7DW0H,0,0,,,,Censored No Alarm,0,0,0,0,0,1,0.0006126608932390809,,2019-05-04,,0.438
AAG7E1MH,0,0,,,,Censored No Alarm,0,0,0,0,0,1,0.0007085293182171881,,2019-03-01,,0.438
AAG7E1PH,0,0,,,,Censored No Alarm,0,0,0,0,0,1,0.0037609837017953396,,2019-01-05,,0.438
AAG7E2HH,0,0,,,,Censored No Alarm,0,0,0,0,0,1,0.000809394521638751,,2019-03-02,,0.438
AAG7LG4H,0,0,,,,Censored No Alarm,0,0,0,0,0,1,0.0018874858506023884,,2019-03-01,,0.438
AAG7LG7H,0,0,,,,Censored No Alarm,0,0,0,0,0,1,0.0007088761776685715,,2019-05-16,,0.438
AAG7LHYH,0,0,,,,Censored No Alarm,0,0,0,0,0,1,0.0007085293182171881,,2019-03-28,,0.438
AAG7LNAH,0,0,,,,Censored No Alarm,0,0,0,0,0,1,0.0014574668603017926,,2019-06-01,,0.438
AAG7LSWH,0,0,,,,Censored No Alarm,0,0,0,0,0,1,0.0006771467160433531,,2019-01-05,,0.438
AAG7LTHH,1,1,2024-07-29,2024-07-29,0.0,On time,1,0,0,0,0,0,0.5924698710441589,0.5924698710441589,2019-03-28,1950.0,0.438
AAG7LZEH,0,0,,,,Censored No Alarm,0,0,0,0,0,1,0.0019437067676335573,,2019-03-02,,0.438
AAG7M25H,0,0,,,,Censored No Alarm,0,0,0,0,0,1,0.001333991764113307,,2019-06-01,,0.438
AAG7M3NH,0,0,,,,Censored No Alarm,0,0,0,0,0,1,0.0007895890739746392,,2019-06-01,,0.438
AAG7M3TH,0,0,,,,Censored No Alarm,0,0,0,0,0,1,0.0010163263650611043,,2019-03-28,,0.438
AAG7MMDH,0,0,,,,Censored No Alarm,0,0,0,0,0,1,0.000790461606811732,,2019-05-16,,0.438
AAG7MP8H,0,0,,,,Censored No Alarm,0,0,0,0,0,1,0.0009981769835576415,,2019-06-01,,0.438
AAG7MULH,1,1,2024-12-04,2026-03-13,464.0,Early,0,1,0,1,0,0,0.48443377017974854,0.48443377017974854,2019-03-02,2104.0,0.438
AAG7MUNH,0,0,,,,Censored No Alarm,0,0,0,0,0,1,0.007415927015244961,,2019-06-01,,0.438
AAG7MVMH,0,0,,,,Censored No Alarm,0,0,0,0,0,1,0.0007807579822838306,,2019-03-02,,0.438
AAG7N3ZH,0,0,,,,Censored No Alarm,0,0,0,0,0,1,0.0007085293182171881,,2019-03-28,,0.438
AAG7N5WH,0,0,,,,Censored No Alarm,0,0,0,0,0,1,0.000790461606811732,,2019-03-28,,0.438
AAG7N62H,0,0,,,,Censored No Alarm,0,0,0,0,0,1,0.0009855272946879268,,2019-06-01,,0.438
AAG7N63H,0,0,,,,Censored No Alarm,0,0,0,0,0,1,0.005024428945034742,,2019-03-28,,0.438
AAG7N6MH,0,0,,,,Censored No Alarm,0,0,0,0,0,1,0.000809394521638751,,2019-05-04,,0.438
AAG7PPHH,1,0,,2025-10-28,,Missed,0,0,0,0,1,0,0.37773802876472473,,2019-03-02,,0.438
AAG7R02H,0,0,,,,Censored No Alarm,0,0,0,0,0,1,0.00604817271232605,,2019-06-01,,0.438
AAG7R5VH,0,0,,,,Censored No Alarm,0,0,0,0,0,1,0.001333991764113307,,2019-06-01,,0.438
AAG7R93H,0,0,,,,Censored No Alarm,0,0,0,0,0,1,0.0007895890739746392,,2019-06-01,,0.438
AAG7RA1H,0,0,,,,Censored No Alarm,0,0,0,0,0,1,0.0006126608932390809,,2019-01-05,,0.438
AAG7RAMH,0,0,,,,Censored No Alarm,0,0,0,0,0,1,0.0010407110676169395,,2019-03-02,,0.438
AAG7RBDH,0,0,,,,Censored No Alarm,0,0,0,0,0,1,0.0006126608932390809,,2019-05-04,,0.438
AAG90D8H,0,0,,,,Censored No Alarm,0,0,0,0,0,1,0.011671152897179127,,2019-05-04,,0.438
AAG9VK6H,0,0,,,,Censored No Alarm,0,0,0,0,0,1,0.0008001587120816112,,2019-03-02,,0.438
AAGA4YNH,0,0,,,,Censored No Alarm,0,0,0,0,0,1,0.0015569111565127969,,2019-06-01,,0.438
AAGA7W1H,1,0,,2023-04-11,,Missed,0,0,0,0,1,0,0.07344777882099152,,2019-03-01,,0.438
AAGA9E3H,0,0,,,,Censored No Alarm,0,0,0,0,0,1,0.0008137035183608532,,2019-05-04,,0.438
AAGH3VWH,0,0,,,,Censored No Alarm,0,0,0,0,0,1,0.0008259753813035786,,2019-05-27,,0.438
AAGMU4TH,0,0,,,,Censored No Alarm,0,0,0,0,0,1,0.0006126608932390809,,2019-05-04,,0.438
AAGN9D2H,1,0,,2023-09-17,,Missed,0,0,0,0,1,0,0.006785952486097813,,2019-05-04,,0.438
AAGP62KH,0,0,,,,Censored No Alarm,0,0,0,0,0,1,0.0007266204920597374,,2019-06-01,,0.438
AAGUS87H,0,0,,,,Censored No Alarm,0,0,0,0,0,1,0.002875587670132518,,2019-08-14,,0.438
AAGVX4UH,0,0,,,,Censored No Alarm,0,0,0,0,0,1,0.0005460827960632741,,2019-05-04,,0.438
AAGWTB0H,0,1,2023-05-30,,,Censored Early,0,0,1,1,0,0,0.4927026927471161,0.48066186904907227,2019-06-01,1459.0,0.438
AAGXDBZH,0,0,,,,Censored No Alarm,0,0,0,0,0,1,0.12327875196933746,,2019-05-16,,0.438
AAGXLP2H,0,0,,,,Censored No Alarm,0,0,0,0,0,1,0.0007965921540744603,,2019-06-01,,0.438
AAGXMJSH,0,0,,,,Censored No Alarm,0,0,0,0,0,1,0.0005878009251318872,,2019-05-04,,0.438
AAGXU8YH,0,0,,,,Censored No Alarm,0,0,0,0,0,1,0.0016249477630481124,,2019-05-16,,0.438
AAGXUBRH,0,0,,,,Censored No Alarm,0,0,0,0,0,1,0.0015898592537268996,,2019-05-04,,0.438
AAGXV97H,0,0,,,,Censored No Alarm,0,0,0,0,0,1,0.0020196144469082355,,2024-03-13,,0.438
AAGXW8VH,0,0,,,,Censored No Alarm,0,0,0,0,0,1,0.002083403989672661,,2019-08-14,,0.438
AAGXWUWH,0,0,,,,Censored No Alarm,0,0,0,0,0,1,0.0005916787777096033,,2019-05-04,,0.438
AAGXY3MH,1,0,,2025-04-09,,Missed,0,0,0,0,1,0,0.012713714502751827,,2019-05-16,,0.438
AAH22T7H,0,0,,,,Censored No Alarm,0,0,0,0,0,1,0.023987894877791405,,2019-05-04,,0.438
AAH4NTGH,0,0,,,,Censored No Alarm,0,0,0,0,0,1,0.0006126608932390809,,2019-05-04,,0.438
AAH6DU2H,0,1,2024-11-17,,,Censored Early,0,0,1,1,0,0,0.5664650797843933,0.4380975663661957,2019-08-14,1922.0,0.438
AAH78SAH,0,0,,,,Censored No Alarm,0,0,0,0,0,1,0.0005878009251318872,,2019-05-04,,0.438
AAH7HJSH,0,0,,,,Censored No Alarm,0,0,0,0,0,1,0.0007083696546033025,,2019-05-04,,0.438
AAH7HKHH,0,0,,,,Censored No Alarm,0,0,0,0,0,1,0.0007936606416478753,,2019-05-04,,0.438
AAH7HNDH,0,0,,,,Censored No Alarm,0,0,0,0,0,1,0.000809394521638751,,2019-05-04,,0.438
AAH7X19H,0,0,,,,Censored No Alarm,0,0,0,0,0,1,0.0005878009251318872,,2019-05-04,,0.438
AAH86SEH,0,0,,,,Censored No Alarm,0,0,0,0,0,1,0.0005878009251318872,,2019-05-04,,0.438
AAH8BLDH,0,0,,,,Censored No Alarm,0,0,0,0,0,1,0.0007936606416478753,,2019-05-04,,0.438
AAH8HPVH,0,0,,,,Censored No Alarm,0,0,0,0,0,1,0.03643380478024483,,2019-05-04,,0.438
AAH8LPUH,0,0,,,,Censored No Alarm,0,0,0,0,0,1,0.0006126608932390809,,2019-05-04,,0.438
AAH8P7WH,0,0,,,,Censored No Alarm,0,0,0,0,0,1,0.0007895890739746392,,2019-05-27,,0.438
AAH8R0LH,0,0,,,,Censored No Alarm,0,0,0,0,0,1,0.000809394521638751,,2019-05-04,,0.438
AAH8RG4H,0,0,,,,Censored No Alarm,0,0,0,0,0,1,0.0010088894050568342,,2019-05-04,,0.438
AAH8V76H,0,0,,,,Censored No Alarm,0,0,0,0,0,1,0.0020142116118222475,,2019-05-04,,0.438
AAH8V7KH,0,0,,,,Censored No Alarm,0,0,0,0,0,1,0.0013709525810554624,,2019-05-04,,0.438
AAH90NAH,1,0,,2023-04-19,,Missed,0,0,0,0,1,0,0.01748858578503132,,2019-05-04,,0.438
AAH919BH,0,0,,,,Censored No Alarm,0,0,0,0,0,1,0.000809394521638751,,2019-05-04,,0.438
AAH9285H,0,0,,,,Censored No Alarm,0,0,0,0,0,1,0.0005878009251318872,,2019-05-04,,0.438
AAH92GHH,0,0,,,,Censored No Alarm,0,0,0,0,0,1,0.000809394521638751,,2019-05-04,,0.438
AAH92HRH,0,0,,,,Censored No Alarm,0,0,0,0,0,1,0.0005878009251318872,,2019-05-04,,0.438
AAH92JGH,0,0,,,,Censored No Alarm,0,0,0,0,0,1,0.0010146613931283355,,2019-05-04,,0.438
AAH92V3H,0,0,,,,Censored No Alarm,0,0,0,0,0,1,0.001031449530273676,,2019-05-04,,0.438
AAH9301H,1,0,,2023-12-23,,Missed,0,0,0,0,1,0,0.07304349541664124,,2019-05-04,,0.438
AAH9305H,0,0,,,,Censored No Alarm,0,0,0,0,0,1,0.0007936606416478753,,2019-05-04,,0.438
AAH9307H,1,0,,2023-04-09,,Missed,0,0,0,0,1,0,0.008849825710058212,,2019-05-04,,0.438
AAH93MDH,0,0,,,,Censored No Alarm,0,0,0,0,0,1,0.013898620381951332,,2019-05-04,,0.438
AAH93RZH,0,0,,,,Censored No Alarm,0,0,0,0,0,1,0.003196426434442401,,2019-05-04,,0.438
AAH953TH,0,0,,,,Censored No Alarm,0,0,0,0,0,1,0.005175866186618805,,2019-05-04,,0.438
AAH9618H,0,0,,,,Censored No Alarm,0,0,0,0,0,1,0.0020142116118222475,,2019-05-04,,0.438
AAH9689H,0,0,,,,Censored No Alarm,0,0,0,0,0,1,0.0005460827960632741,,2019-05-04,,0.438
AAH96AUH,0,0,,,,Censored No Alarm,0,0,0,0,0,1,0.18993906676769257,,2019-05-04,,0.438
AAH97BZH,0,1,2025-10-01,,,Censored Early,0,0,1,1,0,0,0.5227852463722229,0.47582024335861206,2019-05-04,2342.0,0.438
AAH99PNH,0,0,,,,Censored No Alarm,0,0,0,0,0,1,0.001031449530273676,,2019-05-04,,0.438
AAH9BERH,0,0,,,,Censored No Alarm,0,0,0,0,0,1,0.0020142116118222475,,2019-05-04,,0.438
AAHAS1MH,0,0,,,,Censored No Alarm,0,0,0,0,0,1,0.0007463905494660139,,2019-05-27,,0.438
AAHAS9TH,0,0,,,,Censored No Alarm,0,0,0,0,0,1,0.0007895890739746392,,2019-05-27,,0.438
AAHB6YXH,0,0,,,,Censored No Alarm,0,0,0,0,0,1,0.001333991764113307,,2019-05-27,,0.438
AAHB8Z9H,0,0,,,,Censored No Alarm,0,0,0,0,0,1,0.001333991764113307,,2019-05-27,,0.438
AAHBKUHH,0,0,,,,Censored No Alarm,0,0,0,0,0,1,0.000809394521638751,,2019-05-27,,0.438
AAHD7S9H,0,0,,,,Censored No Alarm,0,0,0,0,0,1,0.0007713133818469942,,2019-05-19,,0.438
AAHDJD5H,0,0,,,,Censored No Alarm,0,0,0,0,0,1,0.002194429049268365,,2019-05-27,,0.438
AAHDJDSH,0,0,,,,Censored No Alarm,0,0,0,0,0,1,0.0008627318893559277,,2019-05-27,,0.438
AAHDJH3H,0,0,,,,Censored No Alarm,0,0,0,0,0,1,0.0013458161847665906,,2019-05-27,,0.438
AAHDUS5H,0,0,,,,Censored No Alarm,0,0,0,0,0,1,0.0007895890739746392,,2019-05-27,,0.438
AAHDUT6H,0,0,,,,Censored No Alarm,0,0,0,0,0,1,0.001333991764113307,,2019-05-27,,0.438
AAHDYR0H,0,0,,,,Censored No Alarm,0,0,0,0,0,1,0.001383689814247191,,2019-05-27,,0.438
AAHE23AH,0,0,,,,Censored No Alarm,0,0,0,0,0,1,0.0008627318893559277,,2019-05-27,,0.438
AAHE4SAH,0,0,,,,Censored No Alarm,0,0,0,0,0,1,0.0007895890739746392,,2019-05-27,,0.438
AAHEAGWH,0,0,,,,Censored No Alarm,0,0,0,0,0,1,0.001333991764113307,,2019-05-27,,0.438
AAHEAHLH,0,0,,,,Censored No Alarm,0,0,0,0,0,1,0.0007351891254074872,,2019-05-27,,0.438
AAHED32H,0,0,,,,Censored No Alarm,0,0,0,0,0,1,0.000809394521638751,,2019-05-27,,0.438
AAHED3GH,0,0,,,,Censored No Alarm,0,0,0,0,0,1,0.06940711289644241,,2019-05-27,,0.438
AAHED8NH,0,0,,,,Censored No Alarm,0,0,0,0,0,1,0.0007655804511159658,,2019-05-27,,0.438
AAHED98H,0,0,,,,Censored No Alarm,0,0,0,0,0,1,0.0007463905494660139,,2019-05-27,,0.438
AAHEEVKH,0,0,,,,Censored No Alarm,0,0,0,0,0,1,0.0007351891254074872,,2019-05-27,,0.438
AAHEHEEH,0,0,,,,Censored No Alarm,0,0,0,0,0,1,0.0027354182675480843,,2019-05-27,,0.438
AAHEHHMH,0,0,,,,Censored No Alarm,0,0,0,0,0,1,0.0009855272946879268,,2019-05-27,,0.438
AAHEHJ0H,0,0,,,,Censored No Alarm,0,0,0,0,0,1,0.0013458161847665906,,2019-06-01,,0.438
AAHEHJ1H,0,0,,,,Censored No Alarm,0,0,0,0,0,1,0.0008627318893559277,,2019-05-27,,0.438
AAHEHL5H,0,0,,,,Censored No Alarm,0,0,0,0,0,1,0.0033537514973431826,,2019-05-27,,0.438
AAHEHP8H,0,0,,,,Censored No Alarm,0,0,0,0,0,1,0.001333991764113307,,2019-05-27,,0.438
AAHEHRSH,0,0,,,,Censored No Alarm,0,0,0,0,0,1,0.001333991764113307,,2019-05-27,,0.438
AAHEHS0H,0,0,,,,Censored No Alarm,0,0,0,0,0,1,0.0008418802754022181,,2019-05-27,,0.438
AAHEHTDH,0,0,,,,Censored No Alarm,0,0,0,0,0,1,0.0007895890739746392,,2019-05-27,,0.438
AAHEHTNH,0,0,,,,Censored No Alarm,0,0,0,0,0,1,0.0007539740763604641,,2019-05-27,,0.438
AAHEHTPH,0,0,,,,Censored No Alarm,0,0,0,0,0,1,0.0007588500739075243,,2019-05-27,,0.438
AAHEHVUH,0,0,,,,Censored No Alarm,0,0,0,0,0,1,0.0016106478869915009,,2019-05-27,,0.438
AAHEHY7H,0,0,,,,Censored No Alarm,0,0,0,0,0,1,0.001333991764113307,,2019-05-27,,0.438
AAHEHZ2H,0,0,,,,Censored No Alarm,0,0,0,0,0,1,0.0007895890739746392,,2019-05-27,,0.438
AAHEHZPH,0,0,,,,Censored No Alarm,0,0,0,0,0,1,0.0013458161847665906,,2019-05-27,,0.438
AAHEHZXH,0,0,,,,Censored No Alarm,0,0,0,0,0,1,0.001333991764113307,,2019-05-27,,0.438
AAHEJ43H,0,0,,,,Censored No Alarm,0,0,0,0,0,1,0.0007895890739746392,,2019-05-27,,0.438
AAHEJ4KH,0,0,,,,Censored No Alarm,0,0,0,0,0,1,0.0007895890739746392,,2019-05-27,,0.438
AAHEJ76H,0,0,,,,Censored No Alarm,0,0,0,0,0,1,0.0007895890739746392,,2019-05-27,,0.438
AAHEJDXH,0,0,,,,Censored No Alarm,0,0,0,0,0,1,0.0015898592537268996,,2019-05-27,,0.438
AAHEJE4H,0,0,,,,Censored No Alarm,0,0,0,0,0,1,0.004260948859155178,,2019-05-27,,0.438
AAHEJHKH,0,0,,,,Censored No Alarm,0,0,0,0,0,1,0.0008627318893559277,,2019-05-27,,0.438
AAHGYKJH,1,0,,2024-07-24,,Missed,0,0,0,0,1,0,0.009818593971431255,,2019-08-13,,0.438
AAHH59AH,0,0,,,,Censored No Alarm,0,0,0,0,0,1,0.0013458161847665906,,2019-08-14,,0.438
AAHHAXAH,0,0,,,,Censored No Alarm,0,0,0,0,0,1,0.0022938530892133713,,2019-08-13,,0.438
AAHHXJ2H,0,0,,,,Censored No Alarm,0,0,0,0,0,1,0.00426579499617219,,2019-08-13,,0.438
AAHJG5XH,0,0,,,,Censored No Alarm,0,0,0,0,0,1,0.001333991764113307,,2019-08-14,,0.438
AAHJP8BH,0,0,,,,Censored No Alarm,0,0,0,0,0,1,0.013988064602017403,,2019-06-01,,0.438
AAHK5PUH,0,0,,,,Censored No Alarm,0,0,0,0,0,1,0.0071107144467532635,,2019-06-01,,0.438
AAHK8NRH,0,0,,,,Censored No Alarm,0,0,0,0,0,1,0.0007895890739746392,,2019-08-13,,0.438
AAHKERJH,1,0,,2026-01-13,,Missed,0,0,0,0,1,0,0.059826381504535675,,2019-08-13,,0.438
AAHKKR8H,0,0,,,,Censored No Alarm,0,0,0,0,0,1,0.0013458161847665906,,2019-08-14,,0.438
AAHKLDKH,0,0,,,,Censored No Alarm,0,0,0,0,0,1,0.0013458161847665906,,2019-06-01,,0.438
AAHKM55H,1,0,,2025-03-25,,Missed,0,0,0,0,1,0,0.05987536907196045,,2019-08-14,,0.438
AAHKMW2H,1,0,,2022-01-12,,Missed,0,0,0,0,1,0,0.02679094299674034,,2019-06-01,,0.438
AAHKS17H,1,0,,2025-07-07,,Missed,0,0,0,0,1,0,0.2239435464143753,,2019-06-01,,0.438
AAHKWLAH,0,1,2025-03-17,,,Censored Early,0,0,1,1,0,0,0.4872411787509918,0.4872411787509918,2019-08-14,2042.0,0.438
AAHKX43H,1,1,2019-10-04,2019-11-25,52.0,Early,0,1,0,1,0,0,0.6125019788742065,0.6125019788742065,2019-08-14,51.0,0.438
AAHKXKYH,0,0,,,,Censored No Alarm,0,0,0,0,0,1,0.015734059736132622,,2019-08-13,,0.438
AAHKXLYH,0,0,,,,Censored No Alarm,0,0,0,0,0,1,0.0007936606416478753,,2019-08-14,,0.438
AAHKXNHH,0,0,,,,Censored No Alarm,0,0,0,0,0,1,0.028805561363697052,,2019-08-14,,0.438
AAHKXZ7H,0,0,,,,Censored No Alarm,0,0,0,0,0,1,0.0013458161847665906,,2019-08-14,,0.438
AAHKYETH,0,0,,,,Censored No Alarm,0,0,0,0,0,1,0.0007266204920597374,,2019-05-16,,0.438
AAHL0PKH,0,0,,,,Censored No Alarm,0,0,0,0,0,1,0.007501650135964155,,2019-08-13,,0.438
AAHL0TLH,0,0,,,,Censored No Alarm,0,0,0,0,0,1,0.020087292417883873,,2019-06-01,,0.438
AAHL4K8H,0,0,,,,Censored No Alarm,0,0,0,0,0,1,0.004850028548389673,,2019-05-16,,0.438
AAHL5LRH,1,0,,2024-09-01,,Missed,0,0,0,0,1,0,0.14216262102127075,,2019-08-13,,0.438
AAHL9A9H,0,0,,,,Censored No Alarm,0,0,0,0,0,1,0.010543378069996834,,2019-08-13,,0.438
AAHL9XJH,0,0,,,,Censored No Alarm,0,0,0,0,0,1,0.009214122779667377,,2019-08-14,,0.438
AAHL9XLH,0,0,,,,Censored No Alarm,0,0,0,0,0,1,0.0007895890739746392,,2019-08-14,,0.438
AAHL9Y3H,0,0,,,,Censored No Alarm,0,0,0,0,0,1,0.0013458161847665906,,2019-08-14,,0.438
AAHL9YAH,0,0,,,,Censored No Alarm,0,0,0,0,0,1,0.0013458161847665906,,2019-08-14,,0.438
AAHL9ZYH,0,0,,,,Censored No Alarm,0,0,0,0,0,1,0.0013458161847665906,,2019-08-14,,0.438
AAHLBTZH,1,0,,2025-07-26,,Missed,0,0,0,0,1,0,0.3366129696369171,,2019-08-14,,0.438
AAHLBWGH,1,0,,2025-08-30,,Missed,0,0,0,0,1,0,0.26521924138069153,,2019-08-14,,0.438
AAHLBWSH,1,0,,2023-12-11,,Missed,0,0,0,0,1,0,0.16654059290885925,,2019-08-13,,0.438
AAHLBXVH,0,0,,,,Censored No Alarm,0,0,0,0,0,1,0.03517140448093414,,2019-08-14,,0.438
AAHLD3UH,1,0,,2025-03-11,,Missed,0,0,0,0,1,0,0.26601171493530273,,2019-08-13,,0.438
AAHLS5JH,0,0,,,,Censored No Alarm,0,0,0,0,0,1,0.0007266204920597374,,2019-05-16,,0.438
AAHLS7ZH,0,0,,,,Censored No Alarm,0,0,0,0,0,1,0.0007655804511159658,,2019-05-16,,0.438
AAHLS8YH,0,0,,,,Censored No Alarm,0,0,0,0,0,1,0.03991574048995972,,2019-05-16,,0.438
AAHLS9UH,0,0,,,,Censored No Alarm,0,0,0,0,0,1,0.000753134663682431,,2019-05-16,,0.438
AAHLV30H,0,0,,,,Censored No Alarm,0,0,0,0,0,1,0.0007266204920597374,,2019-05-16,,0.438
AAHLV40H,1,0,,2019-08-05,,Missed,0,0,0,0,1,0,0.13161925971508026,,2019-05-16,,0.438
AAHLV47H,0,0,,,,Censored No Alarm,0,0,0,0,0,1,0.0007845706422813237,,2019-05-16,,0.438
AAHLVTVH,0,0,,,,Censored No Alarm,0,0,0,0,0,1,0.0007895890739746392,,2019-05-27,,0.438
AAHLWE3H,0,0,,,,Censored No Alarm,0,0,0,0,0,1,0.0007463905494660139,,2019-05-27,,0.438
AAHLWKXH,0,0,,,,Censored No Alarm,0,0,0,0,0,1,0.0007266204920597374,,2019-05-16,,0.438
AAHLWM3H,0,0,,,,Censored No Alarm,0,0,0,0,0,1,0.0007895890739746392,,2019-05-27,,0.438
AAHLXJ1H,0,0,,,,Censored No Alarm,0,0,0,0,0,1,0.016928382217884064,,2019-05-04,,0.438
AAHLXJ9H,0,0,,,,Censored No Alarm,0,0,0,0,0,1,0.0006126608932390809,,2019-05-04,,0.438
AAHLXL5H,0,0,,,,Censored No Alarm,0,0,0,0,0,1,0.0013458161847665906,,2019-08-13,,0.438
AAHLXTXH,0,0,,,,Censored No Alarm,0,0,0,0,0,1,0.029174016788601875,,2019-05-16,,0.438
AAHLY01H,0,0,,,,Censored No Alarm,0,0,0,0,0,1,0.014660141430795193,,2019-05-27,,0.438
AAHLY04H,0,0,,,,Censored No Alarm,0,0,0,0,0,1,0.0005878009251318872,,2019-05-04,,0.438
AAHLY2TH,0,0,,,,Censored No Alarm,0,0,0,0,0,1,0.0008543358417227864,,2019-05-27,,0.438
AAHLY31H,1,1,2024-08-10,2025-07-25,349.0,Early,0,1,0,1,0,0,0.5452949404716492,0.5452949404716492,2019-08-13,1824.0,0.438
AAHLYJRH,0,0,,,,Censored No Alarm,0,0,0,0,0,1,0.001333991764113307,,2019-05-27,,0.438
AAHLYY6H,0,0,,,,Censored No Alarm,0,0,0,0,0,1,0.0035485478583723307,,2019-05-16,,0.438
AAHM227H,0,0,,,,Censored No Alarm,0,0,0,0,0,1,0.0007965921540744603,,2019-08-13,,0.438
AAHM4E6H,0,0,,,,Censored No Alarm,0,0,0,0,0,1,0.0006684484542347491,,2019-05-27,,0.438
AAHM4HSH,0,0,,,,Censored No Alarm,0,0,0,0,0,1,0.0006126608932390809,,2019-05-04,,0.438
AAHM4KJH,0,0,,,,Censored No Alarm,0,0,0,0,0,1,0.0007895890739746392,,2019-08-13,,0.438
AAHM4S6H,0,0,,,,Censored No Alarm,0,0,0,0,0,1,0.0005878009251318872,,2019-05-04,,0.438
AAHM4S8H,0,0,,,,Censored No Alarm,0,0,0,0,0,1,0.0006126608932390809,,2019-05-04,,0.438
AAHM4SSH,0,0,,,,Censored No Alarm,0,0,0,0,0,1,0.000809394521638751,,2019-05-04,,0.438
AAHM4T2H,0,0,,,,Censored No Alarm,0,0,0,0,0,1,0.0006126608932390809,,2019-05-04,,0.438
AAHM4T6H,0,0,,,,Censored No Alarm,0,0,0,0,0,1,0.0007895890739746392,,2019-08-13,,0.438
AAHM4TRH,0,0,,,,Censored No Alarm,0,0,0,0,0,1,0.0007895890739746392,,2019-08-13,,0.438
AAHM4UYH,0,0,,,,Censored No Alarm,0,0,0,0,0,1,0.0006126608932390809,,2019-05-04,,0.438
AAHM4WBH,0,0,,,,Censored No Alarm,0,0,0,0,0,1,0.0007266204920597374,,2019-05-16,,0.438
AAHM4WEH,0,0,,,,Censored No Alarm,0,0,0,0,0,1,0.0006126608932390809,,2019-05-04,,0.438
AAHM4XGH,0,0,,,,Censored No Alarm,0,0,0,0,0,1,0.001333991764113307,,2019-08-14,,0.438
AAHM5Z4H,0,0,,,,Censored No Alarm,0,0,0,0,0,1,0.0005878009251318872,,2019-05-04,,0.438
AAHM5Z9H,0,0,,,,Censored No Alarm,0,0,0,0,0,1,0.0005878009251318872,,2019-05-04,,0.438
AAHM5ZHH,0,0,,,,Censored No Alarm,0,0,0,0,0,1,0.0008396466728299856,,2019-05-04,,0.438
AAHMD6GH,0,0,,,,Censored No Alarm,0,0,0,0,0,1,0.000693367444910109,,2019-05-04,,0.438
AAHME7KH,0,0,,,,Censored No Alarm,0,0,0,0,0,1,0.0015524293994531035,,2019-05-16,,0.438
AAHMGV8H,0,0,,,,Censored No Alarm,0,0,0,0,0,1,0.0007895890739746392,,2019-05-27,,0.438
AAHMH4LH,0,0,,,,Censored No Alarm,0,0,0,0,0,1,0.0006488656508736312,,2019-05-04,,0.438
AAHML65H,0,0,,,,Censored No Alarm,0,0,0,0,0,1,0.0013801654567942023,,2019-05-16,,0.438
AAHMN38H,0,0,,,,Censored No Alarm,0,0,0,0,0,1,0.0007351891254074872,,2019-05-16,,0.438
AAHMR03H,1,0,,2025-11-26,,Missed,0,0,0,0,1,0,0.37096312642097473,,2019-05-16,,0.438
AAHMR2ZH,1,0,,2024-01-31,,Missed,0,0,0,0,1,0,0.008882195688784122,,2019-05-16,,0.438
AAHMSNRH,0,0,,,,Censored No Alarm,0,0,0,0,0,1,0.0007351891254074872,,2019-05-16,,0.438
AAHMUYLH,0,0,,,,Censored No Alarm,0,0,0,0,0,1,0.0008878459339030087,,2019-05-16,,0.438
AAHMW6RH,0,0,,,,Censored No Alarm,0,0,0,0,0,1,0.003931512124836445,,2019-05-16,,0.438
AAHMW7NH,0,0,,,,Censored No Alarm,0,0,0,0,0,1,0.0010541094234213233,,2019-05-16,,0.438
