serial_number,has_failed,alarm_triggered,first_alarm_date,actual_failure_date,days_to_failure_at_alarm,category,is_hit,is_fp_early,is_fp_cens,is_false_alarm,is_miss,is_correct_rejection,max_predicted_score,alarm_predicted_score,first_seen_date,days_since_observed,threshold_used
2AG61PSY,0,0,,,,Censored No Alarm,0,0,0,0,0,1,0.0012657539919018745,,2019-05-27,,0.406
2AG8AVRY,0,0,,,,Censored No Alarm,0,0,0,0,0,1,0.0037685169372707605,,2019-08-14,,0.406
2AGEGU7Y,0,0,,,,Censored No Alarm,0,0,0,0,0,1,0.0012657539919018745,,2019-05-27,,0.406
2AGEU1JY,0,1,2025-08-04,,,Censored Early,0,0,1,1,0,0,0.7966008186340332,0.7966008186340332,2019-06-01,2256.0,0.406
2AGG48NY,0,0,,,,Censored No Alarm,0,0,0,0,0,1,0.0012657539919018745,,2019-05-27,,0.406
2AGG7H1Y,0,0,,,,Censored No Alarm,0,0,0,0,0,1,0.0012657539919018745,,2019-05-27,,0.406
2AGGHGJY,1,1,2024-11-16,2024-11-19,3.0,On time,1,0,0,0,0,0,0.9330263733863831,0.9330263733863831,2019-05-16,2011.0,0.406
2AGGHLEY,0,0,,,,Censored No Alarm,0,0,0,0,0,1,0.0012657539919018745,,2019-06-01,,0.406
2AGGHM0Y,0,0,,,,Censored No Alarm,0,0,0,0,0,1,0.0012519903248175979,,2019-05-27,,0.406
2AGGHMUY,0,0,,,,Censored No Alarm,0,0,0,0,0,1,0.0012657539919018745,,2019-05-16,,0.406
2AGGHR1Y,0,0,,,,Censored No Alarm,0,0,0,0,0,1,0.006074423901736736,,2019-05-27,,0.406
2AGGHR7Y,0,0,,,,Censored No Alarm,0,0,0,0,0,1,0.0017240765737369657,,2019-05-27,,0.406
2AGGL0UY,1,0,,2022-02-27,,Missed,0,0,0,0,1,0,0.0014018213842064142,,2019-05-27,,0.406
2AGGR3NY,0,0,,,,Censored No Alarm,0,0,0,0,0,1,0.05513296648859978,,2019-05-27,,0.406
2AGGZNJY,0,0,,,,Censored No Alarm,0,0,0,0,0,1,0.0025264709256589413,,2019-05-27,,0.406
2AGH31BY,1,0,,2023-11-01,,Missed,0,0,0,0,1,0,0.03189218416810036,,2019-05-27,,0.406
2AGH31PY,1,0,,2024-11-18,,Missed,0,0,0,0,1,0,0.28947141766548157,,2019-05-27,,0.406
2AGH33SY,1,1,2025-02-15,2025-05-08,82.0,Early,0,1,0,1,0,0,0.7920653223991394,0.7920653223991394,2019-05-27,2091.0,0.406
2AGH34HY,0,0,,,,Censored No Alarm,0,0,0,0,0,1,0.04105240851640701,,2019-05-27,,0.406
2AGH34PY,0,0,,,,Censored No Alarm,0,0,0,0,0,1,0.0012657539919018745,,2019-05-27,,0.406
2AGH35GY,0,0,,,,Censored No Alarm,0,0,0,0,0,1,0.0012657539919018745,,2019-05-27,,0.406
2AGHB9XY,1,0,,2024-12-02,,Missed,0,0,0,0,1,0,0.07062380760908127,,2019-05-27,,0.406
2AGHDYHY,0,0,,,,Censored No Alarm,0,0,0,0,0,1,0.0016668472671881318,,2019-05-27,,0.406
2AGHEP9Y,1,0,,2024-07-26,,Missed,0,0,0,0,1,0,0.01696002669632435,,2019-05-27,,0.406
2AGHGR1Y,0,0,,,,Censored No Alarm,0,0,0,0,0,1,0.019078580662608147,,2019-05-27,,0.406
2AGHGRLY,0,0,,,,Censored No Alarm,0,0,0,0,0,1,0.0017240765737369657,,2019-05-27,,0.406
2AGHGRRY,0,0,,,,Censored No Alarm,0,0,0,0,0,1,0.0012657539919018745,,2019-05-27,,0.406
2AGHJD4Y,0,0,,,,Censored No Alarm,0,0,0,0,0,1,0.2697261869907379,,2019-06-01,,0.406
2AGHK55Y,0,0,,,,Censored No Alarm,0,0,0,0,0,1,0.0012657539919018745,,2019-05-27,,0.406
2AGHK8MY,0,0,,,,Censored No Alarm,0,0,0,0,0,1,0.0020820244681090117,,2019-05-27,,0.406
2AGHLEUY,1,0,,2023-11-06,,Missed,0,0,0,0,1,0,0.009090821258723736,,2019-05-27,,0.406
2AGHLGTY,1,1,2025-02-27,2025-08-05,159.0,Early,0,1,0,1,0,0,0.7915571928024292,0.7915571928024292,2019-05-27,2103.0,0.406
2AGHLKHY,0,0,,,,Censored No Alarm,0,0,0,0,0,1,0.0012657539919018745,,2019-05-27,,0.406
2AGHLMXY,0,0,,,,Censored No Alarm,0,0,0,0,0,1,0.0012657539919018745,,2019-05-27,,0.406
2AGHLN0Y,0,0,,,,Censored No Alarm,0,0,0,0,0,1,0.0012657539919018745,,2019-05-27,,0.406
2AGHMUTY,0,0,,,,Censored No Alarm,0,0,0,0,0,1,0.0012657539919018745,,2019-05-27,,0.406
2AGHMUYY,0,0,,,,Censored No Alarm,0,0,0,0,0,1,0.0012657539919018745,,2019-06-01,,0.406
2AGHMW5Y,0,0,,,,Censored No Alarm,0,0,0,0,0,1,0.007382799871265888,,2019-05-27,,0.406
2AGHMXGY,1,0,,2023-05-14,,Missed,0,0,0,0,1,0,0.006068487651646137,,2019-05-27,,0.406
2AGHMYTY,0,0,,,,Censored No Alarm,0,0,0,0,0,1,0.017470676451921463,,2019-05-27,,0.406
2AGHMZMY,0,0,,,,Censored No Alarm,0,0,0,0,0,1,0.008306345902383327,,2019-05-27,,0.406
2AGHN0TY,1,0,,2020-10-22,,Missed,0,0,0,0,1,0,0.3856857419013977,,2019-05-27,,0.406
2AGHN0WY,0,0,,,,Censored No Alarm,0,0,0,0,0,1,0.0012657539919018745,,2019-05-27,,0.406
2AGHN16Y,0,0,,,,Censored No Alarm,0,0,0,0,0,1,0.0012519903248175979,,2019-05-27,,0.406
2AGHN2AY,0,0,,,,Censored No Alarm,0,0,0,0,0,1,0.0012657539919018745,,2019-05-27,,0.406
2AGHN3XY,0,0,,,,Censored No Alarm,0,0,0,0,0,1,0.0012657539919018745,,2019-05-27,,0.406
2AGHPDKY,0,0,,,,Censored No Alarm,0,0,0,0,0,1,0.0012657539919018745,,2019-05-27,,0.406
2AGHSJ4Y,0,0,,,,Censored No Alarm,0,0,0,0,0,1,0.0012657539919018745,,2019-05-27,,0.406
2AGHSS9Y,0,0,,,,Censored No Alarm,0,0,0,0,0,1,0.0012657539919018745,,2019-05-27,,0.406
2AGHTBYY,1,1,2024-07-12,2025-01-25,197.0,Early,0,1,0,1,0,0,0.8105325102806091,0.7915571928024292,2019-05-27,1873.0,0.406
2AGHTGEY,1,0,,2023-03-14,,Missed,0,0,0,0,1,0,0.17426881194114685,,2019-05-27,,0.406
2AGHTKBY,0,0,,,,Censored No Alarm,0,0,0,0,0,1,0.00801058392971754,,2019-05-27,,0.406
2AGLY65Y,1,0,,2023-11-20,,Missed,0,0,0,0,1,0,0.027517296373844147,,2019-08-13,,0.406
2AGM231Y,0,0,,,,Censored No Alarm,0,0,0,0,0,1,0.0012657539919018745,,2019-05-04,,0.406
2AGM23NY,0,0,,,,Censored No Alarm,0,0,0,0,0,1,0.0012657539919018745,,2019-05-04,,0.406
2AGM5UVY,0,1,2025-07-08,,,Censored Early,0,0,1,1,0,0,0.7964979410171509,0.7964979410171509,2019-05-16,2245.0,0.406
2AGM5V7Y,1,1,2025-01-25,2025-12-05,314.0,Early,0,1,0,1,0,0,0.7964979410171509,0.7964979410171509,2019-05-16,2081.0,0.406
2AGM5VBY,0,0,,,,Censored No Alarm,0,0,0,0,0,1,0.4051866829395294,,2019-05-16,,0.406
2AGM5VHY,1,0,,2025-01-18,,Missed,0,0,0,0,1,0,0.01427773293107748,,2019-08-14,,0.406
2AGM5W9Y,1,0,,2025-01-16,,Missed,0,0,0,0,1,0,0.01427773293107748,,2019-05-16,,0.406
2AGM5YEY,0,0,,,,Censored No Alarm,0,0,0,0,0,1,0.007405047304928303,,2019-05-04,,0.406
2AGM8EMY,1,0,,2024-10-29,,Missed,0,0,0,0,1,0,0.14615072309970856,,2019-05-16,,0.406
2AGM8EUY,0,0,,,,Censored No Alarm,0,0,0,0,0,1,0.0012657539919018745,,2019-05-27,,0.406
2AGM8J2Y,0,0,,,,Censored No Alarm,0,0,0,0,0,1,0.0014018213842064142,,2019-05-16,,0.406
2AGM8JAY,0,0,,,,Censored No Alarm,0,0,0,0,0,1,0.0012657539919018745,,2019-05-16,,0.406
2AGM8LNY,0,1,2026-02-07,,,Censored Early,0,0,1,1,0,0,0.46706515550613403,0.46706515550613403,2019-05-04,2471.0,0.406
2AGM8RJY,0,0,,,,Censored No Alarm,0,0,0,0,0,1,0.01993844471871853,,2019-08-13,,0.406
2AGM8RTY,0,0,,,,Censored No Alarm,0,0,0,0,0,1,0.22031207382678986,,2019-05-16,,0.406
2AGM8UNY,1,1,2025-10-14,2026-03-12,149.0,Early,0,1,0,1,0,0,0.7915571928024292,0.7915571928024292,2019-08-13,2254.0,0.406
2AGM8V7Y,0,0,,,,Censored No Alarm,0,0,0,0,0,1,0.0014018213842064142,,2019-05-16,,0.406
2AGM9MXY,1,0,,2025-09-21,,Missed,0,0,0,0,1,0,0.02665018104016781,,2019-05-04,,0.406
2AGM9PJY,0,0,,,,Censored No Alarm,0,0,0,0,0,1,0.02767152711749077,,2019-05-04,,0.406
2AGM9RGY,1,0,,2022-12-23,,Missed,0,0,0,0,1,0,0.0012545729987323284,,2019-05-16,,0.406
2AGM9S6Y,0,0,,,,Censored No Alarm,0,0,0,0,0,1,0.0042545851320028305,,2019-05-16,,0.406
2AGM9SDY,0,0,,,,Censored No Alarm,0,0,0,0,0,1,0.0012657539919018745,,2019-05-04,,0.406
2AGM9U1Y,0,0,,,,Censored No Alarm,0,0,0,0,0,1,0.0012657539919018745,,2019-05-16,,0.406
2AGMDJKY,0,0,,,,Censored No Alarm,0,0,0,0,0,1,0.0015521433670073748,,2019-05-04,,0.406
2AGMDUAY,1,0,,2023-02-04,,Missed,0,0,0,0,1,0,0.011557212099432945,,2019-05-16,,0.406
2AGMDY1Y,0,0,,,,Censored No Alarm,0,0,0,0,0,1,0.00500867236405611,,2019-08-14,,0.406
2AGME0XY,1,1,2024-03-16,2024-05-29,74.0,Early,0,1,0,1,0,0,0.8963423371315002,0.8963423371315002,2019-05-16,1766.0,0.406
2AGME3BY,0,0,,,,Censored No Alarm,0,0,0,0,0,1,0.003582482459023595,,2019-05-16,,0.406
2AGME9PY,1,0,,2024-08-06,,Missed,0,0,0,0,1,0,0.08956228941679001,,2019-08-13,,0.406
2AGMGAYY,0,0,,,,Censored No Alarm,0,0,0,0,0,1,0.0012657539919018745,,2019-05-16,,0.406
2AGMGDPY,0,0,,,,Censored No Alarm,0,0,0,0,0,1,0.0012954132398590446,,2019-08-13,,0.406
2AGMGKLY,0,0,,,,Censored No Alarm,0,0,0,0,0,1,0.0018815213115885854,,2019-08-13,,0.406
2AGMGXEY,0,0,,,,Censored No Alarm,0,0,0,0,0,1,0.0012657539919018745,,2019-08-14,,0.406
2AGMH2YY,1,0,,2024-12-10,,Missed,0,0,0,0,1,0,0.03916073217988014,,2019-05-16,,0.406
2AGMH3JY,0,0,,,,Censored No Alarm,0,0,0,0,0,1,0.0012657539919018745,,2019-05-16,,0.406
2AGMHK6Y,0,0,,,,Censored No Alarm,0,0,0,0,0,1,0.00989668071269989,,2019-05-04,,0.406
2AGMHPEY,1,0,,2024-06-25,,Missed,0,0,0,0,1,0,0.014797943644225597,,2019-06-01,,0.406
2AGMHRYY,1,0,,2024-05-16,,Missed,0,0,0,0,1,0,0.16307109594345093,,2019-05-16,,0.406
2AGMHTLY,0,0,,,,Censored No Alarm,0,0,0,0,0,1,0.0012657539919018745,,2019-05-04,,0.406
2AGMHU7Y,1,0,,2024-07-08,,Missed,0,0,0,0,1,0,0.006895033176988363,,2019-05-04,,0.406
2AGMHVTY,0,0,,,,Censored No Alarm,0,0,0,0,0,1,0.0020653915125876665,,2019-05-16,,0.406
2AGMHWAY,1,1,2023-09-09,2023-09-22,13.0,On time,1,0,0,0,0,0,0.8206828236579895,0.8206828236579895,2019-08-14,1487.0,0.406
2AGMHXDY,1,1,2025-05-24,2025-06-02,9.0,On time,1,0,0,0,0,0,0.816555917263031,0.816555917263031,2019-08-13,2111.0,0.406
2AGMHY3Y,1,0,,2025-11-18,,Missed,0,0,0,0,1,0,0.006009058561176062,,2019-08-14,,0.406
2AGMHY5Y,0,0,,,,Censored No Alarm,0,0,0,0,0,1,0.0012657539919018745,,2019-08-13,,0.406
2AGMJ35Y,0,0,,,,Censored No Alarm,0,0,0,0,0,1,0.0012657539919018745,,2019-05-04,,0.406
2AGMJ3JY,0,0,,,,Censored No Alarm,0,0,0,0,0,1,0.0014018213842064142,,2019-05-16,,0.406
2AGMJ3TY,0,0,,,,Censored No Alarm,0,0,0,0,0,1,0.0012657539919018745,,2019-08-14,,0.406
2AGMJ47Y,0,0,,,,Censored No Alarm,0,0,0,0,0,1,0.0012657539919018745,,2019-06-01,,0.406
2AGMJ5BY,1,0,,2021-05-03,,Missed,0,0,0,0,1,0,0.0012320921523496509,,2019-05-04,,0.406
2AGMKV4Y,1,1,2025-11-27,2026-01-28,62.0,Early,0,1,0,1,0,0,0.46706515550613403,0.46706515550613403,2019-05-04,2399.0,0.406
2AGMKVHY,1,0,,2023-05-06,,Missed,0,0,0,0,1,0,0.01590251922607422,,2019-08-13,,0.406
2AGMKVTY,1,0,,2024-12-04,,Missed,0,0,0,0,1,0,0.1341044008731842,,2019-08-14,,0.406
2AGMLMLY,0,1,2025-12-31,,,Censored Early,0,0,1,1,0,0,0.46706515550613403,0.46706515550613403,2019-08-14,2331.0,0.406
2AGMLSZY,1,0,,2020-07-30,,Missed,0,0,0,0,1,0,0.3856857419013977,,2019-05-16,,0.406
2AGMLT7Y,0,0,,,,Censored No Alarm,0,0,0,0,0,1,0.01897406578063965,,2019-05-16,,0.406
2AGMLWNY,0,0,,,,Censored No Alarm,0,0,0,0,0,1,0.01897406578063965,,2019-08-14,,0.406
2AGMLZLY,1,1,2026-02-05,2026-02-11,6.0,On time,1,0,0,0,0,0,0.46706515550613403,0.46706515550613403,2019-05-16,2457.0,0.406
2AGMM0UY,0,0,,,,Censored No Alarm,0,0,0,0,0,1,0.3856857419013977,,2019-05-16,,0.406
2AGMMNKY,0,0,,,,Censored No Alarm,0,0,0,0,0,1,0.012870446778833866,,2019-06-01,,0.406
2AGMMU1Y,0,0,,,,Censored No Alarm,0,0,0,0,0,1,0.0014018213842064142,,2019-05-16,,0.406
2AGMMU4Y,0,0,,,,Censored No Alarm,0,0,0,0,0,1,0.0012657539919018745,,2019-08-14,,0.406
2AGMNB7Y,1,0,,2023-03-30,,Missed,0,0,0,0,1,0,0.02272109128534794,,2019-05-16,,0.406
2AGMNBEY,0,0,,,,Censored No Alarm,0,0,0,0,0,1,0.0012657539919018745,,2019-05-16,,0.406
2AGMND4Y,1,0,,2025-10-27,,Missed,0,0,0,0,1,0,0.10120870918035507,,2019-05-04,,0.406
2AGMNE1Y,1,1,2025-07-02,2025-11-26,147.0,Early,0,1,0,1,0,0,0.7994691729545593,0.7994691729545593,2019-05-16,2239.0,0.406
2AGMNEBY,1,0,,2024-08-05,,Missed,0,0,0,0,1,0,0.07339803874492645,,2019-05-04,,0.406
2AGMNG0Y,0,0,,,,Censored No Alarm,0,0,0,0,0,1,0.04449233040213585,,2019-05-16,,0.406
2AGMNJKY,1,1,2025-01-09,2025-09-29,263.0,Early,0,1,0,1,0,0,0.7258586883544922,0.7258586883544922,2019-05-16,2065.0,0.406
2AGMNM8Y,0,0,,,,Censored No Alarm,0,0,0,0,0,1,0.01427773293107748,,2019-08-14,,0.406
2AGMNMWY,1,0,,2023-05-10,,Missed,0,0,0,0,1,0,0.009901134297251701,,2019-05-16,,0.406
2AGMNTXY,0,0,,,,Censored No Alarm,0,0,0,0,0,1,0.0012657539919018745,,2019-05-16,,0.406
2AGMNUVY,0,0,,,,Censored No Alarm,0,0,0,0,0,1,0.0023528870660811663,,2019-05-04,,0.406
2AGMNWBY,0,0,,,,Censored No Alarm,0,0,0,0,0,1,0.0032838350161910057,,2019-08-13,,0.406
2AGMNXRY,0,0,,,,Censored No Alarm,0,0,0,0,0,1,0.03573162108659744,,2019-08-13,,0.406
2AGMP7ZY,0,0,,,,Censored No Alarm,0,0,0,0,0,1,0.00205606990493834,,2019-08-14,,0.406
2AGMPBWY,0,0,,,,Censored No Alarm,0,0,0,0,0,1,0.01868434064090252,,2019-05-16,,0.406
2AGMPD8Y,1,0,,2023-11-21,,Missed,0,0,0,0,1,0,0.0012519903248175979,,2019-08-13,,0.406
2AGMPK3Y,0,0,,,,Censored No Alarm,0,0,0,0,0,1,0.00536156864836812,,2019-05-04,,0.406
2AGMPL7Y,1,0,,2025-02-27,,Missed,0,0,0,0,1,0,0.012586258351802826,,2019-05-16,,0.406
2AGMPP1Y,0,0,,,,Censored No Alarm,0,0,0,0,0,1,0.0042545851320028305,,2019-05-16,,0.406
2AGMPP4Y,1,1,2025-09-12,2025-09-23,11.0,On time,1,0,0,0,0,0,0.486646831035614,0.486646831035614,2019-05-16,2311.0,0.406
2AGMPPGY,0,0,,,,Censored No Alarm,0,0,0,0,0,1,0.0014018213842064142,,2019-05-16,,0.406
2AGMPSSY,0,0,,,,Censored No Alarm,0,0,0,0,0,1,0.0014018213842064142,,2019-05-16,,0.406
2AGMPT2Y,0,0,,,,Censored No Alarm,0,0,0,0,0,1,0.0020653915125876665,,2019-05-16,,0.406
2AGMPZ8Y,0,0,,,,Censored No Alarm,0,0,0,0,0,1,0.0012657539919018745,,2019-08-14,,0.406
2AGMS6PY,0,0,,,,Censored No Alarm,0,0,0,0,0,1,0.0012657539919018745,,2019-08-14,,0.406
2AGMSHHY,1,0,,2022-08-12,,Missed,0,0,0,0,1,0,0.0028416162822395563,,2019-05-04,,0.406
2AGMTK0Y,1,1,2025-08-25,2025-08-30,5.0,On time,1,0,0,0,0,0,0.475868284702301,0.475868284702301,2019-05-16,2293.0,0.406
2AGMTL0Y,1,0,,2023-04-17,,Missed,0,0,0,0,1,0,0.0012657539919018745,,2019-05-04,,0.406
2AGMTXAY,0,0,,,,Censored No Alarm,0,0,0,0,0,1,0.0012657539919018745,,2019-08-13,,0.406
2AGMUBMY,0,0,,,,Censored No Alarm,0,0,0,0,0,1,0.0012657539919018745,,2019-06-01,,0.406
2AGMUBRY,1,0,,2024-08-04,,Missed,0,0,0,0,1,0,0.00412761839106679,,2019-08-13,,0.406
2AGMV9UY,0,0,,,,Censored No Alarm,0,0,0,0,0,1,0.0012657539919018745,,2019-08-13,,0.406
2AGMVDDY,0,0,,,,Censored No Alarm,0,0,0,0,0,1,0.001866486039943993,,2019-05-16,,0.406
2AGMWHVY,1,0,,2024-07-19,,Missed,0,0,0,0,1,0,0.022377153858542442,,2019-05-16,,0.406
2AGMZLMY,1,0,,2023-05-16,,Missed,0,0,0,0,1,0,0.09061620384454727,,2019-08-13,,0.406
2AGN038Y,0,0,,,,Censored No Alarm,0,0,0,0,0,1,0.0012657539919018745,,2019-08-13,,0.406
2AGN03MY,0,0,,,,Censored No Alarm,0,0,0,0,0,1,0.004468325059860945,,2019-08-13,,0.406
2AGN05MY,0,0,,,,Censored No Alarm,0,0,0,0,0,1,0.0012657539919018745,,2019-08-13,,0.406
2AGN071Y,0,0,,,,Censored No Alarm,0,0,0,0,0,1,0.0037685169372707605,,2019-08-13,,0.406
2AGN07AY,0,0,,,,Censored No Alarm,0,0,0,0,0,1,0.0012657539919018745,,2019-08-14,,0.406
2AGN17RY,0,0,,,,Censored No Alarm,0,0,0,0,0,1,0.0012657539919018745,,2019-08-13,,0.406
2AGN1YNY,0,0,,,,Censored No Alarm,0,0,0,0,0,1,0.0012657539919018745,,2019-08-14,,0.406
2AGN29AY,0,0,,,,Censored No Alarm,0,0,0,0,0,1,0.0012657539919018745,,2019-08-14,,0.406
2AGN43EY,0,0,,,,Censored No Alarm,0,0,0,0,0,1,0.06089826300740242,,2019-08-13,,0.406
2AGN5A3Y,0,0,,,,Censored No Alarm,0,0,0,0,0,1,0.0012657539919018745,,2019-06-01,,0.406
2AGN7GZY,0,0,,,,Censored No Alarm,0,0,0,0,0,1,0.0012657539919018745,,2019-08-13,,0.406
2AGN7XVY,0,0,,,,Censored No Alarm,0,0,0,0,0,1,0.025758303701877594,,2019-08-14,,0.406
2AGN7XYY,0,0,,,,Censored No Alarm,0,0,0,0,0,1,0.008054018020629883,,2019-05-27,,0.406
2AGN853Y,0,0,,,,Censored No Alarm,0,0,0,0,0,1,0.0012657539919018745,,2019-08-14,,0.406
2AGN8H9Y,0,0,,,,Censored No Alarm,0,0,0,0,0,1,0.0012657539919018745,,2019-08-14,,0.406
2AGN8Y9Y,0,0,,,,Censored No Alarm,0,0,0,0,0,1,0.011034646071493626,,2019-08-13,,0.406
2AGN8ZGY,0,0,,,,Censored No Alarm,0,0,0,0,0,1,0.030157318338751793,,2019-06-01,,0.406
2AGN90RY,1,0,,2023-12-07,,Missed,0,0,0,0,1,0,0.291664183139801,,2019-08-14,,0.406
2AGN9N4Y,1,1,2025-01-25,2025-03-06,40.0,Early,0,1,0,1,0,0,0.7717823386192322,0.7258586883544922,2019-08-13,1992.0,0.406
2AGNAK7Y,0,0,,,,Censored No Alarm,0,0,0,0,0,1,0.0012657539919018745,,2019-08-14,,0.406
2AGNAKGY,0,0,,,,Censored No Alarm,0,0,0,0,0,1,0.0012657539919018745,,2019-08-14,,0.406
2AGNAYKY,0,0,,,,Censored No Alarm,0,0,0,0,0,1,0.0012657539919018745,,2019-08-13,,0.406
2AGNBWPY,0,0,,,,Censored No Alarm,0,0,0,0,0,1,0.0012657539919018745,,2019-08-13,,0.406
2AGND0EY,0,0,,,,Censored No Alarm,0,0,0,0,0,1,0.004194255918264389,,2019-08-13,,0.406
2AGNEAHY,0,0,,,,Censored No Alarm,0,0,0,0,0,1,0.0012657539919018745,,2019-08-13,,0.406
2AGNEK5Y,0,0,,,,Censored No Alarm,0,0,0,0,0,1,0.004985632374882698,,2019-08-14,,0.406
2AGNEN9Y,0,0,,,,Censored No Alarm,0,0,0,0,0,1,0.0012657539919018745,,2019-08-14,,0.406
2AGNEREY,0,0,,,,Censored No Alarm,0,0,0,0,0,1,0.003582482459023595,,2019-08-13,,0.406
2AGNGZPY,0,0,,,,Censored No Alarm,0,0,0,0,0,1,0.0012657539919018745,,2019-05-27,,0.406
2AGNJE2Y,0,0,,,,Censored No Alarm,0,0,0,0,0,1,0.005513899959623814,,2019-06-01,,0.406
2AGNJG7Y,0,0,,,,Censored No Alarm,0,0,0,0,0,1,0.0012657539919018745,,2019-08-13,,0.406
2AGNJGHY,0,0,,,,Censored No Alarm,0,0,0,0,0,1,0.0014018213842064142,,2019-08-13,,0.406
2AGNJRYY,0,0,,,,Censored No Alarm,0,0,0,0,0,1,0.0012657539919018745,,2019-06-01,,0.406
2AGNJTAY,0,0,,,,Censored No Alarm,0,0,0,0,0,1,0.0012657539919018745,,2019-08-14,,0.406
2AGNJTRY,0,0,,,,Censored No Alarm,0,0,0,0,0,1,0.0012657539919018745,,2019-08-14,,0.406
2AGNKB9Y,1,0,,2023-11-29,,Missed,0,0,0,0,1,0,0.0012657539919018745,,2019-08-13,,0.406
2AGNKGXY,0,0,,,,Censored No Alarm,0,0,0,0,0,1,0.0012657539919018745,,2019-08-14,,0.406
2AGNKNJY,0,0,,,,Censored No Alarm,0,0,0,0,0,1,0.0020983656868338585,,2019-08-14,,0.406
2AGNKSPY,0,0,,,,Censored No Alarm,0,0,0,0,0,1,0.0012657539919018745,,2019-08-14,,0.406
2AGNKV4Y,0,0,,,,Censored No Alarm,0,0,0,0,0,1,0.0012657539919018745,,2019-08-13,,0.406
2AGNL61Y,0,0,,,,Censored No Alarm,0,0,0,0,0,1,0.0012657539919018745,,2019-05-16,,0.406
2AGNNTHY,0,0,,,,Censored No Alarm,0,0,0,0,0,1,0.006700831465423107,,2019-05-16,,0.406
2AGNT47Y,0,0,,,,Censored No Alarm,0,0,0,0,0,1,0.0012657539919018745,,2019-05-16,,0.406
2AGP393Y,1,0,,2023-04-06,,Missed,0,0,0,0,1,0,0.38562631607055664,,2019-06-01,,0.406
2AGP43EY,1,0,,2024-09-01,,Missed,0,0,0,0,1,0,0.006854938808828592,,2019-05-16,,0.406
2AGP5EDY,0,0,,,,Censored No Alarm,0,0,0,0,0,1,0.0012657539919018745,,2019-05-16,,0.406
2AGP5GBY,0,0,,,,Censored No Alarm,0,0,0,0,0,1,0.0012657539919018745,,2019-05-16,,0.406
2AGP5J1Y,0,0,,,,Censored No Alarm,0,0,0,0,0,1,0.0015409851912409067,,2019-05-16,,0.406
2AGP6TYY,0,0,,,,Censored No Alarm,0,0,0,0,0,1,0.0012657539919018745,,2019-05-16,,0.406
2AGP6UBY,0,0,,,,Censored No Alarm,0,0,0,0,0,1,0.0012954132398590446,,2019-05-16,,0.406
2AGP9W7Y,0,0,,,,Censored No Alarm,0,0,0,0,0,1,0.04087723419070244,,2019-05-16,,0.406
2AGPHHKY,0,0,,,,Censored No Alarm,0,0,0,0,0,1,0.0017240765737369657,,2019-06-01,,0.406
2AGPHHTY,0,0,,,,Censored No Alarm,0,0,0,0,0,1,0.0012657539919018745,,2019-06-01,,0.406
2AGPJAVY,0,0,,,,Censored No Alarm,0,0,0,0,0,1,0.0012657539919018745,,2019-05-27,,0.406
2AGPJBGY,0,0,,,,Censored No Alarm,0,0,0,0,0,1,0.0020820244681090117,,2019-05-27,,0.406
2AGPJBNY,0,0,,,,Censored No Alarm,0,0,0,0,0,1,0.0012657539919018745,,2019-05-27,,0.406
2AGPJE5Y,0,0,,,,Censored No Alarm,0,0,0,0,0,1,0.0012657539919018745,,2019-05-16,,0.406
2AGPJGPY,1,0,,2021-02-22,,Missed,0,0,0,0,1,0,0.0014018213842064142,,2019-05-16,,0.406
2AGPJH1Y,1,0,,2024-08-11,,Missed,0,0,0,0,1,0,0.019182564690709114,,2019-05-16,,0.406
2AGPJHAY,0,0,,,,Censored No Alarm,0,0,0,0,0,1,0.0012657539919018745,,2019-08-13,,0.406
2AGPJHXY,0,0,,,,Censored No Alarm,0,0,0,0,0,1,0.0012657539919018745,,2019-05-27,,0.406
2AGPJL8Y,0,0,,,,Censored No Alarm,0,0,0,0,0,1,0.0012657539919018745,,2019-05-27,,0.406
2AGPJLWY,0,0,,,,Censored No Alarm,0,0,0,0,0,1,0.0012657539919018745,,2019-08-13,,0.406
2AGPJMRY,0,0,,,,Censored No Alarm,0,0,0,0,0,1,0.0012657539919018745,,2019-08-13,,0.406
2AGPJP0Y,0,0,,,,Censored No Alarm,0,0,0,0,0,1,0.0012519903248175979,,2019-05-27,,0.406
2AGPK9HY,0,0,,,,Censored No Alarm,0,0,0,0,0,1,0.0012657539919018745,,2019-08-14,,0.406
2AGPKA3Y,0,0,,,,Censored No Alarm,0,0,0,0,0,1,0.00729335006326437,,2019-08-14,,0.406
2AGPKALY,0,0,,,,Censored No Alarm,0,0,0,0,0,1,0.0012657539919018745,,2019-05-16,,0.406
2AGPKARY,0,0,,,,Censored No Alarm,0,0,0,0,0,1,0.0012657539919018745,,2019-05-16,,0.406
2AGPKB2Y,0,0,,,,Censored No Alarm,0,0,0,0,0,1,0.0012657539919018745,,2019-05-27,,0.406
2AGPKTUY,0,0,,,,Censored No Alarm,0,0,0,0,0,1,0.0012657539919018745,,2019-05-16,,0.406
2AGPKVGY,0,0,,,,Censored No Alarm,0,0,0,0,0,1,0.0012657539919018745,,2019-05-16,,0.406
2AGPKWNY,1,0,,2023-10-29,,Missed,0,0,0,0,1,0,0.02528258226811886,,2019-05-16,,0.406
2AGPKX4Y,0,0,,,,Censored No Alarm,0,0,0,0,0,1,0.021720148622989655,,2019-05-16,,0.406
2AGPL2YY,0,0,,,,Censored No Alarm,0,0,0,0,0,1,0.002642235718667507,,2019-05-16,,0.406
2AGPL4UY,0,0,,,,Censored No Alarm,0,0,0,0,0,1,0.0012657539919018745,,2019-05-16,,0.406
2AGPL4ZY,0,0,,,,Censored No Alarm,0,0,0,0,0,1,0.0012657539919018745,,2019-05-27,,0.406
2AGPLSSY,0,0,,,,Censored No Alarm,0,0,0,0,0,1,0.0012657539919018745,,2019-05-16,,0.406
2AGPMDVY,0,0,,,,Censored No Alarm,0,0,0,0,0,1,0.0012519903248175979,,2019-05-27,,0.406
2AGPMEPY,0,0,,,,Censored No Alarm,0,0,0,0,0,1,0.0015382921556010842,,2019-05-16,,0.406
2AGPMGGY,0,0,,,,Censored No Alarm,0,0,0,0,0,1,0.0012657539919018745,,2019-05-16,,0.406
2AGPMM3Y,0,0,,,,Censored No Alarm,0,0,0,0,0,1,0.0012519903248175979,,2019-05-27,,0.406
2AGPMN9Y,0,0,,,,Censored No Alarm,0,0,0,0,0,1,0.0012657539919018745,,2019-05-27,,0.406
2AGPMRDY,0,0,,,,Censored No Alarm,0,0,0,0,0,1,0.0012657539919018745,,2019-05-27,,0.406
2AGPMY1Y,0,0,,,,Censored No Alarm,0,0,0,0,0,1,0.0012657539919018745,,2019-05-16,,0.406
2AGPN6PY,0,0,,,,Censored No Alarm,0,0,0,0,0,1,0.030157318338751793,,2019-05-16,,0.406
2AGPPJAY,0,0,,,,Censored No Alarm,0,0,0,0,0,1,0.0012657539919018745,,2019-05-16,,0.406
2AGPPLLY,1,0,,2023-11-29,,Missed,0,0,0,0,1,0,0.08404915034770966,,2019-05-16,,0.406
2AGPR6YY,0,0,,,,Censored No Alarm,0,0,0,0,0,1,0.0018577397568151355,,2019-05-16,,0.406
2AGPR7RY,0,0,,,,Censored No Alarm,0,0,0,0,0,1,0.0012657539919018745,,2019-05-16,,0.406
2AGPR8EY,0,0,,,,Censored No Alarm,0,0,0,0,0,1,0.0012657539919018745,,2019-05-16,,0.406
2AGPRL8Y,0,0,,,,Censored No Alarm,0,0,0,0,0,1,0.004985632374882698,,2019-05-27,,0.406
2AGPRMLY,1,0,,2026-03-26,,Missed,0,0,0,0,1,0,0.008464527316391468,,2019-08-13,,0.406
2AGPRMRY,1,0,,2024-08-12,,Missed,0,0,0,0,1,0,0.003141336375847459,,2019-05-04,,0.406
2AGPRRJY,0,1,2026-02-08,,,Censored Early,0,0,1,1,0,0,0.49089425802230835,0.49089425802230835,2019-05-04,2472.0,0.406
2AGPS2ZY,0,0,,,,Censored No Alarm,0,0,0,0,0,1,0.0012657539919018745,,2019-05-16,,0.406
2AGPSEDY,0,0,,,,Censored No Alarm,0,0,0,0,0,1,0.0012657539919018745,,2019-05-27,,0.406
2AGPSG5Y,0,0,,,,Censored No Alarm,0,0,0,0,0,1,0.0012657539919018745,,2019-05-27,,0.406
2AGPSGKY,0,0,,,,Censored No Alarm,0,0,0,0,0,1,0.0012657539919018745,,2019-08-14,,0.406
2AGPSJKY,0,0,,,,Censored No Alarm,0,0,0,0,0,1,0.0012657539919018745,,2019-08-14,,0.406
2AGPSRUY,0,0,,,,Censored No Alarm,0,0,0,0,0,1,0.0012657539919018745,,2019-05-16,,0.406
2AGPT2PY,0,0,,,,Censored No Alarm,0,0,0,0,0,1,0.0017395977629348636,,2019-08-14,,0.406
2AGPT48Y,0,0,,,,Censored No Alarm,0,0,0,0,0,1,0.0012657539919018745,,2019-06-01,,0.406
2AGPT7PY,0,0,,,,Censored No Alarm,0,0,0,0,0,1,0.0012657539919018745,,2019-08-13,,0.406
2AGPTL4Y,0,0,,,,Censored No Alarm,0,0,0,0,0,1,0.0037685169372707605,,2019-05-27,,0.406
2AGPTVLY,0,0,,,,Censored No Alarm,0,0,0,0,0,1,0.00205606990493834,,2019-06-01,,0.406
5PG0TA6F,0,0,,,,Censored No Alarm,0,0,0,0,0,1,0.0012519903248175979,,2020-07-14,,0.406
5PG0TAKF,0,0,,,,Censored No Alarm,0,0,0,0,0,1,0.0012657539919018745,,2020-05-10,,0.406
5PJEJUHE,0,0,,,,Censored No Alarm,0,0,0,0,0,1,0.0012657539919018745,,2021-12-28,,0.406
5PJJHD9C,0,0,,,,Censored No Alarm,0,0,0,0,0,1,0.0012409307528287172,,2022-07-18,,0.406
5PJJLZTF,0,0,,,,Censored No Alarm,0,0,0,0,0,1,0.0012657539919018745,,2021-12-03,,0.406
5PJKZP4D,0,0,,,,Censored No Alarm,0,0,0,0,0,1,0.0012545729987323284,,2022-08-04,,0.406
5PJVPJGF,0,0,,,,Censored No Alarm,0,0,0,0,0,1,0.0012657539919018745,,2021-05-16,,0.406
5PK10N4B,0,0,,,,Censored No Alarm,0,0,0,0,0,1,0.0012320921523496509,,2024-12-22,,0.406
5PK5ZB1B,0,0,,,,Censored No Alarm,0,0,0,0,0,1,0.007474051788449287,,2024-04-29,,0.406
5PKEBJVB,0,0,,,,Censored No Alarm,0,0,0,0,0,1,0.0012456374242901802,,2023-11-27,,0.406
5PKVXW6B,0,0,,,,Censored No Alarm,0,0,0,0,0,1,0.0012320921523496509,,2024-06-01,,0.406
5QG63PMB,0,0,,,,Censored No Alarm,0,0,0,0,0,1,0.0012456374242901802,,2024-05-28,,0.406
5QGBH0MB,0,0,,,,Censored No Alarm,0,0,0,0,0,1,0.0012456374242901802,,2023-12-09,,0.406
5QGG5KLB,0,0,,,,Censored No Alarm,0,0,0,0,0,1,0.0012456374242901802,,2023-04-05,,0.406
5QGG5UPB,0,0,,,,Censored No Alarm,0,0,0,0,0,1,0.03723083809018135,,2022-12-06,,0.406
5QGGAELB,1,1,2025-01-12,2025-06-04,143.0,Early,0,1,0,1,0,0,0.48296958208084106,0.43088576197624207,2023-03-28,656.0,0.406
5QGGHWVB,0,0,,,,Censored No Alarm,0,0,0,0,0,1,0.0012456374242901802,,2023-12-16,,0.406
5QH0Z60B,1,1,2024-03-04,2024-05-14,71.0,Early,0,1,0,1,0,0,0.749394953250885,0.749394953250885,2023-10-22,134.0,0.406
5QHDKVHB,0,0,,,,Censored No Alarm,0,0,0,0,0,1,0.0012320921523496509,,2023-11-17,,0.406
5QHKE66B,0,0,,,,Censored No Alarm,0,0,0,0,0,1,0.0012456374242901802,,2024-04-18,,0.406
5QHYP4MB,0,0,,,,Censored No Alarm,0,0,0,0,0,1,0.0012456374242901802,,2024-05-15,,0.406
5QJBW5VB,1,1,2024-05-23,2024-05-25,2.0,On time,1,0,0,0,0,0,0.7260119915008545,0.7260119915008545,2024-02-07,106.0,0.406
5QJS57NB,0,0,,,,Censored No Alarm,0,0,0,0,0,1,0.0012320921523496509,,2024-01-23,,0.406
5QKBEVWB,0,0,,,,Censored No Alarm,0,0,0,0,0,1,0.0012456374242901802,,2023-12-14,,0.406
5QKDK07B,0,0,,,,Censored No Alarm,0,0,0,0,0,1,0.0012320921523496509,,2024-12-20,,0.406
5QKHBVPB,0,0,,,,Censored No Alarm,0,0,0,0,0,1,0.0012320921523496509,,2024-05-30,,0.406
5QKKSM3B,0,0,,,,Censored No Alarm,0,0,0,0,0,1,0.0014018213842064142,,2024-04-06,,0.406
5QKV55TB,0,0,,,,Censored No Alarm,0,0,0,0,0,1,0.0012320921523496509,,2024-02-29,,0.406
5QKV6W0B,0,0,,,,Censored No Alarm,0,0,0,0,0,1,0.0012456374242901802,,2023-08-14,,0.406
5QKV74SB,0,0,,,,Censored No Alarm,0,0,0,0,0,1,0.0012456374242901802,,2024-01-09,,0.406
5QKV778B,0,0,,,,Censored No Alarm,0,0,0,0,0,1,0.0012320921523496509,,2024-06-07,,0.406
5QKV7UHB,0,0,,,,Censored No Alarm,0,0,0,0,0,1,0.0012456374242901802,,2024-03-04,,0.406
5QKV85UB,0,0,,,,Censored No Alarm,0,0,0,0,0,1,0.0012320921523496509,,2023-12-02,,0.406
5QKVAN8B,0,0,,,,Censored No Alarm,0,0,0,0,0,1,0.0012456374242901802,,2023-12-24,,0.406
5QKVARLB,0,0,,,,Censored No Alarm,0,0,0,0,0,1,0.0012456374242901802,,2023-11-03,,0.406
5QKVATKB,0,0,,,,Censored No Alarm,0,0,0,0,0,1,0.0012456374242901802,,2024-01-09,,0.406
5QKVD71B,0,0,,,,Censored No Alarm,0,0,0,0,0,1,0.0012320921523496509,,2024-05-10,,0.406
5QKVDDVB,0,0,,,,Censored No Alarm,0,0,0,0,0,1,0.0012456374242901802,,2024-06-19,,0.406
5QKVETTB,0,0,,,,Censored No Alarm,0,0,0,0,0,1,0.013837914913892746,,2024-06-27,,0.406
5QKVEUZB,0,0,,,,Censored No Alarm,0,0,0,0,0,1,0.0012320921523496509,,2024-04-22,,0.406
5QKVEXJB,0,0,,,,Censored No Alarm,0,0,0,0,0,1,0.0012456374242901802,,2023-11-30,,0.406
5QKVGLWB,0,0,,,,Censored No Alarm,0,0,0,0,0,1,0.0012320921523496509,,2024-05-08,,0.406
5QKVHPLB,0,0,,,,Censored No Alarm,0,0,0,0,0,1,0.0012456374242901802,,2024-05-07,,0.406
5QKVHRMB,0,0,,,,Censored No Alarm,0,0,0,0,0,1,0.0012456374242901802,,2024-06-23,,0.406
5QKVVTHB,0,0,,,,Censored No Alarm,0,0,0,0,0,1,0.0012456374242901802,,2024-04-15,,0.406
8CGNK9GE,0,0,,,,Censored No Alarm,0,0,0,0,0,1,0.015766415745019913,,2019-05-04,,0.406
8CGR1V5E,0,0,,,,Censored No Alarm,0,0,0,0,0,1,0.0018815213115885854,,2019-06-01,,0.406
8CGSN9XE,0,0,,,,Censored No Alarm,0,0,0,0,0,1,0.0016787995118647814,,2019-05-16,,0.406
8CGSTSRE,0,0,,,,Censored No Alarm,0,0,0,0,0,1,0.0012657539919018745,,2019-05-04,,0.406
8CGT5S2E,1,0,,2024-11-05,,Missed,0,0,0,0,1,0,0.15905578434467316,,2019-06-01,,0.406
8CGTW4VE,0,0,,,,Censored No Alarm,0,0,0,0,0,1,0.0012657539919018745,,2019-06-01,,0.406
8CGTZ9HE,1,0,,2023-07-12,,Missed,0,0,0,0,1,0,0.05623819679021835,,2019-05-16,,0.406
8CGU9LLE,0,0,,,,Censored No Alarm,0,0,0,0,0,1,0.0012657539919018745,,2019-05-16,,0.406
8CGV369E,0,0,,,,Censored No Alarm,0,0,0,0,0,1,0.0012657539919018745,,2019-05-16,,0.406
8CGVR04E,0,1,2025-05-28,,,Censored Early,0,0,1,1,0,0,0.9149016737937927,0.9149016737937927,2019-05-16,2204.0,0.406
8CGVTH0E,0,0,,,,Censored No Alarm,0,0,0,0,0,1,0.0012748257722705603,,2019-05-04,,0.406
8CGW3HPE,0,0,,,,Censored No Alarm,0,0,0,0,0,1,0.0012657539919018745,,2019-05-04,,0.406
8CGW6ULE,0,0,,,,Censored No Alarm,0,0,0,0,0,1,0.0012657539919018745,,2019-05-04,,0.406
8CGWPGEE,0,0,,,,Censored No Alarm,0,0,0,0,0,1,0.0012657539919018745,,2019-05-16,,0.406
8CGXKYVE,0,0,,,,Censored No Alarm,0,0,0,0,0,1,0.0018577397568151355,,2019-05-04,,0.406
8CGXNNUE,1,0,,2022-05-10,,Missed,0,0,0,0,1,0,0.017865924164652824,,2019-06-01,,0.406
8CGY4KUE,0,0,,,,Censored No Alarm,0,0,0,0,0,1,0.0014018213842064142,,2019-05-16,,0.406
8CGYJ5TE,0,0,,,,Censored No Alarm,0,0,0,0,0,1,0.0012657539919018745,,2019-06-01,,0.406
8CGYVS8E,0,0,,,,Censored No Alarm,0,0,0,0,0,1,0.0012657539919018745,,2019-06-01,,0.406
8CGYW96E,0,0,,,,Censored No Alarm,0,0,0,0,0,1,0.01748732477426529,,2019-06-01,,0.406
8CGYXB6E,0,0,,,,Censored No Alarm,0,0,0,0,0,1,0.0012657539919018745,,2019-08-13,,0.406
8CGZ8K3E,0,0,,,,Censored No Alarm,0,0,0,0,0,1,0.0012657539919018745,,2019-05-04,,0.406
8CGZ8S1E,0,0,,,,Censored No Alarm,0,0,0,0,0,1,0.0015382921556010842,,2019-05-04,,0.406
8CGZ8SDE,0,0,,,,Censored No Alarm,0,0,0,0,0,1,0.021849963814020157,,2019-05-04,,0.406
8CGZB98E,0,0,,,,Censored No Alarm,0,0,0,0,0,1,0.0012657539919018745,,2019-08-14,,0.406
8CGZB9VE,0,0,,,,Censored No Alarm,0,0,0,0,0,1,0.0012657539919018745,,2019-06-01,,0.406
8CGZKBME,0,0,,,,Censored No Alarm,0,0,0,0,0,1,0.258217453956604,,2019-05-04,,0.406
8CGZKDHE,0,0,,,,Censored No Alarm,0,0,0,0,0,1,0.0012657539919018745,,2019-05-04,,0.406
8CGZMEAE,0,0,,,,Censored No Alarm,0,0,0,0,0,1,0.0018577397568151355,,2019-05-04,,0.406
8CH02WUE,0,0,,,,Censored No Alarm,0,0,0,0,0,1,0.0012657539919018745,,2019-08-14,,0.406
8CH05AGE,0,0,,,,Censored No Alarm,0,0,0,0,0,1,0.0012657539919018745,,2019-05-04,,0.406
8CH06AGE,0,0,,,,Censored No Alarm,0,0,0,0,0,1,0.0012657539919018745,,2019-05-16,,0.406
8CH06B5E,0,0,,,,Censored No Alarm,0,0,0,0,0,1,0.0012657539919018745,,2019-05-04,,0.406
8CH06E7E,0,0,,,,Censored No Alarm,0,0,0,0,0,1,0.0012657539919018745,,2019-05-04,,0.406
8CH06EDE,0,0,,,,Censored No Alarm,0,0,0,0,0,1,0.0012657539919018745,,2019-06-01,,0.406
8CH0869E,0,0,,,,Censored No Alarm,0,0,0,0,0,1,0.018998222425580025,,2019-05-04,,0.406
8CH08RNE,0,0,,,,Censored No Alarm,0,0,0,0,0,1,0.0012657539919018745,,2019-08-14,,0.406
8CH09GGE,0,0,,,,Censored No Alarm,0,0,0,0,0,1,0.0012657539919018745,,2019-06-01,,0.406
8CH0BYPE,0,0,,,,Censored No Alarm,0,0,0,0,0,1,0.0012657539919018745,,2019-08-13,,0.406
8CH0BYTE,0,0,,,,Censored No Alarm,0,0,0,0,0,1,0.0012657539919018745,,2019-06-01,,0.406
8CH0DM8E,0,0,,,,Censored No Alarm,0,0,0,0,0,1,0.0012657539919018745,,2019-08-14,,0.406
8CH0GNLE,0,0,,,,Censored No Alarm,0,0,0,0,0,1,0.0012657539919018745,,2019-05-04,,0.406
8CH0GNNE,0,0,,,,Censored No Alarm,0,0,0,0,0,1,0.07005726546049118,,2019-05-04,,0.406
8CH0GNSE,0,0,,,,Censored No Alarm,0,0,0,0,0,1,0.0014018213842064142,,2019-05-16,,0.406
8CH0HRKE,0,0,,,,Censored No Alarm,0,0,0,0,0,1,0.0012657539919018745,,2019-06-01,,0.406
8CH0HTRE,0,0,,,,Censored No Alarm,0,0,0,0,0,1,0.0012657539919018745,,2019-06-01,,0.406
8CH0L5PE,0,0,,,,Censored No Alarm,0,0,0,0,0,1,0.0012657539919018745,,2019-06-01,,0.406
8CH0R06E,0,0,,,,Censored No Alarm,0,0,0,0,0,1,0.0012657539919018745,,2019-05-04,,0.406
8CH0R3YE,0,0,,,,Censored No Alarm,0,0,0,0,0,1,0.1478017270565033,,2019-08-13,,0.406
8CH0TLTE,0,0,,,,Censored No Alarm,0,0,0,0,0,1,0.0012657539919018745,,2019-08-13,,0.406
8CH0TLUE,0,0,,,,Censored No Alarm,0,0,0,0,0,1,0.0012657539919018745,,2019-06-01,,0.406
8CH0TN2E,0,0,,,,Censored No Alarm,0,0,0,0,0,1,0.0012657539919018745,,2019-06-01,,0.406
8CH0TN3E,0,0,,,,Censored No Alarm,0,0,0,0,0,1,0.0012657539919018745,,2019-08-13,,0.406
8CH0TVRE,0,0,,,,Censored No Alarm,0,0,0,0,0,1,0.0012657539919018745,,2019-08-14,,0.406
8CH0V7TE,0,0,,,,Censored No Alarm,0,0,0,0,0,1,0.0060176607221364975,,2019-06-01,,0.406
8CH0VH1E,0,0,,,,Censored No Alarm,0,0,0,0,0,1,0.0012657539919018745,,2019-05-16,,0.406
8CH0VW0E,0,0,,,,Censored No Alarm,0,0,0,0,0,1,0.0012657539919018745,,2019-06-01,,0.406
8CH11KPE,0,0,,,,Censored No Alarm,0,0,0,0,0,1,0.0012657539919018745,,2019-05-04,,0.406
8CH13D7E,0,0,,,,Censored No Alarm,0,0,0,0,0,1,0.0012657539919018745,,2019-06-01,,0.406
8CH13DAE,0,0,,,,Censored No Alarm,0,0,0,0,0,1,0.0012657539919018745,,2019-06-01,,0.406
8CH15D3E,0,0,,,,Censored No Alarm,0,0,0,0,0,1,0.05169479176402092,,2019-05-16,,0.406
8CH15YME,0,0,,,,Censored No Alarm,0,0,0,0,0,1,0.0017240765737369657,,2019-06-01,,0.406
8CH160KE,0,0,,,,Censored No Alarm,0,0,0,0,0,1,0.0012657539919018745,,2019-08-14,,0.406
8CH16PBE,0,0,,,,Censored No Alarm,0,0,0,0,0,1,0.007681211922317743,,2019-06-01,,0.406
8CH16ZDE,0,0,,,,Censored No Alarm,0,0,0,0,0,1,0.002601729705929756,,2019-06-01,,0.406
8CH16ZUE,0,0,,,,Censored No Alarm,0,0,0,0,0,1,0.0026654847897589207,,2019-06-01,,0.406
8CH17M9E,0,0,,,,Censored No Alarm,0,0,0,0,0,1,0.0012657539919018745,,2019-06-01,,0.406
8CH17MHE,0,0,,,,Censored No Alarm,0,0,0,0,0,1,0.0012657539919018745,,2019-08-13,,0.406
8CH190UE,1,1,2022-02-13,2022-03-26,41.0,Early,0,1,0,1,0,0,0.43088576197624207,0.43088576197624207,2019-08-13,915.0,0.406
8CH1APUE,1,0,,2025-09-18,,Missed,0,0,0,0,1,0,0.03457343205809593,,2019-06-01,,0.406
8CH1AR5E,0,0,,,,Censored No Alarm,0,0,0,0,0,1,0.0012657539919018745,,2019-05-04,,0.406
8CH1ARHE,1,0,,2023-09-28,,Missed,0,0,0,0,1,0,0.0074307601898908615,,2019-06-01,,0.406
8CH1WBME,1,0,,2024-05-05,,Missed,0,0,0,0,1,0,0.04807450622320175,,2019-05-04,,0.406
8CH1XHUE,0,0,,,,Censored No Alarm,0,0,0,0,0,1,0.0012657539919018745,,2019-05-04,,0.406
8CH4AT4E,0,0,,,,Censored No Alarm,0,0,0,0,0,1,0.0012657539919018745,,2019-05-27,,0.406
8CH4X3TE,1,0,,2022-10-12,,Missed,0,0,0,0,1,0,0.013179006054997444,,2019-05-16,,0.406
8CH4YM4E,1,0,,2023-03-03,,Missed,0,0,0,0,1,0,0.006658915895968676,,2019-05-16,,0.406
8CH4YM6E,1,1,2024-12-04,2025-03-13,99.0,Early,0,1,0,1,0,0,0.7920653223991394,0.7920653223991394,2019-05-16,2029.0,0.406
8CH4YN8E,1,0,,2024-04-09,,Missed,0,0,0,0,1,0,0.01835528388619423,,2019-05-16,,0.406
8CH4Z6UE,0,0,,,,Censored No Alarm,0,0,0,0,0,1,0.0014018213842064142,,2019-05-16,,0.406
8CH5214E,1,0,,2024-02-15,,Missed,0,0,0,0,1,0,0.059594929218292236,,2019-05-16,,0.406
8CH52U5E,0,0,,,,Censored No Alarm,0,0,0,0,0,1,0.0012657539919018745,,2019-05-16,,0.406
8CH5B9LE,0,0,,,,Censored No Alarm,0,0,0,0,0,1,0.0014018213842064142,,2019-05-16,,0.406
8CH5E8EE,1,0,,2023-04-04,,Missed,0,0,0,0,1,0,0.02243114449083805,,2019-05-16,,0.406
8CH5HRYE,1,0,,2024-12-24,,Missed,0,0,0,0,1,0,0.05964843928813934,,2019-05-16,,0.406
8CHRG6JE,0,0,,,,Censored No Alarm,0,0,0,0,0,1,0.0012657539919018745,,2019-11-25,,0.406
8CHU2WSE,0,0,,,,Censored No Alarm,0,0,0,0,0,1,0.0012657539919018745,,2020-06-18,,0.406
8CHU7R9E,1,0,,2024-11-09,,Missed,0,0,0,0,1,0,0.015857426449656487,,2021-05-05,,0.406
8CHUHHXE,0,0,,,,Censored No Alarm,0,0,0,0,0,1,0.18148446083068848,,2020-06-26,,0.406
8CJMA59E,0,0,,,,Censored No Alarm,0,0,0,0,0,1,0.0012456374242901802,,2024-04-02,,0.406
8DG1BB5Y,0,0,,,,Censored No Alarm,0,0,0,0,0,1,0.0012320921523496509,,2024-12-20,,0.406
8DG3MU5D,0,0,,,,Censored No Alarm,0,0,0,0,0,1,0.005071832798421383,,2018-07-12,,0.406
8DG4SAUD,0,0,,,,Censored No Alarm,0,0,0,0,0,1,0.0012657539919018745,,2018-07-12,,0.406
8DG4SAZD,0,0,,,,Censored No Alarm,0,0,0,0,0,1,0.0012657539919018745,,2018-07-12,,0.406
8DG52U7D,0,0,,,,Censored No Alarm,0,0,0,0,0,1,0.0012657539919018745,,2018-07-12,,0.406
8DG52W9D,0,0,,,,Censored No Alarm,0,0,0,0,0,1,0.0012657539919018745,,2018-07-12,,0.406
8DG52WND,0,0,,,,Censored No Alarm,0,0,0,0,0,1,0.0012657539919018745,,2018-07-12,,0.406
8DG6S3UD,1,1,2024-05-09,2024-06-11,33.0,Early,0,1,0,1,0,0,0.942211389541626,0.942211389541626,2018-07-12,2128.0,0.406
8DG88GTY,0,0,,,,Censored No Alarm,0,0,0,0,0,1,0.0012320921523496509,,2025-01-01,,0.406
8DG93TXY,0,0,,,,Censored No Alarm,0,0,0,0,0,1,0.003945912700146437,,2024-04-01,,0.406
8DJE2HWH,0,0,,,,Censored No Alarm,0,0,0,0,0,1,0.0012657539919018745,,2019-01-05,,0.406
8DJEPPSH,0,0,,,,Censored No Alarm,0,0,0,0,0,1,0.0012657539919018745,,2019-01-05,,0.406
8DJEPTWH,0,0,,,,Censored No Alarm,0,0,0,0,0,1,0.0012657539919018745,,2019-01-05,,0.406
8DJEUXLH,0,0,,,,Censored No Alarm,0,0,0,0,0,1,0.1072889044880867,,2019-01-05,,0.406
8DK5NDLH,0,0,,,,Censored No Alarm,0,0,0,0,0,1,0.0012657539919018745,,2020-01-03,,0.406
8DKHU24H,0,0,,,,Censored No Alarm,0,0,0,0,0,1,0.0012657539919018745,,2019-12-29,,0.406
8DKUD8AH,0,0,,,,Censored No Alarm,0,0,0,0,0,1,0.0012657539919018745,,2019-01-05,,0.406
8DKV390H,0,0,,,,Censored No Alarm,0,0,0,0,0,1,0.0012657539919018745,,2019-03-01,,0.406
8HG28M3H,0,0,,,,Censored No Alarm,0,0,0,0,0,1,0.0016787995118647814,,2019-03-01,,0.406
8HG7LGUH,1,1,2025-01-07,2025-06-01,145.0,Early,0,1,0,1,0,0,0.9466779232025146,0.9466779232025146,2019-06-01,2047.0,0.406
8HGBYHPH,0,0,,,,Censored No Alarm,0,0,0,0,0,1,0.0012657539919018745,,2021-10-03,,0.406
8HGNAB0H,0,0,,,,Censored No Alarm,0,0,0,0,0,1,0.0012657539919018745,,2019-03-28,,0.406
8HGZPYVH,0,1,2023-01-22,,,Censored Early,0,0,1,1,0,0,0.7258586883544922,0.7258586883544922,2019-01-05,1478.0,0.406
8HH12ZPH,0,0,,,,Censored No Alarm,0,0,0,0,0,1,0.0014018213842064142,,2018-11-14,,0.406
8HH5JYSH,0,0,,,,Censored No Alarm,0,0,0,0,0,1,0.0014018213842064142,,2018-11-14,,0.406
8HH8BNRH,0,0,,,,Censored No Alarm,0,0,0,0,0,1,0.0012657539919018745,,2019-03-28,,0.406
8HH8P7RH,0,0,,,,Censored No Alarm,0,0,0,0,0,1,0.0012657539919018745,,2019-03-02,,0.406
8HH901KH,0,0,,,,Censored No Alarm,0,0,0,0,0,1,0.0012657539919018745,,2019-03-28,,0.406
8HH9ZRUH,0,0,,,,Censored No Alarm,0,0,0,0,0,1,0.0012657539919018745,,2019-03-01,,0.406
8HHARE1H,1,1,2023-03-05,2023-03-24,19.0,On time,1,0,0,0,0,0,0.8295033574104309,0.8295033574104309,2019-08-13,1300.0,0.406
8HHARGBH,0,0,,,,Censored No Alarm,0,0,0,0,0,1,0.0012657539919018745,,2019-03-02,,0.406
8HHATBKH,0,0,,,,Censored No Alarm,0,0,0,0,0,1,0.0012657539919018745,,2019-03-01,,0.406
8HHJXENH,0,0,,,,Censored No Alarm,0,0,0,0,0,1,0.0012657539919018745,,2019-01-05,,0.406
8HHNHSUH,1,0,,2024-12-06,,Missed,0,0,0,0,1,0,0.16873124241828918,,2019-05-04,,0.406
8HHPUREH,1,0,,2024-05-16,,Missed,0,0,0,0,1,0,0.22937755286693573,,2018-11-14,,0.406
8HHT1P2H,0,0,,,,Censored No Alarm,0,0,0,0,0,1,0.025364067405462265,,2018-11-14,,0.406
8HHTWXYH,0,0,,,,Censored No Alarm,0,0,0,0,0,1,0.0012657539919018745,,2018-11-14,,0.406
8HHZ6MGH,0,0,,,,Censored No Alarm,0,0,0,0,0,1,0.0012657539919018745,,2018-11-14,,0.406
8HJ1NNDH,0,0,,,,Censored No Alarm,0,0,0,0,0,1,0.0014018213842064142,,2018-11-14,,0.406
8HJ6SJAH,0,0,,,,Censored No Alarm,0,0,0,0,0,1,0.0014018213842064142,,2018-11-14,,0.406
8HJ6SJTH,0,0,,,,Censored No Alarm,0,0,0,0,0,1,0.0014018213842064142,,2018-11-14,,0.406
8HJ74BPH,0,0,,,,Censored No Alarm,0,0,0,0,0,1,0.0012657539919018745,,2018-11-14,,0.406
8HJ7UJHH,0,0,,,,Censored No Alarm,0,0,0,0,0,1,0.0014018213842064142,,2018-11-14,,0.406
8HJ7Y9BH,0,0,,,,Censored No Alarm,0,0,0,0,0,1,0.0014018213842064142,,2018-11-14,,0.406
8HJ7Z0DH,0,0,,,,Censored No Alarm,0,0,0,0,0,1,0.0012657539919018745,,2019-05-04,,0.406
8HJ7Z10H,0,0,,,,Censored No Alarm,0,0,0,0,0,1,0.0012657539919018745,,2018-11-14,,0.406
8HJ7Z1MH,0,0,,,,Censored No Alarm,0,0,0,0,0,1,0.0033724941313266754,,2018-11-14,,0.406
8HJ86APH,0,0,,,,Censored No Alarm,0,0,0,0,0,1,0.034218158572912216,,2018-11-14,,0.406
8HJ86NXH,0,0,,,,Censored No Alarm,0,0,0,0,0,1,0.0012657539919018745,,2019-05-04,,0.406
8HJ8LEXH,0,0,,,,Censored No Alarm,0,0,0,0,0,1,0.01897406578063965,,2019-05-04,,0.406
8HJ8LKMH,1,0,,2026-03-14,,Missed,0,0,0,0,1,0,0.048992693424224854,,2018-11-14,,0.406
8HJ91WDH,0,0,,,,Censored No Alarm,0,0,0,0,0,1,0.0012657539919018745,,2019-05-04,,0.406
8HJ94EVH,0,0,,,,Censored No Alarm,0,0,0,0,0,1,0.0012657539919018745,,2018-11-14,,0.406
8HJ9JWTH,0,0,,,,Censored No Alarm,0,0,0,0,0,1,0.0014018213842064142,,2018-11-14,,0.406
8HJ9K7HH,1,0,,2025-01-28,,Missed,0,0,0,0,1,0,0.12835630774497986,,2018-11-14,,0.406
8HJ9KKGH,0,0,,,,Censored No Alarm,0,0,0,0,0,1,0.0012657539919018745,,2019-05-04,,0.406
8HJ9KN1H,0,0,,,,Censored No Alarm,0,0,0,0,0,1,0.0012657539919018745,,2018-11-14,,0.406
8HJ9LS1H,0,0,,,,Censored No Alarm,0,0,0,0,0,1,0.0012657539919018745,,2018-11-14,,0.406
8HJ9M5NH,0,0,,,,Censored No Alarm,0,0,0,0,0,1,0.0012657539919018745,,2018-11-14,,0.406
8HJ9M94H,0,0,,,,Censored No Alarm,0,0,0,0,0,1,0.0012657539919018745,,2018-11-14,,0.406
8HJ9MZBH,0,0,,,,Censored No Alarm,0,0,0,0,0,1,0.0012657539919018745,,2019-05-04,,0.406
8HJ9NHPH,0,0,,,,Censored No Alarm,0,0,0,0,0,1,0.0016668472671881318,,2018-11-14,,0.406
8HJ9NKKH,0,0,,,,Censored No Alarm,0,0,0,0,0,1,0.0012657539919018745,,2018-11-14,,0.406
8HJ9RYSH,0,0,,,,Censored No Alarm,0,0,0,0,0,1,0.0014018213842064142,,2018-11-14,,0.406
8HJ9S05H,0,0,,,,Censored No Alarm,0,0,0,0,0,1,0.0012657539919018745,,2018-11-14,,0.406
8HJ9S0EH,0,0,,,,Censored No Alarm,0,0,0,0,0,1,0.0012657539919018745,,2018-11-14,,0.406
8HJ9Y3ZH,0,0,,,,Censored No Alarm,0,0,0,0,0,1,0.0012657539919018745,,2019-05-04,,0.406
8HJA085H,0,0,,,,Censored No Alarm,0,0,0,0,0,1,0.0014018213842064142,,2018-11-14,,0.406
8HJA2DPH,0,0,,,,Censored No Alarm,0,0,0,0,0,1,0.0018345757853239775,,2018-11-14,,0.406
8HJA8DBH,0,0,,,,Censored No Alarm,0,0,0,0,0,1,0.0012657539919018745,,2018-11-14,,0.406
8HJBNYTH,0,0,,,,Censored No Alarm,0,0,0,0,0,1,0.0823173001408577,,2019-01-05,,0.406
8HJDK12H,0,0,,,,Censored No Alarm,0,0,0,0,0,1,0.0014018213842064142,,2018-11-14,,0.406
8HJDX4PH,0,0,,,,Censored No Alarm,0,0,0,0,0,1,0.003735459176823497,,2018-11-14,,0.406
8HJEY89H,0,0,,,,Censored No Alarm,0,0,0,0,0,1,0.0012657539919018745,,2019-03-01,,0.406
8HJG85RH,0,0,,,,Censored No Alarm,0,0,0,0,0,1,0.0012657539919018745,,2019-03-01,,0.406
8HJGZPXH,0,0,,,,Censored No Alarm,0,0,0,0,0,1,0.0012657539919018745,,2018-11-14,,0.406
8HJH62EH,0,0,,,,Censored No Alarm,0,0,0,0,0,1,0.0012657539919018745,,2018-11-14,,0.406
8HJH8RWH,0,0,,,,Censored No Alarm,0,0,0,0,0,1,0.0014018213842064142,,2019-03-01,,0.406
8HJK2HSH,0,0,,,,Censored No Alarm,0,0,0,0,0,1,0.011034646071493626,,2018-11-14,,0.406
8HJLKZRH,0,0,,,,Censored No Alarm,0,0,0,0,0,1,0.0014018213842064142,,2018-11-14,,0.406
8HJRD7PH,0,0,,,,Censored No Alarm,0,0,0,0,0,1,0.0023215904366225004,,2019-03-01,,0.406
8HJRUMWH,0,0,,,,Censored No Alarm,0,0,0,0,0,1,0.0018815213115885854,,2018-11-14,,0.406
8HJRVW4H,0,0,,,,Censored No Alarm,0,0,0,0,0,1,0.0014018213842064142,,2018-11-14,,0.406
8HJUGTVH,0,0,,,,Censored No Alarm,0,0,0,0,0,1,0.08926916122436523,,2018-11-14,,0.406
8HJVJKPH,0,0,,,,Censored No Alarm,0,0,0,0,0,1,0.0019220364047214389,,2018-11-14,,0.406
8HJVUAGH,0,0,,,,Censored No Alarm,0,0,0,0,0,1,0.0014018213842064142,,2018-11-14,,0.406
8HJWBJXH,0,0,,,,Censored No Alarm,0,0,0,0,0,1,0.0016668472671881318,,2018-11-14,,0.406
8HJWHD6H,0,0,,,,Censored No Alarm,0,0,0,0,0,1,0.0012954132398590446,,2018-11-14,,0.406
8HJWHEJH,0,0,,,,Censored No Alarm,0,0,0,0,0,1,0.004985632374882698,,2019-03-28,,0.406
8HJXG0WH,1,0,,2022-05-01,,Missed,0,0,0,0,1,0,0.005597282666712999,,2018-11-14,,0.406
8HJXKBDH,0,0,,,,Censored No Alarm,0,0,0,0,0,1,0.0012657539919018745,,2019-03-01,,0.406
8HJXU87H,0,0,,,,Censored No Alarm,0,0,0,0,0,1,0.03365257382392883,,2018-11-14,,0.406
8HJY20MH,0,0,,,,Censored No Alarm,0,0,0,0,0,1,0.0014018213842064142,,2018-11-14,,0.406
8HJYTXWH,0,0,,,,Censored No Alarm,0,0,0,0,0,1,0.0012657539919018745,,2018-11-14,,0.406
8HJYU0JH,0,0,,,,Censored No Alarm,0,0,0,0,0,1,0.0016718520782887936,,2018-11-14,,0.406
8HJYZNZH,0,0,,,,Censored No Alarm,0,0,0,0,0,1,0.0014018213842064142,,2018-11-14,,0.406
8HJZ13TH,0,0,,,,Censored No Alarm,0,0,0,0,0,1,0.0012657539919018745,,2018-11-14,,0.406
8HJZADEH,0,0,,,,Censored No Alarm,0,0,0,0,0,1,0.0014018213842064142,,2018-11-14,,0.406
8HJZEG6H,1,0,,2023-11-17,,Missed,0,0,0,0,1,0,0.04915064200758934,,2018-11-14,,0.406
8HJZG4AH,0,0,,,,Censored No Alarm,0,0,0,0,0,1,0.0014018213842064142,,2018-11-14,,0.406
8HJZNVWH,0,0,,,,Censored No Alarm,0,0,0,0,0,1,0.0016718520782887936,,2018-11-14,,0.406
8HK087WH,0,0,,,,Censored No Alarm,0,0,0,0,0,1,0.03868730738759041,,2018-11-14,,0.406
8HK0HH3H,0,0,,,,Censored No Alarm,0,0,0,0,0,1,0.0012657539919018745,,2018-11-14,,0.406
8HK12NNH,0,0,,,,Censored No Alarm,0,0,0,0,0,1,0.0012657539919018745,,2018-11-14,,0.406
8HK17SKH,0,0,,,,Censored No Alarm,0,0,0,0,0,1,0.017528843134641647,,2018-11-14,,0.406
8HK17SWH,0,0,,,,Censored No Alarm,0,0,0,0,0,1,0.0012657539919018745,,2018-11-14,,0.406
8HK17SYH,0,0,,,,Censored No Alarm,0,0,0,0,0,1,0.06352339684963226,,2018-11-14,,0.406
8HK19K9H,0,0,,,,Censored No Alarm,0,0,0,0,0,1,0.0012657539919018745,,2018-11-14,,0.406
8HK19KVH,0,0,,,,Censored No Alarm,0,0,0,0,0,1,0.0012657539919018745,,2018-11-14,,0.406
8HK1KY3H,0,0,,,,Censored No Alarm,0,0,0,0,0,1,0.0015382921556010842,,2018-11-14,,0.406
8HK1LYPH,0,0,,,,Censored No Alarm,0,0,0,0,0,1,0.0014018213842064142,,2018-11-14,,0.406
8HK1N18H,0,0,,,,Censored No Alarm,0,0,0,0,0,1,0.0014018213842064142,,2018-11-14,,0.406
8HK1PV7H,0,0,,,,Censored No Alarm,0,0,0,0,0,1,0.0014018213842064142,,2018-11-14,,0.406
8HK1UULH,0,0,,,,Censored No Alarm,0,0,0,0,0,1,0.001866486039943993,,2018-11-14,,0.406
8HK1XAAH,1,0,,2021-10-24,,Missed,0,0,0,0,1,0,0.0012545729987323284,,2018-11-14,,0.406
8HK224GH,0,0,,,,Censored No Alarm,0,0,0,0,0,1,0.0012657539919018745,,2018-11-14,,0.406
8HK25XSH,0,0,,,,Censored No Alarm,0,0,0,0,0,1,0.0014018213842064142,,2018-11-14,,0.406
8HK266WH,0,0,,,,Censored No Alarm,0,0,0,0,0,1,0.009782989509403706,,2018-11-14,,0.406
8HK28TJH,0,0,,,,Censored No Alarm,0,0,0,0,0,1,0.001708005671389401,,2018-11-14,,0.406
8HK28Y0H,0,0,,,,Censored No Alarm,0,0,0,0,0,1,0.0012657539919018745,,2018-11-14,,0.406
8HK2A1EH,0,0,,,,Censored No Alarm,0,0,0,0,0,1,0.0012657539919018745,,2019-06-01,,0.406
8HK2BA6H,0,0,,,,Censored No Alarm,0,0,0,0,0,1,0.0012657539919018745,,2018-11-14,,0.406
8HK2BAEH,0,0,,,,Censored No Alarm,0,0,0,0,0,1,0.0012657539919018745,,2018-11-14,,0.406
8HK2DVKH,0,0,,,,Censored No Alarm,0,0,0,0,0,1,0.0012657539919018745,,2018-11-14,,0.406
8HK2JXUH,0,0,,,,Censored No Alarm,0,0,0,0,0,1,0.0012657539919018745,,2019-03-28,,0.406
8HK2KY6H,0,0,,,,Censored No Alarm,0,0,0,0,0,1,0.0012657539919018745,,2018-11-14,,0.406
8HK2MXPH,0,0,,,,Censored No Alarm,0,0,0,0,0,1,0.0014018213842064142,,2018-11-14,,0.406
8HK2RMWH,0,0,,,,Censored No Alarm,0,0,0,0,0,1,0.007014694157987833,,2018-11-14,,0.406
8HK2RNWH,0,0,,,,Censored No Alarm,0,0,0,0,0,1,0.0012657539919018745,,2018-11-14,,0.406
8HK2RP9H,0,0,,,,Censored No Alarm,0,0,0,0,0,1,0.001866486039943993,,2018-11-14,,0.406
8HK2VLMH,0,0,,,,Censored No Alarm,0,0,0,0,0,1,0.0014018213842064142,,2018-11-14,,0.406
8HK2X4YH,0,0,,,,Censored No Alarm,0,0,0,0,0,1,0.0012657539919018745,,2018-11-14,,0.406
8HK2ZPDH,0,0,,,,Censored No Alarm,0,0,0,0,0,1,0.0012657539919018745,,2019-05-04,,0.406
8HK2ZT1H,0,0,,,,Censored No Alarm,0,0,0,0,0,1,0.0014018213842064142,,2018-11-14,,0.406
8HK31WMH,0,0,,,,Censored No Alarm,0,0,0,0,0,1,0.0012657539919018745,,2019-05-04,,0.406
8HK31Y8H,0,0,,,,Censored No Alarm,0,0,0,0,0,1,0.0027989461086690426,,2018-11-14,,0.406
8HK341ZH,0,0,,,,Censored No Alarm,0,0,0,0,0,1,0.0014018213842064142,,2018-11-14,,0.406
8HK34EZH,0,0,,,,Censored No Alarm,0,0,0,0,0,1,0.0012657539919018745,,2018-11-14,,0.406
8HK3BWZH,0,0,,,,Censored No Alarm,0,0,0,0,0,1,0.0014018213842064142,,2018-11-14,,0.406
8HK3GTLH,0,0,,,,Censored No Alarm,0,0,0,0,0,1,0.007014694157987833,,2018-11-14,,0.406
8HK3GUXH,0,0,,,,Censored No Alarm,0,0,0,0,0,1,0.0012657539919018745,,2018-11-14,,0.406
8HK3MMSH,0,0,,,,Censored No Alarm,0,0,0,0,0,1,0.0012657539919018745,,2018-11-14,,0.406
8HK3NG2H,0,0,,,,Censored No Alarm,0,0,0,0,0,1,0.0024920578580349684,,2018-11-14,,0.406
8HK3NJMH,0,0,,,,Censored No Alarm,0,0,0,0,0,1,0.0012657539919018745,,2018-11-14,,0.406
8HK41HEH,0,0,,,,Censored No Alarm,0,0,0,0,0,1,0.0016787995118647814,,2018-11-14,,0.406
8HK69BMH,0,0,,,,Censored No Alarm,0,0,0,0,0,1,0.002078813035041094,,2019-03-01,,0.406
8HK6T2AH,0,0,,,,Censored No Alarm,0,0,0,0,0,1,0.0020653915125876665,,2018-11-14,,0.406
8HK6TL7H,0,0,,,,Censored No Alarm,0,0,0,0,0,1,0.0012657539919018745,,2018-11-14,,0.406
8HK6UUDH,0,0,,,,Censored No Alarm,0,0,0,0,0,1,0.0012657539919018745,,2019-03-28,,0.406
8HK6V14H,0,0,,,,Censored No Alarm,0,0,0,0,0,1,0.0014018213842064142,,2018-11-14,,0.406
8HK6VSKH,1,1,2024-02-29,2024-03-10,10.0,On time,1,0,0,0,0,0,0.9426716566085815,0.9286361336708069,2018-11-14,1933.0,0.406
8HK70X7H,0,0,,,,Censored No Alarm,0,0,0,0,0,1,0.0014018213842064142,,2018-11-14,,0.406
8HK7194H,0,0,,,,Censored No Alarm,0,0,0,0,0,1,0.001866486039943993,,2018-11-14,,0.406
8HK72J0H,0,0,,,,Censored No Alarm,0,0,0,0,0,1,0.0014018213842064142,,2018-11-14,,0.406
8HK7DKMH,0,0,,,,Censored No Alarm,0,0,0,0,0,1,0.0012657539919018745,,2019-03-02,,0.406
8HK7E5DH,0,0,,,,Censored No Alarm,0,0,0,0,0,1,0.0014018213842064142,,2018-11-14,,0.406
8HK7E68H,0,0,,,,Censored No Alarm,0,0,0,0,0,1,0.0012657539919018745,,2018-11-14,,0.406
8HK7H58H,0,0,,,,Censored No Alarm,0,0,0,0,0,1,0.0014018213842064142,,2018-11-14,,0.406
8HK80P1H,0,0,,,,Censored No Alarm,0,0,0,0,0,1,0.007323148660361767,,2019-01-05,,0.406
8HKB2WEH,0,0,,,,Censored No Alarm,0,0,0,0,0,1,0.018998222425580025,,2019-01-05,,0.406
8HKB3M2H,0,0,,,,Censored No Alarm,0,0,0,0,0,1,0.0012657539919018745,,2019-01-05,,0.406
8HKB4R4H,0,0,,,,Censored No Alarm,0,0,0,0,0,1,0.0012657539919018745,,2019-05-04,,0.406
8HKBBKKH,0,0,,,,Censored No Alarm,0,0,0,0,0,1,0.009670836851000786,,2018-11-14,,0.406
8HKBYNVH,0,0,,,,Censored No Alarm,0,0,0,0,0,1,0.0012657539919018745,,2019-05-04,,0.406
8HKE039H,0,0,,,,Censored No Alarm,0,0,0,0,0,1,0.008007693104445934,,2018-11-14,,0.406
8HKE6E1H,0,0,,,,Censored No Alarm,0,0,0,0,0,1,0.0012657539919018745,,2019-01-05,,0.406
8HKE8S7H,0,1,2025-11-09,,,Censored Early,0,0,1,1,0,0,0.46706515550613403,0.46706515550613403,2019-01-05,2500.0,0.406
8HKEAWEH,0,0,,,,Censored No Alarm,0,0,0,0,0,1,0.0018815213115885854,,2019-06-01,,0.406
8HKEKYRH,0,0,,,,Censored No Alarm,0,0,0,0,0,1,0.0012657539919018745,,2019-06-01,,0.406
8HKG0GWH,0,0,,,,Censored No Alarm,0,0,0,0,0,1,0.0012657539919018745,,2019-01-05,,0.406
8HKHPZHH,0,0,,,,Censored No Alarm,0,0,0,0,0,1,0.0012657539919018745,,2019-06-01,,0.406
8HKJ4MAH,0,0,,,,Censored No Alarm,0,0,0,0,0,1,0.0012657539919018745,,2019-03-01,,0.406
8HKJ5KDH,1,0,,2025-06-29,,Missed,0,0,0,0,1,0,0.0012657539919018745,,2018-11-14,,0.406
8HKL6STH,0,0,,,,Censored No Alarm,0,0,0,0,0,1,0.0014018213842064142,,2019-03-02,,0.406
8HKLRUSH,0,0,,,,Censored No Alarm,0,0,0,0,0,1,0.4051866829395294,,2019-03-01,,0.406
8HKM415H,0,0,,,,Censored No Alarm,0,0,0,0,0,1,0.0012657539919018745,,2019-03-01,,0.406
8HKM5RVH,0,0,,,,Censored No Alarm,0,0,0,0,0,1,0.0012657539919018745,,2019-03-28,,0.406
8HKM654H,0,0,,,,Censored No Alarm,0,0,0,0,0,1,0.0018577397568151355,,2019-03-28,,0.406
8HKM9Z1H,0,0,,,,Censored No Alarm,0,0,0,0,0,1,0.0012657539919018745,,2019-03-28,,0.406
8HKMR21H,1,1,2020-09-02,2020-09-02,0.0,On time,1,0,0,0,0,0,0.5653532147407532,0.5653532147407532,2019-03-28,524.0,0.406
8HKNMW1H,0,0,,,,Censored No Alarm,0,0,0,0,0,1,0.0012657539919018745,,2019-05-04,,0.406
8HKNN28H,0,0,,,,Censored No Alarm,0,0,0,0,0,1,0.015109901316463947,,2019-06-01,,0.406
8HKPM7RH,0,0,,,,Censored No Alarm,0,0,0,0,0,1,0.0012657539919018745,,2019-03-02,,0.406
8HKPZY9H,1,0,,2024-08-13,,Missed,0,0,0,0,1,0,0.04449233040213585,,2019-03-28,,0.406
8HKRER2H,0,0,,,,Censored No Alarm,0,0,0,0,0,1,0.0027989461086690426,,2019-06-01,,0.406
8HKS4X3H,0,0,,,,Censored No Alarm,0,0,0,0,0,1,0.06536747515201569,,2019-03-02,,0.406
8HKTBA3H,1,0,,2024-09-22,,Missed,0,0,0,0,1,0,0.053105976432561874,,2019-03-01,,0.406
8HKTE54H,0,0,,,,Censored No Alarm,0,0,0,0,0,1,0.0012657539919018745,,2019-03-01,,0.406
8HKTH2SH,1,0,,2023-11-27,,Missed,0,0,0,0,1,0,0.024160277098417282,,2019-03-01,,0.406
8HKTK0XH,0,0,,,,Censored No Alarm,0,0,0,0,0,1,0.0012657539919018745,,2019-01-05,,0.406
8HKU0DXH,0,0,,,,Censored No Alarm,0,0,0,0,0,1,0.0014018213842064142,,2019-03-01,,0.406
8HKU3YTH,1,0,,2024-07-13,,Missed,0,0,0,0,1,0,0.23476137220859528,,2019-03-01,,0.406
8HKU4WXH,0,0,,,,Censored No Alarm,0,0,0,0,0,1,0.018998222425580025,,2019-01-05,,0.406
8HKUEJHH,1,0,,2025-04-25,,Missed,0,0,0,0,1,0,0.0033245414961129427,,2019-03-28,,0.406
8HKVW60H,0,0,,,,Censored No Alarm,0,0,0,0,0,1,0.0018345757853239775,,2019-03-28,,0.406
8HKW4NPH,0,0,,,,Censored No Alarm,0,0,0,0,0,1,0.0012657539919018745,,2019-06-01,,0.406
8HKWV1GH,0,0,,,,Censored No Alarm,0,0,0,0,0,1,0.0012657539919018745,,2019-01-05,,0.406
8HKWXJYH,0,0,,,,Censored No Alarm,0,0,0,0,0,1,0.0012657539919018745,,2019-03-28,,0.406
8HKY0KHH,1,0,,2024-05-14,,Missed,0,0,0,0,1,0,0.09600172936916351,,2019-03-01,,0.406
8HKY66PH,0,0,,,,Censored No Alarm,0,0,0,0,0,1,0.0014018213842064142,,2019-03-01,,0.406
8HKYJ38H,0,0,,,,Censored No Alarm,0,0,0,0,0,1,0.0012657539919018745,,2019-03-28,,0.406
8HKYZ6YH,0,0,,,,Censored No Alarm,0,0,0,0,0,1,0.0012657539919018745,,2019-03-28,,0.406
8HKZ213H,0,0,,,,Censored No Alarm,0,0,0,0,0,1,0.0018345757853239775,,2019-01-05,,0.406
8HKZDBRH,0,0,,,,Censored No Alarm,0,0,0,0,0,1,0.0012657539919018745,,2019-06-01,,0.406
8HKZL75H,0,0,,,,Censored No Alarm,0,0,0,0,0,1,0.012185737490653992,,2019-05-04,,0.406
AAG0EXPH,0,0,,,,Censored No Alarm,0,0,0,0,0,1,0.0012657539919018745,,2019-01-05,,0.406
AAG0LHRH,0,0,,,,Censored No Alarm,0,0,0,0,0,1,0.0012657539919018745,,2019-01-05,,0.406
AAG121VH,0,0,,,,Censored No Alarm,0,0,0,0,0,1,0.0033724941313266754,,2019-03-01,,0.406
AAG16VPH,0,0,,,,Censored No Alarm,0,0,0,0,0,1,0.0012657539919018745,,2019-01-05,,0.406
AAG18L0H,0,0,,,,Censored No Alarm,0,0,0,0,0,1,0.0012657539919018745,,2019-03-28,,0.406
AAG18MEH,0,0,,,,Censored No Alarm,0,0,0,0,0,1,0.0020300864707678556,,2019-03-01,,0.406
AAG197UH,0,0,,,,Censored No Alarm,0,0,0,0,0,1,0.0012657539919018745,,2019-06-01,,0.406
AAG1LSNH,1,0,,2025-07-30,,Missed,0,0,0,0,1,0,0.01757311262190342,,2019-01-05,,0.406
AAG1LSVH,0,0,,,,Censored No Alarm,0,0,0,0,0,1,0.0033724941313266754,,2019-01-05,,0.406
AAG1LW3H,1,0,,2024-09-03,,Missed,0,0,0,0,1,0,0.1711963266134262,,2019-01-05,,0.406
AAG1PLVH,0,0,,,,Censored No Alarm,0,0,0,0,0,1,0.0012657539919018745,,2019-03-28,,0.406
AAG1PM9H,0,0,,,,Censored No Alarm,0,0,0,0,0,1,0.0012657539919018745,,2019-03-28,,0.406
AAG1RJAH,0,0,,,,Censored No Alarm,0,0,0,0,0,1,0.0397152416408062,,2019-03-28,,0.406
AAG1RK5H,0,0,,,,Censored No Alarm,0,0,0,0,0,1,0.0012657539919018745,,2019-01-05,,0.406
AAG1RR9H,0,0,,,,Censored No Alarm,0,0,0,0,0,1,0.0012657539919018745,,2019-03-28,,0.406
AAG1RUJH,0,0,,,,Censored No Alarm,0,0,0,0,0,1,0.0012657539919018745,,2019-03-28,,0.406
AAG1TGGH,0,0,,,,Censored No Alarm,0,0,0,0,0,1,0.0012657539919018745,,2019-01-05,,0.406
AAG1VJYH,0,0,,,,Censored No Alarm,0,0,0,0,0,1,0.0012657539919018745,,2019-03-28,,0.406
AAG1VNPH,0,0,,,,Censored No Alarm,0,0,0,0,0,1,0.0012657539919018745,,2019-01-05,,0.406
AAG1Z4AH,0,0,,,,Censored No Alarm,0,0,0,0,0,1,0.006888192612677813,,2019-08-13,,0.406
AAG23A2H,0,1,2025-02-02,,,Censored Early,0,0,1,1,0,0,0.9004483819007874,0.731829047203064,2019-01-05,2220.0,0.406
AAG23AKH,0,0,,,,Censored No Alarm,0,0,0,0,0,1,0.0012657539919018745,,2019-01-05,,0.406
AAG23AVH,0,0,,,,Censored No Alarm,0,0,0,0,0,1,0.0012657539919018745,,2019-03-28,,0.406
AAG246TH,0,0,,,,Censored No Alarm,0,0,0,0,0,1,0.0012657539919018745,,2019-06-01,,0.406
AAG24UVH,0,0,,,,Censored No Alarm,0,0,0,0,0,1,0.0012657539919018745,,2019-01-05,,0.406
AAG24VXH,0,0,,,,Censored No Alarm,0,0,0,0,0,1,0.0012657539919018745,,2019-01-05,,0.406
AAG26NBH,1,0,,2023-10-19,,Missed,0,0,0,0,1,0,0.05921798199415207,,2019-03-28,,0.406
AAG26TPH,0,0,,,,Censored No Alarm,0,0,0,0,0,1,0.4051866829395294,,2019-03-28,,0.406
AAG26U9H,1,0,,2023-01-26,,Missed,0,0,0,0,1,0,0.03440764173865318,,2019-06-01,,0.406
AAG27VEH,0,0,,,,Censored No Alarm,0,0,0,0,0,1,0.0012657539919018745,,2019-03-28,,0.406
AAG27W2H,0,0,,,,Censored No Alarm,0,0,0,0,0,1,0.0012657539919018745,,2019-03-01,,0.406
AAG27XPH,1,0,,2025-10-06,,Missed,0,0,0,0,1,0,0.007216429803520441,,2019-03-28,,0.406
AAG27ZLH,0,0,,,,Censored No Alarm,0,0,0,0,0,1,0.0012657539919018745,,2019-03-28,,0.406
AAG281TH,1,0,,2024-07-25,,Missed,0,0,0,0,1,0,0.03868730738759041,,2019-01-05,,0.406
AAG2GGJH,0,0,,,,Censored No Alarm,0,0,0,0,0,1,0.0018815213115885854,,2019-06-01,,0.406
AAG2JGJH,1,0,,2026-02-10,,Missed,0,0,0,0,1,0,0.009230496361851692,,2019-06-01,,0.406
AAG2JL4H,0,0,,,,Censored No Alarm,0,0,0,0,0,1,0.0012657539919018745,,2019-01-05,,0.406
AAG2RZJH,0,0,,,,Censored No Alarm,0,0,0,0,0,1,0.0014018213842064142,,2019-03-28,,0.406
AAG2S62H,0,0,,,,Censored No Alarm,0,0,0,0,0,1,0.0012657539919018745,,2019-03-28,,0.406
AAG2S9YH,0,0,,,,Censored No Alarm,0,0,0,0,0,1,0.0017240765737369657,,2019-06-01,,0.406
AAG2SAYH,0,0,,,,Censored No Alarm,0,0,0,0,0,1,0.0012657539919018745,,2019-08-14,,0.406
AAG2SJ3H,0,0,,,,Censored No Alarm,0,0,0,0,0,1,0.0012657539919018745,,2019-08-13,,0.406
AAG2VSVH,0,0,,,,Censored No Alarm,0,0,0,0,0,1,0.0012657539919018745,,2019-03-28,,0.406
AAG2Y6JH,0,0,,,,Censored No Alarm,0,0,0,0,0,1,0.0015521433670073748,,2019-03-28,,0.406
AAG2Z67H,0,0,,,,Censored No Alarm,0,0,0,0,0,1,0.001586872385814786,,2019-06-01,,0.406
AAG2ZU1H,0,0,,,,Censored No Alarm,0,0,0,0,0,1,0.0012657539919018745,,2019-06-01,,0.406
AAG305AH,0,0,,,,Censored No Alarm,0,0,0,0,0,1,0.0012657539919018745,,2019-06-01,,0.406
AAG306GH,0,0,,,,Censored No Alarm,0,0,0,0,0,1,0.009782989509403706,,2019-01-05,,0.406
AAG34Z4H,0,0,,,,Censored No Alarm,0,0,0,0,0,1,0.0012657539919018745,,2019-01-05,,0.406
AAG350BH,0,0,,,,Censored No Alarm,0,0,0,0,0,1,0.01148642785847187,,2019-03-28,,0.406
AAG350TH,0,0,,,,Censored No Alarm,0,0,0,0,0,1,0.0018577397568151355,,2019-03-28,,0.406
AAG3512H,0,0,,,,Censored No Alarm,0,0,0,0,0,1,0.0012657539919018745,,2019-03-28,,0.406
AAG352AH,0,0,,,,Censored No Alarm,0,0,0,0,0,1,0.0012657539919018745,,2019-06-01,,0.406
AAG353EH,0,0,,,,Censored No Alarm,0,0,0,0,0,1,0.0012657539919018745,,2019-01-05,,0.406
AAG35LWH,0,1,2024-12-20,,,Censored Early,0,0,1,1,0,0,0.9004483819007874,0.9004483819007874,2019-01-05,2176.0,0.406
AAG401PH,0,0,,,,Censored No Alarm,0,0,0,0,0,1,0.0012657539919018745,,2019-01-05,,0.406
AAG46YHH,0,0,,,,Censored No Alarm,0,0,0,0,0,1,0.0012657539919018745,,2019-03-28,,0.406
AAG477BH,0,0,,,,Censored No Alarm,0,0,0,0,0,1,0.0012657539919018745,,2019-01-05,,0.406
AAG478DH,0,0,,,,Censored No Alarm,0,0,0,0,0,1,0.0012657539919018745,,2019-03-28,,0.406
AAG48B3H,0,0,,,,Censored No Alarm,0,0,0,0,0,1,0.0014018213842064142,,2019-03-02,,0.406
AAG4AA9H,0,0,,,,Censored No Alarm,0,0,0,0,0,1,0.018710101023316383,,2019-03-01,,0.406
AAG4VESH,0,1,2024-05-06,,,Censored Early,0,0,1,1,0,0,0.9195474982261658,0.7258586883544922,2019-03-01,1893.0,0.406
AAG4Z4YH,0,0,,,,Censored No Alarm,0,0,0,0,0,1,0.004443843383342028,,2019-03-01,,0.406
AAG4Z52H,0,0,,,,Censored No Alarm,0,0,0,0,0,1,0.0014018213842064142,,2019-03-02,,0.406
AAG4Z5AH,1,1,2025-01-14,2025-03-14,59.0,Early,0,1,0,1,0,0,0.7258586883544922,0.7258586883544922,2019-01-05,2201.0,0.406
AAG4ZABH,0,0,,,,Censored No Alarm,0,0,0,0,0,1,0.0014018213842064142,,2019-03-01,,0.406
AAG51RHH,0,0,,,,Censored No Alarm,0,0,0,0,0,1,0.0012657539919018745,,2019-01-05,,0.406
AAG540GH,0,0,,,,Censored No Alarm,0,0,0,0,0,1,0.0012657539919018745,,2019-03-28,,0.406
AAG5DTTH,0,0,,,,Censored No Alarm,0,0,0,0,0,1,0.0018723238026723266,,2019-03-28,,0.406
AAG5Y4DH,0,0,,,,Censored No Alarm,0,0,0,0,0,1,0.005513899959623814,,2019-01-05,,0.406
AAG5Y4LH,0,0,,,,Censored No Alarm,0,0,0,0,0,1,0.010654340498149395,,2019-01-05,,0.406
AAG5Y4TH,0,0,,,,Censored No Alarm,0,0,0,0,0,1,0.008255524560809135,,2019-01-05,,0.406
AAG5Y4UH,0,0,,,,Censored No Alarm,0,0,0,0,0,1,0.0012657539919018745,,2019-01-05,,0.406
AAG5Y5UH,0,0,,,,Censored No Alarm,0,0,0,0,0,1,0.01604466326534748,,2019-01-05,,0.406
AAG5YJ4H,0,0,,,,Censored No Alarm,0,0,0,0,0,1,0.003886449383571744,,2019-03-28,,0.406
AAG5YLKH,0,0,,,,Censored No Alarm,0,0,0,0,0,1,0.0014018213842064142,,2019-03-01,,0.406
AAG5YYBH,0,0,,,,Censored No Alarm,0,0,0,0,0,1,0.0014018213842064142,,2019-01-05,,0.406
AAG5YYKH,1,1,2025-02-13,2025-09-30,229.0,Early,0,1,0,1,0,0,0.7258586883544922,0.7258586883544922,2019-01-05,2231.0,0.406
AAG5YZ8H,0,0,,,,Censored No Alarm,0,0,0,0,0,1,0.0012519903248175979,,2019-03-28,,0.406
AAG5YZZH,1,0,,2025-07-30,,Missed,0,0,0,0,1,0,0.025627855211496353,,2019-03-02,,0.406
AAG613MH,0,0,,,,Censored No Alarm,0,0,0,0,0,1,0.0012657539919018745,,2019-01-05,,0.406
AAG613RH,1,0,,2025-06-06,,Missed,0,0,0,0,1,0,0.0030527214985340834,,2019-01-05,,0.406
AAG61KPH,0,0,,,,Censored No Alarm,0,0,0,0,0,1,0.0015521433670073748,,2019-03-28,,0.406
AAG61LHH,1,1,2022-08-26,2024-05-17,630.0,Early,0,1,0,1,0,0,0.9166050553321838,0.9166050553321838,2019-03-01,1274.0,0.406
AAG61NEH,0,0,,,,Censored No Alarm,0,0,0,0,0,1,0.0014018213842064142,,2019-01-05,,0.406
AAG61NZH,0,0,,,,Censored No Alarm,0,0,0,0,0,1,0.015186409465968609,,2019-03-28,,0.406
AAG61P2H,0,0,,,,Censored No Alarm,0,0,0,0,0,1,0.0015382921556010842,,2019-03-01,,0.406
AAG61UMH,0,0,,,,Censored No Alarm,0,0,0,0,0,1,0.008255524560809135,,2019-01-05,,0.406
AAG61WRH,0,0,,,,Censored No Alarm,0,0,0,0,0,1,0.0012657539919018745,,2019-03-01,,0.406
AAG61Z1H,0,0,,,,Censored No Alarm,0,0,0,0,0,1,0.0012657539919018745,,2019-01-05,,0.406
AAG61ZAH,0,0,,,,Censored No Alarm,0,0,0,0,0,1,0.0014018213842064142,,2019-03-01,,0.406
AAG620PH,0,0,,,,Censored No Alarm,0,0,0,0,0,1,0.0012657539919018745,,2019-03-28,,0.406
AAG621WH,0,0,,,,Censored No Alarm,0,0,0,0,0,1,0.0012657539919018745,,2019-01-05,,0.406
AAG623DH,0,0,,,,Censored No Alarm,0,0,0,0,0,1,0.0012657539919018745,,2019-01-05,,0.406
AAG6376H,0,0,,,,Censored No Alarm,0,0,0,0,0,1,0.007261478807777166,,2019-03-28,,0.406
AAG637RH,1,0,,2022-05-21,,Missed,0,0,0,0,1,0,0.0012320921523496509,,2019-01-05,,0.406
AAG6381H,0,0,,,,Censored No Alarm,0,0,0,0,0,1,0.0015382921556010842,,2019-01-05,,0.406
AAG638GH,0,0,,,,Censored No Alarm,0,0,0,0,0,1,0.0012657539919018745,,2019-01-05,,0.406
AAG639BH,0,0,,,,Censored No Alarm,0,0,0,0,0,1,0.006700831465423107,,2019-01-05,,0.406
AAG63DLH,0,0,,,,Censored No Alarm,0,0,0,0,0,1,0.0014018213842064142,,2019-03-28,,0.406
AAG63JSH,0,0,,,,Censored No Alarm,0,0,0,0,0,1,0.0014018213842064142,,2019-03-02,,0.406
AAG63PJH,0,0,,,,Censored No Alarm,0,0,0,0,0,1,0.0012657539919018745,,2019-03-28,,0.406
AAG63PKH,1,0,,2022-05-22,,Missed,0,0,0,0,1,0,0.0014018213842064142,,2019-03-01,,0.406
AAG63PLH,0,0,,,,Censored No Alarm,0,0,0,0,0,1,0.0012657539919018745,,2019-03-01,,0.406
AAG63RGH,0,0,,,,Censored No Alarm,0,0,0,0,0,1,0.0012657539919018745,,2019-03-01,,0.406
AAG63TMH,1,1,2024-09-01,2025-09-02,366.0,Early,0,1,0,1,0,0,0.48296958208084106,0.43088576197624207,2019-03-02,2010.0,0.406
AAG63TSH,0,0,,,,Censored No Alarm,0,0,0,0,0,1,0.0012657539919018745,,2019-03-28,,0.406
AAG63V6H,0,0,,,,Censored No Alarm,0,0,0,0,0,1,0.012582140974700451,,2019-03-28,,0.406
AAG63WHH,1,0,,2025-11-30,,Missed,0,0,0,0,1,0,0.16341140866279602,,2019-01-05,,0.406
AAG63Z8H,1,1,2025-09-24,2025-09-28,4.0,On time,1,0,0,0,0,0,0.43088576197624207,0.43088576197624207,2019-03-01,2399.0,0.406
AAG6417H,1,0,,2024-06-06,,Missed,0,0,0,0,1,0,0.054310545325279236,,2019-03-01,,0.406
AAG6436H,0,0,,,,Censored No Alarm,0,0,0,0,0,1,0.0012657539919018745,,2019-06-01,,0.406
AAG64VXH,0,0,,,,Censored No Alarm,0,0,0,0,0,1,0.01332304161041975,,2019-01-05,,0.406
AAG6509H,0,0,,,,Censored No Alarm,0,0,0,0,0,1,0.0012519903248175979,,2019-03-28,,0.406
AAG67UZH,0,0,,,,Censored No Alarm,0,0,0,0,0,1,0.007014694157987833,,2019-03-28,,0.406
AAG67V3H,1,1,2024-09-05,2025-06-20,288.0,Early,0,1,0,1,0,0,0.9149016737937927,0.9149016737937927,2019-03-01,2015.0,0.406
AAG67VBH,0,0,,,,Censored No Alarm,0,0,0,0,0,1,0.0028416162822395563,,2019-03-28,,0.406
AAG67W3H,0,0,,,,Censored No Alarm,0,0,0,0,0,1,0.0012657539919018745,,2019-03-01,,0.406
AAG67Z8H,0,0,,,,Censored No Alarm,0,0,0,0,0,1,0.0012657539919018745,,2019-06-01,,0.406
AAG682YH,1,1,2024-06-11,2024-07-04,23.0,On time,1,0,0,0,0,0,0.7258586883544922,0.7258586883544922,2019-03-28,1902.0,0.406
AAG683JH,0,0,,,,Censored No Alarm,0,0,0,0,0,1,0.0012657539919018745,,2019-03-01,,0.406
AAG686GH,0,0,,,,Censored No Alarm,0,0,0,0,0,1,0.0012657539919018745,,2019-03-02,,0.406
AAG6870H,0,0,,,,Censored No Alarm,0,0,0,0,0,1,0.004194255918264389,,2019-01-05,,0.406
AAG6878H,0,0,,,,Censored No Alarm,0,0,0,0,0,1,0.0012657539919018745,,2019-01-05,,0.406
AAG687GH,0,0,,,,Censored No Alarm,0,0,0,0,0,1,0.0014018213842064142,,2019-03-01,,0.406
AAG687MH,0,0,,,,Censored No Alarm,0,0,0,0,0,1,0.0012657539919018745,,2019-03-28,,0.406
AAG68AGH,0,0,,,,Censored No Alarm,0,0,0,0,0,1,0.0012519903248175979,,2019-06-01,,0.406
AAG68AKH,0,0,,,,Censored No Alarm,0,0,0,0,0,1,0.08453702181577682,,2019-03-02,,0.406
AAG68AUH,0,0,,,,Censored No Alarm,0,0,0,0,0,1,0.0012657539919018745,,2019-01-05,,0.406
AAG68AXH,0,0,,,,Censored No Alarm,0,0,0,0,0,1,0.0012657539919018745,,2019-03-28,,0.406
AAG68BRH,0,0,,,,Censored No Alarm,0,0,0,0,0,1,0.09260713309049606,,2019-01-05,,0.406
AAG68EWH,1,0,,2023-04-01,,Missed,0,0,0,0,1,0,0.0589754544198513,,2019-01-05,,0.406
AAG68EXH,1,0,,2024-06-19,,Missed,0,0,0,0,1,0,0.025681521743535995,,2019-01-05,,0.406
AAG68KVH,0,0,,,,Censored No Alarm,0,0,0,0,0,1,0.0012657539919018745,,2019-01-05,,0.406
AAG691PH,0,0,,,,Censored No Alarm,0,0,0,0,0,1,0.0012657539919018745,,2019-06-01,,0.406
AAG691VH,0,0,,,,Censored No Alarm,0,0,0,0,0,1,0.016904132440686226,,2019-01-05,,0.406
AAG69LHH,0,0,,,,Censored No Alarm,0,0,0,0,0,1,0.0012519903248175979,,2019-06-01,,0.406
AAG69TTH,0,0,,,,Censored No Alarm,0,0,0,0,0,1,0.005513899959623814,,2019-03-01,,0.406
AAG69WWH,0,0,,,,Censored No Alarm,0,0,0,0,0,1,0.0012657539919018745,,2019-01-05,,0.406
AAG69YWH,0,0,,,,Censored No Alarm,0,0,0,0,0,1,0.0014018213842064142,,2019-03-02,,0.406
AAG6A03H,0,0,,,,Censored No Alarm,0,0,0,0,0,1,0.0012657539919018745,,2019-03-02,,0.406
AAG6A07H,0,0,,,,Censored No Alarm,0,0,0,0,0,1,0.0033676251769065857,,2019-03-01,,0.406
AAG6A0AH,0,0,,,,Censored No Alarm,0,0,0,0,0,1,0.0012657539919018745,,2019-01-05,,0.406
AAG6AATH,0,0,,,,Censored No Alarm,0,0,0,0,0,1,0.0012657539919018745,,2019-06-01,,0.406
AAG6AV4H,0,0,,,,Censored No Alarm,0,0,0,0,0,1,0.0012657539919018745,,2019-03-01,,0.406
AAG6AWTH,1,0,,2024-07-08,,Missed,0,0,0,0,1,0,0.044434528797864914,,2019-03-28,,0.406
AAG6AX6H,0,0,,,,Censored No Alarm,0,0,0,0,0,1,0.0027989461086690426,,2019-03-28,,0.406
AAG6B4HH,0,0,,,,Censored No Alarm,0,0,0,0,0,1,0.0012657539919018745,,2019-03-28,,0.406
AAG6B5KH,0,0,,,,Censored No Alarm,0,0,0,0,0,1,0.0012657539919018745,,2019-03-28,,0.406
AAG6DT9H,1,0,,2019-04-25,,Missed,0,0,0,0,1,0,0.0012320921523496509,,2019-03-01,,0.406
AAG6DVEH,0,0,,,,Censored No Alarm,0,0,0,0,0,1,0.0032838350161910057,,2019-03-01,,0.406
AAG6DXTH,0,0,,,,Censored No Alarm,0,0,0,0,0,1,0.022048894315958023,,2019-01-05,,0.406
AAG6E2HH,0,0,,,,Censored No Alarm,0,0,0,0,0,1,0.0018723238026723266,,2019-03-28,,0.406
AAG6E60H,0,0,,,,Censored No Alarm,0,0,0,0,0,1,0.0037685169372707605,,2019-03-01,,0.406
AAG6E7EH,0,0,,,,Censored No Alarm,0,0,0,0,0,1,0.0012657539919018745,,2019-03-28,,0.406
AAG6E7RH,0,0,,,,Censored No Alarm,0,0,0,0,0,1,0.0012657539919018745,,2019-03-02,,0.406
AAG6ESPH,0,0,,,,Censored No Alarm,0,0,0,0,0,1,0.0012657539919018745,,2019-01-05,,0.406
AAG6EVRH,0,0,,,,Censored No Alarm,0,0,0,0,0,1,0.0012657539919018745,,2019-01-05,,0.406
AAG6EX3H,0,0,,,,Censored No Alarm,0,0,0,0,0,1,0.0012657539919018745,,2019-01-05,,0.406
AAG6GM1H,0,0,,,,Censored No Alarm,0,0,0,0,0,1,0.0012657539919018745,,2019-03-28,,0.406
AAG6H25H,0,0,,,,Censored No Alarm,0,0,0,0,0,1,0.0014018213842064142,,2019-03-01,,0.406
AAG6HG0H,0,0,,,,Censored No Alarm,0,0,0,0,0,1,0.0012657539919018745,,2019-03-01,,0.406
AAG6HSEH,0,0,,,,Censored No Alarm,0,0,0,0,0,1,0.0012657539919018745,,2019-03-02,,0.406
AAG6HYXH,0,0,,,,Censored No Alarm,0,0,0,0,0,1,0.0014018213842064142,,2019-03-02,,0.406
AAG6J1MH,0,0,,,,Censored No Alarm,0,0,0,0,0,1,0.0012657539919018745,,2019-01-05,,0.406
AAG6J1TH,1,0,,2025-10-07,,Missed,0,0,0,0,1,0,0.1478017270565033,,2019-03-01,,0.406
AAG6J2DH,1,0,,2024-01-03,,Missed,0,0,0,0,1,0,0.024936970323324203,,2019-03-28,,0.406
AAG6J2KH,1,1,2022-12-01,2023-10-19,322.0,Early,0,1,0,1,0,0,0.9261611104011536,0.7258586883544922,2019-01-05,1426.0,0.406
AAG6KJ6H,0,0,,,,Censored No Alarm,0,0,0,0,0,1,0.0012657539919018745,,2019-03-28,,0.406
AAG6KJPH,0,0,,,,Censored No Alarm,0,0,0,0,0,1,0.0012657539919018745,,2019-03-28,,0.406
AAG6KTJH,0,0,,,,Censored No Alarm,0,0,0,0,0,1,0.0012657539919018745,,2019-03-02,,0.406
AAG6KTRH,0,0,,,,Censored No Alarm,0,0,0,0,0,1,0.0012657539919018745,,2019-01-05,,0.406
AAG6KUAH,0,1,2025-11-30,,,Censored Early,0,0,1,1,0,0,0.475868284702301,0.4583229124546051,2019-01-05,2521.0,0.406
AAG6KUJH,0,0,,,,Censored No Alarm,0,0,0,0,0,1,0.0012657539919018745,,2019-03-01,,0.406
AAG6KV6H,1,0,,2021-11-27,,Missed,0,0,0,0,1,0,0.00349249504506588,,2019-03-01,,0.406
AAG6L88H,0,0,,,,Censored No Alarm,0,0,0,0,0,1,0.0012657539919018745,,2019-03-28,,0.406
AAG6L8VH,0,1,2026-01-17,,,Censored Early,0,0,1,1,0,0,0.43870192766189575,0.43870192766189575,2019-03-28,2487.0,0.406
AAG6LD7H,1,0,,2025-06-16,,Missed,0,0,0,0,1,0,0.011663883924484253,,2019-03-01,,0.406
AAG6LDTH,0,0,,,,Censored No Alarm,0,0,0,0,0,1,0.002043279819190502,,2019-03-28,,0.406
AAG6LEHH,0,0,,,,Censored No Alarm,0,0,0,0,0,1,0.0012657539919018745,,2019-03-01,,0.406
AAG6LEJH,0,0,,,,Censored No Alarm,0,0,0,0,0,1,0.0012657539919018745,,2019-03-01,,0.406
AAG6LG9H,0,0,,,,Censored No Alarm,0,0,0,0,0,1,0.0012657539919018745,,2019-01-05,,0.406
AAG6LTSH,0,0,,,,Censored No Alarm,0,0,0,0,0,1,0.0014018213842064142,,2019-03-01,,0.406
AAG6M3BH,0,0,,,,Censored No Alarm,0,0,0,0,0,1,0.0014018213842064142,,2019-03-02,,0.406
AAG6M8TH,0,0,,,,Censored No Alarm,0,0,0,0,0,1,0.0012657539919018745,,2019-01-05,,0.406
AAG6MABH,0,0,,,,Censored No Alarm,0,0,0,0,0,1,0.0012657539919018745,,2019-05-04,,0.406
AAG6NEEH,0,0,,,,Censored No Alarm,0,0,0,0,0,1,0.0012657539919018745,,2019-03-28,,0.406
AAG6NP0H,1,0,,2024-09-22,,Missed,0,0,0,0,1,0,0.2742463946342468,,2019-03-01,,0.406
AAG6NPRH,1,1,2025-12-07,2026-03-12,95.0,Early,0,1,0,1,0,0,0.475868284702301,0.42809972167015076,2019-03-01,2473.0,0.406
AAG6NRBH,1,1,2024-04-27,2024-07-11,75.0,Early,0,1,0,1,0,0,0.7258586883544922,0.7258586883544922,2019-03-28,1857.0,0.406
AAG6NRZH,0,0,,,,Censored No Alarm,0,0,0,0,0,1,0.0014018213842064142,,2019-03-28,,0.406
AAG6NS8H,0,0,,,,Censored No Alarm,0,0,0,0,0,1,0.11804510653018951,,2019-03-28,,0.406
AAG6NSKH,0,0,,,,Censored No Alarm,0,0,0,0,0,1,0.18148446083068848,,2019-01-05,,0.406
AAG6NVKH,0,0,,,,Censored No Alarm,0,0,0,0,0,1,0.0012657539919018745,,2019-01-05,,0.406
AAG6NW3H,0,0,,,,Censored No Alarm,0,0,0,0,0,1,0.0012657539919018745,,2019-06-01,,0.406
AAG6P40H,0,0,,,,Censored No Alarm,0,0,0,0,0,1,0.0012657539919018745,,2019-01-05,,0.406
AAG6P42H,0,0,,,,Censored No Alarm,0,0,0,0,0,1,0.0012657539919018745,,2019-03-01,,0.406
AAG6P4EH,0,0,,,,Censored No Alarm,0,0,0,0,0,1,0.0012657539919018745,,2019-03-28,,0.406
AAG6P9AH,0,0,,,,Censored No Alarm,0,0,0,0,0,1,0.0012657539919018745,,2019-03-01,,0.406
AAG6PWBH,0,0,,,,Censored No Alarm,0,0,0,0,0,1,0.0012657539919018745,,2019-03-02,,0.406
AAG6PY2H,0,0,,,,Censored No Alarm,0,0,0,0,0,1,0.0012657539919018745,,2019-01-05,,0.406
AAG6PYLH,0,0,,,,Censored No Alarm,0,0,0,0,0,1,0.0012519903248175979,,2019-06-01,,0.406
AAG6R0AH,0,0,,,,Censored No Alarm,0,0,0,0,0,1,0.0012657539919018745,,2019-06-01,,0.406
AAG6R2RH,0,0,,,,Censored No Alarm,0,0,0,0,0,1,0.0014018213842064142,,2019-03-01,,0.406
AAG6R32H,0,0,,,,Censored No Alarm,0,0,0,0,0,1,0.0014018213842064142,,2019-03-01,,0.406
AAG6R48H,0,0,,,,Censored No Alarm,0,0,0,0,0,1,0.0017022815300151706,,2019-03-28,,0.406
AAG6R8UH,0,0,,,,Censored No Alarm,0,0,0,0,0,1,0.0012519903248175979,,2019-03-28,,0.406
AAG6T4ZH,0,0,,,,Censored No Alarm,0,0,0,0,0,1,0.0014018213842064142,,2019-03-28,,0.406
AAG6T52H,1,0,,2023-06-10,,Missed,0,0,0,0,1,0,0.0012519903248175979,,2019-06-01,,0.406
AAG6T55H,0,0,,,,Censored No Alarm,0,0,0,0,0,1,0.0012657539919018745,,2019-06-01,,0.406
AAG6T5JH,0,0,,,,Censored No Alarm,0,0,0,0,0,1,0.0018577397568151355,,2019-05-16,,0.406
AAG6T7LH,0,0,,,,Censored No Alarm,0,0,0,0,0,1,0.0014018213842064142,,2019-03-01,,0.406
AAG6T9NH,0,0,,,,Censored No Alarm,0,0,0,0,0,1,0.0012657539919018745,,2019-06-01,,0.406
AAG6TA8H,0,0,,,,Censored No Alarm,0,0,0,0,0,1,0.0012657539919018745,,2019-01-05,,0.406
AAG6TAHH,0,0,,,,Censored No Alarm,0,0,0,0,0,1,0.0012657539919018745,,2019-06-01,,0.406
AAG6TAKH,0,0,,,,Censored No Alarm,0,0,0,0,0,1,0.0012657539919018745,,2019-06-01,,0.406
AAG6TBBH,0,0,,,,Censored No Alarm,0,0,0,0,0,1,0.0012657539919018745,,2019-03-28,,0.406
AAG6TBJH,0,0,,,,Censored No Alarm,0,0,0,0,0,1,0.0012657539919018745,,2019-01-05,,0.406
AAG6THHH,0,0,,,,Censored No Alarm,0,0,0,0,0,1,0.0012657539919018745,,2019-06-01,,0.406
AAG6THJH,0,0,,,,Censored No Alarm,0,0,0,0,0,1,0.0022610463201999664,,2019-06-01,,0.406
AAG6THLH,0,0,,,,Censored No Alarm,0,0,0,0,0,1,0.0012657539919018745,,2019-05-04,,0.406
AAG6TRKH,0,0,,,,Censored No Alarm,0,0,0,0,0,1,0.0012657539919018745,,2019-05-04,,0.406
AAG6TS8H,0,0,,,,Censored No Alarm,0,0,0,0,0,1,0.030157318338751793,,2019-06-01,,0.406
AAG6TSUH,0,0,,,,Censored No Alarm,0,0,0,0,0,1,0.0012657539919018745,,2019-03-28,,0.406
AAG6TT1H,0,0,,,,Censored No Alarm,0,0,0,0,0,1,0.0012657539919018745,,2019-05-16,,0.406
AAG6TT9H,0,0,,,,Censored No Alarm,0,0,0,0,0,1,0.0012657539919018745,,2019-03-28,,0.406
AAG6TTNH,0,0,,,,Censored No Alarm,0,0,0,0,0,1,0.0012657539919018745,,2019-01-05,,0.406
AAG6TUVH,0,0,,,,Censored No Alarm,0,0,0,0,0,1,0.0012657539919018745,,2019-06-01,,0.406
AAG6TVPH,0,0,,,,Censored No Alarm,0,0,0,0,0,1,0.0012657539919018745,,2019-03-28,,0.406
AAG6TY4H,0,0,,,,Censored No Alarm,0,0,0,0,0,1,0.0062662228010594845,,2019-06-01,,0.406
AAG6U5AH,0,0,,,,Censored No Alarm,0,0,0,0,0,1,0.0012657539919018745,,2019-03-01,,0.406
AAG6UKNH,0,0,,,,Censored No Alarm,0,0,0,0,0,1,0.0012519903248175979,,2019-03-28,,0.406
AAG6UMGH,0,0,,,,Censored No Alarm,0,0,0,0,0,1,0.0015521433670073748,,2019-01-05,,0.406
AAG6UMJH,0,0,,,,Censored No Alarm,0,0,0,0,0,1,0.0027989461086690426,,2019-01-05,,0.406
AAG6UNKH,0,0,,,,Censored No Alarm,0,0,0,0,0,1,0.027019040659070015,,2019-06-01,,0.406
AAG6US4H,0,0,,,,Censored No Alarm,0,0,0,0,0,1,0.0014018213842064142,,2019-03-01,,0.406
AAG6UT0H,0,0,,,,Censored No Alarm,0,0,0,0,0,1,0.0012519903248175979,,2019-06-01,,0.406
AAG6UU8H,0,0,,,,Censored No Alarm,0,0,0,0,0,1,0.01427773293107748,,2019-01-05,,0.406
AAG6UZTH,0,0,,,,Censored No Alarm,0,0,0,0,0,1,0.0012657539919018745,,2019-03-28,,0.406
AAG6V1MH,0,0,,,,Censored No Alarm,0,0,0,0,0,1,0.002043279819190502,,2019-03-28,,0.406
AAG6V71H,0,0,,,,Censored No Alarm,0,0,0,0,0,1,0.0017474869964644313,,2019-03-01,,0.406
AAG6V7DH,0,0,,,,Censored No Alarm,0,0,0,0,0,1,0.0012657539919018745,,2019-03-01,,0.406
AAG6V7VH,0,0,,,,Censored No Alarm,0,0,0,0,0,1,0.0012657539919018745,,2019-03-01,,0.406
AAG6VHXH,0,0,,,,Censored No Alarm,0,0,0,0,0,1,0.0027989461086690426,,2019-06-01,,0.406
AAG6VJKH,0,0,,,,Censored No Alarm,0,0,0,0,0,1,0.0012657539919018745,,2019-03-28,,0.406
AAG6VM8H,0,0,,,,Censored No Alarm,0,0,0,0,0,1,0.0015382921556010842,,2019-03-28,,0.406
AAG6VMBH,0,0,,,,Censored No Alarm,0,0,0,0,0,1,0.0012657539919018745,,2019-03-01,,0.406
AAG6VMGH,0,0,,,,Censored No Alarm,0,0,0,0,0,1,0.0012657539919018745,,2019-03-01,,0.406
AAG6X6JH,0,0,,,,Censored No Alarm,0,0,0,0,0,1,0.0012519903248175979,,2019-03-28,,0.406
AAG6XU7H,1,1,2019-06-29,2020-05-23,329.0,Early,0,1,0,1,0,0,0.5203475952148438,0.4651452600955963,2019-05-04,56.0,0.406
AAG6XWGH,0,0,,,,Censored No Alarm,0,0,0,0,0,1,0.0014018213842064142,,2019-03-01,,0.406
AAG6XWJH,1,0,,2025-04-04,,Missed,0,0,0,0,1,0,0.1725941151380539,,2019-03-28,,0.406
AAG6XXWH,0,0,,,,Censored No Alarm,0,0,0,0,0,1,0.0012657539919018745,,2019-01-05,,0.406
AAG6XYBH,0,0,,,,Censored No Alarm,0,0,0,0,0,1,0.0012657539919018745,,2019-06-01,,0.406
AAG6XYNH,0,0,,,,Censored No Alarm,0,0,0,0,0,1,0.0012657539919018745,,2019-06-01,,0.406
AAG6XZ6H,0,0,,,,Censored No Alarm,0,0,0,0,0,1,0.0012657539919018745,,2019-03-28,,0.406
AAG6XZNH,0,0,,,,Censored No Alarm,0,0,0,0,0,1,0.0012519903248175979,,2019-06-01,,0.406
AAG6Y0GH,0,0,,,,Censored No Alarm,0,0,0,0,0,1,0.0032838350161910057,,2019-03-01,,0.406
AAG6Y0KH,0,0,,,,Censored No Alarm,0,0,0,0,0,1,0.0012657539919018745,,2019-01-05,,0.406
AAG6Y1BH,0,0,,,,Censored No Alarm,0,0,0,0,0,1,0.0012657539919018745,,2019-03-02,,0.406
AAG6Y3LH,0,0,,,,Censored No Alarm,0,0,0,0,0,1,0.002408062806352973,,2019-03-28,,0.406
AAG6Y3UH,0,0,,,,Censored No Alarm,0,0,0,0,0,1,0.0012657539919018745,,2019-06-01,,0.406
AAG6Y41H,0,0,,,,Censored No Alarm,0,0,0,0,0,1,0.0012657539919018745,,2019-01-05,,0.406
AAG6Y46H,0,0,,,,Censored No Alarm,0,0,0,0,0,1,0.0017331433482468128,,2019-06-01,,0.406
AAG6YZ1H,0,0,,,,Censored No Alarm,0,0,0,0,0,1,0.019035445526242256,,2019-03-28,,0.406
AAG6YZ9H,0,0,,,,Censored No Alarm,0,0,0,0,0,1,0.0012657539919018745,,2019-01-05,,0.406
AAG6Z0DH,0,0,,,,Censored No Alarm,0,0,0,0,0,1,0.018998222425580025,,2019-01-05,,0.406
AAG6Z17H,0,0,,,,Censored No Alarm,0,0,0,0,0,1,0.0012519903248175979,,2019-06-01,,0.406
AAG6Z1MH,0,0,,,,Censored No Alarm,0,0,0,0,0,1,0.0012657539919018745,,2019-03-01,,0.406
AAG6Z1XH,0,0,,,,Censored No Alarm,0,0,0,0,0,1,0.0012657539919018745,,2019-03-01,,0.406
AAG6Z2DH,0,0,,,,Censored No Alarm,0,0,0,0,0,1,0.0012657539919018745,,2019-03-01,,0.406
AAG6Z2RH,0,0,,,,Censored No Alarm,0,0,0,0,0,1,0.0012657539919018745,,2019-06-01,,0.406
AAG6Z42H,1,0,,2024-11-24,,Missed,0,0,0,0,1,0,0.22031207382678986,,2019-01-05,,0.406
AAG6Z4VH,0,0,,,,Censored No Alarm,0,0,0,0,0,1,0.008306345902383327,,2019-03-01,,0.406
AAG6Z53H,0,0,,,,Censored No Alarm,0,0,0,0,0,1,0.0012657539919018745,,2019-05-16,,0.406
AAG6ZJ9H,0,0,,,,Censored No Alarm,0,0,0,0,0,1,0.0012657539919018745,,2019-03-01,,0.406
AAG705GH,0,0,,,,Censored No Alarm,0,0,0,0,0,1,0.0014018213842064142,,2019-03-01,,0.406
AAG7078H,0,0,,,,Censored No Alarm,0,0,0,0,0,1,0.006382917519658804,,2019-05-04,,0.406
AAG70HDH,0,0,,,,Censored No Alarm,0,0,0,0,0,1,0.0012657539919018745,,2019-01-05,,0.406
AAG70JEH,0,0,,,,Censored No Alarm,0,0,0,0,0,1,0.00440143933519721,,2019-06-01,,0.406
AAG70U9H,0,0,,,,Censored No Alarm,0,0,0,0,0,1,0.0042545851320028305,,2019-01-05,,0.406
AAG73ZWH,0,0,,,,Censored No Alarm,0,0,0,0,0,1,0.0012657539919018745,,2019-01-05,,0.406
AAG73ZZH,0,0,,,,Censored No Alarm,0,0,0,0,0,1,0.0018723238026723266,,2019-03-28,,0.406
AAG740EH,0,0,,,,Censored No Alarm,0,0,0,0,0,1,0.0012657539919018745,,2019-01-05,,0.406
AAG740NH,0,0,,,,Censored No Alarm,0,0,0,0,0,1,0.0012519903248175979,,2019-06-01,,0.406
AAG740WH,0,0,,,,Censored No Alarm,0,0,0,0,0,1,0.0012657539919018745,,2019-03-01,,0.406
AAG740YH,0,0,,,,Censored No Alarm,0,0,0,0,0,1,0.0014018213842064142,,2019-03-28,,0.406
AAG741PH,0,0,,,,Censored No Alarm,0,0,0,0,0,1,0.0012657539919018745,,2019-03-28,,0.406
AAG742EH,0,0,,,,Censored No Alarm,0,0,0,0,0,1,0.0016787995118647814,,2019-03-28,,0.406
AAG742JH,0,0,,,,Censored No Alarm,0,0,0,0,0,1,0.00729335006326437,,2019-06-01,,0.406
AAG742WH,0,0,,,,Censored No Alarm,0,0,0,0,0,1,0.011144307442009449,,2019-01-05,,0.406
AAG7431H,0,0,,,,Censored No Alarm,0,0,0,0,0,1,0.0016787995118647814,,2019-01-05,,0.406
AAG743EH,0,0,,,,Censored No Alarm,0,0,0,0,0,1,0.0012657539919018745,,2019-06-01,,0.406
AAG743UH,0,0,,,,Censored No Alarm,0,0,0,0,0,1,0.0012657539919018745,,2019-01-05,,0.406
AAG743VH,0,0,,,,Censored No Alarm,0,0,0,0,0,1,0.008754917420446873,,2019-01-05,,0.406
AAG7454H,0,0,,,,Censored No Alarm,0,0,0,0,0,1,0.0012657539919018745,,2019-03-28,,0.406
AAG74DKH,0,0,,,,Censored No Alarm,0,0,0,0,0,1,0.0012657539919018745,,2019-05-04,,0.406
AAG74EAH,1,0,,2025-07-27,,Missed,0,0,0,0,1,0,0.05435089394450188,,2019-05-04,,0.406
AAG74EBH,0,0,,,,Censored No Alarm,0,0,0,0,0,1,0.0012657539919018745,,2019-03-28,,0.406
AAG74EYH,0,0,,,,Censored No Alarm,0,0,0,0,0,1,0.0012657539919018745,,2019-06-01,,0.406
AAG74EZH,0,0,,,,Censored No Alarm,0,0,0,0,0,1,0.0012545729987323284,,2019-06-01,,0.406
AAG74VHH,0,0,,,,Censored No Alarm,0,0,0,0,0,1,0.0014018213842064142,,2019-03-01,,0.406
AAG74WRH,0,0,,,,Censored No Alarm,0,0,0,0,0,1,0.0012657539919018745,,2019-06-01,,0.406
AAG76HYH,1,0,,2021-09-29,,Missed,0,0,0,0,1,0,0.02375246025621891,,2019-03-02,,0.406
AAG77A5H,0,0,,,,Censored No Alarm,0,0,0,0,0,1,0.0018815213115885854,,2019-06-01,,0.406
AAG799NH,0,0,,,,Censored No Alarm,0,0,0,0,0,1,0.0012657539919018745,,2019-03-02,,0.406
AAG79B0H,0,0,,,,Censored No Alarm,0,0,0,0,0,1,0.0012657539919018745,,2019-03-28,,0.406
AAG7A8EH,0,0,,,,Censored No Alarm,0,0,0,0,0,1,0.0012657539919018745,,2019-06-01,,0.406
AAG7A9KH,0,0,,,,Censored No Alarm,0,0,0,0,0,1,0.0012657539919018745,,2019-01-05,,0.406
AAG7ADMH,0,0,,,,Censored No Alarm,0,0,0,0,0,1,0.0012657539919018745,,2019-05-16,,0.406
AAG7AGWH,0,0,,,,Censored No Alarm,0,0,0,0,0,1,0.0012657539919018745,,2019-05-04,,0.406
AAG7AHMH,0,0,,,,Censored No Alarm,0,0,0,0,0,1,0.0012519903248175979,,2019-06-01,,0.406
AAG7BP3H,0,0,,,,Censored No Alarm,0,0,0,0,0,1,0.0012657539919018745,,2019-06-01,,0.406
AAG7BPKH,0,0,,,,Censored No Alarm,0,0,0,0,0,1,0.0012657539919018745,,2019-06-01,,0.406
AAG7BRGH,0,0,,,,Censored No Alarm,0,0,0,0,0,1,0.0012657539919018745,,2019-01-05,,0.406
AAG7BS8H,0,0,,,,Censored No Alarm,0,0,0,0,0,1,0.0014018213842064142,,2019-03-01,,0.406
AAG7BWAH,0,0,,,,Censored No Alarm,0,0,0,0,0,1,0.0012657539919018745,,2019-03-28,,0.406
AAG7D1SH,0,0,,,,Censored No Alarm,0,0,0,0,0,1,0.0012657539919018745,,2019-06-01,,0.406
AAG7D29H,0,0,,,,Censored No Alarm,0,0,0,0,0,1,0.0012657539919018745,,2019-03-28,,0.406
AAG7D2PH,0,0,,,,Censored No Alarm,0,0,0,0,0,1,0.0012519903248175979,,2019-06-01,,0.406
AAG7D48H,0,0,,,,Censored No Alarm,0,0,0,0,0,1,0.0012657539919018745,,2019-06-01,,0.406
AAG7D4DH,0,0,,,,Censored No Alarm,0,0,0,0,0,1,0.0014018213842064142,,2019-03-01,,0.406
AAG7D85H,0,0,,,,Censored No Alarm,0,0,0,0,0,1,0.011237549595534801,,2019-06-01,,0.406
AAG7DPYH,0,0,,,,Censored No Alarm,0,0,0,0,0,1,0.0014018213842064142,,2019-03-01,,0.406
AAG7DRDH,0,0,,,,Censored No Alarm,0,0,0,0,0,1,0.0012657539919018745,,2019-03-01,,0.406
AAG7DS9H,0,0,,,,Censored No Alarm,0,0,0,0,0,1,0.012870446778833866,,2019-03-01,,0.406
AAG7DW0H,0,0,,,,Censored No Alarm,0,0,0,0,0,1,0.0012657539919018745,,2019-05-04,,0.406
AAG7E1MH,0,0,,,,Censored No Alarm,0,0,0,0,0,1,0.0012657539919018745,,2019-03-01,,0.406
AAG7E1PH,0,0,,,,Censored No Alarm,0,0,0,0,0,1,0.0022328002378344536,,2019-01-05,,0.406
AAG7E2HH,0,0,,,,Censored No Alarm,0,0,0,0,0,1,0.0012657539919018745,,2019-03-02,,0.406
AAG7LG4H,0,0,,,,Censored No Alarm,0,0,0,0,0,1,0.0018445160239934921,,2019-03-01,,0.406
AAG7LG7H,0,0,,,,Censored No Alarm,0,0,0,0,0,1,0.0012657539919018745,,2019-05-16,,0.406
AAG7LHYH,0,0,,,,Censored No Alarm,0,0,0,0,0,1,0.0012657539919018745,,2019-03-28,,0.406
AAG7LNAH,0,0,,,,Censored No Alarm,0,0,0,0,0,1,0.0017240765737369657,,2019-06-01,,0.406
AAG7LSWH,0,0,,,,Censored No Alarm,0,0,0,0,0,1,0.0012657539919018745,,2019-01-05,,0.406
AAG7LTHH,1,1,2024-07-29,2024-07-29,0.0,On time,1,0,0,0,0,0,0.8291894793510437,0.8291894793510437,2019-03-28,1950.0,0.406
AAG7LZEH,0,0,,,,Censored No Alarm,0,0,0,0,0,1,0.0014018213842064142,,2019-03-02,,0.406
AAG7M25H,0,0,,,,Censored No Alarm,0,0,0,0,0,1,0.0012657539919018745,,2019-06-01,,0.406
AAG7M3NH,0,0,,,,Censored No Alarm,0,0,0,0,0,1,0.0012657539919018745,,2019-06-01,,0.406
AAG7M3TH,0,0,,,,Censored No Alarm,0,0,0,0,0,1,0.0012657539919018745,,2019-03-28,,0.406
AAG7MMDH,0,0,,,,Censored No Alarm,0,0,0,0,0,1,0.0012657539919018745,,2019-05-16,,0.406
AAG7MP8H,0,0,,,,Censored No Alarm,0,0,0,0,0,1,0.001907833619043231,,2019-06-01,,0.406
AAG7MULH,1,0,,2026-03-13,,Missed,0,0,0,0,1,0,0.28947141766548157,,2019-03-02,,0.406
AAG7MUNH,0,0,,,,Censored No Alarm,0,0,0,0,0,1,0.004150094464421272,,2019-06-01,,0.406
AAG7MVMH,0,0,,,,Censored No Alarm,0,0,0,0,0,1,0.0012657539919018745,,2019-03-02,,0.406
AAG7N3ZH,0,0,,,,Censored No Alarm,0,0,0,0,0,1,0.0012657539919018745,,2019-03-28,,0.406
AAG7N5WH,0,0,,,,Censored No Alarm,0,0,0,0,0,1,0.0012657539919018745,,2019-03-28,,0.406
AAG7N62H,0,0,,,,Censored No Alarm,0,0,0,0,0,1,0.0012519903248175979,,2019-06-01,,0.406
AAG7N63H,0,0,,,,Censored No Alarm,0,0,0,0,0,1,0.002642235718667507,,2019-03-28,,0.406
AAG7N6MH,0,0,,,,Censored No Alarm,0,0,0,0,0,1,0.0012657539919018745,,2019-05-04,,0.406
AAG7PPHH,1,0,,2025-10-28,,Missed,0,0,0,0,1,0,0.029469888657331467,,2019-03-02,,0.406
AAG7R02H,0,0,,,,Censored No Alarm,0,0,0,0,0,1,0.0037685169372707605,,2019-06-01,,0.406
AAG7R5VH,0,0,,,,Censored No Alarm,0,0,0,0,0,1,0.0012519903248175979,,2019-06-01,,0.406
AAG7R93H,0,0,,,,Censored No Alarm,0,0,0,0,0,1,0.0012657539919018745,,2019-06-01,,0.406
AAG7RA1H,0,0,,,,Censored No Alarm,0,0,0,0,0,1,0.0012657539919018745,,2019-01-05,,0.406
AAG7RAMH,0,0,,,,Censored No Alarm,0,0,0,0,0,1,0.0014018213842064142,,2019-03-02,,0.406
AAG7RBDH,0,0,,,,Censored No Alarm,0,0,0,0,0,1,0.0012657539919018745,,2019-05-04,,0.406
AAG90D8H,0,0,,,,Censored No Alarm,0,0,0,0,0,1,0.004985632374882698,,2019-05-04,,0.406
AAG9VK6H,0,0,,,,Censored No Alarm,0,0,0,0,0,1,0.0012657539919018745,,2019-03-02,,0.406
AAGA4YNH,0,0,,,,Censored No Alarm,0,0,0,0,0,1,0.0012657539919018745,,2019-06-01,,0.406
AAGA7W1H,1,0,,2023-04-11,,Missed,0,0,0,0,1,0,0.027439303696155548,,2019-03-01,,0.406
AAGA9E3H,0,0,,,,Censored No Alarm,0,0,0,0,0,1,0.0012657539919018745,,2019-05-04,,0.406
AAGH3VWH,0,0,,,,Censored No Alarm,0,0,0,0,0,1,0.0012657539919018745,,2019-05-27,,0.406
AAGMU4TH,0,0,,,,Censored No Alarm,0,0,0,0,0,1,0.0012657539919018745,,2019-05-04,,0.406
AAGN9D2H,1,0,,2023-09-17,,Missed,0,0,0,0,1,0,0.003756213001906872,,2019-05-04,,0.406
AAGP62KH,0,0,,,,Censored No Alarm,0,0,0,0,0,1,0.0015382921556010842,,2019-06-01,,0.406
AAGUS87H,0,0,,,,Censored No Alarm,0,0,0,0,0,1,0.002601729705929756,,2019-08-14,,0.406
AAGVX4UH,0,0,,,,Censored No Alarm,0,0,0,0,0,1,0.0012657539919018745,,2019-05-04,,0.406
AAGWTB0H,0,0,,,,Censored No Alarm,0,0,0,0,0,1,0.1989545375108719,,2019-06-01,,0.406
AAGXDBZH,0,0,,,,Censored No Alarm,0,0,0,0,0,1,0.06874775886535645,,2019-05-16,,0.406
AAGXLP2H,0,0,,,,Censored No Alarm,0,0,0,0,0,1,0.0012657539919018745,,2019-06-01,,0.406
AAGXMJSH,0,0,,,,Censored No Alarm,0,0,0,0,0,1,0.002200972754508257,,2019-05-04,,0.406
AAGXU8YH,0,0,,,,Censored No Alarm,0,0,0,0,0,1,0.0018577397568151355,,2019-05-16,,0.406
AAGXUBRH,0,0,,,,Censored No Alarm,0,0,0,0,0,1,0.0012657539919018745,,2019-05-04,,0.406
AAGXV97H,0,0,,,,Censored No Alarm,0,0,0,0,0,1,0.0012320921523496509,,2024-03-13,,0.406
AAGXW8VH,0,0,,,,Censored No Alarm,0,0,0,0,0,1,0.0012657539919018745,,2019-08-14,,0.406
AAGXWUWH,0,0,,,,Censored No Alarm,0,0,0,0,0,1,0.0015382921556010842,,2019-05-04,,0.406
AAGXY3MH,1,0,,2025-04-09,,Missed,0,0,0,0,1,0,0.007449172902852297,,2019-05-16,,0.406
AAH22T7H,0,0,,,,Censored No Alarm,0,0,0,0,0,1,0.02283032052218914,,2019-05-04,,0.406
AAH4NTGH,0,0,,,,Censored No Alarm,0,0,0,0,0,1,0.0012657539919018745,,2019-05-04,,0.406
AAH6DU2H,0,0,,,,Censored No Alarm,0,0,0,0,0,1,0.2007770538330078,,2019-08-14,,0.406
AAH78SAH,0,0,,,,Censored No Alarm,0,0,0,0,0,1,0.0012657539919018745,,2019-05-04,,0.406
AAH7HJSH,0,0,,,,Censored No Alarm,0,0,0,0,0,1,0.0017022815300151706,,2019-05-04,,0.406
AAH7HKHH,0,0,,,,Censored No Alarm,0,0,0,0,0,1,0.0012657539919018745,,2019-05-04,,0.406
AAH7HNDH,0,0,,,,Censored No Alarm,0,0,0,0,0,1,0.0012657539919018745,,2019-05-04,,0.406
AAH7X19H,0,0,,,,Censored No Alarm,0,0,0,0,0,1,0.0012657539919018745,,2019-05-04,,0.406
AAH86SEH,0,0,,,,Censored No Alarm,0,0,0,0,0,1,0.0012657539919018745,,2019-05-04,,0.406
AAH8BLDH,0,0,,,,Censored No Alarm,0,0,0,0,0,1,0.0012657539919018745,,2019-05-04,,0.406
AAH8HPVH,0,0,,,,Censored No Alarm,0,0,0,0,0,1,0.031407203525304794,,2019-05-04,,0.406
AAH8LPUH,0,0,,,,Censored No Alarm,0,0,0,0,0,1,0.0012657539919018745,,2019-05-04,,0.406
AAH8P7WH,0,0,,,,Censored No Alarm,0,0,0,0,0,1,0.0012657539919018745,,2019-05-27,,0.406
AAH8R0LH,0,0,,,,Censored No Alarm,0,0,0,0,0,1,0.0012657539919018745,,2019-05-04,,0.406
AAH8RG4H,0,0,,,,Censored No Alarm,0,0,0,0,0,1,0.0015382921556010842,,2019-05-04,,0.406
AAH8V76H,0,0,,,,Censored No Alarm,0,0,0,0,0,1,0.0012657539919018745,,2019-05-04,,0.406
AAH8V7KH,0,0,,,,Censored No Alarm,0,0,0,0,0,1,0.0018577397568151355,,2019-05-04,,0.406
AAH90NAH,1,0,,2023-04-19,,Missed,0,0,0,0,1,0,0.009455125778913498,,2019-05-04,,0.406
AAH919BH,0,0,,,,Censored No Alarm,0,0,0,0,0,1,0.0012657539919018745,,2019-05-04,,0.406
AAH9285H,0,0,,,,Censored No Alarm,0,0,0,0,0,1,0.0012657539919018745,,2019-05-04,,0.406
AAH92GHH,0,0,,,,Censored No Alarm,0,0,0,0,0,1,0.0012657539919018745,,2019-05-04,,0.406
AAH92HRH,0,0,,,,Censored No Alarm,0,0,0,0,0,1,0.0012657539919018745,,2019-05-04,,0.406
AAH92JGH,0,0,,,,Censored No Alarm,0,0,0,0,0,1,0.0012657539919018745,,2019-05-04,,0.406
AAH92V3H,0,0,,,,Censored No Alarm,0,0,0,0,0,1,0.0012519903248175979,,2019-05-04,,0.406
AAH9301H,1,0,,2023-12-23,,Missed,0,0,0,0,1,0,0.026826543733477592,,2019-05-04,,0.406
AAH9305H,0,0,,,,Censored No Alarm,0,0,0,0,0,1,0.0012657539919018745,,2019-05-04,,0.406
AAH9307H,1,0,,2023-04-09,,Missed,0,0,0,0,1,0,0.00602938886731863,,2019-05-04,,0.406
AAH93MDH,0,0,,,,Censored No Alarm,0,0,0,0,0,1,0.0067322649993002415,,2019-05-04,,0.406
AAH93RZH,0,0,,,,Censored No Alarm,0,0,0,0,0,1,0.0028506319504231215,,2019-05-04,,0.406
AAH953TH,0,0,,,,Censored No Alarm,0,0,0,0,0,1,0.0012657539919018745,,2019-05-04,,0.406
AAH9618H,0,0,,,,Censored No Alarm,0,0,0,0,0,1,0.0012657539919018745,,2019-05-04,,0.406
AAH9689H,0,0,,,,Censored No Alarm,0,0,0,0,0,1,0.0012657539919018745,,2019-05-04,,0.406
AAH96AUH,0,0,,,,Censored No Alarm,0,0,0,0,0,1,0.1072889044880867,,2019-05-04,,0.406
AAH97BZH,0,1,2025-06-25,,,Censored Early,0,0,1,1,0,0,0.7915571928024292,0.7915571928024292,2019-05-04,2244.0,0.406
AAH99PNH,0,0,,,,Censored No Alarm,0,0,0,0,0,1,0.0012519903248175979,,2019-05-04,,0.406
AAH9BERH,0,0,,,,Censored No Alarm,0,0,0,0,0,1,0.0012657539919018745,,2019-05-04,,0.406
AAHAS1MH,0,0,,,,Censored No Alarm,0,0,0,0,0,1,0.0012657539919018745,,2019-05-27,,0.406
AAHAS9TH,0,0,,,,Censored No Alarm,0,0,0,0,0,1,0.0012657539919018745,,2019-05-27,,0.406
AAHB6YXH,0,0,,,,Censored No Alarm,0,0,0,0,0,1,0.0012657539919018745,,2019-05-27,,0.406
AAHB8Z9H,0,0,,,,Censored No Alarm,0,0,0,0,0,1,0.0012519903248175979,,2019-05-27,,0.406
AAHBKUHH,0,0,,,,Censored No Alarm,0,0,0,0,0,1,0.0012657539919018745,,2019-05-27,,0.406
AAHD7S9H,0,0,,,,Censored No Alarm,0,0,0,0,0,1,0.0012657539919018745,,2019-05-19,,0.406
AAHDJD5H,0,0,,,,Censored No Alarm,0,0,0,0,0,1,0.0012657539919018745,,2019-05-27,,0.406
AAHDJDSH,0,0,,,,Censored No Alarm,0,0,0,0,0,1,0.0012519903248175979,,2019-05-27,,0.406
AAHDJH3H,0,0,,,,Censored No Alarm,0,0,0,0,0,1,0.0012657539919018745,,2019-05-27,,0.406
AAHDUS5H,0,0,,,,Censored No Alarm,0,0,0,0,0,1,0.0012657539919018745,,2019-05-27,,0.406
AAHDUT6H,0,0,,,,Censored No Alarm,0,0,0,0,0,1,0.0012657539919018745,,2019-05-27,,0.406
AAHDYR0H,0,0,,,,Censored No Alarm,0,0,0,0,0,1,0.0017240765737369657,,2019-05-27,,0.406
AAHE23AH,0,0,,,,Censored No Alarm,0,0,0,0,0,1,0.0012519903248175979,,2019-05-27,,0.406
AAHE4SAH,0,0,,,,Censored No Alarm,0,0,0,0,0,1,0.0012657539919018745,,2019-05-27,,0.406
AAHEAGWH,0,0,,,,Censored No Alarm,0,0,0,0,0,1,0.0012657539919018745,,2019-05-27,,0.406
AAHEAHLH,0,0,,,,Censored No Alarm,0,0,0,0,0,1,0.0012657539919018745,,2019-05-27,,0.406
AAHED32H,0,0,,,,Censored No Alarm,0,0,0,0,0,1,0.0012657539919018745,,2019-05-27,,0.406
AAHED3GH,0,0,,,,Censored No Alarm,0,0,0,0,0,1,0.02657940424978733,,2019-05-27,,0.406
AAHED8NH,0,0,,,,Censored No Alarm,0,0,0,0,0,1,0.0012657539919018745,,2019-05-27,,0.406
AAHED98H,0,0,,,,Censored No Alarm,0,0,0,0,0,1,0.0012657539919018745,,2019-05-27,,0.406
AAHEEVKH,0,0,,,,Censored No Alarm,0,0,0,0,0,1,0.0012657539919018745,,2019-05-27,,0.406
AAHEHEEH,0,0,,,,Censored No Alarm,0,0,0,0,0,1,0.0018815213115885854,,2019-05-27,,0.406
AAHEHHMH,0,0,,,,Censored No Alarm,0,0,0,0,0,1,0.0012657539919018745,,2019-05-27,,0.406
AAHEHJ0H,0,0,,,,Censored No Alarm,0,0,0,0,0,1,0.0012657539919018745,,2019-06-01,,0.406
AAHEHJ1H,0,0,,,,Censored No Alarm,0,0,0,0,0,1,0.0012519903248175979,,2019-05-27,,0.406
AAHEHL5H,0,0,,,,Censored No Alarm,0,0,0,0,0,1,0.0020983656868338585,,2019-05-27,,0.406
AAHEHP8H,0,0,,,,Censored No Alarm,0,0,0,0,0,1,0.0012657539919018745,,2019-05-27,,0.406
AAHEHRSH,0,0,,,,Censored No Alarm,0,0,0,0,0,1,0.0012657539919018745,,2019-05-27,,0.406
AAHEHS0H,0,0,,,,Censored No Alarm,0,0,0,0,0,1,0.0012519903248175979,,2019-05-27,,0.406
AAHEHTDH,0,0,,,,Censored No Alarm,0,0,0,0,0,1,0.0012657539919018745,,2019-05-27,,0.406
AAHEHTNH,0,0,,,,Censored No Alarm,0,0,0,0,0,1,0.0012657539919018745,,2019-05-27,,0.406
AAHEHTPH,0,0,,,,Censored No Alarm,0,0,0,0,0,1,0.0012657539919018745,,2019-05-27,,0.406
AAHEHVUH,0,0,,,,Censored No Alarm,0,0,0,0,0,1,0.0020983656868338585,,2019-05-27,,0.406
AAHEHY7H,0,0,,,,Censored No Alarm,0,0,0,0,0,1,0.0012519903248175979,,2019-05-27,,0.406
AAHEHZ2H,0,0,,,,Censored No Alarm,0,0,0,0,0,1,0.0012657539919018745,,2019-05-27,,0.406
AAHEHZPH,0,0,,,,Censored No Alarm,0,0,0,0,0,1,0.0012657539919018745,,2019-05-27,,0.406
AAHEHZXH,0,0,,,,Censored No Alarm,0,0,0,0,0,1,0.0012657539919018745,,2019-05-27,,0.406
AAHEJ43H,0,0,,,,Censored No Alarm,0,0,0,0,0,1,0.0012657539919018745,,2019-05-27,,0.406
AAHEJ4KH,0,0,,,,Censored No Alarm,0,0,0,0,0,1,0.0012657539919018745,,2019-05-27,,0.406
AAHEJ76H,0,0,,,,Censored No Alarm,0,0,0,0,0,1,0.0012657539919018745,,2019-05-27,,0.406
AAHEJDXH,0,0,,,,Censored No Alarm,0,0,0,0,0,1,0.0012657539919018745,,2019-05-27,,0.406
AAHEJE4H,0,0,,,,Censored No Alarm,0,0,0,0,0,1,0.002642235718667507,,2019-05-27,,0.406
AAHEJHKH,0,0,,,,Censored No Alarm,0,0,0,0,0,1,0.0012519903248175979,,2019-05-27,,0.406
AAHGYKJH,1,0,,2024-07-24,,Missed,0,0,0,0,1,0,0.004190559033304453,,2019-08-13,,0.406
AAHH59AH,0,0,,,,Censored No Alarm,0,0,0,0,0,1,0.0012657539919018745,,2019-08-14,,0.406
AAHHAXAH,0,0,,,,Censored No Alarm,0,0,0,0,0,1,0.0020820244681090117,,2019-08-13,,0.406
AAHHXJ2H,0,0,,,,Censored No Alarm,0,0,0,0,0,1,0.00400535948574543,,2019-08-13,,0.406
AAHJG5XH,0,0,,,,Censored No Alarm,0,0,0,0,0,1,0.0012657539919018745,,2019-08-14,,0.406
AAHJP8BH,0,0,,,,Censored No Alarm,0,0,0,0,0,1,0.007014694157987833,,2019-06-01,,0.406
AAHK5PUH,0,0,,,,Censored No Alarm,0,0,0,0,0,1,0.0026654847897589207,,2019-06-01,,0.406
AAHK8NRH,0,0,,,,Censored No Alarm,0,0,0,0,0,1,0.0012657539919018745,,2019-08-13,,0.406
AAHKERJH,1,0,,2026-01-13,,Missed,0,0,0,0,1,0,0.025520218536257744,,2019-08-13,,0.406
AAHKKR8H,0,0,,,,Censored No Alarm,0,0,0,0,0,1,0.0012657539919018745,,2019-08-14,,0.406
AAHKLDKH,0,0,,,,Censored No Alarm,0,0,0,0,0,1,0.0012657539919018745,,2019-06-01,,0.406
AAHKM55H,1,0,,2025-03-25,,Missed,0,0,0,0,1,0,0.02521728351712227,,2019-08-14,,0.406
AAHKMW2H,1,0,,2022-01-12,,Missed,0,0,0,0,1,0,0.011866588145494461,,2019-06-01,,0.406
AAHKS17H,1,0,,2025-07-07,,Missed,0,0,0,0,1,0,0.16873124241828918,,2019-06-01,,0.406
AAHKWLAH,0,1,2025-03-24,,,Censored Early,0,0,1,1,0,0,0.9337551593780518,0.9149016737937927,2019-08-14,2049.0,0.406
AAHKX43H,1,1,2019-10-04,2019-11-25,52.0,Early,0,1,0,1,0,0,0.4142812192440033,0.4142812192440033,2019-08-14,51.0,0.406
AAHKXKYH,0,0,,,,Censored No Alarm,0,0,0,0,0,1,0.013221850618720055,,2019-08-13,,0.406
AAHKXLYH,0,0,,,,Censored No Alarm,0,0,0,0,0,1,0.0012657539919018745,,2019-08-14,,0.406
AAHKXNHH,0,0,,,,Censored No Alarm,0,0,0,0,0,1,0.014205735176801682,,2019-08-14,,0.406
AAHKXZ7H,0,0,,,,Censored No Alarm,0,0,0,0,0,1,0.0012657539919018745,,2019-08-14,,0.406
AAHKYETH,0,0,,,,Censored No Alarm,0,0,0,0,0,1,0.0012657539919018745,,2019-05-16,,0.406
AAHL0PKH,0,0,,,,Censored No Alarm,0,0,0,0,0,1,0.00440143933519721,,2019-08-13,,0.406
AAHL0TLH,0,0,,,,Censored No Alarm,0,0,0,0,0,1,0.011034646071493626,,2019-06-01,,0.406
AAHL4K8H,0,0,,,,Censored No Alarm,0,0,0,0,0,1,0.0027989461086690426,,2019-05-16,,0.406
AAHL5LRH,1,0,,2024-09-01,,Missed,0,0,0,0,1,0,0.07687421888113022,,2019-08-13,,0.406
AAHL9A9H,0,0,,,,Censored No Alarm,0,0,0,0,0,1,0.008007693104445934,,2019-08-13,,0.406
AAHL9XJH,0,0,,,,Censored No Alarm,0,0,0,0,0,1,0.00801058392971754,,2019-08-14,,0.406
AAHL9XLH,0,0,,,,Censored No Alarm,0,0,0,0,0,1,0.0012657539919018745,,2019-08-14,,0.406
AAHL9Y3H,0,0,,,,Censored No Alarm,0,0,0,0,0,1,0.0012657539919018745,,2019-08-14,,0.406
AAHL9YAH,0,0,,,,Censored No Alarm,0,0,0,0,0,1,0.0012657539919018745,,2019-08-14,,0.406
AAHL9ZYH,0,0,,,,Censored No Alarm,0,0,0,0,0,1,0.0012657539919018745,,2019-08-14,,0.406
AAHLBTZH,1,0,,2025-07-26,,Missed,0,0,0,0,1,0,0.12790638208389282,,2019-08-14,,0.406
AAHLBWGH,1,1,2025-08-05,2025-08-30,25.0,On time,1,0,0,0,0,0,0.9426716566085815,0.9286361336708069,2019-08-14,2183.0,0.406
AAHLBWSH,1,0,,2023-12-11,,Missed,0,0,0,0,1,0,0.08337648212909698,,2019-08-13,,0.406
AAHLBXVH,0,0,,,,Censored No Alarm,0,0,0,0,0,1,0.016669368371367455,,2019-08-14,,0.406
AAHLD3UH,1,0,,2025-03-11,,Missed,0,0,0,0,1,0,0.13617248833179474,,2019-08-13,,0.406
AAHLS5JH,0,0,,,,Censored No Alarm,0,0,0,0,0,1,0.0012657539919018745,,2019-05-16,,0.406
AAHLS7ZH,0,0,,,,Censored No Alarm,0,0,0,0,0,1,0.0012657539919018745,,2019-05-16,,0.406
AAHLS8YH,0,0,,,,Censored No Alarm,0,0,0,0,0,1,0.025364067405462265,,2019-05-16,,0.406
AAHLS9UH,0,0,,,,Censored No Alarm,0,0,0,0,0,1,0.0012657539919018745,,2019-05-16,,0.406
AAHLV30H,0,0,,,,Censored No Alarm,0,0,0,0,0,1,0.0012657539919018745,,2019-05-16,,0.406
AAHLV40H,1,1,2019-07-27,2019-08-05,9.0,On time,1,0,0,0,0,0,0.4226570427417755,0.4226570427417755,2019-05-16,72.0,0.406
AAHLV47H,0,0,,,,Censored No Alarm,0,0,0,0,0,1,0.0012657539919018745,,2019-05-16,,0.406
AAHLVTVH,0,0,,,,Censored No Alarm,0,0,0,0,0,1,0.0012657539919018745,,2019-05-27,,0.406
AAHLWE3H,0,0,,,,Censored No Alarm,0,0,0,0,0,1,0.0012657539919018745,,2019-05-27,,0.406
AAHLWKXH,0,0,,,,Censored No Alarm,0,0,0,0,0,1,0.0012657539919018745,,2019-05-16,,0.406
AAHLWM3H,0,0,,,,Censored No Alarm,0,0,0,0,0,1,0.0012657539919018745,,2019-05-27,,0.406
AAHLXJ1H,0,0,,,,Censored No Alarm,0,0,0,0,0,1,0.004443202167749405,,2019-05-04,,0.406
AAHLXJ9H,0,0,,,,Censored No Alarm,0,0,0,0,0,1,0.0012657539919018745,,2019-05-04,,0.406
AAHLXL5H,0,0,,,,Censored No Alarm,0,0,0,0,0,1,0.0012657539919018745,,2019-08-13,,0.406
AAHLXTXH,0,0,,,,Censored No Alarm,0,0,0,0,0,1,0.012472866103053093,,2019-05-16,,0.406
AAHLY01H,0,0,,,,Censored No Alarm,0,0,0,0,0,1,0.006849504075944424,,2019-05-27,,0.406
AAHLY04H,0,0,,,,Censored No Alarm,0,0,0,0,0,1,0.0012657539919018745,,2019-05-04,,0.406
AAHLY2TH,0,0,,,,Censored No Alarm,0,0,0,0,0,1,0.0012657539919018745,,2019-05-27,,0.406
AAHLY31H,1,1,2025-03-06,2025-07-25,141.0,Early,0,1,0,1,0,0,0.7258586883544922,0.7258586883544922,2019-08-13,2032.0,0.406
AAHLYJRH,0,0,,,,Censored No Alarm,0,0,0,0,0,1,0.0012657539919018745,,2019-05-27,,0.406
AAHLYY6H,0,0,,,,Censored No Alarm,0,0,0,0,0,1,0.0012657539919018745,,2019-05-16,,0.406
AAHM227H,0,0,,,,Censored No Alarm,0,0,0,0,0,1,0.0012657539919018745,,2019-08-13,,0.406
AAHM4E6H,0,0,,,,Censored No Alarm,0,0,0,0,0,1,0.0012657539919018745,,2019-05-27,,0.406
AAHM4HSH,0,0,,,,Censored No Alarm,0,0,0,0,0,1,0.0012657539919018745,,2019-05-04,,0.406
AAHM4KJH,0,0,,,,Censored No Alarm,0,0,0,0,0,1,0.0012657539919018745,,2019-08-13,,0.406
AAHM4S6H,0,0,,,,Censored No Alarm,0,0,0,0,0,1,0.0012657539919018745,,2019-05-04,,0.406
AAHM4S8H,0,0,,,,Censored No Alarm,0,0,0,0,0,1,0.0012657539919018745,,2019-05-04,,0.406
AAHM4SSH,0,0,,,,Censored No Alarm,0,0,0,0,0,1,0.0012657539919018745,,2019-05-04,,0.406
AAHM4T2H,0,0,,,,Censored No Alarm,0,0,0,0,0,1,0.0012657539919018745,,2019-05-04,,0.406
AAHM4T6H,0,0,,,,Censored No Alarm,0,0,0,0,0,1,0.0012657539919018745,,2019-08-13,,0.406
AAHM4TRH,0,0,,,,Censored No Alarm,0,0,0,0,0,1,0.0012657539919018745,,2019-08-13,,0.406
AAHM4UYH,0,0,,,,Censored No Alarm,0,0,0,0,0,1,0.0012657539919018745,,2019-05-04,,0.406
AAHM4WBH,0,0,,,,Censored No Alarm,0,0,0,0,0,1,0.0012657539919018745,,2019-05-16,,0.406
AAHM4WEH,0,0,,,,Censored No Alarm,0,0,0,0,0,1,0.0012657539919018745,,2019-05-04,,0.406
AAHM4XGH,0,0,,,,Censored No Alarm,0,0,0,0,0,1,0.0012657539919018745,,2019-08-14,,0.406
AAHM5Z4H,0,0,,,,Censored No Alarm,0,0,0,0,0,1,0.0012657539919018745,,2019-05-04,,0.406
AAHM5Z9H,0,0,,,,Censored No Alarm,0,0,0,0,0,1,0.0012657539919018745,,2019-05-04,,0.406
AAHM5ZHH,0,0,,,,Censored No Alarm,0,0,0,0,0,1,0.0012657539919018745,,2019-05-04,,0.406
AAHMD6GH,0,0,,,,Censored No Alarm,0,0,0,0,0,1,0.0012657539919018745,,2019-05-04,,0.406
AAHME7KH,0,0,,,,Censored No Alarm,0,0,0,0,0,1,0.0014018213842064142,,2019-05-16,,0.406
AAHMGV8H,0,0,,,,Censored No Alarm,0,0,0,0,0,1,0.0012657539919018745,,2019-05-27,,0.406
AAHMH4LH,0,0,,,,Censored No Alarm,0,0,0,0,0,1,0.0012657539919018745,,2019-05-04,,0.406
AAHML65H,0,0,,,,Censored No Alarm,0,0,0,0,0,1,0.0016787995118647814,,2019-05-16,,0.406
AAHMN38H,0,0,,,,Censored No Alarm,0,0,0,0,0,1,0.0014018213842064142,,2019-05-16,,0.406
AAHMR03H,1,1,2025-03-06,2025-11-26,265.0,Early,0,1,0,1,0,0,0.7964979410171509,0.7915571928024292,2019-05-16,2121.0,0.406
AAHMR2ZH,1,0,,2024-01-31,,Missed,0,0,0,0,1,0,0.005128813907504082,,2019-05-16,,0.406
AAHMSNRH,0,0,,,,Censored No Alarm,0,0,0,0,0,1,0.0014018213842064142,,2019-05-16,,0.406
AAHMUYLH,0,0,,,,Censored No Alarm,0,0,0,0,0,1,0.0012657539919018745,,2019-05-16,,0.406
AAHMW6RH,0,0,,,,Censored No Alarm,0,0,0,0,0,1,0.006870639976114035,,2019-05-16,,0.406
AAHMW7NH,0,0,,,,Censored No Alarm,0,0,0,0,0,1,0.0012657539919018745,,2019-05-16,,0.406
