serial_number,has_failed,alarm_triggered,first_alarm_date,actual_failure_date,days_to_failure_at_alarm,category,is_hit,is_fp_early,is_fp_cens,is_false_alarm,is_miss,is_correct_rejection,max_predicted_score,alarm_predicted_score,first_seen_date,days_since_observed,threshold_used
ZCH016HE,0,0,,,,Censored No Alarm,0,0,0,0,0,1,0.015254206955432892,,2019-04-27,,0.089
ZCH01MGW,0,0,,,,Censored No Alarm,0,0,0,0,0,1,0.0023652496747672558,,2017-10-30,,0.089
ZCH01MV4,0,0,,,,Censored No Alarm,0,0,0,0,0,1,0.0021716137416660786,,2019-04-12,,0.089
ZCH01V00,0,0,,,,Censored No Alarm,0,0,0,0,0,1,0.0018164814682677388,,2018-02-12,,0.089
ZCH01V42,0,0,,,,Censored No Alarm,0,0,0,0,0,1,0.0015360277611762285,,2018-02-12,,0.089
ZCH01V78,0,0,,,,Censored No Alarm,0,0,0,0,0,1,0.0021481947042047977,,2017-11-09,,0.089
ZCH01VD8,0,0,,,,Censored No Alarm,0,0,0,0,0,1,0.001544175436720252,,2018-02-12,,0.089
ZCH01ZFG,0,0,,,,Censored No Alarm,0,0,0,0,0,1,0.0017726885853335261,,2018-02-12,,0.089
ZCH01ZKC,0,0,,,,Censored No Alarm,0,0,0,0,0,1,0.010805918835103512,,2018-02-12,,0.089
ZCH0271S,0,0,,,,Censored No Alarm,0,0,0,0,0,1,0.0026410270947963,,2018-03-17,,0.089
ZCH027W4,0,0,,,,Censored No Alarm,0,0,0,0,0,1,0.0018204950029030442,,2019-04-11,,0.089
ZCH028CT,0,0,,,,Censored No Alarm,0,0,0,0,0,1,0.0033977841958403587,,2018-06-18,,0.089
ZCH028J7,0,0,,,,Censored No Alarm,0,0,0,0,0,1,0.0021924430038779974,,2017-11-09,,0.089
ZCH02AYF,0,0,,,,Censored No Alarm,0,0,0,0,0,1,0.005282200872898102,,2017-11-09,,0.089
ZCH02TES,0,0,,,,Censored No Alarm,0,0,0,0,0,1,0.001557398121803999,,2018-02-12,,0.089
ZCH02Z5J,1,0,,2019-03-29,,Missed,0,0,0,0,1,0,0.0011302140774205327,,2018-02-12,,0.089
ZCH02ZTL,1,1,2019-12-24,2021-06-19,543.0,Early,0,1,0,1,0,0,0.4585306942462921,0.4065127968788147,2018-02-12,680.0,0.089
ZCH030T1,0,0,,,,Censored No Alarm,0,0,0,0,0,1,0.0013614167692139745,,2018-02-12,,0.089
ZCH036VN,0,0,,,,Censored No Alarm,0,0,0,0,0,1,0.0013764203758910298,,2018-02-12,,0.089
ZCH039JD,0,0,,,,Censored No Alarm,0,0,0,0,0,1,0.011866425164043903,,2018-07-01,,0.089
ZCH03B9D,0,0,,,,Censored No Alarm,0,0,0,0,0,1,0.00227047735825181,,2018-02-12,,0.089
ZCH03BB5,0,0,,,,Censored No Alarm,0,0,0,0,0,1,0.0020043174736201763,,2018-02-12,,0.089
ZCH03BT6,0,0,,,,Censored No Alarm,0,0,0,0,0,1,0.001391218276694417,,2018-02-12,,0.089
ZCH03C9C,0,0,,,,Censored No Alarm,0,0,0,0,0,1,0.0015715087065473199,,2018-02-12,,0.089
ZCH03CEE,0,0,,,,Censored No Alarm,0,0,0,0,0,1,0.0016054522711783648,,2018-02-12,,0.089
ZCH03CFS,0,0,,,,Censored No Alarm,0,0,0,0,0,1,0.0015055319527164102,,2018-02-12,,0.089
ZCH03K2S,1,0,,2017-12-25,,Missed,0,0,0,0,1,0,0.007554695475846529,,2017-11-09,,0.089
ZCH03T80,0,0,,,,Censored No Alarm,0,0,0,0,0,1,0.0018356344662606716,,2018-01-13,,0.089
ZCH03TMJ,0,0,,,,Censored No Alarm,0,0,0,0,0,1,0.00225521600805223,,2018-07-12,,0.089
ZCH03TZV,0,0,,,,Censored No Alarm,0,0,0,0,0,1,0.0018327038269490004,,2018-01-13,,0.089
ZCH040KJ,0,0,,,,Censored No Alarm,0,0,0,0,0,1,0.0018257744377478957,,2017-11-14,,0.089
ZCH041CP,0,0,,,,Censored No Alarm,0,0,0,0,0,1,0.0014890932943671942,,2018-02-12,,0.089
ZCH0447E,0,0,,,,Censored No Alarm,0,0,0,0,0,1,0.0022541668731719255,,2017-11-09,,0.089
ZCH04CGB,0,0,,,,Censored No Alarm,0,0,0,0,0,1,0.0013193079503253102,,2018-04-13,,0.089
ZCH04G1T,0,0,,,,Censored No Alarm,0,0,0,0,0,1,0.001923255273140967,,2018-01-05,,0.089
ZCH04SJG,0,0,,,,Censored No Alarm,0,0,0,0,0,1,0.0018081797752529383,,2017-11-14,,0.089
ZCH04XCN,0,0,,,,Censored No Alarm,0,0,0,0,0,1,0.0037284702993929386,,2019-03-21,,0.089
ZCH04XJL,0,0,,,,Censored No Alarm,0,0,0,0,0,1,0.0026410270947963,,2018-02-24,,0.089
ZCH04Y9C,0,0,,,,Censored No Alarm,0,0,0,0,0,1,0.009071568958461285,,2017-11-14,,0.089
ZCH04YA5,0,0,,,,Censored No Alarm,0,0,0,0,0,1,0.001679879380390048,,2018-02-12,,0.089
ZCH04Z2K,0,0,,,,Censored No Alarm,0,0,0,0,0,1,0.0016874164575710893,,2017-11-14,,0.089
ZCH04ZSX,0,0,,,,Censored No Alarm,0,0,0,0,0,1,0.06321665644645691,,2019-04-16,,0.089
ZCH050Z2,0,1,2019-12-08,,,Censored Early,0,0,1,1,0,0,0.304530531167984,0.304530531167984,2017-10-30,769.0,0.089
ZCH053C1,0,0,,,,Censored No Alarm,0,0,0,0,0,1,0.002495592925697565,,2017-11-09,,0.089
ZCH053S1,0,0,,,,Censored No Alarm,0,0,0,0,0,1,0.011766198091208935,,2017-11-09,,0.089
ZCH053V0,0,0,,,,Censored No Alarm,0,0,0,0,0,1,0.004867329262197018,,2017-12-20,,0.089
ZCH054W4,0,0,,,,Censored No Alarm,0,0,0,0,0,1,0.002002487890422344,,2018-04-27,,0.089
ZCH0569G,0,0,,,,Censored No Alarm,0,0,0,0,0,1,0.0025332551449537277,,2017-11-09,,0.089
ZCH056AP,0,0,,,,Censored No Alarm,0,0,0,0,0,1,0.002059012185782194,,2017-12-21,,0.089
ZCH056CW,0,0,,,,Censored No Alarm,0,0,0,0,0,1,0.00208427757024765,,2017-12-21,,0.089
ZCH057V6,0,0,,,,Censored No Alarm,0,0,0,0,0,1,0.002548636170104146,,2017-12-20,,0.089
ZCH059QH,0,0,,,,Censored No Alarm,0,0,0,0,0,1,0.020991971716284752,,2018-01-05,,0.089
ZCH05B7V,0,0,,,,Censored No Alarm,0,0,0,0,0,1,0.0014062325935810804,,2018-02-12,,0.089
ZCH05BYT,0,0,,,,Censored No Alarm,0,0,0,0,0,1,0.029564080759882927,,2017-10-21,,0.089
ZCH05CK1,0,0,,,,Censored No Alarm,0,0,0,0,0,1,0.0019325726898387074,,2018-01-25,,0.089
ZCH05CM7,0,0,,,,Censored No Alarm,0,0,0,0,0,1,0.0020149280317127705,,2017-12-21,,0.089
ZCH05DWC,0,0,,,,Censored No Alarm,0,0,0,0,0,1,0.0018765035783872008,,2017-11-14,,0.089
ZCH05DWK,0,0,,,,Censored No Alarm,0,0,0,0,0,1,0.0025560217909514904,,2017-11-09,,0.089
ZCH05EMZ,0,0,,,,Censored No Alarm,0,0,0,0,0,1,0.0017991283675655723,,2018-01-05,,0.089
ZCH05GBJ,0,0,,,,Censored No Alarm,0,0,0,0,0,1,0.0030834414064884186,,2017-10-21,,0.089
ZCH05GCR,0,0,,,,Censored No Alarm,0,0,0,0,0,1,0.0022496243473142385,,2017-12-20,,0.089
ZCH05JHB,0,0,,,,Censored No Alarm,0,0,0,0,0,1,0.002365033607929945,,2017-11-09,,0.089
ZCH05JZ0,0,0,,,,Censored No Alarm,0,0,0,0,0,1,0.0058961897157132626,,2017-11-09,,0.089
ZCH05L91,0,0,,,,Censored No Alarm,0,0,0,0,0,1,0.00609274348244071,,2017-11-09,,0.089
ZCH05NYE,0,0,,,,Censored No Alarm,0,0,0,0,0,1,0.0023901478853076696,,2017-11-09,,0.089
ZCH05PJ5,0,0,,,,Censored No Alarm,0,0,0,0,0,1,0.0014702512416988611,,2018-01-25,,0.089
ZCH05RJH,0,0,,,,Censored No Alarm,0,0,0,0,0,1,0.004699669778347015,,2019-04-05,,0.089
ZCH05WKW,0,0,,,,Censored No Alarm,0,0,0,0,0,1,0.002189815742895007,,2018-01-13,,0.089
ZCH05XCK,0,0,,,,Censored No Alarm,0,0,0,0,0,1,0.001983382273465395,,2018-01-25,,0.089
ZCH060HW,0,0,,,,Censored No Alarm,0,0,0,0,0,1,0.0021004066802561283,,2017-10-30,,0.089
ZCH060KB,0,0,,,,Censored No Alarm,0,0,0,0,0,1,0.006239260546863079,,2017-10-30,,0.089
ZCH060L8,0,0,,,,Censored No Alarm,0,0,0,0,0,1,0.0017766933888196945,,2017-12-21,,0.089
ZCH060PL,0,0,,,,Censored No Alarm,0,0,0,0,0,1,0.0020162975415587425,,2017-11-14,,0.089
ZCH060SS,0,0,,,,Censored No Alarm,0,0,0,0,0,1,0.0017491449834778905,,2018-01-05,,0.089
ZCH060TK,0,0,,,,Censored No Alarm,0,0,0,0,0,1,0.0035020201466977596,,2017-12-20,,0.089
ZCH060W4,0,0,,,,Censored No Alarm,0,0,0,0,0,1,0.02750691957771778,,2017-11-09,,0.089
ZCH060X6,0,0,,,,Censored No Alarm,0,0,0,0,0,1,0.007579080760478973,,2017-10-30,,0.089
ZCH061AA,0,0,,,,Censored No Alarm,0,0,0,0,0,1,0.002258986234664917,,2017-11-06,,0.089
ZCH0626R,0,1,2019-04-09,,,Censored Early,0,0,1,1,0,0,0.4883492887020111,0.43595945835113525,2018-01-06,458.0,0.089
ZCH0655R,0,0,,,,Censored No Alarm,0,0,0,0,0,1,0.0028494936414062977,,2017-10-30,,0.089
ZCH0657H,1,1,2019-01-30,2019-11-15,289.0,Early,0,1,0,1,0,0,0.13346543908119202,0.12205153703689575,2017-10-30,457.0,0.089
ZCH065A1,0,0,,,,Censored No Alarm,0,0,0,0,0,1,0.0015434978995472193,,2018-02-12,,0.089
ZCH065AT,0,0,,,,Censored No Alarm,0,0,0,0,0,1,0.003084304742515087,,2017-10-30,,0.089
ZCH065DF,1,1,2018-07-29,2018-08-02,4.0,On time,1,0,0,0,0,0,0.12873180210590363,0.10685339570045471,2017-10-30,272.0,0.089
ZCH065FR,0,0,,,,Censored No Alarm,0,0,0,0,0,1,0.019727908074855804,,2017-10-30,,0.089
ZCH065MN,0,0,,,,Censored No Alarm,0,0,0,0,0,1,0.0018159592291340232,,2017-11-14,,0.089
ZCH065N3,0,0,,,,Censored No Alarm,0,0,0,0,0,1,0.0017871377058327198,,2017-11-14,,0.089
ZCH065S8,0,0,,,,Censored No Alarm,0,0,0,0,0,1,0.0028486617375165224,,2017-10-30,,0.089
ZCH065SX,0,0,,,,Censored No Alarm,0,0,0,0,0,1,0.0017622193554416299,,2017-12-20,,0.089
ZCH065X8,0,0,,,,Censored No Alarm,0,0,0,0,0,1,0.0029774068389087915,,2017-10-30,,0.089
ZCH065XB,0,0,,,,Censored No Alarm,0,0,0,0,0,1,0.005551825277507305,,2018-01-17,,0.089
ZCH065ZG,0,0,,,,Censored No Alarm,0,0,0,0,0,1,0.0014052392216399312,,2018-02-12,,0.089
ZCH0661H,0,0,,,,Censored No Alarm,0,0,0,0,0,1,0.002313606906682253,,2018-01-06,,0.089
ZCH0664K,0,0,,,,Censored No Alarm,0,0,0,0,0,1,0.002355599543079734,,2017-11-09,,0.089
ZCH0668M,0,0,,,,Censored No Alarm,0,0,0,0,0,1,0.002062662970274687,,2017-10-30,,0.089
ZCH066AE,0,0,,,,Censored No Alarm,0,0,0,0,0,1,0.0021257803309708834,,2017-10-30,,0.089
ZCH066AV,0,0,,,,Censored No Alarm,0,0,0,0,0,1,0.015942348167300224,,2017-11-09,,0.089
ZCH066DY,0,0,,,,Censored No Alarm,0,0,0,0,0,1,0.002173024695366621,,2017-10-30,,0.089
ZCH066ET,1,0,,2018-05-13,,Missed,0,0,0,0,1,0,0.011497147381305695,,2017-11-09,,0.089
ZCH066KR,0,0,,,,Censored No Alarm,0,0,0,0,0,1,0.0021952069364488125,,2017-10-30,,0.089
ZCH066KX,0,0,,,,Censored No Alarm,0,0,0,0,0,1,0.0018173885764554143,,2017-10-30,,0.089
ZCH066MF,0,0,,,,Censored No Alarm,0,0,0,0,0,1,0.03837793692946434,,2017-09-06,,0.089
ZCH066PW,0,0,,,,Censored No Alarm,0,0,0,0,0,1,0.0023001166991889477,,2017-12-20,,0.089
ZCH066QP,0,0,,,,Censored No Alarm,0,0,0,0,0,1,0.0016425279900431633,,2017-12-21,,0.089
ZCH066TQ,0,0,,,,Censored No Alarm,0,0,0,0,0,1,0.0018707294948399067,,2017-11-14,,0.089
ZCH066YQ,0,0,,,,Censored No Alarm,0,0,0,0,0,1,0.002229615580290556,,2017-11-09,,0.089
ZCH0670W,0,0,,,,Censored No Alarm,0,0,0,0,0,1,0.003307072911411524,,2017-11-09,,0.089
ZCH067AY,0,0,,,,Censored No Alarm,0,0,0,0,0,1,0.0035657165572047234,,2017-11-09,,0.089
ZCH067C3,0,0,,,,Censored No Alarm,0,0,0,0,0,1,0.002400518860667944,,2017-10-30,,0.089
ZCH067DR,0,0,,,,Censored No Alarm,0,0,0,0,0,1,0.0022168494760990143,,2017-11-14,,0.089
ZCH067NS,0,0,,,,Censored No Alarm,0,0,0,0,0,1,0.0021742398384958506,,2017-10-30,,0.089
ZCH0681M,0,0,,,,Censored No Alarm,0,0,0,0,0,1,0.002721430268138647,,2017-10-30,,0.089
ZCH0688C,1,0,,2018-04-14,,Missed,0,0,0,0,1,0,0.0035695203114300966,,2018-01-21,,0.089
ZCH068C0,0,0,,,,Censored No Alarm,0,0,0,0,0,1,0.006347667891532183,,2017-11-09,,0.089
ZCH068E0,0,0,,,,Censored No Alarm,0,0,0,0,0,1,0.0022248735185712576,,2017-10-21,,0.089
ZCH068HS,0,0,,,,Censored No Alarm,0,0,0,0,0,1,0.0032064083497971296,,2018-01-13,,0.089
ZCH068KT,0,0,,,,Censored No Alarm,0,0,0,0,0,1,0.0018159592291340232,,2017-11-14,,0.089
ZCH068MS,0,0,,,,Censored No Alarm,0,0,0,0,0,1,0.01589115709066391,,2017-09-06,,0.089
ZCH068T1,0,0,,,,Censored No Alarm,0,0,0,0,0,1,0.002229615580290556,,2017-11-09,,0.089
ZCH068TE,0,0,,,,Censored No Alarm,0,0,0,0,0,1,0.012642817571759224,,2017-11-09,,0.089
ZCH0693B,0,0,,,,Censored No Alarm,0,0,0,0,0,1,0.0019104123348370194,,2018-01-05,,0.089
ZCH0695G,0,0,,,,Censored No Alarm,0,0,0,0,0,1,0.0021168000530451536,,2017-11-14,,0.089
ZCH06978,0,0,,,,Censored No Alarm,0,0,0,0,0,1,0.0018690056167542934,,2018-05-08,,0.089
ZCH06998,0,0,,,,Censored No Alarm,0,0,0,0,0,1,0.0022821060847491026,,2017-10-30,,0.089
ZCH069C5,0,0,,,,Censored No Alarm,0,0,0,0,0,1,0.0034883071202784777,,2017-10-30,,0.089
ZCH069CE,1,0,,2018-10-03,,Missed,0,0,0,0,1,0,0.0014575592940673232,,2017-10-21,,0.089
ZCH069CG,0,0,,,,Censored No Alarm,0,0,0,0,0,1,0.002173422835767269,,2017-10-30,,0.089
ZCH06CKC,0,0,,,,Censored No Alarm,0,0,0,0,0,1,0.002089274348691106,,2017-10-30,,0.089
ZCH06CMY,0,0,,,,Censored No Alarm,0,0,0,0,0,1,0.0032394088339060545,,2017-12-20,,0.089
ZCH06CNJ,0,0,,,,Censored No Alarm,0,0,0,0,0,1,0.013473800383508205,,2017-10-30,,0.089
ZCH06CV9,0,0,,,,Censored No Alarm,0,0,0,0,0,1,0.007686207070946693,,2017-11-14,,0.089
ZCH06CXP,0,0,,,,Censored No Alarm,0,0,0,0,0,1,0.0030242903158068657,,2017-12-20,,0.089
ZCH06D22,0,0,,,,Censored No Alarm,0,0,0,0,0,1,0.0018816369120031595,,2017-10-21,,0.089
ZCH06D48,0,0,,,,Censored No Alarm,0,0,0,0,0,1,0.0021015561651438475,,2017-11-14,,0.089
ZCH06D4E,0,0,,,,Censored No Alarm,0,0,0,0,0,1,0.001958536682650447,,2017-12-20,,0.089
ZCH06D8C,0,0,,,,Censored No Alarm,0,0,0,0,0,1,0.0017556989332661033,,2017-11-14,,0.089
ZCH06DAF,0,0,,,,Censored No Alarm,0,0,0,0,0,1,0.0020468991715461016,,2017-10-30,,0.089
ZCH06DE3,0,0,,,,Censored No Alarm,0,0,0,0,0,1,0.0029135229997336864,,2017-12-20,,0.089
ZCH06DE5,0,0,,,,Censored No Alarm,0,0,0,0,0,1,0.0024497993290424347,,2017-10-30,,0.089
ZCH06DFH,0,0,,,,Censored No Alarm,0,0,0,0,0,1,0.0023655251134186983,,2017-10-30,,0.089
ZCH06DFS,0,0,,,,Censored No Alarm,0,0,0,0,0,1,0.0025990409776568413,,2017-10-30,,0.089
ZCH06DHK,0,0,,,,Censored No Alarm,0,0,0,0,0,1,0.0021087906789034605,,2017-10-30,,0.089
ZCH06DJR,0,0,,,,Censored No Alarm,0,0,0,0,0,1,0.0028479343745857477,,2018-01-06,,0.089
ZCH06DKS,0,0,,,,Censored No Alarm,0,0,0,0,0,1,0.002080578589811921,,2017-10-30,,0.089
ZCH06DM1,0,0,,,,Censored No Alarm,0,0,0,0,0,1,0.003084304742515087,,2017-10-30,,0.089
ZCH06DQR,0,0,,,,Censored No Alarm,0,0,0,0,0,1,0.0018538912991061807,,2017-10-30,,0.089
ZCH06DSS,0,0,,,,Censored No Alarm,0,0,0,0,0,1,0.0021575861610472202,,2017-10-30,,0.089
ZCH06DWJ,0,0,,,,Censored No Alarm,0,0,0,0,0,1,0.002400518860667944,,2017-10-30,,0.089
ZCH06E24,0,0,,,,Censored No Alarm,0,0,0,0,0,1,0.0020349419210106134,,2018-05-16,,0.089
ZCH06E33,0,0,,,,Censored No Alarm,0,0,0,0,0,1,0.0021956039126962423,,2017-10-30,,0.089
ZCH06E7C,0,0,,,,Censored No Alarm,0,0,0,0,0,1,0.0024004504084587097,,2017-11-09,,0.089
ZCH06E9M,0,0,,,,Censored No Alarm,0,0,0,0,0,1,0.002618811558932066,,2017-10-30,,0.089
ZCH06EC2,0,0,,,,Censored No Alarm,0,0,0,0,0,1,0.002400518860667944,,2017-10-21,,0.089
ZCH06ECL,0,0,,,,Censored No Alarm,0,0,0,0,0,1,0.0021987652871757746,,2018-01-05,,0.089
ZCH06EGT,1,0,,2021-02-22,,Missed,0,0,0,0,1,0,0.013428823091089725,,2018-06-26,,0.089
ZCH06EHB,0,0,,,,Censored No Alarm,0,0,0,0,0,1,0.001977493753656745,,2017-10-30,,0.089
ZCH06EKN,0,0,,,,Censored No Alarm,0,0,0,0,0,1,0.003140851156786084,,2017-10-21,,0.089
ZCH06EKP,0,0,,,,Censored No Alarm,0,0,0,0,0,1,0.00818253681063652,,2017-11-09,,0.089
ZCH06EKQ,0,0,,,,Censored No Alarm,0,0,0,0,0,1,0.002838742919266224,,2017-12-21,,0.089
ZCH06EM2,0,0,,,,Censored No Alarm,0,0,0,0,0,1,0.0017766933888196945,,2017-12-21,,0.089
ZCH06EM5,0,0,,,,Censored No Alarm,0,0,0,0,0,1,0.004020793363451958,,2017-10-21,,0.089
ZCH06EN3,0,0,,,,Censored No Alarm,0,0,0,0,0,1,0.0030872784554958344,,2017-12-20,,0.089
ZCH06ENA,0,0,,,,Censored No Alarm,0,0,0,0,0,1,0.003846844658255577,,2017-10-21,,0.089
ZCH06ENG,0,0,,,,Censored No Alarm,0,0,0,0,0,1,0.016891617327928543,,2017-10-30,,0.089
ZCH06EP4,0,0,,,,Censored No Alarm,0,0,0,0,0,1,0.0018195646116510034,,2018-01-05,,0.089
ZCH06ETC,0,0,,,,Censored No Alarm,0,0,0,0,0,1,0.028940556570887566,,2017-10-21,,0.089
ZCH06EV4,0,0,,,,Censored No Alarm,0,0,0,0,0,1,0.0022076081950217485,,2017-12-21,,0.089
ZCH06EVM,0,0,,,,Censored No Alarm,0,0,0,0,0,1,0.002257156651467085,,2017-11-09,,0.089
ZCH06EWQ,0,0,,,,Censored No Alarm,0,0,0,0,0,1,0.001977493753656745,,2017-10-30,,0.089
ZCH06EYL,0,0,,,,Censored No Alarm,0,0,0,0,0,1,0.00185466802213341,,2017-11-14,,0.089
ZCH06F0X,0,0,,,,Censored No Alarm,0,0,0,0,0,1,0.001861578319221735,,2017-10-21,,0.089
ZCH06F15,0,0,,,,Censored No Alarm,0,0,0,0,0,1,0.0020896887872368097,,2017-10-21,,0.089
ZCH06F1M,0,0,,,,Censored No Alarm,0,0,0,0,0,1,0.002440646756440401,,2017-10-30,,0.089
ZCH06F23,0,0,,,,Censored No Alarm,0,0,0,0,0,1,0.0031240808311849833,,2018-01-05,,0.089
ZCH06F30,0,0,,,,Censored No Alarm,0,0,0,0,0,1,0.002770139602944255,,2017-12-21,,0.089
ZCH06F5G,0,0,,,,Censored No Alarm,0,0,0,0,0,1,0.005051737185567617,,2017-12-21,,0.089
ZCH06F5M,0,0,,,,Censored No Alarm,0,0,0,0,0,1,0.002400518860667944,,2017-10-30,,0.089
ZCH06F63,0,0,,,,Censored No Alarm,0,0,0,0,0,1,0.0019403158221393824,,2017-10-21,,0.089
ZCH06F6B,0,0,,,,Censored No Alarm,0,0,0,0,0,1,0.0017860763473436236,,2018-01-05,,0.089
ZCH06F8K,0,0,,,,Censored No Alarm,0,0,0,0,0,1,0.010837176814675331,,2018-01-05,,0.089
ZCH06F99,0,0,,,,Censored No Alarm,0,0,0,0,0,1,0.0017270541284233332,,2017-11-14,,0.089
ZCH06F9S,0,0,,,,Censored No Alarm,0,0,0,0,0,1,0.003504459047690034,,2017-10-30,,0.089
ZCH06F9T,1,0,,2019-04-01,,Missed,0,0,0,0,1,0,0.002158896531909704,,2017-11-09,,0.089
ZCH06FAD,0,0,,,,Censored No Alarm,0,0,0,0,0,1,0.0026795731391757727,,2017-12-20,,0.089
ZCH06FFE,0,0,,,,Censored No Alarm,0,0,0,0,0,1,0.001914061838760972,,2017-12-20,,0.089
ZCH06FFX,0,0,,,,Censored No Alarm,0,0,0,0,0,1,0.002381035126745701,,2017-10-30,,0.089
ZCH06FGM,0,0,,,,Censored No Alarm,0,0,0,0,0,1,0.0018159592291340232,,2017-11-14,,0.089
ZCH06FJN,1,0,,2019-11-23,,Missed,0,0,0,0,1,0,0.04066158086061478,,2017-10-30,,0.089
ZCH06FMR,0,0,,,,Censored No Alarm,0,0,0,0,0,1,0.0010912228608503938,,2018-10-29,,0.089
ZCH06FMZ,0,0,,,,Censored No Alarm,0,0,0,0,0,1,0.0016665688017383218,,2017-12-21,,0.089
ZCH06FRN,0,0,,,,Censored No Alarm,0,0,0,0,0,1,0.002004047390073538,,2017-12-20,,0.089
ZCH06FSR,0,0,,,,Censored No Alarm,0,0,0,0,0,1,0.002243948169052601,,2017-12-20,,0.089
ZCH06FWL,0,0,,,,Censored No Alarm,0,0,0,0,0,1,0.0020502391271293163,,2017-10-30,,0.089
ZCH06FZP,0,0,,,,Censored No Alarm,0,0,0,0,0,1,0.0017024582484737039,,2017-12-21,,0.089
ZCH06G8R,0,0,,,,Censored No Alarm,0,0,0,0,0,1,0.001977493753656745,,2017-10-30,,0.089
ZCH06GCH,0,0,,,,Censored No Alarm,0,0,0,0,0,1,0.007559856399893761,,2017-11-09,,0.089
ZCH06GLP,0,0,,,,Censored No Alarm,0,0,0,0,0,1,0.0032394088339060545,,2017-12-20,,0.089
ZCH06GM2,0,0,,,,Censored No Alarm,0,0,0,0,0,1,0.0024051882792264223,,2017-11-09,,0.089
ZCH06GMT,0,0,,,,Censored No Alarm,0,0,0,0,0,1,0.0018081797752529383,,2017-11-14,,0.089
ZCH06GRG,0,0,,,,Censored No Alarm,0,0,0,0,0,1,0.0018772269831970334,,2017-10-30,,0.089
ZCH06GZM,0,0,,,,Censored No Alarm,0,0,0,0,0,1,0.002077527577057481,,2017-10-21,,0.089
ZCH06H42,0,0,,,,Censored No Alarm,0,0,0,0,0,1,0.001662900554947555,,2017-10-30,,0.089
ZCH06H4G,0,0,,,,Censored No Alarm,0,0,0,0,0,1,0.0019857112783938646,,2017-10-30,,0.089
ZCH06H6M,1,0,,2019-02-25,,Missed,0,0,0,0,1,0,0.0014605680480599403,,2017-11-09,,0.089
ZCH06H6R,0,0,,,,Censored No Alarm,0,0,0,0,0,1,0.001975014340132475,,2017-10-21,,0.089
ZCH06H6Y,0,0,,,,Censored No Alarm,0,0,0,0,0,1,0.002077527577057481,,2017-10-21,,0.089
ZCH06H7H,0,0,,,,Censored No Alarm,0,0,0,0,0,1,0.0019036460435017943,,2017-12-20,,0.089
ZCH06H7V,0,0,,,,Censored No Alarm,0,0,0,0,0,1,0.0015830820193514228,,2018-10-29,,0.089
ZCH06H85,0,0,,,,Censored No Alarm,0,0,0,0,0,1,0.002400518860667944,,2017-10-30,,0.089
ZCH06HA3,0,0,,,,Censored No Alarm,0,0,0,0,0,1,0.0022672282066196203,,2018-01-05,,0.089
ZCH06HAR,0,0,,,,Censored No Alarm,0,0,0,0,0,1,0.0021113790571689606,,2017-10-30,,0.089
ZCH06HCZ,0,0,,,,Censored No Alarm,0,0,0,0,0,1,0.0020616219844669104,,2017-12-20,,0.089
ZCH06HD5,1,0,,2019-07-23,,Missed,0,0,0,0,1,0,0.00249814847484231,,2017-10-21,,0.089
ZCH06HDQ,0,0,,,,Censored No Alarm,0,0,0,0,0,1,0.0022276868112385273,,2017-10-30,,0.089
ZCH06HE7,0,0,,,,Censored No Alarm,0,0,0,0,0,1,0.0021987652871757746,,2018-01-05,,0.089
ZCH06HG0,0,0,,,,Censored No Alarm,0,0,0,0,0,1,0.0021344490814954042,,2017-10-30,,0.089
ZCH06HJ6,0,0,,,,Censored No Alarm,0,0,0,0,0,1,0.0018816369120031595,,2017-10-21,,0.089
ZCH06HKT,0,0,,,,Censored No Alarm,0,0,0,0,0,1,0.002077527577057481,,2017-10-21,,0.089
ZCH06HLL,0,0,,,,Censored No Alarm,0,0,0,0,0,1,0.0017909756861627102,,2018-01-05,,0.089
ZCH06HML,0,0,,,,Censored No Alarm,0,0,0,0,0,1,0.003010361921042204,,2017-10-30,,0.089
ZCH06HP7,0,0,,,,Censored No Alarm,0,0,0,0,0,1,0.002770703285932541,,2017-11-09,,0.089
ZCH06HV3,0,0,,,,Censored No Alarm,0,0,0,0,0,1,0.0021987652871757746,,2018-01-05,,0.089
ZCH06HWS,0,0,,,,Censored No Alarm,0,0,0,0,0,1,0.008947480469942093,,2017-11-14,,0.089
ZCH06HXR,0,0,,,,Censored No Alarm,0,0,0,0,0,1,0.0054216645658016205,,2017-11-09,,0.089
ZCH06HZL,1,1,2018-08-15,2019-02-12,181.0,Early,0,1,0,1,0,0,0.1176796704530716,0.11730442196130753,2017-11-09,279.0,0.089
ZCH06J1N,0,0,,,,Censored No Alarm,0,0,0,0,0,1,0.0021059236023575068,,2017-10-21,,0.089
ZCH06J2L,0,0,,,,Censored No Alarm,0,0,0,0,0,1,0.003936699125915766,,2018-08-07,,0.089
ZCH06J3G,0,0,,,,Censored No Alarm,0,0,0,0,0,1,0.00241741887293756,,2018-01-06,,0.089
ZCH06J3Z,0,0,,,,Censored No Alarm,0,0,0,0,0,1,0.00185466802213341,,2017-11-14,,0.089
ZCH06J4E,0,0,,,,Censored No Alarm,0,0,0,0,0,1,0.002400518860667944,,2017-10-30,,0.089
ZCH06J7F,0,0,,,,Censored No Alarm,0,0,0,0,0,1,0.0024386970326304436,,2017-12-21,,0.089
ZCH06JX0,0,0,,,,Censored No Alarm,0,0,0,0,0,1,0.0020784507505595684,,2017-12-21,,0.089
ZCH06JZT,0,0,,,,Censored No Alarm,0,0,0,0,0,1,0.0018356344662606716,,2017-10-30,,0.089
ZCH06K13,0,0,,,,Censored No Alarm,0,0,0,0,0,1,0.0028494936414062977,,2017-10-30,,0.089
ZCH06K3J,0,0,,,,Censored No Alarm,0,0,0,0,0,1,0.0039942217990756035,,2017-11-09,,0.089
ZCH06K6X,0,0,,,,Censored No Alarm,0,0,0,0,0,1,0.0016874164575710893,,2017-11-14,,0.089
ZCH06KDS,0,0,,,,Censored No Alarm,0,0,0,0,0,1,0.0019426655489951372,,2017-11-09,,0.089
ZCH06KF0,0,0,,,,Censored No Alarm,0,0,0,0,0,1,0.002160501666367054,,2017-10-21,,0.089
ZCH06KHD,0,0,,,,Censored No Alarm,0,0,0,0,0,1,0.0021673226729035378,,2017-10-21,,0.089
ZCH06KLH,0,0,,,,Censored No Alarm,0,0,0,0,0,1,0.003999147564172745,,2017-10-21,,0.089
ZCH06KLM,0,0,,,,Censored No Alarm,0,0,0,0,0,1,0.0021673226729035378,,2017-10-21,,0.089
ZCH06KNC,0,0,,,,Censored No Alarm,0,0,0,0,0,1,0.0019038537284359336,,2018-01-06,,0.089
ZCH06KND,0,0,,,,Censored No Alarm,0,0,0,0,0,1,0.002132601570338011,,2017-10-21,,0.089
ZCH06KRV,0,0,,,,Censored No Alarm,0,0,0,0,0,1,0.00185466802213341,,2017-11-14,,0.089
ZCH06KV0,0,0,,,,Censored No Alarm,0,0,0,0,0,1,0.0021987652871757746,,2018-01-05,,0.089
ZCH06KV6,0,0,,,,Censored No Alarm,0,0,0,0,0,1,0.0025085038505494595,,2017-12-21,,0.089
ZCH06KVC,0,0,,,,Censored No Alarm,0,0,0,0,0,1,0.0022069572005420923,,2017-10-30,,0.089
ZCH06KWH,0,0,,,,Censored No Alarm,0,0,0,0,0,1,0.002128999214619398,,2017-10-21,,0.089
ZCH06KXK,0,0,,,,Censored No Alarm,0,0,0,0,0,1,0.005230051930993795,,2018-08-22,,0.089
ZCH06KZM,0,0,,,,Censored No Alarm,0,0,0,0,0,1,0.002400518860667944,,2017-10-30,,0.089
ZCH06KZY,0,0,,,,Censored No Alarm,0,0,0,0,0,1,0.0019491600105538964,,2017-12-21,,0.089
ZCH06L04,0,0,,,,Censored No Alarm,0,0,0,0,0,1,0.0017766933888196945,,2017-12-21,,0.089
ZCH06L4E,0,0,,,,Censored No Alarm,0,0,0,0,0,1,0.0021004066802561283,,2017-10-30,,0.089
ZCH06L53,0,0,,,,Censored No Alarm,0,0,0,0,0,1,0.0016874164575710893,,2017-11-14,,0.089
ZCH06L5M,0,0,,,,Censored No Alarm,0,0,0,0,0,1,0.002192583866417408,,2017-11-14,,0.089
ZCH06L77,0,0,,,,Censored No Alarm,0,0,0,0,0,1,0.0022034181747585535,,2017-12-21,,0.089
ZCH06L7F,0,0,,,,Censored No Alarm,0,0,0,0,0,1,0.0020036278292536736,,2018-01-05,,0.089
ZCH06LAB,0,0,,,,Censored No Alarm,0,0,0,0,0,1,0.002400518860667944,,2017-10-30,,0.089
ZCH06LB9,0,0,,,,Censored No Alarm,0,0,0,0,0,1,0.0035695203114300966,,2018-08-23,,0.089
ZCH06LFH,0,0,,,,Censored No Alarm,0,0,0,0,0,1,0.00185466802213341,,2017-11-14,,0.089
ZCH06LG8,0,0,,,,Censored No Alarm,0,0,0,0,0,1,0.0021015561651438475,,2017-11-14,,0.089
ZCH06LH3,0,0,,,,Censored No Alarm,0,0,0,0,0,1,0.0017102364217862487,,2017-11-14,,0.089
ZCH06LHW,0,0,,,,Censored No Alarm,0,0,0,0,0,1,0.002359946956858039,,2017-10-30,,0.089
ZCH06LJ8,0,0,,,,Censored No Alarm,0,0,0,0,0,1,0.004032184835523367,,2017-12-21,,0.089
ZCH06LJQ,0,0,,,,Censored No Alarm,0,0,0,0,0,1,0.0013338234275579453,,2018-10-29,,0.089
ZCH06LK5,0,0,,,,Censored No Alarm,0,0,0,0,0,1,0.007626062259078026,,2017-10-21,,0.089
ZCH06LK8,0,0,,,,Censored No Alarm,0,0,0,0,0,1,0.0028079720214009285,,2017-10-30,,0.089
ZCH06LKP,0,0,,,,Censored No Alarm,0,0,0,0,0,1,0.0029210238717496395,,2018-08-07,,0.089
ZCH06LKW,0,0,,,,Censored No Alarm,0,0,0,0,0,1,0.0021344490814954042,,2017-10-30,,0.089
ZCH06LLM,0,0,,,,Censored No Alarm,0,0,0,0,0,1,0.0021987652871757746,,2018-01-05,,0.089
ZCH06LLZ,0,0,,,,Censored No Alarm,0,0,0,0,0,1,0.023855801671743393,,2017-10-30,,0.089
ZCH06LMQ,0,0,,,,Censored No Alarm,0,0,0,0,0,1,0.0022276868112385273,,2017-10-30,,0.089
ZCH06LMW,0,0,,,,Censored No Alarm,0,0,0,0,0,1,0.00427864957600832,,2017-10-30,,0.089
ZCH06LN7,0,0,,,,Censored No Alarm,0,0,0,0,0,1,0.044013384729623795,,2017-11-14,,0.089
ZCH06LP8,0,0,,,,Censored No Alarm,0,0,0,0,0,1,0.0021742398384958506,,2017-10-30,,0.089
ZCH06LQ1,0,0,,,,Censored No Alarm,0,0,0,0,0,1,0.002400518860667944,,2017-10-21,,0.089
ZCH06LQX,0,0,,,,Censored No Alarm,0,0,0,0,0,1,0.003201112151145935,,2017-10-30,,0.089
ZCH06LR1,0,0,,,,Censored No Alarm,0,0,0,0,0,1,0.0717630535364151,,2017-10-21,,0.089
ZCH06LS1,0,0,,,,Censored No Alarm,0,0,0,0,0,1,0.0020609069615602493,,2018-01-05,,0.089
ZCH06LSJ,0,0,,,,Censored No Alarm,0,0,0,0,0,1,0.003326072823256254,,2017-12-21,,0.089
ZCH06LT2,0,0,,,,Censored No Alarm,0,0,0,0,0,1,0.0017270541284233332,,2017-11-14,,0.089
ZCH06LTE,0,0,,,,Censored No Alarm,0,0,0,0,0,1,0.05361391231417656,,2017-12-20,,0.089
ZCH06LTN,0,0,,,,Censored No Alarm,0,0,0,0,0,1,0.0022513598669320345,,2017-12-21,,0.089
ZCH06LTV,0,0,,,,Censored No Alarm,0,0,0,0,0,1,0.0021742398384958506,,2017-10-30,,0.089
ZCH06LX7,0,0,,,,Censored No Alarm,0,0,0,0,0,1,0.004192734602838755,,2017-10-30,,0.089
ZCH06LXJ,0,0,,,,Censored No Alarm,0,0,0,0,0,1,0.0020208919886499643,,2017-10-30,,0.089
ZCH06LYQ,0,0,,,,Censored No Alarm,0,0,0,0,0,1,0.0022938738111406565,,2017-11-09,,0.089
ZCH06LYX,0,0,,,,Censored No Alarm,0,0,0,0,0,1,0.002400518860667944,,2017-10-30,,0.089
ZCH06M0T,0,0,,,,Censored No Alarm,0,0,0,0,0,1,0.002080578589811921,,2017-10-30,,0.089
ZCH06M1A,0,0,,,,Censored No Alarm,0,0,0,0,0,1,0.002130295382812619,,2018-01-05,,0.089
ZCH06M2L,0,0,,,,Censored No Alarm,0,0,0,0,0,1,0.0016445741057395935,,2017-12-21,,0.089
ZCH06M3B,0,0,,,,Censored No Alarm,0,0,0,0,0,1,0.0025085038505494595,,2017-12-21,,0.089
ZCH06M3E,0,0,,,,Censored No Alarm,0,0,0,0,0,1,0.002023980487138033,,2017-10-30,,0.089
ZCH06M3Q,0,0,,,,Censored No Alarm,0,0,0,0,0,1,0.0020488931331783533,,2018-01-05,,0.089
ZCH06M5M,0,0,,,,Censored No Alarm,0,0,0,0,0,1,0.003073449246585369,,2017-10-21,,0.089
ZCH06M7Y,0,0,,,,Censored No Alarm,0,0,0,0,0,1,0.0028357033152133226,,2017-10-21,,0.089
ZCH06MCK,0,0,,,,Censored No Alarm,0,0,0,0,0,1,0.0014997213147580624,,2018-01-05,,0.089
ZCH06MDT,0,0,,,,Censored No Alarm,0,0,0,0,0,1,0.002004047390073538,,2017-12-20,,0.089
ZCH06MEB,0,0,,,,Censored No Alarm,0,0,0,0,0,1,0.00191601668484509,,2017-12-21,,0.089
ZCH06MJZ,0,1,2018-11-14,,,Censored Early,0,0,1,1,0,0,0.8769354224205017,0.11737522482872009,2017-10-30,380.0,0.089
ZCH06MKF,0,0,,,,Censored No Alarm,0,0,0,0,0,1,0.0024964201729744673,,2017-12-21,,0.089
ZCH06MM7,0,0,,,,Censored No Alarm,0,0,0,0,0,1,0.002266890602186322,,2017-10-30,,0.089
ZCH06MPE,0,0,,,,Censored No Alarm,0,0,0,0,0,1,0.0015447005862370133,,2017-11-14,,0.089
ZCH06MR5,1,0,,2018-02-10,,Missed,0,0,0,0,1,0,0.0013445786898955703,,2017-10-21,,0.089
ZCH06MSW,0,0,,,,Censored No Alarm,0,0,0,0,0,1,0.0020288533996790648,,2017-12-20,,0.089
ZCH06MT0,0,0,,,,Censored No Alarm,0,0,0,0,0,1,0.0028239483945071697,,2017-10-30,,0.089
ZCH06MT6,0,0,,,,Censored No Alarm,0,0,0,0,0,1,0.002497452311217785,,2017-10-30,,0.089
ZCH06MY4,0,0,,,,Censored No Alarm,0,0,0,0,0,1,0.002603300614282489,,2017-12-21,,0.089
ZCH06MZM,0,0,,,,Censored No Alarm,0,0,0,0,0,1,0.004279171582311392,,2017-12-20,,0.089
ZCH06N0B,0,0,,,,Censored No Alarm,0,0,0,0,0,1,0.014326752163469791,,2017-10-21,,0.089
ZCH06N0G,0,0,,,,Censored No Alarm,0,0,0,0,0,1,0.002321126637980342,,2017-10-30,,0.089
ZCH06N10,0,0,,,,Censored No Alarm,0,0,0,0,0,1,0.0018808571621775627,,2018-01-05,,0.089
ZCH06N1D,0,0,,,,Censored No Alarm,0,0,0,0,0,1,0.02505054697394371,,2018-01-05,,0.089
ZCH06N2W,0,0,,,,Censored No Alarm,0,0,0,0,0,1,0.0017114507500082254,,2017-10-30,,0.089
ZCH06N3F,0,0,,,,Censored No Alarm,0,0,0,0,0,1,0.001923255273140967,,2018-01-06,,0.089
ZCH06N4M,0,0,,,,Censored No Alarm,0,0,0,0,0,1,0.0023655251134186983,,2017-10-21,,0.089
ZCH06N50,0,0,,,,Censored No Alarm,0,0,0,0,0,1,0.00463505182415247,,2017-11-09,,0.089
ZCH06N5C,0,0,,,,Censored No Alarm,0,0,0,0,0,1,0.0023215804249048233,,2018-01-05,,0.089
ZCH06N5L,1,1,2020-01-07,2020-03-22,75.0,Early,0,1,0,1,0,0,0.1868460476398468,0.10149308294057846,2017-11-09,789.0,0.089
ZCH06N5T,0,0,,,,Censored No Alarm,0,0,0,0,0,1,0.0020311418920755386,,2017-12-21,,0.089
ZCH06N6B,0,1,2019-07-22,,,Censored Early,0,0,1,1,0,0,0.1211133748292923,0.08929738402366638,2017-10-30,630.0,0.089
ZCH06N8A,0,0,,,,Censored No Alarm,0,0,0,0,0,1,0.0836213156580925,,2018-01-05,,0.089
ZCH06N91,0,0,,,,Censored No Alarm,0,0,0,0,0,1,0.0025498471222817898,,2017-10-30,,0.089
ZCH06NAV,0,0,,,,Censored No Alarm,0,0,0,0,0,1,0.0022394100669771433,,2017-12-21,,0.089
ZCH06NB2,0,0,,,,Censored No Alarm,0,0,0,0,0,1,0.0010912228608503938,,2018-10-29,,0.089
ZCH06NC8,0,0,,,,Censored No Alarm,0,0,0,0,0,1,0.002400518860667944,,2017-10-30,,0.089
ZCH06NCT,0,0,,,,Censored No Alarm,0,0,0,0,0,1,0.001715344493277371,,2017-12-21,,0.089
ZCH06NDE,0,0,,,,Censored No Alarm,0,0,0,0,0,1,0.00152025802526623,,2017-11-14,,0.089
ZCH06NEC,0,0,,,,Censored No Alarm,0,0,0,0,0,1,0.0018707294948399067,,2017-11-14,,0.089
ZCH06NEM,0,0,,,,Censored No Alarm,0,0,0,0,0,1,0.002400518860667944,,2017-10-30,,0.089
ZCH06NER,0,0,,,,Censored No Alarm,0,0,0,0,0,1,0.002400518860667944,,2017-10-30,,0.089
ZCH06NEY,0,0,,,,Censored No Alarm,0,0,0,0,0,1,0.0018159592291340232,,2017-11-14,,0.089
ZCH06NFB,0,0,,,,Censored No Alarm,0,0,0,0,0,1,0.004279171582311392,,2017-12-20,,0.089
ZCH06NL1,0,0,,,,Censored No Alarm,0,0,0,0,0,1,0.0017390637658536434,,2017-10-30,,0.089
ZCH06NL8,0,0,,,,Censored No Alarm,0,0,0,0,0,1,0.08360762149095535,,2017-12-21,,0.089
ZCH06NND,0,0,,,,Censored No Alarm,0,0,0,0,0,1,0.005941615905612707,,2017-11-09,,0.089
ZCH06NNG,0,0,,,,Censored No Alarm,0,0,0,0,0,1,0.0017472002655267715,,2017-10-30,,0.089
ZCH06PAW,1,0,,2018-04-13,,Missed,0,0,0,0,1,0,0.0012415898963809013,,2018-01-05,,0.089
ZCH06PB8,0,0,,,,Censored No Alarm,0,0,0,0,0,1,0.0019839960150420666,,2017-12-21,,0.089
ZCH06PBE,0,0,,,,Censored No Alarm,0,0,0,0,0,1,0.0028552617877721786,,2017-10-21,,0.089
ZCH06PBG,0,0,,,,Censored No Alarm,0,0,0,0,0,1,0.00196168664842844,,2017-10-30,,0.089
ZCH06QE3,0,0,,,,Censored No Alarm,0,0,0,0,0,1,0.0018244184320792556,,2018-02-12,,0.089
ZCH06RX9,0,0,,,,Censored No Alarm,0,0,0,0,0,1,0.0011633530957624316,,2018-05-16,,0.089
ZCH06TBK,0,0,,,,Censored No Alarm,0,0,0,0,0,1,0.0020694418344646692,,2017-10-30,,0.089
ZCH06TBW,0,0,,,,Censored No Alarm,0,0,0,0,0,1,0.0016888170503079891,,2017-12-21,,0.089
ZCH06TCF,0,0,,,,Censored No Alarm,0,0,0,0,0,1,0.0017860763473436236,,2018-01-05,,0.089
ZCH06TER,0,0,,,,Censored No Alarm,0,0,0,0,0,1,0.0023901478853076696,,2017-11-09,,0.089
ZCH06TES,0,0,,,,Censored No Alarm,0,0,0,0,0,1,0.002692483365535736,,2017-12-20,,0.089
ZCH06TF6,0,0,,,,Censored No Alarm,0,0,0,0,0,1,0.0026241587474942207,,2017-10-21,,0.089
ZCH06TFV,0,0,,,,Censored No Alarm,0,0,0,0,0,1,0.001752845593728125,,2018-01-05,,0.089
ZCH06TH0,1,1,2019-02-18,2019-02-19,1.0,On time,1,0,0,0,0,0,0.34942498803138733,0.10331030935049057,2017-10-21,485.0,0.089
ZCH06TH7,0,0,,,,Censored No Alarm,0,0,0,0,0,1,0.0031701535917818546,,2017-12-21,,0.089
ZCH06TH9,0,0,,,,Censored No Alarm,0,0,0,0,0,1,0.0024190477561205626,,2017-10-21,,0.089
ZCH06TJ6,0,0,,,,Censored No Alarm,0,0,0,0,0,1,0.004218121059238911,,2018-01-05,,0.089
ZCH06TN4,0,0,,,,Censored No Alarm,0,0,0,0,0,1,0.002077527577057481,,2017-10-21,,0.089
ZCH06TSN,0,0,,,,Censored No Alarm,0,0,0,0,0,1,0.003382580354809761,,2017-10-21,,0.089
ZCH06TW0,0,0,,,,Censored No Alarm,0,0,0,0,0,1,0.001881413976661861,,2018-01-06,,0.089
ZCH06TW6,0,0,,,,Censored No Alarm,0,0,0,0,0,1,0.0024154074490070343,,2017-10-30,,0.089
ZCH06TXD,0,0,,,,Censored No Alarm,0,0,0,0,0,1,0.002323776949197054,,2017-10-21,,0.089
ZCH06TY2,0,0,,,,Censored No Alarm,0,0,0,0,0,1,0.0021578860469162464,,2017-10-30,,0.089
ZCH06TYE,0,0,,,,Censored No Alarm,0,0,0,0,0,1,0.0030700836796313524,,2017-12-21,,0.089
ZCH06TYL,0,0,,,,Censored No Alarm,0,0,0,0,0,1,0.0028807823546230793,,2018-01-05,,0.089
ZCH06TZY,0,0,,,,Censored No Alarm,0,0,0,0,0,1,0.0030834414064884186,,2017-10-30,,0.089
ZCH06V1D,0,0,,,,Censored No Alarm,0,0,0,0,0,1,0.006056474521756172,,2017-11-09,,0.089
ZCH06V1F,0,0,,,,Censored No Alarm,0,0,0,0,0,1,0.0020872498862445354,,2017-11-09,,0.089
ZCH06V7C,0,0,,,,Censored No Alarm,0,0,0,0,0,1,0.002490933518856764,,2018-01-05,,0.089
ZCH06VB0,0,0,,,,Censored No Alarm,0,0,0,0,0,1,0.002223850227892399,,2018-01-05,,0.089
ZCH06VDP,0,0,,,,Censored No Alarm,0,0,0,0,0,1,0.0018195289885625243,,2017-10-21,,0.089
ZCH06VEV,0,0,,,,Censored No Alarm,0,0,0,0,0,1,0.002619844162836671,,2018-01-05,,0.089
ZCH06VHC,0,0,,,,Censored No Alarm,0,0,0,0,0,1,0.011412247084081173,,2017-10-21,,0.089
ZCH06VJ9,0,0,,,,Censored No Alarm,0,0,0,0,0,1,0.0021956039126962423,,2017-10-30,,0.089
ZCH06VK8,0,0,,,,Censored No Alarm,0,0,0,0,0,1,0.0022538406774401665,,2017-12-21,,0.089
ZCH06VKY,0,0,,,,Censored No Alarm,0,0,0,0,0,1,0.0017682639881968498,,2018-01-05,,0.089
ZCH06VMK,0,0,,,,Censored No Alarm,0,0,0,0,0,1,0.001622795476578176,,2017-10-21,,0.089
ZCH06VP7,0,0,,,,Censored No Alarm,0,0,0,0,0,1,0.0016153360484167933,,2017-11-14,,0.089
ZCH06VPF,0,0,,,,Censored No Alarm,0,0,0,0,0,1,0.006683375686407089,,2017-10-30,,0.089
ZCH06VPP,0,0,,,,Censored No Alarm,0,0,0,0,0,1,0.0022152846213430166,,2017-12-20,,0.089
ZCH06VR6,0,0,,,,Censored No Alarm,0,0,0,0,0,1,0.0022161512169986963,,2017-12-21,,0.089
ZCH06VWM,0,0,,,,Censored No Alarm,0,0,0,0,0,1,0.001740599051117897,,2017-12-20,,0.089
ZCH06VZD,0,0,,,,Censored No Alarm,0,0,0,0,0,1,0.0021170296240597963,,2017-10-21,,0.089
ZCH06W01,0,0,,,,Censored No Alarm,0,0,0,0,0,1,0.002489887410774827,,2017-12-20,,0.089
ZCH06W0R,0,0,,,,Censored No Alarm,0,0,0,0,0,1,0.0022627541329711676,,2017-12-21,,0.089
ZCH06W23,0,0,,,,Censored No Alarm,0,0,0,0,0,1,0.0054475669749081135,,2017-10-21,,0.089
ZCH06W3T,0,0,,,,Censored No Alarm,0,0,0,0,0,1,0.0014559084083884954,,2018-01-13,,0.089
ZCH06W4L,1,0,,2020-04-03,,Missed,0,0,0,0,1,0,0.03145328909158707,,2017-10-21,,0.089
ZCH06W55,0,0,,,,Censored No Alarm,0,0,0,0,0,1,0.03274540603160858,,2017-11-14,,0.089
ZCH06W9E,0,0,,,,Censored No Alarm,0,0,0,0,0,1,0.001739039784297347,,2018-01-05,,0.089
ZCH06WD7,0,0,,,,Censored No Alarm,0,0,0,0,0,1,0.0017382294172421098,,2017-12-21,,0.089
ZCH06WFY,0,0,,,,Censored No Alarm,0,0,0,0,0,1,0.002004047390073538,,2017-12-20,,0.089
ZCH06WH9,0,0,,,,Censored No Alarm,0,0,0,0,0,1,0.001960168359801173,,2017-12-20,,0.089
ZCH06WJ1,0,0,,,,Censored No Alarm,0,0,0,0,0,1,0.002300463616847992,,2018-01-05,,0.089
ZCH06WMP,0,0,,,,Censored No Alarm,0,0,0,0,0,1,0.02272695302963257,,2017-12-20,,0.089
ZCH06WN9,0,0,,,,Censored No Alarm,0,0,0,0,0,1,0.0020183296874165535,,2017-12-21,,0.089
ZCH06WNA,0,0,,,,Censored No Alarm,0,0,0,0,0,1,0.0014943476999178529,,2018-01-05,,0.089
ZCH06WNT,0,0,,,,Censored No Alarm,0,0,0,0,0,1,0.006349649745970964,,2017-10-21,,0.089
ZCH06WP1,0,0,,,,Censored No Alarm,0,0,0,0,0,1,0.0036001186817884445,,2017-12-21,,0.089
ZCH06WR6,0,0,,,,Censored No Alarm,0,0,0,0,0,1,0.0020366732496768236,,2017-10-30,,0.089
ZCH06WSR,0,0,,,,Censored No Alarm,0,0,0,0,0,1,0.003186708316206932,,2018-01-30,,0.089
ZCH06WSW,0,0,,,,Censored No Alarm,0,0,0,0,0,1,0.0021004066802561283,,2017-10-30,,0.089
ZCH06WW2,0,0,,,,Censored No Alarm,0,0,0,0,0,1,0.0025003107730299234,,2017-12-21,,0.089
ZCH06WWK,1,1,2019-07-01,2019-07-16,15.0,On time,1,0,0,0,0,0,0.46054181456565857,0.09768228232860565,2018-01-05,542.0,0.089
ZCH06WXE,0,0,,,,Censored No Alarm,0,0,0,0,0,1,0.0018159592291340232,,2017-11-14,,0.089
ZCH06WYS,0,0,,,,Censored No Alarm,0,0,0,0,0,1,0.002203424694016576,,2017-10-21,,0.089
ZCH06X0Q,0,0,,,,Censored No Alarm,0,0,0,0,0,1,0.0027029584161937237,,2017-12-21,,0.089
ZCH06X1T,0,0,,,,Censored No Alarm,0,0,0,0,0,1,0.0017967441817745566,,2017-12-21,,0.089
ZCH06X4A,0,0,,,,Censored No Alarm,0,0,0,0,0,1,0.0022276868112385273,,2017-10-30,,0.089
ZCH06X4N,0,0,,,,Censored No Alarm,0,0,0,0,0,1,0.0022064039949327707,,2017-12-21,,0.089
ZCH06X6J,0,0,,,,Censored No Alarm,0,0,0,0,0,1,0.002400518860667944,,2017-10-30,,0.089
ZCH06XC0,0,0,,,,Censored No Alarm,0,0,0,0,0,1,0.001661451649852097,,2017-12-21,,0.089
ZCH06XD2,0,0,,,,Censored No Alarm,0,0,0,0,0,1,0.0016705850139260292,,2017-11-14,,0.089
ZCH06YMG,0,0,,,,Censored No Alarm,0,0,0,0,0,1,0.0019970291759818792,,2018-01-05,,0.089
ZCH06YN0,0,0,,,,Censored No Alarm,0,0,0,0,0,1,0.001975014340132475,,2017-10-21,,0.089
ZCH06YPB,0,0,,,,Censored No Alarm,0,0,0,0,0,1,0.0016371173551306129,,2017-12-21,,0.089
ZCH06YQ6,0,0,,,,Censored No Alarm,0,0,0,0,0,1,0.002385184168815613,,2017-12-21,,0.089
ZCH06YRJ,0,0,,,,Censored No Alarm,0,0,0,0,0,1,0.001948176883161068,,2018-01-05,,0.089
ZCH06YYQ,0,0,,,,Censored No Alarm,0,0,0,0,0,1,0.0017195572145283222,,2017-11-14,,0.089
ZCH06YZV,0,0,,,,Censored No Alarm,0,0,0,0,0,1,0.001975014340132475,,2017-10-21,,0.089
ZCH06Z0D,0,0,,,,Censored No Alarm,0,0,0,0,0,1,0.0023297464940696955,,2017-12-20,,0.089
ZCH06Z0Q,0,0,,,,Censored No Alarm,0,0,0,0,0,1,0.002967001171782613,,2017-10-21,,0.089
ZCH06Z1L,0,0,,,,Censored No Alarm,0,0,0,0,0,1,0.0024382828269153833,,2017-11-14,,0.089
ZCH06Z1V,0,0,,,,Censored No Alarm,0,0,0,0,0,1,0.0017766933888196945,,2017-12-21,,0.089
ZCH06ZR3,1,1,2019-02-03,2019-02-18,15.0,On time,1,0,0,0,0,0,0.1752147227525711,0.10105123370885849,2017-12-21,409.0,0.089
ZCH06ZSX,0,0,,,,Censored No Alarm,0,0,0,0,0,1,0.0018924843752756715,,2017-12-21,,0.089
ZCH06ZVF,0,0,,,,Censored No Alarm,0,0,0,0,0,1,0.0045373630709946156,,2017-11-09,,0.089
ZCH06ZW1,0,0,,,,Censored No Alarm,0,0,0,0,0,1,0.0017850488657131791,,2017-10-21,,0.089
ZCH06ZWN,0,0,,,,Censored No Alarm,0,0,0,0,0,1,0.07347481697797775,,2017-10-30,,0.089
ZCH07000,0,0,,,,Censored No Alarm,0,0,0,0,0,1,0.002045041648671031,,2017-12-21,,0.089
ZCH0701C,0,0,,,,Censored No Alarm,0,0,0,0,0,1,0.001582661527208984,,2017-12-21,,0.089
ZCH07066,0,0,,,,Censored No Alarm,0,0,0,0,0,1,0.0014521138509735465,,2018-01-05,,0.089
ZCH07088,0,0,,,,Censored No Alarm,0,0,0,0,0,1,0.0017835303442552686,,2017-12-20,,0.089
ZCH0708M,0,0,,,,Censored No Alarm,0,0,0,0,0,1,0.0025827765930444,,2017-10-21,,0.089
ZCH0709Y,0,0,,,,Censored No Alarm,0,0,0,0,0,1,0.001857856521382928,,2018-04-27,,0.089
ZCH070BJ,0,0,,,,Censored No Alarm,0,0,0,0,0,1,0.002077527577057481,,2017-10-21,,0.089
ZCH070CD,0,0,,,,Censored No Alarm,0,0,0,0,0,1,0.004279171582311392,,2017-12-20,,0.089
ZCH070D4,0,0,,,,Censored No Alarm,0,0,0,0,0,1,0.008167331106960773,,2017-10-21,,0.089
ZCH070GZ,0,0,,,,Censored No Alarm,0,0,0,0,0,1,0.0024853080976754427,,2017-11-09,,0.089
ZCH070HE,0,0,,,,Censored No Alarm,0,0,0,0,0,1,0.002192945685237646,,2017-12-21,,0.089
ZCH070HM,0,0,,,,Censored No Alarm,0,0,0,0,0,1,0.001923255273140967,,2018-01-05,,0.089
ZCH070MN,1,1,2018-08-11,2018-09-17,37.0,Early,0,1,0,1,0,0,0.26813217997550964,0.12926490604877472,2017-12-21,233.0,0.089
ZCH070Q2,0,0,,,,Censored No Alarm,0,0,0,0,0,1,0.0018901899456977844,,2017-10-30,,0.089
ZCH070QK,0,0,,,,Censored No Alarm,0,0,0,0,0,1,0.0035280485171824694,,2017-10-21,,0.089
ZCH070TX,0,0,,,,Censored No Alarm,0,0,0,0,0,1,0.001923255273140967,,2018-01-05,,0.089
ZCH070V9,0,0,,,,Censored No Alarm,0,0,0,0,0,1,0.0030384936835616827,,2017-10-30,,0.089
ZCH070VR,1,1,2019-07-31,2019-08-01,1.0,On time,1,0,0,0,0,0,0.5899233222007751,0.5899233222007751,2017-10-21,648.0,0.089
ZCH070W8,0,0,,,,Censored No Alarm,0,0,0,0,0,1,0.0018765035783872008,,2017-11-14,,0.089
ZCH070YX,0,0,,,,Censored No Alarm,0,0,0,0,0,1,0.002045666566118598,,2017-12-20,,0.089
ZCH070ZQ,1,1,2018-10-02,2018-10-02,0.0,On time,1,0,0,0,0,0,0.5399766564369202,0.5399766564369202,2018-03-12,204.0,0.089
ZCH07104,0,0,,,,Censored No Alarm,0,0,0,0,0,1,0.0014479209203273058,,2018-02-12,,0.089
ZCH0711L,0,0,,,,Censored No Alarm,0,0,0,0,0,1,0.002160172676667571,,2017-10-21,,0.089
ZCH0712A,0,0,,,,Censored No Alarm,0,0,0,0,0,1,0.002555317711085081,,2017-10-21,,0.089
ZCH0712B,0,0,,,,Censored No Alarm,0,0,0,0,0,1,0.002189815742895007,,2017-10-30,,0.089
ZCH07174,0,0,,,,Censored No Alarm,0,0,0,0,0,1,0.001354395062662661,,2018-01-05,,0.089
ZCH0719X,0,0,,,,Censored No Alarm,0,0,0,0,0,1,0.0020248061046004295,,2017-12-20,,0.089
ZCH071C0,0,0,,,,Censored No Alarm,0,0,0,0,0,1,0.0019403158221393824,,2017-10-21,,0.089
ZCH071CQ,0,0,,,,Censored No Alarm,0,0,0,0,0,1,0.001698833773843944,,2017-10-21,,0.089
ZCH071FX,0,0,,,,Censored No Alarm,0,0,0,0,0,1,0.0019202844705432653,,2017-10-21,,0.089
ZCH071GA,0,0,,,,Censored No Alarm,0,0,0,0,0,1,0.002844566246494651,,2017-10-21,,0.089
ZCH071GV,0,0,,,,Censored No Alarm,0,0,0,0,0,1,0.0019321312429383397,,2017-12-21,,0.089
ZCH071H4,0,0,,,,Censored No Alarm,0,0,0,0,0,1,0.0023306389339268208,,2017-10-21,,0.089
ZCH071JA,0,0,,,,Censored No Alarm,0,0,0,0,0,1,0.0018035107059404254,,2017-11-14,,0.089
ZCH071LA,0,0,,,,Censored No Alarm,0,0,0,0,0,1,0.0024619775358587503,,2017-10-21,,0.089
ZCH071LB,0,0,,,,Censored No Alarm,0,0,0,0,0,1,0.0021987652871757746,,2018-01-05,,0.089
ZCH071Q1,0,0,,,,Censored No Alarm,0,0,0,0,0,1,0.003042933065444231,,2017-10-30,,0.089
ZCH071Q9,0,0,,,,Censored No Alarm,0,0,0,0,0,1,0.0021987652871757746,,2018-01-05,,0.089
ZCH071QV,0,0,,,,Censored No Alarm,0,0,0,0,0,1,0.004526895005255938,,2017-11-09,,0.089
ZCH071S7,0,0,,,,Censored No Alarm,0,0,0,0,0,1,0.00185466802213341,,2017-11-14,,0.089
ZCH071SK,0,0,,,,Censored No Alarm,0,0,0,0,0,1,0.002080578589811921,,2017-10-30,,0.089
ZCH071WA,0,0,,,,Censored No Alarm,0,0,0,0,0,1,0.0018138998420909047,,2018-01-05,,0.089
ZCH071WQ,0,0,,,,Censored No Alarm,0,0,0,0,0,1,0.0021987652871757746,,2018-01-05,,0.089
ZCH071WR,0,0,,,,Censored No Alarm,0,0,0,0,0,1,0.002622819971293211,,2017-10-30,,0.089
ZCH071YA,0,0,,,,Censored No Alarm,0,0,0,0,0,1,0.0015674588503316045,,2018-01-06,,0.089
ZCH07207,0,0,,,,Censored No Alarm,0,0,0,0,0,1,0.003042933065444231,,2017-10-30,,0.089
ZCH0720N,0,0,,,,Censored No Alarm,0,0,0,0,0,1,0.00261149974539876,,2017-11-14,,0.089
ZCH07215,0,0,,,,Censored No Alarm,0,0,0,0,0,1,0.0015811469638720155,,2017-11-14,,0.089
ZCH0723C,0,0,,,,Censored No Alarm,0,0,0,0,0,1,0.002297988161444664,,2017-10-30,,0.089
ZCH0723W,0,0,,,,Censored No Alarm,0,0,0,0,0,1,0.002807548502460122,,2017-12-20,,0.089
ZCH07256,0,0,,,,Censored No Alarm,0,0,0,0,0,1,0.002223850227892399,,2018-01-05,,0.089
ZCH0727L,0,0,,,,Censored No Alarm,0,0,0,0,0,1,0.002223850227892399,,2018-01-06,,0.089
ZCH0728P,0,0,,,,Censored No Alarm,0,0,0,0,0,1,0.0018848268082365394,,2017-12-20,,0.089
ZCH072DC,0,0,,,,Censored No Alarm,0,0,0,0,0,1,0.0022034181747585535,,2017-12-21,,0.089
ZCH072LN,0,0,,,,Censored No Alarm,0,0,0,0,0,1,0.0018608042737469077,,2017-11-14,,0.089
ZCH072LW,0,0,,,,Censored No Alarm,0,0,0,0,0,1,0.001694475649856031,,2017-12-21,,0.089
ZCH072P4,1,1,2018-05-28,2018-06-02,5.0,On time,1,0,0,0,0,0,0.09995833039283752,0.09995833039283752,2017-10-21,219.0,0.089
ZCH072Q6,0,0,,,,Censored No Alarm,0,0,0,0,0,1,0.0016638697125017643,,2017-11-14,,0.089
ZCH072X5,0,0,,,,Censored No Alarm,0,0,0,0,0,1,0.004279171582311392,,2017-12-20,,0.089
ZCH072XA,0,0,,,,Censored No Alarm,0,0,0,0,0,1,0.0019296251703053713,,2017-11-14,,0.089
ZCH072XV,0,0,,,,Censored No Alarm,0,0,0,0,0,1,0.0027183506172150373,,2017-10-21,,0.089
ZCH072ZK,0,0,,,,Censored No Alarm,0,0,0,0,0,1,0.0016680244589224458,,2017-12-21,,0.089
ZCH07305,0,0,,,,Censored No Alarm,0,0,0,0,0,1,0.0018081797752529383,,2017-11-14,,0.089
ZCH07338,0,0,,,,Censored No Alarm,0,0,0,0,0,1,0.0025856478605419397,,2017-12-20,,0.089
ZCH0733C,0,0,,,,Censored No Alarm,0,0,0,0,0,1,0.0018665360985323787,,2018-01-05,,0.089
ZCH0733K,0,0,,,,Censored No Alarm,0,0,0,0,0,1,0.0030693525914102793,,2017-11-14,,0.089
ZCH07343,0,0,,,,Censored No Alarm,0,0,0,0,0,1,0.0027185152284801006,,2018-02-12,,0.089
ZCH07344,1,0,,2019-03-15,,Missed,0,0,0,0,1,0,0.0014575592940673232,,2017-11-14,,0.089
ZCH07349,0,0,,,,Censored No Alarm,0,0,0,0,0,1,0.003882327349856496,,2019-02-10,,0.089
ZCH0736Z,0,0,,,,Censored No Alarm,0,0,0,0,0,1,0.005579629447311163,,2017-11-09,,0.089
ZCH07380,0,0,,,,Censored No Alarm,0,0,0,0,0,1,0.0021987652871757746,,2018-01-05,,0.089
ZCH073C6,0,0,,,,Censored No Alarm,0,0,0,0,0,1,0.0023329462856054306,,2017-12-21,,0.089
ZCH073D5,0,0,,,,Censored No Alarm,0,0,0,0,0,1,0.001622305135242641,,2017-12-21,,0.089
ZCH073E1,0,0,,,,Censored No Alarm,0,0,0,0,0,1,0.004112728871405125,,2017-11-09,,0.089
ZCH073E3,0,0,,,,Censored No Alarm,0,0,0,0,0,1,0.0017958045937120914,,2017-12-21,,0.089
ZCH073FQ,0,0,,,,Censored No Alarm,0,0,0,0,0,1,0.0018485297914594412,,2017-11-14,,0.089
ZCH073G4,0,0,,,,Censored No Alarm,0,0,0,0,0,1,0.0019403158221393824,,2017-10-21,,0.089
ZCH073KS,0,0,,,,Censored No Alarm,0,0,0,0,0,1,0.005255143623799086,,2018-01-06,,0.089
ZCH073RE,0,0,,,,Censored No Alarm,0,0,0,0,0,1,0.0025906292721629143,,2017-10-30,,0.089
ZCH073TC,0,0,,,,Censored No Alarm,0,0,0,0,0,1,0.0037229268345981836,,2017-10-21,,0.089
ZCH073VM,0,0,,,,Censored No Alarm,0,0,0,0,0,1,0.004293356090784073,,2018-11-05,,0.089
ZCH073WD,0,0,,,,Censored No Alarm,0,0,0,0,0,1,0.0020286061335355043,,2017-10-21,,0.089
ZCH073Z9,1,1,2018-12-16,2018-12-17,1.0,On time,1,0,0,0,0,0,0.31560567021369934,0.1842259168624878,2017-10-21,421.0,0.089
ZCH0746F,0,0,,,,Censored No Alarm,0,0,0,0,0,1,0.0018256953917443752,,2018-01-05,,0.089
ZCH0747X,0,0,,,,Censored No Alarm,0,0,0,0,0,1,0.001977073960006237,,2017-12-21,,0.089
ZCH074C0,0,0,,,,Censored No Alarm,0,0,0,0,0,1,0.0025332551449537277,,2017-11-09,,0.089
ZCH074HR,0,0,,,,Censored No Alarm,0,0,0,0,0,1,0.0014958645915612578,,2018-01-05,,0.089
ZCH074J2,0,0,,,,Censored No Alarm,0,0,0,0,0,1,0.0016554079484194517,,2018-01-05,,0.089
ZCH074KP,0,0,,,,Censored No Alarm,0,0,0,0,0,1,0.0021792941261082888,,2018-01-05,,0.089
ZCH074LW,0,0,,,,Censored No Alarm,0,0,0,0,0,1,0.0018081797752529383,,2017-11-14,,0.089
ZCH074M1,0,0,,,,Censored No Alarm,0,0,0,0,0,1,0.002077527577057481,,2017-10-21,,0.089
ZCH074P8,0,0,,,,Censored No Alarm,0,0,0,0,0,1,0.002223850227892399,,2018-01-05,,0.089
ZCH074RH,0,0,,,,Censored No Alarm,0,0,0,0,0,1,0.0016494743758812547,,2018-02-12,,0.089
ZCH074SB,0,0,,,,Censored No Alarm,0,0,0,0,0,1,0.0020579160191118717,,2017-10-21,,0.089
ZCH075RJ,0,0,,,,Censored No Alarm,0,0,0,0,0,1,0.0016888170503079891,,2017-12-21,,0.089
ZCH075V0,1,0,,2019-04-23,,Missed,0,0,0,0,1,0,0.019276145845651627,,2017-12-20,,0.089
ZCH075ZA,0,0,,,,Censored No Alarm,0,0,0,0,0,1,0.0019403158221393824,,2017-10-21,,0.089
ZCH075ZZ,0,0,,,,Censored No Alarm,0,0,0,0,0,1,0.03996127098798752,,2017-12-21,,0.089
ZCH076HA,0,0,,,,Censored No Alarm,0,0,0,0,0,1,0.004712128080427647,,2019-01-18,,0.089
ZCH076J2,0,0,,,,Censored No Alarm,0,0,0,0,0,1,0.001528362394310534,,2018-01-05,,0.089
ZCH076J8,0,0,,,,Censored No Alarm,0,0,0,0,0,1,0.0070521291345357895,,2017-10-21,,0.089
ZCH076M5,0,0,,,,Censored No Alarm,0,0,0,0,0,1,0.003075960325077176,,2017-12-20,,0.089
ZCH076NA,0,0,,,,Censored No Alarm,0,0,0,0,0,1,0.0025076449383050203,,2017-11-09,,0.089
ZCH076ZR,0,0,,,,Censored No Alarm,0,0,0,0,0,1,0.002186618512496352,,2018-01-12,,0.089
ZCH07711,0,0,,,,Censored No Alarm,0,0,0,0,0,1,0.05202317610383034,,2017-11-14,,0.089
ZCH07727,0,0,,,,Censored No Alarm,0,0,0,0,0,1,0.0022276868112385273,,2017-10-30,,0.089
ZCH0775F,0,0,,,,Censored No Alarm,0,0,0,0,0,1,0.0023215804249048233,,2018-01-05,,0.089
ZCH07760,0,0,,,,Censored No Alarm,0,0,0,0,0,1,0.0018256953917443752,,2018-01-05,,0.089
ZCH07767,0,0,,,,Censored No Alarm,0,0,0,0,0,1,0.0023655251134186983,,2017-10-21,,0.089
ZCH0776A,0,0,,,,Censored No Alarm,0,0,0,0,0,1,0.002442301483824849,,2017-12-21,,0.089
ZCH077BD,0,0,,,,Censored No Alarm,0,0,0,0,0,1,0.004220553208142519,,2017-10-21,,0.089
ZCH077CR,0,0,,,,Censored No Alarm,0,0,0,0,0,1,0.01342200767248869,,2017-10-21,,0.089
ZCH077GA,0,0,,,,Censored No Alarm,0,0,0,0,0,1,0.0023697013966739178,,2017-11-09,,0.089
ZCH077JF,0,0,,,,Censored No Alarm,0,0,0,0,0,1,0.008602739311754704,,2017-10-30,,0.089
ZCH077K3,0,0,,,,Censored No Alarm,0,0,0,0,0,1,0.0020081603433936834,,2017-12-20,,0.089
ZCH077K6,0,0,,,,Censored No Alarm,0,0,0,0,0,1,0.001796585158444941,,2017-10-21,,0.089
ZCH077KF,0,0,,,,Censored No Alarm,0,0,0,0,0,1,0.0022034181747585535,,2017-12-21,,0.089
ZCH077LD,0,1,2019-10-08,,,Censored Early,0,0,1,1,0,0,0.35143792629241943,0.3194989562034607,2017-10-21,717.0,0.089
ZCH077MB,0,0,,,,Censored No Alarm,0,0,0,0,0,1,0.0018725841073319316,,2017-11-14,,0.089
ZCH077N0,0,0,,,,Censored No Alarm,0,0,0,0,0,1,0.002400518860667944,,2017-10-21,,0.089
ZCH077N9,1,1,2019-06-09,2019-06-12,3.0,On time,1,0,0,0,0,0,0.574093759059906,0.3930701017379761,2017-11-14,572.0,0.089
ZCH077P5,1,0,,2017-12-24,,Missed,0,0,0,0,1,0,0.0010595087660476565,,2017-12-21,,0.089
ZCH077Q1,0,0,,,,Censored No Alarm,0,0,0,0,0,1,0.0026358061004430056,,2017-12-21,,0.089
ZCH077X8,0,0,,,,Censored No Alarm,0,0,0,0,0,1,0.002400518860667944,,2017-10-21,,0.089
ZCH077XN,0,0,,,,Censored No Alarm,0,0,0,0,0,1,0.0013429827522486448,,2018-03-12,,0.089
ZCH077XZ,0,0,,,,Censored No Alarm,0,0,0,0,0,1,0.0022436650469899178,,2018-01-05,,0.089
ZCH07818,0,0,,,,Censored No Alarm,0,0,0,0,0,1,0.003084304742515087,,2017-10-30,,0.089
ZCH07848,0,0,,,,Censored No Alarm,0,0,0,0,0,1,0.002045041648671031,,2017-12-21,,0.089
ZCH0786A,0,0,,,,Censored No Alarm,0,0,0,0,0,1,0.002110507106408477,,2017-11-09,,0.089
ZCH0786X,0,0,,,,Censored No Alarm,0,0,0,0,0,1,0.001856364426203072,,2017-10-21,,0.089
ZCH07879,0,0,,,,Censored No Alarm,0,0,0,0,0,1,0.0018288090359419584,,2017-12-20,,0.089
ZCH0788V,0,0,,,,Censored No Alarm,0,0,0,0,0,1,0.0030648952815681696,,2018-04-27,,0.089
ZCH078A4,0,0,,,,Censored No Alarm,0,0,0,0,0,1,0.032719891518354416,,2017-10-30,,0.089
ZCH078DW,0,0,,,,Censored No Alarm,0,0,0,0,0,1,0.0018081797752529383,,2017-11-14,,0.089
ZCH078HG,0,0,,,,Censored No Alarm,0,0,0,0,0,1,0.01046486385166645,,2017-11-09,,0.089
ZCH078HY,0,0,,,,Censored No Alarm,0,0,0,0,0,1,0.0020131957717239857,,2017-11-14,,0.089
ZCH078J5,1,0,,2020-11-23,,Missed,0,0,0,0,1,0,0.0585143119096756,,2017-11-09,,0.089
ZCH078JT,0,0,,,,Censored No Alarm,0,0,0,0,0,1,0.0034111104905605316,,2017-11-09,,0.089
ZCH078LB,0,0,,,,Censored No Alarm,0,0,0,0,0,1,0.01287927571684122,,2017-10-21,,0.089
ZCH078R2,0,0,,,,Censored No Alarm,0,0,0,0,0,1,0.001748371752910316,,2017-10-21,,0.089
ZCH078XT,0,0,,,,Censored No Alarm,0,0,0,0,0,1,0.0024190477561205626,,2017-10-21,,0.089
ZCH078YM,1,1,2019-09-01,2019-09-13,12.0,On time,1,0,0,0,0,0,0.09366306662559509,0.09366306662559509,2017-10-21,680.0,0.089
ZCH078Z9,0,0,,,,Censored No Alarm,0,0,0,0,0,1,0.0028590504080057144,,2017-10-21,,0.089
ZCH078ZT,0,0,,,,Censored No Alarm,0,0,0,0,0,1,0.002599029801785946,,2017-10-30,,0.089
ZCH07902,0,0,,,,Censored No Alarm,0,0,0,0,0,1,0.0023655251134186983,,2017-10-21,,0.089
ZCH07955,0,0,,,,Censored No Alarm,0,0,0,0,0,1,0.0021952069364488125,,2017-10-30,,0.089
ZCH07967,0,0,,,,Censored No Alarm,0,0,0,0,0,1,0.003073449246585369,,2017-10-21,,0.089
ZCH079P1,0,0,,,,Censored No Alarm,0,0,0,0,0,1,0.0022527805995196104,,2018-03-12,,0.089
ZCH07APA,0,0,,,,Censored No Alarm,0,0,0,0,0,1,0.0012440503342077136,,2018-03-12,,0.089
ZCH07AV8,0,0,,,,Censored No Alarm,0,0,0,0,0,1,0.006001399364322424,,2017-12-20,,0.089
ZCH07AW1,0,0,,,,Censored No Alarm,0,0,0,0,0,1,0.08343010395765305,,2017-10-30,,0.089
ZCH07AY0,0,0,,,,Censored No Alarm,0,0,0,0,0,1,0.0013747122138738632,,2018-01-05,,0.089
ZCH07AYE,1,1,2019-12-16,2019-12-28,12.0,On time,1,0,0,0,0,0,0.11923936754465103,0.0899541899561882,2017-10-21,786.0,0.089
ZCH07AYF,0,0,,,,Censored No Alarm,0,0,0,0,0,1,0.0020784507505595684,,2017-12-21,,0.089
ZCH07B2T,0,0,,,,Censored No Alarm,0,0,0,0,0,1,0.001464217435568571,,2017-11-14,,0.089
ZCH07B30,0,0,,,,Censored No Alarm,0,0,0,0,0,1,0.003882327349856496,,2018-11-20,,0.089
ZCH07B3B,0,0,,,,Censored No Alarm,0,0,0,0,0,1,0.0018489081412553787,,2017-10-21,,0.089
ZCH07B5H,0,0,,,,Censored No Alarm,0,0,0,0,0,1,0.0025462794583290815,,2017-10-30,,0.089
ZCH07B5Q,0,0,,,,Censored No Alarm,0,0,0,0,0,1,0.004547920543700457,,2018-11-06,,0.089
ZCH07B8E,0,0,,,,Censored No Alarm,0,0,0,0,0,1,0.0017871377058327198,,2017-11-14,,0.089
ZCH07BWD,1,0,,2019-12-13,,Missed,0,0,0,0,1,0,0.03900192305445671,,2017-10-21,,0.089
ZCH07C03,0,0,,,,Censored No Alarm,0,0,0,0,0,1,0.002700662240386009,,2017-12-21,,0.089
ZCH07C39,0,0,,,,Censored No Alarm,0,0,0,0,0,1,0.008137507364153862,,2017-11-09,,0.089
ZCH07C5P,1,0,,2019-05-14,,Missed,0,0,0,0,1,0,0.05027192831039429,,2017-12-21,,0.089
ZCH07C9V,0,0,,,,Censored No Alarm,0,0,0,0,0,1,0.001601362251676619,,2017-11-14,,0.089
ZCH07CDT,0,0,,,,Censored No Alarm,0,0,0,0,0,1,0.0018159592291340232,,2017-11-14,,0.089
ZCH07CFA,0,0,,,,Censored No Alarm,0,0,0,0,0,1,0.002223850227892399,,2018-01-06,,0.089
ZCH07CHS,0,0,,,,Censored No Alarm,0,0,0,0,0,1,0.004466749262064695,,2019-02-15,,0.089
ZCH07CMJ,0,0,,,,Censored No Alarm,0,0,0,0,0,1,0.0037251331377774477,,2017-10-21,,0.089
ZCH07CPZ,0,0,,,,Censored No Alarm,0,0,0,0,0,1,0.0017750391270965338,,2017-12-21,,0.089
ZCH07CQF,0,0,,,,Censored No Alarm,0,0,0,0,0,1,0.0032617810647934675,,2017-12-21,,0.089
ZCH07CQP,0,0,,,,Censored No Alarm,0,0,0,0,0,1,0.0016038472531363368,,2018-01-05,,0.089
ZCH07CQZ,0,0,,,,Censored No Alarm,0,0,0,0,0,1,0.0025169202126562595,,2017-11-09,,0.089
ZCH07CSS,0,0,,,,Censored No Alarm,0,0,0,0,0,1,0.006482825148850679,,2017-11-09,,0.089
ZCH07CZS,0,0,,,,Censored No Alarm,0,0,0,0,0,1,0.0017383594531565905,,2017-12-20,,0.089
ZCH07D03,0,0,,,,Censored No Alarm,0,0,0,0,0,1,0.0180793646723032,,2017-11-09,,0.089
ZCH07D08,0,0,,,,Censored No Alarm,0,0,0,0,0,1,0.0016874164575710893,,2017-11-14,,0.089
ZCH07D0Q,0,0,,,,Censored No Alarm,0,0,0,0,0,1,0.0025560217909514904,,2017-11-09,,0.089
ZCH07D3B,0,0,,,,Censored No Alarm,0,0,0,0,0,1,0.0014646267518401146,,2018-01-05,,0.089
ZCH07D4B,0,0,,,,Censored No Alarm,0,0,0,0,0,1,0.002095683477818966,,2017-12-20,,0.089
ZCH07DEH,0,0,,,,Censored No Alarm,0,0,0,0,0,1,0.001945416908711195,,2018-01-05,,0.089
ZCH07DGF,0,0,,,,Censored No Alarm,0,0,0,0,0,1,0.0021987652871757746,,2018-01-05,,0.089
ZCH07DHF,0,0,,,,Censored No Alarm,0,0,0,0,0,1,0.0017507767770439386,,2017-12-21,,0.089
ZCH07DNT,0,0,,,,Censored No Alarm,0,0,0,0,0,1,0.0021481947042047977,,2017-11-09,,0.089
ZCH07DS5,0,0,,,,Censored No Alarm,0,0,0,0,0,1,0.004039575345814228,,2017-12-20,,0.089
ZCH07DSJ,0,0,,,,Censored No Alarm,0,0,0,0,0,1,0.0017018497455865145,,2017-12-21,,0.089
ZCH07DTE,0,0,,,,Censored No Alarm,0,0,0,0,0,1,0.001618267735466361,,2018-01-05,,0.089
ZCH07DVP,1,0,,2018-03-28,,Missed,0,0,0,0,1,0,0.0014575592940673232,,2017-10-21,,0.089
ZCH07DVT,1,1,2020-09-09,2021-04-06,209.0,Early,0,1,0,1,0,0,0.8917114734649658,0.5890200734138489,2019-02-15,572.0,0.089
ZCH07DWL,0,0,,,,Censored No Alarm,0,0,0,0,0,1,0.002441548742353916,,2017-11-09,,0.089
ZCH07DZ4,0,0,,,,Censored No Alarm,0,0,0,0,0,1,0.0017133988440036774,,2017-12-21,,0.089
ZCH07DZY,0,0,,,,Censored No Alarm,0,0,0,0,0,1,0.0026622151490300894,,2017-12-21,,0.089
ZCH07E0J,0,0,,,,Censored No Alarm,0,0,0,0,0,1,0.0017850488657131791,,2017-10-21,,0.089
ZCH07E2H,0,0,,,,Censored No Alarm,0,0,0,0,0,1,0.0017556989332661033,,2017-11-14,,0.089
ZCH07E4J,0,0,,,,Censored No Alarm,0,0,0,0,0,1,0.002062662970274687,,2017-10-21,,0.089
ZCH07E7D,0,0,,,,Censored No Alarm,0,0,0,0,0,1,0.0022929462138563395,,2017-11-14,,0.089
ZCH07EA0,0,0,,,,Censored No Alarm,0,0,0,0,0,1,0.002203424694016576,,2017-10-21,,0.089
ZCH07EBD,0,0,,,,Censored No Alarm,0,0,0,0,0,1,0.002618811558932066,,2017-10-30,,0.089
ZCH07EBK,0,0,,,,Censored No Alarm,0,0,0,0,0,1,0.001752845593728125,,2018-01-05,,0.089
ZCH07EH1,0,0,,,,Censored No Alarm,0,0,0,0,0,1,0.0034671910107135773,,2017-12-21,,0.089
ZCH07EHE,0,0,,,,Censored No Alarm,0,0,0,0,0,1,0.004260898567736149,,2019-01-06,,0.089
ZCH07EJW,0,0,,,,Censored No Alarm,0,0,0,0,0,1,0.0018458993872627616,,2017-12-20,,0.089
ZCH07EL0,0,0,,,,Censored No Alarm,0,0,0,0,0,1,0.0017119982512667775,,2017-12-21,,0.089
ZCH07EL5,0,0,,,,Censored No Alarm,0,0,0,0,0,1,0.0036674924194812775,,2017-10-21,,0.089
ZCH07EL6,0,0,,,,Censored No Alarm,0,0,0,0,0,1,0.0019403158221393824,,2017-10-21,,0.089
ZCH07ELC,0,0,,,,Censored No Alarm,0,0,0,0,0,1,0.010991021990776062,,2017-11-09,,0.089
ZCH07ELF,0,0,,,,Censored No Alarm,0,0,0,0,0,1,0.001863302430137992,,2017-12-20,,0.089
ZCH07ENK,0,0,,,,Censored No Alarm,0,0,0,0,0,1,0.0026844085659831762,,2017-12-20,,0.089
ZCH07ERA,0,0,,,,Censored No Alarm,0,0,0,0,0,1,0.002518316265195608,,2017-11-09,,0.089
ZCH07ERN,0,0,,,,Censored No Alarm,0,0,0,0,0,1,0.001734084216877818,,2017-11-14,,0.089
ZCH07EVQ,0,0,,,,Censored No Alarm,0,0,0,0,0,1,0.0017955874791368842,,2018-03-12,,0.089
ZCH07EWK,0,0,,,,Censored No Alarm,0,0,0,0,0,1,0.0019348410423845053,,2017-11-09,,0.089
ZCH07EYX,0,0,,,,Censored No Alarm,0,0,0,0,0,1,0.004609209019690752,,2018-01-05,,0.089
ZCH07F3H,0,0,,,,Censored No Alarm,0,0,0,0,0,1,0.004039575345814228,,2017-12-20,,0.089
ZCH07F4Q,0,0,,,,Censored No Alarm,0,0,0,0,0,1,0.0025560217909514904,,2017-11-09,,0.089
ZCH07F4X,0,0,,,,Censored No Alarm,0,0,0,0,0,1,0.001865331782028079,,2017-12-21,,0.089
ZCH07F6Z,0,0,,,,Censored No Alarm,0,0,0,0,0,1,0.002077030250802636,,2018-01-05,,0.089
ZCH07FAH,0,0,,,,Censored No Alarm,0,0,0,0,0,1,0.002130036009475589,,2017-12-21,,0.089
ZCH07FG0,0,0,,,,Censored No Alarm,0,0,0,0,0,1,0.0018707294948399067,,2017-11-14,,0.089
ZCH07FLB,0,0,,,,Censored No Alarm,0,0,0,0,0,1,0.0019101013895124197,,2017-11-14,,0.089
ZCH07FLW,0,0,,,,Censored No Alarm,0,0,0,0,0,1,0.0016126320697367191,,2017-12-20,,0.089
ZCH07FNX,0,0,,,,Censored No Alarm,0,0,0,0,0,1,0.002192674670368433,,2017-11-14,,0.089
ZCH07FQV,0,0,,,,Censored No Alarm,0,0,0,0,0,1,0.016968263313174248,,2018-01-05,,0.089
ZCH07FVD,0,0,,,,Censored No Alarm,0,0,0,0,0,1,0.0016680244589224458,,2017-12-21,,0.089
ZCH07FX1,0,0,,,,Censored No Alarm,0,0,0,0,0,1,0.001687023788690567,,2017-12-21,,0.089
ZCH07G1S,0,0,,,,Censored No Alarm,0,0,0,0,0,1,0.0018890216015279293,,2017-10-30,,0.089
ZCH07G27,0,0,,,,Censored No Alarm,0,0,0,0,0,1,0.0021050218492746353,,2017-10-30,,0.089
ZCH07G29,1,1,2020-09-02,2020-09-03,1.0,On time,1,0,0,0,0,0,0.12528014183044434,0.12528014183044434,2017-11-14,1023.0,0.089
ZCH07G2T,0,0,,,,Censored No Alarm,0,0,0,0,0,1,0.004119572229683399,,2019-02-17,,0.089
ZCH07G7K,0,0,,,,Censored No Alarm,0,0,0,0,0,1,0.0018780188402161002,,2017-12-20,,0.089
ZCH07G9W,0,0,,,,Censored No Alarm,0,0,0,0,0,1,0.0030876733362674713,,2017-11-09,,0.089
ZCH07GGJ,0,0,,,,Censored No Alarm,0,0,0,0,0,1,0.0015830820193514228,,2018-10-29,,0.089
ZCH07GJR,0,0,,,,Censored No Alarm,0,0,0,0,0,1,0.020136769860982895,,2017-11-09,,0.089
ZCH07GKH,0,0,,,,Censored No Alarm,0,0,0,0,0,1,0.0018485297914594412,,2017-11-14,,0.089
ZCH07GQK,0,0,,,,Censored No Alarm,0,0,0,0,0,1,0.0018569043604657054,,2017-12-20,,0.089
ZCH07GRE,0,0,,,,Censored No Alarm,0,0,0,0,0,1,0.003279457101598382,,2017-12-21,,0.089
ZCH07GV6,0,0,,,,Censored No Alarm,0,0,0,0,0,1,0.0026004579849541187,,2017-12-21,,0.089
ZCH07GVC,0,0,,,,Censored No Alarm,0,0,0,0,0,1,0.0021589365787804127,,2017-11-09,,0.089
ZCH07GVD,0,0,,,,Censored No Alarm,0,0,0,0,0,1,0.0013437235029414296,,2018-01-05,,0.089
ZCH07GW7,0,0,,,,Censored No Alarm,0,0,0,0,0,1,0.002387737389653921,,2017-12-21,,0.089
ZCH07GWS,0,0,,,,Censored No Alarm,0,0,0,0,0,1,0.03812478110194206,,2018-01-05,,0.089
ZCH07GZ0,0,0,,,,Censored No Alarm,0,0,0,0,0,1,0.002478220732882619,,2017-12-21,,0.089
ZCH07GZC,0,0,,,,Censored No Alarm,0,0,0,0,0,1,0.001752637792378664,,2017-12-21,,0.089
ZCH07H1T,0,0,,,,Censored No Alarm,0,0,0,0,0,1,0.0016874164575710893,,2017-11-14,,0.089
ZCH07H1Y,0,0,,,,Censored No Alarm,0,0,0,0,0,1,0.0022594742476940155,,2017-12-21,,0.089
ZCH07H46,0,0,,,,Censored No Alarm,0,0,0,0,0,1,0.0026936952490359545,,2017-11-14,,0.089
ZCH07H4R,0,0,,,,Censored No Alarm,0,0,0,0,0,1,0.0017383594531565905,,2017-12-20,,0.089
ZCH07H6A,0,0,,,,Censored No Alarm,0,0,0,0,0,1,0.010547169484198093,,2017-11-09,,0.089
ZCH07H6B,0,0,,,,Censored No Alarm,0,0,0,0,0,1,0.0015769707970321178,,2017-12-20,,0.089
ZCH07HCT,0,0,,,,Censored No Alarm,0,0,0,0,0,1,0.0038125396240502596,,2017-11-09,,0.089
ZCH07HE8,0,0,,,,Censored No Alarm,0,0,0,0,0,1,0.0024722209200263023,,2017-12-21,,0.089
ZCH07HHL,1,0,,2019-09-24,,Missed,0,0,0,0,1,0,0.029150545597076416,,2017-10-21,,0.089
ZCH07HJ6,0,0,,,,Censored No Alarm,0,0,0,0,0,1,0.002139388583600521,,2017-12-21,,0.089
ZCH07HJ7,0,0,,,,Censored No Alarm,0,0,0,0,0,1,0.0015383543213829398,,2018-01-05,,0.089
ZCH07HK8,0,0,,,,Censored No Alarm,0,0,0,0,0,1,0.004279171582311392,,2017-12-20,,0.089
ZCH07HKV,0,0,,,,Censored No Alarm,0,0,0,0,0,1,0.002622819971293211,,2017-10-30,,0.089
ZCH07HM0,1,1,2019-10-18,2019-11-02,15.0,On time,1,0,0,0,0,0,0.7281172275543213,0.7281172275543213,2017-10-21,727.0,0.089
ZCH07HM3,0,0,,,,Censored No Alarm,0,0,0,0,0,1,0.0016354729887098074,,2017-11-14,,0.089
ZCH07HSE,0,0,,,,Censored No Alarm,0,0,0,0,0,1,0.0018982567125931382,,2017-12-20,,0.089
ZCH07HVC,0,0,,,,Censored No Alarm,0,0,0,0,0,1,0.00216263672336936,,2017-11-09,,0.089
ZCH07HW8,0,0,,,,Censored No Alarm,0,0,0,0,0,1,0.0013338234275579453,,2018-01-05,,0.089
ZCH07J4R,0,0,,,,Censored No Alarm,0,0,0,0,0,1,0.002242361195385456,,2017-12-20,,0.089
ZCH07J53,0,0,,,,Censored No Alarm,0,0,0,0,0,1,0.011712256819009781,,2019-01-01,,0.089
ZCH07J59,0,0,,,,Censored No Alarm,0,0,0,0,0,1,0.005323512479662895,,2017-11-14,,0.089
ZCH07JA2,0,0,,,,Censored No Alarm,0,0,0,0,0,1,0.0021680807694792747,,2017-12-20,,0.089
ZCH07JAG,1,1,2017-12-30,2018-01-20,21.0,On time,1,0,0,0,0,0,0.5925953388214111,0.08937520533800125,2017-12-20,10.0,0.089
ZCH07JBL,1,0,,2019-10-01,,Missed,0,0,0,0,1,0,0.0017405245453119278,,2017-12-20,,0.089
ZCH07JGB,0,0,,,,Censored No Alarm,0,0,0,0,0,1,0.0021665494423359632,,2017-11-09,,0.089
ZCH07JGW,0,0,,,,Censored No Alarm,0,0,0,0,0,1,0.002603300614282489,,2017-12-21,,0.089
ZCH07JJL,0,0,,,,Censored No Alarm,0,0,0,0,0,1,0.001853091991506517,,2017-11-09,,0.089
ZCH07JNG,0,0,,,,Censored No Alarm,0,0,0,0,0,1,0.0025960365310311317,,2017-12-21,,0.089
ZCH07JQ0,0,0,,,,Censored No Alarm,0,0,0,0,0,1,0.0025560217909514904,,2017-11-09,,0.089
ZCH07K1W,0,0,,,,Censored No Alarm,0,0,0,0,0,1,0.0016419978346675634,,2018-02-12,,0.089
ZCH07LZZ,0,0,,,,Censored No Alarm,0,0,0,0,0,1,0.0019282775465399027,,2017-10-21,,0.089
ZCH07M0N,0,0,,,,Censored No Alarm,0,0,0,0,0,1,0.0018380326218903065,,2017-11-14,,0.089
ZCH07M1S,0,0,,,,Censored No Alarm,0,0,0,0,0,1,0.0017871377058327198,,2017-11-14,,0.089
ZCH07M2C,0,0,,,,Censored No Alarm,0,0,0,0,0,1,0.0025560217909514904,,2017-11-09,,0.089
ZCH07M2F,0,0,,,,Censored No Alarm,0,0,0,0,0,1,0.0021987652871757746,,2018-01-05,,0.089
ZCH07M3M,0,0,,,,Censored No Alarm,0,0,0,0,0,1,0.004706154111772776,,2017-12-20,,0.089
ZCH07M3X,0,0,,,,Censored No Alarm,0,0,0,0,0,1,0.0020405943505465984,,2017-12-20,,0.089
ZCH07M5G,0,0,,,,Censored No Alarm,0,0,0,0,0,1,0.0019174214685335755,,2017-10-21,,0.089
ZCH07N5C,0,0,,,,Censored No Alarm,0,0,0,0,0,1,0.0017850488657131791,,2017-10-21,,0.089
ZCH07N7F,0,0,,,,Censored No Alarm,0,0,0,0,0,1,0.0019381919410079718,,2017-12-21,,0.089
ZCH07N8P,0,0,,,,Censored No Alarm,0,0,0,0,0,1,0.0013860712060704827,,2018-01-05,,0.089
ZCH07NBT,0,0,,,,Censored No Alarm,0,0,0,0,0,1,0.003400559304282069,,2017-10-21,,0.089
ZCH07NC8,0,0,,,,Censored No Alarm,0,0,0,0,0,1,0.006689193192869425,,2017-12-21,,0.089
ZCH07NCD,0,0,,,,Censored No Alarm,0,0,0,0,0,1,0.0016327857738360763,,2018-01-05,,0.089
ZCH07NEN,0,0,,,,Censored No Alarm,0,0,0,0,0,1,0.003877287032082677,,2017-11-14,,0.089
ZCH07NEY,0,0,,,,Censored No Alarm,0,0,0,0,0,1,0.006353811826556921,,2017-11-09,,0.089
ZCH07NGX,0,0,,,,Censored No Alarm,0,0,0,0,0,1,0.019543450325727463,,2018-10-29,,0.089
ZCH07NJC,0,0,,,,Censored No Alarm,0,0,0,0,0,1,0.0020449140574783087,,2017-12-20,,0.089
ZCH07NLF,1,1,2020-06-30,2020-07-10,10.0,On time,1,0,0,0,0,0,0.16899651288986206,0.15189723670482635,2017-11-09,964.0,0.089
ZCH07NP5,0,0,,,,Censored No Alarm,0,0,0,0,0,1,0.0015449190977960825,,2018-01-05,,0.089
ZCH07NS5,0,0,,,,Censored No Alarm,0,0,0,0,0,1,0.0058961897157132626,,2017-11-09,,0.089
ZCH07NSK,0,0,,,,Censored No Alarm,0,0,0,0,0,1,0.0029613373335450888,,2017-12-20,,0.089
ZCH07NSM,0,0,,,,Censored No Alarm,0,0,0,0,0,1,0.0019878896418958902,,2018-01-05,,0.089
ZCH07NSR,0,1,2020-09-01,,,Censored Early,0,0,1,1,0,0,0.2481975257396698,0.24589112401008606,2017-12-20,986.0,0.089
ZCH07NV9,0,0,,,,Censored No Alarm,0,0,0,0,0,1,0.002080578589811921,,2017-10-30,,0.089
ZCH07NW1,0,0,,,,Censored No Alarm,0,0,0,0,0,1,0.0018668229458853602,,2018-01-05,,0.089
ZCH07NWG,0,0,,,,Censored No Alarm,0,0,0,0,0,1,0.0016826620558276772,,2017-10-21,,0.089
ZCH07NX7,0,0,,,,Censored No Alarm,0,0,0,0,0,1,0.001864651800133288,,2019-02-18,,0.089
ZCH07NX8,0,0,,,,Censored No Alarm,0,0,0,0,0,1,0.006283420603722334,,2017-12-20,,0.089
ZCH07NY0,0,0,,,,Censored No Alarm,0,0,0,0,0,1,0.002144708065316081,,2018-01-06,,0.089
ZCH07NZE,1,0,,2020-12-04,,Missed,0,0,0,0,1,0,0.0021987652871757746,,2018-01-05,,0.089
ZCH07NZN,0,0,,,,Censored No Alarm,0,0,0,0,0,1,0.0013338234275579453,,2018-01-05,,0.089
ZCH07NZP,0,0,,,,Censored No Alarm,0,0,0,0,0,1,0.0032617810647934675,,2017-12-21,,0.089
ZCH07P53,0,1,2019-08-20,,,Censored Early,0,0,1,1,0,0,0.1263074427843094,0.11028113961219788,2017-11-09,649.0,0.089
ZCH07Q0G,0,0,,,,Censored No Alarm,0,0,0,0,0,1,0.0020036278292536736,,2018-01-05,,0.089
ZCH07Q0Q,0,0,,,,Censored No Alarm,0,0,0,0,0,1,0.0025959403719753027,,2017-12-20,,0.089
ZCH07Q46,0,0,,,,Censored No Alarm,0,0,0,0,0,1,0.005169559735804796,,2017-11-09,,0.089
ZCH07Q5P,0,0,,,,Censored No Alarm,0,0,0,0,0,1,0.0018405566224828362,,2017-11-14,,0.089
ZCH07Q61,0,0,,,,Censored No Alarm,0,0,0,0,0,1,0.0027693952433764935,,2017-11-09,,0.089
ZCH07Q8T,0,0,,,,Censored No Alarm,0,0,0,0,0,1,0.005759896710515022,,2017-11-09,,0.089
ZCH07QAB,0,0,,,,Censored No Alarm,0,0,0,0,0,1,0.001179416081868112,,2018-01-06,,0.089
ZCH07QBR,0,0,,,,Censored No Alarm,0,0,0,0,0,1,0.0015136472648009658,,2017-12-21,,0.089
ZCH07QC8,1,0,,2020-01-09,,Missed,0,0,0,0,1,0,0.07197552919387817,,2017-12-21,,0.089
ZCH07QDD,0,0,,,,Censored No Alarm,0,0,0,0,0,1,0.0017195572145283222,,2017-11-14,,0.089
ZCH07RJ1,1,0,,2020-02-07,,Missed,0,0,0,0,1,0,0.07360628247261047,,2018-10-29,,0.089
ZCH07RLC,1,1,2019-01-01,2019-01-02,1.0,On time,1,0,0,0,0,0,0.10971047729253769,0.10971047729253769,2017-11-09,418.0,0.089
ZCH07RLE,0,0,,,,Censored No Alarm,0,0,0,0,0,1,0.00261149974539876,,2017-11-14,,0.089
ZCH07RQT,1,0,,2021-07-07,,Missed,0,0,0,0,1,0,0.08361957967281342,,2017-11-09,,0.089
ZCH07RV2,0,0,,,,Censored No Alarm,0,0,0,0,0,1,0.0027386306319385767,,2017-12-21,,0.089
ZCH07RVL,0,0,,,,Censored No Alarm,0,0,0,0,0,1,0.0017615249380469322,,2018-01-05,,0.089
ZCH07RXX,0,0,,,,Censored No Alarm,0,0,0,0,0,1,0.0022496243473142385,,2017-12-20,,0.089
ZCH07RXY,0,0,,,,Censored No Alarm,0,0,0,0,0,1,0.002158442512154579,,2017-12-21,,0.089
ZCH07RYC,1,0,,2018-03-16,,Missed,0,0,0,0,1,0,0.0014575592940673232,,2017-11-14,,0.089
ZCH07RYF,0,0,,,,Censored No Alarm,0,0,0,0,0,1,0.03285064175724983,,2017-12-21,,0.089
ZCH07RYN,0,0,,,,Censored No Alarm,0,0,0,0,0,1,0.0025172841269522905,,2017-12-20,,0.089
ZCH07RYY,0,0,,,,Censored No Alarm,0,0,0,0,0,1,0.0025628104340285063,,2017-12-20,,0.089
ZCH07S1B,0,0,,,,Censored No Alarm,0,0,0,0,0,1,0.0029210238717496395,,2018-05-01,,0.089
ZCH07S1Y,1,0,,2021-05-11,,Missed,0,0,0,0,1,0,0.062263477593660355,,2017-11-09,,0.089
ZCH07SKQ,1,1,2019-07-22,2019-10-16,86.0,Early,0,1,0,1,0,0,0.09198804944753647,0.09038602560758591,2017-11-09,620.0,0.089
ZCH07SKS,0,0,,,,Censored No Alarm,0,0,0,0,0,1,0.0015575531870126724,,2017-12-20,,0.089
ZCH07SPJ,0,0,,,,Censored No Alarm,0,0,0,0,0,1,0.00185466802213341,,2017-11-14,,0.089
ZCH07SPW,0,0,,,,Censored No Alarm,0,0,0,0,0,1,0.0021015561651438475,,2017-11-14,,0.089
ZCH07SPX,0,0,,,,Censored No Alarm,0,0,0,0,0,1,0.0023305935319513083,,2017-12-20,,0.089
ZCH07SRP,0,0,,,,Censored No Alarm,0,0,0,0,0,1,0.002827906748279929,,2017-11-14,,0.089
ZCH07STW,0,0,,,,Censored No Alarm,0,0,0,0,0,1,0.009946556761860847,,2017-10-30,,0.089
ZCH07SXC,0,0,,,,Censored No Alarm,0,0,0,0,0,1,0.0021378693636506796,,2018-01-05,,0.089
ZCH07SZ5,0,0,,,,Censored No Alarm,0,0,0,0,0,1,0.002999409567564726,,2018-01-05,,0.089
ZCH07SZE,0,0,,,,Censored No Alarm,0,0,0,0,0,1,0.0016653791535645723,,2017-11-14,,0.089
ZCH07T1A,0,0,,,,Censored No Alarm,0,0,0,0,0,1,0.0018081797752529383,,2017-11-14,,0.089
ZCH07T1E,0,0,,,,Censored No Alarm,0,0,0,0,0,1,0.0022929462138563395,,2017-11-14,,0.089
ZCH07T1J,0,0,,,,Censored No Alarm,0,0,0,0,0,1,0.0013338234275579453,,2018-01-05,,0.089
ZCH07T24,0,0,,,,Censored No Alarm,0,0,0,0,0,1,0.0016705850139260292,,2017-11-14,,0.089
ZCH07T5T,0,0,,,,Censored No Alarm,0,0,0,0,0,1,0.002141839126124978,,2017-12-20,,0.089
ZCH07T7D,0,0,,,,Censored No Alarm,0,0,0,0,0,1,0.002257156651467085,,2017-11-09,,0.089
ZCH07TC5,0,0,,,,Censored No Alarm,0,0,0,0,0,1,0.06481420248746872,,2017-12-21,,0.089
ZCH07TCH,0,0,,,,Censored No Alarm,0,0,0,0,0,1,0.0019104123348370194,,2018-01-05,,0.089
ZCH07TCJ,0,0,,,,Censored No Alarm,0,0,0,0,0,1,0.0025878832675516605,,2017-12-21,,0.089
ZCH07TCW,0,0,,,,Censored No Alarm,0,0,0,0,0,1,0.0017991283675655723,,2018-01-05,,0.089
ZCH07TDB,0,0,,,,Censored No Alarm,0,0,0,0,0,1,0.008767419494688511,,2017-11-09,,0.089
ZCH07TDG,0,0,,,,Censored No Alarm,0,0,0,0,0,1,0.005700620822608471,,2017-11-09,,0.089
ZCH07TEA,0,0,,,,Censored No Alarm,0,0,0,0,0,1,0.0027519541326910257,,2018-12-05,,0.089
ZCH07TFT,0,0,,,,Censored No Alarm,0,0,0,0,0,1,0.01290174387395382,,2017-11-09,,0.089
ZCH07TH6,0,0,,,,Censored No Alarm,0,0,0,0,0,1,0.0016923579387366772,,2017-10-21,,0.089
ZCH07TK7,0,0,,,,Censored No Alarm,0,0,0,0,0,1,0.0024280259385704994,,2017-11-09,,0.089
ZCH07TLB,0,0,,,,Censored No Alarm,0,0,0,0,0,1,0.001960168359801173,,2017-12-20,,0.089
ZCH07VH1,0,0,,,,Censored No Alarm,0,0,0,0,0,1,0.010958811268210411,,2017-11-09,,0.089
ZCH07VJM,0,0,,,,Censored No Alarm,0,0,0,0,0,1,0.002912163035944104,,2018-01-05,,0.089
ZCH07VMC,0,0,,,,Censored No Alarm,0,0,0,0,0,1,0.0039275106973946095,,2017-11-09,,0.089
ZCH07VNT,0,0,,,,Censored No Alarm,0,0,0,0,0,1,0.002009249059483409,,2017-12-20,,0.089
ZCH07VPD,0,0,,,,Censored No Alarm,0,0,0,0,0,1,0.002534602303057909,,2017-12-21,,0.089
ZCH07VPN,0,0,,,,Censored No Alarm,0,0,0,0,0,1,0.001516525517217815,,2018-10-29,,0.089
ZCH07VSD,0,0,,,,Censored No Alarm,0,0,0,0,0,1,0.0014613380189985037,,2018-01-05,,0.089
ZCH07VYC,0,0,,,,Censored No Alarm,0,0,0,0,0,1,0.0017195572145283222,,2017-11-14,,0.089
ZCH07W0F,0,0,,,,Censored No Alarm,0,0,0,0,0,1,0.0025560217909514904,,2017-11-09,,0.089
ZCH07W0P,0,0,,,,Censored No Alarm,0,0,0,0,0,1,0.001498945290222764,,2017-11-14,,0.089
ZCH07W5E,0,0,,,,Censored No Alarm,0,0,0,0,0,1,0.004882451146841049,,2017-11-09,,0.089
ZCH07W60,0,0,,,,Censored No Alarm,0,0,0,0,0,1,0.0017622193554416299,,2017-12-20,,0.089
ZCH07WCW,0,0,,,,Censored No Alarm,0,0,0,0,0,1,0.004185813944786787,,2017-11-09,,0.089
ZCH07WD3,0,0,,,,Censored No Alarm,0,0,0,0,0,1,0.002095683477818966,,2017-12-20,,0.089
ZCH07WD8,0,0,,,,Censored No Alarm,0,0,0,0,0,1,0.002608485519886017,,2017-11-09,,0.089
ZCH07WFV,0,0,,,,Censored No Alarm,0,0,0,0,0,1,0.00301889656111598,,2017-12-21,,0.089
ZCH07WGJ,0,0,,,,Censored No Alarm,0,0,0,0,0,1,0.028361111879348755,,2017-10-21,,0.089
ZCH07WGZ,1,1,2018-06-10,2019-01-11,215.0,Early,0,1,0,1,0,0,0.2419401854276657,0.15931157767772675,2017-12-21,171.0,0.089
ZCH07WH5,0,0,,,,Censored No Alarm,0,0,0,0,0,1,0.00235273246653378,,2017-12-20,,0.089
ZCH07WJ6,0,0,,,,Censored No Alarm,0,0,0,0,0,1,0.0016900483751669526,,2017-12-20,,0.089
ZCH07WJF,0,0,,,,Censored No Alarm,0,0,0,0,0,1,0.0015769707970321178,,2017-12-20,,0.089
ZCH07WKA,0,0,,,,Censored No Alarm,0,0,0,0,0,1,0.0016611922765150666,,2017-12-21,,0.089
ZCH07WLR,0,0,,,,Censored No Alarm,0,0,0,0,0,1,0.0025172841269522905,,2017-12-20,,0.089
ZCH07WN9,0,0,,,,Censored No Alarm,0,0,0,0,0,1,0.0029135229997336864,,2017-12-20,,0.089
ZCH07WQW,0,0,,,,Censored No Alarm,0,0,0,0,0,1,0.005592844448983669,,2017-11-09,,0.089
ZCH07WRV,0,0,,,,Censored No Alarm,0,0,0,0,0,1,0.001539388089440763,,2017-11-14,,0.089
ZCH07WS5,0,0,,,,Censored No Alarm,0,0,0,0,0,1,0.030926357954740524,,2018-01-05,,0.089
ZCH07WSG,0,0,,,,Censored No Alarm,0,0,0,0,0,1,0.02261408604681492,,2017-12-21,,0.089
ZCH07WT5,0,0,,,,Censored No Alarm,0,0,0,0,0,1,0.001652241451665759,,2017-12-21,,0.089
ZCH07WW3,0,0,,,,Censored No Alarm,0,0,0,0,0,1,0.001658440101891756,,2017-12-21,,0.089
ZCH07X0T,0,0,,,,Censored No Alarm,0,0,0,0,0,1,0.0020660688169300556,,2017-11-09,,0.089
ZCH07X1T,1,0,,2020-05-19,,Missed,0,0,0,0,1,0,0.015127075836062431,,2018-01-05,,0.089
ZCH07X1Y,0,0,,,,Censored No Alarm,0,0,0,0,0,1,0.0011734918225556612,,2018-01-05,,0.089
ZCH07X20,0,0,,,,Censored No Alarm,0,0,0,0,0,1,0.002834720304235816,,2017-12-21,,0.089
ZCH07X35,0,0,,,,Censored No Alarm,0,0,0,0,0,1,0.0016266582533717155,,2017-12-20,,0.089
ZCH07X82,0,0,,,,Censored No Alarm,0,0,0,0,0,1,0.001217821380123496,,2018-01-06,,0.089
ZCH07X9C,0,0,,,,Censored No Alarm,0,0,0,0,0,1,0.003833344904705882,,2017-11-14,,0.089
ZCH07XCM,0,0,,,,Censored No Alarm,0,0,0,0,0,1,0.0016316118417307734,,2017-11-14,,0.089
ZCH07XD0,0,0,,,,Censored No Alarm,0,0,0,0,0,1,0.002352160634472966,,2017-11-09,,0.089
ZCH07XEV,0,0,,,,Censored No Alarm,0,0,0,0,0,1,0.00314158434048295,,2017-12-21,,0.089
ZCH07XL4,0,0,,,,Censored No Alarm,0,0,0,0,0,1,0.001484747277572751,,2018-01-05,,0.089
ZCH07XRE,0,0,,,,Censored No Alarm,0,0,0,0,0,1,0.0022821060847491026,,2017-10-21,,0.089
ZCH07XVR,0,0,,,,Censored No Alarm,0,0,0,0,0,1,0.0031453499104827642,,2017-11-09,,0.089
ZCH07XWA,0,0,,,,Censored No Alarm,0,0,0,0,0,1,0.0021987652871757746,,2018-01-05,,0.089
ZCH07XZK,0,0,,,,Censored No Alarm,0,0,0,0,0,1,0.001998761435970664,,2017-12-20,,0.089
ZCH07XZN,0,0,,,,Censored No Alarm,0,0,0,0,0,1,0.0028798645362257957,,2017-12-20,,0.089
ZCH07XZX,0,0,,,,Censored No Alarm,0,0,0,0,0,1,0.0026627318002283573,,2017-11-14,,0.089
ZCH07Y26,0,0,,,,Censored No Alarm,0,0,0,0,0,1,0.0039812978357076645,,2017-11-09,,0.089
ZCH07Y29,0,0,,,,Censored No Alarm,0,0,0,0,0,1,0.0016993280733004212,,2017-10-21,,0.089
ZCH07Y3N,0,0,,,,Censored No Alarm,0,0,0,0,0,1,0.004542041569948196,,2017-11-09,,0.089
ZCH07Y5R,0,0,,,,Censored No Alarm,0,0,0,0,0,1,0.00403627147898078,,2017-11-09,,0.089
ZCH07YN9,0,0,,,,Censored No Alarm,0,0,0,0,0,1,0.0026222714222967625,,2018-02-12,,0.089
ZCH07Z1A,0,0,,,,Censored No Alarm,0,0,0,0,0,1,0.00210047559812665,,2018-01-05,,0.089
ZCH07Z2K,0,0,,,,Censored No Alarm,0,0,0,0,0,1,0.001569894957356155,,2017-12-21,,0.089
ZCH07Z4Q,0,0,,,,Censored No Alarm,0,0,0,0,0,1,0.0017491449834778905,,2018-01-05,,0.089
ZCH07Z57,0,0,,,,Censored No Alarm,0,0,0,0,0,1,0.004699669778347015,,2018-11-08,,0.089
ZCH07Z6A,0,0,,,,Censored No Alarm,0,0,0,0,0,1,0.003936699125915766,,2018-05-08,,0.089
ZCH07ZAP,0,0,,,,Censored No Alarm,0,0,0,0,0,1,0.0016519506461918354,,2017-11-14,,0.089
ZCH07ZCY,0,0,,,,Censored No Alarm,0,0,0,0,0,1,0.011722162365913391,,2017-11-09,,0.089
ZCH07ZGC,0,0,,,,Censored No Alarm,0,0,0,0,0,1,0.0017110988264903426,,2017-12-20,,0.089
ZCH07ZT5,0,0,,,,Censored No Alarm,0,0,0,0,0,1,0.0014575592940673232,,2017-11-14,,0.089
ZCH07ZVN,0,0,,,,Censored No Alarm,0,0,0,0,0,1,0.06635228544473648,,2018-01-05,,0.089
ZCH07ZX9,0,0,,,,Censored No Alarm,0,0,0,0,0,1,0.0021798862144351006,,2017-12-21,,0.089
ZCH07ZY2,0,0,,,,Censored No Alarm,0,0,0,0,0,1,0.0018159592291340232,,2017-11-14,,0.089
ZCH07ZYC,1,0,,2019-11-13,,Missed,0,0,0,0,1,0,0.0029332598205655813,,2017-10-21,,0.089
ZCH07ZZC,1,1,2019-11-12,2019-11-19,7.0,On time,1,0,0,0,0,0,0.21322867274284363,0.09439202398061752,2017-12-20,692.0,0.089
ZCH0802A,0,0,,,,Censored No Alarm,0,0,0,0,0,1,0.0018081797752529383,,2017-11-14,,0.089
ZCH08034,1,1,2020-04-27,2020-05-29,32.0,Early,0,1,0,1,0,0,0.9793409705162048,0.1599845290184021,2017-12-20,859.0,0.089
ZCH080BL,0,0,,,,Censored No Alarm,0,0,0,0,0,1,0.0019730576314032078,,2018-01-06,,0.089
ZCH080C9,1,0,,2020-04-27,,Missed,0,0,0,0,1,0,0.0021015561651438475,,2017-11-14,,0.089
ZCH080DG,0,0,,,,Censored No Alarm,0,0,0,0,0,1,0.0021987652871757746,,2018-01-05,,0.089
ZCH080E0,0,0,,,,Censored No Alarm,0,0,0,0,0,1,0.002262367634102702,,2017-11-14,,0.089
ZCH080EW,0,0,,,,Censored No Alarm,0,0,0,0,0,1,0.0017931234324350953,,2017-12-20,,0.089
ZCH080F7,0,0,,,,Censored No Alarm,0,0,0,0,0,1,0.0016101787332445383,,2017-10-21,,0.089
ZCH080H5,0,0,,,,Censored No Alarm,0,0,0,0,0,1,0.003879580879583955,,2017-12-20,,0.089
ZCH080J8,1,0,,2020-02-03,,Missed,0,0,0,0,1,0,0.05350811034440994,,2018-01-05,,0.089
ZCH080LJ,0,0,,,,Censored No Alarm,0,0,0,0,0,1,0.011147283017635345,,2018-01-12,,0.089
ZCH080MT,1,0,,2019-05-08,,Missed,0,0,0,0,1,0,0.0015530259115621448,,2017-11-14,,0.089
ZCH080NN,0,0,,,,Censored No Alarm,0,0,0,0,0,1,0.002192945685237646,,2017-12-21,,0.089
ZCH080QZ,0,0,,,,Censored No Alarm,0,0,0,0,0,1,0.0019876095466315746,,2018-01-05,,0.089
ZCH080S1,1,0,,2019-06-12,,Missed,0,0,0,0,1,0,0.0818130150437355,,2017-12-20,,0.089
ZCH080TH,0,0,,,,Censored No Alarm,0,0,0,0,0,1,0.0015031469520181417,,2018-01-05,,0.089
ZCH080V6,0,0,,,,Censored No Alarm,0,0,0,0,0,1,0.0017383594531565905,,2017-12-20,,0.089
ZCH080WN,0,0,,,,Censored No Alarm,0,0,0,0,0,1,0.0028049959801137447,,2017-12-21,,0.089
ZCH080WT,0,0,,,,Censored No Alarm,0,0,0,0,0,1,0.0031453499104827642,,2017-11-09,,0.089
ZCH0810Y,0,0,,,,Censored No Alarm,0,0,0,0,0,1,0.00553479976952076,,2017-12-20,,0.089
ZCH08131,0,0,,,,Censored No Alarm,0,0,0,0,0,1,0.002184024080634117,,2017-12-21,,0.089
ZCH0814L,0,0,,,,Censored No Alarm,0,0,0,0,0,1,0.002401582198217511,,2017-12-20,,0.089
ZCH0816R,0,0,,,,Censored No Alarm,0,0,0,0,0,1,0.002004047390073538,,2017-12-20,,0.089
ZCH0817E,1,0,,2019-03-06,,Missed,0,0,0,0,1,0,0.017773263156414032,,2017-11-09,,0.089
ZCH0818Y,0,0,,,,Censored No Alarm,0,0,0,0,0,1,0.012410266324877739,,2017-11-09,,0.089
ZCH0819E,0,0,,,,Censored No Alarm,0,0,0,0,0,1,0.020590631291270256,,2017-12-21,,0.089
ZCH0819Y,0,0,,,,Censored No Alarm,0,0,0,0,0,1,0.0017195572145283222,,2017-11-14,,0.089
ZCH081BL,0,0,,,,Censored No Alarm,0,0,0,0,0,1,0.0016752610681578517,,2017-12-21,,0.089
ZCH081C1,0,0,,,,Censored No Alarm,0,0,0,0,0,1,0.0022297408431768417,,2017-12-21,,0.089
ZCH081DJ,0,0,,,,Censored No Alarm,0,0,0,0,0,1,0.0017383594531565905,,2017-12-20,,0.089
ZCH081DY,0,0,,,,Censored No Alarm,0,0,0,0,0,1,0.0019177765352651477,,2018-05-16,,0.089
ZCH081E6,0,0,,,,Censored No Alarm,0,0,0,0,0,1,0.0029474834445863962,,2017-12-21,,0.089
ZCH081EX,0,0,,,,Censored No Alarm,0,0,0,0,0,1,0.0017405245453119278,,2017-12-20,,0.089
ZCH081F5,0,0,,,,Censored No Alarm,0,0,0,0,0,1,0.0026159535627812147,,2017-12-21,,0.089
ZCH081GM,0,0,,,,Censored No Alarm,0,0,0,0,0,1,0.0018485297914594412,,2017-11-14,,0.089
ZCH081GS,0,0,,,,Censored No Alarm,0,0,0,0,0,1,0.0018765035783872008,,2017-11-14,,0.089
ZCH081JJ,0,0,,,,Censored No Alarm,0,0,0,0,0,1,0.0027001372072845697,,2017-12-21,,0.089
ZCH081NG,0,0,,,,Censored No Alarm,0,0,0,0,0,1,0.06461435556411743,,2017-11-14,,0.089
ZCH081NZ,0,0,,,,Censored No Alarm,0,0,0,0,0,1,0.0022496243473142385,,2017-12-20,,0.089
ZCH082YT,0,0,,,,Censored No Alarm,0,0,0,0,0,1,0.0024079654831439257,,2017-11-09,,0.089
ZCH082ZE,0,0,,,,Censored No Alarm,0,0,0,0,0,1,0.07939975708723068,,2017-11-09,,0.089
ZCH082ZV,0,0,,,,Censored No Alarm,0,0,0,0,0,1,0.0019183700205758214,,2017-11-14,,0.089
ZCH0830E,0,0,,,,Censored No Alarm,0,0,0,0,0,1,0.005374235101044178,,2017-11-09,,0.089
ZCH08316,0,0,,,,Censored No Alarm,0,0,0,0,0,1,0.0015811469638720155,,2017-11-14,,0.089
ZCH0831A,0,0,,,,Censored No Alarm,0,0,0,0,0,1,0.0023378157056868076,,2018-04-27,,0.089
ZCH0839Y,0,0,,,,Censored No Alarm,0,0,0,0,0,1,0.002792011247947812,,2017-11-14,,0.089
ZCH083AF,0,0,,,,Censored No Alarm,0,0,0,0,0,1,0.002033904194831848,,2018-03-12,,0.089
ZCH083EW,0,0,,,,Censored No Alarm,0,0,0,0,0,1,0.003008513478562236,,2017-11-09,,0.089
ZCH083HN,0,0,,,,Censored No Alarm,0,0,0,0,0,1,0.002618811558932066,,2017-10-30,,0.089
ZCH083LK,0,0,,,,Censored No Alarm,0,0,0,0,0,1,0.0016937104519456625,,2018-01-05,,0.089
ZCH083N2,0,0,,,,Censored No Alarm,0,0,0,0,0,1,0.0018707294948399067,,2017-11-14,,0.089
ZCH083N3,0,0,,,,Censored No Alarm,0,0,0,0,0,1,0.0036296159960329533,,2017-11-14,,0.089
ZCH083SP,0,0,,,,Censored No Alarm,0,0,0,0,0,1,0.0017860763473436236,,2018-01-05,,0.089
ZCH083WM,0,0,,,,Censored No Alarm,0,0,0,0,0,1,0.002268047071993351,,2018-03-12,,0.089
ZCH083Y9,0,0,,,,Censored No Alarm,0,0,0,0,0,1,0.0017297781305387616,,2018-01-06,,0.089
ZCH08405,0,0,,,,Censored No Alarm,0,0,0,0,0,1,0.0033245966769754887,,2017-10-21,,0.089
ZCH0840J,0,0,,,,Censored No Alarm,0,0,0,0,0,1,0.0016874164575710893,,2017-11-14,,0.089
ZCH0843V,0,0,,,,Censored No Alarm,0,0,0,0,0,1,0.003415629267692566,,2017-10-21,,0.089
ZCH0845K,0,0,,,,Censored No Alarm,0,0,0,0,0,1,0.0017955874791368842,,2018-03-12,,0.089
ZCH0846M,0,0,,,,Censored No Alarm,0,0,0,0,0,1,0.0202513188123703,,2017-11-09,,0.089
ZCH0847B,0,0,,,,Censored No Alarm,0,0,0,0,0,1,0.0018725841073319316,,2017-11-14,,0.089
ZCH084H9,0,0,,,,Censored No Alarm,0,0,0,0,0,1,0.0023581311106681824,,2017-12-20,,0.089
ZCH084J0,0,0,,,,Censored No Alarm,0,0,0,0,0,1,0.0022181905806064606,,2017-11-09,,0.089
ZCH084JH,0,0,,,,Censored No Alarm,0,0,0,0,0,1,0.0019306339090690017,,2017-12-20,,0.089
ZCH084L3,0,0,,,,Censored No Alarm,0,0,0,0,0,1,0.0018624726217240095,,2017-12-20,,0.089
ZCH084L7,0,0,,,,Censored No Alarm,0,0,0,0,0,1,0.0017295988509431481,,2017-10-21,,0.089
ZCH084RL,0,0,,,,Censored No Alarm,0,0,0,0,0,1,0.0015769707970321178,,2017-12-20,,0.089
ZCH084T0,0,0,,,,Censored No Alarm,0,0,0,0,0,1,0.0019403158221393824,,2017-10-21,,0.089
ZCH084T3,0,0,,,,Censored No Alarm,0,0,0,0,0,1,0.0018765035783872008,,2017-11-14,,0.089
ZCH084T6,0,0,,,,Censored No Alarm,0,0,0,0,0,1,0.0017195572145283222,,2017-11-14,,0.089
ZCH084TP,0,0,,,,Censored No Alarm,0,0,0,0,0,1,0.0018257744377478957,,2017-11-14,,0.089
ZCH0852N,0,0,,,,Censored No Alarm,0,0,0,0,0,1,0.0017195572145283222,,2017-11-14,,0.089
ZCH08544,0,0,,,,Censored No Alarm,0,0,0,0,0,1,0.0026622151490300894,,2017-12-21,,0.089
ZCH085H4,0,0,,,,Censored No Alarm,0,0,0,0,0,1,0.0012421635910868645,,2018-01-05,,0.089
ZCH0864C,0,0,,,,Censored No Alarm,0,0,0,0,0,1,0.002257156651467085,,2018-01-05,,0.089
ZCH08659,0,0,,,,Censored No Alarm,0,0,0,0,0,1,0.0025856478605419397,,2017-12-20,,0.089
ZCH0868R,0,0,,,,Censored No Alarm,0,0,0,0,0,1,0.0018765035783872008,,2017-11-14,,0.089
ZCH0869S,0,0,,,,Censored No Alarm,0,0,0,0,0,1,0.002026946283876896,,2017-11-09,,0.089
ZCH086CG,0,0,,,,Censored No Alarm,0,0,0,0,0,1,0.001772761926986277,,2017-12-20,,0.089
ZCH086EZ,1,0,,2019-03-17,,Missed,0,0,0,0,1,0,0.009930462576448917,,2017-12-21,,0.089
ZCH086Q9,0,0,,,,Censored No Alarm,0,0,0,0,0,1,0.0030242903158068657,,2017-12-20,,0.089
ZCH086Z5,0,0,,,,Censored No Alarm,0,0,0,0,0,1,0.0035134460777044296,,2017-11-09,,0.089
ZCH086Z8,0,0,,,,Censored No Alarm,0,0,0,0,0,1,0.002394607523456216,,2017-12-21,,0.089
ZCH088MT,0,0,,,,Censored No Alarm,0,0,0,0,0,1,0.002853394253179431,,2018-01-25,,0.089
ZCH088VH,0,0,,,,Censored No Alarm,0,0,0,0,0,1,0.005889995954930782,,2017-11-09,,0.089
ZCH089PY,0,0,,,,Censored No Alarm,0,0,0,0,0,1,0.002318460261449218,,2018-01-05,,0.089
ZCH089Q0,0,0,,,,Censored No Alarm,0,0,0,0,0,1,0.0019456290174275637,,2018-01-25,,0.089
ZCH089TW,0,0,,,,Censored No Alarm,0,0,0,0,0,1,0.0022672282066196203,,2018-01-05,,0.089
ZCH089VV,1,0,,2018-11-28,,Missed,0,0,0,0,1,0,0.0010595087660476565,,2017-12-21,,0.089
ZCH089YR,1,1,2019-08-02,2019-08-05,3.0,On time,1,0,0,0,0,0,0.36674851179122925,0.36674851179122925,2017-11-14,626.0,0.089
ZCH08A08,0,0,,,,Censored No Alarm,0,0,0,0,0,1,0.0027384026907384396,,2017-12-21,,0.089
ZCH08AET,0,0,,,,Censored No Alarm,0,0,0,0,0,1,0.0025169202126562595,,2017-11-09,,0.089
ZCH08AFR,0,0,,,,Censored No Alarm,0,0,0,0,0,1,0.0021641580387949944,,2017-10-21,,0.089
ZCH08AH2,0,0,,,,Censored No Alarm,0,0,0,0,0,1,0.0017195572145283222,,2017-11-14,,0.089
ZCH08AJF,0,0,,,,Censored No Alarm,0,0,0,0,0,1,0.0021246729884296656,,2017-11-09,,0.089
ZCH08ATM,0,0,,,,Censored No Alarm,0,0,0,0,0,1,0.0023655251134186983,,2017-10-21,,0.089
ZCH08AYN,0,0,,,,Censored No Alarm,0,0,0,0,0,1,0.0017871377058327198,,2017-11-14,,0.089
ZCH08AYY,0,0,,,,Censored No Alarm,0,0,0,0,0,1,0.0024454446975141764,,2017-11-09,,0.089
ZCH08B0N,1,0,,2019-05-17,,Missed,0,0,0,0,1,0,0.021349551156163216,,2018-01-05,,0.089
ZCH08B1Y,0,0,,,,Censored No Alarm,0,0,0,0,0,1,0.0012440503342077136,,2018-03-12,,0.089
ZCH08B2A,0,0,,,,Censored No Alarm,0,0,0,0,0,1,0.0017651375383138657,,2017-11-14,,0.089
ZCH08B2G,1,1,2019-09-27,2019-09-28,1.0,On time,1,0,0,0,0,0,0.6002155542373657,0.1490226536989212,2017-11-09,687.0,0.089
ZCH08B3Z,0,0,,,,Censored No Alarm,0,0,0,0,0,1,0.0019101013895124197,,2017-11-14,,0.089
ZCH08B7A,0,0,,,,Censored No Alarm,0,0,0,0,0,1,0.0021641580387949944,,2017-10-21,,0.089
ZCH08B7C,0,0,,,,Censored No Alarm,0,0,0,0,0,1,0.0025856478605419397,,2017-12-20,,0.089
ZCH08BD6,0,0,,,,Censored No Alarm,0,0,0,0,0,1,0.0019101013895124197,,2017-11-14,,0.089
ZCH08BKK,0,0,,,,Censored No Alarm,0,0,0,0,0,1,0.013723202981054783,,2017-12-20,,0.089
ZCH08BQK,0,0,,,,Censored No Alarm,0,0,0,0,0,1,0.0017316697631031275,,2018-01-05,,0.089
ZCH08BRD,0,0,,,,Censored No Alarm,0,0,0,0,0,1,0.013715900480747223,,2017-11-09,,0.089
ZCH08BS3,0,0,,,,Censored No Alarm,0,0,0,0,0,1,0.0017660199664533138,,2018-01-05,,0.089
ZCH08BSF,0,0,,,,Censored No Alarm,0,0,0,0,0,1,0.0022689427714794874,,2017-11-09,,0.089
ZCH08BSQ,0,0,,,,Censored No Alarm,0,0,0,0,0,1,0.002378955250605941,,2017-12-20,,0.089
ZCH08BVZ,0,0,,,,Censored No Alarm,0,0,0,0,0,1,0.0031846431083977222,,2017-12-21,,0.089
ZCH08BWZ,0,0,,,,Censored No Alarm,0,0,0,0,0,1,0.0021015561651438475,,2017-11-14,,0.089
ZCH08BXA,0,0,,,,Censored No Alarm,0,0,0,0,0,1,0.0022156243212521076,,2017-10-21,,0.089
ZCH08BZH,0,0,,,,Censored No Alarm,0,0,0,0,0,1,0.002808105666190386,,2017-10-21,,0.089
ZCH08C02,0,0,,,,Censored No Alarm,0,0,0,0,0,1,0.0029346474912017584,,2017-11-14,,0.089
ZCH08D93,0,0,,,,Censored No Alarm,0,0,0,0,0,1,0.07675781100988388,,2018-01-12,,0.089
ZCH08EW2,0,0,,,,Censored No Alarm,0,0,0,0,0,1,0.0015608149114996195,,2018-02-12,,0.089
ZCH08FGZ,1,0,,2020-12-06,,Missed,0,0,0,0,1,0,0.005507074762135744,,2018-04-27,,0.089
ZCH08G3X,1,1,2021-03-23,2021-06-14,83.0,Early,0,1,0,1,0,0,0.2757079005241394,0.09498070925474167,2018-02-12,1135.0,0.089
ZCH08NR2,0,0,,,,Censored No Alarm,0,0,0,0,0,1,0.0020579160191118717,,2018-01-06,,0.089
ZCH08P1R,0,0,,,,Censored No Alarm,0,0,0,0,0,1,0.002013467950746417,,2018-01-25,,0.089
ZCH08PK6,0,0,,,,Censored No Alarm,0,0,0,0,0,1,0.0016139807412400842,,2018-04-27,,0.089
ZCH08PW9,0,0,,,,Censored No Alarm,0,0,0,0,0,1,0.002298046136274934,,2018-01-06,,0.089
ZCH08PZV,0,0,,,,Censored No Alarm,0,0,0,0,0,1,0.0013445786898955703,,2018-03-12,,0.089
ZCH08TCC,0,0,,,,Censored No Alarm,0,0,0,0,0,1,0.0014575592940673232,,2018-04-13,,0.089
ZCH08TDS,0,0,,,,Censored No Alarm,0,0,0,0,0,1,0.001724053523503244,,2018-01-25,,0.089
ZCH08VHT,0,0,,,,Censored No Alarm,0,0,0,0,0,1,0.002318848390132189,,2018-04-27,,0.089
ZCH08VLP,0,0,,,,Censored No Alarm,0,0,0,0,0,1,0.0012440503342077136,,2018-03-12,,0.089
ZCH08X95,0,0,,,,Censored No Alarm,0,0,0,0,0,1,0.0014159056590870023,,2018-02-12,,0.089
ZCH08XD9,0,0,,,,Censored No Alarm,0,0,0,0,0,1,0.00238456716760993,,2018-04-27,,0.089
ZCH08XE2,0,0,,,,Censored No Alarm,0,0,0,0,0,1,0.002400518860667944,,2018-01-06,,0.089
ZCH08XFH,0,0,,,,Censored No Alarm,0,0,0,0,0,1,0.0021827504970133305,,2018-04-27,,0.089
ZCH08XR9,0,0,,,,Censored No Alarm,0,0,0,0,0,1,0.002000727690756321,,2018-04-27,,0.089
ZCH08XTB,0,0,,,,Censored No Alarm,0,0,0,0,0,1,0.0015704339602962136,,2018-01-13,,0.089
ZCH08XYN,0,0,,,,Censored No Alarm,0,0,0,0,0,1,0.002216218737885356,,2018-01-12,,0.089
ZCH08XZ2,0,0,,,,Censored No Alarm,0,0,0,0,0,1,0.0024999992456287146,,2018-01-13,,0.089
ZCH08Y82,0,0,,,,Censored No Alarm,0,0,0,0,0,1,0.0017460662638768554,,2018-04-27,,0.089
ZCH08Y8B,0,0,,,,Censored No Alarm,0,0,0,0,0,1,0.013820610009133816,,2018-01-25,,0.089
ZCH08YA2,0,0,,,,Censored No Alarm,0,0,0,0,0,1,0.0018371789483353496,,2018-01-13,,0.089
ZCH08YFX,0,0,,,,Censored No Alarm,0,0,0,0,0,1,0.001857856521382928,,2018-04-27,,0.089
ZCH08YJA,0,0,,,,Censored No Alarm,0,0,0,0,0,1,0.0020579160191118717,,2018-01-06,,0.089
ZCH08YKR,0,0,,,,Censored No Alarm,0,0,0,0,0,1,0.001672665704973042,,2018-01-25,,0.089
ZCH08YSD,0,0,,,,Censored No Alarm,0,0,0,0,0,1,0.0012440503342077136,,2018-03-12,,0.089
ZCH08YTD,0,0,,,,Censored No Alarm,0,0,0,0,0,1,0.0038232142105698586,,2018-01-12,,0.089
ZCH08YTN,0,0,,,,Censored No Alarm,0,0,0,0,0,1,0.0032771709375083447,,2018-01-13,,0.089
ZCH08Z2E,0,0,,,,Censored No Alarm,0,0,0,0,0,1,0.0029224881436675787,,2018-01-25,,0.089
ZCH0922J,0,0,,,,Censored No Alarm,0,0,0,0,0,1,0.002494063228368759,,2018-01-06,,0.089
ZCH092GK,0,0,,,,Censored No Alarm,0,0,0,0,0,1,0.002002258086577058,,2018-03-12,,0.089
ZCH092JX,0,0,,,,Censored No Alarm,0,0,0,0,0,1,0.001725412323139608,,2018-01-25,,0.089
ZCH092KG,0,0,,,,Censored No Alarm,0,0,0,0,0,1,0.007065417245030403,,2018-01-13,,0.089
ZCH092QJ,0,0,,,,Censored No Alarm,0,0,0,0,0,1,0.002283374546095729,,2018-01-13,,0.089
ZCH092RH,0,0,,,,Censored No Alarm,0,0,0,0,0,1,0.001596755813807249,,2018-04-27,,0.089
ZCH092TK,1,1,2019-08-04,2019-09-13,40.0,Early,0,1,0,1,0,0,0.29549628496170044,0.0928444042801857,2018-01-06,575.0,0.089
ZCH092Z9,0,0,,,,Censored No Alarm,0,0,0,0,0,1,0.0019087708787992597,,2018-01-06,,0.089
ZCH09343,0,0,,,,Censored No Alarm,0,0,0,0,0,1,0.002338241785764694,,2018-04-27,,0.089
ZCH09385,0,0,,,,Censored No Alarm,0,0,0,0,0,1,0.001857856521382928,,2018-01-06,,0.089
ZCH093XX,0,0,,,,Censored No Alarm,0,0,0,0,0,1,0.002504566218703985,,2018-01-25,,0.089
ZCH0941X,0,0,,,,Censored No Alarm,0,0,0,0,0,1,0.002400518860667944,,2018-01-12,,0.089
ZCH094BY,0,0,,,,Censored No Alarm,0,0,0,0,0,1,0.002318848390132189,,2018-04-27,,0.089
ZCH094D7,0,0,,,,Censored No Alarm,0,0,0,0,0,1,0.0013875180156901479,,2018-02-12,,0.089
ZCH094J3,0,0,,,,Censored No Alarm,0,0,0,0,0,1,0.0021547351498156786,,2018-01-13,,0.089
ZCH094ML,0,0,,,,Censored No Alarm,0,0,0,0,0,1,0.0018370250472798944,,2018-01-25,,0.089
ZCH094N9,0,0,,,,Censored No Alarm,0,0,0,0,0,1,0.0012440503342077136,,2018-03-12,,0.089
ZCH09504,0,0,,,,Censored No Alarm,0,0,0,0,0,1,0.0017460662638768554,,2018-01-13,,0.089
ZCH09531,0,0,,,,Censored No Alarm,0,0,0,0,0,1,0.002477178815752268,,2018-04-27,,0.089
ZCH095CT,0,0,,,,Censored No Alarm,0,0,0,0,0,1,0.0021457544062286615,,2018-01-12,,0.089
ZCH095KJ,0,0,,,,Censored No Alarm,0,0,0,0,0,1,0.002400518860667944,,2018-01-06,,0.089
ZCH095QH,0,0,,,,Censored No Alarm,0,0,0,0,0,1,0.07679051160812378,,2018-01-13,,0.089
ZCH095RY,0,0,,,,Censored No Alarm,0,0,0,0,0,1,0.002026080386713147,,2018-01-13,,0.089
ZCH095TA,0,0,,,,Censored No Alarm,0,0,0,0,0,1,0.002400518860667944,,2018-01-06,,0.089
ZCH095ZQ,0,0,,,,Censored No Alarm,0,0,0,0,0,1,0.0020861150696873665,,2018-01-12,,0.089
ZCH0961C,0,0,,,,Censored No Alarm,0,0,0,0,0,1,0.0111331045627594,,2018-04-27,,0.089
ZCH0963G,0,0,,,,Censored No Alarm,0,0,0,0,0,1,0.002708560787141323,,2018-01-13,,0.089
ZCH0969B,0,0,,,,Censored No Alarm,0,0,0,0,0,1,0.002257873071357608,,2018-10-09,,0.089
ZCH096EY,0,0,,,,Censored No Alarm,0,0,0,0,0,1,0.0023423153907060623,,2018-04-27,,0.089
ZCH096PC,0,0,,,,Censored No Alarm,0,0,0,0,0,1,0.0704297423362732,,2018-01-13,,0.089
ZCH096RJ,0,0,,,,Censored No Alarm,0,0,0,0,0,1,0.0016776473494246602,,2018-01-13,,0.089
ZCH09753,1,1,2019-08-23,2019-08-23,0.0,On time,1,0,0,0,0,0,0.7393041849136353,0.7393041849136353,2018-01-12,588.0,0.089
ZCH097WA,0,0,,,,Censored No Alarm,0,0,0,0,0,1,0.03092782571911812,,2018-01-13,,0.089
ZCH0981N,0,0,,,,Censored No Alarm,0,0,0,0,0,1,0.001661532325670123,,2018-01-13,,0.089
ZCH098AA,0,0,,,,Censored No Alarm,0,0,0,0,0,1,0.0019090434070676565,,2018-01-25,,0.089
ZCH098C1,0,0,,,,Censored No Alarm,0,0,0,0,0,1,0.0013445786898955703,,2018-05-16,,0.089
ZCH0991E,0,0,,,,Censored No Alarm,0,0,0,0,0,1,0.0012440503342077136,,2018-03-12,,0.089
ZCH09998,0,0,,,,Censored No Alarm,0,0,0,0,0,1,0.0032916038762778044,,2018-01-06,,0.089
ZCH099MZ,0,0,,,,Censored No Alarm,0,0,0,0,0,1,0.002494063228368759,,2018-01-12,,0.089
ZCH09ATD,0,0,,,,Censored No Alarm,0,0,0,0,0,1,0.002000727690756321,,2018-04-27,,0.089
ZCH09AVS,0,0,,,,Censored No Alarm,0,0,0,0,0,1,0.015959683805704117,,2018-01-13,,0.089
ZCH09B45,0,0,,,,Censored No Alarm,0,0,0,0,0,1,0.016456741839647293,,2018-01-13,,0.089
ZCH09BYD,0,0,,,,Censored No Alarm,0,0,0,0,0,1,0.002400518860667944,,2018-01-06,,0.089
ZCH09CA8,0,0,,,,Censored No Alarm,0,0,0,0,0,1,0.002014745958149433,,2018-01-13,,0.089
ZCH09CE0,0,0,,,,Censored No Alarm,0,0,0,0,0,1,0.002400518860667944,,2018-01-06,,0.089
ZCH09DCR,0,0,,,,Censored No Alarm,0,0,0,0,0,1,0.002258986234664917,,2018-01-06,,0.089
ZCH09DLY,0,0,,,,Censored No Alarm,0,0,0,0,0,1,0.002129300031810999,,2018-01-13,,0.089
ZCH09DMB,0,0,,,,Censored No Alarm,0,0,0,0,0,1,0.002522592432796955,,2018-01-12,,0.089
ZCH09DV0,0,0,,,,Censored No Alarm,0,0,0,0,0,1,0.0022658102679997683,,2018-01-25,,0.089
ZCH09E0Q,0,0,,,,Censored No Alarm,0,0,0,0,0,1,0.0020492481999099255,,2018-01-12,,0.089
ZCH09E2L,0,0,,,,Censored No Alarm,0,0,0,0,0,1,0.0012440503342077136,,2018-03-12,,0.089
ZCH09E7T,0,0,,,,Censored No Alarm,0,0,0,0,0,1,0.001857856521382928,,2018-04-27,,0.089
ZCH09E8Z,0,0,,,,Censored No Alarm,0,0,0,0,0,1,0.0018273096065968275,,2018-01-13,,0.089
ZCH09EMH,0,0,,,,Censored No Alarm,0,0,0,0,0,1,0.021547015756368637,,2018-01-25,,0.089
ZCH09ER6,0,0,,,,Censored No Alarm,0,0,0,0,0,1,0.002400518860667944,,2018-01-12,,0.089
ZCH09EY3,0,0,,,,Censored No Alarm,0,0,0,0,0,1,0.007344283163547516,,2018-01-13,,0.089
ZCH09F0P,0,0,,,,Censored No Alarm,0,0,0,0,0,1,0.0015304265543818474,,2018-01-13,,0.089
ZCH09FEJ,0,0,,,,Censored No Alarm,0,0,0,0,0,1,0.0021426212042570114,,2018-01-12,,0.089
ZCH09FFX,0,0,,,,Censored No Alarm,0,0,0,0,0,1,0.002543147187680006,,2018-01-06,,0.089
ZCH09FH3,0,0,,,,Censored No Alarm,0,0,0,0,0,1,0.008163967169821262,,2018-01-13,,0.089
ZCH09FNR,0,0,,,,Censored No Alarm,0,0,0,0,0,1,0.0026643455494195223,,2018-01-12,,0.089
ZCH09G3X,0,0,,,,Censored No Alarm,0,0,0,0,0,1,0.004433775786310434,,2018-01-12,,0.089
ZCH09G50,0,0,,,,Censored No Alarm,0,0,0,0,0,1,0.001812306814827025,,2018-01-13,,0.089
ZCH09G5M,0,0,,,,Censored No Alarm,0,0,0,0,0,1,0.002439401112496853,,2018-03-12,,0.089
ZCH09GGK,0,0,,,,Censored No Alarm,0,0,0,0,0,1,0.002318848390132189,,2018-04-27,,0.089
ZCH09H7D,1,0,,2019-07-29,,Missed,0,0,0,0,1,0,0.0013445786898955703,,2018-05-16,,0.089
ZCH09HMF,0,0,,,,Censored No Alarm,0,0,0,0,0,1,0.0013429827522486448,,2018-03-12,,0.089
ZCH09HPX,0,0,,,,Censored No Alarm,0,0,0,0,0,1,0.0025020192842930555,,2018-04-27,,0.089
ZCH09HZB,0,0,,,,Censored No Alarm,0,0,0,0,0,1,0.002844566246494651,,2018-01-12,,0.089
ZCH09J78,0,0,,,,Censored No Alarm,0,0,0,0,0,1,0.0033163370098918676,,2018-01-12,,0.089
ZCH09J7R,0,0,,,,Censored No Alarm,0,0,0,0,0,1,0.0021206119563430548,,2018-01-12,,0.089
ZCH09JZE,0,0,,,,Censored No Alarm,0,0,0,0,0,1,0.0018880418501794338,,2018-01-25,,0.089
ZCH09K55,0,0,,,,Censored No Alarm,0,0,0,0,0,1,0.0532379150390625,,2018-01-06,,0.089
ZCH09K68,0,0,,,,Censored No Alarm,0,0,0,0,0,1,0.0020189466886222363,,2018-01-25,,0.089
ZCH09KEF,1,0,,2021-01-09,,Missed,0,0,0,0,1,0,0.002396163297817111,,2018-01-12,,0.089
ZCH09KGF,0,0,,,,Censored No Alarm,0,0,0,0,0,1,0.0014183949679136276,,2018-04-13,,0.089
ZCH09KMM,0,0,,,,Censored No Alarm,0,0,0,0,0,1,0.001554921385832131,,2018-01-25,,0.089
ZCH09KYC,0,0,,,,Censored No Alarm,0,0,0,0,0,1,0.0018811480840668082,,2018-01-25,,0.089
ZCH09L6T,0,0,,,,Censored No Alarm,0,0,0,0,0,1,0.00351722096092999,,2018-01-25,,0.089
ZCH09LP6,0,0,,,,Censored No Alarm,0,0,0,0,0,1,0.001978733344003558,,2018-01-06,,0.089
ZCH09LPF,0,0,,,,Censored No Alarm,0,0,0,0,0,1,0.001857856521382928,,2018-04-27,,0.089
ZCH09MMV,0,0,,,,Censored No Alarm,0,0,0,0,0,1,0.0021212920546531677,,2018-01-06,,0.089
ZCH09MPS,0,0,,,,Censored No Alarm,0,0,0,0,0,1,0.001975690247491002,,2018-01-25,,0.089
ZCH09MW9,0,0,,,,Censored No Alarm,0,0,0,0,0,1,0.0020579160191118717,,2018-01-06,,0.089
ZCH09N99,0,0,,,,Censored No Alarm,0,0,0,0,0,1,0.002338241785764694,,2018-04-27,,0.089
ZCH09NA2,0,0,,,,Censored No Alarm,0,0,0,0,0,1,0.00249858689494431,,2018-01-25,,0.089
ZCH09NAV,0,0,,,,Censored No Alarm,0,0,0,0,0,1,0.002400518860667944,,2018-01-06,,0.089
ZCH09ND2,0,0,,,,Censored No Alarm,0,0,0,0,0,1,0.0039049158804118633,,2018-01-13,,0.089
ZCH09NL0,0,0,,,,Censored No Alarm,0,0,0,0,0,1,0.002062662970274687,,2018-01-13,,0.089
ZCH09NRP,0,0,,,,Censored No Alarm,0,0,0,0,0,1,0.0018188563408330083,,2018-01-13,,0.089
ZCH09NS6,0,0,,,,Censored No Alarm,0,0,0,0,0,1,0.0023647905327379704,,2018-04-27,,0.089
ZCH09PB8,0,0,,,,Censored No Alarm,0,0,0,0,0,1,0.003553505055606365,,2018-01-13,,0.089
ZCH09PRH,1,1,2018-11-11,2018-11-11,0.0,On time,1,0,0,0,0,0,0.1737123429775238,0.1737123429775238,2018-01-12,303.0,0.089
ZCH09PZ2,0,0,,,,Censored No Alarm,0,0,0,0,0,1,0.0014994036173447967,,2018-02-12,,0.089
ZCH09PZG,0,0,,,,Censored No Alarm,0,0,0,0,0,1,0.0021637524478137493,,2018-01-25,,0.089
ZCH09Q1R,0,0,,,,Censored No Alarm,0,0,0,0,0,1,0.0018573994748294353,,2018-01-25,,0.089
ZCH09Q4Y,0,0,,,,Censored No Alarm,0,0,0,0,0,1,0.0012440503342077136,,2018-03-12,,0.089
ZCH09R19,0,0,,,,Censored No Alarm,0,0,0,0,0,1,0.002062662970274687,,2018-01-06,,0.089
ZCH09R1A,0,0,,,,Censored No Alarm,0,0,0,0,0,1,0.0021173288114368916,,2018-01-13,,0.089
ZCH09RM7,1,0,,2018-12-14,,Missed,0,0,0,0,1,0,0.0012440503342077136,,2018-04-13,,0.089
ZCH09TDV,0,0,,,,Censored No Alarm,0,0,0,0,0,1,0.0028624171391129494,,2018-01-13,,0.089
ZCH09TJG,0,0,,,,Censored No Alarm,0,0,0,0,0,1,0.002847811207175255,,2018-05-16,,0.089
ZCH09V8J,0,1,2019-03-20,,,Censored Early,0,0,1,1,0,0,0.12304578721523285,0.09678313136100769,2018-01-13,431.0,0.089
ZCH09V8S,0,0,,,,Censored No Alarm,0,0,0,0,0,1,0.0016604672418907285,,2018-01-25,,0.089
ZCH09V8V,0,0,,,,Censored No Alarm,0,0,0,0,0,1,0.001884321914985776,,2018-01-13,,0.089
ZCH09VFB,0,0,,,,Censored No Alarm,0,0,0,0,0,1,0.0020760768093168736,,2018-04-27,,0.089
ZCH09WVJ,0,0,,,,Censored No Alarm,0,0,0,0,0,1,0.0013445786898955703,,2018-03-12,,0.089
ZCH09WVP,0,0,,,,Censored No Alarm,0,0,0,0,0,1,0.002253154758363962,,2018-01-13,,0.089
ZCH09X1N,0,0,,,,Censored No Alarm,0,0,0,0,0,1,0.0024914287496358156,,2018-01-12,,0.089
ZCH09Z3G,0,0,,,,Censored No Alarm,0,0,0,0,0,1,0.0019171652384102345,,2018-01-13,,0.089
ZCH09ZZV,0,0,,,,Censored No Alarm,0,0,0,0,0,1,0.004709447268396616,,2018-01-06,,0.089
ZCH0A178,0,0,,,,Censored No Alarm,0,0,0,0,0,1,0.001577021204866469,,2018-01-25,,0.089
ZCH0A1CY,0,0,,,,Censored No Alarm,0,0,0,0,0,1,0.0022163086105138063,,2018-01-13,,0.089
ZCH0A1HA,0,0,,,,Censored No Alarm,0,0,0,0,0,1,0.0022923965007066727,,2018-04-27,,0.089
ZCH0A1JK,0,0,,,,Censored No Alarm,0,0,0,0,0,1,0.00413943687453866,,2018-01-12,,0.089
ZCH0A1L6,0,0,,,,Censored No Alarm,0,0,0,0,0,1,0.001887061051093042,,2018-01-25,,0.089
ZCH0A1LL,0,0,,,,Censored No Alarm,0,0,0,0,0,1,0.001373501610942185,,2018-03-12,,0.089
ZCH0A1W6,0,0,,,,Censored No Alarm,0,0,0,0,0,1,0.0021230217535048723,,2018-01-13,,0.089
ZCH0A1YJ,0,0,,,,Censored No Alarm,0,0,0,0,0,1,0.0019364402396604419,,2018-01-12,,0.089
ZCH0A1ZA,0,0,,,,Censored No Alarm,0,0,0,0,0,1,0.002077527577057481,,2018-01-06,,0.089
ZCH0A2FX,0,0,,,,Censored No Alarm,0,0,0,0,0,1,0.0013429827522486448,,2018-03-12,,0.089
ZCH0A2VL,0,0,,,,Censored No Alarm,0,0,0,0,0,1,0.004522670526057482,,2018-03-12,,0.089
ZCH0A36K,0,0,,,,Censored No Alarm,0,0,0,0,0,1,0.0020458896178752184,,2018-01-25,,0.089
ZCH0A3M5,0,0,,,,Censored No Alarm,0,0,0,0,0,1,0.0026316088624298573,,2018-01-13,,0.089
ZCH0A3MR,0,0,,,,Censored No Alarm,0,0,0,0,0,1,0.07460988312959671,,2018-01-12,,0.089
ZCH0A3PM,0,0,,,,Censored No Alarm,0,0,0,0,0,1,0.002737676026299596,,2018-01-25,,0.089
ZCH0A4AD,0,0,,,,Censored No Alarm,0,0,0,0,0,1,0.002400518860667944,,2018-01-12,,0.089
ZCH0A5JN,0,0,,,,Censored No Alarm,0,0,0,0,0,1,0.0018974673002958298,,2018-01-12,,0.089
ZCH0A5KF,0,0,,,,Censored No Alarm,0,0,0,0,0,1,0.002400518860667944,,2018-01-13,,0.089
ZCH0A5V1,0,0,,,,Censored No Alarm,0,0,0,0,0,1,0.0018745120614767075,,2018-01-25,,0.089
ZCH0A637,0,0,,,,Censored No Alarm,0,0,0,0,0,1,0.002400518860667944,,2018-01-06,,0.089
ZCH0A6W0,1,0,,2018-12-07,,Missed,0,0,0,0,1,0,0.00138397840783,,2018-01-12,,0.089
ZCH0A6X5,0,0,,,,Censored No Alarm,0,0,0,0,0,1,0.0019401366589590907,,2018-01-13,,0.089
ZCH0A7Q2,0,0,,,,Censored No Alarm,0,0,0,0,0,1,0.002501562237739563,,2018-05-12,,0.089
ZCH0A7WQ,0,0,,,,Censored No Alarm,0,0,0,0,0,1,0.0014481008984148502,,2018-04-13,,0.089
ZCH0A87H,1,0,,2019-10-30,,Missed,0,0,0,0,1,0,0.023227548226714134,,2018-03-12,,0.089
ZCH0A8P9,0,0,,,,Censored No Alarm,0,0,0,0,0,1,0.0018396989908069372,,2018-01-13,,0.089
ZCH0AB0S,0,0,,,,Censored No Alarm,0,0,0,0,0,1,0.002400518860667944,,2018-01-06,,0.089
ZCH0AB1V,0,0,,,,Censored No Alarm,0,0,0,0,0,1,0.001872119726613164,,2018-01-12,,0.089
ZCH0ABCQ,0,0,,,,Censored No Alarm,0,0,0,0,0,1,0.0022043315693736076,,2018-01-12,,0.089
ZCH0ABFE,0,0,,,,Censored No Alarm,0,0,0,0,0,1,0.0013429827522486448,,2018-03-12,,0.089
ZCH0ABPW,0,0,,,,Censored No Alarm,0,0,0,0,0,1,0.002499447437003255,,2018-04-27,,0.089
ZCH0ACEC,0,0,,,,Censored No Alarm,0,0,0,0,0,1,0.0014905042480677366,,2018-04-27,,0.089
ZCH0ADNA,0,0,,,,Censored No Alarm,0,0,0,0,0,1,0.08439972251653671,,2018-01-13,,0.089
ZCH0ADQA,0,0,,,,Censored No Alarm,0,0,0,0,0,1,0.002497452311217785,,2018-01-13,,0.089
ZCH0ADRB,0,0,,,,Censored No Alarm,0,0,0,0,0,1,0.0025538052432239056,,2018-01-25,,0.089
ZCH0ADXJ,0,0,,,,Censored No Alarm,0,0,0,0,0,1,0.0019403158221393824,,2018-01-06,,0.089
ZCH0AE4Y,0,0,,,,Censored No Alarm,0,0,0,0,0,1,0.01597128063440323,,2018-01-13,,0.089
ZCH0AE94,0,0,,,,Censored No Alarm,0,0,0,0,0,1,0.0027520928997546434,,2018-05-12,,0.089
ZCH0AED7,0,0,,,,Censored No Alarm,0,0,0,0,0,1,0.0012440503342077136,,2018-03-12,,0.089
ZCH0AEFV,0,0,,,,Censored No Alarm,0,0,0,0,0,1,0.0019035699078813195,,2018-01-25,,0.089
ZCH0AEG5,0,0,,,,Censored No Alarm,0,0,0,0,0,1,0.002494063228368759,,2018-01-12,,0.089
ZCH0AEGB,0,0,,,,Censored No Alarm,0,0,0,0,0,1,0.0012676494661718607,,2018-03-12,,0.089
ZCH0AEWA,0,0,,,,Censored No Alarm,0,0,0,0,0,1,0.02541796863079071,,2018-05-16,,0.089
ZCH0AEWP,0,0,,,,Censored No Alarm,0,0,0,0,0,1,0.006273775361478329,,2018-04-27,,0.089
ZCH0AF6W,0,0,,,,Censored No Alarm,0,0,0,0,0,1,0.0012440503342077136,,2018-03-12,,0.089
ZCH0AHC1,1,0,,2018-09-23,,Missed,0,0,0,0,1,0,0.001469873241148889,,2018-01-13,,0.089
ZCH0AHH0,0,0,,,,Censored No Alarm,0,0,0,0,0,1,0.0022892055567353964,,2018-04-27,,0.089
ZCH0AHHR,0,0,,,,Censored No Alarm,0,0,0,0,0,1,0.054354626685380936,,2018-03-12,,0.089
ZCH0AHVD,0,0,,,,Censored No Alarm,0,0,0,0,0,1,0.002002487890422344,,2018-04-27,,0.089
ZCH0AHX2,0,0,,,,Censored No Alarm,0,0,0,0,0,1,0.00624138955026865,,2018-01-13,,0.089
ZCH0AJ2D,0,0,,,,Censored No Alarm,0,0,0,0,0,1,0.06328851729631424,,2018-01-12,,0.089
ZCH0AJS4,0,0,,,,Censored No Alarm,0,0,0,0,0,1,0.0012440503342077136,,2018-03-12,,0.089
ZCH0AJVF,0,0,,,,Censored No Alarm,0,0,0,0,0,1,0.0017180737340822816,,2018-01-13,,0.089
ZCH0AJWH,0,0,,,,Censored No Alarm,0,0,0,0,0,1,0.0013429827522486448,,2018-03-12,,0.089
ZCH0AJX6,0,1,2019-09-02,,,Censored Early,0,0,1,1,0,0,0.20805083215236664,0.20805083215236664,2018-01-13,597.0,0.089
ZCH0AK42,0,0,,,,Censored No Alarm,0,0,0,0,0,1,0.00163856684230268,,2018-01-13,,0.089
ZCH0AKCS,0,0,,,,Censored No Alarm,0,0,0,0,0,1,0.0014586305478587747,,2018-04-13,,0.089
ZCH0AKH3,0,0,,,,Censored No Alarm,0,0,0,0,0,1,0.0021230217535048723,,2018-01-13,,0.089
ZCH0AKLV,0,0,,,,Censored No Alarm,0,0,0,0,0,1,0.020214257761836052,,2018-01-13,,0.089
ZCH0AKQ4,0,0,,,,Censored No Alarm,0,0,0,0,0,1,0.0015762060647830367,,2018-04-27,,0.089
ZCH0AKRD,0,0,,,,Censored No Alarm,0,0,0,0,0,1,0.0012440503342077136,,2018-03-12,,0.089
ZCH0AKRE,0,0,,,,Censored No Alarm,0,0,0,0,0,1,0.002708560787141323,,2018-04-27,,0.089
ZCH0AL01,1,1,2018-07-05,2018-09-19,76.0,Early,0,1,0,1,0,0,0.5330206155776978,0.4387868642807007,2018-01-13,173.0,0.089
ZCH0APGY,1,0,,2021-04-04,,Missed,0,0,0,0,1,0,0.07842625677585602,,2018-05-12,,0.089
ZCH0AQ1E,0,0,,,,Censored No Alarm,0,0,0,0,0,1,0.0014575592940673232,,2018-01-25,,0.089
ZCH0AQ89,0,0,,,,Censored No Alarm,0,0,0,0,0,1,0.002095503034070134,,2018-04-27,,0.089
ZCH0AQPK,0,0,,,,Censored No Alarm,0,0,0,0,0,1,0.0013104090467095375,,2018-04-13,,0.089
ZCH0AQQ1,0,0,,,,Censored No Alarm,0,0,0,0,0,1,0.0013445786898955703,,2018-05-16,,0.089
ZCH0AQVH,0,0,,,,Censored No Alarm,0,0,0,0,0,1,0.0013429827522486448,,2018-03-12,,0.089
ZCH0AQZ3,0,0,,,,Censored No Alarm,0,0,0,0,0,1,0.00249858689494431,,2018-01-25,,0.089
ZCH0ARZP,0,0,,,,Censored No Alarm,0,0,0,0,0,1,0.0016139807412400842,,2018-01-12,,0.089
ZCH0AV3D,0,0,,,,Censored No Alarm,0,0,0,0,0,1,0.002708560787141323,,2018-04-27,,0.089
ZCH0AV8J,0,0,,,,Censored No Alarm,0,0,0,0,0,1,0.0014605680480599403,,2018-10-29,,0.089
ZCH0AXDA,0,0,,,,Censored No Alarm,0,0,0,0,0,1,0.04587027058005333,,2018-01-06,,0.089
ZCH0AXHJ,0,0,,,,Censored No Alarm,0,0,0,0,0,1,0.0018046594923362136,,2018-01-25,,0.089
ZCH0AXLQ,0,0,,,,Censored No Alarm,0,0,0,0,0,1,0.00215940922498703,,2018-01-06,,0.089
ZCH0AXTT,0,0,,,,Censored No Alarm,0,0,0,0,0,1,0.0012440503342077136,,2018-03-12,,0.089
ZCH0AXWB,0,0,,,,Censored No Alarm,0,0,0,0,0,1,0.001641077222302556,,2018-01-13,,0.089
ZCH0AXWN,0,0,,,,Censored No Alarm,0,0,0,0,0,1,0.009241106919944286,,2018-01-13,,0.089
ZCH0AYA6,0,0,,,,Censored No Alarm,0,0,0,0,0,1,0.0015235497849062085,,2018-01-13,,0.089
ZCH0AYX1,0,0,,,,Censored No Alarm,0,0,0,0,0,1,0.0020530770998448133,,2018-01-25,,0.089
ZCH0AYXA,0,0,,,,Censored No Alarm,0,0,0,0,0,1,0.0022733828518539667,,2018-04-27,,0.089
ZCH0AYXN,0,0,,,,Censored No Alarm,0,0,0,0,0,1,0.0012440503342077136,,2018-03-12,,0.089
ZCH0AYYN,0,0,,,,Censored No Alarm,0,0,0,0,0,1,0.002424495527520776,,2018-01-13,,0.089
ZCH0B0CC,0,0,,,,Censored No Alarm,0,0,0,0,0,1,0.0019689800683408976,,2018-01-25,,0.089
ZCH0B0KM,0,0,,,,Censored No Alarm,0,0,0,0,0,1,0.0016372848767787218,,2018-01-12,,0.089
ZCH0B0VS,0,0,,,,Censored No Alarm,0,0,0,0,0,1,0.0015593324787914753,,2018-01-06,,0.089
ZCH0B10M,0,0,,,,Censored No Alarm,0,0,0,0,0,1,0.0020380739588290453,,2018-03-12,,0.089
ZCH0B1DC,0,0,,,,Censored No Alarm,0,0,0,0,0,1,0.0014575592940673232,,2018-01-25,,0.089
ZCH0B1L4,0,0,,,,Censored No Alarm,0,0,0,0,0,1,0.0017088862368837,,2018-01-13,,0.089
ZCH0B35Q,0,0,,,,Censored No Alarm,0,0,0,0,0,1,0.04691736400127411,,2018-01-13,,0.089
ZCH0B3JC,0,0,,,,Censored No Alarm,0,0,0,0,0,1,0.001515039592050016,,2018-01-25,,0.089
ZCH0B43Q,0,0,,,,Censored No Alarm,0,0,0,0,0,1,0.0012440503342077136,,2018-03-12,,0.089
ZCH0B451,0,0,,,,Censored No Alarm,0,0,0,0,0,1,0.0012440503342077136,,2018-03-12,,0.089
ZCH0B4AV,0,0,,,,Censored No Alarm,0,0,0,0,0,1,0.0017512383637949824,,2018-01-25,,0.089
ZCH0B4F5,1,0,,2019-08-27,,Missed,0,0,0,0,1,0,0.001483334694057703,,2018-12-08,,0.089
ZCH0B4FC,0,0,,,,Censored No Alarm,0,0,0,0,0,1,0.00238456716760993,,2018-04-27,,0.089
ZCH0B4J3,0,0,,,,Censored No Alarm,0,0,0,0,0,1,0.0023508036974817514,,2018-04-27,,0.089
ZCH0B4V1,0,0,,,,Censored No Alarm,0,0,0,0,0,1,0.003522360697388649,,2018-01-06,,0.089
ZCH0B5AJ,0,0,,,,Censored No Alarm,0,0,0,0,0,1,0.0017936092335730791,,2018-01-25,,0.089
ZCH0B6P9,0,0,,,,Censored No Alarm,0,0,0,0,0,1,0.002844566246494651,,2018-01-12,,0.089
ZCH0B75V,0,0,,,,Censored No Alarm,0,0,0,0,0,1,0.001812306814827025,,2018-01-13,,0.089
ZCH0B7FM,0,0,,,,Censored No Alarm,0,0,0,0,0,1,0.002784228650853038,,2018-04-27,,0.089
ZCH0B7M4,0,0,,,,Censored No Alarm,0,0,0,0,0,1,0.0018968596123158932,,2018-01-13,,0.089
ZCH0B7N9,0,0,,,,Censored No Alarm,0,0,0,0,0,1,0.005861964076757431,,2018-01-12,,0.089
ZCH0B7P4,0,0,,,,Censored No Alarm,0,0,0,0,0,1,0.0015992869157344103,,2018-03-12,,0.089
ZCH0B7TM,0,0,,,,Censored No Alarm,0,0,0,0,0,1,0.0015358318341895938,,2018-01-13,,0.089
ZCH0B86H,0,0,,,,Censored No Alarm,0,0,0,0,0,1,0.0030651967972517014,,2018-05-16,,0.089
ZCH0B8K3,0,0,,,,Censored No Alarm,0,0,0,0,0,1,0.05533842742443085,,2018-03-12,,0.089
ZCH0B8ZF,1,1,2018-11-05,2019-01-08,64.0,Early,0,1,0,1,0,0,0.2575911283493042,0.10657548904418945,2018-01-06,303.0,0.089
ZCH0B91P,0,0,,,,Censored No Alarm,0,0,0,0,0,1,0.017705705016851425,,2018-01-12,,0.089
ZCH0B93M,0,0,,,,Censored No Alarm,0,0,0,0,0,1,0.0048613883554935455,,2018-01-13,,0.089
ZCH0B9DC,0,0,,,,Censored No Alarm,0,0,0,0,0,1,0.002270358381792903,,2018-01-13,,0.089
ZCH0B9QS,0,0,,,,Censored No Alarm,0,0,0,0,0,1,0.00296404049731791,,2018-01-13,,0.089
ZCH0B9TQ,0,0,,,,Censored No Alarm,0,0,0,0,0,1,0.0014043949777260423,,2018-05-16,,0.089
ZCH0BA1T,0,0,,,,Censored No Alarm,0,0,0,0,0,1,0.0018371789483353496,,2018-01-12,,0.089
ZCH0BA7B,0,0,,,,Censored No Alarm,0,0,0,0,0,1,0.001762201776728034,,2018-01-06,,0.089
ZCH0BA92,0,0,,,,Censored No Alarm,0,0,0,0,0,1,0.0013429827522486448,,2018-03-12,,0.089
ZCH0BAD3,0,0,,,,Censored No Alarm,0,0,0,0,0,1,0.0016139807412400842,,2018-04-27,,0.089
ZCH0BAD5,0,0,,,,Censored No Alarm,0,0,0,0,0,1,0.0012440503342077136,,2018-03-12,,0.089
ZCH0BAHM,0,0,,,,Censored No Alarm,0,0,0,0,0,1,0.001989420037716627,,2018-02-12,,0.089
ZCH0BAKV,0,0,,,,Censored No Alarm,0,0,0,0,0,1,0.001900242641568184,,2018-02-12,,0.089
ZCH0BATF,0,0,,,,Censored No Alarm,0,0,0,0,0,1,0.0019805177580565214,,2018-01-25,,0.089
ZCH0BBGH,0,0,,,,Censored No Alarm,0,0,0,0,0,1,0.0037284702993929386,,2019-04-19,,0.089
ZCH0BBPF,0,0,,,,Censored No Alarm,0,0,0,0,0,1,0.0030884877778589725,,2018-01-13,,0.089
ZCH0BBRC,0,1,2019-08-03,,,Censored Early,0,0,1,1,0,0,0.7890446186065674,0.09592705965042114,2018-04-13,477.0,0.089
ZCH0BBTB,0,0,,,,Censored No Alarm,0,0,0,0,0,1,0.004347402602434158,,2018-01-12,,0.089
ZCH0BBYA,0,0,,,,Censored No Alarm,0,0,0,0,0,1,0.001962528098374605,,2018-01-12,,0.089
ZCH0BC2R,0,0,,,,Censored No Alarm,0,0,0,0,0,1,0.0018376144580543041,,2018-04-27,,0.089
ZCH0BCJG,0,0,,,,Censored No Alarm,0,0,0,0,0,1,0.00456255441531539,,2018-01-12,,0.089
ZCH0BCNM,0,0,,,,Censored No Alarm,0,0,0,0,0,1,0.0017347015673294663,,2018-01-25,,0.089
ZCH0BCTN,0,0,,,,Censored No Alarm,0,0,0,0,0,1,0.004596725106239319,,2018-01-13,,0.089
ZCH0BCW5,0,0,,,,Censored No Alarm,0,0,0,0,0,1,0.0013445786898955703,,2018-03-12,,0.089
ZCH0BCWV,1,1,2018-04-25,2018-04-25,0.0,On time,1,0,0,0,0,0,0.7870685458183289,0.7870685458183289,2018-01-13,102.0,0.089
ZCH0BCXM,0,0,,,,Censored No Alarm,0,0,0,0,0,1,0.005420980509370565,,2018-01-12,,0.089
ZCH0BDSQ,0,0,,,,Censored No Alarm,0,0,0,0,0,1,0.0074929362162947655,,2018-03-12,,0.089
ZCH0BE8R,0,0,,,,Censored No Alarm,0,0,0,0,0,1,0.007360823918133974,,2018-03-12,,0.089
ZCH0BEFK,0,0,,,,Censored No Alarm,0,0,0,0,0,1,0.0019234768114984035,,2018-01-13,,0.089
ZCH0BEHB,0,0,,,,Censored No Alarm,0,0,0,0,0,1,0.001270256470888853,,2018-03-12,,0.089
ZCH0BEX1,0,0,,,,Censored No Alarm,0,0,0,0,0,1,0.0013445786898955703,,2018-03-12,,0.089
ZCH0BEY8,0,1,2019-06-29,,,Censored Early,0,0,1,1,0,0,0.10922379046678543,0.0902714803814888,2018-01-13,532.0,0.089
ZCH0BFE2,0,0,,,,Censored No Alarm,0,0,0,0,0,1,0.0029843607917428017,,2018-01-25,,0.089
ZCH0BFGT,0,0,,,,Censored No Alarm,0,0,0,0,0,1,0.008106629364192486,,2018-01-06,,0.089
ZCH0BGS0,0,0,,,,Censored No Alarm,0,0,0,0,0,1,0.0023508036974817514,,2018-04-27,,0.089
ZCH0BH35,0,0,,,,Censored No Alarm,0,0,0,0,0,1,0.0018892544321715832,,2018-04-27,,0.089
ZCH0BHFE,0,0,,,,Censored No Alarm,0,0,0,0,0,1,0.002350897528231144,,2018-01-25,,0.089
ZCH0BHPP,1,0,,2018-04-10,,Missed,0,0,0,0,1,0,0.008482836186885834,,2018-01-06,,0.089
ZCH0BJ46,1,1,2019-06-25,2019-06-25,0.0,On time,1,0,0,0,0,0,0.3003118634223938,0.3003118634223938,2018-01-13,528.0,0.089
ZCH0BJFB,0,0,,,,Censored No Alarm,0,0,0,0,0,1,0.0017823242815211415,,2018-02-12,,0.089
ZCH0BJFM,0,0,,,,Censored No Alarm,0,0,0,0,0,1,0.0020247993525117636,,2018-01-13,,0.089
ZCH0BJSJ,0,0,,,,Censored No Alarm,0,0,0,0,0,1,0.017608553171157837,,2019-04-28,,0.089
ZCH0BK4F,0,0,,,,Censored No Alarm,0,0,0,0,0,1,0.002405855106189847,,2018-01-25,,0.089
ZCH0BKE5,0,0,,,,Censored No Alarm,0,0,0,0,0,1,0.0018295705085620284,,2018-01-13,,0.089
ZCH0BMJM,0,0,,,,Censored No Alarm,0,0,0,0,0,1,0.023121122270822525,,2018-05-16,,0.089
ZCH0BMWX,0,0,,,,Censored No Alarm,0,0,0,0,0,1,0.0068494416773319244,,2018-04-27,,0.089
ZCH0BN8J,0,0,,,,Censored No Alarm,0,0,0,0,0,1,0.0012440503342077136,,2018-03-12,,0.089
ZCH0BNB1,0,1,2019-11-03,,,Censored Early,0,0,1,1,0,0,0.09935145080089569,0.09935145080089569,2018-04-27,555.0,0.089
ZCH0BNFQ,0,0,,,,Censored No Alarm,0,0,0,0,0,1,0.001983382273465395,,2018-04-27,,0.089
ZCH0BP3E,0,0,,,,Censored No Alarm,0,0,0,0,0,1,0.001731415861286223,,2018-02-12,,0.089
ZCH0BPLM,0,0,,,,Censored No Alarm,0,0,0,0,0,1,0.002318848390132189,,2018-04-27,,0.089
ZCH0BPMF,0,0,,,,Censored No Alarm,0,0,0,0,0,1,0.0022892055567353964,,2018-04-27,,0.089
ZCH0BPPE,0,0,,,,Censored No Alarm,0,0,0,0,0,1,0.0018370250472798944,,2018-01-25,,0.089
ZCH0BPTZ,1,1,2018-09-05,2019-01-23,140.0,Early,0,1,0,1,0,0,0.09078776836395264,0.09078776836395264,2018-05-16,112.0,0.089
ZCH0BQ43,0,0,,,,Censored No Alarm,0,0,0,0,0,1,0.0012440503342077136,,2018-03-12,,0.089
ZCH0BQEN,0,0,,,,Censored No Alarm,0,0,0,0,0,1,0.0022733828518539667,,2018-04-27,,0.089
ZCH0BRHD,0,0,,,,Censored No Alarm,0,0,0,0,0,1,0.0057005854323506355,,2018-06-08,,0.089
ZCH0BRZZ,0,0,,,,Censored No Alarm,0,0,0,0,0,1,0.0020084651187062263,,2018-01-25,,0.089
ZCH0BS66,0,0,,,,Censored No Alarm,0,0,0,0,0,1,0.0014835888287052512,,2018-01-13,,0.089
ZCH0BSZS,0,0,,,,Censored No Alarm,0,0,0,0,0,1,0.007858505472540855,,2018-01-13,,0.089
ZCH0BT77,0,0,,,,Censored No Alarm,0,0,0,0,0,1,0.062145959585905075,,2019-11-16,,0.089
ZCH0BT83,0,0,,,,Censored No Alarm,0,0,0,0,0,1,0.020863661542534828,,2018-01-12,,0.089
ZCH0BTJN,1,0,,2019-09-27,,Missed,0,0,0,0,1,0,0.08661454170942307,,2018-01-13,,0.089
ZCH0BTKL,0,0,,,,Censored No Alarm,0,0,0,0,0,1,0.0012528222287073731,,2018-03-12,,0.089
ZCH0BTSW,0,0,,,,Censored No Alarm,0,0,0,0,0,1,0.0034472045954316854,,2018-01-13,,0.089
ZCH0BVF0,0,0,,,,Censored No Alarm,0,0,0,0,0,1,0.002741619711741805,,2018-01-13,,0.089
ZCH0BW26,0,0,,,,Censored No Alarm,0,0,0,0,0,1,0.048526763916015625,,2018-01-13,,0.089
ZCH0BW2F,0,0,,,,Censored No Alarm,0,0,0,0,0,1,0.0017460662638768554,,2018-01-13,,0.089
ZCH0BW5R,0,0,,,,Censored No Alarm,0,0,0,0,0,1,0.001546177314594388,,2018-03-12,,0.089
ZCH0BW6L,0,0,,,,Censored No Alarm,0,0,0,0,0,1,0.002041549887508154,,2018-01-12,,0.089
ZCH0BWH0,0,0,,,,Censored No Alarm,0,0,0,0,0,1,0.0015947789652273059,,2018-01-13,,0.089
ZCH0BWNA,0,0,,,,Censored No Alarm,0,0,0,0,0,1,0.017439445480704308,,2018-01-06,,0.089
ZCH0BWR3,0,0,,,,Censored No Alarm,0,0,0,0,0,1,0.0032771709375083447,,2018-01-13,,0.089
ZCH0BX65,0,0,,,,Censored No Alarm,0,0,0,0,0,1,0.001628100755624473,,2018-03-12,,0.089
ZCH0BX80,0,0,,,,Censored No Alarm,0,0,0,0,0,1,0.0015978477895259857,,2018-01-13,,0.089
ZCH0BXPS,0,0,,,,Censored No Alarm,0,0,0,0,0,1,0.0012676494661718607,,2018-03-12,,0.089
ZCH0BXRK,0,0,,,,Censored No Alarm,0,0,0,0,0,1,0.0019038880709558725,,2018-01-13,,0.089
ZCH0BXSC,0,0,,,,Censored No Alarm,0,0,0,0,0,1,0.0016052534338086843,,2018-01-13,,0.089
ZCH0BY3W,0,0,,,,Censored No Alarm,0,0,0,0,0,1,0.007069051265716553,,2018-01-13,,0.089
ZCH0BYDP,0,0,,,,Censored No Alarm,0,0,0,0,0,1,0.0018370250472798944,,2018-01-25,,0.089
ZCH0BYFW,0,0,,,,Censored No Alarm,0,0,0,0,0,1,0.003904103534296155,,2018-01-13,,0.089
ZCH0BZ5D,0,0,,,,Censored No Alarm,0,0,0,0,0,1,0.0012440503342077136,,2018-03-12,,0.089
ZCH0BZFM,0,0,,,,Censored No Alarm,0,0,0,0,0,1,0.0017496461514383554,,2018-04-27,,0.089
ZCH0BZK8,0,0,,,,Censored No Alarm,0,0,0,0,0,1,0.001373501610942185,,2018-05-16,,0.089
ZCH0BZKN,0,0,,,,Censored No Alarm,0,0,0,0,0,1,0.003190745832398534,,2018-01-06,,0.089
ZCH0BZSV,0,0,,,,Censored No Alarm,0,0,0,0,0,1,0.0019788530189543962,,2018-01-25,,0.089
ZCH0BZVP,0,0,,,,Censored No Alarm,0,0,0,0,0,1,0.0012440503342077136,,2018-03-12,,0.089
ZCH0BZXE,0,0,,,,Censored No Alarm,0,0,0,0,0,1,0.0014371824217960238,,2018-04-13,,0.089
ZCH0C053,0,0,,,,Censored No Alarm,0,0,0,0,0,1,0.0015762427356094122,,2018-01-12,,0.089
ZCH0C0CS,0,0,,,,Censored No Alarm,0,0,0,0,0,1,0.00191201688721776,,2018-01-13,,0.089
ZCH0C0LW,0,0,,,,Censored No Alarm,0,0,0,0,0,1,0.0703977644443512,,2018-03-12,,0.089
ZCH0C0ND,0,0,,,,Censored No Alarm,0,0,0,0,0,1,0.002235734136775136,,2018-07-12,,0.089
ZCH0C0P1,0,0,,,,Censored No Alarm,0,0,0,0,0,1,0.0014575592940673232,,2018-04-13,,0.089
ZCH0C159,0,0,,,,Censored No Alarm,0,0,0,0,0,1,0.013205450028181076,,2018-03-12,,0.089
ZCH0C1SC,1,1,2018-08-28,2019-02-17,173.0,Early,0,1,0,1,0,0,0.6294176578521729,0.35023221373558044,2018-04-27,123.0,0.089
ZCH0C1WB,0,0,,,,Censored No Alarm,0,0,0,0,0,1,0.0013429827522486448,,2018-03-12,,0.089
ZCH0C23D,0,0,,,,Censored No Alarm,0,0,0,0,0,1,0.0020856864284723997,,2018-01-13,,0.089
ZCH0C2AJ,0,0,,,,Censored No Alarm,0,0,0,0,0,1,0.001857856521382928,,2018-01-13,,0.089
ZCH0C2EV,0,0,,,,Censored No Alarm,0,0,0,0,0,1,0.002000727690756321,,2018-04-27,,0.089
ZCH0C2GL,0,0,,,,Censored No Alarm,0,0,0,0,0,1,0.001697334460914135,,2018-01-13,,0.089
ZCH0C2QF,0,0,,,,Censored No Alarm,0,0,0,0,0,1,0.002266806550323963,,2018-04-27,,0.089
ZCH0C2T9,0,0,,,,Censored No Alarm,0,0,0,0,0,1,0.001588225830346346,,2018-01-13,,0.089
ZCH0C3ER,0,0,,,,Censored No Alarm,0,0,0,0,0,1,0.001373501610942185,,2018-05-16,,0.089
ZCH0C3WL,0,0,,,,Censored No Alarm,0,0,0,0,0,1,0.002295355312526226,,2018-01-13,,0.089
ZCH0C4AN,0,0,,,,Censored No Alarm,0,0,0,0,0,1,0.0017167445039376616,,2018-01-06,,0.089
ZCH0C5HC,0,0,,,,Censored No Alarm,0,0,0,0,0,1,0.002404119586572051,,2018-01-12,,0.089
ZCH0C5HZ,0,0,,,,Censored No Alarm,0,0,0,0,0,1,0.0020691482350230217,,2018-01-25,,0.089
ZCH0C5LN,0,0,,,,Censored No Alarm,0,0,0,0,0,1,0.0028033920098096132,,2018-01-13,,0.089
ZCH0C5PL,1,0,,2019-07-08,,Missed,0,0,0,0,1,0,0.0178088266402483,,2018-01-12,,0.089
ZCH0C5V2,0,0,,,,Censored No Alarm,0,0,0,0,0,1,0.0020457960199564695,,2018-01-12,,0.089
ZCH0C5Z6,0,0,,,,Censored No Alarm,0,0,0,0,0,1,0.0013445786898955703,,2018-03-12,,0.089
ZCH0C64V,0,0,,,,Censored No Alarm,0,0,0,0,0,1,0.002497452311217785,,2018-04-27,,0.089
ZCH0C6AJ,0,0,,,,Censored No Alarm,0,0,0,0,0,1,0.00372632616199553,,2018-01-06,,0.089
ZCH0C6HA,0,0,,,,Censored No Alarm,0,0,0,0,0,1,0.004243271425366402,,2018-01-13,,0.089
ZCH0C6JT,0,0,,,,Censored No Alarm,0,0,0,0,0,1,0.0018880418501794338,,2018-01-25,,0.089
ZCH0C6KT,0,0,,,,Censored No Alarm,0,0,0,0,0,1,0.0027321071829646826,,2018-04-27,,0.089
ZCH0C6LP,0,0,,,,Censored No Alarm,0,0,0,0,0,1,0.001805479172617197,,2018-04-27,,0.089
ZCH0C6RW,0,0,,,,Censored No Alarm,0,0,0,0,0,1,0.002338241785764694,,2018-04-27,,0.089
ZCH0C6YG,0,0,,,,Censored No Alarm,0,0,0,0,0,1,0.0017460662638768554,,2018-01-13,,0.089
ZCH0C72W,0,0,,,,Censored No Alarm,0,0,0,0,0,1,0.0016139807412400842,,2018-05-12,,0.089
ZCH0C7H3,0,0,,,,Censored No Alarm,0,0,0,0,0,1,0.0023359337355941534,,2018-01-13,,0.089
ZCH0C7M9,0,0,,,,Censored No Alarm,0,0,0,0,0,1,0.002216218737885356,,2018-01-12,,0.089
ZCH0C7N3,0,0,,,,Censored No Alarm,0,0,0,0,0,1,0.0023418620694428682,,2018-01-25,,0.089
ZCH0C7S8,0,0,,,,Censored No Alarm,0,0,0,0,0,1,0.001495847711339593,,2018-01-25,,0.089
ZCH0C7TJ,0,0,,,,Censored No Alarm,0,0,0,0,0,1,0.002062662970274687,,2018-01-13,,0.089
ZCH0C7V1,0,0,,,,Censored No Alarm,0,0,0,0,0,1,0.002071141032502055,,2018-01-13,,0.089
ZCH0C866,0,0,,,,Censored No Alarm,0,0,0,0,0,1,0.003596783149987459,,2018-01-13,,0.089
ZCH0C8DQ,0,0,,,,Censored No Alarm,0,0,0,0,0,1,0.002669087378308177,,2018-01-13,,0.089
ZCH0C8N3,0,0,,,,Censored No Alarm,0,0,0,0,0,1,0.002717858413234353,,2018-01-13,,0.089
ZCH0C97L,0,0,,,,Censored No Alarm,0,0,0,0,0,1,0.0018356344662606716,,2018-01-13,,0.089
ZCH0CA4M,0,0,,,,Censored No Alarm,0,0,0,0,0,1,0.0029348821844905615,,2018-01-13,,0.089
ZCH0CAAB,0,0,,,,Censored No Alarm,0,0,0,0,0,1,0.0027994834817945957,,2018-01-25,,0.089
ZCH0CAAF,0,0,,,,Censored No Alarm,0,0,0,0,0,1,0.0024487061891704798,,2018-04-27,,0.089
ZCH0CABC,0,0,,,,Censored No Alarm,0,0,0,0,0,1,0.002280628774315119,,2018-04-27,,0.089
ZCH0CAGQ,0,0,,,,Censored No Alarm,0,0,0,0,0,1,0.0017217466374859214,,2018-01-06,,0.089
ZCH0CAQL,0,0,,,,Censored No Alarm,0,0,0,0,0,1,0.0018188563408330083,,2018-04-27,,0.089
ZCH0CAV6,0,0,,,,Censored No Alarm,0,0,0,0,0,1,0.0028031161054968834,,2018-01-06,,0.089
ZCH0CAWQ,0,0,,,,Censored No Alarm,0,0,0,0,0,1,0.0023868209682404995,,2018-01-12,,0.089
ZCH0CB1L,0,0,,,,Censored No Alarm,0,0,0,0,0,1,0.004785619210451841,,2018-05-16,,0.089
ZCH0CBKF,0,0,,,,Censored No Alarm,0,0,0,0,0,1,0.0021976858843117952,,2018-04-27,,0.089
ZCH0CBKT,0,1,2019-04-13,,,Censored Early,0,0,1,1,0,0,0.39386701583862305,0.09735418856143951,2018-04-27,351.0,0.089
ZCH0CBT9,0,0,,,,Censored No Alarm,0,0,0,0,0,1,0.0018283571116626263,,2018-01-12,,0.089
ZCH0CBV3,0,0,,,,Censored No Alarm,0,0,0,0,0,1,0.002400518860667944,,2018-01-06,,0.089
ZCH0CC0V,0,0,,,,Censored No Alarm,0,0,0,0,0,1,0.004465351812541485,,2018-01-13,,0.089
ZCH0CC19,0,0,,,,Censored No Alarm,0,0,0,0,0,1,0.007739081978797913,,2018-01-12,,0.089
ZCH0CC1A,0,0,,,,Censored No Alarm,0,0,0,0,0,1,0.0017751972191035748,,2018-04-27,,0.089
ZCH0CC32,0,0,,,,Censored No Alarm,0,0,0,0,0,1,0.0020502391271293163,,2018-01-13,,0.089
ZCH0CC3X,0,0,,,,Censored No Alarm,0,0,0,0,0,1,0.0022923965007066727,,2018-04-27,,0.089
ZCH0CC48,0,0,,,,Censored No Alarm,0,0,0,0,0,1,0.001977493753656745,,2018-01-12,,0.089
ZCH0CC4B,0,0,,,,Censored No Alarm,0,0,0,0,0,1,0.0019403158221393824,,2018-01-06,,0.089
ZCH0CC4L,0,0,,,,Censored No Alarm,0,0,0,0,0,1,0.0019035699078813195,,2018-01-25,,0.089
ZCH0CC7G,0,0,,,,Censored No Alarm,0,0,0,0,0,1,0.006900478154420853,,2018-01-13,,0.089
ZCH0CC82,0,0,,,,Censored No Alarm,0,0,0,0,0,1,0.0015836261445656419,,2018-01-25,,0.089
ZCH0CC8P,0,0,,,,Censored No Alarm,0,0,0,0,0,1,0.008432910777628422,,2018-10-03,,0.089
ZCH0CCAJ,0,0,,,,Censored No Alarm,0,0,0,0,0,1,0.0012440503342077136,,2018-03-12,,0.089
ZCH0CCBK,0,0,,,,Censored No Alarm,0,0,0,0,0,1,0.004584493115544319,,2018-01-13,,0.089
ZCH0CCCK,0,0,,,,Censored No Alarm,0,0,0,0,0,1,0.06060262769460678,,2018-04-13,,0.089
ZCH0CCDT,0,0,,,,Censored No Alarm,0,0,0,0,0,1,0.002000727690756321,,2018-04-27,,0.089
ZCH0CCGA,0,0,,,,Censored No Alarm,0,0,0,0,0,1,0.0017333464929834008,,2018-01-13,,0.089
ZCH0CCHP,0,0,,,,Censored No Alarm,0,0,0,0,0,1,0.0024351347237825394,,2018-01-13,,0.089
ZCH0CCJQ,0,0,,,,Censored No Alarm,0,0,0,0,0,1,0.011444862000644207,,2018-01-13,,0.089
ZCH0CCK3,0,0,,,,Censored No Alarm,0,0,0,0,0,1,0.002400518860667944,,2018-01-06,,0.089
ZCH0CCK7,0,0,,,,Censored No Alarm,0,0,0,0,0,1,0.0017501675756648183,,2018-01-12,,0.089
ZCH0CCL7,0,0,,,,Censored No Alarm,0,0,0,0,0,1,0.0012440503342077136,,2018-03-12,,0.089
ZCH0CCNK,0,0,,,,Censored No Alarm,0,0,0,0,0,1,0.002787938341498375,,2018-04-27,,0.089
ZCH0CCQ2,0,0,,,,Censored No Alarm,0,0,0,0,0,1,0.0022754473611712456,,2018-01-06,,0.089
ZCH0CCRC,0,1,2019-08-30,,,Censored Early,0,0,1,1,0,0,0.13792996108531952,0.13792996108531952,2018-01-12,595.0,0.089
ZCH0CCRN,0,0,,,,Censored No Alarm,0,0,0,0,0,1,0.0017414429457858205,,2018-01-06,,0.089
ZCH0CCS2,0,0,,,,Censored No Alarm,0,0,0,0,0,1,0.005422831512987614,,2018-01-13,,0.089
ZCH0CCSG,0,0,,,,Censored No Alarm,0,0,0,0,0,1,0.0025407399516552687,,2018-01-13,,0.089
ZCH0CCT4,0,0,,,,Censored No Alarm,0,0,0,0,0,1,0.0029434675816446543,,2018-01-06,,0.089
ZCH0CCTF,0,0,,,,Censored No Alarm,0,0,0,0,0,1,0.002522592432796955,,2018-01-12,,0.089
ZCH0CCW7,0,0,,,,Censored No Alarm,0,0,0,0,0,1,0.0013429827522486448,,2018-03-12,,0.089
ZCH0CCX8,0,0,,,,Censored No Alarm,0,0,0,0,0,1,0.001823395723477006,,2018-01-25,,0.089
ZCH0CCXA,0,0,,,,Censored No Alarm,0,0,0,0,0,1,0.002078198827803135,,2018-01-13,,0.089
ZCH0CCXK,0,0,,,,Censored No Alarm,0,0,0,0,0,1,0.00200762040913105,,2018-01-12,,0.089
ZCH0CCY8,0,0,,,,Censored No Alarm,0,0,0,0,0,1,0.0023539483081549406,,2018-04-27,,0.089
ZCH0CCYF,0,0,,,,Censored No Alarm,0,0,0,0,0,1,0.002844566246494651,,2018-01-12,,0.089
ZCH0CCYQ,0,0,,,,Censored No Alarm,0,0,0,0,0,1,0.0032771709375083447,,2018-01-13,,0.089
ZCH0CCZB,0,0,,,,Censored No Alarm,0,0,0,0,0,1,0.0017792773433029652,,2018-04-27,,0.089
ZCH0CCZS,0,0,,,,Censored No Alarm,0,0,0,0,0,1,0.002400518860667944,,2018-01-06,,0.089
ZCH0CD0A,0,0,,,,Censored No Alarm,0,0,0,0,0,1,0.0033706575632095337,,2018-01-12,,0.089
ZCH0CD0B,0,0,,,,Censored No Alarm,0,0,0,0,0,1,0.0021878026891499758,,2018-01-13,,0.089
ZCH0CD24,0,0,,,,Censored No Alarm,0,0,0,0,0,1,0.014145076274871826,,2018-03-12,,0.089
ZCH0CD3W,0,0,,,,Censored No Alarm,0,0,0,0,0,1,0.0017143436707556248,,2018-01-12,,0.089
ZCH0CD56,0,0,,,,Censored No Alarm,0,0,0,0,0,1,0.0012440503342077136,,2018-03-12,,0.089
ZCH0CD59,0,0,,,,Censored No Alarm,0,0,0,0,0,1,0.0023508036974817514,,2018-04-27,,0.089
ZCH0CD7J,0,0,,,,Censored No Alarm,0,0,0,0,0,1,0.0016408180817961693,,2018-04-27,,0.089
ZCH0CD8C,0,0,,,,Censored No Alarm,0,0,0,0,0,1,0.0012440503342077136,,2018-03-12,,0.089
ZCH0CD8X,0,0,,,,Censored No Alarm,0,0,0,0,0,1,0.002318848390132189,,2018-04-27,,0.089
ZCH0CDAR,0,0,,,,Censored No Alarm,0,0,0,0,0,1,0.0012571244733408093,,2018-03-12,,0.089
ZCH0CDBL,0,0,,,,Censored No Alarm,0,0,0,0,0,1,0.001857856521382928,,2018-04-27,,0.089
ZCH0CDDM,0,0,,,,Censored No Alarm,0,0,0,0,0,1,0.0016301397699862719,,2018-01-12,,0.089
ZCH0CDE3,0,0,,,,Censored No Alarm,0,0,0,0,0,1,0.00399284902960062,,2018-01-06,,0.089
ZCH0CDE8,1,0,,2018-06-11,,Missed,0,0,0,0,1,0,0.03898920118808746,,2018-04-27,,0.089
ZCH0CDEP,0,0,,,,Censored No Alarm,0,0,0,0,0,1,0.0034255252685397863,,2018-01-12,,0.089
ZCH0CDF5,0,0,,,,Censored No Alarm,0,0,0,0,0,1,0.021391645073890686,,2018-01-12,,0.089
ZCH0CDH3,0,0,,,,Censored No Alarm,0,0,0,0,0,1,0.0020236049313098192,,2018-01-12,,0.089
ZCH0CDHQ,0,0,,,,Censored No Alarm,0,0,0,0,0,1,0.0025020192842930555,,2018-04-27,,0.089
ZCH0CDK7,0,0,,,,Censored No Alarm,0,0,0,0,0,1,0.0014586305478587747,,2018-04-13,,0.089
ZCH0CDKT,0,0,,,,Censored No Alarm,0,0,0,0,0,1,0.002755245892331004,,2018-01-13,,0.089
ZCH0CDM3,0,0,,,,Censored No Alarm,0,0,0,0,0,1,0.0017143436707556248,,2018-01-13,,0.089
ZCH0CDPM,0,0,,,,Censored No Alarm,0,0,0,0,0,1,0.002033904194831848,,2018-03-12,,0.089
ZCH0CDTR,0,0,,,,Censored No Alarm,0,0,0,0,0,1,0.002077527577057481,,2018-01-06,,0.089
ZCH0CDYN,0,0,,,,Censored No Alarm,0,0,0,0,0,1,0.0022513545118272305,,2018-04-27,,0.089
ZCH0CDYT,0,0,,,,Censored No Alarm,0,0,0,0,0,1,0.006852173712104559,,2018-01-13,,0.089
ZCH0CDZ2,0,0,,,,Censored No Alarm,0,0,0,0,0,1,0.017552921548485756,,2018-01-13,,0.089
ZCH0CDZJ,0,0,,,,Censored No Alarm,0,0,0,0,0,1,0.00316113093867898,,2018-01-06,,0.089
ZCH0CE0N,0,0,,,,Censored No Alarm,0,0,0,0,0,1,0.0016222911654040217,,2018-01-13,,0.089
ZCH0CE1E,0,0,,,,Censored No Alarm,0,0,0,0,0,1,0.005422831512987614,,2018-01-13,,0.089
ZCH0CE1Y,0,0,,,,Censored No Alarm,0,0,0,0,0,1,0.06549913436174393,,2018-01-12,,0.089
ZCH0CE33,0,0,,,,Censored No Alarm,0,0,0,0,0,1,0.0018687555566430092,,2018-01-13,,0.089
ZCH0CE34,1,0,,2021-05-20,,Missed,0,0,0,0,1,0,0.003055117093026638,,2018-01-12,,0.089
ZCH0CE5C,1,0,,2021-02-15,,Missed,0,0,0,0,1,0,0.0022905718069523573,,2018-01-06,,0.089
ZCH0CE5R,0,0,,,,Censored No Alarm,0,0,0,0,0,1,0.06448067724704742,,2018-01-12,,0.089
ZCH0CEG1,0,0,,,,Censored No Alarm,0,0,0,0,0,1,0.0013445786898955703,,2018-03-12,,0.089
ZCH0CEHG,0,0,,,,Censored No Alarm,0,0,0,0,0,1,0.0019043864449486136,,2018-01-25,,0.089
ZCH0CEJD,0,0,,,,Censored No Alarm,0,0,0,0,0,1,0.002002487890422344,,2018-04-27,,0.089
ZCH0CEJQ,0,0,,,,Censored No Alarm,0,0,0,0,0,1,0.01545731071382761,,2018-04-27,,0.089
ZCH0CEKW,0,0,,,,Censored No Alarm,0,0,0,0,0,1,0.0014206573832780123,,2018-03-12,,0.089
ZCH0CELK,0,0,,,,Censored No Alarm,0,0,0,0,0,1,0.0012440503342077136,,2018-03-12,,0.089
ZCH0CEMS,0,0,,,,Censored No Alarm,0,0,0,0,0,1,0.002056064084172249,,2018-05-12,,0.089
ZCH0CEN1,0,0,,,,Censored No Alarm,0,0,0,0,0,1,0.0021030905190855265,,2018-03-12,,0.089
ZCH0CENC,0,0,,,,Censored No Alarm,0,0,0,0,0,1,0.0014915805077180266,,2018-01-13,,0.089
ZCH0CENN,0,0,,,,Censored No Alarm,0,0,0,0,0,1,0.0012440503342077136,,2018-03-12,,0.089
ZCH0CEP3,0,0,,,,Censored No Alarm,0,0,0,0,0,1,0.0019234768114984035,,2018-01-13,,0.089
ZCH0CEP4,0,0,,,,Censored No Alarm,0,0,0,0,0,1,0.0027758213691413403,,2018-01-12,,0.089
ZCH0CEPC,0,0,,,,Censored No Alarm,0,0,0,0,0,1,0.002522592432796955,,2018-01-12,,0.089
ZCH0CESE,1,0,,2020-01-21,,Missed,0,0,0,0,1,0,0.0029348821844905615,,2018-01-13,,0.089
ZCH0CEXD,0,0,,,,Censored No Alarm,0,0,0,0,0,1,0.0024372520856559277,,2018-01-13,,0.089
ZCH0CEXF,0,0,,,,Censored No Alarm,0,0,0,0,0,1,0.002400518860667944,,2018-01-06,,0.089
ZCH0CEYB,0,0,,,,Censored No Alarm,0,0,0,0,0,1,0.0021143024787306786,,2018-01-13,,0.089
ZCH0CEYG,0,0,,,,Censored No Alarm,0,0,0,0,0,1,0.0016868854872882366,,2018-04-27,,0.089
ZCH0CEYR,0,0,,,,Censored No Alarm,0,0,0,0,0,1,0.0014206079067662358,,2018-12-05,,0.089
ZCH0CF20,0,0,,,,Censored No Alarm,0,0,0,0,0,1,0.0025202587712556124,,2018-04-27,,0.089
ZCH0CF2F,0,0,,,,Censored No Alarm,0,0,0,0,0,1,0.0023508036974817514,,2018-04-27,,0.089
ZCH0CF3K,0,0,,,,Censored No Alarm,0,0,0,0,0,1,0.001739489147439599,,2018-01-13,,0.089
ZCH0CF3Q,0,0,,,,Censored No Alarm,0,0,0,0,0,1,0.002000727690756321,,2018-04-27,,0.089
ZCH0CF3X,0,0,,,,Censored No Alarm,0,0,0,0,0,1,0.0030113509856164455,,2018-01-12,,0.089
ZCH0CF5C,0,0,,,,Censored No Alarm,0,0,0,0,0,1,0.0025117932818830013,,2018-01-13,,0.089
ZCH0CF75,0,0,,,,Censored No Alarm,0,0,0,0,0,1,0.002002487890422344,,2018-04-27,,0.089
ZCH0CF9P,0,0,,,,Censored No Alarm,0,0,0,0,0,1,0.0014641573652625084,,2018-02-12,,0.089
ZCH0CFBR,0,0,,,,Censored No Alarm,0,0,0,0,0,1,0.0021578860469162464,,2018-01-12,,0.089
ZCH0CFCB,0,0,,,,Censored No Alarm,0,0,0,0,0,1,0.0019833992701023817,,2018-01-13,,0.089
ZCH0CFCY,0,0,,,,Censored No Alarm,0,0,0,0,0,1,0.0023890621960163116,,2018-01-25,,0.089
ZCH0CFMJ,0,0,,,,Censored No Alarm,0,0,0,0,0,1,0.0016835338901728392,,2018-01-25,,0.089
ZCH0CFPM,0,0,,,,Censored No Alarm,0,0,0,0,0,1,0.0019915730226784945,,2018-01-12,,0.089
ZCH0CFR8,0,0,,,,Censored No Alarm,0,0,0,0,0,1,0.0021742398384958506,,2018-01-06,,0.089
ZCH0CFSR,0,0,,,,Censored No Alarm,0,0,0,0,0,1,0.0023359337355941534,,2018-01-12,,0.089
ZCH0CGB1,0,0,,,,Censored No Alarm,0,0,0,0,0,1,0.005447215400636196,,2018-01-25,,0.089
ZCH0CH5N,0,0,,,,Censored No Alarm,0,0,0,0,0,1,0.0020276024006307125,,2018-01-12,,0.089
ZCH0CH6X,0,0,,,,Censored No Alarm,0,0,0,0,0,1,0.0016408180817961693,,2018-04-27,,0.089
ZCH0CH7L,0,0,,,,Censored No Alarm,0,0,0,0,0,1,0.0012440503342077136,,2018-03-12,,0.089
ZCH0CH7M,0,0,,,,Censored No Alarm,0,0,0,0,0,1,0.0013429827522486448,,2018-03-12,,0.089
ZCH0CH9F,0,0,,,,Censored No Alarm,0,0,0,0,0,1,0.007900706492364407,,2018-01-13,,0.089
ZCH0CHBJ,0,0,,,,Censored No Alarm,0,0,0,0,0,1,0.0024364059790968895,,2018-01-12,,0.089
ZCH0CHEX,0,0,,,,Censored No Alarm,0,0,0,0,0,1,0.002781784627586603,,2018-04-27,,0.089
ZCH0CHF7,0,0,,,,Censored No Alarm,0,0,0,0,0,1,0.0018205652013421059,,2018-01-13,,0.089
ZCH0CHF9,0,0,,,,Censored No Alarm,0,0,0,0,0,1,0.0015358318341895938,,2018-01-13,,0.089
ZCH0CHJ5,0,0,,,,Censored No Alarm,0,0,0,0,0,1,0.002318848390132189,,2018-04-27,,0.089
ZCH0CHL9,0,0,,,,Censored No Alarm,0,0,0,0,0,1,0.0019171652384102345,,2018-01-12,,0.089
ZCH0CHML,0,0,,,,Censored No Alarm,0,0,0,0,0,1,0.003683143062517047,,2018-01-12,,0.089
ZCH0CHNF,0,0,,,,Censored No Alarm,0,0,0,0,0,1,0.0026165335439145565,,2018-04-27,,0.089
ZCH0CHP2,0,0,,,,Censored No Alarm,0,0,0,0,0,1,0.0037227144930511713,,2018-01-25,,0.089
ZCH0CHQ2,0,0,,,,Censored No Alarm,0,0,0,0,0,1,0.00364510715007782,,2018-04-27,,0.089
ZCH0CHQE,0,0,,,,Censored No Alarm,0,0,0,0,0,1,0.0016408180817961693,,2018-04-27,,0.089
ZCH0CHR7,0,0,,,,Censored No Alarm,0,0,0,0,0,1,0.0016448402311652899,,2018-01-13,,0.089
ZCH0CHRP,0,0,,,,Censored No Alarm,0,0,0,0,0,1,0.0020752144046127796,,2018-01-06,,0.089
ZCH0CHSC,0,0,,,,Censored No Alarm,0,0,0,0,0,1,0.0021426212042570114,,2018-01-13,,0.089
ZCH0CHTE,0,0,,,,Censored No Alarm,0,0,0,0,0,1,0.002400518860667944,,2018-01-06,,0.089
ZCH0CHTH,0,0,,,,Censored No Alarm,0,0,0,0,0,1,0.0017321051564067602,,2018-01-13,,0.089
ZCH0CHTW,0,0,,,,Censored No Alarm,0,0,0,0,0,1,0.0017955874791368842,,2018-03-12,,0.089
ZCH0CHVF,1,1,2018-09-05,2018-10-13,38.0,Early,0,1,0,1,0,0,0.1539795845746994,0.1539795845746994,2018-04-13,145.0,0.089
ZCH0CHXE,0,0,,,,Censored No Alarm,0,0,0,0,0,1,0.0024364059790968895,,2018-01-12,,0.089
ZCH0CHY9,0,0,,,,Censored No Alarm,0,0,0,0,0,1,0.08602000027894974,,2018-04-27,,0.089
ZCH0CHZF,0,0,,,,Censored No Alarm,0,0,0,0,0,1,0.0023647905327379704,,2018-04-27,,0.089
ZCH0CHZG,0,0,,,,Censored No Alarm,0,0,0,0,0,1,0.017245331779122353,,2018-01-13,,0.089
ZCH0CHZN,0,0,,,,Censored No Alarm,0,0,0,0,0,1,0.0018938691355288029,,2018-01-12,,0.089
ZCH0CJ0T,0,0,,,,Censored No Alarm,0,0,0,0,0,1,0.002497452311217785,,2018-04-27,,0.089
ZCH0CJ24,0,0,,,,Censored No Alarm,0,0,0,0,0,1,0.001451477175578475,,2018-03-12,,0.089
ZCH0CJ35,0,0,,,,Censored No Alarm,0,0,0,0,0,1,0.004417772404849529,,2018-04-27,,0.089
ZCH0CJ3K,0,0,,,,Censored No Alarm,0,0,0,0,0,1,0.001661532325670123,,2018-01-13,,0.089
ZCH0CJ3W,0,0,,,,Censored No Alarm,0,0,0,0,0,1,0.05600691959261894,,2018-08-29,,0.089
ZCH0CJ4X,0,0,,,,Censored No Alarm,0,0,0,0,0,1,0.006814479362219572,,2018-01-06,,0.089
ZCH0CJ54,0,0,,,,Censored No Alarm,0,0,0,0,0,1,0.0017460662638768554,,2018-01-12,,0.089
ZCH0CJ58,0,0,,,,Censored No Alarm,0,0,0,0,0,1,0.0012440503342077136,,2018-03-12,,0.089
ZCH0CJ5T,0,0,,,,Censored No Alarm,0,0,0,0,0,1,0.0034635779447853565,,2018-01-25,,0.089
ZCH0CJ60,0,0,,,,Censored No Alarm,0,0,0,0,0,1,0.0024443657603114843,,2018-03-12,,0.089
ZCH0CJ6J,0,0,,,,Censored No Alarm,0,0,0,0,0,1,0.0018445608438923955,,2018-01-13,,0.089
ZCH0CJ7L,1,1,2019-06-10,2020-03-27,291.0,Early,0,1,0,1,0,0,0.9857926964759827,0.9856079816818237,2018-01-12,514.0,0.089
ZCH0CJ8H,1,0,,2019-05-10,,Missed,0,0,0,0,1,0,0.0635601282119751,,2018-01-13,,0.089
ZCH0CJ8J,0,0,,,,Censored No Alarm,0,0,0,0,0,1,0.001915349392220378,,2018-01-12,,0.089
ZCH0CJ92,0,0,,,,Censored No Alarm,0,0,0,0,0,1,0.002522592432796955,,2018-01-12,,0.089
ZCH0CJB1,0,0,,,,Censored No Alarm,0,0,0,0,0,1,0.0020457960199564695,,2018-01-12,,0.089
ZCH0CJC8,0,0,,,,Censored No Alarm,0,0,0,0,0,1,0.001861239899881184,,2018-04-27,,0.089
ZCH0CJCG,0,0,,,,Censored No Alarm,0,0,0,0,0,1,0.0022163086105138063,,2018-01-12,,0.089
ZCH0CJCT,0,0,,,,Censored No Alarm,0,0,0,0,0,1,0.0032733511179685593,,2018-01-13,,0.089
ZCH0CJDG,0,0,,,,Censored No Alarm,0,0,0,0,0,1,0.0018249501008540392,,2018-01-13,,0.089
ZCH0CJE1,0,0,,,,Censored No Alarm,0,0,0,0,0,1,0.002494063228368759,,2018-01-06,,0.089
ZCH0CJE8,0,0,,,,Censored No Alarm,0,0,0,0,0,1,0.0019035699078813195,,2018-01-13,,0.089
ZCH0CJFD,0,0,,,,Censored No Alarm,0,0,0,0,0,1,0.001559350173920393,,2018-01-25,,0.089
ZCH0CJFG,0,0,,,,Censored No Alarm,0,0,0,0,0,1,0.0039767054840922356,,2018-01-06,,0.089
ZCH0CJGD,0,0,,,,Censored No Alarm,0,0,0,0,0,1,0.0021372113842517138,,2018-01-13,,0.089
ZCH0CJJB,0,0,,,,Censored No Alarm,0,0,0,0,0,1,0.0046496582217514515,,2018-01-25,,0.089
ZCH0CJJT,0,0,,,,Censored No Alarm,0,0,0,0,0,1,0.0015389820327982306,,2018-01-13,,0.089
ZCH0CJK2,0,0,,,,Censored No Alarm,0,0,0,0,0,1,0.0013429827522486448,,2018-03-12,,0.089
ZCH0CJNZ,0,0,,,,Censored No Alarm,0,0,0,0,0,1,0.0019408863736316562,,2018-01-25,,0.089
ZCH0CJQX,0,0,,,,Censored No Alarm,0,0,0,0,0,1,0.0035048038698732853,,2018-01-06,,0.089
ZCH0CJRC,0,0,,,,Censored No Alarm,0,0,0,0,0,1,0.003807822475209832,,2018-01-12,,0.089
ZCH0CJRN,0,0,,,,Censored No Alarm,0,0,0,0,0,1,0.0020842906087636948,,2018-01-06,,0.089
ZCH0CJRP,0,1,2019-08-08,,,Censored Early,0,0,1,1,0,0,0.10532289743423462,0.10532289743423462,2018-01-06,579.0,0.089
ZCH0CJSM,0,0,,,,Censored No Alarm,0,0,0,0,0,1,0.0021578860469162464,,2018-01-12,,0.089
ZCH0CJT2,1,0,,2019-04-17,,Missed,0,0,0,0,1,0,0.001641077222302556,,2018-01-13,,0.089
ZCH0CJTR,0,0,,,,Censored No Alarm,0,0,0,0,0,1,0.003596783149987459,,2018-01-13,,0.089
ZCH0CJWR,0,0,,,,Censored No Alarm,0,0,0,0,0,1,0.0074759130366146564,,2018-01-12,,0.089
ZCH0CJX7,0,0,,,,Censored No Alarm,0,0,0,0,0,1,0.002389895496889949,,2018-01-13,,0.089
ZCH0CJYX,0,0,,,,Censored No Alarm,0,0,0,0,0,1,0.0021166580263525248,,2018-01-06,,0.089
ZCH0CK06,0,0,,,,Censored No Alarm,0,0,0,0,0,1,0.001661532325670123,,2018-01-13,,0.089
ZCH0CK0B,0,0,,,,Censored No Alarm,0,0,0,0,0,1,0.0028312664944678545,,2018-01-13,,0.089
ZCH0CK0J,0,0,,,,Censored No Alarm,0,0,0,0,0,1,0.0021059236023575068,,2018-04-27,,0.089
ZCH0CK0Y,0,0,,,,Censored No Alarm,0,0,0,0,0,1,0.0023359337355941534,,2018-01-13,,0.089
ZCH0CK2A,0,0,,,,Censored No Alarm,0,0,0,0,0,1,0.0019330766517668962,,2018-01-12,,0.089
ZCH0CK2D,0,0,,,,Censored No Alarm,0,0,0,0,0,1,0.0014575592940673232,,2018-01-25,,0.089
ZCH0CK2W,0,0,,,,Censored No Alarm,0,0,0,0,0,1,0.0023709360975772142,,2018-04-27,,0.089
ZCH0CK37,0,0,,,,Censored No Alarm,0,0,0,0,0,1,0.00234401086345315,,2018-01-06,,0.089
ZCH0CK39,0,0,,,,Censored No Alarm,0,0,0,0,0,1,0.0026098485104739666,,2018-01-12,,0.089
ZCH0CK3A,0,0,,,,Censored No Alarm,0,0,0,0,0,1,0.0012440503342077136,,2018-03-12,,0.089
ZCH0CK3Z,0,0,,,,Censored No Alarm,0,0,0,0,0,1,0.002708560787141323,,2018-05-12,,0.089
ZCH0CK49,0,0,,,,Censored No Alarm,0,0,0,0,0,1,0.002338241785764694,,2018-04-27,,0.089
ZCH0CK4L,1,0,,2019-02-05,,Missed,0,0,0,0,1,0,0.0013818606967106462,,2018-04-27,,0.089
ZCH0CK4N,0,0,,,,Censored No Alarm,0,0,0,0,0,1,0.0016438702587038279,,2018-03-12,,0.089
ZCH0CK5A,0,0,,,,Censored No Alarm,0,0,0,0,0,1,0.002062662970274687,,2018-01-13,,0.089
ZCH0CK6M,0,0,,,,Censored No Alarm,0,0,0,0,0,1,0.0017349999397993088,,2018-01-13,,0.089
ZCH0CK7N,0,0,,,,Censored No Alarm,0,0,0,0,0,1,0.0022923965007066727,,2018-04-27,,0.089
ZCH0CK7W,0,0,,,,Censored No Alarm,0,0,0,0,0,1,0.0016597157809883356,,2018-01-25,,0.089
ZCH0CKA1,0,0,,,,Censored No Alarm,0,0,0,0,0,1,0.0013982313685119152,,2018-02-12,,0.089
ZCH0CKE5,0,0,,,,Censored No Alarm,0,0,0,0,0,1,0.0022923965007066727,,2018-04-27,,0.089
ZCH0CKGM,0,0,,,,Censored No Alarm,0,0,0,0,0,1,0.0020052266772836447,,2018-01-13,,0.089
ZCH0CKJA,0,0,,,,Censored No Alarm,0,0,0,0,0,1,0.006016479339450598,,2018-01-13,,0.089
ZCH0CKJD,0,0,,,,Censored No Alarm,0,0,0,0,0,1,0.0016720304265618324,,2018-04-27,,0.089
ZCH0CKKX,0,0,,,,Censored No Alarm,0,0,0,0,0,1,0.0018396989908069372,,2018-01-13,,0.089
ZCH0CKLN,0,0,,,,Censored No Alarm,0,0,0,0,0,1,0.0017460662638768554,,2018-04-27,,0.089
ZCH0CL7E,1,0,,2018-08-11,,Missed,0,0,0,0,1,0,0.002993069589138031,,2018-01-12,,0.089
ZCH0CL8T,0,0,,,,Censored No Alarm,0,0,0,0,0,1,0.0022845687344670296,,2018-01-06,,0.089
ZCH0CL9F,0,0,,,,Censored No Alarm,0,0,0,0,0,1,0.002001208486035466,,2018-01-13,,0.089
ZCH0CL9K,0,0,,,,Censored No Alarm,0,0,0,0,0,1,0.0019400451565161347,,2018-01-13,,0.089
ZCH0CLA3,0,0,,,,Censored No Alarm,0,0,0,0,0,1,0.0014844270190224051,,2018-04-13,,0.089
ZCH0CLLJ,0,0,,,,Censored No Alarm,0,0,0,0,0,1,0.0012535593705251813,,2018-04-13,,0.089
ZCH0CMZ9,0,0,,,,Censored No Alarm,0,0,0,0,0,1,0.002590092131868005,,2018-02-12,,0.089
ZCH0CNB6,0,0,,,,Censored No Alarm,0,0,0,0,0,1,0.0013445786898955703,,2018-12-08,,0.089
ZCH0CP5E,0,0,,,,Censored No Alarm,0,0,0,0,0,1,0.002000727690756321,,2018-05-12,,0.089
ZCH0CQB4,0,0,,,,Censored No Alarm,0,0,0,0,0,1,0.0014302675845101476,,2018-04-13,,0.089
ZCH0CQBP,0,0,,,,Censored No Alarm,0,0,0,0,0,1,0.0017125492449849844,,2018-02-12,,0.089
ZCH0CQCE,0,0,,,,Censored No Alarm,0,0,0,0,0,1,0.0018957637948915362,,2018-02-12,,0.089
ZCH0CQVF,0,0,,,,Censored No Alarm,0,0,0,0,0,1,0.004180326126515865,,2018-01-25,,0.089
ZCH0CRVV,0,0,,,,Censored No Alarm,0,0,0,0,0,1,0.00204649125225842,,2018-03-12,,0.089
ZCH0CRX5,0,0,,,,Censored No Alarm,0,0,0,0,0,1,0.002355733886361122,,2018-04-13,,0.089
ZCH0CRYG,0,0,,,,Censored No Alarm,0,0,0,0,0,1,0.0018244184320792556,,2018-02-12,,0.089
ZCH0CSAY,0,0,,,,Censored No Alarm,0,0,0,0,0,1,0.0013445786898955703,,2018-05-16,,0.089
ZCH0CSZR,0,0,,,,Censored No Alarm,0,0,0,0,0,1,0.002008111448958516,,2018-01-25,,0.089
ZCH0CTBY,0,0,,,,Censored No Alarm,0,0,0,0,0,1,0.002325455890968442,,2018-01-06,,0.089
ZCH0CTTL,0,0,,,,Censored No Alarm,0,0,0,0,0,1,0.001811391906812787,,2018-01-25,,0.089
ZCH0CV38,0,0,,,,Censored No Alarm,0,0,0,0,0,1,0.0019185333512723446,,2018-01-13,,0.089
ZCH0CV3A,0,0,,,,Censored No Alarm,0,0,0,0,0,1,0.002318848390132189,,2018-04-27,,0.089
ZCH0CV8X,0,0,,,,Censored No Alarm,0,0,0,0,0,1,0.001546177314594388,,2018-03-12,,0.089
ZCH0CVNL,0,0,,,,Censored No Alarm,0,0,0,0,0,1,0.0014575592940673232,,2018-04-13,,0.089
ZCH0CVXS,0,0,,,,Censored No Alarm,0,0,0,0,0,1,0.0021060218568891287,,2018-02-12,,0.089
ZCH0CVZN,0,0,,,,Censored No Alarm,0,0,0,0,0,1,0.00509778643026948,,2018-01-12,,0.089
ZCH0CXJ5,0,0,,,,Censored No Alarm,0,0,0,0,0,1,0.002313606906682253,,2018-01-06,,0.089
ZCH0CXKS,0,0,,,,Censored No Alarm,0,0,0,0,0,1,0.0013429827522486448,,2018-03-12,,0.089
ZCH0CXQE,1,0,,2021-08-26,,Missed,0,0,0,0,1,0,0.015470772050321102,,2018-01-25,,0.089
ZCH0CXR7,0,0,,,,Censored No Alarm,0,0,0,0,0,1,0.010868704877793789,,2018-01-13,,0.089
ZCH0CY1N,0,0,,,,Censored No Alarm,0,0,0,0,0,1,0.002444221405312419,,2018-01-13,,0.089
ZCH0CY4E,0,0,,,,Censored No Alarm,0,0,0,0,0,1,0.002400518860667944,,2018-01-06,,0.089
ZCH0CY6Y,0,0,,,,Censored No Alarm,0,0,0,0,0,1,0.002122214762493968,,2018-01-25,,0.089
ZCH0CY72,0,0,,,,Censored No Alarm,0,0,0,0,0,1,0.0047976067289710045,,2018-01-25,,0.089
ZCH0CYJ6,0,1,2019-03-19,,,Censored Early,0,0,1,1,0,0,0.6220865249633789,0.31581106781959534,2018-05-12,311.0,0.089
ZCH0CYXM,1,0,,2019-07-03,,Missed,0,0,0,0,1,0,0.07737775146961212,,2018-01-13,,0.089
ZCH0CZ0Y,0,0,,,,Censored No Alarm,0,0,0,0,0,1,0.0053546796552836895,,2018-04-27,,0.089
ZCH0CZ10,0,0,,,,Censored No Alarm,0,0,0,0,0,1,0.001661532325670123,,2018-01-13,,0.089
ZCH0CZ1D,0,0,,,,Censored No Alarm,0,0,0,0,0,1,0.0018295705085620284,,2018-01-13,,0.089
ZCH0CZ3F,0,0,,,,Censored No Alarm,0,0,0,0,0,1,0.002400518860667944,,2018-01-06,,0.089
ZCH0CZ4H,0,0,,,,Censored No Alarm,0,0,0,0,0,1,0.0024443657603114843,,2018-03-12,,0.089
ZCH0CZ5R,0,0,,,,Censored No Alarm,0,0,0,0,0,1,0.0015855830861255527,,2018-04-27,,0.089
ZCH0CZ86,0,0,,,,Censored No Alarm,0,0,0,0,0,1,0.002338241785764694,,2018-04-27,,0.089
ZCH0CZ8V,0,0,,,,Censored No Alarm,0,0,0,0,0,1,0.004053117241710424,,2018-01-06,,0.089
ZCH0CZAM,0,0,,,,Censored No Alarm,0,0,0,0,0,1,0.0014447770081460476,,2018-04-13,,0.089
ZCH0CZBH,1,0,,2019-05-21,,Missed,0,0,0,0,1,0,0.08070765435695648,,2018-01-13,,0.089
ZCH0CZCV,0,0,,,,Censored No Alarm,0,0,0,0,0,1,0.016567014157772064,,2018-04-27,,0.089
ZCH0CZDT,0,0,,,,Censored No Alarm,0,0,0,0,0,1,0.001857856521382928,,2018-01-13,,0.089
ZCH0CZLQ,0,0,,,,Censored No Alarm,0,0,0,0,0,1,0.0019411478424444795,,2018-01-12,,0.089
ZCH0CZP4,0,0,,,,Censored No Alarm,0,0,0,0,0,1,0.0012504231417551637,,2018-03-12,,0.089
ZCH0CZQ8,0,0,,,,Censored No Alarm,0,0,0,0,0,1,0.00249858689494431,,2018-01-25,,0.089
ZCH0CZTJ,0,0,,,,Censored No Alarm,0,0,0,0,0,1,0.014478852972388268,,2018-01-25,,0.089
ZCH0CZTP,0,0,,,,Censored No Alarm,0,0,0,0,0,1,0.0020663037430495024,,2018-04-27,,0.089
ZCH0CZTQ,1,0,,2019-05-08,,Missed,0,0,0,0,1,0,0.0013541087973862886,,2018-04-27,,0.089
ZCH0CZVY,0,0,,,,Censored No Alarm,0,0,0,0,0,1,0.0020492481999099255,,2018-04-27,,0.089
ZCH0CZW1,0,0,,,,Censored No Alarm,0,0,0,0,0,1,0.0017573401564732194,,2018-01-06,,0.089
ZCH0CZX2,0,0,,,,Censored No Alarm,0,0,0,0,0,1,0.0052376314997673035,,2018-01-12,,0.089
ZCH0D00G,0,0,,,,Censored No Alarm,0,0,0,0,0,1,0.003935553133487701,,2018-01-06,,0.089
ZCH0D0LK,0,0,,,,Censored No Alarm,0,0,0,0,0,1,0.0021426212042570114,,2018-01-13,,0.089
ZCH0D0XE,0,0,,,,Censored No Alarm,0,0,0,0,0,1,0.0017180737340822816,,2018-01-13,,0.089
ZCH0D117,0,0,,,,Censored No Alarm,0,0,0,0,0,1,0.0036432857159525156,,2018-01-06,,0.089
ZCH0D11T,0,0,,,,Censored No Alarm,0,0,0,0,0,1,0.004663736559450626,,2018-01-06,,0.089
ZCH0D140,0,0,,,,Censored No Alarm,0,0,0,0,0,1,0.003332217689603567,,2018-01-25,,0.089
ZCH0D14B,0,0,,,,Censored No Alarm,0,0,0,0,0,1,0.002225907053798437,,2018-01-12,,0.089
ZCH0D19A,0,0,,,,Censored No Alarm,0,0,0,0,0,1,0.0013429827522486448,,2018-03-12,,0.089
ZCH0D1AL,0,0,,,,Censored No Alarm,0,0,0,0,0,1,0.002400518860667944,,2018-01-06,,0.089
ZCH0D1AW,0,0,,,,Censored No Alarm,0,0,0,0,0,1,0.04083370417356491,,2018-01-25,,0.089
ZCH0D1C2,0,0,,,,Censored No Alarm,0,0,0,0,0,1,0.002625558292493224,,2018-01-13,,0.089
ZCH0D1DN,0,0,,,,Censored No Alarm,0,0,0,0,0,1,0.0013429827522486448,,2018-03-12,,0.089
ZCH0D1F8,0,0,,,,Censored No Alarm,0,0,0,0,0,1,0.0018046594923362136,,2018-01-25,,0.089
ZCH0D1F9,1,0,,2019-11-17,,Missed,0,0,0,0,1,0,0.0013445786898955703,,2018-03-12,,0.089
ZCH0D1H8,0,0,,,,Censored No Alarm,0,0,0,0,0,1,0.00474001606926322,,2018-01-06,,0.089
ZCH0D1HC,1,1,2019-08-23,2019-09-20,28.0,On time,1,0,0,0,0,0,0.6455520987510681,0.10500425845384598,2018-01-13,587.0,0.089
ZCH0D1L0,0,0,,,,Censored No Alarm,0,0,0,0,0,1,0.0012440503342077136,,2018-03-12,,0.089
ZCH0D1LG,0,0,,,,Censored No Alarm,0,0,0,0,0,1,0.008715782314538956,,2018-01-25,,0.089
ZCH0D1NX,0,0,,,,Censored No Alarm,0,0,0,0,0,1,0.0017460662638768554,,2018-01-13,,0.089
ZCH0D1PC,1,1,2019-02-08,2019-02-09,1.0,On time,1,0,0,0,0,0,0.12088210880756378,0.1196308359503746,2018-01-13,391.0,0.089
ZCH0D1TC,0,0,,,,Censored No Alarm,0,0,0,0,0,1,0.001974102109670639,,2018-03-12,,0.089
ZCH0D1VF,0,0,,,,Censored No Alarm,0,0,0,0,0,1,0.0023378157056868076,,2018-04-27,,0.089
ZCH0D1WT,0,0,,,,Censored No Alarm,0,0,0,0,0,1,0.0023184262681752443,,2018-04-27,,0.089
ZCH0D1WX,0,0,,,,Censored No Alarm,0,0,0,0,0,1,0.0018758061341941357,,2018-01-25,,0.089
ZCH0D1XS,0,0,,,,Censored No Alarm,0,0,0,0,0,1,0.0020861150696873665,,2018-01-12,,0.089
ZCH0D1YQ,0,0,,,,Censored No Alarm,0,0,0,0,0,1,0.0017249688971787691,,2018-01-13,,0.089
ZCH0D1YW,0,0,,,,Censored No Alarm,0,0,0,0,0,1,0.004223180934786797,,2018-01-12,,0.089
ZCH0D1Z1,0,0,,,,Censored No Alarm,0,0,0,0,0,1,0.002400518860667944,,2018-01-12,,0.089
ZCH0D1ZW,0,0,,,,Censored No Alarm,0,0,0,0,0,1,0.0013445786898955703,,2018-03-12,,0.089
ZCH0D207,0,0,,,,Censored No Alarm,0,0,0,0,0,1,0.0020189466886222363,,2018-01-25,,0.089
ZCH0D217,0,0,,,,Censored No Alarm,0,0,0,0,0,1,0.002477178815752268,,2018-04-27,,0.089
ZCH0D221,0,0,,,,Censored No Alarm,0,0,0,0,0,1,0.001884321914985776,,2018-01-13,,0.089
ZCH0D223,0,0,,,,Censored No Alarm,0,0,0,0,0,1,0.0018371990881860256,,2018-01-25,,0.089
ZCH0D22B,0,0,,,,Censored No Alarm,0,0,0,0,0,1,0.002366909757256508,,2018-01-13,,0.089
ZCH0D26A,0,0,,,,Censored No Alarm,0,0,0,0,0,1,0.042336732149124146,,2018-01-13,,0.089
ZCH0D27X,0,0,,,,Censored No Alarm,0,0,0,0,0,1,0.002361510181799531,,2018-01-06,,0.089
ZCH0D28V,0,0,,,,Censored No Alarm,0,0,0,0,0,1,0.0021673226729035378,,2018-01-12,,0.089
ZCH0D299,0,0,,,,Censored No Alarm,0,0,0,0,0,1,0.0022733828518539667,,2018-05-12,,0.089
ZCH0D29G,0,0,,,,Censored No Alarm,0,0,0,0,0,1,0.00868205726146698,,2018-01-06,,0.089
ZCH0D29M,0,0,,,,Censored No Alarm,0,0,0,0,0,1,0.002494063228368759,,2018-01-06,,0.089
ZCH0D2B6,0,0,,,,Censored No Alarm,0,0,0,0,0,1,0.0019087708787992597,,2018-01-06,,0.089
ZCH0D2CF,0,0,,,,Censored No Alarm,0,0,0,0,0,1,0.0017460662638768554,,2018-04-27,,0.089
ZCH0D2D7,0,0,,,,Censored No Alarm,0,0,0,0,0,1,0.001724053523503244,,2018-01-25,,0.089
ZCH0D2D9,0,0,,,,Censored No Alarm,0,0,0,0,0,1,0.0012440503342077136,,2018-03-12,,0.089
ZCH0D2EA,0,0,,,,Censored No Alarm,0,0,0,0,0,1,0.015271722339093685,,2018-01-13,,0.089
ZCH0D2H2,0,0,,,,Censored No Alarm,0,0,0,0,0,1,0.0016187778674066067,,2018-04-27,,0.089
ZCH0D2H7,0,0,,,,Censored No Alarm,0,0,0,0,0,1,0.004786131903529167,,2018-04-27,,0.089
ZCH0D2HF,0,0,,,,Censored No Alarm,0,0,0,0,0,1,0.0014982233988121152,,2018-01-25,,0.089
ZCH0D2HM,0,0,,,,Censored No Alarm,0,0,0,0,0,1,0.0013386268401518464,,2018-01-13,,0.089
ZCH0D2HZ,0,0,,,,Censored No Alarm,0,0,0,0,0,1,0.007265680469572544,,2018-03-12,,0.089
ZCH0D2KE,0,0,,,,Censored No Alarm,0,0,0,0,0,1,0.011952479369938374,,2018-01-06,,0.089
ZCH0D2L8,0,0,,,,Censored No Alarm,0,0,0,0,0,1,0.001807286636903882,,2018-01-13,,0.089
ZCH0D2M5,0,0,,,,Censored No Alarm,0,0,0,0,0,1,0.015641359612345695,,2018-01-13,,0.089
ZCH0D2M9,0,0,,,,Censored No Alarm,0,0,0,0,0,1,0.001634688931517303,,2018-01-25,,0.089
ZCH0D2MR,0,0,,,,Censored No Alarm,0,0,0,0,0,1,0.0018573994748294353,,2018-01-25,,0.089
ZCH0D2MT,0,0,,,,Censored No Alarm,0,0,0,0,0,1,0.0013445786898955703,,2018-03-12,,0.089
ZCH0D2NW,0,0,,,,Censored No Alarm,0,0,0,0,0,1,0.0028833625838160515,,2018-01-12,,0.089
ZCH0D2PX,0,0,,,,Censored No Alarm,0,0,0,0,0,1,0.002034308621659875,,2018-01-06,,0.089
ZCH0D2SS,0,0,,,,Censored No Alarm,0,0,0,0,0,1,0.002077527577057481,,2018-01-13,,0.089
ZCH0D2T8,1,0,,2018-08-04,,Missed,0,0,0,0,1,0,0.08253707736730576,,2018-01-06,,0.089
ZCH0D2TM,0,0,,,,Censored No Alarm,0,0,0,0,0,1,0.0020530770998448133,,2018-01-25,,0.089
ZCH0D2V1,0,0,,,,Censored No Alarm,0,0,0,0,0,1,0.0016355414409190416,,2018-01-25,,0.089
ZCH0D2WK,0,0,,,,Censored No Alarm,0,0,0,0,0,1,0.00174797629006207,,2018-04-27,,0.089
ZCH0D2XA,0,0,,,,Censored No Alarm,0,0,0,0,0,1,0.0018508583307266235,,2018-01-13,,0.089
ZCH0D2Y1,0,0,,,,Censored No Alarm,0,0,0,0,0,1,0.006392271723598242,,2018-04-27,,0.089
ZCH0D2Y3,0,0,,,,Censored No Alarm,0,0,0,0,0,1,0.0022747719194740057,,2018-04-27,,0.089
ZCH0D2YL,0,0,,,,Censored No Alarm,0,0,0,0,0,1,0.002206225413829088,,2018-04-27,,0.089
ZCH0D2ZB,0,0,,,,Censored No Alarm,0,0,0,0,0,1,0.0020492481999099255,,2018-01-06,,0.089
ZCH0D302,0,0,,,,Censored No Alarm,0,0,0,0,0,1,0.013276436366140842,,2018-01-13,,0.089
ZCH0D37K,0,0,,,,Censored No Alarm,0,0,0,0,0,1,0.0019037394085898995,,2018-01-13,,0.089
ZCH0D37Q,0,0,,,,Censored No Alarm,0,0,0,0,0,1,0.0012712155003100634,,2018-03-12,,0.089
ZCH0D38C,0,0,,,,Censored No Alarm,0,0,0,0,0,1,0.003939457703381777,,2018-01-13,,0.089
ZCH0D38R,0,0,,,,Censored No Alarm,0,0,0,0,0,1,0.001715348451398313,,2018-04-27,,0.089
ZCH0D38Y,0,0,,,,Censored No Alarm,0,0,0,0,0,1,0.0021426212042570114,,2018-01-13,,0.089
ZCH0D39F,0,0,,,,Censored No Alarm,0,0,0,0,0,1,0.003046070458367467,,2018-01-13,,0.089
ZCH0D39J,0,0,,,,Censored No Alarm,0,0,0,0,0,1,0.002784228650853038,,2018-04-27,,0.089
ZCH0D3A3,1,0,,2019-04-20,,Missed,0,0,0,0,1,0,0.001372043276205659,,2018-01-13,,0.089
ZCH0D3AG,0,0,,,,Censored No Alarm,0,0,0,0,0,1,0.002316712634637952,,2018-01-06,,0.089
ZCH0D3CN,0,0,,,,Censored No Alarm,0,0,0,0,0,1,0.0019171652384102345,,2018-01-13,,0.089
ZCH0D3ET,0,0,,,,Censored No Alarm,0,0,0,0,0,1,0.0012676494661718607,,2018-03-12,,0.089
ZCH0D3FE,0,0,,,,Censored No Alarm,0,0,0,0,0,1,0.002648785710334778,,2018-02-12,,0.089
ZCH0D3FH,0,0,,,,Censored No Alarm,0,0,0,0,0,1,0.0018295705085620284,,2018-01-13,,0.089
ZCH0D3FT,0,0,,,,Censored No Alarm,0,0,0,0,0,1,0.0017460662638768554,,2018-04-27,,0.089
ZCH0D3GE,0,0,,,,Censored No Alarm,0,0,0,0,0,1,0.004825753625482321,,2018-01-12,,0.089
ZCH0D3JY,0,0,,,,Censored No Alarm,0,0,0,0,0,1,0.0022043315693736076,,2018-01-13,,0.089
ZCH0D3K0,0,0,,,,Censored No Alarm,0,0,0,0,0,1,0.0018679163185879588,,2018-01-06,,0.089
ZCH0D3KB,0,0,,,,Censored No Alarm,0,0,0,0,0,1,0.0021426212042570114,,2018-01-12,,0.089
ZCH0D3NG,0,0,,,,Censored No Alarm,0,0,0,0,0,1,0.0014835888287052512,,2018-01-13,,0.089
ZCH0D3TV,0,0,,,,Censored No Alarm,0,0,0,0,0,1,0.0018534492701292038,,2018-01-13,,0.089
ZCH0D3VY,0,0,,,,Censored No Alarm,0,0,0,0,0,1,0.0017512383637949824,,2018-01-25,,0.089
ZCH0D3YM,0,0,,,,Censored No Alarm,0,0,0,0,0,1,0.003946503158658743,,2018-01-13,,0.089
ZCH0D3ZJ,0,0,,,,Censored No Alarm,0,0,0,0,0,1,0.0029348821844905615,,2018-01-13,,0.089
ZCH0D42H,0,0,,,,Censored No Alarm,0,0,0,0,0,1,0.0016649393364787102,,2018-01-13,,0.089
ZCH0D4XP,0,0,,,,Censored No Alarm,0,0,0,0,0,1,0.0017995394300669432,,2018-02-12,,0.089
ZCH0D54K,0,0,,,,Censored No Alarm,0,0,0,0,0,1,0.0015026309993118048,,2018-02-12,,0.089
ZCH0D562,0,0,,,,Censored No Alarm,0,0,0,0,0,1,0.0015069268411025405,,2018-02-12,,0.089
ZCH0D5BJ,0,0,,,,Censored No Alarm,0,0,0,0,0,1,0.001731415861286223,,2018-02-12,,0.089
ZCH0D5CZ,0,0,,,,Censored No Alarm,0,0,0,0,0,1,0.007684934418648481,,2019-01-05,,0.089
ZCH0D5E2,0,0,,,,Censored No Alarm,0,0,0,0,0,1,0.0014768167166039348,,2018-04-13,,0.089
ZCH0D5HL,0,0,,,,Censored No Alarm,0,0,0,0,0,1,0.001402610563673079,,2018-02-12,,0.089
ZCH0D5M1,0,0,,,,Censored No Alarm,0,0,0,0,0,1,0.0017823242815211415,,2018-02-12,,0.089
ZCH0D6VH,0,0,,,,Censored No Alarm,0,0,0,0,0,1,0.002040755469352007,,2018-02-12,,0.089
ZCH0D753,0,0,,,,Censored No Alarm,0,0,0,0,0,1,0.0013295764802023768,,2018-02-12,,0.089
ZCH0D7L2,0,0,,,,Censored No Alarm,0,0,0,0,0,1,0.0015633285511285067,,2018-12-08,,0.089
ZCH0D977,0,0,,,,Censored No Alarm,0,0,0,0,0,1,0.001857856521382928,,2018-05-12,,0.089
ZCH0D9ZQ,0,0,,,,Censored No Alarm,0,0,0,0,0,1,0.0059014963917434216,,2018-02-12,,0.089
ZCH0DA0Q,1,1,2020-02-18,2020-02-24,6.0,On time,1,0,0,0,0,0,0.0943480134010315,0.0943480134010315,2018-04-13,676.0,0.089
ZCH0DFDK,0,0,,,,Censored No Alarm,0,0,0,0,0,1,0.00439247814938426,,2018-05-16,,0.089
ZCH0DFVS,0,0,,,,Censored No Alarm,0,0,0,0,0,1,0.001347832498140633,,2018-02-12,,0.089
ZCH0DG3H,1,1,2019-07-14,2019-07-26,12.0,On time,1,0,0,0,0,0,0.6461504101753235,0.09102945029735565,2018-02-12,517.0,0.089
ZCH0DGBR,0,0,,,,Censored No Alarm,0,0,0,0,0,1,0.0018952317768707871,,2018-02-12,,0.089
ZCH0DGE2,0,0,,,,Censored No Alarm,0,0,0,0,0,1,0.013625936582684517,,2018-02-12,,0.089
ZCH0DGJN,0,0,,,,Censored No Alarm,0,0,0,0,0,1,0.009544765576720238,,2018-02-12,,0.089
ZCH0DGK3,0,0,,,,Censored No Alarm,0,0,0,0,0,1,0.0018716573249548674,,2018-02-12,,0.089
ZCH0DGP7,0,0,,,,Censored No Alarm,0,0,0,0,0,1,0.0027370695024728775,,2018-02-12,,0.089
ZCH0DGS0,0,0,,,,Censored No Alarm,0,0,0,0,0,1,0.0022349695209413767,,2018-05-12,,0.089
ZCH0DGVG,0,0,,,,Censored No Alarm,0,0,0,0,0,1,0.0014726438093930483,,2018-02-12,,0.089
ZCH0DHRF,0,0,,,,Censored No Alarm,0,0,0,0,0,1,0.0013277395628392696,,2018-10-29,,0.089
ZCH0DKVR,0,0,,,,Censored No Alarm,0,0,0,0,0,1,0.001874259440228343,,2018-04-13,,0.089
ZCH0DL98,0,0,,,,Censored No Alarm,0,0,0,0,0,1,0.0011273501440882683,,2018-05-16,,0.089
ZCH0DMS1,0,0,,,,Censored No Alarm,0,0,0,0,0,1,0.002000727690756321,,2018-05-12,,0.089
ZCH0DMVZ,0,0,,,,Censored No Alarm,0,0,0,0,0,1,0.002787127159535885,,2018-05-12,,0.089
ZCH0DMZF,0,0,,,,Censored No Alarm,0,0,0,0,0,1,0.0011413602624088526,,2018-08-29,,0.089
ZCH0DN6F,0,0,,,,Censored No Alarm,0,0,0,0,0,1,0.005597741808742285,,2018-05-12,,0.089
ZCH0DN8C,1,0,,2021-02-27,,Missed,0,0,0,0,1,0,0.0015906381886452436,,2018-04-13,,0.089
ZCH0DQ8V,0,0,,,,Censored No Alarm,0,0,0,0,0,1,0.001327775651589036,,2018-04-13,,0.089
ZCH0DR63,0,0,,,,Censored No Alarm,0,0,0,0,0,1,0.0036742016673088074,,2019-05-14,,0.089
ZCH0DSFW,0,0,,,,Censored No Alarm,0,0,0,0,0,1,0.001740899053402245,,2018-02-12,,0.089
ZCH0DSMZ,0,0,,,,Censored No Alarm,0,0,0,0,0,1,0.0014726438093930483,,2018-02-12,,0.089
ZCH0DTB1,0,0,,,,Censored No Alarm,0,0,0,0,0,1,0.0014062325935810804,,2018-02-12,,0.089
ZCH0DTCF,0,0,,,,Censored No Alarm,0,0,0,0,0,1,0.022898070514202118,,2018-02-12,,0.089
ZCH0DTRX,0,0,,,,Censored No Alarm,0,0,0,0,0,1,0.0013454733416438103,,2018-04-13,,0.089
ZCH0DTZ7,0,0,,,,Censored No Alarm,0,0,0,0,0,1,0.0013873218558728695,,2018-02-12,,0.089
ZCH0DV02,0,0,,,,Censored No Alarm,0,0,0,0,0,1,0.0014641573652625084,,2018-02-12,,0.089
ZCH0DV37,0,0,,,,Censored No Alarm,0,0,0,0,0,1,0.011864849366247654,,2018-05-12,,0.089
ZCH0DV7R,0,0,,,,Censored No Alarm,0,0,0,0,0,1,0.0013873218558728695,,2018-02-12,,0.089
ZCH0DVG2,0,0,,,,Censored No Alarm,0,0,0,0,0,1,0.00144386594183743,,2018-02-12,,0.089
ZCH0DVL4,0,0,,,,Censored No Alarm,0,0,0,0,0,1,0.0013614167692139745,,2018-02-12,,0.089
ZCH0DVTD,0,0,,,,Censored No Alarm,0,0,0,0,0,1,0.0014890932943671942,,2018-02-12,,0.089
ZCH0DW3P,0,0,,,,Censored No Alarm,0,0,0,0,0,1,0.0020774384029209614,,2018-02-12,,0.089
ZCH0DW6T,0,0,,,,Censored No Alarm,0,0,0,0,0,1,0.0016435800353065133,,2018-02-12,,0.089
ZCH0DWN6,0,0,,,,Censored No Alarm,0,0,0,0,0,1,0.003882327349856496,,2019-09-06,,0.089
ZCH0DWNH,0,1,2020-02-16,,,Censored Early,0,0,1,1,0,0,0.37694188952445984,0.09023113548755646,2018-12-05,438.0,0.089
ZCH0DWQ5,0,0,,,,Censored No Alarm,0,0,0,0,0,1,0.005970683414489031,,2018-04-13,,0.089
ZCH0DXHW,0,0,,,,Censored No Alarm,0,0,0,0,0,1,0.009254655800759792,,2019-01-10,,0.089
ZCH0DXTG,0,1,2019-06-19,,,Censored Early,0,0,1,1,0,0,0.14553147554397583,0.11852794885635376,2018-08-29,294.0,0.089
ZCH0DY2X,1,1,2019-02-01,2019-03-08,35.0,Early,0,1,0,1,0,0,0.23649771511554718,0.17365527153015137,2018-08-29,156.0,0.089
ZCH0DY84,0,0,,,,Censored No Alarm,0,0,0,0,0,1,0.0013094990281388164,,2018-05-16,,0.089
ZCH0DY9D,0,0,,,,Censored No Alarm,0,0,0,0,0,1,0.0016198618104681373,,2018-05-16,,0.089
ZCH0DYZC,0,0,,,,Censored No Alarm,0,0,0,0,0,1,0.0016121270600706339,,2018-05-12,,0.089
ZCH0DZ03,0,0,,,,Censored No Alarm,0,0,0,0,0,1,0.002708560787141323,,2018-05-12,,0.089
ZCH0E0XE,0,0,,,,Censored No Alarm,0,0,0,0,0,1,0.0014197526033967733,,2019-10-29,,0.089
ZCH0E4V0,0,0,,,,Censored No Alarm,0,0,0,0,0,1,0.001373501610942185,,2018-05-16,,0.089
ZCH0E4W2,0,0,,,,Censored No Alarm,0,0,0,0,0,1,0.001373501610942185,,2018-05-16,,0.089
ZCH0E63H,0,0,,,,Censored No Alarm,0,0,0,0,0,1,0.0014586305478587747,,2018-04-13,,0.089
ZCH0E7WL,1,1,2019-04-17,2019-05-10,23.0,On time,1,0,0,0,0,0,0.5809754729270935,0.5440199971199036,2018-04-13,369.0,0.089
ZCH0E8EB,0,0,,,,Censored No Alarm,0,0,0,0,0,1,0.001733135082758963,,2018-05-16,,0.089
ZCH0E8LW,0,0,,,,Censored No Alarm,0,0,0,0,0,1,0.0035526424180716276,,2018-04-13,,0.089
ZCH0E8M4,0,0,,,,Censored No Alarm,0,0,0,0,0,1,0.006736394949257374,,2019-04-26,,0.089
ZCH0E8QF,0,0,,,,Censored No Alarm,0,0,0,0,0,1,0.001446964917704463,,2018-05-16,,0.089
ZCH0E909,0,0,,,,Censored No Alarm,0,0,0,0,0,1,0.002056064084172249,,2018-05-12,,0.089
ZCH0E98F,0,0,,,,Censored No Alarm,0,0,0,0,0,1,0.0014043949777260423,,2018-05-16,,0.089
ZCH0E9AA,0,0,,,,Censored No Alarm,0,0,0,0,0,1,0.0014511516783386469,,2018-05-12,,0.089
ZCH0E9FM,1,0,,2019-12-15,,Missed,0,0,0,0,1,0,0.016307631507515907,,2018-08-29,,0.089
ZCH0E9TC,0,0,,,,Censored No Alarm,0,0,0,0,0,1,0.002318848390132189,,2018-05-12,,0.089
ZCH0EA5F,0,0,,,,Censored No Alarm,0,0,0,0,0,1,0.001399826374836266,,2018-05-16,,0.089
ZCH0EA7N,0,0,,,,Censored No Alarm,0,0,0,0,0,1,0.0011491542682051659,,2018-05-16,,0.089
ZCH0EA8C,0,0,,,,Censored No Alarm,0,0,0,0,0,1,0.001195751829072833,,2018-10-29,,0.089
ZCH0EAA8,0,0,,,,Censored No Alarm,0,0,0,0,0,1,0.0014188287314027548,,2018-05-16,,0.089
ZCH0EABX,0,0,,,,Censored No Alarm,0,0,0,0,0,1,0.0014302675845101476,,2018-04-13,,0.089
ZCH0EAK9,0,0,,,,Censored No Alarm,0,0,0,0,0,1,0.0012859409907832742,,2018-04-13,,0.089
ZCH0EAY1,0,0,,,,Censored No Alarm,0,0,0,0,0,1,0.001483334694057703,,2018-12-05,,0.089
ZCH0EBX1,1,0,,2019-12-01,,Missed,0,0,0,0,1,0,0.08179249614477158,,2018-10-29,,0.089
ZCH0EC2L,0,0,,,,Censored No Alarm,0,0,0,0,0,1,0.0031787599436938763,,2018-05-12,,0.089
ZCH0ECBK,0,0,,,,Censored No Alarm,0,0,0,0,0,1,0.0014257044531404972,,2018-04-13,,0.089
ZCH0EDCH,0,0,,,,Censored No Alarm,0,0,0,0,0,1,0.0017460662638768554,,2018-05-12,,0.089
ZCH0EDVJ,0,1,2019-07-21,,,Censored Early,0,0,1,1,0,0,0.71131831407547,0.36331865191459656,2018-05-12,435.0,0.089
ZCH0EDYW,0,0,,,,Censored No Alarm,0,0,0,0,0,1,0.0022733828518539667,,2018-05-12,,0.089
ZCH0EE22,0,0,,,,Censored No Alarm,0,0,0,0,0,1,0.0012440503342077136,,2018-04-13,,0.089
ZCH0EEAJ,0,0,,,,Censored No Alarm,0,0,0,0,0,1,0.001992834033444524,,2018-05-12,,0.089
ZCH0EEPN,0,0,,,,Censored No Alarm,0,0,0,0,0,1,0.002056064084172249,,2018-05-12,,0.089
ZCH0EEWR,0,0,,,,Censored No Alarm,0,0,0,0,0,1,0.0013429827522486448,,2018-04-13,,0.089
ZCH0EF05,0,0,,,,Censored No Alarm,0,0,0,0,0,1,0.0016139807412400842,,2018-05-12,,0.089
ZCH0EF3V,0,0,,,,Censored No Alarm,0,0,0,0,0,1,0.0017338264733552933,,2018-05-16,,0.089
ZCH0EKCR,0,0,,,,Censored No Alarm,0,0,0,0,0,1,0.0013428463134914637,,2018-08-29,,0.089
ZCH0EV9B,0,0,,,,Censored No Alarm,0,0,0,0,0,1,0.001920598093420267,,2019-07-20,,0.089
ZCH0F5Z4,0,0,,,,Censored No Alarm,0,0,0,0,0,1,0.001338891452178359,,2018-07-21,,0.089
ZCH0FC96,0,0,,,,Censored No Alarm,0,0,0,0,0,1,0.002781784627586603,,2018-05-12,,0.089
ZCH0FGN3,0,0,,,,Censored No Alarm,0,0,0,0,0,1,0.0014302675845101476,,2018-04-13,,0.089
ZCH0FKZ0,0,0,,,,Censored No Alarm,0,0,0,0,0,1,0.0013010571710765362,,2018-05-16,,0.089
ZCH0FM5Y,0,0,,,,Censored No Alarm,0,0,0,0,0,1,0.0013428463134914637,,2018-08-29,,0.089
ZCH0FQZB,1,0,,2018-05-15,,Missed,0,0,0,0,1,0,0.001270256470888853,,2018-04-13,,0.089
ZCH0FRBA,0,0,,,,Censored No Alarm,0,0,0,0,0,1,0.0013445786898955703,,2018-07-12,,0.089
ZCH0FW5Z,0,0,,,,Censored No Alarm,0,0,0,0,0,1,0.004613492637872696,,2018-12-08,,0.089
ZCH0G0HB,0,0,,,,Censored No Alarm,0,0,0,0,0,1,0.012845226563513279,,2018-05-12,,0.089
ZCH0G0RS,0,0,,,,Censored No Alarm,0,0,0,0,0,1,0.0011273501440882683,,2018-05-16,,0.089
ZCH0G1S5,0,0,,,,Censored No Alarm,0,0,0,0,0,1,0.0026737942826002836,,2018-05-12,,0.089
ZCH0G2VB,1,0,,2019-12-26,,Missed,0,0,0,0,1,0,0.08020040392875671,,2018-04-13,,0.089
ZCH0G3CE,0,0,,,,Censored No Alarm,0,0,0,0,0,1,0.03788399323821068,,2018-05-12,,0.089
ZCH0GB0R,0,0,,,,Censored No Alarm,0,0,0,0,0,1,0.0014302675845101476,,2018-04-13,,0.089
ZCH0GR5F,0,0,,,,Censored No Alarm,0,0,0,0,0,1,0.002176720881834626,,2018-04-13,,0.089
ZCH0GY7K,0,0,,,,Censored No Alarm,0,0,0,0,0,1,0.002149823820218444,,2018-07-21,,0.089
ZCH0H1C7,0,0,,,,Censored No Alarm,0,0,0,0,0,1,0.0011934845242649317,,2018-08-29,,0.089
ZCH0H1K9,0,0,,,,Censored No Alarm,0,0,0,0,0,1,0.0013123281532898545,,2018-07-28,,0.089
ZCH0H2GX,0,0,,,,Censored No Alarm,0,0,0,0,0,1,0.003882327349856496,,2019-01-09,,0.089
ZJV000JH,0,0,,,,Censored No Alarm,0,0,0,0,0,1,0.0033006086014211178,,2018-01-12,,0.089
ZJV000NQ,1,0,,2019-12-15,,Missed,0,0,0,0,1,0,0.06823329627513885,,2018-01-06,,0.089
ZJV000YK,0,0,,,,Censored No Alarm,0,0,0,0,0,1,0.001983414404094219,,2018-01-25,,0.089
ZJV000YN,0,0,,,,Censored No Alarm,0,0,0,0,0,1,0.003537652315571904,,2018-01-06,,0.089
ZJV00107,0,0,,,,Censored No Alarm,0,0,0,0,0,1,0.0019038364989683032,,2018-01-25,,0.089
ZJV0016D,0,0,,,,Censored No Alarm,0,0,0,0,0,1,0.0017762004863470793,,2018-01-12,,0.089
ZJV001H5,0,0,,,,Censored No Alarm,0,0,0,0,0,1,0.0016181467799469829,,2018-01-06,,0.089
ZJV004T6,1,0,,2019-12-20,,Missed,0,0,0,0,1,0,0.025798218324780464,,2018-01-13,,0.089
ZJV004YL,0,0,,,,Censored No Alarm,0,0,0,0,0,1,0.0019403158221393824,,2018-01-06,,0.089
ZJV004ZB,0,0,,,,Censored No Alarm,0,0,0,0,0,1,0.0023355025332421064,,2018-01-06,,0.089
ZJV005F4,0,0,,,,Censored No Alarm,0,0,0,0,0,1,0.0014575592940673232,,2018-01-25,,0.089
ZJV005FC,0,0,,,,Censored No Alarm,0,0,0,0,0,1,0.08716113865375519,,2018-01-13,,0.089
ZJV005HL,0,0,,,,Censored No Alarm,0,0,0,0,0,1,0.002844566246494651,,2018-01-06,,0.089
ZJV005J2,1,1,2019-11-09,2021-01-21,439.0,Early,0,1,0,1,0,0,0.09300550073385239,0.09300550073385239,2018-03-12,607.0,0.089
ZJV00681,0,0,,,,Censored No Alarm,0,0,0,0,0,1,0.002860867418348789,,2018-01-06,,0.089
ZJV006CZ,0,1,2019-09-22,,,Censored Early,0,0,1,1,0,0,0.754517674446106,0.13974815607070923,2019-01-24,241.0,0.089
ZJV006EN,0,0,,,,Censored No Alarm,0,0,0,0,0,1,0.0022733828518539667,,2018-04-27,,0.089
ZJV006L2,0,0,,,,Censored No Alarm,0,0,0,0,0,1,0.0012440503342077136,,2018-03-12,,0.089
ZJV007QD,0,0,,,,Censored No Alarm,0,0,0,0,0,1,0.005144963040947914,,2018-01-13,,0.089
ZJV007QP,0,0,,,,Censored No Alarm,0,0,0,0,0,1,0.004967021755874157,,2018-01-12,,0.089
ZJV007S1,0,0,,,,Censored No Alarm,0,0,0,0,0,1,0.00207565282471478,,2018-01-06,,0.089
ZJV007V7,0,0,,,,Censored No Alarm,0,0,0,0,0,1,0.0017525452421978116,,2018-01-13,,0.089
ZJV007ZH,0,0,,,,Censored No Alarm,0,0,0,0,0,1,0.0020436691120266914,,2019-09-22,,0.089
ZJV0084V,0,0,,,,Censored No Alarm,0,0,0,0,0,1,0.0012440503342077136,,2018-03-12,,0.089
ZJV0088S,0,0,,,,Censored No Alarm,0,0,0,0,0,1,0.0012913659447804093,,2018-03-12,,0.089
ZJV008AF,0,0,,,,Censored No Alarm,0,0,0,0,0,1,0.001907062134705484,,2018-01-06,,0.089
ZJV009B2,0,0,,,,Censored No Alarm,0,0,0,0,0,1,0.002494063228368759,,2018-01-06,,0.089
ZJV009CM,0,0,,,,Censored No Alarm,0,0,0,0,0,1,0.058725506067276,,2018-04-27,,0.089
ZJV009CV,0,0,,,,Censored No Alarm,0,0,0,0,0,1,0.0024351347237825394,,2018-01-13,,0.089
ZJV009H7,0,0,,,,Censored No Alarm,0,0,0,0,0,1,0.002860486274585128,,2018-01-25,,0.089
ZJV009M0,0,0,,,,Censored No Alarm,0,0,0,0,0,1,0.002211596816778183,,2018-01-06,,0.089
ZJV009ME,0,0,,,,Censored No Alarm,0,0,0,0,0,1,0.002080578589811921,,2018-01-13,,0.089
ZJV009TL,0,0,,,,Censored No Alarm,0,0,0,0,0,1,0.0023655251134186983,,2018-01-06,,0.089
ZJV009VN,0,0,,,,Censored No Alarm,0,0,0,0,0,1,0.03261743485927582,,2018-01-25,,0.089
ZJV009X0,0,0,,,,Censored No Alarm,0,0,0,0,0,1,0.001739489147439599,,2018-01-13,,0.089
ZJV009XS,0,0,,,,Censored No Alarm,0,0,0,0,0,1,0.002082572318613529,,2018-01-25,,0.089
ZJV00A2S,0,0,,,,Censored No Alarm,0,0,0,0,0,1,0.001755972160026431,,2018-01-25,,0.089
ZJV00A4D,0,0,,,,Censored No Alarm,0,0,0,0,0,1,0.0013429827522486448,,2018-03-12,,0.089
ZJV00A6R,0,0,,,,Censored No Alarm,0,0,0,0,0,1,0.002622257685288787,,2018-03-12,,0.089
ZJV00A8S,0,0,,,,Censored No Alarm,0,0,0,0,0,1,0.0019403158221393824,,2018-01-06,,0.089
ZJV00A98,0,0,,,,Censored No Alarm,0,0,0,0,0,1,0.003023006720468402,,2018-01-06,,0.089
ZJV00ACB,1,0,,2018-11-04,,Missed,0,0,0,0,1,0,0.0014575592940673232,,2018-01-25,,0.089
ZJV00AD4,0,0,,,,Censored No Alarm,0,0,0,0,0,1,0.013705577701330185,,2018-05-16,,0.089
ZJV00ADK,0,0,,,,Censored No Alarm,0,0,0,0,0,1,0.0076436493545770645,,2018-03-12,,0.089
ZJV00AFL,0,0,,,,Censored No Alarm,0,0,0,0,0,1,0.0027589667588472366,,2018-01-06,,0.089
ZJV00AGX,0,0,,,,Censored No Alarm,0,0,0,0,0,1,0.002717858413234353,,2018-01-13,,0.089
ZJV00AW3,0,0,,,,Censored No Alarm,0,0,0,0,0,1,0.0014615684049203992,,2018-01-25,,0.089
ZJV00AXD,0,0,,,,Censored No Alarm,0,0,0,0,0,1,0.0018371789483353496,,2018-01-13,,0.089
ZJV00AY9,0,0,,,,Censored No Alarm,0,0,0,0,0,1,0.0016649393364787102,,2018-01-13,,0.089
ZJV00AZJ,0,0,,,,Censored No Alarm,0,0,0,0,0,1,0.0012440503342077136,,2018-03-12,,0.089
ZJV00B2Q,0,0,,,,Censored No Alarm,0,0,0,0,0,1,0.001759770093485713,,2018-02-12,,0.089
ZJV00B3C,0,0,,,,Censored No Alarm,0,0,0,0,0,1,0.003399966051802039,,2018-01-13,,0.089
ZJV00B54,0,0,,,,Censored No Alarm,0,0,0,0,0,1,0.002400518860667944,,2018-01-06,,0.089
ZJV00B66,0,0,,,,Censored No Alarm,0,0,0,0,0,1,0.001641077222302556,,2018-01-13,,0.089
ZJV00B73,0,0,,,,Censored No Alarm,0,0,0,0,0,1,0.001971534453332424,,2018-01-13,,0.089
ZJV00B8Z,0,0,,,,Censored No Alarm,0,0,0,0,0,1,0.0015374713111668825,,2018-01-25,,0.089
ZJV00BCA,0,0,,,,Censored No Alarm,0,0,0,0,0,1,0.0014835888287052512,,2018-01-13,,0.089
ZJV00BDY,0,0,,,,Censored No Alarm,0,0,0,0,0,1,0.002940921811386943,,2018-01-13,,0.089
ZJV00BK9,0,0,,,,Censored No Alarm,0,0,0,0,0,1,0.0015365991275757551,,2018-01-25,,0.089
ZJV00BL3,0,0,,,,Censored No Alarm,0,0,0,0,0,1,0.001983414404094219,,2018-01-25,,0.089
ZJV00BSH,0,0,,,,Censored No Alarm,0,0,0,0,0,1,0.0015411149943247437,,2018-01-13,,0.089
ZJV00BT5,0,0,,,,Censored No Alarm,0,0,0,0,0,1,0.002299333456903696,,2018-01-25,,0.089
ZJV00BXW,0,0,,,,Censored No Alarm,0,0,0,0,0,1,0.002062664832919836,,2018-01-06,,0.089
ZJV00C03,0,0,,,,Censored No Alarm,0,0,0,0,0,1,0.006950051989406347,,2018-01-13,,0.089
ZJV00C0T,0,0,,,,Censored No Alarm,0,0,0,0,0,1,0.0034937283489853144,,2018-01-12,,0.089
ZJV00C5F,0,0,,,,Censored No Alarm,0,0,0,0,0,1,0.0013445786898955703,,2018-03-12,,0.089
ZJV00C9D,0,0,,,,Censored No Alarm,0,0,0,0,0,1,0.001978733344003558,,2018-01-06,,0.089
ZJV00CA8,0,0,,,,Censored No Alarm,0,0,0,0,0,1,0.027266405522823334,,2018-03-12,,0.089
ZJV00CE9,0,0,,,,Censored No Alarm,0,0,0,0,0,1,0.0030986727215349674,,2018-01-12,,0.089
ZJV00CEE,0,0,,,,Censored No Alarm,0,0,0,0,0,1,0.0017087056767195463,,2018-01-13,,0.089
ZJV00CFG,0,0,,,,Censored No Alarm,0,0,0,0,0,1,0.008435885421931744,,2018-03-12,,0.089
ZJV00CHB,0,0,,,,Censored No Alarm,0,0,0,0,0,1,0.05807812139391899,,2018-01-13,,0.089
ZJV00CKV,0,0,,,,Censored No Alarm,0,0,0,0,0,1,0.005075142253190279,,2018-01-06,,0.089
ZJV00CMF,0,0,,,,Censored No Alarm,0,0,0,0,0,1,0.0033007010351866484,,2018-02-12,,0.089
ZJV00CY6,0,0,,,,Censored No Alarm,0,0,0,0,0,1,0.002192246960476041,,2018-01-13,,0.089
ZJV00CYA,0,0,,,,Censored No Alarm,0,0,0,0,0,1,0.005198116879910231,,2018-01-06,,0.089
ZJV00CYY,0,0,,,,Censored No Alarm,0,0,0,0,0,1,0.0018370250472798944,,2018-01-25,,0.089
ZJV00D01,0,0,,,,Censored No Alarm,0,0,0,0,0,1,0.07401393353939056,,2018-01-13,,0.089
ZJV00D1J,0,0,,,,Censored No Alarm,0,0,0,0,0,1,0.0018046594923362136,,2018-01-25,,0.089
ZJV00D2C,1,1,2020-10-21,2020-11-03,13.0,On time,1,0,0,0,0,0,0.3624012768268585,0.10118108242750168,2018-01-06,1019.0,0.089
ZJV00D32,0,0,,,,Censored No Alarm,0,0,0,0,0,1,0.015421336516737938,,2018-01-12,,0.089
ZJV00D80,0,0,,,,Censored No Alarm,0,0,0,0,0,1,0.001773292780853808,,2018-01-06,,0.089
ZJV00D81,0,0,,,,Censored No Alarm,0,0,0,0,0,1,0.05525440350174904,,2018-02-12,,0.089
ZJV00DC4,0,0,,,,Censored No Alarm,0,0,0,0,0,1,0.0020530770998448133,,2018-01-25,,0.089
ZJV00DDJ,0,0,,,,Censored No Alarm,0,0,0,0,0,1,0.0017456705681979656,,2018-01-13,,0.089
ZJV00DDS,1,0,,2019-06-27,,Missed,0,0,0,0,1,0,0.005391950253397226,,2018-03-12,,0.089
ZJV00DEF,0,0,,,,Censored No Alarm,0,0,0,0,0,1,0.002080578589811921,,2018-01-06,,0.089
ZJV00DEH,0,0,,,,Censored No Alarm,0,0,0,0,0,1,0.002844566246494651,,2018-01-06,,0.089
ZJV00DGF,0,0,,,,Censored No Alarm,0,0,0,0,0,1,0.0016079004853963852,,2018-01-13,,0.089
ZJV00DQB,0,1,2019-08-02,,,Censored Early,0,0,1,1,0,0,0.36126527190208435,0.35022658109664917,2018-01-25,554.0,0.089
ZJV00DR4,1,0,,2019-11-10,,Missed,0,0,0,0,1,0,0.0254324059933424,,2018-01-06,,0.089
ZJV00DV6,0,0,,,,Censored No Alarm,0,0,0,0,0,1,0.019627844914793968,,2018-01-13,,0.089
ZJV00EAR,0,0,,,,Censored No Alarm,0,0,0,0,0,1,0.002320744562894106,,2018-01-25,,0.089
ZJV00ER1,0,0,,,,Censored No Alarm,0,0,0,0,0,1,0.08257162570953369,,2018-04-27,,0.089
ZJV00ESN,0,0,,,,Censored No Alarm,0,0,0,0,0,1,0.001727708731777966,,2018-01-06,,0.089
ZJV00EYP,0,0,,,,Censored No Alarm,0,0,0,0,0,1,0.05297829210758209,,2018-01-06,,0.089
ZJV00F20,1,1,2019-11-20,2019-11-20,0.0,On time,1,0,0,0,0,0,0.37266114354133606,0.37266114354133606,2018-01-12,677.0,0.089
ZJV00F64,0,0,,,,Censored No Alarm,0,0,0,0,0,1,0.0023696203716099262,,2018-01-13,,0.089
ZJV00F78,0,0,,,,Censored No Alarm,0,0,0,0,0,1,0.0012437838595360518,,2018-10-29,,0.089
ZJV00FAK,0,0,,,,Censored No Alarm,0,0,0,0,0,1,0.05323034152388573,,2018-01-25,,0.089
ZJV00FBJ,1,1,2019-02-12,2019-05-24,101.0,Early,0,1,0,1,0,0,0.2715589106082916,0.09717034548521042,2018-01-12,396.0,0.089
ZJV00FQZ,1,1,2019-07-23,2019-07-25,2.0,On time,1,0,0,0,0,0,0.3840682804584503,0.09345420449972153,2018-01-06,563.0,0.089
ZJV00FVM,0,0,,,,Censored No Alarm,0,0,0,0,0,1,0.0012440503342077136,,2018-03-12,,0.089
ZJV00FWK,0,0,,,,Censored No Alarm,0,0,0,0,0,1,0.0030720296781510115,,2018-04-13,,0.089
ZJV00G1M,0,0,,,,Censored No Alarm,0,0,0,0,0,1,0.002400518860667944,,2018-01-06,,0.089
ZJV00G5T,0,0,,,,Censored No Alarm,0,0,0,0,0,1,0.0019724275916814804,,2018-01-13,,0.089
ZJV00G7N,0,0,,,,Censored No Alarm,0,0,0,0,0,1,0.0012440503342077136,,2018-03-12,,0.089
ZJV00GC1,0,0,,,,Censored No Alarm,0,0,0,0,0,1,0.0021834142971783876,,2018-01-13,,0.089
ZJV00GCQ,0,0,,,,Censored No Alarm,0,0,0,0,0,1,0.004727460443973541,,2018-04-27,,0.089
ZJV00GJ9,0,0,,,,Censored No Alarm,0,0,0,0,0,1,0.004463156685233116,,2018-01-13,,0.089
ZJV00GLL,0,0,,,,Censored No Alarm,0,0,0,0,0,1,0.0021059236023575068,,2018-01-13,,0.089
ZJV00GR2,0,0,,,,Censored No Alarm,0,0,0,0,0,1,0.0015881025465205312,,2018-01-13,,0.089
ZJV00GSA,0,0,,,,Censored No Alarm,0,0,0,0,0,1,0.002094564726576209,,2018-01-13,,0.089
ZJV00H1Q,1,1,2018-12-29,2018-12-29,0.0,On time,1,0,0,0,0,0,0.1787562370300293,0.1787562370300293,2018-01-25,338.0,0.089
ZJV00H4V,0,0,,,,Censored No Alarm,0,0,0,0,0,1,0.0017224245239049196,,2018-01-13,,0.089
ZJV00HEN,1,0,,2020-09-07,,Missed,0,0,0,0,1,0,0.022048961371183395,,2018-05-12,,0.089
ZJV00HKY,0,0,,,,Censored No Alarm,0,0,0,0,0,1,0.0018484381726011634,,2018-01-25,,0.089
ZJV00HLD,0,0,,,,Censored No Alarm,0,0,0,0,0,1,0.002400518860667944,,2018-01-06,,0.089
ZJV00HSB,0,0,,,,Censored No Alarm,0,0,0,0,0,1,0.002844566246494651,,2018-01-06,,0.089
ZJV00HTW,0,0,,,,Censored No Alarm,0,0,0,0,0,1,0.0024258014746010303,,2018-01-25,,0.089
ZJV00HV1,0,0,,,,Censored No Alarm,0,0,0,0,0,1,0.001641077222302556,,2018-01-13,,0.089
ZJV00HY1,0,0,,,,Censored No Alarm,0,0,0,0,0,1,0.006640653591603041,,2018-01-12,,0.089
ZJV00HZ0,0,0,,,,Censored No Alarm,0,0,0,0,0,1,0.0016198618104681373,,2018-05-16,,0.089
ZJV00K1T,0,0,,,,Censored No Alarm,0,0,0,0,0,1,0.0015174240106716752,,2018-02-12,,0.089
ZJV00KNG,0,0,,,,Censored No Alarm,0,0,0,0,0,1,0.0022702179849147797,,2018-05-12,,0.089
ZJV00L89,0,0,,,,Censored No Alarm,0,0,0,0,0,1,0.001557398121803999,,2018-02-12,,0.089
ZJV00LQS,0,0,,,,Censored No Alarm,0,0,0,0,0,1,0.015432896092534065,,2018-02-12,,0.089
ZJV00M7H,0,0,,,,Censored No Alarm,0,0,0,0,0,1,0.0025498471222817898,,2018-02-12,,0.089
ZJV00MEB,0,0,,,,Censored No Alarm,0,0,0,0,0,1,0.0014989625196903944,,2018-02-12,,0.089
ZJV00MVA,0,0,,,,Censored No Alarm,0,0,0,0,0,1,0.0035549018066376448,,2018-01-12,,0.089
ZJV00NBF,0,0,,,,Censored No Alarm,0,0,0,0,0,1,0.001508366665802896,,2018-03-12,,0.089
ZJV00ND6,0,0,,,,Censored No Alarm,0,0,0,0,0,1,0.0013429827522486448,,2018-03-12,,0.089
ZJV00NF5,0,0,,,,Censored No Alarm,0,0,0,0,0,1,0.003413513535633683,,2018-02-12,,0.089
ZJV00NG2,0,0,,,,Censored No Alarm,0,0,0,0,0,1,0.0020051789470016956,,2018-01-25,,0.089
ZJV00NNK,0,0,,,,Censored No Alarm,0,0,0,0,0,1,0.001739489147439599,,2018-01-13,,0.089
ZJV00NNM,0,0,,,,Censored No Alarm,0,0,0,0,0,1,0.0013429827522486448,,2018-03-12,,0.089
ZJV00NT1,0,0,,,,Censored No Alarm,0,0,0,0,0,1,0.0016355414409190416,,2018-01-25,,0.089
ZJV00NVK,0,0,,,,Censored No Alarm,0,0,0,0,0,1,0.0018239053897559643,,2018-02-12,,0.089
ZJV00NXH,0,0,,,,Censored No Alarm,0,0,0,0,0,1,0.0023655251134186983,,2018-01-13,,0.089
ZJV00NYA,1,0,,2019-01-29,,Missed,0,0,0,0,1,0,0.0013445786898955703,,2018-03-12,,0.089
ZJV00NZ5,0,0,,,,Censored No Alarm,0,0,0,0,0,1,0.0016854888526722789,,2018-01-13,,0.089
ZJV00P1J,0,0,,,,Censored No Alarm,0,0,0,0,0,1,0.0018657188629731536,,2018-01-13,,0.089
ZJV00P3B,1,0,,2019-12-25,,Missed,0,0,0,0,1,0,0.0018488174537196755,,2018-02-12,,0.089
ZJV00P3D,0,0,,,,Censored No Alarm,0,0,0,0,0,1,0.0012440503342077136,,2018-03-12,,0.089
ZJV00PRH,0,0,,,,Censored No Alarm,0,0,0,0,0,1,0.0016334421234205365,,2018-02-12,,0.089
ZJV00Q58,0,0,,,,Censored No Alarm,0,0,0,0,0,1,0.0013790000230073929,,2018-02-12,,0.089
ZJV00QS2,0,0,,,,Censored No Alarm,0,0,0,0,0,1,0.0013614167692139745,,2018-02-12,,0.089
ZJV00QTV,0,0,,,,Censored No Alarm,0,0,0,0,0,1,0.003882327349856496,,2019-07-16,,0.089
ZJV00R13,0,0,,,,Censored No Alarm,0,0,0,0,0,1,0.0018952317768707871,,2018-02-12,,0.089
ZJV00RJT,0,0,,,,Censored No Alarm,0,0,0,0,0,1,0.0017641246085986495,,2018-02-12,,0.089
ZJV00S0J,0,0,,,,Censored No Alarm,0,0,0,0,0,1,0.0018244184320792556,,2018-02-12,,0.089
ZJV00TB6,0,0,,,,Censored No Alarm,0,0,0,0,0,1,0.0013998121721670032,,2018-02-12,,0.089
ZJV00TF5,0,0,,,,Censored No Alarm,0,0,0,0,0,1,0.001472863252274692,,2018-02-12,,0.089
ZJV00V0B,0,0,,,,Censored No Alarm,0,0,0,0,0,1,0.0014052392216399312,,2018-02-12,,0.089
ZJV00V1B,0,0,,,,Censored No Alarm,0,0,0,0,0,1,0.0035695203114300966,,2019-11-21,,0.089
ZJV00V2M,0,0,,,,Censored No Alarm,0,0,0,0,0,1,0.016777150332927704,,2019-03-16,,0.089
ZJV00VAH,0,0,,,,Censored No Alarm,0,0,0,0,0,1,0.0017823242815211415,,2018-02-12,,0.089
ZJV00VEA,0,0,,,,Censored No Alarm,0,0,0,0,0,1,0.0027143540792167187,,2018-02-12,,0.089
ZJV00VK5,0,0,,,,Censored No Alarm,0,0,0,0,0,1,0.0014091945486143231,,2018-02-12,,0.089
ZJV00VVA,0,0,,,,Censored No Alarm,0,0,0,0,0,1,0.0013445786898955703,,2018-05-16,,0.089
ZJV00VYB,0,0,,,,Censored No Alarm,0,0,0,0,0,1,0.0017592842923477292,,2018-02-12,,0.089
ZJV00W40,0,0,,,,Censored No Alarm,0,0,0,0,0,1,0.0015290580922737718,,2018-02-12,,0.089
ZJV00XL1,0,0,,,,Censored No Alarm,0,0,0,0,0,1,0.0034962291829288006,,2019-07-16,,0.089
ZJV00XQ8,0,0,,,,Censored No Alarm,0,0,0,0,0,1,0.0014835888287052512,,2018-01-13,,0.089
ZJV013A6,0,0,,,,Censored No Alarm,0,0,0,0,0,1,0.0015497782733291388,,2018-02-12,,0.089
ZJV013AY,0,0,,,,Censored No Alarm,0,0,0,0,0,1,0.00136643520090729,,2018-02-12,,0.089
ZJV0162D,0,0,,,,Censored No Alarm,0,0,0,0,0,1,0.0013445786898955703,,2018-05-16,,0.089
ZJV0168F,0,0,,,,Censored No Alarm,0,0,0,0,0,1,0.0013148442376405,,2018-10-29,,0.089
ZJV019W0,0,0,,,,Censored No Alarm,0,0,0,0,0,1,0.0014993894146755338,,2018-04-13,,0.089
ZJV01G8M,0,0,,,,Censored No Alarm,0,0,0,0,0,1,0.002000727690756321,,2018-04-27,,0.089
ZJV01GHR,0,0,,,,Censored No Alarm,0,0,0,0,0,1,0.0012111719697713852,,2018-05-16,,0.089
ZJV01PB5,0,0,,,,Censored No Alarm,0,0,0,0,0,1,0.0017478223890066147,,2018-02-12,,0.089
ZJV01QKE,0,0,,,,Censored No Alarm,0,0,0,0,0,1,0.0012111719697713852,,2018-05-16,,0.089
ZJV01R17,0,0,,,,Censored No Alarm,0,0,0,0,0,1,0.001503836247138679,,2018-04-13,,0.089
ZJV01TWF,0,0,,,,Censored No Alarm,0,0,0,0,0,1,0.0019632079638540745,,2018-02-12,,0.089
ZJV01TX6,0,0,,,,Censored No Alarm,0,0,0,0,0,1,0.001347832498140633,,2018-02-12,,0.089
ZJV01VT6,0,0,,,,Censored No Alarm,0,0,0,0,0,1,0.0015191886341199279,,2018-02-12,,0.089
ZJV01VXY,0,0,,,,Censored No Alarm,0,0,0,0,0,1,0.0014531692722812295,,2018-02-12,,0.089
ZJV01X73,0,0,,,,Censored No Alarm,0,0,0,0,0,1,0.007265680469572544,,2018-02-12,,0.089
ZJV01XFK,0,0,,,,Censored No Alarm,0,0,0,0,0,1,0.0015069268411025405,,2018-02-12,,0.089
ZJV01XG9,0,0,,,,Censored No Alarm,0,0,0,0,0,1,0.002181238029152155,,2018-02-12,,0.089
ZJV01XR9,0,0,,,,Censored No Alarm,0,0,0,0,0,1,0.0013802067842334509,,2018-02-12,,0.089
ZJV01XSH,0,0,,,,Censored No Alarm,0,0,0,0,0,1,0.0014352047583088279,,2018-02-12,,0.089
ZJV01XYP,0,0,,,,Censored No Alarm,0,0,0,0,0,1,0.0014568640617653728,,2018-02-12,,0.089
ZJV01Y07,0,0,,,,Censored No Alarm,0,0,0,0,0,1,0.0014159056590870023,,2018-02-12,,0.089
ZJV01Y5Q,0,0,,,,Censored No Alarm,0,0,0,0,0,1,0.0013947756960988045,,2018-02-12,,0.089
ZJV01Y6R,0,0,,,,Censored No Alarm,0,0,0,0,0,1,0.001482408377341926,,2018-02-12,,0.089
ZJV01Y9L,0,0,,,,Censored No Alarm,0,0,0,0,0,1,0.0013734794920310378,,2018-02-12,,0.089
ZJV01YA3,0,0,,,,Censored No Alarm,0,0,0,0,0,1,0.0017839863430708647,,2018-02-12,,0.089
ZJV01YAP,0,0,,,,Censored No Alarm,0,0,0,0,0,1,0.0015579580795019865,,2018-02-12,,0.089
ZJV01YDB,0,0,,,,Censored No Alarm,0,0,0,0,0,1,0.0018217996694147587,,2018-04-13,,0.089
ZJV01YEQ,0,0,,,,Censored No Alarm,0,0,0,0,0,1,0.0016600885428488255,,2018-02-12,,0.089
ZJV01YF8,0,0,,,,Censored No Alarm,0,0,0,0,0,1,0.0013873218558728695,,2018-02-12,,0.089
ZJV01YJ6,0,0,,,,Censored No Alarm,0,0,0,0,0,1,0.0025168543215841055,,2018-02-12,,0.089
ZJV01YL4,0,0,,,,Censored No Alarm,0,0,0,0,0,1,0.0019241340924054384,,2018-02-12,,0.089
ZJV01YV9,0,0,,,,Censored No Alarm,0,0,0,0,0,1,0.0014575592940673232,,2018-12-21,,0.089
ZJV01ZAW,0,0,,,,Censored No Alarm,0,0,0,0,0,1,0.0037284702993929386,,2019-10-10,,0.089
ZJV01ZES,0,0,,,,Censored No Alarm,0,0,0,0,0,1,0.0037284702993929386,,2020-11-10,,0.089
ZJV01ZQZ,0,0,,,,Censored No Alarm,0,0,0,0,0,1,0.001373501610942185,,2018-05-16,,0.089
ZJV0201C,0,0,,,,Censored No Alarm,0,0,0,0,0,1,0.002094564726576209,,2018-05-12,,0.089
ZJV0201J,0,0,,,,Censored No Alarm,0,0,0,0,0,1,0.0009242644882760942,,2018-08-29,,0.089
ZJV0202G,0,0,,,,Censored No Alarm,0,0,0,0,0,1,0.002519250614568591,,2018-05-12,,0.089
ZJV02032,0,0,,,,Censored No Alarm,0,0,0,0,0,1,0.0013454733416438103,,2018-04-13,,0.089
ZJV020EY,0,0,,,,Censored No Alarm,0,0,0,0,0,1,0.0014342325739562511,,2018-04-13,,0.089
ZJV020FC,0,0,,,,Censored No Alarm,0,0,0,0,0,1,0.0018704249523580074,,2018-04-13,,0.089
ZJV0215V,0,0,,,,Censored No Alarm,0,0,0,0,0,1,0.0024550894740968943,,2021-10-01,,0.089
ZJV021TV,0,0,,,,Censored No Alarm,0,0,0,0,0,1,0.0034611315932124853,,2018-04-13,,0.089
ZJV023C8,0,0,,,,Censored No Alarm,0,0,0,0,0,1,0.0013445786898955703,,2018-05-16,,0.089
ZJV023DF,0,0,,,,Censored No Alarm,0,0,0,0,0,1,0.0013445786898955703,,2018-05-16,,0.089
ZJV023GR,0,0,,,,Censored No Alarm,0,0,0,0,0,1,0.0014586305478587747,,2018-04-13,,0.089
ZJV023J5,0,0,,,,Censored No Alarm,0,0,0,0,0,1,0.001857856521382928,,2018-05-12,,0.089
ZJV023P0,0,0,,,,Censored No Alarm,0,0,0,0,0,1,0.002490089973434806,,2018-05-12,,0.089
ZJV023Q7,0,0,,,,Censored No Alarm,0,0,0,0,0,1,0.0014302675845101476,,2018-04-13,,0.089
ZJV023SG,0,0,,,,Censored No Alarm,0,0,0,0,0,1,0.001892618602141738,,2018-05-12,,0.089
ZJV0240D,0,0,,,,Censored No Alarm,0,0,0,0,0,1,0.0014465220738202333,,2018-04-13,,0.089
ZJV02456,0,0,,,,Censored No Alarm,0,0,0,0,0,1,0.0014183949679136276,,2018-04-13,,0.089
ZJV0270M,1,0,,2018-06-21,,Missed,0,0,0,0,1,0,0.001373501610942185,,2018-05-16,,0.089
ZJV02B8B,0,0,,,,Censored No Alarm,0,0,0,0,0,1,0.0013445786898955703,,2018-05-16,,0.089
ZJV02B92,0,1,2018-05-27,,,Censored Early,0,0,1,1,0,0,0.23363249003887177,0.23363249003887177,2018-04-27,30.0,0.089
ZJV02BZ9,0,0,,,,Censored No Alarm,0,0,0,0,0,1,0.002708560787141323,,2018-05-12,,0.089
ZJV02C0Y,0,0,,,,Censored No Alarm,0,0,0,0,0,1,0.019584104418754578,,2018-12-19,,0.089
ZJV02C3A,0,0,,,,Censored No Alarm,0,0,0,0,0,1,0.0014575592940673232,,2018-04-13,,0.089
ZJV02C9A,0,0,,,,Censored No Alarm,0,0,0,0,0,1,0.0013445786898955703,,2018-05-16,,0.089
ZJV02CD5,0,0,,,,Censored No Alarm,0,0,0,0,0,1,0.0013445786898955703,,2018-05-16,,0.089
ZJV02D6G,1,1,2019-09-14,2019-09-17,3.0,On time,1,0,0,0,0,0,0.1295904964208603,0.1275240182876587,2018-10-29,320.0,0.089
ZJV02DAK,0,0,,,,Censored No Alarm,0,0,0,0,0,1,0.014815764501690865,,2018-02-12,,0.089
ZJV02E3F,0,0,,,,Censored No Alarm,0,0,0,0,0,1,0.006424309685826302,,2018-02-12,,0.089
ZJV02EDJ,0,0,,,,Censored No Alarm,0,0,0,0,0,1,0.001557398121803999,,2018-02-12,,0.089
ZJV02EJY,0,0,,,,Censored No Alarm,0,0,0,0,0,1,0.001498615019954741,,2018-02-12,,0.089
ZJV02FB4,0,0,,,,Censored No Alarm,0,0,0,0,0,1,0.003696934087201953,,2019-09-26,,0.089
ZJV02FCW,0,0,,,,Censored No Alarm,0,0,0,0,0,1,0.0014046845026314259,,2018-02-12,,0.089
ZJV02FZX,0,0,,,,Censored No Alarm,0,0,0,0,0,1,0.0018129365053027868,,2018-02-12,,0.089
ZJV02GJM,0,1,2019-03-05,,,Censored Early,0,0,1,1,0,0,0.31530293822288513,0.31530293822288513,2018-02-12,386.0,0.089
ZJV02GSA,0,0,,,,Censored No Alarm,0,0,0,0,0,1,0.001557398121803999,,2018-02-12,,0.089
ZJV02J0Z,0,0,,,,Censored No Alarm,0,0,0,0,0,1,0.0014302675845101476,,2018-04-13,,0.089
ZJV02J23,0,0,,,,Censored No Alarm,0,0,0,0,0,1,0.013440198265016079,,2018-04-13,,0.089
ZJV02J6W,0,0,,,,Censored No Alarm,0,0,0,0,0,1,0.0012111719697713852,,2018-05-16,,0.089
ZJV02JV1,0,0,,,,Censored No Alarm,0,0,0,0,0,1,0.02026374079287052,,2018-05-16,,0.089
ZJV02KYR,0,0,,,,Censored No Alarm,0,0,0,0,0,1,0.004554163198918104,,2018-04-13,,0.089
ZJV02L2D,0,0,,,,Censored No Alarm,0,0,0,0,0,1,0.0012651369906961918,,2018-10-29,,0.089
ZJV02LND,0,0,,,,Censored No Alarm,0,0,0,0,0,1,0.004532668273895979,,2019-10-02,,0.089
ZJV02NDW,0,0,,,,Censored No Alarm,0,0,0,0,0,1,0.0013935673050582409,,2018-10-29,,0.089
ZJV02NKK,0,0,,,,Censored No Alarm,0,0,0,0,0,1,0.0014257044531404972,,2018-04-13,,0.089
ZJV02NPC,0,0,,,,Censored No Alarm,0,0,0,0,0,1,0.0017792314756661654,,2018-07-21,,0.089
ZJV02NXZ,0,0,,,,Censored No Alarm,0,0,0,0,0,1,0.002068788046017289,,2018-05-12,,0.089
ZJV02PJV,0,0,,,,Censored No Alarm,0,0,0,0,0,1,0.003418729640543461,,2018-04-13,,0.089
ZJV02PKT,0,0,,,,Censored No Alarm,0,0,0,0,0,1,0.0013445786898955703,,2018-05-16,,0.089
ZJV02PY6,0,0,,,,Censored No Alarm,0,0,0,0,0,1,0.001713230973109603,,2018-05-12,,0.089
ZJV02PZX,0,0,,,,Censored No Alarm,0,0,0,0,0,1,0.0013454733416438103,,2018-04-13,,0.089
ZJV02QGP,0,0,,,,Censored No Alarm,0,0,0,0,0,1,0.004123277496546507,,2019-03-28,,0.089
ZJV02QQA,0,0,,,,Censored No Alarm,0,0,0,0,0,1,0.001373501610942185,,2018-05-16,,0.089
ZJV02R8F,0,0,,,,Censored No Alarm,0,0,0,0,0,1,0.0014768167166039348,,2018-04-13,,0.089
ZJV02R8Y,0,0,,,,Censored No Alarm,0,0,0,0,0,1,0.00641506677493453,,2018-05-12,,0.089
ZJV02RBM,0,0,,,,Censored No Alarm,0,0,0,0,0,1,0.0013654447393491864,,2018-04-13,,0.089
ZJV02RKL,0,0,,,,Censored No Alarm,0,0,0,0,0,1,0.0012440503342077136,,2018-04-13,,0.089
ZJV02RXC,0,0,,,,Censored No Alarm,0,0,0,0,0,1,0.0017124327132478356,,2018-05-16,,0.089
ZJV02S6D,0,0,,,,Censored No Alarm,0,0,0,0,0,1,0.0014586305478587747,,2018-04-13,,0.089
ZJV02SCJ,0,0,,,,Censored No Alarm,0,0,0,0,0,1,0.0014192679664120078,,2018-05-16,,0.089
ZJV02SG0,0,0,,,,Censored No Alarm,0,0,0,0,0,1,0.0035695203114300966,,2019-03-14,,0.089
ZJV02SJQ,0,0,,,,Censored No Alarm,0,0,0,0,0,1,0.001373501610942185,,2018-05-16,,0.089
ZJV02SWY,0,0,,,,Censored No Alarm,0,0,0,0,0,1,0.0038903981912881136,,2019-09-09,,0.089
ZJV02T0J,0,0,,,,Censored No Alarm,0,0,0,0,0,1,0.0022733828518539667,,2018-05-12,,0.089
ZJV02T35,0,0,,,,Censored No Alarm,0,0,0,0,0,1,0.001570464693941176,,2018-10-29,,0.089
ZJV02TXM,0,0,,,,Censored No Alarm,0,0,0,0,0,1,0.0022612926550209522,,2018-08-29,,0.089
ZJV02VS5,0,0,,,,Censored No Alarm,0,0,0,0,0,1,0.0013445786898955703,,2018-05-16,,0.089
ZJV02W3W,0,0,,,,Censored No Alarm,0,0,0,0,0,1,0.0014586305478587747,,2018-04-13,,0.089
ZJV02WGX,0,0,,,,Censored No Alarm,0,0,0,0,0,1,0.0015495038824155927,,2018-08-29,,0.089
ZJV02WPH,0,0,,,,Censored No Alarm,0,0,0,0,0,1,0.003882327349856496,,2019-07-19,,0.089
ZJV02WQF,0,0,,,,Censored No Alarm,0,0,0,0,0,1,0.002218266250565648,,2018-05-12,,0.089
ZJV02X2W,0,0,,,,Censored No Alarm,0,0,0,0,0,1,0.0035860876087099314,,2018-05-16,,0.089
ZJV02XFJ,0,0,,,,Censored No Alarm,0,0,0,0,0,1,0.005463887471705675,,2018-08-29,,0.089
ZJV02XHK,0,0,,,,Censored No Alarm,0,0,0,0,0,1,0.0017496461514383554,,2018-05-12,,0.089
ZJV02Y2K,0,0,,,,Censored No Alarm,0,0,0,0,0,1,0.0013445786898955703,,2018-05-16,,0.089
ZJV02Y3D,0,0,,,,Censored No Alarm,0,0,0,0,0,1,0.0013445786898955703,,2018-05-16,,0.089
ZJV02Y6S,0,0,,,,Censored No Alarm,0,0,0,0,0,1,0.0013454733416438103,,2018-04-13,,0.089
ZJV02YJP,0,0,,,,Censored No Alarm,0,0,0,0,0,1,0.0015539978630840778,,2018-08-29,,0.089
ZJV02YNF,0,0,,,,Censored No Alarm,0,0,0,0,0,1,0.0013622507685795426,,2018-04-13,,0.089
ZJV02YR8,0,0,,,,Censored No Alarm,0,0,0,0,0,1,0.0017460662638768554,,2018-05-12,,0.089
ZJV02ZHR,0,0,,,,Censored No Alarm,0,0,0,0,0,1,0.001338891452178359,,2018-04-13,,0.089
ZJV02ZNQ,0,0,,,,Censored No Alarm,0,0,0,0,0,1,0.0024686416145414114,,2018-05-12,,0.089
ZJV02ZQJ,0,0,,,,Censored No Alarm,0,0,0,0,0,1,0.0017195572145283222,,2018-12-05,,0.089
ZJV030GQ,0,0,,,,Censored No Alarm,0,0,0,0,0,1,0.0017116903327405453,,2018-05-16,,0.089
ZJV030H9,0,0,,,,Censored No Alarm,0,0,0,0,0,1,0.0013445786898955703,,2018-05-16,,0.089
ZJV030LS,0,0,,,,Censored No Alarm,0,0,0,0,0,1,0.0012462480226531625,,2018-08-29,,0.089
ZJV030NN,0,0,,,,Censored No Alarm,0,0,0,0,0,1,0.0013445786898955703,,2018-05-16,,0.089
ZJV030SE,0,0,,,,Censored No Alarm,0,0,0,0,0,1,0.0016050174599513412,,2018-08-29,,0.089
ZJV030VM,0,0,,,,Censored No Alarm,0,0,0,0,0,1,0.0011800701031461358,,2018-08-29,,0.089
ZJV030XM,0,0,,,,Censored No Alarm,0,0,0,0,0,1,0.002056064084172249,,2018-05-12,,0.089
ZJV031H9,0,0,,,,Censored No Alarm,0,0,0,0,0,1,0.0013445786898955703,,2018-05-16,,0.089
ZJV032BY,0,0,,,,Censored No Alarm,0,0,0,0,0,1,0.0014768167166039348,,2018-04-13,,0.089
ZJV032JG,0,0,,,,Censored No Alarm,0,0,0,0,0,1,0.0013694779481738806,,2018-08-29,,0.089
ZJV034H0,0,0,,,,Censored No Alarm,0,0,0,0,0,1,0.0013445786898955703,,2018-05-16,,0.089
ZJV034PC,0,0,,,,Censored No Alarm,0,0,0,0,0,1,0.0011753443395718932,,2018-05-16,,0.089
ZJV034YQ,0,0,,,,Censored No Alarm,0,0,0,0,0,1,0.001857856521382928,,2018-05-12,,0.089
ZJV03527,0,0,,,,Censored No Alarm,0,0,0,0,0,1,0.0014268691884353757,,2018-04-13,,0.089
ZJV0359K,0,0,,,,Censored No Alarm,0,0,0,0,0,1,0.001216250122524798,,2018-05-16,,0.089
ZJV035DP,0,0,,,,Censored No Alarm,0,0,0,0,0,1,0.0013445786898955703,,2018-05-16,,0.089
ZJV035DR,0,0,,,,Censored No Alarm,0,0,0,0,0,1,0.0013429827522486448,,2018-04-13,,0.089
ZJV036WN,0,0,,,,Censored No Alarm,0,0,0,0,0,1,0.0012111719697713852,,2018-05-16,,0.089
ZJV036Y7,0,0,,,,Censored No Alarm,0,0,0,0,0,1,0.0013622507685795426,,2018-04-13,,0.089
ZJV036YB,0,0,,,,Censored No Alarm,0,0,0,0,0,1,0.0017124327132478356,,2018-05-16,,0.089
ZJV03714,0,0,,,,Censored No Alarm,0,0,0,0,0,1,0.0024703671224415302,,2018-10-29,,0.089
ZJV0373T,0,0,,,,Censored No Alarm,0,0,0,0,0,1,0.0013445786898955703,,2018-05-16,,0.089
ZJV0376E,0,0,,,,Censored No Alarm,0,0,0,0,0,1,0.002000727690756321,,2018-05-12,,0.089
ZJV0396E,0,0,,,,Censored No Alarm,0,0,0,0,0,1,0.02238607592880726,,2018-05-16,,0.089
ZJV03CC6,0,0,,,,Censored No Alarm,0,0,0,0,0,1,0.008893225342035294,,2019-09-06,,0.089
ZJV03CEL,0,0,,,,Censored No Alarm,0,0,0,0,0,1,0.0020937188528478146,,2018-05-12,,0.089
ZJV03DHW,0,0,,,,Censored No Alarm,0,0,0,0,0,1,0.0021281789522618055,,2018-05-12,,0.089
ZJV03DJZ,0,0,,,,Censored No Alarm,0,0,0,0,0,1,0.0013357596471905708,,2018-04-13,,0.089
ZJV03DKY,0,0,,,,Censored No Alarm,0,0,0,0,0,1,0.0017792773433029652,,2018-05-12,,0.089
ZJV03DN9,0,0,,,,Censored No Alarm,0,0,0,0,0,1,0.0014324765652418137,,2018-05-16,,0.089
ZJV03DQJ,0,0,,,,Censored No Alarm,0,0,0,0,0,1,0.018044488504529,,2018-04-13,,0.089
ZJV03E60,0,0,,,,Censored No Alarm,0,0,0,0,0,1,0.002708560787141323,,2018-04-27,,0.089
ZJV03E6P,0,0,,,,Censored No Alarm,0,0,0,0,0,1,0.001327775651589036,,2018-04-13,,0.089
ZJV03E7N,0,0,,,,Censored No Alarm,0,0,0,0,0,1,0.023214077576994896,,2018-04-13,,0.089
ZJV03ENV,0,0,,,,Censored No Alarm,0,0,0,0,0,1,0.0014575592940673232,,2018-12-21,,0.089
ZJV03ET2,0,0,,,,Censored No Alarm,0,0,0,0,0,1,0.0013445786898955703,,2018-05-16,,0.089
ZJV03FTD,0,0,,,,Censored No Alarm,0,0,0,0,0,1,0.0017355046002194285,,2018-05-12,,0.089
ZJV03G0B,0,0,,,,Censored No Alarm,0,0,0,0,0,1,0.0012111719697713852,,2018-05-16,,0.089
ZJV03G37,0,0,,,,Censored No Alarm,0,0,0,0,0,1,0.0014768167166039348,,2018-04-13,,0.089
ZJV03GMP,0,0,,,,Censored No Alarm,0,0,0,0,0,1,0.0013445786898955703,,2018-05-16,,0.089
ZJV03H7V,0,0,,,,Censored No Alarm,0,0,0,0,0,1,0.0016159197548404336,,2018-10-29,,0.089
ZJV03H88,0,0,,,,Censored No Alarm,0,0,0,0,0,1,0.0012440503342077136,,2018-04-13,,0.089
ZJV03HF1,0,0,,,,Censored No Alarm,0,0,0,0,0,1,0.023198982700705528,,2018-05-16,,0.089
ZJV03J7M,0,0,,,,Censored No Alarm,0,0,0,0,0,1,0.0014586305478587747,,2018-04-13,,0.089
ZJV03J7P,1,0,,2018-11-17,,Missed,0,0,0,0,1,0,0.018130382522940636,,2018-04-13,,0.089
ZJV03J85,0,0,,,,Censored No Alarm,0,0,0,0,0,1,0.0018983108457177877,,2018-05-12,,0.089
ZJV03JE9,0,0,,,,Censored No Alarm,0,0,0,0,0,1,0.0011934845242649317,,2018-08-29,,0.089
ZJV03JEQ,0,0,,,,Censored No Alarm,0,0,0,0,0,1,0.0013445786898955703,,2018-05-16,,0.089
ZJV03JER,1,0,,2020-09-19,,Missed,0,0,0,0,1,0,0.0014198248973116279,,2018-04-13,,0.089
ZJV03JJM,0,0,,,,Censored No Alarm,0,0,0,0,0,1,0.002017380204051733,,2018-05-12,,0.089
ZJV03JRR,0,0,,,,Censored No Alarm,0,0,0,0,0,1,0.0013338234275579453,,2018-10-29,,0.089
ZJV03JWC,0,0,,,,Censored No Alarm,0,0,0,0,0,1,0.0017792773433029652,,2018-05-12,,0.089
ZJV03K05,0,0,,,,Censored No Alarm,0,0,0,0,0,1,0.002056064084172249,,2018-05-12,,0.089
ZJV03K4J,0,0,,,,Censored No Alarm,0,0,0,0,0,1,0.0017124327132478356,,2018-05-16,,0.089
ZJV03K7A,0,0,,,,Censored No Alarm,0,0,0,0,0,1,0.007051120512187481,,2019-08-06,,0.089
ZJV03K87,0,0,,,,Censored No Alarm,0,0,0,0,0,1,0.002109995810315013,,2018-05-12,,0.089
ZJV03K8H,0,0,,,,Censored No Alarm,0,0,0,0,0,1,0.0015447954647243023,,2018-04-13,,0.089
ZJV03KA6,0,0,,,,Censored No Alarm,0,0,0,0,0,1,0.001982880989089608,,2018-05-12,,0.089
ZJV03KA9,0,0,,,,Censored No Alarm,0,0,0,0,0,1,0.0014465220738202333,,2018-04-13,,0.089
ZJV03KCM,0,0,,,,Censored No Alarm,0,0,0,0,0,1,0.0014302675845101476,,2018-04-13,,0.089
ZJV03KFW,0,0,,,,Censored No Alarm,0,0,0,0,0,1,0.0020949984900653362,,2018-05-12,,0.089
ZJV03KNM,0,0,,,,Censored No Alarm,0,0,0,0,0,1,0.001308355131186545,,2018-04-13,,0.089
ZJV03KVM,0,0,,,,Censored No Alarm,0,0,0,0,0,1,0.0017460662638768554,,2018-05-12,,0.089
ZJV03KW6,0,0,,,,Censored No Alarm,0,0,0,0,0,1,0.001745968940667808,,2018-12-05,,0.089
ZJV03MKV,0,0,,,,Censored No Alarm,0,0,0,0,0,1,0.0013445786898955703,,2018-05-16,,0.089
ZJV03MR9,0,0,,,,Censored No Alarm,0,0,0,0,0,1,0.0017792773433029652,,2018-05-12,,0.089
ZJV03MSS,0,0,,,,Censored No Alarm,0,0,0,0,0,1,0.03528773412108421,,2018-04-13,,0.089
ZJV03MVT,0,0,,,,Censored No Alarm,0,0,0,0,0,1,0.0013445786898955703,,2018-05-16,,0.089
ZJV03N4P,0,0,,,,Censored No Alarm,0,0,0,0,0,1,0.0014232323737815022,,2018-04-13,,0.089
ZJV03NB0,1,0,,2019-10-10,,Missed,0,0,0,0,1,0,0.0078097013756632805,,2018-04-13,,0.089
ZJV03NCV,0,0,,,,Censored No Alarm,0,0,0,0,0,1,0.07572691142559052,,2018-05-12,,0.089
ZJV03NJF,0,0,,,,Censored No Alarm,0,0,0,0,0,1,0.0014586305478587747,,2018-04-13,,0.089
ZJV03NKY,0,1,2019-01-07,,,Censored Early,0,0,1,1,0,0,0.9716851115226746,0.9716851115226746,2018-05-12,240.0,0.089
ZJV03NQT,0,0,,,,Censored No Alarm,0,0,0,0,0,1,0.001373501610942185,,2018-05-16,,0.089
ZJV03NR9,0,0,,,,Censored No Alarm,0,0,0,0,0,1,0.0017460662638768554,,2018-05-12,,0.089
ZJV03NSQ,0,0,,,,Censored No Alarm,0,0,0,0,0,1,0.001857856521382928,,2018-05-12,,0.089
ZJV03NT8,0,0,,,,Censored No Alarm,0,0,0,0,0,1,0.0017458184156566858,,2018-05-12,,0.089
ZJV03NTE,0,0,,,,Censored No Alarm,0,0,0,0,0,1,0.0014302675845101476,,2018-04-13,,0.089
ZJV03P7S,0,0,,,,Censored No Alarm,0,0,0,0,0,1,0.0016745936591178179,,2018-10-29,,0.089
ZJV03PBZ,0,0,,,,Censored No Alarm,0,0,0,0,0,1,0.001308355131186545,,2018-04-13,,0.089
ZJV03PKC,0,0,,,,Censored No Alarm,0,0,0,0,0,1,0.0014454280026257038,,2018-04-13,,0.089
ZJV03Q07,0,0,,,,Censored No Alarm,0,0,0,0,0,1,0.0011702714255079627,,2018-08-29,,0.089
ZJV03QJD,0,0,,,,Censored No Alarm,0,0,0,0,0,1,0.0012137554585933685,,2018-08-29,,0.089
ZJV03QN2,0,0,,,,Censored No Alarm,0,0,0,0,0,1,0.001818582764826715,,2018-05-16,,0.089
ZJV03QRQ,0,0,,,,Censored No Alarm,0,0,0,0,0,1,0.0013445786898955703,,2018-05-16,,0.089
ZJV03QV6,0,0,,,,Censored No Alarm,0,0,0,0,0,1,0.0020457396749407053,,2018-05-16,,0.089
ZJV03R0T,0,0,,,,Censored No Alarm,0,0,0,0,0,1,0.001601603114977479,,2018-10-29,,0.089
ZJV03R4E,0,0,,,,Censored No Alarm,0,0,0,0,0,1,0.001373501610942185,,2018-05-16,,0.089
ZJV03RLB,0,0,,,,Censored No Alarm,0,0,0,0,0,1,0.0013428463134914637,,2018-08-29,,0.089
ZJV03RPG,0,0,,,,Censored No Alarm,0,0,0,0,0,1,0.0013445786898955703,,2018-05-16,,0.089
ZJV03RQ7,0,0,,,,Censored No Alarm,0,0,0,0,0,1,0.0011702714255079627,,2018-08-29,,0.089
ZJV03S7K,0,0,,,,Censored No Alarm,0,0,0,0,0,1,0.0016275784000754356,,2018-05-12,,0.089
ZJV03S93,0,0,,,,Censored No Alarm,0,0,0,0,0,1,0.0014048035955056548,,2018-07-28,,0.089
ZJV03SVX,1,1,2019-08-01,2019-08-07,6.0,On time,1,0,0,0,0,0,0.09828037023544312,0.09828037023544312,2018-04-13,475.0,0.089
ZJV03TGD,0,0,,,,Censored No Alarm,0,0,0,0,0,1,0.0014575592940673232,,2018-04-13,,0.089
ZJV03TTP,0,0,,,,Censored No Alarm,0,0,0,0,0,1,0.0012019880814477801,,2018-08-29,,0.089
ZJV03TYH,0,0,,,,Censored No Alarm,0,0,0,0,0,1,0.0018518664874136448,,2018-08-29,,0.089
ZJV03VG3,0,0,,,,Censored No Alarm,0,0,0,0,0,1,0.001338891452178359,,2018-04-13,,0.089
ZJV03VK2,0,0,,,,Censored No Alarm,0,0,0,0,0,1,0.0019046629313379526,,2019-03-29,,0.089
ZJV03VXD,0,0,,,,Censored No Alarm,0,0,0,0,0,1,0.0013148442376405,,2018-10-29,,0.089
ZJV03W5J,0,0,,,,Censored No Alarm,0,0,0,0,0,1,0.001329663093201816,,2018-04-13,,0.089
ZJV03W5T,1,1,2019-09-06,2019-09-17,11.0,On time,1,0,0,0,0,0,0.7020729780197144,0.14102666079998016,2018-05-12,482.0,0.089
ZJV03XFP,0,0,,,,Censored No Alarm,0,0,0,0,0,1,0.011512392200529575,,2018-10-29,,0.089
ZJV03Y6D,0,0,,,,Censored No Alarm,0,0,0,0,0,1,0.0059422096237540245,,2019-09-18,,0.089
ZJV03Z5M,0,0,,,,Censored No Alarm,0,0,0,0,0,1,0.002056064084172249,,2018-05-12,,0.089
ZJV03Z8X,0,0,,,,Censored No Alarm,0,0,0,0,0,1,0.0024952259846031666,,2018-05-12,,0.089
ZJV03ZFK,0,0,,,,Censored No Alarm,0,0,0,0,0,1,0.002299899933859706,,2018-07-12,,0.089
ZJV03ZMW,0,0,,,,Censored No Alarm,0,0,0,0,0,1,0.0013445786898955703,,2018-05-16,,0.089
ZJV03ZNR,0,0,,,,Censored No Alarm,0,0,0,0,0,1,0.0015626292442902923,,2018-12-05,,0.089
ZJV040NV,0,0,,,,Censored No Alarm,0,0,0,0,0,1,0.0015144048957154155,,2018-05-16,,0.089
ZJV040P9,0,0,,,,Censored No Alarm,0,0,0,0,0,1,0.003882327349856496,,2019-03-05,,0.089
ZJV0419W,0,0,,,,Censored No Alarm,0,0,0,0,0,1,0.0022163086105138063,,2018-05-12,,0.089
ZJV041BV,0,0,,,,Censored No Alarm,0,0,0,0,0,1,0.0014768167166039348,,2018-04-13,,0.089
ZJV041D5,0,0,,,,Censored No Alarm,0,0,0,0,0,1,0.0013654447393491864,,2018-04-13,,0.089
ZJV041VK,0,0,,,,Censored No Alarm,0,0,0,0,0,1,0.001376405474729836,,2018-10-29,,0.089
ZJV042W3,0,0,,,,Censored No Alarm,0,0,0,0,0,1,0.0014302675845101476,,2018-04-13,,0.089
ZJV043L7,0,0,,,,Censored No Alarm,0,0,0,0,0,1,0.0013622507685795426,,2018-04-13,,0.089
ZJV043NC,0,0,,,,Censored No Alarm,0,0,0,0,0,1,0.0014192679664120078,,2018-05-16,,0.089
ZJV043XN,0,0,,,,Censored No Alarm,0,0,0,0,0,1,0.003882327349856496,,2019-09-19,,0.089
ZJV0445R,0,0,,,,Censored No Alarm,0,0,0,0,0,1,0.002781784627586603,,2018-05-12,,0.089
ZJV044AN,0,0,,,,Censored No Alarm,0,0,0,0,0,1,0.0013445786898955703,,2018-05-16,,0.089
ZJV044PP,0,0,,,,Censored No Alarm,0,0,0,0,0,1,0.012352191843092442,,2018-05-16,,0.089
ZJV0450C,0,0,,,,Censored No Alarm,0,0,0,0,0,1,0.0044768452644348145,,2018-10-29,,0.089
ZJV04580,0,0,,,,Censored No Alarm,0,0,0,0,0,1,0.0014302675845101476,,2018-04-13,,0.089
ZJV045XC,0,0,,,,Censored No Alarm,0,0,0,0,0,1,0.0019607720896601677,,2018-04-13,,0.089
ZJV0475V,0,0,,,,Censored No Alarm,0,0,0,0,0,1,0.007464196998625994,,2018-05-16,,0.089
ZJV047MD,0,0,,,,Censored No Alarm,0,0,0,0,0,1,0.0016139807412400842,,2018-05-12,,0.089
ZJV04928,0,0,,,,Censored No Alarm,0,0,0,0,0,1,0.005552986171096563,,2018-05-12,,0.089
ZJV04998,0,0,,,,Censored No Alarm,0,0,0,0,0,1,0.0013445786898955703,,2018-05-16,,0.089
ZJV049A3,0,0,,,,Censored No Alarm,0,0,0,0,0,1,0.001216250122524798,,2018-05-16,,0.089
ZJV04AYV,0,0,,,,Censored No Alarm,0,0,0,0,0,1,0.001556576113216579,,2018-05-16,,0.089
ZJV04BK2,0,0,,,,Censored No Alarm,0,0,0,0,0,1,0.0023601637221872807,,2018-05-12,,0.089
ZJV04BW7,0,0,,,,Censored No Alarm,0,0,0,0,0,1,0.032001569867134094,,2018-12-13,,0.089
ZJV04C7N,0,0,,,,Censored No Alarm,0,0,0,0,0,1,0.006110000889748335,,2019-10-12,,0.089
ZJV04CLS,0,0,,,,Censored No Alarm,0,0,0,0,0,1,0.0024754544720053673,,2018-05-12,,0.089
ZJV04DVN,0,0,,,,Censored No Alarm,0,0,0,0,0,1,0.0659051313996315,,2018-05-12,,0.089
ZJV04EEQ,0,0,,,,Censored No Alarm,0,0,0,0,0,1,0.001713230973109603,,2018-05-12,,0.089
ZJV04EJP,0,0,,,,Censored No Alarm,0,0,0,0,0,1,0.004127028398215771,,2018-05-12,,0.089
ZJV04EQ0,0,0,,,,Censored No Alarm,0,0,0,0,0,1,0.002318848390132189,,2018-05-12,,0.089
ZJV04ERG,0,0,,,,Censored No Alarm,0,0,0,0,0,1,0.0014661470195278525,,2018-05-16,,0.089
ZJV04ETW,0,0,,,,Censored No Alarm,0,0,0,0,0,1,0.001376405474729836,,2018-10-29,,0.089
ZJV04ETY,0,0,,,,Censored No Alarm,0,0,0,0,0,1,0.0038026387337595224,,2019-09-07,,0.089
ZJV04F14,0,0,,,,Censored No Alarm,0,0,0,0,0,1,0.0013338234275579453,,2018-10-29,,0.089
ZJV04F1F,0,0,,,,Censored No Alarm,0,0,0,0,0,1,0.03883014991879463,,2018-05-16,,0.089
ZJV04FA4,0,0,,,,Censored No Alarm,0,0,0,0,0,1,0.002338241785764694,,2018-05-12,,0.089
ZJV04FAD,0,0,,,,Censored No Alarm,0,0,0,0,0,1,0.0033451300114393234,,2018-05-16,,0.089
ZJV04FE7,0,0,,,,Censored No Alarm,0,0,0,0,0,1,0.0013445786898955703,,2018-05-16,,0.089
ZJV04FJG,0,0,,,,Censored No Alarm,0,0,0,0,0,1,0.0022022065240889788,,2018-04-13,,0.089
ZJV04G0N,0,0,,,,Censored No Alarm,0,0,0,0,0,1,0.0014870258746668696,,2018-05-16,,0.089
ZJV04G17,0,0,,,,Censored No Alarm,0,0,0,0,0,1,0.0012609186815097928,,2018-10-29,,0.089
ZJV04G33,0,0,,,,Censored No Alarm,0,0,0,0,0,1,0.0009823939763009548,,2019-01-12,,0.089
ZJV04G3X,0,0,,,,Censored No Alarm,0,0,0,0,0,1,0.0016139807412400842,,2018-05-12,,0.089
ZJV04GR7,0,0,,,,Censored No Alarm,0,0,0,0,0,1,0.0017650509253144264,,2018-05-12,,0.089
ZJV04H0H,0,0,,,,Censored No Alarm,0,0,0,0,0,1,0.0015253033488988876,,2018-04-13,,0.089
ZJV04HCN,0,0,,,,Censored No Alarm,0,0,0,0,0,1,0.0014539763797074556,,2018-04-13,,0.089
ZJV04HNG,0,0,,,,Censored No Alarm,0,0,0,0,0,1,0.0013622507685795426,,2018-04-13,,0.089
ZJV04HXS,1,1,2019-05-26,2019-11-17,175.0,Early,0,1,0,1,0,0,0.10359220951795578,0.10359220951795578,2018-05-12,379.0,0.089
ZJV04KM8,0,0,,,,Censored No Alarm,0,0,0,0,0,1,0.0028624676633626223,,2018-05-12,,0.089
ZJV04L6J,0,0,,,,Censored No Alarm,0,0,0,0,0,1,0.0022981499787420034,,2018-10-29,,0.089
ZJV04MGE,0,0,,,,Censored No Alarm,0,0,0,0,0,1,0.0013454733416438103,,2018-04-13,,0.089
ZJV04NVZ,0,0,,,,Censored No Alarm,0,0,0,0,0,1,0.0016422183252871037,,2018-12-05,,0.089
ZJV04QEJ,0,0,,,,Censored No Alarm,0,0,0,0,0,1,0.0013268610928207636,,2018-05-16,,0.089
ZJV04QHC,0,0,,,,Censored No Alarm,0,0,0,0,0,1,0.001373501610942185,,2018-05-16,,0.089
ZJV04QKP,0,0,,,,Censored No Alarm,0,0,0,0,0,1,0.003882327349856496,,2018-08-29,,0.089
ZJV04RBH,0,0,,,,Censored No Alarm,0,0,0,0,0,1,0.002086004940792918,,2018-04-13,,0.089
ZJV04RGF,0,0,,,,Censored No Alarm,0,0,0,0,0,1,0.001992834033444524,,2018-05-12,,0.089
ZJV04VAA,0,0,,,,Censored No Alarm,0,0,0,0,0,1,0.003517327830195427,,2019-07-29,,0.089
ZJV04XS7,0,0,,,,Censored No Alarm,0,0,0,0,0,1,0.002279764274135232,,2018-04-13,,0.089
ZJV04Y7G,0,0,,,,Censored No Alarm,0,0,0,0,0,1,0.004699669778347015,,2019-08-19,,0.089
ZJV04ZEA,0,0,,,,Censored No Alarm,0,0,0,0,0,1,0.0039653480052948,,2019-08-06,,0.089
ZJV0502X,0,0,,,,Censored No Alarm,0,0,0,0,0,1,0.0039653480052948,,2019-09-23,,0.089
ZJV050RT,0,0,,,,Censored No Alarm,0,0,0,0,0,1,0.0017321051564067602,,2018-05-12,,0.089
ZJV0519X,0,0,,,,Censored No Alarm,0,0,0,0,0,1,0.002126001985743642,,2018-05-12,,0.089
ZJV051QE,0,0,,,,Censored No Alarm,0,0,0,0,0,1,0.0013445786898955703,,2018-05-16,,0.089
ZJV053M5,0,0,,,,Censored No Alarm,0,0,0,0,0,1,0.004293356090784073,,2018-10-30,,0.089
ZJV0542E,0,0,,,,Censored No Alarm,0,0,0,0,0,1,0.002267001662403345,,2018-04-13,,0.089
ZJV05599,0,0,,,,Censored No Alarm,0,0,0,0,0,1,0.0012111719697713852,,2018-05-16,,0.089
ZJV055G7,0,0,,,,Censored No Alarm,0,0,0,0,0,1,0.01311517134308815,,2018-05-12,,0.089
ZJV056DK,0,0,,,,Censored No Alarm,0,0,0,0,0,1,0.0013445786898955703,,2018-05-16,,0.089
ZJV056WL,0,0,,,,Censored No Alarm,0,0,0,0,0,1,0.0011304897489026189,,2018-08-29,,0.089
ZJV056ZQ,0,0,,,,Censored No Alarm,0,0,0,0,0,1,0.001216250122524798,,2018-05-16,,0.089
ZJV057BQ,0,0,,,,Censored No Alarm,0,0,0,0,0,1,0.004293356090784073,,2019-12-22,,0.089
ZJV059MZ,0,0,,,,Censored No Alarm,0,0,0,0,0,1,0.001373501610942185,,2018-05-16,,0.089
ZJV05ABB,0,0,,,,Censored No Alarm,0,0,0,0,0,1,0.0016587559366598725,,2018-05-12,,0.089
ZJV05AZW,0,0,,,,Censored No Alarm,0,0,0,0,0,1,0.0013454733416438103,,2018-04-13,,0.089
ZJV05DWQ,0,0,,,,Censored No Alarm,0,0,0,0,0,1,0.001302447635680437,,2018-04-13,,0.089
ZJV05F0H,0,0,,,,Censored No Alarm,0,0,0,0,0,1,0.0014847033889964223,,2018-05-16,,0.089
ZJV05FGR,0,0,,,,Censored No Alarm,0,0,0,0,0,1,0.001216250122524798,,2018-05-16,,0.089
ZJV05G5Y,0,0,,,,Censored No Alarm,0,0,0,0,0,1,0.0030945513863116503,,2018-05-12,,0.089
ZJV05GJV,0,0,,,,Censored No Alarm,0,0,0,0,0,1,0.0015253033488988876,,2018-04-13,,0.089
ZJV05HE6,0,0,,,,Censored No Alarm,0,0,0,0,0,1,0.0018724753754213452,,2018-05-12,,0.089
ZJV05RQT,0,0,,,,Censored No Alarm,0,0,0,0,0,1,0.0017460662638768554,,2018-05-12,,0.089
ZJV05SA0,0,0,,,,Censored No Alarm,0,0,0,0,0,1,0.0020492481999099255,,2018-04-27,,0.089
ZJV05SFX,0,0,,,,Censored No Alarm,0,0,0,0,0,1,0.0013454733416438103,,2018-04-13,,0.089
ZJV05TYB,0,0,,,,Censored No Alarm,0,0,0,0,0,1,0.0015310986200347543,,2018-10-29,,0.089
ZJV05VCB,0,0,,,,Censored No Alarm,0,0,0,0,0,1,0.0021903973538428545,,2018-04-13,,0.089
ZJV05WH4,0,0,,,,Censored No Alarm,0,0,0,0,0,1,0.0014257044531404972,,2018-10-29,,0.089
ZJV05XVW,0,0,,,,Censored No Alarm,0,0,0,0,0,1,0.0039622606709599495,,2019-10-02,,0.089
ZJV05YR6,0,0,,,,Censored No Alarm,0,0,0,0,0,1,0.002708560787141323,,2018-04-27,,0.089
ZJV0657B,0,0,,,,Censored No Alarm,0,0,0,0,0,1,0.0013445786898955703,,2018-05-16,,0.089
ZJV065R7,0,0,,,,Censored No Alarm,0,0,0,0,0,1,0.0014070502948015928,,2018-10-29,,0.089
ZJV06E1B,0,0,,,,Censored No Alarm,0,0,0,0,0,1,0.0015553146367892623,,2018-12-08,,0.089
ZJV078JV,0,0,,,,Censored No Alarm,0,0,0,0,0,1,0.003882327349856496,,2020-02-25,,0.089
ZJV08SZZ,0,0,,,,Censored No Alarm,0,0,0,0,0,1,0.0013445786898955703,,2018-05-16,,0.089
ZJV09XMY,0,0,,,,Censored No Alarm,0,0,0,0,0,1,0.0018745851702988148,,2018-05-12,,0.089
ZJV09YWJ,0,0,,,,Censored No Alarm,0,0,0,0,0,1,0.0012003330048173666,,2018-05-16,,0.089
ZJV0A5N2,0,0,,,,Censored No Alarm,0,0,0,0,0,1,0.00330170220695436,,2018-05-16,,0.089
ZJV0AJ08,0,0,,,,Censored No Alarm,0,0,0,0,0,1,0.0035695203114300966,,2020-02-12,,0.089
ZJV0APG9,0,0,,,,Censored No Alarm,0,0,0,0,0,1,0.003882327349856496,,2019-05-31,,0.089
ZJV0AZDH,0,0,,,,Censored No Alarm,0,0,0,0,0,1,0.003947562072426081,,2019-09-10,,0.089
ZJV0BB3M,0,0,,,,Censored No Alarm,0,0,0,0,0,1,0.0013338234275579453,,2018-10-29,,0.089
ZJV0BJTB,0,0,,,,Censored No Alarm,0,0,0,0,0,1,0.0028624676633626223,,2018-05-12,,0.089
ZJV0BMW1,1,1,2019-11-25,2019-11-25,0.0,On time,1,0,0,0,0,0,0.2755715548992157,0.2755715548992157,2018-07-28,485.0,0.089
ZJV0C15M,0,0,,,,Censored No Alarm,0,0,0,0,0,1,0.0013193079503253102,,2018-04-13,,0.089
ZJV0C8WX,0,0,,,,Censored No Alarm,0,0,0,0,0,1,0.02668159268796444,,2019-08-31,,0.089
ZJV0C9CR,0,0,,,,Censored No Alarm,0,0,0,0,0,1,0.00225521600805223,,2018-07-12,,0.089
ZJV0CEBZ,0,0,,,,Censored No Alarm,0,0,0,0,0,1,0.0013875027652829885,,2018-07-28,,0.089
ZJV0CM87,0,0,,,,Censored No Alarm,0,0,0,0,0,1,0.0039653480052948,,2019-07-27,,0.089
ZJV0CMFK,0,0,,,,Censored No Alarm,0,0,0,0,0,1,0.0016198618104681373,,2018-05-16,,0.089
ZJV0CPHD,0,0,,,,Censored No Alarm,0,0,0,0,0,1,0.00162099814042449,,2018-08-29,,0.089
ZJV0CWXL,0,0,,,,Censored No Alarm,0,0,0,0,0,1,0.0021015561651438475,,2018-12-05,,0.089
ZJV0D2CB,0,0,,,,Censored No Alarm,0,0,0,0,0,1,0.0014302675845101476,,2018-04-13,,0.089
ZJV0D822,0,0,,,,Censored No Alarm,0,0,0,0,0,1,0.047838080674409866,,2018-05-12,,0.089
ZJV0D8JK,0,0,,,,Censored No Alarm,0,0,0,0,0,1,0.0019628521986305714,,2018-05-12,,0.089
ZJV0D9ZR,0,0,,,,Censored No Alarm,0,0,0,0,0,1,0.0013445786898955703,,2018-05-16,,0.089
ZJV0DGB2,0,0,,,,Censored No Alarm,0,0,0,0,0,1,0.0013375156559050083,,2018-05-16,,0.089
ZJV0DJPL,0,0,,,,Censored No Alarm,0,0,0,0,0,1,0.0022579352371394634,,2018-05-12,,0.089
ZJV0DNMW,0,0,,,,Censored No Alarm,0,0,0,0,0,1,0.00969642773270607,,2019-10-09,,0.089
ZJV0E2DA,0,0,,,,Censored No Alarm,0,0,0,0,0,1,0.0019894333090633154,,2018-12-08,,0.089
ZJV0E8PD,0,0,,,,Censored No Alarm,0,0,0,0,0,1,0.0022733828518539667,,2018-05-12,,0.089
ZJV0EAL5,0,0,,,,Censored No Alarm,0,0,0,0,0,1,0.0034611315932124853,,2018-04-13,,0.089
ZJV0EC6Y,0,0,,,,Censored No Alarm,0,0,0,0,0,1,0.0014257044531404972,,2018-04-13,,0.089
ZJV0EDL2,0,0,,,,Censored No Alarm,0,0,0,0,0,1,0.0010595087660476565,,2018-08-29,,0.089
ZJV0EH0A,0,0,,,,Censored No Alarm,0,0,0,0,0,1,0.0030315222684293985,,2018-05-12,,0.089
ZJV0EL28,0,0,,,,Censored No Alarm,0,0,0,0,0,1,0.002708560787141323,,2018-05-12,,0.089
ZJV0EN75,0,0,,,,Censored No Alarm,0,0,0,0,0,1,0.0022733828518539667,,2018-05-12,,0.089
ZJV0ENQH,0,0,,,,Censored No Alarm,0,0,0,0,0,1,0.002858660416677594,,2018-05-12,,0.089
ZJV0ET4W,0,0,,,,Censored No Alarm,0,0,0,0,0,1,0.0018704249523580074,,2018-04-13,,0.089
ZJV0ETB0,0,0,,,,Censored No Alarm,0,0,0,0,0,1,0.010137452743947506,,2019-10-05,,0.089
ZJV0ETGC,0,0,,,,Censored No Alarm,0,0,0,0,0,1,0.0013695830712094903,,2018-05-16,,0.089
ZJV0EV88,0,0,,,,Censored No Alarm,0,0,0,0,0,1,0.0013454733416438103,,2018-04-13,,0.089
ZJV0EVBM,0,0,,,,Censored No Alarm,0,0,0,0,0,1,0.0019058536272495985,,2018-04-13,,0.089
ZJV0EVG3,0,0,,,,Censored No Alarm,0,0,0,0,0,1,0.001182751264423132,,2018-08-29,,0.089
ZJV0F4FY,1,0,,2021-05-15,,Missed,0,0,0,0,1,0,0.0013445786898955703,,2018-05-16,,0.089
ZJV0FASD,0,0,,,,Censored No Alarm,0,0,0,0,0,1,0.0013998415088281035,,2018-07-21,,0.089
ZJV0FC8R,0,0,,,,Censored No Alarm,0,0,0,0,0,1,0.0015945156337693334,,2019-07-24,,0.089
ZJV0FHJN,1,0,,2020-11-13,,Missed,0,0,0,0,1,0,0.003996146377176046,,2020-05-28,,0.089
ZJV0GQZK,0,0,,,,Censored No Alarm,0,0,0,0,0,1,0.0015830820193514228,,2018-10-29,,0.089
ZJV0GSS9,0,0,,,,Censored No Alarm,0,0,0,0,0,1,0.0017924511339515448,,2019-07-09,,0.089
ZJV0GTHK,0,0,,,,Censored No Alarm,0,0,0,0,0,1,0.005783444736152887,,2019-06-21,,0.089
ZJV0GZY9,0,0,,,,Censored No Alarm,0,0,0,0,0,1,0.004666418302804232,,2018-05-16,,0.089
ZJV0H48Q,0,0,,,,Censored No Alarm,0,0,0,0,0,1,0.0013338234275579453,,2018-10-29,,0.089
ZJV0H9MD,0,0,,,,Censored No Alarm,0,0,0,0,0,1,0.0019654834177345037,,2018-05-12,,0.089
ZJV0H9P1,0,0,,,,Censored No Alarm,0,0,0,0,0,1,0.00143870385363698,,2018-08-29,,0.089
ZJV0H9VE,0,0,,,,Censored No Alarm,0,0,0,0,0,1,0.0012440503342077136,,2018-04-13,,0.089
ZJV0HAA0,0,0,,,,Censored No Alarm,0,0,0,0,0,1,0.0011158478446304798,,2018-05-16,,0.089
ZJV0HAL9,0,0,,,,Censored No Alarm,0,0,0,0,0,1,0.0011702714255079627,,2018-08-29,,0.089
ZJV0HBCL,0,0,,,,Censored No Alarm,0,0,0,0,0,1,0.0011399552458897233,,2018-08-29,,0.089
ZJV0HBG7,0,0,,,,Censored No Alarm,0,0,0,0,0,1,0.0011702714255079627,,2018-08-29,,0.089
ZJV0HBK9,0,0,,,,Censored No Alarm,0,0,0,0,0,1,0.0011399552458897233,,2018-08-29,,0.089
ZJV0HC09,0,0,,,,Censored No Alarm,0,0,0,0,0,1,0.0013824701309204102,,2018-04-13,,0.089
ZJV0HD94,0,0,,,,Censored No Alarm,0,0,0,0,0,1,0.0022588400170207024,,2018-05-12,,0.089
ZJV0HDNM,0,0,,,,Censored No Alarm,0,0,0,0,0,1,0.0038026387337595224,,2019-06-19,,0.089
ZJV0HFS4,0,0,,,,Censored No Alarm,0,0,0,0,0,1,0.0019894333090633154,,2018-12-08,,0.089
ZJV0HKA3,0,0,,,,Censored No Alarm,0,0,0,0,0,1,0.0014605680480599403,,2018-10-29,,0.089
ZJV0HKXJ,0,0,,,,Censored No Alarm,0,0,0,0,0,1,0.0013445786898955703,,2018-05-16,,0.089
ZJV0HLJF,0,0,,,,Censored No Alarm,0,0,0,0,0,1,0.001373501610942185,,2018-05-16,,0.089
ZJV0JY76,1,1,2020-01-06,2020-02-10,35.0,Early,0,1,0,1,0,0,0.20439539849758148,0.10649687796831131,2018-12-08,394.0,0.089
ZJV0K77Q,0,0,,,,Censored No Alarm,0,0,0,0,0,1,0.001178267877548933,,2018-08-29,,0.089
ZJV0K84B,0,0,,,,Censored No Alarm,0,0,0,0,0,1,0.0012978893937543035,,2018-12-08,,0.089
ZJV0K9HF,0,0,,,,Censored No Alarm,0,0,0,0,0,1,0.0012462480226531625,,2018-08-29,,0.089
ZJV0K9MT,0,0,,,,Censored No Alarm,0,0,0,0,0,1,0.002466912381350994,,2018-07-28,,0.089
ZJV0K9TC,0,0,,,,Censored No Alarm,0,0,0,0,0,1,0.0010595087660476565,,2018-08-29,,0.089
ZJV0KA0B,0,0,,,,Censored No Alarm,0,0,0,0,0,1,0.0009242644882760942,,2018-08-29,,0.089
ZJV0KADZ,0,0,,,,Censored No Alarm,0,0,0,0,0,1,0.0014605680480599403,,2018-10-29,,0.089
ZJV0KAEZ,0,0,,,,Censored No Alarm,0,0,0,0,0,1,0.003896464128047228,,2019-08-08,,0.089
ZJV0KBL4,0,0,,,,Censored No Alarm,0,0,0,0,0,1,0.001373501610942185,,2018-05-16,,0.089
ZJV0KGEZ,0,0,,,,Censored No Alarm,0,0,0,0,0,1,0.02446759305894375,,2019-07-19,,0.089
ZJV0KKKZ,0,0,,,,Censored No Alarm,0,0,0,0,0,1,0.0016826324863359332,,2018-07-28,,0.089
ZJV0KKX3,0,0,,,,Censored No Alarm,0,0,0,0,0,1,0.0021312504541128874,,2018-07-21,,0.089
ZJV0KNRF,0,0,,,,Censored No Alarm,0,0,0,0,0,1,0.002339390106499195,,2018-05-12,,0.089
ZJV0KNST,0,0,,,,Censored No Alarm,0,0,0,0,0,1,0.0013536433689296246,,2018-12-05,,0.089
ZJV0KNT5,0,0,,,,Censored No Alarm,0,0,0,0,0,1,0.002000727690756321,,2018-05-12,,0.089
ZJV0KNVD,0,0,,,,Censored No Alarm,0,0,0,0,0,1,0.0016198618104681373,,2018-05-16,,0.089
ZJV0KNWS,0,0,,,,Censored No Alarm,0,0,0,0,0,1,0.0038047616835683584,,2018-05-16,,0.089
ZJV0KNWW,0,0,,,,Censored No Alarm,0,0,0,0,0,1,0.0014257044531404972,,2018-04-13,,0.089
ZJV0KP22,0,0,,,,Censored No Alarm,0,0,0,0,0,1,0.0015760387759655714,,2018-05-16,,0.089
ZJV0L9JT,0,0,,,,Censored No Alarm,0,0,0,0,0,1,0.0013454733416438103,,2018-04-13,,0.089
ZJV0M0N3,0,0,,,,Censored No Alarm,0,0,0,0,0,1,0.0014575592940673232,,2018-12-19,,0.089
ZJV0M2BQ,0,0,,,,Censored No Alarm,0,0,0,0,0,1,0.004293233621865511,,2019-10-17,,0.089
ZJV0MB18,0,0,,,,Censored No Alarm,0,0,0,0,0,1,0.0022733828518539667,,2018-07-21,,0.089
ZJV0MDPM,1,1,2024-02-19,2024-02-28,9.0,On time,1,0,0,0,0,0,0.14958219230175018,0.14958219230175018,2020-06-22,1337.0,0.089
ZJV0MKFW,0,0,,,,Censored No Alarm,0,0,0,0,0,1,0.0013445786898955703,,2018-07-28,,0.089
ZJV0MPMY,0,0,,,,Censored No Alarm,0,0,0,0,0,1,0.003882327349856496,,2019-07-07,,0.089
ZJV0MVY6,0,0,,,,Censored No Alarm,0,0,0,0,0,1,0.0016826324863359332,,2018-07-28,,0.089
ZJV0N2BQ,0,0,,,,Censored No Alarm,0,0,0,0,0,1,0.0022733828518539667,,2018-07-21,,0.089
ZJV0NCQQ,0,0,,,,Censored No Alarm,0,0,0,0,0,1,0.001703876187093556,,2018-07-12,,0.089
ZJV0NGVL,0,0,,,,Censored No Alarm,0,0,0,0,0,1,0.0018095269333571196,,2018-10-29,,0.089
ZJV0NJGC,0,0,,,,Censored No Alarm,0,0,0,0,0,1,0.04401899129152298,,2018-07-12,,0.089
ZJV0NLXJ,0,0,,,,Censored No Alarm,0,0,0,0,0,1,0.0013445786898955703,,2018-07-28,,0.089
ZJV0NPCQ,0,0,,,,Censored No Alarm,0,0,0,0,0,1,0.0015156081644818187,,2018-07-21,,0.089
ZJV0NSWH,0,0,,,,Censored No Alarm,0,0,0,0,0,1,0.004473998211324215,,2019-11-16,,0.089
ZJV0NWHK,0,0,,,,Censored No Alarm,0,0,0,0,0,1,0.0010823063785210252,,2018-08-29,,0.089
ZJV0NWWA,0,0,,,,Censored No Alarm,0,0,0,0,0,1,0.0017564520239830017,,2018-07-28,,0.089
ZJV0NXMC,1,0,,2020-02-20,,Missed,0,0,0,0,1,0,0.07599354535341263,,2020-02-11,,0.089
ZJV0NZ8P,0,0,,,,Censored No Alarm,0,0,0,0,0,1,0.0016826324863359332,,2018-07-28,,0.089
ZJV0P276,0,0,,,,Censored No Alarm,0,0,0,0,0,1,0.0020987640600651503,,2018-08-29,,0.089
ZJV0P4EN,0,0,,,,Censored No Alarm,0,0,0,0,0,1,0.0014727938687428832,,2018-10-29,,0.089
ZJV0P6MJ,0,0,,,,Censored No Alarm,0,0,0,0,0,1,0.0014048035955056548,,2018-07-28,,0.089
ZJV0PBTC,0,0,,,,Censored No Alarm,0,0,0,0,0,1,0.0008974171942099929,,2018-08-29,,0.089
ZJV0PEX0,0,0,,,,Censored No Alarm,0,0,0,0,0,1,0.004776482470333576,,2019-09-21,,0.089
ZJV0PFFF,0,0,,,,Censored No Alarm,0,0,0,0,0,1,0.0022702179849147797,,2018-07-21,,0.089
ZJV0PJEM,0,0,,,,Censored No Alarm,0,0,0,0,0,1,0.0012019880814477801,,2018-08-29,,0.089
ZJV0PMYA,0,0,,,,Censored No Alarm,0,0,0,0,0,1,0.002118272939696908,,2018-12-08,,0.089
ZJV0PPFZ,0,0,,,,Censored No Alarm,0,0,0,0,0,1,0.001352201565168798,,2018-08-29,,0.089
ZJV0PR46,0,0,,,,Censored No Alarm,0,0,0,0,0,1,0.002107217675074935,,2018-12-05,,0.089
ZJV0PZQ0,0,0,,,,Censored No Alarm,0,0,0,0,0,1,0.0015900263097137213,,2018-12-05,,0.089
ZJV0PZQH,0,0,,,,Censored No Alarm,0,0,0,0,0,1,0.0015626292442902923,,2018-12-05,,0.089
ZJV0QD9V,0,0,,,,Censored No Alarm,0,0,0,0,0,1,0.0016210473841056228,,2018-12-05,,0.089
ZJV0QJ9M,0,0,,,,Censored No Alarm,0,0,0,0,0,1,0.0013625160790979862,,2018-10-29,,0.089
ZJV0QMFL,0,0,,,,Censored No Alarm,0,0,0,0,0,1,0.0014714718563482165,,2018-10-29,,0.089
ZJV0QMVL,0,0,,,,Censored No Alarm,0,0,0,0,0,1,0.0016057479660958052,,2018-08-29,,0.089
ZJV0QNMW,1,1,2019-11-14,2019-11-16,2.0,On time,1,0,0,0,0,0,0.08910056948661804,0.08910056948661804,2018-08-29,442.0,0.089
ZJV0QX8F,0,0,,,,Censored No Alarm,0,0,0,0,0,1,0.0013890701811760664,,2018-10-29,,0.089
ZJV0QZRS,0,0,,,,Censored No Alarm,0,0,0,0,0,1,0.0013338234275579453,,2018-12-08,,0.089
ZJV0R23K,0,0,,,,Censored No Alarm,0,0,0,0,0,1,0.002149823820218444,,2018-07-21,,0.089
ZJV0R2LF,0,0,,,,Censored No Alarm,0,0,0,0,0,1,0.0013338234275579453,,2018-10-29,,0.089
ZJV0R5ZW,0,0,,,,Censored No Alarm,0,0,0,0,0,1,0.0014575592940673232,,2019-07-26,,0.089
ZJV0R623,0,0,,,,Censored No Alarm,0,0,0,0,0,1,0.00108547683339566,,2018-08-29,,0.089
ZJV0R822,0,0,,,,Censored No Alarm,0,0,0,0,0,1,0.0016688235336914659,,2018-12-05,,0.089
ZJV0RBPV,0,0,,,,Censored No Alarm,0,0,0,0,0,1,0.0013445786898955703,,2018-07-28,,0.089
ZJV0RCWW,0,0,,,,Censored No Alarm,0,0,0,0,0,1,0.0013875027652829885,,2018-07-28,,0.089
ZJV0RDW2,0,0,,,,Censored No Alarm,0,0,0,0,0,1,0.0013428463134914637,,2018-08-29,,0.089
ZJV0RGXS,0,0,,,,Censored No Alarm,0,0,0,0,0,1,0.0015631141141057014,,2018-10-29,,0.089
ZJV0RKWX,0,0,,,,Censored No Alarm,0,0,0,0,0,1,0.0013428463134914637,,2018-08-29,,0.089
ZJV0RPQ4,0,0,,,,Censored No Alarm,0,0,0,0,0,1,0.0014479415258392692,,2018-10-29,,0.089
ZJV0RY3Y,0,0,,,,Censored No Alarm,0,0,0,0,0,1,0.0013604614650830626,,2018-07-28,,0.089
ZJV0RYMQ,1,0,,2023-02-13,,Missed,0,0,0,0,1,0,0.059164661914110184,,2019-10-04,,0.089
ZJV0S850,0,1,2025-09-13,,,Censored Early,0,0,1,1,0,0,0.10002132505178452,0.10002132505178452,2019-07-02,2265.0,0.089
ZJV0S85F,0,0,,,,Censored No Alarm,0,0,0,0,0,1,0.0013428463134914637,,2018-08-29,,0.089
ZJV0SB6W,0,0,,,,Censored No Alarm,0,0,0,0,0,1,0.002169129205867648,,2018-08-29,,0.089
ZJV0SN83,0,0,,,,Censored No Alarm,0,0,0,0,0,1,0.0022733828518539667,,2018-07-21,,0.089
ZJV0SWZY,0,0,,,,Censored No Alarm,0,0,0,0,0,1,0.0014575592940673232,,2018-12-21,,0.089
ZJV0SXZ0,0,0,,,,Censored No Alarm,0,0,0,0,0,1,0.003882327349856496,,2019-07-01,,0.089
ZJV0T0QB,0,0,,,,Censored No Alarm,0,0,0,0,0,1,0.0013609507586807013,,2018-12-05,,0.089
ZJV0T4XL,0,0,,,,Censored No Alarm,0,0,0,0,0,1,0.0013540881918743253,,2018-08-29,,0.089
ZJV0T4YM,0,0,,,,Censored No Alarm,0,0,0,0,0,1,0.0028668749146163464,,2018-07-21,,0.089
ZJV0T4ZD,0,0,,,,Censored No Alarm,0,0,0,0,0,1,0.0018233194714412093,,2018-12-05,,0.089
ZJV0T4ZP,0,0,,,,Censored No Alarm,0,0,0,0,0,1,0.0013445786898955703,,2018-07-28,,0.089
ZJV0T4ZS,0,0,,,,Censored No Alarm,0,0,0,0,0,1,0.00225521600805223,,2018-07-12,,0.089
ZJV0T509,0,0,,,,Censored No Alarm,0,0,0,0,0,1,0.002149823820218444,,2018-07-21,,0.089
ZJV0T50G,0,0,,,,Censored No Alarm,0,0,0,0,0,1,0.001327775651589036,,2018-07-21,,0.089
ZJV0T50P,0,0,,,,Censored No Alarm,0,0,0,0,0,1,0.0013445786898955703,,2018-07-28,,0.089
ZJV0T51G,1,1,2019-06-15,2019-07-31,46.0,Early,0,1,0,1,0,0,0.1755685806274414,0.099892757833004,2018-07-21,329.0,0.089
ZJV0T529,0,0,,,,Censored No Alarm,0,0,0,0,0,1,0.0013445786898955703,,2018-07-28,,0.089
ZJV0T53D,0,0,,,,Censored No Alarm,0,0,0,0,0,1,0.0012047217460349202,,2018-08-29,,0.089
ZJV0T54K,0,0,,,,Censored No Alarm,0,0,0,0,0,1,0.0013193079503253102,,2018-07-21,,0.089
ZJV0T55Q,0,0,,,,Censored No Alarm,0,0,0,0,0,1,0.0012462480226531625,,2018-08-29,,0.089
ZJV0T55W,0,0,,,,Censored No Alarm,0,0,0,0,0,1,0.0013445786898955703,,2018-07-28,,0.089
ZJV0T56C,0,0,,,,Censored No Alarm,0,0,0,0,0,1,0.0017579968553036451,,2018-07-28,,0.089
ZJV0T578,0,0,,,,Censored No Alarm,0,0,0,0,0,1,0.010526170022785664,,2018-07-21,,0.089
ZJV0T57H,0,0,,,,Censored No Alarm,0,0,0,0,0,1,0.0013445786898955703,,2018-07-28,,0.089
ZJV0T57K,0,0,,,,Censored No Alarm,0,0,0,0,0,1,0.0014727938687428832,,2018-10-29,,0.089
ZJV0T58D,0,0,,,,Censored No Alarm,0,0,0,0,0,1,0.0013445786898955703,,2018-07-28,,0.089
ZJV0T58E,0,0,,,,Censored No Alarm,0,0,0,0,0,1,0.0013193079503253102,,2018-07-21,,0.089
ZJV0T58G,0,0,,,,Censored No Alarm,0,0,0,0,0,1,0.0012462480226531625,,2018-08-29,,0.089
ZJV0T58Z,0,0,,,,Censored No Alarm,0,0,0,0,0,1,0.0013445786898955703,,2018-07-28,,0.089
ZJV0T597,0,0,,,,Censored No Alarm,0,0,0,0,0,1,0.0014479415258392692,,2018-10-29,,0.089
ZJV0T59L,0,0,,,,Censored No Alarm,0,0,0,0,0,1,0.0017853546887636185,,2018-07-21,,0.089
ZJV0T59M,0,0,,,,Censored No Alarm,0,0,0,0,0,1,0.0013625160790979862,,2018-10-29,,0.089
ZJV0T5A8,0,0,,,,Censored No Alarm,0,0,0,0,0,1,0.00108547683339566,,2018-08-29,,0.089
ZJV0T5AT,0,0,,,,Censored No Alarm,0,0,0,0,0,1,0.0017021324019879103,,2018-07-28,,0.089
ZJV0T5CA,0,0,,,,Censored No Alarm,0,0,0,0,0,1,0.0014575592940673232,,2018-12-05,,0.089
ZJV0T5CS,0,0,,,,Censored No Alarm,0,0,0,0,0,1,0.0012410212075337768,,2018-07-21,,0.089
ZJV0T5D1,0,0,,,,Censored No Alarm,0,0,0,0,0,1,0.0021312504541128874,,2018-07-21,,0.089
ZJV0T5DX,0,0,,,,Censored No Alarm,0,0,0,0,0,1,0.002215913264080882,,2018-08-29,,0.089
ZJV0T5FV,0,0,,,,Censored No Alarm,0,0,0,0,0,1,0.0013875027652829885,,2018-07-28,,0.089
ZJV0T5FX,0,0,,,,Censored No Alarm,0,0,0,0,0,1,0.0013875027652829885,,2018-07-28,,0.089
ZJV0TBY9,0,0,,,,Censored No Alarm,0,0,0,0,0,1,0.0013699437258765101,,2018-07-21,,0.089
ZJV0TBZ0,0,0,,,,Censored No Alarm,0,0,0,0,0,1,0.0023901467211544514,,2018-12-05,,0.089
ZJV0TBZH,0,0,,,,Censored No Alarm,0,0,0,0,0,1,0.0022537442855536938,,2018-07-21,,0.089
ZJV0TBZZ,0,0,,,,Censored No Alarm,0,0,0,0,0,1,0.0013540881918743253,,2018-08-29,,0.089
ZJV0TC19,0,0,,,,Censored No Alarm,0,0,0,0,0,1,0.0012137554585933685,,2018-08-29,,0.089
ZJV0TC1J,0,0,,,,Censored No Alarm,0,0,0,0,0,1,0.0013445786898955703,,2018-07-28,,0.089
ZJV0TC2M,0,0,,,,Censored No Alarm,0,0,0,0,0,1,0.0016826324863359332,,2018-07-28,,0.089
ZJV0TC44,0,0,,,,Censored No Alarm,0,0,0,0,0,1,0.0013445786898955703,,2018-10-29,,0.089
ZJV0TC49,0,0,,,,Censored No Alarm,0,0,0,0,0,1,0.0013445786898955703,,2018-07-28,,0.089
ZJV0TC4D,0,0,,,,Censored No Alarm,0,0,0,0,0,1,0.0013771167723461986,,2018-12-05,,0.089
ZJV0TC4L,0,0,,,,Censored No Alarm,0,0,0,0,0,1,0.0013699437258765101,,2018-07-21,,0.089
ZJV0TC4X,0,0,,,,Censored No Alarm,0,0,0,0,0,1,0.0013445786898955703,,2018-07-28,,0.089
ZJV0TC57,0,0,,,,Censored No Alarm,0,0,0,0,0,1,0.002149823820218444,,2018-07-21,,0.089
ZJV0TC5Z,0,0,,,,Censored No Alarm,0,0,0,0,0,1,0.0014714718563482165,,2018-10-29,,0.089
ZJV0TC6P,0,0,,,,Censored No Alarm,0,0,0,0,0,1,0.0013445786898955703,,2018-07-28,,0.089
ZJV0TC8D,0,0,,,,Censored No Alarm,0,0,0,0,0,1,0.0013445786898955703,,2018-07-28,,0.089
ZJV0TC8H,0,0,,,,Censored No Alarm,0,0,0,0,0,1,0.0022923965007066727,,2018-07-21,,0.089
ZJV0TC8N,0,0,,,,Censored No Alarm,0,0,0,0,0,1,0.0021312504541128874,,2018-07-21,,0.089
ZJV0TC8S,0,0,,,,Censored No Alarm,0,0,0,0,0,1,0.0014290090184658766,,2018-12-05,,0.089
ZJV0TC8W,0,0,,,,Censored No Alarm,0,0,0,0,0,1,0.0013469625264406204,,2018-07-28,,0.089
ZJV0TC8Z,0,0,,,,Censored No Alarm,0,0,0,0,0,1,0.0013875027652829885,,2018-07-28,,0.089
ZJV0TC9E,0,0,,,,Censored No Alarm,0,0,0,0,0,1,0.0021959037985652685,,2018-08-29,,0.089
ZJV0TCA2,0,0,,,,Censored No Alarm,0,0,0,0,0,1,0.0014727938687428832,,2018-10-29,,0.089
ZJV0TCA3,0,0,,,,Censored No Alarm,0,0,0,0,0,1,0.0012978893937543035,,2018-10-29,,0.089
ZJV0TCAZ,0,0,,,,Censored No Alarm,0,0,0,0,0,1,0.0022733828518539667,,2018-07-21,,0.089
ZJV0TCB2,0,0,,,,Censored No Alarm,0,0,0,0,0,1,0.001745968940667808,,2018-12-05,,0.089
ZJV0TCBK,0,0,,,,Censored No Alarm,0,0,0,0,0,1,0.0018903977470472455,,2018-07-28,,0.089
ZJV0TCBQ,0,0,,,,Censored No Alarm,0,0,0,0,0,1,0.0017021324019879103,,2018-07-28,,0.089
ZJV0TCBT,0,0,,,,Censored No Alarm,0,0,0,0,0,1,0.0014727938687428832,,2018-10-29,,0.089
ZJV0TCDZ,0,0,,,,Censored No Alarm,0,0,0,0,0,1,0.0015094344271346927,,2018-07-28,,0.089
ZJV0TCE3,0,0,,,,Censored No Alarm,0,0,0,0,0,1,0.0015830820193514228,,2018-10-29,,0.089
ZJV0TCEP,0,0,,,,Censored No Alarm,0,0,0,0,0,1,0.0022923965007066727,,2018-07-21,,0.089
ZJV0TCES,0,0,,,,Censored No Alarm,0,0,0,0,0,1,0.0014727938687428832,,2018-10-29,,0.089
ZJV0TCF9,0,0,,,,Censored No Alarm,0,0,0,0,0,1,0.0022892055567353964,,2018-07-21,,0.089
ZJV0TCFQ,0,0,,,,Censored No Alarm,0,0,0,0,0,1,0.0022537442855536938,,2018-07-21,,0.089
ZJV0TCG9,0,0,,,,Censored No Alarm,0,0,0,0,0,1,0.0011702714255079627,,2018-08-29,,0.089
ZJV0TCGC,0,0,,,,Censored No Alarm,0,0,0,0,0,1,0.0013474493753165007,,2019-01-23,,0.089
ZJV0TCGH,0,0,,,,Censored No Alarm,0,0,0,0,0,1,0.0022733828518539667,,2018-07-21,,0.089
ZJV0TCGP,0,0,,,,Censored No Alarm,0,0,0,0,0,1,0.002149823820218444,,2018-07-21,,0.089
ZJV0TCHR,0,0,,,,Censored No Alarm,0,0,0,0,0,1,0.010899052955210209,,2018-10-29,,0.089
ZJV0TCJ1,0,0,,,,Censored No Alarm,0,0,0,0,0,1,0.0021678053308278322,,2018-07-21,,0.089
ZJV0TCKF,0,0,,,,Censored No Alarm,0,0,0,0,0,1,0.0021678053308278322,,2018-07-21,,0.089
ZJV0TCKQ,0,0,,,,Censored No Alarm,0,0,0,0,0,1,0.0013487596297636628,,2018-07-28,,0.089
ZJV0TCKY,0,0,,,,Censored No Alarm,0,0,0,0,0,1,0.0013875027652829885,,2018-07-28,,0.089
ZJV0TCLF,0,0,,,,Censored No Alarm,0,0,0,0,0,1,0.00225521600805223,,2018-07-12,,0.089
ZJV0TCLL,0,0,,,,Censored No Alarm,0,0,0,0,0,1,0.0013875027652829885,,2018-07-28,,0.089
ZJV0TCLW,0,0,,,,Censored No Alarm,0,0,0,0,0,1,0.001308355131186545,,2018-07-21,,0.089
ZJV0TCLY,0,0,,,,Censored No Alarm,0,0,0,0,0,1,0.0022733828518539667,,2018-07-21,,0.089
ZJV0TEGP,0,0,,,,Censored No Alarm,0,0,0,0,0,1,0.02228168584406376,,2018-07-21,,0.089
ZJV0TEGT,0,0,,,,Censored No Alarm,0,0,0,0,0,1,0.0017777499742805958,,2018-07-28,,0.089
ZJV0TEH2,0,0,,,,Censored No Alarm,0,0,0,0,0,1,0.0015852345386520028,,2018-07-12,,0.089
ZJV0TEH3,0,0,,,,Censored No Alarm,0,0,0,0,0,1,0.0013875027652829885,,2018-07-28,,0.089
ZJV0TEH6,0,0,,,,Censored No Alarm,0,0,0,0,0,1,0.0013428463134914637,,2018-08-29,,0.089
ZJV0TEHZ,0,0,,,,Censored No Alarm,0,0,0,0,0,1,0.0023191343061625957,,2018-07-12,,0.089
ZJV0TEJ2,0,0,,,,Censored No Alarm,0,0,0,0,0,1,0.0013338234275579453,,2018-10-29,,0.089
ZJV0TEK2,0,0,,,,Censored No Alarm,0,0,0,0,0,1,0.0012978893937543035,,2018-10-29,,0.089
ZJV0TEK7,0,0,,,,Censored No Alarm,0,0,0,0,0,1,0.00225521600805223,,2018-07-12,,0.089
ZJV0TEK9,0,0,,,,Censored No Alarm,0,0,0,0,0,1,0.0022983993403613567,,2018-07-21,,0.089
ZJV0TEKL,0,0,,,,Censored No Alarm,0,0,0,0,0,1,0.0014349533012136817,,2018-10-29,,0.089
ZJV0TELE,0,0,,,,Censored No Alarm,0,0,0,0,0,1,0.00582808256149292,,2018-08-29,,0.089
ZJV0TEM5,0,0,,,,Censored No Alarm,0,0,0,0,0,1,0.0018642499344423413,,2018-07-28,,0.089
ZJV0TEME,0,0,,,,Censored No Alarm,0,0,0,0,0,1,0.0022733828518539667,,2018-07-21,,0.089
ZJV0TEMS,0,0,,,,Censored No Alarm,0,0,0,0,0,1,0.001570464693941176,,2018-10-29,,0.089
ZJV0TEN7,0,0,,,,Censored No Alarm,0,0,0,0,0,1,0.0015576132573187351,,2018-07-28,,0.089
ZJV0TENQ,0,0,,,,Censored No Alarm,0,0,0,0,0,1,0.0022537442855536938,,2018-07-21,,0.089
ZJV0TENW,0,0,,,,Censored No Alarm,0,0,0,0,0,1,0.0017021324019879103,,2018-07-28,,0.089
ZJV0TENY,0,0,,,,Censored No Alarm,0,0,0,0,0,1,0.0022733828518539667,,2018-07-21,,0.089
ZJV0TEP4,0,0,,,,Censored No Alarm,0,0,0,0,0,1,0.0013890701811760664,,2018-10-29,,0.089
ZJV0TEPN,0,0,,,,Censored No Alarm,0,0,0,0,0,1,0.0012971590040251613,,2018-07-21,,0.089
ZJV0TEPR,0,0,,,,Censored No Alarm,0,0,0,0,0,1,0.0013827283401042223,,2018-07-21,,0.089
ZJV0TLGX,0,0,,,,Censored No Alarm,0,0,0,0,0,1,0.0013778284192085266,,2018-08-29,,0.089
ZJV0TLLX,0,0,,,,Censored No Alarm,0,0,0,0,0,1,0.001903704833239317,,2018-07-28,,0.089
ZJV0TQNM,0,0,,,,Censored No Alarm,0,0,0,0,0,1,0.0013667027233168483,,2018-12-05,,0.089
ZJV0TQT1,0,0,,,,Censored No Alarm,0,0,0,0,0,1,0.0012462480226531625,,2018-08-29,,0.089
ZJV0TQTZ,0,0,,,,Censored No Alarm,0,0,0,0,0,1,0.0014376383041962981,,2018-07-12,,0.089
ZJV0TQV4,0,0,,,,Censored No Alarm,0,0,0,0,0,1,0.0013827283401042223,,2018-07-21,,0.089
ZJV0TTF6,0,0,,,,Censored No Alarm,0,0,0,0,0,1,0.0022733828518539667,,2018-07-21,,0.089
ZJV0TTQY,0,0,,,,Censored No Alarm,0,0,0,0,0,1,0.001327775651589036,,2018-07-21,,0.089
ZJV0TY9X,0,0,,,,Censored No Alarm,0,0,0,0,0,1,0.0013445786898955703,,2018-07-28,,0.089
ZJV0V705,0,0,,,,Censored No Alarm,0,0,0,0,0,1,0.0009909793734550476,,2018-08-29,,0.089
ZJV0VAXY,0,0,,,,Censored No Alarm,0,0,0,0,0,1,0.0014575169188901782,,2018-10-29,,0.089
ZJV0VCFD,0,0,,,,Censored No Alarm,0,0,0,0,0,1,0.0017096439842134714,,2018-12-05,,0.089
ZJV0VEVX,0,0,,,,Censored No Alarm,0,0,0,0,0,1,0.003882327349856496,,2019-10-30,,0.089
ZJV0VEX5,0,0,,,,Censored No Alarm,0,0,0,0,0,1,0.0013445786898955703,,2018-07-12,,0.089
ZJV0VF1L,0,0,,,,Censored No Alarm,0,0,0,0,0,1,0.001373501610942185,,2018-12-08,,0.089
ZJV0VS0V,0,0,,,,Censored No Alarm,0,0,0,0,0,1,0.001483334694057703,,2018-12-05,,0.089
ZJV0VWYN,0,0,,,,Censored No Alarm,0,0,0,0,0,1,0.015636617317795753,,2018-07-12,,0.089
ZJV0W1V1,0,0,,,,Censored No Alarm,0,0,0,0,0,1,0.0039653480052948,,2019-10-07,,0.089
ZJV0W4TV,0,0,,,,Censored No Alarm,0,0,0,0,0,1,0.0015094344271346927,,2018-07-28,,0.089
ZJV0W4VX,0,0,,,,Censored No Alarm,0,0,0,0,0,1,0.0013445786898955703,,2018-07-28,,0.089
ZJV0W7R2,1,0,,2020-10-10,,Missed,0,0,0,0,1,0,0.00225521600805223,,2018-07-12,,0.089
ZJV0W883,0,0,,,,Censored No Alarm,0,0,0,0,0,1,0.0014489265158772469,,2018-12-08,,0.089
ZJV0WBKL,0,0,,,,Censored No Alarm,0,0,0,0,0,1,0.0013778284192085266,,2018-08-29,,0.089
ZJV0WBL3,0,0,,,,Censored No Alarm,0,0,0,0,0,1,0.0014257044531404972,,2018-07-12,,0.089
ZJV0WBL6,0,0,,,,Censored No Alarm,0,0,0,0,0,1,0.0018362401751801372,,2018-08-29,,0.089
ZJV0WBLX,0,0,,,,Censored No Alarm,0,0,0,0,0,1,0.001675272244028747,,2018-07-28,,0.089
ZJV0WBMH,0,0,,,,Censored No Alarm,0,0,0,0,0,1,0.0022095816675573587,,2018-12-05,,0.089
ZJV0WBMS,0,0,,,,Censored No Alarm,0,0,0,0,0,1,0.0022733828518539667,,2018-07-21,,0.089
ZJV0WBN6,0,0,,,,Censored No Alarm,0,0,0,0,0,1,0.0013445786898955703,,2018-12-05,,0.089
ZJV0WBN7,0,0,,,,Censored No Alarm,0,0,0,0,0,1,0.0012462480226531625,,2018-08-29,,0.089
ZJV0WBP4,0,0,,,,Censored No Alarm,0,0,0,0,0,1,0.0013124163961037993,,2018-07-21,,0.089
ZJV0WBPV,0,0,,,,Censored No Alarm,0,0,0,0,0,1,0.0013445786898955703,,2018-07-28,,0.089
ZJV0WBPW,0,0,,,,Censored No Alarm,0,0,0,0,0,1,0.0010595087660476565,,2018-08-29,,0.089
ZJV0WBQB,0,0,,,,Censored No Alarm,0,0,0,0,0,1,0.001675272244028747,,2018-07-28,,0.089
ZJV0WBQM,0,0,,,,Censored No Alarm,0,0,0,0,0,1,0.0014406258706003428,,2018-12-05,,0.089
ZJV0WBR4,0,0,,,,Censored No Alarm,0,0,0,0,0,1,0.0022733828518539667,,2018-07-21,,0.089
ZJV0WBRL,0,0,,,,Censored No Alarm,0,0,0,0,0,1,0.002149823820218444,,2018-07-21,,0.089
ZJV0WBRP,0,0,,,,Censored No Alarm,0,0,0,0,0,1,0.0016463262727484107,,2018-07-28,,0.089
ZJV0WBRW,0,0,,,,Censored No Alarm,0,0,0,0,0,1,0.001373501610942185,,2018-07-12,,0.089
ZJV0WBRY,0,0,,,,Censored No Alarm,0,0,0,0,0,1,0.0022733828518539667,,2018-07-21,,0.089
ZJV0WBSC,0,0,,,,Censored No Alarm,0,0,0,0,0,1,0.001483334694057703,,2018-12-05,,0.089
ZJV0WBSR,0,0,,,,Censored No Alarm,0,0,0,0,0,1,0.001256682095117867,,2018-08-29,,0.089
ZJV0WBVT,0,0,,,,Censored No Alarm,0,0,0,0,0,1,0.0013875027652829885,,2018-07-28,,0.089
ZJV0WBW7,0,0,,,,Censored No Alarm,0,0,0,0,0,1,0.011208773590624332,,2018-12-05,,0.089
ZJV0WBW8,0,0,,,,Censored No Alarm,0,0,0,0,0,1,0.0013445786898955703,,2018-07-28,,0.089
ZJV0WBWB,0,0,,,,Censored No Alarm,0,0,0,0,0,1,0.001327775651589036,,2018-07-21,,0.089
ZJV0WBWD,0,0,,,,Censored No Alarm,0,0,0,0,0,1,0.0022733828518539667,,2018-07-21,,0.089
ZJV0WBXV,0,0,,,,Censored No Alarm,0,0,0,0,0,1,0.001486453227698803,,2018-07-12,,0.089
ZJV0WBY0,0,0,,,,Censored No Alarm,0,0,0,0,0,1,0.0015204859664663672,,2018-07-21,,0.089
ZJV0WBYK,0,0,,,,Censored No Alarm,0,0,0,0,0,1,0.0016826324863359332,,2018-07-28,,0.089
ZJV0WC0J,0,0,,,,Censored No Alarm,0,0,0,0,0,1,0.0013384453486651182,,2018-07-21,,0.089
ZJV0WCPM,0,0,,,,Censored No Alarm,0,0,0,0,0,1,0.0022537442855536938,,2018-07-21,,0.089
ZJV0WCQ7,0,0,,,,Censored No Alarm,0,0,0,0,0,1,0.001356128603219986,,2018-07-28,,0.089
ZJV0WCRQ,0,0,,,,Censored No Alarm,0,0,0,0,0,1,0.0018620543414726853,,2018-12-05,,0.089
ZJV0WCS3,0,0,,,,Censored No Alarm,0,0,0,0,0,1,0.007864936254918575,,2018-08-29,,0.089
ZJV0WCS9,0,0,,,,Censored No Alarm,0,0,0,0,0,1,0.005458751227706671,,2018-07-21,,0.089
ZJV0WCSR,0,0,,,,Censored No Alarm,0,0,0,0,0,1,0.001483334694057703,,2018-12-05,,0.089
ZJV0WCT9,0,0,,,,Censored No Alarm,0,0,0,0,0,1,0.0016826324863359332,,2018-07-28,,0.089
ZJV0WCTC,0,0,,,,Censored No Alarm,0,0,0,0,0,1,0.0013875027652829885,,2018-07-28,,0.089
ZJV0WCTE,0,0,,,,Censored No Alarm,0,0,0,0,0,1,0.0014150463975965977,,2018-12-05,,0.089
ZJV0WCTH,0,0,,,,Censored No Alarm,0,0,0,0,0,1,0.002149823820218444,,2018-07-21,,0.089
ZJV0WCV7,0,0,,,,Censored No Alarm,0,0,0,0,0,1,0.0013123281532898545,,2018-07-28,,0.089
ZJV0WCVV,0,0,,,,Censored No Alarm,0,0,0,0,0,1,0.00225521600805223,,2018-07-12,,0.089
ZJV0WCW8,0,0,,,,Censored No Alarm,0,0,0,0,0,1,0.0013445786898955703,,2018-07-28,,0.089
ZJV0WCWB,0,0,,,,Censored No Alarm,0,0,0,0,0,1,0.0016463262727484107,,2018-07-28,,0.089
ZJV0WCWL,0,0,,,,Censored No Alarm,0,0,0,0,0,1,0.0011218799045309424,,2018-08-29,,0.089
ZJV0WCWR,0,0,,,,Censored No Alarm,0,0,0,0,0,1,0.0013445786898955703,,2018-07-12,,0.089
ZJV0WCWX,0,0,,,,Censored No Alarm,0,0,0,0,0,1,0.001334993983618915,,2018-10-29,,0.089
ZJV0WCXG,0,0,,,,Censored No Alarm,0,0,0,0,0,1,0.0022733828518539667,,2018-07-21,,0.089
ZJV0WCYP,0,0,,,,Censored No Alarm,0,0,0,0,0,1,0.0022565049584954977,,2018-12-05,,0.089
ZJV0WCZZ,0,0,,,,Censored No Alarm,0,0,0,0,0,1,0.001312818145379424,,2018-07-12,,0.089
ZJV0WD24,0,0,,,,Censored No Alarm,0,0,0,0,0,1,0.0013445786898955703,,2018-07-28,,0.089
ZJV0WD28,0,0,,,,Censored No Alarm,0,0,0,0,0,1,0.001420925254933536,,2018-07-21,,0.089
ZJV0WEHK,0,0,,,,Censored No Alarm,0,0,0,0,0,1,0.0017096439842134714,,2018-12-05,,0.089
ZJV0WEHT,0,0,,,,Censored No Alarm,0,0,0,0,0,1,0.0013875027652829885,,2018-07-28,,0.089
ZJV0WEJ3,0,0,,,,Censored No Alarm,0,0,0,0,0,1,0.008828675374388695,,2018-08-29,,0.089
ZJV0WEJE,0,0,,,,Censored No Alarm,0,0,0,0,0,1,0.0077070202678442,,2018-07-21,,0.089
ZJV0WEJK,0,0,,,,Censored No Alarm,0,0,0,0,0,1,0.0023164493031799793,,2018-12-05,,0.089
ZJV0WEKC,0,0,,,,Censored No Alarm,0,0,0,0,0,1,0.0013445786898955703,,2018-07-28,,0.089
ZJV0WEKS,1,0,,2019-10-08,,Missed,0,0,0,0,1,0,0.0013123281532898545,,2018-07-28,,0.089
ZJV0WEL4,0,0,,,,Censored No Alarm,0,0,0,0,0,1,0.0013445786898955703,,2018-07-28,,0.089
ZJV0WEMB,0,0,,,,Censored No Alarm,0,0,0,0,0,1,0.0014257044531404972,,2018-07-12,,0.089
ZJV0WEMH,0,0,,,,Censored No Alarm,0,0,0,0,0,1,0.0013904578518122435,,2018-07-21,,0.089
ZJV0WEMR,0,0,,,,Censored No Alarm,0,0,0,0,0,1,0.0014048035955056548,,2018-07-28,,0.089
ZJV0WEN6,0,0,,,,Censored No Alarm,0,0,0,0,0,1,0.0013123281532898545,,2018-07-28,,0.089
ZJV0WEN9,0,0,,,,Censored No Alarm,0,0,0,0,0,1,0.001521602738648653,,2018-07-12,,0.089
ZJV0WEPC,0,0,,,,Censored No Alarm,0,0,0,0,0,1,0.0018620543414726853,,2018-12-05,,0.089
ZJV0WEPJ,0,0,,,,Censored No Alarm,0,0,0,0,0,1,0.0013445786898955703,,2018-07-28,,0.089
ZJV0WER6,0,0,,,,Censored No Alarm,0,0,0,0,0,1,0.001483334694057703,,2018-12-05,,0.089
ZJV0WERA,0,0,,,,Censored No Alarm,0,0,0,0,0,1,0.001422401051968336,,2018-07-28,,0.089
ZJV0WES6,0,0,,,,Censored No Alarm,0,0,0,0,0,1,0.0016826324863359332,,2018-07-28,,0.089
ZJV0WES8,0,1,2020-11-06,,,Censored Early,0,0,1,1,0,0,0.23939692974090576,0.2112206071615219,2018-07-28,832.0,0.089
ZJV0WESH,0,0,,,,Censored No Alarm,0,0,0,0,0,1,0.0013445786898955703,,2018-07-28,,0.089
ZJV0WESQ,0,0,,,,Censored No Alarm,0,0,0,0,0,1,0.001484610722400248,,2018-08-29,,0.089
ZJV0WESS,0,0,,,,Censored No Alarm,0,0,0,0,0,1,0.0017021324019879103,,2018-07-28,,0.089
ZJV0WETS,0,0,,,,Censored No Alarm,0,0,0,0,0,1,0.001373501610942185,,2018-07-12,,0.089
ZJV0WETX,0,0,,,,Censored No Alarm,0,0,0,0,0,1,0.001373501610942185,,2018-07-12,,0.089
ZJV0WEV6,0,0,,,,Censored No Alarm,0,0,0,0,0,1,0.0013445786898955703,,2018-07-28,,0.089
ZJV0WEVH,0,0,,,,Censored No Alarm,0,0,0,0,0,1,0.0013123281532898545,,2018-07-28,,0.089
ZJV0WEW2,0,0,,,,Censored No Alarm,0,0,0,0,0,1,0.001256682095117867,,2018-08-29,,0.089
ZJV0WEWF,0,0,,,,Censored No Alarm,0,0,0,0,0,1,0.0016826324863359332,,2018-07-28,,0.089
ZJV0WEXV,0,0,,,,Censored No Alarm,0,0,0,0,0,1,0.002565347356721759,,2018-12-05,,0.089
ZJV0WEXW,0,0,,,,Censored No Alarm,0,0,0,0,0,1,0.0022402177564799786,,2018-12-05,,0.089
ZJV0WEYF,0,0,,,,Censored No Alarm,0,0,0,0,0,1,0.0013445786898955703,,2018-07-28,,0.089
ZJV0WEYM,0,0,,,,Censored No Alarm,0,0,0,0,0,1,0.0017991678323596716,,2018-07-12,,0.089
ZJV0WEYV,1,1,2019-10-28,2019-10-28,0.0,On time,1,0,0,0,0,0,0.09864141792058945,0.09864141792058945,2018-12-05,327.0,0.089
ZJV0WEZ4,0,1,2019-08-19,,,Censored Early,0,0,1,1,0,0,0.17707467079162598,0.12340038269758224,2018-12-05,257.0,0.089
ZJV0WF0T,0,0,,,,Censored No Alarm,0,0,0,0,0,1,0.002299899933859706,,2018-07-12,,0.089
ZJV0WF1N,0,0,,,,Censored No Alarm,0,0,0,0,0,1,0.0013445786898955703,,2018-12-05,,0.089
ZJV0WF2C,0,0,,,,Censored No Alarm,0,0,0,0,0,1,0.007620918098837137,,2018-12-05,,0.089
ZJV0WF2D,0,0,,,,Censored No Alarm,0,0,0,0,0,1,0.0014575592940673232,,2018-12-05,,0.089
ZJV0WF3B,0,0,,,,Censored No Alarm,0,0,0,0,0,1,0.001545661361888051,,2018-07-28,,0.089
ZJV0WF3Z,0,0,,,,Censored No Alarm,0,0,0,0,0,1,0.03971186652779579,,2018-08-29,,0.089
ZJV0WF5E,0,0,,,,Censored No Alarm,0,0,0,0,0,1,0.0014139498816803098,,2018-12-05,,0.089
ZJV0WF5V,0,0,,,,Censored No Alarm,0,0,0,0,0,1,0.001446964917704463,,2018-10-29,,0.089
ZJV0WF65,0,0,,,,Censored No Alarm,0,0,0,0,0,1,0.0013609507586807013,,2018-12-05,,0.089
ZJV0WF86,0,0,,,,Censored No Alarm,0,0,0,0,0,1,0.001373501610942185,,2018-07-12,,0.089
ZJV0WF8R,0,0,,,,Censored No Alarm,0,0,0,0,0,1,0.0016254769871011376,,2018-12-05,,0.089
ZJV0WFBE,0,0,,,,Censored No Alarm,0,0,0,0,0,1,0.001545661361888051,,2018-07-28,,0.089
ZJV0WFBQ,0,0,,,,Censored No Alarm,0,0,0,0,0,1,0.0013196070212870836,,2018-07-28,,0.089
ZJV0WFC9,0,0,,,,Censored No Alarm,0,0,0,0,0,1,0.0021015561651438475,,2018-12-05,,0.089
ZJV0WFCA,0,0,,,,Censored No Alarm,0,0,0,0,0,1,0.0013445786898955703,,2018-07-28,,0.089
ZJV0WFD0,0,0,,,,Censored No Alarm,0,0,0,0,0,1,0.0013123281532898545,,2018-07-28,,0.089
ZJV0WFD1,0,0,,,,Censored No Alarm,0,0,0,0,0,1,0.00108547683339566,,2018-08-29,,0.089
ZJV0WFD3,0,0,,,,Censored No Alarm,0,0,0,0,0,1,0.010399879887700081,,2018-08-29,,0.089
ZJV0WFDP,0,1,2019-12-29,,,Censored Early,0,0,1,1,0,0,0.16746170818805695,0.11892034858465195,2018-12-05,389.0,0.089
ZJV0WFFV,0,0,,,,Censored No Alarm,0,0,0,0,0,1,0.0013445786898955703,,2018-07-12,,0.089
ZJV0WFGD,0,0,,,,Censored No Alarm,0,0,0,0,0,1,0.00142710714135319,,2018-12-05,,0.089
ZJV0WFGQ,0,0,,,,Censored No Alarm,0,0,0,0,0,1,0.0013875027652829885,,2018-07-28,,0.089
ZJV0WFH0,0,0,,,,Censored No Alarm,0,0,0,0,0,1,0.0013196070212870836,,2018-07-28,,0.089
ZJV0WFHN,0,0,,,,Censored No Alarm,0,0,0,0,0,1,0.001031755586154759,,2018-08-29,,0.089
ZJV0WFJF,0,1,2019-10-12,,,Censored Early,0,0,1,1,0,0,0.10638254135847092,0.10638254135847092,2018-07-28,441.0,0.089
ZJV0WFJR,0,0,,,,Censored No Alarm,0,0,0,0,0,1,0.005745311267673969,,2018-07-12,,0.089
ZJV0WFKL,0,0,,,,Censored No Alarm,0,0,0,0,0,1,0.001559227705001831,,2018-12-05,,0.089
ZJV0WFKN,0,0,,,,Censored No Alarm,0,0,0,0,0,1,0.0013445786898955703,,2018-07-12,,0.089
ZJV0WFKT,0,0,,,,Censored No Alarm,0,0,0,0,0,1,0.0017096439842134714,,2018-12-05,,0.089
ZJV0WFM9,0,0,,,,Censored No Alarm,0,0,0,0,0,1,0.002235734136775136,,2018-07-12,,0.089
ZJV0WFMB,0,0,,,,Censored No Alarm,0,0,0,0,0,1,0.0013445786898955703,,2018-12-05,,0.089
ZJV0WFN2,0,0,,,,Censored No Alarm,0,0,0,0,0,1,0.0015635302988812327,,2018-08-29,,0.089
ZJV0WFN5,0,0,,,,Censored No Alarm,0,0,0,0,0,1,0.0022733828518539667,,2018-07-21,,0.089
ZJV0WFNZ,0,0,,,,Censored No Alarm,0,0,0,0,0,1,0.001373501610942185,,2018-07-12,,0.089
ZJV0WFQ0,0,0,,,,Censored No Alarm,0,0,0,0,0,1,0.001545661361888051,,2018-07-28,,0.089
ZJV0WFQ7,0,0,,,,Censored No Alarm,0,0,0,0,0,1,0.0015094344271346927,,2018-07-28,,0.089
ZJV0WFQG,0,0,,,,Censored No Alarm,0,0,0,0,0,1,0.0013445786898955703,,2018-07-28,,0.089
ZJV0WFQW,0,0,,,,Censored No Alarm,0,0,0,0,0,1,0.0017096439842134714,,2018-12-05,,0.089
ZJV0WFRE,0,0,,,,Censored No Alarm,0,0,0,0,0,1,0.001422995119355619,,2018-12-05,,0.089
ZJV0WFRQ,1,0,,2019-07-14,,Missed,0,0,0,0,1,0,0.0013428463134914637,,2018-08-29,,0.089
ZJV0WFRR,0,0,,,,Censored No Alarm,0,0,0,0,0,1,0.001751417526975274,,2018-12-05,,0.089
ZJV0WFS3,0,0,,,,Censored No Alarm,0,0,0,0,0,1,0.0015094344271346927,,2018-07-28,,0.089
ZJV0WFSF,0,0,,,,Censored No Alarm,0,0,0,0,0,1,0.001342400792054832,,2018-07-21,,0.089
ZJV0WFST,1,0,,2019-09-17,,Missed,0,0,0,0,1,0,0.07194127887487411,,2018-12-05,,0.089
ZJV0WFVP,0,0,,,,Censored No Alarm,0,0,0,0,0,1,0.0014349533012136817,,2018-10-29,,0.089
ZJV0WFWW,0,0,,,,Censored No Alarm,0,0,0,0,0,1,0.0013445786898955703,,2018-12-05,,0.089
ZJV0WFXE,0,0,,,,Censored No Alarm,0,0,0,0,0,1,0.0015094344271346927,,2018-07-28,,0.089
ZJV0WFY6,0,0,,,,Censored No Alarm,0,0,0,0,0,1,0.0018233194714412093,,2018-12-05,,0.089
ZJV0WFYX,0,0,,,,Censored No Alarm,0,0,0,0,0,1,0.001873816130682826,,2018-12-05,,0.089
ZJV0WFZ0,0,0,,,,Censored No Alarm,0,0,0,0,0,1,0.001327775651589036,,2018-07-21,,0.089
ZJV0WFZ7,0,0,,,,Censored No Alarm,0,0,0,0,0,1,0.002149823820218444,,2018-07-21,,0.089
ZJV0WFZF,0,0,,,,Censored No Alarm,0,0,0,0,0,1,0.0013875027652829885,,2018-12-05,,0.089
ZJV0WFZP,0,0,,,,Censored No Alarm,0,0,0,0,0,1,0.0020987640600651503,,2018-08-29,,0.089
ZJV0WFZW,0,0,,,,Censored No Alarm,0,0,0,0,0,1,0.0013445786898955703,,2018-07-12,,0.089
ZJV0WG0P,0,0,,,,Censored No Alarm,0,0,0,0,0,1,0.002132641151547432,,2018-07-12,,0.089
ZJV0WG12,0,0,,,,Censored No Alarm,0,0,0,0,0,1,0.0013875027652829885,,2018-07-28,,0.089
ZJV0WG13,0,0,,,,Censored No Alarm,0,0,0,0,0,1,0.0011702714255079627,,2018-08-29,,0.089
ZJV0WG1P,0,0,,,,Censored No Alarm,0,0,0,0,0,1,0.0013540881918743253,,2018-08-29,,0.089
ZJV0WG2E,0,0,,,,Censored No Alarm,0,0,0,0,0,1,0.001483334694057703,,2018-12-05,,0.089
ZJV0WG2S,0,0,,,,Censored No Alarm,0,0,0,0,0,1,0.023275794461369514,,2018-10-29,,0.089
ZJV0WG2X,0,0,,,,Censored No Alarm,0,0,0,0,0,1,0.0014947369927540421,,2018-12-05,,0.089
ZJV0WG41,0,0,,,,Censored No Alarm,0,0,0,0,0,1,0.0016254769871011376,,2018-12-05,,0.089
ZJV0WG5V,0,0,,,,Censored No Alarm,0,0,0,0,0,1,0.001260260003618896,,2018-07-12,,0.089
ZJV0WG75,0,0,,,,Censored No Alarm,0,0,0,0,0,1,0.00225521600805223,,2018-07-12,,0.089
ZJV0WG7V,0,0,,,,Censored No Alarm,0,0,0,0,0,1,0.008062955923378468,,2018-07-12,,0.089
ZJV0WG88,0,0,,,,Censored No Alarm,0,0,0,0,0,1,0.0016543942037969828,,2018-07-12,,0.089
ZJV0WG8D,0,0,,,,Censored No Alarm,0,0,0,0,0,1,0.0013445786898955703,,2018-12-05,,0.089
ZJV0WG8H,0,0,,,,Censored No Alarm,0,0,0,0,0,1,0.001975317019969225,,2018-08-29,,0.089
ZJV0WG8K,0,0,,,,Censored No Alarm,0,0,0,0,0,1,0.001538541866466403,,2018-12-05,,0.089
ZJV0WGA9,0,0,,,,Censored No Alarm,0,0,0,0,0,1,0.0013445786898955703,,2018-07-12,,0.089
ZJV0WGBS,0,0,,,,Censored No Alarm,0,0,0,0,0,1,0.00215856172144413,,2018-07-28,,0.089
ZJV0WGC0,0,0,,,,Censored No Alarm,0,0,0,0,0,1,0.0013604614650830626,,2018-07-28,,0.089
ZJV0WGD0,0,0,,,,Censored No Alarm,0,0,0,0,0,1,0.0038857278414070606,,2018-08-29,,0.089
ZJV0WGF2,0,0,,,,Censored No Alarm,0,0,0,0,0,1,0.008338931947946548,,2018-08-29,,0.089
ZJV0WGFW,0,0,,,,Censored No Alarm,0,0,0,0,0,1,0.0013384453486651182,,2018-07-21,,0.089
ZJV0WGG4,0,0,,,,Censored No Alarm,0,0,0,0,0,1,0.0030915404204279184,,2018-07-21,,0.089
ZJV0WGGF,0,0,,,,Censored No Alarm,0,0,0,0,0,1,0.0015094344271346927,,2018-07-28,,0.089
ZJV0WGH7,0,0,,,,Censored No Alarm,0,0,0,0,0,1,0.0013445786898955703,,2018-07-28,,0.089
ZJV0WGHV,0,0,,,,Censored No Alarm,0,0,0,0,0,1,0.0014467672444880009,,2018-12-05,,0.089
ZJV0WGHZ,0,0,,,,Censored No Alarm,0,0,0,0,0,1,0.0015094344271346927,,2018-07-28,,0.089
ZJV0WGJT,0,0,,,,Censored No Alarm,0,0,0,0,0,1,0.0013445786898955703,,2018-12-05,,0.089
ZJV0WGK4,0,0,,,,Censored No Alarm,0,0,0,0,0,1,0.001545661361888051,,2018-07-28,,0.089
ZJV0WGKS,0,0,,,,Censored No Alarm,0,0,0,0,0,1,0.03635942563414574,,2018-12-05,,0.089
ZJV0WGLM,0,0,,,,Censored No Alarm,0,0,0,0,0,1,0.0020987640600651503,,2018-08-29,,0.089
ZJV0WGM4,0,0,,,,Censored No Alarm,0,0,0,0,0,1,0.0013268578331917524,,2018-07-28,,0.089
ZJV0WGM5,0,0,,,,Censored No Alarm,0,0,0,0,0,1,0.0015551545657217503,,2018-12-05,,0.089
ZJV0WGMJ,0,0,,,,Censored No Alarm,0,0,0,0,0,1,0.0022733828518539667,,2018-07-21,,0.089
ZJV0WGN6,0,0,,,,Censored No Alarm,0,0,0,0,0,1,0.001556576113216579,,2018-07-12,,0.089
ZJV0WGNQ,0,0,,,,Censored No Alarm,0,0,0,0,0,1,0.001420925254933536,,2018-07-21,,0.089
ZJV0WGNX,0,0,,,,Censored No Alarm,0,0,0,0,0,1,0.002149823820218444,,2018-07-21,,0.089
ZJV0WGPB,0,0,,,,Censored No Alarm,0,0,0,0,0,1,0.001703876187093556,,2018-07-12,,0.089
ZJV0WGPD,0,0,,,,Censored No Alarm,0,0,0,0,0,1,0.00225521600805223,,2018-07-12,,0.089
ZJV0WGQ9,0,0,,,,Censored No Alarm,0,0,0,0,0,1,0.0018448408227413893,,2018-07-28,,0.089
ZJV0WGQA,0,0,,,,Censored No Alarm,0,0,0,0,0,1,0.0013445786898955703,,2018-07-12,,0.089
ZJV0WGR5,0,0,,,,Censored No Alarm,0,0,0,0,0,1,0.0013559452490881085,,2018-07-21,,0.089
ZJV0WGR7,0,0,,,,Censored No Alarm,0,0,0,0,0,1,0.0013875027652829885,,2018-07-28,,0.089
ZJV0WGSJ,0,0,,,,Censored No Alarm,0,0,0,0,0,1,0.001373501610942185,,2018-07-12,,0.089
ZJV0WGTF,0,0,,,,Censored No Alarm,0,0,0,0,0,1,0.001491628005169332,,2018-12-05,,0.089
ZJV0WGV1,0,0,,,,Censored No Alarm,0,0,0,0,0,1,0.0038405037485063076,,2018-08-29,,0.089
ZJV0WGVC,0,0,,,,Censored No Alarm,0,0,0,0,0,1,0.00225521600805223,,2018-07-12,,0.089
ZJV0WGVT,0,0,,,,Censored No Alarm,0,0,0,0,0,1,0.0013338234275579453,,2018-10-29,,0.089
ZJV0WGW1,0,0,,,,Censored No Alarm,0,0,0,0,0,1,0.0022702179849147797,,2018-07-21,,0.089
ZJV0WGWB,0,0,,,,Censored No Alarm,0,0,0,0,0,1,0.001745968940667808,,2018-12-05,,0.089
ZJV0WGWF,0,0,,,,Censored No Alarm,0,0,0,0,0,1,0.0018348325975239277,,2018-07-12,,0.089
ZJV0WH1F,0,0,,,,Censored No Alarm,0,0,0,0,0,1,0.0021504806354641914,,2018-07-12,,0.089
ZJV0WH4B,0,0,,,,Censored No Alarm,0,0,0,0,0,1,0.0013338234275579453,,2018-10-29,,0.089
ZJV0WH76,0,0,,,,Censored No Alarm,0,0,0,0,0,1,0.0013124163961037993,,2018-07-21,,0.089
ZJV0WMAT,0,0,,,,Censored No Alarm,0,0,0,0,0,1,0.001703876187093556,,2018-07-12,,0.089
ZJV0WVT7,1,1,2019-11-13,2020-09-09,301.0,Early,0,1,0,1,0,0,0.18350757658481598,0.14572525024414062,2018-12-05,343.0,0.089
ZJV0WXMQ,0,0,,,,Censored No Alarm,0,0,0,0,0,1,0.0018620543414726853,,2018-12-05,,0.089
ZJV0XE36,0,0,,,,Censored No Alarm,0,0,0,0,0,1,0.0014070502948015928,,2018-07-12,,0.089
ZJV0XE4K,0,0,,,,Censored No Alarm,0,0,0,0,0,1,0.0014760744525119662,,2018-08-29,,0.089
ZJV0XE4W,0,0,,,,Censored No Alarm,0,0,0,0,0,1,0.0013445786898955703,,2018-07-12,,0.089
ZJV0XE53,0,0,,,,Censored No Alarm,0,0,0,0,0,1,0.0014947369927540421,,2018-12-05,,0.089
ZJV0XE62,0,0,,,,Censored No Alarm,0,0,0,0,0,1,0.0013778284192085266,,2018-08-29,,0.089
ZJV0XE6P,0,0,,,,Censored No Alarm,0,0,0,0,0,1,0.0015065257903188467,,2018-12-05,,0.089
ZJV0XE75,0,0,,,,Censored No Alarm,0,0,0,0,0,1,0.0013699437258765101,,2018-07-21,,0.089
ZJV0XE9H,0,0,,,,Censored No Alarm,0,0,0,0,0,1,0.03046017326414585,,2018-12-05,,0.089
ZJV0XE9J,0,0,,,,Censored No Alarm,0,0,0,0,0,1,0.0013014334253966808,,2018-07-28,,0.089
ZJV0XE9R,0,0,,,,Censored No Alarm,0,0,0,0,0,1,0.001373501610942185,,2018-07-12,,0.089
ZJV0XJMW,0,0,,,,Censored No Alarm,0,0,0,0,0,1,0.002132641151547432,,2018-07-12,,0.089
ZJV0XJNF,0,0,,,,Censored No Alarm,0,0,0,0,0,1,0.0022733828518539667,,2018-07-21,,0.089
ZJV0XJPH,0,0,,,,Censored No Alarm,0,0,0,0,0,1,0.0024035947863012552,,2018-07-28,,0.089
ZJV0XJPY,0,0,,,,Censored No Alarm,0,0,0,0,0,1,0.00225521600805223,,2018-07-12,,0.089
ZJV0XJQJ,0,0,,,,Censored No Alarm,0,0,0,0,0,1,0.0013123281532898545,,2018-07-28,,0.089
ZJV0XJRF,0,0,,,,Censored No Alarm,0,0,0,0,0,1,0.0013778284192085266,,2018-08-29,,0.089
ZJV0XJSA,0,0,,,,Censored No Alarm,0,0,0,0,0,1,0.0010902445064857602,,2018-08-29,,0.089
ZJV0XJSB,0,0,,,,Censored No Alarm,0,0,0,0,0,1,0.0022740771528333426,,2018-07-12,,0.089
ZJV0XJSQ,0,0,,,,Censored No Alarm,0,0,0,0,0,1,0.001373501610942185,,2018-07-12,,0.089
ZJV0XJSS,0,0,,,,Censored No Alarm,0,0,0,0,0,1,0.0026038428768515587,,2018-07-21,,0.089
ZJV0XJT9,0,0,,,,Censored No Alarm,0,0,0,0,0,1,0.0019387538777664304,,2018-12-05,,0.089
ZJV0XJTH,0,0,,,,Censored No Alarm,0,0,0,0,0,1,0.0017096439842134714,,2018-12-05,,0.089
ZJV0XJTK,0,0,,,,Censored No Alarm,0,0,0,0,0,1,0.0021919223945587873,,2018-12-05,,0.089
ZJV0XJTQ,0,0,,,,Censored No Alarm,0,0,0,0,0,1,0.0013445786898955703,,2018-07-12,,0.089
ZJV0XJWJ,0,0,,,,Censored No Alarm,0,0,0,0,0,1,0.0014575592940673232,,2019-01-23,,0.089
ZJV0XJWL,0,0,,,,Censored No Alarm,0,0,0,0,0,1,0.0015007763868197799,,2018-08-29,,0.089
ZJV0XJWP,0,0,,,,Censored No Alarm,0,0,0,0,0,1,0.07292025536298752,,2018-07-28,,0.089
ZJV0XJWT,0,0,,,,Censored No Alarm,0,0,0,0,0,1,0.00225521600805223,,2018-07-12,,0.089
ZJV0XJYJ,0,0,,,,Censored No Alarm,0,0,0,0,0,1,0.0010595087660476565,,2018-08-29,,0.089
ZJV0XLFT,0,0,,,,Censored No Alarm,0,0,0,0,0,1,0.0014714718563482165,,2018-12-08,,0.089
ZJV0XVDR,0,0,,,,Censored No Alarm,0,0,0,0,0,1,0.0014692273689433932,,2018-10-29,,0.089
ZJV0XZ2Y,0,0,,,,Censored No Alarm,0,0,0,0,0,1,0.0015040847938507795,,2018-12-05,,0.089
ZJV0XZ39,0,0,,,,Censored No Alarm,0,0,0,0,0,1,0.0015094344271346927,,2018-07-28,,0.089
ZJV0XZ3V,0,0,,,,Censored No Alarm,0,0,0,0,0,1,0.0022715360391885042,,2018-12-05,,0.089
ZJV0XZ4X,0,0,,,,Censored No Alarm,0,0,0,0,0,1,0.009753750637173653,,2018-10-29,,0.089
ZJV0XZ4Y,0,0,,,,Censored No Alarm,0,0,0,0,0,1,0.0013445786898955703,,2018-07-28,,0.089
ZJV0XZ6Z,0,0,,,,Censored No Alarm,0,0,0,0,0,1,0.0013447527308017015,,2018-07-28,,0.089
ZJV0XZ7C,0,0,,,,Censored No Alarm,0,0,0,0,0,1,0.016204847022891045,,2018-12-05,,0.089
ZJV0XZ7L,0,0,,,,Censored No Alarm,0,0,0,0,0,1,0.0015094344271346927,,2018-07-28,,0.089
ZJV0XZ98,0,0,,,,Censored No Alarm,0,0,0,0,0,1,0.002149823820218444,,2018-07-21,,0.089
ZJV0XZ9Q,0,0,,,,Censored No Alarm,0,0,0,0,0,1,0.0022537442855536938,,2018-07-21,,0.089
ZJV0XZA3,0,0,,,,Censored No Alarm,0,0,0,0,0,1,0.0012137554585933685,,2018-08-29,,0.089
ZJV0XZAM,0,0,,,,Censored No Alarm,0,0,0,0,0,1,0.0015094344271346927,,2018-07-28,,0.089
ZJV0XZB3,0,0,,,,Censored No Alarm,0,0,0,0,0,1,0.0020349419210106134,,2018-12-05,,0.089
ZJV0XZB7,0,0,,,,Censored No Alarm,0,0,0,0,0,1,0.0013699437258765101,,2018-07-21,,0.089
ZJV0Y315,0,0,,,,Censored No Alarm,0,0,0,0,0,1,0.0013338234275579453,,2018-12-08,,0.089
ZJV0Y5AK,0,0,,,,Censored No Alarm,0,0,0,0,0,1,0.0012462480226531625,,2018-08-29,,0.089
ZJV0Y5NQ,0,0,,,,Censored No Alarm,0,0,0,0,0,1,0.0012332515325397253,,2018-08-29,,0.089
ZJV0Y5P6,0,0,,,,Censored No Alarm,0,0,0,0,0,1,0.0021079948637634516,,2018-12-05,,0.089
ZJV0Y5PN,0,0,,,,Censored No Alarm,0,0,0,0,0,1,0.0023184262681752443,,2018-07-21,,0.089
ZJV0Y5PR,1,1,2019-08-01,2020-11-20,477.0,Early,0,1,0,1,0,0,0.2035202533006668,0.09320645779371262,2018-12-05,239.0,0.089
ZJV0Y5PS,0,0,,,,Censored No Alarm,0,0,0,0,0,1,0.0017096439842134714,,2018-12-05,,0.089
ZJV0Y5Q4,0,0,,,,Censored No Alarm,0,0,0,0,0,1,0.004646388813853264,,2018-12-05,,0.089
ZJV0Y5R4,0,0,,,,Censored No Alarm,0,0,0,0,0,1,0.0016408587107434869,,2018-12-05,,0.089
ZJV0Y5RG,0,0,,,,Censored No Alarm,0,0,0,0,0,1,0.00153742590919137,,2018-12-05,,0.089
ZJV0Y5RL,0,0,,,,Censored No Alarm,0,0,0,0,0,1,0.0019708157051354647,,2018-12-05,,0.089
ZJV0Y5RP,0,0,,,,Censored No Alarm,0,0,0,0,0,1,0.0024870196357369423,,2018-12-05,,0.089
ZJV0Y5SG,0,0,,,,Censored No Alarm,0,0,0,0,0,1,0.002198207890614867,,2018-08-29,,0.089
ZJV0Y5Z0,0,0,,,,Censored No Alarm,0,0,0,0,0,1,0.002147528575733304,,2018-12-05,,0.089
ZJV0Y5Z9,0,0,,,,Censored No Alarm,0,0,0,0,0,1,0.0019387538777664304,,2018-12-05,,0.089
ZJV0Z3H0,1,0,,2019-06-07,,Missed,0,0,0,0,1,0,0.00947436224669218,,2018-07-12,,0.089
ZJV0Z5Z4,0,0,,,,Censored No Alarm,0,0,0,0,0,1,0.0013668602332472801,,2018-10-29,,0.089
ZJV0Z73A,0,0,,,,Censored No Alarm,0,0,0,0,0,1,0.0013445786898955703,,2018-12-05,,0.089
ZJV0ZL08,0,0,,,,Censored No Alarm,0,0,0,0,0,1,0.0013778284192085266,,2018-08-29,,0.089
ZJV0ZMM2,0,0,,,,Censored No Alarm,0,0,0,0,0,1,0.0018348325975239277,,2018-07-12,,0.089
ZJV0ZNQ4,0,0,,,,Censored No Alarm,0,0,0,0,0,1,0.001641077222302556,,2018-07-21,,0.089
ZJV0ZXGM,1,0,,2019-09-03,,Missed,0,0,0,0,1,0,0.07259364426136017,,2018-07-12,,0.089
ZJV10985,0,0,,,,Censored No Alarm,0,0,0,0,0,1,0.0013875027652829885,,2018-12-05,,0.089
ZJV109C9,0,0,,,,Censored No Alarm,0,0,0,0,0,1,0.0013545227702707052,,2018-07-12,,0.089
ZJV10G6Z,0,0,,,,Censored No Alarm,0,0,0,0,0,1,0.00225521600805223,,2018-07-12,,0.089
ZJV10HYY,0,0,,,,Censored No Alarm,0,0,0,0,0,1,0.0023191343061625957,,2018-07-12,,0.089
ZJV10J1H,0,0,,,,Censored No Alarm,0,0,0,0,0,1,0.001486453227698803,,2018-07-12,,0.089
ZJV10J2R,0,0,,,,Censored No Alarm,0,0,0,0,0,1,0.002299899933859706,,2018-07-12,,0.089
ZJV10J36,0,0,,,,Censored No Alarm,0,0,0,0,0,1,0.0012660573702305555,,2018-07-21,,0.089
ZJV10J40,0,0,,,,Censored No Alarm,0,0,0,0,0,1,0.00108547683339566,,2018-08-29,,0.089
ZJV10J50,0,0,,,,Censored No Alarm,0,0,0,0,0,1,0.0013428463134914637,,2018-08-29,,0.089
ZJV10J55,0,0,,,,Censored No Alarm,0,0,0,0,0,1,0.0013843172928318381,,2018-07-21,,0.089
ZJV10J5L,0,0,,,,Censored No Alarm,0,0,0,0,0,1,0.0022740771528333426,,2018-07-12,,0.089
ZJV10J65,1,0,,2019-11-04,,Missed,0,0,0,0,1,0,0.001342400792054832,,2018-07-21,,0.089
ZJV10J7G,0,0,,,,Censored No Alarm,0,0,0,0,0,1,0.0014605680480599403,,2018-10-29,,0.089
ZJV10J7N,0,0,,,,Censored No Alarm,0,0,0,0,0,1,0.0016636240761727095,,2018-07-21,,0.089
ZJV10J8F,0,0,,,,Censored No Alarm,0,0,0,0,0,1,0.00225521600805223,,2018-07-12,,0.089
ZJV10J8P,0,0,,,,Censored No Alarm,0,0,0,0,0,1,0.002114216098561883,,2018-07-12,,0.089
ZJV10J98,0,0,,,,Censored No Alarm,0,0,0,0,0,1,0.0013445786898955703,,2018-07-12,,0.089
ZJV10J9C,0,0,,,,Censored No Alarm,0,0,0,0,0,1,0.001376405474729836,,2018-10-29,,0.089
ZJV10J9V,0,0,,,,Censored No Alarm,0,0,0,0,0,1,0.0013428463134914637,,2018-08-29,,0.089
ZJV10JA1,0,0,,,,Censored No Alarm,0,0,0,0,0,1,0.0013445786898955703,,2018-07-12,,0.089
ZJV10JAV,0,0,,,,Censored No Alarm,0,0,0,0,0,1,0.00225521600805223,,2018-07-12,,0.089
ZJV10JB6,0,0,,,,Censored No Alarm,0,0,0,0,0,1,0.0014198248973116279,,2018-07-21,,0.089
ZJV10JBN,0,0,,,,Censored No Alarm,0,0,0,0,0,1,0.0013428463134914637,,2018-08-29,,0.089
ZJV10JCD,0,0,,,,Censored No Alarm,0,0,0,0,0,1,0.0021801216062158346,,2018-07-12,,0.089
ZJV10JCX,0,0,,,,Censored No Alarm,0,0,0,0,0,1,0.001373501610942185,,2018-07-12,,0.089
ZJV10K0X,0,0,,,,Censored No Alarm,0,0,0,0,0,1,0.0015631141141057014,,2018-10-29,,0.089
ZJV10R8N,0,0,,,,Censored No Alarm,0,0,0,0,0,1,0.0022740771528333426,,2018-07-12,,0.089
ZJV10SQP,0,0,,,,Censored No Alarm,0,0,0,0,0,1,0.0013445786898955703,,2018-07-12,,0.089
ZJV10VVR,0,0,,,,Censored No Alarm,0,0,0,0,0,1,0.0021079948637634516,,2018-12-05,,0.089
ZJV10VVV,0,0,,,,Censored No Alarm,0,0,0,0,0,1,0.0014198248973116279,,2018-07-21,,0.089
ZJV10VVW,0,0,,,,Censored No Alarm,0,0,0,0,0,1,0.0014338692417368293,,2018-07-12,,0.089
ZJV10VX5,0,0,,,,Censored No Alarm,0,0,0,0,0,1,0.0012019880814477801,,2018-08-29,,0.089
ZJV10VYE,0,0,,,,Censored No Alarm,0,0,0,0,0,1,0.0012660573702305555,,2018-07-21,,0.089
ZJV110J2,0,0,,,,Censored No Alarm,0,0,0,0,0,1,0.007051120512187481,,2019-06-01,,0.089
ZJV113PX,0,0,,,,Censored No Alarm,0,0,0,0,0,1,0.0013445786898955703,,2018-07-12,,0.089
ZJV114GD,0,0,,,,Censored No Alarm,0,0,0,0,0,1,0.001692692399956286,,2018-12-05,,0.089
ZJV114SK,0,0,,,,Censored No Alarm,0,0,0,0,0,1,0.0022740771528333426,,2018-07-12,,0.089
ZJV1152K,0,0,,,,Censored No Alarm,0,0,0,0,0,1,0.0011000235099345446,,2018-07-12,,0.089
ZJV117ZK,1,0,,2019-08-11,,Missed,0,0,0,0,1,0,0.002617669990286231,,2019-05-27,,0.089
ZJV11A9W,0,0,,,,Censored No Alarm,0,0,0,0,0,1,0.0015551545657217503,,2018-12-05,,0.089
ZJV11GL2,0,0,,,,Censored No Alarm,0,0,0,0,0,1,0.0013338234275579453,,2018-10-29,,0.089
ZJV11GZ3,0,0,,,,Censored No Alarm,0,0,0,0,0,1,0.0013338234275579453,,2018-10-29,,0.089
ZJV11HCC,0,0,,,,Censored No Alarm,0,0,0,0,0,1,0.0022733828518539667,,2018-07-21,,0.089
ZJV11HCK,0,0,,,,Censored No Alarm,0,0,0,0,0,1,0.00225521600805223,,2018-07-12,,0.089
ZJV11HDC,0,0,,,,Censored No Alarm,0,0,0,0,0,1,0.00225521600805223,,2018-07-12,,0.089
ZJV11LJH,0,0,,,,Censored No Alarm,0,0,0,0,0,1,0.0039653480052948,,2019-11-23,,0.089
ZJV121FP,0,0,,,,Censored No Alarm,0,0,0,0,0,1,0.0022740771528333426,,2018-07-12,,0.089
ZJV121LQ,0,0,,,,Censored No Alarm,0,0,0,0,0,1,0.001745968940667808,,2018-12-05,,0.089
ZJV121M7,0,0,,,,Censored No Alarm,0,0,0,0,0,1,0.00225521600805223,,2018-07-12,,0.089
ZJV121ML,0,0,,,,Censored No Alarm,0,0,0,0,0,1,0.001260260003618896,,2018-07-12,,0.089
ZJV121MY,0,0,,,,Censored No Alarm,0,0,0,0,0,1,0.0022740771528333426,,2018-07-12,,0.089
ZJV121N3,0,0,,,,Censored No Alarm,0,0,0,0,0,1,0.00225521600805223,,2018-07-12,,0.089
ZJV121Q0,0,0,,,,Censored No Alarm,0,0,0,0,0,1,0.00225521600805223,,2018-07-12,,0.089
ZJV121Q5,0,0,,,,Censored No Alarm,0,0,0,0,0,1,0.00225521600805223,,2018-07-12,,0.089
ZJV121QK,0,0,,,,Censored No Alarm,0,0,0,0,0,1,0.0022733828518539667,,2018-07-21,,0.089
ZJV121QN,1,0,,2021-02-15,,Missed,0,0,0,0,1,0,0.0013445786898955703,,2018-07-12,,0.089
ZJV121R1,0,0,,,,Censored No Alarm,0,0,0,0,0,1,0.00225521600805223,,2018-07-12,,0.089
ZJV121S8,0,0,,,,Censored No Alarm,0,0,0,0,0,1,0.0013445786898955703,,2018-07-12,,0.089
ZJV121S9,0,0,,,,Censored No Alarm,0,0,0,0,0,1,0.0013599523808807135,,2018-07-21,,0.089
ZJV121SB,0,0,,,,Censored No Alarm,0,0,0,0,0,1,0.001486453227698803,,2018-07-12,,0.089
ZJV121SK,0,0,,,,Censored No Alarm,0,0,0,0,0,1,0.002132641151547432,,2018-07-12,,0.089
ZJV121SQ,0,0,,,,Censored No Alarm,0,0,0,0,0,1,0.002194814383983612,,2018-07-21,,0.089
ZJV121SX,0,0,,,,Censored No Alarm,0,0,0,0,0,1,0.0010258567053824663,,2018-08-29,,0.089
ZJV121TD,0,0,,,,Censored No Alarm,0,0,0,0,0,1,0.0013124163961037993,,2018-07-21,,0.089
ZJV121TV,0,0,,,,Censored No Alarm,0,0,0,0,0,1,0.0022740771528333426,,2018-07-12,,0.089
ZJV121V8,0,0,,,,Censored No Alarm,0,0,0,0,0,1,0.001182751264423132,,2018-08-29,,0.089
ZJV121V9,0,0,,,,Censored No Alarm,0,0,0,0,0,1,0.0022740771528333426,,2018-07-12,,0.089
ZJV121VB,0,0,,,,Censored No Alarm,0,0,0,0,0,1,0.0022733828518539667,,2018-07-21,,0.089
ZJV121W2,1,0,,2018-11-26,,Missed,0,0,0,0,1,0,0.038755349814891815,,2018-07-12,,0.089
ZJV121WF,0,0,,,,Censored No Alarm,0,0,0,0,0,1,0.00225521600805223,,2018-07-12,,0.089
ZJV121X3,0,0,,,,Censored No Alarm,0,0,0,0,0,1,0.00136291584931314,,2018-07-21,,0.089
ZJV121XM,0,0,,,,Censored No Alarm,0,0,0,0,0,1,0.0013445786898955703,,2018-07-12,,0.089
ZJV121XW,0,0,,,,Censored No Alarm,0,0,0,0,0,1,0.0022733828518539667,,2018-07-21,,0.089
ZJV121YX,0,0,,,,Censored No Alarm,0,0,0,0,0,1,0.0013370258966460824,,2018-07-21,,0.089
ZJV121YZ,0,0,,,,Censored No Alarm,0,0,0,0,0,1,0.0022733828518539667,,2018-07-21,,0.089
ZJV121ZC,0,0,,,,Censored No Alarm,0,0,0,0,0,1,0.001312818145379424,,2018-07-12,,0.089
ZJV121ZJ,0,0,,,,Censored No Alarm,0,0,0,0,0,1,0.0013445786898955703,,2018-07-12,,0.089
ZJV12214,0,0,,,,Censored No Alarm,0,0,0,0,0,1,0.0013019187608733773,,2018-07-12,,0.089
ZJV1221C,0,0,,,,Censored No Alarm,0,0,0,0,0,1,0.0022740771528333426,,2018-07-12,,0.089
ZJV1221W,0,0,,,,Censored No Alarm,0,0,0,0,0,1,0.0013559452490881085,,2018-07-21,,0.089
ZJV1223E,0,0,,,,Censored No Alarm,0,0,0,0,0,1,0.0010258567053824663,,2018-08-29,,0.089
ZJV12BK8,0,0,,,,Censored No Alarm,0,0,0,0,0,1,0.0013576372293755412,,2019-01-23,,0.089
ZJV12DH1,0,0,,,,Censored No Alarm,0,0,0,0,0,1,0.0016000394243746996,,2018-10-29,,0.089
ZJV12DLZ,0,0,,,,Censored No Alarm,0,0,0,0,0,1,0.010156466625630856,,2018-07-12,,0.089
ZJV12HAJ,0,0,,,,Censored No Alarm,0,0,0,0,0,1,0.001373501610942185,,2018-12-08,,0.089
ZJV12JG5,0,0,,,,Censored No Alarm,0,0,0,0,0,1,0.0013019187608733773,,2018-07-12,,0.089
ZJV12QG3,0,0,,,,Censored No Alarm,0,0,0,0,0,1,0.0022740771528333426,,2018-07-12,,0.089
ZJV12QQV,0,0,,,,Censored No Alarm,0,0,0,0,0,1,0.001446964917704463,,2018-10-29,,0.089
ZJV12QV8,0,0,,,,Censored No Alarm,0,0,0,0,0,1,0.00225521600805223,,2018-07-12,,0.089
ZJV12R62,1,1,2019-04-19,2019-08-07,110.0,Early,0,1,0,1,0,0,0.561665415763855,0.1213112622499466,2018-07-12,281.0,0.089
ZJV12R9D,0,0,,,,Censored No Alarm,0,0,0,0,0,1,0.0018020467832684517,,2018-12-05,,0.089
ZJV12YTC,0,0,,,,Censored No Alarm,0,0,0,0,0,1,0.0014154533855617046,,2018-12-05,,0.089
ZJV12Z3Q,0,0,,,,Censored No Alarm,0,0,0,0,0,1,0.0015424129087477922,,2018-10-29,,0.089
ZJV1301Q,0,0,,,,Censored No Alarm,0,0,0,0,0,1,0.001338891452178359,,2018-12-08,,0.089
ZJV132CA,0,0,,,,Censored No Alarm,0,0,0,0,0,1,0.002132641151547432,,2018-07-12,,0.089
ZJV13353,0,0,,,,Censored No Alarm,0,0,0,0,0,1,0.0017992714419960976,,2018-12-05,,0.089
ZJV1339S,0,0,,,,Censored No Alarm,0,0,0,0,0,1,0.0022095816675573587,,2018-12-05,,0.089
ZJV1373P,0,0,,,,Censored No Alarm,0,0,0,0,0,1,0.001373501610942185,,2018-07-12,,0.089
ZJV1374P,0,1,2020-03-12,,,Censored Early,0,0,1,1,0,0,0.17536623775959015,0.17442777752876282,2018-12-05,463.0,0.089
ZJV13760,0,0,,,,Censored No Alarm,0,0,0,0,0,1,0.0013445786898955703,,2018-12-05,,0.089
ZJV137DD,0,0,,,,Censored No Alarm,0,0,0,0,0,1,0.0014575169188901782,,2018-10-29,,0.089
ZJV137XC,0,0,,,,Censored No Alarm,0,0,0,0,0,1,0.0022709115874022245,,2018-07-12,,0.089
ZJV137XF,0,0,,,,Censored No Alarm,0,0,0,0,0,1,0.002132641151547432,,2018-07-12,,0.089
ZJV1407Z,0,0,,,,Censored No Alarm,0,0,0,0,0,1,0.00746356463059783,,2019-08-20,,0.089
ZJV14ASC,0,0,,,,Censored No Alarm,0,0,0,0,0,1,0.0013445786898955703,,2018-12-08,,0.089
ZJV14XA0,0,0,,,,Censored No Alarm,0,0,0,0,0,1,0.003882327349856496,,2020-08-05,,0.089
ZJV15A73,0,0,,,,Censored No Alarm,0,0,0,0,0,1,0.0022892055567353964,,2018-12-08,,0.089
ZJV15NSV,0,0,,,,Censored No Alarm,0,0,0,0,0,1,0.003882327349856496,,2019-12-21,,0.089
ZJV16778,0,0,,,,Censored No Alarm,0,0,0,0,0,1,0.0014605680480599403,,2018-10-29,,0.089
ZJV16DX5,0,0,,,,Censored No Alarm,0,0,0,0,0,1,0.002113005146384239,,2019-09-22,,0.089
ZJV16JXZ,0,0,,,,Censored No Alarm,0,0,0,0,0,1,0.0019894333090633154,,2018-12-08,,0.089
ZJV172CZ,0,0,,,,Censored No Alarm,0,0,0,0,0,1,0.040406081825494766,,2019-11-24,,0.089
ZJV17HGJ,0,0,,,,Censored No Alarm,0,0,0,0,0,1,0.0013445786898955703,,2019-01-23,,0.089
ZJV19EWJ,1,1,2019-07-14,2019-07-19,5.0,On time,1,0,0,0,0,0,0.5748226642608643,0.12517285346984863,2018-12-08,218.0,0.089
ZJV19Q8F,1,1,2024-12-20,2024-12-21,1.0,On time,1,0,0,0,0,0,0.451903760433197,0.2712470591068268,2019-09-22,1916.0,0.089
ZJV19R5W,0,0,,,,Censored No Alarm,0,0,0,0,0,1,0.0022923965007066727,,2018-12-08,,0.089
ZJV19SMN,0,0,,,,Censored No Alarm,0,0,0,0,0,1,0.0013995124027132988,,2018-12-08,,0.089
ZJV1ACNL,1,0,,2021-07-18,,Missed,0,0,0,0,1,0,0.0026206444017589092,,2019-12-17,,0.089
ZJV1AJCD,0,0,,,,Censored No Alarm,0,0,0,0,0,1,0.001570464693941176,,2018-12-08,,0.089
ZJV1AMWV,0,0,,,,Censored No Alarm,0,0,0,0,0,1,0.0013694779481738806,,2019-01-23,,0.089
ZJV1AXE5,0,0,,,,Censored No Alarm,0,0,0,0,0,1,0.0019894333090633154,,2018-12-08,,0.089
ZJV1AYWT,0,0,,,,Censored No Alarm,0,0,0,0,0,1,0.0018233194714412093,,2018-12-05,,0.089
ZJV1B08H,0,0,,,,Censored No Alarm,0,0,0,0,0,1,0.0014813175657764077,,2018-12-08,,0.089
ZJV1B0CB,0,0,,,,Censored No Alarm,0,0,0,0,0,1,0.001373501610942185,,2019-01-23,,0.089
ZJV1B3WX,0,0,,,,Censored No Alarm,0,0,0,0,0,1,0.0014586305478587747,,2018-12-08,,0.089
ZJV1B7A1,0,0,,,,Censored No Alarm,0,0,0,0,0,1,0.03990453481674194,,2018-12-08,,0.089
ZJV1BF82,0,0,,,,Censored No Alarm,0,0,0,0,0,1,0.0018393242498859763,,2018-12-08,,0.089
ZJV1C2LC,0,0,,,,Censored No Alarm,0,0,0,0,0,1,0.006553927902132273,,2018-12-08,,0.089
ZJV1C3M1,0,0,,,,Censored No Alarm,0,0,0,0,0,1,0.0022733828518539667,,2018-12-08,,0.089
ZJV1C46B,0,0,,,,Censored No Alarm,0,0,0,0,0,1,0.0013428463134914637,,2018-08-29,,0.089
ZJV1C46V,0,0,,,,Censored No Alarm,0,0,0,0,0,1,0.0018267306732013822,,2019-01-23,,0.089
ZJV1C485,0,0,,,,Censored No Alarm,0,0,0,0,0,1,0.0021678053308278322,,2018-07-21,,0.089
ZJV1C490,0,0,,,,Censored No Alarm,0,0,0,0,0,1,0.001570464693941176,,2018-12-08,,0.089
ZJV1C49L,0,0,,,,Censored No Alarm,0,0,0,0,0,1,0.0015501405578106642,,2018-10-29,,0.089
ZJV1C49Z,0,0,,,,Censored No Alarm,0,0,0,0,0,1,0.0013694779481738806,,2019-01-23,,0.089
ZJV1C4A3,0,0,,,,Censored No Alarm,0,0,0,0,0,1,0.0016082711517810822,,2018-07-21,,0.089
ZJV1C4AE,0,0,,,,Censored No Alarm,0,0,0,0,0,1,0.0013124163961037993,,2018-07-21,,0.089
ZJV1C4AJ,0,0,,,,Censored No Alarm,0,0,0,0,0,1,0.001192479394376278,,2019-01-23,,0.089
ZJV1C4AP,0,0,,,,Censored No Alarm,0,0,0,0,0,1,0.0013474493753165007,,2019-01-23,,0.089
ZJV1C4BV,0,0,,,,Censored No Alarm,0,0,0,0,0,1,0.0012462480226531625,,2018-08-29,,0.089
ZJV1C4BW,0,0,,,,Censored No Alarm,0,0,0,0,0,1,0.0011025601997971535,,2018-08-29,,0.089
ZJV1C4C0,0,0,,,,Censored No Alarm,0,0,0,0,0,1,0.0013338234275579453,,2018-10-29,,0.089
ZJV1C4CZ,0,0,,,,Censored No Alarm,0,0,0,0,0,1,0.0018497786950320005,,2018-12-05,,0.089
ZJV1C4D1,0,0,,,,Censored No Alarm,0,0,0,0,0,1,0.0013445786898955703,,2018-12-08,,0.089
ZJV1C4E5,0,0,,,,Censored No Alarm,0,0,0,0,0,1,0.0013496502069756389,,2018-12-08,,0.089
ZJV1C4E8,0,0,,,,Censored No Alarm,0,0,0,0,0,1,0.0010258567053824663,,2018-08-29,,0.089
ZJV1C4FZ,0,0,,,,Censored No Alarm,0,0,0,0,0,1,0.00143721594940871,,2018-12-05,,0.089
ZJV1C4G7,0,0,,,,Censored No Alarm,0,0,0,0,0,1,0.0013694779481738806,,2019-01-23,,0.089
ZJV1C4GF,1,1,2019-11-16,2019-12-08,22.0,On time,1,0,0,0,0,0,0.09419912099838257,0.08927623927593231,2018-12-08,343.0,0.089
ZJV1C4GG,0,0,,,,Censored No Alarm,0,0,0,0,0,1,0.0014369642594829202,,2018-12-08,,0.089
ZJV1C9PB,0,0,,,,Censored No Alarm,0,0,0,0,0,1,0.0014082916313782334,,2019-01-23,,0.089
ZJV1C9Z2,0,0,,,,Censored No Alarm,0,0,0,0,0,1,0.001483334694057703,,2018-12-08,,0.089
ZJV1CG0N,0,0,,,,Censored No Alarm,0,0,0,0,0,1,0.0018267306732013822,,2019-01-23,,0.089
ZJV1CG21,0,0,,,,Censored No Alarm,0,0,0,0,0,1,0.001373501610942185,,2019-01-23,,0.089
ZJV1CG2A,0,0,,,,Censored No Alarm,0,0,0,0,0,1,0.0018620543414726853,,2018-12-05,,0.089
ZJV1CG2T,0,0,,,,Censored No Alarm,0,0,0,0,0,1,0.001373501610942185,,2018-12-08,,0.089
ZJV1CG35,0,0,,,,Censored No Alarm,0,0,0,0,0,1,0.0014586305478587747,,2018-12-08,,0.089
ZJV1CG38,0,0,,,,Censored No Alarm,0,0,0,0,0,1,0.0020704721100628376,,2018-12-08,,0.089
ZJV1CG39,0,0,,,,Censored No Alarm,0,0,0,0,0,1,0.01097418274730444,,2018-12-08,,0.089
ZJV1CG3W,0,0,,,,Censored No Alarm,0,0,0,0,0,1,0.0014813175657764077,,2018-12-08,,0.089
ZJV1CG4W,0,1,2019-09-27,,,Censored Early,0,0,1,1,0,0,0.18677563965320587,0.1615782082080841,2018-12-08,293.0,0.089
ZJV1CG72,0,0,,,,Censored No Alarm,0,0,0,0,0,1,0.001465952955186367,,2018-12-05,,0.089
ZJV1CG74,0,0,,,,Censored No Alarm,0,0,0,0,0,1,0.0016133170574903488,,2018-12-08,,0.089
ZJV1CG7G,0,0,,,,Censored No Alarm,0,0,0,0,0,1,0.0013445786898955703,,2018-12-08,,0.089
ZJV1CG7S,0,0,,,,Censored No Alarm,0,0,0,0,0,1,0.0018267306732013822,,2019-01-23,,0.089
ZJV1CG7Y,0,0,,,,Censored No Alarm,0,0,0,0,0,1,0.0013445786898955703,,2019-01-23,,0.089
ZJV1CG96,0,0,,,,Censored No Alarm,0,0,0,0,0,1,0.0013445786898955703,,2018-12-08,,0.089
ZJV1CG9S,0,0,,,,Censored No Alarm,0,0,0,0,0,1,0.0016088522970676422,,2018-12-05,,0.089
ZJV1CGAG,0,0,,,,Censored No Alarm,0,0,0,0,0,1,0.0023378157056868076,,2018-12-08,,0.089
ZJV1CGC3,0,0,,,,Censored No Alarm,0,0,0,0,0,1,0.001373501610942185,,2018-12-08,,0.089
ZJV1CGCZ,0,0,,,,Censored No Alarm,0,0,0,0,0,1,0.0022923965007066727,,2018-12-08,,0.089
ZJV1CGDA,0,0,,,,Censored No Alarm,0,0,0,0,0,1,0.0015682770172134042,,2018-12-08,,0.089
ZJV1CGE9,0,0,,,,Censored No Alarm,0,0,0,0,0,1,0.0022733828518539667,,2018-12-08,,0.089
ZJV1CGET,0,0,,,,Censored No Alarm,0,0,0,0,0,1,0.002194814383983612,,2018-12-08,,0.089
ZJV1CGEZ,0,0,,,,Censored No Alarm,0,0,0,0,0,1,0.0023209531791508198,,2018-12-08,,0.089
ZJV1CGF0,0,0,,,,Censored No Alarm,0,0,0,0,0,1,0.0015243588713929057,,2018-12-08,,0.089
ZJV1CGGH,0,0,,,,Censored No Alarm,0,0,0,0,0,1,0.0012440503342077136,,2018-12-08,,0.089
ZJV1CGGW,0,0,,,,Censored No Alarm,0,0,0,0,0,1,0.001373501610942185,,2018-12-08,,0.089
ZJV1CGH1,0,0,,,,Censored No Alarm,0,0,0,0,0,1,0.0013445786898955703,,2018-12-08,,0.089
ZJV1CGJ4,0,0,,,,Censored No Alarm,0,0,0,0,0,1,0.0013445786898955703,,2019-01-23,,0.089
ZJV1CGJS,0,0,,,,Censored No Alarm,0,0,0,0,0,1,0.0013445786898955703,,2018-12-08,,0.089
ZJV1CGKL,0,0,,,,Censored No Alarm,0,0,0,0,0,1,0.0013875027652829885,,2019-01-23,,0.089
ZJV1CGM6,0,0,,,,Censored No Alarm,0,0,0,0,0,1,0.0013694779481738806,,2019-01-23,,0.089
ZJV1CGM8,0,0,,,,Censored No Alarm,0,0,0,0,0,1,0.0013445786898955703,,2018-12-08,,0.089
ZJV1CGP0,0,0,,,,Censored No Alarm,0,0,0,0,0,1,0.0014477147487923503,,2018-12-05,,0.089
ZJV1CGR0,0,0,,,,Censored No Alarm,0,0,0,0,0,1,0.0012440503342077136,,2018-12-08,,0.089
ZJV1CGR1,0,0,,,,Censored No Alarm,0,0,0,0,0,1,0.0014768167166039348,,2018-12-08,,0.089
ZJV1CGR2,0,0,,,,Censored No Alarm,0,0,0,0,0,1,0.0013694779481738806,,2019-01-23,,0.089
ZJV1CGS9,0,0,,,,Censored No Alarm,0,0,0,0,0,1,0.0013875027652829885,,2019-01-23,,0.089
ZJV1CGSB,0,0,,,,Censored No Alarm,0,0,0,0,0,1,0.0023177224211394787,,2018-12-08,,0.089
ZJV1CGSQ,0,0,,,,Censored No Alarm,0,0,0,0,0,1,0.0022733828518539667,,2018-12-08,,0.089
ZJV1CGTD,0,0,,,,Censored No Alarm,0,0,0,0,0,1,0.002272693905979395,,2018-12-08,,0.089
ZJV1CGV7,0,0,,,,Censored No Alarm,0,0,0,0,0,1,0.0013474493753165007,,2019-01-23,,0.089
ZJV1CGV8,0,0,,,,Censored No Alarm,0,0,0,0,0,1,0.00129147048573941,,2019-01-23,,0.089
ZJV1CGVG,0,0,,,,Censored No Alarm,0,0,0,0,0,1,0.0013576372293755412,,2019-01-23,,0.089
ZJV1CGWC,0,0,,,,Censored No Alarm,0,0,0,0,0,1,0.0023669367656111717,,2018-12-08,,0.089
ZJV1CGYY,0,0,,,,Censored No Alarm,0,0,0,0,0,1,0.0013694779481738806,,2019-01-23,,0.089
ZJV1CGZV,0,0,,,,Censored No Alarm,0,0,0,0,0,1,0.0013694779481738806,,2019-01-23,,0.089
ZJV1CH2G,0,0,,,,Censored No Alarm,0,0,0,0,0,1,0.0013875027652829885,,2019-01-23,,0.089
ZJV1CH2K,0,0,,,,Censored No Alarm,0,0,0,0,0,1,0.0022923965007066727,,2018-12-08,,0.089
ZJV1CJ1P,0,0,,,,Censored No Alarm,0,0,0,0,0,1,0.001373501610942185,,2018-12-08,,0.089
ZJV1CS20,0,0,,,,Censored No Alarm,0,0,0,0,0,1,0.0013445786898955703,,2018-12-08,,0.089
ZJV1CS2N,0,0,,,,Censored No Alarm,0,0,0,0,0,1,0.0013445786898955703,,2018-12-08,,0.089
ZJV1CS2W,0,0,,,,Censored No Alarm,0,0,0,0,0,1,0.00108547683339566,,2018-08-29,,0.089
ZJV1CS37,0,0,,,,Censored No Alarm,0,0,0,0,0,1,0.0014586305478587747,,2018-12-08,,0.089
ZJV1CS3D,0,0,,,,Censored No Alarm,0,0,0,0,0,1,0.002583840861916542,,2018-07-21,,0.089
ZJV1CS3M,0,0,,,,Censored No Alarm,0,0,0,0,0,1,0.0013576372293755412,,2019-01-23,,0.089
ZJV1CS5A,0,0,,,,Censored No Alarm,0,0,0,0,0,1,0.0009040629374794662,,2018-08-29,,0.089
ZJV1CS5E,0,0,,,,Censored No Alarm,0,0,0,0,0,1,0.0012660573702305555,,2018-12-08,,0.089
ZJV1CS5V,0,0,,,,Censored No Alarm,0,0,0,0,0,1,0.0022892055567353964,,2018-12-08,,0.089
ZJV1CS6G,0,0,,,,Censored No Alarm,0,0,0,0,0,1,0.0024205672089010477,,2018-12-08,,0.089
ZJV1CS6R,0,0,,,,Censored No Alarm,0,0,0,0,0,1,0.0013445786898955703,,2018-12-08,,0.089
ZJV1CS7B,0,0,,,,Censored No Alarm,0,0,0,0,0,1,0.05034204199910164,,2018-12-08,,0.089
ZJV1CS7F,0,0,,,,Censored No Alarm,0,0,0,0,0,1,0.0013445786898955703,,2018-12-08,,0.089
ZJV1CS89,0,0,,,,Censored No Alarm,0,0,0,0,0,1,0.0013445786898955703,,2018-12-08,,0.089
ZJV1CS8P,0,0,,,,Censored No Alarm,0,0,0,0,0,1,0.0013234036741778255,,2018-07-21,,0.089
ZJV1CS8Q,0,0,,,,Censored No Alarm,0,0,0,0,0,1,0.001976200146600604,,2018-12-05,,0.089
ZJV1CS8R,0,0,,,,Censored No Alarm,0,0,0,0,0,1,0.0012859409907832742,,2018-12-08,,0.089
ZJV1CS8X,0,0,,,,Censored No Alarm,0,0,0,0,0,1,0.001483334694057703,,2018-12-08,,0.089
ZJV1CS95,0,0,,,,Censored No Alarm,0,0,0,0,0,1,0.0014082916313782334,,2019-01-23,,0.089
ZJV1CS96,0,0,,,,Censored No Alarm,0,0,0,0,0,1,0.0011702714255079627,,2018-08-29,,0.089
ZJV1CS9Y,0,0,,,,Censored No Alarm,0,0,0,0,0,1,0.0022733828518539667,,2018-07-21,,0.089
ZJV1CSA3,0,0,,,,Censored No Alarm,0,0,0,0,0,1,0.0015626292442902923,,2018-12-05,,0.089
ZJV1CSBB,0,0,,,,Censored No Alarm,0,0,0,0,0,1,0.0013445786898955703,,2018-12-08,,0.089
ZJV1CSBX,0,0,,,,Censored No Alarm,0,0,0,0,0,1,0.0023209531791508198,,2018-12-08,,0.089
ZJV1CSCC,0,0,,,,Censored No Alarm,0,0,0,0,0,1,0.0023669367656111717,,2018-12-08,,0.089
ZJV1CSCD,0,0,,,,Censored No Alarm,0,0,0,0,0,1,0.0013124163961037993,,2018-07-21,,0.089
ZJV1CSD0,0,0,,,,Censored No Alarm,0,0,0,0,0,1,0.0012440503342077136,,2019-01-23,,0.089
ZJV1CSE2,0,0,,,,Censored No Alarm,0,0,0,0,0,1,0.0013694779481738806,,2019-01-23,,0.089
ZJV1CSEP,0,0,,,,Censored No Alarm,0,0,0,0,0,1,0.001340975402854383,,2018-08-29,,0.089
ZJV1CSER,0,1,2019-09-10,,,Censored Early,0,0,1,1,0,0,0.15513527393341064,0.10238391160964966,2018-08-29,377.0,0.089
ZJV1CSFN,0,0,,,,Censored No Alarm,0,0,0,0,0,1,0.0023209531791508198,,2018-07-21,,0.089
ZJV1CSFQ,0,0,,,,Censored No Alarm,0,0,0,0,0,1,0.0013445786898955703,,2019-01-23,,0.089
ZJV1CSGX,0,0,,,,Censored No Alarm,0,0,0,0,0,1,0.0013445786898955703,,2018-12-08,,0.089
ZJV1CSH8,0,0,,,,Censored No Alarm,0,0,0,0,0,1,0.0014651622623205185,,2018-10-29,,0.089
ZJV1CSHD,0,0,,,,Censored No Alarm,0,0,0,0,0,1,0.0013445786898955703,,2019-01-23,,0.089
ZJV1CSJ9,0,0,,,,Censored No Alarm,0,0,0,0,0,1,0.001505587832070887,,2018-12-08,,0.089
ZJV1CSKD,0,0,,,,Censored No Alarm,0,0,0,0,0,1,0.001483334694057703,,2018-12-08,,0.089
ZJV1CSKF,0,0,,,,Censored No Alarm,0,0,0,0,0,1,0.0014661470195278525,,2018-12-08,,0.089
ZJV1CSKH,0,0,,,,Censored No Alarm,0,0,0,0,0,1,0.00108547683339566,,2018-08-29,,0.089
ZJV1CSL0,0,0,,,,Censored No Alarm,0,0,0,0,0,1,0.001570464693941176,,2018-12-08,,0.089
ZJV1CSLJ,0,0,,,,Censored No Alarm,0,0,0,0,0,1,0.0013555862242355943,,2018-12-08,,0.089
ZJV1CSLY,0,0,,,,Censored No Alarm,0,0,0,0,0,1,0.0014369642594829202,,2018-12-08,,0.089
ZJV1CSME,0,0,,,,Censored No Alarm,0,0,0,0,0,1,0.0024877991527318954,,2018-12-08,,0.089
ZJV1CSMS,0,0,,,,Censored No Alarm,0,0,0,0,0,1,0.0011702714255079627,,2018-08-29,,0.089
ZJV1CSND,0,0,,,,Censored No Alarm,0,0,0,0,0,1,0.0011025601997971535,,2018-08-29,,0.089
ZJV1CSP4,0,0,,,,Censored No Alarm,0,0,0,0,0,1,0.0015501405578106642,,2018-10-29,,0.089
ZJV1CSQE,0,0,,,,Censored No Alarm,0,0,0,0,0,1,0.001373501610942185,,2018-12-08,,0.089
ZJV1CSR2,0,0,,,,Censored No Alarm,0,0,0,0,0,1,0.0013445786898955703,,2018-12-08,,0.089
ZJV1CSS6,0,0,,,,Censored No Alarm,0,0,0,0,0,1,0.0013694779481738806,,2019-01-23,,0.089
ZJV1CSS7,0,0,,,,Censored No Alarm,0,0,0,0,0,1,0.001483334694057703,,2018-12-08,,0.089
ZJV1CSSD,0,0,,,,Censored No Alarm,0,0,0,0,0,1,0.0014661470195278525,,2018-12-08,,0.089
ZJV1CSSW,0,0,,,,Censored No Alarm,0,0,0,0,0,1,0.0012913659447804093,,2018-12-08,,0.089
ZJV1CSSX,0,0,,,,Censored No Alarm,0,0,0,0,0,1,0.0013148973230272532,,2018-08-29,,0.089
ZJV1CSTC,0,0,,,,Censored No Alarm,0,0,0,0,0,1,0.002194814383983612,,2018-12-08,,0.089
ZJV1CSTV,0,0,,,,Censored No Alarm,0,0,0,0,0,1,0.0015133460983633995,,2018-12-08,,0.089
ZJV1CSWA,0,0,,,,Censored No Alarm,0,0,0,0,0,1,0.0013124163961037993,,2018-07-21,,0.089
ZJV1CSWZ,0,0,,,,Censored No Alarm,0,0,0,0,0,1,0.002238304354250431,,2018-12-08,,0.089
ZJV1CSXC,0,0,,,,Censored No Alarm,0,0,0,0,0,1,0.001338891452178359,,2018-12-08,,0.089
ZJV1CSYT,0,0,,,,Censored No Alarm,0,0,0,0,0,1,0.0015247085830196738,,2018-12-05,,0.089
ZJV1CSZ1,0,0,,,,Censored No Alarm,0,0,0,0,0,1,0.0016243011923506856,,2018-12-08,,0.089
ZJV1CSZ4,0,0,,,,Censored No Alarm,0,0,0,0,0,1,0.001373501610942185,,2018-12-08,,0.089
ZJV1CSZD,0,0,,,,Censored No Alarm,0,0,0,0,0,1,0.0024408078752458096,,2018-12-08,,0.089
ZJV1CSZE,0,0,,,,Censored No Alarm,0,0,0,0,0,1,0.0023432415910065174,,2018-12-08,,0.089
ZJV1CT21,0,0,,,,Censored No Alarm,0,0,0,0,0,1,0.0022923965007066727,,2018-12-08,,0.089
ZJV1CTQY,0,0,,,,Censored No Alarm,0,0,0,0,0,1,0.0013312357477843761,,2018-08-29,,0.089
ZJV1CZ0N,0,0,,,,Censored No Alarm,0,0,0,0,0,1,0.004776482470333576,,2019-11-11,,0.089
ZJV1DB5H,0,0,,,,Censored No Alarm,0,0,0,0,0,1,0.005783444736152887,,2020-02-28,,0.089
ZJV1EQCB,0,0,,,,Censored No Alarm,0,0,0,0,0,1,0.0013338234275579453,,2018-12-08,,0.089
ZJV1EW1J,0,0,,,,Censored No Alarm,0,0,0,0,0,1,0.0013338234275579453,,2018-12-08,,0.089
ZJV1F1GD,0,0,,,,Censored No Alarm,0,0,0,0,0,1,0.002194814383983612,,2018-12-08,,0.089
ZJV1F1HT,0,0,,,,Censored No Alarm,0,0,0,0,0,1,0.002149823820218444,,2018-12-08,,0.089
ZJV1F1J3,0,0,,,,Censored No Alarm,0,0,0,0,0,1,0.001972753554582596,,2018-12-05,,0.089
ZJV1F1J8,0,0,,,,Censored No Alarm,0,0,0,0,0,1,0.00143721594940871,,2018-12-05,,0.089
ZJV1F8VZ,0,0,,,,Censored No Alarm,0,0,0,0,0,1,0.0022733828518539667,,2018-12-08,,0.089
ZJV1F8WK,0,0,,,,Censored No Alarm,0,0,0,0,0,1,0.0014539763797074556,,2018-12-08,,0.089
ZJV1FTGB,0,0,,,,Censored No Alarm,0,0,0,0,0,1,0.0010912228608503938,,2018-10-29,,0.089
ZJV1G0PB,0,0,,,,Censored No Alarm,0,0,0,0,0,1,0.001231093890964985,,2018-10-29,,0.089
ZJV1G3B6,0,0,,,,Censored No Alarm,0,0,0,0,0,1,0.0013338234275579453,,2018-10-29,,0.089
ZJV1G671,0,0,,,,Censored No Alarm,0,0,0,0,0,1,0.0014489265158772469,,2018-12-08,,0.089
ZJV1GSY0,0,0,,,,Censored No Alarm,0,0,0,0,0,1,0.001231093890964985,,2018-10-29,,0.089
ZJV1H29J,0,0,,,,Censored No Alarm,0,0,0,0,0,1,0.0015300697414204478,,2018-12-08,,0.089
ZJV1H4GY,0,0,,,,Censored No Alarm,0,0,0,0,0,1,0.002118272939696908,,2018-12-08,,0.089
ZJV1HA5E,0,0,,,,Censored No Alarm,0,0,0,0,0,1,0.001323910430073738,,2018-10-29,,0.089
ZJV1HAH2,0,0,,,,Censored No Alarm,0,0,0,0,0,1,0.0014349533012136817,,2018-12-08,,0.089
ZJV1HANV,0,0,,,,Censored No Alarm,0,0,0,0,0,1,0.0014349533012136817,,2018-12-08,,0.089
ZJV1HATD,0,0,,,,Censored No Alarm,0,0,0,0,0,1,0.001131659373641014,,2018-12-08,,0.089
ZJV1HFBV,0,0,,,,Censored No Alarm,0,0,0,0,0,1,0.001556889503262937,,2018-12-08,,0.089
ZJV1HK9X,0,0,,,,Censored No Alarm,0,0,0,0,0,1,0.0013338234275579453,,2018-10-29,,0.089
ZJV1HMG9,0,0,,,,Censored No Alarm,0,0,0,0,0,1,0.0018267306732013822,,2019-01-23,,0.089
ZJV1HMTT,0,0,,,,Censored No Alarm,0,0,0,0,0,1,0.001376405474729836,,2018-12-08,,0.089
ZJV1HNVC,0,0,,,,Censored No Alarm,0,0,0,0,0,1,0.0018267306732013822,,2019-01-23,,0.089
ZJV1HPT8,0,0,,,,Censored No Alarm,0,0,0,0,0,1,0.012692054733633995,,2018-12-08,,0.089
ZJV1HT00,0,0,,,,Censored No Alarm,0,0,0,0,0,1,0.002824830822646618,,2018-12-08,,0.089
ZJV1HYL7,0,0,,,,Censored No Alarm,0,0,0,0,0,1,0.0019894333090633154,,2018-12-08,,0.089
ZJV1J218,0,0,,,,Censored No Alarm,0,0,0,0,0,1,0.0015963308978825808,,2018-10-29,,0.089
ZJV1J83T,0,0,,,,Censored No Alarm,0,0,0,0,0,1,0.0013090320862829685,,2018-10-29,,0.089
ZJV1J88A,0,0,,,,Censored No Alarm,0,0,0,0,0,1,0.0013338234275579453,,2018-10-29,,0.089
ZJV1JJYB,0,0,,,,Censored No Alarm,0,0,0,0,0,1,0.016276659443974495,,2018-10-29,,0.089
ZJV1JQR8,0,0,,,,Censored No Alarm,0,0,0,0,0,1,0.001446964917704463,,2018-12-08,,0.089
ZJV1K3FD,0,0,,,,Censored No Alarm,0,0,0,0,0,1,0.0013338234275579453,,2018-10-29,,0.089
ZJV1K3MD,0,0,,,,Censored No Alarm,0,0,0,0,0,1,0.0014727938687428832,,2018-10-29,,0.089
ZJV1K4GB,0,0,,,,Censored No Alarm,0,0,0,0,0,1,0.0013338234275579453,,2018-10-29,,0.089
ZJV1K5CZ,0,0,,,,Censored No Alarm,0,0,0,0,0,1,0.0014349533012136817,,2018-12-08,,0.089
ZJV1K5DP,0,0,,,,Censored No Alarm,0,0,0,0,0,1,0.0012414013035595417,,2018-10-29,,0.089
ZJV1KA4N,0,0,,,,Censored No Alarm,0,0,0,0,0,1,0.001972242956981063,,2018-12-08,,0.089
ZJV1KA6H,0,0,,,,Censored No Alarm,0,0,0,0,0,1,0.001835530623793602,,2018-12-08,,0.089
ZJV1KABH,0,0,,,,Censored No Alarm,0,0,0,0,0,1,0.002118272939696908,,2018-12-08,,0.089
ZJV1KABP,0,0,,,,Censored No Alarm,0,0,0,0,0,1,0.001972242956981063,,2018-12-08,,0.089
ZJV1KAGS,0,0,,,,Censored No Alarm,0,0,0,0,0,1,0.002118272939696908,,2018-12-08,,0.089
ZJV1KAHA,0,0,,,,Censored No Alarm,0,0,0,0,0,1,0.0019894333090633154,,2018-12-08,,0.089
ZJV1KAJB,0,0,,,,Censored No Alarm,0,0,0,0,0,1,0.001835530623793602,,2018-12-08,,0.089
ZJV1KAJK,0,0,,,,Censored No Alarm,0,0,0,0,0,1,0.0012981639010831714,,2018-10-29,,0.089
ZJV1KAJY,0,0,,,,Censored No Alarm,0,0,0,0,0,1,0.0015546503709629178,,2018-12-08,,0.089
ZJV1KBVG,0,0,,,,Censored No Alarm,0,0,0,0,0,1,0.0020060772076249123,,2018-12-08,,0.089
ZJV1KC5F,0,0,,,,Censored No Alarm,0,0,0,0,0,1,0.001376405474729836,,2018-12-08,,0.089
ZJV1KC6M,0,0,,,,Censored No Alarm,0,0,0,0,0,1,0.007054109591990709,,2019-05-27,,0.089
ZJV1KD87,0,0,,,,Censored No Alarm,0,0,0,0,0,1,0.0014349533012136817,,2018-12-08,,0.089
ZJV1KDC3,0,0,,,,Censored No Alarm,0,0,0,0,0,1,0.0013338234275579453,,2018-12-08,,0.089
ZJV1KLRX,0,0,,,,Censored No Alarm,0,0,0,0,0,1,0.0013338234275579453,,2018-10-29,,0.089
ZJV1KMEN,0,0,,,,Censored No Alarm,0,0,0,0,0,1,0.0013338234275579453,,2018-10-29,,0.089
ZJV1KPD8,0,0,,,,Censored No Alarm,0,0,0,0,0,1,0.0013526935363188386,,2018-10-29,,0.089
ZJV1KPSM,0,0,,,,Censored No Alarm,0,0,0,0,0,1,0.0014605680480599403,,2018-10-29,,0.089
ZJV1KPZ4,0,0,,,,Censored No Alarm,0,0,0,0,0,1,0.0020060772076249123,,2018-12-08,,0.089
ZJV1KY95,0,0,,,,Censored No Alarm,0,0,0,0,0,1,0.002118272939696908,,2018-12-08,,0.089
ZJV1KYJ9,1,1,2020-01-23,2020-01-30,7.0,On time,1,0,0,0,0,0,0.6735059022903442,0.6539515256881714,2018-12-08,411.0,0.089
ZJV1KYPZ,0,0,,,,Censored No Alarm,0,0,0,0,0,1,0.0012368872994557023,,2018-10-29,,0.089
ZJV1KYS4,0,0,,,,Censored No Alarm,0,0,0,0,0,1,0.0013338234275579453,,2018-12-08,,0.089
ZJV1L5N1,1,0,,2019-03-01,,Missed,0,0,0,0,1,0,0.0013338234275579453,,2018-10-29,,0.089
ZJV1L8ZV,0,0,,,,Censored No Alarm,0,0,0,0,0,1,0.001341965631581843,,2018-10-29,,0.089
ZJV1LE42,0,0,,,,Censored No Alarm,0,0,0,0,0,1,0.0038026387337595224,,2019-08-05,,0.089
ZJV1LYNX,0,0,,,,Censored No Alarm,0,0,0,0,0,1,0.0015963308978825808,,2018-10-29,,0.089
ZJV1LZ9V,0,0,,,,Censored No Alarm,0,0,0,0,0,1,0.0013338234275579453,,2018-10-29,,0.089
ZJV1LZB6,0,0,,,,Censored No Alarm,0,0,0,0,0,1,0.0013338234275579453,,2018-10-29,,0.089
ZJV1LZY2,0,0,,,,Censored No Alarm,0,0,0,0,0,1,0.0035971524193882942,,2019-10-02,,0.089
ZJV1M1YR,0,0,,,,Censored No Alarm,0,0,0,0,0,1,0.001376405474729836,,2018-10-29,,0.089
ZJV1M1ZL,0,0,,,,Censored No Alarm,0,0,0,0,0,1,0.0014188287314027548,,2018-10-29,,0.089
ZJV1THBK,0,0,,,,Censored No Alarm,0,0,0,0,0,1,0.0012440503342077136,,2019-03-02,,0.089
ZJV1WEM2,0,0,,,,Censored No Alarm,0,0,0,0,0,1,0.005018044263124466,,2019-07-09,,0.089
ZJV1XE1D,1,0,,2019-11-03,,Missed,0,0,0,0,1,0,0.01326239388436079,,2019-10-31,,0.089
ZJV1YFFG,0,0,,,,Censored No Alarm,0,0,0,0,0,1,0.0018386074807494879,,2019-03-02,,0.089
ZJV1YVZL,0,0,,,,Censored No Alarm,0,0,0,0,0,1,0.0014575592940673232,,2018-12-19,,0.089
ZJV1ZKS0,0,0,,,,Censored No Alarm,0,0,0,0,0,1,0.0012913659447804093,,2019-03-02,,0.089
ZJV1ZKW4,0,0,,,,Censored No Alarm,0,0,0,0,0,1,0.0012440503342077136,,2019-03-02,,0.089
ZJV1ZL0X,0,0,,,,Censored No Alarm,0,0,0,0,0,1,0.005783444736152887,,2019-02-26,,0.089
ZJV1ZL5F,0,0,,,,Censored No Alarm,0,0,0,0,0,1,0.01156277023255825,,2019-03-02,,0.089
ZJV1ZL6N,0,0,,,,Censored No Alarm,0,0,0,0,0,1,0.00865758303552866,,2019-03-02,,0.089
ZJV1ZL7D,0,0,,,,Censored No Alarm,0,0,0,0,0,1,0.0014575592940673232,,2018-12-19,,0.089
ZJV1ZL88,0,0,,,,Censored No Alarm,0,0,0,0,0,1,0.0014575592940673232,,2018-12-21,,0.089
ZJV1ZL8W,0,0,,,,Censored No Alarm,0,0,0,0,0,1,0.0012440503342077136,,2019-03-02,,0.089
ZJV1ZPGP,0,0,,,,Censored No Alarm,0,0,0,0,0,1,0.002113005146384239,,2019-09-22,,0.089
ZJV1ZYPM,0,0,,,,Censored No Alarm,0,0,0,0,0,1,0.0016493212897330523,,2018-12-19,,0.089
ZJV1ZZH2,0,0,,,,Censored No Alarm,0,0,0,0,0,1,0.0013411262771114707,,2019-03-02,,0.089
ZJV1ZZKE,0,0,,,,Censored No Alarm,0,0,0,0,0,1,0.003882327349856496,,2019-02-13,,0.089
ZJV1ZZRZ,0,0,,,,Censored No Alarm,0,0,0,0,0,1,0.0038026387337595224,,2019-03-02,,0.089
ZJV2004H,0,0,,,,Censored No Alarm,0,0,0,0,0,1,0.0039653480052948,,2019-02-15,,0.089
ZJV210PY,0,0,,,,Censored No Alarm,0,0,0,0,0,1,0.001293345121666789,,2019-03-02,,0.089
ZJV210Y2,0,0,,,,Censored No Alarm,0,0,0,0,0,1,0.0012462129816412926,,2019-03-02,,0.089
ZJV2197C,0,0,,,,Censored No Alarm,0,0,0,0,0,1,0.0014575592940673232,,2018-12-21,,0.089
ZJV228VZ,0,0,,,,Censored No Alarm,0,0,0,0,0,1,0.0012440503342077136,,2019-03-02,,0.089
ZJV22FY9,0,0,,,,Censored No Alarm,0,0,0,0,0,1,0.0012440503342077136,,2019-03-02,,0.089
ZJV22RR0,0,0,,,,Censored No Alarm,0,0,0,0,0,1,0.0012440503342077136,,2019-03-02,,0.089
ZJV23TYQ,0,0,,,,Censored No Alarm,0,0,0,0,0,1,0.0014575592940673232,,2018-12-21,,0.089
ZJV24ZP2,0,0,,,,Censored No Alarm,0,0,0,0,0,1,0.013072076253592968,,2019-06-13,,0.089
ZJV25Q9V,0,0,,,,Censored No Alarm,0,0,0,0,0,1,0.005361330229789019,,2019-08-14,,0.089
ZJV26MAD,0,0,,,,Censored No Alarm,0,0,0,0,0,1,0.004214012995362282,,2019-04-23,,0.089
ZJV26RWA,0,0,,,,Censored No Alarm,0,0,0,0,0,1,0.007802407257258892,,2019-04-16,,0.089
ZJV26SRS,0,0,,,,Censored No Alarm,0,0,0,0,0,1,0.0014575592940673232,,2018-12-19,,0.089
ZJV275WZ,0,0,,,,Censored No Alarm,0,0,0,0,0,1,0.0039653480052948,,2019-05-10,,0.089
ZJV2796W,0,0,,,,Censored No Alarm,0,0,0,0,0,1,0.0035695203114300966,,2019-06-06,,0.089
ZJV27BZP,0,0,,,,Censored No Alarm,0,0,0,0,0,1,0.0013609507586807013,,2018-12-19,,0.089
ZJV27N4E,0,0,,,,Censored No Alarm,0,0,0,0,0,1,0.003882327349856496,,2019-04-23,,0.089
ZJV28MPW,0,0,,,,Censored No Alarm,0,0,0,0,0,1,0.003386474447324872,,2019-10-09,,0.089
ZJV28YXC,0,0,,,,Censored No Alarm,0,0,0,0,0,1,0.0029159316327422857,,2019-04-24,,0.089
ZJV290HA,0,0,,,,Censored No Alarm,0,0,0,0,0,1,0.0014575592940673232,,2018-12-19,,0.089
ZJV2AN3F,0,0,,,,Censored No Alarm,0,0,0,0,0,1,0.010856459848582745,,2019-06-28,,0.089
ZJV2AS9A,0,0,,,,Censored No Alarm,0,0,0,0,0,1,0.001814587158150971,,2018-12-19,,0.089
ZJV2ATVT,0,0,,,,Censored No Alarm,0,0,0,0,0,1,0.0016928729601204395,,2018-12-19,,0.089
ZJV2CJBS,0,0,,,,Censored No Alarm,0,0,0,0,0,1,0.0012440503342077136,,2019-03-02,,0.089
ZJV2CR1A,0,0,,,,Censored No Alarm,0,0,0,0,0,1,0.001611565356142819,,2018-12-19,,0.089
ZJV2DSNW,0,0,,,,Censored No Alarm,0,0,0,0,0,1,0.0014575592940673232,,2018-12-21,,0.089
ZJV2DSPW,1,0,,2020-11-20,,Missed,0,0,0,0,1,0,0.012251404114067554,,2019-03-02,,0.089
ZJV2DSSC,0,0,,,,Censored No Alarm,0,0,0,0,0,1,0.0014575592940673232,,2018-12-19,,0.089
ZJV2DSVT,0,0,,,,Censored No Alarm,0,0,0,0,0,1,0.0014575592940673232,,2018-12-21,,0.089
ZJV2DTC4,0,0,,,,Censored No Alarm,0,0,0,0,0,1,0.004391948226839304,,2019-04-24,,0.089
ZJV2DTR4,0,0,,,,Censored No Alarm,0,0,0,0,0,1,0.0012440503342077136,,2019-03-02,,0.089
ZJV2DY96,0,0,,,,Censored No Alarm,0,0,0,0,0,1,0.019075192511081696,,2019-03-02,,0.089
ZJV2DY9T,0,0,,,,Censored No Alarm,0,0,0,0,0,1,0.0013616455253213644,,2019-03-02,,0.089
ZJV2DY9Z,0,0,,,,Censored No Alarm,0,0,0,0,0,1,0.0014575592940673232,,2018-12-21,,0.089
ZJV2DYDR,0,0,,,,Censored No Alarm,0,0,0,0,0,1,0.0013002351624891162,,2021-11-13,,0.089
ZJV2DYK2,0,0,,,,Censored No Alarm,0,0,0,0,0,1,0.0014575592940673232,,2018-12-21,,0.089
ZJV2DZ39,0,0,,,,Censored No Alarm,0,0,0,0,0,1,0.0014575592940673232,,2018-12-19,,0.089
ZJV2DZ42,0,0,,,,Censored No Alarm,0,0,0,0,0,1,0.003882327349856496,,2020-01-17,,0.089
ZJV2DZ4V,0,0,,,,Censored No Alarm,0,0,0,0,0,1,0.0012440503342077136,,2019-03-02,,0.089
ZJV2DZ5W,0,0,,,,Censored No Alarm,0,0,0,0,0,1,0.0013445786898955703,,2019-01-23,,0.089
ZJV2DZGC,0,0,,,,Censored No Alarm,0,0,0,0,0,1,0.0014575592940673232,,2018-12-21,,0.089
ZJV2DZHE,0,0,,,,Censored No Alarm,0,0,0,0,0,1,0.0016812410904094577,,2018-12-19,,0.089
ZJV2DZHH,0,0,,,,Censored No Alarm,0,0,0,0,0,1,0.0014575592940673232,,2018-12-21,,0.089
ZJV2E0H0,0,0,,,,Censored No Alarm,0,0,0,0,0,1,0.0014575592940673232,,2018-12-21,,0.089
ZJV2E0HL,0,0,,,,Censored No Alarm,0,0,0,0,0,1,0.0014575592940673232,,2018-12-21,,0.089
ZJV2E0KH,0,0,,,,Censored No Alarm,0,0,0,0,0,1,0.0014575592940673232,,2018-12-19,,0.089
ZJV2E0P8,0,0,,,,Censored No Alarm,0,0,0,0,0,1,0.004784842487424612,,2018-12-19,,0.089
ZJV2E0PK,0,0,,,,Censored No Alarm,0,0,0,0,0,1,0.001340975402854383,,2019-03-02,,0.089
ZJV2E0XV,0,0,,,,Censored No Alarm,0,0,0,0,0,1,0.0014575592940673232,,2018-12-21,,0.089
ZJV2E0YK,0,0,,,,Censored No Alarm,0,0,0,0,0,1,0.0018267306732013822,,2019-01-23,,0.089
ZJV2E10F,0,0,,,,Censored No Alarm,0,0,0,0,0,1,0.0014575592940673232,,2019-01-23,,0.089
ZJV2E10S,0,0,,,,Censored No Alarm,0,0,0,0,0,1,0.0018210564740002155,,2018-12-19,,0.089
ZJV2E11M,0,0,,,,Censored No Alarm,0,0,0,0,0,1,0.0014575592940673232,,2018-12-21,,0.089
ZJV2E13N,0,0,,,,Censored No Alarm,0,0,0,0,0,1,0.0018348360899835825,,2018-12-19,,0.089
ZJV2E15F,0,0,,,,Censored No Alarm,0,0,0,0,0,1,0.0017096439842134714,,2018-12-19,,0.089
ZJV2E15J,0,0,,,,Censored No Alarm,0,0,0,0,0,1,0.0012440503342077136,,2019-03-02,,0.089
ZJV2E15L,0,0,,,,Censored No Alarm,0,0,0,0,0,1,0.0012440503342077136,,2019-03-02,,0.089
ZJV2E15P,0,0,,,,Censored No Alarm,0,0,0,0,0,1,0.0014575592940673232,,2018-12-21,,0.089
ZJV2E174,0,0,,,,Censored No Alarm,0,0,0,0,0,1,0.0013594940537586808,,2019-03-02,,0.089
ZJV2E18H,0,0,,,,Censored No Alarm,0,0,0,0,0,1,0.0014575592940673232,,2018-12-21,,0.089
ZJV2E199,0,0,,,,Censored No Alarm,0,0,0,0,0,1,0.0015873173251748085,,2018-12-19,,0.089
ZJV2E1AS,0,0,,,,Censored No Alarm,0,0,0,0,0,1,0.0014373145531862974,,2019-03-02,,0.089
ZJV2E1AT,0,0,,,,Censored No Alarm,0,0,0,0,0,1,0.0014575592940673232,,2018-12-19,,0.089
ZJV2E1CM,0,0,,,,Censored No Alarm,0,0,0,0,0,1,0.0014493458438664675,,2019-03-02,,0.089
ZJV2E1JH,0,0,,,,Censored No Alarm,0,0,0,0,0,1,0.0013445786898955703,,2019-01-23,,0.089
ZJV2E1JT,0,0,,,,Censored No Alarm,0,0,0,0,0,1,0.0012709153816103935,,2019-03-02,,0.089
ZJV2E1LF,0,0,,,,Censored No Alarm,0,0,0,0,0,1,0.0013809425290673971,,2019-03-02,,0.089
ZJV2E1QR,0,0,,,,Censored No Alarm,0,0,0,0,0,1,0.0014575592940673232,,2018-12-21,,0.089
ZJV2E1RF,0,0,,,,Censored No Alarm,0,0,0,0,0,1,0.0014575592940673232,,2018-12-21,,0.089
ZJV2E3XY,0,0,,,,Censored No Alarm,0,0,0,0,0,1,0.0012440503342077136,,2019-03-02,,0.089
ZJV2E41B,0,0,,,,Censored No Alarm,0,0,0,0,0,1,0.0014575592940673232,,2018-12-19,,0.089
ZJV2E42K,0,0,,,,Censored No Alarm,0,0,0,0,0,1,0.0012440503342077136,,2019-03-02,,0.089
ZJV2E44J,0,0,,,,Censored No Alarm,0,0,0,0,0,1,0.0014492818154394627,,2018-12-19,,0.089
ZJV2E44M,0,0,,,,Censored No Alarm,0,0,0,0,0,1,0.0014575592940673232,,2019-01-23,,0.089
ZJV2E44Q,0,0,,,,Censored No Alarm,0,0,0,0,0,1,0.0014575592940673232,,2018-12-21,,0.089
ZJV2E44W,0,0,,,,Censored No Alarm,0,0,0,0,0,1,0.0014575592940673232,,2018-12-21,,0.089
ZJV2E456,0,0,,,,Censored No Alarm,0,0,0,0,0,1,0.0014575592940673232,,2018-12-21,,0.089
ZJV2E464,0,0,,,,Censored No Alarm,0,0,0,0,0,1,0.001192479394376278,,2018-12-21,,0.089
ZJV2E467,0,0,,,,Censored No Alarm,0,0,0,0,0,1,0.0012440503342077136,,2019-03-02,,0.089
ZJV2E4GP,0,0,,,,Censored No Alarm,0,0,0,0,0,1,0.0018233194714412093,,2018-12-19,,0.089
ZJV2E4GS,1,0,,2025-11-10,,Missed,0,0,0,0,1,0,0.02453860081732273,,2020-09-01,,0.089
ZJV2E4JJ,0,1,2022-12-09,,,Censored Early,0,0,1,1,0,0,0.2753288149833679,0.09431538730859756,2021-08-21,475.0,0.089
ZJV2E4K6,0,0,,,,Censored No Alarm,0,0,0,0,0,1,0.0014889863086864352,,2018-12-19,,0.089
ZJV2E4KS,0,0,,,,Censored No Alarm,0,0,0,0,0,1,0.0015873173251748085,,2018-12-19,,0.089
ZJV2E4MM,0,0,,,,Censored No Alarm,0,0,0,0,0,1,0.0014575592940673232,,2018-12-21,,0.089
ZJV2E4NE,0,0,,,,Censored No Alarm,0,0,0,0,0,1,0.0014575592940673232,,2019-01-23,,0.089
ZJV2E526,0,0,,,,Censored No Alarm,0,0,0,0,0,1,0.001745968940667808,,2018-12-19,,0.089
ZJV2E5CB,0,0,,,,Censored No Alarm,0,0,0,0,0,1,0.0013429827522486448,,2019-03-02,,0.089
ZJV2E5D7,0,0,,,,Censored No Alarm,0,0,0,0,0,1,0.001611565356142819,,2018-12-19,,0.089
ZJV2E5GX,0,0,,,,Censored No Alarm,0,0,0,0,0,1,0.0014575592940673232,,2018-12-21,,0.089
ZJV2E5H3,0,0,,,,Censored No Alarm,0,0,0,0,0,1,0.0016602363903075457,,2018-12-19,,0.089
ZJV2E5K8,0,0,,,,Censored No Alarm,0,0,0,0,0,1,0.0013445786898955703,,2019-01-23,,0.089
ZJV2E5N4,0,0,,,,Censored No Alarm,0,0,0,0,0,1,0.0014575592940673232,,2018-12-19,,0.089
ZJV2E5NR,0,0,,,,Censored No Alarm,0,0,0,0,0,1,0.0014575592940673232,,2018-12-19,,0.089
ZJV2E5QK,0,0,,,,Censored No Alarm,0,0,0,0,0,1,0.0014575592940673232,,2019-03-02,,0.089
ZJV2E61Y,0,0,,,,Censored No Alarm,0,0,0,0,0,1,0.0013524687383323908,,2018-12-19,,0.089
ZJV2E65W,0,0,,,,Censored No Alarm,0,0,0,0,0,1,0.0017186980694532394,,2019-03-02,,0.089
ZJV2E66J,0,0,,,,Censored No Alarm,0,0,0,0,0,1,0.0014575592940673232,,2018-12-21,,0.089
ZJV2E69T,0,0,,,,Censored No Alarm,0,0,0,0,0,1,0.0013566594570875168,,2019-03-02,,0.089
ZJV2E6AP,0,0,,,,Censored No Alarm,0,0,0,0,0,1,0.0014575592940673232,,2018-12-21,,0.089
ZJV2E6MP,0,0,,,,Censored No Alarm,0,0,0,0,0,1,0.0014575592940673232,,2019-03-02,,0.089
ZJV2E6V0,0,0,,,,Censored No Alarm,0,0,0,0,0,1,0.0013429827522486448,,2019-03-02,,0.089
ZJV2E78P,0,0,,,,Censored No Alarm,0,0,0,0,0,1,0.0012440503342077136,,2019-03-02,,0.089
ZJV2E78Q,0,0,,,,Censored No Alarm,0,0,0,0,0,1,0.003882327349856496,,2019-01-29,,0.089
ZJV2E79K,0,0,,,,Censored No Alarm,0,0,0,0,0,1,0.0014575592940673232,,2018-12-21,,0.089
ZJV2E79V,0,0,,,,Censored No Alarm,0,0,0,0,0,1,0.0011213879333809018,,2018-12-21,,0.089
ZJV2E7AS,0,0,,,,Censored No Alarm,0,0,0,0,0,1,0.0015209609409794211,,2018-12-19,,0.089
ZJV2E7GV,0,0,,,,Censored No Alarm,0,0,0,0,0,1,0.0018267306732013822,,2019-01-23,,0.089
ZJV2E7L2,0,0,,,,Censored No Alarm,0,0,0,0,0,1,0.0014575592940673232,,2018-12-21,,0.089
ZJV2E7MV,0,0,,,,Censored No Alarm,0,0,0,0,0,1,0.001192479394376278,,2019-01-23,,0.089
ZJV2E7N5,0,0,,,,Censored No Alarm,0,0,0,0,0,1,0.0037456501740962267,,2019-10-14,,0.089
ZJV2E7RM,0,0,,,,Censored No Alarm,0,0,0,0,0,1,0.0013445786898955703,,2019-01-23,,0.089
ZJV2E7T2,0,0,,,,Censored No Alarm,0,0,0,0,0,1,0.013789741322398186,,2019-09-27,,0.089
ZJV2E7VH,0,0,,,,Censored No Alarm,0,0,0,0,0,1,0.0014575592940673232,,2018-12-19,,0.089
ZJV2E7Z0,0,0,,,,Censored No Alarm,0,0,0,0,0,1,0.0012440503342077136,,2019-03-02,,0.089
ZJV2E7ZJ,0,0,,,,Censored No Alarm,0,0,0,0,0,1,0.0013251416385173798,,2019-01-23,,0.089
ZJV2E81P,0,0,,,,Censored No Alarm,0,0,0,0,0,1,0.0013445786898955703,,2019-01-23,,0.089
ZJV2E83J,0,0,,,,Censored No Alarm,0,0,0,0,0,1,0.0015626292442902923,,2019-01-23,,0.089
ZJV2E84H,0,0,,,,Censored No Alarm,0,0,0,0,0,1,0.005710635334253311,,2018-12-19,,0.089
ZJV2E8AQ,0,0,,,,Censored No Alarm,0,0,0,0,0,1,0.0017195572145283222,,2018-12-21,,0.089
ZJV2E8FZ,0,0,,,,Censored No Alarm,0,0,0,0,0,1,0.0014575592940673232,,2018-12-21,,0.089
ZJV2E8LZ,0,1,2019-07-02,,,Censored Early,0,0,1,1,0,0,0.18841204047203064,0.14475370943546295,2019-03-02,122.0,0.089
ZJV2E8VH,0,0,,,,Censored No Alarm,0,0,0,0,0,1,0.0013694779481738806,,2019-01-23,,0.089
ZJV2E8W7,0,0,,,,Censored No Alarm,0,0,0,0,0,1,0.0012440503342077136,,2019-03-02,,0.089
ZJV2E8WW,0,0,,,,Censored No Alarm,0,0,0,0,0,1,0.0013445786898955703,,2019-01-23,,0.089
ZJV2E8XD,0,0,,,,Censored No Alarm,0,0,0,0,0,1,0.0013875027652829885,,2019-01-23,,0.089
ZJV2E8YN,0,0,,,,Censored No Alarm,0,0,0,0,0,1,0.0014575592940673232,,2018-12-21,,0.089
ZJV2E8Z1,0,0,,,,Censored No Alarm,0,0,0,0,0,1,0.0014575592940673232,,2019-01-23,,0.089
ZJV2E904,0,0,,,,Censored No Alarm,0,0,0,0,0,1,0.0014575592940673232,,2018-12-21,,0.089
ZJV2E927,0,0,,,,Censored No Alarm,0,0,0,0,0,1,0.0014575592940673232,,2019-01-23,,0.089
ZJV2E92G,0,0,,,,Censored No Alarm,0,0,0,0,0,1,0.0016817101277410984,,2018-12-19,,0.089
ZJV2E92N,0,0,,,,Censored No Alarm,0,0,0,0,0,1,0.0012440503342077136,,2019-03-02,,0.089
ZJV2E92P,0,0,,,,Censored No Alarm,0,0,0,0,0,1,0.0014575592940673232,,2018-12-19,,0.089
ZJV2E92W,0,0,,,,Censored No Alarm,0,0,0,0,0,1,0.0016422183252871037,,2018-12-19,,0.089
ZJV2E957,0,0,,,,Censored No Alarm,0,0,0,0,0,1,0.0014575592940673232,,2018-12-19,,0.089
ZJV2E97B,0,0,,,,Censored No Alarm,0,0,0,0,0,1,0.0014575592940673232,,2018-12-21,,0.089
ZJV2E98F,0,0,,,,Censored No Alarm,0,0,0,0,0,1,0.0010866873199120164,,2018-12-21,,0.089
ZJV2E9E9,0,0,,,,Censored No Alarm,0,0,0,0,0,1,0.0015873173251748085,,2018-12-19,,0.089
ZJV2E9HT,0,0,,,,Censored No Alarm,0,0,0,0,0,1,0.0014575592940673232,,2018-12-19,,0.089
ZJV2E9L4,0,0,,,,Censored No Alarm,0,0,0,0,0,1,0.0015209609409794211,,2018-12-19,,0.089
ZJV2E9NB,0,0,,,,Censored No Alarm,0,0,0,0,0,1,0.0014575592940673232,,2018-12-21,,0.089
ZJV2E9NG,0,0,,,,Censored No Alarm,0,0,0,0,0,1,0.0035695203114300966,,2019-11-12,,0.089
ZJV2E9R7,0,0,,,,Censored No Alarm,0,0,0,0,0,1,0.0011918895179405808,,2019-01-23,,0.089
ZJV2E9SH,0,0,,,,Censored No Alarm,0,0,0,0,0,1,0.001688301796093583,,2018-12-19,,0.089
ZJV2E9SL,0,0,,,,Censored No Alarm,0,0,0,0,0,1,0.0022509368136525154,,2019-03-02,,0.089
ZJV2E9XQ,0,0,,,,Censored No Alarm,0,0,0,0,0,1,0.0014575592940673232,,2018-12-21,,0.089
ZJV2E9Z8,0,0,,,,Censored No Alarm,0,0,0,0,0,1,0.0013445786898955703,,2019-01-23,,0.089
ZJV2EA0N,0,0,,,,Censored No Alarm,0,0,0,0,0,1,0.0014575592940673232,,2018-12-19,,0.089
ZJV2EA1F,0,0,,,,Censored No Alarm,0,0,0,0,0,1,0.0013429827522486448,,2019-03-02,,0.089
ZJV2EA1R,0,0,,,,Censored No Alarm,0,0,0,0,0,1,0.0017096439842134714,,2018-12-19,,0.089
ZJV2EA2Y,0,0,,,,Censored No Alarm,0,0,0,0,0,1,0.0012440503342077136,,2019-03-02,,0.089
ZJV2EA2Z,0,0,,,,Censored No Alarm,0,0,0,0,0,1,0.0014889090089127421,,2018-12-21,,0.089
ZJV2EA30,0,0,,,,Censored No Alarm,0,0,0,0,0,1,0.0014575592940673232,,2018-12-21,,0.089
ZJV2EA3Z,0,0,,,,Censored No Alarm,0,0,0,0,0,1,0.0015873173251748085,,2018-12-19,,0.089
ZJV2EA76,0,0,,,,Censored No Alarm,0,0,0,0,0,1,0.0014575592940673232,,2018-12-21,,0.089
ZJV2EA9B,0,0,,,,Censored No Alarm,0,0,0,0,0,1,0.0021015561651438475,,2018-12-21,,0.089
ZJV2EAA6,0,0,,,,Censored No Alarm,0,0,0,0,0,1,0.002108443295583129,,2018-12-21,,0.089
ZJV2EAAR,0,0,,,,Censored No Alarm,0,0,0,0,0,1,0.0014575592940673232,,2018-12-21,,0.089
ZJV2EAB8,0,0,,,,Censored No Alarm,0,0,0,0,0,1,0.0012440503342077136,,2019-03-02,,0.089
ZJV2EABE,0,0,,,,Censored No Alarm,0,0,0,0,0,1,0.001192479394376278,,2018-12-19,,0.089
ZJV2EAGG,0,0,,,,Censored No Alarm,0,0,0,0,0,1,0.0014575592940673232,,2018-12-21,,0.089
ZJV2EAGK,0,0,,,,Censored No Alarm,0,0,0,0,0,1,0.0017736441222950816,,2019-10-15,,0.089
ZJV2EAJ8,0,0,,,,Censored No Alarm,0,0,0,0,0,1,0.0013474493753165007,,2019-03-02,,0.089
ZJV2EAJK,0,0,,,,Censored No Alarm,0,0,0,0,0,1,0.0013445786898955703,,2019-01-23,,0.089
ZJV2EALR,0,0,,,,Censored No Alarm,0,0,0,0,0,1,0.0018233194714412093,,2018-12-19,,0.089
ZJV2EAQZ,0,0,,,,Censored No Alarm,0,0,0,0,0,1,0.0014575592940673232,,2018-12-21,,0.089
ZJV2EAT7,0,0,,,,Censored No Alarm,0,0,0,0,0,1,0.01183208916336298,,2018-12-19,,0.089
ZJV2EATP,0,0,,,,Censored No Alarm,0,0,0,0,0,1,0.0012440503342077136,,2019-03-02,,0.089
ZJV2EAVN,0,0,,,,Censored No Alarm,0,0,0,0,0,1,0.0014417690690606833,,2019-01-23,,0.089
ZJV2EAYY,0,0,,,,Censored No Alarm,0,0,0,0,0,1,0.0013429827522486448,,2019-03-02,,0.089
ZJV2EB0Y,0,0,,,,Censored No Alarm,0,0,0,0,0,1,0.0014575592940673232,,2018-12-21,,0.089
ZJV2EB1W,0,0,,,,Censored No Alarm,0,0,0,0,0,1,0.0013763071037828922,,2019-03-02,,0.089
ZJV2EB4D,1,0,,2019-02-08,,Missed,0,0,0,0,1,0,0.0011279360624030232,,2018-12-19,,0.089
ZJV2EB4Y,0,0,,,,Censored No Alarm,0,0,0,0,0,1,0.0014575592940673232,,2018-12-21,,0.089
ZJV2EB55,0,0,,,,Censored No Alarm,0,0,0,0,0,1,0.0014575592940673232,,2019-01-23,,0.089
ZJV2EB5M,0,0,,,,Censored No Alarm,0,0,0,0,0,1,0.0014575592940673232,,2018-12-21,,0.089
ZJV2EB90,0,0,,,,Censored No Alarm,0,0,0,0,0,1,0.0013445786898955703,,2019-01-23,,0.089
ZJV2EBDE,0,0,,,,Censored No Alarm,0,0,0,0,0,1,0.0013445786898955703,,2019-01-23,,0.089
ZJV2EBGF,0,0,,,,Censored No Alarm,0,0,0,0,0,1,0.0013445786898955703,,2019-01-23,,0.089
ZJV2EBJY,0,0,,,,Censored No Alarm,0,0,0,0,0,1,0.0013445786898955703,,2019-01-23,,0.089
ZJV2EBRA,0,0,,,,Censored No Alarm,0,0,0,0,0,1,0.0012440503342077136,,2019-03-02,,0.089
ZJV2EBRZ,0,0,,,,Censored No Alarm,0,0,0,0,0,1,0.0014575592940673232,,2018-12-21,,0.089
ZJV2EBTR,0,0,,,,Censored No Alarm,0,0,0,0,0,1,0.0014575592940673232,,2018-12-19,,0.089
ZJV2EBW6,0,0,,,,Censored No Alarm,0,0,0,0,0,1,0.0014339472400024533,,2018-12-19,,0.089
ZJV2ECBB,0,0,,,,Censored No Alarm,0,0,0,0,0,1,0.0015142967458814383,,2018-12-19,,0.089
ZJV2ECCB,0,0,,,,Censored No Alarm,0,0,0,0,0,1,0.003882327349856496,,2021-08-03,,0.089
ZJV2ECFQ,0,0,,,,Censored No Alarm,0,0,0,0,0,1,0.001192479394376278,,2019-01-23,,0.089
ZJV2ECLK,0,0,,,,Censored No Alarm,0,0,0,0,0,1,0.0016910615377128124,,2019-03-02,,0.089
ZJV2ECM7,0,0,,,,Censored No Alarm,0,0,0,0,0,1,0.0014575592940673232,,2018-12-21,,0.089
ZJV2ECQC,1,0,,2019-04-01,,Missed,0,0,0,0,1,0,0.015145331621170044,,2018-12-21,,0.089
ZJV2ECQG,0,0,,,,Censored No Alarm,0,0,0,0,0,1,0.0015209609409794211,,2018-12-19,,0.089
ZJV2ECQW,1,0,,2019-07-13,,Missed,0,0,0,0,1,0,0.04377678409218788,,2019-03-02,,0.089
ZJV2ED0A,0,0,,,,Censored No Alarm,0,0,0,0,0,1,0.0014575592940673232,,2018-12-21,,0.089
ZJV2ED0J,0,0,,,,Censored No Alarm,0,0,0,0,0,1,0.0015687936684116721,,2018-12-19,,0.089
ZJV2ED3D,0,0,,,,Censored No Alarm,0,0,0,0,0,1,0.0013429827522486448,,2019-03-02,,0.089
ZJV2ED5W,0,0,,,,Censored No Alarm,0,0,0,0,0,1,0.0018210564740002155,,2018-12-19,,0.089
ZJV2ED77,0,0,,,,Censored No Alarm,0,0,0,0,0,1,0.0014575592940673232,,2018-12-21,,0.089
ZJV2EDB5,0,0,,,,Censored No Alarm,0,0,0,0,0,1,0.0014575592940673232,,2018-12-21,,0.089
ZJV2EDEK,0,0,,,,Censored No Alarm,0,0,0,0,0,1,0.0012728936271741986,,2019-03-02,,0.089
ZJV2EDTJ,0,0,,,,Censored No Alarm,0,0,0,0,0,1,0.001745968940667808,,2018-12-19,,0.089
ZJV2EDXT,0,0,,,,Censored No Alarm,0,0,0,0,0,1,0.0014575592940673232,,2018-12-21,,0.089
ZJV2EE2Z,0,0,,,,Censored No Alarm,0,0,0,0,0,1,0.0014575592940673232,,2018-12-21,,0.089
ZJV2EE7B,0,0,,,,Censored No Alarm,0,0,0,0,0,1,0.0014575592940673232,,2018-12-19,,0.089
ZJV2EE9Z,0,0,,,,Censored No Alarm,0,0,0,0,0,1,0.0012890943326056004,,2018-12-21,,0.089
ZJV2EEDG,0,0,,,,Censored No Alarm,0,0,0,0,0,1,0.020551491528749466,,2019-10-15,,0.089
ZJV2EEEC,0,0,,,,Censored No Alarm,0,0,0,0,0,1,0.0014575592940673232,,2018-12-21,,0.089
ZJV2EEJ2,0,0,,,,Censored No Alarm,0,0,0,0,0,1,0.0017096439842134714,,2018-12-19,,0.089
ZJV2EEJX,0,0,,,,Censored No Alarm,0,0,0,0,0,1,0.0013875027652829885,,2019-01-23,,0.089
ZJV2EEKN,0,0,,,,Censored No Alarm,0,0,0,0,0,1,0.0016310053179040551,,2018-12-19,,0.089
ZJV2EEL8,0,0,,,,Censored No Alarm,0,0,0,0,0,1,0.001857997034676373,,2018-12-19,,0.089
ZJV2EEN3,0,0,,,,Censored No Alarm,0,0,0,0,0,1,0.0014575592940673232,,2018-12-21,,0.089
ZJV2EENF,0,0,,,,Censored No Alarm,0,0,0,0,0,1,0.0012440503342077136,,2019-03-02,,0.089
ZJV2EEP1,0,0,,,,Censored No Alarm,0,0,0,0,0,1,0.001476782257668674,,2018-12-21,,0.089
ZJV2EEQ8,0,0,,,,Censored No Alarm,0,0,0,0,0,1,0.0017096439842134714,,2018-12-19,,0.089
ZJV2EEQT,0,0,,,,Censored No Alarm,0,0,0,0,0,1,0.0013014334253966808,,2019-03-02,,0.089
ZJV2EER0,0,0,,,,Censored No Alarm,0,0,0,0,0,1,0.0015667910920456052,,2018-12-19,,0.089
ZJV2EES1,0,0,,,,Censored No Alarm,0,0,0,0,0,1,0.004005850292742252,,2018-12-19,,0.089
ZJV2EETE,0,0,,,,Censored No Alarm,0,0,0,0,0,1,0.0022709115874022245,,2018-12-19,,0.089
ZJV2EEY0,0,0,,,,Censored No Alarm,0,0,0,0,0,1,0.0017186980694532394,,2019-03-02,,0.089
ZJV2EEYH,0,0,,,,Censored No Alarm,0,0,0,0,0,1,0.003882327349856496,,2020-05-15,,0.089
ZJV2EEZD,0,0,,,,Censored No Alarm,0,0,0,0,0,1,0.0013694779481738806,,2019-01-23,,0.089
ZJV2EF24,0,0,,,,Censored No Alarm,0,0,0,0,0,1,0.0014575592940673232,,2018-12-21,,0.089
ZJV2EF2C,0,0,,,,Censored No Alarm,0,0,0,0,0,1,0.0012440503342077136,,2019-03-02,,0.089
ZJV2EF3G,0,0,,,,Censored No Alarm,0,0,0,0,0,1,0.0014575592940673232,,2018-12-19,,0.089
ZJV2EF7D,0,0,,,,Censored No Alarm,0,0,0,0,0,1,0.0015873173251748085,,2018-12-19,,0.089
ZJV2EF7Z,0,0,,,,Censored No Alarm,0,0,0,0,0,1,0.0014575592940673232,,2019-01-23,,0.089
ZJV2EFBY,0,0,,,,Censored No Alarm,0,0,0,0,0,1,0.0014575592940673232,,2019-01-23,,0.089
ZJV2EFC9,0,0,,,,Censored No Alarm,0,0,0,0,0,1,0.0014575592940673232,,2018-12-21,,0.089
ZJV2EFCK,0,0,,,,Censored No Alarm,0,0,0,0,0,1,0.0014575592940673232,,2018-12-19,,0.089
ZJV2EFDQ,0,0,,,,Censored No Alarm,0,0,0,0,0,1,0.0012440503342077136,,2019-03-02,,0.089
ZJV2EFEP,0,0,,,,Censored No Alarm,0,0,0,0,0,1,0.04984351992607117,,2021-11-10,,0.089
ZJV2EFGD,0,0,,,,Censored No Alarm,0,0,0,0,0,1,0.0018233194714412093,,2018-12-19,,0.089
ZJV2EFJT,0,0,,,,Censored No Alarm,0,0,0,0,0,1,0.002108443295583129,,2018-12-21,,0.089
ZJV2EFLB,0,0,,,,Censored No Alarm,0,0,0,0,0,1,0.0015040847938507795,,2018-12-21,,0.089
ZJV2EFLS,0,0,,,,Censored No Alarm,0,0,0,0,0,1,0.001745968940667808,,2018-12-19,,0.089
ZJV2EFQG,0,0,,,,Censored No Alarm,0,0,0,0,0,1,0.0013194046914577484,,2019-03-02,,0.089
ZJV2EFQM,0,0,,,,Censored No Alarm,0,0,0,0,0,1,0.0013694779481738806,,2019-01-23,,0.089
ZJV2EFVL,0,0,,,,Censored No Alarm,0,0,0,0,0,1,0.0014575592940673232,,2018-12-21,,0.089
ZJV2EFX7,1,0,,2021-02-05,,Missed,0,0,0,0,1,0,0.03859355300664902,,2019-04-05,,0.089
ZJV2EFXM,0,0,,,,Censored No Alarm,0,0,0,0,0,1,0.0014575592940673232,,2018-12-21,,0.089
ZJV2EFZC,0,0,,,,Censored No Alarm,0,0,0,0,0,1,0.001676378189586103,,2018-12-21,,0.089
ZJV2EG72,0,0,,,,Censored No Alarm,0,0,0,0,0,1,0.0010776631534099579,,2018-12-21,,0.089
ZJV2EG8D,0,0,,,,Censored No Alarm,0,0,0,0,0,1,0.0014575592940673232,,2018-12-19,,0.089
ZJV2EGDK,0,0,,,,Censored No Alarm,0,0,0,0,0,1,0.001423634821549058,,2019-03-02,,0.089
ZJV2EGDN,0,0,,,,Censored No Alarm,0,0,0,0,0,1,0.0013429827522486448,,2019-03-02,,0.089
ZJV2EGFP,0,0,,,,Censored No Alarm,0,0,0,0,0,1,0.0012440503342077136,,2019-03-02,,0.089
ZJV2EGK0,0,0,,,,Censored No Alarm,0,0,0,0,0,1,0.0015040847938507795,,2018-12-21,,0.089
ZJV2EGK4,0,0,,,,Censored No Alarm,0,0,0,0,0,1,0.0011500994442030787,,2021-09-13,,0.089
ZJV2EGNJ,0,0,,,,Censored No Alarm,0,0,0,0,0,1,0.040250521153211594,,2019-06-25,,0.089
ZJV2EGY2,0,0,,,,Censored No Alarm,0,0,0,0,0,1,0.0014575592940673232,,2019-01-23,,0.089
ZJV2EH0L,0,0,,,,Censored No Alarm,0,0,0,0,0,1,0.0017096439842134714,,2018-12-19,,0.089
ZJV2EH0V,0,0,,,,Censored No Alarm,0,0,0,0,0,1,0.0014860250521451235,,2018-12-19,,0.089
ZJV2EH19,0,0,,,,Censored No Alarm,0,0,0,0,0,1,0.002528565237298608,,2018-12-19,,0.089
ZJV2EH36,0,0,,,,Censored No Alarm,0,0,0,0,0,1,0.0017699027666822076,,2019-03-02,,0.089
ZJV2EH55,0,0,,,,Censored No Alarm,0,0,0,0,0,1,0.0014575592940673232,,2018-12-21,,0.089
ZJV2EH5T,0,0,,,,Censored No Alarm,0,0,0,0,0,1,0.001626107725314796,,2018-12-19,,0.089
ZJV2EH5W,0,0,,,,Censored No Alarm,0,0,0,0,0,1,0.0014575592940673232,,2018-12-21,,0.089
ZJV2EH7B,0,0,,,,Censored No Alarm,0,0,0,0,0,1,0.0014575592940673232,,2018-12-21,,0.089
ZJV2EH7Y,0,0,,,,Censored No Alarm,0,0,0,0,0,1,0.0017490658210590482,,2018-12-19,,0.089
ZJV2EH88,0,0,,,,Censored No Alarm,0,0,0,0,0,1,0.0012440503342077136,,2019-03-02,,0.089
ZJV2EH8T,0,0,,,,Censored No Alarm,0,0,0,0,0,1,0.0014575592940673232,,2018-12-21,,0.089
ZJV2EHD2,0,0,,,,Censored No Alarm,0,0,0,0,0,1,0.0012972881086170673,,2019-03-02,,0.089
ZJV2EHG1,0,0,,,,Censored No Alarm,0,0,0,0,0,1,0.0014575592940673232,,2018-12-21,,0.089
ZJV2EHGH,0,0,,,,Censored No Alarm,0,0,0,0,0,1,0.0014575592940673232,,2018-12-21,,0.089
ZJV2EHGT,0,0,,,,Censored No Alarm,0,0,0,0,0,1,0.001146801165305078,,2018-12-19,,0.089
ZJV2EHH1,0,0,,,,Censored No Alarm,0,0,0,0,0,1,0.0013429827522486448,,2019-03-02,,0.089
ZJV2EHHG,0,0,,,,Censored No Alarm,0,0,0,0,0,1,0.0014575592940673232,,2018-12-21,,0.089
ZJV2EHHQ,0,0,,,,Censored No Alarm,0,0,0,0,0,1,0.0014575592940673232,,2018-12-19,,0.089
ZJV2EHJH,0,0,,,,Censored No Alarm,0,0,0,0,0,1,0.0014575592940673232,,2018-12-21,,0.089
ZJV2EHK5,0,0,,,,Censored No Alarm,0,0,0,0,0,1,0.003882327349856496,,2020-04-28,,0.089
ZJV2ELSL,0,0,,,,Censored No Alarm,0,0,0,0,0,1,0.0013445786898955703,,2019-01-23,,0.089
ZJV2EM1G,0,0,,,,Censored No Alarm,0,0,0,0,0,1,0.0014575592940673232,,2018-12-19,,0.089
ZJV2EM2E,0,0,,,,Censored No Alarm,0,0,0,0,0,1,0.0014575592940673232,,2018-12-19,,0.089
ZJV2EM4Q,0,0,,,,Censored No Alarm,0,0,0,0,0,1,0.0014575592940673232,,2018-12-21,,0.089
ZJV2EM53,0,0,,,,Censored No Alarm,0,0,0,0,0,1,0.0016928729601204395,,2018-12-19,,0.089
ZJV2EM97,0,0,,,,Censored No Alarm,0,0,0,0,0,1,0.002108443295583129,,2018-12-21,,0.089
ZJV2EM9N,0,0,,,,Censored No Alarm,0,0,0,0,0,1,0.0014575592940673232,,2018-12-19,,0.089
ZJV2EMBC,0,0,,,,Censored No Alarm,0,0,0,0,0,1,0.0014575592940673232,,2019-01-23,,0.089
ZJV2EMDW,0,0,,,,Censored No Alarm,0,0,0,0,0,1,0.0017096439842134714,,2018-12-19,,0.089
ZJV2EMDZ,0,0,,,,Censored No Alarm,0,0,0,0,0,1,0.0013445786898955703,,2019-01-23,,0.089
ZJV2EMG5,0,0,,,,Censored No Alarm,0,0,0,0,0,1,0.001192479394376278,,2018-12-19,,0.089
ZJV2EMH3,0,0,,,,Censored No Alarm,0,0,0,0,0,1,0.012784270569682121,,2018-12-19,,0.089
ZJV2EMK7,0,0,,,,Censored No Alarm,0,0,0,0,0,1,0.0012972881086170673,,2019-03-02,,0.089
ZJV2EMNP,0,0,,,,Censored No Alarm,0,0,0,0,0,1,0.0014575592940673232,,2018-12-21,,0.089
ZJV2EN1A,0,0,,,,Censored No Alarm,0,0,0,0,0,1,0.0012440503342077136,,2019-03-02,,0.089
ZJV2EN1M,0,0,,,,Censored No Alarm,0,0,0,0,0,1,0.0018620543414726853,,2018-12-19,,0.089
ZJV2EN2H,0,0,,,,Censored No Alarm,0,0,0,0,0,1,0.0015796225052326918,,2018-12-19,,0.089
ZJV2EN2X,0,0,,,,Censored No Alarm,0,0,0,0,0,1,0.0013429827522486448,,2019-03-02,,0.089
ZJV2EN2Y,0,0,,,,Censored No Alarm,0,0,0,0,0,1,0.0019183700205758214,,2018-12-19,,0.089
ZJV2EN33,0,0,,,,Censored No Alarm,0,0,0,0,0,1,0.0014575592940673232,,2019-01-23,,0.089
ZJV2EN40,0,0,,,,Censored No Alarm,0,0,0,0,0,1,0.0012440503342077136,,2019-03-02,,0.089
ZJV2EN8F,0,0,,,,Censored No Alarm,0,0,0,0,0,1,0.010064537636935711,,2018-12-19,,0.089
ZJV2ENCE,0,0,,,,Censored No Alarm,0,0,0,0,0,1,0.0015341881662607193,,2018-12-19,,0.089
ZJV2ENCZ,0,0,,,,Censored No Alarm,0,0,0,0,0,1,0.0012440503342077136,,2019-03-02,,0.089
ZJV2END5,0,0,,,,Censored No Alarm,0,0,0,0,0,1,0.001063736854121089,,2021-09-18,,0.089
ZJV2ENHX,0,0,,,,Censored No Alarm,0,0,0,0,0,1,0.0014891437022015452,,2018-12-21,,0.089
ZJV2ENJJ,0,0,,,,Censored No Alarm,0,0,0,0,0,1,0.0013429827522486448,,2019-03-02,,0.089
ZJV2ENK3,0,0,,,,Censored No Alarm,0,0,0,0,0,1,0.0012440503342077136,,2019-03-02,,0.089
ZJV2ENN5,1,1,2019-03-14,2019-03-18,4.0,On time,1,0,0,0,0,0,0.5895540118217468,0.5895540118217468,2019-03-02,12.0,0.089
ZJV2ENR2,0,0,,,,Censored No Alarm,0,0,0,0,0,1,0.0014575592940673232,,2018-12-21,,0.089
ZJV2ENTY,0,0,,,,Censored No Alarm,0,0,0,0,0,1,0.0015228369738906622,,2018-12-21,,0.089
ZJV2ENVK,0,0,,,,Censored No Alarm,0,0,0,0,0,1,0.0014575592940673232,,2018-12-19,,0.089
ZJV2ENYK,0,0,,,,Censored No Alarm,0,0,0,0,0,1,0.0014575592940673232,,2019-01-23,,0.089
ZJV2EPL0,0,0,,,,Censored No Alarm,0,0,0,0,0,1,0.0012440503342077136,,2019-03-02,,0.089
ZJV2EPLQ,0,0,,,,Censored No Alarm,0,0,0,0,0,1,0.0013429827522486448,,2019-03-02,,0.089
ZJV2EPM9,0,0,,,,Censored No Alarm,0,0,0,0,0,1,0.0015209609409794211,,2018-12-19,,0.089
ZJV2EPNS,0,0,,,,Censored No Alarm,0,0,0,0,0,1,0.0014575592940673232,,2018-12-21,,0.089
ZJV2EPWL,0,0,,,,Censored No Alarm,0,0,0,0,0,1,0.0014539763797074556,,2018-12-19,,0.089
ZJV2EPXP,0,0,,,,Censored No Alarm,0,0,0,0,0,1,0.0014889090089127421,,2019-01-23,,0.089
ZJV2EQ10,0,0,,,,Censored No Alarm,0,0,0,0,0,1,0.0014575592940673232,,2018-12-21,,0.089
ZJV2EQ1J,0,0,,,,Censored No Alarm,0,0,0,0,0,1,0.001340975402854383,,2019-03-02,,0.089
ZJV2EQ2E,0,0,,,,Censored No Alarm,0,0,0,0,0,1,0.0022702179849147797,,2018-12-19,,0.089
ZJV2EQ2L,0,0,,,,Censored No Alarm,0,0,0,0,0,1,0.0017186980694532394,,2019-03-02,,0.089
ZJV2EQ30,0,0,,,,Censored No Alarm,0,0,0,0,0,1,0.0014889863086864352,,2018-12-19,,0.089
ZJV2EQ3V,0,0,,,,Censored No Alarm,0,0,0,0,0,1,0.0015626292442902923,,2019-01-23,,0.089
ZJV2EQ92,0,0,,,,Censored No Alarm,0,0,0,0,0,1,0.0014575592940673232,,2018-12-21,,0.089
ZJV2EQ9P,0,0,,,,Censored No Alarm,0,0,0,0,0,1,0.0014575592940673232,,2018-12-21,,0.089
ZJV2EQ9W,0,0,,,,Censored No Alarm,0,0,0,0,0,1,0.0012440503342077136,,2019-03-02,,0.089
ZJV2EQAK,0,0,,,,Censored No Alarm,0,0,0,0,0,1,0.0018233194714412093,,2018-12-19,,0.089
ZJV2EQAN,0,0,,,,Censored No Alarm,0,0,0,0,0,1,0.0014575592940673232,,2018-12-21,,0.089
ZJV2EQCR,0,0,,,,Censored No Alarm,0,0,0,0,0,1,0.0019183700205758214,,2018-12-19,,0.089
ZJV2EQD3,0,0,,,,Censored No Alarm,0,0,0,0,0,1,0.0014575592940673232,,2018-12-21,,0.089
ZJV2EQF3,0,0,,,,Censored No Alarm,0,0,0,0,0,1,0.011660114862024784,,2019-10-03,,0.089
ZJV2EQG7,0,0,,,,Censored No Alarm,0,0,0,0,0,1,0.001340975402854383,,2019-03-02,,0.089
ZJV2EQHE,0,0,,,,Censored No Alarm,0,0,0,0,0,1,0.0014575592940673232,,2019-01-23,,0.089
ZJV2EQHK,0,0,,,,Censored No Alarm,0,0,0,0,0,1,0.0014575592940673232,,2018-12-19,,0.089
ZJV2EQKM,0,0,,,,Censored No Alarm,0,0,0,0,0,1,0.0014575592940673232,,2018-12-21,,0.089
ZJV2EQKX,0,0,,,,Censored No Alarm,0,0,0,0,0,1,0.0014575592940673232,,2018-12-21,,0.089
ZJV2EQPZ,0,0,,,,Censored No Alarm,0,0,0,0,0,1,0.0014889090089127421,,2019-01-23,,0.089
ZJV2EQQ3,0,0,,,,Censored No Alarm,0,0,0,0,0,1,0.0013429827522486448,,2019-03-02,,0.089
ZJV2EQRW,0,0,,,,Censored No Alarm,0,0,0,0,0,1,0.0013429827522486448,,2019-03-02,,0.089
ZJV2EQS8,0,0,,,,Censored No Alarm,0,0,0,0,0,1,0.001538541866466403,,2018-12-19,,0.089
ZJV2EQTB,0,0,,,,Censored No Alarm,0,0,0,0,0,1,0.0017186980694532394,,2019-03-02,,0.089
ZJV2ER1G,1,0,,2019-07-25,,Missed,0,0,0,0,1,0,0.0012440503342077136,,2019-03-02,,0.089
ZJV2ER1J,0,0,,,,Censored No Alarm,0,0,0,0,0,1,0.012263821437954903,,2019-10-02,,0.089
ZJV2ER1V,0,0,,,,Censored No Alarm,0,0,0,0,0,1,0.0012440503342077136,,2019-03-02,,0.089
ZJV2ER1Y,0,0,,,,Censored No Alarm,0,0,0,0,0,1,0.0010866873199120164,,2018-12-21,,0.089
ZJV2ER24,0,0,,,,Censored No Alarm,0,0,0,0,0,1,0.0014575592940673232,,2018-12-19,,0.089
ZJV2ER27,0,0,,,,Censored No Alarm,0,0,0,0,0,1,0.0014575592940673232,,2018-12-21,,0.089
ZJV2ER50,0,0,,,,Censored No Alarm,0,0,0,0,0,1,0.0014575592940673232,,2018-12-19,,0.089
ZJV2ER5N,0,0,,,,Censored No Alarm,0,0,0,0,0,1,0.0013763071037828922,,2019-03-02,,0.089
ZJV2ER9P,0,0,,,,Censored No Alarm,0,0,0,0,0,1,0.0014575592940673232,,2018-12-21,,0.089
ZJV2ERHQ,0,0,,,,Censored No Alarm,0,0,0,0,0,1,0.0014575592940673232,,2018-12-21,,0.089
ZJV2ERJH,0,0,,,,Censored No Alarm,0,0,0,0,0,1,0.0015040847938507795,,2018-12-21,,0.089
ZJV2ERK5,0,0,,,,Censored No Alarm,0,0,0,0,0,1,0.0016346609918400645,,2018-12-21,,0.089
ZJV2ERMN,0,0,,,,Censored No Alarm,0,0,0,0,0,1,0.0014575592940673232,,2018-12-21,,0.089
ZJV2ERPR,0,0,,,,Censored No Alarm,0,0,0,0,0,1,0.0014575592940673232,,2018-12-21,,0.089
ZJV2ERQC,0,0,,,,Censored No Alarm,0,0,0,0,0,1,0.001611565356142819,,2018-12-19,,0.089
ZJV2ERRM,0,0,,,,Censored No Alarm,0,0,0,0,0,1,0.0012440503342077136,,2018-12-21,,0.089
ZJV2ERRP,0,0,,,,Censored No Alarm,0,0,0,0,0,1,0.0014575592940673232,,2018-12-21,,0.089
ZJV2ERSD,0,0,,,,Censored No Alarm,0,0,0,0,0,1,0.001586300553753972,,2019-01-23,,0.089
ZJV2ERSN,0,0,,,,Censored No Alarm,0,0,0,0,0,1,0.0012440503342077136,,2019-03-02,,0.089
ZJV2ERTK,0,0,,,,Censored No Alarm,0,0,0,0,0,1,0.004893247503787279,,2019-11-15,,0.089
ZJV2ERZG,0,0,,,,Censored No Alarm,0,0,0,0,0,1,0.0013445786898955703,,2019-01-23,,0.089
ZJV2ES0T,0,0,,,,Censored No Alarm,0,0,0,0,0,1,0.0014575592940673232,,2018-12-21,,0.089
ZJV2ES2W,0,0,,,,Censored No Alarm,0,0,0,0,0,1,0.0014575592940673232,,2019-01-23,,0.089
ZJV2ES6P,0,0,,,,Censored No Alarm,0,0,0,0,0,1,0.0015873173251748085,,2018-12-19,,0.089
ZJV2ES71,0,0,,,,Censored No Alarm,0,0,0,0,0,1,0.0014575592940673232,,2018-12-19,,0.089
ZJV2ESBX,0,0,,,,Censored No Alarm,0,0,0,0,0,1,0.0016896952874958515,,2018-12-19,,0.089
ZJV2ESBY,0,0,,,,Censored No Alarm,0,0,0,0,0,1,0.0015873173251748085,,2018-12-19,,0.089
ZJV2ESCX,0,0,,,,Censored No Alarm,0,0,0,0,0,1,0.007925540208816528,,2018-12-21,,0.089
ZJV2ESEL,0,0,,,,Censored No Alarm,0,0,0,0,0,1,0.0012440503342077136,,2019-03-02,,0.089
ZJV2ESGC,0,0,,,,Censored No Alarm,0,0,0,0,0,1,0.0018620543414726853,,2018-12-19,,0.089
ZJV2ESJN,0,0,,,,Censored No Alarm,0,0,0,0,0,1,0.0013445786898955703,,2019-01-23,,0.089
ZJV2ESKT,0,0,,,,Censored No Alarm,0,0,0,0,0,1,0.0014575592940673232,,2018-12-21,,0.089
ZJV2ESM1,0,0,,,,Censored No Alarm,0,0,0,0,0,1,0.0015961219323799014,,2018-12-19,,0.089
ZJV2ESNN,0,0,,,,Censored No Alarm,0,0,0,0,0,1,0.0014575592940673232,,2018-12-21,,0.089
ZJV2ESSA,0,0,,,,Censored No Alarm,0,0,0,0,0,1,0.0012440503342077136,,2019-03-02,,0.089
ZJV2ESW4,0,0,,,,Censored No Alarm,0,0,0,0,0,1,0.0013694779481738806,,2019-01-23,,0.089
ZJV2ET05,0,0,,,,Censored No Alarm,0,0,0,0,0,1,0.0014575592940673232,,2018-12-21,,0.089
ZJV2ET3G,0,0,,,,Censored No Alarm,0,0,0,0,0,1,0.0014575592940673232,,2018-12-21,,0.089
ZJV2ET5G,0,0,,,,Censored No Alarm,0,0,0,0,0,1,0.0017552149947732687,,2019-03-02,,0.089
ZJV2ET7Q,0,0,,,,Censored No Alarm,0,0,0,0,0,1,0.0013362353201955557,,2019-01-23,,0.089
ZJV2ET8C,0,0,,,,Censored No Alarm,0,0,0,0,0,1,0.0012440503342077136,,2019-03-02,,0.089
ZJV2ETAR,0,0,,,,Censored No Alarm,0,0,0,0,0,1,0.0011918895179405808,,2019-01-23,,0.089
ZJV2ETDT,0,0,,,,Censored No Alarm,0,0,0,0,0,1,0.0014575592940673232,,2019-10-15,,0.089
ZJV2ETFE,0,0,,,,Censored No Alarm,0,0,0,0,0,1,0.0014575592940673232,,2018-12-21,,0.089
ZJV2ETGL,0,0,,,,Censored No Alarm,0,0,0,0,0,1,0.0014575592940673232,,2018-12-21,,0.089
ZJV2ETHM,0,0,,,,Censored No Alarm,0,0,0,0,0,1,0.0015804462600499392,,2021-10-11,,0.089
ZJV2FE8K,0,0,,,,Censored No Alarm,0,0,0,0,0,1,0.002108443295583129,,2018-12-21,,0.089
ZJV2FNXN,0,0,,,,Censored No Alarm,0,0,0,0,0,1,0.0016928729601204395,,2018-12-19,,0.089
ZJV2FNXT,0,0,,,,Censored No Alarm,0,0,0,0,0,1,0.0014575592940673232,,2018-12-21,,0.089
ZJV2FNZL,0,0,,,,Censored No Alarm,0,0,0,0,0,1,0.0013875027652829885,,2019-01-23,,0.089
ZJV2FP0E,0,0,,,,Censored No Alarm,0,0,0,0,0,1,0.0017599669517949224,,2019-01-23,,0.089
ZJV2FP26,0,0,,,,Censored No Alarm,0,0,0,0,0,1,0.0019183700205758214,,2018-12-19,,0.089
ZJV2FP3L,0,0,,,,Censored No Alarm,0,0,0,0,0,1,0.0014575592940673232,,2018-12-19,,0.089
ZJV2FP3N,0,0,,,,Censored No Alarm,0,0,0,0,0,1,0.0013411262771114707,,2019-01-23,,0.089
ZJV2FP44,0,0,,,,Censored No Alarm,0,0,0,0,0,1,0.0018233194714412093,,2018-12-19,,0.089
ZJV2FP5M,0,0,,,,Censored No Alarm,0,0,0,0,0,1,0.0039873383939266205,,2018-12-21,,0.089
ZJV2FP5X,0,0,,,,Censored No Alarm,0,0,0,0,0,1,0.0012440503342077136,,2019-03-02,,0.089
ZJV2FP7F,0,0,,,,Censored No Alarm,0,0,0,0,0,1,0.0014575592940673232,,2018-12-19,,0.089
ZJV2FP7Z,0,0,,,,Censored No Alarm,0,0,0,0,0,1,0.0014575592940673232,,2018-12-21,,0.089
ZJV2FP9L,0,0,,,,Censored No Alarm,0,0,0,0,0,1,0.0016928729601204395,,2018-12-19,,0.089
ZJV2FPB1,0,0,,,,Censored No Alarm,0,0,0,0,0,1,0.0015209609409794211,,2018-12-19,,0.089
ZJV2FPBX,0,0,,,,Censored No Alarm,0,0,0,0,0,1,0.0017096439842134714,,2018-12-19,,0.089
ZJV2FPEC,0,0,,,,Censored No Alarm,0,0,0,0,0,1,0.002108443295583129,,2018-12-21,,0.089
ZJV2FPJY,0,0,,,,Censored No Alarm,0,0,0,0,0,1,0.0014575592940673232,,2019-01-23,,0.089
ZJV2FPKJ,0,0,,,,Censored No Alarm,0,0,0,0,0,1,0.0016210473841056228,,2018-12-19,,0.089
ZJV2FPR4,0,0,,,,Censored No Alarm,0,0,0,0,0,1,0.0014575592940673232,,2018-12-19,,0.089
ZJV2FPTQ,0,0,,,,Censored No Alarm,0,0,0,0,0,1,0.0013576372293755412,,2019-01-23,,0.089
ZJV2FPVE,0,0,,,,Censored No Alarm,0,0,0,0,0,1,0.0014575592940673232,,2018-12-21,,0.089
ZJV2FPXK,0,0,,,,Censored No Alarm,0,0,0,0,0,1,0.0015365551225841045,,2019-03-02,,0.089
ZJV2FPY3,0,0,,,,Censored No Alarm,0,0,0,0,0,1,0.0013875027652829885,,2019-01-23,,0.089
ZJV2FPYG,1,1,2019-06-23,2019-07-07,14.0,On time,1,0,0,0,0,0,0.5977341532707214,0.47683873772621155,2019-03-02,113.0,0.089
ZJV2FPYT,0,0,,,,Censored No Alarm,0,0,0,0,0,1,0.0014575592940673232,,2018-12-19,,0.089
ZJV2FPZP,0,0,,,,Censored No Alarm,0,0,0,0,0,1,0.0014575592940673232,,2018-12-21,,0.089
ZJV2FQ6T,0,0,,,,Censored No Alarm,0,0,0,0,0,1,0.0013429827522486448,,2019-03-02,,0.089
ZJV2FQ8F,0,0,,,,Censored No Alarm,0,0,0,0,0,1,0.0014048035955056548,,2019-01-23,,0.089
ZJV2FQE5,0,0,,,,Censored No Alarm,0,0,0,0,0,1,0.0014575592940673232,,2018-12-21,,0.089
ZJV2FQFT,0,0,,,,Censored No Alarm,0,0,0,0,0,1,0.0012440503342077136,,2019-03-02,,0.089
ZJV2FQFY,0,0,,,,Censored No Alarm,0,0,0,0,0,1,0.0015880134887993336,,2018-12-19,,0.089
ZJV2FQGL,0,0,,,,Censored No Alarm,0,0,0,0,0,1,0.0018982819747179747,,2018-12-19,,0.089
ZJV2FQHP,0,0,,,,Censored No Alarm,0,0,0,0,0,1,0.0013875027652829885,,2019-01-23,,0.089
ZJV2FQHY,0,0,,,,Censored No Alarm,0,0,0,0,0,1,0.0021826166193932295,,2018-12-19,,0.089
ZJV2FQJY,0,0,,,,Censored No Alarm,0,0,0,0,0,1,0.0017096439842134714,,2018-12-19,,0.089
ZJV2FQKZ,0,0,,,,Censored No Alarm,0,0,0,0,0,1,0.0014575592940673232,,2018-12-21,,0.089
ZJV2FQTS,0,0,,,,Censored No Alarm,0,0,0,0,0,1,0.0012440503342077136,,2019-03-02,,0.089
ZJV2FQVZ,0,0,,,,Censored No Alarm,0,0,0,0,0,1,0.0018233194714412093,,2018-12-19,,0.089
ZJV2FQX7,0,0,,,,Censored No Alarm,0,0,0,0,0,1,0.0015667910920456052,,2018-12-19,,0.089
ZJV2FQYT,0,0,,,,Censored No Alarm,0,0,0,0,0,1,0.0017972233472391963,,2019-01-23,,0.089
ZJV2FQZ9,0,0,,,,Censored No Alarm,0,0,0,0,0,1,0.0013411262771114707,,2019-01-23,,0.089
ZJV2FR1A,0,0,,,,Censored No Alarm,0,0,0,0,0,1,0.0014575592940673232,,2019-01-23,,0.089
ZJV2FR3Z,0,0,,,,Censored No Alarm,0,0,0,0,0,1,0.0014575592940673232,,2018-12-21,,0.089
ZJV2FR6F,0,0,,,,Censored No Alarm,0,0,0,0,0,1,0.0014575592940673232,,2018-12-21,,0.089
ZJV2FR7Z,0,0,,,,Censored No Alarm,0,0,0,0,0,1,0.0014575592940673232,,2018-12-21,,0.089
ZJV2FR8B,0,0,,,,Censored No Alarm,0,0,0,0,0,1,0.0014575592940673232,,2018-12-21,,0.089
ZJV2FR8Q,0,0,,,,Censored No Alarm,0,0,0,0,0,1,0.001467761117964983,,2018-12-19,,0.089
ZJV2FR93,0,0,,,,Censored No Alarm,0,0,0,0,0,1,0.0014575592940673232,,2018-12-21,,0.089
ZJV2FRAC,1,0,,2019-08-12,,Missed,0,0,0,0,1,0,0.03079891763627529,,2018-12-19,,0.089
ZJV2FRBL,0,0,,,,Censored No Alarm,0,0,0,0,0,1,0.008552279323339462,,2018-12-19,,0.089
ZJV2FRF4,0,0,,,,Censored No Alarm,0,0,0,0,0,1,0.0014575592940673232,,2019-01-23,,0.089
ZJV2FRGQ,0,0,,,,Censored No Alarm,0,0,0,0,0,1,0.0013576372293755412,,2019-01-23,,0.089
ZJV2FRLS,0,0,,,,Censored No Alarm,0,0,0,0,0,1,0.0019387538777664304,,2019-01-23,,0.089
ZJV2FRMK,0,0,,,,Censored No Alarm,0,0,0,0,0,1,0.0014575592940673232,,2018-12-19,,0.089
ZJV2FRMS,0,0,,,,Censored No Alarm,0,0,0,0,0,1,0.0012440503342077136,,2019-03-02,,0.089
ZJV2FRND,0,0,,,,Censored No Alarm,0,0,0,0,0,1,0.0014575592940673232,,2018-12-21,,0.089
ZJV2FRNN,0,0,,,,Censored No Alarm,0,0,0,0,0,1,0.001745968940667808,,2018-12-19,,0.089
ZJV2FRQC,0,0,,,,Censored No Alarm,0,0,0,0,0,1,0.001340975402854383,,2019-03-02,,0.089
ZJV2FRT0,0,0,,,,Censored No Alarm,0,0,0,0,0,1,0.0014575592940673232,,2019-01-23,,0.089
ZJV2FRTB,0,0,,,,Censored No Alarm,0,0,0,0,0,1,0.0011657070135697722,,2019-03-02,,0.089
ZJV2FRW3,0,0,,,,Censored No Alarm,0,0,0,0,0,1,0.0014575592940673232,,2018-12-21,,0.089
ZJV2FRYP,0,0,,,,Censored No Alarm,0,0,0,0,0,1,0.0014575592940673232,,2018-12-21,,0.089
ZJV2KYJT,0,0,,,,Censored No Alarm,0,0,0,0,0,1,0.044640157371759415,,2019-08-05,,0.089
ZJV2MSEW,0,0,,,,Censored No Alarm,0,0,0,0,0,1,0.001192479394376278,,2019-01-23,,0.089
ZJV2RF22,0,0,,,,Censored No Alarm,0,0,0,0,0,1,0.0019398751901462674,,2019-01-23,,0.089
ZJV2RWZ9,0,0,,,,Censored No Alarm,0,0,0,0,0,1,0.0013474493753165007,,2019-01-23,,0.089
ZJV2S4SS,0,0,,,,Censored No Alarm,0,0,0,0,0,1,0.0013729844940826297,,2019-01-23,,0.089
ZJV2S4ST,0,0,,,,Censored No Alarm,0,0,0,0,0,1,0.0013304498279467225,,2019-01-23,,0.089
ZJV2SDFY,0,0,,,,Censored No Alarm,0,0,0,0,0,1,0.0012440503342077136,,2019-03-02,,0.089
ZJV2SHYV,0,0,,,,Censored No Alarm,0,0,0,0,0,1,0.0019398751901462674,,2019-01-23,,0.089
ZJV2SJ97,0,0,,,,Censored No Alarm,0,0,0,0,0,1,0.0014575592940673232,,2019-01-23,,0.089
ZJV2SPFP,0,0,,,,Censored No Alarm,0,0,0,0,0,1,0.0018267306732013822,,2019-01-23,,0.089
ZJV2TFVF,0,0,,,,Censored No Alarm,0,0,0,0,0,1,0.0030930968932807446,,2019-08-20,,0.089
ZJV2V25Q,0,0,,,,Censored No Alarm,0,0,0,0,0,1,0.0018599090399220586,,2019-06-07,,0.089
ZJV2VF7Y,0,0,,,,Censored No Alarm,0,0,0,0,0,1,0.014749539084732533,,2019-07-14,,0.089
ZJV2XAAT,1,1,2023-06-24,2023-08-26,63.0,Early,0,1,0,1,0,0,0.10101096332073212,0.10101096332073212,2019-09-22,1371.0,0.089
ZJV2Z950,1,0,,2025-10-06,,Missed,0,0,0,0,1,0,0.051192477345466614,,2019-09-22,,0.089
ZJV35CZC,0,0,,,,Censored No Alarm,0,0,0,0,0,1,0.006204669829457998,,2019-09-22,,0.089
ZJV3778M,0,0,,,,Censored No Alarm,0,0,0,0,0,1,0.0016196860233321786,,2019-09-22,,0.089
ZJV38WGZ,0,0,,,,Censored No Alarm,0,0,0,0,0,1,0.04864031821489334,,2020-06-14,,0.089
ZJV39MN7,1,1,2022-07-25,2022-08-26,32.0,Early,0,1,0,1,0,0,0.0959256961941719,0.09382952749729156,2019-09-22,1037.0,0.089
ZJV3A0BA,1,1,2021-03-11,2021-03-25,14.0,On time,1,0,0,0,0,0,0.7191564440727234,0.11803027242422104,2019-09-22,536.0,0.089
ZJV3A282,0,0,,,,Censored No Alarm,0,0,0,0,0,1,0.01223803497850895,,2019-09-22,,0.089
ZJV3A2CH,1,0,,2021-08-18,,Missed,0,0,0,0,1,0,0.02624405547976494,,2019-09-22,,0.089
ZJV3ACG5,1,1,2022-02-13,2023-08-03,536.0,Early,0,1,0,1,0,0,0.5938122868537903,0.3520148992538452,2019-09-22,875.0,0.089
ZJV3AEGM,0,0,,,,Censored No Alarm,0,0,0,0,0,1,0.0016196860233321786,,2019-09-22,,0.089
ZJV3AESB,1,1,2024-01-09,2024-01-11,2.0,On time,1,0,0,0,0,0,0.343893438577652,0.2739671766757965,2019-09-22,1570.0,0.089
ZJV3AF07,0,0,,,,Censored No Alarm,0,0,0,0,0,1,0.030201023444533348,,2019-09-22,,0.089
ZJV3AFSA,1,0,,2023-08-08,,Missed,0,0,0,0,1,0,0.06765780597925186,,2019-09-22,,0.089
ZJV3ASVA,0,0,,,,Censored No Alarm,0,0,0,0,0,1,0.0017277209553867579,,2019-09-22,,0.089
ZJV3ATZ0,1,0,,2024-08-15,,Missed,0,0,0,0,1,0,0.041599322110414505,,2019-09-22,,0.089
ZJV3AVA4,1,1,2024-03-17,2024-03-17,0.0,On time,1,0,0,0,0,0,0.09752842783927917,0.09752842783927917,2019-09-22,1638.0,0.089
ZJV3AYPH,0,0,,,,Censored No Alarm,0,0,0,0,0,1,0.0020800766069442034,,2019-09-22,,0.089
ZJV3AYSA,0,0,,,,Censored No Alarm,0,0,0,0,0,1,0.0016196860233321786,,2019-09-22,,0.089
ZJV3BE6Z,1,1,2020-08-12,2021-05-08,269.0,Early,0,1,0,1,0,0,0.9389051795005798,0.09156187623739243,2019-09-22,325.0,0.089
ZJV3BF16,0,0,,,,Censored No Alarm,0,0,0,0,0,1,0.026563894003629684,,2019-09-22,,0.089
ZJV3BF8Z,1,1,2022-10-28,2022-10-28,0.0,On time,1,0,0,0,0,0,0.6906934380531311,0.6906934380531311,2019-09-22,1132.0,0.089
ZJV3BG12,0,0,,,,Censored No Alarm,0,0,0,0,0,1,0.0016838005976751447,,2019-09-22,,0.089
ZJV3BG9W,0,0,,,,Censored No Alarm,0,0,0,0,0,1,0.002128744963556528,,2019-09-22,,0.089
ZJV3BH78,0,0,,,,Censored No Alarm,0,0,0,0,0,1,0.011056262999773026,,2019-09-22,,0.089
ZJV3BHSH,1,1,2024-12-20,2025-06-21,183.0,Early,0,1,0,1,0,0,0.7147563695907593,0.4935082495212555,2019-09-22,1916.0,0.089
ZJV3BJ0M,0,0,,,,Censored No Alarm,0,0,0,0,0,1,0.0044761900790035725,,2019-09-22,,0.089
ZJV3BLLN,0,0,,,,Censored No Alarm,0,0,0,0,0,1,0.0016740987775847316,,2019-09-22,,0.089
ZJV3BMY6,0,0,,,,Censored No Alarm,0,0,0,0,0,1,0.005039390176534653,,2019-09-22,,0.089
ZJV3BRKW,0,0,,,,Censored No Alarm,0,0,0,0,0,1,0.0017160011921077967,,2019-09-22,,0.089
ZJV3BTD2,0,0,,,,Censored No Alarm,0,0,0,0,0,1,0.0016205698484554887,,2019-09-22,,0.089
ZJV3BXPN,0,0,,,,Censored No Alarm,0,0,0,0,0,1,0.01656399294734001,,2019-09-22,,0.089
ZJV3BY2J,1,1,2023-01-07,2023-06-05,149.0,Early,0,1,0,1,0,0,0.6968656182289124,0.6287699937820435,2019-09-22,1203.0,0.089
ZJV3BZC5,1,1,2024-08-01,2024-11-04,95.0,Early,0,1,0,1,0,0,0.37423866987228394,0.37423866987228394,2019-09-22,1775.0,0.089
ZJV3BZDW,0,0,,,,Censored No Alarm,0,0,0,0,0,1,0.0016009558457881212,,2019-09-22,,0.089
ZJV3BZJE,0,0,,,,Censored No Alarm,0,0,0,0,0,1,0.005674014333635569,,2019-09-22,,0.089
ZJV3C490,0,0,,,,Censored No Alarm,0,0,0,0,0,1,0.002112345537170768,,2019-09-22,,0.089
ZJV3C4KD,1,0,,2022-02-11,,Missed,0,0,0,0,1,0,0.07378404587507248,,2019-09-22,,0.089
ZJV3C5NT,0,0,,,,Censored No Alarm,0,0,0,0,0,1,0.0017160011921077967,,2019-09-22,,0.089
ZJV3C6M3,1,0,,2024-07-01,,Missed,0,0,0,0,1,0,0.0016009558457881212,,2019-09-22,,0.089
ZJV3C6PV,1,0,,2021-05-19,,Missed,0,0,0,0,1,0,0.07174096256494522,,2019-09-22,,0.089
ZJV3C6TF,0,0,,,,Censored No Alarm,0,0,0,0,0,1,0.012124629691243172,,2019-09-22,,0.089
ZJV3C6Z7,1,0,,2022-06-12,,Missed,0,0,0,0,1,0,0.03732597827911377,,2019-09-22,,0.089
ZJV3C8BB,1,1,2020-09-25,2022-07-02,645.0,Early,0,1,0,1,0,0,0.11934693902730942,0.09742631763219833,2019-09-22,369.0,0.089
ZJV3C8VT,0,0,,,,Censored No Alarm,0,0,0,0,0,1,0.006227861624211073,,2019-09-22,,0.089
ZJV3C92H,0,0,,,,Censored No Alarm,0,0,0,0,0,1,0.0017160011921077967,,2019-09-22,,0.089
ZJV3C9YP,1,0,,2021-07-06,,Missed,0,0,0,0,1,0,0.0016009558457881212,,2019-09-22,,0.089
ZJV3CAR4,0,0,,,,Censored No Alarm,0,0,0,0,0,1,0.001695470535196364,,2019-09-22,,0.089
ZJV3CBPK,0,0,,,,Censored No Alarm,0,0,0,0,0,1,0.009931119158864021,,2019-09-22,,0.089
ZJV3CD0R,0,0,,,,Censored No Alarm,0,0,0,0,0,1,0.005385147407650948,,2019-09-22,,0.089
ZJV3CDZ0,0,0,,,,Censored No Alarm,0,0,0,0,0,1,0.03769546002149582,,2019-09-22,,0.089
ZJV3CFP4,0,0,,,,Censored No Alarm,0,0,0,0,0,1,0.008259046822786331,,2019-09-22,,0.089
ZJV3CG0J,1,0,,2025-03-13,,Missed,0,0,0,0,1,0,0.055490728467702866,,2019-09-22,,0.089
ZJV3CG1D,0,0,,,,Censored No Alarm,0,0,0,0,0,1,0.008861368522047997,,2019-09-22,,0.089
ZJV3CG1J,0,0,,,,Censored No Alarm,0,0,0,0,0,1,0.002346111461520195,,2019-09-22,,0.089
ZJV3CGMF,0,0,,,,Censored No Alarm,0,0,0,0,0,1,0.0017160011921077967,,2019-09-22,,0.089
ZJV3CHA4,1,1,2020-03-03,2024-04-08,1497.0,Early,0,1,0,1,0,0,0.13416631519794464,0.10894059389829636,2019-09-22,163.0,0.089
ZJV3CHM4,0,0,,,,Censored No Alarm,0,0,0,0,0,1,0.029761044308543205,,2019-09-22,,0.089
ZJV3CHVZ,0,0,,,,Censored No Alarm,0,0,0,0,0,1,0.002503508236259222,,2019-09-22,,0.089
ZJV3CJ4K,0,0,,,,Censored No Alarm,0,0,0,0,0,1,0.004564185161143541,,2019-09-22,,0.089
ZJV3CJ51,0,0,,,,Censored No Alarm,0,0,0,0,0,1,0.0016009558457881212,,2019-09-22,,0.089
ZJV3CJ9Y,0,0,,,,Censored No Alarm,0,0,0,0,0,1,0.0018236007308587432,,2019-09-22,,0.089
ZJV3CKQZ,0,0,,,,Censored No Alarm,0,0,0,0,0,1,0.0017427678685635328,,2019-09-22,,0.089
ZJV3CSA2,1,1,2021-01-08,2021-01-12,4.0,On time,1,0,0,0,0,0,0.12500028312206268,0.12500028312206268,2019-09-22,474.0,0.089
ZJV3CSD5,1,0,,2026-03-21,,Missed,0,0,0,0,1,0,0.006711920257657766,,2019-09-22,,0.089
ZJV3CT3Z,1,0,,2026-01-09,,Missed,0,0,0,0,1,0,0.011566302739083767,,2019-09-22,,0.089
ZJV3CXYD,0,0,,,,Censored No Alarm,0,0,0,0,0,1,0.03413586691021919,,2019-09-22,,0.089
ZJV3CZRJ,0,0,,,,Censored No Alarm,0,0,0,0,0,1,0.003986232448369265,,2019-09-22,,0.089
ZJV3CZT3,0,0,,,,Censored No Alarm,0,0,0,0,0,1,0.0016196860233321786,,2019-09-22,,0.089
ZJV3D049,1,0,,2023-05-31,,Missed,0,0,0,0,1,0,0.07449693232774734,,2019-09-22,,0.089
ZJV3D9EX,0,0,,,,Censored No Alarm,0,0,0,0,0,1,0.010368078015744686,,2019-09-22,,0.089
ZJV3D9GE,1,1,2023-11-24,2023-11-28,4.0,On time,1,0,0,0,0,0,0.252165824174881,0.20097772777080536,2019-09-22,1524.0,0.089
ZJV3D9Q4,0,0,,,,Censored No Alarm,0,0,0,0,0,1,0.0016009558457881212,,2019-09-22,,0.089
ZJV3D9QM,1,0,,2024-08-07,,Missed,0,0,0,0,1,0,0.006034085527062416,,2019-09-22,,0.089
ZJV3EQH8,0,0,,,,Censored No Alarm,0,0,0,0,0,1,0.001705943257547915,,2019-09-22,,0.089
ZJV3HZ2B,0,0,,,,Censored No Alarm,0,0,0,0,0,1,0.005422111600637436,,2019-09-22,,0.089
ZJV3M40G,1,0,,2021-09-23,,Missed,0,0,0,0,1,0,0.003882327349856496,,2020-07-01,,0.089
ZJV3MVS2,0,0,,,,Censored No Alarm,0,0,0,0,0,1,0.023843763396143913,,2020-07-07,,0.089
ZJV3RSVG,0,0,,,,Censored No Alarm,0,0,0,0,0,1,0.0017748372629284859,,2019-09-22,,0.089
ZJV3WXHG,0,0,,,,Censored No Alarm,0,0,0,0,0,1,0.0027551427483558655,,2019-09-22,,0.089
ZJV3YXCB,1,0,,2019-10-02,,Missed,0,0,0,0,1,0,0.001373501610942185,,2019-09-24,,0.089
ZJV3Z5EM,0,0,,,,Censored No Alarm,0,0,0,0,0,1,0.017102623358368874,,2019-08-28,,0.089
ZJV3ZY2D,0,0,,,,Censored No Alarm,0,0,0,0,0,1,0.0013445786898955703,,2019-09-24,,0.089
ZJV40X59,0,0,,,,Censored No Alarm,0,0,0,0,0,1,0.002479060087352991,,2019-09-22,,0.089
ZJV439KB,0,0,,,,Censored No Alarm,0,0,0,0,0,1,0.0016740987775847316,,2019-09-22,,0.089
ZJV475X4,1,1,2025-01-03,2025-02-24,52.0,Early,0,1,0,1,0,0,0.5112298130989075,0.12751875817775726,2019-09-22,1930.0,0.089
ZJV48LZL,0,0,,,,Censored No Alarm,0,0,0,0,0,1,0.004935820586979389,,2020-03-12,,0.089
ZJV49KW7,1,0,,2023-07-25,,Missed,0,0,0,0,1,0,0.013159262016415596,,2019-09-22,,0.089
ZJV4E8ER,1,1,2022-12-23,2023-06-04,163.0,Early,0,1,0,1,0,0,0.6580727696418762,0.17732806503772736,2019-09-22,1188.0,0.089
ZJV4ETD3,0,0,,,,Censored No Alarm,0,0,0,0,0,1,0.0018720091320574284,,2019-09-22,,0.089
ZJV4F9YR,0,0,,,,Censored No Alarm,0,0,0,0,0,1,0.004357407800853252,,2019-09-22,,0.089
ZJV4GF8G,0,0,,,,Censored No Alarm,0,0,0,0,0,1,0.01736309938132763,,2019-09-22,,0.089
ZJV4H5W2,0,0,,,,Censored No Alarm,0,0,0,0,0,1,0.0016740987775847316,,2019-09-22,,0.089
ZJV4HHAV,0,0,,,,Censored No Alarm,0,0,0,0,0,1,0.004699669778347015,,2019-09-14,,0.089
ZJV4J9MC,0,0,,,,Censored No Alarm,0,0,0,0,0,1,0.0016740987775847316,,2019-09-22,,0.089
ZJV4JG5R,0,0,,,,Censored No Alarm,0,0,0,0,0,1,0.0016909108962863684,,2019-09-22,,0.089
ZJV4K0C6,0,0,,,,Censored No Alarm,0,0,0,0,0,1,0.02324346825480461,,2019-09-22,,0.089
ZJV4K3F6,1,1,2020-08-28,2021-05-29,274.0,Early,0,1,0,1,0,0,0.436629056930542,0.17727814614772797,2019-09-22,341.0,0.089
ZJV4K6RZ,1,0,,2023-12-04,,Missed,0,0,0,0,1,0,0.08444002270698547,,2019-09-22,,0.089
ZJV4K7PR,0,0,,,,Censored No Alarm,0,0,0,0,0,1,0.0017128500621765852,,2019-09-22,,0.089
ZJV4KNZ3,0,0,,,,Censored No Alarm,0,0,0,0,0,1,0.020162343978881836,,2019-09-22,,0.089
ZJV4KY2W,0,0,,,,Censored No Alarm,0,0,0,0,0,1,0.001695470535196364,,2019-09-22,,0.089
ZJV4KZ1Q,0,0,,,,Censored No Alarm,0,0,0,0,0,1,0.001919045695103705,,2019-09-22,,0.089
ZJV4KZDM,0,0,,,,Censored No Alarm,0,0,0,0,0,1,0.001794705749489367,,2019-09-22,,0.089
ZJV4L09X,0,0,,,,Censored No Alarm,0,0,0,0,0,1,0.0016174828633666039,,2019-09-22,,0.089
ZJV4L3LE,0,0,,,,Censored No Alarm,0,0,0,0,0,1,0.0020609518978744745,,2019-09-22,,0.089
ZJV4L4TA,0,0,,,,Censored No Alarm,0,0,0,0,0,1,0.0019655649084597826,,2019-09-22,,0.089
ZJV4L8AK,0,0,,,,Censored No Alarm,0,0,0,0,0,1,0.0016260056290775537,,2019-09-22,,0.089
ZJV4LDGG,1,1,2020-01-21,2021-10-14,632.0,Early,0,1,0,1,0,0,0.8262919783592224,0.13866925239562988,2019-09-22,121.0,0.089
ZJV4LDWP,1,0,,2023-04-07,,Missed,0,0,0,0,1,0,0.06278911232948303,,2019-09-22,,0.089
ZJV4LE7S,1,1,2023-05-14,2023-05-22,8.0,On time,1,0,0,0,0,0,0.6597704887390137,0.6520509719848633,2019-09-22,1330.0,0.089
ZJV4LK4J,0,0,,,,Censored No Alarm,0,0,0,0,0,1,0.0016174828633666039,,2019-09-22,,0.089
ZJV4LLAA,1,1,2025-07-16,2025-07-17,1.0,On time,1,0,0,0,0,0,0.467705100774765,0.467705100774765,2019-09-22,2124.0,0.089
ZJV4LZX2,0,0,,,,Censored No Alarm,0,0,0,0,0,1,0.00259608356282115,,2019-09-22,,0.089
ZJV4M0AE,0,0,,,,Censored No Alarm,0,0,0,0,0,1,0.0022006428334861994,,2019-09-22,,0.089
ZJV4M12C,1,1,2020-02-08,2020-03-08,29.0,On time,1,0,0,0,0,0,0.7411553859710693,0.1424301564693451,2019-09-22,139.0,0.089
ZJV4P57N,0,0,,,,Censored No Alarm,0,0,0,0,0,1,0.001577509450726211,,2019-09-24,,0.089
ZJV4Q94R,0,0,,,,Censored No Alarm,0,0,0,0,0,1,0.0016009558457881212,,2019-09-22,,0.089
ZJV4QG2P,0,0,,,,Censored No Alarm,0,0,0,0,0,1,0.0030122946482151747,,2019-09-22,,0.089
ZJV4RB2X,0,0,,,,Censored No Alarm,0,0,0,0,0,1,0.0017187970224767923,,2019-09-22,,0.089
ZJV4RF9M,0,0,,,,Censored No Alarm,0,0,0,0,0,1,0.0026805391535162926,,2019-09-22,,0.089
ZJV4RPT4,0,0,,,,Censored No Alarm,0,0,0,0,0,1,0.0016009558457881212,,2019-09-22,,0.089
ZJV4SJ8B,0,0,,,,Censored No Alarm,0,0,0,0,0,1,0.0013445786898955703,,2019-09-24,,0.089
ZJV4SV2L,0,0,,,,Censored No Alarm,0,0,0,0,0,1,0.07207754999399185,,2019-09-22,,0.089
ZJV4T4N8,0,0,,,,Censored No Alarm,0,0,0,0,0,1,0.0013691004132851958,,2019-09-24,,0.089
ZJV4TKWJ,0,0,,,,Censored No Alarm,0,0,0,0,0,1,0.0016196860233321786,,2019-09-22,,0.089
ZJV4V0CS,0,0,,,,Censored No Alarm,0,0,0,0,0,1,0.0013445786898955703,,2019-09-24,,0.089
ZJV4VRPA,0,0,,,,Censored No Alarm,0,0,0,0,0,1,0.019763896241784096,,2019-09-22,,0.089
ZJV4WMKX,1,1,2023-11-10,2023-12-12,32.0,Early,0,1,0,1,0,0,0.09271196275949478,0.09271196275949478,2019-09-22,1510.0,0.089
ZJV4WVNA,0,0,,,,Censored No Alarm,0,0,0,0,0,1,0.0015441725263372064,,2019-09-24,,0.089
ZJV4WWWK,0,0,,,,Censored No Alarm,0,0,0,0,0,1,0.0031866536010056734,,2019-09-22,,0.089
ZJV4X7KH,0,0,,,,Censored No Alarm,0,0,0,0,0,1,0.03508392348885536,,2019-09-22,,0.089
ZJV4Y6EY,0,0,,,,Censored No Alarm,0,0,0,0,0,1,0.045829083770513535,,2019-09-22,,0.089
ZJV4YLQF,0,0,,,,Censored No Alarm,0,0,0,0,0,1,0.004113123752176762,,2019-09-22,,0.089
ZJV4YW1R,0,0,,,,Censored No Alarm,0,0,0,0,0,1,0.0013445786898955703,,2019-09-24,,0.089
ZJV4ZM0F,0,0,,,,Censored No Alarm,0,0,0,0,0,1,0.0013445786898955703,,2019-09-24,,0.089
ZJV4ZXF6,0,0,,,,Censored No Alarm,0,0,0,0,0,1,0.029704641550779343,,2019-09-24,,0.089
ZJV50GE0,0,0,,,,Censored No Alarm,0,0,0,0,0,1,0.0013445786898955703,,2019-09-24,,0.089
ZJV52E2D,0,0,,,,Censored No Alarm,0,0,0,0,0,1,0.0013445786898955703,,2019-09-24,,0.089
ZJV53WBC,0,0,,,,Censored No Alarm,0,0,0,0,0,1,0.0013445786898955703,,2019-09-24,,0.089
ZJV5897S,0,0,,,,Censored No Alarm,0,0,0,0,0,1,0.0013445786898955703,,2019-09-24,,0.089
ZJV58C9Z,1,0,,2020-02-14,,Missed,0,0,0,0,1,0,0.0018903977470472455,,2019-09-24,,0.089
ZJV59GXD,0,0,,,,Censored No Alarm,0,0,0,0,0,1,0.001306473626755178,,2019-09-24,,0.089
ZJV5ADN6,0,0,,,,Censored No Alarm,0,0,0,0,0,1,0.0015156081644818187,,2019-09-24,,0.089
ZJV5ARB8,0,0,,,,Censored No Alarm,0,0,0,0,0,1,0.001373501610942185,,2019-09-24,,0.089
ZJV5B7T3,0,0,,,,Censored No Alarm,0,0,0,0,0,1,0.0013445786898955703,,2019-09-24,,0.089
ZJV5BN7Z,0,0,,,,Censored No Alarm,0,0,0,0,0,1,0.001373501610942185,,2019-09-24,,0.089
ZJV5BXL5,0,0,,,,Censored No Alarm,0,0,0,0,0,1,0.0013445786898955703,,2019-09-24,,0.089
ZJV5D2BN,0,0,,,,Censored No Alarm,0,0,0,0,0,1,0.009120851755142212,,2019-09-24,,0.089
ZJV5DL8G,0,0,,,,Censored No Alarm,0,0,0,0,0,1,0.0013445786898955703,,2019-09-24,,0.089
ZJV5DVH9,0,0,,,,Censored No Alarm,0,0,0,0,0,1,0.0016146262641996145,,2019-09-24,,0.089
ZJV5E8KD,0,0,,,,Censored No Alarm,0,0,0,0,0,1,0.0018903977470472455,,2019-09-24,,0.089
ZJV5EPQP,0,0,,,,Censored No Alarm,0,0,0,0,0,1,0.0013445786898955703,,2019-09-24,,0.089
ZJV5FP98,0,0,,,,Censored No Alarm,0,0,0,0,0,1,0.0013445786898955703,,2019-09-24,,0.089
ZJV5G0WC,0,0,,,,Censored No Alarm,0,0,0,0,0,1,0.0014840482035651803,,2019-09-24,,0.089
ZJV5G87F,0,0,,,,Censored No Alarm,0,0,0,0,0,1,0.001433644792996347,,2019-09-24,,0.089
ZJV5GCE6,0,0,,,,Censored No Alarm,0,0,0,0,0,1,0.001373501610942185,,2019-09-24,,0.089
ZJV5GNAW,0,0,,,,Censored No Alarm,0,0,0,0,0,1,0.0013229575706645846,,2019-09-24,,0.089
ZJV5HC4C,0,0,,,,Censored No Alarm,0,0,0,0,0,1,0.0014584201853722334,,2019-09-24,,0.089
ZJV5HDYT,0,0,,,,Censored No Alarm,0,0,0,0,0,1,0.001373501610942185,,2019-09-24,,0.089
ZJV5HKSF,0,0,,,,Censored No Alarm,0,0,0,0,0,1,0.001373501610942185,,2019-09-24,,0.089
ZJV5HMM0,0,0,,,,Censored No Alarm,0,0,0,0,0,1,0.001373501610942185,,2019-09-24,,0.089
ZJV5HRJA,0,0,,,,Censored No Alarm,0,0,0,0,0,1,0.0013445786898955703,,2019-09-24,,0.089
ZJV5HVW7,0,0,,,,Censored No Alarm,0,0,0,0,0,1,0.0013445786898955703,,2019-09-24,,0.089
ZJV5J36E,0,0,,,,Censored No Alarm,0,0,0,0,0,1,0.0020340385381132364,,2019-09-24,,0.089
ZJV5J3J4,0,0,,,,Censored No Alarm,0,0,0,0,0,1,0.0013445786898955703,,2019-09-24,,0.089
ZJV5J6S9,0,0,,,,Censored No Alarm,0,0,0,0,0,1,0.0013445786898955703,,2019-09-24,,0.089
ZJV5JA50,0,0,,,,Censored No Alarm,0,0,0,0,0,1,0.0027984536718577147,,2019-09-24,,0.089
ZJV5JBCW,0,0,,,,Censored No Alarm,0,0,0,0,0,1,0.0013445786898955703,,2019-09-24,,0.089
ZJV5JBMJ,0,0,,,,Censored No Alarm,0,0,0,0,0,1,0.0013445786898955703,,2019-09-24,,0.089
ZJV5JLF1,0,0,,,,Censored No Alarm,0,0,0,0,0,1,0.0013445786898955703,,2019-09-24,,0.089
ZJV5JLL2,0,0,,,,Censored No Alarm,0,0,0,0,0,1,0.001373501610942185,,2019-09-24,,0.089
ZJV5JMKJ,0,0,,,,Censored No Alarm,0,0,0,0,0,1,0.0018903977470472455,,2019-09-24,,0.089
ZJV5JN93,0,0,,,,Censored No Alarm,0,0,0,0,0,1,0.001373501610942185,,2019-09-24,,0.089
ZJV5JQYF,0,0,,,,Censored No Alarm,0,0,0,0,0,1,0.0018903977470472455,,2019-09-24,,0.089
ZJV5JS6B,1,0,,2020-02-10,,Missed,0,0,0,0,1,0,0.0018903977470472455,,2019-09-24,,0.089
ZJV5JSG5,1,0,,2019-12-23,,Missed,0,0,0,0,1,0,0.0013445786898955703,,2019-09-24,,0.089
ZJV5JY1H,0,0,,,,Censored No Alarm,0,0,0,0,0,1,0.0013242175336927176,,2019-09-24,,0.089
ZJV5K0TP,1,0,,2020-06-08,,Missed,0,0,0,0,1,0,0.014194861054420471,,2019-09-24,,0.089
ZJV5K54A,0,0,,,,Censored No Alarm,0,0,0,0,0,1,0.00121764512732625,,2019-09-24,,0.089
ZJV5K6VJ,0,0,,,,Censored No Alarm,0,0,0,0,0,1,0.0014889090089127421,,2019-09-24,,0.089
ZJV5KA5Y,0,1,2020-08-16,,,Censored Early,0,0,1,1,0,0,0.09520428627729416,0.09520428627729416,2019-09-24,327.0,0.089
ZJV5KAED,0,0,,,,Censored No Alarm,0,0,0,0,0,1,0.0011000235099345446,,2019-09-24,,0.089
ZJV5KFTT,0,0,,,,Censored No Alarm,0,0,0,0,0,1,0.0014889090089127421,,2019-09-24,,0.089
ZJV5KH4P,0,0,,,,Censored No Alarm,0,0,0,0,0,1,0.001286137499846518,,2019-09-24,,0.089
ZJV5KMQH,0,0,,,,Censored No Alarm,0,0,0,0,0,1,0.0013445786898955703,,2019-09-24,,0.089
ZJV5KNFD,0,0,,,,Censored No Alarm,0,0,0,0,0,1,0.0013445786898955703,,2019-09-24,,0.089
ZJV5KNL1,0,0,,,,Censored No Alarm,0,0,0,0,0,1,0.0013445786898955703,,2019-09-24,,0.089
ZJV5KQAF,0,0,,,,Censored No Alarm,0,0,0,0,0,1,0.0013445786898955703,,2019-09-24,,0.089
ZJV5KTYB,0,0,,,,Censored No Alarm,0,0,0,0,0,1,0.0013445786898955703,,2019-09-24,,0.089
ZJV5KWQ9,0,0,,,,Censored No Alarm,0,0,0,0,0,1,0.0017046940047293901,,2019-09-24,,0.089
ZJV5KZ6A,0,0,,,,Censored No Alarm,0,0,0,0,0,1,0.0013445786898955703,,2019-09-24,,0.089
ZJV5LBJ3,0,0,,,,Censored No Alarm,0,0,0,0,0,1,0.0013445786898955703,,2019-09-24,,0.089
ZJV5LD77,0,0,,,,Censored No Alarm,0,0,0,0,0,1,0.001373501610942185,,2019-09-24,,0.089
ZJV5LEP5,0,0,,,,Censored No Alarm,0,0,0,0,0,1,0.00210382929071784,,2019-09-24,,0.089
ZJV5LGF4,0,0,,,,Censored No Alarm,0,0,0,0,0,1,0.001373501610942185,,2019-09-24,,0.089
ZJV5LL1Z,0,0,,,,Censored No Alarm,0,0,0,0,0,1,0.0011618464486673474,,2019-09-24,,0.089
ZJV5LNJM,0,0,,,,Censored No Alarm,0,0,0,0,0,1,0.0018903977470472455,,2019-09-24,,0.089
ZJV5LP9L,0,0,,,,Censored No Alarm,0,0,0,0,0,1,0.0013445786898955703,,2019-09-24,,0.089
ZJV5LRQB,0,0,,,,Censored No Alarm,0,0,0,0,0,1,0.0013445786898955703,,2019-09-24,,0.089
ZJV5LVL9,0,0,,,,Censored No Alarm,0,0,0,0,0,1,0.0013445786898955703,,2019-09-24,,0.089
ZJV5LWR9,0,0,,,,Censored No Alarm,0,0,0,0,0,1,0.010580407455563545,,2019-09-24,,0.089
ZJV5LXPQ,0,0,,,,Censored No Alarm,0,0,0,0,0,1,0.0013445786898955703,,2019-09-24,,0.089
ZJV5LXV7,0,0,,,,Censored No Alarm,0,0,0,0,0,1,0.0015849876217544079,,2019-09-24,,0.089
ZJV5M1ZP,0,0,,,,Censored No Alarm,0,0,0,0,0,1,0.0015379214892163873,,2019-09-24,,0.089
ZJV5M3AH,0,0,,,,Censored No Alarm,0,0,0,0,0,1,0.0014575592940673232,,2019-09-24,,0.089
ZJV5M4LM,0,0,,,,Censored No Alarm,0,0,0,0,0,1,0.001373501610942185,,2019-09-24,,0.089
ZJV5M7DE,0,0,,,,Censored No Alarm,0,0,0,0,0,1,0.0013445786898955703,,2019-09-24,,0.089
ZJV5MD9Y,0,0,,,,Censored No Alarm,0,0,0,0,0,1,0.0018903977470472455,,2019-09-24,,0.089
ZJV5MF0H,0,0,,,,Censored No Alarm,0,0,0,0,0,1,0.001724071684293449,,2019-09-24,,0.089
ZJV5MF3K,0,0,,,,Censored No Alarm,0,0,0,0,0,1,0.001373501610942185,,2019-09-24,,0.089
ZJV5MGDH,0,0,,,,Censored No Alarm,0,0,0,0,0,1,0.0014161168364807963,,2019-09-24,,0.089
ZJV5MJWM,0,0,,,,Censored No Alarm,0,0,0,0,0,1,0.0013445786898955703,,2019-09-24,,0.089
ZJV5ML36,0,0,,,,Censored No Alarm,0,0,0,0,0,1,0.0013949768617749214,,2019-09-24,,0.089
ZJV5MLF9,0,0,,,,Censored No Alarm,0,0,0,0,0,1,0.0013445786898955703,,2019-09-24,,0.089
ZJV5MMF5,0,0,,,,Censored No Alarm,0,0,0,0,0,1,0.0015156081644818187,,2019-09-24,,0.089
ZJV5MRM9,0,0,,,,Censored No Alarm,0,0,0,0,0,1,0.001373501610942185,,2019-09-24,,0.089
ZJV5MSBV,0,0,,,,Censored No Alarm,0,0,0,0,0,1,0.0015944229671731591,,2019-09-24,,0.089
ZJV5MWNZ,0,0,,,,Censored No Alarm,0,0,0,0,0,1,0.0014931380283087492,,2019-09-24,,0.089
ZJV5N5MX,0,0,,,,Censored No Alarm,0,0,0,0,0,1,0.0013445786898955703,,2019-09-24,,0.089
ZJV5NBJM,0,0,,,,Censored No Alarm,0,0,0,0,0,1,0.0016900323098525405,,2019-09-24,,0.089
ZJV5NW0R,0,0,,,,Censored No Alarm,0,0,0,0,0,1,0.0013445786898955703,,2019-09-24,,0.089
ZJV5NYJ3,0,0,,,,Censored No Alarm,0,0,0,0,0,1,0.0015179312322288752,,2019-09-24,,0.089
ZJV5P4MG,0,0,,,,Censored No Alarm,0,0,0,0,0,1,0.0013445786898955703,,2019-09-24,,0.089
ZJV5P96L,0,0,,,,Censored No Alarm,0,0,0,0,0,1,0.0026426080148667097,,2019-09-24,,0.089
ZJV5PC6N,0,0,,,,Censored No Alarm,0,0,0,0,0,1,0.0015109925298020244,,2019-09-24,,0.089
ZJV5PEWK,0,0,,,,Censored No Alarm,0,0,0,0,0,1,0.0014033019542694092,,2019-09-24,,0.089
ZJV5PGE9,1,0,,2021-08-25,,Missed,0,0,0,0,1,0,0.0660485029220581,,2019-11-03,,0.089
ZJV5PKWB,0,0,,,,Censored No Alarm,0,0,0,0,0,1,0.0013445786898955703,,2019-09-24,,0.089
ZJV5QB1W,0,0,,,,Censored No Alarm,0,0,0,0,0,1,0.0013445786898955703,,2019-09-24,,0.089
ZJV5QK29,0,0,,,,Censored No Alarm,0,0,0,0,0,1,0.001373501610942185,,2019-09-24,,0.089
ZJV5QMPX,0,0,,,,Censored No Alarm,0,0,0,0,0,1,0.0014189219800755382,,2019-09-24,,0.089
ZJV5R2KB,0,0,,,,Censored No Alarm,0,0,0,0,0,1,0.0013445786898955703,,2019-09-24,,0.089
ZJV5RC3S,0,0,,,,Censored No Alarm,0,0,0,0,0,1,0.0011618464486673474,,2019-09-24,,0.089
ZJV5RERF,0,0,,,,Censored No Alarm,0,0,0,0,0,1,0.0013445786898955703,,2019-09-24,,0.089
ZJV5RH7Y,0,0,,,,Censored No Alarm,0,0,0,0,0,1,0.0013445786898955703,,2019-09-24,,0.089
