serial_number,has_failed,alarm_triggered,first_alarm_date,actual_failure_date,days_to_failure_at_alarm,category,is_hit,is_fp_early,is_fp_cens,is_false_alarm,is_miss,is_correct_rejection,max_predicted_score,alarm_predicted_score,first_seen_date,days_since_observed,threshold_used
2AG61PSY,0,0,,,,Censored No Alarm,0,0,0,0,0,1,0.00037735936348326504,,2019-05-27,,0.161
2AG8AVRY,0,0,,,,Censored No Alarm,0,0,0,0,0,1,0.0004011950804851949,,2019-08-14,,0.161
2AGEGU7Y,0,0,,,,Censored No Alarm,0,0,0,0,0,1,0.0008338073967024684,,2019-05-27,,0.161
2AGEU1JY,0,1,2025-05-19,,,Censored Early,0,0,1,1,0,0,0.3044559955596924,0.20555491745471954,2019-06-01,2179.0,0.161
2AGG48NY,0,0,,,,Censored No Alarm,0,0,0,0,0,1,0.0003091339603997767,,2019-05-27,,0.161
2AGG7H1Y,0,0,,,,Censored No Alarm,0,0,0,0,0,1,0.0003712395846378058,,2019-05-27,,0.161
2AGGHGJY,1,0,,2024-11-19,,Missed,0,0,0,0,1,0,0.12290576845407486,,2019-05-16,,0.161
2AGGHLEY,0,0,,,,Censored No Alarm,0,0,0,0,0,1,0.0006913300021551549,,2019-06-01,,0.161
2AGGHM0Y,0,0,,,,Censored No Alarm,0,0,0,0,0,1,0.0003312037733849138,,2019-05-27,,0.161
2AGGHMUY,0,0,,,,Censored No Alarm,0,0,0,0,0,1,0.0006560345063917339,,2019-05-16,,0.161
2AGGHR1Y,0,0,,,,Censored No Alarm,0,0,0,0,0,1,0.0019168895669281483,,2019-05-27,,0.161
2AGGHR7Y,0,0,,,,Censored No Alarm,0,0,0,0,0,1,0.000388602347811684,,2019-05-27,,0.161
2AGGL0UY,1,0,,2022-02-27,,Missed,0,0,0,0,1,0,0.055570993572473526,,2019-05-27,,0.161
2AGGR3NY,0,0,,,,Censored No Alarm,0,0,0,0,0,1,0.03697095066308975,,2019-05-27,,0.161
2AGGZNJY,0,0,,,,Censored No Alarm,0,0,0,0,0,1,0.0008075829246081412,,2019-05-27,,0.161
2AGH31BY,1,0,,2023-11-01,,Missed,0,0,0,0,1,0,0.07262475788593292,,2019-05-27,,0.161
2AGH31PY,1,0,,2024-11-18,,Missed,0,0,0,0,1,0,0.06737417727708817,,2019-05-27,,0.161
2AGH33SY,1,1,2025-03-01,2025-05-08,68.0,Early,0,1,0,1,0,0,0.2919526696205139,0.17136161029338837,2019-05-27,2105.0,0.161
2AGH34HY,0,0,,,,Censored No Alarm,0,0,0,0,0,1,0.09845674782991409,,2019-05-27,,0.161
2AGH34PY,0,0,,,,Censored No Alarm,0,0,0,0,0,1,0.0005310506676323712,,2019-05-27,,0.161
2AGH35GY,0,0,,,,Censored No Alarm,0,0,0,0,0,1,0.0005812007584609091,,2019-05-27,,0.161
2AGHB9XY,1,0,,2024-12-02,,Missed,0,0,0,0,1,0,0.054096464067697525,,2019-05-27,,0.161
2AGHDYHY,0,0,,,,Censored No Alarm,0,0,0,0,0,1,0.0018564086640253663,,2019-05-27,,0.161
2AGHEP9Y,1,0,,2024-07-26,,Missed,0,0,0,0,1,0,0.03179353103041649,,2019-05-27,,0.161
2AGHGR1Y,0,0,,,,Censored No Alarm,0,0,0,0,0,1,0.0013603385305032134,,2019-05-27,,0.161
2AGHGRLY,0,0,,,,Censored No Alarm,0,0,0,0,0,1,0.001402994617819786,,2019-05-27,,0.161
2AGHGRRY,0,0,,,,Censored No Alarm,0,0,0,0,0,1,0.0010558245703577995,,2019-05-27,,0.161
2AGHJD4Y,0,1,2025-07-20,,,Censored Early,0,0,1,1,0,0,0.4612400531768799,0.16183434426784515,2019-06-01,2241.0,0.161
2AGHK55Y,0,0,,,,Censored No Alarm,0,0,0,0,0,1,0.0006052880780771375,,2019-05-27,,0.161
2AGHK8MY,0,0,,,,Censored No Alarm,0,0,0,0,0,1,0.0006379695842042565,,2019-05-27,,0.161
2AGHLEUY,1,0,,2023-11-06,,Missed,0,0,0,0,1,0,0.04959433153271675,,2019-05-27,,0.161
2AGHLGTY,1,1,2025-02-28,2025-08-05,158.0,Early,0,1,0,1,0,0,0.22812716662883759,0.20510777831077576,2019-05-27,2104.0,0.161
2AGHLKHY,0,0,,,,Censored No Alarm,0,0,0,0,0,1,0.0010156352072954178,,2019-05-27,,0.161
2AGHLMXY,0,0,,,,Censored No Alarm,0,0,0,0,0,1,0.0007522115483880043,,2019-05-27,,0.161
2AGHLN0Y,0,0,,,,Censored No Alarm,0,0,0,0,0,1,0.000926565786357969,,2019-05-27,,0.161
2AGHMUTY,0,0,,,,Censored No Alarm,0,0,0,0,0,1,0.000425630685640499,,2019-05-27,,0.161
2AGHMUYY,0,0,,,,Censored No Alarm,0,0,0,0,0,1,0.0011572691146284342,,2019-06-01,,0.161
2AGHMW5Y,0,0,,,,Censored No Alarm,0,0,0,0,0,1,0.048659373074769974,,2019-05-27,,0.161
2AGHMXGY,1,0,,2023-05-14,,Missed,0,0,0,0,1,0,0.02378198690712452,,2019-05-27,,0.161
2AGHMYTY,0,0,,,,Censored No Alarm,0,0,0,0,0,1,0.06800511479377747,,2019-05-27,,0.161
2AGHMZMY,0,0,,,,Censored No Alarm,0,0,0,0,0,1,0.0006329803727567196,,2019-05-27,,0.161
2AGHN0TY,1,1,2020-08-26,2020-10-22,57.0,Early,0,1,0,1,0,0,0.5212782025337219,0.18547892570495605,2019-05-27,457.0,0.161
2AGHN0WY,0,0,,,,Censored No Alarm,0,0,0,0,0,1,0.0009205078822560608,,2019-05-27,,0.161
2AGHN16Y,0,0,,,,Censored No Alarm,0,0,0,0,0,1,0.0006499338778667152,,2019-05-27,,0.161
2AGHN2AY,0,0,,,,Censored No Alarm,0,0,0,0,0,1,0.0005540316924452782,,2019-05-27,,0.161
2AGHN3XY,0,0,,,,Censored No Alarm,0,0,0,0,0,1,0.0009323854465037584,,2019-05-27,,0.161
2AGHPDKY,0,0,,,,Censored No Alarm,0,0,0,0,0,1,0.0007257522665895522,,2019-05-27,,0.161
2AGHSJ4Y,0,0,,,,Censored No Alarm,0,0,0,0,0,1,0.0003756587684620172,,2019-05-27,,0.161
2AGHSS9Y,0,0,,,,Censored No Alarm,0,0,0,0,0,1,0.0006439157295972109,,2019-05-27,,0.161
2AGHTBYY,1,1,2023-09-16,2025-01-25,497.0,Early,0,1,0,1,0,0,0.42144301533699036,0.16878874599933624,2019-05-27,1573.0,0.161
2AGHTGEY,1,1,2023-03-07,2023-03-14,7.0,On time,1,0,0,0,0,0,0.2383251041173935,0.1652056723833084,2019-05-27,1380.0,0.161
2AGHTKBY,0,0,,,,Censored No Alarm,0,0,0,0,0,1,0.010972646065056324,,2019-05-27,,0.161
2AGLY65Y,1,0,,2023-11-20,,Missed,0,0,0,0,1,0,0.016707319766283035,,2019-08-13,,0.161
2AGM231Y,0,0,,,,Censored No Alarm,0,0,0,0,0,1,0.0007703775772824883,,2019-05-04,,0.161
2AGM23NY,0,0,,,,Censored No Alarm,0,0,0,0,0,1,0.0007599515374749899,,2019-05-04,,0.161
2AGM5UVY,0,0,,,,Censored No Alarm,0,0,0,0,0,1,0.09124954044818878,,2019-05-16,,0.161
2AGM5V7Y,1,1,2024-12-22,2025-12-05,348.0,Early,0,1,0,1,0,0,0.3920426666736603,0.296781450510025,2019-05-16,2047.0,0.161
2AGM5VBY,0,0,,,,Censored No Alarm,0,0,0,0,0,1,0.08032358437776566,,2019-05-16,,0.161
2AGM5VHY,1,0,,2025-01-18,,Missed,0,0,0,0,1,0,0.002362713683396578,,2019-08-14,,0.161
2AGM5W9Y,1,0,,2025-01-16,,Missed,0,0,0,0,1,0,0.0324675552546978,,2019-05-16,,0.161
2AGM5YEY,0,0,,,,Censored No Alarm,0,0,0,0,0,1,0.009979071095585823,,2019-05-04,,0.161
2AGM8EMY,1,0,,2024-10-29,,Missed,0,0,0,0,1,0,0.0744270384311676,,2019-05-16,,0.161
2AGM8EUY,0,0,,,,Censored No Alarm,0,0,0,0,0,1,0.0006522415787912905,,2019-05-27,,0.161
2AGM8J2Y,0,0,,,,Censored No Alarm,0,0,0,0,0,1,0.0005945570301264524,,2019-05-16,,0.161
2AGM8JAY,0,0,,,,Censored No Alarm,0,0,0,0,0,1,0.0006855292012915015,,2019-05-16,,0.161
2AGM8LNY,0,1,2024-10-23,,,Censored Early,0,0,1,1,0,0,0.28885912895202637,0.17057959735393524,2019-05-04,1999.0,0.161
2AGM8RJY,0,0,,,,Censored No Alarm,0,0,0,0,0,1,0.020936738699674606,,2019-08-13,,0.161
2AGM8RTY,0,0,,,,Censored No Alarm,0,0,0,0,0,1,0.03057715855538845,,2019-05-16,,0.161
2AGM8UNY,1,1,2025-10-18,2026-03-12,145.0,Early,0,1,0,1,0,0,0.481076717376709,0.18838922679424286,2019-08-13,2258.0,0.161
2AGM8V7Y,0,0,,,,Censored No Alarm,0,0,0,0,0,1,0.0005390029400587082,,2019-05-16,,0.161
2AGM9MXY,1,0,,2025-09-21,,Missed,0,0,0,0,1,0,0.02968612127006054,,2019-05-04,,0.161
2AGM9PJY,0,0,,,,Censored No Alarm,0,0,0,0,0,1,0.08892560005187988,,2019-05-04,,0.161
2AGM9RGY,1,0,,2022-12-23,,Missed,0,0,0,0,1,0,0.00035853334702551365,,2019-05-16,,0.161
2AGM9S6Y,0,0,,,,Censored No Alarm,0,0,0,0,0,1,0.005577354226261377,,2019-05-16,,0.161
2AGM9SDY,0,0,,,,Censored No Alarm,0,0,0,0,0,1,0.0004604928253684193,,2019-05-04,,0.161
2AGM9U1Y,0,0,,,,Censored No Alarm,0,0,0,0,0,1,0.000422099867137149,,2019-05-16,,0.161
2AGMDJKY,0,0,,,,Censored No Alarm,0,0,0,0,0,1,0.000759204151108861,,2019-05-04,,0.161
2AGMDUAY,1,0,,2023-02-04,,Missed,0,0,0,0,1,0,0.00530619453638792,,2019-05-16,,0.161
2AGMDY1Y,0,0,,,,Censored No Alarm,0,0,0,0,0,1,0.019921928644180298,,2019-08-14,,0.161
2AGME0XY,1,1,2024-01-17,2024-05-29,133.0,Early,0,1,0,1,0,0,0.20642007887363434,0.17774046957492828,2019-05-16,1707.0,0.161
2AGME3BY,0,0,,,,Censored No Alarm,0,0,0,0,0,1,0.0037599282804876566,,2019-05-16,,0.161
2AGME9PY,1,1,2024-08-06,2024-08-06,0.0,On time,1,0,0,0,0,0,0.17827601730823517,0.17827601730823517,2019-08-13,1820.0,0.161
2AGMGAYY,0,0,,,,Censored No Alarm,0,0,0,0,0,1,0.0006841713329777122,,2019-05-16,,0.161
2AGMGDPY,0,0,,,,Censored No Alarm,0,0,0,0,0,1,0.000641948776319623,,2019-08-13,,0.161
2AGMGKLY,0,0,,,,Censored No Alarm,0,0,0,0,0,1,0.0003910511441063136,,2019-08-13,,0.161
2AGMGXEY,0,0,,,,Censored No Alarm,0,0,0,0,0,1,0.00032753683626651764,,2019-08-14,,0.161
2AGMH2YY,1,0,,2024-12-10,,Missed,0,0,0,0,1,0,0.06256129592657089,,2019-05-16,,0.161
2AGMH3JY,0,0,,,,Censored No Alarm,0,0,0,0,0,1,0.0006242667441256344,,2019-05-16,,0.161
2AGMHK6Y,0,0,,,,Censored No Alarm,0,0,0,0,0,1,0.004592455457895994,,2019-05-04,,0.161
2AGMHPEY,1,0,,2024-06-25,,Missed,0,0,0,0,1,0,0.017153412103652954,,2019-06-01,,0.161
2AGMHRYY,1,1,2024-03-16,2024-05-16,61.0,Early,0,1,0,1,0,0,0.18235650658607483,0.17119820415973663,2019-05-16,1766.0,0.161
2AGMHTLY,0,0,,,,Censored No Alarm,0,0,0,0,0,1,0.0006272822502069175,,2019-05-04,,0.161
2AGMHU7Y,1,0,,2024-07-08,,Missed,0,0,0,0,1,0,0.011317882686853409,,2019-05-04,,0.161
2AGMHVTY,0,0,,,,Censored No Alarm,0,0,0,0,0,1,0.0005096253007650375,,2019-05-16,,0.161
2AGMHWAY,1,1,2023-03-25,2023-09-22,181.0,Early,0,1,0,1,0,0,0.23366861045360565,0.20618847012519836,2019-08-14,1319.0,0.161
2AGMHXDY,1,1,2025-05-30,2025-06-02,3.0,On time,1,0,0,0,0,0,0.2601032853126526,0.18042221665382385,2019-08-13,2117.0,0.161
2AGMHY3Y,1,0,,2025-11-18,,Missed,0,0,0,0,1,0,0.025322023779153824,,2019-08-14,,0.161
2AGMHY5Y,0,0,,,,Censored No Alarm,0,0,0,0,0,1,0.0005983790615573525,,2019-08-13,,0.161
2AGMJ35Y,0,0,,,,Censored No Alarm,0,0,0,0,0,1,0.0007767310598865151,,2019-05-04,,0.161
2AGMJ3JY,0,0,,,,Censored No Alarm,0,0,0,0,0,1,0.0007123241666704416,,2019-05-16,,0.161
2AGMJ3TY,0,0,,,,Censored No Alarm,0,0,0,0,0,1,0.0004340049345046282,,2019-08-14,,0.161
2AGMJ47Y,0,0,,,,Censored No Alarm,0,0,0,0,0,1,0.0004466364916879684,,2019-06-01,,0.161
2AGMJ5BY,1,0,,2021-05-03,,Missed,0,0,0,0,1,0,0.0003020329459104687,,2019-05-04,,0.161
2AGMKV4Y,1,1,2026-01-18,2026-01-28,10.0,On time,1,0,0,0,0,0,0.5928440690040588,0.20855215191841125,2019-05-04,2451.0,0.161
2AGMKVHY,1,0,,2023-05-06,,Missed,0,0,0,0,1,0,0.09233686327934265,,2019-08-13,,0.161
2AGMKVTY,1,0,,2024-12-04,,Missed,0,0,0,0,1,0,0.05912965163588524,,2019-08-14,,0.161
2AGMLMLY,0,0,,,,Censored No Alarm,0,0,0,0,0,1,0.07875193655490875,,2019-08-14,,0.161
2AGMLSZY,1,1,2020-07-19,2020-07-30,11.0,On time,1,0,0,0,0,0,0.7337799072265625,0.18249793350696564,2019-05-16,430.0,0.161
2AGMLT7Y,0,0,,,,Censored No Alarm,0,0,0,0,0,1,0.014861338771879673,,2019-05-16,,0.161
2AGMLWNY,0,0,,,,Censored No Alarm,0,0,0,0,0,1,0.05566425248980522,,2019-08-14,,0.161
2AGMLZLY,1,0,,2026-02-11,,Missed,0,0,0,0,1,0,0.06624346971511841,,2019-05-16,,0.161
2AGMM0UY,0,1,2020-01-22,,,Censored Early,0,0,1,1,0,0,0.22955423593521118,0.19901113212108612,2019-05-16,251.0,0.161
2AGMMNKY,0,0,,,,Censored No Alarm,0,0,0,0,0,1,0.027519065886735916,,2019-06-01,,0.161
2AGMMU1Y,0,0,,,,Censored No Alarm,0,0,0,0,0,1,0.0005373183521442115,,2019-05-16,,0.161
2AGMMU4Y,0,0,,,,Censored No Alarm,0,0,0,0,0,1,0.0005266427178867161,,2019-08-14,,0.161
2AGMNB7Y,1,0,,2023-03-30,,Missed,0,0,0,0,1,0,0.08658614009618759,,2019-05-16,,0.161
2AGMNBEY,0,0,,,,Censored No Alarm,0,0,0,0,0,1,0.0006081866449676454,,2019-05-16,,0.161
2AGMND4Y,1,1,2025-10-12,2025-10-27,15.0,On time,1,0,0,0,0,0,0.6045220494270325,0.18105898797512054,2019-05-04,2353.0,0.161
2AGMNE1Y,1,1,2025-07-01,2025-11-26,148.0,Early,0,1,0,1,0,0,0.6538206338882446,0.19253237545490265,2019-05-16,2238.0,0.161
2AGMNEBY,1,0,,2024-08-05,,Missed,0,0,0,0,1,0,0.15153314173221588,,2019-05-04,,0.161
2AGMNG0Y,0,1,2024-05-07,,,Censored Early,0,0,1,1,0,0,0.17713795602321625,0.16504041850566864,2019-05-16,1818.0,0.161
2AGMNJKY,1,1,2024-01-26,2025-09-29,612.0,Early,0,1,0,1,0,0,0.4980037808418274,0.16687068343162537,2019-05-16,1716.0,0.161
2AGMNM8Y,0,0,,,,Censored No Alarm,0,0,0,0,0,1,0.053320348262786865,,2019-08-14,,0.161
2AGMNMWY,1,0,,2023-05-10,,Missed,0,0,0,0,1,0,0.047155700623989105,,2019-05-16,,0.161
2AGMNTXY,0,0,,,,Censored No Alarm,0,0,0,0,0,1,0.0005988753982819617,,2019-05-16,,0.161
2AGMNUVY,0,0,,,,Censored No Alarm,0,0,0,0,0,1,0.000596076191868633,,2019-05-04,,0.161
2AGMNWBY,0,0,,,,Censored No Alarm,0,0,0,0,0,1,0.0005254175630398095,,2019-08-13,,0.161
2AGMNXRY,0,0,,,,Censored No Alarm,0,0,0,0,0,1,0.0718795582652092,,2019-08-13,,0.161
2AGMP7ZY,0,0,,,,Censored No Alarm,0,0,0,0,0,1,0.0006087329238653183,,2019-08-14,,0.161
2AGMPBWY,0,0,,,,Censored No Alarm,0,0,0,0,0,1,0.033975034952163696,,2019-05-16,,0.161
2AGMPD8Y,1,0,,2023-11-21,,Missed,0,0,0,0,1,0,0.0003247066051699221,,2019-08-13,,0.161
2AGMPK3Y,0,0,,,,Censored No Alarm,0,0,0,0,0,1,0.027561839669942856,,2019-05-04,,0.161
2AGMPL7Y,1,0,,2025-02-27,,Missed,0,0,0,0,1,0,0.08825141191482544,,2019-05-16,,0.161
2AGMPP1Y,0,0,,,,Censored No Alarm,0,0,0,0,0,1,0.0029282670002430677,,2019-05-16,,0.161
2AGMPP4Y,1,1,2025-09-13,2025-09-23,10.0,On time,1,0,0,0,0,0,0.4018755257129669,0.19674016535282135,2019-05-16,2312.0,0.161
2AGMPPGY,0,0,,,,Censored No Alarm,0,0,0,0,0,1,0.0005706055089831352,,2019-05-16,,0.161
2AGMPSSY,0,0,,,,Censored No Alarm,0,0,0,0,0,1,0.0006047649658285081,,2019-05-16,,0.161
2AGMPT2Y,0,0,,,,Censored No Alarm,0,0,0,0,0,1,0.0005871152970939875,,2019-05-16,,0.161
2AGMPZ8Y,0,0,,,,Censored No Alarm,0,0,0,0,0,1,0.0004399670579005033,,2019-08-14,,0.161
2AGMS6PY,0,0,,,,Censored No Alarm,0,0,0,0,0,1,0.00028167289565317333,,2019-08-14,,0.161
2AGMSHHY,1,0,,2022-08-12,,Missed,0,0,0,0,1,0,0.00021915684919804335,,2019-05-04,,0.161
2AGMTK0Y,1,1,2025-08-30,2025-08-30,0.0,On time,1,0,0,0,0,0,0.2882184088230133,0.2882184088230133,2019-05-16,2298.0,0.161
2AGMTL0Y,1,0,,2023-04-17,,Missed,0,0,0,0,1,0,0.000568936113268137,,2019-05-04,,0.161
2AGMTXAY,0,0,,,,Censored No Alarm,0,0,0,0,0,1,0.0005653888802044094,,2019-08-13,,0.161
2AGMUBMY,0,0,,,,Censored No Alarm,0,0,0,0,0,1,0.0005303884972818196,,2019-06-01,,0.161
2AGMUBRY,1,0,,2024-08-04,,Missed,0,0,0,0,1,0,0.0012345514260232449,,2019-08-13,,0.161
2AGMV9UY,0,0,,,,Censored No Alarm,0,0,0,0,0,1,0.0005883320118300617,,2019-08-13,,0.161
2AGMVDDY,0,0,,,,Censored No Alarm,0,0,0,0,0,1,0.0005479624960571527,,2019-05-16,,0.161
2AGMWHVY,1,0,,2024-07-19,,Missed,0,0,0,0,1,0,0.0595318004488945,,2019-05-16,,0.161
2AGMZLMY,1,0,,2023-05-16,,Missed,0,0,0,0,1,0,0.1338261067867279,,2019-08-13,,0.161
2AGN038Y,0,0,,,,Censored No Alarm,0,0,0,0,0,1,0.000506625568959862,,2019-08-13,,0.161
2AGN03MY,0,0,,,,Censored No Alarm,0,0,0,0,0,1,0.000895264616701752,,2019-08-13,,0.161
2AGN05MY,0,0,,,,Censored No Alarm,0,0,0,0,0,1,0.0005806908011436462,,2019-08-13,,0.161
2AGN071Y,0,0,,,,Censored No Alarm,0,0,0,0,0,1,0.000829721218906343,,2019-08-13,,0.161
2AGN07AY,0,0,,,,Censored No Alarm,0,0,0,0,0,1,0.0008563370211049914,,2019-08-14,,0.161
2AGN17RY,0,0,,,,Censored No Alarm,0,0,0,0,0,1,0.00037381163565441966,,2019-08-13,,0.161
2AGN1YNY,0,0,,,,Censored No Alarm,0,0,0,0,0,1,0.0006223722593858838,,2019-08-14,,0.161
2AGN29AY,0,0,,,,Censored No Alarm,0,0,0,0,0,1,0.00037538542528636754,,2019-08-14,,0.161
2AGN43EY,0,0,,,,Censored No Alarm,0,0,0,0,0,1,0.08673261106014252,,2019-08-13,,0.161
2AGN5A3Y,0,0,,,,Censored No Alarm,0,0,0,0,0,1,0.0004941336228512228,,2019-06-01,,0.161
2AGN7GZY,0,0,,,,Censored No Alarm,0,0,0,0,0,1,0.0003454929101280868,,2019-08-13,,0.161
2AGN7XVY,0,0,,,,Censored No Alarm,0,0,0,0,0,1,0.07992474734783173,,2019-08-14,,0.161
2AGN7XYY,0,0,,,,Censored No Alarm,0,0,0,0,0,1,0.018687672913074493,,2019-05-27,,0.161
2AGN853Y,0,0,,,,Censored No Alarm,0,0,0,0,0,1,0.00037854985566809773,,2019-08-14,,0.161
2AGN8H9Y,0,0,,,,Censored No Alarm,0,0,0,0,0,1,0.00037917072768323123,,2019-08-14,,0.161
2AGN8Y9Y,0,0,,,,Censored No Alarm,0,0,0,0,0,1,0.013455357402563095,,2019-08-13,,0.161
2AGN8ZGY,0,0,,,,Censored No Alarm,0,0,0,0,0,1,0.004195205867290497,,2019-06-01,,0.161
2AGN90RY,1,0,,2023-12-07,,Missed,0,0,0,0,1,0,0.0755254402756691,,2019-08-14,,0.161
2AGN9N4Y,1,1,2025-01-25,2025-03-06,40.0,Early,0,1,0,1,0,0,0.3853861689567566,0.16454273462295532,2019-08-13,1992.0,0.161
2AGNAK7Y,0,0,,,,Censored No Alarm,0,0,0,0,0,1,0.0003534320567268878,,2019-08-14,,0.161
2AGNAKGY,0,0,,,,Censored No Alarm,0,0,0,0,0,1,0.0005290594999678433,,2019-08-14,,0.161
2AGNAYKY,0,0,,,,Censored No Alarm,0,0,0,0,0,1,0.0006132147391326725,,2019-08-13,,0.161
2AGNBWPY,0,0,,,,Censored No Alarm,0,0,0,0,0,1,0.000541915011126548,,2019-08-13,,0.161
2AGND0EY,0,0,,,,Censored No Alarm,0,0,0,0,0,1,0.004736038390547037,,2019-08-13,,0.161
2AGNEAHY,0,0,,,,Censored No Alarm,0,0,0,0,0,1,0.0006203108350746334,,2019-08-13,,0.161
2AGNEK5Y,0,0,,,,Censored No Alarm,0,0,0,0,0,1,0.011281524784862995,,2019-08-14,,0.161
2AGNEN9Y,0,0,,,,Censored No Alarm,0,0,0,0,0,1,0.001086734002456069,,2019-08-14,,0.161
2AGNEREY,0,0,,,,Censored No Alarm,0,0,0,0,0,1,0.005169786047190428,,2019-08-13,,0.161
2AGNGZPY,0,0,,,,Censored No Alarm,0,0,0,0,0,1,0.001167812617495656,,2019-05-27,,0.161
2AGNJE2Y,0,0,,,,Censored No Alarm,0,0,0,0,0,1,0.0004937881021760404,,2019-06-01,,0.161
2AGNJG7Y,0,0,,,,Censored No Alarm,0,0,0,0,0,1,0.0005295246955938637,,2019-08-13,,0.161
2AGNJGHY,0,0,,,,Censored No Alarm,0,0,0,0,0,1,0.0007950625149533153,,2019-08-13,,0.161
2AGNJRYY,0,0,,,,Censored No Alarm,0,0,0,0,0,1,0.00042161947931163013,,2019-06-01,,0.161
2AGNJTAY,0,0,,,,Censored No Alarm,0,0,0,0,0,1,0.000486217177240178,,2019-08-14,,0.161
2AGNJTRY,0,0,,,,Censored No Alarm,0,0,0,0,0,1,0.0004381092730909586,,2019-08-14,,0.161
2AGNKB9Y,1,0,,2023-11-29,,Missed,0,0,0,0,1,0,0.0006340043037198484,,2019-08-13,,0.161
2AGNKGXY,0,0,,,,Censored No Alarm,0,0,0,0,0,1,0.0004506719997152686,,2019-08-14,,0.161
2AGNKNJY,0,0,,,,Censored No Alarm,0,0,0,0,0,1,0.0004818835004698485,,2019-08-14,,0.161
2AGNKSPY,0,0,,,,Censored No Alarm,0,0,0,0,0,1,0.0011949861655011773,,2019-08-14,,0.161
2AGNKV4Y,0,0,,,,Censored No Alarm,0,0,0,0,0,1,0.0009459506836719811,,2019-08-13,,0.161
2AGNL61Y,0,0,,,,Censored No Alarm,0,0,0,0,0,1,0.0006073472904972732,,2019-05-16,,0.161
2AGNNTHY,0,0,,,,Censored No Alarm,0,0,0,0,0,1,0.021758323535323143,,2019-05-16,,0.161
2AGNT47Y,0,0,,,,Censored No Alarm,0,0,0,0,0,1,0.0004796551074832678,,2019-05-16,,0.161
2AGP393Y,1,1,2019-08-11,2023-04-06,1334.0,Early,0,1,0,1,0,0,0.35997167229652405,0.17115241289138794,2019-06-01,71.0,0.161
2AGP43EY,1,0,,2024-09-01,,Missed,0,0,0,0,1,0,0.02527478151023388,,2019-05-16,,0.161
2AGP5EDY,0,0,,,,Censored No Alarm,0,0,0,0,0,1,0.0005962407449260354,,2019-05-16,,0.161
2AGP5GBY,0,0,,,,Censored No Alarm,0,0,0,0,0,1,0.0005424583796411753,,2019-05-16,,0.161
2AGP5J1Y,0,0,,,,Censored No Alarm,0,0,0,0,0,1,0.0006479528383351862,,2019-05-16,,0.161
2AGP6TYY,0,0,,,,Censored No Alarm,0,0,0,0,0,1,0.00037592925946228206,,2019-05-16,,0.161
2AGP6UBY,0,0,,,,Censored No Alarm,0,0,0,0,0,1,0.0014898785157129169,,2019-05-16,,0.161
2AGP9W7Y,0,0,,,,Censored No Alarm,0,0,0,0,0,1,0.09745682030916214,,2019-05-16,,0.161
2AGPHHKY,0,0,,,,Censored No Alarm,0,0,0,0,0,1,0.000609697075560689,,2019-06-01,,0.161
2AGPHHTY,0,0,,,,Censored No Alarm,0,0,0,0,0,1,0.0005672716652043164,,2019-06-01,,0.161
2AGPJAVY,0,0,,,,Censored No Alarm,0,0,0,0,0,1,0.00029345089569687843,,2019-05-27,,0.161
2AGPJBGY,0,0,,,,Censored No Alarm,0,0,0,0,0,1,0.0007852434646338224,,2019-05-27,,0.161
2AGPJBNY,0,0,,,,Censored No Alarm,0,0,0,0,0,1,0.0002821924863383174,,2019-05-27,,0.161
2AGPJE5Y,0,0,,,,Censored No Alarm,0,0,0,0,0,1,0.0006780453841201961,,2019-05-16,,0.161
2AGPJGPY,1,0,,2021-02-22,,Missed,0,0,0,0,1,0,0.004079323261976242,,2019-05-16,,0.161
2AGPJH1Y,1,0,,2024-08-11,,Missed,0,0,0,0,1,0,0.05094582214951515,,2019-05-16,,0.161
2AGPJHAY,0,0,,,,Censored No Alarm,0,0,0,0,0,1,0.00048733680159784853,,2019-08-13,,0.161
2AGPJHXY,0,0,,,,Censored No Alarm,0,0,0,0,0,1,0.00036658745375461876,,2019-05-27,,0.161
2AGPJL8Y,0,0,,,,Censored No Alarm,0,0,0,0,0,1,0.0012264040997251868,,2019-05-27,,0.161
2AGPJLWY,0,0,,,,Censored No Alarm,0,0,0,0,0,1,0.0004646646266337484,,2019-08-13,,0.161
2AGPJMRY,0,0,,,,Censored No Alarm,0,0,0,0,0,1,0.0007866289233788848,,2019-08-13,,0.161
2AGPJP0Y,0,0,,,,Censored No Alarm,0,0,0,0,0,1,0.00043852205271832645,,2019-05-27,,0.161
2AGPK9HY,0,0,,,,Censored No Alarm,0,0,0,0,0,1,0.0010041848290711641,,2019-08-14,,0.161
2AGPKA3Y,0,0,,,,Censored No Alarm,0,0,0,0,0,1,0.005722235422581434,,2019-08-14,,0.161
2AGPKALY,0,0,,,,Censored No Alarm,0,0,0,0,0,1,0.0006350353360176086,,2019-05-16,,0.161
2AGPKARY,0,0,,,,Censored No Alarm,0,0,0,0,0,1,0.0007846027729101479,,2019-05-16,,0.161
2AGPKB2Y,0,0,,,,Censored No Alarm,0,0,0,0,0,1,0.0004790736420545727,,2019-05-27,,0.161
2AGPKTUY,0,0,,,,Censored No Alarm,0,0,0,0,0,1,0.0006303578848019242,,2019-05-16,,0.161
2AGPKVGY,0,0,,,,Censored No Alarm,0,0,0,0,0,1,0.00037128597614355385,,2019-05-16,,0.161
2AGPKWNY,1,0,,2023-10-29,,Missed,0,0,0,0,1,0,0.04766075685620308,,2019-05-16,,0.161
2AGPKX4Y,0,0,,,,Censored No Alarm,0,0,0,0,0,1,0.016039416193962097,,2019-05-16,,0.161
2AGPL2YY,0,0,,,,Censored No Alarm,0,0,0,0,0,1,0.0006724191480316222,,2019-05-16,,0.161
2AGPL4UY,0,0,,,,Censored No Alarm,0,0,0,0,0,1,0.0008280877955257893,,2019-05-16,,0.161
2AGPL4ZY,0,0,,,,Censored No Alarm,0,0,0,0,0,1,0.0006196963367983699,,2019-05-27,,0.161
2AGPLSSY,0,0,,,,Censored No Alarm,0,0,0,0,0,1,0.0005462520057335496,,2019-05-16,,0.161
2AGPMDVY,0,0,,,,Censored No Alarm,0,0,0,0,0,1,0.00032955242204479873,,2019-05-27,,0.161
2AGPMEPY,0,0,,,,Censored No Alarm,0,0,0,0,0,1,0.0003787893510889262,,2019-05-16,,0.161
2AGPMGGY,0,0,,,,Censored No Alarm,0,0,0,0,0,1,0.0015213744482025504,,2019-05-16,,0.161
2AGPMM3Y,0,0,,,,Censored No Alarm,0,0,0,0,0,1,0.00039492789073847234,,2019-05-27,,0.161
2AGPMN9Y,0,0,,,,Censored No Alarm,0,0,0,0,0,1,0.00043843264575116336,,2019-05-27,,0.161
2AGPMRDY,0,0,,,,Censored No Alarm,0,0,0,0,0,1,0.0005410108133219182,,2019-05-27,,0.161
2AGPMY1Y,0,0,,,,Censored No Alarm,0,0,0,0,0,1,0.0005071294726803899,,2019-05-16,,0.161
2AGPN6PY,0,0,,,,Censored No Alarm,0,0,0,0,0,1,0.035826776176691055,,2019-05-16,,0.161
2AGPPJAY,0,0,,,,Censored No Alarm,0,0,0,0,0,1,0.00043619234929792583,,2019-05-16,,0.161
2AGPPLLY,1,1,2023-10-25,2023-11-29,35.0,Early,0,1,0,1,0,0,0.19438382983207703,0.17107640206813812,2019-05-16,1623.0,0.161
2AGPR6YY,0,0,,,,Censored No Alarm,0,0,0,0,0,1,0.000478169386042282,,2019-05-16,,0.161
2AGPR7RY,0,0,,,,Censored No Alarm,0,0,0,0,0,1,0.0006576245068572462,,2019-05-16,,0.161
2AGPR8EY,0,0,,,,Censored No Alarm,0,0,0,0,0,1,0.00046617191401310265,,2019-05-16,,0.161
2AGPRL8Y,0,0,,,,Censored No Alarm,0,0,0,0,0,1,0.0006087604560889304,,2019-05-27,,0.161
2AGPRMLY,1,0,,2026-03-26,,Missed,0,0,0,0,1,0,0.004398099612444639,,2019-08-13,,0.161
2AGPRMRY,1,0,,2024-08-12,,Missed,0,0,0,0,1,0,0.0003679399669636041,,2019-05-04,,0.161
2AGPRRJY,0,0,,,,Censored No Alarm,0,0,0,0,0,1,0.09815109521150589,,2019-05-04,,0.161
2AGPS2ZY,0,0,,,,Censored No Alarm,0,0,0,0,0,1,0.0005559664568863809,,2019-05-16,,0.161
2AGPSEDY,0,0,,,,Censored No Alarm,0,0,0,0,0,1,0.0004207119345664978,,2019-05-27,,0.161
2AGPSG5Y,0,0,,,,Censored No Alarm,0,0,0,0,0,1,0.0006033979007042944,,2019-05-27,,0.161
2AGPSGKY,0,0,,,,Censored No Alarm,0,0,0,0,0,1,0.00046248387661762536,,2019-08-14,,0.161
2AGPSJKY,0,0,,,,Censored No Alarm,0,0,0,0,0,1,0.0006572679849341512,,2019-08-14,,0.161
2AGPSRUY,0,0,,,,Censored No Alarm,0,0,0,0,0,1,0.0003520388272590935,,2019-05-16,,0.161
2AGPT2PY,0,0,,,,Censored No Alarm,0,0,0,0,0,1,0.000730335945263505,,2019-08-14,,0.161
2AGPT48Y,0,0,,,,Censored No Alarm,0,0,0,0,0,1,0.0007208393653854728,,2019-06-01,,0.161
2AGPT7PY,0,0,,,,Censored No Alarm,0,0,0,0,0,1,0.007070062216371298,,2019-08-13,,0.161
2AGPTL4Y,0,0,,,,Censored No Alarm,0,0,0,0,0,1,0.0005197044811211526,,2019-05-27,,0.161
2AGPTVLY,0,0,,,,Censored No Alarm,0,0,0,0,0,1,0.0007360721356235445,,2019-06-01,,0.161
5PG0TA6F,0,0,,,,Censored No Alarm,0,0,0,0,0,1,0.000368936249287799,,2020-07-14,,0.161
5PG0TAKF,0,0,,,,Censored No Alarm,0,0,0,0,0,1,0.0006972555420361459,,2020-05-10,,0.161
5PJEJUHE,0,0,,,,Censored No Alarm,0,0,0,0,0,1,0.001985049806535244,,2021-12-28,,0.161
5PJJHD9C,0,0,,,,Censored No Alarm,0,0,0,0,0,1,0.0005516522796824574,,2022-07-18,,0.161
5PJJLZTF,0,0,,,,Censored No Alarm,0,0,0,0,0,1,0.000989135354757309,,2021-12-03,,0.161
5PJKZP4D,0,0,,,,Censored No Alarm,0,0,0,0,0,1,0.0010140554513782263,,2022-08-04,,0.161
5PJVPJGF,0,0,,,,Censored No Alarm,0,0,0,0,0,1,0.001487533561885357,,2021-05-16,,0.161
5PK10N4B,0,0,,,,Censored No Alarm,0,0,0,0,0,1,0.0013342935126274824,,2024-12-22,,0.161
5PK5ZB1B,0,0,,,,Censored No Alarm,0,0,0,0,0,1,0.002260434441268444,,2024-04-29,,0.161
5PKEBJVB,0,0,,,,Censored No Alarm,0,0,0,0,0,1,0.0017938816454261541,,2023-11-27,,0.161
5PKVXW6B,0,0,,,,Censored No Alarm,0,0,0,0,0,1,0.0015445646131411195,,2024-06-01,,0.161
5QG63PMB,0,0,,,,Censored No Alarm,0,0,0,0,0,1,0.0031257651280611753,,2024-05-28,,0.161
5QGBH0MB,0,0,,,,Censored No Alarm,0,0,0,0,0,1,0.0027193890418857336,,2023-12-09,,0.161
5QGG5KLB,0,0,,,,Censored No Alarm,0,0,0,0,0,1,0.0019122534431517124,,2023-04-05,,0.161
5QGG5UPB,0,0,,,,Censored No Alarm,0,0,0,0,0,1,0.008958649821579456,,2022-12-06,,0.161
5QGGAELB,1,1,2025-01-12,2025-06-04,143.0,Early,0,1,0,1,0,0,0.4657728970050812,0.24631407856941223,2023-03-28,656.0,0.161
5QGGHWVB,0,0,,,,Censored No Alarm,0,0,0,0,0,1,0.0018307814607396722,,2023-12-16,,0.161
5QH0Z60B,1,1,2024-01-22,2024-05-14,113.0,Early,0,1,0,1,0,0,0.5082402229309082,0.16997237503528595,2023-10-22,92.0,0.161
5QHDKVHB,0,0,,,,Censored No Alarm,0,0,0,0,0,1,0.002227865858003497,,2023-11-17,,0.161
5QHKE66B,0,0,,,,Censored No Alarm,0,0,0,0,0,1,0.003628157777711749,,2024-04-18,,0.161
5QHYP4MB,0,0,,,,Censored No Alarm,0,0,0,0,0,1,0.0019827252253890038,,2024-05-15,,0.161
5QJBW5VB,1,1,2024-05-09,2024-05-25,16.0,On time,1,0,0,0,0,0,0.5758663415908813,0.2805192172527313,2024-02-07,92.0,0.161
5QJS57NB,0,0,,,,Censored No Alarm,0,0,0,0,0,1,0.0015581671614199877,,2024-01-23,,0.161
5QKBEVWB,0,0,,,,Censored No Alarm,0,0,0,0,0,1,0.0016311248764395714,,2023-12-14,,0.161
5QKDK07B,0,0,,,,Censored No Alarm,0,0,0,0,0,1,0.0014316181186586618,,2024-12-20,,0.161
5QKHBVPB,0,0,,,,Censored No Alarm,0,0,0,0,0,1,0.0020385077223181725,,2024-05-30,,0.161
5QKKSM3B,0,0,,,,Censored No Alarm,0,0,0,0,0,1,0.004018096253275871,,2024-04-06,,0.161
5QKV55TB,0,0,,,,Censored No Alarm,0,0,0,0,0,1,0.0014797089388594031,,2024-02-29,,0.161
5QKV6W0B,0,0,,,,Censored No Alarm,0,0,0,0,0,1,0.002040532184764743,,2023-08-14,,0.161
5QKV74SB,0,0,,,,Censored No Alarm,0,0,0,0,0,1,0.0024298792704939842,,2024-01-09,,0.161
5QKV778B,0,0,,,,Censored No Alarm,0,0,0,0,0,1,0.0024985382333397865,,2024-06-07,,0.161
5QKV7UHB,0,0,,,,Censored No Alarm,0,0,0,0,0,1,0.003934175707399845,,2024-03-04,,0.161
5QKV85UB,0,0,,,,Censored No Alarm,0,0,0,0,0,1,0.001763463020324707,,2023-12-02,,0.161
5QKVAN8B,0,0,,,,Censored No Alarm,0,0,0,0,0,1,0.0014910983154550195,,2023-12-24,,0.161
5QKVARLB,0,0,,,,Censored No Alarm,0,0,0,0,0,1,0.001337092719040811,,2023-11-03,,0.161
5QKVATKB,0,0,,,,Censored No Alarm,0,0,0,0,0,1,0.0015784589340910316,,2024-01-09,,0.161
5QKVD71B,0,0,,,,Censored No Alarm,0,0,0,0,0,1,0.0024031582288444042,,2024-05-10,,0.161
5QKVDDVB,0,0,,,,Censored No Alarm,0,0,0,0,0,1,0.0018147816881537437,,2024-06-19,,0.161
5QKVETTB,0,0,,,,Censored No Alarm,0,0,0,0,0,1,0.0030897301621735096,,2024-06-27,,0.161
5QKVEUZB,0,0,,,,Censored No Alarm,0,0,0,0,0,1,0.0015461529837921262,,2024-04-22,,0.161
5QKVEXJB,0,0,,,,Censored No Alarm,0,0,0,0,0,1,0.0038940701633691788,,2023-11-30,,0.161
5QKVGLWB,0,0,,,,Censored No Alarm,0,0,0,0,0,1,0.0015206640819087625,,2024-05-08,,0.161
5QKVHPLB,0,0,,,,Censored No Alarm,0,0,0,0,0,1,0.0018632163992151618,,2024-05-07,,0.161
5QKVHRMB,0,0,,,,Censored No Alarm,0,0,0,0,0,1,0.0044555882923305035,,2024-06-23,,0.161
5QKVVTHB,0,0,,,,Censored No Alarm,0,0,0,0,0,1,0.004724529106169939,,2024-04-15,,0.161
8CGNK9GE,0,0,,,,Censored No Alarm,0,0,0,0,0,1,0.04223428666591644,,2019-05-04,,0.161
8CGR1V5E,0,0,,,,Censored No Alarm,0,0,0,0,0,1,0.0005283791688270867,,2019-06-01,,0.161
8CGSN9XE,0,0,,,,Censored No Alarm,0,0,0,0,0,1,0.0005105799646116793,,2019-05-16,,0.161
8CGSTSRE,0,0,,,,Censored No Alarm,0,0,0,0,0,1,0.00046221259981393814,,2019-05-04,,0.161
8CGT5S2E,1,0,,2024-11-05,,Missed,0,0,0,0,1,0,0.09432093799114227,,2019-06-01,,0.161
8CGTW4VE,0,0,,,,Censored No Alarm,0,0,0,0,0,1,0.0005975976237095892,,2019-06-01,,0.161
8CGTZ9HE,1,1,2023-04-22,2023-07-12,81.0,Early,0,1,0,1,0,0,0.8025440573692322,0.2249465137720108,2019-05-16,1437.0,0.161
8CGU9LLE,0,0,,,,Censored No Alarm,0,0,0,0,0,1,0.00040946208173409104,,2019-05-16,,0.161
8CGV369E,0,0,,,,Censored No Alarm,0,0,0,0,0,1,0.000616125704254955,,2019-05-16,,0.161
8CGVR04E,0,1,2026-01-07,,,Censored Early,0,0,1,1,0,0,0.19915203750133514,0.19331300258636475,2019-05-16,2428.0,0.161
8CGVTH0E,0,0,,,,Censored No Alarm,0,0,0,0,0,1,0.0008509312174282968,,2019-05-04,,0.161
8CGW3HPE,0,0,,,,Censored No Alarm,0,0,0,0,0,1,0.00041007224353961647,,2019-05-04,,0.161
8CGW6ULE,0,0,,,,Censored No Alarm,0,0,0,0,0,1,0.0004936889745295048,,2019-05-04,,0.161
8CGWPGEE,0,0,,,,Censored No Alarm,0,0,0,0,0,1,0.0004961714730598032,,2019-05-16,,0.161
8CGXKYVE,0,0,,,,Censored No Alarm,0,0,0,0,0,1,0.0005173493991605937,,2019-05-04,,0.161
8CGXNNUE,1,1,2022-05-02,2022-05-10,8.0,On time,1,0,0,0,0,0,0.37261828780174255,0.19821320474147797,2019-06-01,1066.0,0.161
8CGY4KUE,0,0,,,,Censored No Alarm,0,0,0,0,0,1,0.0006467251805588603,,2019-05-16,,0.161
8CGYJ5TE,0,0,,,,Censored No Alarm,0,0,0,0,0,1,0.0004896330647170544,,2019-06-01,,0.161
8CGYVS8E,0,0,,,,Censored No Alarm,0,0,0,0,0,1,0.00033418776001781225,,2019-06-01,,0.161
8CGYW96E,0,0,,,,Censored No Alarm,0,0,0,0,0,1,0.02158130519092083,,2019-06-01,,0.161
8CGYXB6E,0,0,,,,Censored No Alarm,0,0,0,0,0,1,0.002822763053700328,,2019-08-13,,0.161
8CGZ8K3E,0,0,,,,Censored No Alarm,0,0,0,0,0,1,0.00037505151703953743,,2019-05-04,,0.161
8CGZ8S1E,0,0,,,,Censored No Alarm,0,0,0,0,0,1,0.0004541860253084451,,2019-05-04,,0.161
8CGZ8SDE,0,0,,,,Censored No Alarm,0,0,0,0,0,1,0.1533379852771759,,2019-05-04,,0.161
8CGZB98E,0,0,,,,Censored No Alarm,0,0,0,0,0,1,0.00029146173619665205,,2019-08-14,,0.161
8CGZB9VE,0,0,,,,Censored No Alarm,0,0,0,0,0,1,0.00043307835585437715,,2019-06-01,,0.161
8CGZKBME,0,0,,,,Censored No Alarm,0,0,0,0,0,1,0.04284466803073883,,2019-05-04,,0.161
8CGZKDHE,0,0,,,,Censored No Alarm,0,0,0,0,0,1,0.0006629071431234479,,2019-05-04,,0.161
8CGZMEAE,0,0,,,,Censored No Alarm,0,0,0,0,0,1,0.0007479830528609455,,2019-05-04,,0.161
8CH02WUE,0,0,,,,Censored No Alarm,0,0,0,0,0,1,0.0003719199448823929,,2019-08-14,,0.161
8CH05AGE,0,0,,,,Censored No Alarm,0,0,0,0,0,1,0.0005164960166439414,,2019-05-04,,0.161
8CH06AGE,0,0,,,,Censored No Alarm,0,0,0,0,0,1,0.0005061845877207816,,2019-05-16,,0.161
8CH06B5E,0,0,,,,Censored No Alarm,0,0,0,0,0,1,0.00038010100251995027,,2019-05-04,,0.161
8CH06E7E,0,0,,,,Censored No Alarm,0,0,0,0,0,1,0.00046518954331986606,,2019-05-04,,0.161
8CH06EDE,0,0,,,,Censored No Alarm,0,0,0,0,0,1,0.0006292455946095288,,2019-06-01,,0.161
8CH0869E,0,0,,,,Censored No Alarm,0,0,0,0,0,1,0.0006904865149408579,,2019-05-04,,0.161
8CH08RNE,0,0,,,,Censored No Alarm,0,0,0,0,0,1,0.0006028455100022256,,2019-08-14,,0.161
8CH09GGE,0,0,,,,Censored No Alarm,0,0,0,0,0,1,0.0005544751766137779,,2019-06-01,,0.161
8CH0BYPE,0,0,,,,Censored No Alarm,0,0,0,0,0,1,0.0004966124542988837,,2019-08-13,,0.161
8CH0BYTE,0,0,,,,Censored No Alarm,0,0,0,0,0,1,0.0005158731364645064,,2019-06-01,,0.161
8CH0DM8E,0,0,,,,Censored No Alarm,0,0,0,0,0,1,0.00032622297294437885,,2019-08-14,,0.161
8CH0GNLE,0,0,,,,Censored No Alarm,0,0,0,0,0,1,0.0006723819533362985,,2019-05-04,,0.161
8CH0GNNE,0,0,,,,Censored No Alarm,0,0,0,0,0,1,0.006276873406022787,,2019-05-04,,0.161
8CH0GNSE,0,0,,,,Censored No Alarm,0,0,0,0,0,1,0.0005803367821499705,,2019-05-16,,0.161
8CH0HRKE,0,0,,,,Censored No Alarm,0,0,0,0,0,1,0.000393916416214779,,2019-06-01,,0.161
8CH0HTRE,0,0,,,,Censored No Alarm,0,0,0,0,0,1,0.000651836977340281,,2019-06-01,,0.161
8CH0L5PE,0,0,,,,Censored No Alarm,0,0,0,0,0,1,0.00034156357287429273,,2019-06-01,,0.161
8CH0R06E,0,0,,,,Censored No Alarm,0,0,0,0,0,1,0.00041763848275877535,,2019-05-04,,0.161
8CH0R3YE,0,0,,,,Censored No Alarm,0,0,0,0,0,1,0.06273975223302841,,2019-08-13,,0.161
8CH0TLTE,0,0,,,,Censored No Alarm,0,0,0,0,0,1,0.0005614311085082591,,2019-08-13,,0.161
8CH0TLUE,0,0,,,,Censored No Alarm,0,0,0,0,0,1,0.0004077560151927173,,2019-06-01,,0.161
8CH0TN2E,0,0,,,,Censored No Alarm,0,0,0,0,0,1,0.0004564120317809284,,2019-06-01,,0.161
8CH0TN3E,0,0,,,,Censored No Alarm,0,0,0,0,0,1,0.0006382512510754168,,2019-08-13,,0.161
8CH0TVRE,0,0,,,,Censored No Alarm,0,0,0,0,0,1,0.00046253061736933887,,2019-08-14,,0.161
8CH0V7TE,0,0,,,,Censored No Alarm,0,0,0,0,0,1,0.0468292273581028,,2019-06-01,,0.161
8CH0VH1E,0,0,,,,Censored No Alarm,0,0,0,0,0,1,0.00045742164365947247,,2019-05-16,,0.161
8CH0VW0E,0,0,,,,Censored No Alarm,0,0,0,0,0,1,0.0004260571440681815,,2019-06-01,,0.161
8CH11KPE,0,0,,,,Censored No Alarm,0,0,0,0,0,1,0.0006129517569206655,,2019-05-04,,0.161
8CH13D7E,0,0,,,,Censored No Alarm,0,0,0,0,0,1,0.0005124400486238301,,2019-06-01,,0.161
8CH13DAE,0,0,,,,Censored No Alarm,0,0,0,0,0,1,0.0005073726642876863,,2019-06-01,,0.161
8CH15D3E,0,0,,,,Censored No Alarm,0,0,0,0,0,1,0.041293900460004807,,2019-05-16,,0.161
8CH15YME,0,0,,,,Censored No Alarm,0,0,0,0,0,1,0.0005192400421947241,,2019-06-01,,0.161
8CH160KE,0,0,,,,Censored No Alarm,0,0,0,0,0,1,0.0005320233758538961,,2019-08-14,,0.161
8CH16PBE,0,0,,,,Censored No Alarm,0,0,0,0,0,1,0.010250585153698921,,2019-06-01,,0.161
8CH16ZDE,0,0,,,,Censored No Alarm,0,0,0,0,0,1,0.0004643954162020236,,2019-06-01,,0.161
8CH16ZUE,0,0,,,,Censored No Alarm,0,0,0,0,0,1,0.0006195203750394285,,2019-06-01,,0.161
8CH17M9E,0,0,,,,Censored No Alarm,0,0,0,0,0,1,0.00040271549369208515,,2019-06-01,,0.161
8CH17MHE,0,0,,,,Censored No Alarm,0,0,0,0,0,1,0.0004146517312619835,,2019-08-13,,0.161
8CH190UE,1,1,2021-12-27,2022-03-26,89.0,Early,0,1,0,1,0,0,0.2671949565410614,0.17325054109096527,2019-08-13,867.0,0.161
8CH1APUE,1,1,2025-07-05,2025-09-18,75.0,Early,0,1,0,1,0,0,0.29934167861938477,0.23881135880947113,2019-06-01,2226.0,0.161
8CH1AR5E,0,0,,,,Censored No Alarm,0,0,0,0,0,1,0.0003835372335743159,,2019-05-04,,0.161
8CH1ARHE,1,0,,2023-09-28,,Missed,0,0,0,0,1,0,0.015116929076611996,,2019-06-01,,0.161
8CH1WBME,1,0,,2024-05-05,,Missed,0,0,0,0,1,0,0.013050009496510029,,2019-05-04,,0.161
8CH1XHUE,0,0,,,,Censored No Alarm,0,0,0,0,0,1,0.0005346628022380173,,2019-05-04,,0.161
8CH4AT4E,0,0,,,,Censored No Alarm,0,0,0,0,0,1,0.0003822766011580825,,2019-05-27,,0.161
8CH4X3TE,1,0,,2022-10-12,,Missed,0,0,0,0,1,0,0.002740389434620738,,2019-05-16,,0.161
8CH4YM4E,1,0,,2023-03-03,,Missed,0,0,0,0,1,0,0.005164638161659241,,2019-05-16,,0.161
8CH4YM6E,1,1,2024-12-07,2025-03-13,96.0,Early,0,1,0,1,0,0,0.20162728428840637,0.19128437340259552,2019-05-16,2032.0,0.161
8CH4YN8E,1,0,,2024-04-09,,Missed,0,0,0,0,1,0,0.07448393851518631,,2019-05-16,,0.161
8CH4Z6UE,0,0,,,,Censored No Alarm,0,0,0,0,0,1,0.0006421506986953318,,2019-05-16,,0.161
8CH5214E,1,1,2024-01-17,2024-02-15,29.0,On time,1,0,0,0,0,0,0.3341139256954193,0.24009163677692413,2019-05-16,1707.0,0.161
8CH52U5E,0,0,,,,Censored No Alarm,0,0,0,0,0,1,0.0003731428296305239,,2019-05-16,,0.161
8CH5B9LE,0,0,,,,Censored No Alarm,0,0,0,0,0,1,0.0007465310045517981,,2019-05-16,,0.161
8CH5E8EE,1,0,,2023-04-04,,Missed,0,0,0,0,1,0,0.0733562782406807,,2019-05-16,,0.161
8CH5HRYE,1,1,2024-04-20,2024-12-24,248.0,Early,0,1,0,1,0,0,0.18441466987133026,0.1683802753686905,2019-05-16,1801.0,0.161
8CHRG6JE,0,0,,,,Censored No Alarm,0,0,0,0,0,1,0.0005423992406576872,,2019-11-25,,0.161
8CHU2WSE,0,0,,,,Censored No Alarm,0,0,0,0,0,1,0.0004109133733436465,,2020-06-18,,0.161
8CHU7R9E,1,0,,2024-11-09,,Missed,0,0,0,0,1,0,0.04865140840411186,,2021-05-05,,0.161
8CHUHHXE,0,0,,,,Censored No Alarm,0,0,0,0,0,1,0.027515798807144165,,2020-06-26,,0.161
8CJMA59E,0,0,,,,Censored No Alarm,0,0,0,0,0,1,0.002774020191282034,,2024-04-02,,0.161
8DG1BB5Y,0,0,,,,Censored No Alarm,0,0,0,0,0,1,0.0019037394085898995,,2024-12-20,,0.161
8DG3MU5D,0,0,,,,Censored No Alarm,0,0,0,0,0,1,0.0011632634559646249,,2018-07-12,,0.161
8DG4SAUD,0,0,,,,Censored No Alarm,0,0,0,0,0,1,0.0015642964281141758,,2018-07-12,,0.161
8DG4SAZD,0,0,,,,Censored No Alarm,0,0,0,0,0,1,0.0005560157587751746,,2018-07-12,,0.161
8DG52U7D,0,0,,,,Censored No Alarm,0,0,0,0,0,1,0.0010753388050943613,,2018-07-12,,0.161
8DG52W9D,0,0,,,,Censored No Alarm,0,0,0,0,0,1,0.00047630156041122973,,2018-07-12,,0.161
8DG52WND,0,0,,,,Censored No Alarm,0,0,0,0,0,1,0.0006241523078642786,,2018-07-12,,0.161
8DG6S3UD,1,0,,2024-06-11,,Missed,0,0,0,0,1,0,0.060851868242025375,,2018-07-12,,0.161
8DG88GTY,0,0,,,,Censored No Alarm,0,0,0,0,0,1,0.0015452661318704486,,2025-01-01,,0.161
8DG93TXY,0,0,,,,Censored No Alarm,0,0,0,0,0,1,0.0029062458779662848,,2024-04-01,,0.161
8DJE2HWH,0,0,,,,Censored No Alarm,0,0,0,0,0,1,0.00037050244281999767,,2019-01-05,,0.161
8DJEPPSH,0,0,,,,Censored No Alarm,0,0,0,0,0,1,0.00034560885978862643,,2019-01-05,,0.161
8DJEPTWH,0,0,,,,Censored No Alarm,0,0,0,0,0,1,0.00041191483614966273,,2019-01-05,,0.161
8DJEUXLH,0,0,,,,Censored No Alarm,0,0,0,0,0,1,0.07566632330417633,,2019-01-05,,0.161
8DK5NDLH,0,0,,,,Censored No Alarm,0,0,0,0,0,1,0.0006519088638015091,,2020-01-03,,0.161
8DKHU24H,0,0,,,,Censored No Alarm,0,0,0,0,0,1,0.0006070993258617818,,2019-12-29,,0.161
8DKUD8AH,0,0,,,,Censored No Alarm,0,0,0,0,0,1,0.0004485243698582053,,2019-01-05,,0.161
8DKV390H,0,0,,,,Censored No Alarm,0,0,0,0,0,1,0.0005631431704387069,,2019-03-01,,0.161
8HG28M3H,0,0,,,,Censored No Alarm,0,0,0,0,0,1,0.00034010104718618095,,2019-03-01,,0.161
8HG7LGUH,1,0,,2025-06-01,,Missed,0,0,0,0,1,0,0.14196504652500153,,2019-06-01,,0.161
8HGBYHPH,0,0,,,,Censored No Alarm,0,0,0,0,0,1,0.00046383350854739547,,2021-10-03,,0.161
8HGNAB0H,0,0,,,,Censored No Alarm,0,0,0,0,0,1,0.000708968669641763,,2019-03-28,,0.161
8HGZPYVH,0,1,2022-12-20,,,Censored Early,0,0,1,1,0,0,0.31922855973243713,0.1674661636352539,2019-01-05,1445.0,0.161
8HH12ZPH,0,0,,,,Censored No Alarm,0,0,0,0,0,1,0.0004469373670872301,,2018-11-14,,0.161
8HH5JYSH,0,0,,,,Censored No Alarm,0,0,0,0,0,1,0.0005719548207707703,,2018-11-14,,0.161
8HH8BNRH,0,0,,,,Censored No Alarm,0,0,0,0,0,1,0.00056381372269243,,2019-03-28,,0.161
8HH8P7RH,0,0,,,,Censored No Alarm,0,0,0,0,0,1,0.00038475816836580634,,2019-03-02,,0.161
8HH901KH,0,0,,,,Censored No Alarm,0,0,0,0,0,1,0.0005893107736483216,,2019-03-28,,0.161
8HH9ZRUH,0,0,,,,Censored No Alarm,0,0,0,0,0,1,0.0005096469540148973,,2019-03-01,,0.161
8HHARE1H,1,1,2023-03-12,2023-03-24,12.0,On time,1,0,0,0,0,0,0.4353492558002472,0.1839480996131897,2019-08-13,1307.0,0.161
8HHARGBH,0,0,,,,Censored No Alarm,0,0,0,0,0,1,0.00031255054636858404,,2019-03-02,,0.161
8HHATBKH,0,0,,,,Censored No Alarm,0,0,0,0,0,1,0.0004791919491253793,,2019-03-01,,0.161
8HHJXENH,0,0,,,,Censored No Alarm,0,0,0,0,0,1,0.0007580990786664188,,2019-01-05,,0.161
8HHNHSUH,1,0,,2024-12-06,,Missed,0,0,0,0,1,0,0.0559622086584568,,2019-05-04,,0.161
8HHPUREH,1,1,2023-08-08,2024-05-16,282.0,Early,0,1,0,1,0,0,0.2740788161754608,0.17930664122104645,2018-11-14,1728.0,0.161
8HHT1P2H,0,0,,,,Censored No Alarm,0,0,0,0,0,1,0.008202513679862022,,2018-11-14,,0.161
8HHTWXYH,0,0,,,,Censored No Alarm,0,0,0,0,0,1,0.0004264022863935679,,2018-11-14,,0.161
8HHZ6MGH,0,0,,,,Censored No Alarm,0,0,0,0,0,1,0.0004976397613063455,,2018-11-14,,0.161
8HJ1NNDH,0,0,,,,Censored No Alarm,0,0,0,0,0,1,0.00040283764246851206,,2018-11-14,,0.161
8HJ6SJAH,0,0,,,,Censored No Alarm,0,0,0,0,0,1,0.0015330541646108031,,2018-11-14,,0.161
8HJ6SJTH,0,0,,,,Censored No Alarm,0,0,0,0,0,1,0.0003007295890711248,,2018-11-14,,0.161
8HJ74BPH,0,0,,,,Censored No Alarm,0,0,0,0,0,1,0.00045671299449168146,,2018-11-14,,0.161
8HJ7UJHH,0,0,,,,Censored No Alarm,0,0,0,0,0,1,0.0005226010107435286,,2018-11-14,,0.161
8HJ7Y9BH,0,0,,,,Censored No Alarm,0,0,0,0,0,1,0.00161732267588377,,2018-11-14,,0.161
8HJ7Z0DH,0,0,,,,Censored No Alarm,0,0,0,0,0,1,0.0005907346494495869,,2019-05-04,,0.161
8HJ7Z10H,0,0,,,,Censored No Alarm,0,0,0,0,0,1,0.00045771172153763473,,2018-11-14,,0.161
8HJ7Z1MH,0,0,,,,Censored No Alarm,0,0,0,0,0,1,0.004349070601165295,,2018-11-14,,0.161
8HJ86APH,0,0,,,,Censored No Alarm,0,0,0,0,0,1,0.023755311965942383,,2018-11-14,,0.161
8HJ86NXH,0,0,,,,Censored No Alarm,0,0,0,0,0,1,0.00047197003732435405,,2019-05-04,,0.161
8HJ8LEXH,0,0,,,,Censored No Alarm,0,0,0,0,0,1,0.05178944021463394,,2019-05-04,,0.161
8HJ8LKMH,1,0,,2026-03-14,,Missed,0,0,0,0,1,0,0.08180109411478043,,2018-11-14,,0.161
8HJ91WDH,0,0,,,,Censored No Alarm,0,0,0,0,0,1,0.0004721531586255878,,2019-05-04,,0.161
8HJ94EVH,0,0,,,,Censored No Alarm,0,0,0,0,0,1,0.0004453737928997725,,2018-11-14,,0.161
8HJ9JWTH,0,0,,,,Censored No Alarm,0,0,0,0,0,1,0.0003204561653546989,,2018-11-14,,0.161
8HJ9K7HH,1,1,2025-01-25,2025-01-28,3.0,On time,1,0,0,0,0,0,0.1994861662387848,0.1883169561624527,2018-11-14,2264.0,0.161
8HJ9KKGH,0,0,,,,Censored No Alarm,0,0,0,0,0,1,0.000472507526865229,,2019-05-04,,0.161
8HJ9KN1H,0,0,,,,Censored No Alarm,0,0,0,0,0,1,0.0006674741161987185,,2018-11-14,,0.161
8HJ9LS1H,0,0,,,,Censored No Alarm,0,0,0,0,0,1,0.0004608267918229103,,2018-11-14,,0.161
8HJ9M5NH,0,0,,,,Censored No Alarm,0,0,0,0,0,1,0.0005766279646195471,,2018-11-14,,0.161
8HJ9M94H,0,0,,,,Censored No Alarm,0,0,0,0,0,1,0.00040404294850304723,,2018-11-14,,0.161
8HJ9MZBH,0,0,,,,Censored No Alarm,0,0,0,0,0,1,0.0004799496673513204,,2019-05-04,,0.161
8HJ9NHPH,0,0,,,,Censored No Alarm,0,0,0,0,0,1,0.00047535516205243766,,2018-11-14,,0.161
8HJ9NKKH,0,0,,,,Censored No Alarm,0,0,0,0,0,1,0.0005280423210933805,,2018-11-14,,0.161
8HJ9RYSH,0,0,,,,Censored No Alarm,0,0,0,0,0,1,0.00031580551876686513,,2018-11-14,,0.161
8HJ9S05H,0,0,,,,Censored No Alarm,0,0,0,0,0,1,0.000388248183298856,,2018-11-14,,0.161
8HJ9S0EH,0,0,,,,Censored No Alarm,0,0,0,0,0,1,0.0005462350673042238,,2018-11-14,,0.161
8HJ9Y3ZH,0,0,,,,Censored No Alarm,0,0,0,0,0,1,0.00041750993113964796,,2019-05-04,,0.161
8HJA085H,0,0,,,,Censored No Alarm,0,0,0,0,0,1,0.00031093345023691654,,2018-11-14,,0.161
8HJA2DPH,0,0,,,,Censored No Alarm,0,0,0,0,0,1,0.00034342470462433994,,2018-11-14,,0.161
8HJA8DBH,0,0,,,,Censored No Alarm,0,0,0,0,0,1,0.00042821659008041024,,2018-11-14,,0.161
8HJBNYTH,0,0,,,,Censored No Alarm,0,0,0,0,0,1,0.08435722440481186,,2019-01-05,,0.161
8HJDK12H,0,0,,,,Censored No Alarm,0,0,0,0,0,1,0.0005144838942214847,,2018-11-14,,0.161
8HJDX4PH,0,0,,,,Censored No Alarm,0,0,0,0,0,1,0.0009860947029665112,,2018-11-14,,0.161
8HJEY89H,0,0,,,,Censored No Alarm,0,0,0,0,0,1,0.0003637041081674397,,2019-03-01,,0.161
8HJG85RH,0,0,,,,Censored No Alarm,0,0,0,0,0,1,0.00043260137317702174,,2019-03-01,,0.161
8HJGZPXH,0,0,,,,Censored No Alarm,0,0,0,0,0,1,0.0007149993325583637,,2018-11-14,,0.161
8HJH62EH,0,0,,,,Censored No Alarm,0,0,0,0,0,1,0.0005579274147748947,,2018-11-14,,0.161
8HJH8RWH,0,0,,,,Censored No Alarm,0,0,0,0,0,1,0.0006800677510909736,,2019-03-01,,0.161
8HJK2HSH,0,0,,,,Censored No Alarm,0,0,0,0,0,1,0.014530743472278118,,2018-11-14,,0.161
8HJLKZRH,0,0,,,,Censored No Alarm,0,0,0,0,0,1,0.0005582670564763248,,2018-11-14,,0.161
8HJRD7PH,0,0,,,,Censored No Alarm,0,0,0,0,0,1,0.00030987340142019093,,2019-03-01,,0.161
8HJRUMWH,0,0,,,,Censored No Alarm,0,0,0,0,0,1,0.0003842208534479141,,2018-11-14,,0.161
8HJRVW4H,0,0,,,,Censored No Alarm,0,0,0,0,0,1,0.0004116910567972809,,2018-11-14,,0.161
8HJUGTVH,0,0,,,,Censored No Alarm,0,0,0,0,0,1,0.05976944416761398,,2018-11-14,,0.161
8HJVJKPH,0,0,,,,Censored No Alarm,0,0,0,0,0,1,0.0003222152590751648,,2018-11-14,,0.161
8HJVUAGH,0,0,,,,Censored No Alarm,0,0,0,0,0,1,0.0005820913938805461,,2018-11-14,,0.161
8HJWBJXH,0,0,,,,Censored No Alarm,0,0,0,0,0,1,0.0005096058594062924,,2018-11-14,,0.161
8HJWHD6H,0,0,,,,Censored No Alarm,0,0,0,0,0,1,0.0006663027452304959,,2018-11-14,,0.161
8HJWHEJH,0,0,,,,Censored No Alarm,0,0,0,0,0,1,0.0004493036540225148,,2019-03-28,,0.161
8HJXG0WH,1,0,,2022-05-01,,Missed,0,0,0,0,1,0,0.03090250864624977,,2018-11-14,,0.161
8HJXKBDH,0,0,,,,Censored No Alarm,0,0,0,0,0,1,0.00041520214290358126,,2019-03-01,,0.161
8HJXU87H,0,0,,,,Censored No Alarm,0,0,0,0,0,1,0.05483771488070488,,2018-11-14,,0.161
8HJY20MH,0,0,,,,Censored No Alarm,0,0,0,0,0,1,0.0005044426652602851,,2018-11-14,,0.161
8HJYTXWH,0,0,,,,Censored No Alarm,0,0,0,0,0,1,0.00040615067700855434,,2018-11-14,,0.161
8HJYU0JH,0,0,,,,Censored No Alarm,0,0,0,0,0,1,0.001020131865516305,,2018-11-14,,0.161
8HJYZNZH,0,0,,,,Censored No Alarm,0,0,0,0,0,1,0.00045374463661573827,,2018-11-14,,0.161
8HJZ13TH,0,0,,,,Censored No Alarm,0,0,0,0,0,1,0.0006953828269615769,,2018-11-14,,0.161
8HJZADEH,0,0,,,,Censored No Alarm,0,0,0,0,0,1,0.0005048452876508236,,2018-11-14,,0.161
8HJZEG6H,1,0,,2023-11-17,,Missed,0,0,0,0,1,0,0.08041533082723618,,2018-11-14,,0.161
8HJZG4AH,0,0,,,,Censored No Alarm,0,0,0,0,0,1,0.000530435994733125,,2018-11-14,,0.161
8HJZNVWH,0,0,,,,Censored No Alarm,0,0,0,0,0,1,0.0011491883778944612,,2018-11-14,,0.161
8HK087WH,0,0,,,,Censored No Alarm,0,0,0,0,0,1,0.09211936593055725,,2018-11-14,,0.161
8HK0HH3H,0,0,,,,Censored No Alarm,0,0,0,0,0,1,0.0003009409410879016,,2018-11-14,,0.161
8HK12NNH,0,0,,,,Censored No Alarm,0,0,0,0,0,1,0.0003385072632227093,,2018-11-14,,0.161
8HK17SKH,0,1,2025-09-25,,,Censored Early,0,0,1,1,0,0,0.23926350474357605,0.18292774260044098,2018-11-14,2507.0,0.161
8HK17SWH,0,0,,,,Censored No Alarm,0,0,0,0,0,1,0.0004512585583142936,,2018-11-14,,0.161
8HK17SYH,0,0,,,,Censored No Alarm,0,0,0,0,0,1,0.13488022983074188,,2018-11-14,,0.161
8HK19K9H,0,0,,,,Censored No Alarm,0,0,0,0,0,1,0.0004501417570281774,,2018-11-14,,0.161
8HK19KVH,0,0,,,,Censored No Alarm,0,0,0,0,0,1,0.00041263760067522526,,2018-11-14,,0.161
8HK1KY3H,0,0,,,,Censored No Alarm,0,0,0,0,0,1,0.000596532307099551,,2018-11-14,,0.161
8HK1LYPH,0,0,,,,Censored No Alarm,0,0,0,0,0,1,0.00029114625067450106,,2018-11-14,,0.161
8HK1N18H,0,0,,,,Censored No Alarm,0,0,0,0,0,1,0.0004910129937343299,,2018-11-14,,0.161
8HK1PV7H,0,0,,,,Censored No Alarm,0,0,0,0,0,1,0.0006067320355214179,,2018-11-14,,0.161
8HK1UULH,0,0,,,,Censored No Alarm,0,0,0,0,0,1,0.0003796231758315116,,2018-11-14,,0.161
8HK1XAAH,1,0,,2021-10-24,,Missed,0,0,0,0,1,0,0.0002590905351098627,,2018-11-14,,0.161
8HK224GH,0,0,,,,Censored No Alarm,0,0,0,0,0,1,0.0004245843447279185,,2018-11-14,,0.161
8HK25XSH,0,0,,,,Censored No Alarm,0,0,0,0,0,1,0.0015127193182706833,,2018-11-14,,0.161
8HK266WH,0,0,,,,Censored No Alarm,0,0,0,0,0,1,0.009843975305557251,,2018-11-14,,0.161
8HK28TJH,0,0,,,,Censored No Alarm,0,0,0,0,0,1,0.0004536473425105214,,2018-11-14,,0.161
8HK28Y0H,0,0,,,,Censored No Alarm,0,0,0,0,0,1,0.0006220556097105145,,2018-11-14,,0.161
8HK2A1EH,0,0,,,,Censored No Alarm,0,0,0,0,0,1,0.000564836198464036,,2019-06-01,,0.161
8HK2BA6H,0,0,,,,Censored No Alarm,0,0,0,0,0,1,0.0006799896364100277,,2018-11-14,,0.161
8HK2BAEH,0,0,,,,Censored No Alarm,0,0,0,0,0,1,0.00043482196633704007,,2018-11-14,,0.161
8HK2DVKH,0,0,,,,Censored No Alarm,0,0,0,0,0,1,0.00046016531996428967,,2018-11-14,,0.161
8HK2JXUH,0,0,,,,Censored No Alarm,0,0,0,0,0,1,0.0004124185652472079,,2019-03-28,,0.161
8HK2KY6H,0,0,,,,Censored No Alarm,0,0,0,0,0,1,0.00042519677663221955,,2018-11-14,,0.161
8HK2MXPH,0,0,,,,Censored No Alarm,0,0,0,0,0,1,0.00033210933906957507,,2018-11-14,,0.161
8HK2RMWH,0,0,,,,Censored No Alarm,0,0,0,0,0,1,0.005431824829429388,,2018-11-14,,0.161
8HK2RNWH,0,0,,,,Censored No Alarm,0,0,0,0,0,1,0.0005602916935458779,,2018-11-14,,0.161
8HK2RP9H,0,0,,,,Censored No Alarm,0,0,0,0,0,1,0.0003295948263257742,,2018-11-14,,0.161
8HK2VLMH,0,0,,,,Censored No Alarm,0,0,0,0,0,1,0.00037707743467763066,,2018-11-14,,0.161
8HK2X4YH,0,0,,,,Censored No Alarm,0,0,0,0,0,1,0.00048315286403521895,,2018-11-14,,0.161
8HK2ZPDH,0,0,,,,Censored No Alarm,0,0,0,0,0,1,0.0005723005742765963,,2019-05-04,,0.161
8HK2ZT1H,0,0,,,,Censored No Alarm,0,0,0,0,0,1,0.0005379202193580568,,2018-11-14,,0.161
8HK31WMH,0,0,,,,Censored No Alarm,0,0,0,0,0,1,0.000581147032789886,,2019-05-04,,0.161
8HK31Y8H,0,0,,,,Censored No Alarm,0,0,0,0,0,1,0.00045065954327583313,,2018-11-14,,0.161
8HK341ZH,0,0,,,,Censored No Alarm,0,0,0,0,0,1,0.0009323206031695008,,2018-11-14,,0.161
8HK34EZH,0,0,,,,Censored No Alarm,0,0,0,0,0,1,0.0018763954285532236,,2018-11-14,,0.161
8HK3BWZH,0,0,,,,Censored No Alarm,0,0,0,0,0,1,0.0010804202174767852,,2018-11-14,,0.161
8HK3GTLH,0,0,,,,Censored No Alarm,0,0,0,0,0,1,0.008497491478919983,,2018-11-14,,0.161
8HK3GUXH,0,0,,,,Censored No Alarm,0,0,0,0,0,1,0.0005031183245591819,,2018-11-14,,0.161
8HK3MMSH,0,0,,,,Censored No Alarm,0,0,0,0,0,1,0.0006474973051808774,,2018-11-14,,0.161
8HK3NG2H,0,0,,,,Censored No Alarm,0,0,0,0,0,1,0.0011956931557506323,,2018-11-14,,0.161
8HK3NJMH,0,0,,,,Censored No Alarm,0,0,0,0,0,1,0.0006002254085615277,,2018-11-14,,0.161
8HK41HEH,0,0,,,,Censored No Alarm,0,0,0,0,0,1,0.000332140683894977,,2018-11-14,,0.161
8HK69BMH,0,0,,,,Censored No Alarm,0,0,0,0,0,1,0.0006815165397711098,,2019-03-01,,0.161
8HK6T2AH,0,0,,,,Censored No Alarm,0,0,0,0,0,1,0.0004436161834746599,,2018-11-14,,0.161
8HK6TL7H,0,0,,,,Censored No Alarm,0,0,0,0,0,1,0.00037506583612412214,,2018-11-14,,0.161
8HK6UUDH,0,0,,,,Censored No Alarm,0,0,0,0,0,1,0.000508601835463196,,2019-03-28,,0.161
8HK6V14H,0,0,,,,Censored No Alarm,0,0,0,0,0,1,0.0004630667972378433,,2018-11-14,,0.161
8HK6VSKH,1,1,2024-03-03,2024-03-10,7.0,On time,1,0,0,0,0,0,0.5265742540359497,0.1678668111562729,2018-11-14,1936.0,0.161
8HK70X7H,0,0,,,,Censored No Alarm,0,0,0,0,0,1,0.0008085253648459911,,2018-11-14,,0.161
8HK7194H,0,0,,,,Censored No Alarm,0,0,0,0,0,1,0.0023548398166894913,,2018-11-14,,0.161
8HK72J0H,0,0,,,,Censored No Alarm,0,0,0,0,0,1,0.0003245967091061175,,2018-11-14,,0.161
8HK7DKMH,0,0,,,,Censored No Alarm,0,0,0,0,0,1,0.00031008265796117485,,2019-03-02,,0.161
8HK7E5DH,0,0,,,,Censored No Alarm,0,0,0,0,0,1,0.00034181601949967444,,2018-11-14,,0.161
8HK7E68H,0,0,,,,Censored No Alarm,0,0,0,0,0,1,0.0005693695857189596,,2018-11-14,,0.161
8HK7H58H,0,0,,,,Censored No Alarm,0,0,0,0,0,1,0.000567298149690032,,2018-11-14,,0.161
8HK80P1H,0,0,,,,Censored No Alarm,0,0,0,0,0,1,0.029107118025422096,,2019-01-05,,0.161
8HKB2WEH,0,0,,,,Censored No Alarm,0,0,0,0,0,1,0.028731850907206535,,2019-01-05,,0.161
8HKB3M2H,0,0,,,,Censored No Alarm,0,0,0,0,0,1,0.0003886330814566463,,2019-01-05,,0.161
8HKB4R4H,0,0,,,,Censored No Alarm,0,0,0,0,0,1,0.0005992854130454361,,2019-05-04,,0.161
8HKBBKKH,0,0,,,,Censored No Alarm,0,0,0,0,0,1,0.017748074606060982,,2018-11-14,,0.161
8HKBYNVH,0,0,,,,Censored No Alarm,0,0,0,0,0,1,0.00039411362376995385,,2019-05-04,,0.161
8HKE039H,0,0,,,,Censored No Alarm,0,0,0,0,0,1,0.02525816299021244,,2018-11-14,,0.161
8HKE6E1H,0,0,,,,Censored No Alarm,0,0,0,0,0,1,0.000594632641877979,,2019-01-05,,0.161
8HKE8S7H,0,0,,,,Censored No Alarm,0,0,0,0,0,1,0.02549748681485653,,2019-01-05,,0.161
8HKEAWEH,0,0,,,,Censored No Alarm,0,0,0,0,0,1,0.0005605061305686831,,2019-06-01,,0.161
8HKEKYRH,0,0,,,,Censored No Alarm,0,0,0,0,0,1,0.00040845200419425964,,2019-06-01,,0.161
8HKG0GWH,0,0,,,,Censored No Alarm,0,0,0,0,0,1,0.0004259217530488968,,2019-01-05,,0.161
8HKHPZHH,0,0,,,,Censored No Alarm,0,0,0,0,0,1,0.0005500545375980437,,2019-06-01,,0.161
8HKJ4MAH,0,0,,,,Censored No Alarm,0,0,0,0,0,1,0.0004576512728817761,,2019-03-01,,0.161
8HKJ5KDH,1,0,,2025-06-29,,Missed,0,0,0,0,1,0,0.0005372891901060939,,2018-11-14,,0.161
8HKL6STH,0,0,,,,Censored No Alarm,0,0,0,0,0,1,0.0003098471206612885,,2019-03-02,,0.161
8HKLRUSH,0,0,,,,Censored No Alarm,0,0,0,0,0,1,0.13565625250339508,,2019-03-01,,0.161
8HKM415H,0,0,,,,Censored No Alarm,0,0,0,0,0,1,0.00030872810748405755,,2019-03-01,,0.161
8HKM5RVH,0,0,,,,Censored No Alarm,0,0,0,0,0,1,0.0005893231136724353,,2019-03-28,,0.161
8HKM654H,0,0,,,,Censored No Alarm,0,0,0,0,0,1,0.0004088781715836376,,2019-03-28,,0.161
8HKM9Z1H,0,0,,,,Censored No Alarm,0,0,0,0,0,1,0.0004735806433018297,,2019-03-28,,0.161
8HKMR21H,1,0,,2020-09-02,,Missed,0,0,0,0,1,0,0.05556372180581093,,2019-03-28,,0.161
8HKNMW1H,0,0,,,,Censored No Alarm,0,0,0,0,0,1,0.0005949671030975878,,2019-05-04,,0.161
8HKNN28H,0,0,,,,Censored No Alarm,0,0,0,0,0,1,0.036272626370191574,,2019-06-01,,0.161
8HKPM7RH,0,0,,,,Censored No Alarm,0,0,0,0,0,1,0.0002974041854031384,,2019-03-02,,0.161
8HKPZY9H,1,1,2024-06-13,2024-08-13,61.0,Early,0,1,0,1,0,0,0.21961799263954163,0.1735907793045044,2019-03-28,1904.0,0.161
8HKRER2H,0,0,,,,Censored No Alarm,0,0,0,0,0,1,0.00041706522461026907,,2019-06-01,,0.161
8HKS4X3H,0,0,,,,Censored No Alarm,0,0,0,0,0,1,0.031077368184924126,,2019-03-02,,0.161
8HKTBA3H,1,0,,2024-09-22,,Missed,0,0,0,0,1,0,0.11244546622037888,,2019-03-01,,0.161
8HKTE54H,0,0,,,,Censored No Alarm,0,0,0,0,0,1,0.0006271758466027677,,2019-03-01,,0.161
8HKTH2SH,1,0,,2023-11-27,,Missed,0,0,0,0,1,0,0.0003687284770421684,,2019-03-01,,0.161
8HKTK0XH,0,0,,,,Censored No Alarm,0,0,0,0,0,1,0.00038975710049271584,,2019-01-05,,0.161
8HKU0DXH,0,0,,,,Censored No Alarm,0,0,0,0,0,1,0.00034074997529387474,,2019-03-01,,0.161
8HKU3YTH,1,1,2024-04-10,2024-07-13,94.0,Early,0,1,0,1,0,0,0.16947023570537567,0.16475874185562134,2019-03-01,1867.0,0.161
8HKU4WXH,0,0,,,,Censored No Alarm,0,0,0,0,0,1,0.00357700209133327,,2019-01-05,,0.161
8HKUEJHH,1,0,,2025-04-25,,Missed,0,0,0,0,1,0,0.00045809580478817225,,2019-03-28,,0.161
8HKVW60H,0,0,,,,Censored No Alarm,0,0,0,0,0,1,0.0006772535853087902,,2019-03-28,,0.161
8HKW4NPH,0,0,,,,Censored No Alarm,0,0,0,0,0,1,0.0006275345804169774,,2019-06-01,,0.161
8HKWV1GH,0,0,,,,Censored No Alarm,0,0,0,0,0,1,0.00066056550713256,,2019-01-05,,0.161
8HKWXJYH,0,0,,,,Censored No Alarm,0,0,0,0,0,1,0.0005131884245201945,,2019-03-28,,0.161
8HKY0KHH,1,1,2023-04-12,2024-05-14,398.0,Early,0,1,0,1,0,0,0.7825216054916382,0.24312032759189606,2019-03-01,1503.0,0.161
8HKY66PH,0,0,,,,Censored No Alarm,0,0,0,0,0,1,0.0005827380809932947,,2019-03-01,,0.161
8HKYJ38H,0,0,,,,Censored No Alarm,0,0,0,0,0,1,0.0004914163728244603,,2019-03-28,,0.161
8HKYZ6YH,0,0,,,,Censored No Alarm,0,0,0,0,0,1,0.0003599450283218175,,2019-03-28,,0.161
8HKZ213H,0,0,,,,Censored No Alarm,0,0,0,0,0,1,0.00041031269938685,,2019-01-05,,0.161
8HKZDBRH,0,0,,,,Censored No Alarm,0,0,0,0,0,1,0.00035383724025450647,,2019-06-01,,0.161
8HKZL75H,0,0,,,,Censored No Alarm,0,0,0,0,0,1,0.017123958095908165,,2019-05-04,,0.161
AAG0EXPH,0,0,,,,Censored No Alarm,0,0,0,0,0,1,0.0005926113808527589,,2019-01-05,,0.161
AAG0LHRH,0,0,,,,Censored No Alarm,0,0,0,0,0,1,0.000616236065980047,,2019-01-05,,0.161
AAG121VH,0,0,,,,Censored No Alarm,0,0,0,0,0,1,0.000944986823014915,,2019-03-01,,0.161
AAG16VPH,0,0,,,,Censored No Alarm,0,0,0,0,0,1,0.0005349169368855655,,2019-01-05,,0.161
AAG18L0H,0,0,,,,Censored No Alarm,0,0,0,0,0,1,0.0005284551880322397,,2019-03-28,,0.161
AAG18MEH,0,0,,,,Censored No Alarm,0,0,0,0,0,1,0.0005839109071530402,,2019-03-01,,0.161
AAG197UH,0,0,,,,Censored No Alarm,0,0,0,0,0,1,0.000868444622028619,,2019-06-01,,0.161
AAG1LSNH,1,0,,2025-07-30,,Missed,0,0,0,0,1,0,0.08840365707874298,,2019-01-05,,0.161
AAG1LSVH,0,0,,,,Censored No Alarm,0,0,0,0,0,1,0.0019306918838992715,,2019-01-05,,0.161
AAG1LW3H,1,1,2024-08-24,2024-09-03,10.0,On time,1,0,0,0,0,0,0.1726130247116089,0.16648955643177032,2019-01-05,2058.0,0.161
AAG1PLVH,0,0,,,,Censored No Alarm,0,0,0,0,0,1,0.0005006235442124307,,2019-03-28,,0.161
AAG1PM9H,0,0,,,,Censored No Alarm,0,0,0,0,0,1,0.00047725249896757305,,2019-03-28,,0.161
AAG1RJAH,0,0,,,,Censored No Alarm,0,0,0,0,0,1,0.10781269520521164,,2019-03-28,,0.161
AAG1RK5H,0,0,,,,Censored No Alarm,0,0,0,0,0,1,0.0004597805382218212,,2019-01-05,,0.161
AAG1RR9H,0,0,,,,Censored No Alarm,0,0,0,0,0,1,0.00048787478590384126,,2019-03-28,,0.161
AAG1RUJH,0,0,,,,Censored No Alarm,0,0,0,0,0,1,0.0004943032399751246,,2019-03-28,,0.161
AAG1TGGH,0,0,,,,Censored No Alarm,0,0,0,0,0,1,0.0004608553717844188,,2019-01-05,,0.161
AAG1VJYH,0,0,,,,Censored No Alarm,0,0,0,0,0,1,0.000404262711526826,,2019-03-28,,0.161
AAG1VNPH,0,0,,,,Censored No Alarm,0,0,0,0,0,1,0.0004430631815921515,,2019-01-05,,0.161
AAG1Z4AH,0,0,,,,Censored No Alarm,0,0,0,0,0,1,0.020798109471797943,,2019-08-13,,0.161
AAG23A2H,0,0,,,,Censored No Alarm,0,0,0,0,0,1,0.09586348384618759,,2019-01-05,,0.161
AAG23AKH,0,0,,,,Censored No Alarm,0,0,0,0,0,1,0.0005743343499489129,,2019-01-05,,0.161
AAG23AVH,0,0,,,,Censored No Alarm,0,0,0,0,0,1,0.0004911983851343393,,2019-03-28,,0.161
AAG246TH,0,0,,,,Censored No Alarm,0,0,0,0,0,1,0.0005060827825218439,,2019-06-01,,0.161
AAG24UVH,0,0,,,,Censored No Alarm,0,0,0,0,0,1,0.0005310078850015998,,2019-01-05,,0.161
AAG24VXH,0,0,,,,Censored No Alarm,0,0,0,0,0,1,0.0004718094423878938,,2019-01-05,,0.161
AAG26NBH,1,0,,2023-10-19,,Missed,0,0,0,0,1,0,0.08999262750148773,,2019-03-28,,0.161
AAG26TPH,0,0,,,,Censored No Alarm,0,0,0,0,0,1,0.10263092070817947,,2019-03-28,,0.161
AAG26U9H,1,0,,2023-01-26,,Missed,0,0,0,0,1,0,0.015476270578801632,,2019-06-01,,0.161
AAG27VEH,0,0,,,,Censored No Alarm,0,0,0,0,0,1,0.0004590745666064322,,2019-03-28,,0.161
AAG27W2H,0,0,,,,Censored No Alarm,0,0,0,0,0,1,0.00038853957084938884,,2019-03-01,,0.161
AAG27XPH,1,0,,2025-10-06,,Missed,0,0,0,0,1,0,0.000593589327763766,,2019-03-28,,0.161
AAG27ZLH,0,0,,,,Censored No Alarm,0,0,0,0,0,1,0.0006941817700862885,,2019-03-28,,0.161
AAG281TH,1,0,,2024-07-25,,Missed,0,0,0,0,1,0,0.1021469458937645,,2019-01-05,,0.161
AAG2GGJH,0,0,,,,Censored No Alarm,0,0,0,0,0,1,0.00040490165702067316,,2019-06-01,,0.161
AAG2JGJH,1,0,,2026-02-10,,Missed,0,0,0,0,1,0,0.034910641610622406,,2019-06-01,,0.161
AAG2JL4H,0,0,,,,Censored No Alarm,0,0,0,0,0,1,0.0004895471502095461,,2019-01-05,,0.161
AAG2RZJH,0,0,,,,Censored No Alarm,0,0,0,0,0,1,0.0004194543289486319,,2019-03-28,,0.161
AAG2S62H,0,0,,,,Censored No Alarm,0,0,0,0,0,1,0.0005197467980906367,,2019-03-28,,0.161
AAG2S9YH,0,0,,,,Censored No Alarm,0,0,0,0,0,1,0.0004914086312055588,,2019-06-01,,0.161
AAG2SAYH,0,0,,,,Censored No Alarm,0,0,0,0,0,1,0.0003786369925364852,,2019-08-14,,0.161
AAG2SJ3H,0,0,,,,Censored No Alarm,0,0,0,0,0,1,0.00045692725689150393,,2019-08-13,,0.161
AAG2VSVH,0,0,,,,Censored No Alarm,0,0,0,0,0,1,0.0006093505071476102,,2019-03-28,,0.161
AAG2Y6JH,0,0,,,,Censored No Alarm,0,0,0,0,0,1,0.0005438116495497525,,2019-03-28,,0.161
AAG2Z67H,0,0,,,,Censored No Alarm,0,0,0,0,0,1,0.0003677916247397661,,2019-06-01,,0.161
AAG2ZU1H,0,0,,,,Censored No Alarm,0,0,0,0,0,1,0.0005841274978592992,,2019-06-01,,0.161
AAG305AH,0,0,,,,Censored No Alarm,0,0,0,0,0,1,0.0007940741488710046,,2019-06-01,,0.161
AAG306GH,0,0,,,,Censored No Alarm,0,0,0,0,0,1,0.007863481529057026,,2019-01-05,,0.161
AAG34Z4H,0,0,,,,Censored No Alarm,0,0,0,0,0,1,0.0003923711774405092,,2019-01-05,,0.161
AAG350BH,0,1,2025-07-29,,,Censored Early,0,0,1,1,0,0,0.332317054271698,0.19644160568714142,2019-03-28,2315.0,0.161
AAG350TH,0,0,,,,Censored No Alarm,0,0,0,0,0,1,0.0005403637769632041,,2019-03-28,,0.161
AAG3512H,0,0,,,,Censored No Alarm,0,0,0,0,0,1,0.00040841224836185575,,2019-03-28,,0.161
AAG352AH,0,0,,,,Censored No Alarm,0,0,0,0,0,1,0.0004126273561269045,,2019-06-01,,0.161
AAG353EH,0,0,,,,Censored No Alarm,0,0,0,0,0,1,0.0005348146660253406,,2019-01-05,,0.161
AAG35LWH,0,0,,,,Censored No Alarm,0,0,0,0,0,1,0.15284530818462372,,2019-01-05,,0.161
AAG401PH,0,0,,,,Censored No Alarm,0,0,0,0,0,1,0.00045458166277967393,,2019-01-05,,0.161
AAG46YHH,0,0,,,,Censored No Alarm,0,0,0,0,0,1,0.00043355539673939347,,2019-03-28,,0.161
AAG477BH,0,0,,,,Censored No Alarm,0,0,0,0,0,1,0.0006537220906466246,,2019-01-05,,0.161
AAG478DH,0,0,,,,Censored No Alarm,0,0,0,0,0,1,0.0005557278054766357,,2019-03-28,,0.161
AAG48B3H,0,0,,,,Censored No Alarm,0,0,0,0,0,1,0.0003354772343300283,,2019-03-02,,0.161
AAG4AA9H,0,0,,,,Censored No Alarm,0,0,0,0,0,1,0.02279188670217991,,2019-03-01,,0.161
AAG4VESH,0,1,2024-04-22,,,Censored Early,0,0,1,1,0,0,0.44128337502479553,0.1957155019044876,2019-03-01,1879.0,0.161
AAG4Z4YH,0,0,,,,Censored No Alarm,0,0,0,0,0,1,0.002981378696858883,,2019-03-01,,0.161
AAG4Z52H,0,0,,,,Censored No Alarm,0,0,0,0,0,1,0.0004269937635399401,,2019-03-02,,0.161
AAG4Z5AH,1,1,2024-09-11,2025-03-14,184.0,Early,0,1,0,1,0,0,0.23015423119068146,0.18202492594718933,2019-01-05,2076.0,0.161
AAG4ZABH,0,0,,,,Censored No Alarm,0,0,0,0,0,1,0.0005666777724400163,,2019-03-01,,0.161
AAG51RHH,0,0,,,,Censored No Alarm,0,0,0,0,0,1,0.0006023481255397201,,2019-01-05,,0.161
AAG540GH,0,0,,,,Censored No Alarm,0,0,0,0,0,1,0.0006729473825544119,,2019-03-28,,0.161
AAG5DTTH,0,0,,,,Censored No Alarm,0,0,0,0,0,1,0.0005154194659553468,,2019-03-28,,0.161
AAG5Y4DH,0,0,,,,Censored No Alarm,0,0,0,0,0,1,0.0004260825226083398,,2019-01-05,,0.161
AAG5Y4LH,0,0,,,,Censored No Alarm,0,0,0,0,0,1,0.006455364637076855,,2019-01-05,,0.161
AAG5Y4TH,0,0,,,,Censored No Alarm,0,0,0,0,0,1,0.000445803627371788,,2019-01-05,,0.161
AAG5Y4UH,0,0,,,,Censored No Alarm,0,0,0,0,0,1,0.0005659199086949229,,2019-01-05,,0.161
AAG5Y5UH,0,0,,,,Censored No Alarm,0,0,0,0,0,1,0.016364503651857376,,2019-01-05,,0.161
AAG5YJ4H,0,0,,,,Censored No Alarm,0,0,0,0,0,1,0.0015573232667520642,,2019-03-28,,0.161
AAG5YLKH,0,0,,,,Censored No Alarm,0,0,0,0,0,1,0.00031965336529538035,,2019-03-01,,0.161
AAG5YYBH,0,0,,,,Censored No Alarm,0,0,0,0,0,1,0.0005155284889042377,,2019-01-05,,0.161
AAG5YYKH,1,1,2024-12-13,2025-09-30,291.0,Early,0,1,0,1,0,0,0.3071748912334442,0.16126525402069092,2019-01-05,2169.0,0.161
AAG5YZ8H,0,0,,,,Censored No Alarm,0,0,0,0,0,1,0.0003388687619008124,,2019-03-28,,0.161
AAG5YZZH,1,0,,2025-07-30,,Missed,0,0,0,0,1,0,0.01299269963055849,,2019-03-02,,0.161
AAG613MH,0,0,,,,Censored No Alarm,0,0,0,0,0,1,0.00044357034494169056,,2019-01-05,,0.161
AAG613RH,1,0,,2025-06-06,,Missed,0,0,0,0,1,0,0.0006824478623457253,,2019-01-05,,0.161
AAG61KPH,0,0,,,,Censored No Alarm,0,0,0,0,0,1,0.001355996122583747,,2019-03-28,,0.161
AAG61LHH,1,1,2023-12-21,2024-05-17,148.0,Early,0,1,0,1,0,0,0.37305542826652527,0.19271491467952728,2019-03-01,1756.0,0.161
AAG61NEH,0,0,,,,Censored No Alarm,0,0,0,0,0,1,0.0005816466291435063,,2019-01-05,,0.161
AAG61NZH,0,0,,,,Censored No Alarm,0,0,0,0,0,1,0.05297574773430824,,2019-03-28,,0.161
AAG61P2H,0,0,,,,Censored No Alarm,0,0,0,0,0,1,0.0006698090001009405,,2019-03-01,,0.161
AAG61UMH,0,0,,,,Censored No Alarm,0,0,0,0,0,1,0.004859902895987034,,2019-01-05,,0.161
AAG61WRH,0,0,,,,Censored No Alarm,0,0,0,0,0,1,0.00036408606683835387,,2019-03-01,,0.161
AAG61Z1H,0,0,,,,Censored No Alarm,0,0,0,0,0,1,0.0003723869740497321,,2019-01-05,,0.161
AAG61ZAH,0,0,,,,Censored No Alarm,0,0,0,0,0,1,0.0006587491952814162,,2019-03-01,,0.161
AAG620PH,0,0,,,,Censored No Alarm,0,0,0,0,0,1,0.0004493246669881046,,2019-03-28,,0.161
AAG621WH,0,0,,,,Censored No Alarm,0,0,0,0,0,1,0.000561295251827687,,2019-01-05,,0.161
AAG623DH,0,0,,,,Censored No Alarm,0,0,0,0,0,1,0.0006036952836439013,,2019-01-05,,0.161
AAG6376H,0,0,,,,Censored No Alarm,0,0,0,0,0,1,0.0030424860306084156,,2019-03-28,,0.161
AAG637RH,1,0,,2022-05-21,,Missed,0,0,0,0,1,0,0.0003322854172438383,,2019-01-05,,0.161
AAG6381H,0,0,,,,Censored No Alarm,0,0,0,0,0,1,0.0003870785003527999,,2019-01-05,,0.161
AAG638GH,0,0,,,,Censored No Alarm,0,0,0,0,0,1,0.0005718986503779888,,2019-01-05,,0.161
AAG639BH,0,0,,,,Censored No Alarm,0,0,0,0,0,1,0.010868437588214874,,2019-01-05,,0.161
AAG63DLH,0,0,,,,Censored No Alarm,0,0,0,0,0,1,0.0007225340232253075,,2019-03-28,,0.161
AAG63JSH,0,0,,,,Censored No Alarm,0,0,0,0,0,1,0.00036948249908164144,,2019-03-02,,0.161
AAG63PJH,0,0,,,,Censored No Alarm,0,0,0,0,0,1,0.00040153198642656207,,2019-03-28,,0.161
AAG63PKH,1,1,2022-05-18,2022-05-22,4.0,On time,1,0,0,0,0,0,0.24709708988666534,0.16104169189929962,2019-03-01,1174.0,0.161
AAG63PLH,0,0,,,,Censored No Alarm,0,0,0,0,0,1,0.0004734637914225459,,2019-03-01,,0.161
AAG63RGH,0,0,,,,Censored No Alarm,0,0,0,0,0,1,0.0005920642870478332,,2019-03-01,,0.161
AAG63TMH,1,1,2024-08-08,2025-09-02,390.0,Early,0,1,0,1,0,0,0.44657883048057556,0.1729964017868042,2019-03-02,1986.0,0.161
AAG63TSH,0,0,,,,Censored No Alarm,0,0,0,0,0,1,0.0022372982930392027,,2019-03-28,,0.161
AAG63V6H,0,0,,,,Censored No Alarm,0,0,0,0,0,1,0.07218919694423676,,2019-03-28,,0.161
AAG63WHH,1,1,2025-10-29,2025-11-30,32.0,Early,0,1,0,1,0,0,0.16885019838809967,0.16373537480831146,2019-01-05,2489.0,0.161
AAG63Z8H,1,1,2025-09-13,2025-09-28,15.0,On time,1,0,0,0,0,0,0.48554283380508423,0.19692786037921906,2019-03-01,2388.0,0.161
AAG6417H,1,1,2024-05-30,2024-06-06,7.0,On time,1,0,0,0,0,0,0.3821886479854584,0.2430867850780487,2019-03-01,1917.0,0.161
AAG6436H,0,0,,,,Censored No Alarm,0,0,0,0,0,1,0.0005928492173552513,,2019-06-01,,0.161
AAG64VXH,0,0,,,,Censored No Alarm,0,0,0,0,0,1,0.018367627635598183,,2019-01-05,,0.161
AAG6509H,0,0,,,,Censored No Alarm,0,0,0,0,0,1,0.0003834027156699449,,2019-03-28,,0.161
AAG67UZH,0,0,,,,Censored No Alarm,0,0,0,0,0,1,0.0065944744274020195,,2019-03-28,,0.161
AAG67V3H,1,1,2024-08-01,2025-06-20,323.0,Early,0,1,0,1,0,0,0.19417065382003784,0.17299619317054749,2019-03-01,1980.0,0.161
AAG67VBH,0,0,,,,Censored No Alarm,0,0,0,0,0,1,0.00480054272338748,,2019-03-28,,0.161
AAG67W3H,0,0,,,,Censored No Alarm,0,0,0,0,0,1,0.0003146658418700099,,2019-03-01,,0.161
AAG67Z8H,0,0,,,,Censored No Alarm,0,0,0,0,0,1,0.0008553934749215841,,2019-06-01,,0.161
AAG682YH,1,1,2024-02-10,2024-07-04,145.0,Early,0,1,0,1,0,0,0.4210856854915619,0.20501422882080078,2019-03-28,1780.0,0.161
AAG683JH,0,0,,,,Censored No Alarm,0,0,0,0,0,1,0.0004584483685903251,,2019-03-01,,0.161
AAG686GH,0,0,,,,Censored No Alarm,0,0,0,0,0,1,0.0004747734928969294,,2019-03-02,,0.161
AAG6870H,0,0,,,,Censored No Alarm,0,0,0,0,0,1,0.0006336926016956568,,2019-01-05,,0.161
AAG6878H,0,0,,,,Censored No Alarm,0,0,0,0,0,1,0.000719719217158854,,2019-01-05,,0.161
AAG687GH,0,0,,,,Censored No Alarm,0,0,0,0,0,1,0.00046720998943783343,,2019-03-01,,0.161
AAG687MH,0,0,,,,Censored No Alarm,0,0,0,0,0,1,0.0006223174277693033,,2019-03-28,,0.161
AAG68AGH,0,0,,,,Censored No Alarm,0,0,0,0,0,1,0.00042147119529545307,,2019-06-01,,0.161
AAG68AKH,0,0,,,,Censored No Alarm,0,0,0,0,0,1,0.05670404061675072,,2019-03-02,,0.161
AAG68AUH,0,0,,,,Censored No Alarm,0,0,0,0,0,1,0.00037122986395843327,,2019-01-05,,0.161
AAG68AXH,0,0,,,,Censored No Alarm,0,0,0,0,0,1,0.0004577387880999595,,2019-03-28,,0.161
AAG68BRH,0,0,,,,Censored No Alarm,0,0,0,0,0,1,0.12520821392536163,,2019-01-05,,0.161
AAG68EWH,1,0,,2023-04-01,,Missed,0,0,0,0,1,0,0.156639963388443,,2019-01-05,,0.161
AAG68EXH,1,0,,2024-06-19,,Missed,0,0,0,0,1,0,0.05384187027812004,,2019-01-05,,0.161
AAG68KVH,0,0,,,,Censored No Alarm,0,0,0,0,0,1,0.0007585211424157023,,2019-01-05,,0.161
AAG691PH,0,0,,,,Censored No Alarm,0,0,0,0,0,1,0.0004234695516061038,,2019-06-01,,0.161
AAG691VH,0,0,,,,Censored No Alarm,0,0,0,0,0,1,0.038856204599142075,,2019-01-05,,0.161
AAG69LHH,0,0,,,,Censored No Alarm,0,0,0,0,0,1,0.000334459007717669,,2019-06-01,,0.161
AAG69TTH,0,0,,,,Censored No Alarm,0,0,0,0,0,1,0.0004896778264082968,,2019-03-01,,0.161
AAG69WWH,0,0,,,,Censored No Alarm,0,0,0,0,0,1,0.00040097523014992476,,2019-01-05,,0.161
AAG69YWH,0,0,,,,Censored No Alarm,0,0,0,0,0,1,0.0003723468689713627,,2019-03-02,,0.161
AAG6A03H,0,0,,,,Censored No Alarm,0,0,0,0,0,1,0.0005450131720863283,,2019-03-02,,0.161
AAG6A07H,0,0,,,,Censored No Alarm,0,0,0,0,0,1,0.0027285029646009207,,2019-03-01,,0.161
AAG6A0AH,0,0,,,,Censored No Alarm,0,0,0,0,0,1,0.0006283954717218876,,2019-01-05,,0.161
AAG6AATH,0,0,,,,Censored No Alarm,0,0,0,0,0,1,0.0006326757138594985,,2019-06-01,,0.161
AAG6AV4H,0,0,,,,Censored No Alarm,0,0,0,0,0,1,0.0003686372365336865,,2019-03-01,,0.161
AAG6AWTH,1,0,,2024-07-08,,Missed,0,0,0,0,1,0,0.09127289056777954,,2019-03-28,,0.161
AAG6AX6H,0,0,,,,Censored No Alarm,0,0,0,0,0,1,0.0005667997756972909,,2019-03-28,,0.161
AAG6B4HH,0,0,,,,Censored No Alarm,0,0,0,0,0,1,0.0004933958989568055,,2019-03-28,,0.161
AAG6B5KH,0,0,,,,Censored No Alarm,0,0,0,0,0,1,0.00048279381007887423,,2019-03-28,,0.161
AAG6DT9H,1,0,,2019-04-25,,Missed,0,0,0,0,1,0,0.00042916956590488553,,2019-03-01,,0.161
AAG6DVEH,0,0,,,,Censored No Alarm,0,0,0,0,0,1,0.022734014317393303,,2019-03-01,,0.161
AAG6DXTH,0,0,,,,Censored No Alarm,0,0,0,0,0,1,0.011620154604315758,,2019-01-05,,0.161
AAG6E2HH,0,0,,,,Censored No Alarm,0,0,0,0,0,1,0.00042690866393968463,,2019-03-28,,0.161
AAG6E60H,0,0,,,,Censored No Alarm,0,0,0,0,0,1,0.000620991108007729,,2019-03-01,,0.161
AAG6E7EH,0,0,,,,Censored No Alarm,0,0,0,0,0,1,0.0004278901615180075,,2019-03-28,,0.161
AAG6E7RH,0,0,,,,Censored No Alarm,0,0,0,0,0,1,0.0003735868667718023,,2019-03-02,,0.161
AAG6ESPH,0,0,,,,Censored No Alarm,0,0,0,0,0,1,0.0004245953168720007,,2019-01-05,,0.161
AAG6EVRH,0,0,,,,Censored No Alarm,0,0,0,0,0,1,0.000658005999866873,,2019-01-05,,0.161
AAG6EX3H,0,0,,,,Censored No Alarm,0,0,0,0,0,1,0.0003969600657001138,,2019-01-05,,0.161
AAG6GM1H,0,0,,,,Censored No Alarm,0,0,0,0,0,1,0.0003931066894438118,,2019-03-28,,0.161
AAG6H25H,0,0,,,,Censored No Alarm,0,0,0,0,0,1,0.0003289582091383636,,2019-03-01,,0.161
AAG6HG0H,0,0,,,,Censored No Alarm,0,0,0,0,0,1,0.00048359387437812984,,2019-03-01,,0.161
AAG6HSEH,0,0,,,,Censored No Alarm,0,0,0,0,0,1,0.0003005212056450546,,2019-03-02,,0.161
AAG6HYXH,0,0,,,,Censored No Alarm,0,0,0,0,0,1,0.00036683533107861876,,2019-03-02,,0.161
AAG6J1MH,0,0,,,,Censored No Alarm,0,0,0,0,0,1,0.000672551803290844,,2019-01-05,,0.161
AAG6J1TH,1,0,,2025-10-07,,Missed,0,0,0,0,1,0,0.1179753765463829,,2019-03-01,,0.161
AAG6J2DH,1,0,,2024-01-03,,Missed,0,0,0,0,1,0,0.019725166261196136,,2019-03-28,,0.161
AAG6J2KH,1,1,2022-11-17,2023-10-19,336.0,Early,0,1,0,1,0,0,0.3748925030231476,0.16692829132080078,2019-01-05,1412.0,0.161
AAG6KJ6H,0,0,,,,Censored No Alarm,0,0,0,0,0,1,0.0007661015260964632,,2019-03-28,,0.161
AAG6KJPH,0,0,,,,Censored No Alarm,0,0,0,0,0,1,0.00034603182575665414,,2019-03-28,,0.161
AAG6KTJH,0,0,,,,Censored No Alarm,0,0,0,0,0,1,0.0003843970480374992,,2019-03-02,,0.161
AAG6KTRH,0,0,,,,Censored No Alarm,0,0,0,0,0,1,0.0005283416830934584,,2019-01-05,,0.161
AAG6KUAH,0,1,2025-12-01,,,Censored Early,0,0,1,1,0,0,0.2485203891992569,0.16480958461761475,2019-01-05,2522.0,0.161
AAG6KUJH,0,0,,,,Censored No Alarm,0,0,0,0,0,1,0.00047249827184714377,,2019-03-01,,0.161
AAG6KV6H,1,0,,2021-11-27,,Missed,0,0,0,0,1,0,0.010387598536908627,,2019-03-01,,0.161
AAG6L88H,0,0,,,,Censored No Alarm,0,0,0,0,0,1,0.0003822377766482532,,2019-03-28,,0.161
AAG6L8VH,0,1,2026-01-02,,,Censored Early,0,0,1,1,0,0,0.2027527540922165,0.1799776405096054,2019-03-28,2472.0,0.161
AAG6LD7H,1,0,,2025-06-16,,Missed,0,0,0,0,1,0,0.024884620681405067,,2019-03-01,,0.161
AAG6LDTH,0,0,,,,Censored No Alarm,0,0,0,0,0,1,0.0003804636944551021,,2019-03-28,,0.161
AAG6LEHH,0,0,,,,Censored No Alarm,0,0,0,0,0,1,0.000481571041746065,,2019-03-01,,0.161
AAG6LEJH,0,0,,,,Censored No Alarm,0,0,0,0,0,1,0.0005014641210436821,,2019-03-01,,0.161
AAG6LG9H,0,0,,,,Censored No Alarm,0,0,0,0,0,1,0.0004327626375015825,,2019-01-05,,0.161
AAG6LTSH,0,0,,,,Censored No Alarm,0,0,0,0,0,1,0.0011156576219946146,,2019-03-01,,0.161
AAG6M3BH,0,0,,,,Censored No Alarm,0,0,0,0,0,1,0.00041052160668186843,,2019-03-02,,0.161
AAG6M8TH,0,0,,,,Censored No Alarm,0,0,0,0,0,1,0.0003969002573285252,,2019-01-05,,0.161
AAG6MABH,0,0,,,,Censored No Alarm,0,0,0,0,0,1,0.0005755712045356631,,2019-05-04,,0.161
AAG6NEEH,0,0,,,,Censored No Alarm,0,0,0,0,0,1,0.000349380454281345,,2019-03-28,,0.161
AAG6NP0H,1,1,2024-02-03,2024-09-22,232.0,Early,0,1,0,1,0,0,0.35905981063842773,0.19306524097919464,2019-03-01,1800.0,0.161
AAG6NPRH,1,1,2025-12-03,2026-03-12,99.0,Early,0,1,0,1,0,0,0.4968884587287903,0.19031371176242828,2019-03-01,2469.0,0.161
AAG6NRBH,1,1,2024-04-21,2024-07-11,81.0,Early,0,1,0,1,0,0,0.24437132477760315,0.1707562804222107,2019-03-28,1851.0,0.161
AAG6NRZH,0,0,,,,Censored No Alarm,0,0,0,0,0,1,0.0007437134627252817,,2019-03-28,,0.161
AAG6NS8H,0,0,,,,Censored No Alarm,0,0,0,0,0,1,0.12798818945884705,,2019-03-28,,0.161
AAG6NSKH,0,0,,,,Censored No Alarm,0,0,0,0,0,1,0.038251761347055435,,2019-01-05,,0.161
AAG6NVKH,0,0,,,,Censored No Alarm,0,0,0,0,0,1,0.0004977775970473886,,2019-01-05,,0.161
AAG6NW3H,0,0,,,,Censored No Alarm,0,0,0,0,0,1,0.0003941763425245881,,2019-06-01,,0.161
AAG6P40H,0,0,,,,Censored No Alarm,0,0,0,0,0,1,0.0003997058665845543,,2019-01-05,,0.161
AAG6P42H,0,0,,,,Censored No Alarm,0,0,0,0,0,1,0.000344909232808277,,2019-03-01,,0.161
AAG6P4EH,0,0,,,,Censored No Alarm,0,0,0,0,0,1,0.00040514100692234933,,2019-03-28,,0.161
AAG6P9AH,0,0,,,,Censored No Alarm,0,0,0,0,0,1,0.00029658389394171536,,2019-03-01,,0.161
AAG6PWBH,0,0,,,,Censored No Alarm,0,0,0,0,0,1,0.00032118349918164313,,2019-03-02,,0.161
AAG6PY2H,0,0,,,,Censored No Alarm,0,0,0,0,0,1,0.0005494616343639791,,2019-01-05,,0.161
AAG6PYLH,0,0,,,,Censored No Alarm,0,0,0,0,0,1,0.0005734548321925104,,2019-06-01,,0.161
AAG6R0AH,0,0,,,,Censored No Alarm,0,0,0,0,0,1,0.00048462796257808805,,2019-06-01,,0.161
AAG6R2RH,0,0,,,,Censored No Alarm,0,0,0,0,0,1,0.00048428046284243464,,2019-03-01,,0.161
AAG6R32H,0,0,,,,Censored No Alarm,0,0,0,0,0,1,0.0004875442245975137,,2019-03-01,,0.161
AAG6R48H,0,0,,,,Censored No Alarm,0,0,0,0,0,1,0.0005151365185156465,,2019-03-28,,0.161
AAG6R8UH,0,0,,,,Censored No Alarm,0,0,0,0,0,1,0.0003465152985882014,,2019-03-28,,0.161
AAG6T4ZH,0,0,,,,Censored No Alarm,0,0,0,0,0,1,0.0007655125227756798,,2019-03-28,,0.161
AAG6T52H,1,0,,2023-06-10,,Missed,0,0,0,0,1,0,0.0003841796424239874,,2019-06-01,,0.161
AAG6T55H,0,0,,,,Censored No Alarm,0,0,0,0,0,1,0.000556639046408236,,2019-06-01,,0.161
AAG6T5JH,0,0,,,,Censored No Alarm,0,0,0,0,0,1,0.000590634997934103,,2019-05-16,,0.161
AAG6T7LH,0,0,,,,Censored No Alarm,0,0,0,0,0,1,0.0003610898565966636,,2019-03-01,,0.161
AAG6T9NH,0,0,,,,Censored No Alarm,0,0,0,0,0,1,0.0010777001734822989,,2019-06-01,,0.161
AAG6TA8H,0,0,,,,Censored No Alarm,0,0,0,0,0,1,0.0003547901287674904,,2019-01-05,,0.161
AAG6TAHH,0,0,,,,Censored No Alarm,0,0,0,0,0,1,0.0024263528175652027,,2019-06-01,,0.161
AAG6TAKH,0,0,,,,Censored No Alarm,0,0,0,0,0,1,0.0004992796457372606,,2019-06-01,,0.161
AAG6TBBH,0,0,,,,Censored No Alarm,0,0,0,0,0,1,0.0006822827854193747,,2019-03-28,,0.161
AAG6TBJH,0,0,,,,Censored No Alarm,0,0,0,0,0,1,0.000713891233317554,,2019-01-05,,0.161
AAG6THHH,0,0,,,,Censored No Alarm,0,0,0,0,0,1,0.000545735761988908,,2019-06-01,,0.161
AAG6THJH,0,0,,,,Censored No Alarm,0,0,0,0,0,1,0.00047085428377613425,,2019-06-01,,0.161
AAG6THLH,0,0,,,,Censored No Alarm,0,0,0,0,0,1,0.00039287368417717516,,2019-05-04,,0.161
AAG6TRKH,0,0,,,,Censored No Alarm,0,0,0,0,0,1,0.0005869768210686743,,2019-05-04,,0.161
AAG6TS8H,0,0,,,,Censored No Alarm,0,0,0,0,0,1,0.016851430758833885,,2019-06-01,,0.161
AAG6TSUH,0,0,,,,Censored No Alarm,0,0,0,0,0,1,0.0005089020123705268,,2019-03-28,,0.161
AAG6TT1H,0,0,,,,Censored No Alarm,0,0,0,0,0,1,0.0005876645445823669,,2019-05-16,,0.161
AAG6TT9H,0,0,,,,Censored No Alarm,0,0,0,0,0,1,0.0003701673704199493,,2019-03-28,,0.161
AAG6TTNH,0,0,,,,Censored No Alarm,0,0,0,0,0,1,0.0007721816073171794,,2019-01-05,,0.161
AAG6TUVH,0,0,,,,Censored No Alarm,0,0,0,0,0,1,0.0008678292506374419,,2019-06-01,,0.161
AAG6TVPH,0,0,,,,Censored No Alarm,0,0,0,0,0,1,0.0005922381533309817,,2019-03-28,,0.161
AAG6TY4H,0,0,,,,Censored No Alarm,0,0,0,0,0,1,0.0008551254286430776,,2019-06-01,,0.161
AAG6U5AH,0,0,,,,Censored No Alarm,0,0,0,0,0,1,0.0006090819952078164,,2019-03-01,,0.161
AAG6UKNH,0,0,,,,Censored No Alarm,0,0,0,0,0,1,0.0003932132967747748,,2019-03-28,,0.161
AAG6UMGH,0,0,,,,Censored No Alarm,0,0,0,0,0,1,0.0005784943932667375,,2019-01-05,,0.161
AAG6UMJH,0,0,,,,Censored No Alarm,0,0,0,0,0,1,0.0005767307593487203,,2019-01-05,,0.161
AAG6UNKH,0,1,2025-03-12,,,Censored Early,0,0,1,1,0,0,0.22235269844532013,0.19594159722328186,2019-06-01,2111.0,0.161
AAG6US4H,0,0,,,,Censored No Alarm,0,0,0,0,0,1,0.00044479971984401345,,2019-03-01,,0.161
AAG6UT0H,0,0,,,,Censored No Alarm,0,0,0,0,0,1,0.00037002519820816815,,2019-06-01,,0.161
AAG6UU8H,0,0,,,,Censored No Alarm,0,0,0,0,0,1,0.02906409278512001,,2019-01-05,,0.161
AAG6UZTH,0,0,,,,Censored No Alarm,0,0,0,0,0,1,0.0005883151898160577,,2019-03-28,,0.161
AAG6V1MH,0,0,,,,Censored No Alarm,0,0,0,0,0,1,0.0007146703428588808,,2019-03-28,,0.161
AAG6V71H,0,0,,,,Censored No Alarm,0,0,0,0,0,1,0.0005678626475855708,,2019-03-01,,0.161
AAG6V7DH,0,0,,,,Censored No Alarm,0,0,0,0,0,1,0.0006096784491091967,,2019-03-01,,0.161
AAG6V7VH,0,0,,,,Censored No Alarm,0,0,0,0,0,1,0.0004982161917723715,,2019-03-01,,0.161
AAG6VHXH,0,0,,,,Censored No Alarm,0,0,0,0,0,1,0.0005012438050471246,,2019-06-01,,0.161
AAG6VJKH,0,0,,,,Censored No Alarm,0,0,0,0,0,1,0.0007298224372789264,,2019-03-28,,0.161
AAG6VM8H,0,0,,,,Censored No Alarm,0,0,0,0,0,1,0.000582924229092896,,2019-03-28,,0.161
AAG6VMBH,0,0,,,,Censored No Alarm,0,0,0,0,0,1,0.0005316532915458083,,2019-03-01,,0.161
AAG6VMGH,0,0,,,,Censored No Alarm,0,0,0,0,0,1,0.0006079829181544483,,2019-03-01,,0.161
AAG6X6JH,0,0,,,,Censored No Alarm,0,0,0,0,0,1,0.00040029422962106764,,2019-03-28,,0.161
AAG6XU7H,1,1,2019-06-29,2020-05-23,329.0,Early,0,1,0,1,0,0,0.7205077409744263,0.16738052666187286,2019-05-04,56.0,0.161
AAG6XWGH,0,0,,,,Censored No Alarm,0,0,0,0,0,1,0.0005709833931177855,,2019-03-01,,0.161
AAG6XWJH,1,1,2025-01-26,2025-04-04,68.0,Early,0,1,0,1,0,0,0.16566401720046997,0.16566401720046997,2019-03-28,2131.0,0.161
AAG6XXWH,0,0,,,,Censored No Alarm,0,0,0,0,0,1,0.00043180541251786053,,2019-01-05,,0.161
AAG6XYBH,0,0,,,,Censored No Alarm,0,0,0,0,0,1,0.00047752007958479226,,2019-06-01,,0.161
AAG6XYNH,0,0,,,,Censored No Alarm,0,0,0,0,0,1,0.0007175239152275026,,2019-06-01,,0.161
AAG6XZ6H,0,0,,,,Censored No Alarm,0,0,0,0,0,1,0.0003795222146436572,,2019-03-28,,0.161
AAG6XZNH,0,0,,,,Censored No Alarm,0,0,0,0,0,1,0.0005262686172500253,,2019-06-01,,0.161
AAG6Y0GH,0,0,,,,Censored No Alarm,0,0,0,0,0,1,0.0013505284441635013,,2019-03-01,,0.161
AAG6Y0KH,0,0,,,,Censored No Alarm,0,0,0,0,0,1,0.00034251215402036905,,2019-01-05,,0.161
AAG6Y1BH,0,0,,,,Censored No Alarm,0,0,0,0,0,1,0.00040367103065364063,,2019-03-02,,0.161
AAG6Y3LH,0,0,,,,Censored No Alarm,0,0,0,0,0,1,0.0005209230585023761,,2019-03-28,,0.161
AAG6Y3UH,0,0,,,,Censored No Alarm,0,0,0,0,0,1,0.000546135357581079,,2019-06-01,,0.161
AAG6Y41H,0,0,,,,Censored No Alarm,0,0,0,0,0,1,0.0004024311201646924,,2019-01-05,,0.161
AAG6Y46H,0,0,,,,Censored No Alarm,0,0,0,0,0,1,0.0005047726444900036,,2019-06-01,,0.161
AAG6YZ1H,0,0,,,,Censored No Alarm,0,0,0,0,0,1,0.0004882614011876285,,2019-03-28,,0.161
AAG6YZ9H,0,0,,,,Censored No Alarm,0,0,0,0,0,1,0.00035951309837400913,,2019-01-05,,0.161
AAG6Z0DH,0,0,,,,Censored No Alarm,0,0,0,0,0,1,0.0004184913414064795,,2019-01-05,,0.161
AAG6Z17H,0,0,,,,Censored No Alarm,0,0,0,0,0,1,0.00034070241963490844,,2019-06-01,,0.161
AAG6Z1MH,0,0,,,,Censored No Alarm,0,0,0,0,0,1,0.000313076947350055,,2019-03-01,,0.161
AAG6Z1XH,0,0,,,,Censored No Alarm,0,0,0,0,0,1,0.000322039908496663,,2019-03-01,,0.161
AAG6Z2DH,0,0,,,,Censored No Alarm,0,0,0,0,0,1,0.0006825672462582588,,2019-03-01,,0.161
AAG6Z2RH,0,0,,,,Censored No Alarm,0,0,0,0,0,1,0.0003895409172400832,,2019-06-01,,0.161
AAG6Z42H,1,0,,2024-11-24,,Missed,0,0,0,0,1,0,0.03304864838719368,,2019-01-05,,0.161
AAG6Z4VH,0,0,,,,Censored No Alarm,0,0,0,0,0,1,0.0003441403096076101,,2019-03-01,,0.161
AAG6Z53H,0,0,,,,Censored No Alarm,0,0,0,0,0,1,0.000655964482575655,,2019-05-16,,0.161
AAG6ZJ9H,0,0,,,,Censored No Alarm,0,0,0,0,0,1,0.0003114654100500047,,2019-03-01,,0.161
AAG705GH,0,0,,,,Censored No Alarm,0,0,0,0,0,1,0.0005797009798698127,,2019-03-01,,0.161
AAG7078H,0,0,,,,Censored No Alarm,0,0,0,0,0,1,0.011191794648766518,,2019-05-04,,0.161
AAG70HDH,0,0,,,,Censored No Alarm,0,0,0,0,0,1,0.0006536143482662737,,2019-01-05,,0.161
AAG70JEH,0,0,,,,Censored No Alarm,0,0,0,0,0,1,0.0080066854134202,,2019-06-01,,0.161
AAG70U9H,0,0,,,,Censored No Alarm,0,0,0,0,0,1,0.005539457779377699,,2019-01-05,,0.161
AAG73ZWH,0,0,,,,Censored No Alarm,0,0,0,0,0,1,0.0006151897832751274,,2019-01-05,,0.161
AAG73ZZH,0,0,,,,Censored No Alarm,0,0,0,0,0,1,0.0008736681193113327,,2019-03-28,,0.161
AAG740EH,0,0,,,,Censored No Alarm,0,0,0,0,0,1,0.0006161312921904027,,2019-01-05,,0.161
AAG740NH,0,0,,,,Censored No Alarm,0,0,0,0,0,1,0.0003457531856838614,,2019-06-01,,0.161
AAG740WH,0,0,,,,Censored No Alarm,0,0,0,0,0,1,0.00035191047936677933,,2019-03-01,,0.161
AAG740YH,0,0,,,,Censored No Alarm,0,0,0,0,0,1,0.0005465676076710224,,2019-03-28,,0.161
AAG741PH,0,0,,,,Censored No Alarm,0,0,0,0,0,1,0.0003830260830000043,,2019-03-28,,0.161
AAG742EH,0,0,,,,Censored No Alarm,0,0,0,0,0,1,0.0007228067261166871,,2019-03-28,,0.161
AAG742JH,0,0,,,,Censored No Alarm,0,0,0,0,0,1,0.007349881809204817,,2019-06-01,,0.161
AAG742WH,0,0,,,,Censored No Alarm,0,0,0,0,0,1,0.0005706773372367024,,2019-01-05,,0.161
AAG7431H,0,0,,,,Censored No Alarm,0,0,0,0,0,1,0.00038727669743821025,,2019-01-05,,0.161
AAG743EH,0,0,,,,Censored No Alarm,0,0,0,0,0,1,0.0006347110029309988,,2019-06-01,,0.161
AAG743UH,0,0,,,,Censored No Alarm,0,0,0,0,0,1,0.0006184404483065009,,2019-01-05,,0.161
AAG743VH,0,0,,,,Censored No Alarm,0,0,0,0,0,1,0.005247354507446289,,2019-01-05,,0.161
AAG7454H,0,0,,,,Censored No Alarm,0,0,0,0,0,1,0.0006746738799847662,,2019-03-28,,0.161
AAG74DKH,0,0,,,,Censored No Alarm,0,0,0,0,0,1,0.00039448533789254725,,2019-05-04,,0.161
AAG74EAH,1,1,2023-02-23,2025-07-27,885.0,Early,0,1,0,1,0,0,0.7081065773963928,0.1615774929523468,2019-05-04,1391.0,0.161
AAG74EBH,0,0,,,,Censored No Alarm,0,0,0,0,0,1,0.0006447920459322631,,2019-03-28,,0.161
AAG74EYH,0,0,,,,Censored No Alarm,0,0,0,0,0,1,0.00045459059765562415,,2019-06-01,,0.161
AAG74EZH,0,0,,,,Censored No Alarm,0,0,0,0,0,1,0.00032168423058465123,,2019-06-01,,0.161
AAG74VHH,0,0,,,,Censored No Alarm,0,0,0,0,0,1,0.0003281669341959059,,2019-03-01,,0.161
AAG74WRH,0,0,,,,Censored No Alarm,0,0,0,0,0,1,0.0011233119294047356,,2019-06-01,,0.161
AAG76HYH,1,1,2021-08-30,2021-09-29,30.0,On time,1,0,0,0,0,0,0.7905423045158386,0.19236864149570465,2019-03-02,912.0,0.161
AAG77A5H,0,0,,,,Censored No Alarm,0,0,0,0,0,1,0.0005461708060465753,,2019-06-01,,0.161
AAG799NH,0,0,,,,Censored No Alarm,0,0,0,0,0,1,0.00032328354427590966,,2019-03-02,,0.161
AAG79B0H,0,0,,,,Censored No Alarm,0,0,0,0,0,1,0.0005160258151590824,,2019-03-28,,0.161
AAG7A8EH,0,0,,,,Censored No Alarm,0,0,0,0,0,1,0.0005307725514285266,,2019-06-01,,0.161
AAG7A9KH,0,0,,,,Censored No Alarm,0,0,0,0,0,1,0.00045606287312693894,,2019-01-05,,0.161
AAG7ADMH,0,0,,,,Censored No Alarm,0,0,0,0,0,1,0.0005998087581247091,,2019-05-16,,0.161
AAG7AGWH,0,0,,,,Censored No Alarm,0,0,0,0,0,1,0.0005130930221639574,,2019-05-04,,0.161
AAG7AHMH,0,0,,,,Censored No Alarm,0,0,0,0,0,1,0.0003142566420137882,,2019-06-01,,0.161
AAG7BP3H,0,0,,,,Censored No Alarm,0,0,0,0,0,1,0.0004624552093446255,,2019-06-01,,0.161
AAG7BPKH,0,0,,,,Censored No Alarm,0,0,0,0,0,1,0.0004076976329088211,,2019-06-01,,0.161
AAG7BRGH,0,0,,,,Censored No Alarm,0,0,0,0,0,1,0.0007118650828488171,,2019-01-05,,0.161
AAG7BS8H,0,0,,,,Censored No Alarm,0,0,0,0,0,1,0.0006407714681699872,,2019-03-01,,0.161
AAG7BWAH,0,0,,,,Censored No Alarm,0,0,0,0,0,1,0.0003680845256894827,,2019-03-28,,0.161
AAG7D1SH,0,0,,,,Censored No Alarm,0,0,0,0,0,1,0.0014515490038320422,,2019-06-01,,0.161
AAG7D29H,0,0,,,,Censored No Alarm,0,0,0,0,0,1,0.0005922152777202427,,2019-03-28,,0.161
AAG7D2PH,0,0,,,,Censored No Alarm,0,0,0,0,0,1,0.00038115563802421093,,2019-06-01,,0.161
AAG7D48H,0,0,,,,Censored No Alarm,0,0,0,0,0,1,0.0005672808620147407,,2019-06-01,,0.161
AAG7D4DH,0,0,,,,Censored No Alarm,0,0,0,0,0,1,0.00032218574779108167,,2019-03-01,,0.161
AAG7D85H,0,0,,,,Censored No Alarm,0,0,0,0,0,1,0.03752090409398079,,2019-06-01,,0.161
AAG7DPYH,0,0,,,,Censored No Alarm,0,0,0,0,0,1,0.0014511689078062773,,2019-03-01,,0.161
AAG7DRDH,0,0,,,,Censored No Alarm,0,0,0,0,0,1,0.00040783642907626927,,2019-03-01,,0.161
AAG7DS9H,0,0,,,,Censored No Alarm,0,0,0,0,0,1,0.01992383785545826,,2019-03-01,,0.161
AAG7DW0H,0,0,,,,Censored No Alarm,0,0,0,0,0,1,0.0005858723889105022,,2019-05-04,,0.161
AAG7E1MH,0,0,,,,Censored No Alarm,0,0,0,0,0,1,0.0005647242069244385,,2019-03-01,,0.161
AAG7E1PH,0,0,,,,Censored No Alarm,0,0,0,0,0,1,0.0007035572780296206,,2019-01-05,,0.161
AAG7E2HH,0,0,,,,Censored No Alarm,0,0,0,0,0,1,0.0003320529649499804,,2019-03-02,,0.161
AAG7LG4H,0,0,,,,Censored No Alarm,0,0,0,0,0,1,0.0005448111915029585,,2019-03-01,,0.161
AAG7LG7H,0,0,,,,Censored No Alarm,0,0,0,0,0,1,0.0005617297720164061,,2019-05-16,,0.161
AAG7LHYH,0,0,,,,Censored No Alarm,0,0,0,0,0,1,0.000592256779782474,,2019-03-28,,0.161
AAG7LNAH,0,0,,,,Censored No Alarm,0,0,0,0,0,1,0.0003347691090311855,,2019-06-01,,0.161
AAG7LSWH,0,0,,,,Censored No Alarm,0,0,0,0,0,1,0.0003666391712613404,,2019-01-05,,0.161
AAG7LTHH,1,1,2024-07-29,2024-07-29,0.0,On time,1,0,0,0,0,0,0.21476192772388458,0.21476192772388458,2019-03-28,1950.0,0.161
AAG7LZEH,0,0,,,,Censored No Alarm,0,0,0,0,0,1,0.0003052985994145274,,2019-03-02,,0.161
AAG7M25H,0,0,,,,Censored No Alarm,0,0,0,0,0,1,0.0008841255912557244,,2019-06-01,,0.161
AAG7M3NH,0,0,,,,Censored No Alarm,0,0,0,0,0,1,0.0006339973770081997,,2019-06-01,,0.161
AAG7M3TH,0,0,,,,Censored No Alarm,0,0,0,0,0,1,0.0006299492088146508,,2019-03-28,,0.161
AAG7MMDH,0,0,,,,Censored No Alarm,0,0,0,0,0,1,0.0006600029300898314,,2019-05-16,,0.161
AAG7MP8H,0,0,,,,Censored No Alarm,0,0,0,0,0,1,0.0004126198764424771,,2019-06-01,,0.161
AAG7MULH,1,1,2026-02-13,2026-03-13,28.0,On time,1,0,0,0,0,0,0.5723834037780762,0.482474684715271,2019-03-02,2540.0,0.161
AAG7MUNH,0,0,,,,Censored No Alarm,0,0,0,0,0,1,0.010445328429341316,,2019-06-01,,0.161
AAG7MVMH,0,0,,,,Censored No Alarm,0,0,0,0,0,1,0.00037576514296233654,,2019-03-02,,0.161
AAG7N3ZH,0,0,,,,Censored No Alarm,0,0,0,0,0,1,0.0004908714327029884,,2019-03-28,,0.161
AAG7N5WH,0,0,,,,Censored No Alarm,0,0,0,0,0,1,0.0005894759087823331,,2019-03-28,,0.161
AAG7N62H,0,0,,,,Censored No Alarm,0,0,0,0,0,1,0.0003873610694427043,,2019-06-01,,0.161
AAG7N63H,0,0,,,,Censored No Alarm,0,0,0,0,0,1,0.0003801852581091225,,2019-03-28,,0.161
AAG7N6MH,0,0,,,,Censored No Alarm,0,0,0,0,0,1,0.0005164127796888351,,2019-05-04,,0.161
AAG7PPHH,1,0,,2025-10-28,,Missed,0,0,0,0,1,0,0.01769355870783329,,2019-03-02,,0.161
AAG7R02H,0,0,,,,Censored No Alarm,0,0,0,0,0,1,0.0006702508544549346,,2019-06-01,,0.161
AAG7R5VH,0,0,,,,Censored No Alarm,0,0,0,0,0,1,0.0007241929997690022,,2019-06-01,,0.161
AAG7R93H,0,0,,,,Censored No Alarm,0,0,0,0,0,1,0.0008124893065541983,,2019-06-01,,0.161
AAG7RA1H,0,0,,,,Censored No Alarm,0,0,0,0,0,1,0.0006373749347403646,,2019-01-05,,0.161
AAG7RAMH,0,0,,,,Censored No Alarm,0,0,0,0,0,1,0.0003375177038833499,,2019-03-02,,0.161
AAG7RBDH,0,0,,,,Censored No Alarm,0,0,0,0,0,1,0.0005965658347122371,,2019-05-04,,0.161
AAG90D8H,0,0,,,,Censored No Alarm,0,0,0,0,0,1,0.0005148435011506081,,2019-05-04,,0.161
AAG9VK6H,0,0,,,,Censored No Alarm,0,0,0,0,0,1,0.000378991273464635,,2019-03-02,,0.161
AAGA4YNH,0,0,,,,Censored No Alarm,0,0,0,0,0,1,0.00042815637425519526,,2019-06-01,,0.161
AAGA7W1H,1,0,,2023-04-11,,Missed,0,0,0,0,1,0,0.10158420354127884,,2019-03-01,,0.161
AAGA9E3H,0,0,,,,Censored No Alarm,0,0,0,0,0,1,0.0005949753103777766,,2019-05-04,,0.161
AAGH3VWH,0,0,,,,Censored No Alarm,0,0,0,0,0,1,0.001444085966795683,,2019-05-27,,0.161
AAGMU4TH,0,0,,,,Censored No Alarm,0,0,0,0,0,1,0.0005371752777136862,,2019-05-04,,0.161
AAGN9D2H,1,0,,2023-09-17,,Missed,0,0,0,0,1,0,0.0007287344778887928,,2019-05-04,,0.161
AAGP62KH,0,0,,,,Censored No Alarm,0,0,0,0,0,1,0.0009189624688588083,,2019-06-01,,0.161
AAGUS87H,0,0,,,,Censored No Alarm,0,0,0,0,0,1,0.0008126601460389793,,2019-08-14,,0.161
AAGVX4UH,0,0,,,,Censored No Alarm,0,0,0,0,0,1,0.0004273642844054848,,2019-05-04,,0.161
AAGWTB0H,0,0,,,,Censored No Alarm,0,0,0,0,0,1,0.10557566583156586,,2019-06-01,,0.161
AAGXDBZH,0,1,2023-08-21,,,Censored Early,0,0,1,1,0,0,0.3661787509918213,0.17607983946800232,2019-05-16,1558.0,0.161
AAGXLP2H,0,0,,,,Censored No Alarm,0,0,0,0,0,1,0.0006859925924800336,,2019-06-01,,0.161
AAGXMJSH,0,0,,,,Censored No Alarm,0,0,0,0,0,1,0.0005132679361850023,,2019-05-04,,0.161
AAGXU8YH,0,0,,,,Censored No Alarm,0,0,0,0,0,1,0.0005944502190686762,,2019-05-16,,0.161
AAGXUBRH,0,0,,,,Censored No Alarm,0,0,0,0,0,1,0.0006413189112208784,,2019-05-04,,0.161
AAGXV97H,0,0,,,,Censored No Alarm,0,0,0,0,0,1,0.0031272158958017826,,2024-03-13,,0.161
AAGXW8VH,0,0,,,,Censored No Alarm,0,0,0,0,0,1,0.0006913652177900076,,2019-08-14,,0.161
AAGXWUWH,0,0,,,,Censored No Alarm,0,0,0,0,0,1,0.0005159394931979477,,2019-05-04,,0.161
AAGXY3MH,1,0,,2025-04-09,,Missed,0,0,0,0,1,0,0.010576286353170872,,2019-05-16,,0.161
AAH22T7H,0,0,,,,Censored No Alarm,0,0,0,0,0,1,0.08482984453439713,,2019-05-04,,0.161
AAH4NTGH,0,0,,,,Censored No Alarm,0,0,0,0,0,1,0.0005725016235373914,,2019-05-04,,0.161
AAH6DU2H,0,1,2023-05-01,,,Censored Early,0,0,1,1,0,0,0.2918584942817688,0.19059421122074127,2019-08-14,1356.0,0.161
AAH78SAH,0,0,,,,Censored No Alarm,0,0,0,0,0,1,0.0004540139634627849,,2019-05-04,,0.161
AAH7HJSH,0,0,,,,Censored No Alarm,0,0,0,0,0,1,0.0006055165431462228,,2019-05-04,,0.161
AAH7HKHH,0,0,,,,Censored No Alarm,0,0,0,0,0,1,0.0006389569025486708,,2019-05-04,,0.161
AAH7HNDH,0,0,,,,Censored No Alarm,0,0,0,0,0,1,0.00041646251338534057,,2019-05-04,,0.161
AAH7X19H,0,0,,,,Censored No Alarm,0,0,0,0,0,1,0.0004512579180300236,,2019-05-04,,0.161
AAH86SEH,0,0,,,,Censored No Alarm,0,0,0,0,0,1,0.0004323981120251119,,2019-05-04,,0.161
AAH8BLDH,0,0,,,,Censored No Alarm,0,0,0,0,0,1,0.0005945212906226516,,2019-05-04,,0.161
AAH8HPVH,0,0,,,,Censored No Alarm,0,0,0,0,0,1,0.05490925908088684,,2019-05-04,,0.161
AAH8LPUH,0,0,,,,Censored No Alarm,0,0,0,0,0,1,0.0006356372614391148,,2019-05-04,,0.161
AAH8P7WH,0,0,,,,Censored No Alarm,0,0,0,0,0,1,0.0003980525361839682,,2019-05-27,,0.161
AAH8R0LH,0,0,,,,Censored No Alarm,0,0,0,0,0,1,0.0005375719047151506,,2019-05-04,,0.161
AAH8RG4H,0,0,,,,Censored No Alarm,0,0,0,0,0,1,0.0006153401918709278,,2019-05-04,,0.161
AAH8V76H,0,0,,,,Censored No Alarm,0,0,0,0,0,1,0.0006007284391671419,,2019-05-04,,0.161
AAH8V7KH,0,0,,,,Censored No Alarm,0,0,0,0,0,1,0.0005262207123450935,,2019-05-04,,0.161
AAH90NAH,1,0,,2023-04-19,,Missed,0,0,0,0,1,0,0.05720600485801697,,2019-05-04,,0.161
AAH919BH,0,0,,,,Censored No Alarm,0,0,0,0,0,1,0.0005296993185766041,,2019-05-04,,0.161
AAH9285H,0,0,,,,Censored No Alarm,0,0,0,0,0,1,0.000434035318903625,,2019-05-04,,0.161
AAH92GHH,0,0,,,,Censored No Alarm,0,0,0,0,0,1,0.00041220802813768387,,2019-05-04,,0.161
AAH92HRH,0,0,,,,Censored No Alarm,0,0,0,0,0,1,0.00042652388219721615,,2019-05-04,,0.161
AAH92JGH,0,0,,,,Censored No Alarm,0,0,0,0,0,1,0.0007989294244907796,,2019-05-04,,0.161
AAH92V3H,0,0,,,,Censored No Alarm,0,0,0,0,0,1,0.00032667891355231404,,2019-05-04,,0.161
AAH9301H,1,0,,2023-12-23,,Missed,0,0,0,0,1,0,0.1252308487892151,,2019-05-04,,0.161
AAH9305H,0,0,,,,Censored No Alarm,0,0,0,0,0,1,0.0006673894822597504,,2019-05-04,,0.161
AAH9307H,1,0,,2023-04-09,,Missed,0,0,0,0,1,0,0.0006775479996576905,,2019-05-04,,0.161
AAH93MDH,0,0,,,,Censored No Alarm,0,0,0,0,0,1,0.06267402321100235,,2019-05-04,,0.161
AAH93RZH,0,0,,,,Censored No Alarm,0,0,0,0,0,1,0.0004557112406473607,,2019-05-04,,0.161
AAH953TH,0,0,,,,Censored No Alarm,0,0,0,0,0,1,0.0005276493611745536,,2019-05-04,,0.161
AAH9618H,0,0,,,,Censored No Alarm,0,0,0,0,0,1,0.0006398301920853555,,2019-05-04,,0.161
AAH9689H,0,0,,,,Censored No Alarm,0,0,0,0,0,1,0.00042838501394726336,,2019-05-04,,0.161
AAH96AUH,0,0,,,,Censored No Alarm,0,0,0,0,0,1,0.010944308713078499,,2019-05-04,,0.161
AAH97BZH,0,1,2025-10-03,,,Censored Early,0,0,1,1,0,0,0.21541856229305267,0.17190226912498474,2019-05-04,2344.0,0.161
AAH99PNH,0,0,,,,Censored No Alarm,0,0,0,0,0,1,0.00034832305391319096,,2019-05-04,,0.161
AAH9BERH,0,0,,,,Censored No Alarm,0,0,0,0,0,1,0.0005834027542732656,,2019-05-04,,0.161
AAHAS1MH,0,0,,,,Censored No Alarm,0,0,0,0,0,1,0.0005567215266637504,,2019-05-27,,0.161
AAHAS9TH,0,0,,,,Censored No Alarm,0,0,0,0,0,1,0.0004609085153788328,,2019-05-27,,0.161
AAHB6YXH,0,0,,,,Censored No Alarm,0,0,0,0,0,1,0.0003595002635847777,,2019-05-27,,0.161
AAHB8Z9H,0,0,,,,Censored No Alarm,0,0,0,0,0,1,0.0006975632277317345,,2019-05-27,,0.161
AAHBKUHH,0,0,,,,Censored No Alarm,0,0,0,0,0,1,0.00038911038427613676,,2019-05-27,,0.161
AAHD7S9H,0,0,,,,Censored No Alarm,0,0,0,0,0,1,0.0004563781258184463,,2019-05-19,,0.161
AAHDJD5H,0,0,,,,Censored No Alarm,0,0,0,0,0,1,0.0008816245826892555,,2019-05-27,,0.161
AAHDJDSH,0,0,,,,Censored No Alarm,0,0,0,0,0,1,0.0003521873732097447,,2019-05-27,,0.161
AAHDJH3H,0,0,,,,Censored No Alarm,0,0,0,0,0,1,0.00032226869370788336,,2019-05-27,,0.161
AAHDUS5H,0,0,,,,Censored No Alarm,0,0,0,0,0,1,0.00039108842611312866,,2019-05-27,,0.161
AAHDUT6H,0,0,,,,Censored No Alarm,0,0,0,0,0,1,0.0006191284046508372,,2019-05-27,,0.161
AAHDYR0H,0,0,,,,Censored No Alarm,0,0,0,0,0,1,0.0003907835634890944,,2019-05-27,,0.161
AAHE23AH,0,0,,,,Censored No Alarm,0,0,0,0,0,1,0.00030821343534626067,,2019-05-27,,0.161
AAHE4SAH,0,0,,,,Censored No Alarm,0,0,0,0,0,1,0.0003691361052915454,,2019-05-27,,0.161
AAHEAGWH,0,0,,,,Censored No Alarm,0,0,0,0,0,1,0.0016880028415471315,,2019-05-27,,0.161
AAHEAHLH,0,0,,,,Censored No Alarm,0,0,0,0,0,1,0.00040085215005092323,,2019-05-27,,0.161
AAHED32H,0,0,,,,Censored No Alarm,0,0,0,0,0,1,0.000308584509184584,,2019-05-27,,0.161
AAHED3GH,0,0,,,,Censored No Alarm,0,0,0,0,0,1,0.03778757527470589,,2019-05-27,,0.161
AAHED8NH,0,0,,,,Censored No Alarm,0,0,0,0,0,1,0.0005587432533502579,,2019-05-27,,0.161
AAHED98H,0,0,,,,Censored No Alarm,0,0,0,0,0,1,0.00045490331831388175,,2019-05-27,,0.161
AAHEEVKH,0,0,,,,Censored No Alarm,0,0,0,0,0,1,0.0003726540307980031,,2019-05-27,,0.161
AAHEHEEH,0,0,,,,Censored No Alarm,0,0,0,0,0,1,0.00044973730109632015,,2019-05-27,,0.161
AAHEHHMH,0,0,,,,Censored No Alarm,0,0,0,0,0,1,0.0004528488789219409,,2019-05-27,,0.161
AAHEHJ0H,0,0,,,,Censored No Alarm,0,0,0,0,0,1,0.00044436956522986293,,2019-06-01,,0.161
AAHEHJ1H,0,0,,,,Censored No Alarm,0,0,0,0,0,1,0.0003494637494441122,,2019-05-27,,0.161
AAHEHL5H,0,0,,,,Censored No Alarm,0,0,0,0,0,1,0.0004978501820005476,,2019-05-27,,0.161
AAHEHP8H,0,0,,,,Censored No Alarm,0,0,0,0,0,1,0.0007869497640058398,,2019-05-27,,0.161
AAHEHRSH,0,0,,,,Censored No Alarm,0,0,0,0,0,1,0.0003217845514882356,,2019-05-27,,0.161
AAHEHS0H,0,0,,,,Censored No Alarm,0,0,0,0,0,1,0.0005682813934981823,,2019-05-27,,0.161
AAHEHTDH,0,0,,,,Censored No Alarm,0,0,0,0,0,1,0.0004284479364287108,,2019-05-27,,0.161
AAHEHTNH,0,0,,,,Censored No Alarm,0,0,0,0,0,1,0.00035712242242880166,,2019-05-27,,0.161
AAHEHTPH,0,0,,,,Censored No Alarm,0,0,0,0,0,1,0.000441927055362612,,2019-05-27,,0.161
AAHEHVUH,0,0,,,,Censored No Alarm,0,0,0,0,0,1,0.0004325032641645521,,2019-05-27,,0.161
AAHEHY7H,0,0,,,,Censored No Alarm,0,0,0,0,0,1,0.0003245351545047015,,2019-05-27,,0.161
AAHEHZ2H,0,0,,,,Censored No Alarm,0,0,0,0,0,1,0.0005621068412438035,,2019-05-27,,0.161
AAHEHZPH,0,0,,,,Censored No Alarm,0,0,0,0,0,1,0.0003119891043752432,,2019-05-27,,0.161
AAHEHZXH,0,0,,,,Censored No Alarm,0,0,0,0,0,1,0.00057454954367131,,2019-05-27,,0.161
AAHEJ43H,0,0,,,,Censored No Alarm,0,0,0,0,0,1,0.0004108068242203444,,2019-05-27,,0.161
AAHEJ4KH,0,0,,,,Censored No Alarm,0,0,0,0,0,1,0.00039449360338039696,,2019-05-27,,0.161
AAHEJ76H,0,0,,,,Censored No Alarm,0,0,0,0,0,1,0.00039120775181800127,,2019-05-27,,0.161
AAHEJDXH,0,0,,,,Censored No Alarm,0,0,0,0,0,1,0.0009479363798163831,,2019-05-27,,0.161
AAHEJE4H,0,0,,,,Censored No Alarm,0,0,0,0,0,1,0.0004216548695694655,,2019-05-27,,0.161
AAHEJHKH,0,0,,,,Censored No Alarm,0,0,0,0,0,1,0.00037854621768929064,,2019-05-27,,0.161
AAHGYKJH,1,0,,2024-07-24,,Missed,0,0,0,0,1,0,0.004571728408336639,,2019-08-13,,0.161
AAHH59AH,0,0,,,,Censored No Alarm,0,0,0,0,0,1,0.0005005400162190199,,2019-08-14,,0.161
AAHHAXAH,0,0,,,,Censored No Alarm,0,0,0,0,0,1,0.0004007787792943418,,2019-08-13,,0.161
AAHHXJ2H,0,0,,,,Censored No Alarm,0,0,0,0,0,1,0.000613392679952085,,2019-08-13,,0.161
AAHJG5XH,0,0,,,,Censored No Alarm,0,0,0,0,0,1,0.0008249591337516904,,2019-08-14,,0.161
AAHJP8BH,0,0,,,,Censored No Alarm,0,0,0,0,0,1,0.034702274948358536,,2019-06-01,,0.161
AAHK5PUH,0,0,,,,Censored No Alarm,0,0,0,0,0,1,0.030203048139810562,,2019-06-01,,0.161
AAHK8NRH,0,0,,,,Censored No Alarm,0,0,0,0,0,1,0.0005651421379297972,,2019-08-13,,0.161
AAHKERJH,1,0,,2026-01-13,,Missed,0,0,0,0,1,0,0.07823408395051956,,2019-08-13,,0.161
AAHKKR8H,0,0,,,,Censored No Alarm,0,0,0,0,0,1,0.0006666775443591177,,2019-08-14,,0.161
AAHKLDKH,0,0,,,,Censored No Alarm,0,0,0,0,0,1,0.0005425569252111018,,2019-06-01,,0.161
AAHKM55H,1,0,,2025-03-25,,Missed,0,0,0,0,1,0,0.0691765770316124,,2019-08-14,,0.161
AAHKMW2H,1,0,,2022-01-12,,Missed,0,0,0,0,1,0,0.002218877663835883,,2019-06-01,,0.161
AAHKS17H,1,0,,2025-07-07,,Missed,0,0,0,0,1,0,0.0922447070479393,,2019-06-01,,0.161
AAHKWLAH,0,1,2025-04-28,,,Censored Early,0,0,1,1,0,0,0.46472087502479553,0.17057101428508759,2019-08-14,2084.0,0.161
AAHKX43H,1,0,,2019-11-25,,Missed,0,0,0,0,1,0,0.04337183013558388,,2019-08-14,,0.161
AAHKXKYH,0,0,,,,Censored No Alarm,0,0,0,0,0,1,0.03731701150536537,,2019-08-13,,0.161
AAHKXLYH,0,0,,,,Censored No Alarm,0,0,0,0,0,1,0.00044162871199660003,,2019-08-14,,0.161
AAHKXNHH,0,0,,,,Censored No Alarm,0,0,0,0,0,1,0.01965331844985485,,2019-08-14,,0.161
AAHKXZ7H,0,0,,,,Censored No Alarm,0,0,0,0,0,1,0.0003300683747511357,,2019-08-14,,0.161
AAHKYETH,0,0,,,,Censored No Alarm,0,0,0,0,0,1,0.000680378230754286,,2019-05-16,,0.161
AAHL0PKH,0,0,,,,Censored No Alarm,0,0,0,0,0,1,0.0006841677823103964,,2019-08-13,,0.161
AAHL0TLH,0,0,,,,Censored No Alarm,0,0,0,0,0,1,0.018690528348088264,,2019-06-01,,0.161
AAHL4K8H,0,0,,,,Censored No Alarm,0,0,0,0,0,1,0.0007666704477742314,,2019-05-16,,0.161
AAHL5LRH,1,0,,2024-09-01,,Missed,0,0,0,0,1,0,0.15819470584392548,,2019-08-13,,0.161
AAHL9A9H,0,0,,,,Censored No Alarm,0,0,0,0,0,1,0.036491841077804565,,2019-08-13,,0.161
AAHL9XJH,0,0,,,,Censored No Alarm,0,0,0,0,0,1,0.01679149642586708,,2019-08-14,,0.161
AAHL9XLH,0,0,,,,Censored No Alarm,0,0,0,0,0,1,0.0007326796185225248,,2019-08-14,,0.161
AAHL9Y3H,0,0,,,,Censored No Alarm,0,0,0,0,0,1,0.0004250103665981442,,2019-08-14,,0.161
AAHL9YAH,0,0,,,,Censored No Alarm,0,0,0,0,0,1,0.0003470123338047415,,2019-08-14,,0.161
AAHL9ZYH,0,0,,,,Censored No Alarm,0,0,0,0,0,1,0.0005372677114792168,,2019-08-14,,0.161
AAHLBTZH,1,1,2025-05-27,2025-07-26,60.0,Early,0,1,0,1,0,0,0.38364046812057495,0.16429010033607483,2019-08-14,2113.0,0.161
AAHLBWGH,1,1,2025-08-14,2025-08-30,16.0,On time,1,0,0,0,0,0,0.4346328675746918,0.2179780751466751,2019-08-14,2192.0,0.161
AAHLBWSH,1,0,,2023-12-11,,Missed,0,0,0,0,1,0,0.13953733444213867,,2019-08-13,,0.161
AAHLBXVH,0,0,,,,Censored No Alarm,0,0,0,0,0,1,0.02844921126961708,,2019-08-14,,0.161
AAHLD3UH,1,0,,2025-03-11,,Missed,0,0,0,0,1,0,0.09156414866447449,,2019-08-13,,0.161
AAHLS5JH,0,0,,,,Censored No Alarm,0,0,0,0,0,1,0.0006761269178241491,,2019-05-16,,0.161
AAHLS7ZH,0,0,,,,Censored No Alarm,0,0,0,0,0,1,0.0004210156330373138,,2019-05-16,,0.161
AAHLS8YH,0,0,,,,Censored No Alarm,0,0,0,0,0,1,0.010120939463376999,,2019-05-16,,0.161
AAHLS9UH,0,0,,,,Censored No Alarm,0,0,0,0,0,1,0.0008763260557316244,,2019-05-16,,0.161
AAHLV30H,0,0,,,,Censored No Alarm,0,0,0,0,0,1,0.00036041304701939225,,2019-05-16,,0.161
AAHLV40H,1,0,,2019-08-05,,Missed,0,0,0,0,1,0,0.08127506077289581,,2019-05-16,,0.161
AAHLV47H,0,0,,,,Censored No Alarm,0,0,0,0,0,1,0.0004922832595184445,,2019-05-16,,0.161
AAHLVTVH,0,0,,,,Censored No Alarm,0,0,0,0,0,1,0.0005419434164650738,,2019-05-27,,0.161
AAHLWE3H,0,0,,,,Censored No Alarm,0,0,0,0,0,1,0.0003825292515102774,,2019-05-27,,0.161
AAHLWKXH,0,0,,,,Censored No Alarm,0,0,0,0,0,1,0.0005194246768951416,,2019-05-16,,0.161
AAHLWM3H,0,0,,,,Censored No Alarm,0,0,0,0,0,1,0.0006276473286561668,,2019-05-27,,0.161
AAHLXJ1H,0,0,,,,Censored No Alarm,0,0,0,0,0,1,0.012459306977689266,,2019-05-04,,0.161
AAHLXJ9H,0,0,,,,Censored No Alarm,0,0,0,0,0,1,0.0004961771192029119,,2019-05-04,,0.161
AAHLXL5H,0,0,,,,Censored No Alarm,0,0,0,0,0,1,0.0004674452356994152,,2019-08-13,,0.161
AAHLXTXH,0,0,,,,Censored No Alarm,0,0,0,0,0,1,0.04261961951851845,,2019-05-16,,0.161
AAHLY01H,0,0,,,,Censored No Alarm,0,0,0,0,0,1,0.00039587056380696595,,2019-05-27,,0.161
AAHLY04H,0,0,,,,Censored No Alarm,0,0,0,0,0,1,0.0005012954352423549,,2019-05-04,,0.161
AAHLY2TH,0,0,,,,Censored No Alarm,0,0,0,0,0,1,0.0005219026352278888,,2019-05-27,,0.161
AAHLY31H,1,1,2024-11-28,2025-07-25,239.0,Early,0,1,0,1,0,0,0.3026807904243469,0.24181461334228516,2019-08-13,1934.0,0.161
AAHLYJRH,0,0,,,,Censored No Alarm,0,0,0,0,0,1,0.0005427423748187721,,2019-05-27,,0.161
AAHLYY6H,0,0,,,,Censored No Alarm,0,0,0,0,0,1,0.0005918662645854056,,2019-05-16,,0.161
AAHM227H,0,0,,,,Censored No Alarm,0,0,0,0,0,1,0.0018125387141481042,,2019-08-13,,0.161
AAHM4E6H,0,0,,,,Censored No Alarm,0,0,0,0,0,1,0.000389227265259251,,2019-05-27,,0.161
AAHM4HSH,0,0,,,,Censored No Alarm,0,0,0,0,0,1,0.0005060285329818726,,2019-05-04,,0.161
AAHM4KJH,0,0,,,,Censored No Alarm,0,0,0,0,0,1,0.0005601466982625425,,2019-08-13,,0.161
AAHM4S6H,0,0,,,,Censored No Alarm,0,0,0,0,0,1,0.00046392285730689764,,2019-05-04,,0.161
AAHM4S8H,0,0,,,,Censored No Alarm,0,0,0,0,0,1,0.0005036672228015959,,2019-05-04,,0.161
AAHM4SSH,0,0,,,,Censored No Alarm,0,0,0,0,0,1,0.0005892326589673758,,2019-05-04,,0.161
AAHM4T2H,0,0,,,,Censored No Alarm,0,0,0,0,0,1,0.0005073074134998024,,2019-05-04,,0.161
AAHM4T6H,0,0,,,,Censored No Alarm,0,0,0,0,0,1,0.0004396404547151178,,2019-08-13,,0.161
AAHM4TRH,0,0,,,,Censored No Alarm,0,0,0,0,0,1,0.0004108524299226701,,2019-08-13,,0.161
AAHM4UYH,0,0,,,,Censored No Alarm,0,0,0,0,0,1,0.0005124263698235154,,2019-05-04,,0.161
AAHM4WBH,0,0,,,,Censored No Alarm,0,0,0,0,0,1,0.0004094942705705762,,2019-05-16,,0.161
AAHM4WEH,0,0,,,,Censored No Alarm,0,0,0,0,0,1,0.0005045941798016429,,2019-05-04,,0.161
AAHM4XGH,0,0,,,,Censored No Alarm,0,0,0,0,0,1,0.0005089677288196981,,2019-08-14,,0.161
AAHM5Z4H,0,0,,,,Censored No Alarm,0,0,0,0,0,1,0.0004856367886532098,,2019-05-04,,0.161
AAHM5Z9H,0,0,,,,Censored No Alarm,0,0,0,0,0,1,0.018201252445578575,,2019-05-04,,0.161
AAHM5ZHH,0,0,,,,Censored No Alarm,0,0,0,0,0,1,0.00041134818457067013,,2019-05-04,,0.161
AAHMD6GH,0,0,,,,Censored No Alarm,0,0,0,0,0,1,0.00038460324867628515,,2019-05-04,,0.161
AAHME7KH,0,0,,,,Censored No Alarm,0,0,0,0,0,1,0.0006404320010915399,,2019-05-16,,0.161
AAHMGV8H,0,0,,,,Censored No Alarm,0,0,0,0,0,1,0.0003785927838180214,,2019-05-27,,0.161
AAHMH4LH,0,0,,,,Censored No Alarm,0,0,0,0,0,1,0.0004279146669432521,,2019-05-04,,0.161
AAHML65H,0,0,,,,Censored No Alarm,0,0,0,0,0,1,0.0006659510545432568,,2019-05-16,,0.161
AAHMN38H,0,0,,,,Censored No Alarm,0,0,0,0,0,1,0.0005739846965298057,,2019-05-16,,0.161
AAHMR03H,1,1,2025-11-14,2025-11-26,12.0,On time,1,0,0,0,0,0,0.30744776129722595,0.23712532222270966,2019-05-16,2374.0,0.161
AAHMR2ZH,1,0,,2024-01-31,,Missed,0,0,0,0,1,0,0.00059013586724177,,2019-05-16,,0.161
AAHMSNRH,0,0,,,,Censored No Alarm,0,0,0,0,0,1,0.0005801160586997867,,2019-05-16,,0.161
AAHMUYLH,0,0,,,,Censored No Alarm,0,0,0,0,0,1,0.0006799367838539183,,2019-05-16,,0.161
AAHMW6RH,0,0,,,,Censored No Alarm,0,0,0,0,0,1,0.0012764101848006248,,2019-05-16,,0.161
AAHMW7NH,0,0,,,,Censored No Alarm,0,0,0,0,0,1,0.000583881454076618,,2019-05-16,,0.161
