serial_number,has_failed,alarm_triggered,first_alarm_date,actual_failure_date,days_to_failure_at_alarm,category,is_hit,is_fp_early,is_fp_cens,is_false_alarm,is_miss,is_correct_rejection,max_predicted_score,alarm_predicted_score,first_seen_date,days_since_observed,threshold_used
2AG61PSY,0,0,,,,Censored No Alarm,0,0,0,0,0,1,0.0015888831112533808,,2019-05-27,,0.432
2AG8AVRY,0,0,,,,Censored No Alarm,0,0,0,0,0,1,0.005205329041928053,,2019-08-14,,0.432
2AGEGU7Y,0,0,,,,Censored No Alarm,0,0,0,0,0,1,0.0006794151267968118,,2019-05-27,,0.432
2AGEU1JY,0,1,2025-07-31,,,Censored Early,0,0,1,1,0,0,0.5991568565368652,0.5182336568832397,2019-06-01,2252.0,0.432
2AGG48NY,0,0,,,,Censored No Alarm,0,0,0,0,0,1,0.0005922073614783585,,2019-05-27,,0.432
2AGG7H1Y,0,0,,,,Censored No Alarm,0,0,0,0,0,1,0.0012747426517307758,,2019-05-27,,0.432
2AGGHGJY,1,1,2024-11-19,2024-11-19,0.0,On time,1,0,0,0,0,0,0.6153641939163208,0.6153641939163208,2019-05-16,2014.0,0.432
2AGGHLEY,0,0,,,,Censored No Alarm,0,0,0,0,0,1,0.0007416284643113613,,2019-06-01,,0.432
2AGGHM0Y,0,0,,,,Censored No Alarm,0,0,0,0,0,1,0.0012747426517307758,,2019-05-27,,0.432
2AGGHMUY,0,0,,,,Censored No Alarm,0,0,0,0,0,1,0.0007899969932623208,,2019-05-16,,0.432
2AGGHR1Y,0,0,,,,Censored No Alarm,0,0,0,0,0,1,0.008240153081715107,,2019-05-27,,0.432
2AGGHR7Y,0,0,,,,Censored No Alarm,0,0,0,0,0,1,0.0008533741347491741,,2019-05-27,,0.432
2AGGL0UY,1,0,,2022-02-27,,Missed,0,0,0,0,1,0,0.09156633168458939,,2019-05-27,,0.432
2AGGR3NY,0,0,,,,Censored No Alarm,0,0,0,0,0,1,0.11250127106904984,,2019-05-27,,0.432
2AGGZNJY,0,0,,,,Censored No Alarm,0,0,0,0,0,1,0.0014017365174368024,,2019-05-27,,0.432
2AGH31BY,1,0,,2023-11-01,,Missed,0,0,0,0,1,0,0.05847275257110596,,2019-05-27,,0.432
2AGH31PY,1,1,2024-08-11,2024-11-18,99.0,Early,0,1,0,1,0,0,0.4816835820674896,0.4816835820674896,2019-05-27,1903.0,0.432
2AGH33SY,1,1,2025-02-15,2025-05-08,82.0,Early,0,1,0,1,0,0,0.6033254265785217,0.4876878261566162,2019-05-27,2091.0,0.432
2AGH34HY,0,0,,,,Censored No Alarm,0,0,0,0,0,1,0.2287263423204422,,2019-05-27,,0.432
2AGH34PY,0,0,,,,Censored No Alarm,0,0,0,0,0,1,0.0008870177553035319,,2019-05-27,,0.432
2AGH35GY,0,0,,,,Censored No Alarm,0,0,0,0,0,1,0.001359716639854014,,2019-05-27,,0.432
2AGHB9XY,1,0,,2024-12-02,,Missed,0,0,0,0,1,0,0.09719432145357132,,2019-05-27,,0.432
2AGHDYHY,0,0,,,,Censored No Alarm,0,0,0,0,0,1,0.0014122817665338516,,2019-05-27,,0.432
2AGHEP9Y,1,0,,2024-07-26,,Missed,0,0,0,0,1,0,0.04043292999267578,,2019-05-27,,0.432
2AGHGR1Y,0,0,,,,Censored No Alarm,0,0,0,0,0,1,0.027395032346248627,,2019-05-27,,0.432
2AGHGRLY,0,0,,,,Censored No Alarm,0,0,0,0,0,1,0.0034859543666243553,,2019-05-27,,0.432
2AGHGRRY,0,0,,,,Censored No Alarm,0,0,0,0,0,1,0.0013541862135753036,,2019-05-27,,0.432
2AGHJD4Y,0,0,,,,Censored No Alarm,0,0,0,0,0,1,0.1556829959154129,,2019-06-01,,0.432
2AGHK55Y,0,0,,,,Censored No Alarm,0,0,0,0,0,1,0.0006490987725555897,,2019-05-27,,0.432
2AGHK8MY,0,0,,,,Censored No Alarm,0,0,0,0,0,1,0.0017056218348443508,,2019-05-27,,0.432
2AGHLEUY,1,0,,2023-11-06,,Missed,0,0,0,0,1,0,0.018786482512950897,,2019-05-27,,0.432
2AGHLGTY,1,0,,2025-08-05,,Missed,0,0,0,0,1,0,0.41672420501708984,,2019-05-27,,0.432
2AGHLKHY,0,0,,,,Censored No Alarm,0,0,0,0,0,1,0.0006857971311546862,,2019-05-27,,0.432
2AGHLMXY,0,0,,,,Censored No Alarm,0,0,0,0,0,1,0.0007212798809632659,,2019-05-27,,0.432
2AGHLN0Y,0,0,,,,Censored No Alarm,0,0,0,0,0,1,0.0012747426517307758,,2019-05-27,,0.432
2AGHMUTY,0,0,,,,Censored No Alarm,0,0,0,0,0,1,0.0006637694896198809,,2019-05-27,,0.432
2AGHMUYY,0,0,,,,Censored No Alarm,0,0,0,0,0,1,0.001359716639854014,,2019-06-01,,0.432
2AGHMW5Y,0,0,,,,Censored No Alarm,0,0,0,0,0,1,0.018633177503943443,,2019-05-27,,0.432
2AGHMXGY,1,0,,2023-05-14,,Missed,0,0,0,0,1,0,0.011059298180043697,,2019-05-27,,0.432
2AGHMYTY,0,0,,,,Censored No Alarm,0,0,0,0,0,1,0.03681744262576103,,2019-05-27,,0.432
2AGHMZMY,0,0,,,,Censored No Alarm,0,0,0,0,0,1,0.025817926973104477,,2019-05-27,,0.432
2AGHN0TY,1,1,2020-09-15,2020-10-22,37.0,Early,0,1,0,1,0,0,0.6543933153152466,0.6543933153152466,2019-05-27,477.0,0.432
2AGHN0WY,0,0,,,,Censored No Alarm,0,0,0,0,0,1,0.0014665164053440094,,2019-05-27,,0.432
2AGHN16Y,0,0,,,,Censored No Alarm,0,0,0,0,0,1,0.00121248047798872,,2019-05-27,,0.432
2AGHN2AY,0,0,,,,Censored No Alarm,0,0,0,0,0,1,0.0006490987725555897,,2019-05-27,,0.432
2AGHN3XY,0,0,,,,Censored No Alarm,0,0,0,0,0,1,0.0006794151267968118,,2019-05-27,,0.432
2AGHPDKY,0,0,,,,Censored No Alarm,0,0,0,0,0,1,0.0006704636034555733,,2019-05-27,,0.432
2AGHSJ4Y,0,0,,,,Censored No Alarm,0,0,0,0,0,1,0.0006490987725555897,,2019-05-27,,0.432
2AGHSS9Y,0,0,,,,Censored No Alarm,0,0,0,0,0,1,0.0012747426517307758,,2019-05-27,,0.432
2AGHTBYY,1,1,2024-07-16,2025-01-25,193.0,Early,0,1,0,1,0,0,0.7543841004371643,0.4377800524234772,2019-05-27,1877.0,0.432
2AGHTGEY,1,0,,2023-03-14,,Missed,0,0,0,0,1,0,0.4222317337989807,,2019-05-27,,0.432
2AGHTKBY,0,0,,,,Censored No Alarm,0,0,0,0,0,1,0.01125947292894125,,2019-05-27,,0.432
2AGLY65Y,1,0,,2023-11-20,,Missed,0,0,0,0,1,0,0.050236985087394714,,2019-08-13,,0.432
2AGM231Y,0,0,,,,Censored No Alarm,0,0,0,0,0,1,0.0009492392418906093,,2019-05-04,,0.432
2AGM23NY,0,0,,,,Censored No Alarm,0,0,0,0,0,1,0.0009492392418906093,,2019-05-04,,0.432
2AGM5UVY,0,0,,,,Censored No Alarm,0,0,0,0,0,1,0.2638435661792755,,2019-05-16,,0.432
2AGM5V7Y,1,0,,2025-12-05,,Missed,0,0,0,0,1,0,0.3323816955089569,,2019-05-16,,0.432
2AGM5VBY,0,0,,,,Censored No Alarm,0,0,0,0,0,1,0.32750654220581055,,2019-05-16,,0.432
2AGM5VHY,1,0,,2025-01-18,,Missed,0,0,0,0,1,0,0.03879182040691376,,2019-08-14,,0.432
2AGM5W9Y,1,0,,2025-01-16,,Missed,0,0,0,0,1,0,0.03742969408631325,,2019-05-16,,0.432
2AGM5YEY,0,0,,,,Censored No Alarm,0,0,0,0,0,1,0.013545867055654526,,2019-05-04,,0.432
2AGM8EMY,1,1,2024-05-27,2024-10-29,155.0,Early,0,1,0,1,0,0,0.7436941266059875,0.5415483117103577,2019-05-16,1838.0,0.432
2AGM8EUY,0,0,,,,Censored No Alarm,0,0,0,0,0,1,0.000828716903924942,,2019-05-27,,0.432
2AGM8J2Y,0,0,,,,Censored No Alarm,0,0,0,0,0,1,0.013231329619884491,,2019-05-16,,0.432
2AGM8JAY,0,0,,,,Censored No Alarm,0,0,0,0,0,1,0.0007970492006279528,,2019-05-16,,0.432
2AGM8LNY,0,0,,,,Censored No Alarm,0,0,0,0,0,1,0.33330684900283813,,2019-05-04,,0.432
2AGM8RJY,0,0,,,,Censored No Alarm,0,0,0,0,0,1,0.055996332317590714,,2019-08-13,,0.432
2AGM8RTY,0,0,,,,Censored No Alarm,0,0,0,0,0,1,0.2394084632396698,,2019-05-16,,0.432
2AGM8UNY,1,0,,2026-03-12,,Missed,0,0,0,0,1,0,0.32803618907928467,,2019-08-13,,0.432
2AGM8V7Y,0,0,,,,Censored No Alarm,0,0,0,0,0,1,0.0018116382416337729,,2019-05-16,,0.432
2AGM9MXY,1,0,,2025-09-21,,Missed,0,0,0,0,1,0,0.09537168592214584,,2019-05-04,,0.432
2AGM9PJY,0,0,,,,Censored No Alarm,0,0,0,0,0,1,0.2712099254131317,,2019-05-04,,0.432
2AGM9RGY,1,0,,2022-12-23,,Missed,0,0,0,0,1,0,0.013018064200878143,,2019-05-16,,0.432
2AGM9S6Y,0,0,,,,Censored No Alarm,0,0,0,0,0,1,0.008245188742876053,,2019-05-16,,0.432
2AGM9SDY,0,0,,,,Censored No Alarm,0,0,0,0,0,1,0.0007637659437023103,,2019-05-04,,0.432
2AGM9U1Y,0,0,,,,Censored No Alarm,0,0,0,0,0,1,0.0006456311093643308,,2019-05-16,,0.432
2AGMDJKY,0,0,,,,Censored No Alarm,0,0,0,0,0,1,0.0009492392418906093,,2019-05-04,,0.432
2AGMDUAY,1,0,,2023-02-04,,Missed,0,0,0,0,1,0,0.07017559558153152,,2019-05-16,,0.432
2AGMDY1Y,0,0,,,,Censored No Alarm,0,0,0,0,0,1,0.012756689451634884,,2019-08-14,,0.432
2AGME0XY,1,0,,2024-05-29,,Missed,0,0,0,0,1,0,0.3322039544582367,,2019-05-16,,0.432
2AGME3BY,0,0,,,,Censored No Alarm,0,0,0,0,0,1,0.004075371194630861,,2019-05-16,,0.432
2AGME9PY,1,1,2024-08-06,2024-08-06,0.0,On time,1,0,0,0,0,0,0.5130630731582642,0.5130630731582642,2019-08-13,1820.0,0.432
2AGMGAYY,0,0,,,,Censored No Alarm,0,0,0,0,0,1,0.0011120049748569727,,2019-05-16,,0.432
2AGMGDPY,0,0,,,,Censored No Alarm,0,0,0,0,0,1,0.001056751818396151,,2019-08-13,,0.432
2AGMGKLY,0,0,,,,Censored No Alarm,0,0,0,0,0,1,0.0024430847261101007,,2019-08-13,,0.432
2AGMGXEY,0,0,,,,Censored No Alarm,0,0,0,0,0,1,0.00141776236705482,,2019-08-14,,0.432
2AGMH2YY,1,0,,2024-12-10,,Missed,0,0,0,0,1,0,0.12933553755283356,,2019-05-16,,0.432
2AGMH3JY,0,0,,,,Censored No Alarm,0,0,0,0,0,1,0.0007701368303969502,,2019-05-16,,0.432
2AGMHK6Y,0,0,,,,Censored No Alarm,0,0,0,0,0,1,0.04256754741072655,,2019-05-04,,0.432
2AGMHPEY,1,0,,2024-06-25,,Missed,0,0,0,0,1,0,0.030506372451782227,,2019-06-01,,0.432
2AGMHRYY,1,0,,2024-05-16,,Missed,0,0,0,0,1,0,0.337837278842926,,2019-05-16,,0.432
2AGMHTLY,0,0,,,,Censored No Alarm,0,0,0,0,0,1,0.000856284867040813,,2019-05-04,,0.432
2AGMHU7Y,1,0,,2024-07-08,,Missed,0,0,0,0,1,0,0.0185441505163908,,2019-05-04,,0.432
2AGMHVTY,0,0,,,,Censored No Alarm,0,0,0,0,0,1,0.0008594855316914618,,2019-05-16,,0.432
2AGMHWAY,1,1,2023-09-09,2023-09-22,13.0,On time,1,0,0,0,0,0,0.6962078809738159,0.6962078809738159,2019-08-14,1487.0,0.432
2AGMHXDY,1,1,2025-05-28,2025-06-02,5.0,On time,1,0,0,0,0,0,0.4784909188747406,0.4784909188747406,2019-08-13,2115.0,0.432
2AGMHY3Y,1,0,,2025-11-18,,Missed,0,0,0,0,1,0,0.012507114559412003,,2019-08-14,,0.432
2AGMHY5Y,0,0,,,,Censored No Alarm,0,0,0,0,0,1,0.000773727719206363,,2019-08-13,,0.432
2AGMJ35Y,0,0,,,,Censored No Alarm,0,0,0,0,0,1,0.0009492392418906093,,2019-05-04,,0.432
2AGMJ3JY,0,0,,,,Censored No Alarm,0,0,0,0,0,1,0.0009634087909944355,,2019-05-16,,0.432
2AGMJ3TY,0,0,,,,Censored No Alarm,0,0,0,0,0,1,0.0014665164053440094,,2019-08-14,,0.432
2AGMJ47Y,0,0,,,,Censored No Alarm,0,0,0,0,0,1,0.0007691662176512182,,2019-06-01,,0.432
2AGMJ5BY,1,0,,2021-05-03,,Missed,0,0,0,0,1,0,0.006841736380010843,,2019-05-04,,0.432
2AGMKV4Y,1,0,,2026-01-28,,Missed,0,0,0,0,1,0,0.3328520953655243,,2019-05-04,,0.432
2AGMKVHY,1,0,,2023-05-06,,Missed,0,0,0,0,1,0,0.03565268963575363,,2019-08-13,,0.432
2AGMKVTY,1,0,,2024-12-04,,Missed,0,0,0,0,1,0,0.33343198895454407,,2019-08-14,,0.432
2AGMLMLY,0,0,,,,Censored No Alarm,0,0,0,0,0,1,0.3227906823158264,,2019-08-14,,0.432
2AGMLSZY,1,1,2020-07-23,2020-07-30,7.0,On time,1,0,0,0,0,0,0.8481332659721375,0.8481332659721375,2019-05-16,434.0,0.432
2AGMLT7Y,0,0,,,,Censored No Alarm,0,0,0,0,0,1,0.10930472612380981,,2019-05-16,,0.432
2AGMLWNY,0,0,,,,Censored No Alarm,0,0,0,0,0,1,0.034024037420749664,,2019-08-14,,0.432
2AGMLZLY,1,1,2026-02-05,2026-02-11,6.0,On time,1,0,0,0,0,0,0.4386509954929352,0.4386509954929352,2019-05-16,2457.0,0.432
2AGMM0UY,0,1,2019-12-08,,,Censored Early,0,0,1,1,0,0,0.829301118850708,0.47336193919181824,2019-05-16,206.0,0.432
2AGMMNKY,0,0,,,,Censored No Alarm,0,0,0,0,0,1,0.020588142797350883,,2019-06-01,,0.432
2AGMMU1Y,0,0,,,,Censored No Alarm,0,0,0,0,0,1,0.0008594855316914618,,2019-05-16,,0.432
2AGMMU4Y,0,0,,,,Censored No Alarm,0,0,0,0,0,1,0.0012747426517307758,,2019-08-14,,0.432
2AGMNB7Y,1,0,,2023-03-30,,Missed,0,0,0,0,1,0,0.06078600138425827,,2019-05-16,,0.432
2AGMNBEY,0,0,,,,Censored No Alarm,0,0,0,0,0,1,0.0007977460627444088,,2019-05-16,,0.432
2AGMND4Y,1,1,2025-10-15,2025-10-27,12.0,On time,1,0,0,0,0,0,0.5533725619316101,0.5036007761955261,2019-05-04,2356.0,0.432
2AGMNE1Y,1,0,,2025-11-26,,Missed,0,0,0,0,1,0,0.3202545642852783,,2019-05-16,,0.432
2AGMNEBY,1,0,,2024-08-05,,Missed,0,0,0,0,1,0,0.32998332381248474,,2019-05-04,,0.432
2AGMNG0Y,0,0,,,,Censored No Alarm,0,0,0,0,0,1,0.11189809441566467,,2019-05-16,,0.432
2AGMNJKY,1,1,2024-01-14,2025-09-29,624.0,Early,0,1,0,1,0,0,0.5474498867988586,0.5168675184249878,2019-05-16,1704.0,0.432
2AGMNM8Y,0,0,,,,Censored No Alarm,0,0,0,0,0,1,0.03758200258016586,,2019-08-14,,0.432
2AGMNMWY,1,0,,2023-05-10,,Missed,0,0,0,0,1,0,0.03199903666973114,,2019-05-16,,0.432
2AGMNTXY,0,0,,,,Censored No Alarm,0,0,0,0,0,1,0.0019352168310433626,,2019-05-16,,0.432
2AGMNUVY,0,0,,,,Censored No Alarm,0,0,0,0,0,1,0.0032349468674510717,,2019-05-04,,0.432
2AGMNWBY,0,0,,,,Censored No Alarm,0,0,0,0,0,1,0.006673955358564854,,2019-08-13,,0.432
2AGMNXRY,0,0,,,,Censored No Alarm,0,0,0,0,0,1,0.0795615091919899,,2019-08-13,,0.432
2AGMP7ZY,0,0,,,,Censored No Alarm,0,0,0,0,0,1,0.0012697121128439903,,2019-08-14,,0.432
2AGMPBWY,0,0,,,,Censored No Alarm,0,0,0,0,0,1,0.05932025983929634,,2019-05-16,,0.432
2AGMPD8Y,1,0,,2023-11-21,,Missed,0,0,0,0,1,0,0.0005516546661965549,,2019-08-13,,0.432
2AGMPK3Y,0,0,,,,Censored No Alarm,0,0,0,0,0,1,0.017852751538157463,,2019-05-04,,0.432
2AGMPL7Y,1,0,,2025-02-27,,Missed,0,0,0,0,1,0,0.039236102253198624,,2019-05-16,,0.432
2AGMPP1Y,0,0,,,,Censored No Alarm,0,0,0,0,0,1,0.00460008205845952,,2019-05-16,,0.432
2AGMPP4Y,1,0,,2025-09-23,,Missed,0,0,0,0,1,0,0.3903200328350067,,2019-05-16,,0.432
2AGMPPGY,0,0,,,,Censored No Alarm,0,0,0,0,0,1,0.001166254049167037,,2019-05-16,,0.432
2AGMPSSY,0,0,,,,Censored No Alarm,0,0,0,0,0,1,0.0007899969932623208,,2019-05-16,,0.432
2AGMPT2Y,0,0,,,,Censored No Alarm,0,0,0,0,0,1,0.001179807703010738,,2019-05-16,,0.432
2AGMPZ8Y,0,0,,,,Censored No Alarm,0,0,0,0,0,1,0.0014665164053440094,,2019-08-14,,0.432
2AGMS6PY,0,0,,,,Censored No Alarm,0,0,0,0,0,1,0.0007753928657621145,,2019-08-14,,0.432
2AGMSHHY,1,0,,2022-08-12,,Missed,0,0,0,0,1,0,0.0024176109582185745,,2019-05-04,,0.432
2AGMTK0Y,1,1,2025-08-25,2025-08-30,5.0,On time,1,0,0,0,0,0,0.5918346643447876,0.5918346643447876,2019-05-16,2293.0,0.432
2AGMTL0Y,1,0,,2023-04-17,,Missed,0,0,0,0,1,0,0.000560474582016468,,2019-05-04,,0.432
2AGMTXAY,0,0,,,,Censored No Alarm,0,0,0,0,0,1,0.0007291460642591119,,2019-08-13,,0.432
2AGMUBMY,0,0,,,,Censored No Alarm,0,0,0,0,0,1,0.0007416284643113613,,2019-06-01,,0.432
2AGMUBRY,1,0,,2024-08-04,,Missed,0,0,0,0,1,0,0.006911145523190498,,2019-08-13,,0.432
2AGMV9UY,0,0,,,,Censored No Alarm,0,0,0,0,0,1,0.0007111676386557519,,2019-08-13,,0.432
2AGMVDDY,0,0,,,,Censored No Alarm,0,0,0,0,0,1,0.0011774623999372125,,2019-05-16,,0.432
2AGMWHVY,1,0,,2024-07-19,,Missed,0,0,0,0,1,0,0.05473539978265762,,2019-05-16,,0.432
2AGMZLMY,1,0,,2023-05-16,,Missed,0,0,0,0,1,0,0.4228314757347107,,2019-08-13,,0.432
2AGN038Y,0,0,,,,Censored No Alarm,0,0,0,0,0,1,0.0016835338901728392,,2019-08-13,,0.432
2AGN03MY,0,0,,,,Censored No Alarm,0,0,0,0,0,1,0.00468667596578598,,2019-08-13,,0.432
2AGN05MY,0,0,,,,Censored No Alarm,0,0,0,0,0,1,0.000746820354834199,,2019-08-13,,0.432
2AGN071Y,0,0,,,,Censored No Alarm,0,0,0,0,0,1,0.004618586506694555,,2019-08-13,,0.432
2AGN07AY,0,0,,,,Censored No Alarm,0,0,0,0,0,1,0.0028998854104429483,,2019-08-14,,0.432
2AGN17RY,0,0,,,,Censored No Alarm,0,0,0,0,0,1,0.0007219750550575554,,2019-08-13,,0.432
2AGN1YNY,0,0,,,,Censored No Alarm,0,0,0,0,0,1,0.0011476966319605708,,2019-08-14,,0.432
2AGN29AY,0,0,,,,Censored No Alarm,0,0,0,0,0,1,0.0007940442301332951,,2019-08-14,,0.432
2AGN43EY,0,0,,,,Censored No Alarm,0,0,0,0,0,1,0.10825812071561813,,2019-08-13,,0.432
2AGN5A3Y,0,0,,,,Censored No Alarm,0,0,0,0,0,1,0.0007142253452911973,,2019-06-01,,0.432
2AGN7GZY,0,0,,,,Censored No Alarm,0,0,0,0,0,1,0.000746820354834199,,2019-08-13,,0.432
2AGN7XVY,0,0,,,,Censored No Alarm,0,0,0,0,0,1,0.045383017510175705,,2019-08-14,,0.432
2AGN7XYY,0,0,,,,Censored No Alarm,0,0,0,0,0,1,0.02208489365875721,,2019-05-27,,0.432
2AGN853Y,0,0,,,,Censored No Alarm,0,0,0,0,0,1,0.0012747426517307758,,2019-08-14,,0.432
2AGN8H9Y,0,0,,,,Censored No Alarm,0,0,0,0,0,1,0.00141776236705482,,2019-08-14,,0.432
2AGN8Y9Y,0,0,,,,Censored No Alarm,0,0,0,0,0,1,0.014587690122425556,,2019-08-13,,0.432
2AGN8ZGY,0,0,,,,Censored No Alarm,0,0,0,0,0,1,0.106272391974926,,2019-06-01,,0.432
2AGN90RY,1,1,2023-03-27,2023-12-07,255.0,Early,0,1,0,1,0,0,0.7138446569442749,0.7138446569442749,2019-08-14,1321.0,0.432
2AGN9N4Y,1,1,2025-01-25,2025-03-06,40.0,Early,0,1,0,1,0,0,0.853080689907074,0.44004741311073303,2019-08-13,1992.0,0.432
2AGNAK7Y,0,0,,,,Censored No Alarm,0,0,0,0,0,1,0.0014665164053440094,,2019-08-14,,0.432
2AGNAKGY,0,0,,,,Censored No Alarm,0,0,0,0,0,1,0.0008708647219464183,,2019-08-14,,0.432
2AGNAYKY,0,0,,,,Censored No Alarm,0,0,0,0,0,1,0.0007212798809632659,,2019-08-13,,0.432
2AGNBWPY,0,0,,,,Censored No Alarm,0,0,0,0,0,1,0.0008692397968843579,,2019-08-13,,0.432
2AGND0EY,0,0,,,,Censored No Alarm,0,0,0,0,0,1,0.006335069425404072,,2019-08-13,,0.432
2AGNEAHY,0,0,,,,Censored No Alarm,0,0,0,0,0,1,0.0006853538216091692,,2019-08-13,,0.432
2AGNEK5Y,0,0,,,,Censored No Alarm,0,0,0,0,0,1,0.012731844559311867,,2019-08-14,,0.432
2AGNEN9Y,0,0,,,,Censored No Alarm,0,0,0,0,0,1,0.001359716639854014,,2019-08-14,,0.432
2AGNEREY,0,0,,,,Censored No Alarm,0,0,0,0,0,1,0.007425106130540371,,2019-08-13,,0.432
2AGNGZPY,0,0,,,,Censored No Alarm,0,0,0,0,0,1,0.001148007228039205,,2019-05-27,,0.432
2AGNJE2Y,0,0,,,,Censored No Alarm,0,0,0,0,0,1,0.03551483899354935,,2019-06-01,,0.432
2AGNJG7Y,0,0,,,,Censored No Alarm,0,0,0,0,0,1,0.0008765156380832195,,2019-08-13,,0.432
2AGNJGHY,0,0,,,,Censored No Alarm,0,0,0,0,0,1,0.0012216642498970032,,2019-08-13,,0.432
2AGNJRYY,0,0,,,,Censored No Alarm,0,0,0,0,0,1,0.0012747426517307758,,2019-06-01,,0.432
2AGNJTAY,0,0,,,,Censored No Alarm,0,0,0,0,0,1,0.0009186170645989478,,2019-08-14,,0.432
2AGNJTRY,0,0,,,,Censored No Alarm,0,0,0,0,0,1,0.0014665164053440094,,2019-08-14,,0.432
2AGNKB9Y,1,0,,2023-11-29,,Missed,0,0,0,0,1,0,0.0007454440928995609,,2019-08-13,,0.432
2AGNKGXY,0,0,,,,Censored No Alarm,0,0,0,0,0,1,0.001359716639854014,,2019-08-14,,0.432
2AGNKNJY,0,0,,,,Censored No Alarm,0,0,0,0,0,1,0.0018824089784175158,,2019-08-14,,0.432
2AGNKSPY,0,0,,,,Censored No Alarm,0,0,0,0,0,1,0.03233501315116882,,2019-08-14,,0.432
2AGNKV4Y,0,0,,,,Censored No Alarm,0,0,0,0,0,1,0.0006681790691800416,,2019-08-13,,0.432
2AGNL61Y,0,0,,,,Censored No Alarm,0,0,0,0,0,1,0.0008880824316293001,,2019-05-16,,0.432
2AGNNTHY,0,0,,,,Censored No Alarm,0,0,0,0,0,1,0.020397627726197243,,2019-05-16,,0.432
2AGNT47Y,0,0,,,,Censored No Alarm,0,0,0,0,0,1,0.0009858297416940331,,2019-05-16,,0.432
2AGP393Y,1,1,2019-09-07,2023-04-06,1307.0,Early,0,1,0,1,0,0,0.46417877078056335,0.46417877078056335,2019-06-01,98.0,0.432
2AGP43EY,1,0,,2024-09-01,,Missed,0,0,0,0,1,0,0.02115318924188614,,2019-05-16,,0.432
2AGP5EDY,0,0,,,,Censored No Alarm,0,0,0,0,0,1,0.0008623098838143051,,2019-05-16,,0.432
2AGP5GBY,0,0,,,,Censored No Alarm,0,0,0,0,0,1,0.0028926327358931303,,2019-05-16,,0.432
2AGP5J1Y,0,0,,,,Censored No Alarm,0,0,0,0,0,1,0.0007649890030734241,,2019-05-16,,0.432
2AGP6TYY,0,0,,,,Censored No Alarm,0,0,0,0,0,1,0.0007620560354553163,,2019-05-16,,0.432
2AGP6UBY,0,0,,,,Censored No Alarm,0,0,0,0,0,1,0.01511527318507433,,2019-05-16,,0.432
2AGP9W7Y,0,0,,,,Censored No Alarm,0,0,0,0,0,1,0.08506457507610321,,2019-05-16,,0.432
2AGPHHKY,0,0,,,,Censored No Alarm,0,0,0,0,0,1,0.0011476966319605708,,2019-06-01,,0.432
2AGPHHTY,0,0,,,,Censored No Alarm,0,0,0,0,0,1,0.0008256311994045973,,2019-06-01,,0.432
2AGPJAVY,0,0,,,,Censored No Alarm,0,0,0,0,0,1,0.0007436270243488252,,2019-05-27,,0.432
2AGPJBGY,0,0,,,,Censored No Alarm,0,0,0,0,0,1,0.0015008392510935664,,2019-05-27,,0.432
2AGPJBNY,0,0,,,,Censored No Alarm,0,0,0,0,0,1,0.0007436270243488252,,2019-05-27,,0.432
2AGPJE5Y,0,0,,,,Censored No Alarm,0,0,0,0,0,1,0.0007899969932623208,,2019-05-16,,0.432
2AGPJGPY,1,0,,2021-02-22,,Missed,0,0,0,0,1,0,0.02406015619635582,,2019-05-16,,0.432
2AGPJH1Y,1,0,,2024-08-11,,Missed,0,0,0,0,1,0,0.0474155955016613,,2019-05-16,,0.432
2AGPJHAY,0,0,,,,Censored No Alarm,0,0,0,0,0,1,0.000746820354834199,,2019-08-13,,0.432
2AGPJHXY,0,0,,,,Censored No Alarm,0,0,0,0,0,1,0.0006490987725555897,,2019-05-27,,0.432
2AGPJL8Y,0,0,,,,Censored No Alarm,0,0,0,0,0,1,0.0009189952397719026,,2019-05-27,,0.432
2AGPJLWY,0,0,,,,Censored No Alarm,0,0,0,0,0,1,0.0006704636034555733,,2019-08-13,,0.432
2AGPJMRY,0,0,,,,Censored No Alarm,0,0,0,0,0,1,0.0007212798809632659,,2019-08-13,,0.432
2AGPJP0Y,0,0,,,,Censored No Alarm,0,0,0,0,0,1,0.0006051051896065474,,2019-05-27,,0.432
2AGPK9HY,0,0,,,,Censored No Alarm,0,0,0,0,0,1,0.0033720836509019136,,2019-08-14,,0.432
2AGPKA3Y,0,0,,,,Censored No Alarm,0,0,0,0,0,1,0.00987444631755352,,2019-08-14,,0.432
2AGPKALY,0,0,,,,Censored No Alarm,0,0,0,0,0,1,0.0009492392418906093,,2019-05-16,,0.432
2AGPKARY,0,0,,,,Censored No Alarm,0,0,0,0,0,1,0.0007696379907429218,,2019-05-16,,0.432
2AGPKB2Y,0,0,,,,Censored No Alarm,0,0,0,0,0,1,0.0006490987725555897,,2019-05-27,,0.432
2AGPKTUY,0,0,,,,Censored No Alarm,0,0,0,0,0,1,0.0009492392418906093,,2019-05-16,,0.432
2AGPKVGY,0,0,,,,Censored No Alarm,0,0,0,0,0,1,0.0007620560354553163,,2019-05-16,,0.432
2AGPKWNY,1,0,,2023-10-29,,Missed,0,0,0,0,1,0,0.07826022058725357,,2019-05-16,,0.432
2AGPKX4Y,0,0,,,,Censored No Alarm,0,0,0,0,0,1,0.13713830709457397,,2019-05-16,,0.432
2AGPL2YY,0,0,,,,Censored No Alarm,0,0,0,0,0,1,0.003779318183660507,,2019-05-16,,0.432
2AGPL4UY,0,0,,,,Censored No Alarm,0,0,0,0,0,1,0.0007620560354553163,,2019-05-16,,0.432
2AGPL4ZY,0,0,,,,Censored No Alarm,0,0,0,0,0,1,0.002315368503332138,,2019-05-27,,0.432
2AGPLSSY,0,0,,,,Censored No Alarm,0,0,0,0,0,1,0.0007637659437023103,,2019-05-16,,0.432
2AGPMDVY,0,0,,,,Censored No Alarm,0,0,0,0,0,1,0.00141776236705482,,2019-05-27,,0.432
2AGPMEPY,0,0,,,,Censored No Alarm,0,0,0,0,0,1,0.0007909049745649099,,2019-05-16,,0.432
2AGPMGGY,0,0,,,,Censored No Alarm,0,0,0,0,0,1,0.0019482102943584323,,2019-05-16,,0.432
2AGPMM3Y,0,0,,,,Censored No Alarm,0,0,0,0,0,1,0.0014214800903573632,,2019-05-27,,0.432
2AGPMN9Y,0,0,,,,Censored No Alarm,0,0,0,0,0,1,0.0009402232826687396,,2019-05-27,,0.432
2AGPMRDY,0,0,,,,Censored No Alarm,0,0,0,0,0,1,0.0014665164053440094,,2019-05-27,,0.432
2AGPMY1Y,0,0,,,,Censored No Alarm,0,0,0,0,0,1,0.0007637659437023103,,2019-05-16,,0.432
2AGPN6PY,0,0,,,,Censored No Alarm,0,0,0,0,0,1,0.04416320472955704,,2019-05-16,,0.432
2AGPPJAY,0,0,,,,Censored No Alarm,0,0,0,0,0,1,0.0006039910949766636,,2019-05-16,,0.432
2AGPPLLY,1,0,,2023-11-29,,Missed,0,0,0,0,1,0,0.3534963130950928,,2019-05-16,,0.432
2AGPR6YY,0,0,,,,Censored No Alarm,0,0,0,0,0,1,0.001471801893785596,,2019-05-16,,0.432
2AGPR7RY,0,0,,,,Censored No Alarm,0,0,0,0,0,1,0.0007899969932623208,,2019-05-16,,0.432
2AGPR8EY,0,0,,,,Censored No Alarm,0,0,0,0,0,1,0.0008594855316914618,,2019-05-16,,0.432
2AGPRL8Y,0,0,,,,Censored No Alarm,0,0,0,0,0,1,0.010054604150354862,,2019-05-27,,0.432
2AGPRMLY,1,0,,2026-03-26,,Missed,0,0,0,0,1,0,0.01534443348646164,,2019-08-13,,0.432
2AGPRMRY,1,0,,2024-08-12,,Missed,0,0,0,0,1,0,0.0037890574894845486,,2019-05-04,,0.432
2AGPRRJY,0,0,,,,Censored No Alarm,0,0,0,0,0,1,0.42123979330062866,,2019-05-04,,0.432
2AGPS2ZY,0,0,,,,Censored No Alarm,0,0,0,0,0,1,0.0007812302792444825,,2019-05-16,,0.432
2AGPSEDY,0,0,,,,Censored No Alarm,0,0,0,0,0,1,0.0006397225079126656,,2019-05-27,,0.432
2AGPSG5Y,0,0,,,,Censored No Alarm,0,0,0,0,0,1,0.000773727719206363,,2019-05-27,,0.432
2AGPSGKY,0,0,,,,Censored No Alarm,0,0,0,0,0,1,0.0011257934384047985,,2019-08-14,,0.432
2AGPSJKY,0,0,,,,Censored No Alarm,0,0,0,0,0,1,0.0014665164053440094,,2019-08-14,,0.432
2AGPSRUY,0,0,,,,Censored No Alarm,0,0,0,0,0,1,0.0007620560354553163,,2019-05-16,,0.432
2AGPT2PY,0,0,,,,Censored No Alarm,0,0,0,0,0,1,0.003622172400355339,,2019-08-14,,0.432
2AGPT48Y,0,0,,,,Censored No Alarm,0,0,0,0,0,1,0.0008536144159734249,,2019-06-01,,0.432
2AGPT7PY,0,0,,,,Censored No Alarm,0,0,0,0,0,1,0.0033198376186192036,,2019-08-13,,0.432
2AGPTL4Y,0,0,,,,Censored No Alarm,0,0,0,0,0,1,0.005560717545449734,,2019-05-27,,0.432
2AGPTVLY,0,0,,,,Censored No Alarm,0,0,0,0,0,1,0.001588004408404231,,2019-06-01,,0.432
5PG0TA6F,0,0,,,,Censored No Alarm,0,0,0,0,0,1,0.0014665164053440094,,2020-07-14,,0.432
5PG0TAKF,0,0,,,,Censored No Alarm,0,0,0,0,0,1,0.0012747426517307758,,2020-05-10,,0.432
5PJEJUHE,0,0,,,,Censored No Alarm,0,0,0,0,0,1,0.0008256311994045973,,2021-12-28,,0.432
5PJJHD9C,0,0,,,,Censored No Alarm,0,0,0,0,0,1,0.0011257934384047985,,2022-07-18,,0.432
5PJJLZTF,0,0,,,,Censored No Alarm,0,0,0,0,0,1,0.0009150530095212162,,2021-12-03,,0.432
5PJKZP4D,0,0,,,,Censored No Alarm,0,0,0,0,0,1,0.0015448257327079773,,2022-08-04,,0.432
5PJVPJGF,0,0,,,,Censored No Alarm,0,0,0,0,0,1,0.0009150530095212162,,2021-05-16,,0.432
5PK10N4B,0,0,,,,Censored No Alarm,0,0,0,0,0,1,0.00333734811283648,,2024-12-22,,0.432
5PK5ZB1B,0,0,,,,Censored No Alarm,0,0,0,0,0,1,0.017919175326824188,,2024-04-29,,0.432
5PKEBJVB,0,0,,,,Censored No Alarm,0,0,0,0,0,1,0.003549576736986637,,2023-11-27,,0.432
5PKVXW6B,0,0,,,,Censored No Alarm,0,0,0,0,0,1,0.00333734811283648,,2024-06-01,,0.432
5QG63PMB,0,0,,,,Censored No Alarm,0,0,0,0,0,1,0.002289265627041459,,2024-05-28,,0.432
5QGBH0MB,0,0,,,,Censored No Alarm,0,0,0,0,0,1,0.0026723856572061777,,2023-12-09,,0.432
5QGG5KLB,0,0,,,,Censored No Alarm,0,0,0,0,0,1,0.02152353711426258,,2023-04-05,,0.432
5QGG5UPB,0,0,,,,Censored No Alarm,0,0,0,0,0,1,0.12309879809617996,,2022-12-06,,0.432
5QGGAELB,1,1,2025-01-16,2025-06-04,139.0,Early,0,1,0,1,0,0,0.8020943403244019,0.4928712844848633,2023-03-28,660.0,0.432
5QGGHWVB,0,0,,,,Censored No Alarm,0,0,0,0,0,1,0.00333734811283648,,2023-12-16,,0.432
5QH0Z60B,1,0,,2024-05-14,,Missed,0,0,0,0,1,0,0.42314186692237854,,2023-10-22,,0.432
5QHDKVHB,0,0,,,,Censored No Alarm,0,0,0,0,0,1,0.005191222298890352,,2023-11-17,,0.432
5QHKE66B,0,0,,,,Censored No Alarm,0,0,0,0,0,1,0.00333734811283648,,2024-04-18,,0.432
5QHYP4MB,0,0,,,,Censored No Alarm,0,0,0,0,0,1,0.005191222298890352,,2024-05-15,,0.432
5QJBW5VB,1,1,2024-05-20,2024-05-25,5.0,On time,1,0,0,0,0,0,0.7332960367202759,0.43720459938049316,2024-02-07,103.0,0.432
5QJS57NB,0,0,,,,Censored No Alarm,0,0,0,0,0,1,0.00333734811283648,,2024-01-23,,0.432
5QKBEVWB,0,0,,,,Censored No Alarm,0,0,0,0,0,1,0.00333734811283648,,2023-12-14,,0.432
5QKDK07B,0,0,,,,Censored No Alarm,0,0,0,0,0,1,0.00333734811283648,,2024-12-20,,0.432
5QKHBVPB,0,0,,,,Censored No Alarm,0,0,0,0,0,1,0.00333734811283648,,2024-05-30,,0.432
5QKKSM3B,0,0,,,,Censored No Alarm,0,0,0,0,0,1,0.003549576736986637,,2024-04-06,,0.432
5QKV55TB,0,0,,,,Censored No Alarm,0,0,0,0,0,1,0.00333734811283648,,2024-02-29,,0.432
5QKV6W0B,0,0,,,,Censored No Alarm,0,0,0,0,0,1,0.005191222298890352,,2023-08-14,,0.432
5QKV74SB,0,0,,,,Censored No Alarm,0,0,0,0,0,1,0.0026723856572061777,,2024-01-09,,0.432
5QKV778B,0,0,,,,Censored No Alarm,0,0,0,0,0,1,0.005191222298890352,,2024-06-07,,0.432
5QKV7UHB,0,0,,,,Censored No Alarm,0,0,0,0,0,1,0.0026723856572061777,,2024-03-04,,0.432
5QKV85UB,0,0,,,,Censored No Alarm,0,0,0,0,0,1,0.0026723856572061777,,2023-12-02,,0.432
5QKVAN8B,0,0,,,,Censored No Alarm,0,0,0,0,0,1,0.00333734811283648,,2023-12-24,,0.432
5QKVARLB,0,0,,,,Censored No Alarm,0,0,0,0,0,1,0.0035124311689287424,,2023-11-03,,0.432
5QKVATKB,0,0,,,,Censored No Alarm,0,0,0,0,0,1,0.00333734811283648,,2024-01-09,,0.432
5QKVD71B,0,0,,,,Censored No Alarm,0,0,0,0,0,1,0.005191222298890352,,2024-05-10,,0.432
5QKVDDVB,0,0,,,,Censored No Alarm,0,0,0,0,0,1,0.00333734811283648,,2024-06-19,,0.432
5QKVETTB,0,0,,,,Censored No Alarm,0,0,0,0,0,1,0.050389308482408524,,2024-06-27,,0.432
5QKVEUZB,0,0,,,,Censored No Alarm,0,0,0,0,0,1,0.00333734811283648,,2024-04-22,,0.432
5QKVEXJB,0,0,,,,Censored No Alarm,0,0,0,0,0,1,0.005191222298890352,,2023-11-30,,0.432
5QKVGLWB,0,0,,,,Censored No Alarm,0,0,0,0,0,1,0.00333734811283648,,2024-05-08,,0.432
5QKVHPLB,0,0,,,,Censored No Alarm,0,0,0,0,0,1,0.00333734811283648,,2024-05-07,,0.432
5QKVHRMB,0,0,,,,Censored No Alarm,0,0,0,0,0,1,0.010733253322541714,,2024-06-23,,0.432
5QKVVTHB,0,0,,,,Censored No Alarm,0,0,0,0,0,1,0.004310453310608864,,2024-04-15,,0.432
8CGNK9GE,0,0,,,,Censored No Alarm,0,0,0,0,0,1,0.043029431253671646,,2019-05-04,,0.432
8CGR1V5E,0,0,,,,Censored No Alarm,0,0,0,0,0,1,0.0012747426517307758,,2019-06-01,,0.432
8CGSN9XE,0,0,,,,Censored No Alarm,0,0,0,0,0,1,0.001300501637160778,,2019-05-16,,0.432
8CGSTSRE,0,0,,,,Censored No Alarm,0,0,0,0,0,1,0.0007637659437023103,,2019-05-04,,0.432
8CGT5S2E,1,0,,2024-11-05,,Missed,0,0,0,0,1,0,0.16149282455444336,,2019-06-01,,0.432
8CGTW4VE,0,0,,,,Censored No Alarm,0,0,0,0,0,1,0.000773727719206363,,2019-06-01,,0.432
8CGTZ9HE,1,1,2023-07-06,2023-07-12,6.0,On time,1,0,0,0,0,0,0.46220365166664124,0.45918458700180054,2019-05-16,1512.0,0.432
8CGU9LLE,0,0,,,,Censored No Alarm,0,0,0,0,0,1,0.0006456311093643308,,2019-05-16,,0.432
8CGV369E,0,0,,,,Censored No Alarm,0,0,0,0,0,1,0.0007701368303969502,,2019-05-16,,0.432
8CGVR04E,0,1,2025-05-28,,,Censored Early,0,0,1,1,0,0,0.4323999285697937,0.4323999285697937,2019-05-16,2204.0,0.432
8CGVTH0E,0,0,,,,Censored No Alarm,0,0,0,0,0,1,0.0009014058741740882,,2019-05-04,,0.432
8CGW3HPE,0,0,,,,Censored No Alarm,0,0,0,0,0,1,0.0006703102844767272,,2019-05-04,,0.432
8CGW6ULE,0,0,,,,Censored No Alarm,0,0,0,0,0,1,0.0005589962238445878,,2019-05-04,,0.432
8CGWPGEE,0,0,,,,Censored No Alarm,0,0,0,0,0,1,0.0007637659437023103,,2019-05-16,,0.432
8CGXKYVE,0,0,,,,Censored No Alarm,0,0,0,0,0,1,0.0012828698381781578,,2019-05-04,,0.432
8CGXNNUE,1,0,,2022-05-10,,Missed,0,0,0,0,1,0,0.07467828691005707,,2019-06-01,,0.432
8CGY4KUE,0,0,,,,Censored No Alarm,0,0,0,0,0,1,0.0008357645128853619,,2019-05-16,,0.432
8CGYJ5TE,0,0,,,,Censored No Alarm,0,0,0,0,0,1,0.0012747426517307758,,2019-06-01,,0.432
8CGYVS8E,0,0,,,,Censored No Alarm,0,0,0,0,0,1,0.0012747426517307758,,2019-06-01,,0.432
8CGYW96E,0,0,,,,Censored No Alarm,0,0,0,0,0,1,0.04618680477142334,,2019-06-01,,0.432
8CGYXB6E,0,0,,,,Censored No Alarm,0,0,0,0,0,1,0.0012094698613509536,,2019-08-13,,0.432
8CGZ8K3E,0,0,,,,Censored No Alarm,0,0,0,0,0,1,0.0006703102844767272,,2019-05-04,,0.432
8CGZ8S1E,0,0,,,,Censored No Alarm,0,0,0,0,0,1,0.0007637659437023103,,2019-05-04,,0.432
8CGZ8SDE,0,0,,,,Censored No Alarm,0,0,0,0,0,1,0.08295833319425583,,2019-05-04,,0.432
8CGZB98E,0,0,,,,Censored No Alarm,0,0,0,0,0,1,0.0008020749082788825,,2019-08-14,,0.432
8CGZB9VE,0,0,,,,Censored No Alarm,0,0,0,0,0,1,0.0008024563430808485,,2019-06-01,,0.432
8CGZKBME,0,1,2024-07-18,,,Censored Early,0,0,1,1,0,0,0.5106624960899353,0.5106624960899353,2019-05-04,1902.0,0.432
8CGZKDHE,0,0,,,,Censored No Alarm,0,0,0,0,0,1,0.000560474582016468,,2019-05-04,,0.432
8CGZMEAE,0,0,,,,Censored No Alarm,0,0,0,0,0,1,0.0016567632555961609,,2019-05-04,,0.432
8CH02WUE,0,0,,,,Censored No Alarm,0,0,0,0,0,1,0.00141776236705482,,2019-08-14,,0.432
8CH05AGE,0,0,,,,Censored No Alarm,0,0,0,0,0,1,0.0005589962238445878,,2019-05-04,,0.432
8CH06AGE,0,0,,,,Censored No Alarm,0,0,0,0,0,1,0.0007556467899121344,,2019-05-16,,0.432
8CH06B5E,0,0,,,,Censored No Alarm,0,0,0,0,0,1,0.000651711889076978,,2019-05-04,,0.432
8CH06E7E,0,0,,,,Censored No Alarm,0,0,0,0,0,1,0.0007637659437023103,,2019-05-04,,0.432
8CH06EDE,0,0,,,,Censored No Alarm,0,0,0,0,0,1,0.000773727719206363,,2019-06-01,,0.432
8CH0869E,0,0,,,,Censored No Alarm,0,0,0,0,0,1,0.05329132080078125,,2019-05-04,,0.432
8CH08RNE,0,0,,,,Censored No Alarm,0,0,0,0,0,1,0.0008229350787587464,,2019-08-14,,0.432
8CH09GGE,0,0,,,,Censored No Alarm,0,0,0,0,0,1,0.0007416284643113613,,2019-06-01,,0.432
8CH0BYPE,0,0,,,,Censored No Alarm,0,0,0,0,0,1,0.0006490987725555897,,2019-08-13,,0.432
8CH0BYTE,0,0,,,,Censored No Alarm,0,0,0,0,0,1,0.0012747426517307758,,2019-06-01,,0.432
8CH0DM8E,0,0,,,,Censored No Alarm,0,0,0,0,0,1,0.00141776236705482,,2019-08-14,,0.432
8CH0GNLE,0,0,,,,Censored No Alarm,0,0,0,0,0,1,0.0005833585746586323,,2019-05-04,,0.432
8CH0GNNE,0,0,,,,Censored No Alarm,0,0,0,0,0,1,0.05703845992684364,,2019-05-04,,0.432
8CH0GNSE,0,0,,,,Censored No Alarm,0,0,0,0,0,1,0.0009316120413132012,,2019-05-16,,0.432
8CH0HRKE,0,0,,,,Censored No Alarm,0,0,0,0,0,1,0.002182523487135768,,2019-06-01,,0.432
8CH0HTRE,0,0,,,,Censored No Alarm,0,0,0,0,0,1,0.0012747426517307758,,2019-06-01,,0.432
8CH0L5PE,0,0,,,,Censored No Alarm,0,0,0,0,0,1,0.0012747426517307758,,2019-06-01,,0.432
8CH0R06E,0,0,,,,Censored No Alarm,0,0,0,0,0,1,0.0007528558489866555,,2019-05-04,,0.432
8CH0R3YE,0,0,,,,Censored No Alarm,0,0,0,0,0,1,0.31431683897972107,,2019-08-13,,0.432
8CH0TLTE,0,0,,,,Censored No Alarm,0,0,0,0,0,1,0.0006704636034555733,,2019-08-13,,0.432
8CH0TLUE,0,0,,,,Censored No Alarm,0,0,0,0,0,1,0.000670901732519269,,2019-06-01,,0.432
8CH0TN2E,0,0,,,,Censored No Alarm,0,0,0,0,0,1,0.0012747426517307758,,2019-06-01,,0.432
8CH0TN3E,0,0,,,,Censored No Alarm,0,0,0,0,0,1,0.000746820354834199,,2019-08-13,,0.432
8CH0TVRE,0,0,,,,Censored No Alarm,0,0,0,0,0,1,0.0023278677836060524,,2019-08-14,,0.432
8CH0V7TE,0,0,,,,Censored No Alarm,0,0,0,0,0,1,0.010785645805299282,,2019-06-01,,0.432
8CH0VH1E,0,0,,,,Censored No Alarm,0,0,0,0,0,1,0.0007637659437023103,,2019-05-16,,0.432
8CH0VW0E,0,0,,,,Censored No Alarm,0,0,0,0,0,1,0.000677668082062155,,2019-06-01,,0.432
8CH11KPE,0,0,,,,Censored No Alarm,0,0,0,0,0,1,0.0005589962238445878,,2019-05-04,,0.432
8CH13D7E,0,0,,,,Censored No Alarm,0,0,0,0,0,1,0.0006490987725555897,,2019-06-01,,0.432
8CH13DAE,0,0,,,,Censored No Alarm,0,0,0,0,0,1,0.00141776236705482,,2019-06-01,,0.432
8CH15D3E,0,0,,,,Censored No Alarm,0,0,0,0,0,1,0.0694185346364975,,2019-05-16,,0.432
8CH15YME,0,0,,,,Censored No Alarm,0,0,0,0,0,1,0.0006490987725555897,,2019-06-01,,0.432
8CH160KE,0,0,,,,Censored No Alarm,0,0,0,0,0,1,0.0008020749082788825,,2019-08-14,,0.432
8CH16PBE,0,0,,,,Censored No Alarm,0,0,0,0,0,1,0.041302215307950974,,2019-06-01,,0.432
8CH16ZDE,0,0,,,,Censored No Alarm,0,0,0,0,0,1,0.0029047979041934013,,2019-06-01,,0.432
8CH16ZUE,0,0,,,,Censored No Alarm,0,0,0,0,0,1,0.008119918406009674,,2019-06-01,,0.432
8CH17M9E,0,0,,,,Censored No Alarm,0,0,0,0,0,1,0.0006490987725555897,,2019-06-01,,0.432
8CH17MHE,0,0,,,,Censored No Alarm,0,0,0,0,0,1,0.0006808037869632244,,2019-08-13,,0.432
8CH190UE,1,0,,2022-03-26,,Missed,0,0,0,0,1,0,0.3960650861263275,,2019-08-13,,0.432
8CH1APUE,1,0,,2025-09-18,,Missed,0,0,0,0,1,0,0.30286848545074463,,2019-06-01,,0.432
8CH1AR5E,0,0,,,,Censored No Alarm,0,0,0,0,0,1,0.0006149661494418979,,2019-05-04,,0.432
8CH1ARHE,1,0,,2023-09-28,,Missed,0,0,0,0,1,0,0.02207968942821026,,2019-06-01,,0.432
8CH1WBME,1,0,,2024-05-05,,Missed,0,0,0,0,1,0,0.13787218928337097,,2019-05-04,,0.432
8CH1XHUE,0,0,,,,Censored No Alarm,0,0,0,0,0,1,0.0007649890030734241,,2019-05-04,,0.432
8CH4AT4E,0,0,,,,Censored No Alarm,0,0,0,0,0,1,0.0006490987725555897,,2019-05-27,,0.432
8CH4X3TE,1,0,,2022-10-12,,Missed,0,0,0,0,1,0,0.01875903643667698,,2019-05-16,,0.432
8CH4YM4E,1,0,,2023-03-03,,Missed,0,0,0,0,1,0,0.01953796111047268,,2019-05-16,,0.432
8CH4YM6E,1,0,,2025-03-13,,Missed,0,0,0,0,1,0,0.31359535455703735,,2019-05-16,,0.432
8CH4YN8E,1,0,,2024-04-09,,Missed,0,0,0,0,1,0,0.05358472838997841,,2019-05-16,,0.432
8CH4Z6UE,0,0,,,,Censored No Alarm,0,0,0,0,0,1,0.0007899969932623208,,2019-05-16,,0.432
8CH5214E,1,0,,2024-02-15,,Missed,0,0,0,0,1,0,0.18634732067584991,,2019-05-16,,0.432
8CH52U5E,0,0,,,,Censored No Alarm,0,0,0,0,0,1,0.0006956741563044488,,2019-05-16,,0.432
8CH5B9LE,0,0,,,,Censored No Alarm,0,0,0,0,0,1,0.0009658759809099138,,2019-05-16,,0.432
8CH5E8EE,1,0,,2023-04-04,,Missed,0,0,0,0,1,0,0.06113971769809723,,2019-05-16,,0.432
8CH5HRYE,1,0,,2024-12-24,,Missed,0,0,0,0,1,0,0.09018462151288986,,2019-05-16,,0.432
8CHRG6JE,0,0,,,,Censored No Alarm,0,0,0,0,0,1,0.0008315907907672226,,2019-11-25,,0.432
8CHU2WSE,0,0,,,,Censored No Alarm,0,0,0,0,0,1,0.0013734780950471759,,2020-06-18,,0.432
8CHU7R9E,1,0,,2024-11-09,,Missed,0,0,0,0,1,0,0.05826791003346443,,2021-05-05,,0.432
8CHUHHXE,0,0,,,,Censored No Alarm,0,0,0,0,0,1,0.28699031472206116,,2020-06-26,,0.432
8CJMA59E,0,0,,,,Censored No Alarm,0,0,0,0,0,1,0.005191222298890352,,2024-04-02,,0.432
8DG1BB5Y,0,0,,,,Censored No Alarm,0,0,0,0,0,1,0.0026723856572061777,,2024-12-20,,0.432
8DG3MU5D,0,0,,,,Censored No Alarm,0,0,0,0,0,1,0.03108476847410202,,2018-07-12,,0.432
8DG4SAUD,0,0,,,,Censored No Alarm,0,0,0,0,0,1,0.0006810990744270384,,2018-07-12,,0.432
8DG4SAZD,0,0,,,,Censored No Alarm,0,0,0,0,0,1,0.0006466126069426537,,2018-07-12,,0.432
8DG52U7D,0,0,,,,Censored No Alarm,0,0,0,0,0,1,0.0006607914692722261,,2018-07-12,,0.432
8DG52W9D,0,0,,,,Censored No Alarm,0,0,0,0,0,1,0.0005330911371856928,,2018-07-12,,0.432
8DG52WND,0,0,,,,Censored No Alarm,0,0,0,0,0,1,0.0007596756331622601,,2018-07-12,,0.432
8DG6S3UD,1,1,2024-04-19,2024-06-11,53.0,Early,0,1,0,1,0,0,0.46293357014656067,0.46293357014656067,2018-07-12,2108.0,0.432
8DG88GTY,0,0,,,,Censored No Alarm,0,0,0,0,0,1,0.00333734811283648,,2025-01-01,,0.432
8DG93TXY,0,0,,,,Censored No Alarm,0,0,0,0,0,1,0.012170669622719288,,2024-04-01,,0.432
8DJE2HWH,0,0,,,,Censored No Alarm,0,0,0,0,0,1,0.0006074630655348301,,2019-01-05,,0.432
8DJEPPSH,0,0,,,,Censored No Alarm,0,0,0,0,0,1,0.0005833585746586323,,2019-01-05,,0.432
8DJEPTWH,0,0,,,,Censored No Alarm,0,0,0,0,0,1,0.0005790151190012693,,2019-01-05,,0.432
8DJEUXLH,0,0,,,,Censored No Alarm,0,0,0,0,0,1,0.17487387359142303,,2019-01-05,,0.432
8DK5NDLH,0,0,,,,Censored No Alarm,0,0,0,0,0,1,0.0012747426517307758,,2020-01-03,,0.432
8DKHU24H,0,0,,,,Censored No Alarm,0,0,0,0,0,1,0.0014665164053440094,,2019-12-29,,0.432
8DKUD8AH,0,0,,,,Censored No Alarm,0,0,0,0,0,1,0.0006342001142911613,,2019-01-05,,0.432
8DKV390H,0,0,,,,Censored No Alarm,0,0,0,0,0,1,0.0007701368303969502,,2019-03-01,,0.432
8HG28M3H,0,0,,,,Censored No Alarm,0,0,0,0,0,1,0.001051790197379887,,2019-03-01,,0.432
8HG7LGUH,1,1,2024-10-22,2025-06-01,222.0,Early,0,1,0,1,0,0,0.8633687496185303,0.45166248083114624,2019-06-01,1970.0,0.432
8HGBYHPH,0,0,,,,Censored No Alarm,0,0,0,0,0,1,0.0010589385638013482,,2021-10-03,,0.432
8HGNAB0H,0,0,,,,Censored No Alarm,0,0,0,0,0,1,0.0009492392418906093,,2019-03-28,,0.432
8HGZPYVH,0,1,2023-02-25,,,Censored Early,0,0,1,1,0,0,0.4804253578186035,0.4804253578186035,2019-01-05,1512.0,0.432
8HH12ZPH,0,0,,,,Censored No Alarm,0,0,0,0,0,1,0.0008049641037359834,,2018-11-14,,0.432
8HH5JYSH,0,0,,,,Censored No Alarm,0,0,0,0,0,1,0.0009781449334695935,,2018-11-14,,0.432
8HH8BNRH,0,0,,,,Censored No Alarm,0,0,0,0,0,1,0.001020577154122293,,2019-03-28,,0.432
8HH8P7RH,0,0,,,,Censored No Alarm,0,0,0,0,0,1,0.0008371278527192771,,2019-03-02,,0.432
8HH901KH,0,0,,,,Censored No Alarm,0,0,0,0,0,1,0.0007701368303969502,,2019-03-28,,0.432
8HH9ZRUH,0,0,,,,Censored No Alarm,0,0,0,0,0,1,0.001593647408299148,,2019-03-01,,0.432
8HHARE1H,1,1,2023-03-05,2023-03-24,19.0,On time,1,0,0,0,0,0,0.8104561567306519,0.7183151841163635,2019-08-13,1300.0,0.432
8HHARGBH,0,0,,,,Censored No Alarm,0,0,0,0,0,1,0.0010414310963824391,,2019-03-02,,0.432
8HHATBKH,0,0,,,,Censored No Alarm,0,0,0,0,0,1,0.001593647408299148,,2019-03-01,,0.432
8HHJXENH,0,0,,,,Censored No Alarm,0,0,0,0,0,1,0.0007649890030734241,,2019-01-05,,0.432
8HHNHSUH,1,0,,2024-12-06,,Missed,0,0,0,0,1,0,0.4167165756225586,,2019-05-04,,0.432
8HHPUREH,1,0,,2024-05-16,,Missed,0,0,0,0,1,0,0.29968029260635376,,2018-11-14,,0.432
8HHT1P2H,0,0,,,,Censored No Alarm,0,0,0,0,0,1,0.08968943357467651,,2018-11-14,,0.432
8HHTWXYH,0,0,,,,Censored No Alarm,0,0,0,0,0,1,0.0007859006873331964,,2018-11-14,,0.432
8HHZ6MGH,0,0,,,,Censored No Alarm,0,0,0,0,0,1,0.0011880691163241863,,2018-11-14,,0.432
8HJ1NNDH,0,0,,,,Censored No Alarm,0,0,0,0,0,1,0.0010156405624002218,,2018-11-14,,0.432
8HJ6SJAH,0,0,,,,Censored No Alarm,0,0,0,0,0,1,0.0010846354998648167,,2018-11-14,,0.432
8HJ6SJTH,0,0,,,,Censored No Alarm,0,0,0,0,0,1,0.0010830562096089125,,2018-11-14,,0.432
8HJ74BPH,0,0,,,,Censored No Alarm,0,0,0,0,0,1,0.0008558223489671946,,2018-11-14,,0.432
8HJ7UJHH,0,0,,,,Censored No Alarm,0,0,0,0,0,1,0.0008049641037359834,,2018-11-14,,0.432
8HJ7Y9BH,0,0,,,,Censored No Alarm,0,0,0,0,0,1,0.0011376987677067518,,2018-11-14,,0.432
8HJ7Z0DH,0,0,,,,Censored No Alarm,0,0,0,0,0,1,0.0006184614030644298,,2019-05-04,,0.432
8HJ7Z10H,0,0,,,,Censored No Alarm,0,0,0,0,0,1,0.0013276258250698447,,2018-11-14,,0.432
8HJ7Z1MH,0,0,,,,Censored No Alarm,0,0,0,0,0,1,0.007418850902467966,,2018-11-14,,0.432
8HJ86APH,0,0,,,,Censored No Alarm,0,0,0,0,0,1,0.12087532132863998,,2018-11-14,,0.432
8HJ86NXH,0,0,,,,Censored No Alarm,0,0,0,0,0,1,0.0005601346492767334,,2019-05-04,,0.432
8HJ8LEXH,0,0,,,,Censored No Alarm,0,0,0,0,0,1,0.04611894115805626,,2019-05-04,,0.432
8HJ8LKMH,1,0,,2026-03-14,,Missed,0,0,0,0,1,0,0.14375832676887512,,2018-11-14,,0.432
8HJ91WDH,0,0,,,,Censored No Alarm,0,0,0,0,0,1,0.0005876743234694004,,2019-05-04,,0.432
8HJ94EVH,0,0,,,,Censored No Alarm,0,0,0,0,0,1,0.0010156405624002218,,2018-11-14,,0.432
8HJ9JWTH,0,0,,,,Censored No Alarm,0,0,0,0,0,1,0.0012504106853157282,,2018-11-14,,0.432
8HJ9K7HH,1,0,,2025-01-28,,Missed,0,0,0,0,1,0,0.32664647698402405,,2018-11-14,,0.432
8HJ9KKGH,0,0,,,,Censored No Alarm,0,0,0,0,0,1,0.0005601346492767334,,2019-05-04,,0.432
8HJ9KN1H,0,0,,,,Censored No Alarm,0,0,0,0,0,1,0.000798397755715996,,2018-11-14,,0.432
8HJ9LS1H,0,0,,,,Censored No Alarm,0,0,0,0,0,1,0.0008391495794057846,,2018-11-14,,0.432
8HJ9M5NH,0,0,,,,Censored No Alarm,0,0,0,0,0,1,0.00442880904302001,,2018-11-14,,0.432
8HJ9M94H,0,0,,,,Censored No Alarm,0,0,0,0,0,1,0.0008467831066809595,,2018-11-14,,0.432
8HJ9MZBH,0,0,,,,Censored No Alarm,0,0,0,0,0,1,0.0005876743234694004,,2019-05-04,,0.432
8HJ9NHPH,0,0,,,,Censored No Alarm,0,0,0,0,0,1,0.0009514063713140786,,2018-11-14,,0.432
8HJ9NKKH,0,0,,,,Censored No Alarm,0,0,0,0,0,1,0.0010907732648774981,,2018-11-14,,0.432
8HJ9RYSH,0,0,,,,Censored No Alarm,0,0,0,0,0,1,0.001028536120429635,,2018-11-14,,0.432
8HJ9S05H,0,0,,,,Censored No Alarm,0,0,0,0,0,1,0.0008252480765804648,,2018-11-14,,0.432
8HJ9S0EH,0,0,,,,Censored No Alarm,0,0,0,0,0,1,0.0009492392418906093,,2018-11-14,,0.432
8HJ9Y3ZH,0,0,,,,Censored No Alarm,0,0,0,0,0,1,0.0007637659437023103,,2019-05-04,,0.432
8HJA085H,0,0,,,,Censored No Alarm,0,0,0,0,0,1,0.0011323171202093363,,2018-11-14,,0.432
8HJA2DPH,0,0,,,,Censored No Alarm,0,0,0,0,0,1,0.0009315364877693355,,2018-11-14,,0.432
8HJA8DBH,0,0,,,,Censored No Alarm,0,0,0,0,0,1,0.000940296333283186,,2018-11-14,,0.432
8HJBNYTH,0,0,,,,Censored No Alarm,0,0,0,0,0,1,0.028779009357094765,,2019-01-05,,0.432
8HJDK12H,0,0,,,,Censored No Alarm,0,0,0,0,0,1,0.0010594123741611838,,2018-11-14,,0.432
8HJDX4PH,0,0,,,,Censored No Alarm,0,0,0,0,0,1,0.01378671359270811,,2018-11-14,,0.432
8HJEY89H,0,0,,,,Censored No Alarm,0,0,0,0,0,1,0.0005760042113251984,,2019-03-01,,0.432
8HJG85RH,0,0,,,,Censored No Alarm,0,0,0,0,0,1,0.0018992037512362003,,2019-03-01,,0.432
8HJGZPXH,0,0,,,,Censored No Alarm,0,0,0,0,0,1,0.0008499482646584511,,2018-11-14,,0.432
8HJH62EH,0,0,,,,Censored No Alarm,0,0,0,0,0,1,0.0010531176812946796,,2018-11-14,,0.432
8HJH8RWH,0,0,,,,Censored No Alarm,0,0,0,0,0,1,0.0008375419420190156,,2019-03-01,,0.432
8HJK2HSH,0,0,,,,Censored No Alarm,0,0,0,0,0,1,0.02203012816607952,,2018-11-14,,0.432
8HJLKZRH,0,0,,,,Censored No Alarm,0,0,0,0,0,1,0.0010870217811316252,,2018-11-14,,0.432
8HJRD7PH,0,0,,,,Censored No Alarm,0,0,0,0,0,1,0.0021783423144370317,,2019-03-01,,0.432
8HJRUMWH,0,0,,,,Censored No Alarm,0,0,0,0,0,1,0.0027743789833039045,,2018-11-14,,0.432
8HJRVW4H,0,0,,,,Censored No Alarm,0,0,0,0,0,1,0.0010868912795558572,,2018-11-14,,0.432
8HJUGTVH,0,0,,,,Censored No Alarm,0,0,0,0,0,1,0.24911420047283173,,2018-11-14,,0.432
8HJVJKPH,0,0,,,,Censored No Alarm,0,0,0,0,0,1,0.002649627160280943,,2018-11-14,,0.432
8HJVUAGH,0,0,,,,Censored No Alarm,0,0,0,0,0,1,0.0012115142308175564,,2018-11-14,,0.432
8HJWBJXH,0,0,,,,Censored No Alarm,0,0,0,0,0,1,0.0009385111625306308,,2018-11-14,,0.432
8HJWHD6H,0,0,,,,Censored No Alarm,0,0,0,0,0,1,0.0007631650078110397,,2018-11-14,,0.432
8HJWHEJH,0,0,,,,Censored No Alarm,0,0,0,0,0,1,0.014420873485505581,,2019-03-28,,0.432
8HJXG0WH,1,0,,2022-05-01,,Missed,0,0,0,0,1,0,0.009731733240187168,,2018-11-14,,0.432
8HJXKBDH,0,0,,,,Censored No Alarm,0,0,0,0,0,1,0.0006124331848695874,,2019-03-01,,0.432
8HJXU87H,0,0,,,,Censored No Alarm,0,0,0,0,0,1,0.04610052704811096,,2018-11-14,,0.432
8HJY20MH,0,0,,,,Censored No Alarm,0,0,0,0,0,1,0.0009385111625306308,,2018-11-14,,0.432
8HJYTXWH,0,0,,,,Censored No Alarm,0,0,0,0,0,1,0.0010522260563448071,,2018-11-14,,0.432
8HJYU0JH,0,0,,,,Censored No Alarm,0,0,0,0,0,1,0.0010285841999575496,,2018-11-14,,0.432
8HJYZNZH,0,0,,,,Censored No Alarm,0,0,0,0,0,1,0.0011079050600528717,,2018-11-14,,0.432
8HJZ13TH,0,0,,,,Censored No Alarm,0,0,0,0,0,1,0.0008085373556241393,,2018-11-14,,0.432
8HJZADEH,0,0,,,,Censored No Alarm,0,0,0,0,0,1,0.0010594123741611838,,2018-11-14,,0.432
8HJZEG6H,1,0,,2023-11-17,,Missed,0,0,0,0,1,0,0.11356014758348465,,2018-11-14,,0.432
8HJZG4AH,0,0,,,,Censored No Alarm,0,0,0,0,0,1,0.0010799103183671832,,2018-11-14,,0.432
8HJZNVWH,0,0,,,,Censored No Alarm,0,0,0,0,0,1,0.0011925555299967527,,2018-11-14,,0.432
8HK087WH,0,0,,,,Censored No Alarm,0,0,0,0,0,1,0.07969007641077042,,2018-11-14,,0.432
8HK0HH3H,0,0,,,,Censored No Alarm,0,0,0,0,0,1,0.0009522765758447349,,2018-11-14,,0.432
8HK12NNH,0,0,,,,Censored No Alarm,0,0,0,0,0,1,0.0008391495794057846,,2018-11-14,,0.432
8HK17SKH,0,0,,,,Censored No Alarm,0,0,0,0,0,1,0.029099976643919945,,2018-11-14,,0.432
8HK17SWH,0,0,,,,Censored No Alarm,0,0,0,0,0,1,0.0009648050181567669,,2018-11-14,,0.432
8HK17SYH,0,0,,,,Censored No Alarm,0,0,0,0,0,1,0.12735338509082794,,2018-11-14,,0.432
8HK19K9H,0,0,,,,Censored No Alarm,0,0,0,0,0,1,0.0012776940129697323,,2018-11-14,,0.432
8HK19KVH,0,0,,,,Censored No Alarm,0,0,0,0,0,1,0.0009492392418906093,,2018-11-14,,0.432
8HK1KY3H,0,0,,,,Censored No Alarm,0,0,0,0,0,1,0.0007812302792444825,,2018-11-14,,0.432
8HK1LYPH,0,0,,,,Censored No Alarm,0,0,0,0,0,1,0.0012504106853157282,,2018-11-14,,0.432
8HK1N18H,0,0,,,,Censored No Alarm,0,0,0,0,0,1,0.0010085535468533635,,2018-11-14,,0.432
8HK1PV7H,0,0,,,,Censored No Alarm,0,0,0,0,0,1,0.0009647512342780828,,2018-11-14,,0.432
8HK1UULH,0,0,,,,Censored No Alarm,0,0,0,0,0,1,0.0010461300844326615,,2018-11-14,,0.432
8HK1XAAH,1,0,,2021-10-24,,Missed,0,0,0,0,1,0,0.0005909717292524874,,2018-11-14,,0.432
8HK224GH,0,0,,,,Censored No Alarm,0,0,0,0,0,1,0.0009492392418906093,,2018-11-14,,0.432
8HK25XSH,0,0,,,,Censored No Alarm,0,0,0,0,0,1,0.0010508052073419094,,2018-11-14,,0.432
8HK266WH,0,0,,,,Censored No Alarm,0,0,0,0,0,1,0.018494753167033195,,2018-11-14,,0.432
8HK28TJH,0,0,,,,Censored No Alarm,0,0,0,0,0,1,0.0013660567346960306,,2018-11-14,,0.432
8HK28Y0H,0,0,,,,Censored No Alarm,0,0,0,0,0,1,0.0007940427167341113,,2018-11-14,,0.432
8HK2A1EH,0,0,,,,Censored No Alarm,0,0,0,0,0,1,0.0011738752946257591,,2019-06-01,,0.432
8HK2BA6H,0,0,,,,Censored No Alarm,0,0,0,0,0,1,0.0007859006873331964,,2018-11-14,,0.432
8HK2BAEH,0,0,,,,Censored No Alarm,0,0,0,0,0,1,0.0009492392418906093,,2018-11-14,,0.432
8HK2DVKH,0,0,,,,Censored No Alarm,0,0,0,0,0,1,0.0007668768521398306,,2018-11-14,,0.432
8HK2JXUH,0,0,,,,Censored No Alarm,0,0,0,0,0,1,0.0007367046782746911,,2019-03-28,,0.432
8HK2KY6H,0,0,,,,Censored No Alarm,0,0,0,0,0,1,0.01708279550075531,,2018-11-14,,0.432
8HK2MXPH,0,0,,,,Censored No Alarm,0,0,0,0,0,1,0.001207229564897716,,2018-11-14,,0.432
8HK2RMWH,0,0,,,,Censored No Alarm,0,0,0,0,0,1,0.009598739445209503,,2018-11-14,,0.432
8HK2RNWH,0,0,,,,Censored No Alarm,0,0,0,0,0,1,0.0007812302792444825,,2018-11-14,,0.432
8HK2RP9H,0,0,,,,Censored No Alarm,0,0,0,0,0,1,0.001207229564897716,,2018-11-14,,0.432
8HK2VLMH,0,0,,,,Censored No Alarm,0,0,0,0,0,1,0.0012674761237576604,,2018-11-14,,0.432
8HK2X4YH,0,0,,,,Censored No Alarm,0,0,0,0,0,1,0.0010228786850348115,,2018-11-14,,0.432
8HK2ZPDH,0,0,,,,Censored No Alarm,0,0,0,0,0,1,0.0007637659437023103,,2019-05-04,,0.432
8HK2ZT1H,0,0,,,,Censored No Alarm,0,0,0,0,0,1,0.0008049641037359834,,2018-11-14,,0.432
8HK31WMH,0,0,,,,Censored No Alarm,0,0,0,0,0,1,0.001132338191382587,,2019-05-04,,0.432
8HK31Y8H,0,0,,,,Censored No Alarm,0,0,0,0,0,1,0.002553976606577635,,2018-11-14,,0.432
8HK341ZH,0,0,,,,Censored No Alarm,0,0,0,0,0,1,0.0011270311661064625,,2018-11-14,,0.432
8HK34EZH,0,0,,,,Censored No Alarm,0,0,0,0,0,1,0.0013034268049523234,,2018-11-14,,0.432
8HK3BWZH,0,0,,,,Censored No Alarm,0,0,0,0,0,1,0.001123436028137803,,2018-11-14,,0.432
8HK3GTLH,0,0,,,,Censored No Alarm,0,0,0,0,0,1,0.016059650108218193,,2018-11-14,,0.432
8HK3GUXH,0,0,,,,Censored No Alarm,0,0,0,0,0,1,0.0007210744079202414,,2018-11-14,,0.432
8HK3MMSH,0,0,,,,Censored No Alarm,0,0,0,0,0,1,0.0011259082239121199,,2018-11-14,,0.432
8HK3NG2H,0,0,,,,Censored No Alarm,0,0,0,0,0,1,0.01505586039274931,,2018-11-14,,0.432
8HK3NJMH,0,0,,,,Censored No Alarm,0,0,0,0,0,1,0.0008499482646584511,,2018-11-14,,0.432
8HK41HEH,0,0,,,,Censored No Alarm,0,0,0,0,0,1,0.0009062652825377882,,2018-11-14,,0.432
8HK69BMH,0,0,,,,Censored No Alarm,0,0,0,0,0,1,0.0033856153022497892,,2019-03-01,,0.432
8HK6T2AH,0,0,,,,Censored No Alarm,0,0,0,0,0,1,0.0016419633757323027,,2018-11-14,,0.432
8HK6TL7H,0,0,,,,Censored No Alarm,0,0,0,0,0,1,0.0007917896145954728,,2018-11-14,,0.432
8HK6UUDH,0,0,,,,Censored No Alarm,0,0,0,0,0,1,0.0007701368303969502,,2019-03-28,,0.432
8HK6V14H,0,0,,,,Censored No Alarm,0,0,0,0,0,1,0.0010903691872954369,,2018-11-14,,0.432
8HK6VSKH,1,1,2024-03-06,2024-03-10,4.0,On time,1,0,0,0,0,0,0.7159568071365356,0.48189231753349304,2018-11-14,1939.0,0.432
8HK70X7H,0,0,,,,Censored No Alarm,0,0,0,0,0,1,0.0010846354998648167,,2018-11-14,,0.432
8HK7194H,0,0,,,,Censored No Alarm,0,0,0,0,0,1,0.0010846354998648167,,2018-11-14,,0.432
8HK72J0H,0,0,,,,Censored No Alarm,0,0,0,0,0,1,0.0012662834487855434,,2018-11-14,,0.432
8HK7DKMH,0,0,,,,Censored No Alarm,0,0,0,0,0,1,0.0007620560354553163,,2019-03-02,,0.432
8HK7E5DH,0,0,,,,Censored No Alarm,0,0,0,0,0,1,0.0010483803926035762,,2018-11-14,,0.432
8HK7E68H,0,0,,,,Censored No Alarm,0,0,0,0,0,1,0.0007812302792444825,,2018-11-14,,0.432
8HK7H58H,0,0,,,,Censored No Alarm,0,0,0,0,0,1,0.0009781449334695935,,2018-11-14,,0.432
8HK80P1H,0,0,,,,Censored No Alarm,0,0,0,0,0,1,0.031218672171235085,,2019-01-05,,0.432
8HKB2WEH,0,0,,,,Censored No Alarm,0,0,0,0,0,1,0.11198573559522629,,2019-01-05,,0.432
8HKB3M2H,0,0,,,,Censored No Alarm,0,0,0,0,0,1,0.0005993450758978724,,2019-01-05,,0.432
8HKB4R4H,0,0,,,,Censored No Alarm,0,0,0,0,0,1,0.0005589962238445878,,2019-05-04,,0.432
8HKBBKKH,0,0,,,,Censored No Alarm,0,0,0,0,0,1,0.02599352039396763,,2018-11-14,,0.432
8HKBYNVH,0,0,,,,Censored No Alarm,0,0,0,0,0,1,0.0006400280981324613,,2019-05-04,,0.432
8HKE039H,0,0,,,,Censored No Alarm,0,0,0,0,0,1,0.018562858924269676,,2018-11-14,,0.432
8HKE6E1H,0,0,,,,Censored No Alarm,0,0,0,0,0,1,0.0007683848380111158,,2019-01-05,,0.432
8HKE8S7H,0,0,,,,Censored No Alarm,0,0,0,0,0,1,0.3592911660671234,,2019-01-05,,0.432
8HKEAWEH,0,0,,,,Censored No Alarm,0,0,0,0,0,1,0.0014891379978507757,,2019-06-01,,0.432
8HKEKYRH,0,0,,,,Censored No Alarm,0,0,0,0,0,1,0.0011257934384047985,,2019-06-01,,0.432
8HKG0GWH,0,0,,,,Censored No Alarm,0,0,0,0,0,1,0.0005590964574366808,,2019-01-05,,0.432
8HKHPZHH,0,0,,,,Censored No Alarm,0,0,0,0,0,1,0.0008708647219464183,,2019-06-01,,0.432
8HKJ4MAH,0,0,,,,Censored No Alarm,0,0,0,0,0,1,0.0007087417761795223,,2019-03-01,,0.432
8HKJ5KDH,1,0,,2025-06-29,,Missed,0,0,0,0,1,0,0.0010502528166398406,,2018-11-14,,0.432
8HKL6STH,0,0,,,,Censored No Alarm,0,0,0,0,0,1,0.0010941863292828202,,2019-03-02,,0.432
8HKLRUSH,0,1,2025-10-07,,,Censored Early,0,0,1,1,0,0,0.4717927873134613,0.4717927873134613,2019-03-01,2412.0,0.432
8HKM415H,0,0,,,,Censored No Alarm,0,0,0,0,0,1,0.0005754269659519196,,2019-03-01,,0.432
8HKM5RVH,0,0,,,,Censored No Alarm,0,0,0,0,0,1,0.0007649890030734241,,2019-03-28,,0.432
8HKM654H,0,0,,,,Censored No Alarm,0,0,0,0,0,1,0.0011451718164607882,,2019-03-28,,0.432
8HKM9Z1H,0,0,,,,Censored No Alarm,0,0,0,0,0,1,0.000666754087433219,,2019-03-28,,0.432
8HKMR21H,1,1,2020-08-25,2020-09-02,8.0,On time,1,0,0,0,0,0,0.49640271067619324,0.48440712690353394,2019-03-28,516.0,0.432
8HKNMW1H,0,0,,,,Censored No Alarm,0,0,0,0,0,1,0.0005589962238445878,,2019-05-04,,0.432
8HKNN28H,0,0,,,,Censored No Alarm,0,0,0,0,0,1,0.03416351601481438,,2019-06-01,,0.432
8HKPM7RH,0,0,,,,Censored No Alarm,0,0,0,0,0,1,0.0006956741563044488,,2019-03-02,,0.432
8HKPZY9H,1,0,,2024-08-13,,Missed,0,0,0,0,1,0,0.05059157684445381,,2019-03-28,,0.432
8HKRER2H,0,0,,,,Censored No Alarm,0,0,0,0,0,1,0.002959730103611946,,2019-06-01,,0.432
8HKS4X3H,0,1,2020-09-08,,,Censored Early,0,0,1,1,0,0,0.8250965476036072,0.533502459526062,2019-03-02,556.0,0.432
8HKTBA3H,1,0,,2024-09-22,,Missed,0,0,0,0,1,0,0.29519519209861755,,2019-03-01,,0.432
8HKTE54H,0,0,,,,Censored No Alarm,0,0,0,0,0,1,0.0007701368303969502,,2019-03-01,,0.432
8HKTH2SH,1,0,,2023-11-27,,Missed,0,0,0,0,1,0,0.03739187866449356,,2019-03-01,,0.432
8HKTK0XH,0,0,,,,Censored No Alarm,0,0,0,0,0,1,0.0006342001142911613,,2019-01-05,,0.432
8HKU0DXH,0,0,,,,Censored No Alarm,0,0,0,0,0,1,0.0020101622212678194,,2019-03-01,,0.432
8HKU3YTH,1,1,2024-05-06,2024-07-13,68.0,Early,0,1,0,1,0,0,0.4693343937397003,0.4693343937397003,2019-03-01,1893.0,0.432
8HKU4WXH,0,0,,,,Censored No Alarm,0,0,0,0,0,1,0.08878158777952194,,2019-01-05,,0.432
8HKUEJHH,1,0,,2025-04-25,,Missed,0,0,0,0,1,0,0.004540444351732731,,2019-03-28,,0.432
8HKVW60H,0,0,,,,Censored No Alarm,0,0,0,0,0,1,0.005094381980597973,,2019-03-28,,0.432
8HKW4NPH,0,0,,,,Censored No Alarm,0,0,0,0,0,1,0.0008536144159734249,,2019-06-01,,0.432
8HKWV1GH,0,0,,,,Censored No Alarm,0,0,0,0,0,1,0.0056449430994689465,,2019-01-05,,0.432
8HKWXJYH,0,0,,,,Censored No Alarm,0,0,0,0,0,1,0.001132338191382587,,2019-03-28,,0.432
8HKY0KHH,1,0,,2024-05-14,,Missed,0,0,0,0,1,0,0.060484934598207474,,2019-03-01,,0.432
8HKY66PH,0,0,,,,Censored No Alarm,0,0,0,0,0,1,0.0009728613076731563,,2019-03-01,,0.432
8HKYJ38H,0,0,,,,Censored No Alarm,0,0,0,0,0,1,0.0007711906800977886,,2019-03-28,,0.432
8HKYZ6YH,0,0,,,,Censored No Alarm,0,0,0,0,0,1,0.0007065227255225182,,2019-03-28,,0.432
8HKZ213H,0,0,,,,Censored No Alarm,0,0,0,0,0,1,0.0005547793698497117,,2019-01-05,,0.432
8HKZDBRH,0,0,,,,Censored No Alarm,0,0,0,0,0,1,0.0012747426517307758,,2019-06-01,,0.432
8HKZL75H,0,0,,,,Censored No Alarm,0,0,0,0,0,1,0.024296555668115616,,2019-05-04,,0.432
AAG0EXPH,0,0,,,,Censored No Alarm,0,0,0,0,0,1,0.0005517117097042501,,2019-01-05,,0.432
AAG0LHRH,0,0,,,,Censored No Alarm,0,0,0,0,0,1,0.0007649890030734241,,2019-01-05,,0.432
AAG121VH,0,0,,,,Censored No Alarm,0,0,0,0,0,1,0.00853604543954134,,2019-03-01,,0.432
AAG16VPH,0,0,,,,Censored No Alarm,0,0,0,0,0,1,0.0033451570197939873,,2019-01-05,,0.432
AAG18L0H,0,0,,,,Censored No Alarm,0,0,0,0,0,1,0.0008123322040773928,,2019-03-28,,0.432
AAG18MEH,0,0,,,,Censored No Alarm,0,0,0,0,0,1,0.0008553307270631194,,2019-03-01,,0.432
AAG197UH,0,0,,,,Censored No Alarm,0,0,0,0,0,1,0.0011738752946257591,,2019-06-01,,0.432
AAG1LSNH,1,0,,2025-07-30,,Missed,0,0,0,0,1,0,0.4008275866508484,,2019-01-05,,0.432
AAG1LSVH,0,0,,,,Censored No Alarm,0,0,0,0,0,1,0.006913629360496998,,2019-01-05,,0.432
AAG1LW3H,1,1,2024-08-17,2024-09-03,17.0,On time,1,0,0,0,0,0,0.6000045537948608,0.6000045537948608,2019-01-05,2051.0,0.432
AAG1PLVH,0,0,,,,Censored No Alarm,0,0,0,0,0,1,0.0007701368303969502,,2019-03-28,,0.432
AAG1PM9H,0,0,,,,Censored No Alarm,0,0,0,0,0,1,0.000583709217607975,,2019-03-28,,0.432
AAG1RJAH,0,0,,,,Censored No Alarm,0,0,0,0,0,1,0.08324887603521347,,2019-03-28,,0.432
AAG1RK5H,0,0,,,,Censored No Alarm,0,0,0,0,0,1,0.0005782297812402248,,2019-01-05,,0.432
AAG1RR9H,0,0,,,,Censored No Alarm,0,0,0,0,0,1,0.0006856977706775069,,2019-03-28,,0.432
AAG1RUJH,0,0,,,,Censored No Alarm,0,0,0,0,0,1,0.0008467831066809595,,2019-03-28,,0.432
AAG1TGGH,0,0,,,,Censored No Alarm,0,0,0,0,0,1,0.0007671560742892325,,2019-01-05,,0.432
AAG1VJYH,0,0,,,,Censored No Alarm,0,0,0,0,0,1,0.0014203928876668215,,2019-03-28,,0.432
AAG1VNPH,0,0,,,,Censored No Alarm,0,0,0,0,0,1,0.0004940064973197877,,2019-01-05,,0.432
AAG1Z4AH,0,0,,,,Censored No Alarm,0,0,0,0,0,1,0.02956068515777588,,2019-08-13,,0.432
AAG23A2H,0,0,,,,Censored No Alarm,0,0,0,0,0,1,0.287730872631073,,2019-01-05,,0.432
AAG23AKH,0,0,,,,Censored No Alarm,0,0,0,0,0,1,0.00068995903711766,,2019-01-05,,0.432
AAG23AVH,0,0,,,,Censored No Alarm,0,0,0,0,0,1,0.0007701368303969502,,2019-03-28,,0.432
AAG246TH,0,0,,,,Censored No Alarm,0,0,0,0,0,1,0.0009639991330914199,,2019-06-01,,0.432
AAG24UVH,0,0,,,,Censored No Alarm,0,0,0,0,0,1,0.0005506956367753446,,2019-01-05,,0.432
AAG24VXH,0,0,,,,Censored No Alarm,0,0,0,0,0,1,0.0005993450758978724,,2019-01-05,,0.432
AAG26NBH,1,0,,2023-10-19,,Missed,0,0,0,0,1,0,0.16251932084560394,,2019-03-28,,0.432
AAG26TPH,0,0,,,,Censored No Alarm,0,0,0,0,0,1,0.1934753805398941,,2019-03-28,,0.432
AAG26U9H,1,0,,2023-01-26,,Missed,0,0,0,0,1,0,0.07504403591156006,,2019-06-01,,0.432
AAG27VEH,0,0,,,,Censored No Alarm,0,0,0,0,0,1,0.0007671560742892325,,2019-03-28,,0.432
AAG27W2H,0,0,,,,Censored No Alarm,0,0,0,0,0,1,0.006841736380010843,,2019-03-01,,0.432
AAG27XPH,1,0,,2025-10-06,,Missed,0,0,0,0,1,0,0.021826094016432762,,2019-03-28,,0.432
AAG27ZLH,0,0,,,,Censored No Alarm,0,0,0,0,0,1,0.0009492392418906093,,2019-03-28,,0.432
AAG281TH,1,0,,2024-07-25,,Missed,0,0,0,0,1,0,0.08762979507446289,,2019-01-05,,0.432
AAG2GGJH,0,0,,,,Censored No Alarm,0,0,0,0,0,1,0.0014665164053440094,,2019-06-01,,0.432
AAG2JGJH,1,0,,2026-02-10,,Missed,0,0,0,0,1,0,0.013327178545296192,,2019-06-01,,0.432
AAG2JL4H,0,0,,,,Censored No Alarm,0,0,0,0,0,1,0.0005237233126536012,,2019-01-05,,0.432
AAG2RZJH,0,0,,,,Censored No Alarm,0,0,0,0,0,1,0.0005929130711592734,,2019-03-28,,0.432
AAG2S62H,0,0,,,,Censored No Alarm,0,0,0,0,0,1,0.0007649890030734241,,2019-03-28,,0.432
AAG2S9YH,0,0,,,,Censored No Alarm,0,0,0,0,0,1,0.0007747569470666349,,2019-06-01,,0.432
AAG2SAYH,0,0,,,,Censored No Alarm,0,0,0,0,0,1,0.0007753928657621145,,2019-08-14,,0.432
AAG2SJ3H,0,0,,,,Censored No Alarm,0,0,0,0,0,1,0.0010984903201460838,,2019-08-13,,0.432
AAG2VSVH,0,0,,,,Censored No Alarm,0,0,0,0,0,1,0.0007701368303969502,,2019-03-28,,0.432
AAG2Y6JH,0,0,,,,Censored No Alarm,0,0,0,0,0,1,0.0008110478520393372,,2019-03-28,,0.432
AAG2Z67H,0,0,,,,Censored No Alarm,0,0,0,0,0,1,0.0007753928657621145,,2019-06-01,,0.432
AAG2ZU1H,0,0,,,,Censored No Alarm,0,0,0,0,0,1,0.0008348635165020823,,2019-06-01,,0.432
AAG305AH,0,0,,,,Censored No Alarm,0,0,0,0,0,1,0.0008708647219464183,,2019-06-01,,0.432
AAG306GH,0,0,,,,Censored No Alarm,0,0,0,0,0,1,0.013362602330744267,,2019-01-05,,0.432
AAG34Z4H,0,0,,,,Censored No Alarm,0,0,0,0,0,1,0.0006342001142911613,,2019-01-05,,0.432
AAG350BH,0,0,,,,Censored No Alarm,0,0,0,0,0,1,0.02043168991804123,,2019-03-28,,0.432
AAG350TH,0,0,,,,Censored No Alarm,0,0,0,0,0,1,0.0012435538228601217,,2019-03-28,,0.432
AAG3512H,0,0,,,,Censored No Alarm,0,0,0,0,0,1,0.000573424797039479,,2019-03-28,,0.432
AAG352AH,0,0,,,,Censored No Alarm,0,0,0,0,0,1,0.0014665164053440094,,2019-06-01,,0.432
AAG353EH,0,0,,,,Censored No Alarm,0,0,0,0,0,1,0.0005506956367753446,,2019-01-05,,0.432
AAG35LWH,0,1,2024-12-20,,,Censored Early,0,0,1,1,0,0,0.44224315881729126,0.43532344698905945,2019-01-05,2176.0,0.432
AAG401PH,0,0,,,,Censored No Alarm,0,0,0,0,0,1,0.0007637659437023103,,2019-01-05,,0.432
AAG46YHH,0,0,,,,Censored No Alarm,0,0,0,0,0,1,0.0015894488897174597,,2019-03-28,,0.432
AAG477BH,0,0,,,,Censored No Alarm,0,0,0,0,0,1,0.0005365434917621315,,2019-01-05,,0.432
AAG478DH,0,0,,,,Censored No Alarm,0,0,0,0,0,1,0.0011861699167639017,,2019-03-28,,0.432
AAG48B3H,0,0,,,,Censored No Alarm,0,0,0,0,0,1,0.0019176213536411524,,2019-03-02,,0.432
AAG4AA9H,0,0,,,,Censored No Alarm,0,0,0,0,0,1,0.07365041971206665,,2019-03-01,,0.432
AAG4VESH,0,1,2024-06-10,,,Censored Early,0,0,1,1,0,0,0.6199875473976135,0.4890875220298767,2019-03-01,1928.0,0.432
AAG4Z4YH,0,0,,,,Censored No Alarm,0,0,0,0,0,1,0.00835537537932396,,2019-03-01,,0.432
AAG4Z52H,0,0,,,,Censored No Alarm,0,0,0,0,0,1,0.0010045599192380905,,2019-03-02,,0.432
AAG4Z5AH,1,0,,2025-03-14,,Missed,0,0,0,0,1,0,0.3040997087955475,,2019-01-05,,0.432
AAG4ZABH,0,0,,,,Censored No Alarm,0,0,0,0,0,1,0.0009728613076731563,,2019-03-01,,0.432
AAG51RHH,0,0,,,,Censored No Alarm,0,0,0,0,0,1,0.0005638155853375793,,2019-01-05,,0.432
AAG540GH,0,0,,,,Censored No Alarm,0,0,0,0,0,1,0.0007701368303969502,,2019-03-28,,0.432
AAG5DTTH,0,0,,,,Censored No Alarm,0,0,0,0,0,1,0.0016925353556871414,,2019-03-28,,0.432
AAG5Y4DH,0,0,,,,Censored No Alarm,0,0,0,0,0,1,0.0007488328265026212,,2019-01-05,,0.432
AAG5Y4LH,0,0,,,,Censored No Alarm,0,0,0,0,0,1,0.018419690430164337,,2019-01-05,,0.432
AAG5Y4TH,0,0,,,,Censored No Alarm,0,0,0,0,0,1,0.023691538721323013,,2019-01-05,,0.432
AAG5Y4UH,0,0,,,,Censored No Alarm,0,0,0,0,0,1,0.0005459305830299854,,2019-01-05,,0.432
AAG5Y5UH,0,0,,,,Censored No Alarm,0,0,0,0,0,1,0.01820327341556549,,2019-01-05,,0.432
AAG5YJ4H,0,0,,,,Censored No Alarm,0,0,0,0,0,1,0.00519139226526022,,2019-03-28,,0.432
AAG5YLKH,0,0,,,,Censored No Alarm,0,0,0,0,0,1,0.0012544110650196671,,2019-03-01,,0.432
AAG5YYBH,0,0,,,,Censored No Alarm,0,0,0,0,0,1,0.0007750826189294457,,2019-01-05,,0.432
AAG5YYKH,1,1,2025-07-17,2025-09-30,75.0,Early,0,1,0,1,0,0,0.5780670046806335,0.5533725619316101,2019-01-05,2385.0,0.432
AAG5YZ8H,0,0,,,,Censored No Alarm,0,0,0,0,0,1,0.0007065227255225182,,2019-03-28,,0.432
AAG5YZZH,1,0,,2025-07-30,,Missed,0,0,0,0,1,0,0.4156815707683563,,2019-03-02,,0.432
AAG613MH,0,0,,,,Censored No Alarm,0,0,0,0,0,1,0.0004628959868568927,,2019-01-05,,0.432
AAG613RH,1,0,,2025-06-06,,Missed,0,0,0,0,1,0,0.004736215807497501,,2019-01-05,,0.432
AAG61KPH,0,0,,,,Censored No Alarm,0,0,0,0,0,1,0.005169280804693699,,2019-03-28,,0.432
AAG61LHH,1,1,2024-05-09,2024-05-17,8.0,On time,1,0,0,0,0,0,0.6356886029243469,0.618057906627655,2019-03-01,1896.0,0.432
AAG61NEH,0,0,,,,Censored No Alarm,0,0,0,0,0,1,0.009355933405458927,,2019-01-05,,0.432
AAG61NZH,0,0,,,,Censored No Alarm,0,0,0,0,0,1,0.04241185262799263,,2019-03-28,,0.432
AAG61P2H,0,0,,,,Censored No Alarm,0,0,0,0,0,1,0.0007701368303969502,,2019-03-01,,0.432
AAG61UMH,0,0,,,,Censored No Alarm,0,0,0,0,0,1,0.016195613890886307,,2019-01-05,,0.432
AAG61WRH,0,0,,,,Censored No Alarm,0,0,0,0,0,1,0.0005760042113251984,,2019-03-01,,0.432
AAG61Z1H,0,0,,,,Censored No Alarm,0,0,0,0,0,1,0.0006074630655348301,,2019-01-05,,0.432
AAG61ZAH,0,0,,,,Censored No Alarm,0,0,0,0,0,1,0.0007671896601095796,,2019-03-01,,0.432
AAG620PH,0,0,,,,Censored No Alarm,0,0,0,0,0,1,0.0007065227255225182,,2019-03-28,,0.432
AAG621WH,0,0,,,,Censored No Alarm,0,0,0,0,0,1,0.0011825698893517256,,2019-01-05,,0.432
AAG623DH,0,0,,,,Censored No Alarm,0,0,0,0,0,1,0.002297496423125267,,2019-01-05,,0.432
AAG6376H,0,0,,,,Censored No Alarm,0,0,0,0,0,1,0.014005443081259727,,2019-03-28,,0.432
AAG637RH,1,0,,2022-05-21,,Missed,0,0,0,0,1,0,0.0004140714881941676,,2019-01-05,,0.432
AAG6381H,0,0,,,,Censored No Alarm,0,0,0,0,0,1,0.0006314165075309575,,2019-01-05,,0.432
AAG638GH,0,0,,,,Censored No Alarm,0,0,0,0,0,1,0.0005235555581748486,,2019-01-05,,0.432
AAG639BH,0,0,,,,Censored No Alarm,0,0,0,0,0,1,0.009418954141438007,,2019-01-05,,0.432
AAG63DLH,0,0,,,,Censored No Alarm,0,0,0,0,0,1,0.0008880824316293001,,2019-03-28,,0.432
AAG63JSH,0,0,,,,Censored No Alarm,0,0,0,0,0,1,0.0012939126463606954,,2019-03-02,,0.432
AAG63PJH,0,0,,,,Censored No Alarm,0,0,0,0,0,1,0.000584352994337678,,2019-03-28,,0.432
AAG63PKH,1,0,,2022-05-22,,Missed,0,0,0,0,1,0,0.07370181381702423,,2019-03-01,,0.432
AAG63PLH,0,0,,,,Censored No Alarm,0,0,0,0,0,1,0.0013794262195006013,,2019-03-01,,0.432
AAG63RGH,0,0,,,,Censored No Alarm,0,0,0,0,0,1,0.0007701368303969502,,2019-03-01,,0.432
AAG63TMH,1,1,2024-09-29,2025-09-02,338.0,Early,0,1,0,1,0,0,0.6824126243591309,0.439938485622406,2019-03-02,2038.0,0.432
AAG63TSH,0,0,,,,Censored No Alarm,0,0,0,0,0,1,0.0014461687533184886,,2019-03-28,,0.432
AAG63V6H,0,0,,,,Censored No Alarm,0,0,0,0,0,1,0.03314798325300217,,2019-03-28,,0.432
AAG63WHH,1,0,,2025-11-30,,Missed,0,0,0,0,1,0,0.3284687399864197,,2019-01-05,,0.432
AAG63Z8H,1,0,,2025-09-28,,Missed,0,0,0,0,1,0,0.4233500361442566,,2019-03-01,,0.432
AAG6417H,1,1,2024-03-24,2024-06-06,74.0,Early,0,1,0,1,0,0,0.5319026708602905,0.5142526030540466,2019-03-01,1850.0,0.432
AAG6436H,0,0,,,,Censored No Alarm,0,0,0,0,0,1,0.000828716903924942,,2019-06-01,,0.432
AAG64VXH,0,0,,,,Censored No Alarm,0,0,0,0,0,1,0.033506277948617935,,2019-01-05,,0.432
AAG6509H,0,0,,,,Censored No Alarm,0,0,0,0,0,1,0.0007065227255225182,,2019-03-28,,0.432
AAG67UZH,0,0,,,,Censored No Alarm,0,0,0,0,0,1,0.013525084592401981,,2019-03-28,,0.432
AAG67V3H,1,0,,2025-06-20,,Missed,0,0,0,0,1,0,0.3401663899421692,,2019-03-01,,0.432
AAG67VBH,0,0,,,,Censored No Alarm,0,0,0,0,0,1,0.0034173016902059317,,2019-03-28,,0.432
AAG67W3H,0,0,,,,Censored No Alarm,0,0,0,0,0,1,0.0005847073625773191,,2019-03-01,,0.432
AAG67Z8H,0,0,,,,Censored No Alarm,0,0,0,0,0,1,0.0011738752946257591,,2019-06-01,,0.432
AAG682YH,1,1,2020-02-29,2024-07-04,1587.0,Early,0,1,0,1,0,0,0.6230642199516296,0.4467540979385376,2019-03-28,338.0,0.432
AAG683JH,0,0,,,,Censored No Alarm,0,0,0,0,0,1,0.0011898704105988145,,2019-03-01,,0.432
AAG686GH,0,0,,,,Censored No Alarm,0,0,0,0,0,1,0.0008977301185950637,,2019-03-02,,0.432
AAG6870H,0,0,,,,Censored No Alarm,0,0,0,0,0,1,0.0028274930082261562,,2019-01-05,,0.432
AAG6878H,0,0,,,,Censored No Alarm,0,0,0,0,0,1,0.00562150776386261,,2019-01-05,,0.432
AAG687GH,0,0,,,,Censored No Alarm,0,0,0,0,0,1,0.0011952645145356655,,2019-03-01,,0.432
AAG687MH,0,0,,,,Censored No Alarm,0,0,0,0,0,1,0.0006187882972881198,,2019-03-28,,0.432
AAG68AGH,0,0,,,,Censored No Alarm,0,0,0,0,0,1,0.0006490987725555897,,2019-06-01,,0.432
AAG68AKH,0,1,2019-12-29,,,Censored Early,0,0,1,1,0,0,0.5689840912818909,0.5689840912818909,2019-03-02,302.0,0.432
AAG68AUH,0,0,,,,Censored No Alarm,0,0,0,0,0,1,0.0007855214644223452,,2019-01-05,,0.432
AAG68AXH,0,0,,,,Censored No Alarm,0,0,0,0,0,1,0.0007750826189294457,,2019-03-28,,0.432
AAG68BRH,0,1,2025-07-10,,,Censored Early,0,0,1,1,0,0,0.5016018152236938,0.45385414361953735,2019-01-05,2378.0,0.432
AAG68EWH,1,0,,2023-04-01,,Missed,0,0,0,0,1,0,0.10109629482030869,,2019-01-05,,0.432
AAG68EXH,1,0,,2024-06-19,,Missed,0,0,0,0,1,0,0.056211020797491074,,2019-01-05,,0.432
AAG68KVH,0,0,,,,Censored No Alarm,0,0,0,0,0,1,0.0011880691163241863,,2019-01-05,,0.432
AAG691PH,0,0,,,,Censored No Alarm,0,0,0,0,0,1,0.001236568670719862,,2019-06-01,,0.432
AAG691VH,0,0,,,,Censored No Alarm,0,0,0,0,0,1,0.04366590455174446,,2019-01-05,,0.432
AAG69LHH,0,0,,,,Censored No Alarm,0,0,0,0,0,1,0.0006490987725555897,,2019-06-01,,0.432
AAG69TTH,0,0,,,,Censored No Alarm,0,0,0,0,0,1,0.0007259998819790781,,2019-03-01,,0.432
AAG69WWH,0,0,,,,Censored No Alarm,0,0,0,0,0,1,0.0007046785322017968,,2019-01-05,,0.432
AAG69YWH,0,0,,,,Censored No Alarm,0,0,0,0,0,1,0.0010846354998648167,,2019-03-02,,0.432
AAG6A03H,0,0,,,,Censored No Alarm,0,0,0,0,0,1,0.0009192400611937046,,2019-03-02,,0.432
AAG6A07H,0,0,,,,Censored No Alarm,0,0,0,0,0,1,0.0022037075832486153,,2019-03-01,,0.432
AAG6A0AH,0,0,,,,Censored No Alarm,0,0,0,0,0,1,0.0007649890030734241,,2019-01-05,,0.432
AAG6AATH,0,0,,,,Censored No Alarm,0,0,0,0,0,1,0.0007046443060971797,,2019-06-01,,0.432
AAG6AV4H,0,0,,,,Censored No Alarm,0,0,0,0,0,1,0.0008812550804577768,,2019-03-01,,0.432
AAG6AWTH,1,0,,2024-07-08,,Missed,0,0,0,0,1,0,0.13316170871257782,,2019-03-28,,0.432
AAG6AX6H,0,0,,,,Censored No Alarm,0,0,0,0,0,1,0.0023663851898163557,,2019-03-28,,0.432
AAG6B4HH,0,0,,,,Censored No Alarm,0,0,0,0,0,1,0.0007701368303969502,,2019-03-28,,0.432
AAG6B5KH,0,0,,,,Censored No Alarm,0,0,0,0,0,1,0.01033259928226471,,2019-03-28,,0.432
AAG6DT9H,1,0,,2019-04-25,,Missed,0,0,0,0,1,0,0.0007620560354553163,,2019-03-01,,0.432
AAG6DVEH,0,0,,,,Censored No Alarm,0,0,0,0,0,1,0.011147912591695786,,2019-03-01,,0.432
AAG6DXTH,0,0,,,,Censored No Alarm,0,0,0,0,0,1,0.16976459324359894,,2019-01-05,,0.432
AAG6E2HH,0,0,,,,Censored No Alarm,0,0,0,0,0,1,0.002371945884078741,,2019-03-28,,0.432
AAG6E60H,0,0,,,,Censored No Alarm,0,0,0,0,0,1,0.0051395040936768055,,2019-03-01,,0.432
AAG6E7EH,0,0,,,,Censored No Alarm,0,0,0,0,0,1,0.0006124331848695874,,2019-03-28,,0.432
AAG6E7RH,0,0,,,,Censored No Alarm,0,0,0,0,0,1,0.0010937923798337579,,2019-03-02,,0.432
AAG6ESPH,0,0,,,,Censored No Alarm,0,0,0,0,0,1,0.0012601424241438508,,2019-01-05,,0.432
AAG6EVRH,0,0,,,,Censored No Alarm,0,0,0,0,0,1,0.0005236698780208826,,2019-01-05,,0.432
AAG6EX3H,0,0,,,,Censored No Alarm,0,0,0,0,0,1,0.0006423527374863625,,2019-01-05,,0.432
AAG6GM1H,0,0,,,,Censored No Alarm,0,0,0,0,0,1,0.000584352994337678,,2019-03-28,,0.432
AAG6H25H,0,0,,,,Censored No Alarm,0,0,0,0,0,1,0.0009004470775835216,,2019-03-01,,0.432
AAG6HG0H,0,0,,,,Censored No Alarm,0,0,0,0,0,1,0.0007254894590005279,,2019-03-01,,0.432
AAG6HSEH,0,0,,,,Censored No Alarm,0,0,0,0,0,1,0.0006956741563044488,,2019-03-02,,0.432
AAG6HYXH,0,0,,,,Censored No Alarm,0,0,0,0,0,1,0.001186929875984788,,2019-03-02,,0.432
AAG6J1MH,0,0,,,,Censored No Alarm,0,0,0,0,0,1,0.0007502035005018115,,2019-01-05,,0.432
AAG6J1TH,1,0,,2025-10-07,,Missed,0,0,0,0,1,0,0.3069990873336792,,2019-03-01,,0.432
AAG6J2DH,1,0,,2024-01-03,,Missed,0,0,0,0,1,0,0.05994429811835289,,2019-03-28,,0.432
AAG6J2KH,1,1,2023-03-22,2023-10-19,211.0,Early,0,1,0,1,0,0,0.5181306004524231,0.4705304801464081,2019-01-05,1537.0,0.432
AAG6KJ6H,0,0,,,,Censored No Alarm,0,0,0,0,0,1,0.0007730503566563129,,2019-03-28,,0.432
AAG6KJPH,0,0,,,,Censored No Alarm,0,0,0,0,0,1,0.0007894803420640528,,2019-03-28,,0.432
AAG6KTJH,0,0,,,,Censored No Alarm,0,0,0,0,0,1,0.0006956741563044488,,2019-03-02,,0.432
AAG6KTRH,0,0,,,,Censored No Alarm,0,0,0,0,0,1,0.0005547793698497117,,2019-01-05,,0.432
AAG6KUAH,0,0,,,,Censored No Alarm,0,0,0,0,0,1,0.40975889563560486,,2019-01-05,,0.432
AAG6KUJH,0,0,,,,Censored No Alarm,0,0,0,0,0,1,0.0007701368303969502,,2019-03-01,,0.432
AAG6KV6H,1,0,,2021-11-27,,Missed,0,0,0,0,1,0,0.0086800092831254,,2019-03-01,,0.432
AAG6L88H,0,0,,,,Censored No Alarm,0,0,0,0,0,1,0.0005763535154983401,,2019-03-28,,0.432
AAG6L8VH,0,0,,,,Censored No Alarm,0,0,0,0,0,1,0.3373871147632599,,2019-03-28,,0.432
AAG6LD7H,1,0,,2025-06-16,,Missed,0,0,0,0,1,0,0.029595762491226196,,2019-03-01,,0.432
AAG6LDTH,0,0,,,,Censored No Alarm,0,0,0,0,0,1,0.0014882214600220323,,2019-03-28,,0.432
AAG6LEHH,0,0,,,,Censored No Alarm,0,0,0,0,0,1,0.0006852542283013463,,2019-03-01,,0.432
AAG6LEJH,0,0,,,,Censored No Alarm,0,0,0,0,0,1,0.0006852542283013463,,2019-03-01,,0.432
AAG6LG9H,0,0,,,,Censored No Alarm,0,0,0,0,0,1,0.0007518102065660059,,2019-01-05,,0.432
AAG6LTSH,0,0,,,,Censored No Alarm,0,0,0,0,0,1,0.0008192549576051533,,2019-03-01,,0.432
AAG6M3BH,0,0,,,,Censored No Alarm,0,0,0,0,0,1,0.001967150019481778,,2019-03-02,,0.432
AAG6M8TH,0,0,,,,Censored No Alarm,0,0,0,0,0,1,0.0005833585746586323,,2019-01-05,,0.432
AAG6MABH,0,0,,,,Censored No Alarm,0,0,0,0,0,1,0.0007649890030734241,,2019-05-04,,0.432
AAG6NEEH,0,0,,,,Censored No Alarm,0,0,0,0,0,1,0.0007065227255225182,,2019-03-28,,0.432
AAG6NP0H,1,1,2024-05-29,2024-09-22,116.0,Early,0,1,0,1,0,0,0.5358867049217224,0.5358867049217224,2019-03-01,1916.0,0.432
AAG6NPRH,1,0,,2026-03-12,,Missed,0,0,0,0,1,0,0.4017898142337799,,2019-03-01,,0.432
AAG6NRBH,1,0,,2024-07-11,,Missed,0,0,0,0,1,0,0.2760738134384155,,2019-03-28,,0.432
AAG6NRZH,0,0,,,,Censored No Alarm,0,0,0,0,0,1,0.0008880824316293001,,2019-03-28,,0.432
AAG6NS8H,0,0,,,,Censored No Alarm,0,0,0,0,0,1,0.4189860224723816,,2019-03-28,,0.432
AAG6NSKH,0,0,,,,Censored No Alarm,0,0,0,0,0,1,0.31476521492004395,,2019-01-05,,0.432
AAG6NVKH,0,0,,,,Censored No Alarm,0,0,0,0,0,1,0.0007649890030734241,,2019-01-05,,0.432
AAG6NW3H,0,0,,,,Censored No Alarm,0,0,0,0,0,1,0.0012747426517307758,,2019-06-01,,0.432
AAG6P40H,0,0,,,,Censored No Alarm,0,0,0,0,0,1,0.0005984035087749362,,2019-01-05,,0.432
AAG6P42H,0,0,,,,Censored No Alarm,0,0,0,0,0,1,0.000584352994337678,,2019-03-01,,0.432
AAG6P4EH,0,0,,,,Censored No Alarm,0,0,0,0,0,1,0.000584352994337678,,2019-03-28,,0.432
AAG6P9AH,0,0,,,,Censored No Alarm,0,0,0,0,0,1,0.0005478955572471023,,2019-03-01,,0.432
AAG6PWBH,0,0,,,,Censored No Alarm,0,0,0,0,0,1,0.0007620560354553163,,2019-03-02,,0.432
AAG6PY2H,0,0,,,,Censored No Alarm,0,0,0,0,0,1,0.0005365434917621315,,2019-01-05,,0.432
AAG6PYLH,0,0,,,,Censored No Alarm,0,0,0,0,0,1,0.0007219750550575554,,2019-06-01,,0.432
AAG6R0AH,0,0,,,,Censored No Alarm,0,0,0,0,0,1,0.0007651413907296956,,2019-06-01,,0.432
AAG6R2RH,0,0,,,,Censored No Alarm,0,0,0,0,0,1,0.0007518359925597906,,2019-03-01,,0.432
AAG6R32H,0,0,,,,Censored No Alarm,0,0,0,0,0,1,0.0008740461198613048,,2019-03-01,,0.432
AAG6R48H,0,0,,,,Censored No Alarm,0,0,0,0,0,1,0.0006580128683708608,,2019-03-28,,0.432
AAG6R8UH,0,0,,,,Censored No Alarm,0,0,0,0,0,1,0.0007065227255225182,,2019-03-28,,0.432
AAG6T4ZH,0,0,,,,Censored No Alarm,0,0,0,0,0,1,0.0008623098838143051,,2019-03-28,,0.432
AAG6T52H,1,0,,2023-06-10,,Missed,0,0,0,0,1,0,0.001359716639854014,,2019-06-01,,0.432
AAG6T55H,0,0,,,,Censored No Alarm,0,0,0,0,0,1,0.0011476966319605708,,2019-06-01,,0.432
AAG6T5JH,0,0,,,,Censored No Alarm,0,0,0,0,0,1,0.0016563342651352286,,2019-05-16,,0.432
AAG6T7LH,0,0,,,,Censored No Alarm,0,0,0,0,0,1,0.0009281468810513616,,2019-03-01,,0.432
AAG6T9NH,0,0,,,,Censored No Alarm,0,0,0,0,0,1,0.0006761057302355766,,2019-06-01,,0.432
AAG6TA8H,0,0,,,,Censored No Alarm,0,0,0,0,0,1,0.0006074630655348301,,2019-01-05,,0.432
AAG6TAHH,0,0,,,,Censored No Alarm,0,0,0,0,0,1,0.000819520850200206,,2019-06-01,,0.432
AAG6TAKH,0,0,,,,Censored No Alarm,0,0,0,0,0,1,0.0008024563430808485,,2019-06-01,,0.432
AAG6TBBH,0,0,,,,Censored No Alarm,0,0,0,0,0,1,0.0006856977706775069,,2019-03-28,,0.432
AAG6TBJH,0,0,,,,Censored No Alarm,0,0,0,0,0,1,0.0007649890030734241,,2019-01-05,,0.432
AAG6THHH,0,0,,,,Censored No Alarm,0,0,0,0,0,1,0.0007454440928995609,,2019-06-01,,0.432
AAG6THJH,0,0,,,,Censored No Alarm,0,0,0,0,0,1,0.0008133278461173177,,2019-06-01,,0.432
AAG6THLH,0,0,,,,Censored No Alarm,0,0,0,0,0,1,0.0006400280981324613,,2019-05-04,,0.432
AAG6TRKH,0,0,,,,Censored No Alarm,0,0,0,0,0,1,0.0007711906800977886,,2019-05-04,,0.432
AAG6TS8H,0,0,,,,Censored No Alarm,0,0,0,0,0,1,0.022063277661800385,,2019-06-01,,0.432
AAG6TSUH,0,0,,,,Censored No Alarm,0,0,0,0,0,1,0.0006580128683708608,,2019-03-28,,0.432
AAG6TT1H,0,0,,,,Censored No Alarm,0,0,0,0,0,1,0.0008499482646584511,,2019-05-16,,0.432
AAG6TT9H,0,0,,,,Censored No Alarm,0,0,0,0,0,1,0.001451378921046853,,2019-03-28,,0.432
AAG6TTNH,0,0,,,,Censored No Alarm,0,0,0,0,0,1,0.0007649890030734241,,2019-01-05,,0.432
AAG6TUVH,0,0,,,,Censored No Alarm,0,0,0,0,0,1,0.0008419400546699762,,2019-06-01,,0.432
AAG6TVPH,0,0,,,,Censored No Alarm,0,0,0,0,0,1,0.0007649890030734241,,2019-03-28,,0.432
AAG6TY4H,0,0,,,,Censored No Alarm,0,0,0,0,0,1,0.011065457947552204,,2019-06-01,,0.432
AAG6U5AH,0,0,,,,Censored No Alarm,0,0,0,0,0,1,0.0008524935110472143,,2019-03-01,,0.432
AAG6UKNH,0,0,,,,Censored No Alarm,0,0,0,0,0,1,0.001593647408299148,,2019-03-28,,0.432
AAG6UMGH,0,0,,,,Censored No Alarm,0,0,0,0,0,1,0.0005365434917621315,,2019-01-05,,0.432
AAG6UMJH,0,0,,,,Censored No Alarm,0,0,0,0,0,1,0.0033974340185523033,,2019-01-05,,0.432
AAG6UNKH,0,0,,,,Censored No Alarm,0,0,0,0,0,1,0.059106212109327316,,2019-06-01,,0.432
AAG6US4H,0,0,,,,Censored No Alarm,0,0,0,0,0,1,0.000838589679915458,,2019-03-01,,0.432
AAG6UT0H,0,0,,,,Censored No Alarm,0,0,0,0,0,1,0.0011257934384047985,,2019-06-01,,0.432
AAG6UU8H,0,0,,,,Censored No Alarm,0,0,0,0,0,1,0.023187192156910896,,2019-01-05,,0.432
AAG6UZTH,0,0,,,,Censored No Alarm,0,0,0,0,0,1,0.0007637659437023103,,2019-03-28,,0.432
AAG6V1MH,0,0,,,,Censored No Alarm,0,0,0,0,0,1,0.01033259928226471,,2019-03-28,,0.432
AAG6V71H,0,0,,,,Censored No Alarm,0,0,0,0,0,1,0.0007610458415001631,,2019-03-01,,0.432
AAG6V7DH,0,0,,,,Censored No Alarm,0,0,0,0,0,1,0.0007701368303969502,,2019-03-01,,0.432
AAG6V7VH,0,0,,,,Censored No Alarm,0,0,0,0,0,1,0.0006852542283013463,,2019-03-01,,0.432
AAG6VHXH,0,0,,,,Censored No Alarm,0,0,0,0,0,1,0.0034469899255782366,,2019-06-01,,0.432
AAG6VJKH,0,0,,,,Censored No Alarm,0,0,0,0,0,1,0.0007649890030734241,,2019-03-28,,0.432
AAG6VM8H,0,0,,,,Censored No Alarm,0,0,0,0,0,1,0.0007681059069000185,,2019-03-28,,0.432
AAG6VMBH,0,0,,,,Censored No Alarm,0,0,0,0,0,1,0.0007701368303969502,,2019-03-01,,0.432
AAG6VMGH,0,0,,,,Censored No Alarm,0,0,0,0,0,1,0.0007701368303969502,,2019-03-01,,0.432
AAG6X6JH,0,0,,,,Censored No Alarm,0,0,0,0,0,1,0.0014951271004974842,,2019-03-28,,0.432
AAG6XU7H,1,1,2019-06-30,2020-05-23,328.0,Early,0,1,0,1,0,0,0.8847438097000122,0.8847438097000122,2019-05-04,57.0,0.432
AAG6XWGH,0,0,,,,Censored No Alarm,0,0,0,0,0,1,0.0008980574202723801,,2019-03-01,,0.432
AAG6XWJH,1,0,,2025-04-04,,Missed,0,0,0,0,1,0,0.39888548851013184,,2019-03-28,,0.432
AAG6XXWH,0,0,,,,Censored No Alarm,0,0,0,0,0,1,0.0007671560742892325,,2019-01-05,,0.432
AAG6XYBH,0,0,,,,Censored No Alarm,0,0,0,0,0,1,0.0007454440928995609,,2019-06-01,,0.432
AAG6XYNH,0,0,,,,Censored No Alarm,0,0,0,0,0,1,0.0014665164053440094,,2019-06-01,,0.432
AAG6XZ6H,0,0,,,,Censored No Alarm,0,0,0,0,0,1,0.000584352994337678,,2019-03-28,,0.432
AAG6XZNH,0,0,,,,Censored No Alarm,0,0,0,0,0,1,0.0016394733684137464,,2019-06-01,,0.432
AAG6Y0GH,0,0,,,,Censored No Alarm,0,0,0,0,0,1,0.0030904263257980347,,2019-03-01,,0.432
AAG6Y0KH,0,0,,,,Censored No Alarm,0,0,0,0,0,1,0.001148589071817696,,2019-01-05,,0.432
AAG6Y1BH,0,0,,,,Censored No Alarm,0,0,0,0,0,1,0.0018045754404738545,,2019-03-02,,0.432
AAG6Y3LH,0,0,,,,Censored No Alarm,0,0,0,0,0,1,0.003693704027682543,,2019-03-28,,0.432
AAG6Y3UH,0,0,,,,Censored No Alarm,0,0,0,0,0,1,0.000773727719206363,,2019-06-01,,0.432
AAG6Y41H,0,0,,,,Censored No Alarm,0,0,0,0,0,1,0.0006098813028074801,,2019-01-05,,0.432
AAG6Y46H,0,0,,,,Censored No Alarm,0,0,0,0,0,1,0.014527179300785065,,2019-06-01,,0.432
AAG6YZ1H,0,0,,,,Censored No Alarm,0,0,0,0,0,1,0.009886682033538818,,2019-03-28,,0.432
AAG6YZ9H,0,0,,,,Censored No Alarm,0,0,0,0,0,1,0.0005511619383469224,,2019-01-05,,0.432
AAG6Z0DH,0,0,,,,Censored No Alarm,0,0,0,0,0,1,0.02834170311689377,,2019-01-05,,0.432
AAG6Z17H,0,0,,,,Censored No Alarm,0,0,0,0,0,1,0.0014665164053440094,,2019-06-01,,0.432
AAG6Z1MH,0,0,,,,Censored No Alarm,0,0,0,0,0,1,0.0010589385638013482,,2019-03-01,,0.432
AAG6Z1XH,0,0,,,,Censored No Alarm,0,0,0,0,0,1,0.000965716375503689,,2019-03-01,,0.432
AAG6Z2DH,0,0,,,,Censored No Alarm,0,0,0,0,0,1,0.0012416696408763528,,2019-03-01,,0.432
AAG6Z2RH,0,0,,,,Censored No Alarm,0,0,0,0,0,1,0.001356063992716372,,2019-06-01,,0.432
AAG6Z42H,1,1,2024-10-18,2024-11-24,37.0,Early,0,1,0,1,0,0,0.46924203634262085,0.46924203634262085,2019-01-05,2113.0,0.432
AAG6Z4VH,0,0,,,,Censored No Alarm,0,0,0,0,0,1,0.02573631890118122,,2019-03-01,,0.432
AAG6Z53H,0,0,,,,Censored No Alarm,0,0,0,0,0,1,0.0007649890030734241,,2019-05-16,,0.432
AAG6ZJ9H,0,0,,,,Censored No Alarm,0,0,0,0,0,1,0.001065223477780819,,2019-03-01,,0.432
AAG705GH,0,0,,,,Censored No Alarm,0,0,0,0,0,1,0.0012910830555483699,,2019-03-01,,0.432
AAG7078H,0,0,,,,Censored No Alarm,0,0,0,0,0,1,0.026370210573077202,,2019-05-04,,0.432
AAG70HDH,0,0,,,,Censored No Alarm,0,0,0,0,0,1,0.0006469881045632064,,2019-01-05,,0.432
AAG70JEH,0,0,,,,Censored No Alarm,0,0,0,0,0,1,0.008298921398818493,,2019-06-01,,0.432
AAG70U9H,0,0,,,,Censored No Alarm,0,0,0,0,0,1,0.010455056093633175,,2019-01-05,,0.432
AAG73ZWH,0,0,,,,Censored No Alarm,0,0,0,0,0,1,0.0018045754404738545,,2019-01-05,,0.432
AAG73ZZH,0,0,,,,Censored No Alarm,0,0,0,0,0,1,0.0007399606402032077,,2019-03-28,,0.432
AAG740EH,0,0,,,,Censored No Alarm,0,0,0,0,0,1,0.0007649890030734241,,2019-01-05,,0.432
AAG740NH,0,0,,,,Censored No Alarm,0,0,0,0,0,1,0.000746820354834199,,2019-06-01,,0.432
AAG740WH,0,0,,,,Censored No Alarm,0,0,0,0,0,1,0.0006580128683708608,,2019-03-01,,0.432
AAG740YH,0,0,,,,Censored No Alarm,0,0,0,0,0,1,0.0007681059069000185,,2019-03-28,,0.432
AAG741PH,0,0,,,,Censored No Alarm,0,0,0,0,0,1,0.0007620560354553163,,2019-03-28,,0.432
AAG742EH,0,0,,,,Censored No Alarm,0,0,0,0,0,1,0.0017866946291178465,,2019-03-28,,0.432
AAG742JH,0,0,,,,Censored No Alarm,0,0,0,0,0,1,0.008450072258710861,,2019-06-01,,0.432
AAG742WH,0,0,,,,Censored No Alarm,0,0,0,0,0,1,0.030841436237096786,,2019-01-05,,0.432
AAG7431H,0,0,,,,Censored No Alarm,0,0,0,0,0,1,0.003270549001172185,,2019-01-05,,0.432
AAG743EH,0,0,,,,Censored No Alarm,0,0,0,0,0,1,0.0006490987725555897,,2019-06-01,,0.432
AAG743UH,0,0,,,,Censored No Alarm,0,0,0,0,0,1,0.0007649890030734241,,2019-01-05,,0.432
AAG743VH,0,0,,,,Censored No Alarm,0,0,0,0,0,1,0.023646768182516098,,2019-01-05,,0.432
AAG7454H,0,0,,,,Censored No Alarm,0,0,0,0,0,1,0.0007367046782746911,,2019-03-28,,0.432
AAG74DKH,0,0,,,,Censored No Alarm,0,0,0,0,0,1,0.0006400280981324613,,2019-05-04,,0.432
AAG74EAH,1,0,,2025-07-27,,Missed,0,0,0,0,1,0,0.35161322355270386,,2019-05-04,,0.432
AAG74EBH,0,0,,,,Censored No Alarm,0,0,0,0,0,1,0.0009492392418906093,,2019-03-28,,0.432
AAG74EYH,0,0,,,,Censored No Alarm,0,0,0,0,0,1,0.0011738752946257591,,2019-06-01,,0.432
AAG74EZH,0,0,,,,Censored No Alarm,0,0,0,0,0,1,0.001359716639854014,,2019-06-01,,0.432
AAG74VHH,0,0,,,,Censored No Alarm,0,0,0,0,0,1,0.0027995212003588676,,2019-03-01,,0.432
AAG74WRH,0,0,,,,Censored No Alarm,0,0,0,0,0,1,0.000773727719206363,,2019-06-01,,0.432
AAG76HYH,1,1,2021-08-31,2021-09-29,29.0,On time,1,0,0,0,0,0,0.5411154627799988,0.5411154627799988,2019-03-02,913.0,0.432
AAG77A5H,0,0,,,,Censored No Alarm,0,0,0,0,0,1,0.002387427492067218,,2019-06-01,,0.432
AAG799NH,0,0,,,,Censored No Alarm,0,0,0,0,0,1,0.0007371622486971319,,2019-03-02,,0.432
AAG79B0H,0,0,,,,Censored No Alarm,0,0,0,0,0,1,0.0007701368303969502,,2019-03-28,,0.432
AAG7A8EH,0,0,,,,Censored No Alarm,0,0,0,0,0,1,0.0010883641662076116,,2019-06-01,,0.432
AAG7A9KH,0,0,,,,Censored No Alarm,0,0,0,0,0,1,0.0006073660915717483,,2019-01-05,,0.432
AAG7ADMH,0,0,,,,Censored No Alarm,0,0,0,0,0,1,0.0007649890030734241,,2019-05-16,,0.432
AAG7AGWH,0,0,,,,Censored No Alarm,0,0,0,0,0,1,0.0005296285962685943,,2019-05-04,,0.432
AAG7AHMH,0,0,,,,Censored No Alarm,0,0,0,0,0,1,0.000746820354834199,,2019-06-01,,0.432
AAG7BP3H,0,0,,,,Censored No Alarm,0,0,0,0,0,1,0.00141776236705482,,2019-06-01,,0.432
AAG7BPKH,0,0,,,,Censored No Alarm,0,0,0,0,0,1,0.0020623852033168077,,2019-06-01,,0.432
AAG7BRGH,0,0,,,,Censored No Alarm,0,0,0,0,0,1,0.011353864334523678,,2019-01-05,,0.432
AAG7BS8H,0,0,,,,Censored No Alarm,0,0,0,0,0,1,0.0013922839425504208,,2019-03-01,,0.432
AAG7BWAH,0,0,,,,Censored No Alarm,0,0,0,0,0,1,0.0007065227255225182,,2019-03-28,,0.432
AAG7D1SH,0,0,,,,Censored No Alarm,0,0,0,0,0,1,0.00141776236705482,,2019-06-01,,0.432
AAG7D29H,0,0,,,,Censored No Alarm,0,0,0,0,0,1,0.0007649890030734241,,2019-03-28,,0.432
AAG7D2PH,0,0,,,,Censored No Alarm,0,0,0,0,0,1,0.001359716639854014,,2019-06-01,,0.432
AAG7D48H,0,0,,,,Censored No Alarm,0,0,0,0,0,1,0.0007651413907296956,,2019-06-01,,0.432
AAG7D4DH,0,0,,,,Censored No Alarm,0,0,0,0,0,1,0.0009281468810513616,,2019-03-01,,0.432
AAG7D85H,0,0,,,,Censored No Alarm,0,0,0,0,0,1,0.023763440549373627,,2019-06-01,,0.432
AAG7DPYH,0,0,,,,Censored No Alarm,0,0,0,0,0,1,0.0008444592240266502,,2019-03-01,,0.432
AAG7DRDH,0,0,,,,Censored No Alarm,0,0,0,0,0,1,0.0005478955572471023,,2019-03-01,,0.432
AAG7DS9H,0,0,,,,Censored No Alarm,0,0,0,0,0,1,0.016690455377101898,,2019-03-01,,0.432
AAG7DW0H,0,0,,,,Censored No Alarm,0,0,0,0,0,1,0.0005589962238445878,,2019-05-04,,0.432
AAG7E1MH,0,0,,,,Censored No Alarm,0,0,0,0,0,1,0.0007701368303969502,,2019-03-01,,0.432
AAG7E1PH,0,0,,,,Censored No Alarm,0,0,0,0,0,1,0.011353864334523678,,2019-01-05,,0.432
AAG7E2HH,0,0,,,,Censored No Alarm,0,0,0,0,0,1,0.0008391495794057846,,2019-03-02,,0.432
AAG7LG4H,0,0,,,,Censored No Alarm,0,0,0,0,0,1,0.0009020056459121406,,2019-03-01,,0.432
AAG7LG7H,0,0,,,,Censored No Alarm,0,0,0,0,0,1,0.0008126612519845366,,2019-05-16,,0.432
AAG7LHYH,0,0,,,,Censored No Alarm,0,0,0,0,0,1,0.0007701368303969502,,2019-03-28,,0.432
AAG7LNAH,0,0,,,,Censored No Alarm,0,0,0,0,0,1,0.001359716639854014,,2019-06-01,,0.432
AAG7LSWH,0,0,,,,Censored No Alarm,0,0,0,0,0,1,0.0006017363630235195,,2019-01-05,,0.432
AAG7LTHH,1,1,2024-07-29,2024-07-29,0.0,On time,1,0,0,0,0,0,0.500780463218689,0.500780463218689,2019-03-28,1950.0,0.432
AAG7LZEH,0,0,,,,Censored No Alarm,0,0,0,0,0,1,0.0018101671012118459,,2019-03-02,,0.432
AAG7M25H,0,0,,,,Censored No Alarm,0,0,0,0,0,1,0.0014665164053440094,,2019-06-01,,0.432
AAG7M3NH,0,0,,,,Censored No Alarm,0,0,0,0,0,1,0.000773727719206363,,2019-06-01,,0.432
AAG7M3TH,0,0,,,,Censored No Alarm,0,0,0,0,0,1,0.001018232200294733,,2019-03-28,,0.432
AAG7MMDH,0,0,,,,Censored No Alarm,0,0,0,0,0,1,0.0007871602429077029,,2019-05-16,,0.432
AAG7MP8H,0,0,,,,Censored No Alarm,0,0,0,0,0,1,0.000773122941609472,,2019-06-01,,0.432
AAG7MULH,1,1,2024-12-04,2026-03-13,464.0,Early,0,1,0,1,0,0,0.4444580078125,0.4444580078125,2019-03-02,2104.0,0.432
AAG7MUNH,0,0,,,,Censored No Alarm,0,0,0,0,0,1,0.006136460229754448,,2019-06-01,,0.432
AAG7MVMH,0,0,,,,Censored No Alarm,0,0,0,0,0,1,0.0010126179549843073,,2019-03-02,,0.432
AAG7N3ZH,0,0,,,,Censored No Alarm,0,0,0,0,0,1,0.0007701368303969502,,2019-03-28,,0.432
AAG7N5WH,0,0,,,,Censored No Alarm,0,0,0,0,0,1,0.0007625242578797042,,2019-03-28,,0.432
AAG7N62H,0,0,,,,Censored No Alarm,0,0,0,0,0,1,0.0014214800903573632,,2019-06-01,,0.432
AAG7N63H,0,0,,,,Censored No Alarm,0,0,0,0,0,1,0.003779318183660507,,2019-03-28,,0.432
AAG7N6MH,0,0,,,,Censored No Alarm,0,0,0,0,0,1,0.0007649890030734241,,2019-05-04,,0.432
AAG7PPHH,1,0,,2025-10-28,,Missed,0,0,0,0,1,0,0.3000122606754303,,2019-03-02,,0.432
AAG7R02H,0,0,,,,Censored No Alarm,0,0,0,0,0,1,0.004614655394107103,,2019-06-01,,0.432
AAG7R5VH,0,0,,,,Censored No Alarm,0,0,0,0,0,1,0.0014665164053440094,,2019-06-01,,0.432
AAG7R93H,0,0,,,,Censored No Alarm,0,0,0,0,0,1,0.000828716903924942,,2019-06-01,,0.432
AAG7RA1H,0,0,,,,Censored No Alarm,0,0,0,0,0,1,0.0005366852274164557,,2019-01-05,,0.432
AAG7RAMH,0,0,,,,Censored No Alarm,0,0,0,0,0,1,0.0012544110650196671,,2019-03-02,,0.432
AAG7RBDH,0,0,,,,Censored No Alarm,0,0,0,0,0,1,0.0005589962238445878,,2019-05-04,,0.432
AAG90D8H,0,0,,,,Censored No Alarm,0,0,0,0,0,1,0.0232327189296484,,2019-05-04,,0.432
AAG9VK6H,0,0,,,,Censored No Alarm,0,0,0,0,0,1,0.0012773624621331692,,2019-03-02,,0.432
AAGA4YNH,0,0,,,,Censored No Alarm,0,0,0,0,0,1,0.0011257934384047985,,2019-06-01,,0.432
AAGA7W1H,1,0,,2023-04-11,,Missed,0,0,0,0,1,0,0.07737959176301956,,2019-03-01,,0.432
AAGA9E3H,0,0,,,,Censored No Alarm,0,0,0,0,0,1,0.0013151097809895873,,2019-05-04,,0.432
AAGH3VWH,0,0,,,,Censored No Alarm,0,0,0,0,0,1,0.0007185887661762536,,2019-05-27,,0.432
AAGMU4TH,0,0,,,,Censored No Alarm,0,0,0,0,0,1,0.0005893183406442404,,2019-05-04,,0.432
AAGN9D2H,1,0,,2023-09-17,,Missed,0,0,0,0,1,0,0.0056755561381578445,,2019-05-04,,0.432
AAGP62KH,0,0,,,,Censored No Alarm,0,0,0,0,0,1,0.0008594855316914618,,2019-06-01,,0.432
AAGUS87H,0,0,,,,Censored No Alarm,0,0,0,0,0,1,0.006907925475388765,,2019-08-14,,0.432
AAGVX4UH,0,0,,,,Censored No Alarm,0,0,0,0,0,1,0.0006297513609752059,,2019-05-04,,0.432
AAGWTB0H,0,0,,,,Censored No Alarm,0,0,0,0,0,1,0.3980667293071747,,2019-06-01,,0.432
AAGXDBZH,0,0,,,,Censored No Alarm,0,0,0,0,0,1,0.16626086831092834,,2019-05-16,,0.432
AAGXLP2H,0,0,,,,Censored No Alarm,0,0,0,0,0,1,0.000746820354834199,,2019-06-01,,0.432
AAGXMJSH,0,0,,,,Censored No Alarm,0,0,0,0,0,1,0.0005876743234694004,,2019-05-04,,0.432
AAGXU8YH,0,0,,,,Censored No Alarm,0,0,0,0,0,1,0.0011683495249599218,,2019-05-16,,0.432
AAGXUBRH,0,0,,,,Censored No Alarm,0,0,0,0,0,1,0.0011669063242152333,,2019-05-04,,0.432
AAGXV97H,0,0,,,,Censored No Alarm,0,0,0,0,0,1,0.002054972341284156,,2024-03-13,,0.432
AAGXW8VH,0,0,,,,Censored No Alarm,0,0,0,0,0,1,0.0028943822253495455,,2019-08-14,,0.432
AAGXWUWH,0,0,,,,Censored No Alarm,0,0,0,0,0,1,0.0008110478520393372,,2019-05-04,,0.432
AAGXY3MH,1,0,,2025-04-09,,Missed,0,0,0,0,1,0,0.01695057563483715,,2019-05-16,,0.432
AAH22T7H,0,0,,,,Censored No Alarm,0,0,0,0,0,1,0.04818108677864075,,2019-05-04,,0.432
AAH4NTGH,0,0,,,,Censored No Alarm,0,0,0,0,0,1,0.0005589962238445878,,2019-05-04,,0.432
AAH6DU2H,0,1,2025-04-17,,,Censored Early,0,0,1,1,0,0,0.6733169555664062,0.5134664177894592,2019-08-14,2073.0,0.432
AAH78SAH,0,0,,,,Censored No Alarm,0,0,0,0,0,1,0.0006297513609752059,,2019-05-04,,0.432
AAH7HJSH,0,0,,,,Censored No Alarm,0,0,0,0,0,1,0.0009733889019116759,,2019-05-04,,0.432
AAH7HKHH,0,0,,,,Censored No Alarm,0,0,0,0,0,1,0.0008527413010597229,,2019-05-04,,0.432
AAH7HNDH,0,0,,,,Censored No Alarm,0,0,0,0,0,1,0.0007637659437023103,,2019-05-04,,0.432
AAH7X19H,0,0,,,,Censored No Alarm,0,0,0,0,0,1,0.0007560073281638324,,2019-05-04,,0.432
AAH86SEH,0,0,,,,Censored No Alarm,0,0,0,0,0,1,0.001044054632075131,,2019-05-04,,0.432
AAH8BLDH,0,0,,,,Censored No Alarm,0,0,0,0,0,1,0.0009381907293573022,,2019-05-04,,0.432
AAH8HPVH,0,0,,,,Censored No Alarm,0,0,0,0,0,1,0.04993051290512085,,2019-05-04,,0.432
AAH8LPUH,0,0,,,,Censored No Alarm,0,0,0,0,0,1,0.0005589962238445878,,2019-05-04,,0.432
AAH8P7WH,0,0,,,,Censored No Alarm,0,0,0,0,0,1,0.0007871602429077029,,2019-05-27,,0.432
AAH8R0LH,0,0,,,,Censored No Alarm,0,0,0,0,0,1,0.001020577154122293,,2019-05-04,,0.432
AAH8RG4H,0,0,,,,Censored No Alarm,0,0,0,0,0,1,0.000994653208181262,,2019-05-04,,0.432
AAH8V76H,0,0,,,,Censored No Alarm,0,0,0,0,0,1,0.008428107015788555,,2019-05-04,,0.432
AAH8V7KH,0,0,,,,Censored No Alarm,0,0,0,0,0,1,0.0013794635888189077,,2019-05-04,,0.432
AAH90NAH,1,0,,2023-04-19,,Missed,0,0,0,0,1,0,0.030367029830813408,,2019-05-04,,0.432
AAH919BH,0,0,,,,Censored No Alarm,0,0,0,0,0,1,0.001020577154122293,,2019-05-04,,0.432
AAH9285H,0,0,,,,Censored No Alarm,0,0,0,0,0,1,0.0006297513609752059,,2019-05-04,,0.432
AAH92GHH,0,0,,,,Censored No Alarm,0,0,0,0,0,1,0.0007637659437023103,,2019-05-04,,0.432
AAH92HRH,0,0,,,,Censored No Alarm,0,0,0,0,0,1,0.0005970305646769702,,2019-05-04,,0.432
AAH92JGH,0,0,,,,Censored No Alarm,0,0,0,0,0,1,0.0018024250166490674,,2019-05-04,,0.432
AAH92V3H,0,0,,,,Censored No Alarm,0,0,0,0,0,1,0.0006600633496418595,,2019-05-04,,0.432
AAH9301H,1,0,,2023-12-23,,Missed,0,0,0,0,1,0,0.08155503869056702,,2019-05-04,,0.432
AAH9305H,0,0,,,,Censored No Alarm,0,0,0,0,0,1,0.0009492392418906093,,2019-05-04,,0.432
AAH9307H,1,0,,2023-04-09,,Missed,0,0,0,0,1,0,0.008904041722416878,,2019-05-04,,0.432
AAH93MDH,0,0,,,,Censored No Alarm,0,0,0,0,0,1,0.015439274720847607,,2019-05-04,,0.432
AAH93RZH,0,0,,,,Censored No Alarm,0,0,0,0,0,1,0.0026593818329274654,,2019-05-04,,0.432
AAH953TH,0,0,,,,Censored No Alarm,0,0,0,0,0,1,0.0011984554585069418,,2019-05-04,,0.432
AAH9618H,0,0,,,,Censored No Alarm,0,0,0,0,0,1,0.008428107015788555,,2019-05-04,,0.432
AAH9689H,0,0,,,,Censored No Alarm,0,0,0,0,0,1,0.0006047384813427925,,2019-05-04,,0.432
AAH96AUH,0,0,,,,Censored No Alarm,0,0,0,0,0,1,0.17487387359142303,,2019-05-04,,0.432
AAH97BZH,0,1,2025-06-25,,,Censored Early,0,0,1,1,0,0,0.5961745381355286,0.498665452003479,2019-05-04,2244.0,0.432
AAH99PNH,0,0,,,,Censored No Alarm,0,0,0,0,0,1,0.0006600633496418595,,2019-05-04,,0.432
AAH9BERH,0,0,,,,Censored No Alarm,0,0,0,0,0,1,0.007951287552714348,,2019-05-04,,0.432
AAHAS1MH,0,0,,,,Censored No Alarm,0,0,0,0,0,1,0.0006857971311546862,,2019-05-27,,0.432
AAHAS9TH,0,0,,,,Censored No Alarm,0,0,0,0,0,1,0.0007219750550575554,,2019-05-27,,0.432
AAHB6YXH,0,0,,,,Censored No Alarm,0,0,0,0,0,1,0.0012747426517307758,,2019-05-27,,0.432
AAHB8Z9H,0,0,,,,Censored No Alarm,0,0,0,0,0,1,0.0012747426517307758,,2019-05-27,,0.432
AAHBKUHH,0,0,,,,Censored No Alarm,0,0,0,0,0,1,0.0008020749082788825,,2019-05-27,,0.432
AAHD7S9H,0,0,,,,Censored No Alarm,0,0,0,0,0,1,0.0007711906800977886,,2019-05-19,,0.432
AAHDJD5H,0,0,,,,Censored No Alarm,0,0,0,0,0,1,0.0032713261898607016,,2019-05-27,,0.432
AAHDJDSH,0,0,,,,Censored No Alarm,0,0,0,0,0,1,0.0006490987725555897,,2019-05-27,,0.432
AAHDJH3H,0,0,,,,Censored No Alarm,0,0,0,0,0,1,0.0014665164053440094,,2019-05-27,,0.432
AAHDUS5H,0,0,,,,Censored No Alarm,0,0,0,0,0,1,0.0006490987725555897,,2019-05-27,,0.432
AAHDUT6H,0,0,,,,Censored No Alarm,0,0,0,0,0,1,0.00141776236705482,,2019-05-27,,0.432
AAHDYR0H,0,0,,,,Censored No Alarm,0,0,0,0,0,1,0.0011095184599980712,,2019-05-27,,0.432
AAHE23AH,0,0,,,,Censored No Alarm,0,0,0,0,0,1,0.0005896759685128927,,2019-05-27,,0.432
AAHE4SAH,0,0,,,,Censored No Alarm,0,0,0,0,0,1,0.0006490987725555897,,2019-05-27,,0.432
AAHEAGWH,0,0,,,,Censored No Alarm,0,0,0,0,0,1,0.0012747426517307758,,2019-05-27,,0.432
AAHEAHLH,0,0,,,,Censored No Alarm,0,0,0,0,0,1,0.0018544587073847651,,2019-05-27,,0.432
AAHED32H,0,0,,,,Censored No Alarm,0,0,0,0,0,1,0.0008020749082788825,,2019-05-27,,0.432
AAHED3GH,0,0,,,,Censored No Alarm,0,0,0,0,0,1,0.08799340575933456,,2019-05-27,,0.432
AAHED8NH,0,0,,,,Censored No Alarm,0,0,0,0,0,1,0.0008020749082788825,,2019-05-27,,0.432
AAHED98H,0,0,,,,Censored No Alarm,0,0,0,0,0,1,0.0006704636034555733,,2019-05-27,,0.432
AAHEEVKH,0,0,,,,Censored No Alarm,0,0,0,0,0,1,0.0006578824832104146,,2019-05-27,,0.432
AAHEHEEH,0,0,,,,Censored No Alarm,0,0,0,0,0,1,0.0022694815415889025,,2019-05-27,,0.432
AAHEHHMH,0,0,,,,Censored No Alarm,0,0,0,0,0,1,0.0008020749082788825,,2019-05-27,,0.432
AAHEHJ0H,0,0,,,,Censored No Alarm,0,0,0,0,0,1,0.0011257934384047985,,2019-06-01,,0.432
AAHEHJ1H,0,0,,,,Censored No Alarm,0,0,0,0,0,1,0.0006490987725555897,,2019-05-27,,0.432
AAHEHL5H,0,0,,,,Censored No Alarm,0,0,0,0,0,1,0.0016222053673118353,,2019-05-27,,0.432
AAHEHP8H,0,0,,,,Censored No Alarm,0,0,0,0,0,1,0.0010203311685472727,,2019-05-27,,0.432
AAHEHRSH,0,0,,,,Censored No Alarm,0,0,0,0,0,1,0.0014665164053440094,,2019-05-27,,0.432
AAHEHS0H,0,0,,,,Censored No Alarm,0,0,0,0,0,1,0.0005602823221124709,,2019-05-27,,0.432
AAHEHTDH,0,0,,,,Censored No Alarm,0,0,0,0,0,1,0.0007219750550575554,,2019-05-27,,0.432
AAHEHTNH,0,0,,,,Censored No Alarm,0,0,0,0,0,1,0.0007181190885603428,,2019-05-27,,0.432
AAHEHTPH,0,0,,,,Censored No Alarm,0,0,0,0,0,1,0.000704776612110436,,2019-05-27,,0.432
AAHEHVUH,0,0,,,,Censored No Alarm,0,0,0,0,0,1,0.0014766310341656208,,2019-05-27,,0.432
AAHEHY7H,0,0,,,,Censored No Alarm,0,0,0,0,0,1,0.0012747426517307758,,2019-05-27,,0.432
AAHEHZ2H,0,0,,,,Censored No Alarm,0,0,0,0,0,1,0.0006490987725555897,,2019-05-27,,0.432
AAHEHZPH,0,0,,,,Censored No Alarm,0,0,0,0,0,1,0.001359716639854014,,2019-05-27,,0.432
AAHEHZXH,0,0,,,,Censored No Alarm,0,0,0,0,0,1,0.0010203311685472727,,2019-05-27,,0.432
AAHEJ43H,0,0,,,,Censored No Alarm,0,0,0,0,0,1,0.0008319017942994833,,2019-05-27,,0.432
AAHEJ4KH,0,0,,,,Censored No Alarm,0,0,0,0,0,1,0.0006490987725555897,,2019-05-27,,0.432
AAHEJ76H,0,0,,,,Censored No Alarm,0,0,0,0,0,1,0.0006490987725555897,,2019-05-27,,0.432
AAHEJDXH,0,0,,,,Censored No Alarm,0,0,0,0,0,1,0.0014319118345156312,,2019-05-27,,0.432
AAHEJE4H,0,0,,,,Censored No Alarm,0,0,0,0,0,1,0.0027409130707383156,,2019-05-27,,0.432
AAHEJHKH,0,0,,,,Censored No Alarm,0,0,0,0,0,1,0.0006051051896065474,,2019-05-27,,0.432
AAHGYKJH,1,0,,2024-07-24,,Missed,0,0,0,0,1,0,0.009165831841528416,,2019-08-13,,0.432
AAHH59AH,0,0,,,,Censored No Alarm,0,0,0,0,0,1,0.0011527022579684854,,2019-08-14,,0.432
AAHHAXAH,0,0,,,,Censored No Alarm,0,0,0,0,0,1,0.0013965386897325516,,2019-08-13,,0.432
AAHHXJ2H,0,0,,,,Censored No Alarm,0,0,0,0,0,1,0.0036823293194174767,,2019-08-13,,0.432
AAHJG5XH,0,0,,,,Censored No Alarm,0,0,0,0,0,1,0.0011476966319605708,,2019-08-14,,0.432
AAHJP8BH,0,0,,,,Censored No Alarm,0,0,0,0,0,1,0.012411369942128658,,2019-06-01,,0.432
AAHK5PUH,0,0,,,,Censored No Alarm,0,0,0,0,0,1,0.007611543871462345,,2019-06-01,,0.432
AAHK8NRH,0,0,,,,Censored No Alarm,0,0,0,0,0,1,0.000773727719206363,,2019-08-13,,0.432
AAHKERJH,1,0,,2026-01-13,,Missed,0,0,0,0,1,0,0.05253317207098007,,2019-08-13,,0.432
AAHKKR8H,0,0,,,,Censored No Alarm,0,0,0,0,0,1,0.0014665164053440094,,2019-08-14,,0.432
AAHKLDKH,0,0,,,,Censored No Alarm,0,0,0,0,0,1,0.0011257934384047985,,2019-06-01,,0.432
AAHKM55H,1,0,,2025-03-25,,Missed,0,0,0,0,1,0,0.056421056389808655,,2019-08-14,,0.432
AAHKMW2H,1,0,,2022-01-12,,Missed,0,0,0,0,1,0,0.034301791340112686,,2019-06-01,,0.432
AAHKS17H,1,0,,2025-07-07,,Missed,0,0,0,0,1,0,0.2095995992422104,,2019-06-01,,0.432
AAHKWLAH,0,1,2025-03-25,,,Censored Early,0,0,1,1,0,0,0.49150586128234863,0.4361666440963745,2019-08-14,2050.0,0.432
AAHKX43H,1,1,2019-10-04,2019-11-25,52.0,Early,0,1,0,1,0,0,0.6756021976470947,0.6756021976470947,2019-08-14,51.0,0.432
AAHKXKYH,0,0,,,,Censored No Alarm,0,0,0,0,0,1,0.03708329051733017,,2019-08-13,,0.432
AAHKXLYH,0,0,,,,Censored No Alarm,0,0,0,0,0,1,0.0008113751537166536,,2019-08-14,,0.432
AAHKXNHH,0,0,,,,Censored No Alarm,0,0,0,0,0,1,0.03226512670516968,,2019-08-14,,0.432
AAHKXZ7H,0,0,,,,Censored No Alarm,0,0,0,0,0,1,0.0011257934384047985,,2019-08-14,,0.432
AAHKYETH,0,0,,,,Censored No Alarm,0,0,0,0,0,1,0.0008594855316914618,,2019-05-16,,0.432
AAHL0PKH,0,0,,,,Censored No Alarm,0,0,0,0,0,1,0.006582858040928841,,2019-08-13,,0.432
AAHL0TLH,0,0,,,,Censored No Alarm,0,0,0,0,0,1,0.020162515342235565,,2019-06-01,,0.432
AAHL4K8H,0,0,,,,Censored No Alarm,0,0,0,0,0,1,0.004431032110005617,,2019-05-16,,0.432
AAHL5LRH,1,0,,2024-09-01,,Missed,0,0,0,0,1,0,0.20739369094371796,,2019-08-13,,0.432
AAHL9A9H,0,0,,,,Censored No Alarm,0,0,0,0,0,1,0.009414220228791237,,2019-08-13,,0.432
AAHL9XJH,0,0,,,,Censored No Alarm,0,0,0,0,0,1,0.01670193113386631,,2019-08-14,,0.432
AAHL9XLH,0,0,,,,Censored No Alarm,0,0,0,0,0,1,0.0007291460642591119,,2019-08-14,,0.432
AAHL9Y3H,0,0,,,,Censored No Alarm,0,0,0,0,0,1,0.0011257934384047985,,2019-08-14,,0.432
AAHL9YAH,0,0,,,,Censored No Alarm,0,0,0,0,0,1,0.001359716639854014,,2019-08-14,,0.432
AAHL9ZYH,0,0,,,,Censored No Alarm,0,0,0,0,0,1,0.0014665164053440094,,2019-08-14,,0.432
AAHLBTZH,1,0,,2025-07-26,,Missed,0,0,0,0,1,0,0.41058364510536194,,2019-08-14,,0.432
AAHLBWGH,1,0,,2025-08-30,,Missed,0,0,0,0,1,0,0.20738397538661957,,2019-08-14,,0.432
AAHLBWSH,1,0,,2023-12-11,,Missed,0,0,0,0,1,0,0.15861277282238007,,2019-08-13,,0.432
AAHLBXVH,0,0,,,,Censored No Alarm,0,0,0,0,0,1,0.04957298934459686,,2019-08-14,,0.432
AAHLD3UH,1,0,,2025-03-11,,Missed,0,0,0,0,1,0,0.2755946218967438,,2019-08-13,,0.432
AAHLS5JH,0,0,,,,Censored No Alarm,0,0,0,0,0,1,0.0007812302792444825,,2019-05-16,,0.432
AAHLS7ZH,0,0,,,,Censored No Alarm,0,0,0,0,0,1,0.0007620560354553163,,2019-05-16,,0.432
AAHLS8YH,0,0,,,,Censored No Alarm,0,0,0,0,0,1,0.08113904297351837,,2019-05-16,,0.432
AAHLS9UH,0,0,,,,Censored No Alarm,0,0,0,0,0,1,0.0008594855316914618,,2019-05-16,,0.432
AAHLV30H,0,0,,,,Censored No Alarm,0,0,0,0,0,1,0.0005976719548925757,,2019-05-16,,0.432
AAHLV40H,1,0,,2019-08-05,,Missed,0,0,0,0,1,0,0.41262051463127136,,2019-05-16,,0.432
AAHLV47H,0,0,,,,Censored No Alarm,0,0,0,0,0,1,0.0008594855316914618,,2019-05-16,,0.432
AAHLVTVH,0,0,,,,Censored No Alarm,0,0,0,0,0,1,0.0007142253452911973,,2019-05-27,,0.432
AAHLWE3H,0,0,,,,Censored No Alarm,0,0,0,0,0,1,0.0006343264249153435,,2019-05-27,,0.432
AAHLWKXH,0,0,,,,Censored No Alarm,0,0,0,0,0,1,0.0006800249684602022,,2019-05-16,,0.432
AAHLWM3H,0,0,,,,Censored No Alarm,0,0,0,0,0,1,0.000773727719206363,,2019-05-27,,0.432
AAHLXJ1H,0,0,,,,Censored No Alarm,0,0,0,0,0,1,0.006995539180934429,,2019-05-04,,0.432
AAHLXJ9H,0,0,,,,Censored No Alarm,0,0,0,0,0,1,0.0005589962238445878,,2019-05-04,,0.432
AAHLXL5H,0,0,,,,Censored No Alarm,0,0,0,0,0,1,0.0011476966319605708,,2019-08-13,,0.432
AAHLXTXH,0,0,,,,Censored No Alarm,0,0,0,0,0,1,0.03050943650305271,,2019-05-16,,0.432
AAHLY01H,0,0,,,,Censored No Alarm,0,0,0,0,0,1,0.012431222014129162,,2019-05-27,,0.432
AAHLY04H,0,0,,,,Censored No Alarm,0,0,0,0,0,1,0.0006063374457880855,,2019-05-04,,0.432
AAHLY2TH,0,0,,,,Censored No Alarm,0,0,0,0,0,1,0.0008024563430808485,,2019-05-27,,0.432
AAHLY31H,1,1,2024-08-10,2025-07-25,349.0,Early,0,1,0,1,0,0,0.49505358934402466,0.49505358934402466,2019-08-13,1824.0,0.432
AAHLYJRH,0,0,,,,Censored No Alarm,0,0,0,0,0,1,0.0015666629187762737,,2019-05-27,,0.432
AAHLYY6H,0,0,,,,Censored No Alarm,0,0,0,0,0,1,0.001035381224937737,,2019-05-16,,0.432
AAHM227H,0,0,,,,Censored No Alarm,0,0,0,0,0,1,0.0007649890030734241,,2019-08-13,,0.432
AAHM4E6H,0,0,,,,Censored No Alarm,0,0,0,0,0,1,0.000704776612110436,,2019-05-27,,0.432
AAHM4HSH,0,0,,,,Censored No Alarm,0,0,0,0,0,1,0.0005589962238445878,,2019-05-04,,0.432
AAHM4KJH,0,0,,,,Censored No Alarm,0,0,0,0,0,1,0.000670901732519269,,2019-08-13,,0.432
AAHM4S6H,0,0,,,,Censored No Alarm,0,0,0,0,0,1,0.0006297513609752059,,2019-05-04,,0.432
AAHM4S8H,0,0,,,,Censored No Alarm,0,0,0,0,0,1,0.0005589962238445878,,2019-05-04,,0.432
AAHM4SSH,0,0,,,,Censored No Alarm,0,0,0,0,0,1,0.0007671560742892325,,2019-05-04,,0.432
AAHM4T2H,0,0,,,,Censored No Alarm,0,0,0,0,0,1,0.0005589962238445878,,2019-05-04,,0.432
AAHM4T6H,0,0,,,,Censored No Alarm,0,0,0,0,0,1,0.000746820354834199,,2019-08-13,,0.432
AAHM4TRH,0,0,,,,Censored No Alarm,0,0,0,0,0,1,0.0006490987725555897,,2019-08-13,,0.432
AAHM4UYH,0,0,,,,Censored No Alarm,0,0,0,0,0,1,0.000560474582016468,,2019-05-04,,0.432
AAHM4WBH,0,0,,,,Censored No Alarm,0,0,0,0,0,1,0.0006456311093643308,,2019-05-16,,0.432
AAHM4WEH,0,0,,,,Censored No Alarm,0,0,0,0,0,1,0.000560474582016468,,2019-05-04,,0.432
AAHM4XGH,0,0,,,,Censored No Alarm,0,0,0,0,0,1,0.0014665164053440094,,2019-08-14,,0.432
AAHM5Z4H,0,0,,,,Censored No Alarm,0,0,0,0,0,1,0.0006314165075309575,,2019-05-04,,0.432
AAHM5Z9H,0,0,,,,Censored No Alarm,0,0,0,0,0,1,0.0009857185650616884,,2019-05-04,,0.432
AAHM5ZHH,0,0,,,,Censored No Alarm,0,0,0,0,0,1,0.0006400280981324613,,2019-05-04,,0.432
AAHMD6GH,0,0,,,,Censored No Alarm,0,0,0,0,0,1,0.0006703102844767272,,2019-05-04,,0.432
AAHME7KH,0,0,,,,Censored No Alarm,0,0,0,0,0,1,0.006841736380010843,,2019-05-16,,0.432
AAHMGV8H,0,0,,,,Censored No Alarm,0,0,0,0,0,1,0.0006490987725555897,,2019-05-27,,0.432
AAHMH4LH,0,0,,,,Censored No Alarm,0,0,0,0,0,1,0.0006400280981324613,,2019-05-04,,0.432
AAHML65H,0,0,,,,Censored No Alarm,0,0,0,0,0,1,0.0011096405796706676,,2019-05-16,,0.432
AAHMN38H,0,0,,,,Censored No Alarm,0,0,0,0,0,1,0.0007899969932623208,,2019-05-16,,0.432
AAHMR03H,1,0,,2025-11-26,,Missed,0,0,0,0,1,0,0.33746373653411865,,2019-05-16,,0.432
AAHMR2ZH,1,0,,2024-01-31,,Missed,0,0,0,0,1,0,0.00782235898077488,,2019-05-16,,0.432
AAHMSNRH,0,0,,,,Censored No Alarm,0,0,0,0,0,1,0.0007817652658559382,,2019-05-16,,0.432
AAHMUYLH,0,0,,,,Censored No Alarm,0,0,0,0,0,1,0.0010701738065108657,,2019-05-16,,0.432
AAHMW6RH,0,0,,,,Censored No Alarm,0,0,0,0,0,1,0.009252858348190784,,2019-05-16,,0.432
AAHMW7NH,0,0,,,,Censored No Alarm,0,0,0,0,0,1,0.0010604565031826496,,2019-05-16,,0.432
