serial_number,has_failed,alarm_triggered,first_alarm_date,actual_failure_date,days_to_failure_at_alarm,category,is_hit,is_fp_early,is_fp_cens,is_false_alarm,is_miss,is_correct_rejection,max_predicted_score,alarm_predicted_score,first_seen_date,days_since_observed,threshold_used
2AG61PSY,0,0,,,,Censored No Alarm,0,0,0,0,0,1,0.0016335290856659412,,2019-05-27,,0.217
2AG8AVRY,0,0,,,,Censored No Alarm,0,0,0,0,0,1,0.0035375449806451797,,2019-08-14,,0.217
2AGEGU7Y,0,0,,,,Censored No Alarm,0,0,0,0,0,1,0.005490693263709545,,2019-05-27,,0.217
2AGEU1JY,0,1,2025-05-19,,,Censored Early,0,0,1,1,0,0,0.34141018986701965,0.2634001672267914,2019-06-01,2179.0,0.217
2AGG48NY,0,0,,,,Censored No Alarm,0,0,0,0,0,1,0.0007159177912399173,,2019-05-27,,0.217
2AGG7H1Y,0,0,,,,Censored No Alarm,0,0,0,0,0,1,0.0014898520894348621,,2019-05-27,,0.217
2AGGHGJY,1,0,,2024-11-19,,Missed,0,0,0,0,1,0,0.19021831452846527,,2019-05-16,,0.217
2AGGHLEY,0,0,,,,Censored No Alarm,0,0,0,0,0,1,0.004020965192466974,,2019-06-01,,0.217
2AGGHM0Y,0,0,,,,Censored No Alarm,0,0,0,0,0,1,0.0013682342832908034,,2019-05-27,,0.217
2AGGHMUY,0,0,,,,Censored No Alarm,0,0,0,0,0,1,0.0014852116582915187,,2019-05-16,,0.217
2AGGHR1Y,0,0,,,,Censored No Alarm,0,0,0,0,0,1,0.008062186650931835,,2019-05-27,,0.217
2AGGHR7Y,0,0,,,,Censored No Alarm,0,0,0,0,0,1,0.001387078664265573,,2019-05-27,,0.217
2AGGL0UY,1,1,2022-02-26,2022-02-27,1.0,On time,1,0,0,0,0,0,0.5111212134361267,0.3004806637763977,2019-05-27,1006.0,0.217
2AGGR3NY,0,0,,,,Censored No Alarm,0,0,0,0,0,1,0.033424343913793564,,2019-05-27,,0.217
2AGGZNJY,0,0,,,,Censored No Alarm,0,0,0,0,0,1,0.0050719790160655975,,2019-05-27,,0.217
2AGH31BY,1,0,,2023-11-01,,Missed,0,0,0,0,1,0,0.1457120180130005,,2019-05-27,,0.217
2AGH31PY,1,0,,2024-11-18,,Missed,0,0,0,0,1,0,0.11953086405992508,,2019-05-27,,0.217
2AGH33SY,1,1,2025-03-01,2025-05-08,68.0,Early,0,1,0,1,0,0,0.3596633970737457,0.2798123061656952,2019-05-27,2105.0,0.217
2AGH34HY,0,0,,,,Censored No Alarm,0,0,0,0,0,1,0.1096319854259491,,2019-05-27,,0.217
2AGH34PY,0,0,,,,Censored No Alarm,0,0,0,0,0,1,0.0016701960703358054,,2019-05-27,,0.217
2AGH35GY,0,0,,,,Censored No Alarm,0,0,0,0,0,1,0.0017871928866952658,,2019-05-27,,0.217
2AGHB9XY,1,0,,2024-12-02,,Missed,0,0,0,0,1,0,0.05700644478201866,,2019-05-27,,0.217
2AGHDYHY,0,0,,,,Censored No Alarm,0,0,0,0,0,1,0.005681212525814772,,2019-05-27,,0.217
2AGHEP9Y,1,0,,2024-07-26,,Missed,0,0,0,0,1,0,0.03458481281995773,,2019-05-27,,0.217
2AGHGR1Y,0,0,,,,Censored No Alarm,0,0,0,0,0,1,0.003334109438583255,,2019-05-27,,0.217
2AGHGRLY,0,0,,,,Censored No Alarm,0,0,0,0,0,1,0.004558553919196129,,2019-05-27,,0.217
2AGHGRRY,0,0,,,,Censored No Alarm,0,0,0,0,0,1,0.002518343972042203,,2019-05-27,,0.217
2AGHJD4Y,0,1,2025-07-22,,,Censored Early,0,0,1,1,0,0,0.5569772124290466,0.22650039196014404,2019-06-01,2243.0,0.217
2AGHK55Y,0,0,,,,Censored No Alarm,0,0,0,0,0,1,0.0015030489303171635,,2019-05-27,,0.217
2AGHK8MY,0,0,,,,Censored No Alarm,0,0,0,0,0,1,0.0022643404081463814,,2019-05-27,,0.217
2AGHLEUY,1,0,,2023-11-06,,Missed,0,0,0,0,1,0,0.054723165929317474,,2019-05-27,,0.217
2AGHLGTY,1,1,2025-03-01,2025-08-05,157.0,Early,0,1,0,1,0,0,0.22595849633216858,0.22595849633216858,2019-05-27,2105.0,0.217
2AGHLKHY,0,0,,,,Censored No Alarm,0,0,0,0,0,1,0.005953879561275244,,2019-05-27,,0.217
2AGHLMXY,0,0,,,,Censored No Alarm,0,0,0,0,0,1,0.005117097869515419,,2019-05-27,,0.217
2AGHLN0Y,0,0,,,,Censored No Alarm,0,0,0,0,0,1,0.002730873180553317,,2019-05-27,,0.217
2AGHMUTY,0,0,,,,Censored No Alarm,0,0,0,0,0,1,0.0017066622385755181,,2019-05-27,,0.217
2AGHMUYY,0,0,,,,Censored No Alarm,0,0,0,0,0,1,0.007860171608626842,,2019-06-01,,0.217
2AGHMW5Y,0,0,,,,Censored No Alarm,0,0,0,0,0,1,0.06303441524505615,,2019-05-27,,0.217
2AGHMXGY,1,0,,2023-05-14,,Missed,0,0,0,0,1,0,0.02479477971792221,,2019-05-27,,0.217
2AGHMYTY,0,0,,,,Censored No Alarm,0,0,0,0,0,1,0.08794943988323212,,2019-05-27,,0.217
2AGHMZMY,0,0,,,,Censored No Alarm,0,0,0,0,0,1,0.0021282618399709463,,2019-05-27,,0.217
2AGHN0TY,1,1,2020-08-26,2020-10-22,57.0,Early,0,1,0,1,0,0,0.5460023880004883,0.25955092906951904,2019-05-27,457.0,0.217
2AGHN0WY,0,0,,,,Censored No Alarm,0,0,0,0,0,1,0.00755480257794261,,2019-05-27,,0.217
2AGHN16Y,0,0,,,,Censored No Alarm,0,0,0,0,0,1,0.0031337097752839327,,2019-05-27,,0.217
2AGHN2AY,0,0,,,,Censored No Alarm,0,0,0,0,0,1,0.0018797438824549317,,2019-05-27,,0.217
2AGHN3XY,0,0,,,,Censored No Alarm,0,0,0,0,0,1,0.005520511418581009,,2019-05-27,,0.217
2AGHPDKY,0,0,,,,Censored No Alarm,0,0,0,0,0,1,0.0025853270199149847,,2019-05-27,,0.217
2AGHSJ4Y,0,0,,,,Censored No Alarm,0,0,0,0,0,1,0.000778281013481319,,2019-05-27,,0.217
2AGHSS9Y,0,0,,,,Censored No Alarm,0,0,0,0,0,1,0.0031053172424435616,,2019-05-27,,0.217
2AGHTBYY,1,1,2023-09-15,2025-01-25,498.0,Early,0,1,0,1,0,0,0.561585545539856,0.2548260986804962,2019-05-27,1572.0,0.217
2AGHTGEY,1,0,,2023-03-14,,Missed,0,0,0,0,1,0,0.21447758376598358,,2019-05-27,,0.217
2AGHTKBY,0,0,,,,Censored No Alarm,0,0,0,0,0,1,0.02364649623632431,,2019-05-27,,0.217
2AGLY65Y,1,0,,2023-11-20,,Missed,0,0,0,0,1,0,0.03020465187728405,,2019-08-13,,0.217
2AGM231Y,0,0,,,,Censored No Alarm,0,0,0,0,0,1,0.001656428910791874,,2019-05-04,,0.217
2AGM23NY,0,0,,,,Censored No Alarm,0,0,0,0,0,1,0.0016625386197119951,,2019-05-04,,0.217
2AGM5UVY,0,0,,,,Censored No Alarm,0,0,0,0,0,1,0.12317368388175964,,2019-05-16,,0.217
2AGM5V7Y,1,1,2024-12-22,2025-12-05,348.0,Early,0,1,0,1,0,0,0.44090965390205383,0.34204697608947754,2019-05-16,2047.0,0.217
2AGM5VBY,0,0,,,,Censored No Alarm,0,0,0,0,0,1,0.10139276832342148,,2019-05-16,,0.217
2AGM5VHY,1,0,,2025-01-18,,Missed,0,0,0,0,1,0,0.0074006738141179085,,2019-08-14,,0.217
2AGM5W9Y,1,0,,2025-01-16,,Missed,0,0,0,0,1,0,0.0489518940448761,,2019-05-16,,0.217
2AGM5YEY,0,0,,,,Censored No Alarm,0,0,0,0,0,1,0.013107705861330032,,2019-05-04,,0.217
2AGM8EMY,1,0,,2024-10-29,,Missed,0,0,0,0,1,0,0.11663953214883804,,2019-05-16,,0.217
2AGM8EUY,0,0,,,,Censored No Alarm,0,0,0,0,0,1,0.003903580829501152,,2019-05-27,,0.217
2AGM8J2Y,0,0,,,,Censored No Alarm,0,0,0,0,0,1,0.0006513367989100516,,2019-05-16,,0.217
2AGM8JAY,0,0,,,,Censored No Alarm,0,0,0,0,0,1,0.001145583693869412,,2019-05-16,,0.217
2AGM8LNY,0,1,2024-10-24,,,Censored Early,0,0,1,1,0,0,0.3260347247123718,0.2746261656284332,2019-05-04,2000.0,0.217
2AGM8RJY,0,0,,,,Censored No Alarm,0,0,0,0,0,1,0.026222575455904007,,2019-08-13,,0.217
2AGM8RTY,0,0,,,,Censored No Alarm,0,0,0,0,0,1,0.043183524161577225,,2019-05-16,,0.217
2AGM8UNY,1,1,2025-10-19,2026-03-12,144.0,Early,0,1,0,1,0,0,0.550820529460907,0.25178349018096924,2019-08-13,2259.0,0.217
2AGM8V7Y,0,0,,,,Censored No Alarm,0,0,0,0,0,1,0.0008007513824850321,,2019-05-16,,0.217
2AGM9MXY,1,0,,2025-09-21,,Missed,0,0,0,0,1,0,0.035536959767341614,,2019-05-04,,0.217
2AGM9PJY,0,0,,,,Censored No Alarm,0,0,0,0,0,1,0.09560400247573853,,2019-05-04,,0.217
2AGM9RGY,1,0,,2022-12-23,,Missed,0,0,0,0,1,0,0.0012154950527474284,,2019-05-16,,0.217
2AGM9S6Y,0,0,,,,Censored No Alarm,0,0,0,0,0,1,0.009139432571828365,,2019-05-16,,0.217
2AGM9SDY,0,0,,,,Censored No Alarm,0,0,0,0,0,1,0.0011246695648878813,,2019-05-04,,0.217
2AGM9U1Y,0,0,,,,Censored No Alarm,0,0,0,0,0,1,0.0008537258836440742,,2019-05-16,,0.217
2AGMDJKY,0,0,,,,Censored No Alarm,0,0,0,0,0,1,0.0017107389867305756,,2019-05-04,,0.217
2AGMDUAY,1,0,,2023-02-04,,Missed,0,0,0,0,1,0,0.006677743047475815,,2019-05-16,,0.217
2AGMDY1Y,0,0,,,,Censored No Alarm,0,0,0,0,0,1,0.015857353806495667,,2019-08-14,,0.217
2AGME0XY,1,1,2024-01-18,2024-05-29,132.0,Early,0,1,0,1,0,0,0.22892308235168457,0.2267925888299942,2019-05-16,1708.0,0.217
2AGME3BY,0,0,,,,Censored No Alarm,0,0,0,0,0,1,0.006711786612868309,,2019-05-16,,0.217
2AGME9PY,1,0,,2024-08-06,,Missed,0,0,0,0,1,0,0.1887173354625702,,2019-08-13,,0.217
2AGMGAYY,0,0,,,,Censored No Alarm,0,0,0,0,0,1,0.001276517752557993,,2019-05-16,,0.217
2AGMGDPY,0,0,,,,Censored No Alarm,0,0,0,0,0,1,0.001407998031936586,,2019-08-13,,0.217
2AGMGKLY,0,0,,,,Censored No Alarm,0,0,0,0,0,1,0.0014297262532636523,,2019-08-13,,0.217
2AGMGXEY,0,0,,,,Censored No Alarm,0,0,0,0,0,1,0.0016628188313916326,,2019-08-14,,0.217
2AGMH2YY,1,0,,2024-12-10,,Missed,0,0,0,0,1,0,0.07798248529434204,,2019-05-16,,0.217
2AGMH3JY,0,0,,,,Censored No Alarm,0,0,0,0,0,1,0.0013693658402189612,,2019-05-16,,0.217
2AGMHK6Y,0,0,,,,Censored No Alarm,0,0,0,0,0,1,0.009435960091650486,,2019-05-04,,0.217
2AGMHPEY,1,0,,2024-06-25,,Missed,0,0,0,0,1,0,0.022427968680858612,,2019-06-01,,0.217
2AGMHRYY,1,1,2024-03-17,2024-05-16,60.0,Early,0,1,0,1,0,0,0.22242045402526855,0.22242045402526855,2019-05-16,1767.0,0.217
2AGMHTLY,0,0,,,,Censored No Alarm,0,0,0,0,0,1,0.0011829135473817587,,2019-05-04,,0.217
2AGMHU7Y,1,0,,2024-07-08,,Missed,0,0,0,0,1,0,0.015493949875235558,,2019-05-04,,0.217
2AGMHVTY,0,0,,,,Censored No Alarm,0,0,0,0,0,1,0.0007795978453941643,,2019-05-16,,0.217
2AGMHWAY,1,0,,2023-09-22,,Missed,0,0,0,0,1,0,0.1587095856666565,,2019-08-14,,0.217
2AGMHXDY,1,1,2025-05-29,2025-06-02,4.0,On time,1,0,0,0,0,0,0.3438558876514435,0.2286452353000641,2019-08-13,2116.0,0.217
2AGMHY3Y,1,0,,2025-11-18,,Missed,0,0,0,0,1,0,0.027256444096565247,,2019-08-14,,0.217
2AGMHY5Y,0,0,,,,Censored No Alarm,0,0,0,0,0,1,0.0038715547416359186,,2019-08-13,,0.217
2AGMJ35Y,0,0,,,,Censored No Alarm,0,0,0,0,0,1,0.0016510448185727,,2019-05-04,,0.217
2AGMJ3JY,0,0,,,,Censored No Alarm,0,0,0,0,0,1,0.0011745442170649767,,2019-05-16,,0.217
2AGMJ3TY,0,0,,,,Censored No Alarm,0,0,0,0,0,1,0.0031719317194074392,,2019-08-14,,0.217
2AGMJ47Y,0,0,,,,Censored No Alarm,0,0,0,0,0,1,0.0028277256060391665,,2019-06-01,,0.217
2AGMJ5BY,1,0,,2021-05-03,,Missed,0,0,0,0,1,0,0.0002238340675830841,,2019-05-04,,0.217
2AGMKV4Y,1,1,2026-01-18,2026-01-28,10.0,On time,1,0,0,0,0,0,0.6324611306190491,0.29638874530792236,2019-05-04,2451.0,0.217
2AGMKVHY,1,0,,2023-05-06,,Missed,0,0,0,0,1,0,0.13191068172454834,,2019-08-13,,0.217
2AGMKVTY,1,0,,2024-12-04,,Missed,0,0,0,0,1,0,0.10874851047992706,,2019-08-14,,0.217
2AGMLMLY,0,0,,,,Censored No Alarm,0,0,0,0,0,1,0.10746107250452042,,2019-08-14,,0.217
2AGMLSZY,1,1,2020-07-19,2020-07-30,11.0,On time,1,0,0,0,0,0,0.6966869235038757,0.2791069746017456,2019-05-16,430.0,0.217
2AGMLT7Y,0,0,,,,Censored No Alarm,0,0,0,0,0,1,0.02248941734433174,,2019-05-16,,0.217
2AGMLWNY,0,0,,,,Censored No Alarm,0,0,0,0,0,1,0.07447149604558945,,2019-08-14,,0.217
2AGMLZLY,1,0,,2026-02-11,,Missed,0,0,0,0,1,0,0.06450185179710388,,2019-05-16,,0.217
2AGMM0UY,0,0,,,,Censored No Alarm,0,0,0,0,0,1,0.14854981005191803,,2019-05-16,,0.217
2AGMMNKY,0,0,,,,Censored No Alarm,0,0,0,0,0,1,0.03702317923307419,,2019-06-01,,0.217
2AGMMU1Y,0,0,,,,Censored No Alarm,0,0,0,0,0,1,0.0008050001924857497,,2019-05-16,,0.217
2AGMMU4Y,0,0,,,,Censored No Alarm,0,0,0,0,0,1,0.0037232539616525173,,2019-08-14,,0.217
2AGMNB7Y,1,0,,2023-03-30,,Missed,0,0,0,0,1,0,0.11202842742204666,,2019-05-16,,0.217
2AGMNBEY,0,0,,,,Censored No Alarm,0,0,0,0,0,1,0.0007357312133535743,,2019-05-16,,0.217
2AGMND4Y,1,1,2025-10-12,2025-10-27,15.0,On time,1,0,0,0,0,0,0.6447832584381104,0.2580069899559021,2019-05-04,2353.0,0.217
2AGMNE1Y,1,1,2025-06-30,2025-11-26,149.0,Early,0,1,0,1,0,0,0.7006740570068359,0.2214130312204361,2019-05-16,2237.0,0.217
2AGMNEBY,1,1,2023-02-22,2024-08-05,530.0,Early,0,1,0,1,0,0,0.22100315988063812,0.22100315988063812,2019-05-04,1390.0,0.217
2AGMNG0Y,0,1,2024-05-08,,,Censored Early,0,0,1,1,0,0,0.2359475940465927,0.23061871528625488,2019-05-16,1819.0,0.217
2AGMNJKY,1,1,2024-01-25,2025-09-29,613.0,Early,0,1,0,1,0,0,0.573052704334259,0.2604622542858124,2019-05-16,1715.0,0.217
2AGMNM8Y,0,0,,,,Censored No Alarm,0,0,0,0,0,1,0.06038738042116165,,2019-08-14,,0.217
2AGMNMWY,1,0,,2023-05-10,,Missed,0,0,0,0,1,0,0.05741453543305397,,2019-05-16,,0.217
2AGMNTXY,0,0,,,,Censored No Alarm,0,0,0,0,0,1,0.0009679787326604128,,2019-05-16,,0.217
2AGMNUVY,0,0,,,,Censored No Alarm,0,0,0,0,0,1,0.001660446752794087,,2019-05-04,,0.217
2AGMNWBY,0,0,,,,Censored No Alarm,0,0,0,0,0,1,0.0020615255925804377,,2019-08-13,,0.217
2AGMNXRY,0,0,,,,Censored No Alarm,0,0,0,0,0,1,0.09152663499116898,,2019-08-13,,0.217
2AGMP7ZY,0,0,,,,Censored No Alarm,0,0,0,0,0,1,0.0045014601200819016,,2019-08-14,,0.217
2AGMPBWY,0,0,,,,Censored No Alarm,0,0,0,0,0,1,0.037127722054719925,,2019-05-16,,0.217
2AGMPD8Y,1,0,,2023-11-21,,Missed,0,0,0,0,1,0,0.0005589008796960115,,2019-08-13,,0.217
2AGMPK3Y,0,0,,,,Censored No Alarm,0,0,0,0,0,1,0.023952435702085495,,2019-05-04,,0.217
2AGMPL7Y,1,0,,2025-02-27,,Missed,0,0,0,0,1,0,0.1333009898662567,,2019-05-16,,0.217
2AGMPP1Y,0,0,,,,Censored No Alarm,0,0,0,0,0,1,0.006837998516857624,,2019-05-16,,0.217
2AGMPP4Y,1,1,2025-09-13,2025-09-23,10.0,On time,1,0,0,0,0,0,0.49455347657203674,0.26145586371421814,2019-05-16,2312.0,0.217
2AGMPPGY,0,0,,,,Censored No Alarm,0,0,0,0,0,1,0.0008350647985935211,,2019-05-16,,0.217
2AGMPSSY,0,0,,,,Censored No Alarm,0,0,0,0,0,1,0.0009117507142946124,,2019-05-16,,0.217
2AGMPT2Y,0,0,,,,Censored No Alarm,0,0,0,0,0,1,0.0006518298760056496,,2019-05-16,,0.217
2AGMPZ8Y,0,0,,,,Censored No Alarm,0,0,0,0,0,1,0.0030491144862025976,,2019-08-14,,0.217
2AGMS6PY,0,0,,,,Censored No Alarm,0,0,0,0,0,1,0.001038369839079678,,2019-08-14,,0.217
2AGMSHHY,1,0,,2022-08-12,,Missed,0,0,0,0,1,0,0.00013191085599828511,,2019-05-04,,0.217
2AGMTK0Y,1,1,2025-08-30,2025-08-30,0.0,On time,1,0,0,0,0,0,0.40762272477149963,0.40762272477149963,2019-05-16,2298.0,0.217
2AGMTL0Y,1,0,,2023-04-17,,Missed,0,0,0,0,1,0,0.0008512592758052051,,2019-05-04,,0.217
2AGMTXAY,0,0,,,,Censored No Alarm,0,0,0,0,0,1,0.0023437233176082373,,2019-08-13,,0.217
2AGMUBMY,0,0,,,,Censored No Alarm,0,0,0,0,0,1,0.00403193011879921,,2019-06-01,,0.217
2AGMUBRY,1,0,,2024-08-04,,Missed,0,0,0,0,1,0,0.006011021323502064,,2019-08-13,,0.217
2AGMV9UY,0,0,,,,Censored No Alarm,0,0,0,0,0,1,0.0017434036126360297,,2019-08-13,,0.217
2AGMVDDY,0,0,,,,Censored No Alarm,0,0,0,0,0,1,0.0006278761429712176,,2019-05-16,,0.217
2AGMWHVY,1,0,,2024-07-19,,Missed,0,0,0,0,1,0,0.08999907225370407,,2019-05-16,,0.217
2AGMZLMY,1,1,2023-04-07,2023-05-16,39.0,Early,0,1,0,1,0,0,0.2522602379322052,0.22595389187335968,2019-08-13,1333.0,0.217
2AGN038Y,0,0,,,,Censored No Alarm,0,0,0,0,0,1,0.003159164683893323,,2019-08-13,,0.217
2AGN03MY,0,0,,,,Censored No Alarm,0,0,0,0,0,1,0.002310408279299736,,2019-08-13,,0.217
2AGN05MY,0,0,,,,Censored No Alarm,0,0,0,0,0,1,0.00253337062895298,,2019-08-13,,0.217
2AGN071Y,0,0,,,,Censored No Alarm,0,0,0,0,0,1,0.00712834345176816,,2019-08-13,,0.217
2AGN07AY,0,0,,,,Censored No Alarm,0,0,0,0,0,1,0.005446032155305147,,2019-08-14,,0.217
2AGN17RY,0,0,,,,Censored No Alarm,0,0,0,0,0,1,0.0014577514957636595,,2019-08-13,,0.217
2AGN1YNY,0,0,,,,Censored No Alarm,0,0,0,0,0,1,0.0037247047293931246,,2019-08-14,,0.217
2AGN29AY,0,0,,,,Censored No Alarm,0,0,0,0,0,1,0.0017886499408632517,,2019-08-14,,0.217
2AGN43EY,0,0,,,,Censored No Alarm,0,0,0,0,0,1,0.12964089214801788,,2019-08-13,,0.217
2AGN5A3Y,0,0,,,,Censored No Alarm,0,0,0,0,0,1,0.0026409518904983997,,2019-06-01,,0.217
2AGN7GZY,0,0,,,,Censored No Alarm,0,0,0,0,0,1,0.001134561258368194,,2019-08-13,,0.217
2AGN7XVY,0,0,,,,Censored No Alarm,0,0,0,0,0,1,0.1178000420331955,,2019-08-14,,0.217
2AGN7XYY,0,0,,,,Censored No Alarm,0,0,0,0,0,1,0.018055563792586327,,2019-05-27,,0.217
2AGN853Y,0,0,,,,Censored No Alarm,0,0,0,0,0,1,0.002635470125824213,,2019-08-14,,0.217
2AGN8H9Y,0,0,,,,Censored No Alarm,0,0,0,0,0,1,0.002587296301499009,,2019-08-14,,0.217
2AGN8Y9Y,0,0,,,,Censored No Alarm,0,0,0,0,0,1,0.020784923806786537,,2019-08-13,,0.217
2AGN8ZGY,0,0,,,,Censored No Alarm,0,0,0,0,0,1,0.004133170936256647,,2019-06-01,,0.217
2AGN90RY,1,0,,2023-12-07,,Missed,0,0,0,0,1,0,0.10801783204078674,,2019-08-14,,0.217
2AGN9N4Y,1,1,2025-01-26,2025-03-06,39.0,Early,0,1,0,1,0,0,0.3758819103240967,0.3081558048725128,2019-08-13,1993.0,0.217
2AGNAK7Y,0,0,,,,Censored No Alarm,0,0,0,0,0,1,0.0023995758965611458,,2019-08-14,,0.217
2AGNAKGY,0,0,,,,Censored No Alarm,0,0,0,0,0,1,0.0035131187178194523,,2019-08-14,,0.217
2AGNAYKY,0,0,,,,Censored No Alarm,0,0,0,0,0,1,0.003108841134235263,,2019-08-13,,0.217
2AGNBWPY,0,0,,,,Censored No Alarm,0,0,0,0,0,1,0.003478088416159153,,2019-08-13,,0.217
2AGND0EY,0,0,,,,Censored No Alarm,0,0,0,0,0,1,0.0013747690245509148,,2019-08-13,,0.217
2AGNEAHY,0,0,,,,Censored No Alarm,0,0,0,0,0,1,0.004192065913230181,,2019-08-13,,0.217
2AGNEK5Y,0,0,,,,Censored No Alarm,0,0,0,0,0,1,0.014877179637551308,,2019-08-14,,0.217
2AGNEN9Y,0,0,,,,Censored No Alarm,0,0,0,0,0,1,0.008035455830395222,,2019-08-14,,0.217
2AGNEREY,0,0,,,,Censored No Alarm,0,0,0,0,0,1,0.012174028903245926,,2019-08-13,,0.217
2AGNGZPY,0,0,,,,Censored No Alarm,0,0,0,0,0,1,0.003896176815032959,,2019-05-27,,0.217
2AGNJE2Y,0,0,,,,Censored No Alarm,0,0,0,0,0,1,0.0022180848754942417,,2019-06-01,,0.217
2AGNJG7Y,0,0,,,,Censored No Alarm,0,0,0,0,0,1,0.0013633513590320945,,2019-08-13,,0.217
2AGNJGHY,0,0,,,,Censored No Alarm,0,0,0,0,0,1,0.003970462828874588,,2019-08-13,,0.217
2AGNJRYY,0,0,,,,Censored No Alarm,0,0,0,0,0,1,0.002490320708602667,,2019-06-01,,0.217
2AGNJTAY,0,0,,,,Censored No Alarm,0,0,0,0,0,1,0.0035946713760495186,,2019-08-14,,0.217
2AGNJTRY,0,0,,,,Censored No Alarm,0,0,0,0,0,1,0.0023913623299449682,,2019-08-14,,0.217
2AGNKB9Y,1,0,,2023-11-29,,Missed,0,0,0,0,1,0,0.0017579299164935946,,2019-08-13,,0.217
2AGNKGXY,0,0,,,,Censored No Alarm,0,0,0,0,0,1,0.003236984834074974,,2019-08-14,,0.217
2AGNKNJY,0,0,,,,Censored No Alarm,0,0,0,0,0,1,0.0028425974305719137,,2019-08-14,,0.217
2AGNKSPY,0,0,,,,Censored No Alarm,0,0,0,0,0,1,0.000422764103859663,,2019-08-14,,0.217
2AGNKV4Y,0,0,,,,Censored No Alarm,0,0,0,0,0,1,0.006120266392827034,,2019-08-13,,0.217
2AGNL61Y,0,0,,,,Censored No Alarm,0,0,0,0,0,1,0.0016980624059215188,,2019-05-16,,0.217
2AGNNTHY,0,0,,,,Censored No Alarm,0,0,0,0,0,1,0.02847178280353546,,2019-05-16,,0.217
2AGNT47Y,0,0,,,,Censored No Alarm,0,0,0,0,0,1,0.0010729841887950897,,2019-05-16,,0.217
2AGP393Y,1,1,2019-08-11,2023-04-06,1334.0,Early,0,1,0,1,0,0,0.4954945743083954,0.26805710792541504,2019-06-01,71.0,0.217
2AGP43EY,1,0,,2024-09-01,,Missed,0,0,0,0,1,0,0.039718519896268845,,2019-05-16,,0.217
2AGP5EDY,0,0,,,,Censored No Alarm,0,0,0,0,0,1,0.0012030407087877393,,2019-05-16,,0.217
2AGP5GBY,0,0,,,,Censored No Alarm,0,0,0,0,0,1,0.0017194435931742191,,2019-05-16,,0.217
2AGP5J1Y,0,0,,,,Censored No Alarm,0,0,0,0,0,1,0.0017429139697924256,,2019-05-16,,0.217
2AGP6TYY,0,0,,,,Censored No Alarm,0,0,0,0,0,1,0.001090503646992147,,2019-05-16,,0.217
2AGP6UBY,0,0,,,,Censored No Alarm,0,0,0,0,0,1,0.0026404820382595062,,2019-05-16,,0.217
2AGP9W7Y,0,0,,,,Censored No Alarm,0,0,0,0,0,1,0.14929376542568207,,2019-05-16,,0.217
2AGPHHKY,0,0,,,,Censored No Alarm,0,0,0,0,0,1,0.0044161491096019745,,2019-06-01,,0.217
2AGPHHTY,0,0,,,,Censored No Alarm,0,0,0,0,0,1,0.001987145282328129,,2019-06-01,,0.217
2AGPJAVY,0,0,,,,Censored No Alarm,0,0,0,0,0,1,0.0006850309437140822,,2019-05-27,,0.217
2AGPJBGY,0,0,,,,Censored No Alarm,0,0,0,0,0,1,0.000934597454033792,,2019-05-27,,0.217
2AGPJBNY,0,0,,,,Censored No Alarm,0,0,0,0,0,1,0.0006916558486409485,,2019-05-27,,0.217
2AGPJE5Y,0,0,,,,Censored No Alarm,0,0,0,0,0,1,0.0015712677268311381,,2019-05-16,,0.217
2AGPJGPY,1,0,,2021-02-22,,Missed,0,0,0,0,1,0,0.006106391083449125,,2019-05-16,,0.217
2AGPJH1Y,1,0,,2024-08-11,,Missed,0,0,0,0,1,0,0.06892472505569458,,2019-05-16,,0.217
2AGPJHAY,0,0,,,,Censored No Alarm,0,0,0,0,0,1,0.0023189953062683344,,2019-08-13,,0.217
2AGPJHXY,0,0,,,,Censored No Alarm,0,0,0,0,0,1,0.000950898916926235,,2019-05-27,,0.217
2AGPJL8Y,0,0,,,,Censored No Alarm,0,0,0,0,0,1,0.002740213181823492,,2019-05-27,,0.217
2AGPJLWY,0,0,,,,Censored No Alarm,0,0,0,0,0,1,0.002111931564286351,,2019-08-13,,0.217
2AGPJMRY,0,0,,,,Censored No Alarm,0,0,0,0,0,1,0.004474548622965813,,2019-08-13,,0.217
2AGPJP0Y,0,0,,,,Censored No Alarm,0,0,0,0,0,1,0.0008471111068502069,,2019-05-27,,0.217
2AGPK9HY,0,0,,,,Censored No Alarm,0,0,0,0,0,1,0.0021597614977508783,,2019-08-14,,0.217
2AGPKA3Y,0,0,,,,Censored No Alarm,0,0,0,0,0,1,0.016143668442964554,,2019-08-14,,0.217
2AGPKALY,0,0,,,,Censored No Alarm,0,0,0,0,0,1,0.0013637818628922105,,2019-05-16,,0.217
2AGPKARY,0,0,,,,Censored No Alarm,0,0,0,0,0,1,0.0015452391235157847,,2019-05-16,,0.217
2AGPKB2Y,0,0,,,,Censored No Alarm,0,0,0,0,0,1,0.0013274210505187511,,2019-05-27,,0.217
2AGPKTUY,0,0,,,,Censored No Alarm,0,0,0,0,0,1,0.0013928933767601848,,2019-05-16,,0.217
2AGPKVGY,0,0,,,,Censored No Alarm,0,0,0,0,0,1,0.0010754454415291548,,2019-05-16,,0.217
2AGPKWNY,1,0,,2023-10-29,,Missed,0,0,0,0,1,0,0.06082804501056671,,2019-05-16,,0.217
2AGPKX4Y,0,0,,,,Censored No Alarm,0,0,0,0,0,1,0.020479723811149597,,2019-05-16,,0.217
2AGPL2YY,0,0,,,,Censored No Alarm,0,0,0,0,0,1,0.001541780773550272,,2019-05-16,,0.217
2AGPL4UY,0,0,,,,Censored No Alarm,0,0,0,0,0,1,0.0011164203751832247,,2019-05-16,,0.217
2AGPL4ZY,0,0,,,,Censored No Alarm,0,0,0,0,0,1,0.004804530646651983,,2019-05-27,,0.217
2AGPLSSY,0,0,,,,Censored No Alarm,0,0,0,0,0,1,0.0018070207443088293,,2019-05-16,,0.217
2AGPMDVY,0,0,,,,Censored No Alarm,0,0,0,0,0,1,0.001039281371049583,,2019-05-27,,0.217
2AGPMEPY,0,0,,,,Censored No Alarm,0,0,0,0,0,1,0.0010736632393673062,,2019-05-16,,0.217
2AGPMGGY,0,0,,,,Censored No Alarm,0,0,0,0,0,1,0.003503120504319668,,2019-05-16,,0.217
2AGPMM3Y,0,0,,,,Censored No Alarm,0,0,0,0,0,1,0.0014005715493112803,,2019-05-27,,0.217
2AGPMN9Y,0,0,,,,Censored No Alarm,0,0,0,0,0,1,0.0015608267858624458,,2019-05-27,,0.217
2AGPMRDY,0,0,,,,Censored No Alarm,0,0,0,0,0,1,0.004150565713644028,,2019-05-27,,0.217
2AGPMY1Y,0,0,,,,Censored No Alarm,0,0,0,0,0,1,0.0014658846193924546,,2019-05-16,,0.217
2AGPN6PY,0,0,,,,Censored No Alarm,0,0,0,0,0,1,0.06183577701449394,,2019-05-16,,0.217
2AGPPJAY,0,0,,,,Censored No Alarm,0,0,0,0,0,1,0.0010625558206811547,,2019-05-16,,0.217
2AGPPLLY,1,1,2023-10-26,2023-11-29,34.0,Early,0,1,0,1,0,0,0.24214181303977966,0.23120175302028656,2019-05-16,1624.0,0.217
2AGPR6YY,0,0,,,,Censored No Alarm,0,0,0,0,0,1,0.000841841334477067,,2019-05-16,,0.217
2AGPR7RY,0,0,,,,Censored No Alarm,0,0,0,0,0,1,0.001468258211389184,,2019-05-16,,0.217
2AGPR8EY,0,0,,,,Censored No Alarm,0,0,0,0,0,1,0.000880992622114718,,2019-05-16,,0.217
2AGPRL8Y,0,0,,,,Censored No Alarm,0,0,0,0,0,1,0.0012540037278085947,,2019-05-27,,0.217
2AGPRMLY,1,0,,2026-03-26,,Missed,0,0,0,0,1,0,0.009351475164294243,,2019-08-13,,0.217
2AGPRMRY,1,0,,2024-08-12,,Missed,0,0,0,0,1,0,0.00045703965588472784,,2019-05-04,,0.217
2AGPRRJY,0,0,,,,Censored No Alarm,0,0,0,0,0,1,0.13042260706424713,,2019-05-04,,0.217
2AGPS2ZY,0,0,,,,Censored No Alarm,0,0,0,0,0,1,0.001330912346020341,,2019-05-16,,0.217
2AGPSEDY,0,0,,,,Censored No Alarm,0,0,0,0,0,1,0.0018164166249334812,,2019-05-27,,0.217
2AGPSG5Y,0,0,,,,Censored No Alarm,0,0,0,0,0,1,0.0018094400875270367,,2019-05-27,,0.217
2AGPSGKY,0,0,,,,Censored No Alarm,0,0,0,0,0,1,0.0021586818620562553,,2019-08-14,,0.217
2AGPSJKY,0,0,,,,Censored No Alarm,0,0,0,0,0,1,0.0028496398590505123,,2019-08-14,,0.217
2AGPSRUY,0,0,,,,Censored No Alarm,0,0,0,0,0,1,0.0009831724455580115,,2019-05-16,,0.217
2AGPT2PY,0,0,,,,Censored No Alarm,0,0,0,0,0,1,0.0016252981731668115,,2019-08-14,,0.217
2AGPT48Y,0,0,,,,Censored No Alarm,0,0,0,0,0,1,0.0023372587747871876,,2019-06-01,,0.217
2AGPT7PY,0,0,,,,Censored No Alarm,0,0,0,0,0,1,0.0025046339724212885,,2019-08-13,,0.217
2AGPTL4Y,0,0,,,,Censored No Alarm,0,0,0,0,0,1,0.0027712383307516575,,2019-05-27,,0.217
2AGPTVLY,0,0,,,,Censored No Alarm,0,0,0,0,0,1,0.005076052155345678,,2019-06-01,,0.217
5PG0TA6F,0,0,,,,Censored No Alarm,0,0,0,0,0,1,0.0016664776485413313,,2020-07-14,,0.217
5PG0TAKF,0,0,,,,Censored No Alarm,0,0,0,0,0,1,0.004174589645117521,,2020-05-10,,0.217
5PJEJUHE,0,0,,,,Censored No Alarm,0,0,0,0,0,1,0.010107829235494137,,2021-12-28,,0.217
5PJJHD9C,0,0,,,,Censored No Alarm,0,0,0,0,0,1,0.0008407531422562897,,2022-07-18,,0.217
5PJJLZTF,0,0,,,,Censored No Alarm,0,0,0,0,0,1,0.0038658271078020334,,2021-12-03,,0.217
5PJKZP4D,0,0,,,,Censored No Alarm,0,0,0,0,0,1,0.0012660151114687324,,2022-08-04,,0.217
5PJVPJGF,0,0,,,,Censored No Alarm,0,0,0,0,0,1,0.0034776392858475447,,2021-05-16,,0.217
5PK10N4B,0,0,,,,Censored No Alarm,0,0,0,0,0,1,0.0007382131880149245,,2024-12-22,,0.217
5PK5ZB1B,0,0,,,,Censored No Alarm,0,0,0,0,0,1,0.0011149754282087088,,2024-04-29,,0.217
5PKEBJVB,0,0,,,,Censored No Alarm,0,0,0,0,0,1,0.0008185628103092313,,2023-11-27,,0.217
5PKVXW6B,0,0,,,,Censored No Alarm,0,0,0,0,0,1,0.0008205792983062565,,2024-06-01,,0.217
5QG63PMB,0,0,,,,Censored No Alarm,0,0,0,0,0,1,0.0009290335001423955,,2024-05-28,,0.217
5QGBH0MB,0,0,,,,Censored No Alarm,0,0,0,0,0,1,0.0008205792983062565,,2023-12-09,,0.217
5QGG5KLB,0,0,,,,Censored No Alarm,0,0,0,0,0,1,0.0014587471960112453,,2023-04-05,,0.217
5QGG5UPB,0,0,,,,Censored No Alarm,0,0,0,0,0,1,0.0020435270853340626,,2022-12-06,,0.217
5QGGAELB,1,1,2025-01-12,2025-06-04,143.0,Early,0,1,0,1,0,0,0.5617635250091553,0.25380614399909973,2023-03-28,656.0,0.217
5QGGHWVB,0,0,,,,Censored No Alarm,0,0,0,0,0,1,0.0008205792983062565,,2023-12-16,,0.217
5QH0Z60B,1,1,2024-03-28,2024-05-14,47.0,Early,0,1,0,1,0,0,0.4622710049152374,0.21879394352436066,2023-10-22,158.0,0.217
5QHDKVHB,0,0,,,,Censored No Alarm,0,0,0,0,0,1,0.0010651336051523685,,2023-11-17,,0.217
5QHKE66B,0,0,,,,Censored No Alarm,0,0,0,0,0,1,0.0008877051877789199,,2024-04-18,,0.217
5QHYP4MB,0,0,,,,Censored No Alarm,0,0,0,0,0,1,0.0010651336051523685,,2024-05-15,,0.217
5QJBW5VB,1,1,2024-05-19,2024-05-25,6.0,On time,1,0,0,0,0,0,0.571222186088562,0.22556400299072266,2024-02-07,102.0,0.217
5QJS57NB,0,0,,,,Censored No Alarm,0,0,0,0,0,1,0.0008515042718499899,,2024-01-23,,0.217
5QKBEVWB,0,0,,,,Censored No Alarm,0,0,0,0,0,1,0.0008895810460671782,,2023-12-14,,0.217
5QKDK07B,0,0,,,,Censored No Alarm,0,0,0,0,0,1,0.0007903644000180066,,2024-12-20,,0.217
5QKHBVPB,0,0,,,,Censored No Alarm,0,0,0,0,0,1,0.0008537323446944356,,2024-05-30,,0.217
5QKKSM3B,0,0,,,,Censored No Alarm,0,0,0,0,0,1,0.0005457641091197729,,2024-04-06,,0.217
5QKV55TB,0,0,,,,Censored No Alarm,0,0,0,0,0,1,0.0008186049526557326,,2024-02-29,,0.217
5QKV6W0B,0,0,,,,Censored No Alarm,0,0,0,0,0,1,0.0010651336051523685,,2023-08-14,,0.217
5QKV74SB,0,0,,,,Censored No Alarm,0,0,0,0,0,1,0.0008185628103092313,,2024-01-09,,0.217
5QKV778B,0,0,,,,Censored No Alarm,0,0,0,0,0,1,0.001117926323786378,,2024-06-07,,0.217
5QKV7UHB,0,0,,,,Censored No Alarm,0,0,0,0,0,1,0.0009265852277167141,,2024-03-04,,0.217
5QKV85UB,0,0,,,,Censored No Alarm,0,0,0,0,0,1,0.0008895810460671782,,2023-12-02,,0.217
5QKVAN8B,0,0,,,,Censored No Alarm,0,0,0,0,0,1,0.0008205792983062565,,2023-12-24,,0.217
5QKVARLB,0,0,,,,Censored No Alarm,0,0,0,0,0,1,0.0006790515617467463,,2023-11-03,,0.217
5QKVATKB,0,0,,,,Censored No Alarm,0,0,0,0,0,1,0.0007903644000180066,,2024-01-09,,0.217
5QKVD71B,0,0,,,,Censored No Alarm,0,0,0,0,0,1,0.0011697447625920177,,2024-05-10,,0.217
5QKVDDVB,0,0,,,,Censored No Alarm,0,0,0,0,0,1,0.0009290335001423955,,2024-06-19,,0.217
5QKVETTB,0,0,,,,Censored No Alarm,0,0,0,0,0,1,0.0013490364653989673,,2024-06-27,,0.217
5QKVEUZB,0,0,,,,Censored No Alarm,0,0,0,0,0,1,0.000851594319101423,,2024-04-22,,0.217
5QKVEXJB,0,0,,,,Censored No Alarm,0,0,0,0,0,1,0.0010651336051523685,,2023-11-30,,0.217
5QKVGLWB,0,0,,,,Censored No Alarm,0,0,0,0,0,1,0.0007382131880149245,,2024-05-08,,0.217
5QKVHPLB,0,0,,,,Censored No Alarm,0,0,0,0,0,1,0.000790364807471633,,2024-05-07,,0.217
5QKVHRMB,0,0,,,,Censored No Alarm,0,0,0,0,0,1,0.0012065443443134427,,2024-06-23,,0.217
5QKVVTHB,0,0,,,,Censored No Alarm,0,0,0,0,0,1,0.0007631537737324834,,2024-04-15,,0.217
8CGNK9GE,0,0,,,,Censored No Alarm,0,0,0,0,0,1,0.046412985771894455,,2019-05-04,,0.217
8CGR1V5E,0,0,,,,Censored No Alarm,0,0,0,0,0,1,0.0037873967085033655,,2019-06-01,,0.217
8CGSN9XE,0,0,,,,Censored No Alarm,0,0,0,0,0,1,0.0011798458872362971,,2019-05-16,,0.217
8CGSTSRE,0,0,,,,Censored No Alarm,0,0,0,0,0,1,0.001102076144888997,,2019-05-04,,0.217
8CGT5S2E,1,0,,2024-11-05,,Missed,0,0,0,0,1,0,0.09986399114131927,,2019-06-01,,0.217
8CGTW4VE,0,0,,,,Censored No Alarm,0,0,0,0,0,1,0.0036015198566019535,,2019-06-01,,0.217
8CGTZ9HE,1,1,2023-04-22,2023-07-12,81.0,Early,0,1,0,1,0,0,0.7502521276473999,0.34213805198669434,2019-05-16,1437.0,0.217
8CGU9LLE,0,0,,,,Censored No Alarm,0,0,0,0,0,1,0.0007529749418608844,,2019-05-16,,0.217
8CGV369E,0,0,,,,Censored No Alarm,0,0,0,0,0,1,0.0013038209872320294,,2019-05-16,,0.217
8CGVR04E,0,1,2026-01-07,,,Censored Early,0,0,1,1,0,0,0.24449580907821655,0.23627789318561554,2019-05-16,2428.0,0.217
8CGVTH0E,0,0,,,,Censored No Alarm,0,0,0,0,0,1,0.001480333972722292,,2019-05-04,,0.217
8CGW3HPE,0,0,,,,Censored No Alarm,0,0,0,0,0,1,0.0010621793335303664,,2019-05-04,,0.217
8CGW6ULE,0,0,,,,Censored No Alarm,0,0,0,0,0,1,0.000628537789452821,,2019-05-04,,0.217
8CGWPGEE,0,0,,,,Censored No Alarm,0,0,0,0,0,1,0.0014484808780252934,,2019-05-16,,0.217
8CGXKYVE,0,0,,,,Censored No Alarm,0,0,0,0,0,1,0.0007559377700090408,,2019-05-04,,0.217
8CGXNNUE,1,1,2022-05-09,2022-05-10,1.0,On time,1,0,0,0,0,0,0.35821396112442017,0.24054878950119019,2019-06-01,1073.0,0.217
8CGY4KUE,0,0,,,,Censored No Alarm,0,0,0,0,0,1,0.0009424705058336258,,2019-05-16,,0.217
8CGYJ5TE,0,0,,,,Censored No Alarm,0,0,0,0,0,1,0.00383326830342412,,2019-06-01,,0.217
8CGYVS8E,0,0,,,,Censored No Alarm,0,0,0,0,0,1,0.0016935548046603799,,2019-06-01,,0.217
8CGYW96E,0,0,,,,Censored No Alarm,0,0,0,0,0,1,0.027590321376919746,,2019-06-01,,0.217
8CGYXB6E,0,0,,,,Censored No Alarm,0,0,0,0,0,1,0.01395425945520401,,2019-08-13,,0.217
8CGZ8K3E,0,0,,,,Censored No Alarm,0,0,0,0,0,1,0.0009047475759871304,,2019-05-04,,0.217
8CGZ8S1E,0,0,,,,Censored No Alarm,0,0,0,0,0,1,0.0013384611811488867,,2019-05-04,,0.217
8CGZ8SDE,0,0,,,,Censored No Alarm,0,0,0,0,0,1,0.16604533791542053,,2019-05-04,,0.217
8CGZB98E,0,0,,,,Censored No Alarm,0,0,0,0,0,1,0.0009714608313515782,,2019-08-14,,0.217
8CGZB9VE,0,0,,,,Censored No Alarm,0,0,0,0,0,1,0.0018958350410684943,,2019-06-01,,0.217
8CGZKBME,0,0,,,,Censored No Alarm,0,0,0,0,0,1,0.0635172575712204,,2019-05-04,,0.217
8CGZKDHE,0,0,,,,Censored No Alarm,0,0,0,0,0,1,0.0009508926304988563,,2019-05-04,,0.217
8CGZMEAE,0,0,,,,Censored No Alarm,0,0,0,0,0,1,0.0008208306389860809,,2019-05-04,,0.217
8CH02WUE,0,0,,,,Censored No Alarm,0,0,0,0,0,1,0.0013616748619824648,,2019-08-14,,0.217
8CH05AGE,0,0,,,,Censored No Alarm,0,0,0,0,0,1,0.0006769096362404525,,2019-05-04,,0.217
8CH06AGE,0,0,,,,Censored No Alarm,0,0,0,0,0,1,0.0011743528302758932,,2019-05-16,,0.217
8CH06B5E,0,0,,,,Censored No Alarm,0,0,0,0,0,1,0.0006756354705430567,,2019-05-04,,0.217
8CH06E7E,0,0,,,,Censored No Alarm,0,0,0,0,0,1,0.0011212603421881795,,2019-05-04,,0.217
8CH06EDE,0,0,,,,Censored No Alarm,0,0,0,0,0,1,0.003722866764292121,,2019-06-01,,0.217
8CH0869E,0,0,,,,Censored No Alarm,0,0,0,0,0,1,0.000908372865524143,,2019-05-04,,0.217
8CH08RNE,0,0,,,,Censored No Alarm,0,0,0,0,0,1,0.0028674285858869553,,2019-08-14,,0.217
8CH09GGE,0,0,,,,Censored No Alarm,0,0,0,0,0,1,0.003908937331289053,,2019-06-01,,0.217
8CH0BYPE,0,0,,,,Censored No Alarm,0,0,0,0,0,1,0.0021871542558073997,,2019-08-13,,0.217
8CH0BYTE,0,0,,,,Censored No Alarm,0,0,0,0,0,1,0.002992850262671709,,2019-06-01,,0.217
8CH0DM8E,0,0,,,,Censored No Alarm,0,0,0,0,0,1,0.0014586006291210651,,2019-08-14,,0.217
8CH0GNLE,0,0,,,,Censored No Alarm,0,0,0,0,0,1,0.0022539652418345213,,2019-05-04,,0.217
8CH0GNNE,0,0,,,,Censored No Alarm,0,0,0,0,0,1,0.01132045965641737,,2019-05-04,,0.217
8CH0GNSE,0,0,,,,Censored No Alarm,0,0,0,0,0,1,0.0007697974797338247,,2019-05-16,,0.217
8CH0HRKE,0,0,,,,Censored No Alarm,0,0,0,0,0,1,0.0021314704790711403,,2019-06-01,,0.217
8CH0HTRE,0,0,,,,Censored No Alarm,0,0,0,0,0,1,0.004189471248537302,,2019-06-01,,0.217
8CH0L5PE,0,0,,,,Censored No Alarm,0,0,0,0,0,1,0.0017638298450037837,,2019-06-01,,0.217
8CH0R06E,0,0,,,,Censored No Alarm,0,0,0,0,0,1,0.001105079660192132,,2019-05-04,,0.217
8CH0R3YE,0,0,,,,Censored No Alarm,0,0,0,0,0,1,0.05283745005726814,,2019-08-13,,0.217
8CH0TLTE,0,0,,,,Censored No Alarm,0,0,0,0,0,1,0.002591331722214818,,2019-08-13,,0.217
8CH0TLUE,0,0,,,,Censored No Alarm,0,0,0,0,0,1,0.0016749677015468478,,2019-06-01,,0.217
8CH0TN2E,0,0,,,,Censored No Alarm,0,0,0,0,0,1,0.0029926470015197992,,2019-06-01,,0.217
8CH0TN3E,0,0,,,,Censored No Alarm,0,0,0,0,0,1,0.002241647569462657,,2019-08-13,,0.217
8CH0TVRE,0,0,,,,Censored No Alarm,0,0,0,0,0,1,0.0024078486021608114,,2019-08-14,,0.217
8CH0V7TE,0,0,,,,Censored No Alarm,0,0,0,0,0,1,0.034963466227054596,,2019-06-01,,0.217
8CH0VH1E,0,0,,,,Censored No Alarm,0,0,0,0,0,1,0.0014023748226463795,,2019-05-16,,0.217
8CH0VW0E,0,0,,,,Censored No Alarm,0,0,0,0,0,1,0.0017862983513623476,,2019-06-01,,0.217
8CH11KPE,0,0,,,,Censored No Alarm,0,0,0,0,0,1,0.0007705039461143315,,2019-05-04,,0.217
8CH13D7E,0,0,,,,Censored No Alarm,0,0,0,0,0,1,0.001031526131555438,,2019-06-01,,0.217
8CH13DAE,0,0,,,,Censored No Alarm,0,0,0,0,0,1,0.003043550532311201,,2019-06-01,,0.217
8CH15D3E,0,0,,,,Censored No Alarm,0,0,0,0,0,1,0.06335130333900452,,2019-05-16,,0.217
8CH15YME,0,0,,,,Censored No Alarm,0,0,0,0,0,1,0.0010566571727395058,,2019-06-01,,0.217
8CH160KE,0,0,,,,Censored No Alarm,0,0,0,0,0,1,0.001949572004377842,,2019-08-14,,0.217
8CH16PBE,0,0,,,,Censored No Alarm,0,0,0,0,0,1,0.014738899655640125,,2019-06-01,,0.217
8CH16ZDE,0,0,,,,Censored No Alarm,0,0,0,0,0,1,0.0031222293619066477,,2019-06-01,,0.217
8CH16ZUE,0,0,,,,Censored No Alarm,0,0,0,0,0,1,0.003129193326458335,,2019-06-01,,0.217
8CH17M9E,0,0,,,,Censored No Alarm,0,0,0,0,0,1,0.0010411067632958293,,2019-06-01,,0.217
8CH17MHE,0,0,,,,Censored No Alarm,0,0,0,0,0,1,0.001592637156136334,,2019-08-13,,0.217
8CH190UE,1,1,2020-12-10,2022-03-26,471.0,Early,0,1,0,1,0,0,0.31980472803115845,0.24842219054698944,2019-08-13,485.0,0.217
8CH1APUE,1,1,2025-07-05,2025-09-18,75.0,Early,0,1,0,1,0,0,0.30940142273902893,0.26853352785110474,2019-06-01,2226.0,0.217
8CH1AR5E,0,0,,,,Censored No Alarm,0,0,0,0,0,1,0.0006187455728650093,,2019-05-04,,0.217
8CH1ARHE,1,0,,2023-09-28,,Missed,0,0,0,0,1,0,0.02519673854112625,,2019-06-01,,0.217
8CH1WBME,1,0,,2024-05-05,,Missed,0,0,0,0,1,0,0.018363000825047493,,2019-05-04,,0.217
8CH1XHUE,0,0,,,,Censored No Alarm,0,0,0,0,0,1,0.0015168606769293547,,2019-05-04,,0.217
8CH4AT4E,0,0,,,,Censored No Alarm,0,0,0,0,0,1,0.0013200294924899936,,2019-05-27,,0.217
8CH4X3TE,1,0,,2022-10-12,,Missed,0,0,0,0,1,0,0.003854275681078434,,2019-05-16,,0.217
8CH4YM4E,1,0,,2023-03-03,,Missed,0,0,0,0,1,0,0.008174796588718891,,2019-05-16,,0.217
8CH4YM6E,1,1,2024-12-07,2025-03-13,96.0,Early,0,1,0,1,0,0,0.22867611050605774,0.22867611050605774,2019-05-16,2032.0,0.217
8CH4YN8E,1,0,,2024-04-09,,Missed,0,0,0,0,1,0,0.11568530648946762,,2019-05-16,,0.217
8CH4Z6UE,0,0,,,,Censored No Alarm,0,0,0,0,0,1,0.0009344558930024505,,2019-05-16,,0.217
8CH5214E,1,1,2024-01-17,2024-02-15,29.0,On time,1,0,0,0,0,0,0.43806272745132446,0.2882775366306305,2019-05-16,1707.0,0.217
8CH52U5E,0,0,,,,Censored No Alarm,0,0,0,0,0,1,0.0010461524361744523,,2019-05-16,,0.217
8CH5B9LE,0,0,,,,Censored No Alarm,0,0,0,0,0,1,0.001287211081944406,,2019-05-16,,0.217
8CH5E8EE,1,0,,2023-04-04,,Missed,0,0,0,0,1,0,0.07557524740695953,,2019-05-16,,0.217
8CH5HRYE,1,1,2024-04-21,2024-12-24,247.0,Early,0,1,0,1,0,0,0.2270503044128418,0.2193908393383026,2019-05-16,1802.0,0.217
8CHRG6JE,0,0,,,,Censored No Alarm,0,0,0,0,0,1,0.00046270989696495235,,2019-11-25,,0.217
8CHU2WSE,0,0,,,,Censored No Alarm,0,0,0,0,0,1,0.0015321458922699094,,2020-06-18,,0.217
8CHU7R9E,1,0,,2024-11-09,,Missed,0,0,0,0,1,0,0.020063817501068115,,2021-05-05,,0.217
8CHUHHXE,0,0,,,,Censored No Alarm,0,0,0,0,0,1,0.03526712954044342,,2020-06-26,,0.217
8CJMA59E,0,0,,,,Censored No Alarm,0,0,0,0,0,1,0.001117926323786378,,2024-04-02,,0.217
8DG1BB5Y,0,0,,,,Censored No Alarm,0,0,0,0,0,1,0.0007903644000180066,,2024-12-20,,0.217
8DG3MU5D,0,0,,,,Censored No Alarm,0,0,0,0,0,1,0.004592237528413534,,2018-07-12,,0.217
8DG4SAUD,0,0,,,,Censored No Alarm,0,0,0,0,0,1,0.007777724415063858,,2018-07-12,,0.217
8DG4SAZD,0,0,,,,Censored No Alarm,0,0,0,0,0,1,0.002050116192549467,,2018-07-12,,0.217
8DG52U7D,0,0,,,,Censored No Alarm,0,0,0,0,0,1,0.005321101751178503,,2018-07-12,,0.217
8DG52W9D,0,0,,,,Censored No Alarm,0,0,0,0,0,1,0.0020130265038460493,,2018-07-12,,0.217
8DG52WND,0,0,,,,Censored No Alarm,0,0,0,0,0,1,0.002440220443531871,,2018-07-12,,0.217
8DG6S3UD,1,0,,2024-06-11,,Missed,0,0,0,0,1,0,0.07175802439451218,,2018-07-12,,0.217
8DG88GTY,0,0,,,,Censored No Alarm,0,0,0,0,0,1,0.0007631537737324834,,2025-01-01,,0.217
8DG93TXY,0,0,,,,Censored No Alarm,0,0,0,0,0,1,0.001016724854707718,,2024-04-01,,0.217
8DJE2HWH,0,0,,,,Censored No Alarm,0,0,0,0,0,1,0.0008914906065911055,,2019-01-05,,0.217
8DJEPPSH,0,0,,,,Censored No Alarm,0,0,0,0,0,1,0.0009457244887016714,,2019-01-05,,0.217
8DJEPTWH,0,0,,,,Censored No Alarm,0,0,0,0,0,1,0.00047432881547138095,,2019-01-05,,0.217
8DJEUXLH,0,0,,,,Censored No Alarm,0,0,0,0,0,1,0.06614497303962708,,2019-01-05,,0.217
8DK5NDLH,0,0,,,,Censored No Alarm,0,0,0,0,0,1,0.002308622933924198,,2020-01-03,,0.217
8DKHU24H,0,0,,,,Censored No Alarm,0,0,0,0,0,1,0.003995567560195923,,2019-12-29,,0.217
8DKUD8AH,0,0,,,,Censored No Alarm,0,0,0,0,0,1,0.0008015735656954348,,2019-01-05,,0.217
8DKV390H,0,0,,,,Censored No Alarm,0,0,0,0,0,1,0.0011010481975972652,,2019-03-01,,0.217
8HG28M3H,0,0,,,,Censored No Alarm,0,0,0,0,0,1,0.0006239845533855259,,2019-03-01,,0.217
8HG7LGUH,1,0,,2025-06-01,,Missed,0,0,0,0,1,0,0.13911506533622742,,2019-06-01,,0.217
8HGBYHPH,0,0,,,,Censored No Alarm,0,0,0,0,0,1,0.001442467444576323,,2021-10-03,,0.217
8HGNAB0H,0,0,,,,Censored No Alarm,0,0,0,0,0,1,0.0017488951561972499,,2019-03-28,,0.217
8HGZPYVH,0,1,2022-12-23,,,Censored Early,0,0,1,1,0,0,0.35225629806518555,0.2320932149887085,2019-01-05,1448.0,0.217
8HH12ZPH,0,0,,,,Censored No Alarm,0,0,0,0,0,1,0.0010151031892746687,,2018-11-14,,0.217
8HH5JYSH,0,0,,,,Censored No Alarm,0,0,0,0,0,1,0.00069078104570508,,2018-11-14,,0.217
8HH8BNRH,0,0,,,,Censored No Alarm,0,0,0,0,0,1,0.0017425788100808859,,2019-03-28,,0.217
8HH8P7RH,0,0,,,,Censored No Alarm,0,0,0,0,0,1,0.00046501425094902515,,2019-03-02,,0.217
8HH901KH,0,0,,,,Censored No Alarm,0,0,0,0,0,1,0.0013076612958684564,,2019-03-28,,0.217
8HH9ZRUH,0,0,,,,Censored No Alarm,0,0,0,0,0,1,0.0009411160135641694,,2019-03-01,,0.217
8HHARE1H,1,1,2023-03-14,2023-03-24,10.0,On time,1,0,0,0,0,0,0.5448002815246582,0.2762884795665741,2019-08-13,1309.0,0.217
8HHARGBH,0,0,,,,Censored No Alarm,0,0,0,0,0,1,0.0005338108167052269,,2019-03-02,,0.217
8HHATBKH,0,0,,,,Censored No Alarm,0,0,0,0,0,1,0.0009431810467503965,,2019-03-01,,0.217
8HHJXENH,0,0,,,,Censored No Alarm,0,0,0,0,0,1,0.0017249976517632604,,2019-01-05,,0.217
8HHNHSUH,1,0,,2024-12-06,,Missed,0,0,0,0,1,0,0.07253418117761612,,2019-05-04,,0.217
8HHPUREH,1,1,2023-08-09,2024-05-16,281.0,Early,0,1,0,1,0,0,0.2679661512374878,0.2237122505903244,2018-11-14,1729.0,0.217
8HHT1P2H,0,0,,,,Censored No Alarm,0,0,0,0,0,1,0.01083264872431755,,2018-11-14,,0.217
8HHTWXYH,0,0,,,,Censored No Alarm,0,0,0,0,0,1,0.0009815150406211615,,2018-11-14,,0.217
8HHZ6MGH,0,0,,,,Censored No Alarm,0,0,0,0,0,1,0.0013271188363432884,,2018-11-14,,0.217
8HJ1NNDH,0,0,,,,Censored No Alarm,0,0,0,0,0,1,0.0006615447928197682,,2018-11-14,,0.217
8HJ6SJAH,0,0,,,,Censored No Alarm,0,0,0,0,0,1,0.009937130846083164,,2018-11-14,,0.217
8HJ6SJTH,0,0,,,,Censored No Alarm,0,0,0,0,0,1,0.0018889883067458868,,2018-11-14,,0.217
8HJ74BPH,0,0,,,,Censored No Alarm,0,0,0,0,0,1,0.0008611705270595849,,2018-11-14,,0.217
8HJ7UJHH,0,0,,,,Censored No Alarm,0,0,0,0,0,1,0.0011021916288882494,,2018-11-14,,0.217
8HJ7Y9BH,0,0,,,,Censored No Alarm,0,0,0,0,0,1,0.014388401061296463,,2018-11-14,,0.217
8HJ7Z0DH,0,0,,,,Censored No Alarm,0,0,0,0,0,1,0.0008002212271094322,,2019-05-04,,0.217
8HJ7Z10H,0,0,,,,Censored No Alarm,0,0,0,0,0,1,0.0005786510300822556,,2018-11-14,,0.217
8HJ7Z1MH,0,0,,,,Censored No Alarm,0,0,0,0,0,1,0.008004100061953068,,2018-11-14,,0.217
8HJ86APH,0,0,,,,Censored No Alarm,0,0,0,0,0,1,0.031287506222724915,,2018-11-14,,0.217
8HJ86NXH,0,0,,,,Censored No Alarm,0,0,0,0,0,1,0.0006418389966711402,,2019-05-04,,0.217
8HJ8LEXH,0,0,,,,Censored No Alarm,0,0,0,0,0,1,0.06277263909578323,,2019-05-04,,0.217
8HJ8LKMH,1,0,,2026-03-14,,Missed,0,0,0,0,1,0,0.17825493216514587,,2018-11-14,,0.217
8HJ91WDH,0,0,,,,Censored No Alarm,0,0,0,0,0,1,0.0006398118566721678,,2019-05-04,,0.217
8HJ94EVH,0,0,,,,Censored No Alarm,0,0,0,0,0,1,0.0007328056381084025,,2018-11-14,,0.217
8HJ9JWTH,0,0,,,,Censored No Alarm,0,0,0,0,0,1,0.0011338574113324285,,2018-11-14,,0.217
8HJ9K7HH,1,0,,2025-01-28,,Missed,0,0,0,0,1,0,0.18387740850448608,,2018-11-14,,0.217
8HJ9KKGH,0,0,,,,Censored No Alarm,0,0,0,0,0,1,0.0006396927055902779,,2019-05-04,,0.217
8HJ9KN1H,0,0,,,,Censored No Alarm,0,0,0,0,0,1,0.0013528262497857213,,2018-11-14,,0.217
8HJ9LS1H,0,0,,,,Censored No Alarm,0,0,0,0,0,1,0.0011744446819648147,,2018-11-14,,0.217
8HJ9M5NH,0,0,,,,Censored No Alarm,0,0,0,0,0,1,0.0014274739660322666,,2018-11-14,,0.217
8HJ9M94H,0,0,,,,Censored No Alarm,0,0,0,0,0,1,0.0006528976955451071,,2018-11-14,,0.217
8HJ9MZBH,0,0,,,,Censored No Alarm,0,0,0,0,0,1,0.0006496229907497764,,2019-05-04,,0.217
8HJ9NHPH,0,0,,,,Censored No Alarm,0,0,0,0,0,1,0.0010738309938460588,,2018-11-14,,0.217
8HJ9NKKH,0,0,,,,Censored No Alarm,0,0,0,0,0,1,0.0006619481137022376,,2018-11-14,,0.217
8HJ9RYSH,0,0,,,,Censored No Alarm,0,0,0,0,0,1,0.0006462574820034206,,2018-11-14,,0.217
8HJ9S05H,0,0,,,,Censored No Alarm,0,0,0,0,0,1,0.00044187268940731883,,2018-11-14,,0.217
8HJ9S0EH,0,0,,,,Censored No Alarm,0,0,0,0,0,1,0.0012931468663737178,,2018-11-14,,0.217
8HJ9Y3ZH,0,0,,,,Censored No Alarm,0,0,0,0,0,1,0.0012307304423302412,,2019-05-04,,0.217
8HJA085H,0,0,,,,Censored No Alarm,0,0,0,0,0,1,0.0005513573996722698,,2018-11-14,,0.217
8HJA2DPH,0,0,,,,Censored No Alarm,0,0,0,0,0,1,0.00045146915363147855,,2018-11-14,,0.217
8HJA8DBH,0,0,,,,Censored No Alarm,0,0,0,0,0,1,0.0006736423238180578,,2018-11-14,,0.217
8HJBNYTH,0,0,,,,Censored No Alarm,0,0,0,0,0,1,0.09628072381019592,,2019-01-05,,0.217
8HJDK12H,0,0,,,,Censored No Alarm,0,0,0,0,0,1,0.0005434395861811936,,2018-11-14,,0.217
8HJDX4PH,0,0,,,,Censored No Alarm,0,0,0,0,0,1,0.00019319825514685363,,2018-11-14,,0.217
8HJEY89H,0,0,,,,Censored No Alarm,0,0,0,0,0,1,0.0005452870391309261,,2019-03-01,,0.217
8HJG85RH,0,0,,,,Censored No Alarm,0,0,0,0,0,1,0.00034344629966653883,,2019-03-01,,0.217
8HJGZPXH,0,0,,,,Censored No Alarm,0,0,0,0,0,1,0.001566051971167326,,2018-11-14,,0.217
8HJH62EH,0,0,,,,Censored No Alarm,0,0,0,0,0,1,0.0013182592811062932,,2018-11-14,,0.217
8HJH8RWH,0,0,,,,Censored No Alarm,0,0,0,0,0,1,0.0019589795265346766,,2019-03-01,,0.217
8HJK2HSH,0,0,,,,Censored No Alarm,0,0,0,0,0,1,0.014735492877662182,,2018-11-14,,0.217
8HJLKZRH,0,0,,,,Censored No Alarm,0,0,0,0,0,1,0.0005500618717633188,,2018-11-14,,0.217
8HJRD7PH,0,0,,,,Censored No Alarm,0,0,0,0,0,1,0.0008025473216548562,,2019-03-01,,0.217
8HJRUMWH,0,0,,,,Censored No Alarm,0,0,0,0,0,1,0.003530485089868307,,2018-11-14,,0.217
8HJRVW4H,0,0,,,,Censored No Alarm,0,0,0,0,0,1,0.0009802987333387136,,2018-11-14,,0.217
8HJUGTVH,0,0,,,,Censored No Alarm,0,0,0,0,0,1,0.08592544496059418,,2018-11-14,,0.217
8HJVJKPH,0,0,,,,Censored No Alarm,0,0,0,0,0,1,0.0011077874805778265,,2018-11-14,,0.217
8HJVUAGH,0,0,,,,Censored No Alarm,0,0,0,0,0,1,0.0005724996444769204,,2018-11-14,,0.217
8HJWBJXH,0,0,,,,Censored No Alarm,0,0,0,0,0,1,0.0006536442087963223,,2018-11-14,,0.217
8HJWHD6H,0,0,,,,Censored No Alarm,0,0,0,0,0,1,0.003937050234526396,,2018-11-14,,0.217
8HJWHEJH,0,0,,,,Censored No Alarm,0,0,0,0,0,1,0.0014577015535905957,,2019-03-28,,0.217
8HJXG0WH,1,0,,2022-05-01,,Missed,0,0,0,0,1,0,0.011398295871913433,,2018-11-14,,0.217
8HJXKBDH,0,0,,,,Censored No Alarm,0,0,0,0,0,1,0.0006158543983474374,,2019-03-01,,0.217
8HJXU87H,0,0,,,,Censored No Alarm,0,0,0,0,0,1,0.11331910640001297,,2018-11-14,,0.217
8HJY20MH,0,0,,,,Censored No Alarm,0,0,0,0,0,1,0.0006807622266933322,,2018-11-14,,0.217
8HJYTXWH,0,0,,,,Censored No Alarm,0,0,0,0,0,1,0.0006183251971378922,,2018-11-14,,0.217
8HJYU0JH,0,0,,,,Censored No Alarm,0,0,0,0,0,1,0.00018393744539935142,,2018-11-14,,0.217
8HJYZNZH,0,0,,,,Censored No Alarm,0,0,0,0,0,1,0.0005746777169406414,,2018-11-14,,0.217
8HJZ13TH,0,0,,,,Censored No Alarm,0,0,0,0,0,1,0.0014526054728776217,,2018-11-14,,0.217
8HJZADEH,0,0,,,,Censored No Alarm,0,0,0,0,0,1,0.000611404946539551,,2018-11-14,,0.217
8HJZEG6H,1,0,,2023-11-17,,Missed,0,0,0,0,1,0,0.10736286640167236,,2018-11-14,,0.217
8HJZG4AH,0,0,,,,Censored No Alarm,0,0,0,0,0,1,0.000545312010217458,,2018-11-14,,0.217
8HJZNVWH,0,0,,,,Censored No Alarm,0,0,0,0,0,1,0.0002185469347750768,,2018-11-14,,0.217
8HK087WH,0,0,,,,Censored No Alarm,0,0,0,0,0,1,0.1193157285451889,,2018-11-14,,0.217
8HK0HH3H,0,0,,,,Censored No Alarm,0,0,0,0,0,1,0.0005019547534175217,,2018-11-14,,0.217
8HK12NNH,0,0,,,,Censored No Alarm,0,0,0,0,0,1,0.0008661121246404946,,2018-11-14,,0.217
8HK17SKH,0,1,2025-09-25,,,Censored Early,0,0,1,1,0,0,0.3688887357711792,0.2965008318424225,2018-11-14,2507.0,0.217
8HK17SWH,0,0,,,,Censored No Alarm,0,0,0,0,0,1,0.000610237184446305,,2018-11-14,,0.217
8HK17SYH,0,0,,,,Censored No Alarm,0,0,0,0,0,1,0.19784007966518402,,2018-11-14,,0.217
8HK19K9H,0,0,,,,Censored No Alarm,0,0,0,0,0,1,0.0005616722628474236,,2018-11-14,,0.217
8HK19KVH,0,0,,,,Censored No Alarm,0,0,0,0,0,1,0.0008840729133225977,,2018-11-14,,0.217
8HK1KY3H,0,0,,,,Censored No Alarm,0,0,0,0,0,1,0.0014566323952749372,,2018-11-14,,0.217
8HK1LYPH,0,0,,,,Censored No Alarm,0,0,0,0,0,1,0.0010493847075849771,,2018-11-14,,0.217
8HK1N18H,0,0,,,,Censored No Alarm,0,0,0,0,0,1,0.0013157648500055075,,2018-11-14,,0.217
8HK1PV7H,0,0,,,,Censored No Alarm,0,0,0,0,0,1,0.0005206507630646229,,2018-11-14,,0.217
8HK1UULH,0,0,,,,Censored No Alarm,0,0,0,0,0,1,0.0005547262844629586,,2018-11-14,,0.217
8HK1XAAH,1,0,,2021-10-24,,Missed,0,0,0,0,1,0,0.0001431491255061701,,2018-11-14,,0.217
8HK224GH,0,0,,,,Censored No Alarm,0,0,0,0,0,1,0.0008894928614608943,,2018-11-14,,0.217
8HK25XSH,0,0,,,,Censored No Alarm,0,0,0,0,0,1,0.11314672976732254,,2018-11-14,,0.217
8HK266WH,0,0,,,,Censored No Alarm,0,0,0,0,0,1,0.011831609532237053,,2018-11-14,,0.217
8HK28TJH,0,0,,,,Censored No Alarm,0,0,0,0,0,1,0.00048151431838050485,,2018-11-14,,0.217
8HK28Y0H,0,0,,,,Censored No Alarm,0,0,0,0,0,1,0.0011696177534759045,,2018-11-14,,0.217
8HK2A1EH,0,0,,,,Censored No Alarm,0,0,0,0,0,1,0.004021506290882826,,2019-06-01,,0.217
8HK2BA6H,0,0,,,,Censored No Alarm,0,0,0,0,0,1,0.0012671701842918992,,2018-11-14,,0.217
8HK2BAEH,0,0,,,,Censored No Alarm,0,0,0,0,0,1,0.000895490578841418,,2018-11-14,,0.217
8HK2DVKH,0,0,,,,Censored No Alarm,0,0,0,0,0,1,0.0007245936430990696,,2018-11-14,,0.217
8HK2JXUH,0,0,,,,Censored No Alarm,0,0,0,0,0,1,0.0010347181232646108,,2019-03-28,,0.217
8HK2KY6H,0,0,,,,Censored No Alarm,0,0,0,0,0,1,0.0005732460995204747,,2018-11-14,,0.217
8HK2MXPH,0,0,,,,Censored No Alarm,0,0,0,0,0,1,0.0007467274554073811,,2018-11-14,,0.217
8HK2RMWH,0,0,,,,Censored No Alarm,0,0,0,0,0,1,0.012937377206981182,,2018-11-14,,0.217
8HK2RNWH,0,0,,,,Censored No Alarm,0,0,0,0,0,1,0.0012757799122482538,,2018-11-14,,0.217
8HK2RP9H,0,0,,,,Censored No Alarm,0,0,0,0,0,1,0.0007118993089534342,,2018-11-14,,0.217
8HK2VLMH,0,0,,,,Censored No Alarm,0,0,0,0,0,1,0.0007654976798221469,,2018-11-14,,0.217
8HK2X4YH,0,0,,,,Censored No Alarm,0,0,0,0,0,1,0.000548105570487678,,2018-11-14,,0.217
8HK2ZPDH,0,0,,,,Censored No Alarm,0,0,0,0,0,1,0.0017803988885134459,,2019-05-04,,0.217
8HK2ZT1H,0,0,,,,Censored No Alarm,0,0,0,0,0,1,0.0010897113243117929,,2018-11-14,,0.217
8HK31WMH,0,0,,,,Censored No Alarm,0,0,0,0,0,1,0.001718400977551937,,2019-05-04,,0.217
8HK31Y8H,0,0,,,,Censored No Alarm,0,0,0,0,0,1,0.0011833851458504796,,2018-11-14,,0.217
8HK341ZH,0,0,,,,Censored No Alarm,0,0,0,0,0,1,0.012108265422284603,,2018-11-14,,0.217
8HK34EZH,0,0,,,,Censored No Alarm,0,0,0,0,0,1,0.0027818852104246616,,2018-11-14,,0.217
8HK3BWZH,0,0,,,,Censored No Alarm,0,0,0,0,0,1,0.014770898036658764,,2018-11-14,,0.217
8HK3GTLH,0,0,,,,Censored No Alarm,0,0,0,0,0,1,0.018595946952700615,,2018-11-14,,0.217
8HK3GUXH,0,0,,,,Censored No Alarm,0,0,0,0,0,1,0.0026137835811823606,,2018-11-14,,0.217
8HK3MMSH,0,0,,,,Censored No Alarm,0,0,0,0,0,1,0.000870870950166136,,2018-11-14,,0.217
8HK3NG2H,0,0,,,,Censored No Alarm,0,0,0,0,0,1,0.0004988094442524016,,2018-11-14,,0.217
8HK3NJMH,0,0,,,,Censored No Alarm,0,0,0,0,0,1,0.0014784313971176744,,2018-11-14,,0.217
8HK41HEH,0,0,,,,Censored No Alarm,0,0,0,0,0,1,0.0006214274908415973,,2018-11-14,,0.217
8HK69BMH,0,0,,,,Censored No Alarm,0,0,0,0,0,1,0.0004487023106776178,,2019-03-01,,0.217
8HK6T2AH,0,0,,,,Censored No Alarm,0,0,0,0,0,1,0.000464393146103248,,2018-11-14,,0.217
8HK6TL7H,0,0,,,,Censored No Alarm,0,0,0,0,0,1,0.0007672017673030496,,2018-11-14,,0.217
8HK6UUDH,0,0,,,,Censored No Alarm,0,0,0,0,0,1,0.0009107048972509801,,2019-03-28,,0.217
8HK6V14H,0,0,,,,Censored No Alarm,0,0,0,0,0,1,0.00047272417577914894,,2018-11-14,,0.217
8HK6VSKH,1,1,2024-03-05,2024-03-10,5.0,On time,1,0,0,0,0,0,0.5783280730247498,0.22047309577465057,2018-11-14,1938.0,0.217
8HK70X7H,0,0,,,,Censored No Alarm,0,0,0,0,0,1,0.01048773992806673,,2018-11-14,,0.217
8HK7194H,0,0,,,,Censored No Alarm,0,0,0,0,0,1,0.15039126574993134,,2018-11-14,,0.217
8HK72J0H,0,0,,,,Censored No Alarm,0,0,0,0,0,1,0.0008120345883071423,,2018-11-14,,0.217
8HK7DKMH,0,0,,,,Censored No Alarm,0,0,0,0,0,1,0.00037160111241973937,,2019-03-02,,0.217
8HK7E5DH,0,0,,,,Censored No Alarm,0,0,0,0,0,1,0.0005264509818516672,,2018-11-14,,0.217
8HK7E68H,0,0,,,,Censored No Alarm,0,0,0,0,0,1,0.0013894557487219572,,2018-11-14,,0.217
8HK7H58H,0,0,,,,Censored No Alarm,0,0,0,0,0,1,0.0007154690101742744,,2018-11-14,,0.217
8HK80P1H,0,0,,,,Censored No Alarm,0,0,0,0,0,1,0.027240417897701263,,2019-01-05,,0.217
8HKB2WEH,0,0,,,,Censored No Alarm,0,0,0,0,0,1,0.032298605889081955,,2019-01-05,,0.217
8HKB3M2H,0,0,,,,Censored No Alarm,0,0,0,0,0,1,0.000447036640252918,,2019-01-05,,0.217
8HKB4R4H,0,0,,,,Censored No Alarm,0,0,0,0,0,1,0.0009395132074132562,,2019-05-04,,0.217
8HKBBKKH,0,0,,,,Censored No Alarm,0,0,0,0,0,1,0.12322995066642761,,2018-11-14,,0.217
8HKBYNVH,0,0,,,,Censored No Alarm,0,0,0,0,0,1,0.0006230132421478629,,2019-05-04,,0.217
8HKE039H,0,0,,,,Censored No Alarm,0,0,0,0,0,1,0.04665922373533249,,2018-11-14,,0.217
8HKE6E1H,0,0,,,,Censored No Alarm,0,0,0,0,0,1,0.0010800440795719624,,2019-01-05,,0.217
8HKE8S7H,0,0,,,,Censored No Alarm,0,0,0,0,0,1,0.029775546863675117,,2019-01-05,,0.217
8HKEAWEH,0,0,,,,Censored No Alarm,0,0,0,0,0,1,0.0027537515852600336,,2019-06-01,,0.217
8HKEKYRH,0,0,,,,Censored No Alarm,0,0,0,0,0,1,0.0023754145950078964,,2019-06-01,,0.217
8HKG0GWH,0,0,,,,Censored No Alarm,0,0,0,0,0,1,0.0006942505133338273,,2019-01-05,,0.217
8HKHPZHH,0,0,,,,Censored No Alarm,0,0,0,0,0,1,0.004064146429300308,,2019-06-01,,0.217
8HKJ4MAH,0,0,,,,Censored No Alarm,0,0,0,0,0,1,0.0005240868194960058,,2019-03-01,,0.217
8HKJ5KDH,1,0,,2025-06-29,,Missed,0,0,0,0,1,0,0.001100574736483395,,2018-11-14,,0.217
8HKL6STH,0,0,,,,Censored No Alarm,0,0,0,0,0,1,0.002808707533404231,,2019-03-02,,0.217
8HKLRUSH,0,0,,,,Censored No Alarm,0,0,0,0,0,1,0.21526406705379486,,2019-03-01,,0.217
8HKM415H,0,0,,,,Censored No Alarm,0,0,0,0,0,1,0.0005204902263358235,,2019-03-01,,0.217
8HKM5RVH,0,0,,,,Censored No Alarm,0,0,0,0,0,1,0.0013427691301330924,,2019-03-28,,0.217
8HKM654H,0,0,,,,Censored No Alarm,0,0,0,0,0,1,0.0010373840341344476,,2019-03-28,,0.217
8HKM9Z1H,0,0,,,,Censored No Alarm,0,0,0,0,0,1,0.0012869002530351281,,2019-03-28,,0.217
8HKMR21H,1,0,,2020-09-02,,Missed,0,0,0,0,1,0,0.11364307254552841,,2019-03-28,,0.217
8HKNMW1H,0,0,,,,Censored No Alarm,0,0,0,0,0,1,0.0009427987388335168,,2019-05-04,,0.217
8HKNN28H,0,0,,,,Censored No Alarm,0,0,0,0,0,1,0.043949734419584274,,2019-06-01,,0.217
8HKPM7RH,0,0,,,,Censored No Alarm,0,0,0,0,0,1,0.0007978145149536431,,2019-03-02,,0.217
8HKPZY9H,1,1,2024-06-14,2024-08-13,60.0,Early,0,1,0,1,0,0,0.26150432229042053,0.24065198004245758,2019-03-28,1905.0,0.217
8HKRER2H,0,0,,,,Censored No Alarm,0,0,0,0,0,1,0.004396853037178516,,2019-06-01,,0.217
8HKS4X3H,0,0,,,,Censored No Alarm,0,0,0,0,0,1,0.04354430362582207,,2019-03-02,,0.217
8HKTBA3H,1,1,2024-01-10,2024-09-22,256.0,Early,0,1,0,1,0,0,0.21850527822971344,0.21850527822971344,2019-03-01,1776.0,0.217
8HKTE54H,0,0,,,,Censored No Alarm,0,0,0,0,0,1,0.0012778230011463165,,2019-03-01,,0.217
8HKTH2SH,1,0,,2023-11-27,,Missed,0,0,0,0,1,0,0.0007428320241160691,,2019-03-01,,0.217
8HKTK0XH,0,0,,,,Censored No Alarm,0,0,0,0,0,1,0.0006802337011322379,,2019-01-05,,0.217
8HKU0DXH,0,0,,,,Censored No Alarm,0,0,0,0,0,1,0.0004653692012652755,,2019-03-01,,0.217
8HKU3YTH,1,1,2023-11-06,2024-07-13,250.0,Early,0,1,0,1,0,0,0.26725509762763977,0.22611020505428314,2019-03-01,1711.0,0.217
8HKU4WXH,0,0,,,,Censored No Alarm,0,0,0,0,0,1,0.007266956381499767,,2019-01-05,,0.217
8HKUEJHH,1,0,,2025-04-25,,Missed,0,0,0,0,1,0,0.0014625897165387869,,2019-03-28,,0.217
8HKVW60H,0,0,,,,Censored No Alarm,0,0,0,0,0,1,0.0010309279896318913,,2019-03-28,,0.217
8HKW4NPH,0,0,,,,Censored No Alarm,0,0,0,0,0,1,0.0022124312818050385,,2019-06-01,,0.217
8HKWV1GH,0,0,,,,Censored No Alarm,0,0,0,0,0,1,0.0005996341933496296,,2019-01-05,,0.217
8HKWXJYH,0,0,,,,Censored No Alarm,0,0,0,0,0,1,0.0012666434049606323,,2019-03-28,,0.217
8HKY0KHH,1,1,2023-04-10,2024-05-14,400.0,Early,0,1,0,1,0,0,0.7545963525772095,0.24151349067687988,2019-03-01,1501.0,0.217
8HKY66PH,0,0,,,,Censored No Alarm,0,0,0,0,0,1,0.0005370132275857031,,2019-03-01,,0.217
8HKYJ38H,0,0,,,,Censored No Alarm,0,0,0,0,0,1,0.0008476117509417236,,2019-03-28,,0.217
8HKYZ6YH,0,0,,,,Censored No Alarm,0,0,0,0,0,1,0.0007166846771724522,,2019-03-28,,0.217
8HKZ213H,0,0,,,,Censored No Alarm,0,0,0,0,0,1,0.0004280484572518617,,2019-01-05,,0.217
8HKZDBRH,0,0,,,,Censored No Alarm,0,0,0,0,0,1,0.0013394646812230349,,2019-06-01,,0.217
8HKZL75H,0,0,,,,Censored No Alarm,0,0,0,0,0,1,0.018657397478818893,,2019-05-04,,0.217
AAG0EXPH,0,0,,,,Censored No Alarm,0,0,0,0,0,1,0.0005860474775545299,,2019-01-05,,0.217
AAG0LHRH,0,0,,,,Censored No Alarm,0,0,0,0,0,1,0.0013027912937104702,,2019-01-05,,0.217
AAG121VH,0,0,,,,Censored No Alarm,0,0,0,0,0,1,0.0038831480778753757,,2019-03-01,,0.217
AAG16VPH,0,0,,,,Censored No Alarm,0,0,0,0,0,1,0.0006581806810572743,,2019-01-05,,0.217
AAG18L0H,0,0,,,,Censored No Alarm,0,0,0,0,0,1,0.00048025327851064503,,2019-03-28,,0.217
AAG18MEH,0,0,,,,Censored No Alarm,0,0,0,0,0,1,0.0010829339735209942,,2019-03-01,,0.217
AAG197UH,0,0,,,,Censored No Alarm,0,0,0,0,0,1,0.0036173968110233545,,2019-06-01,,0.217
AAG1LSNH,1,0,,2025-07-30,,Missed,0,0,0,0,1,0,0.09695545583963394,,2019-01-05,,0.217
AAG1LSVH,0,0,,,,Censored No Alarm,0,0,0,0,0,1,0.004414937924593687,,2019-01-05,,0.217
AAG1LW3H,1,0,,2024-09-03,,Missed,0,0,0,0,1,0,0.1805710643529892,,2019-01-05,,0.217
AAG1PLVH,0,0,,,,Censored No Alarm,0,0,0,0,0,1,0.0010181847028434277,,2019-03-28,,0.217
AAG1PM9H,0,0,,,,Censored No Alarm,0,0,0,0,0,1,0.0023051053285598755,,2019-03-28,,0.217
AAG1RJAH,0,0,,,,Censored No Alarm,0,0,0,0,0,1,0.12497995793819427,,2019-03-28,,0.217
AAG1RK5H,0,0,,,,Censored No Alarm,0,0,0,0,0,1,0.000570746953599155,,2019-01-05,,0.217
AAG1RR9H,0,0,,,,Censored No Alarm,0,0,0,0,0,1,0.0012269059661775827,,2019-03-28,,0.217
AAG1RUJH,0,0,,,,Censored No Alarm,0,0,0,0,0,1,0.0016048731049522758,,2019-03-28,,0.217
AAG1TGGH,0,0,,,,Censored No Alarm,0,0,0,0,0,1,0.0012408597394824028,,2019-01-05,,0.217
AAG1VJYH,0,0,,,,Censored No Alarm,0,0,0,0,0,1,0.0004978777142241597,,2019-03-28,,0.217
AAG1VNPH,0,0,,,,Censored No Alarm,0,0,0,0,0,1,0.0004854668804910034,,2019-01-05,,0.217
AAG1Z4AH,0,0,,,,Censored No Alarm,0,0,0,0,0,1,0.022400030866265297,,2019-08-13,,0.217
AAG23A2H,0,0,,,,Censored No Alarm,0,0,0,0,0,1,0.13988153636455536,,2019-01-05,,0.217
AAG23AKH,0,0,,,,Censored No Alarm,0,0,0,0,0,1,0.0007879407494328916,,2019-01-05,,0.217
AAG23AVH,0,0,,,,Censored No Alarm,0,0,0,0,0,1,0.0010125662665814161,,2019-03-28,,0.217
AAG246TH,0,0,,,,Censored No Alarm,0,0,0,0,0,1,0.0017304214416071773,,2019-06-01,,0.217
AAG24UVH,0,0,,,,Censored No Alarm,0,0,0,0,0,1,0.0006649394636042416,,2019-01-05,,0.217
AAG24VXH,0,0,,,,Censored No Alarm,0,0,0,0,0,1,0.0004968683351762593,,2019-01-05,,0.217
AAG26NBH,1,0,,2023-10-19,,Missed,0,0,0,0,1,0,0.13959428668022156,,2019-03-28,,0.217
AAG26TPH,0,0,,,,Censored No Alarm,0,0,0,0,0,1,0.1182376816868782,,2019-03-28,,0.217
AAG26U9H,1,0,,2023-01-26,,Missed,0,0,0,0,1,0,0.02219299040734768,,2019-06-01,,0.217
AAG27VEH,0,0,,,,Censored No Alarm,0,0,0,0,0,1,0.001198863610625267,,2019-03-28,,0.217
AAG27W2H,0,0,,,,Censored No Alarm,0,0,0,0,0,1,0.0005625932826660573,,2019-03-01,,0.217
AAG27XPH,1,0,,2025-10-06,,Missed,0,0,0,0,1,0,0.0010623615235090256,,2019-03-28,,0.217
AAG27ZLH,0,0,,,,Censored No Alarm,0,0,0,0,0,1,0.0016902623465284705,,2019-03-28,,0.217
AAG281TH,1,0,,2024-07-25,,Missed,0,0,0,0,1,0,0.14679530262947083,,2019-01-05,,0.217
AAG2GGJH,0,0,,,,Censored No Alarm,0,0,0,0,0,1,0.002681832294911146,,2019-06-01,,0.217
AAG2JGJH,1,0,,2026-02-10,,Missed,0,0,0,0,1,0,0.04803414270281792,,2019-06-01,,0.217
AAG2JL4H,0,0,,,,Censored No Alarm,0,0,0,0,0,1,0.0006077421712689102,,2019-01-05,,0.217
AAG2RZJH,0,0,,,,Censored No Alarm,0,0,0,0,0,1,0.0014400415821000934,,2019-03-28,,0.217
AAG2S62H,0,0,,,,Censored No Alarm,0,0,0,0,0,1,0.001809829380363226,,2019-03-28,,0.217
AAG2S9YH,0,0,,,,Censored No Alarm,0,0,0,0,0,1,0.0016801536548882723,,2019-06-01,,0.217
AAG2SAYH,0,0,,,,Censored No Alarm,0,0,0,0,0,1,0.0020306690130382776,,2019-08-14,,0.217
AAG2SJ3H,0,0,,,,Censored No Alarm,0,0,0,0,0,1,0.0020246540661901236,,2019-08-13,,0.217
AAG2VSVH,0,0,,,,Censored No Alarm,0,0,0,0,0,1,0.001080320798791945,,2019-03-28,,0.217
AAG2Y6JH,0,0,,,,Censored No Alarm,0,0,0,0,0,1,0.0009243106469511986,,2019-03-28,,0.217
AAG2Z67H,0,0,,,,Censored No Alarm,0,0,0,0,0,1,0.0018673732411116362,,2019-06-01,,0.217
AAG2ZU1H,0,0,,,,Censored No Alarm,0,0,0,0,0,1,0.003663252340629697,,2019-06-01,,0.217
AAG305AH,0,0,,,,Censored No Alarm,0,0,0,0,0,1,0.004108323249965906,,2019-06-01,,0.217
AAG306GH,0,0,,,,Censored No Alarm,0,0,0,0,0,1,0.012079483829438686,,2019-01-05,,0.217
AAG34Z4H,0,0,,,,Censored No Alarm,0,0,0,0,0,1,0.0006769206374883652,,2019-01-05,,0.217
AAG350BH,0,1,2025-07-30,,,Censored Early,0,0,1,1,0,0,0.2659417986869812,0.23257221281528473,2019-03-28,2316.0,0.217
AAG350TH,0,0,,,,Censored No Alarm,0,0,0,0,0,1,0.0005505969747900963,,2019-03-28,,0.217
AAG3512H,0,0,,,,Censored No Alarm,0,0,0,0,0,1,0.0008845684351399541,,2019-03-28,,0.217
AAG352AH,0,0,,,,Censored No Alarm,0,0,0,0,0,1,0.0026146676391363144,,2019-06-01,,0.217
AAG353EH,0,0,,,,Censored No Alarm,0,0,0,0,0,1,0.0006739852833561599,,2019-01-05,,0.217
AAG35LWH,0,0,,,,Censored No Alarm,0,0,0,0,0,1,0.16719239950180054,,2019-01-05,,0.217
AAG401PH,0,0,,,,Censored No Alarm,0,0,0,0,0,1,0.0012272788444533944,,2019-01-05,,0.217
AAG46YHH,0,0,,,,Censored No Alarm,0,0,0,0,0,1,0.0007588204462081194,,2019-03-28,,0.217
AAG477BH,0,0,,,,Censored No Alarm,0,0,0,0,0,1,0.0009680321090854704,,2019-01-05,,0.217
AAG478DH,0,0,,,,Censored No Alarm,0,0,0,0,0,1,0.0017409190768375993,,2019-03-28,,0.217
AAG48B3H,0,0,,,,Censored No Alarm,0,0,0,0,0,1,0.0004707394109573215,,2019-03-02,,0.217
AAG4AA9H,0,0,,,,Censored No Alarm,0,0,0,0,0,1,0.03556724265217781,,2019-03-01,,0.217
AAG4VESH,0,1,2024-04-23,,,Censored Early,0,0,1,1,0,0,0.4357696771621704,0.21888163685798645,2019-03-01,1880.0,0.217
AAG4Z4YH,0,0,,,,Censored No Alarm,0,0,0,0,0,1,0.005240233615040779,,2019-03-01,,0.217
AAG4Z52H,0,0,,,,Censored No Alarm,0,0,0,0,0,1,0.005073177628219128,,2019-03-02,,0.217
AAG4Z5AH,1,1,2025-02-16,2025-03-14,26.0,On time,1,0,0,0,0,0,0.2722630798816681,0.21772661805152893,2019-01-05,2234.0,0.217
AAG4ZABH,0,0,,,,Censored No Alarm,0,0,0,0,0,1,0.0008931175107136369,,2019-03-01,,0.217
AAG51RHH,0,0,,,,Censored No Alarm,0,0,0,0,0,1,0.0008875418570823967,,2019-01-05,,0.217
AAG540GH,0,0,,,,Censored No Alarm,0,0,0,0,0,1,0.0012068386422470212,,2019-03-28,,0.217
AAG5DTTH,0,0,,,,Censored No Alarm,0,0,0,0,0,1,0.0013860531616955996,,2019-03-28,,0.217
AAG5Y4DH,0,0,,,,Censored No Alarm,0,0,0,0,0,1,0.0006922995089553297,,2019-01-05,,0.217
AAG5Y4LH,0,0,,,,Censored No Alarm,0,0,0,0,0,1,0.006841253489255905,,2019-01-05,,0.217
AAG5Y4TH,0,0,,,,Censored No Alarm,0,0,0,0,0,1,0.0006791130872443318,,2019-01-05,,0.217
AAG5Y4UH,0,0,,,,Censored No Alarm,0,0,0,0,0,1,0.0007583571132272482,,2019-01-05,,0.217
AAG5Y5UH,0,0,,,,Censored No Alarm,0,0,0,0,0,1,0.018510306254029274,,2019-01-05,,0.217
AAG5YJ4H,0,0,,,,Censored No Alarm,0,0,0,0,0,1,0.0035917966160923243,,2019-03-28,,0.217
AAG5YLKH,0,0,,,,Censored No Alarm,0,0,0,0,0,1,0.0017401865916326642,,2019-03-01,,0.217
AAG5YYBH,0,0,,,,Censored No Alarm,0,0,0,0,0,1,0.0006102756015025079,,2019-01-05,,0.217
AAG5YYKH,1,1,2025-07-18,2025-09-30,74.0,Early,0,1,0,1,0,0,0.3175782263278961,0.25190892815589905,2019-01-05,2386.0,0.217
AAG5YZ8H,0,0,,,,Censored No Alarm,0,0,0,0,0,1,0.0005336597678251565,,2019-03-28,,0.217
AAG5YZZH,1,0,,2025-07-30,,Missed,0,0,0,0,1,0,0.019262343645095825,,2019-03-02,,0.217
AAG613MH,0,0,,,,Censored No Alarm,0,0,0,0,0,1,0.00043750787153840065,,2019-01-05,,0.217
AAG613RH,1,0,,2025-06-06,,Missed,0,0,0,0,1,0,0.0008885200368240476,,2019-01-05,,0.217
AAG61KPH,0,0,,,,Censored No Alarm,0,0,0,0,0,1,0.005484302062541246,,2019-03-28,,0.217
AAG61LHH,1,1,2022-10-10,2024-05-17,585.0,Early,0,1,0,1,0,0,0.4299063980579376,0.21968388557434082,2019-03-01,1319.0,0.217
AAG61NEH,0,0,,,,Censored No Alarm,0,0,0,0,0,1,0.0007672989740967751,,2019-01-05,,0.217
AAG61NZH,0,0,,,,Censored No Alarm,0,0,0,0,0,1,0.07338698208332062,,2019-03-28,,0.217
AAG61P2H,0,0,,,,Censored No Alarm,0,0,0,0,0,1,0.0013081521028652787,,2019-03-01,,0.217
AAG61UMH,0,0,,,,Censored No Alarm,0,0,0,0,0,1,0.0073998053558170795,,2019-01-05,,0.217
AAG61WRH,0,0,,,,Censored No Alarm,0,0,0,0,0,1,0.000556226703338325,,2019-03-01,,0.217
AAG61Z1H,0,0,,,,Censored No Alarm,0,0,0,0,0,1,0.001013469067402184,,2019-01-05,,0.217
AAG61ZAH,0,0,,,,Censored No Alarm,0,0,0,0,0,1,0.0011262842454016209,,2019-03-01,,0.217
AAG620PH,0,0,,,,Censored No Alarm,0,0,0,0,0,1,0.0010589704615995288,,2019-03-28,,0.217
AAG621WH,0,0,,,,Censored No Alarm,0,0,0,0,0,1,0.0007778005674481392,,2019-01-05,,0.217
AAG623DH,0,0,,,,Censored No Alarm,0,0,0,0,0,1,0.0006401690188795328,,2019-01-05,,0.217
AAG6376H,0,0,,,,Censored No Alarm,0,0,0,0,0,1,0.005045660305768251,,2019-03-28,,0.217
AAG637RH,1,0,,2022-05-21,,Missed,0,0,0,0,1,0,0.00020714190031867474,,2019-01-05,,0.217
AAG6381H,0,0,,,,Censored No Alarm,0,0,0,0,0,1,0.0004414483264554292,,2019-01-05,,0.217
AAG638GH,0,0,,,,Censored No Alarm,0,0,0,0,0,1,0.0007743473397567868,,2019-01-05,,0.217
AAG639BH,0,0,,,,Censored No Alarm,0,0,0,0,0,1,0.0161038339138031,,2019-01-05,,0.217
AAG63DLH,0,0,,,,Censored No Alarm,0,0,0,0,0,1,0.001471986179240048,,2019-03-28,,0.217
AAG63JSH,0,0,,,,Censored No Alarm,0,0,0,0,0,1,0.0006336339865811169,,2019-03-02,,0.217
AAG63PJH,0,0,,,,Censored No Alarm,0,0,0,0,0,1,0.000600412196945399,,2019-03-28,,0.217
AAG63PKH,1,1,2022-05-19,2022-05-22,3.0,On time,1,0,0,0,0,0,0.2848159670829773,0.21876972913742065,2019-03-01,1175.0,0.217
AAG63PLH,0,0,,,,Censored No Alarm,0,0,0,0,0,1,0.0008967060712166131,,2019-03-01,,0.217
AAG63RGH,0,0,,,,Censored No Alarm,0,0,0,0,0,1,0.0008780938223935664,,2019-03-01,,0.217
AAG63TMH,1,1,2024-08-09,2025-09-02,389.0,Early,0,1,0,1,0,0,0.5454235076904297,0.22977137565612793,2019-03-02,1987.0,0.217
AAG63TSH,0,0,,,,Censored No Alarm,0,0,0,0,0,1,0.003523698076605797,,2019-03-28,,0.217
AAG63V6H,0,0,,,,Censored No Alarm,0,0,0,0,0,1,0.06815221160650253,,2019-03-28,,0.217
AAG63WHH,1,0,,2025-11-30,,Missed,0,0,0,0,1,0,0.14917245507240295,,2019-01-05,,0.217
AAG63Z8H,1,1,2025-09-14,2025-09-28,14.0,On time,1,0,0,0,0,0,0.591825008392334,0.31058937311172485,2019-03-01,2389.0,0.217
AAG6417H,1,1,2024-05-30,2024-06-06,7.0,On time,1,0,0,0,0,0,0.45845746994018555,0.26170143485069275,2019-03-01,1917.0,0.217
AAG6436H,0,0,,,,Censored No Alarm,0,0,0,0,0,1,0.0017925739521160722,,2019-06-01,,0.217
AAG64VXH,0,0,,,,Censored No Alarm,0,0,0,0,0,1,0.023009108379483223,,2019-01-05,,0.217
AAG6509H,0,0,,,,Censored No Alarm,0,0,0,0,0,1,0.0005584866157732904,,2019-03-28,,0.217
AAG67UZH,0,0,,,,Censored No Alarm,0,0,0,0,0,1,0.014486455358564854,,2019-03-28,,0.217
AAG67V3H,1,1,2025-06-20,2025-06-20,0.0,On time,1,0,0,0,0,0,0.2776090204715729,0.2776090204715729,2019-03-01,2303.0,0.217
AAG67VBH,0,0,,,,Censored No Alarm,0,0,0,0,0,1,0.00642505194991827,,2019-03-28,,0.217
AAG67W3H,0,0,,,,Censored No Alarm,0,0,0,0,0,1,0.0007804221240803599,,2019-03-01,,0.217
AAG67Z8H,0,0,,,,Censored No Alarm,0,0,0,0,0,1,0.006197587586939335,,2019-06-01,,0.217
AAG682YH,1,1,2024-02-11,2024-07-04,144.0,Early,0,1,0,1,0,0,0.3833734095096588,0.23638340830802917,2019-03-28,1781.0,0.217
AAG683JH,0,0,,,,Censored No Alarm,0,0,0,0,0,1,0.0010805586352944374,,2019-03-01,,0.217
AAG686GH,0,0,,,,Censored No Alarm,0,0,0,0,0,1,0.0005132845835760236,,2019-03-02,,0.217
AAG6870H,0,0,,,,Censored No Alarm,0,0,0,0,0,1,0.0010531654115766287,,2019-01-05,,0.217
AAG6878H,0,0,,,,Censored No Alarm,0,0,0,0,0,1,0.000780878181103617,,2019-01-05,,0.217
AAG687GH,0,0,,,,Censored No Alarm,0,0,0,0,0,1,0.0007224854198284447,,2019-03-01,,0.217
AAG687MH,0,0,,,,Censored No Alarm,0,0,0,0,0,1,0.0012894922401756048,,2019-03-28,,0.217
AAG68AGH,0,0,,,,Censored No Alarm,0,0,0,0,0,1,0.0008641864988021553,,2019-06-01,,0.217
AAG68AKH,0,0,,,,Censored No Alarm,0,0,0,0,0,1,0.10367925465106964,,2019-03-02,,0.217
AAG68AUH,0,0,,,,Censored No Alarm,0,0,0,0,0,1,0.0007178792147897184,,2019-01-05,,0.217
AAG68AXH,0,0,,,,Censored No Alarm,0,0,0,0,0,1,0.0014344716910272837,,2019-03-28,,0.217
AAG68BRH,0,0,,,,Censored No Alarm,0,0,0,0,0,1,0.13764610886573792,,2019-01-05,,0.217
AAG68EWH,1,0,,2023-04-01,,Missed,0,0,0,0,1,0,0.08367706090211868,,2019-01-05,,0.217
AAG68EXH,1,0,,2024-06-19,,Missed,0,0,0,0,1,0,0.050005096942186356,,2019-01-05,,0.217
AAG68KVH,0,0,,,,Censored No Alarm,0,0,0,0,0,1,0.002159942639991641,,2019-01-05,,0.217
AAG691PH,0,0,,,,Censored No Alarm,0,0,0,0,0,1,0.0029996533412486315,,2019-06-01,,0.217
AAG691VH,0,0,,,,Censored No Alarm,0,0,0,0,0,1,0.0403420515358448,,2019-01-05,,0.217
AAG69LHH,0,0,,,,Censored No Alarm,0,0,0,0,0,1,0.0007142805261537433,,2019-06-01,,0.217
AAG69TTH,0,0,,,,Censored No Alarm,0,0,0,0,0,1,0.0008855128544382751,,2019-03-01,,0.217
AAG69WWH,0,0,,,,Censored No Alarm,0,0,0,0,0,1,0.0004382312181405723,,2019-01-05,,0.217
AAG69YWH,0,0,,,,Censored No Alarm,0,0,0,0,0,1,0.0030011909548193216,,2019-03-02,,0.217
AAG6A03H,0,0,,,,Censored No Alarm,0,0,0,0,0,1,0.0007206731825135648,,2019-03-02,,0.217
AAG6A07H,0,0,,,,Censored No Alarm,0,0,0,0,0,1,0.00631925230845809,,2019-03-01,,0.217
AAG6A0AH,0,0,,,,Censored No Alarm,0,0,0,0,0,1,0.0016588238067924976,,2019-01-05,,0.217
AAG6AATH,0,0,,,,Censored No Alarm,0,0,0,0,0,1,0.0010761218145489693,,2019-06-01,,0.217
AAG6AV4H,0,0,,,,Censored No Alarm,0,0,0,0,0,1,0.0005769155104644597,,2019-03-01,,0.217
AAG6AWTH,1,0,,2024-07-08,,Missed,0,0,0,0,1,0,0.12455957382917404,,2019-03-28,,0.217
AAG6AX6H,0,0,,,,Censored No Alarm,0,0,0,0,0,1,0.0016771809896454215,,2019-03-28,,0.217
AAG6B4HH,0,0,,,,Censored No Alarm,0,0,0,0,0,1,0.0009656938491389155,,2019-03-28,,0.217
AAG6B5KH,0,0,,,,Censored No Alarm,0,0,0,0,0,1,0.0010416732402518392,,2019-03-28,,0.217
AAG6DT9H,1,0,,2019-04-25,,Missed,0,0,0,0,1,0,0.0002627493522595614,,2019-03-01,,0.217
AAG6DVEH,0,0,,,,Censored No Alarm,0,0,0,0,0,1,0.021495142951607704,,2019-03-01,,0.217
AAG6DXTH,0,0,,,,Censored No Alarm,0,0,0,0,0,1,0.014148175716400146,,2019-01-05,,0.217
AAG6E2HH,0,0,,,,Censored No Alarm,0,0,0,0,0,1,0.0007884300430305302,,2019-03-28,,0.217
AAG6E60H,0,0,,,,Censored No Alarm,0,0,0,0,0,1,0.0012227811384946108,,2019-03-01,,0.217
AAG6E7EH,0,0,,,,Censored No Alarm,0,0,0,0,0,1,0.0008368698181584477,,2019-03-28,,0.217
AAG6E7RH,0,0,,,,Censored No Alarm,0,0,0,0,0,1,0.0005908139864914119,,2019-03-02,,0.217
AAG6ESPH,0,0,,,,Censored No Alarm,0,0,0,0,0,1,0.00047044354141689837,,2019-01-05,,0.217
AAG6EVRH,0,0,,,,Censored No Alarm,0,0,0,0,0,1,0.0004623824788723141,,2019-01-05,,0.217
AAG6EX3H,0,0,,,,Censored No Alarm,0,0,0,0,0,1,0.0006661973311565816,,2019-01-05,,0.217
AAG6GM1H,0,0,,,,Censored No Alarm,0,0,0,0,0,1,0.0007709269411861897,,2019-03-28,,0.217
AAG6H25H,0,0,,,,Censored No Alarm,0,0,0,0,0,1,0.0008621554006822407,,2019-03-01,,0.217
AAG6HG0H,0,0,,,,Censored No Alarm,0,0,0,0,0,1,0.0005914061330258846,,2019-03-01,,0.217
AAG6HSEH,0,0,,,,Censored No Alarm,0,0,0,0,0,1,0.0007482945802621543,,2019-03-02,,0.217
AAG6HYXH,0,0,,,,Censored No Alarm,0,0,0,0,0,1,0.0011060959659516811,,2019-03-02,,0.217
AAG6J1MH,0,0,,,,Censored No Alarm,0,0,0,0,0,1,0.00042367144487798214,,2019-01-05,,0.217
AAG6J1TH,1,0,,2025-10-07,,Missed,0,0,0,0,1,0,0.14736805856227875,,2019-03-01,,0.217
AAG6J2DH,1,0,,2024-01-03,,Missed,0,0,0,0,1,0,0.025045668706297874,,2019-03-28,,0.217
AAG6J2KH,1,1,2022-11-16,2023-10-19,337.0,Early,0,1,0,1,0,0,0.3747587502002716,0.22682896256446838,2019-01-05,1411.0,0.217
AAG6KJ6H,0,0,,,,Censored No Alarm,0,0,0,0,0,1,0.0013882548082619905,,2019-03-28,,0.217
AAG6KJPH,0,0,,,,Censored No Alarm,0,0,0,0,0,1,0.0011050923494622111,,2019-03-28,,0.217
AAG6KTJH,0,0,,,,Censored No Alarm,0,0,0,0,0,1,0.0007593695190735161,,2019-03-02,,0.217
AAG6KTRH,0,0,,,,Censored No Alarm,0,0,0,0,0,1,0.0007569346926175058,,2019-01-05,,0.217
AAG6KUAH,0,1,2025-12-02,,,Censored Early,0,0,1,1,0,0,0.31225016713142395,0.248055562376976,2019-01-05,2523.0,0.217
AAG6KUJH,0,0,,,,Censored No Alarm,0,0,0,0,0,1,0.001263987272977829,,2019-03-01,,0.217
AAG6KV6H,1,0,,2021-11-27,,Missed,0,0,0,0,1,0,0.01093091256916523,,2019-03-01,,0.217
AAG6L88H,0,0,,,,Censored No Alarm,0,0,0,0,0,1,0.0007498004124499857,,2019-03-28,,0.217
AAG6L8VH,0,1,2026-01-02,,,Censored Early,0,0,1,1,0,0,0.23485544323921204,0.21712994575500488,2019-03-28,2472.0,0.217
AAG6LD7H,1,0,,2025-06-16,,Missed,0,0,0,0,1,0,0.03156753256917,,2019-03-01,,0.217
AAG6LDTH,0,0,,,,Censored No Alarm,0,0,0,0,0,1,0.0012730160960927606,,2019-03-28,,0.217
AAG6LEHH,0,0,,,,Censored No Alarm,0,0,0,0,0,1,0.0006207142141647637,,2019-03-01,,0.217
AAG6LEJH,0,0,,,,Censored No Alarm,0,0,0,0,0,1,0.0005242509650997818,,2019-03-01,,0.217
AAG6LG9H,0,0,,,,Censored No Alarm,0,0,0,0,0,1,0.0013626049039885402,,2019-01-05,,0.217
AAG6LTSH,0,0,,,,Censored No Alarm,0,0,0,0,0,1,0.01506838109344244,,2019-03-01,,0.217
AAG6M3BH,0,0,,,,Censored No Alarm,0,0,0,0,0,1,0.0006322755361907184,,2019-03-02,,0.217
AAG6M8TH,0,0,,,,Censored No Alarm,0,0,0,0,0,1,0.0005778149352408946,,2019-01-05,,0.217
AAG6MABH,0,0,,,,Censored No Alarm,0,0,0,0,0,1,0.0009802366839721799,,2019-05-04,,0.217
AAG6NEEH,0,0,,,,Censored No Alarm,0,0,0,0,0,1,0.0010176401119679213,,2019-03-28,,0.217
AAG6NP0H,1,1,2024-02-03,2024-09-22,232.0,Early,0,1,0,1,0,0,0.38111403584480286,0.24885037541389465,2019-03-01,1800.0,0.217
AAG6NPRH,1,1,2025-12-04,2026-03-12,98.0,Early,0,1,0,1,0,0,0.5742890238761902,0.24545150995254517,2019-03-01,2470.0,0.217
AAG6NRBH,1,1,2024-04-22,2024-07-11,80.0,Early,0,1,0,1,0,0,0.2814968526363373,0.24425895512104034,2019-03-28,1852.0,0.217
AAG6NRZH,0,0,,,,Censored No Alarm,0,0,0,0,0,1,0.0014480174286291003,,2019-03-28,,0.217
AAG6NS8H,0,0,,,,Censored No Alarm,0,0,0,0,0,1,0.1450965702533722,,2019-03-28,,0.217
AAG6NSKH,0,0,,,,Censored No Alarm,0,0,0,0,0,1,0.06150205060839653,,2019-01-05,,0.217
AAG6NVKH,0,0,,,,Censored No Alarm,0,0,0,0,0,1,0.0010120498482137918,,2019-01-05,,0.217
AAG6NW3H,0,0,,,,Censored No Alarm,0,0,0,0,0,1,0.0009309540619142354,,2019-06-01,,0.217
AAG6P40H,0,0,,,,Censored No Alarm,0,0,0,0,0,1,0.0005050878971815109,,2019-01-05,,0.217
AAG6P42H,0,0,,,,Censored No Alarm,0,0,0,0,0,1,0.0005439444212242961,,2019-03-01,,0.217
AAG6P4EH,0,0,,,,Censored No Alarm,0,0,0,0,0,1,0.0007340980228036642,,2019-03-28,,0.217
AAG6P9AH,0,0,,,,Censored No Alarm,0,0,0,0,0,1,0.0006127431988716125,,2019-03-01,,0.217
AAG6PWBH,0,0,,,,Censored No Alarm,0,0,0,0,0,1,0.0005037257797084749,,2019-03-02,,0.217
AAG6PY2H,0,0,,,,Censored No Alarm,0,0,0,0,0,1,0.0005527923349291086,,2019-01-05,,0.217
AAG6PYLH,0,0,,,,Censored No Alarm,0,0,0,0,0,1,0.0007282918668352067,,2019-06-01,,0.217
AAG6R0AH,0,0,,,,Censored No Alarm,0,0,0,0,0,1,0.0027371279429644346,,2019-06-01,,0.217
AAG6R2RH,0,0,,,,Censored No Alarm,0,0,0,0,0,1,0.000625643297098577,,2019-03-01,,0.217
AAG6R32H,0,0,,,,Censored No Alarm,0,0,0,0,0,1,0.0014718853635713458,,2019-03-01,,0.217
AAG6R48H,0,0,,,,Censored No Alarm,0,0,0,0,0,1,0.0005389543366618454,,2019-03-28,,0.217
AAG6R8UH,0,0,,,,Censored No Alarm,0,0,0,0,0,1,0.000542646914254874,,2019-03-28,,0.217
AAG6T4ZH,0,0,,,,Censored No Alarm,0,0,0,0,0,1,0.0014016878558322787,,2019-03-28,,0.217
AAG6T52H,1,0,,2023-06-10,,Missed,0,0,0,0,1,0,0.0013076856266707182,,2019-06-01,,0.217
AAG6T55H,0,0,,,,Censored No Alarm,0,0,0,0,0,1,0.0031227637082338333,,2019-06-01,,0.217
AAG6T5JH,0,0,,,,Censored No Alarm,0,0,0,0,0,1,0.001478600432164967,,2019-05-16,,0.217
AAG6T7LH,0,0,,,,Censored No Alarm,0,0,0,0,0,1,0.000779393536504358,,2019-03-01,,0.217
AAG6T9NH,0,0,,,,Censored No Alarm,0,0,0,0,0,1,0.0016441410407423973,,2019-06-01,,0.217
AAG6TA8H,0,0,,,,Censored No Alarm,0,0,0,0,0,1,0.0008297477615997195,,2019-01-05,,0.217
AAG6TAHH,0,0,,,,Censored No Alarm,0,0,0,0,0,1,0.010658442974090576,,2019-06-01,,0.217
AAG6TAKH,0,0,,,,Censored No Alarm,0,0,0,0,0,1,0.0015206148382276297,,2019-06-01,,0.217
AAG6TBBH,0,0,,,,Censored No Alarm,0,0,0,0,0,1,0.0011054091155529022,,2019-03-28,,0.217
AAG6TBJH,0,0,,,,Censored No Alarm,0,0,0,0,0,1,0.0016589952865615487,,2019-01-05,,0.217
AAG6THHH,0,0,,,,Censored No Alarm,0,0,0,0,0,1,0.00268528307788074,,2019-06-01,,0.217
AAG6THJH,0,0,,,,Censored No Alarm,0,0,0,0,0,1,0.0023979065008461475,,2019-06-01,,0.217
AAG6THLH,0,0,,,,Censored No Alarm,0,0,0,0,0,1,0.0006503781769424677,,2019-05-04,,0.217
AAG6TRKH,0,0,,,,Censored No Alarm,0,0,0,0,0,1,0.0009182578069157898,,2019-05-04,,0.217
AAG6TS8H,0,0,,,,Censored No Alarm,0,0,0,0,0,1,0.013474340550601482,,2019-06-01,,0.217
AAG6TSUH,0,0,,,,Censored No Alarm,0,0,0,0,0,1,0.0009900870500132442,,2019-03-28,,0.217
AAG6TT1H,0,0,,,,Censored No Alarm,0,0,0,0,0,1,0.0008376931655220687,,2019-05-16,,0.217
AAG6TT9H,0,0,,,,Censored No Alarm,0,0,0,0,0,1,0.0006958263111300766,,2019-03-28,,0.217
AAG6TTNH,0,0,,,,Censored No Alarm,0,0,0,0,0,1,0.0017523766728118062,,2019-01-05,,0.217
AAG6TUVH,0,0,,,,Censored No Alarm,0,0,0,0,0,1,0.0030078929848968983,,2019-06-01,,0.217
AAG6TVPH,0,0,,,,Censored No Alarm,0,0,0,0,0,1,0.00135401776060462,,2019-03-28,,0.217
AAG6TY4H,0,0,,,,Censored No Alarm,0,0,0,0,0,1,0.004443000070750713,,2019-06-01,,0.217
AAG6U5AH,0,0,,,,Censored No Alarm,0,0,0,0,0,1,0.0013428603997454047,,2019-03-01,,0.217
AAG6UKNH,0,0,,,,Censored No Alarm,0,0,0,0,0,1,0.0005045165307819843,,2019-03-28,,0.217
AAG6UMGH,0,0,,,,Censored No Alarm,0,0,0,0,0,1,0.0006648210110142827,,2019-01-05,,0.217
AAG6UMJH,0,0,,,,Censored No Alarm,0,0,0,0,0,1,0.0006465996848419309,,2019-01-05,,0.217
AAG6UNKH,0,1,2025-03-12,,,Censored Early,0,0,1,1,0,0,0.24972552061080933,0.2437324821949005,2019-06-01,2111.0,0.217
AAG6US4H,0,0,,,,Censored No Alarm,0,0,0,0,0,1,0.0006482073222286999,,2019-03-01,,0.217
AAG6UT0H,0,0,,,,Censored No Alarm,0,0,0,0,0,1,0.001788507797755301,,2019-06-01,,0.217
AAG6UU8H,0,0,,,,Censored No Alarm,0,0,0,0,0,1,0.03515312820672989,,2019-01-05,,0.217
AAG6UZTH,0,0,,,,Censored No Alarm,0,0,0,0,0,1,0.0013535640900954604,,2019-03-28,,0.217
AAG6V1MH,0,0,,,,Censored No Alarm,0,0,0,0,0,1,0.001396633218973875,,2019-03-28,,0.217
AAG6V71H,0,0,,,,Censored No Alarm,0,0,0,0,0,1,0.000530501245521009,,2019-03-01,,0.217
AAG6V7DH,0,0,,,,Censored No Alarm,0,0,0,0,0,1,0.0013628879096359015,,2019-03-01,,0.217
AAG6V7VH,0,0,,,,Censored No Alarm,0,0,0,0,0,1,0.0005311293061822653,,2019-03-01,,0.217
AAG6VHXH,0,0,,,,Censored No Alarm,0,0,0,0,0,1,0.0017498335801064968,,2019-06-01,,0.217
AAG6VJKH,0,0,,,,Censored No Alarm,0,0,0,0,0,1,0.0016069876728579402,,2019-03-28,,0.217
AAG6VM8H,0,0,,,,Censored No Alarm,0,0,0,0,0,1,0.000881725805811584,,2019-03-28,,0.217
AAG6VMBH,0,0,,,,Censored No Alarm,0,0,0,0,0,1,0.0012435243697836995,,2019-03-01,,0.217
AAG6VMGH,0,0,,,,Censored No Alarm,0,0,0,0,0,1,0.001253144582733512,,2019-03-01,,0.217
AAG6X6JH,0,0,,,,Censored No Alarm,0,0,0,0,0,1,0.0005008626612834632,,2019-03-28,,0.217
AAG6XU7H,1,1,2019-07-02,2020-05-23,326.0,Early,0,1,0,1,0,0,0.6905558109283447,0.3930535614490509,2019-05-04,59.0,0.217
AAG6XWGH,0,0,,,,Censored No Alarm,0,0,0,0,0,1,0.00048355694161728024,,2019-03-01,,0.217
AAG6XWJH,1,0,,2025-04-04,,Missed,0,0,0,0,1,0,0.19048826396465302,,2019-03-28,,0.217
AAG6XXWH,0,0,,,,Censored No Alarm,0,0,0,0,0,1,0.0009967278456315398,,2019-01-05,,0.217
AAG6XYBH,0,0,,,,Censored No Alarm,0,0,0,0,0,1,0.002096383599564433,,2019-06-01,,0.217
AAG6XYNH,0,0,,,,Censored No Alarm,0,0,0,0,0,1,0.004346969071775675,,2019-06-01,,0.217
AAG6XZ6H,0,0,,,,Censored No Alarm,0,0,0,0,0,1,0.000694386544637382,,2019-03-28,,0.217
AAG6XZNH,0,0,,,,Censored No Alarm,0,0,0,0,0,1,0.0014577514957636595,,2019-06-01,,0.217
AAG6Y0GH,0,0,,,,Censored No Alarm,0,0,0,0,0,1,0.013288290239870548,,2019-03-01,,0.217
AAG6Y0KH,0,0,,,,Censored No Alarm,0,0,0,0,0,1,0.0012005949392914772,,2019-01-05,,0.217
AAG6Y1BH,0,0,,,,Censored No Alarm,0,0,0,0,0,1,0.0008673353004269302,,2019-03-02,,0.217
AAG6Y3LH,0,0,,,,Censored No Alarm,0,0,0,0,0,1,0.0016867113299667835,,2019-03-28,,0.217
AAG6Y3UH,0,0,,,,Censored No Alarm,0,0,0,0,0,1,0.0024389741010963917,,2019-06-01,,0.217
AAG6Y41H,0,0,,,,Censored No Alarm,0,0,0,0,0,1,0.00043907418148592114,,2019-01-05,,0.217
AAG6Y46H,0,0,,,,Censored No Alarm,0,0,0,0,0,1,0.002877718536183238,,2019-06-01,,0.217
AAG6YZ1H,0,0,,,,Censored No Alarm,0,0,0,0,0,1,0.0009419179987162352,,2019-03-28,,0.217
AAG6YZ9H,0,0,,,,Censored No Alarm,0,0,0,0,0,1,0.0010196558432653546,,2019-01-05,,0.217
AAG6Z0DH,0,0,,,,Censored No Alarm,0,0,0,0,0,1,0.0004411580739542842,,2019-01-05,,0.217
AAG6Z17H,0,0,,,,Censored No Alarm,0,0,0,0,0,1,0.0009358846000395715,,2019-06-01,,0.217
AAG6Z1MH,0,0,,,,Censored No Alarm,0,0,0,0,0,1,0.0004052858566865325,,2019-03-01,,0.217
AAG6Z1XH,0,0,,,,Censored No Alarm,0,0,0,0,0,1,0.000904791580978781,,2019-03-01,,0.217
AAG6Z2DH,0,0,,,,Censored No Alarm,0,0,0,0,0,1,0.0005161593435332179,,2019-03-01,,0.217
AAG6Z2RH,0,0,,,,Censored No Alarm,0,0,0,0,0,1,0.0012600721092894673,,2019-06-01,,0.217
AAG6Z42H,1,0,,2024-11-24,,Missed,0,0,0,0,1,0,0.045799583196640015,,2019-01-05,,0.217
AAG6Z4VH,0,0,,,,Censored No Alarm,0,0,0,0,0,1,0.0008400552324019372,,2019-03-01,,0.217
AAG6Z53H,0,0,,,,Censored No Alarm,0,0,0,0,0,1,0.0015735413180664182,,2019-05-16,,0.217
AAG6ZJ9H,0,0,,,,Censored No Alarm,0,0,0,0,0,1,0.0003805340966209769,,2019-03-01,,0.217
AAG705GH,0,0,,,,Censored No Alarm,0,0,0,0,0,1,0.00047207038733176887,,2019-03-01,,0.217
AAG7078H,0,0,,,,Censored No Alarm,0,0,0,0,0,1,0.011763577349483967,,2019-05-04,,0.217
AAG70HDH,0,0,,,,Censored No Alarm,0,0,0,0,0,1,0.0009751850157044828,,2019-01-05,,0.217
AAG70JEH,0,0,,,,Censored No Alarm,0,0,0,0,0,1,0.01807938516139984,,2019-06-01,,0.217
AAG70U9H,0,0,,,,Censored No Alarm,0,0,0,0,0,1,0.010086087509989738,,2019-01-05,,0.217
AAG73ZWH,0,0,,,,Censored No Alarm,0,0,0,0,0,1,0.0016777999699115753,,2019-01-05,,0.217
AAG73ZZH,0,0,,,,Censored No Alarm,0,0,0,0,0,1,0.0036923829466104507,,2019-03-28,,0.217
AAG740EH,0,0,,,,Censored No Alarm,0,0,0,0,0,1,0.0013251637574285269,,2019-01-05,,0.217
AAG740NH,0,0,,,,Censored No Alarm,0,0,0,0,0,1,0.0008806880796328187,,2019-06-01,,0.217
AAG740WH,0,0,,,,Censored No Alarm,0,0,0,0,0,1,0.0006409522611647844,,2019-03-01,,0.217
AAG740YH,0,0,,,,Censored No Alarm,0,0,0,0,0,1,0.0007397516164928675,,2019-03-28,,0.217
AAG741PH,0,0,,,,Censored No Alarm,0,0,0,0,0,1,0.0010608924785628915,,2019-03-28,,0.217
AAG742EH,0,0,,,,Censored No Alarm,0,0,0,0,0,1,0.001711791381239891,,2019-03-28,,0.217
AAG742JH,0,0,,,,Censored No Alarm,0,0,0,0,0,1,0.01864446885883808,,2019-06-01,,0.217
AAG742WH,0,0,,,,Censored No Alarm,0,0,0,0,0,1,0.0016772999661043286,,2019-01-05,,0.217
AAG7431H,0,0,,,,Censored No Alarm,0,0,0,0,0,1,0.00044488918501883745,,2019-01-05,,0.217
AAG743EH,0,0,,,,Censored No Alarm,0,0,0,0,0,1,0.002714897505939007,,2019-06-01,,0.217
AAG743UH,0,0,,,,Censored No Alarm,0,0,0,0,0,1,0.00158470100723207,,2019-01-05,,0.217
AAG743VH,0,0,,,,Censored No Alarm,0,0,0,0,0,1,0.008734923787415028,,2019-01-05,,0.217
AAG7454H,0,0,,,,Censored No Alarm,0,0,0,0,0,1,0.0010784391779452562,,2019-03-28,,0.217
AAG74DKH,0,0,,,,Censored No Alarm,0,0,0,0,0,1,0.0006336671649478376,,2019-05-04,,0.217
AAG74EAH,1,1,2023-04-28,2025-07-27,821.0,Early,0,1,0,1,0,0,0.6971911191940308,0.24521031975746155,2019-05-04,1455.0,0.217
AAG74EBH,0,0,,,,Censored No Alarm,0,0,0,0,0,1,0.0016706875758245587,,2019-03-28,,0.217
AAG74EYH,0,0,,,,Censored No Alarm,0,0,0,0,0,1,0.003147594630718231,,2019-06-01,,0.217
AAG74EZH,0,0,,,,Censored No Alarm,0,0,0,0,0,1,0.0009125993237830698,,2019-06-01,,0.217
AAG74VHH,0,0,,,,Censored No Alarm,0,0,0,0,0,1,0.0006607247632928193,,2019-03-01,,0.217
AAG74WRH,0,0,,,,Censored No Alarm,0,0,0,0,0,1,0.0035183962900191545,,2019-06-01,,0.217
AAG76HYH,1,1,2021-08-30,2021-09-29,30.0,On time,1,0,0,0,0,0,0.7464240789413452,0.23557713627815247,2019-03-02,912.0,0.217
AAG77A5H,0,0,,,,Censored No Alarm,0,0,0,0,0,1,0.0007943182135932148,,2019-06-01,,0.217
AAG799NH,0,0,,,,Censored No Alarm,0,0,0,0,0,1,0.0006140946061350405,,2019-03-02,,0.217
AAG79B0H,0,0,,,,Censored No Alarm,0,0,0,0,0,1,0.001261429046280682,,2019-03-28,,0.217
AAG7A8EH,0,0,,,,Censored No Alarm,0,0,0,0,0,1,0.0031665873248130083,,2019-06-01,,0.217
AAG7A9KH,0,0,,,,Censored No Alarm,0,0,0,0,0,1,0.0017175570828840137,,2019-01-05,,0.217
AAG7ADMH,0,0,,,,Censored No Alarm,0,0,0,0,0,1,0.001520639518275857,,2019-05-16,,0.217
AAG7AGWH,0,0,,,,Censored No Alarm,0,0,0,0,0,1,0.000747181533370167,,2019-05-04,,0.217
AAG7AHMH,0,0,,,,Censored No Alarm,0,0,0,0,0,1,0.0007143141701817513,,2019-06-01,,0.217
AAG7BP3H,0,0,,,,Censored No Alarm,0,0,0,0,0,1,0.002402970567345619,,2019-06-01,,0.217
AAG7BPKH,0,0,,,,Censored No Alarm,0,0,0,0,0,1,0.0014613046078011394,,2019-06-01,,0.217
AAG7BRGH,0,0,,,,Censored No Alarm,0,0,0,0,0,1,0.000763848191127181,,2019-01-05,,0.217
AAG7BS8H,0,0,,,,Censored No Alarm,0,0,0,0,0,1,0.00046669814037159085,,2019-03-01,,0.217
AAG7BWAH,0,0,,,,Censored No Alarm,0,0,0,0,0,1,0.0007102373638190329,,2019-03-28,,0.217
AAG7D1SH,0,0,,,,Censored No Alarm,0,0,0,0,0,1,0.004359373822808266,,2019-06-01,,0.217
AAG7D29H,0,0,,,,Censored No Alarm,0,0,0,0,0,1,0.0013344262260943651,,2019-03-28,,0.217
AAG7D2PH,0,0,,,,Censored No Alarm,0,0,0,0,0,1,0.0008155482355505228,,2019-06-01,,0.217
AAG7D48H,0,0,,,,Censored No Alarm,0,0,0,0,0,1,0.003500960534438491,,2019-06-01,,0.217
AAG7D4DH,0,0,,,,Censored No Alarm,0,0,0,0,0,1,0.0006945672212168574,,2019-03-01,,0.217
AAG7D85H,0,0,,,,Censored No Alarm,0,0,0,0,0,1,0.02872597612440586,,2019-06-01,,0.217
AAG7DPYH,0,0,,,,Censored No Alarm,0,0,0,0,0,1,0.014597234316170216,,2019-03-01,,0.217
AAG7DRDH,0,0,,,,Censored No Alarm,0,0,0,0,0,1,0.0005053277127444744,,2019-03-01,,0.217
AAG7DS9H,0,0,,,,Censored No Alarm,0,0,0,0,0,1,0.027265634387731552,,2019-03-01,,0.217
AAG7DW0H,0,0,,,,Censored No Alarm,0,0,0,0,0,1,0.0009386704186908901,,2019-05-04,,0.217
AAG7E1MH,0,0,,,,Censored No Alarm,0,0,0,0,0,1,0.0013563461834564805,,2019-03-01,,0.217
AAG7E1PH,0,0,,,,Censored No Alarm,0,0,0,0,0,1,0.0007052818546071649,,2019-01-05,,0.217
AAG7E2HH,0,0,,,,Censored No Alarm,0,0,0,0,0,1,0.0011115855304524302,,2019-03-02,,0.217
AAG7LG4H,0,0,,,,Censored No Alarm,0,0,0,0,0,1,0.0005304567166604102,,2019-03-01,,0.217
AAG7LG7H,0,0,,,,Censored No Alarm,0,0,0,0,0,1,0.0008043135167099535,,2019-05-16,,0.217
AAG7LHYH,0,0,,,,Censored No Alarm,0,0,0,0,0,1,0.001295594614930451,,2019-03-28,,0.217
AAG7LNAH,0,0,,,,Censored No Alarm,0,0,0,0,0,1,0.0009330973261967301,,2019-06-01,,0.217
AAG7LSWH,0,0,,,,Censored No Alarm,0,0,0,0,0,1,0.0008193486137315631,,2019-01-05,,0.217
AAG7LTHH,1,0,,2024-07-29,,Missed,0,0,0,0,1,0,0.18066555261611938,,2019-03-28,,0.217
AAG7LZEH,0,0,,,,Censored No Alarm,0,0,0,0,0,1,0.000587932881899178,,2019-03-02,,0.217
AAG7M25H,0,0,,,,Censored No Alarm,0,0,0,0,0,1,0.0028890313114970922,,2019-06-01,,0.217
AAG7M3NH,0,0,,,,Censored No Alarm,0,0,0,0,0,1,0.003382844151929021,,2019-06-01,,0.217
AAG7M3TH,0,0,,,,Censored No Alarm,0,0,0,0,0,1,0.001677605789154768,,2019-03-28,,0.217
AAG7MMDH,0,0,,,,Censored No Alarm,0,0,0,0,0,1,0.00175260950345546,,2019-05-16,,0.217
AAG7MP8H,0,0,,,,Censored No Alarm,0,0,0,0,0,1,0.001681197783909738,,2019-06-01,,0.217
AAG7MULH,1,1,2026-02-13,2026-03-13,28.0,On time,1,0,0,0,0,0,0.6158775091171265,0.523607611656189,2019-03-02,2540.0,0.217
AAG7MUNH,0,0,,,,Censored No Alarm,0,0,0,0,0,1,0.028612790629267693,,2019-06-01,,0.217
AAG7MVMH,0,0,,,,Censored No Alarm,0,0,0,0,0,1,0.00079610530519858,,2019-03-02,,0.217
AAG7N3ZH,0,0,,,,Censored No Alarm,0,0,0,0,0,1,0.0008930779295042157,,2019-03-28,,0.217
AAG7N5WH,0,0,,,,Censored No Alarm,0,0,0,0,0,1,0.0013516112230718136,,2019-03-28,,0.217
AAG7N62H,0,0,,,,Censored No Alarm,0,0,0,0,0,1,0.0010280718561261892,,2019-06-01,,0.217
AAG7N63H,0,0,,,,Censored No Alarm,0,0,0,0,0,1,0.0007468341500498354,,2019-03-28,,0.217
AAG7N6MH,0,0,,,,Censored No Alarm,0,0,0,0,0,1,0.0009763239067979157,,2019-05-04,,0.217
AAG7PPHH,1,0,,2025-10-28,,Missed,0,0,0,0,1,0,0.02611478976905346,,2019-03-02,,0.217
AAG7R02H,0,0,,,,Censored No Alarm,0,0,0,0,0,1,0.004372747614979744,,2019-06-01,,0.217
AAG7R5VH,0,0,,,,Censored No Alarm,0,0,0,0,0,1,0.0009274424519389868,,2019-06-01,,0.217
AAG7R93H,0,0,,,,Censored No Alarm,0,0,0,0,0,1,0.002344198292121291,,2019-06-01,,0.217
AAG7RA1H,0,0,,,,Censored No Alarm,0,0,0,0,0,1,0.0011066615115851164,,2019-01-05,,0.217
AAG7RAMH,0,0,,,,Censored No Alarm,0,0,0,0,0,1,0.0017143420409411192,,2019-03-02,,0.217
AAG7RBDH,0,0,,,,Censored No Alarm,0,0,0,0,0,1,0.0009279497899115086,,2019-05-04,,0.217
AAG90D8H,0,0,,,,Censored No Alarm,0,0,0,0,0,1,0.001766833825968206,,2019-05-04,,0.217
AAG9VK6H,0,0,,,,Censored No Alarm,0,0,0,0,0,1,0.0005292799323797226,,2019-03-02,,0.217
AAGA4YNH,0,0,,,,Censored No Alarm,0,0,0,0,0,1,0.0023716683499515057,,2019-06-01,,0.217
AAGA7W1H,1,0,,2023-04-11,,Missed,0,0,0,0,1,0,0.11338983476161957,,2019-03-01,,0.217
AAGA9E3H,0,0,,,,Censored No Alarm,0,0,0,0,0,1,0.0007154751219786704,,2019-05-04,,0.217
AAGH3VWH,0,0,,,,Censored No Alarm,0,0,0,0,0,1,0.008077774196863174,,2019-05-27,,0.217
AAGMU4TH,0,0,,,,Censored No Alarm,0,0,0,0,0,1,0.0011338666081428528,,2019-05-04,,0.217
AAGN9D2H,1,0,,2023-09-17,,Missed,0,0,0,0,1,0,0.0005563261220231652,,2019-05-04,,0.217
AAGP62KH,0,0,,,,Censored No Alarm,0,0,0,0,0,1,0.0049504772759974,,2019-06-01,,0.217
AAGUS87H,0,0,,,,Censored No Alarm,0,0,0,0,0,1,0.0014891130849719048,,2019-08-14,,0.217
AAGVX4UH,0,0,,,,Censored No Alarm,0,0,0,0,0,1,0.00046541180927306414,,2019-05-04,,0.217
AAGWTB0H,0,0,,,,Censored No Alarm,0,0,0,0,0,1,0.12251932173967361,,2019-06-01,,0.217
AAGXDBZH,0,1,2023-09-06,,,Censored Early,0,0,1,1,0,0,0.45771417021751404,0.3001802861690521,2019-05-16,1574.0,0.217
AAGXLP2H,0,0,,,,Censored No Alarm,0,0,0,0,0,1,0.0038132183253765106,,2019-06-01,,0.217
AAGXMJSH,0,0,,,,Censored No Alarm,0,0,0,0,0,1,0.000806415977422148,,2019-05-04,,0.217
AAGXU8YH,0,0,,,,Censored No Alarm,0,0,0,0,0,1,0.0014983018627390265,,2019-05-16,,0.217
AAGXUBRH,0,0,,,,Censored No Alarm,0,0,0,0,0,1,0.000819220207631588,,2019-05-04,,0.217
AAGXV97H,0,0,,,,Censored No Alarm,0,0,0,0,0,1,0.0010967133566737175,,2024-03-13,,0.217
AAGXW8VH,0,0,,,,Censored No Alarm,0,0,0,0,0,1,0.0016533515881747007,,2019-08-14,,0.217
AAGXWUWH,0,0,,,,Censored No Alarm,0,0,0,0,0,1,0.0008120315615087748,,2019-05-04,,0.217
AAGXY3MH,1,0,,2025-04-09,,Missed,0,0,0,0,1,0,0.013404118828475475,,2019-05-16,,0.217
AAH22T7H,0,0,,,,Censored No Alarm,0,0,0,0,0,1,0.08319472521543503,,2019-05-04,,0.217
AAH4NTGH,0,0,,,,Censored No Alarm,0,0,0,0,0,1,0.0007120021036826074,,2019-05-04,,0.217
AAH6DU2H,0,1,2023-05-01,,,Censored Early,0,0,1,1,0,0,0.30040445923805237,0.2807845175266266,2019-08-14,1356.0,0.217
AAH78SAH,0,0,,,,Censored No Alarm,0,0,0,0,0,1,0.0005604876787401736,,2019-05-04,,0.217
AAH7HJSH,0,0,,,,Censored No Alarm,0,0,0,0,0,1,0.0007036065217107534,,2019-05-04,,0.217
AAH7HKHH,0,0,,,,Censored No Alarm,0,0,0,0,0,1,0.0011835361365228891,,2019-05-04,,0.217
AAH7HNDH,0,0,,,,Censored No Alarm,0,0,0,0,0,1,0.0013160851085558534,,2019-05-04,,0.217
AAH7X19H,0,0,,,,Censored No Alarm,0,0,0,0,0,1,0.0005364082753658295,,2019-05-04,,0.217
AAH86SEH,0,0,,,,Censored No Alarm,0,0,0,0,0,1,0.000557214196305722,,2019-05-04,,0.217
AAH8BLDH,0,0,,,,Censored No Alarm,0,0,0,0,0,1,0.001113605103455484,,2019-05-04,,0.217
AAH8HPVH,0,0,,,,Censored No Alarm,0,0,0,0,0,1,0.05443045124411583,,2019-05-04,,0.217
AAH8LPUH,0,0,,,,Censored No Alarm,0,0,0,0,0,1,0.0008788363193161786,,2019-05-04,,0.217
AAH8P7WH,0,0,,,,Censored No Alarm,0,0,0,0,0,1,0.0014988654293119907,,2019-05-27,,0.217
AAH8R0LH,0,0,,,,Censored No Alarm,0,0,0,0,0,1,0.0019152344902977347,,2019-05-04,,0.217
AAH8RG4H,0,0,,,,Censored No Alarm,0,0,0,0,0,1,0.0020776360761374235,,2019-05-04,,0.217
AAH8V76H,0,0,,,,Censored No Alarm,0,0,0,0,0,1,0.0007514849421568215,,2019-05-04,,0.217
AAH8V7KH,0,0,,,,Censored No Alarm,0,0,0,0,0,1,0.000700639677233994,,2019-05-04,,0.217
AAH90NAH,1,0,,2023-04-19,,Missed,0,0,0,0,1,0,0.04267914965748787,,2019-05-04,,0.217
AAH919BH,0,0,,,,Censored No Alarm,0,0,0,0,0,1,0.0018732124008238316,,2019-05-04,,0.217
AAH9285H,0,0,,,,Censored No Alarm,0,0,0,0,0,1,0.000538542284630239,,2019-05-04,,0.217
AAH92GHH,0,0,,,,Censored No Alarm,0,0,0,0,0,1,0.001319240196608007,,2019-05-04,,0.217
AAH92HRH,0,0,,,,Censored No Alarm,0,0,0,0,0,1,0.0005177835118956864,,2019-05-04,,0.217
AAH92JGH,0,0,,,,Censored No Alarm,0,0,0,0,0,1,0.0028150666039437056,,2019-05-04,,0.217
AAH92V3H,0,0,,,,Censored No Alarm,0,0,0,0,0,1,0.0006055586854927242,,2019-05-04,,0.217
AAH9301H,1,0,,2023-12-23,,Missed,0,0,0,0,1,0,0.15040269494056702,,2019-05-04,,0.217
AAH9305H,0,0,,,,Censored No Alarm,0,0,0,0,0,1,0.0011625820770859718,,2019-05-04,,0.217
AAH9307H,1,0,,2023-04-09,,Missed,0,0,0,0,1,0,0.0008669292437843978,,2019-05-04,,0.217
AAH93MDH,0,0,,,,Censored No Alarm,0,0,0,0,0,1,0.048371683806180954,,2019-05-04,,0.217
AAH93RZH,0,0,,,,Censored No Alarm,0,0,0,0,0,1,0.0013695680536329746,,2019-05-04,,0.217
AAH953TH,0,0,,,,Censored No Alarm,0,0,0,0,0,1,0.001957818865776062,,2019-05-04,,0.217
AAH9618H,0,0,,,,Censored No Alarm,0,0,0,0,0,1,0.0010280355345457792,,2019-05-04,,0.217
AAH9689H,0,0,,,,Censored No Alarm,0,0,0,0,0,1,0.00045524409506469965,,2019-05-04,,0.217
AAH96AUH,0,0,,,,Censored No Alarm,0,0,0,0,0,1,0.010107352398335934,,2019-05-04,,0.217
AAH97BZH,0,1,2025-10-03,,,Censored Early,0,0,1,1,0,0,0.27005240321159363,0.2437249720096588,2019-05-04,2344.0,0.217
AAH99PNH,0,0,,,,Censored No Alarm,0,0,0,0,0,1,0.0006173565634526312,,2019-05-04,,0.217
AAH9BERH,0,0,,,,Censored No Alarm,0,0,0,0,0,1,0.0007255368982441723,,2019-05-04,,0.217
AAHAS1MH,0,0,,,,Censored No Alarm,0,0,0,0,0,1,0.0020439422223716974,,2019-05-27,,0.217
AAHAS9TH,0,0,,,,Censored No Alarm,0,0,0,0,0,1,0.0021079115103930235,,2019-05-27,,0.217
AAHB6YXH,0,0,,,,Censored No Alarm,0,0,0,0,0,1,0.0017543204594403505,,2019-05-27,,0.217
AAHB8Z9H,0,0,,,,Censored No Alarm,0,0,0,0,0,1,0.002604222856462002,,2019-05-27,,0.217
AAHBKUHH,0,0,,,,Censored No Alarm,0,0,0,0,0,1,0.0024529602378606796,,2019-05-27,,0.217
AAHD7S9H,0,0,,,,Censored No Alarm,0,0,0,0,0,1,0.0014260440366342664,,2019-05-19,,0.217
AAHDJD5H,0,0,,,,Censored No Alarm,0,0,0,0,0,1,0.0038762949407100677,,2019-05-27,,0.217
AAHDJDSH,0,0,,,,Censored No Alarm,0,0,0,0,0,1,0.0008287374512292445,,2019-05-27,,0.217
AAHDJH3H,0,0,,,,Censored No Alarm,0,0,0,0,0,1,0.0012488336069509387,,2019-05-27,,0.217
AAHDUS5H,0,0,,,,Censored No Alarm,0,0,0,0,0,1,0.001624154974706471,,2019-05-27,,0.217
AAHDUT6H,0,0,,,,Censored No Alarm,0,0,0,0,0,1,0.0020146737806499004,,2019-05-27,,0.217
AAHDYR0H,0,0,,,,Censored No Alarm,0,0,0,0,0,1,0.0019086310639977455,,2019-05-27,,0.217
AAHE23AH,0,0,,,,Censored No Alarm,0,0,0,0,0,1,0.0004455767630133778,,2019-05-27,,0.217
AAHE4SAH,0,0,,,,Censored No Alarm,0,0,0,0,0,1,0.001039069495163858,,2019-05-27,,0.217
AAHEAGWH,0,0,,,,Censored No Alarm,0,0,0,0,0,1,0.004802192095667124,,2019-05-27,,0.217
AAHEAHLH,0,0,,,,Censored No Alarm,0,0,0,0,0,1,0.0010736591648310423,,2019-05-27,,0.217
AAHED32H,0,0,,,,Censored No Alarm,0,0,0,0,0,1,0.0015319144586101174,,2019-05-27,,0.217
AAHED3GH,0,0,,,,Censored No Alarm,0,0,0,0,0,1,0.042220599949359894,,2019-05-27,,0.217
AAHED8NH,0,0,,,,Censored No Alarm,0,0,0,0,0,1,0.0008934371289797127,,2019-05-27,,0.217
AAHED98H,0,0,,,,Censored No Alarm,0,0,0,0,0,1,0.0022034579887986183,,2019-05-27,,0.217
AAHEEVKH,0,0,,,,Censored No Alarm,0,0,0,0,0,1,0.0010860520415008068,,2019-05-27,,0.217
AAHEHEEH,0,0,,,,Censored No Alarm,0,0,0,0,0,1,0.000597965088672936,,2019-05-27,,0.217
AAHEHHMH,0,0,,,,Censored No Alarm,0,0,0,0,0,1,0.0008125833701342344,,2019-05-27,,0.217
AAHEHJ0H,0,0,,,,Censored No Alarm,0,0,0,0,0,1,0.002969791181385517,,2019-06-01,,0.217
AAHEHJ1H,0,0,,,,Censored No Alarm,0,0,0,0,0,1,0.0007163831614889205,,2019-05-27,,0.217
AAHEHL5H,0,0,,,,Censored No Alarm,0,0,0,0,0,1,0.004290496930480003,,2019-05-27,,0.217
AAHEHP8H,0,0,,,,Censored No Alarm,0,0,0,0,0,1,0.006077263038605452,,2019-05-27,,0.217
AAHEHRSH,0,0,,,,Censored No Alarm,0,0,0,0,0,1,0.001867377432063222,,2019-05-27,,0.217
AAHEHS0H,0,0,,,,Censored No Alarm,0,0,0,0,0,1,0.0008369387360289693,,2019-05-27,,0.217
AAHEHTDH,0,0,,,,Censored No Alarm,0,0,0,0,0,1,0.0018549443921074271,,2019-05-27,,0.217
AAHEHTNH,0,0,,,,Censored No Alarm,0,0,0,0,0,1,0.0015348275192081928,,2019-05-27,,0.217
AAHEHTPH,0,0,,,,Censored No Alarm,0,0,0,0,0,1,0.001009834581054747,,2019-05-27,,0.217
AAHEHVUH,0,0,,,,Censored No Alarm,0,0,0,0,0,1,0.002402874641120434,,2019-05-27,,0.217
AAHEHY7H,0,0,,,,Censored No Alarm,0,0,0,0,0,1,0.0008256240980699658,,2019-05-27,,0.217
AAHEHZ2H,0,0,,,,Censored No Alarm,0,0,0,0,0,1,0.001355043496005237,,2019-05-27,,0.217
AAHEHZPH,0,0,,,,Censored No Alarm,0,0,0,0,0,1,0.001753133488819003,,2019-05-27,,0.217
AAHEHZXH,0,0,,,,Censored No Alarm,0,0,0,0,0,1,0.0035035002510994673,,2019-05-27,,0.217
AAHEJ43H,0,0,,,,Censored No Alarm,0,0,0,0,0,1,0.0011362500954419374,,2019-05-27,,0.217
AAHEJ4KH,0,0,,,,Censored No Alarm,0,0,0,0,0,1,0.0013959509087726474,,2019-05-27,,0.217
AAHEJ76H,0,0,,,,Censored No Alarm,0,0,0,0,0,1,0.0016858330927789211,,2019-05-27,,0.217
AAHEJDXH,0,0,,,,Censored No Alarm,0,0,0,0,0,1,0.006896002218127251,,2019-05-27,,0.217
AAHEJE4H,0,0,,,,Censored No Alarm,0,0,0,0,0,1,0.0019117092015221715,,2019-05-27,,0.217
AAHEJHKH,0,0,,,,Censored No Alarm,0,0,0,0,0,1,0.0009670223225839436,,2019-05-27,,0.217
AAHGYKJH,1,0,,2024-07-24,,Missed,0,0,0,0,1,0,0.007798594888299704,,2019-08-13,,0.217
AAHH59AH,0,0,,,,Censored No Alarm,0,0,0,0,0,1,0.0035009640268981457,,2019-08-14,,0.217
AAHHAXAH,0,0,,,,Censored No Alarm,0,0,0,0,0,1,0.0012884431052953005,,2019-08-13,,0.217
AAHHXJ2H,0,0,,,,Censored No Alarm,0,0,0,0,0,1,0.001089074183255434,,2019-08-13,,0.217
AAHJG5XH,0,0,,,,Censored No Alarm,0,0,0,0,0,1,0.005736805498600006,,2019-08-14,,0.217
AAHJP8BH,0,0,,,,Censored No Alarm,0,0,0,0,0,1,0.051748789846897125,,2019-06-01,,0.217
AAHK5PUH,0,0,,,,Censored No Alarm,0,0,0,0,0,1,0.026523886248469353,,2019-06-01,,0.217
AAHK8NRH,0,0,,,,Censored No Alarm,0,0,0,0,0,1,0.0036259896587580442,,2019-08-13,,0.217
AAHKERJH,1,0,,2026-01-13,,Missed,0,0,0,0,1,0,0.016358809545636177,,2019-08-13,,0.217
AAHKKR8H,0,0,,,,Censored No Alarm,0,0,0,0,0,1,0.003922424744814634,,2019-08-14,,0.217
AAHKLDKH,0,0,,,,Censored No Alarm,0,0,0,0,0,1,0.0038306056521832943,,2019-06-01,,0.217
AAHKM55H,1,0,,2025-03-25,,Missed,0,0,0,0,1,0,0.0749167874455452,,2019-08-14,,0.217
AAHKMW2H,1,0,,2022-01-12,,Missed,0,0,0,0,1,0,0.004380364436656237,,2019-06-01,,0.217
AAHKS17H,1,0,,2025-07-07,,Missed,0,0,0,0,1,0,0.15101097524166107,,2019-06-01,,0.217
AAHKWLAH,0,1,2025-04-30,,,Censored Early,0,0,1,1,0,0,0.5360873341560364,0.22273856401443481,2019-08-14,2086.0,0.217
AAHKX43H,1,0,,2019-11-25,,Missed,0,0,0,0,1,0,0.06232401356101036,,2019-08-14,,0.217
AAHKXKYH,0,0,,,,Censored No Alarm,0,0,0,0,0,1,0.034774262458086014,,2019-08-13,,0.217
AAHKXLYH,0,0,,,,Censored No Alarm,0,0,0,0,0,1,0.0030699828639626503,,2019-08-14,,0.217
AAHKXNHH,0,0,,,,Censored No Alarm,0,0,0,0,0,1,0.023800034075975418,,2019-08-14,,0.217
AAHKXZ7H,0,0,,,,Censored No Alarm,0,0,0,0,0,1,0.0012715831398963928,,2019-08-14,,0.217
AAHKYETH,0,0,,,,Censored No Alarm,0,0,0,0,0,1,0.0016073196893557906,,2019-05-16,,0.217
AAHL0PKH,0,0,,,,Censored No Alarm,0,0,0,0,0,1,0.003387425560504198,,2019-08-13,,0.217
AAHL0TLH,0,0,,,,Censored No Alarm,0,0,0,0,0,1,0.025493599474430084,,2019-06-01,,0.217
AAHL4K8H,0,0,,,,Censored No Alarm,0,0,0,0,0,1,0.0019749656785279512,,2019-05-16,,0.217
AAHL5LRH,1,0,,2024-09-01,,Missed,0,0,0,0,1,0,0.20102134346961975,,2019-08-13,,0.217
AAHL9A9H,0,0,,,,Censored No Alarm,0,0,0,0,0,1,0.007091097999364138,,2019-08-13,,0.217
AAHL9XJH,0,0,,,,Censored No Alarm,0,0,0,0,0,1,0.03887632489204407,,2019-08-14,,0.217
AAHL9XLH,0,0,,,,Censored No Alarm,0,0,0,0,0,1,0.0012873649829998612,,2019-08-14,,0.217
AAHL9Y3H,0,0,,,,Censored No Alarm,0,0,0,0,0,1,0.0031577940098941326,,2019-08-14,,0.217
AAHL9YAH,0,0,,,,Censored No Alarm,0,0,0,0,0,1,0.0012410436756908894,,2019-08-14,,0.217
AAHL9ZYH,0,0,,,,Censored No Alarm,0,0,0,0,0,1,0.003132290206849575,,2019-08-14,,0.217
AAHLBTZH,1,1,2025-06-20,2025-07-26,36.0,Early,0,1,0,1,0,0,0.42196694016456604,0.240634024143219,2019-08-14,2137.0,0.217
AAHLBWGH,1,1,2025-08-14,2025-08-30,16.0,On time,1,0,0,0,0,0,0.5063766837120056,0.26889607310295105,2019-08-14,2192.0,0.217
AAHLBWSH,1,0,,2023-12-11,,Missed,0,0,0,0,1,0,0.13080289959907532,,2019-08-13,,0.217
AAHLBXVH,0,0,,,,Censored No Alarm,0,0,0,0,0,1,0.03880976140499115,,2019-08-14,,0.217
AAHLD3UH,1,0,,2025-03-11,,Missed,0,0,0,0,1,0,0.12065212428569794,,2019-08-13,,0.217
AAHLS5JH,0,0,,,,Censored No Alarm,0,0,0,0,0,1,0.0015484867617487907,,2019-05-16,,0.217
AAHLS7ZH,0,0,,,,Censored No Alarm,0,0,0,0,0,1,0.0009847990004345775,,2019-05-16,,0.217
AAHLS8YH,0,0,,,,Censored No Alarm,0,0,0,0,0,1,0.013086448423564434,,2019-05-16,,0.217
AAHLS9UH,0,0,,,,Censored No Alarm,0,0,0,0,0,1,0.0009210009011439979,,2019-05-16,,0.217
AAHLV30H,0,0,,,,Censored No Alarm,0,0,0,0,0,1,0.0010764094768092036,,2019-05-16,,0.217
AAHLV40H,1,0,,2019-08-05,,Missed,0,0,0,0,1,0,0.0767143964767456,,2019-05-16,,0.217
AAHLV47H,0,0,,,,Censored No Alarm,0,0,0,0,0,1,0.0009860900463536382,,2019-05-16,,0.217
AAHLVTVH,0,0,,,,Censored No Alarm,0,0,0,0,0,1,0.002752808853983879,,2019-05-27,,0.217
AAHLWE3H,0,0,,,,Censored No Alarm,0,0,0,0,0,1,0.001417757011950016,,2019-05-27,,0.217
AAHLWKXH,0,0,,,,Censored No Alarm,0,0,0,0,0,1,0.0016967762494459748,,2019-05-16,,0.217
AAHLWM3H,0,0,,,,Censored No Alarm,0,0,0,0,0,1,0.0038843306247144938,,2019-05-27,,0.217
AAHLXJ1H,0,0,,,,Censored No Alarm,0,0,0,0,0,1,0.02109897881746292,,2019-05-04,,0.217
AAHLXJ9H,0,0,,,,Censored No Alarm,0,0,0,0,0,1,0.0006473729736171663,,2019-05-04,,0.217
AAHLXL5H,0,0,,,,Censored No Alarm,0,0,0,0,0,1,0.0023243101313710213,,2019-08-13,,0.217
AAHLXTXH,0,0,,,,Censored No Alarm,0,0,0,0,0,1,0.05216037109494209,,2019-05-16,,0.217
AAHLY01H,0,0,,,,Censored No Alarm,0,0,0,0,0,1,0.0006458403076976538,,2019-05-27,,0.217
AAHLY04H,0,0,,,,Censored No Alarm,0,0,0,0,0,1,0.0008285826770588756,,2019-05-04,,0.217
AAHLY2TH,0,0,,,,Censored No Alarm,0,0,0,0,0,1,0.0027204081416130066,,2019-05-27,,0.217
AAHLY31H,1,1,2024-05-20,2025-07-25,431.0,Early,0,1,0,1,0,0,0.3149538040161133,0.21916928887367249,2019-08-13,1742.0,0.217
AAHLYJRH,0,0,,,,Censored No Alarm,0,0,0,0,0,1,0.0023938617669045925,,2019-05-27,,0.217
AAHLYY6H,0,0,,,,Censored No Alarm,0,0,0,0,0,1,0.0015719457296654582,,2019-05-16,,0.217
AAHM227H,0,0,,,,Censored No Alarm,0,0,0,0,0,1,0.009683322161436081,,2019-08-13,,0.217
AAHM4E6H,0,0,,,,Censored No Alarm,0,0,0,0,0,1,0.0010011265985667706,,2019-05-27,,0.217
AAHM4HSH,0,0,,,,Censored No Alarm,0,0,0,0,0,1,0.0006699372315779328,,2019-05-04,,0.217
AAHM4KJH,0,0,,,,Censored No Alarm,0,0,0,0,0,1,0.0028153585735708475,,2019-08-13,,0.217
AAHM4S6H,0,0,,,,Censored No Alarm,0,0,0,0,0,1,0.0008551783976145089,,2019-05-04,,0.217
AAHM4S8H,0,0,,,,Censored No Alarm,0,0,0,0,0,1,0.0006776687223464251,,2019-05-04,,0.217
AAHM4SSH,0,0,,,,Censored No Alarm,0,0,0,0,0,1,0.0017108529573306441,,2019-05-04,,0.217
AAHM4T2H,0,0,,,,Censored No Alarm,0,0,0,0,0,1,0.0007259462727233768,,2019-05-04,,0.217
AAHM4T6H,0,0,,,,Censored No Alarm,0,0,0,0,0,1,0.0017700459575280547,,2019-08-13,,0.217
AAHM4TRH,0,0,,,,Censored No Alarm,0,0,0,0,0,1,0.0013199251843616366,,2019-08-13,,0.217
AAHM4UYH,0,0,,,,Censored No Alarm,0,0,0,0,0,1,0.0006990099791437387,,2019-05-04,,0.217
AAHM4WBH,0,0,,,,Censored No Alarm,0,0,0,0,0,1,0.000655018666293472,,2019-05-16,,0.217
AAHM4WEH,0,0,,,,Censored No Alarm,0,0,0,0,0,1,0.0006986673688516021,,2019-05-04,,0.217
AAHM4XGH,0,0,,,,Censored No Alarm,0,0,0,0,0,1,0.004277504049241543,,2019-08-14,,0.217
AAHM5Z4H,0,0,,,,Censored No Alarm,0,0,0,0,0,1,0.0008504708530381322,,2019-05-04,,0.217
AAHM5Z9H,0,0,,,,Censored No Alarm,0,0,0,0,0,1,0.0012205481762066483,,2019-05-04,,0.217
AAHM5ZHH,0,0,,,,Censored No Alarm,0,0,0,0,0,1,0.0005544989253394306,,2019-05-04,,0.217
AAHMD6GH,0,0,,,,Censored No Alarm,0,0,0,0,0,1,0.0008542254799976945,,2019-05-04,,0.217
AAHME7KH,0,0,,,,Censored No Alarm,0,0,0,0,0,1,0.0014342771610245109,,2019-05-16,,0.217
AAHMGV8H,0,0,,,,Censored No Alarm,0,0,0,0,0,1,0.0013590746093541384,,2019-05-27,,0.217
AAHMH4LH,0,0,,,,Censored No Alarm,0,0,0,0,0,1,0.0005802797386422753,,2019-05-04,,0.217
AAHML65H,0,0,,,,Censored No Alarm,0,0,0,0,0,1,0.00109344650991261,,2019-05-16,,0.217
AAHMN38H,0,0,,,,Censored No Alarm,0,0,0,0,0,1,0.0007671067141927779,,2019-05-16,,0.217
AAHMR03H,1,1,2025-11-14,2025-11-26,12.0,On time,1,0,0,0,0,0,0.3906733989715576,0.31877049803733826,2019-05-16,2374.0,0.217
AAHMR2ZH,1,0,,2024-01-31,,Missed,0,0,0,0,1,0,0.0007853291463106871,,2019-05-16,,0.217
AAHMSNRH,0,0,,,,Censored No Alarm,0,0,0,0,0,1,0.0007803827757015824,,2019-05-16,,0.217
AAHMUYLH,0,0,,,,Censored No Alarm,0,0,0,0,0,1,0.00130754173733294,,2019-05-16,,0.217
AAHMW6RH,0,0,,,,Censored No Alarm,0,0,0,0,0,1,0.000753344560507685,,2019-05-16,,0.217
AAHMW7NH,0,0,,,,Censored No Alarm,0,0,0,0,0,1,0.0013269514311105013,,2019-05-16,,0.217
