serial_number,has_failed,alarm_triggered,first_alarm_date,actual_failure_date,days_to_failure_at_alarm,category,is_hit,is_fp_early,is_fp_cens,is_false_alarm,is_miss,is_correct_rejection,max_predicted_score,alarm_predicted_score,first_seen_date,days_since_observed,threshold_used
2AG61PSY,0,0,,,,Censored No Alarm,0,0,0,0,0,1,0.0014608652867268495,,2019-05-27,,0.385
2AG8AVRY,0,0,,,,Censored No Alarm,0,0,0,0,0,1,0.003215183109565268,,2019-08-14,,0.385
2AGEGU7Y,0,0,,,,Censored No Alarm,0,0,0,0,0,1,0.0014608652867268495,,2019-05-27,,0.385
2AGEU1JY,0,1,2025-07-21,,,Censored Early,0,0,1,1,0,0,0.9999574204078218,0.999813214285797,2019-06-01,2242.0,0.385
2AGG48NY,0,0,,,,Censored No Alarm,0,0,0,0,0,1,0.0014608652867268495,,2019-05-27,,0.385
2AGG7H1Y,0,0,,,,Censored No Alarm,0,0,0,0,0,1,0.0014608652867268495,,2019-05-27,,0.385
2AGGHGJY,1,0,,2024-11-19,,Missed,0,0,0,0,1,0,0.19602677438438815,,2019-05-16,,0.385
2AGGHLEY,0,0,,,,Censored No Alarm,0,0,0,0,0,1,0.0014608652867268495,,2019-06-01,,0.385
2AGGHM0Y,0,0,,,,Censored No Alarm,0,0,0,0,0,1,0.0014608652867268495,,2019-05-27,,0.385
2AGGHMUY,0,0,,,,Censored No Alarm,0,0,0,0,0,1,0.0014608652867268495,,2019-05-16,,0.385
2AGGHR1Y,0,0,,,,Censored No Alarm,0,0,0,0,0,1,0.003405636236158248,,2019-05-27,,0.385
2AGGHR7Y,0,0,,,,Censored No Alarm,0,0,0,0,0,1,0.0014608652867268495,,2019-05-27,,0.385
2AGGL0UY,1,0,,2022-02-27,,Missed,0,0,0,0,1,0,0.0014608652867268495,,2019-05-27,,0.385
2AGGR3NY,0,0,,,,Censored No Alarm,0,0,0,0,0,1,0.0069981906137271625,,2019-05-27,,0.385
2AGGZNJY,0,0,,,,Censored No Alarm,0,0,0,0,0,1,0.0014608652867268495,,2019-05-27,,0.385
2AGH31BY,1,0,,2023-11-01,,Missed,0,0,0,0,1,0,0.0146392122788388,,2019-05-27,,0.385
2AGH31PY,1,0,,2024-11-18,,Missed,0,0,0,0,1,0,0.05552900112557787,,2019-05-27,,0.385
2AGH33SY,1,0,,2025-05-08,,Missed,0,0,0,0,1,0,0.1073465576563201,,2019-05-27,,0.385
2AGH34HY,0,0,,,,Censored No Alarm,0,0,0,0,0,1,0.01256662225198426,,2019-05-27,,0.385
2AGH34PY,0,0,,,,Censored No Alarm,0,0,0,0,0,1,0.0014608652867268495,,2019-05-27,,0.385
2AGH35GY,0,0,,,,Censored No Alarm,0,0,0,0,0,1,0.0014608652867268495,,2019-05-27,,0.385
2AGHB9XY,1,0,,2024-12-02,,Missed,0,0,0,0,1,0,0.03201145011853858,,2019-05-27,,0.385
2AGHDYHY,0,0,,,,Censored No Alarm,0,0,0,0,0,1,0.0014608652867268495,,2019-05-27,,0.385
2AGHEP9Y,1,0,,2024-07-26,,Missed,0,0,0,0,1,0,0.008715915801290235,,2019-05-27,,0.385
2AGHGR1Y,0,0,,,,Censored No Alarm,0,0,0,0,0,1,0.003283569005605563,,2019-05-27,,0.385
2AGHGRLY,0,0,,,,Censored No Alarm,0,0,0,0,0,1,0.0014608652867268495,,2019-05-27,,0.385
2AGHGRRY,0,0,,,,Censored No Alarm,0,0,0,0,0,1,0.0014608652867268495,,2019-05-27,,0.385
2AGHJD4Y,0,0,,,,Censored No Alarm,0,0,0,0,0,1,0.009215503199835324,,2019-06-01,,0.385
2AGHK55Y,0,0,,,,Censored No Alarm,0,0,0,0,0,1,0.0014608652867268495,,2019-05-27,,0.385
2AGHK8MY,0,0,,,,Censored No Alarm,0,0,0,0,0,1,0.0014608652867268495,,2019-05-27,,0.385
2AGHLEUY,1,0,,2023-11-06,,Missed,0,0,0,0,1,0,0.004258008074008586,,2019-05-27,,0.385
2AGHLGTY,1,0,,2025-08-05,,Missed,0,0,0,0,1,0,0.03248367429516833,,2019-05-27,,0.385
2AGHLKHY,0,0,,,,Censored No Alarm,0,0,0,0,0,1,0.0014608652867268495,,2019-05-27,,0.385
2AGHLMXY,0,0,,,,Censored No Alarm,0,0,0,0,0,1,0.0014608652867268495,,2019-05-27,,0.385
2AGHLN0Y,0,0,,,,Censored No Alarm,0,0,0,0,0,1,0.0014608652867268495,,2019-05-27,,0.385
2AGHMUTY,0,0,,,,Censored No Alarm,0,0,0,0,0,1,0.0014608652867268495,,2019-05-27,,0.385
2AGHMUYY,0,0,,,,Censored No Alarm,0,0,0,0,0,1,0.0014608652867268495,,2019-06-01,,0.385
2AGHMW5Y,0,0,,,,Censored No Alarm,0,0,0,0,0,1,0.008237737491172577,,2019-05-27,,0.385
2AGHMXGY,1,0,,2023-05-14,,Missed,0,0,0,0,1,0,0.004897270236228216,,2019-05-27,,0.385
2AGHMYTY,0,0,,,,Censored No Alarm,0,0,0,0,0,1,0.008715915801290235,,2019-05-27,,0.385
2AGHMZMY,0,0,,,,Censored No Alarm,0,0,0,0,0,1,0.0014608652867268495,,2019-05-27,,0.385
2AGHN0TY,1,1,2020-07-30,2020-10-22,84.0,Early,0,1,0,1,0,0,0.9999491781030756,0.9886763493320251,2019-05-27,430.0,0.385
2AGHN0WY,0,0,,,,Censored No Alarm,0,0,0,0,0,1,0.0014608652867268495,,2019-05-27,,0.385
2AGHN16Y,0,0,,,,Censored No Alarm,0,0,0,0,0,1,0.0014608652867268495,,2019-05-27,,0.385
2AGHN2AY,0,0,,,,Censored No Alarm,0,0,0,0,0,1,0.0014608652867268495,,2019-05-27,,0.385
2AGHN3XY,0,0,,,,Censored No Alarm,0,0,0,0,0,1,0.0014608652867268495,,2019-05-27,,0.385
2AGHPDKY,0,0,,,,Censored No Alarm,0,0,0,0,0,1,0.0014608652867268495,,2019-05-27,,0.385
2AGHSJ4Y,0,0,,,,Censored No Alarm,0,0,0,0,0,1,0.0014608652867268495,,2019-05-27,,0.385
2AGHSS9Y,0,0,,,,Censored No Alarm,0,0,0,0,0,1,0.0014608652867268495,,2019-05-27,,0.385
2AGHTBYY,1,1,2024-08-30,2025-01-25,148.0,Early,0,1,0,1,0,0,0.9999992468424047,0.9999980740050796,2019-05-27,1922.0,0.385
2AGHTGEY,1,0,,2023-03-14,,Missed,0,0,0,0,1,0,0.05359435105490916,,2019-05-27,,0.385
2AGHTKBY,0,0,,,,Censored No Alarm,0,0,0,0,0,1,0.004564754170302578,,2019-05-27,,0.385
2AGLY65Y,1,0,,2023-11-20,,Missed,0,0,0,0,1,0,0.01256662225198426,,2019-08-13,,0.385
2AGM231Y,0,0,,,,Censored No Alarm,0,0,0,0,0,1,0.0014608652867268495,,2019-05-04,,0.385
2AGM23NY,0,0,,,,Censored No Alarm,0,0,0,0,0,1,0.0014608652867268495,,2019-05-04,,0.385
2AGM5UVY,0,0,,,,Censored No Alarm,0,0,0,0,0,1,0.030294275045552134,,2019-05-16,,0.385
2AGM5V7Y,1,1,2024-12-21,2025-12-05,349.0,Early,0,1,0,1,0,0,0.9999999535384138,0.9999999535384138,2019-05-16,2046.0,0.385
2AGM5VBY,0,0,,,,Censored No Alarm,0,0,0,0,0,1,0.08626179677418877,,2019-05-16,,0.385
2AGM5VHY,1,0,,2025-01-18,,Missed,0,0,0,0,1,0,0.011099067087712347,,2019-08-14,,0.385
2AGM5W9Y,1,0,,2025-01-16,,Missed,0,0,0,0,1,0,0.011316048215417337,,2019-05-16,,0.385
2AGM5YEY,0,0,,,,Censored No Alarm,0,0,0,0,0,1,0.005521072819752702,,2019-05-04,,0.385
2AGM8EMY,1,0,,2024-10-29,,Missed,0,0,0,0,1,0,0.1567627890301815,,2019-05-16,,0.385
2AGM8EUY,0,0,,,,Censored No Alarm,0,0,0,0,0,1,0.0014608652867268495,,2019-05-27,,0.385
2AGM8J2Y,0,0,,,,Censored No Alarm,0,0,0,0,0,1,0.0014608652867268495,,2019-05-16,,0.385
2AGM8JAY,0,0,,,,Censored No Alarm,0,0,0,0,0,1,0.0014608652867268495,,2019-05-16,,0.385
2AGM8LNY,0,0,,,,Censored No Alarm,0,0,0,0,0,1,0.02327054317345956,,2019-05-04,,0.385
2AGM8RJY,0,0,,,,Censored No Alarm,0,0,0,0,0,1,0.008969046422897892,,2019-08-13,,0.385
2AGM8RTY,0,1,2025-04-09,,,Censored Early,0,0,1,1,0,0,0.43252640503783885,0.43252640503783885,2019-05-16,2155.0,0.385
2AGM8UNY,1,0,,2026-03-12,,Missed,0,0,0,0,1,0,0.12928908789243918,,2019-08-13,,0.385
2AGM8V7Y,0,0,,,,Censored No Alarm,0,0,0,0,0,1,0.0014608652867268495,,2019-05-16,,0.385
2AGM9MXY,1,0,,2025-09-21,,Missed,0,0,0,0,1,0,0.008969046422897892,,2019-05-04,,0.385
2AGM9PJY,0,0,,,,Censored No Alarm,0,0,0,0,0,1,0.3181455296516554,,2019-05-04,,0.385
2AGM9RGY,1,0,,2022-12-23,,Missed,0,0,0,0,1,0,0.0014608652867268495,,2019-05-16,,0.385
2AGM9S6Y,0,0,,,,Censored No Alarm,0,0,0,0,0,1,0.003220106121787351,,2019-05-16,,0.385
2AGM9SDY,0,0,,,,Censored No Alarm,0,0,0,0,0,1,0.0014608652867268495,,2019-05-04,,0.385
2AGM9U1Y,0,0,,,,Censored No Alarm,0,0,0,0,0,1,0.0014608652867268495,,2019-05-16,,0.385
2AGMDJKY,0,0,,,,Censored No Alarm,0,0,0,0,0,1,0.0014608652867268495,,2019-05-04,,0.385
2AGMDUAY,1,0,,2023-02-04,,Missed,0,0,0,0,1,0,0.004410209207382155,,2019-05-16,,0.385
2AGMDY1Y,0,0,,,,Censored No Alarm,0,0,0,0,0,1,0.003032978531608992,,2019-08-14,,0.385
2AGME0XY,1,0,,2024-05-29,,Missed,0,0,0,0,1,0,0.16176689546616171,,2019-05-16,,0.385
2AGME3BY,0,0,,,,Censored No Alarm,0,0,0,0,0,1,0.003283569005605563,,2019-05-16,,0.385
2AGME9PY,1,0,,2024-08-06,,Missed,0,0,0,0,1,0,0.028451879278741356,,2019-08-13,,0.385
2AGMGAYY,0,0,,,,Censored No Alarm,0,0,0,0,0,1,0.0014608652867268495,,2019-05-16,,0.385
2AGMGDPY,0,0,,,,Censored No Alarm,0,0,0,0,0,1,0.0014608652867268495,,2019-08-13,,0.385
2AGMGKLY,0,0,,,,Censored No Alarm,0,0,0,0,0,1,0.0014608652867268495,,2019-08-13,,0.385
2AGMGXEY,0,0,,,,Censored No Alarm,0,0,0,0,0,1,0.0014608652867268495,,2019-08-14,,0.385
2AGMH2YY,1,0,,2024-12-10,,Missed,0,0,0,0,1,0,0.03201145011853858,,2019-05-16,,0.385
2AGMH3JY,0,0,,,,Censored No Alarm,0,0,0,0,0,1,0.0014608652867268495,,2019-05-16,,0.385
2AGMHK6Y,0,0,,,,Censored No Alarm,0,0,0,0,0,1,0.0034424747196744425,,2019-05-04,,0.385
2AGMHPEY,1,0,,2024-06-25,,Missed,0,0,0,0,1,0,0.008715915801290235,,2019-06-01,,0.385
2AGMHRYY,1,0,,2024-05-16,,Missed,0,0,0,0,1,0,0.05859013552137969,,2019-05-16,,0.385
2AGMHTLY,0,0,,,,Censored No Alarm,0,0,0,0,0,1,0.0014608652867268495,,2019-05-04,,0.385
2AGMHU7Y,1,0,,2024-07-08,,Missed,0,0,0,0,1,0,0.004780461661641834,,2019-05-04,,0.385
2AGMHVTY,0,0,,,,Censored No Alarm,0,0,0,0,0,1,0.0014608652867268495,,2019-05-16,,0.385
2AGMHWAY,1,1,2020-08-09,2023-09-22,1139.0,Early,0,1,0,1,0,0,0.9999999899057451,0.9886763493320251,2019-08-14,361.0,0.385
2AGMHXDY,1,0,,2025-06-02,,Missed,0,0,0,0,1,0,0.1073465576563201,,2019-08-13,,0.385
2AGMHY3Y,1,0,,2025-11-18,,Missed,0,0,0,0,1,0,0.004487056114591119,,2019-08-14,,0.385
2AGMHY5Y,0,0,,,,Censored No Alarm,0,0,0,0,0,1,0.0014608652867268495,,2019-08-13,,0.385
2AGMJ35Y,0,0,,,,Censored No Alarm,0,0,0,0,0,1,0.0014608652867268495,,2019-05-04,,0.385
2AGMJ3JY,0,0,,,,Censored No Alarm,0,0,0,0,0,1,0.0014608652867268495,,2019-05-16,,0.385
2AGMJ3TY,0,0,,,,Censored No Alarm,0,0,0,0,0,1,0.0014608652867268495,,2019-08-14,,0.385
2AGMJ47Y,0,0,,,,Censored No Alarm,0,0,0,0,0,1,0.0014608652867268495,,2019-06-01,,0.385
2AGMJ5BY,1,0,,2021-05-03,,Missed,0,0,0,0,1,0,0.0014608652867268495,,2019-05-04,,0.385
2AGMKV4Y,1,0,,2026-01-28,,Missed,0,0,0,0,1,0,0.12928908789243918,,2019-05-04,,0.385
2AGMKVHY,1,0,,2023-05-06,,Missed,0,0,0,0,1,0,0.01250664337914445,,2019-08-13,,0.385
2AGMKVTY,1,0,,2024-12-04,,Missed,0,0,0,0,1,0,0.05859013552137969,,2019-08-14,,0.385
2AGMLMLY,0,1,2025-09-19,,,Censored Early,0,0,1,1,0,0,0.9999861791907878,0.9999861791907878,2019-08-14,2228.0,0.385
2AGMLSZY,1,1,2020-07-11,2020-07-30,19.0,On time,1,0,0,0,0,0,0.9999491781030756,0.9999268107196531,2019-05-16,422.0,0.385
2AGMLT7Y,0,1,2026-02-24,,,Censored Early,0,0,1,1,0,0,0.9841840172036032,0.9841840172036032,2019-05-16,2476.0,0.385
2AGMLWNY,0,0,,,,Censored No Alarm,0,0,0,0,0,1,0.018808051210393292,,2019-08-14,,0.385
2AGMLZLY,1,0,,2026-02-11,,Missed,0,0,0,0,1,0,0.1073465576563201,,2019-05-16,,0.385
2AGMM0UY,0,1,2019-12-18,,,Censored Early,0,0,1,1,0,0,0.992109841004679,0.9886763493320251,2019-05-16,216.0,0.385
2AGMMNKY,0,0,,,,Censored No Alarm,0,0,0,0,0,1,0.01093544149250476,,2019-06-01,,0.385
2AGMMU1Y,0,0,,,,Censored No Alarm,0,0,0,0,0,1,0.0014608652867268495,,2019-05-16,,0.385
2AGMMU4Y,0,0,,,,Censored No Alarm,0,0,0,0,0,1,0.0014608652867268495,,2019-08-14,,0.385
2AGMNB7Y,1,0,,2023-03-30,,Missed,0,0,0,0,1,0,0.02432436208304513,,2019-05-16,,0.385
2AGMNBEY,0,0,,,,Censored No Alarm,0,0,0,0,0,1,0.0014608652867268495,,2019-05-16,,0.385
2AGMND4Y,1,1,2024-05-21,2025-10-27,524.0,Early,0,1,0,1,0,0,0.9999999932044392,0.9999999932044392,2019-05-04,1844.0,0.385
2AGMNE1Y,1,0,,2025-11-26,,Missed,0,0,0,0,1,0,0.12928908789243918,,2019-05-16,,0.385
2AGMNEBY,1,1,2020-03-26,2024-08-05,1593.0,Early,0,1,0,1,0,0,0.9886763493320251,0.9886763493320251,2019-05-04,327.0,0.385
2AGMNG0Y,0,0,,,,Censored No Alarm,0,0,0,0,0,1,0.03201145011853858,,2019-05-16,,0.385
2AGMNJKY,1,0,,2025-09-29,,Missed,0,0,0,0,1,0,0.19602677438438815,,2019-05-16,,0.385
2AGMNM8Y,0,0,,,,Censored No Alarm,0,0,0,0,0,1,0.011316048215417337,,2019-08-14,,0.385
2AGMNMWY,1,0,,2023-05-10,,Missed,0,0,0,0,1,0,0.004780461661641834,,2019-05-16,,0.385
2AGMNTXY,0,0,,,,Censored No Alarm,0,0,0,0,0,1,0.0014608652867268495,,2019-05-16,,0.385
2AGMNUVY,0,0,,,,Censored No Alarm,0,0,0,0,0,1,0.0031674116993250356,,2019-05-04,,0.385
2AGMNWBY,0,0,,,,Censored No Alarm,0,0,0,0,0,1,0.0014608652867268495,,2019-08-13,,0.385
2AGMNXRY,0,0,,,,Censored No Alarm,0,0,0,0,0,1,0.02203385762134794,,2019-08-13,,0.385
2AGMP7ZY,0,0,,,,Censored No Alarm,0,0,0,0,0,1,0.0014608652867268495,,2019-08-14,,0.385
2AGMPBWY,0,0,,,,Censored No Alarm,0,0,0,0,0,1,0.01256662225198426,,2019-05-16,,0.385
2AGMPD8Y,1,0,,2023-11-21,,Missed,0,0,0,0,1,0,0.0014608652867268495,,2019-08-13,,0.385
2AGMPK3Y,0,0,,,,Censored No Alarm,0,0,0,0,0,1,0.003283569005605563,,2019-05-04,,0.385
2AGMPL7Y,1,0,,2025-02-27,,Missed,0,0,0,0,1,0,0.004258008074008586,,2019-05-16,,0.385
2AGMPP1Y,0,0,,,,Censored No Alarm,0,0,0,0,0,1,0.003283569005605563,,2019-05-16,,0.385
2AGMPP4Y,1,1,2025-09-11,2025-09-23,12.0,On time,1,0,0,0,0,0,0.9999785565541195,0.9999577788305003,2019-05-16,2310.0,0.385
2AGMPPGY,0,0,,,,Censored No Alarm,0,0,0,0,0,1,0.0014608652867268495,,2019-05-16,,0.385
2AGMPSSY,0,0,,,,Censored No Alarm,0,0,0,0,0,1,0.0014608652867268495,,2019-05-16,,0.385
2AGMPT2Y,0,0,,,,Censored No Alarm,0,0,0,0,0,1,0.0014608652867268495,,2019-05-16,,0.385
2AGMPZ8Y,0,0,,,,Censored No Alarm,0,0,0,0,0,1,0.0014608652867268495,,2019-08-14,,0.385
2AGMS6PY,0,0,,,,Censored No Alarm,0,0,0,0,0,1,0.0014608652867268495,,2019-08-14,,0.385
2AGMSHHY,1,0,,2022-08-12,,Missed,0,0,0,0,1,0,0.002766205079712009,,2019-05-04,,0.385
2AGMTK0Y,1,1,2025-08-25,2025-08-30,5.0,On time,1,0,0,0,0,0,0.9999699889225523,0.9999699889225523,2019-05-16,2293.0,0.385
2AGMTL0Y,1,0,,2023-04-17,,Missed,0,0,0,0,1,0,0.0014608652867268495,,2019-05-04,,0.385
2AGMTXAY,0,0,,,,Censored No Alarm,0,0,0,0,0,1,0.0014608652867268495,,2019-08-13,,0.385
2AGMUBMY,0,0,,,,Censored No Alarm,0,0,0,0,0,1,0.0014608652867268495,,2019-06-01,,0.385
2AGMUBRY,1,0,,2024-08-04,,Missed,0,0,0,0,1,0,0.003405636236158248,,2019-08-13,,0.385
2AGMV9UY,0,0,,,,Censored No Alarm,0,0,0,0,0,1,0.0014608652867268495,,2019-08-13,,0.385
2AGMVDDY,0,0,,,,Censored No Alarm,0,0,0,0,0,1,0.0014608652867268495,,2019-05-16,,0.385
2AGMWHVY,1,0,,2024-07-19,,Missed,0,0,0,0,1,0,0.018808051210393292,,2019-05-16,,0.385
2AGMZLMY,1,0,,2023-05-16,,Missed,0,0,0,0,1,0,0.029211619332065272,,2019-08-13,,0.385
2AGN038Y,0,0,,,,Censored No Alarm,0,0,0,0,0,1,0.0014608652867268495,,2019-08-13,,0.385
2AGN03MY,0,0,,,,Censored No Alarm,0,0,0,0,0,1,0.003405636236158248,,2019-08-13,,0.385
2AGN05MY,0,0,,,,Censored No Alarm,0,0,0,0,0,1,0.0014608652867268495,,2019-08-13,,0.385
2AGN071Y,0,0,,,,Censored No Alarm,0,0,0,0,0,1,0.002863305636920473,,2019-08-13,,0.385
2AGN07AY,0,0,,,,Censored No Alarm,0,0,0,0,0,1,0.0014608652867268495,,2019-08-14,,0.385
2AGN17RY,0,0,,,,Censored No Alarm,0,0,0,0,0,1,0.0014608652867268495,,2019-08-13,,0.385
2AGN1YNY,0,0,,,,Censored No Alarm,0,0,0,0,0,1,0.0014608652867268495,,2019-08-14,,0.385
2AGN29AY,0,0,,,,Censored No Alarm,0,0,0,0,0,1,0.0014608652867268495,,2019-08-14,,0.385
2AGN43EY,0,0,,,,Censored No Alarm,0,0,0,0,0,1,0.03201145011853858,,2019-08-13,,0.385
2AGN5A3Y,0,0,,,,Censored No Alarm,0,0,0,0,0,1,0.0014608652867268495,,2019-06-01,,0.385
2AGN7GZY,0,0,,,,Censored No Alarm,0,0,0,0,0,1,0.0014608652867268495,,2019-08-13,,0.385
2AGN7XVY,0,0,,,,Censored No Alarm,0,0,0,0,0,1,0.011316048215417337,,2019-08-14,,0.385
2AGN7XYY,0,0,,,,Censored No Alarm,0,0,0,0,0,1,0.005427597154633456,,2019-05-27,,0.385
2AGN853Y,0,0,,,,Censored No Alarm,0,0,0,0,0,1,0.0014608652867268495,,2019-08-14,,0.385
2AGN8H9Y,0,0,,,,Censored No Alarm,0,0,0,0,0,1,0.0014608652867268495,,2019-08-14,,0.385
2AGN8Y9Y,0,0,,,,Censored No Alarm,0,0,0,0,0,1,0.004564754170302578,,2019-08-13,,0.385
2AGN8ZGY,0,0,,,,Censored No Alarm,0,0,0,0,0,1,0.0014608652867268495,,2019-06-01,,0.385
2AGN90RY,1,0,,2023-12-07,,Missed,0,0,0,0,1,0,0.028451879278741356,,2019-08-14,,0.385
2AGN9N4Y,1,1,2025-01-26,2025-03-06,39.0,Early,0,1,0,1,0,0,0.9999984755740037,0.9999984755740037,2019-08-13,1993.0,0.385
2AGNAK7Y,0,0,,,,Censored No Alarm,0,0,0,0,0,1,0.0014608652867268495,,2019-08-14,,0.385
2AGNAKGY,0,0,,,,Censored No Alarm,0,0,0,0,0,1,0.0014608652867268495,,2019-08-14,,0.385
2AGNAYKY,0,0,,,,Censored No Alarm,0,0,0,0,0,1,0.0014608652867268495,,2019-08-13,,0.385
2AGNBWPY,0,0,,,,Censored No Alarm,0,0,0,0,0,1,0.0014608652867268495,,2019-08-13,,0.385
2AGND0EY,0,0,,,,Censored No Alarm,0,0,0,0,0,1,0.0014608652867268495,,2019-08-13,,0.385
2AGNEAHY,0,0,,,,Censored No Alarm,0,0,0,0,0,1,0.0014608652867268495,,2019-08-13,,0.385
2AGNEK5Y,0,0,,,,Censored No Alarm,0,0,0,0,0,1,0.0014608652867268495,,2019-08-14,,0.385
2AGNEN9Y,0,0,,,,Censored No Alarm,0,0,0,0,0,1,0.0014608652867268495,,2019-08-14,,0.385
2AGNEREY,0,0,,,,Censored No Alarm,0,0,0,0,0,1,0.003283569005605563,,2019-08-13,,0.385
2AGNGZPY,0,0,,,,Censored No Alarm,0,0,0,0,0,1,0.0014608652867268495,,2019-05-27,,0.385
2AGNJE2Y,0,0,,,,Censored No Alarm,0,0,0,0,0,1,0.0036869025368973466,,2019-06-01,,0.385
2AGNJG7Y,0,0,,,,Censored No Alarm,0,0,0,0,0,1,0.0014608652867268495,,2019-08-13,,0.385
2AGNJGHY,0,0,,,,Censored No Alarm,0,0,0,0,0,1,0.0014608652867268495,,2019-08-13,,0.385
2AGNJRYY,0,0,,,,Censored No Alarm,0,0,0,0,0,1,0.0014608652867268495,,2019-06-01,,0.385
2AGNJTAY,0,0,,,,Censored No Alarm,0,0,0,0,0,1,0.0014608652867268495,,2019-08-14,,0.385
2AGNJTRY,0,0,,,,Censored No Alarm,0,0,0,0,0,1,0.0014608652867268495,,2019-08-14,,0.385
2AGNKB9Y,1,0,,2023-11-29,,Missed,0,0,0,0,1,0,0.0014608652867268495,,2019-08-13,,0.385
2AGNKGXY,0,0,,,,Censored No Alarm,0,0,0,0,0,1,0.0014608652867268495,,2019-08-14,,0.385
2AGNKNJY,0,0,,,,Censored No Alarm,0,0,0,0,0,1,0.0014608652867268495,,2019-08-14,,0.385
2AGNKSPY,0,0,,,,Censored No Alarm,0,0,0,0,0,1,0.0014608652867268495,,2019-08-14,,0.385
2AGNKV4Y,0,0,,,,Censored No Alarm,0,0,0,0,0,1,0.0014608652867268495,,2019-08-13,,0.385
2AGNL61Y,0,0,,,,Censored No Alarm,0,0,0,0,0,1,0.0014608652867268495,,2019-05-16,,0.385
2AGNNTHY,0,0,,,,Censored No Alarm,0,0,0,0,0,1,0.005132063936074998,,2019-05-16,,0.385
2AGNT47Y,0,0,,,,Censored No Alarm,0,0,0,0,0,1,0.0014608652867268495,,2019-05-16,,0.385
2AGP393Y,1,1,2023-02-28,2023-04-06,37.0,Early,0,1,0,1,0,0,0.6688283202426454,0.6688283202426454,2019-06-01,1368.0,0.385
2AGP43EY,1,0,,2024-09-01,,Missed,0,0,0,0,1,0,0.004564754170302578,,2019-05-16,,0.385
2AGP5EDY,0,0,,,,Censored No Alarm,0,0,0,0,0,1,0.0014608652867268495,,2019-05-16,,0.385
2AGP5GBY,0,0,,,,Censored No Alarm,0,0,0,0,0,1,0.0014608652867268495,,2019-05-16,,0.385
2AGP5J1Y,0,0,,,,Censored No Alarm,0,0,0,0,0,1,0.0014608652867268495,,2019-05-16,,0.385
2AGP6TYY,0,0,,,,Censored No Alarm,0,0,0,0,0,1,0.0014608652867268495,,2019-05-16,,0.385
2AGP6UBY,0,0,,,,Censored No Alarm,0,0,0,0,0,1,0.0014608652867268495,,2019-05-16,,0.385
2AGP9W7Y,0,0,,,,Censored No Alarm,0,0,0,0,0,1,0.028414045747445025,,2019-05-16,,0.385
2AGPHHKY,0,0,,,,Censored No Alarm,0,0,0,0,0,1,0.0014608652867268495,,2019-06-01,,0.385
2AGPHHTY,0,0,,,,Censored No Alarm,0,0,0,0,0,1,0.0014608652867268495,,2019-06-01,,0.385
2AGPJAVY,0,0,,,,Censored No Alarm,0,0,0,0,0,1,0.0014608652867268495,,2019-05-27,,0.385
2AGPJBGY,0,0,,,,Censored No Alarm,0,0,0,0,0,1,0.0014608652867268495,,2019-05-27,,0.385
2AGPJBNY,0,0,,,,Censored No Alarm,0,0,0,0,0,1,0.0014608652867268495,,2019-05-27,,0.385
2AGPJE5Y,0,0,,,,Censored No Alarm,0,0,0,0,0,1,0.0014608652867268495,,2019-05-16,,0.385
2AGPJGPY,1,0,,2021-02-22,,Missed,0,0,0,0,1,0,0.0014608652867268495,,2019-05-16,,0.385
2AGPJH1Y,1,0,,2024-08-11,,Missed,0,0,0,0,1,0,0.0164144323422551,,2019-05-16,,0.385
2AGPJHAY,0,0,,,,Censored No Alarm,0,0,0,0,0,1,0.0014608652867268495,,2019-08-13,,0.385
2AGPJHXY,0,0,,,,Censored No Alarm,0,0,0,0,0,1,0.0014608652867268495,,2019-05-27,,0.385
2AGPJL8Y,0,0,,,,Censored No Alarm,0,0,0,0,0,1,0.0014608652867268495,,2019-05-27,,0.385
2AGPJLWY,0,0,,,,Censored No Alarm,0,0,0,0,0,1,0.0014608652867268495,,2019-08-13,,0.385
2AGPJMRY,0,0,,,,Censored No Alarm,0,0,0,0,0,1,0.0014608652867268495,,2019-08-13,,0.385
2AGPJP0Y,0,0,,,,Censored No Alarm,0,0,0,0,0,1,0.0014608652867268495,,2019-05-27,,0.385
2AGPK9HY,0,0,,,,Censored No Alarm,0,0,0,0,0,1,0.0014608652867268495,,2019-08-14,,0.385
2AGPKA3Y,0,0,,,,Censored No Alarm,0,0,0,0,0,1,0.003405636236158248,,2019-08-14,,0.385
2AGPKALY,0,0,,,,Censored No Alarm,0,0,0,0,0,1,0.0014608652867268495,,2019-05-16,,0.385
2AGPKARY,0,0,,,,Censored No Alarm,0,0,0,0,0,1,0.0014608652867268495,,2019-05-16,,0.385
2AGPKB2Y,0,0,,,,Censored No Alarm,0,0,0,0,0,1,0.0014608652867268495,,2019-05-27,,0.385
2AGPKTUY,0,0,,,,Censored No Alarm,0,0,0,0,0,1,0.0014608652867268495,,2019-05-16,,0.385
2AGPKVGY,0,0,,,,Censored No Alarm,0,0,0,0,0,1,0.0014608652867268495,,2019-05-16,,0.385
2AGPKWNY,1,0,,2023-10-29,,Missed,0,0,0,0,1,0,0.0164144323422551,,2019-05-16,,0.385
2AGPKX4Y,0,0,,,,Censored No Alarm,0,0,0,0,0,1,0.006339037280139522,,2019-05-16,,0.385
2AGPL2YY,0,0,,,,Censored No Alarm,0,0,0,0,0,1,0.0014608652867268495,,2019-05-16,,0.385
2AGPL4UY,0,0,,,,Censored No Alarm,0,0,0,0,0,1,0.0014608652867268495,,2019-05-16,,0.385
2AGPL4ZY,0,0,,,,Censored No Alarm,0,0,0,0,0,1,0.0014608652867268495,,2019-05-27,,0.385
2AGPLSSY,0,0,,,,Censored No Alarm,0,0,0,0,0,1,0.0014608652867268495,,2019-05-16,,0.385
2AGPMDVY,0,0,,,,Censored No Alarm,0,0,0,0,0,1,0.0014608652867268495,,2019-05-27,,0.385
2AGPMEPY,0,0,,,,Censored No Alarm,0,0,0,0,0,1,0.0014608652867268495,,2019-05-16,,0.385
2AGPMGGY,0,0,,,,Censored No Alarm,0,0,0,0,0,1,0.0014608652867268495,,2019-05-16,,0.385
2AGPMM3Y,0,0,,,,Censored No Alarm,0,0,0,0,0,1,0.0014608652867268495,,2019-05-27,,0.385
2AGPMN9Y,0,0,,,,Censored No Alarm,0,0,0,0,0,1,0.0014608652867268495,,2019-05-27,,0.385
2AGPMRDY,0,0,,,,Censored No Alarm,0,0,0,0,0,1,0.0014608652867268495,,2019-05-27,,0.385
2AGPMY1Y,0,0,,,,Censored No Alarm,0,0,0,0,0,1,0.0014608652867268495,,2019-05-16,,0.385
2AGPN6PY,0,0,,,,Censored No Alarm,0,0,0,0,0,1,0.0014608652867268495,,2019-05-16,,0.385
2AGPPJAY,0,0,,,,Censored No Alarm,0,0,0,0,0,1,0.0014608652867268495,,2019-05-16,,0.385
2AGPPLLY,1,0,,2023-11-29,,Missed,0,0,0,0,1,0,0.03201145011853858,,2019-05-16,,0.385
2AGPR6YY,0,0,,,,Censored No Alarm,0,0,0,0,0,1,0.0014608652867268495,,2019-05-16,,0.385
2AGPR7RY,0,0,,,,Censored No Alarm,0,0,0,0,0,1,0.0014608652867268495,,2019-05-16,,0.385
2AGPR8EY,0,0,,,,Censored No Alarm,0,0,0,0,0,1,0.0014608652867268495,,2019-05-16,,0.385
2AGPRL8Y,0,0,,,,Censored No Alarm,0,0,0,0,0,1,0.0014608652867268495,,2019-05-27,,0.385
2AGPRMLY,1,0,,2026-03-26,,Missed,0,0,0,0,1,0,0.004476640511476158,,2019-08-13,,0.385
2AGPRMRY,1,0,,2024-08-12,,Missed,0,0,0,0,1,0,0.003215183109565268,,2019-05-04,,0.385
2AGPRRJY,0,0,,,,Censored No Alarm,0,0,0,0,0,1,0.02203385762134794,,2019-05-04,,0.385
2AGPS2ZY,0,0,,,,Censored No Alarm,0,0,0,0,0,1,0.0014608652867268495,,2019-05-16,,0.385
2AGPSEDY,0,0,,,,Censored No Alarm,0,0,0,0,0,1,0.0014608652867268495,,2019-05-27,,0.385
2AGPSG5Y,0,0,,,,Censored No Alarm,0,0,0,0,0,1,0.0014608652867268495,,2019-05-27,,0.385
2AGPSGKY,0,0,,,,Censored No Alarm,0,0,0,0,0,1,0.0014608652867268495,,2019-08-14,,0.385
2AGPSJKY,0,0,,,,Censored No Alarm,0,0,0,0,0,1,0.0014608652867268495,,2019-08-14,,0.385
2AGPSRUY,0,0,,,,Censored No Alarm,0,0,0,0,0,1,0.0014608652867268495,,2019-05-16,,0.385
2AGPT2PY,0,0,,,,Censored No Alarm,0,0,0,0,0,1,0.0014608652867268495,,2019-08-14,,0.385
2AGPT48Y,0,0,,,,Censored No Alarm,0,0,0,0,0,1,0.0014608652867268495,,2019-06-01,,0.385
2AGPT7PY,0,0,,,,Censored No Alarm,0,0,0,0,0,1,0.0014608652867268495,,2019-08-13,,0.385
2AGPTL4Y,0,0,,,,Censored No Alarm,0,0,0,0,0,1,0.0028079424725200764,,2019-05-27,,0.385
2AGPTVLY,0,0,,,,Censored No Alarm,0,0,0,0,0,1,0.0014608652867268495,,2019-06-01,,0.385
5PG0TA6F,0,0,,,,Censored No Alarm,0,0,0,0,0,1,0.0014608652867268495,,2020-07-14,,0.385
5PG0TAKF,0,0,,,,Censored No Alarm,0,0,0,0,0,1,0.0014608652867268495,,2020-05-10,,0.385
5PJEJUHE,0,0,,,,Censored No Alarm,0,0,0,0,0,1,0.0014608652867268495,,2021-12-28,,0.385
5PJJHD9C,0,0,,,,Censored No Alarm,0,0,0,0,0,1,0.0014608652867268495,,2022-07-18,,0.385
5PJJLZTF,0,0,,,,Censored No Alarm,0,0,0,0,0,1,0.0014608652867268495,,2021-12-03,,0.385
5PJKZP4D,0,0,,,,Censored No Alarm,0,0,0,0,0,1,0.0014608652867268495,,2022-08-04,,0.385
5PJVPJGF,0,0,,,,Censored No Alarm,0,0,0,0,0,1,0.0014608652867268495,,2021-05-16,,0.385
5PK10N4B,0,0,,,,Censored No Alarm,0,0,0,0,0,1,0.0014608652867268495,,2024-12-22,,0.385
5PK5ZB1B,0,0,,,,Censored No Alarm,0,0,0,0,0,1,0.006208508620936731,,2024-04-29,,0.385
5PKEBJVB,0,0,,,,Censored No Alarm,0,0,0,0,0,1,0.0014608652867268495,,2023-11-27,,0.385
5PKVXW6B,0,0,,,,Censored No Alarm,0,0,0,0,0,1,0.0014608652867268495,,2024-06-01,,0.385
5QG63PMB,0,0,,,,Censored No Alarm,0,0,0,0,0,1,0.0014608652867268495,,2024-05-28,,0.385
5QGBH0MB,0,0,,,,Censored No Alarm,0,0,0,0,0,1,0.0014608652867268495,,2023-12-09,,0.385
5QGG5KLB,0,0,,,,Censored No Alarm,0,0,0,0,0,1,0.0014608652867268495,,2023-04-05,,0.385
5QGG5UPB,0,0,,,,Censored No Alarm,0,0,0,0,0,1,0.0014608652867268495,,2022-12-06,,0.385
5QGGAELB,1,0,,2025-06-04,,Missed,0,0,0,0,1,0,0.01731197491142948,,2023-03-28,,0.385
5QGGHWVB,0,0,,,,Censored No Alarm,0,0,0,0,0,1,0.0014608652867268495,,2023-12-16,,0.385
5QH0Z60B,1,0,,2024-05-14,,Missed,0,0,0,0,1,0,0.015648258156307385,,2023-10-22,,0.385
5QHDKVHB,0,0,,,,Censored No Alarm,0,0,0,0,0,1,0.0014608652867268495,,2023-11-17,,0.385
5QHKE66B,0,0,,,,Censored No Alarm,0,0,0,0,0,1,0.0014608652867268495,,2024-04-18,,0.385
5QHYP4MB,0,0,,,,Censored No Alarm,0,0,0,0,0,1,0.0014608652867268495,,2024-05-15,,0.385
5QJBW5VB,1,0,,2024-05-25,,Missed,0,0,0,0,1,0,0.015648258156307385,,2024-02-07,,0.385
5QJS57NB,0,0,,,,Censored No Alarm,0,0,0,0,0,1,0.0014608652867268495,,2024-01-23,,0.385
5QKBEVWB,0,0,,,,Censored No Alarm,0,0,0,0,0,1,0.0014608652867268495,,2023-12-14,,0.385
5QKDK07B,0,0,,,,Censored No Alarm,0,0,0,0,0,1,0.0014608652867268495,,2024-12-20,,0.385
5QKHBVPB,0,0,,,,Censored No Alarm,0,0,0,0,0,1,0.0014608652867268495,,2024-05-30,,0.385
5QKKSM3B,0,0,,,,Censored No Alarm,0,0,0,0,0,1,0.0014608652867268495,,2024-04-06,,0.385
5QKV55TB,0,0,,,,Censored No Alarm,0,0,0,0,0,1,0.0014608652867268495,,2024-02-29,,0.385
5QKV6W0B,0,0,,,,Censored No Alarm,0,0,0,0,0,1,0.0014608652867268495,,2023-08-14,,0.385
5QKV74SB,0,0,,,,Censored No Alarm,0,0,0,0,0,1,0.0014608652867268495,,2024-01-09,,0.385
5QKV778B,0,0,,,,Censored No Alarm,0,0,0,0,0,1,0.0014608652867268495,,2024-06-07,,0.385
5QKV7UHB,0,0,,,,Censored No Alarm,0,0,0,0,0,1,0.0014608652867268495,,2024-03-04,,0.385
5QKV85UB,0,0,,,,Censored No Alarm,0,0,0,0,0,1,0.0014608652867268495,,2023-12-02,,0.385
5QKVAN8B,0,0,,,,Censored No Alarm,0,0,0,0,0,1,0.0014608652867268495,,2023-12-24,,0.385
5QKVARLB,0,0,,,,Censored No Alarm,0,0,0,0,0,1,0.0014608652867268495,,2023-11-03,,0.385
5QKVATKB,0,0,,,,Censored No Alarm,0,0,0,0,0,1,0.0014608652867268495,,2024-01-09,,0.385
5QKVD71B,0,0,,,,Censored No Alarm,0,0,0,0,0,1,0.0014608652867268495,,2024-05-10,,0.385
5QKVDDVB,0,0,,,,Censored No Alarm,0,0,0,0,0,1,0.0014608652867268495,,2024-06-19,,0.385
5QKVETTB,0,1,2025-10-17,,,Censored Early,0,0,1,1,0,0,0.5239723856139982,0.5239723856139982,2024-06-27,477.0,0.385
5QKVEUZB,0,0,,,,Censored No Alarm,0,0,0,0,0,1,0.0014608652867268495,,2024-04-22,,0.385
5QKVEXJB,0,0,,,,Censored No Alarm,0,0,0,0,0,1,0.0014608652867268495,,2023-11-30,,0.385
5QKVGLWB,0,0,,,,Censored No Alarm,0,0,0,0,0,1,0.0014608652867268495,,2024-05-08,,0.385
5QKVHPLB,0,0,,,,Censored No Alarm,0,0,0,0,0,1,0.0014608652867268495,,2024-05-07,,0.385
5QKVHRMB,0,0,,,,Censored No Alarm,0,0,0,0,0,1,0.0014608652867268495,,2024-06-23,,0.385
5QKVVTHB,0,0,,,,Censored No Alarm,0,0,0,0,0,1,0.0014608652867268495,,2024-04-15,,0.385
8CGNK9GE,0,0,,,,Censored No Alarm,0,0,0,0,0,1,0.005521072819752702,,2019-05-04,,0.385
8CGR1V5E,0,0,,,,Censored No Alarm,0,0,0,0,0,1,0.0014608652867268495,,2019-06-01,,0.385
8CGSN9XE,0,0,,,,Censored No Alarm,0,0,0,0,0,1,0.0014608652867268495,,2019-05-16,,0.385
8CGSTSRE,0,0,,,,Censored No Alarm,0,0,0,0,0,1,0.0014608652867268495,,2019-05-04,,0.385
8CGT5S2E,1,0,,2024-11-05,,Missed,0,0,0,0,1,0,0.01256662225198426,,2019-06-01,,0.385
8CGTW4VE,0,0,,,,Censored No Alarm,0,0,0,0,0,1,0.0014608652867268495,,2019-06-01,,0.385
8CGTZ9HE,1,1,2023-04-22,2023-07-12,81.0,Early,0,1,0,1,0,0,0.8574362483621486,0.8068099187283374,2019-05-16,1437.0,0.385
8CGU9LLE,0,0,,,,Censored No Alarm,0,0,0,0,0,1,0.0014608652867268495,,2019-05-16,,0.385
8CGV369E,0,0,,,,Censored No Alarm,0,0,0,0,0,1,0.0014608652867268495,,2019-05-16,,0.385
8CGVR04E,0,0,,,,Censored No Alarm,0,0,0,0,0,1,0.06834726294764693,,2019-05-16,,0.385
8CGVTH0E,0,0,,,,Censored No Alarm,0,0,0,0,0,1,0.0014608652867268495,,2019-05-04,,0.385
8CGW3HPE,0,0,,,,Censored No Alarm,0,0,0,0,0,1,0.0014608652867268495,,2019-05-04,,0.385
8CGW6ULE,0,0,,,,Censored No Alarm,0,0,0,0,0,1,0.0014608652867268495,,2019-05-04,,0.385
8CGWPGEE,0,0,,,,Censored No Alarm,0,0,0,0,0,1,0.0014608652867268495,,2019-05-16,,0.385
8CGXKYVE,0,0,,,,Censored No Alarm,0,0,0,0,0,1,0.0014608652867268495,,2019-05-04,,0.385
8CGXNNUE,1,0,,2022-05-10,,Missed,0,0,0,0,1,0,0.34655096019122383,,2019-06-01,,0.385
8CGY4KUE,0,0,,,,Censored No Alarm,0,0,0,0,0,1,0.0014608652867268495,,2019-05-16,,0.385
8CGYJ5TE,0,0,,,,Censored No Alarm,0,0,0,0,0,1,0.0014608652867268495,,2019-06-01,,0.385
8CGYVS8E,0,0,,,,Censored No Alarm,0,0,0,0,0,1,0.0014608652867268495,,2019-06-01,,0.385
8CGYW96E,0,0,,,,Censored No Alarm,0,0,0,0,0,1,0.005427597154633456,,2019-06-01,,0.385
8CGYXB6E,0,0,,,,Censored No Alarm,0,0,0,0,0,1,0.0014608652867268495,,2019-08-13,,0.385
8CGZ8K3E,0,0,,,,Censored No Alarm,0,0,0,0,0,1,0.0014608652867268495,,2019-05-04,,0.385
8CGZ8S1E,0,0,,,,Censored No Alarm,0,0,0,0,0,1,0.0014608652867268495,,2019-05-04,,0.385
8CGZ8SDE,0,0,,,,Censored No Alarm,0,0,0,0,0,1,0.009979626842342942,,2019-05-04,,0.385
8CGZB98E,0,0,,,,Censored No Alarm,0,0,0,0,0,1,0.0014608652867268495,,2019-08-14,,0.385
8CGZB9VE,0,0,,,,Censored No Alarm,0,0,0,0,0,1,0.0014608652867268495,,2019-06-01,,0.385
8CGZKBME,0,0,,,,Censored No Alarm,0,0,0,0,0,1,0.024716317129427373,,2019-05-04,,0.385
8CGZKDHE,0,0,,,,Censored No Alarm,0,0,0,0,0,1,0.0014608652867268495,,2019-05-04,,0.385
8CGZMEAE,0,0,,,,Censored No Alarm,0,0,0,0,0,1,0.0014608652867268495,,2019-05-04,,0.385
8CH02WUE,0,0,,,,Censored No Alarm,0,0,0,0,0,1,0.0014608652867268495,,2019-08-14,,0.385
8CH05AGE,0,0,,,,Censored No Alarm,0,0,0,0,0,1,0.0014608652867268495,,2019-05-04,,0.385
8CH06AGE,0,0,,,,Censored No Alarm,0,0,0,0,0,1,0.0014608652867268495,,2019-05-16,,0.385
8CH06B5E,0,0,,,,Censored No Alarm,0,0,0,0,0,1,0.0014608652867268495,,2019-05-04,,0.385
8CH06E7E,0,0,,,,Censored No Alarm,0,0,0,0,0,1,0.0014608652867268495,,2019-05-04,,0.385
8CH06EDE,0,0,,,,Censored No Alarm,0,0,0,0,0,1,0.0014608652867268495,,2019-06-01,,0.385
8CH0869E,0,0,,,,Censored No Alarm,0,0,0,0,0,1,0.0014608652867268495,,2019-05-04,,0.385
8CH08RNE,0,0,,,,Censored No Alarm,0,0,0,0,0,1,0.0014608652867268495,,2019-08-14,,0.385
8CH09GGE,0,0,,,,Censored No Alarm,0,0,0,0,0,1,0.0014608652867268495,,2019-06-01,,0.385
8CH0BYPE,0,0,,,,Censored No Alarm,0,0,0,0,0,1,0.0014608652867268495,,2019-08-13,,0.385
8CH0BYTE,0,0,,,,Censored No Alarm,0,0,0,0,0,1,0.0014608652867268495,,2019-06-01,,0.385
8CH0DM8E,0,0,,,,Censored No Alarm,0,0,0,0,0,1,0.0014608652867268495,,2019-08-14,,0.385
8CH0GNLE,0,0,,,,Censored No Alarm,0,0,0,0,0,1,0.0014608652867268495,,2019-05-04,,0.385
8CH0GNNE,0,0,,,,Censored No Alarm,0,0,0,0,0,1,0.0034424747196744425,,2019-05-04,,0.385
8CH0GNSE,0,0,,,,Censored No Alarm,0,0,0,0,0,1,0.0014608652867268495,,2019-05-16,,0.385
8CH0HRKE,0,0,,,,Censored No Alarm,0,0,0,0,0,1,0.0014608652867268495,,2019-06-01,,0.385
8CH0HTRE,0,0,,,,Censored No Alarm,0,0,0,0,0,1,0.0014608652867268495,,2019-06-01,,0.385
8CH0L5PE,0,0,,,,Censored No Alarm,0,0,0,0,0,1,0.0014608652867268495,,2019-06-01,,0.385
8CH0R06E,0,0,,,,Censored No Alarm,0,0,0,0,0,1,0.0014608652867268495,,2019-05-04,,0.385
8CH0R3YE,0,1,2023-01-21,,,Censored Early,0,0,1,1,0,0,0.557120804354861,0.557120804354861,2019-08-13,1257.0,0.385
8CH0TLTE,0,0,,,,Censored No Alarm,0,0,0,0,0,1,0.0014608652867268495,,2019-08-13,,0.385
8CH0TLUE,0,0,,,,Censored No Alarm,0,0,0,0,0,1,0.0014608652867268495,,2019-06-01,,0.385
8CH0TN2E,0,0,,,,Censored No Alarm,0,0,0,0,0,1,0.0014608652867268495,,2019-06-01,,0.385
8CH0TN3E,0,0,,,,Censored No Alarm,0,0,0,0,0,1,0.0014608652867268495,,2019-08-13,,0.385
8CH0TVRE,0,0,,,,Censored No Alarm,0,0,0,0,0,1,0.0014608652867268495,,2019-08-14,,0.385
8CH0V7TE,0,0,,,,Censored No Alarm,0,0,0,0,0,1,0.004897270236228216,,2019-06-01,,0.385
8CH0VH1E,0,0,,,,Censored No Alarm,0,0,0,0,0,1,0.0014608652867268495,,2019-05-16,,0.385
8CH0VW0E,0,0,,,,Censored No Alarm,0,0,0,0,0,1,0.0014608652867268495,,2019-06-01,,0.385
8CH11KPE,0,0,,,,Censored No Alarm,0,0,0,0,0,1,0.0014608652867268495,,2019-05-04,,0.385
8CH13D7E,0,0,,,,Censored No Alarm,0,0,0,0,0,1,0.0014608652867268495,,2019-06-01,,0.385
8CH13DAE,0,0,,,,Censored No Alarm,0,0,0,0,0,1,0.0014608652867268495,,2019-06-01,,0.385
8CH15D3E,0,0,,,,Censored No Alarm,0,0,0,0,0,1,0.007797900046209975,,2019-05-16,,0.385
8CH15YME,0,0,,,,Censored No Alarm,0,0,0,0,0,1,0.0014608652867268495,,2019-06-01,,0.385
8CH160KE,0,0,,,,Censored No Alarm,0,0,0,0,0,1,0.0014608652867268495,,2019-08-14,,0.385
8CH16PBE,0,0,,,,Censored No Alarm,0,0,0,0,0,1,0.005972727613130856,,2019-06-01,,0.385
8CH16ZDE,0,0,,,,Censored No Alarm,0,0,0,0,0,1,0.0014608652867268495,,2019-06-01,,0.385
8CH16ZUE,0,0,,,,Censored No Alarm,0,0,0,0,0,1,0.0014608652867268495,,2019-06-01,,0.385
8CH17M9E,0,0,,,,Censored No Alarm,0,0,0,0,0,1,0.0014608652867268495,,2019-06-01,,0.385
8CH17MHE,0,0,,,,Censored No Alarm,0,0,0,0,0,1,0.0014608652867268495,,2019-08-13,,0.385
8CH190UE,1,0,,2022-03-26,,Missed,0,0,0,0,1,0,0.015648258156307385,,2019-08-13,,0.385
8CH1APUE,1,1,2025-04-08,2025-09-18,163.0,Early,0,1,0,1,0,0,0.9999861791907878,0.9999861791907878,2019-06-01,2138.0,0.385
8CH1AR5E,0,0,,,,Censored No Alarm,0,0,0,0,0,1,0.0014608652867268495,,2019-05-04,,0.385
8CH1ARHE,1,0,,2023-09-28,,Missed,0,0,0,0,1,0,0.004780461661641834,,2019-06-01,,0.385
8CH1WBME,1,0,,2024-05-05,,Missed,0,0,0,0,1,0,0.02513750196845943,,2019-05-04,,0.385
8CH1XHUE,0,0,,,,Censored No Alarm,0,0,0,0,0,1,0.0014608652867268495,,2019-05-04,,0.385
8CH4AT4E,0,0,,,,Censored No Alarm,0,0,0,0,0,1,0.0014608652867268495,,2019-05-27,,0.385
8CH4X3TE,1,0,,2022-10-12,,Missed,0,0,0,0,1,0,0.015156837886825012,,2019-05-16,,0.385
8CH4YM4E,1,0,,2023-03-03,,Missed,0,0,0,0,1,0,0.004780461661641834,,2019-05-16,,0.385
8CH4YM6E,1,0,,2025-03-13,,Missed,0,0,0,0,1,0,0.16176689546616171,,2019-05-16,,0.385
8CH4YN8E,1,0,,2024-04-09,,Missed,0,0,0,0,1,0,0.006233863792496282,,2019-05-16,,0.385
8CH4Z6UE,0,0,,,,Censored No Alarm,0,0,0,0,0,1,0.0014608652867268495,,2019-05-16,,0.385
8CH5214E,1,0,,2024-02-15,,Missed,0,0,0,0,1,0,0.34655096019122383,,2019-05-16,,0.385
8CH52U5E,0,0,,,,Censored No Alarm,0,0,0,0,0,1,0.0014608652867268495,,2019-05-16,,0.385
8CH5B9LE,0,0,,,,Censored No Alarm,0,0,0,0,0,1,0.0014608652867268495,,2019-05-16,,0.385
8CH5E8EE,1,0,,2023-04-04,,Missed,0,0,0,0,1,0,0.0164144323422551,,2019-05-16,,0.385
8CH5HRYE,1,0,,2024-12-24,,Missed,0,0,0,0,1,0,0.03201145011853858,,2019-05-16,,0.385
8CHRG6JE,0,0,,,,Censored No Alarm,0,0,0,0,0,1,0.0014608652867268495,,2019-11-25,,0.385
8CHU2WSE,0,0,,,,Censored No Alarm,0,0,0,0,0,1,0.0014608652867268495,,2020-06-18,,0.385
8CHU7R9E,1,0,,2024-11-09,,Missed,0,0,0,0,1,0,0.013436677997772997,,2021-05-05,,0.385
8CHUHHXE,0,1,2026-02-23,,,Censored Early,0,0,1,1,0,0,0.45802761226358407,0.45802761226358407,2020-06-26,2068.0,0.385
8CJMA59E,0,0,,,,Censored No Alarm,0,0,0,0,0,1,0.0014608652867268495,,2024-04-02,,0.385
8DG1BB5Y,0,0,,,,Censored No Alarm,0,0,0,0,0,1,0.0014608652867268495,,2024-12-20,,0.385
8DG3MU5D,0,0,,,,Censored No Alarm,0,0,0,0,0,1,0.0034424747196744425,,2018-07-12,,0.385
8DG4SAUD,0,0,,,,Censored No Alarm,0,0,0,0,0,1,0.0014608652867268495,,2018-07-12,,0.385
8DG4SAZD,0,0,,,,Censored No Alarm,0,0,0,0,0,1,0.0014608652867268495,,2018-07-12,,0.385
8DG52U7D,0,0,,,,Censored No Alarm,0,0,0,0,0,1,0.0014608652867268495,,2018-07-12,,0.385
8DG52W9D,0,0,,,,Censored No Alarm,0,0,0,0,0,1,0.0014608652867268495,,2018-07-12,,0.385
8DG52WND,0,0,,,,Censored No Alarm,0,0,0,0,0,1,0.0014608652867268495,,2018-07-12,,0.385
8DG6S3UD,1,1,2024-04-15,2024-06-11,57.0,Early,0,1,0,1,0,0,0.43252640503783885,0.43252640503783885,2018-07-12,2104.0,0.385
8DG88GTY,0,0,,,,Censored No Alarm,0,0,0,0,0,1,0.0014608652867268495,,2025-01-01,,0.385
8DG93TXY,0,0,,,,Censored No Alarm,0,0,0,0,0,1,0.0036321478264416084,,2024-04-01,,0.385
8DJE2HWH,0,0,,,,Censored No Alarm,0,0,0,0,0,1,0.0014608652867268495,,2019-01-05,,0.385
8DJEPPSH,0,0,,,,Censored No Alarm,0,0,0,0,0,1,0.0014608652867268495,,2019-01-05,,0.385
8DJEPTWH,0,0,,,,Censored No Alarm,0,0,0,0,0,1,0.0014608652867268495,,2019-01-05,,0.385
8DJEUXLH,0,0,,,,Censored No Alarm,0,0,0,0,0,1,0.0014608652867268495,,2019-01-05,,0.385
8DK5NDLH,0,0,,,,Censored No Alarm,0,0,0,0,0,1,0.0014608652867268495,,2020-01-03,,0.385
8DKHU24H,0,0,,,,Censored No Alarm,0,0,0,0,0,1,0.0014608652867268495,,2019-12-29,,0.385
8DKUD8AH,0,0,,,,Censored No Alarm,0,0,0,0,0,1,0.0014608652867268495,,2019-01-05,,0.385
8DKV390H,0,0,,,,Censored No Alarm,0,0,0,0,0,1,0.0014608652867268495,,2019-03-01,,0.385
8HG28M3H,0,0,,,,Censored No Alarm,0,0,0,0,0,1,0.0014608652867268495,,2019-03-01,,0.385
8HG7LGUH,1,1,2025-02-06,2025-06-01,115.0,Early,0,1,0,1,0,0,0.9999980740050796,0.9999980740050796,2019-06-01,2077.0,0.385
8HGBYHPH,0,0,,,,Censored No Alarm,0,0,0,0,0,1,0.0014608652867268495,,2021-10-03,,0.385
8HGNAB0H,0,0,,,,Censored No Alarm,0,0,0,0,0,1,0.0014608652867268495,,2019-03-28,,0.385
8HGZPYVH,0,0,,,,Censored No Alarm,0,0,0,0,0,1,0.19602677438438815,,2019-01-05,,0.385
8HH12ZPH,0,0,,,,Censored No Alarm,0,0,0,0,0,1,0.0014608652867268495,,2018-11-14,,0.385
8HH5JYSH,0,0,,,,Censored No Alarm,0,0,0,0,0,1,0.0014608652867268495,,2018-11-14,,0.385
8HH8BNRH,0,0,,,,Censored No Alarm,0,0,0,0,0,1,0.0014608652867268495,,2019-03-28,,0.385
8HH8P7RH,0,0,,,,Censored No Alarm,0,0,0,0,0,1,0.0014608652867268495,,2019-03-02,,0.385
8HH901KH,0,0,,,,Censored No Alarm,0,0,0,0,0,1,0.0014608652867268495,,2019-03-28,,0.385
8HH9ZRUH,0,0,,,,Censored No Alarm,0,0,0,0,0,1,0.0014608652867268495,,2019-03-01,,0.385
8HHARE1H,1,1,2023-03-05,2023-03-24,19.0,On time,1,0,0,0,0,0,0.9999999899057451,0.7895045761937741,2019-08-13,1300.0,0.385
8HHARGBH,0,0,,,,Censored No Alarm,0,0,0,0,0,1,0.0014608652867268495,,2019-03-02,,0.385
8HHATBKH,0,0,,,,Censored No Alarm,0,0,0,0,0,1,0.0014608652867268495,,2019-03-01,,0.385
8HHJXENH,0,0,,,,Censored No Alarm,0,0,0,0,0,1,0.0014608652867268495,,2019-01-05,,0.385
8HHNHSUH,1,0,,2024-12-06,,Missed,0,0,0,0,1,0,0.0685881646386767,,2019-05-04,,0.385
8HHPUREH,1,0,,2024-05-16,,Missed,0,0,0,0,1,0,0.16176689546616171,,2018-11-14,,0.385
8HHT1P2H,0,1,2025-07-22,,,Censored Early,0,0,1,1,0,0,0.9697609055172496,0.9697609055172496,2018-11-14,2442.0,0.385
8HHTWXYH,0,0,,,,Censored No Alarm,0,0,0,0,0,1,0.0014608652867268495,,2018-11-14,,0.385
8HHZ6MGH,0,0,,,,Censored No Alarm,0,0,0,0,0,1,0.0014608652867268495,,2018-11-14,,0.385
8HJ1NNDH,0,0,,,,Censored No Alarm,0,0,0,0,0,1,0.0014608652867268495,,2018-11-14,,0.385
8HJ6SJAH,0,0,,,,Censored No Alarm,0,0,0,0,0,1,0.0014608652867268495,,2018-11-14,,0.385
8HJ6SJTH,0,0,,,,Censored No Alarm,0,0,0,0,0,1,0.0014608652867268495,,2018-11-14,,0.385
8HJ74BPH,0,0,,,,Censored No Alarm,0,0,0,0,0,1,0.0014608652867268495,,2018-11-14,,0.385
8HJ7UJHH,0,0,,,,Censored No Alarm,0,0,0,0,0,1,0.0014608652867268495,,2018-11-14,,0.385
8HJ7Y9BH,0,0,,,,Censored No Alarm,0,0,0,0,0,1,0.0014608652867268495,,2018-11-14,,0.385
8HJ7Z0DH,0,0,,,,Censored No Alarm,0,0,0,0,0,1,0.0014608652867268495,,2019-05-04,,0.385
8HJ7Z10H,0,0,,,,Censored No Alarm,0,0,0,0,0,1,0.0014608652867268495,,2018-11-14,,0.385
8HJ7Z1MH,0,0,,,,Censored No Alarm,0,0,0,0,0,1,0.003283569005605563,,2018-11-14,,0.385
8HJ86APH,0,0,,,,Censored No Alarm,0,0,0,0,0,1,0.013154368230923046,,2018-11-14,,0.385
8HJ86NXH,0,0,,,,Censored No Alarm,0,0,0,0,0,1,0.0014608652867268495,,2019-05-04,,0.385
8HJ8LEXH,0,0,,,,Censored No Alarm,0,0,0,0,0,1,0.011958535330871968,,2019-05-04,,0.385
8HJ8LKMH,1,0,,2026-03-14,,Missed,0,0,0,0,1,0,0.03201145011853858,,2018-11-14,,0.385
8HJ91WDH,0,0,,,,Censored No Alarm,0,0,0,0,0,1,0.0014608652867268495,,2019-05-04,,0.385
8HJ94EVH,0,0,,,,Censored No Alarm,0,0,0,0,0,1,0.0014608652867268495,,2018-11-14,,0.385
8HJ9JWTH,0,0,,,,Censored No Alarm,0,0,0,0,0,1,0.0014608652867268495,,2018-11-14,,0.385
8HJ9K7HH,1,0,,2025-01-28,,Missed,0,0,0,0,1,0,0.02203385762134794,,2018-11-14,,0.385
8HJ9KKGH,0,0,,,,Censored No Alarm,0,0,0,0,0,1,0.0014608652867268495,,2019-05-04,,0.385
8HJ9KN1H,0,0,,,,Censored No Alarm,0,0,0,0,0,1,0.0014608652867268495,,2018-11-14,,0.385
8HJ9LS1H,0,0,,,,Censored No Alarm,0,0,0,0,0,1,0.0014608652867268495,,2018-11-14,,0.385
8HJ9M5NH,0,0,,,,Censored No Alarm,0,0,0,0,0,1,0.0014608652867268495,,2018-11-14,,0.385
8HJ9M94H,0,0,,,,Censored No Alarm,0,0,0,0,0,1,0.0014608652867268495,,2018-11-14,,0.385
8HJ9MZBH,0,0,,,,Censored No Alarm,0,0,0,0,0,1,0.0014608652867268495,,2019-05-04,,0.385
8HJ9NHPH,0,0,,,,Censored No Alarm,0,0,0,0,0,1,0.0014608652867268495,,2018-11-14,,0.385
8HJ9NKKH,0,0,,,,Censored No Alarm,0,0,0,0,0,1,0.0014608652867268495,,2018-11-14,,0.385
8HJ9RYSH,0,0,,,,Censored No Alarm,0,0,0,0,0,1,0.0014608652867268495,,2018-11-14,,0.385
8HJ9S05H,0,0,,,,Censored No Alarm,0,0,0,0,0,1,0.0014608652867268495,,2018-11-14,,0.385
8HJ9S0EH,0,0,,,,Censored No Alarm,0,0,0,0,0,1,0.0014608652867268495,,2018-11-14,,0.385
8HJ9Y3ZH,0,0,,,,Censored No Alarm,0,0,0,0,0,1,0.0014608652867268495,,2019-05-04,,0.385
8HJA085H,0,0,,,,Censored No Alarm,0,0,0,0,0,1,0.0014608652867268495,,2018-11-14,,0.385
8HJA2DPH,0,0,,,,Censored No Alarm,0,0,0,0,0,1,0.0014608652867268495,,2018-11-14,,0.385
8HJA8DBH,0,0,,,,Censored No Alarm,0,0,0,0,0,1,0.0014608652867268495,,2018-11-14,,0.385
8HJBNYTH,0,0,,,,Censored No Alarm,0,0,0,0,0,1,0.013154368230923046,,2019-01-05,,0.385
8HJDK12H,0,0,,,,Censored No Alarm,0,0,0,0,0,1,0.0014608652867268495,,2018-11-14,,0.385
8HJDX4PH,0,0,,,,Censored No Alarm,0,0,0,0,0,1,0.32949963648478964,,2018-11-14,,0.385
8HJEY89H,0,0,,,,Censored No Alarm,0,0,0,0,0,1,0.0014608652867268495,,2019-03-01,,0.385
8HJG85RH,0,0,,,,Censored No Alarm,0,0,0,0,0,1,0.0014608652867268495,,2019-03-01,,0.385
8HJGZPXH,0,0,,,,Censored No Alarm,0,0,0,0,0,1,0.0014608652867268495,,2018-11-14,,0.385
8HJH62EH,0,0,,,,Censored No Alarm,0,0,0,0,0,1,0.0014608652867268495,,2018-11-14,,0.385
8HJH8RWH,0,0,,,,Censored No Alarm,0,0,0,0,0,1,0.0014608652867268495,,2019-03-01,,0.385
8HJK2HSH,0,0,,,,Censored No Alarm,0,0,0,0,0,1,0.00546258432869898,,2018-11-14,,0.385
8HJLKZRH,0,0,,,,Censored No Alarm,0,0,0,0,0,1,0.0014608652867268495,,2018-11-14,,0.385
8HJRD7PH,0,0,,,,Censored No Alarm,0,0,0,0,0,1,0.0014608652867268495,,2019-03-01,,0.385
8HJRUMWH,0,0,,,,Censored No Alarm,0,0,0,0,0,1,0.0014608652867268495,,2018-11-14,,0.385
8HJRVW4H,0,0,,,,Censored No Alarm,0,0,0,0,0,1,0.0014608652867268495,,2018-11-14,,0.385
8HJUGTVH,0,0,,,,Censored No Alarm,0,0,0,0,0,1,0.006814172656878523,,2018-11-14,,0.385
8HJVJKPH,0,0,,,,Censored No Alarm,0,0,0,0,0,1,0.0014608652867268495,,2018-11-14,,0.385
8HJVUAGH,0,0,,,,Censored No Alarm,0,0,0,0,0,1,0.0014608652867268495,,2018-11-14,,0.385
8HJWBJXH,0,0,,,,Censored No Alarm,0,0,0,0,0,1,0.0014608652867268495,,2018-11-14,,0.385
8HJWHD6H,0,0,,,,Censored No Alarm,0,0,0,0,0,1,0.0014608652867268495,,2018-11-14,,0.385
8HJWHEJH,0,0,,,,Censored No Alarm,0,0,0,0,0,1,0.0014608652867268495,,2019-03-28,,0.385
8HJXG0WH,1,0,,2022-05-01,,Missed,0,0,0,0,1,0,0.0044970212062825496,,2018-11-14,,0.385
8HJXKBDH,0,0,,,,Censored No Alarm,0,0,0,0,0,1,0.0014608652867268495,,2019-03-01,,0.385
8HJXU87H,0,0,,,,Censored No Alarm,0,0,0,0,0,1,0.013154368230923046,,2018-11-14,,0.385
8HJY20MH,0,0,,,,Censored No Alarm,0,0,0,0,0,1,0.0014608652867268495,,2018-11-14,,0.385
8HJYTXWH,0,0,,,,Censored No Alarm,0,0,0,0,0,1,0.0014608652867268495,,2018-11-14,,0.385
8HJYU0JH,0,0,,,,Censored No Alarm,0,0,0,0,0,1,0.0014608652867268495,,2018-11-14,,0.385
8HJYZNZH,0,0,,,,Censored No Alarm,0,0,0,0,0,1,0.0027501596615294214,,2018-11-14,,0.385
8HJZ13TH,0,0,,,,Censored No Alarm,0,0,0,0,0,1,0.0014608652867268495,,2018-11-14,,0.385
8HJZADEH,0,0,,,,Censored No Alarm,0,0,0,0,0,1,0.0014608652867268495,,2018-11-14,,0.385
8HJZEG6H,1,0,,2023-11-17,,Missed,0,0,0,0,1,0,0.2293671146525375,,2018-11-14,,0.385
8HJZG4AH,0,0,,,,Censored No Alarm,0,0,0,0,0,1,0.0014608652867268495,,2018-11-14,,0.385
8HJZNVWH,0,0,,,,Censored No Alarm,0,0,0,0,0,1,0.0014608652867268495,,2018-11-14,,0.385
8HK087WH,0,0,,,,Censored No Alarm,0,0,0,0,0,1,0.030294275045552134,,2018-11-14,,0.385
8HK0HH3H,0,0,,,,Censored No Alarm,0,0,0,0,0,1,0.0014608652867268495,,2018-11-14,,0.385
8HK12NNH,0,0,,,,Censored No Alarm,0,0,0,0,0,1,0.0014608652867268495,,2018-11-14,,0.385
8HK17SKH,0,0,,,,Censored No Alarm,0,0,0,0,0,1,0.005521072819752702,,2018-11-14,,0.385
8HK17SWH,0,0,,,,Censored No Alarm,0,0,0,0,0,1,0.0014608652867268495,,2018-11-14,,0.385
8HK17SYH,0,0,,,,Censored No Alarm,0,0,0,0,0,1,0.03201145011853858,,2018-11-14,,0.385
8HK19K9H,0,0,,,,Censored No Alarm,0,0,0,0,0,1,0.0014608652867268495,,2018-11-14,,0.385
8HK19KVH,0,0,,,,Censored No Alarm,0,0,0,0,0,1,0.0014608652867268495,,2018-11-14,,0.385
8HK1KY3H,0,0,,,,Censored No Alarm,0,0,0,0,0,1,0.0014608652867268495,,2018-11-14,,0.385
8HK1LYPH,0,0,,,,Censored No Alarm,0,0,0,0,0,1,0.0014608652867268495,,2018-11-14,,0.385
8HK1N18H,0,0,,,,Censored No Alarm,0,0,0,0,0,1,0.0014608652867268495,,2018-11-14,,0.385
8HK1PV7H,0,0,,,,Censored No Alarm,0,0,0,0,0,1,0.0014608652867268495,,2018-11-14,,0.385
8HK1UULH,0,0,,,,Censored No Alarm,0,0,0,0,0,1,0.0014608652867268495,,2018-11-14,,0.385
8HK1XAAH,1,0,,2021-10-24,,Missed,0,0,0,0,1,0,0.0014608652867268495,,2018-11-14,,0.385
8HK224GH,0,0,,,,Censored No Alarm,0,0,0,0,0,1,0.0014608652867268495,,2018-11-14,,0.385
8HK25XSH,0,0,,,,Censored No Alarm,0,0,0,0,0,1,0.0014608652867268495,,2018-11-14,,0.385
8HK266WH,0,0,,,,Censored No Alarm,0,0,0,0,0,1,0.005972727613130856,,2018-11-14,,0.385
8HK28TJH,0,0,,,,Censored No Alarm,0,0,0,0,0,1,0.0014608652867268495,,2018-11-14,,0.385
8HK28Y0H,0,0,,,,Censored No Alarm,0,0,0,0,0,1,0.0014608652867268495,,2018-11-14,,0.385
8HK2A1EH,0,0,,,,Censored No Alarm,0,0,0,0,0,1,0.0014608652867268495,,2019-06-01,,0.385
8HK2BA6H,0,0,,,,Censored No Alarm,0,0,0,0,0,1,0.0014608652867268495,,2018-11-14,,0.385
8HK2BAEH,0,0,,,,Censored No Alarm,0,0,0,0,0,1,0.0014608652867268495,,2018-11-14,,0.385
8HK2DVKH,0,0,,,,Censored No Alarm,0,0,0,0,0,1,0.0014608652867268495,,2018-11-14,,0.385
8HK2JXUH,0,0,,,,Censored No Alarm,0,0,0,0,0,1,0.0014608652867268495,,2019-03-28,,0.385
8HK2KY6H,0,0,,,,Censored No Alarm,0,0,0,0,0,1,0.0014608652867268495,,2018-11-14,,0.385
8HK2MXPH,0,0,,,,Censored No Alarm,0,0,0,0,0,1,0.0014608652867268495,,2018-11-14,,0.385
8HK2RMWH,0,0,,,,Censored No Alarm,0,0,0,0,0,1,0.004743676355959913,,2018-11-14,,0.385
8HK2RNWH,0,0,,,,Censored No Alarm,0,0,0,0,0,1,0.0014608652867268495,,2018-11-14,,0.385
8HK2RP9H,0,0,,,,Censored No Alarm,0,0,0,0,0,1,0.0014608652867268495,,2018-11-14,,0.385
8HK2VLMH,0,0,,,,Censored No Alarm,0,0,0,0,0,1,0.0014608652867268495,,2018-11-14,,0.385
8HK2X4YH,0,0,,,,Censored No Alarm,0,0,0,0,0,1,0.0014608652867268495,,2018-11-14,,0.385
8HK2ZPDH,0,0,,,,Censored No Alarm,0,0,0,0,0,1,0.0014608652867268495,,2019-05-04,,0.385
8HK2ZT1H,0,0,,,,Censored No Alarm,0,0,0,0,0,1,0.0014608652867268495,,2018-11-14,,0.385
8HK31WMH,0,0,,,,Censored No Alarm,0,0,0,0,0,1,0.0014608652867268495,,2019-05-04,,0.385
8HK31Y8H,0,0,,,,Censored No Alarm,0,0,0,0,0,1,0.0028079424725200764,,2018-11-14,,0.385
8HK341ZH,0,0,,,,Censored No Alarm,0,0,0,0,0,1,0.0014608652867268495,,2018-11-14,,0.385
8HK34EZH,0,0,,,,Censored No Alarm,0,0,0,0,0,1,0.0014608652867268495,,2018-11-14,,0.385
8HK3BWZH,0,0,,,,Censored No Alarm,0,0,0,0,0,1,0.0014608652867268495,,2018-11-14,,0.385
8HK3GTLH,0,0,,,,Censored No Alarm,0,0,0,0,0,1,0.005521072819752702,,2018-11-14,,0.385
8HK3GUXH,0,0,,,,Censored No Alarm,0,0,0,0,0,1,0.0014608652867268495,,2018-11-14,,0.385
8HK3MMSH,0,0,,,,Censored No Alarm,0,0,0,0,0,1,0.0014608652867268495,,2018-11-14,,0.385
8HK3NG2H,0,0,,,,Censored No Alarm,0,0,0,0,0,1,0.0014608652867268495,,2018-11-14,,0.385
8HK3NJMH,0,0,,,,Censored No Alarm,0,0,0,0,0,1,0.0014608652867268495,,2018-11-14,,0.385
8HK41HEH,0,0,,,,Censored No Alarm,0,0,0,0,0,1,0.0014608652867268495,,2018-11-14,,0.385
8HK69BMH,0,0,,,,Censored No Alarm,0,0,0,0,0,1,0.0014608652867268495,,2019-03-01,,0.385
8HK6T2AH,0,0,,,,Censored No Alarm,0,0,0,0,0,1,0.0014608652867268495,,2018-11-14,,0.385
8HK6TL7H,0,0,,,,Censored No Alarm,0,0,0,0,0,1,0.0014608652867268495,,2018-11-14,,0.385
8HK6UUDH,0,0,,,,Censored No Alarm,0,0,0,0,0,1,0.0014608652867268495,,2019-03-28,,0.385
8HK6V14H,0,0,,,,Censored No Alarm,0,0,0,0,0,1,0.0014608652867268495,,2018-11-14,,0.385
8HK6VSKH,1,0,,2024-03-10,,Missed,0,0,0,0,1,0,0.19602677438438815,,2018-11-14,,0.385
8HK70X7H,0,0,,,,Censored No Alarm,0,0,0,0,0,1,0.0014608652867268495,,2018-11-14,,0.385
8HK7194H,0,0,,,,Censored No Alarm,0,0,0,0,0,1,0.0014608652867268495,,2018-11-14,,0.385
8HK72J0H,0,0,,,,Censored No Alarm,0,0,0,0,0,1,0.0014608652867268495,,2018-11-14,,0.385
8HK7DKMH,0,0,,,,Censored No Alarm,0,0,0,0,0,1,0.0014608652867268495,,2019-03-02,,0.385
8HK7E5DH,0,0,,,,Censored No Alarm,0,0,0,0,0,1,0.0014608652867268495,,2018-11-14,,0.385
8HK7E68H,0,0,,,,Censored No Alarm,0,0,0,0,0,1,0.0014608652867268495,,2018-11-14,,0.385
8HK7H58H,0,0,,,,Censored No Alarm,0,0,0,0,0,1,0.0014608652867268495,,2018-11-14,,0.385
8HK80P1H,0,0,,,,Censored No Alarm,0,0,0,0,0,1,0.009751222317637306,,2019-01-05,,0.385
8HKB2WEH,0,0,,,,Censored No Alarm,0,0,0,0,0,1,0.005427597154633456,,2019-01-05,,0.385
8HKB3M2H,0,0,,,,Censored No Alarm,0,0,0,0,0,1,0.0014608652867268495,,2019-01-05,,0.385
8HKB4R4H,0,0,,,,Censored No Alarm,0,0,0,0,0,1,0.0014608652867268495,,2019-05-04,,0.385
8HKBBKKH,0,0,,,,Censored No Alarm,0,0,0,0,0,1,0.004258008074008586,,2018-11-14,,0.385
8HKBYNVH,0,0,,,,Censored No Alarm,0,0,0,0,0,1,0.0014608652867268495,,2019-05-04,,0.385
8HKE039H,0,0,,,,Censored No Alarm,0,0,0,0,0,1,0.005521072819752702,,2018-11-14,,0.385
8HKE6E1H,0,0,,,,Censored No Alarm,0,0,0,0,0,1,0.0014608652867268495,,2019-01-05,,0.385
8HKE8S7H,0,0,,,,Censored No Alarm,0,0,0,0,0,1,0.013154368230923046,,2019-01-05,,0.385
8HKEAWEH,0,0,,,,Censored No Alarm,0,0,0,0,0,1,0.0014608652867268495,,2019-06-01,,0.385
8HKEKYRH,0,0,,,,Censored No Alarm,0,0,0,0,0,1,0.0014608652867268495,,2019-06-01,,0.385
8HKG0GWH,0,0,,,,Censored No Alarm,0,0,0,0,0,1,0.0014608652867268495,,2019-01-05,,0.385
8HKHPZHH,0,0,,,,Censored No Alarm,0,0,0,0,0,1,0.0014608652867268495,,2019-06-01,,0.385
8HKJ4MAH,0,0,,,,Censored No Alarm,0,0,0,0,0,1,0.0014608652867268495,,2019-03-01,,0.385
8HKJ5KDH,1,0,,2025-06-29,,Missed,0,0,0,0,1,0,0.0014608652867268495,,2018-11-14,,0.385
8HKL6STH,0,0,,,,Censored No Alarm,0,0,0,0,0,1,0.0014608652867268495,,2019-03-02,,0.385
8HKLRUSH,0,1,2026-02-09,,,Censored Early,0,0,1,1,0,0,0.9999650764864454,0.9999650764864454,2019-03-01,2537.0,0.385
8HKM415H,0,0,,,,Censored No Alarm,0,0,0,0,0,1,0.0014608652867268495,,2019-03-01,,0.385
8HKM5RVH,0,0,,,,Censored No Alarm,0,0,0,0,0,1,0.0014608652867268495,,2019-03-28,,0.385
8HKM654H,0,0,,,,Censored No Alarm,0,0,0,0,0,1,0.0014608652867268495,,2019-03-28,,0.385
8HKM9Z1H,0,0,,,,Censored No Alarm,0,0,0,0,0,1,0.0014608652867268495,,2019-03-28,,0.385
8HKMR21H,1,0,,2020-09-02,,Missed,0,0,0,0,1,0,0.012997694370116232,,2019-03-28,,0.385
8HKNMW1H,0,0,,,,Censored No Alarm,0,0,0,0,0,1,0.0014608652867268495,,2019-05-04,,0.385
8HKNN28H,0,0,,,,Censored No Alarm,0,0,0,0,0,1,0.008715915801290235,,2019-06-01,,0.385
8HKPM7RH,0,0,,,,Censored No Alarm,0,0,0,0,0,1,0.0014608652867268495,,2019-03-02,,0.385
8HKPZY9H,1,0,,2024-08-13,,Missed,0,0,0,0,1,0,0.03201145011853858,,2019-03-28,,0.385
8HKRER2H,0,0,,,,Censored No Alarm,0,0,0,0,0,1,0.002863305636920473,,2019-06-01,,0.385
8HKS4X3H,0,0,,,,Censored No Alarm,0,0,0,0,0,1,0.08630332137232727,,2019-03-02,,0.385
8HKTBA3H,1,0,,2024-09-22,,Missed,0,0,0,0,1,0,0.050355262925583795,,2019-03-01,,0.385
8HKTE54H,0,0,,,,Censored No Alarm,0,0,0,0,0,1,0.0014608652867268495,,2019-03-01,,0.385
8HKTH2SH,1,0,,2023-11-27,,Missed,0,0,0,0,1,0,0.027796086274262534,,2019-03-01,,0.385
8HKTK0XH,0,0,,,,Censored No Alarm,0,0,0,0,0,1,0.0014608652867268495,,2019-01-05,,0.385
8HKU0DXH,0,0,,,,Censored No Alarm,0,0,0,0,0,1,0.0014608652867268495,,2019-03-01,,0.385
8HKU3YTH,1,0,,2024-07-13,,Missed,0,0,0,0,1,0,0.19602677438438815,,2019-03-01,,0.385
8HKU4WXH,0,0,,,,Censored No Alarm,0,0,0,0,0,1,0.005427597154633456,,2019-01-05,,0.385
8HKUEJHH,1,0,,2025-04-25,,Missed,0,0,0,0,1,0,0.0028079424725200764,,2019-03-28,,0.385
8HKVW60H,0,0,,,,Censored No Alarm,0,0,0,0,0,1,0.0014608652867268495,,2019-03-28,,0.385
8HKW4NPH,0,0,,,,Censored No Alarm,0,0,0,0,0,1,0.0014608652867268495,,2019-06-01,,0.385
8HKWV1GH,0,0,,,,Censored No Alarm,0,0,0,0,0,1,0.0014608652867268495,,2019-01-05,,0.385
8HKWXJYH,0,0,,,,Censored No Alarm,0,0,0,0,0,1,0.0014608652867268495,,2019-03-28,,0.385
8HKY0KHH,1,0,,2024-05-14,,Missed,0,0,0,0,1,0,0.34655096019122383,,2019-03-01,,0.385
8HKY66PH,0,0,,,,Censored No Alarm,0,0,0,0,0,1,0.0014608652867268495,,2019-03-01,,0.385
8HKYJ38H,0,0,,,,Censored No Alarm,0,0,0,0,0,1,0.0014608652867268495,,2019-03-28,,0.385
8HKYZ6YH,0,0,,,,Censored No Alarm,0,0,0,0,0,1,0.0014608652867268495,,2019-03-28,,0.385
8HKZ213H,0,0,,,,Censored No Alarm,0,0,0,0,0,1,0.0014608652867268495,,2019-01-05,,0.385
8HKZDBRH,0,0,,,,Censored No Alarm,0,0,0,0,0,1,0.0014608652867268495,,2019-06-01,,0.385
8HKZL75H,0,0,,,,Censored No Alarm,0,0,0,0,0,1,0.008237737491172577,,2019-05-04,,0.385
AAG0EXPH,0,0,,,,Censored No Alarm,0,0,0,0,0,1,0.0014608652867268495,,2019-01-05,,0.385
AAG0LHRH,0,0,,,,Censored No Alarm,0,0,0,0,0,1,0.0014608652867268495,,2019-01-05,,0.385
AAG121VH,0,0,,,,Censored No Alarm,0,0,0,0,0,1,0.0036869025368973466,,2019-03-01,,0.385
AAG16VPH,0,0,,,,Censored No Alarm,0,0,0,0,0,1,0.0014608652867268495,,2019-01-05,,0.385
AAG18L0H,0,0,,,,Censored No Alarm,0,0,0,0,0,1,0.0014608652867268495,,2019-03-28,,0.385
AAG18MEH,0,0,,,,Censored No Alarm,0,0,0,0,0,1,0.0014608652867268495,,2019-03-01,,0.385
AAG197UH,0,0,,,,Censored No Alarm,0,0,0,0,0,1,0.0014608652867268495,,2019-06-01,,0.385
AAG1LSNH,1,1,2024-07-30,2025-07-30,365.0,Early,0,1,0,1,0,0,0.8082643669823855,0.8082643669823855,2019-01-05,2033.0,0.385
AAG1LSVH,0,0,,,,Censored No Alarm,0,0,0,0,0,1,0.003283569005605563,,2019-01-05,,0.385
AAG1LW3H,1,0,,2024-09-03,,Missed,0,0,0,0,1,0,0.14938638700980167,,2019-01-05,,0.385
AAG1PLVH,0,0,,,,Censored No Alarm,0,0,0,0,0,1,0.0014608652867268495,,2019-03-28,,0.385
AAG1PM9H,0,0,,,,Censored No Alarm,0,0,0,0,0,1,0.0014608652867268495,,2019-03-28,,0.385
AAG1RJAH,0,0,,,,Censored No Alarm,0,0,0,0,0,1,0.030294275045552134,,2019-03-28,,0.385
AAG1RK5H,0,0,,,,Censored No Alarm,0,0,0,0,0,1,0.0014608652867268495,,2019-01-05,,0.385
AAG1RR9H,0,0,,,,Censored No Alarm,0,0,0,0,0,1,0.0014608652867268495,,2019-03-28,,0.385
AAG1RUJH,0,0,,,,Censored No Alarm,0,0,0,0,0,1,0.0014608652867268495,,2019-03-28,,0.385
AAG1TGGH,0,0,,,,Censored No Alarm,0,0,0,0,0,1,0.0014608652867268495,,2019-01-05,,0.385
AAG1VJYH,0,0,,,,Censored No Alarm,0,0,0,0,0,1,0.0014608652867268495,,2019-03-28,,0.385
AAG1VNPH,0,0,,,,Censored No Alarm,0,0,0,0,0,1,0.0014608652867268495,,2019-01-05,,0.385
AAG1Z4AH,0,0,,,,Censored No Alarm,0,0,0,0,0,1,0.006641813422639314,,2019-08-13,,0.385
AAG23A2H,0,0,,,,Censored No Alarm,0,0,0,0,0,1,0.04488026341000313,,2019-01-05,,0.385
AAG23AKH,0,0,,,,Censored No Alarm,0,0,0,0,0,1,0.0014608652867268495,,2019-01-05,,0.385
AAG23AVH,0,0,,,,Censored No Alarm,0,0,0,0,0,1,0.0014608652867268495,,2019-03-28,,0.385
AAG246TH,0,0,,,,Censored No Alarm,0,0,0,0,0,1,0.0014608652867268495,,2019-06-01,,0.385
AAG24UVH,0,0,,,,Censored No Alarm,0,0,0,0,0,1,0.0014608652867268495,,2019-01-05,,0.385
AAG24VXH,0,0,,,,Censored No Alarm,0,0,0,0,0,1,0.0014608652867268495,,2019-01-05,,0.385
AAG26NBH,1,0,,2023-10-19,,Missed,0,0,0,0,1,0,0.03201145011853858,,2019-03-28,,0.385
AAG26TPH,0,0,,,,Censored No Alarm,0,0,0,0,0,1,0.013154368230923046,,2019-03-28,,0.385
AAG26U9H,1,0,,2023-01-26,,Missed,0,0,0,0,1,0,0.04113602351752081,,2019-06-01,,0.385
AAG27VEH,0,0,,,,Censored No Alarm,0,0,0,0,0,1,0.0014608652867268495,,2019-03-28,,0.385
AAG27W2H,0,0,,,,Censored No Alarm,0,0,0,0,0,1,0.0014608652867268495,,2019-03-01,,0.385
AAG27XPH,1,0,,2025-10-06,,Missed,0,0,0,0,1,0,0.004564754170302578,,2019-03-28,,0.385
AAG27ZLH,0,0,,,,Censored No Alarm,0,0,0,0,0,1,0.0014608652867268495,,2019-03-28,,0.385
AAG281TH,1,0,,2024-07-25,,Missed,0,0,0,0,1,0,0.03201145011853858,,2019-01-05,,0.385
AAG2GGJH,0,0,,,,Censored No Alarm,0,0,0,0,0,1,0.0014608652867268495,,2019-06-01,,0.385
AAG2JGJH,1,0,,2026-02-10,,Missed,0,0,0,0,1,0,0.011709957563688733,,2019-06-01,,0.385
AAG2JL4H,0,0,,,,Censored No Alarm,0,0,0,0,0,1,0.0014608652867268495,,2019-01-05,,0.385
AAG2RZJH,0,0,,,,Censored No Alarm,0,0,0,0,0,1,0.0014608652867268495,,2019-03-28,,0.385
AAG2S62H,0,0,,,,Censored No Alarm,0,0,0,0,0,1,0.0014608652867268495,,2019-03-28,,0.385
AAG2S9YH,0,0,,,,Censored No Alarm,0,0,0,0,0,1,0.0014608652867268495,,2019-06-01,,0.385
AAG2SAYH,0,0,,,,Censored No Alarm,0,0,0,0,0,1,0.0014608652867268495,,2019-08-14,,0.385
AAG2SJ3H,0,0,,,,Censored No Alarm,0,0,0,0,0,1,0.0014608652867268495,,2019-08-13,,0.385
AAG2VSVH,0,0,,,,Censored No Alarm,0,0,0,0,0,1,0.0014608652867268495,,2019-03-28,,0.385
AAG2Y6JH,0,0,,,,Censored No Alarm,0,0,0,0,0,1,0.0014608652867268495,,2019-03-28,,0.385
AAG2Z67H,0,0,,,,Censored No Alarm,0,0,0,0,0,1,0.0014608652867268495,,2019-06-01,,0.385
AAG2ZU1H,0,0,,,,Censored No Alarm,0,0,0,0,0,1,0.0014608652867268495,,2019-06-01,,0.385
AAG305AH,0,0,,,,Censored No Alarm,0,0,0,0,0,1,0.0014608652867268495,,2019-06-01,,0.385
AAG306GH,0,0,,,,Censored No Alarm,0,0,0,0,0,1,0.005972727613130856,,2019-01-05,,0.385
AAG34Z4H,0,0,,,,Censored No Alarm,0,0,0,0,0,1,0.0014608652867268495,,2019-01-05,,0.385
AAG350BH,0,0,,,,Censored No Alarm,0,0,0,0,0,1,0.011938737110304649,,2019-03-28,,0.385
AAG350TH,0,0,,,,Censored No Alarm,0,0,0,0,0,1,0.0014608652867268495,,2019-03-28,,0.385
AAG3512H,0,0,,,,Censored No Alarm,0,0,0,0,0,1,0.0014608652867268495,,2019-03-28,,0.385
AAG352AH,0,0,,,,Censored No Alarm,0,0,0,0,0,1,0.0014608652867268495,,2019-06-01,,0.385
AAG353EH,0,0,,,,Censored No Alarm,0,0,0,0,0,1,0.0014608652867268495,,2019-01-05,,0.385
AAG35LWH,0,0,,,,Censored No Alarm,0,0,0,0,0,1,0.013154368230923046,,2019-01-05,,0.385
AAG401PH,0,0,,,,Censored No Alarm,0,0,0,0,0,1,0.0014608652867268495,,2019-01-05,,0.385
AAG46YHH,0,0,,,,Censored No Alarm,0,0,0,0,0,1,0.0014608652867268495,,2019-03-28,,0.385
AAG477BH,0,0,,,,Censored No Alarm,0,0,0,0,0,1,0.0014608652867268495,,2019-01-05,,0.385
AAG478DH,0,0,,,,Censored No Alarm,0,0,0,0,0,1,0.0014608652867268495,,2019-03-28,,0.385
AAG48B3H,0,0,,,,Censored No Alarm,0,0,0,0,0,1,0.0014608652867268495,,2019-03-02,,0.385
AAG4AA9H,0,0,,,,Censored No Alarm,0,0,0,0,0,1,0.005427597154633456,,2019-03-01,,0.385
AAG4VESH,0,1,2024-07-26,,,Censored Early,0,0,1,1,0,0,0.9749583236902953,0.9749583236902953,2019-03-01,1974.0,0.385
AAG4Z4YH,0,0,,,,Censored No Alarm,0,0,0,0,0,1,0.003283569005605563,,2019-03-01,,0.385
AAG4Z52H,0,0,,,,Censored No Alarm,0,0,0,0,0,1,0.0014608652867268495,,2019-03-02,,0.385
AAG4Z5AH,1,1,2024-09-03,2025-03-14,192.0,Early,0,1,0,1,0,0,0.43252640503783885,0.43252640503783885,2019-01-05,2068.0,0.385
AAG4ZABH,0,0,,,,Censored No Alarm,0,0,0,0,0,1,0.0014608652867268495,,2019-03-01,,0.385
AAG51RHH,0,0,,,,Censored No Alarm,0,0,0,0,0,1,0.0014608652867268495,,2019-01-05,,0.385
AAG540GH,0,0,,,,Censored No Alarm,0,0,0,0,0,1,0.0014608652867268495,,2019-03-28,,0.385
AAG5DTTH,0,0,,,,Censored No Alarm,0,0,0,0,0,1,0.0014608652867268495,,2019-03-28,,0.385
AAG5Y4DH,0,0,,,,Censored No Alarm,0,0,0,0,0,1,0.0014608652867268495,,2019-01-05,,0.385
AAG5Y4LH,0,0,,,,Censored No Alarm,0,0,0,0,0,1,0.005972727613130856,,2019-01-05,,0.385
AAG5Y4TH,0,0,,,,Censored No Alarm,0,0,0,0,0,1,0.0027501596615294214,,2019-01-05,,0.385
AAG5Y4UH,0,0,,,,Censored No Alarm,0,0,0,0,0,1,0.0014608652867268495,,2019-01-05,,0.385
AAG5Y5UH,0,0,,,,Censored No Alarm,0,0,0,0,0,1,0.003283569005605563,,2019-01-05,,0.385
AAG5YJ4H,0,0,,,,Censored No Alarm,0,0,0,0,0,1,0.003405636236158248,,2019-03-28,,0.385
AAG5YLKH,0,0,,,,Censored No Alarm,0,0,0,0,0,1,0.0014608652867268495,,2019-03-01,,0.385
AAG5YYBH,0,0,,,,Censored No Alarm,0,0,0,0,0,1,0.0014608652867268495,,2019-01-05,,0.385
AAG5YYKH,1,0,,2025-09-30,,Missed,0,0,0,0,1,0,0.1342069304788708,,2019-01-05,,0.385
AAG5YZ8H,0,0,,,,Censored No Alarm,0,0,0,0,0,1,0.0014608652867268495,,2019-03-28,,0.385
AAG5YZZH,1,1,2025-07-08,2025-07-30,22.0,On time,1,0,0,0,0,0,0.43252640503783885,0.43252640503783885,2019-03-02,2320.0,0.385
AAG613MH,0,0,,,,Censored No Alarm,0,0,0,0,0,1,0.0014608652867268495,,2019-01-05,,0.385
AAG613RH,1,0,,2025-06-06,,Missed,0,0,0,0,1,0,0.005521072819752702,,2019-01-05,,0.385
AAG61KPH,0,0,,,,Censored No Alarm,0,0,0,0,0,1,0.0014608652867268495,,2019-03-28,,0.385
AAG61LHH,1,1,2024-05-09,2024-05-17,8.0,On time,1,0,0,0,0,0,0.9999999632256444,0.9999999632256444,2019-03-01,1896.0,0.385
AAG61NEH,0,0,,,,Censored No Alarm,0,0,0,0,0,1,0.0014608652867268495,,2019-01-05,,0.385
AAG61NZH,0,0,,,,Censored No Alarm,0,0,0,0,0,1,0.012693476945608387,,2019-03-28,,0.385
AAG61P2H,0,0,,,,Censored No Alarm,0,0,0,0,0,1,0.0014608652867268495,,2019-03-01,,0.385
AAG61UMH,0,0,,,,Censored No Alarm,0,0,0,0,0,1,0.005521072819752702,,2019-01-05,,0.385
AAG61WRH,0,0,,,,Censored No Alarm,0,0,0,0,0,1,0.0014608652867268495,,2019-03-01,,0.385
AAG61Z1H,0,0,,,,Censored No Alarm,0,0,0,0,0,1,0.0014608652867268495,,2019-01-05,,0.385
AAG61ZAH,0,0,,,,Censored No Alarm,0,0,0,0,0,1,0.0014608652867268495,,2019-03-01,,0.385
AAG620PH,0,0,,,,Censored No Alarm,0,0,0,0,0,1,0.0014608652867268495,,2019-03-28,,0.385
AAG621WH,0,0,,,,Censored No Alarm,0,0,0,0,0,1,0.0014608652867268495,,2019-01-05,,0.385
AAG623DH,0,0,,,,Censored No Alarm,0,0,0,0,0,1,0.0014608652867268495,,2019-01-05,,0.385
AAG6376H,0,0,,,,Censored No Alarm,0,0,0,0,0,1,0.005972727613130856,,2019-03-28,,0.385
AAG637RH,1,0,,2022-05-21,,Missed,0,0,0,0,1,0,0.0014608652867268495,,2019-01-05,,0.385
AAG6381H,0,0,,,,Censored No Alarm,0,0,0,0,0,1,0.0014608652867268495,,2019-01-05,,0.385
AAG638GH,0,0,,,,Censored No Alarm,0,0,0,0,0,1,0.0014608652867268495,,2019-01-05,,0.385
AAG639BH,0,0,,,,Censored No Alarm,0,0,0,0,0,1,0.005972727613130856,,2019-01-05,,0.385
AAG63DLH,0,0,,,,Censored No Alarm,0,0,0,0,0,1,0.0014608652867268495,,2019-03-28,,0.385
AAG63JSH,0,0,,,,Censored No Alarm,0,0,0,0,0,1,0.0014608652867268495,,2019-03-02,,0.385
AAG63PJH,0,0,,,,Censored No Alarm,0,0,0,0,0,1,0.0014608652867268495,,2019-03-28,,0.385
AAG63PKH,1,0,,2022-05-22,,Missed,0,0,0,0,1,0,0.0014608652867268495,,2019-03-01,,0.385
AAG63PLH,0,0,,,,Censored No Alarm,0,0,0,0,0,1,0.0014608652867268495,,2019-03-01,,0.385
AAG63RGH,0,0,,,,Censored No Alarm,0,0,0,0,0,1,0.0014608652867268495,,2019-03-01,,0.385
AAG63TMH,1,0,,2025-09-02,,Missed,0,0,0,0,1,0,0.01731197491142948,,2019-03-02,,0.385
AAG63TSH,0,0,,,,Censored No Alarm,0,0,0,0,0,1,0.0014608652867268495,,2019-03-28,,0.385
AAG63V6H,0,0,,,,Censored No Alarm,0,0,0,0,0,1,0.014221539606652654,,2019-03-28,,0.385
AAG63WHH,1,0,,2025-11-30,,Missed,0,0,0,0,1,0,0.028042431956783884,,2019-01-05,,0.385
AAG63Z8H,1,0,,2025-09-28,,Missed,0,0,0,0,1,0,0.015648258156307385,,2019-03-01,,0.385
AAG6417H,1,1,2024-05-30,2024-06-06,7.0,On time,1,0,0,0,0,0,0.9999984755740037,0.9999984755740037,2019-03-01,1917.0,0.385
AAG6436H,0,0,,,,Censored No Alarm,0,0,0,0,0,1,0.0014608652867268495,,2019-06-01,,0.385
AAG64VXH,0,0,,,,Censored No Alarm,0,0,0,0,0,1,0.005521072819752702,,2019-01-05,,0.385
AAG6509H,0,0,,,,Censored No Alarm,0,0,0,0,0,1,0.0014608652867268495,,2019-03-28,,0.385
AAG67UZH,0,0,,,,Censored No Alarm,0,0,0,0,0,1,0.005521072819752702,,2019-03-28,,0.385
AAG67V3H,1,0,,2025-06-20,,Missed,0,0,0,0,1,0,0.050355262925583795,,2019-03-01,,0.385
AAG67VBH,0,0,,,,Censored No Alarm,0,0,0,0,0,1,0.0031674116993250356,,2019-03-28,,0.385
AAG67W3H,0,0,,,,Censored No Alarm,0,0,0,0,0,1,0.0014608652867268495,,2019-03-01,,0.385
AAG67Z8H,0,0,,,,Censored No Alarm,0,0,0,0,0,1,0.0014608652867268495,,2019-06-01,,0.385
AAG682YH,1,0,,2024-07-04,,Missed,0,0,0,0,1,0,0.19602677438438815,,2019-03-28,,0.385
AAG683JH,0,0,,,,Censored No Alarm,0,0,0,0,0,1,0.0014608652867268495,,2019-03-01,,0.385
AAG686GH,0,0,,,,Censored No Alarm,0,0,0,0,0,1,0.0014608652867268495,,2019-03-02,,0.385
AAG6870H,0,0,,,,Censored No Alarm,0,0,0,0,0,1,0.0014608652867268495,,2019-01-05,,0.385
AAG6878H,0,0,,,,Censored No Alarm,0,0,0,0,0,1,0.0014608652867268495,,2019-01-05,,0.385
AAG687GH,0,0,,,,Censored No Alarm,0,0,0,0,0,1,0.0014608652867268495,,2019-03-01,,0.385
AAG687MH,0,0,,,,Censored No Alarm,0,0,0,0,0,1,0.0014608652867268495,,2019-03-28,,0.385
AAG68AGH,0,0,,,,Censored No Alarm,0,0,0,0,0,1,0.0014608652867268495,,2019-06-01,,0.385
AAG68AKH,0,0,,,,Censored No Alarm,0,0,0,0,0,1,0.08630332137232727,,2019-03-02,,0.385
AAG68AUH,0,0,,,,Censored No Alarm,0,0,0,0,0,1,0.0014608652867268495,,2019-01-05,,0.385
AAG68AXH,0,0,,,,Censored No Alarm,0,0,0,0,0,1,0.0014608652867268495,,2019-03-28,,0.385
AAG68BRH,0,0,,,,Censored No Alarm,0,0,0,0,0,1,0.1342069304788708,,2019-01-05,,0.385
AAG68EWH,1,0,,2023-04-01,,Missed,0,0,0,0,1,0,0.02623072855080641,,2019-01-05,,0.385
AAG68EXH,1,0,,2024-06-19,,Missed,0,0,0,0,1,0,0.0164144323422551,,2019-01-05,,0.385
AAG68KVH,0,0,,,,Censored No Alarm,0,0,0,0,0,1,0.0014608652867268495,,2019-01-05,,0.385
AAG691PH,0,0,,,,Censored No Alarm,0,0,0,0,0,1,0.0014608652867268495,,2019-06-01,,0.385
AAG691VH,0,0,,,,Censored No Alarm,0,0,0,0,0,1,0.005521072819752702,,2019-01-05,,0.385
AAG69LHH,0,0,,,,Censored No Alarm,0,0,0,0,0,1,0.0014608652867268495,,2019-06-01,,0.385
AAG69TTH,0,0,,,,Censored No Alarm,0,0,0,0,0,1,0.0014608652867268495,,2019-03-01,,0.385
AAG69WWH,0,0,,,,Censored No Alarm,0,0,0,0,0,1,0.0014608652867268495,,2019-01-05,,0.385
AAG69YWH,0,0,,,,Censored No Alarm,0,0,0,0,0,1,0.0014608652867268495,,2019-03-02,,0.385
AAG6A03H,0,0,,,,Censored No Alarm,0,0,0,0,0,1,0.0014608652867268495,,2019-03-02,,0.385
AAG6A07H,0,0,,,,Censored No Alarm,0,0,0,0,0,1,0.003913363438309003,,2019-03-01,,0.385
AAG6A0AH,0,0,,,,Censored No Alarm,0,0,0,0,0,1,0.0014608652867268495,,2019-01-05,,0.385
AAG6AATH,0,0,,,,Censored No Alarm,0,0,0,0,0,1,0.0014608652867268495,,2019-06-01,,0.385
AAG6AV4H,0,0,,,,Censored No Alarm,0,0,0,0,0,1,0.0014608652867268495,,2019-03-01,,0.385
AAG6AWTH,1,0,,2024-07-08,,Missed,0,0,0,0,1,0,0.03201145011853858,,2019-03-28,,0.385
AAG6AX6H,0,0,,,,Censored No Alarm,0,0,0,0,0,1,0.002863305636920473,,2019-03-28,,0.385
AAG6B4HH,0,0,,,,Censored No Alarm,0,0,0,0,0,1,0.0014608652867268495,,2019-03-28,,0.385
AAG6B5KH,0,0,,,,Censored No Alarm,0,0,0,0,0,1,0.0014608652867268495,,2019-03-28,,0.385
AAG6DT9H,1,0,,2019-04-25,,Missed,0,0,0,0,1,0,0.0014608652867268495,,2019-03-01,,0.385
AAG6DVEH,0,0,,,,Censored No Alarm,0,0,0,0,0,1,0.0014608652867268495,,2019-03-01,,0.385
AAG6DXTH,0,0,,,,Censored No Alarm,0,0,0,0,0,1,0.02787846121376438,,2019-01-05,,0.385
AAG6E2HH,0,0,,,,Censored No Alarm,0,0,0,0,0,1,0.0014608652867268495,,2019-03-28,,0.385
AAG6E60H,0,0,,,,Censored No Alarm,0,0,0,0,0,1,0.002863305636920473,,2019-03-01,,0.385
AAG6E7EH,0,0,,,,Censored No Alarm,0,0,0,0,0,1,0.0014608652867268495,,2019-03-28,,0.385
AAG6E7RH,0,0,,,,Censored No Alarm,0,0,0,0,0,1,0.0014608652867268495,,2019-03-02,,0.385
AAG6ESPH,0,0,,,,Censored No Alarm,0,0,0,0,0,1,0.0014608652867268495,,2019-01-05,,0.385
AAG6EVRH,0,0,,,,Censored No Alarm,0,0,0,0,0,1,0.0014608652867268495,,2019-01-05,,0.385
AAG6EX3H,0,0,,,,Censored No Alarm,0,0,0,0,0,1,0.0014608652867268495,,2019-01-05,,0.385
AAG6GM1H,0,0,,,,Censored No Alarm,0,0,0,0,0,1,0.0014608652867268495,,2019-03-28,,0.385
AAG6H25H,0,0,,,,Censored No Alarm,0,0,0,0,0,1,0.0014608652867268495,,2019-03-01,,0.385
AAG6HG0H,0,0,,,,Censored No Alarm,0,0,0,0,0,1,0.0014608652867268495,,2019-03-01,,0.385
AAG6HSEH,0,0,,,,Censored No Alarm,0,0,0,0,0,1,0.0014608652867268495,,2019-03-02,,0.385
AAG6HYXH,0,0,,,,Censored No Alarm,0,0,0,0,0,1,0.0014608652867268495,,2019-03-02,,0.385
AAG6J1MH,0,0,,,,Censored No Alarm,0,0,0,0,0,1,0.0014608652867268495,,2019-01-05,,0.385
AAG6J1TH,1,0,,2025-10-07,,Missed,0,0,0,0,1,0,0.04488026341000313,,2019-03-01,,0.385
AAG6J2DH,1,0,,2024-01-03,,Missed,0,0,0,0,1,0,0.018808051210393292,,2019-03-28,,0.385
AAG6J2KH,1,0,,2023-10-19,,Missed,0,0,0,0,1,0,0.19602677438438815,,2019-01-05,,0.385
AAG6KJ6H,0,0,,,,Censored No Alarm,0,0,0,0,0,1,0.0014608652867268495,,2019-03-28,,0.385
AAG6KJPH,0,0,,,,Censored No Alarm,0,0,0,0,0,1,0.0014608652867268495,,2019-03-28,,0.385
AAG6KTJH,0,0,,,,Censored No Alarm,0,0,0,0,0,1,0.0014608652867268495,,2019-03-02,,0.385
AAG6KTRH,0,0,,,,Censored No Alarm,0,0,0,0,0,1,0.0014608652867268495,,2019-01-05,,0.385
AAG6KUAH,0,1,2025-11-30,,,Censored Early,0,0,1,1,0,0,0.9999937687066239,0.9999898514100292,2019-01-05,2521.0,0.385
AAG6KUJH,0,0,,,,Censored No Alarm,0,0,0,0,0,1,0.0014608652867268495,,2019-03-01,,0.385
AAG6KV6H,1,0,,2021-11-27,,Missed,0,0,0,0,1,0,0.0036321478264416084,,2019-03-01,,0.385
AAG6L88H,0,0,,,,Censored No Alarm,0,0,0,0,0,1,0.0014608652867268495,,2019-03-28,,0.385
AAG6L8VH,0,0,,,,Censored No Alarm,0,0,0,0,0,1,0.043102577293181746,,2019-03-28,,0.385
AAG6LD7H,1,0,,2025-06-16,,Missed,0,0,0,0,1,0,0.007997445168539896,,2019-03-01,,0.385
AAG6LDTH,0,0,,,,Censored No Alarm,0,0,0,0,0,1,0.0014608652867268495,,2019-03-28,,0.385
AAG6LEHH,0,0,,,,Censored No Alarm,0,0,0,0,0,1,0.0014608652867268495,,2019-03-01,,0.385
AAG6LEJH,0,0,,,,Censored No Alarm,0,0,0,0,0,1,0.0014608652867268495,,2019-03-01,,0.385
AAG6LG9H,0,0,,,,Censored No Alarm,0,0,0,0,0,1,0.0014608652867268495,,2019-01-05,,0.385
AAG6LTSH,0,0,,,,Censored No Alarm,0,0,0,0,0,1,0.0014608652867268495,,2019-03-01,,0.385
AAG6M3BH,0,0,,,,Censored No Alarm,0,0,0,0,0,1,0.0014608652867268495,,2019-03-02,,0.385
AAG6M8TH,0,0,,,,Censored No Alarm,0,0,0,0,0,1,0.0014608652867268495,,2019-01-05,,0.385
AAG6MABH,0,0,,,,Censored No Alarm,0,0,0,0,0,1,0.0014608652867268495,,2019-05-04,,0.385
AAG6NEEH,0,0,,,,Censored No Alarm,0,0,0,0,0,1,0.0014608652867268495,,2019-03-28,,0.385
AAG6NP0H,1,1,2024-02-23,2024-09-22,212.0,Early,0,1,0,1,0,0,0.9999999632256444,0.7535323371495851,2019-03-01,1820.0,0.385
AAG6NPRH,1,1,2026-02-06,2026-03-12,34.0,Early,0,1,0,1,0,0,0.9999785565541195,0.9999650764864454,2019-03-01,2534.0,0.385
AAG6NRBH,1,0,,2024-07-11,,Missed,0,0,0,0,1,0,0.19602677438438815,,2019-03-28,,0.385
AAG6NRZH,0,0,,,,Censored No Alarm,0,0,0,0,0,1,0.0014608652867268495,,2019-03-28,,0.385
AAG6NS8H,0,0,,,,Censored No Alarm,0,0,0,0,0,1,0.12660415673598155,,2019-03-28,,0.385
AAG6NSKH,0,0,,,,Censored No Alarm,0,0,0,0,0,1,0.030647706864586934,,2019-01-05,,0.385
AAG6NVKH,0,0,,,,Censored No Alarm,0,0,0,0,0,1,0.0014608652867268495,,2019-01-05,,0.385
AAG6NW3H,0,0,,,,Censored No Alarm,0,0,0,0,0,1,0.0014608652867268495,,2019-06-01,,0.385
AAG6P40H,0,0,,,,Censored No Alarm,0,0,0,0,0,1,0.0014608652867268495,,2019-01-05,,0.385
AAG6P42H,0,0,,,,Censored No Alarm,0,0,0,0,0,1,0.0014608652867268495,,2019-03-01,,0.385
AAG6P4EH,0,0,,,,Censored No Alarm,0,0,0,0,0,1,0.0014608652867268495,,2019-03-28,,0.385
AAG6P9AH,0,0,,,,Censored No Alarm,0,0,0,0,0,1,0.0014608652867268495,,2019-03-01,,0.385
AAG6PWBH,0,0,,,,Censored No Alarm,0,0,0,0,0,1,0.0014608652867268495,,2019-03-02,,0.385
AAG6PY2H,0,0,,,,Censored No Alarm,0,0,0,0,0,1,0.0014608652867268495,,2019-01-05,,0.385
AAG6PYLH,0,0,,,,Censored No Alarm,0,0,0,0,0,1,0.0014608652867268495,,2019-06-01,,0.385
AAG6R0AH,0,0,,,,Censored No Alarm,0,0,0,0,0,1,0.0014608652867268495,,2019-06-01,,0.385
AAG6R2RH,0,0,,,,Censored No Alarm,0,0,0,0,0,1,0.0014608652867268495,,2019-03-01,,0.385
AAG6R32H,0,0,,,,Censored No Alarm,0,0,0,0,0,1,0.0014608652867268495,,2019-03-01,,0.385
AAG6R48H,0,0,,,,Censored No Alarm,0,0,0,0,0,1,0.0014608652867268495,,2019-03-28,,0.385
AAG6R8UH,0,0,,,,Censored No Alarm,0,0,0,0,0,1,0.0014608652867268495,,2019-03-28,,0.385
AAG6T4ZH,0,0,,,,Censored No Alarm,0,0,0,0,0,1,0.0014608652867268495,,2019-03-28,,0.385
AAG6T52H,1,0,,2023-06-10,,Missed,0,0,0,0,1,0,0.0014608652867268495,,2019-06-01,,0.385
AAG6T55H,0,0,,,,Censored No Alarm,0,0,0,0,0,1,0.0014608652867268495,,2019-06-01,,0.385
AAG6T5JH,0,0,,,,Censored No Alarm,0,0,0,0,0,1,0.0014608652867268495,,2019-05-16,,0.385
AAG6T7LH,0,0,,,,Censored No Alarm,0,0,0,0,0,1,0.0014608652867268495,,2019-03-01,,0.385
AAG6T9NH,0,0,,,,Censored No Alarm,0,0,0,0,0,1,0.0014608652867268495,,2019-06-01,,0.385
AAG6TA8H,0,0,,,,Censored No Alarm,0,0,0,0,0,1,0.0014608652867268495,,2019-01-05,,0.385
AAG6TAHH,0,0,,,,Censored No Alarm,0,0,0,0,0,1,0.0014608652867268495,,2019-06-01,,0.385
AAG6TAKH,0,0,,,,Censored No Alarm,0,0,0,0,0,1,0.0014608652867268495,,2019-06-01,,0.385
AAG6TBBH,0,0,,,,Censored No Alarm,0,0,0,0,0,1,0.0014608652867268495,,2019-03-28,,0.385
AAG6TBJH,0,0,,,,Censored No Alarm,0,0,0,0,0,1,0.0014608652867268495,,2019-01-05,,0.385
AAG6THHH,0,0,,,,Censored No Alarm,0,0,0,0,0,1,0.0014608652867268495,,2019-06-01,,0.385
AAG6THJH,0,0,,,,Censored No Alarm,0,0,0,0,0,1,0.0014608652867268495,,2019-06-01,,0.385
AAG6THLH,0,0,,,,Censored No Alarm,0,0,0,0,0,1,0.0014608652867268495,,2019-05-04,,0.385
AAG6TRKH,0,0,,,,Censored No Alarm,0,0,0,0,0,1,0.0014608652867268495,,2019-05-04,,0.385
AAG6TS8H,0,0,,,,Censored No Alarm,0,0,0,0,0,1,0.0014608652867268495,,2019-06-01,,0.385
AAG6TSUH,0,0,,,,Censored No Alarm,0,0,0,0,0,1,0.0014608652867268495,,2019-03-28,,0.385
AAG6TT1H,0,0,,,,Censored No Alarm,0,0,0,0,0,1,0.0014608652867268495,,2019-05-16,,0.385
AAG6TT9H,0,0,,,,Censored No Alarm,0,0,0,0,0,1,0.0014608652867268495,,2019-03-28,,0.385
AAG6TTNH,0,0,,,,Censored No Alarm,0,0,0,0,0,1,0.0014608652867268495,,2019-01-05,,0.385
AAG6TUVH,0,0,,,,Censored No Alarm,0,0,0,0,0,1,0.0014608652867268495,,2019-06-01,,0.385
AAG6TVPH,0,0,,,,Censored No Alarm,0,0,0,0,0,1,0.0014608652867268495,,2019-03-28,,0.385
AAG6TY4H,0,0,,,,Censored No Alarm,0,0,0,0,0,1,0.005124651511926437,,2019-06-01,,0.385
AAG6U5AH,0,0,,,,Censored No Alarm,0,0,0,0,0,1,0.0014608652867268495,,2019-03-01,,0.385
AAG6UKNH,0,0,,,,Censored No Alarm,0,0,0,0,0,1,0.0014608652867268495,,2019-03-28,,0.385
AAG6UMGH,0,0,,,,Censored No Alarm,0,0,0,0,0,1,0.0014608652867268495,,2019-01-05,,0.385
AAG6UMJH,0,0,,,,Censored No Alarm,0,0,0,0,0,1,0.002863305636920473,,2019-01-05,,0.385
AAG6UNKH,0,0,,,,Censored No Alarm,0,0,0,0,0,1,0.013228769950904398,,2019-06-01,,0.385
AAG6US4H,0,0,,,,Censored No Alarm,0,0,0,0,0,1,0.0014608652867268495,,2019-03-01,,0.385
AAG6UT0H,0,0,,,,Censored No Alarm,0,0,0,0,0,1,0.0014608652867268495,,2019-06-01,,0.385
AAG6UU8H,0,0,,,,Censored No Alarm,0,0,0,0,0,1,0.004487056114591119,,2019-01-05,,0.385
AAG6UZTH,0,0,,,,Censored No Alarm,0,0,0,0,0,1,0.0014608652867268495,,2019-03-28,,0.385
AAG6V1MH,0,0,,,,Censored No Alarm,0,0,0,0,0,1,0.0014608652867268495,,2019-03-28,,0.385
AAG6V71H,0,0,,,,Censored No Alarm,0,0,0,0,0,1,0.0014608652867268495,,2019-03-01,,0.385
AAG6V7DH,0,0,,,,Censored No Alarm,0,0,0,0,0,1,0.0014608652867268495,,2019-03-01,,0.385
AAG6V7VH,0,0,,,,Censored No Alarm,0,0,0,0,0,1,0.0014608652867268495,,2019-03-01,,0.385
AAG6VHXH,0,0,,,,Censored No Alarm,0,0,0,0,0,1,0.002863305636920473,,2019-06-01,,0.385
AAG6VJKH,0,0,,,,Censored No Alarm,0,0,0,0,0,1,0.0014608652867268495,,2019-03-28,,0.385
AAG6VM8H,0,0,,,,Censored No Alarm,0,0,0,0,0,1,0.0014608652867268495,,2019-03-28,,0.385
AAG6VMBH,0,0,,,,Censored No Alarm,0,0,0,0,0,1,0.0014608652867268495,,2019-03-01,,0.385
AAG6VMGH,0,0,,,,Censored No Alarm,0,0,0,0,0,1,0.0014608652867268495,,2019-03-01,,0.385
AAG6X6JH,0,0,,,,Censored No Alarm,0,0,0,0,0,1,0.0014608652867268495,,2019-03-28,,0.385
AAG6XU7H,1,1,2019-06-27,2020-05-23,331.0,Early,0,1,0,1,0,0,0.9999491781030756,0.7282856330285274,2019-05-04,54.0,0.385
AAG6XWGH,0,0,,,,Censored No Alarm,0,0,0,0,0,1,0.0014608652867268495,,2019-03-01,,0.385
AAG6XWJH,1,0,,2025-04-04,,Missed,0,0,0,0,1,0,0.03639461522419984,,2019-03-28,,0.385
AAG6XXWH,0,0,,,,Censored No Alarm,0,0,0,0,0,1,0.0014608652867268495,,2019-01-05,,0.385
AAG6XYBH,0,0,,,,Censored No Alarm,0,0,0,0,0,1,0.0014608652867268495,,2019-06-01,,0.385
AAG6XYNH,0,0,,,,Censored No Alarm,0,0,0,0,0,1,0.0014608652867268495,,2019-06-01,,0.385
AAG6XZ6H,0,0,,,,Censored No Alarm,0,0,0,0,0,1,0.0014608652867268495,,2019-03-28,,0.385
AAG6XZNH,0,0,,,,Censored No Alarm,0,0,0,0,0,1,0.0014608652867268495,,2019-06-01,,0.385
AAG6Y0GH,0,0,,,,Censored No Alarm,0,0,0,0,0,1,0.0014608652867268495,,2019-03-01,,0.385
AAG6Y0KH,0,0,,,,Censored No Alarm,0,0,0,0,0,1,0.0014608652867268495,,2019-01-05,,0.385
AAG6Y1BH,0,0,,,,Censored No Alarm,0,0,0,0,0,1,0.0014608652867268495,,2019-03-02,,0.385
AAG6Y3LH,0,0,,,,Censored No Alarm,0,0,0,0,0,1,0.002766205079712009,,2019-03-28,,0.385
AAG6Y3UH,0,0,,,,Censored No Alarm,0,0,0,0,0,1,0.0014608652867268495,,2019-06-01,,0.385
AAG6Y41H,0,0,,,,Censored No Alarm,0,0,0,0,0,1,0.0014608652867268495,,2019-01-05,,0.385
AAG6Y46H,0,0,,,,Censored No Alarm,0,0,0,0,0,1,0.0014608652867268495,,2019-06-01,,0.385
AAG6YZ1H,0,0,,,,Censored No Alarm,0,0,0,0,0,1,0.0014608652867268495,,2019-03-28,,0.385
AAG6YZ9H,0,0,,,,Censored No Alarm,0,0,0,0,0,1,0.0014608652867268495,,2019-01-05,,0.385
AAG6Z0DH,0,0,,,,Censored No Alarm,0,0,0,0,0,1,0.0014608652867268495,,2019-01-05,,0.385
AAG6Z17H,0,0,,,,Censored No Alarm,0,0,0,0,0,1,0.0014608652867268495,,2019-06-01,,0.385
AAG6Z1MH,0,0,,,,Censored No Alarm,0,0,0,0,0,1,0.0014608652867268495,,2019-03-01,,0.385
AAG6Z1XH,0,0,,,,Censored No Alarm,0,0,0,0,0,1,0.0014608652867268495,,2019-03-01,,0.385
AAG6Z2DH,0,0,,,,Censored No Alarm,0,0,0,0,0,1,0.0014608652867268495,,2019-03-01,,0.385
AAG6Z2RH,0,0,,,,Censored No Alarm,0,0,0,0,0,1,0.0014608652867268495,,2019-06-01,,0.385
AAG6Z42H,1,1,2024-10-18,2024-11-24,37.0,Early,0,1,0,1,0,0,0.43252640503783885,0.43252640503783885,2019-01-05,2113.0,0.385
AAG6Z4VH,0,0,,,,Censored No Alarm,0,0,0,0,0,1,0.0014608652867268495,,2019-03-01,,0.385
AAG6Z53H,0,0,,,,Censored No Alarm,0,0,0,0,0,1,0.0014608652867268495,,2019-05-16,,0.385
AAG6ZJ9H,0,0,,,,Censored No Alarm,0,0,0,0,0,1,0.0014608652867268495,,2019-03-01,,0.385
AAG705GH,0,0,,,,Censored No Alarm,0,0,0,0,0,1,0.0014608652867268495,,2019-03-01,,0.385
AAG7078H,0,0,,,,Censored No Alarm,0,0,0,0,0,1,0.005040501465946205,,2019-05-04,,0.385
AAG70HDH,0,0,,,,Censored No Alarm,0,0,0,0,0,1,0.0014608652867268495,,2019-01-05,,0.385
AAG70JEH,0,0,,,,Censored No Alarm,0,0,0,0,0,1,0.003405636236158248,,2019-06-01,,0.385
AAG70U9H,0,0,,,,Censored No Alarm,0,0,0,0,0,1,0.003283569005605563,,2019-01-05,,0.385
AAG73ZWH,0,0,,,,Censored No Alarm,0,0,0,0,0,1,0.0014608652867268495,,2019-01-05,,0.385
AAG73ZZH,0,0,,,,Censored No Alarm,0,0,0,0,0,1,0.0014608652867268495,,2019-03-28,,0.385
AAG740EH,0,0,,,,Censored No Alarm,0,0,0,0,0,1,0.0014608652867268495,,2019-01-05,,0.385
AAG740NH,0,0,,,,Censored No Alarm,0,0,0,0,0,1,0.0014608652867268495,,2019-06-01,,0.385
AAG740WH,0,0,,,,Censored No Alarm,0,0,0,0,0,1,0.0014608652867268495,,2019-03-01,,0.385
AAG740YH,0,0,,,,Censored No Alarm,0,0,0,0,0,1,0.0014608652867268495,,2019-03-28,,0.385
AAG741PH,0,0,,,,Censored No Alarm,0,0,0,0,0,1,0.0014608652867268495,,2019-03-28,,0.385
AAG742EH,0,0,,,,Censored No Alarm,0,0,0,0,0,1,0.0014608652867268495,,2019-03-28,,0.385
AAG742JH,0,0,,,,Censored No Alarm,0,0,0,0,0,1,0.004834762125341515,,2019-06-01,,0.385
AAG742WH,0,0,,,,Censored No Alarm,0,0,0,0,0,1,0.0014608652867268495,,2019-01-05,,0.385
AAG7431H,0,0,,,,Censored No Alarm,0,0,0,0,0,1,0.0014608652867268495,,2019-01-05,,0.385
AAG743EH,0,0,,,,Censored No Alarm,0,0,0,0,0,1,0.0014608652867268495,,2019-06-01,,0.385
AAG743UH,0,0,,,,Censored No Alarm,0,0,0,0,0,1,0.0014608652867268495,,2019-01-05,,0.385
AAG743VH,0,0,,,,Censored No Alarm,0,0,0,0,0,1,0.005569995728078702,,2019-01-05,,0.385
AAG7454H,0,0,,,,Censored No Alarm,0,0,0,0,0,1,0.0014608652867268495,,2019-03-28,,0.385
AAG74DKH,0,0,,,,Censored No Alarm,0,0,0,0,0,1,0.0014608652867268495,,2019-05-04,,0.385
AAG74EAH,1,0,,2025-07-27,,Missed,0,0,0,0,1,0,0.34655096019122383,,2019-05-04,,0.385
AAG74EBH,0,0,,,,Censored No Alarm,0,0,0,0,0,1,0.0014608652867268495,,2019-03-28,,0.385
AAG74EYH,0,0,,,,Censored No Alarm,0,0,0,0,0,1,0.0014608652867268495,,2019-06-01,,0.385
AAG74EZH,0,0,,,,Censored No Alarm,0,0,0,0,0,1,0.0014608652867268495,,2019-06-01,,0.385
AAG74VHH,0,0,,,,Censored No Alarm,0,0,0,0,0,1,0.0014608652867268495,,2019-03-01,,0.385
AAG74WRH,0,0,,,,Censored No Alarm,0,0,0,0,0,1,0.0014608652867268495,,2019-06-01,,0.385
AAG76HYH,1,1,2021-08-28,2021-09-29,32.0,Early,0,1,0,1,0,0,0.8457724476676628,0.8457724476676628,2019-03-02,910.0,0.385
AAG77A5H,0,0,,,,Censored No Alarm,0,0,0,0,0,1,0.0014608652867268495,,2019-06-01,,0.385
AAG799NH,0,0,,,,Censored No Alarm,0,0,0,0,0,1,0.0014608652867268495,,2019-03-02,,0.385
AAG79B0H,0,0,,,,Censored No Alarm,0,0,0,0,0,1,0.0014608652867268495,,2019-03-28,,0.385
AAG7A8EH,0,0,,,,Censored No Alarm,0,0,0,0,0,1,0.0014608652867268495,,2019-06-01,,0.385
AAG7A9KH,0,0,,,,Censored No Alarm,0,0,0,0,0,1,0.0014608652867268495,,2019-01-05,,0.385
AAG7ADMH,0,0,,,,Censored No Alarm,0,0,0,0,0,1,0.0014608652867268495,,2019-05-16,,0.385
AAG7AGWH,0,0,,,,Censored No Alarm,0,0,0,0,0,1,0.0014608652867268495,,2019-05-04,,0.385
AAG7AHMH,0,0,,,,Censored No Alarm,0,0,0,0,0,1,0.0014608652867268495,,2019-06-01,,0.385
AAG7BP3H,0,0,,,,Censored No Alarm,0,0,0,0,0,1,0.0014608652867268495,,2019-06-01,,0.385
AAG7BPKH,0,0,,,,Censored No Alarm,0,0,0,0,0,1,0.0014608652867268495,,2019-06-01,,0.385
AAG7BRGH,0,0,,,,Censored No Alarm,0,0,0,0,0,1,0.0014608652867268495,,2019-01-05,,0.385
AAG7BS8H,0,0,,,,Censored No Alarm,0,0,0,0,0,1,0.0014608652867268495,,2019-03-01,,0.385
AAG7BWAH,0,0,,,,Censored No Alarm,0,0,0,0,0,1,0.0014608652867268495,,2019-03-28,,0.385
AAG7D1SH,0,0,,,,Censored No Alarm,0,0,0,0,0,1,0.0014608652867268495,,2019-06-01,,0.385
AAG7D29H,0,0,,,,Censored No Alarm,0,0,0,0,0,1,0.0014608652867268495,,2019-03-28,,0.385
AAG7D2PH,0,0,,,,Censored No Alarm,0,0,0,0,0,1,0.0014608652867268495,,2019-06-01,,0.385
AAG7D48H,0,0,,,,Censored No Alarm,0,0,0,0,0,1,0.0014608652867268495,,2019-06-01,,0.385
AAG7D4DH,0,0,,,,Censored No Alarm,0,0,0,0,0,1,0.0014608652867268495,,2019-03-01,,0.385
AAG7D85H,0,0,,,,Censored No Alarm,0,0,0,0,0,1,0.004780461661641834,,2019-06-01,,0.385
AAG7DPYH,0,0,,,,Censored No Alarm,0,0,0,0,0,1,0.0014608652867268495,,2019-03-01,,0.385
AAG7DRDH,0,0,,,,Censored No Alarm,0,0,0,0,0,1,0.0014608652867268495,,2019-03-01,,0.385
AAG7DS9H,0,0,,,,Censored No Alarm,0,0,0,0,0,1,0.005521072819752702,,2019-03-01,,0.385
AAG7DW0H,0,0,,,,Censored No Alarm,0,0,0,0,0,1,0.0014608652867268495,,2019-05-04,,0.385
AAG7E1MH,0,0,,,,Censored No Alarm,0,0,0,0,0,1,0.0014608652867268495,,2019-03-01,,0.385
AAG7E1PH,0,0,,,,Censored No Alarm,0,0,0,0,0,1,0.0014608652867268495,,2019-01-05,,0.385
AAG7E2HH,0,0,,,,Censored No Alarm,0,0,0,0,0,1,0.0014608652867268495,,2019-03-02,,0.385
AAG7LG4H,0,0,,,,Censored No Alarm,0,0,0,0,0,1,0.0014608652867268495,,2019-03-01,,0.385
AAG7LG7H,0,0,,,,Censored No Alarm,0,0,0,0,0,1,0.0014608652867268495,,2019-05-16,,0.385
AAG7LHYH,0,0,,,,Censored No Alarm,0,0,0,0,0,1,0.0014608652867268495,,2019-03-28,,0.385
AAG7LNAH,0,0,,,,Censored No Alarm,0,0,0,0,0,1,0.0014608652867268495,,2019-06-01,,0.385
AAG7LSWH,0,0,,,,Censored No Alarm,0,0,0,0,0,1,0.0014608652867268495,,2019-01-05,,0.385
AAG7LTHH,1,0,,2024-07-29,,Missed,0,0,0,0,1,0,0.19602677438438815,,2019-03-28,,0.385
AAG7LZEH,0,0,,,,Censored No Alarm,0,0,0,0,0,1,0.0014608652867268495,,2019-03-02,,0.385
AAG7M25H,0,0,,,,Censored No Alarm,0,0,0,0,0,1,0.0014608652867268495,,2019-06-01,,0.385
AAG7M3NH,0,0,,,,Censored No Alarm,0,0,0,0,0,1,0.0014608652867268495,,2019-06-01,,0.385
AAG7M3TH,0,0,,,,Censored No Alarm,0,0,0,0,0,1,0.0014608652867268495,,2019-03-28,,0.385
AAG7MMDH,0,0,,,,Censored No Alarm,0,0,0,0,0,1,0.0014608652867268495,,2019-05-16,,0.385
AAG7MP8H,0,0,,,,Censored No Alarm,0,0,0,0,0,1,0.0014608652867268495,,2019-06-01,,0.385
AAG7MULH,1,1,2024-12-04,2026-03-13,464.0,Early,0,1,0,1,0,0,0.45802761226358407,0.45802761226358407,2019-03-02,2104.0,0.385
AAG7MUNH,0,0,,,,Censored No Alarm,0,0,0,0,0,1,0.004555182689120355,,2019-06-01,,0.385
AAG7MVMH,0,0,,,,Censored No Alarm,0,0,0,0,0,1,0.0014608652867268495,,2019-03-02,,0.385
AAG7N3ZH,0,0,,,,Censored No Alarm,0,0,0,0,0,1,0.0014608652867268495,,2019-03-28,,0.385
AAG7N5WH,0,0,,,,Censored No Alarm,0,0,0,0,0,1,0.0014608652867268495,,2019-03-28,,0.385
AAG7N62H,0,0,,,,Censored No Alarm,0,0,0,0,0,1,0.0014608652867268495,,2019-06-01,,0.385
AAG7N63H,0,0,,,,Censored No Alarm,0,0,0,0,0,1,0.0014608652867268495,,2019-03-28,,0.385
AAG7N6MH,0,0,,,,Censored No Alarm,0,0,0,0,0,1,0.0014608652867268495,,2019-05-04,,0.385
AAG7PPHH,1,0,,2025-10-28,,Missed,0,0,0,0,1,0,0.032674222400909704,,2019-03-02,,0.385
AAG7R02H,0,0,,,,Censored No Alarm,0,0,0,0,0,1,0.003215183109565268,,2019-06-01,,0.385
AAG7R5VH,0,0,,,,Censored No Alarm,0,0,0,0,0,1,0.0014608652867268495,,2019-06-01,,0.385
AAG7R93H,0,0,,,,Censored No Alarm,0,0,0,0,0,1,0.0014608652867268495,,2019-06-01,,0.385
AAG7RA1H,0,0,,,,Censored No Alarm,0,0,0,0,0,1,0.0014608652867268495,,2019-01-05,,0.385
AAG7RAMH,0,0,,,,Censored No Alarm,0,0,0,0,0,1,0.0014608652867268495,,2019-03-02,,0.385
AAG7RBDH,0,0,,,,Censored No Alarm,0,0,0,0,0,1,0.0014608652867268495,,2019-05-04,,0.385
AAG90D8H,0,0,,,,Censored No Alarm,0,0,0,0,0,1,0.0014608652867268495,,2019-05-04,,0.385
AAG9VK6H,0,0,,,,Censored No Alarm,0,0,0,0,0,1,0.0014608652867268495,,2019-03-02,,0.385
AAGA4YNH,0,0,,,,Censored No Alarm,0,0,0,0,0,1,0.0014608652867268495,,2019-06-01,,0.385
AAGA7W1H,1,0,,2023-04-11,,Missed,0,0,0,0,1,0,0.02699605402153328,,2019-03-01,,0.385
AAGA9E3H,0,0,,,,Censored No Alarm,0,0,0,0,0,1,0.0014608652867268495,,2019-05-04,,0.385
AAGH3VWH,0,0,,,,Censored No Alarm,0,0,0,0,0,1,0.0014608652867268495,,2019-05-27,,0.385
AAGMU4TH,0,0,,,,Censored No Alarm,0,0,0,0,0,1,0.0014608652867268495,,2019-05-04,,0.385
AAGN9D2H,1,0,,2023-09-17,,Missed,0,0,0,0,1,0,0.003405636236158248,,2019-05-04,,0.385
AAGP62KH,0,0,,,,Censored No Alarm,0,0,0,0,0,1,0.0014608652867268495,,2019-06-01,,0.385
AAGUS87H,0,0,,,,Censored No Alarm,0,0,0,0,0,1,0.0014608652867268495,,2019-08-14,,0.385
AAGVX4UH,0,0,,,,Censored No Alarm,0,0,0,0,0,1,0.0014608652867268495,,2019-05-04,,0.385
AAGWTB0H,0,0,,,,Censored No Alarm,0,0,0,0,0,1,0.13492637394119883,,2019-06-01,,0.385
AAGXDBZH,0,0,,,,Censored No Alarm,0,0,0,0,0,1,0.34655096019122383,,2019-05-16,,0.385
AAGXLP2H,0,0,,,,Censored No Alarm,0,0,0,0,0,1,0.0014608652867268495,,2019-06-01,,0.385
AAGXMJSH,0,0,,,,Censored No Alarm,0,0,0,0,0,1,0.0014608652867268495,,2019-05-04,,0.385
AAGXU8YH,0,0,,,,Censored No Alarm,0,0,0,0,0,1,0.0014608652867268495,,2019-05-16,,0.385
AAGXUBRH,0,0,,,,Censored No Alarm,0,0,0,0,0,1,0.0014608652867268495,,2019-05-04,,0.385
AAGXV97H,0,0,,,,Censored No Alarm,0,0,0,0,0,1,0.0014608652867268495,,2024-03-13,,0.385
AAGXW8VH,0,0,,,,Censored No Alarm,0,0,0,0,0,1,0.0014608652867268495,,2019-08-14,,0.385
AAGXWUWH,0,0,,,,Censored No Alarm,0,0,0,0,0,1,0.0014608652867268495,,2019-05-04,,0.385
AAGXY3MH,1,0,,2025-04-09,,Missed,0,0,0,0,1,0,0.005972727613130856,,2019-05-16,,0.385
AAH22T7H,0,0,,,,Censored No Alarm,0,0,0,0,0,1,0.009379559430090223,,2019-05-04,,0.385
AAH4NTGH,0,0,,,,Censored No Alarm,0,0,0,0,0,1,0.0014608652867268495,,2019-05-04,,0.385
AAH6DU2H,0,1,2023-05-15,,,Censored Early,0,0,1,1,0,0,0.9999980740050796,0.7952159149808526,2019-08-14,1370.0,0.385
AAH78SAH,0,0,,,,Censored No Alarm,0,0,0,0,0,1,0.0014608652867268495,,2019-05-04,,0.385
AAH7HJSH,0,0,,,,Censored No Alarm,0,0,0,0,0,1,0.0014608652867268495,,2019-05-04,,0.385
AAH7HKHH,0,0,,,,Censored No Alarm,0,0,0,0,0,1,0.0014608652867268495,,2019-05-04,,0.385
AAH7HNDH,0,0,,,,Censored No Alarm,0,0,0,0,0,1,0.0014608652867268495,,2019-05-04,,0.385
AAH7X19H,0,0,,,,Censored No Alarm,0,0,0,0,0,1,0.0014608652867268495,,2019-05-04,,0.385
AAH86SEH,0,0,,,,Censored No Alarm,0,0,0,0,0,1,0.0014608652867268495,,2019-05-04,,0.385
AAH8BLDH,0,0,,,,Censored No Alarm,0,0,0,0,0,1,0.0014608652867268495,,2019-05-04,,0.385
AAH8HPVH,0,0,,,,Censored No Alarm,0,0,0,0,0,1,0.009379559430090223,,2019-05-04,,0.385
AAH8LPUH,0,0,,,,Censored No Alarm,0,0,0,0,0,1,0.0014608652867268495,,2019-05-04,,0.385
AAH8P7WH,0,0,,,,Censored No Alarm,0,0,0,0,0,1,0.0014608652867268495,,2019-05-27,,0.385
AAH8R0LH,0,0,,,,Censored No Alarm,0,0,0,0,0,1,0.0014608652867268495,,2019-05-04,,0.385
AAH8RG4H,0,0,,,,Censored No Alarm,0,0,0,0,0,1,0.0014608652867268495,,2019-05-04,,0.385
AAH8V76H,0,0,,,,Censored No Alarm,0,0,0,0,0,1,0.0014608652867268495,,2019-05-04,,0.385
AAH8V7KH,0,0,,,,Censored No Alarm,0,0,0,0,0,1,0.0014608652867268495,,2019-05-04,,0.385
AAH90NAH,1,0,,2023-04-19,,Missed,0,0,0,0,1,0,0.004780461661641834,,2019-05-04,,0.385
AAH919BH,0,0,,,,Censored No Alarm,0,0,0,0,0,1,0.0014608652867268495,,2019-05-04,,0.385
AAH9285H,0,0,,,,Censored No Alarm,0,0,0,0,0,1,0.0014608652867268495,,2019-05-04,,0.385
AAH92GHH,0,0,,,,Censored No Alarm,0,0,0,0,0,1,0.0014608652867268495,,2019-05-04,,0.385
AAH92HRH,0,0,,,,Censored No Alarm,0,0,0,0,0,1,0.0014608652867268495,,2019-05-04,,0.385
AAH92JGH,0,0,,,,Censored No Alarm,0,0,0,0,0,1,0.0014608652867268495,,2019-05-04,,0.385
AAH92V3H,0,0,,,,Censored No Alarm,0,0,0,0,0,1,0.0014608652867268495,,2019-05-04,,0.385
AAH9301H,1,0,,2023-12-23,,Missed,0,0,0,0,1,0,0.03201145011853858,,2019-05-04,,0.385
AAH9305H,0,0,,,,Censored No Alarm,0,0,0,0,0,1,0.0014608652867268495,,2019-05-04,,0.385
AAH9307H,1,0,,2023-04-09,,Missed,0,0,0,0,1,0,0.002772882667481333,,2019-05-04,,0.385
AAH93MDH,0,0,,,,Censored No Alarm,0,0,0,0,0,1,0.004780461661641834,,2019-05-04,,0.385
AAH93RZH,0,0,,,,Censored No Alarm,0,0,0,0,0,1,0.005521072819752702,,2019-05-04,,0.385
AAH953TH,0,0,,,,Censored No Alarm,0,0,0,0,0,1,0.0014608652867268495,,2019-05-04,,0.385
AAH9618H,0,0,,,,Censored No Alarm,0,0,0,0,0,1,0.0014608652867268495,,2019-05-04,,0.385
AAH9689H,0,0,,,,Censored No Alarm,0,0,0,0,0,1,0.0014608652867268495,,2019-05-04,,0.385
AAH96AUH,0,0,,,,Censored No Alarm,0,0,0,0,0,1,0.0014608652867268495,,2019-05-04,,0.385
AAH97BZH,0,0,,,,Censored No Alarm,0,0,0,0,0,1,0.20157036983550322,,2019-05-04,,0.385
AAH99PNH,0,0,,,,Censored No Alarm,0,0,0,0,0,1,0.0014608652867268495,,2019-05-04,,0.385
AAH9BERH,0,0,,,,Censored No Alarm,0,0,0,0,0,1,0.0014608652867268495,,2019-05-04,,0.385
AAHAS1MH,0,0,,,,Censored No Alarm,0,0,0,0,0,1,0.0014608652867268495,,2019-05-27,,0.385
AAHAS9TH,0,0,,,,Censored No Alarm,0,0,0,0,0,1,0.0014608652867268495,,2019-05-27,,0.385
AAHB6YXH,0,0,,,,Censored No Alarm,0,0,0,0,0,1,0.0014608652867268495,,2019-05-27,,0.385
AAHB8Z9H,0,0,,,,Censored No Alarm,0,0,0,0,0,1,0.0014608652867268495,,2019-05-27,,0.385
AAHBKUHH,0,0,,,,Censored No Alarm,0,0,0,0,0,1,0.0014608652867268495,,2019-05-27,,0.385
AAHD7S9H,0,0,,,,Censored No Alarm,0,0,0,0,0,1,0.0014608652867268495,,2019-05-19,,0.385
AAHDJD5H,0,0,,,,Censored No Alarm,0,0,0,0,0,1,0.0014608652867268495,,2019-05-27,,0.385
AAHDJDSH,0,0,,,,Censored No Alarm,0,0,0,0,0,1,0.0014608652867268495,,2019-05-27,,0.385
AAHDJH3H,0,0,,,,Censored No Alarm,0,0,0,0,0,1,0.0014608652867268495,,2019-05-27,,0.385
AAHDUS5H,0,0,,,,Censored No Alarm,0,0,0,0,0,1,0.0014608652867268495,,2019-05-27,,0.385
AAHDUT6H,0,0,,,,Censored No Alarm,0,0,0,0,0,1,0.0014608652867268495,,2019-05-27,,0.385
AAHDYR0H,0,0,,,,Censored No Alarm,0,0,0,0,0,1,0.0014608652867268495,,2019-05-27,,0.385
AAHE23AH,0,0,,,,Censored No Alarm,0,0,0,0,0,1,0.0014608652867268495,,2019-05-27,,0.385
AAHE4SAH,0,0,,,,Censored No Alarm,0,0,0,0,0,1,0.0014608652867268495,,2019-05-27,,0.385
AAHEAGWH,0,0,,,,Censored No Alarm,0,0,0,0,0,1,0.0014608652867268495,,2019-05-27,,0.385
AAHEAHLH,0,0,,,,Censored No Alarm,0,0,0,0,0,1,0.0014608652867268495,,2019-05-27,,0.385
AAHED32H,0,0,,,,Censored No Alarm,0,0,0,0,0,1,0.0014608652867268495,,2019-05-27,,0.385
AAHED3GH,0,0,,,,Censored No Alarm,0,0,0,0,0,1,0.01295422590342466,,2019-05-27,,0.385
AAHED8NH,0,0,,,,Censored No Alarm,0,0,0,0,0,1,0.0014608652867268495,,2019-05-27,,0.385
AAHED98H,0,0,,,,Censored No Alarm,0,0,0,0,0,1,0.0014608652867268495,,2019-05-27,,0.385
AAHEEVKH,0,0,,,,Censored No Alarm,0,0,0,0,0,1,0.0014608652867268495,,2019-05-27,,0.385
AAHEHEEH,0,0,,,,Censored No Alarm,0,0,0,0,0,1,0.0014608652867268495,,2019-05-27,,0.385
AAHEHHMH,0,0,,,,Censored No Alarm,0,0,0,0,0,1,0.0014608652867268495,,2019-05-27,,0.385
AAHEHJ0H,0,0,,,,Censored No Alarm,0,0,0,0,0,1,0.0014608652867268495,,2019-06-01,,0.385
AAHEHJ1H,0,0,,,,Censored No Alarm,0,0,0,0,0,1,0.0014608652867268495,,2019-05-27,,0.385
AAHEHL5H,0,0,,,,Censored No Alarm,0,0,0,0,0,1,0.0014608652867268495,,2019-05-27,,0.385
AAHEHP8H,0,0,,,,Censored No Alarm,0,0,0,0,0,1,0.0014608652867268495,,2019-05-27,,0.385
AAHEHRSH,0,0,,,,Censored No Alarm,0,0,0,0,0,1,0.0014608652867268495,,2019-05-27,,0.385
AAHEHS0H,0,0,,,,Censored No Alarm,0,0,0,0,0,1,0.0014608652867268495,,2019-05-27,,0.385
AAHEHTDH,0,0,,,,Censored No Alarm,0,0,0,0,0,1,0.0014608652867268495,,2019-05-27,,0.385
AAHEHTNH,0,0,,,,Censored No Alarm,0,0,0,0,0,1,0.0014608652867268495,,2019-05-27,,0.385
AAHEHTPH,0,0,,,,Censored No Alarm,0,0,0,0,0,1,0.0014608652867268495,,2019-05-27,,0.385
AAHEHVUH,0,0,,,,Censored No Alarm,0,0,0,0,0,1,0.0014608652867268495,,2019-05-27,,0.385
AAHEHY7H,0,0,,,,Censored No Alarm,0,0,0,0,0,1,0.0014608652867268495,,2019-05-27,,0.385
AAHEHZ2H,0,0,,,,Censored No Alarm,0,0,0,0,0,1,0.0014608652867268495,,2019-05-27,,0.385
AAHEHZPH,0,0,,,,Censored No Alarm,0,0,0,0,0,1,0.0014608652867268495,,2019-05-27,,0.385
AAHEHZXH,0,0,,,,Censored No Alarm,0,0,0,0,0,1,0.0014608652867268495,,2019-05-27,,0.385
AAHEJ43H,0,0,,,,Censored No Alarm,0,0,0,0,0,1,0.0014608652867268495,,2019-05-27,,0.385
AAHEJ4KH,0,0,,,,Censored No Alarm,0,0,0,0,0,1,0.0014608652867268495,,2019-05-27,,0.385
AAHEJ76H,0,0,,,,Censored No Alarm,0,0,0,0,0,1,0.0014608652867268495,,2019-05-27,,0.385
AAHEJDXH,0,0,,,,Censored No Alarm,0,0,0,0,0,1,0.0014608652867268495,,2019-05-27,,0.385
AAHEJE4H,0,0,,,,Censored No Alarm,0,0,0,0,0,1,0.0014608652867268495,,2019-05-27,,0.385
AAHEJHKH,0,0,,,,Censored No Alarm,0,0,0,0,0,1,0.0014608652867268495,,2019-05-27,,0.385
AAHGYKJH,1,0,,2024-07-24,,Missed,0,0,0,0,1,0,0.003032978531608992,,2019-08-13,,0.385
AAHH59AH,0,0,,,,Censored No Alarm,0,0,0,0,0,1,0.0014608652867268495,,2019-08-14,,0.385
AAHHAXAH,0,0,,,,Censored No Alarm,0,0,0,0,0,1,0.0014608652867268495,,2019-08-13,,0.385
AAHHXJ2H,0,0,,,,Censored No Alarm,0,0,0,0,0,1,0.003283569005605563,,2019-08-13,,0.385
AAHJG5XH,0,0,,,,Censored No Alarm,0,0,0,0,0,1,0.0014608652867268495,,2019-08-14,,0.385
AAHJP8BH,0,0,,,,Censored No Alarm,0,0,0,0,0,1,0.005132063936074998,,2019-06-01,,0.385
AAHK5PUH,0,0,,,,Censored No Alarm,0,0,0,0,0,1,0.0014608652867268495,,2019-06-01,,0.385
AAHK8NRH,0,0,,,,Censored No Alarm,0,0,0,0,0,1,0.0014608652867268495,,2019-08-13,,0.385
AAHKERJH,1,0,,2026-01-13,,Missed,0,0,0,0,1,0,0.01256662225198426,,2019-08-13,,0.385
AAHKKR8H,0,0,,,,Censored No Alarm,0,0,0,0,0,1,0.0014608652867268495,,2019-08-14,,0.385
AAHKLDKH,0,0,,,,Censored No Alarm,0,0,0,0,0,1,0.0014608652867268495,,2019-06-01,,0.385
AAHKM55H,1,0,,2025-03-25,,Missed,0,0,0,0,1,0,0.014316418775971682,,2019-08-14,,0.385
AAHKMW2H,1,0,,2022-01-12,,Missed,0,0,0,0,1,0,0.008350636952740055,,2019-06-01,,0.385
AAHKS17H,1,1,2025-01-27,2025-07-07,161.0,Early,0,1,0,1,0,0,0.4960639758711014,0.45802761226358407,2019-06-01,2067.0,0.385
AAHKWLAH,0,0,,,,Censored No Alarm,0,0,0,0,0,1,0.1567627890301815,,2019-08-14,,0.385
AAHKX43H,1,1,2019-10-04,2019-11-25,52.0,Early,0,1,0,1,0,0,0.992109841004679,0.992109841004679,2019-08-14,51.0,0.385
AAHKXKYH,0,0,,,,Censored No Alarm,0,0,0,0,0,1,0.005972727613130856,,2019-08-13,,0.385
AAHKXLYH,0,0,,,,Censored No Alarm,0,0,0,0,0,1,0.0014608652867268495,,2019-08-14,,0.385
AAHKXNHH,0,0,,,,Censored No Alarm,0,0,0,0,0,1,0.008715915801290235,,2019-08-14,,0.385
AAHKXZ7H,0,0,,,,Censored No Alarm,0,0,0,0,0,1,0.0014608652867268495,,2019-08-14,,0.385
AAHKYETH,0,0,,,,Censored No Alarm,0,0,0,0,0,1,0.0014608652867268495,,2019-05-16,,0.385
AAHL0PKH,0,0,,,,Censored No Alarm,0,0,0,0,0,1,0.0029743444595815736,,2019-08-13,,0.385
AAHL0TLH,0,0,,,,Censored No Alarm,0,0,0,0,0,1,0.005521072819752702,,2019-06-01,,0.385
AAHL4K8H,0,0,,,,Censored No Alarm,0,0,0,0,0,1,0.002863305636920473,,2019-05-16,,0.385
AAHL5LRH,1,0,,2024-09-01,,Missed,0,0,0,0,1,0,0.012997694370116232,,2019-08-13,,0.385
AAHL9A9H,0,0,,,,Censored No Alarm,0,0,0,0,0,1,0.005972727613130856,,2019-08-13,,0.385
AAHL9XJH,0,0,,,,Censored No Alarm,0,0,0,0,0,1,0.003283569005605563,,2019-08-14,,0.385
AAHL9XLH,0,0,,,,Censored No Alarm,0,0,0,0,0,1,0.0014608652867268495,,2019-08-14,,0.385
AAHL9Y3H,0,0,,,,Censored No Alarm,0,0,0,0,0,1,0.0014608652867268495,,2019-08-14,,0.385
AAHL9YAH,0,0,,,,Censored No Alarm,0,0,0,0,0,1,0.0014608652867268495,,2019-08-14,,0.385
AAHL9ZYH,0,0,,,,Censored No Alarm,0,0,0,0,0,1,0.0014608652867268495,,2019-08-14,,0.385
AAHLBTZH,1,0,,2025-07-26,,Missed,0,0,0,0,1,0,0.020655837130398806,,2019-08-14,,0.385
AAHLBWGH,1,0,,2025-08-30,,Missed,0,0,0,0,1,0,0.04980675737574025,,2019-08-14,,0.385
AAHLBWSH,1,0,,2023-12-11,,Missed,0,0,0,0,1,0,0.03201145011853858,,2019-08-13,,0.385
AAHLBXVH,0,0,,,,Censored No Alarm,0,0,0,0,0,1,0.03201145011853858,,2019-08-14,,0.385
AAHLD3UH,1,0,,2025-03-11,,Missed,0,0,0,0,1,0,0.05552900112557787,,2019-08-13,,0.385
AAHLS5JH,0,0,,,,Censored No Alarm,0,0,0,0,0,1,0.0014608652867268495,,2019-05-16,,0.385
AAHLS7ZH,0,0,,,,Censored No Alarm,0,0,0,0,0,1,0.0014608652867268495,,2019-05-16,,0.385
AAHLS8YH,0,1,2026-01-24,,,Censored Early,0,0,1,1,0,0,0.9697609055172496,0.9697609055172496,2019-05-16,2445.0,0.385
AAHLS9UH,0,0,,,,Censored No Alarm,0,0,0,0,0,1,0.0014608652867268495,,2019-05-16,,0.385
AAHLV30H,0,0,,,,Censored No Alarm,0,0,0,0,0,1,0.0014608652867268495,,2019-05-16,,0.385
AAHLV40H,1,0,,2019-08-05,,Missed,0,0,0,0,1,0,0.012997694370116232,,2019-05-16,,0.385
AAHLV47H,0,0,,,,Censored No Alarm,0,0,0,0,0,1,0.0014608652867268495,,2019-05-16,,0.385
AAHLVTVH,0,0,,,,Censored No Alarm,0,0,0,0,0,1,0.0014608652867268495,,2019-05-27,,0.385
AAHLWE3H,0,0,,,,Censored No Alarm,0,0,0,0,0,1,0.0014608652867268495,,2019-05-27,,0.385
AAHLWKXH,0,0,,,,Censored No Alarm,0,0,0,0,0,1,0.0014608652867268495,,2019-05-16,,0.385
AAHLWM3H,0,0,,,,Censored No Alarm,0,0,0,0,0,1,0.0014608652867268495,,2019-05-27,,0.385
AAHLXJ1H,0,0,,,,Censored No Alarm,0,0,0,0,0,1,0.004564754170302578,,2019-05-04,,0.385
AAHLXJ9H,0,0,,,,Censored No Alarm,0,0,0,0,0,1,0.0014608652867268495,,2019-05-04,,0.385
AAHLXL5H,0,0,,,,Censored No Alarm,0,0,0,0,0,1,0.0014608652867268495,,2019-08-13,,0.385
AAHLXTXH,0,0,,,,Censored No Alarm,0,0,0,0,0,1,0.014221539606652654,,2019-05-16,,0.385
AAHLY01H,0,0,,,,Censored No Alarm,0,0,0,0,0,1,0.0014608652867268495,,2019-05-27,,0.385
AAHLY04H,0,0,,,,Censored No Alarm,0,0,0,0,0,1,0.0014608652867268495,,2019-05-04,,0.385
AAHLY2TH,0,0,,,,Censored No Alarm,0,0,0,0,0,1,0.0014608652867268495,,2019-05-27,,0.385
AAHLY31H,1,0,,2025-07-25,,Missed,0,0,0,0,1,0,0.19602677438438815,,2019-08-13,,0.385
AAHLYJRH,0,0,,,,Censored No Alarm,0,0,0,0,0,1,0.0014608652867268495,,2019-05-27,,0.385
AAHLYY6H,0,0,,,,Censored No Alarm,0,0,0,0,0,1,0.0014608652867268495,,2019-05-16,,0.385
AAHM227H,0,0,,,,Censored No Alarm,0,0,0,0,0,1,0.0014608652867268495,,2019-08-13,,0.385
AAHM4E6H,0,0,,,,Censored No Alarm,0,0,0,0,0,1,0.0014608652867268495,,2019-05-27,,0.385
AAHM4HSH,0,0,,,,Censored No Alarm,0,0,0,0,0,1,0.0014608652867268495,,2019-05-04,,0.385
AAHM4KJH,0,0,,,,Censored No Alarm,0,0,0,0,0,1,0.0014608652867268495,,2019-08-13,,0.385
AAHM4S6H,0,0,,,,Censored No Alarm,0,0,0,0,0,1,0.0014608652867268495,,2019-05-04,,0.385
AAHM4S8H,0,0,,,,Censored No Alarm,0,0,0,0,0,1,0.0014608652867268495,,2019-05-04,,0.385
AAHM4SSH,0,0,,,,Censored No Alarm,0,0,0,0,0,1,0.0014608652867268495,,2019-05-04,,0.385
AAHM4T2H,0,0,,,,Censored No Alarm,0,0,0,0,0,1,0.0014608652867268495,,2019-05-04,,0.385
AAHM4T6H,0,0,,,,Censored No Alarm,0,0,0,0,0,1,0.0014608652867268495,,2019-08-13,,0.385
AAHM4TRH,0,0,,,,Censored No Alarm,0,0,0,0,0,1,0.0014608652867268495,,2019-08-13,,0.385
AAHM4UYH,0,0,,,,Censored No Alarm,0,0,0,0,0,1,0.0014608652867268495,,2019-05-04,,0.385
AAHM4WBH,0,0,,,,Censored No Alarm,0,0,0,0,0,1,0.0014608652867268495,,2019-05-16,,0.385
AAHM4WEH,0,0,,,,Censored No Alarm,0,0,0,0,0,1,0.0014608652867268495,,2019-05-04,,0.385
AAHM4XGH,0,0,,,,Censored No Alarm,0,0,0,0,0,1,0.0014608652867268495,,2019-08-14,,0.385
AAHM5Z4H,0,0,,,,Censored No Alarm,0,0,0,0,0,1,0.0014608652867268495,,2019-05-04,,0.385
AAHM5Z9H,0,0,,,,Censored No Alarm,0,0,0,0,0,1,0.0014608652867268495,,2019-05-04,,0.385
AAHM5ZHH,0,0,,,,Censored No Alarm,0,0,0,0,0,1,0.0014608652867268495,,2019-05-04,,0.385
AAHMD6GH,0,0,,,,Censored No Alarm,0,0,0,0,0,1,0.0014608652867268495,,2019-05-04,,0.385
AAHME7KH,0,0,,,,Censored No Alarm,0,0,0,0,0,1,0.0014608652867268495,,2019-05-16,,0.385
AAHMGV8H,0,0,,,,Censored No Alarm,0,0,0,0,0,1,0.0014608652867268495,,2019-05-27,,0.385
AAHMH4LH,0,0,,,,Censored No Alarm,0,0,0,0,0,1,0.0014608652867268495,,2019-05-04,,0.385
AAHML65H,0,0,,,,Censored No Alarm,0,0,0,0,0,1,0.0014608652867268495,,2019-05-16,,0.385
AAHMN38H,0,0,,,,Censored No Alarm,0,0,0,0,0,1,0.0014608652867268495,,2019-05-16,,0.385
AAHMR03H,1,0,,2025-11-26,,Missed,0,0,0,0,1,0,0.06834726294764693,,2019-05-16,,0.385
AAHMR2ZH,1,0,,2024-01-31,,Missed,0,0,0,0,1,0,0.003032978531608992,,2019-05-16,,0.385
AAHMSNRH,0,0,,,,Censored No Alarm,0,0,0,0,0,1,0.0014608652867268495,,2019-05-16,,0.385
AAHMUYLH,0,0,,,,Censored No Alarm,0,0,0,0,0,1,0.0014608652867268495,,2019-05-16,,0.385
AAHMW6RH,0,0,,,,Censored No Alarm,0,0,0,0,0,1,0.002766205079712009,,2019-05-16,,0.385
AAHMW7NH,0,0,,,,Censored No Alarm,0,0,0,0,0,1,0.0014608652867268495,,2019-05-16,,0.385
