serial_number,has_failed,alarm_triggered,first_alarm_date,actual_failure_date,days_to_failure_at_alarm,category,is_hit,is_fp_early,is_fp_cens,is_false_alarm,is_miss,is_correct_rejection,max_predicted_score,alarm_predicted_score,first_seen_date,days_since_observed,threshold_used
2AG61PSY,0,0,,,,Censored No Alarm,0,0,0,0,0,1,0.0008466758299618959,,2019-05-27,,0.521
2AG8AVRY,0,0,,,,Censored No Alarm,0,0,0,0,0,1,0.00601385161280632,,2019-08-14,,0.521
2AGEGU7Y,0,0,,,,Censored No Alarm,0,0,0,0,0,1,0.0008466758299618959,,2019-05-27,,0.521
2AGEU1JY,0,0,,,,Censored No Alarm,0,0,0,0,0,1,0.2579302191734314,,2019-06-01,,0.521
2AGG48NY,0,0,,,,Censored No Alarm,0,0,0,0,0,1,0.0008466758299618959,,2019-05-27,,0.521
2AGG7H1Y,0,0,,,,Censored No Alarm,0,0,0,0,0,1,0.0008466758299618959,,2019-05-27,,0.521
2AGGHGJY,1,1,2024-10-22,2024-11-19,28.0,On time,1,0,0,0,0,0,0.6001468300819397,0.5635576248168945,2019-05-16,1986.0,0.521
2AGGHLEY,0,0,,,,Censored No Alarm,0,0,0,0,0,1,0.0008466758299618959,,2019-06-01,,0.521
2AGGHM0Y,0,0,,,,Censored No Alarm,0,0,0,0,0,1,0.0008466758299618959,,2019-05-27,,0.521
2AGGHMUY,0,0,,,,Censored No Alarm,0,0,0,0,0,1,0.0008466758299618959,,2019-05-16,,0.521
2AGGHR1Y,0,0,,,,Censored No Alarm,0,0,0,0,0,1,0.006342947483062744,,2019-05-27,,0.521
2AGGHR7Y,0,0,,,,Censored No Alarm,0,0,0,0,0,1,0.0013559631770476699,,2019-05-27,,0.521
2AGGL0UY,1,0,,2022-02-27,,Missed,0,0,0,0,1,0,0.013549613766372204,,2019-05-27,,0.521
2AGGR3NY,0,0,,,,Censored No Alarm,0,0,0,0,0,1,0.11264632642269135,,2019-05-27,,0.521
2AGGZNJY,0,0,,,,Censored No Alarm,0,0,0,0,0,1,0.0028552303556352854,,2019-05-27,,0.521
2AGH31BY,1,0,,2023-11-01,,Missed,0,0,0,0,1,0,0.03279651701450348,,2019-05-27,,0.521
2AGH31PY,1,1,2024-08-11,2024-11-18,99.0,Early,0,1,0,1,0,0,0.5409031510353088,0.5388267040252686,2019-05-27,1903.0,0.521
2AGH33SY,1,1,2025-02-15,2025-05-08,82.0,Early,0,1,0,1,0,0,0.7291147112846375,0.6344975233078003,2019-05-27,2091.0,0.521
2AGH34HY,0,0,,,,Censored No Alarm,0,0,0,0,0,1,0.17122791707515717,,2019-05-27,,0.521
2AGH34PY,0,0,,,,Censored No Alarm,0,0,0,0,0,1,0.0008613721001893282,,2019-05-27,,0.521
2AGH35GY,0,0,,,,Censored No Alarm,0,0,0,0,0,1,0.0008466758299618959,,2019-05-27,,0.521
2AGHB9XY,1,0,,2024-12-02,,Missed,0,0,0,0,1,0,0.06351909786462784,,2019-05-27,,0.521
2AGHDYHY,0,0,,,,Censored No Alarm,0,0,0,0,0,1,0.002481553005054593,,2019-05-27,,0.521
2AGHEP9Y,1,0,,2024-07-26,,Missed,0,0,0,0,1,0,0.03192594647407532,,2019-05-27,,0.521
2AGHGR1Y,0,0,,,,Censored No Alarm,0,0,0,0,0,1,0.008118486031889915,,2019-05-27,,0.521
2AGHGRLY,0,0,,,,Censored No Alarm,0,0,0,0,0,1,0.0013559631770476699,,2019-05-27,,0.521
2AGHGRRY,0,0,,,,Censored No Alarm,0,0,0,0,0,1,0.0008466758299618959,,2019-05-27,,0.521
2AGHJD4Y,0,0,,,,Censored No Alarm,0,0,0,0,0,1,0.026210743933916092,,2019-06-01,,0.521
2AGHK55Y,0,0,,,,Censored No Alarm,0,0,0,0,0,1,0.0008466758299618959,,2019-05-27,,0.521
2AGHK8MY,0,0,,,,Censored No Alarm,0,0,0,0,0,1,0.0021505847107619047,,2019-05-27,,0.521
2AGHLEUY,1,0,,2023-11-06,,Missed,0,0,0,0,1,0,0.012688709422945976,,2019-05-27,,0.521
2AGHLGTY,1,1,2025-02-27,2025-08-05,159.0,Early,0,1,0,1,0,0,0.5337772369384766,0.5337772369384766,2019-05-27,2103.0,0.521
2AGHLKHY,0,0,,,,Censored No Alarm,0,0,0,0,0,1,0.0008613721001893282,,2019-05-27,,0.521
2AGHLMXY,0,0,,,,Censored No Alarm,0,0,0,0,0,1,0.0008466758299618959,,2019-05-27,,0.521
2AGHLN0Y,0,0,,,,Censored No Alarm,0,0,0,0,0,1,0.0008466758299618959,,2019-05-27,,0.521
2AGHMUTY,0,0,,,,Censored No Alarm,0,0,0,0,0,1,0.0008466758299618959,,2019-05-27,,0.521
2AGHMUYY,0,0,,,,Censored No Alarm,0,0,0,0,0,1,0.0008466758299618959,,2019-06-01,,0.521
2AGHMW5Y,0,0,,,,Censored No Alarm,0,0,0,0,0,1,0.01356169767677784,,2019-05-27,,0.521
2AGHMXGY,1,0,,2023-05-14,,Missed,0,0,0,0,1,0,0.012639365158975124,,2019-05-27,,0.521
2AGHMYTY,0,0,,,,Censored No Alarm,0,0,0,0,0,1,0.025180164724588394,,2019-05-27,,0.521
2AGHMZMY,0,0,,,,Censored No Alarm,0,0,0,0,0,1,0.026068463921546936,,2019-05-27,,0.521
2AGHN0TY,1,0,,2020-10-22,,Missed,0,0,0,0,1,0,0.3871181905269623,,2019-05-27,,0.521
2AGHN0WY,0,0,,,,Censored No Alarm,0,0,0,0,0,1,0.0008466758299618959,,2019-05-27,,0.521
2AGHN16Y,0,0,,,,Censored No Alarm,0,0,0,0,0,1,0.0008466758299618959,,2019-05-27,,0.521
2AGHN2AY,0,0,,,,Censored No Alarm,0,0,0,0,0,1,0.0008466758299618959,,2019-05-27,,0.521
2AGHN3XY,0,0,,,,Censored No Alarm,0,0,0,0,0,1,0.0008466758299618959,,2019-05-27,,0.521
2AGHPDKY,0,0,,,,Censored No Alarm,0,0,0,0,0,1,0.0008613721001893282,,2019-05-27,,0.521
2AGHSJ4Y,0,0,,,,Censored No Alarm,0,0,0,0,0,1,0.0008466758299618959,,2019-05-27,,0.521
2AGHSS9Y,0,0,,,,Censored No Alarm,0,0,0,0,0,1,0.0008570455829612911,,2019-05-27,,0.521
2AGHTBYY,1,1,2023-12-10,2025-01-25,412.0,Early,0,1,0,1,0,0,0.8274142146110535,0.5558132529258728,2019-05-27,1658.0,0.521
2AGHTGEY,1,1,2023-01-25,2023-03-14,48.0,Early,0,1,0,1,0,0,0.6025488376617432,0.6025488376617432,2019-05-27,1339.0,0.521
2AGHTKBY,0,0,,,,Censored No Alarm,0,0,0,0,0,1,0.010478698648512363,,2019-05-27,,0.521
2AGLY65Y,1,0,,2023-11-20,,Missed,0,0,0,0,1,0,0.08518852293491364,,2019-08-13,,0.521
2AGM231Y,0,0,,,,Censored No Alarm,0,0,0,0,0,1,0.0008430883754044771,,2019-05-04,,0.521
2AGM23NY,0,0,,,,Censored No Alarm,0,0,0,0,0,1,0.0008430883754044771,,2019-05-04,,0.521
2AGM5UVY,0,0,,,,Censored No Alarm,0,0,0,0,0,1,0.16522684693336487,,2019-05-16,,0.521
2AGM5V7Y,1,1,2025-01-25,2025-12-05,314.0,Early,0,1,0,1,0,0,0.5311620831489563,0.5311620831489563,2019-05-16,2081.0,0.521
2AGM5VBY,0,0,,,,Censored No Alarm,0,0,0,0,0,1,0.21014313399791718,,2019-05-16,,0.521
2AGM5VHY,1,0,,2025-01-18,,Missed,0,0,0,0,1,0,0.020646413788199425,,2019-08-14,,0.521
2AGM5W9Y,1,0,,2025-01-16,,Missed,0,0,0,0,1,0,0.027416231110692024,,2019-05-16,,0.521
2AGM5YEY,0,0,,,,Censored No Alarm,0,0,0,0,0,1,0.013193785212934017,,2019-05-04,,0.521
2AGM8EMY,1,0,,2024-10-29,,Missed,0,0,0,0,1,0,0.24572916328907013,,2019-05-16,,0.521
2AGM8EUY,0,0,,,,Censored No Alarm,0,0,0,0,0,1,0.0008466758299618959,,2019-05-27,,0.521
2AGM8J2Y,0,0,,,,Censored No Alarm,0,0,0,0,0,1,0.0009916673880070448,,2019-05-16,,0.521
2AGM8JAY,0,0,,,,Censored No Alarm,0,0,0,0,0,1,0.0008613721001893282,,2019-05-16,,0.521
2AGM8LNY,0,0,,,,Censored No Alarm,0,0,0,0,0,1,0.2738863527774811,,2019-05-04,,0.521
2AGM8RJY,0,0,,,,Censored No Alarm,0,0,0,0,0,1,0.0914771631360054,,2019-08-13,,0.521
2AGM8RTY,0,0,,,,Censored No Alarm,0,0,0,0,0,1,0.19883698225021362,,2019-05-16,,0.521
2AGM8UNY,1,0,,2026-03-12,,Missed,0,0,0,0,1,0,0.248042032122612,,2019-08-13,,0.521
2AGM8V7Y,0,0,,,,Censored No Alarm,0,0,0,0,0,1,0.000971808098256588,,2019-05-16,,0.521
2AGM9MXY,1,0,,2025-09-21,,Missed,0,0,0,0,1,0,0.08208286017179489,,2019-05-04,,0.521
2AGM9PJY,0,0,,,,Censored No Alarm,0,0,0,0,0,1,0.07006321847438812,,2019-05-04,,0.521
2AGM9RGY,1,0,,2022-12-23,,Missed,0,0,0,0,1,0,0.0008466758299618959,,2019-05-16,,0.521
2AGM9S6Y,0,0,,,,Censored No Alarm,0,0,0,0,0,1,0.0066030328162014484,,2019-05-16,,0.521
2AGM9SDY,0,0,,,,Censored No Alarm,0,0,0,0,0,1,0.0008430883754044771,,2019-05-04,,0.521
2AGM9U1Y,0,0,,,,Censored No Alarm,0,0,0,0,0,1,0.0008613721001893282,,2019-05-16,,0.521
2AGMDJKY,0,0,,,,Censored No Alarm,0,0,0,0,0,1,0.0011427744757384062,,2019-05-04,,0.521
2AGMDUAY,1,0,,2023-02-04,,Missed,0,0,0,0,1,0,0.02784305438399315,,2019-05-16,,0.521
2AGMDY1Y,0,0,,,,Censored No Alarm,0,0,0,0,0,1,0.00787833146750927,,2019-08-14,,0.521
2AGME0XY,1,0,,2024-05-29,,Missed,0,0,0,0,1,0,0.4328891932964325,,2019-05-16,,0.521
2AGME3BY,0,0,,,,Censored No Alarm,0,0,0,0,0,1,0.004869387950748205,,2019-05-16,,0.521
2AGME9PY,1,0,,2024-08-06,,Missed,0,0,0,0,1,0,0.13958153128623962,,2019-08-13,,0.521
2AGMGAYY,0,0,,,,Censored No Alarm,0,0,0,0,0,1,0.0008466758299618959,,2019-05-16,,0.521
2AGMGDPY,0,0,,,,Censored No Alarm,0,0,0,0,0,1,0.0008593688835389912,,2019-08-13,,0.521
2AGMGKLY,0,0,,,,Censored No Alarm,0,0,0,0,0,1,0.0020068895537406206,,2019-08-13,,0.521
2AGMGXEY,0,0,,,,Censored No Alarm,0,0,0,0,0,1,0.0008466758299618959,,2019-08-14,,0.521
2AGMH2YY,1,0,,2024-12-10,,Missed,0,0,0,0,1,0,0.07251118123531342,,2019-05-16,,0.521
2AGMH3JY,0,0,,,,Censored No Alarm,0,0,0,0,0,1,0.0008466758299618959,,2019-05-16,,0.521
2AGMHK6Y,0,0,,,,Censored No Alarm,0,0,0,0,0,1,0.022727295756340027,,2019-05-04,,0.521
2AGMHPEY,1,0,,2024-06-25,,Missed,0,0,0,0,1,0,0.024072935804724693,,2019-06-01,,0.521
2AGMHRYY,1,0,,2024-05-16,,Missed,0,0,0,0,1,0,0.4679095149040222,,2019-05-16,,0.521
2AGMHTLY,0,0,,,,Censored No Alarm,0,0,0,0,0,1,0.0008430883754044771,,2019-05-04,,0.521
2AGMHU7Y,1,0,,2024-07-08,,Missed,0,0,0,0,1,0,0.010436907410621643,,2019-05-04,,0.521
2AGMHVTY,0,0,,,,Censored No Alarm,0,0,0,0,0,1,0.001607856946066022,,2019-05-16,,0.521
2AGMHWAY,1,1,2023-09-09,2023-09-22,13.0,On time,1,0,0,0,0,0,0.7870513200759888,0.7870513200759888,2019-08-14,1487.0,0.521
2AGMHXDY,1,1,2025-05-27,2025-06-02,6.0,On time,1,0,0,0,0,0,0.5983836650848389,0.5731094479560852,2019-08-13,2114.0,0.521
2AGMHY3Y,1,0,,2025-11-18,,Missed,0,0,0,0,1,0,0.009412509389221668,,2019-08-14,,0.521
2AGMHY5Y,0,0,,,,Censored No Alarm,0,0,0,0,0,1,0.0008466758299618959,,2019-08-13,,0.521
2AGMJ35Y,0,0,,,,Censored No Alarm,0,0,0,0,0,1,0.0008430883754044771,,2019-05-04,,0.521
2AGMJ3JY,0,0,,,,Censored No Alarm,0,0,0,0,0,1,0.000971808098256588,,2019-05-16,,0.521
2AGMJ3TY,0,0,,,,Censored No Alarm,0,0,0,0,0,1,0.0008466758299618959,,2019-08-14,,0.521
2AGMJ47Y,0,0,,,,Censored No Alarm,0,0,0,0,0,1,0.0008466758299618959,,2019-06-01,,0.521
2AGMJ5BY,1,0,,2021-05-03,,Missed,0,0,0,0,1,0,0.0007844491628929973,,2019-05-04,,0.521
2AGMKV4Y,1,0,,2026-01-28,,Missed,0,0,0,0,1,0,0.4379409849643707,,2019-05-04,,0.521
2AGMKVHY,1,0,,2023-05-06,,Missed,0,0,0,0,1,0,0.022807270288467407,,2019-08-13,,0.521
2AGMKVTY,1,0,,2024-12-04,,Missed,0,0,0,0,1,0,0.47993987798690796,,2019-08-14,,0.521
2AGMLMLY,0,0,,,,Censored No Alarm,0,0,0,0,0,1,0.32649242877960205,,2019-08-14,,0.521
2AGMLSZY,1,1,2020-07-28,2020-07-30,2.0,On time,1,0,0,0,0,0,0.5813533067703247,0.5813533067703247,2019-05-16,439.0,0.521
2AGMLT7Y,0,0,,,,Censored No Alarm,0,0,0,0,0,1,0.04224973917007446,,2019-05-16,,0.521
2AGMLWNY,0,0,,,,Censored No Alarm,0,0,0,0,0,1,0.026733923703432083,,2019-08-14,,0.521
2AGMLZLY,1,0,,2026-02-11,,Missed,0,0,0,0,1,0,0.35605669021606445,,2019-05-16,,0.521
2AGMM0UY,0,1,2020-01-06,,,Censored Early,0,0,1,1,0,0,0.5813533067703247,0.5813533067703247,2019-05-16,235.0,0.521
2AGMMNKY,0,0,,,,Censored No Alarm,0,0,0,0,0,1,0.018538381904363632,,2019-06-01,,0.521
2AGMMU1Y,0,0,,,,Censored No Alarm,0,0,0,0,0,1,0.000971808098256588,,2019-05-16,,0.521
2AGMMU4Y,0,0,,,,Censored No Alarm,0,0,0,0,0,1,0.0008466758299618959,,2019-08-14,,0.521
2AGMNB7Y,1,0,,2023-03-30,,Missed,0,0,0,0,1,0,0.04214633256196976,,2019-05-16,,0.521
2AGMNBEY,0,0,,,,Censored No Alarm,0,0,0,0,0,1,0.0008466758299618959,,2019-05-16,,0.521
2AGMND4Y,1,0,,2025-10-27,,Missed,0,0,0,0,1,0,0.5074136853218079,,2019-05-04,,0.521
2AGMNE1Y,1,0,,2025-11-26,,Missed,0,0,0,0,1,0,0.24915890395641327,,2019-05-16,,0.521
2AGMNEBY,1,0,,2024-08-05,,Missed,0,0,0,0,1,0,0.13559216260910034,,2019-05-04,,0.521
2AGMNG0Y,0,0,,,,Censored No Alarm,0,0,0,0,0,1,0.06734996289014816,,2019-05-16,,0.521
2AGMNJKY,1,1,2024-01-14,2025-09-29,624.0,Early,0,1,0,1,0,0,0.5877872705459595,0.5401285290718079,2019-05-16,1704.0,0.521
2AGMNM8Y,0,0,,,,Censored No Alarm,0,0,0,0,0,1,0.022124649956822395,,2019-08-14,,0.521
2AGMNMWY,1,0,,2023-05-10,,Missed,0,0,0,0,1,0,0.01854037679731846,,2019-05-16,,0.521
2AGMNTXY,0,0,,,,Censored No Alarm,0,0,0,0,0,1,0.0008593688835389912,,2019-05-16,,0.521
2AGMNUVY,0,0,,,,Censored No Alarm,0,0,0,0,0,1,0.003623091382905841,,2019-05-04,,0.521
2AGMNWBY,0,0,,,,Censored No Alarm,0,0,0,0,0,1,0.007616177201271057,,2019-08-13,,0.521
2AGMNXRY,0,0,,,,Censored No Alarm,0,0,0,0,0,1,0.058951959013938904,,2019-08-13,,0.521
2AGMP7ZY,0,0,,,,Censored No Alarm,0,0,0,0,0,1,0.001924423617310822,,2019-08-14,,0.521
2AGMPBWY,0,0,,,,Censored No Alarm,0,0,0,0,0,1,0.030068250373005867,,2019-05-16,,0.521
2AGMPD8Y,1,0,,2023-11-21,,Missed,0,0,0,0,1,0,0.0008466758299618959,,2019-08-13,,0.521
2AGMPK3Y,0,0,,,,Censored No Alarm,0,0,0,0,0,1,0.008502334356307983,,2019-05-04,,0.521
2AGMPL7Y,1,0,,2025-02-27,,Missed,0,0,0,0,1,0,0.024828754365444183,,2019-05-16,,0.521
2AGMPP1Y,0,0,,,,Censored No Alarm,0,0,0,0,0,1,0.0049042534083127975,,2019-05-16,,0.521
2AGMPP4Y,1,0,,2025-09-23,,Missed,0,0,0,0,1,0,0.24029499292373657,,2019-05-16,,0.521
2AGMPPGY,0,0,,,,Censored No Alarm,0,0,0,0,0,1,0.000971808098256588,,2019-05-16,,0.521
2AGMPSSY,0,0,,,,Censored No Alarm,0,0,0,0,0,1,0.000971808098256588,,2019-05-16,,0.521
2AGMPT2Y,0,0,,,,Censored No Alarm,0,0,0,0,0,1,0.001607856946066022,,2019-05-16,,0.521
2AGMPZ8Y,0,0,,,,Censored No Alarm,0,0,0,0,0,1,0.0008466758299618959,,2019-08-14,,0.521
2AGMS6PY,0,0,,,,Censored No Alarm,0,0,0,0,0,1,0.0008466758299618959,,2019-08-14,,0.521
2AGMSHHY,1,0,,2022-08-12,,Missed,0,0,0,0,1,0,0.004079757258296013,,2019-05-04,,0.521
2AGMTK0Y,1,0,,2025-08-30,,Missed,0,0,0,0,1,0,0.28391513228416443,,2019-05-16,,0.521
2AGMTL0Y,1,0,,2023-04-17,,Missed,0,0,0,0,1,0,0.0008682894404046237,,2019-05-04,,0.521
2AGMTXAY,0,0,,,,Censored No Alarm,0,0,0,0,0,1,0.0008466758299618959,,2019-08-13,,0.521
2AGMUBMY,0,0,,,,Censored No Alarm,0,0,0,0,0,1,0.0008466758299618959,,2019-06-01,,0.521
2AGMUBRY,1,0,,2024-08-04,,Missed,0,0,0,0,1,0,0.006045754067599773,,2019-08-13,,0.521
2AGMV9UY,0,0,,,,Censored No Alarm,0,0,0,0,0,1,0.0008466758299618959,,2019-08-13,,0.521
2AGMVDDY,0,0,,,,Censored No Alarm,0,0,0,0,0,1,0.0014388484414666891,,2019-05-16,,0.521
2AGMWHVY,1,0,,2024-07-19,,Missed,0,0,0,0,1,0,0.033110685646533966,,2019-05-16,,0.521
2AGMZLMY,1,0,,2023-05-16,,Missed,0,0,0,0,1,0,0.08217541873455048,,2019-08-13,,0.521
2AGN038Y,0,0,,,,Censored No Alarm,0,0,0,0,0,1,0.0008466758299618959,,2019-08-13,,0.521
2AGN03MY,0,0,,,,Censored No Alarm,0,0,0,0,0,1,0.006342947483062744,,2019-08-13,,0.521
2AGN05MY,0,0,,,,Censored No Alarm,0,0,0,0,0,1,0.0008466758299618959,,2019-08-13,,0.521
2AGN071Y,0,0,,,,Censored No Alarm,0,0,0,0,0,1,0.005832841619849205,,2019-08-13,,0.521
2AGN07AY,0,0,,,,Censored No Alarm,0,0,0,0,0,1,0.0008593688835389912,,2019-08-14,,0.521
2AGN17RY,0,0,,,,Censored No Alarm,0,0,0,0,0,1,0.0008466758299618959,,2019-08-13,,0.521
2AGN1YNY,0,0,,,,Censored No Alarm,0,0,0,0,0,1,0.0008593688835389912,,2019-08-14,,0.521
2AGN29AY,0,0,,,,Censored No Alarm,0,0,0,0,0,1,0.0008466758299618959,,2019-08-14,,0.521
2AGN43EY,0,0,,,,Censored No Alarm,0,0,0,0,0,1,0.19545067846775055,,2019-08-13,,0.521
2AGN5A3Y,0,0,,,,Censored No Alarm,0,0,0,0,0,1,0.0008466758299618959,,2019-06-01,,0.521
2AGN7GZY,0,0,,,,Censored No Alarm,0,0,0,0,0,1,0.0008466758299618959,,2019-08-13,,0.521
2AGN7XVY,0,0,,,,Censored No Alarm,0,0,0,0,0,1,0.026323815807700157,,2019-08-14,,0.521
2AGN7XYY,0,0,,,,Censored No Alarm,0,0,0,0,0,1,0.022501064464449883,,2019-05-27,,0.521
2AGN853Y,0,0,,,,Censored No Alarm,0,0,0,0,0,1,0.0008466758299618959,,2019-08-14,,0.521
2AGN8H9Y,0,0,,,,Censored No Alarm,0,0,0,0,0,1,0.0008466758299618959,,2019-08-14,,0.521
2AGN8Y9Y,0,0,,,,Censored No Alarm,0,0,0,0,0,1,0.012158642522990704,,2019-08-13,,0.521
2AGN8ZGY,0,0,,,,Censored No Alarm,0,0,0,0,0,1,0.04267685487866402,,2019-06-01,,0.521
2AGN90RY,1,1,2023-03-27,2023-12-07,255.0,Early,0,1,0,1,0,0,0.592766523361206,0.5898833274841309,2019-08-14,1321.0,0.521
2AGN9N4Y,1,1,2024-10-16,2025-03-06,141.0,Early,0,1,0,1,0,0,0.7238256931304932,0.5231486558914185,2019-08-13,1891.0,0.521
2AGNAK7Y,0,0,,,,Censored No Alarm,0,0,0,0,0,1,0.0008466758299618959,,2019-08-14,,0.521
2AGNAKGY,0,0,,,,Censored No Alarm,0,0,0,0,0,1,0.0008466758299618959,,2019-08-14,,0.521
2AGNAYKY,0,0,,,,Censored No Alarm,0,0,0,0,0,1,0.0008466758299618959,,2019-08-13,,0.521
2AGNBWPY,0,0,,,,Censored No Alarm,0,0,0,0,0,1,0.0008466758299618959,,2019-08-13,,0.521
2AGND0EY,0,0,,,,Censored No Alarm,0,0,0,0,0,1,0.0092453733086586,,2019-08-13,,0.521
2AGNEAHY,0,0,,,,Censored No Alarm,0,0,0,0,0,1,0.0008466758299618959,,2019-08-13,,0.521
2AGNEK5Y,0,0,,,,Censored No Alarm,0,0,0,0,0,1,0.01673937402665615,,2019-08-14,,0.521
2AGNEN9Y,0,0,,,,Censored No Alarm,0,0,0,0,0,1,0.0008466758299618959,,2019-08-14,,0.521
2AGNEREY,0,0,,,,Censored No Alarm,0,0,0,0,0,1,0.005483750719577074,,2019-08-13,,0.521
2AGNGZPY,0,0,,,,Censored No Alarm,0,0,0,0,0,1,0.0008466758299618959,,2019-05-27,,0.521
2AGNJE2Y,0,0,,,,Censored No Alarm,0,0,0,0,0,1,0.03651362285017967,,2019-06-01,,0.521
2AGNJG7Y,0,0,,,,Censored No Alarm,0,0,0,0,0,1,0.0008593688835389912,,2019-08-13,,0.521
2AGNJGHY,0,0,,,,Censored No Alarm,0,0,0,0,0,1,0.000971808098256588,,2019-08-13,,0.521
2AGNJRYY,0,0,,,,Censored No Alarm,0,0,0,0,0,1,0.0008466758299618959,,2019-06-01,,0.521
2AGNJTAY,0,0,,,,Censored No Alarm,0,0,0,0,0,1,0.0008466758299618959,,2019-08-14,,0.521
2AGNJTRY,0,0,,,,Censored No Alarm,0,0,0,0,0,1,0.0008466758299618959,,2019-08-14,,0.521
2AGNKB9Y,1,0,,2023-11-29,,Missed,0,0,0,0,1,0,0.0008466758299618959,,2019-08-13,,0.521
2AGNKGXY,0,0,,,,Censored No Alarm,0,0,0,0,0,1,0.0008466758299618959,,2019-08-14,,0.521
2AGNKNJY,0,0,,,,Censored No Alarm,0,0,0,0,0,1,0.0034211967140436172,,2019-08-14,,0.521
2AGNKSPY,0,0,,,,Censored No Alarm,0,0,0,0,0,1,0.001936093787662685,,2019-08-14,,0.521
2AGNKV4Y,0,0,,,,Censored No Alarm,0,0,0,0,0,1,0.0008466758299618959,,2019-08-13,,0.521
2AGNL61Y,0,0,,,,Censored No Alarm,0,0,0,0,0,1,0.0008466758299618959,,2019-05-16,,0.521
2AGNNTHY,0,0,,,,Censored No Alarm,0,0,0,0,0,1,0.010072803124785423,,2019-05-16,,0.521
2AGNT47Y,0,0,,,,Censored No Alarm,0,0,0,0,0,1,0.0008466758299618959,,2019-05-16,,0.521
2AGP393Y,1,0,,2023-04-06,,Missed,0,0,0,0,1,0,0.43321478366851807,,2019-06-01,,0.521
2AGP43EY,1,0,,2024-09-01,,Missed,0,0,0,0,1,0,0.01583297736942768,,2019-05-16,,0.521
2AGP5EDY,0,0,,,,Censored No Alarm,0,0,0,0,0,1,0.0008466758299618959,,2019-05-16,,0.521
2AGP5GBY,0,0,,,,Censored No Alarm,0,0,0,0,0,1,0.0008466758299618959,,2019-05-16,,0.521
2AGP5J1Y,0,0,,,,Censored No Alarm,0,0,0,0,0,1,0.0012454885290935636,,2019-05-16,,0.521
2AGP6TYY,0,0,,,,Censored No Alarm,0,0,0,0,0,1,0.0008466758299618959,,2019-05-16,,0.521
2AGP6UBY,0,0,,,,Censored No Alarm,0,0,0,0,0,1,0.0012895899126306176,,2019-05-16,,0.521
2AGP9W7Y,0,0,,,,Censored No Alarm,0,0,0,0,0,1,0.056711770594120026,,2019-05-16,,0.521
2AGPHHKY,0,0,,,,Censored No Alarm,0,0,0,0,0,1,0.0013559631770476699,,2019-06-01,,0.521
2AGPHHTY,0,0,,,,Censored No Alarm,0,0,0,0,0,1,0.0008466758299618959,,2019-06-01,,0.521
2AGPJAVY,0,0,,,,Censored No Alarm,0,0,0,0,0,1,0.0008466758299618959,,2019-05-27,,0.521
2AGPJBGY,0,0,,,,Censored No Alarm,0,0,0,0,0,1,0.0020039579831063747,,2019-05-27,,0.521
2AGPJBNY,0,0,,,,Censored No Alarm,0,0,0,0,0,1,0.0008466758299618959,,2019-05-27,,0.521
2AGPJE5Y,0,0,,,,Censored No Alarm,0,0,0,0,0,1,0.0008466758299618959,,2019-05-16,,0.521
2AGPJGPY,1,0,,2021-02-22,,Missed,0,0,0,0,1,0,0.020184768363833427,,2019-05-16,,0.521
2AGPJH1Y,1,0,,2024-08-11,,Missed,0,0,0,0,1,0,0.031156666576862335,,2019-05-16,,0.521
2AGPJHAY,0,0,,,,Censored No Alarm,0,0,0,0,0,1,0.0008466758299618959,,2019-08-13,,0.521
2AGPJHXY,0,0,,,,Censored No Alarm,0,0,0,0,0,1,0.0008466758299618959,,2019-05-27,,0.521
2AGPJL8Y,0,0,,,,Censored No Alarm,0,0,0,0,0,1,0.0008613721001893282,,2019-05-27,,0.521
2AGPJLWY,0,0,,,,Censored No Alarm,0,0,0,0,0,1,0.0008466758299618959,,2019-08-13,,0.521
2AGPJMRY,0,0,,,,Censored No Alarm,0,0,0,0,0,1,0.0008466758299618959,,2019-08-13,,0.521
2AGPJP0Y,0,0,,,,Censored No Alarm,0,0,0,0,0,1,0.0008613721001893282,,2019-05-27,,0.521
2AGPK9HY,0,0,,,,Censored No Alarm,0,0,0,0,0,1,0.0008593688835389912,,2019-08-14,,0.521
2AGPKA3Y,0,0,,,,Censored No Alarm,0,0,0,0,0,1,0.009448491968214512,,2019-08-14,,0.521
2AGPKALY,0,0,,,,Censored No Alarm,0,0,0,0,0,1,0.0008466758299618959,,2019-05-16,,0.521
2AGPKARY,0,0,,,,Censored No Alarm,0,0,0,0,0,1,0.0008466758299618959,,2019-05-16,,0.521
2AGPKB2Y,0,0,,,,Censored No Alarm,0,0,0,0,0,1,0.0008613721001893282,,2019-05-27,,0.521
2AGPKTUY,0,0,,,,Censored No Alarm,0,0,0,0,0,1,0.0008466758299618959,,2019-05-16,,0.521
2AGPKVGY,0,0,,,,Censored No Alarm,0,0,0,0,0,1,0.0008466758299618959,,2019-05-16,,0.521
2AGPKWNY,1,0,,2023-10-29,,Missed,0,0,0,0,1,0,0.046812333166599274,,2019-05-16,,0.521
2AGPKX4Y,0,0,,,,Censored No Alarm,0,0,0,0,0,1,0.039239827543497086,,2019-05-16,,0.521
2AGPL2YY,0,0,,,,Censored No Alarm,0,0,0,0,0,1,0.004028149880468845,,2019-05-16,,0.521
2AGPL4UY,0,0,,,,Censored No Alarm,0,0,0,0,0,1,0.0008466758299618959,,2019-05-16,,0.521
2AGPL4ZY,0,0,,,,Censored No Alarm,0,0,0,0,0,1,0.0008466758299618959,,2019-05-27,,0.521
2AGPLSSY,0,0,,,,Censored No Alarm,0,0,0,0,0,1,0.0008466758299618959,,2019-05-16,,0.521
2AGPMDVY,0,0,,,,Censored No Alarm,0,0,0,0,0,1,0.0008466758299618959,,2019-05-27,,0.521
2AGPMEPY,0,0,,,,Censored No Alarm,0,0,0,0,0,1,0.0011310644913464785,,2019-05-16,,0.521
2AGPMGGY,0,0,,,,Censored No Alarm,0,0,0,0,0,1,0.001155827078036964,,2019-05-16,,0.521
2AGPMM3Y,0,0,,,,Censored No Alarm,0,0,0,0,0,1,0.0008466758299618959,,2019-05-27,,0.521
2AGPMN9Y,0,0,,,,Censored No Alarm,0,0,0,0,0,1,0.0008466758299618959,,2019-05-27,,0.521
2AGPMRDY,0,0,,,,Censored No Alarm,0,0,0,0,0,1,0.0008466758299618959,,2019-05-27,,0.521
2AGPMY1Y,0,0,,,,Censored No Alarm,0,0,0,0,0,1,0.0008466758299618959,,2019-05-16,,0.521
2AGPN6PY,0,0,,,,Censored No Alarm,0,0,0,0,0,1,0.04267685487866402,,2019-05-16,,0.521
2AGPPJAY,0,0,,,,Censored No Alarm,0,0,0,0,0,1,0.0008466758299618959,,2019-05-16,,0.521
2AGPPLLY,1,0,,2023-11-29,,Missed,0,0,0,0,1,0,0.14830586314201355,,2019-05-16,,0.521
2AGPR6YY,0,0,,,,Censored No Alarm,0,0,0,0,0,1,0.0016884834039956331,,2019-05-16,,0.521
2AGPR7RY,0,0,,,,Censored No Alarm,0,0,0,0,0,1,0.0008466758299618959,,2019-05-16,,0.521
2AGPR8EY,0,0,,,,Censored No Alarm,0,0,0,0,0,1,0.0008466758299618959,,2019-05-16,,0.521
2AGPRL8Y,0,0,,,,Censored No Alarm,0,0,0,0,0,1,0.014657806605100632,,2019-05-27,,0.521
2AGPRMLY,1,0,,2026-03-26,,Missed,0,0,0,0,1,0,0.014410501345992088,,2019-08-13,,0.521
2AGPRMRY,1,0,,2024-08-12,,Missed,0,0,0,0,1,0,0.004138996824622154,,2019-05-04,,0.521
2AGPRRJY,0,0,,,,Censored No Alarm,0,0,0,0,0,1,0.40436631441116333,,2019-05-04,,0.521
2AGPS2ZY,0,0,,,,Censored No Alarm,0,0,0,0,0,1,0.0008466758299618959,,2019-05-16,,0.521
2AGPSEDY,0,0,,,,Censored No Alarm,0,0,0,0,0,1,0.0008466758299618959,,2019-05-27,,0.521
2AGPSG5Y,0,0,,,,Censored No Alarm,0,0,0,0,0,1,0.0008613721001893282,,2019-05-27,,0.521
2AGPSGKY,0,0,,,,Censored No Alarm,0,0,0,0,0,1,0.0008466758299618959,,2019-08-14,,0.521
2AGPSJKY,0,0,,,,Censored No Alarm,0,0,0,0,0,1,0.0008466758299618959,,2019-08-14,,0.521
2AGPSRUY,0,0,,,,Censored No Alarm,0,0,0,0,0,1,0.0008466758299618959,,2019-05-16,,0.521
2AGPT2PY,0,0,,,,Censored No Alarm,0,0,0,0,0,1,0.0014816398033872247,,2019-08-14,,0.521
2AGPT48Y,0,0,,,,Censored No Alarm,0,0,0,0,0,1,0.0008466758299618959,,2019-06-01,,0.521
2AGPT7PY,0,0,,,,Censored No Alarm,0,0,0,0,0,1,0.001936093787662685,,2019-08-13,,0.521
2AGPTL4Y,0,0,,,,Censored No Alarm,0,0,0,0,0,1,0.006155091803520918,,2019-05-27,,0.521
2AGPTVLY,0,0,,,,Censored No Alarm,0,0,0,0,0,1,0.003666381351649761,,2019-06-01,,0.521
5PG0TA6F,0,0,,,,Censored No Alarm,0,0,0,0,0,1,0.0008466758299618959,,2020-07-14,,0.521
5PG0TAKF,0,0,,,,Censored No Alarm,0,0,0,0,0,1,0.0008466758299618959,,2020-05-10,,0.521
5PJEJUHE,0,0,,,,Censored No Alarm,0,0,0,0,0,1,0.0008466758299618959,,2021-12-28,,0.521
5PJJHD9C,0,0,,,,Censored No Alarm,0,0,0,0,0,1,0.0008466758299618959,,2022-07-18,,0.521
5PJJLZTF,0,0,,,,Censored No Alarm,0,0,0,0,0,1,0.0008613721001893282,,2021-12-03,,0.521
5PJKZP4D,0,0,,,,Censored No Alarm,0,0,0,0,0,1,0.0008466758299618959,,2022-08-04,,0.521
5PJVPJGF,0,0,,,,Censored No Alarm,0,0,0,0,0,1,0.0008613721001893282,,2021-05-16,,0.521
5PK10N4B,0,0,,,,Censored No Alarm,0,0,0,0,0,1,0.0008466758299618959,,2024-12-22,,0.521
5PK5ZB1B,0,0,,,,Censored No Alarm,0,0,0,0,0,1,0.01145450584590435,,2024-04-29,,0.521
5PKEBJVB,0,0,,,,Censored No Alarm,0,0,0,0,0,1,0.0008466758299618959,,2023-11-27,,0.521
5PKVXW6B,0,0,,,,Censored No Alarm,0,0,0,0,0,1,0.0008613721001893282,,2024-06-01,,0.521
5QG63PMB,0,0,,,,Censored No Alarm,0,0,0,0,0,1,0.0008613721001893282,,2024-05-28,,0.521
5QGBH0MB,0,0,,,,Censored No Alarm,0,0,0,0,0,1,0.0008466758299618959,,2023-12-09,,0.521
5QGG5KLB,0,0,,,,Censored No Alarm,0,0,0,0,0,1,0.00613759458065033,,2023-04-05,,0.521
5QGG5UPB,0,0,,,,Censored No Alarm,0,0,0,0,0,1,0.04648428410291672,,2022-12-06,,0.521
5QGGAELB,1,0,,2025-06-04,,Missed,0,0,0,0,1,0,0.4960101544857025,,2023-03-28,,0.521
5QGGHWVB,0,0,,,,Censored No Alarm,0,0,0,0,0,1,0.0008613721001893282,,2023-12-16,,0.521
5QH0Z60B,1,0,,2024-05-14,,Missed,0,0,0,0,1,0,0.3823823034763336,,2023-10-22,,0.521
5QHDKVHB,0,0,,,,Censored No Alarm,0,0,0,0,0,1,0.0008613721001893282,,2023-11-17,,0.521
5QHKE66B,0,0,,,,Censored No Alarm,0,0,0,0,0,1,0.0008466758299618959,,2024-04-18,,0.521
5QHYP4MB,0,0,,,,Censored No Alarm,0,0,0,0,0,1,0.0008613721001893282,,2024-05-15,,0.521
5QJBW5VB,1,1,2024-05-23,2024-05-25,2.0,On time,1,0,0,0,0,0,0.5499244928359985,0.5499244928359985,2024-02-07,106.0,0.521
5QJS57NB,0,0,,,,Censored No Alarm,0,0,0,0,0,1,0.0008466758299618959,,2024-01-23,,0.521
5QKBEVWB,0,0,,,,Censored No Alarm,0,0,0,0,0,1,0.0008466758299618959,,2023-12-14,,0.521
5QKDK07B,0,0,,,,Censored No Alarm,0,0,0,0,0,1,0.0008466758299618959,,2024-12-20,,0.521
5QKHBVPB,0,0,,,,Censored No Alarm,0,0,0,0,0,1,0.0008613721001893282,,2024-05-30,,0.521
5QKKSM3B,0,0,,,,Censored No Alarm,0,0,0,0,0,1,0.0009916673880070448,,2024-04-06,,0.521
5QKV55TB,0,0,,,,Censored No Alarm,0,0,0,0,0,1,0.0008466758299618959,,2024-02-29,,0.521
5QKV6W0B,0,0,,,,Censored No Alarm,0,0,0,0,0,1,0.0008613721001893282,,2023-08-14,,0.521
5QKV74SB,0,0,,,,Censored No Alarm,0,0,0,0,0,1,0.0008466758299618959,,2024-01-09,,0.521
5QKV778B,0,0,,,,Censored No Alarm,0,0,0,0,0,1,0.0008613721001893282,,2024-06-07,,0.521
5QKV7UHB,0,0,,,,Censored No Alarm,0,0,0,0,0,1,0.0008613721001893282,,2024-03-04,,0.521
5QKV85UB,0,0,,,,Censored No Alarm,0,0,0,0,0,1,0.0008613721001893282,,2023-12-02,,0.521
5QKVAN8B,0,0,,,,Censored No Alarm,0,0,0,0,0,1,0.0008466758299618959,,2023-12-24,,0.521
5QKVARLB,0,0,,,,Censored No Alarm,0,0,0,0,0,1,0.0008466758299618959,,2023-11-03,,0.521
5QKVATKB,0,0,,,,Censored No Alarm,0,0,0,0,0,1,0.0008466758299618959,,2024-01-09,,0.521
5QKVD71B,0,0,,,,Censored No Alarm,0,0,0,0,0,1,0.0008613721001893282,,2024-05-10,,0.521
5QKVDDVB,0,0,,,,Censored No Alarm,0,0,0,0,0,1,0.0008613721001893282,,2024-06-19,,0.521
5QKVETTB,0,0,,,,Censored No Alarm,0,0,0,0,0,1,0.015153560787439346,,2024-06-27,,0.521
5QKVEUZB,0,0,,,,Censored No Alarm,0,0,0,0,0,1,0.0008466758299618959,,2024-04-22,,0.521
5QKVEXJB,0,0,,,,Censored No Alarm,0,0,0,0,0,1,0.0008613721001893282,,2023-11-30,,0.521
5QKVGLWB,0,0,,,,Censored No Alarm,0,0,0,0,0,1,0.0008466758299618959,,2024-05-08,,0.521
5QKVHPLB,0,0,,,,Censored No Alarm,0,0,0,0,0,1,0.0008466758299618959,,2024-05-07,,0.521
5QKVHRMB,0,0,,,,Censored No Alarm,0,0,0,0,0,1,0.0008613721001893282,,2024-06-23,,0.521
5QKVVTHB,0,0,,,,Censored No Alarm,0,0,0,0,0,1,0.0008613721001893282,,2024-04-15,,0.521
8CGNK9GE,0,0,,,,Censored No Alarm,0,0,0,0,0,1,0.02158508636057377,,2019-05-04,,0.521
8CGR1V5E,0,0,,,,Censored No Alarm,0,0,0,0,0,1,0.0034211967140436172,,2019-06-01,,0.521
8CGSN9XE,0,0,,,,Censored No Alarm,0,0,0,0,0,1,0.002852973761036992,,2019-05-16,,0.521
8CGSTSRE,0,0,,,,Censored No Alarm,0,0,0,0,0,1,0.0008430883754044771,,2019-05-04,,0.521
8CGT5S2E,1,0,,2024-11-05,,Missed,0,0,0,0,1,0,0.062013473361730576,,2019-06-01,,0.521
8CGTW4VE,0,0,,,,Censored No Alarm,0,0,0,0,0,1,0.0008613721001893282,,2019-06-01,,0.521
8CGTZ9HE,1,0,,2023-07-12,,Missed,0,0,0,0,1,0,0.09359609335660934,,2019-05-16,,0.521
8CGU9LLE,0,0,,,,Censored No Alarm,0,0,0,0,0,1,0.0008613721001893282,,2019-05-16,,0.521
8CGV369E,0,0,,,,Censored No Alarm,0,0,0,0,0,1,0.0008466758299618959,,2019-05-16,,0.521
8CGVR04E,0,0,,,,Censored No Alarm,0,0,0,0,0,1,0.34868282079696655,,2019-05-16,,0.521
8CGVTH0E,0,0,,,,Censored No Alarm,0,0,0,0,0,1,0.0008430883754044771,,2019-05-04,,0.521
8CGW3HPE,0,0,,,,Censored No Alarm,0,0,0,0,0,1,0.0008430883754044771,,2019-05-04,,0.521
8CGW6ULE,0,0,,,,Censored No Alarm,0,0,0,0,0,1,0.0008430883754044771,,2019-05-04,,0.521
8CGWPGEE,0,0,,,,Censored No Alarm,0,0,0,0,0,1,0.0008466758299618959,,2019-05-16,,0.521
8CGXKYVE,0,0,,,,Censored No Alarm,0,0,0,0,0,1,0.0018865534802898765,,2019-05-04,,0.521
8CGXNNUE,1,0,,2022-05-10,,Missed,0,0,0,0,1,0,0.027653396129608154,,2019-06-01,,0.521
8CGY4KUE,0,0,,,,Censored No Alarm,0,0,0,0,0,1,0.001491104019805789,,2019-05-16,,0.521
8CGYJ5TE,0,0,,,,Censored No Alarm,0,0,0,0,0,1,0.0008466758299618959,,2019-06-01,,0.521
8CGYVS8E,0,0,,,,Censored No Alarm,0,0,0,0,0,1,0.0008466758299618959,,2019-06-01,,0.521
8CGYW96E,0,0,,,,Censored No Alarm,0,0,0,0,0,1,0.02393077313899994,,2019-06-01,,0.521
8CGYXB6E,0,0,,,,Censored No Alarm,0,0,0,0,0,1,0.0008466758299618959,,2019-08-13,,0.521
8CGZ8K3E,0,0,,,,Censored No Alarm,0,0,0,0,0,1,0.0008430883754044771,,2019-05-04,,0.521
8CGZ8S1E,0,0,,,,Censored No Alarm,0,0,0,0,0,1,0.0011084165889769793,,2019-05-04,,0.521
8CGZ8SDE,0,0,,,,Censored No Alarm,0,0,0,0,0,1,0.05692495033144951,,2019-05-04,,0.521
8CGZB98E,0,0,,,,Censored No Alarm,0,0,0,0,0,1,0.0008466758299618959,,2019-08-14,,0.521
8CGZB9VE,0,0,,,,Censored No Alarm,0,0,0,0,0,1,0.0008466758299618959,,2019-06-01,,0.521
8CGZKBME,0,1,2024-07-18,,,Censored Early,0,0,1,1,0,0,0.53041011095047,0.53041011095047,2019-05-04,1902.0,0.521
8CGZKDHE,0,0,,,,Censored No Alarm,0,0,0,0,0,1,0.0008430883754044771,,2019-05-04,,0.521
8CGZMEAE,0,0,,,,Censored No Alarm,0,0,0,0,0,1,0.0018865534802898765,,2019-05-04,,0.521
8CH02WUE,0,0,,,,Censored No Alarm,0,0,0,0,0,1,0.0008466758299618959,,2019-08-14,,0.521
8CH05AGE,0,0,,,,Censored No Alarm,0,0,0,0,0,1,0.0008430883754044771,,2019-05-04,,0.521
8CH06AGE,0,0,,,,Censored No Alarm,0,0,0,0,0,1,0.0008466758299618959,,2019-05-16,,0.521
8CH06B5E,0,0,,,,Censored No Alarm,0,0,0,0,0,1,0.0008430883754044771,,2019-05-04,,0.521
8CH06E7E,0,0,,,,Censored No Alarm,0,0,0,0,0,1,0.0008430883754044771,,2019-05-04,,0.521
8CH06EDE,0,0,,,,Censored No Alarm,0,0,0,0,0,1,0.0008613721001893282,,2019-06-01,,0.521
8CH0869E,0,0,,,,Censored No Alarm,0,0,0,0,0,1,0.06796764582395554,,2019-05-04,,0.521
8CH08RNE,0,0,,,,Censored No Alarm,0,0,0,0,0,1,0.0008466758299618959,,2019-08-14,,0.521
8CH09GGE,0,0,,,,Censored No Alarm,0,0,0,0,0,1,0.0008466758299618959,,2019-06-01,,0.521
8CH0BYPE,0,0,,,,Censored No Alarm,0,0,0,0,0,1,0.0008466758299618959,,2019-08-13,,0.521
8CH0BYTE,0,0,,,,Censored No Alarm,0,0,0,0,0,1,0.0008466758299618959,,2019-06-01,,0.521
8CH0DM8E,0,0,,,,Censored No Alarm,0,0,0,0,0,1,0.0008466758299618959,,2019-08-14,,0.521
8CH0GNLE,0,0,,,,Censored No Alarm,0,0,0,0,0,1,0.0008430883754044771,,2019-05-04,,0.521
8CH0GNNE,0,0,,,,Censored No Alarm,0,0,0,0,0,1,0.023698318749666214,,2019-05-04,,0.521
8CH0GNSE,0,0,,,,Censored No Alarm,0,0,0,0,0,1,0.001491104019805789,,2019-05-16,,0.521
8CH0HRKE,0,0,,,,Censored No Alarm,0,0,0,0,0,1,0.0008466758299618959,,2019-06-01,,0.521
8CH0HTRE,0,0,,,,Censored No Alarm,0,0,0,0,0,1,0.0008466758299618959,,2019-06-01,,0.521
8CH0L5PE,0,0,,,,Censored No Alarm,0,0,0,0,0,1,0.0008466758299618959,,2019-06-01,,0.521
8CH0R06E,0,0,,,,Censored No Alarm,0,0,0,0,0,1,0.0008430883754044771,,2019-05-04,,0.521
8CH0R3YE,0,1,2024-10-04,,,Censored Early,0,0,1,1,0,0,0.5746871829032898,0.5746871829032898,2019-08-13,1879.0,0.521
8CH0TLTE,0,0,,,,Censored No Alarm,0,0,0,0,0,1,0.0008466758299618959,,2019-08-13,,0.521
8CH0TLUE,0,0,,,,Censored No Alarm,0,0,0,0,0,1,0.0008613721001893282,,2019-06-01,,0.521
8CH0TN2E,0,0,,,,Censored No Alarm,0,0,0,0,0,1,0.0008466758299618959,,2019-06-01,,0.521
8CH0TN3E,0,0,,,,Censored No Alarm,0,0,0,0,0,1,0.0008466758299618959,,2019-08-13,,0.521
8CH0TVRE,0,0,,,,Censored No Alarm,0,0,0,0,0,1,0.0008466758299618959,,2019-08-14,,0.521
8CH0V7TE,0,0,,,,Censored No Alarm,0,0,0,0,0,1,0.011802071705460548,,2019-06-01,,0.521
8CH0VH1E,0,0,,,,Censored No Alarm,0,0,0,0,0,1,0.0008466758299618959,,2019-05-16,,0.521
8CH0VW0E,0,0,,,,Censored No Alarm,0,0,0,0,0,1,0.0008613721001893282,,2019-06-01,,0.521
8CH11KPE,0,0,,,,Censored No Alarm,0,0,0,0,0,1,0.0008430883754044771,,2019-05-04,,0.521
8CH13D7E,0,0,,,,Censored No Alarm,0,0,0,0,0,1,0.0008466758299618959,,2019-06-01,,0.521
8CH13DAE,0,0,,,,Censored No Alarm,0,0,0,0,0,1,0.0008466758299618959,,2019-06-01,,0.521
8CH15D3E,0,0,,,,Censored No Alarm,0,0,0,0,0,1,0.04628502577543259,,2019-05-16,,0.521
8CH15YME,0,0,,,,Censored No Alarm,0,0,0,0,0,1,0.0013559631770476699,,2019-06-01,,0.521
8CH160KE,0,0,,,,Censored No Alarm,0,0,0,0,0,1,0.0008466758299618959,,2019-08-14,,0.521
8CH16PBE,0,0,,,,Censored No Alarm,0,0,0,0,0,1,0.03729434683918953,,2019-06-01,,0.521
8CH16ZDE,0,0,,,,Censored No Alarm,0,0,0,0,0,1,0.006895020138472319,,2019-06-01,,0.521
8CH16ZUE,0,0,,,,Censored No Alarm,0,0,0,0,0,1,0.003761259140446782,,2019-06-01,,0.521
8CH17M9E,0,0,,,,Censored No Alarm,0,0,0,0,0,1,0.0008613721001893282,,2019-06-01,,0.521
8CH17MHE,0,0,,,,Censored No Alarm,0,0,0,0,0,1,0.0008466758299618959,,2019-08-13,,0.521
8CH190UE,1,0,,2022-03-26,,Missed,0,0,0,0,1,0,0.2870529592037201,,2019-08-13,,0.521
8CH1APUE,1,0,,2025-09-18,,Missed,0,0,0,0,1,0,0.12698449194431305,,2019-06-01,,0.521
8CH1AR5E,0,0,,,,Censored No Alarm,0,0,0,0,0,1,0.0008430883754044771,,2019-05-04,,0.521
8CH1ARHE,1,0,,2023-09-28,,Missed,0,0,0,0,1,0,0.015253663063049316,,2019-06-01,,0.521
8CH1WBME,1,0,,2024-05-05,,Missed,0,0,0,0,1,0,0.07898622006177902,,2019-05-04,,0.521
8CH1XHUE,0,0,,,,Censored No Alarm,0,0,0,0,0,1,0.0008430883754044771,,2019-05-04,,0.521
8CH4AT4E,0,0,,,,Censored No Alarm,0,0,0,0,0,1,0.0008466758299618959,,2019-05-27,,0.521
8CH4X3TE,1,0,,2022-10-12,,Missed,0,0,0,0,1,0,0.018256844952702522,,2019-05-16,,0.521
8CH4YM4E,1,0,,2023-03-03,,Missed,0,0,0,0,1,0,0.00967559777200222,,2019-05-16,,0.521
8CH4YM6E,1,0,,2025-03-13,,Missed,0,0,0,0,1,0,0.463070273399353,,2019-05-16,,0.521
8CH4YN8E,1,0,,2024-04-09,,Missed,0,0,0,0,1,0,0.025317488238215446,,2019-05-16,,0.521
8CH4Z6UE,0,0,,,,Censored No Alarm,0,0,0,0,0,1,0.000971808098256588,,2019-05-16,,0.521
8CH5214E,1,0,,2024-02-15,,Missed,0,0,0,0,1,0,0.060270413756370544,,2019-05-16,,0.521
8CH52U5E,0,0,,,,Censored No Alarm,0,0,0,0,0,1,0.0008466758299618959,,2019-05-16,,0.521
8CH5B9LE,0,0,,,,Censored No Alarm,0,0,0,0,0,1,0.000971808098256588,,2019-05-16,,0.521
8CH5E8EE,1,0,,2023-04-04,,Missed,0,0,0,0,1,0,0.04214633256196976,,2019-05-16,,0.521
8CH5HRYE,1,0,,2024-12-24,,Missed,0,0,0,0,1,0,0.09421413391828537,,2019-05-16,,0.521
8CHRG6JE,0,0,,,,Censored No Alarm,0,0,0,0,0,1,0.0008466758299618959,,2019-11-25,,0.521
8CHU2WSE,0,0,,,,Censored No Alarm,0,0,0,0,0,1,0.0008466758299618959,,2020-06-18,,0.521
8CHU7R9E,1,0,,2024-11-09,,Missed,0,0,0,0,1,0,0.028340201824903488,,2021-05-05,,0.521
8CHUHHXE,0,1,2026-02-23,,,Censored Early,0,0,1,1,0,0,0.5401285290718079,0.5401285290718079,2020-06-26,2068.0,0.521
8CJMA59E,0,0,,,,Censored No Alarm,0,0,0,0,0,1,0.0008613721001893282,,2024-04-02,,0.521
8DG1BB5Y,0,0,,,,Censored No Alarm,0,0,0,0,0,1,0.0008466758299618959,,2024-12-20,,0.521
8DG3MU5D,0,0,,,,Censored No Alarm,0,0,0,0,0,1,0.0058818100951612,,2018-07-12,,0.521
8DG4SAUD,0,0,,,,Censored No Alarm,0,0,0,0,0,1,0.0008466758299618959,,2018-07-12,,0.521
8DG4SAZD,0,0,,,,Censored No Alarm,0,0,0,0,0,1,0.0008466758299618959,,2018-07-12,,0.521
8DG52U7D,0,0,,,,Censored No Alarm,0,0,0,0,0,1,0.0008466758299618959,,2018-07-12,,0.521
8DG52W9D,0,0,,,,Censored No Alarm,0,0,0,0,0,1,0.0008466758299618959,,2018-07-12,,0.521
8DG52WND,0,0,,,,Censored No Alarm,0,0,0,0,0,1,0.0008466758299618959,,2018-07-12,,0.521
8DG6S3UD,1,1,2024-04-19,2024-06-11,53.0,Early,0,1,0,1,0,0,0.6355592608451843,0.621323823928833,2018-07-12,2108.0,0.521
8DG88GTY,0,0,,,,Censored No Alarm,0,0,0,0,0,1,0.0008466758299618959,,2025-01-01,,0.521
8DG93TXY,0,0,,,,Censored No Alarm,0,0,0,0,0,1,0.007310469634830952,,2024-04-01,,0.521
8DJE2HWH,0,0,,,,Censored No Alarm,0,0,0,0,0,1,0.0008430883754044771,,2019-01-05,,0.521
8DJEPPSH,0,0,,,,Censored No Alarm,0,0,0,0,0,1,0.0008430883754044771,,2019-01-05,,0.521
8DJEPTWH,0,0,,,,Censored No Alarm,0,0,0,0,0,1,0.0008430883754044771,,2019-01-05,,0.521
8DJEUXLH,0,0,,,,Censored No Alarm,0,0,0,0,0,1,0.16033881902694702,,2019-01-05,,0.521
8DK5NDLH,0,0,,,,Censored No Alarm,0,0,0,0,0,1,0.0008466758299618959,,2020-01-03,,0.521
8DKHU24H,0,0,,,,Censored No Alarm,0,0,0,0,0,1,0.0008466758299618959,,2019-12-29,,0.521
8DKUD8AH,0,0,,,,Censored No Alarm,0,0,0,0,0,1,0.00128558452706784,,2019-01-05,,0.521
8DKV390H,0,0,,,,Censored No Alarm,0,0,0,0,0,1,0.0008593688835389912,,2019-03-01,,0.521
8HG28M3H,0,0,,,,Censored No Alarm,0,0,0,0,0,1,0.0015515153063461185,,2019-03-01,,0.521
8HG7LGUH,1,1,2024-10-22,2025-06-01,222.0,Early,0,1,0,1,0,0,0.7720378637313843,0.5227460861206055,2019-06-01,1970.0,0.521
8HGBYHPH,0,0,,,,Censored No Alarm,0,0,0,0,0,1,0.0008466758299618959,,2021-10-03,,0.521
8HGNAB0H,0,0,,,,Censored No Alarm,0,0,0,0,0,1,0.0008466758299618959,,2019-03-28,,0.521
8HGZPYVH,0,1,2023-01-22,,,Censored Early,0,0,1,1,0,0,0.5823766589164734,0.5556306838989258,2019-01-05,1478.0,0.521
8HH12ZPH,0,0,,,,Censored No Alarm,0,0,0,0,0,1,0.00215968769043684,,2018-11-14,,0.521
8HH5JYSH,0,0,,,,Censored No Alarm,0,0,0,0,0,1,0.000971808098256588,,2018-11-14,,0.521
8HH8BNRH,0,0,,,,Censored No Alarm,0,0,0,0,0,1,0.0008466758299618959,,2019-03-28,,0.521
8HH8P7RH,0,0,,,,Censored No Alarm,0,0,0,0,0,1,0.0008466758299618959,,2019-03-02,,0.521
8HH901KH,0,0,,,,Censored No Alarm,0,0,0,0,0,1,0.0008466758299618959,,2019-03-28,,0.521
8HH9ZRUH,0,0,,,,Censored No Alarm,0,0,0,0,0,1,0.0008613721001893282,,2019-03-01,,0.521
8HHARE1H,1,1,2023-03-05,2023-03-24,19.0,On time,1,0,0,0,0,0,0.7659415602684021,0.7011523842811584,2019-08-13,1300.0,0.521
8HHARGBH,0,0,,,,Censored No Alarm,0,0,0,0,0,1,0.0008466758299618959,,2019-03-02,,0.521
8HHATBKH,0,0,,,,Censored No Alarm,0,0,0,0,0,1,0.0008613721001893282,,2019-03-01,,0.521
8HHJXENH,0,0,,,,Censored No Alarm,0,0,0,0,0,1,0.0008430883754044771,,2019-01-05,,0.521
8HHNHSUH,1,1,2024-11-29,2024-12-06,7.0,On time,1,0,0,0,0,0,0.6204386949539185,0.5978914499282837,2019-05-04,2036.0,0.521
8HHPUREH,1,0,,2024-05-16,,Missed,0,0,0,0,1,0,0.4208967089653015,,2018-11-14,,0.521
8HHT1P2H,0,0,,,,Censored No Alarm,0,0,0,0,0,1,0.0323650948703289,,2018-11-14,,0.521
8HHTWXYH,0,0,,,,Censored No Alarm,0,0,0,0,0,1,0.0008613721001893282,,2018-11-14,,0.521
8HHZ6MGH,0,0,,,,Censored No Alarm,0,0,0,0,0,1,0.0008466758299618959,,2018-11-14,,0.521
8HJ1NNDH,0,0,,,,Censored No Alarm,0,0,0,0,0,1,0.000971808098256588,,2018-11-14,,0.521
8HJ6SJAH,0,0,,,,Censored No Alarm,0,0,0,0,0,1,0.0009916673880070448,,2018-11-14,,0.521
8HJ6SJTH,0,0,,,,Censored No Alarm,0,0,0,0,0,1,0.0009916673880070448,,2018-11-14,,0.521
8HJ74BPH,0,0,,,,Censored No Alarm,0,0,0,0,0,1,0.0008466758299618959,,2018-11-14,,0.521
8HJ7UJHH,0,0,,,,Censored No Alarm,0,0,0,0,0,1,0.00215968769043684,,2018-11-14,,0.521
8HJ7Y9BH,0,0,,,,Censored No Alarm,0,0,0,0,0,1,0.0009916673880070448,,2018-11-14,,0.521
8HJ7Z0DH,0,0,,,,Censored No Alarm,0,0,0,0,0,1,0.0008430883754044771,,2019-05-04,,0.521
8HJ7Z10H,0,0,,,,Censored No Alarm,0,0,0,0,0,1,0.0008466758299618959,,2018-11-14,,0.521
8HJ7Z1MH,0,0,,,,Censored No Alarm,0,0,0,0,0,1,0.005483750719577074,,2018-11-14,,0.521
8HJ86APH,0,0,,,,Censored No Alarm,0,0,0,0,0,1,0.06788911670446396,,2018-11-14,,0.521
8HJ86NXH,0,0,,,,Censored No Alarm,0,0,0,0,0,1,0.0008430883754044771,,2019-05-04,,0.521
8HJ8LEXH,0,0,,,,Censored No Alarm,0,0,0,0,0,1,0.029804440215229988,,2019-05-04,,0.521
8HJ8LKMH,1,0,,2026-03-14,,Missed,0,0,0,0,1,0,0.0729941576719284,,2018-11-14,,0.521
8HJ91WDH,0,0,,,,Censored No Alarm,0,0,0,0,0,1,0.0008430883754044771,,2019-05-04,,0.521
8HJ94EVH,0,0,,,,Censored No Alarm,0,0,0,0,0,1,0.0008593688835389912,,2018-11-14,,0.521
8HJ9JWTH,0,0,,,,Censored No Alarm,0,0,0,0,0,1,0.0009916673880070448,,2018-11-14,,0.521
8HJ9K7HH,1,1,2024-09-16,2025-01-28,134.0,Early,0,1,0,1,0,0,0.5217461585998535,0.5217461585998535,2018-11-14,2133.0,0.521
8HJ9KKGH,0,0,,,,Censored No Alarm,0,0,0,0,0,1,0.0008430883754044771,,2019-05-04,,0.521
8HJ9KN1H,0,0,,,,Censored No Alarm,0,0,0,0,0,1,0.0008466758299618959,,2018-11-14,,0.521
8HJ9LS1H,0,0,,,,Censored No Alarm,0,0,0,0,0,1,0.0008613721001893282,,2018-11-14,,0.521
8HJ9M5NH,0,0,,,,Censored No Alarm,0,0,0,0,0,1,0.0008613721001893282,,2018-11-14,,0.521
8HJ9M94H,0,0,,,,Censored No Alarm,0,0,0,0,0,1,0.0008466758299618959,,2018-11-14,,0.521
8HJ9MZBH,0,0,,,,Censored No Alarm,0,0,0,0,0,1,0.0008430883754044771,,2019-05-04,,0.521
8HJ9NHPH,0,0,,,,Censored No Alarm,0,0,0,0,0,1,0.0021349783055484295,,2018-11-14,,0.521
8HJ9NKKH,0,0,,,,Censored No Alarm,0,0,0,0,0,1,0.0008593688835389912,,2018-11-14,,0.521
8HJ9RYSH,0,0,,,,Censored No Alarm,0,0,0,0,0,1,0.0009916673880070448,,2018-11-14,,0.521
8HJ9S05H,0,0,,,,Censored No Alarm,0,0,0,0,0,1,0.0008466758299618959,,2018-11-14,,0.521
8HJ9S0EH,0,0,,,,Censored No Alarm,0,0,0,0,0,1,0.0008466758299618959,,2018-11-14,,0.521
8HJ9Y3ZH,0,0,,,,Censored No Alarm,0,0,0,0,0,1,0.0008430883754044771,,2019-05-04,,0.521
8HJA085H,0,0,,,,Censored No Alarm,0,0,0,0,0,1,0.00215968769043684,,2018-11-14,,0.521
8HJA2DPH,0,0,,,,Censored No Alarm,0,0,0,0,0,1,0.001410045544616878,,2018-11-14,,0.521
8HJA8DBH,0,0,,,,Censored No Alarm,0,0,0,0,0,1,0.0008466758299618959,,2018-11-14,,0.521
8HJBNYTH,0,0,,,,Censored No Alarm,0,0,0,0,0,1,0.030084095895290375,,2019-01-05,,0.521
8HJDK12H,0,0,,,,Censored No Alarm,0,0,0,0,0,1,0.0009916673880070448,,2018-11-14,,0.521
8HJDX4PH,0,0,,,,Censored No Alarm,0,0,0,0,0,1,0.005588245112448931,,2018-11-14,,0.521
8HJEY89H,0,0,,,,Censored No Alarm,0,0,0,0,0,1,0.0008466758299618959,,2019-03-01,,0.521
8HJG85RH,0,0,,,,Censored No Alarm,0,0,0,0,0,1,0.0008466758299618959,,2019-03-01,,0.521
8HJGZPXH,0,0,,,,Censored No Alarm,0,0,0,0,0,1,0.0008466758299618959,,2018-11-14,,0.521
8HJH62EH,0,0,,,,Censored No Alarm,0,0,0,0,0,1,0.0008593688835389912,,2018-11-14,,0.521
8HJH8RWH,0,0,,,,Censored No Alarm,0,0,0,0,0,1,0.0009916673880070448,,2019-03-01,,0.521
8HJK2HSH,0,0,,,,Censored No Alarm,0,0,0,0,0,1,0.013515278697013855,,2018-11-14,,0.521
8HJLKZRH,0,0,,,,Censored No Alarm,0,0,0,0,0,1,0.0009916673880070448,,2018-11-14,,0.521
8HJRD7PH,0,0,,,,Censored No Alarm,0,0,0,0,0,1,0.0032328625675290823,,2019-03-01,,0.521
8HJRUMWH,0,0,,,,Censored No Alarm,0,0,0,0,0,1,0.0029008411802351475,,2018-11-14,,0.521
8HJRVW4H,0,0,,,,Censored No Alarm,0,0,0,0,0,1,0.0015215593157336116,,2018-11-14,,0.521
8HJUGTVH,0,0,,,,Censored No Alarm,0,0,0,0,0,1,0.0460086464881897,,2018-11-14,,0.521
8HJVJKPH,0,0,,,,Censored No Alarm,0,0,0,0,0,1,0.0022192862816154957,,2018-11-14,,0.521
8HJVUAGH,0,0,,,,Censored No Alarm,0,0,0,0,0,1,0.0009916673880070448,,2018-11-14,,0.521
8HJWBJXH,0,0,,,,Censored No Alarm,0,0,0,0,0,1,0.0019149291329085827,,2018-11-14,,0.521
8HJWHD6H,0,0,,,,Censored No Alarm,0,0,0,0,0,1,0.0008466758299618959,,2018-11-14,,0.521
8HJWHEJH,0,0,,,,Censored No Alarm,0,0,0,0,0,1,0.014657806605100632,,2019-03-28,,0.521
8HJXG0WH,1,0,,2022-05-01,,Missed,0,0,0,0,1,0,0.0095789460465312,,2018-11-14,,0.521
8HJXKBDH,0,0,,,,Censored No Alarm,0,0,0,0,0,1,0.0008613721001893282,,2019-03-01,,0.521
8HJXU87H,0,0,,,,Censored No Alarm,0,0,0,0,0,1,0.04392411559820175,,2018-11-14,,0.521
8HJY20MH,0,0,,,,Censored No Alarm,0,0,0,0,0,1,0.000971808098256588,,2018-11-14,,0.521
8HJYTXWH,0,0,,,,Censored No Alarm,0,0,0,0,0,1,0.0008593688835389912,,2018-11-14,,0.521
8HJYU0JH,0,0,,,,Censored No Alarm,0,0,0,0,0,1,0.0009826411260291934,,2018-11-14,,0.521
8HJYZNZH,0,0,,,,Censored No Alarm,0,0,0,0,0,1,0.0022522350773215294,,2018-11-14,,0.521
8HJZ13TH,0,0,,,,Censored No Alarm,0,0,0,0,0,1,0.0008466758299618959,,2018-11-14,,0.521
8HJZADEH,0,0,,,,Censored No Alarm,0,0,0,0,0,1,0.000971808098256588,,2018-11-14,,0.521
8HJZEG6H,1,0,,2023-11-17,,Missed,0,0,0,0,1,0,0.060979463160037994,,2018-11-14,,0.521
8HJZG4AH,0,0,,,,Censored No Alarm,0,0,0,0,0,1,0.000971808098256588,,2018-11-14,,0.521
8HJZNVWH,0,0,,,,Censored No Alarm,0,0,0,0,0,1,0.0009826411260291934,,2018-11-14,,0.521
8HK087WH,0,0,,,,Censored No Alarm,0,0,0,0,0,1,0.06211283802986145,,2018-11-14,,0.521
8HK0HH3H,0,0,,,,Censored No Alarm,0,0,0,0,0,1,0.0008466758299618959,,2018-11-14,,0.521
8HK12NNH,0,0,,,,Censored No Alarm,0,0,0,0,0,1,0.0008466758299618959,,2018-11-14,,0.521
8HK17SKH,0,0,,,,Censored No Alarm,0,0,0,0,0,1,0.026195498183369637,,2018-11-14,,0.521
8HK17SWH,0,0,,,,Censored No Alarm,0,0,0,0,0,1,0.0008466758299618959,,2018-11-14,,0.521
8HK17SYH,0,0,,,,Censored No Alarm,0,0,0,0,0,1,0.11318442225456238,,2018-11-14,,0.521
8HK19K9H,0,0,,,,Censored No Alarm,0,0,0,0,0,1,0.0008466758299618959,,2018-11-14,,0.521
8HK19KVH,0,0,,,,Censored No Alarm,0,0,0,0,0,1,0.0008466758299618959,,2018-11-14,,0.521
8HK1KY3H,0,0,,,,Censored No Alarm,0,0,0,0,0,1,0.0011084165889769793,,2018-11-14,,0.521
8HK1LYPH,0,0,,,,Censored No Alarm,0,0,0,0,0,1,0.0009916673880070448,,2018-11-14,,0.521
8HK1N18H,0,0,,,,Censored No Alarm,0,0,0,0,0,1,0.00215968769043684,,2018-11-14,,0.521
8HK1PV7H,0,0,,,,Censored No Alarm,0,0,0,0,0,1,0.0009916673880070448,,2018-11-14,,0.521
8HK1UULH,0,0,,,,Censored No Alarm,0,0,0,0,0,1,0.001410045544616878,,2018-11-14,,0.521
8HK1XAAH,1,0,,2021-10-24,,Missed,0,0,0,0,1,0,0.0008466758299618959,,2018-11-14,,0.521
8HK224GH,0,0,,,,Censored No Alarm,0,0,0,0,0,1,0.0008466758299618959,,2018-11-14,,0.521
8HK25XSH,0,0,,,,Censored No Alarm,0,0,0,0,0,1,0.0009916673880070448,,2018-11-14,,0.521
8HK266WH,0,0,,,,Censored No Alarm,0,0,0,0,0,1,0.016216887161135674,,2018-11-14,,0.521
8HK28TJH,0,0,,,,Censored No Alarm,0,0,0,0,0,1,0.001690891687758267,,2018-11-14,,0.521
8HK28Y0H,0,0,,,,Censored No Alarm,0,0,0,0,0,1,0.0008613721001893282,,2018-11-14,,0.521
8HK2A1EH,0,0,,,,Censored No Alarm,0,0,0,0,0,1,0.0008466758299618959,,2019-06-01,,0.521
8HK2BA6H,0,0,,,,Censored No Alarm,0,0,0,0,0,1,0.0008613721001893282,,2018-11-14,,0.521
8HK2BAEH,0,0,,,,Censored No Alarm,0,0,0,0,0,1,0.0008466758299618959,,2018-11-14,,0.521
8HK2DVKH,0,0,,,,Censored No Alarm,0,0,0,0,0,1,0.0008613721001893282,,2018-11-14,,0.521
8HK2JXUH,0,0,,,,Censored No Alarm,0,0,0,0,0,1,0.0008466758299618959,,2019-03-28,,0.521
8HK2KY6H,0,0,,,,Censored No Alarm,0,0,0,0,0,1,0.020727647468447685,,2018-11-14,,0.521
8HK2MXPH,0,0,,,,Censored No Alarm,0,0,0,0,0,1,0.0009916673880070448,,2018-11-14,,0.521
8HK2RMWH,0,0,,,,Censored No Alarm,0,0,0,0,0,1,0.008390952832996845,,2018-11-14,,0.521
8HK2RNWH,0,0,,,,Censored No Alarm,0,0,0,0,0,1,0.0008466758299618959,,2018-11-14,,0.521
8HK2RP9H,0,0,,,,Censored No Alarm,0,0,0,0,0,1,0.001410045544616878,,2018-11-14,,0.521
8HK2VLMH,0,0,,,,Censored No Alarm,0,0,0,0,0,1,0.000971808098256588,,2018-11-14,,0.521
8HK2X4YH,0,0,,,,Censored No Alarm,0,0,0,0,0,1,0.0008466758299618959,,2018-11-14,,0.521
8HK2ZPDH,0,0,,,,Censored No Alarm,0,0,0,0,0,1,0.0008430883754044771,,2019-05-04,,0.521
8HK2ZT1H,0,0,,,,Censored No Alarm,0,0,0,0,0,1,0.00215968769043684,,2018-11-14,,0.521
8HK31WMH,0,0,,,,Censored No Alarm,0,0,0,0,0,1,0.0008430883754044771,,2019-05-04,,0.521
8HK31Y8H,0,0,,,,Censored No Alarm,0,0,0,0,0,1,0.003963068127632141,,2018-11-14,,0.521
8HK341ZH,0,0,,,,Censored No Alarm,0,0,0,0,0,1,0.0009916673880070448,,2018-11-14,,0.521
8HK34EZH,0,0,,,,Censored No Alarm,0,0,0,0,0,1,0.0008466758299618959,,2018-11-14,,0.521
8HK3BWZH,0,0,,,,Censored No Alarm,0,0,0,0,0,1,0.0009916673880070448,,2018-11-14,,0.521
8HK3GTLH,0,0,,,,Censored No Alarm,0,0,0,0,0,1,0.012027053162455559,,2018-11-14,,0.521
8HK3GUXH,0,0,,,,Censored No Alarm,0,0,0,0,0,1,0.0008466758299618959,,2018-11-14,,0.521
8HK3MMSH,0,0,,,,Censored No Alarm,0,0,0,0,0,1,0.0008593688835389912,,2018-11-14,,0.521
8HK3NG2H,0,0,,,,Censored No Alarm,0,0,0,0,0,1,0.007642940618097782,,2018-11-14,,0.521
8HK3NJMH,0,0,,,,Censored No Alarm,0,0,0,0,0,1,0.0008466758299618959,,2018-11-14,,0.521
8HK41HEH,0,0,,,,Censored No Alarm,0,0,0,0,0,1,0.001992048928514123,,2018-11-14,,0.521
8HK69BMH,0,0,,,,Censored No Alarm,0,0,0,0,0,1,0.002933311276137829,,2019-03-01,,0.521
8HK6T2AH,0,0,,,,Censored No Alarm,0,0,0,0,0,1,0.0022034714929759502,,2018-11-14,,0.521
8HK6TL7H,0,0,,,,Censored No Alarm,0,0,0,0,0,1,0.0008466758299618959,,2018-11-14,,0.521
8HK6UUDH,0,0,,,,Censored No Alarm,0,0,0,0,0,1,0.0008466758299618959,,2019-03-28,,0.521
8HK6V14H,0,0,,,,Censored No Alarm,0,0,0,0,0,1,0.0009916673880070448,,2018-11-14,,0.521
8HK6VSKH,1,1,2024-03-06,2024-03-10,4.0,On time,1,0,0,0,0,0,0.720677375793457,0.5523121356964111,2018-11-14,1939.0,0.521
8HK70X7H,0,0,,,,Censored No Alarm,0,0,0,0,0,1,0.0009916673880070448,,2018-11-14,,0.521
8HK7194H,0,0,,,,Censored No Alarm,0,0,0,0,0,1,0.0015117812436074018,,2018-11-14,,0.521
8HK72J0H,0,0,,,,Censored No Alarm,0,0,0,0,0,1,0.0009916673880070448,,2018-11-14,,0.521
8HK7DKMH,0,0,,,,Censored No Alarm,0,0,0,0,0,1,0.0008466758299618959,,2019-03-02,,0.521
8HK7E5DH,0,0,,,,Censored No Alarm,0,0,0,0,0,1,0.000971808098256588,,2018-11-14,,0.521
8HK7E68H,0,0,,,,Censored No Alarm,0,0,0,0,0,1,0.0008466758299618959,,2018-11-14,,0.521
8HK7H58H,0,0,,,,Censored No Alarm,0,0,0,0,0,1,0.000971808098256588,,2018-11-14,,0.521
8HK80P1H,0,0,,,,Censored No Alarm,0,0,0,0,0,1,0.017775626853108406,,2019-01-05,,0.521
8HKB2WEH,0,0,,,,Censored No Alarm,0,0,0,0,0,1,0.06796764582395554,,2019-01-05,,0.521
8HKB3M2H,0,0,,,,Censored No Alarm,0,0,0,0,0,1,0.0008430883754044771,,2019-01-05,,0.521
8HKB4R4H,0,0,,,,Censored No Alarm,0,0,0,0,0,1,0.0008430883754044771,,2019-05-04,,0.521
8HKBBKKH,0,0,,,,Censored No Alarm,0,0,0,0,0,1,0.0169251449406147,,2018-11-14,,0.521
8HKBYNVH,0,0,,,,Censored No Alarm,0,0,0,0,0,1,0.0008430883754044771,,2019-05-04,,0.521
8HKE039H,0,0,,,,Censored No Alarm,0,0,0,0,0,1,0.020727647468447685,,2018-11-14,,0.521
8HKE6E1H,0,0,,,,Censored No Alarm,0,0,0,0,0,1,0.0008430883754044771,,2019-01-05,,0.521
8HKE8S7H,0,0,,,,Censored No Alarm,0,0,0,0,0,1,0.3508290648460388,,2019-01-05,,0.521
8HKEAWEH,0,0,,,,Censored No Alarm,0,0,0,0,0,1,0.003236058633774519,,2019-06-01,,0.521
8HKEKYRH,0,0,,,,Censored No Alarm,0,0,0,0,0,1,0.0008466758299618959,,2019-06-01,,0.521
8HKG0GWH,0,0,,,,Censored No Alarm,0,0,0,0,0,1,0.0008570455829612911,,2019-01-05,,0.521
8HKHPZHH,0,0,,,,Censored No Alarm,0,0,0,0,0,1,0.0008466758299618959,,2019-06-01,,0.521
8HKJ4MAH,0,0,,,,Censored No Alarm,0,0,0,0,0,1,0.0008613721001893282,,2019-03-01,,0.521
8HKJ5KDH,1,0,,2025-06-29,,Missed,0,0,0,0,1,0,0.0008466758299618959,,2018-11-14,,0.521
8HKL6STH,0,0,,,,Censored No Alarm,0,0,0,0,0,1,0.0009916673880070448,,2019-03-02,,0.521
8HKLRUSH,0,0,,,,Censored No Alarm,0,0,0,0,0,1,0.2811811864376068,,2019-03-01,,0.521
8HKM415H,0,0,,,,Censored No Alarm,0,0,0,0,0,1,0.0008466758299618959,,2019-03-01,,0.521
8HKM5RVH,0,0,,,,Censored No Alarm,0,0,0,0,0,1,0.0008466758299618959,,2019-03-28,,0.521
8HKM654H,0,0,,,,Censored No Alarm,0,0,0,0,0,1,0.001640436821617186,,2019-03-28,,0.521
8HKM9Z1H,0,0,,,,Censored No Alarm,0,0,0,0,0,1,0.0008466758299618959,,2019-03-28,,0.521
8HKMR21H,1,1,2020-09-02,2020-09-02,0.0,On time,1,0,0,0,0,0,0.7010719180107117,0.7010719180107117,2019-03-28,524.0,0.521
8HKNMW1H,0,0,,,,Censored No Alarm,0,0,0,0,0,1,0.0008430883754044771,,2019-05-04,,0.521
8HKNN28H,0,0,,,,Censored No Alarm,0,0,0,0,0,1,0.02941926382482052,,2019-06-01,,0.521
8HKPM7RH,0,0,,,,Censored No Alarm,0,0,0,0,0,1,0.0008466758299618959,,2019-03-02,,0.521
8HKPZY9H,1,0,,2024-08-13,,Missed,0,0,0,0,1,0,0.06726658344268799,,2019-03-28,,0.521
8HKRER2H,0,0,,,,Censored No Alarm,0,0,0,0,0,1,0.004249596036970615,,2019-06-01,,0.521
8HKS4X3H,0,0,,,,Censored No Alarm,0,0,0,0,0,1,0.11255194246768951,,2019-03-02,,0.521
8HKTBA3H,1,0,,2024-09-22,,Missed,0,0,0,0,1,0,0.5037547945976257,,2019-03-01,,0.521
8HKTE54H,0,0,,,,Censored No Alarm,0,0,0,0,0,1,0.0008466758299618959,,2019-03-01,,0.521
8HKTH2SH,1,0,,2023-11-27,,Missed,0,0,0,0,1,0,0.020529642701148987,,2019-03-01,,0.521
8HKTK0XH,0,0,,,,Censored No Alarm,0,0,0,0,0,1,0.0008280988549813628,,2019-01-05,,0.521
8HKU0DXH,0,0,,,,Censored No Alarm,0,0,0,0,0,1,0.0009916673880070448,,2019-03-01,,0.521
8HKU3YTH,1,0,,2024-07-13,,Missed,0,0,0,0,1,0,0.45813262462615967,,2019-03-01,,0.521
8HKU4WXH,0,0,,,,Censored No Alarm,0,0,0,0,0,1,0.06796764582395554,,2019-01-05,,0.521
8HKUEJHH,1,0,,2025-04-25,,Missed,0,0,0,0,1,0,0.006265705917030573,,2019-03-28,,0.521
8HKVW60H,0,0,,,,Censored No Alarm,0,0,0,0,0,1,0.001410045544616878,,2019-03-28,,0.521
8HKW4NPH,0,0,,,,Censored No Alarm,0,0,0,0,0,1,0.0008466758299618959,,2019-06-01,,0.521
8HKWV1GH,0,0,,,,Censored No Alarm,0,0,0,0,0,1,0.0008430883754044771,,2019-01-05,,0.521
8HKWXJYH,0,0,,,,Censored No Alarm,0,0,0,0,0,1,0.0008466758299618959,,2019-03-28,,0.521
8HKY0KHH,1,0,,2024-05-14,,Missed,0,0,0,0,1,0,0.1545134335756302,,2019-03-01,,0.521
8HKY66PH,0,0,,,,Censored No Alarm,0,0,0,0,0,1,0.0022037692833691835,,2019-03-01,,0.521
8HKYJ38H,0,0,,,,Censored No Alarm,0,0,0,0,0,1,0.0008466758299618959,,2019-03-28,,0.521
8HKYZ6YH,0,0,,,,Censored No Alarm,0,0,0,0,0,1,0.0008466758299618959,,2019-03-28,,0.521
8HKZ213H,0,0,,,,Censored No Alarm,0,0,0,0,0,1,0.0013304270105436444,,2019-01-05,,0.521
8HKZDBRH,0,0,,,,Censored No Alarm,0,0,0,0,0,1,0.0008466758299618959,,2019-06-01,,0.521
8HKZL75H,0,0,,,,Censored No Alarm,0,0,0,0,0,1,0.017273347824811935,,2019-05-04,,0.521
AAG0EXPH,0,0,,,,Censored No Alarm,0,0,0,0,0,1,0.0008430883754044771,,2019-01-05,,0.521
AAG0LHRH,0,0,,,,Censored No Alarm,0,0,0,0,0,1,0.0008430883754044771,,2019-01-05,,0.521
AAG121VH,0,0,,,,Censored No Alarm,0,0,0,0,0,1,0.005653991363942623,,2019-03-01,,0.521
AAG16VPH,0,0,,,,Censored No Alarm,0,0,0,0,0,1,0.0008430883754044771,,2019-01-05,,0.521
AAG18L0H,0,0,,,,Censored No Alarm,0,0,0,0,0,1,0.0008466758299618959,,2019-03-28,,0.521
AAG18MEH,0,0,,,,Censored No Alarm,0,0,0,0,0,1,0.0016099488129839301,,2019-03-01,,0.521
AAG197UH,0,0,,,,Censored No Alarm,0,0,0,0,0,1,0.0008466758299618959,,2019-06-01,,0.521
AAG1LSNH,1,0,,2025-07-30,,Missed,0,0,0,0,1,0,0.14683254063129425,,2019-01-05,,0.521
AAG1LSVH,0,0,,,,Censored No Alarm,0,0,0,0,0,1,0.005483750719577074,,2019-01-05,,0.521
AAG1LW3H,1,0,,2024-09-03,,Missed,0,0,0,0,1,0,0.29094645380973816,,2019-01-05,,0.521
AAG1PLVH,0,0,,,,Censored No Alarm,0,0,0,0,0,1,0.0008466758299618959,,2019-03-28,,0.521
AAG1PM9H,0,0,,,,Censored No Alarm,0,0,0,0,0,1,0.0008466758299618959,,2019-03-28,,0.521
AAG1RJAH,0,0,,,,Censored No Alarm,0,0,0,0,0,1,0.06267640739679337,,2019-03-28,,0.521
AAG1RK5H,0,0,,,,Censored No Alarm,0,0,0,0,0,1,0.0008430883754044771,,2019-01-05,,0.521
AAG1RR9H,0,0,,,,Censored No Alarm,0,0,0,0,0,1,0.0008466758299618959,,2019-03-28,,0.521
AAG1RUJH,0,0,,,,Censored No Alarm,0,0,0,0,0,1,0.0008466758299618959,,2019-03-28,,0.521
AAG1TGGH,0,0,,,,Censored No Alarm,0,0,0,0,0,1,0.0008430883754044771,,2019-01-05,,0.521
AAG1VJYH,0,0,,,,Censored No Alarm,0,0,0,0,0,1,0.0008466758299618959,,2019-03-28,,0.521
AAG1VNPH,0,0,,,,Censored No Alarm,0,0,0,0,0,1,0.0008280988549813628,,2019-01-05,,0.521
AAG1Z4AH,0,0,,,,Censored No Alarm,0,0,0,0,0,1,0.015674076974391937,,2019-08-13,,0.521
AAG23A2H,0,0,,,,Censored No Alarm,0,0,0,0,0,1,0.2898890972137451,,2019-01-05,,0.521
AAG23AKH,0,0,,,,Censored No Alarm,0,0,0,0,0,1,0.0008430883754044771,,2019-01-05,,0.521
AAG23AVH,0,0,,,,Censored No Alarm,0,0,0,0,0,1,0.0008466758299618959,,2019-03-28,,0.521
AAG246TH,0,0,,,,Censored No Alarm,0,0,0,0,0,1,0.0008466758299618959,,2019-06-01,,0.521
AAG24UVH,0,0,,,,Censored No Alarm,0,0,0,0,0,1,0.0008430883754044771,,2019-01-05,,0.521
AAG24VXH,0,0,,,,Censored No Alarm,0,0,0,0,0,1,0.0008430883754044771,,2019-01-05,,0.521
AAG26NBH,1,0,,2023-10-19,,Missed,0,0,0,0,1,0,0.09864188730716705,,2019-03-28,,0.521
AAG26TPH,0,0,,,,Censored No Alarm,0,0,0,0,0,1,0.20697957277297974,,2019-03-28,,0.521
AAG26U9H,1,0,,2023-01-26,,Missed,0,0,0,0,1,0,0.04904044792056084,,2019-06-01,,0.521
AAG27VEH,0,0,,,,Censored No Alarm,0,0,0,0,0,1,0.0008466758299618959,,2019-03-28,,0.521
AAG27W2H,0,0,,,,Censored No Alarm,0,0,0,0,0,1,0.0008466758299618959,,2019-03-01,,0.521
AAG27XPH,1,0,,2025-10-06,,Missed,0,0,0,0,1,0,0.013087981380522251,,2019-03-28,,0.521
AAG27ZLH,0,0,,,,Censored No Alarm,0,0,0,0,0,1,0.0008466758299618959,,2019-03-28,,0.521
AAG281TH,1,0,,2024-07-25,,Missed,0,0,0,0,1,0,0.06674737483263016,,2019-01-05,,0.521
AAG2GGJH,0,0,,,,Censored No Alarm,0,0,0,0,0,1,0.002056149998679757,,2019-06-01,,0.521
AAG2JGJH,1,0,,2026-02-10,,Missed,0,0,0,0,1,0,0.01140828337520361,,2019-06-01,,0.521
AAG2JL4H,0,0,,,,Censored No Alarm,0,0,0,0,0,1,0.0008280988549813628,,2019-01-05,,0.521
AAG2RZJH,0,0,,,,Censored No Alarm,0,0,0,0,0,1,0.0009916673880070448,,2019-03-28,,0.521
AAG2S62H,0,0,,,,Censored No Alarm,0,0,0,0,0,1,0.0008466758299618959,,2019-03-28,,0.521
AAG2S9YH,0,0,,,,Censored No Alarm,0,0,0,0,0,1,0.0013559631770476699,,2019-06-01,,0.521
AAG2SAYH,0,0,,,,Censored No Alarm,0,0,0,0,0,1,0.0008466758299618959,,2019-08-14,,0.521
AAG2SJ3H,0,0,,,,Censored No Alarm,0,0,0,0,0,1,0.0008466758299618959,,2019-08-13,,0.521
AAG2VSVH,0,0,,,,Censored No Alarm,0,0,0,0,0,1,0.0008466758299618959,,2019-03-28,,0.521
AAG2Y6JH,0,0,,,,Censored No Alarm,0,0,0,0,0,1,0.0012747826986014843,,2019-03-28,,0.521
AAG2Z67H,0,0,,,,Censored No Alarm,0,0,0,0,0,1,0.0014219216536730528,,2019-06-01,,0.521
AAG2ZU1H,0,0,,,,Censored No Alarm,0,0,0,0,0,1,0.0008466758299618959,,2019-06-01,,0.521
AAG305AH,0,0,,,,Censored No Alarm,0,0,0,0,0,1,0.0008466758299618959,,2019-06-01,,0.521
AAG306GH,0,0,,,,Censored No Alarm,0,0,0,0,0,1,0.013450749218463898,,2019-01-05,,0.521
AAG34Z4H,0,0,,,,Censored No Alarm,0,0,0,0,0,1,0.0008280988549813628,,2019-01-05,,0.521
AAG350BH,0,0,,,,Censored No Alarm,0,0,0,0,0,1,0.014293578453361988,,2019-03-28,,0.521
AAG350TH,0,0,,,,Censored No Alarm,0,0,0,0,0,1,0.0018865534802898765,,2019-03-28,,0.521
AAG3512H,0,0,,,,Censored No Alarm,0,0,0,0,0,1,0.0008466758299618959,,2019-03-28,,0.521
AAG352AH,0,0,,,,Censored No Alarm,0,0,0,0,0,1,0.0008466758299618959,,2019-06-01,,0.521
AAG353EH,0,0,,,,Censored No Alarm,0,0,0,0,0,1,0.0008430883754044771,,2019-01-05,,0.521
AAG35LWH,0,0,,,,Censored No Alarm,0,0,0,0,0,1,0.3313438594341278,,2019-01-05,,0.521
AAG401PH,0,0,,,,Censored No Alarm,0,0,0,0,0,1,0.0008430883754044771,,2019-01-05,,0.521
AAG46YHH,0,0,,,,Censored No Alarm,0,0,0,0,0,1,0.0008466758299618959,,2019-03-28,,0.521
AAG477BH,0,0,,,,Censored No Alarm,0,0,0,0,0,1,0.0008430883754044771,,2019-01-05,,0.521
AAG478DH,0,0,,,,Censored No Alarm,0,0,0,0,0,1,0.0008466758299618959,,2019-03-28,,0.521
AAG48B3H,0,0,,,,Censored No Alarm,0,0,0,0,0,1,0.000971808098256588,,2019-03-02,,0.521
AAG4AA9H,0,0,,,,Censored No Alarm,0,0,0,0,0,1,0.04104197025299072,,2019-03-01,,0.521
AAG4VESH,0,1,2024-05-06,,,Censored Early,0,0,1,1,0,0,0.6464551687240601,0.5477288365364075,2019-03-01,1893.0,0.521
AAG4Z4YH,0,0,,,,Censored No Alarm,0,0,0,0,0,1,0.005176666658371687,,2019-03-01,,0.521
AAG4Z52H,0,0,,,,Censored No Alarm,0,0,0,0,0,1,0.0009916673880070448,,2019-03-02,,0.521
AAG4Z5AH,1,0,,2025-03-14,,Missed,0,0,0,0,1,0,0.22130993008613586,,2019-01-05,,0.521
AAG4ZABH,0,0,,,,Censored No Alarm,0,0,0,0,0,1,0.0009916673880070448,,2019-03-01,,0.521
AAG51RHH,0,0,,,,Censored No Alarm,0,0,0,0,0,1,0.0008430883754044771,,2019-01-05,,0.521
AAG540GH,0,0,,,,Censored No Alarm,0,0,0,0,0,1,0.0008466758299618959,,2019-03-28,,0.521
AAG5DTTH,0,0,,,,Censored No Alarm,0,0,0,0,0,1,0.0016906800447031856,,2019-03-28,,0.521
AAG5Y4DH,0,0,,,,Censored No Alarm,0,0,0,0,0,1,0.001524080173112452,,2019-01-05,,0.521
AAG5Y4LH,0,0,,,,Censored No Alarm,0,0,0,0,0,1,0.017346421256661415,,2019-01-05,,0.521
AAG5Y4TH,0,0,,,,Censored No Alarm,0,0,0,0,0,1,0.011192692443728447,,2019-01-05,,0.521
AAG5Y4UH,0,0,,,,Censored No Alarm,0,0,0,0,0,1,0.0008430883754044771,,2019-01-05,,0.521
AAG5Y5UH,0,0,,,,Censored No Alarm,0,0,0,0,0,1,0.015145032666623592,,2019-01-05,,0.521
AAG5YJ4H,0,0,,,,Censored No Alarm,0,0,0,0,0,1,0.005734709091484547,,2019-03-28,,0.521
AAG5YLKH,0,0,,,,Censored No Alarm,0,0,0,0,0,1,0.0009916673880070448,,2019-03-01,,0.521
AAG5YYBH,0,0,,,,Censored No Alarm,0,0,0,0,0,1,0.00215968769043684,,2019-01-05,,0.521
AAG5YYKH,1,0,,2025-09-30,,Missed,0,0,0,0,1,0,0.4859599769115448,,2019-01-05,,0.521
AAG5YZ8H,0,0,,,,Censored No Alarm,0,0,0,0,0,1,0.0008466758299618959,,2019-03-28,,0.521
AAG5YZZH,1,0,,2025-07-30,,Missed,0,0,0,0,1,0,0.11298633366823196,,2019-03-02,,0.521
AAG613MH,0,0,,,,Censored No Alarm,0,0,0,0,0,1,0.0008280988549813628,,2019-01-05,,0.521
AAG613RH,1,0,,2025-06-06,,Missed,0,0,0,0,1,0,0.005503206048160791,,2019-01-05,,0.521
AAG61KPH,0,0,,,,Censored No Alarm,0,0,0,0,0,1,0.006621647160500288,,2019-03-28,,0.521
AAG61LHH,1,1,2024-05-09,2024-05-17,8.0,On time,1,0,0,0,0,0,0.7318703532218933,0.7194918990135193,2019-03-01,1896.0,0.521
AAG61NEH,0,0,,,,Censored No Alarm,0,0,0,0,0,1,0.020727647468447685,,2019-01-05,,0.521
AAG61NZH,0,0,,,,Censored No Alarm,0,0,0,0,0,1,0.027657872065901756,,2019-03-28,,0.521
AAG61P2H,0,0,,,,Censored No Alarm,0,0,0,0,0,1,0.0011098593240603805,,2019-03-01,,0.521
AAG61UMH,0,0,,,,Censored No Alarm,0,0,0,0,0,1,0.016110219061374664,,2019-01-05,,0.521
AAG61WRH,0,0,,,,Censored No Alarm,0,0,0,0,0,1,0.0008466758299618959,,2019-03-01,,0.521
AAG61Z1H,0,0,,,,Censored No Alarm,0,0,0,0,0,1,0.0008430883754044771,,2019-01-05,,0.521
AAG61ZAH,0,0,,,,Censored No Alarm,0,0,0,0,0,1,0.0009916673880070448,,2019-03-01,,0.521
AAG620PH,0,0,,,,Censored No Alarm,0,0,0,0,0,1,0.0008466758299618959,,2019-03-28,,0.521
AAG621WH,0,0,,,,Censored No Alarm,0,0,0,0,0,1,0.0008430883754044771,,2019-01-05,,0.521
AAG623DH,0,0,,,,Censored No Alarm,0,0,0,0,0,1,0.0008430883754044771,,2019-01-05,,0.521
AAG6376H,0,0,,,,Censored No Alarm,0,0,0,0,0,1,0.020049812272191048,,2019-03-28,,0.521
AAG637RH,1,0,,2022-05-21,,Missed,0,0,0,0,1,0,0.0007844491628929973,,2019-01-05,,0.521
AAG6381H,0,0,,,,Censored No Alarm,0,0,0,0,0,1,0.0011098593240603805,,2019-01-05,,0.521
AAG638GH,0,0,,,,Censored No Alarm,0,0,0,0,0,1,0.0008430883754044771,,2019-01-05,,0.521
AAG639BH,0,0,,,,Censored No Alarm,0,0,0,0,0,1,0.014352792873978615,,2019-01-05,,0.521
AAG63DLH,0,0,,,,Censored No Alarm,0,0,0,0,0,1,0.000971808098256588,,2019-03-28,,0.521
AAG63JSH,0,0,,,,Censored No Alarm,0,0,0,0,0,1,0.000971808098256588,,2019-03-02,,0.521
AAG63PJH,0,0,,,,Censored No Alarm,0,0,0,0,0,1,0.0008466758299618959,,2019-03-28,,0.521
AAG63PKH,1,0,,2022-05-22,,Missed,0,0,0,0,1,0,0.020184768363833427,,2019-03-01,,0.521
AAG63PLH,0,0,,,,Censored No Alarm,0,0,0,0,0,1,0.0008466758299618959,,2019-03-01,,0.521
AAG63RGH,0,0,,,,Censored No Alarm,0,0,0,0,0,1,0.0008593688835389912,,2019-03-01,,0.521
AAG63TMH,1,0,,2025-09-02,,Missed,0,0,0,0,1,0,0.3623155653476715,,2019-03-02,,0.521
AAG63TSH,0,0,,,,Censored No Alarm,0,0,0,0,0,1,0.0008613721001893282,,2019-03-28,,0.521
AAG63V6H,0,0,,,,Censored No Alarm,0,0,0,0,0,1,0.019387057051062584,,2019-03-28,,0.521
AAG63WHH,1,0,,2025-11-30,,Missed,0,0,0,0,1,0,0.264825701713562,,2019-01-05,,0.521
AAG63Z8H,1,0,,2025-09-28,,Missed,0,0,0,0,1,0,0.2829267680644989,,2019-03-01,,0.521
AAG6417H,1,1,2024-03-24,2024-06-06,74.0,Early,0,1,0,1,0,0,0.7318703532218933,0.5980625748634338,2019-03-01,1850.0,0.521
AAG6436H,0,0,,,,Censored No Alarm,0,0,0,0,0,1,0.0008466758299618959,,2019-06-01,,0.521
AAG64VXH,0,0,,,,Censored No Alarm,0,0,0,0,0,1,0.026877660304307938,,2019-01-05,,0.521
AAG6509H,0,0,,,,Censored No Alarm,0,0,0,0,0,1,0.0008466758299618959,,2019-03-28,,0.521
AAG67UZH,0,0,,,,Censored No Alarm,0,0,0,0,0,1,0.013729684986174107,,2019-03-28,,0.521
AAG67V3H,1,1,2024-09-05,2025-06-20,288.0,Early,0,1,0,1,0,0,0.5405339002609253,0.5405339002609253,2019-03-01,2015.0,0.521
AAG67VBH,0,0,,,,Censored No Alarm,0,0,0,0,0,1,0.004885233938694,,2019-03-28,,0.521
AAG67W3H,0,0,,,,Censored No Alarm,0,0,0,0,0,1,0.0008466758299618959,,2019-03-01,,0.521
AAG67Z8H,0,0,,,,Censored No Alarm,0,0,0,0,0,1,0.0008466758299618959,,2019-06-01,,0.521
AAG682YH,1,1,2024-06-11,2024-07-04,23.0,On time,1,0,0,0,0,0,0.5477288365364075,0.5477288365364075,2019-03-28,1902.0,0.521
AAG683JH,0,0,,,,Censored No Alarm,0,0,0,0,0,1,0.0008466758299618959,,2019-03-01,,0.521
AAG686GH,0,0,,,,Censored No Alarm,0,0,0,0,0,1,0.0008466758299618959,,2019-03-02,,0.521
AAG6870H,0,0,,,,Censored No Alarm,0,0,0,0,0,1,0.004695006180554628,,2019-01-05,,0.521
AAG6878H,0,0,,,,Censored No Alarm,0,0,0,0,0,1,0.0008682894404046237,,2019-01-05,,0.521
AAG687GH,0,0,,,,Censored No Alarm,0,0,0,0,0,1,0.0009916673880070448,,2019-03-01,,0.521
AAG687MH,0,0,,,,Censored No Alarm,0,0,0,0,0,1,0.0008466758299618959,,2019-03-28,,0.521
AAG68AGH,0,0,,,,Censored No Alarm,0,0,0,0,0,1,0.0008466758299618959,,2019-06-01,,0.521
AAG68AKH,0,0,,,,Censored No Alarm,0,0,0,0,0,1,0.14662745594978333,,2019-03-02,,0.521
AAG68AUH,0,0,,,,Censored No Alarm,0,0,0,0,0,1,0.0008430883754044771,,2019-01-05,,0.521
AAG68AXH,0,0,,,,Censored No Alarm,0,0,0,0,0,1,0.0008466758299618959,,2019-03-28,,0.521
AAG68BRH,0,0,,,,Censored No Alarm,0,0,0,0,0,1,0.44080671668052673,,2019-01-05,,0.521
AAG68EWH,1,0,,2023-04-01,,Missed,0,0,0,0,1,0,0.09118208289146423,,2019-01-05,,0.521
AAG68EXH,1,0,,2024-06-19,,Missed,0,0,0,0,1,0,0.03333856910467148,,2019-01-05,,0.521
AAG68KVH,0,0,,,,Censored No Alarm,0,0,0,0,0,1,0.0008430883754044771,,2019-01-05,,0.521
AAG691PH,0,0,,,,Censored No Alarm,0,0,0,0,0,1,0.0008466758299618959,,2019-06-01,,0.521
AAG691VH,0,0,,,,Censored No Alarm,0,0,0,0,0,1,0.02987436205148697,,2019-01-05,,0.521
AAG69LHH,0,0,,,,Censored No Alarm,0,0,0,0,0,1,0.0008466758299618959,,2019-06-01,,0.521
AAG69TTH,0,0,,,,Censored No Alarm,0,0,0,0,0,1,0.002731282263994217,,2019-03-01,,0.521
AAG69WWH,0,0,,,,Censored No Alarm,0,0,0,0,0,1,0.0008430883754044771,,2019-01-05,,0.521
AAG69YWH,0,0,,,,Censored No Alarm,0,0,0,0,0,1,0.0009916673880070448,,2019-03-02,,0.521
AAG6A03H,0,0,,,,Censored No Alarm,0,0,0,0,0,1,0.0008593688835389912,,2019-03-02,,0.521
AAG6A07H,0,0,,,,Censored No Alarm,0,0,0,0,0,1,0.003593612462282181,,2019-03-01,,0.521
AAG6A0AH,0,0,,,,Censored No Alarm,0,0,0,0,0,1,0.0008466758299618959,,2019-01-05,,0.521
AAG6AATH,0,0,,,,Censored No Alarm,0,0,0,0,0,1,0.0008613721001893282,,2019-06-01,,0.521
AAG6AV4H,0,0,,,,Censored No Alarm,0,0,0,0,0,1,0.0008593688835389912,,2019-03-01,,0.521
AAG6AWTH,1,0,,2024-07-08,,Missed,0,0,0,0,1,0,0.07132002711296082,,2019-03-28,,0.521
AAG6AX6H,0,0,,,,Censored No Alarm,0,0,0,0,0,1,0.003982343710958958,,2019-03-28,,0.521
AAG6B4HH,0,0,,,,Censored No Alarm,0,0,0,0,0,1,0.0008466758299618959,,2019-03-28,,0.521
AAG6B5KH,0,0,,,,Censored No Alarm,0,0,0,0,0,1,0.00865644495934248,,2019-03-28,,0.521
AAG6DT9H,1,0,,2019-04-25,,Missed,0,0,0,0,1,0,0.0008466758299618959,,2019-03-01,,0.521
AAG6DVEH,0,0,,,,Censored No Alarm,0,0,0,0,0,1,0.004977846518158913,,2019-03-01,,0.521
AAG6DXTH,0,0,,,,Censored No Alarm,0,0,0,0,0,1,0.0416141040623188,,2019-01-05,,0.521
AAG6E2HH,0,0,,,,Censored No Alarm,0,0,0,0,0,1,0.002061432460322976,,2019-03-28,,0.521
AAG6E60H,0,0,,,,Censored No Alarm,0,0,0,0,0,1,0.005514140706509352,,2019-03-01,,0.521
AAG6E7EH,0,0,,,,Censored No Alarm,0,0,0,0,0,1,0.0008466758299618959,,2019-03-28,,0.521
AAG6E7RH,0,0,,,,Censored No Alarm,0,0,0,0,0,1,0.0008570455829612911,,2019-03-02,,0.521
AAG6ESPH,0,0,,,,Censored No Alarm,0,0,0,0,0,1,0.0021639224141836166,,2019-01-05,,0.521
AAG6EVRH,0,0,,,,Censored No Alarm,0,0,0,0,0,1,0.0008430883754044771,,2019-01-05,,0.521
AAG6EX3H,0,0,,,,Censored No Alarm,0,0,0,0,0,1,0.0008280988549813628,,2019-01-05,,0.521
AAG6GM1H,0,0,,,,Censored No Alarm,0,0,0,0,0,1,0.0008466758299618959,,2019-03-28,,0.521
AAG6H25H,0,0,,,,Censored No Alarm,0,0,0,0,0,1,0.0009916673880070448,,2019-03-01,,0.521
AAG6HG0H,0,0,,,,Censored No Alarm,0,0,0,0,0,1,0.0008613721001893282,,2019-03-01,,0.521
AAG6HSEH,0,0,,,,Censored No Alarm,0,0,0,0,0,1,0.0008466758299618959,,2019-03-02,,0.521
AAG6HYXH,0,0,,,,Censored No Alarm,0,0,0,0,0,1,0.0009916673880070448,,2019-03-02,,0.521
AAG6J1MH,0,0,,,,Censored No Alarm,0,0,0,0,0,1,0.0008430883754044771,,2019-01-05,,0.521
AAG6J1TH,1,0,,2025-10-07,,Missed,0,0,0,0,1,0,0.5107300281524658,,2019-03-01,,0.521
AAG6J2DH,1,0,,2024-01-03,,Missed,0,0,0,0,1,0,0.03551885485649109,,2019-03-28,,0.521
AAG6J2KH,1,1,2022-11-08,2023-10-19,345.0,Early,0,1,0,1,0,0,0.5784859657287598,0.5633611679077148,2019-01-05,1403.0,0.521
AAG6KJ6H,0,0,,,,Censored No Alarm,0,0,0,0,0,1,0.0008466758299618959,,2019-03-28,,0.521
AAG6KJPH,0,0,,,,Censored No Alarm,0,0,0,0,0,1,0.0008466758299618959,,2019-03-28,,0.521
AAG6KTJH,0,0,,,,Censored No Alarm,0,0,0,0,0,1,0.0008466758299618959,,2019-03-02,,0.521
AAG6KTRH,0,0,,,,Censored No Alarm,0,0,0,0,0,1,0.0008430883754044771,,2019-01-05,,0.521
AAG6KUAH,0,0,,,,Censored No Alarm,0,0,0,0,0,1,0.3917880058288574,,2019-01-05,,0.521
AAG6KUJH,0,0,,,,Censored No Alarm,0,0,0,0,0,1,0.0008466758299618959,,2019-03-01,,0.521
AAG6KV6H,1,0,,2021-11-27,,Missed,0,0,0,0,1,0,0.006326092407107353,,2019-03-01,,0.521
AAG6L88H,0,0,,,,Censored No Alarm,0,0,0,0,0,1,0.0008466758299618959,,2019-03-28,,0.521
AAG6L8VH,0,0,,,,Censored No Alarm,0,0,0,0,0,1,0.262148380279541,,2019-03-28,,0.521
AAG6LD7H,1,0,,2025-06-16,,Missed,0,0,0,0,1,0,0.031801994889974594,,2019-03-01,,0.521
AAG6LDTH,0,0,,,,Censored No Alarm,0,0,0,0,0,1,0.001926775905303657,,2019-03-28,,0.521
AAG6LEHH,0,0,,,,Censored No Alarm,0,0,0,0,0,1,0.0008613721001893282,,2019-03-01,,0.521
AAG6LEJH,0,0,,,,Censored No Alarm,0,0,0,0,0,1,0.0008466758299618959,,2019-03-01,,0.521
AAG6LG9H,0,0,,,,Censored No Alarm,0,0,0,0,0,1,0.0008430883754044771,,2019-01-05,,0.521
AAG6LTSH,0,0,,,,Censored No Alarm,0,0,0,0,0,1,0.0009916673880070448,,2019-03-01,,0.521
AAG6M3BH,0,0,,,,Censored No Alarm,0,0,0,0,0,1,0.002308344002813101,,2019-03-02,,0.521
AAG6M8TH,0,0,,,,Censored No Alarm,0,0,0,0,0,1,0.0008280988549813628,,2019-01-05,,0.521
AAG6MABH,0,0,,,,Censored No Alarm,0,0,0,0,0,1,0.0008430883754044771,,2019-05-04,,0.521
AAG6NEEH,0,0,,,,Censored No Alarm,0,0,0,0,0,1,0.0008466758299618959,,2019-03-28,,0.521
AAG6NP0H,1,1,2024-05-29,2024-09-22,116.0,Early,0,1,0,1,0,0,0.7051869630813599,0.7051869630813599,2019-03-01,1916.0,0.521
AAG6NPRH,1,0,,2026-03-12,,Missed,0,0,0,0,1,0,0.2854934334754944,,2019-03-01,,0.521
AAG6NRBH,1,0,,2024-07-11,,Missed,0,0,0,0,1,0,0.47386249899864197,,2019-03-28,,0.521
AAG6NRZH,0,0,,,,Censored No Alarm,0,0,0,0,0,1,0.000971808098256588,,2019-03-28,,0.521
AAG6NS8H,0,1,2024-07-20,,,Censored Early,0,0,1,1,0,0,0.5563559532165527,0.5332688093185425,2019-03-28,1941.0,0.521
AAG6NSKH,0,1,2024-02-19,,,Censored Early,0,0,1,1,0,0,0.5210445523262024,0.5210445523262024,2019-01-05,1871.0,0.521
AAG6NVKH,0,0,,,,Censored No Alarm,0,0,0,0,0,1,0.0008430883754044771,,2019-01-05,,0.521
AAG6NW3H,0,0,,,,Censored No Alarm,0,0,0,0,0,1,0.0008466758299618959,,2019-06-01,,0.521
AAG6P40H,0,0,,,,Censored No Alarm,0,0,0,0,0,1,0.0008430883754044771,,2019-01-05,,0.521
AAG6P42H,0,0,,,,Censored No Alarm,0,0,0,0,0,1,0.0008613721001893282,,2019-03-01,,0.521
AAG6P4EH,0,0,,,,Censored No Alarm,0,0,0,0,0,1,0.0008466758299618959,,2019-03-28,,0.521
AAG6P9AH,0,0,,,,Censored No Alarm,0,0,0,0,0,1,0.0008466758299618959,,2019-03-01,,0.521
AAG6PWBH,0,0,,,,Censored No Alarm,0,0,0,0,0,1,0.0008466758299618959,,2019-03-02,,0.521
AAG6PY2H,0,0,,,,Censored No Alarm,0,0,0,0,0,1,0.0008430883754044771,,2019-01-05,,0.521
AAG6PYLH,0,0,,,,Censored No Alarm,0,0,0,0,0,1,0.0008466758299618959,,2019-06-01,,0.521
AAG6R0AH,0,0,,,,Censored No Alarm,0,0,0,0,0,1,0.0008466758299618959,,2019-06-01,,0.521
AAG6R2RH,0,0,,,,Censored No Alarm,0,0,0,0,0,1,0.000971808098256588,,2019-03-01,,0.521
AAG6R32H,0,0,,,,Censored No Alarm,0,0,0,0,0,1,0.0009916673880070448,,2019-03-01,,0.521
AAG6R48H,0,0,,,,Censored No Alarm,0,0,0,0,0,1,0.0011084165889769793,,2019-03-28,,0.521
AAG6R8UH,0,0,,,,Censored No Alarm,0,0,0,0,0,1,0.0008466758299618959,,2019-03-28,,0.521
AAG6T4ZH,0,0,,,,Censored No Alarm,0,0,0,0,0,1,0.000971808098256588,,2019-03-28,,0.521
AAG6T52H,1,0,,2023-06-10,,Missed,0,0,0,0,1,0,0.0008466758299618959,,2019-06-01,,0.521
AAG6T55H,0,0,,,,Censored No Alarm,0,0,0,0,0,1,0.0008466758299618959,,2019-06-01,,0.521
AAG6T5JH,0,0,,,,Censored No Alarm,0,0,0,0,0,1,0.001640436821617186,,2019-05-16,,0.521
AAG6T7LH,0,0,,,,Censored No Alarm,0,0,0,0,0,1,0.0009916673880070448,,2019-03-01,,0.521
AAG6T9NH,0,0,,,,Censored No Alarm,0,0,0,0,0,1,0.0008466758299618959,,2019-06-01,,0.521
AAG6TA8H,0,0,,,,Censored No Alarm,0,0,0,0,0,1,0.0008430883754044771,,2019-01-05,,0.521
AAG6TAHH,0,0,,,,Censored No Alarm,0,0,0,0,0,1,0.0008466758299618959,,2019-06-01,,0.521
AAG6TAKH,0,0,,,,Censored No Alarm,0,0,0,0,0,1,0.0008466758299618959,,2019-06-01,,0.521
AAG6TBBH,0,0,,,,Censored No Alarm,0,0,0,0,0,1,0.0008466758299618959,,2019-03-28,,0.521
AAG6TBJH,0,0,,,,Censored No Alarm,0,0,0,0,0,1,0.0008430883754044771,,2019-01-05,,0.521
AAG6THHH,0,0,,,,Censored No Alarm,0,0,0,0,0,1,0.0008466758299618959,,2019-06-01,,0.521
AAG6THJH,0,0,,,,Censored No Alarm,0,0,0,0,0,1,0.0008466758299618959,,2019-06-01,,0.521
AAG6THLH,0,0,,,,Censored No Alarm,0,0,0,0,0,1,0.0008430883754044771,,2019-05-04,,0.521
AAG6TRKH,0,0,,,,Censored No Alarm,0,0,0,0,0,1,0.0008430883754044771,,2019-05-04,,0.521
AAG6TS8H,0,0,,,,Censored No Alarm,0,0,0,0,0,1,0.02433435060083866,,2019-06-01,,0.521
AAG6TSUH,0,0,,,,Censored No Alarm,0,0,0,0,0,1,0.0008466758299618959,,2019-03-28,,0.521
AAG6TT1H,0,0,,,,Censored No Alarm,0,0,0,0,0,1,0.0008466758299618959,,2019-05-16,,0.521
AAG6TT9H,0,0,,,,Censored No Alarm,0,0,0,0,0,1,0.0008466758299618959,,2019-03-28,,0.521
AAG6TTNH,0,0,,,,Censored No Alarm,0,0,0,0,0,1,0.0008430883754044771,,2019-01-05,,0.521
AAG6TUVH,0,0,,,,Censored No Alarm,0,0,0,0,0,1,0.0008466758299618959,,2019-06-01,,0.521
AAG6TVPH,0,0,,,,Censored No Alarm,0,0,0,0,0,1,0.0008466758299618959,,2019-03-28,,0.521
AAG6TY4H,0,0,,,,Censored No Alarm,0,0,0,0,0,1,0.009967967867851257,,2019-06-01,,0.521
AAG6U5AH,0,0,,,,Censored No Alarm,0,0,0,0,0,1,0.0008466758299618959,,2019-03-01,,0.521
AAG6UKNH,0,0,,,,Censored No Alarm,0,0,0,0,0,1,0.0008466758299618959,,2019-03-28,,0.521
AAG6UMGH,0,0,,,,Censored No Alarm,0,0,0,0,0,1,0.0015410005580633879,,2019-01-05,,0.521
AAG6UMJH,0,0,,,,Censored No Alarm,0,0,0,0,0,1,0.0030825415160506964,,2019-01-05,,0.521
AAG6UNKH,0,0,,,,Censored No Alarm,0,0,0,0,0,1,0.07352441549301147,,2019-06-01,,0.521
AAG6US4H,0,0,,,,Censored No Alarm,0,0,0,0,0,1,0.000971808098256588,,2019-03-01,,0.521
AAG6UT0H,0,0,,,,Censored No Alarm,0,0,0,0,0,1,0.0008466758299618959,,2019-06-01,,0.521
AAG6UU8H,0,0,,,,Censored No Alarm,0,0,0,0,0,1,0.02332257106900215,,2019-01-05,,0.521
AAG6UZTH,0,0,,,,Censored No Alarm,0,0,0,0,0,1,0.0008466758299618959,,2019-03-28,,0.521
AAG6V1MH,0,0,,,,Censored No Alarm,0,0,0,0,0,1,0.014605372212827206,,2019-03-28,,0.521
AAG6V71H,0,0,,,,Censored No Alarm,0,0,0,0,0,1,0.0013811278622597456,,2019-03-01,,0.521
AAG6V7DH,0,0,,,,Censored No Alarm,0,0,0,0,0,1,0.0008466758299618959,,2019-03-01,,0.521
AAG6V7VH,0,0,,,,Censored No Alarm,0,0,0,0,0,1,0.0008466758299618959,,2019-03-01,,0.521
AAG6VHXH,0,0,,,,Censored No Alarm,0,0,0,0,0,1,0.0040770769119262695,,2019-06-01,,0.521
AAG6VJKH,0,0,,,,Censored No Alarm,0,0,0,0,0,1,0.0008466758299618959,,2019-03-28,,0.521
AAG6VM8H,0,0,,,,Censored No Alarm,0,0,0,0,0,1,0.0011084165889769793,,2019-03-28,,0.521
AAG6VMBH,0,0,,,,Censored No Alarm,0,0,0,0,0,1,0.0008613721001893282,,2019-03-01,,0.521
AAG6VMGH,0,0,,,,Censored No Alarm,0,0,0,0,0,1,0.0008466758299618959,,2019-03-01,,0.521
AAG6X6JH,0,0,,,,Censored No Alarm,0,0,0,0,0,1,0.0008466758299618959,,2019-03-28,,0.521
AAG6XU7H,1,0,,2020-05-23,,Missed,0,0,0,0,1,0,0.48745572566986084,,2019-05-04,,0.521
AAG6XWGH,0,0,,,,Censored No Alarm,0,0,0,0,0,1,0.0022037692833691835,,2019-03-01,,0.521
AAG6XWJH,1,1,2024-07-04,2025-04-04,274.0,Early,0,1,0,1,0,0,0.609519362449646,0.609519362449646,2019-03-28,1925.0,0.521
AAG6XXWH,0,0,,,,Censored No Alarm,0,0,0,0,0,1,0.0008430883754044771,,2019-01-05,,0.521
AAG6XYBH,0,0,,,,Censored No Alarm,0,0,0,0,0,1,0.0008466758299618959,,2019-06-01,,0.521
AAG6XYNH,0,0,,,,Censored No Alarm,0,0,0,0,0,1,0.0008466758299618959,,2019-06-01,,0.521
AAG6XZ6H,0,0,,,,Censored No Alarm,0,0,0,0,0,1,0.0008466758299618959,,2019-03-28,,0.521
AAG6XZNH,0,0,,,,Censored No Alarm,0,0,0,0,0,1,0.0008466758299618959,,2019-06-01,,0.521
AAG6Y0GH,0,0,,,,Censored No Alarm,0,0,0,0,0,1,0.0038645341992378235,,2019-03-01,,0.521
AAG6Y0KH,0,0,,,,Censored No Alarm,0,0,0,0,0,1,0.0008430883754044771,,2019-01-05,,0.521
AAG6Y1BH,0,0,,,,Censored No Alarm,0,0,0,0,0,1,0.0008466758299618959,,2019-03-02,,0.521
AAG6Y3LH,0,0,,,,Censored No Alarm,0,0,0,0,0,1,0.005120917223393917,,2019-03-28,,0.521
AAG6Y3UH,0,0,,,,Censored No Alarm,0,0,0,0,0,1,0.0008466758299618959,,2019-06-01,,0.521
AAG6Y41H,0,0,,,,Censored No Alarm,0,0,0,0,0,1,0.0008430883754044771,,2019-01-05,,0.521
AAG6Y46H,0,0,,,,Censored No Alarm,0,0,0,0,0,1,0.03116205893456936,,2019-06-01,,0.521
AAG6YZ1H,0,0,,,,Censored No Alarm,0,0,0,0,0,1,0.032959796488285065,,2019-03-28,,0.521
AAG6YZ9H,0,0,,,,Censored No Alarm,0,0,0,0,0,1,0.0008430883754044771,,2019-01-05,,0.521
AAG6Z0DH,0,0,,,,Censored No Alarm,0,0,0,0,0,1,0.05958158150315285,,2019-01-05,,0.521
AAG6Z17H,0,0,,,,Censored No Alarm,0,0,0,0,0,1,0.0008466758299618959,,2019-06-01,,0.521
AAG6Z1MH,0,0,,,,Censored No Alarm,0,0,0,0,0,1,0.0008466758299618959,,2019-03-01,,0.521
AAG6Z1XH,0,0,,,,Censored No Alarm,0,0,0,0,0,1,0.0008466758299618959,,2019-03-01,,0.521
AAG6Z2DH,0,0,,,,Censored No Alarm,0,0,0,0,0,1,0.0021639224141836166,,2019-03-01,,0.521
AAG6Z2RH,0,0,,,,Censored No Alarm,0,0,0,0,0,1,0.0008466758299618959,,2019-06-01,,0.521
AAG6Z42H,1,1,2024-10-18,2024-11-24,37.0,Early,0,1,0,1,0,0,0.5718476176261902,0.5718476176261902,2019-01-05,2113.0,0.521
AAG6Z4VH,0,0,,,,Censored No Alarm,0,0,0,0,0,1,0.026068463921546936,,2019-03-01,,0.521
AAG6Z53H,0,0,,,,Censored No Alarm,0,0,0,0,0,1,0.0008466758299618959,,2019-05-16,,0.521
AAG6ZJ9H,0,0,,,,Censored No Alarm,0,0,0,0,0,1,0.0008466758299618959,,2019-03-01,,0.521
AAG705GH,0,0,,,,Censored No Alarm,0,0,0,0,0,1,0.0022037692833691835,,2019-03-01,,0.521
AAG7078H,0,0,,,,Censored No Alarm,0,0,0,0,0,1,0.010802315548062325,,2019-05-04,,0.521
AAG70HDH,0,0,,,,Censored No Alarm,0,0,0,0,0,1,0.0008430883754044771,,2019-01-05,,0.521
AAG70JEH,0,0,,,,Censored No Alarm,0,0,0,0,0,1,0.007194551173597574,,2019-06-01,,0.521
AAG70U9H,0,0,,,,Censored No Alarm,0,0,0,0,0,1,0.007398565765470266,,2019-01-05,,0.521
AAG73ZWH,0,0,,,,Censored No Alarm,0,0,0,0,0,1,0.0008466758299618959,,2019-01-05,,0.521
AAG73ZZH,0,0,,,,Censored No Alarm,0,0,0,0,0,1,0.0013037067838013172,,2019-03-28,,0.521
AAG740EH,0,0,,,,Censored No Alarm,0,0,0,0,0,1,0.0008430883754044771,,2019-01-05,,0.521
AAG740NH,0,0,,,,Censored No Alarm,0,0,0,0,0,1,0.0008466758299618959,,2019-06-01,,0.521
AAG740WH,0,0,,,,Censored No Alarm,0,0,0,0,0,1,0.0008613721001893282,,2019-03-01,,0.521
AAG740YH,0,0,,,,Censored No Alarm,0,0,0,0,0,1,0.000971808098256588,,2019-03-28,,0.521
AAG741PH,0,0,,,,Censored No Alarm,0,0,0,0,0,1,0.0008466758299618959,,2019-03-28,,0.521
AAG742EH,0,0,,,,Censored No Alarm,0,0,0,0,0,1,0.002852973761036992,,2019-03-28,,0.521
AAG742JH,0,0,,,,Censored No Alarm,0,0,0,0,0,1,0.00916505791246891,,2019-06-01,,0.521
AAG742WH,0,0,,,,Censored No Alarm,0,0,0,0,0,1,0.04619613289833069,,2019-01-05,,0.521
AAG7431H,0,0,,,,Censored No Alarm,0,0,0,0,0,1,0.0019219559617340565,,2019-01-05,,0.521
AAG743EH,0,0,,,,Censored No Alarm,0,0,0,0,0,1,0.0008466758299618959,,2019-06-01,,0.521
AAG743UH,0,0,,,,Censored No Alarm,0,0,0,0,0,1,0.0008430883754044771,,2019-01-05,,0.521
AAG743VH,0,0,,,,Censored No Alarm,0,0,0,0,0,1,0.010932098142802715,,2019-01-05,,0.521
AAG7454H,0,0,,,,Censored No Alarm,0,0,0,0,0,1,0.0008466758299618959,,2019-03-28,,0.521
AAG74DKH,0,0,,,,Censored No Alarm,0,0,0,0,0,1,0.0008430883754044771,,2019-05-04,,0.521
AAG74EAH,1,0,,2025-07-27,,Missed,0,0,0,0,1,0,0.13641373813152313,,2019-05-04,,0.521
AAG74EBH,0,0,,,,Censored No Alarm,0,0,0,0,0,1,0.0008466758299618959,,2019-03-28,,0.521
AAG74EYH,0,0,,,,Censored No Alarm,0,0,0,0,0,1,0.0008466758299618959,,2019-06-01,,0.521
AAG74EZH,0,0,,,,Censored No Alarm,0,0,0,0,0,1,0.0008466758299618959,,2019-06-01,,0.521
AAG74VHH,0,0,,,,Censored No Alarm,0,0,0,0,0,1,0.000971808098256588,,2019-03-01,,0.521
AAG74WRH,0,0,,,,Censored No Alarm,0,0,0,0,0,1,0.0008466758299618959,,2019-06-01,,0.521
AAG76HYH,1,0,,2021-09-29,,Missed,0,0,0,0,1,0,0.034640662372112274,,2019-03-02,,0.521
AAG77A5H,0,0,,,,Censored No Alarm,0,0,0,0,0,1,0.002482155105099082,,2019-06-01,,0.521
AAG799NH,0,0,,,,Censored No Alarm,0,0,0,0,0,1,0.0008466758299618959,,2019-03-02,,0.521
AAG79B0H,0,0,,,,Censored No Alarm,0,0,0,0,0,1,0.0008466758299618959,,2019-03-28,,0.521
AAG7A8EH,0,0,,,,Censored No Alarm,0,0,0,0,0,1,0.0008466758299618959,,2019-06-01,,0.521
AAG7A9KH,0,0,,,,Censored No Alarm,0,0,0,0,0,1,0.0008570455829612911,,2019-01-05,,0.521
AAG7ADMH,0,0,,,,Censored No Alarm,0,0,0,0,0,1,0.0008466758299618959,,2019-05-16,,0.521
AAG7AGWH,0,0,,,,Censored No Alarm,0,0,0,0,0,1,0.0008430883754044771,,2019-05-04,,0.521
AAG7AHMH,0,0,,,,Censored No Alarm,0,0,0,0,0,1,0.0008466758299618959,,2019-06-01,,0.521
AAG7BP3H,0,0,,,,Censored No Alarm,0,0,0,0,0,1,0.0008466758299618959,,2019-06-01,,0.521
AAG7BPKH,0,0,,,,Censored No Alarm,0,0,0,0,0,1,0.0008466758299618959,,2019-06-01,,0.521
AAG7BRGH,0,0,,,,Censored No Alarm,0,0,0,0,0,1,0.0008430883754044771,,2019-01-05,,0.521
AAG7BS8H,0,0,,,,Censored No Alarm,0,0,0,0,0,1,0.0022037692833691835,,2019-03-01,,0.521
AAG7BWAH,0,0,,,,Censored No Alarm,0,0,0,0,0,1,0.0008466758299618959,,2019-03-28,,0.521
AAG7D1SH,0,0,,,,Censored No Alarm,0,0,0,0,0,1,0.0008466758299618959,,2019-06-01,,0.521
AAG7D29H,0,0,,,,Censored No Alarm,0,0,0,0,0,1,0.0008466758299618959,,2019-03-28,,0.521
AAG7D2PH,0,0,,,,Censored No Alarm,0,0,0,0,0,1,0.0008466758299618959,,2019-06-01,,0.521
AAG7D48H,0,0,,,,Censored No Alarm,0,0,0,0,0,1,0.0008466758299618959,,2019-06-01,,0.521
AAG7D4DH,0,0,,,,Censored No Alarm,0,0,0,0,0,1,0.0009916673880070448,,2019-03-01,,0.521
AAG7D85H,0,0,,,,Censored No Alarm,0,0,0,0,0,1,0.01306620892137289,,2019-06-01,,0.521
AAG7DPYH,0,0,,,,Censored No Alarm,0,0,0,0,0,1,0.0009916673880070448,,2019-03-01,,0.521
AAG7DRDH,0,0,,,,Censored No Alarm,0,0,0,0,0,1,0.0008466758299618959,,2019-03-01,,0.521
AAG7DS9H,0,0,,,,Censored No Alarm,0,0,0,0,0,1,0.016299601644277573,,2019-03-01,,0.521
AAG7DW0H,0,0,,,,Censored No Alarm,0,0,0,0,0,1,0.0008430883754044771,,2019-05-04,,0.521
AAG7E1MH,0,0,,,,Censored No Alarm,0,0,0,0,0,1,0.0008466758299618959,,2019-03-01,,0.521
AAG7E1PH,0,0,,,,Censored No Alarm,0,0,0,0,0,1,0.0023383775260299444,,2019-01-05,,0.521
AAG7E2HH,0,0,,,,Censored No Alarm,0,0,0,0,0,1,0.0008466758299618959,,2019-03-02,,0.521
AAG7LG4H,0,0,,,,Censored No Alarm,0,0,0,0,0,1,0.002272088313475251,,2019-03-01,,0.521
AAG7LG7H,0,0,,,,Censored No Alarm,0,0,0,0,0,1,0.0008466758299618959,,2019-05-16,,0.521
AAG7LHYH,0,0,,,,Censored No Alarm,0,0,0,0,0,1,0.0008466758299618959,,2019-03-28,,0.521
AAG7LNAH,0,0,,,,Censored No Alarm,0,0,0,0,0,1,0.0013442776398733258,,2019-06-01,,0.521
AAG7LSWH,0,0,,,,Censored No Alarm,0,0,0,0,0,1,0.0008430883754044771,,2019-01-05,,0.521
AAG7LTHH,1,1,2024-07-29,2024-07-29,0.0,On time,1,0,0,0,0,0,0.6550042629241943,0.6550042629241943,2019-03-28,1950.0,0.521
AAG7LZEH,0,0,,,,Censored No Alarm,0,0,0,0,0,1,0.006621647160500288,,2019-03-02,,0.521
AAG7M25H,0,0,,,,Censored No Alarm,0,0,0,0,0,1,0.0008466758299618959,,2019-06-01,,0.521
AAG7M3NH,0,0,,,,Censored No Alarm,0,0,0,0,0,1,0.0008466758299618959,,2019-06-01,,0.521
AAG7M3TH,0,0,,,,Censored No Alarm,0,0,0,0,0,1,0.0008613721001893282,,2019-03-28,,0.521
AAG7MMDH,0,0,,,,Censored No Alarm,0,0,0,0,0,1,0.0008466758299618959,,2019-05-16,,0.521
AAG7MP8H,0,0,,,,Censored No Alarm,0,0,0,0,0,1,0.0013577278004959226,,2019-06-01,,0.521
AAG7MULH,1,1,2024-12-04,2026-03-13,464.0,Early,0,1,0,1,0,0,0.5734000205993652,0.5734000205993652,2019-03-02,2104.0,0.521
AAG7MUNH,0,0,,,,Censored No Alarm,0,0,0,0,0,1,0.007744829170405865,,2019-06-01,,0.521
AAG7MVMH,0,0,,,,Censored No Alarm,0,0,0,0,0,1,0.0008466758299618959,,2019-03-02,,0.521
AAG7N3ZH,0,0,,,,Censored No Alarm,0,0,0,0,0,1,0.0008466758299618959,,2019-03-28,,0.521
AAG7N5WH,0,0,,,,Censored No Alarm,0,0,0,0,0,1,0.0008466758299618959,,2019-03-28,,0.521
AAG7N62H,0,0,,,,Censored No Alarm,0,0,0,0,0,1,0.0008466758299618959,,2019-06-01,,0.521
AAG7N63H,0,0,,,,Censored No Alarm,0,0,0,0,0,1,0.004028149880468845,,2019-03-28,,0.521
AAG7N6MH,0,0,,,,Censored No Alarm,0,0,0,0,0,1,0.0008430883754044771,,2019-05-04,,0.521
AAG7PPHH,1,0,,2025-10-28,,Missed,0,0,0,0,1,0,0.042120132595300674,,2019-03-02,,0.521
AAG7R02H,0,0,,,,Censored No Alarm,0,0,0,0,0,1,0.0056403628550469875,,2019-06-01,,0.521
AAG7R5VH,0,0,,,,Censored No Alarm,0,0,0,0,0,1,0.0008466758299618959,,2019-06-01,,0.521
AAG7R93H,0,0,,,,Censored No Alarm,0,0,0,0,0,1,0.0008466758299618959,,2019-06-01,,0.521
AAG7RA1H,0,0,,,,Censored No Alarm,0,0,0,0,0,1,0.0008430883754044771,,2019-01-05,,0.521
AAG7RAMH,0,0,,,,Censored No Alarm,0,0,0,0,0,1,0.0009916673880070448,,2019-03-02,,0.521
AAG7RBDH,0,0,,,,Censored No Alarm,0,0,0,0,0,1,0.0008430883754044771,,2019-05-04,,0.521
AAG90D8H,0,0,,,,Censored No Alarm,0,0,0,0,0,1,0.01673937402665615,,2019-05-04,,0.521
AAG9VK6H,0,0,,,,Censored No Alarm,0,0,0,0,0,1,0.0008466758299618959,,2019-03-02,,0.521
AAGA4YNH,0,0,,,,Censored No Alarm,0,0,0,0,0,1,0.0008466758299618959,,2019-06-01,,0.521
AAGA7W1H,1,0,,2023-04-11,,Missed,0,0,0,0,1,0,0.05026970058679581,,2019-03-01,,0.521
AAGA9E3H,0,0,,,,Censored No Alarm,0,0,0,0,0,1,0.0008430883754044771,,2019-05-04,,0.521
AAGH3VWH,0,0,,,,Censored No Alarm,0,0,0,0,0,1,0.0008613721001893282,,2019-05-27,,0.521
AAGMU4TH,0,0,,,,Censored No Alarm,0,0,0,0,0,1,0.0008430883754044771,,2019-05-04,,0.521
AAGN9D2H,1,0,,2023-09-17,,Missed,0,0,0,0,1,0,0.007531210780143738,,2019-05-04,,0.521
AAGP62KH,0,0,,,,Censored No Alarm,0,0,0,0,0,1,0.001189961563795805,,2019-06-01,,0.521
AAGUS87H,0,0,,,,Censored No Alarm,0,0,0,0,0,1,0.005856983829289675,,2019-08-14,,0.521
AAGVX4UH,0,0,,,,Censored No Alarm,0,0,0,0,0,1,0.0008430883754044771,,2019-05-04,,0.521
AAGWTB0H,0,1,2023-05-30,,,Censored Early,0,0,1,1,0,0,0.6060881614685059,0.5663231611251831,2019-06-01,1459.0,0.521
AAGXDBZH,0,0,,,,Censored No Alarm,0,0,0,0,0,1,0.13066156208515167,,2019-05-16,,0.521
AAGXLP2H,0,0,,,,Censored No Alarm,0,0,0,0,0,1,0.0008466758299618959,,2019-06-01,,0.521
AAGXMJSH,0,0,,,,Censored No Alarm,0,0,0,0,0,1,0.0008430883754044771,,2019-05-04,,0.521
AAGXU8YH,0,0,,,,Censored No Alarm,0,0,0,0,0,1,0.0016383054899051785,,2019-05-16,,0.521
AAGXUBRH,0,0,,,,Censored No Alarm,0,0,0,0,0,1,0.0008430883754044771,,2019-05-04,,0.521
AAGXV97H,0,0,,,,Censored No Alarm,0,0,0,0,0,1,0.0008613721001893282,,2024-03-13,,0.521
AAGXW8VH,0,0,,,,Censored No Alarm,0,0,0,0,0,1,0.0008593688835389912,,2019-08-14,,0.521
AAGXWUWH,0,0,,,,Censored No Alarm,0,0,0,0,0,1,0.0011084165889769793,,2019-05-04,,0.521
AAGXY3MH,1,0,,2025-04-09,,Missed,0,0,0,0,1,0,0.011856947094202042,,2019-05-16,,0.521
AAH22T7H,0,0,,,,Censored No Alarm,0,0,0,0,0,1,0.03131550922989845,,2019-05-04,,0.521
AAH4NTGH,0,0,,,,Censored No Alarm,0,0,0,0,0,1,0.0008430883754044771,,2019-05-04,,0.521
AAH6DU2H,0,1,2024-11-17,,,Censored Early,0,0,1,1,0,0,0.5698087215423584,0.5252076983451843,2019-08-14,1922.0,0.521
AAH78SAH,0,0,,,,Censored No Alarm,0,0,0,0,0,1,0.0008430883754044771,,2019-05-04,,0.521
AAH7HJSH,0,0,,,,Censored No Alarm,0,0,0,0,0,1,0.0011084165889769793,,2019-05-04,,0.521
AAH7HKHH,0,0,,,,Censored No Alarm,0,0,0,0,0,1,0.0008430883754044771,,2019-05-04,,0.521
AAH7HNDH,0,0,,,,Censored No Alarm,0,0,0,0,0,1,0.0008430883754044771,,2019-05-04,,0.521
AAH7X19H,0,0,,,,Censored No Alarm,0,0,0,0,0,1,0.0008430883754044771,,2019-05-04,,0.521
AAH86SEH,0,0,,,,Censored No Alarm,0,0,0,0,0,1,0.0008430883754044771,,2019-05-04,,0.521
AAH8BLDH,0,0,,,,Censored No Alarm,0,0,0,0,0,1,0.0008430883754044771,,2019-05-04,,0.521
AAH8HPVH,0,0,,,,Censored No Alarm,0,0,0,0,0,1,0.03912544623017311,,2019-05-04,,0.521
AAH8LPUH,0,0,,,,Censored No Alarm,0,0,0,0,0,1,0.0008430883754044771,,2019-05-04,,0.521
AAH8P7WH,0,0,,,,Censored No Alarm,0,0,0,0,0,1,0.0008466758299618959,,2019-05-27,,0.521
AAH8R0LH,0,0,,,,Censored No Alarm,0,0,0,0,0,1,0.0008430883754044771,,2019-05-04,,0.521
AAH8RG4H,0,0,,,,Censored No Alarm,0,0,0,0,0,1,0.0011310644913464785,,2019-05-04,,0.521
AAH8V76H,0,0,,,,Censored No Alarm,0,0,0,0,0,1,0.0008430883754044771,,2019-05-04,,0.521
AAH8V7KH,0,0,,,,Censored No Alarm,0,0,0,0,0,1,0.0015990387182682753,,2019-05-04,,0.521
AAH90NAH,1,0,,2023-04-19,,Missed,0,0,0,0,1,0,0.015158722177147865,,2019-05-04,,0.521
AAH919BH,0,0,,,,Censored No Alarm,0,0,0,0,0,1,0.0008430883754044771,,2019-05-04,,0.521
AAH9285H,0,0,,,,Censored No Alarm,0,0,0,0,0,1,0.0008430883754044771,,2019-05-04,,0.521
AAH92GHH,0,0,,,,Censored No Alarm,0,0,0,0,0,1,0.0008430883754044771,,2019-05-04,,0.521
AAH92HRH,0,0,,,,Censored No Alarm,0,0,0,0,0,1,0.0008430883754044771,,2019-05-04,,0.521
AAH92JGH,0,0,,,,Censored No Alarm,0,0,0,0,0,1,0.0008430883754044771,,2019-05-04,,0.521
AAH92V3H,0,0,,,,Censored No Alarm,0,0,0,0,0,1,0.0008280988549813628,,2019-05-04,,0.521
AAH9301H,1,0,,2023-12-23,,Missed,0,0,0,0,1,0,0.04368558153510094,,2019-05-04,,0.521
AAH9305H,0,0,,,,Censored No Alarm,0,0,0,0,0,1,0.0008430883754044771,,2019-05-04,,0.521
AAH9307H,1,0,,2023-04-09,,Missed,0,0,0,0,1,0,0.007606614846736193,,2019-05-04,,0.521
AAH93MDH,0,0,,,,Censored No Alarm,0,0,0,0,0,1,0.008188777603209019,,2019-05-04,,0.521
AAH93RZH,0,0,,,,Censored No Alarm,0,0,0,0,0,1,0.003825463354587555,,2019-05-04,,0.521
AAH953TH,0,0,,,,Censored No Alarm,0,0,0,0,0,1,0.0011794425081461668,,2019-05-04,,0.521
AAH9618H,0,0,,,,Censored No Alarm,0,0,0,0,0,1,0.0008430883754044771,,2019-05-04,,0.521
AAH9689H,0,0,,,,Censored No Alarm,0,0,0,0,0,1,0.0008280988549813628,,2019-05-04,,0.521
AAH96AUH,0,0,,,,Censored No Alarm,0,0,0,0,0,1,0.16033881902694702,,2019-05-04,,0.521
AAH97BZH,0,0,,,,Censored No Alarm,0,0,0,0,0,1,0.47717371582984924,,2019-05-04,,0.521
AAH99PNH,0,0,,,,Censored No Alarm,0,0,0,0,0,1,0.0008280988549813628,,2019-05-04,,0.521
AAH9BERH,0,0,,,,Censored No Alarm,0,0,0,0,0,1,0.0008430883754044771,,2019-05-04,,0.521
AAHAS1MH,0,0,,,,Censored No Alarm,0,0,0,0,0,1,0.0008613721001893282,,2019-05-27,,0.521
AAHAS9TH,0,0,,,,Censored No Alarm,0,0,0,0,0,1,0.0008466758299618959,,2019-05-27,,0.521
AAHB6YXH,0,0,,,,Censored No Alarm,0,0,0,0,0,1,0.0008466758299618959,,2019-05-27,,0.521
AAHB8Z9H,0,0,,,,Censored No Alarm,0,0,0,0,0,1,0.0008466758299618959,,2019-05-27,,0.521
AAHBKUHH,0,0,,,,Censored No Alarm,0,0,0,0,0,1,0.0008466758299618959,,2019-05-27,,0.521
AAHD7S9H,0,0,,,,Censored No Alarm,0,0,0,0,0,1,0.0008466758299618959,,2019-05-19,,0.521
AAHDJD5H,0,0,,,,Censored No Alarm,0,0,0,0,0,1,0.0008466758299618959,,2019-05-27,,0.521
AAHDJDSH,0,0,,,,Censored No Alarm,0,0,0,0,0,1,0.0008466758299618959,,2019-05-27,,0.521
AAHDJH3H,0,0,,,,Censored No Alarm,0,0,0,0,0,1,0.0008466758299618959,,2019-05-27,,0.521
AAHDUS5H,0,0,,,,Censored No Alarm,0,0,0,0,0,1,0.0008466758299618959,,2019-05-27,,0.521
AAHDUT6H,0,0,,,,Censored No Alarm,0,0,0,0,0,1,0.0008466758299618959,,2019-05-27,,0.521
AAHDYR0H,0,0,,,,Censored No Alarm,0,0,0,0,0,1,0.001383662805892527,,2019-05-27,,0.521
AAHE23AH,0,0,,,,Censored No Alarm,0,0,0,0,0,1,0.0008613721001893282,,2019-05-27,,0.521
AAHE4SAH,0,0,,,,Censored No Alarm,0,0,0,0,0,1,0.0008466758299618959,,2019-05-27,,0.521
AAHEAGWH,0,0,,,,Censored No Alarm,0,0,0,0,0,1,0.0008466758299618959,,2019-05-27,,0.521
AAHEAHLH,0,0,,,,Censored No Alarm,0,0,0,0,0,1,0.0008613721001893282,,2019-05-27,,0.521
AAHED32H,0,0,,,,Censored No Alarm,0,0,0,0,0,1,0.0008466758299618959,,2019-05-27,,0.521
AAHED3GH,0,0,,,,Censored No Alarm,0,0,0,0,0,1,0.058934714645147324,,2019-05-27,,0.521
AAHED8NH,0,0,,,,Censored No Alarm,0,0,0,0,0,1,0.0008466758299618959,,2019-05-27,,0.521
AAHED98H,0,0,,,,Censored No Alarm,0,0,0,0,0,1,0.0008613721001893282,,2019-05-27,,0.521
AAHEEVKH,0,0,,,,Censored No Alarm,0,0,0,0,0,1,0.0008613721001893282,,2019-05-27,,0.521
AAHEHEEH,0,0,,,,Censored No Alarm,0,0,0,0,0,1,0.002482155105099082,,2019-05-27,,0.521
AAHEHHMH,0,0,,,,Censored No Alarm,0,0,0,0,0,1,0.0008466758299618959,,2019-05-27,,0.521
AAHEHJ0H,0,0,,,,Censored No Alarm,0,0,0,0,0,1,0.0008466758299618959,,2019-06-01,,0.521
AAHEHJ1H,0,0,,,,Censored No Alarm,0,0,0,0,0,1,0.0008466758299618959,,2019-05-27,,0.521
AAHEHL5H,0,0,,,,Censored No Alarm,0,0,0,0,0,1,0.003416759427636862,,2019-05-27,,0.521
AAHEHP8H,0,0,,,,Censored No Alarm,0,0,0,0,0,1,0.0008466758299618959,,2019-05-27,,0.521
AAHEHRSH,0,0,,,,Censored No Alarm,0,0,0,0,0,1,0.0008466758299618959,,2019-05-27,,0.521
AAHEHS0H,0,0,,,,Censored No Alarm,0,0,0,0,0,1,0.0008613721001893282,,2019-05-27,,0.521
AAHEHTDH,0,0,,,,Censored No Alarm,0,0,0,0,0,1,0.0008466758299618959,,2019-05-27,,0.521
AAHEHTNH,0,0,,,,Censored No Alarm,0,0,0,0,0,1,0.0008613721001893282,,2019-05-27,,0.521
AAHEHTPH,0,0,,,,Censored No Alarm,0,0,0,0,0,1,0.0008466758299618959,,2019-05-27,,0.521
AAHEHVUH,0,0,,,,Censored No Alarm,0,0,0,0,0,1,0.0015790038742125034,,2019-05-27,,0.521
AAHEHY7H,0,0,,,,Censored No Alarm,0,0,0,0,0,1,0.0008466758299618959,,2019-05-27,,0.521
AAHEHZ2H,0,0,,,,Censored No Alarm,0,0,0,0,0,1,0.0008466758299618959,,2019-05-27,,0.521
AAHEHZPH,0,0,,,,Censored No Alarm,0,0,0,0,0,1,0.0008466758299618959,,2019-05-27,,0.521
AAHEHZXH,0,0,,,,Censored No Alarm,0,0,0,0,0,1,0.0008466758299618959,,2019-05-27,,0.521
AAHEJ43H,0,0,,,,Censored No Alarm,0,0,0,0,0,1,0.0008466758299618959,,2019-05-27,,0.521
AAHEJ4KH,0,0,,,,Censored No Alarm,0,0,0,0,0,1,0.0008466758299618959,,2019-05-27,,0.521
AAHEJ76H,0,0,,,,Censored No Alarm,0,0,0,0,0,1,0.0008466758299618959,,2019-05-27,,0.521
AAHEJDXH,0,0,,,,Censored No Alarm,0,0,0,0,0,1,0.0008466758299618959,,2019-05-27,,0.521
AAHEJE4H,0,0,,,,Censored No Alarm,0,0,0,0,0,1,0.0036998700816184282,,2019-05-27,,0.521
AAHEJHKH,0,0,,,,Censored No Alarm,0,0,0,0,0,1,0.0008613721001893282,,2019-05-27,,0.521
AAHGYKJH,1,0,,2024-07-24,,Missed,0,0,0,0,1,0,0.00832306407392025,,2019-08-13,,0.521
AAHH59AH,0,0,,,,Censored No Alarm,0,0,0,0,0,1,0.0008466758299618959,,2019-08-14,,0.521
AAHHAXAH,0,0,,,,Censored No Alarm,0,0,0,0,0,1,0.0020065628923475742,,2019-08-13,,0.521
AAHHXJ2H,0,0,,,,Censored No Alarm,0,0,0,0,0,1,0.004194751847535372,,2019-08-13,,0.521
AAHJG5XH,0,0,,,,Censored No Alarm,0,0,0,0,0,1,0.0008466758299618959,,2019-08-14,,0.521
AAHJP8BH,0,0,,,,Censored No Alarm,0,0,0,0,0,1,0.00850663986057043,,2019-06-01,,0.521
AAHK5PUH,0,0,,,,Censored No Alarm,0,0,0,0,0,1,0.0034211967140436172,,2019-06-01,,0.521
AAHK8NRH,0,0,,,,Censored No Alarm,0,0,0,0,0,1,0.0008570455829612911,,2019-08-13,,0.521
AAHKERJH,1,0,,2026-01-13,,Missed,0,0,0,0,1,0,0.03961295634508133,,2019-08-13,,0.521
AAHKKR8H,0,0,,,,Censored No Alarm,0,0,0,0,0,1,0.0008593688835389912,,2019-08-14,,0.521
AAHKLDKH,0,0,,,,Censored No Alarm,0,0,0,0,0,1,0.0008466758299618959,,2019-06-01,,0.521
AAHKM55H,1,0,,2025-03-25,,Missed,0,0,0,0,1,0,0.04219888150691986,,2019-08-14,,0.521
AAHKMW2H,1,0,,2022-01-12,,Missed,0,0,0,0,1,0,0.017717378214001656,,2019-06-01,,0.521
AAHKS17H,1,0,,2025-07-07,,Missed,0,0,0,0,1,0,0.09808746725320816,,2019-06-01,,0.521
AAHKWLAH,0,1,2025-03-24,,,Censored Early,0,0,1,1,0,0,0.7067137360572815,0.5355334877967834,2019-08-14,2049.0,0.521
AAHKX43H,1,0,,2019-11-25,,Missed,0,0,0,0,1,0,0.41289445757865906,,2019-08-14,,0.521
AAHKXKYH,0,0,,,,Censored No Alarm,0,0,0,0,0,1,0.01224517822265625,,2019-08-13,,0.521
AAHKXLYH,0,0,,,,Censored No Alarm,0,0,0,0,0,1,0.0008466758299618959,,2019-08-14,,0.521
AAHKXNHH,0,0,,,,Censored No Alarm,0,0,0,0,0,1,0.02149324305355549,,2019-08-14,,0.521
AAHKXZ7H,0,0,,,,Censored No Alarm,0,0,0,0,0,1,0.0008466758299618959,,2019-08-14,,0.521
AAHKYETH,0,0,,,,Censored No Alarm,0,0,0,0,0,1,0.0008466758299618959,,2019-05-16,,0.521
AAHL0PKH,0,0,,,,Censored No Alarm,0,0,0,0,0,1,0.006748235784471035,,2019-08-13,,0.521
AAHL0TLH,0,0,,,,Censored No Alarm,0,0,0,0,0,1,0.016588322818279266,,2019-06-01,,0.521
AAHL4K8H,0,0,,,,Censored No Alarm,0,0,0,0,0,1,0.004621393047273159,,2019-05-16,,0.521
AAHL5LRH,1,0,,2024-09-01,,Missed,0,0,0,0,1,0,0.07863862812519073,,2019-08-13,,0.521
AAHL9A9H,0,0,,,,Censored No Alarm,0,0,0,0,0,1,0.009585480205714703,,2019-08-13,,0.521
AAHL9XJH,0,0,,,,Censored No Alarm,0,0,0,0,0,1,0.007664489559829235,,2019-08-14,,0.521
AAHL9XLH,0,0,,,,Censored No Alarm,0,0,0,0,0,1,0.0008593688835389912,,2019-08-14,,0.521
AAHL9Y3H,0,0,,,,Censored No Alarm,0,0,0,0,0,1,0.0008466758299618959,,2019-08-14,,0.521
AAHL9YAH,0,0,,,,Censored No Alarm,0,0,0,0,0,1,0.0008466758299618959,,2019-08-14,,0.521
AAHL9ZYH,0,0,,,,Censored No Alarm,0,0,0,0,0,1,0.0008466758299618959,,2019-08-14,,0.521
AAHLBTZH,1,0,,2025-07-26,,Missed,0,0,0,0,1,0,0.1394813507795334,,2019-08-14,,0.521
AAHLBWGH,1,0,,2025-08-30,,Missed,0,0,0,0,1,0,0.2931698262691498,,2019-08-14,,0.521
AAHLBWSH,1,0,,2023-12-11,,Missed,0,0,0,0,1,0,0.0936807245016098,,2019-08-13,,0.521
AAHLBXVH,0,0,,,,Censored No Alarm,0,0,0,0,0,1,0.028690967708826065,,2019-08-14,,0.521
AAHLD3UH,1,0,,2025-03-11,,Missed,0,0,0,0,1,0,0.4596920609474182,,2019-08-13,,0.521
AAHLS5JH,0,0,,,,Censored No Alarm,0,0,0,0,0,1,0.0008466758299618959,,2019-05-16,,0.521
AAHLS7ZH,0,0,,,,Censored No Alarm,0,0,0,0,0,1,0.0008466758299618959,,2019-05-16,,0.521
AAHLS8YH,0,0,,,,Censored No Alarm,0,0,0,0,0,1,0.04389973357319832,,2019-05-16,,0.521
AAHLS9UH,0,0,,,,Censored No Alarm,0,0,0,0,0,1,0.0008466758299618959,,2019-05-16,,0.521
AAHLV30H,0,0,,,,Censored No Alarm,0,0,0,0,0,1,0.0008466758299618959,,2019-05-16,,0.521
AAHLV40H,1,1,2019-07-27,2019-08-05,9.0,On time,1,0,0,0,0,0,0.5575934648513794,0.5575934648513794,2019-05-16,72.0,0.521
AAHLV47H,0,0,,,,Censored No Alarm,0,0,0,0,0,1,0.0008466758299618959,,2019-05-16,,0.521
AAHLVTVH,0,0,,,,Censored No Alarm,0,0,0,0,0,1,0.0008466758299618959,,2019-05-27,,0.521
AAHLWE3H,0,0,,,,Censored No Alarm,0,0,0,0,0,1,0.0008613721001893282,,2019-05-27,,0.521
AAHLWKXH,0,0,,,,Censored No Alarm,0,0,0,0,0,1,0.0008466758299618959,,2019-05-16,,0.521
AAHLWM3H,0,0,,,,Censored No Alarm,0,0,0,0,0,1,0.0008466758299618959,,2019-05-27,,0.521
AAHLXJ1H,0,0,,,,Censored No Alarm,0,0,0,0,0,1,0.021494904533028603,,2019-05-04,,0.521
AAHLXJ9H,0,0,,,,Censored No Alarm,0,0,0,0,0,1,0.0008430883754044771,,2019-05-04,,0.521
AAHLXL5H,0,0,,,,Censored No Alarm,0,0,0,0,0,1,0.0008466758299618959,,2019-08-13,,0.521
AAHLXTXH,0,0,,,,Censored No Alarm,0,0,0,0,0,1,0.02257092110812664,,2019-05-16,,0.521
AAHLY01H,0,0,,,,Censored No Alarm,0,0,0,0,0,1,0.03129401057958603,,2019-05-27,,0.521
AAHLY04H,0,0,,,,Censored No Alarm,0,0,0,0,0,1,0.0008430883754044771,,2019-05-04,,0.521
AAHLY2TH,0,0,,,,Censored No Alarm,0,0,0,0,0,1,0.0008466758299618959,,2019-05-27,,0.521
AAHLY31H,1,1,2024-08-10,2025-07-25,349.0,Early,0,1,0,1,0,0,0.5771306753158569,0.5388267040252686,2019-08-13,1824.0,0.521
AAHLYJRH,0,0,,,,Censored No Alarm,0,0,0,0,0,1,0.0008466758299618959,,2019-05-27,,0.521
AAHLYY6H,0,0,,,,Censored No Alarm,0,0,0,0,0,1,0.0008466758299618959,,2019-05-16,,0.521
AAHM227H,0,0,,,,Censored No Alarm,0,0,0,0,0,1,0.0008466758299618959,,2019-08-13,,0.521
AAHM4E6H,0,0,,,,Censored No Alarm,0,0,0,0,0,1,0.0008466758299618959,,2019-05-27,,0.521
AAHM4HSH,0,0,,,,Censored No Alarm,0,0,0,0,0,1,0.0008430883754044771,,2019-05-04,,0.521
AAHM4KJH,0,0,,,,Censored No Alarm,0,0,0,0,0,1,0.0008466758299618959,,2019-08-13,,0.521
AAHM4S6H,0,0,,,,Censored No Alarm,0,0,0,0,0,1,0.0008430883754044771,,2019-05-04,,0.521
AAHM4S8H,0,0,,,,Censored No Alarm,0,0,0,0,0,1,0.0008430883754044771,,2019-05-04,,0.521
AAHM4SSH,0,0,,,,Censored No Alarm,0,0,0,0,0,1,0.0008430883754044771,,2019-05-04,,0.521
AAHM4T2H,0,0,,,,Censored No Alarm,0,0,0,0,0,1,0.0008430883754044771,,2019-05-04,,0.521
AAHM4T6H,0,0,,,,Censored No Alarm,0,0,0,0,0,1,0.0008466758299618959,,2019-08-13,,0.521
AAHM4TRH,0,0,,,,Censored No Alarm,0,0,0,0,0,1,0.0008613721001893282,,2019-08-13,,0.521
AAHM4UYH,0,0,,,,Censored No Alarm,0,0,0,0,0,1,0.0008430883754044771,,2019-05-04,,0.521
AAHM4WBH,0,0,,,,Censored No Alarm,0,0,0,0,0,1,0.0008466758299618959,,2019-05-16,,0.521
AAHM4WEH,0,0,,,,Censored No Alarm,0,0,0,0,0,1,0.0008430883754044771,,2019-05-04,,0.521
AAHM4XGH,0,0,,,,Censored No Alarm,0,0,0,0,0,1,0.0008466758299618959,,2019-08-14,,0.521
AAHM5Z4H,0,0,,,,Censored No Alarm,0,0,0,0,0,1,0.0008430883754044771,,2019-05-04,,0.521
AAHM5Z9H,0,0,,,,Censored No Alarm,0,0,0,0,0,1,0.0008833601023070514,,2019-05-04,,0.521
AAHM5ZHH,0,0,,,,Censored No Alarm,0,0,0,0,0,1,0.0008430883754044771,,2019-05-04,,0.521
AAHMD6GH,0,0,,,,Censored No Alarm,0,0,0,0,0,1,0.0008430883754044771,,2019-05-04,,0.521
AAHME7KH,0,0,,,,Censored No Alarm,0,0,0,0,0,1,0.000971808098256588,,2019-05-16,,0.521
AAHMGV8H,0,0,,,,Censored No Alarm,0,0,0,0,0,1,0.0008466758299618959,,2019-05-27,,0.521
AAHMH4LH,0,0,,,,Censored No Alarm,0,0,0,0,0,1,0.0008430883754044771,,2019-05-04,,0.521
AAHML65H,0,0,,,,Censored No Alarm,0,0,0,0,0,1,0.0018865534802898765,,2019-05-16,,0.521
AAHMN38H,0,0,,,,Censored No Alarm,0,0,0,0,0,1,0.000971808098256588,,2019-05-16,,0.521
AAHMR03H,1,0,,2025-11-26,,Missed,0,0,0,0,1,0,0.5025324821472168,,2019-05-16,,0.521
AAHMR2ZH,1,0,,2024-01-31,,Missed,0,0,0,0,1,0,0.008736802265048027,,2019-05-16,,0.521
AAHMSNRH,0,0,,,,Censored No Alarm,0,0,0,0,0,1,0.000971808098256588,,2019-05-16,,0.521
AAHMUYLH,0,0,,,,Censored No Alarm,0,0,0,0,0,1,0.0008466758299618959,,2019-05-16,,0.521
AAHMW6RH,0,0,,,,Censored No Alarm,0,0,0,0,0,1,0.003799280384555459,,2019-05-16,,0.521
AAHMW7NH,0,0,,,,Censored No Alarm,0,0,0,0,0,1,0.0008466758299618959,,2019-05-16,,0.521
