serial_number,hdd,model,threshold,has_failed,total_obs_days,total_alarm_count,alarm_ratio
2AG61PSY,HGST_20HUH721212ALN604,LGBM,0.993,0,2467,0,0.0
2AG8AVRY,HGST_20HUH721212ALN604,LGBM,0.993,0,2392,0,0.0
2AGEGU7Y,HGST_20HUH721212ALN604,LGBM,0.993,0,2471,0,0.0
2AGEU1JY,HGST_20HUH721212ALN604,LGBM,0.993,0,2466,0,0.0
2AGG48NY,HGST_20HUH721212ALN604,LGBM,0.993,0,2471,0,0.0
2AGG7H1Y,HGST_20HUH721212ALN604,LGBM,0.993,0,2471,0,0.0
2AGGHGJY,HGST_20HUH721212ALN604,LGBM,0.993,1,2015,0,0.0
2AGGHLEY,HGST_20HUH721212ALN604,LGBM,0.993,0,2466,0,0.0
2AGGHM0Y,HGST_20HUH721212ALN604,LGBM,0.993,0,2471,0,0.0
2AGGHMUY,HGST_20HUH721212ALN604,LGBM,0.993,0,2482,0,0.0
2AGGHR1Y,HGST_20HUH721212ALN604,LGBM,0.993,0,2471,0,0.0
2AGGHR7Y,HGST_20HUH721212ALN604,LGBM,0.993,0,2471,0,0.0
2AGGL0UY,HGST_20HUH721212ALN604,LGBM,0.993,1,1008,0,0.0
2AGGR3NY,HGST_20HUH721212ALN604,LGBM,0.993,0,2471,0,0.0
2AGGZNJY,HGST_20HUH721212ALN604,LGBM,0.993,0,2471,0,0.0
2AGH31BY,HGST_20HUH721212ALN604,LGBM,0.993,1,1620,0,0.0
2AGH31PY,HGST_20HUH721212ALN604,LGBM,0.993,1,2003,0,0.0
2AGH33SY,HGST_20HUH721212ALN604,LGBM,0.993,1,2174,1,0.00045998160073597056
2AGH34HY,HGST_20HUH721212ALN604,LGBM,0.993,0,2471,0,0.0
2AGH34PY,HGST_20HUH721212ALN604,LGBM,0.993,0,2471,0,0.0
2AGH35GY,HGST_20HUH721212ALN604,LGBM,0.993,0,2471,0,0.0
2AGHB9XY,HGST_20HUH721212ALN604,LGBM,0.993,1,2009,0,0.0
2AGHDYHY,HGST_20HUH721212ALN604,LGBM,0.993,0,2471,0,0.0
2AGHEP9Y,HGST_20HUH721212ALN604,LGBM,0.993,1,1888,0,0.0
2AGHGR1Y,HGST_20HUH721212ALN604,LGBM,0.993,0,2471,0,0.0
2AGHGRLY,HGST_20HUH721212ALN604,LGBM,0.993,0,2471,0,0.0
2AGHGRRY,HGST_20HUH721212ALN604,LGBM,0.993,0,2471,0,0.0
2AGHJD4Y,HGST_20HUH721212ALN604,LGBM,0.993,0,2464,6,0.002435064935064935
2AGHK55Y,HGST_20HUH721212ALN604,LGBM,0.993,0,2460,0,0.0
2AGHK8MY,HGST_20HUH721212ALN604,LGBM,0.993,0,2471,0,0.0
2AGHLEUY,HGST_20HUH721212ALN604,LGBM,0.993,1,1625,0,0.0
2AGHLGTY,HGST_20HUH721212ALN604,LGBM,0.993,1,2263,0,0.0
2AGHLKHY,HGST_20HUH721212ALN604,LGBM,0.993,0,2471,0,0.0
2AGHLMXY,HGST_20HUH721212ALN604,LGBM,0.993,0,2471,0,0.0
2AGHLN0Y,HGST_20HUH721212ALN604,LGBM,0.993,0,2471,0,0.0
2AGHMUTY,HGST_20HUH721212ALN604,LGBM,0.993,0,2471,0,0.0
2AGHMUYY,HGST_20HUH721212ALN604,LGBM,0.993,0,2466,0,0.0
2AGHMW5Y,HGST_20HUH721212ALN604,LGBM,0.993,0,2471,0,0.0
2AGHMXGY,HGST_20HUH721212ALN604,LGBM,0.993,1,1449,0,0.0
2AGHMYTY,HGST_20HUH721212ALN604,LGBM,0.993,0,2471,0,0.0
2AGHMZMY,HGST_20HUH721212ALN604,LGBM,0.993,0,2471,0,0.0
2AGHN0TY,HGST_20HUH721212ALN604,LGBM,0.993,1,515,31,0.06019417475728155
2AGHN0WY,HGST_20HUH721212ALN604,LGBM,0.993,0,2471,0,0.0
2AGHN16Y,HGST_20HUH721212ALN604,LGBM,0.993,0,2471,0,0.0
2AGHN2AY,HGST_20HUH721212ALN604,LGBM,0.993,0,2471,0,0.0
2AGHN3XY,HGST_20HUH721212ALN604,LGBM,0.993,0,2471,0,0.0
2AGHPDKY,HGST_20HUH721212ALN604,LGBM,0.993,0,2471,0,0.0
2AGHSJ4Y,HGST_20HUH721212ALN604,LGBM,0.993,0,2462,0,0.0
2AGHSS9Y,HGST_20HUH721212ALN604,LGBM,0.993,0,2471,0,0.0
2AGHTBYY,HGST_20HUH721212ALN604,LGBM,0.993,1,2071,81,0.039111540318686626
2AGHTGEY,HGST_20HUH721212ALN604,LGBM,0.993,1,1388,0,0.0
2AGHTKBY,HGST_20HUH721212ALN604,LGBM,0.993,0,2471,0,0.0
2AGLY65Y,HGST_20HUH721212ALN604,LGBM,0.993,1,1561,0,0.0
2AGM231Y,HGST_20HUH721212ALN604,LGBM,0.993,0,2494,0,0.0
2AGM23NY,HGST_20HUH721212ALN604,LGBM,0.993,0,2494,0,0.0
2AGM5UVY,HGST_20HUH721212ALN604,LGBM,0.993,0,2482,0,0.0
2AGM5V7Y,HGST_20HUH721212ALN604,LGBM,0.993,1,2390,0,0.0
2AGM5VBY,HGST_20HUH721212ALN604,LGBM,0.993,0,2482,0,0.0
2AGM5VHY,HGST_20HUH721212ALN604,LGBM,0.993,1,1985,0,0.0
2AGM5W9Y,HGST_20HUH721212ALN604,LGBM,0.993,1,2073,0,0.0
2AGM5YEY,HGST_20HUH721212ALN604,LGBM,0.993,0,2494,0,0.0
2AGM8EMY,HGST_20HUH721212ALN604,LGBM,0.993,1,1994,0,0.0
2AGM8EUY,HGST_20HUH721212ALN604,LGBM,0.993,0,2471,0,0.0
2AGM8J2Y,HGST_20HUH721212ALN604,LGBM,0.993,0,2482,0,0.0
2AGM8JAY,HGST_20HUH721212ALN604,LGBM,0.993,0,2468,0,0.0
2AGM8LNY,HGST_20HUH721212ALN604,LGBM,0.993,0,2486,1,0.00040225261464199515
2AGM8RJY,HGST_20HUH721212ALN604,LGBM,0.993,0,2393,0,0.0
2AGM8RTY,HGST_20HUH721212ALN604,LGBM,0.993,0,2480,1,0.0004032258064516129
2AGM8UNY,HGST_20HUH721212ALN604,LGBM,0.993,1,2310,1,0.0004329004329004329
2AGM8V7Y,HGST_20HUH721212ALN604,LGBM,0.993,0,2482,0,0.0
2AGM9MXY,HGST_20HUH721212ALN604,LGBM,0.993,1,2333,0,0.0
2AGM9PJY,HGST_20HUH721212ALN604,LGBM,0.993,0,2485,0,0.0
2AGM9RGY,HGST_20HUH721212ALN604,LGBM,0.993,1,1318,0,0.0
2AGM9S6Y,HGST_20HUH721212ALN604,LGBM,0.993,0,2482,0,0.0
2AGM9SDY,HGST_20HUH721212ALN604,LGBM,0.993,0,2494,0,0.0
2AGM9U1Y,HGST_20HUH721212ALN604,LGBM,0.993,0,2480,0,0.0
2AGMDJKY,HGST_20HUH721212ALN604,LGBM,0.993,0,2494,0,0.0
2AGMDUAY,HGST_20HUH721212ALN604,LGBM,0.993,1,1330,0,0.0
2AGMDY1Y,HGST_20HUH721212ALN604,LGBM,0.993,0,2392,0,0.0
2AGME0XY,HGST_20HUH721212ALN604,LGBM,0.993,1,1841,0,0.0
2AGME3BY,HGST_20HUH721212ALN604,LGBM,0.993,0,2482,0,0.0
2AGME9PY,HGST_20HUH721212ALN604,LGBM,0.993,1,1821,0,0.0
2AGMGAYY,HGST_20HUH721212ALN604,LGBM,0.993,0,2482,0,0.0
2AGMGDPY,HGST_20HUH721212ALN604,LGBM,0.993,0,2393,0,0.0
2AGMGKLY,HGST_20HUH721212ALN604,LGBM,0.993,0,2393,0,0.0
2AGMGXEY,HGST_20HUH721212ALN604,LGBM,0.993,0,2392,0,0.0
2AGMH2YY,HGST_20HUH721212ALN604,LGBM,0.993,1,2024,0,0.0
2AGMH3JY,HGST_20HUH721212ALN604,LGBM,0.993,0,2482,0,0.0
2AGMHK6Y,HGST_20HUH721212ALN604,LGBM,0.993,0,2494,0,0.0
2AGMHPEY,HGST_20HUH721212ALN604,LGBM,0.993,1,1852,0,0.0
2AGMHRYY,HGST_20HUH721212ALN604,LGBM,0.993,1,1828,1,0.0005470459518599562
2AGMHTLY,HGST_20HUH721212ALN604,LGBM,0.993,0,2494,0,0.0
2AGMHU7Y,HGST_20HUH721212ALN604,LGBM,0.993,1,1893,0,0.0
2AGMHVTY,HGST_20HUH721212ALN604,LGBM,0.993,0,2482,0,0.0
2AGMHWAY,HGST_20HUH721212ALN604,LGBM,0.993,1,1501,11,0.0073284477015323115
2AGMHXDY,HGST_20HUH721212ALN604,LGBM,0.993,1,2121,8,0.003771805752003772
2AGMHY3Y,HGST_20HUH721212ALN604,LGBM,0.993,1,2289,0,0.0
2AGMHY5Y,HGST_20HUH721212ALN604,LGBM,0.993,0,2393,0,0.0
2AGMJ35Y,HGST_20HUH721212ALN604,LGBM,0.993,0,2494,0,0.0
2AGMJ3JY,HGST_20HUH721212ALN604,LGBM,0.993,0,2482,0,0.0
2AGMJ3TY,HGST_20HUH721212ALN604,LGBM,0.993,0,2392,0,0.0
2AGMJ47Y,HGST_20HUH721212ALN604,LGBM,0.993,0,2466,0,0.0
2AGMJ5BY,HGST_20HUH721212ALN604,LGBM,0.993,1,731,0,0.0
2AGMKV4Y,HGST_20HUH721212ALN604,LGBM,0.993,1,2442,1,0.0004095004095004095
2AGMKVHY,HGST_20HUH721212ALN604,LGBM,0.993,1,1363,0,0.0
2AGMKVTY,HGST_20HUH721212ALN604,LGBM,0.993,1,1940,0,0.0
2AGMLMLY,HGST_20HUH721212ALN604,LGBM,0.993,0,2392,0,0.0
2AGMLSZY,HGST_20HUH721212ALN604,LGBM,0.993,1,442,1,0.0022624434389140274
2AGMLT7Y,HGST_20HUH721212ALN604,LGBM,0.993,0,2474,0,0.0
2AGMLWNY,HGST_20HUH721212ALN604,LGBM,0.993,0,2392,0,0.0
2AGMLZLY,HGST_20HUH721212ALN604,LGBM,0.993,1,2460,1,0.0004065040650406504
2AGMM0UY,HGST_20HUH721212ALN604,LGBM,0.993,0,2480,4,0.0016129032258064516
2AGMMNKY,HGST_20HUH721212ALN604,LGBM,0.993,0,2466,0,0.0
2AGMMU1Y,HGST_20HUH721212ALN604,LGBM,0.993,0,2482,0,0.0
2AGMMU4Y,HGST_20HUH721212ALN604,LGBM,0.993,0,2392,0,0.0
2AGMNB7Y,HGST_20HUH721212ALN604,LGBM,0.993,1,1415,0,0.0
2AGMNBEY,HGST_20HUH721212ALN604,LGBM,0.993,0,2482,0,0.0
2AGMND4Y,HGST_20HUH721212ALN604,LGBM,0.993,1,2369,3,0.001266357112705783
2AGMNE1Y,HGST_20HUH721212ALN604,LGBM,0.993,1,2244,0,0.0
2AGMNEBY,HGST_20HUH721212ALN604,LGBM,0.993,1,1921,0,0.0
2AGMNG0Y,HGST_20HUH721212ALN604,LGBM,0.993,0,2022,0,0.0
2AGMNJKY,HGST_20HUH721212ALN604,LGBM,0.993,1,2312,0,0.0
2AGMNM8Y,HGST_20HUH721212ALN604,LGBM,0.993,0,2392,0,0.0
2AGMNMWY,HGST_20HUH721212ALN604,LGBM,0.993,1,1448,0,0.0
2AGMNTXY,HGST_20HUH721212ALN604,LGBM,0.993,0,2482,0,0.0
2AGMNUVY,HGST_20HUH721212ALN604,LGBM,0.993,0,2494,0,0.0
2AGMNWBY,HGST_20HUH721212ALN604,LGBM,0.993,0,2393,0,0.0
2AGMNXRY,HGST_20HUH721212ALN604,LGBM,0.993,0,2393,0,0.0
2AGMP7ZY,HGST_20HUH721212ALN604,LGBM,0.993,0,2392,0,0.0
2AGMPBWY,HGST_20HUH721212ALN604,LGBM,0.993,0,2453,0,0.0
2AGMPD8Y,HGST_20HUH721212ALN604,LGBM,0.993,1,1562,0,0.0
2AGMPK3Y,HGST_20HUH721212ALN604,LGBM,0.993,0,2494,0,0.0
2AGMPL7Y,HGST_20HUH721212ALN604,LGBM,0.993,1,2115,0,0.0
2AGMPP1Y,HGST_20HUH721212ALN604,LGBM,0.993,0,2482,0,0.0
2AGMPP4Y,HGST_20HUH721212ALN604,LGBM,0.993,1,2313,16,0.006917423259835711
2AGMPPGY,HGST_20HUH721212ALN604,LGBM,0.993,0,2482,0,0.0
2AGMPSSY,HGST_20HUH721212ALN604,LGBM,0.993,0,2482,0,0.0
2AGMPT2Y,HGST_20HUH721212ALN604,LGBM,0.993,0,2482,0,0.0
2AGMPZ8Y,HGST_20HUH721212ALN604,LGBM,0.993,0,2392,0,0.0
2AGMS6PY,HGST_20HUH721212ALN604,LGBM,0.993,0,2392,0,0.0
2AGMSHHY,HGST_20HUH721212ALN604,LGBM,0.993,1,1197,0,0.0
2AGMTK0Y,HGST_20HUH721212ALN604,LGBM,0.993,1,2295,0,0.0
2AGMTL0Y,HGST_20HUH721212ALN604,LGBM,0.993,1,1445,0,0.0
2AGMTXAY,HGST_20HUH721212ALN604,LGBM,0.993,0,2393,0,0.0
2AGMUBMY,HGST_20HUH721212ALN604,LGBM,0.993,0,2466,0,0.0
2AGMUBRY,HGST_20HUH721212ALN604,LGBM,0.993,1,1819,0,0.0
2AGMV9UY,HGST_20HUH721212ALN604,LGBM,0.993,0,2393,0,0.0
2AGMVDDY,HGST_20HUH721212ALN604,LGBM,0.993,0,2482,0,0.0
2AGMWHVY,HGST_20HUH721212ALN604,LGBM,0.993,1,1892,0,0.0
2AGMZLMY,HGST_20HUH721212ALN604,LGBM,0.993,1,1373,0,0.0
2AGN038Y,HGST_20HUH721212ALN604,LGBM,0.993,0,2393,0,0.0
2AGN03MY,HGST_20HUH721212ALN604,LGBM,0.993,0,2393,0,0.0
2AGN05MY,HGST_20HUH721212ALN604,LGBM,0.993,0,2393,0,0.0
2AGN071Y,HGST_20HUH721212ALN604,LGBM,0.993,0,2393,0,0.0
2AGN07AY,HGST_20HUH721212ALN604,LGBM,0.993,0,2392,0,0.0
2AGN17RY,HGST_20HUH721212ALN604,LGBM,0.993,0,2393,0,0.0
2AGN1YNY,HGST_20HUH721212ALN604,LGBM,0.993,0,2392,0,0.0
2AGN29AY,HGST_20HUH721212ALN604,LGBM,0.993,0,2392,0,0.0
2AGN43EY,HGST_20HUH721212ALN604,LGBM,0.993,0,2393,0,0.0
2AGN5A3Y,HGST_20HUH721212ALN604,LGBM,0.993,0,2466,0,0.0
2AGN7GZY,HGST_20HUH721212ALN604,LGBM,0.993,0,2393,0,0.0
2AGN7XVY,HGST_20HUH721212ALN604,LGBM,0.993,0,2392,0,0.0
2AGN7XYY,HGST_20HUH721212ALN604,LGBM,0.993,0,2467,0,0.0
2AGN853Y,HGST_20HUH721212ALN604,LGBM,0.993,0,2392,0,0.0
2AGN8H9Y,HGST_20HUH721212ALN604,LGBM,0.993,0,2392,0,0.0
2AGN8Y9Y,HGST_20HUH721212ALN604,LGBM,0.993,0,2393,0,0.0
2AGN8ZGY,HGST_20HUH721212ALN604,LGBM,0.993,0,2466,0,0.0
2AGN90RY,HGST_20HUH721212ALN604,LGBM,0.993,1,1577,0,0.0
2AGN9N4Y,HGST_20HUH721212ALN604,LGBM,0.993,1,2033,3,0.0014756517461878996
2AGNAK7Y,HGST_20HUH721212ALN604,LGBM,0.993,0,2392,0,0.0
2AGNAKGY,HGST_20HUH721212ALN604,LGBM,0.993,0,2392,0,0.0
2AGNAYKY,HGST_20HUH721212ALN604,LGBM,0.993,0,2393,0,0.0
2AGNBWPY,HGST_20HUH721212ALN604,LGBM,0.993,0,2393,0,0.0
2AGND0EY,HGST_20HUH721212ALN604,LGBM,0.993,0,2393,0,0.0
2AGNEAHY,HGST_20HUH721212ALN604,LGBM,0.993,0,2393,0,0.0
2AGNEK5Y,HGST_20HUH721212ALN604,LGBM,0.993,0,2392,0,0.0
2AGNEN9Y,HGST_20HUH721212ALN604,LGBM,0.993,0,2392,0,0.0
2AGNEREY,HGST_20HUH721212ALN604,LGBM,0.993,0,2393,0,0.0
2AGNGZPY,HGST_20HUH721212ALN604,LGBM,0.993,0,2471,0,0.0
2AGNJE2Y,HGST_20HUH721212ALN604,LGBM,0.993,0,2466,0,0.0
2AGNJG7Y,HGST_20HUH721212ALN604,LGBM,0.993,0,2393,0,0.0
2AGNJGHY,HGST_20HUH721212ALN604,LGBM,0.993,0,2393,0,0.0
2AGNJRYY,HGST_20HUH721212ALN604,LGBM,0.993,0,2466,0,0.0
2AGNJTAY,HGST_20HUH721212ALN604,LGBM,0.993,0,2392,0,0.0
2AGNJTRY,HGST_20HUH721212ALN604,LGBM,0.993,0,2392,0,0.0
2AGNKB9Y,HGST_20HUH721212ALN604,LGBM,0.993,1,1570,0,0.0
2AGNKGXY,HGST_20HUH721212ALN604,LGBM,0.993,0,2392,0,0.0
2AGNKNJY,HGST_20HUH721212ALN604,LGBM,0.993,0,2392,0,0.0
2AGNKSPY,HGST_20HUH721212ALN604,LGBM,0.993,0,2392,0,0.0
2AGNKV4Y,HGST_20HUH721212ALN604,LGBM,0.993,0,2393,0,0.0
2AGNL61Y,HGST_20HUH721212ALN604,LGBM,0.993,0,2482,0,0.0
2AGNNTHY,HGST_20HUH721212ALN604,LGBM,0.993,0,2430,0,0.0
2AGNT47Y,HGST_20HUH721212ALN604,LGBM,0.993,0,2482,0,0.0
2AGP393Y,HGST_20HUH721212ALN604,LGBM,0.993,1,1406,4,0.002844950213371266
2AGP43EY,HGST_20HUH721212ALN604,LGBM,0.993,1,1936,0,0.0
2AGP5EDY,HGST_20HUH721212ALN604,LGBM,0.993,0,2482,0,0.0
2AGP5GBY,HGST_20HUH721212ALN604,LGBM,0.993,0,2482,0,0.0
2AGP5J1Y,HGST_20HUH721212ALN604,LGBM,0.993,0,2482,0,0.0
2AGP6TYY,HGST_20HUH721212ALN604,LGBM,0.993,0,2482,0,0.0
2AGP6UBY,HGST_20HUH721212ALN604,LGBM,0.993,0,2482,0,0.0
2AGP9W7Y,HGST_20HUH721212ALN604,LGBM,0.993,0,2482,0,0.0
2AGPHHKY,HGST_20HUH721212ALN604,LGBM,0.993,0,2466,0,0.0
2AGPHHTY,HGST_20HUH721212ALN604,LGBM,0.993,0,2466,0,0.0
2AGPJAVY,HGST_20HUH721212ALN604,LGBM,0.993,0,2471,0,0.0
2AGPJBGY,HGST_20HUH721212ALN604,LGBM,0.993,0,2471,0,0.0
2AGPJBNY,HGST_20HUH721212ALN604,LGBM,0.993,0,2471,0,0.0
2AGPJE5Y,HGST_20HUH721212ALN604,LGBM,0.993,0,2482,0,0.0
2AGPJGPY,HGST_20HUH721212ALN604,LGBM,0.993,1,649,0,0.0
2AGPJH1Y,HGST_20HUH721212ALN604,LGBM,0.993,1,1915,0,0.0
2AGPJHAY,HGST_20HUH721212ALN604,LGBM,0.993,0,2393,0,0.0
2AGPJHXY,HGST_20HUH721212ALN604,LGBM,0.993,0,2471,0,0.0
2AGPJL8Y,HGST_20HUH721212ALN604,LGBM,0.993,0,2471,0,0.0
2AGPJLWY,HGST_20HUH721212ALN604,LGBM,0.993,0,2393,0,0.0
2AGPJMRY,HGST_20HUH721212ALN604,LGBM,0.993,0,2393,0,0.0
2AGPJP0Y,HGST_20HUH721212ALN604,LGBM,0.993,0,2471,0,0.0
2AGPK9HY,HGST_20HUH721212ALN604,LGBM,0.993,0,2392,0,0.0
2AGPKA3Y,HGST_20HUH721212ALN604,LGBM,0.993,0,2392,0,0.0
2AGPKALY,HGST_20HUH721212ALN604,LGBM,0.993,0,2482,0,0.0
2AGPKARY,HGST_20HUH721212ALN604,LGBM,0.993,0,2482,0,0.0
2AGPKB2Y,HGST_20HUH721212ALN604,LGBM,0.993,0,2471,0,0.0
2AGPKTUY,HGST_20HUH721212ALN604,LGBM,0.993,0,2482,0,0.0
2AGPKVGY,HGST_20HUH721212ALN604,LGBM,0.993,0,2482,0,0.0
2AGPKWNY,HGST_20HUH721212ALN604,LGBM,0.993,1,1628,0,0.0
2AGPKX4Y,HGST_20HUH721212ALN604,LGBM,0.993,0,2482,0,0.0
2AGPL2YY,HGST_20HUH721212ALN604,LGBM,0.993,0,2482,0,0.0
2AGPL4UY,HGST_20HUH721212ALN604,LGBM,0.993,0,2482,0,0.0
2AGPL4ZY,HGST_20HUH721212ALN604,LGBM,0.993,0,2471,0,0.0
2AGPLSSY,HGST_20HUH721212ALN604,LGBM,0.993,0,2482,0,0.0
2AGPMDVY,HGST_20HUH721212ALN604,LGBM,0.993,0,2471,0,0.0
2AGPMEPY,HGST_20HUH721212ALN604,LGBM,0.993,0,2482,0,0.0
2AGPMGGY,HGST_20HUH721212ALN604,LGBM,0.993,0,2482,0,0.0
2AGPMM3Y,HGST_20HUH721212ALN604,LGBM,0.993,0,2471,0,0.0
2AGPMN9Y,HGST_20HUH721212ALN604,LGBM,0.993,0,2471,0,0.0
2AGPMRDY,HGST_20HUH721212ALN604,LGBM,0.993,0,2471,0,0.0
2AGPMY1Y,HGST_20HUH721212ALN604,LGBM,0.993,0,2482,0,0.0
2AGPN6PY,HGST_20HUH721212ALN604,LGBM,0.993,0,2482,0,0.0
2AGPPJAY,HGST_20HUH721212ALN604,LGBM,0.993,0,2482,0,0.0
2AGPPLLY,HGST_20HUH721212ALN604,LGBM,0.993,1,1659,0,0.0
2AGPR6YY,HGST_20HUH721212ALN604,LGBM,0.993,0,2482,0,0.0
2AGPR7RY,HGST_20HUH721212ALN604,LGBM,0.993,0,2482,0,0.0
2AGPR8EY,HGST_20HUH721212ALN604,LGBM,0.993,0,2482,0,0.0
2AGPRL8Y,HGST_20HUH721212ALN604,LGBM,0.993,0,2471,0,0.0
2AGPRMLY,HGST_20HUH721212ALN604,LGBM,0.993,1,2418,0,0.0
2AGPRMRY,HGST_20HUH721212ALN604,LGBM,0.993,1,1928,0,0.0
2AGPRRJY,HGST_20HUH721212ALN604,LGBM,0.993,0,2494,1,0.00040096230954290296
2AGPS2ZY,HGST_20HUH721212ALN604,LGBM,0.993,0,2482,0,0.0
2AGPSEDY,HGST_20HUH721212ALN604,LGBM,0.993,0,2471,0,0.0
2AGPSG5Y,HGST_20HUH721212ALN604,LGBM,0.993,0,2471,0,0.0
2AGPSGKY,HGST_20HUH721212ALN604,LGBM,0.993,0,2392,0,0.0
2AGPSJKY,HGST_20HUH721212ALN604,LGBM,0.993,0,2392,0,0.0
2AGPSRUY,HGST_20HUH721212ALN604,LGBM,0.993,0,2482,0,0.0
2AGPT2PY,HGST_20HUH721212ALN604,LGBM,0.993,0,2392,0,0.0
2AGPT48Y,HGST_20HUH721212ALN604,LGBM,0.993,0,2466,0,0.0
2AGPT7PY,HGST_20HUH721212ALN604,LGBM,0.993,0,2393,0,0.0
2AGPTL4Y,HGST_20HUH721212ALN604,LGBM,0.993,0,2471,0,0.0
2AGPTVLY,HGST_20HUH721212ALN604,LGBM,0.993,0,2466,0,0.0
5PG0TA6F,HGST_20HUH721212ALN604,LGBM,0.993,0,2050,0,0.0
5PG0TAKF,HGST_20HUH721212ALN604,LGBM,0.993,0,2122,0,0.0
5PJEJUHE,HGST_20HUH721212ALN604,LGBM,0.993,0,1525,0,0.0
5PJJHD9C,HGST_20HUH721212ALN604,LGBM,0.993,0,1323,0,0.0
5PJJLZTF,HGST_20HUH721212ALN604,LGBM,0.993,0,1550,0,0.0
5PJKZP4D,HGST_20HUH721212ALN604,LGBM,0.993,0,1306,0,0.0
5PJVPJGF,HGST_20HUH721212ALN604,LGBM,0.993,0,1751,0,0.0
5PK10N4B,HGST_20HUH721212ALN604,LGBM,0.993,0,435,0,0.0
5PK5ZB1B,HGST_20HUH721212ALN604,LGBM,0.993,0,672,0,0.0
5PKEBJVB,HGST_20HUH721212ALN604,LGBM,0.993,0,826,0,0.0
5PKVXW6B,HGST_20HUH721212ALN604,LGBM,0.993,0,639,0,0.0
5QG63PMB,HGST_20HUH721212ALN604,LGBM,0.993,0,643,0,0.0
5QGBH0MB,HGST_20HUH721212ALN604,LGBM,0.993,0,814,0,0.0
5QGG5KLB,HGST_20HUH721212ALN604,LGBM,0.993,0,1062,0,0.0
5QGG5UPB,HGST_20HUH721212ALN604,LGBM,0.993,0,1178,0,0.0
5QGGAELB,HGST_20HUH721212ALN604,LGBM,0.993,1,800,0,0.0
5QGGHWVB,HGST_20HUH721212ALN604,LGBM,0.993,0,807,0,0.0
5QH0Z60B,HGST_20HUH721212ALN604,LGBM,0.993,1,206,0,0.0
5QHDKVHB,HGST_20HUH721212ALN604,LGBM,0.993,0,836,0,0.0
5QHKE66B,HGST_20HUH721212ALN604,LGBM,0.993,0,683,0,0.0
5QHYP4MB,HGST_20HUH721212ALN604,LGBM,0.993,0,656,0,0.0
5QJBW5VB,HGST_20HUH721212ALN604,LGBM,0.993,1,109,0,0.0
5QJS57NB,HGST_20HUH721212ALN604,LGBM,0.993,0,769,0,0.0
5QKBEVWB,HGST_20HUH721212ALN604,LGBM,0.993,0,809,0,0.0
5QKDK07B,HGST_20HUH721212ALN604,LGBM,0.993,0,437,0,0.0
5QKHBVPB,HGST_20HUH721212ALN604,LGBM,0.993,0,641,0,0.0
5QKKSM3B,HGST_20HUH721212ALN604,LGBM,0.993,0,695,0,0.0
5QKV55TB,HGST_20HUH721212ALN604,LGBM,0.993,0,732,0,0.0
5QKV6W0B,HGST_20HUH721212ALN604,LGBM,0.993,0,931,0,0.0
5QKV74SB,HGST_20HUH721212ALN604,LGBM,0.993,0,783,0,0.0
5QKV778B,HGST_20HUH721212ALN604,LGBM,0.993,0,633,0,0.0
5QKV7UHB,HGST_20HUH721212ALN604,LGBM,0.993,0,728,0,0.0
5QKV85UB,HGST_20HUH721212ALN604,LGBM,0.993,0,821,0,0.0
5QKVAN8B,HGST_20HUH721212ALN604,LGBM,0.993,0,799,0,0.0
5QKVARLB,HGST_20HUH721212ALN604,LGBM,0.993,0,850,0,0.0
5QKVATKB,HGST_20HUH721212ALN604,LGBM,0.993,0,783,0,0.0
5QKVD71B,HGST_20HUH721212ALN604,LGBM,0.993,0,661,0,0.0
5QKVDDVB,HGST_20HUH721212ALN604,LGBM,0.993,0,621,0,0.0
5QKVETTB,HGST_20HUH721212ALN604,LGBM,0.993,0,613,0,0.0
5QKVEUZB,HGST_20HUH721212ALN604,LGBM,0.993,0,679,0,0.0
5QKVEXJB,HGST_20HUH721212ALN604,LGBM,0.993,0,823,0,0.0
5QKVGLWB,HGST_20HUH721212ALN604,LGBM,0.993,0,663,0,0.0
5QKVHPLB,HGST_20HUH721212ALN604,LGBM,0.993,0,664,0,0.0
5QKVHRMB,HGST_20HUH721212ALN604,LGBM,0.993,0,617,0,0.0
5QKVVTHB,HGST_20HUH721212ALN604,LGBM,0.993,0,686,0,0.0
8CGNK9GE,HGST_20HUH721212ALN604,LGBM,0.993,0,2382,0,0.0
8CGR1V5E,HGST_20HUH721212ALN604,LGBM,0.993,0,2466,0,0.0
8CGSN9XE,HGST_20HUH721212ALN604,LGBM,0.993,0,2482,0,0.0
8CGSTSRE,HGST_20HUH721212ALN604,LGBM,0.993,0,2494,0,0.0
8CGT5S2E,HGST_20HUH721212ALN604,LGBM,0.993,1,1985,0,0.0
8CGTW4VE,HGST_20HUH721212ALN604,LGBM,0.993,0,2466,0,0.0
8CGTZ9HE,HGST_20HUH721212ALN604,LGBM,0.993,1,1519,10,0.0065832784726793945
8CGU9LLE,HGST_20HUH721212ALN604,LGBM,0.993,0,2480,0,0.0
8CGV369E,HGST_20HUH721212ALN604,LGBM,0.993,0,2482,0,0.0
8CGVR04E,HGST_20HUH721212ALN604,LGBM,0.993,0,2452,0,0.0
8CGVTH0E,HGST_20HUH721212ALN604,LGBM,0.993,0,2494,0,0.0
8CGW3HPE,HGST_20HUH721212ALN604,LGBM,0.993,0,2494,0,0.0
8CGW6ULE,HGST_20HUH721212ALN604,LGBM,0.993,0,2494,0,0.0
8CGWPGEE,HGST_20HUH721212ALN604,LGBM,0.993,0,2482,0,0.0
8CGXKYVE,HGST_20HUH721212ALN604,LGBM,0.993,0,2494,0,0.0
8CGXNNUE,HGST_20HUH721212ALN604,LGBM,0.993,1,1075,0,0.0
8CGY4KUE,HGST_20HUH721212ALN604,LGBM,0.993,0,2482,0,0.0
8CGYJ5TE,HGST_20HUH721212ALN604,LGBM,0.993,0,2466,0,0.0
8CGYVS8E,HGST_20HUH721212ALN604,LGBM,0.993,0,2466,0,0.0
8CGYW96E,HGST_20HUH721212ALN604,LGBM,0.993,0,2466,0,0.0
8CGYXB6E,HGST_20HUH721212ALN604,LGBM,0.993,0,2385,0,0.0
8CGZ8K3E,HGST_20HUH721212ALN604,LGBM,0.993,0,2494,0,0.0
8CGZ8S1E,HGST_20HUH721212ALN604,LGBM,0.993,0,2494,0,0.0
8CGZ8SDE,HGST_20HUH721212ALN604,LGBM,0.993,0,2494,0,0.0
8CGZB98E,HGST_20HUH721212ALN604,LGBM,0.993,0,2392,0,0.0
8CGZB9VE,HGST_20HUH721212ALN604,LGBM,0.993,0,2466,0,0.0
8CGZKBME,HGST_20HUH721212ALN604,LGBM,0.993,0,2494,0,0.0
8CGZKDHE,HGST_20HUH721212ALN604,LGBM,0.993,0,2494,0,0.0
8CGZMEAE,HGST_20HUH721212ALN604,LGBM,0.993,0,2494,0,0.0
8CH02WUE,HGST_20HUH721212ALN604,LGBM,0.993,0,2392,0,0.0
8CH05AGE,HGST_20HUH721212ALN604,LGBM,0.993,0,2494,0,0.0
8CH06AGE,HGST_20HUH721212ALN604,LGBM,0.993,0,2482,0,0.0
8CH06B5E,HGST_20HUH721212ALN604,LGBM,0.993,0,2494,0,0.0
8CH06E7E,HGST_20HUH721212ALN604,LGBM,0.993,0,2494,0,0.0
8CH06EDE,HGST_20HUH721212ALN604,LGBM,0.993,0,2466,0,0.0
8CH0869E,HGST_20HUH721212ALN604,LGBM,0.993,0,2494,0,0.0
8CH08RNE,HGST_20HUH721212ALN604,LGBM,0.993,0,2385,0,0.0
8CH09GGE,HGST_20HUH721212ALN604,LGBM,0.993,0,2466,0,0.0
8CH0BYPE,HGST_20HUH721212ALN604,LGBM,0.993,0,2393,0,0.0
8CH0BYTE,HGST_20HUH721212ALN604,LGBM,0.993,0,2466,0,0.0
8CH0DM8E,HGST_20HUH721212ALN604,LGBM,0.993,0,2392,0,0.0
8CH0GNLE,HGST_20HUH721212ALN604,LGBM,0.993,0,2494,0,0.0
8CH0GNNE,HGST_20HUH721212ALN604,LGBM,0.993,0,2494,0,0.0
8CH0GNSE,HGST_20HUH721212ALN604,LGBM,0.993,0,2482,0,0.0
8CH0HRKE,HGST_20HUH721212ALN604,LGBM,0.993,0,2466,0,0.0
8CH0HTRE,HGST_20HUH721212ALN604,LGBM,0.993,0,2466,0,0.0
8CH0L5PE,HGST_20HUH721212ALN604,LGBM,0.993,0,2466,0,0.0
8CH0R06E,HGST_20HUH721212ALN604,LGBM,0.993,0,2494,0,0.0
8CH0R3YE,HGST_20HUH721212ALN604,LGBM,0.993,0,2393,0,0.0
8CH0TLTE,HGST_20HUH721212ALN604,LGBM,0.993,0,2393,0,0.0
8CH0TLUE,HGST_20HUH721212ALN604,LGBM,0.993,0,2466,0,0.0
8CH0TN2E,HGST_20HUH721212ALN604,LGBM,0.993,0,2466,0,0.0
8CH0TN3E,HGST_20HUH721212ALN604,LGBM,0.993,0,2393,0,0.0
8CH0TVRE,HGST_20HUH721212ALN604,LGBM,0.993,0,2385,0,0.0
8CH0V7TE,HGST_20HUH721212ALN604,LGBM,0.993,0,2466,0,0.0
8CH0VH1E,HGST_20HUH721212ALN604,LGBM,0.993,0,2482,0,0.0
8CH0VW0E,HGST_20HUH721212ALN604,LGBM,0.993,0,2466,0,0.0
8CH11KPE,HGST_20HUH721212ALN604,LGBM,0.993,0,2494,0,0.0
8CH13D7E,HGST_20HUH721212ALN604,LGBM,0.993,0,2466,0,0.0
8CH13DAE,HGST_20HUH721212ALN604,LGBM,0.993,0,2466,0,0.0
8CH15D3E,HGST_20HUH721212ALN604,LGBM,0.993,0,2482,0,0.0
8CH15YME,HGST_20HUH721212ALN604,LGBM,0.993,0,2466,0,0.0
8CH160KE,HGST_20HUH721212ALN604,LGBM,0.993,0,2392,0,0.0
8CH16PBE,HGST_20HUH721212ALN604,LGBM,0.993,0,2466,0,0.0
8CH16ZDE,HGST_20HUH721212ALN604,LGBM,0.993,0,2466,0,0.0
8CH16ZUE,HGST_20HUH721212ALN604,LGBM,0.993,0,2466,0,0.0
8CH17M9E,HGST_20HUH721212ALN604,LGBM,0.993,0,2466,0,0.0
8CH17MHE,HGST_20HUH721212ALN604,LGBM,0.993,0,2393,0,0.0
8CH190UE,HGST_20HUH721212ALN604,LGBM,0.993,1,957,0,0.0
8CH1APUE,HGST_20HUH721212ALN604,LGBM,0.993,1,2302,0,0.0
8CH1AR5E,HGST_20HUH721212ALN604,LGBM,0.993,0,2494,0,0.0
8CH1ARHE,HGST_20HUH721212ALN604,LGBM,0.993,1,1581,0,0.0
8CH1WBME,HGST_20HUH721212ALN604,LGBM,0.993,1,1829,0,0.0
8CH1XHUE,HGST_20HUH721212ALN604,LGBM,0.993,0,2494,0,0.0
8CH4AT4E,HGST_20HUH721212ALN604,LGBM,0.993,0,2471,0,0.0
8CH4X3TE,HGST_20HUH721212ALN604,LGBM,0.993,1,1246,0,0.0
8CH4YM4E,HGST_20HUH721212ALN604,LGBM,0.993,1,1388,0,0.0
8CH4YM6E,HGST_20HUH721212ALN604,LGBM,0.993,1,2123,0,0.0
8CH4YN8E,HGST_20HUH721212ALN604,LGBM,0.993,1,1791,0,0.0
8CH4Z6UE,HGST_20HUH721212ALN604,LGBM,0.993,0,2478,0,0.0
8CH5214E,HGST_20HUH721212ALN604,LGBM,0.993,1,1737,0,0.0
8CH52U5E,HGST_20HUH721212ALN604,LGBM,0.993,0,2481,0,0.0
8CH5B9LE,HGST_20HUH721212ALN604,LGBM,0.993,0,2482,0,0.0
8CH5E8EE,HGST_20HUH721212ALN604,LGBM,0.993,1,1420,0,0.0
8CH5HRYE,HGST_20HUH721212ALN604,LGBM,0.993,1,2050,0,0.0
8CHRG6JE,HGST_20HUH721212ALN604,LGBM,0.993,0,2283,0,0.0
8CHU2WSE,HGST_20HUH721212ALN604,LGBM,0.993,0,2077,0,0.0
8CHU7R9E,HGST_20HUH721212ALN604,LGBM,0.993,1,1281,0,0.0
8CHUHHXE,HGST_20HUH721212ALN604,LGBM,0.993,0,2075,0,0.0
8CJMA59E,HGST_20HUH721212ALN604,LGBM,0.993,0,699,0,0.0
8DG1BB5Y,HGST_20HUH721212ALN604,LGBM,0.993,0,423,0,0.0
8DG3MU5D,HGST_20HUH721212ALN604,LGBM,0.993,0,2783,0,0.0
8DG4SAUD,HGST_20HUH721212ALN604,LGBM,0.993,0,2783,0,0.0
8DG4SAZD,HGST_20HUH721212ALN604,LGBM,0.993,0,2783,0,0.0
8DG52U7D,HGST_20HUH721212ALN604,LGBM,0.993,0,2783,0,0.0
8DG52W9D,HGST_20HUH721212ALN604,LGBM,0.993,0,2783,0,0.0
8DG52WND,HGST_20HUH721212ALN604,LGBM,0.993,0,2783,0,0.0
8DG6S3UD,HGST_20HUH721212ALN604,LGBM,0.993,1,2155,0,0.0
8DG88GTY,HGST_20HUH721212ALN604,LGBM,0.993,0,425,0,0.0
8DG93TXY,HGST_20HUH721212ALN604,LGBM,0.993,0,700,0,0.0
8DJE2HWH,HGST_20HUH721212ALN604,LGBM,0.993,0,2613,0,0.0
8DJEPPSH,HGST_20HUH721212ALN604,LGBM,0.993,0,2613,0,0.0
8DJEPTWH,HGST_20HUH721212ALN604,LGBM,0.993,0,2613,0,0.0
8DJEUXLH,HGST_20HUH721212ALN604,LGBM,0.993,0,2613,0,0.0
8DK5NDLH,HGST_20HUH721212ALN604,LGBM,0.993,0,2250,0,0.0
8DKHU24H,HGST_20HUH721212ALN604,LGBM,0.993,0,2249,0,0.0
8DKUD8AH,HGST_20HUH721212ALN604,LGBM,0.993,0,2613,0,0.0
8DKV390H,HGST_20HUH721212ALN604,LGBM,0.993,0,2558,0,0.0
8HG28M3H,HGST_20HUH721212ALN604,LGBM,0.993,0,2558,0,0.0
8HG7LGUH,HGST_20HUH721212ALN604,LGBM,0.993,1,2189,101,0.046139789858382824
8HGBYHPH,HGST_20HUH721212ALN604,LGBM,0.993,0,1611,0,0.0
8HGNAB0H,HGST_20HUH721212ALN604,LGBM,0.993,0,2531,0,0.0
8HGZPYVH,HGST_20HUH721212ALN604,LGBM,0.993,0,1515,0,0.0
8HH12ZPH,HGST_20HUH721212ALN604,LGBM,0.993,0,2665,0,0.0
8HH5JYSH,HGST_20HUH721212ALN604,LGBM,0.993,0,2665,0,0.0
8HH8BNRH,HGST_20HUH721212ALN604,LGBM,0.993,0,2531,0,0.0
8HH8P7RH,HGST_20HUH721212ALN604,LGBM,0.993,0,2557,0,0.0
8HH901KH,HGST_20HUH721212ALN604,LGBM,0.993,0,2531,0,0.0
8HH9ZRUH,HGST_20HUH721212ALN604,LGBM,0.993,0,2558,0,0.0
8HHARE1H,HGST_20HUH721212ALN604,LGBM,0.993,1,1320,19,0.014393939393939395
8HHARGBH,HGST_20HUH721212ALN604,LGBM,0.993,0,2557,0,0.0
8HHATBKH,HGST_20HUH721212ALN604,LGBM,0.993,0,2558,0,0.0
8HHJXENH,HGST_20HUH721212ALN604,LGBM,0.993,0,2613,0,0.0
8HHNHSUH,HGST_20HUH721212ALN604,LGBM,0.993,1,2040,0,0.0
8HHPUREH,HGST_20HUH721212ALN604,LGBM,0.993,1,2011,0,0.0
8HHT1P2H,HGST_20HUH721212ALN604,LGBM,0.993,0,2665,0,0.0
8HHTWXYH,HGST_20HUH721212ALN604,LGBM,0.993,0,2665,0,0.0
8HHZ6MGH,HGST_20HUH721212ALN604,LGBM,0.993,0,2665,0,0.0
8HJ1NNDH,HGST_20HUH721212ALN604,LGBM,0.993,0,2665,0,0.0
8HJ6SJAH,HGST_20HUH721212ALN604,LGBM,0.993,0,2665,0,0.0
8HJ6SJTH,HGST_20HUH721212ALN604,LGBM,0.993,0,2665,0,0.0
8HJ74BPH,HGST_20HUH721212ALN604,LGBM,0.993,0,2665,0,0.0
8HJ7UJHH,HGST_20HUH721212ALN604,LGBM,0.993,0,2665,0,0.0
8HJ7Y9BH,HGST_20HUH721212ALN604,LGBM,0.993,0,2665,0,0.0
8HJ7Z0DH,HGST_20HUH721212ALN604,LGBM,0.993,0,2494,0,0.0
8HJ7Z10H,HGST_20HUH721212ALN604,LGBM,0.993,0,2665,0,0.0
8HJ7Z1MH,HGST_20HUH721212ALN604,LGBM,0.993,0,2665,0,0.0
8HJ86APH,HGST_20HUH721212ALN604,LGBM,0.993,0,2665,0,0.0
8HJ86NXH,HGST_20HUH721212ALN604,LGBM,0.993,0,2494,0,0.0
8HJ8LEXH,HGST_20HUH721212ALN604,LGBM,0.993,0,2494,0,0.0
8HJ8LKMH,HGST_20HUH721212ALN604,LGBM,0.993,1,2678,0,0.0
8HJ91WDH,HGST_20HUH721212ALN604,LGBM,0.993,0,2494,0,0.0
8HJ94EVH,HGST_20HUH721212ALN604,LGBM,0.993,0,2665,0,0.0
8HJ9JWTH,HGST_20HUH721212ALN604,LGBM,0.993,0,2665,0,0.0
8HJ9K7HH,HGST_20HUH721212ALN604,LGBM,0.993,1,2264,0,0.0
8HJ9KKGH,HGST_20HUH721212ALN604,LGBM,0.993,0,2494,0,0.0
8HJ9KN1H,HGST_20HUH721212ALN604,LGBM,0.993,0,2665,0,0.0
8HJ9LS1H,HGST_20HUH721212ALN604,LGBM,0.993,0,2665,0,0.0
8HJ9M5NH,HGST_20HUH721212ALN604,LGBM,0.993,0,2665,0,0.0
8HJ9M94H,HGST_20HUH721212ALN604,LGBM,0.993,0,2665,0,0.0
8HJ9MZBH,HGST_20HUH721212ALN604,LGBM,0.993,0,2494,0,0.0
8HJ9NHPH,HGST_20HUH721212ALN604,LGBM,0.993,0,2665,0,0.0
8HJ9NKKH,HGST_20HUH721212ALN604,LGBM,0.993,0,2665,0,0.0
8HJ9RYSH,HGST_20HUH721212ALN604,LGBM,0.993,0,2665,0,0.0
8HJ9S05H,HGST_20HUH721212ALN604,LGBM,0.993,0,2665,0,0.0
8HJ9S0EH,HGST_20HUH721212ALN604,LGBM,0.993,0,2665,0,0.0
8HJ9Y3ZH,HGST_20HUH721212ALN604,LGBM,0.993,0,2494,0,0.0
8HJA085H,HGST_20HUH721212ALN604,LGBM,0.993,0,2665,0,0.0
8HJA2DPH,HGST_20HUH721212ALN604,LGBM,0.993,0,2665,0,0.0
8HJA8DBH,HGST_20HUH721212ALN604,LGBM,0.993,0,2665,0,0.0
8HJBNYTH,HGST_20HUH721212ALN604,LGBM,0.993,0,2613,0,0.0
8HJDK12H,HGST_20HUH721212ALN604,LGBM,0.993,0,2665,0,0.0
8HJDX4PH,HGST_20HUH721212ALN604,LGBM,0.993,0,2660,0,0.0
8HJEY89H,HGST_20HUH721212ALN604,LGBM,0.993,0,2558,0,0.0
8HJG85RH,HGST_20HUH721212ALN604,LGBM,0.993,0,2558,0,0.0
8HJGZPXH,HGST_20HUH721212ALN604,LGBM,0.993,0,2665,0,0.0
8HJH62EH,HGST_20HUH721212ALN604,LGBM,0.993,0,2665,0,0.0
8HJH8RWH,HGST_20HUH721212ALN604,LGBM,0.993,0,2558,0,0.0
8HJK2HSH,HGST_20HUH721212ALN604,LGBM,0.993,0,2665,0,0.0
8HJLKZRH,HGST_20HUH721212ALN604,LGBM,0.993,0,2665,0,0.0
8HJRD7PH,HGST_20HUH721212ALN604,LGBM,0.993,0,2558,0,0.0
8HJRUMWH,HGST_20HUH721212ALN604,LGBM,0.993,0,2665,0,0.0
8HJRVW4H,HGST_20HUH721212ALN604,LGBM,0.993,0,2665,0,0.0
8HJUGTVH,HGST_20HUH721212ALN604,LGBM,0.993,0,2665,0,0.0
8HJVJKPH,HGST_20HUH721212ALN604,LGBM,0.993,0,2665,0,0.0
8HJVUAGH,HGST_20HUH721212ALN604,LGBM,0.993,0,2665,0,0.0
8HJWBJXH,HGST_20HUH721212ALN604,LGBM,0.993,0,2665,0,0.0
8HJWHD6H,HGST_20HUH721212ALN604,LGBM,0.993,0,2665,0,0.0
8HJWHEJH,HGST_20HUH721212ALN604,LGBM,0.993,0,2531,0,0.0
8HJXG0WH,HGST_20HUH721212ALN604,LGBM,0.993,1,1260,0,0.0
8HJXKBDH,HGST_20HUH721212ALN604,LGBM,0.993,0,2558,0,0.0
8HJXU87H,HGST_20HUH721212ALN604,LGBM,0.993,0,2665,0,0.0
8HJY20MH,HGST_20HUH721212ALN604,LGBM,0.993,0,2665,0,0.0
8HJYTXWH,HGST_20HUH721212ALN604,LGBM,0.993,0,2665,0,0.0
8HJYU0JH,HGST_20HUH721212ALN604,LGBM,0.993,0,2660,0,0.0
8HJYZNZH,HGST_20HUH721212ALN604,LGBM,0.993,0,2665,0,0.0
8HJZ13TH,HGST_20HUH721212ALN604,LGBM,0.993,0,2665,0,0.0
8HJZADEH,HGST_20HUH721212ALN604,LGBM,0.993,0,2665,0,0.0
8HJZEG6H,HGST_20HUH721212ALN604,LGBM,0.993,1,1830,0,0.0
8HJZG4AH,HGST_20HUH721212ALN604,LGBM,0.993,0,2665,0,0.0
8HJZNVWH,HGST_20HUH721212ALN604,LGBM,0.993,0,2660,0,0.0
8HK087WH,HGST_20HUH721212ALN604,LGBM,0.993,0,2665,0,0.0
8HK0HH3H,HGST_20HUH721212ALN604,LGBM,0.993,0,2665,0,0.0
8HK12NNH,HGST_20HUH721212ALN604,LGBM,0.993,0,2665,0,0.0
8HK17SKH,HGST_20HUH721212ALN604,LGBM,0.993,0,2665,0,0.0
8HK17SWH,HGST_20HUH721212ALN604,LGBM,0.993,0,2665,0,0.0
8HK17SYH,HGST_20HUH721212ALN604,LGBM,0.993,0,1574,0,0.0
8HK19K9H,HGST_20HUH721212ALN604,LGBM,0.993,0,2665,0,0.0
8HK19KVH,HGST_20HUH721212ALN604,LGBM,0.993,0,2665,0,0.0
8HK1KY3H,HGST_20HUH721212ALN604,LGBM,0.993,0,2665,0,0.0
8HK1LYPH,HGST_20HUH721212ALN604,LGBM,0.993,0,2665,0,0.0
8HK1N18H,HGST_20HUH721212ALN604,LGBM,0.993,0,2665,0,0.0
8HK1PV7H,HGST_20HUH721212ALN604,LGBM,0.993,0,2665,0,0.0
8HK1UULH,HGST_20HUH721212ALN604,LGBM,0.993,0,2665,0,0.0
8HK1XAAH,HGST_20HUH721212ALN604,LGBM,0.993,1,1076,0,0.0
8HK224GH,HGST_20HUH721212ALN604,LGBM,0.993,0,2665,0,0.0
8HK25XSH,HGST_20HUH721212ALN604,LGBM,0.993,0,2665,0,0.0
8HK266WH,HGST_20HUH721212ALN604,LGBM,0.993,0,2665,0,0.0
8HK28TJH,HGST_20HUH721212ALN604,LGBM,0.993,0,2665,0,0.0
8HK28Y0H,HGST_20HUH721212ALN604,LGBM,0.993,0,2665,0,0.0
8HK2A1EH,HGST_20HUH721212ALN604,LGBM,0.993,0,2466,0,0.0
8HK2BA6H,HGST_20HUH721212ALN604,LGBM,0.993,0,2665,0,0.0
8HK2BAEH,HGST_20HUH721212ALN604,LGBM,0.993,0,2665,0,0.0
8HK2DVKH,HGST_20HUH721212ALN604,LGBM,0.993,0,2665,0,0.0
8HK2JXUH,HGST_20HUH721212ALN604,LGBM,0.993,0,2531,0,0.0
8HK2KY6H,HGST_20HUH721212ALN604,LGBM,0.993,0,2659,0,0.0
8HK2MXPH,HGST_20HUH721212ALN604,LGBM,0.993,0,2665,0,0.0
8HK2RMWH,HGST_20HUH721212ALN604,LGBM,0.993,0,2665,0,0.0
8HK2RNWH,HGST_20HUH721212ALN604,LGBM,0.993,0,2665,0,0.0
8HK2RP9H,HGST_20HUH721212ALN604,LGBM,0.993,0,2665,0,0.0
8HK2VLMH,HGST_20HUH721212ALN604,LGBM,0.993,0,2665,0,0.0
8HK2X4YH,HGST_20HUH721212ALN604,LGBM,0.993,0,2665,0,0.0
8HK2ZPDH,HGST_20HUH721212ALN604,LGBM,0.993,0,2494,0,0.0
8HK2ZT1H,HGST_20HUH721212ALN604,LGBM,0.993,0,2665,0,0.0
8HK31WMH,HGST_20HUH721212ALN604,LGBM,0.993,0,2494,0,0.0
8HK31Y8H,HGST_20HUH721212ALN604,LGBM,0.993,0,2665,0,0.0
8HK341ZH,HGST_20HUH721212ALN604,LGBM,0.993,0,2665,0,0.0
8HK34EZH,HGST_20HUH721212ALN604,LGBM,0.993,0,2665,0,0.0
8HK3BWZH,HGST_20HUH721212ALN604,LGBM,0.993,0,2665,0,0.0
8HK3GTLH,HGST_20HUH721212ALN604,LGBM,0.993,0,2665,0,0.0
8HK3GUXH,HGST_20HUH721212ALN604,LGBM,0.993,0,2665,0,0.0
8HK3MMSH,HGST_20HUH721212ALN604,LGBM,0.993,0,2665,0,0.0
8HK3NG2H,HGST_20HUH721212ALN604,LGBM,0.993,0,2660,0,0.0
8HK3NJMH,HGST_20HUH721212ALN604,LGBM,0.993,0,2665,0,0.0
8HK41HEH,HGST_20HUH721212ALN604,LGBM,0.993,0,2665,0,0.0
8HK69BMH,HGST_20HUH721212ALN604,LGBM,0.993,0,2558,0,0.0
8HK6T2AH,HGST_20HUH721212ALN604,LGBM,0.993,0,2665,0,0.0
8HK6TL7H,HGST_20HUH721212ALN604,LGBM,0.993,0,2665,0,0.0
8HK6UUDH,HGST_20HUH721212ALN604,LGBM,0.993,0,2531,0,0.0
8HK6V14H,HGST_20HUH721212ALN604,LGBM,0.993,0,2665,0,0.0
8HK6VSKH,HGST_20HUH721212ALN604,LGBM,0.993,1,1944,2,0.00102880658436214
8HK70X7H,HGST_20HUH721212ALN604,LGBM,0.993,0,2665,0,0.0
8HK7194H,HGST_20HUH721212ALN604,LGBM,0.993,0,2665,0,0.0
8HK72J0H,HGST_20HUH721212ALN604,LGBM,0.993,0,2665,0,0.0
8HK7DKMH,HGST_20HUH721212ALN604,LGBM,0.993,0,2557,0,0.0
8HK7E5DH,HGST_20HUH721212ALN604,LGBM,0.993,0,2665,0,0.0
8HK7E68H,HGST_20HUH721212ALN604,LGBM,0.993,0,2665,0,0.0
8HK7H58H,HGST_20HUH721212ALN604,LGBM,0.993,0,2665,0,0.0
8HK80P1H,HGST_20HUH721212ALN604,LGBM,0.993,0,2613,0,0.0
8HKB2WEH,HGST_20HUH721212ALN604,LGBM,0.993,0,2613,0,0.0
8HKB3M2H,HGST_20HUH721212ALN604,LGBM,0.993,0,2613,0,0.0
8HKB4R4H,HGST_20HUH721212ALN604,LGBM,0.993,0,2494,0,0.0
8HKBBKKH,HGST_20HUH721212ALN604,LGBM,0.993,0,2665,0,0.0
8HKBYNVH,HGST_20HUH721212ALN604,LGBM,0.993,0,2494,0,0.0
8HKE039H,HGST_20HUH721212ALN604,LGBM,0.993,0,2665,0,0.0
8HKE6E1H,HGST_20HUH721212ALN604,LGBM,0.993,0,2613,0,0.0
8HKE8S7H,HGST_20HUH721212ALN604,LGBM,0.993,0,2613,0,0.0
8HKEAWEH,HGST_20HUH721212ALN604,LGBM,0.993,0,2466,0,0.0
8HKEKYRH,HGST_20HUH721212ALN604,LGBM,0.993,0,2466,0,0.0
8HKG0GWH,HGST_20HUH721212ALN604,LGBM,0.993,0,2613,0,0.0
8HKHPZHH,HGST_20HUH721212ALN604,LGBM,0.993,0,2466,0,0.0
8HKJ4MAH,HGST_20HUH721212ALN604,LGBM,0.993,0,2552,0,0.0
8HKJ5KDH,HGST_20HUH721212ALN604,LGBM,0.993,1,2420,0,0.0
8HKL6STH,HGST_20HUH721212ALN604,LGBM,0.993,0,2557,0,0.0
8HKLRUSH,HGST_20HUH721212ALN604,LGBM,0.993,0,2558,0,0.0
8HKM415H,HGST_20HUH721212ALN604,LGBM,0.993,0,2558,0,0.0
8HKM5RVH,HGST_20HUH721212ALN604,LGBM,0.993,0,2531,0,0.0
8HKM654H,HGST_20HUH721212ALN604,LGBM,0.993,0,2531,0,0.0
8HKM9Z1H,HGST_20HUH721212ALN604,LGBM,0.993,0,2531,0,0.0
8HKMR21H,HGST_20HUH721212ALN604,LGBM,0.993,1,525,0,0.0
8HKNMW1H,HGST_20HUH721212ALN604,LGBM,0.993,0,2494,0,0.0
8HKNN28H,HGST_20HUH721212ALN604,LGBM,0.993,0,2466,0,0.0
8HKPM7RH,HGST_20HUH721212ALN604,LGBM,0.993,0,2557,0,0.0
8HKPZY9H,HGST_20HUH721212ALN604,LGBM,0.993,1,1966,0,0.0
8HKRER2H,HGST_20HUH721212ALN604,LGBM,0.993,0,2466,0,0.0
8HKS4X3H,HGST_20HUH721212ALN604,LGBM,0.993,0,2557,0,0.0
8HKTBA3H,HGST_20HUH721212ALN604,LGBM,0.993,1,2033,0,0.0
8HKTE54H,HGST_20HUH721212ALN604,LGBM,0.993,0,2558,0,0.0
8HKTH2SH,HGST_20HUH721212ALN604,LGBM,0.993,1,1733,0,0.0
8HKTK0XH,HGST_20HUH721212ALN604,LGBM,0.993,0,2613,0,0.0
8HKU0DXH,HGST_20HUH721212ALN604,LGBM,0.993,0,2558,0,0.0
8HKU3YTH,HGST_20HUH721212ALN604,LGBM,0.993,1,1950,0,0.0
8HKU4WXH,HGST_20HUH721212ALN604,LGBM,0.993,0,2613,0,0.0
8HKUEJHH,HGST_20HUH721212ALN604,LGBM,0.993,1,2221,0,0.0
8HKVW60H,HGST_20HUH721212ALN604,LGBM,0.993,0,2531,0,0.0
8HKW4NPH,HGST_20HUH721212ALN604,LGBM,0.993,0,2466,0,0.0
8HKWV1GH,HGST_20HUH721212ALN604,LGBM,0.993,0,2613,0,0.0
8HKWXJYH,HGST_20HUH721212ALN604,LGBM,0.993,0,2531,0,0.0
8HKY0KHH,HGST_20HUH721212ALN604,LGBM,0.993,1,1902,15,0.007886435331230283
8HKY66PH,HGST_20HUH721212ALN604,LGBM,0.993,0,2558,0,0.0
8HKYJ38H,HGST_20HUH721212ALN604,LGBM,0.993,0,2531,0,0.0
8HKYZ6YH,HGST_20HUH721212ALN604,LGBM,0.993,0,2531,0,0.0
8HKZ213H,HGST_20HUH721212ALN604,LGBM,0.993,0,2613,0,0.0
8HKZDBRH,HGST_20HUH721212ALN604,LGBM,0.993,0,2466,0,0.0
8HKZL75H,HGST_20HUH721212ALN604,LGBM,0.993,0,2380,0,0.0
AAG0EXPH,HGST_20HUH721212ALN604,LGBM,0.993,0,2613,0,0.0
AAG0LHRH,HGST_20HUH721212ALN604,LGBM,0.993,0,2613,0,0.0
AAG121VH,HGST_20HUH721212ALN604,LGBM,0.993,0,2558,0,0.0
AAG16VPH,HGST_20HUH721212ALN604,LGBM,0.993,0,2613,0,0.0
AAG18L0H,HGST_20HUH721212ALN604,LGBM,0.993,0,2531,0,0.0
AAG18MEH,HGST_20HUH721212ALN604,LGBM,0.993,0,2558,0,0.0
AAG197UH,HGST_20HUH721212ALN604,LGBM,0.993,0,2466,0,0.0
AAG1LSNH,HGST_20HUH721212ALN604,LGBM,0.993,1,2399,0,0.0
AAG1LSVH,HGST_20HUH721212ALN604,LGBM,0.993,0,2613,0,0.0
AAG1LW3H,HGST_20HUH721212ALN604,LGBM,0.993,1,2065,0,0.0
AAG1PLVH,HGST_20HUH721212ALN604,LGBM,0.993,0,2531,0,0.0
AAG1PM9H,HGST_20HUH721212ALN604,LGBM,0.993,0,2531,0,0.0
AAG1RJAH,HGST_20HUH721212ALN604,LGBM,0.993,0,2531,0,0.0
AAG1RK5H,HGST_20HUH721212ALN604,LGBM,0.993,0,2613,0,0.0
AAG1RR9H,HGST_20HUH721212ALN604,LGBM,0.993,0,2531,0,0.0
AAG1RUJH,HGST_20HUH721212ALN604,LGBM,0.993,0,2531,0,0.0
AAG1TGGH,HGST_20HUH721212ALN604,LGBM,0.993,0,2613,0,0.0
AAG1VJYH,HGST_20HUH721212ALN604,LGBM,0.993,0,2531,0,0.0
AAG1VNPH,HGST_20HUH721212ALN604,LGBM,0.993,0,2613,0,0.0
AAG1Z4AH,HGST_20HUH721212ALN604,LGBM,0.993,0,2393,0,0.0
AAG23A2H,HGST_20HUH721212ALN604,LGBM,0.993,0,2613,0,0.0
AAG23AKH,HGST_20HUH721212ALN604,LGBM,0.993,0,2613,0,0.0
AAG23AVH,HGST_20HUH721212ALN604,LGBM,0.993,0,2531,0,0.0
AAG246TH,HGST_20HUH721212ALN604,LGBM,0.993,0,2466,0,0.0
AAG24UVH,HGST_20HUH721212ALN604,LGBM,0.993,0,2613,0,0.0
AAG24VXH,HGST_20HUH721212ALN604,LGBM,0.993,0,2613,0,0.0
AAG26NBH,HGST_20HUH721212ALN604,LGBM,0.993,1,1667,0,0.0
AAG26TPH,HGST_20HUH721212ALN604,LGBM,0.993,0,2531,0,0.0
AAG26U9H,HGST_20HUH721212ALN604,LGBM,0.993,1,1336,0,0.0
AAG27VEH,HGST_20HUH721212ALN604,LGBM,0.993,0,2531,0,0.0
AAG27W2H,HGST_20HUH721212ALN604,LGBM,0.993,0,2558,0,0.0
AAG27XPH,HGST_20HUH721212ALN604,LGBM,0.993,1,2385,0,0.0
AAG27ZLH,HGST_20HUH721212ALN604,LGBM,0.993,0,2531,0,0.0
AAG281TH,HGST_20HUH721212ALN604,LGBM,0.993,1,2025,0,0.0
AAG2GGJH,HGST_20HUH721212ALN604,LGBM,0.993,0,2466,0,0.0
AAG2JGJH,HGST_20HUH721212ALN604,LGBM,0.993,1,2447,0,0.0
AAG2JL4H,HGST_20HUH721212ALN604,LGBM,0.993,0,2613,0,0.0
AAG2RZJH,HGST_20HUH721212ALN604,LGBM,0.993,0,2531,0,0.0
AAG2S62H,HGST_20HUH721212ALN604,LGBM,0.993,0,2531,0,0.0
AAG2S9YH,HGST_20HUH721212ALN604,LGBM,0.993,0,2466,0,0.0
AAG2SAYH,HGST_20HUH721212ALN604,LGBM,0.993,0,2392,0,0.0
AAG2SJ3H,HGST_20HUH721212ALN604,LGBM,0.993,0,2393,0,0.0
AAG2VSVH,HGST_20HUH721212ALN604,LGBM,0.993,0,2531,0,0.0
AAG2Y6JH,HGST_20HUH721212ALN604,LGBM,0.993,0,2531,0,0.0
AAG2Z67H,HGST_20HUH721212ALN604,LGBM,0.993,0,2466,0,0.0
AAG2ZU1H,HGST_20HUH721212ALN604,LGBM,0.993,0,2466,0,0.0
AAG305AH,HGST_20HUH721212ALN604,LGBM,0.993,0,2466,0,0.0
AAG306GH,HGST_20HUH721212ALN604,LGBM,0.993,0,2613,0,0.0
AAG34Z4H,HGST_20HUH721212ALN604,LGBM,0.993,0,2613,0,0.0
AAG350BH,HGST_20HUH721212ALN604,LGBM,0.993,0,2531,0,0.0
AAG350TH,HGST_20HUH721212ALN604,LGBM,0.993,0,2531,0,0.0
AAG3512H,HGST_20HUH721212ALN604,LGBM,0.993,0,2531,0,0.0
AAG352AH,HGST_20HUH721212ALN604,LGBM,0.993,0,2466,0,0.0
AAG353EH,HGST_20HUH721212ALN604,LGBM,0.993,0,2613,0,0.0
AAG35LWH,HGST_20HUH721212ALN604,LGBM,0.993,0,2613,1,0.0003827018752391887
AAG401PH,HGST_20HUH721212ALN604,LGBM,0.993,0,2613,0,0.0
AAG46YHH,HGST_20HUH721212ALN604,LGBM,0.993,0,2531,0,0.0
AAG477BH,HGST_20HUH721212ALN604,LGBM,0.993,0,2613,0,0.0
AAG478DH,HGST_20HUH721212ALN604,LGBM,0.993,0,2531,0,0.0
AAG48B3H,HGST_20HUH721212ALN604,LGBM,0.993,0,2557,0,0.0
AAG4AA9H,HGST_20HUH721212ALN604,LGBM,0.993,0,2558,0,0.0
AAG4VESH,HGST_20HUH721212ALN604,LGBM,0.993,0,2558,216,0.08444096950742767
AAG4Z4YH,HGST_20HUH721212ALN604,LGBM,0.993,0,2558,0,0.0
AAG4Z52H,HGST_20HUH721212ALN604,LGBM,0.993,0,2557,0,0.0
AAG4Z5AH,HGST_20HUH721212ALN604,LGBM,0.993,1,2261,0,0.0
AAG4ZABH,HGST_20HUH721212ALN604,LGBM,0.993,0,2558,0,0.0
AAG51RHH,HGST_20HUH721212ALN604,LGBM,0.993,0,2613,0,0.0
AAG540GH,HGST_20HUH721212ALN604,LGBM,0.993,0,2531,0,0.0
AAG5DTTH,HGST_20HUH721212ALN604,LGBM,0.993,0,2531,0,0.0
AAG5Y4DH,HGST_20HUH721212ALN604,LGBM,0.993,0,2613,0,0.0
AAG5Y4LH,HGST_20HUH721212ALN604,LGBM,0.993,0,2613,0,0.0
AAG5Y4TH,HGST_20HUH721212ALN604,LGBM,0.993,0,2613,0,0.0
AAG5Y4UH,HGST_20HUH721212ALN604,LGBM,0.993,0,2613,0,0.0
AAG5Y5UH,HGST_20HUH721212ALN604,LGBM,0.993,0,2613,0,0.0
AAG5YJ4H,HGST_20HUH721212ALN604,LGBM,0.993,0,2531,0,0.0
AAG5YLKH,HGST_20HUH721212ALN604,LGBM,0.993,0,2558,0,0.0
AAG5YYBH,HGST_20HUH721212ALN604,LGBM,0.993,0,2613,0,0.0
AAG5YYKH,HGST_20HUH721212ALN604,LGBM,0.993,1,2444,0,0.0
AAG5YZ8H,HGST_20HUH721212ALN604,LGBM,0.993,0,2531,0,0.0
AAG5YZZH,HGST_20HUH721212ALN604,LGBM,0.993,1,2343,1,0.0004268032437046522
AAG613MH,HGST_20HUH721212ALN604,LGBM,0.993,0,2613,0,0.0
AAG613RH,HGST_20HUH721212ALN604,LGBM,0.993,1,2345,0,0.0
AAG61KPH,HGST_20HUH721212ALN604,LGBM,0.993,0,2531,0,0.0
AAG61LHH,HGST_20HUH721212ALN604,LGBM,0.993,1,1905,8,0.004199475065616798
AAG61NEH,HGST_20HUH721212ALN604,LGBM,0.993,0,2613,0,0.0
AAG61NZH,HGST_20HUH721212ALN604,LGBM,0.993,0,2531,0,0.0
AAG61P2H,HGST_20HUH721212ALN604,LGBM,0.993,0,2558,0,0.0
AAG61UMH,HGST_20HUH721212ALN604,LGBM,0.993,0,2613,0,0.0
AAG61WRH,HGST_20HUH721212ALN604,LGBM,0.993,0,2558,0,0.0
AAG61Z1H,HGST_20HUH721212ALN604,LGBM,0.993,0,2613,0,0.0
AAG61ZAH,HGST_20HUH721212ALN604,LGBM,0.993,0,2558,0,0.0
AAG620PH,HGST_20HUH721212ALN604,LGBM,0.993,0,2531,0,0.0
AAG621WH,HGST_20HUH721212ALN604,LGBM,0.993,0,2613,0,0.0
AAG623DH,HGST_20HUH721212ALN604,LGBM,0.993,0,2613,0,0.0
AAG6376H,HGST_20HUH721212ALN604,LGBM,0.993,0,2531,0,0.0
AAG637RH,HGST_20HUH721212ALN604,LGBM,0.993,1,1233,0,0.0
AAG6381H,HGST_20HUH721212ALN604,LGBM,0.993,0,2613,0,0.0
AAG638GH,HGST_20HUH721212ALN604,LGBM,0.993,0,2613,0,0.0
AAG639BH,HGST_20HUH721212ALN604,LGBM,0.993,0,2613,0,0.0
AAG63DLH,HGST_20HUH721212ALN604,LGBM,0.993,0,2527,0,0.0
AAG63JSH,HGST_20HUH721212ALN604,LGBM,0.993,0,2557,0,0.0
AAG63PJH,HGST_20HUH721212ALN604,LGBM,0.993,0,2531,0,0.0
AAG63PKH,HGST_20HUH721212ALN604,LGBM,0.993,1,1179,0,0.0
AAG63PLH,HGST_20HUH721212ALN604,LGBM,0.993,0,2558,0,0.0
AAG63RGH,HGST_20HUH721212ALN604,LGBM,0.993,0,2558,0,0.0
AAG63TMH,HGST_20HUH721212ALN604,LGBM,0.993,1,2373,93,0.039190897597977246
AAG63TSH,HGST_20HUH721212ALN604,LGBM,0.993,0,2531,0,0.0
AAG63V6H,HGST_20HUH721212ALN604,LGBM,0.993,0,2531,0,0.0
AAG63WHH,HGST_20HUH721212ALN604,LGBM,0.993,1,2522,0,0.0
AAG63Z8H,HGST_20HUH721212ALN604,LGBM,0.993,1,2404,16,0.0066555740432612314
AAG6417H,HGST_20HUH721212ALN604,LGBM,0.993,1,1925,8,0.004155844155844156
AAG6436H,HGST_20HUH721212ALN604,LGBM,0.993,0,2466,0,0.0
AAG64VXH,HGST_20HUH721212ALN604,LGBM,0.993,0,2613,0,0.0
AAG6509H,HGST_20HUH721212ALN604,LGBM,0.993,0,2531,0,0.0
AAG67UZH,HGST_20HUH721212ALN604,LGBM,0.993,0,2531,0,0.0
AAG67V3H,HGST_20HUH721212ALN604,LGBM,0.993,1,2304,0,0.0
AAG67VBH,HGST_20HUH721212ALN604,LGBM,0.993,0,2531,0,0.0
AAG67W3H,HGST_20HUH721212ALN604,LGBM,0.993,0,2558,0,0.0
AAG67Z8H,HGST_20HUH721212ALN604,LGBM,0.993,0,2466,0,0.0
AAG682YH,HGST_20HUH721212ALN604,LGBM,0.993,1,1926,0,0.0
AAG683JH,HGST_20HUH721212ALN604,LGBM,0.993,0,2558,0,0.0
AAG686GH,HGST_20HUH721212ALN604,LGBM,0.993,0,2557,0,0.0
AAG6870H,HGST_20HUH721212ALN604,LGBM,0.993,0,2613,0,0.0
AAG6878H,HGST_20HUH721212ALN604,LGBM,0.993,0,2613,0,0.0
AAG687GH,HGST_20HUH721212ALN604,LGBM,0.993,0,2558,0,0.0
AAG687MH,HGST_20HUH721212ALN604,LGBM,0.993,0,2531,0,0.0
AAG68AGH,HGST_20HUH721212ALN604,LGBM,0.993,0,2466,0,0.0
AAG68AKH,HGST_20HUH721212ALN604,LGBM,0.993,0,2551,0,0.0
AAG68AUH,HGST_20HUH721212ALN604,LGBM,0.993,0,2613,0,0.0
AAG68AXH,HGST_20HUH721212ALN604,LGBM,0.993,0,2531,0,0.0
AAG68BRH,HGST_20HUH721212ALN604,LGBM,0.993,0,2608,0,0.0
AAG68EWH,HGST_20HUH721212ALN604,LGBM,0.993,1,1548,0,0.0
AAG68EXH,HGST_20HUH721212ALN604,LGBM,0.993,1,1993,0,0.0
AAG68KVH,HGST_20HUH721212ALN604,LGBM,0.993,0,2613,0,0.0
AAG691PH,HGST_20HUH721212ALN604,LGBM,0.993,0,2466,0,0.0
AAG691VH,HGST_20HUH721212ALN604,LGBM,0.993,0,2613,0,0.0
AAG69LHH,HGST_20HUH721212ALN604,LGBM,0.993,0,2466,0,0.0
AAG69TTH,HGST_20HUH721212ALN604,LGBM,0.993,0,2558,0,0.0
AAG69WWH,HGST_20HUH721212ALN604,LGBM,0.993,0,2613,0,0.0
AAG69YWH,HGST_20HUH721212ALN604,LGBM,0.993,0,2557,0,0.0
AAG6A03H,HGST_20HUH721212ALN604,LGBM,0.993,0,2557,0,0.0
AAG6A07H,HGST_20HUH721212ALN604,LGBM,0.993,0,2558,0,0.0
AAG6A0AH,HGST_20HUH721212ALN604,LGBM,0.993,0,2613,0,0.0
AAG6AATH,HGST_20HUH721212ALN604,LGBM,0.993,0,2466,0,0.0
AAG6AV4H,HGST_20HUH721212ALN604,LGBM,0.993,0,2558,0,0.0
AAG6AWTH,HGST_20HUH721212ALN604,LGBM,0.993,1,1930,0,0.0
AAG6AX6H,HGST_20HUH721212ALN604,LGBM,0.993,0,2513,0,0.0
AAG6B4HH,HGST_20HUH721212ALN604,LGBM,0.993,0,2531,0,0.0
AAG6B5KH,HGST_20HUH721212ALN604,LGBM,0.993,0,2531,0,0.0
AAG6DT9H,HGST_20HUH721212ALN604,LGBM,0.993,1,56,0,0.0
AAG6DVEH,HGST_20HUH721212ALN604,LGBM,0.993,0,2558,0,0.0
AAG6DXTH,HGST_20HUH721212ALN604,LGBM,0.993,0,2613,0,0.0
AAG6E2HH,HGST_20HUH721212ALN604,LGBM,0.993,0,2531,0,0.0
AAG6E60H,HGST_20HUH721212ALN604,LGBM,0.993,0,2558,0,0.0
AAG6E7EH,HGST_20HUH721212ALN604,LGBM,0.993,0,2531,0,0.0
AAG6E7RH,HGST_20HUH721212ALN604,LGBM,0.993,0,2551,0,0.0
AAG6ESPH,HGST_20HUH721212ALN604,LGBM,0.993,0,2613,0,0.0
AAG6EVRH,HGST_20HUH721212ALN604,LGBM,0.993,0,2613,0,0.0
AAG6EX3H,HGST_20HUH721212ALN604,LGBM,0.993,0,2613,0,0.0
AAG6GM1H,HGST_20HUH721212ALN604,LGBM,0.993,0,2531,0,0.0
AAG6H25H,HGST_20HUH721212ALN604,LGBM,0.993,0,2558,0,0.0
AAG6HG0H,HGST_20HUH721212ALN604,LGBM,0.993,0,2552,0,0.0
AAG6HSEH,HGST_20HUH721212ALN604,LGBM,0.993,0,2557,0,0.0
AAG6HYXH,HGST_20HUH721212ALN604,LGBM,0.993,0,2557,0,0.0
AAG6J1MH,HGST_20HUH721212ALN604,LGBM,0.993,0,2613,0,0.0
AAG6J1TH,HGST_20HUH721212ALN604,LGBM,0.993,1,2396,1,0.00041736227045075126
AAG6J2DH,HGST_20HUH721212ALN604,LGBM,0.993,1,1743,0,0.0
AAG6J2KH,HGST_20HUH721212ALN604,LGBM,0.993,1,1749,0,0.0
AAG6KJ6H,HGST_20HUH721212ALN604,LGBM,0.993,0,2531,0,0.0
AAG6KJPH,HGST_20HUH721212ALN604,LGBM,0.993,0,2531,0,0.0
AAG6KTJH,HGST_20HUH721212ALN604,LGBM,0.993,0,2557,0,0.0
AAG6KTRH,HGST_20HUH721212ALN604,LGBM,0.993,0,2613,0,0.0
AAG6KUAH,HGST_20HUH721212ALN604,LGBM,0.993,0,2580,0,0.0
AAG6KUJH,HGST_20HUH721212ALN604,LGBM,0.993,0,2558,0,0.0
AAG6KV6H,HGST_20HUH721212ALN604,LGBM,0.993,1,1003,0,0.0
AAG6L88H,HGST_20HUH721212ALN604,LGBM,0.993,0,2531,0,0.0
AAG6L8VH,HGST_20HUH721212ALN604,LGBM,0.993,0,2531,0,0.0
AAG6LD7H,HGST_20HUH721212ALN604,LGBM,0.993,1,2300,0,0.0
AAG6LDTH,HGST_20HUH721212ALN604,LGBM,0.993,0,2531,0,0.0
AAG6LEHH,HGST_20HUH721212ALN604,LGBM,0.993,0,2552,0,0.0
AAG6LEJH,HGST_20HUH721212ALN604,LGBM,0.993,0,2558,0,0.0
AAG6LG9H,HGST_20HUH721212ALN604,LGBM,0.993,0,2613,0,0.0
AAG6LTSH,HGST_20HUH721212ALN604,LGBM,0.993,0,2558,0,0.0
AAG6M3BH,HGST_20HUH721212ALN604,LGBM,0.993,0,2557,0,0.0
AAG6M8TH,HGST_20HUH721212ALN604,LGBM,0.993,0,2613,0,0.0
AAG6MABH,HGST_20HUH721212ALN604,LGBM,0.993,0,2494,0,0.0
AAG6NEEH,HGST_20HUH721212ALN604,LGBM,0.993,0,2531,0,0.0
AAG6NP0H,HGST_20HUH721212ALN604,LGBM,0.993,1,2033,119,0.05853418593212002
AAG6NPRH,HGST_20HUH721212ALN604,LGBM,0.993,1,2540,0,0.0
AAG6NRBH,HGST_20HUH721212ALN604,LGBM,0.993,1,1926,0,0.0
AAG6NRZH,HGST_20HUH721212ALN604,LGBM,0.993,0,2531,0,0.0
AAG6NS8H,HGST_20HUH721212ALN604,LGBM,0.993,0,2069,0,0.0
AAG6NSKH,HGST_20HUH721212ALN604,LGBM,0.993,0,2613,0,0.0
AAG6NVKH,HGST_20HUH721212ALN604,LGBM,0.993,0,2613,0,0.0
AAG6NW3H,HGST_20HUH721212ALN604,LGBM,0.993,0,2466,0,0.0
AAG6P40H,HGST_20HUH721212ALN604,LGBM,0.993,0,2613,0,0.0
AAG6P42H,HGST_20HUH721212ALN604,LGBM,0.993,0,2558,0,0.0
AAG6P4EH,HGST_20HUH721212ALN604,LGBM,0.993,0,2531,0,0.0
AAG6P9AH,HGST_20HUH721212ALN604,LGBM,0.993,0,2558,0,0.0
AAG6PWBH,HGST_20HUH721212ALN604,LGBM,0.993,0,2557,0,0.0
AAG6PY2H,HGST_20HUH721212ALN604,LGBM,0.993,0,2613,0,0.0
AAG6PYLH,HGST_20HUH721212ALN604,LGBM,0.993,0,2466,0,0.0
AAG6R0AH,HGST_20HUH721212ALN604,LGBM,0.993,0,2466,0,0.0
AAG6R2RH,HGST_20HUH721212ALN604,LGBM,0.993,0,2558,0,0.0
AAG6R32H,HGST_20HUH721212ALN604,LGBM,0.993,0,2558,0,0.0
AAG6R48H,HGST_20HUH721212ALN604,LGBM,0.993,0,2531,0,0.0
AAG6R8UH,HGST_20HUH721212ALN604,LGBM,0.993,0,2531,0,0.0
AAG6T4ZH,HGST_20HUH721212ALN604,LGBM,0.993,0,2531,0,0.0
AAG6T52H,HGST_20HUH721212ALN604,LGBM,0.993,1,1471,0,0.0
AAG6T55H,HGST_20HUH721212ALN604,LGBM,0.993,0,2466,0,0.0
AAG6T5JH,HGST_20HUH721212ALN604,LGBM,0.993,0,2482,0,0.0
AAG6T7LH,HGST_20HUH721212ALN604,LGBM,0.993,0,2558,0,0.0
AAG6T9NH,HGST_20HUH721212ALN604,LGBM,0.993,0,2466,0,0.0
AAG6TA8H,HGST_20HUH721212ALN604,LGBM,0.993,0,2613,0,0.0
AAG6TAHH,HGST_20HUH721212ALN604,LGBM,0.993,0,2466,0,0.0
AAG6TAKH,HGST_20HUH721212ALN604,LGBM,0.993,0,2466,0,0.0
AAG6TBBH,HGST_20HUH721212ALN604,LGBM,0.993,0,2531,0,0.0
AAG6TBJH,HGST_20HUH721212ALN604,LGBM,0.993,0,2613,0,0.0
AAG6THHH,HGST_20HUH721212ALN604,LGBM,0.993,0,2466,0,0.0
AAG6THJH,HGST_20HUH721212ALN604,LGBM,0.993,0,2466,0,0.0
AAG6THLH,HGST_20HUH721212ALN604,LGBM,0.993,0,2494,0,0.0
AAG6TRKH,HGST_20HUH721212ALN604,LGBM,0.993,0,2494,0,0.0
AAG6TS8H,HGST_20HUH721212ALN604,LGBM,0.993,0,2466,0,0.0
AAG6TSUH,HGST_20HUH721212ALN604,LGBM,0.993,0,2531,0,0.0
AAG6TT1H,HGST_20HUH721212ALN604,LGBM,0.993,0,2482,0,0.0
AAG6TT9H,HGST_20HUH721212ALN604,LGBM,0.993,0,2531,0,0.0
AAG6TTNH,HGST_20HUH721212ALN604,LGBM,0.993,0,2613,0,0.0
AAG6TUVH,HGST_20HUH721212ALN604,LGBM,0.993,0,2466,0,0.0
AAG6TVPH,HGST_20HUH721212ALN604,LGBM,0.993,0,2531,0,0.0
AAG6TY4H,HGST_20HUH721212ALN604,LGBM,0.993,0,2466,0,0.0
AAG6U5AH,HGST_20HUH721212ALN604,LGBM,0.993,0,2558,0,0.0
AAG6UKNH,HGST_20HUH721212ALN604,LGBM,0.993,0,2531,0,0.0
AAG6UMGH,HGST_20HUH721212ALN604,LGBM,0.993,0,2613,0,0.0
AAG6UMJH,HGST_20HUH721212ALN604,LGBM,0.993,0,2613,0,0.0
AAG6UNKH,HGST_20HUH721212ALN604,LGBM,0.993,0,2459,0,0.0
AAG6US4H,HGST_20HUH721212ALN604,LGBM,0.993,0,2558,0,0.0
AAG6UT0H,HGST_20HUH721212ALN604,LGBM,0.993,0,2466,0,0.0
AAG6UU8H,HGST_20HUH721212ALN604,LGBM,0.993,0,2613,0,0.0
AAG6UZTH,HGST_20HUH721212ALN604,LGBM,0.993,0,2531,0,0.0
AAG6V1MH,HGST_20HUH721212ALN604,LGBM,0.993,0,2531,0,0.0
AAG6V71H,HGST_20HUH721212ALN604,LGBM,0.993,0,2558,0,0.0
AAG6V7DH,HGST_20HUH721212ALN604,LGBM,0.993,0,2558,0,0.0
AAG6V7VH,HGST_20HUH721212ALN604,LGBM,0.993,0,2558,0,0.0
AAG6VHXH,HGST_20HUH721212ALN604,LGBM,0.993,0,2466,0,0.0
AAG6VJKH,HGST_20HUH721212ALN604,LGBM,0.993,0,2531,0,0.0
AAG6VM8H,HGST_20HUH721212ALN604,LGBM,0.993,0,2531,0,0.0
AAG6VMBH,HGST_20HUH721212ALN604,LGBM,0.993,0,2558,0,0.0
AAG6VMGH,HGST_20HUH721212ALN604,LGBM,0.993,0,2558,0,0.0
AAG6X6JH,HGST_20HUH721212ALN604,LGBM,0.993,0,2531,0,0.0
AAG6XU7H,HGST_20HUH721212ALN604,LGBM,0.993,1,386,6,0.015544041450777202
AAG6XWGH,HGST_20HUH721212ALN604,LGBM,0.993,0,2558,0,0.0
AAG6XWJH,HGST_20HUH721212ALN604,LGBM,0.993,1,2200,0,0.0
AAG6XXWH,HGST_20HUH721212ALN604,LGBM,0.993,0,2613,0,0.0
AAG6XYBH,HGST_20HUH721212ALN604,LGBM,0.993,0,2466,0,0.0
AAG6XYNH,HGST_20HUH721212ALN604,LGBM,0.993,0,2466,0,0.0
AAG6XZ6H,HGST_20HUH721212ALN604,LGBM,0.993,0,2531,0,0.0
AAG6XZNH,HGST_20HUH721212ALN604,LGBM,0.993,0,2466,0,0.0
AAG6Y0GH,HGST_20HUH721212ALN604,LGBM,0.993,0,2558,0,0.0
AAG6Y0KH,HGST_20HUH721212ALN604,LGBM,0.993,0,2613,0,0.0
AAG6Y1BH,HGST_20HUH721212ALN604,LGBM,0.993,0,2557,0,0.0
AAG6Y3LH,HGST_20HUH721212ALN604,LGBM,0.993,0,2531,0,0.0
AAG6Y3UH,HGST_20HUH721212ALN604,LGBM,0.993,0,2466,0,0.0
AAG6Y41H,HGST_20HUH721212ALN604,LGBM,0.993,0,2613,0,0.0
AAG6Y46H,HGST_20HUH721212ALN604,LGBM,0.993,0,2466,0,0.0
AAG6YZ1H,HGST_20HUH721212ALN604,LGBM,0.993,0,2531,0,0.0
AAG6YZ9H,HGST_20HUH721212ALN604,LGBM,0.993,0,2613,0,0.0
AAG6Z0DH,HGST_20HUH721212ALN604,LGBM,0.993,0,2613,0,0.0
AAG6Z17H,HGST_20HUH721212ALN604,LGBM,0.993,0,2466,0,0.0
AAG6Z1MH,HGST_20HUH721212ALN604,LGBM,0.993,0,2558,0,0.0
AAG6Z1XH,HGST_20HUH721212ALN604,LGBM,0.993,0,2558,0,0.0
AAG6Z2DH,HGST_20HUH721212ALN604,LGBM,0.993,0,2558,0,0.0
AAG6Z2RH,HGST_20HUH721212ALN604,LGBM,0.993,0,2466,0,0.0
AAG6Z42H,HGST_20HUH721212ALN604,LGBM,0.993,1,2151,0,0.0
AAG6Z4VH,HGST_20HUH721212ALN604,LGBM,0.993,0,2558,0,0.0
AAG6Z53H,HGST_20HUH721212ALN604,LGBM,0.993,0,2482,0,0.0
AAG6ZJ9H,HGST_20HUH721212ALN604,LGBM,0.993,0,2558,0,0.0
AAG705GH,HGST_20HUH721212ALN604,LGBM,0.993,0,2558,0,0.0
AAG7078H,HGST_20HUH721212ALN604,LGBM,0.993,0,2494,0,0.0
AAG70HDH,HGST_20HUH721212ALN604,LGBM,0.993,0,2613,0,0.0
AAG70JEH,HGST_20HUH721212ALN604,LGBM,0.993,0,2466,0,0.0
AAG70U9H,HGST_20HUH721212ALN604,LGBM,0.993,0,2613,0,0.0
AAG73ZWH,HGST_20HUH721212ALN604,LGBM,0.993,0,2613,0,0.0
AAG73ZZH,HGST_20HUH721212ALN604,LGBM,0.993,0,2531,0,0.0
AAG740EH,HGST_20HUH721212ALN604,LGBM,0.993,0,2613,0,0.0
AAG740NH,HGST_20HUH721212ALN604,LGBM,0.993,0,2466,0,0.0
AAG740WH,HGST_20HUH721212ALN604,LGBM,0.993,0,2558,0,0.0
AAG740YH,HGST_20HUH721212ALN604,LGBM,0.993,0,2527,0,0.0
AAG741PH,HGST_20HUH721212ALN604,LGBM,0.993,0,2531,0,0.0
AAG742EH,HGST_20HUH721212ALN604,LGBM,0.993,0,2531,0,0.0
AAG742JH,HGST_20HUH721212ALN604,LGBM,0.993,0,2466,0,0.0
AAG742WH,HGST_20HUH721212ALN604,LGBM,0.993,0,2613,0,0.0
AAG7431H,HGST_20HUH721212ALN604,LGBM,0.993,0,2613,0,0.0
AAG743EH,HGST_20HUH721212ALN604,LGBM,0.993,0,2466,0,0.0
AAG743UH,HGST_20HUH721212ALN604,LGBM,0.993,0,2613,0,0.0
AAG743VH,HGST_20HUH721212ALN604,LGBM,0.993,0,2613,0,0.0
AAG7454H,HGST_20HUH721212ALN604,LGBM,0.993,0,2531,0,0.0
AAG74DKH,HGST_20HUH721212ALN604,LGBM,0.993,0,2494,0,0.0
AAG74EAH,HGST_20HUH721212ALN604,LGBM,0.993,1,2277,98,0.043039086517347384
AAG74EBH,HGST_20HUH721212ALN604,LGBM,0.993,0,2531,0,0.0
AAG74EYH,HGST_20HUH721212ALN604,LGBM,0.993,0,2466,0,0.0
AAG74EZH,HGST_20HUH721212ALN604,LGBM,0.993,0,2466,0,0.0
AAG74VHH,HGST_20HUH721212ALN604,LGBM,0.993,0,2558,0,0.0
AAG74WRH,HGST_20HUH721212ALN604,LGBM,0.993,0,2466,0,0.0
AAG76HYH,HGST_20HUH721212ALN604,LGBM,0.993,1,943,12,0.012725344644750796
AAG77A5H,HGST_20HUH721212ALN604,LGBM,0.993,0,2466,0,0.0
AAG799NH,HGST_20HUH721212ALN604,LGBM,0.993,0,2557,0,0.0
AAG79B0H,HGST_20HUH721212ALN604,LGBM,0.993,0,2531,0,0.0
AAG7A8EH,HGST_20HUH721212ALN604,LGBM,0.993,0,2466,0,0.0
AAG7A9KH,HGST_20HUH721212ALN604,LGBM,0.993,0,2613,0,0.0
AAG7ADMH,HGST_20HUH721212ALN604,LGBM,0.993,0,2482,0,0.0
AAG7AGWH,HGST_20HUH721212ALN604,LGBM,0.993,0,2494,0,0.0
AAG7AHMH,HGST_20HUH721212ALN604,LGBM,0.993,0,2466,0,0.0
AAG7BP3H,HGST_20HUH721212ALN604,LGBM,0.993,0,2466,0,0.0
AAG7BPKH,HGST_20HUH721212ALN604,LGBM,0.993,0,2466,0,0.0
AAG7BRGH,HGST_20HUH721212ALN604,LGBM,0.993,0,2613,0,0.0
AAG7BS8H,HGST_20HUH721212ALN604,LGBM,0.993,0,2558,0,0.0
AAG7BWAH,HGST_20HUH721212ALN604,LGBM,0.993,0,2531,0,0.0
AAG7D1SH,HGST_20HUH721212ALN604,LGBM,0.993,0,2466,0,0.0
AAG7D29H,HGST_20HUH721212ALN604,LGBM,0.993,0,2531,0,0.0
AAG7D2PH,HGST_20HUH721212ALN604,LGBM,0.993,0,2466,0,0.0
AAG7D48H,HGST_20HUH721212ALN604,LGBM,0.993,0,2466,0,0.0
AAG7D4DH,HGST_20HUH721212ALN604,LGBM,0.993,0,2558,0,0.0
AAG7D85H,HGST_20HUH721212ALN604,LGBM,0.993,0,2466,0,0.0
AAG7DPYH,HGST_20HUH721212ALN604,LGBM,0.993,0,2558,0,0.0
AAG7DRDH,HGST_20HUH721212ALN604,LGBM,0.993,0,2558,0,0.0
AAG7DS9H,HGST_20HUH721212ALN604,LGBM,0.993,0,2558,0,0.0
AAG7DW0H,HGST_20HUH721212ALN604,LGBM,0.993,0,2494,0,0.0
AAG7E1MH,HGST_20HUH721212ALN604,LGBM,0.993,0,2558,0,0.0
AAG7E1PH,HGST_20HUH721212ALN604,LGBM,0.993,0,2613,0,0.0
AAG7E2HH,HGST_20HUH721212ALN604,LGBM,0.993,0,2557,0,0.0
AAG7LG4H,HGST_20HUH721212ALN604,LGBM,0.993,0,2558,0,0.0
AAG7LG7H,HGST_20HUH721212ALN604,LGBM,0.993,0,2482,0,0.0
AAG7LHYH,HGST_20HUH721212ALN604,LGBM,0.993,0,2531,0,0.0
AAG7LNAH,HGST_20HUH721212ALN604,LGBM,0.993,0,2466,0,0.0
AAG7LSWH,HGST_20HUH721212ALN604,LGBM,0.993,0,2613,0,0.0
AAG7LTHH,HGST_20HUH721212ALN604,LGBM,0.993,1,1946,0,0.0
AAG7LZEH,HGST_20HUH721212ALN604,LGBM,0.993,0,2557,0,0.0
AAG7M25H,HGST_20HUH721212ALN604,LGBM,0.993,0,2466,0,0.0
AAG7M3NH,HGST_20HUH721212ALN604,LGBM,0.993,0,2466,0,0.0
AAG7M3TH,HGST_20HUH721212ALN604,LGBM,0.993,0,2531,0,0.0
AAG7MMDH,HGST_20HUH721212ALN604,LGBM,0.993,0,2482,0,0.0
AAG7MP8H,HGST_20HUH721212ALN604,LGBM,0.993,0,2466,0,0.0
AAG7MULH,HGST_20HUH721212ALN604,LGBM,0.993,1,2553,0,0.0
AAG7MUNH,HGST_20HUH721212ALN604,LGBM,0.993,0,823,0,0.0
AAG7MVMH,HGST_20HUH721212ALN604,LGBM,0.993,0,2557,0,0.0
AAG7N3ZH,HGST_20HUH721212ALN604,LGBM,0.993,0,2531,0,0.0
AAG7N5WH,HGST_20HUH721212ALN604,LGBM,0.993,0,2531,0,0.0
AAG7N62H,HGST_20HUH721212ALN604,LGBM,0.993,0,2466,0,0.0
AAG7N63H,HGST_20HUH721212ALN604,LGBM,0.993,0,2531,0,0.0
AAG7N6MH,HGST_20HUH721212ALN604,LGBM,0.993,0,2494,0,0.0
AAG7PPHH,HGST_20HUH721212ALN604,LGBM,0.993,1,2389,0,0.0
AAG7R02H,HGST_20HUH721212ALN604,LGBM,0.993,0,2466,0,0.0
AAG7R5VH,HGST_20HUH721212ALN604,LGBM,0.993,0,2466,0,0.0
AAG7R93H,HGST_20HUH721212ALN604,LGBM,0.993,0,2466,0,0.0
AAG7RA1H,HGST_20HUH721212ALN604,LGBM,0.993,0,2613,0,0.0
AAG7RAMH,HGST_20HUH721212ALN604,LGBM,0.993,0,2557,0,0.0
AAG7RBDH,HGST_20HUH721212ALN604,LGBM,0.993,0,2494,0,0.0
AAG90D8H,HGST_20HUH721212ALN604,LGBM,0.993,0,2494,0,0.0
AAG9VK6H,HGST_20HUH721212ALN604,LGBM,0.993,0,2557,0,0.0
AAGA4YNH,HGST_20HUH721212ALN604,LGBM,0.993,0,2466,0,0.0
AAGA7W1H,HGST_20HUH721212ALN604,LGBM,0.993,1,1503,0,0.0
AAGA9E3H,HGST_20HUH721212ALN604,LGBM,0.993,0,2494,0,0.0
AAGH3VWH,HGST_20HUH721212ALN604,LGBM,0.993,0,2471,0,0.0
AAGMU4TH,HGST_20HUH721212ALN604,LGBM,0.993,0,2494,0,0.0
AAGN9D2H,HGST_20HUH721212ALN604,LGBM,0.993,1,1598,0,0.0
AAGP62KH,HGST_20HUH721212ALN604,LGBM,0.993,0,2466,0,0.0
AAGUS87H,HGST_20HUH721212ALN604,LGBM,0.993,0,2392,0,0.0
AAGVX4UH,HGST_20HUH721212ALN604,LGBM,0.993,0,2494,0,0.0
AAGWTB0H,HGST_20HUH721212ALN604,LGBM,0.993,0,2455,0,0.0
AAGXDBZH,HGST_20HUH721212ALN604,LGBM,0.993,0,2482,0,0.0
AAGXLP2H,HGST_20HUH721212ALN604,LGBM,0.993,0,2466,0,0.0
AAGXMJSH,HGST_20HUH721212ALN604,LGBM,0.993,0,2494,0,0.0
AAGXU8YH,HGST_20HUH721212ALN604,LGBM,0.993,0,2482,0,0.0
AAGXUBRH,HGST_20HUH721212ALN604,LGBM,0.993,0,2494,0,0.0
AAGXV97H,HGST_20HUH721212ALN604,LGBM,0.993,0,719,0,0.0
AAGXW8VH,HGST_20HUH721212ALN604,LGBM,0.993,0,2392,0,0.0
AAGXWUWH,HGST_20HUH721212ALN604,LGBM,0.993,0,2494,0,0.0
AAGXY3MH,HGST_20HUH721212ALN604,LGBM,0.993,1,2156,0,0.0
AAH22T7H,HGST_20HUH721212ALN604,LGBM,0.993,0,2494,0,0.0
AAH4NTGH,HGST_20HUH721212ALN604,LGBM,0.993,0,2494,0,0.0
AAH6DU2H,HGST_20HUH721212ALN604,LGBM,0.993,0,2385,0,0.0
AAH78SAH,HGST_20HUH721212ALN604,LGBM,0.993,0,2494,0,0.0
AAH7HJSH,HGST_20HUH721212ALN604,LGBM,0.993,0,2494,0,0.0
AAH7HKHH,HGST_20HUH721212ALN604,LGBM,0.993,0,2494,0,0.0
AAH7HNDH,HGST_20HUH721212ALN604,LGBM,0.993,0,2494,0,0.0
AAH7X19H,HGST_20HUH721212ALN604,LGBM,0.993,0,2494,0,0.0
AAH86SEH,HGST_20HUH721212ALN604,LGBM,0.993,0,2494,0,0.0
AAH8BLDH,HGST_20HUH721212ALN604,LGBM,0.993,0,2494,0,0.0
AAH8HPVH,HGST_20HUH721212ALN604,LGBM,0.993,0,2494,0,0.0
AAH8LPUH,HGST_20HUH721212ALN604,LGBM,0.993,0,2494,0,0.0
AAH8P7WH,HGST_20HUH721212ALN604,LGBM,0.993,0,2471,0,0.0
AAH8R0LH,HGST_20HUH721212ALN604,LGBM,0.993,0,2494,0,0.0
AAH8RG4H,HGST_20HUH721212ALN604,LGBM,0.993,0,2494,0,0.0
AAH8V76H,HGST_20HUH721212ALN604,LGBM,0.993,0,2494,0,0.0
AAH8V7KH,HGST_20HUH721212ALN604,LGBM,0.993,0,2494,0,0.0
AAH90NAH,HGST_20HUH721212ALN604,LGBM,0.993,1,1447,0,0.0
AAH919BH,HGST_20HUH721212ALN604,LGBM,0.993,0,2494,0,0.0
AAH9285H,HGST_20HUH721212ALN604,LGBM,0.993,0,2494,0,0.0
AAH92GHH,HGST_20HUH721212ALN604,LGBM,0.993,0,2494,0,0.0
AAH92HRH,HGST_20HUH721212ALN604,LGBM,0.993,0,2494,0,0.0
AAH92JGH,HGST_20HUH721212ALN604,LGBM,0.993,0,2494,0,0.0
AAH92V3H,HGST_20HUH721212ALN604,LGBM,0.993,0,2494,0,0.0
AAH9301H,HGST_20HUH721212ALN604,LGBM,0.993,1,1695,0,0.0
AAH9305H,HGST_20HUH721212ALN604,LGBM,0.993,0,2494,0,0.0
AAH9307H,HGST_20HUH721212ALN604,LGBM,0.993,1,1437,0,0.0
AAH93MDH,HGST_20HUH721212ALN604,LGBM,0.993,0,2494,0,0.0
AAH93RZH,HGST_20HUH721212ALN604,LGBM,0.993,0,2494,0,0.0
AAH953TH,HGST_20HUH721212ALN604,LGBM,0.993,0,2494,0,0.0
AAH9618H,HGST_20HUH721212ALN604,LGBM,0.993,0,2494,0,0.0
AAH9689H,HGST_20HUH721212ALN604,LGBM,0.993,0,2494,0,0.0
AAH96AUH,HGST_20HUH721212ALN604,LGBM,0.993,0,2494,0,0.0
AAH97BZH,HGST_20HUH721212ALN604,LGBM,0.993,0,2346,0,0.0
AAH99PNH,HGST_20HUH721212ALN604,LGBM,0.993,0,2494,0,0.0
AAH9BERH,HGST_20HUH721212ALN604,LGBM,0.993,0,2494,0,0.0
AAHAS1MH,HGST_20HUH721212ALN604,LGBM,0.993,0,2471,0,0.0
AAHAS9TH,HGST_20HUH721212ALN604,LGBM,0.993,0,2471,0,0.0
AAHB6YXH,HGST_20HUH721212ALN604,LGBM,0.993,0,2471,0,0.0
AAHB8Z9H,HGST_20HUH721212ALN604,LGBM,0.993,0,2471,0,0.0
AAHBKUHH,HGST_20HUH721212ALN604,LGBM,0.993,0,2471,0,0.0
AAHD7S9H,HGST_20HUH721212ALN604,LGBM,0.993,0,2479,0,0.0
AAHDJD5H,HGST_20HUH721212ALN604,LGBM,0.993,0,2471,0,0.0
AAHDJDSH,HGST_20HUH721212ALN604,LGBM,0.993,0,2471,0,0.0
AAHDJH3H,HGST_20HUH721212ALN604,LGBM,0.993,0,2459,0,0.0
AAHDUS5H,HGST_20HUH721212ALN604,LGBM,0.993,0,2471,0,0.0
AAHDUT6H,HGST_20HUH721212ALN604,LGBM,0.993,0,2471,0,0.0
AAHDYR0H,HGST_20HUH721212ALN604,LGBM,0.993,0,2471,0,0.0
AAHE23AH,HGST_20HUH721212ALN604,LGBM,0.993,0,2471,0,0.0
AAHE4SAH,HGST_20HUH721212ALN604,LGBM,0.993,0,2471,0,0.0
AAHEAGWH,HGST_20HUH721212ALN604,LGBM,0.993,0,2471,0,0.0
AAHEAHLH,HGST_20HUH721212ALN604,LGBM,0.993,0,2471,0,0.0
AAHED32H,HGST_20HUH721212ALN604,LGBM,0.993,0,2471,0,0.0
AAHED3GH,HGST_20HUH721212ALN604,LGBM,0.993,0,2471,0,0.0
AAHED8NH,HGST_20HUH721212ALN604,LGBM,0.993,0,2463,0,0.0
AAHED98H,HGST_20HUH721212ALN604,LGBM,0.993,0,2471,0,0.0
AAHEEVKH,HGST_20HUH721212ALN604,LGBM,0.993,0,2471,0,0.0
AAHEHEEH,HGST_20HUH721212ALN604,LGBM,0.993,0,2471,0,0.0
AAHEHHMH,HGST_20HUH721212ALN604,LGBM,0.993,0,2467,0,0.0
AAHEHJ0H,HGST_20HUH721212ALN604,LGBM,0.993,0,2466,0,0.0
AAHEHJ1H,HGST_20HUH721212ALN604,LGBM,0.993,0,2471,0,0.0
AAHEHL5H,HGST_20HUH721212ALN604,LGBM,0.993,0,2471,0,0.0
AAHEHP8H,HGST_20HUH721212ALN604,LGBM,0.993,0,2471,0,0.0
AAHEHRSH,HGST_20HUH721212ALN604,LGBM,0.993,0,2471,0,0.0
AAHEHS0H,HGST_20HUH721212ALN604,LGBM,0.993,0,2471,0,0.0
AAHEHTDH,HGST_20HUH721212ALN604,LGBM,0.993,0,2471,0,0.0
AAHEHTNH,HGST_20HUH721212ALN604,LGBM,0.993,0,2471,0,0.0
AAHEHTPH,HGST_20HUH721212ALN604,LGBM,0.993,0,2471,0,0.0
AAHEHVUH,HGST_20HUH721212ALN604,LGBM,0.993,0,2471,0,0.0
AAHEHY7H,HGST_20HUH721212ALN604,LGBM,0.993,0,2471,0,0.0
AAHEHZ2H,HGST_20HUH721212ALN604,LGBM,0.993,0,2471,0,0.0
AAHEHZPH,HGST_20HUH721212ALN604,LGBM,0.993,0,2471,0,0.0
AAHEHZXH,HGST_20HUH721212ALN604,LGBM,0.993,0,2471,0,0.0
AAHEJ43H,HGST_20HUH721212ALN604,LGBM,0.993,0,2462,0,0.0
AAHEJ4KH,HGST_20HUH721212ALN604,LGBM,0.993,0,2471,0,0.0
AAHEJ76H,HGST_20HUH721212ALN604,LGBM,0.993,0,2471,0,0.0
AAHEJDXH,HGST_20HUH721212ALN604,LGBM,0.993,0,2471,0,0.0
AAHEJE4H,HGST_20HUH721212ALN604,LGBM,0.993,0,2471,0,0.0
AAHEJHKH,HGST_20HUH721212ALN604,LGBM,0.993,0,2471,0,0.0
AAHGYKJH,HGST_20HUH721212ALN604,LGBM,0.993,1,1808,0,0.0
AAHH59AH,HGST_20HUH721212ALN604,LGBM,0.993,0,2392,0,0.0
AAHHAXAH,HGST_20HUH721212ALN604,LGBM,0.993,0,2393,0,0.0
AAHHXJ2H,HGST_20HUH721212ALN604,LGBM,0.993,0,2393,0,0.0
AAHJG5XH,HGST_20HUH721212ALN604,LGBM,0.993,0,2392,0,0.0
AAHJP8BH,HGST_20HUH721212ALN604,LGBM,0.993,0,2466,0,0.0
AAHK5PUH,HGST_20HUH721212ALN604,LGBM,0.993,0,2466,0,0.0
AAHK8NRH,HGST_20HUH721212ALN604,LGBM,0.993,0,2393,0,0.0
AAHKERJH,HGST_20HUH721212ALN604,LGBM,0.993,1,2346,0,0.0
AAHKKR8H,HGST_20HUH721212ALN604,LGBM,0.993,0,2392,0,0.0
AAHKLDKH,HGST_20HUH721212ALN604,LGBM,0.993,0,2466,0,0.0
AAHKM55H,HGST_20HUH721212ALN604,LGBM,0.993,1,2051,0,0.0
AAHKMW2H,HGST_20HUH721212ALN604,LGBM,0.993,1,957,0,0.0
AAHKS17H,HGST_20HUH721212ALN604,LGBM,0.993,1,2215,1,0.0004514672686230248
AAHKWLAH,HGST_20HUH721212ALN604,LGBM,0.993,0,2392,0,0.0
AAHKX43H,HGST_20HUH721212ALN604,LGBM,0.993,1,104,1,0.009615384615384616
AAHKXKYH,HGST_20HUH721212ALN604,LGBM,0.993,0,2393,0,0.0
AAHKXLYH,HGST_20HUH721212ALN604,LGBM,0.993,0,2392,0,0.0
AAHKXNHH,HGST_20HUH721212ALN604,LGBM,0.993,0,2392,0,0.0
AAHKXZ7H,HGST_20HUH721212ALN604,LGBM,0.993,0,2392,0,0.0
AAHKYETH,HGST_20HUH721212ALN604,LGBM,0.993,0,2482,0,0.0
AAHL0PKH,HGST_20HUH721212ALN604,LGBM,0.993,0,1751,0,0.0
AAHL0TLH,HGST_20HUH721212ALN604,LGBM,0.993,0,2466,0,0.0
AAHL4K8H,HGST_20HUH721212ALN604,LGBM,0.993,0,2482,0,0.0
AAHL5LRH,HGST_20HUH721212ALN604,LGBM,0.993,1,1847,0,0.0
AAHL9A9H,HGST_20HUH721212ALN604,LGBM,0.993,0,2393,0,0.0
AAHL9XJH,HGST_20HUH721212ALN604,LGBM,0.993,0,2392,0,0.0
AAHL9XLH,HGST_20HUH721212ALN604,LGBM,0.993,0,2392,0,0.0
AAHL9Y3H,HGST_20HUH721212ALN604,LGBM,0.993,0,2392,0,0.0
AAHL9YAH,HGST_20HUH721212ALN604,LGBM,0.993,0,2392,0,0.0
AAHL9ZYH,HGST_20HUH721212ALN604,LGBM,0.993,0,2392,0,0.0
AAHLBTZH,HGST_20HUH721212ALN604,LGBM,0.993,1,2174,0,0.0
AAHLBWGH,HGST_20HUH721212ALN604,LGBM,0.993,1,2205,0,0.0
AAHLBWSH,HGST_20HUH721212ALN604,LGBM,0.993,1,1582,0,0.0
AAHLBXVH,HGST_20HUH721212ALN604,LGBM,0.993,0,2281,0,0.0
AAHLD3UH,HGST_20HUH721212ALN604,LGBM,0.993,1,2038,0,0.0
AAHLS5JH,HGST_20HUH721212ALN604,LGBM,0.993,0,2482,0,0.0
AAHLS7ZH,HGST_20HUH721212ALN604,LGBM,0.993,0,2482,0,0.0
AAHLS8YH,HGST_20HUH721212ALN604,LGBM,0.993,0,2482,0,0.0
AAHLS9UH,HGST_20HUH721212ALN604,LGBM,0.993,0,2482,0,0.0
AAHLV30H,HGST_20HUH721212ALN604,LGBM,0.993,0,2482,0,0.0
AAHLV40H,HGST_20HUH721212ALN604,LGBM,0.993,1,82,0,0.0
AAHLV47H,HGST_20HUH721212ALN604,LGBM,0.993,0,2482,0,0.0
AAHLVTVH,HGST_20HUH721212ALN604,LGBM,0.993,0,2471,0,0.0
AAHLWE3H,HGST_20HUH721212ALN604,LGBM,0.993,0,2471,0,0.0
AAHLWKXH,HGST_20HUH721212ALN604,LGBM,0.993,0,2482,0,0.0
AAHLWM3H,HGST_20HUH721212ALN604,LGBM,0.993,0,2471,0,0.0
AAHLXJ1H,HGST_20HUH721212ALN604,LGBM,0.993,0,2494,0,0.0
AAHLXJ9H,HGST_20HUH721212ALN604,LGBM,0.993,0,2490,0,0.0
AAHLXL5H,HGST_20HUH721212ALN604,LGBM,0.993,0,2393,0,0.0
AAHLXTXH,HGST_20HUH721212ALN604,LGBM,0.993,0,2470,0,0.0
AAHLY01H,HGST_20HUH721212ALN604,LGBM,0.993,0,2471,0,0.0
AAHLY04H,HGST_20HUH721212ALN604,LGBM,0.993,0,2494,0,0.0
AAHLY2TH,HGST_20HUH721212ALN604,LGBM,0.993,0,2471,0,0.0
AAHLY31H,HGST_20HUH721212ALN604,LGBM,0.993,1,2174,0,0.0
AAHLYJRH,HGST_20HUH721212ALN604,LGBM,0.993,0,2471,0,0.0
AAHLYY6H,HGST_20HUH721212ALN604,LGBM,0.993,0,2482,0,0.0
AAHM227H,HGST_20HUH721212ALN604,LGBM,0.993,0,2393,0,0.0
AAHM4E6H,HGST_20HUH721212ALN604,LGBM,0.993,0,2471,0,0.0
AAHM4HSH,HGST_20HUH721212ALN604,LGBM,0.993,0,2494,0,0.0
AAHM4KJH,HGST_20HUH721212ALN604,LGBM,0.993,0,2393,0,0.0
AAHM4S6H,HGST_20HUH721212ALN604,LGBM,0.993,0,2494,0,0.0
AAHM4S8H,HGST_20HUH721212ALN604,LGBM,0.993,0,2494,0,0.0
AAHM4SSH,HGST_20HUH721212ALN604,LGBM,0.993,0,2494,0,0.0
AAHM4T2H,HGST_20HUH721212ALN604,LGBM,0.993,0,2494,0,0.0
AAHM4T6H,HGST_20HUH721212ALN604,LGBM,0.993,0,2393,0,0.0
AAHM4TRH,HGST_20HUH721212ALN604,LGBM,0.993,0,2393,0,0.0
AAHM4UYH,HGST_20HUH721212ALN604,LGBM,0.993,0,2494,0,0.0
AAHM4WBH,HGST_20HUH721212ALN604,LGBM,0.993,0,2482,0,0.0
AAHM4WEH,HGST_20HUH721212ALN604,LGBM,0.993,0,2494,0,0.0
AAHM4XGH,HGST_20HUH721212ALN604,LGBM,0.993,0,2392,0,0.0
AAHM5Z4H,HGST_20HUH721212ALN604,LGBM,0.993,0,2494,0,0.0
AAHM5Z9H,HGST_20HUH721212ALN604,LGBM,0.993,0,2494,0,0.0
AAHM5ZHH,HGST_20HUH721212ALN604,LGBM,0.993,0,2494,0,0.0
AAHMD6GH,HGST_20HUH721212ALN604,LGBM,0.993,0,2494,0,0.0
AAHME7KH,HGST_20HUH721212ALN604,LGBM,0.993,0,2482,0,0.0
AAHMGV8H,HGST_20HUH721212ALN604,LGBM,0.993,0,2471,0,0.0
AAHMH4LH,HGST_20HUH721212ALN604,LGBM,0.993,0,2494,0,0.0
AAHML65H,HGST_20HUH721212ALN604,LGBM,0.993,0,2469,0,0.0
AAHMN38H,HGST_20HUH721212ALN604,LGBM,0.993,0,2482,0,0.0
AAHMR03H,HGST_20HUH721212ALN604,LGBM,0.993,1,2387,12,0.005027230833682447
AAHMR2ZH,HGST_20HUH721212ALN604,LGBM,0.993,1,1722,0,0.0
AAHMSNRH,HGST_20HUH721212ALN604,LGBM,0.993,0,2482,0,0.0
AAHMUYLH,HGST_20HUH721212ALN604,LGBM,0.993,0,2482,0,0.0
AAHMW6RH,HGST_20HUH721212ALN604,LGBM,0.993,0,2482,0,0.0
AAHMW7NH,HGST_20HUH721212ALN604,LGBM,0.993,0,2482,0,0.0
2AG61PSY,HGST_20HUH721212ALN604,XGB,0.289,0,2467,0,0.0
2AG8AVRY,HGST_20HUH721212ALN604,XGB,0.289,0,2392,0,0.0
2AGEGU7Y,HGST_20HUH721212ALN604,XGB,0.289,0,2471,0,0.0
2AGEU1JY,HGST_20HUH721212ALN604,XGB,0.289,0,2466,131,0.053122465531224655
2AGG48NY,HGST_20HUH721212ALN604,XGB,0.289,0,2471,0,0.0
2AGG7H1Y,HGST_20HUH721212ALN604,XGB,0.289,0,2471,0,0.0
2AGGHGJY,HGST_20HUH721212ALN604,XGB,0.289,1,2015,1,0.0004962779156327543
2AGGHLEY,HGST_20HUH721212ALN604,XGB,0.289,0,2466,0,0.0
2AGGHM0Y,HGST_20HUH721212ALN604,XGB,0.289,0,2471,0,0.0
2AGGHMUY,HGST_20HUH721212ALN604,XGB,0.289,0,2482,0,0.0
2AGGHR1Y,HGST_20HUH721212ALN604,XGB,0.289,0,2471,0,0.0
2AGGHR7Y,HGST_20HUH721212ALN604,XGB,0.289,0,2471,0,0.0
2AGGL0UY,HGST_20HUH721212ALN604,XGB,0.289,1,1008,0,0.0
2AGGR3NY,HGST_20HUH721212ALN604,XGB,0.289,0,2471,0,0.0
2AGGZNJY,HGST_20HUH721212ALN604,XGB,0.289,0,2471,0,0.0
2AGH31BY,HGST_20HUH721212ALN604,XGB,0.289,1,1620,0,0.0
2AGH31PY,HGST_20HUH721212ALN604,XGB,0.289,1,2003,0,0.0
2AGH33SY,HGST_20HUH721212ALN604,XGB,0.289,1,2174,5,0.0022999080036798527
2AGH34HY,HGST_20HUH721212ALN604,XGB,0.289,0,2471,0,0.0
2AGH34PY,HGST_20HUH721212ALN604,XGB,0.289,0,2471,0,0.0
2AGH35GY,HGST_20HUH721212ALN604,XGB,0.289,0,2471,0,0.0
2AGHB9XY,HGST_20HUH721212ALN604,XGB,0.289,1,2009,0,0.0
2AGHDYHY,HGST_20HUH721212ALN604,XGB,0.289,0,2471,0,0.0
2AGHEP9Y,HGST_20HUH721212ALN604,XGB,0.289,1,1888,0,0.0
2AGHGR1Y,HGST_20HUH721212ALN604,XGB,0.289,0,2471,0,0.0
2AGHGRLY,HGST_20HUH721212ALN604,XGB,0.289,0,2471,0,0.0
2AGHGRRY,HGST_20HUH721212ALN604,XGB,0.289,0,2471,0,0.0
2AGHJD4Y,HGST_20HUH721212ALN604,XGB,0.289,0,2464,0,0.0
2AGHK55Y,HGST_20HUH721212ALN604,XGB,0.289,0,2460,0,0.0
2AGHK8MY,HGST_20HUH721212ALN604,XGB,0.289,0,2471,0,0.0
2AGHLEUY,HGST_20HUH721212ALN604,XGB,0.289,1,1625,0,0.0
2AGHLGTY,HGST_20HUH721212ALN604,XGB,0.289,1,2263,0,0.0
2AGHLKHY,HGST_20HUH721212ALN604,XGB,0.289,0,2471,0,0.0
2AGHLMXY,HGST_20HUH721212ALN604,XGB,0.289,0,2471,0,0.0
2AGHLN0Y,HGST_20HUH721212ALN604,XGB,0.289,0,2471,0,0.0
2AGHMUTY,HGST_20HUH721212ALN604,XGB,0.289,0,2471,0,0.0
2AGHMUYY,HGST_20HUH721212ALN604,XGB,0.289,0,2466,0,0.0
2AGHMW5Y,HGST_20HUH721212ALN604,XGB,0.289,0,2471,0,0.0
2AGHMXGY,HGST_20HUH721212ALN604,XGB,0.289,1,1449,0,0.0
2AGHMYTY,HGST_20HUH721212ALN604,XGB,0.289,0,2471,0,0.0
2AGHMZMY,HGST_20HUH721212ALN604,XGB,0.289,0,2471,0,0.0
2AGHN0TY,HGST_20HUH721212ALN604,XGB,0.289,1,515,24,0.04660194174757282
2AGHN0WY,HGST_20HUH721212ALN604,XGB,0.289,0,2471,0,0.0
2AGHN16Y,HGST_20HUH721212ALN604,XGB,0.289,0,2471,0,0.0
2AGHN2AY,HGST_20HUH721212ALN604,XGB,0.289,0,2471,0,0.0
2AGHN3XY,HGST_20HUH721212ALN604,XGB,0.289,0,2471,0,0.0
2AGHPDKY,HGST_20HUH721212ALN604,XGB,0.289,0,2471,0,0.0
2AGHSJ4Y,HGST_20HUH721212ALN604,XGB,0.289,0,2462,0,0.0
2AGHSS9Y,HGST_20HUH721212ALN604,XGB,0.289,0,2471,0,0.0
2AGHTBYY,HGST_20HUH721212ALN604,XGB,0.289,1,2071,192,0.09270883631096088
2AGHTGEY,HGST_20HUH721212ALN604,XGB,0.289,1,1388,0,0.0
2AGHTKBY,HGST_20HUH721212ALN604,XGB,0.289,0,2471,0,0.0
2AGLY65Y,HGST_20HUH721212ALN604,XGB,0.289,1,1561,0,0.0
2AGM231Y,HGST_20HUH721212ALN604,XGB,0.289,0,2494,0,0.0
2AGM23NY,HGST_20HUH721212ALN604,XGB,0.289,0,2494,0,0.0
2AGM5UVY,HGST_20HUH721212ALN604,XGB,0.289,0,2482,0,0.0
2AGM5V7Y,HGST_20HUH721212ALN604,XGB,0.289,1,2390,37,0.015481171548117154
2AGM5VBY,HGST_20HUH721212ALN604,XGB,0.289,0,2482,0,0.0
2AGM5VHY,HGST_20HUH721212ALN604,XGB,0.289,1,1985,0,0.0
2AGM5W9Y,HGST_20HUH721212ALN604,XGB,0.289,1,2073,0,0.0
2AGM5YEY,HGST_20HUH721212ALN604,XGB,0.289,0,2494,0,0.0
2AGM8EMY,HGST_20HUH721212ALN604,XGB,0.289,1,1994,1,0.0005015045135406219
2AGM8EUY,HGST_20HUH721212ALN604,XGB,0.289,0,2471,0,0.0
2AGM8J2Y,HGST_20HUH721212ALN604,XGB,0.289,0,2482,0,0.0
2AGM8JAY,HGST_20HUH721212ALN604,XGB,0.289,0,2468,0,0.0
2AGM8LNY,HGST_20HUH721212ALN604,XGB,0.289,0,2486,0,0.0
2AGM8RJY,HGST_20HUH721212ALN604,XGB,0.289,0,2393,0,0.0
2AGM8RTY,HGST_20HUH721212ALN604,XGB,0.289,0,2480,0,0.0
2AGM8UNY,HGST_20HUH721212ALN604,XGB,0.289,1,2310,0,0.0
2AGM8V7Y,HGST_20HUH721212ALN604,XGB,0.289,0,2482,0,0.0
2AGM9MXY,HGST_20HUH721212ALN604,XGB,0.289,1,2333,0,0.0
2AGM9PJY,HGST_20HUH721212ALN604,XGB,0.289,0,2485,0,0.0
2AGM9RGY,HGST_20HUH721212ALN604,XGB,0.289,1,1318,0,0.0
2AGM9S6Y,HGST_20HUH721212ALN604,XGB,0.289,0,2482,0,0.0
2AGM9SDY,HGST_20HUH721212ALN604,XGB,0.289,0,2494,0,0.0
2AGM9U1Y,HGST_20HUH721212ALN604,XGB,0.289,0,2480,0,0.0
2AGMDJKY,HGST_20HUH721212ALN604,XGB,0.289,0,2494,0,0.0
2AGMDUAY,HGST_20HUH721212ALN604,XGB,0.289,1,1330,0,0.0
2AGMDY1Y,HGST_20HUH721212ALN604,XGB,0.289,0,2392,0,0.0
2AGME0XY,HGST_20HUH721212ALN604,XGB,0.289,1,1841,0,0.0
2AGME3BY,HGST_20HUH721212ALN604,XGB,0.289,0,2482,0,0.0
2AGME9PY,HGST_20HUH721212ALN604,XGB,0.289,1,1821,1,0.0005491488193300384
2AGMGAYY,HGST_20HUH721212ALN604,XGB,0.289,0,2482,0,0.0
2AGMGDPY,HGST_20HUH721212ALN604,XGB,0.289,0,2393,0,0.0
2AGMGKLY,HGST_20HUH721212ALN604,XGB,0.289,0,2393,0,0.0
2AGMGXEY,HGST_20HUH721212ALN604,XGB,0.289,0,2392,0,0.0
2AGMH2YY,HGST_20HUH721212ALN604,XGB,0.289,1,2024,0,0.0
2AGMH3JY,HGST_20HUH721212ALN604,XGB,0.289,0,2482,0,0.0
2AGMHK6Y,HGST_20HUH721212ALN604,XGB,0.289,0,2494,0,0.0
2AGMHPEY,HGST_20HUH721212ALN604,XGB,0.289,1,1852,0,0.0
2AGMHRYY,HGST_20HUH721212ALN604,XGB,0.289,1,1828,0,0.0
2AGMHTLY,HGST_20HUH721212ALN604,XGB,0.289,0,2494,0,0.0
2AGMHU7Y,HGST_20HUH721212ALN604,XGB,0.289,1,1893,0,0.0
2AGMHVTY,HGST_20HUH721212ALN604,XGB,0.289,0,2482,0,0.0
2AGMHWAY,HGST_20HUH721212ALN604,XGB,0.289,1,1501,15,0.009993337774816789
2AGMHXDY,HGST_20HUH721212ALN604,XGB,0.289,1,2121,3,0.0014144271570014145
2AGMHY3Y,HGST_20HUH721212ALN604,XGB,0.289,1,2289,0,0.0
2AGMHY5Y,HGST_20HUH721212ALN604,XGB,0.289,0,2393,0,0.0
2AGMJ35Y,HGST_20HUH721212ALN604,XGB,0.289,0,2494,0,0.0
2AGMJ3JY,HGST_20HUH721212ALN604,XGB,0.289,0,2482,0,0.0
2AGMJ3TY,HGST_20HUH721212ALN604,XGB,0.289,0,2392,0,0.0
2AGMJ47Y,HGST_20HUH721212ALN604,XGB,0.289,0,2466,0,0.0
2AGMJ5BY,HGST_20HUH721212ALN604,XGB,0.289,1,731,0,0.0
2AGMKV4Y,HGST_20HUH721212ALN604,XGB,0.289,1,2442,0,0.0
2AGMKVHY,HGST_20HUH721212ALN604,XGB,0.289,1,1363,0,0.0
2AGMKVTY,HGST_20HUH721212ALN604,XGB,0.289,1,1940,0,0.0
2AGMLMLY,HGST_20HUH721212ALN604,XGB,0.289,0,2392,0,0.0
2AGMLSZY,HGST_20HUH721212ALN604,XGB,0.289,1,442,5,0.011312217194570135
2AGMLT7Y,HGST_20HUH721212ALN604,XGB,0.289,0,2474,0,0.0
2AGMLWNY,HGST_20HUH721212ALN604,XGB,0.289,0,2392,0,0.0
2AGMLZLY,HGST_20HUH721212ALN604,XGB,0.289,1,2460,0,0.0
2AGMM0UY,HGST_20HUH721212ALN604,XGB,0.289,0,2480,10,0.004032258064516129
2AGMMNKY,HGST_20HUH721212ALN604,XGB,0.289,0,2466,0,0.0
2AGMMU1Y,HGST_20HUH721212ALN604,XGB,0.289,0,2482,0,0.0
2AGMMU4Y,HGST_20HUH721212ALN604,XGB,0.289,0,2392,0,0.0
2AGMNB7Y,HGST_20HUH721212ALN604,XGB,0.289,1,1415,0,0.0
2AGMNBEY,HGST_20HUH721212ALN604,XGB,0.289,0,2482,0,0.0
2AGMND4Y,HGST_20HUH721212ALN604,XGB,0.289,1,2369,6,0.002532714225411566
2AGMNE1Y,HGST_20HUH721212ALN604,XGB,0.289,1,2244,0,0.0
2AGMNEBY,HGST_20HUH721212ALN604,XGB,0.289,1,1921,0,0.0
2AGMNG0Y,HGST_20HUH721212ALN604,XGB,0.289,0,2022,0,0.0
2AGMNJKY,HGST_20HUH721212ALN604,XGB,0.289,1,2312,12,0.005190311418685121
2AGMNM8Y,HGST_20HUH721212ALN604,XGB,0.289,0,2392,0,0.0
2AGMNMWY,HGST_20HUH721212ALN604,XGB,0.289,1,1448,0,0.0
2AGMNTXY,HGST_20HUH721212ALN604,XGB,0.289,0,2482,0,0.0
2AGMNUVY,HGST_20HUH721212ALN604,XGB,0.289,0,2494,0,0.0
2AGMNWBY,HGST_20HUH721212ALN604,XGB,0.289,0,2393,0,0.0
2AGMNXRY,HGST_20HUH721212ALN604,XGB,0.289,0,2393,0,0.0
2AGMP7ZY,HGST_20HUH721212ALN604,XGB,0.289,0,2392,0,0.0
2AGMPBWY,HGST_20HUH721212ALN604,XGB,0.289,0,2453,0,0.0
2AGMPD8Y,HGST_20HUH721212ALN604,XGB,0.289,1,1562,0,0.0
2AGMPK3Y,HGST_20HUH721212ALN604,XGB,0.289,0,2494,0,0.0
2AGMPL7Y,HGST_20HUH721212ALN604,XGB,0.289,1,2115,0,0.0
2AGMPP1Y,HGST_20HUH721212ALN604,XGB,0.289,0,2482,0,0.0
2AGMPP4Y,HGST_20HUH721212ALN604,XGB,0.289,1,2313,0,0.0
2AGMPPGY,HGST_20HUH721212ALN604,XGB,0.289,0,2482,0,0.0
2AGMPSSY,HGST_20HUH721212ALN604,XGB,0.289,0,2482,0,0.0
2AGMPT2Y,HGST_20HUH721212ALN604,XGB,0.289,0,2482,0,0.0
2AGMPZ8Y,HGST_20HUH721212ALN604,XGB,0.289,0,2392,0,0.0
2AGMS6PY,HGST_20HUH721212ALN604,XGB,0.289,0,2392,0,0.0
2AGMSHHY,HGST_20HUH721212ALN604,XGB,0.289,1,1197,0,0.0
2AGMTK0Y,HGST_20HUH721212ALN604,XGB,0.289,1,2295,0,0.0
2AGMTL0Y,HGST_20HUH721212ALN604,XGB,0.289,1,1445,0,0.0
2AGMTXAY,HGST_20HUH721212ALN604,XGB,0.289,0,2393,0,0.0
2AGMUBMY,HGST_20HUH721212ALN604,XGB,0.289,0,2466,0,0.0
2AGMUBRY,HGST_20HUH721212ALN604,XGB,0.289,1,1819,0,0.0
2AGMV9UY,HGST_20HUH721212ALN604,XGB,0.289,0,2393,0,0.0
2AGMVDDY,HGST_20HUH721212ALN604,XGB,0.289,0,2482,0,0.0
2AGMWHVY,HGST_20HUH721212ALN604,XGB,0.289,1,1892,0,0.0
2AGMZLMY,HGST_20HUH721212ALN604,XGB,0.289,1,1373,0,0.0
2AGN038Y,HGST_20HUH721212ALN604,XGB,0.289,0,2393,0,0.0
2AGN03MY,HGST_20HUH721212ALN604,XGB,0.289,0,2393,0,0.0
2AGN05MY,HGST_20HUH721212ALN604,XGB,0.289,0,2393,0,0.0
2AGN071Y,HGST_20HUH721212ALN604,XGB,0.289,0,2393,0,0.0
2AGN07AY,HGST_20HUH721212ALN604,XGB,0.289,0,2392,0,0.0
2AGN17RY,HGST_20HUH721212ALN604,XGB,0.289,0,2393,0,0.0
2AGN1YNY,HGST_20HUH721212ALN604,XGB,0.289,0,2392,0,0.0
2AGN29AY,HGST_20HUH721212ALN604,XGB,0.289,0,2392,0,0.0
2AGN43EY,HGST_20HUH721212ALN604,XGB,0.289,0,2393,0,0.0
2AGN5A3Y,HGST_20HUH721212ALN604,XGB,0.289,0,2466,0,0.0
2AGN7GZY,HGST_20HUH721212ALN604,XGB,0.289,0,2393,0,0.0
2AGN7XVY,HGST_20HUH721212ALN604,XGB,0.289,0,2392,0,0.0
2AGN7XYY,HGST_20HUH721212ALN604,XGB,0.289,0,2467,0,0.0
2AGN853Y,HGST_20HUH721212ALN604,XGB,0.289,0,2392,0,0.0
2AGN8H9Y,HGST_20HUH721212ALN604,XGB,0.289,0,2392,0,0.0
2AGN8Y9Y,HGST_20HUH721212ALN604,XGB,0.289,0,2393,0,0.0
2AGN8ZGY,HGST_20HUH721212ALN604,XGB,0.289,0,2466,0,0.0
2AGN90RY,HGST_20HUH721212ALN604,XGB,0.289,1,1577,0,0.0
2AGN9N4Y,HGST_20HUH721212ALN604,XGB,0.289,1,2033,41,0.02016724053123463
2AGNAK7Y,HGST_20HUH721212ALN604,XGB,0.289,0,2392,0,0.0
2AGNAKGY,HGST_20HUH721212ALN604,XGB,0.289,0,2392,0,0.0
2AGNAYKY,HGST_20HUH721212ALN604,XGB,0.289,0,2393,0,0.0
2AGNBWPY,HGST_20HUH721212ALN604,XGB,0.289,0,2393,0,0.0
2AGND0EY,HGST_20HUH721212ALN604,XGB,0.289,0,2393,0,0.0
2AGNEAHY,HGST_20HUH721212ALN604,XGB,0.289,0,2393,0,0.0
2AGNEK5Y,HGST_20HUH721212ALN604,XGB,0.289,0,2392,0,0.0
2AGNEN9Y,HGST_20HUH721212ALN604,XGB,0.289,0,2392,0,0.0
2AGNEREY,HGST_20HUH721212ALN604,XGB,0.289,0,2393,0,0.0
2AGNGZPY,HGST_20HUH721212ALN604,XGB,0.289,0,2471,0,0.0
2AGNJE2Y,HGST_20HUH721212ALN604,XGB,0.289,0,2466,0,0.0
2AGNJG7Y,HGST_20HUH721212ALN604,XGB,0.289,0,2393,0,0.0
2AGNJGHY,HGST_20HUH721212ALN604,XGB,0.289,0,2393,0,0.0
2AGNJRYY,HGST_20HUH721212ALN604,XGB,0.289,0,2466,0,0.0
2AGNJTAY,HGST_20HUH721212ALN604,XGB,0.289,0,2392,0,0.0
2AGNJTRY,HGST_20HUH721212ALN604,XGB,0.289,0,2392,0,0.0
2AGNKB9Y,HGST_20HUH721212ALN604,XGB,0.289,1,1570,0,0.0
2AGNKGXY,HGST_20HUH721212ALN604,XGB,0.289,0,2392,0,0.0
2AGNKNJY,HGST_20HUH721212ALN604,XGB,0.289,0,2392,0,0.0
2AGNKSPY,HGST_20HUH721212ALN604,XGB,0.289,0,2392,0,0.0
2AGNKV4Y,HGST_20HUH721212ALN604,XGB,0.289,0,2393,0,0.0
2AGNL61Y,HGST_20HUH721212ALN604,XGB,0.289,0,2482,0,0.0
2AGNNTHY,HGST_20HUH721212ALN604,XGB,0.289,0,2430,0,0.0
2AGNT47Y,HGST_20HUH721212ALN604,XGB,0.289,0,2482,0,0.0
2AGP393Y,HGST_20HUH721212ALN604,XGB,0.289,1,1406,0,0.0
2AGP43EY,HGST_20HUH721212ALN604,XGB,0.289,1,1936,0,0.0
2AGP5EDY,HGST_20HUH721212ALN604,XGB,0.289,0,2482,0,0.0
2AGP5GBY,HGST_20HUH721212ALN604,XGB,0.289,0,2482,0,0.0
2AGP5J1Y,HGST_20HUH721212ALN604,XGB,0.289,0,2482,0,0.0
2AGP6TYY,HGST_20HUH721212ALN604,XGB,0.289,0,2482,0,0.0
2AGP6UBY,HGST_20HUH721212ALN604,XGB,0.289,0,2482,0,0.0
2AGP9W7Y,HGST_20HUH721212ALN604,XGB,0.289,0,2482,0,0.0
2AGPHHKY,HGST_20HUH721212ALN604,XGB,0.289,0,2466,0,0.0
2AGPHHTY,HGST_20HUH721212ALN604,XGB,0.289,0,2466,0,0.0
2AGPJAVY,HGST_20HUH721212ALN604,XGB,0.289,0,2471,0,0.0
2AGPJBGY,HGST_20HUH721212ALN604,XGB,0.289,0,2471,0,0.0
2AGPJBNY,HGST_20HUH721212ALN604,XGB,0.289,0,2471,0,0.0
2AGPJE5Y,HGST_20HUH721212ALN604,XGB,0.289,0,2482,0,0.0
2AGPJGPY,HGST_20HUH721212ALN604,XGB,0.289,1,649,0,0.0
2AGPJH1Y,HGST_20HUH721212ALN604,XGB,0.289,1,1915,0,0.0
2AGPJHAY,HGST_20HUH721212ALN604,XGB,0.289,0,2393,0,0.0
2AGPJHXY,HGST_20HUH721212ALN604,XGB,0.289,0,2471,0,0.0
2AGPJL8Y,HGST_20HUH721212ALN604,XGB,0.289,0,2471,0,0.0
2AGPJLWY,HGST_20HUH721212ALN604,XGB,0.289,0,2393,0,0.0
2AGPJMRY,HGST_20HUH721212ALN604,XGB,0.289,0,2393,0,0.0
2AGPJP0Y,HGST_20HUH721212ALN604,XGB,0.289,0,2471,0,0.0
2AGPK9HY,HGST_20HUH721212ALN604,XGB,0.289,0,2392,0,0.0
2AGPKA3Y,HGST_20HUH721212ALN604,XGB,0.289,0,2392,0,0.0
2AGPKALY,HGST_20HUH721212ALN604,XGB,0.289,0,2482,0,0.0
2AGPKARY,HGST_20HUH721212ALN604,XGB,0.289,0,2482,0,0.0
2AGPKB2Y,HGST_20HUH721212ALN604,XGB,0.289,0,2471,0,0.0
2AGPKTUY,HGST_20HUH721212ALN604,XGB,0.289,0,2482,0,0.0
2AGPKVGY,HGST_20HUH721212ALN604,XGB,0.289,0,2482,0,0.0
2AGPKWNY,HGST_20HUH721212ALN604,XGB,0.289,1,1628,0,0.0
2AGPKX4Y,HGST_20HUH721212ALN604,XGB,0.289,0,2482,0,0.0
2AGPL2YY,HGST_20HUH721212ALN604,XGB,0.289,0,2482,0,0.0
2AGPL4UY,HGST_20HUH721212ALN604,XGB,0.289,0,2482,0,0.0
2AGPL4ZY,HGST_20HUH721212ALN604,XGB,0.289,0,2471,0,0.0
2AGPLSSY,HGST_20HUH721212ALN604,XGB,0.289,0,2482,0,0.0
2AGPMDVY,HGST_20HUH721212ALN604,XGB,0.289,0,2471,0,0.0
2AGPMEPY,HGST_20HUH721212ALN604,XGB,0.289,0,2482,0,0.0
2AGPMGGY,HGST_20HUH721212ALN604,XGB,0.289,0,2482,0,0.0
2AGPMM3Y,HGST_20HUH721212ALN604,XGB,0.289,0,2471,0,0.0
2AGPMN9Y,HGST_20HUH721212ALN604,XGB,0.289,0,2471,0,0.0
2AGPMRDY,HGST_20HUH721212ALN604,XGB,0.289,0,2471,0,0.0
2AGPMY1Y,HGST_20HUH721212ALN604,XGB,0.289,0,2482,0,0.0
2AGPN6PY,HGST_20HUH721212ALN604,XGB,0.289,0,2482,0,0.0
2AGPPJAY,HGST_20HUH721212ALN604,XGB,0.289,0,2482,0,0.0
2AGPPLLY,HGST_20HUH721212ALN604,XGB,0.289,1,1659,0,0.0
2AGPR6YY,HGST_20HUH721212ALN604,XGB,0.289,0,2482,0,0.0
2AGPR7RY,HGST_20HUH721212ALN604,XGB,0.289,0,2482,0,0.0
2AGPR8EY,HGST_20HUH721212ALN604,XGB,0.289,0,2482,0,0.0
2AGPRL8Y,HGST_20HUH721212ALN604,XGB,0.289,0,2471,0,0.0
2AGPRMLY,HGST_20HUH721212ALN604,XGB,0.289,1,2418,0,0.0
2AGPRMRY,HGST_20HUH721212ALN604,XGB,0.289,1,1928,0,0.0
2AGPRRJY,HGST_20HUH721212ALN604,XGB,0.289,0,2494,0,0.0
2AGPS2ZY,HGST_20HUH721212ALN604,XGB,0.289,0,2482,0,0.0
2AGPSEDY,HGST_20HUH721212ALN604,XGB,0.289,0,2471,0,0.0
2AGPSG5Y,HGST_20HUH721212ALN604,XGB,0.289,0,2471,0,0.0
2AGPSGKY,HGST_20HUH721212ALN604,XGB,0.289,0,2392,0,0.0
2AGPSJKY,HGST_20HUH721212ALN604,XGB,0.289,0,2392,0,0.0
2AGPSRUY,HGST_20HUH721212ALN604,XGB,0.289,0,2482,0,0.0
2AGPT2PY,HGST_20HUH721212ALN604,XGB,0.289,0,2392,0,0.0
2AGPT48Y,HGST_20HUH721212ALN604,XGB,0.289,0,2466,0,0.0
2AGPT7PY,HGST_20HUH721212ALN604,XGB,0.289,0,2393,0,0.0
2AGPTL4Y,HGST_20HUH721212ALN604,XGB,0.289,0,2471,0,0.0
2AGPTVLY,HGST_20HUH721212ALN604,XGB,0.289,0,2466,0,0.0
5PG0TA6F,HGST_20HUH721212ALN604,XGB,0.289,0,2050,0,0.0
5PG0TAKF,HGST_20HUH721212ALN604,XGB,0.289,0,2122,0,0.0
5PJEJUHE,HGST_20HUH721212ALN604,XGB,0.289,0,1525,0,0.0
5PJJHD9C,HGST_20HUH721212ALN604,XGB,0.289,0,1323,0,0.0
5PJJLZTF,HGST_20HUH721212ALN604,XGB,0.289,0,1550,0,0.0
5PJKZP4D,HGST_20HUH721212ALN604,XGB,0.289,0,1306,0,0.0
5PJVPJGF,HGST_20HUH721212ALN604,XGB,0.289,0,1751,0,0.0
5PK10N4B,HGST_20HUH721212ALN604,XGB,0.289,0,435,0,0.0
5PK5ZB1B,HGST_20HUH721212ALN604,XGB,0.289,0,672,0,0.0
5PKEBJVB,HGST_20HUH721212ALN604,XGB,0.289,0,826,0,0.0
5PKVXW6B,HGST_20HUH721212ALN604,XGB,0.289,0,639,0,0.0
5QG63PMB,HGST_20HUH721212ALN604,XGB,0.289,0,643,0,0.0
5QGBH0MB,HGST_20HUH721212ALN604,XGB,0.289,0,814,0,0.0
5QGG5KLB,HGST_20HUH721212ALN604,XGB,0.289,0,1062,0,0.0
5QGG5UPB,HGST_20HUH721212ALN604,XGB,0.289,0,1178,0,0.0
5QGGAELB,HGST_20HUH721212ALN604,XGB,0.289,1,800,134,0.1675
5QGGHWVB,HGST_20HUH721212ALN604,XGB,0.289,0,807,0,0.0
5QH0Z60B,HGST_20HUH721212ALN604,XGB,0.289,1,206,55,0.2669902912621359
5QHDKVHB,HGST_20HUH721212ALN604,XGB,0.289,0,836,0,0.0
5QHKE66B,HGST_20HUH721212ALN604,XGB,0.289,0,683,0,0.0
5QHYP4MB,HGST_20HUH721212ALN604,XGB,0.289,0,656,0,0.0
5QJBW5VB,HGST_20HUH721212ALN604,XGB,0.289,1,109,0,0.0
5QJS57NB,HGST_20HUH721212ALN604,XGB,0.289,0,769,0,0.0
5QKBEVWB,HGST_20HUH721212ALN604,XGB,0.289,0,809,0,0.0
5QKDK07B,HGST_20HUH721212ALN604,XGB,0.289,0,437,0,0.0
5QKHBVPB,HGST_20HUH721212ALN604,XGB,0.289,0,641,0,0.0
5QKKSM3B,HGST_20HUH721212ALN604,XGB,0.289,0,695,0,0.0
5QKV55TB,HGST_20HUH721212ALN604,XGB,0.289,0,732,0,0.0
5QKV6W0B,HGST_20HUH721212ALN604,XGB,0.289,0,931,0,0.0
5QKV74SB,HGST_20HUH721212ALN604,XGB,0.289,0,783,0,0.0
5QKV778B,HGST_20HUH721212ALN604,XGB,0.289,0,633,0,0.0
5QKV7UHB,HGST_20HUH721212ALN604,XGB,0.289,0,728,0,0.0
5QKV85UB,HGST_20HUH721212ALN604,XGB,0.289,0,821,0,0.0
5QKVAN8B,HGST_20HUH721212ALN604,XGB,0.289,0,799,0,0.0
5QKVARLB,HGST_20HUH721212ALN604,XGB,0.289,0,850,0,0.0
5QKVATKB,HGST_20HUH721212ALN604,XGB,0.289,0,783,0,0.0
5QKVD71B,HGST_20HUH721212ALN604,XGB,0.289,0,661,0,0.0
5QKVDDVB,HGST_20HUH721212ALN604,XGB,0.289,0,621,0,0.0
5QKVETTB,HGST_20HUH721212ALN604,XGB,0.289,0,613,0,0.0
5QKVEUZB,HGST_20HUH721212ALN604,XGB,0.289,0,679,0,0.0
5QKVEXJB,HGST_20HUH721212ALN604,XGB,0.289,0,823,0,0.0
5QKVGLWB,HGST_20HUH721212ALN604,XGB,0.289,0,663,0,0.0
5QKVHPLB,HGST_20HUH721212ALN604,XGB,0.289,0,664,0,0.0
5QKVHRMB,HGST_20HUH721212ALN604,XGB,0.289,0,617,0,0.0
5QKVVTHB,HGST_20HUH721212ALN604,XGB,0.289,0,686,0,0.0
8CGNK9GE,HGST_20HUH721212ALN604,XGB,0.289,0,2382,0,0.0
8CGR1V5E,HGST_20HUH721212ALN604,XGB,0.289,0,2466,0,0.0
8CGSN9XE,HGST_20HUH721212ALN604,XGB,0.289,0,2482,0,0.0
8CGSTSRE,HGST_20HUH721212ALN604,XGB,0.289,0,2494,0,0.0
8CGT5S2E,HGST_20HUH721212ALN604,XGB,0.289,1,1985,0,0.0
8CGTW4VE,HGST_20HUH721212ALN604,XGB,0.289,0,2466,0,0.0
8CGTZ9HE,HGST_20HUH721212ALN604,XGB,0.289,1,1519,0,0.0
8CGU9LLE,HGST_20HUH721212ALN604,XGB,0.289,0,2480,0,0.0
8CGV369E,HGST_20HUH721212ALN604,XGB,0.289,0,2482,0,0.0
8CGVR04E,HGST_20HUH721212ALN604,XGB,0.289,0,2452,0,0.0
8CGVTH0E,HGST_20HUH721212ALN604,XGB,0.289,0,2494,0,0.0
8CGW3HPE,HGST_20HUH721212ALN604,XGB,0.289,0,2494,0,0.0
8CGW6ULE,HGST_20HUH721212ALN604,XGB,0.289,0,2494,0,0.0
8CGWPGEE,HGST_20HUH721212ALN604,XGB,0.289,0,2482,0,0.0
8CGXKYVE,HGST_20HUH721212ALN604,XGB,0.289,0,2494,0,0.0
8CGXNNUE,HGST_20HUH721212ALN604,XGB,0.289,1,1075,0,0.0
8CGY4KUE,HGST_20HUH721212ALN604,XGB,0.289,0,2482,0,0.0
8CGYJ5TE,HGST_20HUH721212ALN604,XGB,0.289,0,2466,0,0.0
8CGYVS8E,HGST_20HUH721212ALN604,XGB,0.289,0,2466,0,0.0
8CGYW96E,HGST_20HUH721212ALN604,XGB,0.289,0,2466,0,0.0
8CGYXB6E,HGST_20HUH721212ALN604,XGB,0.289,0,2385,0,0.0
8CGZ8K3E,HGST_20HUH721212ALN604,XGB,0.289,0,2494,0,0.0
8CGZ8S1E,HGST_20HUH721212ALN604,XGB,0.289,0,2494,0,0.0
8CGZ8SDE,HGST_20HUH721212ALN604,XGB,0.289,0,2494,0,0.0
8CGZB98E,HGST_20HUH721212ALN604,XGB,0.289,0,2392,0,0.0
8CGZB9VE,HGST_20HUH721212ALN604,XGB,0.289,0,2466,0,0.0
8CGZKBME,HGST_20HUH721212ALN604,XGB,0.289,0,2494,0,0.0
8CGZKDHE,HGST_20HUH721212ALN604,XGB,0.289,0,2494,0,0.0
8CGZMEAE,HGST_20HUH721212ALN604,XGB,0.289,0,2494,0,0.0
8CH02WUE,HGST_20HUH721212ALN604,XGB,0.289,0,2392,0,0.0
8CH05AGE,HGST_20HUH721212ALN604,XGB,0.289,0,2494,0,0.0
8CH06AGE,HGST_20HUH721212ALN604,XGB,0.289,0,2482,0,0.0
8CH06B5E,HGST_20HUH721212ALN604,XGB,0.289,0,2494,0,0.0
8CH06E7E,HGST_20HUH721212ALN604,XGB,0.289,0,2494,0,0.0
8CH06EDE,HGST_20HUH721212ALN604,XGB,0.289,0,2466,0,0.0
8CH0869E,HGST_20HUH721212ALN604,XGB,0.289,0,2494,0,0.0
8CH08RNE,HGST_20HUH721212ALN604,XGB,0.289,0,2385,0,0.0
8CH09GGE,HGST_20HUH721212ALN604,XGB,0.289,0,2466,0,0.0
8CH0BYPE,HGST_20HUH721212ALN604,XGB,0.289,0,2393,0,0.0
8CH0BYTE,HGST_20HUH721212ALN604,XGB,0.289,0,2466,0,0.0
8CH0DM8E,HGST_20HUH721212ALN604,XGB,0.289,0,2392,0,0.0
8CH0GNLE,HGST_20HUH721212ALN604,XGB,0.289,0,2494,0,0.0
8CH0GNNE,HGST_20HUH721212ALN604,XGB,0.289,0,2494,0,0.0
8CH0GNSE,HGST_20HUH721212ALN604,XGB,0.289,0,2482,0,0.0
8CH0HRKE,HGST_20HUH721212ALN604,XGB,0.289,0,2466,0,0.0
8CH0HTRE,HGST_20HUH721212ALN604,XGB,0.289,0,2466,0,0.0
8CH0L5PE,HGST_20HUH721212ALN604,XGB,0.289,0,2466,0,0.0
8CH0R06E,HGST_20HUH721212ALN604,XGB,0.289,0,2494,0,0.0
8CH0R3YE,HGST_20HUH721212ALN604,XGB,0.289,0,2393,0,0.0
8CH0TLTE,HGST_20HUH721212ALN604,XGB,0.289,0,2393,0,0.0
8CH0TLUE,HGST_20HUH721212ALN604,XGB,0.289,0,2466,0,0.0
8CH0TN2E,HGST_20HUH721212ALN604,XGB,0.289,0,2466,0,0.0
8CH0TN3E,HGST_20HUH721212ALN604,XGB,0.289,0,2393,0,0.0
8CH0TVRE,HGST_20HUH721212ALN604,XGB,0.289,0,2385,0,0.0
8CH0V7TE,HGST_20HUH721212ALN604,XGB,0.289,0,2466,0,0.0
8CH0VH1E,HGST_20HUH721212ALN604,XGB,0.289,0,2482,0,0.0
8CH0VW0E,HGST_20HUH721212ALN604,XGB,0.289,0,2466,0,0.0
8CH11KPE,HGST_20HUH721212ALN604,XGB,0.289,0,2494,0,0.0
8CH13D7E,HGST_20HUH721212ALN604,XGB,0.289,0,2466,0,0.0
8CH13DAE,HGST_20HUH721212ALN604,XGB,0.289,0,2466,0,0.0
8CH15D3E,HGST_20HUH721212ALN604,XGB,0.289,0,2482,0,0.0
8CH15YME,HGST_20HUH721212ALN604,XGB,0.289,0,2466,0,0.0
8CH160KE,HGST_20HUH721212ALN604,XGB,0.289,0,2392,0,0.0
8CH16PBE,HGST_20HUH721212ALN604,XGB,0.289,0,2466,0,0.0
8CH16ZDE,HGST_20HUH721212ALN604,XGB,0.289,0,2466,0,0.0
8CH16ZUE,HGST_20HUH721212ALN604,XGB,0.289,0,2466,0,0.0
8CH17M9E,HGST_20HUH721212ALN604,XGB,0.289,0,2466,0,0.0
8CH17MHE,HGST_20HUH721212ALN604,XGB,0.289,0,2393,0,0.0
8CH190UE,HGST_20HUH721212ALN604,XGB,0.289,1,957,0,0.0
8CH1APUE,HGST_20HUH721212ALN604,XGB,0.289,1,2302,0,0.0
8CH1AR5E,HGST_20HUH721212ALN604,XGB,0.289,0,2494,0,0.0
8CH1ARHE,HGST_20HUH721212ALN604,XGB,0.289,1,1581,0,0.0
8CH1WBME,HGST_20HUH721212ALN604,XGB,0.289,1,1829,0,0.0
8CH1XHUE,HGST_20HUH721212ALN604,XGB,0.289,0,2494,0,0.0
8CH4AT4E,HGST_20HUH721212ALN604,XGB,0.289,0,2471,0,0.0
8CH4X3TE,HGST_20HUH721212ALN604,XGB,0.289,1,1246,0,0.0
8CH4YM4E,HGST_20HUH721212ALN604,XGB,0.289,1,1388,0,0.0
8CH4YM6E,HGST_20HUH721212ALN604,XGB,0.289,1,2123,55,0.025906735751295335
8CH4YN8E,HGST_20HUH721212ALN604,XGB,0.289,1,1791,0,0.0
8CH4Z6UE,HGST_20HUH721212ALN604,XGB,0.289,0,2478,0,0.0
8CH5214E,HGST_20HUH721212ALN604,XGB,0.289,1,1737,16,0.009211283822682787
8CH52U5E,HGST_20HUH721212ALN604,XGB,0.289,0,2481,0,0.0
8CH5B9LE,HGST_20HUH721212ALN604,XGB,0.289,0,2482,0,0.0
8CH5E8EE,HGST_20HUH721212ALN604,XGB,0.289,1,1420,0,0.0
8CH5HRYE,HGST_20HUH721212ALN604,XGB,0.289,1,2050,0,0.0
8CHRG6JE,HGST_20HUH721212ALN604,XGB,0.289,0,2283,0,0.0
8CHU2WSE,HGST_20HUH721212ALN604,XGB,0.289,0,2077,0,0.0
8CHU7R9E,HGST_20HUH721212ALN604,XGB,0.289,1,1281,0,0.0
8CHUHHXE,HGST_20HUH721212ALN604,XGB,0.289,0,2075,0,0.0
8CJMA59E,HGST_20HUH721212ALN604,XGB,0.289,0,699,0,0.0
8DG1BB5Y,HGST_20HUH721212ALN604,XGB,0.289,0,423,0,0.0
8DG3MU5D,HGST_20HUH721212ALN604,XGB,0.289,0,2783,0,0.0
8DG4SAUD,HGST_20HUH721212ALN604,XGB,0.289,0,2783,0,0.0
8DG4SAZD,HGST_20HUH721212ALN604,XGB,0.289,0,2783,0,0.0
8DG52U7D,HGST_20HUH721212ALN604,XGB,0.289,0,2783,0,0.0
8DG52W9D,HGST_20HUH721212ALN604,XGB,0.289,0,2783,0,0.0
8DG52WND,HGST_20HUH721212ALN604,XGB,0.289,0,2783,0,0.0
8DG6S3UD,HGST_20HUH721212ALN604,XGB,0.289,1,2155,5,0.002320185614849188
8DG88GTY,HGST_20HUH721212ALN604,XGB,0.289,0,425,0,0.0
8DG93TXY,HGST_20HUH721212ALN604,XGB,0.289,0,700,0,0.0
8DJE2HWH,HGST_20HUH721212ALN604,XGB,0.289,0,2613,0,0.0
8DJEPPSH,HGST_20HUH721212ALN604,XGB,0.289,0,2613,0,0.0
8DJEPTWH,HGST_20HUH721212ALN604,XGB,0.289,0,2613,0,0.0
8DJEUXLH,HGST_20HUH721212ALN604,XGB,0.289,0,2613,0,0.0
8DK5NDLH,HGST_20HUH721212ALN604,XGB,0.289,0,2250,0,0.0
8DKHU24H,HGST_20HUH721212ALN604,XGB,0.289,0,2249,0,0.0
8DKUD8AH,HGST_20HUH721212ALN604,XGB,0.289,0,2613,0,0.0
8DKV390H,HGST_20HUH721212ALN604,XGB,0.289,0,2558,0,0.0
8HG28M3H,HGST_20HUH721212ALN604,XGB,0.289,0,2558,0,0.0
8HG7LGUH,HGST_20HUH721212ALN604,XGB,0.289,1,2189,22,0.010050251256281407
8HGBYHPH,HGST_20HUH721212ALN604,XGB,0.289,0,1611,0,0.0
8HGNAB0H,HGST_20HUH721212ALN604,XGB,0.289,0,2531,0,0.0
8HGZPYVH,HGST_20HUH721212ALN604,XGB,0.289,0,1515,66,0.04356435643564356
8HH12ZPH,HGST_20HUH721212ALN604,XGB,0.289,0,2665,0,0.0
8HH5JYSH,HGST_20HUH721212ALN604,XGB,0.289,0,2665,0,0.0
8HH8BNRH,HGST_20HUH721212ALN604,XGB,0.289,0,2531,0,0.0
8HH8P7RH,HGST_20HUH721212ALN604,XGB,0.289,0,2557,0,0.0
8HH901KH,HGST_20HUH721212ALN604,XGB,0.289,0,2531,0,0.0
8HH9ZRUH,HGST_20HUH721212ALN604,XGB,0.289,0,2558,0,0.0
8HHARE1H,HGST_20HUH721212ALN604,XGB,0.289,1,1320,20,0.015151515151515152
8HHARGBH,HGST_20HUH721212ALN604,XGB,0.289,0,2557,0,0.0
8HHATBKH,HGST_20HUH721212ALN604,XGB,0.289,0,2558,0,0.0
8HHJXENH,HGST_20HUH721212ALN604,XGB,0.289,0,2613,0,0.0
8HHNHSUH,HGST_20HUH721212ALN604,XGB,0.289,1,2040,0,0.0
8HHPUREH,HGST_20HUH721212ALN604,XGB,0.289,1,2011,1,0.0004972650422675286
8HHT1P2H,HGST_20HUH721212ALN604,XGB,0.289,0,2665,0,0.0
8HHTWXYH,HGST_20HUH721212ALN604,XGB,0.289,0,2665,0,0.0
8HHZ6MGH,HGST_20HUH721212ALN604,XGB,0.289,0,2665,0,0.0
8HJ1NNDH,HGST_20HUH721212ALN604,XGB,0.289,0,2665,0,0.0
8HJ6SJAH,HGST_20HUH721212ALN604,XGB,0.289,0,2665,0,0.0
8HJ6SJTH,HGST_20HUH721212ALN604,XGB,0.289,0,2665,0,0.0
8HJ74BPH,HGST_20HUH721212ALN604,XGB,0.289,0,2665,0,0.0
8HJ7UJHH,HGST_20HUH721212ALN604,XGB,0.289,0,2665,0,0.0
8HJ7Y9BH,HGST_20HUH721212ALN604,XGB,0.289,0,2665,0,0.0
8HJ7Z0DH,HGST_20HUH721212ALN604,XGB,0.289,0,2494,0,0.0
8HJ7Z10H,HGST_20HUH721212ALN604,XGB,0.289,0,2665,0,0.0
8HJ7Z1MH,HGST_20HUH721212ALN604,XGB,0.289,0,2665,0,0.0
8HJ86APH,HGST_20HUH721212ALN604,XGB,0.289,0,2665,0,0.0
8HJ86NXH,HGST_20HUH721212ALN604,XGB,0.289,0,2494,0,0.0
8HJ8LEXH,HGST_20HUH721212ALN604,XGB,0.289,0,2494,0,0.0
8HJ8LKMH,HGST_20HUH721212ALN604,XGB,0.289,1,2678,0,0.0
8HJ91WDH,HGST_20HUH721212ALN604,XGB,0.289,0,2494,0,0.0
8HJ94EVH,HGST_20HUH721212ALN604,XGB,0.289,0,2665,0,0.0
8HJ9JWTH,HGST_20HUH721212ALN604,XGB,0.289,0,2665,0,0.0
8HJ9K7HH,HGST_20HUH721212ALN604,XGB,0.289,1,2264,0,0.0
8HJ9KKGH,HGST_20HUH721212ALN604,XGB,0.289,0,2494,0,0.0
8HJ9KN1H,HGST_20HUH721212ALN604,XGB,0.289,0,2665,0,0.0
8HJ9LS1H,HGST_20HUH721212ALN604,XGB,0.289,0,2665,0,0.0
8HJ9M5NH,HGST_20HUH721212ALN604,XGB,0.289,0,2665,0,0.0
8HJ9M94H,HGST_20HUH721212ALN604,XGB,0.289,0,2665,0,0.0
8HJ9MZBH,HGST_20HUH721212ALN604,XGB,0.289,0,2494,0,0.0
8HJ9NHPH,HGST_20HUH721212ALN604,XGB,0.289,0,2665,0,0.0
8HJ9NKKH,HGST_20HUH721212ALN604,XGB,0.289,0,2665,0,0.0
8HJ9RYSH,HGST_20HUH721212ALN604,XGB,0.289,0,2665,0,0.0
8HJ9S05H,HGST_20HUH721212ALN604,XGB,0.289,0,2665,0,0.0
8HJ9S0EH,HGST_20HUH721212ALN604,XGB,0.289,0,2665,0,0.0
8HJ9Y3ZH,HGST_20HUH721212ALN604,XGB,0.289,0,2494,0,0.0
8HJA085H,HGST_20HUH721212ALN604,XGB,0.289,0,2665,0,0.0
8HJA2DPH,HGST_20HUH721212ALN604,XGB,0.289,0,2665,0,0.0
8HJA8DBH,HGST_20HUH721212ALN604,XGB,0.289,0,2665,0,0.0
8HJBNYTH,HGST_20HUH721212ALN604,XGB,0.289,0,2613,0,0.0
8HJDK12H,HGST_20HUH721212ALN604,XGB,0.289,0,2665,0,0.0
8HJDX4PH,HGST_20HUH721212ALN604,XGB,0.289,0,2660,0,0.0
8HJEY89H,HGST_20HUH721212ALN604,XGB,0.289,0,2558,0,0.0
8HJG85RH,HGST_20HUH721212ALN604,XGB,0.289,0,2558,0,0.0
8HJGZPXH,HGST_20HUH721212ALN604,XGB,0.289,0,2665,0,0.0
8HJH62EH,HGST_20HUH721212ALN604,XGB,0.289,0,2665,0,0.0
8HJH8RWH,HGST_20HUH721212ALN604,XGB,0.289,0,2558,0,0.0
8HJK2HSH,HGST_20HUH721212ALN604,XGB,0.289,0,2665,0,0.0
8HJLKZRH,HGST_20HUH721212ALN604,XGB,0.289,0,2665,0,0.0
8HJRD7PH,HGST_20HUH721212ALN604,XGB,0.289,0,2558,0,0.0
8HJRUMWH,HGST_20HUH721212ALN604,XGB,0.289,0,2665,0,0.0
8HJRVW4H,HGST_20HUH721212ALN604,XGB,0.289,0,2665,0,0.0
8HJUGTVH,HGST_20HUH721212ALN604,XGB,0.289,0,2665,0,0.0
8HJVJKPH,HGST_20HUH721212ALN604,XGB,0.289,0,2665,0,0.0
8HJVUAGH,HGST_20HUH721212ALN604,XGB,0.289,0,2665,0,0.0
8HJWBJXH,HGST_20HUH721212ALN604,XGB,0.289,0,2665,0,0.0
8HJWHD6H,HGST_20HUH721212ALN604,XGB,0.289,0,2665,0,0.0
8HJWHEJH,HGST_20HUH721212ALN604,XGB,0.289,0,2531,0,0.0
8HJXG0WH,HGST_20HUH721212ALN604,XGB,0.289,1,1260,0,0.0
8HJXKBDH,HGST_20HUH721212ALN604,XGB,0.289,0,2558,0,0.0
8HJXU87H,HGST_20HUH721212ALN604,XGB,0.289,0,2665,0,0.0
8HJY20MH,HGST_20HUH721212ALN604,XGB,0.289,0,2665,0,0.0
8HJYTXWH,HGST_20HUH721212ALN604,XGB,0.289,0,2665,0,0.0
8HJYU0JH,HGST_20HUH721212ALN604,XGB,0.289,0,2660,0,0.0
8HJYZNZH,HGST_20HUH721212ALN604,XGB,0.289,0,2665,0,0.0
8HJZ13TH,HGST_20HUH721212ALN604,XGB,0.289,0,2665,0,0.0
8HJZADEH,HGST_20HUH721212ALN604,XGB,0.289,0,2665,0,0.0
8HJZEG6H,HGST_20HUH721212ALN604,XGB,0.289,1,1830,0,0.0
8HJZG4AH,HGST_20HUH721212ALN604,XGB,0.289,0,2665,0,0.0
8HJZNVWH,HGST_20HUH721212ALN604,XGB,0.289,0,2660,0,0.0
8HK087WH,HGST_20HUH721212ALN604,XGB,0.289,0,2665,0,0.0
8HK0HH3H,HGST_20HUH721212ALN604,XGB,0.289,0,2665,0,0.0
8HK12NNH,HGST_20HUH721212ALN604,XGB,0.289,0,2665,0,0.0
8HK17SKH,HGST_20HUH721212ALN604,XGB,0.289,0,2665,0,0.0
8HK17SWH,HGST_20HUH721212ALN604,XGB,0.289,0,2665,0,0.0
8HK17SYH,HGST_20HUH721212ALN604,XGB,0.289,0,1574,0,0.0
8HK19K9H,HGST_20HUH721212ALN604,XGB,0.289,0,2665,0,0.0
8HK19KVH,HGST_20HUH721212ALN604,XGB,0.289,0,2665,0,0.0
8HK1KY3H,HGST_20HUH721212ALN604,XGB,0.289,0,2665,0,0.0
8HK1LYPH,HGST_20HUH721212ALN604,XGB,0.289,0,2665,0,0.0
8HK1N18H,HGST_20HUH721212ALN604,XGB,0.289,0,2665,0,0.0
8HK1PV7H,HGST_20HUH721212ALN604,XGB,0.289,0,2665,0,0.0
8HK1UULH,HGST_20HUH721212ALN604,XGB,0.289,0,2665,0,0.0
8HK1XAAH,HGST_20HUH721212ALN604,XGB,0.289,1,1076,0,0.0
8HK224GH,HGST_20HUH721212ALN604,XGB,0.289,0,2665,0,0.0
8HK25XSH,HGST_20HUH721212ALN604,XGB,0.289,0,2665,0,0.0
8HK266WH,HGST_20HUH721212ALN604,XGB,0.289,0,2665,0,0.0
8HK28TJH,HGST_20HUH721212ALN604,XGB,0.289,0,2665,0,0.0
8HK28Y0H,HGST_20HUH721212ALN604,XGB,0.289,0,2665,0,0.0
8HK2A1EH,HGST_20HUH721212ALN604,XGB,0.289,0,2466,0,0.0
8HK2BA6H,HGST_20HUH721212ALN604,XGB,0.289,0,2665,0,0.0
8HK2BAEH,HGST_20HUH721212ALN604,XGB,0.289,0,2665,0,0.0
8HK2DVKH,HGST_20HUH721212ALN604,XGB,0.289,0,2665,0,0.0
8HK2JXUH,HGST_20HUH721212ALN604,XGB,0.289,0,2531,0,0.0
8HK2KY6H,HGST_20HUH721212ALN604,XGB,0.289,0,2659,0,0.0
8HK2MXPH,HGST_20HUH721212ALN604,XGB,0.289,0,2665,0,0.0
8HK2RMWH,HGST_20HUH721212ALN604,XGB,0.289,0,2665,0,0.0
8HK2RNWH,HGST_20HUH721212ALN604,XGB,0.289,0,2665,0,0.0
8HK2RP9H,HGST_20HUH721212ALN604,XGB,0.289,0,2665,0,0.0
8HK2VLMH,HGST_20HUH721212ALN604,XGB,0.289,0,2665,0,0.0
8HK2X4YH,HGST_20HUH721212ALN604,XGB,0.289,0,2665,0,0.0
8HK2ZPDH,HGST_20HUH721212ALN604,XGB,0.289,0,2494,0,0.0
8HK2ZT1H,HGST_20HUH721212ALN604,XGB,0.289,0,2665,0,0.0
8HK31WMH,HGST_20HUH721212ALN604,XGB,0.289,0,2494,0,0.0
8HK31Y8H,HGST_20HUH721212ALN604,XGB,0.289,0,2665,0,0.0
8HK341ZH,HGST_20HUH721212ALN604,XGB,0.289,0,2665,0,0.0
8HK34EZH,HGST_20HUH721212ALN604,XGB,0.289,0,2665,0,0.0
8HK3BWZH,HGST_20HUH721212ALN604,XGB,0.289,0,2665,0,0.0
8HK3GTLH,HGST_20HUH721212ALN604,XGB,0.289,0,2665,0,0.0
8HK3GUXH,HGST_20HUH721212ALN604,XGB,0.289,0,2665,0,0.0
8HK3MMSH,HGST_20HUH721212ALN604,XGB,0.289,0,2665,0,0.0
8HK3NG2H,HGST_20HUH721212ALN604,XGB,0.289,0,2660,0,0.0
8HK3NJMH,HGST_20HUH721212ALN604,XGB,0.289,0,2665,0,0.0
8HK41HEH,HGST_20HUH721212ALN604,XGB,0.289,0,2665,0,0.0
8HK69BMH,HGST_20HUH721212ALN604,XGB,0.289,0,2558,0,0.0
8HK6T2AH,HGST_20HUH721212ALN604,XGB,0.289,0,2665,0,0.0
8HK6TL7H,HGST_20HUH721212ALN604,XGB,0.289,0,2665,0,0.0
8HK6UUDH,HGST_20HUH721212ALN604,XGB,0.289,0,2531,0,0.0
8HK6V14H,HGST_20HUH721212ALN604,XGB,0.289,0,2665,0,0.0
8HK6VSKH,HGST_20HUH721212ALN604,XGB,0.289,1,1944,5,0.00257201646090535
8HK70X7H,HGST_20HUH721212ALN604,XGB,0.289,0,2665,0,0.0
8HK7194H,HGST_20HUH721212ALN604,XGB,0.289,0,2665,0,0.0
8HK72J0H,HGST_20HUH721212ALN604,XGB,0.289,0,2665,0,0.0
8HK7DKMH,HGST_20HUH721212ALN604,XGB,0.289,0,2557,0,0.0
8HK7E5DH,HGST_20HUH721212ALN604,XGB,0.289,0,2665,0,0.0
8HK7E68H,HGST_20HUH721212ALN604,XGB,0.289,0,2665,0,0.0
8HK7H58H,HGST_20HUH721212ALN604,XGB,0.289,0,2665,0,0.0
8HK80P1H,HGST_20HUH721212ALN604,XGB,0.289,0,2613,0,0.0
8HKB2WEH,HGST_20HUH721212ALN604,XGB,0.289,0,2613,0,0.0
8HKB3M2H,HGST_20HUH721212ALN604,XGB,0.289,0,2613,0,0.0
8HKB4R4H,HGST_20HUH721212ALN604,XGB,0.289,0,2494,0,0.0
8HKBBKKH,HGST_20HUH721212ALN604,XGB,0.289,0,2665,0,0.0
8HKBYNVH,HGST_20HUH721212ALN604,XGB,0.289,0,2494,0,0.0
8HKE039H,HGST_20HUH721212ALN604,XGB,0.289,0,2665,0,0.0
8HKE6E1H,HGST_20HUH721212ALN604,XGB,0.289,0,2613,0,0.0
8HKE8S7H,HGST_20HUH721212ALN604,XGB,0.289,0,2613,0,0.0
8HKEAWEH,HGST_20HUH721212ALN604,XGB,0.289,0,2466,0,0.0
8HKEKYRH,HGST_20HUH721212ALN604,XGB,0.289,0,2466,0,0.0
8HKG0GWH,HGST_20HUH721212ALN604,XGB,0.289,0,2613,0,0.0
8HKHPZHH,HGST_20HUH721212ALN604,XGB,0.289,0,2466,0,0.0
8HKJ4MAH,HGST_20HUH721212ALN604,XGB,0.289,0,2552,0,0.0
8HKJ5KDH,HGST_20HUH721212ALN604,XGB,0.289,1,2420,0,0.0
8HKL6STH,HGST_20HUH721212ALN604,XGB,0.289,0,2557,0,0.0
8HKLRUSH,HGST_20HUH721212ALN604,XGB,0.289,0,2558,0,0.0
8HKM415H,HGST_20HUH721212ALN604,XGB,0.289,0,2558,0,0.0
8HKM5RVH,HGST_20HUH721212ALN604,XGB,0.289,0,2531,0,0.0
8HKM654H,HGST_20HUH721212ALN604,XGB,0.289,0,2531,0,0.0
8HKM9Z1H,HGST_20HUH721212ALN604,XGB,0.289,0,2531,0,0.0
8HKMR21H,HGST_20HUH721212ALN604,XGB,0.289,1,525,0,0.0
8HKNMW1H,HGST_20HUH721212ALN604,XGB,0.289,0,2494,0,0.0
8HKNN28H,HGST_20HUH721212ALN604,XGB,0.289,0,2466,0,0.0
8HKPM7RH,HGST_20HUH721212ALN604,XGB,0.289,0,2557,0,0.0
8HKPZY9H,HGST_20HUH721212ALN604,XGB,0.289,1,1966,0,0.0
8HKRER2H,HGST_20HUH721212ALN604,XGB,0.289,0,2466,0,0.0
8HKS4X3H,HGST_20HUH721212ALN604,XGB,0.289,0,2557,0,0.0
8HKTBA3H,HGST_20HUH721212ALN604,XGB,0.289,1,2033,0,0.0
8HKTE54H,HGST_20HUH721212ALN604,XGB,0.289,0,2558,0,0.0
8HKTH2SH,HGST_20HUH721212ALN604,XGB,0.289,1,1733,0,0.0
8HKTK0XH,HGST_20HUH721212ALN604,XGB,0.289,0,2613,0,0.0
8HKU0DXH,HGST_20HUH721212ALN604,XGB,0.289,0,2558,0,0.0
8HKU3YTH,HGST_20HUH721212ALN604,XGB,0.289,1,1950,86,0.0441025641025641
8HKU4WXH,HGST_20HUH721212ALN604,XGB,0.289,0,2613,0,0.0
8HKUEJHH,HGST_20HUH721212ALN604,XGB,0.289,1,2221,0,0.0
8HKVW60H,HGST_20HUH721212ALN604,XGB,0.289,0,2531,0,0.0
8HKW4NPH,HGST_20HUH721212ALN604,XGB,0.289,0,2466,0,0.0
8HKWV1GH,HGST_20HUH721212ALN604,XGB,0.289,0,2613,0,0.0
8HKWXJYH,HGST_20HUH721212ALN604,XGB,0.289,0,2531,0,0.0
8HKY0KHH,HGST_20HUH721212ALN604,XGB,0.289,1,1902,155,0.08149316508937961
8HKY66PH,HGST_20HUH721212ALN604,XGB,0.289,0,2558,0,0.0
8HKYJ38H,HGST_20HUH721212ALN604,XGB,0.289,0,2531,0,0.0
8HKYZ6YH,HGST_20HUH721212ALN604,XGB,0.289,0,2531,0,0.0
8HKZ213H,HGST_20HUH721212ALN604,XGB,0.289,0,2613,0,0.0
8HKZDBRH,HGST_20HUH721212ALN604,XGB,0.289,0,2466,0,0.0
8HKZL75H,HGST_20HUH721212ALN604,XGB,0.289,0,2380,0,0.0
AAG0EXPH,HGST_20HUH721212ALN604,XGB,0.289,0,2613,0,0.0
AAG0LHRH,HGST_20HUH721212ALN604,XGB,0.289,0,2613,0,0.0
AAG121VH,HGST_20HUH721212ALN604,XGB,0.289,0,2558,0,0.0
AAG16VPH,HGST_20HUH721212ALN604,XGB,0.289,0,2613,0,0.0
AAG18L0H,HGST_20HUH721212ALN604,XGB,0.289,0,2531,0,0.0
AAG18MEH,HGST_20HUH721212ALN604,XGB,0.289,0,2558,0,0.0
AAG197UH,HGST_20HUH721212ALN604,XGB,0.289,0,2466,0,0.0
AAG1LSNH,HGST_20HUH721212ALN604,XGB,0.289,1,2399,0,0.0
AAG1LSVH,HGST_20HUH721212ALN604,XGB,0.289,0,2613,0,0.0
AAG1LW3H,HGST_20HUH721212ALN604,XGB,0.289,1,2065,1,0.00048426150121065375
AAG1PLVH,HGST_20HUH721212ALN604,XGB,0.289,0,2531,0,0.0
AAG1PM9H,HGST_20HUH721212ALN604,XGB,0.289,0,2531,0,0.0
AAG1RJAH,HGST_20HUH721212ALN604,XGB,0.289,0,2531,0,0.0
AAG1RK5H,HGST_20HUH721212ALN604,XGB,0.289,0,2613,0,0.0
AAG1RR9H,HGST_20HUH721212ALN604,XGB,0.289,0,2531,0,0.0
AAG1RUJH,HGST_20HUH721212ALN604,XGB,0.289,0,2531,0,0.0
AAG1TGGH,HGST_20HUH721212ALN604,XGB,0.289,0,2613,0,0.0
AAG1VJYH,HGST_20HUH721212ALN604,XGB,0.289,0,2531,0,0.0
AAG1VNPH,HGST_20HUH721212ALN604,XGB,0.289,0,2613,0,0.0
AAG1Z4AH,HGST_20HUH721212ALN604,XGB,0.289,0,2393,0,0.0
AAG23A2H,HGST_20HUH721212ALN604,XGB,0.289,0,2613,0,0.0
AAG23AKH,HGST_20HUH721212ALN604,XGB,0.289,0,2613,0,0.0
AAG23AVH,HGST_20HUH721212ALN604,XGB,0.289,0,2531,0,0.0
AAG246TH,HGST_20HUH721212ALN604,XGB,0.289,0,2466,0,0.0
AAG24UVH,HGST_20HUH721212ALN604,XGB,0.289,0,2613,0,0.0
AAG24VXH,HGST_20HUH721212ALN604,XGB,0.289,0,2613,0,0.0
AAG26NBH,HGST_20HUH721212ALN604,XGB,0.289,1,1667,0,0.0
AAG26TPH,HGST_20HUH721212ALN604,XGB,0.289,0,2531,0,0.0
AAG26U9H,HGST_20HUH721212ALN604,XGB,0.289,1,1336,0,0.0
AAG27VEH,HGST_20HUH721212ALN604,XGB,0.289,0,2531,0,0.0
AAG27W2H,HGST_20HUH721212ALN604,XGB,0.289,0,2558,0,0.0
AAG27XPH,HGST_20HUH721212ALN604,XGB,0.289,1,2385,0,0.0
AAG27ZLH,HGST_20HUH721212ALN604,XGB,0.289,0,2531,0,0.0
AAG281TH,HGST_20HUH721212ALN604,XGB,0.289,1,2025,0,0.0
AAG2GGJH,HGST_20HUH721212ALN604,XGB,0.289,0,2466,0,0.0
AAG2JGJH,HGST_20HUH721212ALN604,XGB,0.289,1,2447,0,0.0
AAG2JL4H,HGST_20HUH721212ALN604,XGB,0.289,0,2613,0,0.0
AAG2RZJH,HGST_20HUH721212ALN604,XGB,0.289,0,2531,0,0.0
AAG2S62H,HGST_20HUH721212ALN604,XGB,0.289,0,2531,0,0.0
AAG2S9YH,HGST_20HUH721212ALN604,XGB,0.289,0,2466,0,0.0
AAG2SAYH,HGST_20HUH721212ALN604,XGB,0.289,0,2392,0,0.0
AAG2SJ3H,HGST_20HUH721212ALN604,XGB,0.289,0,2393,0,0.0
AAG2VSVH,HGST_20HUH721212ALN604,XGB,0.289,0,2531,0,0.0
AAG2Y6JH,HGST_20HUH721212ALN604,XGB,0.289,0,2531,0,0.0
AAG2Z67H,HGST_20HUH721212ALN604,XGB,0.289,0,2466,0,0.0
AAG2ZU1H,HGST_20HUH721212ALN604,XGB,0.289,0,2466,0,0.0
AAG305AH,HGST_20HUH721212ALN604,XGB,0.289,0,2466,0,0.0
AAG306GH,HGST_20HUH721212ALN604,XGB,0.289,0,2613,0,0.0
AAG34Z4H,HGST_20HUH721212ALN604,XGB,0.289,0,2613,0,0.0
AAG350BH,HGST_20HUH721212ALN604,XGB,0.289,0,2531,0,0.0
AAG350TH,HGST_20HUH721212ALN604,XGB,0.289,0,2531,0,0.0
AAG3512H,HGST_20HUH721212ALN604,XGB,0.289,0,2531,0,0.0
AAG352AH,HGST_20HUH721212ALN604,XGB,0.289,0,2466,0,0.0
AAG353EH,HGST_20HUH721212ALN604,XGB,0.289,0,2613,0,0.0
AAG35LWH,HGST_20HUH721212ALN604,XGB,0.289,0,2613,0,0.0
AAG401PH,HGST_20HUH721212ALN604,XGB,0.289,0,2613,0,0.0
AAG46YHH,HGST_20HUH721212ALN604,XGB,0.289,0,2531,0,0.0
AAG477BH,HGST_20HUH721212ALN604,XGB,0.289,0,2613,0,0.0
AAG478DH,HGST_20HUH721212ALN604,XGB,0.289,0,2531,0,0.0
AAG48B3H,HGST_20HUH721212ALN604,XGB,0.289,0,2557,0,0.0
AAG4AA9H,HGST_20HUH721212ALN604,XGB,0.289,0,2558,0,0.0
AAG4VESH,HGST_20HUH721212ALN604,XGB,0.289,0,2558,115,0.04495699765441751
AAG4Z4YH,HGST_20HUH721212ALN604,XGB,0.289,0,2558,0,0.0
AAG4Z52H,HGST_20HUH721212ALN604,XGB,0.289,0,2557,0,0.0
AAG4Z5AH,HGST_20HUH721212ALN604,XGB,0.289,1,2261,0,0.0
AAG4ZABH,HGST_20HUH721212ALN604,XGB,0.289,0,2558,0,0.0
AAG51RHH,HGST_20HUH721212ALN604,XGB,0.289,0,2613,0,0.0
AAG540GH,HGST_20HUH721212ALN604,XGB,0.289,0,2531,0,0.0
AAG5DTTH,HGST_20HUH721212ALN604,XGB,0.289,0,2531,0,0.0
AAG5Y4DH,HGST_20HUH721212ALN604,XGB,0.289,0,2613,0,0.0
AAG5Y4LH,HGST_20HUH721212ALN604,XGB,0.289,0,2613,0,0.0
AAG5Y4TH,HGST_20HUH721212ALN604,XGB,0.289,0,2613,0,0.0
AAG5Y4UH,HGST_20HUH721212ALN604,XGB,0.289,0,2613,0,0.0
AAG5Y5UH,HGST_20HUH721212ALN604,XGB,0.289,0,2613,0,0.0
AAG5YJ4H,HGST_20HUH721212ALN604,XGB,0.289,0,2531,0,0.0
AAG5YLKH,HGST_20HUH721212ALN604,XGB,0.289,0,2558,0,0.0
AAG5YYBH,HGST_20HUH721212ALN604,XGB,0.289,0,2613,0,0.0
AAG5YYKH,HGST_20HUH721212ALN604,XGB,0.289,1,2444,0,0.0
AAG5YZ8H,HGST_20HUH721212ALN604,XGB,0.289,0,2531,0,0.0
AAG5YZZH,HGST_20HUH721212ALN604,XGB,0.289,1,2343,0,0.0
AAG613MH,HGST_20HUH721212ALN604,XGB,0.289,0,2613,0,0.0
AAG613RH,HGST_20HUH721212ALN604,XGB,0.289,1,2345,0,0.0
AAG61KPH,HGST_20HUH721212ALN604,XGB,0.289,0,2531,0,0.0
AAG61LHH,HGST_20HUH721212ALN604,XGB,0.289,1,1905,137,0.07191601049868766
AAG61NEH,HGST_20HUH721212ALN604,XGB,0.289,0,2613,0,0.0
AAG61NZH,HGST_20HUH721212ALN604,XGB,0.289,0,2531,0,0.0
AAG61P2H,HGST_20HUH721212ALN604,XGB,0.289,0,2558,0,0.0
AAG61UMH,HGST_20HUH721212ALN604,XGB,0.289,0,2613,0,0.0
AAG61WRH,HGST_20HUH721212ALN604,XGB,0.289,0,2558,0,0.0
AAG61Z1H,HGST_20HUH721212ALN604,XGB,0.289,0,2613,0,0.0
AAG61ZAH,HGST_20HUH721212ALN604,XGB,0.289,0,2558,0,0.0
AAG620PH,HGST_20HUH721212ALN604,XGB,0.289,0,2531,0,0.0
AAG621WH,HGST_20HUH721212ALN604,XGB,0.289,0,2613,0,0.0
AAG623DH,HGST_20HUH721212ALN604,XGB,0.289,0,2613,0,0.0
AAG6376H,HGST_20HUH721212ALN604,XGB,0.289,0,2531,0,0.0
AAG637RH,HGST_20HUH721212ALN604,XGB,0.289,1,1233,0,0.0
AAG6381H,HGST_20HUH721212ALN604,XGB,0.289,0,2613,0,0.0
AAG638GH,HGST_20HUH721212ALN604,XGB,0.289,0,2613,0,0.0
AAG639BH,HGST_20HUH721212ALN604,XGB,0.289,0,2613,0,0.0
AAG63DLH,HGST_20HUH721212ALN604,XGB,0.289,0,2527,0,0.0
AAG63JSH,HGST_20HUH721212ALN604,XGB,0.289,0,2557,0,0.0
AAG63PJH,HGST_20HUH721212ALN604,XGB,0.289,0,2531,0,0.0
AAG63PKH,HGST_20HUH721212ALN604,XGB,0.289,1,1179,0,0.0
AAG63PLH,HGST_20HUH721212ALN604,XGB,0.289,0,2558,0,0.0
AAG63RGH,HGST_20HUH721212ALN604,XGB,0.289,0,2558,0,0.0
AAG63TMH,HGST_20HUH721212ALN604,XGB,0.289,1,2373,23,0.00969237252423093
AAG63TSH,HGST_20HUH721212ALN604,XGB,0.289,0,2531,0,0.0
AAG63V6H,HGST_20HUH721212ALN604,XGB,0.289,0,2531,0,0.0
AAG63WHH,HGST_20HUH721212ALN604,XGB,0.289,1,2522,0,0.0
AAG63Z8H,HGST_20HUH721212ALN604,XGB,0.289,1,2404,0,0.0
AAG6417H,HGST_20HUH721212ALN604,XGB,0.289,1,1925,8,0.004155844155844156
AAG6436H,HGST_20HUH721212ALN604,XGB,0.289,0,2466,0,0.0
AAG64VXH,HGST_20HUH721212ALN604,XGB,0.289,0,2613,0,0.0
AAG6509H,HGST_20HUH721212ALN604,XGB,0.289,0,2531,0,0.0
AAG67UZH,HGST_20HUH721212ALN604,XGB,0.289,0,2531,0,0.0
AAG67V3H,HGST_20HUH721212ALN604,XGB,0.289,1,2304,0,0.0
AAG67VBH,HGST_20HUH721212ALN604,XGB,0.289,0,2531,0,0.0
AAG67W3H,HGST_20HUH721212ALN604,XGB,0.289,0,2558,0,0.0
AAG67Z8H,HGST_20HUH721212ALN604,XGB,0.289,0,2466,0,0.0
AAG682YH,HGST_20HUH721212ALN604,XGB,0.289,1,1926,14,0.007268951194184839
AAG683JH,HGST_20HUH721212ALN604,XGB,0.289,0,2558,0,0.0
AAG686GH,HGST_20HUH721212ALN604,XGB,0.289,0,2557,0,0.0
AAG6870H,HGST_20HUH721212ALN604,XGB,0.289,0,2613,0,0.0
AAG6878H,HGST_20HUH721212ALN604,XGB,0.289,0,2613,0,0.0
AAG687GH,HGST_20HUH721212ALN604,XGB,0.289,0,2558,0,0.0
AAG687MH,HGST_20HUH721212ALN604,XGB,0.289,0,2531,0,0.0
AAG68AGH,HGST_20HUH721212ALN604,XGB,0.289,0,2466,0,0.0
AAG68AKH,HGST_20HUH721212ALN604,XGB,0.289,0,2551,0,0.0
AAG68AUH,HGST_20HUH721212ALN604,XGB,0.289,0,2613,0,0.0
AAG68AXH,HGST_20HUH721212ALN604,XGB,0.289,0,2531,0,0.0
AAG68BRH,HGST_20HUH721212ALN604,XGB,0.289,0,2608,0,0.0
AAG68EWH,HGST_20HUH721212ALN604,XGB,0.289,1,1548,0,0.0
AAG68EXH,HGST_20HUH721212ALN604,XGB,0.289,1,1993,0,0.0
AAG68KVH,HGST_20HUH721212ALN604,XGB,0.289,0,2613,0,0.0
AAG691PH,HGST_20HUH721212ALN604,XGB,0.289,0,2466,0,0.0
AAG691VH,HGST_20HUH721212ALN604,XGB,0.289,0,2613,0,0.0
AAG69LHH,HGST_20HUH721212ALN604,XGB,0.289,0,2466,0,0.0
AAG69TTH,HGST_20HUH721212ALN604,XGB,0.289,0,2558,0,0.0
AAG69WWH,HGST_20HUH721212ALN604,XGB,0.289,0,2613,0,0.0
AAG69YWH,HGST_20HUH721212ALN604,XGB,0.289,0,2557,0,0.0
AAG6A03H,HGST_20HUH721212ALN604,XGB,0.289,0,2557,0,0.0
AAG6A07H,HGST_20HUH721212ALN604,XGB,0.289,0,2558,0,0.0
AAG6A0AH,HGST_20HUH721212ALN604,XGB,0.289,0,2613,0,0.0
AAG6AATH,HGST_20HUH721212ALN604,XGB,0.289,0,2466,0,0.0
AAG6AV4H,HGST_20HUH721212ALN604,XGB,0.289,0,2558,0,0.0
AAG6AWTH,HGST_20HUH721212ALN604,XGB,0.289,1,1930,0,0.0
AAG6AX6H,HGST_20HUH721212ALN604,XGB,0.289,0,2513,0,0.0
AAG6B4HH,HGST_20HUH721212ALN604,XGB,0.289,0,2531,0,0.0
AAG6B5KH,HGST_20HUH721212ALN604,XGB,0.289,0,2531,0,0.0
AAG6DT9H,HGST_20HUH721212ALN604,XGB,0.289,1,56,0,0.0
AAG6DVEH,HGST_20HUH721212ALN604,XGB,0.289,0,2558,0,0.0
AAG6DXTH,HGST_20HUH721212ALN604,XGB,0.289,0,2613,0,0.0
AAG6E2HH,HGST_20HUH721212ALN604,XGB,0.289,0,2531,0,0.0
AAG6E60H,HGST_20HUH721212ALN604,XGB,0.289,0,2558,0,0.0
AAG6E7EH,HGST_20HUH721212ALN604,XGB,0.289,0,2531,0,0.0
AAG6E7RH,HGST_20HUH721212ALN604,XGB,0.289,0,2551,0,0.0
AAG6ESPH,HGST_20HUH721212ALN604,XGB,0.289,0,2613,0,0.0
AAG6EVRH,HGST_20HUH721212ALN604,XGB,0.289,0,2613,0,0.0
AAG6EX3H,HGST_20HUH721212ALN604,XGB,0.289,0,2613,0,0.0
AAG6GM1H,HGST_20HUH721212ALN604,XGB,0.289,0,2531,0,0.0
AAG6H25H,HGST_20HUH721212ALN604,XGB,0.289,0,2558,0,0.0
AAG6HG0H,HGST_20HUH721212ALN604,XGB,0.289,0,2552,0,0.0
AAG6HSEH,HGST_20HUH721212ALN604,XGB,0.289,0,2557,0,0.0
AAG6HYXH,HGST_20HUH721212ALN604,XGB,0.289,0,2557,0,0.0
AAG6J1MH,HGST_20HUH721212ALN604,XGB,0.289,0,2613,0,0.0
AAG6J1TH,HGST_20HUH721212ALN604,XGB,0.289,1,2396,0,0.0
AAG6J2DH,HGST_20HUH721212ALN604,XGB,0.289,1,1743,0,0.0
AAG6J2KH,HGST_20HUH721212ALN604,XGB,0.289,1,1749,27,0.015437392795883362
AAG6KJ6H,HGST_20HUH721212ALN604,XGB,0.289,0,2531,0,0.0
AAG6KJPH,HGST_20HUH721212ALN604,XGB,0.289,0,2531,0,0.0
AAG6KTJH,HGST_20HUH721212ALN604,XGB,0.289,0,2557,0,0.0
AAG6KTRH,HGST_20HUH721212ALN604,XGB,0.289,0,2613,0,0.0
AAG6KUAH,HGST_20HUH721212ALN604,XGB,0.289,0,2580,1,0.0003875968992248062
AAG6KUJH,HGST_20HUH721212ALN604,XGB,0.289,0,2558,0,0.0
AAG6KV6H,HGST_20HUH721212ALN604,XGB,0.289,1,1003,0,0.0
AAG6L88H,HGST_20HUH721212ALN604,XGB,0.289,0,2531,0,0.0
AAG6L8VH,HGST_20HUH721212ALN604,XGB,0.289,0,2531,0,0.0
AAG6LD7H,HGST_20HUH721212ALN604,XGB,0.289,1,2300,0,0.0
AAG6LDTH,HGST_20HUH721212ALN604,XGB,0.289,0,2531,0,0.0
AAG6LEHH,HGST_20HUH721212ALN604,XGB,0.289,0,2552,0,0.0
AAG6LEJH,HGST_20HUH721212ALN604,XGB,0.289,0,2558,0,0.0
AAG6LG9H,HGST_20HUH721212ALN604,XGB,0.289,0,2613,0,0.0
AAG6LTSH,HGST_20HUH721212ALN604,XGB,0.289,0,2558,0,0.0
AAG6M3BH,HGST_20HUH721212ALN604,XGB,0.289,0,2557,0,0.0
AAG6M8TH,HGST_20HUH721212ALN604,XGB,0.289,0,2613,0,0.0
AAG6MABH,HGST_20HUH721212ALN604,XGB,0.289,0,2494,0,0.0
AAG6NEEH,HGST_20HUH721212ALN604,XGB,0.289,0,2531,0,0.0
AAG6NP0H,HGST_20HUH721212ALN604,XGB,0.289,1,2033,234,0.11510083620265617
AAG6NPRH,HGST_20HUH721212ALN604,XGB,0.289,1,2540,0,0.0
AAG6NRBH,HGST_20HUH721212ALN604,XGB,0.289,1,1926,1,0.0005192107995846313
AAG6NRZH,HGST_20HUH721212ALN604,XGB,0.289,0,2531,0,0.0
AAG6NS8H,HGST_20HUH721212ALN604,XGB,0.289,0,2069,0,0.0
AAG6NSKH,HGST_20HUH721212ALN604,XGB,0.289,0,2613,0,0.0
AAG6NVKH,HGST_20HUH721212ALN604,XGB,0.289,0,2613,0,0.0
AAG6NW3H,HGST_20HUH721212ALN604,XGB,0.289,0,2466,0,0.0
AAG6P40H,HGST_20HUH721212ALN604,XGB,0.289,0,2613,0,0.0
AAG6P42H,HGST_20HUH721212ALN604,XGB,0.289,0,2558,0,0.0
AAG6P4EH,HGST_20HUH721212ALN604,XGB,0.289,0,2531,0,0.0
AAG6P9AH,HGST_20HUH721212ALN604,XGB,0.289,0,2558,0,0.0
AAG6PWBH,HGST_20HUH721212ALN604,XGB,0.289,0,2557,0,0.0
AAG6PY2H,HGST_20HUH721212ALN604,XGB,0.289,0,2613,0,0.0
AAG6PYLH,HGST_20HUH721212ALN604,XGB,0.289,0,2466,0,0.0
AAG6R0AH,HGST_20HUH721212ALN604,XGB,0.289,0,2466,0,0.0
AAG6R2RH,HGST_20HUH721212ALN604,XGB,0.289,0,2558,0,0.0
AAG6R32H,HGST_20HUH721212ALN604,XGB,0.289,0,2558,0,0.0
AAG6R48H,HGST_20HUH721212ALN604,XGB,0.289,0,2531,0,0.0
AAG6R8UH,HGST_20HUH721212ALN604,XGB,0.289,0,2531,0,0.0
AAG6T4ZH,HGST_20HUH721212ALN604,XGB,0.289,0,2531,0,0.0
AAG6T52H,HGST_20HUH721212ALN604,XGB,0.289,1,1471,0,0.0
AAG6T55H,HGST_20HUH721212ALN604,XGB,0.289,0,2466,0,0.0
AAG6T5JH,HGST_20HUH721212ALN604,XGB,0.289,0,2482,0,0.0
AAG6T7LH,HGST_20HUH721212ALN604,XGB,0.289,0,2558,0,0.0
AAG6T9NH,HGST_20HUH721212ALN604,XGB,0.289,0,2466,0,0.0
AAG6TA8H,HGST_20HUH721212ALN604,XGB,0.289,0,2613,0,0.0
AAG6TAHH,HGST_20HUH721212ALN604,XGB,0.289,0,2466,0,0.0
AAG6TAKH,HGST_20HUH721212ALN604,XGB,0.289,0,2466,0,0.0
AAG6TBBH,HGST_20HUH721212ALN604,XGB,0.289,0,2531,0,0.0
AAG6TBJH,HGST_20HUH721212ALN604,XGB,0.289,0,2613,0,0.0
AAG6THHH,HGST_20HUH721212ALN604,XGB,0.289,0,2466,0,0.0
AAG6THJH,HGST_20HUH721212ALN604,XGB,0.289,0,2466,0,0.0
AAG6THLH,HGST_20HUH721212ALN604,XGB,0.289,0,2494,0,0.0
AAG6TRKH,HGST_20HUH721212ALN604,XGB,0.289,0,2494,0,0.0
AAG6TS8H,HGST_20HUH721212ALN604,XGB,0.289,0,2466,0,0.0
AAG6TSUH,HGST_20HUH721212ALN604,XGB,0.289,0,2531,0,0.0
AAG6TT1H,HGST_20HUH721212ALN604,XGB,0.289,0,2482,0,0.0
AAG6TT9H,HGST_20HUH721212ALN604,XGB,0.289,0,2531,0,0.0
AAG6TTNH,HGST_20HUH721212ALN604,XGB,0.289,0,2613,0,0.0
AAG6TUVH,HGST_20HUH721212ALN604,XGB,0.289,0,2466,0,0.0
AAG6TVPH,HGST_20HUH721212ALN604,XGB,0.289,0,2531,0,0.0
AAG6TY4H,HGST_20HUH721212ALN604,XGB,0.289,0,2466,0,0.0
AAG6U5AH,HGST_20HUH721212ALN604,XGB,0.289,0,2558,0,0.0
AAG6UKNH,HGST_20HUH721212ALN604,XGB,0.289,0,2531,0,0.0
AAG6UMGH,HGST_20HUH721212ALN604,XGB,0.289,0,2613,0,0.0
AAG6UMJH,HGST_20HUH721212ALN604,XGB,0.289,0,2613,0,0.0
AAG6UNKH,HGST_20HUH721212ALN604,XGB,0.289,0,2459,0,0.0
AAG6US4H,HGST_20HUH721212ALN604,XGB,0.289,0,2558,0,0.0
AAG6UT0H,HGST_20HUH721212ALN604,XGB,0.289,0,2466,0,0.0
AAG6UU8H,HGST_20HUH721212ALN604,XGB,0.289,0,2613,0,0.0
AAG6UZTH,HGST_20HUH721212ALN604,XGB,0.289,0,2531,0,0.0
AAG6V1MH,HGST_20HUH721212ALN604,XGB,0.289,0,2531,0,0.0
AAG6V71H,HGST_20HUH721212ALN604,XGB,0.289,0,2558,0,0.0
AAG6V7DH,HGST_20HUH721212ALN604,XGB,0.289,0,2558,0,0.0
AAG6V7VH,HGST_20HUH721212ALN604,XGB,0.289,0,2558,0,0.0
AAG6VHXH,HGST_20HUH721212ALN604,XGB,0.289,0,2466,0,0.0
AAG6VJKH,HGST_20HUH721212ALN604,XGB,0.289,0,2531,0,0.0
AAG6VM8H,HGST_20HUH721212ALN604,XGB,0.289,0,2531,0,0.0
AAG6VMBH,HGST_20HUH721212ALN604,XGB,0.289,0,2558,0,0.0
AAG6VMGH,HGST_20HUH721212ALN604,XGB,0.289,0,2558,0,0.0
AAG6X6JH,HGST_20HUH721212ALN604,XGB,0.289,0,2531,0,0.0
AAG6XU7H,HGST_20HUH721212ALN604,XGB,0.289,1,386,5,0.012953367875647668
AAG6XWGH,HGST_20HUH721212ALN604,XGB,0.289,0,2558,0,0.0
AAG6XWJH,HGST_20HUH721212ALN604,XGB,0.289,1,2200,0,0.0
AAG6XXWH,HGST_20HUH721212ALN604,XGB,0.289,0,2613,0,0.0
AAG6XYBH,HGST_20HUH721212ALN604,XGB,0.289,0,2466,0,0.0
AAG6XYNH,HGST_20HUH721212ALN604,XGB,0.289,0,2466,0,0.0
AAG6XZ6H,HGST_20HUH721212ALN604,XGB,0.289,0,2531,0,0.0
AAG6XZNH,HGST_20HUH721212ALN604,XGB,0.289,0,2466,0,0.0
AAG6Y0GH,HGST_20HUH721212ALN604,XGB,0.289,0,2558,0,0.0
AAG6Y0KH,HGST_20HUH721212ALN604,XGB,0.289,0,2613,0,0.0
AAG6Y1BH,HGST_20HUH721212ALN604,XGB,0.289,0,2557,0,0.0
AAG6Y3LH,HGST_20HUH721212ALN604,XGB,0.289,0,2531,0,0.0
AAG6Y3UH,HGST_20HUH721212ALN604,XGB,0.289,0,2466,0,0.0
AAG6Y41H,HGST_20HUH721212ALN604,XGB,0.289,0,2613,0,0.0
AAG6Y46H,HGST_20HUH721212ALN604,XGB,0.289,0,2466,0,0.0
AAG6YZ1H,HGST_20HUH721212ALN604,XGB,0.289,0,2531,0,0.0
AAG6YZ9H,HGST_20HUH721212ALN604,XGB,0.289,0,2613,0,0.0
AAG6Z0DH,HGST_20HUH721212ALN604,XGB,0.289,0,2613,0,0.0
AAG6Z17H,HGST_20HUH721212ALN604,XGB,0.289,0,2466,0,0.0
AAG6Z1MH,HGST_20HUH721212ALN604,XGB,0.289,0,2558,0,0.0
AAG6Z1XH,HGST_20HUH721212ALN604,XGB,0.289,0,2558,0,0.0
AAG6Z2DH,HGST_20HUH721212ALN604,XGB,0.289,0,2558,0,0.0
AAG6Z2RH,HGST_20HUH721212ALN604,XGB,0.289,0,2466,0,0.0
AAG6Z42H,HGST_20HUH721212ALN604,XGB,0.289,1,2151,0,0.0
AAG6Z4VH,HGST_20HUH721212ALN604,XGB,0.289,0,2558,0,0.0
AAG6Z53H,HGST_20HUH721212ALN604,XGB,0.289,0,2482,0,0.0
AAG6ZJ9H,HGST_20HUH721212ALN604,XGB,0.289,0,2558,0,0.0
AAG705GH,HGST_20HUH721212ALN604,XGB,0.289,0,2558,0,0.0
AAG7078H,HGST_20HUH721212ALN604,XGB,0.289,0,2494,0,0.0
AAG70HDH,HGST_20HUH721212ALN604,XGB,0.289,0,2613,0,0.0
AAG70JEH,HGST_20HUH721212ALN604,XGB,0.289,0,2466,0,0.0
AAG70U9H,HGST_20HUH721212ALN604,XGB,0.289,0,2613,0,0.0
AAG73ZWH,HGST_20HUH721212ALN604,XGB,0.289,0,2613,0,0.0
AAG73ZZH,HGST_20HUH721212ALN604,XGB,0.289,0,2531,0,0.0
AAG740EH,HGST_20HUH721212ALN604,XGB,0.289,0,2613,0,0.0
AAG740NH,HGST_20HUH721212ALN604,XGB,0.289,0,2466,0,0.0
AAG740WH,HGST_20HUH721212ALN604,XGB,0.289,0,2558,0,0.0
AAG740YH,HGST_20HUH721212ALN604,XGB,0.289,0,2527,0,0.0
AAG741PH,HGST_20HUH721212ALN604,XGB,0.289,0,2531,0,0.0
AAG742EH,HGST_20HUH721212ALN604,XGB,0.289,0,2531,0,0.0
AAG742JH,HGST_20HUH721212ALN604,XGB,0.289,0,2466,0,0.0
AAG742WH,HGST_20HUH721212ALN604,XGB,0.289,0,2613,0,0.0
AAG7431H,HGST_20HUH721212ALN604,XGB,0.289,0,2613,0,0.0
AAG743EH,HGST_20HUH721212ALN604,XGB,0.289,0,2466,0,0.0
AAG743UH,HGST_20HUH721212ALN604,XGB,0.289,0,2613,0,0.0
AAG743VH,HGST_20HUH721212ALN604,XGB,0.289,0,2613,0,0.0
AAG7454H,HGST_20HUH721212ALN604,XGB,0.289,0,2531,0,0.0
AAG74DKH,HGST_20HUH721212ALN604,XGB,0.289,0,2494,0,0.0
AAG74EAH,HGST_20HUH721212ALN604,XGB,0.289,1,2277,0,0.0
AAG74EBH,HGST_20HUH721212ALN604,XGB,0.289,0,2531,0,0.0
AAG74EYH,HGST_20HUH721212ALN604,XGB,0.289,0,2466,0,0.0
AAG74EZH,HGST_20HUH721212ALN604,XGB,0.289,0,2466,0,0.0
AAG74VHH,HGST_20HUH721212ALN604,XGB,0.289,0,2558,0,0.0
AAG74WRH,HGST_20HUH721212ALN604,XGB,0.289,0,2466,0,0.0
AAG76HYH,HGST_20HUH721212ALN604,XGB,0.289,1,943,0,0.0
AAG77A5H,HGST_20HUH721212ALN604,XGB,0.289,0,2466,0,0.0
AAG799NH,HGST_20HUH721212ALN604,XGB,0.289,0,2557,0,0.0
AAG79B0H,HGST_20HUH721212ALN604,XGB,0.289,0,2531,0,0.0
AAG7A8EH,HGST_20HUH721212ALN604,XGB,0.289,0,2466,0,0.0
AAG7A9KH,HGST_20HUH721212ALN604,XGB,0.289,0,2613,0,0.0
AAG7ADMH,HGST_20HUH721212ALN604,XGB,0.289,0,2482,0,0.0
AAG7AGWH,HGST_20HUH721212ALN604,XGB,0.289,0,2494,0,0.0
AAG7AHMH,HGST_20HUH721212ALN604,XGB,0.289,0,2466,0,0.0
AAG7BP3H,HGST_20HUH721212ALN604,XGB,0.289,0,2466,0,0.0
AAG7BPKH,HGST_20HUH721212ALN604,XGB,0.289,0,2466,0,0.0
AAG7BRGH,HGST_20HUH721212ALN604,XGB,0.289,0,2613,0,0.0
AAG7BS8H,HGST_20HUH721212ALN604,XGB,0.289,0,2558,0,0.0
AAG7BWAH,HGST_20HUH721212ALN604,XGB,0.289,0,2531,0,0.0
AAG7D1SH,HGST_20HUH721212ALN604,XGB,0.289,0,2466,0,0.0
AAG7D29H,HGST_20HUH721212ALN604,XGB,0.289,0,2531,0,0.0
AAG7D2PH,HGST_20HUH721212ALN604,XGB,0.289,0,2466,0,0.0
AAG7D48H,HGST_20HUH721212ALN604,XGB,0.289,0,2466,0,0.0
AAG7D4DH,HGST_20HUH721212ALN604,XGB,0.289,0,2558,0,0.0
AAG7D85H,HGST_20HUH721212ALN604,XGB,0.289,0,2466,0,0.0
AAG7DPYH,HGST_20HUH721212ALN604,XGB,0.289,0,2558,0,0.0
AAG7DRDH,HGST_20HUH721212ALN604,XGB,0.289,0,2558,0,0.0
AAG7DS9H,HGST_20HUH721212ALN604,XGB,0.289,0,2558,0,0.0
AAG7DW0H,HGST_20HUH721212ALN604,XGB,0.289,0,2494,0,0.0
AAG7E1MH,HGST_20HUH721212ALN604,XGB,0.289,0,2558,0,0.0
AAG7E1PH,HGST_20HUH721212ALN604,XGB,0.289,0,2613,0,0.0
AAG7E2HH,HGST_20HUH721212ALN604,XGB,0.289,0,2557,0,0.0
AAG7LG4H,HGST_20HUH721212ALN604,XGB,0.289,0,2558,0,0.0
AAG7LG7H,HGST_20HUH721212ALN604,XGB,0.289,0,2482,0,0.0
AAG7LHYH,HGST_20HUH721212ALN604,XGB,0.289,0,2531,0,0.0
AAG7LNAH,HGST_20HUH721212ALN604,XGB,0.289,0,2466,0,0.0
AAG7LSWH,HGST_20HUH721212ALN604,XGB,0.289,0,2613,0,0.0
AAG7LTHH,HGST_20HUH721212ALN604,XGB,0.289,1,1946,1,0.0005138746145940391
AAG7LZEH,HGST_20HUH721212ALN604,XGB,0.289,0,2557,0,0.0
AAG7M25H,HGST_20HUH721212ALN604,XGB,0.289,0,2466,0,0.0
AAG7M3NH,HGST_20HUH721212ALN604,XGB,0.289,0,2466,0,0.0
AAG7M3TH,HGST_20HUH721212ALN604,XGB,0.289,0,2531,0,0.0
AAG7MMDH,HGST_20HUH721212ALN604,XGB,0.289,0,2482,0,0.0
AAG7MP8H,HGST_20HUH721212ALN604,XGB,0.289,0,2466,0,0.0
AAG7MULH,HGST_20HUH721212ALN604,XGB,0.289,1,2553,0,0.0
AAG7MUNH,HGST_20HUH721212ALN604,XGB,0.289,0,823,0,0.0
AAG7MVMH,HGST_20HUH721212ALN604,XGB,0.289,0,2557,0,0.0
AAG7N3ZH,HGST_20HUH721212ALN604,XGB,0.289,0,2531,0,0.0
AAG7N5WH,HGST_20HUH721212ALN604,XGB,0.289,0,2531,0,0.0
AAG7N62H,HGST_20HUH721212ALN604,XGB,0.289,0,2466,0,0.0
AAG7N63H,HGST_20HUH721212ALN604,XGB,0.289,0,2531,0,0.0
AAG7N6MH,HGST_20HUH721212ALN604,XGB,0.289,0,2494,0,0.0
AAG7PPHH,HGST_20HUH721212ALN604,XGB,0.289,1,2389,0,0.0
AAG7R02H,HGST_20HUH721212ALN604,XGB,0.289,0,2466,0,0.0
AAG7R5VH,HGST_20HUH721212ALN604,XGB,0.289,0,2466,0,0.0
AAG7R93H,HGST_20HUH721212ALN604,XGB,0.289,0,2466,0,0.0
AAG7RA1H,HGST_20HUH721212ALN604,XGB,0.289,0,2613,0,0.0
AAG7RAMH,HGST_20HUH721212ALN604,XGB,0.289,0,2557,0,0.0
AAG7RBDH,HGST_20HUH721212ALN604,XGB,0.289,0,2494,0,0.0
AAG90D8H,HGST_20HUH721212ALN604,XGB,0.289,0,2494,0,0.0
AAG9VK6H,HGST_20HUH721212ALN604,XGB,0.289,0,2557,0,0.0
AAGA4YNH,HGST_20HUH721212ALN604,XGB,0.289,0,2466,0,0.0
AAGA7W1H,HGST_20HUH721212ALN604,XGB,0.289,1,1503,0,0.0
AAGA9E3H,HGST_20HUH721212ALN604,XGB,0.289,0,2494,0,0.0
AAGH3VWH,HGST_20HUH721212ALN604,XGB,0.289,0,2471,0,0.0
AAGMU4TH,HGST_20HUH721212ALN604,XGB,0.289,0,2494,0,0.0
AAGN9D2H,HGST_20HUH721212ALN604,XGB,0.289,1,1598,0,0.0
AAGP62KH,HGST_20HUH721212ALN604,XGB,0.289,0,2466,0,0.0
AAGUS87H,HGST_20HUH721212ALN604,XGB,0.289,0,2392,0,0.0
AAGVX4UH,HGST_20HUH721212ALN604,XGB,0.289,0,2494,0,0.0
AAGWTB0H,HGST_20HUH721212ALN604,XGB,0.289,0,2455,0,0.0
AAGXDBZH,HGST_20HUH721212ALN604,XGB,0.289,0,2482,0,0.0
AAGXLP2H,HGST_20HUH721212ALN604,XGB,0.289,0,2466,0,0.0
AAGXMJSH,HGST_20HUH721212ALN604,XGB,0.289,0,2494,0,0.0
AAGXU8YH,HGST_20HUH721212ALN604,XGB,0.289,0,2482,0,0.0
AAGXUBRH,HGST_20HUH721212ALN604,XGB,0.289,0,2494,0,0.0
AAGXV97H,HGST_20HUH721212ALN604,XGB,0.289,0,719,0,0.0
AAGXW8VH,HGST_20HUH721212ALN604,XGB,0.289,0,2392,0,0.0
AAGXWUWH,HGST_20HUH721212ALN604,XGB,0.289,0,2494,0,0.0
AAGXY3MH,HGST_20HUH721212ALN604,XGB,0.289,1,2156,0,0.0
AAH22T7H,HGST_20HUH721212ALN604,XGB,0.289,0,2494,0,0.0
AAH4NTGH,HGST_20HUH721212ALN604,XGB,0.289,0,2494,0,0.0
AAH6DU2H,HGST_20HUH721212ALN604,XGB,0.289,0,2385,370,0.15513626834381553
AAH78SAH,HGST_20HUH721212ALN604,XGB,0.289,0,2494,0,0.0
AAH7HJSH,HGST_20HUH721212ALN604,XGB,0.289,0,2494,0,0.0
AAH7HKHH,HGST_20HUH721212ALN604,XGB,0.289,0,2494,0,0.0
AAH7HNDH,HGST_20HUH721212ALN604,XGB,0.289,0,2494,0,0.0
AAH7X19H,HGST_20HUH721212ALN604,XGB,0.289,0,2494,0,0.0
AAH86SEH,HGST_20HUH721212ALN604,XGB,0.289,0,2494,0,0.0
AAH8BLDH,HGST_20HUH721212ALN604,XGB,0.289,0,2494,0,0.0
AAH8HPVH,HGST_20HUH721212ALN604,XGB,0.289,0,2494,0,0.0
AAH8LPUH,HGST_20HUH721212ALN604,XGB,0.289,0,2494,0,0.0
AAH8P7WH,HGST_20HUH721212ALN604,XGB,0.289,0,2471,0,0.0
AAH8R0LH,HGST_20HUH721212ALN604,XGB,0.289,0,2494,0,0.0
AAH8RG4H,HGST_20HUH721212ALN604,XGB,0.289,0,2494,0,0.0
AAH8V76H,HGST_20HUH721212ALN604,XGB,0.289,0,2494,0,0.0
AAH8V7KH,HGST_20HUH721212ALN604,XGB,0.289,0,2494,0,0.0
AAH90NAH,HGST_20HUH721212ALN604,XGB,0.289,1,1447,0,0.0
AAH919BH,HGST_20HUH721212ALN604,XGB,0.289,0,2494,0,0.0
AAH9285H,HGST_20HUH721212ALN604,XGB,0.289,0,2494,0,0.0
AAH92GHH,HGST_20HUH721212ALN604,XGB,0.289,0,2494,0,0.0
AAH92HRH,HGST_20HUH721212ALN604,XGB,0.289,0,2494,0,0.0
AAH92JGH,HGST_20HUH721212ALN604,XGB,0.289,0,2494,0,0.0
AAH92V3H,HGST_20HUH721212ALN604,XGB,0.289,0,2494,0,0.0
AAH9301H,HGST_20HUH721212ALN604,XGB,0.289,1,1695,0,0.0
AAH9305H,HGST_20HUH721212ALN604,XGB,0.289,0,2494,0,0.0
AAH9307H,HGST_20HUH721212ALN604,XGB,0.289,1,1437,0,0.0
AAH93MDH,HGST_20HUH721212ALN604,XGB,0.289,0,2494,0,0.0
AAH93RZH,HGST_20HUH721212ALN604,XGB,0.289,0,2494,0,0.0
AAH953TH,HGST_20HUH721212ALN604,XGB,0.289,0,2494,0,0.0
AAH9618H,HGST_20HUH721212ALN604,XGB,0.289,0,2494,0,0.0
AAH9689H,HGST_20HUH721212ALN604,XGB,0.289,0,2494,0,0.0
AAH96AUH,HGST_20HUH721212ALN604,XGB,0.289,0,2494,0,0.0
AAH97BZH,HGST_20HUH721212ALN604,XGB,0.289,0,2346,3,0.0012787723785166241
AAH99PNH,HGST_20HUH721212ALN604,XGB,0.289,0,2494,0,0.0
AAH9BERH,HGST_20HUH721212ALN604,XGB,0.289,0,2494,0,0.0
AAHAS1MH,HGST_20HUH721212ALN604,XGB,0.289,0,2471,0,0.0
AAHAS9TH,HGST_20HUH721212ALN604,XGB,0.289,0,2471,0,0.0
AAHB6YXH,HGST_20HUH721212ALN604,XGB,0.289,0,2471,0,0.0
AAHB8Z9H,HGST_20HUH721212ALN604,XGB,0.289,0,2471,0,0.0
AAHBKUHH,HGST_20HUH721212ALN604,XGB,0.289,0,2471,0,0.0
AAHD7S9H,HGST_20HUH721212ALN604,XGB,0.289,0,2479,0,0.0
AAHDJD5H,HGST_20HUH721212ALN604,XGB,0.289,0,2471,0,0.0
AAHDJDSH,HGST_20HUH721212ALN604,XGB,0.289,0,2471,0,0.0
AAHDJH3H,HGST_20HUH721212ALN604,XGB,0.289,0,2459,0,0.0
AAHDUS5H,HGST_20HUH721212ALN604,XGB,0.289,0,2471,0,0.0
AAHDUT6H,HGST_20HUH721212ALN604,XGB,0.289,0,2471,0,0.0
AAHDYR0H,HGST_20HUH721212ALN604,XGB,0.289,0,2471,0,0.0
AAHE23AH,HGST_20HUH721212ALN604,XGB,0.289,0,2471,0,0.0
AAHE4SAH,HGST_20HUH721212ALN604,XGB,0.289,0,2471,0,0.0
AAHEAGWH,HGST_20HUH721212ALN604,XGB,0.289,0,2471,0,0.0
AAHEAHLH,HGST_20HUH721212ALN604,XGB,0.289,0,2471,0,0.0
AAHED32H,HGST_20HUH721212ALN604,XGB,0.289,0,2471,0,0.0
AAHED3GH,HGST_20HUH721212ALN604,XGB,0.289,0,2471,0,0.0
AAHED8NH,HGST_20HUH721212ALN604,XGB,0.289,0,2463,0,0.0
AAHED98H,HGST_20HUH721212ALN604,XGB,0.289,0,2471,0,0.0
AAHEEVKH,HGST_20HUH721212ALN604,XGB,0.289,0,2471,0,0.0
AAHEHEEH,HGST_20HUH721212ALN604,XGB,0.289,0,2471,0,0.0
AAHEHHMH,HGST_20HUH721212ALN604,XGB,0.289,0,2467,0,0.0
AAHEHJ0H,HGST_20HUH721212ALN604,XGB,0.289,0,2466,0,0.0
AAHEHJ1H,HGST_20HUH721212ALN604,XGB,0.289,0,2471,0,0.0
AAHEHL5H,HGST_20HUH721212ALN604,XGB,0.289,0,2471,0,0.0
AAHEHP8H,HGST_20HUH721212ALN604,XGB,0.289,0,2471,0,0.0
AAHEHRSH,HGST_20HUH721212ALN604,XGB,0.289,0,2471,0,0.0
AAHEHS0H,HGST_20HUH721212ALN604,XGB,0.289,0,2471,0,0.0
AAHEHTDH,HGST_20HUH721212ALN604,XGB,0.289,0,2471,0,0.0
AAHEHTNH,HGST_20HUH721212ALN604,XGB,0.289,0,2471,0,0.0
AAHEHTPH,HGST_20HUH721212ALN604,XGB,0.289,0,2471,0,0.0
AAHEHVUH,HGST_20HUH721212ALN604,XGB,0.289,0,2471,0,0.0
AAHEHY7H,HGST_20HUH721212ALN604,XGB,0.289,0,2471,0,0.0
AAHEHZ2H,HGST_20HUH721212ALN604,XGB,0.289,0,2471,0,0.0
AAHEHZPH,HGST_20HUH721212ALN604,XGB,0.289,0,2471,0,0.0
AAHEHZXH,HGST_20HUH721212ALN604,XGB,0.289,0,2471,0,0.0
AAHEJ43H,HGST_20HUH721212ALN604,XGB,0.289,0,2462,0,0.0
AAHEJ4KH,HGST_20HUH721212ALN604,XGB,0.289,0,2471,0,0.0
AAHEJ76H,HGST_20HUH721212ALN604,XGB,0.289,0,2471,0,0.0
AAHEJDXH,HGST_20HUH721212ALN604,XGB,0.289,0,2471,0,0.0
AAHEJE4H,HGST_20HUH721212ALN604,XGB,0.289,0,2471,0,0.0
AAHEJHKH,HGST_20HUH721212ALN604,XGB,0.289,0,2471,0,0.0
AAHGYKJH,HGST_20HUH721212ALN604,XGB,0.289,1,1808,0,0.0
AAHH59AH,HGST_20HUH721212ALN604,XGB,0.289,0,2392,0,0.0
AAHHAXAH,HGST_20HUH721212ALN604,XGB,0.289,0,2393,0,0.0
AAHHXJ2H,HGST_20HUH721212ALN604,XGB,0.289,0,2393,0,0.0
AAHJG5XH,HGST_20HUH721212ALN604,XGB,0.289,0,2392,0,0.0
AAHJP8BH,HGST_20HUH721212ALN604,XGB,0.289,0,2466,0,0.0
AAHK5PUH,HGST_20HUH721212ALN604,XGB,0.289,0,2466,0,0.0
AAHK8NRH,HGST_20HUH721212ALN604,XGB,0.289,0,2393,0,0.0
AAHKERJH,HGST_20HUH721212ALN604,XGB,0.289,1,2346,0,0.0
AAHKKR8H,HGST_20HUH721212ALN604,XGB,0.289,0,2392,0,0.0
AAHKLDKH,HGST_20HUH721212ALN604,XGB,0.289,0,2466,0,0.0
AAHKM55H,HGST_20HUH721212ALN604,XGB,0.289,1,2051,0,0.0
AAHKMW2H,HGST_20HUH721212ALN604,XGB,0.289,1,957,0,0.0
AAHKS17H,HGST_20HUH721212ALN604,XGB,0.289,1,2215,0,0.0
AAHKWLAH,HGST_20HUH721212ALN604,XGB,0.289,0,2392,0,0.0
AAHKX43H,HGST_20HUH721212ALN604,XGB,0.289,1,104,1,0.009615384615384616
AAHKXKYH,HGST_20HUH721212ALN604,XGB,0.289,0,2393,0,0.0
AAHKXLYH,HGST_20HUH721212ALN604,XGB,0.289,0,2392,0,0.0
AAHKXNHH,HGST_20HUH721212ALN604,XGB,0.289,0,2392,0,0.0
AAHKXZ7H,HGST_20HUH721212ALN604,XGB,0.289,0,2392,0,0.0
AAHKYETH,HGST_20HUH721212ALN604,XGB,0.289,0,2482,0,0.0
AAHL0PKH,HGST_20HUH721212ALN604,XGB,0.289,0,1751,0,0.0
AAHL0TLH,HGST_20HUH721212ALN604,XGB,0.289,0,2466,0,0.0
AAHL4K8H,HGST_20HUH721212ALN604,XGB,0.289,0,2482,0,0.0
AAHL5LRH,HGST_20HUH721212ALN604,XGB,0.289,1,1847,0,0.0
AAHL9A9H,HGST_20HUH721212ALN604,XGB,0.289,0,2393,0,0.0
AAHL9XJH,HGST_20HUH721212ALN604,XGB,0.289,0,2392,0,0.0
AAHL9XLH,HGST_20HUH721212ALN604,XGB,0.289,0,2392,0,0.0
AAHL9Y3H,HGST_20HUH721212ALN604,XGB,0.289,0,2392,0,0.0
AAHL9YAH,HGST_20HUH721212ALN604,XGB,0.289,0,2392,0,0.0
AAHL9ZYH,HGST_20HUH721212ALN604,XGB,0.289,0,2392,0,0.0
AAHLBTZH,HGST_20HUH721212ALN604,XGB,0.289,1,2174,0,0.0
AAHLBWGH,HGST_20HUH721212ALN604,XGB,0.289,1,2205,0,0.0
AAHLBWSH,HGST_20HUH721212ALN604,XGB,0.289,1,1582,0,0.0
AAHLBXVH,HGST_20HUH721212ALN604,XGB,0.289,0,2281,0,0.0
AAHLD3UH,HGST_20HUH721212ALN604,XGB,0.289,1,2038,0,0.0
AAHLS5JH,HGST_20HUH721212ALN604,XGB,0.289,0,2482,0,0.0
AAHLS7ZH,HGST_20HUH721212ALN604,XGB,0.289,0,2482,0,0.0
AAHLS8YH,HGST_20HUH721212ALN604,XGB,0.289,0,2482,0,0.0
AAHLS9UH,HGST_20HUH721212ALN604,XGB,0.289,0,2482,0,0.0
AAHLV30H,HGST_20HUH721212ALN604,XGB,0.289,0,2482,0,0.0
AAHLV40H,HGST_20HUH721212ALN604,XGB,0.289,1,82,0,0.0
AAHLV47H,HGST_20HUH721212ALN604,XGB,0.289,0,2482,0,0.0
AAHLVTVH,HGST_20HUH721212ALN604,XGB,0.289,0,2471,0,0.0
AAHLWE3H,HGST_20HUH721212ALN604,XGB,0.289,0,2471,0,0.0
AAHLWKXH,HGST_20HUH721212ALN604,XGB,0.289,0,2482,0,0.0
AAHLWM3H,HGST_20HUH721212ALN604,XGB,0.289,0,2471,0,0.0
AAHLXJ1H,HGST_20HUH721212ALN604,XGB,0.289,0,2494,0,0.0
AAHLXJ9H,HGST_20HUH721212ALN604,XGB,0.289,0,2490,0,0.0
AAHLXL5H,HGST_20HUH721212ALN604,XGB,0.289,0,2393,0,0.0
AAHLXTXH,HGST_20HUH721212ALN604,XGB,0.289,0,2470,0,0.0
AAHLY01H,HGST_20HUH721212ALN604,XGB,0.289,0,2471,0,0.0
AAHLY04H,HGST_20HUH721212ALN604,XGB,0.289,0,2494,0,0.0
AAHLY2TH,HGST_20HUH721212ALN604,XGB,0.289,0,2471,0,0.0
AAHLY31H,HGST_20HUH721212ALN604,XGB,0.289,1,2174,152,0.06991720331186753
AAHLYJRH,HGST_20HUH721212ALN604,XGB,0.289,0,2471,0,0.0
AAHLYY6H,HGST_20HUH721212ALN604,XGB,0.289,0,2482,0,0.0
AAHM227H,HGST_20HUH721212ALN604,XGB,0.289,0,2393,0,0.0
AAHM4E6H,HGST_20HUH721212ALN604,XGB,0.289,0,2471,0,0.0
AAHM4HSH,HGST_20HUH721212ALN604,XGB,0.289,0,2494,0,0.0
AAHM4KJH,HGST_20HUH721212ALN604,XGB,0.289,0,2393,0,0.0
AAHM4S6H,HGST_20HUH721212ALN604,XGB,0.289,0,2494,0,0.0
AAHM4S8H,HGST_20HUH721212ALN604,XGB,0.289,0,2494,0,0.0
AAHM4SSH,HGST_20HUH721212ALN604,XGB,0.289,0,2494,0,0.0
AAHM4T2H,HGST_20HUH721212ALN604,XGB,0.289,0,2494,0,0.0
AAHM4T6H,HGST_20HUH721212ALN604,XGB,0.289,0,2393,0,0.0
AAHM4TRH,HGST_20HUH721212ALN604,XGB,0.289,0,2393,0,0.0
AAHM4UYH,HGST_20HUH721212ALN604,XGB,0.289,0,2494,0,0.0
AAHM4WBH,HGST_20HUH721212ALN604,XGB,0.289,0,2482,0,0.0
AAHM4WEH,HGST_20HUH721212ALN604,XGB,0.289,0,2494,0,0.0
AAHM4XGH,HGST_20HUH721212ALN604,XGB,0.289,0,2392,0,0.0
AAHM5Z4H,HGST_20HUH721212ALN604,XGB,0.289,0,2494,0,0.0
AAHM5Z9H,HGST_20HUH721212ALN604,XGB,0.289,0,2494,0,0.0
AAHM5ZHH,HGST_20HUH721212ALN604,XGB,0.289,0,2494,0,0.0
AAHMD6GH,HGST_20HUH721212ALN604,XGB,0.289,0,2494,0,0.0
AAHME7KH,HGST_20HUH721212ALN604,XGB,0.289,0,2482,0,0.0
AAHMGV8H,HGST_20HUH721212ALN604,XGB,0.289,0,2471,0,0.0
AAHMH4LH,HGST_20HUH721212ALN604,XGB,0.289,0,2494,0,0.0
AAHML65H,HGST_20HUH721212ALN604,XGB,0.289,0,2469,0,0.0
AAHMN38H,HGST_20HUH721212ALN604,XGB,0.289,0,2482,0,0.0
AAHMR03H,HGST_20HUH721212ALN604,XGB,0.289,1,2387,0,0.0
AAHMR2ZH,HGST_20HUH721212ALN604,XGB,0.289,1,1722,0,0.0
AAHMSNRH,HGST_20HUH721212ALN604,XGB,0.289,0,2482,0,0.0
AAHMUYLH,HGST_20HUH721212ALN604,XGB,0.289,0,2482,0,0.0
AAHMW6RH,HGST_20HUH721212ALN604,XGB,0.289,0,2482,0,0.0
AAHMW7NH,HGST_20HUH721212ALN604,XGB,0.289,0,2482,0,0.0
2AG61PSY,HGST_20HUH721212ALN604,LSTM,0.124,0,2467,0,0.0
2AG8AVRY,HGST_20HUH721212ALN604,LSTM,0.124,0,2392,0,0.0
2AGEGU7Y,HGST_20HUH721212ALN604,LSTM,0.124,0,2471,0,0.0
2AGEU1JY,HGST_20HUH721212ALN604,LSTM,0.124,0,2466,139,0.056366585563665854
2AGG48NY,HGST_20HUH721212ALN604,LSTM,0.124,0,2471,0,0.0
2AGG7H1Y,HGST_20HUH721212ALN604,LSTM,0.124,0,2471,0,0.0
2AGGHGJY,HGST_20HUH721212ALN604,LSTM,0.124,1,2015,0,0.0
2AGGHLEY,HGST_20HUH721212ALN604,LSTM,0.124,0,2466,0,0.0
2AGGHM0Y,HGST_20HUH721212ALN604,LSTM,0.124,0,2471,0,0.0
2AGGHMUY,HGST_20HUH721212ALN604,LSTM,0.124,0,2482,0,0.0
2AGGHR1Y,HGST_20HUH721212ALN604,LSTM,0.124,0,2471,0,0.0
2AGGHR7Y,HGST_20HUH721212ALN604,LSTM,0.124,0,2471,0,0.0
2AGGL0UY,HGST_20HUH721212ALN604,LSTM,0.124,1,1008,1,0.000992063492063492
2AGGR3NY,HGST_20HUH721212ALN604,LSTM,0.124,0,2471,0,0.0
2AGGZNJY,HGST_20HUH721212ALN604,LSTM,0.124,0,2471,0,0.0
2AGH31BY,HGST_20HUH721212ALN604,LSTM,0.124,1,1620,0,0.0
2AGH31PY,HGST_20HUH721212ALN604,LSTM,0.124,1,2003,0,0.0
2AGH33SY,HGST_20HUH721212ALN604,LSTM,0.124,1,2174,49,0.022539098436062558
2AGH34HY,HGST_20HUH721212ALN604,LSTM,0.124,0,2471,0,0.0
2AGH34PY,HGST_20HUH721212ALN604,LSTM,0.124,0,2471,0,0.0
2AGH35GY,HGST_20HUH721212ALN604,LSTM,0.124,0,2471,0,0.0
2AGHB9XY,HGST_20HUH721212ALN604,LSTM,0.124,1,2009,0,0.0
2AGHDYHY,HGST_20HUH721212ALN604,LSTM,0.124,0,2471,0,0.0
2AGHEP9Y,HGST_20HUH721212ALN604,LSTM,0.124,1,1888,0,0.0
2AGHGR1Y,HGST_20HUH721212ALN604,LSTM,0.124,0,2471,0,0.0
2AGHGRLY,HGST_20HUH721212ALN604,LSTM,0.124,0,2471,0,0.0
2AGHGRRY,HGST_20HUH721212ALN604,LSTM,0.124,0,2471,0,0.0
2AGHJD4Y,HGST_20HUH721212ALN604,LSTM,0.124,0,2464,231,0.09375
2AGHK55Y,HGST_20HUH721212ALN604,LSTM,0.124,0,2460,0,0.0
2AGHK8MY,HGST_20HUH721212ALN604,LSTM,0.124,0,2471,0,0.0
2AGHLEUY,HGST_20HUH721212ALN604,LSTM,0.124,1,1625,0,0.0
2AGHLGTY,HGST_20HUH721212ALN604,LSTM,0.124,1,2263,0,0.0
2AGHLKHY,HGST_20HUH721212ALN604,LSTM,0.124,0,2471,0,0.0
2AGHLMXY,HGST_20HUH721212ALN604,LSTM,0.124,0,2471,0,0.0
2AGHLN0Y,HGST_20HUH721212ALN604,LSTM,0.124,0,2471,0,0.0
2AGHMUTY,HGST_20HUH721212ALN604,LSTM,0.124,0,2471,0,0.0
2AGHMUYY,HGST_20HUH721212ALN604,LSTM,0.124,0,2466,0,0.0
2AGHMW5Y,HGST_20HUH721212ALN604,LSTM,0.124,0,2471,0,0.0
2AGHMXGY,HGST_20HUH721212ALN604,LSTM,0.124,1,1449,0,0.0
2AGHMYTY,HGST_20HUH721212ALN604,LSTM,0.124,0,2471,0,0.0
2AGHMZMY,HGST_20HUH721212ALN604,LSTM,0.124,0,2471,0,0.0
2AGHN0TY,HGST_20HUH721212ALN604,LSTM,0.124,1,515,49,0.09514563106796116
2AGHN0WY,HGST_20HUH721212ALN604,LSTM,0.124,0,2471,0,0.0
2AGHN16Y,HGST_20HUH721212ALN604,LSTM,0.124,0,2471,0,0.0
2AGHN2AY,HGST_20HUH721212ALN604,LSTM,0.124,0,2471,0,0.0
2AGHN3XY,HGST_20HUH721212ALN604,LSTM,0.124,0,2471,0,0.0
2AGHPDKY,HGST_20HUH721212ALN604,LSTM,0.124,0,2471,0,0.0
2AGHSJ4Y,HGST_20HUH721212ALN604,LSTM,0.124,0,2462,0,0.0
2AGHSS9Y,HGST_20HUH721212ALN604,LSTM,0.124,0,2471,0,0.0
2AGHTBYY,HGST_20HUH721212ALN604,LSTM,0.124,1,2071,244,0.1178174794785128
2AGHTGEY,HGST_20HUH721212ALN604,LSTM,0.124,1,1388,37,0.026657060518731988
2AGHTKBY,HGST_20HUH721212ALN604,LSTM,0.124,0,2471,0,0.0
2AGLY65Y,HGST_20HUH721212ALN604,LSTM,0.124,1,1561,0,0.0
2AGM231Y,HGST_20HUH721212ALN604,LSTM,0.124,0,2494,0,0.0
2AGM23NY,HGST_20HUH721212ALN604,LSTM,0.124,0,2494,0,0.0
2AGM5UVY,HGST_20HUH721212ALN604,LSTM,0.124,0,2482,0,0.0
2AGM5V7Y,HGST_20HUH721212ALN604,LSTM,0.124,1,2390,32,0.013389121338912133
2AGM5VBY,HGST_20HUH721212ALN604,LSTM,0.124,0,2482,0,0.0
2AGM5VHY,HGST_20HUH721212ALN604,LSTM,0.124,1,1985,0,0.0
2AGM5W9Y,HGST_20HUH721212ALN604,LSTM,0.124,1,2073,0,0.0
2AGM5YEY,HGST_20HUH721212ALN604,LSTM,0.124,0,2494,0,0.0
2AGM8EMY,HGST_20HUH721212ALN604,LSTM,0.124,1,1994,0,0.0
2AGM8EUY,HGST_20HUH721212ALN604,LSTM,0.124,0,2471,0,0.0
2AGM8J2Y,HGST_20HUH721212ALN604,LSTM,0.124,0,2482,0,0.0
2AGM8JAY,HGST_20HUH721212ALN604,LSTM,0.124,0,2468,0,0.0
2AGM8LNY,HGST_20HUH721212ALN604,LSTM,0.124,0,2486,0,0.0
2AGM8RJY,HGST_20HUH721212ALN604,LSTM,0.124,0,2393,0,0.0
2AGM8RTY,HGST_20HUH721212ALN604,LSTM,0.124,0,2480,0,0.0
2AGM8UNY,HGST_20HUH721212ALN604,LSTM,0.124,1,2310,46,0.019913419913419914
2AGM8V7Y,HGST_20HUH721212ALN604,LSTM,0.124,0,2482,0,0.0
2AGM9MXY,HGST_20HUH721212ALN604,LSTM,0.124,1,2333,0,0.0
2AGM9PJY,HGST_20HUH721212ALN604,LSTM,0.124,0,2485,0,0.0
2AGM9RGY,HGST_20HUH721212ALN604,LSTM,0.124,1,1318,0,0.0
2AGM9S6Y,HGST_20HUH721212ALN604,LSTM,0.124,0,2482,0,0.0
2AGM9SDY,HGST_20HUH721212ALN604,LSTM,0.124,0,2494,0,0.0
2AGM9U1Y,HGST_20HUH721212ALN604,LSTM,0.124,0,2480,0,0.0
2AGMDJKY,HGST_20HUH721212ALN604,LSTM,0.124,0,2494,0,0.0
2AGMDUAY,HGST_20HUH721212ALN604,LSTM,0.124,1,1330,0,0.0
2AGMDY1Y,HGST_20HUH721212ALN604,LSTM,0.124,0,2392,0,0.0
2AGME0XY,HGST_20HUH721212ALN604,LSTM,0.124,1,1841,7,0.0038022813688212928
2AGME3BY,HGST_20HUH721212ALN604,LSTM,0.124,0,2482,0,0.0
2AGME9PY,HGST_20HUH721212ALN604,LSTM,0.124,1,1821,0,0.0
2AGMGAYY,HGST_20HUH721212ALN604,LSTM,0.124,0,2482,0,0.0
2AGMGDPY,HGST_20HUH721212ALN604,LSTM,0.124,0,2393,0,0.0
2AGMGKLY,HGST_20HUH721212ALN604,LSTM,0.124,0,2393,0,0.0
2AGMGXEY,HGST_20HUH721212ALN604,LSTM,0.124,0,2392,0,0.0
2AGMH2YY,HGST_20HUH721212ALN604,LSTM,0.124,1,2024,0,0.0
2AGMH3JY,HGST_20HUH721212ALN604,LSTM,0.124,0,2482,0,0.0
2AGMHK6Y,HGST_20HUH721212ALN604,LSTM,0.124,0,2494,0,0.0
2AGMHPEY,HGST_20HUH721212ALN604,LSTM,0.124,1,1852,0,0.0
2AGMHRYY,HGST_20HUH721212ALN604,LSTM,0.124,1,1828,23,0.012582056892778994
2AGMHTLY,HGST_20HUH721212ALN604,LSTM,0.124,0,2494,0,0.0
2AGMHU7Y,HGST_20HUH721212ALN604,LSTM,0.124,1,1893,0,0.0
2AGMHVTY,HGST_20HUH721212ALN604,LSTM,0.124,0,2482,0,0.0
2AGMHWAY,HGST_20HUH721212ALN604,LSTM,0.124,1,1501,12,0.007994670219853431
2AGMHXDY,HGST_20HUH721212ALN604,LSTM,0.124,1,2121,2,0.000942951438000943
2AGMHY3Y,HGST_20HUH721212ALN604,LSTM,0.124,1,2289,0,0.0
2AGMHY5Y,HGST_20HUH721212ALN604,LSTM,0.124,0,2393,0,0.0
2AGMJ35Y,HGST_20HUH721212ALN604,LSTM,0.124,0,2494,0,0.0
2AGMJ3JY,HGST_20HUH721212ALN604,LSTM,0.124,0,2482,0,0.0
2AGMJ3TY,HGST_20HUH721212ALN604,LSTM,0.124,0,2392,0,0.0
2AGMJ47Y,HGST_20HUH721212ALN604,LSTM,0.124,0,2466,0,0.0
2AGMJ5BY,HGST_20HUH721212ALN604,LSTM,0.124,1,731,0,0.0
2AGMKV4Y,HGST_20HUH721212ALN604,LSTM,0.124,1,2442,19,0.007780507780507781
2AGMKVHY,HGST_20HUH721212ALN604,LSTM,0.124,1,1363,0,0.0
2AGMKVTY,HGST_20HUH721212ALN604,LSTM,0.124,1,1940,0,0.0
2AGMLMLY,HGST_20HUH721212ALN604,LSTM,0.124,0,2392,0,0.0
2AGMLSZY,HGST_20HUH721212ALN604,LSTM,0.124,1,442,11,0.024886877828054297
2AGMLT7Y,HGST_20HUH721212ALN604,LSTM,0.124,0,2474,0,0.0
2AGMLWNY,HGST_20HUH721212ALN604,LSTM,0.124,0,2392,0,0.0
2AGMLZLY,HGST_20HUH721212ALN604,LSTM,0.124,1,2460,0,0.0
2AGMM0UY,HGST_20HUH721212ALN604,LSTM,0.124,0,2480,0,0.0
2AGMMNKY,HGST_20HUH721212ALN604,LSTM,0.124,0,2466,0,0.0
2AGMMU1Y,HGST_20HUH721212ALN604,LSTM,0.124,0,2482,0,0.0
2AGMMU4Y,HGST_20HUH721212ALN604,LSTM,0.124,0,2392,0,0.0
2AGMNB7Y,HGST_20HUH721212ALN604,LSTM,0.124,1,1415,0,0.0
2AGMNBEY,HGST_20HUH721212ALN604,LSTM,0.124,0,2482,0,0.0
2AGMND4Y,HGST_20HUH721212ALN604,LSTM,0.124,1,2369,17,0.007176023638666104
2AGMNE1Y,HGST_20HUH721212ALN604,LSTM,0.124,1,2244,4,0.0017825311942959
2AGMNEBY,HGST_20HUH721212ALN604,LSTM,0.124,1,1921,3,0.0015616866215512754
2AGMNG0Y,HGST_20HUH721212ALN604,LSTM,0.124,0,2022,4,0.0019782393669634025
2AGMNJKY,HGST_20HUH721212ALN604,LSTM,0.124,1,2312,0,0.0
2AGMNM8Y,HGST_20HUH721212ALN604,LSTM,0.124,0,2392,0,0.0
2AGMNMWY,HGST_20HUH721212ALN604,LSTM,0.124,1,1448,0,0.0
2AGMNTXY,HGST_20HUH721212ALN604,LSTM,0.124,0,2482,0,0.0
2AGMNUVY,HGST_20HUH721212ALN604,LSTM,0.124,0,2494,0,0.0
2AGMNWBY,HGST_20HUH721212ALN604,LSTM,0.124,0,2393,0,0.0
2AGMNXRY,HGST_20HUH721212ALN604,LSTM,0.124,0,2393,0,0.0
2AGMP7ZY,HGST_20HUH721212ALN604,LSTM,0.124,0,2392,0,0.0
2AGMPBWY,HGST_20HUH721212ALN604,LSTM,0.124,0,2453,0,0.0
2AGMPD8Y,HGST_20HUH721212ALN604,LSTM,0.124,1,1562,0,0.0
2AGMPK3Y,HGST_20HUH721212ALN604,LSTM,0.124,0,2494,0,0.0
2AGMPL7Y,HGST_20HUH721212ALN604,LSTM,0.124,1,2115,0,0.0
2AGMPP1Y,HGST_20HUH721212ALN604,LSTM,0.124,0,2482,0,0.0
2AGMPP4Y,HGST_20HUH721212ALN604,LSTM,0.124,1,2313,13,0.005620406398616515
2AGMPPGY,HGST_20HUH721212ALN604,LSTM,0.124,0,2482,0,0.0
2AGMPSSY,HGST_20HUH721212ALN604,LSTM,0.124,0,2482,0,0.0
2AGMPT2Y,HGST_20HUH721212ALN604,LSTM,0.124,0,2482,0,0.0
2AGMPZ8Y,HGST_20HUH721212ALN604,LSTM,0.124,0,2392,0,0.0
2AGMS6PY,HGST_20HUH721212ALN604,LSTM,0.124,0,2392,0,0.0
2AGMSHHY,HGST_20HUH721212ALN604,LSTM,0.124,1,1197,0,0.0
2AGMTK0Y,HGST_20HUH721212ALN604,LSTM,0.124,1,2295,1,0.00043572984749455336
2AGMTL0Y,HGST_20HUH721212ALN604,LSTM,0.124,1,1445,0,0.0
2AGMTXAY,HGST_20HUH721212ALN604,LSTM,0.124,0,2393,0,0.0
2AGMUBMY,HGST_20HUH721212ALN604,LSTM,0.124,0,2466,0,0.0
2AGMUBRY,HGST_20HUH721212ALN604,LSTM,0.124,1,1819,0,0.0
2AGMV9UY,HGST_20HUH721212ALN604,LSTM,0.124,0,2393,0,0.0
2AGMVDDY,HGST_20HUH721212ALN604,LSTM,0.124,0,2482,0,0.0
2AGMWHVY,HGST_20HUH721212ALN604,LSTM,0.124,1,1892,0,0.0
2AGMZLMY,HGST_20HUH721212ALN604,LSTM,0.124,1,1373,0,0.0
2AGN038Y,HGST_20HUH721212ALN604,LSTM,0.124,0,2393,0,0.0
2AGN03MY,HGST_20HUH721212ALN604,LSTM,0.124,0,2393,0,0.0
2AGN05MY,HGST_20HUH721212ALN604,LSTM,0.124,0,2393,0,0.0
2AGN071Y,HGST_20HUH721212ALN604,LSTM,0.124,0,2393,0,0.0
2AGN07AY,HGST_20HUH721212ALN604,LSTM,0.124,0,2392,0,0.0
2AGN17RY,HGST_20HUH721212ALN604,LSTM,0.124,0,2393,0,0.0
2AGN1YNY,HGST_20HUH721212ALN604,LSTM,0.124,0,2392,0,0.0
2AGN29AY,HGST_20HUH721212ALN604,LSTM,0.124,0,2392,0,0.0
2AGN43EY,HGST_20HUH721212ALN604,LSTM,0.124,0,2393,0,0.0
2AGN5A3Y,HGST_20HUH721212ALN604,LSTM,0.124,0,2466,0,0.0
2AGN7GZY,HGST_20HUH721212ALN604,LSTM,0.124,0,2393,0,0.0
2AGN7XVY,HGST_20HUH721212ALN604,LSTM,0.124,0,2392,0,0.0
2AGN7XYY,HGST_20HUH721212ALN604,LSTM,0.124,0,2467,0,0.0
2AGN853Y,HGST_20HUH721212ALN604,LSTM,0.124,0,2392,0,0.0
2AGN8H9Y,HGST_20HUH721212ALN604,LSTM,0.124,0,2392,0,0.0
2AGN8Y9Y,HGST_20HUH721212ALN604,LSTM,0.124,0,2393,0,0.0
2AGN8ZGY,HGST_20HUH721212ALN604,LSTM,0.124,0,2466,0,0.0
2AGN90RY,HGST_20HUH721212ALN604,LSTM,0.124,1,1577,0,0.0
2AGN9N4Y,HGST_20HUH721212ALN604,LSTM,0.124,1,2033,0,0.0
2AGNAK7Y,HGST_20HUH721212ALN604,LSTM,0.124,0,2392,0,0.0
2AGNAKGY,HGST_20HUH721212ALN604,LSTM,0.124,0,2392,0,0.0
2AGNAYKY,HGST_20HUH721212ALN604,LSTM,0.124,0,2393,0,0.0
2AGNBWPY,HGST_20HUH721212ALN604,LSTM,0.124,0,2393,0,0.0
2AGND0EY,HGST_20HUH721212ALN604,LSTM,0.124,0,2393,0,0.0
2AGNEAHY,HGST_20HUH721212ALN604,LSTM,0.124,0,2393,0,0.0
2AGNEK5Y,HGST_20HUH721212ALN604,LSTM,0.124,0,2392,0,0.0
2AGNEN9Y,HGST_20HUH721212ALN604,LSTM,0.124,0,2392,0,0.0
2AGNEREY,HGST_20HUH721212ALN604,LSTM,0.124,0,2393,0,0.0
2AGNGZPY,HGST_20HUH721212ALN604,LSTM,0.124,0,2471,0,0.0
2AGNJE2Y,HGST_20HUH721212ALN604,LSTM,0.124,0,2466,0,0.0
2AGNJG7Y,HGST_20HUH721212ALN604,LSTM,0.124,0,2393,0,0.0
2AGNJGHY,HGST_20HUH721212ALN604,LSTM,0.124,0,2393,0,0.0
2AGNJRYY,HGST_20HUH721212ALN604,LSTM,0.124,0,2466,0,0.0
2AGNJTAY,HGST_20HUH721212ALN604,LSTM,0.124,0,2392,0,0.0
2AGNJTRY,HGST_20HUH721212ALN604,LSTM,0.124,0,2392,0,0.0
2AGNKB9Y,HGST_20HUH721212ALN604,LSTM,0.124,1,1570,0,0.0
2AGNKGXY,HGST_20HUH721212ALN604,LSTM,0.124,0,2392,0,0.0
2AGNKNJY,HGST_20HUH721212ALN604,LSTM,0.124,0,2392,0,0.0
2AGNKSPY,HGST_20HUH721212ALN604,LSTM,0.124,0,2392,0,0.0
2AGNKV4Y,HGST_20HUH721212ALN604,LSTM,0.124,0,2393,0,0.0
2AGNL61Y,HGST_20HUH721212ALN604,LSTM,0.124,0,2482,0,0.0
2AGNNTHY,HGST_20HUH721212ALN604,LSTM,0.124,0,2430,0,0.0
2AGNT47Y,HGST_20HUH721212ALN604,LSTM,0.124,0,2482,0,0.0
2AGP393Y,HGST_20HUH721212ALN604,LSTM,0.124,1,1406,20,0.01422475106685633
2AGP43EY,HGST_20HUH721212ALN604,LSTM,0.124,1,1936,0,0.0
2AGP5EDY,HGST_20HUH721212ALN604,LSTM,0.124,0,2482,0,0.0
2AGP5GBY,HGST_20HUH721212ALN604,LSTM,0.124,0,2482,0,0.0
2AGP5J1Y,HGST_20HUH721212ALN604,LSTM,0.124,0,2482,0,0.0
2AGP6TYY,HGST_20HUH721212ALN604,LSTM,0.124,0,2482,0,0.0
2AGP6UBY,HGST_20HUH721212ALN604,LSTM,0.124,0,2482,0,0.0
2AGP9W7Y,HGST_20HUH721212ALN604,LSTM,0.124,0,2482,0,0.0
2AGPHHKY,HGST_20HUH721212ALN604,LSTM,0.124,0,2466,0,0.0
2AGPHHTY,HGST_20HUH721212ALN604,LSTM,0.124,0,2466,0,0.0
2AGPJAVY,HGST_20HUH721212ALN604,LSTM,0.124,0,2471,0,0.0
2AGPJBGY,HGST_20HUH721212ALN604,LSTM,0.124,0,2471,0,0.0
2AGPJBNY,HGST_20HUH721212ALN604,LSTM,0.124,0,2471,0,0.0
2AGPJE5Y,HGST_20HUH721212ALN604,LSTM,0.124,0,2482,0,0.0
2AGPJGPY,HGST_20HUH721212ALN604,LSTM,0.124,1,649,0,0.0
2AGPJH1Y,HGST_20HUH721212ALN604,LSTM,0.124,1,1915,0,0.0
2AGPJHAY,HGST_20HUH721212ALN604,LSTM,0.124,0,2393,0,0.0
2AGPJHXY,HGST_20HUH721212ALN604,LSTM,0.124,0,2471,0,0.0
2AGPJL8Y,HGST_20HUH721212ALN604,LSTM,0.124,0,2471,0,0.0
2AGPJLWY,HGST_20HUH721212ALN604,LSTM,0.124,0,2393,0,0.0
2AGPJMRY,HGST_20HUH721212ALN604,LSTM,0.124,0,2393,0,0.0
2AGPJP0Y,HGST_20HUH721212ALN604,LSTM,0.124,0,2471,0,0.0
2AGPK9HY,HGST_20HUH721212ALN604,LSTM,0.124,0,2392,0,0.0
2AGPKA3Y,HGST_20HUH721212ALN604,LSTM,0.124,0,2392,0,0.0
2AGPKALY,HGST_20HUH721212ALN604,LSTM,0.124,0,2482,0,0.0
2AGPKARY,HGST_20HUH721212ALN604,LSTM,0.124,0,2482,0,0.0
2AGPKB2Y,HGST_20HUH721212ALN604,LSTM,0.124,0,2471,0,0.0
2AGPKTUY,HGST_20HUH721212ALN604,LSTM,0.124,0,2482,0,0.0
2AGPKVGY,HGST_20HUH721212ALN604,LSTM,0.124,0,2482,0,0.0
2AGPKWNY,HGST_20HUH721212ALN604,LSTM,0.124,1,1628,0,0.0
2AGPKX4Y,HGST_20HUH721212ALN604,LSTM,0.124,0,2482,0,0.0
2AGPL2YY,HGST_20HUH721212ALN604,LSTM,0.124,0,2482,0,0.0
2AGPL4UY,HGST_20HUH721212ALN604,LSTM,0.124,0,2482,0,0.0
2AGPL4ZY,HGST_20HUH721212ALN604,LSTM,0.124,0,2471,0,0.0
2AGPLSSY,HGST_20HUH721212ALN604,LSTM,0.124,0,2482,0,0.0
2AGPMDVY,HGST_20HUH721212ALN604,LSTM,0.124,0,2471,0,0.0
2AGPMEPY,HGST_20HUH721212ALN604,LSTM,0.124,0,2482,0,0.0
2AGPMGGY,HGST_20HUH721212ALN604,LSTM,0.124,0,2482,0,0.0
2AGPMM3Y,HGST_20HUH721212ALN604,LSTM,0.124,0,2471,0,0.0
2AGPMN9Y,HGST_20HUH721212ALN604,LSTM,0.124,0,2471,0,0.0
2AGPMRDY,HGST_20HUH721212ALN604,LSTM,0.124,0,2471,0,0.0
2AGPMY1Y,HGST_20HUH721212ALN604,LSTM,0.124,0,2482,0,0.0
2AGPN6PY,HGST_20HUH721212ALN604,LSTM,0.124,0,2482,0,0.0
2AGPPJAY,HGST_20HUH721212ALN604,LSTM,0.124,0,2482,0,0.0
2AGPPLLY,HGST_20HUH721212ALN604,LSTM,0.124,1,1659,26,0.01567209162145871
2AGPR6YY,HGST_20HUH721212ALN604,LSTM,0.124,0,2482,0,0.0
2AGPR7RY,HGST_20HUH721212ALN604,LSTM,0.124,0,2482,0,0.0
2AGPR8EY,HGST_20HUH721212ALN604,LSTM,0.124,0,2482,0,0.0
2AGPRL8Y,HGST_20HUH721212ALN604,LSTM,0.124,0,2471,0,0.0
2AGPRMLY,HGST_20HUH721212ALN604,LSTM,0.124,1,2418,0,0.0
2AGPRMRY,HGST_20HUH721212ALN604,LSTM,0.124,1,1928,0,0.0
2AGPRRJY,HGST_20HUH721212ALN604,LSTM,0.124,0,2494,0,0.0
2AGPS2ZY,HGST_20HUH721212ALN604,LSTM,0.124,0,2482,0,0.0
2AGPSEDY,HGST_20HUH721212ALN604,LSTM,0.124,0,2471,0,0.0
2AGPSG5Y,HGST_20HUH721212ALN604,LSTM,0.124,0,2471,0,0.0
2AGPSGKY,HGST_20HUH721212ALN604,LSTM,0.124,0,2392,0,0.0
2AGPSJKY,HGST_20HUH721212ALN604,LSTM,0.124,0,2392,0,0.0
2AGPSRUY,HGST_20HUH721212ALN604,LSTM,0.124,0,2482,0,0.0
2AGPT2PY,HGST_20HUH721212ALN604,LSTM,0.124,0,2392,0,0.0
2AGPT48Y,HGST_20HUH721212ALN604,LSTM,0.124,0,2466,0,0.0
2AGPT7PY,HGST_20HUH721212ALN604,LSTM,0.124,0,2393,0,0.0
2AGPTL4Y,HGST_20HUH721212ALN604,LSTM,0.124,0,2471,0,0.0
2AGPTVLY,HGST_20HUH721212ALN604,LSTM,0.124,0,2466,0,0.0
5PG0TA6F,HGST_20HUH721212ALN604,LSTM,0.124,0,2050,0,0.0
5PG0TAKF,HGST_20HUH721212ALN604,LSTM,0.124,0,2122,0,0.0
5PJEJUHE,HGST_20HUH721212ALN604,LSTM,0.124,0,1525,0,0.0
5PJJHD9C,HGST_20HUH721212ALN604,LSTM,0.124,0,1323,0,0.0
5PJJLZTF,HGST_20HUH721212ALN604,LSTM,0.124,0,1550,0,0.0
5PJKZP4D,HGST_20HUH721212ALN604,LSTM,0.124,0,1306,0,0.0
5PJVPJGF,HGST_20HUH721212ALN604,LSTM,0.124,0,1751,0,0.0
5PK10N4B,HGST_20HUH721212ALN604,LSTM,0.124,0,435,0,0.0
5PK5ZB1B,HGST_20HUH721212ALN604,LSTM,0.124,0,672,0,0.0
5PKEBJVB,HGST_20HUH721212ALN604,LSTM,0.124,0,826,0,0.0
5PKVXW6B,HGST_20HUH721212ALN604,LSTM,0.124,0,639,0,0.0
5QG63PMB,HGST_20HUH721212ALN604,LSTM,0.124,0,643,0,0.0
5QGBH0MB,HGST_20HUH721212ALN604,LSTM,0.124,0,814,0,0.0
5QGG5KLB,HGST_20HUH721212ALN604,LSTM,0.124,0,1062,0,0.0
5QGG5UPB,HGST_20HUH721212ALN604,LSTM,0.124,0,1178,0,0.0
5QGGAELB,HGST_20HUH721212ALN604,LSTM,0.124,1,800,16,0.02
5QGGHWVB,HGST_20HUH721212ALN604,LSTM,0.124,0,807,0,0.0
5QH0Z60B,HGST_20HUH721212ALN604,LSTM,0.124,1,206,113,0.5485436893203883
5QHDKVHB,HGST_20HUH721212ALN604,LSTM,0.124,0,836,0,0.0
5QHKE66B,HGST_20HUH721212ALN604,LSTM,0.124,0,683,0,0.0
5QHYP4MB,HGST_20HUH721212ALN604,LSTM,0.124,0,656,0,0.0
5QJBW5VB,HGST_20HUH721212ALN604,LSTM,0.124,1,109,16,0.14678899082568808
5QJS57NB,HGST_20HUH721212ALN604,LSTM,0.124,0,769,0,0.0
5QKBEVWB,HGST_20HUH721212ALN604,LSTM,0.124,0,809,0,0.0
5QKDK07B,HGST_20HUH721212ALN604,LSTM,0.124,0,437,0,0.0
5QKHBVPB,HGST_20HUH721212ALN604,LSTM,0.124,0,641,0,0.0
5QKKSM3B,HGST_20HUH721212ALN604,LSTM,0.124,0,695,0,0.0
5QKV55TB,HGST_20HUH721212ALN604,LSTM,0.124,0,732,0,0.0
5QKV6W0B,HGST_20HUH721212ALN604,LSTM,0.124,0,931,0,0.0
5QKV74SB,HGST_20HUH721212ALN604,LSTM,0.124,0,783,0,0.0
5QKV778B,HGST_20HUH721212ALN604,LSTM,0.124,0,633,0,0.0
5QKV7UHB,HGST_20HUH721212ALN604,LSTM,0.124,0,728,0,0.0
5QKV85UB,HGST_20HUH721212ALN604,LSTM,0.124,0,821,0,0.0
5QKVAN8B,HGST_20HUH721212ALN604,LSTM,0.124,0,799,0,0.0
5QKVARLB,HGST_20HUH721212ALN604,LSTM,0.124,0,850,0,0.0
5QKVATKB,HGST_20HUH721212ALN604,LSTM,0.124,0,783,0,0.0
5QKVD71B,HGST_20HUH721212ALN604,LSTM,0.124,0,661,0,0.0
5QKVDDVB,HGST_20HUH721212ALN604,LSTM,0.124,0,621,0,0.0
5QKVETTB,HGST_20HUH721212ALN604,LSTM,0.124,0,613,0,0.0
5QKVEUZB,HGST_20HUH721212ALN604,LSTM,0.124,0,679,0,0.0
5QKVEXJB,HGST_20HUH721212ALN604,LSTM,0.124,0,823,0,0.0
5QKVGLWB,HGST_20HUH721212ALN604,LSTM,0.124,0,663,0,0.0
5QKVHPLB,HGST_20HUH721212ALN604,LSTM,0.124,0,664,0,0.0
5QKVHRMB,HGST_20HUH721212ALN604,LSTM,0.124,0,617,0,0.0
5QKVVTHB,HGST_20HUH721212ALN604,LSTM,0.124,0,686,0,0.0
8CGNK9GE,HGST_20HUH721212ALN604,LSTM,0.124,0,2382,0,0.0
8CGR1V5E,HGST_20HUH721212ALN604,LSTM,0.124,0,2466,0,0.0
8CGSN9XE,HGST_20HUH721212ALN604,LSTM,0.124,0,2482,0,0.0
8CGSTSRE,HGST_20HUH721212ALN604,LSTM,0.124,0,2494,0,0.0
8CGT5S2E,HGST_20HUH721212ALN604,LSTM,0.124,1,1985,0,0.0
8CGTW4VE,HGST_20HUH721212ALN604,LSTM,0.124,0,2466,0,0.0
8CGTZ9HE,HGST_20HUH721212ALN604,LSTM,0.124,1,1519,82,0.053982883475971036
8CGU9LLE,HGST_20HUH721212ALN604,LSTM,0.124,0,2480,0,0.0
8CGV369E,HGST_20HUH721212ALN604,LSTM,0.124,0,2482,0,0.0
8CGVR04E,HGST_20HUH721212ALN604,LSTM,0.124,0,2452,0,0.0
8CGVTH0E,HGST_20HUH721212ALN604,LSTM,0.124,0,2494,0,0.0
8CGW3HPE,HGST_20HUH721212ALN604,LSTM,0.124,0,2494,0,0.0
8CGW6ULE,HGST_20HUH721212ALN604,LSTM,0.124,0,2494,0,0.0
8CGWPGEE,HGST_20HUH721212ALN604,LSTM,0.124,0,2482,0,0.0
8CGXKYVE,HGST_20HUH721212ALN604,LSTM,0.124,0,2494,0,0.0
8CGXNNUE,HGST_20HUH721212ALN604,LSTM,0.124,1,1075,9,0.008372093023255815
8CGY4KUE,HGST_20HUH721212ALN604,LSTM,0.124,0,2482,0,0.0
8CGYJ5TE,HGST_20HUH721212ALN604,LSTM,0.124,0,2466,0,0.0
8CGYVS8E,HGST_20HUH721212ALN604,LSTM,0.124,0,2466,0,0.0
8CGYW96E,HGST_20HUH721212ALN604,LSTM,0.124,0,2466,0,0.0
8CGYXB6E,HGST_20HUH721212ALN604,LSTM,0.124,0,2385,0,0.0
8CGZ8K3E,HGST_20HUH721212ALN604,LSTM,0.124,0,2494,0,0.0
8CGZ8S1E,HGST_20HUH721212ALN604,LSTM,0.124,0,2494,0,0.0
8CGZ8SDE,HGST_20HUH721212ALN604,LSTM,0.124,0,2494,0,0.0
8CGZB98E,HGST_20HUH721212ALN604,LSTM,0.124,0,2392,0,0.0
8CGZB9VE,HGST_20HUH721212ALN604,LSTM,0.124,0,2466,0,0.0
8CGZKBME,HGST_20HUH721212ALN604,LSTM,0.124,0,2494,0,0.0
8CGZKDHE,HGST_20HUH721212ALN604,LSTM,0.124,0,2494,0,0.0
8CGZMEAE,HGST_20HUH721212ALN604,LSTM,0.124,0,2494,0,0.0
8CH02WUE,HGST_20HUH721212ALN604,LSTM,0.124,0,2392,0,0.0
8CH05AGE,HGST_20HUH721212ALN604,LSTM,0.124,0,2494,0,0.0
8CH06AGE,HGST_20HUH721212ALN604,LSTM,0.124,0,2482,0,0.0
8CH06B5E,HGST_20HUH721212ALN604,LSTM,0.124,0,2494,0,0.0
8CH06E7E,HGST_20HUH721212ALN604,LSTM,0.124,0,2494,0,0.0
8CH06EDE,HGST_20HUH721212ALN604,LSTM,0.124,0,2466,0,0.0
8CH0869E,HGST_20HUH721212ALN604,LSTM,0.124,0,2494,0,0.0
8CH08RNE,HGST_20HUH721212ALN604,LSTM,0.124,0,2385,0,0.0
8CH09GGE,HGST_20HUH721212ALN604,LSTM,0.124,0,2466,0,0.0
8CH0BYPE,HGST_20HUH721212ALN604,LSTM,0.124,0,2393,0,0.0
8CH0BYTE,HGST_20HUH721212ALN604,LSTM,0.124,0,2466,0,0.0
8CH0DM8E,HGST_20HUH721212ALN604,LSTM,0.124,0,2392,0,0.0
8CH0GNLE,HGST_20HUH721212ALN604,LSTM,0.124,0,2494,0,0.0
8CH0GNNE,HGST_20HUH721212ALN604,LSTM,0.124,0,2494,0,0.0
8CH0GNSE,HGST_20HUH721212ALN604,LSTM,0.124,0,2482,0,0.0
8CH0HRKE,HGST_20HUH721212ALN604,LSTM,0.124,0,2466,0,0.0
8CH0HTRE,HGST_20HUH721212ALN604,LSTM,0.124,0,2466,0,0.0
8CH0L5PE,HGST_20HUH721212ALN604,LSTM,0.124,0,2466,0,0.0
8CH0R06E,HGST_20HUH721212ALN604,LSTM,0.124,0,2494,0,0.0
8CH0R3YE,HGST_20HUH721212ALN604,LSTM,0.124,0,2393,0,0.0
8CH0TLTE,HGST_20HUH721212ALN604,LSTM,0.124,0,2393,0,0.0
8CH0TLUE,HGST_20HUH721212ALN604,LSTM,0.124,0,2466,0,0.0
8CH0TN2E,HGST_20HUH721212ALN604,LSTM,0.124,0,2466,0,0.0
8CH0TN3E,HGST_20HUH721212ALN604,LSTM,0.124,0,2393,0,0.0
8CH0TVRE,HGST_20HUH721212ALN604,LSTM,0.124,0,2385,0,0.0
8CH0V7TE,HGST_20HUH721212ALN604,LSTM,0.124,0,2466,0,0.0
8CH0VH1E,HGST_20HUH721212ALN604,LSTM,0.124,0,2482,0,0.0
8CH0VW0E,HGST_20HUH721212ALN604,LSTM,0.124,0,2466,0,0.0
8CH11KPE,HGST_20HUH721212ALN604,LSTM,0.124,0,2494,0,0.0
8CH13D7E,HGST_20HUH721212ALN604,LSTM,0.124,0,2466,0,0.0
8CH13DAE,HGST_20HUH721212ALN604,LSTM,0.124,0,2466,0,0.0
8CH15D3E,HGST_20HUH721212ALN604,LSTM,0.124,0,2482,0,0.0
8CH15YME,HGST_20HUH721212ALN604,LSTM,0.124,0,2466,0,0.0
8CH160KE,HGST_20HUH721212ALN604,LSTM,0.124,0,2392,0,0.0
8CH16PBE,HGST_20HUH721212ALN604,LSTM,0.124,0,2466,0,0.0
8CH16ZDE,HGST_20HUH721212ALN604,LSTM,0.124,0,2466,0,0.0
8CH16ZUE,HGST_20HUH721212ALN604,LSTM,0.124,0,2466,0,0.0
8CH17M9E,HGST_20HUH721212ALN604,LSTM,0.124,0,2466,0,0.0
8CH17MHE,HGST_20HUH721212ALN604,LSTM,0.124,0,2393,0,0.0
8CH190UE,HGST_20HUH721212ALN604,LSTM,0.124,1,957,397,0.4148380355276907
8CH1APUE,HGST_20HUH721212ALN604,LSTM,0.124,1,2302,0,0.0
8CH1AR5E,HGST_20HUH721212ALN604,LSTM,0.124,0,2494,0,0.0
8CH1ARHE,HGST_20HUH721212ALN604,LSTM,0.124,1,1581,0,0.0
8CH1WBME,HGST_20HUH721212ALN604,LSTM,0.124,1,1829,0,0.0
8CH1XHUE,HGST_20HUH721212ALN604,LSTM,0.124,0,2494,0,0.0
8CH4AT4E,HGST_20HUH721212ALN604,LSTM,0.124,0,2471,0,0.0
8CH4X3TE,HGST_20HUH721212ALN604,LSTM,0.124,1,1246,0,0.0
8CH4YM4E,HGST_20HUH721212ALN604,LSTM,0.124,1,1388,0,0.0
8CH4YM6E,HGST_20HUH721212ALN604,LSTM,0.124,1,2123,5,0.0023551577955723034
8CH4YN8E,HGST_20HUH721212ALN604,LSTM,0.124,1,1791,0,0.0
8CH4Z6UE,HGST_20HUH721212ALN604,LSTM,0.124,0,2478,0,0.0
8CH5214E,HGST_20HUH721212ALN604,LSTM,0.124,1,1737,24,0.013816925734024179
8CH52U5E,HGST_20HUH721212ALN604,LSTM,0.124,0,2481,0,0.0
8CH5B9LE,HGST_20HUH721212ALN604,LSTM,0.124,0,2482,0,0.0
8CH5E8EE,HGST_20HUH721212ALN604,LSTM,0.124,1,1420,0,0.0
8CH5HRYE,HGST_20HUH721212ALN604,LSTM,0.124,1,2050,30,0.014634146341463415
8CHRG6JE,HGST_20HUH721212ALN604,LSTM,0.124,0,2283,0,0.0
8CHU2WSE,HGST_20HUH721212ALN604,LSTM,0.124,0,2077,0,0.0
8CHU7R9E,HGST_20HUH721212ALN604,LSTM,0.124,1,1281,0,0.0
8CHUHHXE,HGST_20HUH721212ALN604,LSTM,0.124,0,2075,0,0.0
8CJMA59E,HGST_20HUH721212ALN604,LSTM,0.124,0,699,0,0.0
8DG1BB5Y,HGST_20HUH721212ALN604,LSTM,0.124,0,423,0,0.0
8DG3MU5D,HGST_20HUH721212ALN604,LSTM,0.124,0,2783,0,0.0
8DG4SAUD,HGST_20HUH721212ALN604,LSTM,0.124,0,2783,0,0.0
8DG4SAZD,HGST_20HUH721212ALN604,LSTM,0.124,0,2783,0,0.0
8DG52U7D,HGST_20HUH721212ALN604,LSTM,0.124,0,2783,0,0.0
8DG52W9D,HGST_20HUH721212ALN604,LSTM,0.124,0,2783,0,0.0
8DG52WND,HGST_20HUH721212ALN604,LSTM,0.124,0,2783,0,0.0
8DG6S3UD,HGST_20HUH721212ALN604,LSTM,0.124,1,2155,0,0.0
8DG88GTY,HGST_20HUH721212ALN604,LSTM,0.124,0,425,0,0.0
8DG93TXY,HGST_20HUH721212ALN604,LSTM,0.124,0,700,0,0.0
8DJE2HWH,HGST_20HUH721212ALN604,LSTM,0.124,0,2613,0,0.0
8DJEPPSH,HGST_20HUH721212ALN604,LSTM,0.124,0,2613,0,0.0
8DJEPTWH,HGST_20HUH721212ALN604,LSTM,0.124,0,2613,0,0.0
8DJEUXLH,HGST_20HUH721212ALN604,LSTM,0.124,0,2613,0,0.0
8DK5NDLH,HGST_20HUH721212ALN604,LSTM,0.124,0,2250,0,0.0
8DKHU24H,HGST_20HUH721212ALN604,LSTM,0.124,0,2249,0,0.0
8DKUD8AH,HGST_20HUH721212ALN604,LSTM,0.124,0,2613,0,0.0
8DKV390H,HGST_20HUH721212ALN604,LSTM,0.124,0,2558,0,0.0
8HG28M3H,HGST_20HUH721212ALN604,LSTM,0.124,0,2558,0,0.0
8HG7LGUH,HGST_20HUH721212ALN604,LSTM,0.124,1,2189,2,0.0009136592051164915
8HGBYHPH,HGST_20HUH721212ALN604,LSTM,0.124,0,1611,0,0.0
8HGNAB0H,HGST_20HUH721212ALN604,LSTM,0.124,0,2531,0,0.0
8HGZPYVH,HGST_20HUH721212ALN604,LSTM,0.124,0,1515,76,0.050165016501650166
8HH12ZPH,HGST_20HUH721212ALN604,LSTM,0.124,0,2665,0,0.0
8HH5JYSH,HGST_20HUH721212ALN604,LSTM,0.124,0,2665,0,0.0
8HH8BNRH,HGST_20HUH721212ALN604,LSTM,0.124,0,2531,0,0.0
8HH8P7RH,HGST_20HUH721212ALN604,LSTM,0.124,0,2557,0,0.0
8HH901KH,HGST_20HUH721212ALN604,LSTM,0.124,0,2531,0,0.0
8HH9ZRUH,HGST_20HUH721212ALN604,LSTM,0.124,0,2558,0,0.0
8HHARE1H,HGST_20HUH721212ALN604,LSTM,0.124,1,1320,17,0.012878787878787878
8HHARGBH,HGST_20HUH721212ALN604,LSTM,0.124,0,2557,0,0.0
8HHATBKH,HGST_20HUH721212ALN604,LSTM,0.124,0,2558,0,0.0
8HHJXENH,HGST_20HUH721212ALN604,LSTM,0.124,0,2613,0,0.0
8HHNHSUH,HGST_20HUH721212ALN604,LSTM,0.124,1,2040,0,0.0
8HHPUREH,HGST_20HUH721212ALN604,LSTM,0.124,1,2011,40,0.019890601690701143
8HHT1P2H,HGST_20HUH721212ALN604,LSTM,0.124,0,2665,0,0.0
8HHTWXYH,HGST_20HUH721212ALN604,LSTM,0.124,0,2665,0,0.0
8HHZ6MGH,HGST_20HUH721212ALN604,LSTM,0.124,0,2665,0,0.0
8HJ1NNDH,HGST_20HUH721212ALN604,LSTM,0.124,0,2665,0,0.0
8HJ6SJAH,HGST_20HUH721212ALN604,LSTM,0.124,0,2665,0,0.0
8HJ6SJTH,HGST_20HUH721212ALN604,LSTM,0.124,0,2665,0,0.0
8HJ74BPH,HGST_20HUH721212ALN604,LSTM,0.124,0,2665,0,0.0
8HJ7UJHH,HGST_20HUH721212ALN604,LSTM,0.124,0,2665,0,0.0
8HJ7Y9BH,HGST_20HUH721212ALN604,LSTM,0.124,0,2665,0,0.0
8HJ7Z0DH,HGST_20HUH721212ALN604,LSTM,0.124,0,2494,0,0.0
8HJ7Z10H,HGST_20HUH721212ALN604,LSTM,0.124,0,2665,0,0.0
8HJ7Z1MH,HGST_20HUH721212ALN604,LSTM,0.124,0,2665,0,0.0
8HJ86APH,HGST_20HUH721212ALN604,LSTM,0.124,0,2665,0,0.0
8HJ86NXH,HGST_20HUH721212ALN604,LSTM,0.124,0,2494,0,0.0
8HJ8LEXH,HGST_20HUH721212ALN604,LSTM,0.124,0,2494,0,0.0
8HJ8LKMH,HGST_20HUH721212ALN604,LSTM,0.124,1,2678,0,0.0
8HJ91WDH,HGST_20HUH721212ALN604,LSTM,0.124,0,2494,0,0.0
8HJ94EVH,HGST_20HUH721212ALN604,LSTM,0.124,0,2665,0,0.0
8HJ9JWTH,HGST_20HUH721212ALN604,LSTM,0.124,0,2665,0,0.0
8HJ9K7HH,HGST_20HUH721212ALN604,LSTM,0.124,1,2264,0,0.0
8HJ9KKGH,HGST_20HUH721212ALN604,LSTM,0.124,0,2494,0,0.0
8HJ9KN1H,HGST_20HUH721212ALN604,LSTM,0.124,0,2665,0,0.0
8HJ9LS1H,HGST_20HUH721212ALN604,LSTM,0.124,0,2665,0,0.0
8HJ9M5NH,HGST_20HUH721212ALN604,LSTM,0.124,0,2665,0,0.0
8HJ9M94H,HGST_20HUH721212ALN604,LSTM,0.124,0,2665,0,0.0
8HJ9MZBH,HGST_20HUH721212ALN604,LSTM,0.124,0,2494,0,0.0
8HJ9NHPH,HGST_20HUH721212ALN604,LSTM,0.124,0,2665,0,0.0
8HJ9NKKH,HGST_20HUH721212ALN604,LSTM,0.124,0,2665,0,0.0
8HJ9RYSH,HGST_20HUH721212ALN604,LSTM,0.124,0,2665,0,0.0
8HJ9S05H,HGST_20HUH721212ALN604,LSTM,0.124,0,2665,0,0.0
8HJ9S0EH,HGST_20HUH721212ALN604,LSTM,0.124,0,2665,0,0.0
8HJ9Y3ZH,HGST_20HUH721212ALN604,LSTM,0.124,0,2494,0,0.0
8HJA085H,HGST_20HUH721212ALN604,LSTM,0.124,0,2665,0,0.0
8HJA2DPH,HGST_20HUH721212ALN604,LSTM,0.124,0,2665,0,0.0
8HJA8DBH,HGST_20HUH721212ALN604,LSTM,0.124,0,2665,0,0.0
8HJBNYTH,HGST_20HUH721212ALN604,LSTM,0.124,0,2613,0,0.0
8HJDK12H,HGST_20HUH721212ALN604,LSTM,0.124,0,2665,0,0.0
8HJDX4PH,HGST_20HUH721212ALN604,LSTM,0.124,0,2660,0,0.0
8HJEY89H,HGST_20HUH721212ALN604,LSTM,0.124,0,2558,0,0.0
8HJG85RH,HGST_20HUH721212ALN604,LSTM,0.124,0,2558,0,0.0
8HJGZPXH,HGST_20HUH721212ALN604,LSTM,0.124,0,2665,0,0.0
8HJH62EH,HGST_20HUH721212ALN604,LSTM,0.124,0,2665,0,0.0
8HJH8RWH,HGST_20HUH721212ALN604,LSTM,0.124,0,2558,0,0.0
8HJK2HSH,HGST_20HUH721212ALN604,LSTM,0.124,0,2665,0,0.0
8HJLKZRH,HGST_20HUH721212ALN604,LSTM,0.124,0,2665,0,0.0
8HJRD7PH,HGST_20HUH721212ALN604,LSTM,0.124,0,2558,0,0.0
8HJRUMWH,HGST_20HUH721212ALN604,LSTM,0.124,0,2665,0,0.0
8HJRVW4H,HGST_20HUH721212ALN604,LSTM,0.124,0,2665,0,0.0
8HJUGTVH,HGST_20HUH721212ALN604,LSTM,0.124,0,2665,0,0.0
8HJVJKPH,HGST_20HUH721212ALN604,LSTM,0.124,0,2665,0,0.0
8HJVUAGH,HGST_20HUH721212ALN604,LSTM,0.124,0,2665,0,0.0
8HJWBJXH,HGST_20HUH721212ALN604,LSTM,0.124,0,2665,0,0.0
8HJWHD6H,HGST_20HUH721212ALN604,LSTM,0.124,0,2665,0,0.0
8HJWHEJH,HGST_20HUH721212ALN604,LSTM,0.124,0,2531,0,0.0
8HJXG0WH,HGST_20HUH721212ALN604,LSTM,0.124,1,1260,0,0.0
8HJXKBDH,HGST_20HUH721212ALN604,LSTM,0.124,0,2558,0,0.0
8HJXU87H,HGST_20HUH721212ALN604,LSTM,0.124,0,2665,0,0.0
8HJY20MH,HGST_20HUH721212ALN604,LSTM,0.124,0,2665,0,0.0
8HJYTXWH,HGST_20HUH721212ALN604,LSTM,0.124,0,2665,0,0.0
8HJYU0JH,HGST_20HUH721212ALN604,LSTM,0.124,0,2660,0,0.0
8HJYZNZH,HGST_20HUH721212ALN604,LSTM,0.124,0,2665,0,0.0
8HJZ13TH,HGST_20HUH721212ALN604,LSTM,0.124,0,2665,0,0.0
8HJZADEH,HGST_20HUH721212ALN604,LSTM,0.124,0,2665,0,0.0
8HJZEG6H,HGST_20HUH721212ALN604,LSTM,0.124,1,1830,0,0.0
8HJZG4AH,HGST_20HUH721212ALN604,LSTM,0.124,0,2665,0,0.0
8HJZNVWH,HGST_20HUH721212ALN604,LSTM,0.124,0,2660,0,0.0
8HK087WH,HGST_20HUH721212ALN604,LSTM,0.124,0,2665,0,0.0
8HK0HH3H,HGST_20HUH721212ALN604,LSTM,0.124,0,2665,0,0.0
8HK12NNH,HGST_20HUH721212ALN604,LSTM,0.124,0,2665,0,0.0
8HK17SKH,HGST_20HUH721212ALN604,LSTM,0.124,0,2665,0,0.0
8HK17SWH,HGST_20HUH721212ALN604,LSTM,0.124,0,2665,0,0.0
8HK17SYH,HGST_20HUH721212ALN604,LSTM,0.124,0,1574,0,0.0
8HK19K9H,HGST_20HUH721212ALN604,LSTM,0.124,0,2665,0,0.0
8HK19KVH,HGST_20HUH721212ALN604,LSTM,0.124,0,2665,0,0.0
8HK1KY3H,HGST_20HUH721212ALN604,LSTM,0.124,0,2665,0,0.0
8HK1LYPH,HGST_20HUH721212ALN604,LSTM,0.124,0,2665,0,0.0
8HK1N18H,HGST_20HUH721212ALN604,LSTM,0.124,0,2665,0,0.0
8HK1PV7H,HGST_20HUH721212ALN604,LSTM,0.124,0,2665,0,0.0
8HK1UULH,HGST_20HUH721212ALN604,LSTM,0.124,0,2665,0,0.0
8HK1XAAH,HGST_20HUH721212ALN604,LSTM,0.124,1,1076,0,0.0
8HK224GH,HGST_20HUH721212ALN604,LSTM,0.124,0,2665,0,0.0
8HK25XSH,HGST_20HUH721212ALN604,LSTM,0.124,0,2665,0,0.0
8HK266WH,HGST_20HUH721212ALN604,LSTM,0.124,0,2665,0,0.0
8HK28TJH,HGST_20HUH721212ALN604,LSTM,0.124,0,2665,0,0.0
8HK28Y0H,HGST_20HUH721212ALN604,LSTM,0.124,0,2665,0,0.0
8HK2A1EH,HGST_20HUH721212ALN604,LSTM,0.124,0,2466,0,0.0
8HK2BA6H,HGST_20HUH721212ALN604,LSTM,0.124,0,2665,0,0.0
8HK2BAEH,HGST_20HUH721212ALN604,LSTM,0.124,0,2665,0,0.0
8HK2DVKH,HGST_20HUH721212ALN604,LSTM,0.124,0,2665,0,0.0
8HK2JXUH,HGST_20HUH721212ALN604,LSTM,0.124,0,2531,0,0.0
8HK2KY6H,HGST_20HUH721212ALN604,LSTM,0.124,0,2659,0,0.0
8HK2MXPH,HGST_20HUH721212ALN604,LSTM,0.124,0,2665,0,0.0
8HK2RMWH,HGST_20HUH721212ALN604,LSTM,0.124,0,2665,0,0.0
8HK2RNWH,HGST_20HUH721212ALN604,LSTM,0.124,0,2665,0,0.0
8HK2RP9H,HGST_20HUH721212ALN604,LSTM,0.124,0,2665,0,0.0
8HK2VLMH,HGST_20HUH721212ALN604,LSTM,0.124,0,2665,0,0.0
8HK2X4YH,HGST_20HUH721212ALN604,LSTM,0.124,0,2665,0,0.0
8HK2ZPDH,HGST_20HUH721212ALN604,LSTM,0.124,0,2494,0,0.0
8HK2ZT1H,HGST_20HUH721212ALN604,LSTM,0.124,0,2665,0,0.0
8HK31WMH,HGST_20HUH721212ALN604,LSTM,0.124,0,2494,0,0.0
8HK31Y8H,HGST_20HUH721212ALN604,LSTM,0.124,0,2665,0,0.0
8HK341ZH,HGST_20HUH721212ALN604,LSTM,0.124,0,2665,0,0.0
8HK34EZH,HGST_20HUH721212ALN604,LSTM,0.124,0,2665,0,0.0
8HK3BWZH,HGST_20HUH721212ALN604,LSTM,0.124,0,2665,0,0.0
8HK3GTLH,HGST_20HUH721212ALN604,LSTM,0.124,0,2665,0,0.0
8HK3GUXH,HGST_20HUH721212ALN604,LSTM,0.124,0,2665,0,0.0
8HK3MMSH,HGST_20HUH721212ALN604,LSTM,0.124,0,2665,0,0.0
8HK3NG2H,HGST_20HUH721212ALN604,LSTM,0.124,0,2660,0,0.0
8HK3NJMH,HGST_20HUH721212ALN604,LSTM,0.124,0,2665,0,0.0
8HK41HEH,HGST_20HUH721212ALN604,LSTM,0.124,0,2665,0,0.0
8HK69BMH,HGST_20HUH721212ALN604,LSTM,0.124,0,2558,0,0.0
8HK6T2AH,HGST_20HUH721212ALN604,LSTM,0.124,0,2665,0,0.0
8HK6TL7H,HGST_20HUH721212ALN604,LSTM,0.124,0,2665,0,0.0
8HK6UUDH,HGST_20HUH721212ALN604,LSTM,0.124,0,2531,0,0.0
8HK6V14H,HGST_20HUH721212ALN604,LSTM,0.124,0,2665,0,0.0
8HK6VSKH,HGST_20HUH721212ALN604,LSTM,0.124,1,1944,8,0.00411522633744856
8HK70X7H,HGST_20HUH721212ALN604,LSTM,0.124,0,2665,0,0.0
8HK7194H,HGST_20HUH721212ALN604,LSTM,0.124,0,2665,0,0.0
8HK72J0H,HGST_20HUH721212ALN604,LSTM,0.124,0,2665,0,0.0
8HK7DKMH,HGST_20HUH721212ALN604,LSTM,0.124,0,2557,0,0.0
8HK7E5DH,HGST_20HUH721212ALN604,LSTM,0.124,0,2665,0,0.0
8HK7E68H,HGST_20HUH721212ALN604,LSTM,0.124,0,2665,0,0.0
8HK7H58H,HGST_20HUH721212ALN604,LSTM,0.124,0,2665,0,0.0
8HK80P1H,HGST_20HUH721212ALN604,LSTM,0.124,0,2613,0,0.0
8HKB2WEH,HGST_20HUH721212ALN604,LSTM,0.124,0,2613,0,0.0
8HKB3M2H,HGST_20HUH721212ALN604,LSTM,0.124,0,2613,0,0.0
8HKB4R4H,HGST_20HUH721212ALN604,LSTM,0.124,0,2494,0,0.0
8HKBBKKH,HGST_20HUH721212ALN604,LSTM,0.124,0,2665,0,0.0
8HKBYNVH,HGST_20HUH721212ALN604,LSTM,0.124,0,2494,0,0.0
8HKE039H,HGST_20HUH721212ALN604,LSTM,0.124,0,2665,0,0.0
8HKE6E1H,HGST_20HUH721212ALN604,LSTM,0.124,0,2613,0,0.0
8HKE8S7H,HGST_20HUH721212ALN604,LSTM,0.124,0,2613,0,0.0
8HKEAWEH,HGST_20HUH721212ALN604,LSTM,0.124,0,2466,0,0.0
8HKEKYRH,HGST_20HUH721212ALN604,LSTM,0.124,0,2466,0,0.0
8HKG0GWH,HGST_20HUH721212ALN604,LSTM,0.124,0,2613,0,0.0
8HKHPZHH,HGST_20HUH721212ALN604,LSTM,0.124,0,2466,0,0.0
8HKJ4MAH,HGST_20HUH721212ALN604,LSTM,0.124,0,2552,0,0.0
8HKJ5KDH,HGST_20HUH721212ALN604,LSTM,0.124,1,2420,0,0.0
8HKL6STH,HGST_20HUH721212ALN604,LSTM,0.124,0,2557,0,0.0
8HKLRUSH,HGST_20HUH721212ALN604,LSTM,0.124,0,2558,13,0.0050820953870211105
8HKM415H,HGST_20HUH721212ALN604,LSTM,0.124,0,2558,0,0.0
8HKM5RVH,HGST_20HUH721212ALN604,LSTM,0.124,0,2531,0,0.0
8HKM654H,HGST_20HUH721212ALN604,LSTM,0.124,0,2531,0,0.0
8HKM9Z1H,HGST_20HUH721212ALN604,LSTM,0.124,0,2531,0,0.0
8HKMR21H,HGST_20HUH721212ALN604,LSTM,0.124,1,525,0,0.0
8HKNMW1H,HGST_20HUH721212ALN604,LSTM,0.124,0,2494,0,0.0
8HKNN28H,HGST_20HUH721212ALN604,LSTM,0.124,0,2466,0,0.0
8HKPM7RH,HGST_20HUH721212ALN604,LSTM,0.124,0,2557,0,0.0
8HKPZY9H,HGST_20HUH721212ALN604,LSTM,0.124,1,1966,5,0.00254323499491353
8HKRER2H,HGST_20HUH721212ALN604,LSTM,0.124,0,2466,0,0.0
8HKS4X3H,HGST_20HUH721212ALN604,LSTM,0.124,0,2557,0,0.0
8HKTBA3H,HGST_20HUH721212ALN604,LSTM,0.124,1,2033,0,0.0
8HKTE54H,HGST_20HUH721212ALN604,LSTM,0.124,0,2558,0,0.0
8HKTH2SH,HGST_20HUH721212ALN604,LSTM,0.124,1,1733,0,0.0
8HKTK0XH,HGST_20HUH721212ALN604,LSTM,0.124,0,2613,0,0.0
8HKU0DXH,HGST_20HUH721212ALN604,LSTM,0.124,0,2558,0,0.0
8HKU3YTH,HGST_20HUH721212ALN604,LSTM,0.124,1,1950,83,0.04256410256410256
8HKU4WXH,HGST_20HUH721212ALN604,LSTM,0.124,0,2613,0,0.0
8HKUEJHH,HGST_20HUH721212ALN604,LSTM,0.124,1,2221,0,0.0
8HKVW60H,HGST_20HUH721212ALN604,LSTM,0.124,0,2531,0,0.0
8HKW4NPH,HGST_20HUH721212ALN604,LSTM,0.124,0,2466,0,0.0
8HKWV1GH,HGST_20HUH721212ALN604,LSTM,0.124,0,2613,0,0.0
8HKWXJYH,HGST_20HUH721212ALN604,LSTM,0.124,0,2531,0,0.0
8HKY0KHH,HGST_20HUH721212ALN604,LSTM,0.124,1,1902,221,0.11619348054679285
8HKY66PH,HGST_20HUH721212ALN604,LSTM,0.124,0,2558,0,0.0
8HKYJ38H,HGST_20HUH721212ALN604,LSTM,0.124,0,2531,0,0.0
8HKYZ6YH,HGST_20HUH721212ALN604,LSTM,0.124,0,2531,0,0.0
8HKZ213H,HGST_20HUH721212ALN604,LSTM,0.124,0,2613,0,0.0
8HKZDBRH,HGST_20HUH721212ALN604,LSTM,0.124,0,2466,0,0.0
8HKZL75H,HGST_20HUH721212ALN604,LSTM,0.124,0,2380,0,0.0
AAG0EXPH,HGST_20HUH721212ALN604,LSTM,0.124,0,2613,0,0.0
AAG0LHRH,HGST_20HUH721212ALN604,LSTM,0.124,0,2613,0,0.0
AAG121VH,HGST_20HUH721212ALN604,LSTM,0.124,0,2558,0,0.0
AAG16VPH,HGST_20HUH721212ALN604,LSTM,0.124,0,2613,0,0.0
AAG18L0H,HGST_20HUH721212ALN604,LSTM,0.124,0,2531,0,0.0
AAG18MEH,HGST_20HUH721212ALN604,LSTM,0.124,0,2558,0,0.0
AAG197UH,HGST_20HUH721212ALN604,LSTM,0.124,0,2466,0,0.0
AAG1LSNH,HGST_20HUH721212ALN604,LSTM,0.124,1,2399,0,0.0
AAG1LSVH,HGST_20HUH721212ALN604,LSTM,0.124,0,2613,0,0.0
AAG1LW3H,HGST_20HUH721212ALN604,LSTM,0.124,1,2065,9,0.0043583535108958835
AAG1PLVH,HGST_20HUH721212ALN604,LSTM,0.124,0,2531,0,0.0
AAG1PM9H,HGST_20HUH721212ALN604,LSTM,0.124,0,2531,0,0.0
AAG1RJAH,HGST_20HUH721212ALN604,LSTM,0.124,0,2531,0,0.0
AAG1RK5H,HGST_20HUH721212ALN604,LSTM,0.124,0,2613,0,0.0
AAG1RR9H,HGST_20HUH721212ALN604,LSTM,0.124,0,2531,0,0.0
AAG1RUJH,HGST_20HUH721212ALN604,LSTM,0.124,0,2531,0,0.0
AAG1TGGH,HGST_20HUH721212ALN604,LSTM,0.124,0,2613,0,0.0
AAG1VJYH,HGST_20HUH721212ALN604,LSTM,0.124,0,2531,0,0.0
AAG1VNPH,HGST_20HUH721212ALN604,LSTM,0.124,0,2613,0,0.0
AAG1Z4AH,HGST_20HUH721212ALN604,LSTM,0.124,0,2393,0,0.0
AAG23A2H,HGST_20HUH721212ALN604,LSTM,0.124,0,2613,0,0.0
AAG23AKH,HGST_20HUH721212ALN604,LSTM,0.124,0,2613,0,0.0
AAG23AVH,HGST_20HUH721212ALN604,LSTM,0.124,0,2531,0,0.0
AAG246TH,HGST_20HUH721212ALN604,LSTM,0.124,0,2466,0,0.0
AAG24UVH,HGST_20HUH721212ALN604,LSTM,0.124,0,2613,0,0.0
AAG24VXH,HGST_20HUH721212ALN604,LSTM,0.124,0,2613,0,0.0
AAG26NBH,HGST_20HUH721212ALN604,LSTM,0.124,1,1667,0,0.0
AAG26TPH,HGST_20HUH721212ALN604,LSTM,0.124,0,2531,0,0.0
AAG26U9H,HGST_20HUH721212ALN604,LSTM,0.124,1,1336,0,0.0
AAG27VEH,HGST_20HUH721212ALN604,LSTM,0.124,0,2531,0,0.0
AAG27W2H,HGST_20HUH721212ALN604,LSTM,0.124,0,2558,0,0.0
AAG27XPH,HGST_20HUH721212ALN604,LSTM,0.124,1,2385,0,0.0
AAG27ZLH,HGST_20HUH721212ALN604,LSTM,0.124,0,2531,0,0.0
AAG281TH,HGST_20HUH721212ALN604,LSTM,0.124,1,2025,0,0.0
AAG2GGJH,HGST_20HUH721212ALN604,LSTM,0.124,0,2466,0,0.0
AAG2JGJH,HGST_20HUH721212ALN604,LSTM,0.124,1,2447,0,0.0
AAG2JL4H,HGST_20HUH721212ALN604,LSTM,0.124,0,2613,0,0.0
AAG2RZJH,HGST_20HUH721212ALN604,LSTM,0.124,0,2531,0,0.0
AAG2S62H,HGST_20HUH721212ALN604,LSTM,0.124,0,2531,0,0.0
AAG2S9YH,HGST_20HUH721212ALN604,LSTM,0.124,0,2466,0,0.0
AAG2SAYH,HGST_20HUH721212ALN604,LSTM,0.124,0,2392,0,0.0
AAG2SJ3H,HGST_20HUH721212ALN604,LSTM,0.124,0,2393,0,0.0
AAG2VSVH,HGST_20HUH721212ALN604,LSTM,0.124,0,2531,0,0.0
AAG2Y6JH,HGST_20HUH721212ALN604,LSTM,0.124,0,2531,0,0.0
AAG2Z67H,HGST_20HUH721212ALN604,LSTM,0.124,0,2466,0,0.0
AAG2ZU1H,HGST_20HUH721212ALN604,LSTM,0.124,0,2466,0,0.0
AAG305AH,HGST_20HUH721212ALN604,LSTM,0.124,0,2466,0,0.0
AAG306GH,HGST_20HUH721212ALN604,LSTM,0.124,0,2613,0,0.0
AAG34Z4H,HGST_20HUH721212ALN604,LSTM,0.124,0,2613,0,0.0
AAG350BH,HGST_20HUH721212ALN604,LSTM,0.124,0,2531,0,0.0
AAG350TH,HGST_20HUH721212ALN604,LSTM,0.124,0,2531,0,0.0
AAG3512H,HGST_20HUH721212ALN604,LSTM,0.124,0,2531,0,0.0
AAG352AH,HGST_20HUH721212ALN604,LSTM,0.124,0,2466,0,0.0
AAG353EH,HGST_20HUH721212ALN604,LSTM,0.124,0,2613,0,0.0
AAG35LWH,HGST_20HUH721212ALN604,LSTM,0.124,0,2613,0,0.0
AAG401PH,HGST_20HUH721212ALN604,LSTM,0.124,0,2613,0,0.0
AAG46YHH,HGST_20HUH721212ALN604,LSTM,0.124,0,2531,0,0.0
AAG477BH,HGST_20HUH721212ALN604,LSTM,0.124,0,2613,0,0.0
AAG478DH,HGST_20HUH721212ALN604,LSTM,0.124,0,2531,0,0.0
AAG48B3H,HGST_20HUH721212ALN604,LSTM,0.124,0,2557,0,0.0
AAG4AA9H,HGST_20HUH721212ALN604,LSTM,0.124,0,2558,0,0.0
AAG4VESH,HGST_20HUH721212ALN604,LSTM,0.124,0,2558,107,0.0418295543393276
AAG4Z4YH,HGST_20HUH721212ALN604,LSTM,0.124,0,2558,0,0.0
AAG4Z52H,HGST_20HUH721212ALN604,LSTM,0.124,0,2557,0,0.0
AAG4Z5AH,HGST_20HUH721212ALN604,LSTM,0.124,1,2261,28,0.01238390092879257
AAG4ZABH,HGST_20HUH721212ALN604,LSTM,0.124,0,2558,0,0.0
AAG51RHH,HGST_20HUH721212ALN604,LSTM,0.124,0,2613,0,0.0
AAG540GH,HGST_20HUH721212ALN604,LSTM,0.124,0,2531,0,0.0
AAG5DTTH,HGST_20HUH721212ALN604,LSTM,0.124,0,2531,0,0.0
AAG5Y4DH,HGST_20HUH721212ALN604,LSTM,0.124,0,2613,0,0.0
AAG5Y4LH,HGST_20HUH721212ALN604,LSTM,0.124,0,2613,0,0.0
AAG5Y4TH,HGST_20HUH721212ALN604,LSTM,0.124,0,2613,0,0.0
AAG5Y4UH,HGST_20HUH721212ALN604,LSTM,0.124,0,2613,0,0.0
AAG5Y5UH,HGST_20HUH721212ALN604,LSTM,0.124,0,2613,0,0.0
AAG5YJ4H,HGST_20HUH721212ALN604,LSTM,0.124,0,2531,0,0.0
AAG5YLKH,HGST_20HUH721212ALN604,LSTM,0.124,0,2558,0,0.0
AAG5YYBH,HGST_20HUH721212ALN604,LSTM,0.124,0,2613,0,0.0
AAG5YYKH,HGST_20HUH721212ALN604,LSTM,0.124,1,2444,2,0.0008183306055646482
AAG5YZ8H,HGST_20HUH721212ALN604,LSTM,0.124,0,2531,0,0.0
AAG5YZZH,HGST_20HUH721212ALN604,LSTM,0.124,1,2343,0,0.0
AAG613MH,HGST_20HUH721212ALN604,LSTM,0.124,0,2613,0,0.0
AAG613RH,HGST_20HUH721212ALN604,LSTM,0.124,1,2345,0,0.0
AAG61KPH,HGST_20HUH721212ALN604,LSTM,0.124,0,2531,0,0.0
AAG61LHH,HGST_20HUH721212ALN604,LSTM,0.124,1,1905,45,0.023622047244094488
AAG61NEH,HGST_20HUH721212ALN604,LSTM,0.124,0,2613,0,0.0
AAG61NZH,HGST_20HUH721212ALN604,LSTM,0.124,0,2531,0,0.0
AAG61P2H,HGST_20HUH721212ALN604,LSTM,0.124,0,2558,0,0.0
AAG61UMH,HGST_20HUH721212ALN604,LSTM,0.124,0,2613,0,0.0
AAG61WRH,HGST_20HUH721212ALN604,LSTM,0.124,0,2558,0,0.0
AAG61Z1H,HGST_20HUH721212ALN604,LSTM,0.124,0,2613,0,0.0
AAG61ZAH,HGST_20HUH721212ALN604,LSTM,0.124,0,2558,0,0.0
AAG620PH,HGST_20HUH721212ALN604,LSTM,0.124,0,2531,0,0.0
AAG621WH,HGST_20HUH721212ALN604,LSTM,0.124,0,2613,0,0.0
AAG623DH,HGST_20HUH721212ALN604,LSTM,0.124,0,2613,0,0.0
AAG6376H,HGST_20HUH721212ALN604,LSTM,0.124,0,2531,0,0.0
AAG637RH,HGST_20HUH721212ALN604,LSTM,0.124,1,1233,0,0.0
AAG6381H,HGST_20HUH721212ALN604,LSTM,0.124,0,2613,0,0.0
AAG638GH,HGST_20HUH721212ALN604,LSTM,0.124,0,2613,0,0.0
AAG639BH,HGST_20HUH721212ALN604,LSTM,0.124,0,2613,0,0.0
AAG63DLH,HGST_20HUH721212ALN604,LSTM,0.124,0,2527,0,0.0
AAG63JSH,HGST_20HUH721212ALN604,LSTM,0.124,0,2557,0,0.0
AAG63PJH,HGST_20HUH721212ALN604,LSTM,0.124,0,2531,0,0.0
AAG63PKH,HGST_20HUH721212ALN604,LSTM,0.124,1,1179,15,0.01272264631043257
AAG63PLH,HGST_20HUH721212ALN604,LSTM,0.124,0,2558,0,0.0
AAG63RGH,HGST_20HUH721212ALN604,LSTM,0.124,0,2558,0,0.0
AAG63TMH,HGST_20HUH721212ALN604,LSTM,0.124,1,2373,375,0.15802781289506954
AAG63TSH,HGST_20HUH721212ALN604,LSTM,0.124,0,2531,0,0.0
AAG63V6H,HGST_20HUH721212ALN604,LSTM,0.124,0,2531,0,0.0
AAG63WHH,HGST_20HUH721212ALN604,LSTM,0.124,1,2522,0,0.0
AAG63Z8H,HGST_20HUH721212ALN604,LSTM,0.124,1,2404,13,0.005407653910149751
AAG6417H,HGST_20HUH721212ALN604,LSTM,0.124,1,1925,10,0.005194805194805195
AAG6436H,HGST_20HUH721212ALN604,LSTM,0.124,0,2466,0,0.0
AAG64VXH,HGST_20HUH721212ALN604,LSTM,0.124,0,2613,0,0.0
AAG6509H,HGST_20HUH721212ALN604,LSTM,0.124,0,2531,0,0.0
AAG67UZH,HGST_20HUH721212ALN604,LSTM,0.124,0,2531,0,0.0
AAG67V3H,HGST_20HUH721212ALN604,LSTM,0.124,1,2304,0,0.0
AAG67VBH,HGST_20HUH721212ALN604,LSTM,0.124,0,2531,0,0.0
AAG67W3H,HGST_20HUH721212ALN604,LSTM,0.124,0,2558,0,0.0
AAG67Z8H,HGST_20HUH721212ALN604,LSTM,0.124,0,2466,0,0.0
AAG682YH,HGST_20HUH721212ALN604,LSTM,0.124,1,1926,68,0.035306334371754934
AAG683JH,HGST_20HUH721212ALN604,LSTM,0.124,0,2558,0,0.0
AAG686GH,HGST_20HUH721212ALN604,LSTM,0.124,0,2557,0,0.0
AAG6870H,HGST_20HUH721212ALN604,LSTM,0.124,0,2613,0,0.0
AAG6878H,HGST_20HUH721212ALN604,LSTM,0.124,0,2613,0,0.0
AAG687GH,HGST_20HUH721212ALN604,LSTM,0.124,0,2558,0,0.0
AAG687MH,HGST_20HUH721212ALN604,LSTM,0.124,0,2531,0,0.0
AAG68AGH,HGST_20HUH721212ALN604,LSTM,0.124,0,2466,0,0.0
AAG68AKH,HGST_20HUH721212ALN604,LSTM,0.124,0,2551,0,0.0
AAG68AUH,HGST_20HUH721212ALN604,LSTM,0.124,0,2613,0,0.0
AAG68AXH,HGST_20HUH721212ALN604,LSTM,0.124,0,2531,0,0.0
AAG68BRH,HGST_20HUH721212ALN604,LSTM,0.124,0,2608,57,0.021855828220858894
AAG68EWH,HGST_20HUH721212ALN604,LSTM,0.124,1,1548,0,0.0
AAG68EXH,HGST_20HUH721212ALN604,LSTM,0.124,1,1993,0,0.0
AAG68KVH,HGST_20HUH721212ALN604,LSTM,0.124,0,2613,0,0.0
AAG691PH,HGST_20HUH721212ALN604,LSTM,0.124,0,2466,0,0.0
AAG691VH,HGST_20HUH721212ALN604,LSTM,0.124,0,2613,0,0.0
AAG69LHH,HGST_20HUH721212ALN604,LSTM,0.124,0,2466,0,0.0
AAG69TTH,HGST_20HUH721212ALN604,LSTM,0.124,0,2558,0,0.0
AAG69WWH,HGST_20HUH721212ALN604,LSTM,0.124,0,2613,0,0.0
AAG69YWH,HGST_20HUH721212ALN604,LSTM,0.124,0,2557,0,0.0
AAG6A03H,HGST_20HUH721212ALN604,LSTM,0.124,0,2557,0,0.0
AAG6A07H,HGST_20HUH721212ALN604,LSTM,0.124,0,2558,0,0.0
AAG6A0AH,HGST_20HUH721212ALN604,LSTM,0.124,0,2613,0,0.0
AAG6AATH,HGST_20HUH721212ALN604,LSTM,0.124,0,2466,0,0.0
AAG6AV4H,HGST_20HUH721212ALN604,LSTM,0.124,0,2558,0,0.0
AAG6AWTH,HGST_20HUH721212ALN604,LSTM,0.124,1,1930,0,0.0
AAG6AX6H,HGST_20HUH721212ALN604,LSTM,0.124,0,2513,0,0.0
AAG6B4HH,HGST_20HUH721212ALN604,LSTM,0.124,0,2531,0,0.0
AAG6B5KH,HGST_20HUH721212ALN604,LSTM,0.124,0,2531,0,0.0
AAG6DT9H,HGST_20HUH721212ALN604,LSTM,0.124,1,56,0,0.0
AAG6DVEH,HGST_20HUH721212ALN604,LSTM,0.124,0,2558,0,0.0
AAG6DXTH,HGST_20HUH721212ALN604,LSTM,0.124,0,2613,0,0.0
AAG6E2HH,HGST_20HUH721212ALN604,LSTM,0.124,0,2531,0,0.0
AAG6E60H,HGST_20HUH721212ALN604,LSTM,0.124,0,2558,0,0.0
AAG6E7EH,HGST_20HUH721212ALN604,LSTM,0.124,0,2531,0,0.0
AAG6E7RH,HGST_20HUH721212ALN604,LSTM,0.124,0,2551,0,0.0
AAG6ESPH,HGST_20HUH721212ALN604,LSTM,0.124,0,2613,0,0.0
AAG6EVRH,HGST_20HUH721212ALN604,LSTM,0.124,0,2613,0,0.0
AAG6EX3H,HGST_20HUH721212ALN604,LSTM,0.124,0,2613,0,0.0
AAG6GM1H,HGST_20HUH721212ALN604,LSTM,0.124,0,2531,0,0.0
AAG6H25H,HGST_20HUH721212ALN604,LSTM,0.124,0,2558,0,0.0
AAG6HG0H,HGST_20HUH721212ALN604,LSTM,0.124,0,2552,0,0.0
AAG6HSEH,HGST_20HUH721212ALN604,LSTM,0.124,0,2557,0,0.0
AAG6HYXH,HGST_20HUH721212ALN604,LSTM,0.124,0,2557,0,0.0
AAG6J1MH,HGST_20HUH721212ALN604,LSTM,0.124,0,2613,0,0.0
AAG6J1TH,HGST_20HUH721212ALN604,LSTM,0.124,1,2396,0,0.0
AAG6J2DH,HGST_20HUH721212ALN604,LSTM,0.124,1,1743,0,0.0
AAG6J2KH,HGST_20HUH721212ALN604,LSTM,0.124,1,1749,30,0.017152658662092625
AAG6KJ6H,HGST_20HUH721212ALN604,LSTM,0.124,0,2531,0,0.0
AAG6KJPH,HGST_20HUH721212ALN604,LSTM,0.124,0,2531,0,0.0
AAG6KTJH,HGST_20HUH721212ALN604,LSTM,0.124,0,2557,0,0.0
AAG6KTRH,HGST_20HUH721212ALN604,LSTM,0.124,0,2613,0,0.0
AAG6KUAH,HGST_20HUH721212ALN604,LSTM,0.124,0,2580,50,0.01937984496124031
AAG6KUJH,HGST_20HUH721212ALN604,LSTM,0.124,0,2558,0,0.0
AAG6KV6H,HGST_20HUH721212ALN604,LSTM,0.124,1,1003,0,0.0
AAG6L88H,HGST_20HUH721212ALN604,LSTM,0.124,0,2531,0,0.0
AAG6L8VH,HGST_20HUH721212ALN604,LSTM,0.124,0,2531,0,0.0
AAG6LD7H,HGST_20HUH721212ALN604,LSTM,0.124,1,2300,0,0.0
AAG6LDTH,HGST_20HUH721212ALN604,LSTM,0.124,0,2531,0,0.0
AAG6LEHH,HGST_20HUH721212ALN604,LSTM,0.124,0,2552,0,0.0
AAG6LEJH,HGST_20HUH721212ALN604,LSTM,0.124,0,2558,0,0.0
AAG6LG9H,HGST_20HUH721212ALN604,LSTM,0.124,0,2613,0,0.0
AAG6LTSH,HGST_20HUH721212ALN604,LSTM,0.124,0,2558,0,0.0
AAG6M3BH,HGST_20HUH721212ALN604,LSTM,0.124,0,2557,0,0.0
AAG6M8TH,HGST_20HUH721212ALN604,LSTM,0.124,0,2613,0,0.0
AAG6MABH,HGST_20HUH721212ALN604,LSTM,0.124,0,2494,0,0.0
AAG6NEEH,HGST_20HUH721212ALN604,LSTM,0.124,0,2531,0,0.0
AAG6NP0H,HGST_20HUH721212ALN604,LSTM,0.124,1,2033,211,0.10378750614854894
AAG6NPRH,HGST_20HUH721212ALN604,LSTM,0.124,1,2540,2,0.0007874015748031496
AAG6NRBH,HGST_20HUH721212ALN604,LSTM,0.124,1,1926,73,0.03790238836967809
AAG6NRZH,HGST_20HUH721212ALN604,LSTM,0.124,0,2531,0,0.0
AAG6NS8H,HGST_20HUH721212ALN604,LSTM,0.124,0,2069,0,0.0
AAG6NSKH,HGST_20HUH721212ALN604,LSTM,0.124,0,2613,0,0.0
AAG6NVKH,HGST_20HUH721212ALN604,LSTM,0.124,0,2613,0,0.0
AAG6NW3H,HGST_20HUH721212ALN604,LSTM,0.124,0,2466,0,0.0
AAG6P40H,HGST_20HUH721212ALN604,LSTM,0.124,0,2613,0,0.0
AAG6P42H,HGST_20HUH721212ALN604,LSTM,0.124,0,2558,0,0.0
AAG6P4EH,HGST_20HUH721212ALN604,LSTM,0.124,0,2531,0,0.0
AAG6P9AH,HGST_20HUH721212ALN604,LSTM,0.124,0,2558,0,0.0
AAG6PWBH,HGST_20HUH721212ALN604,LSTM,0.124,0,2557,0,0.0
AAG6PY2H,HGST_20HUH721212ALN604,LSTM,0.124,0,2613,0,0.0
AAG6PYLH,HGST_20HUH721212ALN604,LSTM,0.124,0,2466,0,0.0
AAG6R0AH,HGST_20HUH721212ALN604,LSTM,0.124,0,2466,0,0.0
AAG6R2RH,HGST_20HUH721212ALN604,LSTM,0.124,0,2558,0,0.0
AAG6R32H,HGST_20HUH721212ALN604,LSTM,0.124,0,2558,0,0.0
AAG6R48H,HGST_20HUH721212ALN604,LSTM,0.124,0,2531,0,0.0
AAG6R8UH,HGST_20HUH721212ALN604,LSTM,0.124,0,2531,0,0.0
AAG6T4ZH,HGST_20HUH721212ALN604,LSTM,0.124,0,2531,0,0.0
AAG6T52H,HGST_20HUH721212ALN604,LSTM,0.124,1,1471,0,0.0
AAG6T55H,HGST_20HUH721212ALN604,LSTM,0.124,0,2466,0,0.0
AAG6T5JH,HGST_20HUH721212ALN604,LSTM,0.124,0,2482,0,0.0
AAG6T7LH,HGST_20HUH721212ALN604,LSTM,0.124,0,2558,0,0.0
AAG6T9NH,HGST_20HUH721212ALN604,LSTM,0.124,0,2466,0,0.0
AAG6TA8H,HGST_20HUH721212ALN604,LSTM,0.124,0,2613,0,0.0
AAG6TAHH,HGST_20HUH721212ALN604,LSTM,0.124,0,2466,0,0.0
AAG6TAKH,HGST_20HUH721212ALN604,LSTM,0.124,0,2466,0,0.0
AAG6TBBH,HGST_20HUH721212ALN604,LSTM,0.124,0,2531,0,0.0
AAG6TBJH,HGST_20HUH721212ALN604,LSTM,0.124,0,2613,0,0.0
AAG6THHH,HGST_20HUH721212ALN604,LSTM,0.124,0,2466,0,0.0
AAG6THJH,HGST_20HUH721212ALN604,LSTM,0.124,0,2466,0,0.0
AAG6THLH,HGST_20HUH721212ALN604,LSTM,0.124,0,2494,0,0.0
AAG6TRKH,HGST_20HUH721212ALN604,LSTM,0.124,0,2494,0,0.0
AAG6TS8H,HGST_20HUH721212ALN604,LSTM,0.124,0,2466,0,0.0
AAG6TSUH,HGST_20HUH721212ALN604,LSTM,0.124,0,2531,0,0.0
AAG6TT1H,HGST_20HUH721212ALN604,LSTM,0.124,0,2482,0,0.0
AAG6TT9H,HGST_20HUH721212ALN604,LSTM,0.124,0,2531,0,0.0
AAG6TTNH,HGST_20HUH721212ALN604,LSTM,0.124,0,2613,0,0.0
AAG6TUVH,HGST_20HUH721212ALN604,LSTM,0.124,0,2466,0,0.0
AAG6TVPH,HGST_20HUH721212ALN604,LSTM,0.124,0,2531,0,0.0
AAG6TY4H,HGST_20HUH721212ALN604,LSTM,0.124,0,2466,0,0.0
AAG6U5AH,HGST_20HUH721212ALN604,LSTM,0.124,0,2558,0,0.0
AAG6UKNH,HGST_20HUH721212ALN604,LSTM,0.124,0,2531,0,0.0
AAG6UMGH,HGST_20HUH721212ALN604,LSTM,0.124,0,2613,0,0.0
AAG6UMJH,HGST_20HUH721212ALN604,LSTM,0.124,0,2613,0,0.0
AAG6UNKH,HGST_20HUH721212ALN604,LSTM,0.124,0,2459,0,0.0
AAG6US4H,HGST_20HUH721212ALN604,LSTM,0.124,0,2558,0,0.0
AAG6UT0H,HGST_20HUH721212ALN604,LSTM,0.124,0,2466,0,0.0
AAG6UU8H,HGST_20HUH721212ALN604,LSTM,0.124,0,2613,0,0.0
AAG6UZTH,HGST_20HUH721212ALN604,LSTM,0.124,0,2531,0,0.0
AAG6V1MH,HGST_20HUH721212ALN604,LSTM,0.124,0,2531,0,0.0
AAG6V71H,HGST_20HUH721212ALN604,LSTM,0.124,0,2558,0,0.0
AAG6V7DH,HGST_20HUH721212ALN604,LSTM,0.124,0,2558,0,0.0
AAG6V7VH,HGST_20HUH721212ALN604,LSTM,0.124,0,2558,0,0.0
AAG6VHXH,HGST_20HUH721212ALN604,LSTM,0.124,0,2466,0,0.0
AAG6VJKH,HGST_20HUH721212ALN604,LSTM,0.124,0,2531,0,0.0
AAG6VM8H,HGST_20HUH721212ALN604,LSTM,0.124,0,2531,0,0.0
AAG6VMBH,HGST_20HUH721212ALN604,LSTM,0.124,0,2558,0,0.0
AAG6VMGH,HGST_20HUH721212ALN604,LSTM,0.124,0,2558,0,0.0
AAG6X6JH,HGST_20HUH721212ALN604,LSTM,0.124,0,2531,0,0.0
AAG6XU7H,HGST_20HUH721212ALN604,LSTM,0.124,1,386,57,0.14766839378238342
AAG6XWGH,HGST_20HUH721212ALN604,LSTM,0.124,0,2558,0,0.0
AAG6XWJH,HGST_20HUH721212ALN604,LSTM,0.124,1,2200,51,0.023181818181818182
AAG6XXWH,HGST_20HUH721212ALN604,LSTM,0.124,0,2613,0,0.0
AAG6XYBH,HGST_20HUH721212ALN604,LSTM,0.124,0,2466,0,0.0
AAG6XYNH,HGST_20HUH721212ALN604,LSTM,0.124,0,2466,0,0.0
AAG6XZ6H,HGST_20HUH721212ALN604,LSTM,0.124,0,2531,0,0.0
AAG6XZNH,HGST_20HUH721212ALN604,LSTM,0.124,0,2466,0,0.0
AAG6Y0GH,HGST_20HUH721212ALN604,LSTM,0.124,0,2558,0,0.0
AAG6Y0KH,HGST_20HUH721212ALN604,LSTM,0.124,0,2613,0,0.0
AAG6Y1BH,HGST_20HUH721212ALN604,LSTM,0.124,0,2557,0,0.0
AAG6Y3LH,HGST_20HUH721212ALN604,LSTM,0.124,0,2531,0,0.0
AAG6Y3UH,HGST_20HUH721212ALN604,LSTM,0.124,0,2466,0,0.0
AAG6Y41H,HGST_20HUH721212ALN604,LSTM,0.124,0,2613,0,0.0
AAG6Y46H,HGST_20HUH721212ALN604,LSTM,0.124,0,2466,0,0.0
AAG6YZ1H,HGST_20HUH721212ALN604,LSTM,0.124,0,2531,0,0.0
AAG6YZ9H,HGST_20HUH721212ALN604,LSTM,0.124,0,2613,0,0.0
AAG6Z0DH,HGST_20HUH721212ALN604,LSTM,0.124,0,2613,0,0.0
AAG6Z17H,HGST_20HUH721212ALN604,LSTM,0.124,0,2466,0,0.0
AAG6Z1MH,HGST_20HUH721212ALN604,LSTM,0.124,0,2558,0,0.0
AAG6Z1XH,HGST_20HUH721212ALN604,LSTM,0.124,0,2558,0,0.0
AAG6Z2DH,HGST_20HUH721212ALN604,LSTM,0.124,0,2558,0,0.0
AAG6Z2RH,HGST_20HUH721212ALN604,LSTM,0.124,0,2466,0,0.0
AAG6Z42H,HGST_20HUH721212ALN604,LSTM,0.124,1,2151,0,0.0
AAG6Z4VH,HGST_20HUH721212ALN604,LSTM,0.124,0,2558,0,0.0
AAG6Z53H,HGST_20HUH721212ALN604,LSTM,0.124,0,2482,0,0.0
AAG6ZJ9H,HGST_20HUH721212ALN604,LSTM,0.124,0,2558,0,0.0
AAG705GH,HGST_20HUH721212ALN604,LSTM,0.124,0,2558,0,0.0
AAG7078H,HGST_20HUH721212ALN604,LSTM,0.124,0,2494,0,0.0
AAG70HDH,HGST_20HUH721212ALN604,LSTM,0.124,0,2613,0,0.0
AAG70JEH,HGST_20HUH721212ALN604,LSTM,0.124,0,2466,0,0.0
AAG70U9H,HGST_20HUH721212ALN604,LSTM,0.124,0,2613,0,0.0
AAG73ZWH,HGST_20HUH721212ALN604,LSTM,0.124,0,2613,0,0.0
AAG73ZZH,HGST_20HUH721212ALN604,LSTM,0.124,0,2531,0,0.0
AAG740EH,HGST_20HUH721212ALN604,LSTM,0.124,0,2613,0,0.0
AAG740NH,HGST_20HUH721212ALN604,LSTM,0.124,0,2466,0,0.0
AAG740WH,HGST_20HUH721212ALN604,LSTM,0.124,0,2558,0,0.0
AAG740YH,HGST_20HUH721212ALN604,LSTM,0.124,0,2527,0,0.0
AAG741PH,HGST_20HUH721212ALN604,LSTM,0.124,0,2531,0,0.0
AAG742EH,HGST_20HUH721212ALN604,LSTM,0.124,0,2531,0,0.0
AAG742JH,HGST_20HUH721212ALN604,LSTM,0.124,0,2466,0,0.0
AAG742WH,HGST_20HUH721212ALN604,LSTM,0.124,0,2613,0,0.0
AAG7431H,HGST_20HUH721212ALN604,LSTM,0.124,0,2613,0,0.0
AAG743EH,HGST_20HUH721212ALN604,LSTM,0.124,0,2466,0,0.0
AAG743UH,HGST_20HUH721212ALN604,LSTM,0.124,0,2613,0,0.0
AAG743VH,HGST_20HUH721212ALN604,LSTM,0.124,0,2613,0,0.0
AAG7454H,HGST_20HUH721212ALN604,LSTM,0.124,0,2531,0,0.0
AAG74DKH,HGST_20HUH721212ALN604,LSTM,0.124,0,2494,0,0.0
AAG74EAH,HGST_20HUH721212ALN604,LSTM,0.124,1,2277,639,0.28063241106719367
AAG74EBH,HGST_20HUH721212ALN604,LSTM,0.124,0,2531,0,0.0
AAG74EYH,HGST_20HUH721212ALN604,LSTM,0.124,0,2466,0,0.0
AAG74EZH,HGST_20HUH721212ALN604,LSTM,0.124,0,2466,0,0.0
AAG74VHH,HGST_20HUH721212ALN604,LSTM,0.124,0,2558,0,0.0
AAG74WRH,HGST_20HUH721212ALN604,LSTM,0.124,0,2466,0,0.0
AAG76HYH,HGST_20HUH721212ALN604,LSTM,0.124,1,943,29,0.030752916224814422
AAG77A5H,HGST_20HUH721212ALN604,LSTM,0.124,0,2466,0,0.0
AAG799NH,HGST_20HUH721212ALN604,LSTM,0.124,0,2557,0,0.0
AAG79B0H,HGST_20HUH721212ALN604,LSTM,0.124,0,2531,0,0.0
AAG7A8EH,HGST_20HUH721212ALN604,LSTM,0.124,0,2466,0,0.0
AAG7A9KH,HGST_20HUH721212ALN604,LSTM,0.124,0,2613,0,0.0
AAG7ADMH,HGST_20HUH721212ALN604,LSTM,0.124,0,2482,0,0.0
AAG7AGWH,HGST_20HUH721212ALN604,LSTM,0.124,0,2494,0,0.0
AAG7AHMH,HGST_20HUH721212ALN604,LSTM,0.124,0,2466,0,0.0
AAG7BP3H,HGST_20HUH721212ALN604,LSTM,0.124,0,2466,0,0.0
AAG7BPKH,HGST_20HUH721212ALN604,LSTM,0.124,0,2466,0,0.0
AAG7BRGH,HGST_20HUH721212ALN604,LSTM,0.124,0,2613,0,0.0
AAG7BS8H,HGST_20HUH721212ALN604,LSTM,0.124,0,2558,0,0.0
AAG7BWAH,HGST_20HUH721212ALN604,LSTM,0.124,0,2531,0,0.0
AAG7D1SH,HGST_20HUH721212ALN604,LSTM,0.124,0,2466,0,0.0
AAG7D29H,HGST_20HUH721212ALN604,LSTM,0.124,0,2531,0,0.0
AAG7D2PH,HGST_20HUH721212ALN604,LSTM,0.124,0,2466,0,0.0
AAG7D48H,HGST_20HUH721212ALN604,LSTM,0.124,0,2466,0,0.0
AAG7D4DH,HGST_20HUH721212ALN604,LSTM,0.124,0,2558,0,0.0
AAG7D85H,HGST_20HUH721212ALN604,LSTM,0.124,0,2466,0,0.0
AAG7DPYH,HGST_20HUH721212ALN604,LSTM,0.124,0,2558,0,0.0
AAG7DRDH,HGST_20HUH721212ALN604,LSTM,0.124,0,2558,0,0.0
AAG7DS9H,HGST_20HUH721212ALN604,LSTM,0.124,0,2558,0,0.0
AAG7DW0H,HGST_20HUH721212ALN604,LSTM,0.124,0,2494,0,0.0
AAG7E1MH,HGST_20HUH721212ALN604,LSTM,0.124,0,2558,0,0.0
AAG7E1PH,HGST_20HUH721212ALN604,LSTM,0.124,0,2613,0,0.0
AAG7E2HH,HGST_20HUH721212ALN604,LSTM,0.124,0,2557,0,0.0
AAG7LG4H,HGST_20HUH721212ALN604,LSTM,0.124,0,2558,0,0.0
AAG7LG7H,HGST_20HUH721212ALN604,LSTM,0.124,0,2482,0,0.0
AAG7LHYH,HGST_20HUH721212ALN604,LSTM,0.124,0,2531,0,0.0
AAG7LNAH,HGST_20HUH721212ALN604,LSTM,0.124,0,2466,0,0.0
AAG7LSWH,HGST_20HUH721212ALN604,LSTM,0.124,0,2613,0,0.0
AAG7LTHH,HGST_20HUH721212ALN604,LSTM,0.124,1,1946,0,0.0
AAG7LZEH,HGST_20HUH721212ALN604,LSTM,0.124,0,2557,0,0.0
AAG7M25H,HGST_20HUH721212ALN604,LSTM,0.124,0,2466,0,0.0
AAG7M3NH,HGST_20HUH721212ALN604,LSTM,0.124,0,2466,0,0.0
AAG7M3TH,HGST_20HUH721212ALN604,LSTM,0.124,0,2531,0,0.0
AAG7MMDH,HGST_20HUH721212ALN604,LSTM,0.124,0,2482,0,0.0
AAG7MP8H,HGST_20HUH721212ALN604,LSTM,0.124,0,2466,0,0.0
AAG7MULH,HGST_20HUH721212ALN604,LSTM,0.124,1,2553,18,0.007050528789659225
AAG7MUNH,HGST_20HUH721212ALN604,LSTM,0.124,0,823,0,0.0
AAG7MVMH,HGST_20HUH721212ALN604,LSTM,0.124,0,2557,0,0.0
AAG7N3ZH,HGST_20HUH721212ALN604,LSTM,0.124,0,2531,0,0.0
AAG7N5WH,HGST_20HUH721212ALN604,LSTM,0.124,0,2531,0,0.0
AAG7N62H,HGST_20HUH721212ALN604,LSTM,0.124,0,2466,0,0.0
AAG7N63H,HGST_20HUH721212ALN604,LSTM,0.124,0,2531,0,0.0
AAG7N6MH,HGST_20HUH721212ALN604,LSTM,0.124,0,2494,0,0.0
AAG7PPHH,HGST_20HUH721212ALN604,LSTM,0.124,1,2389,0,0.0
AAG7R02H,HGST_20HUH721212ALN604,LSTM,0.124,0,2466,0,0.0
AAG7R5VH,HGST_20HUH721212ALN604,LSTM,0.124,0,2466,0,0.0
AAG7R93H,HGST_20HUH721212ALN604,LSTM,0.124,0,2466,0,0.0
AAG7RA1H,HGST_20HUH721212ALN604,LSTM,0.124,0,2613,0,0.0
AAG7RAMH,HGST_20HUH721212ALN604,LSTM,0.124,0,2557,0,0.0
AAG7RBDH,HGST_20HUH721212ALN604,LSTM,0.124,0,2494,0,0.0
AAG90D8H,HGST_20HUH721212ALN604,LSTM,0.124,0,2494,0,0.0
AAG9VK6H,HGST_20HUH721212ALN604,LSTM,0.124,0,2557,0,0.0
AAGA4YNH,HGST_20HUH721212ALN604,LSTM,0.124,0,2466,0,0.0
AAGA7W1H,HGST_20HUH721212ALN604,LSTM,0.124,1,1503,0,0.0
AAGA9E3H,HGST_20HUH721212ALN604,LSTM,0.124,0,2494,0,0.0
AAGH3VWH,HGST_20HUH721212ALN604,LSTM,0.124,0,2471,0,0.0
AAGMU4TH,HGST_20HUH721212ALN604,LSTM,0.124,0,2494,0,0.0
AAGN9D2H,HGST_20HUH721212ALN604,LSTM,0.124,1,1598,0,0.0
AAGP62KH,HGST_20HUH721212ALN604,LSTM,0.124,0,2466,0,0.0
AAGUS87H,HGST_20HUH721212ALN604,LSTM,0.124,0,2392,0,0.0
AAGVX4UH,HGST_20HUH721212ALN604,LSTM,0.124,0,2494,0,0.0
AAGWTB0H,HGST_20HUH721212ALN604,LSTM,0.124,0,2455,0,0.0
AAGXDBZH,HGST_20HUH721212ALN604,LSTM,0.124,0,2482,44,0.017727639000805803
AAGXLP2H,HGST_20HUH721212ALN604,LSTM,0.124,0,2466,0,0.0
AAGXMJSH,HGST_20HUH721212ALN604,LSTM,0.124,0,2494,0,0.0
AAGXU8YH,HGST_20HUH721212ALN604,LSTM,0.124,0,2482,0,0.0
AAGXUBRH,HGST_20HUH721212ALN604,LSTM,0.124,0,2494,0,0.0
AAGXV97H,HGST_20HUH721212ALN604,LSTM,0.124,0,719,0,0.0
AAGXW8VH,HGST_20HUH721212ALN604,LSTM,0.124,0,2392,0,0.0
AAGXWUWH,HGST_20HUH721212ALN604,LSTM,0.124,0,2494,0,0.0
AAGXY3MH,HGST_20HUH721212ALN604,LSTM,0.124,1,2156,0,0.0
AAH22T7H,HGST_20HUH721212ALN604,LSTM,0.124,0,2494,0,0.0
AAH4NTGH,HGST_20HUH721212ALN604,LSTM,0.124,0,2494,0,0.0
AAH6DU2H,HGST_20HUH721212ALN604,LSTM,0.124,0,2385,434,0.1819706498951782
AAH78SAH,HGST_20HUH721212ALN604,LSTM,0.124,0,2494,0,0.0
AAH7HJSH,HGST_20HUH721212ALN604,LSTM,0.124,0,2494,0,0.0
AAH7HKHH,HGST_20HUH721212ALN604,LSTM,0.124,0,2494,0,0.0
AAH7HNDH,HGST_20HUH721212ALN604,LSTM,0.124,0,2494,0,0.0
AAH7X19H,HGST_20HUH721212ALN604,LSTM,0.124,0,2494,0,0.0
AAH86SEH,HGST_20HUH721212ALN604,LSTM,0.124,0,2494,0,0.0
AAH8BLDH,HGST_20HUH721212ALN604,LSTM,0.124,0,2494,0,0.0
AAH8HPVH,HGST_20HUH721212ALN604,LSTM,0.124,0,2494,0,0.0
AAH8LPUH,HGST_20HUH721212ALN604,LSTM,0.124,0,2494,0,0.0
AAH8P7WH,HGST_20HUH721212ALN604,LSTM,0.124,0,2471,0,0.0
AAH8R0LH,HGST_20HUH721212ALN604,LSTM,0.124,0,2494,0,0.0
AAH8RG4H,HGST_20HUH721212ALN604,LSTM,0.124,0,2494,0,0.0
AAH8V76H,HGST_20HUH721212ALN604,LSTM,0.124,0,2494,0,0.0
AAH8V7KH,HGST_20HUH721212ALN604,LSTM,0.124,0,2494,0,0.0
AAH90NAH,HGST_20HUH721212ALN604,LSTM,0.124,1,1447,0,0.0
AAH919BH,HGST_20HUH721212ALN604,LSTM,0.124,0,2494,0,0.0
AAH9285H,HGST_20HUH721212ALN604,LSTM,0.124,0,2494,0,0.0
AAH92GHH,HGST_20HUH721212ALN604,LSTM,0.124,0,2494,0,0.0
AAH92HRH,HGST_20HUH721212ALN604,LSTM,0.124,0,2494,0,0.0
AAH92JGH,HGST_20HUH721212ALN604,LSTM,0.124,0,2494,0,0.0
AAH92V3H,HGST_20HUH721212ALN604,LSTM,0.124,0,2494,0,0.0
AAH9301H,HGST_20HUH721212ALN604,LSTM,0.124,1,1695,0,0.0
AAH9305H,HGST_20HUH721212ALN604,LSTM,0.124,0,2494,0,0.0
AAH9307H,HGST_20HUH721212ALN604,LSTM,0.124,1,1437,0,0.0
AAH93MDH,HGST_20HUH721212ALN604,LSTM,0.124,0,2494,0,0.0
AAH93RZH,HGST_20HUH721212ALN604,LSTM,0.124,0,2494,0,0.0
AAH953TH,HGST_20HUH721212ALN604,LSTM,0.124,0,2494,0,0.0
AAH9618H,HGST_20HUH721212ALN604,LSTM,0.124,0,2494,0,0.0
AAH9689H,HGST_20HUH721212ALN604,LSTM,0.124,0,2494,0,0.0
AAH96AUH,HGST_20HUH721212ALN604,LSTM,0.124,0,2494,0,0.0
AAH97BZH,HGST_20HUH721212ALN604,LSTM,0.124,0,2346,9,0.0038363171355498722
AAH99PNH,HGST_20HUH721212ALN604,LSTM,0.124,0,2494,0,0.0
AAH9BERH,HGST_20HUH721212ALN604,LSTM,0.124,0,2494,0,0.0
AAHAS1MH,HGST_20HUH721212ALN604,LSTM,0.124,0,2471,0,0.0
AAHAS9TH,HGST_20HUH721212ALN604,LSTM,0.124,0,2471,0,0.0
AAHB6YXH,HGST_20HUH721212ALN604,LSTM,0.124,0,2471,0,0.0
AAHB8Z9H,HGST_20HUH721212ALN604,LSTM,0.124,0,2471,0,0.0
AAHBKUHH,HGST_20HUH721212ALN604,LSTM,0.124,0,2471,0,0.0
AAHD7S9H,HGST_20HUH721212ALN604,LSTM,0.124,0,2479,0,0.0
AAHDJD5H,HGST_20HUH721212ALN604,LSTM,0.124,0,2471,0,0.0
AAHDJDSH,HGST_20HUH721212ALN604,LSTM,0.124,0,2471,0,0.0
AAHDJH3H,HGST_20HUH721212ALN604,LSTM,0.124,0,2459,0,0.0
AAHDUS5H,HGST_20HUH721212ALN604,LSTM,0.124,0,2471,0,0.0
AAHDUT6H,HGST_20HUH721212ALN604,LSTM,0.124,0,2471,0,0.0
AAHDYR0H,HGST_20HUH721212ALN604,LSTM,0.124,0,2471,0,0.0
AAHE23AH,HGST_20HUH721212ALN604,LSTM,0.124,0,2471,0,0.0
AAHE4SAH,HGST_20HUH721212ALN604,LSTM,0.124,0,2471,0,0.0
AAHEAGWH,HGST_20HUH721212ALN604,LSTM,0.124,0,2471,0,0.0
AAHEAHLH,HGST_20HUH721212ALN604,LSTM,0.124,0,2471,0,0.0
AAHED32H,HGST_20HUH721212ALN604,LSTM,0.124,0,2471,0,0.0
AAHED3GH,HGST_20HUH721212ALN604,LSTM,0.124,0,2471,0,0.0
AAHED8NH,HGST_20HUH721212ALN604,LSTM,0.124,0,2463,0,0.0
AAHED98H,HGST_20HUH721212ALN604,LSTM,0.124,0,2471,0,0.0
AAHEEVKH,HGST_20HUH721212ALN604,LSTM,0.124,0,2471,0,0.0
AAHEHEEH,HGST_20HUH721212ALN604,LSTM,0.124,0,2471,0,0.0
AAHEHHMH,HGST_20HUH721212ALN604,LSTM,0.124,0,2467,0,0.0
AAHEHJ0H,HGST_20HUH721212ALN604,LSTM,0.124,0,2466,0,0.0
AAHEHJ1H,HGST_20HUH721212ALN604,LSTM,0.124,0,2471,0,0.0
AAHEHL5H,HGST_20HUH721212ALN604,LSTM,0.124,0,2471,0,0.0
AAHEHP8H,HGST_20HUH721212ALN604,LSTM,0.124,0,2471,0,0.0
AAHEHRSH,HGST_20HUH721212ALN604,LSTM,0.124,0,2471,0,0.0
AAHEHS0H,HGST_20HUH721212ALN604,LSTM,0.124,0,2471,0,0.0
AAHEHTDH,HGST_20HUH721212ALN604,LSTM,0.124,0,2471,0,0.0
AAHEHTNH,HGST_20HUH721212ALN604,LSTM,0.124,0,2471,0,0.0
AAHEHTPH,HGST_20HUH721212ALN604,LSTM,0.124,0,2471,0,0.0
AAHEHVUH,HGST_20HUH721212ALN604,LSTM,0.124,0,2471,0,0.0
AAHEHY7H,HGST_20HUH721212ALN604,LSTM,0.124,0,2471,0,0.0
AAHEHZ2H,HGST_20HUH721212ALN604,LSTM,0.124,0,2471,0,0.0
AAHEHZPH,HGST_20HUH721212ALN604,LSTM,0.124,0,2471,0,0.0
AAHEHZXH,HGST_20HUH721212ALN604,LSTM,0.124,0,2471,0,0.0
AAHEJ43H,HGST_20HUH721212ALN604,LSTM,0.124,0,2462,0,0.0
AAHEJ4KH,HGST_20HUH721212ALN604,LSTM,0.124,0,2471,0,0.0
AAHEJ76H,HGST_20HUH721212ALN604,LSTM,0.124,0,2471,0,0.0
AAHEJDXH,HGST_20HUH721212ALN604,LSTM,0.124,0,2471,0,0.0
AAHEJE4H,HGST_20HUH721212ALN604,LSTM,0.124,0,2471,0,0.0
AAHEJHKH,HGST_20HUH721212ALN604,LSTM,0.124,0,2471,0,0.0
AAHGYKJH,HGST_20HUH721212ALN604,LSTM,0.124,1,1808,0,0.0
AAHH59AH,HGST_20HUH721212ALN604,LSTM,0.124,0,2392,0,0.0
AAHHAXAH,HGST_20HUH721212ALN604,LSTM,0.124,0,2393,0,0.0
AAHHXJ2H,HGST_20HUH721212ALN604,LSTM,0.124,0,2393,0,0.0
AAHJG5XH,HGST_20HUH721212ALN604,LSTM,0.124,0,2392,0,0.0
AAHJP8BH,HGST_20HUH721212ALN604,LSTM,0.124,0,2466,0,0.0
AAHK5PUH,HGST_20HUH721212ALN604,LSTM,0.124,0,2466,0,0.0
AAHK8NRH,HGST_20HUH721212ALN604,LSTM,0.124,0,2393,0,0.0
AAHKERJH,HGST_20HUH721212ALN604,LSTM,0.124,1,2346,0,0.0
AAHKKR8H,HGST_20HUH721212ALN604,LSTM,0.124,0,2392,0,0.0
AAHKLDKH,HGST_20HUH721212ALN604,LSTM,0.124,0,2466,0,0.0
AAHKM55H,HGST_20HUH721212ALN604,LSTM,0.124,1,2051,0,0.0
AAHKMW2H,HGST_20HUH721212ALN604,LSTM,0.124,1,957,0,0.0
AAHKS17H,HGST_20HUH721212ALN604,LSTM,0.124,1,2215,0,0.0
AAHKWLAH,HGST_20HUH721212ALN604,LSTM,0.124,0,2392,313,0.13085284280936454
AAHKX43H,HGST_20HUH721212ALN604,LSTM,0.124,1,104,0,0.0
AAHKXKYH,HGST_20HUH721212ALN604,LSTM,0.124,0,2393,0,0.0
AAHKXLYH,HGST_20HUH721212ALN604,LSTM,0.124,0,2392,0,0.0
AAHKXNHH,HGST_20HUH721212ALN604,LSTM,0.124,0,2392,0,0.0
AAHKXZ7H,HGST_20HUH721212ALN604,LSTM,0.124,0,2392,0,0.0
AAHKYETH,HGST_20HUH721212ALN604,LSTM,0.124,0,2482,0,0.0
AAHL0PKH,HGST_20HUH721212ALN604,LSTM,0.124,0,1751,0,0.0
AAHL0TLH,HGST_20HUH721212ALN604,LSTM,0.124,0,2466,0,0.0
AAHL4K8H,HGST_20HUH721212ALN604,LSTM,0.124,0,2482,0,0.0
AAHL5LRH,HGST_20HUH721212ALN604,LSTM,0.124,1,1847,0,0.0
AAHL9A9H,HGST_20HUH721212ALN604,LSTM,0.124,0,2393,0,0.0
AAHL9XJH,HGST_20HUH721212ALN604,LSTM,0.124,0,2392,0,0.0
AAHL9XLH,HGST_20HUH721212ALN604,LSTM,0.124,0,2392,0,0.0
AAHL9Y3H,HGST_20HUH721212ALN604,LSTM,0.124,0,2392,0,0.0
AAHL9YAH,HGST_20HUH721212ALN604,LSTM,0.124,0,2392,0,0.0
AAHL9ZYH,HGST_20HUH721212ALN604,LSTM,0.124,0,2392,0,0.0
AAHLBTZH,HGST_20HUH721212ALN604,LSTM,0.124,1,2174,51,0.023459061637534497
AAHLBWGH,HGST_20HUH721212ALN604,LSTM,0.124,1,2205,8,0.0036281179138321997
AAHLBWSH,HGST_20HUH721212ALN604,LSTM,0.124,1,1582,0,0.0
AAHLBXVH,HGST_20HUH721212ALN604,LSTM,0.124,0,2281,0,0.0
AAHLD3UH,HGST_20HUH721212ALN604,LSTM,0.124,1,2038,0,0.0
AAHLS5JH,HGST_20HUH721212ALN604,LSTM,0.124,0,2482,0,0.0
AAHLS7ZH,HGST_20HUH721212ALN604,LSTM,0.124,0,2482,0,0.0
AAHLS8YH,HGST_20HUH721212ALN604,LSTM,0.124,0,2482,0,0.0
AAHLS9UH,HGST_20HUH721212ALN604,LSTM,0.124,0,2482,0,0.0
AAHLV30H,HGST_20HUH721212ALN604,LSTM,0.124,0,2482,0,0.0
AAHLV40H,HGST_20HUH721212ALN604,LSTM,0.124,1,82,0,0.0
AAHLV47H,HGST_20HUH721212ALN604,LSTM,0.124,0,2482,0,0.0
AAHLVTVH,HGST_20HUH721212ALN604,LSTM,0.124,0,2471,0,0.0
AAHLWE3H,HGST_20HUH721212ALN604,LSTM,0.124,0,2471,0,0.0
AAHLWKXH,HGST_20HUH721212ALN604,LSTM,0.124,0,2482,0,0.0
AAHLWM3H,HGST_20HUH721212ALN604,LSTM,0.124,0,2471,0,0.0
AAHLXJ1H,HGST_20HUH721212ALN604,LSTM,0.124,0,2494,0,0.0
AAHLXJ9H,HGST_20HUH721212ALN604,LSTM,0.124,0,2490,0,0.0
AAHLXL5H,HGST_20HUH721212ALN604,LSTM,0.124,0,2393,0,0.0
AAHLXTXH,HGST_20HUH721212ALN604,LSTM,0.124,0,2470,0,0.0
AAHLY01H,HGST_20HUH721212ALN604,LSTM,0.124,0,2471,0,0.0
AAHLY04H,HGST_20HUH721212ALN604,LSTM,0.124,0,2494,0,0.0
AAHLY2TH,HGST_20HUH721212ALN604,LSTM,0.124,0,2471,0,0.0
AAHLY31H,HGST_20HUH721212ALN604,LSTM,0.124,1,2174,7,0.003219871205151794
AAHLYJRH,HGST_20HUH721212ALN604,LSTM,0.124,0,2471,0,0.0
AAHLYY6H,HGST_20HUH721212ALN604,LSTM,0.124,0,2482,0,0.0
AAHM227H,HGST_20HUH721212ALN604,LSTM,0.124,0,2393,0,0.0
AAHM4E6H,HGST_20HUH721212ALN604,LSTM,0.124,0,2471,0,0.0
AAHM4HSH,HGST_20HUH721212ALN604,LSTM,0.124,0,2494,0,0.0
AAHM4KJH,HGST_20HUH721212ALN604,LSTM,0.124,0,2393,0,0.0
AAHM4S6H,HGST_20HUH721212ALN604,LSTM,0.124,0,2494,0,0.0
AAHM4S8H,HGST_20HUH721212ALN604,LSTM,0.124,0,2494,0,0.0
AAHM4SSH,HGST_20HUH721212ALN604,LSTM,0.124,0,2494,0,0.0
AAHM4T2H,HGST_20HUH721212ALN604,LSTM,0.124,0,2494,0,0.0
AAHM4T6H,HGST_20HUH721212ALN604,LSTM,0.124,0,2393,0,0.0
AAHM4TRH,HGST_20HUH721212ALN604,LSTM,0.124,0,2393,0,0.0
AAHM4UYH,HGST_20HUH721212ALN604,LSTM,0.124,0,2494,0,0.0
AAHM4WBH,HGST_20HUH721212ALN604,LSTM,0.124,0,2482,0,0.0
AAHM4WEH,HGST_20HUH721212ALN604,LSTM,0.124,0,2494,0,0.0
AAHM4XGH,HGST_20HUH721212ALN604,LSTM,0.124,0,2392,0,0.0
AAHM5Z4H,HGST_20HUH721212ALN604,LSTM,0.124,0,2494,0,0.0
AAHM5Z9H,HGST_20HUH721212ALN604,LSTM,0.124,0,2494,0,0.0
AAHM5ZHH,HGST_20HUH721212ALN604,LSTM,0.124,0,2494,0,0.0
AAHMD6GH,HGST_20HUH721212ALN604,LSTM,0.124,0,2494,0,0.0
AAHME7KH,HGST_20HUH721212ALN604,LSTM,0.124,0,2482,0,0.0
AAHMGV8H,HGST_20HUH721212ALN604,LSTM,0.124,0,2471,0,0.0
AAHMH4LH,HGST_20HUH721212ALN604,LSTM,0.124,0,2494,0,0.0
AAHML65H,HGST_20HUH721212ALN604,LSTM,0.124,0,2469,0,0.0
AAHMN38H,HGST_20HUH721212ALN604,LSTM,0.124,0,2482,0,0.0
AAHMR03H,HGST_20HUH721212ALN604,LSTM,0.124,1,2387,9,0.003770423125261835
AAHMR2ZH,HGST_20HUH721212ALN604,LSTM,0.124,1,1722,0,0.0
AAHMSNRH,HGST_20HUH721212ALN604,LSTM,0.124,0,2482,0,0.0
AAHMUYLH,HGST_20HUH721212ALN604,LSTM,0.124,0,2482,0,0.0
AAHMW6RH,HGST_20HUH721212ALN604,LSTM,0.124,0,2482,0,0.0
AAHMW7NH,HGST_20HUH721212ALN604,LSTM,0.124,0,2482,0,0.0
2AG61PSY,HGST_20HUH721212ALN604,GRU,0.149,0,2467,0,0.0
2AG8AVRY,HGST_20HUH721212ALN604,GRU,0.149,0,2392,0,0.0
2AGEGU7Y,HGST_20HUH721212ALN604,GRU,0.149,0,2471,0,0.0
2AGEU1JY,HGST_20HUH721212ALN604,GRU,0.149,0,2466,13,0.0052716950527169504
2AGG48NY,HGST_20HUH721212ALN604,GRU,0.149,0,2471,0,0.0
2AGG7H1Y,HGST_20HUH721212ALN604,GRU,0.149,0,2471,0,0.0
2AGGHGJY,HGST_20HUH721212ALN604,GRU,0.149,1,2015,0,0.0
2AGGHLEY,HGST_20HUH721212ALN604,GRU,0.149,0,2466,0,0.0
2AGGHM0Y,HGST_20HUH721212ALN604,GRU,0.149,0,2471,0,0.0
2AGGHMUY,HGST_20HUH721212ALN604,GRU,0.149,0,2482,0,0.0
2AGGHR1Y,HGST_20HUH721212ALN604,GRU,0.149,0,2471,0,0.0
2AGGHR7Y,HGST_20HUH721212ALN604,GRU,0.149,0,2471,0,0.0
2AGGL0UY,HGST_20HUH721212ALN604,GRU,0.149,1,1008,2,0.001984126984126984
2AGGR3NY,HGST_20HUH721212ALN604,GRU,0.149,0,2471,0,0.0
2AGGZNJY,HGST_20HUH721212ALN604,GRU,0.149,0,2471,0,0.0
2AGH31BY,HGST_20HUH721212ALN604,GRU,0.149,1,1620,0,0.0
2AGH31PY,HGST_20HUH721212ALN604,GRU,0.149,1,2003,0,0.0
2AGH33SY,HGST_20HUH721212ALN604,GRU,0.149,1,2174,21,0.009659613615455382
2AGH34HY,HGST_20HUH721212ALN604,GRU,0.149,0,2471,0,0.0
2AGH34PY,HGST_20HUH721212ALN604,GRU,0.149,0,2471,0,0.0
2AGH35GY,HGST_20HUH721212ALN604,GRU,0.149,0,2471,0,0.0
2AGHB9XY,HGST_20HUH721212ALN604,GRU,0.149,1,2009,0,0.0
2AGHDYHY,HGST_20HUH721212ALN604,GRU,0.149,0,2471,0,0.0
2AGHEP9Y,HGST_20HUH721212ALN604,GRU,0.149,1,1888,0,0.0
2AGHGR1Y,HGST_20HUH721212ALN604,GRU,0.149,0,2471,0,0.0
2AGHGRLY,HGST_20HUH721212ALN604,GRU,0.149,0,2471,0,0.0
2AGHGRRY,HGST_20HUH721212ALN604,GRU,0.149,0,2471,0,0.0
2AGHJD4Y,HGST_20HUH721212ALN604,GRU,0.149,0,2464,196,0.07954545454545454
2AGHK55Y,HGST_20HUH721212ALN604,GRU,0.149,0,2460,0,0.0
2AGHK8MY,HGST_20HUH721212ALN604,GRU,0.149,0,2471,0,0.0
2AGHLEUY,HGST_20HUH721212ALN604,GRU,0.149,1,1625,0,0.0
2AGHLGTY,HGST_20HUH721212ALN604,GRU,0.149,1,2263,6,0.0026513477684489617
2AGHLKHY,HGST_20HUH721212ALN604,GRU,0.149,0,2471,0,0.0
2AGHLMXY,HGST_20HUH721212ALN604,GRU,0.149,0,2471,0,0.0
2AGHLN0Y,HGST_20HUH721212ALN604,GRU,0.149,0,2471,0,0.0
2AGHMUTY,HGST_20HUH721212ALN604,GRU,0.149,0,2471,0,0.0
2AGHMUYY,HGST_20HUH721212ALN604,GRU,0.149,0,2466,0,0.0
2AGHMW5Y,HGST_20HUH721212ALN604,GRU,0.149,0,2471,0,0.0
2AGHMXGY,HGST_20HUH721212ALN604,GRU,0.149,1,1449,0,0.0
2AGHMYTY,HGST_20HUH721212ALN604,GRU,0.149,0,2471,0,0.0
2AGHMZMY,HGST_20HUH721212ALN604,GRU,0.149,0,2471,0,0.0
2AGHN0TY,HGST_20HUH721212ALN604,GRU,0.149,1,515,60,0.11650485436893204
2AGHN0WY,HGST_20HUH721212ALN604,GRU,0.149,0,2471,0,0.0
2AGHN16Y,HGST_20HUH721212ALN604,GRU,0.149,0,2471,0,0.0
2AGHN2AY,HGST_20HUH721212ALN604,GRU,0.149,0,2471,0,0.0
2AGHN3XY,HGST_20HUH721212ALN604,GRU,0.149,0,2471,0,0.0
2AGHPDKY,HGST_20HUH721212ALN604,GRU,0.149,0,2471,0,0.0
2AGHSJ4Y,HGST_20HUH721212ALN604,GRU,0.149,0,2462,0,0.0
2AGHSS9Y,HGST_20HUH721212ALN604,GRU,0.149,0,2471,0,0.0
2AGHTBYY,HGST_20HUH721212ALN604,GRU,0.149,1,2071,142,0.06856591018831483
2AGHTGEY,HGST_20HUH721212ALN604,GRU,0.149,1,1388,14,0.010086455331412104
2AGHTKBY,HGST_20HUH721212ALN604,GRU,0.149,0,2471,0,0.0
2AGLY65Y,HGST_20HUH721212ALN604,GRU,0.149,1,1561,0,0.0
2AGM231Y,HGST_20HUH721212ALN604,GRU,0.149,0,2494,0,0.0
2AGM23NY,HGST_20HUH721212ALN604,GRU,0.149,0,2494,0,0.0
2AGM5UVY,HGST_20HUH721212ALN604,GRU,0.149,0,2482,0,0.0
2AGM5V7Y,HGST_20HUH721212ALN604,GRU,0.149,1,2390,24,0.0100418410041841
2AGM5VBY,HGST_20HUH721212ALN604,GRU,0.149,0,2482,0,0.0
2AGM5VHY,HGST_20HUH721212ALN604,GRU,0.149,1,1985,0,0.0
2AGM5W9Y,HGST_20HUH721212ALN604,GRU,0.149,1,2073,0,0.0
2AGM5YEY,HGST_20HUH721212ALN604,GRU,0.149,0,2494,0,0.0
2AGM8EMY,HGST_20HUH721212ALN604,GRU,0.149,1,1994,0,0.0
2AGM8EUY,HGST_20HUH721212ALN604,GRU,0.149,0,2471,0,0.0
2AGM8J2Y,HGST_20HUH721212ALN604,GRU,0.149,0,2482,0,0.0
2AGM8JAY,HGST_20HUH721212ALN604,GRU,0.149,0,2468,0,0.0
2AGM8LNY,HGST_20HUH721212ALN604,GRU,0.149,0,2486,11,0.004424778761061947
2AGM8RJY,HGST_20HUH721212ALN604,GRU,0.149,0,2393,0,0.0
2AGM8RTY,HGST_20HUH721212ALN604,GRU,0.149,0,2480,0,0.0
2AGM8UNY,HGST_20HUH721212ALN604,GRU,0.149,1,2310,48,0.02077922077922078
2AGM8V7Y,HGST_20HUH721212ALN604,GRU,0.149,0,2482,0,0.0
2AGM9MXY,HGST_20HUH721212ALN604,GRU,0.149,1,2333,0,0.0
2AGM9PJY,HGST_20HUH721212ALN604,GRU,0.149,0,2485,0,0.0
2AGM9RGY,HGST_20HUH721212ALN604,GRU,0.149,1,1318,0,0.0
2AGM9S6Y,HGST_20HUH721212ALN604,GRU,0.149,0,2482,0,0.0
2AGM9SDY,HGST_20HUH721212ALN604,GRU,0.149,0,2494,0,0.0
2AGM9U1Y,HGST_20HUH721212ALN604,GRU,0.149,0,2480,0,0.0
2AGMDJKY,HGST_20HUH721212ALN604,GRU,0.149,0,2494,0,0.0
2AGMDUAY,HGST_20HUH721212ALN604,GRU,0.149,1,1330,0,0.0
2AGMDY1Y,HGST_20HUH721212ALN604,GRU,0.149,0,2392,0,0.0
2AGME0XY,HGST_20HUH721212ALN604,GRU,0.149,1,1841,4,0.0021727322107550242
2AGME3BY,HGST_20HUH721212ALN604,GRU,0.149,0,2482,0,0.0
2AGME9PY,HGST_20HUH721212ALN604,GRU,0.149,1,1821,1,0.0005491488193300384
2AGMGAYY,HGST_20HUH721212ALN604,GRU,0.149,0,2482,0,0.0
2AGMGDPY,HGST_20HUH721212ALN604,GRU,0.149,0,2393,0,0.0
2AGMGKLY,HGST_20HUH721212ALN604,GRU,0.149,0,2393,0,0.0
2AGMGXEY,HGST_20HUH721212ALN604,GRU,0.149,0,2392,0,0.0
2AGMH2YY,HGST_20HUH721212ALN604,GRU,0.149,1,2024,0,0.0
2AGMH3JY,HGST_20HUH721212ALN604,GRU,0.149,0,2482,0,0.0
2AGMHK6Y,HGST_20HUH721212ALN604,GRU,0.149,0,2494,0,0.0
2AGMHPEY,HGST_20HUH721212ALN604,GRU,0.149,1,1852,0,0.0
2AGMHRYY,HGST_20HUH721212ALN604,GRU,0.149,1,1828,0,0.0
2AGMHTLY,HGST_20HUH721212ALN604,GRU,0.149,0,2494,0,0.0
2AGMHU7Y,HGST_20HUH721212ALN604,GRU,0.149,1,1893,0,0.0
2AGMHVTY,HGST_20HUH721212ALN604,GRU,0.149,0,2482,0,0.0
2AGMHWAY,HGST_20HUH721212ALN604,GRU,0.149,1,1501,7,0.004663557628247834
2AGMHXDY,HGST_20HUH721212ALN604,GRU,0.149,1,2121,5,0.0023573785950023575
2AGMHY3Y,HGST_20HUH721212ALN604,GRU,0.149,1,2289,0,0.0
2AGMHY5Y,HGST_20HUH721212ALN604,GRU,0.149,0,2393,0,0.0
2AGMJ35Y,HGST_20HUH721212ALN604,GRU,0.149,0,2494,0,0.0
2AGMJ3JY,HGST_20HUH721212ALN604,GRU,0.149,0,2482,0,0.0
2AGMJ3TY,HGST_20HUH721212ALN604,GRU,0.149,0,2392,0,0.0
2AGMJ47Y,HGST_20HUH721212ALN604,GRU,0.149,0,2466,0,0.0
2AGMJ5BY,HGST_20HUH721212ALN604,GRU,0.149,1,731,0,0.0
2AGMKV4Y,HGST_20HUH721212ALN604,GRU,0.149,1,2442,17,0.006961506961506962
2AGMKVHY,HGST_20HUH721212ALN604,GRU,0.149,1,1363,0,0.0
2AGMKVTY,HGST_20HUH721212ALN604,GRU,0.149,1,1940,0,0.0
2AGMLMLY,HGST_20HUH721212ALN604,GRU,0.149,0,2392,0,0.0
2AGMLSZY,HGST_20HUH721212ALN604,GRU,0.149,1,442,12,0.027149321266968326
2AGMLT7Y,HGST_20HUH721212ALN604,GRU,0.149,0,2474,0,0.0
2AGMLWNY,HGST_20HUH721212ALN604,GRU,0.149,0,2392,0,0.0
2AGMLZLY,HGST_20HUH721212ALN604,GRU,0.149,1,2460,0,0.0
2AGMM0UY,HGST_20HUH721212ALN604,GRU,0.149,0,2480,5,0.0020161290322580645
2AGMMNKY,HGST_20HUH721212ALN604,GRU,0.149,0,2466,0,0.0
2AGMMU1Y,HGST_20HUH721212ALN604,GRU,0.149,0,2482,0,0.0
2AGMMU4Y,HGST_20HUH721212ALN604,GRU,0.149,0,2392,0,0.0
2AGMNB7Y,HGST_20HUH721212ALN604,GRU,0.149,1,1415,0,0.0
2AGMNBEY,HGST_20HUH721212ALN604,GRU,0.149,0,2482,0,0.0
2AGMND4Y,HGST_20HUH721212ALN604,GRU,0.149,1,2369,17,0.007176023638666104
2AGMNE1Y,HGST_20HUH721212ALN604,GRU,0.149,1,2244,6,0.00267379679144385
2AGMNEBY,HGST_20HUH721212ALN604,GRU,0.149,1,1921,2,0.001041124414367517
2AGMNG0Y,HGST_20HUH721212ALN604,GRU,0.149,0,2022,7,0.0034619188921859545
2AGMNJKY,HGST_20HUH721212ALN604,GRU,0.149,1,2312,208,0.08996539792387544
2AGMNM8Y,HGST_20HUH721212ALN604,GRU,0.149,0,2392,0,0.0
2AGMNMWY,HGST_20HUH721212ALN604,GRU,0.149,1,1448,0,0.0
2AGMNTXY,HGST_20HUH721212ALN604,GRU,0.149,0,2482,0,0.0
2AGMNUVY,HGST_20HUH721212ALN604,GRU,0.149,0,2494,0,0.0
2AGMNWBY,HGST_20HUH721212ALN604,GRU,0.149,0,2393,0,0.0
2AGMNXRY,HGST_20HUH721212ALN604,GRU,0.149,0,2393,0,0.0
2AGMP7ZY,HGST_20HUH721212ALN604,GRU,0.149,0,2392,0,0.0
2AGMPBWY,HGST_20HUH721212ALN604,GRU,0.149,0,2453,0,0.0
2AGMPD8Y,HGST_20HUH721212ALN604,GRU,0.149,1,1562,0,0.0
2AGMPK3Y,HGST_20HUH721212ALN604,GRU,0.149,0,2494,0,0.0
2AGMPL7Y,HGST_20HUH721212ALN604,GRU,0.149,1,2115,0,0.0
2AGMPP1Y,HGST_20HUH721212ALN604,GRU,0.149,0,2482,0,0.0
2AGMPP4Y,HGST_20HUH721212ALN604,GRU,0.149,1,2313,13,0.005620406398616515
2AGMPPGY,HGST_20HUH721212ALN604,GRU,0.149,0,2482,0,0.0
2AGMPSSY,HGST_20HUH721212ALN604,GRU,0.149,0,2482,0,0.0
2AGMPT2Y,HGST_20HUH721212ALN604,GRU,0.149,0,2482,0,0.0
2AGMPZ8Y,HGST_20HUH721212ALN604,GRU,0.149,0,2392,0,0.0
2AGMS6PY,HGST_20HUH721212ALN604,GRU,0.149,0,2392,0,0.0
2AGMSHHY,HGST_20HUH721212ALN604,GRU,0.149,1,1197,0,0.0
2AGMTK0Y,HGST_20HUH721212ALN604,GRU,0.149,1,2295,1,0.00043572984749455336
2AGMTL0Y,HGST_20HUH721212ALN604,GRU,0.149,1,1445,0,0.0
2AGMTXAY,HGST_20HUH721212ALN604,GRU,0.149,0,2393,0,0.0
2AGMUBMY,HGST_20HUH721212ALN604,GRU,0.149,0,2466,0,0.0
2AGMUBRY,HGST_20HUH721212ALN604,GRU,0.149,1,1819,0,0.0
2AGMV9UY,HGST_20HUH721212ALN604,GRU,0.149,0,2393,0,0.0
2AGMVDDY,HGST_20HUH721212ALN604,GRU,0.149,0,2482,0,0.0
2AGMWHVY,HGST_20HUH721212ALN604,GRU,0.149,1,1892,0,0.0
2AGMZLMY,HGST_20HUH721212ALN604,GRU,0.149,1,1373,0,0.0
2AGN038Y,HGST_20HUH721212ALN604,GRU,0.149,0,2393,0,0.0
2AGN03MY,HGST_20HUH721212ALN604,GRU,0.149,0,2393,0,0.0
2AGN05MY,HGST_20HUH721212ALN604,GRU,0.149,0,2393,0,0.0
2AGN071Y,HGST_20HUH721212ALN604,GRU,0.149,0,2393,0,0.0
2AGN07AY,HGST_20HUH721212ALN604,GRU,0.149,0,2392,0,0.0
2AGN17RY,HGST_20HUH721212ALN604,GRU,0.149,0,2393,0,0.0
2AGN1YNY,HGST_20HUH721212ALN604,GRU,0.149,0,2392,0,0.0
2AGN29AY,HGST_20HUH721212ALN604,GRU,0.149,0,2392,0,0.0
2AGN43EY,HGST_20HUH721212ALN604,GRU,0.149,0,2393,0,0.0
2AGN5A3Y,HGST_20HUH721212ALN604,GRU,0.149,0,2466,0,0.0
2AGN7GZY,HGST_20HUH721212ALN604,GRU,0.149,0,2393,0,0.0
2AGN7XVY,HGST_20HUH721212ALN604,GRU,0.149,0,2392,0,0.0
2AGN7XYY,HGST_20HUH721212ALN604,GRU,0.149,0,2467,0,0.0
2AGN853Y,HGST_20HUH721212ALN604,GRU,0.149,0,2392,0,0.0
2AGN8H9Y,HGST_20HUH721212ALN604,GRU,0.149,0,2392,0,0.0
2AGN8Y9Y,HGST_20HUH721212ALN604,GRU,0.149,0,2393,0,0.0
2AGN8ZGY,HGST_20HUH721212ALN604,GRU,0.149,0,2466,0,0.0
2AGN90RY,HGST_20HUH721212ALN604,GRU,0.149,1,1577,0,0.0
2AGN9N4Y,HGST_20HUH721212ALN604,GRU,0.149,1,2033,19,0.009345794392523364
2AGNAK7Y,HGST_20HUH721212ALN604,GRU,0.149,0,2392,0,0.0
2AGNAKGY,HGST_20HUH721212ALN604,GRU,0.149,0,2392,0,0.0
2AGNAYKY,HGST_20HUH721212ALN604,GRU,0.149,0,2393,0,0.0
2AGNBWPY,HGST_20HUH721212ALN604,GRU,0.149,0,2393,0,0.0
2AGND0EY,HGST_20HUH721212ALN604,GRU,0.149,0,2393,0,0.0
2AGNEAHY,HGST_20HUH721212ALN604,GRU,0.149,0,2393,0,0.0
2AGNEK5Y,HGST_20HUH721212ALN604,GRU,0.149,0,2392,0,0.0
2AGNEN9Y,HGST_20HUH721212ALN604,GRU,0.149,0,2392,0,0.0
2AGNEREY,HGST_20HUH721212ALN604,GRU,0.149,0,2393,0,0.0
2AGNGZPY,HGST_20HUH721212ALN604,GRU,0.149,0,2471,0,0.0
2AGNJE2Y,HGST_20HUH721212ALN604,GRU,0.149,0,2466,0,0.0
2AGNJG7Y,HGST_20HUH721212ALN604,GRU,0.149,0,2393,0,0.0
2AGNJGHY,HGST_20HUH721212ALN604,GRU,0.149,0,2393,0,0.0
2AGNJRYY,HGST_20HUH721212ALN604,GRU,0.149,0,2466,0,0.0
2AGNJTAY,HGST_20HUH721212ALN604,GRU,0.149,0,2392,0,0.0
2AGNJTRY,HGST_20HUH721212ALN604,GRU,0.149,0,2392,0,0.0
2AGNKB9Y,HGST_20HUH721212ALN604,GRU,0.149,1,1570,0,0.0
2AGNKGXY,HGST_20HUH721212ALN604,GRU,0.149,0,2392,0,0.0
2AGNKNJY,HGST_20HUH721212ALN604,GRU,0.149,0,2392,0,0.0
2AGNKSPY,HGST_20HUH721212ALN604,GRU,0.149,0,2392,0,0.0
2AGNKV4Y,HGST_20HUH721212ALN604,GRU,0.149,0,2393,0,0.0
2AGNL61Y,HGST_20HUH721212ALN604,GRU,0.149,0,2482,0,0.0
2AGNNTHY,HGST_20HUH721212ALN604,GRU,0.149,0,2430,0,0.0
2AGNT47Y,HGST_20HUH721212ALN604,GRU,0.149,0,2482,0,0.0
2AGP393Y,HGST_20HUH721212ALN604,GRU,0.149,1,1406,12,0.008534850640113799
2AGP43EY,HGST_20HUH721212ALN604,GRU,0.149,1,1936,0,0.0
2AGP5EDY,HGST_20HUH721212ALN604,GRU,0.149,0,2482,0,0.0
2AGP5GBY,HGST_20HUH721212ALN604,GRU,0.149,0,2482,0,0.0
2AGP5J1Y,HGST_20HUH721212ALN604,GRU,0.149,0,2482,0,0.0
2AGP6TYY,HGST_20HUH721212ALN604,GRU,0.149,0,2482,0,0.0
2AGP6UBY,HGST_20HUH721212ALN604,GRU,0.149,0,2482,0,0.0
2AGP9W7Y,HGST_20HUH721212ALN604,GRU,0.149,0,2482,0,0.0
2AGPHHKY,HGST_20HUH721212ALN604,GRU,0.149,0,2466,0,0.0
2AGPHHTY,HGST_20HUH721212ALN604,GRU,0.149,0,2466,0,0.0
2AGPJAVY,HGST_20HUH721212ALN604,GRU,0.149,0,2471,0,0.0
2AGPJBGY,HGST_20HUH721212ALN604,GRU,0.149,0,2471,0,0.0
2AGPJBNY,HGST_20HUH721212ALN604,GRU,0.149,0,2471,0,0.0
2AGPJE5Y,HGST_20HUH721212ALN604,GRU,0.149,0,2482,0,0.0
2AGPJGPY,HGST_20HUH721212ALN604,GRU,0.149,1,649,0,0.0
2AGPJH1Y,HGST_20HUH721212ALN604,GRU,0.149,1,1915,0,0.0
2AGPJHAY,HGST_20HUH721212ALN604,GRU,0.149,0,2393,0,0.0
2AGPJHXY,HGST_20HUH721212ALN604,GRU,0.149,0,2471,0,0.0
2AGPJL8Y,HGST_20HUH721212ALN604,GRU,0.149,0,2471,0,0.0
2AGPJLWY,HGST_20HUH721212ALN604,GRU,0.149,0,2393,0,0.0
2AGPJMRY,HGST_20HUH721212ALN604,GRU,0.149,0,2393,0,0.0
2AGPJP0Y,HGST_20HUH721212ALN604,GRU,0.149,0,2471,0,0.0
2AGPK9HY,HGST_20HUH721212ALN604,GRU,0.149,0,2392,0,0.0
2AGPKA3Y,HGST_20HUH721212ALN604,GRU,0.149,0,2392,0,0.0
2AGPKALY,HGST_20HUH721212ALN604,GRU,0.149,0,2482,0,0.0
2AGPKARY,HGST_20HUH721212ALN604,GRU,0.149,0,2482,0,0.0
2AGPKB2Y,HGST_20HUH721212ALN604,GRU,0.149,0,2471,0,0.0
2AGPKTUY,HGST_20HUH721212ALN604,GRU,0.149,0,2482,0,0.0
2AGPKVGY,HGST_20HUH721212ALN604,GRU,0.149,0,2482,0,0.0
2AGPKWNY,HGST_20HUH721212ALN604,GRU,0.149,1,1628,0,0.0
2AGPKX4Y,HGST_20HUH721212ALN604,GRU,0.149,0,2482,0,0.0
2AGPL2YY,HGST_20HUH721212ALN604,GRU,0.149,0,2482,0,0.0
2AGPL4UY,HGST_20HUH721212ALN604,GRU,0.149,0,2482,0,0.0
2AGPL4ZY,HGST_20HUH721212ALN604,GRU,0.149,0,2471,0,0.0
2AGPLSSY,HGST_20HUH721212ALN604,GRU,0.149,0,2482,0,0.0
2AGPMDVY,HGST_20HUH721212ALN604,GRU,0.149,0,2471,0,0.0
2AGPMEPY,HGST_20HUH721212ALN604,GRU,0.149,0,2482,0,0.0
2AGPMGGY,HGST_20HUH721212ALN604,GRU,0.149,0,2482,0,0.0
2AGPMM3Y,HGST_20HUH721212ALN604,GRU,0.149,0,2471,0,0.0
2AGPMN9Y,HGST_20HUH721212ALN604,GRU,0.149,0,2471,0,0.0
2AGPMRDY,HGST_20HUH721212ALN604,GRU,0.149,0,2471,0,0.0
2AGPMY1Y,HGST_20HUH721212ALN604,GRU,0.149,0,2482,0,0.0
2AGPN6PY,HGST_20HUH721212ALN604,GRU,0.149,0,2482,0,0.0
2AGPPJAY,HGST_20HUH721212ALN604,GRU,0.149,0,2482,0,0.0
2AGPPLLY,HGST_20HUH721212ALN604,GRU,0.149,1,1659,16,0.009644364074743821
2AGPR6YY,HGST_20HUH721212ALN604,GRU,0.149,0,2482,0,0.0
2AGPR7RY,HGST_20HUH721212ALN604,GRU,0.149,0,2482,0,0.0
2AGPR8EY,HGST_20HUH721212ALN604,GRU,0.149,0,2482,0,0.0
2AGPRL8Y,HGST_20HUH721212ALN604,GRU,0.149,0,2471,0,0.0
2AGPRMLY,HGST_20HUH721212ALN604,GRU,0.149,1,2418,0,0.0
2AGPRMRY,HGST_20HUH721212ALN604,GRU,0.149,1,1928,0,0.0
2AGPRRJY,HGST_20HUH721212ALN604,GRU,0.149,0,2494,0,0.0
2AGPS2ZY,HGST_20HUH721212ALN604,GRU,0.149,0,2482,0,0.0
2AGPSEDY,HGST_20HUH721212ALN604,GRU,0.149,0,2471,0,0.0
2AGPSG5Y,HGST_20HUH721212ALN604,GRU,0.149,0,2471,0,0.0
2AGPSGKY,HGST_20HUH721212ALN604,GRU,0.149,0,2392,0,0.0
2AGPSJKY,HGST_20HUH721212ALN604,GRU,0.149,0,2392,0,0.0
2AGPSRUY,HGST_20HUH721212ALN604,GRU,0.149,0,2482,0,0.0
2AGPT2PY,HGST_20HUH721212ALN604,GRU,0.149,0,2392,0,0.0
2AGPT48Y,HGST_20HUH721212ALN604,GRU,0.149,0,2466,0,0.0
2AGPT7PY,HGST_20HUH721212ALN604,GRU,0.149,0,2393,0,0.0
2AGPTL4Y,HGST_20HUH721212ALN604,GRU,0.149,0,2471,0,0.0
2AGPTVLY,HGST_20HUH721212ALN604,GRU,0.149,0,2466,0,0.0
5PG0TA6F,HGST_20HUH721212ALN604,GRU,0.149,0,2050,0,0.0
5PG0TAKF,HGST_20HUH721212ALN604,GRU,0.149,0,2122,0,0.0
5PJEJUHE,HGST_20HUH721212ALN604,GRU,0.149,0,1525,0,0.0
5PJJHD9C,HGST_20HUH721212ALN604,GRU,0.149,0,1323,0,0.0
5PJJLZTF,HGST_20HUH721212ALN604,GRU,0.149,0,1550,0,0.0
5PJKZP4D,HGST_20HUH721212ALN604,GRU,0.149,0,1306,0,0.0
5PJVPJGF,HGST_20HUH721212ALN604,GRU,0.149,0,1751,0,0.0
5PK10N4B,HGST_20HUH721212ALN604,GRU,0.149,0,435,0,0.0
5PK5ZB1B,HGST_20HUH721212ALN604,GRU,0.149,0,672,0,0.0
5PKEBJVB,HGST_20HUH721212ALN604,GRU,0.149,0,826,0,0.0
5PKVXW6B,HGST_20HUH721212ALN604,GRU,0.149,0,639,0,0.0
5QG63PMB,HGST_20HUH721212ALN604,GRU,0.149,0,643,0,0.0
5QGBH0MB,HGST_20HUH721212ALN604,GRU,0.149,0,814,0,0.0
5QGG5KLB,HGST_20HUH721212ALN604,GRU,0.149,0,1062,0,0.0
5QGG5UPB,HGST_20HUH721212ALN604,GRU,0.149,0,1178,0,0.0
5QGGAELB,HGST_20HUH721212ALN604,GRU,0.149,1,800,12,0.015
5QGGHWVB,HGST_20HUH721212ALN604,GRU,0.149,0,807,0,0.0
5QH0Z60B,HGST_20HUH721212ALN604,GRU,0.149,1,206,122,0.5922330097087378
5QHDKVHB,HGST_20HUH721212ALN604,GRU,0.149,0,836,0,0.0
5QHKE66B,HGST_20HUH721212ALN604,GRU,0.149,0,683,0,0.0
5QHYP4MB,HGST_20HUH721212ALN604,GRU,0.149,0,656,0,0.0
5QJBW5VB,HGST_20HUH721212ALN604,GRU,0.149,1,109,18,0.1651376146788991
5QJS57NB,HGST_20HUH721212ALN604,GRU,0.149,0,769,0,0.0
5QKBEVWB,HGST_20HUH721212ALN604,GRU,0.149,0,809,0,0.0
5QKDK07B,HGST_20HUH721212ALN604,GRU,0.149,0,437,0,0.0
5QKHBVPB,HGST_20HUH721212ALN604,GRU,0.149,0,641,0,0.0
5QKKSM3B,HGST_20HUH721212ALN604,GRU,0.149,0,695,0,0.0
5QKV55TB,HGST_20HUH721212ALN604,GRU,0.149,0,732,0,0.0
5QKV6W0B,HGST_20HUH721212ALN604,GRU,0.149,0,931,0,0.0
5QKV74SB,HGST_20HUH721212ALN604,GRU,0.149,0,783,0,0.0
5QKV778B,HGST_20HUH721212ALN604,GRU,0.149,0,633,0,0.0
5QKV7UHB,HGST_20HUH721212ALN604,GRU,0.149,0,728,0,0.0
5QKV85UB,HGST_20HUH721212ALN604,GRU,0.149,0,821,0,0.0
5QKVAN8B,HGST_20HUH721212ALN604,GRU,0.149,0,799,0,0.0
5QKVARLB,HGST_20HUH721212ALN604,GRU,0.149,0,850,0,0.0
5QKVATKB,HGST_20HUH721212ALN604,GRU,0.149,0,783,0,0.0
5QKVD71B,HGST_20HUH721212ALN604,GRU,0.149,0,661,0,0.0
5QKVDDVB,HGST_20HUH721212ALN604,GRU,0.149,0,621,0,0.0
5QKVETTB,HGST_20HUH721212ALN604,GRU,0.149,0,613,0,0.0
5QKVEUZB,HGST_20HUH721212ALN604,GRU,0.149,0,679,0,0.0
5QKVEXJB,HGST_20HUH721212ALN604,GRU,0.149,0,823,0,0.0
5QKVGLWB,HGST_20HUH721212ALN604,GRU,0.149,0,663,0,0.0
5QKVHPLB,HGST_20HUH721212ALN604,GRU,0.149,0,664,0,0.0
5QKVHRMB,HGST_20HUH721212ALN604,GRU,0.149,0,617,0,0.0
5QKVVTHB,HGST_20HUH721212ALN604,GRU,0.149,0,686,0,0.0
8CGNK9GE,HGST_20HUH721212ALN604,GRU,0.149,0,2382,0,0.0
8CGR1V5E,HGST_20HUH721212ALN604,GRU,0.149,0,2466,0,0.0
8CGSN9XE,HGST_20HUH721212ALN604,GRU,0.149,0,2482,0,0.0
8CGSTSRE,HGST_20HUH721212ALN604,GRU,0.149,0,2494,0,0.0
8CGT5S2E,HGST_20HUH721212ALN604,GRU,0.149,1,1985,0,0.0
8CGTW4VE,HGST_20HUH721212ALN604,GRU,0.149,0,2466,0,0.0
8CGTZ9HE,HGST_20HUH721212ALN604,GRU,0.149,1,1519,80,0.052666227781435156
8CGU9LLE,HGST_20HUH721212ALN604,GRU,0.149,0,2480,0,0.0
8CGV369E,HGST_20HUH721212ALN604,GRU,0.149,0,2482,0,0.0
8CGVR04E,HGST_20HUH721212ALN604,GRU,0.149,0,2452,8,0.0032626427406199023
8CGVTH0E,HGST_20HUH721212ALN604,GRU,0.149,0,2494,0,0.0
8CGW3HPE,HGST_20HUH721212ALN604,GRU,0.149,0,2494,0,0.0
8CGW6ULE,HGST_20HUH721212ALN604,GRU,0.149,0,2494,0,0.0
8CGWPGEE,HGST_20HUH721212ALN604,GRU,0.149,0,2482,0,0.0
8CGXKYVE,HGST_20HUH721212ALN604,GRU,0.149,0,2494,0,0.0
8CGXNNUE,HGST_20HUH721212ALN604,GRU,0.149,1,1075,6,0.005581395348837209
8CGY4KUE,HGST_20HUH721212ALN604,GRU,0.149,0,2482,0,0.0
8CGYJ5TE,HGST_20HUH721212ALN604,GRU,0.149,0,2466,0,0.0
8CGYVS8E,HGST_20HUH721212ALN604,GRU,0.149,0,2466,0,0.0
8CGYW96E,HGST_20HUH721212ALN604,GRU,0.149,0,2466,0,0.0
8CGYXB6E,HGST_20HUH721212ALN604,GRU,0.149,0,2385,0,0.0
8CGZ8K3E,HGST_20HUH721212ALN604,GRU,0.149,0,2494,0,0.0
8CGZ8S1E,HGST_20HUH721212ALN604,GRU,0.149,0,2494,0,0.0
8CGZ8SDE,HGST_20HUH721212ALN604,GRU,0.149,0,2494,0,0.0
8CGZB98E,HGST_20HUH721212ALN604,GRU,0.149,0,2392,0,0.0
8CGZB9VE,HGST_20HUH721212ALN604,GRU,0.149,0,2466,0,0.0
8CGZKBME,HGST_20HUH721212ALN604,GRU,0.149,0,2494,0,0.0
8CGZKDHE,HGST_20HUH721212ALN604,GRU,0.149,0,2494,0,0.0
8CGZMEAE,HGST_20HUH721212ALN604,GRU,0.149,0,2494,0,0.0
8CH02WUE,HGST_20HUH721212ALN604,GRU,0.149,0,2392,0,0.0
8CH05AGE,HGST_20HUH721212ALN604,GRU,0.149,0,2494,0,0.0
8CH06AGE,HGST_20HUH721212ALN604,GRU,0.149,0,2482,0,0.0
8CH06B5E,HGST_20HUH721212ALN604,GRU,0.149,0,2494,0,0.0
8CH06E7E,HGST_20HUH721212ALN604,GRU,0.149,0,2494,0,0.0
8CH06EDE,HGST_20HUH721212ALN604,GRU,0.149,0,2466,0,0.0
8CH0869E,HGST_20HUH721212ALN604,GRU,0.149,0,2494,0,0.0
8CH08RNE,HGST_20HUH721212ALN604,GRU,0.149,0,2385,0,0.0
8CH09GGE,HGST_20HUH721212ALN604,GRU,0.149,0,2466,0,0.0
8CH0BYPE,HGST_20HUH721212ALN604,GRU,0.149,0,2393,0,0.0
8CH0BYTE,HGST_20HUH721212ALN604,GRU,0.149,0,2466,0,0.0
8CH0DM8E,HGST_20HUH721212ALN604,GRU,0.149,0,2392,0,0.0
8CH0GNLE,HGST_20HUH721212ALN604,GRU,0.149,0,2494,0,0.0
8CH0GNNE,HGST_20HUH721212ALN604,GRU,0.149,0,2494,0,0.0
8CH0GNSE,HGST_20HUH721212ALN604,GRU,0.149,0,2482,0,0.0
8CH0HRKE,HGST_20HUH721212ALN604,GRU,0.149,0,2466,0,0.0
8CH0HTRE,HGST_20HUH721212ALN604,GRU,0.149,0,2466,0,0.0
8CH0L5PE,HGST_20HUH721212ALN604,GRU,0.149,0,2466,0,0.0
8CH0R06E,HGST_20HUH721212ALN604,GRU,0.149,0,2494,0,0.0
8CH0R3YE,HGST_20HUH721212ALN604,GRU,0.149,0,2393,0,0.0
8CH0TLTE,HGST_20HUH721212ALN604,GRU,0.149,0,2393,0,0.0
8CH0TLUE,HGST_20HUH721212ALN604,GRU,0.149,0,2466,0,0.0
8CH0TN2E,HGST_20HUH721212ALN604,GRU,0.149,0,2466,0,0.0
8CH0TN3E,HGST_20HUH721212ALN604,GRU,0.149,0,2393,0,0.0
8CH0TVRE,HGST_20HUH721212ALN604,GRU,0.149,0,2385,0,0.0
8CH0V7TE,HGST_20HUH721212ALN604,GRU,0.149,0,2466,0,0.0
8CH0VH1E,HGST_20HUH721212ALN604,GRU,0.149,0,2482,0,0.0
8CH0VW0E,HGST_20HUH721212ALN604,GRU,0.149,0,2466,0,0.0
8CH11KPE,HGST_20HUH721212ALN604,GRU,0.149,0,2494,0,0.0
8CH13D7E,HGST_20HUH721212ALN604,GRU,0.149,0,2466,0,0.0
8CH13DAE,HGST_20HUH721212ALN604,GRU,0.149,0,2466,0,0.0
8CH15D3E,HGST_20HUH721212ALN604,GRU,0.149,0,2482,0,0.0
8CH15YME,HGST_20HUH721212ALN604,GRU,0.149,0,2466,0,0.0
8CH160KE,HGST_20HUH721212ALN604,GRU,0.149,0,2392,0,0.0
8CH16PBE,HGST_20HUH721212ALN604,GRU,0.149,0,2466,0,0.0
8CH16ZDE,HGST_20HUH721212ALN604,GRU,0.149,0,2466,0,0.0
8CH16ZUE,HGST_20HUH721212ALN604,GRU,0.149,0,2466,0,0.0
8CH17M9E,HGST_20HUH721212ALN604,GRU,0.149,0,2466,0,0.0
8CH17MHE,HGST_20HUH721212ALN604,GRU,0.149,0,2393,0,0.0
8CH190UE,HGST_20HUH721212ALN604,GRU,0.149,1,957,8,0.008359456635318705
8CH1APUE,HGST_20HUH721212ALN604,GRU,0.149,1,2302,11,0.0047784535186794095
8CH1AR5E,HGST_20HUH721212ALN604,GRU,0.149,0,2494,0,0.0
8CH1ARHE,HGST_20HUH721212ALN604,GRU,0.149,1,1581,0,0.0
8CH1WBME,HGST_20HUH721212ALN604,GRU,0.149,1,1829,0,0.0
8CH1XHUE,HGST_20HUH721212ALN604,GRU,0.149,0,2494,0,0.0
8CH4AT4E,HGST_20HUH721212ALN604,GRU,0.149,0,2471,0,0.0
8CH4X3TE,HGST_20HUH721212ALN604,GRU,0.149,1,1246,0,0.0
8CH4YM4E,HGST_20HUH721212ALN604,GRU,0.149,1,1388,0,0.0
8CH4YM6E,HGST_20HUH721212ALN604,GRU,0.149,1,2123,7,0.003297220913801225
8CH4YN8E,HGST_20HUH721212ALN604,GRU,0.149,1,1791,0,0.0
8CH4Z6UE,HGST_20HUH721212ALN604,GRU,0.149,0,2478,0,0.0
8CH5214E,HGST_20HUH721212ALN604,GRU,0.149,1,1737,8,0.004605641911341394
8CH52U5E,HGST_20HUH721212ALN604,GRU,0.149,0,2481,0,0.0
8CH5B9LE,HGST_20HUH721212ALN604,GRU,0.149,0,2482,0,0.0
8CH5E8EE,HGST_20HUH721212ALN604,GRU,0.149,1,1420,0,0.0
8CH5HRYE,HGST_20HUH721212ALN604,GRU,0.149,1,2050,6,0.002926829268292683
8CHRG6JE,HGST_20HUH721212ALN604,GRU,0.149,0,2283,0,0.0
8CHU2WSE,HGST_20HUH721212ALN604,GRU,0.149,0,2077,0,0.0
8CHU7R9E,HGST_20HUH721212ALN604,GRU,0.149,1,1281,0,0.0
8CHUHHXE,HGST_20HUH721212ALN604,GRU,0.149,0,2075,0,0.0
8CJMA59E,HGST_20HUH721212ALN604,GRU,0.149,0,699,0,0.0
8DG1BB5Y,HGST_20HUH721212ALN604,GRU,0.149,0,423,0,0.0
8DG3MU5D,HGST_20HUH721212ALN604,GRU,0.149,0,2783,0,0.0
8DG4SAUD,HGST_20HUH721212ALN604,GRU,0.149,0,2783,0,0.0
8DG4SAZD,HGST_20HUH721212ALN604,GRU,0.149,0,2783,0,0.0
8DG52U7D,HGST_20HUH721212ALN604,GRU,0.149,0,2783,0,0.0
8DG52W9D,HGST_20HUH721212ALN604,GRU,0.149,0,2783,0,0.0
8DG52WND,HGST_20HUH721212ALN604,GRU,0.149,0,2783,0,0.0
8DG6S3UD,HGST_20HUH721212ALN604,GRU,0.149,1,2155,0,0.0
8DG88GTY,HGST_20HUH721212ALN604,GRU,0.149,0,425,0,0.0
8DG93TXY,HGST_20HUH721212ALN604,GRU,0.149,0,700,0,0.0
8DJE2HWH,HGST_20HUH721212ALN604,GRU,0.149,0,2613,0,0.0
8DJEPPSH,HGST_20HUH721212ALN604,GRU,0.149,0,2613,0,0.0
8DJEPTWH,HGST_20HUH721212ALN604,GRU,0.149,0,2613,0,0.0
8DJEUXLH,HGST_20HUH721212ALN604,GRU,0.149,0,2613,0,0.0
8DK5NDLH,HGST_20HUH721212ALN604,GRU,0.149,0,2250,0,0.0
8DKHU24H,HGST_20HUH721212ALN604,GRU,0.149,0,2249,0,0.0
8DKUD8AH,HGST_20HUH721212ALN604,GRU,0.149,0,2613,0,0.0
8DKV390H,HGST_20HUH721212ALN604,GRU,0.149,0,2558,0,0.0
8HG28M3H,HGST_20HUH721212ALN604,GRU,0.149,0,2558,0,0.0
8HG7LGUH,HGST_20HUH721212ALN604,GRU,0.149,1,2189,0,0.0
8HGBYHPH,HGST_20HUH721212ALN604,GRU,0.149,0,1611,0,0.0
8HGNAB0H,HGST_20HUH721212ALN604,GRU,0.149,0,2531,0,0.0
8HGZPYVH,HGST_20HUH721212ALN604,GRU,0.149,0,1515,66,0.04356435643564356
8HH12ZPH,HGST_20HUH721212ALN604,GRU,0.149,0,2665,0,0.0
8HH5JYSH,HGST_20HUH721212ALN604,GRU,0.149,0,2665,0,0.0
8HH8BNRH,HGST_20HUH721212ALN604,GRU,0.149,0,2531,0,0.0
8HH8P7RH,HGST_20HUH721212ALN604,GRU,0.149,0,2557,0,0.0
8HH901KH,HGST_20HUH721212ALN604,GRU,0.149,0,2531,0,0.0
8HH9ZRUH,HGST_20HUH721212ALN604,GRU,0.149,0,2558,0,0.0
8HHARE1H,HGST_20HUH721212ALN604,GRU,0.149,1,1320,14,0.010606060606060607
8HHARGBH,HGST_20HUH721212ALN604,GRU,0.149,0,2557,0,0.0
8HHATBKH,HGST_20HUH721212ALN604,GRU,0.149,0,2558,0,0.0
8HHJXENH,HGST_20HUH721212ALN604,GRU,0.149,0,2613,0,0.0
8HHNHSUH,HGST_20HUH721212ALN604,GRU,0.149,1,2040,0,0.0
8HHPUREH,HGST_20HUH721212ALN604,GRU,0.149,1,2011,11,0.005469915464942815
8HHT1P2H,HGST_20HUH721212ALN604,GRU,0.149,0,2665,0,0.0
8HHTWXYH,HGST_20HUH721212ALN604,GRU,0.149,0,2665,0,0.0
8HHZ6MGH,HGST_20HUH721212ALN604,GRU,0.149,0,2665,0,0.0
8HJ1NNDH,HGST_20HUH721212ALN604,GRU,0.149,0,2665,0,0.0
8HJ6SJAH,HGST_20HUH721212ALN604,GRU,0.149,0,2665,0,0.0
8HJ6SJTH,HGST_20HUH721212ALN604,GRU,0.149,0,2665,0,0.0
8HJ74BPH,HGST_20HUH721212ALN604,GRU,0.149,0,2665,0,0.0
8HJ7UJHH,HGST_20HUH721212ALN604,GRU,0.149,0,2665,0,0.0
8HJ7Y9BH,HGST_20HUH721212ALN604,GRU,0.149,0,2665,0,0.0
8HJ7Z0DH,HGST_20HUH721212ALN604,GRU,0.149,0,2494,0,0.0
8HJ7Z10H,HGST_20HUH721212ALN604,GRU,0.149,0,2665,0,0.0
8HJ7Z1MH,HGST_20HUH721212ALN604,GRU,0.149,0,2665,0,0.0
8HJ86APH,HGST_20HUH721212ALN604,GRU,0.149,0,2665,0,0.0
8HJ86NXH,HGST_20HUH721212ALN604,GRU,0.149,0,2494,0,0.0
8HJ8LEXH,HGST_20HUH721212ALN604,GRU,0.149,0,2494,0,0.0
8HJ8LKMH,HGST_20HUH721212ALN604,GRU,0.149,1,2678,0,0.0
8HJ91WDH,HGST_20HUH721212ALN604,GRU,0.149,0,2494,0,0.0
8HJ94EVH,HGST_20HUH721212ALN604,GRU,0.149,0,2665,0,0.0
8HJ9JWTH,HGST_20HUH721212ALN604,GRU,0.149,0,2665,0,0.0
8HJ9K7HH,HGST_20HUH721212ALN604,GRU,0.149,1,2264,0,0.0
8HJ9KKGH,HGST_20HUH721212ALN604,GRU,0.149,0,2494,0,0.0
8HJ9KN1H,HGST_20HUH721212ALN604,GRU,0.149,0,2665,0,0.0
8HJ9LS1H,HGST_20HUH721212ALN604,GRU,0.149,0,2665,0,0.0
8HJ9M5NH,HGST_20HUH721212ALN604,GRU,0.149,0,2665,0,0.0
8HJ9M94H,HGST_20HUH721212ALN604,GRU,0.149,0,2665,0,0.0
8HJ9MZBH,HGST_20HUH721212ALN604,GRU,0.149,0,2494,0,0.0
8HJ9NHPH,HGST_20HUH721212ALN604,GRU,0.149,0,2665,0,0.0
8HJ9NKKH,HGST_20HUH721212ALN604,GRU,0.149,0,2665,0,0.0
8HJ9RYSH,HGST_20HUH721212ALN604,GRU,0.149,0,2665,0,0.0
8HJ9S05H,HGST_20HUH721212ALN604,GRU,0.149,0,2665,0,0.0
8HJ9S0EH,HGST_20HUH721212ALN604,GRU,0.149,0,2665,0,0.0
8HJ9Y3ZH,HGST_20HUH721212ALN604,GRU,0.149,0,2494,0,0.0
8HJA085H,HGST_20HUH721212ALN604,GRU,0.149,0,2665,0,0.0
8HJA2DPH,HGST_20HUH721212ALN604,GRU,0.149,0,2665,0,0.0
8HJA8DBH,HGST_20HUH721212ALN604,GRU,0.149,0,2665,0,0.0
8HJBNYTH,HGST_20HUH721212ALN604,GRU,0.149,0,2613,0,0.0
8HJDK12H,HGST_20HUH721212ALN604,GRU,0.149,0,2665,0,0.0
8HJDX4PH,HGST_20HUH721212ALN604,GRU,0.149,0,2660,0,0.0
8HJEY89H,HGST_20HUH721212ALN604,GRU,0.149,0,2558,0,0.0
8HJG85RH,HGST_20HUH721212ALN604,GRU,0.149,0,2558,0,0.0
8HJGZPXH,HGST_20HUH721212ALN604,GRU,0.149,0,2665,0,0.0
8HJH62EH,HGST_20HUH721212ALN604,GRU,0.149,0,2665,0,0.0
8HJH8RWH,HGST_20HUH721212ALN604,GRU,0.149,0,2558,0,0.0
8HJK2HSH,HGST_20HUH721212ALN604,GRU,0.149,0,2665,0,0.0
8HJLKZRH,HGST_20HUH721212ALN604,GRU,0.149,0,2665,0,0.0
8HJRD7PH,HGST_20HUH721212ALN604,GRU,0.149,0,2558,0,0.0
8HJRUMWH,HGST_20HUH721212ALN604,GRU,0.149,0,2665,0,0.0
8HJRVW4H,HGST_20HUH721212ALN604,GRU,0.149,0,2665,0,0.0
8HJUGTVH,HGST_20HUH721212ALN604,GRU,0.149,0,2665,0,0.0
8HJVJKPH,HGST_20HUH721212ALN604,GRU,0.149,0,2665,0,0.0
8HJVUAGH,HGST_20HUH721212ALN604,GRU,0.149,0,2665,0,0.0
8HJWBJXH,HGST_20HUH721212ALN604,GRU,0.149,0,2665,0,0.0
8HJWHD6H,HGST_20HUH721212ALN604,GRU,0.149,0,2665,0,0.0
8HJWHEJH,HGST_20HUH721212ALN604,GRU,0.149,0,2531,0,0.0
8HJXG0WH,HGST_20HUH721212ALN604,GRU,0.149,1,1260,0,0.0
8HJXKBDH,HGST_20HUH721212ALN604,GRU,0.149,0,2558,0,0.0
8HJXU87H,HGST_20HUH721212ALN604,GRU,0.149,0,2665,0,0.0
8HJY20MH,HGST_20HUH721212ALN604,GRU,0.149,0,2665,0,0.0
8HJYTXWH,HGST_20HUH721212ALN604,GRU,0.149,0,2665,0,0.0
8HJYU0JH,HGST_20HUH721212ALN604,GRU,0.149,0,2660,0,0.0
8HJYZNZH,HGST_20HUH721212ALN604,GRU,0.149,0,2665,0,0.0
8HJZ13TH,HGST_20HUH721212ALN604,GRU,0.149,0,2665,0,0.0
8HJZADEH,HGST_20HUH721212ALN604,GRU,0.149,0,2665,0,0.0
8HJZEG6H,HGST_20HUH721212ALN604,GRU,0.149,1,1830,0,0.0
8HJZG4AH,HGST_20HUH721212ALN604,GRU,0.149,0,2665,0,0.0
8HJZNVWH,HGST_20HUH721212ALN604,GRU,0.149,0,2660,0,0.0
8HK087WH,HGST_20HUH721212ALN604,GRU,0.149,0,2665,0,0.0
8HK0HH3H,HGST_20HUH721212ALN604,GRU,0.149,0,2665,0,0.0
8HK12NNH,HGST_20HUH721212ALN604,GRU,0.149,0,2665,0,0.0
8HK17SKH,HGST_20HUH721212ALN604,GRU,0.149,0,2665,1,0.000375234521575985
8HK17SWH,HGST_20HUH721212ALN604,GRU,0.149,0,2665,0,0.0
8HK17SYH,HGST_20HUH721212ALN604,GRU,0.149,0,1574,0,0.0
8HK19K9H,HGST_20HUH721212ALN604,GRU,0.149,0,2665,0,0.0
8HK19KVH,HGST_20HUH721212ALN604,GRU,0.149,0,2665,0,0.0
8HK1KY3H,HGST_20HUH721212ALN604,GRU,0.149,0,2665,0,0.0
8HK1LYPH,HGST_20HUH721212ALN604,GRU,0.149,0,2665,0,0.0
8HK1N18H,HGST_20HUH721212ALN604,GRU,0.149,0,2665,0,0.0
8HK1PV7H,HGST_20HUH721212ALN604,GRU,0.149,0,2665,0,0.0
8HK1UULH,HGST_20HUH721212ALN604,GRU,0.149,0,2665,0,0.0
8HK1XAAH,HGST_20HUH721212ALN604,GRU,0.149,1,1076,0,0.0
8HK224GH,HGST_20HUH721212ALN604,GRU,0.149,0,2665,0,0.0
8HK25XSH,HGST_20HUH721212ALN604,GRU,0.149,0,2665,0,0.0
8HK266WH,HGST_20HUH721212ALN604,GRU,0.149,0,2665,0,0.0
8HK28TJH,HGST_20HUH721212ALN604,GRU,0.149,0,2665,0,0.0
8HK28Y0H,HGST_20HUH721212ALN604,GRU,0.149,0,2665,0,0.0
8HK2A1EH,HGST_20HUH721212ALN604,GRU,0.149,0,2466,0,0.0
8HK2BA6H,HGST_20HUH721212ALN604,GRU,0.149,0,2665,0,0.0
8HK2BAEH,HGST_20HUH721212ALN604,GRU,0.149,0,2665,0,0.0
8HK2DVKH,HGST_20HUH721212ALN604,GRU,0.149,0,2665,0,0.0
8HK2JXUH,HGST_20HUH721212ALN604,GRU,0.149,0,2531,0,0.0
8HK2KY6H,HGST_20HUH721212ALN604,GRU,0.149,0,2659,0,0.0
8HK2MXPH,HGST_20HUH721212ALN604,GRU,0.149,0,2665,0,0.0
8HK2RMWH,HGST_20HUH721212ALN604,GRU,0.149,0,2665,0,0.0
8HK2RNWH,HGST_20HUH721212ALN604,GRU,0.149,0,2665,0,0.0
8HK2RP9H,HGST_20HUH721212ALN604,GRU,0.149,0,2665,0,0.0
8HK2VLMH,HGST_20HUH721212ALN604,GRU,0.149,0,2665,0,0.0
8HK2X4YH,HGST_20HUH721212ALN604,GRU,0.149,0,2665,0,0.0
8HK2ZPDH,HGST_20HUH721212ALN604,GRU,0.149,0,2494,0,0.0
8HK2ZT1H,HGST_20HUH721212ALN604,GRU,0.149,0,2665,0,0.0
8HK31WMH,HGST_20HUH721212ALN604,GRU,0.149,0,2494,0,0.0
8HK31Y8H,HGST_20HUH721212ALN604,GRU,0.149,0,2665,0,0.0
8HK341ZH,HGST_20HUH721212ALN604,GRU,0.149,0,2665,0,0.0
8HK34EZH,HGST_20HUH721212ALN604,GRU,0.149,0,2665,0,0.0
8HK3BWZH,HGST_20HUH721212ALN604,GRU,0.149,0,2665,0,0.0
8HK3GTLH,HGST_20HUH721212ALN604,GRU,0.149,0,2665,0,0.0
8HK3GUXH,HGST_20HUH721212ALN604,GRU,0.149,0,2665,0,0.0
8HK3MMSH,HGST_20HUH721212ALN604,GRU,0.149,0,2665,0,0.0
8HK3NG2H,HGST_20HUH721212ALN604,GRU,0.149,0,2660,0,0.0
8HK3NJMH,HGST_20HUH721212ALN604,GRU,0.149,0,2665,0,0.0
8HK41HEH,HGST_20HUH721212ALN604,GRU,0.149,0,2665,0,0.0
8HK69BMH,HGST_20HUH721212ALN604,GRU,0.149,0,2558,0,0.0
8HK6T2AH,HGST_20HUH721212ALN604,GRU,0.149,0,2665,0,0.0
8HK6TL7H,HGST_20HUH721212ALN604,GRU,0.149,0,2665,0,0.0
8HK6UUDH,HGST_20HUH721212ALN604,GRU,0.149,0,2531,0,0.0
8HK6V14H,HGST_20HUH721212ALN604,GRU,0.149,0,2665,0,0.0
8HK6VSKH,HGST_20HUH721212ALN604,GRU,0.149,1,1944,5,0.00257201646090535
8HK70X7H,HGST_20HUH721212ALN604,GRU,0.149,0,2665,0,0.0
8HK7194H,HGST_20HUH721212ALN604,GRU,0.149,0,2665,0,0.0
8HK72J0H,HGST_20HUH721212ALN604,GRU,0.149,0,2665,0,0.0
8HK7DKMH,HGST_20HUH721212ALN604,GRU,0.149,0,2557,0,0.0
8HK7E5DH,HGST_20HUH721212ALN604,GRU,0.149,0,2665,0,0.0
8HK7E68H,HGST_20HUH721212ALN604,GRU,0.149,0,2665,0,0.0
8HK7H58H,HGST_20HUH721212ALN604,GRU,0.149,0,2665,0,0.0
8HK80P1H,HGST_20HUH721212ALN604,GRU,0.149,0,2613,0,0.0
8HKB2WEH,HGST_20HUH721212ALN604,GRU,0.149,0,2613,0,0.0
8HKB3M2H,HGST_20HUH721212ALN604,GRU,0.149,0,2613,0,0.0
8HKB4R4H,HGST_20HUH721212ALN604,GRU,0.149,0,2494,0,0.0
8HKBBKKH,HGST_20HUH721212ALN604,GRU,0.149,0,2665,0,0.0
8HKBYNVH,HGST_20HUH721212ALN604,GRU,0.149,0,2494,0,0.0
8HKE039H,HGST_20HUH721212ALN604,GRU,0.149,0,2665,0,0.0
8HKE6E1H,HGST_20HUH721212ALN604,GRU,0.149,0,2613,0,0.0
8HKE8S7H,HGST_20HUH721212ALN604,GRU,0.149,0,2613,0,0.0
8HKEAWEH,HGST_20HUH721212ALN604,GRU,0.149,0,2466,0,0.0
8HKEKYRH,HGST_20HUH721212ALN604,GRU,0.149,0,2466,0,0.0
8HKG0GWH,HGST_20HUH721212ALN604,GRU,0.149,0,2613,0,0.0
8HKHPZHH,HGST_20HUH721212ALN604,GRU,0.149,0,2466,0,0.0
8HKJ4MAH,HGST_20HUH721212ALN604,GRU,0.149,0,2552,0,0.0
8HKJ5KDH,HGST_20HUH721212ALN604,GRU,0.149,1,2420,0,0.0
8HKL6STH,HGST_20HUH721212ALN604,GRU,0.149,0,2557,0,0.0
8HKLRUSH,HGST_20HUH721212ALN604,GRU,0.149,0,2558,0,0.0
8HKM415H,HGST_20HUH721212ALN604,GRU,0.149,0,2558,0,0.0
8HKM5RVH,HGST_20HUH721212ALN604,GRU,0.149,0,2531,0,0.0
8HKM654H,HGST_20HUH721212ALN604,GRU,0.149,0,2531,0,0.0
8HKM9Z1H,HGST_20HUH721212ALN604,GRU,0.149,0,2531,0,0.0
8HKMR21H,HGST_20HUH721212ALN604,GRU,0.149,1,525,0,0.0
8HKNMW1H,HGST_20HUH721212ALN604,GRU,0.149,0,2494,0,0.0
8HKNN28H,HGST_20HUH721212ALN604,GRU,0.149,0,2466,0,0.0
8HKPM7RH,HGST_20HUH721212ALN604,GRU,0.149,0,2557,0,0.0
8HKPZY9H,HGST_20HUH721212ALN604,GRU,0.149,1,1966,8,0.004069175991861648
8HKRER2H,HGST_20HUH721212ALN604,GRU,0.149,0,2466,0,0.0
8HKS4X3H,HGST_20HUH721212ALN604,GRU,0.149,0,2557,0,0.0
8HKTBA3H,HGST_20HUH721212ALN604,GRU,0.149,1,2033,0,0.0
8HKTE54H,HGST_20HUH721212ALN604,GRU,0.149,0,2558,0,0.0
8HKTH2SH,HGST_20HUH721212ALN604,GRU,0.149,1,1733,0,0.0
8HKTK0XH,HGST_20HUH721212ALN604,GRU,0.149,0,2613,0,0.0
8HKU0DXH,HGST_20HUH721212ALN604,GRU,0.149,0,2558,0,0.0
8HKU3YTH,HGST_20HUH721212ALN604,GRU,0.149,1,1950,5,0.002564102564102564
8HKU4WXH,HGST_20HUH721212ALN604,GRU,0.149,0,2613,0,0.0
8HKUEJHH,HGST_20HUH721212ALN604,GRU,0.149,1,2221,0,0.0
8HKVW60H,HGST_20HUH721212ALN604,GRU,0.149,0,2531,0,0.0
8HKW4NPH,HGST_20HUH721212ALN604,GRU,0.149,0,2466,0,0.0
8HKWV1GH,HGST_20HUH721212ALN604,GRU,0.149,0,2613,0,0.0
8HKWXJYH,HGST_20HUH721212ALN604,GRU,0.149,0,2531,0,0.0
8HKY0KHH,HGST_20HUH721212ALN604,GRU,0.149,1,1902,217,0.11409043112513144
8HKY66PH,HGST_20HUH721212ALN604,GRU,0.149,0,2558,0,0.0
8HKYJ38H,HGST_20HUH721212ALN604,GRU,0.149,0,2531,0,0.0
8HKYZ6YH,HGST_20HUH721212ALN604,GRU,0.149,0,2531,0,0.0
8HKZ213H,HGST_20HUH721212ALN604,GRU,0.149,0,2613,0,0.0
8HKZDBRH,HGST_20HUH721212ALN604,GRU,0.149,0,2466,0,0.0
8HKZL75H,HGST_20HUH721212ALN604,GRU,0.149,0,2380,0,0.0
AAG0EXPH,HGST_20HUH721212ALN604,GRU,0.149,0,2613,0,0.0
AAG0LHRH,HGST_20HUH721212ALN604,GRU,0.149,0,2613,0,0.0
AAG121VH,HGST_20HUH721212ALN604,GRU,0.149,0,2558,0,0.0
AAG16VPH,HGST_20HUH721212ALN604,GRU,0.149,0,2613,0,0.0
AAG18L0H,HGST_20HUH721212ALN604,GRU,0.149,0,2531,0,0.0
AAG18MEH,HGST_20HUH721212ALN604,GRU,0.149,0,2558,0,0.0
AAG197UH,HGST_20HUH721212ALN604,GRU,0.149,0,2466,0,0.0
AAG1LSNH,HGST_20HUH721212ALN604,GRU,0.149,1,2399,0,0.0
AAG1LSVH,HGST_20HUH721212ALN604,GRU,0.149,0,2613,0,0.0
AAG1LW3H,HGST_20HUH721212ALN604,GRU,0.149,1,2065,0,0.0
AAG1PLVH,HGST_20HUH721212ALN604,GRU,0.149,0,2531,0,0.0
AAG1PM9H,HGST_20HUH721212ALN604,GRU,0.149,0,2531,0,0.0
AAG1RJAH,HGST_20HUH721212ALN604,GRU,0.149,0,2531,0,0.0
AAG1RK5H,HGST_20HUH721212ALN604,GRU,0.149,0,2613,0,0.0
AAG1RR9H,HGST_20HUH721212ALN604,GRU,0.149,0,2531,0,0.0
AAG1RUJH,HGST_20HUH721212ALN604,GRU,0.149,0,2531,0,0.0
AAG1TGGH,HGST_20HUH721212ALN604,GRU,0.149,0,2613,0,0.0
AAG1VJYH,HGST_20HUH721212ALN604,GRU,0.149,0,2531,0,0.0
AAG1VNPH,HGST_20HUH721212ALN604,GRU,0.149,0,2613,0,0.0
AAG1Z4AH,HGST_20HUH721212ALN604,GRU,0.149,0,2393,0,0.0
AAG23A2H,HGST_20HUH721212ALN604,GRU,0.149,0,2613,0,0.0
AAG23AKH,HGST_20HUH721212ALN604,GRU,0.149,0,2613,0,0.0
AAG23AVH,HGST_20HUH721212ALN604,GRU,0.149,0,2531,0,0.0
AAG246TH,HGST_20HUH721212ALN604,GRU,0.149,0,2466,0,0.0
AAG24UVH,HGST_20HUH721212ALN604,GRU,0.149,0,2613,0,0.0
AAG24VXH,HGST_20HUH721212ALN604,GRU,0.149,0,2613,0,0.0
AAG26NBH,HGST_20HUH721212ALN604,GRU,0.149,1,1667,0,0.0
AAG26TPH,HGST_20HUH721212ALN604,GRU,0.149,0,2531,0,0.0
AAG26U9H,HGST_20HUH721212ALN604,GRU,0.149,1,1336,0,0.0
AAG27VEH,HGST_20HUH721212ALN604,GRU,0.149,0,2531,0,0.0
AAG27W2H,HGST_20HUH721212ALN604,GRU,0.149,0,2558,0,0.0
AAG27XPH,HGST_20HUH721212ALN604,GRU,0.149,1,2385,0,0.0
AAG27ZLH,HGST_20HUH721212ALN604,GRU,0.149,0,2531,0,0.0
AAG281TH,HGST_20HUH721212ALN604,GRU,0.149,1,2025,0,0.0
AAG2GGJH,HGST_20HUH721212ALN604,GRU,0.149,0,2466,0,0.0
AAG2JGJH,HGST_20HUH721212ALN604,GRU,0.149,1,2447,0,0.0
AAG2JL4H,HGST_20HUH721212ALN604,GRU,0.149,0,2613,0,0.0
AAG2RZJH,HGST_20HUH721212ALN604,GRU,0.149,0,2531,0,0.0
AAG2S62H,HGST_20HUH721212ALN604,GRU,0.149,0,2531,0,0.0
AAG2S9YH,HGST_20HUH721212ALN604,GRU,0.149,0,2466,0,0.0
AAG2SAYH,HGST_20HUH721212ALN604,GRU,0.149,0,2392,0,0.0
AAG2SJ3H,HGST_20HUH721212ALN604,GRU,0.149,0,2393,0,0.0
AAG2VSVH,HGST_20HUH721212ALN604,GRU,0.149,0,2531,0,0.0
AAG2Y6JH,HGST_20HUH721212ALN604,GRU,0.149,0,2531,0,0.0
AAG2Z67H,HGST_20HUH721212ALN604,GRU,0.149,0,2466,0,0.0
AAG2ZU1H,HGST_20HUH721212ALN604,GRU,0.149,0,2466,0,0.0
AAG305AH,HGST_20HUH721212ALN604,GRU,0.149,0,2466,0,0.0
AAG306GH,HGST_20HUH721212ALN604,GRU,0.149,0,2613,0,0.0
AAG34Z4H,HGST_20HUH721212ALN604,GRU,0.149,0,2613,0,0.0
AAG350BH,HGST_20HUH721212ALN604,GRU,0.149,0,2531,9,0.0035559067562228367
AAG350TH,HGST_20HUH721212ALN604,GRU,0.149,0,2531,0,0.0
AAG3512H,HGST_20HUH721212ALN604,GRU,0.149,0,2531,0,0.0
AAG352AH,HGST_20HUH721212ALN604,GRU,0.149,0,2466,0,0.0
AAG353EH,HGST_20HUH721212ALN604,GRU,0.149,0,2613,0,0.0
AAG35LWH,HGST_20HUH721212ALN604,GRU,0.149,0,2613,4,0.0015308075009567547
AAG401PH,HGST_20HUH721212ALN604,GRU,0.149,0,2613,0,0.0
AAG46YHH,HGST_20HUH721212ALN604,GRU,0.149,0,2531,0,0.0
AAG477BH,HGST_20HUH721212ALN604,GRU,0.149,0,2613,0,0.0
AAG478DH,HGST_20HUH721212ALN604,GRU,0.149,0,2531,0,0.0
AAG48B3H,HGST_20HUH721212ALN604,GRU,0.149,0,2557,0,0.0
AAG4AA9H,HGST_20HUH721212ALN604,GRU,0.149,0,2558,0,0.0
AAG4VESH,HGST_20HUH721212ALN604,GRU,0.149,0,2558,147,0.05746677091477717
AAG4Z4YH,HGST_20HUH721212ALN604,GRU,0.149,0,2558,0,0.0
AAG4Z52H,HGST_20HUH721212ALN604,GRU,0.149,0,2557,0,0.0
AAG4Z5AH,HGST_20HUH721212ALN604,GRU,0.149,1,2261,35,0.015479876160990712
AAG4ZABH,HGST_20HUH721212ALN604,GRU,0.149,0,2558,0,0.0
AAG51RHH,HGST_20HUH721212ALN604,GRU,0.149,0,2613,0,0.0
AAG540GH,HGST_20HUH721212ALN604,GRU,0.149,0,2531,0,0.0
AAG5DTTH,HGST_20HUH721212ALN604,GRU,0.149,0,2531,0,0.0
AAG5Y4DH,HGST_20HUH721212ALN604,GRU,0.149,0,2613,0,0.0
AAG5Y4LH,HGST_20HUH721212ALN604,GRU,0.149,0,2613,0,0.0
AAG5Y4TH,HGST_20HUH721212ALN604,GRU,0.149,0,2613,0,0.0
AAG5Y4UH,HGST_20HUH721212ALN604,GRU,0.149,0,2613,0,0.0
AAG5Y5UH,HGST_20HUH721212ALN604,GRU,0.149,0,2613,0,0.0
AAG5YJ4H,HGST_20HUH721212ALN604,GRU,0.149,0,2531,0,0.0
AAG5YLKH,HGST_20HUH721212ALN604,GRU,0.149,0,2558,0,0.0
AAG5YYBH,HGST_20HUH721212ALN604,GRU,0.149,0,2613,0,0.0
AAG5YYKH,HGST_20HUH721212ALN604,GRU,0.149,1,2444,12,0.004909983633387889
AAG5YZ8H,HGST_20HUH721212ALN604,GRU,0.149,0,2531,0,0.0
AAG5YZZH,HGST_20HUH721212ALN604,GRU,0.149,1,2343,0,0.0
AAG613MH,HGST_20HUH721212ALN604,GRU,0.149,0,2613,0,0.0
AAG613RH,HGST_20HUH721212ALN604,GRU,0.149,1,2345,0,0.0
AAG61KPH,HGST_20HUH721212ALN604,GRU,0.149,0,2531,0,0.0
AAG61LHH,HGST_20HUH721212ALN604,GRU,0.149,1,1905,148,0.07769028871391076
AAG61NEH,HGST_20HUH721212ALN604,GRU,0.149,0,2613,0,0.0
AAG61NZH,HGST_20HUH721212ALN604,GRU,0.149,0,2531,0,0.0
AAG61P2H,HGST_20HUH721212ALN604,GRU,0.149,0,2558,0,0.0
AAG61UMH,HGST_20HUH721212ALN604,GRU,0.149,0,2613,0,0.0
AAG61WRH,HGST_20HUH721212ALN604,GRU,0.149,0,2558,0,0.0
AAG61Z1H,HGST_20HUH721212ALN604,GRU,0.149,0,2613,0,0.0
AAG61ZAH,HGST_20HUH721212ALN604,GRU,0.149,0,2558,0,0.0
AAG620PH,HGST_20HUH721212ALN604,GRU,0.149,0,2531,0,0.0
AAG621WH,HGST_20HUH721212ALN604,GRU,0.149,0,2613,0,0.0
AAG623DH,HGST_20HUH721212ALN604,GRU,0.149,0,2613,0,0.0
AAG6376H,HGST_20HUH721212ALN604,GRU,0.149,0,2531,0,0.0
AAG637RH,HGST_20HUH721212ALN604,GRU,0.149,1,1233,0,0.0
AAG6381H,HGST_20HUH721212ALN604,GRU,0.149,0,2613,0,0.0
AAG638GH,HGST_20HUH721212ALN604,GRU,0.149,0,2613,0,0.0
AAG639BH,HGST_20HUH721212ALN604,GRU,0.149,0,2613,0,0.0
AAG63DLH,HGST_20HUH721212ALN604,GRU,0.149,0,2527,0,0.0
AAG63JSH,HGST_20HUH721212ALN604,GRU,0.149,0,2557,0,0.0
AAG63PJH,HGST_20HUH721212ALN604,GRU,0.149,0,2531,0,0.0
AAG63PKH,HGST_20HUH721212ALN604,GRU,0.149,1,1179,12,0.010178117048346057
AAG63PLH,HGST_20HUH721212ALN604,GRU,0.149,0,2558,0,0.0
AAG63RGH,HGST_20HUH721212ALN604,GRU,0.149,0,2558,0,0.0
AAG63TMH,HGST_20HUH721212ALN604,GRU,0.149,1,2373,226,0.09523809523809523
AAG63TSH,HGST_20HUH721212ALN604,GRU,0.149,0,2531,0,0.0
AAG63V6H,HGST_20HUH721212ALN604,GRU,0.149,0,2531,0,0.0
AAG63WHH,HGST_20HUH721212ALN604,GRU,0.149,1,2522,1,0.0003965107057890563
AAG63Z8H,HGST_20HUH721212ALN604,GRU,0.149,1,2404,16,0.0066555740432612314
AAG6417H,HGST_20HUH721212ALN604,GRU,0.149,1,1925,8,0.004155844155844156
AAG6436H,HGST_20HUH721212ALN604,GRU,0.149,0,2466,0,0.0
AAG64VXH,HGST_20HUH721212ALN604,GRU,0.149,0,2613,0,0.0
AAG6509H,HGST_20HUH721212ALN604,GRU,0.149,0,2531,0,0.0
AAG67UZH,HGST_20HUH721212ALN604,GRU,0.149,0,2531,0,0.0
AAG67V3H,HGST_20HUH721212ALN604,GRU,0.149,1,2304,5,0.002170138888888889
AAG67VBH,HGST_20HUH721212ALN604,GRU,0.149,0,2531,0,0.0
AAG67W3H,HGST_20HUH721212ALN604,GRU,0.149,0,2558,0,0.0
AAG67Z8H,HGST_20HUH721212ALN604,GRU,0.149,0,2466,0,0.0
AAG682YH,HGST_20HUH721212ALN604,GRU,0.149,1,1926,26,0.013499480789200415
AAG683JH,HGST_20HUH721212ALN604,GRU,0.149,0,2558,0,0.0
AAG686GH,HGST_20HUH721212ALN604,GRU,0.149,0,2557,0,0.0
AAG6870H,HGST_20HUH721212ALN604,GRU,0.149,0,2613,0,0.0
AAG6878H,HGST_20HUH721212ALN604,GRU,0.149,0,2613,0,0.0
AAG687GH,HGST_20HUH721212ALN604,GRU,0.149,0,2558,0,0.0
AAG687MH,HGST_20HUH721212ALN604,GRU,0.149,0,2531,0,0.0
AAG68AGH,HGST_20HUH721212ALN604,GRU,0.149,0,2466,0,0.0
AAG68AKH,HGST_20HUH721212ALN604,GRU,0.149,0,2551,0,0.0
AAG68AUH,HGST_20HUH721212ALN604,GRU,0.149,0,2613,0,0.0
AAG68AXH,HGST_20HUH721212ALN604,GRU,0.149,0,2531,0,0.0
AAG68BRH,HGST_20HUH721212ALN604,GRU,0.149,0,2608,0,0.0
AAG68EWH,HGST_20HUH721212ALN604,GRU,0.149,1,1548,0,0.0
AAG68EXH,HGST_20HUH721212ALN604,GRU,0.149,1,1993,0,0.0
AAG68KVH,HGST_20HUH721212ALN604,GRU,0.149,0,2613,0,0.0
AAG691PH,HGST_20HUH721212ALN604,GRU,0.149,0,2466,0,0.0
AAG691VH,HGST_20HUH721212ALN604,GRU,0.149,0,2613,0,0.0
AAG69LHH,HGST_20HUH721212ALN604,GRU,0.149,0,2466,0,0.0
AAG69TTH,HGST_20HUH721212ALN604,GRU,0.149,0,2558,0,0.0
AAG69WWH,HGST_20HUH721212ALN604,GRU,0.149,0,2613,0,0.0
AAG69YWH,HGST_20HUH721212ALN604,GRU,0.149,0,2557,0,0.0
AAG6A03H,HGST_20HUH721212ALN604,GRU,0.149,0,2557,0,0.0
AAG6A07H,HGST_20HUH721212ALN604,GRU,0.149,0,2558,0,0.0
AAG6A0AH,HGST_20HUH721212ALN604,GRU,0.149,0,2613,0,0.0
AAG6AATH,HGST_20HUH721212ALN604,GRU,0.149,0,2466,0,0.0
AAG6AV4H,HGST_20HUH721212ALN604,GRU,0.149,0,2558,0,0.0
AAG6AWTH,HGST_20HUH721212ALN604,GRU,0.149,1,1930,0,0.0
AAG6AX6H,HGST_20HUH721212ALN604,GRU,0.149,0,2513,0,0.0
AAG6B4HH,HGST_20HUH721212ALN604,GRU,0.149,0,2531,0,0.0
AAG6B5KH,HGST_20HUH721212ALN604,GRU,0.149,0,2531,0,0.0
AAG6DT9H,HGST_20HUH721212ALN604,GRU,0.149,1,56,0,0.0
AAG6DVEH,HGST_20HUH721212ALN604,GRU,0.149,0,2558,0,0.0
AAG6DXTH,HGST_20HUH721212ALN604,GRU,0.149,0,2613,0,0.0
AAG6E2HH,HGST_20HUH721212ALN604,GRU,0.149,0,2531,0,0.0
AAG6E60H,HGST_20HUH721212ALN604,GRU,0.149,0,2558,0,0.0
AAG6E7EH,HGST_20HUH721212ALN604,GRU,0.149,0,2531,0,0.0
AAG6E7RH,HGST_20HUH721212ALN604,GRU,0.149,0,2551,0,0.0
AAG6ESPH,HGST_20HUH721212ALN604,GRU,0.149,0,2613,0,0.0
AAG6EVRH,HGST_20HUH721212ALN604,GRU,0.149,0,2613,0,0.0
AAG6EX3H,HGST_20HUH721212ALN604,GRU,0.149,0,2613,0,0.0
AAG6GM1H,HGST_20HUH721212ALN604,GRU,0.149,0,2531,0,0.0
AAG6H25H,HGST_20HUH721212ALN604,GRU,0.149,0,2558,0,0.0
AAG6HG0H,HGST_20HUH721212ALN604,GRU,0.149,0,2552,0,0.0
AAG6HSEH,HGST_20HUH721212ALN604,GRU,0.149,0,2557,0,0.0
AAG6HYXH,HGST_20HUH721212ALN604,GRU,0.149,0,2557,0,0.0
AAG6J1MH,HGST_20HUH721212ALN604,GRU,0.149,0,2613,0,0.0
AAG6J1TH,HGST_20HUH721212ALN604,GRU,0.149,1,2396,0,0.0
AAG6J2DH,HGST_20HUH721212ALN604,GRU,0.149,1,1743,0,0.0
AAG6J2KH,HGST_20HUH721212ALN604,GRU,0.149,1,1749,250,0.1429388221841052
AAG6KJ6H,HGST_20HUH721212ALN604,GRU,0.149,0,2531,0,0.0
AAG6KJPH,HGST_20HUH721212ALN604,GRU,0.149,0,2531,0,0.0
AAG6KTJH,HGST_20HUH721212ALN604,GRU,0.149,0,2557,0,0.0
AAG6KTRH,HGST_20HUH721212ALN604,GRU,0.149,0,2613,0,0.0
AAG6KUAH,HGST_20HUH721212ALN604,GRU,0.149,0,2580,17,0.006589147286821705
AAG6KUJH,HGST_20HUH721212ALN604,GRU,0.149,0,2558,0,0.0
AAG6KV6H,HGST_20HUH721212ALN604,GRU,0.149,1,1003,0,0.0
AAG6L88H,HGST_20HUH721212ALN604,GRU,0.149,0,2531,0,0.0
AAG6L8VH,HGST_20HUH721212ALN604,GRU,0.149,0,2531,8,0.0031608060055314103
AAG6LD7H,HGST_20HUH721212ALN604,GRU,0.149,1,2300,0,0.0
AAG6LDTH,HGST_20HUH721212ALN604,GRU,0.149,0,2531,0,0.0
AAG6LEHH,HGST_20HUH721212ALN604,GRU,0.149,0,2552,0,0.0
AAG6LEJH,HGST_20HUH721212ALN604,GRU,0.149,0,2558,0,0.0
AAG6LG9H,HGST_20HUH721212ALN604,GRU,0.149,0,2613,0,0.0
AAG6LTSH,HGST_20HUH721212ALN604,GRU,0.149,0,2558,0,0.0
AAG6M3BH,HGST_20HUH721212ALN604,GRU,0.149,0,2557,0,0.0
AAG6M8TH,HGST_20HUH721212ALN604,GRU,0.149,0,2613,0,0.0
AAG6MABH,HGST_20HUH721212ALN604,GRU,0.149,0,2494,0,0.0
AAG6NEEH,HGST_20HUH721212ALN604,GRU,0.149,0,2531,0,0.0
AAG6NP0H,HGST_20HUH721212ALN604,GRU,0.149,1,2033,132,0.06492867683226758
AAG6NPRH,HGST_20HUH721212ALN604,GRU,0.149,1,2540,9,0.003543307086614173
AAG6NRBH,HGST_20HUH721212ALN604,GRU,0.149,1,1926,28,0.014537902388369679
AAG6NRZH,HGST_20HUH721212ALN604,GRU,0.149,0,2531,0,0.0
AAG6NS8H,HGST_20HUH721212ALN604,GRU,0.149,0,2069,0,0.0
AAG6NSKH,HGST_20HUH721212ALN604,GRU,0.149,0,2613,0,0.0
AAG6NVKH,HGST_20HUH721212ALN604,GRU,0.149,0,2613,0,0.0
AAG6NW3H,HGST_20HUH721212ALN604,GRU,0.149,0,2466,0,0.0
AAG6P40H,HGST_20HUH721212ALN604,GRU,0.149,0,2613,0,0.0
AAG6P42H,HGST_20HUH721212ALN604,GRU,0.149,0,2558,0,0.0
AAG6P4EH,HGST_20HUH721212ALN604,GRU,0.149,0,2531,0,0.0
AAG6P9AH,HGST_20HUH721212ALN604,GRU,0.149,0,2558,0,0.0
AAG6PWBH,HGST_20HUH721212ALN604,GRU,0.149,0,2557,0,0.0
AAG6PY2H,HGST_20HUH721212ALN604,GRU,0.149,0,2613,0,0.0
AAG6PYLH,HGST_20HUH721212ALN604,GRU,0.149,0,2466,0,0.0
AAG6R0AH,HGST_20HUH721212ALN604,GRU,0.149,0,2466,0,0.0
AAG6R2RH,HGST_20HUH721212ALN604,GRU,0.149,0,2558,0,0.0
AAG6R32H,HGST_20HUH721212ALN604,GRU,0.149,0,2558,0,0.0
AAG6R48H,HGST_20HUH721212ALN604,GRU,0.149,0,2531,0,0.0
AAG6R8UH,HGST_20HUH721212ALN604,GRU,0.149,0,2531,0,0.0
AAG6T4ZH,HGST_20HUH721212ALN604,GRU,0.149,0,2531,0,0.0
AAG6T52H,HGST_20HUH721212ALN604,GRU,0.149,1,1471,0,0.0
AAG6T55H,HGST_20HUH721212ALN604,GRU,0.149,0,2466,0,0.0
AAG6T5JH,HGST_20HUH721212ALN604,GRU,0.149,0,2482,0,0.0
AAG6T7LH,HGST_20HUH721212ALN604,GRU,0.149,0,2558,0,0.0
AAG6T9NH,HGST_20HUH721212ALN604,GRU,0.149,0,2466,0,0.0
AAG6TA8H,HGST_20HUH721212ALN604,GRU,0.149,0,2613,0,0.0
AAG6TAHH,HGST_20HUH721212ALN604,GRU,0.149,0,2466,0,0.0
AAG6TAKH,HGST_20HUH721212ALN604,GRU,0.149,0,2466,0,0.0
AAG6TBBH,HGST_20HUH721212ALN604,GRU,0.149,0,2531,0,0.0
AAG6TBJH,HGST_20HUH721212ALN604,GRU,0.149,0,2613,0,0.0
AAG6THHH,HGST_20HUH721212ALN604,GRU,0.149,0,2466,0,0.0
AAG6THJH,HGST_20HUH721212ALN604,GRU,0.149,0,2466,0,0.0
AAG6THLH,HGST_20HUH721212ALN604,GRU,0.149,0,2494,0,0.0
AAG6TRKH,HGST_20HUH721212ALN604,GRU,0.149,0,2494,0,0.0
AAG6TS8H,HGST_20HUH721212ALN604,GRU,0.149,0,2466,0,0.0
AAG6TSUH,HGST_20HUH721212ALN604,GRU,0.149,0,2531,0,0.0
AAG6TT1H,HGST_20HUH721212ALN604,GRU,0.149,0,2482,0,0.0
AAG6TT9H,HGST_20HUH721212ALN604,GRU,0.149,0,2531,0,0.0
AAG6TTNH,HGST_20HUH721212ALN604,GRU,0.149,0,2613,0,0.0
AAG6TUVH,HGST_20HUH721212ALN604,GRU,0.149,0,2466,0,0.0
AAG6TVPH,HGST_20HUH721212ALN604,GRU,0.149,0,2531,0,0.0
AAG6TY4H,HGST_20HUH721212ALN604,GRU,0.149,0,2466,0,0.0
AAG6U5AH,HGST_20HUH721212ALN604,GRU,0.149,0,2558,0,0.0
AAG6UKNH,HGST_20HUH721212ALN604,GRU,0.149,0,2531,0,0.0
AAG6UMGH,HGST_20HUH721212ALN604,GRU,0.149,0,2613,0,0.0
AAG6UMJH,HGST_20HUH721212ALN604,GRU,0.149,0,2613,0,0.0
AAG6UNKH,HGST_20HUH721212ALN604,GRU,0.149,0,2459,7,0.0028466856445709637
AAG6US4H,HGST_20HUH721212ALN604,GRU,0.149,0,2558,0,0.0
AAG6UT0H,HGST_20HUH721212ALN604,GRU,0.149,0,2466,0,0.0
AAG6UU8H,HGST_20HUH721212ALN604,GRU,0.149,0,2613,0,0.0
AAG6UZTH,HGST_20HUH721212ALN604,GRU,0.149,0,2531,0,0.0
AAG6V1MH,HGST_20HUH721212ALN604,GRU,0.149,0,2531,0,0.0
AAG6V71H,HGST_20HUH721212ALN604,GRU,0.149,0,2558,0,0.0
AAG6V7DH,HGST_20HUH721212ALN604,GRU,0.149,0,2558,0,0.0
AAG6V7VH,HGST_20HUH721212ALN604,GRU,0.149,0,2558,0,0.0
AAG6VHXH,HGST_20HUH721212ALN604,GRU,0.149,0,2466,0,0.0
AAG6VJKH,HGST_20HUH721212ALN604,GRU,0.149,0,2531,0,0.0
AAG6VM8H,HGST_20HUH721212ALN604,GRU,0.149,0,2531,0,0.0
AAG6VMBH,HGST_20HUH721212ALN604,GRU,0.149,0,2558,0,0.0
AAG6VMGH,HGST_20HUH721212ALN604,GRU,0.149,0,2558,0,0.0
AAG6X6JH,HGST_20HUH721212ALN604,GRU,0.149,0,2531,0,0.0
AAG6XU7H,HGST_20HUH721212ALN604,GRU,0.149,1,386,62,0.16062176165803108
AAG6XWGH,HGST_20HUH721212ALN604,GRU,0.149,0,2558,0,0.0
AAG6XWJH,HGST_20HUH721212ALN604,GRU,0.149,1,2200,0,0.0
AAG6XXWH,HGST_20HUH721212ALN604,GRU,0.149,0,2613,0,0.0
AAG6XYBH,HGST_20HUH721212ALN604,GRU,0.149,0,2466,0,0.0
AAG6XYNH,HGST_20HUH721212ALN604,GRU,0.149,0,2466,0,0.0
AAG6XZ6H,HGST_20HUH721212ALN604,GRU,0.149,0,2531,0,0.0
AAG6XZNH,HGST_20HUH721212ALN604,GRU,0.149,0,2466,0,0.0
AAG6Y0GH,HGST_20HUH721212ALN604,GRU,0.149,0,2558,0,0.0
AAG6Y0KH,HGST_20HUH721212ALN604,GRU,0.149,0,2613,0,0.0
AAG6Y1BH,HGST_20HUH721212ALN604,GRU,0.149,0,2557,0,0.0
AAG6Y3LH,HGST_20HUH721212ALN604,GRU,0.149,0,2531,0,0.0
AAG6Y3UH,HGST_20HUH721212ALN604,GRU,0.149,0,2466,0,0.0
AAG6Y41H,HGST_20HUH721212ALN604,GRU,0.149,0,2613,0,0.0
AAG6Y46H,HGST_20HUH721212ALN604,GRU,0.149,0,2466,0,0.0
AAG6YZ1H,HGST_20HUH721212ALN604,GRU,0.149,0,2531,0,0.0
AAG6YZ9H,HGST_20HUH721212ALN604,GRU,0.149,0,2613,0,0.0
AAG6Z0DH,HGST_20HUH721212ALN604,GRU,0.149,0,2613,0,0.0
AAG6Z17H,HGST_20HUH721212ALN604,GRU,0.149,0,2466,0,0.0
AAG6Z1MH,HGST_20HUH721212ALN604,GRU,0.149,0,2558,0,0.0
AAG6Z1XH,HGST_20HUH721212ALN604,GRU,0.149,0,2558,0,0.0
AAG6Z2DH,HGST_20HUH721212ALN604,GRU,0.149,0,2558,0,0.0
AAG6Z2RH,HGST_20HUH721212ALN604,GRU,0.149,0,2466,0,0.0
AAG6Z42H,HGST_20HUH721212ALN604,GRU,0.149,1,2151,0,0.0
AAG6Z4VH,HGST_20HUH721212ALN604,GRU,0.149,0,2558,0,0.0
AAG6Z53H,HGST_20HUH721212ALN604,GRU,0.149,0,2482,0,0.0
AAG6ZJ9H,HGST_20HUH721212ALN604,GRU,0.149,0,2558,0,0.0
AAG705GH,HGST_20HUH721212ALN604,GRU,0.149,0,2558,0,0.0
AAG7078H,HGST_20HUH721212ALN604,GRU,0.149,0,2494,0,0.0
AAG70HDH,HGST_20HUH721212ALN604,GRU,0.149,0,2613,0,0.0
AAG70JEH,HGST_20HUH721212ALN604,GRU,0.149,0,2466,0,0.0
AAG70U9H,HGST_20HUH721212ALN604,GRU,0.149,0,2613,0,0.0
AAG73ZWH,HGST_20HUH721212ALN604,GRU,0.149,0,2613,0,0.0
AAG73ZZH,HGST_20HUH721212ALN604,GRU,0.149,0,2531,0,0.0
AAG740EH,HGST_20HUH721212ALN604,GRU,0.149,0,2613,0,0.0
AAG740NH,HGST_20HUH721212ALN604,GRU,0.149,0,2466,0,0.0
AAG740WH,HGST_20HUH721212ALN604,GRU,0.149,0,2558,0,0.0
AAG740YH,HGST_20HUH721212ALN604,GRU,0.149,0,2527,0,0.0
AAG741PH,HGST_20HUH721212ALN604,GRU,0.149,0,2531,0,0.0
AAG742EH,HGST_20HUH721212ALN604,GRU,0.149,0,2531,0,0.0
AAG742JH,HGST_20HUH721212ALN604,GRU,0.149,0,2466,0,0.0
AAG742WH,HGST_20HUH721212ALN604,GRU,0.149,0,2613,0,0.0
AAG7431H,HGST_20HUH721212ALN604,GRU,0.149,0,2613,0,0.0
AAG743EH,HGST_20HUH721212ALN604,GRU,0.149,0,2466,0,0.0
AAG743UH,HGST_20HUH721212ALN604,GRU,0.149,0,2613,0,0.0
AAG743VH,HGST_20HUH721212ALN604,GRU,0.149,0,2613,0,0.0
AAG7454H,HGST_20HUH721212ALN604,GRU,0.149,0,2531,0,0.0
AAG74DKH,HGST_20HUH721212ALN604,GRU,0.149,0,2494,0,0.0
AAG74EAH,HGST_20HUH721212ALN604,GRU,0.149,1,2277,549,0.24110671936758893
AAG74EBH,HGST_20HUH721212ALN604,GRU,0.149,0,2531,0,0.0
AAG74EYH,HGST_20HUH721212ALN604,GRU,0.149,0,2466,0,0.0
AAG74EZH,HGST_20HUH721212ALN604,GRU,0.149,0,2466,0,0.0
AAG74VHH,HGST_20HUH721212ALN604,GRU,0.149,0,2558,0,0.0
AAG74WRH,HGST_20HUH721212ALN604,GRU,0.149,0,2466,0,0.0
AAG76HYH,HGST_20HUH721212ALN604,GRU,0.149,1,943,31,0.032873806998939555
AAG77A5H,HGST_20HUH721212ALN604,GRU,0.149,0,2466,0,0.0
AAG799NH,HGST_20HUH721212ALN604,GRU,0.149,0,2557,0,0.0
AAG79B0H,HGST_20HUH721212ALN604,GRU,0.149,0,2531,0,0.0
AAG7A8EH,HGST_20HUH721212ALN604,GRU,0.149,0,2466,0,0.0
AAG7A9KH,HGST_20HUH721212ALN604,GRU,0.149,0,2613,0,0.0
AAG7ADMH,HGST_20HUH721212ALN604,GRU,0.149,0,2482,0,0.0
AAG7AGWH,HGST_20HUH721212ALN604,GRU,0.149,0,2494,0,0.0
AAG7AHMH,HGST_20HUH721212ALN604,GRU,0.149,0,2466,0,0.0
AAG7BP3H,HGST_20HUH721212ALN604,GRU,0.149,0,2466,0,0.0
AAG7BPKH,HGST_20HUH721212ALN604,GRU,0.149,0,2466,0,0.0
AAG7BRGH,HGST_20HUH721212ALN604,GRU,0.149,0,2613,0,0.0
AAG7BS8H,HGST_20HUH721212ALN604,GRU,0.149,0,2558,0,0.0
AAG7BWAH,HGST_20HUH721212ALN604,GRU,0.149,0,2531,0,0.0
AAG7D1SH,HGST_20HUH721212ALN604,GRU,0.149,0,2466,0,0.0
AAG7D29H,HGST_20HUH721212ALN604,GRU,0.149,0,2531,0,0.0
AAG7D2PH,HGST_20HUH721212ALN604,GRU,0.149,0,2466,0,0.0
AAG7D48H,HGST_20HUH721212ALN604,GRU,0.149,0,2466,0,0.0
AAG7D4DH,HGST_20HUH721212ALN604,GRU,0.149,0,2558,0,0.0
AAG7D85H,HGST_20HUH721212ALN604,GRU,0.149,0,2466,0,0.0
AAG7DPYH,HGST_20HUH721212ALN604,GRU,0.149,0,2558,0,0.0
AAG7DRDH,HGST_20HUH721212ALN604,GRU,0.149,0,2558,0,0.0
AAG7DS9H,HGST_20HUH721212ALN604,GRU,0.149,0,2558,0,0.0
AAG7DW0H,HGST_20HUH721212ALN604,GRU,0.149,0,2494,0,0.0
AAG7E1MH,HGST_20HUH721212ALN604,GRU,0.149,0,2558,0,0.0
AAG7E1PH,HGST_20HUH721212ALN604,GRU,0.149,0,2613,0,0.0
AAG7E2HH,HGST_20HUH721212ALN604,GRU,0.149,0,2557,0,0.0
AAG7LG4H,HGST_20HUH721212ALN604,GRU,0.149,0,2558,0,0.0
AAG7LG7H,HGST_20HUH721212ALN604,GRU,0.149,0,2482,0,0.0
AAG7LHYH,HGST_20HUH721212ALN604,GRU,0.149,0,2531,0,0.0
AAG7LNAH,HGST_20HUH721212ALN604,GRU,0.149,0,2466,0,0.0
AAG7LSWH,HGST_20HUH721212ALN604,GRU,0.149,0,2613,0,0.0
AAG7LTHH,HGST_20HUH721212ALN604,GRU,0.149,1,1946,1,0.0005138746145940391
AAG7LZEH,HGST_20HUH721212ALN604,GRU,0.149,0,2557,0,0.0
AAG7M25H,HGST_20HUH721212ALN604,GRU,0.149,0,2466,0,0.0
AAG7M3NH,HGST_20HUH721212ALN604,GRU,0.149,0,2466,0,0.0
AAG7M3TH,HGST_20HUH721212ALN604,GRU,0.149,0,2531,0,0.0
AAG7MMDH,HGST_20HUH721212ALN604,GRU,0.149,0,2482,0,0.0
AAG7MP8H,HGST_20HUH721212ALN604,GRU,0.149,0,2466,0,0.0
AAG7MULH,HGST_20HUH721212ALN604,GRU,0.149,1,2553,34,0.013317665491578536
AAG7MUNH,HGST_20HUH721212ALN604,GRU,0.149,0,823,0,0.0
AAG7MVMH,HGST_20HUH721212ALN604,GRU,0.149,0,2557,0,0.0
AAG7N3ZH,HGST_20HUH721212ALN604,GRU,0.149,0,2531,0,0.0
AAG7N5WH,HGST_20HUH721212ALN604,GRU,0.149,0,2531,0,0.0
AAG7N62H,HGST_20HUH721212ALN604,GRU,0.149,0,2466,0,0.0
AAG7N63H,HGST_20HUH721212ALN604,GRU,0.149,0,2531,0,0.0
AAG7N6MH,HGST_20HUH721212ALN604,GRU,0.149,0,2494,0,0.0
AAG7PPHH,HGST_20HUH721212ALN604,GRU,0.149,1,2389,0,0.0
AAG7R02H,HGST_20HUH721212ALN604,GRU,0.149,0,2466,0,0.0
AAG7R5VH,HGST_20HUH721212ALN604,GRU,0.149,0,2466,0,0.0
AAG7R93H,HGST_20HUH721212ALN604,GRU,0.149,0,2466,0,0.0
AAG7RA1H,HGST_20HUH721212ALN604,GRU,0.149,0,2613,0,0.0
AAG7RAMH,HGST_20HUH721212ALN604,GRU,0.149,0,2557,0,0.0
AAG7RBDH,HGST_20HUH721212ALN604,GRU,0.149,0,2494,0,0.0
AAG90D8H,HGST_20HUH721212ALN604,GRU,0.149,0,2494,0,0.0
AAG9VK6H,HGST_20HUH721212ALN604,GRU,0.149,0,2557,0,0.0
AAGA4YNH,HGST_20HUH721212ALN604,GRU,0.149,0,2466,0,0.0
AAGA7W1H,HGST_20HUH721212ALN604,GRU,0.149,1,1503,0,0.0
AAGA9E3H,HGST_20HUH721212ALN604,GRU,0.149,0,2494,0,0.0
AAGH3VWH,HGST_20HUH721212ALN604,GRU,0.149,0,2471,0,0.0
AAGMU4TH,HGST_20HUH721212ALN604,GRU,0.149,0,2494,0,0.0
AAGN9D2H,HGST_20HUH721212ALN604,GRU,0.149,1,1598,0,0.0
AAGP62KH,HGST_20HUH721212ALN604,GRU,0.149,0,2466,0,0.0
AAGUS87H,HGST_20HUH721212ALN604,GRU,0.149,0,2392,0,0.0
AAGVX4UH,HGST_20HUH721212ALN604,GRU,0.149,0,2494,0,0.0
AAGWTB0H,HGST_20HUH721212ALN604,GRU,0.149,0,2455,0,0.0
AAGXDBZH,HGST_20HUH721212ALN604,GRU,0.149,0,2482,15,0.0060435132957292505
AAGXLP2H,HGST_20HUH721212ALN604,GRU,0.149,0,2466,0,0.0
AAGXMJSH,HGST_20HUH721212ALN604,GRU,0.149,0,2494,0,0.0
AAGXU8YH,HGST_20HUH721212ALN604,GRU,0.149,0,2482,0,0.0
AAGXUBRH,HGST_20HUH721212ALN604,GRU,0.149,0,2494,0,0.0
AAGXV97H,HGST_20HUH721212ALN604,GRU,0.149,0,719,0,0.0
AAGXW8VH,HGST_20HUH721212ALN604,GRU,0.149,0,2392,0,0.0
AAGXWUWH,HGST_20HUH721212ALN604,GRU,0.149,0,2494,0,0.0
AAGXY3MH,HGST_20HUH721212ALN604,GRU,0.149,1,2156,0,0.0
AAH22T7H,HGST_20HUH721212ALN604,GRU,0.149,0,2494,0,0.0
AAH4NTGH,HGST_20HUH721212ALN604,GRU,0.149,0,2494,0,0.0
AAH6DU2H,HGST_20HUH721212ALN604,GRU,0.149,0,2385,22,0.009224318658280923
AAH78SAH,HGST_20HUH721212ALN604,GRU,0.149,0,2494,0,0.0
AAH7HJSH,HGST_20HUH721212ALN604,GRU,0.149,0,2494,0,0.0
AAH7HKHH,HGST_20HUH721212ALN604,GRU,0.149,0,2494,0,0.0
AAH7HNDH,HGST_20HUH721212ALN604,GRU,0.149,0,2494,0,0.0
AAH7X19H,HGST_20HUH721212ALN604,GRU,0.149,0,2494,0,0.0
AAH86SEH,HGST_20HUH721212ALN604,GRU,0.149,0,2494,0,0.0
AAH8BLDH,HGST_20HUH721212ALN604,GRU,0.149,0,2494,0,0.0
AAH8HPVH,HGST_20HUH721212ALN604,GRU,0.149,0,2494,0,0.0
AAH8LPUH,HGST_20HUH721212ALN604,GRU,0.149,0,2494,0,0.0
AAH8P7WH,HGST_20HUH721212ALN604,GRU,0.149,0,2471,0,0.0
AAH8R0LH,HGST_20HUH721212ALN604,GRU,0.149,0,2494,0,0.0
AAH8RG4H,HGST_20HUH721212ALN604,GRU,0.149,0,2494,0,0.0
AAH8V76H,HGST_20HUH721212ALN604,GRU,0.149,0,2494,0,0.0
AAH8V7KH,HGST_20HUH721212ALN604,GRU,0.149,0,2494,0,0.0
AAH90NAH,HGST_20HUH721212ALN604,GRU,0.149,1,1447,0,0.0
AAH919BH,HGST_20HUH721212ALN604,GRU,0.149,0,2494,0,0.0
AAH9285H,HGST_20HUH721212ALN604,GRU,0.149,0,2494,0,0.0
AAH92GHH,HGST_20HUH721212ALN604,GRU,0.149,0,2494,0,0.0
AAH92HRH,HGST_20HUH721212ALN604,GRU,0.149,0,2494,0,0.0
AAH92JGH,HGST_20HUH721212ALN604,GRU,0.149,0,2494,0,0.0
AAH92V3H,HGST_20HUH721212ALN604,GRU,0.149,0,2494,0,0.0
AAH9301H,HGST_20HUH721212ALN604,GRU,0.149,1,1695,0,0.0
AAH9305H,HGST_20HUH721212ALN604,GRU,0.149,0,2494,0,0.0
AAH9307H,HGST_20HUH721212ALN604,GRU,0.149,1,1437,0,0.0
AAH93MDH,HGST_20HUH721212ALN604,GRU,0.149,0,2494,0,0.0
AAH93RZH,HGST_20HUH721212ALN604,GRU,0.149,0,2494,0,0.0
AAH953TH,HGST_20HUH721212ALN604,GRU,0.149,0,2494,0,0.0
AAH9618H,HGST_20HUH721212ALN604,GRU,0.149,0,2494,0,0.0
AAH9689H,HGST_20HUH721212ALN604,GRU,0.149,0,2494,0,0.0
AAH96AUH,HGST_20HUH721212ALN604,GRU,0.149,0,2494,0,0.0
AAH97BZH,HGST_20HUH721212ALN604,GRU,0.149,0,2346,3,0.0012787723785166241
AAH99PNH,HGST_20HUH721212ALN604,GRU,0.149,0,2494,0,0.0
AAH9BERH,HGST_20HUH721212ALN604,GRU,0.149,0,2494,0,0.0
AAHAS1MH,HGST_20HUH721212ALN604,GRU,0.149,0,2471,0,0.0
AAHAS9TH,HGST_20HUH721212ALN604,GRU,0.149,0,2471,0,0.0
AAHB6YXH,HGST_20HUH721212ALN604,GRU,0.149,0,2471,0,0.0
AAHB8Z9H,HGST_20HUH721212ALN604,GRU,0.149,0,2471,0,0.0
AAHBKUHH,HGST_20HUH721212ALN604,GRU,0.149,0,2471,0,0.0
AAHD7S9H,HGST_20HUH721212ALN604,GRU,0.149,0,2479,0,0.0
AAHDJD5H,HGST_20HUH721212ALN604,GRU,0.149,0,2471,0,0.0
AAHDJDSH,HGST_20HUH721212ALN604,GRU,0.149,0,2471,0,0.0
AAHDJH3H,HGST_20HUH721212ALN604,GRU,0.149,0,2459,0,0.0
AAHDUS5H,HGST_20HUH721212ALN604,GRU,0.149,0,2471,0,0.0
AAHDUT6H,HGST_20HUH721212ALN604,GRU,0.149,0,2471,0,0.0
AAHDYR0H,HGST_20HUH721212ALN604,GRU,0.149,0,2471,0,0.0
AAHE23AH,HGST_20HUH721212ALN604,GRU,0.149,0,2471,0,0.0
AAHE4SAH,HGST_20HUH721212ALN604,GRU,0.149,0,2471,0,0.0
AAHEAGWH,HGST_20HUH721212ALN604,GRU,0.149,0,2471,0,0.0
AAHEAHLH,HGST_20HUH721212ALN604,GRU,0.149,0,2471,0,0.0
AAHED32H,HGST_20HUH721212ALN604,GRU,0.149,0,2471,0,0.0
AAHED3GH,HGST_20HUH721212ALN604,GRU,0.149,0,2471,0,0.0
AAHED8NH,HGST_20HUH721212ALN604,GRU,0.149,0,2463,0,0.0
AAHED98H,HGST_20HUH721212ALN604,GRU,0.149,0,2471,0,0.0
AAHEEVKH,HGST_20HUH721212ALN604,GRU,0.149,0,2471,0,0.0
AAHEHEEH,HGST_20HUH721212ALN604,GRU,0.149,0,2471,0,0.0
AAHEHHMH,HGST_20HUH721212ALN604,GRU,0.149,0,2467,0,0.0
AAHEHJ0H,HGST_20HUH721212ALN604,GRU,0.149,0,2466,0,0.0
AAHEHJ1H,HGST_20HUH721212ALN604,GRU,0.149,0,2471,0,0.0
AAHEHL5H,HGST_20HUH721212ALN604,GRU,0.149,0,2471,0,0.0
AAHEHP8H,HGST_20HUH721212ALN604,GRU,0.149,0,2471,0,0.0
AAHEHRSH,HGST_20HUH721212ALN604,GRU,0.149,0,2471,0,0.0
AAHEHS0H,HGST_20HUH721212ALN604,GRU,0.149,0,2471,0,0.0
AAHEHTDH,HGST_20HUH721212ALN604,GRU,0.149,0,2471,0,0.0
AAHEHTNH,HGST_20HUH721212ALN604,GRU,0.149,0,2471,0,0.0
AAHEHTPH,HGST_20HUH721212ALN604,GRU,0.149,0,2471,0,0.0
AAHEHVUH,HGST_20HUH721212ALN604,GRU,0.149,0,2471,0,0.0
AAHEHY7H,HGST_20HUH721212ALN604,GRU,0.149,0,2471,0,0.0
AAHEHZ2H,HGST_20HUH721212ALN604,GRU,0.149,0,2471,0,0.0
AAHEHZPH,HGST_20HUH721212ALN604,GRU,0.149,0,2471,0,0.0
AAHEHZXH,HGST_20HUH721212ALN604,GRU,0.149,0,2471,0,0.0
AAHEJ43H,HGST_20HUH721212ALN604,GRU,0.149,0,2462,0,0.0
AAHEJ4KH,HGST_20HUH721212ALN604,GRU,0.149,0,2471,0,0.0
AAHEJ76H,HGST_20HUH721212ALN604,GRU,0.149,0,2471,0,0.0
AAHEJDXH,HGST_20HUH721212ALN604,GRU,0.149,0,2471,0,0.0
AAHEJE4H,HGST_20HUH721212ALN604,GRU,0.149,0,2471,0,0.0
AAHEJHKH,HGST_20HUH721212ALN604,GRU,0.149,0,2471,0,0.0
AAHGYKJH,HGST_20HUH721212ALN604,GRU,0.149,1,1808,0,0.0
AAHH59AH,HGST_20HUH721212ALN604,GRU,0.149,0,2392,0,0.0
AAHHAXAH,HGST_20HUH721212ALN604,GRU,0.149,0,2393,0,0.0
AAHHXJ2H,HGST_20HUH721212ALN604,GRU,0.149,0,2393,0,0.0
AAHJG5XH,HGST_20HUH721212ALN604,GRU,0.149,0,2392,0,0.0
AAHJP8BH,HGST_20HUH721212ALN604,GRU,0.149,0,2466,0,0.0
AAHK5PUH,HGST_20HUH721212ALN604,GRU,0.149,0,2466,0,0.0
AAHK8NRH,HGST_20HUH721212ALN604,GRU,0.149,0,2393,0,0.0
AAHKERJH,HGST_20HUH721212ALN604,GRU,0.149,1,2346,0,0.0
AAHKKR8H,HGST_20HUH721212ALN604,GRU,0.149,0,2392,0,0.0
AAHKLDKH,HGST_20HUH721212ALN604,GRU,0.149,0,2466,0,0.0
AAHKM55H,HGST_20HUH721212ALN604,GRU,0.149,1,2051,0,0.0
AAHKMW2H,HGST_20HUH721212ALN604,GRU,0.149,1,957,0,0.0
AAHKS17H,HGST_20HUH721212ALN604,GRU,0.149,1,2215,0,0.0
AAHKWLAH,HGST_20HUH721212ALN604,GRU,0.149,0,2392,304,0.12709030100334448
AAHKX43H,HGST_20HUH721212ALN604,GRU,0.149,1,104,0,0.0
AAHKXKYH,HGST_20HUH721212ALN604,GRU,0.149,0,2393,0,0.0
AAHKXLYH,HGST_20HUH721212ALN604,GRU,0.149,0,2392,0,0.0
AAHKXNHH,HGST_20HUH721212ALN604,GRU,0.149,0,2392,0,0.0
AAHKXZ7H,HGST_20HUH721212ALN604,GRU,0.149,0,2392,0,0.0
AAHKYETH,HGST_20HUH721212ALN604,GRU,0.149,0,2482,0,0.0
AAHL0PKH,HGST_20HUH721212ALN604,GRU,0.149,0,1751,0,0.0
AAHL0TLH,HGST_20HUH721212ALN604,GRU,0.149,0,2466,0,0.0
AAHL4K8H,HGST_20HUH721212ALN604,GRU,0.149,0,2482,0,0.0
AAHL5LRH,HGST_20HUH721212ALN604,GRU,0.149,1,1847,4,0.002165674066053059
AAHL9A9H,HGST_20HUH721212ALN604,GRU,0.149,0,2393,0,0.0
AAHL9XJH,HGST_20HUH721212ALN604,GRU,0.149,0,2392,0,0.0
AAHL9XLH,HGST_20HUH721212ALN604,GRU,0.149,0,2392,0,0.0
AAHL9Y3H,HGST_20HUH721212ALN604,GRU,0.149,0,2392,0,0.0
AAHL9YAH,HGST_20HUH721212ALN604,GRU,0.149,0,2392,0,0.0
AAHL9ZYH,HGST_20HUH721212ALN604,GRU,0.149,0,2392,0,0.0
AAHLBTZH,HGST_20HUH721212ALN604,GRU,0.149,1,2174,6,0.0027598896044158236
AAHLBWGH,HGST_20HUH721212ALN604,GRU,0.149,1,2205,13,0.0058956916099773245
AAHLBWSH,HGST_20HUH721212ALN604,GRU,0.149,1,1582,0,0.0
AAHLBXVH,HGST_20HUH721212ALN604,GRU,0.149,0,2281,0,0.0
AAHLD3UH,HGST_20HUH721212ALN604,GRU,0.149,1,2038,0,0.0
AAHLS5JH,HGST_20HUH721212ALN604,GRU,0.149,0,2482,0,0.0
AAHLS7ZH,HGST_20HUH721212ALN604,GRU,0.149,0,2482,0,0.0
AAHLS8YH,HGST_20HUH721212ALN604,GRU,0.149,0,2482,0,0.0
AAHLS9UH,HGST_20HUH721212ALN604,GRU,0.149,0,2482,0,0.0
AAHLV30H,HGST_20HUH721212ALN604,GRU,0.149,0,2482,0,0.0
AAHLV40H,HGST_20HUH721212ALN604,GRU,0.149,1,82,0,0.0
AAHLV47H,HGST_20HUH721212ALN604,GRU,0.149,0,2482,0,0.0
AAHLVTVH,HGST_20HUH721212ALN604,GRU,0.149,0,2471,0,0.0
AAHLWE3H,HGST_20HUH721212ALN604,GRU,0.149,0,2471,0,0.0
AAHLWKXH,HGST_20HUH721212ALN604,GRU,0.149,0,2482,0,0.0
AAHLWM3H,HGST_20HUH721212ALN604,GRU,0.149,0,2471,0,0.0
AAHLXJ1H,HGST_20HUH721212ALN604,GRU,0.149,0,2494,0,0.0
AAHLXJ9H,HGST_20HUH721212ALN604,GRU,0.149,0,2490,0,0.0
AAHLXL5H,HGST_20HUH721212ALN604,GRU,0.149,0,2393,0,0.0
AAHLXTXH,HGST_20HUH721212ALN604,GRU,0.149,0,2470,0,0.0
AAHLY01H,HGST_20HUH721212ALN604,GRU,0.149,0,2471,0,0.0
AAHLY04H,HGST_20HUH721212ALN604,GRU,0.149,0,2494,0,0.0
AAHLY2TH,HGST_20HUH721212ALN604,GRU,0.149,0,2471,0,0.0
AAHLY31H,HGST_20HUH721212ALN604,GRU,0.149,1,2174,12,0.005519779208831647
AAHLYJRH,HGST_20HUH721212ALN604,GRU,0.149,0,2471,0,0.0
AAHLYY6H,HGST_20HUH721212ALN604,GRU,0.149,0,2482,0,0.0
AAHM227H,HGST_20HUH721212ALN604,GRU,0.149,0,2393,0,0.0
AAHM4E6H,HGST_20HUH721212ALN604,GRU,0.149,0,2471,0,0.0
AAHM4HSH,HGST_20HUH721212ALN604,GRU,0.149,0,2494,0,0.0
AAHM4KJH,HGST_20HUH721212ALN604,GRU,0.149,0,2393,0,0.0
AAHM4S6H,HGST_20HUH721212ALN604,GRU,0.149,0,2494,0,0.0
AAHM4S8H,HGST_20HUH721212ALN604,GRU,0.149,0,2494,0,0.0
AAHM4SSH,HGST_20HUH721212ALN604,GRU,0.149,0,2494,0,0.0
AAHM4T2H,HGST_20HUH721212ALN604,GRU,0.149,0,2494,0,0.0
AAHM4T6H,HGST_20HUH721212ALN604,GRU,0.149,0,2393,0,0.0
AAHM4TRH,HGST_20HUH721212ALN604,GRU,0.149,0,2393,0,0.0
AAHM4UYH,HGST_20HUH721212ALN604,GRU,0.149,0,2494,0,0.0
AAHM4WBH,HGST_20HUH721212ALN604,GRU,0.149,0,2482,0,0.0
AAHM4WEH,HGST_20HUH721212ALN604,GRU,0.149,0,2494,0,0.0
AAHM4XGH,HGST_20HUH721212ALN604,GRU,0.149,0,2392,0,0.0
AAHM5Z4H,HGST_20HUH721212ALN604,GRU,0.149,0,2494,0,0.0
AAHM5Z9H,HGST_20HUH721212ALN604,GRU,0.149,0,2494,0,0.0
AAHM5ZHH,HGST_20HUH721212ALN604,GRU,0.149,0,2494,0,0.0
AAHMD6GH,HGST_20HUH721212ALN604,GRU,0.149,0,2494,0,0.0
AAHME7KH,HGST_20HUH721212ALN604,GRU,0.149,0,2482,0,0.0
AAHMGV8H,HGST_20HUH721212ALN604,GRU,0.149,0,2471,0,0.0
AAHMH4LH,HGST_20HUH721212ALN604,GRU,0.149,0,2494,0,0.0
AAHML65H,HGST_20HUH721212ALN604,GRU,0.149,0,2469,0,0.0
AAHMN38H,HGST_20HUH721212ALN604,GRU,0.149,0,2482,0,0.0
AAHMR03H,HGST_20HUH721212ALN604,GRU,0.149,1,2387,13,0.005446166736489317
AAHMR2ZH,HGST_20HUH721212ALN604,GRU,0.149,1,1722,0,0.0
AAHMSNRH,HGST_20HUH721212ALN604,GRU,0.149,0,2482,0,0.0
AAHMUYLH,HGST_20HUH721212ALN604,GRU,0.149,0,2482,0,0.0
AAHMW6RH,HGST_20HUH721212ALN604,GRU,0.149,0,2482,0,0.0
AAHMW7NH,HGST_20HUH721212ALN604,GRU,0.149,0,2482,0,0.0
