serial_number,has_failed,alarm_triggered,first_alarm_date,actual_failure_date,days_to_failure_at_alarm,category,is_hit,is_fp_early,is_fp_cens,is_false_alarm,is_miss,is_correct_rejection,max_predicted_score,alarm_predicted_score,first_seen_date,days_since_observed,threshold_used
2AG61PSY,0,0,,,,Censored No Alarm,0,0,0,0,0,1,0.00047967201680876315,,2019-05-27,,0.121
2AG8AVRY,0,0,,,,Censored No Alarm,0,0,0,0,0,1,0.0008958238177001476,,2019-08-14,,0.121
2AGEGU7Y,0,0,,,,Censored No Alarm,0,0,0,0,0,1,0.001588250044733286,,2019-05-27,,0.121
2AGEU1JY,0,1,2025-05-20,,,Censored Early,0,0,1,1,0,0,0.21631532907485962,0.1926826685667038,2019-06-01,2180.0,0.121
2AGG48NY,0,0,,,,Censored No Alarm,0,0,0,0,0,1,0.00042048798059113324,,2019-05-27,,0.121
2AGG7H1Y,0,0,,,,Censored No Alarm,0,0,0,0,0,1,0.0005909241735935211,,2019-05-27,,0.121
2AGGHGJY,1,1,2024-11-19,2024-11-19,0.0,On time,1,0,0,0,0,0,0.12141262739896774,0.12141262739896774,2019-05-16,2014.0,0.121
2AGGHLEY,0,0,,,,Censored No Alarm,0,0,0,0,0,1,0.0010907629039138556,,2019-06-01,,0.121
2AGGHM0Y,0,0,,,,Censored No Alarm,0,0,0,0,0,1,0.00044483531382866204,,2019-05-27,,0.121
2AGGHMUY,0,0,,,,Censored No Alarm,0,0,0,0,0,1,0.0012298690853640437,,2019-05-16,,0.121
2AGGHR1Y,0,0,,,,Censored No Alarm,0,0,0,0,0,1,0.0029131423216313124,,2019-05-27,,0.121
2AGGHR7Y,0,0,,,,Censored No Alarm,0,0,0,0,0,1,0.0005218250444158912,,2019-05-27,,0.121
2AGGL0UY,1,0,,2022-02-27,,Missed,0,0,0,0,1,0,0.006591376382857561,,2019-05-27,,0.121
2AGGR3NY,0,0,,,,Censored No Alarm,0,0,0,0,0,1,0.020035412162542343,,2019-05-27,,0.121
2AGGZNJY,0,0,,,,Censored No Alarm,0,0,0,0,0,1,0.0021068649366497993,,2019-05-27,,0.121
2AGH31BY,1,0,,2023-11-01,,Missed,0,0,0,0,1,0,0.0458206981420517,,2019-05-27,,0.121
2AGH31PY,1,0,,2024-11-18,,Missed,0,0,0,0,1,0,0.041217755526304245,,2019-05-27,,0.121
2AGH33SY,1,1,2025-03-01,2025-05-08,68.0,Early,0,1,0,1,0,0,0.16679856181144714,0.12432503700256348,2019-05-27,2105.0,0.121
2AGH34HY,0,0,,,,Censored No Alarm,0,0,0,0,0,1,0.09633102267980576,,2019-05-27,,0.121
2AGH34PY,0,0,,,,Censored No Alarm,0,0,0,0,0,1,0.0010535873007029295,,2019-05-27,,0.121
2AGH35GY,0,0,,,,Censored No Alarm,0,0,0,0,0,1,0.0006009938661009073,,2019-05-27,,0.121
2AGHB9XY,1,0,,2024-12-02,,Missed,0,0,0,0,1,0,0.02037505805492401,,2019-05-27,,0.121
2AGHDYHY,0,0,,,,Censored No Alarm,0,0,0,0,0,1,0.0018820927944034338,,2019-05-27,,0.121
2AGHEP9Y,1,0,,2024-07-26,,Missed,0,0,0,0,1,0,0.022006234154105186,,2019-05-27,,0.121
2AGHGR1Y,0,0,,,,Censored No Alarm,0,0,0,0,0,1,0.0019115481991320848,,2019-05-27,,0.121
2AGHGRLY,0,0,,,,Censored No Alarm,0,0,0,0,0,1,0.0010806091595441103,,2019-05-27,,0.121
2AGHGRRY,0,0,,,,Censored No Alarm,0,0,0,0,0,1,0.0007576766074635088,,2019-05-27,,0.121
2AGHJD4Y,0,1,2025-08-16,,,Censored Early,0,0,1,1,0,0,0.24076636135578156,0.12218151986598969,2019-06-01,2268.0,0.121
2AGHK55Y,0,0,,,,Censored No Alarm,0,0,0,0,0,1,0.0007778854924254119,,2019-05-27,,0.121
2AGHK8MY,0,0,,,,Censored No Alarm,0,0,0,0,0,1,0.0009329798631370068,,2019-05-27,,0.121
2AGHLEUY,1,0,,2023-11-06,,Missed,0,0,0,0,1,0,0.02666330523788929,,2019-05-27,,0.121
2AGHLGTY,1,0,,2025-08-05,,Missed,0,0,0,0,1,0,0.10131034255027771,,2019-05-27,,0.121
2AGHLKHY,0,0,,,,Censored No Alarm,0,0,0,0,0,1,0.00251451856456697,,2019-05-27,,0.121
2AGHLMXY,0,0,,,,Censored No Alarm,0,0,0,0,0,1,0.0016629962483420968,,2019-05-27,,0.121
2AGHLN0Y,0,0,,,,Censored No Alarm,0,0,0,0,0,1,0.0008162385784089565,,2019-05-27,,0.121
2AGHMUTY,0,0,,,,Censored No Alarm,0,0,0,0,0,1,0.0007731030927971005,,2019-05-27,,0.121
2AGHMUYY,0,0,,,,Censored No Alarm,0,0,0,0,0,1,0.0020738295279443264,,2019-06-01,,0.121
2AGHMW5Y,0,0,,,,Censored No Alarm,0,0,0,0,0,1,0.0252147875726223,,2019-05-27,,0.121
2AGHMXGY,1,0,,2023-05-14,,Missed,0,0,0,0,1,0,0.016509661450982094,,2019-05-27,,0.121
2AGHMYTY,0,0,,,,Censored No Alarm,0,0,0,0,0,1,0.026322444900870323,,2019-05-27,,0.121
2AGHMZMY,0,0,,,,Censored No Alarm,0,0,0,0,0,1,0.0010187973966822028,,2019-05-27,,0.121
2AGHN0TY,1,1,2020-08-24,2020-10-22,59.0,Early,0,1,0,1,0,0,0.5253387689590454,0.14498664438724518,2019-05-27,455.0,0.121
2AGHN0WY,0,0,,,,Censored No Alarm,0,0,0,0,0,1,0.002211921848356724,,2019-05-27,,0.121
2AGHN16Y,0,0,,,,Censored No Alarm,0,0,0,0,0,1,0.0006664501270279288,,2019-05-27,,0.121
2AGHN2AY,0,0,,,,Censored No Alarm,0,0,0,0,0,1,0.0007815627031959593,,2019-05-27,,0.121
2AGHN3XY,0,0,,,,Censored No Alarm,0,0,0,0,0,1,0.0015824784059077501,,2019-05-27,,0.121
2AGHPDKY,0,0,,,,Censored No Alarm,0,0,0,0,0,1,0.0011131362989544868,,2019-05-27,,0.121
2AGHSJ4Y,0,0,,,,Censored No Alarm,0,0,0,0,0,1,0.0004418719036038965,,2019-05-27,,0.121
2AGHSS9Y,0,0,,,,Censored No Alarm,0,0,0,0,0,1,0.0015179674373939633,,2019-05-27,,0.121
2AGHTBYY,1,1,2023-09-19,2025-01-25,494.0,Early,0,1,0,1,0,0,0.3520905375480652,0.12838059663772583,2019-05-27,1576.0,0.121
2AGHTGEY,1,1,2023-02-08,2023-03-14,34.0,Early,0,1,0,1,0,0,0.28736376762390137,0.12324061244726181,2019-05-27,1353.0,0.121
2AGHTKBY,0,0,,,,Censored No Alarm,0,0,0,0,0,1,0.013974363915622234,,2019-05-27,,0.121
2AGLY65Y,1,0,,2023-11-20,,Missed,0,0,0,0,1,0,0.010132568888366222,,2019-08-13,,0.121
2AGM231Y,0,0,,,,Censored No Alarm,0,0,0,0,0,1,0.001225296058692038,,2019-05-04,,0.121
2AGM23NY,0,0,,,,Censored No Alarm,0,0,0,0,0,1,0.0012254624161869287,,2019-05-04,,0.121
2AGM5UVY,0,0,,,,Censored No Alarm,0,0,0,0,0,1,0.07888467609882355,,2019-05-16,,0.121
2AGM5V7Y,1,1,2024-12-21,2025-12-05,349.0,Early,0,1,0,1,0,0,0.4536164402961731,0.12383817881345749,2019-05-16,2046.0,0.121
2AGM5VBY,0,0,,,,Censored No Alarm,0,0,0,0,0,1,0.07295458018779755,,2019-05-16,,0.121
2AGM5VHY,1,0,,2025-01-18,,Missed,0,0,0,0,1,0,0.0013638435630127788,,2019-08-14,,0.121
2AGM5W9Y,1,0,,2025-01-16,,Missed,0,0,0,0,1,0,0.024952983483672142,,2019-05-16,,0.121
2AGM5YEY,0,0,,,,Censored No Alarm,0,0,0,0,0,1,0.011833270080387592,,2019-05-04,,0.121
2AGM8EMY,1,0,,2024-10-29,,Missed,0,0,0,0,1,0,0.047837503254413605,,2019-05-16,,0.121
2AGM8EUY,0,0,,,,Censored No Alarm,0,0,0,0,0,1,0.0014115524245426059,,2019-05-27,,0.121
2AGM8J2Y,0,0,,,,Censored No Alarm,0,0,0,0,0,1,0.0008866391726769507,,2019-05-16,,0.121
2AGM8JAY,0,0,,,,Censored No Alarm,0,0,0,0,0,1,0.0010489987907931209,,2019-05-16,,0.121
2AGM8LNY,0,1,2024-10-25,,,Censored Early,0,0,1,1,0,0,0.15455764532089233,0.14218220114707947,2019-05-04,2001.0,0.121
2AGM8RJY,0,0,,,,Censored No Alarm,0,0,0,0,0,1,0.011242227628827095,,2019-08-13,,0.121
2AGM8RTY,0,0,,,,Censored No Alarm,0,0,0,0,0,1,0.02555476315319538,,2019-05-16,,0.121
2AGM8UNY,1,1,2025-10-18,2026-03-12,145.0,Early,0,1,0,1,0,0,0.43546223640441895,0.15093491971492767,2019-08-13,2258.0,0.121
2AGM8V7Y,0,0,,,,Censored No Alarm,0,0,0,0,0,1,0.0009947275975719094,,2019-05-16,,0.121
2AGM9MXY,1,0,,2025-09-21,,Missed,0,0,0,0,1,0,0.02722945436835289,,2019-05-04,,0.121
2AGM9PJY,0,0,,,,Censored No Alarm,0,0,0,0,0,1,0.032266296446323395,,2019-05-04,,0.121
2AGM9RGY,1,0,,2022-12-23,,Missed,0,0,0,0,1,0,0.0005153968231752515,,2019-05-16,,0.121
2AGM9S6Y,0,0,,,,Censored No Alarm,0,0,0,0,0,1,0.007067980710417032,,2019-05-16,,0.121
2AGM9SDY,0,0,,,,Censored No Alarm,0,0,0,0,0,1,0.0010269539197906852,,2019-05-04,,0.121
2AGM9U1Y,0,0,,,,Censored No Alarm,0,0,0,0,0,1,0.0007948905695229769,,2019-05-16,,0.121
2AGMDJKY,0,0,,,,Censored No Alarm,0,0,0,0,0,1,0.0013004234060645103,,2019-05-04,,0.121
2AGMDUAY,1,0,,2023-02-04,,Missed,0,0,0,0,1,0,0.011392139829695225,,2019-05-16,,0.121
2AGMDY1Y,0,0,,,,Censored No Alarm,0,0,0,0,0,1,0.010759267956018448,,2019-08-14,,0.121
2AGME0XY,1,1,2024-01-17,2024-05-29,133.0,Early,0,1,0,1,0,0,0.17126886546611786,0.14475329220294952,2019-05-16,1707.0,0.121
2AGME3BY,0,0,,,,Censored No Alarm,0,0,0,0,0,1,0.006139383651316166,,2019-05-16,,0.121
2AGME9PY,1,0,,2024-08-06,,Missed,0,0,0,0,1,0,0.05902295187115669,,2019-08-13,,0.121
2AGMGAYY,0,0,,,,Censored No Alarm,0,0,0,0,0,1,0.0009720247471705079,,2019-05-16,,0.121
2AGMGDPY,0,0,,,,Censored No Alarm,0,0,0,0,0,1,0.0012482634047046304,,2019-08-13,,0.121
2AGMGKLY,0,0,,,,Censored No Alarm,0,0,0,0,0,1,0.0007415005820803344,,2019-08-13,,0.121
2AGMGXEY,0,0,,,,Censored No Alarm,0,0,0,0,0,1,0.0005494244396686554,,2019-08-14,,0.121
2AGMH2YY,1,0,,2024-12-10,,Missed,0,0,0,0,1,0,0.06281621009111404,,2019-05-16,,0.121
2AGMH3JY,0,0,,,,Censored No Alarm,0,0,0,0,0,1,0.0010823584161698818,,2019-05-16,,0.121
2AGMHK6Y,0,0,,,,Censored No Alarm,0,0,0,0,0,1,0.008397359400987625,,2019-05-04,,0.121
2AGMHPEY,1,0,,2024-06-25,,Missed,0,0,0,0,1,0,0.018178395926952362,,2019-06-01,,0.121
2AGMHRYY,1,1,2024-03-16,2024-05-16,61.0,Early,0,1,0,1,0,0,0.12390498071908951,0.12181917577981949,2019-05-16,1766.0,0.121
2AGMHTLY,0,0,,,,Censored No Alarm,0,0,0,0,0,1,0.0009607368265278637,,2019-05-04,,0.121
2AGMHU7Y,1,0,,2024-07-08,,Missed,0,0,0,0,1,0,0.012914021499454975,,2019-05-04,,0.121
2AGMHVTY,0,0,,,,Censored No Alarm,0,0,0,0,0,1,0.0010230585467070341,,2019-05-16,,0.121
2AGMHWAY,1,1,2023-03-22,2023-09-22,184.0,Early,0,1,0,1,0,0,0.16901810467243195,0.1367260068655014,2019-08-14,1316.0,0.121
2AGMHXDY,1,1,2025-06-02,2025-06-02,0.0,On time,1,0,0,0,0,0,0.1356794834136963,0.1356794834136963,2019-08-13,2120.0,0.121
2AGMHY3Y,1,0,,2025-11-18,,Missed,0,0,0,0,1,0,0.011531769298017025,,2019-08-14,,0.121
2AGMHY5Y,0,0,,,,Censored No Alarm,0,0,0,0,0,1,0.0011800044449046254,,2019-08-13,,0.121
2AGMJ35Y,0,0,,,,Censored No Alarm,0,0,0,0,0,1,0.0012138983001932502,,2019-05-04,,0.121
2AGMJ3JY,0,0,,,,Censored No Alarm,0,0,0,0,0,1,0.0011178154963999987,,2019-05-16,,0.121
2AGMJ3TY,0,0,,,,Censored No Alarm,0,0,0,0,0,1,0.0008961278363130987,,2019-08-14,,0.121
2AGMJ47Y,0,0,,,,Censored No Alarm,0,0,0,0,0,1,0.0008444504346698523,,2019-06-01,,0.121
2AGMJ5BY,1,0,,2021-05-03,,Missed,0,0,0,0,1,0,0.00011372425069566816,,2019-05-04,,0.121
2AGMKV4Y,1,1,2025-12-12,2026-01-28,47.0,Early,0,1,0,1,0,0,0.5828220844268799,0.12814384698867798,2019-05-04,2414.0,0.121
2AGMKVHY,1,0,,2023-05-06,,Missed,0,0,0,0,1,0,0.09436721354722977,,2019-08-13,,0.121
2AGMKVTY,1,0,,2024-12-04,,Missed,0,0,0,0,1,0,0.06399057805538177,,2019-08-14,,0.121
2AGMLMLY,0,0,,,,Censored No Alarm,0,0,0,0,0,1,0.03540176525712013,,2019-08-14,,0.121
2AGMLSZY,1,1,2020-07-19,2020-07-30,11.0,On time,1,0,0,0,0,0,0.6177578568458557,0.12846902012825012,2019-05-16,430.0,0.121
2AGMLT7Y,0,0,,,,Censored No Alarm,0,0,0,0,0,1,0.015899093821644783,,2019-05-16,,0.121
2AGMLWNY,0,0,,,,Censored No Alarm,0,0,0,0,0,1,0.03143220767378807,,2019-08-14,,0.121
2AGMLZLY,1,0,,2026-02-11,,Missed,0,0,0,0,1,0,0.05481918528676033,,2019-05-16,,0.121
2AGMM0UY,0,1,2020-01-23,,,Censored Early,0,0,1,1,0,0,0.12386314570903778,0.12386314570903778,2019-05-16,252.0,0.121
2AGMMNKY,0,0,,,,Censored No Alarm,0,0,0,0,0,1,0.010732721537351608,,2019-06-01,,0.121
2AGMMU1Y,0,0,,,,Censored No Alarm,0,0,0,0,0,1,0.001028761500492692,,2019-05-16,,0.121
2AGMMU4Y,0,0,,,,Censored No Alarm,0,0,0,0,0,1,0.0013428361853584647,,2019-08-14,,0.121
2AGMNB7Y,1,0,,2023-03-30,,Missed,0,0,0,0,1,0,0.08652673661708832,,2019-05-16,,0.121
2AGMNBEY,0,0,,,,Censored No Alarm,0,0,0,0,0,1,0.001089415978640318,,2019-05-16,,0.121
2AGMND4Y,1,1,2025-10-11,2025-10-27,16.0,On time,1,0,0,0,0,0,0.6124818921089172,0.14350830018520355,2019-05-04,2352.0,0.121
2AGMNE1Y,1,1,2025-07-01,2025-11-26,148.0,Early,0,1,0,1,0,0,0.6113945245742798,0.14257292449474335,2019-05-16,2238.0,0.121
2AGMNEBY,1,1,2023-02-22,2024-08-05,530.0,Early,0,1,0,1,0,0,0.22085843980312347,0.1989917755126953,2019-05-04,1390.0,0.121
2AGMNG0Y,0,0,,,,Censored No Alarm,0,0,0,0,0,1,0.08470000326633453,,2019-05-16,,0.121
2AGMNJKY,1,1,2024-03-24,2025-09-29,554.0,Early,0,1,0,1,0,0,0.35173019766807556,0.12207455933094025,2019-05-16,1774.0,0.121
2AGMNM8Y,0,0,,,,Censored No Alarm,0,0,0,0,0,1,0.037208788096904755,,2019-08-14,,0.121
2AGMNMWY,1,0,,2023-05-10,,Missed,0,0,0,0,1,0,0.03426356241106987,,2019-05-16,,0.121
2AGMNTXY,0,0,,,,Censored No Alarm,0,0,0,0,0,1,0.0008961158455349505,,2019-05-16,,0.121
2AGMNUVY,0,0,,,,Censored No Alarm,0,0,0,0,0,1,0.0010830526007339358,,2019-05-04,,0.121
2AGMNWBY,0,0,,,,Censored No Alarm,0,0,0,0,0,1,0.000956701347604394,,2019-08-13,,0.121
2AGMNXRY,0,0,,,,Censored No Alarm,0,0,0,0,0,1,0.05131128057837486,,2019-08-13,,0.121
2AGMP7ZY,0,0,,,,Censored No Alarm,0,0,0,0,0,1,0.0012576730223372579,,2019-08-14,,0.121
2AGMPBWY,0,0,,,,Censored No Alarm,0,0,0,0,0,1,0.029364904388785362,,2019-05-16,,0.121
2AGMPD8Y,1,0,,2023-11-21,,Missed,0,0,0,0,1,0,0.0003953582199756056,,2019-08-13,,0.121
2AGMPK3Y,0,0,,,,Censored No Alarm,0,0,0,0,0,1,0.01595880091190338,,2019-05-04,,0.121
2AGMPL7Y,1,0,,2025-02-27,,Missed,0,0,0,0,1,0,0.10446067899465561,,2019-05-16,,0.121
2AGMPP1Y,0,0,,,,Censored No Alarm,0,0,0,0,0,1,0.005270842928439379,,2019-05-16,,0.121
2AGMPP4Y,1,1,2025-08-31,2025-09-23,23.0,On time,1,0,0,0,0,0,0.18703526258468628,0.12323048710823059,2019-05-16,2299.0,0.121
2AGMPPGY,0,0,,,,Censored No Alarm,0,0,0,0,0,1,0.0009661373333074152,,2019-05-16,,0.121
2AGMPSSY,0,0,,,,Censored No Alarm,0,0,0,0,0,1,0.0011279531754553318,,2019-05-16,,0.121
2AGMPT2Y,0,0,,,,Censored No Alarm,0,0,0,0,0,1,0.0009217383340001106,,2019-05-16,,0.121
2AGMPZ8Y,0,0,,,,Censored No Alarm,0,0,0,0,0,1,0.0010450995760038495,,2019-08-14,,0.121
2AGMS6PY,0,0,,,,Censored No Alarm,0,0,0,0,0,1,0.0004490377614274621,,2019-08-14,,0.121
2AGMSHHY,1,0,,2022-08-12,,Missed,0,0,0,0,1,0,0.00010247403406538069,,2019-05-04,,0.121
2AGMTK0Y,1,1,2025-08-30,2025-08-30,0.0,On time,1,0,0,0,0,0,0.19519352912902832,0.19519352912902832,2019-05-16,2298.0,0.121
2AGMTL0Y,1,0,,2023-04-17,,Missed,0,0,0,0,1,0,0.000701527635101229,,2019-05-04,,0.121
2AGMTXAY,0,0,,,,Censored No Alarm,0,0,0,0,0,1,0.0009705569827929139,,2019-08-13,,0.121
2AGMUBMY,0,0,,,,Censored No Alarm,0,0,0,0,0,1,0.0010931158903986216,,2019-06-01,,0.121
2AGMUBRY,1,0,,2024-08-04,,Missed,0,0,0,0,1,0,0.0019239343237131834,,2019-08-13,,0.121
2AGMV9UY,0,0,,,,Censored No Alarm,0,0,0,0,0,1,0.0012957642320543528,,2019-08-13,,0.121
2AGMVDDY,0,0,,,,Censored No Alarm,0,0,0,0,0,1,0.0008788078557699919,,2019-05-16,,0.121
2AGMWHVY,1,0,,2024-07-19,,Missed,0,0,0,0,1,0,0.05109301581978798,,2019-05-16,,0.121
2AGMZLMY,1,0,,2023-05-16,,Missed,0,0,0,0,1,0,0.0945715680718422,,2019-08-13,,0.121
2AGN038Y,0,0,,,,Censored No Alarm,0,0,0,0,0,1,0.0009576958254911005,,2019-08-13,,0.121
2AGN03MY,0,0,,,,Censored No Alarm,0,0,0,0,0,1,0.0020155501551926136,,2019-08-13,,0.121
2AGN05MY,0,0,,,,Censored No Alarm,0,0,0,0,0,1,0.0007754404796287417,,2019-08-13,,0.121
2AGN071Y,0,0,,,,Censored No Alarm,0,0,0,0,0,1,0.0028734744992107153,,2019-08-13,,0.121
2AGN07AY,0,0,,,,Censored No Alarm,0,0,0,0,0,1,0.002047710819169879,,2019-08-14,,0.121
2AGN17RY,0,0,,,,Censored No Alarm,0,0,0,0,0,1,0.0006569245597347617,,2019-08-13,,0.121
2AGN1YNY,0,0,,,,Censored No Alarm,0,0,0,0,0,1,0.001174791599623859,,2019-08-14,,0.121
2AGN29AY,0,0,,,,Censored No Alarm,0,0,0,0,0,1,0.0006211631116457283,,2019-08-14,,0.121
2AGN43EY,0,0,,,,Censored No Alarm,0,0,0,0,0,1,0.06260773539543152,,2019-08-13,,0.121
2AGN5A3Y,0,0,,,,Censored No Alarm,0,0,0,0,0,1,0.0009262722451239824,,2019-06-01,,0.121
2AGN7GZY,0,0,,,,Censored No Alarm,0,0,0,0,0,1,0.0005617522401735187,,2019-08-13,,0.121
2AGN7XVY,0,0,,,,Censored No Alarm,0,0,0,0,0,1,0.03723877668380737,,2019-08-14,,0.121
2AGN7XYY,0,0,,,,Censored No Alarm,0,0,0,0,0,1,0.01331370510160923,,2019-05-27,,0.121
2AGN853Y,0,0,,,,Censored No Alarm,0,0,0,0,0,1,0.000663859595078975,,2019-08-14,,0.121
2AGN8H9Y,0,0,,,,Censored No Alarm,0,0,0,0,0,1,0.0006613144651055336,,2019-08-14,,0.121
2AGN8Y9Y,0,0,,,,Censored No Alarm,0,0,0,0,0,1,0.00950387492775917,,2019-08-13,,0.121
2AGN8ZGY,0,0,,,,Censored No Alarm,0,0,0,0,0,1,0.004840518813580275,,2019-06-01,,0.121
2AGN90RY,1,0,,2023-12-07,,Missed,0,0,0,0,1,0,0.05143265053629875,,2019-08-14,,0.121
2AGN9N4Y,1,1,2025-01-26,2025-03-06,39.0,Early,0,1,0,1,0,0,0.22710144519805908,0.17347678542137146,2019-08-13,1993.0,0.121
2AGNAK7Y,0,0,,,,Censored No Alarm,0,0,0,0,0,1,0.0006088269292376935,,2019-08-14,,0.121
2AGNAKGY,0,0,,,,Censored No Alarm,0,0,0,0,0,1,0.001049479586072266,,2019-08-14,,0.121
2AGNAYKY,0,0,,,,Censored No Alarm,0,0,0,0,0,1,0.0010567950084805489,,2019-08-13,,0.121
2AGNBWPY,0,0,,,,Censored No Alarm,0,0,0,0,0,1,0.001067300676368177,,2019-08-13,,0.121
2AGND0EY,0,0,,,,Censored No Alarm,0,0,0,0,0,1,0.0023433296009898186,,2019-08-13,,0.121
2AGNEAHY,0,0,,,,Censored No Alarm,0,0,0,0,0,1,0.0014333793660625815,,2019-08-13,,0.121
2AGNEK5Y,0,0,,,,Censored No Alarm,0,0,0,0,0,1,0.008052082732319832,,2019-08-14,,0.121
2AGNEN9Y,0,0,,,,Censored No Alarm,0,0,0,0,0,1,0.003038814291357994,,2019-08-14,,0.121
2AGNEREY,0,0,,,,Censored No Alarm,0,0,0,0,0,1,0.006389901041984558,,2019-08-13,,0.121
2AGNGZPY,0,0,,,,Censored No Alarm,0,0,0,0,0,1,0.0007425846415571868,,2019-05-27,,0.121
2AGNJE2Y,0,0,,,,Censored No Alarm,0,0,0,0,0,1,0.0004673064104281366,,2019-06-01,,0.121
2AGNJG7Y,0,0,,,,Censored No Alarm,0,0,0,0,0,1,0.0009710712474770844,,2019-08-13,,0.121
2AGNJGHY,0,0,,,,Censored No Alarm,0,0,0,0,0,1,0.0018573240377008915,,2019-08-13,,0.121
2AGNJRYY,0,0,,,,Censored No Alarm,0,0,0,0,0,1,0.0009236813057214022,,2019-06-01,,0.121
2AGNJTAY,0,0,,,,Censored No Alarm,0,0,0,0,0,1,0.0009832577779889107,,2019-08-14,,0.121
2AGNJTRY,0,0,,,,Censored No Alarm,0,0,0,0,0,1,0.0009094289853237569,,2019-08-14,,0.121
2AGNKB9Y,1,0,,2023-11-29,,Missed,0,0,0,0,1,0,0.00133511854801327,,2019-08-13,,0.121
2AGNKGXY,0,0,,,,Censored No Alarm,0,0,0,0,0,1,0.001047598198056221,,2019-08-14,,0.121
2AGNKNJY,0,0,,,,Censored No Alarm,0,0,0,0,0,1,0.0012340035755187273,,2019-08-14,,0.121
2AGNKSPY,0,0,,,,Censored No Alarm,0,0,0,0,0,1,0.0021821088157594204,,2019-08-14,,0.121
2AGNKV4Y,0,0,,,,Censored No Alarm,0,0,0,0,0,1,0.001664598472416401,,2019-08-13,,0.121
2AGNL61Y,0,0,,,,Censored No Alarm,0,0,0,0,0,1,0.00117619673255831,,2019-05-16,,0.121
2AGNNTHY,0,0,,,,Censored No Alarm,0,0,0,0,0,1,0.018511418253183365,,2019-05-16,,0.121
2AGNT47Y,0,0,,,,Censored No Alarm,0,0,0,0,0,1,0.0012471837690100074,,2019-05-16,,0.121
2AGP393Y,1,1,2022-12-31,2023-04-06,96.0,Early,0,1,0,1,0,0,0.2778947949409485,0.12561704218387604,2019-06-01,1309.0,0.121
2AGP43EY,1,0,,2024-09-01,,Missed,0,0,0,0,1,0,0.02122434973716736,,2019-05-16,,0.121
2AGP5EDY,0,0,,,,Censored No Alarm,0,0,0,0,0,1,0.0011670830426737666,,2019-05-16,,0.121
2AGP5GBY,0,0,,,,Censored No Alarm,0,0,0,0,0,1,0.0011584447929635644,,2019-05-16,,0.121
2AGP5J1Y,0,0,,,,Censored No Alarm,0,0,0,0,0,1,0.0011337121250107884,,2019-05-16,,0.121
2AGP6TYY,0,0,,,,Censored No Alarm,0,0,0,0,0,1,0.0007917378679849207,,2019-05-16,,0.121
2AGP6UBY,0,0,,,,Censored No Alarm,0,0,0,0,0,1,0.0013213023776188493,,2019-05-16,,0.121
2AGP9W7Y,0,0,,,,Censored No Alarm,0,0,0,0,0,1,0.09347832202911377,,2019-05-16,,0.121
2AGPHHKY,0,0,,,,Censored No Alarm,0,0,0,0,0,1,0.0012724172556772828,,2019-06-01,,0.121
2AGPHHTY,0,0,,,,Censored No Alarm,0,0,0,0,0,1,0.0013705805176869035,,2019-06-01,,0.121
2AGPJAVY,0,0,,,,Censored No Alarm,0,0,0,0,0,1,0.00030709884595125914,,2019-05-27,,0.121
2AGPJBGY,0,0,,,,Censored No Alarm,0,0,0,0,0,1,0.0005384357646107674,,2019-05-27,,0.121
2AGPJBNY,0,0,,,,Censored No Alarm,0,0,0,0,0,1,0.00029904927941970527,,2019-05-27,,0.121
2AGPJE5Y,0,0,,,,Censored No Alarm,0,0,0,0,0,1,0.0012426854809746146,,2019-05-16,,0.121
2AGPJGPY,1,0,,2021-02-22,,Missed,0,0,0,0,1,0,0.0011264863424003124,,2019-05-16,,0.121
2AGPJH1Y,1,0,,2024-08-11,,Missed,0,0,0,0,1,0,0.0389619916677475,,2019-05-16,,0.121
2AGPJHAY,0,0,,,,Censored No Alarm,0,0,0,0,0,1,0.0010904610389843583,,2019-08-13,,0.121
2AGPJHXY,0,0,,,,Censored No Alarm,0,0,0,0,0,1,0.0004948732675984502,,2019-05-27,,0.121
2AGPJL8Y,0,0,,,,Censored No Alarm,0,0,0,0,0,1,0.0029697513673454523,,2019-05-27,,0.121
2AGPJLWY,0,0,,,,Censored No Alarm,0,0,0,0,0,1,0.0008736265008337796,,2019-08-13,,0.121
2AGPJMRY,0,0,,,,Censored No Alarm,0,0,0,0,0,1,0.0018469521310180426,,2019-08-13,,0.121
2AGPJP0Y,0,0,,,,Censored No Alarm,0,0,0,0,0,1,0.00047806548536755145,,2019-05-27,,0.121
2AGPK9HY,0,0,,,,Censored No Alarm,0,0,0,0,0,1,0.001886894810013473,,2019-08-14,,0.121
2AGPKA3Y,0,0,,,,Censored No Alarm,0,0,0,0,0,1,0.009083024226129055,,2019-08-14,,0.121
2AGPKALY,0,0,,,,Censored No Alarm,0,0,0,0,0,1,0.0010612135520204902,,2019-05-16,,0.121
2AGPKARY,0,0,,,,Censored No Alarm,0,0,0,0,0,1,0.0013678485993295908,,2019-05-16,,0.121
2AGPKB2Y,0,0,,,,Censored No Alarm,0,0,0,0,0,1,0.000782943214289844,,2019-05-27,,0.121
2AGPKTUY,0,0,,,,Censored No Alarm,0,0,0,0,0,1,0.0010529747232794762,,2019-05-16,,0.121
2AGPKVGY,0,0,,,,Censored No Alarm,0,0,0,0,0,1,0.0007417196757160127,,2019-05-16,,0.121
2AGPKWNY,1,0,,2023-10-29,,Missed,0,0,0,0,1,0,0.03662126883864403,,2019-05-16,,0.121
2AGPKX4Y,0,0,,,,Censored No Alarm,0,0,0,0,0,1,0.012464353814721107,,2019-05-16,,0.121
2AGPL2YY,0,0,,,,Censored No Alarm,0,0,0,0,0,1,0.0012342846021056175,,2019-05-16,,0.121
2AGPL4UY,0,0,,,,Censored No Alarm,0,0,0,0,0,1,0.0007962021045386791,,2019-05-16,,0.121
2AGPL4ZY,0,0,,,,Censored No Alarm,0,0,0,0,0,1,0.0012135630240663886,,2019-05-27,,0.121
2AGPLSSY,0,0,,,,Censored No Alarm,0,0,0,0,0,1,0.001065736054442823,,2019-05-16,,0.121
2AGPMDVY,0,0,,,,Censored No Alarm,0,0,0,0,0,1,0.0004503924574237317,,2019-05-27,,0.121
2AGPMEPY,0,0,,,,Censored No Alarm,0,0,0,0,0,1,0.000779111753217876,,2019-05-16,,0.121
2AGPMGGY,0,0,,,,Censored No Alarm,0,0,0,0,0,1,0.0012503726175054908,,2019-05-16,,0.121
2AGPMM3Y,0,0,,,,Censored No Alarm,0,0,0,0,0,1,0.0005691758706234396,,2019-05-27,,0.121
2AGPMN9Y,0,0,,,,Censored No Alarm,0,0,0,0,0,1,0.0006198995397426188,,2019-05-27,,0.121
2AGPMRDY,0,0,,,,Censored No Alarm,0,0,0,0,0,1,0.0011329418048262596,,2019-05-27,,0.121
2AGPMY1Y,0,0,,,,Censored No Alarm,0,0,0,0,0,1,0.0011552051873877645,,2019-05-16,,0.121
2AGPN6PY,0,0,,,,Censored No Alarm,0,0,0,0,0,1,0.012016251683235168,,2019-05-16,,0.121
2AGPPJAY,0,0,,,,Censored No Alarm,0,0,0,0,0,1,0.0007697725086472929,,2019-05-16,,0.121
2AGPPLLY,1,1,2023-10-26,2023-11-29,34.0,Early,0,1,0,1,0,0,0.17731396853923798,0.1320360153913498,2019-05-16,1624.0,0.121
2AGPR6YY,0,0,,,,Censored No Alarm,0,0,0,0,0,1,0.0009467590134590864,,2019-05-16,,0.121
2AGPR7RY,0,0,,,,Censored No Alarm,0,0,0,0,0,1,0.0012322940165176988,,2019-05-16,,0.121
2AGPR8EY,0,0,,,,Censored No Alarm,0,0,0,0,0,1,0.0009534690179862082,,2019-05-16,,0.121
2AGPRL8Y,0,0,,,,Censored No Alarm,0,0,0,0,0,1,0.0005301685887388885,,2019-05-27,,0.121
2AGPRMLY,1,0,,2026-03-26,,Missed,0,0,0,0,1,0,0.004663752391934395,,2019-08-13,,0.121
2AGPRMRY,1,0,,2024-08-12,,Missed,0,0,0,0,1,0,0.0004826024523936212,,2019-05-04,,0.121
2AGPRRJY,0,0,,,,Censored No Alarm,0,0,0,0,0,1,0.07165372371673584,,2019-05-04,,0.121
2AGPS2ZY,0,0,,,,Censored No Alarm,0,0,0,0,0,1,0.0010974130127578974,,2019-05-16,,0.121
2AGPSEDY,0,0,,,,Censored No Alarm,0,0,0,0,0,1,0.0006759291864000261,,2019-05-27,,0.121
2AGPSG5Y,0,0,,,,Censored No Alarm,0,0,0,0,0,1,0.001380125992000103,,2019-05-27,,0.121
2AGPSGKY,0,0,,,,Censored No Alarm,0,0,0,0,0,1,0.0011879603844136,,2019-08-14,,0.121
2AGPSJKY,0,0,,,,Censored No Alarm,0,0,0,0,0,1,0.0015499901492148638,,2019-08-14,,0.121
2AGPSRUY,0,0,,,,Censored No Alarm,0,0,0,0,0,1,0.0007220236584544182,,2019-05-16,,0.121
2AGPT2PY,0,0,,,,Censored No Alarm,0,0,0,0,0,1,0.0014829251449555159,,2019-08-14,,0.121
2AGPT48Y,0,0,,,,Censored No Alarm,0,0,0,0,0,1,0.0016711615025997162,,2019-06-01,,0.121
2AGPT7PY,0,0,,,,Censored No Alarm,0,0,0,0,0,1,0.002577324863523245,,2019-08-13,,0.121
2AGPTL4Y,0,0,,,,Censored No Alarm,0,0,0,0,0,1,0.0011721993796527386,,2019-05-27,,0.121
2AGPTVLY,0,0,,,,Censored No Alarm,0,0,0,0,0,1,0.0017173788510262966,,2019-06-01,,0.121
5PG0TA6F,0,0,,,,Censored No Alarm,0,0,0,0,0,1,0.0005545110907405615,,2020-07-14,,0.121
5PG0TAKF,0,0,,,,Censored No Alarm,0,0,0,0,0,1,0.0010406030341982841,,2020-05-10,,0.121
5PJEJUHE,0,0,,,,Censored No Alarm,0,0,0,0,0,1,0.004381723236292601,,2021-12-28,,0.121
5PJJHD9C,0,0,,,,Censored No Alarm,0,0,0,0,0,1,0.0002827690914273262,,2022-07-18,,0.121
5PJJLZTF,0,0,,,,Censored No Alarm,0,0,0,0,0,1,0.002511637983843684,,2021-12-03,,0.121
5PJKZP4D,0,0,,,,Censored No Alarm,0,0,0,0,0,1,0.0009621158824302256,,2022-08-04,,0.121
5PJVPJGF,0,0,,,,Censored No Alarm,0,0,0,0,0,1,0.0029440775979310274,,2021-05-16,,0.121
5PK10N4B,0,0,,,,Censored No Alarm,0,0,0,0,0,1,0.0008818669593892992,,2024-12-22,,0.121
5PK5ZB1B,0,0,,,,Censored No Alarm,0,0,0,0,0,1,0.0015769904712215066,,2024-04-29,,0.121
5PKEBJVB,0,0,,,,Censored No Alarm,0,0,0,0,0,1,0.001060508075170219,,2023-11-27,,0.121
5PKVXW6B,0,0,,,,Censored No Alarm,0,0,0,0,0,1,0.0010621044784784317,,2024-06-01,,0.121
5QG63PMB,0,0,,,,Censored No Alarm,0,0,0,0,0,1,0.001270477892830968,,2024-05-28,,0.121
5QGBH0MB,0,0,,,,Censored No Alarm,0,0,0,0,0,1,0.0010621044784784317,,2023-12-09,,0.121
5QGG5KLB,0,0,,,,Censored No Alarm,0,0,0,0,0,1,0.0016432545380666852,,2023-04-05,,0.121
5QGG5UPB,0,0,,,,Censored No Alarm,0,0,0,0,0,1,0.010316569358110428,,2022-12-06,,0.121
5QGGAELB,1,1,2025-01-13,2025-06-04,142.0,Early,0,1,0,1,0,0,0.2892071604728699,0.1751995086669922,2023-03-28,657.0,0.121
5QGGHWVB,0,0,,,,Censored No Alarm,0,0,0,0,0,1,0.0011402511736378074,,2023-12-16,,0.121
5QH0Z60B,1,1,2024-03-02,2024-05-14,73.0,Early,0,1,0,1,0,0,0.363887220621109,0.1303892582654953,2023-10-22,132.0,0.121
5QHDKVHB,0,0,,,,Censored No Alarm,0,0,0,0,0,1,0.0016353912651538849,,2023-11-17,,0.121
5QHKE66B,0,0,,,,Censored No Alarm,0,0,0,0,0,1,0.0012309924932196736,,2024-04-18,,0.121
5QHYP4MB,0,0,,,,Censored No Alarm,0,0,0,0,0,1,0.0014997950056567788,,2024-05-15,,0.121
5QJBW5VB,1,1,2024-05-19,2024-05-25,6.0,On time,1,0,0,0,0,0,0.4506184160709381,0.1280517280101776,2024-02-07,102.0,0.121
5QJS57NB,0,0,,,,Censored No Alarm,0,0,0,0,0,1,0.0011271255789324641,,2024-01-23,,0.121
5QKBEVWB,0,0,,,,Censored No Alarm,0,0,0,0,0,1,0.0011983247241005301,,2023-12-14,,0.121
5QKDK07B,0,0,,,,Censored No Alarm,0,0,0,0,0,1,0.00099866499658674,,2024-12-20,,0.121
5QKHBVPB,0,0,,,,Censored No Alarm,0,0,0,0,0,1,0.0011362360091879964,,2024-05-30,,0.121
5QKKSM3B,0,0,,,,Censored No Alarm,0,0,0,0,0,1,0.0013375645503401756,,2024-04-06,,0.121
5QKV55TB,0,0,,,,Censored No Alarm,0,0,0,0,0,1,0.0010605267016217113,,2024-02-29,,0.121
5QKV6W0B,0,0,,,,Censored No Alarm,0,0,0,0,0,1,0.0014997950056567788,,2023-08-14,,0.121
5QKV74SB,0,0,,,,Censored No Alarm,0,0,0,0,0,1,0.001060508075170219,,2024-01-09,,0.121
5QKV778B,0,0,,,,Censored No Alarm,0,0,0,0,0,1,0.0015794202918186784,,2024-06-07,,0.121
5QKV7UHB,0,0,,,,Censored No Alarm,0,0,0,0,0,1,0.001268672989681363,,2024-03-04,,0.121
5QKV85UB,0,0,,,,Censored No Alarm,0,0,0,0,0,1,0.0011983247241005301,,2023-12-02,,0.121
5QKVAN8B,0,0,,,,Censored No Alarm,0,0,0,0,0,1,0.0010621044784784317,,2023-12-24,,0.121
5QKVARLB,0,0,,,,Censored No Alarm,0,0,0,0,0,1,0.0007338543073274195,,2023-11-03,,0.121
5QKVATKB,0,0,,,,Censored No Alarm,0,0,0,0,0,1,0.00099866499658674,,2024-01-09,,0.121
5QKVD71B,0,0,,,,Censored No Alarm,0,0,0,0,0,1,0.0016579111106693745,,2024-05-10,,0.121
5QKVDDVB,0,0,,,,Censored No Alarm,0,0,0,0,0,1,0.001270477892830968,,2024-06-19,,0.121
5QKVETTB,0,0,,,,Censored No Alarm,0,0,0,0,0,1,0.001900181989185512,,2024-06-27,,0.121
5QKVEUZB,0,0,,,,Censored No Alarm,0,0,0,0,0,1,0.0011274295393377542,,2024-04-22,,0.121
5QKVEXJB,0,0,,,,Censored No Alarm,0,0,0,0,0,1,0.0014997950056567788,,2023-11-30,,0.121
5QKVGLWB,0,0,,,,Censored No Alarm,0,0,0,0,0,1,0.0009986654622480273,,2024-05-08,,0.121
5QKVHPLB,0,0,,,,Censored No Alarm,0,0,0,0,0,1,0.0011471185134723783,,2024-05-07,,0.121
5QKVHRMB,0,0,,,,Censored No Alarm,0,0,0,0,0,1,0.0017141347052529454,,2024-06-23,,0.121
5QKVVTHB,0,0,,,,Censored No Alarm,0,0,0,0,0,1,0.0013317936100065708,,2024-04-15,,0.121
8CGNK9GE,0,0,,,,Censored No Alarm,0,0,0,0,0,1,0.024522660300135612,,2019-05-04,,0.121
8CGR1V5E,0,0,,,,Censored No Alarm,0,0,0,0,0,1,0.001125627662986517,,2019-06-01,,0.121
8CGSN9XE,0,0,,,,Censored No Alarm,0,0,0,0,0,1,0.0011522218119353056,,2019-05-16,,0.121
8CGSTSRE,0,0,,,,Censored No Alarm,0,0,0,0,0,1,0.0010462760692462325,,2019-05-04,,0.121
8CGT5S2E,1,0,,2024-11-05,,Missed,0,0,0,0,1,0,0.0459134578704834,,2019-06-01,,0.121
8CGTW4VE,0,0,,,,Censored No Alarm,0,0,0,0,0,1,0.0014135250821709633,,2019-06-01,,0.121
8CGTZ9HE,1,1,2023-04-20,2023-07-12,83.0,Early,0,1,0,1,0,0,0.6699268221855164,0.16426591575145721,2019-05-16,1435.0,0.121
8CGU9LLE,0,0,,,,Censored No Alarm,0,0,0,0,0,1,0.0008331061108037829,,2019-05-16,,0.121
8CGV369E,0,0,,,,Censored No Alarm,0,0,0,0,0,1,0.0011444700649008155,,2019-05-16,,0.121
8CGVR04E,0,1,2026-01-06,,,Censored Early,0,0,1,1,0,0,0.17678950726985931,0.15507973730564117,2019-05-16,2427.0,0.121
8CGVTH0E,0,0,,,,Censored No Alarm,0,0,0,0,0,1,0.0009714729385450482,,2019-05-04,,0.121
8CGW3HPE,0,0,,,,Censored No Alarm,0,0,0,0,0,1,0.000908573274500668,,2019-05-04,,0.121
8CGW6ULE,0,0,,,,Censored No Alarm,0,0,0,0,0,1,0.0007888519903644919,,2019-05-04,,0.121
8CGWPGEE,0,0,,,,Censored No Alarm,0,0,0,0,0,1,0.0009749732562340796,,2019-05-16,,0.121
8CGXKYVE,0,0,,,,Censored No Alarm,0,0,0,0,0,1,0.0008067714516073465,,2019-05-04,,0.121
8CGXNNUE,1,1,2022-05-03,2022-05-10,7.0,On time,1,0,0,0,0,0,0.19145019352436066,0.13687409460544586,2019-06-01,1067.0,0.121
8CGY4KUE,0,0,,,,Censored No Alarm,0,0,0,0,0,1,0.001073551713488996,,2019-05-16,,0.121
8CGYJ5TE,0,0,,,,Censored No Alarm,0,0,0,0,0,1,0.0009041287703439593,,2019-06-01,,0.121
8CGYVS8E,0,0,,,,Censored No Alarm,0,0,0,0,0,1,0.0005337889888323843,,2019-06-01,,0.121
8CGYW96E,0,0,,,,Censored No Alarm,0,0,0,0,0,1,0.01749947853386402,,2019-06-01,,0.121
8CGYXB6E,0,0,,,,Censored No Alarm,0,0,0,0,0,1,0.004998384043574333,,2019-08-13,,0.121
8CGZ8K3E,0,0,,,,Censored No Alarm,0,0,0,0,0,1,0.0007396025466732681,,2019-05-04,,0.121
8CGZ8S1E,0,0,,,,Censored No Alarm,0,0,0,0,0,1,0.000895259843673557,,2019-05-04,,0.121
8CGZ8SDE,0,0,,,,Censored No Alarm,0,0,0,0,0,1,0.06857835501432419,,2019-05-04,,0.121
8CGZB98E,0,0,,,,Censored No Alarm,0,0,0,0,0,1,0.00052310386672616,,2019-08-14,,0.121
8CGZB9VE,0,0,,,,Censored No Alarm,0,0,0,0,0,1,0.0008351289434358478,,2019-06-01,,0.121
8CGZKBME,0,0,,,,Censored No Alarm,0,0,0,0,0,1,0.04139447212219238,,2019-05-04,,0.121
8CGZKDHE,0,0,,,,Censored No Alarm,0,0,0,0,0,1,0.0009701817180030048,,2019-05-04,,0.121
8CGZMEAE,0,0,,,,Censored No Alarm,0,0,0,0,0,1,0.0010623104171827435,,2019-05-04,,0.121
8CH02WUE,0,0,,,,Censored No Alarm,0,0,0,0,0,1,0.000679677992593497,,2019-08-14,,0.121
8CH05AGE,0,0,,,,Censored No Alarm,0,0,0,0,0,1,0.0007924703531898558,,2019-05-04,,0.121
8CH06AGE,0,0,,,,Censored No Alarm,0,0,0,0,0,1,0.0011417901841923594,,2019-05-16,,0.121
8CH06B5E,0,0,,,,Censored No Alarm,0,0,0,0,0,1,0.000484161835629493,,2019-05-04,,0.121
8CH06E7E,0,0,,,,Censored No Alarm,0,0,0,0,0,1,0.001060183858498931,,2019-05-04,,0.121
8CH06EDE,0,0,,,,Censored No Alarm,0,0,0,0,0,1,0.0014526110608130693,,2019-06-01,,0.121
8CH0869E,0,0,,,,Censored No Alarm,0,0,0,0,0,1,0.0009463085443712771,,2019-05-04,,0.121
8CH08RNE,0,0,,,,Censored No Alarm,0,0,0,0,0,1,0.0013769251527264714,,2019-08-14,,0.121
8CH09GGE,0,0,,,,Censored No Alarm,0,0,0,0,0,1,0.0011739536421373487,,2019-06-01,,0.121
8CH0BYPE,0,0,,,,Censored No Alarm,0,0,0,0,0,1,0.0008729721303097904,,2019-08-13,,0.121
8CH0BYTE,0,0,,,,Censored No Alarm,0,0,0,0,0,1,0.0008881277753971517,,2019-06-01,,0.121
8CH0DM8E,0,0,,,,Censored No Alarm,0,0,0,0,0,1,0.0005364198004826903,,2019-08-14,,0.121
8CH0GNLE,0,0,,,,Censored No Alarm,0,0,0,0,0,1,0.0008785102399997413,,2019-05-04,,0.121
8CH0GNNE,0,0,,,,Censored No Alarm,0,0,0,0,0,1,0.007879051379859447,,2019-05-04,,0.121
8CH0GNSE,0,0,,,,Censored No Alarm,0,0,0,0,0,1,0.0009780387626960874,,2019-05-16,,0.121
8CH0HRKE,0,0,,,,Censored No Alarm,0,0,0,0,0,1,0.0007208383758552372,,2019-06-01,,0.121
8CH0HTRE,0,0,,,,Censored No Alarm,0,0,0,0,0,1,0.0011394048342481256,,2019-06-01,,0.121
8CH0L5PE,0,0,,,,Censored No Alarm,0,0,0,0,0,1,0.000542653608135879,,2019-06-01,,0.121
8CH0R06E,0,0,,,,Censored No Alarm,0,0,0,0,0,1,0.0009615820017643273,,2019-05-04,,0.121
8CH0R3YE,0,0,,,,Censored No Alarm,0,0,0,0,0,1,0.03559836372733116,,2019-08-13,,0.121
8CH0TLTE,0,0,,,,Censored No Alarm,0,0,0,0,0,1,0.001202641287818551,,2019-08-13,,0.121
8CH0TLUE,0,0,,,,Censored No Alarm,0,0,0,0,0,1,0.0007218437385745347,,2019-06-01,,0.121
8CH0TN2E,0,0,,,,Censored No Alarm,0,0,0,0,0,1,0.0008147629559971392,,2019-06-01,,0.121
8CH0TN3E,0,0,,,,Censored No Alarm,0,0,0,0,0,1,0.0013681364944204688,,2019-08-13,,0.121
8CH0TVRE,0,0,,,,Censored No Alarm,0,0,0,0,0,1,0.0008821258088573813,,2019-08-14,,0.121
8CH0V7TE,0,0,,,,Censored No Alarm,0,0,0,0,0,1,0.023612897843122482,,2019-06-01,,0.121
8CH0VH1E,0,0,,,,Censored No Alarm,0,0,0,0,0,1,0.0009860655991360545,,2019-05-16,,0.121
8CH0VW0E,0,0,,,,Censored No Alarm,0,0,0,0,0,1,0.0007545731496065855,,2019-06-01,,0.121
8CH11KPE,0,0,,,,Censored No Alarm,0,0,0,0,0,1,0.000955156167037785,,2019-05-04,,0.121
8CH13D7E,0,0,,,,Censored No Alarm,0,0,0,0,0,1,0.0005698516615666449,,2019-06-01,,0.121
8CH13DAE,0,0,,,,Censored No Alarm,0,0,0,0,0,1,0.0008415253250859678,,2019-06-01,,0.121
8CH15D3E,0,0,,,,Censored No Alarm,0,0,0,0,0,1,0.03406868129968643,,2019-05-16,,0.121
8CH15YME,0,0,,,,Censored No Alarm,0,0,0,0,0,1,0.0005649261293001473,,2019-06-01,,0.121
8CH160KE,0,0,,,,Censored No Alarm,0,0,0,0,0,1,0.001155131496489048,,2019-08-14,,0.121
8CH16PBE,0,0,,,,Censored No Alarm,0,0,0,0,0,1,0.013242926448583603,,2019-06-01,,0.121
8CH16ZDE,0,0,,,,Censored No Alarm,0,0,0,0,0,1,0.0008739954209886491,,2019-06-01,,0.121
8CH16ZUE,0,0,,,,Censored No Alarm,0,0,0,0,0,1,0.0022764781024307013,,2019-06-01,,0.121
8CH17M9E,0,0,,,,Censored No Alarm,0,0,0,0,0,1,0.0005708421813324094,,2019-06-01,,0.121
8CH17MHE,0,0,,,,Censored No Alarm,0,0,0,0,0,1,0.0007183527923189104,,2019-08-13,,0.121
8CH190UE,1,0,,2022-03-26,,Missed,0,0,0,0,1,0,0.04947466775774956,,2019-08-13,,0.121
8CH1APUE,1,1,2025-07-05,2025-09-18,75.0,Early,0,1,0,1,0,0,0.1628405600786209,0.14853201806545258,2019-06-01,2226.0,0.121
8CH1AR5E,0,0,,,,Censored No Alarm,0,0,0,0,0,1,0.0006299020606093109,,2019-05-04,,0.121
8CH1ARHE,1,0,,2023-09-28,,Missed,0,0,0,0,1,0,0.015111710876226425,,2019-06-01,,0.121
8CH1WBME,1,0,,2024-05-05,,Missed,0,0,0,0,1,0,0.006601579021662474,,2019-05-04,,0.121
8CH1XHUE,0,0,,,,Censored No Alarm,0,0,0,0,0,1,0.0011610282817855477,,2019-05-04,,0.121
8CH4AT4E,0,0,,,,Censored No Alarm,0,0,0,0,0,1,0.0005357514601200819,,2019-05-27,,0.121
8CH4X3TE,1,0,,2022-10-12,,Missed,0,0,0,0,1,0,0.003392693819478154,,2019-05-16,,0.121
8CH4YM4E,1,0,,2023-03-03,,Missed,0,0,0,0,1,0,0.004283791873604059,,2019-05-16,,0.121
8CH4YM6E,1,1,2024-12-06,2025-03-13,97.0,Early,0,1,0,1,0,0,0.1875743567943573,0.12820881605148315,2019-05-16,2031.0,0.121
8CH4YN8E,1,0,,2024-04-09,,Missed,0,0,0,0,1,0,0.06829452514648438,,2019-05-16,,0.121
8CH4Z6UE,0,0,,,,Censored No Alarm,0,0,0,0,0,1,0.001051117549650371,,2019-05-16,,0.121
8CH5214E,1,1,2024-01-17,2024-02-15,29.0,On time,1,0,0,0,0,0,0.3283388912677765,0.17030100524425507,2019-05-16,1707.0,0.121
8CH52U5E,0,0,,,,Censored No Alarm,0,0,0,0,0,1,0.0008635444683022797,,2019-05-16,,0.121
8CH5B9LE,0,0,,,,Censored No Alarm,0,0,0,0,0,1,0.0010269999038428068,,2019-05-16,,0.121
8CH5E8EE,1,0,,2023-04-04,,Missed,0,0,0,0,1,0,0.059472374618053436,,2019-05-16,,0.121
8CH5HRYE,1,0,,2024-12-24,,Missed,0,0,0,0,1,0,0.11813857406377792,,2019-05-16,,0.121
8CHRG6JE,0,0,,,,Censored No Alarm,0,0,0,0,0,1,0.0009923119796440005,,2019-11-25,,0.121
8CHU2WSE,0,0,,,,Censored No Alarm,0,0,0,0,0,1,0.0009817666141316295,,2020-06-18,,0.121
8CHU7R9E,1,0,,2024-11-09,,Missed,0,0,0,0,1,0,0.03185419365763664,,2021-05-05,,0.121
8CHUHHXE,0,0,,,,Censored No Alarm,0,0,0,0,0,1,0.014335311949253082,,2020-06-26,,0.121
8CJMA59E,0,0,,,,Censored No Alarm,0,0,0,0,0,1,0.0015794202918186784,,2024-04-02,,0.121
8DG1BB5Y,0,0,,,,Censored No Alarm,0,0,0,0,0,1,0.0010404130443930626,,2024-12-20,,0.121
8DG3MU5D,0,0,,,,Censored No Alarm,0,0,0,0,0,1,0.0015736020868644118,,2018-07-12,,0.121
8DG4SAUD,0,0,,,,Censored No Alarm,0,0,0,0,0,1,0.0025876162108033895,,2018-07-12,,0.121
8DG4SAZD,0,0,,,,Censored No Alarm,0,0,0,0,0,1,0.0009588878019712865,,2018-07-12,,0.121
8DG52U7D,0,0,,,,Censored No Alarm,0,0,0,0,0,1,0.0017795795574784279,,2018-07-12,,0.121
8DG52W9D,0,0,,,,Censored No Alarm,0,0,0,0,0,1,0.0006486952770501375,,2018-07-12,,0.121
8DG52WND,0,0,,,,Censored No Alarm,0,0,0,0,0,1,0.0008512540371157229,,2018-07-12,,0.121
8DG6S3UD,1,0,,2024-06-11,,Missed,0,0,0,0,1,0,0.041315555572509766,,2018-07-12,,0.121
8DG88GTY,0,0,,,,Censored No Alarm,0,0,0,0,0,1,0.0009386229794472456,,2025-01-01,,0.121
8DG93TXY,0,0,,,,Censored No Alarm,0,0,0,0,0,1,0.0014221761375665665,,2024-04-01,,0.121
8DJE2HWH,0,0,,,,Censored No Alarm,0,0,0,0,0,1,0.0006199650815688074,,2019-01-05,,0.121
8DJEPPSH,0,0,,,,Censored No Alarm,0,0,0,0,0,1,0.0005800065700896084,,2019-01-05,,0.121
8DJEPTWH,0,0,,,,Censored No Alarm,0,0,0,0,0,1,0.0004886625101789832,,2019-01-05,,0.121
8DJEUXLH,0,0,,,,Censored No Alarm,0,0,0,0,0,1,0.030515868216753006,,2019-01-05,,0.121
8DK5NDLH,0,0,,,,Censored No Alarm,0,0,0,0,0,1,0.001453586621209979,,2020-01-03,,0.121
8DKHU24H,0,0,,,,Censored No Alarm,0,0,0,0,0,1,0.0015462907031178474,,2019-12-29,,0.121
8DKUD8AH,0,0,,,,Censored No Alarm,0,0,0,0,0,1,0.0007746635237708688,,2019-01-05,,0.121
8DKV390H,0,0,,,,Censored No Alarm,0,0,0,0,0,1,0.0009351696353405714,,2019-03-01,,0.121
8HG28M3H,0,0,,,,Censored No Alarm,0,0,0,0,0,1,0.0003932367544621229,,2019-03-01,,0.121
8HG7LGUH,1,0,,2025-06-01,,Missed,0,0,0,0,1,0,0.048985570669174194,,2019-06-01,,0.121
8HGBYHPH,0,0,,,,Censored No Alarm,0,0,0,0,0,1,0.0011286523658782244,,2021-10-03,,0.121
8HGNAB0H,0,0,,,,Censored No Alarm,0,0,0,0,0,1,0.0013184149283915758,,2019-03-28,,0.121
8HGZPYVH,0,1,2022-12-14,,,Censored Early,0,0,1,1,0,0,0.27268558740615845,0.12258770316839218,2019-01-05,1439.0,0.121
8HH12ZPH,0,0,,,,Censored No Alarm,0,0,0,0,0,1,0.0005884152487851679,,2018-11-14,,0.121
8HH5JYSH,0,0,,,,Censored No Alarm,0,0,0,0,0,1,0.0009252076270058751,,2018-11-14,,0.121
8HH8BNRH,0,0,,,,Censored No Alarm,0,0,0,0,0,1,0.0011916171060875058,,2019-03-28,,0.121
8HH8P7RH,0,0,,,,Censored No Alarm,0,0,0,0,0,1,0.0004861608613282442,,2019-03-02,,0.121
8HH901KH,0,0,,,,Censored No Alarm,0,0,0,0,0,1,0.0010891695274040103,,2019-03-28,,0.121
8HH9ZRUH,0,0,,,,Censored No Alarm,0,0,0,0,0,1,0.0007420338806696236,,2019-03-01,,0.121
8HHARE1H,1,1,2023-03-13,2023-03-24,11.0,On time,1,0,0,0,0,0,0.40686699748039246,0.12913160026073456,2019-08-13,1308.0,0.121
8HHARGBH,0,0,,,,Censored No Alarm,0,0,0,0,0,1,0.0003433919628150761,,2019-03-02,,0.121
8HHATBKH,0,0,,,,Censored No Alarm,0,0,0,0,0,1,0.0006625581299886107,,2019-03-01,,0.121
8HHJXENH,0,0,,,,Censored No Alarm,0,0,0,0,0,1,0.0013478831388056278,,2019-01-05,,0.121
8HHNHSUH,1,0,,2024-12-06,,Missed,0,0,0,0,1,0,0.02656707540154457,,2019-05-04,,0.121
8HHPUREH,1,1,2023-08-08,2024-05-16,282.0,Early,0,1,0,1,0,0,0.22496885061264038,0.1388867199420929,2018-11-14,1728.0,0.121
8HHT1P2H,0,0,,,,Censored No Alarm,0,0,0,0,0,1,0.00865546241402626,,2018-11-14,,0.121
8HHTWXYH,0,0,,,,Censored No Alarm,0,0,0,0,0,1,0.0005440322565846145,,2018-11-14,,0.121
8HHZ6MGH,0,0,,,,Censored No Alarm,0,0,0,0,0,1,0.0006299170199781656,,2018-11-14,,0.121
8HJ1NNDH,0,0,,,,Censored No Alarm,0,0,0,0,0,1,0.0006507876678369939,,2018-11-14,,0.121
8HJ6SJAH,0,0,,,,Censored No Alarm,0,0,0,0,0,1,0.0007820871542207897,,2018-11-14,,0.121
8HJ6SJTH,0,0,,,,Censored No Alarm,0,0,0,0,0,1,0.0004627235175576061,,2018-11-14,,0.121
8HJ74BPH,0,0,,,,Censored No Alarm,0,0,0,0,0,1,0.0005960974958725274,,2018-11-14,,0.121
8HJ7UJHH,0,0,,,,Censored No Alarm,0,0,0,0,0,1,0.0008525190642103553,,2018-11-14,,0.121
8HJ7Y9BH,0,0,,,,Censored No Alarm,0,0,0,0,0,1,0.0008123244624584913,,2018-11-14,,0.121
8HJ7Z0DH,0,0,,,,Censored No Alarm,0,0,0,0,0,1,0.0007126528071239591,,2019-05-04,,0.121
8HJ7Z10H,0,0,,,,Censored No Alarm,0,0,0,0,0,1,0.0007560905069112778,,2018-11-14,,0.121
8HJ7Z1MH,0,0,,,,Censored No Alarm,0,0,0,0,0,1,0.007522170431911945,,2018-11-14,,0.121
8HJ86APH,0,0,,,,Censored No Alarm,0,0,0,0,0,1,0.018836406990885735,,2018-11-14,,0.121
8HJ86NXH,0,0,,,,Censored No Alarm,0,0,0,0,0,1,0.000644443731289357,,2019-05-04,,0.121
8HJ8LEXH,0,0,,,,Censored No Alarm,0,0,0,0,0,1,0.02373705990612507,,2019-05-04,,0.121
8HJ8LKMH,1,0,,2026-03-14,,Missed,0,0,0,0,1,0,0.06103311479091644,,2018-11-14,,0.121
8HJ91WDH,0,0,,,,Censored No Alarm,0,0,0,0,0,1,0.0006450243527069688,,2019-05-04,,0.121
8HJ94EVH,0,0,,,,Censored No Alarm,0,0,0,0,0,1,0.0007470199489034712,,2018-11-14,,0.121
8HJ9JWTH,0,0,,,,Censored No Alarm,0,0,0,0,0,1,0.0004128109139855951,,2018-11-14,,0.121
8HJ9K7HH,1,1,2025-01-24,2025-01-28,4.0,On time,1,0,0,0,0,0,0.19417281448841095,0.16622306406497955,2018-11-14,2263.0,0.121
8HJ9KKGH,0,0,,,,Censored No Alarm,0,0,0,0,0,1,0.000645398860797286,,2019-05-04,,0.121
8HJ9KN1H,0,0,,,,Censored No Alarm,0,0,0,0,0,1,0.0011613551760092378,,2018-11-14,,0.121
8HJ9LS1H,0,0,,,,Censored No Alarm,0,0,0,0,0,1,0.0005436626961454749,,2018-11-14,,0.121
8HJ9M5NH,0,0,,,,Censored No Alarm,0,0,0,0,0,1,0.0007822962943464518,,2018-11-14,,0.121
8HJ9M94H,0,0,,,,Censored No Alarm,0,0,0,0,0,1,0.0004972047172486782,,2018-11-14,,0.121
8HJ9MZBH,0,0,,,,Censored No Alarm,0,0,0,0,0,1,0.0006416328251361847,,2019-05-04,,0.121
8HJ9NHPH,0,0,,,,Censored No Alarm,0,0,0,0,0,1,0.0006699060322716832,,2018-11-14,,0.121
8HJ9NKKH,0,0,,,,Censored No Alarm,0,0,0,0,0,1,0.0008227512589655817,,2018-11-14,,0.121
8HJ9RYSH,0,0,,,,Censored No Alarm,0,0,0,0,0,1,0.0004850832046940923,,2018-11-14,,0.121
8HJ9S05H,0,0,,,,Censored No Alarm,0,0,0,0,0,1,0.0004308761563152075,,2018-11-14,,0.121
8HJ9S0EH,0,0,,,,Censored No Alarm,0,0,0,0,0,1,0.0007068982231430709,,2018-11-14,,0.121
8HJ9Y3ZH,0,0,,,,Censored No Alarm,0,0,0,0,0,1,0.0008088874747045338,,2019-05-04,,0.121
8HJA085H,0,0,,,,Censored No Alarm,0,0,0,0,0,1,0.0004822609480470419,,2018-11-14,,0.121
8HJA2DPH,0,0,,,,Censored No Alarm,0,0,0,0,0,1,0.000465166725916788,,2018-11-14,,0.121
8HJA8DBH,0,0,,,,Censored No Alarm,0,0,0,0,0,1,0.0005228068330325186,,2018-11-14,,0.121
8HJBNYTH,0,0,,,,Censored No Alarm,0,0,0,0,0,1,0.04643258452415466,,2019-01-05,,0.121
8HJDK12H,0,0,,,,Censored No Alarm,0,0,0,0,0,1,0.0007791106472723186,,2018-11-14,,0.121
8HJDX4PH,0,0,,,,Censored No Alarm,0,0,0,0,0,1,0.0006476904381997883,,2018-11-14,,0.121
8HJEY89H,0,0,,,,Censored No Alarm,0,0,0,0,0,1,0.000418760726461187,,2019-03-01,,0.121
8HJG85RH,0,0,,,,Censored No Alarm,0,0,0,0,0,1,0.00023175356909632683,,2019-03-01,,0.121
8HJGZPXH,0,0,,,,Censored No Alarm,0,0,0,0,0,1,0.0011152129154652357,,2018-11-14,,0.121
8HJH62EH,0,0,,,,Censored No Alarm,0,0,0,0,0,1,0.0011513052741065621,,2018-11-14,,0.121
8HJH8RWH,0,0,,,,Censored No Alarm,0,0,0,0,0,1,0.0010164463892579079,,2019-03-01,,0.121
8HJK2HSH,0,0,,,,Censored No Alarm,0,0,0,0,0,1,0.010257360525429249,,2018-11-14,,0.121
8HJLKZRH,0,0,,,,Censored No Alarm,0,0,0,0,0,1,0.000783444382250309,,2018-11-14,,0.121
8HJRD7PH,0,0,,,,Censored No Alarm,0,0,0,0,0,1,0.0002358008350711316,,2019-03-01,,0.121
8HJRUMWH,0,0,,,,Censored No Alarm,0,0,0,0,0,1,0.0007601311081089079,,2018-11-14,,0.121
8HJRVW4H,0,0,,,,Censored No Alarm,0,0,0,0,0,1,0.0006679641082882881,,2018-11-14,,0.121
8HJUGTVH,0,0,,,,Censored No Alarm,0,0,0,0,0,1,0.03465590626001358,,2018-11-14,,0.121
8HJVJKPH,0,0,,,,Censored No Alarm,0,0,0,0,0,1,0.0006081298342905939,,2018-11-14,,0.121
8HJVUAGH,0,0,,,,Censored No Alarm,0,0,0,0,0,1,0.0008738039177842438,,2018-11-14,,0.121
8HJWBJXH,0,0,,,,Censored No Alarm,0,0,0,0,0,1,0.000881819985806942,,2018-11-14,,0.121
8HJWHD6H,0,0,,,,Censored No Alarm,0,0,0,0,0,1,0.0011700461618602276,,2018-11-14,,0.121
8HJWHEJH,0,0,,,,Censored No Alarm,0,0,0,0,0,1,0.0009290882735513151,,2019-03-28,,0.121
8HJXG0WH,1,0,,2022-05-01,,Missed,0,0,0,0,1,0,0.029063375666737556,,2018-11-14,,0.121
8HJXKBDH,0,0,,,,Censored No Alarm,0,0,0,0,0,1,0.000401473167585209,,2019-03-01,,0.121
8HJXU87H,0,0,,,,Censored No Alarm,0,0,0,0,0,1,0.0339006707072258,,2018-11-14,,0.121
8HJY20MH,0,0,,,,Censored No Alarm,0,0,0,0,0,1,0.0008521093404851854,,2018-11-14,,0.121
8HJYTXWH,0,0,,,,Censored No Alarm,0,0,0,0,0,1,0.0006663046660833061,,2018-11-14,,0.121
8HJYU0JH,0,0,,,,Censored No Alarm,0,0,0,0,0,1,0.0006235609762370586,,2018-11-14,,0.121
8HJYZNZH,0,0,,,,Censored No Alarm,0,0,0,0,0,1,0.0007416122243739665,,2018-11-14,,0.121
8HJZ13TH,0,0,,,,Censored No Alarm,0,0,0,0,0,1,0.001139040687121451,,2018-11-14,,0.121
8HJZADEH,0,0,,,,Censored No Alarm,0,0,0,0,0,1,0.0008381298976019025,,2018-11-14,,0.121
8HJZEG6H,1,0,,2023-11-17,,Missed,0,0,0,0,1,0,0.059333618730306625,,2018-11-14,,0.121
8HJZG4AH,0,0,,,,Censored No Alarm,0,0,0,0,0,1,0.0008364783716388047,,2018-11-14,,0.121
8HJZNVWH,0,0,,,,Censored No Alarm,0,0,0,0,0,1,0.0006699858349747956,,2018-11-14,,0.121
8HK087WH,0,0,,,,Censored No Alarm,0,0,0,0,0,1,0.052307792007923126,,2018-11-14,,0.121
8HK0HH3H,0,0,,,,Censored No Alarm,0,0,0,0,0,1,0.00027710210997611284,,2018-11-14,,0.121
8HK12NNH,0,0,,,,Censored No Alarm,0,0,0,0,0,1,0.00038151483749970794,,2018-11-14,,0.121
8HK17SKH,0,1,2025-09-26,,,Censored Early,0,0,1,1,0,0,0.14319413900375366,0.14147986471652985,2018-11-14,2508.0,0.121
8HK17SWH,0,0,,,,Censored No Alarm,0,0,0,0,0,1,0.0007662555435672402,,2018-11-14,,0.121
8HK17SYH,0,1,2022-11-12,,,Censored Early,0,0,1,1,0,0,0.12761946022510529,0.12373442202806473,2018-11-14,1459.0,0.121
8HK19K9H,0,0,,,,Censored No Alarm,0,0,0,0,0,1,0.0007412236300297081,,2018-11-14,,0.121
8HK19KVH,0,0,,,,Censored No Alarm,0,0,0,0,0,1,0.0006232927553355694,,2018-11-14,,0.121
8HK1KY3H,0,0,,,,Censored No Alarm,0,0,0,0,0,1,0.0008692216360941529,,2018-11-14,,0.121
8HK1LYPH,0,0,,,,Censored No Alarm,0,0,0,0,0,1,0.000550655706319958,,2018-11-14,,0.121
8HK1N18H,0,0,,,,Censored No Alarm,0,0,0,0,0,1,0.0007478048792108893,,2018-11-14,,0.121
8HK1PV7H,0,0,,,,Censored No Alarm,0,0,0,0,0,1,0.0008595662657171488,,2018-11-14,,0.121
8HK1UULH,0,0,,,,Censored No Alarm,0,0,0,0,0,1,0.0005752635770477355,,2018-11-14,,0.121
8HK1XAAH,1,0,,2021-10-24,,Missed,0,0,0,0,1,0,0.00036162175820209086,,2018-11-14,,0.121
8HK224GH,0,0,,,,Censored No Alarm,0,0,0,0,0,1,0.0006575637380592525,,2018-11-14,,0.121
8HK25XSH,0,0,,,,Censored No Alarm,0,0,0,0,0,1,0.0008064201683737338,,2018-11-14,,0.121
8HK266WH,0,0,,,,Censored No Alarm,0,0,0,0,0,1,0.011952816508710384,,2018-11-14,,0.121
8HK28TJH,0,0,,,,Censored No Alarm,0,0,0,0,0,1,0.000705583079252392,,2018-11-14,,0.121
8HK28Y0H,0,0,,,,Censored No Alarm,0,0,0,0,0,1,0.0008903306443244219,,2018-11-14,,0.121
8HK2A1EH,0,0,,,,Censored No Alarm,0,0,0,0,0,1,0.0011383079690858722,,2019-06-01,,0.121
8HK2BA6H,0,0,,,,Censored No Alarm,0,0,0,0,0,1,0.0009899711003527045,,2018-11-14,,0.121
8HK2BAEH,0,0,,,,Censored No Alarm,0,0,0,0,0,1,0.0006815451197326183,,2018-11-14,,0.121
8HK2DVKH,0,0,,,,Censored No Alarm,0,0,0,0,0,1,0.0007119087968021631,,2018-11-14,,0.121
8HK2JXUH,0,0,,,,Censored No Alarm,0,0,0,0,0,1,0.0010310006327927113,,2019-03-28,,0.121
8HK2KY6H,0,0,,,,Censored No Alarm,0,0,0,0,0,1,0.0007025435916148126,,2018-11-14,,0.121
8HK2MXPH,0,0,,,,Censored No Alarm,0,0,0,0,0,1,0.000419863557908684,,2018-11-14,,0.121
8HK2RMWH,0,0,,,,Censored No Alarm,0,0,0,0,0,1,0.007283031474798918,,2018-11-14,,0.121
8HK2RNWH,0,0,,,,Censored No Alarm,0,0,0,0,0,1,0.0007485831738449633,,2018-11-14,,0.121
8HK2RP9H,0,0,,,,Censored No Alarm,0,0,0,0,0,1,0.0003981005575042218,,2018-11-14,,0.121
8HK2VLMH,0,0,,,,Censored No Alarm,0,0,0,0,0,1,0.000475031731184572,,2018-11-14,,0.121
8HK2X4YH,0,0,,,,Censored No Alarm,0,0,0,0,0,1,0.0008800170035101473,,2018-11-14,,0.121
8HK2ZPDH,0,0,,,,Censored No Alarm,0,0,0,0,0,1,0.0008734800503589213,,2019-05-04,,0.121
8HK2ZT1H,0,0,,,,Censored No Alarm,0,0,0,0,0,1,0.0008609420619904995,,2018-11-14,,0.121
8HK31WMH,0,0,,,,Censored No Alarm,0,0,0,0,0,1,0.0009305753628723323,,2019-05-04,,0.121
8HK31Y8H,0,0,,,,Censored No Alarm,0,0,0,0,0,1,0.0005553161026909947,,2018-11-14,,0.121
8HK341ZH,0,0,,,,Censored No Alarm,0,0,0,0,0,1,0.0005041752010583878,,2018-11-14,,0.121
8HK34EZH,0,0,,,,Censored No Alarm,0,0,0,0,0,1,0.001562209683470428,,2018-11-14,,0.121
8HK3BWZH,0,0,,,,Censored No Alarm,0,0,0,0,0,1,0.0005729260155931115,,2018-11-14,,0.121
8HK3GTLH,0,0,,,,Censored No Alarm,0,0,0,0,0,1,0.006723536644130945,,2018-11-14,,0.121
8HK3GUXH,0,0,,,,Censored No Alarm,0,0,0,0,0,1,0.00082801328971982,,2018-11-14,,0.121
8HK3MMSH,0,0,,,,Censored No Alarm,0,0,0,0,0,1,0.0009771935874596238,,2018-11-14,,0.121
8HK3NG2H,0,0,,,,Censored No Alarm,0,0,0,0,0,1,0.0005933845532126725,,2018-11-14,,0.121
8HK3NJMH,0,0,,,,Censored No Alarm,0,0,0,0,0,1,0.0008779428899288177,,2018-11-14,,0.121
8HK41HEH,0,0,,,,Censored No Alarm,0,0,0,0,0,1,0.00028397352434694767,,2018-11-14,,0.121
8HK69BMH,0,0,,,,Censored No Alarm,0,0,0,0,0,1,0.0010098875500261784,,2019-03-01,,0.121
8HK6T2AH,0,0,,,,Censored No Alarm,0,0,0,0,0,1,0.0007028710679151118,,2018-11-14,,0.121
8HK6TL7H,0,0,,,,Censored No Alarm,0,0,0,0,0,1,0.0005060476250946522,,2018-11-14,,0.121
8HK6UUDH,0,0,,,,Censored No Alarm,0,0,0,0,0,1,0.0009308858425356448,,2019-03-28,,0.121
8HK6V14H,0,0,,,,Censored No Alarm,0,0,0,0,0,1,0.0007336417329497635,,2018-11-14,,0.121
8HK6VSKH,1,1,2024-03-01,2024-03-10,9.0,On time,1,0,0,0,0,0,0.5594308972358704,0.13301913440227509,2018-11-14,1934.0,0.121
8HK70X7H,0,0,,,,Censored No Alarm,0,0,0,0,0,1,0.0004597025108523667,,2018-11-14,,0.121
8HK7194H,0,0,,,,Censored No Alarm,0,0,0,0,0,1,0.0008889891905710101,,2018-11-14,,0.121
8HK72J0H,0,0,,,,Censored No Alarm,0,0,0,0,0,1,0.0005999894929118454,,2018-11-14,,0.121
8HK7DKMH,0,0,,,,Censored No Alarm,0,0,0,0,0,1,0.0001898151240311563,,2019-03-02,,0.121
8HK7E5DH,0,0,,,,Censored No Alarm,0,0,0,0,0,1,0.0004509315185714513,,2018-11-14,,0.121
8HK7E68H,0,0,,,,Censored No Alarm,0,0,0,0,0,1,0.0007609871681779623,,2018-11-14,,0.121
8HK7H58H,0,0,,,,Censored No Alarm,0,0,0,0,0,1,0.0009243859676644206,,2018-11-14,,0.121
8HK80P1H,0,0,,,,Censored No Alarm,0,0,0,0,0,1,0.020615149289369583,,2019-01-05,,0.121
8HKB2WEH,0,0,,,,Censored No Alarm,0,0,0,0,0,1,0.02550540305674076,,2019-01-05,,0.121
8HKB3M2H,0,0,,,,Censored No Alarm,0,0,0,0,0,1,0.0005026650615036488,,2019-01-05,,0.121
8HKB4R4H,0,0,,,,Censored No Alarm,0,0,0,0,0,1,0.0009411824285052717,,2019-05-04,,0.121
8HKBBKKH,0,0,,,,Censored No Alarm,0,0,0,0,0,1,0.009155341424047947,,2018-11-14,,0.121
8HKBYNVH,0,0,,,,Censored No Alarm,0,0,0,0,0,1,0.0006720827659592032,,2019-05-04,,0.121
8HKE039H,0,0,,,,Censored No Alarm,0,0,0,0,0,1,0.014962454326450825,,2018-11-14,,0.121
8HKE6E1H,0,0,,,,Censored No Alarm,0,0,0,0,0,1,0.001064468757249415,,2019-01-05,,0.121
8HKE8S7H,0,0,,,,Censored No Alarm,0,0,0,0,0,1,0.02523420751094818,,2019-01-05,,0.121
8HKEAWEH,0,0,,,,Censored No Alarm,0,0,0,0,0,1,0.0010212365305051208,,2019-06-01,,0.121
8HKEKYRH,0,0,,,,Censored No Alarm,0,0,0,0,0,1,0.0006849741330370307,,2019-06-01,,0.121
8HKG0GWH,0,0,,,,Censored No Alarm,0,0,0,0,0,1,0.0005024746642448008,,2019-01-05,,0.121
8HKHPZHH,0,0,,,,Censored No Alarm,0,0,0,0,0,1,0.0011418609647080302,,2019-06-01,,0.121
8HKJ4MAH,0,0,,,,Censored No Alarm,0,0,0,0,0,1,0.0006775615038350224,,2019-03-01,,0.121
8HKJ5KDH,1,0,,2025-06-29,,Missed,0,0,0,0,1,0,0.0008356478647328913,,2018-11-14,,0.121
8HKL6STH,0,0,,,,Censored No Alarm,0,0,0,0,0,1,0.00046403208398260176,,2019-03-02,,0.121
8HKLRUSH,0,0,,,,Censored No Alarm,0,0,0,0,0,1,0.09350481629371643,,2019-03-01,,0.121
8HKM415H,0,0,,,,Censored No Alarm,0,0,0,0,0,1,0.0003577086899895221,,2019-03-01,,0.121
8HKM5RVH,0,0,,,,Censored No Alarm,0,0,0,0,0,1,0.0010000811889767647,,2019-03-28,,0.121
8HKM654H,0,0,,,,Censored No Alarm,0,0,0,0,0,1,0.0010734893148764968,,2019-03-28,,0.121
8HKM9Z1H,0,0,,,,Censored No Alarm,0,0,0,0,0,1,0.0006984233041293919,,2019-03-28,,0.121
8HKMR21H,1,0,,2020-09-02,,Missed,0,0,0,0,1,0,0.044093597680330276,,2019-03-28,,0.121
8HKNMW1H,0,0,,,,Censored No Alarm,0,0,0,0,0,1,0.0009243455133400857,,2019-05-04,,0.121
8HKNN28H,0,0,,,,Censored No Alarm,0,0,0,0,0,1,0.022508203983306885,,2019-06-01,,0.121
8HKPM7RH,0,0,,,,Censored No Alarm,0,0,0,0,0,1,0.0003125097427982837,,2019-03-02,,0.121
8HKPZY9H,1,0,,2024-08-13,,Missed,0,0,0,0,1,0,0.1069011241197586,,2019-03-28,,0.121
8HKRER2H,0,0,,,,Censored No Alarm,0,0,0,0,0,1,0.0010774092515930533,,2019-06-01,,0.121
8HKS4X3H,0,0,,,,Censored No Alarm,0,0,0,0,0,1,0.039900168776512146,,2019-03-02,,0.121
8HKTBA3H,1,0,,2024-09-22,,Missed,0,0,0,0,1,0,0.04875730723142624,,2019-03-01,,0.121
8HKTE54H,0,0,,,,Censored No Alarm,0,0,0,0,0,1,0.0008321107598021626,,2019-03-01,,0.121
8HKTH2SH,1,0,,2023-11-27,,Missed,0,0,0,0,1,0,0.000644571497105062,,2019-03-01,,0.121
8HKTK0XH,0,0,,,,Censored No Alarm,0,0,0,0,0,1,0.0006103630876168609,,2019-01-05,,0.121
8HKU0DXH,0,0,,,,Censored No Alarm,0,0,0,0,0,1,0.0003645356628112495,,2019-03-01,,0.121
8HKU3YTH,1,1,2024-04-07,2024-07-13,97.0,Early,0,1,0,1,0,0,0.21007800102233887,0.1267341524362564,2019-03-01,1864.0,0.121
8HKU4WXH,0,0,,,,Censored No Alarm,0,0,0,0,0,1,0.007927351631224155,,2019-01-05,,0.121
8HKUEJHH,1,0,,2025-04-25,,Missed,0,0,0,0,1,0,0.0009950516978278756,,2019-03-28,,0.121
8HKVW60H,0,0,,,,Censored No Alarm,0,0,0,0,0,1,0.0009666745318099856,,2019-03-28,,0.121
8HKW4NPH,0,0,,,,Censored No Alarm,0,0,0,0,0,1,0.0015242332592606544,,2019-06-01,,0.121
8HKWV1GH,0,0,,,,Censored No Alarm,0,0,0,0,0,1,0.0007632151828147471,,2019-01-05,,0.121
8HKWXJYH,0,0,,,,Censored No Alarm,0,0,0,0,0,1,0.000969951506704092,,2019-03-28,,0.121
8HKY0KHH,1,1,2023-04-13,2024-05-14,397.0,Early,0,1,0,1,0,0,0.6280739307403564,0.14723579585552216,2019-03-01,1504.0,0.121
8HKY66PH,0,0,,,,Censored No Alarm,0,0,0,0,0,1,0.0009378970717079937,,2019-03-01,,0.121
8HKYJ38H,0,0,,,,Censored No Alarm,0,0,0,0,0,1,0.0008280617767013609,,2019-03-28,,0.121
8HKYZ6YH,0,0,,,,Censored No Alarm,0,0,0,0,0,1,0.0005468604504130781,,2019-03-28,,0.121
8HKZ213H,0,0,,,,Censored No Alarm,0,0,0,0,0,1,0.0005283142090775073,,2019-01-05,,0.121
8HKZDBRH,0,0,,,,Censored No Alarm,0,0,0,0,0,1,0.0005615028203465044,,2019-06-01,,0.121
8HKZL75H,0,0,,,,Censored No Alarm,0,0,0,0,0,1,0.02055632509291172,,2019-05-04,,0.121
AAG0EXPH,0,0,,,,Censored No Alarm,0,0,0,0,0,1,0.00046498453593812883,,2019-01-05,,0.121
AAG0LHRH,0,0,,,,Censored No Alarm,0,0,0,0,0,1,0.001015497837215662,,2019-01-05,,0.121
AAG121VH,0,0,,,,Censored No Alarm,0,0,0,0,0,1,0.0012044613249599934,,2019-03-01,,0.121
AAG16VPH,0,0,,,,Censored No Alarm,0,0,0,0,0,1,0.0006903868052177131,,2019-01-05,,0.121
AAG18L0H,0,0,,,,Censored No Alarm,0,0,0,0,0,1,0.0008788137347437441,,2019-03-28,,0.121
AAG18MEH,0,0,,,,Censored No Alarm,0,0,0,0,0,1,0.0009463675669394433,,2019-03-01,,0.121
AAG197UH,0,0,,,,Censored No Alarm,0,0,0,0,0,1,0.0009714793995954096,,2019-06-01,,0.121
AAG1LSNH,1,0,,2025-07-30,,Missed,0,0,0,0,1,0,0.043437108397483826,,2019-01-05,,0.121
AAG1LSVH,0,0,,,,Censored No Alarm,0,0,0,0,0,1,0.00482190353795886,,2019-01-05,,0.121
AAG1LW3H,1,0,,2024-09-03,,Missed,0,0,0,0,1,0,0.11969485133886337,,2019-01-05,,0.121
AAG1PLVH,0,0,,,,Censored No Alarm,0,0,0,0,0,1,0.0008117251563817263,,2019-03-28,,0.121
AAG1PM9H,0,0,,,,Censored No Alarm,0,0,0,0,0,1,0.000751528306864202,,2019-03-28,,0.121
AAG1RJAH,0,0,,,,Censored No Alarm,0,0,0,0,0,1,0.07807732373476028,,2019-03-28,,0.121
AAG1RK5H,0,0,,,,Censored No Alarm,0,0,0,0,0,1,0.0006165010272525251,,2019-01-05,,0.121
AAG1RR9H,0,0,,,,Censored No Alarm,0,0,0,0,0,1,0.0008501330157741904,,2019-03-28,,0.121
AAG1RUJH,0,0,,,,Censored No Alarm,0,0,0,0,0,1,0.000984578626230359,,2019-03-28,,0.121
AAG1TGGH,0,0,,,,Censored No Alarm,0,0,0,0,0,1,0.0007711311336606741,,2019-01-05,,0.121
AAG1VJYH,0,0,,,,Censored No Alarm,0,0,0,0,0,1,0.0005483496352098882,,2019-03-28,,0.121
AAG1VNPH,0,0,,,,Censored No Alarm,0,0,0,0,0,1,0.00047426146920770407,,2019-01-05,,0.121
AAG1Z4AH,0,0,,,,Censored No Alarm,0,0,0,0,0,1,0.017601272091269493,,2019-08-13,,0.121
AAG23A2H,0,0,,,,Censored No Alarm,0,0,0,0,0,1,0.0925309807062149,,2019-01-05,,0.121
AAG23AKH,0,0,,,,Censored No Alarm,0,0,0,0,0,1,0.0008104348089545965,,2019-01-05,,0.121
AAG23AVH,0,0,,,,Censored No Alarm,0,0,0,0,0,1,0.0007851169793866575,,2019-03-28,,0.121
AAG246TH,0,0,,,,Censored No Alarm,0,0,0,0,0,1,0.0009709529695101082,,2019-06-01,,0.121
AAG24UVH,0,0,,,,Censored No Alarm,0,0,0,0,0,1,0.0007019024924375117,,2019-01-05,,0.121
AAG24VXH,0,0,,,,Censored No Alarm,0,0,0,0,0,1,0.0006091467221267521,,2019-01-05,,0.121
AAG26NBH,1,0,,2023-10-19,,Missed,0,0,0,0,1,0,0.07494162023067474,,2019-03-28,,0.121
AAG26TPH,0,0,,,,Censored No Alarm,0,0,0,0,0,1,0.04721885547041893,,2019-03-28,,0.121
AAG26U9H,1,0,,2023-01-26,,Missed,0,0,0,0,1,0,0.019246801733970642,,2019-06-01,,0.121
AAG27VEH,0,0,,,,Censored No Alarm,0,0,0,0,0,1,0.0009064647019840777,,2019-03-28,,0.121
AAG27W2H,0,0,,,,Censored No Alarm,0,0,0,0,0,1,0.00045161854359321296,,2019-03-01,,0.121
AAG27XPH,1,0,,2025-10-06,,Missed,0,0,0,0,1,0,0.001060771755874157,,2019-03-28,,0.121
AAG27ZLH,0,0,,,,Censored No Alarm,0,0,0,0,0,1,0.0010628377785906196,,2019-03-28,,0.121
AAG281TH,1,0,,2024-07-25,,Missed,0,0,0,0,1,0,0.06473713368177414,,2019-01-05,,0.121
AAG2GGJH,0,0,,,,Censored No Alarm,0,0,0,0,0,1,0.0008013119804672897,,2019-06-01,,0.121
AAG2JGJH,1,0,,2026-02-10,,Missed,0,0,0,0,1,0,0.02147183194756508,,2019-06-01,,0.121
AAG2JL4H,0,0,,,,Censored No Alarm,0,0,0,0,0,1,0.0006206349353305995,,2019-01-05,,0.121
AAG2RZJH,0,0,,,,Censored No Alarm,0,0,0,0,0,1,0.0006109628593549132,,2019-03-28,,0.121
AAG2S62H,0,0,,,,Censored No Alarm,0,0,0,0,0,1,0.0008284208015538752,,2019-03-28,,0.121
AAG2S9YH,0,0,,,,Censored No Alarm,0,0,0,0,0,1,0.000994536210782826,,2019-06-01,,0.121
AAG2SAYH,0,0,,,,Censored No Alarm,0,0,0,0,0,1,0.0007978288922458887,,2019-08-14,,0.121
AAG2SJ3H,0,0,,,,Censored No Alarm,0,0,0,0,0,1,0.0009862479055300355,,2019-08-13,,0.121
AAG2VSVH,0,0,,,,Censored No Alarm,0,0,0,0,0,1,0.0010628444142639637,,2019-03-28,,0.121
AAG2Y6JH,0,0,,,,Censored No Alarm,0,0,0,0,0,1,0.0009732029284350574,,2019-03-28,,0.121
AAG2Z67H,0,0,,,,Censored No Alarm,0,0,0,0,0,1,0.0007066139951348305,,2019-06-01,,0.121
AAG2ZU1H,0,0,,,,Censored No Alarm,0,0,0,0,0,1,0.001150354160927236,,2019-06-01,,0.121
AAG305AH,0,0,,,,Censored No Alarm,0,0,0,0,0,1,0.0011205849004909396,,2019-06-01,,0.121
AAG306GH,0,0,,,,Censored No Alarm,0,0,0,0,0,1,0.009502977132797241,,2019-01-05,,0.121
AAG34Z4H,0,0,,,,Censored No Alarm,0,0,0,0,0,1,0.0006246858392842114,,2019-01-05,,0.121
AAG350BH,0,1,2025-07-30,,,Censored Early,0,0,1,1,0,0,0.18785801529884338,0.12388334423303604,2019-03-28,2316.0,0.121
AAG350TH,0,0,,,,Censored No Alarm,0,0,0,0,0,1,0.0009103339980356395,,2019-03-28,,0.121
AAG3512H,0,0,,,,Censored No Alarm,0,0,0,0,0,1,0.0005714595317840576,,2019-03-28,,0.121
AAG352AH,0,0,,,,Censored No Alarm,0,0,0,0,0,1,0.0007785999914631248,,2019-06-01,,0.121
AAG353EH,0,0,,,,Censored No Alarm,0,0,0,0,0,1,0.0006964599015191197,,2019-01-05,,0.121
AAG35LWH,0,0,,,,Censored No Alarm,0,0,0,0,0,1,0.07200726866722107,,2019-01-05,,0.121
AAG401PH,0,0,,,,Censored No Alarm,0,0,0,0,0,1,0.0008951618219725788,,2019-01-05,,0.121
AAG46YHH,0,0,,,,Censored No Alarm,0,0,0,0,0,1,0.0007943250238895416,,2019-03-28,,0.121
AAG477BH,0,0,,,,Censored No Alarm,0,0,0,0,0,1,0.0009561650222167373,,2019-01-05,,0.121
AAG478DH,0,0,,,,Censored No Alarm,0,0,0,0,0,1,0.0011599808931350708,,2019-03-28,,0.121
AAG48B3H,0,0,,,,Censored No Alarm,0,0,0,0,0,1,0.0004039052582811564,,2019-03-02,,0.121
AAG4AA9H,0,0,,,,Censored No Alarm,0,0,0,0,0,1,0.02386096864938736,,2019-03-01,,0.121
AAG4VESH,0,1,2024-04-22,,,Censored Early,0,0,1,1,0,0,0.3980712890625,0.12359613180160522,2019-03-01,1879.0,0.121
AAG4Z4YH,0,0,,,,Censored No Alarm,0,0,0,0,0,1,0.003689889330416918,,2019-03-01,,0.121
AAG4Z52H,0,0,,,,Censored No Alarm,0,0,0,0,0,1,0.0003139898180961609,,2019-03-02,,0.121
AAG4Z5AH,1,1,2024-09-13,2025-03-14,182.0,Early,0,1,0,1,0,0,0.2111716866493225,0.12345153838396072,2019-01-05,2078.0,0.121
AAG4ZABH,0,0,,,,Censored No Alarm,0,0,0,0,0,1,0.0010494706220924854,,2019-03-01,,0.121
AAG51RHH,0,0,,,,Censored No Alarm,0,0,0,0,0,1,0.0008391719311475754,,2019-01-05,,0.121
AAG540GH,0,0,,,,Censored No Alarm,0,0,0,0,0,1,0.001113074366003275,,2019-03-28,,0.121
AAG5DTTH,0,0,,,,Censored No Alarm,0,0,0,0,0,1,0.0009642429649829865,,2019-03-28,,0.121
AAG5Y4DH,0,0,,,,Censored No Alarm,0,0,0,0,0,1,0.0004871465789619833,,2019-01-05,,0.121
AAG5Y4LH,0,0,,,,Censored No Alarm,0,0,0,0,0,1,0.008150383830070496,,2019-01-05,,0.121
AAG5Y4TH,0,0,,,,Censored No Alarm,0,0,0,0,0,1,0.0004750253865495324,,2019-01-05,,0.121
AAG5Y4UH,0,0,,,,Censored No Alarm,0,0,0,0,0,1,0.0008021738030947745,,2019-01-05,,0.121
AAG5Y5UH,0,0,,,,Censored No Alarm,0,0,0,0,0,1,0.01186809316277504,,2019-01-05,,0.121
AAG5YJ4H,0,0,,,,Censored No Alarm,0,0,0,0,0,1,0.0015802100533619523,,2019-03-28,,0.121
AAG5YLKH,0,0,,,,Censored No Alarm,0,0,0,0,0,1,0.00037577663897536695,,2019-03-01,,0.121
AAG5YYBH,0,0,,,,Censored No Alarm,0,0,0,0,0,1,0.0008115731761790812,,2019-01-05,,0.121
AAG5YYKH,1,1,2024-12-14,2025-09-30,290.0,Early,0,1,0,1,0,0,0.23220930993556976,0.13304536044597626,2019-01-05,2170.0,0.121
AAG5YZ8H,0,0,,,,Censored No Alarm,0,0,0,0,0,1,0.0004671970964409411,,2019-03-28,,0.121
AAG5YZZH,1,0,,2025-07-30,,Missed,0,0,0,0,1,0,0.00849817879498005,,2019-03-02,,0.121
AAG613MH,0,0,,,,Censored No Alarm,0,0,0,0,0,1,0.0005212776595726609,,2019-01-05,,0.121
AAG613RH,1,0,,2025-06-06,,Missed,0,0,0,0,1,0,0.0008638522704131901,,2019-01-05,,0.121
AAG61KPH,0,0,,,,Censored No Alarm,0,0,0,0,0,1,0.0036958856508135796,,2019-03-28,,0.121
AAG61LHH,1,1,2022-08-30,2024-05-17,626.0,Early,0,1,0,1,0,0,0.2936570644378662,0.12650461494922638,2019-03-01,1278.0,0.121
AAG61NEH,0,0,,,,Censored No Alarm,0,0,0,0,0,1,0.0008149283239617944,,2019-01-05,,0.121
AAG61NZH,0,0,,,,Censored No Alarm,0,0,0,0,0,1,0.03997175768017769,,2019-03-28,,0.121
AAG61P2H,0,0,,,,Censored No Alarm,0,0,0,0,0,1,0.000950292160268873,,2019-03-01,,0.121
AAG61UMH,0,0,,,,Censored No Alarm,0,0,0,0,0,1,0.004342971835285425,,2019-01-05,,0.121
AAG61WRH,0,0,,,,Censored No Alarm,0,0,0,0,0,1,0.000437383190728724,,2019-03-01,,0.121
AAG61Z1H,0,0,,,,Censored No Alarm,0,0,0,0,0,1,0.0005317432805895805,,2019-01-05,,0.121
AAG61ZAH,0,0,,,,Censored No Alarm,0,0,0,0,0,1,0.000915392127353698,,2019-03-01,,0.121
AAG620PH,0,0,,,,Censored No Alarm,0,0,0,0,0,1,0.0008662880281917751,,2019-03-28,,0.121
AAG621WH,0,0,,,,Censored No Alarm,0,0,0,0,0,1,0.0007311556255444884,,2019-01-05,,0.121
AAG623DH,0,0,,,,Censored No Alarm,0,0,0,0,0,1,0.0007453219150193036,,2019-01-05,,0.121
AAG6376H,0,0,,,,Censored No Alarm,0,0,0,0,0,1,0.0051408251747488976,,2019-03-28,,0.121
AAG637RH,1,0,,2022-05-21,,Missed,0,0,0,0,1,0,0.00016109325224533677,,2019-01-05,,0.121
AAG6381H,0,0,,,,Censored No Alarm,0,0,0,0,0,1,0.000508479424752295,,2019-01-05,,0.121
AAG638GH,0,0,,,,Censored No Alarm,0,0,0,0,0,1,0.0008083027205429971,,2019-01-05,,0.121
AAG639BH,0,0,,,,Censored No Alarm,0,0,0,0,0,1,0.008364182896912098,,2019-01-05,,0.121
AAG63DLH,0,0,,,,Censored No Alarm,0,0,0,0,0,1,0.0009834675583988428,,2019-03-28,,0.121
AAG63JSH,0,0,,,,Censored No Alarm,0,0,0,0,0,1,0.0006046678754501045,,2019-03-02,,0.121
AAG63PJH,0,0,,,,Censored No Alarm,0,0,0,0,0,1,0.0007605608552694321,,2019-03-28,,0.121
AAG63PKH,1,0,,2022-05-22,,Missed,0,0,0,0,1,0,0.11733917891979218,,2019-03-01,,0.121
AAG63PLH,0,0,,,,Censored No Alarm,0,0,0,0,0,1,0.0006980128237046301,,2019-03-01,,0.121
AAG63RGH,0,0,,,,Censored No Alarm,0,0,0,0,0,1,0.0009667795966379344,,2019-03-01,,0.121
AAG63TMH,1,1,2024-08-11,2025-09-02,387.0,Early,0,1,0,1,0,0,0.3617102801799774,0.12536756694316864,2019-03-02,1989.0,0.121
AAG63TSH,0,0,,,,Censored No Alarm,0,0,0,0,0,1,0.0013748450437560678,,2019-03-28,,0.121
AAG63V6H,0,0,,,,Censored No Alarm,0,0,0,0,0,1,0.07646425068378448,,2019-03-28,,0.121
AAG63WHH,1,1,2025-10-28,2025-11-30,33.0,Early,0,1,0,1,0,0,0.1839720755815506,0.16527479887008667,2019-01-05,2488.0,0.121
AAG63Z8H,1,1,2025-09-15,2025-09-28,13.0,On time,1,0,0,0,0,0,0.49566566944122314,0.18119964003562927,2019-03-01,2390.0,0.121
AAG6417H,1,1,2024-05-30,2024-06-06,7.0,On time,1,0,0,0,0,0,0.36589428782463074,0.16890272498130798,2019-03-01,1917.0,0.121
AAG6436H,0,0,,,,Censored No Alarm,0,0,0,0,0,1,0.0013194348430261016,,2019-06-01,,0.121
AAG64VXH,0,0,,,,Censored No Alarm,0,0,0,0,0,1,0.010576849803328514,,2019-01-05,,0.121
AAG6509H,0,0,,,,Censored No Alarm,0,0,0,0,0,1,0.00044651576899923384,,2019-03-28,,0.121
AAG67UZH,0,0,,,,Censored No Alarm,0,0,0,0,0,1,0.0069656455889344215,,2019-03-28,,0.121
AAG67V3H,1,1,2025-06-19,2025-06-20,1.0,On time,1,0,0,0,0,0,0.26937606930732727,0.17232652008533478,2019-03-01,2302.0,0.121
AAG67VBH,0,0,,,,Censored No Alarm,0,0,0,0,0,1,0.00330930994823575,,2019-03-28,,0.121
AAG67W3H,0,0,,,,Censored No Alarm,0,0,0,0,0,1,0.00035906900302506983,,2019-03-01,,0.121
AAG67Z8H,0,0,,,,Censored No Alarm,0,0,0,0,0,1,0.002064755652099848,,2019-06-01,,0.121
AAG682YH,1,1,2024-02-10,2024-07-04,145.0,Early,0,1,0,1,0,0,0.3576538562774658,0.13267622888088226,2019-03-28,1780.0,0.121
AAG683JH,0,0,,,,Censored No Alarm,0,0,0,0,0,1,0.000612555188126862,,2019-03-01,,0.121
AAG686GH,0,0,,,,Censored No Alarm,0,0,0,0,0,1,0.0004771799431182444,,2019-03-02,,0.121
AAG6870H,0,0,,,,Censored No Alarm,0,0,0,0,0,1,0.0010246367892250419,,2019-01-05,,0.121
AAG6878H,0,0,,,,Censored No Alarm,0,0,0,0,0,1,0.00064167904201895,,2019-01-05,,0.121
AAG687GH,0,0,,,,Censored No Alarm,0,0,0,0,0,1,0.0007341330638155341,,2019-03-01,,0.121
AAG687MH,0,0,,,,Censored No Alarm,0,0,0,0,0,1,0.0011054365895688534,,2019-03-28,,0.121
AAG68AGH,0,0,,,,Censored No Alarm,0,0,0,0,0,1,0.0005012997426092625,,2019-06-01,,0.121
AAG68AKH,0,0,,,,Censored No Alarm,0,0,0,0,0,1,0.09252577275037766,,2019-03-02,,0.121
AAG68AUH,0,0,,,,Censored No Alarm,0,0,0,0,0,1,0.0007230050978250802,,2019-01-05,,0.121
AAG68AXH,0,0,,,,Censored No Alarm,0,0,0,0,0,1,0.0010366055648773909,,2019-03-28,,0.121
AAG68BRH,0,0,,,,Censored No Alarm,0,0,0,0,0,1,0.10311603546142578,,2019-01-05,,0.121
AAG68EWH,1,0,,2023-04-01,,Missed,0,0,0,0,1,0,0.09016541391611099,,2019-01-05,,0.121
AAG68EXH,1,0,,2024-06-19,,Missed,0,0,0,0,1,0,0.03591970354318619,,2019-01-05,,0.121
AAG68KVH,0,0,,,,Censored No Alarm,0,0,0,0,0,1,0.0012135375291109085,,2019-01-05,,0.121
AAG691PH,0,0,,,,Censored No Alarm,0,0,0,0,0,1,0.0008694618591107428,,2019-06-01,,0.121
AAG691VH,0,0,,,,Censored No Alarm,0,0,0,0,0,1,0.01895272545516491,,2019-01-05,,0.121
AAG69LHH,0,0,,,,Censored No Alarm,0,0,0,0,0,1,0.0004500915529206395,,2019-06-01,,0.121
AAG69TTH,0,0,,,,Censored No Alarm,0,0,0,0,0,1,0.0009068006766028702,,2019-03-01,,0.121
AAG69WWH,0,0,,,,Censored No Alarm,0,0,0,0,0,1,0.00047465128591284156,,2019-01-05,,0.121
AAG69YWH,0,0,,,,Censored No Alarm,0,0,0,0,0,1,0.0003974898427259177,,2019-03-02,,0.121
AAG6A03H,0,0,,,,Censored No Alarm,0,0,0,0,0,1,0.0008305877563543618,,2019-03-02,,0.121
AAG6A07H,0,0,,,,Censored No Alarm,0,0,0,0,0,1,0.003970417659729719,,2019-03-01,,0.121
AAG6A0AH,0,0,,,,Censored No Alarm,0,0,0,0,0,1,0.0011277887970209122,,2019-01-05,,0.121
AAG6AATH,0,0,,,,Censored No Alarm,0,0,0,0,0,1,0.0006305092829279602,,2019-06-01,,0.121
AAG6AV4H,0,0,,,,Censored No Alarm,0,0,0,0,0,1,0.0004574031045194715,,2019-03-01,,0.121
AAG6AWTH,1,0,,2024-07-08,,Missed,0,0,0,0,1,0,0.05298924073576927,,2019-03-28,,0.121
AAG6AX6H,0,0,,,,Censored No Alarm,0,0,0,0,0,1,0.001097867381758988,,2019-03-28,,0.121
AAG6B4HH,0,0,,,,Censored No Alarm,0,0,0,0,0,1,0.000775468593928963,,2019-03-28,,0.121
AAG6B5KH,0,0,,,,Censored No Alarm,0,0,0,0,0,1,0.0007768539362587035,,2019-03-28,,0.121
AAG6DT9H,1,0,,2019-04-25,,Missed,0,0,0,0,1,0,0.00018487848865333945,,2019-03-01,,0.121
AAG6DVEH,0,0,,,,Censored No Alarm,0,0,0,0,0,1,0.026122931391000748,,2019-03-01,,0.121
AAG6DXTH,0,0,,,,Censored No Alarm,0,0,0,0,0,1,0.008234781213104725,,2019-01-05,,0.121
AAG6E2HH,0,0,,,,Censored No Alarm,0,0,0,0,0,1,0.0009930937085300684,,2019-03-28,,0.121
AAG6E60H,0,0,,,,Censored No Alarm,0,0,0,0,0,1,0.0013350759400054812,,2019-03-01,,0.121
AAG6E7EH,0,0,,,,Censored No Alarm,0,0,0,0,0,1,0.0006806785240769386,,2019-03-28,,0.121
AAG6E7RH,0,0,,,,Censored No Alarm,0,0,0,0,0,1,0.0005666539655067027,,2019-03-02,,0.121
AAG6ESPH,0,0,,,,Censored No Alarm,0,0,0,0,0,1,0.000501742644701153,,2019-01-05,,0.121
AAG6EVRH,0,0,,,,Censored No Alarm,0,0,0,0,0,1,0.0008234366541728377,,2019-01-05,,0.121
AAG6EX3H,0,0,,,,Censored No Alarm,0,0,0,0,0,1,0.000660340825561434,,2019-01-05,,0.121
AAG6GM1H,0,0,,,,Censored No Alarm,0,0,0,0,0,1,0.0006586406379938126,,2019-03-28,,0.121
AAG6H25H,0,0,,,,Censored No Alarm,0,0,0,0,0,1,0.0005272727576084435,,2019-03-01,,0.121
AAG6HG0H,0,0,,,,Censored No Alarm,0,0,0,0,0,1,0.0008279280154965818,,2019-03-01,,0.121
AAG6HSEH,0,0,,,,Censored No Alarm,0,0,0,0,0,1,0.00029478283249773085,,2019-03-02,,0.121
AAG6HYXH,0,0,,,,Censored No Alarm,0,0,0,0,0,1,0.0004493503365665674,,2019-03-02,,0.121
AAG6J1MH,0,0,,,,Censored No Alarm,0,0,0,0,0,1,0.0008146165637299418,,2019-01-05,,0.121
AAG6J1TH,1,0,,2025-10-07,,Missed,0,0,0,0,1,0,0.1084919199347496,,2019-03-01,,0.121
AAG6J2DH,1,0,,2024-01-03,,Missed,0,0,0,0,1,0,0.021351175382733345,,2019-03-28,,0.121
AAG6J2KH,1,1,2022-11-11,2023-10-19,342.0,Early,0,1,0,1,0,0,0.35235145688056946,0.1441705971956253,2019-01-05,1406.0,0.121
AAG6KJ6H,0,0,,,,Censored No Alarm,0,0,0,0,0,1,0.0011182751040905714,,2019-03-28,,0.121
AAG6KJPH,0,0,,,,Censored No Alarm,0,0,0,0,0,1,0.0008164112805388868,,2019-03-28,,0.121
AAG6KTJH,0,0,,,,Censored No Alarm,0,0,0,0,0,1,0.0002928421599790454,,2019-03-02,,0.121
AAG6KTRH,0,0,,,,Censored No Alarm,0,0,0,0,0,1,0.0009234700119122863,,2019-01-05,,0.121
AAG6KUAH,0,1,2025-12-02,,,Censored Early,0,0,1,1,0,0,0.15030275285243988,0.14529044926166534,2019-01-05,2523.0,0.121
AAG6KUJH,0,0,,,,Censored No Alarm,0,0,0,0,0,1,0.000672654714435339,,2019-03-01,,0.121
AAG6KV6H,1,0,,2021-11-27,,Missed,0,0,0,0,1,0,0.01009797677397728,,2019-03-01,,0.121
AAG6L88H,0,0,,,,Censored No Alarm,0,0,0,0,0,1,0.0007305057952180505,,2019-03-28,,0.121
AAG6L8VH,0,1,2026-01-01,,,Censored Early,0,0,1,1,0,0,0.23239435255527496,0.17100583016872406,2019-03-28,2471.0,0.121
AAG6LD7H,1,0,,2025-06-16,,Missed,0,0,0,0,1,0,0.0241011381149292,,2019-03-01,,0.121
AAG6LDTH,0,0,,,,Censored No Alarm,0,0,0,0,0,1,0.000748125952668488,,2019-03-28,,0.121
AAG6LEHH,0,0,,,,Censored No Alarm,0,0,0,0,0,1,0.0008326155948452652,,2019-03-01,,0.121
AAG6LEJH,0,0,,,,Censored No Alarm,0,0,0,0,0,1,0.0007873016293160617,,2019-03-01,,0.121
AAG6LG9H,0,0,,,,Censored No Alarm,0,0,0,0,0,1,0.0008971273782663047,,2019-01-05,,0.121
AAG6LTSH,0,0,,,,Censored No Alarm,0,0,0,0,0,1,0.0006594144506379962,,2019-03-01,,0.121
AAG6M3BH,0,0,,,,Censored No Alarm,0,0,0,0,0,1,0.0006572554120793939,,2019-03-02,,0.121
AAG6M8TH,0,0,,,,Censored No Alarm,0,0,0,0,0,1,0.0005591395893134177,,2019-01-05,,0.121
AAG6MABH,0,0,,,,Censored No Alarm,0,0,0,0,0,1,0.0007668852340430021,,2019-05-04,,0.121
AAG6NEEH,0,0,,,,Censored No Alarm,0,0,0,0,0,1,0.0007244666339829564,,2019-03-28,,0.121
AAG6NP0H,1,1,2024-02-03,2024-09-22,232.0,Early,0,1,0,1,0,0,0.33829209208488464,0.16985109448432922,2019-03-01,1800.0,0.121
AAG6NPRH,1,1,2025-12-03,2026-03-12,99.0,Early,0,1,0,1,0,0,0.28503671288490295,0.18583159148693085,2019-03-01,2469.0,0.121
AAG6NRBH,1,1,2024-04-22,2024-07-11,80.0,Early,0,1,0,1,0,0,0.23073852062225342,0.14204150438308716,2019-03-28,1852.0,0.121
AAG6NRZH,0,0,,,,Censored No Alarm,0,0,0,0,0,1,0.0009792112978175282,,2019-03-28,,0.121
AAG6NS8H,0,0,,,,Censored No Alarm,0,0,0,0,0,1,0.07398463040590286,,2019-03-28,,0.121
AAG6NSKH,0,0,,,,Censored No Alarm,0,0,0,0,0,1,0.050961773842573166,,2019-01-05,,0.121
AAG6NVKH,0,0,,,,Censored No Alarm,0,0,0,0,0,1,0.0008844542317092419,,2019-01-05,,0.121
AAG6NW3H,0,0,,,,Censored No Alarm,0,0,0,0,0,1,0.000530191813595593,,2019-06-01,,0.121
AAG6P40H,0,0,,,,Censored No Alarm,0,0,0,0,0,1,0.0005556994583457708,,2019-01-05,,0.121
AAG6P42H,0,0,,,,Censored No Alarm,0,0,0,0,0,1,0.00040838634595274925,,2019-03-01,,0.121
AAG6P4EH,0,0,,,,Censored No Alarm,0,0,0,0,0,1,0.0006658961647190154,,2019-03-28,,0.121
AAG6P9AH,0,0,,,,Censored No Alarm,0,0,0,0,0,1,0.0003278648655395955,,2019-03-01,,0.121
AAG6PWBH,0,0,,,,Censored No Alarm,0,0,0,0,0,1,0.00018794699280988425,,2019-03-02,,0.121
AAG6PY2H,0,0,,,,Censored No Alarm,0,0,0,0,0,1,0.0007432055426761508,,2019-01-05,,0.121
AAG6PYLH,0,0,,,,Censored No Alarm,0,0,0,0,0,1,0.00044862960930913687,,2019-06-01,,0.121
AAG6R0AH,0,0,,,,Censored No Alarm,0,0,0,0,0,1,0.0008500008843839169,,2019-06-01,,0.121
AAG6R2RH,0,0,,,,Censored No Alarm,0,0,0,0,0,1,0.000780703267082572,,2019-03-01,,0.121
AAG6R32H,0,0,,,,Censored No Alarm,0,0,0,0,0,1,0.0009846010943874717,,2019-03-01,,0.121
AAG6R48H,0,0,,,,Censored No Alarm,0,0,0,0,0,1,0.0008516880916431546,,2019-03-28,,0.121
AAG6R8UH,0,0,,,,Censored No Alarm,0,0,0,0,0,1,0.000443375640315935,,2019-03-28,,0.121
AAG6T4ZH,0,0,,,,Censored No Alarm,0,0,0,0,0,1,0.0011612970847636461,,2019-03-28,,0.121
AAG6T52H,1,0,,2023-06-10,,Missed,0,0,0,0,1,0,0.00038765216595493257,,2019-06-01,,0.121
AAG6T55H,0,0,,,,Censored No Alarm,0,0,0,0,0,1,0.0011519212275743484,,2019-06-01,,0.121
AAG6T5JH,0,0,,,,Censored No Alarm,0,0,0,0,0,1,0.001166426227428019,,2019-05-16,,0.121
AAG6T7LH,0,0,,,,Censored No Alarm,0,0,0,0,0,1,0.0006646287511102855,,2019-03-01,,0.121
AAG6T9NH,0,0,,,,Censored No Alarm,0,0,0,0,0,1,0.0006506171775981784,,2019-06-01,,0.121
AAG6TA8H,0,0,,,,Censored No Alarm,0,0,0,0,0,1,0.0007154085906222463,,2019-01-05,,0.121
AAG6TAHH,0,0,,,,Censored No Alarm,0,0,0,0,0,1,0.0042448146268725395,,2019-06-01,,0.121
AAG6TAKH,0,0,,,,Censored No Alarm,0,0,0,0,0,1,0.00102645019069314,,2019-06-01,,0.121
AAG6TBBH,0,0,,,,Censored No Alarm,0,0,0,0,0,1,0.000984499347396195,,2019-03-28,,0.121
AAG6TBJH,0,0,,,,Censored No Alarm,0,0,0,0,0,1,0.0013385956408455968,,2019-01-05,,0.121
AAG6THHH,0,0,,,,Censored No Alarm,0,0,0,0,0,1,0.0010756959673017263,,2019-06-01,,0.121
AAG6THJH,0,0,,,,Censored No Alarm,0,0,0,0,0,1,0.0008219095761887729,,2019-06-01,,0.121
AAG6THLH,0,0,,,,Censored No Alarm,0,0,0,0,0,1,0.0006682570092380047,,2019-05-04,,0.121
AAG6TRKH,0,0,,,,Censored No Alarm,0,0,0,0,0,1,0.0009218656923621893,,2019-05-04,,0.121
AAG6TS8H,0,0,,,,Censored No Alarm,0,0,0,0,0,1,0.020286954939365387,,2019-06-01,,0.121
AAG6TSUH,0,0,,,,Censored No Alarm,0,0,0,0,0,1,0.0009127712110057473,,2019-03-28,,0.121
AAG6TT1H,0,0,,,,Censored No Alarm,0,0,0,0,0,1,0.0009259383659809828,,2019-05-16,,0.121
AAG6TT9H,0,0,,,,Censored No Alarm,0,0,0,0,0,1,0.0007373080588877201,,2019-03-28,,0.121
AAG6TTNH,0,0,,,,Censored No Alarm,0,0,0,0,0,1,0.001350493635982275,,2019-01-05,,0.121
AAG6TUVH,0,0,,,,Censored No Alarm,0,0,0,0,0,1,0.0012771646725013852,,2019-06-01,,0.121
AAG6TVPH,0,0,,,,Censored No Alarm,0,0,0,0,0,1,0.001016242546029389,,2019-03-28,,0.121
AAG6TY4H,0,0,,,,Censored No Alarm,0,0,0,0,0,1,0.001355775399133563,,2019-06-01,,0.121
AAG6U5AH,0,0,,,,Censored No Alarm,0,0,0,0,0,1,0.0009341282420791686,,2019-03-01,,0.121
AAG6UKNH,0,0,,,,Censored No Alarm,0,0,0,0,0,1,0.0005322747165337205,,2019-03-28,,0.121
AAG6UMGH,0,0,,,,Censored No Alarm,0,0,0,0,0,1,0.000780118047259748,,2019-01-05,,0.121
AAG6UMJH,0,0,,,,Censored No Alarm,0,0,0,0,0,1,0.0007730780052952468,,2019-01-05,,0.121
AAG6UNKH,0,1,2025-03-12,,,Censored Early,0,0,1,1,0,0,0.16425155103206635,0.1399378627538681,2019-06-01,2111.0,0.121
AAG6US4H,0,0,,,,Censored No Alarm,0,0,0,0,0,1,0.0007309570210054517,,2019-03-01,,0.121
AAG6UT0H,0,0,,,,Censored No Alarm,0,0,0,0,0,1,0.0004706103354692459,,2019-06-01,,0.121
AAG6UU8H,0,0,,,,Censored No Alarm,0,0,0,0,0,1,0.014001077972352505,,2019-01-05,,0.121
AAG6UZTH,0,0,,,,Censored No Alarm,0,0,0,0,0,1,0.0010816374560818076,,2019-03-28,,0.121
AAG6V1MH,0,0,,,,Censored No Alarm,0,0,0,0,0,1,0.0020695815328508615,,2019-03-28,,0.121
AAG6V71H,0,0,,,,Censored No Alarm,0,0,0,0,0,1,0.0010164071572944522,,2019-03-01,,0.121
AAG6V7DH,0,0,,,,Censored No Alarm,0,0,0,0,0,1,0.0009162115748040378,,2019-03-01,,0.121
AAG6V7VH,0,0,,,,Censored No Alarm,0,0,0,0,0,1,0.0007744089816696942,,2019-03-01,,0.121
AAG6VHXH,0,0,,,,Censored No Alarm,0,0,0,0,0,1,0.0007483819499611855,,2019-06-01,,0.121
AAG6VJKH,0,0,,,,Censored No Alarm,0,0,0,0,0,1,0.0013370196102187037,,2019-03-28,,0.121
AAG6VM8H,0,0,,,,Censored No Alarm,0,0,0,0,0,1,0.0007863381179049611,,2019-03-28,,0.121
AAG6VMBH,0,0,,,,Censored No Alarm,0,0,0,0,0,1,0.0008965677116066217,,2019-03-01,,0.121
AAG6VMGH,0,0,,,,Censored No Alarm,0,0,0,0,0,1,0.0008623838657513261,,2019-03-01,,0.121
AAG6X6JH,0,0,,,,Censored No Alarm,0,0,0,0,0,1,0.0005403655231930315,,2019-03-28,,0.121
AAG6XU7H,1,1,2019-07-02,2020-05-23,326.0,Early,0,1,0,1,0,0,0.6190414428710938,0.21044324338436127,2019-05-04,59.0,0.121
AAG6XWGH,0,0,,,,Censored No Alarm,0,0,0,0,0,1,0.0008830075385048985,,2019-03-01,,0.121
AAG6XWJH,1,1,2025-01-24,2025-04-04,70.0,Early,0,1,0,1,0,0,0.13370777666568756,0.1299004703760147,2019-03-28,2129.0,0.121
AAG6XXWH,0,0,,,,Censored No Alarm,0,0,0,0,0,1,0.0007160563254728913,,2019-01-05,,0.121
AAG6XYBH,0,0,,,,Censored No Alarm,0,0,0,0,0,1,0.0008974128286354244,,2019-06-01,,0.121
AAG6XYNH,0,0,,,,Censored No Alarm,0,0,0,0,0,1,0.001586191589012742,,2019-06-01,,0.121
AAG6XZ6H,0,0,,,,Censored No Alarm,0,0,0,0,0,1,0.0007125060656107962,,2019-03-28,,0.121
AAG6XZNH,0,0,,,,Censored No Alarm,0,0,0,0,0,1,0.0007954436587169766,,2019-06-01,,0.121
AAG6Y0GH,0,0,,,,Censored No Alarm,0,0,0,0,0,1,0.0012728221481665969,,2019-03-01,,0.121
AAG6Y0KH,0,0,,,,Censored No Alarm,0,0,0,0,0,1,0.0007143332622945309,,2019-01-05,,0.121
AAG6Y1BH,0,0,,,,Censored No Alarm,0,0,0,0,0,1,0.00046016639680601656,,2019-03-02,,0.121
AAG6Y3LH,0,0,,,,Censored No Alarm,0,0,0,0,0,1,0.0012853103689849377,,2019-03-28,,0.121
AAG6Y3UH,0,0,,,,Censored No Alarm,0,0,0,0,0,1,0.001017669215798378,,2019-06-01,,0.121
AAG6Y41H,0,0,,,,Censored No Alarm,0,0,0,0,0,1,0.00048084193258546293,,2019-01-05,,0.121
AAG6Y46H,0,0,,,,Censored No Alarm,0,0,0,0,0,1,0.0008828405407257378,,2019-06-01,,0.121
AAG6YZ1H,0,0,,,,Censored No Alarm,0,0,0,0,0,1,0.0008062530541792512,,2019-03-28,,0.121
AAG6YZ9H,0,0,,,,Censored No Alarm,0,0,0,0,0,1,0.0006779875257052481,,2019-01-05,,0.121
AAG6Z0DH,0,0,,,,Censored No Alarm,0,0,0,0,0,1,0.0005250603426247835,,2019-01-05,,0.121
AAG6Z17H,0,0,,,,Censored No Alarm,0,0,0,0,0,1,0.0004838654713239521,,2019-06-01,,0.121
AAG6Z1MH,0,0,,,,Censored No Alarm,0,0,0,0,0,1,0.0006137827294878662,,2019-03-01,,0.121
AAG6Z1XH,0,0,,,,Censored No Alarm,0,0,0,0,0,1,0.00035351928090676665,,2019-03-01,,0.121
AAG6Z2DH,0,0,,,,Censored No Alarm,0,0,0,0,0,1,0.0005724301445297897,,2019-03-01,,0.121
AAG6Z2RH,0,0,,,,Censored No Alarm,0,0,0,0,0,1,0.0005384570686146617,,2019-06-01,,0.121
AAG6Z42H,1,0,,2024-11-24,,Missed,0,0,0,0,1,0,0.020827259868383408,,2019-01-05,,0.121
AAG6Z4VH,0,0,,,,Censored No Alarm,0,0,0,0,0,1,0.0006987539818510413,,2019-03-01,,0.121
AAG6Z53H,0,0,,,,Censored No Alarm,0,0,0,0,0,1,0.001162785803899169,,2019-05-16,,0.121
AAG6ZJ9H,0,0,,,,Censored No Alarm,0,0,0,0,0,1,0.000397086056182161,,2019-03-01,,0.121
AAG705GH,0,0,,,,Censored No Alarm,0,0,0,0,0,1,0.0008693698327988386,,2019-03-01,,0.121
AAG7078H,0,0,,,,Censored No Alarm,0,0,0,0,0,1,0.009261185303330421,,2019-05-04,,0.121
AAG70HDH,0,0,,,,Censored No Alarm,0,0,0,0,0,1,0.0009566073422320187,,2019-01-05,,0.121
AAG70JEH,0,0,,,,Censored No Alarm,0,0,0,0,0,1,0.011327341198921204,,2019-06-01,,0.121
AAG70U9H,0,0,,,,Censored No Alarm,0,0,0,0,0,1,0.005127614829689264,,2019-01-05,,0.121
AAG73ZWH,0,0,,,,Censored No Alarm,0,0,0,0,0,1,0.0011393694439902902,,2019-01-05,,0.121
AAG73ZZH,0,0,,,,Censored No Alarm,0,0,0,0,0,1,0.004821400158107281,,2019-03-28,,0.121
AAG740EH,0,0,,,,Censored No Alarm,0,0,0,0,0,1,0.0010399429593235254,,2019-01-05,,0.121
AAG740NH,0,0,,,,Censored No Alarm,0,0,0,0,0,1,0.00048255897127091885,,2019-06-01,,0.121
AAG740WH,0,0,,,,Censored No Alarm,0,0,0,0,0,1,0.00040127424290403724,,2019-03-01,,0.121
AAG740YH,0,0,,,,Censored No Alarm,0,0,0,0,0,1,0.0010269308695569634,,2019-03-28,,0.121
AAG741PH,0,0,,,,Censored No Alarm,0,0,0,0,0,1,0.0009116121218539774,,2019-03-28,,0.121
AAG742EH,0,0,,,,Censored No Alarm,0,0,0,0,0,1,0.001334005151875317,,2019-03-28,,0.121
AAG742JH,0,0,,,,Censored No Alarm,0,0,0,0,0,1,0.011200468987226486,,2019-06-01,,0.121
AAG742WH,0,0,,,,Censored No Alarm,0,0,0,0,0,1,0.0011381914373487234,,2019-01-05,,0.121
AAG7431H,0,0,,,,Censored No Alarm,0,0,0,0,0,1,0.0005058542010374367,,2019-01-05,,0.121
AAG743EH,0,0,,,,Censored No Alarm,0,0,0,0,0,1,0.0008609412470832467,,2019-06-01,,0.121
AAG743UH,0,0,,,,Censored No Alarm,0,0,0,0,0,1,0.0011095411609858274,,2019-01-05,,0.121
AAG743VH,0,0,,,,Censored No Alarm,0,0,0,0,0,1,0.004988251253962517,,2019-01-05,,0.121
AAG7454H,0,0,,,,Censored No Alarm,0,0,0,0,0,1,0.0008334129233844578,,2019-03-28,,0.121
AAG74DKH,0,0,,,,Censored No Alarm,0,0,0,0,0,1,0.0006580615299753845,,2019-05-04,,0.121
AAG74EAH,1,1,2022-02-04,2025-07-27,1269.0,Early,0,1,0,1,0,0,0.5917511582374573,0.1291453093290329,2019-05-04,1007.0,0.121
AAG74EBH,0,0,,,,Censored No Alarm,0,0,0,0,0,1,0.001064660376869142,,2019-03-28,,0.121
AAG74EYH,0,0,,,,Censored No Alarm,0,0,0,0,0,1,0.000975140486843884,,2019-06-01,,0.121
AAG74EZH,0,0,,,,Censored No Alarm,0,0,0,0,0,1,0.00041312308167107403,,2019-06-01,,0.121
AAG74VHH,0,0,,,,Censored No Alarm,0,0,0,0,0,1,0.0005014368798583746,,2019-03-01,,0.121
AAG74WRH,0,0,,,,Censored No Alarm,0,0,0,0,0,1,0.0013900514459237456,,2019-06-01,,0.121
AAG76HYH,1,1,2021-08-30,2021-09-29,30.0,On time,1,0,0,0,0,0,0.6556273698806763,0.2158283144235611,2019-03-02,912.0,0.121
AAG77A5H,0,0,,,,Censored No Alarm,0,0,0,0,0,1,0.0003871516091749072,,2019-06-01,,0.121
AAG799NH,0,0,,,,Censored No Alarm,0,0,0,0,0,1,0.0002046272566076368,,2019-03-02,,0.121
AAG79B0H,0,0,,,,Censored No Alarm,0,0,0,0,0,1,0.0009197377366945148,,2019-03-28,,0.121
AAG7A8EH,0,0,,,,Censored No Alarm,0,0,0,0,0,1,0.0007755003753118217,,2019-06-01,,0.121
AAG7A9KH,0,0,,,,Censored No Alarm,0,0,0,0,0,1,0.0009655010071583092,,2019-01-05,,0.121
AAG7ADMH,0,0,,,,Censored No Alarm,0,0,0,0,0,1,0.0012263866374269128,,2019-05-16,,0.121
AAG7AGWH,0,0,,,,Censored No Alarm,0,0,0,0,0,1,0.0008055886719375849,,2019-05-04,,0.121
AAG7AHMH,0,0,,,,Censored No Alarm,0,0,0,0,0,1,0.0004321327432990074,,2019-06-01,,0.121
AAG7BP3H,0,0,,,,Censored No Alarm,0,0,0,0,0,1,0.000896578305400908,,2019-06-01,,0.121
AAG7BPKH,0,0,,,,Censored No Alarm,0,0,0,0,0,1,0.0006281383684836328,,2019-06-01,,0.121
AAG7BRGH,0,0,,,,Censored No Alarm,0,0,0,0,0,1,0.0007553822360932827,,2019-01-05,,0.121
AAG7BS8H,0,0,,,,Censored No Alarm,0,0,0,0,0,1,0.0009190005366690457,,2019-03-01,,0.121
AAG7BWAH,0,0,,,,Censored No Alarm,0,0,0,0,0,1,0.0005782050429843366,,2019-03-28,,0.121
AAG7D1SH,0,0,,,,Censored No Alarm,0,0,0,0,0,1,0.0016006382647901773,,2019-06-01,,0.121
AAG7D29H,0,0,,,,Censored No Alarm,0,0,0,0,0,1,0.0009938940638676286,,2019-03-28,,0.121
AAG7D2PH,0,0,,,,Censored No Alarm,0,0,0,0,0,1,0.0003692448663059622,,2019-06-01,,0.121
AAG7D48H,0,0,,,,Censored No Alarm,0,0,0,0,0,1,0.0010370466625317931,,2019-06-01,,0.121
AAG7D4DH,0,0,,,,Censored No Alarm,0,0,0,0,0,1,0.0006615640595555305,,2019-03-01,,0.121
AAG7D85H,0,0,,,,Censored No Alarm,0,0,0,0,0,1,0.02369592897593975,,2019-06-01,,0.121
AAG7DPYH,0,0,,,,Censored No Alarm,0,0,0,0,0,1,0.0008798668859526515,,2019-03-01,,0.121
AAG7DRDH,0,0,,,,Censored No Alarm,0,0,0,0,0,1,0.00025499839102849364,,2019-03-01,,0.121
AAG7DS9H,0,0,,,,Censored No Alarm,0,0,0,0,0,1,0.012645335868000984,,2019-03-01,,0.121
AAG7DW0H,0,0,,,,Censored No Alarm,0,0,0,0,0,1,0.0009409519261680543,,2019-05-04,,0.121
AAG7E1MH,0,0,,,,Censored No Alarm,0,0,0,0,0,1,0.0008120601414702833,,2019-03-01,,0.121
AAG7E1PH,0,0,,,,Censored No Alarm,0,0,0,0,0,1,0.0007543833926320076,,2019-01-05,,0.121
AAG7E2HH,0,0,,,,Censored No Alarm,0,0,0,0,0,1,0.00036129215732216835,,2019-03-02,,0.121
AAG7LG4H,0,0,,,,Censored No Alarm,0,0,0,0,0,1,0.0009313688497059047,,2019-03-01,,0.121
AAG7LG7H,0,0,,,,Censored No Alarm,0,0,0,0,0,1,0.0009805671870708466,,2019-05-16,,0.121
AAG7LHYH,0,0,,,,Censored No Alarm,0,0,0,0,0,1,0.0010604287963360548,,2019-03-28,,0.121
AAG7LNAH,0,0,,,,Censored No Alarm,0,0,0,0,0,1,0.00045204494381323457,,2019-06-01,,0.121
AAG7LSWH,0,0,,,,Censored No Alarm,0,0,0,0,0,1,0.0007556785130873322,,2019-01-05,,0.121
AAG7LTHH,1,0,,2024-07-29,,Missed,0,0,0,0,1,0,0.11721936613321304,,2019-03-28,,0.121
AAG7LZEH,0,0,,,,Censored No Alarm,0,0,0,0,0,1,0.0004726617771666497,,2019-03-02,,0.121
AAG7M25H,0,0,,,,Censored No Alarm,0,0,0,0,0,1,0.0008825495606288314,,2019-06-01,,0.121
AAG7M3NH,0,0,,,,Censored No Alarm,0,0,0,0,0,1,0.00134965218603611,,2019-06-01,,0.121
AAG7M3TH,0,0,,,,Censored No Alarm,0,0,0,0,0,1,0.0010600347304716706,,2019-03-28,,0.121
AAG7MMDH,0,0,,,,Censored No Alarm,0,0,0,0,0,1,0.0012945221969857812,,2019-05-16,,0.121
AAG7MP8H,0,0,,,,Censored No Alarm,0,0,0,0,0,1,0.0006691979942843318,,2019-06-01,,0.121
AAG7MULH,1,1,2026-02-13,2026-03-13,28.0,On time,1,0,0,0,0,0,0.5708807706832886,0.297802209854126,2019-03-02,2540.0,0.121
AAG7MUNH,0,0,,,,Censored No Alarm,0,0,0,0,0,1,0.010225160047411919,,2019-06-01,,0.121
AAG7MVMH,0,0,,,,Censored No Alarm,0,0,0,0,0,1,0.0004342943720985204,,2019-03-02,,0.121
AAG7N3ZH,0,0,,,,Censored No Alarm,0,0,0,0,0,1,0.0008032791665755212,,2019-03-28,,0.121
AAG7N5WH,0,0,,,,Censored No Alarm,0,0,0,0,0,1,0.0010846835793927312,,2019-03-28,,0.121
AAG7N62H,0,0,,,,Censored No Alarm,0,0,0,0,0,1,0.0005137267871759832,,2019-06-01,,0.121
AAG7N63H,0,0,,,,Censored No Alarm,0,0,0,0,0,1,0.0007128140423446894,,2019-03-28,,0.121
AAG7N6MH,0,0,,,,Censored No Alarm,0,0,0,0,0,1,0.0007568099536001682,,2019-05-04,,0.121
AAG7PPHH,1,0,,2025-10-28,,Missed,0,0,0,0,1,0,0.015034576877951622,,2019-03-02,,0.121
AAG7R02H,0,0,,,,Censored No Alarm,0,0,0,0,0,1,0.0010333949467167258,,2019-06-01,,0.121
AAG7R5VH,0,0,,,,Censored No Alarm,0,0,0,0,0,1,0.0004889704869128764,,2019-06-01,,0.121
AAG7R93H,0,0,,,,Censored No Alarm,0,0,0,0,0,1,0.001688265590928495,,2019-06-01,,0.121
AAG7RA1H,0,0,,,,Censored No Alarm,0,0,0,0,0,1,0.0009425131138414145,,2019-01-05,,0.121
AAG7RAMH,0,0,,,,Censored No Alarm,0,0,0,0,0,1,0.0003520133323036134,,2019-03-02,,0.121
AAG7RBDH,0,0,,,,Censored No Alarm,0,0,0,0,0,1,0.0009188822587020695,,2019-05-04,,0.121
AAG90D8H,0,0,,,,Censored No Alarm,0,0,0,0,0,1,0.000880019913893193,,2019-05-04,,0.121
AAG9VK6H,0,0,,,,Censored No Alarm,0,0,0,0,0,1,0.0005086253513582051,,2019-03-02,,0.121
AAGA4YNH,0,0,,,,Censored No Alarm,0,0,0,0,0,1,0.0007934530731290579,,2019-06-01,,0.121
AAGA7W1H,1,0,,2023-04-11,,Missed,0,0,0,0,1,0,0.09901373088359833,,2019-03-01,,0.121
AAGA9E3H,0,0,,,,Censored No Alarm,0,0,0,0,0,1,0.0009574635769240558,,2019-05-04,,0.121
AAGH3VWH,0,0,,,,Censored No Alarm,0,0,0,0,0,1,0.003615157911553979,,2019-05-27,,0.121
AAGMU4TH,0,0,,,,Censored No Alarm,0,0,0,0,0,1,0.0007660171831957996,,2019-05-04,,0.121
AAGN9D2H,1,0,,2023-09-17,,Missed,0,0,0,0,1,0,0.0006468731444329023,,2019-05-04,,0.121
AAGP62KH,0,0,,,,Censored No Alarm,0,0,0,0,0,1,0.002120920456945896,,2019-06-01,,0.121
AAGUS87H,0,0,,,,Censored No Alarm,0,0,0,0,0,1,0.0007280260906554759,,2019-08-14,,0.121
AAGVX4UH,0,0,,,,Censored No Alarm,0,0,0,0,0,1,0.0004629602481145412,,2019-05-04,,0.121
AAGWTB0H,0,0,,,,Censored No Alarm,0,0,0,0,0,1,0.06642749160528183,,2019-06-01,,0.121
AAGXDBZH,0,1,2023-08-07,,,Censored Early,0,0,1,1,0,0,0.459084153175354,0.17432183027267456,2019-05-16,1544.0,0.121
AAGXLP2H,0,0,,,,Censored No Alarm,0,0,0,0,0,1,0.001397209125570953,,2019-06-01,,0.121
AAGXMJSH,0,0,,,,Censored No Alarm,0,0,0,0,0,1,0.0006850198260508478,,2019-05-04,,0.121
AAGXU8YH,0,0,,,,Censored No Alarm,0,0,0,0,0,1,0.0011516265803948045,,2019-05-16,,0.121
AAGXUBRH,0,0,,,,Censored No Alarm,0,0,0,0,0,1,0.0007980996160767972,,2019-05-04,,0.121
AAGXV97H,0,0,,,,Censored No Alarm,0,0,0,0,0,1,0.0014624211471527815,,2024-03-13,,0.121
AAGXW8VH,0,0,,,,Censored No Alarm,0,0,0,0,0,1,0.0011459373636171222,,2019-08-14,,0.121
AAGXWUWH,0,0,,,,Censored No Alarm,0,0,0,0,0,1,0.0006695632473565638,,2019-05-04,,0.121
AAGXY3MH,1,0,,2025-04-09,,Missed,0,0,0,0,1,0,0.010838623158633709,,2019-05-16,,0.121
AAH22T7H,0,0,,,,Censored No Alarm,0,0,0,0,0,1,0.07203345000743866,,2019-05-04,,0.121
AAH4NTGH,0,0,,,,Censored No Alarm,0,0,0,0,0,1,0.0009596857125870883,,2019-05-04,,0.121
AAH6DU2H,0,1,2024-11-27,,,Censored Early,0,0,1,1,0,0,0.26521363854408264,0.13236898183822632,2019-08-14,1932.0,0.121
AAH78SAH,0,0,,,,Censored No Alarm,0,0,0,0,0,1,0.0005769559065811336,,2019-05-04,,0.121
AAH7HJSH,0,0,,,,Censored No Alarm,0,0,0,0,0,1,0.0007100082584656775,,2019-05-04,,0.121
AAH7HKHH,0,0,,,,Censored No Alarm,0,0,0,0,0,1,0.0009289768058806658,,2019-05-04,,0.121
AAH7HNDH,0,0,,,,Censored No Alarm,0,0,0,0,0,1,0.0008604975882917643,,2019-05-04,,0.121
AAH7X19H,0,0,,,,Censored No Alarm,0,0,0,0,0,1,0.0005948971374891698,,2019-05-04,,0.121
AAH86SEH,0,0,,,,Censored No Alarm,0,0,0,0,0,1,0.0006049990770407021,,2019-05-04,,0.121
AAH8BLDH,0,0,,,,Censored No Alarm,0,0,0,0,0,1,0.0009104454657062888,,2019-05-04,,0.121
AAH8HPVH,0,0,,,,Censored No Alarm,0,0,0,0,0,1,0.035294242203235626,,2019-05-04,,0.121
AAH8LPUH,0,0,,,,Censored No Alarm,0,0,0,0,0,1,0.0009623455116525292,,2019-05-04,,0.121
AAH8P7WH,0,0,,,,Censored No Alarm,0,0,0,0,0,1,0.0007398559246212244,,2019-05-27,,0.121
AAH8R0LH,0,0,,,,Censored No Alarm,0,0,0,0,0,1,0.0010053747100755572,,2019-05-04,,0.121
AAH8RG4H,0,0,,,,Censored No Alarm,0,0,0,0,0,1,0.0011594141833484173,,2019-05-04,,0.121
AAH8V76H,0,0,,,,Censored No Alarm,0,0,0,0,0,1,0.0009181935456581414,,2019-05-04,,0.121
AAH8V7KH,0,0,,,,Censored No Alarm,0,0,0,0,0,1,0.0007239383412525058,,2019-05-04,,0.121
AAH90NAH,1,0,,2023-04-19,,Missed,0,0,0,0,1,0,0.03793390840291977,,2019-05-04,,0.121
AAH919BH,0,0,,,,Censored No Alarm,0,0,0,0,0,1,0.0009814457735046744,,2019-05-04,,0.121
AAH9285H,0,0,,,,Censored No Alarm,0,0,0,0,0,1,0.0006238486967049539,,2019-05-04,,0.121
AAH92GHH,0,0,,,,Censored No Alarm,0,0,0,0,0,1,0.0008481889963150024,,2019-05-04,,0.121
AAH92HRH,0,0,,,,Censored No Alarm,0,0,0,0,0,1,0.0006163048092275858,,2019-05-04,,0.121
AAH92JGH,0,0,,,,Censored No Alarm,0,0,0,0,0,1,0.0018215430900454521,,2019-05-04,,0.121
AAH92V3H,0,0,,,,Censored No Alarm,0,0,0,0,0,1,0.0005103036528453231,,2019-05-04,,0.121
AAH9301H,1,0,,2023-12-23,,Missed,0,0,0,0,1,0,0.08173733949661255,,2019-05-04,,0.121
AAH9305H,0,0,,,,Censored No Alarm,0,0,0,0,0,1,0.000974921218585223,,2019-05-04,,0.121
AAH9307H,1,0,,2023-04-09,,Missed,0,0,0,0,1,0,0.0007335682748816907,,2019-05-04,,0.121
AAH93MDH,0,0,,,,Censored No Alarm,0,0,0,0,0,1,0.04268286004662514,,2019-05-04,,0.121
AAH93RZH,0,0,,,,Censored No Alarm,0,0,0,0,0,1,0.0009333484340459108,,2019-05-04,,0.121
AAH953TH,0,0,,,,Censored No Alarm,0,0,0,0,0,1,0.000992793356999755,,2019-05-04,,0.121
AAH9618H,0,0,,,,Censored No Alarm,0,0,0,0,0,1,0.0009869546629488468,,2019-05-04,,0.121
AAH9689H,0,0,,,,Censored No Alarm,0,0,0,0,0,1,0.00048440071986988187,,2019-05-04,,0.121
AAH96AUH,0,0,,,,Censored No Alarm,0,0,0,0,0,1,0.018605992197990417,,2019-05-04,,0.121
AAH97BZH,0,0,,,,Censored No Alarm,0,0,0,0,0,1,0.1092757135629654,,2019-05-04,,0.121
AAH99PNH,0,0,,,,Censored No Alarm,0,0,0,0,0,1,0.0005598045536316931,,2019-05-04,,0.121
AAH9BERH,0,0,,,,Censored No Alarm,0,0,0,0,0,1,0.0008863722323440015,,2019-05-04,,0.121
AAHAS1MH,0,0,,,,Censored No Alarm,0,0,0,0,0,1,0.0007013187278062105,,2019-05-27,,0.121
AAHAS9TH,0,0,,,,Censored No Alarm,0,0,0,0,0,1,0.0008412439492531121,,2019-05-27,,0.121
AAHB6YXH,0,0,,,,Censored No Alarm,0,0,0,0,0,1,0.0005189134972169995,,2019-05-27,,0.121
AAHB8Z9H,0,0,,,,Censored No Alarm,0,0,0,0,0,1,0.0007504770183004439,,2019-05-27,,0.121
AAHBKUHH,0,0,,,,Censored No Alarm,0,0,0,0,0,1,0.0007331720553338528,,2019-05-27,,0.121
AAHD7S9H,0,0,,,,Censored No Alarm,0,0,0,0,0,1,0.0009722627582959831,,2019-05-19,,0.121
AAHDJD5H,0,0,,,,Censored No Alarm,0,0,0,0,0,1,0.0010048049734905362,,2019-05-27,,0.121
AAHDJDSH,0,0,,,,Censored No Alarm,0,0,0,0,0,1,0.0004505629185587168,,2019-05-27,,0.121
AAHDJH3H,0,0,,,,Censored No Alarm,0,0,0,0,0,1,0.0003734752244781703,,2019-05-27,,0.121
AAHDUS5H,0,0,,,,Censored No Alarm,0,0,0,0,0,1,0.000631891714874655,,2019-05-27,,0.121
AAHDUT6H,0,0,,,,Censored No Alarm,0,0,0,0,0,1,0.0007073740125633776,,2019-05-27,,0.121
AAHDYR0H,0,0,,,,Censored No Alarm,0,0,0,0,0,1,0.000725170539226383,,2019-05-27,,0.121
AAHE23AH,0,0,,,,Censored No Alarm,0,0,0,0,0,1,0.00036323443055152893,,2019-05-27,,0.121
AAHE4SAH,0,0,,,,Censored No Alarm,0,0,0,0,0,1,0.0004761111631523818,,2019-05-27,,0.121
AAHEAGWH,0,0,,,,Censored No Alarm,0,0,0,0,0,1,0.0013733094092458487,,2019-05-27,,0.121
AAHEAHLH,0,0,,,,Censored No Alarm,0,0,0,0,0,1,0.0005746087408624589,,2019-05-27,,0.121
AAHED32H,0,0,,,,Censored No Alarm,0,0,0,0,0,1,0.0005303596262820065,,2019-05-27,,0.121
AAHED3GH,0,0,,,,Censored No Alarm,0,0,0,0,0,1,0.022950517013669014,,2019-05-27,,0.121
AAHED8NH,0,0,,,,Censored No Alarm,0,0,0,0,0,1,0.00032831591670401394,,2019-05-27,,0.121
AAHED98H,0,0,,,,Censored No Alarm,0,0,0,0,0,1,0.0008358871564269066,,2019-05-27,,0.121
AAHEEVKH,0,0,,,,Censored No Alarm,0,0,0,0,0,1,0.0006448270287364721,,2019-05-27,,0.121
AAHEHEEH,0,0,,,,Censored No Alarm,0,0,0,0,0,1,0.00039300238131545484,,2019-05-27,,0.121
AAHEHHMH,0,0,,,,Censored No Alarm,0,0,0,0,0,1,0.00035719326115213335,,2019-05-27,,0.121
AAHEHJ0H,0,0,,,,Censored No Alarm,0,0,0,0,0,1,0.0008076528902165592,,2019-06-01,,0.121
AAHEHJ1H,0,0,,,,Censored No Alarm,0,0,0,0,0,1,0.00040164103847928345,,2019-05-27,,0.121
AAHEHL5H,0,0,,,,Censored No Alarm,0,0,0,0,0,1,0.0010610173922032118,,2019-05-27,,0.121
AAHEHP8H,0,0,,,,Censored No Alarm,0,0,0,0,0,1,0.001564903650432825,,2019-05-27,,0.121
AAHEHRSH,0,0,,,,Censored No Alarm,0,0,0,0,0,1,0.0006015185499563813,,2019-05-27,,0.121
AAHEHS0H,0,0,,,,Censored No Alarm,0,0,0,0,0,1,0.00048703604261390865,,2019-05-27,,0.121
AAHEHTDH,0,0,,,,Censored No Alarm,0,0,0,0,0,1,0.0007814952987246215,,2019-05-27,,0.121
AAHEHTNH,0,0,,,,Censored No Alarm,0,0,0,0,0,1,0.000640922982711345,,2019-05-27,,0.121
AAHEHTPH,0,0,,,,Censored No Alarm,0,0,0,0,0,1,0.0005021150573156774,,2019-05-27,,0.121
AAHEHVUH,0,0,,,,Censored No Alarm,0,0,0,0,0,1,0.00120903505012393,,2019-05-27,,0.121
AAHEHY7H,0,0,,,,Censored No Alarm,0,0,0,0,0,1,0.00040135267772711813,,2019-05-27,,0.121
AAHEHZ2H,0,0,,,,Censored No Alarm,0,0,0,0,0,1,0.0005676247528754175,,2019-05-27,,0.121
AAHEHZPH,0,0,,,,Censored No Alarm,0,0,0,0,0,1,0.000497988541610539,,2019-05-27,,0.121
AAHEHZXH,0,0,,,,Censored No Alarm,0,0,0,0,0,1,0.0012936667772009969,,2019-05-27,,0.121
AAHEJ43H,0,0,,,,Censored No Alarm,0,0,0,0,0,1,0.0005107715842314065,,2019-05-27,,0.121
AAHEJ4KH,0,0,,,,Censored No Alarm,0,0,0,0,0,1,0.0007267063483595848,,2019-05-27,,0.121
AAHEJ76H,0,0,,,,Censored No Alarm,0,0,0,0,0,1,0.000766877899877727,,2019-05-27,,0.121
AAHEJDXH,0,0,,,,Censored No Alarm,0,0,0,0,0,1,0.002143035177141428,,2019-05-27,,0.121
AAHEJE4H,0,0,,,,Censored No Alarm,0,0,0,0,0,1,0.0007933034212328494,,2019-05-27,,0.121
AAHEJHKH,0,0,,,,Censored No Alarm,0,0,0,0,0,1,0.0005094011430628598,,2019-05-27,,0.121
AAHGYKJH,1,0,,2024-07-24,,Missed,0,0,0,0,1,0,0.006747276987880468,,2019-08-13,,0.121
AAHH59AH,0,0,,,,Censored No Alarm,0,0,0,0,0,1,0.0007830465910956264,,2019-08-14,,0.121
AAHHAXAH,0,0,,,,Censored No Alarm,0,0,0,0,0,1,0.0005663240444846451,,2019-08-13,,0.121
AAHHXJ2H,0,0,,,,Censored No Alarm,0,0,0,0,0,1,0.0011427210411056876,,2019-08-13,,0.121
AAHJG5XH,0,0,,,,Censored No Alarm,0,0,0,0,0,1,0.0025894257705658674,,2019-08-14,,0.121
AAHJP8BH,0,0,,,,Censored No Alarm,0,0,0,0,0,1,0.01815640926361084,,2019-06-01,,0.121
AAHK5PUH,0,0,,,,Censored No Alarm,0,0,0,0,0,1,0.023085838183760643,,2019-06-01,,0.121
AAHK8NRH,0,0,,,,Censored No Alarm,0,0,0,0,0,1,0.0011445943964645267,,2019-08-13,,0.121
AAHKERJH,1,0,,2026-01-13,,Missed,0,0,0,0,1,0,0.03632790595293045,,2019-08-13,,0.121
AAHKKR8H,0,0,,,,Censored No Alarm,0,0,0,0,0,1,0.001517620636150241,,2019-08-14,,0.121
AAHKLDKH,0,0,,,,Censored No Alarm,0,0,0,0,0,1,0.001337451278232038,,2019-06-01,,0.121
AAHKM55H,1,0,,2025-03-25,,Missed,0,0,0,0,1,0,0.04461269453167915,,2019-08-14,,0.121
AAHKMW2H,1,0,,2022-01-12,,Missed,0,0,0,0,1,0,0.00035560180549509823,,2019-06-01,,0.121
AAHKS17H,1,0,,2025-07-07,,Missed,0,0,0,0,1,0,0.08340311050415039,,2019-06-01,,0.121
AAHKWLAH,0,1,2025-05-01,,,Censored Early,0,0,1,1,0,0,0.28430989384651184,0.1222710832953453,2019-08-14,2087.0,0.121
AAHKX43H,1,0,,2019-11-25,,Missed,0,0,0,0,1,0,0.02341965027153492,,2019-08-14,,0.121
AAHKXKYH,0,0,,,,Censored No Alarm,0,0,0,0,0,1,0.021120907738804817,,2019-08-13,,0.121
AAHKXLYH,0,0,,,,Censored No Alarm,0,0,0,0,0,1,0.000788726843893528,,2019-08-14,,0.121
AAHKXNHH,0,0,,,,Censored No Alarm,0,0,0,0,0,1,0.013247307389974594,,2019-08-14,,0.121
AAHKXZ7H,0,0,,,,Censored No Alarm,0,0,0,0,0,1,0.000556302024051547,,2019-08-14,,0.121
AAHKYETH,0,0,,,,Censored No Alarm,0,0,0,0,0,1,0.0011979652335867286,,2019-05-16,,0.121
AAHL0PKH,0,0,,,,Censored No Alarm,0,0,0,0,0,1,0.0013444960350170732,,2019-08-13,,0.121
AAHL0TLH,0,0,,,,Censored No Alarm,0,0,0,0,0,1,0.010443508625030518,,2019-06-01,,0.121
AAHL4K8H,0,0,,,,Censored No Alarm,0,0,0,0,0,1,0.0023550079204142094,,2019-05-16,,0.121
AAHL5LRH,1,0,,2024-09-01,,Missed,0,0,0,0,1,0,0.06921100616455078,,2019-08-13,,0.121
AAHL9A9H,0,0,,,,Censored No Alarm,0,0,0,0,0,1,0.05015701800584793,,2019-08-13,,0.121
AAHL9XJH,0,0,,,,Censored No Alarm,0,0,0,0,0,1,0.014847829006612301,,2019-08-14,,0.121
AAHL9XLH,0,0,,,,Censored No Alarm,0,0,0,0,0,1,0.0013531489530578256,,2019-08-14,,0.121
AAHL9Y3H,0,0,,,,Censored No Alarm,0,0,0,0,0,1,0.0008392360177822411,,2019-08-14,,0.121
AAHL9YAH,0,0,,,,Censored No Alarm,0,0,0,0,0,1,0.0005560941644944251,,2019-08-14,,0.121
AAHL9ZYH,0,0,,,,Censored No Alarm,0,0,0,0,0,1,0.0011782061774283648,,2019-08-14,,0.121
AAHLBTZH,1,1,2025-07-02,2025-07-26,24.0,On time,1,0,0,0,0,0,0.14775115251541138,0.1368519514799118,2019-08-14,2149.0,0.121
AAHLBWGH,1,1,2025-08-14,2025-08-30,16.0,On time,1,0,0,0,0,0,0.31367993354797363,0.19153203070163727,2019-08-14,2192.0,0.121
AAHLBWSH,1,0,,2023-12-11,,Missed,0,0,0,0,1,0,0.06856647878885269,,2019-08-13,,0.121
AAHLBXVH,0,0,,,,Censored No Alarm,0,0,0,0,0,1,0.019874582067131996,,2019-08-14,,0.121
AAHLD3UH,1,0,,2025-03-11,,Missed,0,0,0,0,1,0,0.05164635181427002,,2019-08-13,,0.121
AAHLS5JH,0,0,,,,Censored No Alarm,0,0,0,0,0,1,0.0012291775783523917,,2019-05-16,,0.121
AAHLS7ZH,0,0,,,,Censored No Alarm,0,0,0,0,0,1,0.0006321733817458153,,2019-05-16,,0.121
AAHLS8YH,0,0,,,,Censored No Alarm,0,0,0,0,0,1,0.014941337518393993,,2019-05-16,,0.121
AAHLS9UH,0,0,,,,Censored No Alarm,0,0,0,0,0,1,0.0009564178180880845,,2019-05-16,,0.121
AAHLV30H,0,0,,,,Censored No Alarm,0,0,0,0,0,1,0.0008454722119495273,,2019-05-16,,0.121
AAHLV40H,1,0,,2019-08-05,,Missed,0,0,0,0,1,0,0.0415828712284565,,2019-05-16,,0.121
AAHLV47H,0,0,,,,Censored No Alarm,0,0,0,0,0,1,0.000970496388617903,,2019-05-16,,0.121
AAHLVTVH,0,0,,,,Censored No Alarm,0,0,0,0,0,1,0.0010882335482165217,,2019-05-27,,0.121
AAHLWE3H,0,0,,,,Censored No Alarm,0,0,0,0,0,1,0.0005644239718094468,,2019-05-27,,0.121
AAHLWKXH,0,0,,,,Censored No Alarm,0,0,0,0,0,1,0.0009459790890105069,,2019-05-16,,0.121
AAHLWM3H,0,0,,,,Censored No Alarm,0,0,0,0,0,1,0.0013935513561591506,,2019-05-27,,0.121
AAHLXJ1H,0,0,,,,Censored No Alarm,0,0,0,0,0,1,0.00571223022416234,,2019-05-04,,0.121
AAHLXJ9H,0,0,,,,Censored No Alarm,0,0,0,0,0,1,0.0007944484241306782,,2019-05-04,,0.121
AAHLXL5H,0,0,,,,Censored No Alarm,0,0,0,0,0,1,0.0012206144165247679,,2019-08-13,,0.121
AAHLXTXH,0,0,,,,Censored No Alarm,0,0,0,0,0,1,0.03290913254022598,,2019-05-16,,0.121
AAHLY01H,0,0,,,,Censored No Alarm,0,0,0,0,0,1,0.0004305634356569499,,2019-05-27,,0.121
AAHLY04H,0,0,,,,Censored No Alarm,0,0,0,0,0,1,0.0006248266436159611,,2019-05-04,,0.121
AAHLY2TH,0,0,,,,Censored No Alarm,0,0,0,0,0,1,0.0010803156765177846,,2019-05-27,,0.121
AAHLY31H,1,1,2024-11-28,2025-07-25,239.0,Early,0,1,0,1,0,0,0.2688698470592499,0.20609700679779053,2019-08-13,1934.0,0.121
AAHLYJRH,0,0,,,,Censored No Alarm,0,0,0,0,0,1,0.0008289964753203094,,2019-05-27,,0.121
AAHLYY6H,0,0,,,,Censored No Alarm,0,0,0,0,0,1,0.0012491774978116155,,2019-05-16,,0.121
AAHM227H,0,0,,,,Censored No Alarm,0,0,0,0,0,1,0.004041933920234442,,2019-08-13,,0.121
AAHM4E6H,0,0,,,,Censored No Alarm,0,0,0,0,0,1,0.00037980361958034337,,2019-05-27,,0.121
AAHM4HSH,0,0,,,,Censored No Alarm,0,0,0,0,0,1,0.0007996438071131706,,2019-05-04,,0.121
AAHM4KJH,0,0,,,,Censored No Alarm,0,0,0,0,0,1,0.001158993341960013,,2019-08-13,,0.121
AAHM4S6H,0,0,,,,Censored No Alarm,0,0,0,0,0,1,0.0005608224892057478,,2019-05-04,,0.121
AAHM4S8H,0,0,,,,Censored No Alarm,0,0,0,0,0,1,0.0007937377667985857,,2019-05-04,,0.121
AAHM4SSH,0,0,,,,Censored No Alarm,0,0,0,0,0,1,0.0010459492914378643,,2019-05-04,,0.121
AAHM4T2H,0,0,,,,Censored No Alarm,0,0,0,0,0,1,0.0008052379707805812,,2019-05-04,,0.121
AAHM4T6H,0,0,,,,Censored No Alarm,0,0,0,0,0,1,0.0007531350129283965,,2019-08-13,,0.121
AAHM4TRH,0,0,,,,Censored No Alarm,0,0,0,0,0,1,0.0006600761553272605,,2019-08-13,,0.121
AAHM4UYH,0,0,,,,Censored No Alarm,0,0,0,0,0,1,0.0007954866159707308,,2019-05-04,,0.121
AAHM4WBH,0,0,,,,Censored No Alarm,0,0,0,0,0,1,0.0007384000346064568,,2019-05-16,,0.121
AAHM4WEH,0,0,,,,Censored No Alarm,0,0,0,0,0,1,0.0008036224753595889,,2019-05-04,,0.121
AAHM4XGH,0,0,,,,Censored No Alarm,0,0,0,0,0,1,0.0010375456186011434,,2019-08-14,,0.121
AAHM5Z4H,0,0,,,,Censored No Alarm,0,0,0,0,0,1,0.0006182456854730844,,2019-05-04,,0.121
AAHM5Z9H,0,0,,,,Censored No Alarm,0,0,0,0,0,1,0.006913463119417429,,2019-05-04,,0.121
AAHM5ZHH,0,0,,,,Censored No Alarm,0,0,0,0,0,1,0.0006024267640896142,,2019-05-04,,0.121
AAHMD6GH,0,0,,,,Censored No Alarm,0,0,0,0,0,1,0.0008267820812761784,,2019-05-04,,0.121
AAHME7KH,0,0,,,,Censored No Alarm,0,0,0,0,0,1,0.0013567364076152444,,2019-05-16,,0.121
AAHMGV8H,0,0,,,,Censored No Alarm,0,0,0,0,0,1,0.0005459355306811631,,2019-05-27,,0.121
AAHMH4LH,0,0,,,,Censored No Alarm,0,0,0,0,0,1,0.0005896956427022815,,2019-05-04,,0.121
AAHML65H,0,0,,,,Censored No Alarm,0,0,0,0,0,1,0.0010626353323459625,,2019-05-16,,0.121
AAHMN38H,0,0,,,,Censored No Alarm,0,0,0,0,0,1,0.0010179475648328662,,2019-05-16,,0.121
AAHMR03H,1,1,2025-03-08,2025-11-26,263.0,Early,0,1,0,1,0,0,0.27031415700912476,0.13119009137153625,2019-05-16,2123.0,0.121
AAHMR2ZH,1,0,,2024-01-31,,Missed,0,0,0,0,1,0,0.001252038055099547,,2019-05-16,,0.121
AAHMSNRH,0,0,,,,Censored No Alarm,0,0,0,0,0,1,0.001012971973977983,,2019-05-16,,0.121
AAHMUYLH,0,0,,,,Censored No Alarm,0,0,0,0,0,1,0.0009052295936271548,,2019-05-16,,0.121
AAHMW6RH,0,0,,,,Censored No Alarm,0,0,0,0,0,1,0.0009996301960200071,,2019-05-16,,0.121
AAHMW7NH,0,0,,,,Censored No Alarm,0,0,0,0,0,1,0.0010013884166255593,,2019-05-16,,0.121
