serial_number,has_failed,alarm_triggered,first_alarm_date,actual_failure_date,days_to_failure_at_alarm,category,is_hit,is_fp_early,is_fp_cens,is_false_alarm,is_miss,is_correct_rejection,max_predicted_score,alarm_predicted_score,first_seen_date,days_since_observed,threshold_used
2AG61PSY,0,0,,,,Censored No Alarm,0,0,0,0,0,1,0.0006257118657231331,,2019-05-27,,0.171
2AG8AVRY,0,0,,,,Censored No Alarm,0,0,0,0,0,1,0.001199275953695178,,2019-08-14,,0.171
2AGEGU7Y,0,0,,,,Censored No Alarm,0,0,0,0,0,1,0.001781148137524724,,2019-05-27,,0.171
2AGEU1JY,0,0,,,,Censored No Alarm,0,0,0,0,0,1,0.10574714839458466,,2019-06-01,,0.171
2AGG48NY,0,0,,,,Censored No Alarm,0,0,0,0,0,1,0.00043498550076037645,,2019-05-27,,0.171
2AGG7H1Y,0,0,,,,Censored No Alarm,0,0,0,0,0,1,0.0006354122306220233,,2019-05-27,,0.171
2AGGHGJY,1,0,,2024-11-19,,Missed,0,0,0,0,1,0,0.10746727138757706,,2019-05-16,,0.171
2AGGHLEY,0,0,,,,Censored No Alarm,0,0,0,0,0,1,0.001121033914387226,,2019-06-01,,0.171
2AGGHM0Y,0,0,,,,Censored No Alarm,0,0,0,0,0,1,0.0005769905401393771,,2019-05-27,,0.171
2AGGHMUY,0,0,,,,Censored No Alarm,0,0,0,0,0,1,0.0012982423650100827,,2019-05-16,,0.171
2AGGHR1Y,0,0,,,,Censored No Alarm,0,0,0,0,0,1,0.006310111843049526,,2019-05-27,,0.171
2AGGHR7Y,0,0,,,,Censored No Alarm,0,0,0,0,0,1,0.0006004917086102068,,2019-05-27,,0.171
2AGGL0UY,1,1,2022-02-27,2022-02-27,0.0,On time,1,0,0,0,0,0,0.21677926182746887,0.21677926182746887,2019-05-27,1007.0,0.171
2AGGR3NY,0,0,,,,Censored No Alarm,0,0,0,0,0,1,0.02241651527583599,,2019-05-27,,0.171
2AGGZNJY,0,0,,,,Censored No Alarm,0,0,0,0,0,1,0.0019366982160136104,,2019-05-27,,0.171
2AGH31BY,1,0,,2023-11-01,,Missed,0,0,0,0,1,0,0.08223865181207657,,2019-05-27,,0.171
2AGH31PY,1,0,,2024-11-18,,Missed,0,0,0,0,1,0,0.054421886801719666,,2019-05-27,,0.171
2AGH33SY,1,0,,2025-05-08,,Missed,0,0,0,0,1,0,0.1303080916404724,,2019-05-27,,0.171
2AGH34HY,0,0,,,,Censored No Alarm,0,0,0,0,0,1,0.06083264946937561,,2019-05-27,,0.171
2AGH34PY,0,0,,,,Censored No Alarm,0,0,0,0,0,1,0.008472070097923279,,2019-05-27,,0.171
2AGH35GY,0,0,,,,Censored No Alarm,0,0,0,0,0,1,0.0006095361313782632,,2019-05-27,,0.171
2AGHB9XY,1,0,,2024-12-02,,Missed,0,0,0,0,1,0,0.06691600382328033,,2019-05-27,,0.171
2AGHDYHY,0,0,,,,Censored No Alarm,0,0,0,0,0,1,0.002226666547358036,,2019-05-27,,0.171
2AGHEP9Y,1,0,,2024-07-26,,Missed,0,0,0,0,1,0,0.024386782199144363,,2019-05-27,,0.171
2AGHGR1Y,0,0,,,,Censored No Alarm,0,0,0,0,0,1,0.0019416783470660448,,2019-05-27,,0.171
2AGHGRLY,0,0,,,,Censored No Alarm,0,0,0,0,0,1,0.0005738799227401614,,2019-05-27,,0.171
2AGHGRRY,0,0,,,,Censored No Alarm,0,0,0,0,0,1,0.0007285597966983914,,2019-05-27,,0.171
2AGHJD4Y,0,1,2025-09-09,,,Censored Early,0,0,1,1,0,0,0.488952100276947,0.19422852993011475,2019-06-01,2292.0,0.171
2AGHK55Y,0,0,,,,Censored No Alarm,0,0,0,0,0,1,0.001224478823132813,,2019-05-27,,0.171
2AGHK8MY,0,0,,,,Censored No Alarm,0,0,0,0,0,1,0.0007269452908076346,,2019-05-27,,0.171
2AGHLEUY,1,0,,2023-11-06,,Missed,0,0,0,0,1,0,0.036892425268888474,,2019-05-27,,0.171
2AGHLGTY,1,1,2025-03-02,2025-08-05,156.0,Early,0,1,0,1,0,0,0.20950528979301453,0.19665385782718658,2019-05-27,2106.0,0.171
2AGHLKHY,0,0,,,,Censored No Alarm,0,0,0,0,0,1,0.002217388479039073,,2019-05-27,,0.171
2AGHLMXY,0,0,,,,Censored No Alarm,0,0,0,0,0,1,0.0015580967301502824,,2019-05-27,,0.171
2AGHLN0Y,0,0,,,,Censored No Alarm,0,0,0,0,0,1,0.0006935406127013266,,2019-05-27,,0.171
2AGHMUTY,0,0,,,,Censored No Alarm,0,0,0,0,0,1,0.000795894069597125,,2019-05-27,,0.171
2AGHMUYY,0,0,,,,Censored No Alarm,0,0,0,0,0,1,0.002155670430511236,,2019-06-01,,0.171
2AGHMW5Y,0,0,,,,Censored No Alarm,0,0,0,0,0,1,0.048306360840797424,,2019-05-27,,0.171
2AGHMXGY,1,0,,2023-05-14,,Missed,0,0,0,0,1,0,0.02542167343199253,,2019-05-27,,0.171
2AGHMYTY,0,0,,,,Censored No Alarm,0,0,0,0,0,1,0.06528828293085098,,2019-05-27,,0.171
2AGHMZMY,0,0,,,,Censored No Alarm,0,0,0,0,0,1,0.0009644401725381613,,2019-05-27,,0.171
2AGHN0TY,1,1,2020-07-27,2020-10-22,87.0,Early,0,1,0,1,0,0,0.4009919762611389,0.1953059434890747,2019-05-27,427.0,0.171
2AGHN0WY,0,0,,,,Censored No Alarm,0,0,0,0,0,1,0.0019147743005305529,,2019-05-27,,0.171
2AGHN16Y,0,0,,,,Censored No Alarm,0,0,0,0,0,1,0.002456734189763665,,2019-05-27,,0.171
2AGHN2AY,0,0,,,,Censored No Alarm,0,0,0,0,0,1,0.0005953747313469648,,2019-05-27,,0.171
2AGHN3XY,0,0,,,,Censored No Alarm,0,0,0,0,0,1,0.0018015638925135136,,2019-05-27,,0.171
2AGHPDKY,0,0,,,,Censored No Alarm,0,0,0,0,0,1,0.0012596516171470284,,2019-05-27,,0.171
2AGHSJ4Y,0,0,,,,Censored No Alarm,0,0,0,0,0,1,0.0004615101497620344,,2019-05-27,,0.171
2AGHSS9Y,0,0,,,,Censored No Alarm,0,0,0,0,0,1,0.008749564178287983,,2019-05-27,,0.171
2AGHTBYY,1,1,2023-09-17,2025-01-25,496.0,Early,0,1,0,1,0,0,0.41811662912368774,0.2041032612323761,2019-05-27,1574.0,0.171
2AGHTGEY,1,0,,2023-03-14,,Missed,0,0,0,0,1,0,0.16623596847057343,,2019-05-27,,0.171
2AGHTKBY,0,0,,,,Censored No Alarm,0,0,0,0,0,1,0.016489969566464424,,2019-05-27,,0.171
2AGLY65Y,1,0,,2023-11-20,,Missed,0,0,0,0,1,0,0.01633608154952526,,2019-08-13,,0.171
2AGM231Y,0,0,,,,Censored No Alarm,0,0,0,0,0,1,0.0015458791749551892,,2019-05-04,,0.171
2AGM23NY,0,0,,,,Censored No Alarm,0,0,0,0,0,1,0.0016147177666425705,,2019-05-04,,0.171
2AGM5UVY,0,0,,,,Censored No Alarm,0,0,0,0,0,1,0.11745502799749374,,2019-05-16,,0.171
2AGM5V7Y,1,1,2024-12-22,2025-12-05,348.0,Early,0,1,0,1,0,0,0.4256677031517029,0.17632237076759338,2019-05-16,2047.0,0.171
2AGM5VBY,0,0,,,,Censored No Alarm,0,0,0,0,0,1,0.07403117418289185,,2019-05-16,,0.171
2AGM5VHY,1,0,,2025-01-18,,Missed,0,0,0,0,1,0,0.003182315733283758,,2019-08-14,,0.171
2AGM5W9Y,1,0,,2025-01-16,,Missed,0,0,0,0,1,0,0.058444712311029434,,2019-05-16,,0.171
2AGM5YEY,0,0,,,,Censored No Alarm,0,0,0,0,0,1,0.01544275227934122,,2019-05-04,,0.171
2AGM8EMY,1,0,,2024-10-29,,Missed,0,0,0,0,1,0,0.10875260829925537,,2019-05-16,,0.171
2AGM8EUY,0,0,,,,Censored No Alarm,0,0,0,0,0,1,0.0018716322956606746,,2019-05-27,,0.171
2AGM8J2Y,0,0,,,,Censored No Alarm,0,0,0,0,0,1,0.003481051651760936,,2019-05-16,,0.171
2AGM8JAY,0,0,,,,Censored No Alarm,0,0,0,0,0,1,0.0015184908406808972,,2019-05-16,,0.171
2AGM8LNY,0,1,2024-10-24,,,Censored Early,0,0,1,1,0,0,0.2708680033683777,0.2099931836128235,2019-05-04,2000.0,0.171
2AGM8RJY,0,0,,,,Censored No Alarm,0,0,0,0,0,1,0.04059687256813049,,2019-08-13,,0.171
2AGM8RTY,0,0,,,,Censored No Alarm,0,0,0,0,0,1,0.03437787666916847,,2019-05-16,,0.171
2AGM8UNY,1,1,2025-10-25,2026-03-12,138.0,Early,0,1,0,1,0,0,0.3100487291812897,0.17870332300662994,2019-08-13,2265.0,0.171
2AGM8V7Y,0,0,,,,Censored No Alarm,0,0,0,0,0,1,0.002669363981112838,,2019-05-16,,0.171
2AGM9MXY,1,0,,2025-09-21,,Missed,0,0,0,0,1,0,0.028622755780816078,,2019-05-04,,0.171
2AGM9PJY,0,0,,,,Censored No Alarm,0,0,0,0,0,1,0.09278570860624313,,2019-05-04,,0.171
2AGM9RGY,1,0,,2022-12-23,,Missed,0,0,0,0,1,0,0.0016391596291214228,,2019-05-16,,0.171
2AGM9S6Y,0,0,,,,Censored No Alarm,0,0,0,0,0,1,0.009150390513241291,,2019-05-16,,0.171
2AGM9SDY,0,0,,,,Censored No Alarm,0,0,0,0,0,1,0.0008780260686762631,,2019-05-04,,0.171
2AGM9U1Y,0,0,,,,Censored No Alarm,0,0,0,0,0,1,0.0007278166012838483,,2019-05-16,,0.171
2AGMDJKY,0,0,,,,Censored No Alarm,0,0,0,0,0,1,0.0015821137931197882,,2019-05-04,,0.171
2AGMDUAY,1,0,,2023-02-04,,Missed,0,0,0,0,1,0,0.011344597674906254,,2019-05-16,,0.171
2AGMDY1Y,0,0,,,,Censored No Alarm,0,0,0,0,0,1,0.041172273457050323,,2019-08-14,,0.171
2AGME0XY,1,1,2024-01-18,2024-05-29,132.0,Early,0,1,0,1,0,0,0.1885433793067932,0.17233772575855255,2019-05-16,1708.0,0.171
2AGME3BY,0,0,,,,Censored No Alarm,0,0,0,0,0,1,0.0038844135124236345,,2019-05-16,,0.171
2AGME9PY,1,0,,2024-08-06,,Missed,0,0,0,0,1,0,0.16664113104343414,,2019-08-13,,0.171
2AGMGAYY,0,0,,,,Censored No Alarm,0,0,0,0,0,1,0.001652732491493225,,2019-05-16,,0.171
2AGMGDPY,0,0,,,,Censored No Alarm,0,0,0,0,0,1,0.010172595269978046,,2019-08-13,,0.171
2AGMGKLY,0,0,,,,Censored No Alarm,0,0,0,0,0,1,0.001320951385423541,,2019-08-13,,0.171
2AGMGXEY,0,0,,,,Censored No Alarm,0,0,0,0,0,1,0.0006089142407290637,,2019-08-14,,0.171
2AGMH2YY,1,0,,2024-12-10,,Missed,0,0,0,0,1,0,0.07066420465707779,,2019-05-16,,0.171
2AGMH3JY,0,0,,,,Censored No Alarm,0,0,0,0,0,1,0.0010656081140041351,,2019-05-16,,0.171
2AGMHK6Y,0,0,,,,Censored No Alarm,0,0,0,0,0,1,0.006166113540530205,,2019-05-04,,0.171
2AGMHPEY,1,0,,2024-06-25,,Missed,0,0,0,0,1,0,0.012673987075686455,,2019-06-01,,0.171
2AGMHRYY,1,0,,2024-05-16,,Missed,0,0,0,0,1,0,0.14385710656642914,,2019-05-16,,0.171
2AGMHTLY,0,0,,,,Censored No Alarm,0,0,0,0,0,1,0.0015607851091772318,,2019-05-04,,0.171
2AGMHU7Y,1,0,,2024-07-08,,Missed,0,0,0,0,1,0,0.01288521196693182,,2019-05-04,,0.171
2AGMHVTY,0,0,,,,Censored No Alarm,0,0,0,0,0,1,0.0013591127935796976,,2019-05-16,,0.171
2AGMHWAY,1,0,,2023-09-22,,Missed,0,0,0,0,1,0,0.08293305337429047,,2019-08-14,,0.171
2AGMHXDY,1,1,2025-05-31,2025-06-02,2.0,On time,1,0,0,0,0,0,0.3035179376602173,0.19907571375370026,2019-08-13,2118.0,0.171
2AGMHY3Y,1,0,,2025-11-18,,Missed,0,0,0,0,1,0,0.04444372281432152,,2019-08-14,,0.171
2AGMHY5Y,0,0,,,,Censored No Alarm,0,0,0,0,0,1,0.0024323747493326664,,2019-08-13,,0.171
2AGMJ35Y,0,0,,,,Censored No Alarm,0,0,0,0,0,1,0.001539592631161213,,2019-05-04,,0.171
2AGMJ3JY,0,0,,,,Censored No Alarm,0,0,0,0,0,1,0.0019283879082649946,,2019-05-16,,0.171
2AGMJ3TY,0,0,,,,Censored No Alarm,0,0,0,0,0,1,0.0008428591536357999,,2019-08-14,,0.171
2AGMJ47Y,0,0,,,,Censored No Alarm,0,0,0,0,0,1,0.000953316455706954,,2019-06-01,,0.171
2AGMJ5BY,1,0,,2021-05-03,,Missed,0,0,0,0,1,0,0.00028421456227079034,,2019-05-04,,0.171
2AGMKV4Y,1,1,2026-01-19,2026-01-28,9.0,On time,1,0,0,0,0,0,0.4850424826145172,0.1944732815027237,2019-05-04,2452.0,0.171
2AGMKVHY,1,0,,2023-05-06,,Missed,0,0,0,0,1,0,0.07237040996551514,,2019-08-13,,0.171
2AGMKVTY,1,0,,2024-12-04,,Missed,0,0,0,0,1,0,0.05046400427818298,,2019-08-14,,0.171
2AGMLMLY,0,0,,,,Censored No Alarm,0,0,0,0,0,1,0.07553219795227051,,2019-08-14,,0.171
2AGMLSZY,1,1,2020-07-20,2020-07-30,10.0,On time,1,0,0,0,0,0,0.4866800308227539,0.17766232788562775,2019-05-16,431.0,0.171
2AGMLT7Y,0,0,,,,Censored No Alarm,0,0,0,0,0,1,0.02122100070118904,,2019-05-16,,0.171
2AGMLWNY,0,0,,,,Censored No Alarm,0,0,0,0,0,1,0.05279015004634857,,2019-08-14,,0.171
2AGMLZLY,1,1,2026-02-11,2026-02-11,0.0,On time,1,0,0,0,0,0,0.27840858697891235,0.27840858697891235,2019-05-16,2463.0,0.171
2AGMM0UY,0,0,,,,Censored No Alarm,0,0,0,0,0,1,0.05632767081260681,,2019-05-16,,0.171
2AGMMNKY,0,0,,,,Censored No Alarm,0,0,0,0,0,1,0.02288419008255005,,2019-06-01,,0.171
2AGMMU1Y,0,0,,,,Censored No Alarm,0,0,0,0,0,1,0.0014814246678724885,,2019-05-16,,0.171
2AGMMU4Y,0,0,,,,Censored No Alarm,0,0,0,0,0,1,0.0031924466602504253,,2019-08-14,,0.171
2AGMNB7Y,1,0,,2023-03-30,,Missed,0,0,0,0,1,0,0.09971180558204651,,2019-05-16,,0.171
2AGMNBEY,0,0,,,,Censored No Alarm,0,0,0,0,0,1,0.0014630744699388742,,2019-05-16,,0.171
2AGMND4Y,1,1,2025-10-18,2025-10-27,9.0,On time,1,0,0,0,0,0,0.4831477403640747,0.17908644676208496,2019-05-04,2359.0,0.171
2AGMNE1Y,1,1,2025-07-05,2025-11-26,144.0,Early,0,1,0,1,0,0,0.4870644509792328,0.17903845012187958,2019-05-16,2242.0,0.171
2AGMNEBY,1,1,2023-02-22,2024-08-05,530.0,Early,0,1,0,1,0,0,0.19466663897037506,0.18317008018493652,2019-05-04,1390.0,0.171
2AGMNG0Y,0,1,2024-05-07,,,Censored Early,0,0,1,1,0,0,0.21691235899925232,0.17973004281520844,2019-05-16,1818.0,0.171
2AGMNJKY,1,1,2024-12-27,2025-09-29,276.0,Early,0,1,0,1,0,0,0.47749215364456177,0.17568349838256836,2019-05-16,2052.0,0.171
2AGMNM8Y,0,0,,,,Censored No Alarm,0,0,0,0,0,1,0.04218485206365585,,2019-08-14,,0.171
2AGMNMWY,1,0,,2023-05-10,,Missed,0,0,0,0,1,0,0.05461938679218292,,2019-05-16,,0.171
2AGMNTXY,0,0,,,,Censored No Alarm,0,0,0,0,0,1,0.0014565088786184788,,2019-05-16,,0.171
2AGMNUVY,0,0,,,,Censored No Alarm,0,0,0,0,0,1,0.0011490153847262263,,2019-05-04,,0.171
2AGMNWBY,0,0,,,,Censored No Alarm,0,0,0,0,0,1,0.0032482491806149483,,2019-08-13,,0.171
2AGMNXRY,0,0,,,,Censored No Alarm,0,0,0,0,0,1,0.08062683045864105,,2019-08-13,,0.171
2AGMP7ZY,0,0,,,,Censored No Alarm,0,0,0,0,0,1,0.0014962443383410573,,2019-08-14,,0.171
2AGMPBWY,0,0,,,,Censored No Alarm,0,0,0,0,0,1,0.05507507547736168,,2019-05-16,,0.171
2AGMPD8Y,1,0,,2023-11-21,,Missed,0,0,0,0,1,0,0.00039711486897431314,,2019-08-13,,0.171
2AGMPK3Y,0,0,,,,Censored No Alarm,0,0,0,0,0,1,0.025901317596435547,,2019-05-04,,0.171
2AGMPL7Y,1,0,,2025-02-27,,Missed,0,0,0,0,1,0,0.10075478255748749,,2019-05-16,,0.171
2AGMPP1Y,0,0,,,,Censored No Alarm,0,0,0,0,0,1,0.004841642454266548,,2019-05-16,,0.171
2AGMPP4Y,1,1,2025-09-11,2025-09-23,12.0,On time,1,0,0,0,0,0,0.485012024641037,0.24711132049560547,2019-05-16,2310.0,0.171
2AGMPPGY,0,0,,,,Censored No Alarm,0,0,0,0,0,1,0.002642112784087658,,2019-05-16,,0.171
2AGMPSSY,0,0,,,,Censored No Alarm,0,0,0,0,0,1,0.0013391082175076008,,2019-05-16,,0.171
2AGMPT2Y,0,0,,,,Censored No Alarm,0,0,0,0,0,1,0.002531561767682433,,2019-05-16,,0.171
2AGMPZ8Y,0,0,,,,Censored No Alarm,0,0,0,0,0,1,0.0009413420339114964,,2019-08-14,,0.171
2AGMS6PY,0,0,,,,Censored No Alarm,0,0,0,0,0,1,0.00046611702418886125,,2019-08-14,,0.171
2AGMSHHY,1,0,,2022-08-12,,Missed,0,0,0,0,1,0,0.0002099117118632421,,2019-05-04,,0.171
2AGMTK0Y,1,1,2025-08-30,2025-08-30,0.0,On time,1,0,0,0,0,0,0.48997998237609863,0.48997998237609863,2019-05-16,2298.0,0.171
2AGMTL0Y,1,0,,2023-04-17,,Missed,0,0,0,0,1,0,0.0007620931137353182,,2019-05-04,,0.171
2AGMTXAY,0,0,,,,Censored No Alarm,0,0,0,0,0,1,0.00190265872515738,,2019-08-13,,0.171
2AGMUBMY,0,0,,,,Censored No Alarm,0,0,0,0,0,1,0.0010945043759420514,,2019-06-01,,0.171
2AGMUBRY,1,0,,2024-08-04,,Missed,0,0,0,0,1,0,0.005259230267256498,,2019-08-13,,0.171
2AGMV9UY,0,0,,,,Censored No Alarm,0,0,0,0,0,1,0.0018513597315177321,,2019-08-13,,0.171
2AGMVDDY,0,0,,,,Censored No Alarm,0,0,0,0,0,1,0.0028255560901015997,,2019-05-16,,0.171
2AGMWHVY,1,0,,2024-07-19,,Missed,0,0,0,0,1,0,0.06791543960571289,,2019-05-16,,0.171
2AGMZLMY,1,0,,2023-05-16,,Missed,0,0,0,0,1,0,0.15749889612197876,,2019-08-13,,0.171
2AGN038Y,0,0,,,,Censored No Alarm,0,0,0,0,0,1,0.0011236917925998569,,2019-08-13,,0.171
2AGN03MY,0,0,,,,Censored No Alarm,0,0,0,0,0,1,0.003191565163433552,,2019-08-13,,0.171
2AGN05MY,0,0,,,,Censored No Alarm,0,0,0,0,0,1,0.0012824966106563807,,2019-08-13,,0.171
2AGN071Y,0,0,,,,Censored No Alarm,0,0,0,0,0,1,0.007448076736181974,,2019-08-13,,0.171
2AGN07AY,0,0,,,,Censored No Alarm,0,0,0,0,0,1,0.008381404913961887,,2019-08-14,,0.171
2AGN17RY,0,0,,,,Censored No Alarm,0,0,0,0,0,1,0.0005590713699348271,,2019-08-13,,0.171
2AGN1YNY,0,0,,,,Censored No Alarm,0,0,0,0,0,1,0.008666794747114182,,2019-08-14,,0.171
2AGN29AY,0,0,,,,Censored No Alarm,0,0,0,0,0,1,0.0006581305060535669,,2019-08-14,,0.171
2AGN43EY,0,0,,,,Censored No Alarm,0,0,0,0,0,1,0.07977651059627533,,2019-08-13,,0.171
2AGN5A3Y,0,0,,,,Censored No Alarm,0,0,0,0,0,1,0.0008693226263858378,,2019-06-01,,0.171
2AGN7GZY,0,0,,,,Censored No Alarm,0,0,0,0,0,1,0.0005013355403207242,,2019-08-13,,0.171
2AGN7XVY,0,0,,,,Censored No Alarm,0,0,0,0,0,1,0.11509469896554947,,2019-08-14,,0.171
2AGN7XYY,0,0,,,,Censored No Alarm,0,0,0,0,0,1,0.02283651754260063,,2019-05-27,,0.171
2AGN853Y,0,0,,,,Censored No Alarm,0,0,0,0,0,1,0.0006747976294718683,,2019-08-14,,0.171
2AGN8H9Y,0,0,,,,Censored No Alarm,0,0,0,0,0,1,0.0006808160687796772,,2019-08-14,,0.171
2AGN8Y9Y,0,0,,,,Censored No Alarm,0,0,0,0,0,1,0.039207082241773605,,2019-08-13,,0.171
2AGN8ZGY,0,0,,,,Censored No Alarm,0,0,0,0,0,1,0.002788290847092867,,2019-06-01,,0.171
2AGN90RY,1,0,,2023-12-07,,Missed,0,0,0,0,1,0,0.06924855709075928,,2019-08-14,,0.171
2AGN9N4Y,1,1,2025-01-29,2025-03-06,36.0,Early,0,1,0,1,0,0,0.1887809783220291,0.17694073915481567,2019-08-13,1996.0,0.171
2AGNAK7Y,0,0,,,,Censored No Alarm,0,0,0,0,0,1,0.0006529972888529301,,2019-08-14,,0.171
2AGNAKGY,0,0,,,,Censored No Alarm,0,0,0,0,0,1,0.0011864794651046395,,2019-08-14,,0.171
2AGNAYKY,0,0,,,,Censored No Alarm,0,0,0,0,0,1,0.0011691293912008405,,2019-08-13,,0.171
2AGNBWPY,0,0,,,,Censored No Alarm,0,0,0,0,0,1,0.0011495311046019197,,2019-08-13,,0.171
2AGND0EY,0,0,,,,Censored No Alarm,0,0,0,0,0,1,0.00843385886400938,,2019-08-13,,0.171
2AGNEAHY,0,0,,,,Censored No Alarm,0,0,0,0,0,1,0.003631672589108348,,2019-08-13,,0.171
2AGNEK5Y,0,0,,,,Censored No Alarm,0,0,0,0,0,1,0.008929962292313576,,2019-08-14,,0.171
2AGNEN9Y,0,0,,,,Censored No Alarm,0,0,0,0,0,1,0.0020640327129513025,,2019-08-14,,0.171
2AGNEREY,0,0,,,,Censored No Alarm,0,0,0,0,0,1,0.01631990633904934,,2019-08-13,,0.171
2AGNGZPY,0,0,,,,Censored No Alarm,0,0,0,0,0,1,0.002242166083306074,,2019-05-27,,0.171
2AGNJE2Y,0,0,,,,Censored No Alarm,0,0,0,0,0,1,0.001303143217228353,,2019-06-01,,0.171
2AGNJG7Y,0,0,,,,Censored No Alarm,0,0,0,0,0,1,0.007777433842420578,,2019-08-13,,0.171
2AGNJGHY,0,0,,,,Censored No Alarm,0,0,0,0,0,1,0.012312628328800201,,2019-08-13,,0.171
2AGNJRYY,0,0,,,,Censored No Alarm,0,0,0,0,0,1,0.0007080322247929871,,2019-06-01,,0.171
2AGNJTAY,0,0,,,,Censored No Alarm,0,0,0,0,0,1,0.0009487451752647758,,2019-08-14,,0.171
2AGNJTRY,0,0,,,,Censored No Alarm,0,0,0,0,0,1,0.0007209685281850398,,2019-08-14,,0.171
2AGNKB9Y,1,0,,2023-11-29,,Missed,0,0,0,0,1,0,0.0016677966341376305,,2019-08-13,,0.171
2AGNKGXY,0,0,,,,Censored No Alarm,0,0,0,0,0,1,0.0008793958695605397,,2019-08-14,,0.171
2AGNKNJY,0,0,,,,Censored No Alarm,0,0,0,0,0,1,0.0013330359943211079,,2019-08-14,,0.171
2AGNKSPY,0,0,,,,Censored No Alarm,0,0,0,0,0,1,0.0035667666234076023,,2019-08-14,,0.171
2AGNKV4Y,0,0,,,,Censored No Alarm,0,0,0,0,0,1,0.002747784135863185,,2019-08-13,,0.171
2AGNL61Y,0,0,,,,Censored No Alarm,0,0,0,0,0,1,0.0012412108480930328,,2019-05-16,,0.171
2AGNNTHY,0,0,,,,Censored No Alarm,0,0,0,0,0,1,0.03447915241122246,,2019-05-16,,0.171
2AGNT47Y,0,0,,,,Censored No Alarm,0,0,0,0,0,1,0.0009237402118742466,,2019-05-16,,0.171
2AGP393Y,1,1,2019-08-11,2023-04-06,1334.0,Early,0,1,0,1,0,0,0.21501369774341583,0.17630644142627716,2019-06-01,71.0,0.171
2AGP43EY,1,0,,2024-09-01,,Missed,0,0,0,0,1,0,0.030511967837810516,,2019-05-16,,0.171
2AGP5EDY,0,0,,,,Censored No Alarm,0,0,0,0,0,1,0.0015801589470356703,,2019-05-16,,0.171
2AGP5GBY,0,0,,,,Censored No Alarm,0,0,0,0,0,1,0.0011831873562186956,,2019-05-16,,0.171
2AGP5J1Y,0,0,,,,Censored No Alarm,0,0,0,0,0,1,0.0011724818032234907,,2019-05-16,,0.171
2AGP6TYY,0,0,,,,Censored No Alarm,0,0,0,0,0,1,0.0008528315229341388,,2019-05-16,,0.171
2AGP6UBY,0,0,,,,Censored No Alarm,0,0,0,0,0,1,0.001852666842751205,,2019-05-16,,0.171
2AGP9W7Y,0,0,,,,Censored No Alarm,0,0,0,0,0,1,0.13035617768764496,,2019-05-16,,0.171
2AGPHHKY,0,0,,,,Censored No Alarm,0,0,0,0,0,1,0.001246559084393084,,2019-06-01,,0.171
2AGPHHTY,0,0,,,,Censored No Alarm,0,0,0,0,0,1,0.001742047257721424,,2019-06-01,,0.171
2AGPJAVY,0,0,,,,Censored No Alarm,0,0,0,0,0,1,0.0003932845138479024,,2019-05-27,,0.171
2AGPJBGY,0,0,,,,Censored No Alarm,0,0,0,0,0,1,0.0005071420455351472,,2019-05-27,,0.171
2AGPJBNY,0,0,,,,Censored No Alarm,0,0,0,0,0,1,0.0003972231352236122,,2019-05-27,,0.171
2AGPJE5Y,0,0,,,,Censored No Alarm,0,0,0,0,0,1,0.0012796091614291072,,2019-05-16,,0.171
2AGPJGPY,1,0,,2021-02-22,,Missed,0,0,0,0,1,0,0.07561921328306198,,2019-05-16,,0.171
2AGPJH1Y,1,0,,2024-08-11,,Missed,0,0,0,0,1,0,0.04728183522820473,,2019-05-16,,0.171
2AGPJHAY,0,0,,,,Censored No Alarm,0,0,0,0,0,1,0.0023962976410984993,,2019-08-13,,0.171
2AGPJHXY,0,0,,,,Censored No Alarm,0,0,0,0,0,1,0.0005220205057412386,,2019-05-27,,0.171
2AGPJL8Y,0,0,,,,Censored No Alarm,0,0,0,0,0,1,0.012933248654007912,,2019-05-27,,0.171
2AGPJLWY,0,0,,,,Censored No Alarm,0,0,0,0,0,1,0.0011536760721355677,,2019-08-13,,0.171
2AGPJMRY,0,0,,,,Censored No Alarm,0,0,0,0,0,1,0.0028046213556081057,,2019-08-13,,0.171
2AGPJP0Y,0,0,,,,Censored No Alarm,0,0,0,0,0,1,0.0004929636488668621,,2019-05-27,,0.171
2AGPK9HY,0,0,,,,Censored No Alarm,0,0,0,0,0,1,0.012730676680803299,,2019-08-14,,0.171
2AGPKA3Y,0,0,,,,Censored No Alarm,0,0,0,0,0,1,0.011680188588798046,,2019-08-14,,0.171
2AGPKALY,0,0,,,,Censored No Alarm,0,0,0,0,0,1,0.0018564757192507386,,2019-05-16,,0.171
2AGPKARY,0,0,,,,Censored No Alarm,0,0,0,0,0,1,0.001800997881218791,,2019-05-16,,0.171
2AGPKB2Y,0,0,,,,Censored No Alarm,0,0,0,0,0,1,0.0005918352981097996,,2019-05-27,,0.171
2AGPKTUY,0,0,,,,Censored No Alarm,0,0,0,0,0,1,0.0018911086954176426,,2019-05-16,,0.171
2AGPKVGY,0,0,,,,Censored No Alarm,0,0,0,0,0,1,0.00085445586591959,,2019-05-16,,0.171
2AGPKWNY,1,0,,2023-10-29,,Missed,0,0,0,0,1,0,0.046293143182992935,,2019-05-16,,0.171
2AGPKX4Y,0,0,,,,Censored No Alarm,0,0,0,0,0,1,0.0200805701315403,,2019-05-16,,0.171
2AGPL2YY,0,0,,,,Censored No Alarm,0,0,0,0,0,1,0.0013933682348579168,,2019-05-16,,0.171
2AGPL4UY,0,0,,,,Censored No Alarm,0,0,0,0,0,1,0.0008694792632013559,,2019-05-16,,0.171
2AGPL4ZY,0,0,,,,Censored No Alarm,0,0,0,0,0,1,0.0011907320003956556,,2019-05-27,,0.171
2AGPLSSY,0,0,,,,Censored No Alarm,0,0,0,0,0,1,0.0010582716204226017,,2019-05-16,,0.171
2AGPMDVY,0,0,,,,Censored No Alarm,0,0,0,0,0,1,0.0004897672333754599,,2019-05-27,,0.171
2AGPMEPY,0,0,,,,Censored No Alarm,0,0,0,0,0,1,0.0008467577281408012,,2019-05-16,,0.171
2AGPMGGY,0,0,,,,Censored No Alarm,0,0,0,0,0,1,0.0024805746506899595,,2019-05-16,,0.171
2AGPMM3Y,0,0,,,,Censored No Alarm,0,0,0,0,0,1,0.0006594232399947941,,2019-05-27,,0.171
2AGPMN9Y,0,0,,,,Censored No Alarm,0,0,0,0,0,1,0.0007121995440684259,,2019-05-27,,0.171
2AGPMRDY,0,0,,,,Censored No Alarm,0,0,0,0,0,1,0.0011725985677912831,,2019-05-27,,0.171
2AGPMY1Y,0,0,,,,Censored No Alarm,0,0,0,0,0,1,0.0010109859285876155,,2019-05-16,,0.171
2AGPN6PY,0,0,,,,Censored No Alarm,0,0,0,0,0,1,0.04603084549307823,,2019-05-16,,0.171
2AGPPJAY,0,0,,,,Censored No Alarm,0,0,0,0,0,1,0.0008671344839967787,,2019-05-16,,0.171
2AGPPLLY,1,1,2023-10-27,2023-11-29,33.0,Early,0,1,0,1,0,0,0.1773967444896698,0.17333988845348358,2019-05-16,1625.0,0.171
2AGPR6YY,0,0,,,,Censored No Alarm,0,0,0,0,0,1,0.0009161111083813012,,2019-05-16,,0.171
2AGPR7RY,0,0,,,,Censored No Alarm,0,0,0,0,0,1,0.001186368172056973,,2019-05-16,,0.171
2AGPR8EY,0,0,,,,Censored No Alarm,0,0,0,0,0,1,0.000976947252638638,,2019-05-16,,0.171
2AGPRL8Y,0,0,,,,Censored No Alarm,0,0,0,0,0,1,0.0005547328619286418,,2019-05-27,,0.171
2AGPRMLY,1,0,,2026-03-26,,Missed,0,0,0,0,1,0,0.011216624639928341,,2019-08-13,,0.171
2AGPRMRY,1,0,,2024-08-12,,Missed,0,0,0,0,1,0,0.0004426756640896201,,2019-05-04,,0.171
2AGPRRJY,0,0,,,,Censored No Alarm,0,0,0,0,0,1,0.08391059190034866,,2019-05-04,,0.171
2AGPS2ZY,0,0,,,,Censored No Alarm,0,0,0,0,0,1,0.0010863675270229578,,2019-05-16,,0.171
2AGPSEDY,0,0,,,,Censored No Alarm,0,0,0,0,0,1,0.0006395609816536307,,2019-05-27,,0.171
2AGPSG5Y,0,0,,,,Censored No Alarm,0,0,0,0,0,1,0.011232759803533554,,2019-05-27,,0.171
2AGPSGKY,0,0,,,,Censored No Alarm,0,0,0,0,0,1,0.001219943747855723,,2019-08-14,,0.171
2AGPSJKY,0,0,,,,Censored No Alarm,0,0,0,0,0,1,0.0019064212683588266,,2019-08-14,,0.171
2AGPSRUY,0,0,,,,Censored No Alarm,0,0,0,0,0,1,0.0007020027842372656,,2019-05-16,,0.171
2AGPT2PY,0,0,,,,Censored No Alarm,0,0,0,0,0,1,0.011398091912269592,,2019-08-14,,0.171
2AGPT48Y,0,0,,,,Censored No Alarm,0,0,0,0,0,1,0.0019249162869527936,,2019-06-01,,0.171
2AGPT7PY,0,0,,,,Censored No Alarm,0,0,0,0,0,1,0.008074172772467136,,2019-08-13,,0.171
2AGPTL4Y,0,0,,,,Censored No Alarm,0,0,0,0,0,1,0.008517167530953884,,2019-05-27,,0.171
2AGPTVLY,0,0,,,,Censored No Alarm,0,0,0,0,0,1,0.0014418982900679111,,2019-06-01,,0.171
5PG0TA6F,0,0,,,,Censored No Alarm,0,0,0,0,0,1,0.0006404955056495965,,2020-07-14,,0.171
5PG0TAKF,0,0,,,,Censored No Alarm,0,0,0,0,0,1,0.001087917946279049,,2020-05-10,,0.171
5PJEJUHE,0,0,,,,Censored No Alarm,0,0,0,0,0,1,0.0049497210420668125,,2021-12-28,,0.171
5PJJHD9C,0,0,,,,Censored No Alarm,0,0,0,0,0,1,0.00043734334758482873,,2022-07-18,,0.171
5PJJLZTF,0,0,,,,Censored No Alarm,0,0,0,0,0,1,0.0028995960019528866,,2021-12-03,,0.171
5PJKZP4D,0,0,,,,Censored No Alarm,0,0,0,0,0,1,0.004994354210793972,,2022-08-04,,0.171
5PJVPJGF,0,0,,,,Censored No Alarm,0,0,0,0,0,1,0.0038706923369318247,,2021-05-16,,0.171
5PK10N4B,0,0,,,,Censored No Alarm,0,0,0,0,0,1,0.009489351883530617,,2024-12-22,,0.171
5PK5ZB1B,0,0,,,,Censored No Alarm,0,0,0,0,0,1,0.011931110173463821,,2024-04-29,,0.171
5PKEBJVB,0,0,,,,Censored No Alarm,0,0,0,0,0,1,0.012426265515387058,,2023-11-27,,0.171
5PKVXW6B,0,0,,,,Censored No Alarm,0,0,0,0,0,1,0.012447847053408623,,2024-06-01,,0.171
5QG63PMB,0,0,,,,Censored No Alarm,0,0,0,0,0,1,0.014315301552414894,,2024-05-28,,0.171
5QGBH0MB,0,0,,,,Censored No Alarm,0,0,0,0,0,1,0.012447847053408623,,2023-12-09,,0.171
5QGG5KLB,0,0,,,,Censored No Alarm,0,0,0,0,0,1,0.003973737824708223,,2023-04-05,,0.171
5QGG5UPB,0,0,,,,Censored No Alarm,0,0,0,0,0,1,0.007132023572921753,,2022-12-06,,0.171
5QGGAELB,1,1,2025-01-04,2025-06-04,151.0,Early,0,1,0,1,0,0,0.47785332798957825,0.24662934243679047,2023-03-28,648.0,0.171
5QGGHWVB,0,0,,,,Censored No Alarm,0,0,0,0,0,1,0.012772493064403534,,2023-12-16,,0.171
5QH0Z60B,1,1,2024-01-15,2024-05-14,120.0,Early,0,1,0,1,0,0,0.4278382360935211,0.19329102337360382,2023-10-22,85.0,0.171
5QHDKVHB,0,0,,,,Censored No Alarm,0,0,0,0,0,1,0.013198690488934517,,2023-11-17,,0.171
5QHKE66B,0,0,,,,Censored No Alarm,0,0,0,0,0,1,0.013902228325605392,,2024-04-18,,0.171
5QHYP4MB,0,0,,,,Censored No Alarm,0,0,0,0,0,1,0.013198690488934517,,2024-05-15,,0.171
5QJBW5VB,1,1,2024-04-12,2024-05-25,43.0,Early,0,1,0,1,0,0,0.467563658952713,0.21034474670886993,2024-02-07,65.0,0.171
5QJS57NB,0,0,,,,Censored No Alarm,0,0,0,0,0,1,0.013254689984023571,,2024-01-23,,0.171
5QKBEVWB,0,0,,,,Censored No Alarm,0,0,0,0,0,1,0.013935520313680172,,2023-12-14,,0.171
5QKDK07B,0,0,,,,Censored No Alarm,0,0,0,0,0,1,0.011521500535309315,,2024-12-20,,0.171
5QKHBVPB,0,0,,,,Censored No Alarm,0,0,0,0,0,1,0.01342730037868023,,2024-05-30,,0.171
5QKKSM3B,0,0,,,,Censored No Alarm,0,0,0,0,0,1,0.0033614677377045155,,2024-04-06,,0.171
5QKV55TB,0,0,,,,Censored No Alarm,0,0,0,0,0,1,0.012426569126546383,,2024-02-29,,0.171
5QKV6W0B,0,0,,,,Censored No Alarm,0,0,0,0,0,1,0.013198690488934517,,2023-08-14,,0.171
5QKV74SB,0,0,,,,Censored No Alarm,0,0,0,0,0,1,0.012426265515387058,,2024-01-09,,0.171
5QKV778B,0,0,,,,Censored No Alarm,0,0,0,0,0,1,0.01197107508778572,,2024-06-07,,0.171
5QKV7UHB,0,0,,,,Censored No Alarm,0,0,0,0,0,1,0.014285176992416382,,2024-03-04,,0.171
5QKV85UB,0,0,,,,Censored No Alarm,0,0,0,0,0,1,0.013933614827692509,,2023-12-02,,0.171
5QKVAN8B,0,0,,,,Censored No Alarm,0,0,0,0,0,1,0.012447847053408623,,2023-12-24,,0.171
5QKVARLB,0,0,,,,Censored No Alarm,0,0,0,0,0,1,0.006840968504548073,,2023-11-03,,0.171
5QKVATKB,0,0,,,,Censored No Alarm,0,0,0,0,0,1,0.011497965082526207,,2024-01-09,,0.171
5QKVD71B,0,0,,,,Censored No Alarm,0,0,0,0,0,1,0.01039288379251957,,2024-05-10,,0.171
5QKVDDVB,0,0,,,,Censored No Alarm,0,0,0,0,0,1,0.014315301552414894,,2024-06-19,,0.171
5QKVETTB,0,0,,,,Censored No Alarm,0,0,0,0,0,1,0.005609672050923109,,2024-06-27,,0.171
5QKVEUZB,0,0,,,,Censored No Alarm,0,0,0,0,0,1,0.013268323615193367,,2024-04-22,,0.171
5QKVEXJB,0,0,,,,Censored No Alarm,0,0,0,0,0,1,0.013198690488934517,,2023-11-30,,0.171
5QKVGLWB,0,0,,,,Censored No Alarm,0,0,0,0,0,1,0.011961543001234531,,2024-05-08,,0.171
5QKVHPLB,0,0,,,,Censored No Alarm,0,0,0,0,0,1,0.011895366944372654,,2024-05-07,,0.171
5QKVHRMB,0,0,,,,Censored No Alarm,0,0,0,0,0,1,0.010752747766673565,,2024-06-23,,0.171
5QKVVTHB,0,0,,,,Censored No Alarm,0,0,0,0,0,1,0.010493982583284378,,2024-04-15,,0.171
8CGNK9GE,0,0,,,,Censored No Alarm,0,0,0,0,0,1,0.04213825985789299,,2019-05-04,,0.171
8CGR1V5E,0,0,,,,Censored No Alarm,0,0,0,0,0,1,0.004327292554080486,,2019-06-01,,0.171
8CGSN9XE,0,0,,,,Censored No Alarm,0,0,0,0,0,1,0.0008923825807869434,,2019-05-16,,0.171
8CGSTSRE,0,0,,,,Censored No Alarm,0,0,0,0,0,1,0.0008821443771012127,,2019-05-04,,0.171
8CGT5S2E,1,0,,2024-11-05,,Missed,0,0,0,0,1,0,0.062372297048568726,,2019-06-01,,0.171
8CGTW4VE,0,0,,,,Censored No Alarm,0,0,0,0,0,1,0.005143162328749895,,2019-06-01,,0.171
8CGTZ9HE,1,1,2023-05-05,2023-07-12,68.0,Early,0,1,0,1,0,0,0.4904448091983795,0.1725970357656479,2019-05-16,1450.0,0.171
8CGU9LLE,0,0,,,,Censored No Alarm,0,0,0,0,0,1,0.0007939227507449687,,2019-05-16,,0.171
8CGV369E,0,0,,,,Censored No Alarm,0,0,0,0,0,1,0.0010447482345625758,,2019-05-16,,0.171
8CGVR04E,0,0,,,,Censored No Alarm,0,0,0,0,0,1,0.08114637434482574,,2019-05-16,,0.171
8CGVTH0E,0,0,,,,Censored No Alarm,0,0,0,0,0,1,0.0009421208524145186,,2019-05-04,,0.171
8CGW3HPE,0,0,,,,Censored No Alarm,0,0,0,0,0,1,0.0007712473161518574,,2019-05-04,,0.171
8CGW6ULE,0,0,,,,Censored No Alarm,0,0,0,0,0,1,0.0006922477041371167,,2019-05-04,,0.171
8CGWPGEE,0,0,,,,Censored No Alarm,0,0,0,0,0,1,0.0009362779092043638,,2019-05-16,,0.171
8CGXKYVE,0,0,,,,Censored No Alarm,0,0,0,0,0,1,0.0006438488489948213,,2019-05-04,,0.171
8CGXNNUE,1,0,,2022-05-10,,Missed,0,0,0,0,1,0,0.14823956787586212,,2019-06-01,,0.171
8CGY4KUE,0,0,,,,Censored No Alarm,0,0,0,0,0,1,0.0029477833304554224,,2019-05-16,,0.171
8CGYJ5TE,0,0,,,,Censored No Alarm,0,0,0,0,0,1,0.0029320395551621914,,2019-06-01,,0.171
8CGYVS8E,0,0,,,,Censored No Alarm,0,0,0,0,0,1,0.0006226259283721447,,2019-06-01,,0.171
8CGYW96E,0,0,,,,Censored No Alarm,0,0,0,0,0,1,0.02058561146259308,,2019-06-01,,0.171
8CGYXB6E,0,0,,,,Censored No Alarm,0,0,0,0,0,1,0.0073727951385080814,,2019-08-13,,0.171
8CGZ8K3E,0,0,,,,Censored No Alarm,0,0,0,0,0,1,0.0008106058812700212,,2019-05-04,,0.171
8CGZ8S1E,0,0,,,,Censored No Alarm,0,0,0,0,0,1,0.0008823684183880687,,2019-05-04,,0.171
8CGZ8SDE,0,0,,,,Censored No Alarm,0,0,0,0,0,1,0.06574996560811996,,2019-05-04,,0.171
8CGZB98E,0,0,,,,Censored No Alarm,0,0,0,0,0,1,0.0004590811440721154,,2019-08-14,,0.171
8CGZB9VE,0,0,,,,Censored No Alarm,0,0,0,0,0,1,0.0006793664651922882,,2019-06-01,,0.171
8CGZKBME,0,0,,,,Censored No Alarm,0,0,0,0,0,1,0.04332772642374039,,2019-05-04,,0.171
8CGZKDHE,0,0,,,,Censored No Alarm,0,0,0,0,0,1,0.0008369567804038525,,2019-05-04,,0.171
8CGZMEAE,0,0,,,,Censored No Alarm,0,0,0,0,0,1,0.0007876287563703954,,2019-05-04,,0.171
8CH02WUE,0,0,,,,Censored No Alarm,0,0,0,0,0,1,0.0005574497627094388,,2019-08-14,,0.171
8CH05AGE,0,0,,,,Censored No Alarm,0,0,0,0,0,1,0.0006204560049809515,,2019-05-04,,0.171
8CH06AGE,0,0,,,,Censored No Alarm,0,0,0,0,0,1,0.0008901453111320734,,2019-05-16,,0.171
8CH06B5E,0,0,,,,Censored No Alarm,0,0,0,0,0,1,0.00050639285473153,,2019-05-04,,0.171
8CH06E7E,0,0,,,,Censored No Alarm,0,0,0,0,0,1,0.0009021895239129663,,2019-05-04,,0.171
8CH06EDE,0,0,,,,Censored No Alarm,0,0,0,0,0,1,0.005103075876832008,,2019-06-01,,0.171
8CH0869E,0,0,,,,Censored No Alarm,0,0,0,0,0,1,0.0007808908121660352,,2019-05-04,,0.171
8CH08RNE,0,0,,,,Censored No Alarm,0,0,0,0,0,1,0.004221833776682615,,2019-08-14,,0.171
8CH09GGE,0,0,,,,Censored No Alarm,0,0,0,0,0,1,0.0011740759946405888,,2019-06-01,,0.171
8CH0BYPE,0,0,,,,Censored No Alarm,0,0,0,0,0,1,0.0016023871721699834,,2019-08-13,,0.171
8CH0BYTE,0,0,,,,Censored No Alarm,0,0,0,0,0,1,0.0008549705962650478,,2019-06-01,,0.171
8CH0DM8E,0,0,,,,Censored No Alarm,0,0,0,0,0,1,0.0005592883098870516,,2019-08-14,,0.171
8CH0GNLE,0,0,,,,Censored No Alarm,0,0,0,0,0,1,0.0009760410175658762,,2019-05-04,,0.171
8CH0GNNE,0,0,,,,Censored No Alarm,0,0,0,0,0,1,0.0092298723757267,,2019-05-04,,0.171
8CH0GNSE,0,0,,,,Censored No Alarm,0,0,0,0,0,1,0.0025668044108897448,,2019-05-16,,0.171
8CH0HRKE,0,0,,,,Censored No Alarm,0,0,0,0,0,1,0.0008661856409162283,,2019-06-01,,0.171
8CH0HTRE,0,0,,,,Censored No Alarm,0,0,0,0,0,1,0.0011314157163724303,,2019-06-01,,0.171
8CH0L5PE,0,0,,,,Censored No Alarm,0,0,0,0,0,1,0.0006316057406365871,,2019-06-01,,0.171
8CH0R06E,0,0,,,,Censored No Alarm,0,0,0,0,0,1,0.0007950629224069417,,2019-05-04,,0.171
8CH0R3YE,0,0,,,,Censored No Alarm,0,0,0,0,0,1,0.05768720805644989,,2019-08-13,,0.171
8CH0TLTE,0,0,,,,Censored No Alarm,0,0,0,0,0,1,0.002198333153501153,,2019-08-13,,0.171
8CH0TLUE,0,0,,,,Censored No Alarm,0,0,0,0,0,1,0.0006208858103491366,,2019-06-01,,0.171
8CH0TN2E,0,0,,,,Censored No Alarm,0,0,0,0,0,1,0.0008806058904156089,,2019-06-01,,0.171
8CH0TN3E,0,0,,,,Censored No Alarm,0,0,0,0,0,1,0.001765537541359663,,2019-08-13,,0.171
8CH0TVRE,0,0,,,,Censored No Alarm,0,0,0,0,0,1,0.001985596725717187,,2019-08-14,,0.171
8CH0V7TE,0,0,,,,Censored No Alarm,0,0,0,0,0,1,0.02880743145942688,,2019-06-01,,0.171
8CH0VH1E,0,0,,,,Censored No Alarm,0,0,0,0,0,1,0.0009384280419908464,,2019-05-16,,0.171
8CH0VW0E,0,0,,,,Censored No Alarm,0,0,0,0,0,1,0.0006369480979628861,,2019-06-01,,0.171
8CH11KPE,0,0,,,,Censored No Alarm,0,0,0,0,0,1,0.0007554649491794407,,2019-05-04,,0.171
8CH13D7E,0,0,,,,Censored No Alarm,0,0,0,0,0,1,0.0005341575015336275,,2019-06-01,,0.171
8CH13DAE,0,0,,,,Censored No Alarm,0,0,0,0,0,1,0.0008749027620069683,,2019-06-01,,0.171
8CH15D3E,0,0,,,,Censored No Alarm,0,0,0,0,0,1,0.030093703418970108,,2019-05-16,,0.171
8CH15YME,0,0,,,,Censored No Alarm,0,0,0,0,0,1,0.0005486800218932331,,2019-06-01,,0.171
8CH160KE,0,0,,,,Censored No Alarm,0,0,0,0,0,1,0.001635673688724637,,2019-08-14,,0.171
8CH16PBE,0,0,,,,Censored No Alarm,0,0,0,0,0,1,0.012319877743721008,,2019-06-01,,0.171
8CH16ZDE,0,0,,,,Censored No Alarm,0,0,0,0,0,1,0.0008811904117465019,,2019-06-01,,0.171
8CH16ZUE,0,0,,,,Censored No Alarm,0,0,0,0,0,1,0.0008676600991748273,,2019-06-01,,0.171
8CH17M9E,0,0,,,,Censored No Alarm,0,0,0,0,0,1,0.0005398672656156123,,2019-06-01,,0.171
8CH17MHE,0,0,,,,Censored No Alarm,0,0,0,0,0,1,0.0011329720728099346,,2019-08-13,,0.171
8CH190UE,1,1,2020-11-12,2022-03-26,499.0,Early,0,1,0,1,0,0,0.4821587800979614,0.17965681850910187,2019-08-13,457.0,0.171
8CH1APUE,1,0,,2025-09-18,,Missed,0,0,0,0,1,0,0.12290136516094208,,2019-06-01,,0.171
8CH1AR5E,0,0,,,,Censored No Alarm,0,0,0,0,0,1,0.0005523157306015491,,2019-05-04,,0.171
8CH1ARHE,1,0,,2023-09-28,,Missed,0,0,0,0,1,0,0.014298981055617332,,2019-06-01,,0.171
8CH1WBME,1,0,,2024-05-05,,Missed,0,0,0,0,1,0,0.01564696989953518,,2019-05-04,,0.171
8CH1XHUE,0,0,,,,Censored No Alarm,0,0,0,0,0,1,0.00102213304489851,,2019-05-04,,0.171
8CH4AT4E,0,0,,,,Censored No Alarm,0,0,0,0,0,1,0.0005894596106372774,,2019-05-27,,0.171
8CH4X3TE,1,0,,2022-10-12,,Missed,0,0,0,0,1,0,0.004255871754139662,,2019-05-16,,0.171
8CH4YM4E,1,0,,2023-03-03,,Missed,0,0,0,0,1,0,0.007621412631124258,,2019-05-16,,0.171
8CH4YM6E,1,1,2024-12-08,2025-03-13,95.0,Early,0,1,0,1,0,0,0.17320659756660461,0.17320659756660461,2019-05-16,2033.0,0.171
8CH4YN8E,1,0,,2024-04-09,,Missed,0,0,0,0,1,0,0.08950118720531464,,2019-05-16,,0.171
8CH4Z6UE,0,0,,,,Censored No Alarm,0,0,0,0,0,1,0.0017849861178547144,,2019-05-16,,0.171
8CH5214E,1,1,2024-01-18,2024-02-15,28.0,On time,1,0,0,0,0,0,0.26223495602607727,0.20206746459007263,2019-05-16,1708.0,0.171
8CH52U5E,0,0,,,,Censored No Alarm,0,0,0,0,0,1,0.0007717707776464522,,2019-05-16,,0.171
8CH5B9LE,0,0,,,,Censored No Alarm,0,0,0,0,0,1,0.0018215576419606805,,2019-05-16,,0.171
8CH5E8EE,1,0,,2023-04-04,,Missed,0,0,0,0,1,0,0.0627560168504715,,2019-05-16,,0.171
8CH5HRYE,1,1,2024-04-21,2024-12-24,247.0,Early,0,1,0,1,0,0,0.19657056033611298,0.18692085146903992,2019-05-16,1802.0,0.171
8CHRG6JE,0,0,,,,Censored No Alarm,0,0,0,0,0,1,0.0008153748931363225,,2019-11-25,,0.171
8CHU2WSE,0,0,,,,Censored No Alarm,0,0,0,0,0,1,0.004009043797850609,,2020-06-18,,0.171
8CHU7R9E,1,0,,2024-11-09,,Missed,0,0,0,0,1,0,0.013271389529109001,,2021-05-05,,0.171
8CHUHHXE,0,0,,,,Censored No Alarm,0,0,0,0,0,1,0.03839672729372978,,2020-06-26,,0.171
8CJMA59E,0,0,,,,Censored No Alarm,0,0,0,0,0,1,0.01197107508778572,,2024-04-02,,0.171
8DG1BB5Y,0,0,,,,Censored No Alarm,0,0,0,0,0,1,0.011497961357235909,,2024-12-20,,0.171
8DG3MU5D,0,0,,,,Censored No Alarm,0,0,0,0,0,1,0.0027318682987242937,,2018-07-12,,0.171
8DG4SAUD,0,0,,,,Censored No Alarm,0,0,0,0,0,1,0.001932018087245524,,2018-07-12,,0.171
8DG4SAZD,0,0,,,,Censored No Alarm,0,0,0,0,0,1,0.0007554732728749514,,2018-07-12,,0.171
8DG52U7D,0,0,,,,Censored No Alarm,0,0,0,0,0,1,0.003338266396895051,,2018-07-12,,0.171
8DG52W9D,0,0,,,,Censored No Alarm,0,0,0,0,0,1,0.0008121635182760656,,2018-07-12,,0.171
8DG52WND,0,0,,,,Censored No Alarm,0,0,0,0,0,1,0.002139731775969267,,2018-07-12,,0.171
8DG6S3UD,1,0,,2024-06-11,,Missed,0,0,0,0,1,0,0.03073555789887905,,2018-07-12,,0.171
8DG88GTY,0,0,,,,Censored No Alarm,0,0,0,0,0,1,0.010493982583284378,,2025-01-01,,0.171
8DG93TXY,0,0,,,,Censored No Alarm,0,0,0,0,0,1,0.01400461420416832,,2024-04-01,,0.171
8DJE2HWH,0,0,,,,Censored No Alarm,0,0,0,0,0,1,0.0006741953548043966,,2019-01-05,,0.171
8DJEPPSH,0,0,,,,Censored No Alarm,0,0,0,0,0,1,0.0006668331916444004,,2019-01-05,,0.171
8DJEPTWH,0,0,,,,Censored No Alarm,0,0,0,0,0,1,0.0004216456145513803,,2019-01-05,,0.171
8DJEUXLH,0,0,,,,Censored No Alarm,0,0,0,0,0,1,0.05036349222064018,,2019-01-05,,0.171
8DK5NDLH,0,0,,,,Censored No Alarm,0,0,0,0,0,1,0.0046065798960626125,,2020-01-03,,0.171
8DKHU24H,0,0,,,,Censored No Alarm,0,0,0,0,0,1,0.0014005637494847178,,2019-12-29,,0.171
8DKUD8AH,0,0,,,,Censored No Alarm,0,0,0,0,0,1,0.0008175793918780982,,2019-01-05,,0.171
8DKV390H,0,0,,,,Censored No Alarm,0,0,0,0,0,1,0.0015187292592599988,,2019-03-01,,0.171
8HG28M3H,0,0,,,,Censored No Alarm,0,0,0,0,0,1,0.0006032259552739561,,2019-03-01,,0.171
8HG7LGUH,1,0,,2025-06-01,,Missed,0,0,0,0,1,0,0.07536730915307999,,2019-06-01,,0.171
8HGBYHPH,0,0,,,,Censored No Alarm,0,0,0,0,0,1,0.0024769927840679884,,2021-10-03,,0.171
8HGNAB0H,0,0,,,,Censored No Alarm,0,0,0,0,0,1,0.0013372697867453098,,2019-03-28,,0.171
8HGZPYVH,0,1,2022-12-20,,,Censored Early,0,0,1,1,0,0,0.24595452845096588,0.17832405865192413,2019-01-05,1445.0,0.171
8HH12ZPH,0,0,,,,Censored No Alarm,0,0,0,0,0,1,0.000805217248853296,,2018-11-14,,0.171
8HH5JYSH,0,0,,,,Censored No Alarm,0,0,0,0,0,1,0.0025862811598926783,,2018-11-14,,0.171
8HH8BNRH,0,0,,,,Censored No Alarm,0,0,0,0,0,1,0.0014590166974812746,,2019-03-28,,0.171
8HH8P7RH,0,0,,,,Censored No Alarm,0,0,0,0,0,1,0.0008687317604199052,,2019-03-02,,0.171
8HH901KH,0,0,,,,Censored No Alarm,0,0,0,0,0,1,0.0009482784080319107,,2019-03-28,,0.171
8HH9ZRUH,0,0,,,,Censored No Alarm,0,0,0,0,0,1,0.0010411326074972749,,2019-03-01,,0.171
8HHARE1H,1,1,2023-03-14,2023-03-24,10.0,On time,1,0,0,0,0,0,0.47004956007003784,0.21592296659946442,2019-08-13,1309.0,0.171
8HHARGBH,0,0,,,,Censored No Alarm,0,0,0,0,0,1,0.0008460802491754293,,2019-03-02,,0.171
8HHATBKH,0,0,,,,Censored No Alarm,0,0,0,0,0,1,0.0010090614669024944,,2019-03-01,,0.171
8HHJXENH,0,0,,,,Censored No Alarm,0,0,0,0,0,1,0.0013935572933405638,,2019-01-05,,0.171
8HHNHSUH,1,0,,2024-12-06,,Missed,0,0,0,0,1,0,0.08436691761016846,,2019-05-04,,0.171
8HHPUREH,1,1,2023-08-09,2024-05-16,281.0,Early,0,1,0,1,0,0,0.22011716663837433,0.17465654015541077,2018-11-14,1729.0,0.171
8HHT1P2H,0,0,,,,Censored No Alarm,0,0,0,0,0,1,0.012940959073603153,,2018-11-14,,0.171
8HHTWXYH,0,0,,,,Censored No Alarm,0,0,0,0,0,1,0.0010054092854261398,,2018-11-14,,0.171
8HHZ6MGH,0,0,,,,Censored No Alarm,0,0,0,0,0,1,0.001205746317282319,,2018-11-14,,0.171
8HJ1NNDH,0,0,,,,Censored No Alarm,0,0,0,0,0,1,0.0024629717227071524,,2018-11-14,,0.171
8HJ6SJAH,0,0,,,,Censored No Alarm,0,0,0,0,0,1,0.009144723415374756,,2018-11-14,,0.171
8HJ6SJTH,0,0,,,,Censored No Alarm,0,0,0,0,0,1,0.01986508257687092,,2018-11-14,,0.171
8HJ74BPH,0,0,,,,Censored No Alarm,0,0,0,0,0,1,0.0011159781133756042,,2018-11-14,,0.171
8HJ7UJHH,0,0,,,,Censored No Alarm,0,0,0,0,0,1,0.0009963542688637972,,2018-11-14,,0.171
8HJ7Y9BH,0,0,,,,Censored No Alarm,0,0,0,0,0,1,0.010870314203202724,,2018-11-14,,0.171
8HJ7Z0DH,0,0,,,,Censored No Alarm,0,0,0,0,0,1,0.0006718106451444328,,2019-05-04,,0.171
8HJ7Z10H,0,0,,,,Censored No Alarm,0,0,0,0,0,1,0.0013105940306559205,,2018-11-14,,0.171
8HJ7Z1MH,0,0,,,,Censored No Alarm,0,0,0,0,0,1,0.005953360348939896,,2018-11-14,,0.171
8HJ86APH,0,0,,,,Censored No Alarm,0,0,0,0,0,1,0.026548439636826515,,2018-11-14,,0.171
8HJ86NXH,0,0,,,,Censored No Alarm,0,0,0,0,0,1,0.0005405721603892744,,2019-05-04,,0.171
8HJ8LEXH,0,0,,,,Censored No Alarm,0,0,0,0,0,1,0.0742790549993515,,2019-05-04,,0.171
8HJ8LKMH,1,0,,2026-03-14,,Missed,0,0,0,0,1,0,0.1585504114627838,,2018-11-14,,0.171
8HJ91WDH,0,0,,,,Censored No Alarm,0,0,0,0,0,1,0.0005379004869610071,,2019-05-04,,0.171
8HJ94EVH,0,0,,,,Censored No Alarm,0,0,0,0,0,1,0.0025185931008309126,,2018-11-14,,0.171
8HJ9JWTH,0,0,,,,Censored No Alarm,0,0,0,0,0,1,0.010196804068982601,,2018-11-14,,0.171
8HJ9K7HH,1,0,,2025-01-28,,Missed,0,0,0,0,1,0,0.13553833961486816,,2018-11-14,,0.171
8HJ9KKGH,0,0,,,,Censored No Alarm,0,0,0,0,0,1,0.0005405397387221456,,2019-05-04,,0.171
8HJ9KN1H,0,0,,,,Censored No Alarm,0,0,0,0,0,1,0.001356649911031127,,2018-11-14,,0.171
8HJ9LS1H,0,0,,,,Censored No Alarm,0,0,0,0,0,1,0.0010046660900115967,,2018-11-14,,0.171
8HJ9M5NH,0,0,,,,Censored No Alarm,0,0,0,0,0,1,0.0011473895283415914,,2018-11-14,,0.171
8HJ9M94H,0,0,,,,Censored No Alarm,0,0,0,0,0,1,0.0010245254961773753,,2018-11-14,,0.171
8HJ9MZBH,0,0,,,,Censored No Alarm,0,0,0,0,0,1,0.0005390645819716156,,2019-05-04,,0.171
8HJ9NHPH,0,0,,,,Censored No Alarm,0,0,0,0,0,1,0.0010778921423479915,,2018-11-14,,0.171
8HJ9NKKH,0,0,,,,Censored No Alarm,0,0,0,0,0,1,0.0029202448204159737,,2018-11-14,,0.171
8HJ9RYSH,0,0,,,,Censored No Alarm,0,0,0,0,0,1,0.0031797541305422783,,2018-11-14,,0.171
8HJ9S05H,0,0,,,,Censored No Alarm,0,0,0,0,0,1,0.0007899054908193648,,2018-11-14,,0.171
8HJ9S0EH,0,0,,,,Censored No Alarm,0,0,0,0,0,1,0.0012203581864014268,,2018-11-14,,0.171
8HJ9Y3ZH,0,0,,,,Censored No Alarm,0,0,0,0,0,1,0.0008179016876965761,,2019-05-04,,0.171
8HJA085H,0,0,,,,Censored No Alarm,0,0,0,0,0,1,0.006339918822050095,,2018-11-14,,0.171
8HJA2DPH,0,0,,,,Censored No Alarm,0,0,0,0,0,1,0.0009608878172002733,,2018-11-14,,0.171
8HJA8DBH,0,0,,,,Censored No Alarm,0,0,0,0,0,1,0.000876949226949364,,2018-11-14,,0.171
8HJBNYTH,0,0,,,,Censored No Alarm,0,0,0,0,0,1,0.15027053654193878,,2019-01-05,,0.171
8HJDK12H,0,0,,,,Censored No Alarm,0,0,0,0,0,1,0.003092912957072258,,2018-11-14,,0.171
8HJDX4PH,0,0,,,,Censored No Alarm,0,0,0,0,0,1,0.0010863986099138856,,2018-11-14,,0.171
8HJEY89H,0,0,,,,Censored No Alarm,0,0,0,0,0,1,0.0005634956760331988,,2019-03-01,,0.171
8HJG85RH,0,0,,,,Censored No Alarm,0,0,0,0,0,1,0.0007250201888382435,,2019-03-01,,0.171
8HJGZPXH,0,0,,,,Censored No Alarm,0,0,0,0,0,1,0.0014157007681205869,,2018-11-14,,0.171
8HJH62EH,0,0,,,,Censored No Alarm,0,0,0,0,0,1,0.009678457863628864,,2018-11-14,,0.171
8HJH8RWH,0,0,,,,Censored No Alarm,0,0,0,0,0,1,0.005294185131788254,,2019-03-01,,0.171
8HJK2HSH,0,0,,,,Censored No Alarm,0,0,0,0,0,1,0.020230835303664207,,2018-11-14,,0.171
8HJLKZRH,0,0,,,,Censored No Alarm,0,0,0,0,0,1,0.0028438009321689606,,2018-11-14,,0.171
8HJRD7PH,0,0,,,,Censored No Alarm,0,0,0,0,0,1,0.0005372799350880086,,2019-03-01,,0.171
8HJRUMWH,0,0,,,,Censored No Alarm,0,0,0,0,0,1,0.005998259410262108,,2018-11-14,,0.171
8HJRVW4H,0,0,,,,Censored No Alarm,0,0,0,0,0,1,0.007370366249233484,,2018-11-14,,0.171
8HJUGTVH,0,0,,,,Censored No Alarm,0,0,0,0,0,1,0.05333458259701729,,2018-11-14,,0.171
8HJVJKPH,0,0,,,,Censored No Alarm,0,0,0,0,0,1,0.009386882185935974,,2018-11-14,,0.171
8HJVUAGH,0,0,,,,Censored No Alarm,0,0,0,0,0,1,0.008891401812434196,,2018-11-14,,0.171
8HJWBJXH,0,0,,,,Censored No Alarm,0,0,0,0,0,1,0.003089310135692358,,2018-11-14,,0.171
8HJWHD6H,0,0,,,,Censored No Alarm,0,0,0,0,0,1,0.005328870378434658,,2018-11-14,,0.171
8HJWHEJH,0,0,,,,Censored No Alarm,0,0,0,0,0,1,0.0009112560655921698,,2019-03-28,,0.171
8HJXG0WH,1,0,,2022-05-01,,Missed,0,0,0,0,1,0,0.006620696745812893,,2018-11-14,,0.171
8HJXKBDH,0,0,,,,Censored No Alarm,0,0,0,0,0,1,0.0006063781911507249,,2019-03-01,,0.171
8HJXU87H,0,0,,,,Censored No Alarm,0,0,0,0,0,1,0.11031123250722885,,2018-11-14,,0.171
8HJY20MH,0,0,,,,Censored No Alarm,0,0,0,0,0,1,0.003234016476199031,,2018-11-14,,0.171
8HJYTXWH,0,0,,,,Censored No Alarm,0,0,0,0,0,1,0.001972428523004055,,2018-11-14,,0.171
8HJYU0JH,0,0,,,,Censored No Alarm,0,0,0,0,0,1,0.001293098903261125,,2018-11-14,,0.171
8HJYZNZH,0,0,,,,Censored No Alarm,0,0,0,0,0,1,0.003978967200964689,,2018-11-14,,0.171
8HJZ13TH,0,0,,,,Censored No Alarm,0,0,0,0,0,1,0.001308934180997312,,2018-11-14,,0.171
8HJZADEH,0,0,,,,Censored No Alarm,0,0,0,0,0,1,0.0029766482766717672,,2018-11-14,,0.171
8HJZEG6H,1,0,,2023-11-17,,Missed,0,0,0,0,1,0,0.06001879647374153,,2018-11-14,,0.171
8HJZG4AH,0,0,,,,Censored No Alarm,0,0,0,0,0,1,0.0021883961744606495,,2018-11-14,,0.171
8HJZNVWH,0,0,,,,Censored No Alarm,0,0,0,0,0,1,0.001192498835735023,,2018-11-14,,0.171
8HK087WH,0,0,,,,Censored No Alarm,0,0,0,0,0,1,0.1145206093788147,,2018-11-14,,0.171
8HK0HH3H,0,0,,,,Censored No Alarm,0,0,0,0,0,1,0.0007149574812501669,,2018-11-14,,0.171
8HK12NNH,0,0,,,,Censored No Alarm,0,0,0,0,0,1,0.0006798382964916527,,2018-11-14,,0.171
8HK17SKH,0,1,2025-09-25,,,Censored Early,0,0,1,1,0,0,0.3253602981567383,0.2575535178184509,2018-11-14,2507.0,0.171
8HK17SWH,0,0,,,,Censored No Alarm,0,0,0,0,0,1,0.0012390398187562823,,2018-11-14,,0.171
8HK17SYH,0,0,,,,Censored No Alarm,0,0,0,0,0,1,0.12467245757579803,,2018-11-14,,0.171
8HK19K9H,0,0,,,,Censored No Alarm,0,0,0,0,0,1,0.0013000501785427332,,2018-11-14,,0.171
8HK19KVH,0,0,,,,Censored No Alarm,0,0,0,0,0,1,0.0010453913128003478,,2018-11-14,,0.171
8HK1KY3H,0,0,,,,Censored No Alarm,0,0,0,0,0,1,0.001233468996360898,,2018-11-14,,0.171
8HK1LYPH,0,0,,,,Censored No Alarm,0,0,0,0,0,1,0.007975331507623196,,2018-11-14,,0.171
8HK1N18H,0,0,,,,Censored No Alarm,0,0,0,0,0,1,0.00088764593238011,,2018-11-14,,0.171
8HK1PV7H,0,0,,,,Censored No Alarm,0,0,0,0,0,1,0.0032359263859689236,,2018-11-14,,0.171
8HK1UULH,0,0,,,,Censored No Alarm,0,0,0,0,0,1,0.002956089098006487,,2018-11-14,,0.171
8HK1XAAH,1,0,,2021-10-24,,Missed,0,0,0,0,1,0,0.0006864876486361027,,2018-11-14,,0.171
8HK224GH,0,0,,,,Censored No Alarm,0,0,0,0,0,1,0.001052779145538807,,2018-11-14,,0.171
8HK25XSH,0,0,,,,Censored No Alarm,0,0,0,0,0,1,0.013763378374278545,,2018-11-14,,0.171
8HK266WH,0,0,,,,Censored No Alarm,0,0,0,0,0,1,0.0167793370783329,,2018-11-14,,0.171
8HK28TJH,0,0,,,,Censored No Alarm,0,0,0,0,0,1,0.006948430091142654,,2018-11-14,,0.171
8HK28Y0H,0,0,,,,Censored No Alarm,0,0,0,0,0,1,0.0013666664017364383,,2018-11-14,,0.171
8HK2A1EH,0,0,,,,Censored No Alarm,0,0,0,0,0,1,0.0011388242710381746,,2019-06-01,,0.171
8HK2BA6H,0,0,,,,Censored No Alarm,0,0,0,0,0,1,0.0014743373030796647,,2018-11-14,,0.171
8HK2BAEH,0,0,,,,Censored No Alarm,0,0,0,0,0,1,0.001016732188872993,,2018-11-14,,0.171
8HK2DVKH,0,0,,,,Censored No Alarm,0,0,0,0,0,1,0.0010968131246045232,,2018-11-14,,0.171
8HK2JXUH,0,0,,,,Censored No Alarm,0,0,0,0,0,1,0.0007847781525924802,,2019-03-28,,0.171
8HK2KY6H,0,0,,,,Censored No Alarm,0,0,0,0,0,1,0.002490703482180834,,2018-11-14,,0.171
8HK2MXPH,0,0,,,,Censored No Alarm,0,0,0,0,0,1,0.00626598484814167,,2018-11-14,,0.171
8HK2RMWH,0,0,,,,Censored No Alarm,0,0,0,0,0,1,0.016024328768253326,,2018-11-14,,0.171
8HK2RNWH,0,0,,,,Censored No Alarm,0,0,0,0,0,1,0.001113525009714067,,2018-11-14,,0.171
8HK2RP9H,0,0,,,,Censored No Alarm,0,0,0,0,0,1,0.005444314796477556,,2018-11-14,,0.171
8HK2VLMH,0,0,,,,Censored No Alarm,0,0,0,0,0,1,0.0008004118571989238,,2018-11-14,,0.171
8HK2X4YH,0,0,,,,Censored No Alarm,0,0,0,0,0,1,0.0012620306806638837,,2018-11-14,,0.171
8HK2ZPDH,0,0,,,,Censored No Alarm,0,0,0,0,0,1,0.0010742765152826905,,2019-05-04,,0.171
8HK2ZT1H,0,0,,,,Censored No Alarm,0,0,0,0,0,1,0.000981423887424171,,2018-11-14,,0.171
8HK31WMH,0,0,,,,Censored No Alarm,0,0,0,0,0,1,0.0010950217256322503,,2019-05-04,,0.171
8HK31Y8H,0,0,,,,Censored No Alarm,0,0,0,0,0,1,0.0010760193690657616,,2018-11-14,,0.171
8HK341ZH,0,0,,,,Censored No Alarm,0,0,0,0,0,1,0.008160632103681564,,2018-11-14,,0.171
8HK34EZH,0,0,,,,Censored No Alarm,0,0,0,0,0,1,0.0024959156289696693,,2018-11-14,,0.171
8HK3BWZH,0,0,,,,Censored No Alarm,0,0,0,0,0,1,0.007798195816576481,,2018-11-14,,0.171
8HK3GTLH,0,0,,,,Censored No Alarm,0,0,0,0,0,1,0.028580084443092346,,2018-11-14,,0.171
8HK3GUXH,0,0,,,,Censored No Alarm,0,0,0,0,0,1,0.0029021184891462326,,2018-11-14,,0.171
8HK3MMSH,0,0,,,,Censored No Alarm,0,0,0,0,0,1,0.0030770106241106987,,2018-11-14,,0.171
8HK3NG2H,0,0,,,,Censored No Alarm,0,0,0,0,0,1,0.002063871594145894,,2018-11-14,,0.171
8HK3NJMH,0,0,,,,Censored No Alarm,0,0,0,0,0,1,0.001289225765503943,,2018-11-14,,0.171
8HK41HEH,0,0,,,,Censored No Alarm,0,0,0,0,0,1,0.00070759846130386,,2018-11-14,,0.171
8HK69BMH,0,0,,,,Censored No Alarm,0,0,0,0,0,1,0.003219003090634942,,2019-03-01,,0.171
8HK6T2AH,0,0,,,,Censored No Alarm,0,0,0,0,0,1,0.005975405219942331,,2018-11-14,,0.171
8HK6TL7H,0,0,,,,Censored No Alarm,0,0,0,0,0,1,0.0009429999627172947,,2018-11-14,,0.171
8HK6UUDH,0,0,,,,Censored No Alarm,0,0,0,0,0,1,0.0010102700907737017,,2019-03-28,,0.171
8HK6V14H,0,0,,,,Censored No Alarm,0,0,0,0,0,1,0.007008515764027834,,2018-11-14,,0.171
8HK6VSKH,1,1,2024-03-07,2024-03-10,3.0,On time,1,0,0,0,0,0,0.4164980351924896,0.22743354737758636,2018-11-14,1940.0,0.171
8HK70X7H,0,0,,,,Censored No Alarm,0,0,0,0,0,1,0.007102855481207371,,2018-11-14,,0.171
8HK7194H,0,0,,,,Censored No Alarm,0,0,0,0,0,1,0.015061446465551853,,2018-11-14,,0.171
8HK72J0H,0,0,,,,Censored No Alarm,0,0,0,0,0,1,0.00569522101432085,,2018-11-14,,0.171
8HK7DKMH,0,0,,,,Censored No Alarm,0,0,0,0,0,1,0.00046427364577539265,,2019-03-02,,0.171
8HK7E5DH,0,0,,,,Censored No Alarm,0,0,0,0,0,1,0.0018104867776855826,,2018-11-14,,0.171
8HK7E68H,0,0,,,,Censored No Alarm,0,0,0,0,0,1,0.0010384736815467477,,2018-11-14,,0.171
8HK7H58H,0,0,,,,Censored No Alarm,0,0,0,0,0,1,0.0025558939669281244,,2018-11-14,,0.171
8HK80P1H,0,0,,,,Censored No Alarm,0,0,0,0,0,1,0.024592416360974312,,2019-01-05,,0.171
8HKB2WEH,0,0,,,,Censored No Alarm,0,0,0,0,0,1,0.02021433413028717,,2019-01-05,,0.171
8HKB3M2H,0,0,,,,Censored No Alarm,0,0,0,0,0,1,0.000429167557740584,,2019-01-05,,0.171
8HKB4R4H,0,0,,,,Censored No Alarm,0,0,0,0,0,1,0.0007244390435516834,,2019-05-04,,0.171
8HKBBKKH,0,0,,,,Censored No Alarm,0,0,0,0,0,1,0.020556917414069176,,2018-11-14,,0.171
8HKBYNVH,0,0,,,,Censored No Alarm,0,0,0,0,0,1,0.0004995757481083274,,2019-05-04,,0.171
8HKE039H,0,0,,,,Censored No Alarm,0,0,0,0,0,1,0.046731363981962204,,2018-11-14,,0.171
8HKE6E1H,0,0,,,,Censored No Alarm,0,0,0,0,0,1,0.0011814439203590155,,2019-01-05,,0.171
8HKE8S7H,0,0,,,,Censored No Alarm,0,0,0,0,0,1,0.025460463017225266,,2019-01-05,,0.171
8HKEAWEH,0,0,,,,Censored No Alarm,0,0,0,0,0,1,0.0009011891088448465,,2019-06-01,,0.171
8HKEKYRH,0,0,,,,Censored No Alarm,0,0,0,0,0,1,0.000725866761058569,,2019-06-01,,0.171
8HKG0GWH,0,0,,,,Censored No Alarm,0,0,0,0,0,1,0.0010108968708664179,,2019-01-05,,0.171
8HKHPZHH,0,0,,,,Censored No Alarm,0,0,0,0,0,1,0.0012009020429104567,,2019-06-01,,0.171
8HKJ4MAH,0,0,,,,Censored No Alarm,0,0,0,0,0,1,0.0008832638268359005,,2019-03-01,,0.171
8HKJ5KDH,1,0,,2025-06-29,,Missed,0,0,0,0,1,0,0.0009566606604494154,,2018-11-14,,0.171
8HKL6STH,0,0,,,,Censored No Alarm,0,0,0,0,0,1,0.009744235314428806,,2019-03-02,,0.171
8HKLRUSH,0,1,2024-12-09,,,Censored Early,0,0,1,1,0,0,0.23226456344127655,0.1871376931667328,2019-03-01,2110.0,0.171
8HKM415H,0,0,,,,Censored No Alarm,0,0,0,0,0,1,0.0005477624363265932,,2019-03-01,,0.171
8HKM5RVH,0,0,,,,Censored No Alarm,0,0,0,0,0,1,0.0011598847340792418,,2019-03-28,,0.171
8HKM654H,0,0,,,,Censored No Alarm,0,0,0,0,0,1,0.000798217486590147,,2019-03-28,,0.171
8HKM9Z1H,0,0,,,,Censored No Alarm,0,0,0,0,0,1,0.001008767751045525,,2019-03-28,,0.171
8HKMR21H,1,0,,2020-09-02,,Missed,0,0,0,0,1,0,0.033739522099494934,,2019-03-28,,0.171
8HKNMW1H,0,0,,,,Censored No Alarm,0,0,0,0,0,1,0.0007330763037316501,,2019-05-04,,0.171
8HKNN28H,0,0,,,,Censored No Alarm,0,0,0,0,0,1,0.03670516982674599,,2019-06-01,,0.171
8HKPM7RH,0,0,,,,Censored No Alarm,0,0,0,0,0,1,0.0006391210481524467,,2019-03-02,,0.171
8HKPZY9H,1,1,2024-06-14,2024-08-13,60.0,Early,0,1,0,1,0,0,0.2567163407802582,0.21257875859737396,2019-03-28,1905.0,0.171
8HKRER2H,0,0,,,,Censored No Alarm,0,0,0,0,0,1,0.0010156652424484491,,2019-06-01,,0.171
8HKS4X3H,0,0,,,,Censored No Alarm,0,0,0,0,0,1,0.11878375709056854,,2019-03-02,,0.171
8HKTBA3H,1,1,2024-01-10,2024-09-22,256.0,Early,0,1,0,1,0,0,0.1870381087064743,0.18674077093601227,2019-03-01,1776.0,0.171
8HKTE54H,0,0,,,,Censored No Alarm,0,0,0,0,0,1,0.0011903413105756044,,2019-03-01,,0.171
8HKTH2SH,1,0,,2023-11-27,,Missed,0,0,0,0,1,0,0.0032557749655097723,,2019-03-01,,0.171
8HKTK0XH,0,0,,,,Censored No Alarm,0,0,0,0,0,1,0.000726831320207566,,2019-01-05,,0.171
8HKU0DXH,0,0,,,,Censored No Alarm,0,0,0,0,0,1,0.001547939027659595,,2019-03-01,,0.171
8HKU3YTH,1,1,2023-11-07,2024-07-13,249.0,Early,0,1,0,1,0,0,0.22009555995464325,0.20054231584072113,2019-03-01,1712.0,0.171
8HKU4WXH,0,0,,,,Censored No Alarm,0,0,0,0,0,1,0.0052200909703969955,,2019-01-05,,0.171
8HKUEJHH,1,0,,2025-04-25,,Missed,0,0,0,0,1,0,0.0009312866604886949,,2019-03-28,,0.171
8HKVW60H,0,0,,,,Censored No Alarm,0,0,0,0,0,1,0.0009886948391795158,,2019-03-28,,0.171
8HKW4NPH,0,0,,,,Censored No Alarm,0,0,0,0,0,1,0.0019355935510247946,,2019-06-01,,0.171
8HKWV1GH,0,0,,,,Censored No Alarm,0,0,0,0,0,1,0.0011747467797249556,,2019-01-05,,0.171
8HKWXJYH,0,0,,,,Censored No Alarm,0,0,0,0,0,1,0.001028262311592698,,2019-03-28,,0.171
8HKY0KHH,1,1,2023-12-08,2024-05-14,158.0,Early,0,1,0,1,0,0,0.4911231994628906,0.17173393070697784,2019-03-01,1743.0,0.171
8HKY66PH,0,0,,,,Censored No Alarm,0,0,0,0,0,1,0.003636264707893133,,2019-03-01,,0.171
8HKYJ38H,0,0,,,,Censored No Alarm,0,0,0,0,0,1,0.0007886374369263649,,2019-03-28,,0.171
8HKYZ6YH,0,0,,,,Censored No Alarm,0,0,0,0,0,1,0.0006922948523424566,,2019-03-28,,0.171
8HKZ213H,0,0,,,,Censored No Alarm,0,0,0,0,0,1,0.0004099846410099417,,2019-01-05,,0.171
8HKZDBRH,0,0,,,,Censored No Alarm,0,0,0,0,0,1,0.0005740289925597608,,2019-06-01,,0.171
8HKZL75H,0,0,,,,Censored No Alarm,0,0,0,0,0,1,0.01565328612923622,,2019-05-04,,0.171
AAG0EXPH,0,0,,,,Censored No Alarm,0,0,0,0,0,1,0.0014029170852154493,,2019-01-05,,0.171
AAG0LHRH,0,0,,,,Censored No Alarm,0,0,0,0,0,1,0.001109010074287653,,2019-01-05,,0.171
AAG121VH,0,0,,,,Censored No Alarm,0,0,0,0,0,1,0.00279828323982656,,2019-03-01,,0.171
AAG16VPH,0,0,,,,Censored No Alarm,0,0,0,0,0,1,0.0005605173064395785,,2019-01-05,,0.171
AAG18L0H,0,0,,,,Censored No Alarm,0,0,0,0,0,1,0.0008988771005533636,,2019-03-28,,0.171
AAG18MEH,0,0,,,,Censored No Alarm,0,0,0,0,0,1,0.0014563840813934803,,2019-03-01,,0.171
AAG197UH,0,0,,,,Censored No Alarm,0,0,0,0,0,1,0.0009889844805002213,,2019-06-01,,0.171
AAG1LSNH,1,0,,2025-07-30,,Missed,0,0,0,0,1,0,0.1235797330737114,,2019-01-05,,0.171
AAG1LSVH,0,0,,,,Censored No Alarm,0,0,0,0,0,1,0.0032552178017795086,,2019-01-05,,0.171
AAG1LW3H,1,0,,2024-09-03,,Missed,0,0,0,0,1,0,0.14513513445854187,,2019-01-05,,0.171
AAG1PLVH,0,0,,,,Censored No Alarm,0,0,0,0,0,1,0.0008825058466754854,,2019-03-28,,0.171
AAG1PM9H,0,0,,,,Censored No Alarm,0,0,0,0,0,1,0.0007286889594979584,,2019-03-28,,0.171
AAG1RJAH,0,0,,,,Censored No Alarm,0,0,0,0,0,1,0.09706270694732666,,2019-03-28,,0.171
AAG1RK5H,0,0,,,,Censored No Alarm,0,0,0,0,0,1,0.0007713737431913614,,2019-01-05,,0.171
AAG1RR9H,0,0,,,,Censored No Alarm,0,0,0,0,0,1,0.0008328615804202855,,2019-03-28,,0.171
AAG1RUJH,0,0,,,,Censored No Alarm,0,0,0,0,0,1,0.0009673821623437107,,2019-03-28,,0.171
AAG1TGGH,0,0,,,,Censored No Alarm,0,0,0,0,0,1,0.0009567559463903308,,2019-01-05,,0.171
AAG1VJYH,0,0,,,,Censored No Alarm,0,0,0,0,0,1,0.0005333302542567253,,2019-03-28,,0.171
AAG1VNPH,0,0,,,,Censored No Alarm,0,0,0,0,0,1,0.0004070883442182094,,2019-01-05,,0.171
AAG1Z4AH,0,0,,,,Censored No Alarm,0,0,0,0,0,1,0.02038208767771721,,2019-08-13,,0.171
AAG23A2H,0,0,,,,Censored No Alarm,0,0,0,0,0,1,0.11824771016836166,,2019-01-05,,0.171
AAG23AKH,0,0,,,,Censored No Alarm,0,0,0,0,0,1,0.00066606659675017,,2019-01-05,,0.171
AAG23AVH,0,0,,,,Censored No Alarm,0,0,0,0,0,1,0.0007925527170300484,,2019-03-28,,0.171
AAG246TH,0,0,,,,Censored No Alarm,0,0,0,0,0,1,0.0009943267796188593,,2019-06-01,,0.171
AAG24UVH,0,0,,,,Censored No Alarm,0,0,0,0,0,1,0.0005704130162484944,,2019-01-05,,0.171
AAG24VXH,0,0,,,,Censored No Alarm,0,0,0,0,0,1,0.0005047142039984465,,2019-01-05,,0.171
AAG26NBH,1,0,,2023-10-19,,Missed,0,0,0,0,1,0,0.07787816971540451,,2019-03-28,,0.171
AAG26TPH,0,0,,,,Censored No Alarm,0,0,0,0,0,1,0.10395947098731995,,2019-03-28,,0.171
AAG26U9H,1,0,,2023-01-26,,Missed,0,0,0,0,1,0,0.022506961598992348,,2019-06-01,,0.171
AAG27VEH,0,0,,,,Censored No Alarm,0,0,0,0,0,1,0.0009484572801738977,,2019-03-28,,0.171
AAG27W2H,0,0,,,,Censored No Alarm,0,0,0,0,0,1,0.0006010208162479103,,2019-03-01,,0.171
AAG27XPH,1,0,,2025-10-06,,Missed,0,0,0,0,1,0,0.0011678943410515785,,2019-03-28,,0.171
AAG27ZLH,0,0,,,,Censored No Alarm,0,0,0,0,0,1,0.001285857637412846,,2019-03-28,,0.171
AAG281TH,1,0,,2024-07-25,,Missed,0,0,0,0,1,0,0.13739998638629913,,2019-01-05,,0.171
AAG2GGJH,0,0,,,,Censored No Alarm,0,0,0,0,0,1,0.000805739953648299,,2019-06-01,,0.171
AAG2JGJH,1,0,,2026-02-10,,Missed,0,0,0,0,1,0,0.029068730771541595,,2019-06-01,,0.171
AAG2JL4H,0,0,,,,Censored No Alarm,0,0,0,0,0,1,0.0005112530780024827,,2019-01-05,,0.171
AAG2RZJH,0,0,,,,Censored No Alarm,0,0,0,0,0,1,0.0005722219939343631,,2019-03-28,,0.171
AAG2S62H,0,0,,,,Censored No Alarm,0,0,0,0,0,1,0.0010099760256707668,,2019-03-28,,0.171
AAG2S9YH,0,0,,,,Censored No Alarm,0,0,0,0,0,1,0.0009918451542034745,,2019-06-01,,0.171
AAG2SAYH,0,0,,,,Censored No Alarm,0,0,0,0,0,1,0.0006299710948951542,,2019-08-14,,0.171
AAG2SJ3H,0,0,,,,Censored No Alarm,0,0,0,0,0,1,0.0006254328181967139,,2019-08-13,,0.171
AAG2VSVH,0,0,,,,Censored No Alarm,0,0,0,0,0,1,0.0011757179163396358,,2019-03-28,,0.171
AAG2Y6JH,0,0,,,,Censored No Alarm,0,0,0,0,0,1,0.0011242394102737308,,2019-03-28,,0.171
AAG2Z67H,0,0,,,,Censored No Alarm,0,0,0,0,0,1,0.0006393824587576091,,2019-06-01,,0.171
AAG2ZU1H,0,0,,,,Censored No Alarm,0,0,0,0,0,1,0.0010690306080505252,,2019-06-01,,0.171
AAG305AH,0,0,,,,Censored No Alarm,0,0,0,0,0,1,0.0011657208669930696,,2019-06-01,,0.171
AAG306GH,0,0,,,,Censored No Alarm,0,0,0,0,0,1,0.012525413185358047,,2019-01-05,,0.171
AAG34Z4H,0,0,,,,Censored No Alarm,0,0,0,0,0,1,0.0007312308298423886,,2019-01-05,,0.171
AAG350BH,0,1,2025-07-31,,,Censored Early,0,0,1,1,0,0,0.2629220485687256,0.23077945411205292,2019-03-28,2317.0,0.171
AAG350TH,0,0,,,,Censored No Alarm,0,0,0,0,0,1,0.000992971588857472,,2019-03-28,,0.171
AAG3512H,0,0,,,,Censored No Alarm,0,0,0,0,0,1,0.0008487642626278102,,2019-03-28,,0.171
AAG352AH,0,0,,,,Censored No Alarm,0,0,0,0,0,1,0.0007928794366307557,,2019-06-01,,0.171
AAG353EH,0,0,,,,Censored No Alarm,0,0,0,0,0,1,0.0005704587092623115,,2019-01-05,,0.171
AAG35LWH,0,1,2024-09-22,,,Censored Early,0,0,1,1,0,0,0.21886274218559265,0.19232241809368134,2019-01-05,2087.0,0.171
AAG401PH,0,0,,,,Censored No Alarm,0,0,0,0,0,1,0.0008889197488315403,,2019-01-05,,0.171
AAG46YHH,0,0,,,,Censored No Alarm,0,0,0,0,0,1,0.0006244414835236967,,2019-03-28,,0.171
AAG477BH,0,0,,,,Censored No Alarm,0,0,0,0,0,1,0.0007951981970109046,,2019-01-05,,0.171
AAG478DH,0,0,,,,Censored No Alarm,0,0,0,0,0,1,0.0013618069933727384,,2019-03-28,,0.171
AAG48B3H,0,0,,,,Censored No Alarm,0,0,0,0,0,1,0.00150025705806911,,2019-03-02,,0.171
AAG4AA9H,0,0,,,,Censored No Alarm,0,0,0,0,0,1,0.027407394722104073,,2019-03-01,,0.171
AAG4VESH,0,1,2024-04-26,,,Censored Early,0,0,1,1,0,0,0.4016469120979309,0.17656159400939941,2019-03-01,1883.0,0.171
AAG4Z4YH,0,0,,,,Censored No Alarm,0,0,0,0,0,1,0.0034689935855567455,,2019-03-01,,0.171
AAG4Z52H,0,0,,,,Censored No Alarm,0,0,0,0,0,1,0.004572195000946522,,2019-03-02,,0.171
AAG4Z5AH,1,1,2024-09-13,2025-03-14,182.0,Early,0,1,0,1,0,0,0.17835691571235657,0.17835691571235657,2019-01-05,2078.0,0.171
AAG4ZABH,0,0,,,,Censored No Alarm,0,0,0,0,0,1,0.004742741119116545,,2019-03-01,,0.171
AAG51RHH,0,0,,,,Censored No Alarm,0,0,0,0,0,1,0.0007913640583865345,,2019-01-05,,0.171
AAG540GH,0,0,,,,Censored No Alarm,0,0,0,0,0,1,0.0012136324075981975,,2019-03-28,,0.171
AAG5DTTH,0,0,,,,Censored No Alarm,0,0,0,0,0,1,0.0010100130457431078,,2019-03-28,,0.171
AAG5Y4DH,0,0,,,,Censored No Alarm,0,0,0,0,0,1,0.0009481000015512109,,2019-01-05,,0.171
AAG5Y4LH,0,0,,,,Censored No Alarm,0,0,0,0,0,1,0.006944321561604738,,2019-01-05,,0.171
AAG5Y4TH,0,0,,,,Censored No Alarm,0,0,0,0,0,1,0.001616655383259058,,2019-01-05,,0.171
AAG5Y4UH,0,0,,,,Censored No Alarm,0,0,0,0,0,1,0.0006474399124272168,,2019-01-05,,0.171
AAG5Y5UH,0,0,,,,Censored No Alarm,0,0,0,0,0,1,0.018673105165362358,,2019-01-05,,0.171
AAG5YJ4H,0,0,,,,Censored No Alarm,0,0,0,0,0,1,0.0037434797268360853,,2019-03-28,,0.171
AAG5YLKH,0,0,,,,Censored No Alarm,0,0,0,0,0,1,0.016484364867210388,,2019-03-01,,0.171
AAG5YYBH,0,0,,,,Censored No Alarm,0,0,0,0,0,1,0.0014857357600703835,,2019-01-05,,0.171
AAG5YYKH,1,1,2024-12-15,2025-09-30,289.0,Early,0,1,0,1,0,0,0.1793331801891327,0.17792320251464844,2019-01-05,2171.0,0.171
AAG5YZ8H,0,0,,,,Censored No Alarm,0,0,0,0,0,1,0.0006764511344954371,,2019-03-28,,0.171
AAG5YZZH,1,0,,2025-07-30,,Missed,0,0,0,0,1,0,0.034515392035245895,,2019-03-02,,0.171
AAG613MH,0,0,,,,Censored No Alarm,0,0,0,0,0,1,0.0003502849431242794,,2019-01-05,,0.171
AAG613RH,1,0,,2025-06-06,,Missed,0,0,0,0,1,0,0.0008096895762719214,,2019-01-05,,0.171
AAG61KPH,0,0,,,,Censored No Alarm,0,0,0,0,0,1,0.00588888768106699,,2019-03-28,,0.171
AAG61LHH,1,1,2022-08-31,2024-05-17,625.0,Early,0,1,0,1,0,0,0.4852834641933441,0.1788829118013382,2019-03-01,1279.0,0.171
AAG61NEH,0,0,,,,Censored No Alarm,0,0,0,0,0,1,0.0015472311060875654,,2019-01-05,,0.171
AAG61NZH,0,0,,,,Censored No Alarm,0,0,0,0,0,1,0.04612818360328674,,2019-03-28,,0.171
AAG61P2H,0,0,,,,Censored No Alarm,0,0,0,0,0,1,0.0012828074395656586,,2019-03-01,,0.171
AAG61UMH,0,0,,,,Censored No Alarm,0,0,0,0,0,1,0.010295470245182514,,2019-01-05,,0.171
AAG61WRH,0,0,,,,Censored No Alarm,0,0,0,0,0,1,0.0005794101161882281,,2019-03-01,,0.171
AAG61Z1H,0,0,,,,Censored No Alarm,0,0,0,0,0,1,0.0006782857817597687,,2019-01-05,,0.171
AAG61ZAH,0,0,,,,Censored No Alarm,0,0,0,0,0,1,0.0024586550425738096,,2019-03-01,,0.171
AAG620PH,0,0,,,,Censored No Alarm,0,0,0,0,0,1,0.0007803295738995075,,2019-03-28,,0.171
AAG621WH,0,0,,,,Censored No Alarm,0,0,0,0,0,1,0.0009408578043803573,,2019-01-05,,0.171
AAG623DH,0,0,,,,Censored No Alarm,0,0,0,0,0,1,0.0007653302163816988,,2019-01-05,,0.171
AAG6376H,0,0,,,,Censored No Alarm,0,0,0,0,0,1,0.004915223922580481,,2019-03-28,,0.171
AAG637RH,1,0,,2022-05-21,,Missed,0,0,0,0,1,0,0.00032424565870314837,,2019-01-05,,0.171
AAG6381H,0,0,,,,Censored No Alarm,0,0,0,0,0,1,0.0004232433275319636,,2019-01-05,,0.171
AAG638GH,0,0,,,,Censored No Alarm,0,0,0,0,0,1,0.0006430595531128347,,2019-01-05,,0.171
AAG639BH,0,0,,,,Censored No Alarm,0,0,0,0,0,1,0.01891236938536167,,2019-01-05,,0.171
AAG63DLH,0,0,,,,Censored No Alarm,0,0,0,0,0,1,0.0015262359520420432,,2019-03-28,,0.171
AAG63JSH,0,0,,,,Censored No Alarm,0,0,0,0,0,1,0.002152850618585944,,2019-03-02,,0.171
AAG63PJH,0,0,,,,Censored No Alarm,0,0,0,0,0,1,0.0005660364404320717,,2019-03-28,,0.171
AAG63PKH,1,1,2022-05-04,2022-05-22,18.0,On time,1,0,0,0,0,0,0.4721366763114929,0.19385798275470734,2019-03-01,1160.0,0.171
AAG63PLH,0,0,,,,Censored No Alarm,0,0,0,0,0,1,0.0010465482482686639,,2019-03-01,,0.171
AAG63RGH,0,0,,,,Censored No Alarm,0,0,0,0,0,1,0.0017426169943064451,,2019-03-01,,0.171
AAG63TMH,1,0,,2025-09-02,,Missed,0,0,0,0,1,0,0.11298134177923203,,2019-03-02,,0.171
AAG63TSH,0,0,,,,Censored No Alarm,0,0,0,0,0,1,0.010789497755467892,,2019-03-28,,0.171
AAG63V6H,0,0,,,,Censored No Alarm,0,0,0,0,0,1,0.047905512154102325,,2019-03-28,,0.171
AAG63WHH,1,0,,2025-11-30,,Missed,0,0,0,0,1,0,0.057750120759010315,,2019-01-05,,0.171
AAG63Z8H,1,1,2025-09-15,2025-09-28,13.0,On time,1,0,0,0,0,0,0.4524434804916382,0.17692528665065765,2019-03-01,2390.0,0.171
AAG6417H,1,1,2024-05-31,2024-06-06,6.0,On time,1,0,0,0,0,0,0.32390186190605164,0.17351365089416504,2019-03-01,1918.0,0.171
AAG6436H,0,0,,,,Censored No Alarm,0,0,0,0,0,1,0.0014809974236413836,,2019-06-01,,0.171
AAG64VXH,0,0,,,,Censored No Alarm,0,0,0,0,0,1,0.02413240261375904,,2019-01-05,,0.171
AAG6509H,0,0,,,,Censored No Alarm,0,0,0,0,0,1,0.0006792781641706824,,2019-03-28,,0.171
AAG67UZH,0,0,,,,Censored No Alarm,0,0,0,0,0,1,0.013630717992782593,,2019-03-28,,0.171
AAG67V3H,1,1,2024-08-02,2025-06-20,322.0,Early,0,1,0,1,0,0,0.17424650490283966,0.17253905534744263,2019-03-01,1981.0,0.171
AAG67VBH,0,0,,,,Censored No Alarm,0,0,0,0,0,1,0.009080037474632263,,2019-03-28,,0.171
AAG67W3H,0,0,,,,Censored No Alarm,0,0,0,0,0,1,0.0005993515951558948,,2019-03-01,,0.171
AAG67Z8H,0,0,,,,Censored No Alarm,0,0,0,0,0,1,0.0018591285916045308,,2019-06-01,,0.171
AAG682YH,1,1,2024-02-11,2024-07-04,144.0,Early,0,1,0,1,0,0,0.4239445626735687,0.19987931847572327,2019-03-28,1781.0,0.171
AAG683JH,0,0,,,,Censored No Alarm,0,0,0,0,0,1,0.0010740417055785656,,2019-03-01,,0.171
AAG686GH,0,0,,,,Censored No Alarm,0,0,0,0,0,1,0.0009122559567913413,,2019-03-02,,0.171
AAG6870H,0,0,,,,Censored No Alarm,0,0,0,0,0,1,0.001169936964288354,,2019-01-05,,0.171
AAG6878H,0,0,,,,Censored No Alarm,0,0,0,0,0,1,0.0006522546173073351,,2019-01-05,,0.171
AAG687GH,0,0,,,,Censored No Alarm,0,0,0,0,0,1,0.0030991637613624334,,2019-03-01,,0.171
AAG687MH,0,0,,,,Censored No Alarm,0,0,0,0,0,1,0.0011033492628484964,,2019-03-28,,0.171
AAG68AGH,0,0,,,,Censored No Alarm,0,0,0,0,0,1,0.0004963405663147569,,2019-06-01,,0.171
AAG68AKH,0,0,,,,Censored No Alarm,0,0,0,0,0,1,0.09041276574134827,,2019-03-02,,0.171
AAG68AUH,0,0,,,,Censored No Alarm,0,0,0,0,0,1,0.0006714317132718861,,2019-01-05,,0.171
AAG68AXH,0,0,,,,Censored No Alarm,0,0,0,0,0,1,0.0009315827046521008,,2019-03-28,,0.171
AAG68BRH,0,0,,,,Censored No Alarm,0,0,0,0,0,1,0.07345937192440033,,2019-01-05,,0.171
AAG68EWH,1,0,,2023-04-01,,Missed,0,0,0,0,1,0,0.048480626195669174,,2019-01-05,,0.171
AAG68EXH,1,0,,2024-06-19,,Missed,0,0,0,0,1,0,0.04317890852689743,,2019-01-05,,0.171
AAG68KVH,0,0,,,,Censored No Alarm,0,0,0,0,0,1,0.0016421041218563914,,2019-01-05,,0.171
AAG691PH,0,0,,,,Censored No Alarm,0,0,0,0,0,1,0.0009093452827073634,,2019-06-01,,0.171
AAG691VH,0,0,,,,Censored No Alarm,0,0,0,0,0,1,0.08032938838005066,,2019-01-05,,0.171
AAG69LHH,0,0,,,,Censored No Alarm,0,0,0,0,0,1,0.0004617891972884536,,2019-06-01,,0.171
AAG69TTH,0,0,,,,Censored No Alarm,0,0,0,0,0,1,0.0023633430246263742,,2019-03-01,,0.171
AAG69WWH,0,0,,,,Censored No Alarm,0,0,0,0,0,1,0.0004897511680610478,,2019-01-05,,0.171
AAG69YWH,0,0,,,,Censored No Alarm,0,0,0,0,0,1,0.011758356355130672,,2019-03-02,,0.171
AAG6A03H,0,0,,,,Censored No Alarm,0,0,0,0,0,1,0.001961378613486886,,2019-03-02,,0.171
AAG6A07H,0,0,,,,Censored No Alarm,0,0,0,0,0,1,0.009629558771848679,,2019-03-01,,0.171
AAG6A0AH,0,0,,,,Censored No Alarm,0,0,0,0,0,1,0.001245601219125092,,2019-01-05,,0.171
AAG6AATH,0,0,,,,Censored No Alarm,0,0,0,0,0,1,0.0005506279412657022,,2019-06-01,,0.171
AAG6AV4H,0,0,,,,Censored No Alarm,0,0,0,0,0,1,0.0013036173768341541,,2019-03-01,,0.171
AAG6AWTH,1,0,,2024-07-08,,Missed,0,0,0,0,1,0,0.11905592679977417,,2019-03-28,,0.171
AAG6AX6H,0,0,,,,Censored No Alarm,0,0,0,0,0,1,0.0010527310660108924,,2019-03-28,,0.171
AAG6B4HH,0,0,,,,Censored No Alarm,0,0,0,0,0,1,0.0007832152768969536,,2019-03-28,,0.171
AAG6B5KH,0,0,,,,Censored No Alarm,0,0,0,0,0,1,0.0007705519674345851,,2019-03-28,,0.171
AAG6DT9H,1,0,,2019-04-25,,Missed,0,0,0,0,1,0,0.00036888965405523777,,2019-03-01,,0.171
AAG6DVEH,0,0,,,,Censored No Alarm,0,0,0,0,0,1,0.013031156733632088,,2019-03-01,,0.171
AAG6DXTH,0,0,,,,Censored No Alarm,0,0,0,0,0,1,0.010915427468717098,,2019-01-05,,0.171
AAG6E2HH,0,0,,,,Censored No Alarm,0,0,0,0,0,1,0.0005978819099254906,,2019-03-28,,0.171
AAG6E60H,0,0,,,,Censored No Alarm,0,0,0,0,0,1,0.001739631756208837,,2019-03-01,,0.171
AAG6E7EH,0,0,,,,Censored No Alarm,0,0,0,0,0,1,0.0007434817380271852,,2019-03-28,,0.171
AAG6E7RH,0,0,,,,Censored No Alarm,0,0,0,0,0,1,0.001558747491799295,,2019-03-02,,0.171
AAG6ESPH,0,0,,,,Censored No Alarm,0,0,0,0,0,1,0.0004261306603439152,,2019-01-05,,0.171
AAG6EVRH,0,0,,,,Censored No Alarm,0,0,0,0,0,1,0.0008756683673709631,,2019-01-05,,0.171
AAG6EX3H,0,0,,,,Censored No Alarm,0,0,0,0,0,1,0.0007361384341493249,,2019-01-05,,0.171
AAG6GM1H,0,0,,,,Censored No Alarm,0,0,0,0,0,1,0.0005909745232202113,,2019-03-28,,0.171
AAG6H25H,0,0,,,,Censored No Alarm,0,0,0,0,0,1,0.003568143118172884,,2019-03-01,,0.171
AAG6HG0H,0,0,,,,Censored No Alarm,0,0,0,0,0,1,0.001343045267276466,,2019-03-01,,0.171
AAG6HSEH,0,0,,,,Censored No Alarm,0,0,0,0,0,1,0.0006095111020840704,,2019-03-02,,0.171
AAG6HYXH,0,0,,,,Censored No Alarm,0,0,0,0,0,1,0.016131509095430374,,2019-03-02,,0.171
AAG6J1MH,0,0,,,,Censored No Alarm,0,0,0,0,0,1,0.0008482711273245513,,2019-01-05,,0.171
AAG6J1TH,1,0,,2025-10-07,,Missed,0,0,0,0,1,0,0.12272384762763977,,2019-03-01,,0.171
AAG6J2DH,1,0,,2024-01-03,,Missed,0,0,0,0,1,0,0.028561318293213844,,2019-03-28,,0.171
AAG6J2KH,1,0,,2023-10-19,,Missed,0,0,0,0,1,0,0.15789230167865753,,2019-01-05,,0.171
AAG6KJ6H,0,0,,,,Censored No Alarm,0,0,0,0,0,1,0.0015695631736889482,,2019-03-28,,0.171
AAG6KJPH,0,0,,,,Censored No Alarm,0,0,0,0,0,1,0.0007190939504653215,,2019-03-28,,0.171
AAG6KTJH,0,0,,,,Censored No Alarm,0,0,0,0,0,1,0.0006058871513232589,,2019-03-02,,0.171
AAG6KTRH,0,0,,,,Censored No Alarm,0,0,0,0,0,1,0.0009551156545057893,,2019-01-05,,0.171
AAG6KUAH,0,1,2026-01-25,,,Censored Early,0,0,1,1,0,0,0.17142125964164734,0.17142125964164734,2019-01-05,2577.0,0.171
AAG6KUJH,0,0,,,,Censored No Alarm,0,0,0,0,0,1,0.000856240454595536,,2019-03-01,,0.171
AAG6KV6H,1,0,,2021-11-27,,Missed,0,0,0,0,1,0,0.021601345390081406,,2019-03-01,,0.171
AAG6L88H,0,0,,,,Censored No Alarm,0,0,0,0,0,1,0.000597603851929307,,2019-03-28,,0.171
AAG6L8VH,0,0,,,,Censored No Alarm,0,0,0,0,0,1,0.09660957753658295,,2019-03-28,,0.171
AAG6LD7H,1,0,,2025-06-16,,Missed,0,0,0,0,1,0,0.02793193981051445,,2019-03-01,,0.171
AAG6LDTH,0,0,,,,Censored No Alarm,0,0,0,0,0,1,0.0011190760415047407,,2019-03-28,,0.171
AAG6LEHH,0,0,,,,Censored No Alarm,0,0,0,0,0,1,0.0013370380038395524,,2019-03-01,,0.171
AAG6LEJH,0,0,,,,Censored No Alarm,0,0,0,0,0,1,0.0009490655502304435,,2019-03-01,,0.171
AAG6LG9H,0,0,,,,Censored No Alarm,0,0,0,0,0,1,0.0008132918155752122,,2019-01-05,,0.171
AAG6LTSH,0,0,,,,Censored No Alarm,0,0,0,0,0,1,0.007986015640199184,,2019-03-01,,0.171
AAG6M3BH,0,0,,,,Censored No Alarm,0,0,0,0,0,1,0.001903192256577313,,2019-03-02,,0.171
AAG6M8TH,0,0,,,,Censored No Alarm,0,0,0,0,0,1,0.0006746207945980132,,2019-01-05,,0.171
AAG6MABH,0,0,,,,Censored No Alarm,0,0,0,0,0,1,0.0009640129865147173,,2019-05-04,,0.171
AAG6NEEH,0,0,,,,Censored No Alarm,0,0,0,0,0,1,0.0007543769315816462,,2019-03-28,,0.171
AAG6NP0H,1,1,2024-02-24,2024-09-22,211.0,Early,0,1,0,1,0,0,0.47993823885917664,0.1813254952430725,2019-03-01,1821.0,0.171
AAG6NPRH,1,1,2026-03-12,2026-03-12,0.0,On time,1,0,0,0,0,0,0.466398149728775,0.466398149728775,2019-03-01,2568.0,0.171
AAG6NRBH,1,1,2024-04-24,2024-07-11,78.0,Early,0,1,0,1,0,0,0.20630399882793427,0.19028031826019287,2019-03-28,1854.0,0.171
AAG6NRZH,0,0,,,,Censored No Alarm,0,0,0,0,0,1,0.0014943733112886548,,2019-03-28,,0.171
AAG6NS8H,0,0,,,,Censored No Alarm,0,0,0,0,0,1,0.12002015113830566,,2019-03-28,,0.171
AAG6NSKH,0,0,,,,Censored No Alarm,0,0,0,0,0,1,0.03147244453430176,,2019-01-05,,0.171
AAG6NVKH,0,0,,,,Censored No Alarm,0,0,0,0,0,1,0.0009280125377699733,,2019-01-05,,0.171
AAG6NW3H,0,0,,,,Censored No Alarm,0,0,0,0,0,1,0.0005483480053953826,,2019-06-01,,0.171
AAG6P40H,0,0,,,,Censored No Alarm,0,0,0,0,0,1,0.00046008260687813163,,2019-01-05,,0.171
AAG6P42H,0,0,,,,Censored No Alarm,0,0,0,0,0,1,0.0005558085977099836,,2019-03-01,,0.171
AAG6P4EH,0,0,,,,Censored No Alarm,0,0,0,0,0,1,0.0005786868860013783,,2019-03-28,,0.171
AAG6P9AH,0,0,,,,Censored No Alarm,0,0,0,0,0,1,0.000539322616532445,,2019-03-01,,0.171
AAG6PWBH,0,0,,,,Censored No Alarm,0,0,0,0,0,1,0.0004222926509100944,,2019-03-02,,0.171
AAG6PY2H,0,0,,,,Censored No Alarm,0,0,0,0,0,1,0.0008388170972466469,,2019-01-05,,0.171
AAG6PYLH,0,0,,,,Censored No Alarm,0,0,0,0,0,1,0.0004677451797761023,,2019-06-01,,0.171
AAG6R0AH,0,0,,,,Censored No Alarm,0,0,0,0,0,1,0.0008346956456080079,,2019-06-01,,0.171
AAG6R2RH,0,0,,,,Censored No Alarm,0,0,0,0,0,1,0.00159020209684968,,2019-03-01,,0.171
AAG6R32H,0,0,,,,Censored No Alarm,0,0,0,0,0,1,0.01173888985067606,,2019-03-01,,0.171
AAG6R48H,0,0,,,,Censored No Alarm,0,0,0,0,0,1,0.0008332509314641356,,2019-03-28,,0.171
AAG6R8UH,0,0,,,,Censored No Alarm,0,0,0,0,0,1,0.0006710210582241416,,2019-03-28,,0.171
AAG6T4ZH,0,0,,,,Censored No Alarm,0,0,0,0,0,1,0.0017304617213085294,,2019-03-28,,0.171
AAG6T52H,1,0,,2023-06-10,,Missed,0,0,0,0,1,0,0.0008963732398115098,,2019-06-01,,0.171
AAG6T55H,0,0,,,,Censored No Alarm,0,0,0,0,0,1,0.0010382363107055426,,2019-06-01,,0.171
AAG6T5JH,0,0,,,,Censored No Alarm,0,0,0,0,0,1,0.0010789030930027366,,2019-05-16,,0.171
AAG6T7LH,0,0,,,,Censored No Alarm,0,0,0,0,0,1,0.003973145503550768,,2019-03-01,,0.171
AAG6T9NH,0,0,,,,Censored No Alarm,0,0,0,0,0,1,0.0006815425003878772,,2019-06-01,,0.171
AAG6TA8H,0,0,,,,Censored No Alarm,0,0,0,0,0,1,0.0007072451990097761,,2019-01-05,,0.171
AAG6TAHH,0,0,,,,Censored No Alarm,0,0,0,0,0,1,0.003433837555348873,,2019-06-01,,0.171
AAG6TAKH,0,0,,,,Censored No Alarm,0,0,0,0,0,1,0.0014627735363319516,,2019-06-01,,0.171
AAG6TBBH,0,0,,,,Censored No Alarm,0,0,0,0,0,1,0.0011443992843851447,,2019-03-28,,0.171
AAG6TBJH,0,0,,,,Censored No Alarm,0,0,0,0,0,1,0.001405041664838791,,2019-01-05,,0.171
AAG6THHH,0,0,,,,Censored No Alarm,0,0,0,0,0,1,0.0013462693896144629,,2019-06-01,,0.171
AAG6THJH,0,0,,,,Censored No Alarm,0,0,0,0,0,1,0.0009042959427461028,,2019-06-01,,0.171
AAG6THLH,0,0,,,,Censored No Alarm,0,0,0,0,0,1,0.0005291649140417576,,2019-05-04,,0.171
AAG6TRKH,0,0,,,,Censored No Alarm,0,0,0,0,0,1,0.0007130973972380161,,2019-05-04,,0.171
AAG6TS8H,0,0,,,,Censored No Alarm,0,0,0,0,0,1,0.009255306795239449,,2019-06-01,,0.171
AAG6TSUH,0,0,,,,Censored No Alarm,0,0,0,0,0,1,0.0008158808923326433,,2019-03-28,,0.171
AAG6TT1H,0,0,,,,Censored No Alarm,0,0,0,0,0,1,0.0016160820377990603,,2019-05-16,,0.171
AAG6TT9H,0,0,,,,Censored No Alarm,0,0,0,0,0,1,0.000585303409025073,,2019-03-28,,0.171
AAG6TTNH,0,0,,,,Censored No Alarm,0,0,0,0,0,1,0.001434312667697668,,2019-01-05,,0.171
AAG6TUVH,0,0,,,,Censored No Alarm,0,0,0,0,0,1,0.0019014575518667698,,2019-06-01,,0.171
AAG6TVPH,0,0,,,,Censored No Alarm,0,0,0,0,0,1,0.0011571336071938276,,2019-03-28,,0.171
AAG6TY4H,0,0,,,,Censored No Alarm,0,0,0,0,0,1,0.003612831234931946,,2019-06-01,,0.171
AAG6U5AH,0,0,,,,Censored No Alarm,0,0,0,0,0,1,0.0011207557981833816,,2019-03-01,,0.171
AAG6UKNH,0,0,,,,Censored No Alarm,0,0,0,0,0,1,0.0005189312505535781,,2019-03-28,,0.171
AAG6UMGH,0,0,,,,Censored No Alarm,0,0,0,0,0,1,0.0007521648658439517,,2019-01-05,,0.171
AAG6UMJH,0,0,,,,Censored No Alarm,0,0,0,0,0,1,0.0007260534912347794,,2019-01-05,,0.171
AAG6UNKH,0,0,,,,Censored No Alarm,0,0,0,0,0,1,0.14341703057289124,,2019-06-01,,0.171
AAG6US4H,0,0,,,,Censored No Alarm,0,0,0,0,0,1,0.0018516663694754243,,2019-03-01,,0.171
AAG6UT0H,0,0,,,,Censored No Alarm,0,0,0,0,0,1,0.0009134989231824875,,2019-06-01,,0.171
AAG6UU8H,0,0,,,,Censored No Alarm,0,0,0,0,0,1,0.04747104272246361,,2019-01-05,,0.171
AAG6UZTH,0,0,,,,Censored No Alarm,0,0,0,0,0,1,0.0010986091801896691,,2019-03-28,,0.171
AAG6V1MH,0,0,,,,Censored No Alarm,0,0,0,0,0,1,0.0011033713817596436,,2019-03-28,,0.171
AAG6V71H,0,0,,,,Censored No Alarm,0,0,0,0,0,1,0.0025619282387197018,,2019-03-01,,0.171
AAG6V7DH,0,0,,,,Censored No Alarm,0,0,0,0,0,1,0.0011200027074664831,,2019-03-01,,0.171
AAG6V7VH,0,0,,,,Censored No Alarm,0,0,0,0,0,1,0.0009265220141969621,,2019-03-01,,0.171
AAG6VHXH,0,0,,,,Censored No Alarm,0,0,0,0,0,1,0.002084307372570038,,2019-06-01,,0.171
AAG6VJKH,0,0,,,,Censored No Alarm,0,0,0,0,0,1,0.0015946788480505347,,2019-03-28,,0.171
AAG6VM8H,0,0,,,,Censored No Alarm,0,0,0,0,0,1,0.000779450754635036,,2019-03-28,,0.171
AAG6VMBH,0,0,,,,Censored No Alarm,0,0,0,0,0,1,0.0009227285627275705,,2019-03-01,,0.171
AAG6VMGH,0,0,,,,Censored No Alarm,0,0,0,0,0,1,0.0012099503073841333,,2019-03-01,,0.171
AAG6X6JH,0,0,,,,Censored No Alarm,0,0,0,0,0,1,0.0005176137783564627,,2019-03-28,,0.171
AAG6XU7H,1,1,2019-07-02,2020-05-23,326.0,Early,0,1,0,1,0,0,0.48433223366737366,0.2832306921482086,2019-05-04,59.0,0.171
AAG6XWGH,0,0,,,,Censored No Alarm,0,0,0,0,0,1,0.003132567275315523,,2019-03-01,,0.171
AAG6XWJH,1,0,,2025-04-04,,Missed,0,0,0,0,1,0,0.12931036949157715,,2019-03-28,,0.171
AAG6XXWH,0,0,,,,Censored No Alarm,0,0,0,0,0,1,0.0008204138721339405,,2019-01-05,,0.171
AAG6XYBH,0,0,,,,Censored No Alarm,0,0,0,0,0,1,0.00105289148632437,,2019-06-01,,0.171
AAG6XYNH,0,0,,,,Censored No Alarm,0,0,0,0,0,1,0.0016067918622866273,,2019-06-01,,0.171
AAG6XZ6H,0,0,,,,Censored No Alarm,0,0,0,0,0,1,0.0005843766848556697,,2019-03-28,,0.171
AAG6XZNH,0,0,,,,Censored No Alarm,0,0,0,0,0,1,0.0009383681463077664,,2019-06-01,,0.171
AAG6Y0GH,0,0,,,,Censored No Alarm,0,0,0,0,0,1,0.00948889460414648,,2019-03-01,,0.171
AAG6Y0KH,0,0,,,,Censored No Alarm,0,0,0,0,0,1,0.0007711289799772203,,2019-01-05,,0.171
AAG6Y1BH,0,0,,,,Censored No Alarm,0,0,0,0,0,1,0.0007273416849784553,,2019-03-02,,0.171
AAG6Y3LH,0,0,,,,Censored No Alarm,0,0,0,0,0,1,0.001138059189543128,,2019-03-28,,0.171
AAG6Y3UH,0,0,,,,Censored No Alarm,0,0,0,0,0,1,0.0008407043060287833,,2019-06-01,,0.171
AAG6Y41H,0,0,,,,Censored No Alarm,0,0,0,0,0,1,0.000491893442813307,,2019-01-05,,0.171
AAG6Y46H,0,0,,,,Censored No Alarm,0,0,0,0,0,1,0.0008639436564408243,,2019-06-01,,0.171
AAG6YZ1H,0,0,,,,Censored No Alarm,0,0,0,0,0,1,0.000789177545811981,,2019-03-28,,0.171
AAG6YZ9H,0,0,,,,Censored No Alarm,0,0,0,0,0,1,0.0006939413142390549,,2019-01-05,,0.171
AAG6Z0DH,0,0,,,,Censored No Alarm,0,0,0,0,0,1,0.00041696344851516187,,2019-01-05,,0.171
AAG6Z17H,0,0,,,,Censored No Alarm,0,0,0,0,0,1,0.0005273934220895171,,2019-06-01,,0.171
AAG6Z1MH,0,0,,,,Censored No Alarm,0,0,0,0,0,1,0.0009796064114198089,,2019-03-01,,0.171
AAG6Z1XH,0,0,,,,Censored No Alarm,0,0,0,0,0,1,0.0006471447413787246,,2019-03-01,,0.171
AAG6Z2DH,0,0,,,,Censored No Alarm,0,0,0,0,0,1,0.0008210149244405329,,2019-03-01,,0.171
AAG6Z2RH,0,0,,,,Censored No Alarm,0,0,0,0,0,1,0.0006855949177406728,,2019-06-01,,0.171
AAG6Z42H,1,0,,2024-11-24,,Missed,0,0,0,0,1,0,0.052492495626211166,,2019-01-05,,0.171
AAG6Z4VH,0,0,,,,Censored No Alarm,0,0,0,0,0,1,0.003905856516212225,,2019-03-01,,0.171
AAG6Z53H,0,0,,,,Censored No Alarm,0,0,0,0,0,1,0.0011846297420561314,,2019-05-16,,0.171
AAG6ZJ9H,0,0,,,,Censored No Alarm,0,0,0,0,0,1,0.0007325350889004767,,2019-03-01,,0.171
AAG705GH,0,0,,,,Censored No Alarm,0,0,0,0,0,1,0.0031243881676346064,,2019-03-01,,0.171
AAG7078H,0,0,,,,Censored No Alarm,0,0,0,0,0,1,0.008503700606524944,,2019-05-04,,0.171
AAG70HDH,0,0,,,,Censored No Alarm,0,0,0,0,0,1,0.0007996609783731401,,2019-01-05,,0.171
AAG70JEH,0,0,,,,Censored No Alarm,0,0,0,0,0,1,0.011180729605257511,,2019-06-01,,0.171
AAG70U9H,0,0,,,,Censored No Alarm,0,0,0,0,0,1,0.008943641558289528,,2019-01-05,,0.171
AAG73ZWH,0,0,,,,Censored No Alarm,0,0,0,0,0,1,0.001234668423421681,,2019-01-05,,0.171
AAG73ZZH,0,0,,,,Censored No Alarm,0,0,0,0,0,1,0.003263685619458556,,2019-03-28,,0.171
AAG740EH,0,0,,,,Censored No Alarm,0,0,0,0,0,1,0.001118066837079823,,2019-01-05,,0.171
AAG740NH,0,0,,,,Censored No Alarm,0,0,0,0,0,1,0.0005095065571367741,,2019-06-01,,0.171
AAG740WH,0,0,,,,Censored No Alarm,0,0,0,0,0,1,0.0006135052535682917,,2019-03-01,,0.171
AAG740YH,0,0,,,,Censored No Alarm,0,0,0,0,0,1,0.00110304553527385,,2019-03-28,,0.171
AAG741PH,0,0,,,,Censored No Alarm,0,0,0,0,0,1,0.0008246152428910136,,2019-03-28,,0.171
AAG742EH,0,0,,,,Censored No Alarm,0,0,0,0,0,1,0.0015402809949591756,,2019-03-28,,0.171
AAG742JH,0,0,,,,Censored No Alarm,0,0,0,0,0,1,0.0066383699886500835,,2019-06-01,,0.171
AAG742WH,0,0,,,,Censored No Alarm,0,0,0,0,0,1,0.0011354419402778149,,2019-01-05,,0.171
AAG7431H,0,0,,,,Censored No Alarm,0,0,0,0,0,1,0.00042254329309798777,,2019-01-05,,0.171
AAG743EH,0,0,,,,Censored No Alarm,0,0,0,0,0,1,0.001644721138291061,,2019-06-01,,0.171
AAG743UH,0,0,,,,Censored No Alarm,0,0,0,0,0,1,0.0011739268666133285,,2019-01-05,,0.171
AAG743VH,0,0,,,,Censored No Alarm,0,0,0,0,0,1,0.009212790057063103,,2019-01-05,,0.171
AAG7454H,0,0,,,,Censored No Alarm,0,0,0,0,0,1,0.0007391092949546874,,2019-03-28,,0.171
AAG74DKH,0,0,,,,Censored No Alarm,0,0,0,0,0,1,0.0005413662292994559,,2019-05-04,,0.171
AAG74EAH,1,1,2024-12-21,2025-07-27,218.0,Early,0,1,0,1,0,0,0.4871388077735901,0.1844472587108612,2019-05-04,2058.0,0.171
AAG74EBH,0,0,,,,Censored No Alarm,0,0,0,0,0,1,0.0012954483972862363,,2019-03-28,,0.171
AAG74EYH,0,0,,,,Censored No Alarm,0,0,0,0,0,1,0.000960479665081948,,2019-06-01,,0.171
AAG74EZH,0,0,,,,Censored No Alarm,0,0,0,0,0,1,0.0005211629322730005,,2019-06-01,,0.171
AAG74VHH,0,0,,,,Censored No Alarm,0,0,0,0,0,1,0.0019180012168362737,,2019-03-01,,0.171
AAG74WRH,0,0,,,,Censored No Alarm,0,0,0,0,0,1,0.0012130083050578833,,2019-06-01,,0.171
AAG76HYH,1,1,2021-08-31,2021-09-29,29.0,On time,1,0,0,0,0,0,0.4926634430885315,0.3361789584159851,2019-03-02,913.0,0.171
AAG77A5H,0,0,,,,Censored No Alarm,0,0,0,0,0,1,0.00046157397446222603,,2019-06-01,,0.171
AAG799NH,0,0,,,,Censored No Alarm,0,0,0,0,0,1,0.00043006156920455396,,2019-03-02,,0.171
AAG79B0H,0,0,,,,Censored No Alarm,0,0,0,0,0,1,0.0008768430561758578,,2019-03-28,,0.171
AAG7A8EH,0,0,,,,Censored No Alarm,0,0,0,0,0,1,0.0008830433362163603,,2019-06-01,,0.171
AAG7A9KH,0,0,,,,Censored No Alarm,0,0,0,0,0,1,0.0016858394956216216,,2019-01-05,,0.171
AAG7ADMH,0,0,,,,Censored No Alarm,0,0,0,0,0,1,0.0010965571273118258,,2019-05-16,,0.171
AAG7AGWH,0,0,,,,Censored No Alarm,0,0,0,0,0,1,0.000613914686255157,,2019-05-04,,0.171
AAG7AHMH,0,0,,,,Censored No Alarm,0,0,0,0,0,1,0.0004566997231449932,,2019-06-01,,0.171
AAG7BP3H,0,0,,,,Censored No Alarm,0,0,0,0,0,1,0.0008043066482059658,,2019-06-01,,0.171
AAG7BPKH,0,0,,,,Censored No Alarm,0,0,0,0,0,1,0.000756891502533108,,2019-06-01,,0.171
AAG7BRGH,0,0,,,,Censored No Alarm,0,0,0,0,0,1,0.00121818867046386,,2019-01-05,,0.171
AAG7BS8H,0,0,,,,Censored No Alarm,0,0,0,0,0,1,0.0038679225835949183,,2019-03-01,,0.171
AAG7BWAH,0,0,,,,Censored No Alarm,0,0,0,0,0,1,0.0007000223267823458,,2019-03-28,,0.171
AAG7D1SH,0,0,,,,Censored No Alarm,0,0,0,0,0,1,0.0015898236306384206,,2019-06-01,,0.171
AAG7D29H,0,0,,,,Censored No Alarm,0,0,0,0,0,1,0.0011733113788068295,,2019-03-28,,0.171
AAG7D2PH,0,0,,,,Censored No Alarm,0,0,0,0,0,1,0.0004611064796335995,,2019-06-01,,0.171
AAG7D48H,0,0,,,,Censored No Alarm,0,0,0,0,0,1,0.001133030280470848,,2019-06-01,,0.171
AAG7D4DH,0,0,,,,Censored No Alarm,0,0,0,0,0,1,0.0030289767310023308,,2019-03-01,,0.171
AAG7D85H,0,0,,,,Censored No Alarm,0,0,0,0,0,1,0.029964948073029518,,2019-06-01,,0.171
AAG7DPYH,0,0,,,,Censored No Alarm,0,0,0,0,0,1,0.010180645622313023,,2019-03-01,,0.171
AAG7DRDH,0,0,,,,Censored No Alarm,0,0,0,0,0,1,0.00047940804506652057,,2019-03-01,,0.171
AAG7DS9H,0,0,,,,Censored No Alarm,0,0,0,0,0,1,0.025795765221118927,,2019-03-01,,0.171
AAG7DW0H,0,0,,,,Censored No Alarm,0,0,0,0,0,1,0.0007096000481396914,,2019-05-04,,0.171
AAG7E1MH,0,0,,,,Censored No Alarm,0,0,0,0,0,1,0.0010304207680746913,,2019-03-01,,0.171
AAG7E1PH,0,0,,,,Censored No Alarm,0,0,0,0,0,1,0.0011831175070255995,,2019-01-05,,0.171
AAG7E2HH,0,0,,,,Censored No Alarm,0,0,0,0,0,1,0.0006427743355743587,,2019-03-02,,0.171
AAG7LG4H,0,0,,,,Censored No Alarm,0,0,0,0,0,1,0.0018206301610916853,,2019-03-01,,0.171
AAG7LG7H,0,0,,,,Censored No Alarm,0,0,0,0,0,1,0.0015447637997567654,,2019-05-16,,0.171
AAG7LHYH,0,0,,,,Censored No Alarm,0,0,0,0,0,1,0.0009609226253814995,,2019-03-28,,0.171
AAG7LNAH,0,0,,,,Censored No Alarm,0,0,0,0,0,1,0.000506888551171869,,2019-06-01,,0.171
AAG7LSWH,0,0,,,,Censored No Alarm,0,0,0,0,0,1,0.0006902029854245484,,2019-01-05,,0.171
AAG7LTHH,1,0,,2024-07-29,,Missed,0,0,0,0,1,0,0.1703961342573166,,2019-03-28,,0.171
AAG7LZEH,0,0,,,,Censored No Alarm,0,0,0,0,0,1,0.0015227347612380981,,2019-03-02,,0.171
AAG7M25H,0,0,,,,Censored No Alarm,0,0,0,0,0,1,0.0008506645681336522,,2019-06-01,,0.171
AAG7M3NH,0,0,,,,Censored No Alarm,0,0,0,0,0,1,0.0010584964184090495,,2019-06-01,,0.171
AAG7M3TH,0,0,,,,Censored No Alarm,0,0,0,0,0,1,0.0011950463522225618,,2019-03-28,,0.171
AAG7MMDH,0,0,,,,Censored No Alarm,0,0,0,0,0,1,0.0012554054846987128,,2019-05-16,,0.171
AAG7MP8H,0,0,,,,Censored No Alarm,0,0,0,0,0,1,0.0007714314269833267,,2019-06-01,,0.171
AAG7MULH,1,1,2026-02-13,2026-03-13,28.0,On time,1,0,0,0,0,0,0.4869656264781952,0.4659920334815979,2019-03-02,2540.0,0.171
AAG7MUNH,0,0,,,,Censored No Alarm,0,0,0,0,0,1,0.019323062151670456,,2019-06-01,,0.171
AAG7MVMH,0,0,,,,Censored No Alarm,0,0,0,0,0,1,0.0006800414994359016,,2019-03-02,,0.171
AAG7N3ZH,0,0,,,,Censored No Alarm,0,0,0,0,0,1,0.0007801425526849926,,2019-03-28,,0.171
AAG7N5WH,0,0,,,,Censored No Alarm,0,0,0,0,0,1,0.0011188708012923598,,2019-03-28,,0.171
AAG7N62H,0,0,,,,Censored No Alarm,0,0,0,0,0,1,0.0005844610277563334,,2019-06-01,,0.171
AAG7N63H,0,0,,,,Censored No Alarm,0,0,0,0,0,1,0.0005837342469021678,,2019-03-28,,0.171
AAG7N6MH,0,0,,,,Censored No Alarm,0,0,0,0,0,1,0.0009638182236813009,,2019-05-04,,0.171
AAG7PPHH,1,0,,2025-10-28,,Missed,0,0,0,0,1,0,0.028293117880821228,,2019-03-02,,0.171
AAG7R02H,0,0,,,,Censored No Alarm,0,0,0,0,0,1,0.003174341982230544,,2019-06-01,,0.171
AAG7R5VH,0,0,,,,Censored No Alarm,0,0,0,0,0,1,0.0005214143311604857,,2019-06-01,,0.171
AAG7R93H,0,0,,,,Censored No Alarm,0,0,0,0,0,1,0.0013691793428733945,,2019-06-01,,0.171
AAG7RA1H,0,0,,,,Censored No Alarm,0,0,0,0,0,1,0.0008897297666408122,,2019-01-05,,0.171
AAG7RAMH,0,0,,,,Censored No Alarm,0,0,0,0,0,1,0.01715952344238758,,2019-03-02,,0.171
AAG7RBDH,0,0,,,,Censored No Alarm,0,0,0,0,0,1,0.0007098563946783543,,2019-05-04,,0.171
AAG90D8H,0,0,,,,Censored No Alarm,0,0,0,0,0,1,0.0009051752858795226,,2019-05-04,,0.171
AAG9VK6H,0,0,,,,Censored No Alarm,0,0,0,0,0,1,0.0009782843990251422,,2019-03-02,,0.171
AAGA4YNH,0,0,,,,Censored No Alarm,0,0,0,0,0,1,0.0007531801238656044,,2019-06-01,,0.171
AAGA7W1H,1,0,,2023-04-11,,Missed,0,0,0,0,1,0,0.07753576338291168,,2019-03-01,,0.171
AAGA9E3H,0,0,,,,Censored No Alarm,0,0,0,0,0,1,0.0009323263075202703,,2019-05-04,,0.171
AAGH3VWH,0,0,,,,Censored No Alarm,0,0,0,0,0,1,0.002717008115723729,,2019-05-27,,0.171
AAGMU4TH,0,0,,,,Censored No Alarm,0,0,0,0,0,1,0.000835048034787178,,2019-05-04,,0.171
AAGN9D2H,1,0,,2023-09-17,,Missed,0,0,0,0,1,0,0.0005137884872965515,,2019-05-04,,0.171
AAGP62KH,0,0,,,,Censored No Alarm,0,0,0,0,0,1,0.0013409103266894817,,2019-06-01,,0.171
AAGUS87H,0,0,,,,Censored No Alarm,0,0,0,0,0,1,0.005269343499094248,,2019-08-14,,0.171
AAGVX4UH,0,0,,,,Censored No Alarm,0,0,0,0,0,1,0.00038651120848953724,,2019-05-04,,0.171
AAGWTB0H,0,0,,,,Censored No Alarm,0,0,0,0,0,1,0.07840383052825928,,2019-06-01,,0.171
AAGXDBZH,0,1,2023-08-21,,,Censored Early,0,0,1,1,0,0,0.42223361134529114,0.18149100244045258,2019-05-16,1558.0,0.171
AAGXLP2H,0,0,,,,Censored No Alarm,0,0,0,0,0,1,0.0014273537090048194,,2019-06-01,,0.171
AAGXMJSH,0,0,,,,Censored No Alarm,0,0,0,0,0,1,0.0006558197783306241,,2019-05-04,,0.171
AAGXU8YH,0,0,,,,Censored No Alarm,0,0,0,0,0,1,0.0010870114201679826,,2019-05-16,,0.171
AAGXUBRH,0,0,,,,Censored No Alarm,0,0,0,0,0,1,0.0007519072969444096,,2019-05-04,,0.171
AAGXV97H,0,0,,,,Censored No Alarm,0,0,0,0,0,1,0.015775533393025398,,2024-03-13,,0.171
AAGXW8VH,0,0,,,,Censored No Alarm,0,0,0,0,0,1,0.009641434997320175,,2019-08-14,,0.171
AAGXWUWH,0,0,,,,Censored No Alarm,0,0,0,0,0,1,0.0006557476008310914,,2019-05-04,,0.171
AAGXY3MH,1,0,,2025-04-09,,Missed,0,0,0,0,1,0,0.01645221933722496,,2019-05-16,,0.171
AAH22T7H,0,0,,,,Censored No Alarm,0,0,0,0,0,1,0.06912922114133835,,2019-05-04,,0.171
AAH4NTGH,0,0,,,,Censored No Alarm,0,0,0,0,0,1,0.0009350231848657131,,2019-05-04,,0.171
AAH6DU2H,0,1,2024-11-29,,,Censored Early,0,0,1,1,0,0,0.2115166038274765,0.19188712537288666,2019-08-14,1934.0,0.171
AAH78SAH,0,0,,,,Censored No Alarm,0,0,0,0,0,1,0.000517700333148241,,2019-05-04,,0.171
AAH7HJSH,0,0,,,,Censored No Alarm,0,0,0,0,0,1,0.0006387806497514248,,2019-05-04,,0.171
AAH7HKHH,0,0,,,,Censored No Alarm,0,0,0,0,0,1,0.0015582978958263993,,2019-05-04,,0.171
AAH7HNDH,0,0,,,,Censored No Alarm,0,0,0,0,0,1,0.000846529786940664,,2019-05-04,,0.171
AAH7X19H,0,0,,,,Censored No Alarm,0,0,0,0,0,1,0.0005027050501666963,,2019-05-04,,0.171
AAH86SEH,0,0,,,,Censored No Alarm,0,0,0,0,0,1,0.0005048580351285636,,2019-05-04,,0.171
AAH8BLDH,0,0,,,,Censored No Alarm,0,0,0,0,0,1,0.001465541310608387,,2019-05-04,,0.171
AAH8HPVH,0,0,,,,Censored No Alarm,0,0,0,0,0,1,0.06700463593006134,,2019-05-04,,0.171
AAH8LPUH,0,0,,,,Censored No Alarm,0,0,0,0,0,1,0.0008677303558215499,,2019-05-04,,0.171
AAH8P7WH,0,0,,,,Censored No Alarm,0,0,0,0,0,1,0.0005408782744780183,,2019-05-27,,0.171
AAH8R0LH,0,0,,,,Censored No Alarm,0,0,0,0,0,1,0.000995161710307002,,2019-05-04,,0.171
AAH8RG4H,0,0,,,,Censored No Alarm,0,0,0,0,0,1,0.0012123476481065154,,2019-05-04,,0.171
AAH8V76H,0,0,,,,Censored No Alarm,0,0,0,0,0,1,0.001077513792552054,,2019-05-04,,0.171
AAH8V7KH,0,0,,,,Censored No Alarm,0,0,0,0,0,1,0.0007359539158642292,,2019-05-04,,0.171
AAH90NAH,1,0,,2023-04-19,,Missed,0,0,0,0,1,0,0.03938392177224159,,2019-05-04,,0.171
AAH919BH,0,0,,,,Censored No Alarm,0,0,0,0,0,1,0.0009845402091741562,,2019-05-04,,0.171
AAH9285H,0,0,,,,Censored No Alarm,0,0,0,0,0,1,0.0004996693460270762,,2019-05-04,,0.171
AAH92GHH,0,0,,,,Censored No Alarm,0,0,0,0,0,1,0.0008495134534314275,,2019-05-04,,0.171
AAH92HRH,0,0,,,,Censored No Alarm,0,0,0,0,0,1,0.0004852483107242733,,2019-05-04,,0.171
AAH92JGH,0,0,,,,Censored No Alarm,0,0,0,0,0,1,0.0031723317224532366,,2019-05-04,,0.171
AAH92V3H,0,0,,,,Censored No Alarm,0,0,0,0,0,1,0.0006262234528549016,,2019-05-04,,0.171
AAH9301H,1,0,,2023-12-23,,Missed,0,0,0,0,1,0,0.1306321769952774,,2019-05-04,,0.171
AAH9305H,0,0,,,,Censored No Alarm,0,0,0,0,0,1,0.0016754165990278125,,2019-05-04,,0.171
AAH9307H,1,0,,2023-04-09,,Missed,0,0,0,0,1,0,0.0006954199634492397,,2019-05-04,,0.171
AAH93MDH,0,0,,,,Censored No Alarm,0,0,0,0,0,1,0.04985933378338814,,2019-05-04,,0.171
AAH93RZH,0,0,,,,Censored No Alarm,0,0,0,0,0,1,0.0010109454160556197,,2019-05-04,,0.171
AAH953TH,0,0,,,,Censored No Alarm,0,0,0,0,0,1,0.0010431380942463875,,2019-05-04,,0.171
AAH9618H,0,0,,,,Censored No Alarm,0,0,0,0,0,1,0.0017877679783850908,,2019-05-04,,0.171
AAH9689H,0,0,,,,Censored No Alarm,0,0,0,0,0,1,0.0003806846507359296,,2019-05-04,,0.171
AAH96AUH,0,0,,,,Censored No Alarm,0,0,0,0,0,1,0.005194717552512884,,2019-05-04,,0.171
AAH97BZH,0,1,2025-06-10,,,Censored Early,0,0,1,1,0,0,0.22545264661312103,0.17737887799739838,2019-05-04,2229.0,0.171
AAH99PNH,0,0,,,,Censored No Alarm,0,0,0,0,0,1,0.0006665987893939018,,2019-05-04,,0.171
AAH9BERH,0,0,,,,Censored No Alarm,0,0,0,0,0,1,0.0010196407092735171,,2019-05-04,,0.171
AAHAS1MH,0,0,,,,Censored No Alarm,0,0,0,0,0,1,0.0007995725609362125,,2019-05-27,,0.171
AAHAS9TH,0,0,,,,Censored No Alarm,0,0,0,0,0,1,0.0009282592218369246,,2019-05-27,,0.171
AAHB6YXH,0,0,,,,Censored No Alarm,0,0,0,0,0,1,0.0006988655077293515,,2019-05-27,,0.171
AAHB8Z9H,0,0,,,,Censored No Alarm,0,0,0,0,0,1,0.0017143174773082137,,2019-05-27,,0.171
AAHBKUHH,0,0,,,,Censored No Alarm,0,0,0,0,0,1,0.0007696034736000001,,2019-05-27,,0.171
AAHD7S9H,0,0,,,,Censored No Alarm,0,0,0,0,0,1,0.0009567741653881967,,2019-05-19,,0.171
AAHDJD5H,0,0,,,,Censored No Alarm,0,0,0,0,0,1,0.0005350257852114737,,2019-05-27,,0.171
AAHDJDSH,0,0,,,,Censored No Alarm,0,0,0,0,0,1,0.0004955496988259256,,2019-05-27,,0.171
AAHDJH3H,0,0,,,,Censored No Alarm,0,0,0,0,0,1,0.0005097105749882758,,2019-05-27,,0.171
AAHDUS5H,0,0,,,,Censored No Alarm,0,0,0,0,0,1,0.0005904807476326823,,2019-05-27,,0.171
AAHDUT6H,0,0,,,,Censored No Alarm,0,0,0,0,0,1,0.000647812441457063,,2019-05-27,,0.171
AAHDYR0H,0,0,,,,Censored No Alarm,0,0,0,0,0,1,0.0006218866910785437,,2019-05-27,,0.171
AAHE23AH,0,0,,,,Censored No Alarm,0,0,0,0,0,1,0.0003363154537510127,,2019-05-27,,0.171
AAHE4SAH,0,0,,,,Censored No Alarm,0,0,0,0,0,1,0.0005416650674305856,,2019-05-27,,0.171
AAHEAGWH,0,0,,,,Censored No Alarm,0,0,0,0,0,1,0.0019023518543690443,,2019-05-27,,0.171
AAHEAHLH,0,0,,,,Censored No Alarm,0,0,0,0,0,1,0.000508344266563654,,2019-05-27,,0.171
AAHED32H,0,0,,,,Censored No Alarm,0,0,0,0,0,1,0.0005799540667794645,,2019-05-27,,0.171
AAHED3GH,0,0,,,,Censored No Alarm,0,0,0,0,0,1,0.03392626717686653,,2019-05-27,,0.171
AAHED8NH,0,0,,,,Censored No Alarm,0,0,0,0,0,1,0.00040563219226896763,,2019-05-27,,0.171
AAHED98H,0,0,,,,Censored No Alarm,0,0,0,0,0,1,0.0007245636079460382,,2019-05-27,,0.171
AAHEEVKH,0,0,,,,Censored No Alarm,0,0,0,0,0,1,0.0005024152342230082,,2019-05-27,,0.171
AAHEHEEH,0,0,,,,Censored No Alarm,0,0,0,0,0,1,0.000427031161962077,,2019-05-27,,0.171
AAHEHHMH,0,0,,,,Censored No Alarm,0,0,0,0,0,1,0.0004101574304513633,,2019-05-27,,0.171
AAHEHJ0H,0,0,,,,Censored No Alarm,0,0,0,0,0,1,0.0008481498225592077,,2019-06-01,,0.171
AAHEHJ1H,0,0,,,,Censored No Alarm,0,0,0,0,0,1,0.0004153737681917846,,2019-05-27,,0.171
AAHEHL5H,0,0,,,,Censored No Alarm,0,0,0,0,0,1,0.001022715587168932,,2019-05-27,,0.171
AAHEHP8H,0,0,,,,Censored No Alarm,0,0,0,0,0,1,0.0013794308761134744,,2019-05-27,,0.171
AAHEHRSH,0,0,,,,Censored No Alarm,0,0,0,0,0,1,0.0005952861974947155,,2019-05-27,,0.171
AAHEHS0H,0,0,,,,Censored No Alarm,0,0,0,0,0,1,0.00047797500155866146,,2019-05-27,,0.171
AAHEHTDH,0,0,,,,Censored No Alarm,0,0,0,0,0,1,0.0005493974895216525,,2019-05-27,,0.171
AAHEHTNH,0,0,,,,Censored No Alarm,0,0,0,0,0,1,0.0006366564193740487,,2019-05-27,,0.171
AAHEHTPH,0,0,,,,Censored No Alarm,0,0,0,0,0,1,0.0005030118627473712,,2019-05-27,,0.171
AAHEHVUH,0,0,,,,Censored No Alarm,0,0,0,0,0,1,0.0008527266327291727,,2019-05-27,,0.171
AAHEHY7H,0,0,,,,Censored No Alarm,0,0,0,0,0,1,0.00043948960956186056,,2019-05-27,,0.171
AAHEHZ2H,0,0,,,,Censored No Alarm,0,0,0,0,0,1,0.0006073452532291412,,2019-05-27,,0.171
AAHEHZPH,0,0,,,,Censored No Alarm,0,0,0,0,0,1,0.0005763397784903646,,2019-05-27,,0.171
AAHEHZXH,0,0,,,,Censored No Alarm,0,0,0,0,0,1,0.0008722865022718906,,2019-05-27,,0.171
AAHEJ43H,0,0,,,,Censored No Alarm,0,0,0,0,0,1,0.0005807445268146694,,2019-05-27,,0.171
AAHEJ4KH,0,0,,,,Censored No Alarm,0,0,0,0,0,1,0.000529705430381,,2019-05-27,,0.171
AAHEJ76H,0,0,,,,Censored No Alarm,0,0,0,0,0,1,0.0006138455937616527,,2019-05-27,,0.171
AAHEJDXH,0,0,,,,Censored No Alarm,0,0,0,0,0,1,0.0025745106395334005,,2019-05-27,,0.171
AAHEJE4H,0,0,,,,Censored No Alarm,0,0,0,0,0,1,0.0007160129607655108,,2019-05-27,,0.171
AAHEJHKH,0,0,,,,Censored No Alarm,0,0,0,0,0,1,0.0005083743017166853,,2019-05-27,,0.171
AAHGYKJH,1,0,,2024-07-24,,Missed,0,0,0,0,1,0,0.01981447823345661,,2019-08-13,,0.171
AAHH59AH,0,0,,,,Censored No Alarm,0,0,0,0,0,1,0.001391521655023098,,2019-08-14,,0.171
AAHHAXAH,0,0,,,,Censored No Alarm,0,0,0,0,0,1,0.0005940591217949986,,2019-08-13,,0.171
AAHHXJ2H,0,0,,,,Censored No Alarm,0,0,0,0,0,1,0.008173443377017975,,2019-08-13,,0.171
AAHJG5XH,0,0,,,,Censored No Alarm,0,0,0,0,0,1,0.001807127264328301,,2019-08-14,,0.171
AAHJP8BH,0,0,,,,Censored No Alarm,0,0,0,0,0,1,0.02353629656136036,,2019-06-01,,0.171
AAHK5PUH,0,0,,,,Censored No Alarm,0,0,0,0,0,1,0.019656827673316002,,2019-06-01,,0.171
AAHK8NRH,0,0,,,,Censored No Alarm,0,0,0,0,0,1,0.005095151253044605,,2019-08-13,,0.171
AAHKERJH,1,0,,2026-01-13,,Missed,0,0,0,0,1,0,0.11390401422977448,,2019-08-13,,0.171
AAHKKR8H,0,0,,,,Censored No Alarm,0,0,0,0,0,1,0.006197575945407152,,2019-08-14,,0.171
AAHKLDKH,0,0,,,,Censored No Alarm,0,0,0,0,0,1,0.0008657025173306465,,2019-06-01,,0.171
AAHKM55H,1,0,,2025-03-25,,Missed,0,0,0,0,1,0,0.05720994248986244,,2019-08-14,,0.171
AAHKMW2H,1,0,,2022-01-12,,Missed,0,0,0,0,1,0,0.0003121116606052965,,2019-06-01,,0.171
AAHKS17H,1,0,,2025-07-07,,Missed,0,0,0,0,1,0,0.08665075898170471,,2019-06-01,,0.171
AAHKWLAH,0,1,2025-06-17,,,Censored Early,0,0,1,1,0,0,0.31950947642326355,0.17452526092529297,2019-08-14,2134.0,0.171
AAHKX43H,1,0,,2019-11-25,,Missed,0,0,0,0,1,0,0.04795012250542641,,2019-08-14,,0.171
AAHKXKYH,0,0,,,,Censored No Alarm,0,0,0,0,0,1,0.037430912256240845,,2019-08-13,,0.171
AAHKXLYH,0,0,,,,Censored No Alarm,0,0,0,0,0,1,0.0012819500407204032,,2019-08-14,,0.171
AAHKXNHH,0,0,,,,Censored No Alarm,0,0,0,0,0,1,0.028284598141908646,,2019-08-14,,0.171
AAHKXZ7H,0,0,,,,Censored No Alarm,0,0,0,0,0,1,0.0005464342539198697,,2019-08-14,,0.171
AAHKYETH,0,0,,,,Censored No Alarm,0,0,0,0,0,1,0.0012493320973590016,,2019-05-16,,0.171
AAHL0PKH,0,0,,,,Censored No Alarm,0,0,0,0,0,1,0.0016254778020083904,,2019-08-13,,0.171
AAHL0TLH,0,0,,,,Censored No Alarm,0,0,0,0,0,1,0.02000303380191326,,2019-06-01,,0.171
AAHL4K8H,0,0,,,,Censored No Alarm,0,0,0,0,0,1,0.0019638631492853165,,2019-05-16,,0.171
AAHL5LRH,1,0,,2024-09-01,,Missed,0,0,0,0,1,0,0.0507696233689785,,2019-08-13,,0.171
AAHL9A9H,0,0,,,,Censored No Alarm,0,0,0,0,0,1,0.05062098801136017,,2019-08-13,,0.171
AAHL9XJH,0,0,,,,Censored No Alarm,0,0,0,0,0,1,0.031451497226953506,,2019-08-14,,0.171
AAHL9XLH,0,0,,,,Censored No Alarm,0,0,0,0,0,1,0.010903130285441875,,2019-08-14,,0.171
AAHL9Y3H,0,0,,,,Censored No Alarm,0,0,0,0,0,1,0.0008240129100158811,,2019-08-14,,0.171
AAHL9YAH,0,0,,,,Censored No Alarm,0,0,0,0,0,1,0.0005698652821592987,,2019-08-14,,0.171
AAHL9ZYH,0,0,,,,Censored No Alarm,0,0,0,0,0,1,0.0010069678537547588,,2019-08-14,,0.171
AAHLBTZH,1,0,,2025-07-26,,Missed,0,0,0,0,1,0,0.05539228022098541,,2019-08-14,,0.171
AAHLBWGH,1,1,2025-08-30,2025-08-30,0.0,On time,1,0,0,0,0,0,0.2629096508026123,0.2629096508026123,2019-08-14,2208.0,0.171
AAHLBWSH,1,0,,2023-12-11,,Missed,0,0,0,0,1,0,0.0980508029460907,,2019-08-13,,0.171
AAHLBXVH,0,0,,,,Censored No Alarm,0,0,0,0,0,1,0.05336333066225052,,2019-08-14,,0.171
AAHLD3UH,1,0,,2025-03-11,,Missed,0,0,0,0,1,0,0.09487152844667435,,2019-08-13,,0.171
AAHLS5JH,0,0,,,,Censored No Alarm,0,0,0,0,0,1,0.0013966192491352558,,2019-05-16,,0.171
AAHLS7ZH,0,0,,,,Censored No Alarm,0,0,0,0,0,1,0.0007563405088149011,,2019-05-16,,0.171
AAHLS8YH,0,0,,,,Censored No Alarm,0,0,0,0,0,1,0.008781399577856064,,2019-05-16,,0.171
AAHLS9UH,0,0,,,,Censored No Alarm,0,0,0,0,0,1,0.0009768323507159948,,2019-05-16,,0.171
AAHLV30H,0,0,,,,Censored No Alarm,0,0,0,0,0,1,0.0006751559558324516,,2019-05-16,,0.171
AAHLV40H,1,0,,2019-08-05,,Missed,0,0,0,0,1,0,0.05022997781634331,,2019-05-16,,0.171
AAHLV47H,0,0,,,,Censored No Alarm,0,0,0,0,0,1,0.0009881608420982957,,2019-05-16,,0.171
AAHLVTVH,0,0,,,,Censored No Alarm,0,0,0,0,0,1,0.0008489353349432349,,2019-05-27,,0.171
AAHLWE3H,0,0,,,,Censored No Alarm,0,0,0,0,0,1,0.0006283984985202551,,2019-05-27,,0.171
AAHLWKXH,0,0,,,,Censored No Alarm,0,0,0,0,0,1,0.0009596903109923005,,2019-05-16,,0.171
AAHLWM3H,0,0,,,,Censored No Alarm,0,0,0,0,0,1,0.0020027938298881054,,2019-05-27,,0.171
AAHLXJ1H,0,0,,,,Censored No Alarm,0,0,0,0,0,1,0.030806515365839005,,2019-05-04,,0.171
AAHLXJ9H,0,0,,,,Censored No Alarm,0,0,0,0,0,1,0.0006847439799457788,,2019-05-04,,0.171
AAHLXL5H,0,0,,,,Censored No Alarm,0,0,0,0,0,1,0.003464761655777693,,2019-08-13,,0.171
AAHLXTXH,0,0,,,,Censored No Alarm,0,0,0,0,0,1,0.03179483860731125,,2019-05-16,,0.171
AAHLY01H,0,0,,,,Censored No Alarm,0,0,0,0,0,1,0.0004040610510855913,,2019-05-27,,0.171
AAHLY04H,0,0,,,,Censored No Alarm,0,0,0,0,0,1,0.0006532269762828946,,2019-05-04,,0.171
AAHLY2TH,0,0,,,,Censored No Alarm,0,0,0,0,0,1,0.001684505376033485,,2019-05-27,,0.171
AAHLY31H,1,1,2024-12-03,2025-07-25,234.0,Early,0,1,0,1,0,0,0.1781797707080841,0.1753750741481781,2019-08-13,1939.0,0.171
AAHLYJRH,0,0,,,,Censored No Alarm,0,0,0,0,0,1,0.0011742387432605028,,2019-05-27,,0.171
AAHLYY6H,0,0,,,,Censored No Alarm,0,0,0,0,0,1,0.0013014334253966808,,2019-05-16,,0.171
AAHM227H,0,0,,,,Censored No Alarm,0,0,0,0,0,1,0.006799016147851944,,2019-08-13,,0.171
AAHM4E6H,0,0,,,,Censored No Alarm,0,0,0,0,0,1,0.000484800519188866,,2019-05-27,,0.171
AAHM4HSH,0,0,,,,Censored No Alarm,0,0,0,0,0,1,0.000647620705422014,,2019-05-04,,0.171
AAHM4KJH,0,0,,,,Censored No Alarm,0,0,0,0,0,1,0.0019142474047839642,,2019-08-13,,0.171
AAHM4S6H,0,0,,,,Censored No Alarm,0,0,0,0,0,1,0.0006490202504210174,,2019-05-04,,0.171
AAHM4S8H,0,0,,,,Censored No Alarm,0,0,0,0,0,1,0.0006170786218717694,,2019-05-04,,0.171
AAHM4SSH,0,0,,,,Censored No Alarm,0,0,0,0,0,1,0.0011354332091286778,,2019-05-04,,0.171
AAHM4T2H,0,0,,,,Censored No Alarm,0,0,0,0,0,1,0.0006039669387973845,,2019-05-04,,0.171
AAHM4T6H,0,0,,,,Censored No Alarm,0,0,0,0,0,1,0.001399814267642796,,2019-08-13,,0.171
AAHM4TRH,0,0,,,,Censored No Alarm,0,0,0,0,0,1,0.000629540765658021,,2019-08-13,,0.171
AAHM4UYH,0,0,,,,Censored No Alarm,0,0,0,0,0,1,0.0006132015842013061,,2019-05-04,,0.171
AAHM4WBH,0,0,,,,Censored No Alarm,0,0,0,0,0,1,0.0006743501871824265,,2019-05-16,,0.171
AAHM4WEH,0,0,,,,Censored No Alarm,0,0,0,0,0,1,0.000637443910818547,,2019-05-04,,0.171
AAHM4XGH,0,0,,,,Censored No Alarm,0,0,0,0,0,1,0.002359110629186034,,2019-08-14,,0.171
AAHM5Z4H,0,0,,,,Censored No Alarm,0,0,0,0,0,1,0.0006574515136890113,,2019-05-04,,0.171
AAHM5Z9H,0,0,,,,Censored No Alarm,0,0,0,0,0,1,0.01229183841496706,,2019-05-04,,0.171
AAHM5ZHH,0,0,,,,Censored No Alarm,0,0,0,0,0,1,0.000851985183544457,,2019-05-04,,0.171
AAHMD6GH,0,0,,,,Censored No Alarm,0,0,0,0,0,1,0.0008479634998366237,,2019-05-04,,0.171
AAHME7KH,0,0,,,,Censored No Alarm,0,0,0,0,0,1,0.0024878843687474728,,2019-05-16,,0.171
AAHMGV8H,0,0,,,,Censored No Alarm,0,0,0,0,0,1,0.0005895211361348629,,2019-05-27,,0.171
AAHMH4LH,0,0,,,,Censored No Alarm,0,0,0,0,0,1,0.0007601170218549669,,2019-05-04,,0.171
AAHML65H,0,0,,,,Censored No Alarm,0,0,0,0,0,1,0.0014738356694579124,,2019-05-16,,0.171
AAHMN38H,0,0,,,,Censored No Alarm,0,0,0,0,0,1,0.0016746112378314137,,2019-05-16,,0.171
AAHMR03H,1,1,2025-11-17,2025-11-26,9.0,On time,1,0,0,0,0,0,0.17841820418834686,0.17841820418834686,2019-05-16,2377.0,0.171
AAHMR2ZH,1,0,,2024-01-31,,Missed,0,0,0,0,1,0,0.0014130970230326056,,2019-05-16,,0.171
AAHMSNRH,0,0,,,,Censored No Alarm,0,0,0,0,0,1,0.0015401709824800491,,2019-05-16,,0.171
AAHMUYLH,0,0,,,,Censored No Alarm,0,0,0,0,0,1,0.0015471810474991798,,2019-05-16,,0.171
AAHMW6RH,0,0,,,,Censored No Alarm,0,0,0,0,0,1,0.0015924755716696382,,2019-05-16,,0.171
AAHMW7NH,0,0,,,,Censored No Alarm,0,0,0,0,0,1,0.001148756011389196,,2019-05-16,,0.171
