serial_number,has_failed,alarm_triggered,first_alarm_date,actual_failure_date,days_to_failure_at_alarm,category,is_hit,is_fp_early,is_fp_cens,is_false_alarm,is_miss,is_correct_rejection,max_predicted_score,alarm_predicted_score,first_seen_date,days_since_observed,threshold_used
2AG61PSY,0,0,,,,Censored No Alarm,0,0,0,0,0,1,0.0003975534636992961,,2019-05-27,,0.138
2AG8AVRY,0,0,,,,Censored No Alarm,0,0,0,0,0,1,0.0007904525846242905,,2019-08-14,,0.138
2AGEGU7Y,0,0,,,,Censored No Alarm,0,0,0,0,0,1,0.0007423426723107696,,2019-05-27,,0.138
2AGEU1JY,0,0,,,,Censored No Alarm,0,0,0,0,0,1,0.11781129240989685,,2019-06-01,,0.138
2AGG48NY,0,0,,,,Censored No Alarm,0,0,0,0,0,1,0.0003116368025075644,,2019-05-27,,0.138
2AGG7H1Y,0,0,,,,Censored No Alarm,0,0,0,0,0,1,0.00039006525184959173,,2019-05-27,,0.138
2AGGHGJY,1,1,2024-11-18,2024-11-19,1.0,On time,1,0,0,0,0,0,0.18095628917217255,0.1388797014951706,2019-05-16,2013.0,0.138
2AGGHLEY,0,0,,,,Censored No Alarm,0,0,0,0,0,1,0.0009346117731183767,,2019-06-01,,0.138
2AGGHM0Y,0,0,,,,Censored No Alarm,0,0,0,0,0,1,0.00036727936821989715,,2019-05-27,,0.138
2AGGHMUY,0,0,,,,Censored No Alarm,0,0,0,0,0,1,0.0004819280584342778,,2019-05-16,,0.138
2AGGHR1Y,0,0,,,,Censored No Alarm,0,0,0,0,0,1,0.003869403386488557,,2019-05-27,,0.138
2AGGHR7Y,0,0,,,,Censored No Alarm,0,0,0,0,0,1,0.00037694265483878553,,2019-05-27,,0.138
2AGGL0UY,1,1,2022-02-27,2022-02-27,0.0,On time,1,0,0,0,0,0,0.147512286901474,0.147512286901474,2019-05-27,1007.0,0.138
2AGGR3NY,0,0,,,,Censored No Alarm,0,0,0,0,0,1,0.027757512405514717,,2019-05-27,,0.138
2AGGZNJY,0,0,,,,Censored No Alarm,0,0,0,0,0,1,0.0007494635647162795,,2019-05-27,,0.138
2AGH31BY,1,0,,2023-11-01,,Missed,0,0,0,0,1,0,0.07036912441253662,,2019-05-27,,0.138
2AGH31PY,1,0,,2024-11-18,,Missed,0,0,0,0,1,0,0.08144639432430267,,2019-05-27,,0.138
2AGH33SY,1,1,2025-02-08,2025-05-08,89.0,Early,0,1,0,1,0,0,0.3219480812549591,0.14196504652500153,2019-05-27,2084.0,0.138
2AGH34HY,0,0,,,,Censored No Alarm,0,0,0,0,0,1,0.06337909400463104,,2019-05-27,,0.138
2AGH34PY,0,0,,,,Censored No Alarm,0,0,0,0,0,1,0.0005708968383260071,,2019-05-27,,0.138
2AGH35GY,0,0,,,,Censored No Alarm,0,0,0,0,0,1,0.000517604174092412,,2019-05-27,,0.138
2AGHB9XY,1,0,,2024-12-02,,Missed,0,0,0,0,1,0,0.04042183980345726,,2019-05-27,,0.138
2AGHDYHY,0,0,,,,Censored No Alarm,0,0,0,0,0,1,0.0009700226946733892,,2019-05-27,,0.138
2AGHEP9Y,1,0,,2024-07-26,,Missed,0,0,0,0,1,0,0.022297140210866928,,2019-05-27,,0.138
2AGHGR1Y,0,0,,,,Censored No Alarm,0,0,0,0,0,1,0.0013949342537671328,,2019-05-27,,0.138
2AGHGRLY,0,0,,,,Censored No Alarm,0,0,0,0,0,1,0.0005383235984481871,,2019-05-27,,0.138
2AGHGRRY,0,0,,,,Censored No Alarm,0,0,0,0,0,1,0.000486317730974406,,2019-05-27,,0.138
2AGHJD4Y,0,1,2025-07-22,,,Censored Early,0,0,1,1,0,0,0.4481653869152069,0.13914386928081512,2019-06-01,2243.0,0.138
2AGHK55Y,0,0,,,,Censored No Alarm,0,0,0,0,0,1,0.0003577470488380641,,2019-05-27,,0.138
2AGHK8MY,0,0,,,,Censored No Alarm,0,0,0,0,0,1,0.00039270834531635046,,2019-05-27,,0.138
2AGHLEUY,1,0,,2023-11-06,,Missed,0,0,0,0,1,0,0.02964090369641781,,2019-05-27,,0.138
2AGHLGTY,1,0,,2025-08-05,,Missed,0,0,0,0,1,0,0.09919222444295883,,2019-05-27,,0.138
2AGHLKHY,0,0,,,,Censored No Alarm,0,0,0,0,0,1,0.0007066014804877341,,2019-05-27,,0.138
2AGHLMXY,0,0,,,,Censored No Alarm,0,0,0,0,0,1,0.0006163594662211835,,2019-05-27,,0.138
2AGHLN0Y,0,0,,,,Censored No Alarm,0,0,0,0,0,1,0.0006203951197676361,,2019-05-27,,0.138
2AGHMUTY,0,0,,,,Censored No Alarm,0,0,0,0,0,1,0.00035673147067427635,,2019-05-27,,0.138
2AGHMUYY,0,0,,,,Censored No Alarm,0,0,0,0,0,1,0.001603421987965703,,2019-06-01,,0.138
2AGHMW5Y,0,0,,,,Censored No Alarm,0,0,0,0,0,1,0.03810577839612961,,2019-05-27,,0.138
2AGHMXGY,1,0,,2023-05-14,,Missed,0,0,0,0,1,0,0.01290329359471798,,2019-05-27,,0.138
2AGHMYTY,0,0,,,,Censored No Alarm,0,0,0,0,0,1,0.07785850763320923,,2019-05-27,,0.138
2AGHMZMY,0,0,,,,Censored No Alarm,0,0,0,0,0,1,0.0003560842014849186,,2019-05-27,,0.138
2AGHN0TY,1,1,2020-08-24,2020-10-22,59.0,Early,0,1,0,1,0,0,0.38563084602355957,0.1712019443511963,2019-05-27,455.0,0.138
2AGHN0WY,0,0,,,,Censored No Alarm,0,0,0,0,0,1,0.0012561141047626734,,2019-05-27,,0.138
2AGHN16Y,0,0,,,,Censored No Alarm,0,0,0,0,0,1,0.0009338897070847452,,2019-05-27,,0.138
2AGHN2AY,0,0,,,,Censored No Alarm,0,0,0,0,0,1,0.0003955178544856608,,2019-05-27,,0.138
2AGHN3XY,0,0,,,,Censored No Alarm,0,0,0,0,0,1,0.0008226673235185444,,2019-05-27,,0.138
2AGHPDKY,0,0,,,,Censored No Alarm,0,0,0,0,0,1,0.00047053839080035686,,2019-05-27,,0.138
2AGHSJ4Y,0,0,,,,Censored No Alarm,0,0,0,0,0,1,0.0002550290373619646,,2019-05-27,,0.138
2AGHSS9Y,0,0,,,,Censored No Alarm,0,0,0,0,0,1,0.000815854815300554,,2019-05-27,,0.138
2AGHTBYY,1,1,2023-09-17,2025-01-25,496.0,Early,0,1,0,1,0,0,0.47845277190208435,0.16921737790107727,2019-05-27,1574.0,0.138
2AGHTGEY,1,1,2023-03-12,2023-03-14,2.0,On time,1,0,0,0,0,0,0.14436696469783783,0.13821013271808624,2019-05-27,1385.0,0.138
2AGHTKBY,0,0,,,,Censored No Alarm,0,0,0,0,0,1,0.007869942113757133,,2019-05-27,,0.138
2AGLY65Y,1,0,,2023-11-20,,Missed,0,0,0,0,1,0,0.011697545647621155,,2019-08-13,,0.138
2AGM231Y,0,0,,,,Censored No Alarm,0,0,0,0,0,1,0.0005713875871151686,,2019-05-04,,0.138
2AGM23NY,0,0,,,,Censored No Alarm,0,0,0,0,0,1,0.0005464566638693213,,2019-05-04,,0.138
2AGM5UVY,0,0,,,,Censored No Alarm,0,0,0,0,0,1,0.10376051068305969,,2019-05-16,,0.138
2AGM5V7Y,1,1,2024-12-23,2025-12-05,347.0,Early,0,1,0,1,0,0,0.3228388726711273,0.167107954621315,2019-05-16,2048.0,0.138
2AGM5VBY,0,0,,,,Censored No Alarm,0,0,0,0,0,1,0.07682802528142929,,2019-05-16,,0.138
2AGM5VHY,1,0,,2025-01-18,,Missed,0,0,0,0,1,0,0.002261974848806858,,2019-08-14,,0.138
2AGM5W9Y,1,0,,2025-01-16,,Missed,0,0,0,0,1,0,0.04446772485971451,,2019-05-16,,0.138
2AGM5YEY,0,0,,,,Censored No Alarm,0,0,0,0,0,1,0.013416099362075329,,2019-05-04,,0.138
2AGM8EMY,1,0,,2024-10-29,,Missed,0,0,0,0,1,0,0.09449667483568192,,2019-05-16,,0.138
2AGM8EUY,0,0,,,,Censored No Alarm,0,0,0,0,0,1,0.0010118907084688544,,2019-05-27,,0.138
2AGM8J2Y,0,0,,,,Censored No Alarm,0,0,0,0,0,1,0.001568733947351575,,2019-05-16,,0.138
2AGM8JAY,0,0,,,,Censored No Alarm,0,0,0,0,0,1,0.0005503026186488569,,2019-05-16,,0.138
2AGM8LNY,0,1,2024-10-24,,,Censored Early,0,0,1,1,0,0,0.24242432415485382,0.18131618201732635,2019-05-04,2000.0,0.138
2AGM8RJY,0,0,,,,Censored No Alarm,0,0,0,0,0,1,0.0215609148144722,,2019-08-13,,0.138
2AGM8RTY,0,0,,,,Censored No Alarm,0,0,0,0,0,1,0.029141653329133987,,2019-05-16,,0.138
2AGM8UNY,1,1,2025-10-23,2026-03-12,140.0,Early,0,1,0,1,0,0,0.39014312624931335,0.14812704920768738,2019-08-13,2263.0,0.138
2AGM8V7Y,0,0,,,,Censored No Alarm,0,0,0,0,0,1,0.0012277289060875773,,2019-05-16,,0.138
2AGM9MXY,1,0,,2025-09-21,,Missed,0,0,0,0,1,0,0.02614809386432171,,2019-05-04,,0.138
2AGM9PJY,0,1,2025-11-06,,,Censored Early,0,0,1,1,0,0,0.18706119060516357,0.18655847012996674,2019-05-04,2378.0,0.138
2AGM9RGY,1,0,,2022-12-23,,Missed,0,0,0,0,1,0,0.0018187974346801639,,2019-05-16,,0.138
2AGM9S6Y,0,0,,,,Censored No Alarm,0,0,0,0,0,1,0.010841865092515945,,2019-05-16,,0.138
2AGM9SDY,0,0,,,,Censored No Alarm,0,0,0,0,0,1,0.00035668796044774354,,2019-05-04,,0.138
2AGM9U1Y,0,0,,,,Censored No Alarm,0,0,0,0,0,1,0.00026075885398313403,,2019-05-16,,0.138
2AGMDJKY,0,0,,,,Censored No Alarm,0,0,0,0,0,1,0.0005694536957889795,,2019-05-04,,0.138
2AGMDUAY,1,0,,2023-02-04,,Missed,0,0,0,0,1,0,0.023200133815407753,,2019-05-16,,0.138
2AGMDY1Y,0,0,,,,Censored No Alarm,0,0,0,0,0,1,0.013461928814649582,,2019-08-14,,0.138
2AGME0XY,1,1,2024-01-18,2024-05-29,132.0,Early,0,1,0,1,0,0,0.16949546337127686,0.15466570854187012,2019-05-16,1708.0,0.138
2AGME3BY,0,0,,,,Censored No Alarm,0,0,0,0,0,1,0.004202401265501976,,2019-05-16,,0.138
2AGME9PY,1,0,,2024-08-06,,Missed,0,0,0,0,1,0,0.07983531057834625,,2019-08-13,,0.138
2AGMGAYY,0,0,,,,Censored No Alarm,0,0,0,0,0,1,0.0007151676109060645,,2019-05-16,,0.138
2AGMGDPY,0,0,,,,Censored No Alarm,0,0,0,0,0,1,0.0010641352273523808,,2019-08-13,,0.138
2AGMGKLY,0,0,,,,Censored No Alarm,0,0,0,0,0,1,0.00042553272214718163,,2019-08-13,,0.138
2AGMGXEY,0,0,,,,Censored No Alarm,0,0,0,0,0,1,0.0004290145880077034,,2019-08-14,,0.138
2AGMH2YY,1,0,,2024-12-10,,Missed,0,0,0,0,1,0,0.10425826907157898,,2019-05-16,,0.138
2AGMH3JY,0,0,,,,Censored No Alarm,0,0,0,0,0,1,0.0004950798465870321,,2019-05-16,,0.138
2AGMHK6Y,0,0,,,,Censored No Alarm,0,0,0,0,0,1,0.0067738015204668045,,2019-05-04,,0.138
2AGMHPEY,1,0,,2024-06-25,,Missed,0,0,0,0,1,0,0.011245546862483025,,2019-06-01,,0.138
2AGMHRYY,1,1,2023-12-14,2024-05-16,154.0,Early,0,1,0,1,0,0,0.23362040519714355,0.13824570178985596,2019-05-16,1673.0,0.138
2AGMHTLY,0,0,,,,Censored No Alarm,0,0,0,0,0,1,0.0006009262870065868,,2019-05-04,,0.138
2AGMHU7Y,1,0,,2024-07-08,,Missed,0,0,0,0,1,0,0.012078801169991493,,2019-05-04,,0.138
2AGMHVTY,0,0,,,,Censored No Alarm,0,0,0,0,0,1,0.0004958459176123142,,2019-05-16,,0.138
2AGMHWAY,1,1,2023-09-16,2023-09-22,6.0,On time,1,0,0,0,0,0,0.348435640335083,0.17904911935329437,2019-08-14,1494.0,0.138
2AGMHXDY,1,1,2025-05-30,2025-06-02,3.0,On time,1,0,0,0,0,0,0.39083319902420044,0.14010412991046906,2019-08-13,2117.0,0.138
2AGMHY3Y,1,0,,2025-11-18,,Missed,0,0,0,0,1,0,0.024572916328907013,,2019-08-14,,0.138
2AGMHY5Y,0,0,,,,Censored No Alarm,0,0,0,0,0,1,0.000880232488270849,,2019-08-13,,0.138
2AGMJ35Y,0,0,,,,Censored No Alarm,0,0,0,0,0,1,0.0005727764219045639,,2019-05-04,,0.138
2AGMJ3JY,0,0,,,,Censored No Alarm,0,0,0,0,0,1,0.0006456621340475976,,2019-05-16,,0.138
2AGMJ3TY,0,0,,,,Censored No Alarm,0,0,0,0,0,1,0.0008499669493176043,,2019-08-14,,0.138
2AGMJ47Y,0,0,,,,Censored No Alarm,0,0,0,0,0,1,0.0007836840813979506,,2019-06-01,,0.138
2AGMJ5BY,1,0,,2021-05-03,,Missed,0,0,0,0,1,0,0.0002039579558186233,,2019-05-04,,0.138
2AGMKV4Y,1,1,2025-12-12,2026-01-28,47.0,Early,0,1,0,1,0,0,0.47864583134651184,0.13911376893520355,2019-05-04,2414.0,0.138
2AGMKVHY,1,0,,2023-05-06,,Missed,0,0,0,0,1,0,0.04630996659398079,,2019-08-13,,0.138
2AGMKVTY,1,0,,2024-12-04,,Missed,0,0,0,0,1,0,0.043424252420663834,,2019-08-14,,0.138
2AGMLMLY,0,0,,,,Censored No Alarm,0,0,0,0,0,1,0.05790472775697708,,2019-08-14,,0.138
2AGMLSZY,1,1,2020-07-20,2020-07-30,10.0,On time,1,0,0,0,0,0,0.4800148606300354,0.15008506178855896,2019-05-16,431.0,0.138
2AGMLT7Y,0,0,,,,Censored No Alarm,0,0,0,0,0,1,0.017524706199765205,,2019-05-16,,0.138
2AGMLWNY,0,0,,,,Censored No Alarm,0,0,0,0,0,1,0.039183568209409714,,2019-08-14,,0.138
2AGMLZLY,1,1,2026-02-11,2026-02-11,0.0,On time,1,0,0,0,0,0,0.1823178082704544,0.1823178082704544,2019-05-16,2463.0,0.138
2AGMM0UY,0,1,2020-01-23,,,Censored Early,0,0,1,1,0,0,0.14929735660552979,0.14929735660552979,2019-05-16,252.0,0.138
2AGMMNKY,0,0,,,,Censored No Alarm,0,0,0,0,0,1,0.03525422886013985,,2019-06-01,,0.138
2AGMMU1Y,0,0,,,,Censored No Alarm,0,0,0,0,0,1,0.0005057753878645599,,2019-05-16,,0.138
2AGMMU4Y,0,0,,,,Censored No Alarm,0,0,0,0,0,1,0.0005487262969836593,,2019-08-14,,0.138
2AGMNB7Y,1,0,,2023-03-30,,Missed,0,0,0,0,1,0,0.08858432620763779,,2019-05-16,,0.138
2AGMNBEY,0,0,,,,Censored No Alarm,0,0,0,0,0,1,0.0006501383613795042,,2019-05-16,,0.138
2AGMND4Y,1,1,2024-05-25,2025-10-27,520.0,Early,0,1,0,1,0,0,0.4768671989440918,0.14631499350070953,2019-05-04,1848.0,0.138
2AGMNE1Y,1,1,2025-11-26,2025-11-26,0.0,On time,1,0,0,0,0,0,0.479827880859375,0.479827880859375,2019-05-16,2386.0,0.138
2AGMNEBY,1,1,2023-02-22,2024-08-05,530.0,Early,0,1,0,1,0,0,0.19964699447155,0.17947714030742645,2019-05-04,1390.0,0.138
2AGMNG0Y,0,1,2024-05-07,,,Censored Early,0,0,1,1,0,0,0.21423745155334473,0.1636096090078354,2019-05-16,1818.0,0.138
2AGMNJKY,1,1,2025-09-18,2025-09-29,11.0,On time,1,0,0,0,0,0,0.47232627868652344,0.15665419399738312,2019-05-16,2317.0,0.138
2AGMNM8Y,0,0,,,,Censored No Alarm,0,0,0,0,0,1,0.03555148467421532,,2019-08-14,,0.138
2AGMNMWY,1,0,,2023-05-10,,Missed,0,0,0,0,1,0,0.04282637685537338,,2019-05-16,,0.138
2AGMNTXY,0,0,,,,Censored No Alarm,0,0,0,0,0,1,0.0006067453068681061,,2019-05-16,,0.138
2AGMNUVY,0,0,,,,Censored No Alarm,0,0,0,0,0,1,0.00047836999874562025,,2019-05-04,,0.138
2AGMNWBY,0,0,,,,Censored No Alarm,0,0,0,0,0,1,0.00041584644350223243,,2019-08-13,,0.138
2AGMNXRY,0,0,,,,Censored No Alarm,0,0,0,0,0,1,0.1129114106297493,,2019-08-13,,0.138
2AGMP7ZY,0,0,,,,Censored No Alarm,0,0,0,0,0,1,0.0011269054375588894,,2019-08-14,,0.138
2AGMPBWY,0,0,,,,Censored No Alarm,0,0,0,0,0,1,0.045436084270477295,,2019-05-16,,0.138
2AGMPD8Y,1,0,,2023-11-21,,Missed,0,0,0,0,1,0,0.0002478933020029217,,2019-08-13,,0.138
2AGMPK3Y,0,0,,,,Censored No Alarm,0,0,0,0,0,1,0.02988593466579914,,2019-05-04,,0.138
2AGMPL7Y,1,0,,2025-02-27,,Missed,0,0,0,0,1,0,0.09048162400722504,,2019-05-16,,0.138
2AGMPP1Y,0,0,,,,Censored No Alarm,0,0,0,0,0,1,0.0030427651945501566,,2019-05-16,,0.138
2AGMPP4Y,1,1,2025-01-08,2025-09-23,258.0,Early,0,1,0,1,0,0,0.37789979577064514,0.1405785232782364,2019-05-16,2064.0,0.138
2AGMPPGY,0,0,,,,Censored No Alarm,0,0,0,0,0,1,0.000729757419321686,,2019-05-16,,0.138
2AGMPSSY,0,0,,,,Censored No Alarm,0,0,0,0,0,1,0.00046055190614424646,,2019-05-16,,0.138
2AGMPT2Y,0,0,,,,Censored No Alarm,0,0,0,0,0,1,0.0005842800019308925,,2019-05-16,,0.138
2AGMPZ8Y,0,0,,,,Censored No Alarm,0,0,0,0,0,1,0.0005559108103625476,,2019-08-14,,0.138
2AGMS6PY,0,0,,,,Censored No Alarm,0,0,0,0,0,1,0.00034002013853751123,,2019-08-14,,0.138
2AGMSHHY,1,0,,2022-08-12,,Missed,0,0,0,0,1,0,0.00011637587158475071,,2019-05-04,,0.138
2AGMTK0Y,1,1,2025-08-30,2025-08-30,0.0,On time,1,0,0,0,0,0,0.45338529348373413,0.45338529348373413,2019-05-16,2298.0,0.138
2AGMTL0Y,1,0,,2023-04-17,,Missed,0,0,0,0,1,0,0.00036776220076717436,,2019-05-04,,0.138
2AGMTXAY,0,0,,,,Censored No Alarm,0,0,0,0,0,1,0.0005940942210145295,,2019-08-13,,0.138
2AGMUBMY,0,0,,,,Censored No Alarm,0,0,0,0,0,1,0.0010145327541977167,,2019-06-01,,0.138
2AGMUBRY,1,0,,2024-08-04,,Missed,0,0,0,0,1,0,0.003122119465842843,,2019-08-13,,0.138
2AGMV9UY,0,0,,,,Censored No Alarm,0,0,0,0,0,1,0.0005890613538213074,,2019-08-13,,0.138
2AGMVDDY,0,0,,,,Censored No Alarm,0,0,0,0,0,1,0.0011244873749092221,,2019-05-16,,0.138
2AGMWHVY,1,0,,2024-07-19,,Missed,0,0,0,0,1,0,0.06811057776212692,,2019-05-16,,0.138
2AGMZLMY,1,1,2023-04-06,2023-05-16,40.0,Early,0,1,0,1,0,0,0.19603165984153748,0.13877245783805847,2019-08-13,1332.0,0.138
2AGN038Y,0,0,,,,Censored No Alarm,0,0,0,0,0,1,0.0005009013693779707,,2019-08-13,,0.138
2AGN03MY,0,0,,,,Censored No Alarm,0,0,0,0,0,1,0.0009417994879186153,,2019-08-13,,0.138
2AGN05MY,0,0,,,,Censored No Alarm,0,0,0,0,0,1,0.0006640345091000199,,2019-08-13,,0.138
2AGN071Y,0,0,,,,Censored No Alarm,0,0,0,0,0,1,0.002741743577644229,,2019-08-13,,0.138
2AGN07AY,0,0,,,,Censored No Alarm,0,0,0,0,0,1,0.001503712497651577,,2019-08-14,,0.138
2AGN17RY,0,0,,,,Censored No Alarm,0,0,0,0,0,1,0.00035408325493335724,,2019-08-13,,0.138
2AGN1YNY,0,0,,,,Censored No Alarm,0,0,0,0,0,1,0.0015617997851222754,,2019-08-14,,0.138
2AGN29AY,0,0,,,,Censored No Alarm,0,0,0,0,0,1,0.0004744848411064595,,2019-08-14,,0.138
2AGN43EY,0,0,,,,Censored No Alarm,0,0,0,0,0,1,0.06929770112037659,,2019-08-13,,0.138
2AGN5A3Y,0,0,,,,Censored No Alarm,0,0,0,0,0,1,0.0004915398312732577,,2019-06-01,,0.138
2AGN7GZY,0,0,,,,Censored No Alarm,0,0,0,0,0,1,0.0003162134380545467,,2019-08-13,,0.138
2AGN7XVY,0,0,,,,Censored No Alarm,0,0,0,0,0,1,0.08879038691520691,,2019-08-14,,0.138
2AGN7XYY,0,0,,,,Censored No Alarm,0,0,0,0,0,1,0.012821503914892673,,2019-05-27,,0.138
2AGN853Y,0,0,,,,Censored No Alarm,0,0,0,0,0,1,0.0004808790108654648,,2019-08-14,,0.138
2AGN8H9Y,0,0,,,,Censored No Alarm,0,0,0,0,0,1,0.0004859690088778734,,2019-08-14,,0.138
2AGN8Y9Y,0,0,,,,Censored No Alarm,0,0,0,0,0,1,0.010850347578525543,,2019-08-13,,0.138
2AGN8ZGY,0,0,,,,Censored No Alarm,0,0,0,0,0,1,0.005975416861474514,,2019-06-01,,0.138
2AGN90RY,1,0,,2023-12-07,,Missed,0,0,0,0,1,0,0.06165972352027893,,2019-08-14,,0.138
2AGN9N4Y,1,1,2025-01-26,2025-03-06,39.0,Early,0,1,0,1,0,0,0.15174148976802826,0.14002153277397156,2019-08-13,1993.0,0.138
2AGNAK7Y,0,0,,,,Censored No Alarm,0,0,0,0,0,1,0.0006462500896304846,,2019-08-14,,0.138
2AGNAKGY,0,0,,,,Censored No Alarm,0,0,0,0,0,1,0.0009111068211495876,,2019-08-14,,0.138
2AGNAYKY,0,0,,,,Censored No Alarm,0,0,0,0,0,1,0.0006972189876250923,,2019-08-13,,0.138
2AGNBWPY,0,0,,,,Censored No Alarm,0,0,0,0,0,1,0.0009205635287798941,,2019-08-13,,0.138
2AGND0EY,0,0,,,,Censored No Alarm,0,0,0,0,0,1,0.0037718031089752913,,2019-08-13,,0.138
2AGNEAHY,0,0,,,,Censored No Alarm,0,0,0,0,0,1,0.0005722219939343631,,2019-08-13,,0.138
2AGNEK5Y,0,0,,,,Censored No Alarm,0,0,0,0,0,1,0.009955407120287418,,2019-08-14,,0.138
2AGNEN9Y,0,0,,,,Censored No Alarm,0,0,0,0,0,1,0.0015948032960295677,,2019-08-14,,0.138
2AGNEREY,0,0,,,,Censored No Alarm,0,0,0,0,0,1,0.00700144749134779,,2019-08-13,,0.138
2AGNGZPY,0,0,,,,Censored No Alarm,0,0,0,0,0,1,0.0008494324865750968,,2019-05-27,,0.138
2AGNJE2Y,0,0,,,,Censored No Alarm,0,0,0,0,0,1,0.0012081387685611844,,2019-06-01,,0.138
2AGNJG7Y,0,0,,,,Censored No Alarm,0,0,0,0,0,1,0.0005070040933787823,,2019-08-13,,0.138
2AGNJGHY,0,0,,,,Censored No Alarm,0,0,0,0,0,1,0.001111903227865696,,2019-08-13,,0.138
2AGNJRYY,0,0,,,,Censored No Alarm,0,0,0,0,0,1,0.0004475098685361445,,2019-06-01,,0.138
2AGNJTAY,0,0,,,,Censored No Alarm,0,0,0,0,0,1,0.0007518864586018026,,2019-08-14,,0.138
2AGNJTRY,0,0,,,,Censored No Alarm,0,0,0,0,0,1,0.0007234538206830621,,2019-08-14,,0.138
2AGNKB9Y,1,0,,2023-11-29,,Missed,0,0,0,0,1,0,0.0004693825903814286,,2019-08-13,,0.138
2AGNKGXY,0,0,,,,Censored No Alarm,0,0,0,0,0,1,0.0007188732852227986,,2019-08-14,,0.138
2AGNKNJY,0,0,,,,Censored No Alarm,0,0,0,0,0,1,0.0012763524428009987,,2019-08-14,,0.138
2AGNKSPY,0,0,,,,Censored No Alarm,0,0,0,0,0,1,0.0038648482877761126,,2019-08-14,,0.138
2AGNKV4Y,0,0,,,,Censored No Alarm,0,0,0,0,0,1,0.0008369432180188596,,2019-08-13,,0.138
2AGNL61Y,0,0,,,,Censored No Alarm,0,0,0,0,0,1,0.00047828565584495664,,2019-05-16,,0.138
2AGNNTHY,0,0,,,,Censored No Alarm,0,0,0,0,0,1,0.023671463131904602,,2019-05-16,,0.138
2AGNT47Y,0,0,,,,Censored No Alarm,0,0,0,0,0,1,0.00031382759334519506,,2019-05-16,,0.138
2AGP393Y,1,1,2019-08-11,2023-04-06,1334.0,Early,0,1,0,1,0,0,0.24082602560520172,0.14357271790504456,2019-06-01,71.0,0.138
2AGP43EY,1,0,,2024-09-01,,Missed,0,0,0,0,1,0,0.024962643161416054,,2019-05-16,,0.138
2AGP5EDY,0,0,,,,Censored No Alarm,0,0,0,0,0,1,0.0007928817067295313,,2019-05-16,,0.138
2AGP5GBY,0,0,,,,Censored No Alarm,0,0,0,0,0,1,0.0006066958303563297,,2019-05-16,,0.138
2AGP5J1Y,0,0,,,,Censored No Alarm,0,0,0,0,0,1,0.0006065921043045819,,2019-05-16,,0.138
2AGP6TYY,0,0,,,,Censored No Alarm,0,0,0,0,0,1,0.000407772691687569,,2019-05-16,,0.138
2AGP6UBY,0,0,,,,Censored No Alarm,0,0,0,0,0,1,0.0037981236819177866,,2019-05-16,,0.138
2AGP9W7Y,0,0,,,,Censored No Alarm,0,0,0,0,0,1,0.11731452494859695,,2019-05-16,,0.138
2AGPHHKY,0,0,,,,Censored No Alarm,0,0,0,0,0,1,0.0010970471194013953,,2019-06-01,,0.138
2AGPHHTY,0,0,,,,Censored No Alarm,0,0,0,0,0,1,0.0005323789664544165,,2019-06-01,,0.138
2AGPJAVY,0,0,,,,Censored No Alarm,0,0,0,0,0,1,0.0003161519707646221,,2019-05-27,,0.138
2AGPJBGY,0,0,,,,Censored No Alarm,0,0,0,0,0,1,0.000286224385490641,,2019-05-27,,0.138
2AGPJBNY,0,0,,,,Censored No Alarm,0,0,0,0,0,1,0.0003175060555804521,,2019-05-27,,0.138
2AGPJE5Y,0,0,,,,Censored No Alarm,0,0,0,0,0,1,0.0005065282457508147,,2019-05-16,,0.138
2AGPJGPY,1,0,,2021-02-22,,Missed,0,0,0,0,1,0,0.08481208980083466,,2019-05-16,,0.138
2AGPJH1Y,1,0,,2024-08-11,,Missed,0,0,0,0,1,0,0.03896100074052811,,2019-05-16,,0.138
2AGPJHAY,0,0,,,,Censored No Alarm,0,0,0,0,0,1,0.00042854470666497946,,2019-08-13,,0.138
2AGPJHXY,0,0,,,,Censored No Alarm,0,0,0,0,0,1,0.0002938644029200077,,2019-05-27,,0.138
2AGPJL8Y,0,0,,,,Censored No Alarm,0,0,0,0,0,1,0.0008599270950071514,,2019-05-27,,0.138
2AGPJLWY,0,0,,,,Censored No Alarm,0,0,0,0,0,1,0.00047901200014166534,,2019-08-13,,0.138
2AGPJMRY,0,0,,,,Censored No Alarm,0,0,0,0,0,1,0.0006802099524065852,,2019-08-13,,0.138
2AGPJP0Y,0,0,,,,Censored No Alarm,0,0,0,0,0,1,0.000277051905868575,,2019-05-27,,0.138
2AGPK9HY,0,0,,,,Censored No Alarm,0,0,0,0,0,1,0.0018409359036013484,,2019-08-14,,0.138
2AGPKA3Y,0,0,,,,Censored No Alarm,0,0,0,0,0,1,0.007181412074714899,,2019-08-14,,0.138
2AGPKALY,0,0,,,,Censored No Alarm,0,0,0,0,0,1,0.0008207443170249462,,2019-05-16,,0.138
2AGPKARY,0,0,,,,Censored No Alarm,0,0,0,0,0,1,0.0009022101876325905,,2019-05-16,,0.138
2AGPKB2Y,0,0,,,,Censored No Alarm,0,0,0,0,0,1,0.000339089980116114,,2019-05-27,,0.138
2AGPKTUY,0,0,,,,Censored No Alarm,0,0,0,0,0,1,0.0008542482974007726,,2019-05-16,,0.138
2AGPKVGY,0,0,,,,Censored No Alarm,0,0,0,0,0,1,0.00041209664777852595,,2019-05-16,,0.138
2AGPKWNY,1,0,,2023-10-29,,Missed,0,0,0,0,1,0,0.03500766679644585,,2019-05-16,,0.138
2AGPKX4Y,0,0,,,,Censored No Alarm,0,0,0,0,0,1,0.011951155960559845,,2019-05-16,,0.138
2AGPL2YY,0,0,,,,Censored No Alarm,0,0,0,0,0,1,0.0005236651049926877,,2019-05-16,,0.138
2AGPL4UY,0,0,,,,Censored No Alarm,0,0,0,0,0,1,0.0008514385554008186,,2019-05-16,,0.138
2AGPL4ZY,0,0,,,,Censored No Alarm,0,0,0,0,0,1,0.0007819370948709548,,2019-05-27,,0.138
2AGPLSSY,0,0,,,,Censored No Alarm,0,0,0,0,0,1,0.0005385992699302733,,2019-05-16,,0.138
2AGPMDVY,0,0,,,,Censored No Alarm,0,0,0,0,0,1,0.0003441288718022406,,2019-05-27,,0.138
2AGPMEPY,0,0,,,,Censored No Alarm,0,0,0,0,0,1,0.0004233412037137896,,2019-05-16,,0.138
2AGPMGGY,0,0,,,,Censored No Alarm,0,0,0,0,0,1,0.003976031672209501,,2019-05-16,,0.138
2AGPMM3Y,0,0,,,,Censored No Alarm,0,0,0,0,0,1,0.0004085646942257881,,2019-05-27,,0.138
2AGPMN9Y,0,0,,,,Censored No Alarm,0,0,0,0,0,1,0.00033932924270629883,,2019-05-27,,0.138
2AGPMRDY,0,0,,,,Censored No Alarm,0,0,0,0,0,1,0.0010917556937783957,,2019-05-27,,0.138
2AGPMY1Y,0,0,,,,Censored No Alarm,0,0,0,0,0,1,0.00035045595723204315,,2019-05-16,,0.138
2AGPN6PY,0,0,,,,Censored No Alarm,0,0,0,0,0,1,0.035051651298999786,,2019-05-16,,0.138
2AGPPJAY,0,0,,,,Censored No Alarm,0,0,0,0,0,1,0.000342945713782683,,2019-05-16,,0.138
2AGPPLLY,1,1,2023-10-25,2023-11-29,35.0,Early,0,1,0,1,0,0,0.20330047607421875,0.15713025629520416,2019-05-16,1623.0,0.138
2AGPR6YY,0,0,,,,Censored No Alarm,0,0,0,0,0,1,0.0003485236957203597,,2019-05-16,,0.138
2AGPR7RY,0,0,,,,Censored No Alarm,0,0,0,0,0,1,0.00046473214752040803,,2019-05-16,,0.138
2AGPR8EY,0,0,,,,Censored No Alarm,0,0,0,0,0,1,0.0003475592820905149,,2019-05-16,,0.138
2AGPRL8Y,0,0,,,,Censored No Alarm,0,0,0,0,0,1,0.0003376023087184876,,2019-05-27,,0.138
2AGPRMLY,1,0,,2026-03-26,,Missed,0,0,0,0,1,0,0.00436068419367075,,2019-08-13,,0.138
2AGPRMRY,1,0,,2024-08-12,,Missed,0,0,0,0,1,0,0.00020300032338127494,,2019-05-04,,0.138
2AGPRRJY,0,0,,,,Censored No Alarm,0,0,0,0,0,1,0.07395253330469131,,2019-05-04,,0.138
2AGPS2ZY,0,0,,,,Censored No Alarm,0,0,0,0,0,1,0.000539268075954169,,2019-05-16,,0.138
2AGPSEDY,0,0,,,,Censored No Alarm,0,0,0,0,0,1,0.00039156258571892977,,2019-05-27,,0.138
2AGPSG5Y,0,0,,,,Censored No Alarm,0,0,0,0,0,1,0.0007529918220825493,,2019-05-27,,0.138
2AGPSGKY,0,0,,,,Censored No Alarm,0,0,0,0,0,1,0.0003908473008777946,,2019-08-14,,0.138
2AGPSJKY,0,0,,,,Censored No Alarm,0,0,0,0,0,1,0.0007323292084038258,,2019-08-14,,0.138
2AGPSRUY,0,0,,,,Censored No Alarm,0,0,0,0,0,1,0.00029587981407530606,,2019-05-16,,0.138
2AGPT2PY,0,0,,,,Censored No Alarm,0,0,0,0,0,1,0.0014830168802291155,,2019-08-14,,0.138
2AGPT48Y,0,0,,,,Censored No Alarm,0,0,0,0,0,1,0.0006055531557649374,,2019-06-01,,0.138
2AGPT7PY,0,0,,,,Censored No Alarm,0,0,0,0,0,1,0.0033742510713636875,,2019-08-13,,0.138
2AGPTL4Y,0,0,,,,Censored No Alarm,0,0,0,0,0,1,0.001015458139590919,,2019-05-27,,0.138
2AGPTVLY,0,0,,,,Censored No Alarm,0,0,0,0,0,1,0.0007854058058001101,,2019-06-01,,0.138
5PG0TA6F,0,0,,,,Censored No Alarm,0,0,0,0,0,1,0.000460839772131294,,2020-07-14,,0.138
5PG0TAKF,0,0,,,,Censored No Alarm,0,0,0,0,0,1,0.0008583696326240897,,2020-05-10,,0.138
5PJEJUHE,0,0,,,,Censored No Alarm,0,0,0,0,0,1,0.0020081517286598682,,2021-12-28,,0.138
5PJJHD9C,0,0,,,,Censored No Alarm,0,0,0,0,0,1,0.0004480513744056225,,2022-07-18,,0.138
5PJJLZTF,0,0,,,,Censored No Alarm,0,0,0,0,0,1,0.00174234330188483,,2021-12-03,,0.138
5PJKZP4D,0,0,,,,Censored No Alarm,0,0,0,0,0,1,0.002522167982533574,,2022-08-04,,0.138
5PJVPJGF,0,0,,,,Censored No Alarm,0,0,0,0,0,1,0.000991907436400652,,2021-05-16,,0.138
5PK10N4B,0,0,,,,Censored No Alarm,0,0,0,0,0,1,0.0033668188843876123,,2024-12-22,,0.138
5PK5ZB1B,0,0,,,,Censored No Alarm,0,0,0,0,0,1,0.0032249772921204567,,2024-04-29,,0.138
5PKEBJVB,0,0,,,,Censored No Alarm,0,0,0,0,0,1,0.003665498225018382,,2023-11-27,,0.138
5PKVXW6B,0,0,,,,Censored No Alarm,0,0,0,0,0,1,0.0037418229039758444,,2024-06-01,,0.138
5QG63PMB,0,0,,,,Censored No Alarm,0,0,0,0,0,1,0.004156928509473801,,2024-05-28,,0.138
5QGBH0MB,0,0,,,,Censored No Alarm,0,0,0,0,0,1,0.003812546608969569,,2023-12-09,,0.138
5QGG5KLB,0,0,,,,Censored No Alarm,0,0,0,0,0,1,0.0012963857734575868,,2023-04-05,,0.138
5QGG5UPB,0,0,,,,Censored No Alarm,0,0,0,0,0,1,0.006292698439210653,,2022-12-06,,0.138
5QGGAELB,1,1,2025-01-03,2025-06-04,152.0,Early,0,1,0,1,0,0,0.4627924859523773,0.15489992499351501,2023-03-28,647.0,0.138
5QGGHWVB,0,0,,,,Censored No Alarm,0,0,0,0,0,1,0.00439039571210742,,2023-12-16,,0.138
5QH0Z60B,1,1,2024-01-14,2024-05-14,121.0,Early,0,1,0,1,0,0,0.47742438316345215,0.15549325942993164,2023-10-22,84.0,0.138
5QHDKVHB,0,0,,,,Censored No Alarm,0,0,0,0,0,1,0.003792102448642254,,2023-11-17,,0.138
5QHKE66B,0,0,,,,Censored No Alarm,0,0,0,0,0,1,0.004032880067825317,,2024-04-18,,0.138
5QHYP4MB,0,0,,,,Censored No Alarm,0,0,0,0,0,1,0.0035901807714253664,,2024-05-15,,0.138
5QJBW5VB,1,1,2024-04-18,2024-05-25,37.0,Early,0,1,0,1,0,0,0.47899937629699707,0.14087770879268646,2024-02-07,71.0,0.138
5QJS57NB,0,0,,,,Censored No Alarm,0,0,0,0,0,1,0.0039000986143946648,,2024-01-23,,0.138
5QKBEVWB,0,0,,,,Censored No Alarm,0,0,0,0,0,1,0.004087159410119057,,2023-12-14,,0.138
5QKDK07B,0,0,,,,Censored No Alarm,0,0,0,0,0,1,0.003587842918932438,,2024-12-20,,0.138
5QKHBVPB,0,0,,,,Censored No Alarm,0,0,0,0,0,1,0.0041383481584489346,,2024-05-30,,0.138
5QKKSM3B,0,0,,,,Censored No Alarm,0,0,0,0,0,1,0.0016919849440455437,,2024-04-06,,0.138
5QKV55TB,0,0,,,,Censored No Alarm,0,0,0,0,0,1,0.003676276421174407,,2024-02-29,,0.138
5QKV6W0B,0,0,,,,Censored No Alarm,0,0,0,0,0,1,0.003590178908780217,,2023-08-14,,0.138
5QKV74SB,0,0,,,,Censored No Alarm,0,0,0,0,0,1,0.0036449995823204517,,2024-01-09,,0.138
5QKV778B,0,0,,,,Censored No Alarm,0,0,0,0,0,1,0.003236161544919014,,2024-06-07,,0.138
5QKV7UHB,0,0,,,,Censored No Alarm,0,0,0,0,0,1,0.0040900371968746185,,2024-03-04,,0.138
5QKV85UB,0,0,,,,Censored No Alarm,0,0,0,0,0,1,0.004083502106368542,,2023-12-02,,0.138
5QKVAN8B,0,0,,,,Censored No Alarm,0,0,0,0,0,1,0.00374829163774848,,2023-12-24,,0.138
5QKVARLB,0,0,,,,Censored No Alarm,0,0,0,0,0,1,0.003301709657534957,,2023-11-03,,0.138
5QKVATKB,0,0,,,,Censored No Alarm,0,0,0,0,0,1,0.0035719326697289944,,2024-01-09,,0.138
5QKVD71B,0,0,,,,Censored No Alarm,0,0,0,0,0,1,0.0028748835902661085,,2024-05-10,,0.138
5QKVDDVB,0,0,,,,Censored No Alarm,0,0,0,0,0,1,0.0040999604389071465,,2024-06-19,,0.138
5QKVETTB,0,0,,,,Censored No Alarm,0,0,0,0,0,1,0.0021794475615024567,,2024-06-27,,0.138
5QKVEUZB,0,0,,,,Censored No Alarm,0,0,0,0,0,1,0.0039016937371343374,,2024-04-22,,0.138
5QKVEXJB,0,0,,,,Censored No Alarm,0,0,0,0,0,1,0.003685695119202137,,2023-11-30,,0.138
5QKVGLWB,0,0,,,,Censored No Alarm,0,0,0,0,0,1,0.004144757054746151,,2024-05-08,,0.138
5QKVHPLB,0,0,,,,Censored No Alarm,0,0,0,0,0,1,0.004494115244597197,,2024-05-07,,0.138
5QKVHRMB,0,0,,,,Censored No Alarm,0,0,0,0,0,1,0.0032648148480802774,,2024-06-23,,0.138
5QKVVTHB,0,0,,,,Censored No Alarm,0,0,0,0,0,1,0.0035963936243206263,,2024-04-15,,0.138
8CGNK9GE,0,0,,,,Censored No Alarm,0,0,0,0,0,1,0.048200320452451706,,2019-05-04,,0.138
8CGR1V5E,0,0,,,,Censored No Alarm,0,0,0,0,0,1,0.0007567248539999127,,2019-06-01,,0.138
8CGSN9XE,0,0,,,,Censored No Alarm,0,0,0,0,0,1,0.00036185039789415896,,2019-05-16,,0.138
8CGSTSRE,0,0,,,,Censored No Alarm,0,0,0,0,0,1,0.00035746238427236676,,2019-05-04,,0.138
8CGT5S2E,1,0,,2024-11-05,,Missed,0,0,0,0,1,0,0.07383213937282562,,2019-06-01,,0.138
8CGTW4VE,0,0,,,,Censored No Alarm,0,0,0,0,0,1,0.0007768720388412476,,2019-06-01,,0.138
8CGTZ9HE,1,1,2023-04-22,2023-07-12,81.0,Early,0,1,0,1,0,0,0.48239660263061523,0.2118665724992752,2019-05-16,1437.0,0.138
8CGU9LLE,0,0,,,,Censored No Alarm,0,0,0,0,0,1,0.0002532319340389222,,2019-05-16,,0.138
8CGV369E,0,0,,,,Censored No Alarm,0,0,0,0,0,1,0.0004155541828367859,,2019-05-16,,0.138
8CGVR04E,0,0,,,,Censored No Alarm,0,0,0,0,0,1,0.06896919012069702,,2019-05-16,,0.138
8CGVTH0E,0,0,,,,Censored No Alarm,0,0,0,0,0,1,0.003985950257629156,,2019-05-04,,0.138
8CGW3HPE,0,0,,,,Censored No Alarm,0,0,0,0,0,1,0.0003999513282906264,,2019-05-04,,0.138
8CGW6ULE,0,0,,,,Censored No Alarm,0,0,0,0,0,1,0.00022664626885671169,,2019-05-04,,0.138
8CGWPGEE,0,0,,,,Censored No Alarm,0,0,0,0,0,1,0.00042271616985090077,,2019-05-16,,0.138
8CGXKYVE,0,0,,,,Censored No Alarm,0,0,0,0,0,1,0.0002660648024175316,,2019-05-04,,0.138
8CGXNNUE,1,1,2022-05-02,2022-05-10,8.0,On time,1,0,0,0,0,0,0.30447837710380554,0.20705071091651917,2019-06-01,1066.0,0.138
8CGY4KUE,0,0,,,,Censored No Alarm,0,0,0,0,0,1,0.0008941362029872835,,2019-05-16,,0.138
8CGYJ5TE,0,0,,,,Censored No Alarm,0,0,0,0,0,1,0.0009400289854966104,,2019-06-01,,0.138
8CGYVS8E,0,0,,,,Censored No Alarm,0,0,0,0,0,1,0.00046398560516536236,,2019-06-01,,0.138
8CGYW96E,0,0,,,,Censored No Alarm,0,0,0,0,0,1,0.0183000136166811,,2019-06-01,,0.138
8CGYXB6E,0,0,,,,Censored No Alarm,0,0,0,0,0,1,0.0034212141763418913,,2019-08-13,,0.138
8CGZ8K3E,0,0,,,,Censored No Alarm,0,0,0,0,0,1,0.00029835556051693857,,2019-05-04,,0.138
8CGZ8S1E,0,0,,,,Censored No Alarm,0,0,0,0,0,1,0.00037365686148405075,,2019-05-04,,0.138
8CGZ8SDE,0,0,,,,Censored No Alarm,0,0,0,0,0,1,0.046156831085681915,,2019-05-04,,0.138
8CGZB98E,0,0,,,,Censored No Alarm,0,0,0,0,0,1,0.00028798606945201755,,2019-08-14,,0.138
8CGZB9VE,0,0,,,,Censored No Alarm,0,0,0,0,0,1,0.00042877538362517953,,2019-06-01,,0.138
8CGZKBME,0,0,,,,Censored No Alarm,0,0,0,0,0,1,0.04331589862704277,,2019-05-04,,0.138
8CGZKDHE,0,0,,,,Censored No Alarm,0,0,0,0,0,1,0.0004138410440646112,,2019-05-04,,0.138
8CGZMEAE,0,0,,,,Censored No Alarm,0,0,0,0,0,1,0.0003121622430626303,,2019-05-04,,0.138
8CH02WUE,0,0,,,,Censored No Alarm,0,0,0,0,0,1,0.00033550651278346777,,2019-08-14,,0.138
8CH05AGE,0,0,,,,Censored No Alarm,0,0,0,0,0,1,0.00025210497551597655,,2019-05-04,,0.138
8CH06AGE,0,0,,,,Censored No Alarm,0,0,0,0,0,1,0.0003628621925599873,,2019-05-16,,0.138
8CH06B5E,0,0,,,,Censored No Alarm,0,0,0,0,0,1,0.00023296407016459852,,2019-05-04,,0.138
8CH06E7E,0,0,,,,Censored No Alarm,0,0,0,0,0,1,0.0003569909022189677,,2019-05-04,,0.138
8CH06EDE,0,0,,,,Censored No Alarm,0,0,0,0,0,1,0.0006762488046661019,,2019-06-01,,0.138
8CH0869E,0,0,,,,Censored No Alarm,0,0,0,0,0,1,0.0003373843210283667,,2019-05-04,,0.138
8CH08RNE,0,0,,,,Censored No Alarm,0,0,0,0,0,1,0.0007829439709894359,,2019-08-14,,0.138
8CH09GGE,0,0,,,,Censored No Alarm,0,0,0,0,0,1,0.0008137879776768386,,2019-06-01,,0.138
8CH0BYPE,0,0,,,,Censored No Alarm,0,0,0,0,0,1,0.0003591083805076778,,2019-08-13,,0.138
8CH0BYTE,0,0,,,,Censored No Alarm,0,0,0,0,0,1,0.0005781879299320281,,2019-06-01,,0.138
8CH0DM8E,0,0,,,,Censored No Alarm,0,0,0,0,0,1,0.00040669500594958663,,2019-08-14,,0.138
8CH0GNLE,0,0,,,,Censored No Alarm,0,0,0,0,0,1,0.0005523941363207996,,2019-05-04,,0.138
8CH0GNNE,0,0,,,,Censored No Alarm,0,0,0,0,0,1,0.011486407369375229,,2019-05-04,,0.138
8CH0GNSE,0,0,,,,Censored No Alarm,0,0,0,0,0,1,0.0007803607149980962,,2019-05-16,,0.138
8CH0HRKE,0,0,,,,Censored No Alarm,0,0,0,0,0,1,0.0006758100353181362,,2019-06-01,,0.138
8CH0HTRE,0,0,,,,Censored No Alarm,0,0,0,0,0,1,0.001039228867739439,,2019-06-01,,0.138
8CH0L5PE,0,0,,,,Censored No Alarm,0,0,0,0,0,1,0.00044887769035995007,,2019-06-01,,0.138
8CH0R06E,0,0,,,,Censored No Alarm,0,0,0,0,0,1,0.00041029549902305007,,2019-05-04,,0.138
8CH0R3YE,0,0,,,,Censored No Alarm,0,0,0,0,0,1,0.06310619413852692,,2019-08-13,,0.138
8CH0TLTE,0,0,,,,Censored No Alarm,0,0,0,0,0,1,0.0004551200254354626,,2019-08-13,,0.138
8CH0TLUE,0,0,,,,Censored No Alarm,0,0,0,0,0,1,0.0003263984399382025,,2019-06-01,,0.138
8CH0TN2E,0,0,,,,Censored No Alarm,0,0,0,0,0,1,0.0007188088493421674,,2019-06-01,,0.138
8CH0TN3E,0,0,,,,Censored No Alarm,0,0,0,0,0,1,0.0005532356444746256,,2019-08-13,,0.138
8CH0TVRE,0,0,,,,Censored No Alarm,0,0,0,0,0,1,0.0008712838753126562,,2019-08-14,,0.138
8CH0V7TE,0,0,,,,Censored No Alarm,0,0,0,0,0,1,0.02284306287765503,,2019-06-01,,0.138
8CH0VH1E,0,0,,,,Censored No Alarm,0,0,0,0,0,1,0.0004209674661979079,,2019-05-16,,0.138
8CH0VW0E,0,0,,,,Censored No Alarm,0,0,0,0,0,1,0.00034730290644802153,,2019-06-01,,0.138
8CH11KPE,0,0,,,,Censored No Alarm,0,0,0,0,0,1,0.0003121047921013087,,2019-05-04,,0.138
8CH13D7E,0,0,,,,Censored No Alarm,0,0,0,0,0,1,0.00035570794716477394,,2019-06-01,,0.138
8CH13DAE,0,0,,,,Censored No Alarm,0,0,0,0,0,1,0.0007206292357295752,,2019-06-01,,0.138
8CH15D3E,0,0,,,,Censored No Alarm,0,0,0,0,0,1,0.025539472699165344,,2019-05-16,,0.138
8CH15YME,0,0,,,,Censored No Alarm,0,0,0,0,0,1,0.00032769457902759314,,2019-06-01,,0.138
8CH160KE,0,0,,,,Censored No Alarm,0,0,0,0,0,1,0.0005819735233671963,,2019-08-14,,0.138
8CH16PBE,0,0,,,,Censored No Alarm,0,0,0,0,0,1,0.01235688105225563,,2019-06-01,,0.138
8CH16ZDE,0,0,,,,Censored No Alarm,0,0,0,0,0,1,0.0007251804927363992,,2019-06-01,,0.138
8CH16ZUE,0,0,,,,Censored No Alarm,0,0,0,0,0,1,0.000872736272867769,,2019-06-01,,0.138
8CH17M9E,0,0,,,,Censored No Alarm,0,0,0,0,0,1,0.0003106608637608588,,2019-06-01,,0.138
8CH17MHE,0,0,,,,Censored No Alarm,0,0,0,0,0,1,0.00033722948865033686,,2019-08-13,,0.138
8CH190UE,1,1,2020-11-29,2022-03-26,482.0,Early,0,1,0,1,0,0,0.45391833782196045,0.1381850242614746,2019-08-13,474.0,0.138
8CH1APUE,1,0,,2025-09-18,,Missed,0,0,0,0,1,0,0.09951908886432648,,2019-06-01,,0.138
8CH1AR5E,0,0,,,,Censored No Alarm,0,0,0,0,0,1,0.00028599007055163383,,2019-05-04,,0.138
8CH1ARHE,1,0,,2023-09-28,,Missed,0,0,0,0,1,0,0.01367427222430706,,2019-06-01,,0.138
8CH1WBME,1,0,,2024-05-05,,Missed,0,0,0,0,1,0,0.014315078966319561,,2019-05-04,,0.138
8CH1XHUE,0,0,,,,Censored No Alarm,0,0,0,0,0,1,0.0005776211619377136,,2019-05-04,,0.138
8CH4AT4E,0,0,,,,Censored No Alarm,0,0,0,0,0,1,0.00033755498589016497,,2019-05-27,,0.138
8CH4X3TE,1,0,,2022-10-12,,Missed,0,0,0,0,1,0,0.003324768738821149,,2019-05-16,,0.138
8CH4YM4E,1,0,,2023-03-03,,Missed,0,0,0,0,1,0,0.006179080344736576,,2019-05-16,,0.138
8CH4YM6E,1,1,2024-12-06,2025-03-13,97.0,Early,0,1,0,1,0,0,0.18907777965068817,0.15232311189174652,2019-05-16,2031.0,0.138
8CH4YN8E,1,0,,2024-04-09,,Missed,0,0,0,0,1,0,0.09156660735607147,,2019-05-16,,0.138
8CH4Z6UE,0,0,,,,Censored No Alarm,0,0,0,0,0,1,0.0004926390247419477,,2019-05-16,,0.138
8CH5214E,1,1,2023-10-29,2024-02-15,109.0,Early,0,1,0,1,0,0,0.3092386722564697,0.13908955454826355,2019-05-16,1627.0,0.138
8CH52U5E,0,0,,,,Censored No Alarm,0,0,0,0,0,1,0.00034639390651136637,,2019-05-16,,0.138
8CH5B9LE,0,0,,,,Censored No Alarm,0,0,0,0,0,1,0.0007266654865816236,,2019-05-16,,0.138
8CH5E8EE,1,0,,2023-04-04,,Missed,0,0,0,0,1,0,0.054703518748283386,,2019-05-16,,0.138
8CH5HRYE,1,1,2024-04-20,2024-12-24,248.0,Early,0,1,0,1,0,0,0.19409239292144775,0.15174753963947296,2019-05-16,1801.0,0.138
8CHRG6JE,0,0,,,,Censored No Alarm,0,0,0,0,0,1,0.0005673438427038491,,2019-11-25,,0.138
8CHU2WSE,0,0,,,,Censored No Alarm,0,0,0,0,0,1,0.001789871254004538,,2020-06-18,,0.138
8CHU7R9E,1,0,,2024-11-09,,Missed,0,0,0,0,1,0,0.014734718948602676,,2021-05-05,,0.138
8CHUHHXE,0,0,,,,Censored No Alarm,0,0,0,0,0,1,0.024059507995843887,,2020-06-26,,0.138
8CJMA59E,0,0,,,,Censored No Alarm,0,0,0,0,0,1,0.003236161544919014,,2024-04-02,,0.138
8DG1BB5Y,0,0,,,,Censored No Alarm,0,0,0,0,0,1,0.0038092611357569695,,2024-12-20,,0.138
8DG3MU5D,0,0,,,,Censored No Alarm,0,0,0,0,0,1,0.001944141578860581,,2018-07-12,,0.138
8DG4SAUD,0,0,,,,Censored No Alarm,0,0,0,0,0,1,0.0013598124496638775,,2018-07-12,,0.138
8DG4SAZD,0,0,,,,Censored No Alarm,0,0,0,0,0,1,0.000804809620603919,,2018-07-12,,0.138
8DG52U7D,0,0,,,,Censored No Alarm,0,0,0,0,0,1,0.0021916315890848637,,2018-07-12,,0.138
8DG52W9D,0,0,,,,Censored No Alarm,0,0,0,0,0,1,0.0008974967058748007,,2018-07-12,,0.138
8DG52WND,0,0,,,,Censored No Alarm,0,0,0,0,0,1,0.0013161295792087913,,2018-07-12,,0.138
8DG6S3UD,1,1,2024-05-25,2024-06-11,17.0,On time,1,0,0,0,0,0,0.16227014362812042,0.14041997492313385,2018-07-12,2144.0,0.138
8DG88GTY,0,0,,,,Censored No Alarm,0,0,0,0,0,1,0.0034723333083093166,,2025-01-01,,0.138
8DG93TXY,0,0,,,,Censored No Alarm,0,0,0,0,0,1,0.0038798130117356777,,2024-04-01,,0.138
8DJE2HWH,0,0,,,,Censored No Alarm,0,0,0,0,0,1,0.0002495649387128651,,2019-01-05,,0.138
8DJEPPSH,0,0,,,,Censored No Alarm,0,0,0,0,0,1,0.00025220285169780254,,2019-01-05,,0.138
8DJEPTWH,0,0,,,,Censored No Alarm,0,0,0,0,0,1,0.00020270362438168377,,2019-01-05,,0.138
8DJEUXLH,0,0,,,,Censored No Alarm,0,0,0,0,0,1,0.03102528303861618,,2019-01-05,,0.138
8DK5NDLH,0,0,,,,Censored No Alarm,0,0,0,0,0,1,0.0006830188794992864,,2020-01-03,,0.138
8DKHU24H,0,0,,,,Censored No Alarm,0,0,0,0,0,1,0.0009161766502074897,,2019-12-29,,0.138
8DKUD8AH,0,0,,,,Censored No Alarm,0,0,0,0,0,1,0.0003084674244746566,,2019-01-05,,0.138
8DKV390H,0,0,,,,Censored No Alarm,0,0,0,0,0,1,0.0005969515186734498,,2019-03-01,,0.138
8HG28M3H,0,0,,,,Censored No Alarm,0,0,0,0,0,1,0.0003263666876591742,,2019-03-01,,0.138
8HG7LGUH,1,1,2025-04-28,2025-06-01,34.0,Early,0,1,0,1,0,0,0.17528268694877625,0.13809916377067566,2019-06-01,2158.0,0.138
8HGBYHPH,0,0,,,,Censored No Alarm,0,0,0,0,0,1,0.0008853977196849883,,2021-10-03,,0.138
8HGNAB0H,0,0,,,,Censored No Alarm,0,0,0,0,0,1,0.0005042340490035713,,2019-03-28,,0.138
8HGZPYVH,0,1,2022-12-25,,,Censored Early,0,0,1,1,0,0,0.3483737111091614,0.1386539787054062,2019-01-05,1450.0,0.138
8HH12ZPH,0,0,,,,Censored No Alarm,0,0,0,0,0,1,0.0005242993938736618,,2018-11-14,,0.138
8HH5JYSH,0,0,,,,Censored No Alarm,0,0,0,0,0,1,0.001319039729423821,,2018-11-14,,0.138
8HH8BNRH,0,0,,,,Censored No Alarm,0,0,0,0,0,1,0.0005320137133821845,,2019-03-28,,0.138
8HH8P7RH,0,0,,,,Censored No Alarm,0,0,0,0,0,1,0.0006867559277452528,,2019-03-02,,0.138
8HH901KH,0,0,,,,Censored No Alarm,0,0,0,0,0,1,0.00043468846706673503,,2019-03-28,,0.138
8HH9ZRUH,0,0,,,,Censored No Alarm,0,0,0,0,0,1,0.00043943471973761916,,2019-03-01,,0.138
8HHARE1H,1,1,2023-03-16,2023-03-24,8.0,On time,1,0,0,0,0,0,0.36615443229675293,0.18063455820083618,2019-08-13,1311.0,0.138
8HHARGBH,0,0,,,,Censored No Alarm,0,0,0,0,0,1,0.000564400281291455,,2019-03-02,,0.138
8HHATBKH,0,0,,,,Censored No Alarm,0,0,0,0,0,1,0.00043914077105000615,,2019-03-01,,0.138
8HHJXENH,0,0,,,,Censored No Alarm,0,0,0,0,0,1,0.0005535603268072009,,2019-01-05,,0.138
8HHNHSUH,1,0,,2024-12-06,,Missed,0,0,0,0,1,0,0.06363111734390259,,2019-05-04,,0.138
8HHPUREH,1,1,2023-08-08,2024-05-16,282.0,Early,0,1,0,1,0,0,0.2377554029226303,0.15131068229675293,2018-11-14,1728.0,0.138
8HHT1P2H,0,0,,,,Censored No Alarm,0,0,0,0,0,1,0.01389083918184042,,2018-11-14,,0.138
8HHTWXYH,0,0,,,,Censored No Alarm,0,0,0,0,0,1,0.00048474210780113935,,2018-11-14,,0.138
8HHZ6MGH,0,0,,,,Censored No Alarm,0,0,0,0,0,1,0.0007972752209752798,,2018-11-14,,0.138
8HJ1NNDH,0,0,,,,Censored No Alarm,0,0,0,0,0,1,0.002171458676457405,,2018-11-14,,0.138
8HJ6SJAH,0,0,,,,Censored No Alarm,0,0,0,0,0,1,0.0038388713728636503,,2018-11-14,,0.138
8HJ6SJTH,0,0,,,,Censored No Alarm,0,0,0,0,0,1,0.008235926739871502,,2018-11-14,,0.138
8HJ74BPH,0,0,,,,Censored No Alarm,0,0,0,0,0,1,0.0009506484493613243,,2018-11-14,,0.138
8HJ7UJHH,0,0,,,,Censored No Alarm,0,0,0,0,0,1,0.00054022396216169,,2018-11-14,,0.138
8HJ7Y9BH,0,0,,,,Censored No Alarm,0,0,0,0,0,1,0.005383306182920933,,2018-11-14,,0.138
8HJ7Z0DH,0,0,,,,Censored No Alarm,0,0,0,0,0,1,0.00034826077171601355,,2019-05-04,,0.138
8HJ7Z10H,0,0,,,,Censored No Alarm,0,0,0,0,0,1,0.0010802580509334803,,2018-11-14,,0.138
8HJ7Z1MH,0,0,,,,Censored No Alarm,0,0,0,0,0,1,0.006946939043700695,,2018-11-14,,0.138
8HJ86APH,0,0,,,,Censored No Alarm,0,0,0,0,0,1,0.034805070608854294,,2018-11-14,,0.138
8HJ86NXH,0,0,,,,Censored No Alarm,0,0,0,0,0,1,0.00028571425355039537,,2019-05-04,,0.138
8HJ8LEXH,0,0,,,,Censored No Alarm,0,0,0,0,0,1,0.0557560995221138,,2019-05-04,,0.138
8HJ8LKMH,1,0,,2026-03-14,,Missed,0,0,0,0,1,0,0.12072329968214035,,2018-11-14,,0.138
8HJ91WDH,0,0,,,,Censored No Alarm,0,0,0,0,0,1,0.000282292312476784,,2019-05-04,,0.138
8HJ94EVH,0,0,,,,Censored No Alarm,0,0,0,0,0,1,0.0025481574703007936,,2018-11-14,,0.138
8HJ9JWTH,0,0,,,,Censored No Alarm,0,0,0,0,0,1,0.004442058969289064,,2018-11-14,,0.138
8HJ9K7HH,1,0,,2025-01-28,,Missed,0,0,0,0,1,0,0.09463637322187424,,2018-11-14,,0.138
8HJ9KKGH,0,0,,,,Censored No Alarm,0,0,0,0,0,1,0.000288069830276072,,2019-05-04,,0.138
8HJ9KN1H,0,0,,,,Censored No Alarm,0,0,0,0,0,1,0.0005471587064675987,,2018-11-14,,0.138
8HJ9LS1H,0,0,,,,Censored No Alarm,0,0,0,0,0,1,0.00051561847794801,,2018-11-14,,0.138
8HJ9M5NH,0,0,,,,Censored No Alarm,0,0,0,0,0,1,0.0005418236250989139,,2018-11-14,,0.138
8HJ9M94H,0,0,,,,Censored No Alarm,0,0,0,0,0,1,0.0009107048972509801,,2018-11-14,,0.138
8HJ9MZBH,0,0,,,,Censored No Alarm,0,0,0,0,0,1,0.0002957771357614547,,2019-05-04,,0.138
8HJ9NHPH,0,0,,,,Censored No Alarm,0,0,0,0,0,1,0.00046110557741485536,,2018-11-14,,0.138
8HJ9NKKH,0,0,,,,Censored No Alarm,0,0,0,0,0,1,0.0018041192088276148,,2018-11-14,,0.138
8HJ9RYSH,0,0,,,,Censored No Alarm,0,0,0,0,0,1,0.0018002840224653482,,2018-11-14,,0.138
8HJ9S05H,0,0,,,,Censored No Alarm,0,0,0,0,0,1,0.000674351816996932,,2018-11-14,,0.138
8HJ9S0EH,0,0,,,,Censored No Alarm,0,0,0,0,0,1,0.0011008280562236905,,2018-11-14,,0.138
8HJ9Y3ZH,0,0,,,,Censored No Alarm,0,0,0,0,0,1,0.0003557516902219504,,2019-05-04,,0.138
8HJA085H,0,0,,,,Censored No Alarm,0,0,0,0,0,1,0.0021484564058482647,,2018-11-14,,0.138
8HJA2DPH,0,0,,,,Censored No Alarm,0,0,0,0,0,1,0.0009970046812668443,,2018-11-14,,0.138
8HJA8DBH,0,0,,,,Censored No Alarm,0,0,0,0,0,1,0.0006446427432820201,,2018-11-14,,0.138
8HJBNYTH,0,0,,,,Censored No Alarm,0,0,0,0,0,1,0.07750923186540604,,2019-01-05,,0.138
8HJDK12H,0,0,,,,Censored No Alarm,0,0,0,0,0,1,0.0009320870158262551,,2018-11-14,,0.138
8HJDX4PH,0,0,,,,Censored No Alarm,0,0,0,0,0,1,0.0006178728071972728,,2018-11-14,,0.138
8HJEY89H,0,0,,,,Censored No Alarm,0,0,0,0,0,1,0.0002494945365469903,,2019-03-01,,0.138
8HJG85RH,0,0,,,,Censored No Alarm,0,0,0,0,0,1,0.000570742879062891,,2019-03-01,,0.138
8HJGZPXH,0,0,,,,Censored No Alarm,0,0,0,0,0,1,0.0005865095881745219,,2018-11-14,,0.138
8HJH62EH,0,0,,,,Censored No Alarm,0,0,0,0,0,1,0.0014154769014567137,,2018-11-14,,0.138
8HJH8RWH,0,0,,,,Censored No Alarm,0,0,0,0,0,1,0.0017895442433655262,,2019-03-01,,0.138
8HJK2HSH,0,0,,,,Censored No Alarm,0,0,0,0,0,1,0.009575534611940384,,2018-11-14,,0.138
8HJLKZRH,0,0,,,,Censored No Alarm,0,0,0,0,0,1,0.0010001660557463765,,2018-11-14,,0.138
8HJRD7PH,0,0,,,,Censored No Alarm,0,0,0,0,0,1,0.00044750241795554757,,2019-03-01,,0.138
8HJRUMWH,0,0,,,,Censored No Alarm,0,0,0,0,0,1,0.0012661681976169348,,2018-11-14,,0.138
8HJRVW4H,0,0,,,,Censored No Alarm,0,0,0,0,0,1,0.003694046288728714,,2018-11-14,,0.138
8HJUGTVH,0,0,,,,Censored No Alarm,0,0,0,0,0,1,0.02369203045964241,,2018-11-14,,0.138
8HJVJKPH,0,0,,,,Censored No Alarm,0,0,0,0,0,1,0.0036046048626303673,,2018-11-14,,0.138
8HJVUAGH,0,0,,,,Censored No Alarm,0,0,0,0,0,1,0.002880872692912817,,2018-11-14,,0.138
8HJWBJXH,0,0,,,,Censored No Alarm,0,0,0,0,0,1,0.001362020499072969,,2018-11-14,,0.138
8HJWHD6H,0,0,,,,Censored No Alarm,0,0,0,0,0,1,0.0025332081131637096,,2018-11-14,,0.138
8HJWHEJH,0,0,,,,Censored No Alarm,0,0,0,0,0,1,0.00041306146886199713,,2019-03-28,,0.138
8HJXG0WH,1,0,,2022-05-01,,Missed,0,0,0,0,1,0,0.002720172982662916,,2018-11-14,,0.138
8HJXKBDH,0,0,,,,Censored No Alarm,0,0,0,0,0,1,0.00027726966072805226,,2019-03-01,,0.138
8HJXU87H,0,0,,,,Censored No Alarm,0,0,0,0,0,1,0.07747959345579147,,2018-11-14,,0.138
8HJY20MH,0,0,,,,Censored No Alarm,0,0,0,0,0,1,0.0015922208549454808,,2018-11-14,,0.138
8HJYTXWH,0,0,,,,Censored No Alarm,0,0,0,0,0,1,0.001731616212055087,,2018-11-14,,0.138
8HJYU0JH,0,0,,,,Censored No Alarm,0,0,0,0,0,1,0.0004241656279191375,,2018-11-14,,0.138
8HJYZNZH,0,0,,,,Censored No Alarm,0,0,0,0,0,1,0.001427761628292501,,2018-11-14,,0.138
8HJZ13TH,0,0,,,,Censored No Alarm,0,0,0,0,0,1,0.000554329832084477,,2018-11-14,,0.138
8HJZADEH,0,0,,,,Censored No Alarm,0,0,0,0,0,1,0.00121395499445498,,2018-11-14,,0.138
8HJZEG6H,1,0,,2023-11-17,,Missed,0,0,0,0,1,0,0.02621396817266941,,2018-11-14,,0.138
8HJZG4AH,0,0,,,,Censored No Alarm,0,0,0,0,0,1,0.0009330973261967301,,2018-11-14,,0.138
8HJZNVWH,0,0,,,,Censored No Alarm,0,0,0,0,0,1,0.0005046345759183168,,2018-11-14,,0.138
8HK087WH,0,0,,,,Censored No Alarm,0,0,0,0,0,1,0.08614053577184677,,2018-11-14,,0.138
8HK0HH3H,0,0,,,,Censored No Alarm,0,0,0,0,0,1,0.0006090570241212845,,2018-11-14,,0.138
8HK12NNH,0,0,,,,Censored No Alarm,0,0,0,0,0,1,0.0004319138824939728,,2018-11-14,,0.138
8HK17SKH,0,0,,,,Censored No Alarm,0,0,0,0,0,1,0.12318785488605499,,2018-11-14,,0.138
8HK17SWH,0,0,,,,Censored No Alarm,0,0,0,0,0,1,0.0008446100982837379,,2018-11-14,,0.138
8HK17SYH,0,1,2023-01-11,,,Censored Early,0,0,1,1,0,0,0.17980070412158966,0.13830584287643433,2018-11-14,1519.0,0.138
8HK19K9H,0,0,,,,Censored No Alarm,0,0,0,0,0,1,0.0010023667709901929,,2018-11-14,,0.138
8HK19KVH,0,0,,,,Censored No Alarm,0,0,0,0,0,1,0.0007124589174054563,,2018-11-14,,0.138
8HK1KY3H,0,0,,,,Censored No Alarm,0,0,0,0,0,1,0.0005293702124617994,,2018-11-14,,0.138
8HK1LYPH,0,0,,,,Censored No Alarm,0,0,0,0,0,1,0.0029323576018214226,,2018-11-14,,0.138
8HK1N18H,0,0,,,,Censored No Alarm,0,0,0,0,0,1,0.0006891805678606033,,2018-11-14,,0.138
8HK1PV7H,0,0,,,,Censored No Alarm,0,0,0,0,0,1,0.0008749794214963913,,2018-11-14,,0.138
8HK1UULH,0,0,,,,Censored No Alarm,0,0,0,0,0,1,0.0013593211770057678,,2018-11-14,,0.138
8HK1XAAH,1,0,,2021-10-24,,Missed,0,0,0,0,1,0,0.00043655719491653144,,2018-11-14,,0.138
8HK224GH,0,0,,,,Censored No Alarm,0,0,0,0,0,1,0.000735859211999923,,2018-11-14,,0.138
8HK25XSH,0,0,,,,Censored No Alarm,0,0,0,0,0,1,0.005685368087142706,,2018-11-14,,0.138
8HK266WH,0,0,,,,Censored No Alarm,0,0,0,0,0,1,0.017477815970778465,,2018-11-14,,0.138
8HK28TJH,0,0,,,,Censored No Alarm,0,0,0,0,0,1,0.002342519350349903,,2018-11-14,,0.138
8HK28Y0H,0,0,,,,Censored No Alarm,0,0,0,0,0,1,0.0005827278364449739,,2018-11-14,,0.138
8HK2A1EH,0,0,,,,Censored No Alarm,0,0,0,0,0,1,0.0008234248962253332,,2019-06-01,,0.138
8HK2BA6H,0,0,,,,Censored No Alarm,0,0,0,0,0,1,0.0005576629191637039,,2018-11-14,,0.138
8HK2BAEH,0,0,,,,Censored No Alarm,0,0,0,0,0,1,0.0007893359288573265,,2018-11-14,,0.138
8HK2DVKH,0,0,,,,Censored No Alarm,0,0,0,0,0,1,0.0008593540987931192,,2018-11-14,,0.138
8HK2JXUH,0,0,,,,Censored No Alarm,0,0,0,0,0,1,0.0002997629053425044,,2019-03-28,,0.138
8HK2KY6H,0,0,,,,Censored No Alarm,0,0,0,0,0,1,0.0015269105788320303,,2018-11-14,,0.138
8HK2MXPH,0,0,,,,Censored No Alarm,0,0,0,0,0,1,0.0022359988652169704,,2018-11-14,,0.138
8HK2RMWH,0,0,,,,Censored No Alarm,0,0,0,0,0,1,0.007621163502335548,,2018-11-14,,0.138
8HK2RNWH,0,0,,,,Censored No Alarm,0,0,0,0,0,1,0.0006097551668062806,,2018-11-14,,0.138
8HK2RP9H,0,0,,,,Censored No Alarm,0,0,0,0,0,1,0.0016508703120052814,,2018-11-14,,0.138
8HK2VLMH,0,0,,,,Censored No Alarm,0,0,0,0,0,1,0.0007237486424855888,,2018-11-14,,0.138
8HK2X4YH,0,0,,,,Censored No Alarm,0,0,0,0,0,1,0.0007196036167442799,,2018-11-14,,0.138
8HK2ZPDH,0,0,,,,Censored No Alarm,0,0,0,0,0,1,0.000517697655595839,,2019-05-04,,0.138
8HK2ZT1H,0,0,,,,Censored No Alarm,0,0,0,0,0,1,0.0005077229579910636,,2018-11-14,,0.138
8HK31WMH,0,0,,,,Censored No Alarm,0,0,0,0,0,1,0.0005109641351737082,,2019-05-04,,0.138
8HK31Y8H,0,0,,,,Censored No Alarm,0,0,0,0,0,1,0.0011106085730716586,,2018-11-14,,0.138
8HK341ZH,0,0,,,,Censored No Alarm,0,0,0,0,0,1,0.0037779647391289473,,2018-11-14,,0.138
8HK34EZH,0,0,,,,Censored No Alarm,0,0,0,0,0,1,0.009952845983207226,,2018-11-14,,0.138
8HK3BWZH,0,0,,,,Censored No Alarm,0,0,0,0,0,1,0.004136277362704277,,2018-11-14,,0.138
8HK3GTLH,0,0,,,,Censored No Alarm,0,0,0,0,0,1,0.013563578017055988,,2018-11-14,,0.138
8HK3GUXH,0,0,,,,Censored No Alarm,0,0,0,0,0,1,0.001021439442411065,,2018-11-14,,0.138
8HK3MMSH,0,0,,,,Censored No Alarm,0,0,0,0,0,1,0.001380642643198371,,2018-11-14,,0.138
8HK3NG2H,0,0,,,,Censored No Alarm,0,0,0,0,0,1,0.0003900290175806731,,2018-11-14,,0.138
8HK3NJMH,0,0,,,,Censored No Alarm,0,0,0,0,0,1,0.0005638262955471873,,2018-11-14,,0.138
8HK41HEH,0,0,,,,Censored No Alarm,0,0,0,0,0,1,0.0004260256828274578,,2018-11-14,,0.138
8HK69BMH,0,0,,,,Censored No Alarm,0,0,0,0,0,1,0.0006266338750720024,,2019-03-01,,0.138
8HK6T2AH,0,0,,,,Censored No Alarm,0,0,0,0,0,1,0.002009625779464841,,2018-11-14,,0.138
8HK6TL7H,0,0,,,,Censored No Alarm,0,0,0,0,0,1,0.0006732906331308186,,2018-11-14,,0.138
8HK6UUDH,0,0,,,,Censored No Alarm,0,0,0,0,0,1,0.0002715491282287985,,2019-03-28,,0.138
8HK6V14H,0,0,,,,Censored No Alarm,0,0,0,0,0,1,0.0023278577718883753,,2018-11-14,,0.138
8HK6VSKH,1,1,2024-03-04,2024-03-10,6.0,On time,1,0,0,0,0,0,0.4379841089248657,0.14637164771556854,2018-11-14,1937.0,0.138
8HK70X7H,0,0,,,,Censored No Alarm,0,0,0,0,0,1,0.003206054912880063,,2018-11-14,,0.138
8HK7194H,0,0,,,,Censored No Alarm,0,0,0,0,0,1,0.010681425221264362,,2018-11-14,,0.138
8HK72J0H,0,0,,,,Censored No Alarm,0,0,0,0,0,1,0.0019453854765743017,,2018-11-14,,0.138
8HK7DKMH,0,0,,,,Censored No Alarm,0,0,0,0,0,1,0.00023196513939183205,,2019-03-02,,0.138
8HK7E5DH,0,0,,,,Censored No Alarm,0,0,0,0,0,1,0.0018830298213288188,,2018-11-14,,0.138
8HK7E68H,0,0,,,,Censored No Alarm,0,0,0,0,0,1,0.0005450272001326084,,2018-11-14,,0.138
8HK7H58H,0,0,,,,Censored No Alarm,0,0,0,0,0,1,0.001364226802252233,,2018-11-14,,0.138
8HK80P1H,0,0,,,,Censored No Alarm,0,0,0,0,0,1,0.031684502959251404,,2019-01-05,,0.138
8HKB2WEH,0,0,,,,Censored No Alarm,0,0,0,0,0,1,0.021060790866613388,,2019-01-05,,0.138
8HKB3M2H,0,0,,,,Censored No Alarm,0,0,0,0,0,1,0.0002036266669165343,,2019-01-05,,0.138
8HKB4R4H,0,0,,,,Censored No Alarm,0,0,0,0,0,1,0.0004326207563281059,,2019-05-04,,0.138
8HKBBKKH,0,0,,,,Censored No Alarm,0,0,0,0,0,1,0.007793534081429243,,2018-11-14,,0.138
8HKBYNVH,0,0,,,,Censored No Alarm,0,0,0,0,0,1,0.00022300879936665297,,2019-05-04,,0.138
8HKE039H,0,0,,,,Censored No Alarm,0,0,0,0,0,1,0.0202582199126482,,2018-11-14,,0.138
8HKE6E1H,0,0,,,,Censored No Alarm,0,0,0,0,0,1,0.0005067834863439202,,2019-01-05,,0.138
8HKE8S7H,0,0,,,,Censored No Alarm,0,0,0,0,0,1,0.03670352324843407,,2019-01-05,,0.138
8HKEAWEH,0,0,,,,Censored No Alarm,0,0,0,0,0,1,0.0005836538621224463,,2019-06-01,,0.138
8HKEKYRH,0,0,,,,Censored No Alarm,0,0,0,0,0,1,0.0006277235806919634,,2019-06-01,,0.138
8HKG0GWH,0,0,,,,Censored No Alarm,0,0,0,0,0,1,0.00036270380951464176,,2019-01-05,,0.138
8HKHPZHH,0,0,,,,Censored No Alarm,0,0,0,0,0,1,0.000970593944657594,,2019-06-01,,0.138
8HKJ4MAH,0,0,,,,Censored No Alarm,0,0,0,0,0,1,0.0006325677968561649,,2019-03-01,,0.138
8HKJ5KDH,1,0,,2025-06-29,,Missed,0,0,0,0,1,0,0.0005271403933875263,,2018-11-14,,0.138
8HKL6STH,0,0,,,,Censored No Alarm,0,0,0,0,0,1,0.002253619022667408,,2019-03-02,,0.138
8HKLRUSH,0,1,2024-12-11,,,Censored Early,0,0,1,1,0,0,0.1914275884628296,0.14700138568878174,2019-03-01,2112.0,0.138
8HKM415H,0,0,,,,Censored No Alarm,0,0,0,0,0,1,0.000248050520895049,,2019-03-01,,0.138
8HKM5RVH,0,0,,,,Censored No Alarm,0,0,0,0,0,1,0.00043399829883128405,,2019-03-28,,0.138
8HKM654H,0,0,,,,Censored No Alarm,0,0,0,0,0,1,0.006170234642922878,,2019-03-28,,0.138
8HKM9Z1H,0,0,,,,Censored No Alarm,0,0,0,0,0,1,0.0003239886136725545,,2019-03-28,,0.138
8HKMR21H,1,0,,2020-09-02,,Missed,0,0,0,0,1,0,0.050746992230415344,,2019-03-28,,0.138
8HKNMW1H,0,0,,,,Censored No Alarm,0,0,0,0,0,1,0.00037376300315372646,,2019-05-04,,0.138
8HKNN28H,0,0,,,,Censored No Alarm,0,0,0,0,0,1,0.025172371417284012,,2019-06-01,,0.138
8HKPM7RH,0,0,,,,Censored No Alarm,0,0,0,0,0,1,0.00032223123707808554,,2019-03-02,,0.138
8HKPZY9H,1,1,2024-06-14,2024-08-13,60.0,Early,0,1,0,1,0,0,0.20320579409599304,0.15781015157699585,2019-03-28,1905.0,0.138
8HKRER2H,0,0,,,,Censored No Alarm,0,0,0,0,0,1,0.0008604233735240996,,2019-06-01,,0.138
8HKS4X3H,0,0,,,,Censored No Alarm,0,0,0,0,0,1,0.06761085242033005,,2019-03-02,,0.138
8HKTBA3H,1,0,,2024-09-22,,Missed,0,0,0,0,1,0,0.11229857057332993,,2019-03-01,,0.138
8HKTE54H,0,0,,,,Censored No Alarm,0,0,0,0,0,1,0.0005339543567970395,,2019-03-01,,0.138
8HKTH2SH,1,0,,2023-11-27,,Missed,0,0,0,0,1,0,0.0011215786216780543,,2019-03-01,,0.138
8HKTK0XH,0,0,,,,Censored No Alarm,0,0,0,0,0,1,0.00027083110762760043,,2019-01-05,,0.138
8HKU0DXH,0,0,,,,Censored No Alarm,0,0,0,0,0,1,0.0016197838122025132,,2019-03-01,,0.138
8HKU3YTH,1,1,2023-11-07,2024-07-13,249.0,Early,0,1,0,1,0,0,0.3240256607532501,0.15565147995948792,2019-03-01,1712.0,0.138
8HKU4WXH,0,0,,,,Censored No Alarm,0,0,0,0,0,1,0.003407983109354973,,2019-01-05,,0.138
8HKUEJHH,1,0,,2025-04-25,,Missed,0,0,0,0,1,0,0.0004125585255678743,,2019-03-28,,0.138
8HKVW60H,0,0,,,,Censored No Alarm,0,0,0,0,0,1,0.0004940037033520639,,2019-03-28,,0.138
8HKW4NPH,0,0,,,,Censored No Alarm,0,0,0,0,0,1,0.0005851711612194777,,2019-06-01,,0.138
8HKWV1GH,0,0,,,,Censored No Alarm,0,0,0,0,0,1,0.00045300883357413113,,2019-01-05,,0.138
8HKWXJYH,0,0,,,,Censored No Alarm,0,0,0,0,0,1,0.00038697721902281046,,2019-03-28,,0.138
8HKY0KHH,1,1,2023-10-04,2024-05-14,223.0,Early,0,1,0,1,0,0,0.4861767292022705,0.1476266235113144,2019-03-01,1678.0,0.138
8HKY66PH,0,0,,,,Censored No Alarm,0,0,0,0,0,1,0.0007483723456971347,,2019-03-01,,0.138
8HKYJ38H,0,0,,,,Censored No Alarm,0,0,0,0,0,1,0.00032180079142563045,,2019-03-28,,0.138
8HKYZ6YH,0,0,,,,Censored No Alarm,0,0,0,0,0,1,0.00026383280055597425,,2019-03-28,,0.138
8HKZ213H,0,0,,,,Censored No Alarm,0,0,0,0,0,1,0.00020815402967855334,,2019-01-05,,0.138
8HKZDBRH,0,0,,,,Censored No Alarm,0,0,0,0,0,1,0.0003696165804285556,,2019-06-01,,0.138
8HKZL75H,0,0,,,,Censored No Alarm,0,0,0,0,0,1,0.015924576669931412,,2019-05-04,,0.138
AAG0EXPH,0,0,,,,Censored No Alarm,0,0,0,0,0,1,0.00019979978969786316,,2019-01-05,,0.138
AAG0LHRH,0,0,,,,Censored No Alarm,0,0,0,0,0,1,0.0004552601312752813,,2019-01-05,,0.138
AAG121VH,0,0,,,,Censored No Alarm,0,0,0,0,0,1,0.0024386539589613676,,2019-03-01,,0.138
AAG16VPH,0,0,,,,Censored No Alarm,0,0,0,0,0,1,0.0002836271596606821,,2019-01-05,,0.138
AAG18L0H,0,0,,,,Censored No Alarm,0,0,0,0,0,1,0.00041013595182448626,,2019-03-28,,0.138
AAG18MEH,0,0,,,,Censored No Alarm,0,0,0,0,0,1,0.0005693446146324277,,2019-03-01,,0.138
AAG197UH,0,0,,,,Censored No Alarm,0,0,0,0,0,1,0.0008597238338552415,,2019-06-01,,0.138
AAG1LSNH,1,0,,2025-07-30,,Missed,0,0,0,0,1,0,0.11690455675125122,,2019-01-05,,0.138
AAG1LSVH,0,0,,,,Censored No Alarm,0,0,0,0,0,1,0.0038349314127117395,,2019-01-05,,0.138
AAG1LW3H,1,0,,2024-09-03,,Missed,0,0,0,0,1,0,0.12096995115280151,,2019-01-05,,0.138
AAG1PLVH,0,0,,,,Censored No Alarm,0,0,0,0,0,1,0.00036306565743871033,,2019-03-28,,0.138
AAG1PM9H,0,0,,,,Censored No Alarm,0,0,0,0,0,1,0.0003565193328540772,,2019-03-28,,0.138
AAG1RJAH,0,0,,,,Censored No Alarm,0,0,0,0,0,1,0.0752917006611824,,2019-03-28,,0.138
AAG1RK5H,0,0,,,,Censored No Alarm,0,0,0,0,0,1,0.0003921907627955079,,2019-01-05,,0.138
AAG1RR9H,0,0,,,,Censored No Alarm,0,0,0,0,0,1,0.0003832397342193872,,2019-03-28,,0.138
AAG1RUJH,0,0,,,,Censored No Alarm,0,0,0,0,0,1,0.0004366054490674287,,2019-03-28,,0.138
AAG1TGGH,0,0,,,,Censored No Alarm,0,0,0,0,0,1,0.0004295289400033653,,2019-01-05,,0.138
AAG1VJYH,0,0,,,,Censored No Alarm,0,0,0,0,0,1,0.00022353866370394826,,2019-03-28,,0.138
AAG1VNPH,0,0,,,,Censored No Alarm,0,0,0,0,0,1,0.00020662430324591696,,2019-01-05,,0.138
AAG1Z4AH,0,0,,,,Censored No Alarm,0,0,0,0,0,1,0.014767220243811607,,2019-08-13,,0.138
AAG23A2H,0,0,,,,Censored No Alarm,0,0,0,0,0,1,0.10322558134794235,,2019-01-05,,0.138
AAG23AKH,0,0,,,,Censored No Alarm,0,0,0,0,0,1,0.00032821044442243874,,2019-01-05,,0.138
AAG23AVH,0,0,,,,Censored No Alarm,0,0,0,0,0,1,0.00032550623291172087,,2019-03-28,,0.138
AAG246TH,0,0,,,,Censored No Alarm,0,0,0,0,0,1,0.0004017879255115986,,2019-06-01,,0.138
AAG24UVH,0,0,,,,Censored No Alarm,0,0,0,0,0,1,0.0002770780702121556,,2019-01-05,,0.138
AAG24VXH,0,0,,,,Censored No Alarm,0,0,0,0,0,1,0.00021812743216287345,,2019-01-05,,0.138
AAG26NBH,1,0,,2023-10-19,,Missed,0,0,0,0,1,0,0.08288342505693436,,2019-03-28,,0.138
AAG26TPH,0,0,,,,Censored No Alarm,0,0,0,0,0,1,0.08738084137439728,,2019-03-28,,0.138
AAG26U9H,1,0,,2023-01-26,,Missed,0,0,0,0,1,0,0.023037930950522423,,2019-06-01,,0.138
AAG27VEH,0,0,,,,Censored No Alarm,0,0,0,0,0,1,0.0003534906718414277,,2019-03-28,,0.138
AAG27W2H,0,0,,,,Censored No Alarm,0,0,0,0,0,1,0.0002511685888748616,,2019-03-01,,0.138
AAG27XPH,1,0,,2025-10-06,,Missed,0,0,0,0,1,0,0.0004150056920479983,,2019-03-28,,0.138
AAG27ZLH,0,0,,,,Censored No Alarm,0,0,0,0,0,1,0.0005447392468340695,,2019-03-28,,0.138
AAG281TH,1,0,,2024-07-25,,Missed,0,0,0,0,1,0,0.09808379411697388,,2019-01-05,,0.138
AAG2GGJH,0,0,,,,Censored No Alarm,0,0,0,0,0,1,0.0007450261618942022,,2019-06-01,,0.138
AAG2JGJH,1,0,,2026-02-10,,Missed,0,0,0,0,1,0,0.032867319881916046,,2019-06-01,,0.138
AAG2JL4H,0,0,,,,Censored No Alarm,0,0,0,0,0,1,0.00026484139380045235,,2019-01-05,,0.138
AAG2RZJH,0,0,,,,Censored No Alarm,0,0,0,0,0,1,0.00047233753139153123,,2019-03-28,,0.138
AAG2S62H,0,0,,,,Censored No Alarm,0,0,0,0,0,1,0.0004956712946295738,,2019-03-28,,0.138
AAG2S9YH,0,0,,,,Censored No Alarm,0,0,0,0,0,1,0.00042224852950312197,,2019-06-01,,0.138
AAG2SAYH,0,0,,,,Censored No Alarm,0,0,0,0,0,1,0.00045684081851504743,,2019-08-14,,0.138
AAG2SJ3H,0,0,,,,Censored No Alarm,0,0,0,0,0,1,0.0004239572735968977,,2019-08-13,,0.138
AAG2VSVH,0,0,,,,Censored No Alarm,0,0,0,0,0,1,0.0004304661706555635,,2019-03-28,,0.138
AAG2Y6JH,0,0,,,,Censored No Alarm,0,0,0,0,0,1,0.0003563158097676933,,2019-03-28,,0.138
AAG2Z67H,0,0,,,,Censored No Alarm,0,0,0,0,0,1,0.0004595507343765348,,2019-06-01,,0.138
AAG2ZU1H,0,0,,,,Censored No Alarm,0,0,0,0,0,1,0.0006425363826565444,,2019-06-01,,0.138
AAG305AH,0,0,,,,Censored No Alarm,0,0,0,0,0,1,0.0010767668718472123,,2019-06-01,,0.138
AAG306GH,0,0,,,,Censored No Alarm,0,0,0,0,0,1,0.010545801371335983,,2019-01-05,,0.138
AAG34Z4H,0,0,,,,Censored No Alarm,0,0,0,0,0,1,0.00027071574004366994,,2019-01-05,,0.138
AAG350BH,0,0,,,,Censored No Alarm,0,0,0,0,0,1,0.11090206354856491,,2019-03-28,,0.138
AAG350TH,0,0,,,,Censored No Alarm,0,0,0,0,0,1,0.0004303929163143039,,2019-03-28,,0.138
AAG3512H,0,0,,,,Censored No Alarm,0,0,0,0,0,1,0.00029049633303657174,,2019-03-28,,0.138
AAG352AH,0,0,,,,Censored No Alarm,0,0,0,0,0,1,0.0006822528084740043,,2019-06-01,,0.138
AAG353EH,0,0,,,,Censored No Alarm,0,0,0,0,0,1,0.0002865678980015218,,2019-01-05,,0.138
AAG35LWH,0,1,2024-09-21,,,Censored Early,0,0,1,1,0,0,0.2031247317790985,0.1463509500026703,2019-01-05,2086.0,0.138
AAG401PH,0,0,,,,Censored No Alarm,0,0,0,0,0,1,0.00043397967237979174,,2019-01-05,,0.138
AAG46YHH,0,0,,,,Censored No Alarm,0,0,0,0,0,1,0.0002433407207718119,,2019-03-28,,0.138
AAG477BH,0,0,,,,Censored No Alarm,0,0,0,0,0,1,0.0003861988661810756,,2019-01-05,,0.138
AAG478DH,0,0,,,,Censored No Alarm,0,0,0,0,0,1,0.0005323353689163923,,2019-03-28,,0.138
AAG48B3H,0,0,,,,Censored No Alarm,0,0,0,0,0,1,0.0017779531190171838,,2019-03-02,,0.138
AAG4AA9H,0,0,,,,Censored No Alarm,0,0,0,0,0,1,0.024217704311013222,,2019-03-01,,0.138
AAG4VESH,0,1,2024-04-24,,,Censored Early,0,0,1,1,0,0,0.44954004883766174,0.1409560590982437,2019-03-01,1881.0,0.138
AAG4Z4YH,0,0,,,,Censored No Alarm,0,0,0,0,0,1,0.0034001213498413563,,2019-03-01,,0.138
AAG4Z52H,0,0,,,,Censored No Alarm,0,0,0,0,0,1,0.0018981012981384993,,2019-03-02,,0.138
AAG4Z5AH,1,1,2024-09-12,2025-03-14,183.0,Early,0,1,0,1,0,0,0.15795063972473145,0.13902747631072998,2019-01-05,2077.0,0.138
AAG4ZABH,0,0,,,,Censored No Alarm,0,0,0,0,0,1,0.0017179904971271753,,2019-03-01,,0.138
AAG51RHH,0,0,,,,Censored No Alarm,0,0,0,0,0,1,0.0004967042477801442,,2019-01-05,,0.138
AAG540GH,0,0,,,,Censored No Alarm,0,0,0,0,0,1,0.0005123924347572029,,2019-03-28,,0.138
AAG5DTTH,0,0,,,,Censored No Alarm,0,0,0,0,0,1,0.0004089269204996526,,2019-03-28,,0.138
AAG5Y4DH,0,0,,,,Censored No Alarm,0,0,0,0,0,1,0.0003394286031834781,,2019-01-05,,0.138
AAG5Y4LH,0,0,,,,Censored No Alarm,0,0,0,0,0,1,0.007342763710767031,,2019-01-05,,0.138
AAG5Y4TH,0,0,,,,Censored No Alarm,0,0,0,0,0,1,0.0032966388389468193,,2019-01-05,,0.138
AAG5Y4UH,0,0,,,,Censored No Alarm,0,0,0,0,0,1,0.0002917731471825391,,2019-01-05,,0.138
AAG5Y5UH,0,0,,,,Censored No Alarm,0,0,0,0,0,1,0.022538460791110992,,2019-01-05,,0.138
AAG5YJ4H,0,0,,,,Censored No Alarm,0,0,0,0,0,1,0.0018066716147586703,,2019-03-28,,0.138
AAG5YLKH,0,0,,,,Censored No Alarm,0,0,0,0,0,1,0.004155215807259083,,2019-03-01,,0.138
AAG5YYBH,0,0,,,,Censored No Alarm,0,0,0,0,0,1,0.0003374616790097207,,2019-01-05,,0.138
AAG5YYKH,1,0,,2025-09-30,,Missed,0,0,0,0,1,0,0.11684342473745346,,2019-01-05,,0.138
AAG5YZ8H,0,0,,,,Censored No Alarm,0,0,0,0,0,1,0.00024429193581454456,,2019-03-28,,0.138
AAG5YZZH,1,0,,2025-07-30,,Missed,0,0,0,0,1,0,0.009652464650571346,,2019-03-02,,0.138
AAG613MH,0,0,,,,Censored No Alarm,0,0,0,0,0,1,0.0001737595594022423,,2019-01-05,,0.138
AAG613RH,1,0,,2025-06-06,,Missed,0,0,0,0,1,0,0.0004997043870389462,,2019-01-05,,0.138
AAG61KPH,0,0,,,,Censored No Alarm,0,0,0,0,0,1,0.0074089765548706055,,2019-03-28,,0.138
AAG61LHH,1,1,2022-08-29,2024-05-17,627.0,Early,0,1,0,1,0,0,0.43063920736312866,0.153415709733963,2019-03-01,1277.0,0.138
AAG61NEH,0,0,,,,Censored No Alarm,0,0,0,0,0,1,0.0003724077541846782,,2019-01-05,,0.138
AAG61NZH,0,0,,,,Censored No Alarm,0,0,0,0,0,1,0.05102292820811272,,2019-03-28,,0.138
AAG61P2H,0,0,,,,Censored No Alarm,0,0,0,0,0,1,0.0005347863771021366,,2019-03-01,,0.138
AAG61UMH,0,0,,,,Censored No Alarm,0,0,0,0,0,1,0.008073045872151852,,2019-01-05,,0.138
AAG61WRH,0,0,,,,Censored No Alarm,0,0,0,0,0,1,0.00025057204766198993,,2019-03-01,,0.138
AAG61Z1H,0,0,,,,Censored No Alarm,0,0,0,0,0,1,0.0002523471775930375,,2019-01-05,,0.138
AAG61ZAH,0,0,,,,Censored No Alarm,0,0,0,0,0,1,0.0023666350170969963,,2019-03-01,,0.138
AAG620PH,0,0,,,,Censored No Alarm,0,0,0,0,0,1,0.00038008883711881936,,2019-03-28,,0.138
AAG621WH,0,0,,,,Censored No Alarm,0,0,0,0,0,1,0.0004938384518027306,,2019-01-05,,0.138
AAG623DH,0,0,,,,Censored No Alarm,0,0,0,0,0,1,0.0004776528221555054,,2019-01-05,,0.138
AAG6376H,0,0,,,,Censored No Alarm,0,0,0,0,0,1,0.006391711533069611,,2019-03-28,,0.138
AAG637RH,1,0,,2022-05-21,,Missed,0,0,0,0,1,0,0.00024441006826236844,,2019-01-05,,0.138
AAG6381H,0,0,,,,Censored No Alarm,0,0,0,0,0,1,0.0001994330232264474,,2019-01-05,,0.138
AAG638GH,0,0,,,,Censored No Alarm,0,0,0,0,0,1,0.00028967493562959135,,2019-01-05,,0.138
AAG639BH,0,0,,,,Censored No Alarm,0,0,0,0,0,1,0.021756231784820557,,2019-01-05,,0.138
AAG63DLH,0,0,,,,Censored No Alarm,0,0,0,0,0,1,0.0005918573006056249,,2019-03-28,,0.138
AAG63JSH,0,0,,,,Censored No Alarm,0,0,0,0,0,1,0.00238867592997849,,2019-03-02,,0.138
AAG63PJH,0,0,,,,Censored No Alarm,0,0,0,0,0,1,0.0002461598487570882,,2019-03-28,,0.138
AAG63PKH,1,1,2022-05-05,2022-05-22,17.0,On time,1,0,0,0,0,0,0.4728375971317291,0.18320058286190033,2019-03-01,1161.0,0.138
AAG63PLH,0,0,,,,Censored No Alarm,0,0,0,0,0,1,0.0004782792238984257,,2019-03-01,,0.138
AAG63RGH,0,0,,,,Censored No Alarm,0,0,0,0,0,1,0.0007478226907551289,,2019-03-01,,0.138
AAG63TMH,1,1,2024-10-30,2025-09-02,307.0,Early,0,1,0,1,0,0,0.39769208431243896,0.14012549817562103,2019-03-02,2069.0,0.138
AAG63TSH,0,0,,,,Censored No Alarm,0,0,0,0,0,1,0.008750763721764088,,2019-03-28,,0.138
AAG63V6H,0,0,,,,Censored No Alarm,0,0,0,0,0,1,0.03795187175273895,,2019-03-28,,0.138
AAG63WHH,1,0,,2025-11-30,,Missed,0,0,0,0,1,0,0.08698989450931549,,2019-01-05,,0.138
AAG63Z8H,1,1,2025-09-14,2025-09-28,14.0,On time,1,0,0,0,0,0,0.47875526547431946,0.23467788100242615,2019-03-01,2389.0,0.138
AAG6417H,1,1,2024-05-25,2024-06-06,12.0,On time,1,0,0,0,0,0,0.23967714607715607,0.14342756569385529,2019-03-01,1912.0,0.138
AAG6436H,0,0,,,,Censored No Alarm,0,0,0,0,0,1,0.0005073586362414062,,2019-06-01,,0.138
AAG64VXH,0,0,,,,Censored No Alarm,0,0,0,0,0,1,0.02297263965010643,,2019-01-05,,0.138
AAG6509H,0,0,,,,Censored No Alarm,0,0,0,0,0,1,0.00024606293300166726,,2019-03-28,,0.138
AAG67UZH,0,0,,,,Censored No Alarm,0,0,0,0,0,1,0.004537901841104031,,2019-03-28,,0.138
AAG67V3H,1,1,2024-08-01,2025-06-20,323.0,Early,0,1,0,1,0,0,0.17655649781227112,0.15333950519561768,2019-03-01,1980.0,0.138
AAG67VBH,0,0,,,,Censored No Alarm,0,0,0,0,0,1,0.004268220160156488,,2019-03-28,,0.138
AAG67W3H,0,0,,,,Censored No Alarm,0,0,0,0,0,1,0.00040173373417928815,,2019-03-01,,0.138
AAG67Z8H,0,0,,,,Censored No Alarm,0,0,0,0,0,1,0.0017443632241338491,,2019-06-01,,0.138
AAG682YH,1,1,2024-02-10,2024-07-04,145.0,Early,0,1,0,1,0,0,0.41128385066986084,0.17710308730602264,2019-03-28,1780.0,0.138
AAG683JH,0,0,,,,Censored No Alarm,0,0,0,0,0,1,0.000567847688216716,,2019-03-01,,0.138
AAG686GH,0,0,,,,Censored No Alarm,0,0,0,0,0,1,0.0007754327962175012,,2019-03-02,,0.138
AAG6870H,0,0,,,,Censored No Alarm,0,0,0,0,0,1,0.0004983985563740134,,2019-01-05,,0.138
AAG6878H,0,0,,,,Censored No Alarm,0,0,0,0,0,1,0.0003783654829021543,,2019-01-05,,0.138
AAG687GH,0,0,,,,Censored No Alarm,0,0,0,0,0,1,0.002076901728287339,,2019-03-01,,0.138
AAG687MH,0,0,,,,Censored No Alarm,0,0,0,0,0,1,0.0004615537473000586,,2019-03-28,,0.138
AAG68AGH,0,0,,,,Censored No Alarm,0,0,0,0,0,1,0.00028046246734447777,,2019-06-01,,0.138
AAG68AKH,0,0,,,,Censored No Alarm,0,0,0,0,0,1,0.12678785622119904,,2019-03-02,,0.138
AAG68AUH,0,0,,,,Censored No Alarm,0,0,0,0,0,1,0.0002502144197933376,,2019-01-05,,0.138
AAG68AXH,0,0,,,,Censored No Alarm,0,0,0,0,0,1,0.0004031718708574772,,2019-03-28,,0.138
AAG68BRH,0,0,,,,Censored No Alarm,0,0,0,0,0,1,0.10088878870010376,,2019-01-05,,0.138
AAG68EWH,1,0,,2023-04-01,,Missed,0,0,0,0,1,0,0.0731634721159935,,2019-01-05,,0.138
AAG68EXH,1,0,,2024-06-19,,Missed,0,0,0,0,1,0,0.03458358719944954,,2019-01-05,,0.138
AAG68KVH,0,0,,,,Censored No Alarm,0,0,0,0,0,1,0.0006872408557683229,,2019-01-05,,0.138
AAG691PH,0,0,,,,Censored No Alarm,0,0,0,0,0,1,0.0006055872072465718,,2019-06-01,,0.138
AAG691VH,0,0,,,,Censored No Alarm,0,0,0,0,0,1,0.07199740409851074,,2019-01-05,,0.138
AAG69LHH,0,0,,,,Censored No Alarm,0,0,0,0,0,1,0.00027691616560332477,,2019-06-01,,0.138
AAG69TTH,0,0,,,,Censored No Alarm,0,0,0,0,0,1,0.0020262461621314287,,2019-03-01,,0.138
AAG69WWH,0,0,,,,Censored No Alarm,0,0,0,0,0,1,0.0002246276562800631,,2019-01-05,,0.138
AAG69YWH,0,0,,,,Censored No Alarm,0,0,0,0,0,1,0.0030147817451506853,,2019-03-02,,0.138
AAG6A03H,0,0,,,,Censored No Alarm,0,0,0,0,0,1,0.0012487272033467889,,2019-03-02,,0.138
AAG6A07H,0,0,,,,Censored No Alarm,0,0,0,0,0,1,0.0036000688560307026,,2019-03-01,,0.138
AAG6A0AH,0,0,,,,Censored No Alarm,0,0,0,0,0,1,0.0005459219682961702,,2019-01-05,,0.138
AAG6AATH,0,0,,,,Censored No Alarm,0,0,0,0,0,1,0.0002911484625656158,,2019-06-01,,0.138
AAG6AV4H,0,0,,,,Censored No Alarm,0,0,0,0,0,1,0.001222163438796997,,2019-03-01,,0.138
AAG6AWTH,1,0,,2024-07-08,,Missed,0,0,0,0,1,0,0.08990337699651718,,2019-03-28,,0.138
AAG6AX6H,0,0,,,,Censored No Alarm,0,0,0,0,0,1,0.00048257852904498577,,2019-03-28,,0.138
AAG6B4HH,0,0,,,,Censored No Alarm,0,0,0,0,0,1,0.0003313483903184533,,2019-03-28,,0.138
AAG6B5KH,0,0,,,,Censored No Alarm,0,0,0,0,0,1,0.0003342406707815826,,2019-03-28,,0.138
AAG6DT9H,1,0,,2019-04-25,,Missed,0,0,0,0,1,0,0.0002785456890705973,,2019-03-01,,0.138
AAG6DVEH,0,0,,,,Censored No Alarm,0,0,0,0,0,1,0.022710494697093964,,2019-03-01,,0.138
AAG6DXTH,0,0,,,,Censored No Alarm,0,0,0,0,0,1,0.007654457353055477,,2019-01-05,,0.138
AAG6E2HH,0,0,,,,Censored No Alarm,0,0,0,0,0,1,0.0002707384410314262,,2019-03-28,,0.138
AAG6E60H,0,0,,,,Censored No Alarm,0,0,0,0,0,1,0.0019104678649455309,,2019-03-01,,0.138
AAG6E7EH,0,0,,,,Censored No Alarm,0,0,0,0,0,1,0.0003187917754985392,,2019-03-28,,0.138
AAG6E7RH,0,0,,,,Censored No Alarm,0,0,0,0,0,1,0.001543737598694861,,2019-03-02,,0.138
AAG6ESPH,0,0,,,,Censored No Alarm,0,0,0,0,0,1,0.00021186535013839602,,2019-01-05,,0.138
AAG6EVRH,0,0,,,,Censored No Alarm,0,0,0,0,0,1,0.0002716231974773109,,2019-01-05,,0.138
AAG6EX3H,0,0,,,,Censored No Alarm,0,0,0,0,0,1,0.000269403652055189,,2019-01-05,,0.138
AAG6GM1H,0,0,,,,Censored No Alarm,0,0,0,0,0,1,0.00025781855219975114,,2019-03-28,,0.138
AAG6H25H,0,0,,,,Censored No Alarm,0,0,0,0,0,1,0.0011519321706146002,,2019-03-01,,0.138
AAG6HG0H,0,0,,,,Censored No Alarm,0,0,0,0,0,1,0.0009043657337315381,,2019-03-01,,0.138
AAG6HSEH,0,0,,,,Censored No Alarm,0,0,0,0,0,1,0.0003171799180563539,,2019-03-02,,0.138
AAG6HYXH,0,0,,,,Censored No Alarm,0,0,0,0,0,1,0.003130897181108594,,2019-03-02,,0.138
AAG6J1MH,0,0,,,,Censored No Alarm,0,0,0,0,0,1,0.00028477711020968854,,2019-01-05,,0.138
AAG6J1TH,1,1,2025-09-04,2025-10-07,33.0,Early,0,1,0,1,0,0,0.2313268631696701,0.15761031210422516,2019-03-01,2379.0,0.138
AAG6J2DH,1,0,,2024-01-03,,Missed,0,0,0,0,1,0,0.01782893016934395,,2019-03-28,,0.138
AAG6J2KH,1,1,2023-03-27,2023-10-19,206.0,Early,0,1,0,1,0,0,0.21963898837566376,0.14992207288742065,2019-01-05,1542.0,0.138
AAG6KJ6H,0,0,,,,Censored No Alarm,0,0,0,0,0,1,0.0005618082941509783,,2019-03-28,,0.138
AAG6KJPH,0,0,,,,Censored No Alarm,0,0,0,0,0,1,0.00035015176399610937,,2019-03-28,,0.138
AAG6KTJH,0,0,,,,Censored No Alarm,0,0,0,0,0,1,0.00031604524701833725,,2019-03-02,,0.138
AAG6KTRH,0,0,,,,Censored No Alarm,0,0,0,0,0,1,0.00029488964355550706,,2019-01-05,,0.138
AAG6KUAH,0,1,2026-01-20,,,Censored Early,0,0,1,1,0,0,0.19718223810195923,0.14717604219913483,2019-01-05,2572.0,0.138
AAG6KUJH,0,0,,,,Censored No Alarm,0,0,0,0,0,1,0.0004609887255355716,,2019-03-01,,0.138
AAG6KV6H,1,0,,2021-11-27,,Missed,0,0,0,0,1,0,0.02456224337220192,,2019-03-01,,0.138
AAG6L88H,0,0,,,,Censored No Alarm,0,0,0,0,0,1,0.000272535253316164,,2019-03-28,,0.138
AAG6L8VH,0,0,,,,Censored No Alarm,0,0,0,0,0,1,0.04527371749281883,,2019-03-28,,0.138
AAG6LD7H,1,0,,2025-06-16,,Missed,0,0,0,0,1,0,0.029065106064081192,,2019-03-01,,0.138
AAG6LDTH,0,0,,,,Censored No Alarm,0,0,0,0,0,1,0.0006792568019591272,,2019-03-28,,0.138
AAG6LEHH,0,0,,,,Censored No Alarm,0,0,0,0,0,1,0.0010071923024952412,,2019-03-01,,0.138
AAG6LEJH,0,0,,,,Censored No Alarm,0,0,0,0,0,1,0.0006093833362683654,,2019-03-01,,0.138
AAG6LG9H,0,0,,,,Censored No Alarm,0,0,0,0,0,1,0.00036817663931287825,,2019-01-05,,0.138
AAG6LTSH,0,0,,,,Censored No Alarm,0,0,0,0,0,1,0.004100238438695669,,2019-03-01,,0.138
AAG6M3BH,0,0,,,,Censored No Alarm,0,0,0,0,0,1,0.0019831594545394182,,2019-03-02,,0.138
AAG6M8TH,0,0,,,,Censored No Alarm,0,0,0,0,0,1,0.0002444359415676445,,2019-01-05,,0.138
AAG6MABH,0,0,,,,Censored No Alarm,0,0,0,0,0,1,0.0003557794843800366,,2019-05-04,,0.138
AAG6NEEH,0,0,,,,Censored No Alarm,0,0,0,0,0,1,0.00037531834095716476,,2019-03-28,,0.138
AAG6NP0H,1,1,2024-02-05,2024-09-22,230.0,Early,0,1,0,1,0,0,0.34533220529556274,0.1560625582933426,2019-03-01,1802.0,0.138
AAG6NPRH,1,1,2026-03-12,2026-03-12,0.0,On time,1,0,0,0,0,0,0.4782474637031555,0.4782474637031555,2019-03-01,2568.0,0.138
AAG6NRBH,1,1,2024-04-23,2024-07-11,79.0,Early,0,1,0,1,0,0,0.16584643721580505,0.1389169842004776,2019-03-28,1853.0,0.138
AAG6NRZH,0,0,,,,Censored No Alarm,0,0,0,0,0,1,0.0005832109018228948,,2019-03-28,,0.138
AAG6NS8H,0,0,,,,Censored No Alarm,0,0,0,0,0,1,0.11856941878795624,,2019-03-28,,0.138
AAG6NSKH,0,0,,,,Censored No Alarm,0,0,0,0,0,1,0.030901674181222916,,2019-01-05,,0.138
AAG6NVKH,0,0,,,,Censored No Alarm,0,0,0,0,0,1,0.0004011516575701535,,2019-01-05,,0.138
AAG6NW3H,0,0,,,,Censored No Alarm,0,0,0,0,0,1,0.00033409890602342784,,2019-06-01,,0.138
AAG6P40H,0,0,,,,Censored No Alarm,0,0,0,0,0,1,0.0002204759803134948,,2019-01-05,,0.138
AAG6P42H,0,0,,,,Censored No Alarm,0,0,0,0,0,1,0.0002477375965099782,,2019-03-01,,0.138
AAG6P4EH,0,0,,,,Censored No Alarm,0,0,0,0,0,1,0.00025002029724419117,,2019-03-28,,0.138
AAG6P9AH,0,0,,,,Censored No Alarm,0,0,0,0,0,1,0.00027564234915189445,,2019-03-01,,0.138
AAG6PWBH,0,0,,,,Censored No Alarm,0,0,0,0,0,1,0.0002853891928680241,,2019-03-02,,0.138
AAG6PY2H,0,0,,,,Censored No Alarm,0,0,0,0,0,1,0.00025554600870236754,,2019-01-05,,0.138
AAG6PYLH,0,0,,,,Censored No Alarm,0,0,0,0,0,1,0.00028566006221808493,,2019-06-01,,0.138
AAG6R0AH,0,0,,,,Censored No Alarm,0,0,0,0,0,1,0.0005682575865648687,,2019-06-01,,0.138
AAG6R2RH,0,0,,,,Censored No Alarm,0,0,0,0,0,1,0.000901221705134958,,2019-03-01,,0.138
AAG6R32H,0,0,,,,Censored No Alarm,0,0,0,0,0,1,0.005629213526844978,,2019-03-01,,0.138
AAG6R48H,0,0,,,,Censored No Alarm,0,0,0,0,0,1,0.0003370530321262777,,2019-03-28,,0.138
AAG6R8UH,0,0,,,,Censored No Alarm,0,0,0,0,0,1,0.00034560292260721326,,2019-03-28,,0.138
AAG6T4ZH,0,0,,,,Censored No Alarm,0,0,0,0,0,1,0.0005883709527552128,,2019-03-28,,0.138
AAG6T52H,1,0,,2023-06-10,,Missed,0,0,0,0,1,0,0.00040059926686808467,,2019-06-01,,0.138
AAG6T55H,0,0,,,,Censored No Alarm,0,0,0,0,0,1,0.0007625612197443843,,2019-06-01,,0.138
AAG6T5JH,0,0,,,,Censored No Alarm,0,0,0,0,0,1,0.0004093590541742742,,2019-05-16,,0.138
AAG6T7LH,0,0,,,,Censored No Alarm,0,0,0,0,0,1,0.0015106307109817863,,2019-03-01,,0.138
AAG6T9NH,0,0,,,,Censored No Alarm,0,0,0,0,0,1,0.0003555373987182975,,2019-06-01,,0.138
AAG6TA8H,0,0,,,,Censored No Alarm,0,0,0,0,0,1,0.00028885476058349013,,2019-01-05,,0.138
AAG6TAHH,0,0,,,,Censored No Alarm,0,0,0,0,0,1,0.002069279318675399,,2019-06-01,,0.138
AAG6TAKH,0,0,,,,Censored No Alarm,0,0,0,0,0,1,0.000470085593406111,,2019-06-01,,0.138
AAG6TBBH,0,0,,,,Censored No Alarm,0,0,0,0,0,1,0.0004580905952025205,,2019-03-28,,0.138
AAG6TBJH,0,0,,,,Censored No Alarm,0,0,0,0,0,1,0.00048312824219465256,,2019-01-05,,0.138
AAG6THHH,0,0,,,,Censored No Alarm,0,0,0,0,0,1,0.00048468526802025735,,2019-06-01,,0.138
AAG6THJH,0,0,,,,Censored No Alarm,0,0,0,0,0,1,0.0004960446967743337,,2019-06-01,,0.138
AAG6THLH,0,0,,,,Censored No Alarm,0,0,0,0,0,1,0.000248934724368155,,2019-05-04,,0.138
AAG6TRKH,0,0,,,,Censored No Alarm,0,0,0,0,0,1,0.0003876640403177589,,2019-05-04,,0.138
AAG6TS8H,0,0,,,,Censored No Alarm,0,0,0,0,0,1,0.01106990035623312,,2019-06-01,,0.138
AAG6TSUH,0,0,,,,Censored No Alarm,0,0,0,0,0,1,0.0003860407741740346,,2019-03-28,,0.138
AAG6TT1H,0,0,,,,Censored No Alarm,0,0,0,0,0,1,0.0006627681432291865,,2019-05-16,,0.138
AAG6TT9H,0,0,,,,Censored No Alarm,0,0,0,0,0,1,0.0002649171801749617,,2019-03-28,,0.138
AAG6TTNH,0,0,,,,Censored No Alarm,0,0,0,0,0,1,0.000578214880079031,,2019-01-05,,0.138
AAG6TUVH,0,0,,,,Censored No Alarm,0,0,0,0,0,1,0.0011109350016340613,,2019-06-01,,0.138
AAG6TVPH,0,0,,,,Censored No Alarm,0,0,0,0,0,1,0.00043465138878673315,,2019-03-28,,0.138
AAG6TY4H,0,0,,,,Censored No Alarm,0,0,0,0,0,1,0.0025580369401723146,,2019-06-01,,0.138
AAG6U5AH,0,0,,,,Censored No Alarm,0,0,0,0,0,1,0.0004881527565885335,,2019-03-01,,0.138
AAG6UKNH,0,0,,,,Censored No Alarm,0,0,0,0,0,1,0.0002243774215457961,,2019-03-28,,0.138
AAG6UMGH,0,0,,,,Censored No Alarm,0,0,0,0,0,1,0.00026975752552971244,,2019-01-05,,0.138
AAG6UMJH,0,0,,,,Censored No Alarm,0,0,0,0,0,1,0.00026059633819386363,,2019-01-05,,0.138
AAG6UNKH,0,0,,,,Censored No Alarm,0,0,0,0,0,1,0.13660533726215363,,2019-06-01,,0.138
AAG6US4H,0,0,,,,Censored No Alarm,0,0,0,0,0,1,0.0014123194850981236,,2019-03-01,,0.138
AAG6UT0H,0,0,,,,Censored No Alarm,0,0,0,0,0,1,0.0005083907744847238,,2019-06-01,,0.138
AAG6UU8H,0,0,,,,Censored No Alarm,0,0,0,0,0,1,0.051518797874450684,,2019-01-05,,0.138
AAG6UZTH,0,0,,,,Censored No Alarm,0,0,0,0,0,1,0.0004307157651055604,,2019-03-28,,0.138
AAG6V1MH,0,0,,,,Censored No Alarm,0,0,0,0,0,1,0.0005716811865568161,,2019-03-28,,0.138
AAG6V71H,0,0,,,,Censored No Alarm,0,0,0,0,0,1,0.0004558268701657653,,2019-03-01,,0.138
AAG6V7DH,0,0,,,,Censored No Alarm,0,0,0,0,0,1,0.0004955477779731154,,2019-03-01,,0.138
AAG6V7VH,0,0,,,,Censored No Alarm,0,0,0,0,0,1,0.0006174536538310349,,2019-03-01,,0.138
AAG6VHXH,0,0,,,,Censored No Alarm,0,0,0,0,0,1,0.0003924175980500877,,2019-06-01,,0.138
AAG6VJKH,0,0,,,,Censored No Alarm,0,0,0,0,0,1,0.0007509555434808135,,2019-03-28,,0.138
AAG6VM8H,0,0,,,,Censored No Alarm,0,0,0,0,0,1,0.00036711449502035975,,2019-03-28,,0.138
AAG6VMBH,0,0,,,,Censored No Alarm,0,0,0,0,0,1,0.00038272858364507556,,2019-03-01,,0.138
AAG6VMGH,0,0,,,,Censored No Alarm,0,0,0,0,0,1,0.000530992925632745,,2019-03-01,,0.138
AAG6X6JH,0,0,,,,Censored No Alarm,0,0,0,0,0,1,0.00024292066518682986,,2019-03-28,,0.138
AAG6XU7H,1,1,2019-07-02,2020-05-23,326.0,Early,0,1,0,1,0,0,0.47940972447395325,0.24577973783016205,2019-05-04,59.0,0.138
AAG6XWGH,0,0,,,,Censored No Alarm,0,0,0,0,0,1,0.0005793132004328072,,2019-03-01,,0.138
AAG6XWJH,1,0,,2025-04-04,,Missed,0,0,0,0,1,0,0.10375519096851349,,2019-03-28,,0.138
AAG6XXWH,0,0,,,,Censored No Alarm,0,0,0,0,0,1,0.00038922647945582867,,2019-01-05,,0.138
AAG6XYBH,0,0,,,,Censored No Alarm,0,0,0,0,0,1,0.00037213024916127324,,2019-06-01,,0.138
AAG6XYNH,0,0,,,,Censored No Alarm,0,0,0,0,0,1,0.0011253751581534743,,2019-06-01,,0.138
AAG6XZ6H,0,0,,,,Censored No Alarm,0,0,0,0,0,1,0.0002611970412544906,,2019-03-28,,0.138
AAG6XZNH,0,0,,,,Censored No Alarm,0,0,0,0,0,1,0.0003731161414179951,,2019-06-01,,0.138
AAG6Y0GH,0,0,,,,Censored No Alarm,0,0,0,0,0,1,0.004607386887073517,,2019-03-01,,0.138
AAG6Y0KH,0,0,,,,Censored No Alarm,0,0,0,0,0,1,0.00036538916174322367,,2019-01-05,,0.138
AAG6Y1BH,0,0,,,,Censored No Alarm,0,0,0,0,0,1,0.0004115921910852194,,2019-03-02,,0.138
AAG6Y3LH,0,0,,,,Censored No Alarm,0,0,0,0,0,1,0.0006313565536402166,,2019-03-28,,0.138
AAG6Y3UH,0,0,,,,Censored No Alarm,0,0,0,0,0,1,0.00047666692989878356,,2019-06-01,,0.138
AAG6Y41H,0,0,,,,Censored No Alarm,0,0,0,0,0,1,0.00022151901794131845,,2019-01-05,,0.138
AAG6Y46H,0,0,,,,Censored No Alarm,0,0,0,0,0,1,0.000576059683226049,,2019-06-01,,0.138
AAG6YZ1H,0,0,,,,Censored No Alarm,0,0,0,0,0,1,0.0003676293126773089,,2019-03-28,,0.138
AAG6YZ9H,0,0,,,,Censored No Alarm,0,0,0,0,0,1,0.00028522463981062174,,2019-01-05,,0.138
AAG6Z0DH,0,0,,,,Censored No Alarm,0,0,0,0,0,1,0.00020672539540100843,,2019-01-05,,0.138
AAG6Z17H,0,0,,,,Censored No Alarm,0,0,0,0,0,1,0.00033786086714826524,,2019-06-01,,0.138
AAG6Z1MH,0,0,,,,Censored No Alarm,0,0,0,0,0,1,0.0007215167279355228,,2019-03-01,,0.138
AAG6Z1XH,0,0,,,,Censored No Alarm,0,0,0,0,0,1,0.000379936711397022,,2019-03-01,,0.138
AAG6Z2DH,0,0,,,,Censored No Alarm,0,0,0,0,0,1,0.0008364659734070301,,2019-03-01,,0.138
AAG6Z2RH,0,0,,,,Censored No Alarm,0,0,0,0,0,1,0.00041981073445640504,,2019-06-01,,0.138
AAG6Z42H,1,0,,2024-11-24,,Missed,0,0,0,0,1,0,0.026107169687747955,,2019-01-05,,0.138
AAG6Z4VH,0,0,,,,Censored No Alarm,0,0,0,0,0,1,0.0012957716826349497,,2019-03-01,,0.138
AAG6Z53H,0,0,,,,Censored No Alarm,0,0,0,0,0,1,0.0005139317363500595,,2019-05-16,,0.138
AAG6ZJ9H,0,0,,,,Censored No Alarm,0,0,0,0,0,1,0.0006711668102070689,,2019-03-01,,0.138
AAG705GH,0,0,,,,Censored No Alarm,0,0,0,0,0,1,0.0005768711562268436,,2019-03-01,,0.138
AAG7078H,0,0,,,,Censored No Alarm,0,0,0,0,0,1,0.005823428742587566,,2019-05-04,,0.138
AAG70HDH,0,0,,,,Censored No Alarm,0,0,0,0,0,1,0.0003829139459412545,,2019-01-05,,0.138
AAG70JEH,0,0,,,,Censored No Alarm,0,0,0,0,0,1,0.008916033431887627,,2019-06-01,,0.138
AAG70U9H,0,0,,,,Censored No Alarm,0,0,0,0,0,1,0.004886942449957132,,2019-01-05,,0.138
AAG73ZWH,0,0,,,,Censored No Alarm,0,0,0,0,0,1,0.0005277497693896294,,2019-01-05,,0.138
AAG73ZZH,0,0,,,,Censored No Alarm,0,0,0,0,0,1,0.005217496771365404,,2019-03-28,,0.138
AAG740EH,0,0,,,,Censored No Alarm,0,0,0,0,0,1,0.00047595115029253066,,2019-01-05,,0.138
AAG740NH,0,0,,,,Censored No Alarm,0,0,0,0,0,1,0.0003263405815232545,,2019-06-01,,0.138
AAG740WH,0,0,,,,Censored No Alarm,0,0,0,0,0,1,0.00027875660452991724,,2019-03-01,,0.138
AAG740YH,0,0,,,,Censored No Alarm,0,0,0,0,0,1,0.00036247496609576046,,2019-03-28,,0.138
AAG741PH,0,0,,,,Censored No Alarm,0,0,0,0,0,1,0.00032782673952169716,,2019-03-28,,0.138
AAG742EH,0,0,,,,Censored No Alarm,0,0,0,0,0,1,0.0005328328115865588,,2019-03-28,,0.138
AAG742JH,0,0,,,,Censored No Alarm,0,0,0,0,0,1,0.008039524778723717,,2019-06-01,,0.138
AAG742WH,0,0,,,,Censored No Alarm,0,0,0,0,0,1,0.0005221086321398616,,2019-01-05,,0.138
AAG7431H,0,0,,,,Censored No Alarm,0,0,0,0,0,1,0.0002002623223233968,,2019-01-05,,0.138
AAG743EH,0,0,,,,Censored No Alarm,0,0,0,0,0,1,0.000629785587079823,,2019-06-01,,0.138
AAG743UH,0,0,,,,Censored No Alarm,0,0,0,0,0,1,0.00045422150287777185,,2019-01-05,,0.138
AAG743VH,0,0,,,,Censored No Alarm,0,0,0,0,0,1,0.007307182531803846,,2019-01-05,,0.138
AAG7454H,0,0,,,,Censored No Alarm,0,0,0,0,0,1,0.0008825681288726628,,2019-03-28,,0.138
AAG74DKH,0,0,,,,Censored No Alarm,0,0,0,0,0,1,0.00026881220401264727,,2019-05-04,,0.138
AAG74EAH,1,1,2023-05-01,2025-07-27,818.0,Early,0,1,0,1,0,0,0.48215267062187195,0.16137440502643585,2019-05-04,1458.0,0.138
AAG74EBH,0,0,,,,Censored No Alarm,0,0,0,0,0,1,0.0005390815204009414,,2019-03-28,,0.138
AAG74EYH,0,0,,,,Censored No Alarm,0,0,0,0,0,1,0.000679399527143687,,2019-06-01,,0.138
AAG74EZH,0,0,,,,Censored No Alarm,0,0,0,0,0,1,0.00034855373087339103,,2019-06-01,,0.138
AAG74VHH,0,0,,,,Censored No Alarm,0,0,0,0,0,1,0.0024850117042660713,,2019-03-01,,0.138
AAG74WRH,0,0,,,,Censored No Alarm,0,0,0,0,0,1,0.0006708995206281543,,2019-06-01,,0.138
AAG76HYH,1,1,2021-08-30,2021-09-29,30.0,On time,1,0,0,0,0,0,0.4823898375034332,0.23355361819267273,2019-03-02,912.0,0.138
AAG77A5H,0,0,,,,Censored No Alarm,0,0,0,0,0,1,0.0003217038756702095,,2019-06-01,,0.138
AAG799NH,0,0,,,,Censored No Alarm,0,0,0,0,0,1,0.0003401866415515542,,2019-03-02,,0.138
AAG79B0H,0,0,,,,Censored No Alarm,0,0,0,0,0,1,0.00043526486842893064,,2019-03-28,,0.138
AAG7A8EH,0,0,,,,Censored No Alarm,0,0,0,0,0,1,0.0007596054347231984,,2019-06-01,,0.138
AAG7A9KH,0,0,,,,Censored No Alarm,0,0,0,0,0,1,0.0004382467013783753,,2019-01-05,,0.138
AAG7ADMH,0,0,,,,Censored No Alarm,0,0,0,0,0,1,0.00041564315324649215,,2019-05-16,,0.138
AAG7AGWH,0,0,,,,Censored No Alarm,0,0,0,0,0,1,0.00030299072386696935,,2019-05-04,,0.138
AAG7AHMH,0,0,,,,Censored No Alarm,0,0,0,0,0,1,0.00029301029280759394,,2019-06-01,,0.138
AAG7BP3H,0,0,,,,Censored No Alarm,0,0,0,0,0,1,0.000567931099794805,,2019-06-01,,0.138
AAG7BPKH,0,0,,,,Censored No Alarm,0,0,0,0,0,1,0.0003617432666942477,,2019-06-01,,0.138
AAG7BRGH,0,0,,,,Censored No Alarm,0,0,0,0,0,1,0.000487927085487172,,2019-01-05,,0.138
AAG7BS8H,0,0,,,,Censored No Alarm,0,0,0,0,0,1,0.0007466253591701388,,2019-03-01,,0.138
AAG7BWAH,0,0,,,,Censored No Alarm,0,0,0,0,0,1,0.00026604984304867685,,2019-03-28,,0.138
AAG7D1SH,0,0,,,,Censored No Alarm,0,0,0,0,0,1,0.0012629288248717785,,2019-06-01,,0.138
AAG7D29H,0,0,,,,Censored No Alarm,0,0,0,0,0,1,0.00043818962876684964,,2019-03-28,,0.138
AAG7D2PH,0,0,,,,Censored No Alarm,0,0,0,0,0,1,0.00033922315924428403,,2019-06-01,,0.138
AAG7D48H,0,0,,,,Censored No Alarm,0,0,0,0,0,1,0.0008379254722967744,,2019-06-01,,0.138
AAG7D4DH,0,0,,,,Censored No Alarm,0,0,0,0,0,1,0.0011294622672721744,,2019-03-01,,0.138
AAG7D85H,0,0,,,,Censored No Alarm,0,0,0,0,0,1,0.018870122730731964,,2019-06-01,,0.138
AAG7DPYH,0,0,,,,Censored No Alarm,0,0,0,0,0,1,0.004816426429897547,,2019-03-01,,0.138
AAG7DRDH,0,0,,,,Censored No Alarm,0,0,0,0,0,1,0.0002847358409781009,,2019-03-01,,0.138
AAG7DS9H,0,0,,,,Censored No Alarm,0,0,0,0,0,1,0.030158119276165962,,2019-03-01,,0.138
AAG7DW0H,0,0,,,,Censored No Alarm,0,0,0,0,0,1,0.00042053250945173204,,2019-05-04,,0.138
AAG7E1MH,0,0,,,,Censored No Alarm,0,0,0,0,0,1,0.0005216019926592708,,2019-03-01,,0.138
AAG7E1PH,0,0,,,,Censored No Alarm,0,0,0,0,0,1,0.0004821950278710574,,2019-01-05,,0.138
AAG7E2HH,0,0,,,,Censored No Alarm,0,0,0,0,0,1,0.00044928074930794537,,2019-03-02,,0.138
AAG7LG4H,0,0,,,,Censored No Alarm,0,0,0,0,0,1,0.0006013044039718807,,2019-03-01,,0.138
AAG7LG7H,0,0,,,,Censored No Alarm,0,0,0,0,0,1,0.0006164411315694451,,2019-05-16,,0.138
AAG7LHYH,0,0,,,,Censored No Alarm,0,0,0,0,0,1,0.0004708253254648298,,2019-03-28,,0.138
AAG7LNAH,0,0,,,,Censored No Alarm,0,0,0,0,0,1,0.00039009630563668907,,2019-06-01,,0.138
AAG7LSWH,0,0,,,,Censored No Alarm,0,0,0,0,0,1,0.0002888106682803482,,2019-01-05,,0.138
AAG7LTHH,1,0,,2024-07-29,,Missed,0,0,0,0,1,0,0.13116797804832458,,2019-03-28,,0.138
AAG7LZEH,0,0,,,,Censored No Alarm,0,0,0,0,0,1,0.001790720853023231,,2019-03-02,,0.138
AAG7M25H,0,0,,,,Censored No Alarm,0,0,0,0,0,1,0.0005365164834074676,,2019-06-01,,0.138
AAG7M3NH,0,0,,,,Censored No Alarm,0,0,0,0,0,1,0.0006306054419837892,,2019-06-01,,0.138
AAG7M3TH,0,0,,,,Censored No Alarm,0,0,0,0,0,1,0.0005425884737633169,,2019-03-28,,0.138
AAG7MMDH,0,0,,,,Censored No Alarm,0,0,0,0,0,1,0.0005006745923310518,,2019-05-16,,0.138
AAG7MP8H,0,0,,,,Censored No Alarm,0,0,0,0,0,1,0.0004020515189040452,,2019-06-01,,0.138
AAG7MULH,1,1,2026-02-13,2026-03-13,28.0,On time,1,0,0,0,0,0,0.3923293948173523,0.33993878960609436,2019-03-02,2540.0,0.138
AAG7MUNH,0,0,,,,Censored No Alarm,0,0,0,0,0,1,0.012587816454470158,,2019-06-01,,0.138
AAG7MVMH,0,0,,,,Censored No Alarm,0,0,0,0,0,1,0.0003873184323310852,,2019-03-02,,0.138
AAG7N3ZH,0,0,,,,Censored No Alarm,0,0,0,0,0,1,0.0003345709410496056,,2019-03-28,,0.138
AAG7N5WH,0,0,,,,Censored No Alarm,0,0,0,0,0,1,0.00043539892067201436,,2019-03-28,,0.138
AAG7N62H,0,0,,,,Censored No Alarm,0,0,0,0,0,1,0.00032318863668479025,,2019-06-01,,0.138
AAG7N63H,0,0,,,,Censored No Alarm,0,0,0,0,0,1,0.00027209625113755465,,2019-03-28,,0.138
AAG7N6MH,0,0,,,,Censored No Alarm,0,0,0,0,0,1,0.0003569468099158257,,2019-05-04,,0.138
AAG7PPHH,1,0,,2025-10-28,,Missed,0,0,0,0,1,0,0.017078720033168793,,2019-03-02,,0.138
AAG7R02H,0,0,,,,Censored No Alarm,0,0,0,0,0,1,0.0017272480763494968,,2019-06-01,,0.138
AAG7R5VH,0,0,,,,Censored No Alarm,0,0,0,0,0,1,0.00036078639095649123,,2019-06-01,,0.138
AAG7R93H,0,0,,,,Censored No Alarm,0,0,0,0,0,1,0.000416156166465953,,2019-06-01,,0.138
AAG7RA1H,0,0,,,,Censored No Alarm,0,0,0,0,0,1,0.00046773714711889625,,2019-01-05,,0.138
AAG7RAMH,0,0,,,,Censored No Alarm,0,0,0,0,0,1,0.00452777836471796,,2019-03-02,,0.138
AAG7RBDH,0,0,,,,Censored No Alarm,0,0,0,0,0,1,0.0004027854010928422,,2019-05-04,,0.138
AAG90D8H,0,0,,,,Censored No Alarm,0,0,0,0,0,1,0.000636422832030803,,2019-05-04,,0.138
AAG9VK6H,0,0,,,,Censored No Alarm,0,0,0,0,0,1,0.0008837596396915615,,2019-03-02,,0.138
AAGA4YNH,0,0,,,,Censored No Alarm,0,0,0,0,0,1,0.000447160069597885,,2019-06-01,,0.138
AAGA7W1H,1,0,,2023-04-11,,Missed,0,0,0,0,1,0,0.12030362337827682,,2019-03-01,,0.138
AAGA9E3H,0,0,,,,Censored No Alarm,0,0,0,0,0,1,0.0003168513940181583,,2019-05-04,,0.138
AAGH3VWH,0,0,,,,Censored No Alarm,0,0,0,0,0,1,0.0007061652722768486,,2019-05-27,,0.138
AAGMU4TH,0,0,,,,Censored No Alarm,0,0,0,0,0,1,0.00039721254142932594,,2019-05-04,,0.138
AAGN9D2H,1,0,,2023-09-17,,Missed,0,0,0,0,1,0,0.00043728065793402493,,2019-05-04,,0.138
AAGP62KH,0,0,,,,Censored No Alarm,0,0,0,0,0,1,0.0008233746630139649,,2019-06-01,,0.138
AAGUS87H,0,0,,,,Censored No Alarm,0,0,0,0,0,1,0.003176304278895259,,2019-08-14,,0.138
AAGVX4UH,0,0,,,,Censored No Alarm,0,0,0,0,0,1,0.0002565972972661257,,2019-05-04,,0.138
AAGWTB0H,0,0,,,,Censored No Alarm,0,0,0,0,0,1,0.06663881987333298,,2019-06-01,,0.138
AAGXDBZH,0,1,2023-08-11,,,Censored Early,0,0,1,1,0,0,0.44342041015625,0.13851848244667053,2019-05-16,1548.0,0.138
AAGXLP2H,0,0,,,,Censored No Alarm,0,0,0,0,0,1,0.0009372043423354626,,2019-06-01,,0.138
AAGXMJSH,0,0,,,,Censored No Alarm,0,0,0,0,0,1,0.000295518955681473,,2019-05-04,,0.138
AAGXU8YH,0,0,,,,Censored No Alarm,0,0,0,0,0,1,0.00045405401033349335,,2019-05-16,,0.138
AAGXUBRH,0,0,,,,Censored No Alarm,0,0,0,0,0,1,0.0003876619739457965,,2019-05-04,,0.138
AAGXV97H,0,0,,,,Censored No Alarm,0,0,0,0,0,1,0.005007104482501745,,2024-03-13,,0.138
AAGXW8VH,0,0,,,,Censored No Alarm,0,0,0,0,0,1,0.0019311623182147741,,2019-08-14,,0.138
AAGXWUWH,0,0,,,,Censored No Alarm,0,0,0,0,0,1,0.0003013779642060399,,2019-05-04,,0.138
AAGXY3MH,1,0,,2025-04-09,,Missed,0,0,0,0,1,0,0.01088921818882227,,2019-05-16,,0.138
AAH22T7H,0,0,,,,Censored No Alarm,0,0,0,0,0,1,0.04596572741866112,,2019-05-04,,0.138
AAH4NTGH,0,0,,,,Censored No Alarm,0,0,0,0,0,1,0.00030967494240030646,,2019-05-04,,0.138
AAH6DU2H,0,1,2024-11-29,,,Censored Early,0,0,1,1,0,0,0.3005158007144928,0.1612521857023239,2019-08-14,1934.0,0.138
AAH78SAH,0,0,,,,Censored No Alarm,0,0,0,0,0,1,0.0002470304607413709,,2019-05-04,,0.138
AAH7HJSH,0,0,,,,Censored No Alarm,0,0,0,0,0,1,0.00034197376226074994,,2019-05-04,,0.138
AAH7HKHH,0,0,,,,Censored No Alarm,0,0,0,0,0,1,0.0005980426212772727,,2019-05-04,,0.138
AAH7HNDH,0,0,,,,Censored No Alarm,0,0,0,0,0,1,0.0004022920911666006,,2019-05-04,,0.138
AAH7X19H,0,0,,,,Censored No Alarm,0,0,0,0,0,1,0.00023207112099044025,,2019-05-04,,0.138
AAH86SEH,0,0,,,,Censored No Alarm,0,0,0,0,0,1,0.00023593171499669552,,2019-05-04,,0.138
AAH8BLDH,0,0,,,,Censored No Alarm,0,0,0,0,0,1,0.0006905618938617408,,2019-05-04,,0.138
AAH8HPVH,0,0,,,,Censored No Alarm,0,0,0,0,0,1,0.05341823026537895,,2019-05-04,,0.138
AAH8LPUH,0,0,,,,Censored No Alarm,0,0,0,0,0,1,0.00031044232309795916,,2019-05-04,,0.138
AAH8P7WH,0,0,,,,Censored No Alarm,0,0,0,0,0,1,0.00030738767236471176,,2019-05-27,,0.138
AAH8R0LH,0,0,,,,Censored No Alarm,0,0,0,0,0,1,0.0006456769770011306,,2019-05-04,,0.138
AAH8RG4H,0,0,,,,Censored No Alarm,0,0,0,0,0,1,0.0005898401141166687,,2019-05-04,,0.138
AAH8V76H,0,0,,,,Censored No Alarm,0,0,0,0,0,1,0.0004603392444550991,,2019-05-04,,0.138
AAH8V7KH,0,0,,,,Censored No Alarm,0,0,0,0,0,1,0.0003183137741871178,,2019-05-04,,0.138
AAH90NAH,1,0,,2023-04-19,,Missed,0,0,0,0,1,0,0.02382979728281498,,2019-05-04,,0.138
AAH919BH,0,0,,,,Censored No Alarm,0,0,0,0,0,1,0.0006442198646254838,,2019-05-04,,0.138
AAH9285H,0,0,,,,Censored No Alarm,0,0,0,0,0,1,0.00022913477732799947,,2019-05-04,,0.138
AAH92GHH,0,0,,,,Censored No Alarm,0,0,0,0,0,1,0.00040436122799292207,,2019-05-04,,0.138
AAH92HRH,0,0,,,,Censored No Alarm,0,0,0,0,0,1,0.00022079974587541074,,2019-05-04,,0.138
AAH92JGH,0,0,,,,Censored No Alarm,0,0,0,0,0,1,0.0026408741250634193,,2019-05-04,,0.138
AAH92V3H,0,0,,,,Censored No Alarm,0,0,0,0,0,1,0.0002578699204605073,,2019-05-04,,0.138
AAH9301H,1,0,,2023-12-23,,Missed,0,0,0,0,1,0,0.1378406137228012,,2019-05-04,,0.138
AAH9305H,0,0,,,,Censored No Alarm,0,0,0,0,0,1,0.0005891164182685316,,2019-05-04,,0.138
AAH9307H,1,0,,2023-04-09,,Missed,0,0,0,0,1,0,0.0003772636700887233,,2019-05-04,,0.138
AAH93MDH,0,0,,,,Censored No Alarm,0,0,0,0,0,1,0.040887318551540375,,2019-05-04,,0.138
AAH93RZH,0,0,,,,Censored No Alarm,0,0,0,0,0,1,0.0016609597951173782,,2019-05-04,,0.138
AAH953TH,0,0,,,,Censored No Alarm,0,0,0,0,0,1,0.0006398893310688436,,2019-05-04,,0.138
AAH9618H,0,0,,,,Censored No Alarm,0,0,0,0,0,1,0.0010542514501139522,,2019-05-04,,0.138
AAH9689H,0,0,,,,Censored No Alarm,0,0,0,0,0,1,0.00019570287258829921,,2019-05-04,,0.138
AAH96AUH,0,0,,,,Censored No Alarm,0,0,0,0,0,1,0.011767453514039516,,2019-05-04,,0.138
AAH97BZH,0,1,2025-06-09,,,Censored Early,0,0,1,1,0,0,0.19546496868133545,0.14749743044376373,2019-05-04,2228.0,0.138
AAH99PNH,0,0,,,,Censored No Alarm,0,0,0,0,0,1,0.0002591157390270382,,2019-05-04,,0.138
AAH9BERH,0,0,,,,Censored No Alarm,0,0,0,0,0,1,0.00046380257117561996,,2019-05-04,,0.138
AAHAS1MH,0,0,,,,Censored No Alarm,0,0,0,0,0,1,0.0004658791876863688,,2019-05-27,,0.138
AAHAS9TH,0,0,,,,Censored No Alarm,0,0,0,0,0,1,0.000464298645965755,,2019-05-27,,0.138
AAHB6YXH,0,0,,,,Censored No Alarm,0,0,0,0,0,1,0.0004470185376703739,,2019-05-27,,0.138
AAHB8Z9H,0,0,,,,Censored No Alarm,0,0,0,0,0,1,0.0006824589800089598,,2019-05-27,,0.138
AAHBKUHH,0,0,,,,Censored No Alarm,0,0,0,0,0,1,0.0005707230302505195,,2019-05-27,,0.138
AAHD7S9H,0,0,,,,Censored No Alarm,0,0,0,0,0,1,0.0004132386820856482,,2019-05-19,,0.138
AAHDJD5H,0,0,,,,Censored No Alarm,0,0,0,0,0,1,0.0005812522722408175,,2019-05-27,,0.138
AAHDJDSH,0,0,,,,Censored No Alarm,0,0,0,0,0,1,0.0003087033692281693,,2019-05-27,,0.138
AAHDJH3H,0,0,,,,Censored No Alarm,0,0,0,0,0,1,0.00034487160155549645,,2019-05-27,,0.138
AAHDUS5H,0,0,,,,Censored No Alarm,0,0,0,0,0,1,0.00032730147358961403,,2019-05-27,,0.138
AAHDUT6H,0,0,,,,Censored No Alarm,0,0,0,0,0,1,0.0004093576571904123,,2019-05-27,,0.138
AAHDYR0H,0,0,,,,Censored No Alarm,0,0,0,0,0,1,0.00048316188622266054,,2019-05-27,,0.138
AAHE23AH,0,0,,,,Censored No Alarm,0,0,0,0,0,1,0.0002197751891799271,,2019-05-27,,0.138
AAHE4SAH,0,0,,,,Censored No Alarm,0,0,0,0,0,1,0.00036704627564176917,,2019-05-27,,0.138
AAHEAGWH,0,0,,,,Censored No Alarm,0,0,0,0,0,1,0.0008661584579385817,,2019-05-27,,0.138
AAHEAHLH,0,0,,,,Censored No Alarm,0,0,0,0,0,1,0.00032764862407930195,,2019-05-27,,0.138
AAHED32H,0,0,,,,Censored No Alarm,0,0,0,0,0,1,0.00044322965550236404,,2019-05-27,,0.138
AAHED3GH,0,0,,,,Censored No Alarm,0,0,0,0,0,1,0.029611151665449142,,2019-05-27,,0.138
AAHED8NH,0,0,,,,Censored No Alarm,0,0,0,0,0,1,0.0002936733653768897,,2019-05-27,,0.138
AAHED98H,0,0,,,,Censored No Alarm,0,0,0,0,0,1,0.0004562678514048457,,2019-05-27,,0.138
AAHEEVKH,0,0,,,,Censored No Alarm,0,0,0,0,0,1,0.0002993179950863123,,2019-05-27,,0.138
AAHEHEEH,0,0,,,,Censored No Alarm,0,0,0,0,0,1,0.0002764914243016392,,2019-05-27,,0.138
AAHEHHMH,0,0,,,,Censored No Alarm,0,0,0,0,0,1,0.00027525654877536,,2019-05-27,,0.138
AAHEHJ0H,0,0,,,,Censored No Alarm,0,0,0,0,0,1,0.0006293727783486247,,2019-06-01,,0.138
AAHEHJ1H,0,0,,,,Censored No Alarm,0,0,0,0,0,1,0.0002659187593962997,,2019-05-27,,0.138
AAHEHL5H,0,0,,,,Censored No Alarm,0,0,0,0,0,1,0.0012970108073204756,,2019-05-27,,0.138
AAHEHP8H,0,0,,,,Censored No Alarm,0,0,0,0,0,1,0.0016491720452904701,,2019-05-27,,0.138
AAHEHRSH,0,0,,,,Censored No Alarm,0,0,0,0,0,1,0.000418279756559059,,2019-05-27,,0.138
AAHEHS0H,0,0,,,,Censored No Alarm,0,0,0,0,0,1,0.0002554704842623323,,2019-05-27,,0.138
AAHEHTDH,0,0,,,,Censored No Alarm,0,0,0,0,0,1,0.000360578706022352,,2019-05-27,,0.138
AAHEHTNH,0,0,,,,Censored No Alarm,0,0,0,0,0,1,0.0004476922913454473,,2019-05-27,,0.138
AAHEHTPH,0,0,,,,Censored No Alarm,0,0,0,0,0,1,0.00032958100200630724,,2019-05-27,,0.138
AAHEHVUH,0,0,,,,Censored No Alarm,0,0,0,0,0,1,0.0006344246794469655,,2019-05-27,,0.138
AAHEHY7H,0,0,,,,Censored No Alarm,0,0,0,0,0,1,0.0002839372318703681,,2019-05-27,,0.138
AAHEHZ2H,0,0,,,,Censored No Alarm,0,0,0,0,0,1,0.0004494034801609814,,2019-05-27,,0.138
AAHEHZPH,0,0,,,,Censored No Alarm,0,0,0,0,0,1,0.0005195375997573137,,2019-05-27,,0.138
AAHEHZXH,0,0,,,,Censored No Alarm,0,0,0,0,0,1,0.0007624272257089615,,2019-05-27,,0.138
AAHEJ43H,0,0,,,,Censored No Alarm,0,0,0,0,0,1,0.0003804020525421947,,2019-05-27,,0.138
AAHEJ4KH,0,0,,,,Censored No Alarm,0,0,0,0,0,1,0.000290075084194541,,2019-05-27,,0.138
AAHEJ76H,0,0,,,,Censored No Alarm,0,0,0,0,0,1,0.0002715307637117803,,2019-05-27,,0.138
AAHEJDXH,0,0,,,,Censored No Alarm,0,0,0,0,0,1,0.0011369895655661821,,2019-05-27,,0.138
AAHEJE4H,0,0,,,,Censored No Alarm,0,0,0,0,0,1,0.0004151168977841735,,2019-05-27,,0.138
AAHEJHKH,0,0,,,,Censored No Alarm,0,0,0,0,0,1,0.00026596893440000713,,2019-05-27,,0.138
AAHGYKJH,1,0,,2024-07-24,,Missed,0,0,0,0,1,0,0.004161457065492868,,2019-08-13,,0.138
AAHH59AH,0,0,,,,Censored No Alarm,0,0,0,0,0,1,0.0006319375243037939,,2019-08-14,,0.138
AAHHAXAH,0,0,,,,Censored No Alarm,0,0,0,0,0,1,0.0003399370179977268,,2019-08-13,,0.138
AAHHXJ2H,0,0,,,,Censored No Alarm,0,0,0,0,0,1,0.0004831966361962259,,2019-08-13,,0.138
AAHJG5XH,0,0,,,,Censored No Alarm,0,0,0,0,0,1,0.0008051923359744251,,2019-08-14,,0.138
AAHJP8BH,0,0,,,,Censored No Alarm,0,0,0,0,0,1,0.03976329416036606,,2019-06-01,,0.138
AAHK5PUH,0,0,,,,Censored No Alarm,0,0,0,0,0,1,0.018055187538266182,,2019-06-01,,0.138
AAHK8NRH,0,0,,,,Censored No Alarm,0,0,0,0,0,1,0.0007077252957969904,,2019-08-13,,0.138
AAHKERJH,1,0,,2026-01-13,,Missed,0,0,0,0,1,0,0.07858701050281525,,2019-08-13,,0.138
AAHKKR8H,0,0,,,,Censored No Alarm,0,0,0,0,0,1,0.0011800661450251937,,2019-08-14,,0.138
AAHKLDKH,0,0,,,,Censored No Alarm,0,0,0,0,0,1,0.0006437672418542206,,2019-06-01,,0.138
AAHKM55H,1,0,,2025-03-25,,Missed,0,0,0,0,1,0,0.0522211417555809,,2019-08-14,,0.138
AAHKMW2H,1,0,,2022-01-12,,Missed,0,0,0,0,1,0,0.00044024502858519554,,2019-06-01,,0.138
AAHKS17H,1,0,,2025-07-07,,Missed,0,0,0,0,1,0,0.09158020466566086,,2019-06-01,,0.138
AAHKWLAH,0,1,2025-05-22,,,Censored Early,0,0,1,1,0,0,0.2878444492816925,0.14005924761295319,2019-08-14,2108.0,0.138
AAHKX43H,1,0,,2019-11-25,,Missed,0,0,0,0,1,0,0.051849137991666794,,2019-08-14,,0.138
AAHKXKYH,0,0,,,,Censored No Alarm,0,0,0,0,0,1,0.024967297911643982,,2019-08-13,,0.138
AAHKXLYH,0,0,,,,Censored No Alarm,0,0,0,0,0,1,0.0009492903482168913,,2019-08-14,,0.138
AAHKXNHH,0,0,,,,Censored No Alarm,0,0,0,0,0,1,0.016348253935575485,,2019-08-14,,0.138
AAHKXZ7H,0,0,,,,Censored No Alarm,0,0,0,0,0,1,0.00035348476376384497,,2019-08-14,,0.138
AAHKYETH,0,0,,,,Censored No Alarm,0,0,0,0,0,1,0.0005277092568576336,,2019-05-16,,0.138
AAHL0PKH,0,0,,,,Censored No Alarm,0,0,0,0,0,1,0.0012533976696431637,,2019-08-13,,0.138
AAHL0TLH,0,0,,,,Censored No Alarm,0,0,0,0,0,1,0.03335642069578171,,2019-06-01,,0.138
AAHL4K8H,0,0,,,,Censored No Alarm,0,0,0,0,0,1,0.0021472973749041557,,2019-05-16,,0.138
AAHL5LRH,1,0,,2024-09-01,,Missed,0,0,0,0,1,0,0.06431392580270767,,2019-08-13,,0.138
AAHL9A9H,0,1,2026-02-07,,,Censored Early,0,0,1,1,0,0,0.14578492939472198,0.14029236137866974,2019-08-13,2370.0,0.138
AAHL9XJH,0,0,,,,Censored No Alarm,0,0,0,0,0,1,0.01595906913280487,,2019-08-14,,0.138
AAHL9XLH,0,0,,,,Censored No Alarm,0,0,0,0,0,1,0.0006040319567546248,,2019-08-14,,0.138
AAHL9Y3H,0,0,,,,Censored No Alarm,0,0,0,0,0,1,0.0007955491309985518,,2019-08-14,,0.138
AAHL9YAH,0,0,,,,Censored No Alarm,0,0,0,0,0,1,0.00036294315941631794,,2019-08-14,,0.138
AAHL9ZYH,0,0,,,,Censored No Alarm,0,0,0,0,0,1,0.0007256433018483222,,2019-08-14,,0.138
AAHLBTZH,1,1,2025-05-30,2025-07-26,57.0,Early,0,1,0,1,0,0,0.3613349199295044,0.14678111672401428,2019-08-14,2116.0,0.138
AAHLBWGH,1,1,2025-08-19,2025-08-30,11.0,On time,1,0,0,0,0,0,0.20338580012321472,0.15820953249931335,2019-08-14,2197.0,0.138
AAHLBWSH,1,0,,2023-12-11,,Missed,0,0,0,0,1,0,0.11585229635238647,,2019-08-13,,0.138
AAHLBXVH,0,0,,,,Censored No Alarm,0,0,0,0,0,1,0.01993885450065136,,2019-08-14,,0.138
AAHLD3UH,1,0,,2025-03-11,,Missed,0,0,0,0,1,0,0.10054034739732742,,2019-08-13,,0.138
AAHLS5JH,0,0,,,,Censored No Alarm,0,0,0,0,0,1,0.0005208103684708476,,2019-05-16,,0.138
AAHLS7ZH,0,0,,,,Censored No Alarm,0,0,0,0,0,1,0.00030200183391571045,,2019-05-16,,0.138
AAHLS8YH,0,0,,,,Censored No Alarm,0,0,0,0,0,1,0.00978170521557331,,2019-05-16,,0.138
AAHLS9UH,0,0,,,,Censored No Alarm,0,0,0,0,0,1,0.0005068844766356051,,2019-05-16,,0.138
AAHLV30H,0,0,,,,Censored No Alarm,0,0,0,0,0,1,0.00027576874708756804,,2019-05-16,,0.138
AAHLV40H,1,0,,2019-08-05,,Missed,0,0,0,0,1,0,0.06480371206998825,,2019-05-16,,0.138
AAHLV47H,0,0,,,,Censored No Alarm,0,0,0,0,0,1,0.00035317367292009294,,2019-05-16,,0.138
AAHLVTVH,0,0,,,,Censored No Alarm,0,0,0,0,0,1,0.00043408104102127254,,2019-05-27,,0.138
AAHLWE3H,0,0,,,,Censored No Alarm,0,0,0,0,0,1,0.00039860940887592733,,2019-05-27,,0.138
AAHLWKXH,0,0,,,,Censored No Alarm,0,0,0,0,0,1,0.0005128534976392984,,2019-05-16,,0.138
AAHLWM3H,0,0,,,,Censored No Alarm,0,0,0,0,0,1,0.0008315404993481934,,2019-05-27,,0.138
AAHLXJ1H,0,0,,,,Censored No Alarm,0,0,0,0,0,1,0.012187534943223,,2019-05-04,,0.138
AAHLXJ9H,0,0,,,,Censored No Alarm,0,0,0,0,0,1,0.00023516116198152304,,2019-05-04,,0.138
AAHLXL5H,0,0,,,,Censored No Alarm,0,0,0,0,0,1,0.0007334390538744628,,2019-08-13,,0.138
AAHLXTXH,0,0,,,,Censored No Alarm,0,0,0,0,0,1,0.025654634460806847,,2019-05-16,,0.138
AAHLY01H,0,0,,,,Censored No Alarm,0,0,0,0,0,1,0.0002479779359418899,,2019-05-27,,0.138
AAHLY04H,0,0,,,,Censored No Alarm,0,0,0,0,0,1,0.00031999091152101755,,2019-05-04,,0.138
AAHLY2TH,0,0,,,,Censored No Alarm,0,0,0,0,0,1,0.0006914502009749413,,2019-05-27,,0.138
AAHLY31H,1,1,2024-05-19,2025-07-25,432.0,Early,0,1,0,1,0,0,0.2621597647666931,0.15401175618171692,2019-08-13,1741.0,0.138
AAHLYJRH,0,0,,,,Censored No Alarm,0,0,0,0,0,1,0.0005627460777759552,,2019-05-27,,0.138
AAHLYY6H,0,0,,,,Censored No Alarm,0,0,0,0,0,1,0.0004393454873934388,,2019-05-16,,0.138
AAHM227H,0,0,,,,Censored No Alarm,0,0,0,0,0,1,0.0012932048412039876,,2019-08-13,,0.138
AAHM4E6H,0,0,,,,Censored No Alarm,0,0,0,0,0,1,0.00042064397712238133,,2019-05-27,,0.138
AAHM4HSH,0,0,,,,Censored No Alarm,0,0,0,0,0,1,0.0002483273856341839,,2019-05-04,,0.138
AAHM4KJH,0,0,,,,Censored No Alarm,0,0,0,0,0,1,0.0005659884191118181,,2019-08-13,,0.138
AAHM4S6H,0,0,,,,Censored No Alarm,0,0,0,0,0,1,0.00037047802470624447,,2019-05-04,,0.138
AAHM4S8H,0,0,,,,Censored No Alarm,0,0,0,0,0,1,0.0002462791162542999,,2019-05-04,,0.138
AAHM4SSH,0,0,,,,Censored No Alarm,0,0,0,0,0,1,0.00048823695397004485,,2019-05-04,,0.138
AAHM4T2H,0,0,,,,Censored No Alarm,0,0,0,0,0,1,0.0002660889003891498,,2019-05-04,,0.138
AAHM4T6H,0,0,,,,Censored No Alarm,0,0,0,0,0,1,0.0004457458562683314,,2019-08-13,,0.138
AAHM4TRH,0,0,,,,Censored No Alarm,0,0,0,0,0,1,0.0003476207493804395,,2019-08-13,,0.138
AAHM4UYH,0,0,,,,Censored No Alarm,0,0,0,0,0,1,0.00025259627727791667,,2019-05-04,,0.138
AAHM4WBH,0,0,,,,Censored No Alarm,0,0,0,0,0,1,0.0002602502063382417,,2019-05-16,,0.138
AAHM4WEH,0,0,,,,Censored No Alarm,0,0,0,0,0,1,0.0002495535300113261,,2019-05-04,,0.138
AAHM4XGH,0,0,,,,Censored No Alarm,0,0,0,0,0,1,0.0008053918718360364,,2019-08-14,,0.138
AAHM5Z4H,0,0,,,,Censored No Alarm,0,0,0,0,0,1,0.0003331437474116683,,2019-05-04,,0.138
AAHM5Z9H,0,0,,,,Censored No Alarm,0,0,0,0,0,1,0.007977851666510105,,2019-05-04,,0.138
AAHM5ZHH,0,0,,,,Censored No Alarm,0,0,0,0,0,1,0.0002091714704874903,,2019-05-04,,0.138
AAHMD6GH,0,0,,,,Censored No Alarm,0,0,0,0,0,1,0.0002983763406518847,,2019-05-04,,0.138
AAHME7KH,0,0,,,,Censored No Alarm,0,0,0,0,0,1,0.0009501870954409242,,2019-05-16,,0.138
AAHMGV8H,0,0,,,,Censored No Alarm,0,0,0,0,0,1,0.0003289974119979888,,2019-05-27,,0.138
AAHMH4LH,0,0,,,,Censored No Alarm,0,0,0,0,0,1,0.00024261930957436562,,2019-05-04,,0.138
AAHML65H,0,0,,,,Censored No Alarm,0,0,0,0,0,1,0.0005138869164511561,,2019-05-16,,0.138
AAHMN38H,0,0,,,,Censored No Alarm,0,0,0,0,0,1,0.00046837047557346523,,2019-05-16,,0.138
AAHMR03H,1,0,,2025-11-26,,Missed,0,0,0,0,1,0,0.11938805878162384,,2019-05-16,,0.138
AAHMR2ZH,1,0,,2024-01-31,,Missed,0,0,0,0,1,0,0.0004871707933489233,,2019-05-16,,0.138
AAHMSNRH,0,0,,,,Censored No Alarm,0,0,0,0,0,1,0.00041508147842250764,,2019-05-16,,0.138
AAHMUYLH,0,0,,,,Censored No Alarm,0,0,0,0,0,1,0.0006924852496013045,,2019-05-16,,0.138
AAHMW6RH,0,0,,,,Censored No Alarm,0,0,0,0,0,1,0.000804579583927989,,2019-05-16,,0.138
AAHMW7NH,0,0,,,,Censored No Alarm,0,0,0,0,0,1,0.00043815228855237365,,2019-05-16,,0.138
