serial_number,has_failed,alarm_triggered,first_alarm_date,actual_failure_date,days_to_failure_at_alarm,category,is_hit,is_fp_early,is_fp_cens,is_false_alarm,is_miss,is_correct_rejection,max_predicted_score,alarm_predicted_score,first_seen_date,days_since_observed,threshold_used
2AG61PSY,0,0,,,,Censored No Alarm,0,0,0,0,0,1,0.0008497360977344215,,2019-05-27,,0.157
2AG8AVRY,0,0,,,,Censored No Alarm,0,0,0,0,0,1,0.0009302921243943274,,2019-08-14,,0.157
2AGEGU7Y,0,0,,,,Censored No Alarm,0,0,0,0,0,1,0.0012939575826749206,,2019-05-27,,0.157
2AGEU1JY,0,0,,,,Censored No Alarm,0,0,0,0,0,1,0.1531469225883484,,2019-06-01,,0.157
2AGG48NY,0,0,,,,Censored No Alarm,0,0,0,0,0,1,0.0007135276682674885,,2019-05-27,,0.157
2AGG7H1Y,0,0,,,,Censored No Alarm,0,0,0,0,0,1,0.0008821834926493466,,2019-05-27,,0.157
2AGGHGJY,1,0,,2024-11-19,,Missed,0,0,0,0,1,0,0.0897330790758133,,2019-05-16,,0.157
2AGGHLEY,0,0,,,,Censored No Alarm,0,0,0,0,0,1,0.0012794786598533392,,2019-06-01,,0.157
2AGGHM0Y,0,0,,,,Censored No Alarm,0,0,0,0,0,1,0.0005541586433537304,,2019-05-27,,0.157
2AGGHMUY,0,0,,,,Censored No Alarm,0,0,0,0,0,1,0.0008307817624881864,,2019-05-16,,0.157
2AGGHR1Y,0,0,,,,Censored No Alarm,0,0,0,0,0,1,0.0034700175747275352,,2019-05-27,,0.157
2AGGHR7Y,0,0,,,,Censored No Alarm,0,0,0,0,0,1,0.0006923855980858207,,2019-05-27,,0.157
2AGGL0UY,1,1,2022-02-26,2022-02-27,1.0,On time,1,0,0,0,0,0,0.5364042520523071,0.40906262397766113,2019-05-27,1006.0,0.157
2AGGR3NY,0,0,,,,Censored No Alarm,0,0,0,0,0,1,0.02522193267941475,,2019-05-27,,0.157
2AGGZNJY,0,0,,,,Censored No Alarm,0,0,0,0,0,1,0.0013358008582144976,,2019-05-27,,0.157
2AGH31BY,1,0,,2023-11-01,,Missed,0,0,0,0,1,0,0.0297575481235981,,2019-05-27,,0.157
2AGH31PY,1,0,,2024-11-18,,Missed,0,0,0,0,1,0,0.042443402111530304,,2019-05-27,,0.157
2AGH33SY,1,1,2025-03-02,2025-05-08,67.0,Early,0,1,0,1,0,0,0.29039597511291504,0.18098007142543793,2019-05-27,2106.0,0.157
2AGH34HY,0,0,,,,Censored No Alarm,0,0,0,0,0,1,0.05994638800621033,,2019-05-27,,0.157
2AGH34PY,0,0,,,,Censored No Alarm,0,0,0,0,0,1,0.000686713436152786,,2019-05-27,,0.157
2AGH35GY,0,0,,,,Censored No Alarm,0,0,0,0,0,1,0.0013787393691018224,,2019-05-27,,0.157
2AGHB9XY,1,0,,2024-12-02,,Missed,0,0,0,0,1,0,0.02410248853266239,,2019-05-27,,0.157
2AGHDYHY,0,0,,,,Censored No Alarm,0,0,0,0,0,1,0.001399607746861875,,2019-05-27,,0.157
2AGHEP9Y,1,0,,2024-07-26,,Missed,0,0,0,0,1,0,0.015795307233929634,,2019-05-27,,0.157
2AGHGR1Y,0,0,,,,Censored No Alarm,0,0,0,0,0,1,0.0007773677934892476,,2019-05-27,,0.157
2AGHGRLY,0,0,,,,Censored No Alarm,0,0,0,0,0,1,0.0007776212296448648,,2019-05-27,,0.157
2AGHGRRY,0,0,,,,Censored No Alarm,0,0,0,0,0,1,0.0010318002896383405,,2019-05-27,,0.157
2AGHJD4Y,0,1,2025-08-29,,,Censored Early,0,0,1,1,0,0,0.19356952607631683,0.16384033858776093,2019-06-01,2281.0,0.157
2AGHK55Y,0,0,,,,Censored No Alarm,0,0,0,0,0,1,0.0007130409358069301,,2019-05-27,,0.157
2AGHK8MY,0,0,,,,Censored No Alarm,0,0,0,0,0,1,0.0006432858062908053,,2019-05-27,,0.157
2AGHLEUY,1,0,,2023-11-06,,Missed,0,0,0,0,1,0,0.013581287115812302,,2019-05-27,,0.157
2AGHLGTY,1,1,2025-03-01,2025-08-05,157.0,Early,0,1,0,1,0,0,0.16049034893512726,0.16049034893512726,2019-05-27,2105.0,0.157
2AGHLKHY,0,0,,,,Censored No Alarm,0,0,0,0,0,1,0.0011006344575434923,,2019-05-27,,0.157
2AGHLMXY,0,0,,,,Censored No Alarm,0,0,0,0,0,1,0.000958031159825623,,2019-05-27,,0.157
2AGHLN0Y,0,0,,,,Censored No Alarm,0,0,0,0,0,1,0.000949030858464539,,2019-05-27,,0.157
2AGHMUTY,0,0,,,,Censored No Alarm,0,0,0,0,0,1,0.0006881203153170645,,2019-05-27,,0.157
2AGHMUYY,0,0,,,,Censored No Alarm,0,0,0,0,0,1,0.002327549736946821,,2019-06-01,,0.157
2AGHMW5Y,0,0,,,,Censored No Alarm,0,0,0,0,0,1,0.05076713114976883,,2019-05-27,,0.157
2AGHMXGY,1,0,,2023-05-14,,Missed,0,0,0,0,1,0,0.007900414988398552,,2019-05-27,,0.157
2AGHMYTY,0,0,,,,Censored No Alarm,0,0,0,0,0,1,0.06516657769680023,,2019-05-27,,0.157
2AGHMZMY,0,0,,,,Censored No Alarm,0,0,0,0,0,1,0.0005295148002915084,,2019-05-27,,0.157
2AGHN0TY,1,1,2020-07-26,2020-10-22,88.0,Early,0,1,0,1,0,0,0.5344142317771912,0.23615717887878418,2019-05-27,426.0,0.157
2AGHN0WY,0,0,,,,Censored No Alarm,0,0,0,0,0,1,0.0022611678577959538,,2019-05-27,,0.157
2AGHN16Y,0,0,,,,Censored No Alarm,0,0,0,0,0,1,0.001015442656353116,,2019-05-27,,0.157
2AGHN2AY,0,0,,,,Censored No Alarm,0,0,0,0,0,1,0.0006219192873686552,,2019-05-27,,0.157
2AGHN3XY,0,0,,,,Censored No Alarm,0,0,0,0,0,1,0.0014186551561579108,,2019-05-27,,0.157
2AGHPDKY,0,0,,,,Censored No Alarm,0,0,0,0,0,1,0.0007851102855056524,,2019-05-27,,0.157
2AGHSJ4Y,0,0,,,,Censored No Alarm,0,0,0,0,0,1,0.0006153457798063755,,2019-05-27,,0.157
2AGHSS9Y,0,0,,,,Censored No Alarm,0,0,0,0,0,1,0.0008212731336243451,,2019-05-27,,0.157
2AGHTBYY,1,1,2023-09-15,2025-01-25,498.0,Early,0,1,0,1,0,0,0.5230396389961243,0.18107976019382477,2019-05-27,1572.0,0.157
2AGHTGEY,1,0,,2023-03-14,,Missed,0,0,0,0,1,0,0.09561362862586975,,2019-05-27,,0.157
2AGHTKBY,0,0,,,,Censored No Alarm,0,0,0,0,0,1,0.00840417854487896,,2019-05-27,,0.157
2AGLY65Y,1,0,,2023-11-20,,Missed,0,0,0,0,1,0,0.013775727711617947,,2019-08-13,,0.157
2AGM231Y,0,0,,,,Censored No Alarm,0,0,0,0,0,1,0.0009721562382765114,,2019-05-04,,0.157
2AGM23NY,0,0,,,,Censored No Alarm,0,0,0,0,0,1,0.0010154987685382366,,2019-05-04,,0.157
2AGM5UVY,0,0,,,,Censored No Alarm,0,0,0,0,0,1,0.13028709590435028,,2019-05-16,,0.157
2AGM5V7Y,1,1,2024-12-22,2025-12-05,348.0,Early,0,1,0,1,0,0,0.4154905378818512,0.2306646704673767,2019-05-16,2047.0,0.157
2AGM5VBY,0,0,,,,Censored No Alarm,0,0,0,0,0,1,0.08736338466405869,,2019-05-16,,0.157
2AGM5VHY,1,0,,2025-01-18,,Missed,0,0,0,0,1,0,0.005823928862810135,,2019-08-14,,0.157
2AGM5W9Y,1,0,,2025-01-16,,Missed,0,0,0,0,1,0,0.052525587379932404,,2019-05-16,,0.157
2AGM5YEY,0,0,,,,Censored No Alarm,0,0,0,0,0,1,0.008651797659695148,,2019-05-04,,0.157
2AGM8EMY,1,0,,2024-10-29,,Missed,0,0,0,0,1,0,0.1156860813498497,,2019-05-16,,0.157
2AGM8EUY,0,0,,,,Censored No Alarm,0,0,0,0,0,1,0.0013356698909774423,,2019-05-27,,0.157
2AGM8J2Y,0,0,,,,Censored No Alarm,0,0,0,0,0,1,0.002116232877597213,,2019-05-16,,0.157
2AGM8JAY,0,0,,,,Censored No Alarm,0,0,0,0,0,1,0.0008617258281446993,,2019-05-16,,0.157
2AGM8LNY,0,1,2024-10-24,,,Censored Early,0,0,1,1,0,0,0.22468583285808563,0.18619738519191742,2019-05-04,2000.0,0.157
2AGM8RJY,0,0,,,,Censored No Alarm,0,0,0,0,0,1,0.016128331422805786,,2019-08-13,,0.157
2AGM8RTY,0,0,,,,Censored No Alarm,0,0,0,0,0,1,0.024557014927268028,,2019-05-16,,0.157
2AGM8UNY,1,1,2025-10-23,2026-03-12,140.0,Early,0,1,0,1,0,0,0.48612308502197266,0.165035218000412,2019-08-13,2263.0,0.157
2AGM8V7Y,0,0,,,,Censored No Alarm,0,0,0,0,0,1,0.0013546317350119352,,2019-05-16,,0.157
2AGM9MXY,1,0,,2025-09-21,,Missed,0,0,0,0,1,0,0.027475904673337936,,2019-05-04,,0.157
2AGM9PJY,0,0,,,,Censored No Alarm,0,0,0,0,0,1,0.14362062513828278,,2019-05-04,,0.157
2AGM9RGY,1,0,,2022-12-23,,Missed,0,0,0,0,1,0,0.002378540113568306,,2019-05-16,,0.157
2AGM9S6Y,0,0,,,,Censored No Alarm,0,0,0,0,0,1,0.012268837541341782,,2019-05-16,,0.157
2AGM9SDY,0,0,,,,Censored No Alarm,0,0,0,0,0,1,0.0006595466984435916,,2019-05-04,,0.157
2AGM9U1Y,0,0,,,,Censored No Alarm,0,0,0,0,0,1,0.0004478016053326428,,2019-05-16,,0.157
2AGMDJKY,0,0,,,,Censored No Alarm,0,0,0,0,0,1,0.0009882692247629166,,2019-05-04,,0.157
2AGMDUAY,1,0,,2023-02-04,,Missed,0,0,0,0,1,0,0.003723839996382594,,2019-05-16,,0.157
2AGMDY1Y,0,0,,,,Censored No Alarm,0,0,0,0,0,1,0.030776621773838997,,2019-08-14,,0.157
2AGME0XY,1,1,2024-01-17,2024-05-29,133.0,Early,0,1,0,1,0,0,0.20065230131149292,0.16428975760936737,2019-05-16,1707.0,0.157
2AGME3BY,0,0,,,,Censored No Alarm,0,0,0,0,0,1,0.006672441493719816,,2019-05-16,,0.157
2AGME9PY,1,0,,2024-08-06,,Missed,0,0,0,0,1,0,0.095543771982193,,2019-08-13,,0.157
2AGMGAYY,0,0,,,,Censored No Alarm,0,0,0,0,0,1,0.0015456554247066379,,2019-05-16,,0.157
2AGMGDPY,0,0,,,,Censored No Alarm,0,0,0,0,0,1,0.0013357073767110705,,2019-08-13,,0.157
2AGMGKLY,0,0,,,,Censored No Alarm,0,0,0,0,0,1,0.0007055756286717951,,2019-08-13,,0.157
2AGMGXEY,0,0,,,,Censored No Alarm,0,0,0,0,0,1,0.0009719570516608655,,2019-08-14,,0.157
2AGMH2YY,1,0,,2024-12-10,,Missed,0,0,0,0,1,0,0.08967635035514832,,2019-05-16,,0.157
2AGMH3JY,0,0,,,,Censored No Alarm,0,0,0,0,0,1,0.0007019710610620677,,2019-05-16,,0.157
2AGMHK6Y,0,0,,,,Censored No Alarm,0,0,0,0,0,1,0.006734325084835291,,2019-05-04,,0.157
2AGMHPEY,1,0,,2024-06-25,,Missed,0,0,0,0,1,0,0.007733580190688372,,2019-06-01,,0.157
2AGMHRYY,1,0,,2024-05-16,,Missed,0,0,0,0,1,0,0.15076491236686707,,2019-05-16,,0.157
2AGMHTLY,0,0,,,,Censored No Alarm,0,0,0,0,0,1,0.0009930733358487487,,2019-05-04,,0.157
2AGMHU7Y,1,0,,2024-07-08,,Missed,0,0,0,0,1,0,0.010274404659867287,,2019-05-04,,0.157
2AGMHVTY,0,0,,,,Censored No Alarm,0,0,0,0,0,1,0.0009763968409970403,,2019-05-16,,0.157
2AGMHWAY,1,0,,2023-09-22,,Missed,0,0,0,0,1,0,0.1216241717338562,,2019-08-14,,0.157
2AGMHXDY,1,1,2025-05-30,2025-06-02,3.0,On time,1,0,0,0,0,0,0.47625139355659485,0.23448911309242249,2019-08-13,2117.0,0.157
2AGMHY3Y,1,0,,2025-11-18,,Missed,0,0,0,0,1,0,0.021726448088884354,,2019-08-14,,0.157
2AGMHY5Y,0,0,,,,Censored No Alarm,0,0,0,0,0,1,0.0010721326107159257,,2019-08-13,,0.157
2AGMJ35Y,0,0,,,,Censored No Alarm,0,0,0,0,0,1,0.0009616177994757891,,2019-05-04,,0.157
2AGMJ3JY,0,0,,,,Censored No Alarm,0,0,0,0,0,1,0.001235790317878127,,2019-05-16,,0.157
2AGMJ3TY,0,0,,,,Censored No Alarm,0,0,0,0,0,1,0.0011133537627756596,,2019-08-14,,0.157
2AGMJ47Y,0,0,,,,Censored No Alarm,0,0,0,0,0,1,0.0010730026988312602,,2019-06-01,,0.157
2AGMJ5BY,1,0,,2021-05-03,,Missed,0,0,0,0,1,0,0.00017592783842701465,,2019-05-04,,0.157
2AGMKV4Y,1,1,2025-12-11,2026-01-28,48.0,Early,0,1,0,1,0,0,0.5447470545768738,0.16032180190086365,2019-05-04,2413.0,0.157
2AGMKVHY,1,0,,2023-05-06,,Missed,0,0,0,0,1,0,0.04707064479589462,,2019-08-13,,0.157
2AGMKVTY,1,0,,2024-12-04,,Missed,0,0,0,0,1,0,0.03451887518167496,,2019-08-14,,0.157
2AGMLMLY,0,0,,,,Censored No Alarm,0,0,0,0,0,1,0.1047876849770546,,2019-08-14,,0.157
2AGMLSZY,1,1,2020-07-14,2020-07-30,16.0,On time,1,0,0,0,0,0,0.5691717267036438,0.20916405320167542,2019-05-16,425.0,0.157
2AGMLT7Y,0,0,,,,Censored No Alarm,0,0,0,0,0,1,0.022294655442237854,,2019-05-16,,0.157
2AGMLWNY,0,0,,,,Censored No Alarm,0,0,0,0,0,1,0.07694156467914581,,2019-08-14,,0.157
2AGMLZLY,1,1,2026-02-11,2026-02-11,0.0,On time,1,0,0,0,0,0,0.1943960040807724,0.1943960040807724,2019-05-16,2463.0,0.157
2AGMM0UY,0,1,2020-01-22,,,Censored Early,0,0,1,1,0,0,0.16346201300621033,0.15840335190296173,2019-05-16,251.0,0.157
2AGMMNKY,0,0,,,,Censored No Alarm,0,0,0,0,0,1,0.026009395718574524,,2019-06-01,,0.157
2AGMMU1Y,0,0,,,,Censored No Alarm,0,0,0,0,0,1,0.000983775476925075,,2019-05-16,,0.157
2AGMMU4Y,0,0,,,,Censored No Alarm,0,0,0,0,0,1,0.0010480777127668262,,2019-08-14,,0.157
2AGMNB7Y,1,0,,2023-03-30,,Missed,0,0,0,0,1,0,0.08371919393539429,,2019-05-16,,0.157
2AGMNBEY,0,0,,,,Censored No Alarm,0,0,0,0,0,1,0.0010132268071174622,,2019-05-16,,0.157
2AGMND4Y,1,1,2025-10-01,2025-10-27,26.0,On time,1,0,0,0,0,0,0.5413360595703125,0.17412734031677246,2019-05-04,2342.0,0.157
2AGMNE1Y,1,1,2025-07-03,2025-11-26,146.0,Early,0,1,0,1,0,0,0.5509395599365234,0.25495636463165283,2019-05-16,2240.0,0.157
2AGMNEBY,1,1,2023-02-22,2024-08-05,530.0,Early,0,1,0,1,0,0,0.28984159231185913,0.26879769563674927,2019-05-04,1390.0,0.157
2AGMNG0Y,0,1,2024-05-06,,,Censored Early,0,0,1,1,0,0,0.21663706004619598,0.1742568165063858,2019-05-16,1817.0,0.157
2AGMNJKY,1,1,2024-07-20,2025-09-29,436.0,Early,0,1,0,1,0,0,0.5286428928375244,0.15995626151561737,2019-05-16,1892.0,0.157
2AGMNM8Y,0,0,,,,Censored No Alarm,0,0,0,0,0,1,0.03569298982620239,,2019-08-14,,0.157
2AGMNMWY,1,0,,2023-05-10,,Missed,0,0,0,0,1,0,0.044846516102552414,,2019-05-16,,0.157
2AGMNTXY,0,0,,,,Censored No Alarm,0,0,0,0,0,1,0.0013769514625892043,,2019-05-16,,0.157
2AGMNUVY,0,0,,,,Censored No Alarm,0,0,0,0,0,1,0.0007803150219842792,,2019-05-04,,0.157
2AGMNWBY,0,0,,,,Censored No Alarm,0,0,0,0,0,1,0.0006736076320521533,,2019-08-13,,0.157
2AGMNXRY,0,0,,,,Censored No Alarm,0,0,0,0,0,1,0.062144435942173004,,2019-08-13,,0.157
2AGMP7ZY,0,0,,,,Censored No Alarm,0,0,0,0,0,1,0.0013795406557619572,,2019-08-14,,0.157
2AGMPBWY,0,0,,,,Censored No Alarm,0,0,0,0,0,1,0.06562738865613937,,2019-05-16,,0.157
2AGMPD8Y,1,0,,2023-11-21,,Missed,0,0,0,0,1,0,0.0005388670251704752,,2019-08-13,,0.157
2AGMPK3Y,0,0,,,,Censored No Alarm,0,0,0,0,0,1,0.02890627644956112,,2019-05-04,,0.157
2AGMPL7Y,1,0,,2025-02-27,,Missed,0,0,0,0,1,0,0.08423616737127304,,2019-05-16,,0.157
2AGMPP1Y,0,0,,,,Censored No Alarm,0,0,0,0,0,1,0.003826893400400877,,2019-05-16,,0.157
2AGMPP4Y,1,1,2025-09-11,2025-09-23,12.0,On time,1,0,0,0,0,0,0.5448312759399414,0.4995834231376648,2019-05-16,2310.0,0.157
2AGMPPGY,0,0,,,,Censored No Alarm,0,0,0,0,0,1,0.001052588690072298,,2019-05-16,,0.157
2AGMPSSY,0,0,,,,Censored No Alarm,0,0,0,0,0,1,0.0009743557311594486,,2019-05-16,,0.157
2AGMPT2Y,0,0,,,,Censored No Alarm,0,0,0,0,0,1,0.0011009753216058016,,2019-05-16,,0.157
2AGMPZ8Y,0,0,,,,Censored No Alarm,0,0,0,0,0,1,0.0009460647124797106,,2019-08-14,,0.157
2AGMS6PY,0,0,,,,Censored No Alarm,0,0,0,0,0,1,0.0008725575171411037,,2019-08-14,,0.157
2AGMSHHY,1,0,,2022-08-12,,Missed,0,0,0,0,1,0,0.00035858360934071243,,2019-05-04,,0.157
2AGMTK0Y,1,1,2025-08-30,2025-08-30,0.0,On time,1,0,0,0,0,0,0.5275126695632935,0.5275126695632935,2019-05-16,2298.0,0.157
2AGMTL0Y,1,0,,2023-04-17,,Missed,0,0,0,0,1,0,0.0005524523439817131,,2019-05-04,,0.157
2AGMTXAY,0,0,,,,Censored No Alarm,0,0,0,0,0,1,0.000912280345801264,,2019-08-13,,0.157
2AGMUBMY,0,0,,,,Censored No Alarm,0,0,0,0,0,1,0.0013992724707350135,,2019-06-01,,0.157
2AGMUBRY,1,0,,2024-08-04,,Missed,0,0,0,0,1,0,0.0016881137853488326,,2019-08-13,,0.157
2AGMV9UY,0,0,,,,Censored No Alarm,0,0,0,0,0,1,0.0009099208400584757,,2019-08-13,,0.157
2AGMVDDY,0,0,,,,Censored No Alarm,0,0,0,0,0,1,0.001348961377516389,,2019-05-16,,0.157
2AGMWHVY,1,0,,2024-07-19,,Missed,0,0,0,0,1,0,0.054072801023721695,,2019-05-16,,0.157
2AGMZLMY,1,0,,2023-05-16,,Missed,0,0,0,0,1,0,0.11438026279211044,,2019-08-13,,0.157
2AGN038Y,0,0,,,,Censored No Alarm,0,0,0,0,0,1,0.0008643956971354783,,2019-08-13,,0.157
2AGN03MY,0,0,,,,Censored No Alarm,0,0,0,0,0,1,0.0007505785906687379,,2019-08-13,,0.157
2AGN05MY,0,0,,,,Censored No Alarm,0,0,0,0,0,1,0.0011091860942542553,,2019-08-13,,0.157
2AGN071Y,0,0,,,,Censored No Alarm,0,0,0,0,0,1,0.0021436449605971575,,2019-08-13,,0.157
2AGN07AY,0,0,,,,Censored No Alarm,0,0,0,0,0,1,0.001186502631753683,,2019-08-14,,0.157
2AGN17RY,0,0,,,,Censored No Alarm,0,0,0,0,0,1,0.0005761151551268995,,2019-08-13,,0.157
2AGN1YNY,0,0,,,,Censored No Alarm,0,0,0,0,0,1,0.0009067847277037799,,2019-08-14,,0.157
2AGN29AY,0,0,,,,Censored No Alarm,0,0,0,0,0,1,0.0007746986229903996,,2019-08-14,,0.157
2AGN43EY,0,0,,,,Censored No Alarm,0,0,0,0,0,1,0.07349909096956253,,2019-08-13,,0.157
2AGN5A3Y,0,0,,,,Censored No Alarm,0,0,0,0,0,1,0.0007482311921194196,,2019-06-01,,0.157
2AGN7GZY,0,0,,,,Censored No Alarm,0,0,0,0,0,1,0.0008571901707910001,,2019-08-13,,0.157
2AGN7XVY,0,0,,,,Censored No Alarm,0,0,0,0,0,1,0.08474427461624146,,2019-08-14,,0.157
2AGN7XYY,0,0,,,,Censored No Alarm,0,0,0,0,0,1,0.014299680478870869,,2019-05-27,,0.157
2AGN853Y,0,0,,,,Censored No Alarm,0,0,0,0,0,1,0.0008763084770180285,,2019-08-14,,0.157
2AGN8H9Y,0,0,,,,Censored No Alarm,0,0,0,0,0,1,0.0009553004056215286,,2019-08-14,,0.157
2AGN8Y9Y,0,0,,,,Censored No Alarm,0,0,0,0,0,1,0.024052031338214874,,2019-08-13,,0.157
2AGN8ZGY,0,0,,,,Censored No Alarm,0,0,0,0,0,1,0.00198990385979414,,2019-06-01,,0.157
2AGN90RY,1,0,,2023-12-07,,Missed,0,0,0,0,1,0,0.05411840230226517,,2019-08-14,,0.157
2AGN9N4Y,1,1,2025-01-27,2025-03-06,38.0,Early,0,1,0,1,0,0,0.26852482557296753,0.1611844301223755,2019-08-13,1994.0,0.157
2AGNAK7Y,0,0,,,,Censored No Alarm,0,0,0,0,0,1,0.0010571364546194673,,2019-08-14,,0.157
2AGNAKGY,0,0,,,,Censored No Alarm,0,0,0,0,0,1,0.0011726772645488381,,2019-08-14,,0.157
2AGNAYKY,0,0,,,,Censored No Alarm,0,0,0,0,0,1,0.0011019123485311866,,2019-08-13,,0.157
2AGNBWPY,0,0,,,,Censored No Alarm,0,0,0,0,0,1,0.0012684036046266556,,2019-08-13,,0.157
2AGND0EY,0,0,,,,Censored No Alarm,0,0,0,0,0,1,0.010831794701516628,,2019-08-13,,0.157
2AGNEAHY,0,0,,,,Censored No Alarm,0,0,0,0,0,1,0.0012017973931506276,,2019-08-13,,0.157
2AGNEK5Y,0,0,,,,Censored No Alarm,0,0,0,0,0,1,0.004134594462811947,,2019-08-14,,0.157
2AGNEN9Y,0,0,,,,Censored No Alarm,0,0,0,0,0,1,0.0022347450722008944,,2019-08-14,,0.157
2AGNEREY,0,0,,,,Censored No Alarm,0,0,0,0,0,1,0.00449817068874836,,2019-08-13,,0.157
2AGNGZPY,0,0,,,,Censored No Alarm,0,0,0,0,0,1,0.0010766750201582909,,2019-05-27,,0.157
2AGNJE2Y,0,0,,,,Censored No Alarm,0,0,0,0,0,1,0.00205845944583416,,2019-06-01,,0.157
2AGNJG7Y,0,0,,,,Censored No Alarm,0,0,0,0,0,1,0.0008616814739070833,,2019-08-13,,0.157
2AGNJGHY,0,0,,,,Censored No Alarm,0,0,0,0,0,1,0.001283518155105412,,2019-08-13,,0.157
2AGNJRYY,0,0,,,,Censored No Alarm,0,0,0,0,0,1,0.0007823860505595803,,2019-06-01,,0.157
2AGNJTAY,0,0,,,,Censored No Alarm,0,0,0,0,0,1,0.0011432355968281627,,2019-08-14,,0.157
2AGNJTRY,0,0,,,,Censored No Alarm,0,0,0,0,0,1,0.00106892513576895,,2019-08-14,,0.157
2AGNKB9Y,1,0,,2023-11-29,,Missed,0,0,0,0,1,0,0.0006990946130827069,,2019-08-13,,0.157
2AGNKGXY,0,0,,,,Censored No Alarm,0,0,0,0,0,1,0.0010959211504086852,,2019-08-14,,0.157
2AGNKNJY,0,0,,,,Censored No Alarm,0,0,0,0,0,1,0.0011285056825727224,,2019-08-14,,0.157
2AGNKSPY,0,0,,,,Censored No Alarm,0,0,0,0,0,1,0.009647720493376255,,2019-08-14,,0.157
2AGNKV4Y,0,0,,,,Censored No Alarm,0,0,0,0,0,1,0.001192389172501862,,2019-08-13,,0.157
2AGNL61Y,0,0,,,,Censored No Alarm,0,0,0,0,0,1,0.0008207809878513217,,2019-05-16,,0.157
2AGNNTHY,0,0,,,,Censored No Alarm,0,0,0,0,0,1,0.021492771804332733,,2019-05-16,,0.157
2AGNT47Y,0,0,,,,Censored No Alarm,0,0,0,0,0,1,0.0006031472003087401,,2019-05-16,,0.157
2AGP393Y,1,1,2019-08-10,2023-04-06,1335.0,Early,0,1,0,1,0,0,0.4052777886390686,0.30853089690208435,2019-06-01,70.0,0.157
2AGP43EY,1,0,,2024-09-01,,Missed,0,0,0,0,1,0,0.02677955850958824,,2019-05-16,,0.157
2AGP5EDY,0,0,,,,Censored No Alarm,0,0,0,0,0,1,0.0013197340304031968,,2019-05-16,,0.157
2AGP5GBY,0,0,,,,Censored No Alarm,0,0,0,0,0,1,0.0011050397297367454,,2019-05-16,,0.157
2AGP5J1Y,0,0,,,,Censored No Alarm,0,0,0,0,0,1,0.00112488167360425,,2019-05-16,,0.157
2AGP6TYY,0,0,,,,Censored No Alarm,0,0,0,0,0,1,0.0006313788471743464,,2019-05-16,,0.157
2AGP6UBY,0,0,,,,Censored No Alarm,0,0,0,0,0,1,0.007090224884450436,,2019-05-16,,0.157
2AGP9W7Y,0,1,2024-02-22,,,Censored Early,0,0,1,1,0,0,0.16500793397426605,0.16500793397426605,2019-05-16,1743.0,0.157
2AGPHHKY,0,0,,,,Censored No Alarm,0,0,0,0,0,1,0.0013568688882514834,,2019-06-01,,0.157
2AGPHHTY,0,0,,,,Censored No Alarm,0,0,0,0,0,1,0.0007030371925793588,,2019-06-01,,0.157
2AGPJAVY,0,0,,,,Censored No Alarm,0,0,0,0,0,1,0.0008659496088512242,,2019-05-27,,0.157
2AGPJBGY,0,0,,,,Censored No Alarm,0,0,0,0,0,1,0.0004409340035635978,,2019-05-27,,0.157
2AGPJBNY,0,0,,,,Censored No Alarm,0,0,0,0,0,1,0.0008659496088512242,,2019-05-27,,0.157
2AGPJE5Y,0,0,,,,Censored No Alarm,0,0,0,0,0,1,0.0007880980265326798,,2019-05-16,,0.157
2AGPJGPY,1,0,,2021-02-22,,Missed,0,0,0,0,1,0,0.005739547777920961,,2019-05-16,,0.157
2AGPJH1Y,1,0,,2024-08-11,,Missed,0,0,0,0,1,0,0.055117081850767136,,2019-05-16,,0.157
2AGPJHAY,0,0,,,,Censored No Alarm,0,0,0,0,0,1,0.0008259977912530303,,2019-08-13,,0.157
2AGPJHXY,0,0,,,,Censored No Alarm,0,0,0,0,0,1,0.00048502589925192297,,2019-05-27,,0.157
2AGPJL8Y,0,0,,,,Censored No Alarm,0,0,0,0,0,1,0.0012254122411832213,,2019-05-27,,0.157
2AGPJLWY,0,0,,,,Censored No Alarm,0,0,0,0,0,1,0.0007667186437174678,,2019-08-13,,0.157
2AGPJMRY,0,0,,,,Censored No Alarm,0,0,0,0,0,1,0.0009678961359895766,,2019-08-13,,0.157
2AGPJP0Y,0,0,,,,Censored No Alarm,0,0,0,0,0,1,0.0004860338813159615,,2019-05-27,,0.157
2AGPK9HY,0,0,,,,Censored No Alarm,0,0,0,0,0,1,0.002125632716342807,,2019-08-14,,0.157
2AGPKA3Y,0,0,,,,Censored No Alarm,0,0,0,0,0,1,0.005039151292294264,,2019-08-14,,0.157
2AGPKALY,0,0,,,,Censored No Alarm,0,0,0,0,0,1,0.0013802172616124153,,2019-05-16,,0.157
2AGPKARY,0,0,,,,Censored No Alarm,0,0,0,0,0,1,0.0014965635491535068,,2019-05-16,,0.157
2AGPKB2Y,0,0,,,,Censored No Alarm,0,0,0,0,0,1,0.0005423397524282336,,2019-05-27,,0.157
2AGPKTUY,0,0,,,,Censored No Alarm,0,0,0,0,0,1,0.0013365416089072824,,2019-05-16,,0.157
2AGPKVGY,0,0,,,,Censored No Alarm,0,0,0,0,0,1,0.0006639788625761867,,2019-05-16,,0.157
2AGPKWNY,1,0,,2023-10-29,,Missed,0,0,0,0,1,0,0.052405714988708496,,2019-05-16,,0.157
2AGPKX4Y,0,0,,,,Censored No Alarm,0,0,0,0,0,1,0.01835482008755207,,2019-05-16,,0.157
2AGPL2YY,0,0,,,,Censored No Alarm,0,0,0,0,0,1,0.0008360481006093323,,2019-05-16,,0.157
2AGPL4UY,0,0,,,,Censored No Alarm,0,0,0,0,0,1,0.0006512576364912093,,2019-05-16,,0.157
2AGPL4ZY,0,0,,,,Censored No Alarm,0,0,0,0,0,1,0.0015743139665573835,,2019-05-27,,0.157
2AGPLSSY,0,0,,,,Censored No Alarm,0,0,0,0,0,1,0.0007406107615679502,,2019-05-16,,0.157
2AGPMDVY,0,0,,,,Censored No Alarm,0,0,0,0,0,1,0.000589598435908556,,2019-05-27,,0.157
2AGPMEPY,0,0,,,,Censored No Alarm,0,0,0,0,0,1,0.0006691549788229167,,2019-05-16,,0.157
2AGPMGGY,0,0,,,,Censored No Alarm,0,0,0,0,0,1,0.006343758665025234,,2019-05-16,,0.157
2AGPMM3Y,0,0,,,,Censored No Alarm,0,0,0,0,0,1,0.0010185606079176068,,2019-05-27,,0.157
2AGPMN9Y,0,0,,,,Censored No Alarm,0,0,0,0,0,1,0.0006546872318722308,,2019-05-27,,0.157
2AGPMRDY,0,0,,,,Censored No Alarm,0,0,0,0,0,1,0.001353867002762854,,2019-05-27,,0.157
2AGPMY1Y,0,0,,,,Censored No Alarm,0,0,0,0,0,1,0.000686982530169189,,2019-05-16,,0.157
2AGPN6PY,0,0,,,,Censored No Alarm,0,0,0,0,0,1,0.08812419325113297,,2019-05-16,,0.157
2AGPPJAY,0,0,,,,Censored No Alarm,0,0,0,0,0,1,0.0005378533387556672,,2019-05-16,,0.157
2AGPPLLY,1,1,2023-10-25,2023-11-29,35.0,Early,0,1,0,1,0,0,0.18075160682201385,0.1579744815826416,2019-05-16,1623.0,0.157
2AGPR6YY,0,0,,,,Censored No Alarm,0,0,0,0,0,1,0.0005857197102159262,,2019-05-16,,0.157
2AGPR7RY,0,0,,,,Censored No Alarm,0,0,0,0,0,1,0.0007377916481345892,,2019-05-16,,0.157
2AGPR8EY,0,0,,,,Censored No Alarm,0,0,0,0,0,1,0.0006052269018255174,,2019-05-16,,0.157
2AGPRL8Y,0,0,,,,Censored No Alarm,0,0,0,0,0,1,0.0006403725128620863,,2019-05-27,,0.157
2AGPRMLY,1,0,,2026-03-26,,Missed,0,0,0,0,1,0,0.007207058370113373,,2019-08-13,,0.157
2AGPRMRY,1,0,,2024-08-12,,Missed,0,0,0,0,1,0,0.00035779684549197555,,2019-05-04,,0.157
2AGPRRJY,0,0,,,,Censored No Alarm,0,0,0,0,0,1,0.06446226686239243,,2019-05-04,,0.157
2AGPS2ZY,0,0,,,,Censored No Alarm,0,0,0,0,0,1,0.0006688827415928245,,2019-05-16,,0.157
2AGPSEDY,0,0,,,,Censored No Alarm,0,0,0,0,0,1,0.0006191646680235863,,2019-05-27,,0.157
2AGPSG5Y,0,0,,,,Censored No Alarm,0,0,0,0,0,1,0.0009597698226571083,,2019-05-27,,0.157
2AGPSGKY,0,0,,,,Censored No Alarm,0,0,0,0,0,1,0.0007465054513886571,,2019-08-14,,0.157
2AGPSJKY,0,0,,,,Censored No Alarm,0,0,0,0,0,1,0.0009183326037600636,,2019-08-14,,0.157
2AGPSRUY,0,0,,,,Censored No Alarm,0,0,0,0,0,1,0.0005517608369700611,,2019-05-16,,0.157
2AGPT2PY,0,0,,,,Censored No Alarm,0,0,0,0,0,1,0.0017232405953109264,,2019-08-14,,0.157
2AGPT48Y,0,0,,,,Censored No Alarm,0,0,0,0,0,1,0.0007266605971381068,,2019-06-01,,0.157
2AGPT7PY,0,0,,,,Censored No Alarm,0,0,0,0,0,1,0.009763031266629696,,2019-08-13,,0.157
2AGPTL4Y,0,0,,,,Censored No Alarm,0,0,0,0,0,1,0.0017587835900485516,,2019-05-27,,0.157
2AGPTVLY,0,0,,,,Censored No Alarm,0,0,0,0,0,1,0.001141545595601201,,2019-06-01,,0.157
5PG0TA6F,0,0,,,,Censored No Alarm,0,0,0,0,0,1,0.0013010733528062701,,2020-07-14,,0.157
5PG0TAKF,0,0,,,,Censored No Alarm,0,0,0,0,0,1,0.0012665119720622897,,2020-05-10,,0.157
5PJEJUHE,0,0,,,,Censored No Alarm,0,0,0,0,0,1,0.0017199134454131126,,2021-12-28,,0.157
5PJJHD9C,0,0,,,,Censored No Alarm,0,0,0,0,0,1,0.0012919256696477532,,2022-07-18,,0.157
5PJJLZTF,0,0,,,,Censored No Alarm,0,0,0,0,0,1,0.00093354273121804,,2021-12-03,,0.157
5PJKZP4D,0,0,,,,Censored No Alarm,0,0,0,0,0,1,0.0011486060684546828,,2022-08-04,,0.157
5PJVPJGF,0,0,,,,Censored No Alarm,0,0,0,0,0,1,0.0013153170002624393,,2021-05-16,,0.157
5PK10N4B,0,0,,,,Censored No Alarm,0,0,0,0,0,1,0.006018467713147402,,2024-12-22,,0.157
5PK5ZB1B,0,0,,,,Censored No Alarm,0,0,0,0,0,1,0.001219437806867063,,2024-04-29,,0.157
5PKEBJVB,0,0,,,,Censored No Alarm,0,0,0,0,0,1,0.0069214231334626675,,2023-11-27,,0.157
5PKVXW6B,0,0,,,,Censored No Alarm,0,0,0,0,0,1,0.005584420170634985,,2024-06-01,,0.157
5QG63PMB,0,0,,,,Censored No Alarm,0,0,0,0,0,1,0.0035553965717554092,,2024-05-28,,0.157
5QGBH0MB,0,0,,,,Censored No Alarm,0,0,0,0,0,1,0.005736144725233316,,2023-12-09,,0.157
5QGG5KLB,0,0,,,,Censored No Alarm,0,0,0,0,0,1,0.0008916894439607859,,2023-04-05,,0.157
5QGG5UPB,0,0,,,,Censored No Alarm,0,0,0,0,0,1,0.001772201037965715,,2022-12-06,,0.157
5QGGAELB,1,1,2024-12-30,2025-06-04,156.0,Early,0,1,0,1,0,0,0.51839280128479,0.1709708273410797,2023-03-28,643.0,0.157
5QGGHWVB,0,0,,,,Censored No Alarm,0,0,0,0,0,1,0.006273435894399881,,2023-12-16,,0.157
5QH0Z60B,1,0,,2024-05-14,,Missed,0,0,0,0,1,0,0.09177208691835403,,2023-10-22,,0.157
5QHDKVHB,0,0,,,,Censored No Alarm,0,0,0,0,0,1,0.0014110852498561144,,2023-11-17,,0.157
5QHKE66B,0,0,,,,Censored No Alarm,0,0,0,0,0,1,0.004413902293890715,,2024-04-18,,0.157
5QHYP4MB,0,0,,,,Censored No Alarm,0,0,0,0,0,1,0.0012953102122992277,,2024-05-15,,0.157
5QJBW5VB,1,1,2024-05-09,2024-05-25,16.0,On time,1,0,0,0,0,0,0.5067608952522278,0.2865894138813019,2024-02-07,92.0,0.157
5QJS57NB,0,0,,,,Censored No Alarm,0,0,0,0,0,1,0.005116291344165802,,2024-01-23,,0.157
5QKBEVWB,0,0,,,,Censored No Alarm,0,0,0,0,0,1,0.004449727013707161,,2023-12-14,,0.157
5QKDK07B,0,0,,,,Censored No Alarm,0,0,0,0,0,1,0.005754729732871056,,2024-12-20,,0.157
5QKHBVPB,0,0,,,,Censored No Alarm,0,0,0,0,0,1,0.005409638863056898,,2024-05-30,,0.157
5QKKSM3B,0,0,,,,Censored No Alarm,0,0,0,0,0,1,0.0017084601568058133,,2024-04-06,,0.157
5QKV55TB,0,0,,,,Censored No Alarm,0,0,0,0,0,1,0.0053779142908751965,,2024-02-29,,0.157
5QKV6W0B,0,0,,,,Censored No Alarm,0,0,0,0,0,1,0.0013228881871327758,,2023-08-14,,0.157
5QKV74SB,0,0,,,,Censored No Alarm,0,0,0,0,0,1,0.004940323997288942,,2024-01-09,,0.157
5QKV778B,0,0,,,,Censored No Alarm,0,0,0,0,0,1,0.0012074831174686551,,2024-06-07,,0.157
5QKV7UHB,0,0,,,,Censored No Alarm,0,0,0,0,0,1,0.003576901974156499,,2024-03-04,,0.157
5QKV85UB,0,0,,,,Censored No Alarm,0,0,0,0,0,1,0.004516114480793476,,2023-12-02,,0.157
5QKVAN8B,0,0,,,,Censored No Alarm,0,0,0,0,0,1,0.005655868444591761,,2023-12-24,,0.157
5QKVARLB,0,0,,,,Censored No Alarm,0,0,0,0,0,1,0.004504016134887934,,2023-11-03,,0.157
5QKVATKB,0,0,,,,Censored No Alarm,0,0,0,0,0,1,0.005579792894423008,,2024-01-09,,0.157
5QKVD71B,0,0,,,,Censored No Alarm,0,0,0,0,0,1,0.0012160787591710687,,2024-05-10,,0.157
5QKVDDVB,0,0,,,,Censored No Alarm,0,0,0,0,0,1,0.0035462742671370506,,2024-06-19,,0.157
5QKVETTB,0,0,,,,Censored No Alarm,0,0,0,0,0,1,0.0012325011193752289,,2024-06-27,,0.157
5QKVEUZB,0,0,,,,Censored No Alarm,0,0,0,0,0,1,0.00502154091373086,,2024-04-22,,0.157
5QKVEXJB,0,0,,,,Censored No Alarm,0,0,0,0,0,1,0.001848458661697805,,2023-11-30,,0.157
5QKVGLWB,0,0,,,,Censored No Alarm,0,0,0,0,0,1,0.006150385830551386,,2024-05-08,,0.157
5QKVHPLB,0,0,,,,Censored No Alarm,0,0,0,0,0,1,0.006558449473232031,,2024-05-07,,0.157
5QKVHRMB,0,0,,,,Censored No Alarm,0,0,0,0,0,1,0.002052094554528594,,2024-06-23,,0.157
5QKVVTHB,0,0,,,,Censored No Alarm,0,0,0,0,0,1,0.00672206562012434,,2024-04-15,,0.157
8CGNK9GE,0,0,,,,Censored No Alarm,0,0,0,0,0,1,0.04463643208146095,,2019-05-04,,0.157
8CGR1V5E,0,0,,,,Censored No Alarm,0,0,0,0,0,1,0.0010478420881554484,,2019-06-01,,0.157
8CGSN9XE,0,0,,,,Censored No Alarm,0,0,0,0,0,1,0.0006309343152679503,,2019-05-16,,0.157
8CGSTSRE,0,0,,,,Censored No Alarm,0,0,0,0,0,1,0.0006354930810630322,,2019-05-04,,0.157
8CGT5S2E,1,0,,2024-11-05,,Missed,0,0,0,0,1,0,0.057906877249479294,,2019-06-01,,0.157
8CGTW4VE,0,0,,,,Censored No Alarm,0,0,0,0,0,1,0.0010027288226410747,,2019-06-01,,0.157
8CGTZ9HE,1,1,2023-04-21,2023-07-12,82.0,Early,0,1,0,1,0,0,0.5688390135765076,0.18510638177394867,2019-05-16,1436.0,0.157
8CGU9LLE,0,0,,,,Censored No Alarm,0,0,0,0,0,1,0.00041641094139777124,,2019-05-16,,0.157
8CGV369E,0,0,,,,Censored No Alarm,0,0,0,0,0,1,0.0006396204116754234,,2019-05-16,,0.157
8CGVR04E,0,0,,,,Censored No Alarm,0,0,0,0,0,1,0.1342669427394867,,2019-05-16,,0.157
8CGVTH0E,0,0,,,,Censored No Alarm,0,0,0,0,0,1,0.0011278500314801931,,2019-05-04,,0.157
8CGW3HPE,0,0,,,,Censored No Alarm,0,0,0,0,0,1,0.0006007602205500007,,2019-05-04,,0.157
8CGW6ULE,0,0,,,,Censored No Alarm,0,0,0,0,0,1,0.0003950411919504404,,2019-05-04,,0.157
8CGWPGEE,0,0,,,,Censored No Alarm,0,0,0,0,0,1,0.0007025322411209345,,2019-05-16,,0.157
8CGXKYVE,0,0,,,,Censored No Alarm,0,0,0,0,0,1,0.0003891749365720898,,2019-05-04,,0.157
8CGXNNUE,1,1,2022-05-02,2022-05-10,8.0,On time,1,0,0,0,0,0,0.20128490030765533,0.1757752150297165,2019-06-01,1066.0,0.157
8CGY4KUE,0,0,,,,Censored No Alarm,0,0,0,0,0,1,0.001186524168588221,,2019-05-16,,0.157
8CGYJ5TE,0,0,,,,Censored No Alarm,0,0,0,0,0,1,0.001405692775733769,,2019-06-01,,0.157
8CGYVS8E,0,0,,,,Censored No Alarm,0,0,0,0,0,1,0.0008845970151014626,,2019-06-01,,0.157
8CGYW96E,0,0,,,,Censored No Alarm,0,0,0,0,0,1,0.013164830394089222,,2019-06-01,,0.157
8CGYXB6E,0,0,,,,Censored No Alarm,0,0,0,0,0,1,0.0023922589607536793,,2019-08-13,,0.157
8CGZ8K3E,0,0,,,,Censored No Alarm,0,0,0,0,0,1,0.0006003309390507638,,2019-05-04,,0.157
8CGZ8S1E,0,0,,,,Censored No Alarm,0,0,0,0,0,1,0.000675542454700917,,2019-05-04,,0.157
8CGZ8SDE,0,0,,,,Censored No Alarm,0,0,0,0,0,1,0.07648329436779022,,2019-05-04,,0.157
8CGZB98E,0,0,,,,Censored No Alarm,0,0,0,0,0,1,0.0006861116271466017,,2019-08-14,,0.157
8CGZB9VE,0,0,,,,Censored No Alarm,0,0,0,0,0,1,0.0006558750756084919,,2019-06-01,,0.157
8CGZKBME,0,0,,,,Censored No Alarm,0,0,0,0,0,1,0.03197063133120537,,2019-05-04,,0.157
8CGZKDHE,0,0,,,,Censored No Alarm,0,0,0,0,0,1,0.0005939849652349949,,2019-05-04,,0.157
8CGZMEAE,0,0,,,,Censored No Alarm,0,0,0,0,0,1,0.0004383139603305608,,2019-05-04,,0.157
8CH02WUE,0,0,,,,Censored No Alarm,0,0,0,0,0,1,0.0007234496879391372,,2019-08-14,,0.157
8CH05AGE,0,0,,,,Censored No Alarm,0,0,0,0,0,1,0.00038033496821299195,,2019-05-04,,0.157
8CH06AGE,0,0,,,,Censored No Alarm,0,0,0,0,0,1,0.0006344806170091033,,2019-05-16,,0.157
8CH06B5E,0,0,,,,Censored No Alarm,0,0,0,0,0,1,0.0003616851754486561,,2019-05-04,,0.157
8CH06E7E,0,0,,,,Censored No Alarm,0,0,0,0,0,1,0.0006374779040925205,,2019-05-04,,0.157
8CH06EDE,0,0,,,,Censored No Alarm,0,0,0,0,0,1,0.0008661319734528661,,2019-06-01,,0.157
8CH0869E,0,0,,,,Censored No Alarm,0,0,0,0,0,1,0.00047092113527469337,,2019-05-04,,0.157
8CH08RNE,0,0,,,,Censored No Alarm,0,0,0,0,0,1,0.00089175661560148,,2019-08-14,,0.157
8CH09GGE,0,0,,,,Censored No Alarm,0,0,0,0,0,1,0.0011731062550097704,,2019-06-01,,0.157
8CH0BYPE,0,0,,,,Censored No Alarm,0,0,0,0,0,1,0.0005598232382908463,,2019-08-13,,0.157
8CH0BYTE,0,0,,,,Censored No Alarm,0,0,0,0,0,1,0.0009640579810366035,,2019-06-01,,0.157
8CH0DM8E,0,0,,,,Censored No Alarm,0,0,0,0,0,1,0.0009881062433123589,,2019-08-14,,0.157
8CH0GNLE,0,0,,,,Censored No Alarm,0,0,0,0,0,1,0.0006102545885369182,,2019-05-04,,0.157
8CH0GNNE,0,0,,,,Censored No Alarm,0,0,0,0,0,1,0.010870087891817093,,2019-05-04,,0.157
8CH0GNSE,0,0,,,,Censored No Alarm,0,0,0,0,0,1,0.001126165734604001,,2019-05-16,,0.157
8CH0HRKE,0,0,,,,Censored No Alarm,0,0,0,0,0,1,0.0008583217859268188,,2019-06-01,,0.157
8CH0HTRE,0,0,,,,Censored No Alarm,0,0,0,0,0,1,0.0013929720735177398,,2019-06-01,,0.157
8CH0L5PE,0,0,,,,Censored No Alarm,0,0,0,0,0,1,0.0008608964853920043,,2019-06-01,,0.157
8CH0R06E,0,0,,,,Censored No Alarm,0,0,0,0,0,1,0.0006141627673059702,,2019-05-04,,0.157
8CH0R3YE,0,0,,,,Censored No Alarm,0,0,0,0,0,1,0.028758898377418518,,2019-08-13,,0.157
8CH0TLTE,0,0,,,,Censored No Alarm,0,0,0,0,0,1,0.0007007454987615347,,2019-08-13,,0.157
8CH0TLUE,0,0,,,,Censored No Alarm,0,0,0,0,0,1,0.0006333200726658106,,2019-06-01,,0.157
8CH0TN2E,0,0,,,,Censored No Alarm,0,0,0,0,0,1,0.0011086435988545418,,2019-06-01,,0.157
8CH0TN3E,0,0,,,,Censored No Alarm,0,0,0,0,0,1,0.0008598651620559394,,2019-08-13,,0.157
8CH0TVRE,0,0,,,,Censored No Alarm,0,0,0,0,0,1,0.0008694399148225784,,2019-08-14,,0.157
8CH0V7TE,0,0,,,,Censored No Alarm,0,0,0,0,0,1,0.016500188037753105,,2019-06-01,,0.157
8CH0VH1E,0,0,,,,Censored No Alarm,0,0,0,0,0,1,0.0007203546119853854,,2019-05-16,,0.157
8CH0VW0E,0,0,,,,Censored No Alarm,0,0,0,0,0,1,0.0005491773481480777,,2019-06-01,,0.157
8CH11KPE,0,0,,,,Censored No Alarm,0,0,0,0,0,1,0.00044480059295892715,,2019-05-04,,0.157
8CH13D7E,0,0,,,,Censored No Alarm,0,0,0,0,0,1,0.0004629611212294549,,2019-06-01,,0.157
8CH13DAE,0,0,,,,Censored No Alarm,0,0,0,0,0,1,0.0011076877126470208,,2019-06-01,,0.157
8CH15D3E,0,0,,,,Censored No Alarm,0,0,0,0,0,1,0.034431252628564835,,2019-05-16,,0.157
8CH15YME,0,0,,,,Censored No Alarm,0,0,0,0,0,1,0.0004999816883355379,,2019-06-01,,0.157
8CH160KE,0,0,,,,Censored No Alarm,0,0,0,0,0,1,0.0008730980916880071,,2019-08-14,,0.157
8CH16PBE,0,0,,,,Censored No Alarm,0,0,0,0,0,1,0.006806706078350544,,2019-06-01,,0.157
8CH16ZDE,0,0,,,,Censored No Alarm,0,0,0,0,0,1,0.0011097730603069067,,2019-06-01,,0.157
8CH16ZUE,0,0,,,,Censored No Alarm,0,0,0,0,0,1,0.0009340775432065129,,2019-06-01,,0.157
8CH17M9E,0,0,,,,Censored No Alarm,0,0,0,0,0,1,0.00047225088928826153,,2019-06-01,,0.157
8CH17MHE,0,0,,,,Censored No Alarm,0,0,0,0,0,1,0.000750031613279134,,2019-08-13,,0.157
8CH190UE,1,1,2020-11-15,2022-03-26,496.0,Early,0,1,0,1,0,0,0.527319073677063,0.1605004370212555,2019-08-13,460.0,0.157
8CH1APUE,1,1,2025-09-12,2025-09-18,6.0,On time,1,0,0,0,0,0,0.2114936262369156,0.16306500136852264,2019-06-01,2295.0,0.157
8CH1AR5E,0,0,,,,Censored No Alarm,0,0,0,0,0,1,0.00041961873648688197,,2019-05-04,,0.157
8CH1ARHE,1,0,,2023-09-28,,Missed,0,0,0,0,1,0,0.00925846491008997,,2019-06-01,,0.157
8CH1WBME,1,0,,2024-05-05,,Missed,0,0,0,0,1,0,0.01674620248377323,,2019-05-04,,0.157
8CH1XHUE,0,0,,,,Censored No Alarm,0,0,0,0,0,1,0.0007730647339485586,,2019-05-04,,0.157
8CH4AT4E,0,0,,,,Censored No Alarm,0,0,0,0,0,1,0.0006116317235864699,,2019-05-27,,0.157
8CH4X3TE,1,0,,2022-10-12,,Missed,0,0,0,0,1,0,0.002677453914657235,,2019-05-16,,0.157
8CH4YM4E,1,0,,2023-03-03,,Missed,0,0,0,0,1,0,0.010534959845244884,,2019-05-16,,0.157
8CH4YM6E,1,1,2024-12-06,2025-03-13,97.0,Early,0,1,0,1,0,0,0.2331043779850006,0.18254129588603973,2019-05-16,2031.0,0.157
8CH4YN8E,1,0,,2024-04-09,,Missed,0,0,0,0,1,0,0.08095930516719818,,2019-05-16,,0.157
8CH4Z6UE,0,0,,,,Censored No Alarm,0,0,0,0,0,1,0.0008724000072106719,,2019-05-16,,0.157
8CH5214E,1,1,2024-01-17,2024-02-15,29.0,On time,1,0,0,0,0,0,0.41209664940834045,0.24137862026691437,2019-05-16,1707.0,0.157
8CH52U5E,0,0,,,,Censored No Alarm,0,0,0,0,0,1,0.0005725861992686987,,2019-05-16,,0.157
8CH5B9LE,0,0,,,,Censored No Alarm,0,0,0,0,0,1,0.0015429336344823241,,2019-05-16,,0.157
8CH5E8EE,1,0,,2023-04-04,,Missed,0,0,0,0,1,0,0.04941834509372711,,2019-05-16,,0.157
8CH5HRYE,1,1,2024-04-19,2024-12-24,249.0,Early,0,1,0,1,0,0,0.2153152972459793,0.16360069811344147,2019-05-16,1800.0,0.157
8CHRG6JE,0,0,,,,Censored No Alarm,0,0,0,0,0,1,0.001939210807904601,,2019-11-25,,0.157
8CHU2WSE,0,0,,,,Censored No Alarm,0,0,0,0,0,1,0.0011114024091511965,,2020-06-18,,0.157
8CHU7R9E,1,0,,2024-11-09,,Missed,0,0,0,0,1,0,0.014515306800603867,,2021-05-05,,0.157
8CHUHHXE,0,0,,,,Censored No Alarm,0,0,0,0,0,1,0.03877422958612442,,2020-06-26,,0.157
8CJMA59E,0,0,,,,Censored No Alarm,0,0,0,0,0,1,0.0015666710678488016,,2024-04-02,,0.157
8DG1BB5Y,0,0,,,,Censored No Alarm,0,0,0,0,0,1,0.006426796782761812,,2024-12-20,,0.157
8DG3MU5D,0,0,,,,Censored No Alarm,0,0,0,0,0,1,0.00276434444822371,,2018-07-12,,0.157
8DG4SAUD,0,0,,,,Censored No Alarm,0,0,0,0,0,1,0.0021358723752200603,,2018-07-12,,0.157
8DG4SAZD,0,0,,,,Censored No Alarm,0,0,0,0,0,1,0.0014258158626034856,,2018-07-12,,0.157
8DG52U7D,0,0,,,,Censored No Alarm,0,0,0,0,0,1,0.0024462779983878136,,2018-07-12,,0.157
8DG52W9D,0,0,,,,Censored No Alarm,0,0,0,0,0,1,0.001410854165442288,,2018-07-12,,0.157
8DG52WND,0,0,,,,Censored No Alarm,0,0,0,0,0,1,0.001589118386618793,,2018-07-12,,0.157
8DG6S3UD,1,0,,2024-06-11,,Missed,0,0,0,0,1,0,0.021877579391002655,,2018-07-12,,0.157
8DG88GTY,0,0,,,,Censored No Alarm,0,0,0,0,0,1,0.006009005010128021,,2025-01-01,,0.157
8DG93TXY,0,0,,,,Censored No Alarm,0,0,0,0,0,1,0.001779058831743896,,2024-04-01,,0.157
8DJE2HWH,0,0,,,,Censored No Alarm,0,0,0,0,0,1,0.0004890996497124434,,2019-01-05,,0.157
8DJEPPSH,0,0,,,,Censored No Alarm,0,0,0,0,0,1,0.0004940922372043133,,2019-01-05,,0.157
8DJEPTWH,0,0,,,,Censored No Alarm,0,0,0,0,0,1,0.0003421030705794692,,2019-01-05,,0.157
8DJEUXLH,0,0,,,,Censored No Alarm,0,0,0,0,0,1,0.0705118328332901,,2019-01-05,,0.157
8DK5NDLH,0,0,,,,Censored No Alarm,0,0,0,0,0,1,0.0010616957442834973,,2020-01-03,,0.157
8DKHU24H,0,0,,,,Censored No Alarm,0,0,0,0,0,1,0.0013153583277016878,,2019-12-29,,0.157
8DKUD8AH,0,0,,,,Censored No Alarm,0,0,0,0,0,1,0.0005620326264761388,,2019-01-05,,0.157
8DKV390H,0,0,,,,Censored No Alarm,0,0,0,0,0,1,0.0008436160278506577,,2019-03-01,,0.157
8HG28M3H,0,0,,,,Censored No Alarm,0,0,0,0,0,1,0.000468993530375883,,2019-03-01,,0.157
8HG7LGUH,1,0,,2025-06-01,,Missed,0,0,0,0,1,0,0.032434191554784775,,2019-06-01,,0.157
8HGBYHPH,0,0,,,,Censored No Alarm,0,0,0,0,0,1,0.0010127173736691475,,2021-10-03,,0.157
8HGNAB0H,0,0,,,,Censored No Alarm,0,0,0,0,0,1,0.0009059120784513652,,2019-03-28,,0.157
8HGZPYVH,0,1,2023-01-14,,,Censored Early,0,0,1,1,0,0,0.47103428840637207,0.16520796716213226,2019-01-05,1470.0,0.157
8HH12ZPH,0,0,,,,Censored No Alarm,0,0,0,0,0,1,0.0009078346192836761,,2018-11-14,,0.157
8HH5JYSH,0,0,,,,Censored No Alarm,0,0,0,0,0,1,0.0014234730042517185,,2018-11-14,,0.157
8HH8BNRH,0,0,,,,Censored No Alarm,0,0,0,0,0,1,0.0008272731211036444,,2019-03-28,,0.157
8HH8P7RH,0,0,,,,Censored No Alarm,0,0,0,0,0,1,0.001654117600992322,,2019-03-02,,0.157
8HH901KH,0,0,,,,Censored No Alarm,0,0,0,0,0,1,0.0006524986820295453,,2019-03-28,,0.157
8HH9ZRUH,0,0,,,,Censored No Alarm,0,0,0,0,0,1,0.0006912429817020893,,2019-03-01,,0.157
8HHARE1H,1,1,2023-03-15,2023-03-24,9.0,On time,1,0,0,0,0,0,0.49695438146591187,0.18461960554122925,2019-08-13,1310.0,0.157
8HHARGBH,0,0,,,,Censored No Alarm,0,0,0,0,0,1,0.0016477908939123154,,2019-03-02,,0.157
8HHATBKH,0,0,,,,Censored No Alarm,0,0,0,0,0,1,0.0006980744074098766,,2019-03-01,,0.157
8HHJXENH,0,0,,,,Censored No Alarm,0,0,0,0,0,1,0.0009681438095867634,,2019-01-05,,0.157
8HHNHSUH,1,0,,2024-12-06,,Missed,0,0,0,0,1,0,0.06388113647699356,,2019-05-04,,0.157
8HHPUREH,1,1,2023-08-08,2024-05-16,282.0,Early,0,1,0,1,0,0,0.22499284148216248,0.1618715226650238,2018-11-14,1728.0,0.157
8HHT1P2H,0,0,,,,Censored No Alarm,0,0,0,0,0,1,0.014092907309532166,,2018-11-14,,0.157
8HHTWXYH,0,0,,,,Censored No Alarm,0,0,0,0,0,1,0.0009424602030776441,,2018-11-14,,0.157
8HHZ6MGH,0,0,,,,Censored No Alarm,0,0,0,0,0,1,0.0012774724746122956,,2018-11-14,,0.157
8HJ1NNDH,0,0,,,,Censored No Alarm,0,0,0,0,0,1,0.001815160969272256,,2018-11-14,,0.157
8HJ6SJAH,0,0,,,,Censored No Alarm,0,0,0,0,0,1,0.0035432325676083565,,2018-11-14,,0.157
8HJ6SJTH,0,0,,,,Censored No Alarm,0,0,0,0,0,1,0.0007784441695548594,,2018-11-14,,0.157
8HJ74BPH,0,0,,,,Censored No Alarm,0,0,0,0,0,1,0.0016383514739573002,,2018-11-14,,0.157
8HJ7UJHH,0,0,,,,Censored No Alarm,0,0,0,0,0,1,0.0009615197195671499,,2018-11-14,,0.157
8HJ7Y9BH,0,0,,,,Censored No Alarm,0,0,0,0,0,1,0.003036478068679571,,2018-11-14,,0.157
8HJ7Z0DH,0,0,,,,Censored No Alarm,0,0,0,0,0,1,0.000541345332749188,,2019-05-04,,0.157
8HJ7Z10H,0,0,,,,Censored No Alarm,0,0,0,0,0,1,0.0019279691623523831,,2018-11-14,,0.157
8HJ7Z1MH,0,0,,,,Censored No Alarm,0,0,0,0,0,1,0.007866957224905491,,2018-11-14,,0.157
8HJ86APH,0,0,,,,Censored No Alarm,0,0,0,0,0,1,0.036506470292806625,,2018-11-14,,0.157
8HJ86NXH,0,0,,,,Censored No Alarm,0,0,0,0,0,1,0.0004430634144227952,,2019-05-04,,0.157
8HJ8LEXH,0,0,,,,Censored No Alarm,0,0,0,0,0,1,0.04984169080853462,,2019-05-04,,0.157
8HJ8LKMH,1,0,,2026-03-14,,Missed,0,0,0,0,1,0,0.15378107130527496,,2018-11-14,,0.157
8HJ91WDH,0,0,,,,Censored No Alarm,0,0,0,0,0,1,0.000439958821516484,,2019-05-04,,0.157
8HJ94EVH,0,0,,,,Censored No Alarm,0,0,0,0,0,1,0.002036882331594825,,2018-11-14,,0.157
8HJ9JWTH,0,0,,,,Censored No Alarm,0,0,0,0,0,1,0.0004385855863802135,,2018-11-14,,0.157
8HJ9K7HH,1,1,2024-06-25,2025-01-28,217.0,Early,0,1,0,1,0,0,0.16706353425979614,0.16706353425979614,2018-11-14,2050.0,0.157
8HJ9KKGH,0,0,,,,Censored No Alarm,0,0,0,0,0,1,0.0004414340655785054,,2019-05-04,,0.157
8HJ9KN1H,0,0,,,,Censored No Alarm,0,0,0,0,0,1,0.0008379637729376554,,2018-11-14,,0.157
8HJ9LS1H,0,0,,,,Censored No Alarm,0,0,0,0,0,1,0.0013143690302968025,,2018-11-14,,0.157
8HJ9M5NH,0,0,,,,Censored No Alarm,0,0,0,0,0,1,0.000979757634922862,,2018-11-14,,0.157
8HJ9M94H,0,0,,,,Censored No Alarm,0,0,0,0,0,1,0.001688314718194306,,2018-11-14,,0.157
8HJ9MZBH,0,0,,,,Censored No Alarm,0,0,0,0,0,1,0.00045101300929673016,,2019-05-04,,0.157
8HJ9NHPH,0,0,,,,Censored No Alarm,0,0,0,0,0,1,0.0008249162347055972,,2018-11-14,,0.157
8HJ9NKKH,0,0,,,,Censored No Alarm,0,0,0,0,0,1,0.0024169636890292168,,2018-11-14,,0.157
8HJ9RYSH,0,0,,,,Censored No Alarm,0,0,0,0,0,1,0.0019339574500918388,,2018-11-14,,0.157
8HJ9S05H,0,0,,,,Censored No Alarm,0,0,0,0,0,1,0.0015936989802867174,,2018-11-14,,0.157
8HJ9S0EH,0,0,,,,Censored No Alarm,0,0,0,0,0,1,0.0017328307731077075,,2018-11-14,,0.157
8HJ9Y3ZH,0,0,,,,Censored No Alarm,0,0,0,0,0,1,0.0006090242532081902,,2019-05-04,,0.157
8HJA085H,0,0,,,,Censored No Alarm,0,0,0,0,0,1,0.0018229923443868756,,2018-11-14,,0.157
8HJA2DPH,0,0,,,,Censored No Alarm,0,0,0,0,0,1,0.0022695388179272413,,2018-11-14,,0.157
8HJA8DBH,0,0,,,,Censored No Alarm,0,0,0,0,0,1,0.0014254302950575948,,2018-11-14,,0.157
8HJBNYTH,0,0,,,,Censored No Alarm,0,0,0,0,0,1,0.07556180655956268,,2019-01-05,,0.157
8HJDK12H,0,0,,,,Censored No Alarm,0,0,0,0,0,1,0.0010560140945017338,,2018-11-14,,0.157
8HJDX4PH,0,0,,,,Censored No Alarm,0,0,0,0,0,1,0.0005323414225131273,,2018-11-14,,0.157
8HJEY89H,0,0,,,,Censored No Alarm,0,0,0,0,0,1,0.00041379843605682254,,2019-03-01,,0.157
8HJG85RH,0,0,,,,Censored No Alarm,0,0,0,0,0,1,0.0014459394151344895,,2019-03-01,,0.157
8HJGZPXH,0,0,,,,Censored No Alarm,0,0,0,0,0,1,0.0011519157560542226,,2018-11-14,,0.157
8HJH62EH,0,0,,,,Censored No Alarm,0,0,0,0,0,1,0.0013686278834939003,,2018-11-14,,0.157
8HJH8RWH,0,0,,,,Censored No Alarm,0,0,0,0,0,1,0.0003538969613146037,,2019-03-01,,0.157
8HJK2HSH,0,0,,,,Censored No Alarm,0,0,0,0,0,1,0.014952865429222584,,2018-11-14,,0.157
8HJLKZRH,0,0,,,,Censored No Alarm,0,0,0,0,0,1,0.001008838415145874,,2018-11-14,,0.157
8HJRD7PH,0,0,,,,Censored No Alarm,0,0,0,0,0,1,0.0005633222172036767,,2019-03-01,,0.157
8HJRUMWH,0,0,,,,Censored No Alarm,0,0,0,0,0,1,0.0009007375338114798,,2018-11-14,,0.157
8HJRVW4H,0,0,,,,Censored No Alarm,0,0,0,0,0,1,0.0012539814924821258,,2018-11-14,,0.157
8HJUGTVH,0,0,,,,Censored No Alarm,0,0,0,0,0,1,0.05766616016626358,,2018-11-14,,0.157
8HJVJKPH,0,0,,,,Censored No Alarm,0,0,0,0,0,1,0.0006169909611344337,,2018-11-14,,0.157
8HJVUAGH,0,0,,,,Censored No Alarm,0,0,0,0,0,1,0.0011399149661883712,,2018-11-14,,0.157
8HJWBJXH,0,0,,,,Censored No Alarm,0,0,0,0,0,1,0.001730554853565991,,2018-11-14,,0.157
8HJWHD6H,0,0,,,,Censored No Alarm,0,0,0,0,0,1,0.0031125247478485107,,2018-11-14,,0.157
8HJWHEJH,0,0,,,,Censored No Alarm,0,0,0,0,0,1,0.0007613287307322025,,2019-03-28,,0.157
8HJXG0WH,1,0,,2022-05-01,,Missed,0,0,0,0,1,0,0.0017391497967764735,,2018-11-14,,0.157
8HJXKBDH,0,0,,,,Censored No Alarm,0,0,0,0,0,1,0.00044655794044956565,,2019-03-01,,0.157
8HJXU87H,0,0,,,,Censored No Alarm,0,0,0,0,0,1,0.058499835431575775,,2018-11-14,,0.157
8HJY20MH,0,0,,,,Censored No Alarm,0,0,0,0,0,1,0.0019461633637547493,,2018-11-14,,0.157
8HJYTXWH,0,0,,,,Censored No Alarm,0,0,0,0,0,1,0.0023723046761006117,,2018-11-14,,0.157
8HJYU0JH,0,0,,,,Censored No Alarm,0,0,0,0,0,1,0.0005857163341715932,,2018-11-14,,0.157
8HJYZNZH,0,0,,,,Censored No Alarm,0,0,0,0,0,1,0.0012789542088285089,,2018-11-14,,0.157
8HJZ13TH,0,0,,,,Censored No Alarm,0,0,0,0,0,1,0.0008945094887167215,,2018-11-14,,0.157
8HJZADEH,0,0,,,,Censored No Alarm,0,0,0,0,0,1,0.0016572501044720411,,2018-11-14,,0.157
8HJZEG6H,1,0,,2023-11-17,,Missed,0,0,0,0,1,0,0.034483619034290314,,2018-11-14,,0.157
8HJZG4AH,0,0,,,,Censored No Alarm,0,0,0,0,0,1,0.00117265316657722,,2018-11-14,,0.157
8HJZNVWH,0,0,,,,Censored No Alarm,0,0,0,0,0,1,0.0005054139182902873,,2018-11-14,,0.157
8HK087WH,0,0,,,,Censored No Alarm,0,0,0,0,0,1,0.11103006452322006,,2018-11-14,,0.157
8HK0HH3H,0,0,,,,Censored No Alarm,0,0,0,0,0,1,0.0011832849122583866,,2018-11-14,,0.157
8HK12NNH,0,0,,,,Censored No Alarm,0,0,0,0,0,1,0.0011993593070656061,,2018-11-14,,0.157
8HK17SKH,0,0,,,,Censored No Alarm,0,0,0,0,0,1,0.08191917091608047,,2018-11-14,,0.157
8HK17SWH,0,0,,,,Censored No Alarm,0,0,0,0,0,1,0.0018048286437988281,,2018-11-14,,0.157
8HK17SYH,0,0,,,,Censored No Alarm,0,0,0,0,0,1,0.12684594094753265,,2018-11-14,,0.157
8HK19K9H,0,0,,,,Censored No Alarm,0,0,0,0,0,1,0.0017822921508923173,,2018-11-14,,0.157
8HK19KVH,0,0,,,,Censored No Alarm,0,0,0,0,0,1,0.0017161620780825615,,2018-11-14,,0.157
8HK1KY3H,0,0,,,,Censored No Alarm,0,0,0,0,0,1,0.0009157367749139667,,2018-11-14,,0.157
8HK1LYPH,0,0,,,,Censored No Alarm,0,0,0,0,0,1,0.0005721009219996631,,2018-11-14,,0.157
8HK1N18H,0,0,,,,Censored No Alarm,0,0,0,0,0,1,0.0009704594849608839,,2018-11-14,,0.157
8HK1PV7H,0,0,,,,Censored No Alarm,0,0,0,0,0,1,0.0008533225045539439,,2018-11-14,,0.157
8HK1UULH,0,0,,,,Censored No Alarm,0,0,0,0,0,1,0.001984549220651388,,2018-11-14,,0.157
8HK1XAAH,1,0,,2021-10-24,,Missed,0,0,0,0,1,0,0.00024277040211018175,,2018-11-14,,0.157
8HK224GH,0,0,,,,Censored No Alarm,0,0,0,0,0,1,0.001653988496400416,,2018-11-14,,0.157
8HK25XSH,0,0,,,,Censored No Alarm,0,0,0,0,0,1,0.0015776167856529355,,2018-11-14,,0.157
8HK266WH,0,0,,,,Censored No Alarm,0,0,0,0,0,1,0.013392634689807892,,2018-11-14,,0.157
8HK28TJH,0,0,,,,Censored No Alarm,0,0,0,0,0,1,0.0009587708627805114,,2018-11-14,,0.157
8HK28Y0H,0,0,,,,Censored No Alarm,0,0,0,0,0,1,0.000968366046436131,,2018-11-14,,0.157
8HK2A1EH,0,0,,,,Censored No Alarm,0,0,0,0,0,1,0.0013441285118460655,,2019-06-01,,0.157
8HK2BA6H,0,0,,,,Censored No Alarm,0,0,0,0,0,1,0.0008898031082935631,,2018-11-14,,0.157
8HK2BAEH,0,0,,,,Censored No Alarm,0,0,0,0,0,1,0.0016704617301002145,,2018-11-14,,0.157
8HK2DVKH,0,0,,,,Censored No Alarm,0,0,0,0,0,1,0.0013744954485446215,,2018-11-14,,0.157
8HK2JXUH,0,0,,,,Censored No Alarm,0,0,0,0,0,1,0.0005795493489131331,,2019-03-28,,0.157
8HK2KY6H,0,0,,,,Censored No Alarm,0,0,0,0,0,1,0.0020476386416703463,,2018-11-14,,0.157
8HK2MXPH,0,0,,,,Censored No Alarm,0,0,0,0,0,1,0.0009122629417106509,,2018-11-14,,0.157
8HK2RMWH,0,0,,,,Censored No Alarm,0,0,0,0,0,1,0.006869608070701361,,2018-11-14,,0.157
8HK2RNWH,0,0,,,,Censored No Alarm,0,0,0,0,0,1,0.0011035794159397483,,2018-11-14,,0.157
8HK2RP9H,0,0,,,,Censored No Alarm,0,0,0,0,0,1,0.0008423501276411116,,2018-11-14,,0.157
8HK2VLMH,0,0,,,,Censored No Alarm,0,0,0,0,0,1,0.0012371193151921034,,2018-11-14,,0.157
8HK2X4YH,0,0,,,,Censored No Alarm,0,0,0,0,0,1,0.0010646715527400374,,2018-11-14,,0.157
8HK2ZPDH,0,0,,,,Censored No Alarm,0,0,0,0,0,1,0.0008595809922553599,,2019-05-04,,0.157
8HK2ZT1H,0,0,,,,Censored No Alarm,0,0,0,0,0,1,0.0009174900478683412,,2018-11-14,,0.157
8HK31WMH,0,0,,,,Censored No Alarm,0,0,0,0,0,1,0.0008580932626500726,,2019-05-04,,0.157
8HK31Y8H,0,0,,,,Censored No Alarm,0,0,0,0,0,1,0.002011931734159589,,2018-11-14,,0.157
8HK341ZH,0,0,,,,Censored No Alarm,0,0,0,0,0,1,0.001192991272546351,,2018-11-14,,0.157
8HK34EZH,0,0,,,,Censored No Alarm,0,0,0,0,0,1,0.01706550270318985,,2018-11-14,,0.157
8HK3BWZH,0,0,,,,Censored No Alarm,0,0,0,0,0,1,0.0014961297856643796,,2018-11-14,,0.157
8HK3GTLH,0,0,,,,Censored No Alarm,0,0,0,0,0,1,0.012265716679394245,,2018-11-14,,0.157
8HK3GUXH,0,0,,,,Censored No Alarm,0,0,0,0,0,1,0.0009121803450398147,,2018-11-14,,0.157
8HK3MMSH,0,0,,,,Censored No Alarm,0,0,0,0,0,1,0.0014175254618749022,,2018-11-14,,0.157
8HK3NG2H,0,0,,,,Censored No Alarm,0,0,0,0,0,1,0.0014923461712896824,,2018-11-14,,0.157
8HK3NJMH,0,0,,,,Censored No Alarm,0,0,0,0,0,1,0.0009572432609274983,,2018-11-14,,0.157
8HK41HEH,0,0,,,,Censored No Alarm,0,0,0,0,0,1,0.0011746924137696624,,2018-11-14,,0.157
8HK69BMH,0,0,,,,Censored No Alarm,0,0,0,0,0,1,0.0006700975354760885,,2019-03-01,,0.157
8HK6T2AH,0,0,,,,Censored No Alarm,0,0,0,0,0,1,0.000803044531494379,,2018-11-14,,0.157
8HK6TL7H,0,0,,,,Censored No Alarm,0,0,0,0,0,1,0.0013048459077253938,,2018-11-14,,0.157
8HK6UUDH,0,0,,,,Censored No Alarm,0,0,0,0,0,1,0.0005215246928855777,,2019-03-28,,0.157
8HK6V14H,0,0,,,,Censored No Alarm,0,0,0,0,0,1,0.0009178541949950159,,2018-11-14,,0.157
8HK6VSKH,1,1,2024-03-06,2024-03-10,4.0,On time,1,0,0,0,0,0,0.5112184286117554,0.16919171810150146,2018-11-14,1939.0,0.157
8HK70X7H,0,0,,,,Censored No Alarm,0,0,0,0,0,1,0.0009173256694339216,,2018-11-14,,0.157
8HK7194H,0,0,,,,Censored No Alarm,0,0,0,0,0,1,0.002674950286746025,,2018-11-14,,0.157
8HK72J0H,0,0,,,,Censored No Alarm,0,0,0,0,0,1,0.0006496347486972809,,2018-11-14,,0.157
8HK7DKMH,0,0,,,,Censored No Alarm,0,0,0,0,0,1,0.0003829977649729699,,2019-03-02,,0.157
8HK7E5DH,0,0,,,,Censored No Alarm,0,0,0,0,0,1,0.001809055800549686,,2018-11-14,,0.157
8HK7E68H,0,0,,,,Censored No Alarm,0,0,0,0,0,1,0.0009358471725136042,,2018-11-14,,0.157
8HK7H58H,0,0,,,,Censored No Alarm,0,0,0,0,0,1,0.001447108923457563,,2018-11-14,,0.157
8HK80P1H,0,0,,,,Censored No Alarm,0,0,0,0,0,1,0.028149567544460297,,2019-01-05,,0.157
8HKB2WEH,0,0,,,,Censored No Alarm,0,0,0,0,0,1,0.022527478635311127,,2019-01-05,,0.157
8HKB3M2H,0,0,,,,Censored No Alarm,0,0,0,0,0,1,0.0003363978466950357,,2019-01-05,,0.157
8HKB4R4H,0,0,,,,Censored No Alarm,0,0,0,0,0,1,0.0005944787990301847,,2019-05-04,,0.157
8HKBBKKH,0,0,,,,Censored No Alarm,0,0,0,0,0,1,0.0041120355017483234,,2018-11-14,,0.157
8HKBYNVH,0,0,,,,Censored No Alarm,0,0,0,0,0,1,0.00036739493953064084,,2019-05-04,,0.157
8HKE039H,0,0,,,,Censored No Alarm,0,0,0,0,0,1,0.031451351940631866,,2018-11-14,,0.157
8HKE6E1H,0,0,,,,Censored No Alarm,0,0,0,0,0,1,0.0011827558046206832,,2019-01-05,,0.157
8HKE8S7H,0,0,,,,Censored No Alarm,0,0,0,0,0,1,0.03588079288601875,,2019-01-05,,0.157
8HKEAWEH,0,0,,,,Censored No Alarm,0,0,0,0,0,1,0.0009910912485793233,,2019-06-01,,0.157
8HKEKYRH,0,0,,,,Censored No Alarm,0,0,0,0,0,1,0.0008828683057799935,,2019-06-01,,0.157
8HKG0GWH,0,0,,,,Censored No Alarm,0,0,0,0,0,1,0.0004811734543181956,,2019-01-05,,0.157
8HKHPZHH,0,0,,,,Censored No Alarm,0,0,0,0,0,1,0.001380095025524497,,2019-06-01,,0.157
8HKJ4MAH,0,0,,,,Censored No Alarm,0,0,0,0,0,1,0.0009099607705138624,,2019-03-01,,0.157
8HKJ5KDH,1,0,,2025-06-29,,Missed,0,0,0,0,1,0,0.0010096451733261347,,2018-11-14,,0.157
8HKL6STH,0,0,,,,Censored No Alarm,0,0,0,0,0,1,0.00044253619853407145,,2019-03-02,,0.157
8HKLRUSH,0,1,2026-02-09,,,Censored Early,0,0,1,1,0,0,0.40129560232162476,0.1624167263507843,2019-03-01,2537.0,0.157
8HKM415H,0,0,,,,Censored No Alarm,0,0,0,0,0,1,0.00041101619717665017,,2019-03-01,,0.157
8HKM5RVH,0,0,,,,Censored No Alarm,0,0,0,0,0,1,0.0007383289630524814,,2019-03-28,,0.157
8HKM654H,0,0,,,,Censored No Alarm,0,0,0,0,0,1,0.00058697909116745,,2019-03-28,,0.157
8HKM9Z1H,0,0,,,,Censored No Alarm,0,0,0,0,0,1,0.0006692784372717142,,2019-03-28,,0.157
8HKMR21H,1,0,,2020-09-02,,Missed,0,0,0,0,1,0,0.06340183317661285,,2019-03-28,,0.157
8HKNMW1H,0,0,,,,Censored No Alarm,0,0,0,0,0,1,0.0005620489828288555,,2019-05-04,,0.157
8HKNN28H,0,0,,,,Censored No Alarm,0,0,0,0,0,1,0.03729073330760002,,2019-06-01,,0.157
8HKPM7RH,0,0,,,,Censored No Alarm,0,0,0,0,0,1,0.0005098553374409676,,2019-03-02,,0.157
8HKPZY9H,1,1,2024-06-12,2024-08-13,62.0,Early,0,1,0,1,0,0,0.2535889446735382,0.1594582498073578,2019-03-28,1903.0,0.157
8HKRER2H,0,0,,,,Censored No Alarm,0,0,0,0,0,1,0.0009327568113803864,,2019-06-01,,0.157
8HKS4X3H,0,0,,,,Censored No Alarm,0,0,0,0,0,1,0.05125156790018082,,2019-03-02,,0.157
8HKTBA3H,1,1,2024-01-07,2024-09-22,259.0,Early,0,1,0,1,0,0,0.22434298694133759,0.16147442162036896,2019-03-01,1773.0,0.157
8HKTE54H,0,0,,,,Censored No Alarm,0,0,0,0,0,1,0.0008368020644411445,,2019-03-01,,0.157
8HKTH2SH,1,0,,2023-11-27,,Missed,0,0,0,0,1,0,0.00047162396367639303,,2019-03-01,,0.157
8HKTK0XH,0,0,,,,Censored No Alarm,0,0,0,0,0,1,0.0004979163641110063,,2019-01-05,,0.157
8HKU0DXH,0,0,,,,Censored No Alarm,0,0,0,0,0,1,0.0014488643500953913,,2019-03-01,,0.157
8HKU3YTH,1,1,2023-11-06,2024-07-13,250.0,Early,0,1,0,1,0,0,0.23234428465366364,0.18782088160514832,2019-03-01,1711.0,0.157
8HKU4WXH,0,0,,,,Censored No Alarm,0,0,0,0,0,1,0.00300583872012794,,2019-01-05,,0.157
8HKUEJHH,1,0,,2025-04-25,,Missed,0,0,0,0,1,0,0.0007819090969860554,,2019-03-28,,0.157
8HKVW60H,0,0,,,,Censored No Alarm,0,0,0,0,0,1,0.0006236537010408938,,2019-03-28,,0.157
8HKW4NPH,0,0,,,,Censored No Alarm,0,0,0,0,0,1,0.0007266605971381068,,2019-06-01,,0.157
8HKWV1GH,0,0,,,,Censored No Alarm,0,0,0,0,0,1,0.0005666172364726663,,2019-01-05,,0.157
8HKWXJYH,0,0,,,,Censored No Alarm,0,0,0,0,0,1,0.0006799666443839669,,2019-03-28,,0.157
8HKY0KHH,1,1,2023-10-04,2024-05-14,223.0,Early,0,1,0,1,0,0,0.5626049637794495,0.17396201193332672,2019-03-01,1678.0,0.157
8HKY66PH,0,0,,,,Censored No Alarm,0,0,0,0,0,1,0.0006025283946655691,,2019-03-01,,0.157
8HKYJ38H,0,0,,,,Censored No Alarm,0,0,0,0,0,1,0.000527987431269139,,2019-03-28,,0.157
8HKYZ6YH,0,0,,,,Censored No Alarm,0,0,0,0,0,1,0.0005008707521483302,,2019-03-28,,0.157
8HKZ213H,0,0,,,,Censored No Alarm,0,0,0,0,0,1,0.0003520151658449322,,2019-01-05,,0.157
8HKZDBRH,0,0,,,,Censored No Alarm,0,0,0,0,0,1,0.000670981069561094,,2019-06-01,,0.157
8HKZL75H,0,0,,,,Censored No Alarm,0,0,0,0,0,1,0.012160887010395527,,2019-05-04,,0.157
AAG0EXPH,0,0,,,,Censored No Alarm,0,0,0,0,0,1,0.00043674156768247485,,2019-01-05,,0.157
AAG0LHRH,0,0,,,,Censored No Alarm,0,0,0,0,0,1,0.0008876298670656979,,2019-01-05,,0.157
AAG121VH,0,0,,,,Censored No Alarm,0,0,0,0,0,1,0.0033513789530843496,,2019-03-01,,0.157
AAG16VPH,0,0,,,,Censored No Alarm,0,0,0,0,0,1,0.0004223121504765004,,2019-01-05,,0.157
AAG18L0H,0,0,,,,Censored No Alarm,0,0,0,0,0,1,0.000684782862663269,,2019-03-28,,0.157
AAG18MEH,0,0,,,,Censored No Alarm,0,0,0,0,0,1,0.0007963518728502095,,2019-03-01,,0.157
AAG197UH,0,0,,,,Censored No Alarm,0,0,0,0,0,1,0.0012766618747264147,,2019-06-01,,0.157
AAG1LSNH,1,0,,2025-07-30,,Missed,0,0,0,0,1,0,0.131429985165596,,2019-01-05,,0.157
AAG1LSVH,0,0,,,,Censored No Alarm,0,0,0,0,0,1,0.004112442024052143,,2019-01-05,,0.157
AAG1LW3H,1,0,,2024-09-03,,Missed,0,0,0,0,1,0,0.138496994972229,,2019-01-05,,0.157
AAG1PLVH,0,0,,,,Censored No Alarm,0,0,0,0,0,1,0.0005624042241834104,,2019-03-28,,0.157
AAG1PM9H,0,0,,,,Censored No Alarm,0,0,0,0,0,1,0.0007641984266228974,,2019-03-28,,0.157
AAG1RJAH,0,0,,,,Censored No Alarm,0,0,0,0,0,1,0.07938919961452484,,2019-03-28,,0.157
AAG1RK5H,0,0,,,,Censored No Alarm,0,0,0,0,0,1,0.000422599317971617,,2019-01-05,,0.157
AAG1RR9H,0,0,,,,Censored No Alarm,0,0,0,0,0,1,0.0005961616989225149,,2019-03-28,,0.157
AAG1RUJH,0,0,,,,Censored No Alarm,0,0,0,0,0,1,0.000803629751317203,,2019-03-28,,0.157
AAG1TGGH,0,0,,,,Censored No Alarm,0,0,0,0,0,1,0.0008844226249493659,,2019-01-05,,0.157
AAG1VJYH,0,0,,,,Censored No Alarm,0,0,0,0,0,1,0.0003766046720556915,,2019-03-28,,0.157
AAG1VNPH,0,0,,,,Censored No Alarm,0,0,0,0,0,1,0.00034227120340801775,,2019-01-05,,0.157
AAG1Z4AH,0,0,,,,Censored No Alarm,0,0,0,0,0,1,0.008324015885591507,,2019-08-13,,0.157
AAG23A2H,0,0,,,,Censored No Alarm,0,0,0,0,0,1,0.14579373598098755,,2019-01-05,,0.157
AAG23AKH,0,0,,,,Censored No Alarm,0,0,0,0,0,1,0.000498721725307405,,2019-01-05,,0.157
AAG23AVH,0,0,,,,Censored No Alarm,0,0,0,0,0,1,0.0005654518608935177,,2019-03-28,,0.157
AAG246TH,0,0,,,,Censored No Alarm,0,0,0,0,0,1,0.0007619695970788598,,2019-06-01,,0.157
AAG24UVH,0,0,,,,Censored No Alarm,0,0,0,0,0,1,0.00041139486711472273,,2019-01-05,,0.157
AAG24VXH,0,0,,,,Censored No Alarm,0,0,0,0,0,1,0.00035002524964511395,,2019-01-05,,0.157
AAG26NBH,1,0,,2023-10-19,,Missed,0,0,0,0,1,0,0.09336937963962555,,2019-03-28,,0.157
AAG26TPH,0,0,,,,Censored No Alarm,0,0,0,0,0,1,0.10902916640043259,,2019-03-28,,0.157
AAG26U9H,1,0,,2023-01-26,,Missed,0,0,0,0,1,0,0.014974836260080338,,2019-06-01,,0.157
AAG27VEH,0,0,,,,Censored No Alarm,0,0,0,0,0,1,0.0008040146785788238,,2019-03-28,,0.157
AAG27W2H,0,0,,,,Censored No Alarm,0,0,0,0,0,1,0.00041019535274244845,,2019-03-01,,0.157
AAG27XPH,1,0,,2025-10-06,,Missed,0,0,0,0,1,0,0.0006939006270840764,,2019-03-28,,0.157
AAG27ZLH,0,0,,,,Censored No Alarm,0,0,0,0,0,1,0.0009913066169247031,,2019-03-28,,0.157
AAG281TH,1,0,,2024-07-25,,Missed,0,0,0,0,1,0,0.11022546142339706,,2019-01-05,,0.157
AAG2GGJH,0,0,,,,Censored No Alarm,0,0,0,0,0,1,0.001013411208987236,,2019-06-01,,0.157
AAG2JGJH,1,0,,2026-02-10,,Missed,0,0,0,0,1,0,0.03372371569275856,,2019-06-01,,0.157
AAG2JL4H,0,0,,,,Censored No Alarm,0,0,0,0,0,1,0.0003967085212934762,,2019-01-05,,0.157
AAG2RZJH,0,0,,,,Censored No Alarm,0,0,0,0,0,1,0.0005776412435807288,,2019-03-28,,0.157
AAG2S62H,0,0,,,,Censored No Alarm,0,0,0,0,0,1,0.0007901181816123426,,2019-03-28,,0.157
AAG2S9YH,0,0,,,,Censored No Alarm,0,0,0,0,0,1,0.0006639845669269562,,2019-06-01,,0.157
AAG2SAYH,0,0,,,,Censored No Alarm,0,0,0,0,0,1,0.000813040416687727,,2019-08-14,,0.157
AAG2SJ3H,0,0,,,,Censored No Alarm,0,0,0,0,0,1,0.0006224930402822793,,2019-08-13,,0.157
AAG2VSVH,0,0,,,,Censored No Alarm,0,0,0,0,0,1,0.0007086856639944017,,2019-03-28,,0.157
AAG2Y6JH,0,0,,,,Censored No Alarm,0,0,0,0,0,1,0.0005906507722102106,,2019-03-28,,0.157
AAG2Z67H,0,0,,,,Censored No Alarm,0,0,0,0,0,1,0.0007325584883801639,,2019-06-01,,0.157
AAG2ZU1H,0,0,,,,Censored No Alarm,0,0,0,0,0,1,0.0009735177736729383,,2019-06-01,,0.157
AAG305AH,0,0,,,,Censored No Alarm,0,0,0,0,0,1,0.0013762860326096416,,2019-06-01,,0.157
AAG306GH,0,0,,,,Censored No Alarm,0,0,0,0,0,1,0.0063182283192873,,2019-01-05,,0.157
AAG34Z4H,0,0,,,,Censored No Alarm,0,0,0,0,0,1,0.0004992962931282818,,2019-01-05,,0.157
AAG350BH,0,1,2025-07-29,,,Censored Early,0,0,1,1,0,0,0.29128697514533997,0.1709548383951187,2019-03-28,2315.0,0.157
AAG350TH,0,0,,,,Censored No Alarm,0,0,0,0,0,1,0.0006987059605307877,,2019-03-28,,0.157
AAG3512H,0,0,,,,Censored No Alarm,0,0,0,0,0,1,0.0009412990184500813,,2019-03-28,,0.157
AAG352AH,0,0,,,,Censored No Alarm,0,0,0,0,0,1,0.000981077435426414,,2019-06-01,,0.157
AAG353EH,0,0,,,,Censored No Alarm,0,0,0,0,0,1,0.00042614791891537607,,2019-01-05,,0.157
AAG35LWH,0,1,2024-09-19,,,Censored Early,0,0,1,1,0,0,0.19743648171424866,0.16622568666934967,2019-01-05,2084.0,0.157
AAG401PH,0,0,,,,Censored No Alarm,0,0,0,0,0,1,0.0006942118634469807,,2019-01-05,,0.157
AAG46YHH,0,0,,,,Censored No Alarm,0,0,0,0,0,1,0.0004004476359114051,,2019-03-28,,0.157
AAG477BH,0,0,,,,Censored No Alarm,0,0,0,0,0,1,0.0005612781387753785,,2019-01-05,,0.157
AAG478DH,0,0,,,,Censored No Alarm,0,0,0,0,0,1,0.000826123810838908,,2019-03-28,,0.157
AAG48B3H,0,0,,,,Censored No Alarm,0,0,0,0,0,1,0.0022440911270678043,,2019-03-02,,0.157
AAG4AA9H,0,0,,,,Censored No Alarm,0,0,0,0,0,1,0.019405093044042587,,2019-03-01,,0.157
AAG4VESH,0,1,2024-04-23,,,Censored Early,0,0,1,1,0,0,0.4505101144313812,0.18516409397125244,2019-03-01,1880.0,0.157
AAG4Z4YH,0,0,,,,Censored No Alarm,0,0,0,0,0,1,0.0034730711486190557,,2019-03-01,,0.157
AAG4Z52H,0,0,,,,Censored No Alarm,0,0,0,0,0,1,0.00037369978963397443,,2019-03-02,,0.157
AAG4Z5AH,1,1,2024-09-12,2025-03-14,183.0,Early,0,1,0,1,0,0,0.276680588722229,0.16940344870090485,2019-01-05,2077.0,0.157
AAG4ZABH,0,0,,,,Censored No Alarm,0,0,0,0,0,1,0.0005097202956676483,,2019-03-01,,0.157
AAG51RHH,0,0,,,,Censored No Alarm,0,0,0,0,0,1,0.0005808903952129185,,2019-01-05,,0.157
AAG540GH,0,0,,,,Censored No Alarm,0,0,0,0,0,1,0.0007854376453906298,,2019-03-28,,0.157
AAG5DTTH,0,0,,,,Censored No Alarm,0,0,0,0,0,1,0.0007589824963361025,,2019-03-28,,0.157
AAG5Y4DH,0,0,,,,Censored No Alarm,0,0,0,0,0,1,0.0004799238231498748,,2019-01-05,,0.157
AAG5Y4LH,0,0,,,,Censored No Alarm,0,0,0,0,0,1,0.004543509799987078,,2019-01-05,,0.157
AAG5Y4TH,0,0,,,,Censored No Alarm,0,0,0,0,0,1,0.0018432418582960963,,2019-01-05,,0.157
AAG5Y4UH,0,0,,,,Censored No Alarm,0,0,0,0,0,1,0.00045747135300189257,,2019-01-05,,0.157
AAG5Y5UH,0,0,,,,Censored No Alarm,0,0,0,0,0,1,0.012024672701954842,,2019-01-05,,0.157
AAG5YJ4H,0,0,,,,Censored No Alarm,0,0,0,0,0,1,0.0021644115913659334,,2019-03-28,,0.157
AAG5YLKH,0,0,,,,Censored No Alarm,0,0,0,0,0,1,0.0005850144661962986,,2019-03-01,,0.157
AAG5YYBH,0,0,,,,Censored No Alarm,0,0,0,0,0,1,0.0004238799156155437,,2019-01-05,,0.157
AAG5YYKH,1,0,,2025-09-30,,Missed,0,0,0,0,1,0,0.15212573111057281,,2019-01-05,,0.157
AAG5YZ8H,0,0,,,,Censored No Alarm,0,0,0,0,0,1,0.000484782038256526,,2019-03-28,,0.157
AAG5YZZH,1,0,,2025-07-30,,Missed,0,0,0,0,1,0,0.01612335443496704,,2019-03-02,,0.157
AAG613MH,0,0,,,,Censored No Alarm,0,0,0,0,0,1,0.000294920289888978,,2019-01-05,,0.157
AAG613RH,1,0,,2025-06-06,,Missed,0,0,0,0,1,0,0.0005890080938115716,,2019-01-05,,0.157
AAG61KPH,0,0,,,,Censored No Alarm,0,0,0,0,0,1,0.006145965773612261,,2019-03-28,,0.157
AAG61LHH,1,1,2023-12-22,2024-05-17,147.0,Early,0,1,0,1,0,0,0.5262274742126465,0.17786957323551178,2019-03-01,1757.0,0.157
AAG61NEH,0,0,,,,Censored No Alarm,0,0,0,0,0,1,0.00047498263302259147,,2019-01-05,,0.157
AAG61NZH,0,0,,,,Censored No Alarm,0,0,0,0,0,1,0.05430518090724945,,2019-03-28,,0.157
AAG61P2H,0,0,,,,Censored No Alarm,0,0,0,0,0,1,0.0008335483726114035,,2019-03-01,,0.157
AAG61UMH,0,0,,,,Censored No Alarm,0,0,0,0,0,1,0.00797079037874937,,2019-01-05,,0.157
AAG61WRH,0,0,,,,Censored No Alarm,0,0,0,0,0,1,0.0004170799511484802,,2019-03-01,,0.157
AAG61Z1H,0,0,,,,Censored No Alarm,0,0,0,0,0,1,0.0005148705095052719,,2019-01-05,,0.157
AAG61ZAH,0,0,,,,Censored No Alarm,0,0,0,0,0,1,0.0011704865610226989,,2019-03-01,,0.157
AAG620PH,0,0,,,,Censored No Alarm,0,0,0,0,0,1,0.0006488501676358283,,2019-03-28,,0.157
AAG621WH,0,0,,,,Censored No Alarm,0,0,0,0,0,1,0.0005736653110943735,,2019-01-05,,0.157
AAG623DH,0,0,,,,Censored No Alarm,0,0,0,0,0,1,0.0004979128134436905,,2019-01-05,,0.157
AAG6376H,0,0,,,,Censored No Alarm,0,0,0,0,0,1,0.00665113003924489,,2019-03-28,,0.157
AAG637RH,1,0,,2022-05-21,,Missed,0,0,0,0,1,0,0.00039987851050682366,,2019-01-05,,0.157
AAG6381H,0,0,,,,Censored No Alarm,0,0,0,0,0,1,0.0003284057602286339,,2019-01-05,,0.157
AAG638GH,0,0,,,,Censored No Alarm,0,0,0,0,0,1,0.0004631182237062603,,2019-01-05,,0.157
AAG639BH,0,0,,,,Censored No Alarm,0,0,0,0,0,1,0.031289104372262955,,2019-01-05,,0.157
AAG63DLH,0,0,,,,Censored No Alarm,0,0,0,0,0,1,0.0012842139694839716,,2019-03-28,,0.157
AAG63JSH,0,0,,,,Censored No Alarm,0,0,0,0,0,1,0.003136041574180126,,2019-03-02,,0.157
AAG63PJH,0,0,,,,Censored No Alarm,0,0,0,0,0,1,0.0004049290146213025,,2019-03-28,,0.157
AAG63PKH,1,1,2022-05-02,2022-05-22,20.0,On time,1,0,0,0,0,0,0.4703907370567322,0.19166775047779083,2019-03-01,1158.0,0.157
AAG63PLH,0,0,,,,Censored No Alarm,0,0,0,0,0,1,0.0007772293756715953,,2019-03-01,,0.157
AAG63RGH,0,0,,,,Censored No Alarm,0,0,0,0,0,1,0.0009961273754015565,,2019-03-01,,0.157
AAG63TMH,1,1,2024-08-05,2025-09-02,393.0,Early,0,1,0,1,0,0,0.35912036895751953,0.18309760093688965,2019-03-02,1983.0,0.157
AAG63TSH,0,0,,,,Censored No Alarm,0,0,0,0,0,1,0.015059566125273705,,2019-03-28,,0.157
AAG63V6H,0,0,,,,Censored No Alarm,0,0,0,0,0,1,0.04797229915857315,,2019-03-28,,0.157
AAG63WHH,1,0,,2025-11-30,,Missed,0,0,0,0,1,0,0.06086389720439911,,2019-01-05,,0.157
AAG63Z8H,1,1,2025-09-14,2025-09-28,14.0,On time,1,0,0,0,0,0,0.5151253938674927,0.28777962923049927,2019-03-01,2389.0,0.157
AAG6417H,1,1,2024-06-04,2024-06-06,2.0,On time,1,0,0,0,0,0,0.21219255030155182,0.1685020476579666,2019-03-01,1922.0,0.157
AAG6436H,0,0,,,,Censored No Alarm,0,0,0,0,0,1,0.0008114730007946491,,2019-06-01,,0.157
AAG64VXH,0,0,,,,Censored No Alarm,0,0,0,0,0,1,0.025258874520659447,,2019-01-05,,0.157
AAG6509H,0,0,,,,Censored No Alarm,0,0,0,0,0,1,0.0004897306207567453,,2019-03-28,,0.157
AAG67UZH,0,0,,,,Censored No Alarm,0,0,0,0,0,1,0.007424242328852415,,2019-03-28,,0.157
AAG67V3H,1,1,2024-08-01,2025-06-20,323.0,Early,0,1,0,1,0,0,0.16010525822639465,0.16010525822639465,2019-03-01,1980.0,0.157
AAG67VBH,0,0,,,,Censored No Alarm,0,0,0,0,0,1,0.004079960752278566,,2019-03-28,,0.157
AAG67W3H,0,0,,,,Censored No Alarm,0,0,0,0,0,1,0.0004617662343662232,,2019-03-01,,0.157
AAG67Z8H,0,0,,,,Censored No Alarm,0,0,0,0,0,1,0.001766867469996214,,2019-06-01,,0.157
AAG682YH,1,1,2024-02-10,2024-07-04,145.0,Early,0,1,0,1,0,0,0.4697444438934326,0.17136333882808685,2019-03-28,1780.0,0.157
AAG683JH,0,0,,,,Censored No Alarm,0,0,0,0,0,1,0.000829427910503,,2019-03-01,,0.157
AAG686GH,0,0,,,,Censored No Alarm,0,0,0,0,0,1,0.0018835015362128615,,2019-03-02,,0.157
AAG6870H,0,0,,,,Censored No Alarm,0,0,0,0,0,1,0.0010554920881986618,,2019-01-05,,0.157
AAG6878H,0,0,,,,Censored No Alarm,0,0,0,0,0,1,0.0005883286357857287,,2019-01-05,,0.157
AAG687GH,0,0,,,,Censored No Alarm,0,0,0,0,0,1,0.002478472888469696,,2019-03-01,,0.157
AAG687MH,0,0,,,,Censored No Alarm,0,0,0,0,0,1,0.0006513005355373025,,2019-03-28,,0.157
AAG68AGH,0,0,,,,Censored No Alarm,0,0,0,0,0,1,0.0004930980503559113,,2019-06-01,,0.157
AAG68AKH,0,0,,,,Censored No Alarm,0,0,0,0,0,1,0.1154441237449646,,2019-03-02,,0.157
AAG68AUH,0,0,,,,Censored No Alarm,0,0,0,0,0,1,0.00048091571079567075,,2019-01-05,,0.157
AAG68AXH,0,0,,,,Censored No Alarm,0,0,0,0,0,1,0.0008001686073839664,,2019-03-28,,0.157
AAG68BRH,0,0,,,,Censored No Alarm,0,0,0,0,0,1,0.0836343839764595,,2019-01-05,,0.157
AAG68EWH,1,0,,2023-04-01,,Missed,0,0,0,0,1,0,0.03642240911722183,,2019-01-05,,0.157
AAG68EXH,1,0,,2024-06-19,,Missed,0,0,0,0,1,0,0.04493449255824089,,2019-01-05,,0.157
AAG68KVH,0,0,,,,Censored No Alarm,0,0,0,0,0,1,0.0009751126053743064,,2019-01-05,,0.157
AAG691PH,0,0,,,,Censored No Alarm,0,0,0,0,0,1,0.000990923261269927,,2019-06-01,,0.157
AAG691VH,0,0,,,,Censored No Alarm,0,0,0,0,0,1,0.043592069298028946,,2019-01-05,,0.157
AAG69LHH,0,0,,,,Censored No Alarm,0,0,0,0,0,1,0.0005052742199040949,,2019-06-01,,0.157
AAG69TTH,0,0,,,,Censored No Alarm,0,0,0,0,0,1,0.0016561174998059869,,2019-03-01,,0.157
AAG69WWH,0,0,,,,Censored No Alarm,0,0,0,0,0,1,0.00038830944686196744,,2019-01-05,,0.157
AAG69YWH,0,0,,,,Censored No Alarm,0,0,0,0,0,1,0.00046258483780547976,,2019-03-02,,0.157
AAG6A03H,0,0,,,,Censored No Alarm,0,0,0,0,0,1,0.0020961142145097256,,2019-03-02,,0.157
AAG6A07H,0,0,,,,Censored No Alarm,0,0,0,0,0,1,0.012640674598515034,,2019-03-01,,0.157
AAG6A0AH,0,0,,,,Censored No Alarm,0,0,0,0,0,1,0.0007348382496275008,,2019-01-05,,0.157
AAG6AATH,0,0,,,,Censored No Alarm,0,0,0,0,0,1,0.0004551733145490289,,2019-06-01,,0.157
AAG6AV4H,0,0,,,,Censored No Alarm,0,0,0,0,0,1,0.0016052031423896551,,2019-03-01,,0.157
AAG6AWTH,1,0,,2024-07-08,,Missed,0,0,0,0,1,0,0.11459054052829742,,2019-03-28,,0.157
AAG6AX6H,0,0,,,,Censored No Alarm,0,0,0,0,0,1,0.0007830301183275878,,2019-03-28,,0.157
AAG6B4HH,0,0,,,,Censored No Alarm,0,0,0,0,0,1,0.0005270861438475549,,2019-03-28,,0.157
AAG6B5KH,0,0,,,,Censored No Alarm,0,0,0,0,0,1,0.0005610657390207052,,2019-03-28,,0.157
AAG6DT9H,1,0,,2019-04-25,,Missed,0,0,0,0,1,0,0.0005109704798087478,,2019-03-01,,0.157
AAG6DVEH,0,0,,,,Censored No Alarm,0,0,0,0,0,1,0.015279311686754227,,2019-03-01,,0.157
AAG6DXTH,0,0,,,,Censored No Alarm,0,0,0,0,0,1,0.005044813267886639,,2019-01-05,,0.157
AAG6E2HH,0,0,,,,Censored No Alarm,0,0,0,0,0,1,0.00044349359814077616,,2019-03-28,,0.157
AAG6E60H,0,0,,,,Censored No Alarm,0,0,0,0,0,1,0.0037506590597331524,,2019-03-01,,0.157
AAG6E7EH,0,0,,,,Censored No Alarm,0,0,0,0,0,1,0.000497110653668642,,2019-03-28,,0.157
AAG6E7RH,0,0,,,,Censored No Alarm,0,0,0,0,0,1,0.0026853724848479033,,2019-03-02,,0.157
AAG6ESPH,0,0,,,,Censored No Alarm,0,0,0,0,0,1,0.00035177983227185905,,2019-01-05,,0.157
AAG6EVRH,0,0,,,,Censored No Alarm,0,0,0,0,0,1,0.000502739567309618,,2019-01-05,,0.157
AAG6EX3H,0,0,,,,Censored No Alarm,0,0,0,0,0,1,0.000522267131600529,,2019-01-05,,0.157
AAG6GM1H,0,0,,,,Censored No Alarm,0,0,0,0,0,1,0.00043249415466561913,,2019-03-28,,0.157
AAG6H25H,0,0,,,,Censored No Alarm,0,0,0,0,0,1,0.00033523503225296736,,2019-03-01,,0.157
AAG6HG0H,0,0,,,,Censored No Alarm,0,0,0,0,0,1,0.0011213906109333038,,2019-03-01,,0.157
AAG6HSEH,0,0,,,,Censored No Alarm,0,0,0,0,0,1,0.0004602076078299433,,2019-03-02,,0.157
AAG6HYXH,0,0,,,,Censored No Alarm,0,0,0,0,0,1,0.0006830986239947379,,2019-03-02,,0.157
AAG6J1MH,0,0,,,,Censored No Alarm,0,0,0,0,0,1,0.00048219316522590816,,2019-01-05,,0.157
AAG6J1TH,1,1,2023-10-29,2025-10-07,709.0,Early,0,1,0,1,0,0,0.17373554408550262,0.17373554408550262,2019-03-01,1703.0,0.157
AAG6J2DH,1,0,,2024-01-03,,Missed,0,0,0,0,1,0,0.01939532719552517,,2019-03-28,,0.157
AAG6J2KH,1,1,2023-03-02,2023-10-19,231.0,Early,0,1,0,1,0,0,0.3656603991985321,0.15779313445091248,2019-01-05,1517.0,0.157
AAG6KJ6H,0,0,,,,Censored No Alarm,0,0,0,0,0,1,0.001009986735880375,,2019-03-28,,0.157
AAG6KJPH,0,0,,,,Censored No Alarm,0,0,0,0,0,1,0.0005565491155721247,,2019-03-28,,0.157
AAG6KTJH,0,0,,,,Censored No Alarm,0,0,0,0,0,1,0.0004759702424053103,,2019-03-02,,0.157
AAG6KTRH,0,0,,,,Censored No Alarm,0,0,0,0,0,1,0.0004310178919695318,,2019-01-05,,0.157
AAG6KUAH,0,1,2025-12-04,,,Censored Early,0,0,1,1,0,0,0.4872560501098633,0.16128069162368774,2019-01-05,2525.0,0.157
AAG6KUJH,0,0,,,,Censored No Alarm,0,0,0,0,0,1,0.0006692312308587134,,2019-03-01,,0.157
AAG6KV6H,1,0,,2021-11-27,,Missed,0,0,0,0,1,0,0.0062714326195418835,,2019-03-01,,0.157
AAG6L88H,0,0,,,,Censored No Alarm,0,0,0,0,0,1,0.0004454327863641083,,2019-03-28,,0.157
AAG6L8VH,0,0,,,,Censored No Alarm,0,0,0,0,0,1,0.07663427293300629,,2019-03-28,,0.157
AAG6LD7H,1,0,,2025-06-16,,Missed,0,0,0,0,1,0,0.02373146079480648,,2019-03-01,,0.157
AAG6LDTH,0,0,,,,Censored No Alarm,0,0,0,0,0,1,0.0008701679762452841,,2019-03-28,,0.157
AAG6LEHH,0,0,,,,Censored No Alarm,0,0,0,0,0,1,0.0012444438179954886,,2019-03-01,,0.157
AAG6LEJH,0,0,,,,Censored No Alarm,0,0,0,0,0,1,0.0008340314379893243,,2019-03-01,,0.157
AAG6LG9H,0,0,,,,Censored No Alarm,0,0,0,0,0,1,0.0006780527764931321,,2019-01-05,,0.157
AAG6LTSH,0,0,,,,Censored No Alarm,0,0,0,0,0,1,0.0006481498712673783,,2019-03-01,,0.157
AAG6M3BH,0,0,,,,Censored No Alarm,0,0,0,0,0,1,0.002768933307379484,,2019-03-02,,0.157
AAG6M8TH,0,0,,,,Censored No Alarm,0,0,0,0,0,1,0.0004527401179075241,,2019-01-05,,0.157
AAG6MABH,0,0,,,,Censored No Alarm,0,0,0,0,0,1,0.0006072448450140655,,2019-05-04,,0.157
AAG6NEEH,0,0,,,,Censored No Alarm,0,0,0,0,0,1,0.0006027888739481568,,2019-03-28,,0.157
AAG6NP0H,1,1,2024-02-24,2024-09-22,211.0,Early,0,1,0,1,0,0,0.46671023964881897,0.18579190969467163,2019-03-01,1821.0,0.157
AAG6NPRH,1,1,2026-03-12,2026-03-12,0.0,On time,1,0,0,0,0,0,0.552264928817749,0.552264928817749,2019-03-01,2568.0,0.157
AAG6NRBH,1,1,2024-04-22,2024-07-11,80.0,Early,0,1,0,1,0,0,0.2377016693353653,0.19061826169490814,2019-03-28,1852.0,0.157
AAG6NRZH,0,0,,,,Censored No Alarm,0,0,0,0,0,1,0.0012248392449691892,,2019-03-28,,0.157
AAG6NS8H,0,0,,,,Censored No Alarm,0,0,0,0,0,1,0.12720263004302979,,2019-03-28,,0.157
AAG6NSKH,0,0,,,,Censored No Alarm,0,0,0,0,0,1,0.03479057550430298,,2019-01-05,,0.157
AAG6NVKH,0,0,,,,Censored No Alarm,0,0,0,0,0,1,0.0007890726556070149,,2019-01-05,,0.157
AAG6NW3H,0,0,,,,Censored No Alarm,0,0,0,0,0,1,0.00068867695517838,,2019-06-01,,0.157
AAG6P40H,0,0,,,,Censored No Alarm,0,0,0,0,0,1,0.00036202979390509427,,2019-01-05,,0.157
AAG6P42H,0,0,,,,Censored No Alarm,0,0,0,0,0,1,0.00041312206303700805,,2019-03-01,,0.157
AAG6P4EH,0,0,,,,Censored No Alarm,0,0,0,0,0,1,0.00042177006253041327,,2019-03-28,,0.157
AAG6P9AH,0,0,,,,Censored No Alarm,0,0,0,0,0,1,0.00043680029921233654,,2019-03-01,,0.157
AAG6PWBH,0,0,,,,Censored No Alarm,0,0,0,0,0,1,0.0004941190127283335,,2019-03-02,,0.157
AAG6PY2H,0,0,,,,Censored No Alarm,0,0,0,0,0,1,0.000488598714582622,,2019-01-05,,0.157
AAG6PYLH,0,0,,,,Censored No Alarm,0,0,0,0,0,1,0.0006099539459683001,,2019-06-01,,0.157
AAG6R0AH,0,0,,,,Censored No Alarm,0,0,0,0,0,1,0.0009000384015962481,,2019-06-01,,0.157
AAG6R2RH,0,0,,,,Censored No Alarm,0,0,0,0,0,1,0.0010305149480700493,,2019-03-01,,0.157
AAG6R32H,0,0,,,,Censored No Alarm,0,0,0,0,0,1,0.0005627469508908689,,2019-03-01,,0.157
AAG6R48H,0,0,,,,Censored No Alarm,0,0,0,0,0,1,0.0005800165235996246,,2019-03-28,,0.157
AAG6R8UH,0,0,,,,Censored No Alarm,0,0,0,0,0,1,0.0004868337418884039,,2019-03-28,,0.157
AAG6T4ZH,0,0,,,,Censored No Alarm,0,0,0,0,0,1,0.001182509702630341,,2019-03-28,,0.157
AAG6T52H,1,0,,2023-06-10,,Missed,0,0,0,0,1,0,0.0008850521990098059,,2019-06-01,,0.157
AAG6T55H,0,0,,,,Censored No Alarm,0,0,0,0,0,1,0.001054055173881352,,2019-06-01,,0.157
AAG6T5JH,0,0,,,,Censored No Alarm,0,0,0,0,0,1,0.0007230826304294169,,2019-05-16,,0.157
AAG6T7LH,0,0,,,,Censored No Alarm,0,0,0,0,0,1,0.0004344747285358608,,2019-03-01,,0.157
AAG6T9NH,0,0,,,,Censored No Alarm,0,0,0,0,0,1,0.0006601755740121007,,2019-06-01,,0.157
AAG6TA8H,0,0,,,,Censored No Alarm,0,0,0,0,0,1,0.0005105386371724308,,2019-01-05,,0.157
AAG6TAHH,0,0,,,,Censored No Alarm,0,0,0,0,0,1,0.002844182075932622,,2019-06-01,,0.157
AAG6TAKH,0,0,,,,Censored No Alarm,0,0,0,0,0,1,0.0007759442669339478,,2019-06-01,,0.157
AAG6TBBH,0,0,,,,Censored No Alarm,0,0,0,0,0,1,0.0006692512542940676,,2019-03-28,,0.157
AAG6TBJH,0,0,,,,Censored No Alarm,0,0,0,0,0,1,0.0008491501212120056,,2019-01-05,,0.157
AAG6THHH,0,0,,,,Censored No Alarm,0,0,0,0,0,1,0.0007010200060904026,,2019-06-01,,0.157
AAG6THJH,0,0,,,,Censored No Alarm,0,0,0,0,0,1,0.0009899022988975048,,2019-06-01,,0.157
AAG6THLH,0,0,,,,Censored No Alarm,0,0,0,0,0,1,0.0003889512736350298,,2019-05-04,,0.157
AAG6TRKH,0,0,,,,Censored No Alarm,0,0,0,0,0,1,0.000579517858568579,,2019-05-04,,0.157
AAG6TS8H,0,0,,,,Censored No Alarm,0,0,0,0,0,1,0.0013862771447747946,,2019-06-01,,0.157
AAG6TSUH,0,0,,,,Censored No Alarm,0,0,0,0,0,1,0.0005533063085749745,,2019-03-28,,0.157
AAG6TT1H,0,0,,,,Censored No Alarm,0,0,0,0,0,1,0.001089327852241695,,2019-05-16,,0.157
AAG6TT9H,0,0,,,,Censored No Alarm,0,0,0,0,0,1,0.0008168513886630535,,2019-03-28,,0.157
AAG6TTNH,0,0,,,,Censored No Alarm,0,0,0,0,0,1,0.0010005434742197394,,2019-01-05,,0.157
AAG6TUVH,0,0,,,,Censored No Alarm,0,0,0,0,0,1,0.0008681906037963927,,2019-06-01,,0.157
AAG6TVPH,0,0,,,,Censored No Alarm,0,0,0,0,0,1,0.0007332352688536048,,2019-03-28,,0.157
AAG6TY4H,0,0,,,,Censored No Alarm,0,0,0,0,0,1,0.0018794083734974265,,2019-06-01,,0.157
AAG6U5AH,0,0,,,,Censored No Alarm,0,0,0,0,0,1,0.0007119756191968918,,2019-03-01,,0.157
AAG6UKNH,0,0,,,,Censored No Alarm,0,0,0,0,0,1,0.00038771037361584604,,2019-03-28,,0.157
AAG6UMGH,0,0,,,,Censored No Alarm,0,0,0,0,0,1,0.0004499300557654351,,2019-01-05,,0.157
AAG6UMJH,0,0,,,,Censored No Alarm,0,0,0,0,0,1,0.00043620026553981006,,2019-01-05,,0.157
AAG6UNKH,0,0,,,,Censored No Alarm,0,0,0,0,0,1,0.12077322602272034,,2019-06-01,,0.157
AAG6US4H,0,0,,,,Censored No Alarm,0,0,0,0,0,1,0.0014184233732521534,,2019-03-01,,0.157
AAG6UT0H,0,0,,,,Censored No Alarm,0,0,0,0,0,1,0.0009670282597653568,,2019-06-01,,0.157
AAG6UU8H,0,0,,,,Censored No Alarm,0,0,0,0,0,1,0.07636681199073792,,2019-01-05,,0.157
AAG6UZTH,0,0,,,,Censored No Alarm,0,0,0,0,0,1,0.0007373297703452408,,2019-03-28,,0.157
AAG6V1MH,0,0,,,,Censored No Alarm,0,0,0,0,0,1,0.0005527122993953526,,2019-03-28,,0.157
AAG6V71H,0,0,,,,Censored No Alarm,0,0,0,0,0,1,0.0007321896846406162,,2019-03-01,,0.157
AAG6V7DH,0,0,,,,Censored No Alarm,0,0,0,0,0,1,0.0007145926356315613,,2019-03-01,,0.157
AAG6V7VH,0,0,,,,Censored No Alarm,0,0,0,0,0,1,0.000862795568536967,,2019-03-01,,0.157
AAG6VHXH,0,0,,,,Censored No Alarm,0,0,0,0,0,1,0.0005885440041311085,,2019-06-01,,0.157
AAG6VJKH,0,0,,,,Censored No Alarm,0,0,0,0,0,1,0.0012087858049198985,,2019-03-28,,0.157
AAG6VM8H,0,0,,,,Censored No Alarm,0,0,0,0,0,1,0.0005201175226829946,,2019-03-28,,0.157
AAG6VMBH,0,0,,,,Censored No Alarm,0,0,0,0,0,1,0.000624513195361942,,2019-03-01,,0.157
AAG6VMGH,0,0,,,,Censored No Alarm,0,0,0,0,0,1,0.000827270676381886,,2019-03-01,,0.157
AAG6X6JH,0,0,,,,Censored No Alarm,0,0,0,0,0,1,0.0004563881375361234,,2019-03-28,,0.157
AAG6XU7H,1,1,2019-07-01,2020-05-23,327.0,Early,0,1,0,1,0,0,0.565617024898529,0.2177412509918213,2019-05-04,58.0,0.157
AAG6XWGH,0,0,,,,Censored No Alarm,0,0,0,0,0,1,0.0007085897959768772,,2019-03-01,,0.157
AAG6XWJH,1,0,,2025-04-04,,Missed,0,0,0,0,1,0,0.1385820508003235,,2019-03-28,,0.157
AAG6XXWH,0,0,,,,Censored No Alarm,0,0,0,0,0,1,0.0008747285464778543,,2019-01-05,,0.157
AAG6XYBH,0,0,,,,Censored No Alarm,0,0,0,0,0,1,0.0006382731953635812,,2019-06-01,,0.157
AAG6XYNH,0,0,,,,Censored No Alarm,0,0,0,0,0,1,0.0013620438985526562,,2019-06-01,,0.157
AAG6XZ6H,0,0,,,,Censored No Alarm,0,0,0,0,0,1,0.0004224603180773556,,2019-03-28,,0.157
AAG6XZNH,0,0,,,,Censored No Alarm,0,0,0,0,0,1,0.0006947949295863509,,2019-06-01,,0.157
AAG6Y0GH,0,0,,,,Censored No Alarm,0,0,0,0,0,1,0.001254526898264885,,2019-03-01,,0.157
AAG6Y0KH,0,0,,,,Censored No Alarm,0,0,0,0,0,1,0.0006460191798396409,,2019-01-05,,0.157
AAG6Y1BH,0,0,,,,Censored No Alarm,0,0,0,0,0,1,0.0011590232606977224,,2019-03-02,,0.157
AAG6Y3LH,0,0,,,,Censored No Alarm,0,0,0,0,0,1,0.0009954679990187287,,2019-03-28,,0.157
AAG6Y3UH,0,0,,,,Censored No Alarm,0,0,0,0,0,1,0.0007106192060746253,,2019-06-01,,0.157
AAG6Y41H,0,0,,,,Censored No Alarm,0,0,0,0,0,1,0.0003860385622829199,,2019-01-05,,0.157
AAG6Y46H,0,0,,,,Censored No Alarm,0,0,0,0,0,1,0.0009521858883090317,,2019-06-01,,0.157
AAG6YZ1H,0,0,,,,Censored No Alarm,0,0,0,0,0,1,0.0006742492550984025,,2019-03-28,,0.157
AAG6YZ9H,0,0,,,,Censored No Alarm,0,0,0,0,0,1,0.0005758323823101819,,2019-01-05,,0.157
AAG6Z0DH,0,0,,,,Censored No Alarm,0,0,0,0,0,1,0.00033654217259027064,,2019-01-05,,0.157
AAG6Z17H,0,0,,,,Censored No Alarm,0,0,0,0,0,1,0.0008443695842288435,,2019-06-01,,0.157
AAG6Z1MH,0,0,,,,Censored No Alarm,0,0,0,0,0,1,0.0018005642341449857,,2019-03-01,,0.157
AAG6Z1XH,0,0,,,,Censored No Alarm,0,0,0,0,0,1,0.0005527359899133444,,2019-03-01,,0.157
AAG6Z2DH,0,0,,,,Censored No Alarm,0,0,0,0,0,1,0.001409730059094727,,2019-03-01,,0.157
AAG6Z2RH,0,0,,,,Censored No Alarm,0,0,0,0,0,1,0.0008745614904910326,,2019-06-01,,0.157
AAG6Z42H,1,0,,2024-11-24,,Missed,0,0,0,0,1,0,0.029339822009205818,,2019-01-05,,0.157
AAG6Z4VH,0,0,,,,Censored No Alarm,0,0,0,0,0,1,0.0004407225933391601,,2019-03-01,,0.157
AAG6Z53H,0,0,,,,Censored No Alarm,0,0,0,0,0,1,0.0008372075972147286,,2019-05-16,,0.157
AAG6ZJ9H,0,0,,,,Censored No Alarm,0,0,0,0,0,1,0.0017506757285445929,,2019-03-01,,0.157
AAG705GH,0,0,,,,Censored No Alarm,0,0,0,0,0,1,0.0006853698287159204,,2019-03-01,,0.157
AAG7078H,0,0,,,,Censored No Alarm,0,0,0,0,0,1,0.006623890716582537,,2019-05-04,,0.157
AAG70HDH,0,0,,,,Censored No Alarm,0,0,0,0,0,1,0.0005568791530095041,,2019-01-05,,0.157
AAG70JEH,0,0,,,,Censored No Alarm,0,0,0,0,0,1,0.007834636606276035,,2019-06-01,,0.157
AAG70U9H,0,0,,,,Censored No Alarm,0,0,0,0,0,1,0.015424133278429508,,2019-01-05,,0.157
AAG73ZWH,0,0,,,,Censored No Alarm,0,0,0,0,0,1,0.0007589527522213757,,2019-01-05,,0.157
AAG73ZZH,0,0,,,,Censored No Alarm,0,0,0,0,0,1,0.0019041128689423203,,2019-03-28,,0.157
AAG740EH,0,0,,,,Censored No Alarm,0,0,0,0,0,1,0.0009035001858137548,,2019-01-05,,0.157
AAG740NH,0,0,,,,Censored No Alarm,0,0,0,0,0,1,0.0008726514643058181,,2019-06-01,,0.157
AAG740WH,0,0,,,,Censored No Alarm,0,0,0,0,0,1,0.0004449998668860644,,2019-03-01,,0.157
AAG740YH,0,0,,,,Censored No Alarm,0,0,0,0,0,1,0.0005887987208552659,,2019-03-28,,0.157
AAG741PH,0,0,,,,Censored No Alarm,0,0,0,0,0,1,0.0006316719227470458,,2019-03-28,,0.157
AAG742EH,0,0,,,,Censored No Alarm,0,0,0,0,0,1,0.0008825184777379036,,2019-03-28,,0.157
AAG742JH,0,0,,,,Censored No Alarm,0,0,0,0,0,1,0.0068570529110729694,,2019-06-01,,0.157
AAG742WH,0,0,,,,Censored No Alarm,0,0,0,0,0,1,0.0006768599851056933,,2019-01-05,,0.157
AAG7431H,0,0,,,,Censored No Alarm,0,0,0,0,0,1,0.0003262158134020865,,2019-01-05,,0.157
AAG743EH,0,0,,,,Censored No Alarm,0,0,0,0,0,1,0.000843829067889601,,2019-06-01,,0.157
AAG743UH,0,0,,,,Censored No Alarm,0,0,0,0,0,1,0.0007941426010802388,,2019-01-05,,0.157
AAG743VH,0,0,,,,Censored No Alarm,0,0,0,0,0,1,0.011974980123341084,,2019-01-05,,0.157
AAG7454H,0,0,,,,Censored No Alarm,0,0,0,0,0,1,0.0005590777727775276,,2019-03-28,,0.157
AAG74DKH,0,0,,,,Censored No Alarm,0,0,0,0,0,1,0.000388520275009796,,2019-05-04,,0.157
AAG74EAH,1,1,2023-03-13,2025-07-27,867.0,Early,0,1,0,1,0,0,0.5654773712158203,0.15707916021347046,2019-05-04,1409.0,0.157
AAG74EBH,0,0,,,,Censored No Alarm,0,0,0,0,0,1,0.001115612918511033,,2019-03-28,,0.157
AAG74EYH,0,0,,,,Censored No Alarm,0,0,0,0,0,1,0.0010783497709780931,,2019-06-01,,0.157
AAG74EZH,0,0,,,,Censored No Alarm,0,0,0,0,0,1,0.0010991498129442334,,2019-06-01,,0.157
AAG74VHH,0,0,,,,Censored No Alarm,0,0,0,0,0,1,0.0026206381153315306,,2019-03-01,,0.157
AAG74WRH,0,0,,,,Censored No Alarm,0,0,0,0,0,1,0.0010763996979221702,,2019-06-01,,0.157
AAG76HYH,1,1,2021-08-16,2021-09-29,44.0,Early,0,1,0,1,0,0,0.5430853962898254,0.252529114484787,2019-03-02,898.0,0.157
AAG77A5H,0,0,,,,Censored No Alarm,0,0,0,0,0,1,0.0008836400811560452,,2019-06-01,,0.157
AAG799NH,0,0,,,,Censored No Alarm,0,0,0,0,0,1,0.0005016701761633158,,2019-03-02,,0.157
AAG79B0H,0,0,,,,Censored No Alarm,0,0,0,0,0,1,0.0006798532558605075,,2019-03-28,,0.157
AAG7A8EH,0,0,,,,Censored No Alarm,0,0,0,0,0,1,0.0011278345482423902,,2019-06-01,,0.157
AAG7A9KH,0,0,,,,Censored No Alarm,0,0,0,0,0,1,0.0007681352435611188,,2019-01-05,,0.157
AAG7ADMH,0,0,,,,Censored No Alarm,0,0,0,0,0,1,0.0007145300041884184,,2019-05-16,,0.157
AAG7AGWH,0,0,,,,Censored No Alarm,0,0,0,0,0,1,0.0004675223317462951,,2019-05-04,,0.157
AAG7AHMH,0,0,,,,Censored No Alarm,0,0,0,0,0,1,0.0008402305538766086,,2019-06-01,,0.157
AAG7BP3H,0,0,,,,Censored No Alarm,0,0,0,0,0,1,0.0008997948025353253,,2019-06-01,,0.157
AAG7BPKH,0,0,,,,Censored No Alarm,0,0,0,0,0,1,0.0005868982407264411,,2019-06-01,,0.157
AAG7BRGH,0,0,,,,Censored No Alarm,0,0,0,0,0,1,0.0005888554151169956,,2019-01-05,,0.157
AAG7BS8H,0,0,,,,Censored No Alarm,0,0,0,0,0,1,0.001382469548843801,,2019-03-01,,0.157
AAG7BWAH,0,0,,,,Censored No Alarm,0,0,0,0,0,1,0.0004981231177225709,,2019-03-28,,0.157
AAG7D1SH,0,0,,,,Censored No Alarm,0,0,0,0,0,1,0.0011887680739164352,,2019-06-01,,0.157
AAG7D29H,0,0,,,,Censored No Alarm,0,0,0,0,0,1,0.0007595779024995863,,2019-03-28,,0.157
AAG7D2PH,0,0,,,,Censored No Alarm,0,0,0,0,0,1,0.0008825963013805449,,2019-06-01,,0.157
AAG7D48H,0,0,,,,Censored No Alarm,0,0,0,0,0,1,0.0012763014528900385,,2019-06-01,,0.157
AAG7D4DH,0,0,,,,Censored No Alarm,0,0,0,0,0,1,0.00033824145793914795,,2019-03-01,,0.157
AAG7D85H,0,0,,,,Censored No Alarm,0,0,0,0,0,1,0.019517751410603523,,2019-06-01,,0.157
AAG7DPYH,0,0,,,,Censored No Alarm,0,0,0,0,0,1,0.0014268916565924883,,2019-03-01,,0.157
AAG7DRDH,0,0,,,,Censored No Alarm,0,0,0,0,0,1,0.00035472080344334245,,2019-03-01,,0.157
AAG7DS9H,0,0,,,,Censored No Alarm,0,0,0,0,0,1,0.028184911236166954,,2019-03-01,,0.157
AAG7DW0H,0,0,,,,Censored No Alarm,0,0,0,0,0,1,0.0005977915716357529,,2019-05-04,,0.157
AAG7E1MH,0,0,,,,Censored No Alarm,0,0,0,0,0,1,0.0007390632526949048,,2019-03-01,,0.157
AAG7E1PH,0,0,,,,Censored No Alarm,0,0,0,0,0,1,0.00057372817536816,,2019-01-05,,0.157
AAG7E2HH,0,0,,,,Censored No Alarm,0,0,0,0,0,1,0.0005106705357320607,,2019-03-02,,0.157
AAG7LG4H,0,0,,,,Censored No Alarm,0,0,0,0,0,1,0.0007564068655483425,,2019-03-01,,0.157
AAG7LG7H,0,0,,,,Censored No Alarm,0,0,0,0,0,1,0.0009223963133990765,,2019-05-16,,0.157
AAG7LHYH,0,0,,,,Censored No Alarm,0,0,0,0,0,1,0.0006632154691033065,,2019-03-28,,0.157
AAG7LNAH,0,0,,,,Censored No Alarm,0,0,0,0,0,1,0.0008937495294958353,,2019-06-01,,0.157
AAG7LSWH,0,0,,,,Censored No Alarm,0,0,0,0,0,1,0.0005354481982067227,,2019-01-05,,0.157
AAG7LTHH,1,1,2024-07-29,2024-07-29,0.0,On time,1,0,0,0,0,0,0.19697606563568115,0.19697606563568115,2019-03-28,1950.0,0.157
AAG7LZEH,0,0,,,,Censored No Alarm,0,0,0,0,0,1,0.0024386588484048843,,2019-03-02,,0.157
AAG7M25H,0,0,,,,Censored No Alarm,0,0,0,0,0,1,0.0009218106861226261,,2019-06-01,,0.157
AAG7M3NH,0,0,,,,Censored No Alarm,0,0,0,0,0,1,0.0012957309372723103,,2019-06-01,,0.157
AAG7M3TH,0,0,,,,Censored No Alarm,0,0,0,0,0,1,0.0010877862805500627,,2019-03-28,,0.157
AAG7MMDH,0,0,,,,Censored No Alarm,0,0,0,0,0,1,0.0009261073428206146,,2019-05-16,,0.157
AAG7MP8H,0,0,,,,Censored No Alarm,0,0,0,0,0,1,0.0007074457826092839,,2019-06-01,,0.157
AAG7MULH,1,1,2026-01-24,2026-03-13,48.0,Early,0,1,0,1,0,0,0.5558049082756042,0.17729228734970093,2019-03-02,2520.0,0.157
AAG7MUNH,0,0,,,,Censored No Alarm,0,0,0,0,0,1,0.00861448049545288,,2019-06-01,,0.157
AAG7MVMH,0,0,,,,Censored No Alarm,0,0,0,0,0,1,0.0010774943511933088,,2019-03-02,,0.157
AAG7N3ZH,0,0,,,,Censored No Alarm,0,0,0,0,0,1,0.000525454874150455,,2019-03-28,,0.157
AAG7N5WH,0,0,,,,Censored No Alarm,0,0,0,0,0,1,0.0007332328241318464,,2019-03-28,,0.157
AAG7N62H,0,0,,,,Censored No Alarm,0,0,0,0,0,1,0.0006144757498987019,,2019-06-01,,0.157
AAG7N63H,0,0,,,,Censored No Alarm,0,0,0,0,0,1,0.0004433870781213045,,2019-03-28,,0.157
AAG7N6MH,0,0,,,,Censored No Alarm,0,0,0,0,0,1,0.0006094646523706615,,2019-05-04,,0.157
AAG7PPHH,1,0,,2025-10-28,,Missed,0,0,0,0,1,0,0.021988995373249054,,2019-03-02,,0.157
AAG7R02H,0,0,,,,Censored No Alarm,0,0,0,0,0,1,0.0021779173985123634,,2019-06-01,,0.157
AAG7R5VH,0,0,,,,Censored No Alarm,0,0,0,0,0,1,0.0008426740532740951,,2019-06-01,,0.157
AAG7R93H,0,0,,,,Censored No Alarm,0,0,0,0,0,1,0.0006420117570087314,,2019-06-01,,0.157
AAG7RA1H,0,0,,,,Censored No Alarm,0,0,0,0,0,1,0.0006739055970683694,,2019-01-05,,0.157
AAG7RAMH,0,0,,,,Censored No Alarm,0,0,0,0,0,1,0.0005650591338053346,,2019-03-02,,0.157
AAG7RBDH,0,0,,,,Censored No Alarm,0,0,0,0,0,1,0.0005900262040086091,,2019-05-04,,0.157
AAG90D8H,0,0,,,,Censored No Alarm,0,0,0,0,0,1,0.0008649859810248017,,2019-05-04,,0.157
AAG9VK6H,0,0,,,,Censored No Alarm,0,0,0,0,0,1,0.002151672961190343,,2019-03-02,,0.157
AAGA4YNH,0,0,,,,Censored No Alarm,0,0,0,0,0,1,0.0007543984684161842,,2019-06-01,,0.157
AAGA7W1H,1,0,,2023-04-11,,Missed,0,0,0,0,1,0,0.08962482213973999,,2019-03-01,,0.157
AAGA9E3H,0,0,,,,Censored No Alarm,0,0,0,0,0,1,0.0005057503003627062,,2019-05-04,,0.157
AAGH3VWH,0,0,,,,Censored No Alarm,0,0,0,0,0,1,0.0010854541324079037,,2019-05-27,,0.157
AAGMU4TH,0,0,,,,Censored No Alarm,0,0,0,0,0,1,0.0006237838533706963,,2019-05-04,,0.157
AAGN9D2H,1,0,,2023-09-17,,Missed,0,0,0,0,1,0,0.0003713930491358042,,2019-05-04,,0.157
AAGP62KH,0,0,,,,Censored No Alarm,0,0,0,0,0,1,0.0015085061313584447,,2019-06-01,,0.157
AAGUS87H,0,0,,,,Censored No Alarm,0,0,0,0,0,1,0.0029857857152819633,,2019-08-14,,0.157
AAGVX4UH,0,0,,,,Censored No Alarm,0,0,0,0,0,1,0.0003592539287637919,,2019-05-04,,0.157
AAGWTB0H,0,0,,,,Censored No Alarm,0,0,0,0,0,1,0.052189767360687256,,2019-06-01,,0.157
AAGXDBZH,0,1,2023-08-21,,,Censored Early,0,0,1,1,0,0,0.5262177586555481,0.1736113280057907,2019-05-16,1558.0,0.157
AAGXLP2H,0,0,,,,Censored No Alarm,0,0,0,0,0,1,0.001249494031071663,,2019-06-01,,0.157
AAGXMJSH,0,0,,,,Censored No Alarm,0,0,0,0,0,1,0.0004635175282601267,,2019-05-04,,0.157
AAGXU8YH,0,0,,,,Censored No Alarm,0,0,0,0,0,1,0.0007923729717731476,,2019-05-16,,0.157
AAGXUBRH,0,0,,,,Censored No Alarm,0,0,0,0,0,1,0.0004968972643837333,,2019-05-04,,0.157
AAGXV97H,0,0,,,,Censored No Alarm,0,0,0,0,0,1,0.004313491750508547,,2024-03-13,,0.157
AAGXW8VH,0,0,,,,Censored No Alarm,0,0,0,0,0,1,0.0021120039746165276,,2019-08-14,,0.157
AAGXWUWH,0,0,,,,Censored No Alarm,0,0,0,0,0,1,0.00047661608550697565,,2019-05-04,,0.157
AAGXY3MH,1,0,,2025-04-09,,Missed,0,0,0,0,1,0,0.008110962808132172,,2019-05-16,,0.157
AAH22T7H,0,0,,,,Censored No Alarm,0,0,0,0,0,1,0.0421847440302372,,2019-05-04,,0.157
AAH4NTGH,0,0,,,,Censored No Alarm,0,0,0,0,0,1,0.0005080255214124918,,2019-05-04,,0.157
AAH6DU2H,0,1,2024-11-28,,,Censored Early,0,0,1,1,0,0,0.39276960492134094,0.19543254375457764,2019-08-14,1933.0,0.157
AAH78SAH,0,0,,,,Censored No Alarm,0,0,0,0,0,1,0.0003999806649517268,,2019-05-04,,0.157
AAH7HJSH,0,0,,,,Censored No Alarm,0,0,0,0,0,1,0.0005082148709334433,,2019-05-04,,0.157
AAH7HKHH,0,0,,,,Censored No Alarm,0,0,0,0,0,1,0.0009937387658283114,,2019-05-04,,0.157
AAH7HNDH,0,0,,,,Censored No Alarm,0,0,0,0,0,1,0.0006577116437256336,,2019-05-04,,0.157
AAH7X19H,0,0,,,,Censored No Alarm,0,0,0,0,0,1,0.00037234651972539723,,2019-05-04,,0.157
AAH86SEH,0,0,,,,Censored No Alarm,0,0,0,0,0,1,0.00037535701994784176,,2019-05-04,,0.157
AAH8BLDH,0,0,,,,Censored No Alarm,0,0,0,0,0,1,0.0012780555989593267,,2019-05-04,,0.157
AAH8HPVH,0,0,,,,Censored No Alarm,0,0,0,0,0,1,0.04587303847074509,,2019-05-04,,0.157
AAH8LPUH,0,0,,,,Censored No Alarm,0,0,0,0,0,1,0.0004799601447302848,,2019-05-04,,0.157
AAH8P7WH,0,0,,,,Censored No Alarm,0,0,0,0,0,1,0.0006362560670822859,,2019-05-27,,0.157
AAH8R0LH,0,0,,,,Censored No Alarm,0,0,0,0,0,1,0.0009041602024808526,,2019-05-04,,0.157
AAH8RG4H,0,0,,,,Censored No Alarm,0,0,0,0,0,1,0.0008578634588047862,,2019-05-04,,0.157
AAH8V76H,0,0,,,,Censored No Alarm,0,0,0,0,0,1,0.0005562548176385462,,2019-05-04,,0.157
AAH8V7KH,0,0,,,,Censored No Alarm,0,0,0,0,0,1,0.0004894391749985516,,2019-05-04,,0.157
AAH90NAH,1,0,,2023-04-19,,Missed,0,0,0,0,1,0,0.025576524436473846,,2019-05-04,,0.157
AAH919BH,0,0,,,,Censored No Alarm,0,0,0,0,0,1,0.0008864343399181962,,2019-05-04,,0.157
AAH9285H,0,0,,,,Censored No Alarm,0,0,0,0,0,1,0.000366421474609524,,2019-05-04,,0.157
AAH92GHH,0,0,,,,Censored No Alarm,0,0,0,0,0,1,0.0006619134219363332,,2019-05-04,,0.157
AAH92HRH,0,0,,,,Censored No Alarm,0,0,0,0,0,1,0.00036088816705159843,,2019-05-04,,0.157
AAH92JGH,0,0,,,,Censored No Alarm,0,0,0,0,0,1,0.0036868208553642035,,2019-05-04,,0.157
AAH92V3H,0,0,,,,Censored No Alarm,0,0,0,0,0,1,0.0004806485667359084,,2019-05-04,,0.157
AAH9301H,1,0,,2023-12-23,,Missed,0,0,0,0,1,0,0.13368788361549377,,2019-05-04,,0.157
AAH9305H,0,0,,,,Censored No Alarm,0,0,0,0,0,1,0.0010236025555059314,,2019-05-04,,0.157
AAH9307H,1,0,,2023-04-09,,Missed,0,0,0,0,1,0,0.0005143823800608516,,2019-05-04,,0.157
AAH93MDH,0,0,,,,Censored No Alarm,0,0,0,0,0,1,0.03791288286447525,,2019-05-04,,0.157
AAH93RZH,0,0,,,,Censored No Alarm,0,0,0,0,0,1,0.0017167167970910668,,2019-05-04,,0.157
AAH953TH,0,0,,,,Censored No Alarm,0,0,0,0,0,1,0.0008411613525822759,,2019-05-04,,0.157
AAH9618H,0,0,,,,Censored No Alarm,0,0,0,0,0,1,0.0008840481168590486,,2019-05-04,,0.157
AAH9689H,0,0,,,,Censored No Alarm,0,0,0,0,0,1,0.0003380213165655732,,2019-05-04,,0.157
AAH96AUH,0,0,,,,Censored No Alarm,0,0,0,0,0,1,0.006199173629283905,,2019-05-04,,0.157
AAH97BZH,0,1,2025-06-10,,,Censored Early,0,0,1,1,0,0,0.22028778493404388,0.16018536686897278,2019-05-04,2229.0,0.157
AAH99PNH,0,0,,,,Censored No Alarm,0,0,0,0,0,1,0.0004873816214967519,,2019-05-04,,0.157
AAH9BERH,0,0,,,,Censored No Alarm,0,0,0,0,0,1,0.0005300500779412687,,2019-05-04,,0.157
AAHAS1MH,0,0,,,,Censored No Alarm,0,0,0,0,0,1,0.0008284784853458405,,2019-05-27,,0.157
AAHAS9TH,0,0,,,,Censored No Alarm,0,0,0,0,0,1,0.0009298190125264227,,2019-05-27,,0.157
AAHB6YXH,0,0,,,,Censored No Alarm,0,0,0,0,0,1,0.0008865323034115136,,2019-05-27,,0.157
AAHB8Z9H,0,0,,,,Censored No Alarm,0,0,0,0,0,1,0.0019033370772376657,,2019-05-27,,0.157
AAHBKUHH,0,0,,,,Censored No Alarm,0,0,0,0,0,1,0.000939826131798327,,2019-05-27,,0.157
AAHD7S9H,0,0,,,,Censored No Alarm,0,0,0,0,0,1,0.0006852473597973585,,2019-05-19,,0.157
AAHDJD5H,0,0,,,,Censored No Alarm,0,0,0,0,0,1,0.000820697343442589,,2019-05-27,,0.157
AAHDJDSH,0,0,,,,Censored No Alarm,0,0,0,0,0,1,0.0005282248021103442,,2019-05-27,,0.157
AAHDJH3H,0,0,,,,Censored No Alarm,0,0,0,0,0,1,0.0009913018438965082,,2019-05-27,,0.157
AAHDUS5H,0,0,,,,Censored No Alarm,0,0,0,0,0,1,0.0007543578976765275,,2019-05-27,,0.157
AAHDUT6H,0,0,,,,Censored No Alarm,0,0,0,0,0,1,0.0009042520541697741,,2019-05-27,,0.157
AAHDYR0H,0,0,,,,Censored No Alarm,0,0,0,0,0,1,0.0007061787182465196,,2019-05-27,,0.157
AAHE23AH,0,0,,,,Censored No Alarm,0,0,0,0,0,1,0.0003522472979966551,,2019-05-27,,0.157
AAHE4SAH,0,0,,,,Censored No Alarm,0,0,0,0,0,1,0.0007639326504431665,,2019-05-27,,0.157
AAHEAGWH,0,0,,,,Censored No Alarm,0,0,0,0,0,1,0.0014784581726416945,,2019-05-27,,0.157
AAHEAHLH,0,0,,,,Censored No Alarm,0,0,0,0,0,1,0.000473989435704425,,2019-05-27,,0.157
AAHED32H,0,0,,,,Censored No Alarm,0,0,0,0,0,1,0.000910549599211663,,2019-05-27,,0.157
AAHED3GH,0,0,,,,Censored No Alarm,0,0,0,0,0,1,0.053975239396095276,,2019-05-27,,0.157
AAHED8NH,0,0,,,,Censored No Alarm,0,0,0,0,0,1,0.0009111910476349294,,2019-05-27,,0.157
AAHED98H,0,0,,,,Censored No Alarm,0,0,0,0,0,1,0.0007260950515046716,,2019-05-27,,0.157
AAHEEVKH,0,0,,,,Censored No Alarm,0,0,0,0,0,1,0.000443332944996655,,2019-05-27,,0.157
AAHEHEEH,0,0,,,,Censored No Alarm,0,0,0,0,0,1,0.00042651614057831466,,2019-05-27,,0.157
AAHEHHMH,0,0,,,,Censored No Alarm,0,0,0,0,0,1,0.0007950390572659671,,2019-05-27,,0.157
AAHEHJ0H,0,0,,,,Censored No Alarm,0,0,0,0,0,1,0.0010110553121194243,,2019-06-01,,0.157
AAHEHJ1H,0,0,,,,Censored No Alarm,0,0,0,0,0,1,0.0004953897441737354,,2019-05-27,,0.157
AAHEHL5H,0,0,,,,Censored No Alarm,0,0,0,0,0,1,0.0013957303017377853,,2019-05-27,,0.157
AAHEHP8H,0,0,,,,Censored No Alarm,0,0,0,0,0,1,0.0019733263179659843,,2019-05-27,,0.157
AAHEHRSH,0,0,,,,Censored No Alarm,0,0,0,0,0,1,0.0008395567419938743,,2019-05-27,,0.157
AAHEHS0H,0,0,,,,Censored No Alarm,0,0,0,0,0,1,0.000445152836618945,,2019-05-27,,0.157
AAHEHTDH,0,0,,,,Censored No Alarm,0,0,0,0,0,1,0.0005879816599190235,,2019-05-27,,0.157
AAHEHTNH,0,0,,,,Censored No Alarm,0,0,0,0,0,1,0.0006947568617761135,,2019-05-27,,0.157
AAHEHTPH,0,0,,,,Censored No Alarm,0,0,0,0,0,1,0.0008424279512837529,,2019-05-27,,0.157
AAHEHVUH,0,0,,,,Censored No Alarm,0,0,0,0,0,1,0.0007718626875430346,,2019-05-27,,0.157
AAHEHY7H,0,0,,,,Censored No Alarm,0,0,0,0,0,1,0.000688910367898643,,2019-05-27,,0.157
AAHEHZ2H,0,0,,,,Censored No Alarm,0,0,0,0,0,1,0.000789033598266542,,2019-05-27,,0.157
AAHEHZPH,0,0,,,,Censored No Alarm,0,0,0,0,0,1,0.0008877947693690658,,2019-05-27,,0.157
AAHEHZXH,0,0,,,,Censored No Alarm,0,0,0,0,0,1,0.0011651025852188468,,2019-05-27,,0.157
AAHEJ43H,0,0,,,,Censored No Alarm,0,0,0,0,0,1,0.0016846699872985482,,2019-05-27,,0.157
AAHEJ4KH,0,0,,,,Censored No Alarm,0,0,0,0,0,1,0.0005532962968572974,,2019-05-27,,0.157
AAHEJ76H,0,0,,,,Censored No Alarm,0,0,0,0,0,1,0.00043360708514228463,,2019-05-27,,0.157
AAHEJDXH,0,0,,,,Censored No Alarm,0,0,0,0,0,1,0.001994604244828224,,2019-05-27,,0.157
AAHEJE4H,0,0,,,,Censored No Alarm,0,0,0,0,0,1,0.0006442447192966938,,2019-05-27,,0.157
AAHEJHKH,0,0,,,,Censored No Alarm,0,0,0,0,0,1,0.000461084971902892,,2019-05-27,,0.157
AAHGYKJH,1,0,,2024-07-24,,Missed,0,0,0,0,1,0,0.010106884874403477,,2019-08-13,,0.157
AAHH59AH,0,0,,,,Censored No Alarm,0,0,0,0,0,1,0.0010281375143676996,,2019-08-14,,0.157
AAHHAXAH,0,0,,,,Censored No Alarm,0,0,0,0,0,1,0.0008091053459793329,,2019-08-13,,0.157
AAHHXJ2H,0,0,,,,Censored No Alarm,0,0,0,0,0,1,0.0011613031383603811,,2019-08-13,,0.157
AAHJG5XH,0,0,,,,Censored No Alarm,0,0,0,0,0,1,0.001249815453775227,,2019-08-14,,0.157
AAHJP8BH,0,0,,,,Censored No Alarm,0,0,0,0,0,1,0.03920471668243408,,2019-06-01,,0.157
AAHK5PUH,0,0,,,,Censored No Alarm,0,0,0,0,0,1,0.010549657046794891,,2019-06-01,,0.157
AAHK8NRH,0,0,,,,Censored No Alarm,0,0,0,0,0,1,0.001094588777050376,,2019-08-13,,0.157
AAHKERJH,1,1,2025-04-18,2026-01-13,270.0,Early,0,1,0,1,0,0,0.3903401494026184,0.1652979552745819,2019-08-13,2075.0,0.157
AAHKKR8H,0,0,,,,Censored No Alarm,0,0,0,0,0,1,0.000941012054681778,,2019-08-14,,0.157
AAHKLDKH,0,0,,,,Censored No Alarm,0,0,0,0,0,1,0.0009578340104781091,,2019-06-01,,0.157
AAHKM55H,1,0,,2025-03-25,,Missed,0,0,0,0,1,0,0.026460811495780945,,2019-08-14,,0.157
AAHKMW2H,1,0,,2022-01-12,,Missed,0,0,0,0,1,0,0.0010545417899265885,,2019-06-01,,0.157
AAHKS17H,1,1,2025-02-16,2025-07-07,141.0,Early,0,1,0,1,0,0,0.16330812871456146,0.16330812871456146,2019-06-01,2087.0,0.157
AAHKWLAH,0,1,2025-06-18,,,Censored Early,0,0,1,1,0,0,0.30772510170936584,0.1578754335641861,2019-08-14,2135.0,0.157
AAHKX43H,1,0,,2019-11-25,,Missed,0,0,0,0,1,0,0.10838165879249573,,2019-08-14,,0.157
AAHKXKYH,0,0,,,,Censored No Alarm,0,0,0,0,0,1,0.02446228452026844,,2019-08-13,,0.157
AAHKXLYH,0,0,,,,Censored No Alarm,0,0,0,0,0,1,0.0010980875231325626,,2019-08-14,,0.157
AAHKXNHH,0,0,,,,Censored No Alarm,0,0,0,0,0,1,0.01651619002223015,,2019-08-14,,0.157
AAHKXZ7H,0,0,,,,Censored No Alarm,0,0,0,0,0,1,0.0007718612323515117,,2019-08-14,,0.157
AAHKYETH,0,0,,,,Censored No Alarm,0,0,0,0,0,1,0.0008393535390496254,,2019-05-16,,0.157
AAHL0PKH,0,0,,,,Censored No Alarm,0,0,0,0,0,1,0.0009030620567500591,,2019-08-13,,0.157
AAHL0TLH,0,0,,,,Censored No Alarm,0,0,0,0,0,1,0.014311481267213821,,2019-06-01,,0.157
AAHL4K8H,0,0,,,,Censored No Alarm,0,0,0,0,0,1,0.004824182949960232,,2019-05-16,,0.157
AAHL5LRH,1,0,,2024-09-01,,Missed,0,0,0,0,1,0,0.05100598186254501,,2019-08-13,,0.157
AAHL9A9H,0,1,2025-09-23,,,Censored Early,0,0,1,1,0,0,0.22005976736545563,0.18317599594593048,2019-08-13,2233.0,0.157
AAHL9XJH,0,0,,,,Censored No Alarm,0,0,0,0,0,1,0.012007780373096466,,2019-08-14,,0.157
AAHL9XLH,0,0,,,,Censored No Alarm,0,0,0,0,0,1,0.0012656545732170343,,2019-08-14,,0.157
AAHL9Y3H,0,0,,,,Censored No Alarm,0,0,0,0,0,1,0.00109037384390831,,2019-08-14,,0.157
AAHL9YAH,0,0,,,,Censored No Alarm,0,0,0,0,0,1,0.0008801973308436573,,2019-08-14,,0.157
AAHL9ZYH,0,0,,,,Censored No Alarm,0,0,0,0,0,1,0.0009437460685148835,,2019-08-14,,0.157
AAHLBTZH,1,0,,2025-07-26,,Missed,0,0,0,0,1,0,0.04880416393280029,,2019-08-14,,0.157
AAHLBWGH,1,1,2025-08-17,2025-08-30,13.0,On time,1,0,0,0,0,0,0.44594475626945496,0.16298028826713562,2019-08-14,2195.0,0.157
AAHLBWSH,1,0,,2023-12-11,,Missed,0,0,0,0,1,0,0.0915348008275032,,2019-08-13,,0.157
AAHLBXVH,0,0,,,,Censored No Alarm,0,0,0,0,0,1,0.03925060108304024,,2019-08-14,,0.157
AAHLD3UH,1,0,,2025-03-11,,Missed,0,0,0,0,1,0,0.09088824689388275,,2019-08-13,,0.157
AAHLS5JH,0,0,,,,Censored No Alarm,0,0,0,0,0,1,0.000902624218724668,,2019-05-16,,0.157
AAHLS7ZH,0,0,,,,Censored No Alarm,0,0,0,0,0,1,0.0005618396098725498,,2019-05-16,,0.157
AAHLS8YH,0,0,,,,Censored No Alarm,0,0,0,0,0,1,0.007568174973130226,,2019-05-16,,0.157
AAHLS9UH,0,0,,,,Censored No Alarm,0,0,0,0,0,1,0.0006096846191212535,,2019-05-16,,0.157
AAHLV30H,0,0,,,,Censored No Alarm,0,0,0,0,0,1,0.0004965127445757389,,2019-05-16,,0.157
AAHLV40H,1,1,2019-06-23,2019-08-05,43.0,Early,0,1,0,1,0,0,0.17474456131458282,0.17474456131458282,2019-05-16,38.0,0.157
AAHLV47H,0,0,,,,Censored No Alarm,0,0,0,0,0,1,0.0006188853294588625,,2019-05-16,,0.157
AAHLVTVH,0,0,,,,Censored No Alarm,0,0,0,0,0,1,0.0007711929501965642,,2019-05-27,,0.157
AAHLWE3H,0,0,,,,Censored No Alarm,0,0,0,0,0,1,0.0006601388449780643,,2019-05-27,,0.157
AAHLWKXH,0,0,,,,Censored No Alarm,0,0,0,0,0,1,0.0006753068300895393,,2019-05-16,,0.157
AAHLWM3H,0,0,,,,Censored No Alarm,0,0,0,0,0,1,0.001128978212364018,,2019-05-27,,0.157
AAHLXJ1H,0,0,,,,Censored No Alarm,0,0,0,0,0,1,0.033500075340270996,,2019-05-04,,0.157
AAHLXJ9H,0,0,,,,Censored No Alarm,0,0,0,0,0,1,0.00037730360054410994,,2019-05-04,,0.157
AAHLXL5H,0,0,,,,Censored No Alarm,0,0,0,0,0,1,0.0010407526278868318,,2019-08-13,,0.157
AAHLXTXH,0,0,,,,Censored No Alarm,0,0,0,0,0,1,0.03711530566215515,,2019-05-16,,0.157
AAHLY01H,0,0,,,,Censored No Alarm,0,0,0,0,0,1,0.0003500212333165109,,2019-05-27,,0.157
AAHLY04H,0,0,,,,Censored No Alarm,0,0,0,0,0,1,0.0005002328543923795,,2019-05-04,,0.157
AAHLY2TH,0,0,,,,Censored No Alarm,0,0,0,0,0,1,0.0009108645608648658,,2019-05-27,,0.157
AAHLY31H,1,1,2024-11-29,2025-07-25,238.0,Early,0,1,0,1,0,0,0.20413991808891296,0.16186584532260895,2019-08-13,1935.0,0.157
AAHLYJRH,0,0,,,,Censored No Alarm,0,0,0,0,0,1,0.0010052588768303394,,2019-05-27,,0.157
AAHLYY6H,0,0,,,,Censored No Alarm,0,0,0,0,0,1,0.0008543195435777307,,2019-05-16,,0.157
AAHM227H,0,0,,,,Censored No Alarm,0,0,0,0,0,1,0.0019882472697645426,,2019-08-13,,0.157
AAHM4E6H,0,0,,,,Censored No Alarm,0,0,0,0,0,1,0.000931943126488477,,2019-05-27,,0.157
AAHM4HSH,0,0,,,,Censored No Alarm,0,0,0,0,0,1,0.0003794372023548931,,2019-05-04,,0.157
AAHM4KJH,0,0,,,,Censored No Alarm,0,0,0,0,0,1,0.0009243415552191436,,2019-08-13,,0.157
AAHM4S6H,0,0,,,,Censored No Alarm,0,0,0,0,0,1,0.0005593015812337399,,2019-05-04,,0.157
AAHM4S8H,0,0,,,,Censored No Alarm,0,0,0,0,0,1,0.00037821385194547474,,2019-05-04,,0.157
AAHM4SSH,0,0,,,,Censored No Alarm,0,0,0,0,0,1,0.0008007201249711215,,2019-05-04,,0.157
AAHM4T2H,0,0,,,,Censored No Alarm,0,0,0,0,0,1,0.0003816643147729337,,2019-05-04,,0.157
AAHM4T6H,0,0,,,,Censored No Alarm,0,0,0,0,0,1,0.0006983994389884174,,2019-08-13,,0.157
AAHM4TRH,0,0,,,,Censored No Alarm,0,0,0,0,0,1,0.00047779735177755356,,2019-08-13,,0.157
AAHM4UYH,0,0,,,,Censored No Alarm,0,0,0,0,0,1,0.00037748352042399347,,2019-05-04,,0.157
AAHM4WBH,0,0,,,,Censored No Alarm,0,0,0,0,0,1,0.0004423325299285352,,2019-05-16,,0.157
AAHM4WEH,0,0,,,,Censored No Alarm,0,0,0,0,0,1,0.00038422891520895064,,2019-05-04,,0.157
AAHM4XGH,0,0,,,,Censored No Alarm,0,0,0,0,0,1,0.0014627226628363132,,2019-08-14,,0.157
AAHM5Z4H,0,0,,,,Censored No Alarm,0,0,0,0,0,1,0.0005105649470351636,,2019-05-04,,0.157
AAHM5Z9H,0,0,,,,Censored No Alarm,0,0,0,0,0,1,0.014396678656339645,,2019-05-04,,0.157
AAHM5ZHH,0,0,,,,Censored No Alarm,0,0,0,0,0,1,0.00039498734986409545,,2019-05-04,,0.157
AAHMD6GH,0,0,,,,Censored No Alarm,0,0,0,0,0,1,0.0005542788421735168,,2019-05-04,,0.157
AAHME7KH,0,0,,,,Censored No Alarm,0,0,0,0,0,1,0.001457149744965136,,2019-05-16,,0.157
AAHMGV8H,0,0,,,,Censored No Alarm,0,0,0,0,0,1,0.0005814758478663862,,2019-05-27,,0.157
AAHMH4LH,0,0,,,,Censored No Alarm,0,0,0,0,0,1,0.00040040985913947225,,2019-05-04,,0.157
AAHML65H,0,0,,,,Censored No Alarm,0,0,0,0,0,1,0.000832337187603116,,2019-05-16,,0.157
AAHMN38H,0,0,,,,Censored No Alarm,0,0,0,0,0,1,0.000815622101072222,,2019-05-16,,0.157
AAHMR03H,1,1,2025-11-15,2025-11-26,11.0,On time,1,0,0,0,0,0,0.23300334811210632,0.19159290194511414,2019-05-16,2375.0,0.157
AAHMR2ZH,1,0,,2024-01-31,,Missed,0,0,0,0,1,0,0.0008907723240554333,,2019-05-16,,0.157
AAHMSNRH,0,0,,,,Censored No Alarm,0,0,0,0,0,1,0.0006935885758139193,,2019-05-16,,0.157
AAHMUYLH,0,0,,,,Censored No Alarm,0,0,0,0,0,1,0.00156008533667773,,2019-05-16,,0.157
AAHMW6RH,0,0,,,,Censored No Alarm,0,0,0,0,0,1,0.0009036171832121909,,2019-05-16,,0.157
AAHMW7NH,0,0,,,,Censored No Alarm,0,0,0,0,0,1,0.0007166150608099997,,2019-05-16,,0.157
