serial_number,has_failed,alarm_triggered,first_alarm_date,actual_failure_date,days_to_failure_at_alarm,category,is_hit,is_fp_early,is_fp_cens,is_false_alarm,is_miss,is_correct_rejection,max_predicted_score,alarm_predicted_score,first_seen_date,days_since_observed,threshold_used
2AG61PSY,0,0,,,,Censored No Alarm,0,0,0,0,0,1,0.0005372397718019783,,2019-05-27,,0.111
2AG8AVRY,0,0,,,,Censored No Alarm,0,0,0,0,0,1,0.0007153523620218039,,2019-08-14,,0.111
2AGEGU7Y,0,0,,,,Censored No Alarm,0,0,0,0,0,1,0.001113813603296876,,2019-05-27,,0.111
2AGEU1JY,0,1,2025-05-19,,,Censored Early,0,0,1,1,0,0,0.19003042578697205,0.11537131667137146,2019-06-01,2179.0,0.111
2AGG48NY,0,0,,,,Censored No Alarm,0,0,0,0,0,1,0.00040092988638207316,,2019-05-27,,0.111
2AGG7H1Y,0,0,,,,Censored No Alarm,0,0,0,0,0,1,0.0005057763773947954,,2019-05-27,,0.111
2AGGHGJY,1,0,,2024-11-19,,Missed,0,0,0,0,1,0,0.07644753158092499,,2019-05-16,,0.111
2AGGHLEY,0,0,,,,Censored No Alarm,0,0,0,0,0,1,0.0010407903464511037,,2019-06-01,,0.111
2AGGHM0Y,0,0,,,,Censored No Alarm,0,0,0,0,0,1,0.0004788777732755989,,2019-05-27,,0.111
2AGGHMUY,0,0,,,,Censored No Alarm,0,0,0,0,0,1,0.0010613141348585486,,2019-05-16,,0.111
2AGGHR1Y,0,0,,,,Censored No Alarm,0,0,0,0,0,1,0.0010900653433054686,,2019-05-27,,0.111
2AGGHR7Y,0,0,,,,Censored No Alarm,0,0,0,0,0,1,0.0005276197334751487,,2019-05-27,,0.111
2AGGL0UY,1,0,,2022-02-27,,Missed,0,0,0,0,1,0,0.041540708392858505,,2019-05-27,,0.111
2AGGR3NY,0,0,,,,Censored No Alarm,0,0,0,0,0,1,0.027104826644062996,,2019-05-27,,0.111
2AGGZNJY,0,0,,,,Censored No Alarm,0,0,0,0,0,1,0.0012265554396435618,,2019-05-27,,0.111
2AGH31BY,1,0,,2023-11-01,,Missed,0,0,0,0,1,0,0.040706247091293335,,2019-05-27,,0.111
2AGH31PY,1,0,,2024-11-18,,Missed,0,0,0,0,1,0,0.04127207025885582,,2019-05-27,,0.111
2AGH33SY,1,1,2025-03-01,2025-05-08,68.0,Early,0,1,0,1,0,0,0.2193140685558319,0.16372303664684296,2019-05-27,2105.0,0.111
2AGH34HY,0,0,,,,Censored No Alarm,0,0,0,0,0,1,0.08689745515584946,,2019-05-27,,0.111
2AGH34PY,0,0,,,,Censored No Alarm,0,0,0,0,0,1,0.001511171692982316,,2019-05-27,,0.111
2AGH35GY,0,0,,,,Censored No Alarm,0,0,0,0,0,1,0.0005986408214084804,,2019-05-27,,0.111
2AGHB9XY,1,0,,2024-12-02,,Missed,0,0,0,0,1,0,0.03022553026676178,,2019-05-27,,0.111
2AGHDYHY,0,0,,,,Censored No Alarm,0,0,0,0,0,1,0.001262828940525651,,2019-05-27,,0.111
2AGHEP9Y,1,0,,2024-07-26,,Missed,0,0,0,0,1,0,0.02132154256105423,,2019-05-27,,0.111
2AGHGR1Y,0,0,,,,Censored No Alarm,0,0,0,0,0,1,0.0018245078390464187,,2019-05-27,,0.111
2AGHGRLY,0,0,,,,Censored No Alarm,0,0,0,0,0,1,0.0017771241255104542,,2019-05-27,,0.111
2AGHGRRY,0,0,,,,Censored No Alarm,0,0,0,0,0,1,0.0006979393074288964,,2019-05-27,,0.111
2AGHJD4Y,0,1,2025-08-22,,,Censored Early,0,0,1,1,0,0,0.17387443780899048,0.11642774939537048,2019-06-01,2274.0,0.111
2AGHK55Y,0,0,,,,Censored No Alarm,0,0,0,0,0,1,0.00048765394603833556,,2019-05-27,,0.111
2AGHK8MY,0,0,,,,Censored No Alarm,0,0,0,0,0,1,0.0006858056294731796,,2019-05-27,,0.111
2AGHLEUY,1,0,,2023-11-06,,Missed,0,0,0,0,1,0,0.02605249173939228,,2019-05-27,,0.111
2AGHLGTY,1,1,2025-02-28,2025-08-05,158.0,Early,0,1,0,1,0,0,0.13381898403167725,0.11529368162155151,2019-05-27,2104.0,0.111
2AGHLKHY,0,0,,,,Censored No Alarm,0,0,0,0,0,1,0.001319696893915534,,2019-05-27,,0.111
2AGHLMXY,0,0,,,,Censored No Alarm,0,0,0,0,0,1,0.0012579543981701136,,2019-05-27,,0.111
2AGHLN0Y,0,0,,,,Censored No Alarm,0,0,0,0,0,1,0.0007508582784794271,,2019-05-27,,0.111
2AGHMUTY,0,0,,,,Censored No Alarm,0,0,0,0,0,1,0.0006993904826231301,,2019-05-27,,0.111
2AGHMUYY,0,0,,,,Censored No Alarm,0,0,0,0,0,1,0.001860277378000319,,2019-06-01,,0.111
2AGHMW5Y,0,0,,,,Censored No Alarm,0,0,0,0,0,1,0.041742146015167236,,2019-05-27,,0.111
2AGHMXGY,1,0,,2023-05-14,,Missed,0,0,0,0,1,0,0.016429288312792778,,2019-05-27,,0.111
2AGHMYTY,0,0,,,,Censored No Alarm,0,0,0,0,0,1,0.04766569286584854,,2019-05-27,,0.111
2AGHMZMY,0,0,,,,Censored No Alarm,0,0,0,0,0,1,0.0007829413516446948,,2019-05-27,,0.111
2AGHN0TY,1,1,2020-08-24,2020-10-22,59.0,Early,0,1,0,1,0,0,0.35863006114959717,0.1255975216627121,2019-05-27,455.0,0.111
2AGHN0WY,0,0,,,,Censored No Alarm,0,0,0,0,0,1,0.001704355701804161,,2019-05-27,,0.111
2AGHN16Y,0,0,,,,Censored No Alarm,0,0,0,0,0,1,0.0007096913759596646,,2019-05-27,,0.111
2AGHN2AY,0,0,,,,Censored No Alarm,0,0,0,0,0,1,0.0007211348274722695,,2019-05-27,,0.111
2AGHN3XY,0,0,,,,Censored No Alarm,0,0,0,0,0,1,0.001130544114857912,,2019-05-27,,0.111
2AGHPDKY,0,0,,,,Censored No Alarm,0,0,0,0,0,1,0.0008873292244970798,,2019-05-27,,0.111
2AGHSJ4Y,0,0,,,,Censored No Alarm,0,0,0,0,0,1,0.000413206173107028,,2019-05-27,,0.111
2AGHSS9Y,0,0,,,,Censored No Alarm,0,0,0,0,0,1,0.0016900693299248815,,2019-05-27,,0.111
2AGHTBYY,1,1,2023-09-17,2025-01-25,496.0,Early,0,1,0,1,0,0,0.35306161642074585,0.12423426657915115,2019-05-27,1574.0,0.111
2AGHTGEY,1,1,2023-02-09,2023-03-14,33.0,Early,0,1,0,1,0,0,0.18747439980506897,0.11554556339979172,2019-05-27,1354.0,0.111
2AGHTKBY,0,0,,,,Censored No Alarm,0,0,0,0,0,1,0.006498704198747873,,2019-05-27,,0.111
2AGLY65Y,1,0,,2023-11-20,,Missed,0,0,0,0,1,0,0.007050610147416592,,2019-08-13,,0.111
2AGM231Y,0,0,,,,Censored No Alarm,0,0,0,0,0,1,0.0012697477359324694,,2019-05-04,,0.111
2AGM23NY,0,0,,,,Censored No Alarm,0,0,0,0,0,1,0.0012399984989315271,,2019-05-04,,0.111
2AGM5UVY,0,0,,,,Censored No Alarm,0,0,0,0,0,1,0.06823688745498657,,2019-05-16,,0.111
2AGM5V7Y,1,1,2024-12-22,2025-12-05,348.0,Early,0,1,0,1,0,0,0.2731931209564209,0.1661493182182312,2019-05-16,2047.0,0.111
2AGM5VBY,0,0,,,,Censored No Alarm,0,0,0,0,0,1,0.06400452554225922,,2019-05-16,,0.111
2AGM5VHY,1,0,,2025-01-18,,Missed,0,0,0,0,1,0,0.004255698062479496,,2019-08-14,,0.111
2AGM5W9Y,1,0,,2025-01-16,,Missed,0,0,0,0,1,0,0.026368502527475357,,2019-05-16,,0.111
2AGM5YEY,0,0,,,,Censored No Alarm,0,0,0,0,0,1,0.01179444883018732,,2019-05-04,,0.111
2AGM8EMY,1,0,,2024-10-29,,Missed,0,0,0,0,1,0,0.038277942687273026,,2019-05-16,,0.111
2AGM8EUY,0,0,,,,Censored No Alarm,0,0,0,0,0,1,0.0010369132505729795,,2019-05-27,,0.111
2AGM8J2Y,0,0,,,,Censored No Alarm,0,0,0,0,0,1,0.002265667077153921,,2019-05-16,,0.111
2AGM8JAY,0,0,,,,Censored No Alarm,0,0,0,0,0,1,0.0013248545583337545,,2019-05-16,,0.111
2AGM8LNY,0,1,2024-10-26,,,Censored Early,0,0,1,1,0,0,0.13099557161331177,0.12196678668260574,2019-05-04,2002.0,0.111
2AGM8RJY,0,0,,,,Censored No Alarm,0,0,0,0,0,1,0.019091269001364708,,2019-08-13,,0.111
2AGM8RTY,0,0,,,,Censored No Alarm,0,0,0,0,0,1,0.02289821207523346,,2019-05-16,,0.111
2AGM8UNY,1,1,2025-10-18,2026-03-12,145.0,Early,0,1,0,1,0,0,0.4397585093975067,0.14541402459144592,2019-08-13,2258.0,0.111
2AGM8V7Y,0,0,,,,Censored No Alarm,0,0,0,0,0,1,0.0019879548344761133,,2019-05-16,,0.111
2AGM9MXY,1,0,,2025-09-21,,Missed,0,0,0,0,1,0,0.019779399037361145,,2019-05-04,,0.111
2AGM9PJY,0,0,,,,Censored No Alarm,0,0,0,0,0,1,0.03894129395484924,,2019-05-04,,0.111
2AGM9RGY,1,0,,2022-12-23,,Missed,0,0,0,0,1,0,0.003881318960338831,,2019-05-16,,0.111
2AGM9S6Y,0,0,,,,Censored No Alarm,0,0,0,0,0,1,0.008841878734529018,,2019-05-16,,0.111
2AGM9SDY,0,0,,,,Censored No Alarm,0,0,0,0,0,1,0.0008888887823559344,,2019-05-04,,0.111
2AGM9U1Y,0,0,,,,Censored No Alarm,0,0,0,0,0,1,0.0007486133836209774,,2019-05-16,,0.111
2AGMDJKY,0,0,,,,Censored No Alarm,0,0,0,0,0,1,0.0012362718116492033,,2019-05-04,,0.111
2AGMDUAY,1,0,,2023-02-04,,Missed,0,0,0,0,1,0,0.00787192303687334,,2019-05-16,,0.111
2AGMDY1Y,0,0,,,,Censored No Alarm,0,0,0,0,0,1,0.013263406231999397,,2019-08-14,,0.111
2AGME0XY,1,1,2024-04-07,2024-05-29,52.0,Early,0,1,0,1,0,0,0.11570087820291519,0.11276720464229584,2019-05-16,1788.0,0.111
2AGME3BY,0,0,,,,Censored No Alarm,0,0,0,0,0,1,0.006735641974955797,,2019-05-16,,0.111
2AGME9PY,1,0,,2024-08-06,,Missed,0,0,0,0,1,0,0.07366150617599487,,2019-08-13,,0.111
2AGMGAYY,0,0,,,,Censored No Alarm,0,0,0,0,0,1,0.0017105825245380402,,2019-05-16,,0.111
2AGMGDPY,0,0,,,,Censored No Alarm,0,0,0,0,0,1,0.0020698709413409233,,2019-08-13,,0.111
2AGMGKLY,0,0,,,,Censored No Alarm,0,0,0,0,0,1,0.000690536864567548,,2019-08-13,,0.111
2AGMGXEY,0,0,,,,Censored No Alarm,0,0,0,0,0,1,0.0005305060185492039,,2019-08-14,,0.111
2AGMH2YY,1,0,,2024-12-10,,Missed,0,0,0,0,1,0,0.059812553226947784,,2019-05-16,,0.111
2AGMH3JY,0,0,,,,Censored No Alarm,0,0,0,0,0,1,0.0009683043463155627,,2019-05-16,,0.111
2AGMHK6Y,0,0,,,,Censored No Alarm,0,0,0,0,0,1,0.006275829393416643,,2019-05-04,,0.111
2AGMHPEY,1,0,,2024-06-25,,Missed,0,0,0,0,1,0,0.009085462428629398,,2019-06-01,,0.111
2AGMHRYY,1,0,,2024-05-16,,Missed,0,0,0,0,1,0,0.0971536785364151,,2019-05-16,,0.111
2AGMHTLY,0,0,,,,Censored No Alarm,0,0,0,0,0,1,0.0014085853472352028,,2019-05-04,,0.111
2AGMHU7Y,1,0,,2024-07-08,,Missed,0,0,0,0,1,0,0.008286031894385815,,2019-05-04,,0.111
2AGMHVTY,0,0,,,,Censored No Alarm,0,0,0,0,0,1,0.0014713541604578495,,2019-05-16,,0.111
2AGMHWAY,1,1,2023-03-22,2023-09-22,184.0,Early,0,1,0,1,0,0,0.18695120513439178,0.11341498792171478,2019-08-14,1316.0,0.111
2AGMHXDY,1,1,2025-06-01,2025-06-02,1.0,On time,1,0,0,0,0,0,0.12418264150619507,0.11206012964248657,2019-08-13,2119.0,0.111
2AGMHY3Y,1,0,,2025-11-18,,Missed,0,0,0,0,1,0,0.020680680871009827,,2019-08-14,,0.111
2AGMHY5Y,0,0,,,,Censored No Alarm,0,0,0,0,0,1,0.0010641078697517514,,2019-08-13,,0.111
2AGMJ35Y,0,0,,,,Censored No Alarm,0,0,0,0,0,1,0.0012762186815962195,,2019-05-04,,0.111
2AGMJ3JY,0,0,,,,Censored No Alarm,0,0,0,0,0,1,0.001966865500435233,,2019-05-16,,0.111
2AGMJ3TY,0,0,,,,Censored No Alarm,0,0,0,0,0,1,0.0008614783291704953,,2019-08-14,,0.111
2AGMJ47Y,0,0,,,,Censored No Alarm,0,0,0,0,0,1,0.0008396559278480709,,2019-06-01,,0.111
2AGMJ5BY,1,0,,2021-05-03,,Missed,0,0,0,0,1,0,0.00028177202329970896,,2019-05-04,,0.111
2AGMKV4Y,1,1,2026-01-17,2026-01-28,11.0,On time,1,0,0,0,0,0,0.4831620454788208,0.12406719475984573,2019-05-04,2450.0,0.111
2AGMKVHY,1,0,,2023-05-06,,Missed,0,0,0,0,1,0,0.06677351146936417,,2019-08-13,,0.111
2AGMKVTY,1,0,,2024-12-04,,Missed,0,0,0,0,1,0,0.060274358838796616,,2019-08-14,,0.111
2AGMLMLY,0,0,,,,Censored No Alarm,0,0,0,0,0,1,0.06837979704141617,,2019-08-14,,0.111
2AGMLSZY,1,1,2020-07-21,2020-07-30,9.0,On time,1,0,0,0,0,0,0.47930169105529785,0.11519479006528854,2019-05-16,432.0,0.111
2AGMLT7Y,0,0,,,,Censored No Alarm,0,0,0,0,0,1,0.015698174014687538,,2019-05-16,,0.111
2AGMLWNY,0,0,,,,Censored No Alarm,0,0,0,0,0,1,0.04275064915418625,,2019-08-14,,0.111
2AGMLZLY,1,0,,2026-02-11,,Missed,0,0,0,0,1,0,0.0560603067278862,,2019-05-16,,0.111
2AGMM0UY,0,0,,,,Censored No Alarm,0,0,0,0,0,1,0.07279039174318314,,2019-05-16,,0.111
2AGMMNKY,0,0,,,,Censored No Alarm,0,0,0,0,0,1,0.024293843656778336,,2019-06-01,,0.111
2AGMMU1Y,0,0,,,,Censored No Alarm,0,0,0,0,0,1,0.0015101562021300197,,2019-05-16,,0.111
2AGMMU4Y,0,0,,,,Censored No Alarm,0,0,0,0,0,1,0.0012846776517108083,,2019-08-14,,0.111
2AGMNB7Y,1,0,,2023-03-30,,Missed,0,0,0,0,1,0,0.056414272636175156,,2019-05-16,,0.111
2AGMNBEY,0,0,,,,Censored No Alarm,0,0,0,0,0,1,0.00159026263281703,,2019-05-16,,0.111
2AGMND4Y,1,1,2025-10-11,2025-10-27,16.0,On time,1,0,0,0,0,0,0.4888879954814911,0.1381300538778305,2019-05-04,2352.0,0.111
2AGMNE1Y,1,1,2025-07-02,2025-11-26,147.0,Early,0,1,0,1,0,0,0.48792892694473267,0.16776974499225616,2019-05-16,2239.0,0.111
2AGMNEBY,1,1,2023-02-23,2024-08-05,529.0,Early,0,1,0,1,0,0,0.11446608603000641,0.11446608603000641,2019-05-04,1391.0,0.111
2AGMNG0Y,0,0,,,,Censored No Alarm,0,0,0,0,0,1,0.08059227466583252,,2019-05-16,,0.111
2AGMNJKY,1,1,2024-03-27,2025-09-29,551.0,Early,0,1,0,1,0,0,0.42508465051651,0.11223854124546051,2019-05-16,1777.0,0.111
2AGMNM8Y,0,0,,,,Censored No Alarm,0,0,0,0,0,1,0.03331815451383591,,2019-08-14,,0.111
2AGMNMWY,1,0,,2023-05-10,,Missed,0,0,0,0,1,0,0.024484926834702492,,2019-05-16,,0.111
2AGMNTXY,0,0,,,,Censored No Alarm,0,0,0,0,0,1,0.0016451440751552582,,2019-05-16,,0.111
2AGMNUVY,0,0,,,,Censored No Alarm,0,0,0,0,0,1,0.001126658171415329,,2019-05-04,,0.111
2AGMNWBY,0,0,,,,Censored No Alarm,0,0,0,0,0,1,0.0009221836808137596,,2019-08-13,,0.111
2AGMNXRY,0,0,,,,Censored No Alarm,0,0,0,0,0,1,0.06172771006822586,,2019-08-13,,0.111
2AGMP7ZY,0,0,,,,Censored No Alarm,0,0,0,0,0,1,0.0011159451678395271,,2019-08-14,,0.111
2AGMPBWY,0,0,,,,Censored No Alarm,0,0,0,0,0,1,0.02739851363003254,,2019-05-16,,0.111
2AGMPD8Y,1,0,,2023-11-21,,Missed,0,0,0,0,1,0,0.00034163487725891173,,2019-08-13,,0.111
2AGMPK3Y,0,0,,,,Censored No Alarm,0,0,0,0,0,1,0.016566447913646698,,2019-05-04,,0.111
2AGMPL7Y,1,0,,2025-02-27,,Missed,0,0,0,0,1,0,0.06093486770987511,,2019-05-16,,0.111
2AGMPP1Y,0,0,,,,Censored No Alarm,0,0,0,0,0,1,0.006243957206606865,,2019-05-16,,0.111
2AGMPP4Y,1,1,2025-09-13,2025-09-23,10.0,On time,1,0,0,0,0,0,0.29892051219940186,0.14625044167041779,2019-05-16,2312.0,0.111
2AGMPPGY,0,0,,,,Censored No Alarm,0,0,0,0,0,1,0.0014185484033077955,,2019-05-16,,0.111
2AGMPSSY,0,0,,,,Censored No Alarm,0,0,0,0,0,1,0.0013076731702312827,,2019-05-16,,0.111
2AGMPT2Y,0,0,,,,Censored No Alarm,0,0,0,0,0,1,0.0011974484659731388,,2019-05-16,,0.111
2AGMPZ8Y,0,0,,,,Censored No Alarm,0,0,0,0,0,1,0.0008158824639394879,,2019-08-14,,0.111
2AGMS6PY,0,0,,,,Censored No Alarm,0,0,0,0,0,1,0.0004315371043048799,,2019-08-14,,0.111
2AGMSHHY,1,0,,2022-08-12,,Missed,0,0,0,0,1,0,0.00016108050476759672,,2019-05-04,,0.111
2AGMTK0Y,1,1,2025-08-30,2025-08-30,0.0,On time,1,0,0,0,0,0,0.2282421886920929,0.2282421886920929,2019-05-16,2298.0,0.111
2AGMTL0Y,1,0,,2023-04-17,,Missed,0,0,0,0,1,0,0.000739992712624371,,2019-05-04,,0.111
2AGMTXAY,0,0,,,,Censored No Alarm,0,0,0,0,0,1,0.000960748759098351,,2019-08-13,,0.111
2AGMUBMY,0,0,,,,Censored No Alarm,0,0,0,0,0,1,0.0010415794095024467,,2019-06-01,,0.111
2AGMUBRY,1,0,,2024-08-04,,Missed,0,0,0,0,1,0,0.0011103377910330892,,2019-08-13,,0.111
2AGMV9UY,0,0,,,,Censored No Alarm,0,0,0,0,0,1,0.0011090115876868367,,2019-08-13,,0.111
2AGMVDDY,0,0,,,,Censored No Alarm,0,0,0,0,0,1,0.0018642614595592022,,2019-05-16,,0.111
2AGMWHVY,1,0,,2024-07-19,,Missed,0,0,0,0,1,0,0.037356045097112656,,2019-05-16,,0.111
2AGMZLMY,1,0,,2023-05-16,,Missed,0,0,0,0,1,0,0.0803602859377861,,2019-08-13,,0.111
2AGN038Y,0,0,,,,Censored No Alarm,0,0,0,0,0,1,0.0008959571132436395,,2019-08-13,,0.111
2AGN03MY,0,0,,,,Censored No Alarm,0,0,0,0,0,1,0.0011225352063775063,,2019-08-13,,0.111
2AGN05MY,0,0,,,,Censored No Alarm,0,0,0,0,0,1,0.0007523387321271002,,2019-08-13,,0.111
2AGN071Y,0,0,,,,Censored No Alarm,0,0,0,0,0,1,0.0025274278596043587,,2019-08-13,,0.111
2AGN07AY,0,0,,,,Censored No Alarm,0,0,0,0,0,1,0.0022326046600937843,,2019-08-14,,0.111
2AGN17RY,0,0,,,,Censored No Alarm,0,0,0,0,0,1,0.0005567194311879575,,2019-08-13,,0.111
2AGN1YNY,0,0,,,,Censored No Alarm,0,0,0,0,0,1,0.0019548258278518915,,2019-08-14,,0.111
2AGN29AY,0,0,,,,Censored No Alarm,0,0,0,0,0,1,0.0005652718828059733,,2019-08-14,,0.111
2AGN43EY,0,0,,,,Censored No Alarm,0,0,0,0,0,1,0.06931407749652863,,2019-08-13,,0.111
2AGN5A3Y,0,0,,,,Censored No Alarm,0,0,0,0,0,1,0.0007947497069835663,,2019-06-01,,0.111
2AGN7GZY,0,0,,,,Censored No Alarm,0,0,0,0,0,1,0.0004814215935766697,,2019-08-13,,0.111
2AGN7XVY,0,0,,,,Censored No Alarm,0,0,0,0,0,1,0.04021553695201874,,2019-08-14,,0.111
2AGN7XYY,0,0,,,,Censored No Alarm,0,0,0,0,0,1,0.011598859913647175,,2019-05-27,,0.111
2AGN853Y,0,0,,,,Censored No Alarm,0,0,0,0,0,1,0.000716260343324393,,2019-08-14,,0.111
2AGN8H9Y,0,0,,,,Censored No Alarm,0,0,0,0,0,1,0.0007035224116407335,,2019-08-14,,0.111
2AGN8Y9Y,0,0,,,,Censored No Alarm,0,0,0,0,0,1,0.014642980881035328,,2019-08-13,,0.111
2AGN8ZGY,0,0,,,,Censored No Alarm,0,0,0,0,0,1,0.002809308934956789,,2019-06-01,,0.111
2AGN90RY,1,0,,2023-12-07,,Missed,0,0,0,0,1,0,0.04461659863591194,,2019-08-14,,0.111
2AGN9N4Y,1,1,2025-01-26,2025-03-06,39.0,Early,0,1,0,1,0,0,0.23255807161331177,0.1484547257423401,2019-08-13,1993.0,0.111
2AGNAK7Y,0,0,,,,Censored No Alarm,0,0,0,0,0,1,0.0006683041574433446,,2019-08-14,,0.111
2AGNAKGY,0,0,,,,Censored No Alarm,0,0,0,0,0,1,0.0009327941806986928,,2019-08-14,,0.111
2AGNAYKY,0,0,,,,Censored No Alarm,0,0,0,0,0,1,0.0008318538893945515,,2019-08-13,,0.111
2AGNBWPY,0,0,,,,Censored No Alarm,0,0,0,0,0,1,0.0009399985428899527,,2019-08-13,,0.111
2AGND0EY,0,0,,,,Censored No Alarm,0,0,0,0,0,1,0.01622508093714714,,2019-08-13,,0.111
2AGNEAHY,0,0,,,,Censored No Alarm,0,0,0,0,0,1,0.0014736495213583112,,2019-08-13,,0.111
2AGNEK5Y,0,0,,,,Censored No Alarm,0,0,0,0,0,1,0.010178080759942532,,2019-08-14,,0.111
2AGNEN9Y,0,0,,,,Censored No Alarm,0,0,0,0,0,1,0.0019090244313701987,,2019-08-14,,0.111
2AGNEREY,0,0,,,,Censored No Alarm,0,0,0,0,0,1,0.006425392813980579,,2019-08-13,,0.111
2AGNGZPY,0,0,,,,Censored No Alarm,0,0,0,0,0,1,0.000871995696797967,,2019-05-27,,0.111
2AGNJE2Y,0,0,,,,Censored No Alarm,0,0,0,0,0,1,0.0008352597942575812,,2019-06-01,,0.111
2AGNJG7Y,0,0,,,,Censored No Alarm,0,0,0,0,0,1,0.0014944672584533691,,2019-08-13,,0.111
2AGNJGHY,0,0,,,,Censored No Alarm,0,0,0,0,0,1,0.0023421694058924913,,2019-08-13,,0.111
2AGNJRYY,0,0,,,,Censored No Alarm,0,0,0,0,0,1,0.0007356086280196905,,2019-06-01,,0.111
2AGNJTAY,0,0,,,,Censored No Alarm,0,0,0,0,0,1,0.0008994120871648192,,2019-08-14,,0.111
2AGNJTRY,0,0,,,,Censored No Alarm,0,0,0,0,0,1,0.0007165498682297766,,2019-08-14,,0.111
2AGNKB9Y,1,0,,2023-11-29,,Missed,0,0,0,0,1,0,0.0011990515049546957,,2019-08-13,,0.111
2AGNKGXY,0,0,,,,Censored No Alarm,0,0,0,0,0,1,0.0008398034842684865,,2019-08-14,,0.111
2AGNKNJY,0,0,,,,Censored No Alarm,0,0,0,0,0,1,0.0009724647388793528,,2019-08-14,,0.111
2AGNKSPY,0,0,,,,Censored No Alarm,0,0,0,0,0,1,0.003908274229615927,,2019-08-14,,0.111
2AGNKV4Y,0,0,,,,Censored No Alarm,0,0,0,0,0,1,0.001408189651556313,,2019-08-13,,0.111
2AGNL61Y,0,0,,,,Censored No Alarm,0,0,0,0,0,1,0.0011070785112679005,,2019-05-16,,0.111
2AGNNTHY,0,0,,,,Censored No Alarm,0,0,0,0,0,1,0.018212947994470596,,2019-05-16,,0.111
2AGNT47Y,0,0,,,,Censored No Alarm,0,0,0,0,0,1,0.0009483239846304059,,2019-05-16,,0.111
2AGP393Y,1,1,2022-12-30,2023-04-06,97.0,Early,0,1,0,1,0,0,0.31974756717681885,0.13895374536514282,2019-06-01,1308.0,0.111
2AGP43EY,1,0,,2024-09-01,,Missed,0,0,0,0,1,0,0.014797226525843143,,2019-05-16,,0.111
2AGP5EDY,0,0,,,,Censored No Alarm,0,0,0,0,0,1,0.001588096609339118,,2019-05-16,,0.111
2AGP5GBY,0,0,,,,Censored No Alarm,0,0,0,0,0,1,0.0017701867036521435,,2019-05-16,,0.111
2AGP5J1Y,0,0,,,,Censored No Alarm,0,0,0,0,0,1,0.0017550028860569,,2019-05-16,,0.111
2AGP6TYY,0,0,,,,Censored No Alarm,0,0,0,0,0,1,0.0006793392822146416,,2019-05-16,,0.111
2AGP6UBY,0,0,,,,Censored No Alarm,0,0,0,0,0,1,0.004112062975764275,,2019-05-16,,0.111
2AGP9W7Y,0,0,,,,Censored No Alarm,0,0,0,0,0,1,0.07115361094474792,,2019-05-16,,0.111
2AGPHHKY,0,0,,,,Censored No Alarm,0,0,0,0,0,1,0.0011161407455801964,,2019-06-01,,0.111
2AGPHHTY,0,0,,,,Censored No Alarm,0,0,0,0,0,1,0.0011716901790350676,,2019-06-01,,0.111
2AGPJAVY,0,0,,,,Censored No Alarm,0,0,0,0,0,1,0.00037514703581109643,,2019-05-27,,0.111
2AGPJBGY,0,0,,,,Censored No Alarm,0,0,0,0,0,1,0.0004545431293081492,,2019-05-27,,0.111
2AGPJBNY,0,0,,,,Censored No Alarm,0,0,0,0,0,1,0.00037392679951153696,,2019-05-27,,0.111
2AGPJE5Y,0,0,,,,Censored No Alarm,0,0,0,0,0,1,0.0011169752106070518,,2019-05-16,,0.111
2AGPJGPY,1,0,,2021-02-22,,Missed,0,0,0,0,1,0,0.013510383665561676,,2019-05-16,,0.111
2AGPJH1Y,1,0,,2024-08-11,,Missed,0,0,0,0,1,0,0.02747539058327675,,2019-05-16,,0.111
2AGPJHAY,0,0,,,,Censored No Alarm,0,0,0,0,0,1,0.0010047192918136716,,2019-08-13,,0.111
2AGPJHXY,0,0,,,,Censored No Alarm,0,0,0,0,0,1,0.0004529567959252745,,2019-05-27,,0.111
2AGPJL8Y,0,0,,,,Censored No Alarm,0,0,0,0,0,1,0.0023512612096965313,,2019-05-27,,0.111
2AGPJLWY,0,0,,,,Censored No Alarm,0,0,0,0,0,1,0.0007619682000949979,,2019-08-13,,0.111
2AGPJMRY,0,0,,,,Censored No Alarm,0,0,0,0,0,1,0.0012263440294191241,,2019-08-13,,0.111
2AGPJP0Y,0,0,,,,Censored No Alarm,0,0,0,0,0,1,0.00040869112126529217,,2019-05-27,,0.111
2AGPK9HY,0,0,,,,Censored No Alarm,0,0,0,0,0,1,0.0029059210792183876,,2019-08-14,,0.111
2AGPKA3Y,0,0,,,,Censored No Alarm,0,0,0,0,0,1,0.006048743613064289,,2019-08-14,,0.111
2AGPKALY,0,0,,,,Censored No Alarm,0,0,0,0,0,1,0.0016075209714472294,,2019-05-16,,0.111
2AGPKARY,0,0,,,,Censored No Alarm,0,0,0,0,0,1,0.0021914637181907892,,2019-05-16,,0.111
2AGPKB2Y,0,0,,,,Censored No Alarm,0,0,0,0,0,1,0.0005381492082960904,,2019-05-27,,0.111
2AGPKTUY,0,0,,,,Censored No Alarm,0,0,0,0,0,1,0.0016089014243334532,,2019-05-16,,0.111
2AGPKVGY,0,0,,,,Censored No Alarm,0,0,0,0,0,1,0.0006618942134082317,,2019-05-16,,0.111
2AGPKWNY,1,0,,2023-10-29,,Missed,0,0,0,0,1,0,0.023916788399219513,,2019-05-16,,0.111
2AGPKX4Y,0,0,,,,Censored No Alarm,0,0,0,0,0,1,0.009108896367251873,,2019-05-16,,0.111
2AGPL2YY,0,0,,,,Censored No Alarm,0,0,0,0,0,1,0.001678146538324654,,2019-05-16,,0.111
2AGPL4UY,0,0,,,,Censored No Alarm,0,0,0,0,0,1,0.0006785939331166446,,2019-05-16,,0.111
2AGPL4ZY,0,0,,,,Censored No Alarm,0,0,0,0,0,1,0.00116475741378963,,2019-05-27,,0.111
2AGPLSSY,0,0,,,,Censored No Alarm,0,0,0,0,0,1,0.0009117841254919767,,2019-05-16,,0.111
2AGPMDVY,0,0,,,,Censored No Alarm,0,0,0,0,0,1,0.0004293371457606554,,2019-05-27,,0.111
2AGPMEPY,0,0,,,,Censored No Alarm,0,0,0,0,0,1,0.0006717126816511154,,2019-05-16,,0.111
2AGPMGGY,0,0,,,,Censored No Alarm,0,0,0,0,0,1,0.004028067924082279,,2019-05-16,,0.111
2AGPMM3Y,0,0,,,,Censored No Alarm,0,0,0,0,0,1,0.00048731244169175625,,2019-05-27,,0.111
2AGPMN9Y,0,0,,,,Censored No Alarm,0,0,0,0,0,1,0.0005536843091249466,,2019-05-27,,0.111
2AGPMRDY,0,0,,,,Censored No Alarm,0,0,0,0,0,1,0.0010201139375567436,,2019-05-27,,0.111
2AGPMY1Y,0,0,,,,Censored No Alarm,0,0,0,0,0,1,0.0010219529503956437,,2019-05-16,,0.111
2AGPN6PY,0,0,,,,Censored No Alarm,0,0,0,0,0,1,0.017392395064234734,,2019-05-16,,0.111
2AGPPJAY,0,0,,,,Censored No Alarm,0,0,0,0,0,1,0.0009152422426268458,,2019-05-16,,0.111
2AGPPLLY,1,0,,2023-11-29,,Missed,0,0,0,0,1,0,0.10206279158592224,,2019-05-16,,0.111
2AGPR6YY,0,0,,,,Censored No Alarm,0,0,0,0,0,1,0.0007968373247422278,,2019-05-16,,0.111
2AGPR7RY,0,0,,,,Censored No Alarm,0,0,0,0,0,1,0.0010418568272143602,,2019-05-16,,0.111
2AGPR8EY,0,0,,,,Censored No Alarm,0,0,0,0,0,1,0.0008279308676719666,,2019-05-16,,0.111
2AGPRL8Y,0,0,,,,Censored No Alarm,0,0,0,0,0,1,0.000470080878585577,,2019-05-27,,0.111
2AGPRMLY,1,0,,2026-03-26,,Missed,0,0,0,0,1,0,0.007036099676042795,,2019-08-13,,0.111
2AGPRMRY,1,0,,2024-08-12,,Missed,0,0,0,0,1,0,0.00033813281334005296,,2019-05-04,,0.111
2AGPRRJY,0,0,,,,Censored No Alarm,0,0,0,0,0,1,0.06515377014875412,,2019-05-04,,0.111
2AGPS2ZY,0,0,,,,Censored No Alarm,0,0,0,0,0,1,0.0008961158455349505,,2019-05-16,,0.111
2AGPSEDY,0,0,,,,Censored No Alarm,0,0,0,0,0,1,0.0005895744543522596,,2019-05-27,,0.111
2AGPSG5Y,0,0,,,,Censored No Alarm,0,0,0,0,0,1,0.0019763740710914135,,2019-05-27,,0.111
2AGPSGKY,0,0,,,,Censored No Alarm,0,0,0,0,0,1,0.0008895322680473328,,2019-08-14,,0.111
2AGPSJKY,0,0,,,,Censored No Alarm,0,0,0,0,0,1,0.0010478057665750384,,2019-08-14,,0.111
2AGPSRUY,0,0,,,,Censored No Alarm,0,0,0,0,0,1,0.0006064539193175733,,2019-05-16,,0.111
2AGPT2PY,0,0,,,,Censored No Alarm,0,0,0,0,0,1,0.0023520442191511393,,2019-08-14,,0.111
2AGPT48Y,0,0,,,,Censored No Alarm,0,0,0,0,0,1,0.001228095032274723,,2019-06-01,,0.111
2AGPT7PY,0,0,,,,Censored No Alarm,0,0,0,0,0,1,0.016433726996183395,,2019-08-13,,0.111
2AGPTL4Y,0,0,,,,Censored No Alarm,0,0,0,0,0,1,0.0017034512711688876,,2019-05-27,,0.111
2AGPTVLY,0,0,,,,Censored No Alarm,0,0,0,0,0,1,0.0012353830970823765,,2019-06-01,,0.111
5PG0TA6F,0,0,,,,Censored No Alarm,0,0,0,0,0,1,0.0005246351356618106,,2020-07-14,,0.111
5PG0TAKF,0,0,,,,Censored No Alarm,0,0,0,0,0,1,0.0010614641942083836,,2020-05-10,,0.111
5PJEJUHE,0,0,,,,Censored No Alarm,0,0,0,0,0,1,0.0025769963394850492,,2021-12-28,,0.111
5PJJHD9C,0,0,,,,Censored No Alarm,0,0,0,0,0,1,0.000568651536013931,,2022-07-18,,0.111
5PJJLZTF,0,0,,,,Censored No Alarm,0,0,0,0,0,1,0.0019798099528998137,,2021-12-03,,0.111
5PJKZP4D,0,0,,,,Censored No Alarm,0,0,0,0,0,1,0.0013221564004197717,,2022-08-04,,0.111
5PJVPJGF,0,0,,,,Censored No Alarm,0,0,0,0,0,1,0.002278649713844061,,2021-05-16,,0.111
5PK10N4B,0,0,,,,Censored No Alarm,0,0,0,0,0,1,0.0010546016274020076,,2024-12-22,,0.111
5PK5ZB1B,0,0,,,,Censored No Alarm,0,0,0,0,0,1,0.0010632494231685996,,2024-04-29,,0.111
5PKEBJVB,0,0,,,,Censored No Alarm,0,0,0,0,0,1,0.0013189398450776935,,2023-11-27,,0.111
5PKVXW6B,0,0,,,,Censored No Alarm,0,0,0,0,0,1,0.001068598940037191,,2024-06-01,,0.111
5QG63PMB,0,0,,,,Censored No Alarm,0,0,0,0,0,1,0.0010817445581778884,,2024-05-28,,0.111
5QGBH0MB,0,0,,,,Censored No Alarm,0,0,0,0,0,1,0.0015765100251883268,,2023-12-09,,0.111
5QGG5KLB,0,0,,,,Censored No Alarm,0,0,0,0,0,1,0.002355351811274886,,2023-04-05,,0.111
5QGG5UPB,0,0,,,,Censored No Alarm,0,0,0,0,0,1,0.0035183909349143505,,2022-12-06,,0.111
5QGGAELB,1,1,2025-01-11,2025-06-04,144.0,Early,0,1,0,1,0,0,0.464475154876709,0.12310922145843506,2023-03-28,655.0,0.111
5QGGHWVB,0,0,,,,Censored No Alarm,0,0,0,0,0,1,0.001141378073953092,,2023-12-16,,0.111
5QH0Z60B,1,1,2024-02-16,2024-05-14,88.0,Early,0,1,0,1,0,0,0.46844589710235596,0.12280377745628357,2023-10-22,117.0,0.111
5QHDKVHB,0,0,,,,Censored No Alarm,0,0,0,0,0,1,0.0011434141779318452,,2023-11-17,,0.111
5QHKE66B,0,0,,,,Censored No Alarm,0,0,0,0,0,1,0.0017506441799923778,,2024-04-18,,0.111
5QHYP4MB,0,0,,,,Censored No Alarm,0,0,0,0,0,1,0.0011206752387806773,,2024-05-15,,0.111
5QJBW5VB,1,1,2024-05-11,2024-05-25,14.0,On time,1,0,0,0,0,0,0.4715312123298645,0.14906544983386993,2024-02-07,94.0,0.111
5QJS57NB,0,0,,,,Censored No Alarm,0,0,0,0,0,1,0.0010853983694687486,,2024-01-23,,0.111
5QKBEVWB,0,0,,,,Censored No Alarm,0,0,0,0,0,1,0.0010906232055276632,,2023-12-14,,0.111
5QKDK07B,0,0,,,,Censored No Alarm,0,0,0,0,0,1,0.001139532309025526,,2024-12-20,,0.111
5QKHBVPB,0,0,,,,Censored No Alarm,0,0,0,0,0,1,0.0011288513196632266,,2024-05-30,,0.111
5QKKSM3B,0,0,,,,Censored No Alarm,0,0,0,0,0,1,0.008673738688230515,,2024-04-06,,0.111
5QKV55TB,0,0,,,,Censored No Alarm,0,0,0,0,0,1,0.0010634732898324728,,2024-02-29,,0.111
5QKV6W0B,0,0,,,,Censored No Alarm,0,0,0,0,0,1,0.001250804984010756,,2023-08-14,,0.111
5QKV74SB,0,0,,,,Censored No Alarm,0,0,0,0,0,1,0.0012388715986162424,,2024-01-09,,0.111
5QKV778B,0,0,,,,Censored No Alarm,0,0,0,0,0,1,0.0011139430571347475,,2024-06-07,,0.111
5QKV7UHB,0,0,,,,Censored No Alarm,0,0,0,0,0,1,0.001688009244389832,,2024-03-04,,0.111
5QKV85UB,0,0,,,,Censored No Alarm,0,0,0,0,0,1,0.0011518888641148806,,2023-12-02,,0.111
5QKVAN8B,0,0,,,,Censored No Alarm,0,0,0,0,0,1,0.0010852323612198234,,2023-12-24,,0.111
5QKVARLB,0,0,,,,Censored No Alarm,0,0,0,0,0,1,0.0012007366167381406,,2023-11-03,,0.111
5QKVATKB,0,0,,,,Censored No Alarm,0,0,0,0,0,1,0.001133453450165689,,2024-01-09,,0.111
5QKVD71B,0,0,,,,Censored No Alarm,0,0,0,0,0,1,0.0011068650055676699,,2024-05-10,,0.111
5QKVDDVB,0,0,,,,Censored No Alarm,0,0,0,0,0,1,0.0010916230967268348,,2024-06-19,,0.111
5QKVETTB,0,0,,,,Censored No Alarm,0,0,0,0,0,1,0.0012617349857464433,,2024-06-27,,0.111
5QKVEUZB,0,0,,,,Censored No Alarm,0,0,0,0,0,1,0.0010701066348701715,,2024-04-22,,0.111
5QKVEXJB,0,0,,,,Censored No Alarm,0,0,0,0,0,1,0.001178440172225237,,2023-11-30,,0.111
5QKVGLWB,0,0,,,,Censored No Alarm,0,0,0,0,0,1,0.0010833725100383162,,2024-05-08,,0.111
5QKVHPLB,0,0,,,,Censored No Alarm,0,0,0,0,0,1,0.0011150864884257317,,2024-05-07,,0.111
5QKVHRMB,0,0,,,,Censored No Alarm,0,0,0,0,0,1,0.0018278890056535602,,2024-06-23,,0.111
5QKVVTHB,0,0,,,,Censored No Alarm,0,0,0,0,0,1,0.0020123396534472704,,2024-04-15,,0.111
8CGNK9GE,0,0,,,,Censored No Alarm,0,0,0,0,0,1,0.024584222584962845,,2019-05-04,,0.111
8CGR1V5E,0,0,,,,Censored No Alarm,0,0,0,0,0,1,0.0011434637708589435,,2019-06-01,,0.111
8CGSN9XE,0,0,,,,Censored No Alarm,0,0,0,0,0,1,0.0007486133836209774,,2019-05-16,,0.111
8CGSTSRE,0,0,,,,Censored No Alarm,0,0,0,0,0,1,0.0008843602845445275,,2019-05-04,,0.111
8CGT5S2E,1,0,,2024-11-05,,Missed,0,0,0,0,1,0,0.04120858013629913,,2019-06-01,,0.111
8CGTW4VE,0,0,,,,Censored No Alarm,0,0,0,0,0,1,0.0011396354530006647,,2019-06-01,,0.111
8CGTZ9HE,1,1,2023-04-21,2023-07-12,82.0,Early,0,1,0,1,0,0,0.5007573366165161,0.14122793078422546,2019-05-16,1436.0,0.111
8CGU9LLE,0,0,,,,Censored No Alarm,0,0,0,0,0,1,0.0007548393332399428,,2019-05-16,,0.111
8CGV369E,0,0,,,,Censored No Alarm,0,0,0,0,0,1,0.0009275811607949436,,2019-05-16,,0.111
8CGVR04E,0,1,2026-01-06,,,Censored Early,0,0,1,1,0,0,0.14644014835357666,0.12757615745067596,2019-05-16,2427.0,0.111
8CGVTH0E,0,0,,,,Censored No Alarm,0,0,0,0,0,1,0.0007104323012754321,,2019-05-04,,0.111
8CGW3HPE,0,0,,,,Censored No Alarm,0,0,0,0,0,1,0.0006840989808551967,,2019-05-04,,0.111
8CGW6ULE,0,0,,,,Censored No Alarm,0,0,0,0,0,1,0.0006554401479661465,,2019-05-04,,0.111
8CGWPGEE,0,0,,,,Censored No Alarm,0,0,0,0,0,1,0.0009082291508093476,,2019-05-16,,0.111
8CGXKYVE,0,0,,,,Censored No Alarm,0,0,0,0,0,1,0.0006939561571925879,,2019-05-04,,0.111
8CGXNNUE,1,1,2022-05-02,2022-05-10,8.0,On time,1,0,0,0,0,0,0.26282554864883423,0.14546683430671692,2019-06-01,1066.0,0.111
8CGY4KUE,0,0,,,,Censored No Alarm,0,0,0,0,0,1,0.0019212901825085282,,2019-05-16,,0.111
8CGYJ5TE,0,0,,,,Censored No Alarm,0,0,0,0,0,1,0.001048207632265985,,2019-06-01,,0.111
8CGYVS8E,0,0,,,,Censored No Alarm,0,0,0,0,0,1,0.0005414474871940911,,2019-06-01,,0.111
8CGYW96E,0,0,,,,Censored No Alarm,0,0,0,0,0,1,0.011687456630170345,,2019-06-01,,0.111
8CGYXB6E,0,0,,,,Censored No Alarm,0,0,0,0,0,1,0.004047668073326349,,2019-08-13,,0.111
8CGZ8K3E,0,0,,,,Censored No Alarm,0,0,0,0,0,1,0.0010261870920658112,,2019-05-04,,0.111
8CGZ8S1E,0,0,,,,Censored No Alarm,0,0,0,0,0,1,0.0009624372469261289,,2019-05-04,,0.111
8CGZ8SDE,0,0,,,,Censored No Alarm,0,0,0,0,0,1,0.1063174232840538,,2019-05-04,,0.111
8CGZB98E,0,0,,,,Censored No Alarm,0,0,0,0,0,1,0.0004241820133756846,,2019-08-14,,0.111
8CGZB9VE,0,0,,,,Censored No Alarm,0,0,0,0,0,1,0.0007126592099666595,,2019-06-01,,0.111
8CGZKBME,0,0,,,,Censored No Alarm,0,0,0,0,0,1,0.02773268148303032,,2019-05-04,,0.111
8CGZKDHE,0,0,,,,Censored No Alarm,0,0,0,0,0,1,0.0008798828930594027,,2019-05-04,,0.111
8CGZMEAE,0,0,,,,Censored No Alarm,0,0,0,0,0,1,0.0009275533375330269,,2019-05-04,,0.111
8CH02WUE,0,0,,,,Censored No Alarm,0,0,0,0,0,1,0.0004926318069919944,,2019-08-14,,0.111
8CH05AGE,0,0,,,,Censored No Alarm,0,0,0,0,0,1,0.0006724557024426758,,2019-05-04,,0.111
8CH06AGE,0,0,,,,Censored No Alarm,0,0,0,0,0,1,0.0007462832145392895,,2019-05-16,,0.111
8CH06B5E,0,0,,,,Censored No Alarm,0,0,0,0,0,1,0.0005297568859532475,,2019-05-04,,0.111
8CH06E7E,0,0,,,,Censored No Alarm,0,0,0,0,0,1,0.0008731484413146973,,2019-05-04,,0.111
8CH06EDE,0,0,,,,Censored No Alarm,0,0,0,0,0,1,0.0011854085605591536,,2019-06-01,,0.111
8CH0869E,0,0,,,,Censored No Alarm,0,0,0,0,0,1,0.0009258999489247799,,2019-05-04,,0.111
8CH08RNE,0,0,,,,Censored No Alarm,0,0,0,0,0,1,0.0014271668624132872,,2019-08-14,,0.111
8CH09GGE,0,0,,,,Censored No Alarm,0,0,0,0,0,1,0.0010199258103966713,,2019-06-01,,0.111
8CH0BYPE,0,0,,,,Censored No Alarm,0,0,0,0,0,1,0.0007568438886664808,,2019-08-13,,0.111
8CH0BYTE,0,0,,,,Censored No Alarm,0,0,0,0,0,1,0.0007811982068233192,,2019-06-01,,0.111
8CH0DM8E,0,0,,,,Censored No Alarm,0,0,0,0,0,1,0.0005074423388577998,,2019-08-14,,0.111
8CH0GNLE,0,0,,,,Censored No Alarm,0,0,0,0,0,1,0.0011416260385885835,,2019-05-04,,0.111
8CH0GNNE,0,0,,,,Censored No Alarm,0,0,0,0,0,1,0.006820665672421455,,2019-05-04,,0.111
8CH0GNSE,0,0,,,,Censored No Alarm,0,0,0,0,0,1,0.00176809832919389,,2019-05-16,,0.111
8CH0HRKE,0,0,,,,Censored No Alarm,0,0,0,0,0,1,0.0007201163680292666,,2019-06-01,,0.111
8CH0HTRE,0,0,,,,Censored No Alarm,0,0,0,0,0,1,0.0010824399068951607,,2019-06-01,,0.111
8CH0L5PE,0,0,,,,Censored No Alarm,0,0,0,0,0,1,0.0005406919517554343,,2019-06-01,,0.111
8CH0R06E,0,0,,,,Censored No Alarm,0,0,0,0,0,1,0.0007022825302556157,,2019-05-04,,0.111
8CH0R3YE,0,0,,,,Censored No Alarm,0,0,0,0,0,1,0.04734591022133827,,2019-08-13,,0.111
8CH0TLTE,0,0,,,,Censored No Alarm,0,0,0,0,0,1,0.0009609676199033856,,2019-08-13,,0.111
8CH0TLUE,0,0,,,,Censored No Alarm,0,0,0,0,0,1,0.0005928935715928674,,2019-06-01,,0.111
8CH0TN2E,0,0,,,,Censored No Alarm,0,0,0,0,0,1,0.0007888561813160777,,2019-06-01,,0.111
8CH0TN3E,0,0,,,,Censored No Alarm,0,0,0,0,0,1,0.0009806205052882433,,2019-08-13,,0.111
8CH0TVRE,0,0,,,,Censored No Alarm,0,0,0,0,0,1,0.0008228664519265294,,2019-08-14,,0.111
8CH0V7TE,0,0,,,,Censored No Alarm,0,0,0,0,0,1,0.02245873212814331,,2019-06-01,,0.111
8CH0VH1E,0,0,,,,Censored No Alarm,0,0,0,0,0,1,0.0009058284340426326,,2019-05-16,,0.111
8CH0VW0E,0,0,,,,Censored No Alarm,0,0,0,0,0,1,0.0005958208930678666,,2019-06-01,,0.111
8CH11KPE,0,0,,,,Censored No Alarm,0,0,0,0,0,1,0.0008482839330099523,,2019-05-04,,0.111
8CH13D7E,0,0,,,,Censored No Alarm,0,0,0,0,0,1,0.00044811563566327095,,2019-06-01,,0.111
8CH13DAE,0,0,,,,Censored No Alarm,0,0,0,0,0,1,0.000794020714238286,,2019-06-01,,0.111
8CH15D3E,0,0,,,,Censored No Alarm,0,0,0,0,0,1,0.02532477118074894,,2019-05-16,,0.111
8CH15YME,0,0,,,,Censored No Alarm,0,0,0,0,0,1,0.0004498204798437655,,2019-06-01,,0.111
8CH160KE,0,0,,,,Censored No Alarm,0,0,0,0,0,1,0.0008587385527789593,,2019-08-14,,0.111
8CH16PBE,0,0,,,,Censored No Alarm,0,0,0,0,0,1,0.011074635200202465,,2019-06-01,,0.111
8CH16ZDE,0,0,,,,Censored No Alarm,0,0,0,0,0,1,0.0008041939581744373,,2019-06-01,,0.111
8CH16ZUE,0,0,,,,Censored No Alarm,0,0,0,0,0,1,0.0008294896688312292,,2019-06-01,,0.111
8CH17M9E,0,0,,,,Censored No Alarm,0,0,0,0,0,1,0.0004476217145565897,,2019-06-01,,0.111
8CH17MHE,0,0,,,,Censored No Alarm,0,0,0,0,0,1,0.000634581025224179,,2019-08-13,,0.111
8CH190UE,1,1,2020-12-16,2022-03-26,465.0,Early,0,1,0,1,0,0,0.39587295055389404,0.11520425230264664,2019-08-13,491.0,0.111
8CH1APUE,1,1,2025-07-05,2025-09-18,75.0,Early,0,1,0,1,0,0,0.16512681543827057,0.13269275426864624,2019-06-01,2226.0,0.111
8CH1AR5E,0,0,,,,Censored No Alarm,0,0,0,0,0,1,0.0004985563573427498,,2019-05-04,,0.111
8CH1ARHE,1,0,,2023-09-28,,Missed,0,0,0,0,1,0,0.007494174409657717,,2019-06-01,,0.111
8CH1WBME,1,0,,2024-05-05,,Missed,0,0,0,0,1,0,0.006972681265324354,,2019-05-04,,0.111
8CH1XHUE,0,0,,,,Censored No Alarm,0,0,0,0,0,1,0.0010116950143128633,,2019-05-04,,0.111
8CH4AT4E,0,0,,,,Censored No Alarm,0,0,0,0,0,1,0.0005228492082096636,,2019-05-27,,0.111
8CH4X3TE,1,0,,2022-10-12,,Missed,0,0,0,0,1,0,0.00243474543094635,,2019-05-16,,0.111
8CH4YM4E,1,0,,2023-03-03,,Missed,0,0,0,0,1,0,0.003359351772814989,,2019-05-16,,0.111
8CH4YM6E,1,1,2024-12-08,2025-03-13,95.0,Early,0,1,0,1,0,0,0.12926837801933289,0.11518754810094833,2019-05-16,2033.0,0.111
8CH4YN8E,1,0,,2024-04-09,,Missed,0,0,0,0,1,0,0.04983767494559288,,2019-05-16,,0.111
8CH4Z6UE,0,0,,,,Censored No Alarm,0,0,0,0,0,1,0.0013735787943005562,,2019-05-16,,0.111
8CH5214E,1,1,2024-01-18,2024-02-15,28.0,On time,1,0,0,0,0,0,0.200364351272583,0.12159240990877151,2019-05-16,1708.0,0.111
8CH52U5E,0,0,,,,Censored No Alarm,0,0,0,0,0,1,0.0008907519513741136,,2019-05-16,,0.111
8CH5B9LE,0,0,,,,Censored No Alarm,0,0,0,0,0,1,0.002153869951143861,,2019-05-16,,0.111
8CH5E8EE,1,0,,2023-04-04,,Missed,0,0,0,0,1,0,0.036785732954740524,,2019-05-16,,0.111
8CH5HRYE,1,0,,2024-12-24,,Missed,0,0,0,0,1,0,0.08983130007982254,,2019-05-16,,0.111
8CHRG6JE,0,0,,,,Censored No Alarm,0,0,0,0,0,1,0.0012425895547494292,,2019-11-25,,0.111
8CHU2WSE,0,0,,,,Censored No Alarm,0,0,0,0,0,1,0.00154334947001189,,2020-06-18,,0.111
8CHU7R9E,1,0,,2024-11-09,,Missed,0,0,0,0,1,0,0.027500759810209274,,2021-05-05,,0.111
8CHUHHXE,0,0,,,,Censored No Alarm,0,0,0,0,0,1,0.024706019088625908,,2020-06-26,,0.111
8CJMA59E,0,0,,,,Censored No Alarm,0,0,0,0,0,1,0.0014677506405860186,,2024-04-02,,0.111
8DG1BB5Y,0,0,,,,Censored No Alarm,0,0,0,0,0,1,0.0013030377449467778,,2024-12-20,,0.111
8DG3MU5D,0,0,,,,Censored No Alarm,0,0,0,0,0,1,0.0017726640217006207,,2018-07-12,,0.111
8DG4SAUD,0,0,,,,Censored No Alarm,0,0,0,0,0,1,0.0017971229972317815,,2018-07-12,,0.111
8DG4SAZD,0,0,,,,Censored No Alarm,0,0,0,0,0,1,0.0008801285875961185,,2018-07-12,,0.111
8DG52U7D,0,0,,,,Censored No Alarm,0,0,0,0,0,1,0.001825842191465199,,2018-07-12,,0.111
8DG52W9D,0,0,,,,Censored No Alarm,0,0,0,0,0,1,0.0007884074584580958,,2018-07-12,,0.111
8DG52WND,0,0,,,,Censored No Alarm,0,0,0,0,0,1,0.0012463981984183192,,2018-07-12,,0.111
8DG6S3UD,1,0,,2024-06-11,,Missed,0,0,0,0,1,0,0.050100553780794144,,2018-07-12,,0.111
8DG88GTY,0,0,,,,Censored No Alarm,0,0,0,0,0,1,0.0011045992141589522,,2025-01-01,,0.111
8DG93TXY,0,0,,,,Censored No Alarm,0,0,0,0,0,1,0.001381433685310185,,2024-04-01,,0.111
8DJE2HWH,0,0,,,,Censored No Alarm,0,0,0,0,0,1,0.0006201270734891295,,2019-01-05,,0.111
8DJEPPSH,0,0,,,,Censored No Alarm,0,0,0,0,0,1,0.0006204489036463201,,2019-01-05,,0.111
8DJEPTWH,0,0,,,,Censored No Alarm,0,0,0,0,0,1,0.00040916691068559885,,2019-01-05,,0.111
8DJEUXLH,0,0,,,,Censored No Alarm,0,0,0,0,0,1,0.043190110474824905,,2019-01-05,,0.111
8DK5NDLH,0,0,,,,Censored No Alarm,0,0,0,0,0,1,0.0014892572071403265,,2020-01-03,,0.111
8DKHU24H,0,0,,,,Censored No Alarm,0,0,0,0,0,1,0.0010061728535220027,,2019-12-29,,0.111
8DKUD8AH,0,0,,,,Censored No Alarm,0,0,0,0,0,1,0.0005009918240830302,,2019-01-05,,0.111
8DKV390H,0,0,,,,Censored No Alarm,0,0,0,0,0,1,0.0015519881853833795,,2019-03-01,,0.111
8HG28M3H,0,0,,,,Censored No Alarm,0,0,0,0,0,1,0.00047029403503984213,,2019-03-01,,0.111
8HG7LGUH,1,1,2025-03-01,2025-06-01,92.0,Early,0,1,0,1,0,0,0.12072025239467621,0.12072025239467621,2019-06-01,2100.0,0.111
8HGBYHPH,0,0,,,,Censored No Alarm,0,0,0,0,0,1,0.001354240346699953,,2021-10-03,,0.111
8HGNAB0H,0,0,,,,Censored No Alarm,0,0,0,0,0,1,0.0013871843693777919,,2019-03-28,,0.111
8HGZPYVH,0,1,2022-12-15,,,Censored Early,0,0,1,1,0,0,0.26984089612960815,0.11794238537549973,2019-01-05,1440.0,0.111
8HH12ZPH,0,0,,,,Censored No Alarm,0,0,0,0,0,1,0.0011975191300734878,,2018-11-14,,0.111
8HH5JYSH,0,0,,,,Censored No Alarm,0,0,0,0,0,1,0.002070237649604678,,2018-11-14,,0.111
8HH8BNRH,0,0,,,,Censored No Alarm,0,0,0,0,0,1,0.0016583746764808893,,2019-03-28,,0.111
8HH8P7RH,0,0,,,,Censored No Alarm,0,0,0,0,0,1,0.0015114155830815434,,2019-03-02,,0.111
8HH901KH,0,0,,,,Censored No Alarm,0,0,0,0,0,1,0.0008933076169341803,,2019-03-28,,0.111
8HH9ZRUH,0,0,,,,Censored No Alarm,0,0,0,0,0,1,0.0009797813836485147,,2019-03-01,,0.111
8HHARE1H,1,1,2023-03-11,2023-03-24,13.0,On time,1,0,0,0,0,0,0.4332015812397003,0.11195919662714005,2019-08-13,1306.0,0.111
8HHARGBH,0,0,,,,Censored No Alarm,0,0,0,0,0,1,0.001277120434679091,,2019-03-02,,0.111
8HHATBKH,0,0,,,,Censored No Alarm,0,0,0,0,0,1,0.0009784245630726218,,2019-03-01,,0.111
8HHJXENH,0,0,,,,Censored No Alarm,0,0,0,0,0,1,0.0013347193598747253,,2019-01-05,,0.111
8HHNHSUH,1,0,,2024-12-06,,Missed,0,0,0,0,1,0,0.030946942046284676,,2019-05-04,,0.111
8HHPUREH,1,1,2023-08-10,2024-05-16,280.0,Early,0,1,0,1,0,0,0.15431128442287445,0.12467990815639496,2018-11-14,1730.0,0.111
8HHT1P2H,0,0,,,,Censored No Alarm,0,0,0,0,0,1,0.010439031757414341,,2018-11-14,,0.111
8HHTWXYH,0,0,,,,Censored No Alarm,0,0,0,0,0,1,0.0010537744965404272,,2018-11-14,,0.111
8HHZ6MGH,0,0,,,,Censored No Alarm,0,0,0,0,0,1,0.0014295508153736591,,2018-11-14,,0.111
8HJ1NNDH,0,0,,,,Censored No Alarm,0,0,0,0,0,1,0.002629429567605257,,2018-11-14,,0.111
8HJ6SJAH,0,0,,,,Censored No Alarm,0,0,0,0,0,1,0.0013041837373748422,,2018-11-14,,0.111
8HJ6SJTH,0,0,,,,Censored No Alarm,0,0,0,0,0,1,0.0010412883711978793,,2018-11-14,,0.111
8HJ74BPH,0,0,,,,Censored No Alarm,0,0,0,0,0,1,0.001961139729246497,,2018-11-14,,0.111
8HJ7UJHH,0,0,,,,Censored No Alarm,0,0,0,0,0,1,0.0012611348647624254,,2018-11-14,,0.111
8HJ7Y9BH,0,0,,,,Censored No Alarm,0,0,0,0,0,1,0.0015233546728268266,,2018-11-14,,0.111
8HJ7Z0DH,0,0,,,,Censored No Alarm,0,0,0,0,0,1,0.0007157693617045879,,2019-05-04,,0.111
8HJ7Z10H,0,0,,,,Censored No Alarm,0,0,0,0,0,1,0.002172064268961549,,2018-11-14,,0.111
8HJ7Z1MH,0,0,,,,Censored No Alarm,0,0,0,0,0,1,0.007453080266714096,,2018-11-14,,0.111
8HJ86APH,0,0,,,,Censored No Alarm,0,0,0,0,0,1,0.02115868218243122,,2018-11-14,,0.111
8HJ86NXH,0,0,,,,Censored No Alarm,0,0,0,0,0,1,0.0005680580507032573,,2019-05-04,,0.111
8HJ8LEXH,0,0,,,,Censored No Alarm,0,0,0,0,0,1,0.02949482947587967,,2019-05-04,,0.111
8HJ8LKMH,1,0,,2026-03-14,,Missed,0,0,0,0,1,0,0.051954805850982666,,2018-11-14,,0.111
8HJ91WDH,0,0,,,,Censored No Alarm,0,0,0,0,0,1,0.0005688591627404094,,2019-05-04,,0.111
8HJ94EVH,0,0,,,,Censored No Alarm,0,0,0,0,0,1,0.002986511215567589,,2018-11-14,,0.111
8HJ9JWTH,0,0,,,,Censored No Alarm,0,0,0,0,0,1,0.0006642699590884149,,2018-11-14,,0.111
8HJ9K7HH,1,1,2025-01-25,2025-01-28,3.0,On time,1,0,0,0,0,0,0.12207400053739548,0.11464347690343857,2018-11-14,2264.0,0.111
8HJ9KKGH,0,0,,,,Censored No Alarm,0,0,0,0,0,1,0.0005717215244658291,,2019-05-04,,0.111
8HJ9KN1H,0,0,,,,Censored No Alarm,0,0,0,0,0,1,0.0011308968532830477,,2018-11-14,,0.111
8HJ9LS1H,0,0,,,,Censored No Alarm,0,0,0,0,0,1,0.001257580704987049,,2018-11-14,,0.111
8HJ9M5NH,0,0,,,,Censored No Alarm,0,0,0,0,0,1,0.0011863760882988572,,2018-11-14,,0.111
8HJ9M94H,0,0,,,,Censored No Alarm,0,0,0,0,0,1,0.0018984166672453284,,2018-11-14,,0.111
8HJ9MZBH,0,0,,,,Censored No Alarm,0,0,0,0,0,1,0.0005675621214322746,,2019-05-04,,0.111
8HJ9NHPH,0,0,,,,Censored No Alarm,0,0,0,0,0,1,0.0011032125912606716,,2018-11-14,,0.111
8HJ9NKKH,0,0,,,,Censored No Alarm,0,0,0,0,0,1,0.0023098806850612164,,2018-11-14,,0.111
8HJ9RYSH,0,0,,,,Censored No Alarm,0,0,0,0,0,1,0.0025314316153526306,,2018-11-14,,0.111
8HJ9S05H,0,0,,,,Censored No Alarm,0,0,0,0,0,1,0.001544472761452198,,2018-11-14,,0.111
8HJ9S0EH,0,0,,,,Censored No Alarm,0,0,0,0,0,1,0.0018971330719068646,,2018-11-14,,0.111
8HJ9Y3ZH,0,0,,,,Censored No Alarm,0,0,0,0,0,1,0.0007491265423595905,,2019-05-04,,0.111
8HJA085H,0,0,,,,Censored No Alarm,0,0,0,0,0,1,0.002333827782422304,,2018-11-14,,0.111
8HJA2DPH,0,0,,,,Censored No Alarm,0,0,0,0,0,1,0.001867465558461845,,2018-11-14,,0.111
8HJA8DBH,0,0,,,,Censored No Alarm,0,0,0,0,0,1,0.0015819895779713988,,2018-11-14,,0.111
8HJBNYTH,0,0,,,,Censored No Alarm,0,0,0,0,0,1,0.06166788935661316,,2019-01-05,,0.111
8HJDK12H,0,0,,,,Censored No Alarm,0,0,0,0,0,1,0.0014120349660515785,,2018-11-14,,0.111
8HJDX4PH,0,0,,,,Censored No Alarm,0,0,0,0,0,1,0.000798713939730078,,2018-11-14,,0.111
8HJEY89H,0,0,,,,Censored No Alarm,0,0,0,0,0,1,0.00038982919068075716,,2019-03-01,,0.111
8HJG85RH,0,0,,,,Censored No Alarm,0,0,0,0,0,1,0.0011320755584165454,,2019-03-01,,0.111
8HJGZPXH,0,0,,,,Censored No Alarm,0,0,0,0,0,1,0.0013427376979961991,,2018-11-14,,0.111
8HJH62EH,0,0,,,,Censored No Alarm,0,0,0,0,0,1,0.0022071157582104206,,2018-11-14,,0.111
8HJH8RWH,0,0,,,,Censored No Alarm,0,0,0,0,0,1,0.001125421840697527,,2019-03-01,,0.111
8HJK2HSH,0,0,,,,Censored No Alarm,0,0,0,0,0,1,0.01328334491699934,,2018-11-14,,0.111
8HJLKZRH,0,0,,,,Censored No Alarm,0,0,0,0,0,1,0.001418484840542078,,2018-11-14,,0.111
8HJRD7PH,0,0,,,,Censored No Alarm,0,0,0,0,0,1,0.0005687130033038557,,2019-03-01,,0.111
8HJRUMWH,0,0,,,,Censored No Alarm,0,0,0,0,0,1,0.0017678617732599378,,2018-11-14,,0.111
8HJRVW4H,0,0,,,,Censored No Alarm,0,0,0,0,0,1,0.0009235140751115978,,2018-11-14,,0.111
8HJUGTVH,0,0,,,,Censored No Alarm,0,0,0,0,0,1,0.035426050424575806,,2018-11-14,,0.111
8HJVJKPH,0,0,,,,Censored No Alarm,0,0,0,0,0,1,0.0008982581202872097,,2018-11-14,,0.111
8HJVUAGH,0,0,,,,Censored No Alarm,0,0,0,0,0,1,0.0015013323863968253,,2018-11-14,,0.111
8HJWBJXH,0,0,,,,Censored No Alarm,0,0,0,0,0,1,0.002195914275944233,,2018-11-14,,0.111
8HJWHD6H,0,0,,,,Censored No Alarm,0,0,0,0,0,1,0.0015495922416448593,,2018-11-14,,0.111
8HJWHEJH,0,0,,,,Censored No Alarm,0,0,0,0,0,1,0.0009028761996887624,,2019-03-28,,0.111
8HJXG0WH,1,0,,2022-05-01,,Missed,0,0,0,0,1,0,0.024613089859485626,,2018-11-14,,0.111
8HJXKBDH,0,0,,,,Censored No Alarm,0,0,0,0,0,1,0.0004674456431530416,,2019-03-01,,0.111
8HJXU87H,0,0,,,,Censored No Alarm,0,0,0,0,0,1,0.03505805507302284,,2018-11-14,,0.111
8HJY20MH,0,0,,,,Censored No Alarm,0,0,0,0,0,1,0.002346436260268092,,2018-11-14,,0.111
8HJYTXWH,0,0,,,,Censored No Alarm,0,0,0,0,0,1,0.0026568358298391104,,2018-11-14,,0.111
8HJYU0JH,0,0,,,,Censored No Alarm,0,0,0,0,0,1,0.0008437832002528012,,2018-11-14,,0.111
8HJYZNZH,0,0,,,,Censored No Alarm,0,0,0,0,0,1,0.001568278530612588,,2018-11-14,,0.111
8HJZ13TH,0,0,,,,Censored No Alarm,0,0,0,0,0,1,0.0012703289976343513,,2018-11-14,,0.111
8HJZADEH,0,0,,,,Censored No Alarm,0,0,0,0,0,1,0.002011845586821437,,2018-11-14,,0.111
8HJZEG6H,1,0,,2023-11-17,,Missed,0,0,0,0,1,0,0.052525851875543594,,2018-11-14,,0.111
8HJZG4AH,0,0,,,,Censored No Alarm,0,0,0,0,0,1,0.0016541540389880538,,2018-11-14,,0.111
8HJZNVWH,0,0,,,,Censored No Alarm,0,0,0,0,0,1,0.0009433694067411125,,2018-11-14,,0.111
8HK087WH,0,0,,,,Censored No Alarm,0,0,0,0,0,1,0.04827367141842842,,2018-11-14,,0.111
8HK0HH3H,0,0,,,,Censored No Alarm,0,0,0,0,0,1,0.0010974339675158262,,2018-11-14,,0.111
8HK12NNH,0,0,,,,Censored No Alarm,0,0,0,0,0,1,0.0010425711516290903,,2018-11-14,,0.111
8HK17SKH,0,0,,,,Censored No Alarm,0,0,0,0,0,1,0.09954935312271118,,2018-11-14,,0.111
8HK17SWH,0,0,,,,Censored No Alarm,0,0,0,0,0,1,0.0017838920466601849,,2018-11-14,,0.111
8HK17SYH,0,0,,,,Censored No Alarm,0,0,0,0,0,1,0.08544635772705078,,2018-11-14,,0.111
8HK19K9H,0,0,,,,Censored No Alarm,0,0,0,0,0,1,0.0021168794482946396,,2018-11-14,,0.111
8HK19KVH,0,0,,,,Censored No Alarm,0,0,0,0,0,1,0.0016063008224591613,,2018-11-14,,0.111
8HK1KY3H,0,0,,,,Censored No Alarm,0,0,0,0,0,1,0.0011876882053911686,,2018-11-14,,0.111
8HK1LYPH,0,0,,,,Censored No Alarm,0,0,0,0,0,1,0.0008198887226171792,,2018-11-14,,0.111
8HK1N18H,0,0,,,,Censored No Alarm,0,0,0,0,0,1,0.0013157505309209228,,2018-11-14,,0.111
8HK1PV7H,0,0,,,,Censored No Alarm,0,0,0,0,0,1,0.001251090900041163,,2018-11-14,,0.111
8HK1UULH,0,0,,,,Censored No Alarm,0,0,0,0,0,1,0.0017317142337560654,,2018-11-14,,0.111
8HK1XAAH,1,0,,2021-10-24,,Missed,0,0,0,0,1,0,0.0003436927800066769,,2018-11-14,,0.111
8HK224GH,0,0,,,,Censored No Alarm,0,0,0,0,0,1,0.0016126835253089666,,2018-11-14,,0.111
8HK25XSH,0,0,,,,Censored No Alarm,0,0,0,0,0,1,0.0018485825276002288,,2018-11-14,,0.111
8HK266WH,0,0,,,,Censored No Alarm,0,0,0,0,0,1,0.013819304294884205,,2018-11-14,,0.111
8HK28TJH,0,0,,,,Censored No Alarm,0,0,0,0,0,1,0.0011891202302649617,,2018-11-14,,0.111
8HK28Y0H,0,0,,,,Censored No Alarm,0,0,0,0,0,1,0.0012626672396436334,,2018-11-14,,0.111
8HK2A1EH,0,0,,,,Censored No Alarm,0,0,0,0,0,1,0.0009605308878235519,,2019-06-01,,0.111
8HK2BA6H,0,0,,,,Censored No Alarm,0,0,0,0,0,1,0.0013994516339153051,,2018-11-14,,0.111
8HK2BAEH,0,0,,,,Censored No Alarm,0,0,0,0,0,1,0.0017141347052529454,,2018-11-14,,0.111
8HK2DVKH,0,0,,,,Censored No Alarm,0,0,0,0,0,1,0.0017123667057603598,,2018-11-14,,0.111
8HK2JXUH,0,0,,,,Censored No Alarm,0,0,0,0,0,1,0.000791680533438921,,2019-03-28,,0.111
8HK2KY6H,0,0,,,,Censored No Alarm,0,0,0,0,0,1,0.0019879776518791914,,2018-11-14,,0.111
8HK2MXPH,0,0,,,,Censored No Alarm,0,0,0,0,0,1,0.0008546814206056297,,2018-11-14,,0.111
8HK2RMWH,0,0,,,,Censored No Alarm,0,0,0,0,0,1,0.009126344695687294,,2018-11-14,,0.111
8HK2RNWH,0,0,,,,Censored No Alarm,0,0,0,0,0,1,0.0012478563003242016,,2018-11-14,,0.111
8HK2RP9H,0,0,,,,Censored No Alarm,0,0,0,0,0,1,0.0008204681798815727,,2018-11-14,,0.111
8HK2VLMH,0,0,,,,Censored No Alarm,0,0,0,0,0,1,0.001657451968640089,,2018-11-14,,0.111
8HK2X4YH,0,0,,,,Censored No Alarm,0,0,0,0,0,1,0.0015873597003519535,,2018-11-14,,0.111
8HK2ZPDH,0,0,,,,Censored No Alarm,0,0,0,0,0,1,0.0011953242355957627,,2019-05-04,,0.111
8HK2ZT1H,0,0,,,,Censored No Alarm,0,0,0,0,0,1,0.001216625445522368,,2018-11-14,,0.111
8HK31WMH,0,0,,,,Censored No Alarm,0,0,0,0,0,1,0.0011857383651658893,,2019-05-04,,0.111
8HK31Y8H,0,0,,,,Censored No Alarm,0,0,0,0,0,1,0.0014815912581980228,,2018-11-14,,0.111
8HK341ZH,0,0,,,,Censored No Alarm,0,0,0,0,0,1,0.001179091981612146,,2018-11-14,,0.111
8HK34EZH,0,0,,,,Censored No Alarm,0,0,0,0,0,1,0.009727980010211468,,2018-11-14,,0.111
8HK3BWZH,0,0,,,,Censored No Alarm,0,0,0,0,0,1,0.00127282808534801,,2018-11-14,,0.111
8HK3GTLH,0,0,,,,Censored No Alarm,0,0,0,0,0,1,0.010749137960374355,,2018-11-14,,0.111
8HK3GUXH,0,0,,,,Censored No Alarm,0,0,0,0,0,1,0.0011598184937611222,,2018-11-14,,0.111
8HK3MMSH,0,0,,,,Censored No Alarm,0,0,0,0,0,1,0.0019888444803655148,,2018-11-14,,0.111
8HK3NG2H,0,0,,,,Censored No Alarm,0,0,0,0,0,1,0.0015073961112648249,,2018-11-14,,0.111
8HK3NJMH,0,0,,,,Censored No Alarm,0,0,0,0,0,1,0.001252316520549357,,2018-11-14,,0.111
8HK41HEH,0,0,,,,Censored No Alarm,0,0,0,0,0,1,0.0009234744939021766,,2018-11-14,,0.111
8HK69BMH,0,0,,,,Censored No Alarm,0,0,0,0,0,1,0.0011525721056386828,,2019-03-01,,0.111
8HK6T2AH,0,0,,,,Censored No Alarm,0,0,0,0,0,1,0.0010262863943353295,,2018-11-14,,0.111
8HK6TL7H,0,0,,,,Censored No Alarm,0,0,0,0,0,1,0.001736686215735972,,2018-11-14,,0.111
8HK6UUDH,0,0,,,,Censored No Alarm,0,0,0,0,0,1,0.0007677269168198109,,2019-03-28,,0.111
8HK6V14H,0,0,,,,Censored No Alarm,0,0,0,0,0,1,0.001179160550236702,,2018-11-14,,0.111
8HK6VSKH,1,1,2024-03-02,2024-03-10,8.0,On time,1,0,0,0,0,0,0.42680421471595764,0.11139903962612152,2018-11-14,1935.0,0.111
8HK70X7H,0,0,,,,Censored No Alarm,0,0,0,0,0,1,0.0010265108430758119,,2018-11-14,,0.111
8HK7194H,0,0,,,,Censored No Alarm,0,0,0,0,0,1,0.0024688553530722857,,2018-11-14,,0.111
8HK72J0H,0,0,,,,Censored No Alarm,0,0,0,0,0,1,0.0009641727083362639,,2018-11-14,,0.111
8HK7DKMH,0,0,,,,Censored No Alarm,0,0,0,0,0,1,0.0003414060047362,,2019-03-02,,0.111
8HK7E5DH,0,0,,,,Censored No Alarm,0,0,0,0,0,1,0.0023428068961948156,,2018-11-14,,0.111
8HK7E68H,0,0,,,,Censored No Alarm,0,0,0,0,0,1,0.001111244666390121,,2018-11-14,,0.111
8HK7H58H,0,0,,,,Censored No Alarm,0,0,0,0,0,1,0.002138337353244424,,2018-11-14,,0.111
8HK80P1H,0,0,,,,Censored No Alarm,0,0,0,0,0,1,0.017690317705273628,,2019-01-05,,0.111
8HKB2WEH,0,0,,,,Censored No Alarm,0,0,0,0,0,1,0.01692033000290394,,2019-01-05,,0.111
8HKB3M2H,0,0,,,,Censored No Alarm,0,0,0,0,0,1,0.0004108483262825757,,2019-01-05,,0.111
8HKB4R4H,0,0,,,,Censored No Alarm,0,0,0,0,0,1,0.0008228680235333741,,2019-05-04,,0.111
8HKBBKKH,0,0,,,,Censored No Alarm,0,0,0,0,0,1,0.020552221685647964,,2018-11-14,,0.111
8HKBYNVH,0,0,,,,Censored No Alarm,0,0,0,0,0,1,0.00048386454000137746,,2019-05-04,,0.111
8HKE039H,0,0,,,,Censored No Alarm,0,0,0,0,0,1,0.021414294838905334,,2018-11-14,,0.111
8HKE6E1H,0,0,,,,Censored No Alarm,0,0,0,0,0,1,0.0015447521582245827,,2019-01-05,,0.111
8HKE8S7H,0,0,,,,Censored No Alarm,0,0,0,0,0,1,0.025334937497973442,,2019-01-05,,0.111
8HKEAWEH,0,0,,,,Censored No Alarm,0,0,0,0,0,1,0.0008113454678095877,,2019-06-01,,0.111
8HKEKYRH,0,0,,,,Censored No Alarm,0,0,0,0,0,1,0.000658735167235136,,2019-06-01,,0.111
8HKG0GWH,0,0,,,,Censored No Alarm,0,0,0,0,0,1,0.0006950178067199886,,2019-01-05,,0.111
8HKHPZHH,0,0,,,,Censored No Alarm,0,0,0,0,0,1,0.0010262086289003491,,2019-06-01,,0.111
8HKJ4MAH,0,0,,,,Censored No Alarm,0,0,0,0,0,1,0.0011806272668763995,,2019-03-01,,0.111
8HKJ5KDH,1,0,,2025-06-29,,Missed,0,0,0,0,1,0,0.0012261441443115473,,2018-11-14,,0.111
8HKL6STH,0,0,,,,Censored No Alarm,0,0,0,0,0,1,0.0007386484649032354,,2019-03-02,,0.111
8HKLRUSH,0,0,,,,Censored No Alarm,0,0,0,0,0,1,0.10124586522579193,,2019-03-01,,0.111
8HKM415H,0,0,,,,Censored No Alarm,0,0,0,0,0,1,0.00038536277133971453,,2019-03-01,,0.111
8HKM5RVH,0,0,,,,Censored No Alarm,0,0,0,0,0,1,0.0009123925119638443,,2019-03-28,,0.111
8HKM654H,0,0,,,,Censored No Alarm,0,0,0,0,0,1,0.0008502374985255301,,2019-03-28,,0.111
8HKM9Z1H,0,0,,,,Censored No Alarm,0,0,0,0,0,1,0.0007453957805410028,,2019-03-28,,0.111
8HKMR21H,1,0,,2020-09-02,,Missed,0,0,0,0,1,0,0.03220554068684578,,2019-03-28,,0.111
8HKNMW1H,0,0,,,,Censored No Alarm,0,0,0,0,0,1,0.000815807783510536,,2019-05-04,,0.111
8HKNN28H,0,0,,,,Censored No Alarm,0,0,0,0,0,1,0.0316946879029274,,2019-06-01,,0.111
8HKPM7RH,0,0,,,,Censored No Alarm,0,0,0,0,0,1,0.0005529093323275447,,2019-03-02,,0.111
8HKPZY9H,1,0,,2024-08-13,,Missed,0,0,0,0,1,0,0.09541685879230499,,2019-03-28,,0.111
8HKRER2H,0,0,,,,Censored No Alarm,0,0,0,0,0,1,0.0009687684359960258,,2019-06-01,,0.111
8HKS4X3H,0,0,,,,Censored No Alarm,0,0,0,0,0,1,0.030558662489056587,,2019-03-02,,0.111
8HKTBA3H,1,0,,2024-09-22,,Missed,0,0,0,0,1,0,0.05641428753733635,,2019-03-01,,0.111
8HKTE54H,0,0,,,,Censored No Alarm,0,0,0,0,0,1,0.0009771735640242696,,2019-03-01,,0.111
8HKTH2SH,1,0,,2023-11-27,,Missed,0,0,0,0,1,0,0.0010519068455323577,,2019-03-01,,0.111
8HKTK0XH,0,0,,,,Censored No Alarm,0,0,0,0,0,1,0.0004102708771824837,,2019-01-05,,0.111
8HKU0DXH,0,0,,,,Censored No Alarm,0,0,0,0,0,1,0.00208016368560493,,2019-03-01,,0.111
8HKU3YTH,1,1,2024-04-08,2024-07-13,96.0,Early,0,1,0,1,0,0,0.15273934602737427,0.11857052892446518,2019-03-01,1865.0,0.111
8HKU4WXH,0,0,,,,Censored No Alarm,0,0,0,0,0,1,0.003806417342275381,,2019-01-05,,0.111
8HKUEJHH,1,0,,2025-04-25,,Missed,0,0,0,0,1,0,0.0009048312203958631,,2019-03-28,,0.111
8HKVW60H,0,0,,,,Censored No Alarm,0,0,0,0,0,1,0.0008805265533737838,,2019-03-28,,0.111
8HKW4NPH,0,0,,,,Censored No Alarm,0,0,0,0,0,1,0.0012198491021990776,,2019-06-01,,0.111
8HKWV1GH,0,0,,,,Censored No Alarm,0,0,0,0,0,1,0.0012170809786766768,,2019-01-05,,0.111
8HKWXJYH,0,0,,,,Censored No Alarm,0,0,0,0,0,1,0.0007953076856210828,,2019-03-28,,0.111
8HKY0KHH,1,1,2023-04-13,2024-05-14,397.0,Early,0,1,0,1,0,0,0.4843062162399292,0.1380060315132141,2019-03-01,1504.0,0.111
8HKY66PH,0,0,,,,Censored No Alarm,0,0,0,0,0,1,0.0011943272547796369,,2019-03-01,,0.111
8HKYJ38H,0,0,,,,Censored No Alarm,0,0,0,0,0,1,0.0006415637326426804,,2019-03-28,,0.111
8HKYZ6YH,0,0,,,,Censored No Alarm,0,0,0,0,0,1,0.000456419016700238,,2019-03-28,,0.111
8HKZ213H,0,0,,,,Censored No Alarm,0,0,0,0,0,1,0.00042739140917547047,,2019-01-05,,0.111
8HKZDBRH,0,0,,,,Censored No Alarm,0,0,0,0,0,1,0.0004959903890267015,,2019-06-01,,0.111
8HKZL75H,0,0,,,,Censored No Alarm,0,0,0,0,0,1,0.01703738607466221,,2019-05-04,,0.111
AAG0EXPH,0,0,,,,Censored No Alarm,0,0,0,0,0,1,0.0006762027041986585,,2019-01-05,,0.111
AAG0LHRH,0,0,,,,Censored No Alarm,0,0,0,0,0,1,0.0009484739857725799,,2019-01-05,,0.111
AAG121VH,0,0,,,,Censored No Alarm,0,0,0,0,0,1,0.001197149627842009,,2019-03-01,,0.111
AAG16VPH,0,0,,,,Censored No Alarm,0,0,0,0,0,1,0.0006112942937761545,,2019-01-05,,0.111
AAG18L0H,0,0,,,,Censored No Alarm,0,0,0,0,0,1,0.001033632317557931,,2019-03-28,,0.111
AAG18MEH,0,0,,,,Censored No Alarm,0,0,0,0,0,1,0.0015027840854600072,,2019-03-01,,0.111
AAG197UH,0,0,,,,Censored No Alarm,0,0,0,0,0,1,0.0009175534942187369,,2019-06-01,,0.111
AAG1LSNH,1,0,,2025-07-30,,Missed,0,0,0,0,1,0,0.0483953021466732,,2019-01-05,,0.111
AAG1LSVH,0,0,,,,Censored No Alarm,0,0,0,0,0,1,0.0048680175095796585,,2019-01-05,,0.111
AAG1LW3H,1,0,,2024-09-03,,Missed,0,0,0,0,1,0,0.08852478116750717,,2019-01-05,,0.111
AAG1PLVH,0,0,,,,Censored No Alarm,0,0,0,0,0,1,0.0007955461042001843,,2019-03-28,,0.111
AAG1PM9H,0,0,,,,Censored No Alarm,0,0,0,0,0,1,0.0008149993373081088,,2019-03-28,,0.111
AAG1RJAH,0,0,,,,Censored No Alarm,0,0,0,0,0,1,0.0665314793586731,,2019-03-28,,0.111
AAG1RK5H,0,0,,,,Censored No Alarm,0,0,0,0,0,1,0.0006848781486041844,,2019-01-05,,0.111
AAG1RR9H,0,0,,,,Censored No Alarm,0,0,0,0,0,1,0.000800262438133359,,2019-03-28,,0.111
AAG1RUJH,0,0,,,,Censored No Alarm,0,0,0,0,0,1,0.0010035287123173475,,2019-03-28,,0.111
AAG1TGGH,0,0,,,,Censored No Alarm,0,0,0,0,0,1,0.0012539839372038841,,2019-01-05,,0.111
AAG1VJYH,0,0,,,,Censored No Alarm,0,0,0,0,0,1,0.00035278114955872297,,2019-03-28,,0.111
AAG1VNPH,0,0,,,,Censored No Alarm,0,0,0,0,0,1,0.00040057269507087767,,2019-01-05,,0.111
AAG1Z4AH,0,0,,,,Censored No Alarm,0,0,0,0,0,1,0.008187530562281609,,2019-08-13,,0.111
AAG23A2H,0,0,,,,Censored No Alarm,0,0,0,0,0,1,0.07759963721036911,,2019-01-05,,0.111
AAG23AKH,0,0,,,,Censored No Alarm,0,0,0,0,0,1,0.0007126249256543815,,2019-01-05,,0.111
AAG23AVH,0,0,,,,Censored No Alarm,0,0,0,0,0,1,0.000700120348483324,,2019-03-28,,0.111
AAG246TH,0,0,,,,Censored No Alarm,0,0,0,0,0,1,0.0007993695326149464,,2019-06-01,,0.111
AAG24UVH,0,0,,,,Censored No Alarm,0,0,0,0,0,1,0.0006004631286486983,,2019-01-05,,0.111
AAG24VXH,0,0,,,,Censored No Alarm,0,0,0,0,0,1,0.0004638326645363122,,2019-01-05,,0.111
AAG26NBH,1,0,,2023-10-19,,Missed,0,0,0,0,1,0,0.045091789215803146,,2019-03-28,,0.111
AAG26TPH,0,0,,,,Censored No Alarm,0,0,0,0,0,1,0.05559103935956955,,2019-03-28,,0.111
AAG26U9H,1,0,,2023-01-26,,Missed,0,0,0,0,1,0,0.02296331897377968,,2019-06-01,,0.111
AAG27VEH,0,0,,,,Censored No Alarm,0,0,0,0,0,1,0.0011740888003259897,,2019-03-28,,0.111
AAG27W2H,0,0,,,,Censored No Alarm,0,0,0,0,0,1,0.000391418143408373,,2019-03-01,,0.111
AAG27XPH,1,0,,2025-10-06,,Missed,0,0,0,0,1,0,0.0009218709892593324,,2019-03-28,,0.111
AAG27ZLH,0,0,,,,Censored No Alarm,0,0,0,0,0,1,0.0013099561911076307,,2019-03-28,,0.111
AAG281TH,1,0,,2024-07-25,,Missed,0,0,0,0,1,0,0.05469211935997009,,2019-01-05,,0.111
AAG2GGJH,0,0,,,,Censored No Alarm,0,0,0,0,0,1,0.0007522394880652428,,2019-06-01,,0.111
AAG2JGJH,1,0,,2026-02-10,,Missed,0,0,0,0,1,0,0.0382981151342392,,2019-06-01,,0.111
AAG2JL4H,0,0,,,,Censored No Alarm,0,0,0,0,0,1,0.0005306840175762773,,2019-01-05,,0.111
AAG2RZJH,0,0,,,,Censored No Alarm,0,0,0,0,0,1,0.0006938090664334595,,2019-03-28,,0.111
AAG2S62H,0,0,,,,Censored No Alarm,0,0,0,0,0,1,0.0011129295453429222,,2019-03-28,,0.111
AAG2S9YH,0,0,,,,Censored No Alarm,0,0,0,0,0,1,0.0007961046067066491,,2019-06-01,,0.111
AAG2SAYH,0,0,,,,Censored No Alarm,0,0,0,0,0,1,0.0006211426807567477,,2019-08-14,,0.111
AAG2SJ3H,0,0,,,,Censored No Alarm,0,0,0,0,0,1,0.0007254743250086904,,2019-08-13,,0.111
AAG2VSVH,0,0,,,,Censored No Alarm,0,0,0,0,0,1,0.0009102468029595912,,2019-03-28,,0.111
AAG2Y6JH,0,0,,,,Censored No Alarm,0,0,0,0,0,1,0.0009404805023223162,,2019-03-28,,0.111
AAG2Z67H,0,0,,,,Censored No Alarm,0,0,0,0,0,1,0.0006115909200161695,,2019-06-01,,0.111
AAG2ZU1H,0,0,,,,Censored No Alarm,0,0,0,0,0,1,0.0009417590918019414,,2019-06-01,,0.111
AAG305AH,0,0,,,,Censored No Alarm,0,0,0,0,0,1,0.0010345475748181343,,2019-06-01,,0.111
AAG306GH,0,0,,,,Censored No Alarm,0,0,0,0,0,1,0.009832659736275673,,2019-01-05,,0.111
AAG34Z4H,0,0,,,,Censored No Alarm,0,0,0,0,0,1,0.0004146999854128808,,2019-01-05,,0.111
AAG350BH,0,1,2025-07-30,,,Censored Early,0,0,1,1,0,0,0.156880721449852,0.11849424988031387,2019-03-28,2316.0,0.111
AAG350TH,0,0,,,,Censored No Alarm,0,0,0,0,0,1,0.0010405832435935736,,2019-03-28,,0.111
AAG3512H,0,0,,,,Censored No Alarm,0,0,0,0,0,1,0.0006412437069229782,,2019-03-28,,0.111
AAG352AH,0,0,,,,Censored No Alarm,0,0,0,0,0,1,0.0007506709080189466,,2019-06-01,,0.111
AAG353EH,0,0,,,,Censored No Alarm,0,0,0,0,0,1,0.0006067169597372413,,2019-01-05,,0.111
AAG35LWH,0,0,,,,Censored No Alarm,0,0,0,0,0,1,0.08001638203859329,,2019-01-05,,0.111
AAG401PH,0,0,,,,Censored No Alarm,0,0,0,0,0,1,0.001004434539936483,,2019-01-05,,0.111
AAG46YHH,0,0,,,,Censored No Alarm,0,0,0,0,0,1,0.0005723289214074612,,2019-03-28,,0.111
AAG477BH,0,0,,,,Censored No Alarm,0,0,0,0,0,1,0.0008555344538763165,,2019-01-05,,0.111
AAG478DH,0,0,,,,Censored No Alarm,0,0,0,0,0,1,0.001578032854013145,,2019-03-28,,0.111
AAG48B3H,0,0,,,,Censored No Alarm,0,0,0,0,0,1,0.0023701931349933147,,2019-03-02,,0.111
AAG4AA9H,0,0,,,,Censored No Alarm,0,0,0,0,0,1,0.018601873889565468,,2019-03-01,,0.111
AAG4VESH,0,1,2024-04-23,,,Censored Early,0,0,1,1,0,0,0.32616811990737915,0.12303758412599564,2019-03-01,1880.0,0.111
AAG4Z4YH,0,0,,,,Censored No Alarm,0,0,0,0,0,1,0.002506046090275049,,2019-03-01,,0.111
AAG4Z52H,0,0,,,,Censored No Alarm,0,0,0,0,0,1,0.0006392404320649803,,2019-03-02,,0.111
AAG4Z5AH,1,1,2024-11-26,2025-03-14,108.0,Early,0,1,0,1,0,0,0.2674681544303894,0.13388939201831818,2019-01-05,2152.0,0.111
AAG4ZABH,0,0,,,,Censored No Alarm,0,0,0,0,0,1,0.0011843668762594461,,2019-03-01,,0.111
AAG51RHH,0,0,,,,Censored No Alarm,0,0,0,0,0,1,0.0007903609657660127,,2019-01-05,,0.111
AAG540GH,0,0,,,,Censored No Alarm,0,0,0,0,0,1,0.0009396900422871113,,2019-03-28,,0.111
AAG5DTTH,0,0,,,,Censored No Alarm,0,0,0,0,0,1,0.0008522819261997938,,2019-03-28,,0.111
AAG5Y4DH,0,0,,,,Censored No Alarm,0,0,0,0,0,1,0.0006676131743006408,,2019-01-05,,0.111
AAG5Y4LH,0,0,,,,Censored No Alarm,0,0,0,0,0,1,0.008836831897497177,,2019-01-05,,0.111
AAG5Y4TH,0,0,,,,Censored No Alarm,0,0,0,0,0,1,0.0005120767746120691,,2019-01-05,,0.111
AAG5Y4UH,0,0,,,,Censored No Alarm,0,0,0,0,0,1,0.0007106917328201234,,2019-01-05,,0.111
AAG5Y5UH,0,0,,,,Censored No Alarm,0,0,0,0,0,1,0.010906015522778034,,2019-01-05,,0.111
AAG5YJ4H,0,0,,,,Censored No Alarm,0,0,0,0,0,1,0.0007398686720989645,,2019-03-28,,0.111
AAG5YLKH,0,0,,,,Censored No Alarm,0,0,0,0,0,1,0.0008947294554673135,,2019-03-01,,0.111
AAG5YYBH,0,0,,,,Censored No Alarm,0,0,0,0,0,1,0.0008168283384293318,,2019-01-05,,0.111
AAG5YYKH,1,1,2025-07-17,2025-09-30,75.0,Early,0,1,0,1,0,0,0.18951749801635742,0.11441320925951004,2019-01-05,2385.0,0.111
AAG5YZ8H,0,0,,,,Censored No Alarm,0,0,0,0,0,1,0.000354125106241554,,2019-03-28,,0.111
AAG5YZZH,1,0,,2025-07-30,,Missed,0,0,0,0,1,0,0.010344551876187325,,2019-03-02,,0.111
AAG613MH,0,0,,,,Censored No Alarm,0,0,0,0,0,1,0.00041771039832383394,,2019-01-05,,0.111
AAG613RH,1,0,,2025-06-06,,Missed,0,0,0,0,1,0,0.000790125341154635,,2019-01-05,,0.111
AAG61KPH,0,0,,,,Censored No Alarm,0,0,0,0,0,1,0.009887858293950558,,2019-03-28,,0.111
AAG61LHH,1,1,2022-09-04,2024-05-17,621.0,Early,0,1,0,1,0,0,0.31767532229423523,0.11165447533130646,2019-03-01,1283.0,0.111
AAG61NEH,0,0,,,,Censored No Alarm,0,0,0,0,0,1,0.0008139496785588562,,2019-01-05,,0.111
AAG61NZH,0,0,,,,Censored No Alarm,0,0,0,0,0,1,0.04308798909187317,,2019-03-28,,0.111
AAG61P2H,0,0,,,,Censored No Alarm,0,0,0,0,0,1,0.0009875439573079348,,2019-03-01,,0.111
AAG61UMH,0,0,,,,Censored No Alarm,0,0,0,0,0,1,0.006579631473869085,,2019-01-05,,0.111
AAG61WRH,0,0,,,,Censored No Alarm,0,0,0,0,0,1,0.00038918029167689383,,2019-03-01,,0.111
AAG61Z1H,0,0,,,,Censored No Alarm,0,0,0,0,0,1,0.000618631427641958,,2019-01-05,,0.111
AAG61ZAH,0,0,,,,Censored No Alarm,0,0,0,0,0,1,0.0016723440494388342,,2019-03-01,,0.111
AAG620PH,0,0,,,,Censored No Alarm,0,0,0,0,0,1,0.0006671815644949675,,2019-03-28,,0.111
AAG621WH,0,0,,,,Censored No Alarm,0,0,0,0,0,1,0.0007854342693462968,,2019-01-05,,0.111
AAG623DH,0,0,,,,Censored No Alarm,0,0,0,0,0,1,0.0007604883285239339,,2019-01-05,,0.111
AAG6376H,0,0,,,,Censored No Alarm,0,0,0,0,0,1,0.006414519157260656,,2019-03-28,,0.111
AAG637RH,1,0,,2022-05-21,,Missed,0,0,0,0,1,0,0.0003504553169477731,,2019-01-05,,0.111
AAG6381H,0,0,,,,Censored No Alarm,0,0,0,0,0,1,0.00040985591476783156,,2019-01-05,,0.111
AAG638GH,0,0,,,,Censored No Alarm,0,0,0,0,0,1,0.0006983661442063749,,2019-01-05,,0.111
AAG639BH,0,0,,,,Censored No Alarm,0,0,0,0,0,1,0.012887437827885151,,2019-01-05,,0.111
AAG63DLH,0,0,,,,Censored No Alarm,0,0,0,0,0,1,0.001785317319445312,,2019-03-28,,0.111
AAG63JSH,0,0,,,,Censored No Alarm,0,0,0,0,0,1,0.0029228380881249905,,2019-03-02,,0.111
AAG63PJH,0,0,,,,Censored No Alarm,0,0,0,0,0,1,0.00052060087909922,,2019-03-28,,0.111
AAG63PKH,1,1,2022-05-15,2022-05-22,7.0,On time,1,0,0,0,0,0,0.20162270963191986,0.115102618932724,2019-03-01,1171.0,0.111
AAG63PLH,0,0,,,,Censored No Alarm,0,0,0,0,0,1,0.0010304870083928108,,2019-03-01,,0.111
AAG63RGH,0,0,,,,Censored No Alarm,0,0,0,0,0,1,0.0017643161118030548,,2019-03-01,,0.111
AAG63TMH,1,1,2024-08-08,2025-09-02,390.0,Early,0,1,0,1,0,0,0.4465903341770172,0.13759395480155945,2019-03-02,1986.0,0.111
AAG63TSH,0,0,,,,Censored No Alarm,0,0,0,0,0,1,0.007606035098433495,,2019-03-28,,0.111
AAG63V6H,0,0,,,,Censored No Alarm,0,0,0,0,0,1,0.061811596155166626,,2019-03-28,,0.111
AAG63WHH,1,1,2025-10-27,2025-11-30,34.0,Early,0,1,0,1,0,0,0.1549074798822403,0.11296061426401138,2019-01-05,2487.0,0.111
AAG63Z8H,1,1,2025-09-16,2025-09-28,12.0,On time,1,0,0,0,0,0,0.3100346326828003,0.11265680938959122,2019-03-01,2391.0,0.111
AAG6417H,1,1,2024-05-30,2024-06-06,7.0,On time,1,0,0,0,0,0,0.344242125749588,0.15375278890132904,2019-03-01,1917.0,0.111
AAG6436H,0,0,,,,Censored No Alarm,0,0,0,0,0,1,0.00097610242664814,,2019-06-01,,0.111
AAG64VXH,0,0,,,,Censored No Alarm,0,0,0,0,0,1,0.015761451795697212,,2019-01-05,,0.111
AAG6509H,0,0,,,,Censored No Alarm,0,0,0,0,0,1,0.0003595497692003846,,2019-03-28,,0.111
AAG67UZH,0,0,,,,Censored No Alarm,0,0,0,0,0,1,0.009680606424808502,,2019-03-28,,0.111
AAG67V3H,1,1,2025-06-20,2025-06-20,0.0,On time,1,0,0,0,0,0,0.1582341194152832,0.1582341194152832,2019-03-01,2303.0,0.111
AAG67VBH,0,0,,,,Censored No Alarm,0,0,0,0,0,1,0.0010967738926410675,,2019-03-28,,0.111
AAG67W3H,0,0,,,,Censored No Alarm,0,0,0,0,0,1,0.0006207479164004326,,2019-03-01,,0.111
AAG67Z8H,0,0,,,,Censored No Alarm,0,0,0,0,0,1,0.0015110349049791694,,2019-06-01,,0.111
AAG682YH,1,1,2024-02-12,2024-07-04,143.0,Early,0,1,0,1,0,0,0.25456503033638,0.1270904839038849,2019-03-28,1782.0,0.111
AAG683JH,0,0,,,,Censored No Alarm,0,0,0,0,0,1,0.001110379002057016,,2019-03-01,,0.111
AAG686GH,0,0,,,,Censored No Alarm,0,0,0,0,0,1,0.0016477799508720636,,2019-03-02,,0.111
AAG6870H,0,0,,,,Censored No Alarm,0,0,0,0,0,1,0.00149162660818547,,2019-01-05,,0.111
AAG6878H,0,0,,,,Censored No Alarm,0,0,0,0,0,1,0.0008760893833823502,,2019-01-05,,0.111
AAG687GH,0,0,,,,Censored No Alarm,0,0,0,0,0,1,0.0028912683483213186,,2019-03-01,,0.111
AAG687MH,0,0,,,,Censored No Alarm,0,0,0,0,0,1,0.0008985354797914624,,2019-03-28,,0.111
AAG68AGH,0,0,,,,Censored No Alarm,0,0,0,0,0,1,0.0003994710568804294,,2019-06-01,,0.111
AAG68AKH,0,0,,,,Censored No Alarm,0,0,0,0,0,1,0.06430134177207947,,2019-03-02,,0.111
AAG68AUH,0,0,,,,Censored No Alarm,0,0,0,0,0,1,0.0005881082615815103,,2019-01-05,,0.111
AAG68AXH,0,0,,,,Censored No Alarm,0,0,0,0,0,1,0.0008933502831496298,,2019-03-28,,0.111
AAG68BRH,0,0,,,,Censored No Alarm,0,0,0,0,0,1,0.10028492659330368,,2019-01-05,,0.111
AAG68EWH,1,0,,2023-04-01,,Missed,0,0,0,0,1,0,0.0848422572016716,,2019-01-05,,0.111
AAG68EXH,1,0,,2024-06-19,,Missed,0,0,0,0,1,0,0.028057845309376717,,2019-01-05,,0.111
AAG68KVH,0,0,,,,Censored No Alarm,0,0,0,0,0,1,0.001495130592957139,,2019-01-05,,0.111
AAG691PH,0,0,,,,Censored No Alarm,0,0,0,0,0,1,0.000741632014978677,,2019-06-01,,0.111
AAG691VH,0,0,,,,Censored No Alarm,0,0,0,0,0,1,0.02456677332520485,,2019-01-05,,0.111
AAG69LHH,0,0,,,,Censored No Alarm,0,0,0,0,0,1,0.00036811697646044195,,2019-06-01,,0.111
AAG69TTH,0,0,,,,Censored No Alarm,0,0,0,0,0,1,0.0023859108332544565,,2019-03-01,,0.111
AAG69WWH,0,0,,,,Censored No Alarm,0,0,0,0,0,1,0.00046882228343747556,,2019-01-05,,0.111
AAG69YWH,0,0,,,,Censored No Alarm,0,0,0,0,0,1,0.0008784583187662065,,2019-03-02,,0.111
AAG6A03H,0,0,,,,Censored No Alarm,0,0,0,0,0,1,0.0026555866934359074,,2019-03-02,,0.111
AAG6A07H,0,0,,,,Censored No Alarm,0,0,0,0,0,1,0.005338412243872881,,2019-03-01,,0.111
AAG6A0AH,0,0,,,,Censored No Alarm,0,0,0,0,0,1,0.0009232034790329635,,2019-01-05,,0.111
AAG6AATH,0,0,,,,Censored No Alarm,0,0,0,0,0,1,0.0004600286774802953,,2019-06-01,,0.111
AAG6AV4H,0,0,,,,Censored No Alarm,0,0,0,0,0,1,0.0025931047275662422,,2019-03-01,,0.111
AAG6AWTH,1,0,,2024-07-08,,Missed,0,0,0,0,1,0,0.040438465774059296,,2019-03-28,,0.111
AAG6AX6H,0,0,,,,Censored No Alarm,0,0,0,0,0,1,0.0011000334052368999,,2019-03-28,,0.111
AAG6B4HH,0,0,,,,Censored No Alarm,0,0,0,0,0,1,0.0006893207901157439,,2019-03-28,,0.111
AAG6B5KH,0,0,,,,Censored No Alarm,0,0,0,0,0,1,0.0007114448817446828,,2019-03-28,,0.111
AAG6DT9H,1,0,,2019-04-25,,Missed,0,0,0,0,1,0,0.0004634021897800267,,2019-03-01,,0.111
AAG6DVEH,0,0,,,,Censored No Alarm,0,0,0,0,0,1,0.01913720741868019,,2019-03-01,,0.111
AAG6DXTH,0,0,,,,Censored No Alarm,0,0,0,0,0,1,0.005806158762425184,,2019-01-05,,0.111
AAG6E2HH,0,0,,,,Censored No Alarm,0,0,0,0,0,1,0.0005446177092380822,,2019-03-28,,0.111
AAG6E60H,0,0,,,,Censored No Alarm,0,0,0,0,0,1,0.0021973983384668827,,2019-03-01,,0.111
AAG6E7EH,0,0,,,,Censored No Alarm,0,0,0,0,0,1,0.0007314712856896222,,2019-03-28,,0.111
AAG6E7RH,0,0,,,,Censored No Alarm,0,0,0,0,0,1,0.0026428604032844305,,2019-03-02,,0.111
AAG6ESPH,0,0,,,,Censored No Alarm,0,0,0,0,0,1,0.00042552949162200093,,2019-01-05,,0.111
AAG6EVRH,0,0,,,,Censored No Alarm,0,0,0,0,0,1,0.0008864271803759038,,2019-01-05,,0.111
AAG6EX3H,0,0,,,,Censored No Alarm,0,0,0,0,0,1,0.000411285029258579,,2019-01-05,,0.111
AAG6GM1H,0,0,,,,Censored No Alarm,0,0,0,0,0,1,0.0005811337614431977,,2019-03-28,,0.111
AAG6H25H,0,0,,,,Censored No Alarm,0,0,0,0,0,1,0.0006823100266046822,,2019-03-01,,0.111
AAG6HG0H,0,0,,,,Censored No Alarm,0,0,0,0,0,1,0.001471376046538353,,2019-03-01,,0.111
AAG6HSEH,0,0,,,,Censored No Alarm,0,0,0,0,0,1,0.0005297937314026058,,2019-03-02,,0.111
AAG6HYXH,0,0,,,,Censored No Alarm,0,0,0,0,0,1,0.00095361442072317,,2019-03-02,,0.111
AAG6J1MH,0,0,,,,Censored No Alarm,0,0,0,0,0,1,0.0009069778607226908,,2019-01-05,,0.111
AAG6J1TH,1,0,,2025-10-07,,Missed,0,0,0,0,1,0,0.09419749677181244,,2019-03-01,,0.111
AAG6J2DH,1,0,,2024-01-03,,Missed,0,0,0,0,1,0,0.019672991707921028,,2019-03-28,,0.111
AAG6J2KH,1,1,2022-11-11,2023-10-19,342.0,Early,0,1,0,1,0,0,0.2737821340560913,0.11461786180734634,2019-01-05,1406.0,0.111
AAG6KJ6H,0,0,,,,Censored No Alarm,0,0,0,0,0,1,0.0013777916319668293,,2019-03-28,,0.111
AAG6KJPH,0,0,,,,Censored No Alarm,0,0,0,0,0,1,0.0006486921920441091,,2019-03-28,,0.111
AAG6KTJH,0,0,,,,Censored No Alarm,0,0,0,0,0,1,0.0005270748515613377,,2019-03-02,,0.111
AAG6KTRH,0,0,,,,Censored No Alarm,0,0,0,0,0,1,0.0007515931501984596,,2019-01-05,,0.111
AAG6KUAH,0,1,2025-12-02,,,Censored Early,0,0,1,1,0,0,0.14814558625221252,0.12929800152778625,2019-01-05,2523.0,0.111
AAG6KUJH,0,0,,,,Censored No Alarm,0,0,0,0,0,1,0.0008665621280670166,,2019-03-01,,0.111
AAG6KV6H,1,0,,2021-11-27,,Missed,0,0,0,0,1,0,0.006728790234774351,,2019-03-01,,0.111
AAG6L88H,0,0,,,,Censored No Alarm,0,0,0,0,0,1,0.0005373869789764285,,2019-03-28,,0.111
AAG6L8VH,0,1,2026-01-02,,,Censored Early,0,0,1,1,0,0,0.15238307416439056,0.13426697254180908,2019-03-28,2472.0,0.111
AAG6LD7H,1,0,,2025-06-16,,Missed,0,0,0,0,1,0,0.0251730028539896,,2019-03-01,,0.111
AAG6LDTH,0,0,,,,Censored No Alarm,0,0,0,0,0,1,0.0006406597094610333,,2019-03-28,,0.111
AAG6LEHH,0,0,,,,Censored No Alarm,0,0,0,0,0,1,0.0015740778762847185,,2019-03-01,,0.111
AAG6LEJH,0,0,,,,Censored No Alarm,0,0,0,0,0,1,0.0012587083037942648,,2019-03-01,,0.111
AAG6LG9H,0,0,,,,Censored No Alarm,0,0,0,0,0,1,0.0008251364342868328,,2019-01-05,,0.111
AAG6LTSH,0,0,,,,Censored No Alarm,0,0,0,0,0,1,0.001368706114590168,,2019-03-01,,0.111
AAG6M3BH,0,0,,,,Censored No Alarm,0,0,0,0,0,1,0.0025139539502561092,,2019-03-02,,0.111
AAG6M8TH,0,0,,,,Censored No Alarm,0,0,0,0,0,1,0.00039667068631388247,,2019-01-05,,0.111
AAG6MABH,0,0,,,,Censored No Alarm,0,0,0,0,0,1,0.0006532020634040236,,2019-05-04,,0.111
AAG6NEEH,0,0,,,,Censored No Alarm,0,0,0,0,0,1,0.0006389353075064719,,2019-03-28,,0.111
AAG6NP0H,1,1,2024-02-03,2024-09-22,232.0,Early,0,1,0,1,0,0,0.2758457362651825,0.11725813895463943,2019-03-01,1800.0,0.111
AAG6NPRH,1,1,2025-12-03,2026-03-12,99.0,Early,0,1,0,1,0,0,0.38645076751708984,0.11169766634702682,2019-03-01,2469.0,0.111
AAG6NRBH,1,1,2024-04-23,2024-07-11,79.0,Early,0,1,0,1,0,0,0.16599439084529877,0.11278016120195389,2019-03-28,1853.0,0.111
AAG6NRZH,0,0,,,,Censored No Alarm,0,0,0,0,0,1,0.0017520422115921974,,2019-03-28,,0.111
AAG6NS8H,0,0,,,,Censored No Alarm,0,0,0,0,0,1,0.06292826682329178,,2019-03-28,,0.111
AAG6NSKH,0,0,,,,Censored No Alarm,0,0,0,0,0,1,0.04168695583939552,,2019-01-05,,0.111
AAG6NVKH,0,0,,,,Censored No Alarm,0,0,0,0,0,1,0.0010110903531312943,,2019-01-05,,0.111
AAG6NW3H,0,0,,,,Censored No Alarm,0,0,0,0,0,1,0.0004010560514871031,,2019-06-01,,0.111
AAG6P40H,0,0,,,,Censored No Alarm,0,0,0,0,0,1,0.0004892793949693441,,2019-01-05,,0.111
AAG6P42H,0,0,,,,Censored No Alarm,0,0,0,0,0,1,0.00039027389721013606,,2019-03-01,,0.111
AAG6P4EH,0,0,,,,Censored No Alarm,0,0,0,0,0,1,0.0005720049375668168,,2019-03-28,,0.111
AAG6P9AH,0,0,,,,Censored No Alarm,0,0,0,0,0,1,0.00046853013918735087,,2019-03-01,,0.111
AAG6PWBH,0,0,,,,Censored No Alarm,0,0,0,0,0,1,0.0005483684362843633,,2019-03-02,,0.111
AAG6PY2H,0,0,,,,Censored No Alarm,0,0,0,0,0,1,0.0008286498486995697,,2019-01-05,,0.111
AAG6PYLH,0,0,,,,Censored No Alarm,0,0,0,0,0,1,0.0005063950084149837,,2019-06-01,,0.111
AAG6R0AH,0,0,,,,Censored No Alarm,0,0,0,0,0,1,0.0007700766436755657,,2019-06-01,,0.111
AAG6R2RH,0,0,,,,Censored No Alarm,0,0,0,0,0,1,0.0015777685912325978,,2019-03-01,,0.111
AAG6R32H,0,0,,,,Censored No Alarm,0,0,0,0,0,1,0.0010841861367225647,,2019-03-01,,0.111
AAG6R48H,0,0,,,,Censored No Alarm,0,0,0,0,0,1,0.0007980212103575468,,2019-03-28,,0.111
AAG6R8UH,0,0,,,,Censored No Alarm,0,0,0,0,0,1,0.0003537281299941242,,2019-03-28,,0.111
AAG6T4ZH,0,0,,,,Censored No Alarm,0,0,0,0,0,1,0.0016982355155050755,,2019-03-28,,0.111
AAG6T52H,1,0,,2023-06-10,,Missed,0,0,0,0,1,0,0.00037662373506464064,,2019-06-01,,0.111
AAG6T55H,0,0,,,,Censored No Alarm,0,0,0,0,0,1,0.0008317322935909033,,2019-06-01,,0.111
AAG6T5JH,0,0,,,,Censored No Alarm,0,0,0,0,0,1,0.0009689124999567866,,2019-05-16,,0.111
AAG6T7LH,0,0,,,,Censored No Alarm,0,0,0,0,0,1,0.0009019493591040373,,2019-03-01,,0.111
AAG6T9NH,0,0,,,,Censored No Alarm,0,0,0,0,0,1,0.00056793651310727,,2019-06-01,,0.111
AAG6TA8H,0,0,,,,Censored No Alarm,0,0,0,0,0,1,0.0005525463493540883,,2019-01-05,,0.111
AAG6TAHH,0,0,,,,Censored No Alarm,0,0,0,0,0,1,0.002484043827280402,,2019-06-01,,0.111
AAG6TAKH,0,0,,,,Censored No Alarm,0,0,0,0,0,1,0.0009267428540624678,,2019-06-01,,0.111
AAG6TBBH,0,0,,,,Censored No Alarm,0,0,0,0,0,1,0.0008927950402721763,,2019-03-28,,0.111
AAG6TBJH,0,0,,,,Censored No Alarm,0,0,0,0,0,1,0.001099508022889495,,2019-01-05,,0.111
AAG6THHH,0,0,,,,Censored No Alarm,0,0,0,0,0,1,0.0008614315884187818,,2019-06-01,,0.111
AAG6THJH,0,0,,,,Censored No Alarm,0,0,0,0,0,1,0.0007457201136276126,,2019-06-01,,0.111
AAG6THLH,0,0,,,,Censored No Alarm,0,0,0,0,0,1,0.00048501481069251895,,2019-05-04,,0.111
AAG6TRKH,0,0,,,,Censored No Alarm,0,0,0,0,0,1,0.0008181448210962117,,2019-05-04,,0.111
AAG6TS8H,0,0,,,,Censored No Alarm,0,0,0,0,0,1,0.006927666254341602,,2019-06-01,,0.111
AAG6TSUH,0,0,,,,Censored No Alarm,0,0,0,0,0,1,0.000700819946359843,,2019-03-28,,0.111
AAG6TT1H,0,0,,,,Censored No Alarm,0,0,0,0,0,1,0.0014656584244221449,,2019-05-16,,0.111
AAG6TT9H,0,0,,,,Censored No Alarm,0,0,0,0,0,1,0.0005190935335122049,,2019-03-28,,0.111
AAG6TTNH,0,0,,,,Censored No Alarm,0,0,0,0,0,1,0.0013240459375083447,,2019-01-05,,0.111
AAG6TUVH,0,0,,,,Censored No Alarm,0,0,0,0,0,1,0.0010767391650006175,,2019-06-01,,0.111
AAG6TVPH,0,0,,,,Censored No Alarm,0,0,0,0,0,1,0.0009104229393415153,,2019-03-28,,0.111
AAG6TY4H,0,0,,,,Censored No Alarm,0,0,0,0,0,1,0.0006950601818971336,,2019-06-01,,0.111
AAG6U5AH,0,0,,,,Censored No Alarm,0,0,0,0,0,1,0.0009510167292319238,,2019-03-01,,0.111
AAG6UKNH,0,0,,,,Censored No Alarm,0,0,0,0,0,1,0.0003498114238027483,,2019-03-28,,0.111
AAG6UMGH,0,0,,,,Censored No Alarm,0,0,0,0,0,1,0.0008118160185404122,,2019-01-05,,0.111
AAG6UMJH,0,0,,,,Censored No Alarm,0,0,0,0,0,1,0.0007989381556399167,,2019-01-05,,0.111
AAG6UNKH,0,1,2025-03-12,,,Censored Early,0,0,1,1,0,0,0.14732609689235687,0.1251247376203537,2019-06-01,2111.0,0.111
AAG6US4H,0,0,,,,Censored No Alarm,0,0,0,0,0,1,0.0018330240854993463,,2019-03-01,,0.111
AAG6UT0H,0,0,,,,Censored No Alarm,0,0,0,0,0,1,0.0005352440639398992,,2019-06-01,,0.111
AAG6UU8H,0,0,,,,Censored No Alarm,0,0,0,0,0,1,0.019418735057115555,,2019-01-05,,0.111
AAG6UZTH,0,0,,,,Censored No Alarm,0,0,0,0,0,1,0.000918133242521435,,2019-03-28,,0.111
AAG6V1MH,0,0,,,,Censored No Alarm,0,0,0,0,0,1,0.0008521979325450957,,2019-03-28,,0.111
AAG6V71H,0,0,,,,Censored No Alarm,0,0,0,0,0,1,0.0012576496228575706,,2019-03-01,,0.111
AAG6V7DH,0,0,,,,Censored No Alarm,0,0,0,0,0,1,0.0009523876942694187,,2019-03-01,,0.111
AAG6V7VH,0,0,,,,Censored No Alarm,0,0,0,0,0,1,0.0012786216102540493,,2019-03-01,,0.111
AAG6VHXH,0,0,,,,Censored No Alarm,0,0,0,0,0,1,0.0007120953523553908,,2019-06-01,,0.111
AAG6VJKH,0,0,,,,Censored No Alarm,0,0,0,0,0,1,0.001564015750773251,,2019-03-28,,0.111
AAG6VM8H,0,0,,,,Censored No Alarm,0,0,0,0,0,1,0.0006687215063720942,,2019-03-28,,0.111
AAG6VMBH,0,0,,,,Censored No Alarm,0,0,0,0,0,1,0.0008559373673051596,,2019-03-01,,0.111
AAG6VMGH,0,0,,,,Censored No Alarm,0,0,0,0,0,1,0.0009801152627915144,,2019-03-01,,0.111
AAG6X6JH,0,0,,,,Censored No Alarm,0,0,0,0,0,1,0.0003499983868096024,,2019-03-28,,0.111
AAG6XU7H,1,1,2019-07-02,2020-05-23,326.0,Early,0,1,0,1,0,0,0.46034735441207886,0.1182984858751297,2019-05-04,59.0,0.111
AAG6XWGH,0,0,,,,Censored No Alarm,0,0,0,0,0,1,0.0011330452980473638,,2019-03-01,,0.111
AAG6XWJH,1,1,2025-01-25,2025-04-04,69.0,Early,0,1,0,1,0,0,0.12395511567592621,0.11510194838047028,2019-03-28,2130.0,0.111
AAG6XXWH,0,0,,,,Censored No Alarm,0,0,0,0,0,1,0.0011426694691181183,,2019-01-05,,0.111
AAG6XYBH,0,0,,,,Censored No Alarm,0,0,0,0,0,1,0.0007705152966082096,,2019-06-01,,0.111
AAG6XYNH,0,0,,,,Censored No Alarm,0,0,0,0,0,1,0.0011950703337788582,,2019-06-01,,0.111
AAG6XZ6H,0,0,,,,Censored No Alarm,0,0,0,0,0,1,0.0005133082740940154,,2019-03-28,,0.111
AAG6XZNH,0,0,,,,Censored No Alarm,0,0,0,0,0,1,0.0005011126631870866,,2019-06-01,,0.111
AAG6Y0GH,0,0,,,,Censored No Alarm,0,0,0,0,0,1,0.001552283763885498,,2019-03-01,,0.111
AAG6Y0KH,0,0,,,,Censored No Alarm,0,0,0,0,0,1,0.0007455137092620134,,2019-01-05,,0.111
AAG6Y1BH,0,0,,,,Censored No Alarm,0,0,0,0,0,1,0.0012617144966498017,,2019-03-02,,0.111
AAG6Y3LH,0,0,,,,Censored No Alarm,0,0,0,0,0,1,0.0011115168454125524,,2019-03-28,,0.111
AAG6Y3UH,0,0,,,,Censored No Alarm,0,0,0,0,0,1,0.0007774648838676512,,2019-06-01,,0.111
AAG6Y41H,0,0,,,,Censored No Alarm,0,0,0,0,0,1,0.00047427930985577404,,2019-01-05,,0.111
AAG6Y46H,0,0,,,,Censored No Alarm,0,0,0,0,0,1,0.0007869355613365769,,2019-06-01,,0.111
AAG6YZ1H,0,0,,,,Censored No Alarm,0,0,0,0,0,1,0.000691280874889344,,2019-03-28,,0.111
AAG6YZ9H,0,0,,,,Censored No Alarm,0,0,0,0,0,1,0.0006659846985712647,,2019-01-05,,0.111
AAG6Z0DH,0,0,,,,Censored No Alarm,0,0,0,0,0,1,0.0004275042738299817,,2019-01-05,,0.111
AAG6Z17H,0,0,,,,Censored No Alarm,0,0,0,0,0,1,0.000401771831093356,,2019-06-01,,0.111
AAG6Z1MH,0,0,,,,Censored No Alarm,0,0,0,0,0,1,0.0015230369754135609,,2019-03-01,,0.111
AAG6Z1XH,0,0,,,,Censored No Alarm,0,0,0,0,0,1,0.0007404540665447712,,2019-03-01,,0.111
AAG6Z2DH,0,0,,,,Censored No Alarm,0,0,0,0,0,1,0.001388044678606093,,2019-03-01,,0.111
AAG6Z2RH,0,0,,,,Censored No Alarm,0,0,0,0,0,1,0.000469014048576355,,2019-06-01,,0.111
AAG6Z42H,1,0,,2024-11-24,,Missed,0,0,0,0,1,0,0.02190408855676651,,2019-01-05,,0.111
AAG6Z4VH,0,0,,,,Censored No Alarm,0,0,0,0,0,1,0.0009286812273785472,,2019-03-01,,0.111
AAG6Z53H,0,0,,,,Censored No Alarm,0,0,0,0,0,1,0.0011379485949873924,,2019-05-16,,0.111
AAG6ZJ9H,0,0,,,,Censored No Alarm,0,0,0,0,0,1,0.001418632105924189,,2019-03-01,,0.111
AAG705GH,0,0,,,,Censored No Alarm,0,0,0,0,0,1,0.0011120452545583248,,2019-03-01,,0.111
AAG7078H,0,0,,,,Censored No Alarm,0,0,0,0,0,1,0.00352638796903193,,2019-05-04,,0.111
AAG70HDH,0,0,,,,Censored No Alarm,0,0,0,0,0,1,0.000845167669467628,,2019-01-05,,0.111
AAG70JEH,0,0,,,,Censored No Alarm,0,0,0,0,0,1,0.0065853348933160305,,2019-06-01,,0.111
AAG70U9H,0,0,,,,Censored No Alarm,0,0,0,0,0,1,0.0076984260231256485,,2019-01-05,,0.111
AAG73ZWH,0,0,,,,Censored No Alarm,0,0,0,0,0,1,0.0008737248135730624,,2019-01-05,,0.111
AAG73ZZH,0,0,,,,Censored No Alarm,0,0,0,0,0,1,0.0031020476017147303,,2019-03-28,,0.111
AAG740EH,0,0,,,,Censored No Alarm,0,0,0,0,0,1,0.0009564360370859504,,2019-01-05,,0.111
AAG740NH,0,0,,,,Censored No Alarm,0,0,0,0,0,1,0.0003985529765486717,,2019-06-01,,0.111
AAG740WH,0,0,,,,Censored No Alarm,0,0,0,0,0,1,0.00047085201367735863,,2019-03-01,,0.111
AAG740YH,0,0,,,,Censored No Alarm,0,0,0,0,0,1,0.0009350133477710187,,2019-03-28,,0.111
AAG741PH,0,0,,,,Censored No Alarm,0,0,0,0,0,1,0.0006489991792477667,,2019-03-28,,0.111
AAG742EH,0,0,,,,Censored No Alarm,0,0,0,0,0,1,0.0014852810418233275,,2019-03-28,,0.111
AAG742JH,0,0,,,,Censored No Alarm,0,0,0,0,0,1,0.005277071613818407,,2019-06-01,,0.111
AAG742WH,0,0,,,,Censored No Alarm,0,0,0,0,0,1,0.0008690319373272359,,2019-01-05,,0.111
AAG7431H,0,0,,,,Censored No Alarm,0,0,0,0,0,1,0.0004093621682841331,,2019-01-05,,0.111
AAG743EH,0,0,,,,Censored No Alarm,0,0,0,0,0,1,0.0006430285866372287,,2019-06-01,,0.111
AAG743UH,0,0,,,,Censored No Alarm,0,0,0,0,0,1,0.0010323042515665293,,2019-01-05,,0.111
AAG743VH,0,0,,,,Censored No Alarm,0,0,0,0,0,1,0.005907066166400909,,2019-01-05,,0.111
AAG7454H,0,0,,,,Censored No Alarm,0,0,0,0,0,1,0.000642951694317162,,2019-03-28,,0.111
AAG74DKH,0,0,,,,Censored No Alarm,0,0,0,0,0,1,0.0004843321512453258,,2019-05-04,,0.111
AAG74EAH,1,1,2022-02-27,2025-07-27,1246.0,Early,0,1,0,1,0,0,0.48310989141464233,0.11800897121429443,2019-05-04,1030.0,0.111
AAG74EBH,0,0,,,,Censored No Alarm,0,0,0,0,0,1,0.001373692648485303,,2019-03-28,,0.111
AAG74EYH,0,0,,,,Censored No Alarm,0,0,0,0,0,1,0.0007877054158598185,,2019-06-01,,0.111
AAG74EZH,0,0,,,,Censored No Alarm,0,0,0,0,0,1,0.0005493462085723877,,2019-06-01,,0.111
AAG74VHH,0,0,,,,Censored No Alarm,0,0,0,0,0,1,0.0030537100974470377,,2019-03-01,,0.111
AAG74WRH,0,0,,,,Censored No Alarm,0,0,0,0,0,1,0.0010147492866963148,,2019-06-01,,0.111
AAG76HYH,1,1,2021-08-30,2021-09-29,30.0,On time,1,0,0,0,0,0,0.4986001253128052,0.12276463955640793,2019-03-02,912.0,0.111
AAG77A5H,0,0,,,,Censored No Alarm,0,0,0,0,0,1,0.00048154211253859103,,2019-06-01,,0.111
AAG799NH,0,0,,,,Censored No Alarm,0,0,0,0,0,1,0.000604060769546777,,2019-03-02,,0.111
AAG79B0H,0,0,,,,Censored No Alarm,0,0,0,0,0,1,0.0008558366680517793,,2019-03-28,,0.111
AAG7A8EH,0,0,,,,Censored No Alarm,0,0,0,0,0,1,0.0008162871818058193,,2019-06-01,,0.111
AAG7A9KH,0,0,,,,Censored No Alarm,0,0,0,0,0,1,0.001591092674061656,,2019-01-05,,0.111
AAG7ADMH,0,0,,,,Censored No Alarm,0,0,0,0,0,1,0.000999750685878098,,2019-05-16,,0.111
AAG7AGWH,0,0,,,,Censored No Alarm,0,0,0,0,0,1,0.0006625383393839002,,2019-05-04,,0.111
AAG7AHMH,0,0,,,,Censored No Alarm,0,0,0,0,0,1,0.00037513821735046804,,2019-06-01,,0.111
AAG7BP3H,0,0,,,,Censored No Alarm,0,0,0,0,0,1,0.0007154594641178846,,2019-06-01,,0.111
AAG7BPKH,0,0,,,,Censored No Alarm,0,0,0,0,0,1,0.0006175204762257636,,2019-06-01,,0.111
AAG7BRGH,0,0,,,,Censored No Alarm,0,0,0,0,0,1,0.0012176247546449304,,2019-01-05,,0.111
AAG7BS8H,0,0,,,,Censored No Alarm,0,0,0,0,0,1,0.0011328867403790355,,2019-03-01,,0.111
AAG7BWAH,0,0,,,,Censored No Alarm,0,0,0,0,0,1,0.000446359597845003,,2019-03-28,,0.111
AAG7D1SH,0,0,,,,Censored No Alarm,0,0,0,0,0,1,0.0011854729382321239,,2019-06-01,,0.111
AAG7D29H,0,0,,,,Censored No Alarm,0,0,0,0,0,1,0.0009164001676253974,,2019-03-28,,0.111
AAG7D2PH,0,0,,,,Censored No Alarm,0,0,0,0,0,1,0.0005459453677758574,,2019-06-01,,0.111
AAG7D48H,0,0,,,,Censored No Alarm,0,0,0,0,0,1,0.0009559882455505431,,2019-06-01,,0.111
AAG7D4DH,0,0,,,,Censored No Alarm,0,0,0,0,0,1,0.000812841288279742,,2019-03-01,,0.111
AAG7D85H,0,0,,,,Censored No Alarm,0,0,0,0,0,1,0.023880381137132645,,2019-06-01,,0.111
AAG7DPYH,0,0,,,,Censored No Alarm,0,0,0,0,0,1,0.0016332842642441392,,2019-03-01,,0.111
AAG7DRDH,0,0,,,,Censored No Alarm,0,0,0,0,0,1,0.00043091902625747025,,2019-03-01,,0.111
AAG7DS9H,0,0,,,,Censored No Alarm,0,0,0,0,0,1,0.018132010474801064,,2019-03-01,,0.111
AAG7DW0H,0,0,,,,Censored No Alarm,0,0,0,0,0,1,0.0008272384293377399,,2019-05-04,,0.111
AAG7E1MH,0,0,,,,Censored No Alarm,0,0,0,0,0,1,0.0009625583188608289,,2019-03-01,,0.111
AAG7E1PH,0,0,,,,Censored No Alarm,0,0,0,0,0,1,0.0012024191673845053,,2019-01-05,,0.111
AAG7E2HH,0,0,,,,Censored No Alarm,0,0,0,0,0,1,0.0010446157539263368,,2019-03-02,,0.111
AAG7LG4H,0,0,,,,Censored No Alarm,0,0,0,0,0,1,0.0013573082396760583,,2019-03-01,,0.111
AAG7LG7H,0,0,,,,Censored No Alarm,0,0,0,0,0,1,0.0013921571662649512,,2019-05-16,,0.111
AAG7LHYH,0,0,,,,Censored No Alarm,0,0,0,0,0,1,0.0009087390499189496,,2019-03-28,,0.111
AAG7LNAH,0,0,,,,Censored No Alarm,0,0,0,0,0,1,0.00039484654553234577,,2019-06-01,,0.111
AAG7LSWH,0,0,,,,Censored No Alarm,0,0,0,0,0,1,0.0006404786836355925,,2019-01-05,,0.111
AAG7LTHH,1,0,,2024-07-29,,Missed,0,0,0,0,1,0,0.07932474464178085,,2019-03-28,,0.111
AAG7LZEH,0,0,,,,Censored No Alarm,0,0,0,0,0,1,0.0030051686335355043,,2019-03-02,,0.111
AAG7M25H,0,0,,,,Censored No Alarm,0,0,0,0,0,1,0.0007845434010960162,,2019-06-01,,0.111
AAG7M3NH,0,0,,,,Censored No Alarm,0,0,0,0,0,1,0.0009885102044790983,,2019-06-01,,0.111
AAG7M3TH,0,0,,,,Censored No Alarm,0,0,0,0,0,1,0.001328965532593429,,2019-03-28,,0.111
AAG7MMDH,0,0,,,,Censored No Alarm,0,0,0,0,0,1,0.0012473297538235784,,2019-05-16,,0.111
AAG7MP8H,0,0,,,,Censored No Alarm,0,0,0,0,0,1,0.0006344065186567605,,2019-06-01,,0.111
AAG7MULH,1,1,2026-01-14,2026-03-13,58.0,Early,0,1,0,1,0,0,0.48217031359672546,0.1161007508635521,2019-03-02,2510.0,0.111
AAG7MUNH,0,0,,,,Censored No Alarm,0,0,0,0,0,1,0.013317764736711979,,2019-06-01,,0.111
AAG7MVMH,0,0,,,,Censored No Alarm,0,0,0,0,0,1,0.0011492331977933645,,2019-03-02,,0.111
AAG7N3ZH,0,0,,,,Censored No Alarm,0,0,0,0,0,1,0.0006708221044391394,,2019-03-28,,0.111
AAG7N5WH,0,0,,,,Censored No Alarm,0,0,0,0,0,1,0.0009269000147469342,,2019-03-28,,0.111
AAG7N62H,0,0,,,,Censored No Alarm,0,0,0,0,0,1,0.0004203345160931349,,2019-06-01,,0.111
AAG7N63H,0,0,,,,Censored No Alarm,0,0,0,0,0,1,0.0005356927285902202,,2019-03-28,,0.111
AAG7N6MH,0,0,,,,Censored No Alarm,0,0,0,0,0,1,0.0006523659103550017,,2019-05-04,,0.111
AAG7PPHH,1,0,,2025-10-28,,Missed,0,0,0,0,1,0,0.01730157993733883,,2019-03-02,,0.111
AAG7R02H,0,0,,,,Censored No Alarm,0,0,0,0,0,1,0.0011718079913407564,,2019-06-01,,0.111
AAG7R5VH,0,0,,,,Censored No Alarm,0,0,0,0,0,1,0.0006761183030903339,,2019-06-01,,0.111
AAG7R93H,0,0,,,,Censored No Alarm,0,0,0,0,0,1,0.0011224732734262943,,2019-06-01,,0.111
AAG7RA1H,0,0,,,,Censored No Alarm,0,0,0,0,0,1,0.0008737313910387456,,2019-01-05,,0.111
AAG7RAMH,0,0,,,,Censored No Alarm,0,0,0,0,0,1,0.0009221120271831751,,2019-03-02,,0.111
AAG7RBDH,0,0,,,,Censored No Alarm,0,0,0,0,0,1,0.0008210716187022626,,2019-05-04,,0.111
AAG90D8H,0,0,,,,Censored No Alarm,0,0,0,0,0,1,0.0012729191221296787,,2019-05-04,,0.111
AAG9VK6H,0,0,,,,Censored No Alarm,0,0,0,0,0,1,0.0018507306231185794,,2019-03-02,,0.111
AAGA4YNH,0,0,,,,Censored No Alarm,0,0,0,0,0,1,0.0007231905474327505,,2019-06-01,,0.111
AAGA7W1H,1,0,,2023-04-11,,Missed,0,0,0,0,1,0,0.07093144208192825,,2019-03-01,,0.111
AAGA9E3H,0,0,,,,Censored No Alarm,0,0,0,0,0,1,0.0008928703027777374,,2019-05-04,,0.111
AAGH3VWH,0,0,,,,Censored No Alarm,0,0,0,0,0,1,0.001901312731206417,,2019-05-27,,0.111
AAGMU4TH,0,0,,,,Censored No Alarm,0,0,0,0,0,1,0.0008173453388735652,,2019-05-04,,0.111
AAGN9D2H,1,0,,2023-09-17,,Missed,0,0,0,0,1,0,0.000544005015399307,,2019-05-04,,0.111
AAGP62KH,0,0,,,,Censored No Alarm,0,0,0,0,0,1,0.0013769023353233933,,2019-06-01,,0.111
AAGUS87H,0,0,,,,Censored No Alarm,0,0,0,0,0,1,0.002324874047189951,,2019-08-14,,0.111
AAGVX4UH,0,0,,,,Censored No Alarm,0,0,0,0,0,1,0.00038266912451945245,,2019-05-04,,0.111
AAGWTB0H,0,0,,,,Censored No Alarm,0,0,0,0,0,1,0.06295623630285263,,2019-06-01,,0.111
AAGXDBZH,0,1,2023-08-21,,,Censored Early,0,0,1,1,0,0,0.30764371156692505,0.12056858092546463,2019-05-16,1558.0,0.111
AAGXLP2H,0,0,,,,Censored No Alarm,0,0,0,0,0,1,0.0010667050955817103,,2019-06-01,,0.111
AAGXMJSH,0,0,,,,Censored No Alarm,0,0,0,0,0,1,0.0007216411759145558,,2019-05-04,,0.111
AAGXU8YH,0,0,,,,Censored No Alarm,0,0,0,0,0,1,0.0009897060226649046,,2019-05-16,,0.111
AAGXUBRH,0,0,,,,Censored No Alarm,0,0,0,0,0,1,0.0007752417586743832,,2019-05-04,,0.111
AAGXV97H,0,0,,,,Censored No Alarm,0,0,0,0,0,1,0.001252759131602943,,2024-03-13,,0.111
AAGXW8VH,0,0,,,,Censored No Alarm,0,0,0,0,0,1,0.0023512120824307203,,2019-08-14,,0.111
AAGXWUWH,0,0,,,,Censored No Alarm,0,0,0,0,0,1,0.0007205117726698518,,2019-05-04,,0.111
AAGXY3MH,1,0,,2025-04-09,,Missed,0,0,0,0,1,0,0.010167018510401249,,2019-05-16,,0.111
AAH22T7H,0,0,,,,Censored No Alarm,0,0,0,0,0,1,0.05223695933818817,,2019-05-04,,0.111
AAH4NTGH,0,0,,,,Censored No Alarm,0,0,0,0,0,1,0.0008796442998573184,,2019-05-04,,0.111
AAH6DU2H,0,1,2024-11-28,,,Censored Early,0,0,1,1,0,0,0.20363672077655792,0.1302345097064972,2019-08-14,1933.0,0.111
AAH78SAH,0,0,,,,Censored No Alarm,0,0,0,0,0,1,0.0005533833173103631,,2019-05-04,,0.111
AAH7HJSH,0,0,,,,Censored No Alarm,0,0,0,0,0,1,0.0006882012821733952,,2019-05-04,,0.111
AAH7HKHH,0,0,,,,Censored No Alarm,0,0,0,0,0,1,0.0013782739406451583,,2019-05-04,,0.111
AAH7HNDH,0,0,,,,Censored No Alarm,0,0,0,0,0,1,0.0008279418107122183,,2019-05-04,,0.111
AAH7X19H,0,0,,,,Censored No Alarm,0,0,0,0,0,1,0.0005441401153802872,,2019-05-04,,0.111
AAH86SEH,0,0,,,,Censored No Alarm,0,0,0,0,0,1,0.0005466658039949834,,2019-05-04,,0.111
AAH8BLDH,0,0,,,,Censored No Alarm,0,0,0,0,0,1,0.001488130888901651,,2019-05-04,,0.111
AAH8HPVH,0,0,,,,Censored No Alarm,0,0,0,0,0,1,0.032403793185949326,,2019-05-04,,0.111
AAH8LPUH,0,0,,,,Censored No Alarm,0,0,0,0,0,1,0.0008958708494901657,,2019-05-04,,0.111
AAH8P7WH,0,0,,,,Censored No Alarm,0,0,0,0,0,1,0.000569988798815757,,2019-05-27,,0.111
AAH8R0LH,0,0,,,,Censored No Alarm,0,0,0,0,0,1,0.0013164073461666703,,2019-05-04,,0.111
AAH8RG4H,0,0,,,,Censored No Alarm,0,0,0,0,0,1,0.0013450415572151542,,2019-05-04,,0.111
AAH8V76H,0,0,,,,Censored No Alarm,0,0,0,0,0,1,0.0010265166638419032,,2019-05-04,,0.111
AAH8V7KH,0,0,,,,Censored No Alarm,0,0,0,0,0,1,0.0006948731024749577,,2019-05-04,,0.111
AAH90NAH,1,0,,2023-04-19,,Missed,0,0,0,0,1,0,0.02919372171163559,,2019-05-04,,0.111
AAH919BH,0,0,,,,Censored No Alarm,0,0,0,0,0,1,0.0013160512316972017,,2019-05-04,,0.111
AAH9285H,0,0,,,,Censored No Alarm,0,0,0,0,0,1,0.0005356015753932297,,2019-05-04,,0.111
AAH92GHH,0,0,,,,Censored No Alarm,0,0,0,0,0,1,0.0008170861401595175,,2019-05-04,,0.111
AAH92HRH,0,0,,,,Censored No Alarm,0,0,0,0,0,1,0.0005312541034072638,,2019-05-04,,0.111
AAH92JGH,0,0,,,,Censored No Alarm,0,0,0,0,0,1,0.00450162636116147,,2019-05-04,,0.111
AAH92V3H,0,0,,,,Censored No Alarm,0,0,0,0,0,1,0.0003874842659570277,,2019-05-04,,0.111
AAH9301H,1,0,,2023-12-23,,Missed,0,0,0,0,1,0,0.05640513077378273,,2019-05-04,,0.111
AAH9305H,0,0,,,,Censored No Alarm,0,0,0,0,0,1,0.0014063523849472404,,2019-05-04,,0.111
AAH9307H,1,0,,2023-04-09,,Missed,0,0,0,0,1,0,0.0006512918043881655,,2019-05-04,,0.111
AAH93MDH,0,0,,,,Censored No Alarm,0,0,0,0,0,1,0.03303241357207298,,2019-05-04,,0.111
AAH93RZH,0,0,,,,Censored No Alarm,0,0,0,0,0,1,0.0011433869367465377,,2019-05-04,,0.111
AAH953TH,0,0,,,,Censored No Alarm,0,0,0,0,0,1,0.0012886420590803027,,2019-05-04,,0.111
AAH9618H,0,0,,,,Censored No Alarm,0,0,0,0,0,1,0.0015228042611852288,,2019-05-04,,0.111
AAH9689H,0,0,,,,Censored No Alarm,0,0,0,0,0,1,0.0003939665330108255,,2019-05-04,,0.111
AAH96AUH,0,0,,,,Censored No Alarm,0,0,0,0,0,1,0.011166926473379135,,2019-05-04,,0.111
AAH97BZH,0,1,2025-10-03,,,Censored Early,0,0,1,1,0,0,0.15246757864952087,0.14826537668704987,2019-05-04,2344.0,0.111
AAH99PNH,0,0,,,,Censored No Alarm,0,0,0,0,0,1,0.0003894076216965914,,2019-05-04,,0.111
AAH9BERH,0,0,,,,Censored No Alarm,0,0,0,0,0,1,0.0009994173888117075,,2019-05-04,,0.111
AAHAS1MH,0,0,,,,Censored No Alarm,0,0,0,0,0,1,0.0006207047845236957,,2019-05-27,,0.111
AAHAS9TH,0,0,,,,Censored No Alarm,0,0,0,0,0,1,0.0006382883293554187,,2019-05-27,,0.111
AAHB6YXH,0,0,,,,Censored No Alarm,0,0,0,0,0,1,0.0005483365384861827,,2019-05-27,,0.111
AAHB8Z9H,0,0,,,,Censored No Alarm,0,0,0,0,0,1,0.0007057706825435162,,2019-05-27,,0.111
AAHBKUHH,0,0,,,,Censored No Alarm,0,0,0,0,0,1,0.0007056916947476566,,2019-05-27,,0.111
AAHD7S9H,0,0,,,,Censored No Alarm,0,0,0,0,0,1,0.0009066798374988139,,2019-05-19,,0.111
AAHDJD5H,0,0,,,,Censored No Alarm,0,0,0,0,0,1,0.0014135809615254402,,2019-05-27,,0.111
AAHDJDSH,0,0,,,,Censored No Alarm,0,0,0,0,0,1,0.00042341926018707454,,2019-05-27,,0.111
AAHDJH3H,0,0,,,,Censored No Alarm,0,0,0,0,0,1,0.0004579798842314631,,2019-05-27,,0.111
AAHDUS5H,0,0,,,,Censored No Alarm,0,0,0,0,0,1,0.0005897737573832273,,2019-05-27,,0.111
AAHDUT6H,0,0,,,,Censored No Alarm,0,0,0,0,0,1,0.000619817990809679,,2019-05-27,,0.111
AAHDYR0H,0,0,,,,Censored No Alarm,0,0,0,0,0,1,0.0006232323939912021,,2019-05-27,,0.111
AAHE23AH,0,0,,,,Censored No Alarm,0,0,0,0,0,1,0.00032833905424922705,,2019-05-27,,0.111
AAHE4SAH,0,0,,,,Censored No Alarm,0,0,0,0,0,1,0.0004578949592541903,,2019-05-27,,0.111
AAHEAGWH,0,0,,,,Censored No Alarm,0,0,0,0,0,1,0.0009941667085513473,,2019-05-27,,0.111
AAHEAHLH,0,0,,,,Censored No Alarm,0,0,0,0,0,1,0.0005038943490944803,,2019-05-27,,0.111
AAHED32H,0,0,,,,Censored No Alarm,0,0,0,0,0,1,0.0005377969355322421,,2019-05-27,,0.111
AAHED3GH,0,0,,,,Censored No Alarm,0,0,0,0,0,1,0.021506836637854576,,2019-05-27,,0.111
AAHED8NH,0,0,,,,Censored No Alarm,0,0,0,0,0,1,0.0004555976775009185,,2019-05-27,,0.111
AAHED98H,0,0,,,,Censored No Alarm,0,0,0,0,0,1,0.000686303130351007,,2019-05-27,,0.111
AAHEEVKH,0,0,,,,Censored No Alarm,0,0,0,0,0,1,0.0005411309539340436,,2019-05-27,,0.111
AAHEHEEH,0,0,,,,Censored No Alarm,0,0,0,0,0,1,0.00035468817804940045,,2019-05-27,,0.111
AAHEHHMH,0,0,,,,Censored No Alarm,0,0,0,0,0,1,0.0004181035910733044,,2019-05-27,,0.111
AAHEHJ0H,0,0,,,,Censored No Alarm,0,0,0,0,0,1,0.0007931148284114897,,2019-06-01,,0.111
AAHEHJ1H,0,0,,,,Censored No Alarm,0,0,0,0,0,1,0.00037709090975113213,,2019-05-27,,0.111
AAHEHL5H,0,0,,,,Censored No Alarm,0,0,0,0,0,1,0.0010407670633867383,,2019-05-27,,0.111
AAHEHP8H,0,0,,,,Censored No Alarm,0,0,0,0,0,1,0.0014462864492088556,,2019-05-27,,0.111
AAHEHRSH,0,0,,,,Censored No Alarm,0,0,0,0,0,1,0.0005772107979282737,,2019-05-27,,0.111
AAHEHS0H,0,0,,,,Censored No Alarm,0,0,0,0,0,1,0.00040695018833503127,,2019-05-27,,0.111
AAHEHTDH,0,0,,,,Censored No Alarm,0,0,0,0,0,1,0.0006488108774647117,,2019-05-27,,0.111
AAHEHTNH,0,0,,,,Censored No Alarm,0,0,0,0,0,1,0.0005908359889872372,,2019-05-27,,0.111
AAHEHTPH,0,0,,,,Censored No Alarm,0,0,0,0,0,1,0.0004682590952143073,,2019-05-27,,0.111
AAHEHVUH,0,0,,,,Censored No Alarm,0,0,0,0,0,1,0.0006571953417733312,,2019-05-27,,0.111
AAHEHY7H,0,0,,,,Censored No Alarm,0,0,0,0,0,1,0.0003779462131205946,,2019-05-27,,0.111
AAHEHZ2H,0,0,,,,Censored No Alarm,0,0,0,0,0,1,0.0005291086854413152,,2019-05-27,,0.111
AAHEHZPH,0,0,,,,Censored No Alarm,0,0,0,0,0,1,0.0005566456820815802,,2019-05-27,,0.111
AAHEHZXH,0,0,,,,Censored No Alarm,0,0,0,0,0,1,0.0009132326231338084,,2019-05-27,,0.111
AAHEJ43H,0,0,,,,Censored No Alarm,0,0,0,0,0,1,0.0004682247235905379,,2019-05-27,,0.111
AAHEJ4KH,0,0,,,,Censored No Alarm,0,0,0,0,0,1,0.0005641017924062908,,2019-05-27,,0.111
AAHEJ76H,0,0,,,,Censored No Alarm,0,0,0,0,0,1,0.000634263560641557,,2019-05-27,,0.111
AAHEJDXH,0,0,,,,Censored No Alarm,0,0,0,0,0,1,0.001415730337612331,,2019-05-27,,0.111
AAHEJE4H,0,0,,,,Censored No Alarm,0,0,0,0,0,1,0.0006630812422372401,,2019-05-27,,0.111
AAHEJHKH,0,0,,,,Censored No Alarm,0,0,0,0,0,1,0.00044446359970606863,,2019-05-27,,0.111
AAHGYKJH,1,0,,2024-07-24,,Missed,0,0,0,0,1,0,0.005779542028903961,,2019-08-13,,0.111
AAHH59AH,0,0,,,,Censored No Alarm,0,0,0,0,0,1,0.0007827630615793169,,2019-08-14,,0.111
AAHHAXAH,0,0,,,,Censored No Alarm,0,0,0,0,0,1,0.0005452007753774524,,2019-08-13,,0.111
AAHHXJ2H,0,0,,,,Censored No Alarm,0,0,0,0,0,1,0.0017532920464873314,,2019-08-13,,0.111
AAHJG5XH,0,0,,,,Censored No Alarm,0,0,0,0,0,1,0.0013864005450159311,,2019-08-14,,0.111
AAHJP8BH,0,0,,,,Censored No Alarm,0,0,0,0,0,1,0.030020002275705338,,2019-06-01,,0.111
AAHK5PUH,0,0,,,,Censored No Alarm,0,0,0,0,0,1,0.020474975928664207,,2019-06-01,,0.111
AAHK8NRH,0,0,,,,Censored No Alarm,0,0,0,0,0,1,0.0015207943506538868,,2019-08-13,,0.111
AAHKERJH,1,0,,2026-01-13,,Missed,0,0,0,0,1,0,0.04286492243409157,,2019-08-13,,0.111
AAHKKR8H,0,0,,,,Censored No Alarm,0,0,0,0,0,1,0.0017631356604397297,,2019-08-14,,0.111
AAHKLDKH,0,0,,,,Censored No Alarm,0,0,0,0,0,1,0.001007909420877695,,2019-06-01,,0.111
AAHKM55H,1,0,,2025-03-25,,Missed,0,0,0,0,1,0,0.04437046870589256,,2019-08-14,,0.111
AAHKMW2H,1,0,,2022-01-12,,Missed,0,0,0,0,1,0,0.00215266109444201,,2019-06-01,,0.111
AAHKS17H,1,0,,2025-07-07,,Missed,0,0,0,0,1,0,0.10250439494848251,,2019-06-01,,0.111
AAHKWLAH,0,1,2025-05-03,,,Censored Early,0,0,1,1,0,0,0.24978694319725037,0.11154180765151978,2019-08-14,2089.0,0.111
AAHKX43H,1,0,,2019-11-25,,Missed,0,0,0,0,1,0,0.02859742008149624,,2019-08-14,,0.111
AAHKXKYH,0,0,,,,Censored No Alarm,0,0,0,0,0,1,0.02543504908680916,,2019-08-13,,0.111
AAHKXLYH,0,0,,,,Censored No Alarm,0,0,0,0,0,1,0.0008831257582642138,,2019-08-14,,0.111
AAHKXNHH,0,0,,,,Censored No Alarm,0,0,0,0,0,1,0.01942640356719494,,2019-08-14,,0.111
AAHKXZ7H,0,0,,,,Censored No Alarm,0,0,0,0,0,1,0.00047303931205533445,,2019-08-14,,0.111
AAHKYETH,0,0,,,,Censored No Alarm,0,0,0,0,0,1,0.0016063773073256016,,2019-05-16,,0.111
AAHL0PKH,0,0,,,,Censored No Alarm,0,0,0,0,0,1,0.0011578707490116358,,2019-08-13,,0.111
AAHL0TLH,0,0,,,,Censored No Alarm,0,0,0,0,0,1,0.017222095280885696,,2019-06-01,,0.111
AAHL4K8H,0,0,,,,Censored No Alarm,0,0,0,0,0,1,0.003753448138013482,,2019-05-16,,0.111
AAHL5LRH,1,0,,2024-09-01,,Missed,0,0,0,0,1,0,0.05880512669682503,,2019-08-13,,0.111
AAHL9A9H,0,0,,,,Censored No Alarm,0,0,0,0,0,1,0.043340206146240234,,2019-08-13,,0.111
AAHL9XJH,0,0,,,,Censored No Alarm,0,0,0,0,0,1,0.015621979720890522,,2019-08-14,,0.111
AAHL9XLH,0,0,,,,Censored No Alarm,0,0,0,0,0,1,0.0019669984467327595,,2019-08-14,,0.111
AAHL9Y3H,0,0,,,,Censored No Alarm,0,0,0,0,0,1,0.00084114377386868,,2019-08-14,,0.111
AAHL9YAH,0,0,,,,Censored No Alarm,0,0,0,0,0,1,0.000482192263007164,,2019-08-14,,0.111
AAHL9ZYH,0,0,,,,Censored No Alarm,0,0,0,0,0,1,0.0008510116022080183,,2019-08-14,,0.111
AAHLBTZH,1,1,2025-07-01,2025-07-26,25.0,On time,1,0,0,0,0,0,0.14590226113796234,0.1134348139166832,2019-08-14,2148.0,0.111
AAHLBWGH,1,1,2025-08-14,2025-08-30,16.0,On time,1,0,0,0,0,0,0.39921289682388306,0.15933144092559814,2019-08-14,2192.0,0.111
AAHLBWSH,1,0,,2023-12-11,,Missed,0,0,0,0,1,0,0.06254728883504868,,2019-08-13,,0.111
AAHLBXVH,0,0,,,,Censored No Alarm,0,0,0,0,0,1,0.023954911157488823,,2019-08-14,,0.111
AAHLD3UH,1,0,,2025-03-11,,Missed,0,0,0,0,1,0,0.06252413988113403,,2019-08-13,,0.111
AAHLS5JH,0,0,,,,Censored No Alarm,0,0,0,0,0,1,0.001123119262047112,,2019-05-16,,0.111
AAHLS7ZH,0,0,,,,Censored No Alarm,0,0,0,0,0,1,0.000590204494073987,,2019-05-16,,0.111
AAHLS8YH,0,0,,,,Censored No Alarm,0,0,0,0,0,1,0.011014505289494991,,2019-05-16,,0.111
AAHLS9UH,0,0,,,,Censored No Alarm,0,0,0,0,0,1,0.0008505660807713866,,2019-05-16,,0.111
AAHLV30H,0,0,,,,Censored No Alarm,0,0,0,0,0,1,0.0006734334165230393,,2019-05-16,,0.111
AAHLV40H,1,0,,2019-08-05,,Missed,0,0,0,0,1,0,0.016790691763162613,,2019-05-16,,0.111
AAHLV47H,0,0,,,,Censored No Alarm,0,0,0,0,0,1,0.0008790289284661412,,2019-05-16,,0.111
AAHLVTVH,0,0,,,,Censored No Alarm,0,0,0,0,0,1,0.0008946956950239837,,2019-05-27,,0.111
AAHLWE3H,0,0,,,,Censored No Alarm,0,0,0,0,0,1,0.0005264871288090944,,2019-05-27,,0.111
AAHLWKXH,0,0,,,,Censored No Alarm,0,0,0,0,0,1,0.0008337394101545215,,2019-05-16,,0.111
AAHLWM3H,0,0,,,,Censored No Alarm,0,0,0,0,0,1,0.0010271104983985424,,2019-05-27,,0.111
AAHLXJ1H,0,0,,,,Censored No Alarm,0,0,0,0,0,1,0.01208990253508091,,2019-05-04,,0.111
AAHLXJ9H,0,0,,,,Censored No Alarm,0,0,0,0,0,1,0.0006617431063205004,,2019-05-04,,0.111
AAHLXL5H,0,0,,,,Censored No Alarm,0,0,0,0,0,1,0.0013827657094225287,,2019-08-13,,0.111
AAHLXTXH,0,0,,,,Censored No Alarm,0,0,0,0,0,1,0.03275506570935249,,2019-05-16,,0.111
AAHLY01H,0,0,,,,Censored No Alarm,0,0,0,0,0,1,0.0003969609970226884,,2019-05-27,,0.111
AAHLY04H,0,0,,,,Censored No Alarm,0,0,0,0,0,1,0.0007167253061197698,,2019-05-04,,0.111
AAHLY2TH,0,0,,,,Censored No Alarm,0,0,0,0,0,1,0.0008773044100962579,,2019-05-27,,0.111
AAHLY31H,1,1,2024-11-28,2025-07-25,239.0,Early,0,1,0,1,0,0,0.20986773073673248,0.1541939675807953,2019-08-13,1934.0,0.111
AAHLYJRH,0,0,,,,Censored No Alarm,0,0,0,0,0,1,0.0006369920447468758,,2019-05-27,,0.111
AAHLYY6H,0,0,,,,Censored No Alarm,0,0,0,0,0,1,0.0010706583270803094,,2019-05-16,,0.111
AAHM227H,0,0,,,,Censored No Alarm,0,0,0,0,0,1,0.002444045851007104,,2019-08-13,,0.111
AAHM4E6H,0,0,,,,Censored No Alarm,0,0,0,0,0,1,0.0004976188647560775,,2019-05-27,,0.111
AAHM4HSH,0,0,,,,Censored No Alarm,0,0,0,0,0,1,0.0006707888678647578,,2019-05-04,,0.111
AAHM4KJH,0,0,,,,Censored No Alarm,0,0,0,0,0,1,0.0009305484127253294,,2019-08-13,,0.111
AAHM4S6H,0,0,,,,Censored No Alarm,0,0,0,0,0,1,0.0007075931061990559,,2019-05-04,,0.111
AAHM4S8H,0,0,,,,Censored No Alarm,0,0,0,0,0,1,0.0006756091024726629,,2019-05-04,,0.111
AAHM4SSH,0,0,,,,Censored No Alarm,0,0,0,0,0,1,0.0011350823333486915,,2019-05-04,,0.111
AAHM4T2H,0,0,,,,Censored No Alarm,0,0,0,0,0,1,0.0006856301333755255,,2019-05-04,,0.111
AAHM4T6H,0,0,,,,Censored No Alarm,0,0,0,0,0,1,0.0007771834498271346,,2019-08-13,,0.111
AAHM4TRH,0,0,,,,Censored No Alarm,0,0,0,0,0,1,0.0005384155083447695,,2019-08-13,,0.111
AAHM4UYH,0,0,,,,Censored No Alarm,0,0,0,0,0,1,0.0006764244171790779,,2019-05-04,,0.111
AAHM4WBH,0,0,,,,Censored No Alarm,0,0,0,0,0,1,0.0004710548964794725,,2019-05-16,,0.111
AAHM4WEH,0,0,,,,Censored No Alarm,0,0,0,0,0,1,0.0006749214371666312,,2019-05-04,,0.111
AAHM4XGH,0,0,,,,Censored No Alarm,0,0,0,0,0,1,0.0012587287928909063,,2019-08-14,,0.111
AAHM5Z4H,0,0,,,,Censored No Alarm,0,0,0,0,0,1,0.0007202811539173126,,2019-05-04,,0.111
AAHM5Z9H,0,0,,,,Censored No Alarm,0,0,0,0,0,1,0.0064026773907244205,,2019-05-04,,0.111
AAHM5ZHH,0,0,,,,Censored No Alarm,0,0,0,0,0,1,0.0005330913700163364,,2019-05-04,,0.111
AAHMD6GH,0,0,,,,Censored No Alarm,0,0,0,0,0,1,0.000963177066296339,,2019-05-04,,0.111
AAHME7KH,0,0,,,,Censored No Alarm,0,0,0,0,0,1,0.003210272639989853,,2019-05-16,,0.111
AAHMGV8H,0,0,,,,Censored No Alarm,0,0,0,0,0,1,0.000521453155670315,,2019-05-27,,0.111
AAHMH4LH,0,0,,,,Censored No Alarm,0,0,0,0,0,1,0.0005413871258497238,,2019-05-04,,0.111
AAHML65H,0,0,,,,Censored No Alarm,0,0,0,0,0,1,0.001318002468906343,,2019-05-16,,0.111
AAHMN38H,0,0,,,,Censored No Alarm,0,0,0,0,0,1,0.0014220644952729344,,2019-05-16,,0.111
AAHMR03H,1,1,2025-11-13,2025-11-26,13.0,On time,1,0,0,0,0,0,0.22352226078510284,0.14255917072296143,2019-05-16,2373.0,0.111
AAHMR2ZH,1,0,,2024-01-31,,Missed,0,0,0,0,1,0,0.0012394181685522199,,2019-05-16,,0.111
AAHMSNRH,0,0,,,,Censored No Alarm,0,0,0,0,0,1,0.0011882777325809002,,2019-05-16,,0.111
AAHMUYLH,0,0,,,,Censored No Alarm,0,0,0,0,0,1,0.0016460096230730414,,2019-05-16,,0.111
AAHMW6RH,0,0,,,,Censored No Alarm,0,0,0,0,0,1,0.0013978159986436367,,2019-05-16,,0.111
AAHMW7NH,0,0,,,,Censored No Alarm,0,0,0,0,0,1,0.001034609624184668,,2019-05-16,,0.111
