serial_number,has_failed,alarm_triggered,first_alarm_date,actual_failure_date,days_to_failure_at_alarm,category,is_hit,is_fp_early,is_fp_cens,is_false_alarm,is_miss,is_correct_rejection,max_predicted_score,alarm_predicted_score,first_seen_date,days_since_observed,threshold_used
2AG61PSY,0,0,,,,Censored No Alarm,0,0,0,0,0,1,0.00045986732584424317,,2019-05-27,,0.283
2AG8AVRY,0,0,,,,Censored No Alarm,0,0,0,0,0,1,0.0007277472177520394,,2019-08-14,,0.283
2AGEGU7Y,0,0,,,,Censored No Alarm,0,0,0,0,0,1,0.0014156353427097201,,2019-05-27,,0.283
2AGEU1JY,0,1,2025-05-19,,,Censored Early,0,0,1,1,0,0,0.34165218472480774,0.3383985161781311,2019-06-01,2179.0,0.283
2AGG48NY,0,0,,,,Censored No Alarm,0,0,0,0,0,1,0.00029688741778954864,,2019-05-27,,0.283
2AGG7H1Y,0,0,,,,Censored No Alarm,0,0,0,0,0,1,0.00045095261884853244,,2019-05-27,,0.283
2AGGHGJY,1,0,,2024-11-19,,Missed,0,0,0,0,1,0,0.2002660036087036,,2019-05-16,,0.283
2AGGHLEY,0,0,,,,Censored No Alarm,0,0,0,0,0,1,0.001193892676383257,,2019-06-01,,0.283
2AGGHM0Y,0,0,,,,Censored No Alarm,0,0,0,0,0,1,0.00036403906415216625,,2019-05-27,,0.283
2AGGHMUY,0,0,,,,Censored No Alarm,0,0,0,0,0,1,0.0010135532356798649,,2019-05-16,,0.283
2AGGHR1Y,0,0,,,,Censored No Alarm,0,0,0,0,0,1,0.004864147864282131,,2019-05-27,,0.283
2AGGHR7Y,0,0,,,,Censored No Alarm,0,0,0,0,0,1,0.0004497870395425707,,2019-05-27,,0.283
2AGGL0UY,1,1,2022-02-25,2022-02-27,2.0,On time,1,0,0,0,0,0,0.5316731929779053,0.31944891810417175,2019-05-27,1005.0,0.283
2AGGR3NY,0,0,,,,Censored No Alarm,0,0,0,0,0,1,0.031760960817337036,,2019-05-27,,0.283
2AGGZNJY,0,0,,,,Censored No Alarm,0,0,0,0,0,1,0.0014510182663798332,,2019-05-27,,0.283
2AGH31BY,1,0,,2023-11-01,,Missed,0,0,0,0,1,0,0.1783236563205719,,2019-05-27,,0.283
2AGH31PY,1,0,,2024-11-18,,Missed,0,0,0,0,1,0,0.10641069710254669,,2019-05-27,,0.283
2AGH33SY,1,1,2025-03-01,2025-05-08,68.0,Early,0,1,0,1,0,0,0.34709635376930237,0.3226991891860962,2019-05-27,2105.0,0.283
2AGH34HY,0,0,,,,Censored No Alarm,0,0,0,0,0,1,0.11723259091377258,,2019-05-27,,0.283
2AGH34PY,0,0,,,,Censored No Alarm,0,0,0,0,0,1,0.002081080572679639,,2019-05-27,,0.283
2AGH35GY,0,0,,,,Censored No Alarm,0,0,0,0,0,1,0.000511494348756969,,2019-05-27,,0.283
2AGHB9XY,1,0,,2024-12-02,,Missed,0,0,0,0,1,0,0.07123664766550064,,2019-05-27,,0.283
2AGHDYHY,0,0,,,,Censored No Alarm,0,0,0,0,0,1,0.0014132908545434475,,2019-05-27,,0.283
2AGHEP9Y,1,0,,2024-07-26,,Missed,0,0,0,0,1,0,0.038643158972263336,,2019-05-27,,0.283
2AGHGR1Y,0,0,,,,Censored No Alarm,0,0,0,0,0,1,0.0010449542896822095,,2019-05-27,,0.283
2AGHGRLY,0,0,,,,Censored No Alarm,0,0,0,0,0,1,0.00030933591187931597,,2019-05-27,,0.283
2AGHGRRY,0,0,,,,Censored No Alarm,0,0,0,0,0,1,0.0007267309119924903,,2019-05-27,,0.283
2AGHJD4Y,0,1,2025-09-04,,,Censored Early,0,0,1,1,0,0,0.30087587237358093,0.30087587237358093,2019-06-01,2287.0,0.283
2AGHK55Y,0,0,,,,Censored No Alarm,0,0,0,0,0,1,0.00042229786049574614,,2019-05-27,,0.283
2AGHK8MY,0,0,,,,Censored No Alarm,0,0,0,0,0,1,0.0006374822114594281,,2019-05-27,,0.283
2AGHLEUY,1,0,,2023-11-06,,Missed,0,0,0,0,1,0,0.04690439626574516,,2019-05-27,,0.283
2AGHLGTY,1,0,,2025-08-05,,Missed,0,0,0,0,1,0,0.24269457161426544,,2019-05-27,,0.283
2AGHLKHY,0,0,,,,Censored No Alarm,0,0,0,0,0,1,0.001337548135779798,,2019-05-27,,0.283
2AGHLMXY,0,0,,,,Censored No Alarm,0,0,0,0,0,1,0.0013927705585956573,,2019-05-27,,0.283
2AGHLN0Y,0,0,,,,Censored No Alarm,0,0,0,0,0,1,0.0007377121946774423,,2019-05-27,,0.283
2AGHMUTY,0,0,,,,Censored No Alarm,0,0,0,0,0,1,0.000622218125499785,,2019-05-27,,0.283
2AGHMUYY,0,0,,,,Censored No Alarm,0,0,0,0,0,1,0.0024437191896140575,,2019-06-01,,0.283
2AGHMW5Y,0,0,,,,Censored No Alarm,0,0,0,0,0,1,0.05779396370053291,,2019-05-27,,0.283
2AGHMXGY,1,0,,2023-05-14,,Missed,0,0,0,0,1,0,0.023386389017105103,,2019-05-27,,0.283
2AGHMYTY,0,0,,,,Censored No Alarm,0,0,0,0,0,1,0.08168967068195343,,2019-05-27,,0.283
2AGHMZMY,0,0,,,,Censored No Alarm,0,0,0,0,0,1,0.0006164893275126815,,2019-05-27,,0.283
2AGHN0TY,1,1,2020-09-20,2020-10-22,32.0,Early,0,1,0,1,0,0,0.48522260785102844,0.30938759446144104,2019-05-27,482.0,0.283
2AGHN0WY,0,0,,,,Censored No Alarm,0,0,0,0,0,1,0.002143224934116006,,2019-05-27,,0.283
2AGHN16Y,0,0,,,,Censored No Alarm,0,0,0,0,0,1,0.0007731015793979168,,2019-05-27,,0.283
2AGHN2AY,0,0,,,,Censored No Alarm,0,0,0,0,0,1,0.00048481972771696746,,2019-05-27,,0.283
2AGHN3XY,0,0,,,,Censored No Alarm,0,0,0,0,0,1,0.0014637253480032086,,2019-05-27,,0.283
2AGHPDKY,0,0,,,,Censored No Alarm,0,0,0,0,0,1,0.0007861396297812462,,2019-05-27,,0.283
2AGHSJ4Y,0,0,,,,Censored No Alarm,0,0,0,0,0,1,0.000309956754790619,,2019-05-27,,0.283
2AGHSS9Y,0,0,,,,Censored No Alarm,0,0,0,0,0,1,0.0021696535404771566,,2019-05-27,,0.283
2AGHTBYY,1,1,2023-09-14,2025-01-25,499.0,Early,0,1,0,1,0,0,0.6216564774513245,0.32489749789237976,2019-05-27,1571.0,0.283
2AGHTGEY,1,0,,2023-03-14,,Missed,0,0,0,0,1,0,0.18797308206558228,,2019-05-27,,0.283
2AGHTKBY,0,0,,,,Censored No Alarm,0,0,0,0,0,1,0.018064899370074272,,2019-05-27,,0.283
2AGLY65Y,1,0,,2023-11-20,,Missed,0,0,0,0,1,0,0.052834853529930115,,2019-08-13,,0.283
2AGM231Y,0,0,,,,Censored No Alarm,0,0,0,0,0,1,0.001096805790439248,,2019-05-04,,0.283
2AGM23NY,0,0,,,,Censored No Alarm,0,0,0,0,0,1,0.0011311128037050366,,2019-05-04,,0.283
2AGM5UVY,0,0,,,,Censored No Alarm,0,0,0,0,0,1,0.1471375674009323,,2019-05-16,,0.283
2AGM5V7Y,1,1,2024-12-22,2025-12-05,348.0,Early,0,1,0,1,0,0,0.3495267927646637,0.3372849225997925,2019-05-16,2047.0,0.283
2AGM5VBY,0,0,,,,Censored No Alarm,0,0,0,0,0,1,0.11415223032236099,,2019-05-16,,0.283
2AGM5VHY,1,0,,2025-01-18,,Missed,0,0,0,0,1,0,0.01978283002972603,,2019-08-14,,0.283
2AGM5W9Y,1,0,,2025-01-16,,Missed,0,0,0,0,1,0,0.08039781451225281,,2019-05-16,,0.283
2AGM5YEY,0,0,,,,Censored No Alarm,0,0,0,0,0,1,0.009586005471646786,,2019-05-04,,0.283
2AGM8EMY,1,0,,2024-10-29,,Missed,0,0,0,0,1,0,0.16033302247524261,,2019-05-16,,0.283
2AGM8EUY,0,0,,,,Censored No Alarm,0,0,0,0,0,1,0.0011932594934478402,,2019-05-27,,0.283
2AGM8J2Y,0,0,,,,Censored No Alarm,0,0,0,0,0,1,0.0017699230229482055,,2019-05-16,,0.283
2AGM8JAY,0,0,,,,Censored No Alarm,0,0,0,0,0,1,0.0010081096552312374,,2019-05-16,,0.283
2AGM8LNY,0,1,2024-10-23,,,Censored Early,0,0,1,1,0,0,0.32799655199050903,0.31284987926483154,2019-05-04,1999.0,0.283
2AGM8RJY,0,0,,,,Censored No Alarm,0,0,0,0,0,1,0.027878107503056526,,2019-08-13,,0.283
2AGM8RTY,0,0,,,,Censored No Alarm,0,0,0,0,0,1,0.05172664672136307,,2019-05-16,,0.283
2AGM8UNY,1,1,2025-10-21,2026-03-12,142.0,Early,0,1,0,1,0,0,0.45317772030830383,0.3050835430622101,2019-08-13,2261.0,0.283
2AGM8V7Y,0,0,,,,Censored No Alarm,0,0,0,0,0,1,0.001441807602532208,,2019-05-16,,0.283
2AGM9MXY,1,0,,2025-09-21,,Missed,0,0,0,0,1,0,0.030956050381064415,,2019-05-04,,0.283
2AGM9PJY,0,0,,,,Censored No Alarm,0,0,0,0,0,1,0.13446149230003357,,2019-05-04,,0.283
2AGM9RGY,1,0,,2022-12-23,,Missed,0,0,0,0,1,0,0.0004319018917158246,,2019-05-16,,0.283
2AGM9S6Y,0,0,,,,Censored No Alarm,0,0,0,0,0,1,0.007946831174194813,,2019-05-16,,0.283
2AGM9SDY,0,0,,,,Censored No Alarm,0,0,0,0,0,1,0.0006367159076035023,,2019-05-04,,0.283
2AGM9U1Y,0,0,,,,Censored No Alarm,0,0,0,0,0,1,0.0006664246902801096,,2019-05-16,,0.283
2AGMDJKY,0,0,,,,Censored No Alarm,0,0,0,0,0,1,0.0011031979229301214,,2019-05-04,,0.283
2AGMDUAY,1,0,,2023-02-04,,Missed,0,0,0,0,1,0,0.0027585704810917377,,2019-05-16,,0.283
2AGMDY1Y,0,0,,,,Censored No Alarm,0,0,0,0,0,1,0.05543969199061394,,2019-08-14,,0.283
2AGME0XY,1,0,,2024-05-29,,Missed,0,0,0,0,1,0,0.20958642661571503,,2019-05-16,,0.283
2AGME3BY,0,0,,,,Censored No Alarm,0,0,0,0,0,1,0.004923769738525152,,2019-05-16,,0.283
2AGME9PY,1,1,2024-08-06,2024-08-06,0.0,On time,1,0,0,0,0,0,0.32734692096710205,0.32734692096710205,2019-08-13,1820.0,0.283
2AGMGAYY,0,0,,,,Censored No Alarm,0,0,0,0,0,1,0.0011530646588653326,,2019-05-16,,0.283
2AGMGDPY,0,0,,,,Censored No Alarm,0,0,0,0,0,1,0.00248749740421772,,2019-08-13,,0.283
2AGMGKLY,0,0,,,,Censored No Alarm,0,0,0,0,0,1,0.0004956471966579556,,2019-08-13,,0.283
2AGMGXEY,0,0,,,,Censored No Alarm,0,0,0,0,0,1,0.0004105298430658877,,2019-08-14,,0.283
2AGMH2YY,1,0,,2024-12-10,,Missed,0,0,0,0,1,0,0.1751369684934616,,2019-05-16,,0.283
2AGMH3JY,0,0,,,,Censored No Alarm,0,0,0,0,0,1,0.0010045497911050916,,2019-05-16,,0.283
2AGMHK6Y,0,0,,,,Censored No Alarm,0,0,0,0,0,1,0.0056010764092206955,,2019-05-04,,0.283
2AGMHPEY,1,0,,2024-06-25,,Missed,0,0,0,0,1,0,0.018945757299661636,,2019-06-01,,0.283
2AGMHRYY,1,0,,2024-05-16,,Missed,0,0,0,0,1,0,0.22643092274665833,,2019-05-16,,0.283
2AGMHTLY,0,0,,,,Censored No Alarm,0,0,0,0,0,1,0.0010327051859349012,,2019-05-04,,0.283
2AGMHU7Y,1,0,,2024-07-08,,Missed,0,0,0,0,1,0,0.011834090575575829,,2019-05-04,,0.283
2AGMHVTY,0,0,,,,Censored No Alarm,0,0,0,0,0,1,0.0009715737542137504,,2019-05-16,,0.283
2AGMHWAY,1,1,2023-09-12,2023-09-22,10.0,On time,1,0,0,0,0,0,0.30850520730018616,0.2890905737876892,2019-08-14,1490.0,0.283
2AGMHXDY,1,1,2025-05-30,2025-06-02,3.0,On time,1,0,0,0,0,0,0.3491980731487274,0.31319671869277954,2019-08-13,2117.0,0.283
2AGMHY3Y,1,0,,2025-11-18,,Missed,0,0,0,0,1,0,0.031056800857186317,,2019-08-14,,0.283
2AGMHY5Y,0,0,,,,Censored No Alarm,0,0,0,0,0,1,0.001270436099730432,,2019-08-13,,0.283
2AGMJ35Y,0,0,,,,Censored No Alarm,0,0,0,0,0,1,0.0011250446550548077,,2019-05-04,,0.283
2AGMJ3JY,0,0,,,,Censored No Alarm,0,0,0,0,0,1,0.0012010758509859443,,2019-05-16,,0.283
2AGMJ3TY,0,0,,,,Censored No Alarm,0,0,0,0,0,1,0.0008949558832682669,,2019-08-14,,0.283
2AGMJ47Y,0,0,,,,Censored No Alarm,0,0,0,0,0,1,0.00088614592095837,,2019-06-01,,0.283
2AGMJ5BY,1,0,,2021-05-03,,Missed,0,0,0,0,1,0,0.0003514522104524076,,2019-05-04,,0.283
2AGMKV4Y,1,1,2026-01-18,2026-01-28,10.0,On time,1,0,0,0,0,0,0.7722684144973755,0.3238312304019928,2019-05-04,2451.0,0.283
2AGMKVHY,1,0,,2023-05-06,,Missed,0,0,0,0,1,0,0.11273830384016037,,2019-08-13,,0.283
2AGMKVTY,1,0,,2024-12-04,,Missed,0,0,0,0,1,0,0.058310166001319885,,2019-08-14,,0.283
2AGMLMLY,0,0,,,,Censored No Alarm,0,0,0,0,0,1,0.1766941398382187,,2019-08-14,,0.283
2AGMLSZY,1,1,2020-07-20,2020-07-30,10.0,On time,1,0,0,0,0,0,0.8283679485321045,0.2956043779850006,2019-05-16,431.0,0.283
2AGMLT7Y,0,0,,,,Censored No Alarm,0,0,0,0,0,1,0.019490662962198257,,2019-05-16,,0.283
2AGMLWNY,0,0,,,,Censored No Alarm,0,0,0,0,0,1,0.06819242984056473,,2019-08-14,,0.283
2AGMLZLY,1,0,,2026-02-11,,Missed,0,0,0,0,1,0,0.23367564380168915,,2019-05-16,,0.283
2AGMM0UY,0,1,2020-01-05,,,Censored Early,0,0,1,1,0,0,0.3597564995288849,0.2876291573047638,2019-05-16,234.0,0.283
2AGMMNKY,0,0,,,,Censored No Alarm,0,0,0,0,0,1,0.03554028645157814,,2019-06-01,,0.283
2AGMMU1Y,0,0,,,,Censored No Alarm,0,0,0,0,0,1,0.001166455214843154,,2019-05-16,,0.283
2AGMMU4Y,0,0,,,,Censored No Alarm,0,0,0,0,0,1,0.0011962160933762789,,2019-08-14,,0.283
2AGMNB7Y,1,0,,2023-03-30,,Missed,0,0,0,0,1,0,0.13141609728336334,,2019-05-16,,0.283
2AGMNBEY,0,0,,,,Censored No Alarm,0,0,0,0,0,1,0.0011938301613554358,,2019-05-16,,0.283
2AGMND4Y,1,1,2025-10-14,2025-10-27,13.0,On time,1,0,0,0,0,0,0.7159116268157959,0.2908259332180023,2019-05-04,2355.0,0.283
2AGMNE1Y,1,1,2025-06-30,2025-11-26,149.0,Early,0,1,0,1,0,0,0.8598809242248535,0.2837710678577423,2019-05-16,2237.0,0.283
2AGMNEBY,1,0,,2024-08-05,,Missed,0,0,0,0,1,0,0.271708607673645,,2019-05-04,,0.283
2AGMNG0Y,0,1,2024-05-06,,,Censored Early,0,0,1,1,0,0,0.30118709802627563,0.28927844762802124,2019-05-16,1817.0,0.283
2AGMNJKY,1,1,2025-09-15,2025-09-29,14.0,On time,1,0,0,0,0,0,0.7746250033378601,0.33292892575263977,2019-05-16,2314.0,0.283
2AGMNM8Y,0,0,,,,Censored No Alarm,0,0,0,0,0,1,0.04806574806571007,,2019-08-14,,0.283
2AGMNMWY,1,0,,2023-05-10,,Missed,0,0,0,0,1,0,0.0573640912771225,,2019-05-16,,0.283
2AGMNTXY,0,0,,,,Censored No Alarm,0,0,0,0,0,1,0.0008518633549101651,,2019-05-16,,0.283
2AGMNUVY,0,0,,,,Censored No Alarm,0,0,0,0,0,1,0.0009471632656641304,,2019-05-04,,0.283
2AGMNWBY,0,0,,,,Censored No Alarm,0,0,0,0,0,1,0.0008676183060742915,,2019-08-13,,0.283
2AGMNXRY,0,0,,,,Censored No Alarm,0,0,0,0,0,1,0.11593319475650787,,2019-08-13,,0.283
2AGMP7ZY,0,0,,,,Censored No Alarm,0,0,0,0,0,1,0.0011815002653747797,,2019-08-14,,0.283
2AGMPBWY,0,0,,,,Censored No Alarm,0,0,0,0,0,1,0.062089040875434875,,2019-05-16,,0.283
2AGMPD8Y,1,0,,2023-11-21,,Missed,0,0,0,0,1,0,0.0002505015872884542,,2019-08-13,,0.283
2AGMPK3Y,0,0,,,,Censored No Alarm,0,0,0,0,0,1,0.03146239370107651,,2019-05-04,,0.283
2AGMPL7Y,1,0,,2025-02-27,,Missed,0,0,0,0,1,0,0.06694834679365158,,2019-05-16,,0.283
2AGMPP1Y,0,0,,,,Censored No Alarm,0,0,0,0,0,1,0.002633162308484316,,2019-05-16,,0.283
2AGMPP4Y,1,1,2025-09-13,2025-09-23,10.0,On time,1,0,0,0,0,0,0.7300359606742859,0.3242705464363098,2019-05-16,2312.0,0.283
2AGMPPGY,0,0,,,,Censored No Alarm,0,0,0,0,0,1,0.0010192274348810315,,2019-05-16,,0.283
2AGMPSSY,0,0,,,,Censored No Alarm,0,0,0,0,0,1,0.0009255330078303814,,2019-05-16,,0.283
2AGMPT2Y,0,0,,,,Censored No Alarm,0,0,0,0,0,1,0.0008751095156185329,,2019-05-16,,0.283
2AGMPZ8Y,0,0,,,,Censored No Alarm,0,0,0,0,0,1,0.0008303832728415728,,2019-08-14,,0.283
2AGMS6PY,0,0,,,,Censored No Alarm,0,0,0,0,0,1,0.0003121354675386101,,2019-08-14,,0.283
2AGMSHHY,1,0,,2022-08-12,,Missed,0,0,0,0,1,0,0.0003949414240196347,,2019-05-04,,0.283
2AGMTK0Y,1,1,2025-08-30,2025-08-30,0.0,On time,1,0,0,0,0,0,0.7844997048377991,0.7844997048377991,2019-05-16,2298.0,0.283
2AGMTL0Y,1,0,,2023-04-17,,Missed,0,0,0,0,1,0,0.0008444752893410623,,2019-05-04,,0.283
2AGMTXAY,0,0,,,,Censored No Alarm,0,0,0,0,0,1,0.0008628017967566848,,2019-08-13,,0.283
2AGMUBMY,0,0,,,,Censored No Alarm,0,0,0,0,0,1,0.001169836730696261,,2019-06-01,,0.283
2AGMUBRY,1,0,,2024-08-04,,Missed,0,0,0,0,1,0,0.002460136078298092,,2019-08-13,,0.283
2AGMV9UY,0,0,,,,Censored No Alarm,0,0,0,0,0,1,0.0008551416685804725,,2019-08-13,,0.283
2AGMVDDY,0,0,,,,Censored No Alarm,0,0,0,0,0,1,0.0015196299646049738,,2019-05-16,,0.283
2AGMWHVY,1,0,,2024-07-19,,Missed,0,0,0,0,1,0,0.13145072758197784,,2019-05-16,,0.283
2AGMZLMY,1,1,2023-04-07,2023-05-16,39.0,Early,0,1,0,1,0,0,0.291134774684906,0.28888219594955444,2019-08-13,1333.0,0.283
2AGN038Y,0,0,,,,Censored No Alarm,0,0,0,0,0,1,0.0011213275138288736,,2019-08-13,,0.283
2AGN03MY,0,0,,,,Censored No Alarm,0,0,0,0,0,1,0.0011160057038068771,,2019-08-13,,0.283
2AGN05MY,0,0,,,,Censored No Alarm,0,0,0,0,0,1,0.0007919034687802196,,2019-08-13,,0.283
2AGN071Y,0,0,,,,Censored No Alarm,0,0,0,0,0,1,0.006171529646962881,,2019-08-13,,0.283
2AGN07AY,0,0,,,,Censored No Alarm,0,0,0,0,0,1,0.0024467783514410257,,2019-08-14,,0.283
2AGN17RY,0,0,,,,Censored No Alarm,0,0,0,0,0,1,0.0004364257038105279,,2019-08-13,,0.283
2AGN1YNY,0,0,,,,Censored No Alarm,0,0,0,0,0,1,0.0020554526709020138,,2019-08-14,,0.283
2AGN29AY,0,0,,,,Censored No Alarm,0,0,0,0,0,1,0.0005168220377527177,,2019-08-14,,0.283
2AGN43EY,0,0,,,,Censored No Alarm,0,0,0,0,0,1,0.12945275008678436,,2019-08-13,,0.283
2AGN5A3Y,0,0,,,,Censored No Alarm,0,0,0,0,0,1,0.0007777601713314652,,2019-06-01,,0.283
2AGN7GZY,0,0,,,,Censored No Alarm,0,0,0,0,0,1,0.00037021609023213387,,2019-08-13,,0.283
2AGN7XVY,0,0,,,,Censored No Alarm,0,0,0,0,0,1,0.13775856792926788,,2019-08-14,,0.283
2AGN7XYY,0,0,,,,Censored No Alarm,0,0,0,0,0,1,0.01652749627828598,,2019-05-27,,0.283
2AGN853Y,0,0,,,,Censored No Alarm,0,0,0,0,0,1,0.0007619620300829411,,2019-08-14,,0.283
2AGN8H9Y,0,0,,,,Censored No Alarm,0,0,0,0,0,1,0.0007813888369128108,,2019-08-14,,0.283
2AGN8Y9Y,0,0,,,,Censored No Alarm,0,0,0,0,0,1,0.031093008816242218,,2019-08-13,,0.283
2AGN8ZGY,0,0,,,,Censored No Alarm,0,0,0,0,0,1,0.0014504111604765058,,2019-06-01,,0.283
2AGN90RY,1,0,,2023-12-07,,Missed,0,0,0,0,1,0,0.09182781726121902,,2019-08-14,,0.283
2AGN9N4Y,1,1,2025-01-26,2025-03-06,39.0,Early,0,1,0,1,0,0,0.32573020458221436,0.283233642578125,2019-08-13,1993.0,0.283
2AGNAK7Y,0,0,,,,Censored No Alarm,0,0,0,0,0,1,0.0007012479472905397,,2019-08-14,,0.283
2AGNAKGY,0,0,,,,Censored No Alarm,0,0,0,0,0,1,0.0011110261548310518,,2019-08-14,,0.283
2AGNAYKY,0,0,,,,Censored No Alarm,0,0,0,0,0,1,0.0010426939697936177,,2019-08-13,,0.283
2AGNBWPY,0,0,,,,Censored No Alarm,0,0,0,0,0,1,0.001117862993851304,,2019-08-13,,0.283
2AGND0EY,0,0,,,,Censored No Alarm,0,0,0,0,0,1,0.002614325610920787,,2019-08-13,,0.283
2AGNEAHY,0,0,,,,Censored No Alarm,0,0,0,0,0,1,0.0015918668359518051,,2019-08-13,,0.283
2AGNEK5Y,0,0,,,,Censored No Alarm,0,0,0,0,0,1,0.008717364631593227,,2019-08-14,,0.283
2AGNEN9Y,0,0,,,,Censored No Alarm,0,0,0,0,0,1,0.0021815826185047626,,2019-08-14,,0.283
2AGNEREY,0,0,,,,Censored No Alarm,0,0,0,0,0,1,0.009363546967506409,,2019-08-13,,0.283
2AGNGZPY,0,0,,,,Censored No Alarm,0,0,0,0,0,1,0.000916076241992414,,2019-05-27,,0.283
2AGNJE2Y,0,0,,,,Censored No Alarm,0,0,0,0,0,1,0.0005997258704155684,,2019-06-01,,0.283
2AGNJG7Y,0,0,,,,Censored No Alarm,0,0,0,0,0,1,0.0020178784616291523,,2019-08-13,,0.283
2AGNJGHY,0,0,,,,Censored No Alarm,0,0,0,0,0,1,0.003363406052812934,,2019-08-13,,0.283
2AGNJRYY,0,0,,,,Censored No Alarm,0,0,0,0,0,1,0.0006454388494603336,,2019-06-01,,0.283
2AGNJTAY,0,0,,,,Censored No Alarm,0,0,0,0,0,1,0.0010316597763448954,,2019-08-14,,0.283
2AGNJTRY,0,0,,,,Censored No Alarm,0,0,0,0,0,1,0.000718668510671705,,2019-08-14,,0.283
2AGNKB9Y,1,0,,2023-11-29,,Missed,0,0,0,0,1,0,0.0008790172287262976,,2019-08-13,,0.283
2AGNKGXY,0,0,,,,Censored No Alarm,0,0,0,0,0,1,0.0008625140762887895,,2019-08-14,,0.283
2AGNKNJY,0,0,,,,Censored No Alarm,0,0,0,0,0,1,0.0007545019616372883,,2019-08-14,,0.283
2AGNKSPY,0,0,,,,Censored No Alarm,0,0,0,0,0,1,0.0021066484041512012,,2019-08-14,,0.283
2AGNKV4Y,0,0,,,,Censored No Alarm,0,0,0,0,0,1,0.0019556558690965176,,2019-08-13,,0.283
2AGNL61Y,0,0,,,,Censored No Alarm,0,0,0,0,0,1,0.0008627393399365246,,2019-05-16,,0.283
2AGNNTHY,0,0,,,,Censored No Alarm,0,0,0,0,0,1,0.02905372716486454,,2019-05-16,,0.283
2AGNT47Y,0,0,,,,Censored No Alarm,0,0,0,0,0,1,0.0005786727997474372,,2019-05-16,,0.283
2AGP393Y,1,1,2019-08-10,2023-04-06,1335.0,Early,0,1,0,1,0,0,0.3501490652561188,0.34535354375839233,2019-06-01,70.0,0.283
2AGP43EY,1,0,,2024-09-01,,Missed,0,0,0,0,1,0,0.04000565782189369,,2019-05-16,,0.283
2AGP5EDY,0,0,,,,Censored No Alarm,0,0,0,0,0,1,0.0008131454233080149,,2019-05-16,,0.283
2AGP5GBY,0,0,,,,Censored No Alarm,0,0,0,0,0,1,0.000815287115983665,,2019-05-16,,0.283
2AGP5J1Y,0,0,,,,Censored No Alarm,0,0,0,0,0,1,0.0008148040506057441,,2019-05-16,,0.283
2AGP6TYY,0,0,,,,Censored No Alarm,0,0,0,0,0,1,0.0007435129955410957,,2019-05-16,,0.283
2AGP6UBY,0,0,,,,Censored No Alarm,0,0,0,0,0,1,0.000975947652477771,,2019-05-16,,0.283
2AGP9W7Y,0,0,,,,Censored No Alarm,0,0,0,0,0,1,0.214705690741539,,2019-05-16,,0.283
2AGPHHKY,0,0,,,,Censored No Alarm,0,0,0,0,0,1,0.0012028648052364588,,2019-06-01,,0.283
2AGPHHTY,0,0,,,,Censored No Alarm,0,0,0,0,0,1,0.0006869353237561882,,2019-06-01,,0.283
2AGPJAVY,0,0,,,,Censored No Alarm,0,0,0,0,0,1,0.0002879136009141803,,2019-05-27,,0.283
2AGPJBGY,0,0,,,,Censored No Alarm,0,0,0,0,0,1,0.0003229702706448734,,2019-05-27,,0.283
2AGPJBNY,0,0,,,,Censored No Alarm,0,0,0,0,0,1,0.0002802547824103385,,2019-05-27,,0.283
2AGPJE5Y,0,0,,,,Censored No Alarm,0,0,0,0,0,1,0.001009313389658928,,2019-05-16,,0.283
2AGPJGPY,1,0,,2021-02-22,,Missed,0,0,0,0,1,0,0.07111876457929611,,2019-05-16,,0.283
2AGPJH1Y,1,0,,2024-08-11,,Missed,0,0,0,0,1,0,0.12342070043087006,,2019-05-16,,0.283
2AGPJHAY,0,0,,,,Censored No Alarm,0,0,0,0,0,1,0.0009602719219401479,,2019-08-13,,0.283
2AGPJHXY,0,0,,,,Censored No Alarm,0,0,0,0,0,1,0.0003352785133756697,,2019-05-27,,0.283
2AGPJL8Y,0,0,,,,Censored No Alarm,0,0,0,0,0,1,0.004089397843927145,,2019-05-27,,0.283
2AGPJLWY,0,0,,,,Censored No Alarm,0,0,0,0,0,1,0.000670363602694124,,2019-08-13,,0.283
2AGPJMRY,0,0,,,,Censored No Alarm,0,0,0,0,0,1,0.0013026592787355185,,2019-08-13,,0.283
2AGPJP0Y,0,0,,,,Censored No Alarm,0,0,0,0,0,1,0.00029627978801727295,,2019-05-27,,0.283
2AGPK9HY,0,0,,,,Censored No Alarm,0,0,0,0,0,1,0.003084359224885702,,2019-08-14,,0.283
2AGPKA3Y,0,0,,,,Censored No Alarm,0,0,0,0,0,1,0.011591820977628231,,2019-08-14,,0.283
2AGPKALY,0,0,,,,Censored No Alarm,0,0,0,0,0,1,0.0008468739106319845,,2019-05-16,,0.283
2AGPKARY,0,0,,,,Censored No Alarm,0,0,0,0,0,1,0.0010977131314575672,,2019-05-16,,0.283
2AGPKB2Y,0,0,,,,Censored No Alarm,0,0,0,0,0,1,0.00047032447764649987,,2019-05-27,,0.283
2AGPKTUY,0,0,,,,Censored No Alarm,0,0,0,0,0,1,0.0008472572662867606,,2019-05-16,,0.283
2AGPKVGY,0,0,,,,Censored No Alarm,0,0,0,0,0,1,0.0007815551944077015,,2019-05-16,,0.283
2AGPKWNY,1,0,,2023-10-29,,Missed,0,0,0,0,1,0,0.12836822867393494,,2019-05-16,,0.283
2AGPKX4Y,0,0,,,,Censored No Alarm,0,0,0,0,0,1,0.027771100401878357,,2019-05-16,,0.283
2AGPL2YY,0,0,,,,Censored No Alarm,0,0,0,0,0,1,0.0014368457486853004,,2019-05-16,,0.283
2AGPL4UY,0,0,,,,Censored No Alarm,0,0,0,0,0,1,0.0007700429414398968,,2019-05-16,,0.283
2AGPL4ZY,0,0,,,,Censored No Alarm,0,0,0,0,0,1,0.001667145756073296,,2019-05-27,,0.283
2AGPLSSY,0,0,,,,Censored No Alarm,0,0,0,0,0,1,0.0007300454890355468,,2019-05-16,,0.283
2AGPMDVY,0,0,,,,Censored No Alarm,0,0,0,0,0,1,0.0003201740328222513,,2019-05-27,,0.283
2AGPMEPY,0,0,,,,Censored No Alarm,0,0,0,0,0,1,0.000733517634216696,,2019-05-16,,0.283
2AGPMGGY,0,0,,,,Censored No Alarm,0,0,0,0,0,1,0.000852863653562963,,2019-05-16,,0.283
2AGPMM3Y,0,0,,,,Censored No Alarm,0,0,0,0,0,1,0.0003686094714794308,,2019-05-27,,0.283
2AGPMN9Y,0,0,,,,Censored No Alarm,0,0,0,0,0,1,0.000458163907751441,,2019-05-27,,0.283
2AGPMRDY,0,0,,,,Censored No Alarm,0,0,0,0,0,1,0.0011241650208830833,,2019-05-27,,0.283
2AGPMY1Y,0,0,,,,Censored No Alarm,0,0,0,0,0,1,0.0007635753136128187,,2019-05-16,,0.283
2AGPN6PY,0,0,,,,Censored No Alarm,0,0,0,0,0,1,0.12430864572525024,,2019-05-16,,0.283
2AGPPJAY,0,0,,,,Censored No Alarm,0,0,0,0,0,1,0.0011224636109545827,,2019-05-16,,0.283
2AGPPLLY,1,0,,2023-11-29,,Missed,0,0,0,0,1,0,0.27873843908309937,,2019-05-16,,0.283
2AGPR6YY,0,0,,,,Censored No Alarm,0,0,0,0,0,1,0.0007101747905835509,,2019-05-16,,0.283
2AGPR7RY,0,0,,,,Censored No Alarm,0,0,0,0,0,1,0.0010047086980193853,,2019-05-16,,0.283
2AGPR8EY,0,0,,,,Censored No Alarm,0,0,0,0,0,1,0.0007510129362344742,,2019-05-16,,0.283
2AGPRL8Y,0,0,,,,Censored No Alarm,0,0,0,0,0,1,0.00037008727667853236,,2019-05-27,,0.283
2AGPRMLY,1,0,,2026-03-26,,Missed,0,0,0,0,1,0,0.00841446127742529,,2019-08-13,,0.283
2AGPRMRY,1,0,,2024-08-12,,Missed,0,0,0,0,1,0,0.0004448497493285686,,2019-05-04,,0.283
2AGPRRJY,0,0,,,,Censored No Alarm,0,0,0,0,0,1,0.1365571916103363,,2019-05-04,,0.283
2AGPS2ZY,0,0,,,,Censored No Alarm,0,0,0,0,0,1,0.0008209992083720863,,2019-05-16,,0.283
2AGPSEDY,0,0,,,,Censored No Alarm,0,0,0,0,0,1,0.0006230479921214283,,2019-05-27,,0.283
2AGPSG5Y,0,0,,,,Censored No Alarm,0,0,0,0,0,1,0.002855613362044096,,2019-05-27,,0.283
2AGPSGKY,0,0,,,,Censored No Alarm,0,0,0,0,0,1,0.0005412088357843459,,2019-08-14,,0.283
2AGPSJKY,0,0,,,,Censored No Alarm,0,0,0,0,0,1,0.000947012915275991,,2019-08-14,,0.283
2AGPSRUY,0,0,,,,Censored No Alarm,0,0,0,0,0,1,0.0006573487771674991,,2019-05-16,,0.283
2AGPT2PY,0,0,,,,Censored No Alarm,0,0,0,0,0,1,0.0023243995383381844,,2019-08-14,,0.283
2AGPT48Y,0,0,,,,Censored No Alarm,0,0,0,0,0,1,0.0010225255973637104,,2019-06-01,,0.283
2AGPT7PY,0,0,,,,Censored No Alarm,0,0,0,0,0,1,0.0032160028349608183,,2019-08-13,,0.283
2AGPTL4Y,0,0,,,,Censored No Alarm,0,0,0,0,0,1,0.004083525389432907,,2019-05-27,,0.283
2AGPTVLY,0,0,,,,Censored No Alarm,0,0,0,0,0,1,0.0014888850273564458,,2019-06-01,,0.283
5PG0TA6F,0,0,,,,Censored No Alarm,0,0,0,0,0,1,0.0004490223655011505,,2020-07-14,,0.283
5PG0TAKF,0,0,,,,Censored No Alarm,0,0,0,0,0,1,0.001234146999195218,,2020-05-10,,0.283
5PJEJUHE,0,0,,,,Censored No Alarm,0,0,0,0,0,1,0.0035947212018072605,,2021-12-28,,0.283
5PJJHD9C,0,0,,,,Censored No Alarm,0,0,0,0,0,1,0.0003820046840701252,,2022-07-18,,0.283
5PJJLZTF,0,0,,,,Censored No Alarm,0,0,0,0,0,1,0.0013797770952805877,,2021-12-03,,0.283
5PJKZP4D,0,0,,,,Censored No Alarm,0,0,0,0,0,1,0.0007557212957181036,,2022-08-04,,0.283
5PJVPJGF,0,0,,,,Censored No Alarm,0,0,0,0,0,1,0.0024084383621811867,,2021-05-16,,0.283
5PK10N4B,0,0,,,,Censored No Alarm,0,0,0,0,0,1,0.011716705746948719,,2024-12-22,,0.283
5PK5ZB1B,0,0,,,,Censored No Alarm,0,0,0,0,0,1,0.014850103296339512,,2024-04-29,,0.283
5PKEBJVB,0,0,,,,Censored No Alarm,0,0,0,0,0,1,0.0127163240686059,,2023-11-27,,0.283
5PKVXW6B,0,0,,,,Censored No Alarm,0,0,0,0,0,1,0.012753976508975029,,2024-06-01,,0.283
5QG63PMB,0,0,,,,Censored No Alarm,0,0,0,0,0,1,0.013755995780229568,,2024-05-28,,0.283
5QGBH0MB,0,0,,,,Censored No Alarm,0,0,0,0,0,1,0.012753969989717007,,2023-12-09,,0.283
5QGG5KLB,0,0,,,,Censored No Alarm,0,0,0,0,0,1,0.0011821683729067445,,2023-04-05,,0.283
5QGG5UPB,0,0,,,,Censored No Alarm,0,0,0,0,0,1,0.0024035172536969185,,2022-12-06,,0.283
5QGGAELB,1,1,2025-01-13,2025-06-04,142.0,Early,0,1,0,1,0,0,0.6300848722457886,0.3766941428184509,2023-03-28,657.0,0.283
5QGGHWVB,0,0,,,,Censored No Alarm,0,0,0,0,0,1,0.013920360244810581,,2023-12-16,,0.283
5QH0Z60B,1,1,2024-01-11,2024-05-14,124.0,Early,0,1,0,1,0,0,0.6496784687042236,0.3174687325954437,2023-10-22,81.0,0.283
5QHDKVHB,0,0,,,,Censored No Alarm,0,0,0,0,0,1,0.01588427647948265,,2023-11-17,,0.283
5QHKE66B,0,0,,,,Censored No Alarm,0,0,0,0,0,1,0.013389768078923225,,2024-04-18,,0.283
5QHYP4MB,0,0,,,,Censored No Alarm,0,0,0,0,0,1,0.014638226479291916,,2024-05-15,,0.283
5QJBW5VB,1,1,2024-04-07,2024-05-25,48.0,Early,0,1,0,1,0,0,0.7504850625991821,0.3256020247936249,2024-02-07,60.0,0.283
5QJS57NB,0,0,,,,Censored No Alarm,0,0,0,0,0,1,0.013056791387498379,,2024-01-23,,0.283
5QKBEVWB,0,0,,,,Censored No Alarm,0,0,0,0,0,1,0.013429100625216961,,2023-12-14,,0.283
5QKDK07B,0,0,,,,Censored No Alarm,0,0,0,0,0,1,0.012412025593221188,,2024-12-20,,0.283
5QKHBVPB,0,0,,,,Censored No Alarm,0,0,0,0,0,1,0.01309753954410553,,2024-05-30,,0.283
5QKKSM3B,0,0,,,,Censored No Alarm,0,0,0,0,0,1,0.006307905074208975,,2024-04-06,,0.283
5QKV55TB,0,0,,,,Censored No Alarm,0,0,0,0,0,1,0.012717683799564838,,2024-02-29,,0.283
5QKV6W0B,0,0,,,,Censored No Alarm,0,0,0,0,0,1,0.014638232998549938,,2023-08-14,,0.283
5QKV74SB,0,0,,,,Censored No Alarm,0,0,0,0,0,1,0.0127163240686059,,2024-01-09,,0.283
5QKV778B,0,0,,,,Censored No Alarm,0,0,0,0,0,1,0.014895731583237648,,2024-06-07,,0.283
5QKV7UHB,0,0,,,,Censored No Alarm,0,0,0,0,0,1,0.013712391257286072,,2024-03-04,,0.283
5QKV85UB,0,0,,,,Censored No Alarm,0,0,0,0,0,1,0.013429100625216961,,2023-12-02,,0.283
5QKVAN8B,0,0,,,,Censored No Alarm,0,0,0,0,0,1,0.012753969989717007,,2023-12-24,,0.283
5QKVARLB,0,0,,,,Censored No Alarm,0,0,0,0,0,1,0.010715127922594547,,2023-11-03,,0.283
5QKVATKB,0,0,,,,Censored No Alarm,0,0,0,0,0,1,0.012412025593221188,,2024-01-09,,0.283
5QKVD71B,0,0,,,,Censored No Alarm,0,0,0,0,0,1,0.015082519501447678,,2024-05-10,,0.283
5QKVDDVB,0,0,,,,Censored No Alarm,0,0,0,0,0,1,0.013755995780229568,,2024-06-19,,0.283
5QKVETTB,0,0,,,,Censored No Alarm,0,0,0,0,0,1,0.015681331977248192,,2024-06-27,,0.283
5QKVEUZB,0,0,,,,Censored No Alarm,0,0,0,0,0,1,0.013044465333223343,,2024-04-22,,0.283
5QKVEXJB,0,0,,,,Censored No Alarm,0,0,0,0,0,1,0.014638226479291916,,2023-11-30,,0.283
5QKVGLWB,0,0,,,,Censored No Alarm,0,0,0,0,0,1,0.011716705746948719,,2024-05-08,,0.283
5QKVHPLB,0,0,,,,Censored No Alarm,0,0,0,0,0,1,0.014747945591807365,,2024-05-07,,0.283
5QKVHRMB,0,0,,,,Censored No Alarm,0,0,0,0,0,1,0.016813600435853004,,2024-06-23,,0.283
5QKVVTHB,0,0,,,,Censored No Alarm,0,0,0,0,0,1,0.012063044123351574,,2024-04-15,,0.283
8CGNK9GE,0,0,,,,Censored No Alarm,0,0,0,0,0,1,0.05916402116417885,,2019-05-04,,0.283
8CGR1V5E,0,0,,,,Censored No Alarm,0,0,0,0,0,1,0.0011169901117682457,,2019-06-01,,0.283
8CGSN9XE,0,0,,,,Censored No Alarm,0,0,0,0,0,1,0.0006699858349747956,,2019-05-16,,0.283
8CGSTSRE,0,0,,,,Censored No Alarm,0,0,0,0,0,1,0.0006370613118633628,,2019-05-04,,0.283
8CGT5S2E,1,0,,2024-11-05,,Missed,0,0,0,0,1,0,0.0979570671916008,,2019-06-01,,0.283
8CGTW4VE,0,0,,,,Censored No Alarm,0,0,0,0,0,1,0.0014370721764862537,,2019-06-01,,0.283
8CGTZ9HE,1,1,2023-04-22,2023-07-12,81.0,Early,0,1,0,1,0,0,0.8989039659500122,0.33134374022483826,2019-05-16,1437.0,0.283
8CGU9LLE,0,0,,,,Censored No Alarm,0,0,0,0,0,1,0.0005502454005181789,,2019-05-16,,0.283
8CGV369E,0,0,,,,Censored No Alarm,0,0,0,0,0,1,0.0009641083888709545,,2019-05-16,,0.283
8CGVR04E,0,1,2026-01-07,,,Censored Early,0,0,1,1,0,0,0.3239538073539734,0.31244736909866333,2019-05-16,2428.0,0.283
8CGVTH0E,0,0,,,,Censored No Alarm,0,0,0,0,0,1,0.0005761486245319247,,2019-05-04,,0.283
8CGW3HPE,0,0,,,,Censored No Alarm,0,0,0,0,0,1,0.0005028383457101882,,2019-05-04,,0.283
8CGW6ULE,0,0,,,,Censored No Alarm,0,0,0,0,0,1,0.0006918556173332036,,2019-05-04,,0.283
8CGWPGEE,0,0,,,,Censored No Alarm,0,0,0,0,0,1,0.0006797087844461203,,2019-05-16,,0.283
8CGXKYVE,0,0,,,,Censored No Alarm,0,0,0,0,0,1,0.0007965717231854796,,2019-05-04,,0.283
8CGXNNUE,1,1,2022-05-03,2022-05-10,7.0,On time,1,0,0,0,0,0,0.35207122564315796,0.30281001329421997,2019-06-01,1067.0,0.283
8CGY4KUE,0,0,,,,Censored No Alarm,0,0,0,0,0,1,0.001445481088012457,,2019-05-16,,0.283
8CGYJ5TE,0,0,,,,Censored No Alarm,0,0,0,0,0,1,0.001112784375436604,,2019-06-01,,0.283
8CGYVS8E,0,0,,,,Censored No Alarm,0,0,0,0,0,1,0.0004456266760826111,,2019-06-01,,0.283
8CGYW96E,0,0,,,,Censored No Alarm,0,0,0,0,0,1,0.0329931378364563,,2019-06-01,,0.283
8CGYXB6E,0,0,,,,Censored No Alarm,0,0,0,0,0,1,0.006101302336901426,,2019-08-13,,0.283
8CGZ8K3E,0,0,,,,Censored No Alarm,0,0,0,0,0,1,0.0005419646040536463,,2019-05-04,,0.283
8CGZ8S1E,0,0,,,,Censored No Alarm,0,0,0,0,0,1,0.0006356560625135899,,2019-05-04,,0.283
8CGZ8SDE,0,0,,,,Censored No Alarm,0,0,0,0,0,1,0.20848514139652252,,2019-05-04,,0.283
8CGZB98E,0,0,,,,Censored No Alarm,0,0,0,0,0,1,0.0003002159355673939,,2019-08-14,,0.283
8CGZB9VE,0,0,,,,Censored No Alarm,0,0,0,0,0,1,0.00057741638738662,,2019-06-01,,0.283
8CGZKBME,0,0,,,,Censored No Alarm,0,0,0,0,0,1,0.06573159247636795,,2019-05-04,,0.283
8CGZKDHE,0,0,,,,Censored No Alarm,0,0,0,0,0,1,0.00105983333196491,,2019-05-04,,0.283
8CGZMEAE,0,0,,,,Censored No Alarm,0,0,0,0,0,1,0.0008840662194415927,,2019-05-04,,0.283
8CH02WUE,0,0,,,,Censored No Alarm,0,0,0,0,0,1,0.0003689216682687402,,2019-08-14,,0.283
8CH05AGE,0,0,,,,Censored No Alarm,0,0,0,0,0,1,0.0007625416037626565,,2019-05-04,,0.283
8CH06AGE,0,0,,,,Censored No Alarm,0,0,0,0,0,1,0.0006722922553308308,,2019-05-16,,0.283
8CH06B5E,0,0,,,,Censored No Alarm,0,0,0,0,0,1,0.0006659110658802092,,2019-05-04,,0.283
8CH06E7E,0,0,,,,Censored No Alarm,0,0,0,0,0,1,0.0006606851238757372,,2019-05-04,,0.283
8CH06EDE,0,0,,,,Censored No Alarm,0,0,0,0,0,1,0.0017225418705493212,,2019-06-01,,0.283
8CH0869E,0,0,,,,Censored No Alarm,0,0,0,0,0,1,0.0008688928792253137,,2019-05-04,,0.283
8CH08RNE,0,0,,,,Censored No Alarm,0,0,0,0,0,1,0.0013704990269616246,,2019-08-14,,0.283
8CH09GGE,0,0,,,,Censored No Alarm,0,0,0,0,0,1,0.0012021827278658748,,2019-06-01,,0.283
8CH0BYPE,0,0,,,,Censored No Alarm,0,0,0,0,0,1,0.0007172555779106915,,2019-08-13,,0.283
8CH0BYTE,0,0,,,,Censored No Alarm,0,0,0,0,0,1,0.0007618911331519485,,2019-06-01,,0.283
8CH0DM8E,0,0,,,,Censored No Alarm,0,0,0,0,0,1,0.00038675704854540527,,2019-08-14,,0.283
8CH0GNLE,0,0,,,,Censored No Alarm,0,0,0,0,0,1,0.0006561045302078128,,2019-05-04,,0.283
8CH0GNNE,0,0,,,,Censored No Alarm,0,0,0,0,0,1,0.01224328763782978,,2019-05-04,,0.283
8CH0GNSE,0,0,,,,Censored No Alarm,0,0,0,0,0,1,0.0013576230267062783,,2019-05-16,,0.283
8CH0HRKE,0,0,,,,Censored No Alarm,0,0,0,0,0,1,0.000671574380248785,,2019-06-01,,0.283
8CH0HTRE,0,0,,,,Censored No Alarm,0,0,0,0,0,1,0.0011619736906141043,,2019-06-01,,0.283
8CH0L5PE,0,0,,,,Censored No Alarm,0,0,0,0,0,1,0.0004435903683770448,,2019-06-01,,0.283
8CH0R06E,0,0,,,,Censored No Alarm,0,0,0,0,0,1,0.0005077176028862596,,2019-05-04,,0.283
8CH0R3YE,0,0,,,,Censored No Alarm,0,0,0,0,0,1,0.07666250318288803,,2019-08-13,,0.283
8CH0TLTE,0,0,,,,Censored No Alarm,0,0,0,0,0,1,0.0008033016929402947,,2019-08-13,,0.283
8CH0TLUE,0,0,,,,Censored No Alarm,0,0,0,0,0,1,0.0004968688008375466,,2019-06-01,,0.283
8CH0TN2E,0,0,,,,Censored No Alarm,0,0,0,0,0,1,0.0007909080595709383,,2019-06-01,,0.283
8CH0TN3E,0,0,,,,Censored No Alarm,0,0,0,0,0,1,0.000865271664224565,,2019-08-13,,0.283
8CH0TVRE,0,0,,,,Censored No Alarm,0,0,0,0,0,1,0.0006999305915087461,,2019-08-14,,0.283
8CH0V7TE,0,0,,,,Censored No Alarm,0,0,0,0,0,1,0.04050682485103607,,2019-06-01,,0.283
8CH0VH1E,0,0,,,,Censored No Alarm,0,0,0,0,0,1,0.0006647355039604008,,2019-05-16,,0.283
8CH0VW0E,0,0,,,,Censored No Alarm,0,0,0,0,0,1,0.0004988187574781477,,2019-06-01,,0.283
8CH11KPE,0,0,,,,Censored No Alarm,0,0,0,0,0,1,0.0007485962705686688,,2019-05-04,,0.283
8CH13D7E,0,0,,,,Censored No Alarm,0,0,0,0,0,1,0.000358704972313717,,2019-06-01,,0.283
8CH13DAE,0,0,,,,Censored No Alarm,0,0,0,0,0,1,0.0008117793477140367,,2019-06-01,,0.283
8CH15D3E,0,0,,,,Censored No Alarm,0,0,0,0,0,1,0.05879700183868408,,2019-05-16,,0.283
8CH15YME,0,0,,,,Censored No Alarm,0,0,0,0,0,1,0.0003698266518767923,,2019-06-01,,0.283
8CH160KE,0,0,,,,Censored No Alarm,0,0,0,0,0,1,0.0007238085963763297,,2019-08-14,,0.283
8CH16PBE,0,0,,,,Censored No Alarm,0,0,0,0,0,1,0.007809483911842108,,2019-06-01,,0.283
8CH16ZDE,0,0,,,,Censored No Alarm,0,0,0,0,0,1,0.0007988779689185321,,2019-06-01,,0.283
8CH16ZUE,0,0,,,,Censored No Alarm,0,0,0,0,0,1,0.0007628821185790002,,2019-06-01,,0.283
8CH17M9E,0,0,,,,Censored No Alarm,0,0,0,0,0,1,0.00036128851934336126,,2019-06-01,,0.283
8CH17MHE,0,0,,,,Censored No Alarm,0,0,0,0,0,1,0.0006142330239526927,,2019-08-13,,0.283
8CH190UE,1,1,2020-12-10,2022-03-26,471.0,Early,0,1,0,1,0,0,0.33787408471107483,0.30570873618125916,2019-08-13,485.0,0.283
8CH1APUE,1,1,2025-07-06,2025-09-18,74.0,Early,0,1,0,1,0,0,0.3256758749485016,0.31430748105049133,2019-06-01,2227.0,0.283
8CH1AR5E,0,0,,,,Censored No Alarm,0,0,0,0,0,1,0.0005619962466880679,,2019-05-04,,0.283
8CH1ARHE,1,0,,2023-09-28,,Missed,0,0,0,0,1,0,0.0360044501721859,,2019-06-01,,0.283
8CH1WBME,1,0,,2024-05-05,,Missed,0,0,0,0,1,0,0.02623075246810913,,2019-05-04,,0.283
8CH1XHUE,0,0,,,,Censored No Alarm,0,0,0,0,0,1,0.0007966962293721735,,2019-05-04,,0.283
8CH4AT4E,0,0,,,,Censored No Alarm,0,0,0,0,0,1,0.00043283647391945124,,2019-05-27,,0.283
8CH4X3TE,1,0,,2022-10-12,,Missed,0,0,0,0,1,0,0.0036068351473659277,,2019-05-16,,0.283
8CH4YM4E,1,0,,2023-03-03,,Missed,0,0,0,0,1,0,0.01678488403558731,,2019-05-16,,0.283
8CH4YM6E,1,0,,2025-03-13,,Missed,0,0,0,0,1,0,0.26033416390419006,,2019-05-16,,0.283
8CH4YN8E,1,0,,2024-04-09,,Missed,0,0,0,0,1,0,0.0943431705236435,,2019-05-16,,0.283
8CH4Z6UE,0,0,,,,Censored No Alarm,0,0,0,0,0,1,0.0011200860608369112,,2019-05-16,,0.283
8CH5214E,1,1,2024-01-17,2024-02-15,29.0,On time,1,0,0,0,0,0,0.37024712562561035,0.30843403935432434,2019-05-16,1707.0,0.283
8CH52U5E,0,0,,,,Censored No Alarm,0,0,0,0,0,1,0.0005801760707981884,,2019-05-16,,0.283
8CH5B9LE,0,0,,,,Censored No Alarm,0,0,0,0,0,1,0.001145411399193108,,2019-05-16,,0.283
8CH5E8EE,1,0,,2023-04-04,,Missed,0,0,0,0,1,0,0.0715283751487732,,2019-05-16,,0.283
8CH5HRYE,1,0,,2024-12-24,,Missed,0,0,0,0,1,0,0.2352573424577713,,2019-05-16,,0.283
8CHRG6JE,0,0,,,,Censored No Alarm,0,0,0,0,0,1,0.0006723806727677584,,2019-11-25,,0.283
8CHU2WSE,0,0,,,,Censored No Alarm,0,0,0,0,0,1,0.0014136502286419272,,2020-06-18,,0.283
8CHU7R9E,1,0,,2024-11-09,,Missed,0,0,0,0,1,0,0.026325048878788948,,2021-05-05,,0.283
8CHUHHXE,0,0,,,,Censored No Alarm,0,0,0,0,0,1,0.026272201910614967,,2020-06-26,,0.283
8CJMA59E,0,0,,,,Censored No Alarm,0,0,0,0,0,1,0.014895731583237648,,2024-04-02,,0.283
8DG1BB5Y,0,0,,,,Censored No Alarm,0,0,0,0,0,1,0.012412025593221188,,2024-12-20,,0.283
8DG3MU5D,0,0,,,,Censored No Alarm,0,0,0,0,0,1,0.002400499302893877,,2018-07-12,,0.283
8DG4SAUD,0,0,,,,Censored No Alarm,0,0,0,0,0,1,0.002815722720697522,,2018-07-12,,0.283
8DG4SAZD,0,0,,,,Censored No Alarm,0,0,0,0,0,1,0.0009322677506133914,,2018-07-12,,0.283
8DG52U7D,0,0,,,,Censored No Alarm,0,0,0,0,0,1,0.0028963207732886076,,2018-07-12,,0.283
8DG52W9D,0,0,,,,Censored No Alarm,0,0,0,0,0,1,0.0008754843729548156,,2018-07-12,,0.283
8DG52WND,0,0,,,,Censored No Alarm,0,0,0,0,0,1,0.0012835328234359622,,2018-07-12,,0.283
8DG6S3UD,1,0,,2024-06-11,,Missed,0,0,0,0,1,0,0.05818239971995354,,2018-07-12,,0.283
8DG88GTY,0,0,,,,Censored No Alarm,0,0,0,0,0,1,0.012063044123351574,,2025-01-01,,0.283
8DG93TXY,0,0,,,,Censored No Alarm,0,0,0,0,0,1,0.014359472319483757,,2024-04-01,,0.283
8DJE2HWH,0,0,,,,Censored No Alarm,0,0,0,0,0,1,0.00046036075218580663,,2019-01-05,,0.283
8DJEPPSH,0,0,,,,Censored No Alarm,0,0,0,0,0,1,0.00047138010268099606,,2019-01-05,,0.283
8DJEPTWH,0,0,,,,Censored No Alarm,0,0,0,0,0,1,0.0004856763407588005,,2019-01-05,,0.283
8DJEUXLH,0,1,2019-03-28,,,Censored Early,0,0,1,1,0,0,0.3508017063140869,0.3097224533557892,2019-01-05,82.0,0.283
8DK5NDLH,0,0,,,,Censored No Alarm,0,0,0,0,0,1,0.001431620097719133,,2020-01-03,,0.283
8DKHU24H,0,0,,,,Censored No Alarm,0,0,0,0,0,1,0.001034399145282805,,2019-12-29,,0.283
8DKUD8AH,0,0,,,,Censored No Alarm,0,0,0,0,0,1,0.000607149675488472,,2019-01-05,,0.283
8DKV390H,0,0,,,,Censored No Alarm,0,0,0,0,0,1,0.0013897285098209977,,2019-03-01,,0.283
8HG28M3H,0,0,,,,Censored No Alarm,0,0,0,0,0,1,0.00048442083061672747,,2019-03-01,,0.283
8HG7LGUH,1,0,,2025-06-01,,Missed,0,0,0,0,1,0,0.18049024045467377,,2019-06-01,,0.283
8HGBYHPH,0,0,,,,Censored No Alarm,0,0,0,0,0,1,0.0013066640822216868,,2021-10-03,,0.283
8HGNAB0H,0,0,,,,Censored No Alarm,0,0,0,0,0,1,0.0009727621800266206,,2019-03-28,,0.283
8HGZPYVH,0,1,2023-01-21,,,Censored Early,0,0,1,1,0,0,0.3119811713695526,0.29462507367134094,2019-01-05,1477.0,0.283
8HH12ZPH,0,0,,,,Censored No Alarm,0,0,0,0,0,1,0.0007756563136354089,,2018-11-14,,0.283
8HH5JYSH,0,0,,,,Censored No Alarm,0,0,0,0,0,1,0.00160979013890028,,2018-11-14,,0.283
8HH8BNRH,0,0,,,,Censored No Alarm,0,0,0,0,0,1,0.001027950900606811,,2019-03-28,,0.283
8HH8P7RH,0,0,,,,Censored No Alarm,0,0,0,0,0,1,0.0007683123694732785,,2019-03-02,,0.283
8HH901KH,0,0,,,,Censored No Alarm,0,0,0,0,0,1,0.0009475417900830507,,2019-03-28,,0.283
8HH9ZRUH,0,0,,,,Censored No Alarm,0,0,0,0,0,1,0.0008582800510339439,,2019-03-01,,0.283
8HHARE1H,1,1,2023-03-13,2023-03-24,11.0,On time,1,0,0,0,0,0,0.44689446687698364,0.30275630950927734,2019-08-13,1308.0,0.283
8HHARGBH,0,0,,,,Censored No Alarm,0,0,0,0,0,1,0.0006338943494483829,,2019-03-02,,0.283
8HHATBKH,0,0,,,,Censored No Alarm,0,0,0,0,0,1,0.0008107689209282398,,2019-03-01,,0.283
8HHJXENH,0,0,,,,Censored No Alarm,0,0,0,0,0,1,0.0010948276612907648,,2019-01-05,,0.283
8HHNHSUH,1,0,,2024-12-06,,Missed,0,0,0,0,1,0,0.1392124891281128,,2019-05-04,,0.283
8HHPUREH,1,0,,2024-05-16,,Missed,0,0,0,0,1,0,0.23300348222255707,,2018-11-14,,0.283
8HHT1P2H,0,0,,,,Censored No Alarm,0,0,0,0,0,1,0.01155773550271988,,2018-11-14,,0.283
8HHTWXYH,0,0,,,,Censored No Alarm,0,0,0,0,0,1,0.0006908943178132176,,2018-11-14,,0.283
8HHZ6MGH,0,0,,,,Censored No Alarm,0,0,0,0,0,1,0.0007398707675747573,,2018-11-14,,0.283
8HJ1NNDH,0,0,,,,Censored No Alarm,0,0,0,0,0,1,0.0015659559285268188,,2018-11-14,,0.283
8HJ6SJAH,0,0,,,,Censored No Alarm,0,0,0,0,0,1,0.038370683789253235,,2018-11-14,,0.283
8HJ6SJTH,0,0,,,,Censored No Alarm,0,0,0,0,0,1,0.0007890707347542048,,2018-11-14,,0.283
8HJ74BPH,0,0,,,,Censored No Alarm,0,0,0,0,0,1,0.0012869567144662142,,2018-11-14,,0.283
8HJ7UJHH,0,0,,,,Censored No Alarm,0,0,0,0,0,1,0.0008968103211373091,,2018-11-14,,0.283
8HJ7Y9BH,0,0,,,,Censored No Alarm,0,0,0,0,0,1,0.043082501739263535,,2018-11-14,,0.283
8HJ7Z0DH,0,0,,,,Censored No Alarm,0,0,0,0,0,1,0.0008892195764929056,,2019-05-04,,0.283
8HJ7Z10H,0,0,,,,Censored No Alarm,0,0,0,0,0,1,0.001176383811980486,,2018-11-14,,0.283
8HJ7Z1MH,0,0,,,,Censored No Alarm,0,0,0,0,0,1,0.007814853452146053,,2018-11-14,,0.283
8HJ86APH,0,0,,,,Censored No Alarm,0,0,0,0,0,1,0.032669998705387115,,2018-11-14,,0.283
8HJ86NXH,0,0,,,,Censored No Alarm,0,0,0,0,0,1,0.000658271019347012,,2019-05-04,,0.283
8HJ8LEXH,0,0,,,,Censored No Alarm,0,0,0,0,0,1,0.10423612594604492,,2019-05-04,,0.283
8HJ8LKMH,1,0,,2026-03-14,,Missed,0,0,0,0,1,0,0.1818203628063202,,2018-11-14,,0.283
8HJ91WDH,0,0,,,,Censored No Alarm,0,0,0,0,0,1,0.000649775902274996,,2019-05-04,,0.283
8HJ94EVH,0,0,,,,Censored No Alarm,0,0,0,0,0,1,0.0016373300459235907,,2018-11-14,,0.283
8HJ9JWTH,0,0,,,,Censored No Alarm,0,0,0,0,0,1,0.0004367888323031366,,2018-11-14,,0.283
8HJ9K7HH,1,0,,2025-01-28,,Missed,0,0,0,0,1,0,0.2708863317966461,,2018-11-14,,0.283
8HJ9KKGH,0,0,,,,Censored No Alarm,0,0,0,0,0,1,0.0006527329096570611,,2019-05-04,,0.283
8HJ9KN1H,0,0,,,,Censored No Alarm,0,0,0,0,0,1,0.00102872378192842,,2018-11-14,,0.283
8HJ9LS1H,0,0,,,,Censored No Alarm,0,0,0,0,0,1,0.0006857827538624406,,2018-11-14,,0.283
8HJ9M5NH,0,0,,,,Censored No Alarm,0,0,0,0,0,1,0.0008700974867679179,,2018-11-14,,0.283
8HJ9M94H,0,0,,,,Censored No Alarm,0,0,0,0,0,1,0.0011576882097870111,,2018-11-14,,0.283
8HJ9MZBH,0,0,,,,Censored No Alarm,0,0,0,0,0,1,0.0006762200500816107,,2019-05-04,,0.283
8HJ9NHPH,0,0,,,,Censored No Alarm,0,0,0,0,0,1,0.0007062995573505759,,2018-11-14,,0.283
8HJ9NKKH,0,0,,,,Censored No Alarm,0,0,0,0,0,1,0.0020830954890698195,,2018-11-14,,0.283
8HJ9RYSH,0,0,,,,Censored No Alarm,0,0,0,0,0,1,0.0016374766128137708,,2018-11-14,,0.283
8HJ9S05H,0,0,,,,Censored No Alarm,0,0,0,0,0,1,0.0007267755572684109,,2018-11-14,,0.283
8HJ9S0EH,0,0,,,,Censored No Alarm,0,0,0,0,0,1,0.0010792840039357543,,2018-11-14,,0.283
8HJ9Y3ZH,0,0,,,,Censored No Alarm,0,0,0,0,0,1,0.0006274089100770652,,2019-05-04,,0.283
8HJA085H,0,0,,,,Censored No Alarm,0,0,0,0,0,1,0.0011264821514487267,,2018-11-14,,0.283
8HJA2DPH,0,0,,,,Censored No Alarm,0,0,0,0,0,1,0.0009436305263079703,,2018-11-14,,0.283
8HJA8DBH,0,0,,,,Censored No Alarm,0,0,0,0,0,1,0.0008569565834477544,,2018-11-14,,0.283
8HJBNYTH,0,0,,,,Censored No Alarm,0,0,0,0,0,1,0.1344694048166275,,2019-01-05,,0.283
8HJDK12H,0,0,,,,Censored No Alarm,0,0,0,0,0,1,0.0009912196546792984,,2018-11-14,,0.283
8HJDX4PH,0,0,,,,Censored No Alarm,0,0,0,0,0,1,0.0014961716951802373,,2018-11-14,,0.283
8HJEY89H,0,0,,,,Censored No Alarm,0,0,0,0,0,1,0.0005096428212709725,,2019-03-01,,0.283
8HJG85RH,0,0,,,,Censored No Alarm,0,0,0,0,0,1,0.0007782268803566694,,2019-03-01,,0.283
8HJGZPXH,0,0,,,,Censored No Alarm,0,0,0,0,0,1,0.0010838783346116543,,2018-11-14,,0.283
8HJH62EH,0,0,,,,Censored No Alarm,0,0,0,0,0,1,0.002314077690243721,,2018-11-14,,0.283
8HJH8RWH,0,0,,,,Censored No Alarm,0,0,0,0,0,1,0.0018757140496745706,,2019-03-01,,0.283
8HJK2HSH,0,0,,,,Censored No Alarm,0,0,0,0,0,1,0.00883423537015915,,2018-11-14,,0.283
8HJLKZRH,0,0,,,,Censored No Alarm,0,0,0,0,0,1,0.000978059251792729,,2018-11-14,,0.283
8HJRD7PH,0,0,,,,Censored No Alarm,0,0,0,0,0,1,0.00031308530014939606,,2019-03-01,,0.283
8HJRUMWH,0,0,,,,Censored No Alarm,0,0,0,0,0,1,0.001606240519322455,,2018-11-14,,0.283
8HJRVW4H,0,0,,,,Censored No Alarm,0,0,0,0,0,1,0.006013996433466673,,2018-11-14,,0.283
8HJUGTVH,0,0,,,,Censored No Alarm,0,0,0,0,0,1,0.23608553409576416,,2018-11-14,,0.283
8HJVJKPH,0,0,,,,Censored No Alarm,0,0,0,0,0,1,0.001093670492991805,,2018-11-14,,0.283
8HJVUAGH,0,0,,,,Censored No Alarm,0,0,0,0,0,1,0.0014312786515802145,,2018-11-14,,0.283
8HJWBJXH,0,0,,,,Censored No Alarm,0,0,0,0,0,1,0.0015403998550027609,,2018-11-14,,0.283
8HJWHD6H,0,0,,,,Censored No Alarm,0,0,0,0,0,1,0.0017521699192002416,,2018-11-14,,0.283
8HJWHEJH,0,0,,,,Censored No Alarm,0,0,0,0,0,1,0.0006536803557537496,,2019-03-28,,0.283
8HJXG0WH,1,0,,2022-05-01,,Missed,0,0,0,0,1,0,0.004444014746695757,,2018-11-14,,0.283
8HJXKBDH,0,0,,,,Censored No Alarm,0,0,0,0,0,1,0.0004921593936160207,,2019-03-01,,0.283
8HJXU87H,0,0,,,,Censored No Alarm,0,0,0,0,0,1,0.10759361833333969,,2018-11-14,,0.283
8HJY20MH,0,0,,,,Censored No Alarm,0,0,0,0,0,1,0.0017876677447929978,,2018-11-14,,0.283
8HJYTXWH,0,0,,,,Censored No Alarm,0,0,0,0,0,1,0.0016115185571834445,,2018-11-14,,0.283
8HJYU0JH,0,0,,,,Censored No Alarm,0,0,0,0,0,1,0.0018921844894066453,,2018-11-14,,0.283
8HJYZNZH,0,0,,,,Censored No Alarm,0,0,0,0,0,1,0.0012218626216053963,,2018-11-14,,0.283
8HJZ13TH,0,0,,,,Censored No Alarm,0,0,0,0,0,1,0.00105811539106071,,2018-11-14,,0.283
8HJZADEH,0,0,,,,Censored No Alarm,0,0,0,0,0,1,0.0014974772930145264,,2018-11-14,,0.283
8HJZEG6H,1,0,,2023-11-17,,Missed,0,0,0,0,1,0,0.12219789624214172,,2018-11-14,,0.283
8HJZG4AH,0,0,,,,Censored No Alarm,0,0,0,0,0,1,0.0013446989469230175,,2018-11-14,,0.283
8HJZNVWH,0,0,,,,Censored No Alarm,0,0,0,0,0,1,0.0022574961185455322,,2018-11-14,,0.283
8HK087WH,0,0,,,,Censored No Alarm,0,0,0,0,0,1,0.1533709615468979,,2018-11-14,,0.283
8HK0HH3H,0,0,,,,Censored No Alarm,0,0,0,0,0,1,0.0004898757906630635,,2018-11-14,,0.283
8HK12NNH,0,0,,,,Censored No Alarm,0,0,0,0,0,1,0.0004868963442277163,,2018-11-14,,0.283
8HK17SKH,0,1,2025-09-24,,,Censored Early,0,0,1,1,0,0,0.35032302141189575,0.3140897750854492,2018-11-14,2506.0,0.283
8HK17SWH,0,0,,,,Censored No Alarm,0,0,0,0,0,1,0.0010966892587020993,,2018-11-14,,0.283
8HK17SYH,0,0,,,,Censored No Alarm,0,0,0,0,0,1,0.14884638786315918,,2018-11-14,,0.283
8HK19K9H,0,0,,,,Censored No Alarm,0,0,0,0,0,1,0.0011749928817152977,,2018-11-14,,0.283
8HK19KVH,0,0,,,,Censored No Alarm,0,0,0,0,0,1,0.0008791411528363824,,2018-11-14,,0.283
8HK1KY3H,0,0,,,,Censored No Alarm,0,0,0,0,0,1,0.00097870291210711,,2018-11-14,,0.283
8HK1LYPH,0,0,,,,Censored No Alarm,0,0,0,0,0,1,0.0008530846680514514,,2018-11-14,,0.283
8HK1N18H,0,0,,,,Censored No Alarm,0,0,0,0,0,1,0.0008116787648759782,,2018-11-14,,0.283
8HK1PV7H,0,0,,,,Censored No Alarm,0,0,0,0,0,1,0.0007766704075038433,,2018-11-14,,0.283
8HK1UULH,0,0,,,,Censored No Alarm,0,0,0,0,0,1,0.001606481266207993,,2018-11-14,,0.283
8HK1XAAH,1,0,,2021-10-24,,Missed,0,0,0,0,1,0,0.00013454337022267282,,2018-11-14,,0.283
8HK224GH,0,0,,,,Censored No Alarm,0,0,0,0,0,1,0.0008919009706005454,,2018-11-14,,0.283
8HK25XSH,0,0,,,,Censored No Alarm,0,0,0,0,0,1,0.2157757580280304,,2018-11-14,,0.283
8HK266WH,0,0,,,,Censored No Alarm,0,0,0,0,0,1,0.009817814454436302,,2018-11-14,,0.283
8HK28TJH,0,0,,,,Censored No Alarm,0,0,0,0,0,1,0.0015342049300670624,,2018-11-14,,0.283
8HK28Y0H,0,0,,,,Censored No Alarm,0,0,0,0,0,1,0.0009121178300119936,,2018-11-14,,0.283
8HK2A1EH,0,0,,,,Censored No Alarm,0,0,0,0,0,1,0.0010548110585659742,,2019-06-01,,0.283
8HK2BA6H,0,0,,,,Censored No Alarm,0,0,0,0,0,1,0.001029767096042633,,2018-11-14,,0.283
8HK2BAEH,0,0,,,,Censored No Alarm,0,0,0,0,0,1,0.0009395136730745435,,2018-11-14,,0.283
8HK2DVKH,0,0,,,,Censored No Alarm,0,0,0,0,0,1,0.0011313898721709847,,2018-11-14,,0.283
8HK2JXUH,0,0,,,,Censored No Alarm,0,0,0,0,0,1,0.0005719046457670629,,2019-03-28,,0.283
8HK2KY6H,0,0,,,,Censored No Alarm,0,0,0,0,0,1,0.0016682849964126945,,2018-11-14,,0.283
8HK2MXPH,0,0,,,,Censored No Alarm,0,0,0,0,0,1,0.002076209057122469,,2018-11-14,,0.283
8HK2RMWH,0,0,,,,Censored No Alarm,0,0,0,0,0,1,0.011032486334443092,,2018-11-14,,0.283
8HK2RNWH,0,0,,,,Censored No Alarm,0,0,0,0,0,1,0.0008373819873668253,,2018-11-14,,0.283
8HK2RP9H,0,0,,,,Censored No Alarm,0,0,0,0,0,1,0.0010355078848078847,,2018-11-14,,0.283
8HK2VLMH,0,0,,,,Censored No Alarm,0,0,0,0,0,1,0.0007537452620454133,,2018-11-14,,0.283
8HK2X4YH,0,0,,,,Censored No Alarm,0,0,0,0,0,1,0.0011785821989178658,,2018-11-14,,0.283
8HK2ZPDH,0,0,,,,Censored No Alarm,0,0,0,0,0,1,0.0008796532056294382,,2019-05-04,,0.283
8HK2ZT1H,0,0,,,,Censored No Alarm,0,0,0,0,0,1,0.0008838678477331996,,2018-11-14,,0.283
8HK31WMH,0,0,,,,Censored No Alarm,0,0,0,0,0,1,0.0008930694311857224,,2019-05-04,,0.283
8HK31Y8H,0,0,,,,Censored No Alarm,0,0,0,0,0,1,0.0006895349943079054,,2018-11-14,,0.283
8HK341ZH,0,0,,,,Censored No Alarm,0,0,0,0,0,1,0.013522203080356121,,2018-11-14,,0.283
8HK34EZH,0,0,,,,Censored No Alarm,0,0,0,0,0,1,0.0011903452686965466,,2018-11-14,,0.283
8HK3BWZH,0,0,,,,Censored No Alarm,0,0,0,0,0,1,0.013984881341457367,,2018-11-14,,0.283
8HK3GTLH,0,0,,,,Censored No Alarm,0,0,0,0,0,1,0.01802419126033783,,2018-11-14,,0.283
8HK3GUXH,0,0,,,,Censored No Alarm,0,0,0,0,0,1,0.0010696600656956434,,2018-11-14,,0.283
8HK3MMSH,0,0,,,,Censored No Alarm,0,0,0,0,0,1,0.001836183131672442,,2018-11-14,,0.283
8HK3NG2H,0,0,,,,Censored No Alarm,0,0,0,0,0,1,0.0014115194790065289,,2018-11-14,,0.283
8HK3NJMH,0,0,,,,Censored No Alarm,0,0,0,0,0,1,0.000965363928116858,,2018-11-14,,0.283
8HK41HEH,0,0,,,,Censored No Alarm,0,0,0,0,0,1,0.00045814100303687155,,2018-11-14,,0.283
8HK69BMH,0,0,,,,Censored No Alarm,0,0,0,0,0,1,0.0019614803604781628,,2019-03-01,,0.283
8HK6T2AH,0,0,,,,Censored No Alarm,0,0,0,0,0,1,0.0011495694052428007,,2018-11-14,,0.283
8HK6TL7H,0,0,,,,Censored No Alarm,0,0,0,0,0,1,0.0008776797913014889,,2018-11-14,,0.283
8HK6UUDH,0,0,,,,Censored No Alarm,0,0,0,0,0,1,0.000749520375393331,,2019-03-28,,0.283
8HK6V14H,0,0,,,,Censored No Alarm,0,0,0,0,0,1,0.001187422894872725,,2018-11-14,,0.283
8HK6VSKH,1,1,2024-03-07,2024-03-10,3.0,On time,1,0,0,0,0,0,0.4796222150325775,0.3158490061759949,2018-11-14,1940.0,0.283
8HK70X7H,0,0,,,,Censored No Alarm,0,0,0,0,0,1,0.009751154109835625,,2018-11-14,,0.283
8HK7194H,0,0,,,,Censored No Alarm,0,0,0,0,0,1,0.27567973732948303,,2018-11-14,,0.283
8HK72J0H,0,0,,,,Censored No Alarm,0,0,0,0,0,1,0.0014973189681768417,,2018-11-14,,0.283
8HK7DKMH,0,0,,,,Censored No Alarm,0,0,0,0,0,1,0.00025149472639895976,,2019-03-02,,0.283
8HK7E5DH,0,0,,,,Censored No Alarm,0,0,0,0,0,1,0.0012670126743614674,,2018-11-14,,0.283
8HK7E68H,0,0,,,,Censored No Alarm,0,0,0,0,0,1,0.0008490146137773991,,2018-11-14,,0.283
8HK7H58H,0,0,,,,Censored No Alarm,0,0,0,0,0,1,0.001660397625528276,,2018-11-14,,0.283
8HK80P1H,0,0,,,,Censored No Alarm,0,0,0,0,0,1,0.027978060767054558,,2019-01-05,,0.283
8HKB2WEH,0,0,,,,Censored No Alarm,0,0,0,0,0,1,0.03550833836197853,,2019-01-05,,0.283
8HKB3M2H,0,0,,,,Censored No Alarm,0,0,0,0,0,1,0.00046530732652172446,,2019-01-05,,0.283
8HKB4R4H,0,0,,,,Censored No Alarm,0,0,0,0,0,1,0.0010151660535484552,,2019-05-04,,0.283
8HKBBKKH,0,0,,,,Censored No Alarm,0,0,0,0,0,1,0.2358975112438202,,2018-11-14,,0.283
8HKBYNVH,0,0,,,,Censored No Alarm,0,0,0,0,0,1,0.0005802717059850693,,2019-05-04,,0.283
8HKE039H,0,0,,,,Censored No Alarm,0,0,0,0,0,1,0.07647258043289185,,2018-11-14,,0.283
8HKE6E1H,0,0,,,,Censored No Alarm,0,0,0,0,0,1,0.0009151785052381456,,2019-01-05,,0.283
8HKE8S7H,0,0,,,,Censored No Alarm,0,0,0,0,0,1,0.048216842114925385,,2019-01-05,,0.283
8HKEAWEH,0,0,,,,Censored No Alarm,0,0,0,0,0,1,0.0008608908974565566,,2019-06-01,,0.283
8HKEKYRH,0,0,,,,Censored No Alarm,0,0,0,0,0,1,0.0006028052885085344,,2019-06-01,,0.283
8HKG0GWH,0,0,,,,Censored No Alarm,0,0,0,0,0,1,0.0010679516708478332,,2019-01-05,,0.283
8HKHPZHH,0,0,,,,Censored No Alarm,0,0,0,0,0,1,0.001124326721765101,,2019-06-01,,0.283
8HKJ4MAH,0,0,,,,Censored No Alarm,0,0,0,0,0,1,0.0009940387681126595,,2019-03-01,,0.283
8HKJ5KDH,1,0,,2025-06-29,,Missed,0,0,0,0,1,0,0.000843623245600611,,2018-11-14,,0.283
8HKL6STH,0,0,,,,Censored No Alarm,0,0,0,0,0,1,0.0007501316722482443,,2019-03-02,,0.283
8HKLRUSH,0,1,2026-02-12,,,Censored Early,0,0,1,1,0,0,0.3164842128753662,0.2851976752281189,2019-03-01,2540.0,0.283
8HKM415H,0,0,,,,Censored No Alarm,0,0,0,0,0,1,0.00042832235340029,,2019-03-01,,0.283
8HKM5RVH,0,0,,,,Censored No Alarm,0,0,0,0,0,1,0.0009250811999663711,,2019-03-28,,0.283
8HKM654H,0,0,,,,Censored No Alarm,0,0,0,0,0,1,0.0005692008417099714,,2019-03-28,,0.283
8HKM9Z1H,0,0,,,,Censored No Alarm,0,0,0,0,0,1,0.0006944059859961271,,2019-03-28,,0.283
8HKMR21H,1,0,,2020-09-02,,Missed,0,0,0,0,1,0,0.26158207654953003,,2019-03-28,,0.283
8HKNMW1H,0,0,,,,Censored No Alarm,0,0,0,0,0,1,0.0010024551302194595,,2019-05-04,,0.283
8HKNN28H,0,0,,,,Censored No Alarm,0,0,0,0,0,1,0.04374827444553375,,2019-06-01,,0.283
8HKPM7RH,0,0,,,,Censored No Alarm,0,0,0,0,0,1,0.00042858373490162194,,2019-03-02,,0.283
8HKPZY9H,1,1,2024-06-12,2024-08-13,62.0,Early,0,1,0,1,0,0,0.30969011783599854,0.29240062832832336,2019-03-28,1903.0,0.283
8HKRER2H,0,0,,,,Censored No Alarm,0,0,0,0,0,1,0.0018452729564160109,,2019-06-01,,0.283
8HKS4X3H,0,1,2020-10-30,,,Censored Early,0,0,1,1,0,0,0.30206483602523804,0.2892391085624695,2019-03-02,608.0,0.283
8HKTBA3H,1,0,,2024-09-22,,Missed,0,0,0,0,1,0,0.2744252681732178,,2019-03-01,,0.283
8HKTE54H,0,0,,,,Censored No Alarm,0,0,0,0,0,1,0.000978359836153686,,2019-03-01,,0.283
8HKTH2SH,1,0,,2023-11-27,,Missed,0,0,0,0,1,0,0.0009951001266017556,,2019-03-01,,0.283
8HKTK0XH,0,0,,,,Censored No Alarm,0,0,0,0,0,1,0.0004792044928763062,,2019-01-05,,0.283
8HKU0DXH,0,0,,,,Censored No Alarm,0,0,0,0,0,1,0.0009726482094265521,,2019-03-01,,0.283
8HKU3YTH,1,0,,2024-07-13,,Missed,0,0,0,0,1,0,0.21509534120559692,,2019-03-01,,0.283
8HKU4WXH,0,0,,,,Censored No Alarm,0,0,0,0,0,1,0.005411643069237471,,2019-01-05,,0.283
8HKUEJHH,1,0,,2025-04-25,,Missed,0,0,0,0,1,0,0.0006887912168167531,,2019-03-28,,0.283
8HKVW60H,0,0,,,,Censored No Alarm,0,0,0,0,0,1,0.0009266007109545171,,2019-03-28,,0.283
8HKW4NPH,0,0,,,,Censored No Alarm,0,0,0,0,0,1,0.0008615916012786329,,2019-06-01,,0.283
8HKWV1GH,0,0,,,,Censored No Alarm,0,0,0,0,0,1,0.000937805452849716,,2019-01-05,,0.283
8HKWXJYH,0,0,,,,Censored No Alarm,0,0,0,0,0,1,0.0006852418882772326,,2019-03-28,,0.283
8HKY0KHH,1,1,2023-04-13,2024-05-14,397.0,Early,0,1,0,1,0,0,0.8852915167808533,0.33624401688575745,2019-03-01,1504.0,0.283
8HKY66PH,0,0,,,,Censored No Alarm,0,0,0,0,0,1,0.0009641267824918032,,2019-03-01,,0.283
8HKYJ38H,0,0,,,,Censored No Alarm,0,0,0,0,0,1,0.000673646223731339,,2019-03-28,,0.283
8HKYZ6YH,0,0,,,,Censored No Alarm,0,0,0,0,0,1,0.0005235213902778924,,2019-03-28,,0.283
8HKZ213H,0,0,,,,Censored No Alarm,0,0,0,0,0,1,0.000561921508051455,,2019-01-05,,0.283
8HKZDBRH,0,0,,,,Censored No Alarm,0,0,0,0,0,1,0.00041631009662523866,,2019-06-01,,0.283
8HKZL75H,0,0,,,,Censored No Alarm,0,0,0,0,0,1,0.017141101881861687,,2019-05-04,,0.283
AAG0EXPH,0,0,,,,Censored No Alarm,0,0,0,0,0,1,0.000874516845215112,,2019-01-05,,0.283
AAG0LHRH,0,0,,,,Censored No Alarm,0,0,0,0,0,1,0.0007964069372974336,,2019-01-05,,0.283
AAG121VH,0,0,,,,Censored No Alarm,0,0,0,0,0,1,0.002052729483693838,,2019-03-01,,0.283
AAG16VPH,0,0,,,,Censored No Alarm,0,0,0,0,0,1,0.0006613304722122848,,2019-01-05,,0.283
AAG18L0H,0,0,,,,Censored No Alarm,0,0,0,0,0,1,0.0008002082468010485,,2019-03-28,,0.283
AAG18MEH,0,0,,,,Censored No Alarm,0,0,0,0,0,1,0.001277762814424932,,2019-03-01,,0.283
AAG197UH,0,0,,,,Censored No Alarm,0,0,0,0,0,1,0.0009970332030206919,,2019-06-01,,0.283
AAG1LSNH,1,0,,2025-07-30,,Missed,0,0,0,0,1,0,0.23969028890132904,,2019-01-05,,0.283
AAG1LSVH,0,0,,,,Censored No Alarm,0,0,0,0,0,1,0.002770229009911418,,2019-01-05,,0.283
AAG1LW3H,1,0,,2024-09-03,,Missed,0,0,0,0,1,0,0.23453007638454437,,2019-01-05,,0.283
AAG1PLVH,0,0,,,,Censored No Alarm,0,0,0,0,0,1,0.0007347724167630076,,2019-03-28,,0.283
AAG1PM9H,0,0,,,,Censored No Alarm,0,0,0,0,0,1,0.000913889380171895,,2019-03-28,,0.283
AAG1RJAH,0,0,,,,Censored No Alarm,0,0,0,0,0,1,0.12562556564807892,,2019-03-28,,0.283
AAG1RK5H,0,0,,,,Censored No Alarm,0,0,0,0,0,1,0.0009136560256592929,,2019-01-05,,0.283
AAG1RR9H,0,0,,,,Censored No Alarm,0,0,0,0,0,1,0.0008810207946226001,,2019-03-28,,0.283
AAG1RUJH,0,0,,,,Censored No Alarm,0,0,0,0,0,1,0.0007947724079713225,,2019-03-28,,0.283
AAG1TGGH,0,0,,,,Censored No Alarm,0,0,0,0,0,1,0.0006902894238010049,,2019-01-05,,0.283
AAG1VJYH,0,0,,,,Censored No Alarm,0,0,0,0,0,1,0.00044050547876395285,,2019-03-28,,0.283
AAG1VNPH,0,0,,,,Censored No Alarm,0,0,0,0,0,1,0.0005791580188088119,,2019-01-05,,0.283
AAG1Z4AH,0,0,,,,Censored No Alarm,0,0,0,0,0,1,0.023736530914902687,,2019-08-13,,0.283
AAG23A2H,0,0,,,,Censored No Alarm,0,0,0,0,0,1,0.17252840101718903,,2019-01-05,,0.283
AAG23AKH,0,0,,,,Censored No Alarm,0,0,0,0,0,1,0.0007875912124291062,,2019-01-05,,0.283
AAG23AVH,0,0,,,,Censored No Alarm,0,0,0,0,0,1,0.0007310048094950616,,2019-03-28,,0.283
AAG246TH,0,0,,,,Censored No Alarm,0,0,0,0,0,1,0.0005880970857106149,,2019-06-01,,0.283
AAG24UVH,0,0,,,,Censored No Alarm,0,0,0,0,0,1,0.0006558600580319762,,2019-01-05,,0.283
AAG24VXH,0,0,,,,Censored No Alarm,0,0,0,0,0,1,0.0006042314926162362,,2019-01-05,,0.283
AAG26NBH,1,0,,2023-10-19,,Missed,0,0,0,0,1,0,0.15041720867156982,,2019-03-28,,0.283
AAG26TPH,0,0,,,,Censored No Alarm,0,0,0,0,0,1,0.20131497085094452,,2019-03-28,,0.283
AAG26U9H,1,0,,2023-01-26,,Missed,0,0,0,0,1,0,0.014914985746145248,,2019-06-01,,0.283
AAG27VEH,0,0,,,,Censored No Alarm,0,0,0,0,0,1,0.0007005945662967861,,2019-03-28,,0.283
AAG27W2H,0,0,,,,Censored No Alarm,0,0,0,0,0,1,0.0005584807367995381,,2019-03-01,,0.283
AAG27XPH,1,0,,2025-10-06,,Missed,0,0,0,0,1,0,0.0009408990736119449,,2019-03-28,,0.283
AAG27ZLH,0,0,,,,Censored No Alarm,0,0,0,0,0,1,0.001046870369464159,,2019-03-28,,0.283
AAG281TH,1,0,,2024-07-25,,Missed,0,0,0,0,1,0,0.14019057154655457,,2019-01-05,,0.283
AAG2GGJH,0,0,,,,Censored No Alarm,0,0,0,0,0,1,0.0007541781524196267,,2019-06-01,,0.283
AAG2JGJH,1,0,,2026-02-10,,Missed,0,0,0,0,1,0,0.05576245114207268,,2019-06-01,,0.283
AAG2JL4H,0,0,,,,Censored No Alarm,0,0,0,0,0,1,0.0005683957715518773,,2019-01-05,,0.283
AAG2RZJH,0,0,,,,Censored No Alarm,0,0,0,0,0,1,0.0006495963898487389,,2019-03-28,,0.283
AAG2S62H,0,0,,,,Censored No Alarm,0,0,0,0,0,1,0.0008237254805862904,,2019-03-28,,0.283
AAG2S9YH,0,0,,,,Censored No Alarm,0,0,0,0,0,1,0.000582219276111573,,2019-06-01,,0.283
AAG2SAYH,0,0,,,,Censored No Alarm,0,0,0,0,0,1,0.0006605176604352891,,2019-08-14,,0.283
AAG2SJ3H,0,0,,,,Censored No Alarm,0,0,0,0,0,1,0.0006482332828454673,,2019-08-13,,0.283
AAG2VSVH,0,0,,,,Censored No Alarm,0,0,0,0,0,1,0.0009848957415670156,,2019-03-28,,0.283
AAG2Y6JH,0,0,,,,Censored No Alarm,0,0,0,0,0,1,0.0009107842925004661,,2019-03-28,,0.283
AAG2Z67H,0,0,,,,Censored No Alarm,0,0,0,0,0,1,0.0005926012527197599,,2019-06-01,,0.283
AAG2ZU1H,0,0,,,,Censored No Alarm,0,0,0,0,0,1,0.001024093246087432,,2019-06-01,,0.283
AAG305AH,0,0,,,,Censored No Alarm,0,0,0,0,0,1,0.00112823152448982,,2019-06-01,,0.283
AAG306GH,0,0,,,,Censored No Alarm,0,0,0,0,0,1,0.006578254047781229,,2019-01-05,,0.283
AAG34Z4H,0,0,,,,Censored No Alarm,0,0,0,0,0,1,0.0004728298808913678,,2019-01-05,,0.283
AAG350BH,0,1,2025-07-28,,,Censored Early,0,0,1,1,0,0,0.3327845633029938,0.3059953451156616,2019-03-28,2314.0,0.283
AAG350TH,0,0,,,,Censored No Alarm,0,0,0,0,0,1,0.0008407683344557881,,2019-03-28,,0.283
AAG3512H,0,0,,,,Censored No Alarm,0,0,0,0,0,1,0.0005819607176817954,,2019-03-28,,0.283
AAG352AH,0,0,,,,Censored No Alarm,0,0,0,0,0,1,0.0007502345251850784,,2019-06-01,,0.283
AAG353EH,0,0,,,,Censored No Alarm,0,0,0,0,0,1,0.0006806976743973792,,2019-01-05,,0.283
AAG35LWH,0,1,2024-09-18,,,Censored Early,0,0,1,1,0,0,0.3369807302951813,0.2977849841117859,2019-01-05,2083.0,0.283
AAG401PH,0,0,,,,Censored No Alarm,0,0,0,0,0,1,0.0007205835427157581,,2019-01-05,,0.283
AAG46YHH,0,0,,,,Censored No Alarm,0,0,0,0,0,1,0.000627789762802422,,2019-03-28,,0.283
AAG477BH,0,0,,,,Censored No Alarm,0,0,0,0,0,1,0.0010038404725492,,2019-01-05,,0.283
AAG478DH,0,0,,,,Censored No Alarm,0,0,0,0,0,1,0.001008142833597958,,2019-03-28,,0.283
AAG48B3H,0,0,,,,Censored No Alarm,0,0,0,0,0,1,0.0010554820764809847,,2019-03-02,,0.283
AAG4AA9H,0,0,,,,Censored No Alarm,0,0,0,0,0,1,0.026052653789520264,,2019-03-01,,0.283
AAG4VESH,0,1,2024-06-17,,,Censored Early,0,0,1,1,0,0,0.3948037326335907,0.3170984387397766,2019-03-01,1935.0,0.283
AAG4Z4YH,0,0,,,,Censored No Alarm,0,0,0,0,0,1,0.003341180272400379,,2019-03-01,,0.283
AAG4Z52H,0,0,,,,Censored No Alarm,0,0,0,0,0,1,0.0011526935268193483,,2019-03-02,,0.283
AAG4Z5AH,1,0,,2025-03-14,,Missed,0,0,0,0,1,0,0.21635518968105316,,2019-01-05,,0.283
AAG4ZABH,0,0,,,,Censored No Alarm,0,0,0,0,0,1,0.0005168397328816354,,2019-03-01,,0.283
AAG51RHH,0,0,,,,Censored No Alarm,0,0,0,0,0,1,0.0006895455298945308,,2019-01-05,,0.283
AAG540GH,0,0,,,,Censored No Alarm,0,0,0,0,0,1,0.0012175204465165734,,2019-03-28,,0.283
AAG5DTTH,0,0,,,,Censored No Alarm,0,0,0,0,0,1,0.0007671092753298581,,2019-03-28,,0.283
AAG5Y4DH,0,0,,,,Censored No Alarm,0,0,0,0,0,1,0.0009981003822758794,,2019-01-05,,0.283
AAG5Y4LH,0,0,,,,Censored No Alarm,0,0,0,0,0,1,0.004864856600761414,,2019-01-05,,0.283
AAG5Y4TH,0,0,,,,Censored No Alarm,0,0,0,0,0,1,0.001808692584745586,,2019-01-05,,0.283
AAG5Y4UH,0,0,,,,Censored No Alarm,0,0,0,0,0,1,0.0008598438580520451,,2019-01-05,,0.283
AAG5Y5UH,0,0,,,,Censored No Alarm,0,0,0,0,0,1,0.018076127395033836,,2019-01-05,,0.283
AAG5YJ4H,0,0,,,,Censored No Alarm,0,0,0,0,0,1,0.0035981556866317987,,2019-03-28,,0.283
AAG5YLKH,0,0,,,,Censored No Alarm,0,0,0,0,0,1,0.0005699507892131805,,2019-03-01,,0.283
AAG5YYBH,0,0,,,,Censored No Alarm,0,0,0,0,0,1,0.0015428573824465275,,2019-01-05,,0.283
AAG5YYKH,1,1,2025-07-18,2025-09-30,74.0,Early,0,1,0,1,0,0,0.36855006217956543,0.3273974657058716,2019-01-05,2386.0,0.283
AAG5YZ8H,0,0,,,,Censored No Alarm,0,0,0,0,0,1,0.0004929436836391687,,2019-03-28,,0.283
AAG5YZZH,1,0,,2025-07-30,,Missed,0,0,0,0,1,0,0.01640274189412594,,2019-03-02,,0.283
AAG613MH,0,0,,,,Censored No Alarm,0,0,0,0,0,1,0.00046638239291496575,,2019-01-05,,0.283
AAG613RH,1,0,,2025-06-06,,Missed,0,0,0,0,1,0,0.0012255418114364147,,2019-01-05,,0.283
AAG61KPH,0,0,,,,Censored No Alarm,0,0,0,0,0,1,0.006944640073925257,,2019-03-28,,0.283
AAG61LHH,1,1,2024-05-10,2024-05-17,7.0,On time,1,0,0,0,0,0,0.34611380100250244,0.3121407926082611,2019-03-01,1897.0,0.283
AAG61NEH,0,0,,,,Censored No Alarm,0,0,0,0,0,1,0.0014655203558504581,,2019-01-05,,0.283
AAG61NZH,0,0,,,,Censored No Alarm,0,0,0,0,0,1,0.12981365621089935,,2019-03-28,,0.283
AAG61P2H,0,0,,,,Censored No Alarm,0,0,0,0,0,1,0.0010581637034192681,,2019-03-01,,0.283
AAG61UMH,0,0,,,,Censored No Alarm,0,0,0,0,0,1,0.008827155455946922,,2019-01-05,,0.283
AAG61WRH,0,0,,,,Censored No Alarm,0,0,0,0,0,1,0.0005355254979804158,,2019-03-01,,0.283
AAG61Z1H,0,0,,,,Censored No Alarm,0,0,0,0,0,1,0.0005001682438887656,,2019-01-05,,0.283
AAG61ZAH,0,0,,,,Censored No Alarm,0,0,0,0,0,1,0.0012097446015104651,,2019-03-01,,0.283
AAG620PH,0,0,,,,Censored No Alarm,0,0,0,0,0,1,0.000536674982868135,,2019-03-28,,0.283
AAG621WH,0,0,,,,Censored No Alarm,0,0,0,0,0,1,0.0010242380667477846,,2019-01-05,,0.283
AAG623DH,0,0,,,,Censored No Alarm,0,0,0,0,0,1,0.0009441044530831277,,2019-01-05,,0.283
AAG6376H,0,0,,,,Censored No Alarm,0,0,0,0,0,1,0.003181270556524396,,2019-03-28,,0.283
AAG637RH,1,0,,2022-05-21,,Missed,0,0,0,0,1,0,0.00024515995755791664,,2019-01-05,,0.283
AAG6381H,0,0,,,,Censored No Alarm,0,0,0,0,0,1,0.0004511822189670056,,2019-01-05,,0.283
AAG638GH,0,0,,,,Censored No Alarm,0,0,0,0,0,1,0.000851330638397485,,2019-01-05,,0.283
AAG639BH,0,0,,,,Censored No Alarm,0,0,0,0,0,1,0.019081156700849533,,2019-01-05,,0.283
AAG63DLH,0,0,,,,Censored No Alarm,0,0,0,0,0,1,0.00105989386793226,,2019-03-28,,0.283
AAG63JSH,0,0,,,,Censored No Alarm,0,0,0,0,0,1,0.0016436887672170997,,2019-03-02,,0.283
AAG63PJH,0,0,,,,Censored No Alarm,0,0,0,0,0,1,0.0005387317505665123,,2019-03-28,,0.283
AAG63PKH,1,1,2022-05-11,2022-05-22,11.0,On time,1,0,0,0,0,0,0.3734033703804016,0.3088572919368744,2019-03-01,1167.0,0.283
AAG63PLH,0,0,,,,Censored No Alarm,0,0,0,0,0,1,0.0007944771205075085,,2019-03-01,,0.283
AAG63RGH,0,0,,,,Censored No Alarm,0,0,0,0,0,1,0.0015183505602180958,,2019-03-01,,0.283
AAG63TMH,1,1,2024-08-04,2025-09-02,394.0,Early,0,1,0,1,0,0,0.4171493947505951,0.29344451427459717,2019-03-02,1982.0,0.283
AAG63TSH,0,0,,,,Censored No Alarm,0,0,0,0,0,1,0.000952581933233887,,2019-03-28,,0.283
AAG63V6H,0,0,,,,Censored No Alarm,0,0,0,0,0,1,0.1398637592792511,,2019-03-28,,0.283
AAG63WHH,1,0,,2025-11-30,,Missed,0,0,0,0,1,0,0.233043372631073,,2019-01-05,,0.283
AAG63Z8H,1,1,2025-09-14,2025-09-28,14.0,On time,1,0,0,0,0,0,0.47895941138267517,0.3440132737159729,2019-03-01,2389.0,0.283
AAG6417H,1,1,2024-05-30,2024-06-06,7.0,On time,1,0,0,0,0,0,0.40385979413986206,0.3073962926864624,2019-03-01,1917.0,0.283
AAG6436H,0,0,,,,Censored No Alarm,0,0,0,0,0,1,0.0008936678059399128,,2019-06-01,,0.283
AAG64VXH,0,0,,,,Censored No Alarm,0,0,0,0,0,1,0.030727865174412727,,2019-01-05,,0.283
AAG6509H,0,0,,,,Censored No Alarm,0,0,0,0,0,1,0.0004933361778967083,,2019-03-28,,0.283
AAG67UZH,0,0,,,,Censored No Alarm,0,0,0,0,0,1,0.012154600583016872,,2019-03-28,,0.283
AAG67V3H,1,1,2025-06-20,2025-06-20,0.0,On time,1,0,0,0,0,0,0.2890841066837311,0.2890841066837311,2019-03-01,2303.0,0.283
AAG67VBH,0,0,,,,Censored No Alarm,0,0,0,0,0,1,0.010521904565393925,,2019-03-28,,0.283
AAG67W3H,0,0,,,,Censored No Alarm,0,0,0,0,0,1,0.00048076309030875564,,2019-03-01,,0.283
AAG67Z8H,0,0,,,,Censored No Alarm,0,0,0,0,0,1,0.0018166188383474946,,2019-06-01,,0.283
AAG682YH,1,1,2024-06-23,2024-07-04,11.0,On time,1,0,0,0,0,0,0.3615182936191559,0.28347331285476685,2019-03-28,1914.0,0.283
AAG683JH,0,0,,,,Censored No Alarm,0,0,0,0,0,1,0.0009611250134184957,,2019-03-01,,0.283
AAG686GH,0,0,,,,Censored No Alarm,0,0,0,0,0,1,0.0007971388404257596,,2019-03-02,,0.283
AAG6870H,0,0,,,,Censored No Alarm,0,0,0,0,0,1,0.0008783017983660102,,2019-01-05,,0.283
AAG6878H,0,0,,,,Censored No Alarm,0,0,0,0,0,1,0.0009291493915952742,,2019-01-05,,0.283
AAG687GH,0,0,,,,Censored No Alarm,0,0,0,0,0,1,0.0020761587657034397,,2019-03-01,,0.283
AAG687MH,0,0,,,,Censored No Alarm,0,0,0,0,0,1,0.0009760048124007881,,2019-03-28,,0.283
AAG68AGH,0,0,,,,Censored No Alarm,0,0,0,0,0,1,0.0002951391215901822,,2019-06-01,,0.283
AAG68AKH,0,0,,,,Censored No Alarm,0,0,0,0,0,1,0.07291118055582047,,2019-03-02,,0.283
AAG68AUH,0,0,,,,Censored No Alarm,0,0,0,0,0,1,0.00043913532863371074,,2019-01-05,,0.283
AAG68AXH,0,0,,,,Censored No Alarm,0,0,0,0,0,1,0.0007034513400867581,,2019-03-28,,0.283
AAG68BRH,0,0,,,,Censored No Alarm,0,0,0,0,0,1,0.26983022689819336,,2019-01-05,,0.283
AAG68EWH,1,0,,2023-04-01,,Missed,0,0,0,0,1,0,0.07108782231807709,,2019-01-05,,0.283
AAG68EXH,1,0,,2024-06-19,,Missed,0,0,0,0,1,0,0.0712990015745163,,2019-01-05,,0.283
AAG68KVH,0,0,,,,Censored No Alarm,0,0,0,0,0,1,0.0010709132766351104,,2019-01-05,,0.283
AAG691PH,0,0,,,,Censored No Alarm,0,0,0,0,0,1,0.0007041264325380325,,2019-06-01,,0.283
AAG691VH,0,0,,,,Censored No Alarm,0,0,0,0,0,1,0.07604317367076874,,2019-01-05,,0.283
AAG69LHH,0,0,,,,Censored No Alarm,0,0,0,0,0,1,0.00026471089222468436,,2019-06-01,,0.283
AAG69TTH,0,0,,,,Censored No Alarm,0,0,0,0,0,1,0.0018872047076001763,,2019-03-01,,0.283
AAG69WWH,0,0,,,,Censored No Alarm,0,0,0,0,0,1,0.0005911046755500138,,2019-01-05,,0.283
AAG69YWH,0,0,,,,Censored No Alarm,0,0,0,0,0,1,0.0010442058555781841,,2019-03-02,,0.283
AAG6A03H,0,0,,,,Censored No Alarm,0,0,0,0,0,1,0.0019481221679598093,,2019-03-02,,0.283
AAG6A07H,0,0,,,,Censored No Alarm,0,0,0,0,0,1,0.004498591180890799,,2019-03-01,,0.283
AAG6A0AH,0,0,,,,Censored No Alarm,0,0,0,0,0,1,0.0008631841628812253,,2019-01-05,,0.283
AAG6AATH,0,0,,,,Censored No Alarm,0,0,0,0,0,1,0.00035166984889656305,,2019-06-01,,0.283
AAG6AV4H,0,0,,,,Censored No Alarm,0,0,0,0,0,1,0.0014624949544668198,,2019-03-01,,0.283
AAG6AWTH,1,0,,2024-07-08,,Missed,0,0,0,0,1,0,0.17002947628498077,,2019-03-28,,0.283
AAG6AX6H,0,0,,,,Censored No Alarm,0,0,0,0,0,1,0.0009153747814707458,,2019-03-28,,0.283
AAG6B4HH,0,0,,,,Censored No Alarm,0,0,0,0,0,1,0.0007378204027190804,,2019-03-28,,0.283
AAG6B5KH,0,0,,,,Censored No Alarm,0,0,0,0,0,1,0.0007798248552717268,,2019-03-28,,0.283
AAG6DT9H,1,0,,2019-04-25,,Missed,0,0,0,0,1,0,0.0003811298229265958,,2019-03-01,,0.283
AAG6DVEH,0,0,,,,Censored No Alarm,0,0,0,0,0,1,0.03955617547035217,,2019-03-01,,0.283
AAG6DXTH,0,0,,,,Censored No Alarm,0,0,0,0,0,1,0.016150621697306633,,2019-01-05,,0.283
AAG6E2HH,0,0,,,,Censored No Alarm,0,0,0,0,0,1,0.000577298051211983,,2019-03-28,,0.283
AAG6E60H,0,0,,,,Censored No Alarm,0,0,0,0,0,1,0.0030805463902652264,,2019-03-01,,0.283
AAG6E7EH,0,0,,,,Censored No Alarm,0,0,0,0,0,1,0.0006889821961522102,,2019-03-28,,0.283
AAG6E7RH,0,0,,,,Censored No Alarm,0,0,0,0,0,1,0.0014006984420120716,,2019-03-02,,0.283
AAG6ESPH,0,0,,,,Censored No Alarm,0,0,0,0,0,1,0.000568119459785521,,2019-01-05,,0.283
AAG6EVRH,0,0,,,,Censored No Alarm,0,0,0,0,0,1,0.000740008254069835,,2019-01-05,,0.283
AAG6EX3H,0,0,,,,Censored No Alarm,0,0,0,0,0,1,0.0004982078680768609,,2019-01-05,,0.283
AAG6GM1H,0,0,,,,Censored No Alarm,0,0,0,0,0,1,0.0006201837677508593,,2019-03-28,,0.283
AAG6H25H,0,0,,,,Censored No Alarm,0,0,0,0,0,1,0.0006101815961301327,,2019-03-01,,0.283
AAG6HG0H,0,0,,,,Censored No Alarm,0,0,0,0,0,1,0.0012327289441600442,,2019-03-01,,0.283
AAG6HSEH,0,0,,,,Censored No Alarm,0,0,0,0,0,1,0.00039361047674901783,,2019-03-02,,0.283
AAG6HYXH,0,0,,,,Censored No Alarm,0,0,0,0,0,1,0.0007707755430601537,,2019-03-02,,0.283
AAG6J1MH,0,0,,,,Censored No Alarm,0,0,0,0,0,1,0.00076684431405738,,2019-01-05,,0.283
AAG6J1TH,1,0,,2025-10-07,,Missed,0,0,0,0,1,0,0.2140185534954071,,2019-03-01,,0.283
AAG6J2DH,1,0,,2024-01-03,,Missed,0,0,0,0,1,0,0.027497202157974243,,2019-03-28,,0.283
AAG6J2KH,1,0,,2023-10-19,,Missed,0,0,0,0,1,0,0.2580394446849823,,2019-01-05,,0.283
AAG6KJ6H,0,0,,,,Censored No Alarm,0,0,0,0,0,1,0.0011848757276311517,,2019-03-28,,0.283
AAG6KJPH,0,0,,,,Censored No Alarm,0,0,0,0,0,1,0.00046490211389027536,,2019-03-28,,0.283
AAG6KTJH,0,0,,,,Censored No Alarm,0,0,0,0,0,1,0.0003939552989322692,,2019-03-02,,0.283
AAG6KTRH,0,0,,,,Censored No Alarm,0,0,0,0,0,1,0.0008296473533846438,,2019-01-05,,0.283
AAG6KUAH,0,1,2025-12-01,,,Censored Early,0,0,1,1,0,0,0.3847160339355469,0.3079061806201935,2019-01-05,2522.0,0.283
AAG6KUJH,0,0,,,,Censored No Alarm,0,0,0,0,0,1,0.0008610343793407083,,2019-03-01,,0.283
AAG6KV6H,1,0,,2021-11-27,,Missed,0,0,0,0,1,0,0.020563462749123573,,2019-03-01,,0.283
AAG6L88H,0,0,,,,Censored No Alarm,0,0,0,0,0,1,0.0005762214423157275,,2019-03-28,,0.283
AAG6L8VH,0,1,2026-01-03,,,Censored Early,0,0,1,1,0,0,0.3206676244735718,0.30061817169189453,2019-03-28,2473.0,0.283
AAG6LD7H,1,0,,2025-06-16,,Missed,0,0,0,0,1,0,0.033696893602609634,,2019-03-01,,0.283
AAG6LDTH,0,0,,,,Censored No Alarm,0,0,0,0,0,1,0.0004862628411501646,,2019-03-28,,0.283
AAG6LEHH,0,0,,,,Censored No Alarm,0,0,0,0,0,1,0.0013107730774208903,,2019-03-01,,0.283
AAG6LEJH,0,0,,,,Censored No Alarm,0,0,0,0,0,1,0.0009327706065960228,,2019-03-01,,0.283
AAG6LG9H,0,0,,,,Censored No Alarm,0,0,0,0,0,1,0.0006629646522924304,,2019-01-05,,0.283
AAG6LTSH,0,0,,,,Censored No Alarm,0,0,0,0,0,1,0.008422167971730232,,2019-03-01,,0.283
AAG6M3BH,0,0,,,,Censored No Alarm,0,0,0,0,0,1,0.001678896020166576,,2019-03-02,,0.283
AAG6M8TH,0,0,,,,Censored No Alarm,0,0,0,0,0,1,0.0005071454215794802,,2019-01-05,,0.283
AAG6MABH,0,0,,,,Censored No Alarm,0,0,0,0,0,1,0.0006562064518220723,,2019-05-04,,0.283
AAG6NEEH,0,0,,,,Censored No Alarm,0,0,0,0,0,1,0.000471944164019078,,2019-03-28,,0.283
AAG6NP0H,1,1,2024-02-24,2024-09-22,211.0,Early,0,1,0,1,0,0,0.34997737407684326,0.304372638463974,2019-03-01,1821.0,0.283
AAG6NPRH,1,1,2025-12-04,2026-03-12,98.0,Early,0,1,0,1,0,0,0.822586715221405,0.3016299307346344,2019-03-01,2470.0,0.283
AAG6NRBH,1,0,,2024-07-11,,Missed,0,0,0,0,1,0,0.261410117149353,,2019-03-28,,0.283
AAG6NRZH,0,0,,,,Censored No Alarm,0,0,0,0,0,1,0.0010890159755945206,,2019-03-28,,0.283
AAG6NS8H,0,0,,,,Censored No Alarm,0,0,0,0,0,1,0.19730515778064728,,2019-03-28,,0.283
AAG6NSKH,0,0,,,,Censored No Alarm,0,0,0,0,0,1,0.0466848760843277,,2019-01-05,,0.283
AAG6NVKH,0,0,,,,Censored No Alarm,0,0,0,0,0,1,0.000610480026807636,,2019-01-05,,0.283
AAG6NW3H,0,0,,,,Censored No Alarm,0,0,0,0,0,1,0.00031716690864413977,,2019-06-01,,0.283
AAG6P40H,0,0,,,,Censored No Alarm,0,0,0,0,0,1,0.0005893346387892962,,2019-01-05,,0.283
AAG6P42H,0,0,,,,Censored No Alarm,0,0,0,0,0,1,0.0004544709518086165,,2019-03-01,,0.283
AAG6P4EH,0,0,,,,Censored No Alarm,0,0,0,0,0,1,0.0005940409610047936,,2019-03-28,,0.283
AAG6P9AH,0,0,,,,Censored No Alarm,0,0,0,0,0,1,0.0004634313518181443,,2019-03-01,,0.283
AAG6PWBH,0,0,,,,Censored No Alarm,0,0,0,0,0,1,0.00024930451763793826,,2019-03-02,,0.283
AAG6PY2H,0,0,,,,Censored No Alarm,0,0,0,0,0,1,0.0006678247591480613,,2019-01-05,,0.283
AAG6PYLH,0,0,,,,Censored No Alarm,0,0,0,0,0,1,0.0002657925069797784,,2019-06-01,,0.283
AAG6R0AH,0,0,,,,Censored No Alarm,0,0,0,0,0,1,0.0007467082468792796,,2019-06-01,,0.283
AAG6R2RH,0,0,,,,Censored No Alarm,0,0,0,0,0,1,0.0012103307526558638,,2019-03-01,,0.283
AAG6R32H,0,0,,,,Censored No Alarm,0,0,0,0,0,1,0.0004186166625004262,,2019-03-01,,0.283
AAG6R48H,0,0,,,,Censored No Alarm,0,0,0,0,0,1,0.0005458121886476874,,2019-03-28,,0.283
AAG6R8UH,0,0,,,,Censored No Alarm,0,0,0,0,0,1,0.0004896795144304633,,2019-03-28,,0.283
AAG6T4ZH,0,0,,,,Censored No Alarm,0,0,0,0,0,1,0.0011237881844863296,,2019-03-28,,0.283
AAG6T52H,1,0,,2023-06-10,,Missed,0,0,0,0,1,0,0.0004836182633880526,,2019-06-01,,0.283
AAG6T55H,0,0,,,,Censored No Alarm,0,0,0,0,0,1,0.0008269227691926062,,2019-06-01,,0.283
AAG6T5JH,0,0,,,,Censored No Alarm,0,0,0,0,0,1,0.0008610303048044443,,2019-05-16,,0.283
AAG6T7LH,0,0,,,,Censored No Alarm,0,0,0,0,0,1,0.0005083258147351444,,2019-03-01,,0.283
AAG6T9NH,0,0,,,,Censored No Alarm,0,0,0,0,0,1,0.0005229259259067476,,2019-06-01,,0.283
AAG6TA8H,0,0,,,,Censored No Alarm,0,0,0,0,0,1,0.0004869047552347183,,2019-01-05,,0.283
AAG6TAHH,0,0,,,,Censored No Alarm,0,0,0,0,0,1,0.0038734879344701767,,2019-06-01,,0.283
AAG6TAKH,0,0,,,,Censored No Alarm,0,0,0,0,0,1,0.000590235460549593,,2019-06-01,,0.283
AAG6TBBH,0,0,,,,Censored No Alarm,0,0,0,0,0,1,0.0010292360093444586,,2019-03-28,,0.283
AAG6TBJH,0,0,,,,Censored No Alarm,0,0,0,0,0,1,0.0012557959416881204,,2019-01-05,,0.283
AAG6THHH,0,0,,,,Censored No Alarm,0,0,0,0,0,1,0.0009125428041443229,,2019-06-01,,0.283
AAG6THJH,0,0,,,,Censored No Alarm,0,0,0,0,0,1,0.0007788300281390548,,2019-06-01,,0.283
AAG6THLH,0,0,,,,Censored No Alarm,0,0,0,0,0,1,0.0005933610955253243,,2019-05-04,,0.283
AAG6TRKH,0,0,,,,Censored No Alarm,0,0,0,0,0,1,0.0010118464706465602,,2019-05-04,,0.283
AAG6TS8H,0,0,,,,Censored No Alarm,0,0,0,0,0,1,0.002712082117795944,,2019-06-01,,0.283
AAG6TSUH,0,0,,,,Censored No Alarm,0,0,0,0,0,1,0.0007744281319901347,,2019-03-28,,0.283
AAG6TT1H,0,0,,,,Censored No Alarm,0,0,0,0,0,1,0.0009884984465315938,,2019-05-16,,0.283
AAG6TT9H,0,0,,,,Censored No Alarm,0,0,0,0,0,1,0.0005563690792769194,,2019-03-28,,0.283
AAG6TTNH,0,0,,,,Censored No Alarm,0,0,0,0,0,1,0.0010893355356529355,,2019-01-05,,0.283
AAG6TUVH,0,0,,,,Censored No Alarm,0,0,0,0,0,1,0.001128879259340465,,2019-06-01,,0.283
AAG6TVPH,0,0,,,,Censored No Alarm,0,0,0,0,0,1,0.0009281271486543119,,2019-03-28,,0.283
AAG6TY4H,0,0,,,,Censored No Alarm,0,0,0,0,0,1,0.002031639451161027,,2019-06-01,,0.283
AAG6U5AH,0,0,,,,Censored No Alarm,0,0,0,0,0,1,0.0010572012979537249,,2019-03-01,,0.283
AAG6UKNH,0,0,,,,Censored No Alarm,0,0,0,0,0,1,0.0004466792452149093,,2019-03-28,,0.283
AAG6UMGH,0,0,,,,Censored No Alarm,0,0,0,0,0,1,0.0006660770741291344,,2019-01-05,,0.283
AAG6UMJH,0,0,,,,Censored No Alarm,0,0,0,0,0,1,0.0006520738243125379,,2019-01-05,,0.283
AAG6UNKH,0,0,,,,Censored No Alarm,0,0,0,0,0,1,0.20359094440937042,,2019-06-01,,0.283
AAG6US4H,0,0,,,,Censored No Alarm,0,0,0,0,0,1,0.0015147041995078325,,2019-03-01,,0.283
AAG6UT0H,0,0,,,,Censored No Alarm,0,0,0,0,0,1,0.0005069304024800658,,2019-06-01,,0.283
AAG6UU8H,0,0,,,,Censored No Alarm,0,0,0,0,0,1,0.12480092793703079,,2019-01-05,,0.283
AAG6UZTH,0,0,,,,Censored No Alarm,0,0,0,0,0,1,0.0007743528112769127,,2019-03-28,,0.283
AAG6V1MH,0,0,,,,Censored No Alarm,0,0,0,0,0,1,0.0009027789928950369,,2019-03-28,,0.283
AAG6V71H,0,0,,,,Censored No Alarm,0,0,0,0,0,1,0.0009928179206326604,,2019-03-01,,0.283
AAG6V7DH,0,0,,,,Censored No Alarm,0,0,0,0,0,1,0.0010451612761244178,,2019-03-01,,0.283
AAG6V7VH,0,0,,,,Censored No Alarm,0,0,0,0,0,1,0.0009391802595928311,,2019-03-01,,0.283
AAG6VHXH,0,0,,,,Censored No Alarm,0,0,0,0,0,1,0.0023658154532313347,,2019-06-01,,0.283
AAG6VJKH,0,0,,,,Censored No Alarm,0,0,0,0,0,1,0.0010713230585679412,,2019-03-28,,0.283
AAG6VM8H,0,0,,,,Censored No Alarm,0,0,0,0,0,1,0.0007266709581017494,,2019-03-28,,0.283
AAG6VMBH,0,0,,,,Censored No Alarm,0,0,0,0,0,1,0.0009605821105651557,,2019-03-01,,0.283
AAG6VMGH,0,0,,,,Censored No Alarm,0,0,0,0,0,1,0.0009462851448915899,,2019-03-01,,0.283
AAG6X6JH,0,0,,,,Censored No Alarm,0,0,0,0,0,1,0.00044078438077121973,,2019-03-28,,0.283
AAG6XU7H,1,1,2019-07-01,2020-05-23,327.0,Early,0,1,0,1,0,0,0.7908506393432617,0.33164170384407043,2019-05-04,58.0,0.283
AAG6XWGH,0,0,,,,Censored No Alarm,0,0,0,0,0,1,0.00038110767491161823,,2019-03-01,,0.283
AAG6XWJH,1,0,,2025-04-04,,Missed,0,0,0,0,1,0,0.23663370311260223,,2019-03-28,,0.283
AAG6XXWH,0,0,,,,Censored No Alarm,0,0,0,0,0,1,0.0005753973382525146,,2019-01-05,,0.283
AAG6XYBH,0,0,,,,Censored No Alarm,0,0,0,0,0,1,0.0006961878389120102,,2019-06-01,,0.283
AAG6XYNH,0,0,,,,Censored No Alarm,0,0,0,0,0,1,0.0013095930917188525,,2019-06-01,,0.283
AAG6XZ6H,0,0,,,,Censored No Alarm,0,0,0,0,0,1,0.0005675572319887578,,2019-03-28,,0.283
AAG6XZNH,0,0,,,,Censored No Alarm,0,0,0,0,0,1,0.00042928822222165763,,2019-06-01,,0.283
AAG6Y0GH,0,0,,,,Censored No Alarm,0,0,0,0,0,1,0.009920346550643444,,2019-03-01,,0.283
AAG6Y0KH,0,0,,,,Censored No Alarm,0,0,0,0,0,1,0.0006189579144120216,,2019-01-05,,0.283
AAG6Y1BH,0,0,,,,Censored No Alarm,0,0,0,0,0,1,0.0005892073968425393,,2019-03-02,,0.283
AAG6Y3LH,0,0,,,,Censored No Alarm,0,0,0,0,0,1,0.0006913744728080928,,2019-03-28,,0.283
AAG6Y3UH,0,0,,,,Censored No Alarm,0,0,0,0,0,1,0.0007527496782131493,,2019-06-01,,0.283
AAG6Y41H,0,0,,,,Censored No Alarm,0,0,0,0,0,1,0.0006085432833060622,,2019-01-05,,0.283
AAG6Y46H,0,0,,,,Censored No Alarm,0,0,0,0,0,1,0.0007648585014976561,,2019-06-01,,0.283
AAG6YZ1H,0,0,,,,Censored No Alarm,0,0,0,0,0,1,0.0007348704384639859,,2019-03-28,,0.283
AAG6YZ9H,0,0,,,,Censored No Alarm,0,0,0,0,0,1,0.0005023870035074651,,2019-01-05,,0.283
AAG6Z0DH,0,0,,,,Censored No Alarm,0,0,0,0,0,1,0.00057152786757797,,2019-01-05,,0.283
AAG6Z17H,0,0,,,,Censored No Alarm,0,0,0,0,0,1,0.0003072625841014087,,2019-06-01,,0.283
AAG6Z1MH,0,0,,,,Censored No Alarm,0,0,0,0,0,1,0.0006246482953429222,,2019-03-01,,0.283
AAG6Z1XH,0,0,,,,Censored No Alarm,0,0,0,0,0,1,0.00044630831689573824,,2019-03-01,,0.283
AAG6Z2DH,0,0,,,,Censored No Alarm,0,0,0,0,0,1,0.0010243849828839302,,2019-03-01,,0.283
AAG6Z2RH,0,0,,,,Censored No Alarm,0,0,0,0,0,1,0.0004006913222838193,,2019-06-01,,0.283
AAG6Z42H,1,0,,2024-11-24,,Missed,0,0,0,0,1,0,0.05379243940114975,,2019-01-05,,0.283
AAG6Z4VH,0,0,,,,Censored No Alarm,0,0,0,0,0,1,0.0005006994470022619,,2019-03-01,,0.283
AAG6Z53H,0,0,,,,Censored No Alarm,0,0,0,0,0,1,0.0010068436386063695,,2019-05-16,,0.283
AAG6ZJ9H,0,0,,,,Censored No Alarm,0,0,0,0,0,1,0.0006279228837229311,,2019-03-01,,0.283
AAG705GH,0,0,,,,Censored No Alarm,0,0,0,0,0,1,0.0011586738983169198,,2019-03-01,,0.283
AAG7078H,0,0,,,,Censored No Alarm,0,0,0,0,0,1,0.010473853908479214,,2019-05-04,,0.283
AAG70HDH,0,0,,,,Censored No Alarm,0,0,0,0,0,1,0.0010101108346134424,,2019-01-05,,0.283
AAG70JEH,0,0,,,,Censored No Alarm,0,0,0,0,0,1,0.012674977071583271,,2019-06-01,,0.283
AAG70U9H,0,0,,,,Censored No Alarm,0,0,0,0,0,1,0.010081317275762558,,2019-01-05,,0.283
AAG73ZWH,0,0,,,,Censored No Alarm,0,0,0,0,0,1,0.0007615028880536556,,2019-01-05,,0.283
AAG73ZZH,0,0,,,,Censored No Alarm,0,0,0,0,0,1,0.0010231122141703963,,2019-03-28,,0.283
AAG740EH,0,0,,,,Censored No Alarm,0,0,0,0,0,1,0.0008284563664346933,,2019-01-05,,0.283
AAG740NH,0,0,,,,Censored No Alarm,0,0,0,0,0,1,0.0003099795139860362,,2019-06-01,,0.283
AAG740WH,0,0,,,,Censored No Alarm,0,0,0,0,0,1,0.0004955572076141834,,2019-03-01,,0.283
AAG740YH,0,0,,,,Censored No Alarm,0,0,0,0,0,1,0.0009087680955417454,,2019-03-28,,0.283
AAG741PH,0,0,,,,Censored No Alarm,0,0,0,0,0,1,0.000582192384172231,,2019-03-28,,0.283
AAG742EH,0,0,,,,Censored No Alarm,0,0,0,0,0,1,0.001054986845701933,,2019-03-28,,0.283
AAG742JH,0,0,,,,Censored No Alarm,0,0,0,0,0,1,0.01682693511247635,,2019-06-01,,0.283
AAG742WH,0,0,,,,Censored No Alarm,0,0,0,0,0,1,0.0007121493690647185,,2019-01-05,,0.283
AAG7431H,0,0,,,,Censored No Alarm,0,0,0,0,0,1,0.0004617579106707126,,2019-01-05,,0.283
AAG743EH,0,0,,,,Censored No Alarm,0,0,0,0,0,1,0.0006941976607777178,,2019-06-01,,0.283
AAG743UH,0,0,,,,Censored No Alarm,0,0,0,0,0,1,0.0008319680346176028,,2019-01-05,,0.283
AAG743VH,0,0,,,,Censored No Alarm,0,0,0,0,0,1,0.00962016824632883,,2019-01-05,,0.283
AAG7454H,0,0,,,,Censored No Alarm,0,0,0,0,0,1,0.00047134284977801144,,2019-03-28,,0.283
AAG74DKH,0,0,,,,Censored No Alarm,0,0,0,0,0,1,0.0005903429118916392,,2019-05-04,,0.283
AAG74EAH,1,1,2022-02-28,2025-07-27,1245.0,Early,0,1,0,1,0,0,0.8788069486618042,0.2991143763065338,2019-05-04,1031.0,0.283
AAG74EBH,0,0,,,,Censored No Alarm,0,0,0,0,0,1,0.0010276237735524774,,2019-03-28,,0.283
AAG74EYH,0,0,,,,Censored No Alarm,0,0,0,0,0,1,0.0008124847081489861,,2019-06-01,,0.283
AAG74EZH,0,0,,,,Censored No Alarm,0,0,0,0,0,1,0.0003220039652660489,,2019-06-01,,0.283
AAG74VHH,0,0,,,,Censored No Alarm,0,0,0,0,0,1,0.0015522948233410716,,2019-03-01,,0.283
AAG74WRH,0,0,,,,Censored No Alarm,0,0,0,0,0,1,0.0010744628962129354,,2019-06-01,,0.283
AAG76HYH,1,1,2021-08-31,2021-09-29,29.0,On time,1,0,0,0,0,0,0.8992865681648254,0.34786227345466614,2019-03-02,913.0,0.283
AAG77A5H,0,0,,,,Censored No Alarm,0,0,0,0,0,1,0.00028894480783492327,,2019-06-01,,0.283
AAG799NH,0,0,,,,Censored No Alarm,0,0,0,0,0,1,0.00024506787303835154,,2019-03-02,,0.283
AAG79B0H,0,0,,,,Censored No Alarm,0,0,0,0,0,1,0.000916928518563509,,2019-03-28,,0.283
AAG7A8EH,0,0,,,,Censored No Alarm,0,0,0,0,0,1,0.0008159959688782692,,2019-06-01,,0.283
AAG7A9KH,0,0,,,,Censored No Alarm,0,0,0,0,0,1,0.0010052027646452188,,2019-01-05,,0.283
AAG7ADMH,0,0,,,,Censored No Alarm,0,0,0,0,0,1,0.0008575214305892587,,2019-05-16,,0.283
AAG7AGWH,0,0,,,,Censored No Alarm,0,0,0,0,0,1,0.0007746199844405055,,2019-05-04,,0.283
AAG7AHMH,0,0,,,,Censored No Alarm,0,0,0,0,0,1,0.0002821609959937632,,2019-06-01,,0.283
AAG7BP3H,0,0,,,,Censored No Alarm,0,0,0,0,0,1,0.0007172597106546164,,2019-06-01,,0.283
AAG7BPKH,0,0,,,,Censored No Alarm,0,0,0,0,0,1,0.0005676447763107717,,2019-06-01,,0.283
AAG7BRGH,0,0,,,,Censored No Alarm,0,0,0,0,0,1,0.0008993534138426185,,2019-01-05,,0.283
AAG7BS8H,0,0,,,,Censored No Alarm,0,0,0,0,0,1,0.0013507843250408769,,2019-03-01,,0.283
AAG7BWAH,0,0,,,,Censored No Alarm,0,0,0,0,0,1,0.000525137409567833,,2019-03-28,,0.283
AAG7D1SH,0,0,,,,Censored No Alarm,0,0,0,0,0,1,0.001305188867263496,,2019-06-01,,0.283
AAG7D29H,0,0,,,,Censored No Alarm,0,0,0,0,0,1,0.0009000435238704085,,2019-03-28,,0.283
AAG7D2PH,0,0,,,,Censored No Alarm,0,0,0,0,0,1,0.00028870522510260344,,2019-06-01,,0.283
AAG7D48H,0,0,,,,Censored No Alarm,0,0,0,0,0,1,0.0011323806829750538,,2019-06-01,,0.283
AAG7D4DH,0,0,,,,Censored No Alarm,0,0,0,0,0,1,0.00042309268610551953,,2019-03-01,,0.283
AAG7D85H,0,0,,,,Censored No Alarm,0,0,0,0,0,1,0.026231246069073677,,2019-06-01,,0.283
AAG7DPYH,0,0,,,,Censored No Alarm,0,0,0,0,0,1,0.014825958758592606,,2019-03-01,,0.283
AAG7DRDH,0,0,,,,Censored No Alarm,0,0,0,0,0,1,0.0003709438315127045,,2019-03-01,,0.283
AAG7DS9H,0,0,,,,Censored No Alarm,0,0,0,0,0,1,0.028581010177731514,,2019-03-01,,0.283
AAG7DW0H,0,0,,,,Censored No Alarm,0,0,0,0,0,1,0.0010180261451750994,,2019-05-04,,0.283
AAG7E1MH,0,0,,,,Censored No Alarm,0,0,0,0,0,1,0.000937019067350775,,2019-03-01,,0.283
AAG7E1PH,0,0,,,,Censored No Alarm,0,0,0,0,0,1,0.0008641922613605857,,2019-01-05,,0.283
AAG7E2HH,0,0,,,,Censored No Alarm,0,0,0,0,0,1,0.0005036146612837911,,2019-03-02,,0.283
AAG7LG4H,0,0,,,,Censored No Alarm,0,0,0,0,0,1,0.0011067462619394064,,2019-03-01,,0.283
AAG7LG7H,0,0,,,,Censored No Alarm,0,0,0,0,0,1,0.0009591216803528368,,2019-05-16,,0.283
AAG7LHYH,0,0,,,,Censored No Alarm,0,0,0,0,0,1,0.00098783103749156,,2019-03-28,,0.283
AAG7LNAH,0,0,,,,Censored No Alarm,0,0,0,0,0,1,0.0003089445235673338,,2019-06-01,,0.283
AAG7LSWH,0,0,,,,Censored No Alarm,0,0,0,0,0,1,0.0005046408623456955,,2019-01-05,,0.283
AAG7LTHH,1,0,,2024-07-29,,Missed,0,0,0,0,1,0,0.2663852274417877,,2019-03-28,,0.283
AAG7LZEH,0,0,,,,Censored No Alarm,0,0,0,0,0,1,0.001364246942102909,,2019-03-02,,0.283
AAG7M25H,0,0,,,,Censored No Alarm,0,0,0,0,0,1,0.0007372343097813427,,2019-06-01,,0.283
AAG7M3NH,0,0,,,,Censored No Alarm,0,0,0,0,0,1,0.0010705572785809636,,2019-06-01,,0.283
AAG7M3TH,0,0,,,,Censored No Alarm,0,0,0,0,0,1,0.0009949228260666132,,2019-03-28,,0.283
AAG7MMDH,0,0,,,,Censored No Alarm,0,0,0,0,0,1,0.0009248885908164084,,2019-05-16,,0.283
AAG7MP8H,0,0,,,,Censored No Alarm,0,0,0,0,0,1,0.0006037323619239032,,2019-06-01,,0.283
AAG7MULH,1,1,2026-02-13,2026-03-13,28.0,On time,1,0,0,0,0,0,0.7753174901008606,0.6605941653251648,2019-03-02,2540.0,0.283
AAG7MUNH,0,0,,,,Censored No Alarm,0,0,0,0,0,1,0.023255014792084694,,2019-06-01,,0.283
AAG7MVMH,0,0,,,,Censored No Alarm,0,0,0,0,0,1,0.0005388475256040692,,2019-03-02,,0.283
AAG7N3ZH,0,0,,,,Censored No Alarm,0,0,0,0,0,1,0.0007073594606481493,,2019-03-28,,0.283
AAG7N5WH,0,0,,,,Censored No Alarm,0,0,0,0,0,1,0.000792023551184684,,2019-03-28,,0.283
AAG7N62H,0,0,,,,Censored No Alarm,0,0,0,0,0,1,0.0003215658653061837,,2019-06-01,,0.283
AAG7N63H,0,0,,,,Censored No Alarm,0,0,0,0,0,1,0.0005509683396667242,,2019-03-28,,0.283
AAG7N6MH,0,0,,,,Censored No Alarm,0,0,0,0,0,1,0.0006640563951805234,,2019-05-04,,0.283
AAG7PPHH,1,0,,2025-10-28,,Missed,0,0,0,0,1,0,0.021838800981640816,,2019-03-02,,0.283
AAG7R02H,0,0,,,,Censored No Alarm,0,0,0,0,0,1,0.0016762303421273828,,2019-06-01,,0.283
AAG7R5VH,0,0,,,,Censored No Alarm,0,0,0,0,0,1,0.0003072347608394921,,2019-06-01,,0.283
AAG7R93H,0,0,,,,Censored No Alarm,0,0,0,0,0,1,0.001227000611834228,,2019-06-01,,0.283
AAG7RA1H,0,0,,,,Censored No Alarm,0,0,0,0,0,1,0.001015224028378725,,2019-01-05,,0.283
AAG7RAMH,0,0,,,,Censored No Alarm,0,0,0,0,0,1,0.0005108732730150223,,2019-03-02,,0.283
AAG7RBDH,0,0,,,,Censored No Alarm,0,0,0,0,0,1,0.0010197112569585443,,2019-05-04,,0.283
AAG90D8H,0,0,,,,Censored No Alarm,0,0,0,0,0,1,0.0007688052719458938,,2019-05-04,,0.283
AAG9VK6H,0,0,,,,Censored No Alarm,0,0,0,0,0,1,0.0009713229956105351,,2019-03-02,,0.283
AAGA4YNH,0,0,,,,Censored No Alarm,0,0,0,0,0,1,0.0006191419088281691,,2019-06-01,,0.283
AAGA7W1H,1,0,,2023-04-11,,Missed,0,0,0,0,1,0,0.06486376374959946,,2019-03-01,,0.283
AAGA9E3H,0,0,,,,Censored No Alarm,0,0,0,0,0,1,0.00071779201971367,,2019-05-04,,0.283
AAGH3VWH,0,0,,,,Censored No Alarm,0,0,0,0,0,1,0.002088552573695779,,2019-05-27,,0.283
AAGMU4TH,0,0,,,,Censored No Alarm,0,0,0,0,0,1,0.0009254430769942701,,2019-05-04,,0.283
AAGN9D2H,1,0,,2023-09-17,,Missed,0,0,0,0,1,0,0.0004933446180075407,,2019-05-04,,0.283
AAGP62KH,0,0,,,,Censored No Alarm,0,0,0,0,0,1,0.0015448573976755142,,2019-06-01,,0.283
AAGUS87H,0,0,,,,Censored No Alarm,0,0,0,0,0,1,0.0012398619437590241,,2019-08-14,,0.283
AAGVX4UH,0,0,,,,Censored No Alarm,0,0,0,0,0,1,0.000528454955201596,,2019-05-04,,0.283
AAGWTB0H,0,0,,,,Censored No Alarm,0,0,0,0,0,1,0.15651080012321472,,2019-06-01,,0.283
AAGXDBZH,0,1,2023-09-06,,,Censored Early,0,0,1,1,0,0,0.3192751705646515,0.2968863844871521,2019-05-16,1574.0,0.283
AAGXLP2H,0,0,,,,Censored No Alarm,0,0,0,0,0,1,0.0012296073837205768,,2019-06-01,,0.283
AAGXMJSH,0,0,,,,Censored No Alarm,0,0,0,0,0,1,0.0009084151824936271,,2019-05-04,,0.283
AAGXU8YH,0,0,,,,Censored No Alarm,0,0,0,0,0,1,0.0008697352604940534,,2019-05-16,,0.283
AAGXUBRH,0,0,,,,Censored No Alarm,0,0,0,0,0,1,0.0008197844144888222,,2019-05-04,,0.283
AAGXV97H,0,0,,,,Censored No Alarm,0,0,0,0,0,1,0.016420327126979828,,2024-03-13,,0.283
AAGXW8VH,0,0,,,,Censored No Alarm,0,0,0,0,0,1,0.0020552901551127434,,2019-08-14,,0.283
AAGXWUWH,0,0,,,,Censored No Alarm,0,0,0,0,0,1,0.0009350298205390573,,2019-05-04,,0.283
AAGXY3MH,1,0,,2025-04-09,,Missed,0,0,0,0,1,0,0.011295798234641552,,2019-05-16,,0.283
AAH22T7H,0,0,,,,Censored No Alarm,0,0,0,0,0,1,0.08948824554681778,,2019-05-04,,0.283
AAH4NTGH,0,0,,,,Censored No Alarm,0,0,0,0,0,1,0.000698628427926451,,2019-05-04,,0.283
AAH6DU2H,0,1,2023-04-30,,,Censored Early,0,0,1,1,0,0,0.33895689249038696,0.3245629668235779,2019-08-14,1355.0,0.283
AAH78SAH,0,0,,,,Censored No Alarm,0,0,0,0,0,1,0.0007545839762315154,,2019-05-04,,0.283
AAH7HJSH,0,0,,,,Censored No Alarm,0,0,0,0,0,1,0.000848761759698391,,2019-05-04,,0.283
AAH7HKHH,0,0,,,,Censored No Alarm,0,0,0,0,0,1,0.0010569008300080895,,2019-05-04,,0.283
AAH7HNDH,0,0,,,,Censored No Alarm,0,0,0,0,0,1,0.0006369216134771705,,2019-05-04,,0.283
AAH7X19H,0,0,,,,Censored No Alarm,0,0,0,0,0,1,0.0007395376451313496,,2019-05-04,,0.283
AAH86SEH,0,0,,,,Censored No Alarm,0,0,0,0,0,1,0.0007346432539634407,,2019-05-04,,0.283
AAH8BLDH,0,0,,,,Censored No Alarm,0,0,0,0,0,1,0.0009279997320845723,,2019-05-04,,0.283
AAH8HPVH,0,0,,,,Censored No Alarm,0,0,0,0,0,1,0.0852169468998909,,2019-05-04,,0.283
AAH8LPUH,0,0,,,,Censored No Alarm,0,0,0,0,0,1,0.0008419885998591781,,2019-05-04,,0.283
AAH8P7WH,0,0,,,,Censored No Alarm,0,0,0,0,0,1,0.00046839998685754836,,2019-05-27,,0.283
AAH8R0LH,0,0,,,,Censored No Alarm,0,0,0,0,0,1,0.0008555867243558168,,2019-05-04,,0.283
AAH8RG4H,0,0,,,,Censored No Alarm,0,0,0,0,0,1,0.0009361900738440454,,2019-05-04,,0.283
AAH8V76H,0,0,,,,Censored No Alarm,0,0,0,0,0,1,0.0010222347918897867,,2019-05-04,,0.283
AAH8V7KH,0,0,,,,Censored No Alarm,0,0,0,0,0,1,0.0008548622718080878,,2019-05-04,,0.283
AAH90NAH,1,0,,2023-04-19,,Missed,0,0,0,0,1,0,0.051590535789728165,,2019-05-04,,0.283
AAH919BH,0,0,,,,Censored No Alarm,0,0,0,0,0,1,0.0008559944108128548,,2019-05-04,,0.283
AAH9285H,0,0,,,,Censored No Alarm,0,0,0,0,0,1,0.0007093127351254225,,2019-05-04,,0.283
AAH92GHH,0,0,,,,Censored No Alarm,0,0,0,0,0,1,0.0006440568249672651,,2019-05-04,,0.283
AAH92HRH,0,0,,,,Censored No Alarm,0,0,0,0,0,1,0.0006900973967276514,,2019-05-04,,0.283
AAH92JGH,0,0,,,,Censored No Alarm,0,0,0,0,0,1,0.002016291720792651,,2019-05-04,,0.283
AAH92V3H,0,0,,,,Censored No Alarm,0,0,0,0,0,1,0.00045995082473382354,,2019-05-04,,0.283
AAH9301H,1,0,,2023-12-23,,Missed,0,0,0,0,1,0,0.1349506825208664,,2019-05-04,,0.283
AAH9305H,0,0,,,,Censored No Alarm,0,0,0,0,0,1,0.001117918873205781,,2019-05-04,,0.283
AAH9307H,1,0,,2023-04-09,,Missed,0,0,0,0,1,0,0.0007551076705567539,,2019-05-04,,0.283
AAH93MDH,0,0,,,,Censored No Alarm,0,0,0,0,0,1,0.06917347759008408,,2019-05-04,,0.283
AAH93RZH,0,0,,,,Censored No Alarm,0,0,0,0,0,1,0.00081552256597206,,2019-05-04,,0.283
AAH953TH,0,0,,,,Censored No Alarm,0,0,0,0,0,1,0.0008716766024008393,,2019-05-04,,0.283
AAH9618H,0,0,,,,Censored No Alarm,0,0,0,0,0,1,0.0018455461831763387,,2019-05-04,,0.283
AAH9689H,0,0,,,,Censored No Alarm,0,0,0,0,0,1,0.0005309170228429139,,2019-05-04,,0.283
AAH96AUH,0,0,,,,Censored No Alarm,0,0,0,0,0,1,0.03036060929298401,,2019-05-04,,0.283
AAH97BZH,0,1,2025-07-01,,,Censored Early,0,0,1,1,0,0,0.3376144766807556,0.28774717450141907,2019-05-04,2250.0,0.283
AAH99PNH,0,0,,,,Censored No Alarm,0,0,0,0,0,1,0.00048754282761365175,,2019-05-04,,0.283
AAH9BERH,0,0,,,,Censored No Alarm,0,0,0,0,0,1,0.0009708599536679685,,2019-05-04,,0.283
AAHAS1MH,0,0,,,,Censored No Alarm,0,0,0,0,0,1,0.0006324017303995788,,2019-05-27,,0.283
AAHAS9TH,0,0,,,,Censored No Alarm,0,0,0,0,0,1,0.0006574280560016632,,2019-05-27,,0.283
AAHB6YXH,0,0,,,,Censored No Alarm,0,0,0,0,0,1,0.0004433604481164366,,2019-05-27,,0.283
AAHB8Z9H,0,0,,,,Censored No Alarm,0,0,0,0,0,1,0.0006671901792287827,,2019-05-27,,0.283
AAHBKUHH,0,0,,,,Censored No Alarm,0,0,0,0,0,1,0.0006987169617787004,,2019-05-27,,0.283
AAHD7S9H,0,0,,,,Censored No Alarm,0,0,0,0,0,1,0.0007397339213639498,,2019-05-19,,0.283
AAHDJD5H,0,0,,,,Censored No Alarm,0,0,0,0,0,1,0.0003552522975951433,,2019-05-27,,0.283
AAHDJDSH,0,0,,,,Censored No Alarm,0,0,0,0,0,1,0.00030477973632514477,,2019-05-27,,0.283
AAHDJH3H,0,0,,,,Censored No Alarm,0,0,0,0,0,1,0.00035720603773370385,,2019-05-27,,0.283
AAHDUS5H,0,0,,,,Censored No Alarm,0,0,0,0,0,1,0.0005418803775683045,,2019-05-27,,0.283
AAHDUT6H,0,0,,,,Censored No Alarm,0,0,0,0,0,1,0.0005465582362376153,,2019-05-27,,0.283
AAHDYR0H,0,0,,,,Censored No Alarm,0,0,0,0,0,1,0.0005796766490675509,,2019-05-27,,0.283
AAHE23AH,0,0,,,,Censored No Alarm,0,0,0,0,0,1,0.0001975932391360402,,2019-05-27,,0.283
AAHE4SAH,0,0,,,,Censored No Alarm,0,0,0,0,0,1,0.00037575082387775183,,2019-05-27,,0.283
AAHEAGWH,0,0,,,,Censored No Alarm,0,0,0,0,0,1,0.0012662345543503761,,2019-05-27,,0.283
AAHEAHLH,0,0,,,,Censored No Alarm,0,0,0,0,0,1,0.00040055534918792546,,2019-05-27,,0.283
AAHED32H,0,0,,,,Censored No Alarm,0,0,0,0,0,1,0.00044608654570765793,,2019-05-27,,0.283
AAHED3GH,0,0,,,,Censored No Alarm,0,0,0,0,0,1,0.046659648418426514,,2019-05-27,,0.283
AAHED8NH,0,0,,,,Censored No Alarm,0,0,0,0,0,1,0.00028492294950410724,,2019-05-27,,0.283
AAHED98H,0,0,,,,Censored No Alarm,0,0,0,0,0,1,0.0006337279337458313,,2019-05-27,,0.283
AAHEEVKH,0,0,,,,Censored No Alarm,0,0,0,0,0,1,0.00039197676233015954,,2019-05-27,,0.283
AAHEHEEH,0,0,,,,Censored No Alarm,0,0,0,0,0,1,0.0002379778743488714,,2019-05-27,,0.283
AAHEHHMH,0,0,,,,Censored No Alarm,0,0,0,0,0,1,0.00029310109675861895,,2019-05-27,,0.283
AAHEHJ0H,0,0,,,,Censored No Alarm,0,0,0,0,0,1,0.0008128808112815022,,2019-06-01,,0.283
AAHEHJ1H,0,0,,,,Censored No Alarm,0,0,0,0,0,1,0.00025032824487425387,,2019-05-27,,0.283
AAHEHL5H,0,0,,,,Censored No Alarm,0,0,0,0,0,1,0.0011034396011382341,,2019-05-27,,0.283
AAHEHP8H,0,0,,,,Censored No Alarm,0,0,0,0,0,1,0.0017451188759878278,,2019-05-27,,0.283
AAHEHRSH,0,0,,,,Censored No Alarm,0,0,0,0,0,1,0.0005661615869030356,,2019-05-27,,0.283
AAHEHS0H,0,0,,,,Censored No Alarm,0,0,0,0,0,1,0.00028397864662110806,,2019-05-27,,0.283
AAHEHTDH,0,0,,,,Censored No Alarm,0,0,0,0,0,1,0.0004693139053415507,,2019-05-27,,0.283
AAHEHTNH,0,0,,,,Censored No Alarm,0,0,0,0,0,1,0.0005370756844058633,,2019-05-27,,0.283
AAHEHTPH,0,0,,,,Censored No Alarm,0,0,0,0,0,1,0.00035572826163843274,,2019-05-27,,0.283
AAHEHVUH,0,0,,,,Censored No Alarm,0,0,0,0,0,1,0.0004555119085125625,,2019-05-27,,0.283
AAHEHY7H,0,0,,,,Censored No Alarm,0,0,0,0,0,1,0.0002690498949959874,,2019-05-27,,0.283
AAHEHZ2H,0,0,,,,Censored No Alarm,0,0,0,0,0,1,0.00045987259363755584,,2019-05-27,,0.283
AAHEHZPH,0,0,,,,Censored No Alarm,0,0,0,0,0,1,0.0005103503353893757,,2019-05-27,,0.283
AAHEHZXH,0,0,,,,Censored No Alarm,0,0,0,0,0,1,0.0009605034138076007,,2019-05-27,,0.283
AAHEJ43H,0,0,,,,Censored No Alarm,0,0,0,0,0,1,0.00035954927443526685,,2019-05-27,,0.283
AAHEJ4KH,0,0,,,,Censored No Alarm,0,0,0,0,0,1,0.00042793562170118093,,2019-05-27,,0.283
AAHEJ76H,0,0,,,,Censored No Alarm,0,0,0,0,0,1,0.0005365146207623184,,2019-05-27,,0.283
AAHEJDXH,0,0,,,,Censored No Alarm,0,0,0,0,0,1,0.0018978881416842341,,2019-05-27,,0.283
AAHEJE4H,0,0,,,,Censored No Alarm,0,0,0,0,0,1,0.0005915668443776667,,2019-05-27,,0.283
AAHEJHKH,0,0,,,,Censored No Alarm,0,0,0,0,0,1,0.00031637714710086584,,2019-05-27,,0.283
AAHGYKJH,1,0,,2024-07-24,,Missed,0,0,0,0,1,0,0.022559700533747673,,2019-08-13,,0.283
AAHH59AH,0,0,,,,Censored No Alarm,0,0,0,0,0,1,0.0008274047286249697,,2019-08-14,,0.283
AAHHAXAH,0,0,,,,Censored No Alarm,0,0,0,0,0,1,0.00047581823309883475,,2019-08-13,,0.283
AAHHXJ2H,0,0,,,,Censored No Alarm,0,0,0,0,0,1,0.003036004491150379,,2019-08-13,,0.283
AAHJG5XH,0,0,,,,Censored No Alarm,0,0,0,0,0,1,0.0016952954465523362,,2019-08-14,,0.283
AAHJP8BH,0,0,,,,Censored No Alarm,0,0,0,0,0,1,0.036191828548908234,,2019-06-01,,0.283
AAHK5PUH,0,0,,,,Censored No Alarm,0,0,0,0,0,1,0.022252770140767097,,2019-06-01,,0.283
AAHK8NRH,0,0,,,,Censored No Alarm,0,0,0,0,0,1,0.001974963815882802,,2019-08-13,,0.283
AAHKERJH,1,0,,2026-01-13,,Missed,0,0,0,0,1,0,0.07274137437343597,,2019-08-13,,0.283
AAHKKR8H,0,0,,,,Censored No Alarm,0,0,0,0,0,1,0.0019448059611022472,,2019-08-14,,0.283
AAHKLDKH,0,0,,,,Censored No Alarm,0,0,0,0,0,1,0.0008344860980287194,,2019-06-01,,0.283
AAHKM55H,1,0,,2025-03-25,,Missed,0,0,0,0,1,0,0.15058232843875885,,2019-08-14,,0.283
AAHKMW2H,1,0,,2022-01-12,,Missed,0,0,0,0,1,0,0.012131182476878166,,2019-06-01,,0.283
AAHKS17H,1,0,,2025-07-07,,Missed,0,0,0,0,1,0,0.07415490597486496,,2019-06-01,,0.283
AAHKWLAH,0,1,2025-06-14,,,Censored Early,0,0,1,1,0,0,0.345906525850296,0.290297269821167,2019-08-14,2131.0,0.283
AAHKX43H,1,0,,2019-11-25,,Missed,0,0,0,0,1,0,0.10422533750534058,,2019-08-14,,0.283
AAHKXKYH,0,0,,,,Censored No Alarm,0,0,0,0,0,1,0.03553207218647003,,2019-08-13,,0.283
AAHKXLYH,0,0,,,,Censored No Alarm,0,0,0,0,0,1,0.0008867050055414438,,2019-08-14,,0.283
AAHKXNHH,0,0,,,,Censored No Alarm,0,0,0,0,0,1,0.01615542732179165,,2019-08-14,,0.283
AAHKXZ7H,0,0,,,,Censored No Alarm,0,0,0,0,0,1,0.00036232121055945754,,2019-08-14,,0.283
AAHKYETH,0,0,,,,Censored No Alarm,0,0,0,0,0,1,0.00121170817874372,,2019-05-16,,0.283
AAHL0PKH,0,0,,,,Censored No Alarm,0,0,0,0,0,1,0.0011776249157264829,,2019-08-13,,0.283
AAHL0TLH,0,0,,,,Censored No Alarm,0,0,0,0,0,1,0.025543905794620514,,2019-06-01,,0.283
AAHL4K8H,0,0,,,,Censored No Alarm,0,0,0,0,0,1,0.002630318980664015,,2019-05-16,,0.283
AAHL5LRH,1,1,2024-08-21,2024-09-01,11.0,On time,1,0,0,0,0,0,0.30110737681388855,0.29684963822364807,2019-08-13,1835.0,0.283
AAHL9A9H,0,0,,,,Censored No Alarm,0,0,0,0,0,1,0.01026666909456253,,2019-08-13,,0.283
AAHL9XJH,0,0,,,,Censored No Alarm,0,0,0,0,0,1,0.02247379720211029,,2019-08-14,,0.283
AAHL9XLH,0,0,,,,Censored No Alarm,0,0,0,0,0,1,0.003753935219720006,,2019-08-14,,0.283
AAHL9Y3H,0,0,,,,Censored No Alarm,0,0,0,0,0,1,0.000892691663466394,,2019-08-14,,0.283
AAHL9YAH,0,0,,,,Censored No Alarm,0,0,0,0,0,1,0.0003738795348908752,,2019-08-14,,0.283
AAHL9ZYH,0,0,,,,Censored No Alarm,0,0,0,0,0,1,0.0008520895498804748,,2019-08-14,,0.283
AAHLBTZH,1,0,,2025-07-26,,Missed,0,0,0,0,1,0,0.1806240677833557,,2019-08-14,,0.283
AAHLBWGH,1,1,2025-08-14,2025-08-30,16.0,On time,1,0,0,0,0,0,0.3837495446205139,0.3038979768753052,2019-08-14,2192.0,0.283
AAHLBWSH,1,0,,2023-12-11,,Missed,0,0,0,0,1,0,0.14507754147052765,,2019-08-13,,0.283
AAHLBXVH,0,0,,,,Censored No Alarm,0,0,0,0,0,1,0.058656010776758194,,2019-08-14,,0.283
AAHLD3UH,1,0,,2025-03-11,,Missed,0,0,0,0,1,0,0.10461050271987915,,2019-08-13,,0.283
AAHLS5JH,0,0,,,,Censored No Alarm,0,0,0,0,0,1,0.0010101796360686421,,2019-05-16,,0.283
AAHLS7ZH,0,0,,,,Censored No Alarm,0,0,0,0,0,1,0.0005917754606343806,,2019-05-16,,0.283
AAHLS8YH,0,0,,,,Censored No Alarm,0,0,0,0,0,1,0.009011945687234402,,2019-05-16,,0.283
AAHLS9UH,0,0,,,,Censored No Alarm,0,0,0,0,0,1,0.0007465694798156619,,2019-05-16,,0.283
AAHLV30H,0,0,,,,Censored No Alarm,0,0,0,0,0,1,0.0005779443308711052,,2019-05-16,,0.283
AAHLV40H,1,1,2019-06-22,2019-08-05,44.0,Early,0,1,0,1,0,0,0.33321043848991394,0.33162155747413635,2019-05-16,37.0,0.283
AAHLV47H,0,0,,,,Censored No Alarm,0,0,0,0,0,1,0.0007000173791311681,,2019-05-16,,0.283
AAHLVTVH,0,0,,,,Censored No Alarm,0,0,0,0,0,1,0.0010150800226256251,,2019-05-27,,0.283
AAHLWE3H,0,0,,,,Censored No Alarm,0,0,0,0,0,1,0.0004935626056976616,,2019-05-27,,0.283
AAHLWKXH,0,0,,,,Censored No Alarm,0,0,0,0,0,1,0.0007220081170089543,,2019-05-16,,0.283
AAHLWM3H,0,0,,,,Censored No Alarm,0,0,0,0,0,1,0.0011749492259696126,,2019-05-27,,0.283
AAHLXJ1H,0,0,,,,Censored No Alarm,0,0,0,0,0,1,0.09616440534591675,,2019-05-04,,0.283
AAHLXJ9H,0,0,,,,Censored No Alarm,0,0,0,0,0,1,0.0007128422148525715,,2019-05-04,,0.283
AAHLXL5H,0,0,,,,Censored No Alarm,0,0,0,0,0,1,0.0012442246079444885,,2019-08-13,,0.283
AAHLXTXH,0,0,,,,Censored No Alarm,0,0,0,0,0,1,0.06462287157773972,,2019-05-16,,0.283
AAHLY01H,0,0,,,,Censored No Alarm,0,0,0,0,0,1,0.0003114179417025298,,2019-05-27,,0.283
AAHLY04H,0,0,,,,Censored No Alarm,0,0,0,0,0,1,0.0009795186342671514,,2019-05-04,,0.283
AAHLY2TH,0,0,,,,Censored No Alarm,0,0,0,0,0,1,0.0008905075956135988,,2019-05-27,,0.283
AAHLY31H,1,1,2024-11-28,2025-07-25,239.0,Early,0,1,0,1,0,0,0.3032577633857727,0.2859779894351959,2019-08-13,1934.0,0.283
AAHLYJRH,0,0,,,,Censored No Alarm,0,0,0,0,0,1,0.0006192305008880794,,2019-05-27,,0.283
AAHLYY6H,0,0,,,,Censored No Alarm,0,0,0,0,0,1,0.0008372511365450919,,2019-05-16,,0.283
AAHM227H,0,0,,,,Censored No Alarm,0,0,0,0,0,1,0.0033740331418812275,,2019-08-13,,0.283
AAHM4E6H,0,0,,,,Censored No Alarm,0,0,0,0,0,1,0.00034366099862381816,,2019-05-27,,0.283
AAHM4HSH,0,0,,,,Censored No Alarm,0,0,0,0,0,1,0.000756921770516783,,2019-05-04,,0.283
AAHM4KJH,0,0,,,,Censored No Alarm,0,0,0,0,0,1,0.0008159663993865252,,2019-08-13,,0.283
AAHM4S6H,0,0,,,,Censored No Alarm,0,0,0,0,0,1,0.0009429891943000257,,2019-05-04,,0.283
AAHM4S8H,0,0,,,,Censored No Alarm,0,0,0,0,0,1,0.000782895484007895,,2019-05-04,,0.283
AAHM4SSH,0,0,,,,Censored No Alarm,0,0,0,0,0,1,0.0009498870931565762,,2019-05-04,,0.283
AAHM4T2H,0,0,,,,Censored No Alarm,0,0,0,0,0,1,0.0008249776437878609,,2019-05-04,,0.283
AAHM4T6H,0,0,,,,Censored No Alarm,0,0,0,0,0,1,0.0006479041185230017,,2019-08-13,,0.283
AAHM4TRH,0,0,,,,Censored No Alarm,0,0,0,0,0,1,0.0004296243714634329,,2019-08-13,,0.283
AAHM4UYH,0,0,,,,Censored No Alarm,0,0,0,0,0,1,0.0007762755849398673,,2019-05-04,,0.283
AAHM4WBH,0,0,,,,Censored No Alarm,0,0,0,0,0,1,0.0005423757247626781,,2019-05-16,,0.283
AAHM4WEH,0,0,,,,Censored No Alarm,0,0,0,0,0,1,0.0007828589878045022,,2019-05-04,,0.283
AAHM4XGH,0,0,,,,Censored No Alarm,0,0,0,0,0,1,0.0013229550095275044,,2019-08-14,,0.283
AAHM5Z4H,0,0,,,,Censored No Alarm,0,0,0,0,0,1,0.0009691802551969886,,2019-05-04,,0.283
AAHM5Z9H,0,0,,,,Censored No Alarm,0,0,0,0,0,1,0.01641678810119629,,2019-05-04,,0.283
AAHM5ZHH,0,0,,,,Censored No Alarm,0,0,0,0,0,1,0.0006090982351452112,,2019-05-04,,0.283
AAHMD6GH,0,0,,,,Censored No Alarm,0,0,0,0,0,1,0.0005896714283153415,,2019-05-04,,0.283
AAHME7KH,0,0,,,,Censored No Alarm,0,0,0,0,0,1,0.0008702334598638117,,2019-05-16,,0.283
AAHMGV8H,0,0,,,,Censored No Alarm,0,0,0,0,0,1,0.00042650027899071574,,2019-05-27,,0.283
AAHMH4LH,0,0,,,,Censored No Alarm,0,0,0,0,0,1,0.0006046975613571703,,2019-05-04,,0.283
AAHML65H,0,0,,,,Censored No Alarm,0,0,0,0,0,1,0.0010096740443259478,,2019-05-16,,0.283
AAHMN38H,0,0,,,,Censored No Alarm,0,0,0,0,0,1,0.0010653167264536023,,2019-05-16,,0.283
AAHMR03H,1,1,2025-11-14,2025-11-26,12.0,On time,1,0,0,0,0,0,0.3404735028743744,0.3235386610031128,2019-05-16,2374.0,0.283
AAHMR2ZH,1,0,,2024-01-31,,Missed,0,0,0,0,1,0,0.0009226183174178004,,2019-05-16,,0.283
AAHMSNRH,0,0,,,,Censored No Alarm,0,0,0,0,0,1,0.0010104741668328643,,2019-05-16,,0.283
AAHMUYLH,0,0,,,,Censored No Alarm,0,0,0,0,0,1,0.0009753485210239887,,2019-05-16,,0.283
AAHMW6RH,0,0,,,,Censored No Alarm,0,0,0,0,0,1,0.0009255409822799265,,2019-05-16,,0.283
AAHMW7NH,0,0,,,,Censored No Alarm,0,0,0,0,0,1,0.000820692686829716,,2019-05-16,,0.283
