serial_number,has_failed,alarm_triggered,first_alarm_date,actual_failure_date,days_to_failure_at_alarm,category,is_hit,is_fp_early,is_fp_cens,is_false_alarm,is_miss,is_correct_rejection,max_predicted_score,alarm_predicted_score,first_seen_date,days_since_observed,threshold_used
2AG61PSY,0,0,,,,Censored No Alarm,0,0,0,0,0,1,0.0010934637393802404,,2019-05-27,,0.395
2AG8AVRY,0,0,,,,Censored No Alarm,0,0,0,0,0,1,0.006765016820281744,,2019-08-14,,0.395
2AGEGU7Y,0,0,,,,Censored No Alarm,0,0,0,0,0,1,0.000746190024074167,,2019-05-27,,0.395
2AGEU1JY,0,0,,,,Censored No Alarm,0,0,0,0,0,1,0.28973647952079773,,2019-06-01,,0.395
2AGG48NY,0,0,,,,Censored No Alarm,0,0,0,0,0,1,0.000689436390530318,,2019-05-27,,0.395
2AGG7H1Y,0,0,,,,Censored No Alarm,0,0,0,0,0,1,0.0010934637393802404,,2019-05-27,,0.395
2AGGHGJY,1,1,2024-11-19,2024-11-19,0.0,On time,1,0,0,0,0,0,0.4296296238899231,0.4296296238899231,2019-05-16,2014.0,0.395
2AGGHLEY,0,0,,,,Censored No Alarm,0,0,0,0,0,1,0.0008036983199417591,,2019-06-01,,0.395
2AGGHM0Y,0,0,,,,Censored No Alarm,0,0,0,0,0,1,0.0010934637393802404,,2019-05-27,,0.395
2AGGHMUY,0,0,,,,Censored No Alarm,0,0,0,0,0,1,0.0007221471169032156,,2019-05-16,,0.395
2AGGHR1Y,0,0,,,,Censored No Alarm,0,0,0,0,0,1,0.008578767068684101,,2019-05-27,,0.395
2AGGHR7Y,0,0,,,,Censored No Alarm,0,0,0,0,0,1,0.0010079406201839447,,2019-05-27,,0.395
2AGGL0UY,1,0,,2022-02-27,,Missed,0,0,0,0,1,0,0.022171759977936745,,2019-05-27,,0.395
2AGGR3NY,0,0,,,,Censored No Alarm,0,0,0,0,0,1,0.19713236391544342,,2019-05-27,,0.395
2AGGZNJY,0,0,,,,Censored No Alarm,0,0,0,0,0,1,0.0026360268238931894,,2019-05-27,,0.395
2AGH31BY,1,0,,2023-11-01,,Missed,0,0,0,0,1,0,0.042447492480278015,,2019-05-27,,0.395
2AGH31PY,1,0,,2024-11-18,,Missed,0,0,0,0,1,0,0.36922091245651245,,2019-05-27,,0.395
2AGH33SY,1,1,2025-02-15,2025-05-08,82.0,Early,0,1,0,1,0,0,0.41147953271865845,0.3970179855823517,2019-05-27,2091.0,0.395
2AGH34HY,0,0,,,,Censored No Alarm,0,0,0,0,0,1,0.16546744108200073,,2019-05-27,,0.395
2AGH34PY,0,0,,,,Censored No Alarm,0,0,0,0,0,1,0.0007759771542623639,,2019-05-27,,0.395
2AGH35GY,0,0,,,,Censored No Alarm,0,0,0,0,0,1,0.0010934637393802404,,2019-05-27,,0.395
2AGHB9XY,1,1,2024-11-19,2024-12-02,13.0,On time,1,0,0,0,0,0,0.4001519978046417,0.4001519978046417,2019-05-27,2003.0,0.395
2AGHDYHY,0,0,,,,Censored No Alarm,0,0,0,0,0,1,0.0022991944570094347,,2019-05-27,,0.395
2AGHEP9Y,1,0,,2024-07-26,,Missed,0,0,0,0,1,0,0.04908997192978859,,2019-05-27,,0.395
2AGHGR1Y,0,0,,,,Censored No Alarm,0,0,0,0,0,1,0.006853459402918816,,2019-05-27,,0.395
2AGHGRLY,0,0,,,,Censored No Alarm,0,0,0,0,0,1,0.005621124058961868,,2019-05-27,,0.395
2AGHGRRY,0,0,,,,Censored No Alarm,0,0,0,0,0,1,0.0010934637393802404,,2019-05-27,,0.395
2AGHJD4Y,0,0,,,,Censored No Alarm,0,0,0,0,0,1,0.38370680809020996,,2019-06-01,,0.395
2AGHK55Y,0,0,,,,Censored No Alarm,0,0,0,0,0,1,0.000746190024074167,,2019-05-27,,0.395
2AGHK8MY,0,0,,,,Censored No Alarm,0,0,0,0,0,1,0.0026131446938961744,,2019-05-27,,0.395
2AGHLEUY,1,0,,2023-11-06,,Missed,0,0,0,0,1,0,0.01996162161231041,,2019-05-27,,0.395
2AGHLGTY,1,1,2025-02-24,2025-08-05,162.0,Early,0,1,0,1,0,0,0.40108799934387207,0.3999677300453186,2019-05-27,2100.0,0.395
2AGHLKHY,0,0,,,,Censored No Alarm,0,0,0,0,0,1,0.0006953172269277275,,2019-05-27,,0.395
2AGHLMXY,0,0,,,,Censored No Alarm,0,0,0,0,0,1,0.000746190024074167,,2019-05-27,,0.395
2AGHLN0Y,0,0,,,,Censored No Alarm,0,0,0,0,0,1,0.0010934637393802404,,2019-05-27,,0.395
2AGHMUTY,0,0,,,,Censored No Alarm,0,0,0,0,0,1,0.0007133482140488923,,2019-05-27,,0.395
2AGHMUYY,0,0,,,,Censored No Alarm,0,0,0,0,0,1,0.0010934637393802404,,2019-06-01,,0.395
2AGHMW5Y,0,0,,,,Censored No Alarm,0,0,0,0,0,1,0.016276711598038673,,2019-05-27,,0.395
2AGHMXGY,1,0,,2023-05-14,,Missed,0,0,0,0,1,0,0.016827598214149475,,2019-05-27,,0.395
2AGHMYTY,0,0,,,,Censored No Alarm,0,0,0,0,0,1,0.05441760644316673,,2019-05-27,,0.395
2AGHMZMY,0,0,,,,Censored No Alarm,0,0,0,0,0,1,0.010614906437695026,,2019-05-27,,0.395
2AGHN0TY,1,1,2020-09-15,2020-10-22,37.0,Early,0,1,0,1,0,0,0.5027775168418884,0.5027775168418884,2019-05-27,477.0,0.395
2AGHN0WY,0,0,,,,Censored No Alarm,0,0,0,0,0,1,0.0010934637393802404,,2019-05-27,,0.395
2AGHN16Y,0,0,,,,Censored No Alarm,0,0,0,0,0,1,0.0010934637393802404,,2019-05-27,,0.395
2AGHN2AY,0,0,,,,Censored No Alarm,0,0,0,0,0,1,0.000746190024074167,,2019-05-27,,0.395
2AGHN3XY,0,0,,,,Censored No Alarm,0,0,0,0,0,1,0.000746190024074167,,2019-05-27,,0.395
2AGHPDKY,0,0,,,,Censored No Alarm,0,0,0,0,0,1,0.0007009458495303988,,2019-05-27,,0.395
2AGHSJ4Y,0,0,,,,Censored No Alarm,0,0,0,0,0,1,0.000746190024074167,,2019-05-27,,0.395
2AGHSS9Y,0,0,,,,Censored No Alarm,0,0,0,0,0,1,0.0010934637393802404,,2019-05-27,,0.395
2AGHTBYY,1,1,2024-11-20,2025-01-25,66.0,Early,0,1,0,1,0,0,0.4578385055065155,0.4521320164203644,2019-05-27,2004.0,0.395
2AGHTGEY,1,1,2023-01-25,2023-03-14,48.0,Early,0,1,0,1,0,0,0.3965630531311035,0.3965630531311035,2019-05-27,1339.0,0.395
2AGHTKBY,0,0,,,,Censored No Alarm,0,0,0,0,0,1,0.007347022648900747,,2019-05-27,,0.395
2AGLY65Y,1,0,,2023-11-20,,Missed,0,0,0,0,1,0,0.1311970204114914,,2019-08-13,,0.395
2AGM231Y,0,0,,,,Censored No Alarm,0,0,0,0,0,1,0.0008036983199417591,,2019-05-04,,0.395
2AGM23NY,0,0,,,,Censored No Alarm,0,0,0,0,0,1,0.0008036983199417591,,2019-05-04,,0.395
2AGM5UVY,0,0,,,,Censored No Alarm,0,0,0,0,0,1,0.21793442964553833,,2019-05-16,,0.395
2AGM5V7Y,1,0,,2025-12-05,,Missed,0,0,0,0,1,0,0.3556223213672638,,2019-05-16,,0.395
2AGM5VBY,0,0,,,,Censored No Alarm,0,0,0,0,0,1,0.21793442964553833,,2019-05-16,,0.395
2AGM5VHY,1,0,,2025-01-18,,Missed,0,0,0,0,1,0,0.019490322098135948,,2019-08-14,,0.395
2AGM5W9Y,1,0,,2025-01-16,,Missed,0,0,0,0,1,0,0.015530133619904518,,2019-05-16,,0.395
2AGM5YEY,0,0,,,,Censored No Alarm,0,0,0,0,0,1,0.01276005245745182,,2019-05-04,,0.395
2AGM8EMY,1,1,2024-05-27,2024-10-29,155.0,Early,0,1,0,1,0,0,0.4957026243209839,0.4957026243209839,2019-05-16,1838.0,0.395
2AGM8EUY,0,0,,,,Censored No Alarm,0,0,0,0,0,1,0.000746190024074167,,2019-05-27,,0.395
2AGM8J2Y,0,0,,,,Censored No Alarm,0,0,0,0,0,1,0.009715920314192772,,2019-05-16,,0.395
2AGM8JAY,0,0,,,,Censored No Alarm,0,0,0,0,0,1,0.0006933357799425721,,2019-05-16,,0.395
2AGM8LNY,0,0,,,,Censored No Alarm,0,0,0,0,0,1,0.3780713975429535,,2019-05-04,,0.395
2AGM8RJY,0,0,,,,Censored No Alarm,0,0,0,0,0,1,0.03347693383693695,,2019-08-13,,0.395
2AGM8RTY,0,0,,,,Censored No Alarm,0,0,0,0,0,1,0.18770666420459747,,2019-05-16,,0.395
2AGM8UNY,1,0,,2026-03-12,,Missed,0,0,0,0,1,0,0.2514210343360901,,2019-08-13,,0.395
2AGM8V7Y,0,0,,,,Censored No Alarm,0,0,0,0,0,1,0.0009471862576901913,,2019-05-16,,0.395
2AGM9MXY,1,0,,2025-09-21,,Missed,0,0,0,0,1,0,0.08133722841739655,,2019-05-04,,0.395
2AGM9PJY,0,0,,,,Censored No Alarm,0,0,0,0,0,1,0.1821564882993698,,2019-05-04,,0.395
2AGM9RGY,1,0,,2022-12-23,,Missed,0,0,0,0,1,0,0.0007221471169032156,,2019-05-16,,0.395
2AGM9S6Y,0,0,,,,Censored No Alarm,0,0,0,0,0,1,0.008018369786441326,,2019-05-16,,0.395
2AGM9SDY,0,0,,,,Censored No Alarm,0,0,0,0,0,1,0.0008036983199417591,,2019-05-04,,0.395
2AGM9U1Y,0,0,,,,Censored No Alarm,0,0,0,0,0,1,0.0007125654956325889,,2019-05-16,,0.395
2AGMDJKY,0,0,,,,Censored No Alarm,0,0,0,0,0,1,0.0008364919340237975,,2019-05-04,,0.395
2AGMDUAY,1,0,,2023-02-04,,Missed,0,0,0,0,1,0,0.028879940509796143,,2019-05-16,,0.395
2AGMDY1Y,0,0,,,,Censored No Alarm,0,0,0,0,0,1,0.0066005089320242405,,2019-08-14,,0.395
2AGME0XY,1,0,,2024-05-29,,Missed,0,0,0,0,1,0,0.36097070574760437,,2019-05-16,,0.395
2AGME3BY,0,0,,,,Censored No Alarm,0,0,0,0,0,1,0.006215198431164026,,2019-05-16,,0.395
2AGME9PY,1,1,2024-08-06,2024-08-06,0.0,On time,1,0,0,0,0,0,0.424375981092453,0.424375981092453,2019-08-13,1820.0,0.395
2AGMGAYY,0,0,,,,Censored No Alarm,0,0,0,0,0,1,0.0008463261183351278,,2019-05-16,,0.395
2AGMGDPY,0,0,,,,Censored No Alarm,0,0,0,0,0,1,0.0007781672175042331,,2019-08-13,,0.395
2AGMGKLY,0,0,,,,Censored No Alarm,0,0,0,0,0,1,0.002452416578307748,,2019-08-13,,0.395
2AGMGXEY,0,0,,,,Censored No Alarm,0,0,0,0,0,1,0.0010934637393802404,,2019-08-14,,0.395
2AGMH2YY,1,0,,2024-12-10,,Missed,0,0,0,0,1,0,0.17884773015975952,,2019-05-16,,0.395
2AGMH3JY,0,0,,,,Censored No Alarm,0,0,0,0,0,1,0.000831704877782613,,2019-05-16,,0.395
2AGMHK6Y,0,0,,,,Censored No Alarm,0,0,0,0,0,1,0.029840834438800812,,2019-05-04,,0.395
2AGMHPEY,1,0,,2024-06-25,,Missed,0,0,0,0,1,0,0.028843026608228683,,2019-06-01,,0.395
2AGMHRYY,1,0,,2024-05-16,,Missed,0,0,0,0,1,0,0.3769030272960663,,2019-05-16,,0.395
2AGMHTLY,0,0,,,,Censored No Alarm,0,0,0,0,0,1,0.0007898128824308515,,2019-05-04,,0.395
2AGMHU7Y,1,0,,2024-07-08,,Missed,0,0,0,0,1,0,0.01561038475483656,,2019-05-04,,0.395
2AGMHVTY,0,0,,,,Censored No Alarm,0,0,0,0,0,1,0.0007684316951781511,,2019-05-16,,0.395
2AGMHWAY,1,1,2021-06-19,2023-09-22,825.0,Early,0,1,0,1,0,0,0.47379162907600403,0.47379162907600403,2019-08-14,675.0,0.395
2AGMHXDY,1,0,,2025-06-02,,Missed,0,0,0,0,1,0,0.39148202538490295,,2019-08-13,,0.395
2AGMHY3Y,1,0,,2025-11-18,,Missed,0,0,0,0,1,0,0.011485042050480843,,2019-08-14,,0.395
2AGMHY5Y,0,0,,,,Censored No Alarm,0,0,0,0,0,1,0.000746190024074167,,2019-08-13,,0.395
2AGMJ35Y,0,0,,,,Censored No Alarm,0,0,0,0,0,1,0.0008036983199417591,,2019-05-04,,0.395
2AGMJ3JY,0,0,,,,Censored No Alarm,0,0,0,0,0,1,0.0008740107878111303,,2019-05-16,,0.395
2AGMJ3TY,0,0,,,,Censored No Alarm,0,0,0,0,0,1,0.0010934637393802404,,2019-08-14,,0.395
2AGMJ47Y,0,0,,,,Censored No Alarm,0,0,0,0,0,1,0.0008036983199417591,,2019-06-01,,0.395
2AGMJ5BY,1,0,,2021-05-03,,Missed,0,0,0,0,1,0,0.002322366926819086,,2019-05-04,,0.395
2AGMKV4Y,1,0,,2026-01-28,,Missed,0,0,0,0,1,0,0.36780068278312683,,2019-05-04,,0.395
2AGMKVHY,1,0,,2023-05-06,,Missed,0,0,0,0,1,0,0.05814303457736969,,2019-08-13,,0.395
2AGMKVTY,1,0,,2024-12-04,,Missed,0,0,0,0,1,0,0.38505902886390686,,2019-08-14,,0.395
2AGMLMLY,0,0,,,,Censored No Alarm,0,0,0,0,0,1,0.24668626487255096,,2019-08-14,,0.395
2AGMLSZY,1,1,2020-07-23,2020-07-30,7.0,On time,1,0,0,0,0,0,0.6629201769828796,0.6629201769828796,2019-05-16,434.0,0.395
2AGMLT7Y,0,0,,,,Censored No Alarm,0,0,0,0,0,1,0.07051985710859299,,2019-05-16,,0.395
2AGMLWNY,0,0,,,,Censored No Alarm,0,0,0,0,0,1,0.0525294691324234,,2019-08-14,,0.395
2AGMLZLY,1,0,,2026-02-11,,Missed,0,0,0,0,1,0,0.24668626487255096,,2019-05-16,,0.395
2AGMM0UY,0,1,2019-12-20,,,Censored Early,0,0,1,1,0,0,0.6612778306007385,0.6612778306007385,2019-05-16,218.0,0.395
2AGMMNKY,0,0,,,,Censored No Alarm,0,0,0,0,0,1,0.013688930310308933,,2019-06-01,,0.395
2AGMMU1Y,0,0,,,,Censored No Alarm,0,0,0,0,0,1,0.0007221471169032156,,2019-05-16,,0.395
2AGMMU4Y,0,0,,,,Censored No Alarm,0,0,0,0,0,1,0.0010934637393802404,,2019-08-14,,0.395
2AGMNB7Y,1,0,,2023-03-30,,Missed,0,0,0,0,1,0,0.07011227309703827,,2019-05-16,,0.395
2AGMNBEY,0,0,,,,Censored No Alarm,0,0,0,0,0,1,0.0007221471169032156,,2019-05-16,,0.395
2AGMND4Y,1,1,2025-10-15,2025-10-27,12.0,On time,1,0,0,0,0,0,0.5563128590583801,0.5330005884170532,2019-05-04,2356.0,0.395
2AGMNE1Y,1,0,,2025-11-26,,Missed,0,0,0,0,1,0,0.28482070565223694,,2019-05-16,,0.395
2AGMNEBY,1,0,,2024-08-05,,Missed,0,0,0,0,1,0,0.20648449659347534,,2019-05-04,,0.395
2AGMNG0Y,0,0,,,,Censored No Alarm,0,0,0,0,0,1,0.05897502973675728,,2019-05-16,,0.395
2AGMNJKY,1,1,2024-01-23,2025-09-29,615.0,Early,0,1,0,1,0,0,0.5458455681800842,0.4209975302219391,2019-05-16,1713.0,0.395
2AGMNM8Y,0,0,,,,Censored No Alarm,0,0,0,0,0,1,0.020960908383131027,,2019-08-14,,0.395
2AGMNMWY,1,0,,2023-05-10,,Missed,0,0,0,0,1,0,0.02409491501748562,,2019-05-16,,0.395
2AGMNTXY,0,0,,,,Censored No Alarm,0,0,0,0,0,1,0.0007898128824308515,,2019-05-16,,0.395
2AGMNUVY,0,0,,,,Censored No Alarm,0,0,0,0,0,1,0.006479797884821892,,2019-05-04,,0.395
2AGMNWBY,0,0,,,,Censored No Alarm,0,0,0,0,0,1,0.012172158807516098,,2019-08-13,,0.395
2AGMNXRY,0,0,,,,Censored No Alarm,0,0,0,0,0,1,0.02613845467567444,,2019-08-13,,0.395
2AGMP7ZY,0,0,,,,Censored No Alarm,0,0,0,0,0,1,0.0009353412315249443,,2019-08-14,,0.395
2AGMPBWY,0,0,,,,Censored No Alarm,0,0,0,0,0,1,0.03573470190167427,,2019-05-16,,0.395
2AGMPD8Y,1,0,,2023-11-21,,Missed,0,0,0,0,1,0,0.0007221471169032156,,2019-08-13,,0.395
2AGMPK3Y,0,0,,,,Censored No Alarm,0,0,0,0,0,1,0.01379526685923338,,2019-05-04,,0.395
2AGMPL7Y,1,0,,2025-02-27,,Missed,0,0,0,0,1,0,0.033002644777297974,,2019-05-16,,0.395
2AGMPP1Y,0,0,,,,Censored No Alarm,0,0,0,0,0,1,0.007643707096576691,,2019-05-16,,0.395
2AGMPP4Y,1,0,,2025-09-23,,Missed,0,0,0,0,1,0,0.284483402967453,,2019-05-16,,0.395
2AGMPPGY,0,0,,,,Censored No Alarm,0,0,0,0,0,1,0.0007781672175042331,,2019-05-16,,0.395
2AGMPSSY,0,0,,,,Censored No Alarm,0,0,0,0,0,1,0.0007221471169032156,,2019-05-16,,0.395
2AGMPT2Y,0,0,,,,Censored No Alarm,0,0,0,0,0,1,0.0009429681813344359,,2019-05-16,,0.395
2AGMPZ8Y,0,0,,,,Censored No Alarm,0,0,0,0,0,1,0.0010934637393802404,,2019-08-14,,0.395
2AGMS6PY,0,0,,,,Censored No Alarm,0,0,0,0,0,1,0.0007754179532639682,,2019-08-14,,0.395
2AGMSHHY,1,0,,2022-08-12,,Missed,0,0,0,0,1,0,0.004203107673674822,,2019-05-04,,0.395
2AGMTK0Y,1,0,,2025-08-30,,Missed,0,0,0,0,1,0,0.2550548017024994,,2019-05-16,,0.395
2AGMTL0Y,1,0,,2023-04-17,,Missed,0,0,0,0,1,0,0.0006516333087347448,,2019-05-04,,0.395
2AGMTXAY,0,0,,,,Censored No Alarm,0,0,0,0,0,1,0.000698731979355216,,2019-08-13,,0.395
2AGMUBMY,0,0,,,,Censored No Alarm,0,0,0,0,0,1,0.0008036983199417591,,2019-06-01,,0.395
2AGMUBRY,1,0,,2024-08-04,,Missed,0,0,0,0,1,0,0.005906380247324705,,2019-08-13,,0.395
2AGMV9UY,0,0,,,,Censored No Alarm,0,0,0,0,0,1,0.000746190024074167,,2019-08-13,,0.395
2AGMVDDY,0,0,,,,Censored No Alarm,0,0,0,0,0,1,0.0010340189328417182,,2019-05-16,,0.395
2AGMWHVY,1,0,,2024-07-19,,Missed,0,0,0,0,1,0,0.06280269473791122,,2019-05-16,,0.395
2AGMZLMY,1,0,,2023-05-16,,Missed,0,0,0,0,1,0,0.10154253989458084,,2019-08-13,,0.395
2AGN038Y,0,0,,,,Censored No Alarm,0,0,0,0,0,1,0.0006843011360615492,,2019-08-13,,0.395
2AGN03MY,0,0,,,,Censored No Alarm,0,0,0,0,0,1,0.005317231640219688,,2019-08-13,,0.395
2AGN05MY,0,0,,,,Censored No Alarm,0,0,0,0,0,1,0.0006843011360615492,,2019-08-13,,0.395
2AGN071Y,0,0,,,,Censored No Alarm,0,0,0,0,0,1,0.006084312219172716,,2019-08-13,,0.395
2AGN07AY,0,0,,,,Censored No Alarm,0,0,0,0,0,1,0.0017697698203846812,,2019-08-14,,0.395
2AGN17RY,0,0,,,,Censored No Alarm,0,0,0,0,0,1,0.000746190024074167,,2019-08-13,,0.395
2AGN1YNY,0,0,,,,Censored No Alarm,0,0,0,0,0,1,0.0010934637393802404,,2019-08-14,,0.395
2AGN29AY,0,0,,,,Censored No Alarm,0,0,0,0,0,1,0.000905054563190788,,2019-08-14,,0.395
2AGN43EY,0,0,,,,Censored No Alarm,0,0,0,0,0,1,0.1016785204410553,,2019-08-13,,0.395
2AGN5A3Y,0,0,,,,Censored No Alarm,0,0,0,0,0,1,0.0008036983199417591,,2019-06-01,,0.395
2AGN7GZY,0,0,,,,Censored No Alarm,0,0,0,0,0,1,0.000746190024074167,,2019-08-13,,0.395
2AGN7XVY,0,0,,,,Censored No Alarm,0,0,0,0,0,1,0.02186247706413269,,2019-08-14,,0.395
2AGN7XYY,0,0,,,,Censored No Alarm,0,0,0,0,0,1,0.048105038702487946,,2019-05-27,,0.395
2AGN853Y,0,0,,,,Censored No Alarm,0,0,0,0,0,1,0.0010934637393802404,,2019-08-14,,0.395
2AGN8H9Y,0,0,,,,Censored No Alarm,0,0,0,0,0,1,0.0010934637393802404,,2019-08-14,,0.395
2AGN8Y9Y,0,0,,,,Censored No Alarm,0,0,0,0,0,1,0.009032905101776123,,2019-08-13,,0.395
2AGN8ZGY,0,0,,,,Censored No Alarm,0,0,0,0,0,1,0.06368660926818848,,2019-06-01,,0.395
2AGN90RY,1,0,,2023-12-07,,Missed,0,0,0,0,1,0,0.247249037027359,,2019-08-14,,0.395
2AGN9N4Y,1,1,2025-01-26,2025-03-06,39.0,Early,0,1,0,1,0,0,0.5772638320922852,0.4077688157558441,2019-08-13,1993.0,0.395
2AGNAK7Y,0,0,,,,Censored No Alarm,0,0,0,0,0,1,0.0010934637393802404,,2019-08-14,,0.395
2AGNAKGY,0,0,,,,Censored No Alarm,0,0,0,0,0,1,0.000905054563190788,,2019-08-14,,0.395
2AGNAYKY,0,0,,,,Censored No Alarm,0,0,0,0,0,1,0.000746190024074167,,2019-08-13,,0.395
2AGNBWPY,0,0,,,,Censored No Alarm,0,0,0,0,0,1,0.000905054563190788,,2019-08-13,,0.395
2AGND0EY,0,0,,,,Censored No Alarm,0,0,0,0,0,1,0.0061554210260510445,,2019-08-13,,0.395
2AGNEAHY,0,0,,,,Censored No Alarm,0,0,0,0,0,1,0.000746190024074167,,2019-08-13,,0.395
2AGNEK5Y,0,0,,,,Censored No Alarm,0,0,0,0,0,1,0.015333191491663456,,2019-08-14,,0.395
2AGNEN9Y,0,0,,,,Censored No Alarm,0,0,0,0,0,1,0.0010934637393802404,,2019-08-14,,0.395
2AGNEREY,0,0,,,,Censored No Alarm,0,0,0,0,0,1,0.007806752342730761,,2019-08-13,,0.395
2AGNGZPY,0,0,,,,Censored No Alarm,0,0,0,0,0,1,0.0010934637393802404,,2019-05-27,,0.395
2AGNJE2Y,0,0,,,,Censored No Alarm,0,0,0,0,0,1,0.019785404205322266,,2019-06-01,,0.395
2AGNJG7Y,0,0,,,,Censored No Alarm,0,0,0,0,0,1,0.0007759771542623639,,2019-08-13,,0.395
2AGNJGHY,0,0,,,,Censored No Alarm,0,0,0,0,0,1,0.0007759771542623639,,2019-08-13,,0.395
2AGNJRYY,0,0,,,,Censored No Alarm,0,0,0,0,0,1,0.0010934637393802404,,2019-06-01,,0.395
2AGNJTAY,0,0,,,,Censored No Alarm,0,0,0,0,0,1,0.0010934637393802404,,2019-08-14,,0.395
2AGNJTRY,0,0,,,,Censored No Alarm,0,0,0,0,0,1,0.0010934637393802404,,2019-08-14,,0.395
2AGNKB9Y,1,0,,2023-11-29,,Missed,0,0,0,0,1,0,0.0006933357799425721,,2019-08-13,,0.395
2AGNKGXY,0,0,,,,Censored No Alarm,0,0,0,0,0,1,0.0010934637393802404,,2019-08-14,,0.395
2AGNKNJY,0,0,,,,Censored No Alarm,0,0,0,0,0,1,0.0025137353222817183,,2019-08-14,,0.395
2AGNKSPY,0,0,,,,Censored No Alarm,0,0,0,0,0,1,0.005513821728527546,,2019-08-14,,0.395
2AGNKV4Y,0,0,,,,Censored No Alarm,0,0,0,0,0,1,0.000746190024074167,,2019-08-13,,0.395
2AGNL61Y,0,0,,,,Censored No Alarm,0,0,0,0,0,1,0.0008036983199417591,,2019-05-16,,0.395
2AGNNTHY,0,0,,,,Censored No Alarm,0,0,0,0,0,1,0.012358610518276691,,2019-05-16,,0.395
2AGNT47Y,0,0,,,,Censored No Alarm,0,0,0,0,0,1,0.0008036983199417591,,2019-05-16,,0.395
2AGP393Y,1,1,2019-08-08,2023-04-06,1337.0,Early,0,1,0,1,0,0,0.47765231132507324,0.40487873554229736,2019-06-01,68.0,0.395
2AGP43EY,1,0,,2024-09-01,,Missed,0,0,0,0,1,0,0.026495646685361862,,2019-05-16,,0.395
2AGP5EDY,0,0,,,,Censored No Alarm,0,0,0,0,0,1,0.0007898128824308515,,2019-05-16,,0.395
2AGP5GBY,0,0,,,,Censored No Alarm,0,0,0,0,0,1,0.002322366926819086,,2019-05-16,,0.395
2AGP5J1Y,0,0,,,,Censored No Alarm,0,0,0,0,0,1,0.0008036983199417591,,2019-05-16,,0.395
2AGP6TYY,0,0,,,,Censored No Alarm,0,0,0,0,0,1,0.0007754179532639682,,2019-05-16,,0.395
2AGP6UBY,0,0,,,,Censored No Alarm,0,0,0,0,0,1,0.0029335820581763983,,2019-05-16,,0.395
2AGP9W7Y,0,0,,,,Censored No Alarm,0,0,0,0,0,1,0.03228205442428589,,2019-05-16,,0.395
2AGPHHKY,0,0,,,,Censored No Alarm,0,0,0,0,0,1,0.0010934637393802404,,2019-06-01,,0.395
2AGPHHTY,0,0,,,,Censored No Alarm,0,0,0,0,0,1,0.0007898128824308515,,2019-06-01,,0.395
2AGPJAVY,0,0,,,,Censored No Alarm,0,0,0,0,0,1,0.0007754179532639682,,2019-05-27,,0.395
2AGPJBGY,0,0,,,,Censored No Alarm,0,0,0,0,0,1,0.0026131446938961744,,2019-05-27,,0.395
2AGPJBNY,0,0,,,,Censored No Alarm,0,0,0,0,0,1,0.0007754179532639682,,2019-05-27,,0.395
2AGPJE5Y,0,0,,,,Censored No Alarm,0,0,0,0,0,1,0.0007221471169032156,,2019-05-16,,0.395
2AGPJGPY,1,0,,2021-02-22,,Missed,0,0,0,0,1,0,0.02141295187175274,,2019-05-16,,0.395
2AGPJH1Y,1,0,,2024-08-11,,Missed,0,0,0,0,1,0,0.02202162705361843,,2019-05-16,,0.395
2AGPJHAY,0,0,,,,Censored No Alarm,0,0,0,0,0,1,0.000746190024074167,,2019-08-13,,0.395
2AGPJHXY,0,0,,,,Censored No Alarm,0,0,0,0,0,1,0.000746190024074167,,2019-05-27,,0.395
2AGPJL8Y,0,0,,,,Censored No Alarm,0,0,0,0,0,1,0.0007759771542623639,,2019-05-27,,0.395
2AGPJLWY,0,0,,,,Censored No Alarm,0,0,0,0,0,1,0.0007221471169032156,,2019-08-13,,0.395
2AGPJMRY,0,0,,,,Censored No Alarm,0,0,0,0,0,1,0.000746190024074167,,2019-08-13,,0.395
2AGPJP0Y,0,0,,,,Censored No Alarm,0,0,0,0,0,1,0.0007362895412370563,,2019-05-27,,0.395
2AGPK9HY,0,0,,,,Censored No Alarm,0,0,0,0,0,1,0.0020115480292588472,,2019-08-14,,0.395
2AGPKA3Y,0,0,,,,Censored No Alarm,0,0,0,0,0,1,0.008543599396944046,,2019-08-14,,0.395
2AGPKALY,0,0,,,,Censored No Alarm,0,0,0,0,0,1,0.0007898128824308515,,2019-05-16,,0.395
2AGPKARY,0,0,,,,Censored No Alarm,0,0,0,0,0,1,0.0007898128824308515,,2019-05-16,,0.395
2AGPKB2Y,0,0,,,,Censored No Alarm,0,0,0,0,0,1,0.000746190024074167,,2019-05-27,,0.395
2AGPKTUY,0,0,,,,Censored No Alarm,0,0,0,0,0,1,0.0007898128824308515,,2019-05-16,,0.395
2AGPKVGY,0,0,,,,Censored No Alarm,0,0,0,0,0,1,0.0007754179532639682,,2019-05-16,,0.395
2AGPKWNY,1,0,,2023-10-29,,Missed,0,0,0,0,1,0,0.07361343502998352,,2019-05-16,,0.395
2AGPKX4Y,0,0,,,,Censored No Alarm,0,0,0,0,0,1,0.03701333329081535,,2019-05-16,,0.395
2AGPL2YY,0,0,,,,Censored No Alarm,0,0,0,0,0,1,0.010149708949029446,,2019-05-16,,0.395
2AGPL4UY,0,0,,,,Censored No Alarm,0,0,0,0,0,1,0.0007754179532639682,,2019-05-16,,0.395
2AGPL4ZY,0,0,,,,Censored No Alarm,0,0,0,0,0,1,0.001742111169733107,,2019-05-27,,0.395
2AGPLSSY,0,0,,,,Censored No Alarm,0,0,0,0,0,1,0.0008036983199417591,,2019-05-16,,0.395
2AGPMDVY,0,0,,,,Censored No Alarm,0,0,0,0,0,1,0.0010934637393802404,,2019-05-27,,0.395
2AGPMEPY,0,0,,,,Censored No Alarm,0,0,0,0,0,1,0.001134319230914116,,2019-05-16,,0.395
2AGPMGGY,0,0,,,,Censored No Alarm,0,0,0,0,0,1,0.0021833914797753096,,2019-05-16,,0.395
2AGPMM3Y,0,0,,,,Censored No Alarm,0,0,0,0,0,1,0.0013902500504627824,,2019-05-27,,0.395
2AGPMN9Y,0,0,,,,Censored No Alarm,0,0,0,0,0,1,0.000746190024074167,,2019-05-27,,0.395
2AGPMRDY,0,0,,,,Censored No Alarm,0,0,0,0,0,1,0.0010934637393802404,,2019-05-27,,0.395
2AGPMY1Y,0,0,,,,Censored No Alarm,0,0,0,0,0,1,0.0008036983199417591,,2019-05-16,,0.395
2AGPN6PY,0,0,,,,Censored No Alarm,0,0,0,0,0,1,0.07399867475032806,,2019-05-16,,0.395
2AGPPJAY,0,0,,,,Censored No Alarm,0,0,0,0,0,1,0.0007221471169032156,,2019-05-16,,0.395
2AGPPLLY,1,0,,2023-11-29,,Missed,0,0,0,0,1,0,0.25904837250709534,,2019-05-16,,0.395
2AGPR6YY,0,0,,,,Censored No Alarm,0,0,0,0,0,1,0.0021087373606860638,,2019-05-16,,0.395
2AGPR7RY,0,0,,,,Censored No Alarm,0,0,0,0,0,1,0.0007221471169032156,,2019-05-16,,0.395
2AGPR8EY,0,0,,,,Censored No Alarm,0,0,0,0,0,1,0.0007221471169032156,,2019-05-16,,0.395
2AGPRL8Y,0,0,,,,Censored No Alarm,0,0,0,0,0,1,0.009082366712391376,,2019-05-27,,0.395
2AGPRMLY,1,0,,2026-03-26,,Missed,0,0,0,0,1,0,0.015142998658120632,,2019-08-13,,0.395
2AGPRMRY,1,0,,2024-08-12,,Missed,0,0,0,0,1,0,0.005140747409313917,,2019-05-04,,0.395
2AGPRRJY,0,1,2026-02-08,,,Censored Early,0,0,1,1,0,0,0.6546099781990051,0.6546099781990051,2019-05-04,2472.0,0.395
2AGPS2ZY,0,0,,,,Censored No Alarm,0,0,0,0,0,1,0.0007221471169032156,,2019-05-16,,0.395
2AGPSEDY,0,0,,,,Censored No Alarm,0,0,0,0,0,1,0.000746190024074167,,2019-05-27,,0.395
2AGPSG5Y,0,0,,,,Censored No Alarm,0,0,0,0,0,1,0.0007759771542623639,,2019-05-27,,0.395
2AGPSGKY,0,0,,,,Censored No Alarm,0,0,0,0,0,1,0.000905054563190788,,2019-08-14,,0.395
2AGPSJKY,0,0,,,,Censored No Alarm,0,0,0,0,0,1,0.0010934637393802404,,2019-08-14,,0.395
2AGPSRUY,0,0,,,,Censored No Alarm,0,0,0,0,0,1,0.0007754179532639682,,2019-05-16,,0.395
2AGPT2PY,0,0,,,,Censored No Alarm,0,0,0,0,0,1,0.0020115480292588472,,2019-08-14,,0.395
2AGPT48Y,0,0,,,,Censored No Alarm,0,0,0,0,0,1,0.0007898128824308515,,2019-06-01,,0.395
2AGPT7PY,0,0,,,,Censored No Alarm,0,0,0,0,0,1,0.0026477668434381485,,2019-08-13,,0.395
2AGPTL4Y,0,0,,,,Censored No Alarm,0,0,0,0,0,1,0.006084312219172716,,2019-05-27,,0.395
2AGPTVLY,0,0,,,,Censored No Alarm,0,0,0,0,0,1,0.0021690630819648504,,2019-06-01,,0.395
5PG0TA6F,0,0,,,,Censored No Alarm,0,0,0,0,0,1,0.0010934637393802404,,2020-07-14,,0.395
5PG0TAKF,0,0,,,,Censored No Alarm,0,0,0,0,0,1,0.0010934637393802404,,2020-05-10,,0.395
5PJEJUHE,0,0,,,,Censored No Alarm,0,0,0,0,0,1,0.0008463261183351278,,2021-12-28,,0.395
5PJJHD9C,0,0,,,,Censored No Alarm,0,0,0,0,0,1,0.000905054563190788,,2022-07-18,,0.395
5PJJLZTF,0,0,,,,Censored No Alarm,0,0,0,0,0,1,0.0010189390741288662,,2021-12-03,,0.395
5PJKZP4D,0,0,,,,Censored No Alarm,0,0,0,0,0,1,0.0013002248015254736,,2022-08-04,,0.395
5PJVPJGF,0,0,,,,Censored No Alarm,0,0,0,0,0,1,0.0010189390741288662,,2021-05-16,,0.395
5PK10N4B,0,0,,,,Censored No Alarm,0,0,0,0,0,1,0.005709322635084391,,2024-12-22,,0.395
5PK5ZB1B,0,0,,,,Censored No Alarm,0,0,0,0,0,1,0.011954478919506073,,2024-04-29,,0.395
5PKEBJVB,0,0,,,,Censored No Alarm,0,0,0,0,0,1,0.005709322635084391,,2023-11-27,,0.395
5PKVXW6B,0,0,,,,Censored No Alarm,0,0,0,0,0,1,0.005709322635084391,,2024-06-01,,0.395
5QG63PMB,0,0,,,,Censored No Alarm,0,0,0,0,0,1,0.001970658078789711,,2024-05-28,,0.395
5QGBH0MB,0,0,,,,Censored No Alarm,0,0,0,0,0,1,0.005709322635084391,,2023-12-09,,0.395
5QGG5KLB,0,0,,,,Censored No Alarm,0,0,0,0,0,1,0.00586265604943037,,2023-04-05,,0.395
5QGG5UPB,0,0,,,,Censored No Alarm,0,0,0,0,0,1,0.12994296848773956,,2022-12-06,,0.395
5QGGAELB,1,1,2025-05-28,2025-06-04,7.0,On time,1,0,0,0,0,0,0.6071546673774719,0.5251879692077637,2023-03-28,792.0,0.395
5QGGHWVB,0,0,,,,Censored No Alarm,0,0,0,0,0,1,0.005709322635084391,,2023-12-16,,0.395
5QH0Z60B,1,0,,2024-05-14,,Missed,0,0,0,0,1,0,0.3450250029563904,,2023-10-22,,0.395
5QHDKVHB,0,0,,,,Censored No Alarm,0,0,0,0,0,1,0.002558414125815034,,2023-11-17,,0.395
5QHKE66B,0,0,,,,Censored No Alarm,0,0,0,0,0,1,0.0029851398430764675,,2024-04-18,,0.395
5QHYP4MB,0,0,,,,Censored No Alarm,0,0,0,0,0,1,0.002558414125815034,,2024-05-15,,0.395
5QJBW5VB,1,1,2024-05-23,2024-05-25,2.0,On time,1,0,0,0,0,0,0.8625048995018005,0.8625048995018005,2024-02-07,106.0,0.395
5QJS57NB,0,0,,,,Censored No Alarm,0,0,0,0,0,1,0.005709322635084391,,2024-01-23,,0.395
5QKBEVWB,0,0,,,,Censored No Alarm,0,0,0,0,0,1,0.0029851398430764675,,2023-12-14,,0.395
5QKDK07B,0,0,,,,Censored No Alarm,0,0,0,0,0,1,0.005709322635084391,,2024-12-20,,0.395
5QKHBVPB,0,0,,,,Censored No Alarm,0,0,0,0,0,1,0.005709322635084391,,2024-05-30,,0.395
5QKKSM3B,0,0,,,,Censored No Alarm,0,0,0,0,0,1,0.003944986965507269,,2024-04-06,,0.395
5QKV55TB,0,0,,,,Censored No Alarm,0,0,0,0,0,1,0.005709322635084391,,2024-02-29,,0.395
5QKV6W0B,0,0,,,,Censored No Alarm,0,0,0,0,0,1,0.002558414125815034,,2023-08-14,,0.395
5QKV74SB,0,0,,,,Censored No Alarm,0,0,0,0,0,1,0.005709322635084391,,2024-01-09,,0.395
5QKV778B,0,0,,,,Censored No Alarm,0,0,0,0,0,1,0.002558414125815034,,2024-06-07,,0.395
5QKV7UHB,0,0,,,,Censored No Alarm,0,0,0,0,0,1,0.001970658078789711,,2024-03-04,,0.395
5QKV85UB,0,0,,,,Censored No Alarm,0,0,0,0,0,1,0.0029851398430764675,,2023-12-02,,0.395
5QKVAN8B,0,0,,,,Censored No Alarm,0,0,0,0,0,1,0.005709322635084391,,2023-12-24,,0.395
5QKVARLB,0,0,,,,Censored No Alarm,0,0,0,0,0,1,0.005709322635084391,,2023-11-03,,0.395
5QKVATKB,0,0,,,,Censored No Alarm,0,0,0,0,0,1,0.005709322635084391,,2024-01-09,,0.395
5QKVD71B,0,0,,,,Censored No Alarm,0,0,0,0,0,1,0.002558414125815034,,2024-05-10,,0.395
5QKVDDVB,0,0,,,,Censored No Alarm,0,0,0,0,0,1,0.001970658078789711,,2024-06-19,,0.395
5QKVETTB,0,0,,,,Censored No Alarm,0,0,0,0,0,1,0.035321593284606934,,2024-06-27,,0.395
5QKVEUZB,0,0,,,,Censored No Alarm,0,0,0,0,0,1,0.005709322635084391,,2024-04-22,,0.395
5QKVEXJB,0,0,,,,Censored No Alarm,0,0,0,0,0,1,0.002558414125815034,,2023-11-30,,0.395
5QKVGLWB,0,0,,,,Censored No Alarm,0,0,0,0,0,1,0.005709322635084391,,2024-05-08,,0.395
5QKVHPLB,0,0,,,,Censored No Alarm,0,0,0,0,0,1,0.005709322635084391,,2024-05-07,,0.395
5QKVHRMB,0,0,,,,Censored No Alarm,0,0,0,0,0,1,0.006142547354102135,,2024-06-23,,0.395
5QKVVTHB,0,0,,,,Censored No Alarm,0,0,0,0,0,1,0.005709322635084391,,2024-04-15,,0.395
8CGNK9GE,0,0,,,,Censored No Alarm,0,0,0,0,0,1,0.028409933671355247,,2019-05-04,,0.395
8CGR1V5E,0,0,,,,Censored No Alarm,0,0,0,0,0,1,0.0024703789968043566,,2019-06-01,,0.395
8CGSN9XE,0,0,,,,Censored No Alarm,0,0,0,0,0,1,0.0029608209151774645,,2019-05-16,,0.395
8CGSTSRE,0,0,,,,Censored No Alarm,0,0,0,0,0,1,0.0008036983199417591,,2019-05-04,,0.395
8CGT5S2E,1,0,,2024-11-05,,Missed,0,0,0,0,1,0,0.3600618839263916,,2019-06-01,,0.395
8CGTW4VE,0,0,,,,Censored No Alarm,0,0,0,0,0,1,0.0007898128824308515,,2019-06-01,,0.395
8CGTZ9HE,1,0,,2023-07-12,,Missed,0,0,0,0,1,0,0.19775505363941193,,2019-05-16,,0.395
8CGU9LLE,0,0,,,,Censored No Alarm,0,0,0,0,0,1,0.0006729124579578638,,2019-05-16,,0.395
8CGV369E,0,0,,,,Censored No Alarm,0,0,0,0,0,1,0.0006933357799425721,,2019-05-16,,0.395
8CGVR04E,0,0,,,,Censored No Alarm,0,0,0,0,0,1,0.3407193124294281,,2019-05-16,,0.395
8CGVTH0E,0,0,,,,Censored No Alarm,0,0,0,0,0,1,0.0008036983199417591,,2019-05-04,,0.395
8CGW3HPE,0,0,,,,Censored No Alarm,0,0,0,0,0,1,0.0006640570354647934,,2019-05-04,,0.395
8CGW6ULE,0,0,,,,Censored No Alarm,0,0,0,0,0,1,0.0006567054078914225,,2019-05-04,,0.395
8CGWPGEE,0,0,,,,Censored No Alarm,0,0,0,0,0,1,0.0008036983199417591,,2019-05-16,,0.395
8CGXKYVE,0,0,,,,Censored No Alarm,0,0,0,0,0,1,0.0019006349612027407,,2019-05-04,,0.395
8CGXNNUE,1,0,,2022-05-10,,Missed,0,0,0,0,1,0,0.0887208953499794,,2019-06-01,,0.395
8CGY4KUE,0,0,,,,Censored No Alarm,0,0,0,0,0,1,0.0009623455116525292,,2019-05-16,,0.395
8CGYJ5TE,0,0,,,,Censored No Alarm,0,0,0,0,0,1,0.0010934637393802404,,2019-06-01,,0.395
8CGYVS8E,0,0,,,,Censored No Alarm,0,0,0,0,0,1,0.0010934637393802404,,2019-06-01,,0.395
8CGYW96E,0,0,,,,Censored No Alarm,0,0,0,0,0,1,0.029027877375483513,,2019-06-01,,0.395
8CGYXB6E,0,0,,,,Censored No Alarm,0,0,0,0,0,1,0.000905054563190788,,2019-08-13,,0.395
8CGZ8K3E,0,0,,,,Censored No Alarm,0,0,0,0,0,1,0.0006640570354647934,,2019-05-04,,0.395
8CGZ8S1E,0,0,,,,Censored No Alarm,0,0,0,0,0,1,0.0008577825501561165,,2019-05-04,,0.395
8CGZ8SDE,0,1,2025-11-24,,,Censored Early,0,0,1,1,0,0,0.4375971257686615,0.4240674376487732,2019-05-04,2396.0,0.395
8CGZB98E,0,0,,,,Censored No Alarm,0,0,0,0,0,1,0.0007754179532639682,,2019-08-14,,0.395
8CGZB9VE,0,0,,,,Censored No Alarm,0,0,0,0,0,1,0.0008036983199417591,,2019-06-01,,0.395
8CGZKBME,0,0,,,,Censored No Alarm,0,0,0,0,0,1,0.22426947951316833,,2019-05-04,,0.395
8CGZKDHE,0,0,,,,Censored No Alarm,0,0,0,0,0,1,0.0006567054078914225,,2019-05-04,,0.395
8CGZMEAE,0,0,,,,Censored No Alarm,0,0,0,0,0,1,0.002151957480236888,,2019-05-04,,0.395
8CH02WUE,0,0,,,,Censored No Alarm,0,0,0,0,0,1,0.0010934637393802404,,2019-08-14,,0.395
8CH05AGE,0,0,,,,Censored No Alarm,0,0,0,0,0,1,0.0006567054078914225,,2019-05-04,,0.395
8CH06AGE,0,0,,,,Censored No Alarm,0,0,0,0,0,1,0.0007670781924389303,,2019-05-16,,0.395
8CH06B5E,0,0,,,,Censored No Alarm,0,0,0,0,0,1,0.0006147206295281649,,2019-05-04,,0.395
8CH06E7E,0,0,,,,Censored No Alarm,0,0,0,0,0,1,0.0008036983199417591,,2019-05-04,,0.395
8CH06EDE,0,0,,,,Censored No Alarm,0,0,0,0,0,1,0.0007898128824308515,,2019-06-01,,0.395
8CH0869E,0,0,,,,Censored No Alarm,0,0,0,0,0,1,0.02299441397190094,,2019-05-04,,0.395
8CH08RNE,0,0,,,,Censored No Alarm,0,0,0,0,0,1,0.000924648076761514,,2019-08-14,,0.395
8CH09GGE,0,0,,,,Censored No Alarm,0,0,0,0,0,1,0.0008036983199417591,,2019-06-01,,0.395
8CH0BYPE,0,0,,,,Censored No Alarm,0,0,0,0,0,1,0.0006843011360615492,,2019-08-13,,0.395
8CH0BYTE,0,0,,,,Censored No Alarm,0,0,0,0,0,1,0.0010934637393802404,,2019-06-01,,0.395
8CH0DM8E,0,0,,,,Censored No Alarm,0,0,0,0,0,1,0.0010934637393802404,,2019-08-14,,0.395
8CH0GNLE,0,0,,,,Censored No Alarm,0,0,0,0,0,1,0.0007591404719278216,,2019-05-04,,0.395
8CH0GNNE,0,0,,,,Censored No Alarm,0,0,0,0,0,1,0.04550117626786232,,2019-05-04,,0.395
8CH0GNSE,0,0,,,,Censored No Alarm,0,0,0,0,0,1,0.0009623455116525292,,2019-05-16,,0.395
8CH0HRKE,0,0,,,,Censored No Alarm,0,0,0,0,0,1,0.0008036983199417591,,2019-06-01,,0.395
8CH0HTRE,0,0,,,,Censored No Alarm,0,0,0,0,0,1,0.0010934637393802404,,2019-06-01,,0.395
8CH0L5PE,0,0,,,,Censored No Alarm,0,0,0,0,0,1,0.0010934637393802404,,2019-06-01,,0.395
8CH0R06E,0,0,,,,Censored No Alarm,0,0,0,0,0,1,0.0008036983199417591,,2019-05-04,,0.395
8CH0R3YE,0,0,,,,Censored No Alarm,0,0,0,0,0,1,0.131415456533432,,2019-08-13,,0.395
8CH0TLTE,0,0,,,,Censored No Alarm,0,0,0,0,0,1,0.0007670781924389303,,2019-08-13,,0.395
8CH0TLUE,0,0,,,,Censored No Alarm,0,0,0,0,0,1,0.0008036983199417591,,2019-06-01,,0.395
8CH0TN2E,0,0,,,,Censored No Alarm,0,0,0,0,0,1,0.0010934637393802404,,2019-06-01,,0.395
8CH0TN3E,0,0,,,,Censored No Alarm,0,0,0,0,0,1,0.000746190024074167,,2019-08-13,,0.395
8CH0TVRE,0,0,,,,Censored No Alarm,0,0,0,0,0,1,0.0008463261183351278,,2019-08-14,,0.395
8CH0V7TE,0,0,,,,Censored No Alarm,0,0,0,0,0,1,0.025199618190526962,,2019-06-01,,0.395
8CH0VH1E,0,0,,,,Censored No Alarm,0,0,0,0,0,1,0.0008036983199417591,,2019-05-16,,0.395
8CH0VW0E,0,0,,,,Censored No Alarm,0,0,0,0,0,1,0.0008036983199417591,,2019-06-01,,0.395
8CH11KPE,0,0,,,,Censored No Alarm,0,0,0,0,0,1,0.0006567054078914225,,2019-05-04,,0.395
8CH13D7E,0,0,,,,Censored No Alarm,0,0,0,0,0,1,0.000746190024074167,,2019-06-01,,0.395
8CH13DAE,0,0,,,,Censored No Alarm,0,0,0,0,0,1,0.0010934637393802404,,2019-06-01,,0.395
8CH15D3E,0,0,,,,Censored No Alarm,0,0,0,0,0,1,0.019456638023257256,,2019-05-16,,0.395
8CH15YME,0,0,,,,Censored No Alarm,0,0,0,0,0,1,0.0008939399267546833,,2019-06-01,,0.395
8CH160KE,0,0,,,,Censored No Alarm,0,0,0,0,0,1,0.0008463261183351278,,2019-08-14,,0.395
8CH16PBE,0,0,,,,Censored No Alarm,0,0,0,0,0,1,0.06495167315006256,,2019-06-01,,0.395
8CH16ZDE,0,0,,,,Censored No Alarm,0,0,0,0,0,1,0.003526401473209262,,2019-06-01,,0.395
8CH16ZUE,0,0,,,,Censored No Alarm,0,0,0,0,0,1,0.005902344360947609,,2019-06-01,,0.395
8CH17M9E,0,0,,,,Censored No Alarm,0,0,0,0,0,1,0.000746190024074167,,2019-06-01,,0.395
8CH17MHE,0,0,,,,Censored No Alarm,0,0,0,0,0,1,0.0006541814655065536,,2019-08-13,,0.395
8CH190UE,1,0,,2022-03-26,,Missed,0,0,0,0,1,0,0.21115770936012268,,2019-08-13,,0.395
8CH1APUE,1,0,,2025-09-18,,Missed,0,0,0,0,1,0,0.17493382096290588,,2019-06-01,,0.395
8CH1AR5E,0,0,,,,Censored No Alarm,0,0,0,0,0,1,0.0006147206295281649,,2019-05-04,,0.395
8CH1ARHE,1,0,,2023-09-28,,Missed,0,0,0,0,1,0,0.022932758554816246,,2019-06-01,,0.395
8CH1WBME,1,0,,2024-05-05,,Missed,0,0,0,0,1,0,0.06383766978979111,,2019-05-04,,0.395
8CH1XHUE,0,0,,,,Censored No Alarm,0,0,0,0,0,1,0.0008036983199417591,,2019-05-04,,0.395
8CH4AT4E,0,0,,,,Censored No Alarm,0,0,0,0,0,1,0.000746190024074167,,2019-05-27,,0.395
8CH4X3TE,1,0,,2022-10-12,,Missed,0,0,0,0,1,0,0.021156495437026024,,2019-05-16,,0.395
8CH4YM4E,1,0,,2023-03-03,,Missed,0,0,0,0,1,0,0.018713338300585747,,2019-05-16,,0.395
8CH4YM6E,1,0,,2025-03-13,,Missed,0,0,0,0,1,0,0.3657607138156891,,2019-05-16,,0.395
8CH4YN8E,1,0,,2024-04-09,,Missed,0,0,0,0,1,0,0.07641838490962982,,2019-05-16,,0.395
8CH4Z6UE,0,0,,,,Censored No Alarm,0,0,0,0,0,1,0.0007125654956325889,,2019-05-16,,0.395
8CH5214E,1,0,,2024-02-15,,Missed,0,0,0,0,1,0,0.19987040758132935,,2019-05-16,,0.395
8CH52U5E,0,0,,,,Censored No Alarm,0,0,0,0,0,1,0.0007754179532639682,,2019-05-16,,0.395
8CH5B9LE,0,0,,,,Censored No Alarm,0,0,0,0,0,1,0.0008463261183351278,,2019-05-16,,0.395
8CH5E8EE,1,0,,2023-04-04,,Missed,0,0,0,0,1,0,0.07232252508401871,,2019-05-16,,0.395
8CH5HRYE,1,0,,2024-12-24,,Missed,0,0,0,0,1,0,0.17471691966056824,,2019-05-16,,0.395
8CHRG6JE,0,0,,,,Censored No Alarm,0,0,0,0,0,1,0.000831704877782613,,2019-11-25,,0.395
8CHU2WSE,0,0,,,,Censored No Alarm,0,0,0,0,0,1,0.000831704877782613,,2020-06-18,,0.395
8CHU7R9E,1,0,,2024-11-09,,Missed,0,0,0,0,1,0,0.02101021446287632,,2021-05-05,,0.395
8CHUHHXE,0,0,,,,Censored No Alarm,0,0,0,0,0,1,0.36780068278312683,,2020-06-26,,0.395
8CJMA59E,0,0,,,,Censored No Alarm,0,0,0,0,0,1,0.002558414125815034,,2024-04-02,,0.395
8DG1BB5Y,0,0,,,,Censored No Alarm,0,0,0,0,0,1,0.005709322635084391,,2024-12-20,,0.395
8DG3MU5D,0,0,,,,Censored No Alarm,0,0,0,0,0,1,0.00868198275566101,,2018-07-12,,0.395
8DG4SAUD,0,0,,,,Censored No Alarm,0,0,0,0,0,1,0.0006933357799425721,,2018-07-12,,0.395
8DG4SAZD,0,0,,,,Censored No Alarm,0,0,0,0,0,1,0.0006933357799425721,,2018-07-12,,0.395
8DG52U7D,0,0,,,,Censored No Alarm,0,0,0,0,0,1,0.0006843011360615492,,2018-07-12,,0.395
8DG52W9D,0,0,,,,Censored No Alarm,0,0,0,0,0,1,0.0006541814655065536,,2018-07-12,,0.395
8DG52WND,0,0,,,,Censored No Alarm,0,0,0,0,0,1,0.0008025435381568968,,2018-07-12,,0.395
8DG6S3UD,1,0,,2024-06-11,,Missed,0,0,0,0,1,0,0.24343882501125336,,2018-07-12,,0.395
8DG88GTY,0,0,,,,Censored No Alarm,0,0,0,0,0,1,0.005709322635084391,,2025-01-01,,0.395
8DG93TXY,0,0,,,,Censored No Alarm,0,0,0,0,0,1,0.009587567299604416,,2024-04-01,,0.395
8DJE2HWH,0,0,,,,Censored No Alarm,0,0,0,0,0,1,0.0006516333087347448,,2019-01-05,,0.395
8DJEPPSH,0,0,,,,Censored No Alarm,0,0,0,0,0,1,0.0006516333087347448,,2019-01-05,,0.395
8DJEPTWH,0,0,,,,Censored No Alarm,0,0,0,0,0,1,0.0006147206295281649,,2019-01-05,,0.395
8DJEUXLH,0,0,,,,Censored No Alarm,0,0,0,0,0,1,0.14707228541374207,,2019-01-05,,0.395
8DK5NDLH,0,0,,,,Censored No Alarm,0,0,0,0,0,1,0.0010934637393802404,,2020-01-03,,0.395
8DKHU24H,0,0,,,,Censored No Alarm,0,0,0,0,0,1,0.0010934637393802404,,2019-12-29,,0.395
8DKUD8AH,0,0,,,,Censored No Alarm,0,0,0,0,0,1,0.0007240500417537987,,2019-01-05,,0.395
8DKV390H,0,0,,,,Censored No Alarm,0,0,0,0,0,1,0.0006933357799425721,,2019-03-01,,0.395
8HG28M3H,0,0,,,,Censored No Alarm,0,0,0,0,0,1,0.001972255064174533,,2019-03-01,,0.395
8HG7LGUH,1,1,2025-02-12,2025-06-01,109.0,Early,0,1,0,1,0,0,0.5089842081069946,0.4680165946483612,2019-06-01,2083.0,0.395
8HGBYHPH,0,0,,,,Censored No Alarm,0,0,0,0,0,1,0.000831704877782613,,2021-10-03,,0.395
8HGNAB0H,0,0,,,,Censored No Alarm,0,0,0,0,0,1,0.0008036983199417591,,2019-03-28,,0.395
8HGZPYVH,0,1,2023-01-22,,,Censored Early,0,0,1,1,0,0,0.4495455324649811,0.43264710903167725,2019-01-05,1478.0,0.395
8HH12ZPH,0,0,,,,Censored No Alarm,0,0,0,0,0,1,0.0008301633060909808,,2018-11-14,,0.395
8HH5JYSH,0,0,,,,Censored No Alarm,0,0,0,0,0,1,0.0007940404466353357,,2018-11-14,,0.395
8HH8BNRH,0,0,,,,Censored No Alarm,0,0,0,0,0,1,0.0008036983199417591,,2019-03-28,,0.395
8HH8P7RH,0,0,,,,Censored No Alarm,0,0,0,0,0,1,0.000831704877782613,,2019-03-02,,0.395
8HH901KH,0,0,,,,Censored No Alarm,0,0,0,0,0,1,0.0006933357799425721,,2019-03-28,,0.395
8HH9ZRUH,0,0,,,,Censored No Alarm,0,0,0,0,0,1,0.0006933357799425721,,2019-03-01,,0.395
8HHARE1H,1,1,2022-01-24,2023-03-24,424.0,Early,0,1,0,1,0,0,0.5523615479469299,0.5150976777076721,2019-08-13,895.0,0.395
8HHARGBH,0,0,,,,Censored No Alarm,0,0,0,0,0,1,0.0007898128824308515,,2019-03-02,,0.395
8HHATBKH,0,0,,,,Censored No Alarm,0,0,0,0,0,1,0.0006933357799425721,,2019-03-01,,0.395
8HHJXENH,0,0,,,,Censored No Alarm,0,0,0,0,0,1,0.0008036983199417591,,2019-01-05,,0.395
8HHNHSUH,1,1,2024-11-29,2024-12-06,7.0,On time,1,0,0,0,0,0,0.4398045241832733,0.4341428875923157,2019-05-04,2036.0,0.395
8HHPUREH,1,0,,2024-05-16,,Missed,0,0,0,0,1,0,0.36379918456077576,,2018-11-14,,0.395
8HHT1P2H,0,0,,,,Censored No Alarm,0,0,0,0,0,1,0.061053432524204254,,2018-11-14,,0.395
8HHTWXYH,0,0,,,,Censored No Alarm,0,0,0,0,0,1,0.0006933357799425721,,2018-11-14,,0.395
8HHZ6MGH,0,0,,,,Censored No Alarm,0,0,0,0,0,1,0.0007898128824308515,,2018-11-14,,0.395
8HJ1NNDH,0,0,,,,Censored No Alarm,0,0,0,0,0,1,0.0007940404466353357,,2018-11-14,,0.395
8HJ6SJAH,0,0,,,,Censored No Alarm,0,0,0,0,0,1,0.0009113667765632272,,2018-11-14,,0.395
8HJ6SJTH,0,0,,,,Censored No Alarm,0,0,0,0,0,1,0.0009113667765632272,,2018-11-14,,0.395
8HJ74BPH,0,0,,,,Censored No Alarm,0,0,0,0,0,1,0.0008463261183351278,,2018-11-14,,0.395
8HJ7UJHH,0,0,,,,Censored No Alarm,0,0,0,0,0,1,0.0008301633060909808,,2018-11-14,,0.395
8HJ7Y9BH,0,0,,,,Censored No Alarm,0,0,0,0,0,1,0.0009113667765632272,,2018-11-14,,0.395
8HJ7Z0DH,0,0,,,,Censored No Alarm,0,0,0,0,0,1,0.0006147206295281649,,2019-05-04,,0.395
8HJ7Z10H,0,0,,,,Censored No Alarm,0,0,0,0,0,1,0.000831704877782613,,2018-11-14,,0.395
8HJ7Z1MH,0,0,,,,Censored No Alarm,0,0,0,0,0,1,0.006716970354318619,,2018-11-14,,0.395
8HJ86APH,0,0,,,,Censored No Alarm,0,0,0,0,0,1,0.07249266654253006,,2018-11-14,,0.395
8HJ86NXH,0,0,,,,Censored No Alarm,0,0,0,0,0,1,0.0006147206295281649,,2019-05-04,,0.395
8HJ8LEXH,0,0,,,,Censored No Alarm,0,0,0,0,0,1,0.05274464935064316,,2019-05-04,,0.395
8HJ8LKMH,1,0,,2026-03-14,,Missed,0,0,0,0,1,0,0.166823610663414,,2018-11-14,,0.395
8HJ91WDH,0,0,,,,Censored No Alarm,0,0,0,0,0,1,0.0006147206295281649,,2019-05-04,,0.395
8HJ94EVH,0,0,,,,Censored No Alarm,0,0,0,0,0,1,0.0007940404466353357,,2018-11-14,,0.395
8HJ9JWTH,0,0,,,,Censored No Alarm,0,0,0,0,0,1,0.0009113667765632272,,2018-11-14,,0.395
8HJ9K7HH,1,0,,2025-01-28,,Missed,0,0,0,0,1,0,0.10764222592115402,,2018-11-14,,0.395
8HJ9KKGH,0,0,,,,Censored No Alarm,0,0,0,0,0,1,0.0006147206295281649,,2019-05-04,,0.395
8HJ9KN1H,0,0,,,,Censored No Alarm,0,0,0,0,0,1,0.000698731979355216,,2018-11-14,,0.395
8HJ9LS1H,0,0,,,,Censored No Alarm,0,0,0,0,0,1,0.0008463261183351278,,2018-11-14,,0.395
8HJ9M5NH,0,0,,,,Censored No Alarm,0,0,0,0,0,1,0.003595927031710744,,2018-11-14,,0.395
8HJ9M94H,0,0,,,,Censored No Alarm,0,0,0,0,0,1,0.0008463261183351278,,2018-11-14,,0.395
8HJ9MZBH,0,0,,,,Censored No Alarm,0,0,0,0,0,1,0.0006147206295281649,,2019-05-04,,0.395
8HJ9NHPH,0,0,,,,Censored No Alarm,0,0,0,0,0,1,0.002694447059184313,,2018-11-14,,0.395
8HJ9NKKH,0,0,,,,Censored No Alarm,0,0,0,0,0,1,0.0009498585714027286,,2018-11-14,,0.395
8HJ9RYSH,0,0,,,,Censored No Alarm,0,0,0,0,0,1,0.0009692304884083569,,2018-11-14,,0.395
8HJ9S05H,0,0,,,,Censored No Alarm,0,0,0,0,0,1,0.0008463261183351278,,2018-11-14,,0.395
8HJ9S0EH,0,0,,,,Censored No Alarm,0,0,0,0,0,1,0.0013902500504627824,,2018-11-14,,0.395
8HJ9Y3ZH,0,0,,,,Censored No Alarm,0,0,0,0,0,1,0.0008036983199417591,,2019-05-04,,0.395
8HJA085H,0,0,,,,Censored No Alarm,0,0,0,0,0,1,0.0010249984916299582,,2018-11-14,,0.395
8HJA2DPH,0,0,,,,Censored No Alarm,0,0,0,0,0,1,0.0009871653746813536,,2018-11-14,,0.395
8HJA8DBH,0,0,,,,Censored No Alarm,0,0,0,0,0,1,0.000831704877782613,,2018-11-14,,0.395
8HJBNYTH,0,0,,,,Censored No Alarm,0,0,0,0,0,1,0.03823014721274376,,2019-01-05,,0.395
8HJDK12H,0,0,,,,Censored No Alarm,0,0,0,0,0,1,0.0009113667765632272,,2018-11-14,,0.395
8HJDX4PH,0,0,,,,Censored No Alarm,0,0,0,0,0,1,0.00877991784363985,,2018-11-14,,0.395
8HJEY89H,0,0,,,,Censored No Alarm,0,0,0,0,0,1,0.0006541814655065536,,2019-03-01,,0.395
8HJG85RH,0,0,,,,Censored No Alarm,0,0,0,0,0,1,0.000831704877782613,,2019-03-01,,0.395
8HJGZPXH,0,0,,,,Censored No Alarm,0,0,0,0,0,1,0.0007898128824308515,,2018-11-14,,0.395
8HJH62EH,0,0,,,,Censored No Alarm,0,0,0,0,0,1,0.0007940404466353357,,2018-11-14,,0.395
8HJH8RWH,0,0,,,,Censored No Alarm,0,0,0,0,0,1,0.0009113667765632272,,2019-03-01,,0.395
8HJK2HSH,0,0,,,,Censored No Alarm,0,0,0,0,0,1,0.03992171585559845,,2018-11-14,,0.395
8HJLKZRH,0,0,,,,Censored No Alarm,0,0,0,0,0,1,0.0009113667765632272,,2018-11-14,,0.395
8HJRD7PH,0,0,,,,Censored No Alarm,0,0,0,0,0,1,0.0029477248899638653,,2019-03-01,,0.395
8HJRUMWH,0,0,,,,Censored No Alarm,0,0,0,0,0,1,0.001871045446023345,,2018-11-14,,0.395
8HJRVW4H,0,0,,,,Censored No Alarm,0,0,0,0,0,1,0.0016122283414006233,,2018-11-14,,0.395
8HJUGTVH,0,0,,,,Censored No Alarm,0,0,0,0,0,1,0.08144151419401169,,2018-11-14,,0.395
8HJVJKPH,0,0,,,,Censored No Alarm,0,0,0,0,0,1,0.0018421463901177049,,2018-11-14,,0.395
8HJVUAGH,0,0,,,,Censored No Alarm,0,0,0,0,0,1,0.000913195195607841,,2018-11-14,,0.395
8HJWBJXH,0,0,,,,Censored No Alarm,0,0,0,0,0,1,0.0018587178783491254,,2018-11-14,,0.395
8HJWHD6H,0,0,,,,Censored No Alarm,0,0,0,0,0,1,0.0010264560114592314,,2018-11-14,,0.395
8HJWHEJH,0,0,,,,Censored No Alarm,0,0,0,0,0,1,0.011378164403140545,,2019-03-28,,0.395
8HJXG0WH,1,0,,2022-05-01,,Missed,0,0,0,0,1,0,0.010252297855913639,,2018-11-14,,0.395
8HJXKBDH,0,0,,,,Censored No Alarm,0,0,0,0,0,1,0.0006246179691515863,,2019-03-01,,0.395
8HJXU87H,0,0,,,,Censored No Alarm,0,0,0,0,0,1,0.024603692814707756,,2018-11-14,,0.395
8HJY20MH,0,0,,,,Censored No Alarm,0,0,0,0,0,1,0.0009692304884083569,,2018-11-14,,0.395
8HJYTXWH,0,0,,,,Censored No Alarm,0,0,0,0,0,1,0.0007940404466353357,,2018-11-14,,0.395
8HJYU0JH,0,0,,,,Censored No Alarm,0,0,0,0,0,1,0.0009412469808012247,,2018-11-14,,0.395
8HJYZNZH,0,0,,,,Censored No Alarm,0,0,0,0,0,1,0.0013247820315882564,,2018-11-14,,0.395
8HJZ13TH,0,0,,,,Censored No Alarm,0,0,0,0,0,1,0.0006933357799425721,,2018-11-14,,0.395
8HJZADEH,0,0,,,,Censored No Alarm,0,0,0,0,0,1,0.0009692304884083569,,2018-11-14,,0.395
8HJZEG6H,1,0,,2023-11-17,,Missed,0,0,0,0,1,0,0.11867384612560272,,2018-11-14,,0.395
8HJZG4AH,0,0,,,,Censored No Alarm,0,0,0,0,0,1,0.0007940404466353357,,2018-11-14,,0.395
8HJZNVWH,0,0,,,,Censored No Alarm,0,0,0,0,0,1,0.0009412469808012247,,2018-11-14,,0.395
8HK087WH,0,0,,,,Censored No Alarm,0,0,0,0,0,1,0.05750065669417381,,2018-11-14,,0.395
8HK0HH3H,0,0,,,,Censored No Alarm,0,0,0,0,0,1,0.0007898128824308515,,2018-11-14,,0.395
8HK12NNH,0,0,,,,Censored No Alarm,0,0,0,0,0,1,0.0007898128824308515,,2018-11-14,,0.395
8HK17SKH,0,0,,,,Censored No Alarm,0,0,0,0,0,1,0.013576459139585495,,2018-11-14,,0.395
8HK17SWH,0,0,,,,Censored No Alarm,0,0,0,0,0,1,0.000831704877782613,,2018-11-14,,0.395
8HK17SYH,0,0,,,,Censored No Alarm,0,0,0,0,0,1,0.12780679762363434,,2018-11-14,,0.395
8HK19K9H,0,0,,,,Censored No Alarm,0,0,0,0,0,1,0.000831704877782613,,2018-11-14,,0.395
8HK19KVH,0,0,,,,Censored No Alarm,0,0,0,0,0,1,0.0008463261183351278,,2018-11-14,,0.395
8HK1KY3H,0,0,,,,Censored No Alarm,0,0,0,0,0,1,0.0008690464310348034,,2018-11-14,,0.395
8HK1LYPH,0,0,,,,Censored No Alarm,0,0,0,0,0,1,0.0009113667765632272,,2018-11-14,,0.395
8HK1N18H,0,0,,,,Censored No Alarm,0,0,0,0,0,1,0.0008301633060909808,,2018-11-14,,0.395
8HK1PV7H,0,0,,,,Censored No Alarm,0,0,0,0,0,1,0.0009113667765632272,,2018-11-14,,0.395
8HK1UULH,0,0,,,,Censored No Alarm,0,0,0,0,0,1,0.0009692304884083569,,2018-11-14,,0.395
8HK1XAAH,1,0,,2021-10-24,,Missed,0,0,0,0,1,0,0.0006322517292574048,,2018-11-14,,0.395
8HK224GH,0,0,,,,Censored No Alarm,0,0,0,0,0,1,0.0008463261183351278,,2018-11-14,,0.395
8HK25XSH,0,0,,,,Censored No Alarm,0,0,0,0,0,1,0.0009113667765632272,,2018-11-14,,0.395
8HK266WH,0,0,,,,Censored No Alarm,0,0,0,0,0,1,0.01456166710704565,,2018-11-14,,0.395
8HK28TJH,0,0,,,,Censored No Alarm,0,0,0,0,0,1,0.0014032531762495637,,2018-11-14,,0.395
8HK28Y0H,0,0,,,,Censored No Alarm,0,0,0,0,0,1,0.0007062059594318271,,2018-11-14,,0.395
8HK2A1EH,0,0,,,,Censored No Alarm,0,0,0,0,0,1,0.0010934637393802404,,2019-06-01,,0.395
8HK2BA6H,0,0,,,,Censored No Alarm,0,0,0,0,0,1,0.0006933357799425721,,2018-11-14,,0.395
8HK2BAEH,0,0,,,,Censored No Alarm,0,0,0,0,0,1,0.0008463261183351278,,2018-11-14,,0.395
8HK2DVKH,0,0,,,,Censored No Alarm,0,0,0,0,0,1,0.0006827230681665242,,2018-11-14,,0.395
8HK2JXUH,0,0,,,,Censored No Alarm,0,0,0,0,0,1,0.0007754179532639682,,2019-03-28,,0.395
8HK2KY6H,0,0,,,,Censored No Alarm,0,0,0,0,0,1,0.015638180077075958,,2018-11-14,,0.395
8HK2MXPH,0,0,,,,Censored No Alarm,0,0,0,0,0,1,0.0009113667765632272,,2018-11-14,,0.395
8HK2RMWH,0,0,,,,Censored No Alarm,0,0,0,0,0,1,0.010121364146471024,,2018-11-14,,0.395
8HK2RNWH,0,0,,,,Censored No Alarm,0,0,0,0,0,1,0.0007133482140488923,,2018-11-14,,0.395
8HK2RP9H,0,0,,,,Censored No Alarm,0,0,0,0,0,1,0.0009487926727160811,,2018-11-14,,0.395
8HK2VLMH,0,0,,,,Censored No Alarm,0,0,0,0,0,1,0.0007898128824308515,,2018-11-14,,0.395
8HK2X4YH,0,0,,,,Censored No Alarm,0,0,0,0,0,1,0.0006813558284193277,,2018-11-14,,0.395
8HK2ZPDH,0,0,,,,Censored No Alarm,0,0,0,0,0,1,0.0008036983199417591,,2019-05-04,,0.395
8HK2ZT1H,0,0,,,,Censored No Alarm,0,0,0,0,0,1,0.0008301633060909808,,2018-11-14,,0.395
8HK31WMH,0,0,,,,Censored No Alarm,0,0,0,0,0,1,0.0008036983199417591,,2019-05-04,,0.395
8HK31Y8H,0,0,,,,Censored No Alarm,0,0,0,0,0,1,0.003370384220033884,,2018-11-14,,0.395
8HK341ZH,0,0,,,,Censored No Alarm,0,0,0,0,0,1,0.0011124139418825507,,2018-11-14,,0.395
8HK34EZH,0,0,,,,Censored No Alarm,0,0,0,0,0,1,0.0009256696794182062,,2018-11-14,,0.395
8HK3BWZH,0,0,,,,Censored No Alarm,0,0,0,0,0,1,0.0009113667765632272,,2018-11-14,,0.395
8HK3GTLH,0,0,,,,Censored No Alarm,0,0,0,0,0,1,0.011524183675646782,,2018-11-14,,0.395
8HK3GUXH,0,0,,,,Censored No Alarm,0,0,0,0,0,1,0.0006933357799425721,,2018-11-14,,0.395
8HK3MMSH,0,0,,,,Censored No Alarm,0,0,0,0,0,1,0.0007940404466353357,,2018-11-14,,0.395
8HK3NG2H,0,0,,,,Censored No Alarm,0,0,0,0,0,1,0.009779714979231358,,2018-11-14,,0.395
8HK3NJMH,0,0,,,,Censored No Alarm,0,0,0,0,0,1,0.000831704877782613,,2018-11-14,,0.395
8HK41HEH,0,0,,,,Censored No Alarm,0,0,0,0,0,1,0.0018127190414816141,,2018-11-14,,0.395
8HK69BMH,0,0,,,,Censored No Alarm,0,0,0,0,0,1,0.0038810756523162127,,2019-03-01,,0.395
8HK6T2AH,0,0,,,,Censored No Alarm,0,0,0,0,0,1,0.0021021543070673943,,2018-11-14,,0.395
8HK6TL7H,0,0,,,,Censored No Alarm,0,0,0,0,0,1,0.0007898128824308515,,2018-11-14,,0.395
8HK6UUDH,0,0,,,,Censored No Alarm,0,0,0,0,0,1,0.0006933357799425721,,2019-03-28,,0.395
8HK6V14H,0,0,,,,Censored No Alarm,0,0,0,0,0,1,0.0009113667765632272,,2018-11-14,,0.395
8HK6VSKH,1,1,2024-02-28,2024-03-10,11.0,On time,1,0,0,0,0,0,0.4927881062030792,0.43825334310531616,2018-11-14,1932.0,0.395
8HK70X7H,0,0,,,,Censored No Alarm,0,0,0,0,0,1,0.0011124139418825507,,2018-11-14,,0.395
8HK7194H,0,0,,,,Censored No Alarm,0,0,0,0,0,1,0.0009113667765632272,,2018-11-14,,0.395
8HK72J0H,0,0,,,,Censored No Alarm,0,0,0,0,0,1,0.0009113667765632272,,2018-11-14,,0.395
8HK7DKMH,0,0,,,,Censored No Alarm,0,0,0,0,0,1,0.0007754179532639682,,2019-03-02,,0.395
8HK7E5DH,0,0,,,,Censored No Alarm,0,0,0,0,0,1,0.0009073815308511257,,2018-11-14,,0.395
8HK7E68H,0,0,,,,Censored No Alarm,0,0,0,0,0,1,0.0007221471169032156,,2018-11-14,,0.395
8HK7H58H,0,0,,,,Censored No Alarm,0,0,0,0,0,1,0.0007940404466353357,,2018-11-14,,0.395
8HK80P1H,0,0,,,,Censored No Alarm,0,0,0,0,0,1,0.01355245616286993,,2019-01-05,,0.395
8HKB2WEH,0,0,,,,Censored No Alarm,0,0,0,0,0,1,0.03802274167537689,,2019-01-05,,0.395
8HKB3M2H,0,0,,,,Censored No Alarm,0,0,0,0,0,1,0.0006147206295281649,,2019-01-05,,0.395
8HKB4R4H,0,0,,,,Censored No Alarm,0,0,0,0,0,1,0.0006516333087347448,,2019-05-04,,0.395
8HKBBKKH,0,0,,,,Censored No Alarm,0,0,0,0,0,1,0.01592439040541649,,2018-11-14,,0.395
8HKBYNVH,0,0,,,,Censored No Alarm,0,0,0,0,0,1,0.0006147206295281649,,2019-05-04,,0.395
8HKE039H,0,0,,,,Censored No Alarm,0,0,0,0,0,1,0.040104713290929794,,2018-11-14,,0.395
8HKE6E1H,0,0,,,,Censored No Alarm,0,0,0,0,0,1,0.0007898128824308515,,2019-01-05,,0.395
8HKE8S7H,0,0,,,,Censored No Alarm,0,0,0,0,0,1,0.2387675791978836,,2019-01-05,,0.395
8HKEAWEH,0,0,,,,Censored No Alarm,0,0,0,0,0,1,0.002038781065493822,,2019-06-01,,0.395
8HKEKYRH,0,0,,,,Censored No Alarm,0,0,0,0,0,1,0.000905054563190788,,2019-06-01,,0.395
8HKG0GWH,0,0,,,,Censored No Alarm,0,0,0,0,0,1,0.0006156088784337044,,2019-01-05,,0.395
8HKHPZHH,0,0,,,,Censored No Alarm,0,0,0,0,0,1,0.000905054563190788,,2019-06-01,,0.395
8HKJ4MAH,0,0,,,,Censored No Alarm,0,0,0,0,0,1,0.0006813558284193277,,2019-03-01,,0.395
8HKJ5KDH,1,0,,2025-06-29,,Missed,0,0,0,0,1,0,0.0006933357799425721,,2018-11-14,,0.395
8HKL6STH,0,0,,,,Censored No Alarm,0,0,0,0,0,1,0.0011124139418825507,,2019-03-02,,0.395
8HKLRUSH,0,1,2025-10-07,,,Censored Early,0,0,1,1,0,0,0.5776644945144653,0.5776644945144653,2019-03-01,2412.0,0.395
8HKM415H,0,0,,,,Censored No Alarm,0,0,0,0,0,1,0.0006541814655065536,,2019-03-01,,0.395
8HKM5RVH,0,0,,,,Censored No Alarm,0,0,0,0,0,1,0.0008036983199417591,,2019-03-28,,0.395
8HKM654H,0,0,,,,Censored No Alarm,0,0,0,0,0,1,0.002243902301415801,,2019-03-28,,0.395
8HKM9Z1H,0,0,,,,Censored No Alarm,0,0,0,0,0,1,0.0006843011360615492,,2019-03-28,,0.395
8HKMR21H,1,1,2020-08-25,2020-09-02,8.0,On time,1,0,0,0,0,0,0.5119562149047852,0.5119562149047852,2019-03-28,516.0,0.395
8HKNMW1H,0,0,,,,Censored No Alarm,0,0,0,0,0,1,0.0006516333087347448,,2019-05-04,,0.395
8HKNN28H,0,0,,,,Censored No Alarm,0,0,0,0,0,1,0.0255829319357872,,2019-06-01,,0.395
8HKPM7RH,0,0,,,,Censored No Alarm,0,0,0,0,0,1,0.0007754179532639682,,2019-03-02,,0.395
8HKPZY9H,1,0,,2024-08-13,,Missed,0,0,0,0,1,0,0.17471691966056824,,2019-03-28,,0.395
8HKRER2H,0,0,,,,Censored No Alarm,0,0,0,0,0,1,0.004179266281425953,,2019-06-01,,0.395
8HKS4X3H,0,1,2020-09-08,,,Censored Early,0,0,1,1,0,0,0.7183583378791809,0.7183583378791809,2019-03-02,556.0,0.395
8HKTBA3H,1,0,,2024-09-22,,Missed,0,0,0,0,1,0,0.36083200573921204,,2019-03-01,,0.395
8HKTE54H,0,0,,,,Censored No Alarm,0,0,0,0,0,1,0.0006933357799425721,,2019-03-01,,0.395
8HKTH2SH,1,0,,2023-11-27,,Missed,0,0,0,0,1,0,0.03948400542140007,,2019-03-01,,0.395
8HKTK0XH,0,0,,,,Censored No Alarm,0,0,0,0,0,1,0.0006640570354647934,,2019-01-05,,0.395
8HKU0DXH,0,0,,,,Censored No Alarm,0,0,0,0,0,1,0.0009073815308511257,,2019-03-01,,0.395
8HKU3YTH,1,1,2024-06-25,2024-07-13,18.0,On time,1,0,0,0,0,0,0.39835283160209656,0.39835283160209656,2019-03-01,1943.0,0.395
8HKU4WXH,0,0,,,,Censored No Alarm,0,0,0,0,0,1,0.031281985342502594,,2019-01-05,,0.395
8HKUEJHH,1,0,,2025-04-25,,Missed,0,0,0,0,1,0,0.0057266345247626305,,2019-03-28,,0.395
8HKVW60H,0,0,,,,Censored No Alarm,0,0,0,0,0,1,0.0014965542359277606,,2019-03-28,,0.395
8HKW4NPH,0,0,,,,Censored No Alarm,0,0,0,0,0,1,0.0007898128824308515,,2019-06-01,,0.395
8HKWV1GH,0,0,,,,Censored No Alarm,0,0,0,0,0,1,0.0016070548444986343,,2019-01-05,,0.395
8HKWXJYH,0,0,,,,Censored No Alarm,0,0,0,0,0,1,0.0008036983199417591,,2019-03-28,,0.395
8HKY0KHH,1,0,,2024-05-14,,Missed,0,0,0,0,1,0,0.15867488086223602,,2019-03-01,,0.395
8HKY66PH,0,0,,,,Censored No Alarm,0,0,0,0,0,1,0.0023036145139485598,,2019-03-01,,0.395
8HKYJ38H,0,0,,,,Censored No Alarm,0,0,0,0,0,1,0.0006933357799425721,,2019-03-28,,0.395
8HKYZ6YH,0,0,,,,Censored No Alarm,0,0,0,0,0,1,0.0007754179532639682,,2019-03-28,,0.395
8HKZ213H,0,0,,,,Censored No Alarm,0,0,0,0,0,1,0.0008690464310348034,,2019-01-05,,0.395
8HKZDBRH,0,0,,,,Censored No Alarm,0,0,0,0,0,1,0.0010934637393802404,,2019-06-01,,0.395
8HKZL75H,0,0,,,,Censored No Alarm,0,0,0,0,0,1,0.023570915684103966,,2019-05-04,,0.395
AAG0EXPH,0,0,,,,Censored No Alarm,0,0,0,0,0,1,0.0006147206295281649,,2019-01-05,,0.395
AAG0LHRH,0,0,,,,Censored No Alarm,0,0,0,0,0,1,0.0008036983199417591,,2019-01-05,,0.395
AAG121VH,0,0,,,,Censored No Alarm,0,0,0,0,0,1,0.008085285313427448,,2019-03-01,,0.395
AAG16VPH,0,0,,,,Censored No Alarm,0,0,0,0,0,1,0.0006147206295281649,,2019-01-05,,0.395
AAG18L0H,0,0,,,,Censored No Alarm,0,0,0,0,0,1,0.0006933357799425721,,2019-03-28,,0.395
AAG18MEH,0,0,,,,Censored No Alarm,0,0,0,0,0,1,0.0009825507877394557,,2019-03-01,,0.395
AAG197UH,0,0,,,,Censored No Alarm,0,0,0,0,0,1,0.0010934637393802404,,2019-06-01,,0.395
AAG1LSNH,1,1,2024-07-30,2025-07-30,365.0,Early,0,1,0,1,0,0,0.5043611526489258,0.5043611526489258,2019-01-05,2033.0,0.395
AAG1LSVH,0,0,,,,Censored No Alarm,0,0,0,0,0,1,0.006716970354318619,,2019-01-05,,0.395
AAG1LW3H,1,1,2024-08-17,2024-09-03,17.0,On time,1,0,0,0,0,0,0.44503945112228394,0.44503945112228394,2019-01-05,2051.0,0.395
AAG1PLVH,0,0,,,,Censored No Alarm,0,0,0,0,0,1,0.0006933357799425721,,2019-03-28,,0.395
AAG1PM9H,0,0,,,,Censored No Alarm,0,0,0,0,0,1,0.0006843011360615492,,2019-03-28,,0.395
AAG1RJAH,0,0,,,,Censored No Alarm,0,0,0,0,0,1,0.057811375707387924,,2019-03-28,,0.395
AAG1RK5H,0,0,,,,Censored No Alarm,0,0,0,0,0,1,0.0006147206295281649,,2019-01-05,,0.395
AAG1RR9H,0,0,,,,Censored No Alarm,0,0,0,0,0,1,0.0006541814655065536,,2019-03-28,,0.395
AAG1RUJH,0,0,,,,Censored No Alarm,0,0,0,0,0,1,0.000924648076761514,,2019-03-28,,0.395
AAG1TGGH,0,0,,,,Censored No Alarm,0,0,0,0,0,1,0.0008036983199417591,,2019-01-05,,0.395
AAG1VJYH,0,0,,,,Censored No Alarm,0,0,0,0,0,1,0.0006541814655065536,,2019-03-28,,0.395
AAG1VNPH,0,0,,,,Censored No Alarm,0,0,0,0,0,1,0.00059055897872895,,2019-01-05,,0.395
AAG1Z4AH,0,0,,,,Censored No Alarm,0,0,0,0,0,1,0.030199328437447548,,2019-08-13,,0.395
AAG23A2H,0,0,,,,Censored No Alarm,0,0,0,0,0,1,0.19512778520584106,,2019-01-05,,0.395
AAG23AKH,0,0,,,,Censored No Alarm,0,0,0,0,0,1,0.0006147206295281649,,2019-01-05,,0.395
AAG23AVH,0,0,,,,Censored No Alarm,0,0,0,0,0,1,0.0006933357799425721,,2019-03-28,,0.395
AAG246TH,0,0,,,,Censored No Alarm,0,0,0,0,0,1,0.000746190024074167,,2019-06-01,,0.395
AAG24UVH,0,0,,,,Censored No Alarm,0,0,0,0,0,1,0.0006147206295281649,,2019-01-05,,0.395
AAG24VXH,0,0,,,,Censored No Alarm,0,0,0,0,0,1,0.0006147206295281649,,2019-01-05,,0.395
AAG26NBH,1,0,,2023-10-19,,Missed,0,0,0,0,1,0,0.1334952861070633,,2019-03-28,,0.395
AAG26TPH,0,0,,,,Censored No Alarm,0,0,0,0,0,1,0.1982058435678482,,2019-03-28,,0.395
AAG26U9H,1,0,,2023-01-26,,Missed,0,0,0,0,1,0,0.04017994552850723,,2019-06-01,,0.395
AAG27VEH,0,0,,,,Censored No Alarm,0,0,0,0,0,1,0.0008036983199417591,,2019-03-28,,0.395
AAG27W2H,0,0,,,,Censored No Alarm,0,0,0,0,0,1,0.002322366926819086,,2019-03-01,,0.395
AAG27XPH,1,0,,2025-10-06,,Missed,0,0,0,0,1,0,0.006899595260620117,,2019-03-28,,0.395
AAG27ZLH,0,0,,,,Censored No Alarm,0,0,0,0,0,1,0.0008036983199417591,,2019-03-28,,0.395
AAG281TH,1,0,,2024-07-25,,Missed,0,0,0,0,1,0,0.0580369308590889,,2019-01-05,,0.395
AAG2GGJH,0,0,,,,Censored No Alarm,0,0,0,0,0,1,0.002344415755942464,,2019-06-01,,0.395
AAG2JGJH,1,0,,2026-02-10,,Missed,0,0,0,0,1,0,0.030831333249807358,,2019-06-01,,0.395
AAG2JL4H,0,0,,,,Censored No Alarm,0,0,0,0,0,1,0.0006403978331945837,,2019-01-05,,0.395
AAG2RZJH,0,0,,,,Censored No Alarm,0,0,0,0,0,1,0.0006843011360615492,,2019-03-28,,0.395
AAG2S62H,0,0,,,,Censored No Alarm,0,0,0,0,0,1,0.0008036983199417591,,2019-03-28,,0.395
AAG2S9YH,0,0,,,,Censored No Alarm,0,0,0,0,0,1,0.0008604532922618091,,2019-06-01,,0.395
AAG2SAYH,0,0,,,,Censored No Alarm,0,0,0,0,0,1,0.0008036983199417591,,2019-08-14,,0.395
AAG2SJ3H,0,0,,,,Censored No Alarm,0,0,0,0,0,1,0.0007133482140488923,,2019-08-13,,0.395
AAG2VSVH,0,0,,,,Censored No Alarm,0,0,0,0,0,1,0.0006933357799425721,,2019-03-28,,0.395
AAG2Y6JH,0,0,,,,Censored No Alarm,0,0,0,0,0,1,0.0008056589867919683,,2019-03-28,,0.395
AAG2Z67H,0,0,,,,Censored No Alarm,0,0,0,0,0,1,0.0008036983199417591,,2019-06-01,,0.395
AAG2ZU1H,0,0,,,,Censored No Alarm,0,0,0,0,0,1,0.000746190024074167,,2019-06-01,,0.395
AAG305AH,0,0,,,,Censored No Alarm,0,0,0,0,0,1,0.000905054563190788,,2019-06-01,,0.395
AAG306GH,0,0,,,,Censored No Alarm,0,0,0,0,0,1,0.013521726243197918,,2019-01-05,,0.395
AAG34Z4H,0,0,,,,Censored No Alarm,0,0,0,0,0,1,0.0006640570354647934,,2019-01-05,,0.395
AAG350BH,0,0,,,,Censored No Alarm,0,0,0,0,0,1,0.1738443523645401,,2019-03-28,,0.395
AAG350TH,0,0,,,,Censored No Alarm,0,0,0,0,0,1,0.0026228101924061775,,2019-03-28,,0.395
AAG3512H,0,0,,,,Censored No Alarm,0,0,0,0,0,1,0.0013902500504627824,,2019-03-28,,0.395
AAG352AH,0,0,,,,Censored No Alarm,0,0,0,0,0,1,0.0010934637393802404,,2019-06-01,,0.395
AAG353EH,0,0,,,,Censored No Alarm,0,0,0,0,0,1,0.0006147206295281649,,2019-01-05,,0.395
AAG35LWH,0,0,,,,Censored No Alarm,0,0,0,0,0,1,0.32537421584129333,,2019-01-05,,0.395
AAG401PH,0,0,,,,Censored No Alarm,0,0,0,0,0,1,0.0008036983199417591,,2019-01-05,,0.395
AAG46YHH,0,0,,,,Censored No Alarm,0,0,0,0,0,1,0.0006541814655065536,,2019-03-28,,0.395
AAG477BH,0,0,,,,Censored No Alarm,0,0,0,0,0,1,0.0007719645509496331,,2019-01-05,,0.395
AAG478DH,0,0,,,,Censored No Alarm,0,0,0,0,0,1,0.0008036983199417591,,2019-03-28,,0.395
AAG48B3H,0,0,,,,Censored No Alarm,0,0,0,0,0,1,0.000831704877782613,,2019-03-02,,0.395
AAG4AA9H,0,0,,,,Censored No Alarm,0,0,0,0,0,1,0.03359926864504814,,2019-03-01,,0.395
AAG4VESH,0,1,2024-05-06,,,Censored Early,0,0,1,1,0,0,0.5061237215995789,0.410913348197937,2019-03-01,1893.0,0.395
AAG4Z4YH,0,0,,,,Censored No Alarm,0,0,0,0,0,1,0.009582755155861378,,2019-03-01,,0.395
AAG4Z52H,0,0,,,,Censored No Alarm,0,0,0,0,0,1,0.0009725572890602052,,2019-03-02,,0.395
AAG4Z5AH,1,0,,2025-03-14,,Missed,0,0,0,0,1,0,0.3491082191467285,,2019-01-05,,0.395
AAG4ZABH,0,0,,,,Censored No Alarm,0,0,0,0,0,1,0.0009113667765632272,,2019-03-01,,0.395
AAG51RHH,0,0,,,,Censored No Alarm,0,0,0,0,0,1,0.0006516333087347448,,2019-01-05,,0.395
AAG540GH,0,0,,,,Censored No Alarm,0,0,0,0,0,1,0.0006933357799425721,,2019-03-28,,0.395
AAG5DTTH,0,0,,,,Censored No Alarm,0,0,0,0,0,1,0.0024438470136374235,,2019-03-28,,0.395
AAG5Y4DH,0,0,,,,Censored No Alarm,0,0,0,0,0,1,0.0008139623678289354,,2019-01-05,,0.395
AAG5Y4LH,0,0,,,,Censored No Alarm,0,0,0,0,0,1,0.014712506905198097,,2019-01-05,,0.395
AAG5Y4TH,0,0,,,,Censored No Alarm,0,0,0,0,0,1,0.02207621932029724,,2019-01-05,,0.395
AAG5Y4UH,0,0,,,,Censored No Alarm,0,0,0,0,0,1,0.0006147206295281649,,2019-01-05,,0.395
AAG5Y5UH,0,0,,,,Censored No Alarm,0,0,0,0,0,1,0.024019582197070122,,2019-01-05,,0.395
AAG5YJ4H,0,0,,,,Censored No Alarm,0,0,0,0,0,1,0.005496930330991745,,2019-03-28,,0.395
AAG5YLKH,0,0,,,,Censored No Alarm,0,0,0,0,0,1,0.0011124139418825507,,2019-03-01,,0.395
AAG5YYBH,0,0,,,,Censored No Alarm,0,0,0,0,0,1,0.0008301633060909808,,2019-01-05,,0.395
AAG5YYKH,1,1,2025-07-17,2025-09-30,75.0,Early,0,1,0,1,0,0,0.5563128590583801,0.5563128590583801,2019-01-05,2385.0,0.395
AAG5YZ8H,0,0,,,,Censored No Alarm,0,0,0,0,0,1,0.0007754179532639682,,2019-03-28,,0.395
AAG5YZZH,1,0,,2025-07-30,,Missed,0,0,0,0,1,0,0.08011159300804138,,2019-03-02,,0.395
AAG613MH,0,0,,,,Censored No Alarm,0,0,0,0,0,1,0.00059055897872895,,2019-01-05,,0.395
AAG613RH,1,0,,2025-06-06,,Missed,0,0,0,0,1,0,0.0053513869643211365,,2019-01-05,,0.395
AAG61KPH,0,0,,,,Censored No Alarm,0,0,0,0,0,1,0.0023898750077933073,,2019-03-28,,0.395
AAG61LHH,1,1,2023-12-22,2024-05-17,147.0,Early,0,1,0,1,0,0,0.48221710324287415,0.43825334310531616,2019-03-01,1757.0,0.395
AAG61NEH,0,0,,,,Censored No Alarm,0,0,0,0,0,1,0.040104713290929794,,2019-01-05,,0.395
AAG61NZH,0,0,,,,Censored No Alarm,0,0,0,0,0,1,0.020826444029808044,,2019-03-28,,0.395
AAG61P2H,0,0,,,,Censored No Alarm,0,0,0,0,0,1,0.0008690464310348034,,2019-03-01,,0.395
AAG61UMH,0,0,,,,Censored No Alarm,0,0,0,0,0,1,0.021833626553416252,,2019-01-05,,0.395
AAG61WRH,0,0,,,,Censored No Alarm,0,0,0,0,0,1,0.0006403978331945837,,2019-03-01,,0.395
AAG61Z1H,0,0,,,,Censored No Alarm,0,0,0,0,0,1,0.0006516333087347448,,2019-01-05,,0.395
AAG61ZAH,0,0,,,,Censored No Alarm,0,0,0,0,0,1,0.0009074891568161547,,2019-03-01,,0.395
AAG620PH,0,0,,,,Censored No Alarm,0,0,0,0,0,1,0.0007754179532639682,,2019-03-28,,0.395
AAG621WH,0,0,,,,Censored No Alarm,0,0,0,0,0,1,0.0007257045363076031,,2019-01-05,,0.395
AAG623DH,0,0,,,,Censored No Alarm,0,0,0,0,0,1,0.0007257045363076031,,2019-01-05,,0.395
AAG6376H,0,0,,,,Censored No Alarm,0,0,0,0,0,1,0.02017028257250786,,2019-03-28,,0.395
AAG637RH,1,0,,2022-05-21,,Missed,0,0,0,0,1,0,0.000567976851016283,,2019-01-05,,0.395
AAG6381H,0,0,,,,Censored No Alarm,0,0,0,0,0,1,0.0008690464310348034,,2019-01-05,,0.395
AAG638GH,0,0,,,,Censored No Alarm,0,0,0,0,0,1,0.0006147206295281649,,2019-01-05,,0.395
AAG639BH,0,0,,,,Censored No Alarm,0,0,0,0,0,1,0.011378179304301739,,2019-01-05,,0.395
AAG63DLH,0,0,,,,Censored No Alarm,0,0,0,0,0,1,0.0008463261183351278,,2019-03-28,,0.395
AAG63JSH,0,0,,,,Censored No Alarm,0,0,0,0,0,1,0.000831704877782613,,2019-03-02,,0.395
AAG63PJH,0,0,,,,Censored No Alarm,0,0,0,0,0,1,0.0006541814655065536,,2019-03-28,,0.395
AAG63PKH,1,0,,2022-05-22,,Missed,0,0,0,0,1,0,0.022831298410892487,,2019-03-01,,0.395
AAG63PLH,0,0,,,,Censored No Alarm,0,0,0,0,0,1,0.0006933357799425721,,2019-03-01,,0.395
AAG63RGH,0,0,,,,Censored No Alarm,0,0,0,0,0,1,0.0006933357799425721,,2019-03-01,,0.395
AAG63TMH,1,1,2025-08-02,2025-09-02,31.0,Early,0,1,0,1,0,0,0.5913317203521729,0.5337730646133423,2019-03-02,2345.0,0.395
AAG63TSH,0,0,,,,Censored No Alarm,0,0,0,0,0,1,0.0009848923655226827,,2019-03-28,,0.395
AAG63V6H,0,0,,,,Censored No Alarm,0,0,0,0,0,1,0.03450595214962959,,2019-03-28,,0.395
AAG63WHH,1,0,,2025-11-30,,Missed,0,0,0,0,1,0,0.19094432890415192,,2019-01-05,,0.395
AAG63Z8H,1,0,,2025-09-28,,Missed,0,0,0,0,1,0,0.3375927209854126,,2019-03-01,,0.395
AAG6417H,1,1,2024-04-09,2024-06-06,58.0,Early,0,1,0,1,0,0,0.43222615122795105,0.40925779938697815,2019-03-01,1866.0,0.395
AAG6436H,0,0,,,,Censored No Alarm,0,0,0,0,0,1,0.0007898128824308515,,2019-06-01,,0.395
AAG64VXH,0,0,,,,Censored No Alarm,0,0,0,0,0,1,0.026404794305562973,,2019-01-05,,0.395
AAG6509H,0,0,,,,Censored No Alarm,0,0,0,0,0,1,0.0007754179532639682,,2019-03-28,,0.395
AAG67UZH,0,0,,,,Censored No Alarm,0,0,0,0,0,1,0.012034091167151928,,2019-03-28,,0.395
AAG67V3H,1,0,,2025-06-20,,Missed,0,0,0,0,1,0,0.3702874183654785,,2019-03-01,,0.395
AAG67VBH,0,0,,,,Censored No Alarm,0,0,0,0,0,1,0.004205146338790655,,2019-03-28,,0.395
AAG67W3H,0,0,,,,Censored No Alarm,0,0,0,0,0,1,0.0006541814655065536,,2019-03-01,,0.395
AAG67Z8H,0,0,,,,Censored No Alarm,0,0,0,0,0,1,0.0010934637393802404,,2019-06-01,,0.395
AAG682YH,1,1,2020-08-27,2024-07-04,1407.0,Early,0,1,0,1,0,0,0.6557580828666687,0.5959875583648682,2019-03-28,518.0,0.395
AAG683JH,0,0,,,,Censored No Alarm,0,0,0,0,0,1,0.0006933357799425721,,2019-03-01,,0.395
AAG686GH,0,0,,,,Censored No Alarm,0,0,0,0,0,1,0.000831704877782613,,2019-03-02,,0.395
AAG6870H,0,0,,,,Censored No Alarm,0,0,0,0,0,1,0.005678159184753895,,2019-01-05,,0.395
AAG6878H,0,0,,,,Censored No Alarm,0,0,0,0,0,1,0.0010420280741527677,,2019-01-05,,0.395
AAG687GH,0,0,,,,Censored No Alarm,0,0,0,0,0,1,0.0019050011178478599,,2019-03-01,,0.395
AAG687MH,0,0,,,,Censored No Alarm,0,0,0,0,0,1,0.0006541814655065536,,2019-03-28,,0.395
AAG68AGH,0,0,,,,Censored No Alarm,0,0,0,0,0,1,0.000746190024074167,,2019-06-01,,0.395
AAG68AKH,0,1,2020-11-23,,,Censored Early,0,0,1,1,0,0,0.5951375365257263,0.5951375365257263,2019-03-02,632.0,0.395
AAG68AUH,0,0,,,,Censored No Alarm,0,0,0,0,0,1,0.0007822120096534491,,2019-01-05,,0.395
AAG68AXH,0,0,,,,Censored No Alarm,0,0,0,0,0,1,0.0007754179532639682,,2019-03-28,,0.395
AAG68BRH,0,1,2025-07-10,,,Censored Early,0,0,1,1,0,0,0.4729251265525818,0.4038580656051636,2019-01-05,2378.0,0.395
AAG68EWH,1,0,,2023-04-01,,Missed,0,0,0,0,1,0,0.39191484451293945,,2019-01-05,,0.395
AAG68EXH,1,0,,2024-06-19,,Missed,0,0,0,0,1,0,0.057547006756067276,,2019-01-05,,0.395
AAG68KVH,0,0,,,,Censored No Alarm,0,0,0,0,0,1,0.0007898128824308515,,2019-01-05,,0.395
AAG691PH,0,0,,,,Censored No Alarm,0,0,0,0,0,1,0.0010934637393802404,,2019-06-01,,0.395
AAG691VH,0,0,,,,Censored No Alarm,0,0,0,0,0,1,0.026824358850717545,,2019-01-05,,0.395
AAG69LHH,0,0,,,,Censored No Alarm,0,0,0,0,0,1,0.000746190024074167,,2019-06-01,,0.395
AAG69TTH,0,0,,,,Censored No Alarm,0,0,0,0,0,1,0.0007759771542623639,,2019-03-01,,0.395
AAG69WWH,0,0,,,,Censored No Alarm,0,0,0,0,0,1,0.0006147206295281649,,2019-01-05,,0.395
AAG69YWH,0,0,,,,Censored No Alarm,0,0,0,0,0,1,0.0011124139418825507,,2019-03-02,,0.395
AAG6A03H,0,0,,,,Censored No Alarm,0,0,0,0,0,1,0.0007781672175042331,,2019-03-02,,0.395
AAG6A07H,0,0,,,,Censored No Alarm,0,0,0,0,0,1,0.0033381315879523754,,2019-03-01,,0.395
AAG6A0AH,0,0,,,,Censored No Alarm,0,0,0,0,0,1,0.0008036983199417591,,2019-01-05,,0.395
AAG6AATH,0,0,,,,Censored No Alarm,0,0,0,0,0,1,0.0007240500417537987,,2019-06-01,,0.395
AAG6AV4H,0,0,,,,Censored No Alarm,0,0,0,0,0,1,0.0007781672175042331,,2019-03-01,,0.395
AAG6AWTH,1,0,,2024-07-08,,Missed,0,0,0,0,1,0,0.06820354610681534,,2019-03-28,,0.395
AAG6AX6H,0,0,,,,Censored No Alarm,0,0,0,0,0,1,0.0031984488014131784,,2019-03-28,,0.395
AAG6B4HH,0,0,,,,Censored No Alarm,0,0,0,0,0,1,0.0006933357799425721,,2019-03-28,,0.395
AAG6B5KH,0,0,,,,Censored No Alarm,0,0,0,0,0,1,0.002423137193545699,,2019-03-28,,0.395
AAG6DT9H,1,0,,2019-04-25,,Missed,0,0,0,0,1,0,0.0007754179532639682,,2019-03-01,,0.395
AAG6DVEH,0,0,,,,Censored No Alarm,0,0,0,0,0,1,0.011955520138144493,,2019-03-01,,0.395
AAG6DXTH,0,0,,,,Censored No Alarm,0,0,0,0,0,1,0.023781323805451393,,2019-01-05,,0.395
AAG6E2HH,0,0,,,,Censored No Alarm,0,0,0,0,0,1,0.002939862199127674,,2019-03-28,,0.395
AAG6E60H,0,0,,,,Censored No Alarm,0,0,0,0,0,1,0.005986436270177364,,2019-03-01,,0.395
AAG6E7EH,0,0,,,,Censored No Alarm,0,0,0,0,0,1,0.0006541814655065536,,2019-03-28,,0.395
AAG6E7RH,0,0,,,,Censored No Alarm,0,0,0,0,0,1,0.000831704877782613,,2019-03-02,,0.395
AAG6ESPH,0,0,,,,Censored No Alarm,0,0,0,0,0,1,0.0006762145785614848,,2019-01-05,,0.395
AAG6EVRH,0,0,,,,Censored No Alarm,0,0,0,0,0,1,0.0006021216395311058,,2019-01-05,,0.395
AAG6EX3H,0,0,,,,Censored No Alarm,0,0,0,0,0,1,0.0007240500417537987,,2019-01-05,,0.395
AAG6GM1H,0,0,,,,Censored No Alarm,0,0,0,0,0,1,0.0006541814655065536,,2019-03-28,,0.395
AAG6H25H,0,0,,,,Censored No Alarm,0,0,0,0,0,1,0.0009113667765632272,,2019-03-01,,0.395
AAG6HG0H,0,0,,,,Censored No Alarm,0,0,0,0,0,1,0.0006813558284193277,,2019-03-01,,0.395
AAG6HSEH,0,0,,,,Censored No Alarm,0,0,0,0,0,1,0.0007754179532639682,,2019-03-02,,0.395
AAG6HYXH,0,0,,,,Censored No Alarm,0,0,0,0,0,1,0.0011124139418825507,,2019-03-02,,0.395
AAG6J1MH,0,0,,,,Censored No Alarm,0,0,0,0,0,1,0.0006021216395311058,,2019-01-05,,0.395
AAG6J1TH,1,0,,2025-10-07,,Missed,0,0,0,0,1,0,0.27745309472084045,,2019-03-01,,0.395
AAG6J2DH,1,0,,2024-01-03,,Missed,0,0,0,0,1,0,0.06419539451599121,,2019-03-28,,0.395
AAG6J2KH,1,1,2022-11-08,2023-10-19,345.0,Early,0,1,0,1,0,0,0.44403886795043945,0.4398583769798279,2019-01-05,1403.0,0.395
AAG6KJ6H,0,0,,,,Censored No Alarm,0,0,0,0,0,1,0.0007898128824308515,,2019-03-28,,0.395
AAG6KJPH,0,0,,,,Censored No Alarm,0,0,0,0,0,1,0.0007754179532639682,,2019-03-28,,0.395
AAG6KTJH,0,0,,,,Censored No Alarm,0,0,0,0,0,1,0.0007754179532639682,,2019-03-02,,0.395
AAG6KTRH,0,0,,,,Censored No Alarm,0,0,0,0,0,1,0.0006147206295281649,,2019-01-05,,0.395
AAG6KUAH,0,1,2025-10-09,,,Censored Early,0,0,1,1,0,0,0.44516560435295105,0.44516560435295105,2019-01-05,2469.0,0.395
AAG6KUJH,0,0,,,,Censored No Alarm,0,0,0,0,0,1,0.0006933357799425721,,2019-03-01,,0.395
AAG6KV6H,1,0,,2021-11-27,,Missed,0,0,0,0,1,0,0.008961381390690804,,2019-03-01,,0.395
AAG6L88H,0,0,,,,Censored No Alarm,0,0,0,0,0,1,0.0006541814655065536,,2019-03-28,,0.395
AAG6L8VH,0,0,,,,Censored No Alarm,0,0,0,0,0,1,0.24251198768615723,,2019-03-28,,0.395
AAG6LD7H,1,0,,2025-06-16,,Missed,0,0,0,0,1,0,0.02052493207156658,,2019-03-01,,0.395
AAG6LDTH,0,0,,,,Censored No Alarm,0,0,0,0,0,1,0.003821813967078924,,2019-03-28,,0.395
AAG6LEHH,0,0,,,,Censored No Alarm,0,0,0,0,0,1,0.0006813558284193277,,2019-03-01,,0.395
AAG6LEJH,0,0,,,,Censored No Alarm,0,0,0,0,0,1,0.0006813558284193277,,2019-03-01,,0.395
AAG6LG9H,0,0,,,,Censored No Alarm,0,0,0,0,0,1,0.0008036983199417591,,2019-01-05,,0.395
AAG6LTSH,0,0,,,,Censored No Alarm,0,0,0,0,0,1,0.0009113667765632272,,2019-03-01,,0.395
AAG6M3BH,0,0,,,,Censored No Alarm,0,0,0,0,0,1,0.0025212180335074663,,2019-03-02,,0.395
AAG6M8TH,0,0,,,,Censored No Alarm,0,0,0,0,0,1,0.0007000966579653323,,2019-01-05,,0.395
AAG6MABH,0,0,,,,Censored No Alarm,0,0,0,0,0,1,0.0008036983199417591,,2019-05-04,,0.395
AAG6NEEH,0,0,,,,Censored No Alarm,0,0,0,0,0,1,0.0007754179532639682,,2019-03-28,,0.395
AAG6NP0H,1,1,2024-05-29,2024-09-22,116.0,Early,0,1,0,1,0,0,0.4051415026187897,0.4051415026187897,2019-03-01,1916.0,0.395
AAG6NPRH,1,0,,2026-03-12,,Missed,0,0,0,0,1,0,0.35995569825172424,,2019-03-01,,0.395
AAG6NRBH,1,0,,2024-07-11,,Missed,0,0,0,0,1,0,0.35023123025894165,,2019-03-28,,0.395
AAG6NRZH,0,0,,,,Censored No Alarm,0,0,0,0,0,1,0.0008463261183351278,,2019-03-28,,0.395
AAG6NS8H,0,1,2024-07-20,,,Censored Early,0,0,1,1,0,0,0.4178242087364197,0.4178242087364197,2019-03-28,1941.0,0.395
AAG6NSKH,0,1,2024-02-19,,,Censored Early,0,0,1,1,0,0,0.4098777174949646,0.4098777174949646,2019-01-05,1871.0,0.395
AAG6NVKH,0,0,,,,Censored No Alarm,0,0,0,0,0,1,0.0008036983199417591,,2019-01-05,,0.395
AAG6NW3H,0,0,,,,Censored No Alarm,0,0,0,0,0,1,0.0010934637393802404,,2019-06-01,,0.395
AAG6P40H,0,0,,,,Censored No Alarm,0,0,0,0,0,1,0.0007653043721802533,,2019-01-05,,0.395
AAG6P42H,0,0,,,,Censored No Alarm,0,0,0,0,0,1,0.0006541814655065536,,2019-03-01,,0.395
AAG6P4EH,0,0,,,,Censored No Alarm,0,0,0,0,0,1,0.0006541814655065536,,2019-03-28,,0.395
AAG6P9AH,0,0,,,,Censored No Alarm,0,0,0,0,0,1,0.0006322517292574048,,2019-03-01,,0.395
AAG6PWBH,0,0,,,,Censored No Alarm,0,0,0,0,0,1,0.0008036983199417591,,2019-03-02,,0.395
AAG6PY2H,0,0,,,,Censored No Alarm,0,0,0,0,0,1,0.0006147206295281649,,2019-01-05,,0.395
AAG6PYLH,0,0,,,,Censored No Alarm,0,0,0,0,0,1,0.000746190024074167,,2019-06-01,,0.395
AAG6R0AH,0,0,,,,Censored No Alarm,0,0,0,0,0,1,0.0008036983199417591,,2019-06-01,,0.395
AAG6R2RH,0,0,,,,Censored No Alarm,0,0,0,0,0,1,0.0007759771542623639,,2019-03-01,,0.395
AAG6R32H,0,0,,,,Censored No Alarm,0,0,0,0,0,1,0.0009113667765632272,,2019-03-01,,0.395
AAG6R48H,0,0,,,,Censored No Alarm,0,0,0,0,0,1,0.0008690464310348034,,2019-03-28,,0.395
AAG6R8UH,0,0,,,,Censored No Alarm,0,0,0,0,0,1,0.0007754179532639682,,2019-03-28,,0.395
AAG6T4ZH,0,0,,,,Censored No Alarm,0,0,0,0,0,1,0.0008463261183351278,,2019-03-28,,0.395
AAG6T52H,1,0,,2023-06-10,,Missed,0,0,0,0,1,0,0.0010934637393802404,,2019-06-01,,0.395
AAG6T55H,0,0,,,,Censored No Alarm,0,0,0,0,0,1,0.0010934637393802404,,2019-06-01,,0.395
AAG6T5JH,0,0,,,,Censored No Alarm,0,0,0,0,0,1,0.0025404994376003742,,2019-05-16,,0.395
AAG6T7LH,0,0,,,,Censored No Alarm,0,0,0,0,0,1,0.0009113667765632272,,2019-03-01,,0.395
AAG6T9NH,0,0,,,,Censored No Alarm,0,0,0,0,0,1,0.000746190024074167,,2019-06-01,,0.395
AAG6TA8H,0,0,,,,Censored No Alarm,0,0,0,0,0,1,0.0006802097195759416,,2019-01-05,,0.395
AAG6TAHH,0,0,,,,Censored No Alarm,0,0,0,0,0,1,0.000746190024074167,,2019-06-01,,0.395
AAG6TAKH,0,0,,,,Censored No Alarm,0,0,0,0,0,1,0.0007898128824308515,,2019-06-01,,0.395
AAG6TBBH,0,0,,,,Censored No Alarm,0,0,0,0,0,1,0.0006541814655065536,,2019-03-28,,0.395
AAG6TBJH,0,0,,,,Censored No Alarm,0,0,0,0,0,1,0.0008036983199417591,,2019-01-05,,0.395
AAG6THHH,0,0,,,,Censored No Alarm,0,0,0,0,0,1,0.000698731979355216,,2019-06-01,,0.395
AAG6THJH,0,0,,,,Censored No Alarm,0,0,0,0,0,1,0.0008740107878111303,,2019-06-01,,0.395
AAG6THLH,0,0,,,,Censored No Alarm,0,0,0,0,0,1,0.0006147206295281649,,2019-05-04,,0.395
AAG6TRKH,0,0,,,,Censored No Alarm,0,0,0,0,0,1,0.0006516333087347448,,2019-05-04,,0.395
AAG6TS8H,0,0,,,,Censored No Alarm,0,0,0,0,0,1,0.06368660926818848,,2019-06-01,,0.395
AAG6TSUH,0,0,,,,Censored No Alarm,0,0,0,0,0,1,0.0006541814655065536,,2019-03-28,,0.395
AAG6TT1H,0,0,,,,Censored No Alarm,0,0,0,0,0,1,0.0007221471169032156,,2019-05-16,,0.395
AAG6TT9H,0,0,,,,Censored No Alarm,0,0,0,0,0,1,0.0013902500504627824,,2019-03-28,,0.395
AAG6TTNH,0,0,,,,Censored No Alarm,0,0,0,0,0,1,0.0008036983199417591,,2019-01-05,,0.395
AAG6TUVH,0,0,,,,Censored No Alarm,0,0,0,0,0,1,0.0008463261183351278,,2019-06-01,,0.395
AAG6TVPH,0,0,,,,Censored No Alarm,0,0,0,0,0,1,0.0008036983199417591,,2019-03-28,,0.395
AAG6TY4H,0,0,,,,Censored No Alarm,0,0,0,0,0,1,0.01131578627973795,,2019-06-01,,0.395
AAG6U5AH,0,0,,,,Censored No Alarm,0,0,0,0,0,1,0.000698731979355216,,2019-03-01,,0.395
AAG6UKNH,0,0,,,,Censored No Alarm,0,0,0,0,0,1,0.0007511323783546686,,2019-03-28,,0.395
AAG6UMGH,0,0,,,,Censored No Alarm,0,0,0,0,0,1,0.0008364919340237975,,2019-01-05,,0.395
AAG6UMJH,0,0,,,,Censored No Alarm,0,0,0,0,0,1,0.003647981444373727,,2019-01-05,,0.395
AAG6UNKH,0,0,,,,Censored No Alarm,0,0,0,0,0,1,0.046743929386138916,,2019-06-01,,0.395
AAG6US4H,0,0,,,,Censored No Alarm,0,0,0,0,0,1,0.0007781672175042331,,2019-03-01,,0.395
AAG6UT0H,0,0,,,,Censored No Alarm,0,0,0,0,0,1,0.000924648076761514,,2019-06-01,,0.395
AAG6UU8H,0,0,,,,Censored No Alarm,0,0,0,0,0,1,0.024060623720288277,,2019-01-05,,0.395
AAG6UZTH,0,0,,,,Censored No Alarm,0,0,0,0,0,1,0.0008036983199417591,,2019-03-28,,0.395
AAG6V1MH,0,0,,,,Censored No Alarm,0,0,0,0,0,1,0.004982704762369394,,2019-03-28,,0.395
AAG6V71H,0,0,,,,Censored No Alarm,0,0,0,0,0,1,0.0007759771542623639,,2019-03-01,,0.395
AAG6V7DH,0,0,,,,Censored No Alarm,0,0,0,0,0,1,0.000698731979355216,,2019-03-01,,0.395
AAG6V7VH,0,0,,,,Censored No Alarm,0,0,0,0,0,1,0.0006813558284193277,,2019-03-01,,0.395
AAG6VHXH,0,0,,,,Censored No Alarm,0,0,0,0,0,1,0.004640473518520594,,2019-06-01,,0.395
AAG6VJKH,0,0,,,,Censored No Alarm,0,0,0,0,0,1,0.0007898128824308515,,2019-03-28,,0.395
AAG6VM8H,0,0,,,,Censored No Alarm,0,0,0,0,0,1,0.0008364919340237975,,2019-03-28,,0.395
AAG6VMBH,0,0,,,,Censored No Alarm,0,0,0,0,0,1,0.0006933357799425721,,2019-03-01,,0.395
AAG6VMGH,0,0,,,,Censored No Alarm,0,0,0,0,0,1,0.0006933357799425721,,2019-03-01,,0.395
AAG6X6JH,0,0,,,,Censored No Alarm,0,0,0,0,0,1,0.0007511323783546686,,2019-03-28,,0.395
AAG6XU7H,1,1,2019-06-30,2020-05-23,328.0,Early,0,1,0,1,0,0,0.7049137949943542,0.7049137949943542,2019-05-04,57.0,0.395
AAG6XWGH,0,0,,,,Censored No Alarm,0,0,0,0,0,1,0.0023036145139485598,,2019-03-01,,0.395
AAG6XWJH,1,0,,2025-04-04,,Missed,0,0,0,0,1,0,0.3450793921947479,,2019-03-28,,0.395
AAG6XXWH,0,0,,,,Censored No Alarm,0,0,0,0,0,1,0.0008036983199417591,,2019-01-05,,0.395
AAG6XYBH,0,0,,,,Censored No Alarm,0,0,0,0,0,1,0.000698731979355216,,2019-06-01,,0.395
AAG6XYNH,0,0,,,,Censored No Alarm,0,0,0,0,0,1,0.0010934637393802404,,2019-06-01,,0.395
AAG6XZ6H,0,0,,,,Censored No Alarm,0,0,0,0,0,1,0.0006541814655065536,,2019-03-28,,0.395
AAG6XZNH,0,0,,,,Censored No Alarm,0,0,0,0,0,1,0.002322366926819086,,2019-06-01,,0.395
AAG6Y0GH,0,0,,,,Censored No Alarm,0,0,0,0,0,1,0.011493544094264507,,2019-03-01,,0.395
AAG6Y0KH,0,0,,,,Censored No Alarm,0,0,0,0,0,1,0.0006681936210952699,,2019-01-05,,0.395
AAG6Y1BH,0,0,,,,Censored No Alarm,0,0,0,0,0,1,0.0008463261183351278,,2019-03-02,,0.395
AAG6Y3LH,0,0,,,,Censored No Alarm,0,0,0,0,0,1,0.005171183962374926,,2019-03-28,,0.395
AAG6Y3UH,0,0,,,,Censored No Alarm,0,0,0,0,0,1,0.000746190024074167,,2019-06-01,,0.395
AAG6Y41H,0,0,,,,Censored No Alarm,0,0,0,0,0,1,0.0006147206295281649,,2019-01-05,,0.395
AAG6Y46H,0,0,,,,Censored No Alarm,0,0,0,0,0,1,0.023417802527546883,,2019-06-01,,0.395
AAG6YZ1H,0,0,,,,Censored No Alarm,0,0,0,0,0,1,0.029245154932141304,,2019-03-28,,0.395
AAG6YZ9H,0,0,,,,Censored No Alarm,0,0,0,0,0,1,0.0006640570354647934,,2019-01-05,,0.395
AAG6Z0DH,0,0,,,,Censored No Alarm,0,0,0,0,0,1,0.020894695073366165,,2019-01-05,,0.395
AAG6Z17H,0,0,,,,Censored No Alarm,0,0,0,0,0,1,0.0010934637393802404,,2019-06-01,,0.395
AAG6Z1MH,0,0,,,,Censored No Alarm,0,0,0,0,0,1,0.000831704877782613,,2019-03-01,,0.395
AAG6Z1XH,0,0,,,,Censored No Alarm,0,0,0,0,0,1,0.0008036983199417591,,2019-03-01,,0.395
AAG6Z2DH,0,0,,,,Censored No Alarm,0,0,0,0,0,1,0.0007898128824308515,,2019-03-01,,0.395
AAG6Z2RH,0,0,,,,Censored No Alarm,0,0,0,0,0,1,0.0010934637393802404,,2019-06-01,,0.395
AAG6Z42H,1,0,,2024-11-24,,Missed,0,0,0,0,1,0,0.36780068278312683,,2019-01-05,,0.395
AAG6Z4VH,0,0,,,,Censored No Alarm,0,0,0,0,0,1,0.011198250576853752,,2019-03-01,,0.395
AAG6Z53H,0,0,,,,Censored No Alarm,0,0,0,0,0,1,0.0007898128824308515,,2019-05-16,,0.395
AAG6ZJ9H,0,0,,,,Censored No Alarm,0,0,0,0,0,1,0.000831704877782613,,2019-03-01,,0.395
AAG705GH,0,0,,,,Censored No Alarm,0,0,0,0,0,1,0.0023036145139485598,,2019-03-01,,0.395
AAG7078H,0,0,,,,Censored No Alarm,0,0,0,0,0,1,0.013697135262191296,,2019-05-04,,0.395
AAG70HDH,0,0,,,,Censored No Alarm,0,0,0,0,0,1,0.0007719645509496331,,2019-01-05,,0.395
AAG70JEH,0,0,,,,Censored No Alarm,0,0,0,0,0,1,0.007347022648900747,,2019-06-01,,0.395
AAG70U9H,0,0,,,,Censored No Alarm,0,0,0,0,0,1,0.008694270625710487,,2019-01-05,,0.395
AAG73ZWH,0,0,,,,Censored No Alarm,0,0,0,0,0,1,0.0008036983199417591,,2019-01-05,,0.395
AAG73ZZH,0,0,,,,Censored No Alarm,0,0,0,0,0,1,0.0014802436344325542,,2019-03-28,,0.395
AAG740EH,0,0,,,,Censored No Alarm,0,0,0,0,0,1,0.0008036983199417591,,2019-01-05,,0.395
AAG740NH,0,0,,,,Censored No Alarm,0,0,0,0,0,1,0.000746190024074167,,2019-06-01,,0.395
AAG740WH,0,0,,,,Censored No Alarm,0,0,0,0,0,1,0.0006516333087347448,,2019-03-01,,0.395
AAG740YH,0,0,,,,Censored No Alarm,0,0,0,0,0,1,0.0006933357799425721,,2019-03-28,,0.395
AAG741PH,0,0,,,,Censored No Alarm,0,0,0,0,0,1,0.0007754179532639682,,2019-03-28,,0.395
AAG742EH,0,0,,,,Censored No Alarm,0,0,0,0,0,1,0.002683098893612623,,2019-03-28,,0.395
AAG742JH,0,0,,,,Censored No Alarm,0,0,0,0,0,1,0.008543599396944046,,2019-06-01,,0.395
AAG742WH,0,0,,,,Censored No Alarm,0,0,0,0,0,1,0.014399250969290733,,2019-01-05,,0.395
AAG7431H,0,0,,,,Censored No Alarm,0,0,0,0,0,1,0.001972255064174533,,2019-01-05,,0.395
AAG743EH,0,0,,,,Censored No Alarm,0,0,0,0,0,1,0.000746190024074167,,2019-06-01,,0.395
AAG743UH,0,0,,,,Censored No Alarm,0,0,0,0,0,1,0.0008036983199417591,,2019-01-05,,0.395
AAG743VH,0,0,,,,Censored No Alarm,0,0,0,0,0,1,0.008565425872802734,,2019-01-05,,0.395
AAG7454H,0,0,,,,Censored No Alarm,0,0,0,0,0,1,0.0007754179532639682,,2019-03-28,,0.395
AAG74DKH,0,0,,,,Censored No Alarm,0,0,0,0,0,1,0.0006147206295281649,,2019-05-04,,0.395
AAG74EAH,1,0,,2025-07-27,,Missed,0,0,0,0,1,0,0.1926811933517456,,2019-05-04,,0.395
AAG74EBH,0,0,,,,Censored No Alarm,0,0,0,0,0,1,0.0007898128824308515,,2019-03-28,,0.395
AAG74EYH,0,0,,,,Censored No Alarm,0,0,0,0,0,1,0.0010934637393802404,,2019-06-01,,0.395
AAG74EZH,0,0,,,,Censored No Alarm,0,0,0,0,0,1,0.0010934637393802404,,2019-06-01,,0.395
AAG74VHH,0,0,,,,Censored No Alarm,0,0,0,0,0,1,0.0020115480292588472,,2019-03-01,,0.395
AAG74WRH,0,0,,,,Censored No Alarm,0,0,0,0,0,1,0.000746190024074167,,2019-06-01,,0.395
AAG76HYH,1,1,2021-08-17,2021-09-29,43.0,Early,0,1,0,1,0,0,0.5137442350387573,0.4937818944454193,2019-03-02,899.0,0.395
AAG77A5H,0,0,,,,Censored No Alarm,0,0,0,0,0,1,0.0026131446938961744,,2019-06-01,,0.395
AAG799NH,0,0,,,,Censored No Alarm,0,0,0,0,0,1,0.0008036983199417591,,2019-03-02,,0.395
AAG79B0H,0,0,,,,Censored No Alarm,0,0,0,0,0,1,0.0006933357799425721,,2019-03-28,,0.395
AAG7A8EH,0,0,,,,Censored No Alarm,0,0,0,0,0,1,0.0010934637393802404,,2019-06-01,,0.395
AAG7A9KH,0,0,,,,Censored No Alarm,0,0,0,0,0,1,0.0007000966579653323,,2019-01-05,,0.395
AAG7ADMH,0,0,,,,Censored No Alarm,0,0,0,0,0,1,0.0007221471169032156,,2019-05-16,,0.395
AAG7AGWH,0,0,,,,Censored No Alarm,0,0,0,0,0,1,0.0006248260615393519,,2019-05-04,,0.395
AAG7AHMH,0,0,,,,Censored No Alarm,0,0,0,0,0,1,0.000746190024074167,,2019-06-01,,0.395
AAG7BP3H,0,0,,,,Censored No Alarm,0,0,0,0,0,1,0.0010934637393802404,,2019-06-01,,0.395
AAG7BPKH,0,0,,,,Censored No Alarm,0,0,0,0,0,1,0.000698731979355216,,2019-06-01,,0.395
AAG7BRGH,0,0,,,,Censored No Alarm,0,0,0,0,0,1,0.00252547487616539,,2019-01-05,,0.395
AAG7BS8H,0,0,,,,Censored No Alarm,0,0,0,0,0,1,0.0023036145139485598,,2019-03-01,,0.395
AAG7BWAH,0,0,,,,Censored No Alarm,0,0,0,0,0,1,0.0007754179532639682,,2019-03-28,,0.395
AAG7D1SH,0,0,,,,Censored No Alarm,0,0,0,0,0,1,0.0010934637393802404,,2019-06-01,,0.395
AAG7D29H,0,0,,,,Censored No Alarm,0,0,0,0,0,1,0.0008036983199417591,,2019-03-28,,0.395
AAG7D2PH,0,0,,,,Censored No Alarm,0,0,0,0,0,1,0.0010934637393802404,,2019-06-01,,0.395
AAG7D48H,0,0,,,,Censored No Alarm,0,0,0,0,0,1,0.000746190024074167,,2019-06-01,,0.395
AAG7D4DH,0,0,,,,Censored No Alarm,0,0,0,0,0,1,0.0009113667765632272,,2019-03-01,,0.395
AAG7D85H,0,0,,,,Censored No Alarm,0,0,0,0,0,1,0.02147740311920643,,2019-06-01,,0.395
AAG7DPYH,0,0,,,,Censored No Alarm,0,0,0,0,0,1,0.0009113667765632272,,2019-03-01,,0.395
AAG7DRDH,0,0,,,,Censored No Alarm,0,0,0,0,0,1,0.0006541814655065536,,2019-03-01,,0.395
AAG7DS9H,0,0,,,,Censored No Alarm,0,0,0,0,0,1,0.012926178984344006,,2019-03-01,,0.395
AAG7DW0H,0,0,,,,Censored No Alarm,0,0,0,0,0,1,0.0006516333087347448,,2019-05-04,,0.395
AAG7E1MH,0,0,,,,Censored No Alarm,0,0,0,0,0,1,0.0006933357799425721,,2019-03-01,,0.395
AAG7E1PH,0,0,,,,Censored No Alarm,0,0,0,0,0,1,0.0023923057597130537,,2019-01-05,,0.395
AAG7E2HH,0,0,,,,Censored No Alarm,0,0,0,0,0,1,0.0008036983199417591,,2019-03-02,,0.395
AAG7LG4H,0,0,,,,Censored No Alarm,0,0,0,0,0,1,0.0025953154545277357,,2019-03-01,,0.395
AAG7LG7H,0,0,,,,Censored No Alarm,0,0,0,0,0,1,0.0007133482140488923,,2019-05-16,,0.395
AAG7LHYH,0,0,,,,Censored No Alarm,0,0,0,0,0,1,0.0006933357799425721,,2019-03-28,,0.395
AAG7LNAH,0,0,,,,Censored No Alarm,0,0,0,0,0,1,0.0012281967792659998,,2019-06-01,,0.395
AAG7LSWH,0,0,,,,Censored No Alarm,0,0,0,0,0,1,0.0007240500417537987,,2019-01-05,,0.395
AAG7LTHH,1,1,2024-07-29,2024-07-29,0.0,On time,1,0,0,0,0,0,0.408146470785141,0.408146470785141,2019-03-28,1950.0,0.395
AAG7LZEH,0,0,,,,Censored No Alarm,0,0,0,0,0,1,0.0025212180335074663,,2019-03-02,,0.395
AAG7M25H,0,0,,,,Censored No Alarm,0,0,0,0,0,1,0.0010934637393802404,,2019-06-01,,0.395
AAG7M3NH,0,0,,,,Censored No Alarm,0,0,0,0,0,1,0.000746190024074167,,2019-06-01,,0.395
AAG7M3TH,0,0,,,,Censored No Alarm,0,0,0,0,0,1,0.0007898128824308515,,2019-03-28,,0.395
AAG7MMDH,0,0,,,,Censored No Alarm,0,0,0,0,0,1,0.0008036983199417591,,2019-05-16,,0.395
AAG7MP8H,0,0,,,,Censored No Alarm,0,0,0,0,0,1,0.0009320146054960787,,2019-06-01,,0.395
AAG7MULH,1,0,,2026-03-13,,Missed,0,0,0,0,1,0,0.3836148977279663,,2019-03-02,,0.395
AAG7MUNH,0,0,,,,Censored No Alarm,0,0,0,0,0,1,0.01290140300989151,,2019-06-01,,0.395
AAG7MVMH,0,0,,,,Censored No Alarm,0,0,0,0,0,1,0.0008463261183351278,,2019-03-02,,0.395
AAG7N3ZH,0,0,,,,Censored No Alarm,0,0,0,0,0,1,0.0006933357799425721,,2019-03-28,,0.395
AAG7N5WH,0,0,,,,Censored No Alarm,0,0,0,0,0,1,0.0008036983199417591,,2019-03-28,,0.395
AAG7N62H,0,0,,,,Censored No Alarm,0,0,0,0,0,1,0.000746190024074167,,2019-06-01,,0.395
AAG7N63H,0,0,,,,Censored No Alarm,0,0,0,0,0,1,0.010149708949029446,,2019-03-28,,0.395
AAG7N6MH,0,0,,,,Censored No Alarm,0,0,0,0,0,1,0.0008036983199417591,,2019-05-04,,0.395
AAG7PPHH,1,0,,2025-10-28,,Missed,0,0,0,0,1,0,0.14262211322784424,,2019-03-02,,0.395
AAG7R02H,0,0,,,,Censored No Alarm,0,0,0,0,0,1,0.006223076954483986,,2019-06-01,,0.395
AAG7R5VH,0,0,,,,Censored No Alarm,0,0,0,0,0,1,0.0010934637393802404,,2019-06-01,,0.395
AAG7R93H,0,0,,,,Censored No Alarm,0,0,0,0,0,1,0.000746190024074167,,2019-06-01,,0.395
AAG7RA1H,0,0,,,,Censored No Alarm,0,0,0,0,0,1,0.0006516333087347448,,2019-01-05,,0.395
AAG7RAMH,0,0,,,,Censored No Alarm,0,0,0,0,0,1,0.0011124139418825507,,2019-03-02,,0.395
AAG7RBDH,0,0,,,,Censored No Alarm,0,0,0,0,0,1,0.0006728168809786439,,2019-05-04,,0.395
AAG90D8H,0,0,,,,Censored No Alarm,0,0,0,0,0,1,0.011378164403140545,,2019-05-04,,0.395
AAG9VK6H,0,0,,,,Censored No Alarm,0,0,0,0,0,1,0.000831704877782613,,2019-03-02,,0.395
AAGA4YNH,0,0,,,,Censored No Alarm,0,0,0,0,0,1,0.000905054563190788,,2019-06-01,,0.395
AAGA7W1H,1,0,,2023-04-11,,Missed,0,0,0,0,1,0,0.12089093029499054,,2019-03-01,,0.395
AAGA9E3H,0,0,,,,Censored No Alarm,0,0,0,0,0,1,0.0008867422584444284,,2019-05-04,,0.395
AAGH3VWH,0,0,,,,Censored No Alarm,0,0,0,0,0,1,0.0008036983199417591,,2019-05-27,,0.395
AAGMU4TH,0,0,,,,Censored No Alarm,0,0,0,0,0,1,0.0006516333087347448,,2019-05-04,,0.395
AAGN9D2H,1,0,,2023-09-17,,Missed,0,0,0,0,1,0,0.00651482492685318,,2019-05-04,,0.395
AAGP62KH,0,0,,,,Censored No Alarm,0,0,0,0,0,1,0.0008279950707219541,,2019-06-01,,0.395
AAGUS87H,0,0,,,,Censored No Alarm,0,0,0,0,0,1,0.0041870903223752975,,2019-08-14,,0.395
AAGVX4UH,0,0,,,,Censored No Alarm,0,0,0,0,0,1,0.0006130022811703384,,2019-05-04,,0.395
AAGWTB0H,0,1,2023-05-10,,,Censored Early,0,0,1,1,0,0,0.46482327580451965,0.46482327580451965,2019-06-01,1439.0,0.395
AAGXDBZH,0,0,,,,Censored No Alarm,0,0,0,0,0,1,0.2003486603498459,,2019-05-16,,0.395
AAGXLP2H,0,0,,,,Censored No Alarm,0,0,0,0,0,1,0.000746190024074167,,2019-06-01,,0.395
AAGXMJSH,0,0,,,,Censored No Alarm,0,0,0,0,0,1,0.0006147206295281649,,2019-05-04,,0.395
AAGXU8YH,0,0,,,,Censored No Alarm,0,0,0,0,0,1,0.002243902301415801,,2019-05-16,,0.395
AAGXUBRH,0,0,,,,Censored No Alarm,0,0,0,0,0,1,0.001742111169733107,,2019-05-04,,0.395
AAGXV97H,0,0,,,,Censored No Alarm,0,0,0,0,0,1,0.0026429721619933844,,2024-03-13,,0.395
AAGXW8VH,0,0,,,,Censored No Alarm,0,0,0,0,0,1,0.0020115480292588472,,2019-08-14,,0.395
AAGXWUWH,0,0,,,,Censored No Alarm,0,0,0,0,0,1,0.0008364919340237975,,2019-05-04,,0.395
AAGXY3MH,1,0,,2025-04-09,,Missed,0,0,0,0,1,0,0.012630905956029892,,2019-05-16,,0.395
AAH22T7H,0,0,,,,Censored No Alarm,0,0,0,0,0,1,0.09727033227682114,,2019-05-04,,0.395
AAH4NTGH,0,0,,,,Censored No Alarm,0,0,0,0,0,1,0.0006567054078914225,,2019-05-04,,0.395
AAH6DU2H,0,1,2025-02-08,,,Censored Early,0,0,1,1,0,0,0.462637722492218,0.462637722492218,2019-08-14,2005.0,0.395
AAH78SAH,0,0,,,,Censored No Alarm,0,0,0,0,0,1,0.0006147206295281649,,2019-05-04,,0.395
AAH7HJSH,0,0,,,,Censored No Alarm,0,0,0,0,0,1,0.0008690464310348034,,2019-05-04,,0.395
AAH7HKHH,0,0,,,,Censored No Alarm,0,0,0,0,0,1,0.0007898128824308515,,2019-05-04,,0.395
AAH7HNDH,0,0,,,,Censored No Alarm,0,0,0,0,0,1,0.0008036983199417591,,2019-05-04,,0.395
AAH7X19H,0,0,,,,Censored No Alarm,0,0,0,0,0,1,0.0006147206295281649,,2019-05-04,,0.395
AAH86SEH,0,0,,,,Censored No Alarm,0,0,0,0,0,1,0.0006147206295281649,,2019-05-04,,0.395
AAH8BLDH,0,0,,,,Censored No Alarm,0,0,0,0,0,1,0.0007898128824308515,,2019-05-04,,0.395
AAH8HPVH,0,0,,,,Censored No Alarm,0,0,0,0,0,1,0.1022883728146553,,2019-05-04,,0.395
AAH8LPUH,0,0,,,,Censored No Alarm,0,0,0,0,0,1,0.0006516333087347448,,2019-05-04,,0.395
AAH8P7WH,0,0,,,,Censored No Alarm,0,0,0,0,0,1,0.000746190024074167,,2019-05-27,,0.395
AAH8R0LH,0,0,,,,Censored No Alarm,0,0,0,0,0,1,0.0008036983199417591,,2019-05-04,,0.395
AAH8RG4H,0,0,,,,Censored No Alarm,0,0,0,0,0,1,0.0011478322558104992,,2019-05-04,,0.395
AAH8V76H,0,0,,,,Censored No Alarm,0,0,0,0,0,1,0.0014965542359277606,,2019-05-04,,0.395
AAH8V7KH,0,0,,,,Censored No Alarm,0,0,0,0,0,1,0.0019006349612027407,,2019-05-04,,0.395
AAH90NAH,1,0,,2023-04-19,,Missed,0,0,0,0,1,0,0.02158314362168312,,2019-05-04,,0.395
AAH919BH,0,0,,,,Censored No Alarm,0,0,0,0,0,1,0.0008036983199417591,,2019-05-04,,0.395
AAH9285H,0,0,,,,Censored No Alarm,0,0,0,0,0,1,0.0006147206295281649,,2019-05-04,,0.395
AAH92GHH,0,0,,,,Censored No Alarm,0,0,0,0,0,1,0.0008036983199417591,,2019-05-04,,0.395
AAH92HRH,0,0,,,,Censored No Alarm,0,0,0,0,0,1,0.0006147206295281649,,2019-05-04,,0.395
AAH92JGH,0,0,,,,Censored No Alarm,0,0,0,0,0,1,0.0008730847621336579,,2019-05-04,,0.395
AAH92V3H,0,0,,,,Censored No Alarm,0,0,0,0,0,1,0.0006420870777219534,,2019-05-04,,0.395
AAH9301H,1,0,,2023-12-23,,Missed,0,0,0,0,1,0,0.07508419454097748,,2019-05-04,,0.395
AAH9305H,0,0,,,,Censored No Alarm,0,0,0,0,0,1,0.0007898128824308515,,2019-05-04,,0.395
AAH9307H,1,0,,2023-04-09,,Missed,0,0,0,0,1,0,0.009223355911672115,,2019-05-04,,0.395
AAH93MDH,0,0,,,,Censored No Alarm,0,0,0,0,0,1,0.01682102680206299,,2019-05-04,,0.395
AAH93RZH,0,0,,,,Censored No Alarm,0,0,0,0,0,1,0.005023963749408722,,2019-05-04,,0.395
AAH953TH,0,0,,,,Censored No Alarm,0,0,0,0,0,1,0.00313993776217103,,2019-05-04,,0.395
AAH9618H,0,0,,,,Censored No Alarm,0,0,0,0,0,1,0.0014965542359277606,,2019-05-04,,0.395
AAH9689H,0,0,,,,Censored No Alarm,0,0,0,0,0,1,0.0006130022811703384,,2019-05-04,,0.395
AAH96AUH,0,0,,,,Censored No Alarm,0,0,0,0,0,1,0.14707228541374207,,2019-05-04,,0.395
AAH97BZH,0,1,2025-06-25,,,Censored Early,0,0,1,1,0,0,0.6877681612968445,0.4769316613674164,2019-05-04,2244.0,0.395
AAH99PNH,0,0,,,,Censored No Alarm,0,0,0,0,0,1,0.000657705357298255,,2019-05-04,,0.395
AAH9BERH,0,0,,,,Censored No Alarm,0,0,0,0,0,1,0.0014965542359277606,,2019-05-04,,0.395
AAHAS1MH,0,0,,,,Censored No Alarm,0,0,0,0,0,1,0.0007362895412370563,,2019-05-27,,0.395
AAHAS9TH,0,0,,,,Censored No Alarm,0,0,0,0,0,1,0.000746190024074167,,2019-05-27,,0.395
AAHB6YXH,0,0,,,,Censored No Alarm,0,0,0,0,0,1,0.0010934637393802404,,2019-05-27,,0.395
AAHB8Z9H,0,0,,,,Censored No Alarm,0,0,0,0,0,1,0.0010934637393802404,,2019-05-27,,0.395
AAHBKUHH,0,0,,,,Censored No Alarm,0,0,0,0,0,1,0.0008036983199417591,,2019-05-27,,0.395
AAHD7S9H,0,0,,,,Censored No Alarm,0,0,0,0,0,1,0.0008036983199417591,,2019-05-19,,0.395
AAHDJD5H,0,0,,,,Censored No Alarm,0,0,0,0,0,1,0.0038943046238273382,,2019-05-27,,0.395
AAHDJDSH,0,0,,,,Censored No Alarm,0,0,0,0,0,1,0.000746190024074167,,2019-05-27,,0.395
AAHDJH3H,0,0,,,,Censored No Alarm,0,0,0,0,0,1,0.0010934637393802404,,2019-05-27,,0.395
AAHDUS5H,0,0,,,,Censored No Alarm,0,0,0,0,0,1,0.0006843011360615492,,2019-05-27,,0.395
AAHDUT6H,0,0,,,,Censored No Alarm,0,0,0,0,0,1,0.0010934637393802404,,2019-05-27,,0.395
AAHDYR0H,0,0,,,,Censored No Alarm,0,0,0,0,0,1,0.0013013341231271625,,2019-05-27,,0.395
AAHE23AH,0,0,,,,Censored No Alarm,0,0,0,0,0,1,0.0006802884745411575,,2019-05-27,,0.395
AAHE4SAH,0,0,,,,Censored No Alarm,0,0,0,0,0,1,0.000746190024074167,,2019-05-27,,0.395
AAHEAGWH,0,0,,,,Censored No Alarm,0,0,0,0,0,1,0.0010934637393802404,,2019-05-27,,0.395
AAHEAHLH,0,0,,,,Censored No Alarm,0,0,0,0,0,1,0.0006933357799425721,,2019-05-27,,0.395
AAHED32H,0,0,,,,Censored No Alarm,0,0,0,0,0,1,0.0008036983199417591,,2019-05-27,,0.395
AAHED3GH,0,0,,,,Censored No Alarm,0,0,0,0,0,1,0.060920119285583496,,2019-05-27,,0.395
AAHED8NH,0,0,,,,Censored No Alarm,0,0,0,0,0,1,0.0007754179532639682,,2019-05-27,,0.395
AAHED98H,0,0,,,,Censored No Alarm,0,0,0,0,0,1,0.0007362895412370563,,2019-05-27,,0.395
AAHEEVKH,0,0,,,,Censored No Alarm,0,0,0,0,0,1,0.0006802884745411575,,2019-05-27,,0.395
AAHEHEEH,0,0,,,,Censored No Alarm,0,0,0,0,0,1,0.0023080867249518633,,2019-05-27,,0.395
AAHEHHMH,0,0,,,,Censored No Alarm,0,0,0,0,0,1,0.0007754179532639682,,2019-05-27,,0.395
AAHEHJ0H,0,0,,,,Censored No Alarm,0,0,0,0,0,1,0.000905054563190788,,2019-06-01,,0.395
AAHEHJ1H,0,0,,,,Censored No Alarm,0,0,0,0,0,1,0.000746190024074167,,2019-05-27,,0.395
AAHEHL5H,0,0,,,,Censored No Alarm,0,0,0,0,0,1,0.0025649508461356163,,2019-05-27,,0.395
AAHEHP8H,0,0,,,,Censored No Alarm,0,0,0,0,0,1,0.0010934637393802404,,2019-05-27,,0.395
AAHEHRSH,0,0,,,,Censored No Alarm,0,0,0,0,0,1,0.0010934637393802404,,2019-05-27,,0.395
AAHEHS0H,0,0,,,,Censored No Alarm,0,0,0,0,0,1,0.0006953172269277275,,2019-05-27,,0.395
AAHEHTDH,0,0,,,,Censored No Alarm,0,0,0,0,0,1,0.000746190024074167,,2019-05-27,,0.395
AAHEHTNH,0,0,,,,Censored No Alarm,0,0,0,0,0,1,0.0007670781924389303,,2019-05-27,,0.395
AAHEHTPH,0,0,,,,Censored No Alarm,0,0,0,0,0,1,0.0007754179532639682,,2019-05-27,,0.395
AAHEHVUH,0,0,,,,Censored No Alarm,0,0,0,0,0,1,0.0021021661814302206,,2019-05-27,,0.395
AAHEHY7H,0,0,,,,Censored No Alarm,0,0,0,0,0,1,0.0010934637393802404,,2019-05-27,,0.395
AAHEHZ2H,0,0,,,,Censored No Alarm,0,0,0,0,0,1,0.000746190024074167,,2019-05-27,,0.395
AAHEHZPH,0,0,,,,Censored No Alarm,0,0,0,0,0,1,0.0010934637393802404,,2019-05-27,,0.395
AAHEHZXH,0,0,,,,Censored No Alarm,0,0,0,0,0,1,0.0010934637393802404,,2019-05-27,,0.395
AAHEJ43H,0,0,,,,Censored No Alarm,0,0,0,0,0,1,0.000746190024074167,,2019-05-27,,0.395
AAHEJ4KH,0,0,,,,Censored No Alarm,0,0,0,0,0,1,0.000746190024074167,,2019-05-27,,0.395
AAHEJ76H,0,0,,,,Censored No Alarm,0,0,0,0,0,1,0.000746190024074167,,2019-05-27,,0.395
AAHEJDXH,0,0,,,,Censored No Alarm,0,0,0,0,0,1,0.002322366926819086,,2019-05-27,,0.395
AAHEJE4H,0,0,,,,Censored No Alarm,0,0,0,0,0,1,0.004367678891867399,,2019-05-27,,0.395
AAHEJHKH,0,0,,,,Censored No Alarm,0,0,0,0,0,1,0.0007362895412370563,,2019-05-27,,0.395
AAHGYKJH,1,0,,2024-07-24,,Missed,0,0,0,0,1,0,0.007060745730996132,,2019-08-13,,0.395
AAHH59AH,0,0,,,,Censored No Alarm,0,0,0,0,0,1,0.000905054563190788,,2019-08-14,,0.395
AAHHAXAH,0,0,,,,Censored No Alarm,0,0,0,0,0,1,0.0026334431022405624,,2019-08-13,,0.395
AAHHXJ2H,0,0,,,,Censored No Alarm,0,0,0,0,0,1,0.006695799995213747,,2019-08-13,,0.395
AAHJG5XH,0,0,,,,Censored No Alarm,0,0,0,0,0,1,0.0010934637393802404,,2019-08-14,,0.395
AAHJP8BH,0,0,,,,Censored No Alarm,0,0,0,0,0,1,0.01764252781867981,,2019-06-01,,0.395
AAHK5PUH,0,0,,,,Censored No Alarm,0,0,0,0,0,1,0.0054512363858520985,,2019-06-01,,0.395
AAHK8NRH,0,0,,,,Censored No Alarm,0,0,0,0,0,1,0.000746190024074167,,2019-08-13,,0.395
AAHKERJH,1,0,,2026-01-13,,Missed,0,0,0,0,1,0,0.05764194205403328,,2019-08-13,,0.395
AAHKKR8H,0,0,,,,Censored No Alarm,0,0,0,0,0,1,0.0010934637393802404,,2019-08-14,,0.395
AAHKLDKH,0,0,,,,Censored No Alarm,0,0,0,0,0,1,0.000905054563190788,,2019-06-01,,0.395
AAHKM55H,1,0,,2025-03-25,,Missed,0,0,0,0,1,0,0.07400301843881607,,2019-08-14,,0.395
AAHKMW2H,1,0,,2022-01-12,,Missed,0,0,0,0,1,0,0.32490524649620056,,2019-06-01,,0.395
AAHKS17H,1,0,,2025-07-07,,Missed,0,0,0,0,1,0,0.1573161631822586,,2019-06-01,,0.395
AAHKWLAH,0,1,2025-04-27,,,Censored Early,0,0,1,1,0,0,0.5991665720939636,0.5882418155670166,2019-08-14,2083.0,0.395
AAHKX43H,1,1,2019-10-04,2019-11-25,52.0,Early,0,1,0,1,0,0,0.4672265946865082,0.4672265946865082,2019-08-14,51.0,0.395
AAHKXKYH,0,0,,,,Censored No Alarm,0,0,0,0,0,1,0.015159348025918007,,2019-08-13,,0.395
AAHKXLYH,0,0,,,,Censored No Alarm,0,0,0,0,0,1,0.0007898128824308515,,2019-08-14,,0.395
AAHKXNHH,0,0,,,,Censored No Alarm,0,0,0,0,0,1,0.02501809224486351,,2019-08-14,,0.395
AAHKXZ7H,0,0,,,,Censored No Alarm,0,0,0,0,0,1,0.000905054563190788,,2019-08-14,,0.395
AAHKYETH,0,0,,,,Censored No Alarm,0,0,0,0,0,1,0.0007221471169032156,,2019-05-16,,0.395
AAHL0PKH,0,0,,,,Censored No Alarm,0,0,0,0,0,1,0.00669870525598526,,2019-08-13,,0.395
AAHL0TLH,0,0,,,,Censored No Alarm,0,0,0,0,0,1,0.012358610518276691,,2019-06-01,,0.395
AAHL4K8H,0,0,,,,Censored No Alarm,0,0,0,0,0,1,0.004458434414118528,,2019-05-16,,0.395
AAHL5LRH,1,0,,2024-09-01,,Missed,0,0,0,0,1,0,0.3686813414096832,,2019-08-13,,0.395
AAHL9A9H,0,0,,,,Censored No Alarm,0,0,0,0,0,1,0.010748508386313915,,2019-08-13,,0.395
AAHL9XJH,0,0,,,,Censored No Alarm,0,0,0,0,0,1,0.007772570941597223,,2019-08-14,,0.395
AAHL9XLH,0,0,,,,Censored No Alarm,0,0,0,0,0,1,0.0006843011360615492,,2019-08-14,,0.395
AAHL9Y3H,0,0,,,,Censored No Alarm,0,0,0,0,0,1,0.000905054563190788,,2019-08-14,,0.395
AAHL9YAH,0,0,,,,Censored No Alarm,0,0,0,0,0,1,0.0010934637393802404,,2019-08-14,,0.395
AAHL9ZYH,0,0,,,,Censored No Alarm,0,0,0,0,0,1,0.0010934637393802404,,2019-08-14,,0.395
AAHLBTZH,1,1,2025-03-06,2025-07-26,142.0,Early,0,1,0,1,0,0,0.5922539234161377,0.4479024410247803,2019-08-14,2031.0,0.395
AAHLBWGH,1,0,,2025-08-30,,Missed,0,0,0,0,1,0,0.19290946424007416,,2019-08-14,,0.395
AAHLBWSH,1,0,,2023-12-11,,Missed,0,0,0,0,1,0,0.07983497530221939,,2019-08-13,,0.395
AAHLBXVH,0,0,,,,Censored No Alarm,0,0,0,0,0,1,0.05093768611550331,,2019-08-14,,0.395
AAHLD3UH,1,1,2025-03-02,2025-03-11,9.0,On time,1,0,0,0,0,0,0.4081832468509674,0.4081832468509674,2019-08-13,2028.0,0.395
AAHLS5JH,0,0,,,,Censored No Alarm,0,0,0,0,0,1,0.0007221471169032156,,2019-05-16,,0.395
AAHLS7ZH,0,0,,,,Censored No Alarm,0,0,0,0,0,1,0.0007754179532639682,,2019-05-16,,0.395
AAHLS8YH,0,0,,,,Censored No Alarm,0,0,0,0,0,1,0.12485823035240173,,2019-05-16,,0.395
AAHLS9UH,0,0,,,,Censored No Alarm,0,0,0,0,0,1,0.0007221471169032156,,2019-05-16,,0.395
AAHLV30H,0,0,,,,Censored No Alarm,0,0,0,0,0,1,0.0007221471169032156,,2019-05-16,,0.395
AAHLV40H,1,0,,2019-08-05,,Missed,0,0,0,0,1,0,0.10238957405090332,,2019-05-16,,0.395
AAHLV47H,0,0,,,,Censored No Alarm,0,0,0,0,0,1,0.0008036983199417591,,2019-05-16,,0.395
AAHLVTVH,0,0,,,,Censored No Alarm,0,0,0,0,0,1,0.0006933357799425721,,2019-05-27,,0.395
AAHLWE3H,0,0,,,,Censored No Alarm,0,0,0,0,0,1,0.0007362895412370563,,2019-05-27,,0.395
AAHLWKXH,0,0,,,,Censored No Alarm,0,0,0,0,0,1,0.0007221471169032156,,2019-05-16,,0.395
AAHLWM3H,0,0,,,,Censored No Alarm,0,0,0,0,0,1,0.0007362895412370563,,2019-05-27,,0.395
AAHLXJ1H,0,0,,,,Censored No Alarm,0,0,0,0,0,1,0.01518641784787178,,2019-05-04,,0.395
AAHLXJ9H,0,0,,,,Censored No Alarm,0,0,0,0,0,1,0.0006567054078914225,,2019-05-04,,0.395
AAHLXL5H,0,0,,,,Censored No Alarm,0,0,0,0,0,1,0.0010934637393802404,,2019-08-13,,0.395
AAHLXTXH,0,0,,,,Censored No Alarm,0,0,0,0,0,1,0.22538630664348602,,2019-05-16,,0.395
AAHLY01H,0,0,,,,Censored No Alarm,0,0,0,0,0,1,0.013055489398539066,,2019-05-27,,0.395
AAHLY04H,0,0,,,,Censored No Alarm,0,0,0,0,0,1,0.0006147206295281649,,2019-05-04,,0.395
AAHLY2TH,0,0,,,,Censored No Alarm,0,0,0,0,0,1,0.000698731979355216,,2019-05-27,,0.395
AAHLY31H,1,1,2024-08-10,2025-07-25,349.0,Early,0,1,0,1,0,0,0.4045514464378357,0.4045514464378357,2019-08-13,1824.0,0.395
AAHLYJRH,0,0,,,,Censored No Alarm,0,0,0,0,0,1,0.0010934637393802404,,2019-05-27,,0.395
AAHLYY6H,0,0,,,,Censored No Alarm,0,0,0,0,0,1,0.0008036983199417591,,2019-05-16,,0.395
AAHM227H,0,0,,,,Censored No Alarm,0,0,0,0,0,1,0.0006933357799425721,,2019-08-13,,0.395
AAHM4E6H,0,0,,,,Censored No Alarm,0,0,0,0,0,1,0.0007754179532639682,,2019-05-27,,0.395
AAHM4HSH,0,0,,,,Censored No Alarm,0,0,0,0,0,1,0.0006567054078914225,,2019-05-04,,0.395
AAHM4KJH,0,0,,,,Censored No Alarm,0,0,0,0,0,1,0.0008036983199417591,,2019-08-13,,0.395
AAHM4S6H,0,0,,,,Censored No Alarm,0,0,0,0,0,1,0.0006147206295281649,,2019-05-04,,0.395
AAHM4S8H,0,0,,,,Censored No Alarm,0,0,0,0,0,1,0.0006567054078914225,,2019-05-04,,0.395
AAHM4SSH,0,0,,,,Censored No Alarm,0,0,0,0,0,1,0.0008036983199417591,,2019-05-04,,0.395
AAHM4T2H,0,0,,,,Censored No Alarm,0,0,0,0,0,1,0.0006567054078914225,,2019-05-04,,0.395
AAHM4T6H,0,0,,,,Censored No Alarm,0,0,0,0,0,1,0.0006933357799425721,,2019-08-13,,0.395
AAHM4TRH,0,0,,,,Censored No Alarm,0,0,0,0,0,1,0.000746190024074167,,2019-08-13,,0.395
AAHM4UYH,0,0,,,,Censored No Alarm,0,0,0,0,0,1,0.0006567054078914225,,2019-05-04,,0.395
AAHM4WBH,0,0,,,,Censored No Alarm,0,0,0,0,0,1,0.0007221471169032156,,2019-05-16,,0.395
AAHM4WEH,0,0,,,,Censored No Alarm,0,0,0,0,0,1,0.0006567054078914225,,2019-05-04,,0.395
AAHM4XGH,0,0,,,,Censored No Alarm,0,0,0,0,0,1,0.0010934637393802404,,2019-08-14,,0.395
AAHM5Z4H,0,0,,,,Censored No Alarm,0,0,0,0,0,1,0.0006147206295281649,,2019-05-04,,0.395
AAHM5Z9H,0,0,,,,Censored No Alarm,0,0,0,0,0,1,0.0006147206295281649,,2019-05-04,,0.395
AAHM5ZHH,0,0,,,,Censored No Alarm,0,0,0,0,0,1,0.0006147206295281649,,2019-05-04,,0.395
AAHMD6GH,0,0,,,,Censored No Alarm,0,0,0,0,0,1,0.0007240500417537987,,2019-05-04,,0.395
AAHME7KH,0,0,,,,Censored No Alarm,0,0,0,0,0,1,0.002322366926819086,,2019-05-16,,0.395
AAHMGV8H,0,0,,,,Censored No Alarm,0,0,0,0,0,1,0.000746190024074167,,2019-05-27,,0.395
AAHMH4LH,0,0,,,,Censored No Alarm,0,0,0,0,0,1,0.0006147206295281649,,2019-05-04,,0.395
AAHML65H,0,0,,,,Censored No Alarm,0,0,0,0,0,1,0.001947867451235652,,2019-05-16,,0.395
AAHMN38H,0,0,,,,Censored No Alarm,0,0,0,0,0,1,0.000698731979355216,,2019-05-16,,0.395
AAHMR03H,1,1,2025-01-26,2025-11-26,304.0,Early,0,1,0,1,0,0,0.4272347688674927,0.4272347688674927,2019-05-16,2082.0,0.395
AAHMR2ZH,1,0,,2024-01-31,,Missed,0,0,0,0,1,0,0.007276608143001795,,2019-05-16,,0.395
AAHMSNRH,0,0,,,,Censored No Alarm,0,0,0,0,0,1,0.0007125654956325889,,2019-05-16,,0.395
AAHMUYLH,0,0,,,,Censored No Alarm,0,0,0,0,0,1,0.0008463261183351278,,2019-05-16,,0.395
AAHMW6RH,0,0,,,,Censored No Alarm,0,0,0,0,0,1,0.012796866707503796,,2019-05-16,,0.395
AAHMW7NH,0,0,,,,Censored No Alarm,0,0,0,0,0,1,0.0008036983199417591,,2019-05-16,,0.395
