serial_number,has_failed,alarm_triggered,first_alarm_date,actual_failure_date,days_to_failure_at_alarm,category,is_hit,is_fp_early,is_fp_cens,is_false_alarm,is_miss,is_correct_rejection,max_predicted_score,alarm_predicted_score,first_seen_date,days_since_observed,threshold_used
2AG61PSY,0,0,,,,Censored No Alarm,0,0,0,0,0,1,0.0005702839116565883,,2019-05-27,,0.101
2AG8AVRY,0,0,,,,Censored No Alarm,0,0,0,0,0,1,0.003710918128490448,,2019-08-14,,0.101
2AGEGU7Y,0,0,,,,Censored No Alarm,0,0,0,0,0,1,0.0017785251839086413,,2019-05-27,,0.101
2AGEU1JY,0,1,2025-08-29,,,Censored Early,0,0,1,1,0,0,0.2197214961051941,0.10187498480081558,2019-06-01,2281.0,0.101
2AGG48NY,0,0,,,,Censored No Alarm,0,0,0,0,0,1,0.00041889649583026767,,2019-05-27,,0.101
2AGG7H1Y,0,0,,,,Censored No Alarm,0,0,0,0,0,1,0.0006559863104484975,,2019-05-27,,0.101
2AGGHGJY,1,0,,2024-11-19,,Missed,0,0,0,0,1,0,0.06572577357292175,,2019-05-16,,0.101
2AGGHLEY,0,0,,,,Censored No Alarm,0,0,0,0,0,1,0.00122312072198838,,2019-06-01,,0.101
2AGGHM0Y,0,0,,,,Censored No Alarm,0,0,0,0,0,1,0.0005906569422222674,,2019-05-27,,0.101
2AGGHMUY,0,0,,,,Censored No Alarm,0,0,0,0,0,1,0.001402983907610178,,2019-05-16,,0.101
2AGGHR1Y,0,0,,,,Censored No Alarm,0,0,0,0,0,1,0.00790729932487011,,2019-05-27,,0.101
2AGGHR7Y,0,0,,,,Censored No Alarm,0,0,0,0,0,1,0.0005902050179429352,,2019-05-27,,0.101
2AGGL0UY,1,1,2022-02-27,2022-02-27,0.0,On time,1,0,0,0,0,0,0.14784979820251465,0.14784979820251465,2019-05-27,1007.0,0.101
2AGGR3NY,0,0,,,,Censored No Alarm,0,0,0,0,0,1,0.03322407603263855,,2019-05-27,,0.101
2AGGZNJY,0,0,,,,Censored No Alarm,0,0,0,0,0,1,0.001593440305441618,,2019-05-27,,0.101
2AGH31BY,1,0,,2023-11-01,,Missed,0,0,0,0,1,0,0.05324225127696991,,2019-05-27,,0.101
2AGH31PY,1,0,,2024-11-18,,Missed,0,0,0,0,1,0,0.07846786826848984,,2019-05-27,,0.101
2AGH33SY,1,1,2025-02-20,2025-05-08,77.0,Early,0,1,0,1,0,0,0.17205993831157684,0.10569865256547928,2019-05-27,2096.0,0.101
2AGH34HY,0,0,,,,Censored No Alarm,0,0,0,0,0,1,0.08206615597009659,,2019-05-27,,0.101
2AGH34PY,0,0,,,,Censored No Alarm,0,0,0,0,0,1,0.0016575860790908337,,2019-05-27,,0.101
2AGH35GY,0,0,,,,Censored No Alarm,0,0,0,0,0,1,0.000714065448846668,,2019-05-27,,0.101
2AGHB9XY,1,0,,2024-12-02,,Missed,0,0,0,0,1,0,0.039494339376688004,,2019-05-27,,0.101
2AGHDYHY,0,0,,,,Censored No Alarm,0,0,0,0,0,1,0.0020247637294232845,,2019-05-27,,0.101
2AGHEP9Y,1,0,,2024-07-26,,Missed,0,0,0,0,1,0,0.03495092689990997,,2019-05-27,,0.101
2AGHGR1Y,0,0,,,,Censored No Alarm,0,0,0,0,0,1,0.004464003723114729,,2019-05-27,,0.101
2AGHGRLY,0,0,,,,Censored No Alarm,0,0,0,0,0,1,0.0016289365012198687,,2019-05-27,,0.101
2AGHGRRY,0,0,,,,Censored No Alarm,0,0,0,0,0,1,0.0007979360525496304,,2019-05-27,,0.101
2AGHJD4Y,0,1,2025-06-19,,,Censored Early,0,0,1,1,0,0,0.4267386496067047,0.10730277001857758,2019-06-01,2210.0,0.101
2AGHK55Y,0,0,,,,Censored No Alarm,0,0,0,0,0,1,0.0006430982029996812,,2019-05-27,,0.101
2AGHK8MY,0,0,,,,Censored No Alarm,0,0,0,0,0,1,0.0007589527522213757,,2019-05-27,,0.101
2AGHLEUY,1,0,,2023-11-06,,Missed,0,0,0,0,1,0,0.036317337304353714,,2019-05-27,,0.101
2AGHLGTY,1,0,,2025-08-05,,Missed,0,0,0,0,1,0,0.06370946019887924,,2019-05-27,,0.101
2AGHLKHY,0,0,,,,Censored No Alarm,0,0,0,0,0,1,0.002098068129271269,,2019-05-27,,0.101
2AGHLMXY,0,0,,,,Censored No Alarm,0,0,0,0,0,1,0.001677101943641901,,2019-05-27,,0.101
2AGHLN0Y,0,0,,,,Censored No Alarm,0,0,0,0,0,1,0.0008888109587132931,,2019-05-27,,0.101
2AGHMUTY,0,0,,,,Censored No Alarm,0,0,0,0,0,1,0.0007744148024357855,,2019-05-27,,0.101
2AGHMUYY,0,0,,,,Censored No Alarm,0,0,0,0,0,1,0.0026126564480364323,,2019-06-01,,0.101
2AGHMW5Y,0,0,,,,Censored No Alarm,0,0,0,0,0,1,0.0381021723151207,,2019-05-27,,0.101
2AGHMXGY,1,0,,2023-05-14,,Missed,0,0,0,0,1,0,0.027632204815745354,,2019-05-27,,0.101
2AGHMYTY,0,0,,,,Censored No Alarm,0,0,0,0,0,1,0.03311995789408684,,2019-05-27,,0.101
2AGHMZMY,0,0,,,,Censored No Alarm,0,0,0,0,0,1,0.0009075137786567211,,2019-05-27,,0.101
2AGHN0TY,1,1,2020-08-24,2020-10-22,59.0,Early,0,1,0,1,0,0,0.3539638817310333,0.12863774597644806,2019-05-27,455.0,0.101
2AGHN0WY,0,0,,,,Censored No Alarm,0,0,0,0,0,1,0.002400236902758479,,2019-05-27,,0.101
2AGHN16Y,0,0,,,,Censored No Alarm,0,0,0,0,0,1,0.0012290229788050056,,2019-05-27,,0.101
2AGHN2AY,0,0,,,,Censored No Alarm,0,0,0,0,0,1,0.0008529851329512894,,2019-05-27,,0.101
2AGHN3XY,0,0,,,,Censored No Alarm,0,0,0,0,0,1,0.0018470213981345296,,2019-05-27,,0.101
2AGHPDKY,0,0,,,,Censored No Alarm,0,0,0,0,0,1,0.0012373850913718343,,2019-05-27,,0.101
2AGHSJ4Y,0,0,,,,Censored No Alarm,0,0,0,0,0,1,0.0004521927621681243,,2019-05-27,,0.101
2AGHSS9Y,0,0,,,,Censored No Alarm,0,0,0,0,0,1,0.001923729432746768,,2019-05-27,,0.101
2AGHTBYY,1,1,2023-09-17,2025-01-25,496.0,Early,0,1,0,1,0,0,0.5113685727119446,0.11126899719238281,2019-05-27,1574.0,0.101
2AGHTGEY,1,1,2023-02-03,2023-03-14,39.0,Early,0,1,0,1,0,0,0.1745896190404892,0.10468786954879761,2019-05-27,1348.0,0.101
2AGHTKBY,0,0,,,,Censored No Alarm,0,0,0,0,0,1,0.0199689082801342,,2019-05-27,,0.101
2AGLY65Y,1,0,,2023-11-20,,Missed,0,0,0,0,1,0,0.015397007577121258,,2019-08-13,,0.101
2AGM231Y,0,0,,,,Censored No Alarm,0,0,0,0,0,1,0.001464641303755343,,2019-05-04,,0.101
2AGM23NY,0,0,,,,Censored No Alarm,0,0,0,0,0,1,0.0015831694472581148,,2019-05-04,,0.101
2AGM5UVY,0,0,,,,Censored No Alarm,0,0,0,0,0,1,0.0554196797311306,,2019-05-16,,0.101
2AGM5V7Y,1,1,2024-12-23,2025-12-05,347.0,Early,0,1,0,1,0,0,0.339322030544281,0.14241096377372742,2019-05-16,2048.0,0.101
2AGM5VBY,0,0,,,,Censored No Alarm,0,0,0,0,0,1,0.04920259118080139,,2019-05-16,,0.101
2AGM5VHY,1,0,,2025-01-18,,Missed,0,0,0,0,1,0,0.002260170876979828,,2019-08-14,,0.101
2AGM5W9Y,1,0,,2025-01-16,,Missed,0,0,0,0,1,0,0.034271448850631714,,2019-05-16,,0.101
2AGM5YEY,0,0,,,,Censored No Alarm,0,0,0,0,0,1,0.012301070615649223,,2019-05-04,,0.101
2AGM8EMY,1,0,,2024-10-29,,Missed,0,0,0,0,1,0,0.07435043901205063,,2019-05-16,,0.101
2AGM8EUY,0,0,,,,Censored No Alarm,0,0,0,0,0,1,0.001209575217217207,,2019-05-27,,0.101
2AGM8J2Y,0,0,,,,Censored No Alarm,0,0,0,0,0,1,0.0019372975220903754,,2019-05-16,,0.101
2AGM8JAY,0,0,,,,Censored No Alarm,0,0,0,0,0,1,0.001364074181765318,,2019-05-16,,0.101
2AGM8LNY,0,1,2024-10-25,,,Censored Early,0,0,1,1,0,0,0.11720431596040726,0.10777062922716141,2019-05-04,2001.0,0.101
2AGM8RJY,0,0,,,,Censored No Alarm,0,0,0,0,0,1,0.02507951483130455,,2019-08-13,,0.101
2AGM8RTY,0,0,,,,Censored No Alarm,0,0,0,0,0,1,0.041220519691705704,,2019-05-16,,0.101
2AGM8UNY,1,1,2025-10-21,2026-03-12,142.0,Early,0,1,0,1,0,0,0.4745003283023834,0.12550091743469238,2019-08-13,2261.0,0.101
2AGM8V7Y,0,0,,,,Censored No Alarm,0,0,0,0,0,1,0.0019153867615386844,,2019-05-16,,0.101
2AGM9MXY,1,0,,2025-09-21,,Missed,0,0,0,0,1,0,0.03583493456244469,,2019-05-04,,0.101
2AGM9PJY,0,0,,,,Censored No Alarm,0,0,0,0,0,1,0.059952352195978165,,2019-05-04,,0.101
2AGM9RGY,1,0,,2022-12-23,,Missed,0,0,0,0,1,0,0.0010858196765184402,,2019-05-16,,0.101
2AGM9S6Y,0,0,,,,Censored No Alarm,0,0,0,0,0,1,0.005726862698793411,,2019-05-16,,0.101
2AGM9SDY,0,0,,,,Censored No Alarm,0,0,0,0,0,1,0.0008436617790721357,,2019-05-04,,0.101
2AGM9U1Y,0,0,,,,Censored No Alarm,0,0,0,0,0,1,0.0006599645712412894,,2019-05-16,,0.101
2AGMDJKY,0,0,,,,Censored No Alarm,0,0,0,0,0,1,0.0015218540793284774,,2019-05-04,,0.101
2AGMDUAY,1,0,,2023-02-04,,Missed,0,0,0,0,1,0,0.0012458343990147114,,2019-05-16,,0.101
2AGMDY1Y,0,0,,,,Censored No Alarm,0,0,0,0,0,1,0.03304675593972206,,2019-08-14,,0.101
2AGME0XY,1,1,2024-01-17,2024-05-29,133.0,Early,0,1,0,1,0,0,0.129766583442688,0.10164738446474075,2019-05-16,1707.0,0.101
2AGME3BY,0,0,,,,Censored No Alarm,0,0,0,0,0,1,0.004790092818439007,,2019-05-16,,0.101
2AGME9PY,1,0,,2024-08-06,,Missed,0,0,0,0,1,0,0.06538582593202591,,2019-08-13,,0.101
2AGMGAYY,0,0,,,,Censored No Alarm,0,0,0,0,0,1,0.0018624796066433191,,2019-05-16,,0.101
2AGMGDPY,0,0,,,,Censored No Alarm,0,0,0,0,0,1,0.002312597818672657,,2019-08-13,,0.101
2AGMGKLY,0,0,,,,Censored No Alarm,0,0,0,0,0,1,0.0008645187481306493,,2019-08-13,,0.101
2AGMGXEY,0,0,,,,Censored No Alarm,0,0,0,0,0,1,0.0006771677872166038,,2019-08-14,,0.101
2AGMH2YY,1,0,,2024-12-10,,Missed,0,0,0,0,1,0,0.061878882348537445,,2019-05-16,,0.101
2AGMH3JY,0,0,,,,Censored No Alarm,0,0,0,0,0,1,0.0011188563657924533,,2019-05-16,,0.101
2AGMHK6Y,0,0,,,,Censored No Alarm,0,0,0,0,0,1,0.013672902248799801,,2019-05-04,,0.101
2AGMHPEY,1,0,,2024-06-25,,Missed,0,0,0,0,1,0,0.02955513447523117,,2019-06-01,,0.101
2AGMHRYY,1,1,2024-01-17,2024-05-16,120.0,Early,0,1,0,1,0,0,0.15356408059597015,0.10253115743398666,2019-05-16,1707.0,0.101
2AGMHTLY,0,0,,,,Censored No Alarm,0,0,0,0,0,1,0.00205889530479908,,2019-05-04,,0.101
2AGMHU7Y,1,0,,2024-07-08,,Missed,0,0,0,0,1,0,0.01402286533266306,,2019-05-04,,0.101
2AGMHVTY,0,0,,,,Censored No Alarm,0,0,0,0,0,1,0.0011214535916224122,,2019-05-16,,0.101
2AGMHWAY,1,1,2023-03-25,2023-09-22,181.0,Early,0,1,0,1,0,0,0.15983925759792328,0.11218348145484924,2019-08-14,1319.0,0.101
2AGMHXDY,1,1,2025-05-31,2025-06-02,2.0,On time,1,0,0,0,0,0,0.15587688982486725,0.10314656049013138,2019-08-13,2118.0,0.101
2AGMHY3Y,1,0,,2025-11-18,,Missed,0,0,0,0,1,0,0.027986953034996986,,2019-08-14,,0.101
2AGMHY5Y,0,0,,,,Censored No Alarm,0,0,0,0,0,1,0.0014851331943646073,,2019-08-13,,0.101
2AGMJ35Y,0,0,,,,Censored No Alarm,0,0,0,0,0,1,0.0014431633753702044,,2019-05-04,,0.101
2AGMJ3JY,0,0,,,,Censored No Alarm,0,0,0,0,0,1,0.0015032027149572968,,2019-05-16,,0.101
2AGMJ3TY,0,0,,,,Censored No Alarm,0,0,0,0,0,1,0.001082729664631188,,2019-08-14,,0.101
2AGMJ47Y,0,0,,,,Censored No Alarm,0,0,0,0,0,1,0.0009751804172992706,,2019-06-01,,0.101
2AGMJ5BY,1,0,,2021-05-03,,Missed,0,0,0,0,1,0,0.00018215319141745567,,2019-05-04,,0.101
2AGMKV4Y,1,1,2026-01-05,2026-01-28,23.0,On time,1,0,0,0,0,0,0.5156230330467224,0.10776297748088837,2019-05-04,2438.0,0.101
2AGMKVHY,1,0,,2023-05-06,,Missed,0,0,0,0,1,0,0.09653327614068985,,2019-08-13,,0.101
2AGMKVTY,1,0,,2024-12-04,,Missed,0,0,0,0,1,0,0.08382441103458405,,2019-08-14,,0.101
2AGMLMLY,0,0,,,,Censored No Alarm,0,0,0,0,0,1,0.03974716737866402,,2019-08-14,,0.101
2AGMLSZY,1,1,2020-07-20,2020-07-30,10.0,On time,1,0,0,0,0,0,0.520643413066864,0.12477462738752365,2019-05-16,431.0,0.101
2AGMLT7Y,0,0,,,,Censored No Alarm,0,0,0,0,0,1,0.015290378592908382,,2019-05-16,,0.101
2AGMLWNY,0,0,,,,Censored No Alarm,0,0,0,0,0,1,0.03356018662452698,,2019-08-14,,0.101
2AGMLZLY,1,1,2026-02-11,2026-02-11,0.0,On time,1,0,0,0,0,0,0.12081468105316162,0.12081468105316162,2019-05-16,2463.0,0.101
2AGMM0UY,0,0,,,,Censored No Alarm,0,0,0,0,0,1,0.04955817386507988,,2019-05-16,,0.101
2AGMMNKY,0,0,,,,Censored No Alarm,0,0,0,0,0,1,0.01750420220196247,,2019-06-01,,0.101
2AGMMU1Y,0,0,,,,Censored No Alarm,0,0,0,0,0,1,0.001159795792773366,,2019-05-16,,0.101
2AGMMU4Y,0,0,,,,Censored No Alarm,0,0,0,0,0,1,0.0021384309511631727,,2019-08-14,,0.101
2AGMNB7Y,1,0,,2023-03-30,,Missed,0,0,0,0,1,0,0.09324683994054794,,2019-05-16,,0.101
2AGMNBEY,0,0,,,,Censored No Alarm,0,0,0,0,0,1,0.001268880907446146,,2019-05-16,,0.101
2AGMND4Y,1,1,2025-10-11,2025-10-27,16.0,On time,1,0,0,0,0,0,0.5063795447349548,0.12440823018550873,2019-05-04,2352.0,0.101
2AGMNE1Y,1,1,2025-07-03,2025-11-26,146.0,Early,0,1,0,1,0,0,0.5197337865829468,0.1265985667705536,2019-05-16,2240.0,0.101
2AGMNEBY,1,1,2023-02-22,2024-08-05,530.0,Early,0,1,0,1,0,0,0.14549358189105988,0.1362418383359909,2019-05-04,1390.0,0.101
2AGMNG0Y,0,1,2024-05-07,,,Censored Early,0,0,1,1,0,0,0.13057304918766022,0.10236699879169464,2019-05-16,1818.0,0.101
2AGMNJKY,1,1,2024-07-18,2025-09-29,438.0,Early,0,1,0,1,0,0,0.11976423859596252,0.10257583111524582,2019-05-16,1890.0,0.101
2AGMNM8Y,0,0,,,,Censored No Alarm,0,0,0,0,0,1,0.053699154406785965,,2019-08-14,,0.101
2AGMNMWY,1,0,,2023-05-10,,Missed,0,0,0,0,1,0,0.044852364808321,,2019-05-16,,0.101
2AGMNTXY,0,0,,,,Censored No Alarm,0,0,0,0,0,1,0.0017223908798769116,,2019-05-16,,0.101
2AGMNUVY,0,0,,,,Censored No Alarm,0,0,0,0,0,1,0.0010286556789651513,,2019-05-04,,0.101
2AGMNWBY,0,0,,,,Censored No Alarm,0,0,0,0,0,1,0.0011217655846849084,,2019-08-13,,0.101
2AGMNXRY,0,0,,,,Censored No Alarm,0,0,0,0,0,1,0.06830698251724243,,2019-08-13,,0.101
2AGMP7ZY,0,0,,,,Censored No Alarm,0,0,0,0,0,1,0.0016823065234348178,,2019-08-14,,0.101
2AGMPBWY,0,0,,,,Censored No Alarm,0,0,0,0,0,1,0.047618113458156586,,2019-05-16,,0.101
2AGMPD8Y,1,0,,2023-11-21,,Missed,0,0,0,0,1,0,0.0003938778827432543,,2019-08-13,,0.101
2AGMPK3Y,0,0,,,,Censored No Alarm,0,0,0,0,0,1,0.033108826726675034,,2019-05-04,,0.101
2AGMPL7Y,1,0,,2025-02-27,,Missed,0,0,0,0,1,0,0.08321712911128998,,2019-05-16,,0.101
2AGMPP1Y,0,0,,,,Censored No Alarm,0,0,0,0,0,1,0.004463717807084322,,2019-05-16,,0.101
2AGMPP4Y,1,1,2025-09-11,2025-09-23,12.0,On time,1,0,0,0,0,0,0.5096092820167542,0.3222876489162445,2019-05-16,2310.0,0.101
2AGMPPGY,0,0,,,,Censored No Alarm,0,0,0,0,0,1,0.0018286015838384628,,2019-05-16,,0.101
2AGMPSSY,0,0,,,,Censored No Alarm,0,0,0,0,0,1,0.001319889910519123,,2019-05-16,,0.101
2AGMPT2Y,0,0,,,,Censored No Alarm,0,0,0,0,0,1,0.001824285602197051,,2019-05-16,,0.101
2AGMPZ8Y,0,0,,,,Censored No Alarm,0,0,0,0,0,1,0.0009485308546572924,,2019-08-14,,0.101
2AGMS6PY,0,0,,,,Censored No Alarm,0,0,0,0,0,1,0.000521163921803236,,2019-08-14,,0.101
2AGMSHHY,1,0,,2022-08-12,,Missed,0,0,0,0,1,0,0.00017888820730149746,,2019-05-04,,0.101
2AGMTK0Y,1,1,2025-08-30,2025-08-30,0.0,On time,1,0,0,0,0,0,0.5179929733276367,0.5179929733276367,2019-05-16,2298.0,0.101
2AGMTL0Y,1,0,,2023-04-17,,Missed,0,0,0,0,1,0,0.000816053943708539,,2019-05-04,,0.101
2AGMTXAY,0,0,,,,Censored No Alarm,0,0,0,0,0,1,0.0013073500012978911,,2019-08-13,,0.101
2AGMUBMY,0,0,,,,Censored No Alarm,0,0,0,0,0,1,0.0012193558504804969,,2019-06-01,,0.101
2AGMUBRY,1,0,,2024-08-04,,Missed,0,0,0,0,1,0,0.00704434048384428,,2019-08-13,,0.101
2AGMV9UY,0,0,,,,Censored No Alarm,0,0,0,0,0,1,0.0016196080250665545,,2019-08-13,,0.101
2AGMVDDY,0,0,,,,Censored No Alarm,0,0,0,0,0,1,0.0015567332739010453,,2019-05-16,,0.101
2AGMWHVY,1,0,,2024-07-19,,Missed,0,0,0,0,1,0,0.06727587431669235,,2019-05-16,,0.101
2AGMZLMY,1,1,2023-04-07,2023-05-16,39.0,Early,0,1,0,1,0,0,0.1129395067691803,0.10722745209932327,2019-08-13,1333.0,0.101
2AGN038Y,0,0,,,,Censored No Alarm,0,0,0,0,0,1,0.0009019123972393572,,2019-08-13,,0.101
2AGN03MY,0,0,,,,Censored No Alarm,0,0,0,0,0,1,0.004404052160680294,,2019-08-13,,0.101
2AGN05MY,0,0,,,,Censored No Alarm,0,0,0,0,0,1,0.0009062383905984461,,2019-08-13,,0.101
2AGN071Y,0,0,,,,Censored No Alarm,0,0,0,0,0,1,0.007679300382733345,,2019-08-13,,0.101
2AGN07AY,0,0,,,,Censored No Alarm,0,0,0,0,0,1,0.0027807848528027534,,2019-08-14,,0.101
2AGN17RY,0,0,,,,Censored No Alarm,0,0,0,0,0,1,0.0005930702318437397,,2019-08-13,,0.101
2AGN1YNY,0,0,,,,Censored No Alarm,0,0,0,0,0,1,0.0023646499030292034,,2019-08-14,,0.101
2AGN29AY,0,0,,,,Censored No Alarm,0,0,0,0,0,1,0.0006674022297374904,,2019-08-14,,0.101
2AGN43EY,0,0,,,,Censored No Alarm,0,0,0,0,0,1,0.0833071768283844,,2019-08-13,,0.101
2AGN5A3Y,0,0,,,,Censored No Alarm,0,0,0,0,0,1,0.0010205304715782404,,2019-06-01,,0.101
2AGN7GZY,0,0,,,,Censored No Alarm,0,0,0,0,0,1,0.0004891833523288369,,2019-08-13,,0.101
2AGN7XVY,0,0,,,,Censored No Alarm,0,0,0,0,0,1,0.05076966807246208,,2019-08-14,,0.101
2AGN7XYY,0,0,,,,Censored No Alarm,0,0,0,0,0,1,0.023273929953575134,,2019-05-27,,0.101
2AGN853Y,0,0,,,,Censored No Alarm,0,0,0,0,0,1,0.0008340802160091698,,2019-08-14,,0.101
2AGN8H9Y,0,0,,,,Censored No Alarm,0,0,0,0,0,1,0.0007989442092366517,,2019-08-14,,0.101
2AGN8Y9Y,0,0,,,,Censored No Alarm,0,0,0,0,0,1,0.019288070499897003,,2019-08-13,,0.101
2AGN8ZGY,0,0,,,,Censored No Alarm,0,0,0,0,0,1,0.005274494178593159,,2019-06-01,,0.101
2AGN90RY,1,0,,2023-12-07,,Missed,0,0,0,0,1,0,0.07686468958854675,,2019-08-14,,0.101
2AGN9N4Y,1,1,2025-01-25,2025-03-06,40.0,Early,0,1,0,1,0,0,0.12083464860916138,0.11039430648088455,2019-08-13,1992.0,0.101
2AGNAK7Y,0,0,,,,Censored No Alarm,0,0,0,0,0,1,0.0007912426954135299,,2019-08-14,,0.101
2AGNAKGY,0,0,,,,Censored No Alarm,0,0,0,0,0,1,0.0017661661840975285,,2019-08-14,,0.101
2AGNAYKY,0,0,,,,Censored No Alarm,0,0,0,0,0,1,0.0009728094446472824,,2019-08-13,,0.101
2AGNBWPY,0,0,,,,Censored No Alarm,0,0,0,0,0,1,0.0016828167717903852,,2019-08-13,,0.101
2AGND0EY,0,0,,,,Censored No Alarm,0,0,0,0,0,1,0.015621437691152096,,2019-08-13,,0.101
2AGNEAHY,0,0,,,,Censored No Alarm,0,0,0,0,0,1,0.0020975139923393726,,2019-08-13,,0.101
2AGNEK5Y,0,0,,,,Censored No Alarm,0,0,0,0,0,1,0.011964604258537292,,2019-08-14,,0.101
2AGNEN9Y,0,0,,,,Censored No Alarm,0,0,0,0,0,1,0.0027973318938165903,,2019-08-14,,0.101
2AGNEREY,0,0,,,,Censored No Alarm,0,0,0,0,0,1,0.015549172647297382,,2019-08-13,,0.101
2AGNGZPY,0,0,,,,Censored No Alarm,0,0,0,0,0,1,0.0012833867222070694,,2019-05-27,,0.101
2AGNJE2Y,0,0,,,,Censored No Alarm,0,0,0,0,0,1,0.003775996156036854,,2019-06-01,,0.101
2AGNJG7Y,0,0,,,,Censored No Alarm,0,0,0,0,0,1,0.0015980631578713655,,2019-08-13,,0.101
2AGNJGHY,0,0,,,,Censored No Alarm,0,0,0,0,0,1,0.00280042365193367,,2019-08-13,,0.101
2AGNJRYY,0,0,,,,Censored No Alarm,0,0,0,0,0,1,0.0008363233646377921,,2019-06-01,,0.101
2AGNJTAY,0,0,,,,Censored No Alarm,0,0,0,0,0,1,0.0011615399271249771,,2019-08-14,,0.101
2AGNJTRY,0,0,,,,Censored No Alarm,0,0,0,0,0,1,0.0009701885865069926,,2019-08-14,,0.101
2AGNKB9Y,1,0,,2023-11-29,,Missed,0,0,0,0,1,0,0.001474057324230671,,2019-08-13,,0.101
2AGNKGXY,0,0,,,,Censored No Alarm,0,0,0,0,0,1,0.0010203000856563449,,2019-08-14,,0.101
2AGNKNJY,0,0,,,,Censored No Alarm,0,0,0,0,0,1,0.004649823531508446,,2019-08-14,,0.101
2AGNKSPY,0,0,,,,Censored No Alarm,0,0,0,0,0,1,0.006681581027805805,,2019-08-14,,0.101
2AGNKV4Y,0,0,,,,Censored No Alarm,0,0,0,0,0,1,0.0018008436309173703,,2019-08-13,,0.101
2AGNL61Y,0,0,,,,Censored No Alarm,0,0,0,0,0,1,0.0012126814108341932,,2019-05-16,,0.101
2AGNNTHY,0,0,,,,Censored No Alarm,0,0,0,0,0,1,0.021602196618914604,,2019-05-16,,0.101
2AGNT47Y,0,0,,,,Censored No Alarm,0,0,0,0,0,1,0.0009679247159510851,,2019-05-16,,0.101
2AGP393Y,1,1,2022-09-14,2023-04-06,204.0,Early,0,1,0,1,0,0,0.32455384731292725,0.10542705655097961,2019-06-01,1201.0,0.101
2AGP43EY,1,0,,2024-09-01,,Missed,0,0,0,0,1,0,0.028284912928938866,,2019-05-16,,0.101
2AGP5EDY,0,0,,,,Censored No Alarm,0,0,0,0,0,1,0.0010819424642249942,,2019-05-16,,0.101
2AGP5GBY,0,0,,,,Censored No Alarm,0,0,0,0,0,1,0.0010074044112116098,,2019-05-16,,0.101
2AGP5J1Y,0,0,,,,Censored No Alarm,0,0,0,0,0,1,0.0009919150033965707,,2019-05-16,,0.101
2AGP6TYY,0,0,,,,Censored No Alarm,0,0,0,0,0,1,0.0007370153907686472,,2019-05-16,,0.101
2AGP6UBY,0,0,,,,Censored No Alarm,0,0,0,0,0,1,0.0033709718845784664,,2019-05-16,,0.101
2AGP9W7Y,0,0,,,,Censored No Alarm,0,0,0,0,0,1,0.09391368925571442,,2019-05-16,,0.101
2AGPHHKY,0,0,,,,Censored No Alarm,0,0,0,0,0,1,0.0014251297106966376,,2019-06-01,,0.101
2AGPHHTY,0,0,,,,Censored No Alarm,0,0,0,0,0,1,0.0023906640708446503,,2019-06-01,,0.101
2AGPJAVY,0,0,,,,Censored No Alarm,0,0,0,0,0,1,0.000386769010219723,,2019-05-27,,0.101
2AGPJBGY,0,0,,,,Censored No Alarm,0,0,0,0,0,1,0.0004641794366762042,,2019-05-27,,0.101
2AGPJBNY,0,0,,,,Censored No Alarm,0,0,0,0,0,1,0.0003859055577777326,,2019-05-27,,0.101
2AGPJE5Y,0,0,,,,Censored No Alarm,0,0,0,0,0,1,0.0013853097334504128,,2019-05-16,,0.101
2AGPJGPY,1,0,,2021-02-22,,Missed,0,0,0,0,1,0,0.03376109153032303,,2019-05-16,,0.101
2AGPJH1Y,1,0,,2024-08-11,,Missed,0,0,0,0,1,0,0.04941151663661003,,2019-05-16,,0.101
2AGPJHAY,0,0,,,,Censored No Alarm,0,0,0,0,0,1,0.0012184602674096823,,2019-08-13,,0.101
2AGPJHXY,0,0,,,,Censored No Alarm,0,0,0,0,0,1,0.00045413602492772043,,2019-05-27,,0.101
2AGPJL8Y,0,0,,,,Censored No Alarm,0,0,0,0,0,1,0.002854321151971817,,2019-05-27,,0.101
2AGPJLWY,0,0,,,,Censored No Alarm,0,0,0,0,0,1,0.0009065502090379596,,2019-08-13,,0.101
2AGPJMRY,0,0,,,,Censored No Alarm,0,0,0,0,0,1,0.0016357921995222569,,2019-08-13,,0.101
2AGPJP0Y,0,0,,,,Censored No Alarm,0,0,0,0,0,1,0.0004591264296323061,,2019-05-27,,0.101
2AGPK9HY,0,0,,,,Censored No Alarm,0,0,0,0,0,1,0.003352460451424122,,2019-08-14,,0.101
2AGPKA3Y,0,0,,,,Censored No Alarm,0,0,0,0,0,1,0.017598509788513184,,2019-08-14,,0.101
2AGPKALY,0,0,,,,Censored No Alarm,0,0,0,0,0,1,0.0015538801671937108,,2019-05-16,,0.101
2AGPKARY,0,0,,,,Censored No Alarm,0,0,0,0,0,1,0.001626794459298253,,2019-05-16,,0.101
2AGPKB2Y,0,0,,,,Censored No Alarm,0,0,0,0,0,1,0.0006378997350111604,,2019-05-27,,0.101
2AGPKTUY,0,0,,,,Censored No Alarm,0,0,0,0,0,1,0.0016811032546684146,,2019-05-16,,0.101
2AGPKVGY,0,0,,,,Censored No Alarm,0,0,0,0,0,1,0.0007034450536593795,,2019-05-16,,0.101
2AGPKWNY,1,0,,2023-10-29,,Missed,0,0,0,0,1,0,0.04390259459614754,,2019-05-16,,0.101
2AGPKX4Y,0,0,,,,Censored No Alarm,0,0,0,0,0,1,0.01696726307272911,,2019-05-16,,0.101
2AGPL2YY,0,0,,,,Censored No Alarm,0,0,0,0,0,1,0.0012312831822782755,,2019-05-16,,0.101
2AGPL4UY,0,0,,,,Censored No Alarm,0,0,0,0,0,1,0.0007266156026162207,,2019-05-16,,0.101
2AGPL4ZY,0,0,,,,Censored No Alarm,0,0,0,0,0,1,0.0014449029695242643,,2019-05-27,,0.101
2AGPLSSY,0,0,,,,Censored No Alarm,0,0,0,0,0,1,0.0008087927708402276,,2019-05-16,,0.101
2AGPMDVY,0,0,,,,Censored No Alarm,0,0,0,0,0,1,0.0004925014800392091,,2019-05-27,,0.101
2AGPMEPY,0,0,,,,Censored No Alarm,0,0,0,0,0,1,0.0007192156044766307,,2019-05-16,,0.101
2AGPMGGY,0,0,,,,Censored No Alarm,0,0,0,0,0,1,0.004383339546620846,,2019-05-16,,0.101
2AGPMM3Y,0,0,,,,Censored No Alarm,0,0,0,0,0,1,0.0006036204867996275,,2019-05-27,,0.101
2AGPMN9Y,0,0,,,,Censored No Alarm,0,0,0,0,0,1,0.0005956171080470085,,2019-05-27,,0.101
2AGPMRDY,0,0,,,,Censored No Alarm,0,0,0,0,0,1,0.0012656775070354342,,2019-05-27,,0.101
2AGPMY1Y,0,0,,,,Censored No Alarm,0,0,0,0,0,1,0.0010004700161516666,,2019-05-16,,0.101
2AGPN6PY,0,0,,,,Censored No Alarm,0,0,0,0,0,1,0.03882472589612007,,2019-05-16,,0.101
2AGPPJAY,0,0,,,,Censored No Alarm,0,0,0,0,0,1,0.000677114468999207,,2019-05-16,,0.101
2AGPPLLY,1,1,2023-10-25,2023-11-29,35.0,Early,0,1,0,1,0,0,0.1632588803768158,0.12221676856279373,2019-05-16,1623.0,0.101
2AGPR6YY,0,0,,,,Censored No Alarm,0,0,0,0,0,1,0.0009309469605796039,,2019-05-16,,0.101
2AGPR7RY,0,0,,,,Censored No Alarm,0,0,0,0,0,1,0.0012516952119767666,,2019-05-16,,0.101
2AGPR8EY,0,0,,,,Censored No Alarm,0,0,0,0,0,1,0.0008979529957287014,,2019-05-16,,0.101
2AGPRL8Y,0,0,,,,Censored No Alarm,0,0,0,0,0,1,0.0006843626615591347,,2019-05-27,,0.101
2AGPRMLY,1,0,,2026-03-26,,Missed,0,0,0,0,1,0,0.008535811677575111,,2019-08-13,,0.101
2AGPRMRY,1,0,,2024-08-12,,Missed,0,0,0,0,1,0,0.00043550183181650937,,2019-05-04,,0.101
2AGPRRJY,0,0,,,,Censored No Alarm,0,0,0,0,0,1,0.07099180668592453,,2019-05-04,,0.101
2AGPS2ZY,0,0,,,,Censored No Alarm,0,0,0,0,0,1,0.0011450240854173899,,2019-05-16,,0.101
2AGPSEDY,0,0,,,,Censored No Alarm,0,0,0,0,0,1,0.0006439488497562706,,2019-05-27,,0.101
2AGPSG5Y,0,0,,,,Censored No Alarm,0,0,0,0,0,1,0.0021570955868810415,,2019-05-27,,0.101
2AGPSGKY,0,0,,,,Censored No Alarm,0,0,0,0,0,1,0.0012342515401542187,,2019-08-14,,0.101
2AGPSJKY,0,0,,,,Censored No Alarm,0,0,0,0,0,1,0.00190499029122293,,2019-08-14,,0.101
2AGPSRUY,0,0,,,,Censored No Alarm,0,0,0,0,0,1,0.000659239711239934,,2019-05-16,,0.101
2AGPT2PY,0,0,,,,Censored No Alarm,0,0,0,0,0,1,0.0027505974285304546,,2019-08-14,,0.101
2AGPT48Y,0,0,,,,Censored No Alarm,0,0,0,0,0,1,0.0026990151964128017,,2019-06-01,,0.101
2AGPT7PY,0,0,,,,Censored No Alarm,0,0,0,0,0,1,0.013481789268553257,,2019-08-13,,0.101
2AGPTL4Y,0,0,,,,Censored No Alarm,0,0,0,0,0,1,0.001974821789190173,,2019-05-27,,0.101
2AGPTVLY,0,0,,,,Censored No Alarm,0,0,0,0,0,1,0.0016600601375102997,,2019-06-01,,0.101
5PG0TA6F,0,0,,,,Censored No Alarm,0,0,0,0,0,1,0.000714547757524997,,2020-07-14,,0.101
5PG0TAKF,0,0,,,,Censored No Alarm,0,0,0,0,0,1,0.0012876242399215698,,2020-05-10,,0.101
5PJEJUHE,0,0,,,,Censored No Alarm,0,0,0,0,0,1,0.004061882849782705,,2021-12-28,,0.101
5PJJHD9C,0,0,,,,Censored No Alarm,0,0,0,0,0,1,0.00048459882964380085,,2022-07-18,,0.101
5PJJLZTF,0,0,,,,Censored No Alarm,0,0,0,0,0,1,0.003861231729388237,,2021-12-03,,0.101
5PJKZP4D,0,0,,,,Censored No Alarm,0,0,0,0,0,1,0.0037380103021860123,,2022-08-04,,0.101
5PJVPJGF,0,0,,,,Censored No Alarm,0,0,0,0,0,1,0.004271297715604305,,2021-05-16,,0.101
5PK10N4B,0,0,,,,Censored No Alarm,0,0,0,0,0,1,0.0006702511454932392,,2024-12-22,,0.101
5PK5ZB1B,0,0,,,,Censored No Alarm,0,0,0,0,0,1,0.0014820760115981102,,2024-04-29,,0.101
5PKEBJVB,0,0,,,,Censored No Alarm,0,0,0,0,0,1,0.0008344936650246382,,2023-11-27,,0.101
5PKVXW6B,0,0,,,,Censored No Alarm,0,0,0,0,0,1,0.0008612030069343746,,2024-06-01,,0.101
5QG63PMB,0,0,,,,Censored No Alarm,0,0,0,0,0,1,0.001210042042657733,,2024-05-28,,0.101
5QGBH0MB,0,0,,,,Censored No Alarm,0,0,0,0,0,1,0.0008538857800886035,,2023-12-09,,0.101
5QGG5KLB,0,0,,,,Censored No Alarm,0,0,0,0,0,1,0.0024682132061570883,,2023-04-05,,0.101
5QGG5UPB,0,0,,,,Censored No Alarm,0,0,0,0,0,1,0.009857723489403725,,2022-12-06,,0.101
5QGGAELB,1,1,2025-01-04,2025-06-04,151.0,Early,0,1,0,1,0,0,0.35215145349502563,0.14724114537239075,2023-03-28,648.0,0.101
5QGGHWVB,0,0,,,,Censored No Alarm,0,0,0,0,0,1,0.0009738503722473979,,2023-12-16,,0.101
5QH0Z60B,1,1,2024-01-20,2024-05-14,115.0,Early,0,1,0,1,0,0,0.28306442499160767,0.1074877381324768,2023-10-22,90.0,0.101
5QHDKVHB,0,0,,,,Censored No Alarm,0,0,0,0,0,1,0.001514759729616344,,2023-11-17,,0.101
5QHKE66B,0,0,,,,Censored No Alarm,0,0,0,0,0,1,0.0010308061027899384,,2024-04-18,,0.101
5QHYP4MB,0,0,,,,Censored No Alarm,0,0,0,0,0,1,0.0013110515428707004,,2024-05-15,,0.101
5QJBW5VB,1,1,2024-05-09,2024-05-25,16.0,On time,1,0,0,0,0,0,0.29857808351516724,0.12257522344589233,2024-02-07,92.0,0.101
5QJS57NB,0,0,,,,Censored No Alarm,0,0,0,0,0,1,0.0009382934658788145,,2024-01-23,,0.101
5QKBEVWB,0,0,,,,Censored No Alarm,0,0,0,0,0,1,0.0010262237628921866,,2023-12-14,,0.101
5QKDK07B,0,0,,,,Censored No Alarm,0,0,0,0,0,1,0.0007706885226070881,,2024-12-20,,0.101
5QKHBVPB,0,0,,,,Censored No Alarm,0,0,0,0,0,1,0.0010501611977815628,,2024-05-30,,0.101
5QKKSM3B,0,0,,,,Censored No Alarm,0,0,0,0,0,1,0.0006327350856736302,,2024-04-06,,0.101
5QKV55TB,0,0,,,,Censored No Alarm,0,0,0,0,0,1,0.0007962388335727155,,2024-02-29,,0.101
5QKV6W0B,0,0,,,,Censored No Alarm,0,0,0,0,0,1,0.0014018741203472018,,2023-08-14,,0.101
5QKV74SB,0,0,,,,Censored No Alarm,0,0,0,0,0,1,0.0007474112208001316,,2024-01-09,,0.101
5QKV778B,0,0,,,,Censored No Alarm,0,0,0,0,0,1,0.001543364836834371,,2024-06-07,,0.101
5QKV7UHB,0,0,,,,Censored No Alarm,0,0,0,0,0,1,0.0010852421401068568,,2024-03-04,,0.101
5QKV85UB,0,0,,,,Censored No Alarm,0,0,0,0,0,1,0.0010568524012342095,,2023-12-02,,0.101
5QKVAN8B,0,0,,,,Censored No Alarm,0,0,0,0,0,1,0.0008617484709247947,,2023-12-24,,0.101
5QKVARLB,0,0,,,,Censored No Alarm,0,0,0,0,0,1,0.000523753697052598,,2023-11-03,,0.101
5QKVATKB,0,0,,,,Censored No Alarm,0,0,0,0,0,1,0.0007451376295648515,,2024-01-09,,0.101
5QKVD71B,0,0,,,,Censored No Alarm,0,0,0,0,0,1,0.0016501049976795912,,2024-05-10,,0.101
5QKVDDVB,0,0,,,,Censored No Alarm,0,0,0,0,0,1,0.0011178267886862159,,2024-06-19,,0.101
5QKVETTB,0,0,,,,Censored No Alarm,0,0,0,0,0,1,0.0020167860202491283,,2024-06-27,,0.101
5QKVEUZB,0,0,,,,Censored No Alarm,0,0,0,0,0,1,0.000888405367732048,,2024-04-22,,0.101
5QKVEXJB,0,0,,,,Censored No Alarm,0,0,0,0,0,1,0.001526644453406334,,2023-11-30,,0.101
5QKVGLWB,0,0,,,,Censored No Alarm,0,0,0,0,0,1,0.0008421157253906131,,2024-05-08,,0.101
5QKVHPLB,0,0,,,,Censored No Alarm,0,0,0,0,0,1,0.0009102333569899201,,2024-05-07,,0.101
5QKVHRMB,0,0,,,,Censored No Alarm,0,0,0,0,0,1,0.002271288773044944,,2024-06-23,,0.101
5QKVVTHB,0,0,,,,Censored No Alarm,0,0,0,0,0,1,0.0008042973931878805,,2024-04-15,,0.101
8CGNK9GE,0,0,,,,Censored No Alarm,0,0,0,0,0,1,0.0359409861266613,,2019-05-04,,0.101
8CGR1V5E,0,0,,,,Censored No Alarm,0,0,0,0,0,1,0.0017089026514440775,,2019-06-01,,0.101
8CGSN9XE,0,0,,,,Censored No Alarm,0,0,0,0,0,1,0.0009837787365540862,,2019-05-16,,0.101
8CGSTSRE,0,0,,,,Censored No Alarm,0,0,0,0,0,1,0.0008500753901898861,,2019-05-04,,0.101
8CGT5S2E,1,0,,2024-11-05,,Missed,0,0,0,0,1,0,0.09695474803447723,,2019-06-01,,0.101
8CGTW4VE,0,0,,,,Censored No Alarm,0,0,0,0,0,1,0.0014811439905315638,,2019-06-01,,0.101
8CGTZ9HE,1,1,2023-03-29,2023-07-12,105.0,Early,0,1,0,1,0,0,0.5211077332496643,0.1152026355266571,2019-05-16,1413.0,0.101
8CGU9LLE,0,0,,,,Censored No Alarm,0,0,0,0,0,1,0.0006272553000599146,,2019-05-16,,0.101
8CGV369E,0,0,,,,Censored No Alarm,0,0,0,0,0,1,0.001125218695960939,,2019-05-16,,0.101
8CGVR04E,0,0,,,,Censored No Alarm,0,0,0,0,0,1,0.08473606407642365,,2019-05-16,,0.101
8CGVTH0E,0,0,,,,Censored No Alarm,0,0,0,0,0,1,0.0007445956580340862,,2019-05-04,,0.101
8CGW3HPE,0,0,,,,Censored No Alarm,0,0,0,0,0,1,0.0007872562273405492,,2019-05-04,,0.101
8CGW6ULE,0,0,,,,Censored No Alarm,0,0,0,0,0,1,0.0007581034442409873,,2019-05-04,,0.101
8CGWPGEE,0,0,,,,Censored No Alarm,0,0,0,0,0,1,0.0008544278098270297,,2019-05-16,,0.101
8CGXKYVE,0,0,,,,Censored No Alarm,0,0,0,0,0,1,0.0007882933132350445,,2019-05-04,,0.101
8CGXNNUE,1,1,2022-04-28,2022-05-10,12.0,On time,1,0,0,0,0,0,0.25432196259498596,0.11811541765928268,2019-06-01,1062.0,0.101
8CGY4KUE,0,0,,,,Censored No Alarm,0,0,0,0,0,1,0.0017013296019285917,,2019-05-16,,0.101
8CGYJ5TE,0,0,,,,Censored No Alarm,0,0,0,0,0,1,0.001387818600051105,,2019-06-01,,0.101
8CGYVS8E,0,0,,,,Censored No Alarm,0,0,0,0,0,1,0.0006444971659220755,,2019-06-01,,0.101
8CGYW96E,0,0,,,,Censored No Alarm,0,0,0,0,0,1,0.029081491753458977,,2019-06-01,,0.101
8CGYXB6E,0,0,,,,Censored No Alarm,0,0,0,0,0,1,0.007360486779361963,,2019-08-13,,0.101
8CGZ8K3E,0,0,,,,Censored No Alarm,0,0,0,0,0,1,0.0006859847926534712,,2019-05-04,,0.101
8CGZ8S1E,0,0,,,,Censored No Alarm,0,0,0,0,0,1,0.0008179775904864073,,2019-05-04,,0.101
8CGZ8SDE,0,0,,,,Censored No Alarm,0,0,0,0,0,1,0.08235611766576767,,2019-05-04,,0.101
8CGZB98E,0,0,,,,Censored No Alarm,0,0,0,0,0,1,0.0004667541361413896,,2019-08-14,,0.101
8CGZB9VE,0,0,,,,Censored No Alarm,0,0,0,0,0,1,0.0008423845865763724,,2019-06-01,,0.101
8CGZKBME,0,0,,,,Censored No Alarm,0,0,0,0,0,1,0.04585696756839752,,2019-05-04,,0.101
8CGZKDHE,0,0,,,,Censored No Alarm,0,0,0,0,0,1,0.0010950278956443071,,2019-05-04,,0.101
8CGZMEAE,0,0,,,,Censored No Alarm,0,0,0,0,0,1,0.0010086423717439175,,2019-05-04,,0.101
8CH02WUE,0,0,,,,Censored No Alarm,0,0,0,0,0,1,0.0005630438681691885,,2019-08-14,,0.101
8CH05AGE,0,0,,,,Censored No Alarm,0,0,0,0,0,1,0.0007722812588326633,,2019-05-04,,0.101
8CH06AGE,0,0,,,,Censored No Alarm,0,0,0,0,0,1,0.0009642803343012929,,2019-05-16,,0.101
8CH06B5E,0,0,,,,Censored No Alarm,0,0,0,0,0,1,0.0004738457209896296,,2019-05-04,,0.101
8CH06E7E,0,0,,,,Censored No Alarm,0,0,0,0,0,1,0.0008401881786994636,,2019-05-04,,0.101
8CH06EDE,0,0,,,,Censored No Alarm,0,0,0,0,0,1,0.0015527006471529603,,2019-06-01,,0.101
8CH0869E,0,0,,,,Censored No Alarm,0,0,0,0,0,1,0.0010428071254864335,,2019-05-04,,0.101
8CH08RNE,0,0,,,,Censored No Alarm,0,0,0,0,0,1,0.002367960521951318,,2019-08-14,,0.101
8CH09GGE,0,0,,,,Censored No Alarm,0,0,0,0,0,1,0.001222604769282043,,2019-06-01,,0.101
8CH0BYPE,0,0,,,,Censored No Alarm,0,0,0,0,0,1,0.0007287521730177104,,2019-08-13,,0.101
8CH0BYTE,0,0,,,,Censored No Alarm,0,0,0,0,0,1,0.0010464615188539028,,2019-06-01,,0.101
8CH0DM8E,0,0,,,,Censored No Alarm,0,0,0,0,0,1,0.0006139143952168524,,2019-08-14,,0.101
8CH0GNLE,0,0,,,,Censored No Alarm,0,0,0,0,0,1,0.0005773423472419381,,2019-05-04,,0.101
8CH0GNNE,0,0,,,,Censored No Alarm,0,0,0,0,0,1,0.016144676133990288,,2019-05-04,,0.101
8CH0GNSE,0,0,,,,Censored No Alarm,0,0,0,0,0,1,0.001380495959892869,,2019-05-16,,0.101
8CH0HRKE,0,0,,,,Censored No Alarm,0,0,0,0,0,1,0.0009107200894504786,,2019-06-01,,0.101
8CH0HTRE,0,0,,,,Censored No Alarm,0,0,0,0,0,1,0.0013458200264722109,,2019-06-01,,0.101
8CH0L5PE,0,0,,,,Censored No Alarm,0,0,0,0,0,1,0.0006474448600783944,,2019-06-01,,0.101
8CH0R06E,0,0,,,,Censored No Alarm,0,0,0,0,0,1,0.0008049706229940057,,2019-05-04,,0.101
8CH0R3YE,0,0,,,,Censored No Alarm,0,0,0,0,0,1,0.05733880028128624,,2019-08-13,,0.101
8CH0TLTE,0,0,,,,Censored No Alarm,0,0,0,0,0,1,0.001315914560109377,,2019-08-13,,0.101
8CH0TLUE,0,0,,,,Censored No Alarm,0,0,0,0,0,1,0.0007429884281009436,,2019-06-01,,0.101
8CH0TN2E,0,0,,,,Censored No Alarm,0,0,0,0,0,1,0.0009351728367619216,,2019-06-01,,0.101
8CH0TN3E,0,0,,,,Censored No Alarm,0,0,0,0,0,1,0.001446537091396749,,2019-08-13,,0.101
8CH0TVRE,0,0,,,,Censored No Alarm,0,0,0,0,0,1,0.001117423176765442,,2019-08-14,,0.101
8CH0V7TE,0,0,,,,Censored No Alarm,0,0,0,0,0,1,0.032686036080121994,,2019-06-01,,0.101
8CH0VH1E,0,0,,,,Censored No Alarm,0,0,0,0,0,1,0.0008809322025626898,,2019-05-16,,0.101
8CH0VW0E,0,0,,,,Censored No Alarm,0,0,0,0,0,1,0.0007822258048690856,,2019-06-01,,0.101
8CH11KPE,0,0,,,,Censored No Alarm,0,0,0,0,0,1,0.0009544643107801676,,2019-05-04,,0.101
8CH13D7E,0,0,,,,Censored No Alarm,0,0,0,0,0,1,0.0005325089441612363,,2019-06-01,,0.101
8CH13DAE,0,0,,,,Censored No Alarm,0,0,0,0,0,1,0.0009279661462642252,,2019-06-01,,0.101
8CH15D3E,0,0,,,,Censored No Alarm,0,0,0,0,0,1,0.04093872010707855,,2019-05-16,,0.101
8CH15YME,0,0,,,,Censored No Alarm,0,0,0,0,0,1,0.0005389474099501967,,2019-06-01,,0.101
8CH160KE,0,0,,,,Censored No Alarm,0,0,0,0,0,1,0.0014678039588034153,,2019-08-14,,0.101
8CH16PBE,0,0,,,,Censored No Alarm,0,0,0,0,0,1,0.02013758383691311,,2019-06-01,,0.101
8CH16ZDE,0,0,,,,Censored No Alarm,0,0,0,0,0,1,0.0009588320390321314,,2019-06-01,,0.101
8CH16ZUE,0,0,,,,Censored No Alarm,0,0,0,0,0,1,0.0029702673200517893,,2019-06-01,,0.101
8CH17M9E,0,0,,,,Censored No Alarm,0,0,0,0,0,1,0.0005388889112509787,,2019-06-01,,0.101
8CH17MHE,0,0,,,,Censored No Alarm,0,0,0,0,0,1,0.0006042176391929388,,2019-08-13,,0.101
8CH190UE,1,1,2020-11-23,2022-03-26,488.0,Early,0,1,0,1,0,0,0.31974029541015625,0.1010642722249031,2019-08-13,468.0,0.101
8CH1APUE,1,1,2025-09-15,2025-09-18,3.0,On time,1,0,0,0,0,0,0.1063368171453476,0.10299962013959885,2019-06-01,2298.0,0.101
8CH1AR5E,0,0,,,,Censored No Alarm,0,0,0,0,0,1,0.0006005798932164907,,2019-05-04,,0.101
8CH1ARHE,1,0,,2023-09-28,,Missed,0,0,0,0,1,0,0.02457580156624317,,2019-06-01,,0.101
8CH1WBME,1,0,,2024-05-05,,Missed,0,0,0,0,1,0,0.01716272346675396,,2019-05-04,,0.101
8CH1XHUE,0,0,,,,Censored No Alarm,0,0,0,0,0,1,0.0010368189541622996,,2019-05-04,,0.101
8CH4AT4E,0,0,,,,Censored No Alarm,0,0,0,0,0,1,0.0005984525778330863,,2019-05-27,,0.101
8CH4X3TE,1,0,,2022-10-12,,Missed,0,0,0,0,1,0,0.0072576436214149,,2019-05-16,,0.101
8CH4YM4E,1,0,,2023-03-03,,Missed,0,0,0,0,1,0,0.00898993480950594,,2019-05-16,,0.101
8CH4YM6E,1,1,2024-12-07,2025-03-13,96.0,Early,0,1,0,1,0,0,0.13493795692920685,0.10718989372253418,2019-05-16,2032.0,0.101
8CH4YN8E,1,0,,2024-04-09,,Missed,0,0,0,0,1,0,0.07008913159370422,,2019-05-16,,0.101
8CH4Z6UE,0,0,,,,Censored No Alarm,0,0,0,0,0,1,0.001322257798165083,,2019-05-16,,0.101
8CH5214E,1,1,2024-01-17,2024-02-15,29.0,On time,1,0,0,0,0,0,0.3084935247898102,0.11731364578008652,2019-05-16,1707.0,0.101
8CH52U5E,0,0,,,,Censored No Alarm,0,0,0,0,0,1,0.0007259580306708813,,2019-05-16,,0.101
8CH5B9LE,0,0,,,,Censored No Alarm,0,0,0,0,0,1,0.001720827305689454,,2019-05-16,,0.101
8CH5E8EE,1,0,,2023-04-04,,Missed,0,0,0,0,1,0,0.05937916785478592,,2019-05-16,,0.101
8CH5HRYE,1,1,2024-04-20,2024-12-24,248.0,Early,0,1,0,1,0,0,0.14755626022815704,0.11401811242103577,2019-05-16,1801.0,0.101
8CHRG6JE,0,0,,,,Censored No Alarm,0,0,0,0,0,1,0.00134460034314543,,2019-11-25,,0.101
8CHU2WSE,0,0,,,,Censored No Alarm,0,0,0,0,0,1,0.0015492057427763939,,2020-06-18,,0.101
8CHU7R9E,1,0,,2024-11-09,,Missed,0,0,0,0,1,0,0.036102499812841415,,2021-05-05,,0.101
8CHUHHXE,0,0,,,,Censored No Alarm,0,0,0,0,0,1,0.021151840686798096,,2020-06-26,,0.101
8CJMA59E,0,0,,,,Censored No Alarm,0,0,0,0,0,1,0.0014321430353447795,,2024-04-02,,0.101
8DG1BB5Y,0,0,,,,Censored No Alarm,0,0,0,0,0,1,0.0008199097937904298,,2024-12-20,,0.101
8DG3MU5D,0,0,,,,Censored No Alarm,0,0,0,0,0,1,0.0015989275416359305,,2018-07-12,,0.101
8DG4SAUD,0,0,,,,Censored No Alarm,0,0,0,0,0,1,0.0021534839179366827,,2018-07-12,,0.101
8DG4SAZD,0,0,,,,Censored No Alarm,0,0,0,0,0,1,0.0008276263251900673,,2018-07-12,,0.101
8DG52U7D,0,0,,,,Censored No Alarm,0,0,0,0,0,1,0.0019677288364619017,,2018-07-12,,0.101
8DG52W9D,0,0,,,,Censored No Alarm,0,0,0,0,0,1,0.0007631577318534255,,2018-07-12,,0.101
8DG52WND,0,0,,,,Censored No Alarm,0,0,0,0,0,1,0.0011079510441049933,,2018-07-12,,0.101
8DG6S3UD,1,0,,2024-06-11,,Missed,0,0,0,0,1,0,0.05117904394865036,,2018-07-12,,0.101
8DG88GTY,0,0,,,,Censored No Alarm,0,0,0,0,0,1,0.0007223904249258339,,2025-01-01,,0.101
8DG93TXY,0,0,,,,Censored No Alarm,0,0,0,0,0,1,0.0012785150902345777,,2024-04-01,,0.101
8DJE2HWH,0,0,,,,Censored No Alarm,0,0,0,0,0,1,0.0006143501377664506,,2019-01-05,,0.101
8DJEPPSH,0,0,,,,Censored No Alarm,0,0,0,0,0,1,0.0005750963464379311,,2019-01-05,,0.101
8DJEPTWH,0,0,,,,Censored No Alarm,0,0,0,0,0,1,0.0004760425945278257,,2019-01-05,,0.101
8DJEUXLH,0,0,,,,Censored No Alarm,0,0,0,0,0,1,0.02736210636794567,,2019-01-05,,0.101
8DK5NDLH,0,0,,,,Censored No Alarm,0,0,0,0,0,1,0.0023851662408560514,,2020-01-03,,0.101
8DKHU24H,0,0,,,,Censored No Alarm,0,0,0,0,0,1,0.001342322095297277,,2019-12-29,,0.101
8DKUD8AH,0,0,,,,Censored No Alarm,0,0,0,0,0,1,0.0007950428407639265,,2019-01-05,,0.101
8DKV390H,0,0,,,,Censored No Alarm,0,0,0,0,0,1,0.0010000269394367933,,2019-03-01,,0.101
8HG28M3H,0,0,,,,Censored No Alarm,0,0,0,0,0,1,0.0005991665530018508,,2019-03-01,,0.101
8HG7LGUH,1,1,2025-02-28,2025-06-01,93.0,Early,0,1,0,1,0,0,0.13544204831123352,0.10410477966070175,2019-06-01,2099.0,0.101
8HGBYHPH,0,0,,,,Censored No Alarm,0,0,0,0,0,1,0.0015625354135408998,,2021-10-03,,0.101
8HGNAB0H,0,0,,,,Censored No Alarm,0,0,0,0,0,1,0.0012882640585303307,,2019-03-28,,0.101
8HGZPYVH,0,1,2022-12-13,,,Censored Early,0,0,1,1,0,0,0.19167065620422363,0.10587586462497711,2019-01-05,1438.0,0.101
8HH12ZPH,0,0,,,,Censored No Alarm,0,0,0,0,0,1,0.0007144592236727476,,2018-11-14,,0.101
8HH5JYSH,0,0,,,,Censored No Alarm,0,0,0,0,0,1,0.001647489727474749,,2018-11-14,,0.101
8HH8BNRH,0,0,,,,Censored No Alarm,0,0,0,0,0,1,0.0009608393302187324,,2019-03-28,,0.101
8HH8P7RH,0,0,,,,Censored No Alarm,0,0,0,0,0,1,0.0011258958838880062,,2019-03-02,,0.101
8HH901KH,0,0,,,,Censored No Alarm,0,0,0,0,0,1,0.0010107686975970864,,2019-03-28,,0.101
8HH9ZRUH,0,0,,,,Censored No Alarm,0,0,0,0,0,1,0.0009815851226449013,,2019-03-01,,0.101
8HHARE1H,1,1,2023-03-05,2023-03-24,19.0,On time,1,0,0,0,0,0,0.41231298446655273,0.10103455185890198,2019-08-13,1300.0,0.101
8HHARGBH,0,0,,,,Censored No Alarm,0,0,0,0,0,1,0.0006669127033092082,,2019-03-02,,0.101
8HHATBKH,0,0,,,,Censored No Alarm,0,0,0,0,0,1,0.000897376099601388,,2019-03-01,,0.101
8HHJXENH,0,0,,,,Censored No Alarm,0,0,0,0,0,1,0.0014019034570083022,,2019-01-05,,0.101
8HHNHSUH,1,0,,2024-12-06,,Missed,0,0,0,0,1,0,0.040639858692884445,,2019-05-04,,0.101
8HHPUREH,1,1,2023-08-08,2024-05-16,282.0,Early,0,1,0,1,0,0,0.17094701528549194,0.11718887090682983,2018-11-14,1728.0,0.101
8HHT1P2H,0,0,,,,Censored No Alarm,0,0,0,0,0,1,0.007260120939463377,,2018-11-14,,0.101
8HHTWXYH,0,0,,,,Censored No Alarm,0,0,0,0,0,1,0.000839691492728889,,2018-11-14,,0.101
8HHZ6MGH,0,0,,,,Censored No Alarm,0,0,0,0,0,1,0.0009671684820204973,,2018-11-14,,0.101
8HJ1NNDH,0,0,,,,Censored No Alarm,0,0,0,0,0,1,0.0014853784814476967,,2018-11-14,,0.101
8HJ6SJAH,0,0,,,,Censored No Alarm,0,0,0,0,0,1,0.004314020276069641,,2018-11-14,,0.101
8HJ6SJTH,0,0,,,,Censored No Alarm,0,0,0,0,0,1,0.00685338769108057,,2018-11-14,,0.101
8HJ74BPH,0,0,,,,Censored No Alarm,0,0,0,0,0,1,0.0010504708625376225,,2018-11-14,,0.101
8HJ7UJHH,0,0,,,,Censored No Alarm,0,0,0,0,0,1,0.0009450300130993128,,2018-11-14,,0.101
8HJ7Y9BH,0,0,,,,Censored No Alarm,0,0,0,0,0,1,0.0060891094617545605,,2018-11-14,,0.101
8HJ7Z0DH,0,0,,,,Censored No Alarm,0,0,0,0,0,1,0.0008008986478671432,,2019-05-04,,0.101
8HJ7Z10H,0,0,,,,Censored No Alarm,0,0,0,0,0,1,0.0012483609607443213,,2018-11-14,,0.101
8HJ7Z1MH,0,0,,,,Censored No Alarm,0,0,0,0,0,1,0.008412341587245464,,2018-11-14,,0.101
8HJ86APH,0,0,,,,Censored No Alarm,0,0,0,0,0,1,0.017383800819516182,,2018-11-14,,0.101
8HJ86NXH,0,0,,,,Censored No Alarm,0,0,0,0,0,1,0.0006236922927200794,,2019-05-04,,0.101
8HJ8LEXH,0,0,,,,Censored No Alarm,0,0,0,0,0,1,0.03882213309407234,,2019-05-04,,0.101
8HJ8LKMH,1,0,,2026-03-14,,Missed,0,0,0,0,1,0,0.07947137951850891,,2018-11-14,,0.101
8HJ91WDH,0,0,,,,Censored No Alarm,0,0,0,0,0,1,0.0006286072893999517,,2019-05-04,,0.101
8HJ94EVH,0,0,,,,Censored No Alarm,0,0,0,0,0,1,0.001505816588178277,,2018-11-14,,0.101
8HJ9JWTH,0,0,,,,Censored No Alarm,0,0,0,0,0,1,0.003455942962318659,,2018-11-14,,0.101
8HJ9K7HH,1,0,,2025-01-28,,Missed,0,0,0,0,1,0,0.0505090169608593,,2018-11-14,,0.101
8HJ9KKGH,0,0,,,,Censored No Alarm,0,0,0,0,0,1,0.0006316243670880795,,2019-05-04,,0.101
8HJ9KN1H,0,0,,,,Censored No Alarm,0,0,0,0,0,1,0.0013361629098653793,,2018-11-14,,0.101
8HJ9LS1H,0,0,,,,Censored No Alarm,0,0,0,0,0,1,0.0007328318897634745,,2018-11-14,,0.101
8HJ9M5NH,0,0,,,,Censored No Alarm,0,0,0,0,0,1,0.0010313071543350816,,2018-11-14,,0.101
8HJ9M94H,0,0,,,,Censored No Alarm,0,0,0,0,0,1,0.0008349072886630893,,2018-11-14,,0.101
8HJ9MZBH,0,0,,,,Censored No Alarm,0,0,0,0,0,1,0.0006155099836178124,,2019-05-04,,0.101
8HJ9NHPH,0,0,,,,Censored No Alarm,0,0,0,0,0,1,0.001047312282025814,,2018-11-14,,0.101
8HJ9NKKH,0,0,,,,Censored No Alarm,0,0,0,0,0,1,0.002002508845180273,,2018-11-14,,0.101
8HJ9RYSH,0,0,,,,Censored No Alarm,0,0,0,0,0,1,0.0020988958422094584,,2018-11-14,,0.101
8HJ9S05H,0,0,,,,Censored No Alarm,0,0,0,0,0,1,0.0006110216490924358,,2018-11-14,,0.101
8HJ9S0EH,0,0,,,,Censored No Alarm,0,0,0,0,0,1,0.0012968600494787097,,2018-11-14,,0.101
8HJ9Y3ZH,0,0,,,,Censored No Alarm,0,0,0,0,0,1,0.000730315747205168,,2019-05-04,,0.101
8HJA085H,0,0,,,,Censored No Alarm,0,0,0,0,0,1,0.0027089572977274656,,2018-11-14,,0.101
8HJA2DPH,0,0,,,,Censored No Alarm,0,0,0,0,0,1,0.0009673974709585309,,2018-11-14,,0.101
8HJA8DBH,0,0,,,,Censored No Alarm,0,0,0,0,0,1,0.000992014305666089,,2018-11-14,,0.101
8HJBNYTH,0,0,,,,Censored No Alarm,0,0,0,0,0,1,0.09886681288480759,,2019-01-05,,0.101
8HJDK12H,0,0,,,,Censored No Alarm,0,0,0,0,0,1,0.0015806593000888824,,2018-11-14,,0.101
8HJDX4PH,0,0,,,,Censored No Alarm,0,0,0,0,0,1,0.003941055852919817,,2018-11-14,,0.101
8HJEY89H,0,0,,,,Censored No Alarm,0,0,0,0,0,1,0.0005398435168899596,,2019-03-01,,0.101
8HJG85RH,0,0,,,,Censored No Alarm,0,0,0,0,0,1,0.0007860306068323553,,2019-03-01,,0.101
8HJGZPXH,0,0,,,,Censored No Alarm,0,0,0,0,0,1,0.0013439992908388376,,2018-11-14,,0.101
8HJH62EH,0,0,,,,Censored No Alarm,0,0,0,0,0,1,0.0020837837364524603,,2018-11-14,,0.101
8HJH8RWH,0,0,,,,Censored No Alarm,0,0,0,0,0,1,0.0015883861342445016,,2019-03-01,,0.101
8HJK2HSH,0,0,,,,Censored No Alarm,0,0,0,0,0,1,0.0206283126026392,,2018-11-14,,0.101
8HJLKZRH,0,0,,,,Censored No Alarm,0,0,0,0,0,1,0.0016088478732854128,,2018-11-14,,0.101
8HJRD7PH,0,0,,,,Censored No Alarm,0,0,0,0,0,1,0.00031753419898450375,,2019-03-01,,0.101
8HJRUMWH,0,0,,,,Censored No Alarm,0,0,0,0,0,1,0.0011991725768893957,,2018-11-14,,0.101
8HJRVW4H,0,0,,,,Censored No Alarm,0,0,0,0,0,1,0.00205791974440217,,2018-11-14,,0.101
8HJUGTVH,0,0,,,,Censored No Alarm,0,0,0,0,0,1,0.04500401020050049,,2018-11-14,,0.101
8HJVJKPH,0,0,,,,Censored No Alarm,0,0,0,0,0,1,0.0027151312679052353,,2018-11-14,,0.101
8HJVUAGH,0,0,,,,Censored No Alarm,0,0,0,0,0,1,0.0035910082515329123,,2018-11-14,,0.101
8HJWBJXH,0,0,,,,Censored No Alarm,0,0,0,0,0,1,0.0019224315183237195,,2018-11-14,,0.101
8HJWHD6H,0,0,,,,Censored No Alarm,0,0,0,0,0,1,0.0015667336992919445,,2018-11-14,,0.101
8HJWHEJH,0,0,,,,Censored No Alarm,0,0,0,0,0,1,0.0008579472778365016,,2019-03-28,,0.101
8HJXG0WH,1,0,,2022-05-01,,Missed,0,0,0,0,1,0,0.004317452199757099,,2018-11-14,,0.101
8HJXKBDH,0,0,,,,Censored No Alarm,0,0,0,0,0,1,0.000598673359490931,,2019-03-01,,0.101
8HJXU87H,0,0,,,,Censored No Alarm,0,0,0,0,0,1,0.036648500710725784,,2018-11-14,,0.101
8HJY20MH,0,0,,,,Censored No Alarm,0,0,0,0,0,1,0.0021177681628614664,,2018-11-14,,0.101
8HJYTXWH,0,0,,,,Censored No Alarm,0,0,0,0,0,1,0.001353806466795504,,2018-11-14,,0.101
8HJYU0JH,0,0,,,,Censored No Alarm,0,0,0,0,0,1,0.010699883103370667,,2018-11-14,,0.101
8HJYZNZH,0,0,,,,Censored No Alarm,0,0,0,0,0,1,0.00195200159214437,,2018-11-14,,0.101
8HJZ13TH,0,0,,,,Censored No Alarm,0,0,0,0,0,1,0.0013227446470409632,,2018-11-14,,0.101
8HJZADEH,0,0,,,,Censored No Alarm,0,0,0,0,0,1,0.0018544667400419712,,2018-11-14,,0.101
8HJZEG6H,1,0,,2023-11-17,,Missed,0,0,0,0,1,0,0.09112286567687988,,2018-11-14,,0.101
8HJZG4AH,0,0,,,,Censored No Alarm,0,0,0,0,0,1,0.0013505587121471763,,2018-11-14,,0.101
8HJZNVWH,0,0,,,,Censored No Alarm,0,0,0,0,0,1,0.011635763570666313,,2018-11-14,,0.101
8HK087WH,0,0,,,,Censored No Alarm,0,0,0,0,0,1,0.055817391723394394,,2018-11-14,,0.101
8HK0HH3H,0,0,,,,Censored No Alarm,0,0,0,0,0,1,0.0003830063506029546,,2018-11-14,,0.101
8HK12NNH,0,0,,,,Censored No Alarm,0,0,0,0,0,1,0.0004970457521267235,,2018-11-14,,0.101
8HK17SKH,0,0,,,,Censored No Alarm,0,0,0,0,0,1,0.028237534686923027,,2018-11-14,,0.101
8HK17SWH,0,0,,,,Censored No Alarm,0,0,0,0,0,1,0.0014507295563817024,,2018-11-14,,0.101
8HK17SYH,0,1,2022-11-08,,,Censored Early,0,0,1,1,0,0,0.11324180662631989,0.10175886750221252,2018-11-14,1455.0,0.101
8HK19K9H,0,0,,,,Censored No Alarm,0,0,0,0,0,1,0.0012301005190238357,,2018-11-14,,0.101
8HK19KVH,0,0,,,,Censored No Alarm,0,0,0,0,0,1,0.0011586787877604365,,2018-11-14,,0.101
8HK1KY3H,0,0,,,,Censored No Alarm,0,0,0,0,0,1,0.001186927082017064,,2018-11-14,,0.101
8HK1LYPH,0,0,,,,Censored No Alarm,0,0,0,0,0,1,0.0024286415427923203,,2018-11-14,,0.101
8HK1N18H,0,0,,,,Censored No Alarm,0,0,0,0,0,1,0.0007127037388272583,,2018-11-14,,0.101
8HK1PV7H,0,0,,,,Censored No Alarm,0,0,0,0,0,1,0.0015195279847830534,,2018-11-14,,0.101
8HK1UULH,0,0,,,,Censored No Alarm,0,0,0,0,0,1,0.001979890977963805,,2018-11-14,,0.101
8HK1XAAH,1,0,,2021-10-24,,Missed,0,0,0,0,1,0,0.0007363422191701829,,2018-11-14,,0.101
8HK224GH,0,0,,,,Censored No Alarm,0,0,0,0,0,1,0.0011599785648286343,,2018-11-14,,0.101
8HK25XSH,0,0,,,,Censored No Alarm,0,0,0,0,0,1,0.00495749618858099,,2018-11-14,,0.101
8HK266WH,0,0,,,,Censored No Alarm,0,0,0,0,0,1,0.009715392254292965,,2018-11-14,,0.101
8HK28TJH,0,0,,,,Censored No Alarm,0,0,0,0,0,1,0.0030836290679872036,,2018-11-14,,0.101
8HK28Y0H,0,0,,,,Censored No Alarm,0,0,0,0,0,1,0.0014592224033549428,,2018-11-14,,0.101
8HK2A1EH,0,0,,,,Censored No Alarm,0,0,0,0,0,1,0.0014924961142241955,,2019-06-01,,0.101
8HK2BA6H,0,0,,,,Censored No Alarm,0,0,0,0,0,1,0.0013710649218410254,,2018-11-14,,0.101
8HK2BAEH,0,0,,,,Censored No Alarm,0,0,0,0,0,1,0.0010598363587632775,,2018-11-14,,0.101
8HK2DVKH,0,0,,,,Censored No Alarm,0,0,0,0,0,1,0.001062582596205175,,2018-11-14,,0.101
8HK2JXUH,0,0,,,,Censored No Alarm,0,0,0,0,0,1,0.0008068206370808184,,2019-03-28,,0.101
8HK2KY6H,0,0,,,,Censored No Alarm,0,0,0,0,0,1,0.0016238868702203035,,2018-11-14,,0.101
8HK2MXPH,0,0,,,,Censored No Alarm,0,0,0,0,0,1,0.0022751453798264265,,2018-11-14,,0.101
8HK2RMWH,0,0,,,,Censored No Alarm,0,0,0,0,0,1,0.014447865076363087,,2018-11-14,,0.101
8HK2RNWH,0,0,,,,Censored No Alarm,0,0,0,0,0,1,0.000997442752122879,,2018-11-14,,0.101
8HK2RP9H,0,0,,,,Censored No Alarm,0,0,0,0,0,1,0.0021763367112725973,,2018-11-14,,0.101
8HK2VLMH,0,0,,,,Censored No Alarm,0,0,0,0,0,1,0.0005281364428810775,,2018-11-14,,0.101
8HK2X4YH,0,0,,,,Censored No Alarm,0,0,0,0,0,1,0.0010763105237856507,,2018-11-14,,0.101
8HK2ZPDH,0,0,,,,Censored No Alarm,0,0,0,0,0,1,0.000891666451934725,,2019-05-04,,0.101
8HK2ZT1H,0,0,,,,Censored No Alarm,0,0,0,0,0,1,0.0009789038449525833,,2018-11-14,,0.101
8HK31WMH,0,0,,,,Censored No Alarm,0,0,0,0,0,1,0.0009271322633139789,,2019-05-04,,0.101
8HK31Y8H,0,0,,,,Censored No Alarm,0,0,0,0,0,1,0.0007574398186989129,,2018-11-14,,0.101
8HK341ZH,0,0,,,,Censored No Alarm,0,0,0,0,0,1,0.0048453956842422485,,2018-11-14,,0.101
8HK34EZH,0,0,,,,Censored No Alarm,0,0,0,0,0,1,0.009998464956879616,,2018-11-14,,0.101
8HK3BWZH,0,0,,,,Censored No Alarm,0,0,0,0,0,1,0.004775972571223974,,2018-11-14,,0.101
8HK3GTLH,0,0,,,,Censored No Alarm,0,0,0,0,0,1,0.0068353889510035515,,2018-11-14,,0.101
8HK3GUXH,0,0,,,,Censored No Alarm,0,0,0,0,0,1,0.0012321971589699388,,2018-11-14,,0.101
8HK3MMSH,0,0,,,,Censored No Alarm,0,0,0,0,0,1,0.0020358047913759947,,2018-11-14,,0.101
8HK3NG2H,0,0,,,,Censored No Alarm,0,0,0,0,0,1,0.01009576115757227,,2018-11-14,,0.101
8HK3NJMH,0,0,,,,Censored No Alarm,0,0,0,0,0,1,0.0012599930632859468,,2018-11-14,,0.101
8HK41HEH,0,0,,,,Censored No Alarm,0,0,0,0,0,1,0.0004006416420452297,,2018-11-14,,0.101
8HK69BMH,0,0,,,,Censored No Alarm,0,0,0,0,0,1,0.0007737420964986086,,2019-03-01,,0.101
8HK6T2AH,0,0,,,,Censored No Alarm,0,0,0,0,0,1,0.0025954884476959705,,2018-11-14,,0.101
8HK6TL7H,0,0,,,,Censored No Alarm,0,0,0,0,0,1,0.0006552215781994164,,2018-11-14,,0.101
8HK6UUDH,0,0,,,,Censored No Alarm,0,0,0,0,0,1,0.000870453251991421,,2019-03-28,,0.101
8HK6V14H,0,0,,,,Censored No Alarm,0,0,0,0,0,1,0.0028265195433050394,,2018-11-14,,0.101
8HK6VSKH,1,1,2024-02-18,2024-03-10,21.0,On time,1,0,0,0,0,0,0.33336618542671204,0.10129627585411072,2018-11-14,1922.0,0.101
8HK70X7H,0,0,,,,Censored No Alarm,0,0,0,0,0,1,0.003923813346773386,,2018-11-14,,0.101
8HK7194H,0,0,,,,Censored No Alarm,0,0,0,0,0,1,0.00877439696341753,,2018-11-14,,0.101
8HK72J0H,0,0,,,,Censored No Alarm,0,0,0,0,0,1,0.001851743902079761,,2018-11-14,,0.101
8HK7DKMH,0,0,,,,Censored No Alarm,0,0,0,0,0,1,0.0003836330433841795,,2019-03-02,,0.101
8HK7E5DH,0,0,,,,Censored No Alarm,0,0,0,0,0,1,0.001310120802372694,,2018-11-14,,0.101
8HK7E68H,0,0,,,,Censored No Alarm,0,0,0,0,0,1,0.0009159689070656896,,2018-11-14,,0.101
8HK7H58H,0,0,,,,Censored No Alarm,0,0,0,0,0,1,0.0016026810044422746,,2018-11-14,,0.101
8HK80P1H,0,0,,,,Censored No Alarm,0,0,0,0,0,1,0.032001279294490814,,2019-01-05,,0.101
8HKB2WEH,0,0,,,,Censored No Alarm,0,0,0,0,0,1,0.03653864189982414,,2019-01-05,,0.101
8HKB3M2H,0,0,,,,Censored No Alarm,0,0,0,0,0,1,0.00045433995546773076,,2019-01-05,,0.101
8HKB4R4H,0,0,,,,Censored No Alarm,0,0,0,0,0,1,0.0009212681325152516,,2019-05-04,,0.101
8HKBBKKH,0,0,,,,Censored No Alarm,0,0,0,0,0,1,0.006312623620033264,,2018-11-14,,0.101
8HKBYNVH,0,0,,,,Censored No Alarm,0,0,0,0,0,1,0.000567995011806488,,2019-05-04,,0.101
8HKE039H,0,0,,,,Censored No Alarm,0,0,0,0,0,1,0.021872922778129578,,2018-11-14,,0.101
8HKE6E1H,0,0,,,,Censored No Alarm,0,0,0,0,0,1,0.0014889047015458345,,2019-01-05,,0.101
8HKE8S7H,0,0,,,,Censored No Alarm,0,0,0,0,0,1,0.020583748817443848,,2019-01-05,,0.101
8HKEAWEH,0,0,,,,Censored No Alarm,0,0,0,0,0,1,0.0009677136549726129,,2019-06-01,,0.101
8HKEKYRH,0,0,,,,Censored No Alarm,0,0,0,0,0,1,0.0007976144552230835,,2019-06-01,,0.101
8HKG0GWH,0,0,,,,Censored No Alarm,0,0,0,0,0,1,0.0005185080808587372,,2019-01-05,,0.101
8HKHPZHH,0,0,,,,Censored No Alarm,0,0,0,0,0,1,0.0012719102669507265,,2019-06-01,,0.101
8HKJ4MAH,0,0,,,,Censored No Alarm,0,0,0,0,0,1,0.0008366776164621115,,2019-03-01,,0.101
8HKJ5KDH,1,0,,2025-06-29,,Missed,0,0,0,0,1,0,0.0009224736713804305,,2018-11-14,,0.101
8HKL6STH,0,0,,,,Censored No Alarm,0,0,0,0,0,1,0.004202341660857201,,2019-03-02,,0.101
8HKLRUSH,0,1,2026-02-16,,,Censored Early,0,0,1,1,0,0,0.22800299525260925,0.10808540880680084,2019-03-01,2544.0,0.101
8HKM415H,0,0,,,,Censored No Alarm,0,0,0,0,0,1,0.0004941675579175353,,2019-03-01,,0.101
8HKM5RVH,0,0,,,,Censored No Alarm,0,0,0,0,0,1,0.001141559798270464,,2019-03-28,,0.101
8HKM654H,0,0,,,,Censored No Alarm,0,0,0,0,0,1,0.0008139255805872381,,2019-03-28,,0.101
8HKM9Z1H,0,0,,,,Censored No Alarm,0,0,0,0,0,1,0.0005998637061566114,,2019-03-28,,0.101
8HKMR21H,1,0,,2020-09-02,,Missed,0,0,0,0,1,0,0.02245977707207203,,2019-03-28,,0.101
8HKNMW1H,0,0,,,,Censored No Alarm,0,0,0,0,0,1,0.0008592542144469917,,2019-05-04,,0.101
8HKNN28H,0,0,,,,Censored No Alarm,0,0,0,0,0,1,0.04144150763750076,,2019-06-01,,0.101
8HKPM7RH,0,0,,,,Censored No Alarm,0,0,0,0,0,1,0.00042952605872415006,,2019-03-02,,0.101
8HKPZY9H,1,1,2024-06-14,2024-08-13,60.0,Early,0,1,0,1,0,0,0.13741159439086914,0.10495059937238693,2019-03-28,1905.0,0.101
8HKRER2H,0,0,,,,Censored No Alarm,0,0,0,0,0,1,0.0037955085281282663,,2019-06-01,,0.101
8HKS4X3H,0,0,,,,Censored No Alarm,0,0,0,0,0,1,0.07816886156797409,,2019-03-02,,0.101
8HKTBA3H,1,0,,2024-09-22,,Missed,0,0,0,0,1,0,0.08298293501138687,,2019-03-01,,0.101
8HKTE54H,0,0,,,,Censored No Alarm,0,0,0,0,0,1,0.0010850385297089815,,2019-03-01,,0.101
8HKTH2SH,1,0,,2023-11-27,,Missed,0,0,0,0,1,0,0.0013588306028395891,,2019-03-01,,0.101
8HKTK0XH,0,0,,,,Censored No Alarm,0,0,0,0,0,1,0.0007042092620395124,,2019-01-05,,0.101
8HKU0DXH,0,0,,,,Censored No Alarm,0,0,0,0,0,1,0.0018954670522361994,,2019-03-01,,0.101
8HKU3YTH,1,1,2023-11-08,2024-07-13,248.0,Early,0,1,0,1,0,0,0.17734818160533905,0.10466042160987854,2019-03-01,1713.0,0.101
8HKU4WXH,0,0,,,,Censored No Alarm,0,0,0,0,0,1,0.00939664151519537,,2019-01-05,,0.101
8HKUEJHH,1,0,,2025-04-25,,Missed,0,0,0,0,1,0,0.0008737797033973038,,2019-03-28,,0.101
8HKVW60H,0,0,,,,Censored No Alarm,0,0,0,0,0,1,0.0010746476473286748,,2019-03-28,,0.101
8HKW4NPH,0,0,,,,Censored No Alarm,0,0,0,0,0,1,0.002647481160238385,,2019-06-01,,0.101
8HKWV1GH,0,0,,,,Censored No Alarm,0,0,0,0,0,1,0.00058220379287377,,2019-01-05,,0.101
8HKWXJYH,0,0,,,,Censored No Alarm,0,0,0,0,0,1,0.0010129420552402735,,2019-03-28,,0.101
8HKY0KHH,1,1,2023-10-03,2024-05-14,224.0,Early,0,1,0,1,0,0,0.5227892398834229,0.10656681656837463,2019-03-01,1677.0,0.101
8HKY66PH,0,0,,,,Censored No Alarm,0,0,0,0,0,1,0.0006792237400077283,,2019-03-01,,0.101
8HKYJ38H,0,0,,,,Censored No Alarm,0,0,0,0,0,1,0.0008344515226781368,,2019-03-28,,0.101
8HKYZ6YH,0,0,,,,Censored No Alarm,0,0,0,0,0,1,0.0006275333580560982,,2019-03-28,,0.101
8HKZ213H,0,0,,,,Censored No Alarm,0,0,0,0,0,1,0.00048730705748312175,,2019-01-05,,0.101
8HKZDBRH,0,0,,,,Censored No Alarm,0,0,0,0,0,1,0.0006212913431227207,,2019-06-01,,0.101
8HKZL75H,0,0,,,,Censored No Alarm,0,0,0,0,0,1,0.02080049365758896,,2019-05-04,,0.101
AAG0EXPH,0,0,,,,Censored No Alarm,0,0,0,0,0,1,0.00037921586772426963,,2019-01-05,,0.101
AAG0LHRH,0,0,,,,Censored No Alarm,0,0,0,0,0,1,0.0010913319420069456,,2019-01-05,,0.101
AAG121VH,0,0,,,,Censored No Alarm,0,0,0,0,0,1,0.005434796214103699,,2019-03-01,,0.101
AAG16VPH,0,0,,,,Censored No Alarm,0,0,0,0,0,1,0.0006809711339883506,,2019-01-05,,0.101
AAG18L0H,0,0,,,,Censored No Alarm,0,0,0,0,0,1,0.0008498713723383844,,2019-03-28,,0.101
AAG18MEH,0,0,,,,Censored No Alarm,0,0,0,0,0,1,0.0009683845564723015,,2019-03-01,,0.101
AAG197UH,0,0,,,,Censored No Alarm,0,0,0,0,0,1,0.0011730531696230173,,2019-06-01,,0.101
AAG1LSNH,1,0,,2025-07-30,,Missed,0,0,0,0,1,0,0.07123393565416336,,2019-01-05,,0.101
AAG1LSVH,0,0,,,,Censored No Alarm,0,0,0,0,0,1,0.004141933750361204,,2019-01-05,,0.101
AAG1LW3H,1,1,2024-07-12,2024-09-03,53.0,Early,0,1,0,1,0,0,0.1367494761943817,0.10256586968898773,2019-01-05,2015.0,0.101
AAG1PLVH,0,0,,,,Censored No Alarm,0,0,0,0,0,1,0.0008666380308568478,,2019-03-28,,0.101
AAG1PM9H,0,0,,,,Censored No Alarm,0,0,0,0,0,1,0.0007754597463645041,,2019-03-28,,0.101
AAG1RJAH,0,0,,,,Censored No Alarm,0,0,0,0,0,1,0.07220673561096191,,2019-03-28,,0.101
AAG1RK5H,0,0,,,,Censored No Alarm,0,0,0,0,0,1,0.0006048814975656569,,2019-01-05,,0.101
AAG1RR9H,0,0,,,,Censored No Alarm,0,0,0,0,0,1,0.0008592304075136781,,2019-03-28,,0.101
AAG1RUJH,0,0,,,,Censored No Alarm,0,0,0,0,0,1,0.0009783257264643908,,2019-03-28,,0.101
AAG1TGGH,0,0,,,,Censored No Alarm,0,0,0,0,0,1,0.000828998105134815,,2019-01-05,,0.101
AAG1VJYH,0,0,,,,Censored No Alarm,0,0,0,0,0,1,0.0005396815249696374,,2019-03-28,,0.101
AAG1VNPH,0,0,,,,Censored No Alarm,0,0,0,0,0,1,0.00046538139577023685,,2019-01-05,,0.101
AAG1Z4AH,0,0,,,,Censored No Alarm,0,0,0,0,0,1,0.031520016491413116,,2019-08-13,,0.101
AAG23A2H,0,0,,,,Censored No Alarm,0,0,0,0,0,1,0.08087080717086792,,2019-01-05,,0.101
AAG23AKH,0,0,,,,Censored No Alarm,0,0,0,0,0,1,0.0008385174442082644,,2019-01-05,,0.101
AAG23AVH,0,0,,,,Censored No Alarm,0,0,0,0,0,1,0.0008421081001870334,,2019-03-28,,0.101
AAG246TH,0,0,,,,Censored No Alarm,0,0,0,0,0,1,0.0010139655787497759,,2019-06-01,,0.101
AAG24UVH,0,0,,,,Censored No Alarm,0,0,0,0,0,1,0.0006889113574288785,,2019-01-05,,0.101
AAG24VXH,0,0,,,,Censored No Alarm,0,0,0,0,0,1,0.0005996887339279056,,2019-01-05,,0.101
AAG26NBH,1,0,,2023-10-19,,Missed,0,0,0,0,1,0,0.08084502816200256,,2019-03-28,,0.101
AAG26TPH,0,0,,,,Censored No Alarm,0,0,0,0,0,1,0.04314667358994484,,2019-03-28,,0.101
AAG26U9H,1,0,,2023-01-26,,Missed,0,0,0,0,1,0,0.035551559180021286,,2019-06-01,,0.101
AAG27VEH,0,0,,,,Censored No Alarm,0,0,0,0,0,1,0.0008904642309062183,,2019-03-28,,0.101
AAG27W2H,0,0,,,,Censored No Alarm,0,0,0,0,0,1,0.0005611224332824349,,2019-03-01,,0.101
AAG27XPH,1,0,,2025-10-06,,Missed,0,0,0,0,1,0,0.0012592712882906199,,2019-03-28,,0.101
AAG27ZLH,0,0,,,,Censored No Alarm,0,0,0,0,0,1,0.001218809513375163,,2019-03-28,,0.101
AAG281TH,1,0,,2024-07-25,,Missed,0,0,0,0,1,0,0.08469322323799133,,2019-01-05,,0.101
AAG2GGJH,0,0,,,,Censored No Alarm,0,0,0,0,0,1,0.0008966824971139431,,2019-06-01,,0.101
AAG2JGJH,1,0,,2026-02-10,,Missed,0,0,0,0,1,0,0.03699265420436859,,2019-06-01,,0.101
AAG2JL4H,0,0,,,,Censored No Alarm,0,0,0,0,0,1,0.000612405186984688,,2019-01-05,,0.101
AAG2RZJH,0,0,,,,Censored No Alarm,0,0,0,0,0,1,0.000612409261520952,,2019-03-28,,0.101
AAG2S62H,0,0,,,,Censored No Alarm,0,0,0,0,0,1,0.0010172587353736162,,2019-03-28,,0.101
AAG2S9YH,0,0,,,,Censored No Alarm,0,0,0,0,0,1,0.0010153759503737092,,2019-06-01,,0.101
AAG2SAYH,0,0,,,,Censored No Alarm,0,0,0,0,0,1,0.0006646138499490917,,2019-08-14,,0.101
AAG2SJ3H,0,0,,,,Censored No Alarm,0,0,0,0,0,1,0.000743403856176883,,2019-08-13,,0.101
AAG2VSVH,0,0,,,,Censored No Alarm,0,0,0,0,0,1,0.0012581078335642815,,2019-03-28,,0.101
AAG2Y6JH,0,0,,,,Censored No Alarm,0,0,0,0,0,1,0.001146920258179307,,2019-03-28,,0.101
AAG2Z67H,0,0,,,,Censored No Alarm,0,0,0,0,0,1,0.000767626625020057,,2019-06-01,,0.101
AAG2ZU1H,0,0,,,,Censored No Alarm,0,0,0,0,0,1,0.0012162894709035754,,2019-06-01,,0.101
AAG305AH,0,0,,,,Censored No Alarm,0,0,0,0,0,1,0.001203159336000681,,2019-06-01,,0.101
AAG306GH,0,0,,,,Censored No Alarm,0,0,0,0,0,1,0.011910216882824898,,2019-01-05,,0.101
AAG34Z4H,0,0,,,,Censored No Alarm,0,0,0,0,0,1,0.0007134298211894929,,2019-01-05,,0.101
AAG350BH,0,0,,,,Censored No Alarm,0,0,0,0,0,1,0.09266696125268936,,2019-03-28,,0.101
AAG350TH,0,0,,,,Censored No Alarm,0,0,0,0,0,1,0.0009937681024894118,,2019-03-28,,0.101
AAG3512H,0,0,,,,Censored No Alarm,0,0,0,0,0,1,0.0005269188550300896,,2019-03-28,,0.101
AAG352AH,0,0,,,,Censored No Alarm,0,0,0,0,0,1,0.0008971368079073727,,2019-06-01,,0.101
AAG353EH,0,0,,,,Censored No Alarm,0,0,0,0,0,1,0.0006858899723738432,,2019-01-05,,0.101
AAG35LWH,0,1,2024-09-21,,,Censored Early,0,0,1,1,0,0,0.12323898822069168,0.10906357318162918,2019-01-05,2086.0,0.101
AAG401PH,0,0,,,,Censored No Alarm,0,0,0,0,0,1,0.0008824276155792177,,2019-01-05,,0.101
AAG46YHH,0,0,,,,Censored No Alarm,0,0,0,0,0,1,0.0007193526835180819,,2019-03-28,,0.101
AAG477BH,0,0,,,,Censored No Alarm,0,0,0,0,0,1,0.0010415581054985523,,2019-01-05,,0.101
AAG478DH,0,0,,,,Censored No Alarm,0,0,0,0,0,1,0.0009540306637063622,,2019-03-28,,0.101
AAG48B3H,0,0,,,,Censored No Alarm,0,0,0,0,0,1,0.0009167721727862954,,2019-03-02,,0.101
AAG4AA9H,0,0,,,,Censored No Alarm,0,0,0,0,0,1,0.025778863579034805,,2019-03-01,,0.101
AAG4VESH,0,1,2024-04-23,,,Censored Early,0,0,1,1,0,0,0.2853713035583496,0.10612878203392029,2019-03-01,1880.0,0.101
AAG4Z4YH,0,0,,,,Censored No Alarm,0,0,0,0,0,1,0.007268556393682957,,2019-03-01,,0.101
AAG4Z52H,0,0,,,,Censored No Alarm,0,0,0,0,0,1,0.001738123595714569,,2019-03-02,,0.101
AAG4Z5AH,1,1,2024-09-11,2025-03-14,184.0,Early,0,1,0,1,0,0,0.16030460596084595,0.1116395965218544,2019-01-05,2076.0,0.101
AAG4ZABH,0,0,,,,Censored No Alarm,0,0,0,0,0,1,0.001630342216230929,,2019-03-01,,0.101
AAG51RHH,0,0,,,,Censored No Alarm,0,0,0,0,0,1,0.0007754446123726666,,2019-01-05,,0.101
AAG540GH,0,0,,,,Censored No Alarm,0,0,0,0,0,1,0.0012693655444309115,,2019-03-28,,0.101
AAG5DTTH,0,0,,,,Censored No Alarm,0,0,0,0,0,1,0.0009983283234760165,,2019-03-28,,0.101
AAG5Y4DH,0,0,,,,Censored No Alarm,0,0,0,0,0,1,0.0005075932713225484,,2019-01-05,,0.101
AAG5Y4LH,0,0,,,,Censored No Alarm,0,0,0,0,0,1,0.006383613217622042,,2019-01-05,,0.101
AAG5Y4TH,0,0,,,,Censored No Alarm,0,0,0,0,0,1,0.0005692211561836302,,2019-01-05,,0.101
AAG5Y4UH,0,0,,,,Censored No Alarm,0,0,0,0,0,1,0.0008104537264443934,,2019-01-05,,0.101
AAG5Y5UH,0,0,,,,Censored No Alarm,0,0,0,0,0,1,0.01815100945532322,,2019-01-05,,0.101
AAG5YJ4H,0,0,,,,Censored No Alarm,0,0,0,0,0,1,0.004611789248883724,,2019-03-28,,0.101
AAG5YLKH,0,0,,,,Censored No Alarm,0,0,0,0,0,1,0.005703840870410204,,2019-03-01,,0.101
AAG5YYBH,0,0,,,,Censored No Alarm,0,0,0,0,0,1,0.0007898306357674301,,2019-01-05,,0.101
AAG5YYKH,1,1,2025-07-20,2025-09-30,72.0,Early,0,1,0,1,0,0,0.12510044872760773,0.1045529916882515,2019-01-05,2388.0,0.101
AAG5YZ8H,0,0,,,,Censored No Alarm,0,0,0,0,0,1,0.0005852367030456662,,2019-03-28,,0.101
AAG5YZZH,1,0,,2025-07-30,,Missed,0,0,0,0,1,0,0.014991768635809422,,2019-03-02,,0.101
AAG613MH,0,0,,,,Censored No Alarm,0,0,0,0,0,1,0.0004499388160184026,,2019-01-05,,0.101
AAG613RH,1,0,,2025-06-06,,Missed,0,0,0,0,1,0,0.0007880529155954719,,2019-01-05,,0.101
AAG61KPH,0,0,,,,Censored No Alarm,0,0,0,0,0,1,0.00621030293405056,,2019-03-28,,0.101
AAG61LHH,1,1,2022-08-29,2024-05-17,627.0,Early,0,1,0,1,0,0,0.14578576385974884,0.10667514055967331,2019-03-01,1277.0,0.101
AAG61NEH,0,0,,,,Censored No Alarm,0,0,0,0,0,1,0.0008197032148018479,,2019-01-05,,0.101
AAG61NZH,0,0,,,,Censored No Alarm,0,0,0,0,0,1,0.04282718151807785,,2019-03-28,,0.101
AAG61P2H,0,0,,,,Censored No Alarm,0,0,0,0,0,1,0.0011990406783297658,,2019-03-01,,0.101
AAG61UMH,0,0,,,,Censored No Alarm,0,0,0,0,0,1,0.00797436572611332,,2019-01-05,,0.101
AAG61WRH,0,0,,,,Censored No Alarm,0,0,0,0,0,1,0.0005408092401921749,,2019-03-01,,0.101
AAG61Z1H,0,0,,,,Censored No Alarm,0,0,0,0,0,1,0.0006114632706157863,,2019-01-05,,0.101
AAG61ZAH,0,0,,,,Censored No Alarm,0,0,0,0,0,1,0.0014582964358851314,,2019-03-01,,0.101
AAG620PH,0,0,,,,Censored No Alarm,0,0,0,0,0,1,0.0007451138226315379,,2019-03-28,,0.101
AAG621WH,0,0,,,,Censored No Alarm,0,0,0,0,0,1,0.0006882346933707595,,2019-01-05,,0.101
AAG623DH,0,0,,,,Censored No Alarm,0,0,0,0,0,1,0.0006014230893924832,,2019-01-05,,0.101
AAG6376H,0,0,,,,Censored No Alarm,0,0,0,0,0,1,0.003887638682499528,,2019-03-28,,0.101
AAG637RH,1,0,,2022-05-21,,Missed,0,0,0,0,1,0,0.0003887946659233421,,2019-01-05,,0.101
AAG6381H,0,0,,,,Censored No Alarm,0,0,0,0,0,1,0.000453155895229429,,2019-01-05,,0.101
AAG638GH,0,0,,,,Censored No Alarm,0,0,0,0,0,1,0.000801092479377985,,2019-01-05,,0.101
AAG639BH,0,0,,,,Censored No Alarm,0,0,0,0,0,1,0.008531982079148293,,2019-01-05,,0.101
AAG63DLH,0,0,,,,Censored No Alarm,0,0,0,0,0,1,0.0018101249588653445,,2019-03-28,,0.101
AAG63JSH,0,0,,,,Censored No Alarm,0,0,0,0,0,1,0.0015029229689389467,,2019-03-02,,0.101
AAG63PJH,0,0,,,,Censored No Alarm,0,0,0,0,0,1,0.0006072312244214118,,2019-03-28,,0.101
AAG63PKH,1,1,2022-05-07,2022-05-22,15.0,On time,1,0,0,0,0,0,0.35970959067344666,0.10514447838068008,2019-03-01,1163.0,0.101
AAG63PLH,0,0,,,,Censored No Alarm,0,0,0,0,0,1,0.0009748999145813286,,2019-03-01,,0.101
AAG63RGH,0,0,,,,Censored No Alarm,0,0,0,0,0,1,0.0011363887460902333,,2019-03-01,,0.101
AAG63TMH,1,1,2024-08-09,2025-09-02,389.0,Early,0,1,0,1,0,0,0.5177851915359497,0.10587039589881897,2019-03-02,1987.0,0.101
AAG63TSH,0,0,,,,Censored No Alarm,0,0,0,0,0,1,0.02241826057434082,,2019-03-28,,0.101
AAG63V6H,0,0,,,,Censored No Alarm,0,0,0,0,0,1,0.03651702031493187,,2019-03-28,,0.101
AAG63WHH,1,0,,2025-11-30,,Missed,0,0,0,0,1,0,0.09034743905067444,,2019-01-05,,0.101
AAG63Z8H,1,1,2025-09-15,2025-09-28,13.0,On time,1,0,0,0,0,0,0.5088168978691101,0.11638200283050537,2019-03-01,2390.0,0.101
AAG6417H,1,1,2024-05-20,2024-06-06,17.0,On time,1,0,0,0,0,0,0.23972119390964508,0.10157577693462372,2019-03-01,1907.0,0.101
AAG6436H,0,0,,,,Censored No Alarm,0,0,0,0,0,1,0.0017557548126205802,,2019-06-01,,0.101
AAG64VXH,0,0,,,,Censored No Alarm,0,0,0,0,0,1,0.021475374698638916,,2019-01-05,,0.101
AAG6509H,0,0,,,,Censored No Alarm,0,0,0,0,0,1,0.0005930735496804118,,2019-03-28,,0.101
AAG67UZH,0,0,,,,Censored No Alarm,0,0,0,0,0,1,0.006082484964281321,,2019-03-28,,0.101
AAG67V3H,1,1,2024-08-03,2025-06-20,321.0,Early,0,1,0,1,0,0,0.10296935588121414,0.10296935588121414,2019-03-01,1982.0,0.101
AAG67VBH,0,0,,,,Censored No Alarm,0,0,0,0,0,1,0.008295802399516106,,2019-03-28,,0.101
AAG67W3H,0,0,,,,Censored No Alarm,0,0,0,0,0,1,0.00045137363485991955,,2019-03-01,,0.101
AAG67Z8H,0,0,,,,Censored No Alarm,0,0,0,0,0,1,0.0020015209447592497,,2019-06-01,,0.101
AAG682YH,1,1,2024-02-10,2024-07-04,145.0,Early,0,1,0,1,0,0,0.3652722239494324,0.12190989404916763,2019-03-28,1780.0,0.101
AAG683JH,0,0,,,,Censored No Alarm,0,0,0,0,0,1,0.0008968641050159931,,2019-03-01,,0.101
AAG686GH,0,0,,,,Censored No Alarm,0,0,0,0,0,1,0.0012507984647527337,,2019-03-02,,0.101
AAG6870H,0,0,,,,Censored No Alarm,0,0,0,0,0,1,0.0015203759539872408,,2019-01-05,,0.101
AAG6878H,0,0,,,,Censored No Alarm,0,0,0,0,0,1,0.0007891779532656074,,2019-01-05,,0.101
AAG687GH,0,0,,,,Censored No Alarm,0,0,0,0,0,1,0.002182976109907031,,2019-03-01,,0.101
AAG687MH,0,0,,,,Censored No Alarm,0,0,0,0,0,1,0.001214999589137733,,2019-03-28,,0.101
AAG68AGH,0,0,,,,Censored No Alarm,0,0,0,0,0,1,0.000498729816172272,,2019-06-01,,0.101
AAG68AKH,0,1,2023-05-13,,,Censored Early,0,0,1,1,0,0,0.12141356617212296,0.10490169376134872,2019-03-02,1533.0,0.101
AAG68AUH,0,0,,,,Censored No Alarm,0,0,0,0,0,1,0.0006257023778744042,,2019-01-05,,0.101
AAG68AXH,0,0,,,,Censored No Alarm,0,0,0,0,0,1,0.000877603713888675,,2019-03-28,,0.101
AAG68BRH,0,1,2025-07-23,,,Censored Early,0,0,1,1,0,0,0.15126529335975647,0.13355331122875214,2019-01-05,2391.0,0.101
AAG68EWH,1,0,,2023-04-01,,Missed,0,0,0,0,1,0,0.05066670477390289,,2019-01-05,,0.101
AAG68EXH,1,0,,2024-06-19,,Missed,0,0,0,0,1,0,0.053435858339071274,,2019-01-05,,0.101
AAG68KVH,0,0,,,,Censored No Alarm,0,0,0,0,0,1,0.0014908910961821675,,2019-01-05,,0.101
AAG691PH,0,0,,,,Censored No Alarm,0,0,0,0,0,1,0.00109361473005265,,2019-06-01,,0.101
AAG691VH,0,0,,,,Censored No Alarm,0,0,0,0,0,1,0.0433456152677536,,2019-01-05,,0.101
AAG69LHH,0,0,,,,Censored No Alarm,0,0,0,0,0,1,0.0004158248193562031,,2019-06-01,,0.101
AAG69TTH,0,0,,,,Censored No Alarm,0,0,0,0,0,1,0.0015483276220038533,,2019-03-01,,0.101
AAG69WWH,0,0,,,,Censored No Alarm,0,0,0,0,0,1,0.000567091628909111,,2019-01-05,,0.101
AAG69YWH,0,0,,,,Censored No Alarm,0,0,0,0,0,1,0.005427843891084194,,2019-03-02,,0.101
AAG6A03H,0,0,,,,Censored No Alarm,0,0,0,0,0,1,0.001422201981768012,,2019-03-02,,0.101
AAG6A07H,0,0,,,,Censored No Alarm,0,0,0,0,0,1,0.004944146610796452,,2019-03-01,,0.101
AAG6A0AH,0,0,,,,Censored No Alarm,0,0,0,0,0,1,0.001014554058201611,,2019-01-05,,0.101
AAG6AATH,0,0,,,,Censored No Alarm,0,0,0,0,0,1,0.0005421005189418793,,2019-06-01,,0.101
AAG6AV4H,0,0,,,,Censored No Alarm,0,0,0,0,0,1,0.0007688741316087544,,2019-03-01,,0.101
AAG6AWTH,1,0,,2024-07-08,,Missed,0,0,0,0,1,0,0.06944107264280319,,2019-03-28,,0.101
AAG6AX6H,0,0,,,,Censored No Alarm,0,0,0,0,0,1,0.0010010463884100318,,2019-03-28,,0.101
AAG6B4HH,0,0,,,,Censored No Alarm,0,0,0,0,0,1,0.0008583945455029607,,2019-03-28,,0.101
AAG6B5KH,0,0,,,,Censored No Alarm,0,0,0,0,0,1,0.000827646057587117,,2019-03-28,,0.101
AAG6DT9H,1,0,,2019-04-25,,Missed,0,0,0,0,1,0,0.0005011566099710763,,2019-03-01,,0.101
AAG6DVEH,0,0,,,,Censored No Alarm,0,0,0,0,0,1,0.012049022130668163,,2019-03-01,,0.101
AAG6DXTH,0,0,,,,Censored No Alarm,0,0,0,0,0,1,0.004492178559303284,,2019-01-05,,0.101
AAG6E2HH,0,0,,,,Censored No Alarm,0,0,0,0,0,1,0.0007895902381278574,,2019-03-28,,0.101
AAG6E60H,0,0,,,,Censored No Alarm,0,0,0,0,0,1,0.0009634359157644212,,2019-03-01,,0.101
AAG6E7EH,0,0,,,,Censored No Alarm,0,0,0,0,0,1,0.0007071730797179043,,2019-03-28,,0.101
AAG6E7RH,0,0,,,,Censored No Alarm,0,0,0,0,0,1,0.0016563727986067533,,2019-03-02,,0.101
AAG6ESPH,0,0,,,,Censored No Alarm,0,0,0,0,0,1,0.000501462200190872,,2019-01-05,,0.101
AAG6EVRH,0,0,,,,Censored No Alarm,0,0,0,0,0,1,0.0007666959427297115,,2019-01-05,,0.101
AAG6EX3H,0,0,,,,Censored No Alarm,0,0,0,0,0,1,0.00071902439231053,,2019-01-05,,0.101
AAG6GM1H,0,0,,,,Censored No Alarm,0,0,0,0,0,1,0.000640248937997967,,2019-03-28,,0.101
AAG6H25H,0,0,,,,Censored No Alarm,0,0,0,0,0,1,0.0013773810351267457,,2019-03-01,,0.101
AAG6HG0H,0,0,,,,Censored No Alarm,0,0,0,0,0,1,0.0009627421386539936,,2019-03-01,,0.101
AAG6HSEH,0,0,,,,Censored No Alarm,0,0,0,0,0,1,0.0004363884509075433,,2019-03-02,,0.101
AAG6HYXH,0,0,,,,Censored No Alarm,0,0,0,0,0,1,0.005358292255550623,,2019-03-02,,0.101
AAG6J1MH,0,0,,,,Censored No Alarm,0,0,0,0,0,1,0.0007518213242292404,,2019-01-05,,0.101
AAG6J1TH,1,0,,2025-10-07,,Missed,0,0,0,0,1,0,0.09155391901731491,,2019-03-01,,0.101
AAG6J2DH,1,0,,2024-01-03,,Missed,0,0,0,0,1,0,0.020909253507852554,,2019-03-28,,0.101
AAG6J2KH,1,1,2022-10-21,2023-10-19,363.0,Early,0,1,0,1,0,0,0.14712683856487274,0.10172313451766968,2019-01-05,1385.0,0.101
AAG6KJ6H,0,0,,,,Censored No Alarm,0,0,0,0,0,1,0.0016939677298069,,2019-03-28,,0.101
AAG6KJPH,0,0,,,,Censored No Alarm,0,0,0,0,0,1,0.0006644257227890193,,2019-03-28,,0.101
AAG6KTJH,0,0,,,,Censored No Alarm,0,0,0,0,0,1,0.000457247719168663,,2019-03-02,,0.101
AAG6KTRH,0,0,,,,Censored No Alarm,0,0,0,0,0,1,0.0009072207612916827,,2019-01-05,,0.101
AAG6KUAH,0,1,2025-12-06,,,Censored Early,0,0,1,1,0,0,0.332501620054245,0.10308944433927536,2019-01-05,2527.0,0.101
AAG6KUJH,0,0,,,,Censored No Alarm,0,0,0,0,0,1,0.0007820427999831736,,2019-03-01,,0.101
AAG6KV6H,1,0,,2021-11-27,,Missed,0,0,0,0,1,0,0.013777599669992924,,2019-03-01,,0.101
AAG6L88H,0,0,,,,Censored No Alarm,0,0,0,0,0,1,0.0006020728615112603,,2019-03-28,,0.101
AAG6L8VH,0,1,2026-01-11,,,Censored Early,0,0,1,1,0,0,0.11654015630483627,0.11190595477819443,2019-03-28,2481.0,0.101
AAG6LD7H,1,0,,2025-06-16,,Missed,0,0,0,0,1,0,0.024168983101844788,,2019-03-01,,0.101
AAG6LDTH,0,0,,,,Censored No Alarm,0,0,0,0,0,1,0.0009620407363399863,,2019-03-28,,0.101
AAG6LEHH,0,0,,,,Censored No Alarm,0,0,0,0,0,1,0.0010349241783842444,,2019-03-01,,0.101
AAG6LEJH,0,0,,,,Censored No Alarm,0,0,0,0,0,1,0.0008589840144850314,,2019-03-01,,0.101
AAG6LG9H,0,0,,,,Censored No Alarm,0,0,0,0,0,1,0.0007907403632998466,,2019-01-05,,0.101
AAG6LTSH,0,0,,,,Censored No Alarm,0,0,0,0,0,1,0.004666945431381464,,2019-03-01,,0.101
AAG6M3BH,0,0,,,,Censored No Alarm,0,0,0,0,0,1,0.0013615257339552045,,2019-03-02,,0.101
AAG6M8TH,0,0,,,,Censored No Alarm,0,0,0,0,0,1,0.0006235098699107766,,2019-01-05,,0.101
AAG6MABH,0,0,,,,Censored No Alarm,0,0,0,0,0,1,0.0009649042040109634,,2019-05-04,,0.101
AAG6NEEH,0,0,,,,Censored No Alarm,0,0,0,0,0,1,0.0006714749033562839,,2019-03-28,,0.101
AAG6NP0H,1,1,2024-02-04,2024-09-22,231.0,Early,0,1,0,1,0,0,0.4609392583370209,0.1044716164469719,2019-03-01,1801.0,0.101
AAG6NPRH,1,1,2026-01-17,2026-03-12,54.0,Early,0,1,0,1,0,0,0.49853989481925964,0.10129965841770172,2019-03-01,2514.0,0.101
AAG6NRBH,1,1,2024-04-22,2024-07-11,80.0,Early,0,1,0,1,0,0,0.21111580729484558,0.106664277613163,2019-03-28,1852.0,0.101
AAG6NRZH,0,0,,,,Censored No Alarm,0,0,0,0,0,1,0.0017337441677227616,,2019-03-28,,0.101
AAG6NS8H,0,1,2023-02-23,,,Censored Early,0,0,1,1,0,0,0.10267914086580276,0.10267914086580276,2019-03-28,1428.0,0.101
AAG6NSKH,0,0,,,,Censored No Alarm,0,0,0,0,0,1,0.05928764492273331,,2019-01-05,,0.101
AAG6NVKH,0,0,,,,Censored No Alarm,0,0,0,0,0,1,0.0009956150315701962,,2019-01-05,,0.101
AAG6NW3H,0,0,,,,Censored No Alarm,0,0,0,0,0,1,0.0004933660384267569,,2019-06-01,,0.101
AAG6P40H,0,0,,,,Censored No Alarm,0,0,0,0,0,1,0.0005468270974233747,,2019-01-05,,0.101
AAG6P42H,0,0,,,,Censored No Alarm,0,0,0,0,0,1,0.0005216583958826959,,2019-03-01,,0.101
AAG6P4EH,0,0,,,,Censored No Alarm,0,0,0,0,0,1,0.000625789980404079,,2019-03-28,,0.101
AAG6P9AH,0,0,,,,Censored No Alarm,0,0,0,0,0,1,0.0005077674868516624,,2019-03-01,,0.101
AAG6PWBH,0,0,,,,Censored No Alarm,0,0,0,0,0,1,0.0003356699598953128,,2019-03-02,,0.101
AAG6PY2H,0,0,,,,Censored No Alarm,0,0,0,0,0,1,0.0006232804735191166,,2019-01-05,,0.101
AAG6PYLH,0,0,,,,Censored No Alarm,0,0,0,0,0,1,0.00041816040175035596,,2019-06-01,,0.101
AAG6R0AH,0,0,,,,Censored No Alarm,0,0,0,0,0,1,0.00097854679916054,,2019-06-01,,0.101
AAG6R2RH,0,0,,,,Censored No Alarm,0,0,0,0,0,1,0.0010549824219197035,,2019-03-01,,0.101
AAG6R32H,0,0,,,,Censored No Alarm,0,0,0,0,0,1,0.003269398817792535,,2019-03-01,,0.101
AAG6R48H,0,0,,,,Censored No Alarm,0,0,0,0,0,1,0.0006853358936496079,,2019-03-28,,0.101
AAG6R8UH,0,0,,,,Censored No Alarm,0,0,0,0,0,1,0.0005885708960704505,,2019-03-28,,0.101
AAG6T4ZH,0,0,,,,Censored No Alarm,0,0,0,0,0,1,0.0015658971387892962,,2019-03-28,,0.101
AAG6T52H,1,0,,2023-06-10,,Missed,0,0,0,0,1,0,0.000663320766761899,,2019-06-01,,0.101
AAG6T55H,0,0,,,,Censored No Alarm,0,0,0,0,0,1,0.0011595124378800392,,2019-06-01,,0.101
AAG6T5JH,0,0,,,,Censored No Alarm,0,0,0,0,0,1,0.0011445214040577412,,2019-05-16,,0.101
AAG6T7LH,0,0,,,,Censored No Alarm,0,0,0,0,0,1,0.0015109365340322256,,2019-03-01,,0.101
AAG6T9NH,0,0,,,,Censored No Alarm,0,0,0,0,0,1,0.0006897880230098963,,2019-06-01,,0.101
AAG6TA8H,0,0,,,,Censored No Alarm,0,0,0,0,0,1,0.0006253994652070105,,2019-01-05,,0.101
AAG6TAHH,0,0,,,,Censored No Alarm,0,0,0,0,0,1,0.0038128739688545465,,2019-06-01,,0.101
AAG6TAKH,0,0,,,,Censored No Alarm,0,0,0,0,0,1,0.0016678934916853905,,2019-06-01,,0.101
AAG6TBBH,0,0,,,,Censored No Alarm,0,0,0,0,0,1,0.0012674641329795122,,2019-03-28,,0.101
AAG6TBJH,0,0,,,,Censored No Alarm,0,0,0,0,0,1,0.0015079531585797668,,2019-01-05,,0.101
AAG6THHH,0,0,,,,Censored No Alarm,0,0,0,0,0,1,0.0010654584039002657,,2019-06-01,,0.101
AAG6THJH,0,0,,,,Censored No Alarm,0,0,0,0,0,1,0.0009523686603643,,2019-06-01,,0.101
AAG6THLH,0,0,,,,Censored No Alarm,0,0,0,0,0,1,0.0005680274334736168,,2019-05-04,,0.101
AAG6TRKH,0,0,,,,Censored No Alarm,0,0,0,0,0,1,0.0008660379098728299,,2019-05-04,,0.101
AAG6TS8H,0,0,,,,Censored No Alarm,0,0,0,0,0,1,0.031101355329155922,,2019-06-01,,0.101
AAG6TSUH,0,0,,,,Censored No Alarm,0,0,0,0,0,1,0.0008889628807082772,,2019-03-28,,0.101
AAG6TT1H,0,0,,,,Censored No Alarm,0,0,0,0,0,1,0.0012757768854498863,,2019-05-16,,0.101
AAG6TT9H,0,0,,,,Censored No Alarm,0,0,0,0,0,1,0.0005873453337699175,,2019-03-28,,0.101
AAG6TTNH,0,0,,,,Censored No Alarm,0,0,0,0,0,1,0.0014399051433429122,,2019-01-05,,0.101
AAG6TUVH,0,0,,,,Censored No Alarm,0,0,0,0,0,1,0.0018729700241237879,,2019-06-01,,0.101
AAG6TVPH,0,0,,,,Censored No Alarm,0,0,0,0,0,1,0.0011573166120797396,,2019-03-28,,0.101
AAG6TY4H,0,0,,,,Censored No Alarm,0,0,0,0,0,1,0.005393095780164003,,2019-06-01,,0.101
AAG6U5AH,0,0,,,,Censored No Alarm,0,0,0,0,0,1,0.0011065122671425343,,2019-03-01,,0.101
AAG6UKNH,0,0,,,,Censored No Alarm,0,0,0,0,0,1,0.0005441447719931602,,2019-03-28,,0.101
AAG6UMGH,0,0,,,,Censored No Alarm,0,0,0,0,0,1,0.0007076119654811919,,2019-01-05,,0.101
AAG6UMJH,0,0,,,,Censored No Alarm,0,0,0,0,0,1,0.0007106903940439224,,2019-01-05,,0.101
AAG6UNKH,0,0,,,,Censored No Alarm,0,0,0,0,0,1,0.08624903857707977,,2019-06-01,,0.101
AAG6US4H,0,0,,,,Censored No Alarm,0,0,0,0,0,1,0.001213163137435913,,2019-03-01,,0.101
AAG6UT0H,0,0,,,,Censored No Alarm,0,0,0,0,0,1,0.0007373993867076933,,2019-06-01,,0.101
AAG6UU8H,0,0,,,,Censored No Alarm,0,0,0,0,0,1,0.03514649346470833,,2019-01-05,,0.101
AAG6UZTH,0,0,,,,Censored No Alarm,0,0,0,0,0,1,0.0011208917712792754,,2019-03-28,,0.101
AAG6V1MH,0,0,,,,Censored No Alarm,0,0,0,0,0,1,0.0021624022629112005,,2019-03-28,,0.101
AAG6V71H,0,0,,,,Censored No Alarm,0,0,0,0,0,1,0.0009282335522584617,,2019-03-01,,0.101
AAG6V7DH,0,0,,,,Censored No Alarm,0,0,0,0,0,1,0.0011134980013594031,,2019-03-01,,0.101
AAG6V7VH,0,0,,,,Censored No Alarm,0,0,0,0,0,1,0.0008537698304280639,,2019-03-01,,0.101
AAG6VHXH,0,0,,,,Censored No Alarm,0,0,0,0,0,1,0.0005383108509704471,,2019-06-01,,0.101
AAG6VJKH,0,0,,,,Censored No Alarm,0,0,0,0,0,1,0.001829127548262477,,2019-03-28,,0.101
AAG6VM8H,0,0,,,,Censored No Alarm,0,0,0,0,0,1,0.0008397054625675082,,2019-03-28,,0.101
AAG6VMBH,0,0,,,,Censored No Alarm,0,0,0,0,0,1,0.0009653703891672194,,2019-03-01,,0.101
AAG6VMGH,0,0,,,,Censored No Alarm,0,0,0,0,0,1,0.001129085198044777,,2019-03-01,,0.101
AAG6X6JH,0,0,,,,Censored No Alarm,0,0,0,0,0,1,0.0005234834970906377,,2019-03-28,,0.101
AAG6XU7H,1,1,2019-07-02,2020-05-23,326.0,Early,0,1,0,1,0,0,0.5208885669708252,0.1383005529642105,2019-05-04,59.0,0.101
AAG6XWGH,0,0,,,,Censored No Alarm,0,0,0,0,0,1,0.0005848132423125207,,2019-03-01,,0.101
AAG6XWJH,1,1,2024-07-09,2025-04-04,269.0,Early,0,1,0,1,0,0,0.1452227234840393,0.10111826658248901,2019-03-28,1930.0,0.101
AAG6XXWH,0,0,,,,Censored No Alarm,0,0,0,0,0,1,0.0008004637784324586,,2019-01-05,,0.101
AAG6XYBH,0,0,,,,Censored No Alarm,0,0,0,0,0,1,0.000874785240739584,,2019-06-01,,0.101
AAG6XYNH,0,0,,,,Censored No Alarm,0,0,0,0,0,1,0.0015924613690003753,,2019-06-01,,0.101
AAG6XZ6H,0,0,,,,Censored No Alarm,0,0,0,0,0,1,0.0005783047527074814,,2019-03-28,,0.101
AAG6XZNH,0,0,,,,Censored No Alarm,0,0,0,0,0,1,0.0007374190608970821,,2019-06-01,,0.101
AAG6Y0GH,0,0,,,,Censored No Alarm,0,0,0,0,0,1,0.00500908587127924,,2019-03-01,,0.101
AAG6Y0KH,0,0,,,,Censored No Alarm,0,0,0,0,0,1,0.0006710785673931241,,2019-01-05,,0.101
AAG6Y1BH,0,0,,,,Censored No Alarm,0,0,0,0,0,1,0.0006572804995812476,,2019-03-02,,0.101
AAG6Y3LH,0,0,,,,Censored No Alarm,0,0,0,0,0,1,0.0013051206478849053,,2019-03-28,,0.101
AAG6Y3UH,0,0,,,,Censored No Alarm,0,0,0,0,0,1,0.0009484613547101617,,2019-06-01,,0.101
AAG6Y41H,0,0,,,,Censored No Alarm,0,0,0,0,0,1,0.0005754631711170077,,2019-01-05,,0.101
AAG6Y46H,0,0,,,,Censored No Alarm,0,0,0,0,0,1,0.001017943723127246,,2019-06-01,,0.101
AAG6YZ1H,0,0,,,,Censored No Alarm,0,0,0,0,0,1,0.0008538934052921832,,2019-03-28,,0.101
AAG6YZ9H,0,0,,,,Censored No Alarm,0,0,0,0,0,1,0.0006106315995566547,,2019-01-05,,0.101
AAG6Z0DH,0,0,,,,Censored No Alarm,0,0,0,0,0,1,0.0004894048906862736,,2019-01-05,,0.101
AAG6Z17H,0,0,,,,Censored No Alarm,0,0,0,0,0,1,0.0005054597277194262,,2019-06-01,,0.101
AAG6Z1MH,0,0,,,,Censored No Alarm,0,0,0,0,0,1,0.0005813711904920638,,2019-03-01,,0.101
AAG6Z1XH,0,0,,,,Censored No Alarm,0,0,0,0,0,1,0.0004379547608550638,,2019-03-01,,0.101
AAG6Z2DH,0,0,,,,Censored No Alarm,0,0,0,0,0,1,0.0011426324490457773,,2019-03-01,,0.101
AAG6Z2RH,0,0,,,,Censored No Alarm,0,0,0,0,0,1,0.0006068386719562113,,2019-06-01,,0.101
AAG6Z42H,1,0,,2024-11-24,,Missed,0,0,0,0,1,0,0.02955881506204605,,2019-01-05,,0.101
AAG6Z4VH,0,0,,,,Censored No Alarm,0,0,0,0,0,1,0.0015022833831608295,,2019-03-01,,0.101
AAG6Z53H,0,0,,,,Censored No Alarm,0,0,0,0,0,1,0.001218983088620007,,2019-05-16,,0.101
AAG6ZJ9H,0,0,,,,Censored No Alarm,0,0,0,0,0,1,0.000574129109736532,,2019-03-01,,0.101
AAG705GH,0,0,,,,Censored No Alarm,0,0,0,0,0,1,0.0006336916703730822,,2019-03-01,,0.101
AAG7078H,0,0,,,,Censored No Alarm,0,0,0,0,0,1,0.015257180668413639,,2019-05-04,,0.101
AAG70HDH,0,0,,,,Censored No Alarm,0,0,0,0,0,1,0.001042956137098372,,2019-01-05,,0.101
AAG70JEH,0,0,,,,Censored No Alarm,0,0,0,0,0,1,0.020311012864112854,,2019-06-01,,0.101
AAG70U9H,0,0,,,,Censored No Alarm,0,0,0,0,0,1,0.005288683343678713,,2019-01-05,,0.101
AAG73ZWH,0,0,,,,Censored No Alarm,0,0,0,0,0,1,0.0010442297207191586,,2019-01-05,,0.101
AAG73ZZH,0,0,,,,Censored No Alarm,0,0,0,0,0,1,0.006998044438660145,,2019-03-28,,0.101
AAG740EH,0,0,,,,Censored No Alarm,0,0,0,0,0,1,0.0010804865742102265,,2019-01-05,,0.101
AAG740NH,0,0,,,,Censored No Alarm,0,0,0,0,0,1,0.00047704100143164396,,2019-06-01,,0.101
AAG740WH,0,0,,,,Censored No Alarm,0,0,0,0,0,1,0.00059505645185709,,2019-03-01,,0.101
AAG740YH,0,0,,,,Censored No Alarm,0,0,0,0,0,1,0.0010364791378378868,,2019-03-28,,0.101
AAG741PH,0,0,,,,Censored No Alarm,0,0,0,0,0,1,0.0007794181001372635,,2019-03-28,,0.101
AAG742EH,0,0,,,,Censored No Alarm,0,0,0,0,0,1,0.0015273294411599636,,2019-03-28,,0.101
AAG742JH,0,0,,,,Censored No Alarm,0,0,0,0,0,1,0.016558224335312843,,2019-06-01,,0.101
AAG742WH,0,0,,,,Censored No Alarm,0,0,0,0,0,1,0.0009942993056029081,,2019-01-05,,0.101
AAG7431H,0,0,,,,Censored No Alarm,0,0,0,0,0,1,0.0004526818811427802,,2019-01-05,,0.101
AAG743EH,0,0,,,,Censored No Alarm,0,0,0,0,0,1,0.0009750652243383229,,2019-06-01,,0.101
AAG743UH,0,0,,,,Censored No Alarm,0,0,0,0,0,1,0.001225711079314351,,2019-01-05,,0.101
AAG743VH,0,0,,,,Censored No Alarm,0,0,0,0,0,1,0.00864390004426241,,2019-01-05,,0.101
AAG7454H,0,0,,,,Censored No Alarm,0,0,0,0,0,1,0.0006699181394651532,,2019-03-28,,0.101
AAG74DKH,0,0,,,,Censored No Alarm,0,0,0,0,0,1,0.0005880909156985581,,2019-05-04,,0.101
AAG74EAH,1,1,2022-03-01,2025-07-27,1244.0,Early,0,1,0,1,0,0,0.5203093886375427,0.11202481389045715,2019-05-04,1032.0,0.101
AAG74EBH,0,0,,,,Censored No Alarm,0,0,0,0,0,1,0.001231588190421462,,2019-03-28,,0.101
AAG74EYH,0,0,,,,Censored No Alarm,0,0,0,0,0,1,0.0010791914537549019,,2019-06-01,,0.101
AAG74EZH,0,0,,,,Censored No Alarm,0,0,0,0,0,1,0.0005130668869242072,,2019-06-01,,0.101
AAG74VHH,0,0,,,,Censored No Alarm,0,0,0,0,0,1,0.0015397502575069666,,2019-03-01,,0.101
AAG74WRH,0,0,,,,Censored No Alarm,0,0,0,0,0,1,0.0012450229842215776,,2019-06-01,,0.101
AAG76HYH,1,1,2021-08-28,2021-09-29,32.0,Early,0,1,0,1,0,0,0.5199123024940491,0.10522866994142532,2019-03-02,910.0,0.101
AAG77A5H,0,0,,,,Censored No Alarm,0,0,0,0,0,1,0.0004315354162827134,,2019-06-01,,0.101
AAG799NH,0,0,,,,Censored No Alarm,0,0,0,0,0,1,0.00033771127345971763,,2019-03-02,,0.101
AAG79B0H,0,0,,,,Censored No Alarm,0,0,0,0,0,1,0.0008968513575382531,,2019-03-28,,0.101
AAG7A8EH,0,0,,,,Censored No Alarm,0,0,0,0,0,1,0.0009617108153179288,,2019-06-01,,0.101
AAG7A9KH,0,0,,,,Censored No Alarm,0,0,0,0,0,1,0.0007527414127252996,,2019-01-05,,0.101
AAG7ADMH,0,0,,,,Censored No Alarm,0,0,0,0,0,1,0.0011916374787688255,,2019-05-16,,0.101
AAG7AGWH,0,0,,,,Censored No Alarm,0,0,0,0,0,1,0.0007249957416206598,,2019-05-04,,0.101
AAG7AHMH,0,0,,,,Censored No Alarm,0,0,0,0,0,1,0.00041306004277430475,,2019-06-01,,0.101
AAG7BP3H,0,0,,,,Censored No Alarm,0,0,0,0,0,1,0.0009672905434854329,,2019-06-01,,0.101
AAG7BPKH,0,0,,,,Censored No Alarm,0,0,0,0,0,1,0.0006843960145488381,,2019-06-01,,0.101
AAG7BRGH,0,0,,,,Censored No Alarm,0,0,0,0,0,1,0.0006849901401437819,,2019-01-05,,0.101
AAG7BS8H,0,0,,,,Censored No Alarm,0,0,0,0,0,1,0.0007342894095927477,,2019-03-01,,0.101
AAG7BWAH,0,0,,,,Censored No Alarm,0,0,0,0,0,1,0.0006379009573720396,,2019-03-28,,0.101
AAG7D1SH,0,0,,,,Censored No Alarm,0,0,0,0,0,1,0.0015766016440466046,,2019-06-01,,0.101
AAG7D29H,0,0,,,,Censored No Alarm,0,0,0,0,0,1,0.0011290900874882936,,2019-03-28,,0.101
AAG7D2PH,0,0,,,,Censored No Alarm,0,0,0,0,0,1,0.0004367877554614097,,2019-06-01,,0.101
AAG7D48H,0,0,,,,Censored No Alarm,0,0,0,0,0,1,0.0011221973691135645,,2019-06-01,,0.101
AAG7D4DH,0,0,,,,Censored No Alarm,0,0,0,0,0,1,0.0012698807986453176,,2019-03-01,,0.101
AAG7D85H,0,0,,,,Censored No Alarm,0,0,0,0,0,1,0.03543626144528389,,2019-06-01,,0.101
AAG7DPYH,0,0,,,,Censored No Alarm,0,0,0,0,0,1,0.004964421037584543,,2019-03-01,,0.101
AAG7DRDH,0,0,,,,Censored No Alarm,0,0,0,0,0,1,0.0004085606196895242,,2019-03-01,,0.101
AAG7DS9H,0,0,,,,Censored No Alarm,0,0,0,0,0,1,0.016416648402810097,,2019-03-01,,0.101
AAG7DW0H,0,0,,,,Censored No Alarm,0,0,0,0,0,1,0.0008874150807969272,,2019-05-04,,0.101
AAG7E1MH,0,0,,,,Censored No Alarm,0,0,0,0,0,1,0.000976631767116487,,2019-03-01,,0.101
AAG7E1PH,0,0,,,,Censored No Alarm,0,0,0,0,0,1,0.0006425020983442664,,2019-01-05,,0.101
AAG7E2HH,0,0,,,,Censored No Alarm,0,0,0,0,0,1,0.0004347019421402365,,2019-03-02,,0.101
AAG7LG4H,0,0,,,,Censored No Alarm,0,0,0,0,0,1,0.0010665353620424867,,2019-03-01,,0.101
AAG7LG7H,0,0,,,,Censored No Alarm,0,0,0,0,0,1,0.0012616303283721209,,2019-05-16,,0.101
AAG7LHYH,0,0,,,,Censored No Alarm,0,0,0,0,0,1,0.001060662092640996,,2019-03-28,,0.101
AAG7LNAH,0,0,,,,Censored No Alarm,0,0,0,0,0,1,0.0005100748385302722,,2019-06-01,,0.101
AAG7LSWH,0,0,,,,Censored No Alarm,0,0,0,0,0,1,0.0006369271432049572,,2019-01-05,,0.101
AAG7LTHH,1,0,,2024-07-29,,Missed,0,0,0,0,1,0,0.09475555270910263,,2019-03-28,,0.101
AAG7LZEH,0,0,,,,Censored No Alarm,0,0,0,0,0,1,0.0010886510135605931,,2019-03-02,,0.101
AAG7M25H,0,0,,,,Censored No Alarm,0,0,0,0,0,1,0.0010471416171640158,,2019-06-01,,0.101
AAG7M3NH,0,0,,,,Censored No Alarm,0,0,0,0,0,1,0.0012046139454469085,,2019-06-01,,0.101
AAG7M3TH,0,0,,,,Censored No Alarm,0,0,0,0,0,1,0.00124957668595016,,2019-03-28,,0.101
AAG7MMDH,0,0,,,,Censored No Alarm,0,0,0,0,0,1,0.0011896707583218813,,2019-05-16,,0.101
AAG7MP8H,0,0,,,,Censored No Alarm,0,0,0,0,0,1,0.0007187732844613492,,2019-06-01,,0.101
AAG7MULH,1,1,2026-02-13,2026-03-13,28.0,On time,1,0,0,0,0,0,0.4950728714466095,0.40571150183677673,2019-03-02,2540.0,0.101
AAG7MUNH,0,0,,,,Censored No Alarm,0,0,0,0,0,1,0.020020846277475357,,2019-06-01,,0.101
AAG7MVMH,0,0,,,,Censored No Alarm,0,0,0,0,0,1,0.0006204876699484885,,2019-03-02,,0.101
AAG7N3ZH,0,0,,,,Censored No Alarm,0,0,0,0,0,1,0.0008428028668276966,,2019-03-28,,0.101
AAG7N5WH,0,0,,,,Censored No Alarm,0,0,0,0,0,1,0.0011353857116773725,,2019-03-28,,0.101
AAG7N62H,0,0,,,,Censored No Alarm,0,0,0,0,0,1,0.0004990603192709386,,2019-06-01,,0.101
AAG7N63H,0,0,,,,Censored No Alarm,0,0,0,0,0,1,0.0006059887818992138,,2019-03-28,,0.101
AAG7N6MH,0,0,,,,Censored No Alarm,0,0,0,0,0,1,0.0009750057361088693,,2019-05-04,,0.101
AAG7PPHH,1,0,,2025-10-28,,Missed,0,0,0,0,1,0,0.01914341188967228,,2019-03-02,,0.101
AAG7R02H,0,0,,,,Censored No Alarm,0,0,0,0,0,1,0.0034858202561736107,,2019-06-01,,0.101
AAG7R5VH,0,0,,,,Censored No Alarm,0,0,0,0,0,1,0.0005082822171971202,,2019-06-01,,0.101
AAG7R93H,0,0,,,,Censored No Alarm,0,0,0,0,0,1,0.0013296289835125208,,2019-06-01,,0.101
AAG7RA1H,0,0,,,,Censored No Alarm,0,0,0,0,0,1,0.0010600968962535262,,2019-01-05,,0.101
AAG7RAMH,0,0,,,,Censored No Alarm,0,0,0,0,0,1,0.006133992224931717,,2019-03-02,,0.101
AAG7RBDH,0,0,,,,Censored No Alarm,0,0,0,0,0,1,0.0008854605839587748,,2019-05-04,,0.101
AAG90D8H,0,0,,,,Censored No Alarm,0,0,0,0,0,1,0.000717062153853476,,2019-05-04,,0.101
AAG9VK6H,0,0,,,,Censored No Alarm,0,0,0,0,0,1,0.0008567908662371337,,2019-03-02,,0.101
AAGA4YNH,0,0,,,,Censored No Alarm,0,0,0,0,0,1,0.0009736615465953946,,2019-06-01,,0.101
AAGA7W1H,1,0,,2023-04-11,,Missed,0,0,0,0,1,0,0.08772924542427063,,2019-03-01,,0.101
AAGA9E3H,0,0,,,,Censored No Alarm,0,0,0,0,0,1,0.000862382585182786,,2019-05-04,,0.101
AAGH3VWH,0,0,,,,Censored No Alarm,0,0,0,0,0,1,0.003555248025804758,,2019-05-27,,0.101
AAGMU4TH,0,0,,,,Censored No Alarm,0,0,0,0,0,1,0.0008812887244857848,,2019-05-04,,0.101
AAGN9D2H,1,0,,2023-09-17,,Missed,0,0,0,0,1,0,0.0006372376810759306,,2019-05-04,,0.101
AAGP62KH,0,0,,,,Censored No Alarm,0,0,0,0,0,1,0.002021550899371505,,2019-06-01,,0.101
AAGUS87H,0,0,,,,Censored No Alarm,0,0,0,0,0,1,0.0014628098579123616,,2019-08-14,,0.101
AAGVX4UH,0,0,,,,Censored No Alarm,0,0,0,0,0,1,0.00043694875785149634,,2019-05-04,,0.101
AAGWTB0H,0,0,,,,Censored No Alarm,0,0,0,0,0,1,0.08066169172525406,,2019-06-01,,0.101
AAGXDBZH,0,1,2023-08-07,,,Censored Early,0,0,1,1,0,0,0.37572699785232544,0.12915050983428955,2019-05-16,1544.0,0.101
AAGXLP2H,0,0,,,,Censored No Alarm,0,0,0,0,0,1,0.0013090257998555899,,2019-06-01,,0.101
AAGXMJSH,0,0,,,,Censored No Alarm,0,0,0,0,0,1,0.0008078538812696934,,2019-05-04,,0.101
AAGXU8YH,0,0,,,,Censored No Alarm,0,0,0,0,0,1,0.0011548084439709783,,2019-05-16,,0.101
AAGXUBRH,0,0,,,,Censored No Alarm,0,0,0,0,0,1,0.0008675373392179608,,2019-05-04,,0.101
AAGXV97H,0,0,,,,Censored No Alarm,0,0,0,0,0,1,0.0013663234421983361,,2024-03-13,,0.101
AAGXW8VH,0,0,,,,Censored No Alarm,0,0,0,0,0,1,0.0023862181697040796,,2019-08-14,,0.101
AAGXWUWH,0,0,,,,Censored No Alarm,0,0,0,0,0,1,0.0007885255035944283,,2019-05-04,,0.101
AAGXY3MH,1,0,,2025-04-09,,Missed,0,0,0,0,1,0,0.0160978976637125,,2019-05-16,,0.101
AAH22T7H,0,0,,,,Censored No Alarm,0,0,0,0,0,1,0.07533387839794159,,2019-05-04,,0.101
AAH4NTGH,0,0,,,,Censored No Alarm,0,0,0,0,0,1,0.0008354540332220495,,2019-05-04,,0.101
AAH6DU2H,0,1,2024-11-29,,,Censored Early,0,0,1,1,0,0,0.17395861446857452,0.11606060713529587,2019-08-14,1934.0,0.101
AAH78SAH,0,0,,,,Censored No Alarm,0,0,0,0,0,1,0.0006858037086203694,,2019-05-04,,0.101
AAH7HJSH,0,0,,,,Censored No Alarm,0,0,0,0,0,1,0.0007092012092471123,,2019-05-04,,0.101
AAH7HKHH,0,0,,,,Censored No Alarm,0,0,0,0,0,1,0.0020040981471538544,,2019-05-04,,0.101
AAH7HNDH,0,0,,,,Censored No Alarm,0,0,0,0,0,1,0.000784431176725775,,2019-05-04,,0.101
AAH7X19H,0,0,,,,Censored No Alarm,0,0,0,0,0,1,0.0006781985284760594,,2019-05-04,,0.101
AAH86SEH,0,0,,,,Censored No Alarm,0,0,0,0,0,1,0.0006697923527099192,,2019-05-04,,0.101
AAH8BLDH,0,0,,,,Censored No Alarm,0,0,0,0,0,1,0.0019629753660410643,,2019-05-04,,0.101
AAH8HPVH,0,0,,,,Censored No Alarm,0,0,0,0,0,1,0.07302220165729523,,2019-05-04,,0.101
AAH8LPUH,0,0,,,,Censored No Alarm,0,0,0,0,0,1,0.0009417034452781081,,2019-05-04,,0.101
AAH8P7WH,0,0,,,,Censored No Alarm,0,0,0,0,0,1,0.0005647112848237157,,2019-05-27,,0.101
AAH8R0LH,0,0,,,,Censored No Alarm,0,0,0,0,0,1,0.0007922020158730447,,2019-05-04,,0.101
AAH8RG4H,0,0,,,,Censored No Alarm,0,0,0,0,0,1,0.00087775505380705,,2019-05-04,,0.101
AAH8V76H,0,0,,,,Censored No Alarm,0,0,0,0,0,1,0.0006507836515083909,,2019-05-04,,0.101
AAH8V7KH,0,0,,,,Censored No Alarm,0,0,0,0,0,1,0.0006907978095114231,,2019-05-04,,0.101
AAH90NAH,1,0,,2023-04-19,,Missed,0,0,0,0,1,0,0.03960258886218071,,2019-05-04,,0.101
AAH919BH,0,0,,,,Censored No Alarm,0,0,0,0,0,1,0.0007753529935143888,,2019-05-04,,0.101
AAH9285H,0,0,,,,Censored No Alarm,0,0,0,0,0,1,0.0006805565790273249,,2019-05-04,,0.101
AAH92GHH,0,0,,,,Censored No Alarm,0,0,0,0,0,1,0.000779244233854115,,2019-05-04,,0.101
AAH92HRH,0,0,,,,Censored No Alarm,0,0,0,0,0,1,0.000667152984533459,,2019-05-04,,0.101
AAH92JGH,0,0,,,,Censored No Alarm,0,0,0,0,0,1,0.004912277217954397,,2019-05-04,,0.101
AAH92V3H,0,0,,,,Censored No Alarm,0,0,0,0,0,1,0.0005360854556784034,,2019-05-04,,0.101
AAH9301H,1,1,2023-12-23,2023-12-23,0.0,On time,1,0,0,0,0,0,0.10379274934530258,0.10379274934530258,2019-05-04,1694.0,0.101
AAH9305H,0,0,,,,Censored No Alarm,0,0,0,0,0,1,0.0020297658629715443,,2019-05-04,,0.101
AAH9307H,1,0,,2023-04-09,,Missed,0,0,0,0,1,0,0.0008314090082421899,,2019-05-04,,0.101
AAH93MDH,0,0,,,,Censored No Alarm,0,0,0,0,0,1,0.06507192552089691,,2019-05-04,,0.101
AAH93RZH,0,0,,,,Censored No Alarm,0,0,0,0,0,1,0.0008876920328475535,,2019-05-04,,0.101
AAH953TH,0,0,,,,Censored No Alarm,0,0,0,0,0,1,0.0007679591653868556,,2019-05-04,,0.101
AAH9618H,0,0,,,,Censored No Alarm,0,0,0,0,0,1,0.001054997555911541,,2019-05-04,,0.101
AAH9689H,0,0,,,,Censored No Alarm,0,0,0,0,0,1,0.0004306465561967343,,2019-05-04,,0.101
AAH96AUH,0,0,,,,Censored No Alarm,0,0,0,0,0,1,0.01790759712457657,,2019-05-04,,0.101
AAH97BZH,0,1,2025-06-25,,,Censored Early,0,0,1,1,0,0,0.21754540503025055,0.10185976326465607,2019-05-04,2244.0,0.101
AAH99PNH,0,0,,,,Censored No Alarm,0,0,0,0,0,1,0.0005650720559060574,,2019-05-04,,0.101
AAH9BERH,0,0,,,,Censored No Alarm,0,0,0,0,0,1,0.0006281748646870255,,2019-05-04,,0.101
AAHAS1MH,0,0,,,,Censored No Alarm,0,0,0,0,0,1,0.0007723438902758062,,2019-05-27,,0.101
AAHAS9TH,0,0,,,,Censored No Alarm,0,0,0,0,0,1,0.0008248345111496747,,2019-05-27,,0.101
AAHB6YXH,0,0,,,,Censored No Alarm,0,0,0,0,0,1,0.0007007862441241741,,2019-05-27,,0.101
AAHB8Z9H,0,0,,,,Censored No Alarm,0,0,0,0,0,1,0.0009142669150605798,,2019-05-27,,0.101
AAHBKUHH,0,0,,,,Censored No Alarm,0,0,0,0,0,1,0.0008764555095694959,,2019-05-27,,0.101
AAHD7S9H,0,0,,,,Censored No Alarm,0,0,0,0,0,1,0.000873045704793185,,2019-05-19,,0.101
AAHDJD5H,0,0,,,,Censored No Alarm,0,0,0,0,0,1,0.0016298022819682956,,2019-05-27,,0.101
AAHDJDSH,0,0,,,,Censored No Alarm,0,0,0,0,0,1,0.0004353121330495924,,2019-05-27,,0.101
AAHDJH3H,0,0,,,,Censored No Alarm,0,0,0,0,0,1,0.00045858885277993977,,2019-05-27,,0.101
AAHDUS5H,0,0,,,,Censored No Alarm,0,0,0,0,0,1,0.0006448931526392698,,2019-05-27,,0.101
AAHDUT6H,0,0,,,,Censored No Alarm,0,0,0,0,0,1,0.0007836908334866166,,2019-05-27,,0.101
AAHDYR0H,0,0,,,,Censored No Alarm,0,0,0,0,0,1,0.0006738577503710985,,2019-05-27,,0.101
AAHE23AH,0,0,,,,Censored No Alarm,0,0,0,0,0,1,0.0003086839569732547,,2019-05-27,,0.101
AAHE4SAH,0,0,,,,Censored No Alarm,0,0,0,0,0,1,0.0005068366299383342,,2019-05-27,,0.101
AAHEAGWH,0,0,,,,Censored No Alarm,0,0,0,0,0,1,0.0018133663106709719,,2019-05-27,,0.101
AAHEAHLH,0,0,,,,Censored No Alarm,0,0,0,0,0,1,0.0005144054302945733,,2019-05-27,,0.101
AAHED32H,0,0,,,,Censored No Alarm,0,0,0,0,0,1,0.0006089998641982675,,2019-05-27,,0.101
AAHED3GH,0,0,,,,Censored No Alarm,0,0,0,0,0,1,0.03249363601207733,,2019-05-27,,0.101
AAHED8NH,0,0,,,,Censored No Alarm,0,0,0,0,0,1,0.000389569322578609,,2019-05-27,,0.101
AAHED98H,0,0,,,,Censored No Alarm,0,0,0,0,0,1,0.0007500415667891502,,2019-05-27,,0.101
AAHEEVKH,0,0,,,,Censored No Alarm,0,0,0,0,0,1,0.0005852514877915382,,2019-05-27,,0.101
AAHEHEEH,0,0,,,,Censored No Alarm,0,0,0,0,0,1,0.0003920156159438193,,2019-05-27,,0.101
AAHEHHMH,0,0,,,,Censored No Alarm,0,0,0,0,0,1,0.000385609338991344,,2019-05-27,,0.101
AAHEHJ0H,0,0,,,,Censored No Alarm,0,0,0,0,0,1,0.0009570851689204574,,2019-06-01,,0.101
AAHEHJ1H,0,0,,,,Censored No Alarm,0,0,0,0,0,1,0.00035621970891952515,,2019-05-27,,0.101
AAHEHL5H,0,0,,,,Censored No Alarm,0,0,0,0,0,1,0.0012905120383948088,,2019-05-27,,0.101
AAHEHP8H,0,0,,,,Censored No Alarm,0,0,0,0,0,1,0.0017452252795919776,,2019-05-27,,0.101
AAHEHRSH,0,0,,,,Censored No Alarm,0,0,0,0,0,1,0.0006208355189301074,,2019-05-27,,0.101
AAHEHS0H,0,0,,,,Censored No Alarm,0,0,0,0,0,1,0.00044920388609170914,,2019-05-27,,0.101
AAHEHTDH,0,0,,,,Censored No Alarm,0,0,0,0,0,1,0.0007325951009988785,,2019-05-27,,0.101
AAHEHTNH,0,0,,,,Censored No Alarm,0,0,0,0,0,1,0.0006456092232838273,,2019-05-27,,0.101
AAHEHTPH,0,0,,,,Censored No Alarm,0,0,0,0,0,1,0.0005441803368739784,,2019-05-27,,0.101
AAHEHVUH,0,0,,,,Censored No Alarm,0,0,0,0,0,1,0.0037982335779815912,,2019-05-27,,0.101
AAHEHY7H,0,0,,,,Censored No Alarm,0,0,0,0,0,1,0.0003874666872434318,,2019-05-27,,0.101
AAHEHZ2H,0,0,,,,Censored No Alarm,0,0,0,0,0,1,0.0005820442456752062,,2019-05-27,,0.101
AAHEHZPH,0,0,,,,Censored No Alarm,0,0,0,0,0,1,0.0006194636807776988,,2019-05-27,,0.101
AAHEHZXH,0,0,,,,Censored No Alarm,0,0,0,0,0,1,0.0010894497390836477,,2019-05-27,,0.101
AAHEJ43H,0,0,,,,Censored No Alarm,0,0,0,0,0,1,0.0005344798555597663,,2019-05-27,,0.101
AAHEJ4KH,0,0,,,,Censored No Alarm,0,0,0,0,0,1,0.0005566817708313465,,2019-05-27,,0.101
AAHEJ76H,0,0,,,,Censored No Alarm,0,0,0,0,0,1,0.0005815316108055413,,2019-05-27,,0.101
AAHEJDXH,0,0,,,,Censored No Alarm,0,0,0,0,0,1,0.0028109271079301834,,2019-05-27,,0.101
AAHEJE4H,0,0,,,,Censored No Alarm,0,0,0,0,0,1,0.0008898616069927812,,2019-05-27,,0.101
AAHEJHKH,0,0,,,,Censored No Alarm,0,0,0,0,0,1,0.0004749520740006119,,2019-05-27,,0.101
AAHGYKJH,1,0,,2024-07-24,,Missed,0,0,0,0,1,0,0.018412265926599503,,2019-08-13,,0.101
AAHH59AH,0,0,,,,Censored No Alarm,0,0,0,0,0,1,0.0014630160294473171,,2019-08-14,,0.101
AAHHAXAH,0,0,,,,Censored No Alarm,0,0,0,0,0,1,0.0005896140937693417,,2019-08-13,,0.101
AAHHXJ2H,0,0,,,,Censored No Alarm,0,0,0,0,0,1,0.0017248432850465178,,2019-08-13,,0.101
AAHJG5XH,0,0,,,,Censored No Alarm,0,0,0,0,0,1,0.0024477955885231495,,2019-08-14,,0.101
AAHJP8BH,0,0,,,,Censored No Alarm,0,0,0,0,0,1,0.02487928606569767,,2019-06-01,,0.101
AAHK5PUH,0,0,,,,Censored No Alarm,0,0,0,0,0,1,0.030887164175510406,,2019-06-01,,0.101
AAHK8NRH,0,0,,,,Censored No Alarm,0,0,0,0,0,1,0.0017572991782799363,,2019-08-13,,0.101
AAHKERJH,1,0,,2026-01-13,,Missed,0,0,0,0,1,0,0.06661190092563629,,2019-08-13,,0.101
AAHKKR8H,0,0,,,,Censored No Alarm,0,0,0,0,0,1,0.0021098945289850235,,2019-08-14,,0.101
AAHKLDKH,0,0,,,,Censored No Alarm,0,0,0,0,0,1,0.001247161766514182,,2019-06-01,,0.101
AAHKM55H,1,0,,2025-03-25,,Missed,0,0,0,0,1,0,0.07409121096134186,,2019-08-14,,0.101
AAHKMW2H,1,0,,2022-01-12,,Missed,0,0,0,0,1,0,0.0005302087520249188,,2019-06-01,,0.101
AAHKS17H,1,0,,2025-07-07,,Missed,0,0,0,0,1,0,0.05929696559906006,,2019-06-01,,0.101
AAHKWLAH,0,1,2025-04-11,,,Censored Early,0,0,1,1,0,0,0.4772820472717285,0.1011575236916542,2019-08-14,2067.0,0.101
AAHKX43H,1,0,,2019-11-25,,Missed,0,0,0,0,1,0,0.024254128336906433,,2019-08-14,,0.101
AAHKXKYH,0,0,,,,Censored No Alarm,0,0,0,0,0,1,0.04054535552859306,,2019-08-13,,0.101
AAHKXLYH,0,0,,,,Censored No Alarm,0,0,0,0,0,1,0.001352185383439064,,2019-08-14,,0.101
AAHKXNHH,0,0,,,,Censored No Alarm,0,0,0,0,0,1,0.021632391959428787,,2019-08-14,,0.101
AAHKXZ7H,0,0,,,,Censored No Alarm,0,0,0,0,0,1,0.0005802952218800783,,2019-08-14,,0.101
AAHKYETH,0,0,,,,Censored No Alarm,0,0,0,0,0,1,0.0012493993854150176,,2019-05-16,,0.101
AAHL0PKH,0,0,,,,Censored No Alarm,0,0,0,0,0,1,0.0014528684550896287,,2019-08-13,,0.101
AAHL0TLH,0,0,,,,Censored No Alarm,0,0,0,0,0,1,0.015178938396275043,,2019-06-01,,0.101
AAHL4K8H,0,0,,,,Censored No Alarm,0,0,0,0,0,1,0.0020001858938485384,,2019-05-16,,0.101
AAHL5LRH,1,0,,2024-09-01,,Missed,0,0,0,0,1,0,0.09594989567995071,,2019-08-13,,0.101
AAHL9A9H,0,0,,,,Censored No Alarm,0,0,0,0,0,1,0.031249046325683594,,2019-08-13,,0.101
AAHL9XJH,0,0,,,,Censored No Alarm,0,0,0,0,0,1,0.02705165185034275,,2019-08-14,,0.101
AAHL9XLH,0,0,,,,Censored No Alarm,0,0,0,0,0,1,0.0020422651432454586,,2019-08-14,,0.101
AAHL9Y3H,0,0,,,,Censored No Alarm,0,0,0,0,0,1,0.0009804448345676064,,2019-08-14,,0.101
AAHL9YAH,0,0,,,,Censored No Alarm,0,0,0,0,0,1,0.0005786117981187999,,2019-08-14,,0.101
AAHL9ZYH,0,0,,,,Censored No Alarm,0,0,0,0,0,1,0.0011585508473217487,,2019-08-14,,0.101
AAHLBTZH,1,1,2025-05-13,2025-07-26,74.0,Early,0,1,0,1,0,0,0.2838297486305237,0.101677305996418,2019-08-14,2099.0,0.101
AAHLBWGH,1,1,2025-08-19,2025-08-30,11.0,On time,1,0,0,0,0,0,0.47287315130233765,0.13360808789730072,2019-08-14,2197.0,0.101
AAHLBWSH,1,0,,2023-12-11,,Missed,0,0,0,0,1,0,0.0783705934882164,,2019-08-13,,0.101
AAHLBXVH,0,0,,,,Censored No Alarm,0,0,0,0,0,1,0.023848477751016617,,2019-08-14,,0.101
AAHLD3UH,1,0,,2025-03-11,,Missed,0,0,0,0,1,0,0.0778362900018692,,2019-08-13,,0.101
AAHLS5JH,0,0,,,,Censored No Alarm,0,0,0,0,0,1,0.0014149501221254468,,2019-05-16,,0.101
AAHLS7ZH,0,0,,,,Censored No Alarm,0,0,0,0,0,1,0.0006195250316523015,,2019-05-16,,0.101
AAHLS8YH,0,0,,,,Censored No Alarm,0,0,0,0,0,1,0.016648607328534126,,2019-05-16,,0.101
AAHLS9UH,0,0,,,,Censored No Alarm,0,0,0,0,0,1,0.0009181235800497234,,2019-05-16,,0.101
AAHLV30H,0,0,,,,Censored No Alarm,0,0,0,0,0,1,0.0005997064872644842,,2019-05-16,,0.101
AAHLV40H,1,0,,2019-08-05,,Missed,0,0,0,0,1,0,0.008831617422401905,,2019-05-16,,0.101
AAHLV47H,0,0,,,,Censored No Alarm,0,0,0,0,0,1,0.0009286954300478101,,2019-05-16,,0.101
AAHLVTVH,0,0,,,,Censored No Alarm,0,0,0,0,0,1,0.0009970037499442697,,2019-05-27,,0.101
AAHLWE3H,0,0,,,,Censored No Alarm,0,0,0,0,0,1,0.0006163418292999268,,2019-05-27,,0.101
AAHLWKXH,0,0,,,,Censored No Alarm,0,0,0,0,0,1,0.0007585868588648736,,2019-05-16,,0.101
AAHLWM3H,0,0,,,,Censored No Alarm,0,0,0,0,0,1,0.0012234679888933897,,2019-05-27,,0.101
AAHLXJ1H,0,0,,,,Censored No Alarm,0,0,0,0,0,1,0.006802916061133146,,2019-05-04,,0.101
AAHLXJ9H,0,0,,,,Censored No Alarm,0,0,0,0,0,1,0.0007602724363096058,,2019-05-04,,0.101
AAHLXL5H,0,0,,,,Censored No Alarm,0,0,0,0,0,1,0.002064688829705119,,2019-08-13,,0.101
AAHLXTXH,0,0,,,,Censored No Alarm,0,0,0,0,0,1,0.031169459223747253,,2019-05-16,,0.101
AAHLY01H,0,0,,,,Censored No Alarm,0,0,0,0,0,1,0.00039487515459768474,,2019-05-27,,0.101
AAHLY04H,0,0,,,,Censored No Alarm,0,0,0,0,0,1,0.0007771237869746983,,2019-05-04,,0.101
AAHLY2TH,0,0,,,,Censored No Alarm,0,0,0,0,0,1,0.0009641654323786497,,2019-05-27,,0.101
AAHLY31H,1,1,2024-05-14,2025-07-25,437.0,Early,0,1,0,1,0,0,0.13329298794269562,0.10196825116872787,2019-08-13,1736.0,0.101
AAHLYJRH,0,0,,,,Censored No Alarm,0,0,0,0,0,1,0.0009469371871091425,,2019-05-27,,0.101
AAHLYY6H,0,0,,,,Censored No Alarm,0,0,0,0,0,1,0.0012447615154087543,,2019-05-16,,0.101
AAHM227H,0,0,,,,Censored No Alarm,0,0,0,0,0,1,0.004242630675435066,,2019-08-13,,0.101
AAHM4E6H,0,0,,,,Censored No Alarm,0,0,0,0,0,1,0.0004890395211987197,,2019-05-27,,0.101
AAHM4HSH,0,0,,,,Censored No Alarm,0,0,0,0,0,1,0.0007674298831261694,,2019-05-04,,0.101
AAHM4KJH,0,0,,,,Censored No Alarm,0,0,0,0,0,1,0.0013241481501609087,,2019-08-13,,0.101
AAHM4S6H,0,0,,,,Censored No Alarm,0,0,0,0,0,1,0.0006765691214241087,,2019-05-04,,0.101
AAHM4S8H,0,0,,,,Censored No Alarm,0,0,0,0,0,1,0.0007681699935346842,,2019-05-04,,0.101
AAHM4SSH,0,0,,,,Censored No Alarm,0,0,0,0,0,1,0.001013358123600483,,2019-05-04,,0.101
AAHM4T2H,0,0,,,,Censored No Alarm,0,0,0,0,0,1,0.0007752904784865677,,2019-05-04,,0.101
AAHM4T6H,0,0,,,,Censored No Alarm,0,0,0,0,0,1,0.0008169825305230916,,2019-08-13,,0.101
AAHM4TRH,0,0,,,,Censored No Alarm,0,0,0,0,0,1,0.0006585766677744687,,2019-08-13,,0.101
AAHM4UYH,0,0,,,,Censored No Alarm,0,0,0,0,0,1,0.0007755994447506964,,2019-05-04,,0.101
AAHM4WBH,0,0,,,,Censored No Alarm,0,0,0,0,0,1,0.000614446762483567,,2019-05-16,,0.101
AAHM4WEH,0,0,,,,Censored No Alarm,0,0,0,0,0,1,0.000781007984187454,,2019-05-04,,0.101
AAHM4XGH,0,0,,,,Censored No Alarm,0,0,0,0,0,1,0.0016780043952167034,,2019-08-14,,0.101
AAHM5Z4H,0,0,,,,Censored No Alarm,0,0,0,0,0,1,0.0007595251081511378,,2019-05-04,,0.101
AAHM5Z9H,0,0,,,,Censored No Alarm,0,0,0,0,0,1,0.0021166871301829815,,2019-05-04,,0.101
AAHM5ZHH,0,0,,,,Censored No Alarm,0,0,0,0,0,1,0.0005716991727240384,,2019-05-04,,0.101
AAHMD6GH,0,0,,,,Censored No Alarm,0,0,0,0,0,1,0.0007077495683915913,,2019-05-04,,0.101
AAHME7KH,0,0,,,,Censored No Alarm,0,0,0,0,0,1,0.0035307100042700768,,2019-05-16,,0.101
AAHMGV8H,0,0,,,,Censored No Alarm,0,0,0,0,0,1,0.0006095942226238549,,2019-05-27,,0.101
AAHMH4LH,0,0,,,,Censored No Alarm,0,0,0,0,0,1,0.0005535051459446549,,2019-05-04,,0.101
AAHML65H,0,0,,,,Censored No Alarm,0,0,0,0,0,1,0.0013596402714028955,,2019-05-16,,0.101
AAHMN38H,0,0,,,,Censored No Alarm,0,0,0,0,0,1,0.00125647964887321,,2019-05-16,,0.101
AAHMR03H,1,1,2025-11-16,2025-11-26,10.0,On time,1,0,0,0,0,0,0.2238527536392212,0.10697100311517715,2019-05-16,2376.0,0.101
AAHMR2ZH,1,0,,2024-01-31,,Missed,0,0,0,0,1,0,0.0013102556113153696,,2019-05-16,,0.101
AAHMSNRH,0,0,,,,Censored No Alarm,0,0,0,0,0,1,0.0011865755077451468,,2019-05-16,,0.101
AAHMUYLH,0,0,,,,Censored No Alarm,0,0,0,0,0,1,0.0017692086985334754,,2019-05-16,,0.101
AAHMW6RH,0,0,,,,Censored No Alarm,0,0,0,0,0,1,0.0012338138185441494,,2019-05-16,,0.101
AAHMW7NH,0,0,,,,Censored No Alarm,0,0,0,0,0,1,0.001089017023332417,,2019-05-16,,0.101
