serial_number,has_failed,alarm_triggered,first_alarm_date,actual_failure_date,days_to_failure_at_alarm,category,is_hit,is_fp_early,is_fp_cens,is_false_alarm,is_miss,is_correct_rejection,max_predicted_score,alarm_predicted_score,first_seen_date,days_since_observed,threshold_used
2AG61PSY,0,0,,,,Censored No Alarm,0,0,0,0,0,1,0.0020437866915017366,,2019-05-27,,0.09
2AG8AVRY,0,0,,,,Censored No Alarm,0,0,0,0,0,1,0.001998570282012224,,2019-08-14,,0.09
2AGEGU7Y,0,0,,,,Censored No Alarm,0,0,0,0,0,1,0.002274559810757637,,2019-05-27,,0.09
2AGEU1JY,0,1,2025-05-21,,,Censored Early,0,0,1,1,0,0,0.13798928260803223,0.11199258267879486,2019-06-01,2181.0,0.09
2AGG48NY,0,0,,,,Censored No Alarm,0,0,0,0,0,1,0.0005090031772851944,,2019-05-27,,0.09
2AGG7H1Y,0,0,,,,Censored No Alarm,0,0,0,0,0,1,0.0012784438440576196,,2019-05-27,,0.09
2AGGHGJY,1,0,,2024-11-19,,Missed,0,0,0,0,1,0,0.07154913991689682,,2019-05-16,,0.09
2AGGHLEY,0,0,,,,Censored No Alarm,0,0,0,0,0,1,0.0018626598175615072,,2019-06-01,,0.09
2AGGHM0Y,0,0,,,,Censored No Alarm,0,0,0,0,0,1,0.0012784438440576196,,2019-05-27,,0.09
2AGGHMUY,0,0,,,,Censored No Alarm,0,0,0,0,0,1,0.0008378959028050303,,2019-05-16,,0.09
2AGGHR1Y,0,0,,,,Censored No Alarm,0,0,0,0,0,1,0.0061369347386062145,,2019-05-27,,0.09
2AGGHR7Y,0,0,,,,Censored No Alarm,0,0,0,0,0,1,0.0007161491084843874,,2019-05-27,,0.09
2AGGL0UY,1,0,,2022-02-27,,Missed,0,0,0,0,1,0,0.04111889377236366,,2019-05-27,,0.09
2AGGR3NY,0,0,,,,Censored No Alarm,0,0,0,0,0,1,0.032330065965652466,,2019-05-27,,0.09
2AGGZNJY,0,0,,,,Censored No Alarm,0,0,0,0,0,1,0.0024890112690627575,,2019-05-27,,0.09
2AGH31BY,1,0,,2023-11-01,,Missed,0,0,0,0,1,0,0.03585829585790634,,2019-05-27,,0.09
2AGH31PY,1,0,,2024-11-18,,Missed,0,0,0,0,1,0,0.04430572688579559,,2019-05-27,,0.09
2AGH33SY,1,1,2025-02-23,2025-05-08,74.0,Early,0,1,0,1,0,0,0.18142762780189514,0.09246714413166046,2019-05-27,2099.0,0.09
2AGH34HY,0,0,,,,Censored No Alarm,0,0,0,0,0,1,0.04210522770881653,,2019-05-27,,0.09
2AGH34PY,0,0,,,,Censored No Alarm,0,0,0,0,0,1,0.0015583912609145045,,2019-05-27,,0.09
2AGH35GY,0,0,,,,Censored No Alarm,0,0,0,0,0,1,0.0013936675386503339,,2019-05-27,,0.09
2AGHB9XY,1,0,,2024-12-02,,Missed,0,0,0,0,1,0,0.022566623985767365,,2019-05-27,,0.09
2AGHDYHY,0,0,,,,Censored No Alarm,0,0,0,0,0,1,0.002894440433010459,,2019-05-27,,0.09
2AGHEP9Y,1,0,,2024-07-26,,Missed,0,0,0,0,1,0,0.02416861429810524,,2019-05-27,,0.09
2AGHGR1Y,0,0,,,,Censored No Alarm,0,0,0,0,0,1,0.0020848577842116356,,2019-05-27,,0.09
2AGHGRLY,0,0,,,,Censored No Alarm,0,0,0,0,0,1,0.0006161691853776574,,2019-05-27,,0.09
2AGHGRRY,0,0,,,,Censored No Alarm,0,0,0,0,0,1,0.0019886086229234934,,2019-05-27,,0.09
2AGHJD4Y,0,1,2025-07-22,,,Censored Early,0,0,1,1,0,0,0.33147746324539185,0.09221892803907394,2019-06-01,2243.0,0.09
2AGHK55Y,0,0,,,,Censored No Alarm,0,0,0,0,0,1,0.0007758518331684172,,2019-05-27,,0.09
2AGHK8MY,0,0,,,,Censored No Alarm,0,0,0,0,0,1,0.0011484661372378469,,2019-05-27,,0.09
2AGHLEUY,1,0,,2023-11-06,,Missed,0,0,0,0,1,0,0.024570880457758904,,2019-05-27,,0.09
2AGHLGTY,1,1,2025-03-01,2025-08-05,157.0,Early,0,1,0,1,0,0,0.13118226826190948,0.10938546061515808,2019-05-27,2105.0,0.09
2AGHLKHY,0,0,,,,Censored No Alarm,0,0,0,0,0,1,0.002283452544361353,,2019-05-27,,0.09
2AGHLMXY,0,0,,,,Censored No Alarm,0,0,0,0,0,1,0.0032307810615748167,,2019-05-27,,0.09
2AGHLN0Y,0,0,,,,Censored No Alarm,0,0,0,0,0,1,0.0012784438440576196,,2019-05-27,,0.09
2AGHMUTY,0,0,,,,Censored No Alarm,0,0,0,0,0,1,0.0006355248624458909,,2019-05-27,,0.09
2AGHMUYY,0,0,,,,Censored No Alarm,0,0,0,0,0,1,0.004125178791582584,,2019-06-01,,0.09
2AGHMW5Y,0,0,,,,Censored No Alarm,0,0,0,0,0,1,0.03605809435248375,,2019-05-27,,0.09
2AGHMXGY,1,0,,2023-05-14,,Missed,0,0,0,0,1,0,0.015050848945975304,,2019-05-27,,0.09
2AGHMYTY,0,0,,,,Censored No Alarm,0,0,0,0,0,1,0.03959694877266884,,2019-05-27,,0.09
2AGHMZMY,0,0,,,,Censored No Alarm,0,0,0,0,0,1,0.0009243340464308858,,2019-05-27,,0.09
2AGHN0TY,1,1,2020-07-26,2020-10-22,88.0,Early,0,1,0,1,0,0,0.4797532260417938,0.09906438738107681,2019-05-27,426.0,0.09
2AGHN0WY,0,0,,,,Censored No Alarm,0,0,0,0,0,1,0.0028669731691479683,,2019-05-27,,0.09
2AGHN16Y,0,0,,,,Censored No Alarm,0,0,0,0,0,1,0.0041597820818424225,,2019-05-27,,0.09
2AGHN2AY,0,0,,,,Censored No Alarm,0,0,0,0,0,1,0.0006332476623356342,,2019-05-27,,0.09
2AGHN3XY,0,0,,,,Censored No Alarm,0,0,0,0,0,1,0.0023718499578535557,,2019-05-27,,0.09
2AGHPDKY,0,0,,,,Censored No Alarm,0,0,0,0,0,1,0.001702568493783474,,2019-05-27,,0.09
2AGHSJ4Y,0,0,,,,Censored No Alarm,0,0,0,0,0,1,0.000741128227673471,,2019-05-27,,0.09
2AGHSS9Y,0,0,,,,Censored No Alarm,0,0,0,0,0,1,0.0026549198664724827,,2019-05-27,,0.09
2AGHTBYY,1,1,2023-09-16,2025-01-25,497.0,Early,0,1,0,1,0,0,0.44324246048927307,0.09463825076818466,2019-05-27,1573.0,0.09
2AGHTGEY,1,1,2023-02-02,2023-03-14,40.0,Early,0,1,0,1,0,0,0.1444951742887497,0.09193409234285355,2019-05-27,1347.0,0.09
2AGHTKBY,0,0,,,,Censored No Alarm,0,0,0,0,0,1,0.01626744493842125,,2019-05-27,,0.09
2AGLY65Y,1,0,,2023-11-20,,Missed,0,0,0,0,1,0,0.013521146960556507,,2019-08-13,,0.09
2AGM231Y,0,0,,,,Censored No Alarm,0,0,0,0,0,1,0.0009993421845138073,,2019-05-04,,0.09
2AGM23NY,0,0,,,,Censored No Alarm,0,0,0,0,0,1,0.001094867242500186,,2019-05-04,,0.09
2AGM5UVY,0,0,,,,Censored No Alarm,0,0,0,0,0,1,0.0714435800909996,,2019-05-16,,0.09
2AGM5V7Y,1,1,2024-12-23,2025-12-05,347.0,Early,0,1,0,1,0,0,0.2283252626657486,0.13965784013271332,2019-05-16,2048.0,0.09
2AGM5VBY,0,0,,,,Censored No Alarm,0,0,0,0,0,1,0.0643652081489563,,2019-05-16,,0.09
2AGM5VHY,1,0,,2025-01-18,,Missed,0,0,0,0,1,0,0.0008735449519008398,,2019-08-14,,0.09
2AGM5W9Y,1,0,,2025-01-16,,Missed,0,0,0,0,1,0,0.01932351477444172,,2019-05-16,,0.09
2AGM5YEY,0,0,,,,Censored No Alarm,0,0,0,0,0,1,0.007987004704773426,,2019-05-04,,0.09
2AGM8EMY,1,0,,2024-10-29,,Missed,0,0,0,0,1,0,0.048985838890075684,,2019-05-16,,0.09
2AGM8EUY,0,0,,,,Censored No Alarm,0,0,0,0,0,1,0.002213474828749895,,2019-05-27,,0.09
2AGM8J2Y,0,0,,,,Censored No Alarm,0,0,0,0,0,1,0.0006246744887903333,,2019-05-16,,0.09
2AGM8JAY,0,0,,,,Censored No Alarm,0,0,0,0,0,1,0.0008764579542912543,,2019-05-16,,0.09
2AGM8LNY,0,1,2024-10-25,,,Censored Early,0,0,1,1,0,0,0.12537537515163422,0.09289766103029251,2019-05-04,2001.0,0.09
2AGM8RJY,0,0,,,,Censored No Alarm,0,0,0,0,0,1,0.013684417121112347,,2019-08-13,,0.09
2AGM8RTY,0,0,,,,Censored No Alarm,0,0,0,0,0,1,0.03167140856385231,,2019-05-16,,0.09
2AGM8UNY,1,1,2025-10-20,2026-03-12,143.0,Early,0,1,0,1,0,0,0.43149909377098083,0.09563940763473511,2019-08-13,2260.0,0.09
2AGM8V7Y,0,0,,,,Censored No Alarm,0,0,0,0,0,1,0.0005759191699326038,,2019-05-16,,0.09
2AGM9MXY,1,0,,2025-09-21,,Missed,0,0,0,0,1,0,0.028901878744363785,,2019-05-04,,0.09
2AGM9PJY,0,0,,,,Censored No Alarm,0,0,0,0,0,1,0.07408643513917923,,2019-05-04,,0.09
2AGM9RGY,1,0,,2022-12-23,,Missed,0,0,0,0,1,0,0.00039115481195040047,,2019-05-16,,0.09
2AGM9S6Y,0,0,,,,Censored No Alarm,0,0,0,0,0,1,0.0035036932677030563,,2019-05-16,,0.09
2AGM9SDY,0,0,,,,Censored No Alarm,0,0,0,0,0,1,0.0005119769484736025,,2019-05-04,,0.09
2AGM9U1Y,0,0,,,,Censored No Alarm,0,0,0,0,0,1,0.0003262951213400811,,2019-05-16,,0.09
2AGMDJKY,0,0,,,,Censored No Alarm,0,0,0,0,0,1,0.0010489198612049222,,2019-05-04,,0.09
2AGMDUAY,1,0,,2023-02-04,,Missed,0,0,0,0,1,0,0.007786969654262066,,2019-05-16,,0.09
2AGMDY1Y,0,0,,,,Censored No Alarm,0,0,0,0,0,1,0.011567491106688976,,2019-08-14,,0.09
2AGME0XY,1,1,2024-01-18,2024-05-29,132.0,Early,0,1,0,1,0,0,0.14430417120456696,0.10634580254554749,2019-05-16,1708.0,0.09
2AGME3BY,0,0,,,,Censored No Alarm,0,0,0,0,0,1,0.002599404426291585,,2019-05-16,,0.09
2AGME9PY,1,0,,2024-08-06,,Missed,0,0,0,0,1,0,0.04063015431165695,,2019-08-13,,0.09
2AGMGAYY,0,0,,,,Censored No Alarm,0,0,0,0,0,1,0.000976002193056047,,2019-05-16,,0.09
2AGMGDPY,0,0,,,,Censored No Alarm,0,0,0,0,0,1,0.004903892986476421,,2019-08-13,,0.09
2AGMGKLY,0,0,,,,Censored No Alarm,0,0,0,0,0,1,0.0010253897635266185,,2019-08-13,,0.09
2AGMGXEY,0,0,,,,Censored No Alarm,0,0,0,0,0,1,0.0014952614437788725,,2019-08-14,,0.09
2AGMH2YY,1,0,,2024-12-10,,Missed,0,0,0,0,1,0,0.04792974144220352,,2019-05-16,,0.09
2AGMH3JY,0,0,,,,Censored No Alarm,0,0,0,0,0,1,0.0005370797589421272,,2019-05-16,,0.09
2AGMHK6Y,0,0,,,,Censored No Alarm,0,0,0,0,0,1,0.006492777727544308,,2019-05-04,,0.09
2AGMHPEY,1,0,,2024-06-25,,Missed,0,0,0,0,1,0,0.021427825093269348,,2019-06-01,,0.09
2AGMHRYY,1,1,2024-03-21,2024-05-16,56.0,Early,0,1,0,1,0,0,0.09449607878923416,0.09081745147705078,2019-05-16,1771.0,0.09
2AGMHTLY,0,0,,,,Censored No Alarm,0,0,0,0,0,1,0.000810273049864918,,2019-05-04,,0.09
2AGMHU7Y,1,0,,2024-07-08,,Missed,0,0,0,0,1,0,0.009610041975975037,,2019-05-04,,0.09
2AGMHVTY,0,0,,,,Censored No Alarm,0,0,0,0,0,1,0.0007167684379965067,,2019-05-16,,0.09
2AGMHWAY,1,1,2023-09-17,2023-09-22,5.0,On time,1,0,0,0,0,0,0.1352587193250656,0.10043828189373016,2019-08-14,1495.0,0.09
2AGMHXDY,1,1,2025-06-02,2025-06-02,0.0,On time,1,0,0,0,0,0,0.09675140678882599,0.09675140678882599,2019-08-13,2120.0,0.09
2AGMHY3Y,1,0,,2025-11-18,,Missed,0,0,0,0,1,0,0.014007934369146824,,2019-08-14,,0.09
2AGMHY5Y,0,0,,,,Censored No Alarm,0,0,0,0,0,1,0.002321629086509347,,2019-08-13,,0.09
2AGMJ35Y,0,0,,,,Censored No Alarm,0,0,0,0,0,1,0.0010000707115978003,,2019-05-04,,0.09
2AGMJ3JY,0,0,,,,Censored No Alarm,0,0,0,0,0,1,0.0010812897235155106,,2019-05-16,,0.09
2AGMJ3TY,0,0,,,,Censored No Alarm,0,0,0,0,0,1,0.0015011623036116362,,2019-08-14,,0.09
2AGMJ47Y,0,0,,,,Censored No Alarm,0,0,0,0,0,1,0.001461672829464078,,2019-06-01,,0.09
2AGMJ5BY,1,0,,2021-05-03,,Missed,0,0,0,0,1,0,0.0002939747937489301,,2019-05-04,,0.09
2AGMKV4Y,1,1,2026-01-05,2026-01-28,23.0,On time,1,0,0,0,0,0,0.4788822829723358,0.09758669883012772,2019-05-04,2438.0,0.09
2AGMKVHY,1,0,,2023-05-06,,Missed,0,0,0,0,1,0,0.05978722125291824,,2019-08-13,,0.09
2AGMKVTY,1,0,,2024-12-04,,Missed,0,0,0,0,1,0,0.05406186357140541,,2019-08-14,,0.09
2AGMLMLY,0,0,,,,Censored No Alarm,0,0,0,0,0,1,0.06977753341197968,,2019-08-14,,0.09
2AGMLSZY,1,1,2020-07-17,2020-07-30,13.0,On time,1,0,0,0,0,0,0.487149715423584,0.09336196631193161,2019-05-16,428.0,0.09
2AGMLT7Y,0,0,,,,Censored No Alarm,0,0,0,0,0,1,0.011271891184151173,,2019-05-16,,0.09
2AGMLWNY,0,0,,,,Censored No Alarm,0,0,0,0,0,1,0.03246721625328064,,2019-08-14,,0.09
2AGMLZLY,1,1,2026-02-11,2026-02-11,0.0,On time,1,0,0,0,0,0,0.1769561469554901,0.1769561469554901,2019-05-16,2463.0,0.09
2AGMM0UY,0,0,,,,Censored No Alarm,0,0,0,0,0,1,0.08202825486660004,,2019-05-16,,0.09
2AGMMNKY,0,0,,,,Censored No Alarm,0,0,0,0,0,1,0.015675151720643044,,2019-06-01,,0.09
2AGMMU1Y,0,0,,,,Censored No Alarm,0,0,0,0,0,1,0.0007355606066994369,,2019-05-16,,0.09
2AGMMU4Y,0,0,,,,Censored No Alarm,0,0,0,0,0,1,0.0018455267418175936,,2019-08-14,,0.09
2AGMNB7Y,1,0,,2023-03-30,,Missed,0,0,0,0,1,0,0.08098428696393967,,2019-05-16,,0.09
2AGMNBEY,0,0,,,,Censored No Alarm,0,0,0,0,0,1,0.0007861931808292866,,2019-05-16,,0.09
2AGMND4Y,1,1,2025-10-11,2025-10-27,16.0,On time,1,0,0,0,0,0,0.4755699634552002,0.12203525751829147,2019-05-04,2352.0,0.09
2AGMNE1Y,1,1,2025-07-04,2025-11-26,145.0,Early,0,1,0,1,0,0,0.4819565415382385,0.11769042164087296,2019-05-16,2241.0,0.09
2AGMNEBY,1,1,2022-08-01,2024-08-05,735.0,Early,0,1,0,1,0,0,0.19751644134521484,0.09384606778621674,2019-05-04,1185.0,0.09
2AGMNG0Y,0,1,2024-05-11,,,Censored Early,0,0,1,1,0,0,0.09006001055240631,0.09006001055240631,2019-05-16,1822.0,0.09
2AGMNJKY,1,1,2024-01-26,2025-09-29,612.0,Early,0,1,0,1,0,0,0.2913537323474884,0.0939411148428917,2019-05-16,1716.0,0.09
2AGMNM8Y,0,0,,,,Censored No Alarm,0,0,0,0,0,1,0.0373455174267292,,2019-08-14,,0.09
2AGMNMWY,1,0,,2023-05-10,,Missed,0,0,0,0,1,0,0.04133157804608345,,2019-05-16,,0.09
2AGMNTXY,0,0,,,,Censored No Alarm,0,0,0,0,0,1,0.0007473325240425766,,2019-05-16,,0.09
2AGMNUVY,0,0,,,,Censored No Alarm,0,0,0,0,0,1,0.000529579701833427,,2019-05-04,,0.09
2AGMNWBY,0,0,,,,Censored No Alarm,0,0,0,0,0,1,0.0010582210961729288,,2019-08-13,,0.09
2AGMNXRY,0,0,,,,Censored No Alarm,0,0,0,0,0,1,0.03990626335144043,,2019-08-13,,0.09
2AGMP7ZY,0,0,,,,Censored No Alarm,0,0,0,0,0,1,0.0024030415806919336,,2019-08-14,,0.09
2AGMPBWY,0,0,,,,Censored No Alarm,0,0,0,0,0,1,0.02833276055753231,,2019-05-16,,0.09
2AGMPD8Y,1,0,,2023-11-21,,Missed,0,0,0,0,1,0,0.0010091656586155295,,2019-08-13,,0.09
2AGMPK3Y,0,0,,,,Censored No Alarm,0,0,0,0,0,1,0.013427597470581532,,2019-05-04,,0.09
2AGMPL7Y,1,0,,2025-02-27,,Missed,0,0,0,0,1,0,0.0704009011387825,,2019-05-16,,0.09
2AGMPP1Y,0,0,,,,Censored No Alarm,0,0,0,0,0,1,0.0018776640063151717,,2019-05-16,,0.09
2AGMPP4Y,1,1,2025-03-29,2025-09-23,178.0,Early,0,1,0,1,0,0,0.4661176800727844,0.09091106057167053,2019-05-16,2144.0,0.09
2AGMPPGY,0,0,,,,Censored No Alarm,0,0,0,0,0,1,0.0006006096955388784,,2019-05-16,,0.09
2AGMPSSY,0,0,,,,Censored No Alarm,0,0,0,0,0,1,0.0008608974167145789,,2019-05-16,,0.09
2AGMPT2Y,0,0,,,,Censored No Alarm,0,0,0,0,0,1,0.000648530840408057,,2019-05-16,,0.09
2AGMPZ8Y,0,0,,,,Censored No Alarm,0,0,0,0,0,1,0.0014383107190951705,,2019-08-14,,0.09
2AGMS6PY,0,0,,,,Censored No Alarm,0,0,0,0,0,1,0.001002055942080915,,2019-08-14,,0.09
2AGMSHHY,1,0,,2022-08-12,,Missed,0,0,0,0,1,0,9.27509754546918e-05,,2019-05-04,,0.09
2AGMTK0Y,1,1,2025-08-30,2025-08-30,0.0,On time,1,0,0,0,0,0,0.46744680404663086,0.46744680404663086,2019-05-16,2298.0,0.09
2AGMTL0Y,1,0,,2023-04-17,,Missed,0,0,0,0,1,0,0.00033355943742208183,,2019-05-04,,0.09
2AGMTXAY,0,0,,,,Censored No Alarm,0,0,0,0,0,1,0.0017150798812508583,,2019-08-13,,0.09
2AGMUBMY,0,0,,,,Censored No Alarm,0,0,0,0,0,1,0.0017721435287967324,,2019-06-01,,0.09
2AGMUBRY,1,0,,2024-08-04,,Missed,0,0,0,0,1,0,0.005232928320765495,,2019-08-13,,0.09
2AGMV9UY,0,0,,,,Censored No Alarm,0,0,0,0,0,1,0.0014377956977114081,,2019-08-13,,0.09
2AGMVDDY,0,0,,,,Censored No Alarm,0,0,0,0,0,1,0.0005151132354512811,,2019-05-16,,0.09
2AGMWHVY,1,0,,2024-07-19,,Missed,0,0,0,0,1,0,0.05178202688694,,2019-05-16,,0.09
2AGMZLMY,1,0,,2023-05-16,,Missed,0,0,0,0,1,0,0.06937368959188461,,2019-08-13,,0.09
2AGN038Y,0,0,,,,Censored No Alarm,0,0,0,0,0,1,0.0008560001151636243,,2019-08-13,,0.09
2AGN03MY,0,0,,,,Censored No Alarm,0,0,0,0,0,1,0.0022013664711266756,,2019-08-13,,0.09
2AGN05MY,0,0,,,,Censored No Alarm,0,0,0,0,0,1,0.0023213319946080446,,2019-08-13,,0.09
2AGN071Y,0,0,,,,Censored No Alarm,0,0,0,0,0,1,0.0026697777211666107,,2019-08-13,,0.09
2AGN07AY,0,0,,,,Censored No Alarm,0,0,0,0,0,1,0.0036901698913425207,,2019-08-14,,0.09
2AGN17RY,0,0,,,,Censored No Alarm,0,0,0,0,0,1,0.0009943176992237568,,2019-08-13,,0.09
2AGN1YNY,0,0,,,,Censored No Alarm,0,0,0,0,0,1,0.0022930519189685583,,2019-08-14,,0.09
2AGN29AY,0,0,,,,Censored No Alarm,0,0,0,0,0,1,0.0013489093398675323,,2019-08-14,,0.09
2AGN43EY,0,0,,,,Censored No Alarm,0,0,0,0,0,1,0.058317553251981735,,2019-08-13,,0.09
2AGN5A3Y,0,0,,,,Censored No Alarm,0,0,0,0,0,1,0.0012531463289633393,,2019-06-01,,0.09
2AGN7GZY,0,0,,,,Censored No Alarm,0,0,0,0,0,1,0.001062883879058063,,2019-08-13,,0.09
2AGN7XVY,0,0,,,,Censored No Alarm,0,0,0,0,0,1,0.041245900094509125,,2019-08-14,,0.09
2AGN7XYY,0,0,,,,Censored No Alarm,0,0,0,0,0,1,0.016532937064766884,,2019-05-27,,0.09
2AGN853Y,0,0,,,,Censored No Alarm,0,0,0,0,0,1,0.001375988475047052,,2019-08-14,,0.09
2AGN8H9Y,0,0,,,,Censored No Alarm,0,0,0,0,0,1,0.0014646427007392049,,2019-08-14,,0.09
2AGN8Y9Y,0,0,,,,Censored No Alarm,0,0,0,0,0,1,0.008869640529155731,,2019-08-13,,0.09
2AGN8ZGY,0,0,,,,Censored No Alarm,0,0,0,0,0,1,0.006769148167222738,,2019-06-01,,0.09
2AGN90RY,1,0,,2023-12-07,,Missed,0,0,0,0,1,0,0.049215421080589294,,2019-08-14,,0.09
2AGN9N4Y,1,1,2025-01-26,2025-03-06,39.0,Early,0,1,0,1,0,0,0.1367059201002121,0.09791523218154907,2019-08-13,1993.0,0.09
2AGNAK7Y,0,0,,,,Censored No Alarm,0,0,0,0,0,1,0.0015039429999887943,,2019-08-14,,0.09
2AGNAKGY,0,0,,,,Censored No Alarm,0,0,0,0,0,1,0.0023713638074696064,,2019-08-14,,0.09
2AGNAYKY,0,0,,,,Censored No Alarm,0,0,0,0,0,1,0.0019464236684143543,,2019-08-13,,0.09
2AGNBWPY,0,0,,,,Censored No Alarm,0,0,0,0,0,1,0.001958328764885664,,2019-08-13,,0.09
2AGND0EY,0,0,,,,Censored No Alarm,0,0,0,0,0,1,0.0045601073652505875,,2019-08-13,,0.09
2AGNEAHY,0,0,,,,Censored No Alarm,0,0,0,0,0,1,0.002081839367747307,,2019-08-13,,0.09
2AGNEK5Y,0,0,,,,Censored No Alarm,0,0,0,0,0,1,0.012153970077633858,,2019-08-14,,0.09
2AGNEN9Y,0,0,,,,Censored No Alarm,0,0,0,0,0,1,0.0033350917510688305,,2019-08-14,,0.09
2AGNEREY,0,0,,,,Censored No Alarm,0,0,0,0,0,1,0.007049565203487873,,2019-08-13,,0.09
2AGNGZPY,0,0,,,,Censored No Alarm,0,0,0,0,0,1,0.003083523828536272,,2019-05-27,,0.09
2AGNJE2Y,0,0,,,,Censored No Alarm,0,0,0,0,0,1,0.002376183168962598,,2019-06-01,,0.09
2AGNJG7Y,0,0,,,,Censored No Alarm,0,0,0,0,0,1,0.001353002735413611,,2019-08-13,,0.09
2AGNJGHY,0,0,,,,Censored No Alarm,0,0,0,0,0,1,0.002989266999065876,,2019-08-13,,0.09
2AGNJRYY,0,0,,,,Censored No Alarm,0,0,0,0,0,1,0.001732577569782734,,2019-06-01,,0.09
2AGNJTAY,0,0,,,,Censored No Alarm,0,0,0,0,0,1,0.00299467914737761,,2019-08-14,,0.09
2AGNJTRY,0,0,,,,Censored No Alarm,0,0,0,0,0,1,0.001504654879681766,,2019-08-14,,0.09
2AGNKB9Y,1,0,,2023-11-29,,Missed,0,0,0,0,1,0,0.0018921485170722008,,2019-08-13,,0.09
2AGNKGXY,0,0,,,,Censored No Alarm,0,0,0,0,0,1,0.0013824247289448977,,2019-08-14,,0.09
2AGNKNJY,0,0,,,,Censored No Alarm,0,0,0,0,0,1,0.002445671707391739,,2019-08-14,,0.09
2AGNKSPY,0,0,,,,Censored No Alarm,0,0,0,0,0,1,0.0013396886643022299,,2019-08-14,,0.09
2AGNKV4Y,0,0,,,,Censored No Alarm,0,0,0,0,0,1,0.002798339119181037,,2019-08-13,,0.09
2AGNL61Y,0,0,,,,Censored No Alarm,0,0,0,0,0,1,0.0008096452220343053,,2019-05-16,,0.09
2AGNNTHY,0,0,,,,Censored No Alarm,0,0,0,0,0,1,0.016705196350812912,,2019-05-16,,0.09
2AGNT47Y,0,0,,,,Censored No Alarm,0,0,0,0,0,1,0.0008596965344622731,,2019-05-16,,0.09
2AGP393Y,1,1,2019-08-11,2023-04-06,1334.0,Early,0,1,0,1,0,0,0.22743788361549377,0.09323491156101227,2019-06-01,71.0,0.09
2AGP43EY,1,0,,2024-09-01,,Missed,0,0,0,0,1,0,0.02490535005927086,,2019-05-16,,0.09
2AGP5EDY,0,0,,,,Censored No Alarm,0,0,0,0,0,1,0.0008051677723415196,,2019-05-16,,0.09
2AGP5GBY,0,0,,,,Censored No Alarm,0,0,0,0,0,1,0.0006387258181348443,,2019-05-16,,0.09
2AGP5J1Y,0,0,,,,Censored No Alarm,0,0,0,0,0,1,0.0006467264029197395,,2019-05-16,,0.09
2AGP6TYY,0,0,,,,Censored No Alarm,0,0,0,0,0,1,0.0005012457258999348,,2019-05-16,,0.09
2AGP6UBY,0,0,,,,Censored No Alarm,0,0,0,0,0,1,0.002101758262142539,,2019-05-16,,0.09
2AGP9W7Y,0,0,,,,Censored No Alarm,0,0,0,0,0,1,0.07835955917835236,,2019-05-16,,0.09
2AGPHHKY,0,0,,,,Censored No Alarm,0,0,0,0,0,1,0.002519669011235237,,2019-06-01,,0.09
2AGPHHTY,0,0,,,,Censored No Alarm,0,0,0,0,0,1,0.0017302567139267921,,2019-06-01,,0.09
2AGPJAVY,0,0,,,,Censored No Alarm,0,0,0,0,0,1,0.0010419521713629365,,2019-05-27,,0.09
2AGPJBGY,0,0,,,,Censored No Alarm,0,0,0,0,0,1,0.0006524921045638621,,2019-05-27,,0.09
2AGPJBNY,0,0,,,,Censored No Alarm,0,0,0,0,0,1,0.0010419521713629365,,2019-05-27,,0.09
2AGPJE5Y,0,0,,,,Censored No Alarm,0,0,0,0,0,1,0.0008402918465435505,,2019-05-16,,0.09
2AGPJGPY,1,0,,2021-02-22,,Missed,0,0,0,0,1,0,0.016902342438697815,,2019-05-16,,0.09
2AGPJH1Y,1,0,,2024-08-11,,Missed,0,0,0,0,1,0,0.038100238889455795,,2019-05-16,,0.09
2AGPJHAY,0,0,,,,Censored No Alarm,0,0,0,0,0,1,0.00095645512919873,,2019-08-13,,0.09
2AGPJHXY,0,0,,,,Censored No Alarm,0,0,0,0,0,1,0.000643376202788204,,2019-05-27,,0.09
2AGPJL8Y,0,0,,,,Censored No Alarm,0,0,0,0,0,1,0.0026603899896144867,,2019-05-27,,0.09
2AGPJLWY,0,0,,,,Censored No Alarm,0,0,0,0,0,1,0.0010858719469979405,,2019-08-13,,0.09
2AGPJMRY,0,0,,,,Censored No Alarm,0,0,0,0,0,1,0.0034169605933129787,,2019-08-13,,0.09
2AGPJP0Y,0,0,,,,Censored No Alarm,0,0,0,0,0,1,0.00046859687427058816,,2019-05-27,,0.09
2AGPK9HY,0,0,,,,Censored No Alarm,0,0,0,0,0,1,0.012611689046025276,,2019-08-14,,0.09
2AGPKA3Y,0,0,,,,Censored No Alarm,0,0,0,0,0,1,0.012217232026159763,,2019-08-14,,0.09
2AGPKALY,0,0,,,,Censored No Alarm,0,0,0,0,0,1,0.0007774715195409954,,2019-05-16,,0.09
2AGPKARY,0,0,,,,Censored No Alarm,0,0,0,0,0,1,0.001087811659090221,,2019-05-16,,0.09
2AGPKB2Y,0,0,,,,Censored No Alarm,0,0,0,0,0,1,0.0007688968325965106,,2019-05-27,,0.09
2AGPKTUY,0,0,,,,Censored No Alarm,0,0,0,0,0,1,0.0007670990307815373,,2019-05-16,,0.09
2AGPKVGY,0,0,,,,Censored No Alarm,0,0,0,0,0,1,0.0004795592976734042,,2019-05-16,,0.09
2AGPKWNY,1,0,,2023-10-29,,Missed,0,0,0,0,1,0,0.03811034932732582,,2019-05-16,,0.09
2AGPKX4Y,0,0,,,,Censored No Alarm,0,0,0,0,0,1,0.013006537221372128,,2019-05-16,,0.09
2AGPL2YY,0,0,,,,Censored No Alarm,0,0,0,0,0,1,0.0006934537668712437,,2019-05-16,,0.09
2AGPL4UY,0,0,,,,Censored No Alarm,0,0,0,0,0,1,0.0004903495428152382,,2019-05-16,,0.09
2AGPL4ZY,0,0,,,,Censored No Alarm,0,0,0,0,0,1,0.0022661294788122177,,2019-05-27,,0.09
2AGPLSSY,0,0,,,,Censored No Alarm,0,0,0,0,0,1,0.0005085376324132085,,2019-05-16,,0.09
2AGPMDVY,0,0,,,,Censored No Alarm,0,0,0,0,0,1,0.0013345058541744947,,2019-05-27,,0.09
2AGPMEPY,0,0,,,,Censored No Alarm,0,0,0,0,0,1,0.0004931290750391781,,2019-05-16,,0.09
2AGPMGGY,0,0,,,,Censored No Alarm,0,0,0,0,0,1,0.002321023726835847,,2019-05-16,,0.09
2AGPMM3Y,0,0,,,,Censored No Alarm,0,0,0,0,0,1,0.0015239357016980648,,2019-05-27,,0.09
2AGPMN9Y,0,0,,,,Censored No Alarm,0,0,0,0,0,1,0.001011361600831151,,2019-05-27,,0.09
2AGPMRDY,0,0,,,,Censored No Alarm,0,0,0,0,0,1,0.0018032444640994072,,2019-05-27,,0.09
2AGPMY1Y,0,0,,,,Censored No Alarm,0,0,0,0,0,1,0.0007758699939586222,,2019-05-16,,0.09
2AGPN6PY,0,0,,,,Censored No Alarm,0,0,0,0,0,1,0.01987183280289173,,2019-05-16,,0.09
2AGPPJAY,0,0,,,,Censored No Alarm,0,0,0,0,0,1,0.00039238278986886144,,2019-05-16,,0.09
2AGPPLLY,1,1,2023-10-24,2023-11-29,36.0,Early,0,1,0,1,0,0,0.1389157623052597,0.09021998941898346,2019-05-16,1622.0,0.09
2AGPR6YY,0,0,,,,Censored No Alarm,0,0,0,0,0,1,0.000613221141975373,,2019-05-16,,0.09
2AGPR7RY,0,0,,,,Censored No Alarm,0,0,0,0,0,1,0.0007623363635502756,,2019-05-16,,0.09
2AGPR8EY,0,0,,,,Censored No Alarm,0,0,0,0,0,1,0.0005973729421384633,,2019-05-16,,0.09
2AGPRL8Y,0,0,,,,Censored No Alarm,0,0,0,0,0,1,0.001384770148433745,,2019-05-27,,0.09
2AGPRMLY,1,0,,2026-03-26,,Missed,0,0,0,0,1,0,0.004100598860532045,,2019-08-13,,0.09
2AGPRMRY,1,0,,2024-08-12,,Missed,0,0,0,0,1,0,0.00020489921735133976,,2019-05-04,,0.09
2AGPRRJY,0,0,,,,Censored No Alarm,0,0,0,0,0,1,0.060442328453063965,,2019-05-04,,0.09
2AGPS2ZY,0,0,,,,Censored No Alarm,0,0,0,0,0,1,0.0006864621536806226,,2019-05-16,,0.09
2AGPSEDY,0,0,,,,Censored No Alarm,0,0,0,0,0,1,0.0017153150402009487,,2019-05-27,,0.09
2AGPSG5Y,0,0,,,,Censored No Alarm,0,0,0,0,0,1,0.00178238982334733,,2019-05-27,,0.09
2AGPSGKY,0,0,,,,Censored No Alarm,0,0,0,0,0,1,0.0012296400964260101,,2019-08-14,,0.09
2AGPSJKY,0,0,,,,Censored No Alarm,0,0,0,0,0,1,0.0025767905171960592,,2019-08-14,,0.09
2AGPSRUY,0,0,,,,Censored No Alarm,0,0,0,0,0,1,0.0004975759075023234,,2019-05-16,,0.09
2AGPT2PY,0,0,,,,Censored No Alarm,0,0,0,0,0,1,0.01000568363815546,,2019-08-14,,0.09
2AGPT48Y,0,0,,,,Censored No Alarm,0,0,0,0,0,1,0.00231668958440423,,2019-06-01,,0.09
2AGPT7PY,0,0,,,,Censored No Alarm,0,0,0,0,0,1,0.0032565053552389145,,2019-08-13,,0.09
2AGPTL4Y,0,0,,,,Censored No Alarm,0,0,0,0,0,1,0.0013989399885758758,,2019-05-27,,0.09
2AGPTVLY,0,0,,,,Censored No Alarm,0,0,0,0,0,1,0.003093927865847945,,2019-06-01,,0.09
5PG0TA6F,0,0,,,,Censored No Alarm,0,0,0,0,0,1,0.001727893715724349,,2020-07-14,,0.09
5PG0TAKF,0,0,,,,Censored No Alarm,0,0,0,0,0,1,0.0021513369865715504,,2020-05-10,,0.09
5PJEJUHE,0,0,,,,Censored No Alarm,0,0,0,0,0,1,0.007025423925369978,,2021-12-28,,0.09
5PJJHD9C,0,0,,,,Censored No Alarm,0,0,0,0,0,1,0.00391400745138526,,2022-07-18,,0.09
5PJJLZTF,0,0,,,,Censored No Alarm,0,0,0,0,0,1,0.00202108733355999,,2021-12-03,,0.09
5PJKZP4D,0,0,,,,Censored No Alarm,0,0,0,0,0,1,0.003578508272767067,,2022-08-04,,0.09
5PJVPJGF,0,0,,,,Censored No Alarm,0,0,0,0,0,1,0.0032008138950914145,,2021-05-16,,0.09
5PK10N4B,0,0,,,,Censored No Alarm,0,0,0,0,0,1,0.002118985867127776,,2024-12-22,,0.09
5PK5ZB1B,0,0,,,,Censored No Alarm,0,0,0,0,0,1,0.0021222701761871576,,2024-04-29,,0.09
5PKEBJVB,0,0,,,,Censored No Alarm,0,0,0,0,0,1,0.0021751306485384703,,2023-11-27,,0.09
5PKVXW6B,0,0,,,,Censored No Alarm,0,0,0,0,0,1,0.00218325131572783,,2024-06-01,,0.09
5QG63PMB,0,0,,,,Censored No Alarm,0,0,0,0,0,1,0.0021841491106897593,,2024-05-28,,0.09
5QGBH0MB,0,0,,,,Censored No Alarm,0,0,0,0,0,1,0.00218325131572783,,2023-12-09,,0.09
5QGG5KLB,0,0,,,,Censored No Alarm,0,0,0,0,0,1,0.010638545267283916,,2023-04-05,,0.09
5QGG5UPB,0,0,,,,Censored No Alarm,0,0,0,0,0,1,0.0105441240593791,,2022-12-06,,0.09
5QGGAELB,1,1,2025-01-11,2025-06-04,144.0,Early,0,1,0,1,0,0,0.16142331063747406,0.09227209538221359,2023-03-28,655.0,0.09
5QGGHWVB,0,0,,,,Censored No Alarm,0,0,0,0,0,1,0.0022475807927548885,,2023-12-16,,0.09
5QH0Z60B,1,1,2024-02-18,2024-05-14,86.0,Early,0,1,0,1,0,0,0.41346293687820435,0.09009131789207458,2023-10-22,119.0,0.09
5QHDKVHB,0,0,,,,Censored No Alarm,0,0,0,0,0,1,0.0021794422063976526,,2023-11-17,,0.09
5QHKE66B,0,0,,,,Censored No Alarm,0,0,0,0,0,1,0.002181446645408869,,2024-04-18,,0.09
5QHYP4MB,0,0,,,,Censored No Alarm,0,0,0,0,0,1,0.0021457981783896685,,2024-05-15,,0.09
5QJBW5VB,1,1,2024-05-12,2024-05-25,13.0,On time,1,0,0,0,0,0,0.3679237961769104,0.10521981865167618,2024-02-07,95.0,0.09
5QJS57NB,0,0,,,,Censored No Alarm,0,0,0,0,0,1,0.002181528601795435,,2024-01-23,,0.09
5QKBEVWB,0,0,,,,Censored No Alarm,0,0,0,0,0,1,0.002193882130086422,,2023-12-14,,0.09
5QKDK07B,0,0,,,,Censored No Alarm,0,0,0,0,0,1,0.0021754701156169176,,2024-12-20,,0.09
5QKHBVPB,0,0,,,,Censored No Alarm,0,0,0,0,0,1,0.002202930860221386,,2024-05-30,,0.09
5QKKSM3B,0,0,,,,Censored No Alarm,0,0,0,0,0,1,0.001081277383491397,,2024-04-06,,0.09
5QKV55TB,0,0,,,,Censored No Alarm,0,0,0,0,0,1,0.0021752878092229366,,2024-02-29,,0.09
5QKV6W0B,0,0,,,,Censored No Alarm,0,0,0,0,0,1,0.0021457981783896685,,2023-08-14,,0.09
5QKV74SB,0,0,,,,Censored No Alarm,0,0,0,0,0,1,0.0021751534659415483,,2024-01-09,,0.09
5QKV778B,0,0,,,,Censored No Alarm,0,0,0,0,0,1,0.0021281372755765915,,2024-06-07,,0.09
5QKV7UHB,0,0,,,,Censored No Alarm,0,0,0,0,0,1,0.002176677342504263,,2024-03-04,,0.09
5QKV85UB,0,0,,,,Censored No Alarm,0,0,0,0,0,1,0.0021887938492000103,,2023-12-02,,0.09
5QKVAN8B,0,0,,,,Censored No Alarm,0,0,0,0,0,1,0.00218325131572783,,2023-12-24,,0.09
5QKVARLB,0,0,,,,Censored No Alarm,0,0,0,0,0,1,0.00198938581161201,,2023-11-03,,0.09
5QKVATKB,0,0,,,,Censored No Alarm,0,0,0,0,0,1,0.002169667975977063,,2024-01-09,,0.09
5QKVD71B,0,0,,,,Censored No Alarm,0,0,0,0,0,1,0.002106877975165844,,2024-05-10,,0.09
5QKVDDVB,0,0,,,,Censored No Alarm,0,0,0,0,0,1,0.0021841491106897593,,2024-06-19,,0.09
5QKVETTB,0,0,,,,Censored No Alarm,0,0,0,0,0,1,0.0020439382642507553,,2024-06-27,,0.09
5QKVEUZB,0,0,,,,Censored No Alarm,0,0,0,0,0,1,0.002185935154557228,,2024-04-22,,0.09
5QKVEXJB,0,0,,,,Censored No Alarm,0,0,0,0,0,1,0.0021693736780434847,,2023-11-30,,0.09
5QKVGLWB,0,0,,,,Censored No Alarm,0,0,0,0,0,1,0.0022501552011817694,,2024-05-08,,0.09
5QKVHPLB,0,0,,,,Censored No Alarm,0,0,0,0,0,1,0.00232718326151371,,2024-05-07,,0.09
5QKVHRMB,0,0,,,,Censored No Alarm,0,0,0,0,0,1,0.0021704465616494417,,2024-06-23,,0.09
5QKVVTHB,0,0,,,,Censored No Alarm,0,0,0,0,0,1,0.0021487735211849213,,2024-04-15,,0.09
8CGNK9GE,0,0,,,,Censored No Alarm,0,0,0,0,0,1,0.019215818494558334,,2019-05-04,,0.09
8CGR1V5E,0,0,,,,Censored No Alarm,0,0,0,0,0,1,0.00191113434266299,,2019-06-01,,0.09
8CGSN9XE,0,0,,,,Censored No Alarm,0,0,0,0,0,1,0.00044135196367278695,,2019-05-16,,0.09
8CGSTSRE,0,0,,,,Censored No Alarm,0,0,0,0,0,1,0.0005182031891308725,,2019-05-04,,0.09
8CGT5S2E,1,0,,2024-11-05,,Missed,0,0,0,0,1,0,0.05184875801205635,,2019-06-01,,0.09
8CGTW4VE,0,0,,,,Censored No Alarm,0,0,0,0,0,1,0.001993266399949789,,2019-06-01,,0.09
8CGTZ9HE,1,1,2023-04-21,2023-07-12,82.0,Early,0,1,0,1,0,0,0.4868813753128052,0.09723269939422607,2019-05-16,1436.0,0.09
8CGU9LLE,0,0,,,,Censored No Alarm,0,0,0,0,0,1,0.00031061258050613105,,2019-05-16,,0.09
8CGV369E,0,0,,,,Censored No Alarm,0,0,0,0,0,1,0.0005466754664666951,,2019-05-16,,0.09
8CGVR04E,0,0,,,,Censored No Alarm,0,0,0,0,0,1,0.07747524976730347,,2019-05-16,,0.09
8CGVTH0E,0,0,,,,Censored No Alarm,0,0,0,0,0,1,0.0006679943180643022,,2019-05-04,,0.09
8CGW3HPE,0,0,,,,Censored No Alarm,0,0,0,0,0,1,0.0004719389835372567,,2019-05-04,,0.09
8CGW6ULE,0,0,,,,Censored No Alarm,0,0,0,0,0,1,0.00032549945171922445,,2019-05-04,,0.09
8CGWPGEE,0,0,,,,Censored No Alarm,0,0,0,0,0,1,0.00042076967656612396,,2019-05-16,,0.09
8CGXKYVE,0,0,,,,Censored No Alarm,0,0,0,0,0,1,0.00033268705010414124,,2019-05-04,,0.09
8CGXNNUE,1,1,2022-04-28,2022-05-10,12.0,On time,1,0,0,0,0,0,0.22072626650333405,0.10566086322069168,2019-06-01,1062.0,0.09
8CGY4KUE,0,0,,,,Censored No Alarm,0,0,0,0,0,1,0.0007714167586527765,,2019-05-16,,0.09
8CGYJ5TE,0,0,,,,Censored No Alarm,0,0,0,0,0,1,0.001677771215327084,,2019-06-01,,0.09
8CGYVS8E,0,0,,,,Censored No Alarm,0,0,0,0,0,1,0.0013924402883276343,,2019-06-01,,0.09
8CGYW96E,0,0,,,,Censored No Alarm,0,0,0,0,0,1,0.018630461767315865,,2019-06-01,,0.09
8CGYXB6E,0,0,,,,Censored No Alarm,0,0,0,0,0,1,0.007780212908983231,,2019-08-13,,0.09
8CGZ8K3E,0,0,,,,Censored No Alarm,0,0,0,0,0,1,0.00046420792932622135,,2019-05-04,,0.09
8CGZ8S1E,0,0,,,,Censored No Alarm,0,0,0,0,0,1,0.0005010751774534583,,2019-05-04,,0.09
8CGZ8SDE,0,0,,,,Censored No Alarm,0,0,0,0,0,1,0.02834414504468441,,2019-05-04,,0.09
8CGZB98E,0,0,,,,Censored No Alarm,0,0,0,0,0,1,0.0010688600596040487,,2019-08-14,,0.09
8CGZB9VE,0,0,,,,Censored No Alarm,0,0,0,0,0,1,0.0008241989417001605,,2019-06-01,,0.09
8CGZKBME,0,0,,,,Censored No Alarm,0,0,0,0,0,1,0.03819293528795242,,2019-05-04,,0.09
8CGZKDHE,0,0,,,,Censored No Alarm,0,0,0,0,0,1,0.0004559224471449852,,2019-05-04,,0.09
8CGZMEAE,0,0,,,,Censored No Alarm,0,0,0,0,0,1,0.0004299685242585838,,2019-05-04,,0.09
8CH02WUE,0,0,,,,Censored No Alarm,0,0,0,0,0,1,0.0014639776200056076,,2019-08-14,,0.09
8CH05AGE,0,0,,,,Censored No Alarm,0,0,0,0,0,1,0.0003381129936315119,,2019-05-04,,0.09
8CH06AGE,0,0,,,,Censored No Alarm,0,0,0,0,0,1,0.00042844624840654433,,2019-05-16,,0.09
8CH06B5E,0,0,,,,Censored No Alarm,0,0,0,0,0,1,0.0002030839677900076,,2019-05-04,,0.09
8CH06E7E,0,0,,,,Censored No Alarm,0,0,0,0,0,1,0.0005150982760824263,,2019-05-04,,0.09
8CH06EDE,0,0,,,,Censored No Alarm,0,0,0,0,0,1,0.0021249237470328808,,2019-06-01,,0.09
8CH0869E,0,0,,,,Censored No Alarm,0,0,0,0,0,1,0.0004027182003483176,,2019-05-04,,0.09
8CH08RNE,0,0,,,,Censored No Alarm,0,0,0,0,0,1,0.0021457411348819733,,2019-08-14,,0.09
8CH09GGE,0,0,,,,Censored No Alarm,0,0,0,0,0,1,0.0019182475516572595,,2019-06-01,,0.09
8CH0BYPE,0,0,,,,Censored No Alarm,0,0,0,0,0,1,0.0007027652463875711,,2019-08-13,,0.09
8CH0BYTE,0,0,,,,Censored No Alarm,0,0,0,0,0,1,0.0012458190321922302,,2019-06-01,,0.09
8CH0DM8E,0,0,,,,Censored No Alarm,0,0,0,0,0,1,0.001489108894020319,,2019-08-14,,0.09
8CH0GNLE,0,0,,,,Censored No Alarm,0,0,0,0,0,1,0.0004719151766039431,,2019-05-04,,0.09
8CH0GNNE,0,0,,,,Censored No Alarm,0,0,0,0,0,1,0.008501067757606506,,2019-05-04,,0.09
8CH0GNSE,0,0,,,,Censored No Alarm,0,0,0,0,0,1,0.0007261431310325861,,2019-05-16,,0.09
8CH0HRKE,0,0,,,,Censored No Alarm,0,0,0,0,0,1,0.0009280195808969438,,2019-06-01,,0.09
8CH0HTRE,0,0,,,,Censored No Alarm,0,0,0,0,0,1,0.001959982793778181,,2019-06-01,,0.09
8CH0L5PE,0,0,,,,Censored No Alarm,0,0,0,0,0,1,0.0013605793938040733,,2019-06-01,,0.09
8CH0R06E,0,0,,,,Censored No Alarm,0,0,0,0,0,1,0.0004708668275270611,,2019-05-04,,0.09
8CH0R3YE,0,0,,,,Censored No Alarm,0,0,0,0,0,1,0.028378140181303024,,2019-08-13,,0.09
8CH0TLTE,0,0,,,,Censored No Alarm,0,0,0,0,0,1,0.0011716790031641722,,2019-08-13,,0.09
8CH0TLUE,0,0,,,,Censored No Alarm,0,0,0,0,0,1,0.0009543924825266004,,2019-06-01,,0.09
8CH0TN2E,0,0,,,,Censored No Alarm,0,0,0,0,0,1,0.0013880711048841476,,2019-06-01,,0.09
8CH0TN3E,0,0,,,,Censored No Alarm,0,0,0,0,0,1,0.0020093799103051424,,2019-08-13,,0.09
8CH0TVRE,0,0,,,,Censored No Alarm,0,0,0,0,0,1,0.0013953176094219089,,2019-08-14,,0.09
8CH0V7TE,0,0,,,,Censored No Alarm,0,0,0,0,0,1,0.02445168048143387,,2019-06-01,,0.09
8CH0VH1E,0,0,,,,Censored No Alarm,0,0,0,0,0,1,0.00042300738277845085,,2019-05-16,,0.09
8CH0VW0E,0,0,,,,Censored No Alarm,0,0,0,0,0,1,0.0007473638979718089,,2019-06-01,,0.09
8CH11KPE,0,0,,,,Censored No Alarm,0,0,0,0,0,1,0.00042658322490751743,,2019-05-04,,0.09
8CH13D7E,0,0,,,,Censored No Alarm,0,0,0,0,0,1,0.0007843594648875296,,2019-06-01,,0.09
8CH13DAE,0,0,,,,Censored No Alarm,0,0,0,0,0,1,0.0013869624817743897,,2019-06-01,,0.09
8CH15D3E,0,0,,,,Censored No Alarm,0,0,0,0,0,1,0.038235027343034744,,2019-05-16,,0.09
8CH15YME,0,0,,,,Censored No Alarm,0,0,0,0,0,1,0.0007352511747740209,,2019-06-01,,0.09
8CH160KE,0,0,,,,Censored No Alarm,0,0,0,0,0,1,0.0017826647963374853,,2019-08-14,,0.09
8CH16PBE,0,0,,,,Censored No Alarm,0,0,0,0,0,1,0.013094487600028515,,2019-06-01,,0.09
8CH16ZDE,0,0,,,,Censored No Alarm,0,0,0,0,0,1,0.0013184099225327373,,2019-06-01,,0.09
8CH16ZUE,0,0,,,,Censored No Alarm,0,0,0,0,0,1,0.0044584427960217,,2019-06-01,,0.09
8CH17M9E,0,0,,,,Censored No Alarm,0,0,0,0,0,1,0.0006399194826371968,,2019-06-01,,0.09
8CH17MHE,0,0,,,,Censored No Alarm,0,0,0,0,0,1,0.0005065700388513505,,2019-08-13,,0.09
8CH190UE,1,1,2020-12-09,2022-03-26,472.0,Early,0,1,0,1,0,0,0.14034870266914368,0.09391743689775467,2019-08-13,484.0,0.09
8CH1APUE,1,0,,2025-09-18,,Missed,0,0,0,0,1,0,0.0792507454752922,,2019-06-01,,0.09
8CH1AR5E,0,0,,,,Censored No Alarm,0,0,0,0,0,1,0.00023289170349016786,,2019-05-04,,0.09
8CH1ARHE,1,0,,2023-09-28,,Missed,0,0,0,0,1,0,0.016739584505558014,,2019-06-01,,0.09
8CH1WBME,1,0,,2024-05-05,,Missed,0,0,0,0,1,0,0.008061068132519722,,2019-05-04,,0.09
8CH1XHUE,0,0,,,,Censored No Alarm,0,0,0,0,0,1,0.0006332054035738111,,2019-05-04,,0.09
8CH4AT4E,0,0,,,,Censored No Alarm,0,0,0,0,0,1,0.0006542428163811564,,2019-05-27,,0.09
8CH4X3TE,1,0,,2022-10-12,,Missed,0,0,0,0,1,0,0.0024946408811956644,,2019-05-16,,0.09
8CH4YM4E,1,0,,2023-03-03,,Missed,0,0,0,0,1,0,0.004035370424389839,,2019-05-16,,0.09
8CH4YM6E,1,1,2024-12-07,2025-03-13,96.0,Early,0,1,0,1,0,0,0.1765502691268921,0.10894200950860977,2019-05-16,2032.0,0.09
8CH4YN8E,1,0,,2024-04-09,,Missed,0,0,0,0,1,0,0.05647531896829605,,2019-05-16,,0.09
8CH4Z6UE,0,0,,,,Censored No Alarm,0,0,0,0,0,1,0.0008772555156610906,,2019-05-16,,0.09
8CH5214E,1,1,2023-10-29,2024-02-15,109.0,Early,0,1,0,1,0,0,0.11326475441455841,0.09216289967298508,2019-05-16,1627.0,0.09
8CH52U5E,0,0,,,,Censored No Alarm,0,0,0,0,0,1,0.0004957955679856241,,2019-05-16,,0.09
8CH5B9LE,0,0,,,,Censored No Alarm,0,0,0,0,0,1,0.001029944745823741,,2019-05-16,,0.09
8CH5E8EE,1,0,,2023-04-04,,Missed,0,0,0,0,1,0,0.05070863664150238,,2019-05-16,,0.09
8CH5HRYE,1,1,2024-04-21,2024-12-24,247.0,Early,0,1,0,1,0,0,0.11587343364953995,0.09560492634773254,2019-05-16,1802.0,0.09
8CHRG6JE,0,0,,,,Censored No Alarm,0,0,0,0,0,1,0.0007474436424672604,,2019-11-25,,0.09
8CHU2WSE,0,0,,,,Censored No Alarm,0,0,0,0,0,1,0.00330867781303823,,2020-06-18,,0.09
8CHU7R9E,1,0,,2024-11-09,,Missed,0,0,0,0,1,0,0.019659625366330147,,2021-05-05,,0.09
8CHUHHXE,0,0,,,,Censored No Alarm,0,0,0,0,0,1,0.021186359226703644,,2020-06-26,,0.09
8CJMA59E,0,0,,,,Censored No Alarm,0,0,0,0,0,1,0.0021281372755765915,,2024-04-02,,0.09
8DG1BB5Y,0,0,,,,Censored No Alarm,0,0,0,0,0,1,0.002169666811823845,,2024-12-20,,0.09
8DG3MU5D,0,0,,,,Censored No Alarm,0,0,0,0,0,1,0.0065533812157809734,,2018-07-12,,0.09
8DG4SAUD,0,0,,,,Censored No Alarm,0,0,0,0,0,1,0.008565118536353111,,2018-07-12,,0.09
8DG4SAZD,0,0,,,,Censored No Alarm,0,0,0,0,0,1,0.0029052316676825285,,2018-07-12,,0.09
8DG52U7D,0,0,,,,Censored No Alarm,0,0,0,0,0,1,0.003472688375040889,,2018-07-12,,0.09
8DG52W9D,0,0,,,,Censored No Alarm,0,0,0,0,0,1,0.0020548775792121887,,2018-07-12,,0.09
8DG52WND,0,0,,,,Censored No Alarm,0,0,0,0,0,1,0.002876089420169592,,2018-07-12,,0.09
8DG6S3UD,1,0,,2024-06-11,,Missed,0,0,0,0,1,0,0.04113626107573509,,2018-07-12,,0.09
8DG88GTY,0,0,,,,Censored No Alarm,0,0,0,0,0,1,0.0021487735211849213,,2025-01-01,,0.09
8DG93TXY,0,0,,,,Censored No Alarm,0,0,0,0,0,1,0.0021611142437905073,,2024-04-01,,0.09
8DJE2HWH,0,0,,,,Censored No Alarm,0,0,0,0,0,1,0.0004710140638053417,,2019-01-05,,0.09
8DJEPPSH,0,0,,,,Censored No Alarm,0,0,0,0,0,1,0.00047885134699754417,,2019-01-05,,0.09
8DJEPTWH,0,0,,,,Censored No Alarm,0,0,0,0,0,1,0.0001819211320253089,,2019-01-05,,0.09
8DJEUXLH,0,0,,,,Censored No Alarm,0,0,0,0,0,1,0.02255707047879696,,2019-01-05,,0.09
8DK5NDLH,0,0,,,,Censored No Alarm,0,0,0,0,0,1,0.0016600419767200947,,2020-01-03,,0.09
8DKHU24H,0,0,,,,Censored No Alarm,0,0,0,0,0,1,0.005258477292954922,,2019-12-29,,0.09
8DKUD8AH,0,0,,,,Censored No Alarm,0,0,0,0,0,1,0.0005574418464675546,,2019-01-05,,0.09
8DKV390H,0,0,,,,Censored No Alarm,0,0,0,0,0,1,0.0004220831615384668,,2019-03-01,,0.09
8HG28M3H,0,0,,,,Censored No Alarm,0,0,0,0,0,1,0.0003104180796071887,,2019-03-01,,0.09
8HG7LGUH,1,0,,2025-06-01,,Missed,0,0,0,0,1,0,0.07607189565896988,,2019-06-01,,0.09
8HGBYHPH,0,0,,,,Censored No Alarm,0,0,0,0,0,1,0.0007419954054057598,,2021-10-03,,0.09
8HGNAB0H,0,0,,,,Censored No Alarm,0,0,0,0,0,1,0.0008675542776472867,,2019-03-28,,0.09
8HGZPYVH,0,1,2022-12-13,,,Censored Early,0,0,1,1,0,0,0.3023357689380646,0.09968092292547226,2019-01-05,1438.0,0.09
8HH12ZPH,0,0,,,,Censored No Alarm,0,0,0,0,0,1,0.00036172810359857976,,2018-11-14,,0.09
8HH5JYSH,0,0,,,,Censored No Alarm,0,0,0,0,0,1,0.0004895224119536579,,2018-11-14,,0.09
8HH8BNRH,0,0,,,,Censored No Alarm,0,0,0,0,0,1,0.0006413732771761715,,2019-03-28,,0.09
8HH8P7RH,0,0,,,,Censored No Alarm,0,0,0,0,0,1,0.001732716104015708,,2019-03-02,,0.09
8HH901KH,0,0,,,,Censored No Alarm,0,0,0,0,0,1,0.0004892966244369745,,2019-03-28,,0.09
8HH9ZRUH,0,0,,,,Censored No Alarm,0,0,0,0,0,1,0.00043218297651037574,,2019-03-01,,0.09
8HHARE1H,1,1,2023-03-10,2023-03-24,14.0,On time,1,0,0,0,0,0,0.4267171025276184,0.1010827049612999,2019-08-13,1305.0,0.09
8HHARGBH,0,0,,,,Censored No Alarm,0,0,0,0,0,1,0.0005003687692806125,,2019-03-02,,0.09
8HHATBKH,0,0,,,,Censored No Alarm,0,0,0,0,0,1,0.00040916746365837753,,2019-03-01,,0.09
8HHJXENH,0,0,,,,Censored No Alarm,0,0,0,0,0,1,0.0008669556700624526,,2019-01-05,,0.09
8HHNHSUH,1,0,,2024-12-06,,Missed,0,0,0,0,1,0,0.031161058694124222,,2019-05-04,,0.09
8HHPUREH,1,1,2023-08-09,2024-05-16,281.0,Early,0,1,0,1,0,0,0.1755317598581314,0.1097014918923378,2018-11-14,1729.0,0.09
8HHT1P2H,0,0,,,,Censored No Alarm,0,0,0,0,0,1,0.006029014475643635,,2018-11-14,,0.09
8HHTWXYH,0,0,,,,Censored No Alarm,0,0,0,0,0,1,0.000385283405194059,,2018-11-14,,0.09
8HHZ6MGH,0,0,,,,Censored No Alarm,0,0,0,0,0,1,0.0007394523709081113,,2018-11-14,,0.09
8HJ1NNDH,0,0,,,,Censored No Alarm,0,0,0,0,0,1,0.0011119939154013991,,2018-11-14,,0.09
8HJ6SJAH,0,0,,,,Censored No Alarm,0,0,0,0,0,1,0.0015277222264558077,,2018-11-14,,0.09
8HJ6SJTH,0,0,,,,Censored No Alarm,0,0,0,0,0,1,0.000924161053262651,,2018-11-14,,0.09
8HJ74BPH,0,0,,,,Censored No Alarm,0,0,0,0,0,1,0.0004989595036022365,,2018-11-14,,0.09
8HJ7UJHH,0,0,,,,Censored No Alarm,0,0,0,0,0,1,0.0005081107374280691,,2018-11-14,,0.09
8HJ7Y9BH,0,0,,,,Censored No Alarm,0,0,0,0,0,1,0.0018616927554830909,,2018-11-14,,0.09
8HJ7Z0DH,0,0,,,,Censored No Alarm,0,0,0,0,0,1,0.00028867056244052947,,2019-05-04,,0.09
8HJ7Z10H,0,0,,,,Censored No Alarm,0,0,0,0,0,1,0.0005226284265518188,,2018-11-14,,0.09
8HJ7Z1MH,0,0,,,,Censored No Alarm,0,0,0,0,0,1,0.0035536568611860275,,2018-11-14,,0.09
8HJ86APH,0,0,,,,Censored No Alarm,0,0,0,0,0,1,0.012384017929434776,,2018-11-14,,0.09
8HJ86NXH,0,0,,,,Censored No Alarm,0,0,0,0,0,1,0.0002730775740928948,,2019-05-04,,0.09
8HJ8LEXH,0,0,,,,Censored No Alarm,0,0,0,0,0,1,0.03250977396965027,,2019-05-04,,0.09
8HJ8LKMH,1,0,,2026-03-14,,Missed,0,0,0,0,1,0,0.07450691610574722,,2018-11-14,,0.09
8HJ91WDH,0,0,,,,Censored No Alarm,0,0,0,0,0,1,0.0002711215056478977,,2019-05-04,,0.09
8HJ94EVH,0,0,,,,Censored No Alarm,0,0,0,0,0,1,0.0006027478375472128,,2018-11-14,,0.09
8HJ9JWTH,0,0,,,,Censored No Alarm,0,0,0,0,0,1,0.0005723693175241351,,2018-11-14,,0.09
8HJ9K7HH,1,0,,2025-01-28,,Missed,0,0,0,0,1,0,0.04964260384440422,,2018-11-14,,0.09
8HJ9KKGH,0,0,,,,Censored No Alarm,0,0,0,0,0,1,0.00027348220464773476,,2019-05-04,,0.09
8HJ9KN1H,0,0,,,,Censored No Alarm,0,0,0,0,0,1,0.0008008986478671432,,2018-11-14,,0.09
8HJ9LS1H,0,0,,,,Censored No Alarm,0,0,0,0,0,1,0.0005038891104049981,,2018-11-14,,0.09
8HJ9M5NH,0,0,,,,Censored No Alarm,0,0,0,0,0,1,0.0005816181073896587,,2018-11-14,,0.09
8HJ9M94H,0,0,,,,Censored No Alarm,0,0,0,0,0,1,0.00047657309914939106,,2018-11-14,,0.09
8HJ9MZBH,0,0,,,,Censored No Alarm,0,0,0,0,0,1,0.0002684441860765219,,2019-05-04,,0.09
8HJ9NHPH,0,0,,,,Censored No Alarm,0,0,0,0,0,1,0.0004387574444990605,,2018-11-14,,0.09
8HJ9NKKH,0,0,,,,Censored No Alarm,0,0,0,0,0,1,0.0006419007549993694,,2018-11-14,,0.09
8HJ9RYSH,0,0,,,,Censored No Alarm,0,0,0,0,0,1,0.0005724412621930242,,2018-11-14,,0.09
8HJ9S05H,0,0,,,,Censored No Alarm,0,0,0,0,0,1,0.0008782838121987879,,2018-11-14,,0.09
8HJ9S0EH,0,0,,,,Censored No Alarm,0,0,0,0,0,1,0.0014606897020712495,,2018-11-14,,0.09
8HJ9Y3ZH,0,0,,,,Censored No Alarm,0,0,0,0,0,1,0.00047536310739815235,,2019-05-04,,0.09
8HJA085H,0,0,,,,Censored No Alarm,0,0,0,0,0,1,0.000495654996484518,,2018-11-14,,0.09
8HJA2DPH,0,0,,,,Censored No Alarm,0,0,0,0,0,1,0.0004930811701342463,,2018-11-14,,0.09
8HJA8DBH,0,0,,,,Censored No Alarm,0,0,0,0,0,1,0.0007201943080872297,,2018-11-14,,0.09
8HJBNYTH,0,0,,,,Censored No Alarm,0,0,0,0,0,1,0.030730927363038063,,2019-01-05,,0.09
8HJDK12H,0,0,,,,Censored No Alarm,0,0,0,0,0,1,0.000436391361290589,,2018-11-14,,0.09
8HJDX4PH,0,0,,,,Censored No Alarm,0,0,0,0,0,1,0.0004567336873151362,,2018-11-14,,0.09
8HJEY89H,0,0,,,,Censored No Alarm,0,0,0,0,0,1,0.0002769330458249897,,2019-03-01,,0.09
8HJG85RH,0,0,,,,Censored No Alarm,0,0,0,0,0,1,0.001785055734217167,,2019-03-01,,0.09
8HJGZPXH,0,0,,,,Censored No Alarm,0,0,0,0,0,1,0.000891650328412652,,2018-11-14,,0.09
8HJH62EH,0,0,,,,Censored No Alarm,0,0,0,0,0,1,0.0013953887391835451,,2018-11-14,,0.09
8HJH8RWH,0,0,,,,Censored No Alarm,0,0,0,0,0,1,0.0006679462967440486,,2019-03-01,,0.09
8HJK2HSH,0,0,,,,Censored No Alarm,0,0,0,0,0,1,0.006267834920436144,,2018-11-14,,0.09
8HJLKZRH,0,0,,,,Censored No Alarm,0,0,0,0,0,1,0.0004299361607991159,,2018-11-14,,0.09
8HJRD7PH,0,0,,,,Censored No Alarm,0,0,0,0,0,1,0.00048217709991149604,,2019-03-01,,0.09
8HJRUMWH,0,0,,,,Censored No Alarm,0,0,0,0,0,1,0.002091852482408285,,2018-11-14,,0.09
8HJRVW4H,0,0,,,,Censored No Alarm,0,0,0,0,0,1,0.0005329989362508059,,2018-11-14,,0.09
8HJUGTVH,0,0,,,,Censored No Alarm,0,0,0,0,0,1,0.02588631398975849,,2018-11-14,,0.09
8HJVJKPH,0,0,,,,Censored No Alarm,0,0,0,0,0,1,0.0005115713574923575,,2018-11-14,,0.09
8HJVUAGH,0,0,,,,Censored No Alarm,0,0,0,0,0,1,0.0004988220171071589,,2018-11-14,,0.09
8HJWBJXH,0,0,,,,Censored No Alarm,0,0,0,0,0,1,0.000523339316714555,,2018-11-14,,0.09
8HJWHD6H,0,0,,,,Censored No Alarm,0,0,0,0,0,1,0.0022592106834053993,,2018-11-14,,0.09
8HJWHEJH,0,0,,,,Censored No Alarm,0,0,0,0,0,1,0.0003768675378523767,,2019-03-28,,0.09
8HJXG0WH,1,0,,2022-05-01,,Missed,0,0,0,0,1,0,0.017307531088590622,,2018-11-14,,0.09
8HJXKBDH,0,0,,,,Censored No Alarm,0,0,0,0,0,1,0.0003066880744881928,,2019-03-01,,0.09
8HJXU87H,0,0,,,,Censored No Alarm,0,0,0,0,0,1,0.04079233855009079,,2018-11-14,,0.09
8HJY20MH,0,0,,,,Censored No Alarm,0,0,0,0,0,1,0.0005340490606613457,,2018-11-14,,0.09
8HJYTXWH,0,0,,,,Censored No Alarm,0,0,0,0,0,1,0.0005897344090044498,,2018-11-14,,0.09
8HJYU0JH,0,0,,,,Censored No Alarm,0,0,0,0,0,1,0.00040984185761772096,,2018-11-14,,0.09
8HJYZNZH,0,0,,,,Censored No Alarm,0,0,0,0,0,1,0.00046225421829149127,,2018-11-14,,0.09
8HJZ13TH,0,0,,,,Censored No Alarm,0,0,0,0,0,1,0.0007637768285349011,,2018-11-14,,0.09
8HJZADEH,0,0,,,,Censored No Alarm,0,0,0,0,0,1,0.0005062403506599367,,2018-11-14,,0.09
8HJZEG6H,1,0,,2023-11-17,,Missed,0,0,0,0,1,0,0.035727836191654205,,2018-11-14,,0.09
8HJZG4AH,0,0,,,,Censored No Alarm,0,0,0,0,0,1,0.0005104573792777956,,2018-11-14,,0.09
8HJZNVWH,0,0,,,,Censored No Alarm,0,0,0,0,0,1,0.00043106364319100976,,2018-11-14,,0.09
8HK087WH,0,0,,,,Censored No Alarm,0,0,0,0,0,1,0.056407708674669266,,2018-11-14,,0.09
8HK0HH3H,0,0,,,,Censored No Alarm,0,0,0,0,0,1,0.00048424009582959116,,2018-11-14,,0.09
8HK12NNH,0,0,,,,Censored No Alarm,0,0,0,0,0,1,0.000487866869661957,,2018-11-14,,0.09
8HK17SKH,0,0,,,,Censored No Alarm,0,0,0,0,0,1,0.02520439215004444,,2018-11-14,,0.09
8HK17SWH,0,0,,,,Censored No Alarm,0,0,0,0,0,1,0.0010375363053753972,,2018-11-14,,0.09
8HK17SYH,0,1,2022-11-09,,,Censored Early,0,0,1,1,0,0,0.10214756429195404,0.09313789755105972,2018-11-14,1456.0,0.09
8HK19K9H,0,0,,,,Censored No Alarm,0,0,0,0,0,1,0.0005221401806920767,,2018-11-14,,0.09
8HK19KVH,0,0,,,,Censored No Alarm,0,0,0,0,0,1,0.0007918416522443295,,2018-11-14,,0.09
8HK1KY3H,0,0,,,,Censored No Alarm,0,0,0,0,0,1,0.0005873324698768556,,2018-11-14,,0.09
8HK1LYPH,0,0,,,,Censored No Alarm,0,0,0,0,0,1,0.00046914012636989355,,2018-11-14,,0.09
8HK1N18H,0,0,,,,Censored No Alarm,0,0,0,0,0,1,0.0003636155743151903,,2018-11-14,,0.09
8HK1PV7H,0,0,,,,Censored No Alarm,0,0,0,0,0,1,0.0004522475355770439,,2018-11-14,,0.09
8HK1UULH,0,0,,,,Censored No Alarm,0,0,0,0,0,1,0.0004204767756164074,,2018-11-14,,0.09
8HK1XAAH,1,0,,2021-10-24,,Missed,0,0,0,0,1,0,0.000307764217723161,,2018-11-14,,0.09
8HK224GH,0,0,,,,Censored No Alarm,0,0,0,0,0,1,0.000780400587245822,,2018-11-14,,0.09
8HK25XSH,0,0,,,,Censored No Alarm,0,0,0,0,0,1,0.0015283258398994803,,2018-11-14,,0.09
8HK266WH,0,0,,,,Censored No Alarm,0,0,0,0,0,1,0.01066727563738823,,2018-11-14,,0.09
8HK28TJH,0,0,,,,Censored No Alarm,0,0,0,0,0,1,0.0004027969262097031,,2018-11-14,,0.09
8HK28Y0H,0,0,,,,Censored No Alarm,0,0,0,0,0,1,0.0008121429709717631,,2018-11-14,,0.09
8HK2A1EH,0,0,,,,Censored No Alarm,0,0,0,0,0,1,0.0020774316508322954,,2019-06-01,,0.09
8HK2BA6H,0,0,,,,Censored No Alarm,0,0,0,0,0,1,0.0008547229808755219,,2018-11-14,,0.09
8HK2BAEH,0,0,,,,Censored No Alarm,0,0,0,0,0,1,0.0007807014044374228,,2018-11-14,,0.09
8HK2DVKH,0,0,,,,Censored No Alarm,0,0,0,0,0,1,0.0008841815870255232,,2018-11-14,,0.09
8HK2JXUH,0,0,,,,Censored No Alarm,0,0,0,0,0,1,0.00048088544281199574,,2019-03-28,,0.09
8HK2KY6H,0,0,,,,Censored No Alarm,0,0,0,0,0,1,0.0007475825841538608,,2018-11-14,,0.09
8HK2MXPH,0,0,,,,Censored No Alarm,0,0,0,0,0,1,0.0004558433429338038,,2018-11-14,,0.09
8HK2RMWH,0,0,,,,Censored No Alarm,0,0,0,0,0,1,0.007898700423538685,,2018-11-14,,0.09
8HK2RNWH,0,0,,,,Censored No Alarm,0,0,0,0,0,1,0.0005749176489189267,,2018-11-14,,0.09
8HK2RP9H,0,0,,,,Censored No Alarm,0,0,0,0,0,1,0.0004572538018692285,,2018-11-14,,0.09
8HK2VLMH,0,0,,,,Censored No Alarm,0,0,0,0,0,1,0.0006364826112985611,,2018-11-14,,0.09
8HK2X4YH,0,0,,,,Censored No Alarm,0,0,0,0,0,1,0.0004760409938171506,,2018-11-14,,0.09
8HK2ZPDH,0,0,,,,Censored No Alarm,0,0,0,0,0,1,0.0005160553264431655,,2019-05-04,,0.09
8HK2ZT1H,0,0,,,,Censored No Alarm,0,0,0,0,0,1,0.0005130294593982399,,2018-11-14,,0.09
8HK31WMH,0,0,,,,Censored No Alarm,0,0,0,0,0,1,0.0005294913426041603,,2019-05-04,,0.09
8HK31Y8H,0,0,,,,Censored No Alarm,0,0,0,0,0,1,0.0008654913399368525,,2018-11-14,,0.09
8HK341ZH,0,0,,,,Censored No Alarm,0,0,0,0,0,1,0.0011873331386595964,,2018-11-14,,0.09
8HK34EZH,0,0,,,,Censored No Alarm,0,0,0,0,0,1,0.002059619640931487,,2018-11-14,,0.09
8HK3BWZH,0,0,,,,Censored No Alarm,0,0,0,0,0,1,0.0014944374561309814,,2018-11-14,,0.09
8HK3GTLH,0,0,,,,Censored No Alarm,0,0,0,0,0,1,0.0026413463056087494,,2018-11-14,,0.09
8HK3GUXH,0,0,,,,Censored No Alarm,0,0,0,0,0,1,0.0015899173449724913,,2018-11-14,,0.09
8HK3MMSH,0,0,,,,Censored No Alarm,0,0,0,0,0,1,0.00045600804151035845,,2018-11-14,,0.09
8HK3NG2H,0,0,,,,Censored No Alarm,0,0,0,0,0,1,0.0027225047815591097,,2018-11-14,,0.09
8HK3NJMH,0,0,,,,Censored No Alarm,0,0,0,0,0,1,0.0005903085693717003,,2018-11-14,,0.09
8HK41HEH,0,0,,,,Censored No Alarm,0,0,0,0,0,1,0.0006175131420604885,,2018-11-14,,0.09
8HK69BMH,0,0,,,,Censored No Alarm,0,0,0,0,0,1,0.00046381764695979655,,2019-03-01,,0.09
8HK6T2AH,0,0,,,,Censored No Alarm,0,0,0,0,0,1,0.00038465511170215905,,2018-11-14,,0.09
8HK6TL7H,0,0,,,,Censored No Alarm,0,0,0,0,0,1,0.0008216065471060574,,2018-11-14,,0.09
8HK6UUDH,0,0,,,,Censored No Alarm,0,0,0,0,0,1,0.0004256769607309252,,2019-03-28,,0.09
8HK6V14H,0,0,,,,Censored No Alarm,0,0,0,0,0,1,0.00041221140418201685,,2018-11-14,,0.09
8HK6VSKH,1,1,2024-02-14,2024-03-10,25.0,On time,1,0,0,0,0,0,0.3458787798881531,0.092226542532444,2018-11-14,1918.0,0.09
8HK70X7H,0,0,,,,Censored No Alarm,0,0,0,0,0,1,0.0009976027067750692,,2018-11-14,,0.09
8HK7194H,0,0,,,,Censored No Alarm,0,0,0,0,0,1,0.002417568350210786,,2018-11-14,,0.09
8HK72J0H,0,0,,,,Censored No Alarm,0,0,0,0,0,1,0.00039015820948407054,,2018-11-14,,0.09
8HK7DKMH,0,0,,,,Censored No Alarm,0,0,0,0,0,1,0.0005770351272076368,,2019-03-02,,0.09
8HK7E5DH,0,0,,,,Censored No Alarm,0,0,0,0,0,1,0.0007447234238497913,,2018-11-14,,0.09
8HK7E68H,0,0,,,,Censored No Alarm,0,0,0,0,0,1,0.0005910032195970416,,2018-11-14,,0.09
8HK7H58H,0,0,,,,Censored No Alarm,0,0,0,0,0,1,0.0004914076998829842,,2018-11-14,,0.09
8HK80P1H,0,0,,,,Censored No Alarm,0,0,0,0,0,1,0.014697680249810219,,2019-01-05,,0.09
8HKB2WEH,0,0,,,,Censored No Alarm,0,0,0,0,0,1,0.02172379195690155,,2019-01-05,,0.09
8HKB3M2H,0,0,,,,Censored No Alarm,0,0,0,0,0,1,0.00019333111413288862,,2019-01-05,,0.09
8HKB4R4H,0,0,,,,Censored No Alarm,0,0,0,0,0,1,0.00038382908678613603,,2019-05-04,,0.09
8HKBBKKH,0,0,,,,Censored No Alarm,0,0,0,0,0,1,0.0038742348551750183,,2018-11-14,,0.09
8HKBYNVH,0,0,,,,Censored No Alarm,0,0,0,0,0,1,0.0002405921695753932,,2019-05-04,,0.09
8HKE039H,0,0,,,,Censored No Alarm,0,0,0,0,0,1,0.014421878382563591,,2018-11-14,,0.09
8HKE6E1H,0,0,,,,Censored No Alarm,0,0,0,0,0,1,0.0005936662782914937,,2019-01-05,,0.09
8HKE8S7H,0,0,,,,Censored No Alarm,0,0,0,0,0,1,0.01580141671001911,,2019-01-05,,0.09
8HKEAWEH,0,0,,,,Censored No Alarm,0,0,0,0,0,1,0.0013275531819090247,,2019-06-01,,0.09
8HKEKYRH,0,0,,,,Censored No Alarm,0,0,0,0,0,1,0.001151206553913653,,2019-06-01,,0.09
8HKG0GWH,0,0,,,,Censored No Alarm,0,0,0,0,0,1,0.00018536743300501257,,2019-01-05,,0.09
8HKHPZHH,0,0,,,,Censored No Alarm,0,0,0,0,0,1,0.0019897883757948875,,2019-06-01,,0.09
8HKJ4MAH,0,0,,,,Censored No Alarm,0,0,0,0,0,1,0.0003635429311543703,,2019-03-01,,0.09
8HKJ5KDH,1,0,,2025-06-29,,Missed,0,0,0,0,1,0,0.0004629836475942284,,2018-11-14,,0.09
8HKL6STH,0,0,,,,Censored No Alarm,0,0,0,0,0,1,0.0007684639422222972,,2019-03-02,,0.09
8HKLRUSH,0,1,2025-02-27,,,Censored Early,0,0,1,1,0,0,0.22476227581501007,0.10392804443836212,2019-03-01,2190.0,0.09
8HKM415H,0,0,,,,Censored No Alarm,0,0,0,0,0,1,0.0002492619678378105,,2019-03-01,,0.09
8HKM5RVH,0,0,,,,Censored No Alarm,0,0,0,0,0,1,0.0006879806169308722,,2019-03-28,,0.09
8HKM654H,0,0,,,,Censored No Alarm,0,0,0,0,0,1,0.00048816765774972737,,2019-03-28,,0.09
8HKM9Z1H,0,0,,,,Censored No Alarm,0,0,0,0,0,1,0.0004032290889881551,,2019-03-28,,0.09
8HKMR21H,1,0,,2020-09-02,,Missed,0,0,0,0,1,0,0.037071436643600464,,2019-03-28,,0.09
8HKNMW1H,0,0,,,,Censored No Alarm,0,0,0,0,0,1,0.0003774489741772413,,2019-05-04,,0.09
8HKNN28H,0,0,,,,Censored No Alarm,0,0,0,0,0,1,0.0329117551445961,,2019-06-01,,0.09
8HKPM7RH,0,0,,,,Censored No Alarm,0,0,0,0,0,1,0.0005688819219358265,,2019-03-02,,0.09
8HKPZY9H,1,1,2024-06-15,2024-08-13,59.0,Early,0,1,0,1,0,0,0.12759318947792053,0.10043647885322571,2019-03-28,1906.0,0.09
8HKRER2H,0,0,,,,Censored No Alarm,0,0,0,0,0,1,0.0023161594290286303,,2019-06-01,,0.09
8HKS4X3H,0,0,,,,Censored No Alarm,0,0,0,0,0,1,0.03328418731689453,,2019-03-02,,0.09
8HKTBA3H,1,0,,2024-09-22,,Missed,0,0,0,0,1,0,0.05958297476172447,,2019-03-01,,0.09
8HKTE54H,0,0,,,,Censored No Alarm,0,0,0,0,0,1,0.0006429327186197042,,2019-03-01,,0.09
8HKTH2SH,1,0,,2023-11-27,,Missed,0,0,0,0,1,0,0.0003487539943307638,,2019-03-01,,0.09
8HKTK0XH,0,0,,,,Censored No Alarm,0,0,0,0,0,1,0.0004540619847830385,,2019-01-05,,0.09
8HKU0DXH,0,0,,,,Censored No Alarm,0,0,0,0,0,1,0.0017020683735609055,,2019-03-01,,0.09
8HKU3YTH,1,1,2023-11-07,2024-07-13,249.0,Early,0,1,0,1,0,0,0.17604650557041168,0.09344165772199631,2019-03-01,1712.0,0.09
8HKU4WXH,0,0,,,,Censored No Alarm,0,0,0,0,0,1,0.005631776060909033,,2019-01-05,,0.09
8HKUEJHH,1,0,,2025-04-25,,Missed,0,0,0,0,1,0,0.0003916479181498289,,2019-03-28,,0.09
8HKVW60H,0,0,,,,Censored No Alarm,0,0,0,0,0,1,0.0004753893590532243,,2019-03-28,,0.09
8HKW4NPH,0,0,,,,Censored No Alarm,0,0,0,0,0,1,0.00231668958440423,,2019-06-01,,0.09
8HKWV1GH,0,0,,,,Censored No Alarm,0,0,0,0,0,1,0.00028695198125205934,,2019-01-05,,0.09
8HKWXJYH,0,0,,,,Censored No Alarm,0,0,0,0,0,1,0.0006476546986959875,,2019-03-28,,0.09
8HKY0KHH,1,1,2023-04-14,2024-05-14,396.0,Early,0,1,0,1,0,0,0.4863215982913971,0.09607970714569092,2019-03-01,1505.0,0.09
8HKY66PH,0,0,,,,Censored No Alarm,0,0,0,0,0,1,0.000497427536174655,,2019-03-01,,0.09
8HKYJ38H,0,0,,,,Censored No Alarm,0,0,0,0,0,1,0.00042221994954161346,,2019-03-28,,0.09
8HKYZ6YH,0,0,,,,Censored No Alarm,0,0,0,0,0,1,0.0004636558296624571,,2019-03-28,,0.09
8HKZ213H,0,0,,,,Censored No Alarm,0,0,0,0,0,1,0.00019650784088298678,,2019-01-05,,0.09
8HKZDBRH,0,0,,,,Censored No Alarm,0,0,0,0,0,1,0.0011859392980113626,,2019-06-01,,0.09
8HKZL75H,0,0,,,,Censored No Alarm,0,0,0,0,0,1,0.018257897347211838,,2019-05-04,,0.09
AAG0EXPH,0,0,,,,Censored No Alarm,0,0,0,0,0,1,0.0002427810541121289,,2019-01-05,,0.09
AAG0LHRH,0,0,,,,Censored No Alarm,0,0,0,0,0,1,0.0006710133166052401,,2019-01-05,,0.09
AAG121VH,0,0,,,,Censored No Alarm,0,0,0,0,0,1,0.001729518873617053,,2019-03-01,,0.09
AAG16VPH,0,0,,,,Censored No Alarm,0,0,0,0,0,1,0.00026588072068989277,,2019-01-05,,0.09
AAG18L0H,0,0,,,,Censored No Alarm,0,0,0,0,0,1,0.0003782334679272026,,2019-03-28,,0.09
AAG18MEH,0,0,,,,Censored No Alarm,0,0,0,0,0,1,0.00041459049680270255,,2019-03-01,,0.09
AAG197UH,0,0,,,,Censored No Alarm,0,0,0,0,0,1,0.0020926720462739468,,2019-06-01,,0.09
AAG1LSNH,1,0,,2025-07-30,,Missed,0,0,0,0,1,0,0.05194289982318878,,2019-01-05,,0.09
AAG1LSVH,0,0,,,,Censored No Alarm,0,0,0,0,0,1,0.002021215157583356,,2019-01-05,,0.09
AAG1LW3H,1,1,2024-08-26,2024-09-03,8.0,On time,1,0,0,0,0,0,0.10333161056041718,0.09136539697647095,2019-01-05,2060.0,0.09
AAG1PLVH,0,0,,,,Censored No Alarm,0,0,0,0,0,1,0.000425427861046046,,2019-03-28,,0.09
AAG1PM9H,0,0,,,,Censored No Alarm,0,0,0,0,0,1,0.0005346607067622244,,2019-03-28,,0.09
AAG1RJAH,0,0,,,,Censored No Alarm,0,0,0,0,0,1,0.059055980294942856,,2019-03-28,,0.09
AAG1RK5H,0,0,,,,Censored No Alarm,0,0,0,0,0,1,0.000242968846578151,,2019-01-05,,0.09
AAG1RR9H,0,0,,,,Censored No Alarm,0,0,0,0,0,1,0.0003905616176780313,,2019-03-28,,0.09
AAG1RUJH,0,0,,,,Censored No Alarm,0,0,0,0,0,1,0.0005783620872534811,,2019-03-28,,0.09
AAG1TGGH,0,0,,,,Censored No Alarm,0,0,0,0,0,1,0.0005104641895741224,,2019-01-05,,0.09
AAG1VJYH,0,0,,,,Censored No Alarm,0,0,0,0,0,1,0.0002711721754167229,,2019-03-28,,0.09
AAG1VNPH,0,0,,,,Censored No Alarm,0,0,0,0,0,1,0.00017130491323769093,,2019-01-05,,0.09
AAG1Z4AH,0,0,,,,Censored No Alarm,0,0,0,0,0,1,0.022336997091770172,,2019-08-13,,0.09
AAG23A2H,0,0,,,,Censored No Alarm,0,0,0,0,0,1,0.07322829216718674,,2019-01-05,,0.09
AAG23AKH,0,0,,,,Censored No Alarm,0,0,0,0,0,1,0.00033383461413905025,,2019-01-05,,0.09
AAG23AVH,0,0,,,,Censored No Alarm,0,0,0,0,0,1,0.0004204170254524797,,2019-03-28,,0.09
AAG246TH,0,0,,,,Censored No Alarm,0,0,0,0,0,1,0.0009074429399333894,,2019-06-01,,0.09
AAG24UVH,0,0,,,,Censored No Alarm,0,0,0,0,0,1,0.0002748508413787931,,2019-01-05,,0.09
AAG24VXH,0,0,,,,Censored No Alarm,0,0,0,0,0,1,0.00022790614457335323,,2019-01-05,,0.09
AAG26NBH,1,0,,2023-10-19,,Missed,0,0,0,0,1,0,0.0628528743982315,,2019-03-28,,0.09
AAG26TPH,0,0,,,,Censored No Alarm,0,0,0,0,0,1,0.04332955554127693,,2019-03-28,,0.09
AAG26U9H,1,0,,2023-01-26,,Missed,0,0,0,0,1,0,0.018968157470226288,,2019-06-01,,0.09
AAG27VEH,0,0,,,,Censored No Alarm,0,0,0,0,0,1,0.0004762334283441305,,2019-03-28,,0.09
AAG27W2H,0,0,,,,Censored No Alarm,0,0,0,0,0,1,0.0002887226000893861,,2019-03-01,,0.09
AAG27XPH,1,0,,2025-10-06,,Missed,0,0,0,0,1,0,0.0006642409134656191,,2019-03-28,,0.09
AAG27ZLH,0,0,,,,Censored No Alarm,0,0,0,0,0,1,0.000865636917296797,,2019-03-28,,0.09
AAG281TH,1,0,,2024-07-25,,Missed,0,0,0,0,1,0,0.0693465918302536,,2019-01-05,,0.09
AAG2GGJH,0,0,,,,Censored No Alarm,0,0,0,0,0,1,0.0014249932719394565,,2019-06-01,,0.09
AAG2JGJH,1,0,,2026-02-10,,Missed,0,0,0,0,1,0,0.0377781055867672,,2019-06-01,,0.09
AAG2JL4H,0,0,,,,Censored No Alarm,0,0,0,0,0,1,0.00023448119463864714,,2019-01-05,,0.09
AAG2RZJH,0,0,,,,Censored No Alarm,0,0,0,0,0,1,0.0005049656028859317,,2019-03-28,,0.09
AAG2S62H,0,0,,,,Censored No Alarm,0,0,0,0,0,1,0.0005883033736608922,,2019-03-28,,0.09
AAG2S9YH,0,0,,,,Censored No Alarm,0,0,0,0,0,1,0.0010619648965075612,,2019-06-01,,0.09
AAG2SAYH,0,0,,,,Censored No Alarm,0,0,0,0,0,1,0.0010756257688626647,,2019-08-14,,0.09
AAG2SJ3H,0,0,,,,Censored No Alarm,0,0,0,0,0,1,0.0006213093874976039,,2019-08-13,,0.09
AAG2VSVH,0,0,,,,Censored No Alarm,0,0,0,0,0,1,0.0006592435529455543,,2019-03-28,,0.09
AAG2Y6JH,0,0,,,,Censored No Alarm,0,0,0,0,0,1,0.0005372400628402829,,2019-03-28,,0.09
AAG2Z67H,0,0,,,,Censored No Alarm,0,0,0,0,0,1,0.0010019438341259956,,2019-06-01,,0.09
AAG2ZU1H,0,0,,,,Censored No Alarm,0,0,0,0,0,1,0.0018651143182069063,,2019-06-01,,0.09
AAG305AH,0,0,,,,Censored No Alarm,0,0,0,0,0,1,0.0021261211950331926,,2019-06-01,,0.09
AAG306GH,0,0,,,,Censored No Alarm,0,0,0,0,0,1,0.006353974808007479,,2019-01-05,,0.09
AAG34Z4H,0,0,,,,Censored No Alarm,0,0,0,0,0,1,0.00044966096174903214,,2019-01-05,,0.09
AAG350BH,0,1,2025-08-01,,,Censored Early,0,0,1,1,0,0,0.1077275276184082,0.09733085334300995,2019-03-28,2318.0,0.09
AAG350TH,0,0,,,,Censored No Alarm,0,0,0,0,0,1,0.00039251206908375025,,2019-03-28,,0.09
AAG3512H,0,0,,,,Censored No Alarm,0,0,0,0,0,1,0.00033958037965931,,2019-03-28,,0.09
AAG352AH,0,0,,,,Censored No Alarm,0,0,0,0,0,1,0.0015269193099811673,,2019-06-01,,0.09
AAG353EH,0,0,,,,Censored No Alarm,0,0,0,0,0,1,0.0002761673822533339,,2019-01-05,,0.09
AAG35LWH,0,1,2024-09-22,,,Censored Early,0,0,1,1,0,0,0.10860616713762283,0.09658960998058319,2019-01-05,2087.0,0.09
AAG401PH,0,0,,,,Censored No Alarm,0,0,0,0,0,1,0.0005072909989394248,,2019-01-05,,0.09
AAG46YHH,0,0,,,,Censored No Alarm,0,0,0,0,0,1,0.0002889886382035911,,2019-03-28,,0.09
AAG477BH,0,0,,,,Censored No Alarm,0,0,0,0,0,1,0.000374731287593022,,2019-01-05,,0.09
AAG478DH,0,0,,,,Censored No Alarm,0,0,0,0,0,1,0.0006496558198705316,,2019-03-28,,0.09
AAG48B3H,0,0,,,,Censored No Alarm,0,0,0,0,0,1,0.00048730033449828625,,2019-03-02,,0.09
AAG4AA9H,0,0,,,,Censored No Alarm,0,0,0,0,0,1,0.0202326737344265,,2019-03-01,,0.09
AAG4VESH,0,1,2024-04-27,,,Censored Early,0,0,1,1,0,0,0.3816607892513275,0.09230585396289825,2019-03-01,1884.0,0.09
AAG4Z4YH,0,0,,,,Censored No Alarm,0,0,0,0,0,1,0.003801860148087144,,2019-03-01,,0.09
AAG4Z52H,0,0,,,,Censored No Alarm,0,0,0,0,0,1,0.0005269864341244102,,2019-03-02,,0.09
AAG4Z5AH,1,1,2024-09-13,2025-03-14,182.0,Early,0,1,0,1,0,0,0.10789535939693451,0.09451310336589813,2019-01-05,2078.0,0.09
AAG4ZABH,0,0,,,,Censored No Alarm,0,0,0,0,0,1,0.0004065256507601589,,2019-03-01,,0.09
AAG51RHH,0,0,,,,Censored No Alarm,0,0,0,0,0,1,0.0004093839961569756,,2019-01-05,,0.09
AAG540GH,0,0,,,,Censored No Alarm,0,0,0,0,0,1,0.0006621421198360622,,2019-03-28,,0.09
AAG5DTTH,0,0,,,,Censored No Alarm,0,0,0,0,0,1,0.000610462564509362,,2019-03-28,,0.09
AAG5Y4DH,0,0,,,,Censored No Alarm,0,0,0,0,0,1,0.0001801150501705706,,2019-01-05,,0.09
AAG5Y4LH,0,0,,,,Censored No Alarm,0,0,0,0,0,1,0.005161924287676811,,2019-01-05,,0.09
AAG5Y4TH,0,0,,,,Censored No Alarm,0,0,0,0,0,1,0.0008221798343583941,,2019-01-05,,0.09
AAG5Y4UH,0,0,,,,Censored No Alarm,0,0,0,0,0,1,0.0003213161544408649,,2019-01-05,,0.09
AAG5Y5UH,0,0,,,,Censored No Alarm,0,0,0,0,0,1,0.009314706549048424,,2019-01-05,,0.09
AAG5YJ4H,0,0,,,,Censored No Alarm,0,0,0,0,0,1,0.0011347229592502117,,2019-03-28,,0.09
AAG5YLKH,0,0,,,,Censored No Alarm,0,0,0,0,0,1,0.0018456393154338002,,2019-03-01,,0.09
AAG5YYBH,0,0,,,,Censored No Alarm,0,0,0,0,0,1,0.00032364221988245845,,2019-01-05,,0.09
AAG5YYKH,1,1,2024-12-14,2025-09-30,290.0,Early,0,1,0,1,0,0,0.11991438269615173,0.10164091736078262,2019-01-05,2170.0,0.09
AAG5YZ8H,0,0,,,,Censored No Alarm,0,0,0,0,0,1,0.0003104234056081623,,2019-03-28,,0.09
AAG5YZZH,1,0,,2025-07-30,,Missed,0,0,0,0,1,0,0.007154553197324276,,2019-03-02,,0.09
AAG613MH,0,0,,,,Censored No Alarm,0,0,0,0,0,1,0.00019708408217411488,,2019-01-05,,0.09
AAG613RH,1,0,,2025-06-06,,Missed,0,0,0,0,1,0,0.00041484946268610656,,2019-01-05,,0.09
AAG61KPH,0,0,,,,Censored No Alarm,0,0,0,0,0,1,0.0014649077784270048,,2019-03-28,,0.09
AAG61LHH,1,1,2022-08-29,2024-05-17,627.0,Early,0,1,0,1,0,0,0.3269366919994354,0.09823588281869888,2019-03-01,1277.0,0.09
AAG61NEH,0,0,,,,Censored No Alarm,0,0,0,0,0,1,0.00032279881997965276,,2019-01-05,,0.09
AAG61NZH,0,0,,,,Censored No Alarm,0,0,0,0,0,1,0.043826378881931305,,2019-03-28,,0.09
AAG61P2H,0,0,,,,Censored No Alarm,0,0,0,0,0,1,0.0007032572757452726,,2019-03-01,,0.09
AAG61UMH,0,0,,,,Censored No Alarm,0,0,0,0,0,1,0.0037487263325601816,,2019-01-05,,0.09
AAG61WRH,0,0,,,,Censored No Alarm,0,0,0,0,0,1,0.0002824295952450484,,2019-03-01,,0.09
AAG61Z1H,0,0,,,,Censored No Alarm,0,0,0,0,0,1,0.00047709106002002954,,2019-01-05,,0.09
AAG61ZAH,0,0,,,,Censored No Alarm,0,0,0,0,0,1,0.00044994315248914063,,2019-03-01,,0.09
AAG620PH,0,0,,,,Censored No Alarm,0,0,0,0,0,1,0.0004636558296624571,,2019-03-28,,0.09
AAG621WH,0,0,,,,Censored No Alarm,0,0,0,0,0,1,0.00022929237456992269,,2019-01-05,,0.09
AAG623DH,0,0,,,,Censored No Alarm,0,0,0,0,0,1,0.00022390192316379398,,2019-01-05,,0.09
AAG6376H,0,0,,,,Censored No Alarm,0,0,0,0,0,1,0.0021840916015207767,,2019-03-28,,0.09
AAG637RH,1,0,,2022-05-21,,Missed,0,0,0,0,1,0,0.0006251277518458664,,2019-01-05,,0.09
AAG6381H,0,0,,,,Censored No Alarm,0,0,0,0,0,1,0.0001981980021810159,,2019-01-05,,0.09
AAG638GH,0,0,,,,Censored No Alarm,0,0,0,0,0,1,0.0003161676286254078,,2019-01-05,,0.09
AAG639BH,0,0,,,,Censored No Alarm,0,0,0,0,0,1,0.005837184377014637,,2019-01-05,,0.09
AAG63DLH,0,0,,,,Censored No Alarm,0,0,0,0,0,1,0.0009717709617689252,,2019-03-28,,0.09
AAG63JSH,0,0,,,,Censored No Alarm,0,0,0,0,0,1,0.0005179106374271214,,2019-03-02,,0.09
AAG63PJH,0,0,,,,Censored No Alarm,0,0,0,0,0,1,0.0002741249045357108,,2019-03-28,,0.09
AAG63PKH,1,1,2022-05-10,2022-05-22,12.0,On time,1,0,0,0,0,0,0.33941781520843506,0.09874644875526428,2019-03-01,1166.0,0.09
AAG63PLH,0,0,,,,Censored No Alarm,0,0,0,0,0,1,0.00039497099351137877,,2019-03-01,,0.09
AAG63RGH,0,0,,,,Censored No Alarm,0,0,0,0,0,1,0.00034383649472147226,,2019-03-01,,0.09
AAG63TMH,1,1,2024-08-10,2025-09-02,388.0,Early,0,1,0,1,0,0,0.3340463638305664,0.10143449157476425,2019-03-02,1988.0,0.09
AAG63TSH,0,0,,,,Censored No Alarm,0,0,0,0,0,1,0.0038041367661207914,,2019-03-28,,0.09
AAG63V6H,0,0,,,,Censored No Alarm,0,0,0,0,0,1,0.028088945895433426,,2019-03-28,,0.09
AAG63WHH,1,0,,2025-11-30,,Missed,0,0,0,0,1,0,0.06481683254241943,,2019-01-05,,0.09
AAG63Z8H,1,1,2025-09-15,2025-09-28,13.0,On time,1,0,0,0,0,0,0.4781971871852875,0.0962030366063118,2019-03-01,2390.0,0.09
AAG6417H,1,1,2024-05-31,2024-06-06,6.0,On time,1,0,0,0,0,0,0.2955865263938904,0.10458865016698837,2019-03-01,1918.0,0.09
AAG6436H,0,0,,,,Censored No Alarm,0,0,0,0,0,1,0.0018440744606778026,,2019-06-01,,0.09
AAG64VXH,0,0,,,,Censored No Alarm,0,0,0,0,0,1,0.01031284499913454,,2019-01-05,,0.09
AAG6509H,0,0,,,,Censored No Alarm,0,0,0,0,0,1,0.00034281937405467033,,2019-03-28,,0.09
AAG67UZH,0,0,,,,Censored No Alarm,0,0,0,0,0,1,0.0036900120321661234,,2019-03-28,,0.09
AAG67V3H,1,0,,2025-06-20,,Missed,0,0,0,0,1,0,0.08687622845172882,,2019-03-01,,0.09
AAG67VBH,0,0,,,,Censored No Alarm,0,0,0,0,0,1,0.0037515766452997923,,2019-03-28,,0.09
AAG67W3H,0,0,,,,Censored No Alarm,0,0,0,0,0,1,0.00022747066395822912,,2019-03-01,,0.09
AAG67Z8H,0,0,,,,Censored No Alarm,0,0,0,0,0,1,0.008085041306912899,,2019-06-01,,0.09
AAG682YH,1,1,2024-02-11,2024-07-04,144.0,Early,0,1,0,1,0,0,0.34143298864364624,0.11210277676582336,2019-03-28,1781.0,0.09
AAG683JH,0,0,,,,Censored No Alarm,0,0,0,0,0,1,0.0004297744599170983,,2019-03-01,,0.09
AAG686GH,0,0,,,,Censored No Alarm,0,0,0,0,0,1,0.0017799565102905035,,2019-03-02,,0.09
AAG6870H,0,0,,,,Censored No Alarm,0,0,0,0,0,1,0.0006068881484679878,,2019-01-05,,0.09
AAG6878H,0,0,,,,Censored No Alarm,0,0,0,0,0,1,0.0002336158067919314,,2019-01-05,,0.09
AAG687GH,0,0,,,,Censored No Alarm,0,0,0,0,0,1,0.0017985017038881779,,2019-03-01,,0.09
AAG687MH,0,0,,,,Censored No Alarm,0,0,0,0,0,1,0.0005799374775961041,,2019-03-28,,0.09
AAG68AGH,0,0,,,,Censored No Alarm,0,0,0,0,0,1,0.0010306289186701179,,2019-06-01,,0.09
AAG68AKH,0,0,,,,Censored No Alarm,0,0,0,0,0,1,0.05989012122154236,,2019-03-02,,0.09
AAG68AUH,0,0,,,,Censored No Alarm,0,0,0,0,0,1,0.0004296526312828064,,2019-01-05,,0.09
AAG68AXH,0,0,,,,Censored No Alarm,0,0,0,0,0,1,0.00039731140714138746,,2019-03-28,,0.09
AAG68BRH,0,0,,,,Censored No Alarm,0,0,0,0,0,1,0.054034214466810226,,2019-01-05,,0.09
AAG68EWH,1,0,,2023-04-01,,Missed,0,0,0,0,1,0,0.0652053952217102,,2019-01-05,,0.09
AAG68EXH,1,0,,2024-06-19,,Missed,0,0,0,0,1,0,0.03489278256893158,,2019-01-05,,0.09
AAG68KVH,0,0,,,,Censored No Alarm,0,0,0,0,0,1,0.0008251977269537747,,2019-01-05,,0.09
AAG691PH,0,0,,,,Censored No Alarm,0,0,0,0,0,1,0.002536219544708729,,2019-06-01,,0.09
AAG691VH,0,0,,,,Censored No Alarm,0,0,0,0,0,1,0.03462763503193855,,2019-01-05,,0.09
AAG69LHH,0,0,,,,Censored No Alarm,0,0,0,0,0,1,0.00103782641235739,,2019-06-01,,0.09
AAG69TTH,0,0,,,,Censored No Alarm,0,0,0,0,0,1,0.0004519311769399792,,2019-03-01,,0.09
AAG69WWH,0,0,,,,Censored No Alarm,0,0,0,0,0,1,0.000181768205948174,,2019-01-05,,0.09
AAG69YWH,0,0,,,,Censored No Alarm,0,0,0,0,0,1,0.0008069751202128828,,2019-03-02,,0.09
AAG6A03H,0,0,,,,Censored No Alarm,0,0,0,0,0,1,0.0005382107920013368,,2019-03-02,,0.09
AAG6A07H,0,0,,,,Censored No Alarm,0,0,0,0,0,1,0.001007857616059482,,2019-03-01,,0.09
AAG6A0AH,0,0,,,,Censored No Alarm,0,0,0,0,0,1,0.0006194370798766613,,2019-01-05,,0.09
AAG6AATH,0,0,,,,Censored No Alarm,0,0,0,0,0,1,0.0005989210330881178,,2019-06-01,,0.09
AAG6AV4H,0,0,,,,Censored No Alarm,0,0,0,0,0,1,0.0005762557266280055,,2019-03-01,,0.09
AAG6AWTH,1,0,,2024-07-08,,Missed,0,0,0,0,1,0,0.040033236145973206,,2019-03-28,,0.09
AAG6AX6H,0,0,,,,Censored No Alarm,0,0,0,0,0,1,0.0005786769324913621,,2019-03-28,,0.09
AAG6B4HH,0,0,,,,Censored No Alarm,0,0,0,0,0,1,0.00039941866998560727,,2019-03-28,,0.09
AAG6B5KH,0,0,,,,Censored No Alarm,0,0,0,0,0,1,0.0003961420152336359,,2019-03-28,,0.09
AAG6DT9H,1,0,,2019-04-25,,Missed,0,0,0,0,1,0,0.0007922147633507848,,2019-03-01,,0.09
AAG6DVEH,0,0,,,,Censored No Alarm,0,0,0,0,0,1,0.018246427178382874,,2019-03-01,,0.09
AAG6DXTH,0,0,,,,Censored No Alarm,0,0,0,0,0,1,0.006331987213343382,,2019-01-05,,0.09
AAG6E2HH,0,0,,,,Censored No Alarm,0,0,0,0,0,1,0.0003222041705157608,,2019-03-28,,0.09
AAG6E60H,0,0,,,,Censored No Alarm,0,0,0,0,0,1,0.00035274698166176677,,2019-03-01,,0.09
AAG6E7EH,0,0,,,,Censored No Alarm,0,0,0,0,0,1,0.00034282670821994543,,2019-03-28,,0.09
AAG6E7RH,0,0,,,,Censored No Alarm,0,0,0,0,0,1,0.0016953333979472518,,2019-03-02,,0.09
AAG6ESPH,0,0,,,,Censored No Alarm,0,0,0,0,0,1,0.00018149455718230456,,2019-01-05,,0.09
AAG6EVRH,0,0,,,,Censored No Alarm,0,0,0,0,0,1,0.0002297744940733537,,2019-01-05,,0.09
AAG6EX3H,0,0,,,,Censored No Alarm,0,0,0,0,0,1,0.00048709739348851144,,2019-01-05,,0.09
AAG6GM1H,0,0,,,,Censored No Alarm,0,0,0,0,0,1,0.00027686968678608537,,2019-03-28,,0.09
AAG6H25H,0,0,,,,Censored No Alarm,0,0,0,0,0,1,0.0003874724206980318,,2019-03-01,,0.09
AAG6HG0H,0,0,,,,Censored No Alarm,0,0,0,0,0,1,0.0005319366464391351,,2019-03-01,,0.09
AAG6HSEH,0,0,,,,Censored No Alarm,0,0,0,0,0,1,0.0005806194385513663,,2019-03-02,,0.09
AAG6HYXH,0,0,,,,Censored No Alarm,0,0,0,0,0,1,0.0011527175083756447,,2019-03-02,,0.09
AAG6J1MH,0,0,,,,Censored No Alarm,0,0,0,0,0,1,0.00023020448861643672,,2019-01-05,,0.09
AAG6J1TH,1,0,,2025-10-07,,Missed,0,0,0,0,1,0,0.05492657423019409,,2019-03-01,,0.09
AAG6J2DH,1,0,,2024-01-03,,Missed,0,0,0,0,1,0,0.02240939997136593,,2019-03-28,,0.09
AAG6J2KH,1,1,2022-10-10,2023-10-19,374.0,Early,0,1,0,1,0,0,0.21860776841640472,0.0913824737071991,2019-01-05,1374.0,0.09
AAG6KJ6H,0,0,,,,Censored No Alarm,0,0,0,0,0,1,0.0010152289178222418,,2019-03-28,,0.09
AAG6KJPH,0,0,,,,Censored No Alarm,0,0,0,0,0,1,0.00048816765774972737,,2019-03-28,,0.09
AAG6KTJH,0,0,,,,Censored No Alarm,0,0,0,0,0,1,0.0005489425966516137,,2019-03-02,,0.09
AAG6KTRH,0,0,,,,Censored No Alarm,0,0,0,0,0,1,0.00035685833427123725,,2019-01-05,,0.09
AAG6KUAH,0,1,2025-12-06,,,Censored Early,0,0,1,1,0,0,0.19867858290672302,0.09449946880340576,2019-01-05,2527.0,0.09
AAG6KUJH,0,0,,,,Censored No Alarm,0,0,0,0,0,1,0.0003656504850368947,,2019-03-01,,0.09
AAG6KV6H,1,0,,2021-11-27,,Missed,0,0,0,0,1,0,0.007714521139860153,,2019-03-01,,0.09
AAG6L88H,0,0,,,,Censored No Alarm,0,0,0,0,0,1,0.0002789985737763345,,2019-03-28,,0.09
AAG6L8VH,0,0,,,,Censored No Alarm,0,0,0,0,0,1,0.07238728553056717,,2019-03-28,,0.09
AAG6LD7H,1,0,,2025-06-16,,Missed,0,0,0,0,1,0,0.02925039827823639,,2019-03-01,,0.09
AAG6LDTH,0,0,,,,Censored No Alarm,0,0,0,0,0,1,0.00048816765774972737,,2019-03-28,,0.09
AAG6LEHH,0,0,,,,Censored No Alarm,0,0,0,0,0,1,0.0005736469756811857,,2019-03-01,,0.09
AAG6LEJH,0,0,,,,Censored No Alarm,0,0,0,0,0,1,0.00041516986675560474,,2019-03-01,,0.09
AAG6LG9H,0,0,,,,Censored No Alarm,0,0,0,0,0,1,0.0004630829207599163,,2019-01-05,,0.09
AAG6LTSH,0,0,,,,Censored No Alarm,0,0,0,0,0,1,0.0015492715174332261,,2019-03-01,,0.09
AAG6M3BH,0,0,,,,Censored No Alarm,0,0,0,0,0,1,0.00048401165986433625,,2019-03-02,,0.09
AAG6M8TH,0,0,,,,Censored No Alarm,0,0,0,0,0,1,0.0004114187613595277,,2019-01-05,,0.09
AAG6MABH,0,0,,,,Censored No Alarm,0,0,0,0,0,1,0.0005653678090311587,,2019-05-04,,0.09
AAG6NEEH,0,0,,,,Censored No Alarm,0,0,0,0,0,1,0.0004636558296624571,,2019-03-28,,0.09
AAG6NP0H,1,1,2024-02-05,2024-09-22,230.0,Early,0,1,0,1,0,0,0.2624502182006836,0.10630917549133301,2019-03-01,1802.0,0.09
AAG6NPRH,1,1,2026-02-16,2026-03-12,24.0,On time,1,0,0,0,0,0,0.464857280254364,0.09347395598888397,2019-03-01,2544.0,0.09
AAG6NRBH,1,1,2024-04-22,2024-07-11,80.0,Early,0,1,0,1,0,0,0.1621326506137848,0.09935115277767181,2019-03-28,1852.0,0.09
AAG6NRZH,0,0,,,,Censored No Alarm,0,0,0,0,0,1,0.0009485002374276519,,2019-03-28,,0.09
AAG6NS8H,0,0,,,,Censored No Alarm,0,0,0,0,0,1,0.07761003822088242,,2019-03-28,,0.09
AAG6NSKH,0,0,,,,Censored No Alarm,0,0,0,0,0,1,0.03899422287940979,,2019-01-05,,0.09
AAG6NVKH,0,0,,,,Censored No Alarm,0,0,0,0,0,1,0.0005515350494533777,,2019-01-05,,0.09
AAG6NW3H,0,0,,,,Censored No Alarm,0,0,0,0,0,1,0.001250961679033935,,2019-06-01,,0.09
AAG6P40H,0,0,,,,Censored No Alarm,0,0,0,0,0,1,0.00020492130715865642,,2019-01-05,,0.09
AAG6P42H,0,0,,,,Censored No Alarm,0,0,0,0,0,1,0.0002591130032669753,,2019-03-01,,0.09
AAG6P4EH,0,0,,,,Censored No Alarm,0,0,0,0,0,1,0.00027537913410924375,,2019-03-28,,0.09
AAG6P9AH,0,0,,,,Censored No Alarm,0,0,0,0,0,1,0.00026754377176985145,,2019-03-01,,0.09
AAG6PWBH,0,0,,,,Censored No Alarm,0,0,0,0,0,1,0.0004709040804300457,,2019-03-02,,0.09
AAG6PY2H,0,0,,,,Censored No Alarm,0,0,0,0,0,1,0.00027648298419080675,,2019-01-05,,0.09
AAG6PYLH,0,0,,,,Censored No Alarm,0,0,0,0,0,1,0.0011126470053568482,,2019-06-01,,0.09
AAG6R0AH,0,0,,,,Censored No Alarm,0,0,0,0,0,1,0.0011437736684456468,,2019-06-01,,0.09
AAG6R2RH,0,0,,,,Censored No Alarm,0,0,0,0,0,1,0.00039726292015984654,,2019-03-01,,0.09
AAG6R32H,0,0,,,,Censored No Alarm,0,0,0,0,0,1,0.0008265418582595885,,2019-03-01,,0.09
AAG6R48H,0,0,,,,Censored No Alarm,0,0,0,0,0,1,0.0003132166457362473,,2019-03-28,,0.09
AAG6R8UH,0,0,,,,Censored No Alarm,0,0,0,0,0,1,0.0003453542594797909,,2019-03-28,,0.09
AAG6T4ZH,0,0,,,,Censored No Alarm,0,0,0,0,0,1,0.0011453655315563083,,2019-03-28,,0.09
AAG6T52H,1,0,,2023-06-10,,Missed,0,0,0,0,1,0,0.001605999656021595,,2019-06-01,,0.09
AAG6T55H,0,0,,,,Censored No Alarm,0,0,0,0,0,1,0.002376382239162922,,2019-06-01,,0.09
AAG6T5JH,0,0,,,,Censored No Alarm,0,0,0,0,0,1,0.0005376173066906631,,2019-05-16,,0.09
AAG6T7LH,0,0,,,,Censored No Alarm,0,0,0,0,0,1,0.00038524685078300536,,2019-03-01,,0.09
AAG6T9NH,0,0,,,,Censored No Alarm,0,0,0,0,0,1,0.0008739279001019895,,2019-06-01,,0.09
AAG6TA8H,0,0,,,,Censored No Alarm,0,0,0,0,0,1,0.000478616711916402,,2019-01-05,,0.09
AAG6TAHH,0,0,,,,Censored No Alarm,0,0,0,0,0,1,0.010502793826162815,,2019-06-01,,0.09
AAG6TAKH,0,0,,,,Censored No Alarm,0,0,0,0,0,1,0.0014677813742309809,,2019-06-01,,0.09
AAG6TBBH,0,0,,,,Censored No Alarm,0,0,0,0,0,1,0.0006179941119626164,,2019-03-28,,0.09
AAG6TBJH,0,0,,,,Censored No Alarm,0,0,0,0,0,1,0.0008968256297521293,,2019-01-05,,0.09
AAG6THHH,0,0,,,,Censored No Alarm,0,0,0,0,0,1,0.0014837047783657908,,2019-06-01,,0.09
AAG6THJH,0,0,,,,Censored No Alarm,0,0,0,0,0,1,0.0010427808156237006,,2019-06-01,,0.09
AAG6THLH,0,0,,,,Censored No Alarm,0,0,0,0,0,1,0.00024274516908917576,,2019-05-04,,0.09
AAG6TRKH,0,0,,,,Censored No Alarm,0,0,0,0,0,1,0.000378269178327173,,2019-05-04,,0.09
AAG6TS8H,0,0,,,,Censored No Alarm,0,0,0,0,0,1,0.023000888526439667,,2019-06-01,,0.09
AAG6TSUH,0,0,,,,Censored No Alarm,0,0,0,0,0,1,0.00039397721411660314,,2019-03-28,,0.09
AAG6TT1H,0,0,,,,Censored No Alarm,0,0,0,0,0,1,0.0007850444526411593,,2019-05-16,,0.09
AAG6TT9H,0,0,,,,Censored No Alarm,0,0,0,0,0,1,0.00028856462449766695,,2019-03-28,,0.09
AAG6TTNH,0,0,,,,Censored No Alarm,0,0,0,0,0,1,0.0009072613320313394,,2019-01-05,,0.09
AAG6TUVH,0,0,,,,Censored No Alarm,0,0,0,0,0,1,0.005794755183160305,,2019-06-01,,0.09
AAG6TVPH,0,0,,,,Censored No Alarm,0,0,0,0,0,1,0.0006967886001802981,,2019-03-28,,0.09
AAG6TY4H,0,0,,,,Censored No Alarm,0,0,0,0,0,1,0.00316201476380229,,2019-06-01,,0.09
AAG6U5AH,0,0,,,,Censored No Alarm,0,0,0,0,0,1,0.0005458803498186171,,2019-03-01,,0.09
AAG6UKNH,0,0,,,,Censored No Alarm,0,0,0,0,0,1,0.00025445682695135474,,2019-03-28,,0.09
AAG6UMGH,0,0,,,,Censored No Alarm,0,0,0,0,0,1,0.0002698895114008337,,2019-01-05,,0.09
AAG6UMJH,0,0,,,,Censored No Alarm,0,0,0,0,0,1,0.0002747232501860708,,2019-01-05,,0.09
AAG6UNKH,0,1,2025-03-13,,,Censored Early,0,0,1,1,0,0,0.12616153061389923,0.11157350242137909,2019-06-01,2112.0,0.09
AAG6US4H,0,0,,,,Censored No Alarm,0,0,0,0,0,1,0.0004359520971775055,,2019-03-01,,0.09
AAG6UT0H,0,0,,,,Censored No Alarm,0,0,0,0,0,1,0.002619334729388356,,2019-06-01,,0.09
AAG6UU8H,0,0,,,,Censored No Alarm,0,0,0,0,0,1,0.020154612138867378,,2019-01-05,,0.09
AAG6UZTH,0,0,,,,Censored No Alarm,0,0,0,0,0,1,0.0006787862512283027,,2019-03-28,,0.09
AAG6V1MH,0,0,,,,Censored No Alarm,0,0,0,0,0,1,0.001064192852936685,,2019-03-28,,0.09
AAG6V71H,0,0,,,,Censored No Alarm,0,0,0,0,0,1,0.00043646982521750033,,2019-03-01,,0.09
AAG6V7DH,0,0,,,,Censored No Alarm,0,0,0,0,0,1,0.0005503928405232728,,2019-03-01,,0.09
AAG6V7VH,0,0,,,,Censored No Alarm,0,0,0,0,0,1,0.0004121047386433929,,2019-03-01,,0.09
AAG6VHXH,0,0,,,,Censored No Alarm,0,0,0,0,0,1,0.001017348375171423,,2019-06-01,,0.09
AAG6VJKH,0,0,,,,Censored No Alarm,0,0,0,0,0,1,0.0010099433129653335,,2019-03-28,,0.09
AAG6VM8H,0,0,,,,Censored No Alarm,0,0,0,0,0,1,0.00039648733218200505,,2019-03-28,,0.09
AAG6VMBH,0,0,,,,Censored No Alarm,0,0,0,0,0,1,0.0003853888192679733,,2019-03-01,,0.09
AAG6VMGH,0,0,,,,Censored No Alarm,0,0,0,0,0,1,0.0006569204269908369,,2019-03-01,,0.09
AAG6X6JH,0,0,,,,Censored No Alarm,0,0,0,0,0,1,0.00025454512797296047,,2019-03-28,,0.09
AAG6XU7H,1,1,2019-07-02,2020-05-23,326.0,Early,0,1,0,1,0,0,0.48700377345085144,0.20841096341609955,2019-05-04,59.0,0.09
AAG6XWGH,0,0,,,,Censored No Alarm,0,0,0,0,0,1,0.0004973792238160968,,2019-03-01,,0.09
AAG6XWJH,1,1,2024-07-10,2025-04-04,268.0,Early,0,1,0,1,0,0,0.09911376982927322,0.09315377473831177,2019-03-28,1931.0,0.09
AAG6XXWH,0,0,,,,Censored No Alarm,0,0,0,0,0,1,0.0004705218016169965,,2019-01-05,,0.09
AAG6XYBH,0,0,,,,Censored No Alarm,0,0,0,0,0,1,0.0009289870504289865,,2019-06-01,,0.09
AAG6XYNH,0,0,,,,Censored No Alarm,0,0,0,0,0,1,0.006168433930724859,,2019-06-01,,0.09
AAG6XZ6H,0,0,,,,Censored No Alarm,0,0,0,0,0,1,0.0002700717595871538,,2019-03-28,,0.09
AAG6XZNH,0,0,,,,Censored No Alarm,0,0,0,0,0,1,0.0011803455417975783,,2019-06-01,,0.09
AAG6Y0GH,0,0,,,,Censored No Alarm,0,0,0,0,0,1,0.0019141564844176173,,2019-03-01,,0.09
AAG6Y0KH,0,0,,,,Censored No Alarm,0,0,0,0,0,1,0.00044956261990591884,,2019-01-05,,0.09
AAG6Y1BH,0,0,,,,Censored No Alarm,0,0,0,0,0,1,0.000520114554092288,,2019-03-02,,0.09
AAG6Y3LH,0,0,,,,Censored No Alarm,0,0,0,0,0,1,0.0006365345325320959,,2019-03-28,,0.09
AAG6Y3UH,0,0,,,,Censored No Alarm,0,0,0,0,0,1,0.001215641968883574,,2019-06-01,,0.09
AAG6Y41H,0,0,,,,Censored No Alarm,0,0,0,0,0,1,0.0001863296638475731,,2019-01-05,,0.09
AAG6Y46H,0,0,,,,Censored No Alarm,0,0,0,0,0,1,0.0012730403104797006,,2019-06-01,,0.09
AAG6YZ1H,0,0,,,,Censored No Alarm,0,0,0,0,0,1,0.00040750959306024015,,2019-03-28,,0.09
AAG6YZ9H,0,0,,,,Censored No Alarm,0,0,0,0,0,1,0.0003715001803357154,,2019-01-05,,0.09
AAG6Z0DH,0,0,,,,Censored No Alarm,0,0,0,0,0,1,0.0001934067258844152,,2019-01-05,,0.09
AAG6Z17H,0,0,,,,Censored No Alarm,0,0,0,0,0,1,0.001520164660178125,,2019-06-01,,0.09
AAG6Z1MH,0,0,,,,Censored No Alarm,0,0,0,0,0,1,0.000492782739456743,,2019-03-01,,0.09
AAG6Z1XH,0,0,,,,Censored No Alarm,0,0,0,0,0,1,0.0004860130720771849,,2019-03-01,,0.09
AAG6Z2DH,0,0,,,,Censored No Alarm,0,0,0,0,0,1,0.0026418124325573444,,2019-03-01,,0.09
AAG6Z2RH,0,0,,,,Censored No Alarm,0,0,0,0,0,1,0.0019766807090491056,,2019-06-01,,0.09
AAG6Z42H,1,0,,2024-11-24,,Missed,0,0,0,0,1,0,0.020320748910307884,,2019-01-05,,0.09
AAG6Z4VH,0,0,,,,Censored No Alarm,0,0,0,0,0,1,0.00037860104930587113,,2019-03-01,,0.09
AAG6Z53H,0,0,,,,Censored No Alarm,0,0,0,0,0,1,0.0006466382183134556,,2019-05-16,,0.09
AAG6ZJ9H,0,0,,,,Censored No Alarm,0,0,0,0,0,1,0.0004955327021889389,,2019-03-01,,0.09
AAG705GH,0,0,,,,Censored No Alarm,0,0,0,0,0,1,0.0004849976976402104,,2019-03-01,,0.09
AAG7078H,0,0,,,,Censored No Alarm,0,0,0,0,0,1,0.010280816815793514,,2019-05-04,,0.09
AAG70HDH,0,0,,,,Censored No Alarm,0,0,0,0,0,1,0.00038005225360393524,,2019-01-05,,0.09
AAG70JEH,0,0,,,,Censored No Alarm,0,0,0,0,0,1,0.014837663620710373,,2019-06-01,,0.09
AAG70U9H,0,0,,,,Censored No Alarm,0,0,0,0,0,1,0.0035022851079702377,,2019-01-05,,0.09
AAG73ZWH,0,0,,,,Censored No Alarm,0,0,0,0,0,1,0.0006733297486789525,,2019-01-05,,0.09
AAG73ZZH,0,0,,,,Censored No Alarm,0,0,0,0,0,1,0.003817909164354205,,2019-03-28,,0.09
AAG740EH,0,0,,,,Censored No Alarm,0,0,0,0,0,1,0.0006498743896372616,,2019-01-05,,0.09
AAG740NH,0,0,,,,Censored No Alarm,0,0,0,0,0,1,0.001163373002782464,,2019-06-01,,0.09
AAG740WH,0,0,,,,Censored No Alarm,0,0,0,0,0,1,0.00031238881638273597,,2019-03-01,,0.09
AAG740YH,0,0,,,,Censored No Alarm,0,0,0,0,0,1,0.000574012054130435,,2019-03-28,,0.09
AAG741PH,0,0,,,,Censored No Alarm,0,0,0,0,0,1,0.00048816765774972737,,2019-03-28,,0.09
AAG742EH,0,0,,,,Censored No Alarm,0,0,0,0,0,1,0.0009992021368816495,,2019-03-28,,0.09
AAG742JH,0,0,,,,Censored No Alarm,0,0,0,0,0,1,0.013965491205453873,,2019-06-01,,0.09
AAG742WH,0,0,,,,Censored No Alarm,0,0,0,0,0,1,0.0006462414748966694,,2019-01-05,,0.09
AAG7431H,0,0,,,,Censored No Alarm,0,0,0,0,0,1,0.00019279835396446288,,2019-01-05,,0.09
AAG743EH,0,0,,,,Censored No Alarm,0,0,0,0,0,1,0.002639354672282934,,2019-06-01,,0.09
AAG743UH,0,0,,,,Censored No Alarm,0,0,0,0,0,1,0.0007455620216205716,,2019-01-05,,0.09
AAG743VH,0,0,,,,Censored No Alarm,0,0,0,0,0,1,0.004137691576033831,,2019-01-05,,0.09
AAG7454H,0,0,,,,Censored No Alarm,0,0,0,0,0,1,0.0004840367764700204,,2019-03-28,,0.09
AAG74DKH,0,0,,,,Censored No Alarm,0,0,0,0,0,1,0.0002450533793307841,,2019-05-04,,0.09
AAG74EAH,1,1,2022-02-28,2025-07-27,1245.0,Early,0,1,0,1,0,0,0.4850635230541229,0.09805578738451004,2019-05-04,1031.0,0.09
AAG74EBH,0,0,,,,Censored No Alarm,0,0,0,0,0,1,0.0008252041297964752,,2019-03-28,,0.09
AAG74EYH,0,0,,,,Censored No Alarm,0,0,0,0,0,1,0.002116989344358444,,2019-06-01,,0.09
AAG74EZH,0,0,,,,Censored No Alarm,0,0,0,0,0,1,0.0012783476850017905,,2019-06-01,,0.09
AAG74VHH,0,0,,,,Censored No Alarm,0,0,0,0,0,1,0.0004905937821604311,,2019-03-01,,0.09
AAG74WRH,0,0,,,,Censored No Alarm,0,0,0,0,0,1,0.004425362218171358,,2019-06-01,,0.09
AAG76HYH,1,1,2021-08-28,2021-09-29,32.0,Early,0,1,0,1,0,0,0.48801472783088684,0.098245769739151,2019-03-02,910.0,0.09
AAG77A5H,0,0,,,,Censored No Alarm,0,0,0,0,0,1,0.0015042416052892804,,2019-06-01,,0.09
AAG799NH,0,0,,,,Censored No Alarm,0,0,0,0,0,1,0.00047545056440867484,,2019-03-02,,0.09
AAG79B0H,0,0,,,,Censored No Alarm,0,0,0,0,0,1,0.00043309939792379737,,2019-03-28,,0.09
AAG7A8EH,0,0,,,,Censored No Alarm,0,0,0,0,0,1,0.003906487487256527,,2019-06-01,,0.09
AAG7A9KH,0,0,,,,Censored No Alarm,0,0,0,0,0,1,0.0004360514576546848,,2019-01-05,,0.09
AAG7ADMH,0,0,,,,Censored No Alarm,0,0,0,0,0,1,0.0005778284394182265,,2019-05-16,,0.09
AAG7AGWH,0,0,,,,Censored No Alarm,0,0,0,0,0,1,0.00031065463554114103,,2019-05-04,,0.09
AAG7AHMH,0,0,,,,Censored No Alarm,0,0,0,0,0,1,0.0011741694761440158,,2019-06-01,,0.09
AAG7BP3H,0,0,,,,Censored No Alarm,0,0,0,0,0,1,0.0019333978416398168,,2019-06-01,,0.09
AAG7BPKH,0,0,,,,Censored No Alarm,0,0,0,0,0,1,0.0006525021162815392,,2019-06-01,,0.09
AAG7BRGH,0,0,,,,Censored No Alarm,0,0,0,0,0,1,0.0003394276136532426,,2019-01-05,,0.09
AAG7BS8H,0,0,,,,Censored No Alarm,0,0,0,0,0,1,0.000549538352061063,,2019-03-01,,0.09
AAG7BWAH,0,0,,,,Censored No Alarm,0,0,0,0,0,1,0.0004636558296624571,,2019-03-28,,0.09
AAG7D1SH,0,0,,,,Censored No Alarm,0,0,0,0,0,1,0.007007327862083912,,2019-06-01,,0.09
AAG7D29H,0,0,,,,Censored No Alarm,0,0,0,0,0,1,0.0006968383095227182,,2019-03-28,,0.09
AAG7D2PH,0,0,,,,Censored No Alarm,0,0,0,0,0,1,0.0014020857634022832,,2019-06-01,,0.09
AAG7D48H,0,0,,,,Censored No Alarm,0,0,0,0,0,1,0.0016367065254598856,,2019-06-01,,0.09
AAG7D4DH,0,0,,,,Censored No Alarm,0,0,0,0,0,1,0.0003339071699883789,,2019-03-01,,0.09
AAG7D85H,0,0,,,,Censored No Alarm,0,0,0,0,0,1,0.027068210765719414,,2019-06-01,,0.09
AAG7DPYH,0,0,,,,Censored No Alarm,0,0,0,0,0,1,0.0020259288139641285,,2019-03-01,,0.09
AAG7DRDH,0,0,,,,Censored No Alarm,0,0,0,0,0,1,0.00022228386660572141,,2019-03-01,,0.09
AAG7DS9H,0,0,,,,Censored No Alarm,0,0,0,0,0,1,0.015861669555306435,,2019-03-01,,0.09
AAG7DW0H,0,0,,,,Censored No Alarm,0,0,0,0,0,1,0.0003804542648140341,,2019-05-04,,0.09
AAG7E1MH,0,0,,,,Censored No Alarm,0,0,0,0,0,1,0.0004992270842194557,,2019-03-01,,0.09
AAG7E1PH,0,0,,,,Censored No Alarm,0,0,0,0,0,1,0.0003214975295122713,,2019-01-05,,0.09
AAG7E2HH,0,0,,,,Censored No Alarm,0,0,0,0,0,1,0.00048722323845140636,,2019-03-02,,0.09
AAG7LG4H,0,0,,,,Censored No Alarm,0,0,0,0,0,1,0.00043783828732557595,,2019-03-01,,0.09
AAG7LG7H,0,0,,,,Censored No Alarm,0,0,0,0,0,1,0.0007701420108787715,,2019-05-16,,0.09
AAG7LHYH,0,0,,,,Censored No Alarm,0,0,0,0,0,1,0.0004970773006789386,,2019-03-28,,0.09
AAG7LNAH,0,0,,,,Censored No Alarm,0,0,0,0,0,1,0.0012986849760636687,,2019-06-01,,0.09
AAG7LSWH,0,0,,,,Censored No Alarm,0,0,0,0,0,1,0.0004503016534727067,,2019-01-05,,0.09
AAG7LTHH,1,0,,2024-07-29,,Missed,0,0,0,0,1,0,0.04419473931193352,,2019-03-28,,0.09
AAG7LZEH,0,0,,,,Censored No Alarm,0,0,0,0,0,1,0.00043647937127389014,,2019-03-02,,0.09
AAG7M25H,0,0,,,,Censored No Alarm,0,0,0,0,0,1,0.001473485492169857,,2019-06-01,,0.09
AAG7M3NH,0,0,,,,Censored No Alarm,0,0,0,0,0,1,0.004285956732928753,,2019-06-01,,0.09
AAG7M3TH,0,0,,,,Censored No Alarm,0,0,0,0,0,1,0.0008040809188969433,,2019-03-28,,0.09
AAG7MMDH,0,0,,,,Censored No Alarm,0,0,0,0,0,1,0.0007107174606062472,,2019-05-16,,0.09
AAG7MP8H,0,0,,,,Censored No Alarm,0,0,0,0,0,1,0.0007663132273592055,,2019-06-01,,0.09
AAG7MULH,1,1,2026-02-13,2026-03-13,28.0,On time,1,0,0,0,0,0,0.47826603055000305,0.3954600393772125,2019-03-02,2540.0,0.09
AAG7MUNH,0,0,,,,Censored No Alarm,0,0,0,0,0,1,0.013368021696805954,,2019-06-01,,0.09
AAG7MVMH,0,0,,,,Censored No Alarm,0,0,0,0,0,1,0.0005037471419200301,,2019-03-02,,0.09
AAG7N3ZH,0,0,,,,Censored No Alarm,0,0,0,0,0,1,0.00040526711381971836,,2019-03-28,,0.09
AAG7N5WH,0,0,,,,Censored No Alarm,0,0,0,0,0,1,0.0006923892069607973,,2019-03-28,,0.09
AAG7N62H,0,0,,,,Censored No Alarm,0,0,0,0,0,1,0.0015040290309116244,,2019-06-01,,0.09
AAG7N63H,0,0,,,,Censored No Alarm,0,0,0,0,0,1,0.00026949919993057847,,2019-03-28,,0.09
AAG7N6MH,0,0,,,,Censored No Alarm,0,0,0,0,0,1,0.0005677433218806982,,2019-05-04,,0.09
AAG7PPHH,1,0,,2025-10-28,,Missed,0,0,0,0,1,0,0.012133942916989326,,2019-03-02,,0.09
AAG7R02H,0,0,,,,Censored No Alarm,0,0,0,0,0,1,0.00329667329788208,,2019-06-01,,0.09
AAG7R5VH,0,0,,,,Censored No Alarm,0,0,0,0,0,1,0.001520164660178125,,2019-06-01,,0.09
AAG7R93H,0,0,,,,Censored No Alarm,0,0,0,0,0,1,0.0011693643173202872,,2019-06-01,,0.09
AAG7RA1H,0,0,,,,Censored No Alarm,0,0,0,0,0,1,0.00038402382051572204,,2019-01-05,,0.09
AAG7RAMH,0,0,,,,Censored No Alarm,0,0,0,0,0,1,0.0018167089438065886,,2019-03-02,,0.09
AAG7RBDH,0,0,,,,Censored No Alarm,0,0,0,0,0,1,0.0003723651170730591,,2019-05-04,,0.09
AAG90D8H,0,0,,,,Censored No Alarm,0,0,0,0,0,1,0.0004495915782172233,,2019-05-04,,0.09
AAG9VK6H,0,0,,,,Censored No Alarm,0,0,0,0,0,1,0.0005320786731317639,,2019-03-02,,0.09
AAGA4YNH,0,0,,,,Censored No Alarm,0,0,0,0,0,1,0.0010643622372299433,,2019-06-01,,0.09
AAGA7W1H,1,0,,2023-04-11,,Missed,0,0,0,0,1,0,0.0654752179980278,,2019-03-01,,0.09
AAGA9E3H,0,0,,,,Censored No Alarm,0,0,0,0,0,1,0.0004163041594438255,,2019-05-04,,0.09
AAGH3VWH,0,0,,,,Censored No Alarm,0,0,0,0,0,1,0.005137037485837936,,2019-05-27,,0.09
AAGMU4TH,0,0,,,,Censored No Alarm,0,0,0,0,0,1,0.00036411421024240553,,2019-05-04,,0.09
AAGN9D2H,1,0,,2023-09-17,,Missed,0,0,0,0,1,0,0.00028399002621881664,,2019-05-04,,0.09
AAGP62KH,0,0,,,,Censored No Alarm,0,0,0,0,0,1,0.007068609818816185,,2019-06-01,,0.09
AAGUS87H,0,0,,,,Censored No Alarm,0,0,0,0,0,1,0.011644595302641392,,2019-08-14,,0.09
AAGVX4UH,0,0,,,,Censored No Alarm,0,0,0,0,0,1,0.00018174515571445227,,2019-05-04,,0.09
AAGWTB0H,0,0,,,,Censored No Alarm,0,0,0,0,0,1,0.058005448430776596,,2019-06-01,,0.09
AAGXDBZH,0,1,2023-08-07,,,Censored Early,0,0,1,1,0,0,0.4163283407688141,0.1138228327035904,2019-05-16,1544.0,0.09
AAGXLP2H,0,0,,,,Censored No Alarm,0,0,0,0,0,1,0.004138731397688389,,2019-06-01,,0.09
AAGXMJSH,0,0,,,,Censored No Alarm,0,0,0,0,0,1,0.0002679568133316934,,2019-05-04,,0.09
AAGXU8YH,0,0,,,,Censored No Alarm,0,0,0,0,0,1,0.0005363402888178825,,2019-05-16,,0.09
AAGXUBRH,0,0,,,,Censored No Alarm,0,0,0,0,0,1,0.00037848218926228583,,2019-05-04,,0.09
AAGXV97H,0,0,,,,Censored No Alarm,0,0,0,0,0,1,0.0027229515835642815,,2024-03-13,,0.09
AAGXW8VH,0,0,,,,Censored No Alarm,0,0,0,0,0,1,0.010240556672215462,,2019-08-14,,0.09
AAGXWUWH,0,0,,,,Censored No Alarm,0,0,0,0,0,1,0.00026603692094795406,,2019-05-04,,0.09
AAGXY3MH,1,0,,2025-04-09,,Missed,0,0,0,0,1,0,0.008418106473982334,,2019-05-16,,0.09
AAH22T7H,0,0,,,,Censored No Alarm,0,0,0,0,0,1,0.06309568881988525,,2019-05-04,,0.09
AAH4NTGH,0,0,,,,Censored No Alarm,0,0,0,0,0,1,0.0004116039490327239,,2019-05-04,,0.09
AAH6DU2H,0,1,2024-11-29,,,Censored Early,0,0,1,1,0,0,0.10413878411054611,0.09466041624546051,2019-08-14,1934.0,0.09
AAH78SAH,0,0,,,,Censored No Alarm,0,0,0,0,0,1,0.00020556357048917562,,2019-05-04,,0.09
AAH7HJSH,0,0,,,,Censored No Alarm,0,0,0,0,0,1,0.00029807208920829,,2019-05-04,,0.09
AAH7HKHH,0,0,,,,Censored No Alarm,0,0,0,0,0,1,0.0008103286963887513,,2019-05-04,,0.09
AAH7HNDH,0,0,,,,Censored No Alarm,0,0,0,0,0,1,0.0003890699881594628,,2019-05-04,,0.09
AAH7X19H,0,0,,,,Censored No Alarm,0,0,0,0,0,1,0.00021487440972123295,,2019-05-04,,0.09
AAH86SEH,0,0,,,,Censored No Alarm,0,0,0,0,0,1,0.0002138483978342265,,2019-05-04,,0.09
AAH8BLDH,0,0,,,,Censored No Alarm,0,0,0,0,0,1,0.0007485563401132822,,2019-05-04,,0.09
AAH8HPVH,0,0,,,,Censored No Alarm,0,0,0,0,0,1,0.049603067338466644,,2019-05-04,,0.09
AAH8LPUH,0,0,,,,Censored No Alarm,0,0,0,0,0,1,0.00041421284549869597,,2019-05-04,,0.09
AAH8P7WH,0,0,,,,Censored No Alarm,0,0,0,0,0,1,0.0007702730363234878,,2019-05-27,,0.09
AAH8R0LH,0,0,,,,Censored No Alarm,0,0,0,0,0,1,0.000455362576758489,,2019-05-04,,0.09
AAH8RG4H,0,0,,,,Censored No Alarm,0,0,0,0,0,1,0.0004708668275270611,,2019-05-04,,0.09
AAH8V76H,0,0,,,,Censored No Alarm,0,0,0,0,0,1,0.00030351258465088904,,2019-05-04,,0.09
AAH8V7KH,0,0,,,,Censored No Alarm,0,0,0,0,0,1,0.0002915890363510698,,2019-05-04,,0.09
AAH90NAH,1,0,,2023-04-19,,Missed,0,0,0,0,1,0,0.03629811853170395,,2019-05-04,,0.09
AAH919BH,0,0,,,,Censored No Alarm,0,0,0,0,0,1,0.00045075835078023374,,2019-05-04,,0.09
AAH9285H,0,0,,,,Censored No Alarm,0,0,0,0,0,1,0.00022701585839968175,,2019-05-04,,0.09
AAH92GHH,0,0,,,,Censored No Alarm,0,0,0,0,0,1,0.00040086283115670085,,2019-05-04,,0.09
AAH92HRH,0,0,,,,Censored No Alarm,0,0,0,0,0,1,0.00022494250151794404,,2019-05-04,,0.09
AAH92JGH,0,0,,,,Censored No Alarm,0,0,0,0,0,1,0.0011333076981827617,,2019-05-04,,0.09
AAH92V3H,0,0,,,,Censored No Alarm,0,0,0,0,0,1,0.00044949323637411,,2019-05-04,,0.09
AAH9301H,1,0,,2023-12-23,,Missed,0,0,0,0,1,0,0.07444055378437042,,2019-05-04,,0.09
AAH9305H,0,0,,,,Censored No Alarm,0,0,0,0,0,1,0.0008780076168477535,,2019-05-04,,0.09
AAH9307H,1,0,,2023-04-09,,Missed,0,0,0,0,1,0,0.0003283756959717721,,2019-05-04,,0.09
AAH93MDH,0,0,,,,Censored No Alarm,0,0,0,0,0,1,0.0465005487203598,,2019-05-04,,0.09
AAH93RZH,0,0,,,,Censored No Alarm,0,0,0,0,0,1,0.00044949323637411,,2019-05-04,,0.09
AAH953TH,0,0,,,,Censored No Alarm,0,0,0,0,0,1,0.0004676854587160051,,2019-05-04,,0.09
AAH9618H,0,0,,,,Censored No Alarm,0,0,0,0,0,1,0.0003358646063134074,,2019-05-04,,0.09
AAH9689H,0,0,,,,Censored No Alarm,0,0,0,0,0,1,0.00018502592865843326,,2019-05-04,,0.09
AAH96AUH,0,0,,,,Censored No Alarm,0,0,0,0,0,1,0.01086670532822609,,2019-05-04,,0.09
AAH97BZH,0,1,2025-06-26,,,Censored Early,0,0,1,1,0,0,0.1423051506280899,0.09039288759231567,2019-05-04,2245.0,0.09
AAH99PNH,0,0,,,,Censored No Alarm,0,0,0,0,0,1,0.00047536310739815235,,2019-05-04,,0.09
AAH9BERH,0,0,,,,Censored No Alarm,0,0,0,0,0,1,0.000296933576464653,,2019-05-04,,0.09
AAHAS1MH,0,0,,,,Censored No Alarm,0,0,0,0,0,1,0.0010586315765976906,,2019-05-27,,0.09
AAHAS9TH,0,0,,,,Censored No Alarm,0,0,0,0,0,1,0.001527551794424653,,2019-05-27,,0.09
AAHB6YXH,0,0,,,,Censored No Alarm,0,0,0,0,0,1,0.0012784438440576196,,2019-05-27,,0.09
AAHB8Z9H,0,0,,,,Censored No Alarm,0,0,0,0,0,1,0.003351386869326234,,2019-05-27,,0.09
AAHBKUHH,0,0,,,,Censored No Alarm,0,0,0,0,0,1,0.0011605335166677833,,2019-05-27,,0.09
AAHD7S9H,0,0,,,,Censored No Alarm,0,0,0,0,0,1,0.00042656861478462815,,2019-05-19,,0.09
AAHDJD5H,0,0,,,,Censored No Alarm,0,0,0,0,0,1,0.00082098797429353,,2019-05-27,,0.09
AAHDJDSH,0,0,,,,Censored No Alarm,0,0,0,0,0,1,0.0006602445500902832,,2019-05-27,,0.09
AAHDJH3H,0,0,,,,Censored No Alarm,0,0,0,0,0,1,0.0014681812608614564,,2019-05-27,,0.09
AAHDUS5H,0,0,,,,Censored No Alarm,0,0,0,0,0,1,0.0007822969928383827,,2019-05-27,,0.09
AAHDUT6H,0,0,,,,Censored No Alarm,0,0,0,0,0,1,0.0014652174431830645,,2019-05-27,,0.09
AAHDYR0H,0,0,,,,Censored No Alarm,0,0,0,0,0,1,0.0007935442263260484,,2019-05-27,,0.09
AAHE23AH,0,0,,,,Censored No Alarm,0,0,0,0,0,1,0.00045584701001644135,,2019-05-27,,0.09
AAHE4SAH,0,0,,,,Censored No Alarm,0,0,0,0,0,1,0.0007183138513937593,,2019-05-27,,0.09
AAHEAGWH,0,0,,,,Censored No Alarm,0,0,0,0,0,1,0.0037899899762123823,,2019-05-27,,0.09
AAHEAHLH,0,0,,,,Censored No Alarm,0,0,0,0,0,1,0.00041605360456742346,,2019-05-27,,0.09
AAHED32H,0,0,,,,Censored No Alarm,0,0,0,0,0,1,0.0010400123428553343,,2019-05-27,,0.09
AAHED3GH,0,0,,,,Censored No Alarm,0,0,0,0,0,1,0.03096880577504635,,2019-05-27,,0.09
AAHED8NH,0,0,,,,Censored No Alarm,0,0,0,0,0,1,0.0010589997982606292,,2019-05-27,,0.09
AAHED98H,0,0,,,,Censored No Alarm,0,0,0,0,0,1,0.0007739205611869693,,2019-05-27,,0.09
AAHEEVKH,0,0,,,,Censored No Alarm,0,0,0,0,0,1,0.0005005252314731479,,2019-05-27,,0.09
AAHEHEEH,0,0,,,,Censored No Alarm,0,0,0,0,0,1,0.0006103250198066235,,2019-05-27,,0.09
AAHEHHMH,0,0,,,,Censored No Alarm,0,0,0,0,0,1,0.0010909369448199868,,2019-05-27,,0.09
AAHEHJ0H,0,0,,,,Censored No Alarm,0,0,0,0,0,1,0.001142988447099924,,2019-06-01,,0.09
AAHEHJ1H,0,0,,,,Censored No Alarm,0,0,0,0,0,1,0.0006825526361353695,,2019-05-27,,0.09
AAHEHL5H,0,0,,,,Censored No Alarm,0,0,0,0,0,1,0.0015696552582085133,,2019-05-27,,0.09
AAHEHP8H,0,0,,,,Censored No Alarm,0,0,0,0,0,1,0.0028809686191380024,,2019-05-27,,0.09
AAHEHRSH,0,0,,,,Censored No Alarm,0,0,0,0,0,1,0.0015113119734451175,,2019-05-27,,0.09
AAHEHS0H,0,0,,,,Censored No Alarm,0,0,0,0,0,1,0.00041099582449533045,,2019-05-27,,0.09
AAHEHTDH,0,0,,,,Censored No Alarm,0,0,0,0,0,1,0.0008176772389560938,,2019-05-27,,0.09
AAHEHTNH,0,0,,,,Censored No Alarm,0,0,0,0,0,1,0.0005599582800641656,,2019-05-27,,0.09
AAHEHTPH,0,0,,,,Censored No Alarm,0,0,0,0,0,1,0.001029181177727878,,2019-05-27,,0.09
AAHEHVUH,0,0,,,,Censored No Alarm,0,0,0,0,0,1,0.004376533441245556,,2019-05-27,,0.09
AAHEHY7H,0,0,,,,Censored No Alarm,0,0,0,0,0,1,0.0012841210700571537,,2019-05-27,,0.09
AAHEHZ2H,0,0,,,,Censored No Alarm,0,0,0,0,0,1,0.0008017771178856492,,2019-05-27,,0.09
AAHEHZPH,0,0,,,,Censored No Alarm,0,0,0,0,0,1,0.0013936675386503339,,2019-05-27,,0.09
AAHEHZXH,0,0,,,,Censored No Alarm,0,0,0,0,0,1,0.0018032478401437402,,2019-05-27,,0.09
AAHEJ43H,0,0,,,,Censored No Alarm,0,0,0,0,0,1,0.0010442223865538836,,2019-05-27,,0.09
AAHEJ4KH,0,0,,,,Censored No Alarm,0,0,0,0,0,1,0.0008040881948545575,,2019-05-27,,0.09
AAHEJ76H,0,0,,,,Censored No Alarm,0,0,0,0,0,1,0.0007058950723148882,,2019-05-27,,0.09
AAHEJDXH,0,0,,,,Censored No Alarm,0,0,0,0,0,1,0.0032912660390138626,,2019-05-27,,0.09
AAHEJE4H,0,0,,,,Censored No Alarm,0,0,0,0,0,1,0.0009026556508615613,,2019-05-27,,0.09
AAHEJHKH,0,0,,,,Censored No Alarm,0,0,0,0,0,1,0.0004139862139709294,,2019-05-27,,0.09
AAHGYKJH,1,0,,2024-07-24,,Missed,0,0,0,0,1,0,0.006010872777551413,,2019-08-13,,0.09
AAHH59AH,0,0,,,,Censored No Alarm,0,0,0,0,0,1,0.0020742290653288364,,2019-08-14,,0.09
AAHHAXAH,0,0,,,,Censored No Alarm,0,0,0,0,0,1,0.0007717494736425579,,2019-08-13,,0.09
AAHHXJ2H,0,0,,,,Censored No Alarm,0,0,0,0,0,1,0.0011399617651477456,,2019-08-13,,0.09
AAHJG5XH,0,0,,,,Censored No Alarm,0,0,0,0,0,1,0.003354351967573166,,2019-08-14,,0.09
AAHJP8BH,0,0,,,,Censored No Alarm,0,0,0,0,0,1,0.02041495218873024,,2019-06-01,,0.09
AAHK5PUH,0,0,,,,Censored No Alarm,0,0,0,0,0,1,0.023665903136134148,,2019-06-01,,0.09
AAHK8NRH,0,0,,,,Censored No Alarm,0,0,0,0,0,1,0.00197433028370142,,2019-08-13,,0.09
AAHKERJH,1,0,,2026-01-13,,Missed,0,0,0,0,1,0,0.04323592782020569,,2019-08-13,,0.09
AAHKKR8H,0,0,,,,Censored No Alarm,0,0,0,0,0,1,0.0027575884014368057,,2019-08-14,,0.09
AAHKLDKH,0,0,,,,Censored No Alarm,0,0,0,0,0,1,0.0011832639575004578,,2019-06-01,,0.09
AAHKM55H,1,0,,2025-03-25,,Missed,0,0,0,0,1,0,0.04477701708674431,,2019-08-14,,0.09
AAHKMW2H,1,0,,2022-01-12,,Missed,0,0,0,0,1,0,0.000938550045248121,,2019-06-01,,0.09
AAHKS17H,1,0,,2025-07-07,,Missed,0,0,0,0,1,0,0.08842222392559052,,2019-06-01,,0.09
AAHKWLAH,0,1,2025-04-27,,,Censored Early,0,0,1,1,0,0,0.3019792437553406,0.09001034498214722,2019-08-14,2083.0,0.09
AAHKX43H,1,0,,2019-11-25,,Missed,0,0,0,0,1,0,0.04169953241944313,,2019-08-14,,0.09
AAHKXKYH,0,0,,,,Censored No Alarm,0,0,0,0,0,1,0.020744716748595238,,2019-08-13,,0.09
AAHKXLYH,0,0,,,,Censored No Alarm,0,0,0,0,0,1,0.0012523784535005689,,2019-08-14,,0.09
AAHKXNHH,0,0,,,,Censored No Alarm,0,0,0,0,0,1,0.015275582671165466,,2019-08-14,,0.09
AAHKXZ7H,0,0,,,,Censored No Alarm,0,0,0,0,0,1,0.001109419041313231,,2019-08-14,,0.09
AAHKYETH,0,0,,,,Censored No Alarm,0,0,0,0,0,1,0.0006995618459768593,,2019-05-16,,0.09
AAHL0PKH,0,0,,,,Censored No Alarm,0,0,0,0,0,1,0.005150185897946358,,2019-08-13,,0.09
AAHL0TLH,0,0,,,,Censored No Alarm,0,0,0,0,0,1,0.01366626750677824,,2019-06-01,,0.09
AAHL4K8H,0,0,,,,Censored No Alarm,0,0,0,0,0,1,0.0009372967761009932,,2019-05-16,,0.09
AAHL5LRH,1,0,,2024-09-01,,Missed,0,0,0,0,1,0,0.04650139436125755,,2019-08-13,,0.09
AAHL9A9H,0,0,,,,Censored No Alarm,0,0,0,0,0,1,0.07466873526573181,,2019-08-13,,0.09
AAHL9XJH,0,0,,,,Censored No Alarm,0,0,0,0,0,1,0.01864715851843357,,2019-08-14,,0.09
AAHL9XLH,0,0,,,,Censored No Alarm,0,0,0,0,0,1,0.0011197776766493917,,2019-08-14,,0.09
AAHL9Y3H,0,0,,,,Censored No Alarm,0,0,0,0,0,1,0.0012577244779095054,,2019-08-14,,0.09
AAHL9YAH,0,0,,,,Censored No Alarm,0,0,0,0,0,1,0.0013732877559959888,,2019-08-14,,0.09
AAHL9ZYH,0,0,,,,Censored No Alarm,0,0,0,0,0,1,0.0017935672076418996,,2019-08-14,,0.09
AAHLBTZH,1,1,2025-06-20,2025-07-26,36.0,Early,0,1,0,1,0,0,0.17723484337329865,0.09886834025382996,2019-08-14,2137.0,0.09
AAHLBWGH,1,1,2025-08-17,2025-08-30,13.0,On time,1,0,0,0,0,0,0.4373447299003601,0.09405786544084549,2019-08-14,2195.0,0.09
AAHLBWSH,1,0,,2023-12-11,,Missed,0,0,0,0,1,0,0.05380282551050186,,2019-08-13,,0.09
AAHLBXVH,0,0,,,,Censored No Alarm,0,0,0,0,0,1,0.018071100115776062,,2019-08-14,,0.09
AAHLD3UH,1,0,,2025-03-11,,Missed,0,0,0,0,1,0,0.06609270721673965,,2019-08-13,,0.09
AAHLS5JH,0,0,,,,Censored No Alarm,0,0,0,0,0,1,0.0008859479567036033,,2019-05-16,,0.09
AAHLS7ZH,0,0,,,,Censored No Alarm,0,0,0,0,0,1,0.00047541249659843743,,2019-05-16,,0.09
AAHLS8YH,0,0,,,,Censored No Alarm,0,0,0,0,0,1,0.011467504315078259,,2019-05-16,,0.09
AAHLS9UH,0,0,,,,Censored No Alarm,0,0,0,0,0,1,0.0005848249420523643,,2019-05-16,,0.09
AAHLV30H,0,0,,,,Censored No Alarm,0,0,0,0,0,1,0.0003809122717939317,,2019-05-16,,0.09
AAHLV40H,1,0,,2019-08-05,,Missed,0,0,0,0,1,0,0.04016297683119774,,2019-05-16,,0.09
AAHLV47H,0,0,,,,Censored No Alarm,0,0,0,0,0,1,0.0005814872565679252,,2019-05-16,,0.09
AAHLVTVH,0,0,,,,Censored No Alarm,0,0,0,0,0,1,0.0012468649074435234,,2019-05-27,,0.09
AAHLWE3H,0,0,,,,Censored No Alarm,0,0,0,0,0,1,0.0007694406667724252,,2019-05-27,,0.09
AAHLWKXH,0,0,,,,Censored No Alarm,0,0,0,0,0,1,0.0003921606985386461,,2019-05-16,,0.09
AAHLWM3H,0,0,,,,Censored No Alarm,0,0,0,0,0,1,0.002098152879625559,,2019-05-27,,0.09
AAHLXJ1H,0,0,,,,Censored No Alarm,0,0,0,0,0,1,0.005238411948084831,,2019-05-04,,0.09
AAHLXJ9H,0,0,,,,Censored No Alarm,0,0,0,0,0,1,0.00033014643122442067,,2019-05-04,,0.09
AAHLXL5H,0,0,,,,Censored No Alarm,0,0,0,0,0,1,0.002388404216617346,,2019-08-13,,0.09
AAHLXTXH,0,0,,,,Censored No Alarm,0,0,0,0,0,1,0.021271750330924988,,2019-05-16,,0.09
AAHLY01H,0,0,,,,Censored No Alarm,0,0,0,0,0,1,0.0004983883700333536,,2019-05-27,,0.09
AAHLY04H,0,0,,,,Censored No Alarm,0,0,0,0,0,1,0.0002319697814527899,,2019-05-04,,0.09
AAHLY2TH,0,0,,,,Censored No Alarm,0,0,0,0,0,1,0.0014060322428122163,,2019-05-27,,0.09
AAHLY31H,1,1,2024-11-28,2025-07-25,239.0,Early,0,1,0,1,0,0,0.1480129063129425,0.09747795015573502,2019-08-13,1934.0,0.09
AAHLYJRH,0,0,,,,Censored No Alarm,0,0,0,0,0,1,0.0032003456726670265,,2019-05-27,,0.09
AAHLYY6H,0,0,,,,Censored No Alarm,0,0,0,0,0,1,0.0008402641396969557,,2019-05-16,,0.09
AAHM227H,0,0,,,,Censored No Alarm,0,0,0,0,0,1,0.006135878618806601,,2019-08-13,,0.09
AAHM4E6H,0,0,,,,Censored No Alarm,0,0,0,0,0,1,0.0026968494057655334,,2019-05-27,,0.09
AAHM4HSH,0,0,,,,Censored No Alarm,0,0,0,0,0,1,0.0003313019697088748,,2019-05-04,,0.09
AAHM4KJH,0,0,,,,Censored No Alarm,0,0,0,0,0,1,0.0013299944112077355,,2019-08-13,,0.09
AAHM4S6H,0,0,,,,Censored No Alarm,0,0,0,0,0,1,0.0002209357771789655,,2019-05-04,,0.09
AAHM4S8H,0,0,,,,Censored No Alarm,0,0,0,0,0,1,0.0003287205472588539,,2019-05-04,,0.09
AAHM4SSH,0,0,,,,Censored No Alarm,0,0,0,0,0,1,0.0005306670791469514,,2019-05-04,,0.09
AAHM4T2H,0,0,,,,Censored No Alarm,0,0,0,0,0,1,0.0003334421489853412,,2019-05-04,,0.09
AAHM4T6H,0,0,,,,Censored No Alarm,0,0,0,0,0,1,0.0007927279802970588,,2019-08-13,,0.09
AAHM4TRH,0,0,,,,Censored No Alarm,0,0,0,0,0,1,0.0010682803113013506,,2019-08-13,,0.09
AAHM4UYH,0,0,,,,Censored No Alarm,0,0,0,0,0,1,0.00033909804187715054,,2019-05-04,,0.09
AAHM4WBH,0,0,,,,Censored No Alarm,0,0,0,0,0,1,0.0003578609903343022,,2019-05-16,,0.09
AAHM4WEH,0,0,,,,Censored No Alarm,0,0,0,0,0,1,0.00032883870881050825,,2019-05-04,,0.09
AAHM4XGH,0,0,,,,Censored No Alarm,0,0,0,0,0,1,0.001971566118299961,,2019-08-14,,0.09
AAHM5Z4H,0,0,,,,Censored No Alarm,0,0,0,0,0,1,0.00023033557226881385,,2019-05-04,,0.09
AAHM5Z9H,0,0,,,,Censored No Alarm,0,0,0,0,0,1,0.0045103877782821655,,2019-05-04,,0.09
AAHM5ZHH,0,0,,,,Censored No Alarm,0,0,0,0,0,1,0.00025049608666449785,,2019-05-04,,0.09
AAHMD6GH,0,0,,,,Censored No Alarm,0,0,0,0,0,1,0.0004233884101267904,,2019-05-04,,0.09
AAHME7KH,0,0,,,,Censored No Alarm,0,0,0,0,0,1,0.0016435642028227448,,2019-05-16,,0.09
AAHMGV8H,0,0,,,,Censored No Alarm,0,0,0,0,0,1,0.0006373394280672073,,2019-05-27,,0.09
AAHMH4LH,0,0,,,,Censored No Alarm,0,0,0,0,0,1,0.00024805194698274136,,2019-05-04,,0.09
AAHML65H,0,0,,,,Censored No Alarm,0,0,0,0,0,1,0.0008638579747639596,,2019-05-16,,0.09
AAHMN38H,0,0,,,,Censored No Alarm,0,0,0,0,0,1,0.0008300414774566889,,2019-05-16,,0.09
AAHMR03H,1,1,2025-11-17,2025-11-26,9.0,On time,1,0,0,0,0,0,0.10835552215576172,0.09578771144151688,2019-05-16,2377.0,0.09
AAHMR2ZH,1,0,,2024-01-31,,Missed,0,0,0,0,1,0,0.0008762425859458745,,2019-05-16,,0.09
AAHMSNRH,0,0,,,,Censored No Alarm,0,0,0,0,0,1,0.0007408761885017157,,2019-05-16,,0.09
AAHMUYLH,0,0,,,,Censored No Alarm,0,0,0,0,0,1,0.0009339067037217319,,2019-05-16,,0.09
AAHMW6RH,0,0,,,,Censored No Alarm,0,0,0,0,0,1,0.0012344433926045895,,2019-05-16,,0.09
AAHMW7NH,0,0,,,,Censored No Alarm,0,0,0,0,0,1,0.0006580175831913948,,2019-05-16,,0.09
