experiment,drive,model,family,seed,test_month,train_start,train_end,rule,horizon_days,far_target,n_failed,n_healthy,tp,fn,fp,tn,recall,precision,far,roc_auc,pr_auc
zoo_3month,HGST_20HUH721212ALN604,randomforest,tabular,42,2025-12,2018-08-01,2025-10-30,in_horizon,10,0.005,16,9782,11,5,49,9733,0.6875,0.18333333333333332,0.005009200572480065,0.9644052852177469,0.3820223897659805
zoo_3month,HGST_20HUH721212ALN604,randomforest,tabular,42,2025-12,2018-08-01,2025-10-30,in_horizon,10,0.01,16,9782,12,4,98,9684,0.75,0.10909090909090909,0.01001840114496013,0.9644052852177469,0.3820223897659805
zoo_3month,HGST_20HUH721212ALN604,randomforest,tabular,42,2025-12,2018-08-01,2025-10-30,in_horizon,10,0.02,16,9782,12,4,196,9586,0.75,0.057692307692307696,0.02003680228992026,0.9644052852177469,0.3820223897659805
zoo_3month,HGST_20HUH721212ALN604,randomforest,tabular,42,2025-12,2018-08-01,2025-10-30,in_horizon,10,0.04,16,9782,14,2,392,9390,0.875,0.034482758620689655,0.04007360457984052,0.9644052852177469,0.3820223897659805
zoo_3month,HGST_20HUH721212ALN604,randomforest,tabular,42,2026-01,2018-08-01,2025-11-30,in_horizon,10,0.005,17,9741,8,9,49,9692,0.47058823529411764,0.14035087719298245,0.005030284365054922,0.9687735888935186,0.23985993789761184
zoo_3month,HGST_20HUH721212ALN604,randomforest,tabular,42,2026-01,2018-08-01,2025-11-30,in_horizon,10,0.01,17,9741,10,7,98,9643,0.5882352941176471,0.09259259259259259,0.010060568730109845,0.9687735888935186,0.23985993789761184
zoo_3month,HGST_20HUH721212ALN604,randomforest,tabular,42,2026-01,2018-08-01,2025-11-30,in_horizon,10,0.02,17,9741,10,7,195,9546,0.5882352941176471,0.04878048780487805,0.02001847859562673,0.9687735888935186,0.23985993789761184
zoo_3month,HGST_20HUH721212ALN604,randomforest,tabular,42,2026-01,2018-08-01,2025-11-30,in_horizon,10,0.04,17,9741,14,3,390,9351,0.8235294117647058,0.034653465346534656,0.04003695719125346,0.9687735888935186,0.23985993789761184
zoo_3month,HGST_20HUH721212ALN604,randomforest,tabular,42,2026-02,2018-08-01,2025-12-31,in_horizon,10,0.005,14,9724,2,12,49,9675,0.14285714285714285,0.0392156862745098,0.005039078568490334,0.951048951048951,0.06423656379036526
zoo_3month,HGST_20HUH721212ALN604,randomforest,tabular,42,2026-02,2018-08-01,2025-12-31,in_horizon,10,0.01,14,9724,10,4,98,9626,0.7142857142857143,0.09259259259259259,0.010078157136980667,0.951048951048951,0.06423656379036526
zoo_3month,HGST_20HUH721212ALN604,randomforest,tabular,42,2026-02,2018-08-01,2025-12-31,in_horizon,10,0.02,14,9724,11,3,195,9529,0.7857142857142857,0.05339805825242718,0.020053475935828877,0.951048951048951,0.06423656379036526
zoo_3month,HGST_20HUH721212ALN604,randomforest,tabular,42,2026-02,2018-08-01,2025-12-31,in_horizon,10,0.04,14,9724,11,3,389,9335,0.7857142857142857,0.0275,0.0400041135335253,0.951048951048951,0.06423656379036526
zoo_3month,HGST_20HUH721212ALN604,randomforest,tabular,43,2025-12,2018-08-01,2025-10-30,in_horizon,10,0.005,16,9782,11,5,49,9733,0.6875,0.18333333333333332,0.005009200572480065,0.9712482109997956,0.40837489112271674
zoo_3month,HGST_20HUH721212ALN604,randomforest,tabular,43,2025-12,2018-08-01,2025-10-30,in_horizon,10,0.01,16,9782,12,4,98,9684,0.75,0.10909090909090909,0.01001840114496013,0.9712482109997956,0.40837489112271674
zoo_3month,HGST_20HUH721212ALN604,randomforest,tabular,43,2025-12,2018-08-01,2025-10-30,in_horizon,10,0.02,16,9782,13,3,196,9586,0.8125,0.06220095693779904,0.02003680228992026,0.9712482109997956,0.40837489112271674
zoo_3month,HGST_20HUH721212ALN604,randomforest,tabular,43,2025-12,2018-08-01,2025-10-30,in_horizon,10,0.04,16,9782,14,2,392,9390,0.875,0.034482758620689655,0.04007360457984052,0.9712482109997956,0.40837489112271674
zoo_3month,HGST_20HUH721212ALN604,randomforest,tabular,43,2026-01,2018-08-01,2025-11-30,in_horizon,10,0.005,17,9741,8,9,49,9692,0.47058823529411764,0.14035087719298245,0.005030284365054922,0.9633145527998696,0.24227712980746408
zoo_3month,HGST_20HUH721212ALN604,randomforest,tabular,43,2026-01,2018-08-01,2025-11-30,in_horizon,10,0.01,17,9741,9,8,98,9643,0.5294117647058824,0.08411214953271028,0.010060568730109845,0.9633145527998696,0.24227712980746408
zoo_3month,HGST_20HUH721212ALN604,randomforest,tabular,43,2026-01,2018-08-01,2025-11-30,in_horizon,10,0.02,17,9741,10,7,195,9546,0.5882352941176471,0.04878048780487805,0.02001847859562673,0.9633145527998696,0.24227712980746408
zoo_3month,HGST_20HUH721212ALN604,randomforest,tabular,43,2026-01,2018-08-01,2025-11-30,in_horizon,10,0.04,17,9741,14,3,390,9351,0.8235294117647058,0.034653465346534656,0.04003695719125346,0.9633145527998696,0.24227712980746408
zoo_3month,HGST_20HUH721212ALN604,randomforest,tabular,43,2026-02,2018-08-01,2025-12-31,in_horizon,10,0.005,14,9724,2,12,49,9675,0.14285714285714285,0.0392156862745098,0.005039078568490334,0.9657842157842157,0.06213529529711582
zoo_3month,HGST_20HUH721212ALN604,randomforest,tabular,43,2026-02,2018-08-01,2025-12-31,in_horizon,10,0.01,14,9724,10,4,98,9626,0.7142857142857143,0.09259259259259259,0.010078157136980667,0.9657842157842157,0.06213529529711582
zoo_3month,HGST_20HUH721212ALN604,randomforest,tabular,43,2026-02,2018-08-01,2025-12-31,in_horizon,10,0.02,14,9724,11,3,195,9529,0.7857142857142857,0.05339805825242718,0.020053475935828877,0.9657842157842157,0.06213529529711582
zoo_3month,HGST_20HUH721212ALN604,randomforest,tabular,43,2026-02,2018-08-01,2025-12-31,in_horizon,10,0.04,14,9724,11,3,389,9335,0.7857142857142857,0.0275,0.0400041135335253,0.9657842157842157,0.06213529529711582
zoo_3month,HGST_20HUH721212ALN604,randomforest,tabular,44,2025-12,2018-08-01,2025-10-30,in_horizon,10,0.005,16,9782,10,6,49,9733,0.625,0.1694915254237288,0.005009200572480065,0.9571598343896954,0.40306364114958043
zoo_3month,HGST_20HUH721212ALN604,randomforest,tabular,44,2025-12,2018-08-01,2025-10-30,in_horizon,10,0.01,16,9782,12,4,98,9684,0.75,0.10909090909090909,0.01001840114496013,0.9571598343896954,0.40306364114958043
zoo_3month,HGST_20HUH721212ALN604,randomforest,tabular,44,2025-12,2018-08-01,2025-10-30,in_horizon,10,0.02,16,9782,13,3,196,9586,0.8125,0.06220095693779904,0.02003680228992026,0.9571598343896954,0.40306364114958043
zoo_3month,HGST_20HUH721212ALN604,randomforest,tabular,44,2025-12,2018-08-01,2025-10-30,in_horizon,10,0.04,16,9782,15,1,392,9390,0.9375,0.036855036855036855,0.04007360457984052,0.9571598343896954,0.40306364114958043
zoo_3month,HGST_20HUH721212ALN604,randomforest,tabular,44,2026-01,2018-08-01,2025-11-30,in_horizon,10,0.005,17,9741,8,9,49,9692,0.47058823529411764,0.14035087719298245,0.005030284365054922,0.9663580861972136,0.21391775372367006
zoo_3month,HGST_20HUH721212ALN604,randomforest,tabular,44,2026-01,2018-08-01,2025-11-30,in_horizon,10,0.01,17,9741,9,8,98,9643,0.5294117647058824,0.08411214953271028,0.010060568730109845,0.9663580861972136,0.21391775372367006
zoo_3month,HGST_20HUH721212ALN604,randomforest,tabular,44,2026-01,2018-08-01,2025-11-30,in_horizon,10,0.02,17,9741,10,7,195,9546,0.5882352941176471,0.04878048780487805,0.02001847859562673,0.9663580861972136,0.21391775372367006
zoo_3month,HGST_20HUH721212ALN604,randomforest,tabular,44,2026-01,2018-08-01,2025-11-30,in_horizon,10,0.04,17,9741,14,3,390,9351,0.8235294117647058,0.034653465346534656,0.04003695719125346,0.9663580861972136,0.21391775372367006
zoo_3month,HGST_20HUH721212ALN604,randomforest,tabular,44,2026-02,2018-08-01,2025-12-31,in_horizon,10,0.005,14,9724,4,10,49,9675,0.2857142857142857,0.07547169811320754,0.005039078568490334,0.9574543103954868,0.06289657097904687
zoo_3month,HGST_20HUH721212ALN604,randomforest,tabular,44,2026-02,2018-08-01,2025-12-31,in_horizon,10,0.01,14,9724,10,4,98,9626,0.7142857142857143,0.09259259259259259,0.010078157136980667,0.9574543103954868,0.06289657097904687
zoo_3month,HGST_20HUH721212ALN604,randomforest,tabular,44,2026-02,2018-08-01,2025-12-31,in_horizon,10,0.02,14,9724,11,3,195,9529,0.7857142857142857,0.05339805825242718,0.020053475935828877,0.9574543103954868,0.06289657097904687
zoo_3month,HGST_20HUH721212ALN604,randomforest,tabular,44,2026-02,2018-08-01,2025-12-31,in_horizon,10,0.04,14,9724,11,3,389,9335,0.7857142857142857,0.0275,0.0400041135335253,0.9574543103954868,0.06289657097904687
zoo_3month,HGST_20HUH721212ALN604,randomforest,tabular,45,2025-12,2018-08-01,2025-10-30,in_horizon,10,0.005,16,9782,11,5,49,9733,0.6875,0.18333333333333332,0.005009200572480065,0.9579521059088121,0.38106731652641335
zoo_3month,HGST_20HUH721212ALN604,randomforest,tabular,45,2025-12,2018-08-01,2025-10-30,in_horizon,10,0.01,16,9782,11,5,98,9684,0.6875,0.10091743119266056,0.01001840114496013,0.9579521059088121,0.38106731652641335
zoo_3month,HGST_20HUH721212ALN604,randomforest,tabular,45,2025-12,2018-08-01,2025-10-30,in_horizon,10,0.02,16,9782,13,3,196,9586,0.8125,0.06220095693779904,0.02003680228992026,0.9579521059088121,0.38106731652641335
zoo_3month,HGST_20HUH721212ALN604,randomforest,tabular,45,2025-12,2018-08-01,2025-10-30,in_horizon,10,0.04,16,9782,14,2,392,9390,0.875,0.034482758620689655,0.04007360457984052,0.9579521059088121,0.38106731652641335
zoo_3month,HGST_20HUH721212ALN604,randomforest,tabular,45,2026-01,2018-08-01,2025-11-30,in_horizon,10,0.005,17,9741,8,9,49,9692,0.47058823529411764,0.14035087719298245,0.005030284365054922,0.9743654776354644,0.23437873462663578
zoo_3month,HGST_20HUH721212ALN604,randomforest,tabular,45,2026-01,2018-08-01,2025-11-30,in_horizon,10,0.01,17,9741,9,8,98,9643,0.5294117647058824,0.08411214953271028,0.010060568730109845,0.9743654776354644,0.23437873462663578
zoo_3month,HGST_20HUH721212ALN604,randomforest,tabular,45,2026-01,2018-08-01,2025-11-30,in_horizon,10,0.02,17,9741,10,7,195,9546,0.5882352941176471,0.04878048780487805,0.02001847859562673,0.9743654776354644,0.23437873462663578
zoo_3month,HGST_20HUH721212ALN604,randomforest,tabular,45,2026-01,2018-08-01,2025-11-30,in_horizon,10,0.04,17,9741,14,3,390,9351,0.8235294117647058,0.034653465346534656,0.04003695719125346,0.9743654776354644,0.23437873462663578
zoo_3month,HGST_20HUH721212ALN604,randomforest,tabular,45,2026-02,2018-08-01,2025-12-31,in_horizon,10,0.005,14,9724,3,11,49,9675,0.21428571428571427,0.057692307692307696,0.005039078568490334,0.958438620203326,0.06343845366140913
zoo_3month,HGST_20HUH721212ALN604,randomforest,tabular,45,2026-02,2018-08-01,2025-12-31,in_horizon,10,0.01,14,9724,9,5,98,9626,0.6428571428571429,0.08411214953271028,0.010078157136980667,0.958438620203326,0.06343845366140913
zoo_3month,HGST_20HUH721212ALN604,randomforest,tabular,45,2026-02,2018-08-01,2025-12-31,in_horizon,10,0.02,14,9724,11,3,195,9529,0.7857142857142857,0.05339805825242718,0.020053475935828877,0.958438620203326,0.06343845366140913
zoo_3month,HGST_20HUH721212ALN604,randomforest,tabular,45,2026-02,2018-08-01,2025-12-31,in_horizon,10,0.04,14,9724,11,3,389,9335,0.7857142857142857,0.0275,0.0400041135335253,0.958438620203326,0.06343845366140913
zoo_3month,HGST_20HUH721212ALN604,randomforest,tabular,46,2025-12,2018-08-01,2025-10-30,in_horizon,10,0.005,16,9782,11,5,49,9733,0.6875,0.18333333333333332,0.005009200572480065,0.962788795747291,0.3785514387685408
zoo_3month,HGST_20HUH721212ALN604,randomforest,tabular,46,2025-12,2018-08-01,2025-10-30,in_horizon,10,0.01,16,9782,12,4,98,9684,0.75,0.10909090909090909,0.01001840114496013,0.962788795747291,0.3785514387685408
zoo_3month,HGST_20HUH721212ALN604,randomforest,tabular,46,2025-12,2018-08-01,2025-10-30,in_horizon,10,0.02,16,9782,13,3,196,9586,0.8125,0.06220095693779904,0.02003680228992026,0.962788795747291,0.3785514387685408
zoo_3month,HGST_20HUH721212ALN604,randomforest,tabular,46,2025-12,2018-08-01,2025-10-30,in_horizon,10,0.04,16,9782,15,1,392,9390,0.9375,0.036855036855036855,0.04007360457984052,0.962788795747291,0.3785514387685408
zoo_3month,HGST_20HUH721212ALN604,randomforest,tabular,46,2026-01,2018-08-01,2025-11-30,in_horizon,10,0.005,17,9741,8,9,49,9692,0.47058823529411764,0.14035087719298245,0.005030284365054922,0.9684293797592951,0.25139701377786955
zoo_3month,HGST_20HUH721212ALN604,randomforest,tabular,46,2026-01,2018-08-01,2025-11-30,in_horizon,10,0.01,17,9741,9,8,98,9643,0.5294117647058824,0.08411214953271028,0.010060568730109845,0.9684293797592951,0.25139701377786955
zoo_3month,HGST_20HUH721212ALN604,randomforest,tabular,46,2026-01,2018-08-01,2025-11-30,in_horizon,10,0.02,17,9741,10,7,195,9546,0.5882352941176471,0.04878048780487805,0.02001847859562673,0.9684293797592951,0.25139701377786955
zoo_3month,HGST_20HUH721212ALN604,randomforest,tabular,46,2026-01,2018-08-01,2025-11-30,in_horizon,10,0.04,17,9741,14,3,390,9351,0.8235294117647058,0.034653465346534656,0.04003695719125346,0.9684293797592951,0.25139701377786955
zoo_3month,HGST_20HUH721212ALN604,randomforest,tabular,46,2026-02,2018-08-01,2025-12-31,in_horizon,10,0.005,14,9724,3,11,49,9675,0.21428571428571427,0.057692307692307696,0.005039078568490334,0.9643297878591996,0.06624201639068622
zoo_3month,HGST_20HUH721212ALN604,randomforest,tabular,46,2026-02,2018-08-01,2025-12-31,in_horizon,10,0.01,14,9724,11,3,98,9626,0.7857142857142857,0.10091743119266056,0.010078157136980667,0.9643297878591996,0.06624201639068622
zoo_3month,HGST_20HUH721212ALN604,randomforest,tabular,46,2026-02,2018-08-01,2025-12-31,in_horizon,10,0.02,14,9724,11,3,195,9529,0.7857142857142857,0.05339805825242718,0.020053475935828877,0.9643297878591996,0.06624201639068622
zoo_3month,HGST_20HUH721212ALN604,randomforest,tabular,46,2026-02,2018-08-01,2025-12-31,in_horizon,10,0.04,14,9724,11,3,389,9335,0.7857142857142857,0.0275,0.0400041135335253,0.9643297878591996,0.06624201639068622
zoo_3month,HGST_20HUH721212ALN604,xgboost,tabular,42,2025-12,2018-08-01,2025-10-30,in_horizon,10,0.005,16,9782,8,8,49,9733,0.5,0.14035087719298245,0.005009200572480065,0.9736378041300346,0.16416789556861816
zoo_3month,HGST_20HUH721212ALN604,xgboost,tabular,42,2025-12,2018-08-01,2025-10-30,in_horizon,10,0.01,16,9782,11,5,98,9684,0.6875,0.10091743119266056,0.01001840114496013,0.9736378041300346,0.16416789556861816
zoo_3month,HGST_20HUH721212ALN604,xgboost,tabular,42,2025-12,2018-08-01,2025-10-30,in_horizon,10,0.02,16,9782,11,5,196,9586,0.6875,0.05314009661835749,0.02003680228992026,0.9736378041300346,0.16416789556861816
zoo_3month,HGST_20HUH721212ALN604,xgboost,tabular,42,2025-12,2018-08-01,2025-10-30,in_horizon,10,0.04,16,9782,13,3,392,9390,0.8125,0.03209876543209877,0.04007360457984052,0.9736378041300346,0.16416789556861816
zoo_3month,HGST_20HUH721212ALN604,xgboost,tabular,42,2026-01,2018-08-01,2025-11-30,in_horizon,10,0.005,17,9741,8,9,49,9692,0.47058823529411764,0.14035087719298245,0.005030284365054922,0.9773003134114748,0.22467851466850114
zoo_3month,HGST_20HUH721212ALN604,xgboost,tabular,42,2026-01,2018-08-01,2025-11-30,in_horizon,10,0.01,17,9741,11,6,98,9643,0.6470588235294118,0.10091743119266056,0.010060568730109845,0.9773003134114748,0.22467851466850114
zoo_3month,HGST_20HUH721212ALN604,xgboost,tabular,42,2026-01,2018-08-01,2025-11-30,in_horizon,10,0.02,17,9741,12,5,195,9546,0.7058823529411765,0.057971014492753624,0.02001847859562673,0.9773003134114748,0.22467851466850114
zoo_3month,HGST_20HUH721212ALN604,xgboost,tabular,42,2026-01,2018-08-01,2025-11-30,in_horizon,10,0.04,17,9741,14,3,390,9351,0.8235294117647058,0.034653465346534656,0.04003695719125346,0.9773003134114748,0.22467851466850114
zoo_3month,HGST_20HUH721212ALN604,xgboost,tabular,42,2026-02,2018-08-01,2025-12-31,in_horizon,10,0.005,14,9724,2,12,49,9675,0.14285714285714285,0.0392156862745098,0.005039078568490334,0.972226303108656,0.07544659160093371
zoo_3month,HGST_20HUH721212ALN604,xgboost,tabular,42,2026-02,2018-08-01,2025-12-31,in_horizon,10,0.01,14,9724,8,6,98,9626,0.5714285714285714,0.07547169811320754,0.010078157136980667,0.972226303108656,0.07544659160093371
zoo_3month,HGST_20HUH721212ALN604,xgboost,tabular,42,2026-02,2018-08-01,2025-12-31,in_horizon,10,0.02,14,9724,11,3,195,9529,0.7857142857142857,0.05339805825242718,0.020053475935828877,0.972226303108656,0.07544659160093371
zoo_3month,HGST_20HUH721212ALN604,xgboost,tabular,42,2026-02,2018-08-01,2025-12-31,in_horizon,10,0.04,14,9724,11,3,389,9335,0.7857142857142857,0.0275,0.0400041135335253,0.972226303108656,0.07544659160093371
zoo_3month,HGST_20HUH721212ALN604,xgboost,tabular,43,2025-12,2018-08-01,2025-10-30,in_horizon,10,0.005,16,9782,9,7,49,9733,0.5625,0.15517241379310345,0.005009200572480065,0.9740339398895932,0.2688390720246046
zoo_3month,HGST_20HUH721212ALN604,xgboost,tabular,43,2025-12,2018-08-01,2025-10-30,in_horizon,10,0.01,16,9782,11,5,98,9684,0.6875,0.10091743119266056,0.01001840114496013,0.9740339398895932,0.2688390720246046
zoo_3month,HGST_20HUH721212ALN604,xgboost,tabular,43,2025-12,2018-08-01,2025-10-30,in_horizon,10,0.02,16,9782,12,4,196,9586,0.75,0.057692307692307696,0.02003680228992026,0.9740339398895932,0.2688390720246046
zoo_3month,HGST_20HUH721212ALN604,xgboost,tabular,43,2025-12,2018-08-01,2025-10-30,in_horizon,10,0.04,16,9782,14,2,392,9390,0.875,0.034482758620689655,0.04007360457984052,0.9740339398895932,0.2688390720246046
zoo_3month,HGST_20HUH721212ALN604,xgboost,tabular,43,2026-01,2018-08-01,2025-11-30,in_horizon,10,0.005,17,9741,8,9,49,9692,0.47058823529411764,0.14035087719298245,0.005030284365054922,0.9576079276798493,0.17420948247206805
zoo_3month,HGST_20HUH721212ALN604,xgboost,tabular,43,2026-01,2018-08-01,2025-11-30,in_horizon,10,0.01,17,9741,8,9,98,9643,0.47058823529411764,0.07547169811320754,0.010060568730109845,0.9576079276798493,0.17420948247206805
zoo_3month,HGST_20HUH721212ALN604,xgboost,tabular,43,2026-01,2018-08-01,2025-11-30,in_horizon,10,0.02,17,9741,10,7,195,9546,0.5882352941176471,0.04878048780487805,0.02001847859562673,0.9576079276798493,0.17420948247206805
zoo_3month,HGST_20HUH721212ALN604,xgboost,tabular,43,2026-01,2018-08-01,2025-11-30,in_horizon,10,0.04,17,9741,14,3,390,9351,0.8235294117647058,0.034653465346534656,0.04003695719125346,0.9576079276798493,0.17420948247206805
zoo_3month,HGST_20HUH721212ALN604,xgboost,tabular,43,2026-02,2018-08-01,2025-12-31,in_horizon,10,0.005,14,9724,1,13,49,9675,0.07142857142857142,0.02,0.005039078568490334,0.9726376564611858,0.05638343087200857
zoo_3month,HGST_20HUH721212ALN604,xgboost,tabular,43,2026-02,2018-08-01,2025-12-31,in_horizon,10,0.01,14,9724,6,8,98,9626,0.42857142857142855,0.057692307692307696,0.010078157136980667,0.9726376564611858,0.05638343087200857
zoo_3month,HGST_20HUH721212ALN604,xgboost,tabular,43,2026-02,2018-08-01,2025-12-31,in_horizon,10,0.02,14,9724,11,3,195,9529,0.7857142857142857,0.05339805825242718,0.020053475935828877,0.9726376564611858,0.05638343087200857
zoo_3month,HGST_20HUH721212ALN604,xgboost,tabular,43,2026-02,2018-08-01,2025-12-31,in_horizon,10,0.04,14,9724,11,3,389,9335,0.7857142857142857,0.0275,0.0400041135335253,0.9726376564611858,0.05638343087200857
zoo_3month,HGST_20HUH721212ALN604,xgboost,tabular,44,2025-12,2018-08-01,2025-10-30,in_horizon,10,0.005,16,9782,9,7,49,9733,0.5625,0.15517241379310345,0.005009200572480065,0.9396468002453486,0.2526513704936525
zoo_3month,HGST_20HUH721212ALN604,xgboost,tabular,44,2025-12,2018-08-01,2025-10-30,in_horizon,10,0.01,16,9782,10,6,98,9684,0.625,0.09259259259259259,0.01001840114496013,0.9396468002453486,0.2526513704936525
zoo_3month,HGST_20HUH721212ALN604,xgboost,tabular,44,2025-12,2018-08-01,2025-10-30,in_horizon,10,0.02,16,9782,12,4,196,9586,0.75,0.057692307692307696,0.02003680228992026,0.9396468002453486,0.2526513704936525
zoo_3month,HGST_20HUH721212ALN604,xgboost,tabular,44,2025-12,2018-08-01,2025-10-30,in_horizon,10,0.04,16,9782,13,3,392,9390,0.8125,0.03209876543209877,0.04007360457984052,0.9396468002453486,0.2526513704936525
zoo_3month,HGST_20HUH721212ALN604,xgboost,tabular,44,2026-01,2018-08-01,2025-11-30,in_horizon,10,0.005,17,9741,7,10,49,9692,0.4117647058823529,0.125,0.005030284365054922,0.961312704940307,0.1758857552774325
zoo_3month,HGST_20HUH721212ALN604,xgboost,tabular,44,2026-01,2018-08-01,2025-11-30,in_horizon,10,0.01,17,9741,8,9,98,9643,0.47058823529411764,0.07547169811320754,0.010060568730109845,0.961312704940307,0.1758857552774325
zoo_3month,HGST_20HUH721212ALN604,xgboost,tabular,44,2026-01,2018-08-01,2025-11-30,in_horizon,10,0.02,17,9741,9,8,195,9546,0.5294117647058824,0.04411764705882353,0.02001847859562673,0.961312704940307,0.1758857552774325
zoo_3month,HGST_20HUH721212ALN604,xgboost,tabular,44,2026-01,2018-08-01,2025-11-30,in_horizon,10,0.04,17,9741,13,4,390,9351,0.7647058823529411,0.03225806451612903,0.04003695719125346,0.961312704940307,0.1758857552774325
zoo_3month,HGST_20HUH721212ALN604,xgboost,tabular,44,2026-02,2018-08-01,2025-12-31,in_horizon,10,0.005,14,9724,2,12,49,9675,0.14285714285714285,0.0392156862745098,0.005039078568490334,0.9748046071575484,0.0571596190384569
zoo_3month,HGST_20HUH721212ALN604,xgboost,tabular,44,2026-02,2018-08-01,2025-12-31,in_horizon,10,0.01,14,9724,8,6,98,9626,0.5714285714285714,0.07547169811320754,0.010078157136980667,0.9748046071575484,0.0571596190384569
zoo_3month,HGST_20HUH721212ALN604,xgboost,tabular,44,2026-02,2018-08-01,2025-12-31,in_horizon,10,0.02,14,9724,11,3,195,9529,0.7857142857142857,0.05339805825242718,0.020053475935828877,0.9748046071575484,0.0571596190384569
zoo_3month,HGST_20HUH721212ALN604,xgboost,tabular,44,2026-02,2018-08-01,2025-12-31,in_horizon,10,0.04,14,9724,11,3,389,9335,0.7857142857142857,0.0275,0.0400041135335253,0.9748046071575484,0.0571596190384569
zoo_3month,HGST_20HUH721212ALN604,xgboost,tabular,45,2025-12,2018-08-01,2025-10-30,in_horizon,10,0.005,16,9782,9,7,49,9733,0.5625,0.15517241379310345,0.005009200572480065,0.9685519321202208,0.18181546381661218
zoo_3month,HGST_20HUH721212ALN604,xgboost,tabular,45,2025-12,2018-08-01,2025-10-30,in_horizon,10,0.01,16,9782,10,6,98,9684,0.625,0.09259259259259259,0.01001840114496013,0.9685519321202208,0.18181546381661218
zoo_3month,HGST_20HUH721212ALN604,xgboost,tabular,45,2025-12,2018-08-01,2025-10-30,in_horizon,10,0.02,16,9782,11,5,196,9586,0.6875,0.05314009661835749,0.02003680228992026,0.9685519321202208,0.18181546381661218
zoo_3month,HGST_20HUH721212ALN604,xgboost,tabular,45,2025-12,2018-08-01,2025-10-30,in_horizon,10,0.04,16,9782,15,1,392,9390,0.9375,0.036855036855036855,0.04007360457984052,0.9685519321202208,0.18181546381661218
zoo_3month,HGST_20HUH721212ALN604,xgboost,tabular,45,2026-01,2018-08-01,2025-11-30,in_horizon,10,0.005,17,9741,9,8,49,9692,0.5294117647058824,0.15517241379310345,0.005030284365054922,0.9762012596846561,0.152396186453535
zoo_3month,HGST_20HUH721212ALN604,xgboost,tabular,45,2026-01,2018-08-01,2025-11-30,in_horizon,10,0.01,17,9741,10,7,98,9643,0.5882352941176471,0.09259259259259259,0.010060568730109845,0.9762012596846561,0.152396186453535
zoo_3month,HGST_20HUH721212ALN604,xgboost,tabular,45,2026-01,2018-08-01,2025-11-30,in_horizon,10,0.02,17,9741,11,6,195,9546,0.6470588235294118,0.05339805825242718,0.02001847859562673,0.9762012596846561,0.152396186453535
zoo_3month,HGST_20HUH721212ALN604,xgboost,tabular,45,2026-01,2018-08-01,2025-11-30,in_horizon,10,0.04,17,9741,14,3,390,9351,0.8235294117647058,0.034653465346534656,0.04003695719125346,0.9762012596846561,0.152396186453535
zoo_3month,HGST_20HUH721212ALN604,xgboost,tabular,45,2026-02,2018-08-01,2025-12-31,in_horizon,10,0.005,14,9724,2,12,49,9675,0.14285714285714285,0.0392156862745098,0.005039078568490334,0.9727111124169948,0.06415357990066785
zoo_3month,HGST_20HUH721212ALN604,xgboost,tabular,45,2026-02,2018-08-01,2025-12-31,in_horizon,10,0.01,14,9724,8,6,98,9626,0.5714285714285714,0.07547169811320754,0.010078157136980667,0.9727111124169948,0.06415357990066785
zoo_3month,HGST_20HUH721212ALN604,xgboost,tabular,45,2026-02,2018-08-01,2025-12-31,in_horizon,10,0.02,14,9724,11,3,195,9529,0.7857142857142857,0.05339805825242718,0.020053475935828877,0.9727111124169948,0.06415357990066785
zoo_3month,HGST_20HUH721212ALN604,xgboost,tabular,45,2026-02,2018-08-01,2025-12-31,in_horizon,10,0.04,14,9724,11,3,389,9335,0.7857142857142857,0.0275,0.0400041135335253,0.9727111124169948,0.06415357990066785
zoo_3month,HGST_20HUH721212ALN604,xgboost,tabular,46,2025-12,2018-08-01,2025-10-30,in_horizon,10,0.005,16,9782,8,8,49,9733,0.5,0.14035087719298245,0.005009200572480065,0.9715612860355756,0.29090364368302046
zoo_3month,HGST_20HUH721212ALN604,xgboost,tabular,46,2025-12,2018-08-01,2025-10-30,in_horizon,10,0.01,16,9782,11,5,98,9684,0.6875,0.10091743119266056,0.01001840114496013,0.9715612860355756,0.29090364368302046
zoo_3month,HGST_20HUH721212ALN604,xgboost,tabular,46,2025-12,2018-08-01,2025-10-30,in_horizon,10,0.02,16,9782,13,3,196,9586,0.8125,0.06220095693779904,0.02003680228992026,0.9715612860355756,0.29090364368302046
zoo_3month,HGST_20HUH721212ALN604,xgboost,tabular,46,2025-12,2018-08-01,2025-10-30,in_horizon,10,0.04,16,9782,15,1,392,9390,0.9375,0.036855036855036855,0.04007360457984052,0.9715612860355756,0.29090364368302046
zoo_3month,HGST_20HUH721212ALN604,xgboost,tabular,46,2026-01,2018-08-01,2025-11-30,in_horizon,10,0.005,17,9741,7,10,49,9692,0.4117647058823529,0.125,0.005030284365054922,0.9767568253048062,0.15290680192315534
zoo_3month,HGST_20HUH721212ALN604,xgboost,tabular,46,2026-01,2018-08-01,2025-11-30,in_horizon,10,0.01,17,9741,10,7,98,9643,0.5882352941176471,0.09259259259259259,0.010060568730109845,0.9767568253048062,0.15290680192315534
zoo_3month,HGST_20HUH721212ALN604,xgboost,tabular,46,2026-01,2018-08-01,2025-11-30,in_horizon,10,0.02,17,9741,12,5,195,9546,0.7058823529411765,0.057971014492753624,0.02001847859562673,0.9767568253048062,0.15290680192315534
zoo_3month,HGST_20HUH721212ALN604,xgboost,tabular,46,2026-01,2018-08-01,2025-11-30,in_horizon,10,0.04,17,9741,15,2,390,9351,0.8823529411764706,0.037037037037037035,0.04003695719125346,0.9767568253048062,0.15290680192315534
zoo_3month,HGST_20HUH721212ALN604,xgboost,tabular,46,2026-02,2018-08-01,2025-12-31,in_horizon,10,0.005,14,9724,3,11,49,9675,0.21428571428571427,0.057692307692307696,0.005039078568490334,0.9765822412881237,0.06859399642368363
zoo_3month,HGST_20HUH721212ALN604,xgboost,tabular,46,2026-02,2018-08-01,2025-12-31,in_horizon,10,0.01,14,9724,8,6,98,9626,0.5714285714285714,0.07547169811320754,0.010078157136980667,0.9765822412881237,0.06859399642368363
zoo_3month,HGST_20HUH721212ALN604,xgboost,tabular,46,2026-02,2018-08-01,2025-12-31,in_horizon,10,0.02,14,9724,11,3,195,9529,0.7857142857142857,0.05339805825242718,0.020053475935828877,0.9765822412881237,0.06859399642368363
zoo_3month,HGST_20HUH721212ALN604,xgboost,tabular,46,2026-02,2018-08-01,2025-12-31,in_horizon,10,0.04,14,9724,11,3,389,9335,0.7857142857142857,0.0275,0.0400041135335253,0.9765822412881237,0.06859399642368363
zoo_3month,HGST_20HUH721212ALN604,lightgbm,tabular,42,2025-12,2018-08-01,2025-10-30,in_horizon,10,0.005,16,9782,6,10,49,9733,0.375,0.10909090909090909,0.005009200572480065,0.9524828767123288,0.1961263935169843
zoo_3month,HGST_20HUH721212ALN604,lightgbm,tabular,42,2025-12,2018-08-01,2025-10-30,in_horizon,10,0.01,16,9782,12,4,98,9684,0.75,0.10909090909090909,0.01001840114496013,0.9524828767123288,0.1961263935169843
zoo_3month,HGST_20HUH721212ALN604,lightgbm,tabular,42,2025-12,2018-08-01,2025-10-30,in_horizon,10,0.02,16,9782,12,4,196,9586,0.75,0.057692307692307696,0.02003680228992026,0.9524828767123288,0.1961263935169843
zoo_3month,HGST_20HUH721212ALN604,lightgbm,tabular,42,2025-12,2018-08-01,2025-10-30,in_horizon,10,0.04,16,9782,14,2,392,9390,0.875,0.034482758620689655,0.04007360457984052,0.9524828767123288,0.1961263935169843
zoo_3month,HGST_20HUH721212ALN604,lightgbm,tabular,42,2026-01,2018-08-01,2025-11-30,in_horizon,10,0.005,17,9741,8,9,49,9692,0.47058823529411764,0.14035087719298245,0.005030284365054922,0.9697911194043372,0.20929123683831094
zoo_3month,HGST_20HUH721212ALN604,lightgbm,tabular,42,2026-01,2018-08-01,2025-11-30,in_horizon,10,0.01,17,9741,8,9,98,9643,0.47058823529411764,0.07547169811320754,0.010060568730109845,0.9697911194043372,0.20929123683831094
zoo_3month,HGST_20HUH721212ALN604,lightgbm,tabular,42,2026-01,2018-08-01,2025-11-30,in_horizon,10,0.02,17,9741,9,8,195,9546,0.5294117647058824,0.04411764705882353,0.02001847859562673,0.9697911194043372,0.20929123683831094
zoo_3month,HGST_20HUH721212ALN604,lightgbm,tabular,42,2026-01,2018-08-01,2025-11-30,in_horizon,10,0.04,17,9741,12,5,390,9351,0.7058823529411765,0.029850746268656716,0.04003695719125346,0.9697911194043372,0.20929123683831094
zoo_3month,HGST_20HUH721212ALN604,lightgbm,tabular,42,2026-02,2018-08-01,2025-12-31,in_horizon,10,0.005,14,9724,3,11,49,9675,0.21428571428571427,0.057692307692307696,0.005039078568490334,0.9729314802844216,0.06114997507798048
zoo_3month,HGST_20HUH721212ALN604,lightgbm,tabular,42,2026-02,2018-08-01,2025-12-31,in_horizon,10,0.01,14,9724,9,5,98,9626,0.6428571428571429,0.08411214953271028,0.010078157136980667,0.9729314802844216,0.06114997507798048
zoo_3month,HGST_20HUH721212ALN604,lightgbm,tabular,42,2026-02,2018-08-01,2025-12-31,in_horizon,10,0.02,14,9724,10,4,195,9529,0.7142857142857143,0.04878048780487805,0.020053475935828877,0.9729314802844216,0.06114997507798048
zoo_3month,HGST_20HUH721212ALN604,lightgbm,tabular,42,2026-02,2018-08-01,2025-12-31,in_horizon,10,0.04,14,9724,11,3,389,9335,0.7857142857142857,0.0275,0.0400041135335253,0.9729314802844216,0.06114997507798048
zoo_3month,HGST_20HUH721212ALN604,lightgbm,tabular,43,2025-12,2018-08-01,2025-10-30,in_horizon,10,0.005,16,9782,7,9,49,9733,0.4375,0.125,0.005009200572480065,0.9574856879983643,0.2112163714710661
zoo_3month,HGST_20HUH721212ALN604,lightgbm,tabular,43,2025-12,2018-08-01,2025-10-30,in_horizon,10,0.01,16,9782,8,8,98,9684,0.5,0.07547169811320754,0.01001840114496013,0.9574856879983643,0.2112163714710661
zoo_3month,HGST_20HUH721212ALN604,lightgbm,tabular,43,2025-12,2018-08-01,2025-10-30,in_horizon,10,0.02,16,9782,11,5,196,9586,0.6875,0.05314009661835749,0.02003680228992026,0.9574856879983643,0.2112163714710661
zoo_3month,HGST_20HUH721212ALN604,lightgbm,tabular,43,2025-12,2018-08-01,2025-10-30,in_horizon,10,0.04,16,9782,13,3,392,9390,0.8125,0.03209876543209877,0.04007360457984052,0.9574856879983643,0.2112163714710661
zoo_3month,HGST_20HUH721212ALN604,lightgbm,tabular,43,2026-01,2018-08-01,2025-11-30,in_horizon,10,0.005,17,9741,10,7,49,9692,0.5882352941176471,0.1694915254237288,0.005030284365054922,0.9818716522642318,0.17799774681740685
zoo_3month,HGST_20HUH721212ALN604,lightgbm,tabular,43,2026-01,2018-08-01,2025-11-30,in_horizon,10,0.01,17,9741,10,7,98,9643,0.5882352941176471,0.09259259259259259,0.010060568730109845,0.9818716522642318,0.17799774681740685
zoo_3month,HGST_20HUH721212ALN604,lightgbm,tabular,43,2026-01,2018-08-01,2025-11-30,in_horizon,10,0.02,17,9741,11,6,195,9546,0.6470588235294118,0.05339805825242718,0.02001847859562673,0.9818716522642318,0.17799774681740685
zoo_3month,HGST_20HUH721212ALN604,lightgbm,tabular,43,2026-01,2018-08-01,2025-11-30,in_horizon,10,0.04,17,9741,13,4,390,9351,0.7647058823529411,0.03225806451612903,0.04003695719125346,0.9818716522642318,0.17799774681740685
zoo_3month,HGST_20HUH721212ALN604,lightgbm,tabular,43,2026-02,2018-08-01,2025-12-31,in_horizon,10,0.005,14,9724,5,9,49,9675,0.35714285714285715,0.09259259259259259,0.005039078568490334,0.97316653934301,0.08011497554516522
zoo_3month,HGST_20HUH721212ALN604,lightgbm,tabular,43,2026-02,2018-08-01,2025-12-31,in_horizon,10,0.01,14,9724,7,7,98,9626,0.5,0.06666666666666667,0.010078157136980667,0.97316653934301,0.08011497554516522
zoo_3month,HGST_20HUH721212ALN604,lightgbm,tabular,43,2026-02,2018-08-01,2025-12-31,in_horizon,10,0.02,14,9724,9,5,195,9529,0.6428571428571429,0.04411764705882353,0.020053475935828877,0.97316653934301,0.08011497554516522
zoo_3month,HGST_20HUH721212ALN604,lightgbm,tabular,43,2026-02,2018-08-01,2025-12-31,in_horizon,10,0.04,14,9724,11,3,389,9335,0.7857142857142857,0.0275,0.0400041135335253,0.97316653934301,0.08011497554516522
zoo_3month,HGST_20HUH721212ALN604,lightgbm,tabular,44,2025-12,2018-08-01,2025-10-30,in_horizon,10,0.005,16,9782,10,6,49,9733,0.625,0.1694915254237288,0.005009200572480065,0.9526489981598856,0.26164309221422233
zoo_3month,HGST_20HUH721212ALN604,lightgbm,tabular,44,2025-12,2018-08-01,2025-10-30,in_horizon,10,0.01,16,9782,11,5,98,9684,0.6875,0.10091743119266056,0.01001840114496013,0.9526489981598856,0.26164309221422233
zoo_3month,HGST_20HUH721212ALN604,lightgbm,tabular,44,2025-12,2018-08-01,2025-10-30,in_horizon,10,0.02,16,9782,12,4,196,9586,0.75,0.057692307692307696,0.02003680228992026,0.9526489981598856,0.26164309221422233
zoo_3month,HGST_20HUH721212ALN604,lightgbm,tabular,44,2025-12,2018-08-01,2025-10-30,in_horizon,10,0.04,16,9782,14,2,392,9390,0.875,0.034482758620689655,0.04007360457984052,0.9526489981598856,0.26164309221422233
zoo_3month,HGST_20HUH721212ALN604,lightgbm,tabular,44,2026-01,2018-08-01,2025-11-30,in_horizon,10,0.005,17,9741,8,9,49,9692,0.47058823529411764,0.14035087719298245,0.005030284365054922,0.9748817913367995,0.20756872650172453
zoo_3month,HGST_20HUH721212ALN604,lightgbm,tabular,44,2026-01,2018-08-01,2025-11-30,in_horizon,10,0.01,17,9741,8,9,98,9643,0.47058823529411764,0.07547169811320754,0.010060568730109845,0.9748817913367995,0.20756872650172453
zoo_3month,HGST_20HUH721212ALN604,lightgbm,tabular,44,2026-01,2018-08-01,2025-11-30,in_horizon,10,0.02,17,9741,12,5,195,9546,0.7058823529411765,0.057971014492753624,0.02001847859562673,0.9748817913367995,0.20756872650172453
zoo_3month,HGST_20HUH721212ALN604,lightgbm,tabular,44,2026-01,2018-08-01,2025-11-30,in_horizon,10,0.04,17,9741,14,3,390,9351,0.8235294117647058,0.034653465346534656,0.04003695719125346,0.9748817913367995,0.20756872650172453
zoo_3month,HGST_20HUH721212ALN604,lightgbm,tabular,44,2026-02,2018-08-01,2025-12-31,in_horizon,10,0.005,14,9724,4,10,49,9675,0.2857142857142857,0.07547169811320754,0.005039078568490334,0.9737909149673856,0.06670974178645084
zoo_3month,HGST_20HUH721212ALN604,lightgbm,tabular,44,2026-02,2018-08-01,2025-12-31,in_horizon,10,0.01,14,9724,9,5,98,9626,0.6428571428571429,0.08411214953271028,0.010078157136980667,0.9737909149673856,0.06670974178645084
zoo_3month,HGST_20HUH721212ALN604,lightgbm,tabular,44,2026-02,2018-08-01,2025-12-31,in_horizon,10,0.02,14,9724,9,5,195,9529,0.6428571428571429,0.04411764705882353,0.020053475935828877,0.9737909149673856,0.06670974178645084
zoo_3month,HGST_20HUH721212ALN604,lightgbm,tabular,44,2026-02,2018-08-01,2025-12-31,in_horizon,10,0.04,14,9724,11,3,389,9335,0.7857142857142857,0.0275,0.0400041135335253,0.9737909149673856,0.06670974178645084
zoo_3month,HGST_20HUH721212ALN604,lightgbm,tabular,45,2025-12,2018-08-01,2025-10-30,in_horizon,10,0.005,16,9782,6,10,49,9733,0.375,0.10909090909090909,0.005009200572480065,0.9459881670415048,0.13287984369268002
zoo_3month,HGST_20HUH721212ALN604,lightgbm,tabular,45,2025-12,2018-08-01,2025-10-30,in_horizon,10,0.01,16,9782,7,9,98,9684,0.4375,0.06666666666666667,0.01001840114496013,0.9459881670415048,0.13287984369268002
zoo_3month,HGST_20HUH721212ALN604,lightgbm,tabular,45,2025-12,2018-08-01,2025-10-30,in_horizon,10,0.02,16,9782,9,7,196,9586,0.5625,0.04390243902439024,0.02003680228992026,0.9459881670415048,0.13287984369268002
zoo_3month,HGST_20HUH721212ALN604,lightgbm,tabular,45,2025-12,2018-08-01,2025-10-30,in_horizon,10,0.04,16,9782,14,2,392,9390,0.875,0.034482758620689655,0.04007360457984052,0.9459881670415048,0.13287984369268002
zoo_3month,HGST_20HUH721212ALN604,lightgbm,tabular,45,2026-01,2018-08-01,2025-11-30,in_horizon,10,0.005,17,9741,7,10,49,9692,0.4117647058823529,0.125,0.005030284365054922,0.9714185643459725,0.20036520137235753
zoo_3month,HGST_20HUH721212ALN604,lightgbm,tabular,45,2026-01,2018-08-01,2025-11-30,in_horizon,10,0.01,17,9741,9,8,98,9643,0.5294117647058824,0.08411214953271028,0.010060568730109845,0.9714185643459725,0.20036520137235753
zoo_3month,HGST_20HUH721212ALN604,lightgbm,tabular,45,2026-01,2018-08-01,2025-11-30,in_horizon,10,0.02,17,9741,12,5,195,9546,0.7058823529411765,0.057971014492753624,0.02001847859562673,0.9714185643459725,0.20036520137235753
zoo_3month,HGST_20HUH721212ALN604,lightgbm,tabular,45,2026-01,2018-08-01,2025-11-30,in_horizon,10,0.04,17,9741,13,4,390,9351,0.7647058823529411,0.03225806451612903,0.04003695719125346,0.9714185643459725,0.20036520137235753
zoo_3month,HGST_20HUH721212ALN604,lightgbm,tabular,45,2026-02,2018-08-01,2025-12-31,in_horizon,10,0.005,14,9724,1,13,49,9675,0.07142857142857142,0.02,0.005039078568490334,0.9723879062114356,0.06001338510477123
zoo_3month,HGST_20HUH721212ALN604,lightgbm,tabular,45,2026-02,2018-08-01,2025-12-31,in_horizon,10,0.01,14,9724,5,9,98,9626,0.35714285714285715,0.04854368932038835,0.010078157136980667,0.9723879062114356,0.06001338510477123
zoo_3month,HGST_20HUH721212ALN604,lightgbm,tabular,45,2026-02,2018-08-01,2025-12-31,in_horizon,10,0.02,14,9724,10,4,195,9529,0.7142857142857143,0.04878048780487805,0.020053475935828877,0.9723879062114356,0.06001338510477123
zoo_3month,HGST_20HUH721212ALN604,lightgbm,tabular,45,2026-02,2018-08-01,2025-12-31,in_horizon,10,0.04,14,9724,11,3,389,9335,0.7857142857142857,0.0275,0.0400041135335253,0.9723879062114356,0.06001338510477123
zoo_3month,HGST_20HUH721212ALN604,lightgbm,tabular,46,2025-12,2018-08-01,2025-10-30,in_horizon,10,0.005,16,9782,8,8,52,9730,0.5,0.13333333333333333,0.00531588632181558,0.95531652525046,0.11302219172203092
zoo_3month,HGST_20HUH721212ALN604,lightgbm,tabular,46,2025-12,2018-08-01,2025-10-30,in_horizon,10,0.01,16,9782,10,6,100,9682,0.625,0.09090909090909091,0.010222858311183807,0.95531652525046,0.11302219172203092
zoo_3month,HGST_20HUH721212ALN604,lightgbm,tabular,46,2025-12,2018-08-01,2025-10-30,in_horizon,10,0.02,16,9782,13,3,197,9585,0.8125,0.06190476190476191,0.0201390308730321,0.95531652525046,0.11302219172203092
zoo_3month,HGST_20HUH721212ALN604,lightgbm,tabular,46,2025-12,2018-08-01,2025-10-30,in_horizon,10,0.04,16,9782,15,1,392,9390,0.9375,0.036855036855036855,0.04007360457984052,0.95531652525046,0.11302219172203092
zoo_3month,HGST_20HUH721212ALN604,lightgbm,tabular,46,2026-01,2018-08-01,2025-11-30,in_horizon,10,0.005,17,9741,4,13,52,9689,0.23529411764705882,0.07142857142857142,0.005338260958833795,0.9438878723648375,0.07402596047938587
zoo_3month,HGST_20HUH721212ALN604,lightgbm,tabular,46,2026-01,2018-08-01,2025-11-30,in_horizon,10,0.01,17,9741,7,10,108,9633,0.4117647058823529,0.06086956521739131,0.01108715737603942,0.9438878723648375,0.07402596047938587
zoo_3month,HGST_20HUH721212ALN604,lightgbm,tabular,46,2026-01,2018-08-01,2025-11-30,in_horizon,10,0.02,17,9741,9,8,198,9543,0.5294117647058824,0.043478260869565216,0.020326455189405606,0.9438878723648375,0.07402596047938587
zoo_3month,HGST_20HUH721212ALN604,lightgbm,tabular,46,2026-01,2018-08-01,2025-11-30,in_horizon,10,0.04,17,9741,11,6,393,9348,0.6470588235294118,0.027227722772277228,0.04034493378503234,0.9438878723648375,0.07402596047938587
zoo_3month,HGST_20HUH721212ALN604,lightgbm,tabular,46,2026-02,2018-08-01,2025-12-31,in_horizon,10,0.005,14,9724,5,9,49,9675,0.35714285714285715,0.09259259259259259,0.005039078568490334,0.9691999177293296,0.07408812831914709
zoo_3month,HGST_20HUH721212ALN604,lightgbm,tabular,46,2026-02,2018-08-01,2025-12-31,in_horizon,10,0.01,14,9724,7,7,98,9626,0.5,0.06666666666666667,0.010078157136980667,0.9691999177293296,0.07408812831914709
zoo_3month,HGST_20HUH721212ALN604,lightgbm,tabular,46,2026-02,2018-08-01,2025-12-31,in_horizon,10,0.02,14,9724,10,4,195,9529,0.7142857142857143,0.04878048780487805,0.020053475935828877,0.9691999177293296,0.07408812831914709
zoo_3month,HGST_20HUH721212ALN604,lightgbm,tabular,46,2026-02,2018-08-01,2025-12-31,in_horizon,10,0.04,14,9724,11,3,394,9330,0.7857142857142857,0.027160493827160494,0.040518305224187576,0.9691999177293296,0.07408812831914709
zoo_3month,HGST_20HUH721212ALN604,transformer,sequence,42,2025-12,2018-08-01,2025-10-30,in_horizon,10,0.005,16,9782,8,8,49,9733,0.5,0.14035087719298245,0.005009200572480065,0.9754523614802699,0.20327180655607402
zoo_3month,HGST_20HUH721212ALN604,transformer,sequence,42,2025-12,2018-08-01,2025-10-30,in_horizon,10,0.01,16,9782,11,5,98,9684,0.6875,0.10091743119266056,0.01001840114496013,0.9754523614802699,0.20327180655607402
zoo_3month,HGST_20HUH721212ALN604,transformer,sequence,42,2025-12,2018-08-01,2025-10-30,in_horizon,10,0.02,16,9782,12,4,196,9586,0.75,0.057692307692307696,0.02003680228992026,0.9754523614802699,0.20327180655607402
zoo_3month,HGST_20HUH721212ALN604,transformer,sequence,42,2025-12,2018-08-01,2025-10-30,in_horizon,10,0.04,16,9782,12,4,392,9390,0.75,0.0297029702970297,0.04007360457984052,0.9754523614802699,0.20327180655607402
zoo_3month,HGST_20HUH721212ALN604,transformer,sequence,42,2026-01,2018-08-01,2025-11-30,in_horizon,10,0.005,17,9741,8,9,49,9692,0.47058823529411764,0.14035087719298245,0.005030284365054922,0.95761396643659,0.15941582266638601
zoo_3month,HGST_20HUH721212ALN604,transformer,sequence,42,2026-01,2018-08-01,2025-11-30,in_horizon,10,0.01,17,9741,9,8,98,9643,0.5294117647058824,0.08411214953271028,0.010060568730109845,0.95761396643659,0.15941582266638601
zoo_3month,HGST_20HUH721212ALN604,transformer,sequence,42,2026-01,2018-08-01,2025-11-30,in_horizon,10,0.02,17,9741,11,6,195,9546,0.6470588235294118,0.05339805825242718,0.02001847859562673,0.95761396643659,0.15941582266638601
zoo_3month,HGST_20HUH721212ALN604,transformer,sequence,42,2026-01,2018-08-01,2025-11-30,in_horizon,10,0.04,17,9741,12,5,390,9351,0.7058823529411765,0.029850746268656716,0.04003695719125346,0.95761396643659,0.15941582266638601
zoo_3month,HGST_20HUH721212ALN604,transformer,sequence,42,2026-02,2018-08-01,2025-12-31,in_horizon,10,0.005,14,9724,5,9,49,9675,0.35714285714285715,0.09259259259259259,0.005039078568490334,0.9691558441558441,0.10353064278054402
zoo_3month,HGST_20HUH721212ALN604,transformer,sequence,42,2026-02,2018-08-01,2025-12-31,in_horizon,10,0.01,14,9724,8,6,98,9626,0.5714285714285714,0.07547169811320754,0.010078157136980667,0.9691558441558441,0.10353064278054402
zoo_3month,HGST_20HUH721212ALN604,transformer,sequence,42,2026-02,2018-08-01,2025-12-31,in_horizon,10,0.02,14,9724,9,5,195,9529,0.6428571428571429,0.04411764705882353,0.020053475935828877,0.9691558441558441,0.10353064278054402
zoo_3month,HGST_20HUH721212ALN604,transformer,sequence,42,2026-02,2018-08-01,2025-12-31,in_horizon,10,0.04,14,9724,11,3,389,9335,0.7857142857142857,0.0275,0.0400041135335253,0.9691558441558441,0.10353064278054402
zoo_3month,HGST_20HUH721212ALN604,transformer,sequence,43,2025-12,2018-08-01,2025-10-30,in_horizon,10,0.005,16,9782,8,8,49,9733,0.5,0.14035087719298245,0.005009200572480065,0.9569745450828051,0.21120441190353564
zoo_3month,HGST_20HUH721212ALN604,transformer,sequence,43,2025-12,2018-08-01,2025-10-30,in_horizon,10,0.01,16,9782,9,7,98,9684,0.5625,0.08411214953271028,0.01001840114496013,0.9569745450828051,0.21120441190353564
zoo_3month,HGST_20HUH721212ALN604,transformer,sequence,43,2025-12,2018-08-01,2025-10-30,in_horizon,10,0.02,16,9782,11,5,196,9586,0.6875,0.05314009661835749,0.02003680228992026,0.9569745450828051,0.21120441190353564
zoo_3month,HGST_20HUH721212ALN604,transformer,sequence,43,2025-12,2018-08-01,2025-10-30,in_horizon,10,0.04,16,9782,13,3,392,9390,0.8125,0.03209876543209877,0.04007360457984052,0.9569745450828051,0.21120441190353564
zoo_3month,HGST_20HUH721212ALN604,transformer,sequence,43,2026-01,2018-08-01,2025-11-30,in_horizon,10,0.005,17,9741,7,10,49,9692,0.4117647058823529,0.125,0.005030284365054922,0.9311551537769404,0.2264746813230218
zoo_3month,HGST_20HUH721212ALN604,transformer,sequence,43,2026-01,2018-08-01,2025-11-30,in_horizon,10,0.01,17,9741,9,8,98,9643,0.5294117647058824,0.08411214953271028,0.010060568730109845,0.9311551537769404,0.2264746813230218
zoo_3month,HGST_20HUH721212ALN604,transformer,sequence,43,2026-01,2018-08-01,2025-11-30,in_horizon,10,0.02,17,9741,12,5,195,9546,0.7058823529411765,0.057971014492753624,0.02001847859562673,0.9311551537769404,0.2264746813230218
zoo_3month,HGST_20HUH721212ALN604,transformer,sequence,43,2026-01,2018-08-01,2025-11-30,in_horizon,10,0.04,17,9741,13,4,390,9351,0.7647058823529411,0.03225806451612903,0.04003695719125346,0.9311551537769404,0.2264746813230218
zoo_3month,HGST_20HUH721212ALN604,transformer,sequence,43,2026-02,2018-08-01,2025-12-31,in_horizon,10,0.005,14,9724,4,10,49,9675,0.2857142857142857,0.07547169811320754,0.005039078568490334,0.9624052418170065,0.08776671353169238
zoo_3month,HGST_20HUH721212ALN604,transformer,sequence,43,2026-02,2018-08-01,2025-12-31,in_horizon,10,0.01,14,9724,8,6,98,9626,0.5714285714285714,0.07547169811320754,0.010078157136980667,0.9624052418170065,0.08776671353169238
zoo_3month,HGST_20HUH721212ALN604,transformer,sequence,43,2026-02,2018-08-01,2025-12-31,in_horizon,10,0.02,14,9724,10,4,195,9529,0.7142857142857143,0.04878048780487805,0.020053475935828877,0.9624052418170065,0.08776671353169238
zoo_3month,HGST_20HUH721212ALN604,transformer,sequence,43,2026-02,2018-08-01,2025-12-31,in_horizon,10,0.04,14,9724,11,3,389,9335,0.7857142857142857,0.0275,0.0400041135335253,0.9624052418170065,0.08776671353169238
zoo_3month,HGST_20HUH721212ALN604,transformer,sequence,44,2025-12,2018-08-01,2025-10-30,in_horizon,10,0.005,16,9782,6,10,49,9733,0.375,0.10909090909090909,0.005009200572480065,0.9724366182784707,0.18853137745309584
zoo_3month,HGST_20HUH721212ALN604,transformer,sequence,44,2025-12,2018-08-01,2025-10-30,in_horizon,10,0.01,16,9782,9,7,98,9684,0.5625,0.08411214953271028,0.01001840114496013,0.9724366182784707,0.18853137745309584
zoo_3month,HGST_20HUH721212ALN604,transformer,sequence,44,2025-12,2018-08-01,2025-10-30,in_horizon,10,0.02,16,9782,12,4,196,9586,0.75,0.057692307692307696,0.02003680228992026,0.9724366182784707,0.18853137745309584
zoo_3month,HGST_20HUH721212ALN604,transformer,sequence,44,2025-12,2018-08-01,2025-10-30,in_horizon,10,0.04,16,9782,13,3,392,9390,0.8125,0.03209876543209877,0.04007360457984052,0.9724366182784707,0.18853137745309584
zoo_3month,HGST_20HUH721212ALN604,transformer,sequence,44,2026-01,2018-08-01,2025-11-30,in_horizon,10,0.005,17,9741,6,11,49,9692,0.35294117647058826,0.10909090909090909,0.005030284365054922,0.94699783208633,0.17440562705553425
zoo_3month,HGST_20HUH721212ALN604,transformer,sequence,44,2026-01,2018-08-01,2025-11-30,in_horizon,10,0.01,17,9741,8,9,98,9643,0.47058823529411764,0.07547169811320754,0.010060568730109845,0.94699783208633,0.17440562705553425
zoo_3month,HGST_20HUH721212ALN604,transformer,sequence,44,2026-01,2018-08-01,2025-11-30,in_horizon,10,0.02,17,9741,11,6,195,9546,0.6470588235294118,0.05339805825242718,0.02001847859562673,0.94699783208633,0.17440562705553425
zoo_3month,HGST_20HUH721212ALN604,transformer,sequence,44,2026-01,2018-08-01,2025-11-30,in_horizon,10,0.04,17,9741,13,4,390,9351,0.7647058823529411,0.03225806451612903,0.04003695719125346,0.94699783208633,0.17440562705553425
zoo_3month,HGST_20HUH721212ALN604,transformer,sequence,44,2026-02,2018-08-01,2025-12-31,in_horizon,10,0.005,14,9724,6,8,49,9675,0.42857142857142855,0.10909090909090909,0.005039078568490334,0.9673782100252688,0.0811695121786114
zoo_3month,HGST_20HUH721212ALN604,transformer,sequence,44,2026-02,2018-08-01,2025-12-31,in_horizon,10,0.01,14,9724,7,7,98,9626,0.5,0.06666666666666667,0.010078157136980667,0.9673782100252688,0.0811695121786114
zoo_3month,HGST_20HUH721212ALN604,transformer,sequence,44,2026-02,2018-08-01,2025-12-31,in_horizon,10,0.02,14,9724,10,4,195,9529,0.7142857142857143,0.04878048780487805,0.020053475935828877,0.9673782100252688,0.0811695121786114
zoo_3month,HGST_20HUH721212ALN604,transformer,sequence,44,2026-02,2018-08-01,2025-12-31,in_horizon,10,0.04,14,9724,12,2,389,9335,0.8571428571428571,0.029925187032418952,0.0400041135335253,0.9673782100252688,0.0811695121786114
zoo_3month,HGST_20HUH721212ALN604,transformer,sequence,45,2025-12,2018-08-01,2025-10-30,in_horizon,10,0.005,16,9782,9,7,49,9733,0.5625,0.15517241379310345,0.005009200572480065,0.9754651400531589,0.21756260115648993
zoo_3month,HGST_20HUH721212ALN604,transformer,sequence,45,2025-12,2018-08-01,2025-10-30,in_horizon,10,0.01,16,9782,11,5,98,9684,0.6875,0.10091743119266056,0.01001840114496013,0.9754651400531589,0.21756260115648993
zoo_3month,HGST_20HUH721212ALN604,transformer,sequence,45,2025-12,2018-08-01,2025-10-30,in_horizon,10,0.02,16,9782,12,4,196,9586,0.75,0.057692307692307696,0.02003680228992026,0.9754651400531589,0.21756260115648993
zoo_3month,HGST_20HUH721212ALN604,transformer,sequence,45,2025-12,2018-08-01,2025-10-30,in_horizon,10,0.04,16,9782,13,3,392,9390,0.8125,0.03209876543209877,0.04007360457984052,0.9754651400531589,0.21756260115648993
zoo_3month,HGST_20HUH721212ALN604,transformer,sequence,45,2026-01,2018-08-01,2025-11-30,in_horizon,10,0.005,17,9741,7,10,49,9692,0.4117647058823529,0.125,0.005030284365054922,0.9446306394439512,0.2479659238996891
zoo_3month,HGST_20HUH721212ALN604,transformer,sequence,45,2026-01,2018-08-01,2025-11-30,in_horizon,10,0.01,17,9741,8,9,98,9643,0.47058823529411764,0.07547169811320754,0.010060568730109845,0.9446306394439512,0.2479659238996891
zoo_3month,HGST_20HUH721212ALN604,transformer,sequence,45,2026-01,2018-08-01,2025-11-30,in_horizon,10,0.02,17,9741,10,7,195,9546,0.5882352941176471,0.04878048780487805,0.02001847859562673,0.9446306394439512,0.2479659238996891
zoo_3month,HGST_20HUH721212ALN604,transformer,sequence,45,2026-01,2018-08-01,2025-11-30,in_horizon,10,0.04,17,9741,11,6,390,9351,0.6470588235294118,0.02743142144638404,0.04003695719125346,0.9446306394439512,0.2479659238996891
zoo_3month,HGST_20HUH721212ALN604,transformer,sequence,45,2026-02,2018-08-01,2025-12-31,in_horizon,10,0.005,14,9724,6,8,49,9675,0.42857142857142855,0.10909090909090909,0.005039078568490334,0.9678556737380267,0.10718535292859444
zoo_3month,HGST_20HUH721212ALN604,transformer,sequence,45,2026-02,2018-08-01,2025-12-31,in_horizon,10,0.01,14,9724,7,7,98,9626,0.5,0.06666666666666667,0.010078157136980667,0.9678556737380267,0.10718535292859444
zoo_3month,HGST_20HUH721212ALN604,transformer,sequence,45,2026-02,2018-08-01,2025-12-31,in_horizon,10,0.02,14,9724,9,5,195,9529,0.6428571428571429,0.04411764705882353,0.020053475935828877,0.9678556737380267,0.10718535292859444
zoo_3month,HGST_20HUH721212ALN604,transformer,sequence,45,2026-02,2018-08-01,2025-12-31,in_horizon,10,0.04,14,9724,12,2,389,9335,0.8571428571428571,0.029925187032418952,0.0400041135335253,0.9678556737380267,0.10718535292859444
zoo_3month,HGST_20HUH721212ALN604,transformer,sequence,46,2025-12,2018-08-01,2025-10-30,in_horizon,10,0.005,16,9782,6,10,49,9733,0.375,0.10909090909090909,0.005009200572480065,0.9433398078102638,0.21027823644972088
zoo_3month,HGST_20HUH721212ALN604,transformer,sequence,46,2025-12,2018-08-01,2025-10-30,in_horizon,10,0.01,16,9782,10,6,98,9684,0.625,0.09259259259259259,0.01001840114496013,0.9433398078102638,0.21027823644972088
zoo_3month,HGST_20HUH721212ALN604,transformer,sequence,46,2025-12,2018-08-01,2025-10-30,in_horizon,10,0.02,16,9782,11,5,196,9586,0.6875,0.05314009661835749,0.02003680228992026,0.9433398078102638,0.21027823644972088
zoo_3month,HGST_20HUH721212ALN604,transformer,sequence,46,2025-12,2018-08-01,2025-10-30,in_horizon,10,0.04,16,9782,14,2,392,9390,0.875,0.034482758620689655,0.04007360457984052,0.9433398078102638,0.21027823644972088
zoo_3month,HGST_20HUH721212ALN604,transformer,sequence,46,2026-01,2018-08-01,2025-11-30,in_horizon,10,0.005,17,9741,7,10,49,9692,0.4117647058823529,0.125,0.005030284365054922,0.9512128842913821,0.2743173818217321
zoo_3month,HGST_20HUH721212ALN604,transformer,sequence,46,2026-01,2018-08-01,2025-11-30,in_horizon,10,0.01,17,9741,8,9,98,9643,0.47058823529411764,0.07547169811320754,0.010060568730109845,0.9512128842913821,0.2743173818217321
zoo_3month,HGST_20HUH721212ALN604,transformer,sequence,46,2026-01,2018-08-01,2025-11-30,in_horizon,10,0.02,17,9741,11,6,195,9546,0.6470588235294118,0.05339805825242718,0.02001847859562673,0.9512128842913821,0.2743173818217321
zoo_3month,HGST_20HUH721212ALN604,transformer,sequence,46,2026-01,2018-08-01,2025-11-30,in_horizon,10,0.04,17,9741,13,4,390,9351,0.7647058823529411,0.03225806451612903,0.04003695719125346,0.9512128842913821,0.2743173818217321
zoo_3month,HGST_20HUH721212ALN604,transformer,sequence,46,2026-02,2018-08-01,2025-12-31,in_horizon,10,0.005,14,9724,6,8,49,9675,0.42857142857142855,0.10909090909090909,0.005039078568490334,0.9730783921960393,0.10914302564958797
zoo_3month,HGST_20HUH721212ALN604,transformer,sequence,46,2026-02,2018-08-01,2025-12-31,in_horizon,10,0.01,14,9724,8,6,98,9626,0.5714285714285714,0.07547169811320754,0.010078157136980667,0.9730783921960393,0.10914302564958797
zoo_3month,HGST_20HUH721212ALN604,transformer,sequence,46,2026-02,2018-08-01,2025-12-31,in_horizon,10,0.02,14,9724,10,4,195,9529,0.7142857142857143,0.04878048780487805,0.020053475935828877,0.9730783921960393,0.10914302564958797
zoo_3month,HGST_20HUH721212ALN604,transformer,sequence,46,2026-02,2018-08-01,2025-12-31,in_horizon,10,0.04,14,9724,12,2,389,9335,0.8571428571428571,0.029925187032418952,0.0400041135335253,0.9730783921960393,0.10914302564958797
zoo_3month,HGST_20HUH721212ALN604,tabresnet,tabular,42,2025-12,2018-08-01,2025-10-30,in_horizon,10,0.005,16,9782,8,8,49,9733,0.5,0.14035087719298245,0.005009200572480065,0.9550002555714577,0.19894412370897122
zoo_3month,HGST_20HUH721212ALN604,tabresnet,tabular,42,2025-12,2018-08-01,2025-10-30,in_horizon,10,0.01,16,9782,9,7,98,9684,0.5625,0.08411214953271028,0.01001840114496013,0.9550002555714577,0.19894412370897122
zoo_3month,HGST_20HUH721212ALN604,tabresnet,tabular,42,2025-12,2018-08-01,2025-10-30,in_horizon,10,0.02,16,9782,12,4,196,9586,0.75,0.057692307692307696,0.02003680228992026,0.9550002555714577,0.19894412370897122
zoo_3month,HGST_20HUH721212ALN604,tabresnet,tabular,42,2025-12,2018-08-01,2025-10-30,in_horizon,10,0.04,16,9782,13,3,392,9390,0.8125,0.03209876543209877,0.04007360457984052,0.9550002555714577,0.19894412370897122
zoo_3month,HGST_20HUH721212ALN604,tabresnet,tabular,42,2026-01,2018-08-01,2025-11-30,in_horizon,10,0.005,17,9741,7,10,49,9692,0.4117647058823529,0.125,0.005030284365054922,0.9757906242262844,0.21947763679514845
zoo_3month,HGST_20HUH721212ALN604,tabresnet,tabular,42,2026-01,2018-08-01,2025-11-30,in_horizon,10,0.01,17,9741,9,8,98,9643,0.5294117647058824,0.08411214953271028,0.010060568730109845,0.9757906242262844,0.21947763679514845
zoo_3month,HGST_20HUH721212ALN604,tabresnet,tabular,42,2026-01,2018-08-01,2025-11-30,in_horizon,10,0.02,17,9741,11,6,195,9546,0.6470588235294118,0.05339805825242718,0.02001847859562673,0.9757906242262844,0.21947763679514845
zoo_3month,HGST_20HUH721212ALN604,tabresnet,tabular,42,2026-01,2018-08-01,2025-11-30,in_horizon,10,0.04,17,9741,14,3,390,9351,0.8235294117647058,0.034653465346534656,0.04003695719125346,0.9757906242262844,0.21947763679514845
zoo_3month,HGST_20HUH721212ALN604,tabresnet,tabular,42,2026-02,2018-08-01,2025-12-31,in_horizon,10,0.005,14,9724,7,7,49,9675,0.5,0.125,0.005039078568490334,0.9705074337427279,0.13343707742160266
zoo_3month,HGST_20HUH721212ALN604,tabresnet,tabular,42,2026-02,2018-08-01,2025-12-31,in_horizon,10,0.01,14,9724,8,6,98,9626,0.5714285714285714,0.07547169811320754,0.010078157136980667,0.9705074337427279,0.13343707742160266
zoo_3month,HGST_20HUH721212ALN604,tabresnet,tabular,42,2026-02,2018-08-01,2025-12-31,in_horizon,10,0.02,14,9724,10,4,195,9529,0.7142857142857143,0.04878048780487805,0.020053475935828877,0.9705074337427279,0.13343707742160266
zoo_3month,HGST_20HUH721212ALN604,tabresnet,tabular,42,2026-02,2018-08-01,2025-12-31,in_horizon,10,0.04,14,9724,11,3,389,9335,0.7857142857142857,0.0275,0.0400041135335253,0.9705074337427279,0.13343707742160266
zoo_3month,HGST_20HUH721212ALN604,tabresnet,tabular,43,2025-12,2018-08-01,2025-10-30,in_horizon,10,0.005,16,9782,9,7,49,9733,0.5625,0.15517241379310345,0.005009200572480065,0.9722385503986914,0.1844783283586411
zoo_3month,HGST_20HUH721212ALN604,tabresnet,tabular,43,2025-12,2018-08-01,2025-10-30,in_horizon,10,0.01,16,9782,9,7,98,9684,0.5625,0.08411214953271028,0.01001840114496013,0.9722385503986914,0.1844783283586411
zoo_3month,HGST_20HUH721212ALN604,tabresnet,tabular,43,2025-12,2018-08-01,2025-10-30,in_horizon,10,0.02,16,9782,11,5,196,9586,0.6875,0.05314009661835749,0.02003680228992026,0.9722385503986914,0.1844783283586411
zoo_3month,HGST_20HUH721212ALN604,tabresnet,tabular,43,2025-12,2018-08-01,2025-10-30,in_horizon,10,0.04,16,9782,13,3,392,9390,0.8125,0.03209876543209877,0.04007360457984052,0.9722385503986914,0.1844783283586411
zoo_3month,HGST_20HUH721212ALN604,tabresnet,tabular,43,2026-01,2018-08-01,2025-11-30,in_horizon,10,0.005,17,9741,7,10,49,9692,0.4117647058823529,0.125,0.005030284365054922,0.9606152285367489,0.17855666000916307
zoo_3month,HGST_20HUH721212ALN604,tabresnet,tabular,43,2026-01,2018-08-01,2025-11-30,in_horizon,10,0.01,17,9741,7,10,98,9643,0.4117647058823529,0.06666666666666667,0.010060568730109845,0.9606152285367489,0.17855666000916307
zoo_3month,HGST_20HUH721212ALN604,tabresnet,tabular,43,2026-01,2018-08-01,2025-11-30,in_horizon,10,0.02,17,9741,10,7,195,9546,0.5882352941176471,0.04878048780487805,0.02001847859562673,0.9606152285367489,0.17855666000916307
zoo_3month,HGST_20HUH721212ALN604,tabresnet,tabular,43,2026-01,2018-08-01,2025-11-30,in_horizon,10,0.04,17,9741,13,4,390,9351,0.7647058823529411,0.03225806451612903,0.04003695719125346,0.9606152285367489,0.17855666000916307
zoo_3month,HGST_20HUH721212ALN604,tabresnet,tabular,43,2026-02,2018-08-01,2025-12-31,in_horizon,10,0.005,14,9724,7,7,49,9675,0.5,0.125,0.005039078568490334,0.9641241111829347,0.1314332467688693
zoo_3month,HGST_20HUH721212ALN604,tabresnet,tabular,43,2026-02,2018-08-01,2025-12-31,in_horizon,10,0.01,14,9724,9,5,98,9626,0.6428571428571429,0.08411214953271028,0.010078157136980667,0.9641241111829347,0.1314332467688693
zoo_3month,HGST_20HUH721212ALN604,tabresnet,tabular,43,2026-02,2018-08-01,2025-12-31,in_horizon,10,0.02,14,9724,11,3,195,9529,0.7857142857142857,0.05339805825242718,0.020053475935828877,0.9641241111829347,0.1314332467688693
zoo_3month,HGST_20HUH721212ALN604,tabresnet,tabular,43,2026-02,2018-08-01,2025-12-31,in_horizon,10,0.04,14,9724,11,3,389,9335,0.7857142857142857,0.0275,0.0400041135335253,0.9641241111829347,0.1314332467688693
zoo_3month,HGST_20HUH721212ALN604,tabresnet,tabular,44,2025-12,2018-08-01,2025-10-30,in_horizon,10,0.005,16,9782,7,9,49,9733,0.4375,0.125,0.005009200572480065,0.9582843488039257,0.15851636963305243
zoo_3month,HGST_20HUH721212ALN604,tabresnet,tabular,44,2025-12,2018-08-01,2025-10-30,in_horizon,10,0.01,16,9782,8,8,98,9684,0.5,0.07547169811320754,0.01001840114496013,0.9582843488039257,0.15851636963305243
zoo_3month,HGST_20HUH721212ALN604,tabresnet,tabular,44,2025-12,2018-08-01,2025-10-30,in_horizon,10,0.02,16,9782,10,6,196,9586,0.625,0.04854368932038835,0.02003680228992026,0.9582843488039257,0.15851636963305243
zoo_3month,HGST_20HUH721212ALN604,tabresnet,tabular,44,2025-12,2018-08-01,2025-10-30,in_horizon,10,0.04,16,9782,13,3,392,9390,0.8125,0.03209876543209877,0.04007360457984052,0.9582843488039257,0.15851636963305243
zoo_3month,HGST_20HUH721212ALN604,tabresnet,tabular,44,2026-01,2018-08-01,2025-11-30,in_horizon,10,0.005,17,9741,6,11,49,9692,0.35294117647058826,0.10909090909090909,0.005030284365054922,0.9631817001515728,0.2018266652564806
zoo_3month,HGST_20HUH721212ALN604,tabresnet,tabular,44,2026-01,2018-08-01,2025-11-30,in_horizon,10,0.01,17,9741,9,8,98,9643,0.5294117647058824,0.08411214953271028,0.010060568730109845,0.9631817001515728,0.2018266652564806
zoo_3month,HGST_20HUH721212ALN604,tabresnet,tabular,44,2026-01,2018-08-01,2025-11-30,in_horizon,10,0.02,17,9741,11,6,195,9546,0.6470588235294118,0.05339805825242718,0.02001847859562673,0.9631817001515728,0.2018266652564806
zoo_3month,HGST_20HUH721212ALN604,tabresnet,tabular,44,2026-01,2018-08-01,2025-11-30,in_horizon,10,0.04,17,9741,12,5,390,9351,0.7058823529411765,0.029850746268656716,0.04003695719125346,0.9631817001515728,0.2018266652564806
zoo_3month,HGST_20HUH721212ALN604,tabresnet,tabular,44,2026-02,2018-08-01,2025-12-31,in_horizon,10,0.005,14,9724,7,7,49,9675,0.5,0.125,0.005039078568490334,0.9730416642181348,0.1421967981229483
zoo_3month,HGST_20HUH721212ALN604,tabresnet,tabular,44,2026-02,2018-08-01,2025-12-31,in_horizon,10,0.01,14,9724,8,6,98,9626,0.5714285714285714,0.07547169811320754,0.010078157136980667,0.9730416642181348,0.1421967981229483
zoo_3month,HGST_20HUH721212ALN604,tabresnet,tabular,44,2026-02,2018-08-01,2025-12-31,in_horizon,10,0.02,14,9724,11,3,195,9529,0.7857142857142857,0.05339805825242718,0.020053475935828877,0.9730416642181348,0.1421967981229483
zoo_3month,HGST_20HUH721212ALN604,tabresnet,tabular,44,2026-02,2018-08-01,2025-12-31,in_horizon,10,0.04,14,9724,11,3,389,9335,0.7857142857142857,0.0275,0.0400041135335253,0.9730416642181348,0.1421967981229483
zoo_3month,HGST_20HUH721212ALN604,tabresnet,tabular,45,2025-12,2018-08-01,2025-10-30,in_horizon,10,0.005,16,9782,7,9,49,9733,0.4375,0.125,0.005009200572480065,0.9437678900020446,0.18117628481881212
zoo_3month,HGST_20HUH721212ALN604,tabresnet,tabular,45,2025-12,2018-08-01,2025-10-30,in_horizon,10,0.01,16,9782,10,6,98,9684,0.625,0.09259259259259259,0.01001840114496013,0.9437678900020446,0.18117628481881212
zoo_3month,HGST_20HUH721212ALN604,tabresnet,tabular,45,2025-12,2018-08-01,2025-10-30,in_horizon,10,0.02,16,9782,11,5,196,9586,0.6875,0.05314009661835749,0.02003680228992026,0.9437678900020446,0.18117628481881212
zoo_3month,HGST_20HUH721212ALN604,tabresnet,tabular,45,2025-12,2018-08-01,2025-10-30,in_horizon,10,0.04,16,9782,13,3,392,9390,0.8125,0.03209876543209877,0.04007360457984052,0.9437678900020446,0.18117628481881212
zoo_3month,HGST_20HUH721212ALN604,tabresnet,tabular,45,2026-01,2018-08-01,2025-11-30,in_horizon,10,0.005,17,9741,8,9,49,9692,0.47058823529411764,0.14035087719298245,0.005030284365054922,0.9689245578120377,0.20696340022915172
zoo_3month,HGST_20HUH721212ALN604,tabresnet,tabular,45,2026-01,2018-08-01,2025-11-30,in_horizon,10,0.01,17,9741,10,7,98,9643,0.5882352941176471,0.09259259259259259,0.010060568730109845,0.9689245578120377,0.20696340022915172
zoo_3month,HGST_20HUH721212ALN604,tabresnet,tabular,45,2026-01,2018-08-01,2025-11-30,in_horizon,10,0.02,17,9741,12,5,195,9546,0.7058823529411765,0.057971014492753624,0.02001847859562673,0.9689245578120377,0.20696340022915172
zoo_3month,HGST_20HUH721212ALN604,tabresnet,tabular,45,2026-01,2018-08-01,2025-11-30,in_horizon,10,0.04,17,9741,12,5,390,9351,0.7058823529411765,0.029850746268656716,0.04003695719125346,0.9689245578120377,0.20696340022915172
zoo_3month,HGST_20HUH721212ALN604,tabresnet,tabular,45,2026-02,2018-08-01,2025-12-31,in_horizon,10,0.005,14,9724,7,7,49,9675,0.5,0.125,0.005039078568490334,0.945929070929071,0.1283437761965311
zoo_3month,HGST_20HUH721212ALN604,tabresnet,tabular,45,2026-02,2018-08-01,2025-12-31,in_horizon,10,0.01,14,9724,9,5,98,9626,0.6428571428571429,0.08411214953271028,0.010078157136980667,0.945929070929071,0.1283437761965311
zoo_3month,HGST_20HUH721212ALN604,tabresnet,tabular,45,2026-02,2018-08-01,2025-12-31,in_horizon,10,0.02,14,9724,11,3,195,9529,0.7857142857142857,0.05339805825242718,0.020053475935828877,0.945929070929071,0.1283437761965311
zoo_3month,HGST_20HUH721212ALN604,tabresnet,tabular,45,2026-02,2018-08-01,2025-12-31,in_horizon,10,0.04,14,9724,11,3,389,9335,0.7857142857142857,0.0275,0.0400041135335253,0.945929070929071,0.1283437761965311
zoo_3month,HGST_20HUH721212ALN604,tabresnet,tabular,46,2025-12,2018-08-01,2025-10-30,in_horizon,10,0.005,16,9782,6,10,49,9733,0.375,0.10909090909090909,0.005009200572480065,0.9662006747086485,0.1412460244069614
zoo_3month,HGST_20HUH721212ALN604,tabresnet,tabular,46,2025-12,2018-08-01,2025-10-30,in_horizon,10,0.01,16,9782,10,6,98,9684,0.625,0.09259259259259259,0.01001840114496013,0.9662006747086485,0.1412460244069614
zoo_3month,HGST_20HUH721212ALN604,tabresnet,tabular,46,2025-12,2018-08-01,2025-10-30,in_horizon,10,0.02,16,9782,11,5,196,9586,0.6875,0.05314009661835749,0.02003680228992026,0.9662006747086485,0.1412460244069614
zoo_3month,HGST_20HUH721212ALN604,tabresnet,tabular,46,2025-12,2018-08-01,2025-10-30,in_horizon,10,0.04,16,9782,13,3,392,9390,0.8125,0.03209876543209877,0.04007360457984052,0.9662006747086485,0.1412460244069614
zoo_3month,HGST_20HUH721212ALN604,tabresnet,tabular,46,2026-01,2018-08-01,2025-11-30,in_horizon,10,0.005,17,9741,8,9,49,9692,0.47058823529411764,0.14035087719298245,0.005030284365054922,0.970259123051746,0.25400270074588005
zoo_3month,HGST_20HUH721212ALN604,tabresnet,tabular,46,2026-01,2018-08-01,2025-11-30,in_horizon,10,0.01,17,9741,9,8,98,9643,0.5294117647058824,0.08411214953271028,0.010060568730109845,0.970259123051746,0.25400270074588005
zoo_3month,HGST_20HUH721212ALN604,tabresnet,tabular,46,2026-01,2018-08-01,2025-11-30,in_horizon,10,0.02,17,9741,11,6,195,9546,0.6470588235294118,0.05339805825242718,0.02001847859562673,0.970259123051746,0.25400270074588005
zoo_3month,HGST_20HUH721212ALN604,tabresnet,tabular,46,2026-01,2018-08-01,2025-11-30,in_horizon,10,0.04,17,9741,12,5,390,9351,0.7058823529411765,0.029850746268656716,0.04003695719125346,0.970259123051746,0.25400270074588005
zoo_3month,HGST_20HUH721212ALN604,tabresnet,tabular,46,2026-02,2018-08-01,2025-12-31,in_horizon,10,0.005,14,9724,7,7,49,9675,0.5,0.125,0.005039078568490334,0.9660266204383852,0.13041370727803114
zoo_3month,HGST_20HUH721212ALN604,tabresnet,tabular,46,2026-02,2018-08-01,2025-12-31,in_horizon,10,0.01,14,9724,8,6,98,9626,0.5714285714285714,0.07547169811320754,0.010078157136980667,0.9660266204383852,0.13041370727803114
zoo_3month,HGST_20HUH721212ALN604,tabresnet,tabular,46,2026-02,2018-08-01,2025-12-31,in_horizon,10,0.02,14,9724,11,3,195,9529,0.7857142857142857,0.05339805825242718,0.020053475935828877,0.9660266204383852,0.13041370727803114
zoo_3month,HGST_20HUH721212ALN604,tabresnet,tabular,46,2026-02,2018-08-01,2025-12-31,in_horizon,10,0.04,14,9724,11,3,389,9335,0.7857142857142857,0.0275,0.0400041135335253,0.9660266204383852,0.13041370727803114
zoo_3month,HGST_20HUH721212ALN604,gru,sequence,42,2025-12,2018-08-01,2025-10-30,in_horizon,10,0.005,16,9782,4,12,49,9733,0.25,0.07547169811320754,0.005009200572480065,0.9264337558781437,0.11071820666085612
zoo_3month,HGST_20HUH721212ALN604,gru,sequence,42,2025-12,2018-08-01,2025-10-30,in_horizon,10,0.01,16,9782,8,8,98,9684,0.5,0.07547169811320754,0.01001840114496013,0.9264337558781437,0.11071820666085612
zoo_3month,HGST_20HUH721212ALN604,gru,sequence,42,2025-12,2018-08-01,2025-10-30,in_horizon,10,0.02,16,9782,11,5,196,9586,0.6875,0.05314009661835749,0.02003680228992026,0.9264337558781437,0.11071820666085612
zoo_3month,HGST_20HUH721212ALN604,gru,sequence,42,2025-12,2018-08-01,2025-10-30,in_horizon,10,0.04,16,9782,13,3,392,9390,0.8125,0.03209876543209877,0.04007360457984052,0.9264337558781437,0.11071820666085612
zoo_3month,HGST_20HUH721212ALN604,gru,sequence,42,2026-01,2018-08-01,2025-11-30,in_horizon,10,0.005,17,9741,7,10,49,9692,0.4117647058823529,0.125,0.005030284365054922,0.9630609250167574,0.1730101244019175
zoo_3month,HGST_20HUH721212ALN604,gru,sequence,42,2026-01,2018-08-01,2025-11-30,in_horizon,10,0.01,17,9741,11,6,98,9643,0.6470588235294118,0.10091743119266056,0.010060568730109845,0.9630609250167574,0.1730101244019175
zoo_3month,HGST_20HUH721212ALN604,gru,sequence,42,2026-01,2018-08-01,2025-11-30,in_horizon,10,0.02,17,9741,11,6,195,9546,0.6470588235294118,0.05339805825242718,0.02001847859562673,0.9630609250167574,0.1730101244019175
zoo_3month,HGST_20HUH721212ALN604,gru,sequence,42,2026-01,2018-08-01,2025-11-30,in_horizon,10,0.04,17,9741,14,3,390,9351,0.8235294117647058,0.034653465346534656,0.04003695719125346,0.9630609250167574,0.1730101244019175
zoo_3month,HGST_20HUH721212ALN604,gru,sequence,42,2026-02,2018-08-01,2025-12-31,in_horizon,10,0.005,14,9724,5,9,49,9675,0.35714285714285715,0.09259259259259259,0.005039078568490334,0.9730049362402304,0.07804403013512166
zoo_3month,HGST_20HUH721212ALN604,gru,sequence,42,2026-02,2018-08-01,2025-12-31,in_horizon,10,0.01,14,9724,8,6,98,9626,0.5714285714285714,0.07547169811320754,0.010078157136980667,0.9730049362402304,0.07804403013512166
zoo_3month,HGST_20HUH721212ALN604,gru,sequence,42,2026-02,2018-08-01,2025-12-31,in_horizon,10,0.02,14,9724,9,5,195,9529,0.6428571428571429,0.04411764705882353,0.020053475935828877,0.9730049362402304,0.07804403013512166
zoo_3month,HGST_20HUH721212ALN604,gru,sequence,42,2026-02,2018-08-01,2025-12-31,in_horizon,10,0.04,14,9724,11,3,389,9335,0.7857142857142857,0.0275,0.0400041135335253,0.9730049362402304,0.07804403013512166
zoo_3month,HGST_20HUH721212ALN604,gru,sequence,43,2025-12,2018-08-01,2025-10-30,in_horizon,10,0.005,16,9782,6,10,49,9733,0.375,0.10909090909090909,0.005009200572480065,0.9243125127785728,0.09467005054414974
zoo_3month,HGST_20HUH721212ALN604,gru,sequence,43,2025-12,2018-08-01,2025-10-30,in_horizon,10,0.01,16,9782,7,9,98,9684,0.4375,0.06666666666666667,0.01001840114496013,0.9243125127785728,0.09467005054414974
zoo_3month,HGST_20HUH721212ALN604,gru,sequence,43,2025-12,2018-08-01,2025-10-30,in_horizon,10,0.02,16,9782,11,5,196,9586,0.6875,0.05314009661835749,0.02003680228992026,0.9243125127785728,0.09467005054414974
zoo_3month,HGST_20HUH721212ALN604,gru,sequence,43,2025-12,2018-08-01,2025-10-30,in_horizon,10,0.04,16,9782,13,3,392,9390,0.8125,0.03209876543209877,0.04007360457984052,0.9243125127785728,0.09467005054414974
zoo_3month,HGST_20HUH721212ALN604,gru,sequence,43,2026-01,2018-08-01,2025-11-30,in_horizon,10,0.005,17,9741,8,9,49,9692,0.47058823529411764,0.14035087719298245,0.005030284365054922,0.9321304129905736,0.15773513768641856
zoo_3month,HGST_20HUH721212ALN604,gru,sequence,43,2026-01,2018-08-01,2025-11-30,in_horizon,10,0.01,17,9741,10,7,98,9643,0.5882352941176471,0.09259259259259259,0.010060568730109845,0.9321304129905736,0.15773513768641856
zoo_3month,HGST_20HUH721212ALN604,gru,sequence,43,2026-01,2018-08-01,2025-11-30,in_horizon,10,0.02,17,9741,11,6,195,9546,0.6470588235294118,0.05339805825242718,0.02001847859562673,0.9321304129905736,0.15773513768641856
zoo_3month,HGST_20HUH721212ALN604,gru,sequence,43,2026-01,2018-08-01,2025-11-30,in_horizon,10,0.04,17,9741,13,4,390,9351,0.7647058823529411,0.03225806451612903,0.04003695719125346,0.9321304129905736,0.15773513768641856
zoo_3month,HGST_20HUH721212ALN604,gru,sequence,43,2026-02,2018-08-01,2025-12-31,in_horizon,10,0.005,14,9724,6,8,49,9675,0.42857142857142855,0.10909090909090909,0.005039078568490334,0.9735264735264736,0.08133159081373591
zoo_3month,HGST_20HUH721212ALN604,gru,sequence,43,2026-02,2018-08-01,2025-12-31,in_horizon,10,0.01,14,9724,7,7,98,9626,0.5,0.06666666666666667,0.010078157136980667,0.9735264735264736,0.08133159081373591
zoo_3month,HGST_20HUH721212ALN604,gru,sequence,43,2026-02,2018-08-01,2025-12-31,in_horizon,10,0.02,14,9724,10,4,195,9529,0.7142857142857143,0.04878048780487805,0.020053475935828877,0.9735264735264736,0.08133159081373591
zoo_3month,HGST_20HUH721212ALN604,gru,sequence,43,2026-02,2018-08-01,2025-12-31,in_horizon,10,0.04,14,9724,11,3,389,9335,0.7857142857142857,0.0275,0.0400041135335253,0.9735264735264736,0.08133159081373591
zoo_3month,HGST_20HUH721212ALN604,gru,sequence,44,2025-12,2018-08-01,2025-10-30,in_horizon,10,0.005,16,9782,2,14,49,9733,0.125,0.0392156862745098,0.005009200572480065,0.9140065937436107,0.05895420864721533
zoo_3month,HGST_20HUH721212ALN604,gru,sequence,44,2025-12,2018-08-01,2025-10-30,in_horizon,10,0.01,16,9782,8,8,98,9684,0.5,0.07547169811320754,0.01001840114496013,0.9140065937436107,0.05895420864721533
zoo_3month,HGST_20HUH721212ALN604,gru,sequence,44,2025-12,2018-08-01,2025-10-30,in_horizon,10,0.02,16,9782,10,6,196,9586,0.625,0.04854368932038835,0.02003680228992026,0.9140065937436107,0.05895420864721533
zoo_3month,HGST_20HUH721212ALN604,gru,sequence,44,2025-12,2018-08-01,2025-10-30,in_horizon,10,0.04,16,9782,12,4,392,9390,0.75,0.0297029702970297,0.04007360457984052,0.9140065937436107,0.05895420864721533
zoo_3month,HGST_20HUH721212ALN604,gru,sequence,44,2026-01,2018-08-01,2025-11-30,in_horizon,10,0.005,17,9741,4,13,49,9692,0.23529411764705882,0.07547169811320754,0.005030284365054922,0.9496246912685616,0.07530973216466412
zoo_3month,HGST_20HUH721212ALN604,gru,sequence,44,2026-01,2018-08-01,2025-11-30,in_horizon,10,0.01,17,9741,10,7,98,9643,0.5882352941176471,0.09259259259259259,0.010060568730109845,0.9496246912685616,0.07530973216466412
zoo_3month,HGST_20HUH721212ALN604,gru,sequence,44,2026-01,2018-08-01,2025-11-30,in_horizon,10,0.02,17,9741,12,5,195,9546,0.7058823529411765,0.057971014492753624,0.02001847859562673,0.9496246912685616,0.07530973216466412
zoo_3month,HGST_20HUH721212ALN604,gru,sequence,44,2026-01,2018-08-01,2025-11-30,in_horizon,10,0.04,17,9741,13,4,390,9351,0.7647058823529411,0.03225806451612903,0.04003695719125346,0.9496246912685616,0.07530973216466412
zoo_3month,HGST_20HUH721212ALN604,gru,sequence,44,2026-02,2018-08-01,2025-12-31,in_horizon,10,0.005,14,9724,5,9,49,9675,0.35714285714285715,0.09259259259259259,0.005039078568490334,0.9675545043192102,0.0560275970701595
zoo_3month,HGST_20HUH721212ALN604,gru,sequence,44,2026-02,2018-08-01,2025-12-31,in_horizon,10,0.01,14,9724,6,8,98,9626,0.42857142857142855,0.057692307692307696,0.010078157136980667,0.9675545043192102,0.0560275970701595
zoo_3month,HGST_20HUH721212ALN604,gru,sequence,44,2026-02,2018-08-01,2025-12-31,in_horizon,10,0.02,14,9724,8,6,195,9529,0.5714285714285714,0.03940886699507389,0.020053475935828877,0.9675545043192102,0.0560275970701595
zoo_3month,HGST_20HUH721212ALN604,gru,sequence,44,2026-02,2018-08-01,2025-12-31,in_horizon,10,0.04,14,9724,11,3,389,9335,0.7857142857142857,0.0275,0.0400041135335253,0.9675545043192102,0.0560275970701595
zoo_3month,HGST_20HUH721212ALN604,gru,sequence,45,2025-12,2018-08-01,2025-10-30,in_horizon,10,0.005,16,9782,4,12,49,9733,0.25,0.07547169811320754,0.005009200572480065,0.9282866489470456,0.09192887106697097
zoo_3month,HGST_20HUH721212ALN604,gru,sequence,45,2025-12,2018-08-01,2025-10-30,in_horizon,10,0.01,16,9782,6,10,98,9684,0.375,0.057692307692307696,0.01001840114496013,0.9282866489470456,0.09192887106697097
zoo_3month,HGST_20HUH721212ALN604,gru,sequence,45,2025-12,2018-08-01,2025-10-30,in_horizon,10,0.02,16,9782,11,5,196,9586,0.6875,0.05314009661835749,0.02003680228992026,0.9282866489470456,0.09192887106697097
zoo_3month,HGST_20HUH721212ALN604,gru,sequence,45,2025-12,2018-08-01,2025-10-30,in_horizon,10,0.04,16,9782,13,3,392,9390,0.8125,0.03209876543209877,0.04007360457984052,0.9282866489470456,0.09192887106697097
zoo_3month,HGST_20HUH721212ALN604,gru,sequence,45,2026-01,2018-08-01,2025-11-30,in_horizon,10,0.005,17,9741,7,10,49,9692,0.4117647058823529,0.125,0.005030284365054922,0.9177279781638557,0.10871060573029623
zoo_3month,HGST_20HUH721212ALN604,gru,sequence,45,2026-01,2018-08-01,2025-11-30,in_horizon,10,0.01,17,9741,9,8,98,9643,0.5294117647058824,0.08411214953271028,0.010060568730109845,0.9177279781638557,0.10871060573029623
zoo_3month,HGST_20HUH721212ALN604,gru,sequence,45,2026-01,2018-08-01,2025-11-30,in_horizon,10,0.02,17,9741,12,5,195,9546,0.7058823529411765,0.057971014492753624,0.02001847859562673,0.9177279781638557,0.10871060573029623
zoo_3month,HGST_20HUH721212ALN604,gru,sequence,45,2026-01,2018-08-01,2025-11-30,in_horizon,10,0.04,17,9741,12,5,390,9351,0.7058823529411765,0.029850746268656716,0.04003695719125346,0.9177279781638557,0.10871060573029623
zoo_3month,HGST_20HUH721212ALN604,gru,sequence,45,2026-02,2018-08-01,2025-12-31,in_horizon,10,0.005,14,9724,1,13,49,9675,0.07142857142857142,0.02,0.005039078568490334,0.937408180055239,0.037692145001722084
zoo_3month,HGST_20HUH721212ALN604,gru,sequence,45,2026-02,2018-08-01,2025-12-31,in_horizon,10,0.01,14,9724,5,9,98,9626,0.35714285714285715,0.04854368932038835,0.010078157136980667,0.937408180055239,0.037692145001722084
zoo_3month,HGST_20HUH721212ALN604,gru,sequence,45,2026-02,2018-08-01,2025-12-31,in_horizon,10,0.02,14,9724,8,6,195,9529,0.5714285714285714,0.03940886699507389,0.020053475935828877,0.937408180055239,0.037692145001722084
zoo_3month,HGST_20HUH721212ALN604,gru,sequence,45,2026-02,2018-08-01,2025-12-31,in_horizon,10,0.04,14,9724,9,5,389,9335,0.6428571428571429,0.022613065326633167,0.0400041135335253,0.937408180055239,0.037692145001722084
zoo_3month,HGST_20HUH721212ALN604,gru,sequence,46,2025-12,2018-08-01,2025-10-30,in_horizon,10,0.005,16,9782,6,10,49,9733,0.375,0.10909090909090909,0.005009200572480065,0.9588593845839296,0.09608409918710362
zoo_3month,HGST_20HUH721212ALN604,gru,sequence,46,2025-12,2018-08-01,2025-10-30,in_horizon,10,0.01,16,9782,9,7,98,9684,0.5625,0.08411214953271028,0.01001840114496013,0.9588593845839296,0.09608409918710362
zoo_3month,HGST_20HUH721212ALN604,gru,sequence,46,2025-12,2018-08-01,2025-10-30,in_horizon,10,0.02,16,9782,11,5,196,9586,0.6875,0.05314009661835749,0.02003680228992026,0.9588593845839296,0.09608409918710362
zoo_3month,HGST_20HUH721212ALN604,gru,sequence,46,2025-12,2018-08-01,2025-10-30,in_horizon,10,0.04,16,9782,13,3,392,9390,0.8125,0.03209876543209877,0.04007360457984052,0.9588593845839296,0.09608409918710362
zoo_3month,HGST_20HUH721212ALN604,gru,sequence,46,2026-01,2018-08-01,2025-11-30,in_horizon,10,0.005,17,9741,6,11,49,9692,0.35294117647058826,0.10909090909090909,0.005030284365054922,0.9556453317391015,0.17148749645364492
zoo_3month,HGST_20HUH721212ALN604,gru,sequence,46,2026-01,2018-08-01,2025-11-30,in_horizon,10,0.01,17,9741,9,8,98,9643,0.5294117647058824,0.08411214953271028,0.010060568730109845,0.9556453317391015,0.17148749645364492
zoo_3month,HGST_20HUH721212ALN604,gru,sequence,46,2026-01,2018-08-01,2025-11-30,in_horizon,10,0.02,17,9741,11,6,195,9546,0.6470588235294118,0.05339805825242718,0.02001847859562673,0.9556453317391015,0.17148749645364492
zoo_3month,HGST_20HUH721212ALN604,gru,sequence,46,2026-01,2018-08-01,2025-11-30,in_horizon,10,0.04,17,9741,14,3,390,9351,0.8235294117647058,0.034653465346534656,0.04003695719125346,0.9556453317391015,0.17148749645364492
zoo_3month,HGST_20HUH721212ALN604,gru,sequence,46,2026-02,2018-08-01,2025-12-31,in_horizon,10,0.005,14,9724,7,7,49,9675,0.5,0.125,0.005039078568490334,0.972358523829112,0.11267960617979197
zoo_3month,HGST_20HUH721212ALN604,gru,sequence,46,2026-02,2018-08-01,2025-12-31,in_horizon,10,0.01,14,9724,7,7,98,9626,0.5,0.06666666666666667,0.010078157136980667,0.972358523829112,0.11267960617979197
zoo_3month,HGST_20HUH721212ALN604,gru,sequence,46,2026-02,2018-08-01,2025-12-31,in_horizon,10,0.02,14,9724,8,6,195,9529,0.5714285714285714,0.03940886699507389,0.020053475935828877,0.972358523829112,0.11267960617979197
zoo_3month,HGST_20HUH721212ALN604,gru,sequence,46,2026-02,2018-08-01,2025-12-31,in_horizon,10,0.04,14,9724,12,2,389,9335,0.8571428571428571,0.029925187032418952,0.0400041135335253,0.972358523829112,0.11267960617979197
zoo_3month,HGST_20HUH721212ALN604,cnn1d,sequence,42,2025-12,2018-08-01,2025-10-30,in_horizon,10,0.005,16,9782,7,9,49,9733,0.4375,0.125,0.005009200572480065,0.9365991106113268,0.16625656034492145
zoo_3month,HGST_20HUH721212ALN604,cnn1d,sequence,42,2025-12,2018-08-01,2025-10-30,in_horizon,10,0.01,16,9782,10,6,98,9684,0.625,0.09259259259259259,0.01001840114496013,0.9365991106113268,0.16625656034492145
zoo_3month,HGST_20HUH721212ALN604,cnn1d,sequence,42,2025-12,2018-08-01,2025-10-30,in_horizon,10,0.02,16,9782,12,4,196,9586,0.75,0.057692307692307696,0.02003680228992026,0.9365991106113268,0.16625656034492145
zoo_3month,HGST_20HUH721212ALN604,cnn1d,sequence,42,2025-12,2018-08-01,2025-10-30,in_horizon,10,0.04,16,9782,14,2,392,9390,0.875,0.034482758620689655,0.04007360457984052,0.9365991106113268,0.16625656034492145
zoo_3month,HGST_20HUH721212ALN604,cnn1d,sequence,42,2026-01,2018-08-01,2025-11-30,in_horizon,10,0.005,17,9741,8,9,49,9692,0.47058823529411764,0.14035087719298245,0.005030284365054922,0.9625113981533481,0.1999899800731823
zoo_3month,HGST_20HUH721212ALN604,cnn1d,sequence,42,2026-01,2018-08-01,2025-11-30,in_horizon,10,0.01,17,9741,9,8,98,9643,0.5294117647058824,0.08411214953271028,0.010060568730109845,0.9625113981533481,0.1999899800731823
zoo_3month,HGST_20HUH721212ALN604,cnn1d,sequence,42,2026-01,2018-08-01,2025-11-30,in_horizon,10,0.02,17,9741,12,5,195,9546,0.7058823529411765,0.057971014492753624,0.02001847859562673,0.9625113981533481,0.1999899800731823
zoo_3month,HGST_20HUH721212ALN604,cnn1d,sequence,42,2026-01,2018-08-01,2025-11-30,in_horizon,10,0.04,17,9741,14,3,390,9351,0.8235294117647058,0.034653465346534656,0.04003695719125346,0.9625113981533481,0.1999899800731823
zoo_3month,HGST_20HUH721212ALN604,cnn1d,sequence,42,2026-02,2018-08-01,2025-12-31,in_horizon,10,0.005,14,9724,5,9,49,9675,0.35714285714285715,0.09259259259259259,0.005039078568490334,0.9745254745254744,0.07925424151542872
zoo_3month,HGST_20HUH721212ALN604,cnn1d,sequence,42,2026-02,2018-08-01,2025-12-31,in_horizon,10,0.01,14,9724,8,6,98,9626,0.5714285714285714,0.07547169811320754,0.010078157136980667,0.9745254745254744,0.07925424151542872
zoo_3month,HGST_20HUH721212ALN604,cnn1d,sequence,42,2026-02,2018-08-01,2025-12-31,in_horizon,10,0.02,14,9724,9,5,195,9529,0.6428571428571429,0.04411764705882353,0.020053475935828877,0.9745254745254744,0.07925424151542872
zoo_3month,HGST_20HUH721212ALN604,cnn1d,sequence,42,2026-02,2018-08-01,2025-12-31,in_horizon,10,0.04,14,9724,11,3,389,9335,0.7857142857142857,0.0275,0.0400041135335253,0.9745254745254744,0.07925424151542872
zoo_3month,HGST_20HUH721212ALN604,cnn1d,sequence,43,2025-12,2018-08-01,2025-10-30,in_horizon,10,0.005,16,9782,7,9,49,9733,0.4375,0.125,0.005009200572480065,0.9360879676957677,0.14213683186511794
zoo_3month,HGST_20HUH721212ALN604,cnn1d,sequence,43,2025-12,2018-08-01,2025-10-30,in_horizon,10,0.01,16,9782,10,6,98,9684,0.625,0.09259259259259259,0.01001840114496013,0.9360879676957677,0.14213683186511794
zoo_3month,HGST_20HUH721212ALN604,cnn1d,sequence,43,2025-12,2018-08-01,2025-10-30,in_horizon,10,0.02,16,9782,11,5,196,9586,0.6875,0.05314009661835749,0.02003680228992026,0.9360879676957677,0.14213683186511794
zoo_3month,HGST_20HUH721212ALN604,cnn1d,sequence,43,2025-12,2018-08-01,2025-10-30,in_horizon,10,0.04,16,9782,14,2,392,9390,0.875,0.034482758620689655,0.04007360457984052,0.9360879676957677,0.14213683186511794
zoo_3month,HGST_20HUH721212ALN604,cnn1d,sequence,43,2026-01,2018-08-01,2025-11-30,in_horizon,10,0.005,17,9741,7,10,49,9692,0.4117647058823529,0.125,0.005030284365054922,0.9307414989401982,0.24522311950935038
zoo_3month,HGST_20HUH721212ALN604,cnn1d,sequence,43,2026-01,2018-08-01,2025-11-30,in_horizon,10,0.01,17,9741,8,9,98,9643,0.47058823529411764,0.07547169811320754,0.010060568730109845,0.9307414989401982,0.24522311950935038
zoo_3month,HGST_20HUH721212ALN604,cnn1d,sequence,43,2026-01,2018-08-01,2025-11-30,in_horizon,10,0.02,17,9741,12,5,195,9546,0.7058823529411765,0.057971014492753624,0.02001847859562673,0.9307414989401982,0.24522311950935038
zoo_3month,HGST_20HUH721212ALN604,cnn1d,sequence,43,2026-01,2018-08-01,2025-11-30,in_horizon,10,0.04,17,9741,12,5,390,9351,0.7058823529411765,0.029850746268656716,0.04003695719125346,0.9307414989401982,0.24522311950935038
zoo_3month,HGST_20HUH721212ALN604,cnn1d,sequence,43,2026-02,2018-08-01,2025-12-31,in_horizon,10,0.005,14,9724,4,10,49,9675,0.2857142857142857,0.07547169811320754,0.005039078568490334,0.9697067638244108,0.0791195453699883
zoo_3month,HGST_20HUH721212ALN604,cnn1d,sequence,43,2026-02,2018-08-01,2025-12-31,in_horizon,10,0.01,14,9724,8,6,98,9626,0.5714285714285714,0.07547169811320754,0.010078157136980667,0.9697067638244108,0.0791195453699883
zoo_3month,HGST_20HUH721212ALN604,cnn1d,sequence,43,2026-02,2018-08-01,2025-12-31,in_horizon,10,0.02,14,9724,9,5,195,9529,0.6428571428571429,0.04411764705882353,0.020053475935828877,0.9697067638244108,0.0791195453699883
zoo_3month,HGST_20HUH721212ALN604,cnn1d,sequence,43,2026-02,2018-08-01,2025-12-31,in_horizon,10,0.04,14,9724,11,3,389,9335,0.7857142857142857,0.0275,0.0400041135335253,0.9697067638244108,0.0791195453699883
zoo_3month,HGST_20HUH721212ALN604,cnn1d,sequence,44,2025-12,2018-08-01,2025-10-30,in_horizon,10,0.005,16,9782,4,12,49,9733,0.25,0.07547169811320754,0.005009200572480065,0.9480551012062973,0.17212130486923005
zoo_3month,HGST_20HUH721212ALN604,cnn1d,sequence,44,2025-12,2018-08-01,2025-10-30,in_horizon,10,0.01,16,9782,8,8,98,9684,0.5,0.07547169811320754,0.01001840114496013,0.9480551012062973,0.17212130486923005
zoo_3month,HGST_20HUH721212ALN604,cnn1d,sequence,44,2025-12,2018-08-01,2025-10-30,in_horizon,10,0.02,16,9782,11,5,196,9586,0.6875,0.05314009661835749,0.02003680228992026,0.9480551012062973,0.17212130486923005
zoo_3month,HGST_20HUH721212ALN604,cnn1d,sequence,44,2025-12,2018-08-01,2025-10-30,in_horizon,10,0.04,16,9782,13,3,392,9390,0.8125,0.03209876543209877,0.04007360457984052,0.9480551012062973,0.17212130486923005
zoo_3month,HGST_20HUH721212ALN604,cnn1d,sequence,44,2026-01,2018-08-01,2025-11-30,in_horizon,10,0.005,17,9741,7,10,49,9692,0.4117647058823529,0.125,0.005030284365054922,0.9309468166693842,0.2068216908785854
zoo_3month,HGST_20HUH721212ALN604,cnn1d,sequence,44,2026-01,2018-08-01,2025-11-30,in_horizon,10,0.01,17,9741,10,7,98,9643,0.5882352941176471,0.09259259259259259,0.010060568730109845,0.9309468166693842,0.2068216908785854
zoo_3month,HGST_20HUH721212ALN604,cnn1d,sequence,44,2026-01,2018-08-01,2025-11-30,in_horizon,10,0.02,17,9741,12,5,195,9546,0.7058823529411765,0.057971014492753624,0.02001847859562673,0.9309468166693842,0.2068216908785854
zoo_3month,HGST_20HUH721212ALN604,cnn1d,sequence,44,2026-01,2018-08-01,2025-11-30,in_horizon,10,0.04,17,9741,13,4,390,9351,0.7647058823529411,0.03225806451612903,0.04003695719125346,0.9309468166693842,0.2068216908785854
zoo_3month,HGST_20HUH721212ALN604,cnn1d,sequence,44,2026-02,2018-08-01,2025-12-31,in_horizon,10,0.005,14,9724,4,10,49,9675,0.2857142857142857,0.07547169811320754,0.005039078568490334,0.9679952400540636,0.07763739058503401
zoo_3month,HGST_20HUH721212ALN604,cnn1d,sequence,44,2026-02,2018-08-01,2025-12-31,in_horizon,10,0.01,14,9724,8,6,98,9626,0.5714285714285714,0.07547169811320754,0.010078157136980667,0.9679952400540636,0.07763739058503401
zoo_3month,HGST_20HUH721212ALN604,cnn1d,sequence,44,2026-02,2018-08-01,2025-12-31,in_horizon,10,0.02,14,9724,10,4,195,9529,0.7142857142857143,0.04878048780487805,0.020053475935828877,0.9679952400540636,0.07763739058503401
zoo_3month,HGST_20HUH721212ALN604,cnn1d,sequence,44,2026-02,2018-08-01,2025-12-31,in_horizon,10,0.04,14,9724,11,3,389,9335,0.7857142857142857,0.0275,0.0400041135335253,0.9679952400540636,0.07763739058503401
zoo_3month,HGST_20HUH721212ALN604,cnn1d,sequence,45,2025-12,2018-08-01,2025-10-30,in_horizon,10,0.005,16,9782,5,11,49,9733,0.3125,0.09259259259259259,0.005009200572480065,0.9317688100592926,0.13781237408001495
zoo_3month,HGST_20HUH721212ALN604,cnn1d,sequence,45,2025-12,2018-08-01,2025-10-30,in_horizon,10,0.01,16,9782,10,6,98,9684,0.625,0.09259259259259259,0.01001840114496013,0.9317688100592926,0.13781237408001495
zoo_3month,HGST_20HUH721212ALN604,cnn1d,sequence,45,2025-12,2018-08-01,2025-10-30,in_horizon,10,0.02,16,9782,11,5,196,9586,0.6875,0.05314009661835749,0.02003680228992026,0.9317688100592926,0.13781237408001495
zoo_3month,HGST_20HUH721212ALN604,cnn1d,sequence,45,2025-12,2018-08-01,2025-10-30,in_horizon,10,0.04,16,9782,13,3,392,9390,0.8125,0.03209876543209877,0.04007360457984052,0.9317688100592926,0.13781237408001495
zoo_3month,HGST_20HUH721212ALN604,cnn1d,sequence,45,2026-01,2018-08-01,2025-11-30,in_horizon,10,0.005,17,9741,6,11,49,9692,0.35294117647058826,0.10909090909090909,0.005030284365054922,0.9385133788655591,0.2278814725907625
zoo_3month,HGST_20HUH721212ALN604,cnn1d,sequence,45,2026-01,2018-08-01,2025-11-30,in_horizon,10,0.01,17,9741,8,9,98,9643,0.47058823529411764,0.07547169811320754,0.010060568730109845,0.9385133788655591,0.2278814725907625
zoo_3month,HGST_20HUH721212ALN604,cnn1d,sequence,45,2026-01,2018-08-01,2025-11-30,in_horizon,10,0.02,17,9741,12,5,195,9546,0.7058823529411765,0.057971014492753624,0.02001847859562673,0.9385133788655591,0.2278814725907625
zoo_3month,HGST_20HUH721212ALN604,cnn1d,sequence,45,2026-01,2018-08-01,2025-11-30,in_horizon,10,0.04,17,9741,12,5,390,9351,0.7058823529411765,0.029850746268656716,0.04003695719125346,0.9385133788655591,0.2278814725907625
zoo_3month,HGST_20HUH721212ALN604,cnn1d,sequence,45,2026-02,2018-08-01,2025-12-31,in_horizon,10,0.005,14,9724,6,8,49,9675,0.42857142857142855,0.10909090909090909,0.005039078568490334,0.9713301404477874,0.06356732179277431
zoo_3month,HGST_20HUH721212ALN604,cnn1d,sequence,45,2026-02,2018-08-01,2025-12-31,in_horizon,10,0.01,14,9724,6,8,98,9626,0.42857142857142855,0.057692307692307696,0.010078157136980667,0.9713301404477874,0.06356732179277431
zoo_3month,HGST_20HUH721212ALN604,cnn1d,sequence,45,2026-02,2018-08-01,2025-12-31,in_horizon,10,0.02,14,9724,9,5,195,9529,0.6428571428571429,0.04411764705882353,0.020053475935828877,0.9713301404477874,0.06356732179277431
zoo_3month,HGST_20HUH721212ALN604,cnn1d,sequence,45,2026-02,2018-08-01,2025-12-31,in_horizon,10,0.04,14,9724,10,4,389,9335,0.7142857142857143,0.02506265664160401,0.0400041135335253,0.9713301404477874,0.06356732179277431
zoo_3month,HGST_20HUH721212ALN604,cnn1d,sequence,46,2025-12,2018-08-01,2025-10-30,in_horizon,10,0.005,16,9782,7,9,49,9733,0.4375,0.125,0.005009200572480065,0.9322991208341851,0.1118104231072872
zoo_3month,HGST_20HUH721212ALN604,cnn1d,sequence,46,2025-12,2018-08-01,2025-10-30,in_horizon,10,0.01,16,9782,10,6,98,9684,0.625,0.09259259259259259,0.01001840114496013,0.9322991208341851,0.1118104231072872
zoo_3month,HGST_20HUH721212ALN604,cnn1d,sequence,46,2025-12,2018-08-01,2025-10-30,in_horizon,10,0.02,16,9782,11,5,196,9586,0.6875,0.05314009661835749,0.02003680228992026,0.9322991208341851,0.1118104231072872
zoo_3month,HGST_20HUH721212ALN604,cnn1d,sequence,46,2025-12,2018-08-01,2025-10-30,in_horizon,10,0.04,16,9782,14,2,392,9390,0.875,0.034482758620689655,0.04007360457984052,0.9322991208341851,0.1118104231072872
zoo_3month,HGST_20HUH721212ALN604,cnn1d,sequence,46,2026-01,2018-08-01,2025-11-30,in_horizon,10,0.005,17,9741,7,10,49,9692,0.4117647058823529,0.125,0.005030284365054922,0.9578192841657759,0.18449750090752515
zoo_3month,HGST_20HUH721212ALN604,cnn1d,sequence,46,2026-01,2018-08-01,2025-11-30,in_horizon,10,0.01,17,9741,8,9,98,9643,0.47058823529411764,0.07547169811320754,0.010060568730109845,0.9578192841657759,0.18449750090752515
zoo_3month,HGST_20HUH721212ALN604,cnn1d,sequence,46,2026-01,2018-08-01,2025-11-30,in_horizon,10,0.02,17,9741,11,6,195,9546,0.6470588235294118,0.05339805825242718,0.02001847859562673,0.9578192841657759,0.18449750090752515
zoo_3month,HGST_20HUH721212ALN604,cnn1d,sequence,46,2026-01,2018-08-01,2025-11-30,in_horizon,10,0.04,17,9741,12,5,390,9351,0.7058823529411765,0.029850746268656716,0.04003695719125346,0.9578192841657759,0.18449750090752515
zoo_3month,HGST_20HUH721212ALN604,cnn1d,sequence,46,2026-02,2018-08-01,2025-12-31,in_horizon,10,0.005,14,9724,5,9,49,9675,0.35714285714285715,0.09259259259259259,0.005039078568490334,0.9690015866486454,0.06381927868138729
zoo_3month,HGST_20HUH721212ALN604,cnn1d,sequence,46,2026-02,2018-08-01,2025-12-31,in_horizon,10,0.01,14,9724,6,8,98,9626,0.42857142857142855,0.057692307692307696,0.010078157136980667,0.9690015866486454,0.06381927868138729
zoo_3month,HGST_20HUH721212ALN604,cnn1d,sequence,46,2026-02,2018-08-01,2025-12-31,in_horizon,10,0.02,14,9724,9,5,195,9529,0.6428571428571429,0.04411764705882353,0.020053475935828877,0.9690015866486454,0.06381927868138729
zoo_3month,HGST_20HUH721212ALN604,cnn1d,sequence,46,2026-02,2018-08-01,2025-12-31,in_horizon,10,0.04,14,9724,11,3,389,9335,0.7857142857142857,0.0275,0.0400041135335253,0.9690015866486454,0.06381927868138729
zoo_3month,HGST_20HUH721212ALN604,autoencoder,tabular,42,2025-12,2018-08-01,2025-10-30,in_horizon,10,0.005,16,9782,6,10,49,9733,0.375,0.10909090909090909,0.005009200572480065,0.9402218360253527,0.11841086328091863
zoo_3month,HGST_20HUH721212ALN604,autoencoder,tabular,42,2025-12,2018-08-01,2025-10-30,in_horizon,10,0.01,16,9782,9,7,98,9684,0.5625,0.08411214953271028,0.01001840114496013,0.9402218360253527,0.11841086328091863
zoo_3month,HGST_20HUH721212ALN604,autoencoder,tabular,42,2025-12,2018-08-01,2025-10-30,in_horizon,10,0.02,16,9782,11,5,196,9586,0.6875,0.05314009661835749,0.02003680228992026,0.9402218360253527,0.11841086328091863
zoo_3month,HGST_20HUH721212ALN604,autoencoder,tabular,42,2025-12,2018-08-01,2025-10-30,in_horizon,10,0.04,16,9782,11,5,392,9390,0.6875,0.02729528535980149,0.04007360457984052,0.9402218360253527,0.11841086328091863
zoo_3month,HGST_20HUH721212ALN604,autoencoder,tabular,42,2026-01,2018-08-01,2025-11-30,in_horizon,10,0.005,17,9741,5,12,49,9692,0.29411764705882354,0.09259259259259259,0.005030284365054922,0.9440750738238012,0.1220780254127594
zoo_3month,HGST_20HUH721212ALN604,autoencoder,tabular,42,2026-01,2018-08-01,2025-11-30,in_horizon,10,0.01,17,9741,9,8,98,9643,0.5294117647058824,0.08411214953271028,0.010060568730109845,0.9440750738238012,0.1220780254127594
zoo_3month,HGST_20HUH721212ALN604,autoencoder,tabular,42,2026-01,2018-08-01,2025-11-30,in_horizon,10,0.02,17,9741,9,8,195,9546,0.5294117647058824,0.04411764705882353,0.02001847859562673,0.9440750738238012,0.1220780254127594
zoo_3month,HGST_20HUH721212ALN604,autoencoder,tabular,42,2026-01,2018-08-01,2025-11-30,in_horizon,10,0.04,17,9741,11,6,390,9351,0.6470588235294118,0.02743142144638404,0.04003695719125346,0.9440750738238012,0.1220780254127594
zoo_3month,HGST_20HUH721212ALN604,autoencoder,tabular,42,2026-02,2018-08-01,2025-12-31,in_horizon,10,0.005,14,9724,0,14,49,9675,0.0,0.0,0.005039078568490334,0.9079156137979668,0.03893231580234101
zoo_3month,HGST_20HUH721212ALN604,autoencoder,tabular,42,2026-02,2018-08-01,2025-12-31,in_horizon,10,0.01,14,9724,6,8,98,9626,0.42857142857142855,0.057692307692307696,0.010078157136980667,0.9079156137979668,0.03893231580234101
zoo_3month,HGST_20HUH721212ALN604,autoencoder,tabular,42,2026-02,2018-08-01,2025-12-31,in_horizon,10,0.02,14,9724,9,5,195,9529,0.6428571428571429,0.04411764705882353,0.020053475935828877,0.9079156137979668,0.03893231580234101
zoo_3month,HGST_20HUH721212ALN604,autoencoder,tabular,42,2026-02,2018-08-01,2025-12-31,in_horizon,10,0.04,14,9724,10,4,389,9335,0.7142857142857143,0.02506265664160401,0.0400041135335253,0.9079156137979668,0.03893231580234101
zoo_3month,HGST_20HUH721212ALN604,autoencoder,tabular,43,2025-12,2018-08-01,2025-10-30,in_horizon,10,0.005,16,9782,4,12,49,9733,0.25,0.07547169811320754,0.005009200572480065,0.9212264874258842,0.08421871088521471
zoo_3month,HGST_20HUH721212ALN604,autoencoder,tabular,43,2025-12,2018-08-01,2025-10-30,in_horizon,10,0.01,16,9782,4,12,98,9684,0.25,0.0392156862745098,0.01001840114496013,0.9212264874258842,0.08421871088521471
zoo_3month,HGST_20HUH721212ALN604,autoencoder,tabular,43,2025-12,2018-08-01,2025-10-30,in_horizon,10,0.02,16,9782,5,11,196,9586,0.3125,0.024875621890547265,0.02003680228992026,0.9212264874258842,0.08421871088521471
zoo_3month,HGST_20HUH721212ALN604,autoencoder,tabular,43,2025-12,2018-08-01,2025-10-30,in_horizon,10,0.04,16,9782,10,6,392,9390,0.625,0.024875621890547265,0.04007360457984052,0.9212264874258842,0.08421871088521471
zoo_3month,HGST_20HUH721212ALN604,autoencoder,tabular,43,2026-01,2018-08-01,2025-11-30,in_horizon,10,0.005,17,9741,5,12,49,9692,0.29411764705882354,0.09259259259259259,0.005030284365054922,0.9321787230444996,0.0920292171281162
zoo_3month,HGST_20HUH721212ALN604,autoencoder,tabular,43,2026-01,2018-08-01,2025-11-30,in_horizon,10,0.01,17,9741,5,12,98,9643,0.29411764705882354,0.04854368932038835,0.010060568730109845,0.9321787230444996,0.0920292171281162
zoo_3month,HGST_20HUH721212ALN604,autoencoder,tabular,43,2026-01,2018-08-01,2025-11-30,in_horizon,10,0.02,17,9741,5,12,195,9546,0.29411764705882354,0.025,0.02001847859562673,0.9321787230444996,0.0920292171281162
zoo_3month,HGST_20HUH721212ALN604,autoencoder,tabular,43,2026-01,2018-08-01,2025-11-30,in_horizon,10,0.04,17,9741,8,9,390,9351,0.47058823529411764,0.020100502512562814,0.04003695719125346,0.9321787230444996,0.0920292171281162
zoo_3month,HGST_20HUH721212ALN604,autoencoder,tabular,43,2026-02,2018-08-01,2025-12-31,in_horizon,10,0.005,14,9724,0,14,49,9675,0.0,0.0,0.005039078568490334,0.8892063818534407,0.01656597652645615
zoo_3month,HGST_20HUH721212ALN604,autoencoder,tabular,43,2026-02,2018-08-01,2025-12-31,in_horizon,10,0.01,14,9724,3,11,98,9626,0.21428571428571427,0.0297029702970297,0.010078157136980667,0.8892063818534407,0.01656597652645615
zoo_3month,HGST_20HUH721212ALN604,autoencoder,tabular,43,2026-02,2018-08-01,2025-12-31,in_horizon,10,0.02,14,9724,3,11,195,9529,0.21428571428571427,0.015151515151515152,0.020053475935828877,0.8892063818534407,0.01656597652645615
zoo_3month,HGST_20HUH721212ALN604,autoencoder,tabular,43,2026-02,2018-08-01,2025-12-31,in_horizon,10,0.04,14,9724,4,10,389,9335,0.2857142857142857,0.010178117048346057,0.0400041135335253,0.8892063818534407,0.01656597652645615
zoo_3month,HGST_20HUH721212ALN604,autoencoder,tabular,44,2025-12,2018-08-01,2025-10-30,in_horizon,10,0.005,16,9782,4,12,49,9733,0.25,0.07547169811320754,0.005009200572480065,0.9324524637088529,0.09757168579527306
zoo_3month,HGST_20HUH721212ALN604,autoencoder,tabular,44,2025-12,2018-08-01,2025-10-30,in_horizon,10,0.01,16,9782,5,11,98,9684,0.3125,0.04854368932038835,0.01001840114496013,0.9324524637088529,0.09757168579527306
zoo_3month,HGST_20HUH721212ALN604,autoencoder,tabular,44,2025-12,2018-08-01,2025-10-30,in_horizon,10,0.02,16,9782,6,10,196,9586,0.375,0.0297029702970297,0.02003680228992026,0.9324524637088529,0.09757168579527306
zoo_3month,HGST_20HUH721212ALN604,autoencoder,tabular,44,2025-12,2018-08-01,2025-10-30,in_horizon,10,0.04,16,9782,10,6,392,9390,0.625,0.024875621890547265,0.04007360457984052,0.9324524637088529,0.09757168579527306
zoo_3month,HGST_20HUH721212ALN604,autoencoder,tabular,44,2026-01,2018-08-01,2025-11-30,in_horizon,10,0.005,17,9741,5,12,49,9692,0.29411764705882354,0.09259259259259259,0.005030284365054922,0.9238090062018032,0.08715108373720096
zoo_3month,HGST_20HUH721212ALN604,autoencoder,tabular,44,2026-01,2018-08-01,2025-11-30,in_horizon,10,0.01,17,9741,6,11,98,9643,0.35294117647058826,0.057692307692307696,0.010060568730109845,0.9238090062018032,0.08715108373720096
zoo_3month,HGST_20HUH721212ALN604,autoencoder,tabular,44,2026-01,2018-08-01,2025-11-30,in_horizon,10,0.02,17,9741,6,11,195,9546,0.35294117647058826,0.029850746268656716,0.02001847859562673,0.9238090062018032,0.08715108373720096
zoo_3month,HGST_20HUH721212ALN604,autoencoder,tabular,44,2026-01,2018-08-01,2025-11-30,in_horizon,10,0.04,17,9741,9,8,390,9351,0.5294117647058824,0.022556390977443608,0.04003695719125346,0.9238090062018032,0.08715108373720096
zoo_3month,HGST_20HUH721212ALN604,autoencoder,tabular,44,2026-02,2018-08-01,2025-12-31,in_horizon,10,0.005,14,9724,0,14,49,9675,0.0,0.0,0.005039078568490334,0.8862681436210847,0.017881310402338754
zoo_3month,HGST_20HUH721212ALN604,autoencoder,tabular,44,2026-02,2018-08-01,2025-12-31,in_horizon,10,0.01,14,9724,3,11,98,9626,0.21428571428571427,0.0297029702970297,0.010078157136980667,0.8862681436210847,0.017881310402338754
zoo_3month,HGST_20HUH721212ALN604,autoencoder,tabular,44,2026-02,2018-08-01,2025-12-31,in_horizon,10,0.02,14,9724,3,11,195,9529,0.21428571428571427,0.015151515151515152,0.020053475935828877,0.8862681436210847,0.017881310402338754
zoo_3month,HGST_20HUH721212ALN604,autoencoder,tabular,44,2026-02,2018-08-01,2025-12-31,in_horizon,10,0.04,14,9724,6,8,389,9335,0.42857142857142855,0.015189873417721518,0.0400041135335253,0.8862681436210847,0.017881310402338754
zoo_3month,HGST_20HUH721212ALN604,autoencoder,tabular,45,2025-12,2018-08-01,2025-10-30,in_horizon,10,0.005,16,9782,6,10,49,9733,0.375,0.10909090909090909,0.005009200572480065,0.9409246575342465,0.20957113244854444
zoo_3month,HGST_20HUH721212ALN604,autoencoder,tabular,45,2025-12,2018-08-01,2025-10-30,in_horizon,10,0.01,16,9782,8,8,98,9684,0.5,0.07547169811320754,0.01001840114496013,0.9409246575342465,0.20957113244854444
zoo_3month,HGST_20HUH721212ALN604,autoencoder,tabular,45,2025-12,2018-08-01,2025-10-30,in_horizon,10,0.02,16,9782,9,7,196,9586,0.5625,0.04390243902439024,0.02003680228992026,0.9409246575342465,0.20957113244854444
zoo_3month,HGST_20HUH721212ALN604,autoencoder,tabular,45,2025-12,2018-08-01,2025-10-30,in_horizon,10,0.04,16,9782,10,6,392,9390,0.625,0.024875621890547265,0.04007360457984052,0.9409246575342465,0.20957113244854444
zoo_3month,HGST_20HUH721212ALN604,autoencoder,tabular,45,2026-01,2018-08-01,2025-11-30,in_horizon,10,0.005,17,9741,5,12,49,9692,0.29411764705882354,0.09259259259259259,0.005030284365054922,0.9483323973260385,0.14989902876460365
zoo_3month,HGST_20HUH721212ALN604,autoencoder,tabular,45,2026-01,2018-08-01,2025-11-30,in_horizon,10,0.01,17,9741,7,10,98,9643,0.4117647058823529,0.06666666666666667,0.010060568730109845,0.9483323973260385,0.14989902876460365
zoo_3month,HGST_20HUH721212ALN604,autoencoder,tabular,45,2026-01,2018-08-01,2025-11-30,in_horizon,10,0.02,17,9741,8,9,195,9546,0.47058823529411764,0.03940886699507389,0.02001847859562673,0.9483323973260385,0.14989902876460365
zoo_3month,HGST_20HUH721212ALN604,autoencoder,tabular,45,2026-01,2018-08-01,2025-11-30,in_horizon,10,0.04,17,9741,10,7,390,9351,0.5882352941176471,0.025,0.04003695719125346,0.9483323973260385,0.14989902876460365
zoo_3month,HGST_20HUH721212ALN604,autoencoder,tabular,45,2026-02,2018-08-01,2025-12-31,in_horizon,10,0.005,14,9724,0,14,49,9675,0.0,0.0,0.005039078568490334,0.8843142151965682,0.024703272040956542
zoo_3month,HGST_20HUH721212ALN604,autoencoder,tabular,45,2026-02,2018-08-01,2025-12-31,in_horizon,10,0.01,14,9724,2,12,98,9626,0.14285714285714285,0.02,0.010078157136980667,0.8843142151965682,0.024703272040956542
zoo_3month,HGST_20HUH721212ALN604,autoencoder,tabular,45,2026-02,2018-08-01,2025-12-31,in_horizon,10,0.02,14,9724,5,9,195,9529,0.35714285714285715,0.025,0.020053475935828877,0.8843142151965682,0.024703272040956542
zoo_3month,HGST_20HUH721212ALN604,autoencoder,tabular,45,2026-02,2018-08-01,2025-12-31,in_horizon,10,0.04,14,9724,8,6,389,9335,0.5714285714285714,0.020151133501259445,0.0400041135335253,0.8843142151965682,0.024703272040956542
zoo_3month,HGST_20HUH721212ALN604,autoencoder,tabular,46,2025-12,2018-08-01,2025-10-30,in_horizon,10,0.005,16,9782,5,11,49,9733,0.3125,0.09259259259259259,0.005009200572480065,0.940956603966469,0.21327771559875738
zoo_3month,HGST_20HUH721212ALN604,autoencoder,tabular,46,2025-12,2018-08-01,2025-10-30,in_horizon,10,0.01,16,9782,6,10,98,9684,0.375,0.057692307692307696,0.01001840114496013,0.940956603966469,0.21327771559875738
zoo_3month,HGST_20HUH721212ALN604,autoencoder,tabular,46,2025-12,2018-08-01,2025-10-30,in_horizon,10,0.02,16,9782,7,9,196,9586,0.4375,0.034482758620689655,0.02003680228992026,0.940956603966469,0.21327771559875738
zoo_3month,HGST_20HUH721212ALN604,autoencoder,tabular,46,2025-12,2018-08-01,2025-10-30,in_horizon,10,0.04,16,9782,10,6,392,9390,0.625,0.024875621890547265,0.04007360457984052,0.940956603966469,0.21327771559875738
zoo_3month,HGST_20HUH721212ALN604,autoencoder,tabular,46,2026-01,2018-08-01,2025-11-30,in_horizon,10,0.005,17,9741,5,12,49,9692,0.29411764705882354,0.09259259259259259,0.005030284365054922,0.9203487985893464,0.11794338050616737
zoo_3month,HGST_20HUH721212ALN604,autoencoder,tabular,46,2026-01,2018-08-01,2025-11-30,in_horizon,10,0.01,17,9741,5,12,98,9643,0.29411764705882354,0.04854368932038835,0.010060568730109845,0.9203487985893464,0.11794338050616737
zoo_3month,HGST_20HUH721212ALN604,autoencoder,tabular,46,2026-01,2018-08-01,2025-11-30,in_horizon,10,0.02,17,9741,5,12,195,9546,0.29411764705882354,0.025,0.02001847859562673,0.9203487985893464,0.11794338050616737
zoo_3month,HGST_20HUH721212ALN604,autoencoder,tabular,46,2026-01,2018-08-01,2025-11-30,in_horizon,10,0.04,17,9741,6,11,390,9351,0.35294117647058826,0.015151515151515152,0.04003695719125346,0.9203487985893464,0.11794338050616737
zoo_3month,HGST_20HUH721212ALN604,autoencoder,tabular,46,2026-02,2018-08-01,2025-12-31,in_horizon,10,0.005,14,9724,0,14,49,9675,0.0,0.0,0.005039078568490334,0.8912043838514426,0.018257158713360498
zoo_3month,HGST_20HUH721212ALN604,autoencoder,tabular,46,2026-02,2018-08-01,2025-12-31,in_horizon,10,0.01,14,9724,2,12,98,9626,0.14285714285714285,0.02,0.010078157136980667,0.8912043838514426,0.018257158713360498
zoo_3month,HGST_20HUH721212ALN604,autoencoder,tabular,46,2026-02,2018-08-01,2025-12-31,in_horizon,10,0.02,14,9724,3,11,195,9529,0.21428571428571427,0.015151515151515152,0.020053475935828877,0.8912043838514426,0.018257158713360498
zoo_3month,HGST_20HUH721212ALN604,autoencoder,tabular,46,2026-02,2018-08-01,2025-12-31,in_horizon,10,0.04,14,9724,6,8,389,9335,0.42857142857142855,0.015189873417721518,0.0400041135335253,0.8912043838514426,0.018257158713360498
