dataset,model,seed,split,threshold_kind,threshold,precision,recall,f1,far,auroc,tp,fp,fn,tn
HGST_20HUH721212ALN604,XGB,42,val,row_opt,0.025,0.078055,0.46555,0.133694,0.009863,0.923578,2223,26257,2552,2635982
HGST_20HUH721212ALN604,XGB,42,val,disk_opt,0.286,0.308897,0.09089,0.140453,0.000365,0.923578,434,971,4341,2661268
HGST_20HUH721212ALN604,XGB,42,test,row_opt,0.025,0.071275,0.447956,0.122983,0.010426,0.926113,2126,27702,2620,2629423
HGST_20HUH721212ALN604,XGB,42,test,disk_opt,0.286,0.166742,0.077328,0.105657,0.00069,0.926113,367,1834,4379,2655291
HGST_20HUH721212ALN604,LSTM,42,val,row_opt,0.043,0.0795,0.475183,0.136211,0.009868,0.921535,2269,26272,2506,2635967
HGST_20HUH721212ALN604,LSTM,42,val,disk_opt,0.101,0.179302,0.223874,0.199125,0.001838,0.921535,1069,4893,3706,2657346
HGST_20HUH721212ALN604,LSTM,42,test,row_opt,0.043,0.073608,0.457016,0.126794,0.010274,0.920035,2169,27298,2577,2629827
HGST_20HUH721212ALN604,LSTM,42,test,disk_opt,0.101,0.149764,0.200379,0.171413,0.002032,0.920035,951,5399,3795,2651726
HGST_20HUH721212ALN604,LSTM,43,val,row_opt,0.033,0.078664,0.467435,0.134665,0.00982,0.912483,2232,26142,2543,2636097
HGST_20HUH721212ALN604,LSTM,43,val,disk_opt,0.09,0.200078,0.215079,0.207307,0.001542,0.912483,1027,4106,3748,2658133
HGST_20HUH721212ALN604,LSTM,43,test,row_opt,0.033,0.072922,0.439317,0.125082,0.009976,0.908782,2085,26507,2661,2630618
HGST_20HUH721212ALN604,LSTM,43,test,disk_opt,0.09,0.163104,0.178466,0.17044,0.001636,0.908782,847,4346,3899,2652779
HGST_20HUH721212ALN604,LSTM,44,val,row_opt,0.041,0.082534,0.495707,0.141508,0.009883,0.924912,2367,26312,2408,2635927
HGST_20HUH721212ALN604,LSTM,44,val,disk_opt,0.171,0.201815,0.139686,0.165099,0.000991,0.924912,667,2638,4108,2659601
HGST_20HUH721212ALN604,LSTM,44,test,row_opt,0.041,0.071275,0.460598,0.123447,0.01072,0.910594,2186,28484,2560,2628641
HGST_20HUH721212ALN604,LSTM,44,test,disk_opt,0.171,0.147108,0.129161,0.137552,0.001338,0.910594,613,3554,4133,2653571
HGST_20HUH721212ALN604,LSTM,45,val,row_opt,0.031,0.082014,0.479372,0.140064,0.009624,0.918232,2289,25621,2486,2636618
HGST_20HUH721212ALN604,LSTM,45,val,disk_opt,0.183,0.244519,0.121466,0.162306,0.000673,0.918232,580,1792,4195,2660447
HGST_20HUH721212ALN604,LSTM,45,test,row_opt,0.031,0.070906,0.467973,0.123153,0.010952,0.90859,2221,29102,2525,2628023
HGST_20HUH721212ALN604,LSTM,45,test,disk_opt,0.183,0.167043,0.109145,0.132025,0.000972,0.90859,518,2583,4228,2654542
HGST_20HUH721212ALN604,LSTM,46,val,row_opt,0.032,0.07745,0.445026,0.131938,0.009508,0.919092,2125,25312,2650,2636927
HGST_20HUH721212ALN604,LSTM,46,val,disk_opt,0.079,0.151917,0.223246,0.180801,0.002235,0.919092,1066,5951,3709,2656288
HGST_20HUH721212ALN604,LSTM,46,test,row_opt,0.032,0.068099,0.432153,0.117657,0.010563,0.920709,2051,28067,2695,2629058
HGST_20HUH721212ALN604,LSTM,46,test,disk_opt,0.079,0.137376,0.178045,0.155089,0.001997,0.920709,845,5306,3901,2651819
HGST_20HUH721212ALN604,LSTM,47,val,row_opt,0.033,0.081019,0.483351,0.138777,0.009833,0.925278,2308,26179,2467,2636060
HGST_20HUH721212ALN604,LSTM,47,val,disk_opt,0.118,0.182576,0.165026,0.173358,0.001325,0.925278,788,3528,3987,2658711
HGST_20HUH721212ALN604,LSTM,47,test,row_opt,0.033,0.064456,0.468184,0.113312,0.012138,0.917099,2222,32251,2524,2624874
HGST_20HUH721212ALN604,LSTM,47,test,disk_opt,0.118,0.15664,0.177202,0.166288,0.001704,0.917099,841,4528,3905,2652597
HGST_20HUH721212ALN604,LSTM,48,val,row_opt,0.041,0.086981,0.522723,0.149144,0.009841,0.909421,2496,26200,2279,2636039
HGST_20HUH721212ALN604,LSTM,48,val,disk_opt,0.105,0.197804,0.275393,0.230237,0.002003,0.909421,1315,5333,3460,2656906
HGST_20HUH721212ALN604,LSTM,48,test,row_opt,0.041,0.063513,0.464812,0.111756,0.012241,0.912333,2206,32527,2540,2624598
HGST_20HUH721212ALN604,LSTM,48,test,disk_opt,0.105,0.126503,0.203961,0.156154,0.002516,0.912333,968,6684,3778,2650441
HGST_20HUH721212ALN604,LSTM,49,val,row_opt,0.027,0.078635,0.468482,0.134666,0.009845,0.92801,2237,26211,2538,2636028
HGST_20HUH721212ALN604,LSTM,49,val,disk_opt,0.13,0.237679,0.159581,0.190954,0.000918,0.92801,762,2444,4013,2659795
HGST_20HUH721212ALN604,LSTM,49,test,row_opt,0.027,0.063886,0.436367,0.111455,0.011421,0.916437,2071,30346,2675,2626779
HGST_20HUH721212ALN604,LSTM,49,test,disk_opt,0.13,0.121962,0.121576,0.121768,0.001563,0.916437,577,4154,4169,2652971
HGST_20HUH721212ALN604,LSTM,50,val,row_opt,0.035,0.080741,0.479372,0.138204,0.009789,0.924093,2289,26061,2486,2636178
HGST_20HUH721212ALN604,LSTM,50,val,disk_opt,0.098,0.177038,0.169215,0.173038,0.001411,0.924093,808,3756,3967,2658483
HGST_20HUH721212ALN604,LSTM,50,test,row_opt,0.035,0.064182,0.39507,0.110424,0.010289,0.918556,1875,27339,2871,2629786
HGST_20HUH721212ALN604,LSTM,50,test,disk_opt,0.098,0.17836,0.152128,0.164203,0.001252,0.918556,722,3326,4024,2653799
HGST_20HUH721212ALN604,LSTM,51,val,row_opt,0.036,0.079343,0.469529,0.135747,0.009772,0.920462,2242,26015,2533,2636224
HGST_20HUH721212ALN604,LSTM,51,val,disk_opt,0.171,0.248929,0.121675,0.163455,0.000658,0.920462,581,1753,4194,2660486
HGST_20HUH721212ALN604,LSTM,51,test,row_opt,0.036,0.066978,0.420143,0.115537,0.010454,0.916257,1994,27777,2752,2629348
HGST_20HUH721212ALN604,LSTM,51,test,disk_opt,0.171,0.198656,0.112094,0.143319,0.000808,0.916257,532,2146,4214,2654979
HGST_20HUH721212ALN604,LSTM,52,val,row_opt,0.039,0.084028,0.502618,0.143984,0.009827,0.922476,2400,26162,2375,2636077
HGST_20HUH721212ALN604,LSTM,52,val,disk_opt,0.153,0.215239,0.199372,0.207002,0.001304,0.922476,952,3471,3823,2658768
HGST_20HUH721212ALN604,LSTM,52,test,row_opt,0.039,0.072188,0.47914,0.125472,0.010999,0.918882,2274,29227,2472,2627898
HGST_20HUH721212ALN604,LSTM,52,test,disk_opt,0.153,0.164676,0.165613,0.165143,0.0015,0.918882,786,3987,3960,2653138
HGST_20HUH721212ALN604,LSTM,53,val,row_opt,0.03,0.078938,0.47644,0.135437,0.009971,0.917291,2275,26545,2500,2635694
HGST_20HUH721212ALN604,LSTM,53,val,disk_opt,0.223,0.261967,0.126073,0.170225,0.000637,0.917291,602,1696,4173,2660543
HGST_20HUH721212ALN604,LSTM,53,test,row_opt,0.03,0.070109,0.439107,0.120913,0.010403,0.913879,2084,27641,2662,2629484
HGST_20HUH721212ALN604,LSTM,53,test,disk_opt,0.223,0.167237,0.113359,0.135125,0.001008,0.913879,538,2679,4208,2654446
HGST_20HUH721212ALN604,LSTM,54,val,row_opt,0.039,0.082516,0.500314,0.141667,0.009978,0.921816,2389,26563,2386,2635676
HGST_20HUH721212ALN604,LSTM,54,val,disk_opt,0.14,0.184544,0.174031,0.179133,0.001379,0.921816,831,3672,3944,2658567
HGST_20HUH721212ALN604,LSTM,54,test,row_opt,0.039,0.069658,0.450063,0.120644,0.010736,0.916495,2136,28528,2610,2628597
HGST_20HUH721212ALN604,LSTM,54,test,disk_opt,0.14,0.171572,0.180573,0.175957,0.001557,0.916495,857,4138,3889,2652987
HGST_20HUH721212ALN604,LSTM,55,val,row_opt,0.035,0.080143,0.469529,0.136916,0.009666,0.915571,2242,25733,2533,2636506
HGST_20HUH721212ALN604,LSTM,55,val,disk_opt,0.086,0.171408,0.203141,0.185931,0.001761,0.915571,970,4689,3805,2657550
HGST_20HUH721212ALN604,LSTM,55,test,row_opt,0.035,0.071578,0.440792,0.123157,0.010212,0.906494,2092,27135,2654,2629990
HGST_20HUH721212ALN604,LSTM,55,test,disk_opt,0.086,0.137332,0.17657,0.154499,0.001981,0.906494,838,5264,3908,2651861
HGST_20HUH721212ALN604,LSTM,56,val,row_opt,0.033,0.081326,0.492147,0.139586,0.009971,0.928372,2350,26546,2425,2635693
HGST_20HUH721212ALN604,LSTM,56,val,disk_opt,0.148,0.210432,0.197696,0.203866,0.00133,0.928372,944,3542,3831,2658697
HGST_20HUH721212ALN604,LSTM,56,test,row_opt,0.033,0.07006,0.455331,0.121435,0.010795,0.913405,2161,28684,2585,2628441
HGST_20HUH721212ALN604,LSTM,56,test,disk_opt,0.148,0.138765,0.124526,0.13126,0.00138,0.913405,591,3668,4155,2653457
HGST_20HUH721212ALN604,LSTM,57,val,row_opt,0.037,0.081445,0.483979,0.139427,0.00979,0.924122,2311,26064,2464,2636175
HGST_20HUH721212ALN604,LSTM,57,val,disk_opt,0.162,0.201395,0.145131,0.168695,0.001032,0.924122,693,2748,4082,2659491
HGST_20HUH721212ALN604,LSTM,57,test,row_opt,0.037,0.07514,0.467762,0.12948,0.010284,0.916204,2220,27325,2526,2629800
HGST_20HUH721212ALN604,LSTM,57,test,disk_opt,0.162,0.153712,0.130426,0.141115,0.001283,0.916204,619,3408,4127,2653717
HGST_20HUH721212ALN604,LSTM,58,val,row_opt,0.038,0.080997,0.486492,0.138873,0.0099,0.924492,2323,26357,2452,2635882
HGST_20HUH721212ALN604,LSTM,58,val,disk_opt,0.127,0.180973,0.179267,0.180116,0.001455,0.924492,856,3874,3919,2658365
HGST_20HUH721212ALN604,LSTM,58,test,row_opt,0.038,0.072036,0.462073,0.124641,0.010632,0.915422,2193,28250,2553,2628875
HGST_20HUH721212ALN604,LSTM,58,test,disk_opt,0.127,0.154131,0.175306,0.164038,0.001718,0.915422,832,4566,3914,2652559
HGST_20HUH721212ALN604,LSTM,59,val,row_opt,0.035,0.085609,0.503455,0.146336,0.009645,0.923926,2404,25677,2371,2636562
HGST_20HUH721212ALN604,LSTM,59,val,disk_opt,0.123,0.207613,0.198743,0.203082,0.001361,0.923926,949,3622,3826,2658617
HGST_20HUH721212ALN604,LSTM,59,test,row_opt,0.035,0.066128,0.437842,0.114902,0.011044,0.913788,2078,29346,2668,2627779
HGST_20HUH721212ALN604,LSTM,59,test,disk_opt,0.123,0.149784,0.175095,0.161453,0.001775,0.913788,831,4717,3915,2652408
HGST_20HUH721212ALN604,LSTM,60,val,row_opt,0.028,0.084074,0.495497,0.143756,0.009682,0.918567,2366,25776,2409,2636463
HGST_20HUH721212ALN604,LSTM,60,val,disk_opt,0.175,0.240075,0.134241,0.172196,0.000762,0.918567,641,2029,4134,2660210
HGST_20HUH721212ALN604,LSTM,60,test,row_opt,0.028,0.072806,0.49389,0.126905,0.011234,0.911542,2344,29851,2402,2627274
HGST_20HUH721212ALN604,LSTM,60,test,disk_opt,0.175,0.18002,0.113148,0.138957,0.000921,0.911542,537,2446,4209,2654679
HGST_20HUH721212ALN604,LSTM,61,val,row_opt,0.039,0.082082,0.491099,0.140655,0.00985,0.919575,2345,26224,2430,2636015
HGST_20HUH721212ALN604,LSTM,61,val,disk_opt,0.195,0.187534,0.144293,0.163096,0.001121,0.919575,689,2985,4086,2659254
HGST_20HUH721212ALN604,LSTM,61,test,row_opt,0.039,0.068655,0.45196,0.119203,0.010951,0.907031,2145,29098,2601,2628027
HGST_20HUH721212ALN604,LSTM,61,test,disk_opt,0.195,0.166573,0.124526,0.142513,0.001113,0.907031,591,2957,4155,2654168
HGST_20HUH721212ALN604,LSTM,62,val,row_opt,0.035,0.082656,0.485445,0.14126,0.009663,0.921158,2318,25726,2457,2636513
HGST_20HUH721212ALN604,LSTM,62,val,disk_opt,0.138,0.242231,0.17466,0.202969,0.00098,0.921158,834,2609,3941,2659630
HGST_20HUH721212ALN604,LSTM,62,test,row_opt,0.035,0.074528,0.497261,0.129628,0.011029,0.911809,2360,29306,2386,2627819
HGST_20HUH721212ALN604,LSTM,62,test,disk_opt,0.138,0.146986,0.151075,0.149002,0.001566,0.911809,717,4161,4029,2652964
HGST_20HUH721212ALN604,GRU,42,val,row_opt,0.04,0.085527,0.504084,0.146242,0.009667,0.930125,2407,25736,2368,2636503
HGST_20HUH721212ALN604,GRU,42,val,disk_opt,0.149,0.224863,0.146597,0.177485,0.000906,0.930125,700,2413,4075,2659826
HGST_20HUH721212ALN604,GRU,42,test,row_opt,0.04,0.076285,0.46713,0.131152,0.010103,0.918419,2217,26845,2529,2630280
HGST_20HUH721212ALN604,GRU,42,test,disk_opt,0.149,0.170798,0.132111,0.148984,0.001146,0.918419,627,3044,4119,2654081
HGST_20HUH721212ALN604,GRU,43,val,row_opt,0.04,0.083333,0.501361,0.142913,0.009892,0.922729,2394,26334,2381,2635905
HGST_20HUH721212ALN604,GRU,43,val,disk_opt,0.316,0.257028,0.080419,0.122508,0.000417,0.922729,384,1110,4391,2661129
HGST_20HUH721212ALN604,GRU,43,test,row_opt,0.04,0.076254,0.487779,0.13189,0.010554,0.916618,2315,28044,2431,2629081
HGST_20HUH721212ALN604,GRU,43,test,disk_opt,0.316,0.289103,0.095027,0.143038,0.000417,0.916618,451,1109,4295,2656016
HGST_20HUH721212ALN604,GRU,44,val,row_opt,0.037,0.086692,0.524817,0.148804,0.009917,0.930118,2506,26401,2269,2635838
HGST_20HUH721212ALN604,GRU,44,val,disk_opt,0.167,0.22196,0.118115,0.154183,0.000743,0.930118,564,1977,4211,2660262
HGST_20HUH721212ALN604,GRU,44,test,row_opt,0.037,0.0697,0.447324,0.120608,0.010664,0.918881,2123,28336,2623,2628789
HGST_20HUH721212ALN604,GRU,44,test,disk_opt,0.167,0.192362,0.114623,0.143649,0.00086,0.918881,544,2284,4202,2654841
HGST_20HUH721212ALN604,GRU,45,val,row_opt,0.041,0.078453,0.467644,0.134364,0.009853,0.92727,2233,26230,2542,2636009
HGST_20HUH721212ALN604,GRU,45,val,disk_opt,0.169,0.231625,0.143874,0.177496,0.000856,0.92727,687,2279,4088,2659960
HGST_20HUH721212ALN604,GRU,45,test,row_opt,0.041,0.070547,0.470712,0.122703,0.011077,0.912873,2234,29433,2512,2627692
HGST_20HUH721212ALN604,GRU,45,test,disk_opt,0.169,0.189941,0.142436,0.162793,0.001085,0.912873,676,2883,4070,2654242
HGST_20HUH721212ALN604,GRU,46,val,row_opt,0.035,0.080184,0.479372,0.137387,0.009863,0.926398,2289,26258,2486,2635981
HGST_20HUH721212ALN604,GRU,46,val,disk_opt,0.154,0.225524,0.108063,0.146114,0.000666,0.926398,516,1772,4259,2660467
HGST_20HUH721212ALN604,GRU,46,test,row_opt,0.035,0.071768,0.439107,0.123372,0.010144,0.919965,2084,26954,2662,2630171
HGST_20HUH721212ALN604,GRU,46,test,disk_opt,0.154,0.185979,0.10788,0.136552,0.000843,0.919965,512,2241,4234,2654884
HGST_20HUH721212ALN604,GRU,47,val,row_opt,0.032,0.084154,0.495497,0.143874,0.009672,0.924672,2366,25749,2409,2636490
HGST_20HUH721212ALN604,GRU,47,val,disk_opt,0.2,0.256915,0.114764,0.158657,0.000595,0.924672,548,1585,4227,2660654
HGST_20HUH721212ALN604,GRU,47,test,row_opt,0.032,0.068472,0.452802,0.118956,0.011003,0.91224,2149,29236,2597,2627889
HGST_20HUH721212ALN604,GRU,47,test,disk_opt,0.2,0.220214,0.112937,0.149304,0.000714,0.91224,536,1898,4210,2655227
HGST_20HUH721212ALN604,GRU,48,val,row_opt,0.039,0.085491,0.52,0.146841,0.009977,0.920425,2483,26561,2292,2635678
HGST_20HUH721212ALN604,GRU,48,val,disk_opt,0.122,0.218381,0.162723,0.186487,0.001045,0.920425,777,2781,3998,2659458
HGST_20HUH721212ALN604,GRU,48,test,row_opt,0.039,0.07222,0.468394,0.125144,0.010748,0.921028,2223,28558,2523,2628567
HGST_20HUH721212ALN604,GRU,48,test,disk_opt,0.122,0.165598,0.152339,0.158692,0.001371,0.921028,723,3643,4023,2653482
HGST_20HUH721212ALN604,GRU,49,val,row_opt,0.038,0.078377,0.469738,0.13434,0.009907,0.923377,2243,26375,2532,2635864
HGST_20HUH721212ALN604,GRU,49,val,disk_opt,0.214,0.268489,0.069948,0.110982,0.000342,0.923377,334,910,4441,2661329
HGST_20HUH721212ALN604,GRU,49,test,row_opt,0.038,0.072935,0.448799,0.125479,0.010189,0.916189,2130,27074,2616,2630051
HGST_20HUH721212ALN604,GRU,49,test,disk_opt,0.214,0.281664,0.094185,0.141165,0.000429,0.916189,447,1140,4299,2655985
HGST_20HUH721212ALN604,GRU,50,val,row_opt,0.043,0.085612,0.503665,0.146347,0.009649,0.927681,2405,25687,2370,2636552
HGST_20HUH721212ALN604,GRU,50,val,disk_opt,0.283,0.290663,0.080838,0.126495,0.000354,0.927681,386,942,4389,2661297
HGST_20HUH721212ALN604,GRU,50,test,row_opt,0.043,0.074113,0.477876,0.128324,0.010663,0.919377,2268,28334,2478,2628791
HGST_20HUH721212ALN604,GRU,50,test,disk_opt,0.283,0.210026,0.102402,0.137677,0.000688,0.919377,486,1828,4260,2655297
HGST_20HUH721212ALN604,GRU,51,val,row_opt,0.042,0.088172,0.530471,0.15121,0.009839,0.923975,2533,26195,2242,2636044
HGST_20HUH721212ALN604,GRU,51,val,disk_opt,0.238,0.238786,0.113717,0.154064,0.00065,0.923975,543,1731,4232,2660508
HGST_20HUH721212ALN604,GRU,51,test,row_opt,0.042,0.071164,0.452802,0.122997,0.010556,0.921946,2149,28049,2597,2629076
HGST_20HUH721212ALN604,GRU,51,test,disk_opt,0.238,0.187976,0.09882,0.12954,0.000762,0.921946,469,2026,4277,2655099
HGST_20HUH721212ALN604,GRU,52,val,row_opt,0.042,0.087592,0.522304,0.150024,0.009758,0.921617,2494,25979,2281,2636260
HGST_20HUH721212ALN604,GRU,52,val,disk_opt,0.212,0.252623,0.131099,0.172618,0.000696,0.921617,626,1852,4149,2660387
HGST_20HUH721212ALN604,GRU,52,test,row_opt,0.042,0.070066,0.446481,0.121124,0.010584,0.911255,2119,28124,2627,2629001
HGST_20HUH721212ALN604,GRU,52,test,disk_opt,0.212,0.210164,0.115887,0.149396,0.000778,0.911255,550,2067,4196,2655058
HGST_20HUH721212ALN604,GRU,53,val,row_opt,0.044,0.082374,0.491309,0.141092,0.009817,0.92827,2346,26134,2429,2636105
HGST_20HUH721212ALN604,GRU,53,val,disk_opt,0.217,0.253217,0.103037,0.146472,0.000545,0.92827,492,1451,4283,2660788
HGST_20HUH721212ALN604,GRU,53,test,row_opt,0.044,0.07192,0.438685,0.123579,0.010111,0.915575,2082,26867,2664,2630258
HGST_20HUH721212ALN604,GRU,53,test,disk_opt,0.217,0.172331,0.105773,0.131088,0.000907,0.915575,502,2411,4244,2654714
HGST_20HUH721212ALN604,GRU,54,val,row_opt,0.038,0.084691,0.51288,0.145376,0.009942,0.925355,2449,26468,2326,2635771
HGST_20HUH721212ALN604,GRU,54,val,disk_opt,0.194,0.265022,0.087749,0.131844,0.000436,0.925355,419,1162,4356,2661077
HGST_20HUH721212ALN604,GRU,54,test,row_opt,0.038,0.07148,0.457016,0.123625,0.010604,0.915587,2169,28175,2577,2628950
HGST_20HUH721212ALN604,GRU,54,test,disk_opt,0.194,0.190764,0.093131,0.125159,0.000706,0.915587,442,1875,4304,2655250
HGST_20HUH721212ALN604,GRU,55,val,row_opt,0.033,0.080992,0.486492,0.138865,0.009901,0.925494,2323,26359,2452,2635880
HGST_20HUH721212ALN604,GRU,55,val,disk_opt,0.131,0.209115,0.114346,0.147847,0.000776,0.925494,546,2065,4229,2660174
HGST_20HUH721212ALN604,GRU,55,test,row_opt,0.033,0.069709,0.460598,0.121091,0.010979,0.915394,2186,29173,2560,2627952
HGST_20HUH721212ALN604,GRU,55,test,disk_opt,0.131,0.177112,0.133375,0.152163,0.001107,0.915394,633,2941,4113,2654184
HGST_20HUH721212ALN604,GRU,56,val,row_opt,0.038,0.086351,0.518325,0.14804,0.009836,0.92641,2475,26187,2300,2636052
HGST_20HUH721212ALN604,GRU,56,val,disk_opt,0.139,0.205359,0.186178,0.195299,0.001292,0.92641,889,3440,3886,2658799
HGST_20HUH721212ALN604,GRU,56,test,row_opt,0.038,0.072613,0.475348,0.125981,0.010844,0.921563,2256,28813,2490,2628312
HGST_20HUH721212ALN604,GRU,56,test,disk_opt,0.139,0.174647,0.185209,0.179773,0.001563,0.921563,879,4154,3867,2652971
HGST_20HUH721212ALN604,GRU,57,val,row_opt,0.039,0.084444,0.512251,0.144987,0.009962,0.927432,2446,26520,2329,2635719
HGST_20HUH721212ALN604,GRU,57,val,disk_opt,0.226,0.286635,0.102408,0.150903,0.000457,0.927432,489,1217,4286,2661022
HGST_20HUH721212ALN604,GRU,57,test,row_opt,0.039,0.070737,0.478719,0.123261,0.011233,0.921926,2272,29847,2474,2627278
HGST_20HUH721212ALN604,GRU,57,test,disk_opt,0.226,0.235027,0.109145,0.149065,0.000635,0.921926,518,1686,4228,2655439
HGST_20HUH721212ALN604,GRU,58,val,row_opt,0.037,0.082999,0.502199,0.142454,0.009952,0.928099,2398,26494,2377,2635745
HGST_20HUH721212ALN604,GRU,58,val,disk_opt,0.176,0.231977,0.120628,0.158721,0.000716,0.928099,576,1907,4199,2660332
HGST_20HUH721212ALN604,GRU,58,test,row_opt,0.037,0.074787,0.481669,0.129471,0.010643,0.915621,2286,28281,2460,2628844
HGST_20HUH721212ALN604,GRU,58,test,disk_opt,0.176,0.194425,0.117573,0.146534,0.00087,0.915621,558,2312,4188,2654813
HGST_20HUH721212ALN604,GRU,59,val,row_opt,0.033,0.087454,0.510366,0.149321,0.009552,0.923444,2437,25429,2338,2636810
HGST_20HUH721212ALN604,GRU,59,val,disk_opt,0.111,0.2015,0.168796,0.183704,0.0012,0.923444,806,3194,3969,2659045
HGST_20HUH721212ALN604,GRU,59,test,row_opt,0.033,0.067039,0.448167,0.116631,0.01114,0.921089,2127,29601,2619,2627524
HGST_20HUH721212ALN604,GRU,59,test,disk_opt,0.111,0.146508,0.153392,0.149871,0.001596,0.921089,728,4241,4018,2652884
HGST_20HUH721212ALN604,GRU,60,val,row_opt,0.036,0.085522,0.517487,0.146786,0.009925,0.92479,2471,26422,2304,2635817
HGST_20HUH721212ALN604,GRU,60,val,disk_opt,0.155,0.242043,0.136963,0.174936,0.000769,0.92479,654,2048,4121,2660191
HGST_20HUH721212ALN604,GRU,60,test,row_opt,0.036,0.070608,0.471344,0.122818,0.011082,0.913219,2237,29445,2509,2627680
HGST_20HUH721212ALN604,GRU,60,test,disk_opt,0.155,0.176856,0.119469,0.142606,0.000993,0.913219,567,2639,4179,2654486
HGST_20HUH721212ALN604,GRU,61,val,row_opt,0.035,0.085112,0.505969,0.145713,0.009755,0.924422,2416,25970,2359,2636269
HGST_20HUH721212ALN604,GRU,61,val,disk_opt,0.164,0.225264,0.143037,0.174971,0.000882,0.924422,683,2349,4092,2659890
HGST_20HUH721212ALN604,GRU,61,test,row_opt,0.035,0.066615,0.452802,0.116143,0.011332,0.917144,2149,30111,2597,2627014
HGST_20HUH721212ALN604,GRU,61,test,disk_opt,0.164,0.200899,0.131901,0.159247,0.000937,0.917144,626,2490,4120,2654635
HGST_20HUH721212ALN604,GRU,62,val,row_opt,0.039,0.086556,0.517487,0.148306,0.009795,0.93123,2471,26077,2304,2636162
HGST_20HUH721212ALN604,GRU,62,val,disk_opt,0.207,0.232756,0.143455,0.177507,0.000848,0.93123,685,2258,4090,2659981
HGST_20HUH721212ALN604,GRU,62,test,row_opt,0.039,0.068893,0.461231,0.11988,0.011134,0.918799,2189,29585,2557,2627540
HGST_20HUH721212ALN604,GRU,62,test,disk_opt,0.207,0.181419,0.121787,0.145739,0.000982,0.918799,578,2608,4168,2654517
HGST_20HUH721212ALN604,XGB,43,val,row_opt,0.023,0.080644,0.453194,0.136923,0.009267,0.909896,2164,24670,2611,2637569
HGST_20HUH721212ALN604,XGB,43,val,disk_opt,0.535,0.257143,0.026387,0.047863,0.000137,0.909896,126,364,4649,2661875
HGST_20HUH721212ALN604,XGB,43,test,row_opt,0.023,0.085544,0.452592,0.143891,0.008642,0.917219,2148,22962,2598,2634163
HGST_20HUH721212ALN604,XGB,43,test,disk_opt,0.535,0.151645,0.022335,0.038935,0.000223,0.917219,106,593,4640,2656532
HGST_20HUH721212ALN604,XGB,44,val,row_opt,0.041,0.079375,0.474555,0.136002,0.009872,0.924201,2266,26282,2509,2635957
HGST_20HUH721212ALN604,XGB,44,val,disk_opt,0.432,0.274709,0.039581,0.069193,0.000187,0.924201,189,499,4586,2661740
HGST_20HUH721212ALN604,XGB,44,test,row_opt,0.041,0.080886,0.466077,0.137849,0.009459,0.924411,2212,25135,2534,2631990
HGST_20HUH721212ALN604,XGB,44,test,disk_opt,0.432,0.202349,0.047198,0.076542,0.000332,0.924411,224,883,4522,2656242
HGST_20HUH721212ALN604,XGB,45,val,row_opt,0.007,0.07495,0.44377,0.128242,0.009824,0.904672,2119,26153,2656,2636086
HGST_20HUH721212ALN604,XGB,45,val,disk_opt,0.762,0.283784,0.013194,0.025215,6e-05,0.904672,63,159,4712,2662080
HGST_20HUH721212ALN604,XGB,45,test,row_opt,0.007,0.078377,0.455963,0.133762,0.009577,0.897134,2164,25446,2582,2631679
HGST_20HUH721212ALN604,XGB,45,test,disk_opt,0.762,0.172131,0.017699,0.032098,0.000152,0.897134,84,404,4662,2656721
HGST_20HUH721212ALN604,XGB,46,val,row_opt,0.013,0.08555,0.457382,0.144139,0.008769,0.915115,2184,23345,2591,2638894
HGST_20HUH721212ALN604,XGB,46,val,disk_opt,0.679,0.279245,0.015497,0.029365,7.2e-05,0.915115,74,191,4701,2662048
HGST_20HUH721212ALN604,XGB,46,test,row_opt,0.013,0.081287,0.443531,0.137393,0.008954,0.917564,2105,23791,2641,2633334
HGST_20HUH721212ALN604,XGB,46,test,disk_opt,0.679,0.152632,0.018331,0.032731,0.000182,0.917564,87,483,4659,2656642
HGST_20HUH721212ALN604,XGB,47,val,row_opt,0.021,0.077603,0.463665,0.132953,0.009885,0.919096,2214,26316,2561,2635923
HGST_20HUH721212ALN604,XGB,47,val,disk_opt,0.254,0.317888,0.12356,0.177952,0.000476,0.919096,590,1266,4185,2660973
HGST_20HUH721212ALN604,XGB,47,test,row_opt,0.021,0.075383,0.474294,0.130089,0.010391,0.922986,2251,27610,2495,2629515
HGST_20HUH721212ALN604,XGB,47,test,disk_opt,0.254,0.168341,0.088285,0.115826,0.000779,0.922986,419,2070,4327,2655055
HGST_20HUH721212ALN604,XGB,48,val,row_opt,0.03,0.07719,0.461152,0.132244,0.009888,0.920866,2202,26325,2573,2635914
HGST_20HUH721212ALN604,XGB,48,val,disk_opt,0.469,0.277635,0.022618,0.041828,0.000106,0.920866,108,281,4667,2661958
HGST_20HUH721212ALN604,XGB,48,test,row_opt,0.03,0.081421,0.479983,0.139225,0.009672,0.92845,2278,25700,2468,2631425
HGST_20HUH721212ALN604,XGB,48,test,disk_opt,0.469,0.137143,0.020228,0.035255,0.000227,0.92845,96,604,4650,2656521
HGST_20HUH721212ALN604,XGB,49,val,row_opt,0.022,0.079542,0.476021,0.136308,0.00988,0.91759,2273,26303,2502,2635936
HGST_20HUH721212ALN604,XGB,49,val,disk_opt,0.448,0.271242,0.034764,0.06163,0.000168,0.91759,166,446,4609,2661793
HGST_20HUH721212ALN604,XGB,49,test,row_opt,0.022,0.07084,0.439949,0.12203,0.010307,0.92381,2088,27387,2658,2629738
HGST_20HUH721212ALN604,XGB,49,test,disk_opt,0.448,0.227687,0.026338,0.047214,0.00016,0.92381,125,424,4621,2656701
HGST_20HUH721212ALN604,XGB,50,val,row_opt,0.03,0.082149,0.498639,0.141059,0.009993,0.922454,2381,26603,2394,2635636
HGST_20HUH721212ALN604,XGB,50,val,disk_opt,0.389,0.300153,0.041047,0.072218,0.000172,0.922454,196,457,4579,2661782
HGST_20HUH721212ALN604,XGB,50,test,row_opt,0.03,0.071753,0.452802,0.123876,0.010463,0.924769,2149,27801,2597,2629324
HGST_20HUH721212ALN604,XGB,50,test,disk_opt,0.389,0.301961,0.048673,0.083832,0.000201,0.924769,231,534,4515,2656591
HGST_20HUH721212ALN604,XGB,51,val,row_opt,0.032,0.077826,0.462618,0.133237,0.009832,0.92014,2209,26175,2566,2636064
HGST_20HUH721212ALN604,XGB,51,val,disk_opt,0.426,0.153251,0.020733,0.036525,0.000205,0.92014,99,547,4676,2661692
HGST_20HUH721212ALN604,XGB,51,test,row_opt,0.032,0.084151,0.460598,0.142304,0.008954,0.925558,2186,23791,2560,2633334
HGST_20HUH721212ALN604,XGB,51,test,disk_opt,0.426,0.185535,0.024863,0.04385,0.000195,0.925558,118,518,4628,2656607
HGST_20HUH721212ALN604,XGB,52,val,row_opt,0.03,0.079156,0.473927,0.135655,0.009889,0.924461,2263,26326,2512,2635913
HGST_20HUH721212ALN604,XGB,52,val,disk_opt,0.395,0.192819,0.030366,0.05247,0.000228,0.924461,145,607,4630,2661632
HGST_20HUH721212ALN604,XGB,52,test,row_opt,0.03,0.082219,0.459966,0.139502,0.009171,0.92749,2183,24368,2563,2632757
HGST_20HUH721212ALN604,XGB,52,test,disk_opt,0.395,0.210651,0.037505,0.063674,0.000251,0.92749,178,667,4568,2656458
HGST_20HUH721212ALN604,XGB,53,val,row_opt,0.017,0.080216,0.467016,0.136915,0.009605,0.915377,2230,25570,2545,2636669
HGST_20HUH721212ALN604,XGB,53,val,disk_opt,0.406,0.262025,0.043351,0.074394,0.000219,0.915377,207,583,4568,2661656
HGST_20HUH721212ALN604,XGB,53,test,row_opt,0.017,0.081361,0.472187,0.138805,0.009523,0.920802,2241,25303,2505,2631822
HGST_20HUH721212ALN604,XGB,53,test,disk_opt,0.406,0.195395,0.066161,0.098851,0.000487,0.920802,314,1293,4432,2655832
HGST_20HUH721212ALN604,XGB,54,val,row_opt,0.037,0.079749,0.47644,0.136628,0.009861,0.924646,2275,26252,2500,2635987
HGST_20HUH721212ALN604,XGB,54,val,disk_opt,0.41,0.192783,0.042513,0.069664,0.000319,0.924646,203,850,4572,2661389
HGST_20HUH721212ALN604,XGB,54,test,row_opt,0.037,0.083215,0.49389,0.142432,0.009719,0.923065,2344,25824,2402,2631301
HGST_20HUH721212ALN604,XGB,54,test,disk_opt,0.41,0.236728,0.057311,0.092282,0.00033,0.923065,272,877,4474,2656248
HGST_20HUH721212ALN604,XGB,55,val,row_opt,0.03,0.082634,0.482304,0.141094,0.009604,0.918352,2303,25567,2472,2636672
HGST_20HUH721212ALN604,XGB,55,val,disk_opt,0.321,0.441349,0.063037,0.110317,0.000143,0.918352,301,381,4474,2661858
HGST_20HUH721212ALN604,XGB,55,test,row_opt,0.03,0.075566,0.481037,0.130614,0.010511,0.92655,2283,27929,2463,2629196
HGST_20HUH721212ALN604,XGB,55,test,disk_opt,0.321,0.130973,0.046776,0.068933,0.000554,0.92655,222,1473,4524,2655652
HGST_20HUH721212ALN604,XGB,56,val,row_opt,0.038,0.079351,0.46911,0.135741,0.009762,0.922144,2240,25989,2535,2636250
HGST_20HUH721212ALN604,XGB,56,val,disk_opt,0.463,0.194989,0.037487,0.062884,0.000278,0.922144,179,739,4596,2661500
HGST_20HUH721212ALN604,XGB,56,test,row_opt,0.038,0.083592,0.471134,0.141991,0.009225,0.927007,2236,24513,2510,2632612
HGST_20HUH721212ALN604,XGB,56,test,disk_opt,0.463,0.215328,0.037295,0.063578,0.000243,0.927007,177,645,4569,2656480
HGST_20HUH721212ALN604,XGB,57,val,row_opt,0.037,0.077933,0.457592,0.133183,0.009711,0.923326,2185,25852,2590,2636387
HGST_20HUH721212ALN604,XGB,57,val,disk_opt,0.438,0.252941,0.027016,0.048817,0.000143,0.923326,129,381,4646,2661858
HGST_20HUH721212ALN604,XGB,57,test,row_opt,0.037,0.081121,0.476401,0.138635,0.009639,0.925603,2261,25611,2485,2631514
HGST_20HUH721212ALN604,XGB,57,test,disk_opt,0.438,0.212888,0.03898,0.065895,0.000257,0.925603,185,684,4561,2656441
HGST_20HUH721212ALN604,XGB,58,val,row_opt,0.024,0.082854,0.49445,0.141925,0.009817,0.916491,2361,26135,2414,2636104
HGST_20HUH721212ALN604,XGB,58,val,disk_opt,0.408,0.279156,0.04712,0.080631,0.000218,0.916491,225,581,4550,2661658
HGST_20HUH721212ALN604,XGB,58,test,row_opt,0.024,0.075276,0.462916,0.129494,0.010157,0.928733,2197,26989,2549,2630136
HGST_20HUH721212ALN604,XGB,58,test,disk_opt,0.408,0.311558,0.052255,0.089498,0.000206,0.928733,248,548,4498,2656577
HGST_20HUH721212ALN604,XGB,59,val,row_opt,0.008,0.077995,0.430366,0.132057,0.009125,0.900122,2055,24293,2720,2637946
HGST_20HUH721212ALN604,XGB,59,val,disk_opt,0.602,0.415385,0.016963,0.032596,4.3e-05,0.900122,81,114,4694,2662125
HGST_20HUH721212ALN604,XGB,59,test,row_opt,0.008,0.083022,0.46418,0.140852,0.009157,0.896997,2203,24332,2543,2632793
HGST_20HUH721212ALN604,XGB,59,test,disk_opt,0.602,0.134465,0.021702,0.037373,0.00025,0.896997,103,663,4643,2656462
HGST_20HUH721212ALN604,XGB,60,val,row_opt,0.04,0.077233,0.46178,0.132333,0.009896,0.92659,2205,26345,2570,2635894
HGST_20HUH721212ALN604,XGB,60,val,disk_opt,0.53,0.285714,0.025131,0.046198,0.000113,0.92659,120,300,4655,2661939
HGST_20HUH721212ALN604,XGB,60,test,row_opt,0.04,0.081026,0.480405,0.138665,0.009732,0.923324,2280,25859,2466,2631266
HGST_20HUH721212ALN604,XGB,60,test,disk_opt,0.53,0.240462,0.043826,0.07414,0.000247,0.923324,208,657,4538,2656468
HGST_20HUH721212ALN604,XGB,61,val,row_opt,0.021,0.082654,0.481885,0.141105,0.009593,0.919165,2301,25538,2474,2636701
HGST_20HUH721212ALN604,XGB,61,val,disk_opt,0.495,0.249497,0.025969,0.047041,0.00014,0.919165,124,373,4651,2661866
HGST_20HUH721212ALN604,XGB,61,test,row_opt,0.021,0.083611,0.470923,0.142008,0.009219,0.91852,2235,24496,2511,2632629
HGST_20HUH721212ALN604,XGB,61,test,disk_opt,0.495,0.169944,0.025495,0.044339,0.000222,0.91852,121,591,4625,2656534
HGST_20HUH721212ALN604,XGB,62,val,row_opt,0.017,0.079866,0.462618,0.136215,0.00956,0.919663,2209,25450,2566,2636789
HGST_20HUH721212ALN604,XGB,62,val,disk_opt,0.612,0.262156,0.025969,0.047256,0.000131,0.919663,124,349,4651,2661890
HGST_20HUH721212ALN604,XGB,62,test,row_opt,0.017,0.084889,0.468605,0.143739,0.009023,0.922284,2224,23975,2522,2633150
HGST_20HUH721212ALN604,XGB,62,test,disk_opt,0.612,0.154494,0.023177,0.040308,0.000227,0.922284,110,602,4636,2656523
HGST_20HUH721212ALN604,LGBM,42,val,row_opt,0.01,0.077042,0.449005,0.131518,0.009648,0.890872,2144,25685,2631,2636554
HGST_20HUH721212ALN604,LGBM,42,val,disk_opt,0.812,0.298883,0.044817,0.077946,0.000189,0.890872,214,502,4561,2661737
HGST_20HUH721212ALN604,LGBM,42,test,row_opt,0.01,0.079109,0.427097,0.133491,0.00888,0.886184,2027,23596,2719,2633529
HGST_20HUH721212ALN604,LGBM,42,test,disk_opt,0.812,0.141599,0.044037,0.067181,0.000477,0.886184,209,1267,4537,2655858
HGST_20HUH721212ALN604,LGBM,43,val,row_opt,0.012,0.087965,0.460733,0.147725,0.008568,0.894594,2200,22810,2575,2639429
HGST_20HUH721212ALN604,LGBM,43,val,disk_opt,0.385,0.415214,0.054869,0.096929,0.000139,0.894594,262,369,4513,2661870
HGST_20HUH721212ALN604,LGBM,43,test,row_opt,0.012,0.086651,0.470501,0.146349,0.008858,0.89513,2233,23537,2513,2633588
HGST_20HUH721212ALN604,LGBM,43,test,disk_opt,0.385,0.110097,0.038137,0.056651,0.000551,0.89513,181,1463,4565,2655662
HGST_20HUH721212ALN604,LGBM,44,val,row_opt,0.013,0.078486,0.464293,0.134274,0.009777,0.886374,2217,26030,2558,2636209
HGST_20HUH721212ALN604,LGBM,44,val,disk_opt,0.999,0.218586,0.034974,0.0603,0.000224,0.886374,167,597,4608,2661642
HGST_20HUH721212ALN604,LGBM,44,test,row_opt,0.013,0.072664,0.437421,0.124625,0.009971,0.889214,2076,26494,2670,2630631
HGST_20HUH721212ALN604,LGBM,44,test,disk_opt,0.999,0.3466,0.044037,0.078145,0.000148,0.889214,209,394,4537,2656731
HGST_20HUH721212ALN604,LGBM,45,val,row_opt,0.024,0.073187,0.428901,0.125038,0.009742,0.894885,2048,25935,2727,2636304
HGST_20HUH721212ALN604,LGBM,45,val,disk_opt,0.998,0.38342,0.030995,0.057353,8.9e-05,0.894885,148,238,4627,2662001
HGST_20HUH721212ALN604,LGBM,45,test,row_opt,0.024,0.076833,0.441635,0.130894,0.009478,0.910699,2096,25184,2650,2631941
HGST_20HUH721212ALN604,LGBM,45,test,disk_opt,0.998,0.280884,0.045512,0.078332,0.000208,0.910699,216,553,4530,2656572
HGST_20HUH721212ALN604,LGBM,46,val,row_opt,0.032,0.078694,0.467435,0.134709,0.009815,0.911862,2232,26131,2543,2636108
HGST_20HUH721212ALN604,LGBM,46,val,disk_opt,0.976,0.258258,0.036021,0.063224,0.000186,0.911862,172,494,4603,2661745
HGST_20HUH721212ALN604,LGBM,46,test,row_opt,0.032,0.072079,0.440582,0.123889,0.010131,0.901264,2091,26919,2655,2630206
HGST_20HUH721212ALN604,LGBM,46,test,disk_opt,0.976,0.260504,0.039191,0.068132,0.000199,0.901264,186,528,4560,2656597
HGST_20HUH721212ALN604,LGBM,47,val,row_opt,0.018,0.076438,0.434346,0.129999,0.009413,0.874546,2074,25059,2701,2637180
HGST_20HUH721212ALN604,LGBM,47,val,disk_opt,0.983,0.225989,0.033508,0.058362,0.000206,0.874546,160,548,4615,2661691
HGST_20HUH721212ALN604,LGBM,47,test,row_opt,0.018,0.074031,0.4311,0.126363,0.009631,0.877899,2046,25591,2700,2631534
HGST_20HUH721212ALN604,LGBM,47,test,disk_opt,0.983,0.346041,0.049726,0.086957,0.000168,0.877899,236,446,4510,2656679
HGST_20HUH721212ALN604,LGBM,48,val,row_opt,0.006,0.075503,0.388063,0.126411,0.008523,0.875632,1853,22689,2922,2639550
HGST_20HUH721212ALN604,LGBM,48,val,disk_opt,0.917,0.317221,0.043979,0.077248,0.00017,0.875632,210,452,4565,2661787
HGST_20HUH721212ALN604,LGBM,48,test,row_opt,0.006,0.077571,0.390223,0.129415,0.008288,0.859018,1852,22023,2894,2635102
HGST_20HUH721212ALN604,LGBM,48,test,disk_opt,0.917,0.273109,0.054783,0.09126,0.00026,0.859018,260,692,4486,2656433
HGST_20HUH721212ALN604,LGBM,49,val,row_opt,0.028,0.073921,0.439581,0.12656,0.009877,0.900893,2099,26296,2676,2635943
HGST_20HUH721212ALN604,LGBM,49,val,disk_opt,0.866,0.330769,0.027016,0.049952,9.8e-05,0.900893,129,261,4646,2661978
HGST_20HUH721212ALN604,LGBM,49,test,row_opt,0.028,0.06846,0.424147,0.117892,0.010309,0.893101,2013,27391,2733,2629734
HGST_20HUH721212ALN604,LGBM,49,test,disk_opt,0.866,0.131884,0.038348,0.059419,0.000451,0.893101,182,1198,4564,2655927
HGST_20HUH721212ALN604,LGBM,50,val,row_opt,0.03,0.074727,0.448377,0.128104,0.009958,0.906862,2141,26510,2634,2635729
HGST_20HUH721212ALN604,LGBM,50,val,disk_opt,0.873,0.475877,0.045445,0.082967,9e-05,0.906862,217,239,4558,2662000
HGST_20HUH721212ALN604,LGBM,50,test,row_opt,0.03,0.075749,0.44016,0.129254,0.009593,0.909409,2089,25489,2657,2631636
HGST_20HUH721212ALN604,LGBM,50,test,disk_opt,0.873,0.11956,0.050358,0.070867,0.000662,0.909409,239,1760,4507,2655365
HGST_20HUH721212ALN604,LGBM,51,val,row_opt,0.004,0.078416,0.428063,0.132551,0.009023,0.875302,2044,24022,2731,2638217
HGST_20HUH721212ALN604,LGBM,51,val,disk_opt,0.962,0.322327,0.042932,0.075772,0.000162,0.875302,205,431,4570,2661808
HGST_20HUH721212ALN604,LGBM,51,test,row_opt,0.004,0.078901,0.399494,0.131776,0.00833,0.858844,1896,22134,2850,2634991
HGST_20HUH721212ALN604,LGBM,51,test,disk_opt,0.962,0.159057,0.045512,0.070773,0.00043,0.858844,216,1142,4530,2655983
HGST_20HUH721212ALN604,LGBM,52,val,row_opt,0.013,0.074911,0.44377,0.128183,0.009829,0.879145,2119,26168,2656,2636071
HGST_20HUH721212ALN604,LGBM,52,val,disk_opt,0.987,0.204437,0.027016,0.047725,0.000189,0.879145,129,502,4646,2661737
HGST_20HUH721212ALN604,LGBM,52,test,row_opt,0.013,0.069669,0.442056,0.120367,0.010544,0.867402,2098,28016,2648,2629109
HGST_20HUH721212ALN604,LGBM,52,test,disk_opt,0.987,0.392308,0.042984,0.077478,0.000119,0.867402,204,316,4542,2656809
HGST_20HUH721212ALN604,LGBM,53,val,row_opt,0.004,0.078956,0.428063,0.13332,0.008956,0.87538,2044,23844,2731,2638395
HGST_20HUH721212ALN604,LGBM,53,val,disk_opt,0.922,0.39212,0.04377,0.078749,0.000122,0.87538,209,324,4566,2661915
HGST_20HUH721212ALN604,LGBM,53,test,row_opt,0.004,0.078443,0.397387,0.131022,0.008339,0.858789,1886,22157,2860,2634968
HGST_20HUH721212ALN604,LGBM,53,test,disk_opt,0.922,0.207075,0.050569,0.081287,0.000346,0.858789,240,919,4506,2656206
HGST_20HUH721212ALN604,LGBM,54,val,row_opt,0.03,0.0763,0.443979,0.130221,0.00964,0.899525,2120,25665,2655,2636574
HGST_20HUH721212ALN604,LGBM,54,val,disk_opt,0.997,0.156894,0.020733,0.036626,0.0002,0.899525,99,532,4676,2661707
HGST_20HUH721212ALN604,LGBM,54,test,row_opt,0.03,0.072278,0.467552,0.125201,0.010719,0.906037,2219,28482,2527,2628643
HGST_20HUH721212ALN604,LGBM,54,test,disk_opt,0.997,0.169078,0.039402,0.06391,0.000346,0.906037,187,919,4559,2656206
HGST_20HUH721212ALN604,LGBM,55,val,row_opt,0.024,0.076985,0.463455,0.132037,0.009966,0.918464,2213,26533,2562,2635706
HGST_20HUH721212ALN604,LGBM,55,val,disk_opt,0.887,0.209964,0.037068,0.063012,0.00025,0.918464,177,666,4598,2661573
HGST_20HUH721212ALN604,LGBM,55,test,row_opt,0.024,0.072403,0.469659,0.125464,0.010747,0.912478,2229,28557,2517,2628568
HGST_20HUH721212ALN604,LGBM,55,test,disk_opt,0.887,0.154762,0.038348,0.061466,0.000374,0.912478,182,994,4564,2656131
HGST_20HUH721212ALN604,LGBM,56,val,row_opt,0.006,0.077122,0.393089,0.128946,0.008437,0.875649,1877,22461,2898,2639778
HGST_20HUH721212ALN604,LGBM,56,val,disk_opt,0.982,0.245059,0.038953,0.067221,0.000215,0.875649,186,573,4589,2661666
HGST_20HUH721212ALN604,LGBM,56,test,row_opt,0.006,0.078838,0.392962,0.131329,0.008201,0.859035,1865,21791,2881,2635334
HGST_20HUH721212ALN604,LGBM,56,test,disk_opt,0.982,0.335907,0.054994,0.094514,0.000194,0.859035,261,516,4485,2656609
HGST_20HUH721212ALN604,LGBM,57,val,row_opt,0.029,0.07894,0.461571,0.134822,0.00966,0.906115,2204,25716,2571,2636523
HGST_20HUH721212ALN604,LGBM,57,val,disk_opt,0.971,0.209854,0.024084,0.043209,0.000163,0.906115,115,433,4660,2661806
HGST_20HUH721212ALN604,LGBM,57,test,row_opt,0.029,0.075078,0.453856,0.128843,0.009987,0.910436,2154,26536,2592,2630589
HGST_20HUH721212ALN604,LGBM,57,test,disk_opt,0.971,0.185484,0.043616,0.070624,0.000342,0.910436,207,909,4539,2656216
HGST_20HUH721212ALN604,LGBM,58,val,row_opt,0.009,0.079786,0.459686,0.135972,0.009509,0.904117,2195,25316,2580,2636923
HGST_20HUH721212ALN604,LGBM,58,val,disk_opt,0.526,0.220152,0.05445,0.087307,0.000346,0.904117,260,921,4515,2661318
HGST_20HUH721212ALN604,LGBM,58,test,row_opt,0.009,0.084748,0.456595,0.142961,0.008808,0.89689,2167,23403,2579,2633722
HGST_20HUH721212ALN604,LGBM,58,test,disk_opt,0.526,0.189345,0.055415,0.085738,0.000424,0.89689,263,1126,4483,2655999
HGST_20HUH721212ALN604,LGBM,59,val,row_opt,0.015,0.072459,0.424921,0.123806,0.009756,0.888467,2029,25973,2746,2636266
HGST_20HUH721212ALN604,LGBM,59,val,disk_opt,0.664,0.451074,0.039581,0.072776,8.6e-05,0.888467,189,230,4586,2662009
HGST_20HUH721212ALN604,LGBM,59,test,row_opt,0.015,0.078234,0.441214,0.132902,0.009285,0.889718,2094,24672,2652,2632453
HGST_20HUH721212ALN604,LGBM,59,test,disk_opt,0.664,0.154192,0.057733,0.08401,0.000566,0.889718,274,1503,4472,2655622
HGST_20HUH721212ALN604,LGBM,60,val,row_opt,0.029,0.076909,0.454241,0.131546,0.009779,0.906045,2169,26033,2606,2636206
HGST_20HUH721212ALN604,LGBM,60,val,disk_opt,0.939,0.215321,0.04356,0.072461,0.000285,0.906045,208,758,4567,2661481
HGST_20HUH721212ALN604,LGBM,60,test,row_opt,0.029,0.073369,0.439949,0.125764,0.009925,0.916375,2088,26371,2658,2630754
HGST_20HUH721212ALN604,LGBM,60,test,disk_opt,0.939,0.202284,0.052255,0.083054,0.000368,0.916375,248,978,4498,2656147
HGST_20HUH721212ALN604,LGBM,61,val,row_opt,0.025,0.079031,0.459058,0.134847,0.009595,0.898212,2192,25544,2583,2636695
HGST_20HUH721212ALN604,LGBM,61,val,disk_opt,0.998,0.165195,0.027435,0.047055,0.000249,0.898212,131,662,4644,2661577
HGST_20HUH721212ALN604,LGBM,61,test,row_opt,0.025,0.073883,0.441635,0.126589,0.009888,0.899946,2096,26273,2650,2630852
HGST_20HUH721212ALN604,LGBM,61,test,disk_opt,0.998,0.363289,0.040034,0.07212,0.000125,0.899946,190,333,4556,2656792
HGST_20HUH721212ALN604,LGBM,62,val,row_opt,0.006,0.07578,0.398325,0.127335,0.008713,0.875723,1902,23197,2873,2639042
HGST_20HUH721212ALN604,LGBM,62,val,disk_opt,0.906,0.257647,0.045864,0.077867,0.000237,0.875723,219,631,4556,2661608
HGST_20HUH721212ALN604,LGBM,62,test,row_opt,0.006,0.076403,0.390645,0.127809,0.008435,0.858949,1854,22412,2892,2634713
HGST_20HUH721212ALN604,LGBM,62,test,disk_opt,0.906,0.316798,0.059208,0.099769,0.000228,0.858949,281,606,4465,2656519
ST12000NM0007,LSTM,42,val,row_opt,0.016,0.08414,0.476704,0.143034,0.009589,0.852745,3182,34636,3493,3577411
ST12000NM0007,LSTM,42,val,disk_opt,0.287,0.312236,0.055431,0.094148,0.000226,0.852745,370,815,6305,3611232
ST12000NM0007,LSTM,42,test,row_opt,0.016,0.065441,0.371286,0.111269,0.009967,0.784481,2537,36231,4296,3599025
ST12000NM0007,LSTM,42,test,disk_opt,0.287,0.14613,0.034538,0.055871,0.000379,0.784481,236,1379,6597,3633877
ST12000NM0007,LSTM,43,val,row_opt,0.018,0.079517,0.447191,0.135025,0.009566,0.859934,2985,34554,3690,3577493
ST12000NM0007,LSTM,43,val,disk_opt,0.279,0.308642,0.05618,0.095057,0.000233,0.859934,375,840,6300,3611207
ST12000NM0007,LSTM,43,test,row_opt,0.018,0.068252,0.34992,0.114224,0.008979,0.786672,2391,32641,4442,3602615
ST12000NM0007,LSTM,43,test,disk_opt,0.279,0.136727,0.0401,0.062012,0.000476,0.786672,274,1730,6559,3633526
ST12000NM0007,LSTM,44,val,row_opt,0.023,0.080263,0.469963,0.13711,0.009952,0.855684,3137,35947,3538,3576100
ST12000NM0007,LSTM,44,val,disk_opt,0.322,0.294118,0.092135,0.140315,0.000409,0.855684,615,1476,6060,3610571
ST12000NM0007,LSTM,44,test,row_opt,0.023,0.071934,0.378165,0.120875,0.009171,0.780165,2584,33338,4249,3601918
ST12000NM0007,LSTM,44,test,disk_opt,0.322,0.134105,0.074638,0.095901,0.000906,0.780165,510,3293,6323,3631963
ST12000NM0007,LSTM,45,val,row_opt,0.018,0.084118,0.485843,0.143407,0.009776,0.852843,3243,35310,3432,3576737
ST12000NM0007,LSTM,45,val,disk_opt,0.321,0.229418,0.068464,0.105457,0.000425,0.852843,457,1535,6218,3610512
ST12000NM0007,LSTM,45,test,row_opt,0.018,0.070344,0.381677,0.118794,0.009481,0.785552,2608,34467,4225,3600789
ST12000NM0007,LSTM,45,test,disk_opt,0.321,0.118695,0.051661,0.071989,0.000721,0.785552,353,2621,6480,3632635
ST12000NM0007,LSTM,46,val,row_opt,0.018,0.079806,0.469213,0.136411,0.009998,0.852991,3132,36113,3543,3575934
ST12000NM0007,LSTM,46,val,disk_opt,0.347,0.308319,0.079401,0.126281,0.000329,0.852991,530,1189,6145,3610858
ST12000NM0007,LSTM,46,test,row_opt,0.018,0.061157,0.363237,0.104688,0.010481,0.776612,2482,38102,4351,3597154
ST12000NM0007,LSTM,46,test,disk_opt,0.347,0.132755,0.058247,0.080968,0.000715,0.776612,398,2600,6435,3632656
ST12000NM0007,LSTM,47,val,row_opt,0.013,0.081016,0.476554,0.138488,0.00999,0.85333,3181,36083,3494,3575964
ST12000NM0007,LSTM,47,val,disk_opt,0.288,0.363358,0.088839,0.142771,0.000288,0.85333,593,1039,6082,3611008
ST12000NM0007,LSTM,47,test,row_opt,0.013,0.069154,0.384604,0.11723,0.009731,0.775681,2628,35374,4205,3599882
ST12000NM0007,LSTM,47,test,disk_opt,0.288,0.096616,0.04888,0.064917,0.000859,0.775681,334,3123,6499,3632133
ST12000NM0007,LSTM,48,val,row_opt,0.018,0.081946,0.474906,0.139774,0.009832,0.861447,3170,35514,3505,3576533
ST12000NM0007,LSTM,48,val,disk_opt,0.292,0.268575,0.073109,0.114932,0.000368,0.861447,488,1329,6187,3610718
ST12000NM0007,LSTM,48,test,row_opt,0.018,0.068761,0.38636,0.116744,0.009835,0.779336,2640,35754,4193,3599502
ST12000NM0007,LSTM,48,test,disk_opt,0.292,0.107827,0.046978,0.065443,0.000731,0.779336,321,2656,6512,3632600
ST12000NM0007,LSTM,49,val,row_opt,0.02,0.083335,0.485094,0.142236,0.009861,0.857314,3238,35617,3437,3576430
ST12000NM0007,LSTM,49,val,disk_opt,0.326,0.289005,0.099625,0.148173,0.000453,0.857314,665,1636,6010,3610411
ST12000NM0007,LSTM,49,test,row_opt,0.02,0.067363,0.387824,0.114788,0.010093,0.789057,2650,36689,4183,3598567
ST12000NM0007,LSTM,49,test,disk_opt,0.326,0.140557,0.07537,0.098123,0.000866,0.789057,515,3149,6318,3632107
ST12000NM0007,LSTM,50,val,row_opt,0.014,0.082027,0.463221,0.139373,0.00958,0.858044,3092,34603,3583,3577444
ST12000NM0007,LSTM,50,val,disk_opt,0.298,0.330612,0.084944,0.135161,0.000318,0.858044,567,1148,6108,3610899
ST12000NM0007,LSTM,50,test,row_opt,0.014,0.064016,0.358115,0.108616,0.009842,0.784786,2447,35778,4386,3599478
ST12000NM0007,LSTM,50,test,disk_opt,0.298,0.109825,0.05693,0.074988,0.000867,0.784786,389,3153,6444,3632103
ST12000NM0007,LSTM,51,val,row_opt,0.016,0.082485,0.469813,0.140332,0.009657,0.852158,3136,34883,3539,3577164
ST12000NM0007,LSTM,51,val,disk_opt,0.348,0.330607,0.072659,0.119135,0.000272,0.852158,485,982,6190,3611065
ST12000NM0007,LSTM,51,test,row_opt,0.016,0.061502,0.379921,0.105866,0.010897,0.780757,2596,39614,4237,3595642
ST12000NM0007,LSTM,51,test,disk_opt,0.348,0.142132,0.049173,0.073067,0.000558,0.780757,336,2028,6497,3633228
ST12000NM0007,LSTM,52,val,row_opt,0.021,0.081577,0.469213,0.13899,0.009762,0.850783,3132,35261,3543,3576786
ST12000NM0007,LSTM,52,val,disk_opt,0.34,0.296583,0.068914,0.111841,0.000302,0.850783,460,1091,6215,3610956
ST12000NM0007,LSTM,52,test,row_opt,0.021,0.06607,0.380214,0.112577,0.010102,0.77973,2598,36724,4235,3598532
ST12000NM0007,LSTM,52,test,disk_opt,0.34,0.093993,0.047856,0.063421,0.000867,0.77973,327,3152,6506,3632104
ST12000NM0007,LSTM,53,val,row_opt,0.012,0.080671,0.474457,0.137897,0.009992,0.845952,3167,36091,3508,3575956
ST12000NM0007,LSTM,53,val,disk_opt,0.304,0.294919,0.084345,0.131174,0.000373,0.845952,563,1346,6112,3610701
ST12000NM0007,LSTM,53,test,row_opt,0.012,0.064088,0.393239,0.110213,0.010794,0.782305,2687,39240,4146,3596016
ST12000NM0007,LSTM,53,test,disk_opt,0.304,0.163941,0.060149,0.088009,0.000577,0.782305,411,2096,6422,3633160
ST12000NM0007,LSTM,54,val,row_opt,0.019,0.079954,0.46397,0.136402,0.009866,0.858093,3097,35638,3578,3576409
ST12000NM0007,LSTM,54,val,disk_opt,0.349,0.399853,0.081648,0.135606,0.000226,0.858093,545,818,6130,3611229
ST12000NM0007,LSTM,54,test,row_opt,0.019,0.06687,0.376262,0.113558,0.009869,0.787121,2571,35877,4262,3599379
ST12000NM0007,LSTM,54,test,disk_opt,0.349,0.106845,0.052539,0.07044,0.000826,0.787121,359,3001,6474,3632255
ST12000NM0007,LSTM,55,val,row_opt,0.015,0.080109,0.458427,0.136385,0.009728,0.857369,3060,35138,3615,3576909
ST12000NM0007,LSTM,55,val,disk_opt,0.338,0.278159,0.060674,0.099619,0.000291,0.857369,405,1051,6270,3610996
ST12000NM0007,LSTM,55,test,row_opt,0.015,0.062041,0.375677,0.106495,0.010676,0.781262,2567,38809,4266,3596447
ST12000NM0007,LSTM,55,test,disk_opt,0.338,0.154272,0.057076,0.083324,0.000588,0.781262,390,2138,6443,3633118
ST12000NM0007,LSTM,56,val,row_opt,0.018,0.08257,0.472959,0.140595,0.009711,0.846238,3157,35077,3518,3576970
ST12000NM0007,LSTM,56,val,disk_opt,0.328,0.299131,0.108315,0.159041,0.000469,0.846238,723,1694,5952,3610353
ST12000NM0007,LSTM,56,test,row_opt,0.018,0.064442,0.379043,0.110157,0.010343,0.773954,2590,37601,4243,3597655
ST12000NM0007,LSTM,56,test,disk_opt,0.328,0.152465,0.093224,0.115702,0.000974,0.773954,637,3541,6196,3631715
ST12000NM0007,LSTM,57,val,row_opt,0.023,0.080075,0.462921,0.136532,0.009828,0.859241,3090,35499,3585,3576548
ST12000NM0007,LSTM,57,val,disk_opt,0.355,0.328814,0.072659,0.119018,0.000274,0.859241,485,990,6190,3611057
ST12000NM0007,LSTM,57,test,row_opt,0.023,0.064362,0.378165,0.110002,0.010333,0.773405,2584,37564,4249,3597692
ST12000NM0007,LSTM,57,test,disk_opt,0.355,0.158828,0.060296,0.087409,0.0006,0.773405,412,2182,6421,3633074
ST12000NM0007,LSTM,58,val,row_opt,0.011,0.083659,0.477453,0.142372,0.009664,0.859665,3187,34908,3488,3577139
ST12000NM0007,LSTM,58,val,disk_opt,0.283,0.295634,0.106517,0.156608,0.000469,0.859665,711,1694,5964,3610353
ST12000NM0007,LSTM,58,test,row_opt,0.011,0.065541,0.379628,0.111784,0.010174,0.786053,2594,36984,4239,3598272
ST12000NM0007,LSTM,58,test,disk_opt,0.283,0.161744,0.08415,0.110705,0.00082,0.786053,575,2980,6258,3632276
ST12000NM0007,LSTM,59,val,row_opt,0.016,0.082511,0.476255,0.140654,0.009786,0.851515,3179,35349,3496,3576698
ST12000NM0007,LSTM,59,val,disk_opt,0.331,0.269093,0.089738,0.134592,0.00045,0.851515,599,1627,6076,3610420
ST12000NM0007,LSTM,59,test,row_opt,0.016,0.065492,0.385629,0.111968,0.010343,0.777273,2635,37599,4198,3597657
ST12000NM0007,LSTM,59,test,disk_opt,0.331,0.123737,0.071711,0.0908,0.000955,0.777273,490,3470,6343,3631786
ST12000NM0007,LSTM,60,val,row_opt,0.015,0.081644,0.476554,0.139404,0.009906,0.856807,3181,35781,3494,3576266
ST12000NM0007,LSTM,60,val,disk_opt,0.289,0.327567,0.08794,0.138656,0.000334,0.856807,587,1205,6088,3610842
ST12000NM0007,LSTM,60,test,row_opt,0.015,0.062483,0.373774,0.107068,0.010541,0.778378,2554,38321,4279,3596935
ST12000NM0007,LSTM,60,test,disk_opt,0.289,0.105931,0.063515,0.079414,0.001008,0.778378,434,3663,6399,3631593
ST12000NM0007,LSTM,61,val,row_opt,0.022,0.080878,0.465918,0.13783,0.009785,0.852864,3110,35343,3565,3576704
ST12000NM0007,LSTM,61,val,disk_opt,0.334,0.280357,0.094082,0.140886,0.000446,0.852864,628,1612,6047,3610435
ST12000NM0007,LSTM,61,test,row_opt,0.022,0.067906,0.375677,0.115022,0.009693,0.781117,2567,35235,4266,3600021
ST12000NM0007,LSTM,61,test,disk_opt,0.334,0.126405,0.067467,0.087977,0.000876,0.781117,461,3186,6372,3632070
ST12000NM0007,LSTM,62,val,row_opt,0.018,0.082375,0.47206,0.140272,0.009718,0.856008,3151,35101,3524,3576946
ST12000NM0007,LSTM,62,val,disk_opt,0.352,0.320729,0.071161,0.116479,0.000279,0.856008,475,1006,6200,3611041
ST12000NM0007,LSTM,62,test,row_opt,0.018,0.058292,0.36792,0.100638,0.011172,0.779702,2514,40614,4319,3594642
ST12000NM0007,LSTM,62,test,disk_opt,0.352,0.162869,0.077418,0.10495,0.000748,0.779702,529,2719,6304,3632537
ST12000NM0007,GRU,42,val,row_opt,0.016,0.08497,0.497079,0.145132,0.009892,0.85587,3318,35731,3357,3576316
ST12000NM0007,GRU,42,val,disk_opt,0.312,0.435689,0.05633,0.099761,0.000135,0.85587,376,487,6299,3611560
ST12000NM0007,GRU,42,test,row_opt,0.016,0.068995,0.38797,0.117156,0.00984,0.786038,2651,35772,4182,3599484
ST12000NM0007,GRU,42,test,disk_opt,0.312,0.224223,0.0401,0.068032,0.000261,0.786038,274,948,6559,3634308
ST12000NM0007,GRU,43,val,row_opt,0.017,0.081022,0.470412,0.138235,0.00986,0.859513,3140,35615,3535,3576432
ST12000NM0007,GRU,43,val,disk_opt,0.307,0.392031,0.091386,0.14822,0.000262,0.859513,610,946,6065,3611101
ST12000NM0007,GRU,43,test,row_opt,0.017,0.062181,0.386507,0.107127,0.010957,0.792374,2641,39832,4192,3595424
ST12000NM0007,GRU,43,test,disk_opt,0.307,0.257876,0.064686,0.103428,0.00035,0.792374,442,1272,6391,3633984
ST12000NM0007,GRU,44,val,row_opt,0.014,0.084008,0.482247,0.143089,0.009717,0.863296,3219,35099,3456,3576948
ST12000NM0007,GRU,44,val,disk_opt,0.297,0.370518,0.083596,0.136414,0.000262,0.863296,558,948,6117,3611099
ST12000NM0007,GRU,44,test,row_opt,0.014,0.067148,0.390751,0.114602,0.010204,0.789477,2670,37093,4163,3598163
ST12000NM0007,GRU,44,test,disk_opt,0.297,0.378526,0.060881,0.104892,0.000188,0.789477,416,683,6417,3634573
ST12000NM0007,GRU,45,val,row_opt,0.016,0.083136,0.473408,0.141434,0.009648,0.858122,3160,34850,3515,3577197
ST12000NM0007,GRU,45,val,disk_opt,0.299,0.425287,0.083146,0.139098,0.000208,0.858122,555,750,6120,3611297
ST12000NM0007,GRU,45,test,row_opt,0.016,0.070087,0.396458,0.119116,0.009887,0.793689,2709,35943,4124,3599313
ST12000NM0007,GRU,45,test,disk_opt,0.299,0.243515,0.06732,0.10548,0.000393,0.793689,460,1429,6373,3633827
ST12000NM0007,GRU,46,val,row_opt,0.02,0.082905,0.48779,0.141722,0.009972,0.859528,3256,36018,3419,3576029
ST12000NM0007,GRU,46,val,disk_opt,0.327,0.349282,0.065618,0.110481,0.000226,0.859528,438,816,6237,3611231
ST12000NM0007,GRU,46,test,row_opt,0.02,0.066837,0.383872,0.11385,0.010074,0.783169,2623,36622,4210,3598634
ST12000NM0007,GRU,46,test,disk_opt,0.327,0.31814,0.050051,0.086495,0.000202,0.783169,342,733,6491,3634523
ST12000NM0007,GRU,47,val,row_opt,0.021,0.082166,0.482547,0.140422,0.009961,0.857744,3221,35980,3454,3576067
ST12000NM0007,GRU,47,val,disk_opt,0.318,0.409247,0.07161,0.121892,0.000191,0.857744,478,690,6197,3611357
ST12000NM0007,GRU,47,test,row_opt,0.021,0.069927,0.376848,0.117965,0.009421,0.779263,2575,34249,4258,3601007
ST12000NM0007,GRU,47,test,disk_opt,0.318,0.260965,0.052246,0.087063,0.000278,0.779263,357,1011,6476,3634245
ST12000NM0007,GRU,48,val,row_opt,0.015,0.083255,0.476404,0.14174,0.009694,0.864676,3180,35016,3495,3577031
ST12000NM0007,GRU,48,val,disk_opt,0.286,0.386861,0.071461,0.120637,0.000209,0.864676,477,756,6198,3611291
ST12000NM0007,GRU,48,test,row_opt,0.015,0.068128,0.390604,0.116021,0.010042,0.786793,2669,36507,4164,3598749
ST12000NM0007,GRU,48,test,disk_opt,0.286,0.223412,0.042734,0.071744,0.000279,0.786793,292,1015,6541,3634241
ST12000NM0007,GRU,49,val,row_opt,0.02,0.084049,0.488539,0.143423,0.009839,0.858317,3261,35538,3414,3576509
ST12000NM0007,GRU,49,val,disk_opt,0.295,0.49281,0.056479,0.101344,0.000107,0.858317,377,388,6298,3611659
ST12000NM0007,GRU,49,test,row_opt,0.02,0.072909,0.393824,0.12304,0.009413,0.786089,2691,34218,4142,3601038
ST12000NM0007,GRU,49,test,disk_opt,0.295,0.342071,0.038197,0.06872,0.000138,0.786089,261,502,6572,3634754
ST12000NM0007,GRU,50,val,row_opt,0.015,0.085944,0.496479,0.146524,0.009758,0.857477,3314,35246,3361,3576801
ST12000NM0007,GRU,50,val,disk_opt,0.32,0.390056,0.083446,0.13748,0.000241,0.857477,557,871,6118,3611176
ST12000NM0007,GRU,50,test,row_opt,0.015,0.067023,0.383726,0.114114,0.01004,0.792494,2622,36499,4211,3598757
ST12000NM0007,GRU,50,test,disk_opt,0.32,0.247454,0.060442,0.097154,0.000346,0.792494,413,1256,6420,3634000
ST12000NM0007,GRU,51,val,row_opt,0.019,0.084283,0.483296,0.143534,0.009704,0.866787,3226,35050,3449,3576997
ST12000NM0007,GRU,51,val,disk_opt,0.311,0.462052,0.082996,0.140716,0.000179,0.866787,554,645,6121,3611402
ST12000NM0007,GRU,51,test,row_opt,0.019,0.068481,0.381092,0.1161,0.009744,0.784842,2604,35421,4229,3599835
ST12000NM0007,GRU,51,test,disk_opt,0.311,0.298808,0.058686,0.098104,0.000259,0.784842,401,941,6432,3634315
ST12000NM0007,GRU,52,val,row_opt,0.021,0.082268,0.478052,0.140378,0.009855,0.86259,3191,35597,3484,3576450
ST12000NM0007,GRU,52,val,disk_opt,0.325,0.463953,0.059775,0.105906,0.000128,0.86259,399,461,6276,3611586
ST12000NM0007,GRU,52,test,row_opt,0.021,0.071181,0.378165,0.11981,0.009275,0.778291,2584,33718,4249,3601538
ST12000NM0007,GRU,52,test,disk_opt,0.325,0.347418,0.043319,0.077033,0.000153,0.778291,296,556,6537,3634700
ST12000NM0007,GRU,53,val,row_opt,0.021,0.082843,0.482697,0.141415,0.009876,0.855471,3222,35671,3453,3576376
ST12000NM0007,GRU,53,val,disk_opt,0.31,0.343602,0.065169,0.109558,0.00023,0.855471,435,831,6240,3611216
ST12000NM0007,GRU,53,test,row_opt,0.021,0.073077,0.386068,0.122892,0.009205,0.783625,2638,33461,4195,3601795
ST12000NM0007,GRU,53,test,disk_opt,0.31,0.273657,0.046978,0.08019,0.000234,0.783625,321,852,6512,3634404
ST12000NM0007,GRU,54,val,row_opt,0.016,0.085068,0.487341,0.144851,0.009686,0.868055,3253,34987,3422,3577060
ST12000NM0007,GRU,54,val,disk_opt,0.29,0.372347,0.086742,0.140705,0.00027,0.868055,579,976,6096,3611071
ST12000NM0007,GRU,54,test,row_opt,0.016,0.06941,0.388556,0.11778,0.009792,0.781078,2655,35596,4178,3599660
ST12000NM0007,GRU,54,test,disk_opt,0.29,0.294918,0.060296,0.100122,0.000271,0.781078,412,985,6421,3634271
ST12000NM0007,GRU,55,val,row_opt,0.014,0.083659,0.490487,0.142938,0.009928,0.858019,3274,35861,3401,3576186
ST12000NM0007,GRU,55,val,disk_opt,0.288,0.403523,0.07206,0.122283,0.000197,0.858019,481,711,6194,3611336
ST12000NM0007,GRU,55,test,row_opt,0.014,0.072596,0.384311,0.122122,0.009228,0.791276,2626,33547,4207,3601709
ST12000NM0007,GRU,55,test,disk_opt,0.288,0.261194,0.051222,0.085648,0.000272,0.791276,350,990,6483,3634266
ST12000NM0007,GRU,56,val,row_opt,0.021,0.08159,0.466816,0.138903,0.009711,0.854083,3116,35075,3559,3576972
ST12000NM0007,GRU,56,val,disk_opt,0.311,0.367592,0.073408,0.122378,0.000233,0.854083,490,843,6185,3611204
ST12000NM0007,GRU,56,test,row_opt,0.021,0.070451,0.393385,0.119501,0.009756,0.788037,2688,35466,4145,3599790
ST12000NM0007,GRU,56,test,disk_opt,0.311,0.242718,0.051222,0.084592,0.0003,0.788037,350,1092,6483,3634164
ST12000NM0007,GRU,57,val,row_opt,0.021,0.080259,0.462772,0.136793,0.0098,0.854929,3089,35399,3586,3576648
ST12000NM0007,GRU,57,val,disk_opt,0.315,0.44484,0.037453,0.069089,8.6e-05,0.854929,250,312,6425,3611735
ST12000NM0007,GRU,57,test,row_opt,0.021,0.072057,0.383433,0.121316,0.009281,0.784328,2620,33740,4213,3601516
ST12000NM0007,GRU,57,test,disk_opt,0.315,0.334921,0.03088,0.056546,0.000115,0.784328,211,419,6622,3634837
ST12000NM0007,GRU,58,val,row_opt,0.02,0.082734,0.480449,0.141159,0.009844,0.858784,3207,35556,3468,3576491
ST12000NM0007,GRU,58,val,disk_opt,0.331,0.451429,0.047341,0.085695,0.000106,0.858784,316,384,6359,3611663
ST12000NM0007,GRU,58,test,row_opt,0.02,0.062635,0.382263,0.107634,0.010753,0.772026,2612,39090,4221,3596166
ST12000NM0007,GRU,58,test,disk_opt,0.331,0.263259,0.039953,0.069377,0.00021,0.772026,273,764,6560,3634492
ST12000NM0007,GRU,59,val,row_opt,0.019,0.082937,0.48839,0.141795,0.00998,0.851797,3260,36047,3415,3576000
ST12000NM0007,GRU,59,val,disk_opt,0.31,0.414184,0.087491,0.144465,0.000229,0.851797,584,826,6091,3611221
ST12000NM0007,GRU,59,test,row_opt,0.019,0.073109,0.387824,0.123027,0.009242,0.7767,2650,33597,4183,3601659
ST12000NM0007,GRU,59,test,disk_opt,0.31,0.281155,0.054149,0.090809,0.00026,0.7767,370,946,6463,3634310
ST12000NM0007,GRU,60,val,row_opt,0.026,0.079255,0.462921,0.135339,0.009938,0.859209,3090,35898,3585,3576149
ST12000NM0007,GRU,60,val,disk_opt,0.375,0.497674,0.04809,0.087705,9e-05,0.859209,321,324,6354,3611723
ST12000NM0007,GRU,60,test,row_opt,0.026,0.06993,0.370262,0.117642,0.009256,0.792121,2530,33649,4303,3601607
ST12000NM0007,GRU,60,test,disk_opt,0.375,0.368502,0.03527,0.064378,0.000114,0.792121,241,413,6592,3634843
ST12000NM0007,GRU,61,val,row_opt,0.015,0.081352,0.478352,0.139056,0.009982,0.862169,3193,36056,3482,3575991
ST12000NM0007,GRU,61,val,disk_opt,0.314,0.362932,0.091236,0.145816,0.000296,0.862169,609,1069,6066,3610978
ST12000NM0007,GRU,61,test,row_opt,0.015,0.063362,0.396166,0.10925,0.011008,0.785417,2707,40016,4126,3595240
ST12000NM0007,GRU,61,test,disk_opt,0.314,0.205784,0.071857,0.106519,0.000521,0.785417,491,1895,6342,3633361
ST12000NM0007,GRU,62,val,row_opt,0.021,0.082164,0.473558,0.140031,0.009776,0.849957,3161,35311,3514,3576736
ST12000NM0007,GRU,62,val,disk_opt,0.287,0.379808,0.071011,0.119652,0.000214,0.849957,474,774,6201,3611273
ST12000NM0007,GRU,62,test,row_opt,0.021,0.069544,0.38197,0.117666,0.009606,0.780916,2610,34920,4223,3600336
ST12000NM0007,GRU,62,test,disk_opt,0.287,0.320312,0.048002,0.083492,0.000191,0.780916,328,696,6505,3634560
ST12000NM0007,XGB,42,val,row_opt,0.017,0.080457,0.458876,0.136909,0.009692,0.871273,3063,35007,3612,3577040
ST12000NM0007,XGB,42,val,disk_opt,0.089,0.155355,0.195805,0.17325,0.001967,0.871273,1307,7106,5368,3604941
ST12000NM0007,XGB,42,test,row_opt,0.017,0.066055,0.390897,0.113013,0.010389,0.801286,2671,37765,4162,3597491
ST12000NM0007,XGB,42,test,disk_opt,0.089,0.111296,0.137129,0.122869,0.002058,0.801286,937,7482,5896,3627774
ST12000NM0007,XGB,43,val,row_opt,0.015,0.080897,0.465169,0.137825,0.009766,0.873037,3105,35277,3570,3576770
ST12000NM0007,XGB,43,val,disk_opt,0.062,0.157249,0.23221,0.187515,0.0023,0.873037,1550,8307,5125,3603740
ST12000NM0007,XGB,43,test,row_opt,0.015,0.068748,0.398946,0.117285,0.010158,0.796086,2726,36926,4107,3598330
ST12000NM0007,XGB,43,test,disk_opt,0.062,0.126397,0.201961,0.155484,0.002624,0.796086,1380,9538,5453,3625718
ST12000NM0007,XGB,44,val,row_opt,0.019,0.081087,0.47236,0.138414,0.009892,0.86482,3153,35731,3522,3576316
ST12000NM0007,XGB,44,val,disk_opt,0.12,0.150597,0.179476,0.163773,0.001871,0.86482,1198,6757,5477,3605290
ST12000NM0007,XGB,44,test,row_opt,0.019,0.066408,0.398946,0.113863,0.010542,0.80307,2726,38323,4107,3596933
ST12000NM0007,XGB,44,test,disk_opt,0.12,0.123288,0.140934,0.131521,0.001884,0.80307,963,6848,5870,3628408
ST12000NM0007,XGB,45,val,row_opt,0.016,0.081996,0.475955,0.139891,0.009847,0.870581,3177,35569,3498,3576478
ST12000NM0007,XGB,45,val,disk_opt,0.107,0.16346,0.179476,0.171094,0.001697,0.870581,1198,6131,5477,3605916
ST12000NM0007,XGB,45,test,row_opt,0.016,0.065535,0.389287,0.112184,0.010434,0.798384,2660,37929,4173,3597327
ST12000NM0007,XGB,45,test,disk_opt,0.107,0.126468,0.141812,0.133701,0.001841,0.798384,969,6693,5864,3628563
ST12000NM0007,XGB,46,val,row_opt,0.018,0.084348,0.484794,0.143694,0.009726,0.863343,3236,35129,3439,3576918
ST12000NM0007,XGB,46,val,disk_opt,0.112,0.14873,0.165843,0.156821,0.001754,0.863343,1107,6336,5568,3605711
ST12000NM0007,XGB,46,test,row_opt,0.018,0.063814,0.398068,0.109995,0.010977,0.802008,2720,39904,4113,3595352
ST12000NM0007,XGB,46,test,disk_opt,0.112,0.109875,0.127177,0.117894,0.001937,0.802008,869,7040,5964,3628216
ST12000NM0007,XGB,47,val,row_opt,0.017,0.080826,0.473708,0.138091,0.009955,0.869536,3162,35959,3513,3576088
ST12000NM0007,XGB,47,val,disk_opt,0.08,0.162946,0.223071,0.188326,0.002118,0.869536,1489,7649,5186,3604398
ST12000NM0007,XGB,47,test,row_opt,0.017,0.065994,0.394409,0.113069,0.010492,0.79504,2695,38142,4138,3597114
ST12000NM0007,XGB,47,test,disk_opt,0.08,0.119474,0.166106,0.138982,0.002301,0.79504,1135,8365,5698,3626891
ST12000NM0007,XGB,48,val,row_opt,0.016,0.079891,0.45603,0.135963,0.009706,0.871515,3044,35058,3631,3576989
ST12000NM0007,XGB,48,val,disk_opt,0.098,0.152624,0.18427,0.166961,0.001891,0.871515,1230,6829,5445,3605218
ST12000NM0007,XGB,48,test,row_opt,0.016,0.06329,0.394995,0.109099,0.010988,0.799447,2699,39946,4134,3595310
ST12000NM0007,XGB,48,test,disk_opt,0.098,0.123408,0.146056,0.13378,0.00195,0.799447,998,7089,5835,3628167
ST12000NM0007,XGB,49,val,row_opt,0.019,0.083827,0.478652,0.142669,0.009667,0.865118,3195,34919,3480,3577128
ST12000NM0007,XGB,49,val,disk_opt,0.123,0.156654,0.194157,0.173401,0.001932,0.865118,1296,6977,5379,3605070
ST12000NM0007,XGB,49,test,row_opt,0.019,0.064981,0.372018,0.110637,0.010062,0.805962,2542,36577,4291,3598679
ST12000NM0007,XGB,49,test,disk_opt,0.123,0.110988,0.132006,0.120588,0.001987,0.805962,902,7225,5931,3628031
ST12000NM0007,XGB,50,val,row_opt,0.018,0.083366,0.479251,0.142026,0.009738,0.867995,3199,35174,3476,3576873
ST12000NM0007,XGB,50,val,disk_opt,0.105,0.17556,0.181873,0.178661,0.001578,0.867995,1214,5701,5461,3606346
ST12000NM0007,XGB,50,test,row_opt,0.018,0.067072,0.390312,0.114473,0.010205,0.80046,2667,37096,4166,3598160
ST12000NM0007,XGB,50,test,disk_opt,0.105,0.105365,0.118981,0.11176,0.001899,0.80046,813,6903,6020,3628353
ST12000NM0007,XGB,51,val,row_opt,0.019,0.081128,0.468464,0.138305,0.009805,0.873056,3127,35417,3548,3576630
ST12000NM0007,XGB,51,val,disk_opt,0.11,0.16409,0.168539,0.166285,0.001587,0.873056,1125,5731,5550,3606316
ST12000NM0007,XGB,51,test,row_opt,0.019,0.064823,0.382409,0.110854,0.01037,0.80039,2613,37697,4220,3597559
ST12000NM0007,XGB,51,test,disk_opt,0.11,0.106767,0.120299,0.11313,0.001892,0.80039,822,6877,6011,3628379
ST12000NM0007,XGB,52,val,row_opt,0.017,0.085502,0.483895,0.145325,0.009564,0.864252,3230,34547,3445,3577500
ST12000NM0007,XGB,52,val,disk_opt,0.118,0.192662,0.188015,0.19031,0.001456,0.864252,1255,5259,5420,3606788
ST12000NM0007,XGB,52,test,row_opt,0.017,0.06559,0.395873,0.112535,0.010601,0.804735,2705,38536,4128,3596720
ST12000NM0007,XGB,52,test,disk_opt,0.118,0.125864,0.146641,0.13546,0.001914,0.804735,1002,6959,5831,3628297
ST12000NM0007,XGB,53,val,row_opt,0.018,0.082102,0.475955,0.140045,0.009833,0.870402,3177,35519,3498,3576528
ST12000NM0007,XGB,53,val,disk_opt,0.102,0.15348,0.198202,0.172998,0.00202,0.870402,1323,7297,5352,3604750
ST12000NM0007,XGB,53,test,row_opt,0.018,0.06476,0.388995,0.111035,0.010559,0.800197,2658,38386,4175,3596870
ST12000NM0007,XGB,53,test,disk_opt,0.102,0.107414,0.143129,0.122726,0.002236,0.800197,978,8127,5855,3627129
ST12000NM0007,XGB,54,val,row_opt,0.017,0.080451,0.465468,0.13719,0.009832,0.868693,3107,35513,3568,3576534
ST12000NM0007,XGB,54,val,disk_opt,0.096,0.15191,0.185318,0.166959,0.001912,0.868693,1237,6906,5438,3605141
ST12000NM0007,XGB,54,test,row_opt,0.017,0.065728,0.392214,0.112588,0.010479,0.802611,2680,38094,4153,3597162
ST12000NM0007,XGB,54,test,disk_opt,0.096,0.121598,0.145178,0.132346,0.001971,0.802611,992,7166,5841,3628090
ST12000NM0007,XGB,55,val,row_opt,0.013,0.079147,0.452285,0.13472,0.009724,0.870352,3019,35125,3656,3576922
ST12000NM0007,XGB,55,val,disk_opt,0.071,0.158293,0.194457,0.174521,0.001911,0.870352,1298,6902,5377,3605145
ST12000NM0007,XGB,55,test,row_opt,0.013,0.066786,0.38797,0.113955,0.01019,0.793672,2651,37043,4182,3598213
ST12000NM0007,XGB,55,test,disk_opt,0.071,0.123503,0.146349,0.133958,0.001952,0.793672,1000,7097,5833,3628159
ST12000NM0007,XGB,56,val,row_opt,0.017,0.08309,0.486142,0.141923,0.009914,0.862465,3245,35809,3430,3576238
ST12000NM0007,XGB,56,val,disk_opt,0.126,0.20915,0.186966,0.197437,0.001306,0.862465,1248,4719,5427,3607328
ST12000NM0007,XGB,56,test,row_opt,0.017,0.062634,0.388556,0.107879,0.01093,0.802112,2655,39734,4178,3595522
ST12000NM0007,XGB,56,test,disk_opt,0.126,0.124297,0.142251,0.132669,0.001884,0.802112,972,6848,5861,3628408
ST12000NM0007,XGB,57,val,row_opt,0.018,0.084716,0.474307,0.143756,0.00947,0.870689,3166,34206,3509,3577841
ST12000NM0007,XGB,57,val,disk_opt,0.09,0.148859,0.203296,0.17187,0.002148,0.870689,1357,7759,5318,3604288
ST12000NM0007,XGB,57,test,row_opt,0.018,0.067248,0.392653,0.11483,0.010237,0.80225,2683,37214,4150,3598042
ST12000NM0007,XGB,57,test,disk_opt,0.09,0.130769,0.159227,0.143602,0.001989,0.80225,1088,7232,5745,3628024
ST12000NM0007,XGB,58,val,row_opt,0.018,0.080052,0.469963,0.136802,0.00998,0.868486,3137,36050,3538,3575997
ST12000NM0007,XGB,58,val,disk_opt,0.107,0.202124,0.182472,0.191796,0.001331,0.868486,1218,4808,5457,3607239
ST12000NM0007,XGB,58,test,row_opt,0.018,0.065,0.394995,0.11163,0.01068,0.800332,2699,38824,4134,3596432
ST12000NM0007,XGB,58,test,disk_opt,0.107,0.122073,0.135812,0.128576,0.001836,0.800332,928,6674,5905,3628582
ST12000NM0007,XGB,59,val,row_opt,0.018,0.084869,0.485693,0.14449,0.009678,0.871681,3242,34958,3433,3577089
ST12000NM0007,XGB,59,val,disk_opt,0.123,0.174145,0.185468,0.179629,0.001625,0.871681,1238,5871,5437,3606176
ST12000NM0007,XGB,59,test,row_opt,0.018,0.0693,0.395434,0.117932,0.009982,0.801838,2702,36288,4131,3598968
ST12000NM0007,XGB,59,test,disk_opt,0.123,0.114579,0.135372,0.124111,0.001966,0.801838,925,7148,5908,3628108
ST12000NM0007,XGB,60,val,row_opt,0.017,0.083952,0.489438,0.143321,0.009869,0.870198,3267,35648,3408,3576399
ST12000NM0007,XGB,60,val,disk_opt,0.115,0.158006,0.179026,0.167861,0.001763,0.870198,1195,6368,5480,3605679
ST12000NM0007,XGB,60,test,row_opt,0.017,0.063236,0.392946,0.10894,0.010941,0.803554,2685,39775,4148,3595481
ST12000NM0007,XGB,60,test,disk_opt,0.115,0.132641,0.130836,0.131732,0.001608,0.803554,894,5846,5939,3629410
ST12000NM0007,XGB,61,val,row_opt,0.01,0.078668,0.433708,0.13318,0.009387,0.868985,2895,33905,3780,3578142
ST12000NM0007,XGB,61,val,disk_opt,0.036,0.142072,0.228464,0.175197,0.00255,0.868985,1525,9209,5150,3602838
ST12000NM0007,XGB,61,test,row_opt,0.01,0.069465,0.369384,0.116938,0.009301,0.791816,2524,33811,4309,3601445
ST12000NM0007,XGB,61,test,disk_opt,0.036,0.10117,0.156886,0.123013,0.00262,0.791816,1072,9524,5761,3625732
ST12000NM0007,XGB,62,val,row_opt,0.018,0.083468,0.471011,0.141807,0.009558,0.871476,3144,34523,3531,3577524
ST12000NM0007,XGB,62,val,disk_opt,0.103,0.144255,0.187715,0.16314,0.002058,0.871476,1253,7433,5422,3604614
ST12000NM0007,XGB,62,test,row_opt,0.018,0.064593,0.384458,0.110604,0.010465,0.806134,2627,38043,4206,3597213
ST12000NM0007,XGB,62,test,disk_opt,0.103,0.096903,0.131421,0.111553,0.002302,0.806134,898,8369,5935,3626887
ST12000NM0007,LGBM,42,val,row_opt,0.012,0.078286,0.449588,0.133351,0.009782,0.849108,3001,35333,3674,3576714
ST12000NM0007,LGBM,42,val,disk_opt,0.137,0.174373,0.093783,0.121968,0.000821,0.849108,626,2964,6049,3609083
ST12000NM0007,LGBM,42,test,row_opt,0.012,0.064726,0.359871,0.109718,0.009774,0.764642,2459,35532,4374,3599724
ST12000NM0007,LGBM,42,test,disk_opt,0.137,0.068981,0.045661,0.054949,0.001158,0.764642,312,4211,6521,3631045
ST12000NM0007,LGBM,43,val,row_opt,0.01,0.075122,0.438352,0.128263,0.009973,0.855178,2926,36024,3749,3576023
ST12000NM0007,LGBM,43,val,disk_opt,0.056,0.164858,0.179775,0.171994,0.001683,0.855178,1200,6079,5475,3605968
ST12000NM0007,LGBM,43,test,row_opt,0.01,0.068769,0.367335,0.11585,0.00935,0.778301,2510,33989,4323,3601267
ST12000NM0007,LGBM,43,test,disk_opt,0.056,0.108307,0.126884,0.116862,0.001964,0.778301,867,7138,5966,3628118
ST12000NM0007,LGBM,44,val,row_opt,0.01,0.076378,0.437603,0.130056,0.009779,0.845057,2921,35323,3754,3576724
ST12000NM0007,LGBM,44,val,disk_opt,0.053,0.130131,0.167191,0.146351,0.002065,0.845057,1116,7460,5559,3604587
ST12000NM0007,LGBM,44,test,row_opt,0.01,0.065325,0.357237,0.110452,0.009608,0.77461,2441,34926,4392,3600330
ST12000NM0007,LGBM,44,test,disk_opt,0.053,0.099686,0.092931,0.09619,0.001578,0.77461,635,5735,6198,3629521
ST12000NM0007,LGBM,45,val,row_opt,0.006,0.074782,0.409738,0.12648,0.009368,0.839395,2735,33838,3940,3578209
ST12000NM0007,LGBM,45,val,disk_opt,0.024,0.13399,0.226367,0.168338,0.002704,0.839395,1511,9766,5164,3602281
ST12000NM0007,LGBM,45,test,row_opt,0.006,0.072959,0.368213,0.121787,0.008794,0.768986,2516,31969,4317,3603287
ST12000NM0007,LGBM,45,test,disk_opt,0.024,0.122842,0.163471,0.140274,0.002194,0.768986,1117,7976,5716,3627280
ST12000NM0007,LGBM,46,val,row_opt,0.01,0.076414,0.437453,0.130102,0.009771,0.853312,2920,35293,3755,3576754
ST12000NM0007,LGBM,46,val,disk_opt,0.046,0.133643,0.181273,0.153856,0.002172,0.853312,1210,7844,5465,3604203
ST12000NM0007,LGBM,46,test,row_opt,0.01,0.06805,0.37714,0.115297,0.009708,0.776038,2577,35292,4256,3599964
ST12000NM0007,LGBM,46,test,disk_opt,0.046,0.110024,0.136543,0.121857,0.002076,0.776038,933,7547,5900,3627709
ST12000NM0007,LGBM,47,val,row_opt,0.008,0.075033,0.431311,0.127828,0.009826,0.835885,2879,35491,3796,3576556
ST12000NM0007,LGBM,47,val,disk_opt,0.037,0.179265,0.176929,0.178089,0.001497,0.835885,1181,5407,5494,3606640
ST12000NM0007,LGBM,47,test,row_opt,0.008,0.067655,0.381238,0.114917,0.009875,0.767214,2605,35899,4228,3599357
ST12000NM0007,LGBM,47,test,disk_opt,0.037,0.117391,0.130104,0.123421,0.001839,0.767214,889,6684,5944,3628572
ST12000NM0007,LGBM,48,val,row_opt,0.005,0.085268,0.374082,0.13888,0.007416,0.786679,2497,26787,4178,3585260
ST12000NM0007,LGBM,48,val,disk_opt,0.018,0.109038,0.20839,0.143166,0.003147,0.786679,1391,11366,5284,3600681
ST12000NM0007,LGBM,48,test,row_opt,0.005,0.076145,0.318455,0.122903,0.007262,0.74861,2176,26401,4657,3608855
ST12000NM0007,LGBM,48,test,disk_opt,0.018,0.109097,0.180594,0.136023,0.002772,0.74861,1234,10077,5599,3625179
ST12000NM0007,LGBM,49,val,row_opt,0.009,0.076506,0.423071,0.12958,0.009437,0.82931,2824,34088,3851,3577959
ST12000NM0007,LGBM,49,val,disk_opt,0.042,0.141095,0.171386,0.154772,0.001928,0.82931,1144,6964,5531,3605083
ST12000NM0007,LGBM,49,test,row_opt,0.009,0.071393,0.380214,0.120214,0.009296,0.768874,2598,33792,4235,3601464
ST12000NM0007,LGBM,49,test,disk_opt,0.042,0.112311,0.136982,0.123426,0.002035,0.768874,936,7398,5897,3627858
ST12000NM0007,LGBM,50,val,row_opt,0.011,0.079488,0.461723,0.135628,0.009881,0.856218,3082,35691,3593,3576356
ST12000NM0007,LGBM,50,val,disk_opt,0.096,0.195452,0.177678,0.186141,0.001352,0.856218,1186,4882,5489,3607165
ST12000NM0007,LGBM,50,test,row_opt,0.011,0.061098,0.380214,0.105278,0.010982,0.781131,2598,39924,4235,3595332
ST12000NM0007,LGBM,50,test,disk_opt,0.096,0.092487,0.123957,0.105935,0.002286,0.781131,847,8311,5986,3626945
ST12000NM0007,LGBM,51,val,row_opt,0.011,0.083973,0.468614,0.142425,0.009447,0.863534,3128,34122,3547,3577925
ST12000NM0007,LGBM,51,val,disk_opt,0.073,0.186387,0.185019,0.1857,0.001493,0.863534,1235,5391,5440,3606656
ST12000NM0007,LGBM,51,test,row_opt,0.011,0.061418,0.353725,0.104664,0.01016,0.785349,2417,36936,4416,3598320
ST12000NM0007,LGBM,51,test,disk_opt,0.073,0.080493,0.115762,0.094958,0.002486,0.785349,791,9036,6042,3626220
ST12000NM0007,LGBM,52,val,row_opt,0.01,0.079476,0.451685,0.135168,0.009668,0.840623,3015,34921,3660,3577126
ST12000NM0007,LGBM,52,val,disk_opt,0.063,0.200853,0.148165,0.170532,0.001089,0.840623,989,3935,5686,3608112
ST12000NM0007,LGBM,52,test,row_opt,0.01,0.068757,0.393824,0.117074,0.010026,0.767526,2691,36447,4142,3598809
ST12000NM0007,LGBM,52,test,disk_opt,0.063,0.091172,0.087663,0.089383,0.001643,0.767526,599,5971,6234,3629285
ST12000NM0007,LGBM,53,val,row_opt,0.009,0.082016,0.452434,0.13886,0.009358,0.842297,3020,33802,3655,3578245
ST12000NM0007,LGBM,53,val,disk_opt,0.044,0.183648,0.200899,0.191887,0.00165,0.842297,1341,5961,5334,3606086
ST12000NM0007,LGBM,53,test,row_opt,0.009,0.061561,0.35753,0.105037,0.010244,0.768502,2443,37241,4390,3598015
ST12000NM0007,LGBM,53,test,disk_opt,0.044,0.095768,0.129811,0.110221,0.002304,0.768502,887,8375,5946,3626881
ST12000NM0007,LGBM,54,val,row_opt,0.013,0.078483,0.431311,0.132801,0.009359,0.852488,2879,33804,3796,3578243
ST12000NM0007,LGBM,54,val,disk_opt,0.167,0.117082,0.102172,0.10912,0.001424,0.852488,682,5143,5993,3606904
ST12000NM0007,LGBM,54,test,row_opt,0.013,0.076794,0.393824,0.128525,0.008899,0.779047,2691,32351,4142,3602905
ST12000NM0007,LGBM,54,test,disk_opt,0.167,0.110433,0.095273,0.102294,0.001443,0.779047,651,5244,6182,3630012
ST12000NM0007,LGBM,55,val,row_opt,0.012,0.078147,0.450337,0.133183,0.009817,0.86647,3006,35460,3669,3576587
ST12000NM0007,LGBM,55,val,disk_opt,0.109,0.200227,0.158502,0.176938,0.00117,0.86647,1058,4226,5617,3607821
ST12000NM0007,LGBM,55,test,row_opt,0.012,0.065787,0.374506,0.111915,0.009996,0.790226,2559,36339,4274,3598917
ST12000NM0007,LGBM,55,test,disk_opt,0.109,0.105505,0.110786,0.108081,0.001765,0.790226,757,6418,6076,3628838
ST12000NM0007,LGBM,56,val,row_opt,0.009,0.077357,0.445843,0.131839,0.009827,0.852187,2976,35495,3699,3576552
ST12000NM0007,LGBM,56,val,disk_opt,0.05,0.161964,0.19176,0.175607,0.001834,0.852187,1280,6623,5395,3605424
ST12000NM0007,LGBM,56,test,row_opt,0.009,0.066746,0.383872,0.11372,0.010089,0.782306,2623,36675,4210,3598581
ST12000NM0007,LGBM,56,test,disk_opt,0.05,0.115889,0.134494,0.1245,0.001929,0.782306,919,7011,5914,3628245
ST12000NM0007,LGBM,57,val,row_opt,0.01,0.079472,0.456629,0.135382,0.009774,0.848077,3048,35305,3627,3576742
ST12000NM0007,LGBM,57,val,disk_opt,0.072,0.161176,0.14367,0.151921,0.001382,0.848077,959,4991,5716,3607056
ST12000NM0007,LGBM,57,test,row_opt,0.01,0.062204,0.374506,0.106687,0.010613,0.776508,2559,38580,4274,3596676
ST12000NM0007,LGBM,57,test,disk_opt,0.072,0.086541,0.105956,0.095269,0.002102,0.776508,724,7642,6109,3627614
ST12000NM0007,LGBM,58,val,row_opt,0.007,0.089662,0.430861,0.148435,0.008084,0.818607,2876,29200,3799,3582847
ST12000NM0007,LGBM,58,val,disk_opt,0.031,0.120146,0.212734,0.153563,0.002879,0.818607,1420,10399,5255,3601648
ST12000NM0007,LGBM,58,test,row_opt,0.007,0.076034,0.352407,0.125081,0.00805,0.763768,2408,29262,4425,3605994
ST12000NM0007,LGBM,58,test,disk_opt,0.031,0.113044,0.153081,0.130051,0.002258,0.763768,1046,8207,5787,3627049
ST12000NM0007,LGBM,59,val,row_opt,0.008,0.07435,0.427865,0.126686,0.009844,0.83945,2856,35557,3819,3576490
ST12000NM0007,LGBM,59,val,disk_opt,0.036,0.188569,0.188315,0.188442,0.001497,0.83945,1257,5409,5418,3606638
ST12000NM0007,LGBM,59,test,row_opt,0.008,0.066493,0.377579,0.113074,0.009964,0.772333,2580,36221,4253,3599035
ST12000NM0007,LGBM,59,test,disk_opt,0.036,0.114125,0.121908,0.117888,0.001779,0.772333,833,6466,6000,3628790
ST12000NM0007,LGBM,60,val,row_opt,0.012,0.076097,0.433109,0.12945,0.009717,0.86371,2891,35100,3784,3576947
ST12000NM0007,LGBM,60,val,disk_opt,0.073,0.145714,0.159401,0.15225,0.001727,0.86371,1064,6238,5611,3605809
ST12000NM0007,LGBM,60,test,row_opt,0.012,0.06688,0.363969,0.112997,0.009545,0.782664,2487,34699,4346,3600557
ST12000NM0007,LGBM,60,test,disk_opt,0.073,0.097349,0.096736,0.097042,0.001686,0.782664,661,6129,6172,3629127
ST12000NM0007,LGBM,61,val,row_opt,0.011,0.081643,0.461423,0.138739,0.009592,0.855207,3080,34645,3595,3577402
ST12000NM0007,LGBM,61,val,disk_opt,0.071,0.18973,0.190412,0.19007,0.001503,0.855207,1271,5428,5404,3606619
ST12000NM0007,LGBM,61,test,row_opt,0.011,0.064486,0.37275,0.10995,0.010164,0.770663,2547,36950,4286,3598306
ST12000NM0007,LGBM,61,test,disk_opt,0.071,0.101217,0.118103,0.10901,0.001971,0.770663,807,7166,6026,3628090
ST12000NM0007,LGBM,62,val,row_opt,0.004,0.092921,0.389363,0.150036,0.007024,0.783562,2599,25371,4076,3586676
ST12000NM0007,LGBM,62,val,disk_opt,0.015,0.186805,0.198951,0.192687,0.0016,0.783562,1328,5781,5347,3606266
ST12000NM0007,LGBM,62,test,row_opt,0.004,0.075431,0.310698,0.121391,0.007158,0.743353,2123,26022,4710,3609234
ST12000NM0007,LGBM,62,test,disk_opt,0.015,0.1036,0.117518,0.110121,0.001911,0.743353,803,6948,6030,3628308
TOSHIBA_20MG07ACA14TA,LSTM,42,val,row_opt,0.004,0.043625,0.482664,0.080017,0.008884,0.808087,2993,65615,3208,7320194
TOSHIBA_20MG07ACA14TA,LSTM,42,val,disk_opt,0.178,0.277535,0.132882,0.179716,0.00029,0.808087,824,2145,5377,7383664
TOSHIBA_20MG07ACA14TA,LSTM,42,test,row_opt,0.004,0.038422,0.479569,0.071143,0.010257,0.856284,3028,75782,3286,7312632
TOSHIBA_20MG07ACA14TA,LSTM,42,test,disk_opt,0.178,0.198391,0.13668,0.161853,0.000472,0.856284,863,3487,5451,7384927
TOSHIBA_20MG07ACA14TA,LSTM,43,val,row_opt,0.004,0.041826,0.487663,0.077044,0.00938,0.809663,3024,69276,3177,7316533
TOSHIBA_20MG07ACA14TA,LSTM,43,val,disk_opt,0.153,0.229279,0.158362,0.187333,0.000447,0.809663,982,3301,5219,7382508
TOSHIBA_20MG07ACA14TA,LSTM,43,test,row_opt,0.004,0.035427,0.48828,0.066062,0.011361,0.85853,3083,83940,3231,7304474
TOSHIBA_20MG07ACA14TA,LSTM,43,test,disk_opt,0.153,0.219119,0.185144,0.200704,0.000564,0.85853,1169,4166,5145,7384248
TOSHIBA_20MG07ACA14TA,LSTM,44,val,row_opt,0.005,0.042604,0.481051,0.078275,0.009076,0.811831,2983,67034,3218,7318775
TOSHIBA_20MG07ACA14TA,LSTM,44,val,disk_opt,0.163,0.216114,0.183841,0.198675,0.00056,0.811831,1140,4135,5061,7381674
TOSHIBA_20MG07ACA14TA,LSTM,44,test,row_opt,0.005,0.037339,0.491764,0.069409,0.010835,0.848835,3105,80051,3209,7308363
TOSHIBA_20MG07ACA14TA,LSTM,44,test,disk_opt,0.163,0.207496,0.181501,0.19363,0.000592,0.848835,1146,4377,5168,7384037
TOSHIBA_20MG07ACA14TA,LSTM,45,val,row_opt,0.005,0.044418,0.475085,0.08124,0.008581,0.80577,2946,63379,3255,7322430
TOSHIBA_20MG07ACA14TA,LSTM,45,val,disk_opt,0.173,0.335111,0.131753,0.189142,0.000219,0.80577,817,1621,5384,7384188
TOSHIBA_20MG07ACA14TA,LSTM,45,test,row_opt,0.005,0.039688,0.494932,0.073483,0.010234,0.857051,3125,75615,3189,7312799
TOSHIBA_20MG07ACA14TA,LSTM,45,test,disk_opt,0.173,0.207471,0.153944,0.176743,0.000503,0.857051,972,3713,5342,7384701
TOSHIBA_20MG07ACA14TA,LSTM,46,val,row_opt,0.005,0.045898,0.477665,0.083749,0.008337,0.812029,2962,61572,3239,7324237
TOSHIBA_20MG07ACA14TA,LSTM,46,val,disk_opt,0.118,0.203144,0.160458,0.179295,0.000528,0.812029,995,3903,5206,7381906
TOSHIBA_20MG07ACA14TA,LSTM,46,test,row_opt,0.005,0.039271,0.473234,0.072523,0.009894,0.852563,2988,73099,3326,7315315
TOSHIBA_20MG07ACA14TA,LSTM,46,test,disk_opt,0.118,0.218212,0.168514,0.19017,0.000516,0.852563,1064,3812,5250,7384602
TOSHIBA_20MG07ACA14TA,LSTM,47,val,row_opt,0.004,0.049971,0.475085,0.090431,0.007583,0.795952,2946,56008,3255,7329801
TOSHIBA_20MG07ACA14TA,LSTM,47,val,disk_opt,0.156,0.204946,0.157716,0.178256,0.000514,0.795952,978,3794,5223,7382015
TOSHIBA_20MG07ACA14TA,LSTM,47,test,row_opt,0.004,0.042713,0.474976,0.078379,0.009097,0.853274,2999,67213,3315,7321201
TOSHIBA_20MG07ACA14TA,LSTM,47,test,disk_opt,0.156,0.2712,0.163605,0.20409,0.000376,0.853274,1033,2776,5281,7385638
TOSHIBA_20MG07ACA14TA,LSTM,48,val,row_opt,0.004,0.038512,0.465893,0.071144,0.009765,0.795182,2889,72126,3312,7313683
TOSHIBA_20MG07ACA14TA,LSTM,48,val,disk_opt,0.184,0.285994,0.117884,0.166952,0.000247,0.795182,731,1825,5470,7383984
TOSHIBA_20MG07ACA14TA,LSTM,48,test,row_opt,0.004,0.037698,0.492556,0.070036,0.010745,0.846695,3110,79387,3204,7309027
TOSHIBA_20MG07ACA14TA,LSTM,48,test,disk_opt,0.184,0.207317,0.107697,0.141755,0.000352,0.846695,680,2600,5634,7385814
TOSHIBA_20MG07ACA14TA,LSTM,49,val,row_opt,0.005,0.045248,0.482664,0.08274,0.008551,0.799771,2993,63153,3208,7322656
TOSHIBA_20MG07ACA14TA,LSTM,49,val,disk_opt,0.099,0.196308,0.229802,0.211738,0.00079,0.799771,1425,5834,4776,7379975
TOSHIBA_20MG07ACA14TA,LSTM,49,test,row_opt,0.005,0.042581,0.469908,0.078086,0.009029,0.850376,2967,66712,3347,7321702
TOSHIBA_20MG07ACA14TA,LSTM,49,test,disk_opt,0.099,0.1848,0.224897,0.202886,0.000848,0.850376,1420,6264,4894,7382150
TOSHIBA_20MG07ACA14TA,LSTM,50,val,row_opt,0.005,0.041565,0.473311,0.076419,0.009163,0.810236,2935,67677,3266,7318132
TOSHIBA_20MG07ACA14TA,LSTM,50,val,disk_opt,0.182,0.303075,0.133527,0.18538,0.000258,0.810236,828,1904,5373,7383905
TOSHIBA_20MG07ACA14TA,LSTM,50,test,row_opt,0.005,0.036262,0.487646,0.067504,0.011076,0.855643,3079,81831,3235,7306583
TOSHIBA_20MG07ACA14TA,LSTM,50,test,disk_opt,0.182,0.253941,0.140323,0.180761,0.000352,0.855643,886,2603,5428,7385811
TOSHIBA_20MG07ACA14TA,LSTM,51,val,row_opt,0.004,0.039297,0.482503,0.072675,0.009904,0.816052,2992,73146,3209,7312663
TOSHIBA_20MG07ACA14TA,LSTM,51,val,disk_opt,0.151,0.225764,0.137075,0.17058,0.000395,0.816052,850,2915,5351,7382894
TOSHIBA_20MG07ACA14TA,LSTM,51,test,row_opt,0.004,0.035682,0.489389,0.066515,0.011303,0.850333,3090,83508,3224,7304906
TOSHIBA_20MG07ACA14TA,LSTM,51,test,disk_opt,0.151,0.226949,0.146183,0.177825,0.000426,0.850333,923,3144,5391,7385270
TOSHIBA_20MG07ACA14TA,LSTM,52,val,row_opt,0.005,0.041314,0.485244,0.076145,0.009454,0.818683,3009,69823,3192,7315986
TOSHIBA_20MG07ACA14TA,LSTM,52,val,disk_opt,0.194,0.205752,0.149976,0.173491,0.000486,0.818683,930,3590,5271,7382219
TOSHIBA_20MG07ACA14TA,LSTM,52,test,row_opt,0.005,0.035231,0.468958,0.065539,0.010974,0.849982,2961,81084,3353,7307330
TOSHIBA_20MG07ACA14TA,LSTM,52,test,disk_opt,0.194,0.238896,0.175483,0.202337,0.000478,0.849982,1108,3530,5206,7384884
TOSHIBA_20MG07ACA14TA,LSTM,53,val,row_opt,0.004,0.04696,0.470892,0.085404,0.008023,0.800119,2920,59260,3281,7326549
TOSHIBA_20MG07ACA14TA,LSTM,53,val,disk_opt,0.109,0.232321,0.191259,0.2098,0.000531,0.800119,1186,3919,5015,7381890
TOSHIBA_20MG07ACA14TA,LSTM,53,test,row_opt,0.004,0.041447,0.474976,0.076242,0.009387,0.851232,2999,69358,3315,7319056
TOSHIBA_20MG07ACA14TA,LSTM,53,test,disk_opt,0.109,0.188343,0.207792,0.19759,0.000765,0.851232,1312,5654,5002,7382760
TOSHIBA_20MG07ACA14TA,LSTM,54,val,row_opt,0.004,0.044313,0.470892,0.081003,0.008526,0.804268,2920,62975,3281,7322834
TOSHIBA_20MG07ACA14TA,LSTM,54,val,disk_opt,0.092,0.16192,0.2219,0.187224,0.000964,0.804268,1376,7122,4825,7378687
TOSHIBA_20MG07ACA14TA,LSTM,54,test,row_opt,0.004,0.039849,0.471334,0.073486,0.009705,0.851969,2976,71705,3338,7316709
TOSHIBA_20MG07ACA14TA,LSTM,54,test,disk_opt,0.092,0.165318,0.197339,0.179915,0.000851,0.851969,1246,6291,5068,7382123
TOSHIBA_20MG07ACA14TA,LSTM,55,val,row_opt,0.004,0.040433,0.465248,0.0744,0.00927,0.800845,2885,68468,3316,7317341
TOSHIBA_20MG07ACA14TA,LSTM,55,val,disk_opt,0.219,0.286515,0.115465,0.164598,0.000241,0.800845,716,1783,5485,7384026
TOSHIBA_20MG07ACA14TA,LSTM,55,test,row_opt,0.004,0.035767,0.463098,0.066405,0.010669,0.845683,2924,78827,3390,7309587
TOSHIBA_20MG07ACA14TA,LSTM,55,test,disk_opt,0.219,0.252395,0.121001,0.16358,0.000306,0.845683,764,2263,5550,7386151
TOSHIBA_20MG07ACA14TA,LSTM,56,val,row_opt,0.004,0.045554,0.484115,0.083272,0.008516,0.811671,3002,62898,3199,7322911
TOSHIBA_20MG07ACA14TA,LSTM,56,val,disk_opt,0.171,0.260338,0.14417,0.185573,0.000344,0.811671,894,2540,5307,7383269
TOSHIBA_20MG07ACA14TA,LSTM,56,test,row_opt,0.004,0.041711,0.474818,0.076686,0.009322,0.851194,2998,68877,3316,7319537
TOSHIBA_20MG07ACA14TA,LSTM,56,test,disk_opt,0.171,0.218543,0.141115,0.171495,0.000431,0.851194,891,3186,5423,7385228
TOSHIBA_20MG07ACA14TA,LSTM,57,val,row_opt,0.004,0.044428,0.462667,0.08107,0.008355,0.807609,2869,61708,3332,7324101
TOSHIBA_20MG07ACA14TA,LSTM,57,val,disk_opt,0.219,0.28984,0.134333,0.183581,0.000276,0.807609,833,2041,5368,7383768
TOSHIBA_20MG07ACA14TA,LSTM,57,test,row_opt,0.004,0.042064,0.47561,0.077291,0.009256,0.850098,3003,68389,3311,7320025
TOSHIBA_20MG07ACA14TA,LSTM,57,test,disk_opt,0.219,0.205313,0.139531,0.166148,0.000462,0.850098,881,3410,5433,7385004
TOSHIBA_20MG07ACA14TA,LSTM,58,val,row_opt,0.005,0.044345,0.480568,0.081197,0.008695,0.802206,2980,64221,3221,7321588
TOSHIBA_20MG07ACA14TA,LSTM,58,val,disk_opt,0.232,0.266129,0.149008,0.191047,0.000345,0.802206,924,2548,5277,7383261
TOSHIBA_20MG07ACA14TA,LSTM,58,test,row_opt,0.005,0.041817,0.485746,0.077005,0.009512,0.853648,3067,70276,3247,7318138
TOSHIBA_20MG07ACA14TA,LSTM,58,test,disk_opt,0.232,0.206721,0.160754,0.180862,0.000527,0.853648,1015,3895,5299,7384519
TOSHIBA_20MG07ACA14TA,LSTM,59,val,row_opt,0.005,0.040661,0.484438,0.075025,0.009596,0.803239,3004,70875,3197,7314934
TOSHIBA_20MG07ACA14TA,LSTM,59,val,disk_opt,0.167,0.211604,0.159974,0.182202,0.0005,0.803239,992,3696,5209,7382113
TOSHIBA_20MG07ACA14TA,LSTM,59,test,row_opt,0.005,0.037323,0.474501,0.069203,0.010459,0.84725,2996,77276,3318,7311138
TOSHIBA_20MG07ACA14TA,LSTM,59,test,disk_opt,0.167,0.19328,0.17675,0.184646,0.00063,0.84725,1116,4658,5198,7383756
TOSHIBA_20MG07ACA14TA,LSTM,60,val,row_opt,0.004,0.041202,0.485567,0.075959,0.009487,0.809388,3011,70068,3190,7315741
TOSHIBA_20MG07ACA14TA,LSTM,60,val,disk_opt,0.158,0.225775,0.151427,0.181274,0.000436,0.809388,939,3220,5262,7382589
TOSHIBA_20MG07ACA14TA,LSTM,60,test,row_opt,0.004,0.037919,0.490181,0.070393,0.010628,0.850985,3095,78526,3219,7309888
TOSHIBA_20MG07ACA14TA,LSTM,60,test,disk_opt,0.158,0.18264,0.169623,0.175891,0.000649,0.850985,1071,4793,5243,7383621
TOSHIBA_20MG07ACA14TA,LSTM,61,val,row_opt,0.005,0.041298,0.481697,0.076074,0.009388,0.815027,2987,69341,3214,7316468
TOSHIBA_20MG07ACA14TA,LSTM,61,val,disk_opt,0.204,0.311232,0.138526,0.19172,0.000257,0.815027,859,1901,5342,7383908
TOSHIBA_20MG07ACA14TA,LSTM,61,test,row_opt,0.005,0.038824,0.491923,0.071968,0.010408,0.850197,3106,76896,3208,7311518
TOSHIBA_20MG07ACA14TA,LSTM,61,test,disk_opt,0.204,0.203952,0.152043,0.174213,0.000507,0.850197,960,3747,5354,7384667
TOSHIBA_20MG07ACA14TA,LSTM,62,val,row_opt,0.004,0.045148,0.465893,0.082318,0.008273,0.80721,2889,61101,3312,7324708
TOSHIBA_20MG07ACA14TA,LSTM,62,val,disk_opt,0.197,0.284984,0.143848,0.191191,0.000303,0.80721,892,2238,5309,7383571
TOSHIBA_20MG07ACA14TA,LSTM,62,test,row_opt,0.004,0.041963,0.474343,0.077104,0.009255,0.850581,2995,68378,3319,7320036
TOSHIBA_20MG07ACA14TA,LSTM,62,test,disk_opt,0.197,0.218797,0.138264,0.169449,0.000422,0.850581,873,3117,5441,7385297
TOSHIBA_20MG07ACA14TA,GRU,42,val,row_opt,0.004,0.048356,0.483632,0.087921,0.007991,0.810928,2999,59020,3202,7326789
TOSHIBA_20MG07ACA14TA,GRU,42,val,disk_opt,0.107,0.250544,0.185615,0.213247,0.000466,0.810928,1151,3443,5050,7382366
TOSHIBA_20MG07ACA14TA,GRU,42,test,row_opt,0.004,0.043909,0.480995,0.080473,0.00895,0.853203,3037,66128,3277,7322286
TOSHIBA_20MG07ACA14TA,GRU,42,test,disk_opt,0.107,0.208481,0.17675,0.191309,0.000573,0.853203,1116,4237,5198,7384177
TOSHIBA_20MG07ACA14TA,GRU,43,val,row_opt,0.006,0.043998,0.467505,0.080427,0.008529,0.805095,2899,62990,3302,7322819
TOSHIBA_20MG07ACA14TA,GRU,43,val,disk_opt,0.086,0.179725,0.218997,0.197427,0.000839,0.805095,1358,6198,4843,7379611
TOSHIBA_20MG07ACA14TA,GRU,43,test,row_opt,0.006,0.040506,0.475927,0.074657,0.009634,0.838807,3005,71182,3309,7317232
TOSHIBA_20MG07ACA14TA,GRU,43,test,disk_opt,0.086,0.148042,0.17184,0.159056,0.000845,0.838807,1085,6244,5229,7382170
TOSHIBA_20MG07ACA14TA,GRU,44,val,row_opt,0.004,0.041925,0.483309,0.077157,0.009273,0.807735,2997,68488,3204,7317321
TOSHIBA_20MG07ACA14TA,GRU,44,val,disk_opt,0.097,0.192749,0.2169,0.204113,0.000763,0.807735,1345,5633,4856,7380176
TOSHIBA_20MG07ACA14TA,GRU,44,test,row_opt,0.004,0.03607,0.487013,0.067166,0.011122,0.850103,3075,82175,3239,7306239
TOSHIBA_20MG07ACA14TA,GRU,44,test,disk_opt,0.097,0.144885,0.195597,0.166464,0.000987,0.850103,1235,7289,5079,7381125
TOSHIBA_20MG07ACA14TA,GRU,45,val,row_opt,0.004,0.039782,0.482987,0.07351,0.009788,0.807597,2995,72290,3206,7313519
TOSHIBA_20MG07ACA14TA,GRU,45,val,disk_opt,0.118,0.237069,0.203999,0.219294,0.000551,0.807597,1265,4071,4936,7381738
TOSHIBA_20MG07ACA14TA,GRU,45,test,row_opt,0.004,0.036085,0.477194,0.067096,0.010893,0.848086,3013,80484,3301,7307930
TOSHIBA_20MG07ACA14TA,GRU,45,test,disk_opt,0.118,0.162406,0.202249,0.180151,0.000891,0.848086,1277,6586,5037,7381828
TOSHIBA_20MG07ACA14TA,GRU,46,val,row_opt,0.004,0.044399,0.473149,0.08118,0.00855,0.816701,2934,63149,3267,7322660
TOSHIBA_20MG07ACA14TA,GRU,46,val,disk_opt,0.163,0.218457,0.184003,0.199755,0.000553,0.816701,1141,4082,5060,7381727
TOSHIBA_20MG07ACA14TA,GRU,46,test,row_opt,0.004,0.039427,0.493506,0.07302,0.010275,0.847982,3116,75916,3198,7312498
TOSHIBA_20MG07ACA14TA,GRU,46,test,disk_opt,0.163,0.212094,0.18942,0.200117,0.000601,0.847982,1196,4443,5118,7383971
TOSHIBA_20MG07ACA14TA,GRU,47,val,row_opt,0.005,0.041081,0.499597,0.075919,0.009791,0.810149,3098,72314,3103,7313495
TOSHIBA_20MG07ACA14TA,GRU,47,val,disk_opt,0.178,0.247666,0.162554,0.196281,0.000415,0.810149,1008,3062,5193,7382747
TOSHIBA_20MG07ACA14TA,GRU,47,test,row_opt,0.005,0.035384,0.492239,0.066022,0.011468,0.856395,3108,84728,3206,7303686
TOSHIBA_20MG07ACA14TA,GRU,47,test,disk_opt,0.178,0.233541,0.172474,0.198415,0.000484,0.856395,1089,3574,5225,7384840
TOSHIBA_20MG07ACA14TA,GRU,48,val,row_opt,0.005,0.045164,0.487502,0.082669,0.008653,0.808326,3023,63911,3178,7321898
TOSHIBA_20MG07ACA14TA,GRU,48,val,disk_opt,0.109,0.224658,0.180132,0.199946,0.000522,0.808326,1117,3855,5084,7381954
TOSHIBA_20MG07ACA14TA,GRU,48,test,row_opt,0.005,0.04497,0.474501,0.082154,0.008612,0.849099,2996,63626,3318,7324788
TOSHIBA_20MG07ACA14TA,GRU,48,test,disk_opt,0.109,0.188157,0.170098,0.178672,0.000627,0.849099,1074,4634,5240,7383780
TOSHIBA_20MG07ACA14TA,GRU,49,val,row_opt,0.004,0.040377,0.483954,0.074535,0.009657,0.805663,3001,71324,3200,7314485
TOSHIBA_20MG07ACA14TA,GRU,49,val,disk_opt,0.135,0.231865,0.168037,0.194857,0.000467,0.805663,1042,3452,5159,7382357
TOSHIBA_20MG07ACA14TA,GRU,49,test,row_opt,0.004,0.036127,0.480519,0.067202,0.010956,0.845748,3034,80947,3280,7307467
TOSHIBA_20MG07ACA14TA,GRU,49,test,disk_opt,0.135,0.213995,0.191796,0.202288,0.000602,0.845748,1211,4448,5103,7383966
TOSHIBA_20MG07ACA14TA,GRU,50,val,row_opt,0.004,0.048539,0.473633,0.088054,0.007795,0.804765,2937,57571,3264,7328238
TOSHIBA_20MG07ACA14TA,GRU,50,val,disk_opt,0.122,0.19113,0.226576,0.207349,0.000805,0.804765,1405,5946,4796,7379863
TOSHIBA_20MG07ACA14TA,GRU,50,test,row_opt,0.004,0.041305,0.475927,0.076013,0.00944,0.850808,3005,69746,3309,7318668
TOSHIBA_20MG07ACA14TA,GRU,50,test,disk_opt,0.122,0.200249,0.203991,0.202103,0.000696,0.850808,1288,5144,5026,7383270
TOSHIBA_20MG07ACA14TA,GRU,51,val,row_opt,0.004,0.042893,0.488792,0.078865,0.009157,0.7999,3031,67634,3170,7318175
TOSHIBA_20MG07ACA14TA,GRU,51,val,disk_opt,0.127,0.196149,0.202064,0.199063,0.000695,0.7999,1253,5135,4948,7380674
TOSHIBA_20MG07ACA14TA,GRU,51,test,row_opt,0.004,0.038331,0.473076,0.070916,0.010143,0.852498,2987,74939,3327,7313475
TOSHIBA_20MG07ACA14TA,GRU,51,test,disk_opt,0.127,0.179465,0.197656,0.188122,0.000772,0.852498,1248,5706,5066,7382708
TOSHIBA_20MG07ACA14TA,GRU,52,val,row_opt,0.005,0.043164,0.467667,0.079034,0.008704,0.809151,2900,64285,3301,7321524
TOSHIBA_20MG07ACA14TA,GRU,52,val,disk_opt,0.114,0.166586,0.223029,0.190719,0.000937,0.809151,1383,6919,4818,7378890
TOSHIBA_20MG07ACA14TA,GRU,52,test,row_opt,0.005,0.03582,0.473076,0.066598,0.010882,0.835818,2987,80402,3327,7308012
TOSHIBA_20MG07ACA14TA,GRU,52,test,disk_opt,0.114,0.152171,0.203674,0.174196,0.00097,0.835818,1286,7165,5028,7381249
TOSHIBA_20MG07ACA14TA,GRU,53,val,row_opt,0.004,0.042838,0.484761,0.078719,0.009094,0.809971,3006,67166,3195,7318643
TOSHIBA_20MG07ACA14TA,GRU,53,val,disk_opt,0.091,0.19406,0.232866,0.211699,0.000812,0.809971,1444,5997,4757,7379812
TOSHIBA_20MG07ACA14TA,GRU,53,test,row_opt,0.004,0.038383,0.474976,0.071026,0.010169,0.850467,2999,75135,3315,7313279
TOSHIBA_20MG07ACA14TA,GRU,53,test,disk_opt,0.091,0.147603,0.190687,0.166402,0.000941,0.850467,1204,6953,5110,7381461
TOSHIBA_20MG07ACA14TA,GRU,54,val,row_opt,0.006,0.040428,0.478149,0.074552,0.009529,0.804336,2965,70376,3236,7315433
TOSHIBA_20MG07ACA14TA,GRU,54,val,disk_opt,0.089,0.184731,0.238026,0.208019,0.000882,0.804336,1476,6514,4725,7379295
TOSHIBA_20MG07ACA14TA,GRU,54,test,row_opt,0.006,0.034494,0.473868,0.064307,0.011335,0.830684,2992,83748,3322,7304666
TOSHIBA_20MG07ACA14TA,GRU,54,test,disk_opt,0.089,0.176144,0.195755,0.185432,0.000782,0.830684,1236,5781,5078,7382633
TOSHIBA_20MG07ACA14TA,GRU,55,val,row_opt,0.004,0.043597,0.487825,0.08004,0.008985,0.805552,3025,66361,3176,7319448
TOSHIBA_20MG07ACA14TA,GRU,55,val,disk_opt,0.109,0.221263,0.198355,0.209184,0.000586,0.805552,1230,4329,4971,7381480
TOSHIBA_20MG07ACA14TA,GRU,55,test,row_opt,0.004,0.038743,0.478144,0.071679,0.010138,0.852927,3019,74904,3295,7313510
TOSHIBA_20MG07ACA14TA,GRU,55,test,disk_opt,0.109,0.169325,0.17485,0.172043,0.000733,0.852927,1104,5416,5210,7382998
TOSHIBA_20MG07ACA14TA,GRU,56,val,row_opt,0.004,0.050158,0.478149,0.090792,0.007602,0.807032,2965,56148,3236,7329661
TOSHIBA_20MG07ACA14TA,GRU,56,val,disk_opt,0.117,0.210189,0.195614,0.202639,0.000617,0.807032,1213,4558,4988,7381251
TOSHIBA_20MG07ACA14TA,GRU,56,test,row_opt,0.004,0.044664,0.472442,0.081613,0.008636,0.850797,2983,63804,3331,7324610
TOSHIBA_20MG07ACA14TA,GRU,56,test,disk_opt,0.117,0.174661,0.183402,0.178925,0.000741,0.850797,1158,5472,5156,7382942
TOSHIBA_20MG07ACA14TA,GRU,57,val,row_opt,0.004,0.042163,0.483793,0.077565,0.009228,0.809486,3000,68153,3201,7317656
TOSHIBA_20MG07ACA14TA,GRU,57,val,disk_opt,0.148,0.178898,0.183196,0.181021,0.000706,0.809486,1136,5214,5065,7380595
TOSHIBA_20MG07ACA14TA,GRU,57,test,row_opt,0.004,0.038339,0.484004,0.071051,0.010375,0.846493,3056,76653,3258,7311761
TOSHIBA_20MG07ACA14TA,GRU,57,test,disk_opt,0.148,0.201906,0.211435,0.20656,0.000714,0.846493,1335,5277,4979,7383137
TOSHIBA_20MG07ACA14TA,GRU,58,val,row_opt,0.006,0.042691,0.490727,0.078549,0.009239,0.80931,3043,68236,3158,7317573
TOSHIBA_20MG07ACA14TA,GRU,58,val,disk_opt,0.159,0.281676,0.136591,0.18397,0.000292,0.80931,847,2160,5354,7383649
TOSHIBA_20MG07ACA14TA,GRU,58,test,row_opt,0.006,0.039133,0.483212,0.072403,0.010139,0.843627,3051,74913,3263,7313501
TOSHIBA_20MG07ACA14TA,GRU,58,test,disk_opt,0.159,0.244321,0.16012,0.193456,0.000423,0.843627,1011,3127,5303,7385287
TOSHIBA_20MG07ACA14TA,GRU,59,val,row_opt,0.003,0.043995,0.495243,0.08081,0.009035,0.807317,3071,66733,3130,7319076
TOSHIBA_20MG07ACA14TA,GRU,59,val,disk_opt,0.146,0.224231,0.179971,0.199678,0.000523,0.807317,1116,3861,5085,7381948
TOSHIBA_20MG07ACA14TA,GRU,59,test,row_opt,0.003,0.035954,0.477985,0.066878,0.010953,0.86288,3018,80922,3296,7307492
TOSHIBA_20MG07ACA14TA,GRU,59,test,disk_opt,0.146,0.194055,0.181977,0.187822,0.000646,0.86288,1149,4772,5165,7383642
TOSHIBA_20MG07ACA14TA,GRU,60,val,row_opt,0.005,0.04293,0.470892,0.078687,0.008814,0.799712,2920,65097,3281,7320712
TOSHIBA_20MG07ACA14TA,GRU,60,val,disk_opt,0.103,0.181641,0.254959,0.212144,0.000964,0.799712,1581,7123,4620,7378686
TOSHIBA_20MG07ACA14TA,GRU,60,test,row_opt,0.005,0.036411,0.468008,0.067565,0.010584,0.830404,2955,78202,3359,7310212
TOSHIBA_20MG07ACA14TA,GRU,60,test,disk_opt,0.103,0.174307,0.219195,0.194191,0.000887,0.830404,1384,6556,4930,7381858
TOSHIBA_20MG07ACA14TA,GRU,61,val,row_opt,0.005,0.043522,0.480084,0.079809,0.008858,0.808369,2977,65425,3224,7320384
TOSHIBA_20MG07ACA14TA,GRU,61,val,disk_opt,0.133,0.219716,0.157071,0.183186,0.000468,0.808369,974,3459,5227,7382350
TOSHIBA_20MG07ACA14TA,GRU,61,test,row_opt,0.005,0.03975,0.467057,0.073265,0.009642,0.849116,2949,71239,3365,7317175
TOSHIBA_20MG07ACA14TA,GRU,61,test,disk_opt,0.133,0.186704,0.167247,0.176441,0.000623,0.849116,1056,4600,5258,7383814
TOSHIBA_20MG07ACA14TA,GRU,62,val,row_opt,0.005,0.042932,0.481374,0.078833,0.00901,0.811749,2985,66544,3216,7319265
TOSHIBA_20MG07ACA14TA,GRU,62,val,disk_opt,0.151,0.216199,0.167876,0.188998,0.000511,0.811749,1041,3774,5160,7382035
TOSHIBA_20MG07ACA14TA,GRU,62,test,row_opt,0.005,0.038263,0.486063,0.070941,0.010441,0.847848,3069,77139,3245,7311275
TOSHIBA_20MG07ACA14TA,GRU,62,test,disk_opt,0.151,0.193512,0.162496,0.176653,0.000579,0.847848,1026,4276,5288,7384138
TOSHIBA_20MG07ACA14TA,XGB,42,val,row_opt,0.002,0.068771,0.424448,0.118364,0.004825,0.774732,2632,35640,3569,7350169
TOSHIBA_20MG07ACA14TA,XGB,42,val,disk_opt,0.063,0.13079,0.219481,0.163907,0.001225,0.774732,1361,9045,4840,7376764
TOSHIBA_20MG07ACA14TA,XGB,42,test,row_opt,0.002,0.065734,0.43364,0.114162,0.005267,0.82465,2738,38915,3576,7349499
TOSHIBA_20MG07ACA14TA,XGB,42,test,disk_opt,0.063,0.143905,0.208109,0.170152,0.001058,0.82465,1314,7817,5000,7380597
TOSHIBA_20MG07ACA14TA,XGB,43,val,row_opt,0.003,0.040114,0.422512,0.073271,0.008488,0.777752,2620,62694,3581,7323115
TOSHIBA_20MG07ACA14TA,XGB,43,val,disk_opt,0.117,0.127346,0.210127,0.158583,0.001209,0.777752,1303,8929,4898,7376880
TOSHIBA_20MG07ACA14TA,XGB,43,test,row_opt,0.003,0.038287,0.451378,0.070586,0.009689,0.84605,2850,71588,3464,7316826
TOSHIBA_20MG07ACA14TA,XGB,43,test,disk_opt,0.117,0.167164,0.221888,0.190677,0.000945,0.84605,1401,6980,4913,7381434
TOSHIBA_20MG07ACA14TA,XGB,44,val,row_opt,0.002,0.039392,0.452508,0.072476,0.009265,0.791802,2806,68426,3395,7317383
TOSHIBA_20MG07ACA14TA,XGB,44,val,disk_opt,0.094,0.119899,0.213675,0.153605,0.001317,0.791802,1325,9726,4876,7376083
TOSHIBA_20MG07ACA14TA,XGB,44,test,row_opt,0.002,0.037994,0.462464,0.070219,0.010007,0.854037,2920,73934,3394,7314480
TOSHIBA_20MG07ACA14TA,XGB,44,test,disk_opt,0.094,0.133063,0.213019,0.163805,0.001186,0.854037,1345,8763,4969,7379651
TOSHIBA_20MG07ACA14TA,XGB,45,val,row_opt,0.001,0.041059,0.458636,0.07537,0.008993,0.764958,2844,66423,3357,7319386
TOSHIBA_20MG07ACA14TA,XGB,45,val,disk_opt,0.061,0.150251,0.202709,0.172582,0.000963,0.764958,1257,7109,4944,7378700
TOSHIBA_20MG07ACA14TA,XGB,45,test,row_opt,0.001,0.044321,0.477035,0.081106,0.00879,0.814208,3012,64947,3302,7323467
TOSHIBA_20MG07ACA14TA,XGB,45,test,disk_opt,0.061,0.216963,0.212702,0.214811,0.000656,0.814208,1343,4847,4971,7383567
TOSHIBA_20MG07ACA14TA,XGB,46,val,row_opt,0.001,0.043479,0.419771,0.078796,0.007753,0.735887,2603,57265,3598,7328544
TOSHIBA_20MG07ACA14TA,XGB,46,val,disk_opt,0.06,0.144775,0.21561,0.173231,0.001069,0.735887,1337,7898,4864,7377911
TOSHIBA_20MG07ACA14TA,XGB,46,test,row_opt,0.001,0.042581,0.432214,0.077525,0.008305,0.794073,2729,61360,3585,7327054
TOSHIBA_20MG07ACA14TA,XGB,46,test,disk_opt,0.06,0.176456,0.233133,0.200873,0.00093,0.794073,1472,6870,4842,7381544
TOSHIBA_20MG07ACA14TA,XGB,47,val,row_opt,0.001,0.041747,0.431866,0.076135,0.008323,0.764655,2678,61470,3523,7324339
TOSHIBA_20MG07ACA14TA,XGB,47,val,disk_opt,0.062,0.131503,0.199323,0.158462,0.001105,0.764655,1236,8163,4965,7377646
TOSHIBA_20MG07ACA14TA,XGB,47,test,row_opt,0.001,0.048371,0.445835,0.087273,0.007496,0.814593,2815,55381,3499,7333033
TOSHIBA_20MG07ACA14TA,XGB,47,test,disk_opt,0.062,0.17388,0.216978,0.193053,0.000881,0.814593,1370,6509,4944,7381905
TOSHIBA_20MG07ACA14TA,XGB,48,val,row_opt,0.004,0.03843,0.439929,0.070685,0.009242,0.79439,2728,68258,3473,7317551
TOSHIBA_20MG07ACA14TA,XGB,48,val,disk_opt,0.208,0.171987,0.177229,0.174569,0.000716,0.79439,1099,5291,5102,7380518
TOSHIBA_20MG07ACA14TA,XGB,48,test,row_opt,0.004,0.039266,0.464682,0.072413,0.009716,0.850078,2934,71787,3380,7316627
TOSHIBA_20MG07ACA14TA,XGB,48,test,disk_opt,0.208,0.110744,0.159328,0.130666,0.001093,0.850078,1006,8078,5308,7380336
TOSHIBA_20MG07ACA14TA,XGB,49,val,row_opt,0.001,0.039805,0.46944,0.073387,0.009508,0.764768,2911,70221,3290,7315588
TOSHIBA_20MG07ACA14TA,XGB,49,val,disk_opt,0.063,0.147239,0.205128,0.171429,0.000997,0.764768,1272,7367,4929,7378442
TOSHIBA_20MG07ACA14TA,XGB,49,test,row_opt,0.001,0.033723,0.48242,0.063039,0.011813,0.814223,3046,87279,3268,7301135
TOSHIBA_20MG07ACA14TA,XGB,49,test,disk_opt,0.063,0.22119,0.226164,0.223649,0.000681,0.814223,1428,5028,4886,7383386
TOSHIBA_20MG07ACA14TA,XGB,50,val,row_opt,0.001,0.04175,0.458313,0.076528,0.008832,0.76912,2842,65230,3359,7320579
TOSHIBA_20MG07ACA14TA,XGB,50,val,disk_opt,0.063,0.150557,0.202709,0.172784,0.00096,0.76912,1257,7092,4944,7378717
TOSHIBA_20MG07ACA14TA,XGB,50,test,row_opt,0.001,0.044655,0.475135,0.081637,0.008687,0.809686,3000,64182,3314,7324232
TOSHIBA_20MG07ACA14TA,XGB,50,test,disk_opt,0.063,0.213399,0.206842,0.210069,0.000652,0.809686,1306,4814,5008,7383600
TOSHIBA_20MG07ACA14TA,XGB,51,val,row_opt,0.001,0.040683,0.459926,0.074754,0.009105,0.781585,2852,67251,3349,7318558
TOSHIBA_20MG07ACA14TA,XGB,51,val,disk_opt,0.055,0.131884,0.236736,0.169398,0.001308,0.781585,1468,9663,4733,7376146
TOSHIBA_20MG07ACA14TA,XGB,51,test,row_opt,0.001,0.044258,0.478936,0.081029,0.008838,0.824748,3024,65302,3290,7323112
TOSHIBA_20MG07ACA14TA,XGB,51,test,disk_opt,0.055,0.16883,0.253405,0.202647,0.001066,0.824748,1600,7877,4714,7380537
TOSHIBA_20MG07ACA14TA,XGB,52,val,row_opt,0.001,0.038799,0.458474,0.071543,0.009536,0.769057,2843,70433,3358,7315376
TOSHIBA_20MG07ACA14TA,XGB,52,val,disk_opt,0.063,0.156793,0.192066,0.172646,0.000867,0.769057,1191,6405,5010,7379404
TOSHIBA_20MG07ACA14TA,XGB,52,test,row_opt,0.001,0.044155,0.482578,0.080907,0.008927,0.809776,3047,65960,3267,7322454
TOSHIBA_20MG07ACA14TA,XGB,52,test,disk_opt,0.063,0.222011,0.203199,0.212189,0.000609,0.809776,1283,4496,5031,7383918
TOSHIBA_20MG07ACA14TA,XGB,53,val,row_opt,0.002,0.051545,0.418965,0.091796,0.006473,0.777689,2598,47805,3603,7338004
TOSHIBA_20MG07ACA14TA,XGB,53,val,disk_opt,0.068,0.116141,0.217223,0.151357,0.001388,0.777689,1347,10251,4854,7375558
TOSHIBA_20MG07ACA14TA,XGB,53,test,row_opt,0.002,0.052093,0.427463,0.092869,0.006647,0.838271,2699,49112,3615,7339302
TOSHIBA_20MG07ACA14TA,XGB,53,test,disk_opt,0.068,0.13215,0.206367,0.161123,0.001158,0.838271,1303,8557,5011,7379857
TOSHIBA_20MG07ACA14TA,XGB,54,val,row_opt,0.002,0.050374,0.418481,0.089923,0.006624,0.775754,2595,48920,3606,7336889
TOSHIBA_20MG07ACA14TA,XGB,54,val,disk_opt,0.065,0.124685,0.223512,0.160074,0.001317,0.775754,1386,9730,4815,7376079
TOSHIBA_20MG07ACA14TA,XGB,54,test,row_opt,0.002,0.057389,0.458505,0.10201,0.006436,0.840528,2895,47550,3419,7340864
TOSHIBA_20MG07ACA14TA,XGB,54,test,disk_opt,0.065,0.138327,0.230757,0.172968,0.001228,0.840528,1457,9076,4857,7379338
TOSHIBA_20MG07ACA14TA,XGB,55,val,row_opt,0.001,0.0407,0.458636,0.074765,0.009076,0.764818,2844,67033,3357,7318776
TOSHIBA_20MG07ACA14TA,XGB,55,val,disk_opt,0.065,0.121415,0.219803,0.156424,0.001335,0.764818,1363,9863,4838,7375946
TOSHIBA_20MG07ACA14TA,XGB,55,test,row_opt,0.001,0.044615,0.477669,0.081608,0.008741,0.814142,3016,64584,3298,7323830
TOSHIBA_20MG07ACA14TA,XGB,55,test,disk_opt,0.065,0.143415,0.220938,0.173929,0.001128,0.814142,1395,8332,4919,7380082
TOSHIBA_20MG07ACA14TA,XGB,56,val,row_opt,0.002,0.061084,0.396549,0.105861,0.005118,0.774348,2459,37797,3742,7348012
TOSHIBA_20MG07ACA14TA,XGB,56,val,disk_opt,0.063,0.149499,0.177875,0.162457,0.00085,0.774348,1103,6275,5098,7379534
TOSHIBA_20MG07ACA14TA,XGB,56,test,row_opt,0.002,0.070678,0.393095,0.119814,0.004417,0.834973,2482,32635,3832,7355779
TOSHIBA_20MG07ACA14TA,XGB,56,test,disk_opt,0.063,0.202457,0.15141,0.173251,0.00051,0.834973,956,3766,5358,7384648
TOSHIBA_20MG07ACA14TA,XGB,57,val,row_opt,0.004,0.042497,0.427995,0.077316,0.008096,0.796527,2654,59798,3547,7326011
TOSHIBA_20MG07ACA14TA,XGB,57,val,disk_opt,0.165,0.154129,0.182712,0.167208,0.000842,0.796527,1133,6218,5068,7379591
TOSHIBA_20MG07ACA14TA,XGB,57,test,row_opt,0.004,0.046198,0.442192,0.083657,0.007802,0.859559,2792,57643,3522,7330771
TOSHIBA_20MG07ACA14TA,XGB,57,test,disk_opt,0.165,0.121809,0.175325,0.143748,0.00108,0.859559,1107,7981,5207,7380433
TOSHIBA_20MG07ACA14TA,XGB,58,val,row_opt,0.002,0.071835,0.404935,0.122024,0.004393,0.77486,2511,32444,3690,7353365
TOSHIBA_20MG07ACA14TA,XGB,58,val,disk_opt,0.035,0.139893,0.256572,0.181063,0.001324,0.77486,1591,9782,4610,7376027
TOSHIBA_20MG07ACA14TA,XGB,58,test,row_opt,0.002,0.080693,0.412575,0.134985,0.004017,0.829328,2605,29678,3709,7358736
TOSHIBA_20MG07ACA14TA,XGB,58,test,disk_opt,0.035,0.172565,0.261799,0.208016,0.001073,0.829328,1653,7926,4661,7380488
TOSHIBA_20MG07ACA14TA,XGB,59,val,row_opt,0.001,0.039549,0.458958,0.072823,0.009358,0.767403,2846,69115,3355,7316694
TOSHIBA_20MG07ACA14TA,XGB,59,val,disk_opt,0.138,0.14776,0.199968,0.169944,0.000968,0.767403,1240,7152,4961,7378657
TOSHIBA_20MG07ACA14TA,XGB,59,test,row_opt,0.001,0.042802,0.477669,0.078564,0.009129,0.791045,3016,67448,3298,7320966
TOSHIBA_20MG07ACA14TA,XGB,59,test,disk_opt,0.138,0.208696,0.190054,0.198939,0.000616,0.791045,1200,4550,5114,7383864
TOSHIBA_20MG07ACA14TA,XGB,60,val,row_opt,0.003,0.036664,0.447508,0.067775,0.009872,0.792653,2775,72913,3426,7312896
TOSHIBA_20MG07ACA14TA,XGB,60,val,disk_opt,0.15,0.125013,0.194485,0.152196,0.001143,0.792653,1206,8441,4995,7377368
TOSHIBA_20MG07ACA14TA,XGB,60,test,row_opt,0.003,0.035806,0.462306,0.066464,0.010639,0.855431,2919,78604,3395,7309810
TOSHIBA_20MG07ACA14TA,XGB,60,test,disk_opt,0.15,0.105538,0.163288,0.12821,0.001183,0.855431,1031,8738,5283,7379676
TOSHIBA_20MG07ACA14TA,XGB,61,val,row_opt,0.002,0.047954,0.42606,0.086206,0.007102,0.769945,2642,52452,3559,7333357
TOSHIBA_20MG07ACA14TA,XGB,61,val,disk_opt,0.068,0.123183,0.226899,0.159678,0.001356,0.769945,1407,10015,4794,7375794
TOSHIBA_20MG07ACA14TA,XGB,61,test,row_opt,0.002,0.05088,0.452328,0.091471,0.007211,0.844287,2856,53276,3458,7335138
TOSHIBA_20MG07ACA14TA,XGB,61,test,disk_opt,0.068,0.138232,0.221096,0.170109,0.001178,0.844287,1396,8703,4918,7379711
TOSHIBA_20MG07ACA14TA,XGB,62,val,row_opt,0.001,0.037795,0.458313,0.069831,0.009796,0.766263,2842,72354,3359,7313455
TOSHIBA_20MG07ACA14TA,XGB,62,val,disk_opt,0.086,0.1383,0.2398,0.175426,0.001254,0.766263,1487,9265,4714,7376544
TOSHIBA_20MG07ACA14TA,XGB,62,test,row_opt,0.001,0.040845,0.479569,0.075278,0.009624,0.798272,3028,71106,3286,7317308
TOSHIBA_20MG07ACA14TA,XGB,62,test,disk_opt,0.086,0.185127,0.240893,0.20936,0.000906,0.798272,1521,6695,4793,7381719
TOSHIBA_20MG07ACA14TA,LGBM,42,val,row_opt,0.002,0.067728,0.417675,0.116556,0.004827,0.719053,2590,35651,3611,7350158
TOSHIBA_20MG07ACA14TA,LGBM,42,val,disk_opt,0.129,0.148524,0.184164,0.164435,0.000886,0.719053,1142,6547,5059,7379262
TOSHIBA_20MG07ACA14TA,LGBM,42,test,row_opt,0.002,0.074415,0.398321,0.125402,0.004234,0.727309,2515,31282,3799,7357132
TOSHIBA_20MG07ACA14TA,LGBM,42,test,disk_opt,0.129,0.204622,0.183719,0.193608,0.00061,0.727309,1160,4509,5154,7383905
TOSHIBA_20MG07ACA14TA,LGBM,43,val,row_opt,0.001,0.075143,0.365425,0.124653,0.003776,0.681067,2266,27890,3935,7357919
TOSHIBA_20MG07ACA14TA,LGBM,43,val,disk_opt,0.055,0.114743,0.210611,0.148553,0.001364,0.681067,1306,10076,4895,7375733
TOSHIBA_20MG07ACA14TA,LGBM,43,test,row_opt,0.001,0.084446,0.391828,0.138946,0.00363,0.694386,2474,26823,3840,7361591
TOSHIBA_20MG07ACA14TA,LGBM,43,test,disk_opt,0.055,0.134997,0.25879,0.177435,0.001417,0.694386,1634,10470,4680,7377944
TOSHIBA_20MG07ACA14TA,LGBM,44,val,row_opt,0.001,0.075143,0.365425,0.124653,0.003776,0.68109,2266,27890,3935,7357919
TOSHIBA_20MG07ACA14TA,LGBM,44,val,disk_opt,0.137,0.163428,0.211579,0.184412,0.000909,0.68109,1312,6716,4889,7379093
TOSHIBA_20MG07ACA14TA,LGBM,44,test,row_opt,0.001,0.084446,0.391828,0.138946,0.00363,0.694391,2474,26823,3840,7361591
TOSHIBA_20MG07ACA14TA,LGBM,44,test,disk_opt,0.137,0.231705,0.217137,0.224184,0.000615,0.694391,1371,4546,4943,7383868
TOSHIBA_20MG07ACA14TA,LGBM,45,val,row_opt,0.002,0.064804,0.438478,0.11292,0.005313,0.763881,2719,39238,3482,7346571
TOSHIBA_20MG07ACA14TA,LGBM,45,val,disk_opt,0.193,0.116907,0.173843,0.1398,0.001103,0.763881,1078,8143,5123,7377666
TOSHIBA_20MG07ACA14TA,LGBM,45,test,row_opt,0.002,0.066981,0.434748,0.116077,0.005175,0.775058,2745,38237,3569,7350177
TOSHIBA_20MG07ACA14TA,LGBM,45,test,disk_opt,0.193,0.223197,0.197498,0.209562,0.000587,0.775058,1247,4340,5067,7384074
TOSHIBA_20MG07ACA14TA,LGBM,46,val,row_opt,0.001,0.072412,0.365425,0.120873,0.00393,0.681007,2266,29027,3935,7356782
TOSHIBA_20MG07ACA14TA,LGBM,46,val,disk_opt,0.215,0.141423,0.181745,0.159068,0.000926,0.681007,1127,6842,5074,7378967
TOSHIBA_20MG07ACA14TA,LGBM,46,test,row_opt,0.001,0.084446,0.391828,0.138946,0.00363,0.694375,2474,26823,3840,7361591
TOSHIBA_20MG07ACA14TA,LGBM,46,test,disk_opt,0.215,0.25308,0.178967,0.209667,0.000451,0.694375,1130,3335,5184,7385079
TOSHIBA_20MG07ACA14TA,LGBM,47,val,row_opt,0.001,0.075143,0.365425,0.124653,0.003776,0.681109,2266,27890,3935,7357919
TOSHIBA_20MG07ACA14TA,LGBM,47,val,disk_opt,0.128,0.180697,0.189002,0.184756,0.000719,0.681109,1172,5314,5029,7380495
TOSHIBA_20MG07ACA14TA,LGBM,47,test,row_opt,0.001,0.084446,0.391828,0.138946,0.00363,0.694392,2474,26823,3840,7361591
TOSHIBA_20MG07ACA14TA,LGBM,47,test,disk_opt,0.128,0.242634,0.189104,0.21255,0.000504,0.694392,1194,3727,5120,7384687
TOSHIBA_20MG07ACA14TA,LGBM,48,val,row_opt,0.001,0.075143,0.365425,0.124653,0.003776,0.68113,2266,27890,3935,7357919
TOSHIBA_20MG07ACA14TA,LGBM,48,val,disk_opt,0.127,0.190562,0.205128,0.197577,0.000732,0.68113,1272,5403,4929,7380406
TOSHIBA_20MG07ACA14TA,LGBM,48,test,row_opt,0.001,0.084446,0.391828,0.138946,0.00363,0.694396,2474,26823,3840,7361591
TOSHIBA_20MG07ACA14TA,LGBM,48,test,disk_opt,0.127,0.241908,0.204783,0.221803,0.000548,0.694396,1293,4052,5021,7384362
TOSHIBA_20MG07ACA14TA,LGBM,49,val,row_opt,0.001,0.072412,0.365425,0.120873,0.00393,0.68104,2266,29027,3935,7356782
TOSHIBA_20MG07ACA14TA,LGBM,49,val,disk_opt,0.136,0.158463,0.194162,0.174505,0.000866,0.68104,1204,6394,4997,7379415
TOSHIBA_20MG07ACA14TA,LGBM,49,test,row_opt,0.001,0.084446,0.391828,0.138946,0.00363,0.694398,2474,26823,3840,7361591
TOSHIBA_20MG07ACA14TA,LGBM,49,test,disk_opt,0.136,0.24919,0.194964,0.218767,0.000502,0.694398,1231,3709,5083,7384705
TOSHIBA_20MG07ACA14TA,LGBM,50,val,row_opt,0.001,0.075143,0.365425,0.124653,0.003776,0.681115,2266,27890,3935,7357919
TOSHIBA_20MG07ACA14TA,LGBM,50,val,disk_opt,0.131,0.187969,0.194001,0.190937,0.000704,0.681115,1203,5197,4998,7380612
TOSHIBA_20MG07ACA14TA,LGBM,50,test,row_opt,0.001,0.084446,0.391828,0.138946,0.00363,0.694404,2474,26823,3840,7361591
TOSHIBA_20MG07ACA14TA,LGBM,50,test,disk_opt,0.131,0.247143,0.212385,0.22845,0.000553,0.694404,1341,4085,4973,7384329
TOSHIBA_20MG07ACA14TA,LGBM,51,val,row_opt,0.002,0.066245,0.408644,0.114008,0.004836,0.719754,2534,35718,3667,7350091
TOSHIBA_20MG07ACA14TA,LGBM,51,val,disk_opt,0.123,0.1638,0.193517,0.177423,0.000829,0.719754,1200,6126,5001,7379683
TOSHIBA_20MG07ACA14TA,LGBM,51,test,row_opt,0.002,0.076072,0.408141,0.128241,0.004236,0.734199,2577,31299,3737,7357115
TOSHIBA_20MG07ACA14TA,LGBM,51,test,disk_opt,0.123,0.214473,0.19433,0.203905,0.000608,0.734199,1227,4494,5087,7383920
TOSHIBA_20MG07ACA14TA,LGBM,52,val,row_opt,0.002,0.042275,0.424286,0.076889,0.00807,0.776446,2631,59604,3570,7326205
TOSHIBA_20MG07ACA14TA,LGBM,52,val,disk_opt,0.106,0.128725,0.198516,0.156179,0.001128,0.776446,1231,8332,4970,7377477
TOSHIBA_20MG07ACA14TA,LGBM,52,test,row_opt,0.002,0.038789,0.416693,0.070971,0.008824,0.817743,2631,65198,3683,7323216
TOSHIBA_20MG07ACA14TA,LGBM,52,test,disk_opt,0.106,0.11142,0.158853,0.130974,0.001083,0.817743,1003,7999,5311,7380415
TOSHIBA_20MG07ACA14TA,LGBM,53,val,row_opt,0.001,0.075143,0.365425,0.124653,0.003776,0.681051,2266,27890,3935,7357919
TOSHIBA_20MG07ACA14TA,LGBM,53,val,disk_opt,0.055,0.113892,0.222383,0.150636,0.001453,0.681051,1379,10729,4822,7375080
TOSHIBA_20MG07ACA14TA,LGBM,53,test,row_opt,0.001,0.084446,0.391828,0.138946,0.00363,0.694419,2474,26823,3840,7361591
TOSHIBA_20MG07ACA14TA,LGBM,53,test,disk_opt,0.055,0.144408,0.235984,0.179173,0.001195,0.694419,1490,8828,4824,7379586
TOSHIBA_20MG07ACA14TA,LGBM,54,val,row_opt,0.001,0.075143,0.365425,0.124653,0.003776,0.681113,2266,27890,3935,7357919
TOSHIBA_20MG07ACA14TA,LGBM,54,val,disk_opt,0.124,0.181205,0.190614,0.185791,0.000723,0.681113,1182,5341,5019,7380468
TOSHIBA_20MG07ACA14TA,LGBM,54,test,row_opt,0.001,0.083601,0.387551,0.137534,0.00363,0.690119,2447,26823,3867,7361591
TOSHIBA_20MG07ACA14TA,LGBM,54,test,disk_opt,0.124,0.239984,0.191638,0.213103,0.000519,0.690119,1210,3832,5104,7384582
TOSHIBA_20MG07ACA14TA,LGBM,55,val,row_opt,0.001,0.075143,0.365425,0.124653,0.003776,0.681071,2266,27890,3935,7357919
TOSHIBA_20MG07ACA14TA,LGBM,55,val,disk_opt,0.059,0.114821,0.227383,0.152589,0.001472,0.681071,1410,10870,4791,7374939
TOSHIBA_20MG07ACA14TA,LGBM,55,test,row_opt,0.001,0.084446,0.391828,0.138946,0.00363,0.69437,2474,26823,3840,7361591
TOSHIBA_20MG07ACA14TA,LGBM,55,test,disk_opt,0.059,0.134664,0.260691,0.177591,0.001432,0.69437,1646,10577,4668,7377837
TOSHIBA_20MG07ACA14TA,LGBM,56,val,row_opt,0.002,0.051266,0.420577,0.091392,0.006535,0.753432,2608,48264,3593,7337545
TOSHIBA_20MG07ACA14TA,LGBM,56,val,disk_opt,0.179,0.139465,0.179003,0.15678,0.000927,0.753432,1110,6849,5091,7378960
TOSHIBA_20MG07ACA14TA,LGBM,56,test,row_opt,0.002,0.050505,0.437757,0.090562,0.007033,0.774312,2764,51963,3550,7336451
TOSHIBA_20MG07ACA14TA,LGBM,56,test,disk_opt,0.179,0.149424,0.172474,0.160124,0.000839,0.774312,1089,6199,5225,7382215
TOSHIBA_20MG07ACA14TA,LGBM,57,val,row_opt,0.002,0.06623,0.414611,0.114216,0.004908,0.721636,2571,36248,3630,7349561
TOSHIBA_20MG07ACA14TA,LGBM,57,val,disk_opt,0.132,0.127439,0.224319,0.162538,0.001289,0.721636,1391,9524,4810,7376285
TOSHIBA_20MG07ACA14TA,LGBM,57,test,row_opt,0.002,0.073726,0.406557,0.124818,0.004365,0.734136,2567,32251,3747,7356163
TOSHIBA_20MG07ACA14TA,LGBM,57,test,disk_opt,0.132,0.141387,0.206684,0.16791,0.001073,0.734136,1305,7925,5009,7380489
TOSHIBA_20MG07ACA14TA,LGBM,58,val,row_opt,0.002,0.038974,0.397517,0.070987,0.00823,0.747406,2465,60783,3736,7325026
TOSHIBA_20MG07ACA14TA,LGBM,58,val,disk_opt,0.058,0.115847,0.161748,0.135002,0.001036,0.747406,1003,7655,5198,7378154
TOSHIBA_20MG07ACA14TA,LGBM,58,test,row_opt,0.002,0.037298,0.406874,0.068332,0.008975,0.79583,2569,66309,3745,7322105
TOSHIBA_20MG07ACA14TA,LGBM,58,test,disk_opt,0.058,0.108525,0.15141,0.12643,0.001063,0.79583,956,7853,5358,7380561
TOSHIBA_20MG07ACA14TA,LGBM,59,val,row_opt,0.001,0.072412,0.365425,0.120873,0.00393,0.68103,2266,29027,3935,7356782
TOSHIBA_20MG07ACA14TA,LGBM,59,val,disk_opt,0.131,0.154462,0.192872,0.171543,0.000886,0.68103,1196,6547,5005,7379262
TOSHIBA_20MG07ACA14TA,LGBM,59,test,row_opt,0.001,0.084446,0.391828,0.138946,0.00363,0.694389,2474,26823,3840,7361591
TOSHIBA_20MG07ACA14TA,LGBM,59,test,disk_opt,0.131,0.245224,0.197181,0.218594,0.000519,0.694389,1245,3832,5069,7384582
TOSHIBA_20MG07ACA14TA,LGBM,60,val,row_opt,0.001,0.076492,0.365425,0.126504,0.003704,0.681137,2266,27358,3935,7358451
TOSHIBA_20MG07ACA14TA,LGBM,60,val,disk_opt,0.124,0.186793,0.210289,0.197846,0.000769,0.681137,1304,5677,4897,7380132
TOSHIBA_20MG07ACA14TA,LGBM,60,test,row_opt,0.001,0.084446,0.391828,0.138946,0.00363,0.694328,2474,26823,3840,7361591
TOSHIBA_20MG07ACA14TA,LGBM,60,test,disk_opt,0.124,0.221219,0.186253,0.202236,0.00056,0.694328,1176,4140,5138,7384274
TOSHIBA_20MG07ACA14TA,LGBM,61,val,row_opt,0.002,0.053346,0.379132,0.093531,0.005649,0.753973,2351,41720,3850,7344089
TOSHIBA_20MG07ACA14TA,LGBM,61,val,disk_opt,0.37,0.128954,0.146589,0.137208,0.000831,0.753973,909,6140,5292,7379669
TOSHIBA_20MG07ACA14TA,LGBM,61,test,row_opt,0.002,0.054516,0.403864,0.096065,0.005986,0.820208,2550,44225,3764,7344189
TOSHIBA_20MG07ACA14TA,LGBM,61,test,disk_opt,0.37,0.128043,0.118309,0.122983,0.000689,0.820208,747,5087,5567,7383327
TOSHIBA_20MG07ACA14TA,LGBM,62,val,row_opt,0.001,0.059782,0.410095,0.104352,0.005415,0.702535,2543,39995,3658,7345814
TOSHIBA_20MG07ACA14TA,LGBM,62,val,disk_opt,0.128,0.156879,0.211095,0.179993,0.000953,0.702535,1309,7035,4892,7378774
TOSHIBA_20MG07ACA14TA,LGBM,62,test,row_opt,0.001,0.059278,0.441558,0.104523,0.005988,0.717528,2788,44245,3526,7344169
TOSHIBA_20MG07ACA14TA,LGBM,62,test,disk_opt,0.128,0.229646,0.176908,0.199857,0.000507,0.717528,1117,3747,5197,7384667
HGST_20HUH721212ALN604,LSTM,63,val,row_opt,0.029,0.086819,0.516021,0.148631,0.009735,0.924993,2464,25917,2311,2636322
HGST_20HUH721212ALN604,LSTM,63,val,disk_opt,0.157,0.238983,0.169215,0.198136,0.000966,0.924993,808,2573,3967,2659666
HGST_20HUH721212ALN604,LSTM,63,test,row_opt,0.029,0.067018,0.460809,0.117018,0.011458,0.903301,2187,30446,2559,2626679
HGST_20HUH721212ALN604,LSTM,63,test,disk_opt,0.157,0.143653,0.130426,0.13672,0.001389,0.903301,619,3690,4127,2653435
HGST_20HUH721212ALN604,LSTM,64,val,row_opt,0.029,0.084966,0.506806,0.145533,0.00979,0.922764,2420,26062,2355,2636177
HGST_20HUH721212ALN604,LSTM,64,val,disk_opt,0.161,0.221895,0.126073,0.160791,0.000793,0.922764,602,2111,4173,2660128
HGST_20HUH721212ALN604,LSTM,64,test,row_opt,0.029,0.066553,0.451749,0.116014,0.011317,0.907112,2144,30071,2602,2627054
HGST_20HUH721212ALN604,LSTM,64,test,disk_opt,0.161,0.167781,0.121576,0.14099,0.001077,0.907112,577,2862,4169,2654263
HGST_20HUH721212ALN604,LSTM,65,val,row_opt,0.039,0.083098,0.492356,0.142196,0.009744,0.920239,2351,25941,2424,2636298
HGST_20HUH721212ALN604,LSTM,65,val,disk_opt,0.092,0.171508,0.258429,0.206182,0.002239,0.920239,1234,5961,3541,2656278
HGST_20HUH721212ALN604,LSTM,65,test,row_opt,0.039,0.074061,0.485251,0.128508,0.010836,0.922644,2303,28793,2443,2628332
HGST_20HUH721212ALN604,LSTM,65,test,disk_opt,0.092,0.144156,0.23051,0.177381,0.002444,0.922644,1094,6495,3652,2650630
HGST_20HUH721212ALN604,LSTM,66,val,row_opt,0.035,0.07973,0.474555,0.136522,0.009824,0.918052,2266,26155,2509,2636084
HGST_20HUH721212ALN604,LSTM,66,val,disk_opt,0.084,0.150176,0.250471,0.18777,0.002542,0.918052,1196,6768,3579,2655471
HGST_20HUH721212ALN604,LSTM,66,test,row_opt,0.035,0.063716,0.436789,0.111209,0.011464,0.919151,2073,30462,2673,2626663
HGST_20HUH721212ALN604,LSTM,66,test,disk_opt,0.084,0.142877,0.216814,0.172246,0.002323,0.919151,1029,6173,3717,2650952
HGST_20HUH721212ALN604,LSTM,67,val,row_opt,0.044,0.080464,0.482513,0.137927,0.00989,0.915557,2304,26330,2471,2635909
HGST_20HUH721212ALN604,LSTM,67,val,disk_opt,0.165,0.189412,0.182827,0.186061,0.001403,0.915557,873,3736,3902,2658503
HGST_20HUH721212ALN604,LSTM,67,test,row_opt,0.044,0.071301,0.436367,0.122573,0.010152,0.901763,2071,26975,2675,2630150
HGST_20HUH721212ALN604,LSTM,67,test,disk_opt,0.165,0.154125,0.161399,0.157678,0.001582,0.901763,766,4204,3980,2652921
HGST_20HUH721212ALN604,LSTM,68,val,row_opt,0.035,0.080527,0.486702,0.138189,0.009968,0.921969,2324,26536,2451,2635703
HGST_20HUH721212ALN604,LSTM,68,val,disk_opt,0.211,0.195158,0.109738,0.140483,0.000812,0.921969,524,2161,4251,2660078
HGST_20HUH721212ALN604,LSTM,68,test,row_opt,0.035,0.068005,0.454699,0.118315,0.01113,0.918174,2158,29575,2588,2627550
HGST_20HUH721212ALN604,LSTM,68,test,disk_opt,0.211,0.154871,0.110198,0.12877,0.001074,0.918174,523,2854,4223,2654271
HGST_20HUH721212ALN604,LSTM,69,val,row_opt,0.035,0.08403,0.507225,0.144175,0.009917,0.92725,2422,26401,2353,2635838
HGST_20HUH721212ALN604,LSTM,69,val,disk_opt,0.153,0.193386,0.160419,0.175366,0.0012,0.92725,766,3195,4009,2659044
HGST_20HUH721212ALN604,LSTM,69,test,row_opt,0.035,0.071533,0.442899,0.123172,0.010268,0.913061,2102,27283,2644,2629842
HGST_20HUH721212ALN604,LSTM,69,test,disk_opt,0.153,0.179969,0.173409,0.176628,0.001411,0.913061,823,3750,3923,2653375
HGST_20HUH721212ALN604,GRU,63,val,row_opt,0.043,0.085021,0.503665,0.145484,0.009722,0.919707,2405,25882,2370,2636357
HGST_20HUH721212ALN604,GRU,63,val,disk_opt,0.291,0.279555,0.084188,0.129406,0.000389,0.919707,402,1036,4373,2661203
HGST_20HUH721212ALN604,GRU,63,test,row_opt,0.043,0.068073,0.441214,0.117949,0.010789,0.916013,2094,28667,2652,2628458
HGST_20HUH721212ALN604,GRU,63,test,disk_opt,0.291,0.244214,0.084492,0.125548,0.000467,0.916013,401,1241,4345,2655884
HGST_20HUH721212ALN604,GRU,64,val,row_opt,0.036,0.084912,0.51267,0.145693,0.00991,0.926464,2448,26382,2327,2635857
HGST_20HUH721212ALN604,GRU,64,val,disk_opt,0.215,0.298592,0.088796,0.136885,0.000374,0.926464,424,996,4351,2661243
HGST_20HUH721212ALN604,GRU,64,test,row_opt,0.036,0.073288,0.474083,0.12695,0.010707,0.915589,2250,28451,2496,2628674
HGST_20HUH721212ALN604,GRU,64,test,disk_opt,0.215,0.202365,0.097345,0.131455,0.000685,0.915589,462,1821,4284,2655304
HGST_20HUH721212ALN604,GRU,65,val,row_opt,0.035,0.08208,0.485654,0.140426,0.009741,0.922665,2319,25934,2456,2636305
HGST_20HUH721212ALN604,GRU,65,val,disk_opt,0.121,0.191914,0.153089,0.170317,0.001156,0.922665,731,3078,4044,2659161
HGST_20HUH721212ALN604,GRU,65,test,row_opt,0.035,0.069611,0.437421,0.120108,0.010442,0.91946,2076,27747,2670,2629378
HGST_20HUH721212ALN604,GRU,65,test,disk_opt,0.121,0.170791,0.133797,0.150047,0.00116,0.91946,635,3083,4111,2654042
HGST_20HUH721212ALN604,GRU,66,val,row_opt,0.035,0.082488,0.485236,0.141005,0.009681,0.930378,2317,25772,2458,2636467
HGST_20HUH721212ALN604,GRU,66,val,disk_opt,0.168,0.21645,0.125654,0.159004,0.000816,0.930378,600,2172,4175,2660067
HGST_20HUH721212ALN604,GRU,66,test,row_opt,0.035,0.069275,0.473451,0.120865,0.011362,0.915205,2247,30189,2499,2626936
HGST_20HUH721212ALN604,GRU,66,test,disk_opt,0.168,0.173338,0.113148,0.13692,0.000964,0.915205,537,2561,4209,2654564
HGST_20HUH721212ALN604,GRU,67,val,row_opt,0.043,0.085368,0.508901,0.146209,0.009779,0.923718,2430,26035,2345,2636204
HGST_20HUH721212ALN604,GRU,67,val,disk_opt,0.212,0.288383,0.103455,0.152281,0.000458,0.923718,494,1219,4281,2661020
HGST_20HUH721212ALN604,GRU,67,test,row_opt,0.043,0.071908,0.469237,0.124706,0.010817,0.921635,2227,28743,2519,2628382
HGST_20HUH721212ALN604,GRU,67,test,disk_opt,0.212,0.199091,0.101559,0.134505,0.00073,0.921635,482,1939,4264,2655186
HGST_20HUH721212ALN604,GRU,68,val,row_opt,0.041,0.086668,0.525236,0.148785,0.009928,0.923151,2508,26430,2267,2635809
HGST_20HUH721212ALN604,GRU,68,val,disk_opt,0.141,0.23591,0.136754,0.173141,0.000794,0.923151,653,2115,4122,2660124
HGST_20HUH721212ALN604,GRU,68,test,row_opt,0.041,0.072105,0.457016,0.124559,0.010505,0.921031,2169,27912,2577,2629213
HGST_20HUH721212ALN604,GRU,68,test,disk_opt,0.141,0.172757,0.131479,0.149318,0.001125,0.921031,624,2988,4122,2654137
HGST_20HUH721212ALN604,GRU,69,val,row_opt,0.029,0.085407,0.508272,0.14624,0.009762,0.92627,2427,25990,2348,2636249
HGST_20HUH721212ALN604,GRU,69,val,disk_opt,0.127,0.223906,0.139267,0.171724,0.000866,0.92627,665,2305,4110,2659934
HGST_20HUH721212ALN604,GRU,69,test,row_opt,0.029,0.071217,0.446481,0.122841,0.0104,0.918263,2119,27635,2627,2629490
HGST_20HUH721212ALN604,GRU,69,test,disk_opt,0.127,0.169042,0.144964,0.15608,0.001273,0.918263,688,3382,4058,2653743
HGST_20HUH721212ALN604,XGB,63,val,row_opt,0.034,0.078434,0.465759,0.134259,0.009815,0.920766,2224,26131,2551,2636108
HGST_20HUH721212ALN604,XGB,63,val,disk_opt,0.449,0.272331,0.026178,0.047765,0.000125,0.920766,125,334,4650,2661905
HGST_20HUH721212ALN604,XGB,63,test,row_opt,0.034,0.083838,0.469869,0.142287,0.009171,0.927333,2230,24369,2516,2632756
HGST_20HUH721212ALN604,XGB,63,test,disk_opt,0.449,0.194861,0.038348,0.064085,0.000283,0.927333,182,752,4564,2656373
HGST_20HUH721212ALN604,XGB,64,val,row_opt,0.027,0.075271,0.445445,0.12878,0.009815,0.917836,2127,26131,2648,2636108
HGST_20HUH721212ALN604,XGB,64,val,disk_opt,0.52,0.208219,0.015916,0.029572,0.000109,0.917836,76,289,4699,2661950
HGST_20HUH721212ALN604,XGB,64,test,row_opt,0.027,0.080204,0.469448,0.137002,0.009616,0.923254,2228,25551,2518,2631574
HGST_20HUH721212ALN604,XGB,64,test,disk_opt,0.52,0.194222,0.025495,0.045074,0.000189,0.923254,121,502,4625,2656623
HGST_20HUH721212ALN604,XGB,65,val,row_opt,0.027,0.079967,0.467225,0.136561,0.009642,0.915412,2231,25668,2544,2636571
HGST_20HUH721212ALN604,XGB,65,val,disk_opt,0.521,0.243952,0.02534,0.045912,0.000141,0.915412,121,375,4654,2661864
HGST_20HUH721212ALN604,XGB,65,test,row_opt,0.027,0.082489,0.478719,0.140729,0.009511,0.925639,2272,25271,2474,2631854
HGST_20HUH721212ALN604,XGB,65,test,disk_opt,0.521,0.165753,0.025495,0.044193,0.000229,0.925639,121,609,4625,2656516
HGST_20HUH721212ALN604,XGB,66,val,row_opt,0.029,0.077628,0.468272,0.133178,0.00998,0.920842,2236,26568,2539,2635671
HGST_20HUH721212ALN604,XGB,66,val,disk_opt,0.399,0.186649,0.028691,0.049737,0.000224,0.920842,137,597,4638,2661642
HGST_20HUH721212ALN604,XGB,66,test,row_opt,0.029,0.080492,0.460598,0.137036,0.009398,0.927134,2186,24972,2560,2632153
HGST_20HUH721212ALN604,XGB,66,test,disk_opt,0.399,0.199595,0.041509,0.068725,0.000297,0.927134,197,790,4549,2656335
HGST_20HUH721212ALN604,XGB,67,val,row_opt,0.026,0.078048,0.451518,0.133091,0.009566,0.923865,2156,25468,2619,2636771
HGST_20HUH721212ALN604,XGB,67,val,disk_opt,0.572,0.257143,0.028272,0.050943,0.000146,0.923865,135,390,4640,2661849
HGST_20HUH721212ALN604,XGB,67,test,row_opt,0.026,0.082373,0.462495,0.13984,0.009202,0.924517,2195,24452,2551,2632673
HGST_20HUH721212ALN604,XGB,67,test,disk_opt,0.572,0.16825,0.026127,0.045231,0.000231,0.924517,124,613,4622,2656512
HGST_20HUH721212ALN604,XGB,68,val,row_opt,0.02,0.079482,0.457801,0.135448,0.00951,0.922798,2186,25317,2589,2636922
HGST_20HUH721212ALN604,XGB,68,val,disk_opt,0.613,0.267442,0.024084,0.044188,0.000118,0.922798,115,315,4660,2661924
HGST_20HUH721212ALN604,XGB,68,test,row_opt,0.02,0.086608,0.484408,0.146943,0.009125,0.924114,2299,24246,2447,2632879
HGST_20HUH721212ALN604,XGB,68,test,disk_opt,0.613,0.161716,0.020649,0.036622,0.000191,0.924114,98,508,4648,2656617
HGST_20HUH721212ALN604,XGB,69,val,row_opt,0.009,0.078892,0.439581,0.133775,0.009205,0.904476,2099,24507,2676,2637732
HGST_20HUH721212ALN604,XGB,69,val,disk_opt,0.461,0.101896,0.009005,0.016548,0.000142,0.904476,43,379,4732,2661860
HGST_20HUH721212ALN604,XGB,69,test,row_opt,0.009,0.073179,0.421618,0.124712,0.009538,0.900933,2001,25343,2745,2631782
HGST_20HUH721212ALN604,XGB,69,test,disk_opt,0.461,0.149485,0.00611,0.011741,6.2e-05,0.900933,29,165,4717,2656960
HGST_20HUH721212ALN604,LGBM,63,val,row_opt,0.02,0.081934,0.495707,0.140625,0.009962,0.911829,2367,26522,2408,2635717
HGST_20HUH721212ALN604,LGBM,63,val,disk_opt,0.466,0.209978,0.059058,0.092187,0.000399,0.911829,282,1061,4493,2661178
HGST_20HUH721212ALN604,LGBM,63,test,row_opt,0.02,0.075232,0.445638,0.128732,0.009784,0.904694,2115,25998,2631,2631127
HGST_20HUH721212ALN604,LGBM,63,test,disk_opt,0.466,0.202869,0.083439,0.118244,0.000586,0.904694,396,1556,4350,2655569
HGST_20HUH721212ALN604,LGBM,64,val,row_opt,0.027,0.07699,0.446073,0.131315,0.009592,0.908896,2130,25536,2645,2636703
HGST_20HUH721212ALN604,LGBM,64,val,disk_opt,0.999,0.264662,0.036859,0.064706,0.000184,0.908896,176,489,4599,2661750
HGST_20HUH721212ALN604,LGBM,64,test,row_opt,0.027,0.070314,0.419722,0.12045,0.009912,0.893475,1992,26338,2754,2630787
HGST_20HUH721212ALN604,LGBM,64,test,disk_opt,0.999,0.196998,0.044248,0.072264,0.000322,0.893475,210,856,4536,2656269
HGST_20HUH721212ALN604,LGBM,65,val,row_opt,0.026,0.075953,0.446492,0.129822,0.009743,0.917806,2132,25938,2643,2636301
HGST_20HUH721212ALN604,LGBM,65,val,disk_opt,0.998,0.174625,0.026806,0.046478,0.000227,0.917806,128,605,4647,2661634
HGST_20HUH721212ALN604,LGBM,65,test,row_opt,0.026,0.074459,0.458491,0.128113,0.010179,0.906818,2176,27048,2570,2630077
HGST_20HUH721212ALN604,LGBM,65,test,disk_opt,0.998,0.20311,0.044037,0.072381,0.000309,0.906818,209,820,4537,2656305
HGST_20HUH721212ALN604,LGBM,66,val,row_opt,0.027,0.080594,0.475393,0.137822,0.009727,0.910127,2270,25896,2505,2636343
HGST_20HUH721212ALN604,LGBM,66,val,disk_opt,0.726,0.199313,0.048586,0.078128,0.00035,0.910127,232,932,4543,2661307
HGST_20HUH721212ALN604,LGBM,66,test,row_opt,0.027,0.07561,0.452802,0.129583,0.009888,0.891887,2149,26273,2597,2630852
HGST_20HUH721212ALN604,LGBM,66,test,disk_opt,0.726,0.110076,0.027391,0.043867,0.000396,0.891887,130,1051,4616,2656074
HGST_20HUH721212ALN604,LGBM,67,val,row_opt,0.014,0.086893,0.507016,0.148359,0.009556,0.894131,2421,25441,2354,2636798
HGST_20HUH721212ALN604,LGBM,67,val,disk_opt,0.787,0.235023,0.053403,0.087031,0.000312,0.894131,255,830,4520,2661409
HGST_20HUH721212ALN604,LGBM,67,test,row_opt,0.014,0.079714,0.450906,0.135477,0.009298,0.892422,2140,24706,2606,2632419
HGST_20HUH721212ALN604,LGBM,67,test,disk_opt,0.787,0.224611,0.063843,0.099426,0.000394,0.892422,303,1046,4443,2656079
HGST_20HUH721212ALN604,LGBM,68,val,row_opt,0.017,0.082129,0.462827,0.139503,0.009278,0.885023,2210,24699,2565,2637540
HGST_20HUH721212ALN604,LGBM,68,val,disk_opt,0.59,0.153125,0.041047,0.06474,0.000407,0.885023,196,1084,4579,2661155
HGST_20HUH721212ALN604,LGBM,68,test,row_opt,0.017,0.076534,0.417826,0.129371,0.009005,0.88092,1983,23927,2763,2633198
HGST_20HUH721212ALN604,LGBM,68,test,disk_opt,0.59,0.1346,0.03582,0.056582,0.000411,0.88092,170,1093,4576,2656032
HGST_20HUH721212ALN604,LGBM,69,val,row_opt,0.03,0.076988,0.43623,0.130879,0.00938,0.909691,2083,24973,2692,2637266
HGST_20HUH721212ALN604,LGBM,69,val,disk_opt,0.938,0.381944,0.046073,0.082228,0.000134,0.909691,220,356,4555,2661883
HGST_20HUH721212ALN604,LGBM,69,test,row_opt,0.03,0.074145,0.424357,0.126234,0.009465,0.903408,2014,25149,2732,2631976
HGST_20HUH721212ALN604,LGBM,69,test,disk_opt,0.938,0.151039,0.06279,0.088704,0.00063,0.903408,298,1675,4448,2655450
ST12000NM0007,LSTM,63,val,row_opt,0.019,0.07833,0.459326,0.133837,0.009988,0.858242,3066,36076,3609,3575971
ST12000NM0007,LSTM,63,val,disk_opt,0.297,0.341808,0.108764,0.165019,0.000387,0.858242,726,1398,5949,3610649
ST12000NM0007,LSTM,63,test,row_opt,0.019,0.060887,0.382848,0.105064,0.011099,0.772691,2616,40349,4217,3594907
ST12000NM0007,LSTM,63,test,disk_opt,0.297,0.1265,0.080199,0.098164,0.001041,0.772691,548,3784,6285,3631472
ST12000NM0007,LSTM,64,val,row_opt,0.016,0.081255,0.472959,0.138684,0.009882,0.855045,3157,35696,3518,3576351
ST12000NM0007,LSTM,64,val,disk_opt,0.317,0.307963,0.078801,0.125492,0.000327,0.855045,526,1182,6149,3610865
ST12000NM0007,LSTM,64,test,row_opt,0.016,0.06706,0.390751,0.114474,0.010218,0.78409,2670,37145,4163,3598111
ST12000NM0007,LSTM,64,test,disk_opt,0.317,0.147112,0.059271,0.084498,0.000646,0.78409,405,2348,6428,3632908
ST12000NM0007,LSTM,65,val,row_opt,0.016,0.081672,0.480449,0.139611,0.009983,0.859981,3207,36060,3468,3575987
ST12000NM0007,LSTM,65,val,disk_opt,0.315,0.269389,0.097828,0.143532,0.00049,0.859981,653,1771,6022,3610276
ST12000NM0007,LSTM,65,test,row_opt,0.016,0.063308,0.388556,0.108876,0.010806,0.787271,2655,39283,4178,3595973
ST12000NM0007,LSTM,65,test,disk_opt,0.315,0.111482,0.068491,0.084852,0.001026,0.787271,468,3730,6365,3631526
ST12000NM0007,LSTM,66,val,row_opt,0.015,0.080345,0.453783,0.136518,0.009599,0.855182,3029,34671,3646,3577376
ST12000NM0007,LSTM,66,val,disk_opt,0.34,0.323153,0.098277,0.150718,0.00038,0.855182,656,1374,6019,3610673
ST12000NM0007,LSTM,66,test,row_opt,0.015,0.060153,0.366603,0.103348,0.010767,0.779016,2505,39139,4328,3596117
ST12000NM0007,LSTM,66,test,disk_opt,0.34,0.147531,0.072589,0.097303,0.000788,0.779016,496,2866,6337,3632390
ST12000NM0007,LSTM,67,val,row_opt,0.017,0.08219,0.470112,0.139918,0.009701,0.858822,3138,35042,3537,3577005
ST12000NM0007,LSTM,67,val,disk_opt,0.318,0.323413,0.097678,0.15004,0.000378,0.858822,652,1364,6023,3610683
ST12000NM0007,LSTM,67,test,row_opt,0.017,0.067651,0.387531,0.115193,0.010039,0.792202,2648,36494,4185,3598762
ST12000NM0007,LSTM,67,test,disk_opt,0.318,0.142356,0.059418,0.083841,0.000673,0.792202,406,2446,6427,3632810
ST12000NM0007,LSTM,68,val,row_opt,0.016,0.075835,0.44015,0.129379,0.009912,0.858315,2938,35804,3737,3576243
ST12000NM0007,LSTM,68,val,disk_opt,0.259,0.25019,0.098727,0.141583,0.000547,0.858315,659,1975,6016,3610072
ST12000NM0007,LSTM,68,test,row_opt,0.016,0.067265,0.37275,0.113965,0.009715,0.780761,2547,35318,4286,3599938
ST12000NM0007,LSTM,68,test,disk_opt,0.259,0.128594,0.083126,0.100978,0.001059,0.780761,568,3849,6265,3631407
ST12000NM0007,LSTM,69,val,row_opt,0.019,0.081115,0.47161,0.138422,0.009873,0.862278,3148,35661,3527,3576386
ST12000NM0007,LSTM,69,val,disk_opt,0.301,0.293275,0.101273,0.150557,0.000451,0.862278,676,1629,5999,3610418
ST12000NM0007,LSTM,69,test,row_opt,0.019,0.071354,0.381092,0.120202,0.009323,0.790662,2604,33890,4229,3601366
ST12000NM0007,LSTM,69,test,disk_opt,0.301,0.16347,0.086053,0.112752,0.000828,0.790662,588,3009,6245,3632247
ST12000NM0007,GRU,63,val,row_opt,0.017,0.084722,0.489888,0.14446,0.00978,0.86273,3270,35327,3405,3576720
ST12000NM0007,GRU,63,val,disk_opt,0.298,0.412562,0.050187,0.089488,0.000132,0.86273,335,477,6340,3611570
ST12000NM0007,GRU,63,test,row_opt,0.017,0.066737,0.386214,0.113809,0.010152,0.782424,2639,36904,4194,3598352
ST12000NM0007,GRU,63,test,disk_opt,0.298,0.326115,0.037465,0.067209,0.000146,0.782424,256,529,6577,3634727
ST12000NM0007,GRU,64,val,row_opt,0.011,0.083185,0.490337,0.142239,0.009987,0.855064,3273,36073,3402,3575974
ST12000NM0007,GRU,64,val,disk_opt,0.304,0.345149,0.055431,0.095521,0.000194,0.855064,370,702,6305,3611345
ST12000NM0007,GRU,64,test,row_opt,0.011,0.063099,0.394117,0.108782,0.011,0.780836,2693,39986,4140,3595270
ST12000NM0007,GRU,64,test,disk_opt,0.304,0.313622,0.043466,0.07635,0.000179,0.780836,297,650,6536,3634606
ST12000NM0007,GRU,65,val,row_opt,0.019,0.084175,0.485693,0.143483,0.009765,0.861073,3242,35273,3433,3576774
ST12000NM0007,GRU,65,val,disk_opt,0.337,0.355104,0.096929,0.152289,0.000325,0.861073,647,1175,6028,3610872
ST12000NM0007,GRU,65,test,row_opt,0.019,0.071869,0.397629,0.121735,0.009652,0.790523,2717,35088,4116,3600168
ST12000NM0007,GRU,65,test,disk_opt,0.337,0.313442,0.073028,0.118457,0.000301,0.790523,499,1093,6334,3634163
ST12000NM0007,GRU,66,val,row_opt,0.02,0.081472,0.47206,0.138961,0.009835,0.854419,3151,35525,3524,3576522
ST12000NM0007,GRU,66,val,disk_opt,0.318,0.440042,0.063221,0.110558,0.000149,0.854419,422,537,6253,3611510
ST12000NM0007,GRU,66,test,row_opt,0.02,0.073454,0.389434,0.123595,0.009233,0.786449,2661,33566,4172,3601690
ST12000NM0007,GRU,66,test,disk_opt,0.318,0.281273,0.05693,0.094693,0.000273,0.786449,389,994,6444,3634262
ST12000NM0007,GRU,67,val,row_opt,0.019,0.081959,0.473408,0.139727,0.009799,0.861376,3160,35396,3515,3576651
ST12000NM0007,GRU,67,val,disk_opt,0.315,0.401294,0.074307,0.125395,0.000205,0.861376,496,740,6179,3611307
ST12000NM0007,GRU,67,test,row_opt,0.019,0.070907,0.389287,0.119963,0.009588,0.790451,2660,34854,4173,3600402
ST12000NM0007,GRU,67,test,disk_opt,0.315,0.228205,0.0521,0.084833,0.000331,0.790451,356,1204,6477,3634052
ST12000NM0007,GRU,68,val,row_opt,0.017,0.086481,0.49633,0.147297,0.009689,0.857461,3313,34996,3362,3577051
ST12000NM0007,GRU,68,val,disk_opt,0.269,0.334151,0.102022,0.156318,0.000376,0.857461,681,1357,5994,3610690
ST12000NM0007,GRU,68,test,row_opt,0.017,0.071777,0.382994,0.120897,0.00931,0.777297,2617,33843,4216,3601413
ST12000NM0007,GRU,68,test,disk_opt,0.269,0.247788,0.07376,0.11368,0.000421,0.777297,504,1530,6329,3633726
ST12000NM0007,GRU,69,val,row_opt,0.017,0.079945,0.468914,0.136601,0.009973,0.858494,3130,36022,3545,3576025
ST12000NM0007,GRU,69,val,disk_opt,0.33,0.42476,0.059625,0.104572,0.000149,0.858494,398,539,6277,3611508
ST12000NM0007,GRU,69,test,row_opt,0.017,0.065701,0.383141,0.112168,0.010241,0.778244,2618,37229,4215,3598027
ST12000NM0007,GRU,69,test,disk_opt,0.33,0.365207,0.046393,0.082327,0.000152,0.778244,317,551,6516,3634705
ST12000NM0007,XGB,63,val,row_opt,0.015,0.082363,0.475955,0.140426,0.009799,0.873235,3177,35396,3498,3576651
ST12000NM0007,XGB,63,val,disk_opt,0.095,0.169625,0.190412,0.179418,0.001723,0.873235,1271,6222,5404,3605825
ST12000NM0007,XGB,63,test,row_opt,0.015,0.063767,0.393239,0.109738,0.010852,0.800488,2687,39451,4146,3595805
ST12000NM0007,XGB,63,test,disk_opt,0.095,0.107278,0.128348,0.116871,0.002008,0.800488,877,7298,5956,3627958
ST12000NM0007,XGB,64,val,row_opt,0.017,0.082315,0.483296,0.140671,0.009957,0.866306,3226,35965,3449,3576082
ST12000NM0007,XGB,64,val,disk_opt,0.13,0.181378,0.185318,0.183327,0.001546,0.866306,1237,5583,5438,3606464
ST12000NM0007,XGB,64,test,row_opt,0.017,0.060961,0.381824,0.105136,0.011055,0.802987,2609,40189,4224,3595067
ST12000NM0007,XGB,64,test,disk_opt,0.13,0.112306,0.134494,0.122403,0.001998,0.802987,919,7264,5914,3627992
ST12000NM0007,XGB,65,val,row_opt,0.016,0.080381,0.460225,0.136859,0.00973,0.873726,3072,35146,3603,3576901
ST12000NM0007,XGB,65,val,disk_opt,0.119,0.168396,0.179925,0.17397,0.001642,0.873726,1201,5931,5474,3606116
ST12000NM0007,XGB,65,test,row_opt,0.016,0.067684,0.373921,0.11462,0.009681,0.789725,2555,35194,4278,3600062
ST12000NM0007,XGB,65,test,disk_opt,0.119,0.120252,0.111664,0.115799,0.001536,0.789725,763,5582,6070,3629674
ST12000NM0007,XGB,66,val,row_opt,0.017,0.085913,0.489438,0.146168,0.009623,0.868648,3267,34760,3408,3577287
ST12000NM0007,XGB,66,val,disk_opt,0.1,0.173051,0.193558,0.182731,0.001709,0.868648,1292,6174,5383,3605873
ST12000NM0007,XGB,66,test,row_opt,0.017,0.066722,0.408752,0.114719,0.010747,0.802655,2793,39067,4040,3596189
ST12000NM0007,XGB,66,test,disk_opt,0.1,0.117465,0.161423,0.13598,0.00228,0.802655,1103,8287,5730,3626969
ST12000NM0007,XGB,67,val,row_opt,0.018,0.083307,0.482547,0.142085,0.009812,0.865382,3221,35443,3454,3576604
ST12000NM0007,XGB,67,val,disk_opt,0.137,0.181804,0.169738,0.175564,0.001412,0.865382,1133,5099,5542,3606948
ST12000NM0007,XGB,67,test,row_opt,0.018,0.062373,0.387677,0.107458,0.010954,0.802337,2649,39821,4184,3595435
ST12000NM0007,XGB,67,test,disk_opt,0.137,0.128867,0.132299,0.13056,0.001681,0.802337,904,6111,5929,3629145
ST12000NM0007,XGB,68,val,row_opt,0.018,0.081734,0.4803,0.139695,0.009972,0.866413,3206,36019,3469,3576028
ST12000NM0007,XGB,68,val,disk_opt,0.1,0.173632,0.209139,0.189738,0.001839,0.866413,1396,6644,5279,3605403
ST12000NM0007,XGB,68,test,row_opt,0.018,0.061627,0.382994,0.106171,0.010962,0.801734,2617,39848,4216,3595408
ST12000NM0007,XGB,68,test,disk_opt,0.1,0.088247,0.127909,0.104439,0.002484,0.801734,874,9030,5959,3626226
ST12000NM0007,XGB,69,val,row_opt,0.014,0.079528,0.46412,0.135788,0.009927,0.872633,3098,35857,3577,3576190
ST12000NM0007,XGB,69,val,disk_opt,0.092,0.155007,0.193858,0.172269,0.001953,0.872633,1294,7054,5381,3604993
ST12000NM0007,XGB,69,test,row_opt,0.014,0.063292,0.38519,0.10872,0.010715,0.796057,2632,38953,4201,3596303
ST12000NM0007,XGB,69,test,disk_opt,0.092,0.097883,0.133324,0.112887,0.00231,0.796057,911,8396,5922,3626860
ST12000NM0007,LGBM,63,val,row_opt,0.009,0.080081,0.458277,0.136337,0.009729,0.837073,3059,35140,3616,3576907
ST12000NM0007,LGBM,63,val,disk_opt,0.049,0.134325,0.179925,0.153817,0.002143,0.837073,1201,7740,5474,3604307
ST12000NM0007,LGBM,63,test,row_opt,0.009,0.067705,0.379189,0.114895,0.009814,0.766332,2591,35678,4242,3599578
ST12000NM0007,LGBM,63,test,disk_opt,0.049,0.116638,0.139324,0.126976,0.001983,0.766332,952,7210,5881,3628046
ST12000NM0007,LGBM,64,val,row_opt,0.008,0.076145,0.438502,0.129757,0.009832,0.838125,2927,35513,3748,3576534
ST12000NM0007,LGBM,64,val,disk_opt,0.042,0.151977,0.221124,0.180143,0.00228,0.838125,1476,8236,5199,3603811
ST12000NM0007,LGBM,64,test,row_opt,0.008,0.067014,0.362945,0.113139,0.009498,0.768668,2480,34527,4353,3600729
ST12000NM0007,LGBM,64,test,disk_opt,0.042,0.104323,0.119713,0.11149,0.001932,0.768668,818,7023,6015,3628233
ST12000NM0007,LGBM,65,val,row_opt,0.005,0.081753,0.404944,0.136041,0.008405,0.835073,2703,30360,3972,3581687
ST12000NM0007,LGBM,65,val,disk_opt,0.02,0.132989,0.211985,0.163442,0.002554,0.835073,1415,9225,5260,3602822
ST12000NM0007,LGBM,65,test,row_opt,0.005,0.08174,0.3467,0.132291,0.007321,0.766365,2369,26613,4464,3608643
ST12000NM0007,LGBM,65,test,disk_opt,0.02,0.133813,0.174155,0.151342,0.002119,0.766365,1190,7703,5643,3627553
ST12000NM0007,LGBM,66,val,row_opt,0.007,0.075736,0.431011,0.128834,0.00972,0.833181,2877,35110,3798,3576937
ST12000NM0007,LGBM,66,val,disk_opt,0.033,0.182677,0.191161,0.186823,0.001581,0.833181,1276,5709,5399,3606338
ST12000NM0007,LGBM,66,test,row_opt,0.007,0.066223,0.391629,0.113289,0.01038,0.76966,2676,37733,4157,3597523
ST12000NM0007,LGBM,66,test,disk_opt,0.033,0.133446,0.150885,0.141631,0.001842,0.76966,1031,6695,5802,3628561
ST12000NM0007,LGBM,67,val,row_opt,0.011,0.075545,0.418127,0.127969,0.009456,0.849708,2791,34154,3884,3577893
ST12000NM0007,LGBM,67,val,disk_opt,0.067,0.153296,0.170037,0.161233,0.001736,0.849708,1135,6269,5540,3605778
ST12000NM0007,LGBM,67,test,row_opt,0.011,0.070895,0.373774,0.119184,0.009207,0.772441,2554,33471,4279,3601785
ST12000NM0007,LGBM,67,test,disk_opt,0.067,0.091222,0.100981,0.095853,0.001891,0.772441,690,6874,6143,3628382
ST12000NM0007,LGBM,68,val,row_opt,0.011,0.073042,0.420524,0.124465,0.009862,0.852902,2807,35623,3868,3576424
ST12000NM0007,LGBM,68,val,disk_opt,0.071,0.124428,0.134382,0.129213,0.001747,0.852902,897,6312,5778,3605735
ST12000NM0007,LGBM,68,test,row_opt,0.011,0.06468,0.338358,0.108601,0.009197,0.772519,2312,33433,4521,3601823
ST12000NM0007,LGBM,68,test,disk_opt,0.071,0.101038,0.112542,0.10648,0.001882,0.772519,769,6842,6064,3628414
ST12000NM0007,LGBM,69,val,row_opt,0.009,0.083696,0.43236,0.140243,0.008747,0.839236,2886,31596,3789,3580451
ST12000NM0007,LGBM,69,val,disk_opt,0.042,0.163575,0.204794,0.181879,0.001935,0.839236,1367,6990,5308,3605057
ST12000NM0007,LGBM,69,test,row_opt,0.009,0.070309,0.359139,0.117596,0.008926,0.773379,2454,32449,4379,3602807
ST12000NM0007,LGBM,69,test,disk_opt,0.042,0.115767,0.150007,0.130681,0.002154,0.773379,1025,7829,5808,3627427
TOSHIBA_20MG07ACA14TA,LSTM,63,val,row_opt,0.004,0.039926,0.490244,0.073838,0.009897,0.813647,3040,73101,3161,7312708
TOSHIBA_20MG07ACA14TA,LSTM,63,val,disk_opt,0.14,0.224877,0.18368,0.202201,0.000532,0.813647,1139,3926,5062,7381883
TOSHIBA_20MG07ACA14TA,LSTM,63,test,row_opt,0.004,0.036796,0.490022,0.068451,0.010962,0.853684,3094,80992,3220,7307422
TOSHIBA_20MG07ACA14TA,LSTM,63,test,disk_opt,0.14,0.215542,0.190212,0.202086,0.000592,0.853684,1201,4371,5113,7384043
TOSHIBA_20MG07ACA14TA,LSTM,64,val,row_opt,0.005,0.042986,0.471698,0.078792,0.008817,0.795182,2925,65120,3276,7320689
TOSHIBA_20MG07ACA14TA,LSTM,64,val,disk_opt,0.112,0.214004,0.192227,0.202532,0.000593,0.795182,1192,4378,5009,7381431
TOSHIBA_20MG07ACA14TA,LSTM,64,test,row_opt,0.005,0.039339,0.47165,0.072622,0.009843,0.851168,2978,72722,3336,7315692
TOSHIBA_20MG07ACA14TA,LSTM,64,test,disk_opt,0.112,0.19754,0.172949,0.184428,0.0006,0.851168,1092,4436,5222,7383978
TOSHIBA_20MG07ACA14TA,LSTM,65,val,row_opt,0.005,0.042272,0.488953,0.077816,0.009301,0.808151,3032,68694,3169,7317115
TOSHIBA_20MG07ACA14TA,LSTM,65,val,disk_opt,0.162,0.226602,0.180777,0.201112,0.000518,0.808151,1121,3826,5080,7381983
TOSHIBA_20MG07ACA14TA,LSTM,65,test,row_opt,0.005,0.038233,0.485904,0.070889,0.010446,0.853339,3068,77176,3246,7311238
TOSHIBA_20MG07ACA14TA,LSTM,65,test,disk_opt,0.162,0.213594,0.174691,0.192194,0.00055,0.853339,1103,4061,5211,7384353
TOSHIBA_20MG07ACA14TA,LSTM,66,val,row_opt,0.005,0.042816,0.477987,0.078593,0.008972,0.806192,2964,66262,3237,7319547
TOSHIBA_20MG07ACA14TA,LSTM,66,val,disk_opt,0.179,0.255769,0.150137,0.189208,0.000367,0.806192,931,2709,5270,7383100
TOSHIBA_20MG07ACA14TA,LSTM,66,test,row_opt,0.005,0.036999,0.468799,0.068584,0.010428,0.845475,2960,77043,3354,7311371
TOSHIBA_20MG07ACA14TA,LSTM,66,test,disk_opt,0.179,0.219256,0.152201,0.179677,0.000463,0.845475,961,3422,5353,7384992
TOSHIBA_20MG07ACA14TA,LSTM,67,val,row_opt,0.004,0.044054,0.484438,0.080764,0.008826,0.817066,3004,65185,3197,7320624
TOSHIBA_20MG07ACA14TA,LSTM,67,val,disk_opt,0.108,0.179619,0.197549,0.188158,0.000758,0.817066,1225,5595,4976,7380214
TOSHIBA_20MG07ACA14TA,LSTM,67,test,row_opt,0.004,0.038952,0.459614,0.071818,0.009691,0.857961,2902,71599,3412,7316815
TOSHIBA_20MG07ACA14TA,LSTM,67,test,disk_opt,0.108,0.181197,0.18071,0.180953,0.000698,0.857961,1141,5156,5173,7383258
TOSHIBA_20MG07ACA14TA,LSTM,68,val,row_opt,0.004,0.043691,0.474762,0.080018,0.008725,0.804012,2944,64438,3257,7321371
TOSHIBA_20MG07ACA14TA,LSTM,68,val,disk_opt,0.177,0.210755,0.156749,0.179784,0.000493,0.804012,972,3640,5229,7382169
TOSHIBA_20MG07ACA14TA,LSTM,68,test,row_opt,0.004,0.036585,0.488438,0.068071,0.010992,0.85418,3084,81213,3230,7307201
TOSHIBA_20MG07ACA14TA,LSTM,68,test,disk_opt,0.177,0.239511,0.15822,0.190558,0.000429,0.85418,999,3172,5315,7385242
TOSHIBA_20MG07ACA14TA,LSTM,69,val,row_opt,0.004,0.045163,0.489437,0.082695,0.008688,0.806254,3035,64166,3166,7321643
TOSHIBA_20MG07ACA14TA,LSTM,69,val,disk_opt,0.196,0.296579,0.118852,0.169698,0.000237,0.806254,737,1748,5464,7384061
TOSHIBA_20MG07ACA14TA,LSTM,69,test,row_opt,0.004,0.042778,0.480203,0.078557,0.009183,0.850089,3032,67846,3282,7320568
TOSHIBA_20MG07ACA14TA,LSTM,69,test,disk_opt,0.196,0.162295,0.130345,0.144576,0.000575,0.850089,823,4248,5491,7384166
TOSHIBA_20MG07ACA14TA,GRU,63,val,row_opt,0.004,0.040089,0.487825,0.074089,0.009807,0.806269,3025,72432,3176,7313377
TOSHIBA_20MG07ACA14TA,GRU,63,val,disk_opt,0.12,0.233256,0.194323,0.212017,0.000536,0.806269,1205,3961,4996,7381848
TOSHIBA_20MG07ACA14TA,GRU,63,test,row_opt,0.004,0.037466,0.488755,0.069596,0.010731,0.848773,3086,79283,3228,7309131
TOSHIBA_20MG07ACA14TA,GRU,63,test,disk_opt,0.12,0.193293,0.197181,0.195218,0.000703,0.848773,1245,5196,5069,7383218
TOSHIBA_20MG07ACA14TA,GRU,64,val,row_opt,0.004,0.044698,0.48089,0.081794,0.008629,0.806882,2982,63732,3219,7322077
TOSHIBA_20MG07ACA14TA,GRU,64,val,disk_opt,0.112,0.196477,0.212224,0.204047,0.000729,0.806882,1316,5382,4885,7380427
TOSHIBA_20MG07ACA14TA,GRU,64,test,row_opt,0.004,0.037916,0.476877,0.070246,0.010341,0.845992,3011,76402,3303,7312012
TOSHIBA_20MG07ACA14TA,GRU,64,test,disk_opt,0.112,0.158563,0.183877,0.170285,0.000834,0.845992,1161,6161,5153,7382253
TOSHIBA_20MG07ACA14TA,GRU,65,val,row_opt,0.006,0.040659,0.477826,0.074941,0.009466,0.808839,2963,69912,3238,7315897
TOSHIBA_20MG07ACA14TA,GRU,65,val,disk_opt,0.135,0.199546,0.212708,0.205917,0.000716,0.808839,1319,5291,4882,7380518
TOSHIBA_20MG07ACA14TA,GRU,65,test,row_opt,0.006,0.038273,0.47165,0.0708,0.010128,0.851073,2978,74832,3336,7313582
TOSHIBA_20MG07ACA14TA,GRU,65,test,disk_opt,0.135,0.176069,0.20019,0.187356,0.000801,0.851073,1264,5915,5050,7382499
TOSHIBA_20MG07ACA14TA,GRU,66,val,row_opt,0.005,0.041271,0.484115,0.076058,0.009442,0.79525,3002,69737,3199,7316072
TOSHIBA_20MG07ACA14TA,GRU,66,val,disk_opt,0.107,0.189525,0.218836,0.203129,0.000786,0.79525,1357,5803,4844,7380006
TOSHIBA_20MG07ACA14TA,GRU,66,test,row_opt,0.005,0.03523,0.4707,0.065553,0.011016,0.851518,2972,81389,3342,7307025
TOSHIBA_20MG07ACA14TA,GRU,66,test,disk_opt,0.107,0.176806,0.206208,0.190379,0.00082,0.851518,1302,6062,5012,7382352
TOSHIBA_20MG07ACA14TA,GRU,67,val,row_opt,0.004,0.043935,0.479278,0.080492,0.008756,0.808748,2972,64673,3229,7321136
TOSHIBA_20MG07ACA14TA,GRU,67,val,disk_opt,0.127,0.191453,0.219642,0.204581,0.000779,0.808748,1362,5752,4839,7380057
TOSHIBA_20MG07ACA14TA,GRU,67,test,row_opt,0.004,0.039498,0.483054,0.073024,0.010039,0.846748,3050,74170,3264,7314244
TOSHIBA_20MG07ACA14TA,GRU,67,test,disk_opt,0.127,0.17761,0.185936,0.181677,0.000736,0.846748,1174,5436,5140,7382978
TOSHIBA_20MG07ACA14TA,GRU,68,val,row_opt,0.005,0.046644,0.479923,0.085025,0.008236,0.805705,2976,60826,3225,7324983
TOSHIBA_20MG07ACA14TA,GRU,68,val,disk_opt,0.147,0.207526,0.183196,0.194604,0.000587,0.805705,1136,4338,5065,7381471
TOSHIBA_20MG07ACA14TA,GRU,68,test,row_opt,0.005,0.041873,0.467532,0.076862,0.009142,0.857497,2952,67547,3362,7320867
TOSHIBA_20MG07ACA14TA,GRU,68,test,disk_opt,0.147,0.190788,0.179759,0.18511,0.000652,0.857497,1135,4814,5179,7383600
TOSHIBA_20MG07ACA14TA,GRU,69,val,row_opt,0.004,0.043728,0.4796,0.080148,0.008806,0.810459,2974,65038,3227,7320771
TOSHIBA_20MG07ACA14TA,GRU,69,val,disk_opt,0.11,0.221598,0.190937,0.205128,0.000563,0.810459,1184,4159,5017,7381650
TOSHIBA_20MG07ACA14TA,GRU,69,test,row_opt,0.004,0.040808,0.481311,0.075237,0.009668,0.845622,3039,71432,3275,7316982
TOSHIBA_20MG07ACA14TA,GRU,69,test,disk_opt,0.11,0.181862,0.178492,0.180161,0.000686,0.845622,1127,5070,5187,7383344
TOSHIBA_20MG07ACA14TA,XGB,63,val,row_opt,0.001,0.039842,0.458797,0.073317,0.009283,0.769216,2845,68562,3356,7317247
TOSHIBA_20MG07ACA14TA,XGB,63,val,disk_opt,0.063,0.141318,0.211579,0.169454,0.001079,0.769216,1312,7972,4889,7377837
TOSHIBA_20MG07ACA14TA,XGB,63,test,row_opt,0.001,0.042914,0.480044,0.078785,0.009149,0.809893,3031,67599,3283,7320815
TOSHIBA_20MG07ACA14TA,XGB,63,test,disk_opt,0.063,0.175428,0.222521,0.196188,0.000894,0.809893,1405,6604,4909,7381810
TOSHIBA_20MG07ACA14TA,XGB,64,val,row_opt,0.001,0.045809,0.438478,0.082952,0.007668,0.764571,2719,56636,3482,7329173
TOSHIBA_20MG07ACA14TA,XGB,64,val,disk_opt,0.048,0.145957,0.202871,0.169771,0.000997,0.764571,1258,7361,4943,7378448
TOSHIBA_20MG07ACA14TA,XGB,64,test,row_opt,0.001,0.044271,0.445835,0.080545,0.008225,0.81442,2815,60770,3499,7327644
TOSHIBA_20MG07ACA14TA,XGB,64,test,disk_opt,0.048,0.219498,0.236775,0.22781,0.00072,0.81442,1495,5316,4819,7383098
TOSHIBA_20MG07ACA14TA,XGB,65,val,row_opt,0.001,0.039632,0.458958,0.072963,0.009338,0.767449,2846,68965,3355,7316844
TOSHIBA_20MG07ACA14TA,XGB,65,val,disk_opt,0.092,0.12186,0.21432,0.155375,0.001297,0.767449,1329,9577,4872,7376232
TOSHIBA_20MG07ACA14TA,XGB,65,test,row_opt,0.001,0.042781,0.476243,0.07851,0.009106,0.791049,3007,67281,3307,7321133
TOSHIBA_20MG07ACA14TA,XGB,65,test,disk_opt,0.092,0.202052,0.205892,0.203954,0.000695,0.791049,1300,5134,5014,7383280
TOSHIBA_20MG07ACA14TA,XGB,66,val,row_opt,0.001,0.043261,0.464119,0.079144,0.008618,0.767221,2878,63649,3323,7322160
TOSHIBA_20MG07ACA14TA,XGB,66,val,disk_opt,0.05,0.124965,0.215449,0.158181,0.001267,0.767221,1336,9355,4865,7376454
TOSHIBA_20MG07ACA14TA,XGB,66,test,row_opt,0.001,0.041479,0.477669,0.07633,0.009433,0.816817,3016,69695,3298,7318719
TOSHIBA_20MG07ACA14TA,XGB,66,test,disk_opt,0.05,0.176077,0.241527,0.203673,0.000966,0.816817,1525,7136,4789,7381278
TOSHIBA_20MG07ACA14TA,XGB,67,val,row_opt,0.001,0.040465,0.458152,0.074363,0.009121,0.764874,2841,67367,3360,7318442
TOSHIBA_20MG07ACA14TA,XGB,67,val,disk_opt,0.065,0.147683,0.20658,0.172235,0.001001,0.764874,1281,7393,4920,7378416
TOSHIBA_20MG07ACA14TA,XGB,67,test,row_opt,0.001,0.044005,0.475927,0.080561,0.008836,0.81413,3005,65283,3309,7323131
TOSHIBA_20MG07ACA14TA,XGB,67,test,disk_opt,0.065,0.171989,0.216661,0.191758,0.000891,0.81413,1368,6586,4946,7381828
TOSHIBA_20MG07ACA14TA,XGB,68,val,row_opt,0.001,0.040251,0.430737,0.073623,0.008623,0.765967,2671,63687,3530,7322122
TOSHIBA_20MG07ACA14TA,XGB,68,val,disk_opt,0.062,0.137756,0.214643,0.167812,0.001128,0.765967,1331,8331,4870,7377478
TOSHIBA_20MG07ACA14TA,XGB,68,test,row_opt,0.001,0.048914,0.452328,0.088282,0.007516,0.817377,2856,55532,3458,7332882
TOSHIBA_20MG07ACA14TA,XGB,68,test,disk_opt,0.062,0.173022,0.222046,0.194493,0.000907,0.817377,1402,6701,4912,7381713
TOSHIBA_20MG07ACA14TA,XGB,69,val,row_opt,0.001,0.038847,0.457991,0.071619,0.009514,0.764857,2840,70268,3361,7315541
TOSHIBA_20MG07ACA14TA,XGB,69,val,disk_opt,0.064,0.139276,0.214159,0.168785,0.001111,0.764857,1328,8207,4873,7377602
TOSHIBA_20MG07ACA14TA,XGB,69,test,row_opt,0.001,0.044178,0.48242,0.080943,0.00892,0.814319,3046,65903,3268,7322511
TOSHIBA_20MG07ACA14TA,XGB,69,test,disk_opt,0.064,0.174202,0.216028,0.192873,0.000875,0.814319,1364,6466,4950,7381948
TOSHIBA_20MG07ACA14TA,LGBM,63,val,row_opt,0.001,0.075143,0.365425,0.124653,0.003776,0.681076,2266,27890,3935,7357919
TOSHIBA_20MG07ACA14TA,LGBM,63,val,disk_opt,0.02,0.117275,0.233511,0.156135,0.001476,0.681076,1448,10899,4753,7374910
TOSHIBA_20MG07ACA14TA,LGBM,63,test,row_opt,0.001,0.084446,0.391828,0.138946,0.00363,0.694379,2474,26823,3840,7361591
TOSHIBA_20MG07ACA14TA,LGBM,63,test,disk_opt,0.02,0.139099,0.273836,0.184486,0.001448,0.694379,1729,10701,4585,7377713
TOSHIBA_20MG07ACA14TA,LGBM,64,val,row_opt,0.001,0.075143,0.365425,0.124653,0.003776,0.681106,2266,27890,3935,7357919
TOSHIBA_20MG07ACA14TA,LGBM,64,val,disk_opt,0.13,0.170804,0.194162,0.181736,0.000791,0.681106,1204,5845,4997,7379964
TOSHIBA_20MG07ACA14TA,LGBM,64,test,row_opt,0.001,0.084446,0.391828,0.138946,0.00363,0.694385,2474,26823,3840,7361591
TOSHIBA_20MG07ACA14TA,LGBM,64,test,disk_opt,0.13,0.239517,0.172791,0.200754,0.000469,0.694385,1091,3464,5223,7384950
TOSHIBA_20MG07ACA14TA,LGBM,65,val,row_opt,0.001,0.075143,0.365425,0.124653,0.003776,0.68112,2266,27890,3935,7357919
TOSHIBA_20MG07ACA14TA,LGBM,65,val,disk_opt,0.128,0.178195,0.185293,0.181674,0.000717,0.68112,1149,5299,5052,7380510
TOSHIBA_20MG07ACA14TA,LGBM,65,test,row_opt,0.001,0.084446,0.391828,0.138946,0.00363,0.694389,2474,26823,3840,7361591
TOSHIBA_20MG07ACA14TA,LGBM,65,test,disk_opt,0.128,0.2418,0.191479,0.213718,0.000513,0.694389,1209,3791,5105,7384623
TOSHIBA_20MG07ACA14TA,LGBM,66,val,row_opt,0.001,0.075143,0.365425,0.124653,0.003776,0.681127,2266,27890,3935,7357919
TOSHIBA_20MG07ACA14TA,LGBM,66,val,disk_opt,0.128,0.183419,0.20158,0.192071,0.000753,0.681127,1250,5565,4951,7380244
TOSHIBA_20MG07ACA14TA,LGBM,66,test,row_opt,0.001,0.084446,0.391828,0.138946,0.00363,0.694382,2474,26823,3840,7361591
TOSHIBA_20MG07ACA14TA,LGBM,66,test,disk_opt,0.128,0.230607,0.190212,0.208471,0.000542,0.694382,1201,4007,5113,7384407
TOSHIBA_20MG07ACA14TA,LGBM,67,val,row_opt,0.001,0.075143,0.365425,0.124653,0.003776,0.681124,2266,27890,3935,7357919
TOSHIBA_20MG07ACA14TA,LGBM,67,val,disk_opt,0.131,0.187557,0.197388,0.192347,0.000718,0.681124,1224,5302,4977,7380507
TOSHIBA_20MG07ACA14TA,LGBM,67,test,row_opt,0.001,0.084446,0.391828,0.138946,0.00363,0.694372,2474,26823,3840,7361591
TOSHIBA_20MG07ACA14TA,LGBM,67,test,disk_opt,0.131,0.236111,0.193855,0.212907,0.000536,0.694372,1224,3960,5090,7384454
TOSHIBA_20MG07ACA14TA,LGBM,68,val,row_opt,0.001,0.075143,0.365425,0.124653,0.003776,0.681108,2266,27890,3935,7357919
TOSHIBA_20MG07ACA14TA,LGBM,68,val,disk_opt,0.129,0.182475,0.183358,0.182915,0.00069,0.681108,1137,5094,5064,7380715
TOSHIBA_20MG07ACA14TA,LGBM,68,test,row_opt,0.001,0.084446,0.391828,0.138946,0.00363,0.69436,2474,26823,3840,7361591
TOSHIBA_20MG07ACA14TA,LGBM,68,test,disk_opt,0.129,0.22655,0.160279,0.187738,0.000468,0.69436,1012,3455,5302,7384959
TOSHIBA_20MG07ACA14TA,LGBM,69,val,row_opt,0.001,0.075143,0.365425,0.124653,0.003776,0.681119,2266,27890,3935,7357919
TOSHIBA_20MG07ACA14TA,LGBM,69,val,disk_opt,0.133,0.180697,0.189002,0.184756,0.000719,0.681119,1172,5314,5029,7380495
TOSHIBA_20MG07ACA14TA,LGBM,69,test,row_opt,0.001,0.084446,0.391828,0.138946,0.00363,0.694394,2474,26823,3840,7361591
TOSHIBA_20MG07ACA14TA,LGBM,69,test,disk_opt,0.133,0.242634,0.189104,0.21255,0.000504,0.694394,1194,3727,5120,7384687
HGST_20HUH721212ALN604,LSTM,70,val,row_opt,0.03,0.083475,0.504921,0.143265,0.009944,0.919632,2411,26472,2364,2635767
HGST_20HUH721212ALN604,LSTM,70,val,disk_opt,0.13,0.1936,0.177382,0.185137,0.001325,0.919632,847,3528,3928,2658711
HGST_20HUH721212ALN604,LSTM,70,test,row_opt,0.03,0.066464,0.446271,0.115697,0.011196,0.917849,2118,29749,2628,2627376
HGST_20HUH721212ALN604,LSTM,70,test,disk_opt,0.13,0.165857,0.151075,0.158121,0.001357,0.917849,717,3606,4029,2653519
HGST_20HUH721212ALN604,LSTM,71,val,row_opt,0.046,0.0841,0.509529,0.14437,0.009953,0.923198,2433,26497,2342,2635742
HGST_20HUH721212ALN604,LSTM,71,val,disk_opt,0.123,0.167686,0.212356,0.187396,0.001891,0.923198,1014,5033,3761,2657206
HGST_20HUH721212ALN604,LSTM,71,test,row_opt,0.046,0.069126,0.465445,0.120375,0.011195,0.915913,2209,29747,2537,2627378
HGST_20HUH721212ALN604,LSTM,71,test,disk_opt,0.123,0.149567,0.222082,0.17875,0.002255,0.915913,1054,5993,3692,2651132
HGST_20HUH721212ALN604,GRU,70,val,row_opt,0.044,0.083432,0.503874,0.143159,0.009928,0.925239,2406,26432,2369,2635807
HGST_20HUH721212ALN604,GRU,70,val,disk_opt,0.225,0.225623,0.132775,0.167172,0.000817,0.925239,634,2176,4141,2660063
HGST_20HUH721212ALN604,GRU,70,test,row_opt,0.044,0.074135,0.474083,0.12822,0.010575,0.921127,2250,28100,2496,2629025
HGST_20HUH721212ALN604,GRU,70,test,disk_opt,0.225,0.18357,0.144543,0.161735,0.001148,0.921127,686,3051,4060,2654074
HGST_20HUH721212ALN604,GRU,71,val,row_opt,0.042,0.082856,0.497173,0.142041,0.009871,0.926644,2374,26278,2401,2635961
HGST_20HUH721212ALN604,GRU,71,val,disk_opt,0.161,0.210332,0.131309,0.161681,0.000884,0.926644,627,2354,4148,2659885
HGST_20HUH721212ALN604,GRU,71,test,row_opt,0.042,0.070148,0.446692,0.121254,0.010576,0.917497,2120,28102,2626,2629023
HGST_20HUH721212ALN604,GRU,71,test,disk_opt,0.161,0.18056,0.120944,0.144858,0.00098,0.917497,574,2605,4172,2654520
HGST_20HUH721212ALN604,XGB,70,val,row_opt,0.019,0.080187,0.459476,0.136545,0.009453,0.916456,2194,25167,2581,2637072
HGST_20HUH721212ALN604,XGB,70,val,disk_opt,0.612,0.26276,0.02911,0.052413,0.000146,0.916456,139,390,4636,2661849
HGST_20HUH721212ALN604,XGB,70,test,row_opt,0.019,0.084427,0.474294,0.143339,0.009187,0.920935,2251,24411,2495,2632714
HGST_20HUH721212ALN604,XGB,70,test,disk_opt,0.612,0.144205,0.022545,0.038994,0.000239,0.920935,107,635,4639,2656490
HGST_20HUH721212ALN604,XGB,71,val,row_opt,0.039,0.078506,0.471414,0.134597,0.009925,0.926548,2251,26422,2524,2635817
HGST_20HUH721212ALN604,XGB,71,val,disk_opt,0.429,0.240964,0.025131,0.045515,0.000142,0.926548,120,378,4655,2661861
HGST_20HUH721212ALN604,XGB,71,test,row_opt,0.039,0.080863,0.494943,0.139015,0.010048,0.925871,2349,26700,2397,2630425
HGST_20HUH721212ALN604,XGB,71,test,disk_opt,0.429,0.255864,0.050569,0.084448,0.000263,0.925871,240,698,4506,2656427
HGST_20HUH721212ALN604,LGBM,70,val,row_opt,0.024,0.08388,0.477068,0.142674,0.009346,0.914419,2278,24880,2497,2637359
HGST_20HUH721212ALN604,LGBM,70,val,disk_opt,0.986,0.237964,0.03623,0.062886,0.000208,0.914419,173,554,4602,2661685
HGST_20HUH721212ALN604,LGBM,70,test,row_opt,0.024,0.069885,0.417615,0.119733,0.009928,0.899263,1982,26379,2764,2630746
HGST_20HUH721212ALN604,LGBM,70,test,disk_opt,0.986,0.430851,0.051201,0.091525,0.000121,0.899263,243,321,4503,2656804
HGST_20HUH721212ALN604,LGBM,71,val,row_opt,0.008,0.083923,0.404817,0.139025,0.007926,0.889259,1933,21100,2842,2641139
HGST_20HUH721212ALN604,LGBM,71,val,disk_opt,0.154,0.277113,0.150366,0.19495,0.000704,0.889259,718,1873,4057,2660366
HGST_20HUH721212ALN604,LGBM,71,test,row_opt,0.008,0.085946,0.408344,0.142004,0.007757,0.876838,1938,20611,2808,2636514
HGST_20HUH721212ALN604,LGBM,71,test,disk_opt,0.154,0.127253,0.098188,0.110847,0.001203,0.876838,466,3196,4280,2653929
ST12000NM0007,LSTM,70,val,row_opt,0.019,0.082315,0.478502,0.140467,0.009858,0.854131,3194,35608,3481,3576439
ST12000NM0007,LSTM,70,val,disk_opt,0.294,0.288312,0.083146,0.12907,0.000379,0.854131,555,1370,6120,3610677
ST12000NM0007,LSTM,70,test,row_opt,0.019,0.064012,0.383433,0.109708,0.010538,0.781824,2620,38310,4213,3596946
ST12000NM0007,LSTM,70,test,disk_opt,0.294,0.142047,0.073321,0.096718,0.000832,0.781824,501,3026,6332,3632230
ST12000NM0007,LSTM,71,val,row_opt,0.015,0.081108,0.476854,0.138635,0.009984,0.852896,3183,36061,3492,3575986
ST12000NM0007,LSTM,71,val,disk_opt,0.372,0.267648,0.092584,0.137578,0.000468,0.852896,618,1691,6057,3610356
ST12000NM0007,LSTM,71,test,row_opt,0.015,0.063336,0.374945,0.108366,0.010423,0.784269,2562,37889,4271,3597367
ST12000NM0007,LSTM,71,test,disk_opt,0.372,0.115376,0.075662,0.091391,0.00109,0.784269,517,3964,6316,3631292
ST12000NM0007,GRU,70,val,row_opt,0.021,0.080449,0.465618,0.137194,0.009835,0.84769,3108,35525,3567,3576522
ST12000NM0007,GRU,70,val,disk_opt,0.32,0.364566,0.06412,0.109058,0.000207,0.84769,428,746,6247,3611301
ST12000NM0007,GRU,70,test,row_opt,0.021,0.073144,0.38475,0.122919,0.009164,0.785714,2629,33314,4204,3601942
ST12000NM0007,GRU,70,test,disk_opt,0.32,0.336449,0.047417,0.08312,0.000176,0.785714,324,639,6509,3634617
ST12000NM0007,GRU,71,val,row_opt,0.014,0.082824,0.478951,0.141226,0.009801,0.853675,3197,35403,3478,3576644
ST12000NM0007,GRU,71,val,disk_opt,0.299,0.346088,0.090787,0.14384,0.000317,0.853675,606,1145,6069,3610902
ST12000NM0007,GRU,71,test,row_opt,0.014,0.071423,0.382409,0.120365,0.009345,0.784449,2613,33972,4220,3601284
ST12000NM0007,GRU,71,test,disk_opt,0.299,0.266512,0.06732,0.107489,0.000348,0.784449,460,1266,6373,3633990
ST12000NM0007,XGB,70,val,row_opt,0.019,0.080078,0.466816,0.136706,0.00991,0.865778,3116,35796,3559,3576251
ST12000NM0007,XGB,70,val,disk_opt,0.118,0.169914,0.182921,0.176178,0.001651,0.865778,1221,5965,5454,3606082
ST12000NM0007,XGB,70,test,row_opt,0.019,0.065042,0.389726,0.111479,0.01053,0.802662,2663,38280,4170,3596976
ST12000NM0007,XGB,70,test,disk_opt,0.118,0.126048,0.149568,0.136805,0.001949,0.802662,1022,7086,5811,3628170
ST12000NM0007,XGB,71,val,row_opt,0.018,0.08222,0.472809,0.14008,0.009753,0.863829,3156,35229,3519,3576818
ST12000NM0007,XGB,71,val,disk_opt,0.111,0.194933,0.192509,0.193714,0.001469,0.863829,1285,5307,5390,3606740
ST12000NM0007,XGB,71,test,row_opt,0.018,0.065291,0.391336,0.111911,0.01053,0.804852,2674,38281,4159,3596975
ST12000NM0007,XGB,71,test,disk_opt,0.111,0.136364,0.162886,0.148449,0.001939,0.804852,1113,7049,5720,3628207
ST12000NM0007,LGBM,70,val,row_opt,0.009,0.07702,0.449888,0.131523,0.009963,0.847023,3003,35987,3672,3576060
ST12000NM0007,LGBM,70,val,disk_opt,0.067,0.142352,0.162697,0.151846,0.001811,0.847023,1086,6543,5589,3605504
ST12000NM0007,LGBM,70,test,row_opt,0.009,0.064346,0.370847,0.109664,0.010136,0.775976,2534,36847,4299,3598409
ST12000NM0007,LGBM,70,test,disk_opt,0.067,0.114552,0.088248,0.099694,0.001282,0.775976,603,4661,6230,3630595
ST12000NM0007,LGBM,71,val,row_opt,0.008,0.073575,0.425468,0.125456,0.0099,0.832573,2840,35760,3835,3576287
ST12000NM0007,LGBM,71,val,disk_opt,0.039,0.140331,0.165243,0.151772,0.001871,0.832573,1103,6757,5572,3605290
ST12000NM0007,LGBM,71,test,row_opt,0.008,0.069999,0.346407,0.116463,0.008651,0.761724,2367,31448,4466,3603808
ST12000NM0007,LGBM,71,test,disk_opt,0.039,0.102421,0.107127,0.104721,0.001765,0.761724,732,6415,6101,3628841
TOSHIBA_20MG07ACA14TA,LSTM,70,val,row_opt,0.005,0.044133,0.472504,0.080726,0.008592,0.814496,2930,63460,3271,7322349
TOSHIBA_20MG07ACA14TA,LSTM,70,val,disk_opt,0.188,0.269209,0.152556,0.19475,0.000348,0.814496,946,2568,5255,7383241
TOSHIBA_20MG07ACA14TA,LSTM,70,test,row_opt,0.005,0.040025,0.467691,0.07374,0.009586,0.850281,2953,70825,3361,7317589
TOSHIBA_20MG07ACA14TA,LSTM,70,test,disk_opt,0.188,0.179634,0.149192,0.163004,0.000582,0.850281,942,4302,5372,7384112
TOSHIBA_20MG07ACA14TA,LSTM,71,val,row_opt,0.003,0.040531,0.48976,0.074866,0.009734,0.805731,3037,71894,3164,7313915
TOSHIBA_20MG07ACA14TA,LSTM,71,val,disk_opt,0.128,0.286698,0.147718,0.194977,0.000309,0.805731,916,2279,5285,7383530
TOSHIBA_20MG07ACA14TA,LSTM,71,test,row_opt,0.003,0.034475,0.498416,0.06449,0.011929,0.859033,3147,88136,3167,7300278
TOSHIBA_20MG07ACA14TA,LSTM,71,test,disk_opt,0.128,0.225167,0.138581,0.171569,0.000408,0.859033,875,3011,5439,7385403
TOSHIBA_20MG07ACA14TA,GRU,70,val,row_opt,0.003,0.044013,0.491856,0.080796,0.00897,0.809064,3050,66248,3151,7319561
TOSHIBA_20MG07ACA14TA,GRU,70,val,disk_opt,0.136,0.224399,0.186583,0.203751,0.000541,0.809064,1157,3999,5044,7381810
TOSHIBA_20MG07ACA14TA,GRU,70,test,row_opt,0.003,0.038548,0.484321,0.071413,0.010323,0.857526,3058,76271,3256,7312143
TOSHIBA_20MG07ACA14TA,GRU,70,test,disk_opt,0.136,0.202306,0.188945,0.195398,0.000637,0.857526,1193,4704,5121,7383710
TOSHIBA_20MG07ACA14TA,GRU,71,val,row_opt,0.004,0.043682,0.486696,0.080169,0.008946,0.805146,3018,66072,3183,7319737
TOSHIBA_20MG07ACA14TA,GRU,71,val,disk_opt,0.145,0.196233,0.196581,0.196407,0.000676,0.805146,1219,4993,4982,7380816
TOSHIBA_20MG07ACA14TA,GRU,71,test,row_opt,0.004,0.037066,0.485746,0.068876,0.010784,0.849293,3067,79677,3247,7308737
TOSHIBA_20MG07ACA14TA,GRU,71,test,disk_opt,0.145,0.187038,0.196547,0.191675,0.00073,0.849293,1241,5394,5073,7383020
TOSHIBA_20MG07ACA14TA,XGB,70,val,row_opt,0.002,0.067373,0.423641,0.116257,0.004924,0.776451,2627,36365,3574,7349444
TOSHIBA_20MG07ACA14TA,XGB,70,val,disk_opt,0.067,0.13927,0.204806,0.165796,0.001063,0.776451,1270,7849,4931,7377960
TOSHIBA_20MG07ACA14TA,XGB,70,test,row_opt,0.002,0.061293,0.42873,0.107253,0.005611,0.830185,2707,41458,3607,7346956
TOSHIBA_20MG07ACA14TA,XGB,70,test,disk_opt,0.067,0.16878,0.223472,0.192313,0.000941,0.830185,1411,6949,4903,7381465
TOSHIBA_20MG07ACA14TA,XGB,71,val,row_opt,0.002,0.051138,0.430092,0.091408,0.0067,0.788592,2667,49486,3534,7336323
TOSHIBA_20MG07ACA14TA,XGB,71,val,disk_opt,0.063,0.134071,0.226738,0.168504,0.00123,0.788592,1406,9081,4795,7376728
TOSHIBA_20MG07ACA14TA,XGB,71,test,row_opt,0.002,0.054609,0.413525,0.096477,0.006118,0.837319,2611,45202,3703,7343212
TOSHIBA_20MG07ACA14TA,XGB,71,test,disk_opt,0.063,0.139987,0.235033,0.175466,0.001234,0.837319,1484,9117,4830,7379297
TOSHIBA_20MG07ACA14TA,LGBM,70,val,row_opt,0.001,0.075143,0.365425,0.124653,0.003776,0.681132,2266,27890,3935,7357919
TOSHIBA_20MG07ACA14TA,LGBM,70,val,disk_opt,0.133,0.205643,0.183358,0.193862,0.000595,0.681132,1137,4392,5064,7381417
TOSHIBA_20MG07ACA14TA,LGBM,70,test,row_opt,0.001,0.084446,0.391828,0.138946,0.00363,0.694399,2474,26823,3840,7361591
TOSHIBA_20MG07ACA14TA,LGBM,70,test,disk_opt,0.133,0.255471,0.197814,0.222976,0.000493,0.694399,1249,3640,5065,7384774
TOSHIBA_20MG07ACA14TA,LGBM,71,val,row_opt,0.001,0.074866,0.363974,0.124188,0.003776,0.679664,2257,27890,3944,7357919
TOSHIBA_20MG07ACA14TA,LGBM,71,val,disk_opt,0.124,0.168153,0.203677,0.184218,0.000846,0.679664,1263,6248,4938,7379561
TOSHIBA_20MG07ACA14TA,LGBM,71,test,row_opt,0.001,0.084446,0.391828,0.138946,0.00363,0.694388,2474,26823,3840,7361591
TOSHIBA_20MG07ACA14TA,LGBM,71,test,disk_opt,0.124,0.236305,0.196072,0.214317,0.000542,0.694388,1238,4001,5076,7384413
