serial_number,hdd,model,threshold,has_failed,total_obs_days,total_alarm_count,alarm_ratio
2AG61PSY,HGST_20HUH721212ALN604,LGBM,0.99,0,2467,0,0.0
2AG8AVRY,HGST_20HUH721212ALN604,LGBM,0.99,0,2393,0,0.0
2AGEGU7Y,HGST_20HUH721212ALN604,LGBM,0.99,0,2471,0,0.0
2AGEU1JY,HGST_20HUH721212ALN604,LGBM,0.99,0,2466,30,0.012165450121654502
2AGG48NY,HGST_20HUH721212ALN604,LGBM,0.99,0,2471,0,0.0
2AGG7H1Y,HGST_20HUH721212ALN604,LGBM,0.99,0,2471,0,0.0
2AGGHGJY,HGST_20HUH721212ALN604,LGBM,0.99,1,2015,0,0.0
2AGGHLEY,HGST_20HUH721212ALN604,LGBM,0.99,0,2466,0,0.0
2AGGHM0Y,HGST_20HUH721212ALN604,LGBM,0.99,0,2471,0,0.0
2AGGHMUY,HGST_20HUH721212ALN604,LGBM,0.99,0,2482,0,0.0
2AGGHR1Y,HGST_20HUH721212ALN604,LGBM,0.99,0,2471,0,0.0
2AGGHR7Y,HGST_20HUH721212ALN604,LGBM,0.99,0,2471,0,0.0
2AGGL0UY,HGST_20HUH721212ALN604,LGBM,0.99,1,1008,0,0.0
2AGGR3NY,HGST_20HUH721212ALN604,LGBM,0.99,0,2471,0,0.0
2AGGZNJY,HGST_20HUH721212ALN604,LGBM,0.99,0,2471,0,0.0
2AGH31BY,HGST_20HUH721212ALN604,LGBM,0.99,1,1620,0,0.0
2AGH31PY,HGST_20HUH721212ALN604,LGBM,0.99,1,2003,0,0.0
2AGH33SY,HGST_20HUH721212ALN604,LGBM,0.99,1,2174,1,0.00045998160073597056
2AGH34HY,HGST_20HUH721212ALN604,LGBM,0.99,0,2471,0,0.0
2AGH34PY,HGST_20HUH721212ALN604,LGBM,0.99,0,2471,0,0.0
2AGH35GY,HGST_20HUH721212ALN604,LGBM,0.99,0,2471,0,0.0
2AGHB9XY,HGST_20HUH721212ALN604,LGBM,0.99,1,2009,0,0.0
2AGHDYHY,HGST_20HUH721212ALN604,LGBM,0.99,0,2471,0,0.0
2AGHEP9Y,HGST_20HUH721212ALN604,LGBM,0.99,1,1888,0,0.0
2AGHGR1Y,HGST_20HUH721212ALN604,LGBM,0.99,0,2471,0,0.0
2AGHGRLY,HGST_20HUH721212ALN604,LGBM,0.99,0,2471,0,0.0
2AGHGRRY,HGST_20HUH721212ALN604,LGBM,0.99,0,2471,0,0.0
2AGHJD4Y,HGST_20HUH721212ALN604,LGBM,0.99,0,2464,6,0.002435064935064935
2AGHK55Y,HGST_20HUH721212ALN604,LGBM,0.99,0,2460,0,0.0
2AGHK8MY,HGST_20HUH721212ALN604,LGBM,0.99,0,2471,0,0.0
2AGHLEUY,HGST_20HUH721212ALN604,LGBM,0.99,1,1625,0,0.0
2AGHLGTY,HGST_20HUH721212ALN604,LGBM,0.99,1,2263,0,0.0
2AGHLKHY,HGST_20HUH721212ALN604,LGBM,0.99,0,2471,0,0.0
2AGHLMXY,HGST_20HUH721212ALN604,LGBM,0.99,0,2471,0,0.0
2AGHLN0Y,HGST_20HUH721212ALN604,LGBM,0.99,0,2471,0,0.0
2AGHMUTY,HGST_20HUH721212ALN604,LGBM,0.99,0,2471,0,0.0
2AGHMUYY,HGST_20HUH721212ALN604,LGBM,0.99,0,2466,0,0.0
2AGHMW5Y,HGST_20HUH721212ALN604,LGBM,0.99,0,2471,0,0.0
2AGHMXGY,HGST_20HUH721212ALN604,LGBM,0.99,1,1449,0,0.0
2AGHMYTY,HGST_20HUH721212ALN604,LGBM,0.99,0,2471,0,0.0
2AGHMZMY,HGST_20HUH721212ALN604,LGBM,0.99,0,2471,0,0.0
2AGHN0TY,HGST_20HUH721212ALN604,LGBM,0.99,1,515,34,0.06601941747572816
2AGHN0WY,HGST_20HUH721212ALN604,LGBM,0.99,0,2471,0,0.0
2AGHN16Y,HGST_20HUH721212ALN604,LGBM,0.99,0,2471,0,0.0
2AGHN2AY,HGST_20HUH721212ALN604,LGBM,0.99,0,2471,0,0.0
2AGHN3XY,HGST_20HUH721212ALN604,LGBM,0.99,0,2471,0,0.0
2AGHPDKY,HGST_20HUH721212ALN604,LGBM,0.99,0,2471,0,0.0
2AGHSJ4Y,HGST_20HUH721212ALN604,LGBM,0.99,0,2462,0,0.0
2AGHSS9Y,HGST_20HUH721212ALN604,LGBM,0.99,0,2471,0,0.0
2AGHTBYY,HGST_20HUH721212ALN604,LGBM,0.99,1,2071,20,0.009657170449058426
2AGHTGEY,HGST_20HUH721212ALN604,LGBM,0.99,1,1388,0,0.0
2AGHTKBY,HGST_20HUH721212ALN604,LGBM,0.99,0,2471,0,0.0
2AGLY65Y,HGST_20HUH721212ALN604,LGBM,0.99,1,1561,0,0.0
2AGM231Y,HGST_20HUH721212ALN604,LGBM,0.99,0,2494,0,0.0
2AGM23NY,HGST_20HUH721212ALN604,LGBM,0.99,0,2494,0,0.0
2AGM5UVY,HGST_20HUH721212ALN604,LGBM,0.99,0,2482,0,0.0
2AGM5V7Y,HGST_20HUH721212ALN604,LGBM,0.99,1,2390,0,0.0
2AGM5VBY,HGST_20HUH721212ALN604,LGBM,0.99,0,2482,0,0.0
2AGM5VHY,HGST_20HUH721212ALN604,LGBM,0.99,1,1986,0,0.0
2AGM5W9Y,HGST_20HUH721212ALN604,LGBM,0.99,1,2073,0,0.0
2AGM5YEY,HGST_20HUH721212ALN604,LGBM,0.99,0,2494,0,0.0
2AGM8EMY,HGST_20HUH721212ALN604,LGBM,0.99,1,1994,0,0.0
2AGM8EUY,HGST_20HUH721212ALN604,LGBM,0.99,0,2471,0,0.0
2AGM8J2Y,HGST_20HUH721212ALN604,LGBM,0.99,0,2482,0,0.0
2AGM8JAY,HGST_20HUH721212ALN604,LGBM,0.99,0,2468,0,0.0
2AGM8LNY,HGST_20HUH721212ALN604,LGBM,0.99,0,2486,0,0.0
2AGM8RJY,HGST_20HUH721212ALN604,LGBM,0.99,0,2393,0,0.0
2AGM8RTY,HGST_20HUH721212ALN604,LGBM,0.99,0,2480,1,0.0004032258064516129
2AGM8UNY,HGST_20HUH721212ALN604,LGBM,0.99,1,2310,1,0.0004329004329004329
2AGM8V7Y,HGST_20HUH721212ALN604,LGBM,0.99,0,2482,0,0.0
2AGM9MXY,HGST_20HUH721212ALN604,LGBM,0.99,1,2333,0,0.0
2AGM9PJY,HGST_20HUH721212ALN604,LGBM,0.99,0,2485,0,0.0
2AGM9RGY,HGST_20HUH721212ALN604,LGBM,0.99,1,1318,0,0.0
2AGM9S6Y,HGST_20HUH721212ALN604,LGBM,0.99,0,2482,0,0.0
2AGM9SDY,HGST_20HUH721212ALN604,LGBM,0.99,0,2494,0,0.0
2AGM9U1Y,HGST_20HUH721212ALN604,LGBM,0.99,0,2480,0,0.0
2AGMDJKY,HGST_20HUH721212ALN604,LGBM,0.99,0,2494,0,0.0
2AGMDUAY,HGST_20HUH721212ALN604,LGBM,0.99,1,1330,0,0.0
2AGMDY1Y,HGST_20HUH721212ALN604,LGBM,0.99,0,2393,0,0.0
2AGME0XY,HGST_20HUH721212ALN604,LGBM,0.99,1,1841,0,0.0
2AGME3BY,HGST_20HUH721212ALN604,LGBM,0.99,0,2482,0,0.0
2AGME9PY,HGST_20HUH721212ALN604,LGBM,0.99,1,1821,0,0.0
2AGMGAYY,HGST_20HUH721212ALN604,LGBM,0.99,0,2482,0,0.0
2AGMGDPY,HGST_20HUH721212ALN604,LGBM,0.99,0,2393,0,0.0
2AGMGKLY,HGST_20HUH721212ALN604,LGBM,0.99,0,2393,0,0.0
2AGMGXEY,HGST_20HUH721212ALN604,LGBM,0.99,0,2393,0,0.0
2AGMH2YY,HGST_20HUH721212ALN604,LGBM,0.99,1,2024,0,0.0
2AGMH3JY,HGST_20HUH721212ALN604,LGBM,0.99,0,2482,0,0.0
2AGMHK6Y,HGST_20HUH721212ALN604,LGBM,0.99,0,2494,0,0.0
2AGMHPEY,HGST_20HUH721212ALN604,LGBM,0.99,1,1852,0,0.0
2AGMHRYY,HGST_20HUH721212ALN604,LGBM,0.99,1,1828,0,0.0
2AGMHTLY,HGST_20HUH721212ALN604,LGBM,0.99,0,2494,0,0.0
2AGMHU7Y,HGST_20HUH721212ALN604,LGBM,0.99,1,1893,0,0.0
2AGMHVTY,HGST_20HUH721212ALN604,LGBM,0.99,0,2482,0,0.0
2AGMHWAY,HGST_20HUH721212ALN604,LGBM,0.99,1,1502,1,0.0006657789613848203
2AGMHXDY,HGST_20HUH721212ALN604,LGBM,0.99,1,2121,0,0.0
2AGMHY3Y,HGST_20HUH721212ALN604,LGBM,0.99,1,2290,0,0.0
2AGMHY5Y,HGST_20HUH721212ALN604,LGBM,0.99,0,2393,0,0.0
2AGMJ35Y,HGST_20HUH721212ALN604,LGBM,0.99,0,2494,0,0.0
2AGMJ3JY,HGST_20HUH721212ALN604,LGBM,0.99,0,2482,0,0.0
2AGMJ3TY,HGST_20HUH721212ALN604,LGBM,0.99,0,2393,0,0.0
2AGMJ47Y,HGST_20HUH721212ALN604,LGBM,0.99,0,2466,0,0.0
2AGMJ5BY,HGST_20HUH721212ALN604,LGBM,0.99,1,731,0,0.0
2AGMKV4Y,HGST_20HUH721212ALN604,LGBM,0.99,1,2442,4,0.001638001638001638
2AGMKVHY,HGST_20HUH721212ALN604,LGBM,0.99,1,1363,0,0.0
2AGMKVTY,HGST_20HUH721212ALN604,LGBM,0.99,1,1941,0,0.0
2AGMLMLY,HGST_20HUH721212ALN604,LGBM,0.99,0,2393,0,0.0
2AGMLSZY,HGST_20HUH721212ALN604,LGBM,0.99,1,442,8,0.01809954751131222
2AGMLT7Y,HGST_20HUH721212ALN604,LGBM,0.99,0,2474,0,0.0
2AGMLWNY,HGST_20HUH721212ALN604,LGBM,0.99,0,2393,0,0.0
2AGMLZLY,HGST_20HUH721212ALN604,LGBM,0.99,1,2460,1,0.0004065040650406504
2AGMM0UY,HGST_20HUH721212ALN604,LGBM,0.99,0,2480,4,0.0016129032258064516
2AGMMNKY,HGST_20HUH721212ALN604,LGBM,0.99,0,2466,0,0.0
2AGMMU1Y,HGST_20HUH721212ALN604,LGBM,0.99,0,2482,0,0.0
2AGMMU4Y,HGST_20HUH721212ALN604,LGBM,0.99,0,2393,0,0.0
2AGMNB7Y,HGST_20HUH721212ALN604,LGBM,0.99,1,1415,0,0.0
2AGMNBEY,HGST_20HUH721212ALN604,LGBM,0.99,0,2482,0,0.0
2AGMND4Y,HGST_20HUH721212ALN604,LGBM,0.99,1,2369,11,0.004643309413254538
2AGMNE1Y,HGST_20HUH721212ALN604,LGBM,0.99,1,2244,0,0.0
2AGMNEBY,HGST_20HUH721212ALN604,LGBM,0.99,1,1921,0,0.0
2AGMNG0Y,HGST_20HUH721212ALN604,LGBM,0.99,0,2022,0,0.0
2AGMNJKY,HGST_20HUH721212ALN604,LGBM,0.99,1,2312,15,0.006487889273356401
2AGMNM8Y,HGST_20HUH721212ALN604,LGBM,0.99,0,2393,0,0.0
2AGMNMWY,HGST_20HUH721212ALN604,LGBM,0.99,1,1448,0,0.0
2AGMNTXY,HGST_20HUH721212ALN604,LGBM,0.99,0,2482,0,0.0
2AGMNUVY,HGST_20HUH721212ALN604,LGBM,0.99,0,2494,0,0.0
2AGMNWBY,HGST_20HUH721212ALN604,LGBM,0.99,0,2393,0,0.0
2AGMNXRY,HGST_20HUH721212ALN604,LGBM,0.99,0,2393,0,0.0
2AGMP7ZY,HGST_20HUH721212ALN604,LGBM,0.99,0,2393,0,0.0
2AGMPBWY,HGST_20HUH721212ALN604,LGBM,0.99,0,2453,0,0.0
2AGMPD8Y,HGST_20HUH721212ALN604,LGBM,0.99,1,1562,0,0.0
2AGMPK3Y,HGST_20HUH721212ALN604,LGBM,0.99,0,2494,0,0.0
2AGMPL7Y,HGST_20HUH721212ALN604,LGBM,0.99,1,2115,0,0.0
2AGMPP1Y,HGST_20HUH721212ALN604,LGBM,0.99,0,2482,0,0.0
2AGMPP4Y,HGST_20HUH721212ALN604,LGBM,0.99,1,2313,16,0.006917423259835711
2AGMPPGY,HGST_20HUH721212ALN604,LGBM,0.99,0,2482,0,0.0
2AGMPSSY,HGST_20HUH721212ALN604,LGBM,0.99,0,2482,0,0.0
2AGMPT2Y,HGST_20HUH721212ALN604,LGBM,0.99,0,2482,0,0.0
2AGMPZ8Y,HGST_20HUH721212ALN604,LGBM,0.99,0,2393,0,0.0
2AGMS6PY,HGST_20HUH721212ALN604,LGBM,0.99,0,2393,0,0.0
2AGMSHHY,HGST_20HUH721212ALN604,LGBM,0.99,1,1197,0,0.0
2AGMTK0Y,HGST_20HUH721212ALN604,LGBM,0.99,1,2295,0,0.0
2AGMTL0Y,HGST_20HUH721212ALN604,LGBM,0.99,1,1445,0,0.0
2AGMTXAY,HGST_20HUH721212ALN604,LGBM,0.99,0,2393,0,0.0
2AGMUBMY,HGST_20HUH721212ALN604,LGBM,0.99,0,2466,0,0.0
2AGMUBRY,HGST_20HUH721212ALN604,LGBM,0.99,1,1819,0,0.0
2AGMV9UY,HGST_20HUH721212ALN604,LGBM,0.99,0,2393,0,0.0
2AGMVDDY,HGST_20HUH721212ALN604,LGBM,0.99,0,2482,0,0.0
2AGMWHVY,HGST_20HUH721212ALN604,LGBM,0.99,1,1892,0,0.0
2AGMZLMY,HGST_20HUH721212ALN604,LGBM,0.99,1,1373,0,0.0
2AGN038Y,HGST_20HUH721212ALN604,LGBM,0.99,0,2393,0,0.0
2AGN03MY,HGST_20HUH721212ALN604,LGBM,0.99,0,2393,0,0.0
2AGN05MY,HGST_20HUH721212ALN604,LGBM,0.99,0,2393,0,0.0
2AGN071Y,HGST_20HUH721212ALN604,LGBM,0.99,0,2393,0,0.0
2AGN07AY,HGST_20HUH721212ALN604,LGBM,0.99,0,2393,0,0.0
2AGN17RY,HGST_20HUH721212ALN604,LGBM,0.99,0,2393,0,0.0
2AGN1YNY,HGST_20HUH721212ALN604,LGBM,0.99,0,2393,0,0.0
2AGN29AY,HGST_20HUH721212ALN604,LGBM,0.99,0,2393,0,0.0
2AGN43EY,HGST_20HUH721212ALN604,LGBM,0.99,0,2393,0,0.0
2AGN5A3Y,HGST_20HUH721212ALN604,LGBM,0.99,0,2466,0,0.0
2AGN7GZY,HGST_20HUH721212ALN604,LGBM,0.99,0,2393,0,0.0
2AGN7XVY,HGST_20HUH721212ALN604,LGBM,0.99,0,2393,0,0.0
2AGN7XYY,HGST_20HUH721212ALN604,LGBM,0.99,0,2467,0,0.0
2AGN853Y,HGST_20HUH721212ALN604,LGBM,0.99,0,2393,0,0.0
2AGN8H9Y,HGST_20HUH721212ALN604,LGBM,0.99,0,2393,0,0.0
2AGN8Y9Y,HGST_20HUH721212ALN604,LGBM,0.99,0,2393,0,0.0
2AGN8ZGY,HGST_20HUH721212ALN604,LGBM,0.99,0,2466,0,0.0
2AGN90RY,HGST_20HUH721212ALN604,LGBM,0.99,1,1578,0,0.0
2AGN9N4Y,HGST_20HUH721212ALN604,LGBM,0.99,1,2033,3,0.0014756517461878996
2AGNAK7Y,HGST_20HUH721212ALN604,LGBM,0.99,0,2393,0,0.0
2AGNAKGY,HGST_20HUH721212ALN604,LGBM,0.99,0,2393,0,0.0
2AGNAYKY,HGST_20HUH721212ALN604,LGBM,0.99,0,2393,0,0.0
2AGNBWPY,HGST_20HUH721212ALN604,LGBM,0.99,0,2393,0,0.0
2AGND0EY,HGST_20HUH721212ALN604,LGBM,0.99,0,2393,0,0.0
2AGNEAHY,HGST_20HUH721212ALN604,LGBM,0.99,0,2393,0,0.0
2AGNEK5Y,HGST_20HUH721212ALN604,LGBM,0.99,0,2393,0,0.0
2AGNEN9Y,HGST_20HUH721212ALN604,LGBM,0.99,0,2393,0,0.0
2AGNEREY,HGST_20HUH721212ALN604,LGBM,0.99,0,2393,0,0.0
2AGNGZPY,HGST_20HUH721212ALN604,LGBM,0.99,0,2471,0,0.0
2AGNJE2Y,HGST_20HUH721212ALN604,LGBM,0.99,0,2466,0,0.0
2AGNJG7Y,HGST_20HUH721212ALN604,LGBM,0.99,0,2393,0,0.0
2AGNJGHY,HGST_20HUH721212ALN604,LGBM,0.99,0,2393,0,0.0
2AGNJRYY,HGST_20HUH721212ALN604,LGBM,0.99,0,2466,0,0.0
2AGNJTAY,HGST_20HUH721212ALN604,LGBM,0.99,0,2393,0,0.0
2AGNJTRY,HGST_20HUH721212ALN604,LGBM,0.99,0,2393,0,0.0
2AGNKB9Y,HGST_20HUH721212ALN604,LGBM,0.99,1,1570,0,0.0
2AGNKGXY,HGST_20HUH721212ALN604,LGBM,0.99,0,2393,0,0.0
2AGNKNJY,HGST_20HUH721212ALN604,LGBM,0.99,0,2393,0,0.0
2AGNKSPY,HGST_20HUH721212ALN604,LGBM,0.99,0,2393,0,0.0
2AGNKV4Y,HGST_20HUH721212ALN604,LGBM,0.99,0,2393,0,0.0
2AGNL61Y,HGST_20HUH721212ALN604,LGBM,0.99,0,2482,0,0.0
2AGNNTHY,HGST_20HUH721212ALN604,LGBM,0.99,0,2430,0,0.0
2AGNT47Y,HGST_20HUH721212ALN604,LGBM,0.99,0,2482,0,0.0
2AGP393Y,HGST_20HUH721212ALN604,LGBM,0.99,1,1406,4,0.002844950213371266
2AGP43EY,HGST_20HUH721212ALN604,LGBM,0.99,1,1936,0,0.0
2AGP5EDY,HGST_20HUH721212ALN604,LGBM,0.99,0,2482,0,0.0
2AGP5GBY,HGST_20HUH721212ALN604,LGBM,0.99,0,2482,0,0.0
2AGP5J1Y,HGST_20HUH721212ALN604,LGBM,0.99,0,2482,0,0.0
2AGP6TYY,HGST_20HUH721212ALN604,LGBM,0.99,0,2482,0,0.0
2AGP6UBY,HGST_20HUH721212ALN604,LGBM,0.99,0,2482,0,0.0
2AGP9W7Y,HGST_20HUH721212ALN604,LGBM,0.99,0,2482,0,0.0
2AGPHHKY,HGST_20HUH721212ALN604,LGBM,0.99,0,2466,0,0.0
2AGPHHTY,HGST_20HUH721212ALN604,LGBM,0.99,0,2466,0,0.0
2AGPJAVY,HGST_20HUH721212ALN604,LGBM,0.99,0,2471,0,0.0
2AGPJBGY,HGST_20HUH721212ALN604,LGBM,0.99,0,2471,0,0.0
2AGPJBNY,HGST_20HUH721212ALN604,LGBM,0.99,0,2471,0,0.0
2AGPJE5Y,HGST_20HUH721212ALN604,LGBM,0.99,0,2482,0,0.0
2AGPJGPY,HGST_20HUH721212ALN604,LGBM,0.99,1,649,0,0.0
2AGPJH1Y,HGST_20HUH721212ALN604,LGBM,0.99,1,1915,0,0.0
2AGPJHAY,HGST_20HUH721212ALN604,LGBM,0.99,0,2393,0,0.0
2AGPJHXY,HGST_20HUH721212ALN604,LGBM,0.99,0,2471,0,0.0
2AGPJL8Y,HGST_20HUH721212ALN604,LGBM,0.99,0,2471,0,0.0
2AGPJLWY,HGST_20HUH721212ALN604,LGBM,0.99,0,2393,0,0.0
2AGPJMRY,HGST_20HUH721212ALN604,LGBM,0.99,0,2393,0,0.0
2AGPJP0Y,HGST_20HUH721212ALN604,LGBM,0.99,0,2471,0,0.0
2AGPK9HY,HGST_20HUH721212ALN604,LGBM,0.99,0,2393,0,0.0
2AGPKA3Y,HGST_20HUH721212ALN604,LGBM,0.99,0,2393,0,0.0
2AGPKALY,HGST_20HUH721212ALN604,LGBM,0.99,0,2482,0,0.0
2AGPKARY,HGST_20HUH721212ALN604,LGBM,0.99,0,2482,0,0.0
2AGPKB2Y,HGST_20HUH721212ALN604,LGBM,0.99,0,2471,0,0.0
2AGPKTUY,HGST_20HUH721212ALN604,LGBM,0.99,0,2482,0,0.0
2AGPKVGY,HGST_20HUH721212ALN604,LGBM,0.99,0,2482,0,0.0
2AGPKWNY,HGST_20HUH721212ALN604,LGBM,0.99,1,1628,0,0.0
2AGPKX4Y,HGST_20HUH721212ALN604,LGBM,0.99,0,2482,0,0.0
2AGPL2YY,HGST_20HUH721212ALN604,LGBM,0.99,0,2482,0,0.0
2AGPL4UY,HGST_20HUH721212ALN604,LGBM,0.99,0,2482,0,0.0
2AGPL4ZY,HGST_20HUH721212ALN604,LGBM,0.99,0,2471,0,0.0
2AGPLSSY,HGST_20HUH721212ALN604,LGBM,0.99,0,2482,0,0.0
2AGPMDVY,HGST_20HUH721212ALN604,LGBM,0.99,0,2471,0,0.0
2AGPMEPY,HGST_20HUH721212ALN604,LGBM,0.99,0,2482,0,0.0
2AGPMGGY,HGST_20HUH721212ALN604,LGBM,0.99,0,2482,0,0.0
2AGPMM3Y,HGST_20HUH721212ALN604,LGBM,0.99,0,2471,0,0.0
2AGPMN9Y,HGST_20HUH721212ALN604,LGBM,0.99,0,2471,0,0.0
2AGPMRDY,HGST_20HUH721212ALN604,LGBM,0.99,0,2471,0,0.0
2AGPMY1Y,HGST_20HUH721212ALN604,LGBM,0.99,0,2482,0,0.0
2AGPN6PY,HGST_20HUH721212ALN604,LGBM,0.99,0,2482,0,0.0
2AGPPJAY,HGST_20HUH721212ALN604,LGBM,0.99,0,2482,0,0.0
2AGPPLLY,HGST_20HUH721212ALN604,LGBM,0.99,1,1659,0,0.0
2AGPR6YY,HGST_20HUH721212ALN604,LGBM,0.99,0,2482,0,0.0
2AGPR7RY,HGST_20HUH721212ALN604,LGBM,0.99,0,2482,0,0.0
2AGPR8EY,HGST_20HUH721212ALN604,LGBM,0.99,0,2482,0,0.0
2AGPRL8Y,HGST_20HUH721212ALN604,LGBM,0.99,0,2471,0,0.0
2AGPRMLY,HGST_20HUH721212ALN604,LGBM,0.99,1,2418,0,0.0
2AGPRMRY,HGST_20HUH721212ALN604,LGBM,0.99,1,1928,0,0.0
2AGPRRJY,HGST_20HUH721212ALN604,LGBM,0.99,0,2494,0,0.0
2AGPS2ZY,HGST_20HUH721212ALN604,LGBM,0.99,0,2482,0,0.0
2AGPSEDY,HGST_20HUH721212ALN604,LGBM,0.99,0,2471,0,0.0
2AGPSG5Y,HGST_20HUH721212ALN604,LGBM,0.99,0,2471,0,0.0
2AGPSGKY,HGST_20HUH721212ALN604,LGBM,0.99,0,2393,0,0.0
2AGPSJKY,HGST_20HUH721212ALN604,LGBM,0.99,0,2393,0,0.0
2AGPSRUY,HGST_20HUH721212ALN604,LGBM,0.99,0,2482,0,0.0
2AGPT2PY,HGST_20HUH721212ALN604,LGBM,0.99,0,2393,0,0.0
2AGPT48Y,HGST_20HUH721212ALN604,LGBM,0.99,0,2466,0,0.0
2AGPT7PY,HGST_20HUH721212ALN604,LGBM,0.99,0,2393,0,0.0
2AGPTL4Y,HGST_20HUH721212ALN604,LGBM,0.99,0,2471,0,0.0
2AGPTVLY,HGST_20HUH721212ALN604,LGBM,0.99,0,2466,0,0.0
5PG0TA6F,HGST_20HUH721212ALN604,LGBM,0.99,0,2050,0,0.0
5PG0TAKF,HGST_20HUH721212ALN604,LGBM,0.99,0,2122,0,0.0
5PJEJUHE,HGST_20HUH721212ALN604,LGBM,0.99,0,1525,0,0.0
5PJJHD9C,HGST_20HUH721212ALN604,LGBM,0.99,0,1323,0,0.0
5PJJLZTF,HGST_20HUH721212ALN604,LGBM,0.99,0,1550,0,0.0
5PJKZP4D,HGST_20HUH721212ALN604,LGBM,0.99,0,1306,0,0.0
5PJVPJGF,HGST_20HUH721212ALN604,LGBM,0.99,0,1751,0,0.0
5PK10N4B,HGST_20HUH721212ALN604,LGBM,0.99,0,435,0,0.0
5PK5ZB1B,HGST_20HUH721212ALN604,LGBM,0.99,0,672,0,0.0
5PKEBJVB,HGST_20HUH721212ALN604,LGBM,0.99,0,826,0,0.0
5PKVXW6B,HGST_20HUH721212ALN604,LGBM,0.99,0,639,0,0.0
5QG63PMB,HGST_20HUH721212ALN604,LGBM,0.99,0,643,0,0.0
5QGBH0MB,HGST_20HUH721212ALN604,LGBM,0.99,0,814,0,0.0
5QGG5KLB,HGST_20HUH721212ALN604,LGBM,0.99,0,1062,0,0.0
5QGG5UPB,HGST_20HUH721212ALN604,LGBM,0.99,0,1178,0,0.0
5QGGAELB,HGST_20HUH721212ALN604,LGBM,0.99,1,800,0,0.0
5QGGHWVB,HGST_20HUH721212ALN604,LGBM,0.99,0,807,0,0.0
5QH0Z60B,HGST_20HUH721212ALN604,LGBM,0.99,1,206,4,0.019417475728155338
5QHDKVHB,HGST_20HUH721212ALN604,LGBM,0.99,0,836,0,0.0
5QHKE66B,HGST_20HUH721212ALN604,LGBM,0.99,0,683,0,0.0
5QHYP4MB,HGST_20HUH721212ALN604,LGBM,0.99,0,656,0,0.0
5QJBW5VB,HGST_20HUH721212ALN604,LGBM,0.99,1,109,33,0.30275229357798167
5QJS57NB,HGST_20HUH721212ALN604,LGBM,0.99,0,769,0,0.0
5QKBEVWB,HGST_20HUH721212ALN604,LGBM,0.99,0,809,0,0.0
5QKDK07B,HGST_20HUH721212ALN604,LGBM,0.99,0,437,0,0.0
5QKHBVPB,HGST_20HUH721212ALN604,LGBM,0.99,0,641,0,0.0
5QKKSM3B,HGST_20HUH721212ALN604,LGBM,0.99,0,695,0,0.0
5QKV55TB,HGST_20HUH721212ALN604,LGBM,0.99,0,732,0,0.0
5QKV6W0B,HGST_20HUH721212ALN604,LGBM,0.99,0,931,0,0.0
5QKV74SB,HGST_20HUH721212ALN604,LGBM,0.99,0,783,0,0.0
5QKV778B,HGST_20HUH721212ALN604,LGBM,0.99,0,633,0,0.0
5QKV7UHB,HGST_20HUH721212ALN604,LGBM,0.99,0,728,0,0.0
5QKV85UB,HGST_20HUH721212ALN604,LGBM,0.99,0,821,0,0.0
5QKVAN8B,HGST_20HUH721212ALN604,LGBM,0.99,0,799,0,0.0
5QKVARLB,HGST_20HUH721212ALN604,LGBM,0.99,0,850,0,0.0
5QKVATKB,HGST_20HUH721212ALN604,LGBM,0.99,0,783,0,0.0
5QKVD71B,HGST_20HUH721212ALN604,LGBM,0.99,0,661,0,0.0
5QKVDDVB,HGST_20HUH721212ALN604,LGBM,0.99,0,621,0,0.0
5QKVETTB,HGST_20HUH721212ALN604,LGBM,0.99,0,613,0,0.0
5QKVEUZB,HGST_20HUH721212ALN604,LGBM,0.99,0,679,0,0.0
5QKVEXJB,HGST_20HUH721212ALN604,LGBM,0.99,0,823,0,0.0
5QKVGLWB,HGST_20HUH721212ALN604,LGBM,0.99,0,663,0,0.0
5QKVHPLB,HGST_20HUH721212ALN604,LGBM,0.99,0,664,0,0.0
5QKVHRMB,HGST_20HUH721212ALN604,LGBM,0.99,0,617,0,0.0
5QKVVTHB,HGST_20HUH721212ALN604,LGBM,0.99,0,686,0,0.0
8CGNK9GE,HGST_20HUH721212ALN604,LGBM,0.99,0,2382,0,0.0
8CGR1V5E,HGST_20HUH721212ALN604,LGBM,0.99,0,2466,0,0.0
8CGSN9XE,HGST_20HUH721212ALN604,LGBM,0.99,0,2482,0,0.0
8CGSTSRE,HGST_20HUH721212ALN604,LGBM,0.99,0,2494,0,0.0
8CGT5S2E,HGST_20HUH721212ALN604,LGBM,0.99,1,1985,0,0.0
8CGTW4VE,HGST_20HUH721212ALN604,LGBM,0.99,0,2466,0,0.0
8CGTZ9HE,HGST_20HUH721212ALN604,LGBM,0.99,1,1519,13,0.008558262014483212
8CGU9LLE,HGST_20HUH721212ALN604,LGBM,0.99,0,2480,0,0.0
8CGV369E,HGST_20HUH721212ALN604,LGBM,0.99,0,2482,0,0.0
8CGVR04E,HGST_20HUH721212ALN604,LGBM,0.99,0,2452,0,0.0
8CGVTH0E,HGST_20HUH721212ALN604,LGBM,0.99,0,2494,0,0.0
8CGW3HPE,HGST_20HUH721212ALN604,LGBM,0.99,0,2494,0,0.0
8CGW6ULE,HGST_20HUH721212ALN604,LGBM,0.99,0,2494,0,0.0
8CGWPGEE,HGST_20HUH721212ALN604,LGBM,0.99,0,2482,0,0.0
8CGXKYVE,HGST_20HUH721212ALN604,LGBM,0.99,0,2494,0,0.0
8CGXNNUE,HGST_20HUH721212ALN604,LGBM,0.99,1,1075,0,0.0
8CGY4KUE,HGST_20HUH721212ALN604,LGBM,0.99,0,2482,0,0.0
8CGYJ5TE,HGST_20HUH721212ALN604,LGBM,0.99,0,2466,0,0.0
8CGYVS8E,HGST_20HUH721212ALN604,LGBM,0.99,0,2466,0,0.0
8CGYW96E,HGST_20HUH721212ALN604,LGBM,0.99,0,2466,0,0.0
8CGYXB6E,HGST_20HUH721212ALN604,LGBM,0.99,0,2385,0,0.0
8CGZ8K3E,HGST_20HUH721212ALN604,LGBM,0.99,0,2494,0,0.0
8CGZ8S1E,HGST_20HUH721212ALN604,LGBM,0.99,0,2494,0,0.0
8CGZ8SDE,HGST_20HUH721212ALN604,LGBM,0.99,0,2494,0,0.0
8CGZB98E,HGST_20HUH721212ALN604,LGBM,0.99,0,2393,0,0.0
8CGZB9VE,HGST_20HUH721212ALN604,LGBM,0.99,0,2466,0,0.0
8CGZKBME,HGST_20HUH721212ALN604,LGBM,0.99,0,2494,0,0.0
8CGZKDHE,HGST_20HUH721212ALN604,LGBM,0.99,0,2494,0,0.0
8CGZMEAE,HGST_20HUH721212ALN604,LGBM,0.99,0,2494,0,0.0
8CH02WUE,HGST_20HUH721212ALN604,LGBM,0.99,0,2393,0,0.0
8CH05AGE,HGST_20HUH721212ALN604,LGBM,0.99,0,2494,0,0.0
8CH06AGE,HGST_20HUH721212ALN604,LGBM,0.99,0,2482,0,0.0
8CH06B5E,HGST_20HUH721212ALN604,LGBM,0.99,0,2494,0,0.0
8CH06E7E,HGST_20HUH721212ALN604,LGBM,0.99,0,2494,0,0.0
8CH06EDE,HGST_20HUH721212ALN604,LGBM,0.99,0,2466,0,0.0
8CH0869E,HGST_20HUH721212ALN604,LGBM,0.99,0,2494,0,0.0
8CH08RNE,HGST_20HUH721212ALN604,LGBM,0.99,0,2386,0,0.0
8CH09GGE,HGST_20HUH721212ALN604,LGBM,0.99,0,2466,0,0.0
8CH0BYPE,HGST_20HUH721212ALN604,LGBM,0.99,0,2393,0,0.0
8CH0BYTE,HGST_20HUH721212ALN604,LGBM,0.99,0,2466,0,0.0
8CH0DM8E,HGST_20HUH721212ALN604,LGBM,0.99,0,2393,0,0.0
8CH0GNLE,HGST_20HUH721212ALN604,LGBM,0.99,0,2494,0,0.0
8CH0GNNE,HGST_20HUH721212ALN604,LGBM,0.99,0,2494,0,0.0
8CH0GNSE,HGST_20HUH721212ALN604,LGBM,0.99,0,2482,0,0.0
8CH0HRKE,HGST_20HUH721212ALN604,LGBM,0.99,0,2466,0,0.0
8CH0HTRE,HGST_20HUH721212ALN604,LGBM,0.99,0,2466,0,0.0
8CH0L5PE,HGST_20HUH721212ALN604,LGBM,0.99,0,2466,0,0.0
8CH0R06E,HGST_20HUH721212ALN604,LGBM,0.99,0,2494,0,0.0
8CH0R3YE,HGST_20HUH721212ALN604,LGBM,0.99,0,2393,0,0.0
8CH0TLTE,HGST_20HUH721212ALN604,LGBM,0.99,0,2393,0,0.0
8CH0TLUE,HGST_20HUH721212ALN604,LGBM,0.99,0,2466,0,0.0
8CH0TN2E,HGST_20HUH721212ALN604,LGBM,0.99,0,2466,0,0.0
8CH0TN3E,HGST_20HUH721212ALN604,LGBM,0.99,0,2393,0,0.0
8CH0TVRE,HGST_20HUH721212ALN604,LGBM,0.99,0,2386,0,0.0
8CH0V7TE,HGST_20HUH721212ALN604,LGBM,0.99,0,2466,0,0.0
8CH0VH1E,HGST_20HUH721212ALN604,LGBM,0.99,0,2482,0,0.0
8CH0VW0E,HGST_20HUH721212ALN604,LGBM,0.99,0,2466,0,0.0
8CH11KPE,HGST_20HUH721212ALN604,LGBM,0.99,0,2494,0,0.0
8CH13D7E,HGST_20HUH721212ALN604,LGBM,0.99,0,2466,0,0.0
8CH13DAE,HGST_20HUH721212ALN604,LGBM,0.99,0,2466,0,0.0
8CH15D3E,HGST_20HUH721212ALN604,LGBM,0.99,0,2482,0,0.0
8CH15YME,HGST_20HUH721212ALN604,LGBM,0.99,0,2466,0,0.0
8CH160KE,HGST_20HUH721212ALN604,LGBM,0.99,0,2393,0,0.0
8CH16PBE,HGST_20HUH721212ALN604,LGBM,0.99,0,2466,0,0.0
8CH16ZDE,HGST_20HUH721212ALN604,LGBM,0.99,0,2466,0,0.0
8CH16ZUE,HGST_20HUH721212ALN604,LGBM,0.99,0,2466,0,0.0
8CH17M9E,HGST_20HUH721212ALN604,LGBM,0.99,0,2466,0,0.0
8CH17MHE,HGST_20HUH721212ALN604,LGBM,0.99,0,2393,0,0.0
8CH190UE,HGST_20HUH721212ALN604,LGBM,0.99,1,957,0,0.0
8CH1APUE,HGST_20HUH721212ALN604,LGBM,0.99,1,2302,0,0.0
8CH1AR5E,HGST_20HUH721212ALN604,LGBM,0.99,0,2494,0,0.0
8CH1ARHE,HGST_20HUH721212ALN604,LGBM,0.99,1,1581,0,0.0
8CH1WBME,HGST_20HUH721212ALN604,LGBM,0.99,1,1829,0,0.0
8CH1XHUE,HGST_20HUH721212ALN604,LGBM,0.99,0,2494,0,0.0
8CH4AT4E,HGST_20HUH721212ALN604,LGBM,0.99,0,2471,0,0.0
8CH4X3TE,HGST_20HUH721212ALN604,LGBM,0.99,1,1246,0,0.0
8CH4YM4E,HGST_20HUH721212ALN604,LGBM,0.99,1,1388,0,0.0
8CH4YM6E,HGST_20HUH721212ALN604,LGBM,0.99,1,2123,0,0.0
8CH4YN8E,HGST_20HUH721212ALN604,LGBM,0.99,1,1791,0,0.0
8CH4Z6UE,HGST_20HUH721212ALN604,LGBM,0.99,0,2478,0,0.0
8CH5214E,HGST_20HUH721212ALN604,LGBM,0.99,1,1737,0,0.0
8CH52U5E,HGST_20HUH721212ALN604,LGBM,0.99,0,2481,0,0.0
8CH5B9LE,HGST_20HUH721212ALN604,LGBM,0.99,0,2482,0,0.0
8CH5E8EE,HGST_20HUH721212ALN604,LGBM,0.99,1,1420,0,0.0
8CH5HRYE,HGST_20HUH721212ALN604,LGBM,0.99,1,2050,0,0.0
8CHRG6JE,HGST_20HUH721212ALN604,LGBM,0.99,0,2283,0,0.0
8CHU2WSE,HGST_20HUH721212ALN604,LGBM,0.99,0,2078,0,0.0
8CHU7R9E,HGST_20HUH721212ALN604,LGBM,0.99,1,1281,0,0.0
8CHUHHXE,HGST_20HUH721212ALN604,LGBM,0.99,0,2075,0,0.0
8CJMA59E,HGST_20HUH721212ALN604,LGBM,0.99,0,699,0,0.0
8DG1BB5Y,HGST_20HUH721212ALN604,LGBM,0.99,0,423,0,0.0
8DG3MU5D,HGST_20HUH721212ALN604,LGBM,0.99,0,2783,0,0.0
8DG4SAUD,HGST_20HUH721212ALN604,LGBM,0.99,0,2783,0,0.0
8DG4SAZD,HGST_20HUH721212ALN604,LGBM,0.99,0,2783,0,0.0
8DG52U7D,HGST_20HUH721212ALN604,LGBM,0.99,0,2783,0,0.0
8DG52W9D,HGST_20HUH721212ALN604,LGBM,0.99,0,2783,0,0.0
8DG52WND,HGST_20HUH721212ALN604,LGBM,0.99,0,2783,0,0.0
8DG6S3UD,HGST_20HUH721212ALN604,LGBM,0.99,1,2155,0,0.0
8DG88GTY,HGST_20HUH721212ALN604,LGBM,0.99,0,425,0,0.0
8DG93TXY,HGST_20HUH721212ALN604,LGBM,0.99,0,700,0,0.0
8DJE2HWH,HGST_20HUH721212ALN604,LGBM,0.99,0,2613,0,0.0
8DJEPPSH,HGST_20HUH721212ALN604,LGBM,0.99,0,2613,0,0.0
8DJEPTWH,HGST_20HUH721212ALN604,LGBM,0.99,0,2613,0,0.0
8DJEUXLH,HGST_20HUH721212ALN604,LGBM,0.99,0,2613,0,0.0
8DK5NDLH,HGST_20HUH721212ALN604,LGBM,0.99,0,2250,0,0.0
8DKHU24H,HGST_20HUH721212ALN604,LGBM,0.99,0,2249,0,0.0
8DKUD8AH,HGST_20HUH721212ALN604,LGBM,0.99,0,2613,0,0.0
8DKV390H,HGST_20HUH721212ALN604,LGBM,0.99,0,2558,0,0.0
8HG28M3H,HGST_20HUH721212ALN604,LGBM,0.99,0,2558,0,0.0
8HG7LGUH,HGST_20HUH721212ALN604,LGBM,0.99,1,2189,72,0.0328917313841937
8HGBYHPH,HGST_20HUH721212ALN604,LGBM,0.99,0,1611,0,0.0
8HGNAB0H,HGST_20HUH721212ALN604,LGBM,0.99,0,2531,0,0.0
8HGZPYVH,HGST_20HUH721212ALN604,LGBM,0.99,0,1515,0,0.0
8HH12ZPH,HGST_20HUH721212ALN604,LGBM,0.99,0,2665,0,0.0
8HH5JYSH,HGST_20HUH721212ALN604,LGBM,0.99,0,2665,0,0.0
8HH8BNRH,HGST_20HUH721212ALN604,LGBM,0.99,0,2531,0,0.0
8HH8P7RH,HGST_20HUH721212ALN604,LGBM,0.99,0,2558,0,0.0
8HH901KH,HGST_20HUH721212ALN604,LGBM,0.99,0,2531,0,0.0
8HH9ZRUH,HGST_20HUH721212ALN604,LGBM,0.99,0,2558,0,0.0
8HHARE1H,HGST_20HUH721212ALN604,LGBM,0.99,1,1320,5,0.003787878787878788
8HHARGBH,HGST_20HUH721212ALN604,LGBM,0.99,0,2558,0,0.0
8HHATBKH,HGST_20HUH721212ALN604,LGBM,0.99,0,2558,0,0.0
8HHJXENH,HGST_20HUH721212ALN604,LGBM,0.99,0,2613,0,0.0
8HHNHSUH,HGST_20HUH721212ALN604,LGBM,0.99,1,2040,0,0.0
8HHPUREH,HGST_20HUH721212ALN604,LGBM,0.99,1,2011,0,0.0
8HHT1P2H,HGST_20HUH721212ALN604,LGBM,0.99,0,2665,0,0.0
8HHTWXYH,HGST_20HUH721212ALN604,LGBM,0.99,0,2665,0,0.0
8HHZ6MGH,HGST_20HUH721212ALN604,LGBM,0.99,0,2665,0,0.0
8HJ1NNDH,HGST_20HUH721212ALN604,LGBM,0.99,0,2665,0,0.0
8HJ6SJAH,HGST_20HUH721212ALN604,LGBM,0.99,0,2665,0,0.0
8HJ6SJTH,HGST_20HUH721212ALN604,LGBM,0.99,0,2665,0,0.0
8HJ74BPH,HGST_20HUH721212ALN604,LGBM,0.99,0,2665,0,0.0
8HJ7UJHH,HGST_20HUH721212ALN604,LGBM,0.99,0,2665,0,0.0
8HJ7Y9BH,HGST_20HUH721212ALN604,LGBM,0.99,0,2665,0,0.0
8HJ7Z0DH,HGST_20HUH721212ALN604,LGBM,0.99,0,2494,0,0.0
8HJ7Z10H,HGST_20HUH721212ALN604,LGBM,0.99,0,2665,0,0.0
8HJ7Z1MH,HGST_20HUH721212ALN604,LGBM,0.99,0,2665,0,0.0
8HJ86APH,HGST_20HUH721212ALN604,LGBM,0.99,0,2665,0,0.0
8HJ86NXH,HGST_20HUH721212ALN604,LGBM,0.99,0,2494,0,0.0
8HJ8LEXH,HGST_20HUH721212ALN604,LGBM,0.99,0,2494,0,0.0
8HJ8LKMH,HGST_20HUH721212ALN604,LGBM,0.99,1,2678,0,0.0
8HJ91WDH,HGST_20HUH721212ALN604,LGBM,0.99,0,2494,0,0.0
8HJ94EVH,HGST_20HUH721212ALN604,LGBM,0.99,0,2665,0,0.0
8HJ9JWTH,HGST_20HUH721212ALN604,LGBM,0.99,0,2665,0,0.0
8HJ9K7HH,HGST_20HUH721212ALN604,LGBM,0.99,1,2264,0,0.0
8HJ9KKGH,HGST_20HUH721212ALN604,LGBM,0.99,0,2494,0,0.0
8HJ9KN1H,HGST_20HUH721212ALN604,LGBM,0.99,0,2665,0,0.0
8HJ9LS1H,HGST_20HUH721212ALN604,LGBM,0.99,0,2665,0,0.0
8HJ9M5NH,HGST_20HUH721212ALN604,LGBM,0.99,0,2665,0,0.0
8HJ9M94H,HGST_20HUH721212ALN604,LGBM,0.99,0,2665,0,0.0
8HJ9MZBH,HGST_20HUH721212ALN604,LGBM,0.99,0,2494,0,0.0
8HJ9NHPH,HGST_20HUH721212ALN604,LGBM,0.99,0,2665,0,0.0
8HJ9NKKH,HGST_20HUH721212ALN604,LGBM,0.99,0,2665,0,0.0
8HJ9RYSH,HGST_20HUH721212ALN604,LGBM,0.99,0,2665,0,0.0
8HJ9S05H,HGST_20HUH721212ALN604,LGBM,0.99,0,2665,0,0.0
8HJ9S0EH,HGST_20HUH721212ALN604,LGBM,0.99,0,2665,0,0.0
8HJ9Y3ZH,HGST_20HUH721212ALN604,LGBM,0.99,0,2494,0,0.0
8HJA085H,HGST_20HUH721212ALN604,LGBM,0.99,0,2665,0,0.0
8HJA2DPH,HGST_20HUH721212ALN604,LGBM,0.99,0,2665,0,0.0
8HJA8DBH,HGST_20HUH721212ALN604,LGBM,0.99,0,2665,0,0.0
8HJBNYTH,HGST_20HUH721212ALN604,LGBM,0.99,0,2613,0,0.0
8HJDK12H,HGST_20HUH721212ALN604,LGBM,0.99,0,2665,0,0.0
8HJDX4PH,HGST_20HUH721212ALN604,LGBM,0.99,0,2660,0,0.0
8HJEY89H,HGST_20HUH721212ALN604,LGBM,0.99,0,2558,0,0.0
8HJG85RH,HGST_20HUH721212ALN604,LGBM,0.99,0,2558,0,0.0
8HJGZPXH,HGST_20HUH721212ALN604,LGBM,0.99,0,2665,0,0.0
8HJH62EH,HGST_20HUH721212ALN604,LGBM,0.99,0,2665,0,0.0
8HJH8RWH,HGST_20HUH721212ALN604,LGBM,0.99,0,2558,0,0.0
8HJK2HSH,HGST_20HUH721212ALN604,LGBM,0.99,0,2665,0,0.0
8HJLKZRH,HGST_20HUH721212ALN604,LGBM,0.99,0,2665,0,0.0
8HJRD7PH,HGST_20HUH721212ALN604,LGBM,0.99,0,2558,0,0.0
8HJRUMWH,HGST_20HUH721212ALN604,LGBM,0.99,0,2665,0,0.0
8HJRVW4H,HGST_20HUH721212ALN604,LGBM,0.99,0,2665,0,0.0
8HJUGTVH,HGST_20HUH721212ALN604,LGBM,0.99,0,2665,0,0.0
8HJVJKPH,HGST_20HUH721212ALN604,LGBM,0.99,0,2665,0,0.0
8HJVUAGH,HGST_20HUH721212ALN604,LGBM,0.99,0,2665,0,0.0
8HJWBJXH,HGST_20HUH721212ALN604,LGBM,0.99,0,2665,0,0.0
8HJWHD6H,HGST_20HUH721212ALN604,LGBM,0.99,0,2665,0,0.0
8HJWHEJH,HGST_20HUH721212ALN604,LGBM,0.99,0,2531,0,0.0
8HJXG0WH,HGST_20HUH721212ALN604,LGBM,0.99,1,1260,0,0.0
8HJXKBDH,HGST_20HUH721212ALN604,LGBM,0.99,0,2558,0,0.0
8HJXU87H,HGST_20HUH721212ALN604,LGBM,0.99,0,2665,0,0.0
8HJY20MH,HGST_20HUH721212ALN604,LGBM,0.99,0,2665,0,0.0
8HJYTXWH,HGST_20HUH721212ALN604,LGBM,0.99,0,2665,0,0.0
8HJYU0JH,HGST_20HUH721212ALN604,LGBM,0.99,0,2660,0,0.0
8HJYZNZH,HGST_20HUH721212ALN604,LGBM,0.99,0,2665,0,0.0
8HJZ13TH,HGST_20HUH721212ALN604,LGBM,0.99,0,2665,0,0.0
8HJZADEH,HGST_20HUH721212ALN604,LGBM,0.99,0,2665,0,0.0
8HJZEG6H,HGST_20HUH721212ALN604,LGBM,0.99,1,1830,16,0.008743169398907104
8HJZG4AH,HGST_20HUH721212ALN604,LGBM,0.99,0,2665,0,0.0
8HJZNVWH,HGST_20HUH721212ALN604,LGBM,0.99,0,2660,0,0.0
8HK087WH,HGST_20HUH721212ALN604,LGBM,0.99,0,2665,0,0.0
8HK0HH3H,HGST_20HUH721212ALN604,LGBM,0.99,0,2665,0,0.0
8HK12NNH,HGST_20HUH721212ALN604,LGBM,0.99,0,2665,0,0.0
8HK17SKH,HGST_20HUH721212ALN604,LGBM,0.99,0,2665,0,0.0
8HK17SWH,HGST_20HUH721212ALN604,LGBM,0.99,0,2665,0,0.0
8HK17SYH,HGST_20HUH721212ALN604,LGBM,0.99,0,1574,0,0.0
8HK19K9H,HGST_20HUH721212ALN604,LGBM,0.99,0,2665,0,0.0
8HK19KVH,HGST_20HUH721212ALN604,LGBM,0.99,0,2665,0,0.0
8HK1KY3H,HGST_20HUH721212ALN604,LGBM,0.99,0,2665,0,0.0
8HK1LYPH,HGST_20HUH721212ALN604,LGBM,0.99,0,2665,0,0.0
8HK1N18H,HGST_20HUH721212ALN604,LGBM,0.99,0,2665,0,0.0
8HK1PV7H,HGST_20HUH721212ALN604,LGBM,0.99,0,2665,0,0.0
8HK1UULH,HGST_20HUH721212ALN604,LGBM,0.99,0,2665,0,0.0
8HK1XAAH,HGST_20HUH721212ALN604,LGBM,0.99,1,1076,0,0.0
8HK224GH,HGST_20HUH721212ALN604,LGBM,0.99,0,2665,0,0.0
8HK25XSH,HGST_20HUH721212ALN604,LGBM,0.99,0,2665,0,0.0
8HK266WH,HGST_20HUH721212ALN604,LGBM,0.99,0,2665,0,0.0
8HK28TJH,HGST_20HUH721212ALN604,LGBM,0.99,0,2665,0,0.0
8HK28Y0H,HGST_20HUH721212ALN604,LGBM,0.99,0,2665,0,0.0
8HK2A1EH,HGST_20HUH721212ALN604,LGBM,0.99,0,2466,0,0.0
8HK2BA6H,HGST_20HUH721212ALN604,LGBM,0.99,0,2665,0,0.0
8HK2BAEH,HGST_20HUH721212ALN604,LGBM,0.99,0,2665,0,0.0
8HK2DVKH,HGST_20HUH721212ALN604,LGBM,0.99,0,2665,0,0.0
8HK2JXUH,HGST_20HUH721212ALN604,LGBM,0.99,0,2531,0,0.0
8HK2KY6H,HGST_20HUH721212ALN604,LGBM,0.99,0,2660,0,0.0
8HK2MXPH,HGST_20HUH721212ALN604,LGBM,0.99,0,2665,0,0.0
8HK2RMWH,HGST_20HUH721212ALN604,LGBM,0.99,0,2665,0,0.0
8HK2RNWH,HGST_20HUH721212ALN604,LGBM,0.99,0,2665,0,0.0
8HK2RP9H,HGST_20HUH721212ALN604,LGBM,0.99,0,2665,0,0.0
8HK2VLMH,HGST_20HUH721212ALN604,LGBM,0.99,0,2665,0,0.0
8HK2X4YH,HGST_20HUH721212ALN604,LGBM,0.99,0,2665,0,0.0
8HK2ZPDH,HGST_20HUH721212ALN604,LGBM,0.99,0,2494,0,0.0
8HK2ZT1H,HGST_20HUH721212ALN604,LGBM,0.99,0,2665,0,0.0
8HK31WMH,HGST_20HUH721212ALN604,LGBM,0.99,0,2494,0,0.0
8HK31Y8H,HGST_20HUH721212ALN604,LGBM,0.99,0,2665,0,0.0
8HK341ZH,HGST_20HUH721212ALN604,LGBM,0.99,0,2665,0,0.0
8HK34EZH,HGST_20HUH721212ALN604,LGBM,0.99,0,2665,0,0.0
8HK3BWZH,HGST_20HUH721212ALN604,LGBM,0.99,0,2665,0,0.0
8HK3GTLH,HGST_20HUH721212ALN604,LGBM,0.99,0,2665,0,0.0
8HK3GUXH,HGST_20HUH721212ALN604,LGBM,0.99,0,2665,0,0.0
8HK3MMSH,HGST_20HUH721212ALN604,LGBM,0.99,0,2665,0,0.0
8HK3NG2H,HGST_20HUH721212ALN604,LGBM,0.99,0,2660,0,0.0
8HK3NJMH,HGST_20HUH721212ALN604,LGBM,0.99,0,2665,0,0.0
8HK41HEH,HGST_20HUH721212ALN604,LGBM,0.99,0,2665,0,0.0
8HK69BMH,HGST_20HUH721212ALN604,LGBM,0.99,0,2558,0,0.0
8HK6T2AH,HGST_20HUH721212ALN604,LGBM,0.99,0,2665,0,0.0
8HK6TL7H,HGST_20HUH721212ALN604,LGBM,0.99,0,2665,0,0.0
8HK6UUDH,HGST_20HUH721212ALN604,LGBM,0.99,0,2531,0,0.0
8HK6V14H,HGST_20HUH721212ALN604,LGBM,0.99,0,2665,0,0.0
8HK6VSKH,HGST_20HUH721212ALN604,LGBM,0.99,1,1944,0,0.0
8HK70X7H,HGST_20HUH721212ALN604,LGBM,0.99,0,2665,0,0.0
8HK7194H,HGST_20HUH721212ALN604,LGBM,0.99,0,2665,0,0.0
8HK72J0H,HGST_20HUH721212ALN604,LGBM,0.99,0,2665,0,0.0
8HK7DKMH,HGST_20HUH721212ALN604,LGBM,0.99,0,2558,0,0.0
8HK7E5DH,HGST_20HUH721212ALN604,LGBM,0.99,0,2665,0,0.0
8HK7E68H,HGST_20HUH721212ALN604,LGBM,0.99,0,2665,0,0.0
8HK7H58H,HGST_20HUH721212ALN604,LGBM,0.99,0,2665,0,0.0
8HK80P1H,HGST_20HUH721212ALN604,LGBM,0.99,0,2613,0,0.0
8HKB2WEH,HGST_20HUH721212ALN604,LGBM,0.99,0,2613,0,0.0
8HKB3M2H,HGST_20HUH721212ALN604,LGBM,0.99,0,2613,0,0.0
8HKB4R4H,HGST_20HUH721212ALN604,LGBM,0.99,0,2494,0,0.0
8HKBBKKH,HGST_20HUH721212ALN604,LGBM,0.99,0,2665,0,0.0
8HKBYNVH,HGST_20HUH721212ALN604,LGBM,0.99,0,2494,0,0.0
8HKE039H,HGST_20HUH721212ALN604,LGBM,0.99,0,2665,0,0.0
8HKE6E1H,HGST_20HUH721212ALN604,LGBM,0.99,0,2613,0,0.0
8HKE8S7H,HGST_20HUH721212ALN604,LGBM,0.99,0,2613,0,0.0
8HKEAWEH,HGST_20HUH721212ALN604,LGBM,0.99,0,2466,0,0.0
8HKEKYRH,HGST_20HUH721212ALN604,LGBM,0.99,0,2466,0,0.0
8HKG0GWH,HGST_20HUH721212ALN604,LGBM,0.99,0,2613,0,0.0
8HKHPZHH,HGST_20HUH721212ALN604,LGBM,0.99,0,2466,0,0.0
8HKJ4MAH,HGST_20HUH721212ALN604,LGBM,0.99,0,2552,0,0.0
8HKJ5KDH,HGST_20HUH721212ALN604,LGBM,0.99,1,2420,0,0.0
8HKL6STH,HGST_20HUH721212ALN604,LGBM,0.99,0,2558,0,0.0
8HKLRUSH,HGST_20HUH721212ALN604,LGBM,0.99,0,2558,1,0.00039093041438623924
8HKM415H,HGST_20HUH721212ALN604,LGBM,0.99,0,2558,0,0.0
8HKM5RVH,HGST_20HUH721212ALN604,LGBM,0.99,0,2531,0,0.0
8HKM654H,HGST_20HUH721212ALN604,LGBM,0.99,0,2531,0,0.0
8HKM9Z1H,HGST_20HUH721212ALN604,LGBM,0.99,0,2531,0,0.0
8HKMR21H,HGST_20HUH721212ALN604,LGBM,0.99,1,525,0,0.0
8HKNMW1H,HGST_20HUH721212ALN604,LGBM,0.99,0,2494,0,0.0
8HKNN28H,HGST_20HUH721212ALN604,LGBM,0.99,0,2466,0,0.0
8HKPM7RH,HGST_20HUH721212ALN604,LGBM,0.99,0,2558,0,0.0
8HKPZY9H,HGST_20HUH721212ALN604,LGBM,0.99,1,1966,0,0.0
8HKRER2H,HGST_20HUH721212ALN604,LGBM,0.99,0,2466,0,0.0
8HKS4X3H,HGST_20HUH721212ALN604,LGBM,0.99,0,2558,0,0.0
8HKTBA3H,HGST_20HUH721212ALN604,LGBM,0.99,1,2033,0,0.0
8HKTE54H,HGST_20HUH721212ALN604,LGBM,0.99,0,2558,0,0.0
8HKTH2SH,HGST_20HUH721212ALN604,LGBM,0.99,1,1733,0,0.0
8HKTK0XH,HGST_20HUH721212ALN604,LGBM,0.99,0,2613,0,0.0
8HKU0DXH,HGST_20HUH721212ALN604,LGBM,0.99,0,2558,0,0.0
8HKU3YTH,HGST_20HUH721212ALN604,LGBM,0.99,1,1950,0,0.0
8HKU4WXH,HGST_20HUH721212ALN604,LGBM,0.99,0,2613,0,0.0
8HKUEJHH,HGST_20HUH721212ALN604,LGBM,0.99,1,2221,0,0.0
8HKVW60H,HGST_20HUH721212ALN604,LGBM,0.99,0,2531,0,0.0
8HKW4NPH,HGST_20HUH721212ALN604,LGBM,0.99,0,2466,0,0.0
8HKWV1GH,HGST_20HUH721212ALN604,LGBM,0.99,0,2613,0,0.0
8HKWXJYH,HGST_20HUH721212ALN604,LGBM,0.99,0,2531,0,0.0
8HKY0KHH,HGST_20HUH721212ALN604,LGBM,0.99,1,1902,10,0.005257623554153523
8HKY66PH,HGST_20HUH721212ALN604,LGBM,0.99,0,2558,0,0.0
8HKYJ38H,HGST_20HUH721212ALN604,LGBM,0.99,0,2531,0,0.0
8HKYZ6YH,HGST_20HUH721212ALN604,LGBM,0.99,0,2531,0,0.0
8HKZ213H,HGST_20HUH721212ALN604,LGBM,0.99,0,2613,0,0.0
8HKZDBRH,HGST_20HUH721212ALN604,LGBM,0.99,0,2466,0,0.0
8HKZL75H,HGST_20HUH721212ALN604,LGBM,0.99,0,2380,0,0.0
AAG0EXPH,HGST_20HUH721212ALN604,LGBM,0.99,0,2613,0,0.0
AAG0LHRH,HGST_20HUH721212ALN604,LGBM,0.99,0,2613,0,0.0
AAG121VH,HGST_20HUH721212ALN604,LGBM,0.99,0,2558,0,0.0
AAG16VPH,HGST_20HUH721212ALN604,LGBM,0.99,0,2613,0,0.0
AAG18L0H,HGST_20HUH721212ALN604,LGBM,0.99,0,2531,0,0.0
AAG18MEH,HGST_20HUH721212ALN604,LGBM,0.99,0,2558,0,0.0
AAG197UH,HGST_20HUH721212ALN604,LGBM,0.99,0,2466,0,0.0
AAG1LSNH,HGST_20HUH721212ALN604,LGBM,0.99,1,2399,0,0.0
AAG1LSVH,HGST_20HUH721212ALN604,LGBM,0.99,0,2613,0,0.0
AAG1LW3H,HGST_20HUH721212ALN604,LGBM,0.99,1,2065,0,0.0
AAG1PLVH,HGST_20HUH721212ALN604,LGBM,0.99,0,2531,0,0.0
AAG1PM9H,HGST_20HUH721212ALN604,LGBM,0.99,0,2531,0,0.0
AAG1RJAH,HGST_20HUH721212ALN604,LGBM,0.99,0,2531,0,0.0
AAG1RK5H,HGST_20HUH721212ALN604,LGBM,0.99,0,2613,0,0.0
AAG1RR9H,HGST_20HUH721212ALN604,LGBM,0.99,0,2531,0,0.0
AAG1RUJH,HGST_20HUH721212ALN604,LGBM,0.99,0,2531,0,0.0
AAG1TGGH,HGST_20HUH721212ALN604,LGBM,0.99,0,2613,0,0.0
AAG1VJYH,HGST_20HUH721212ALN604,LGBM,0.99,0,2531,0,0.0
AAG1VNPH,HGST_20HUH721212ALN604,LGBM,0.99,0,2613,0,0.0
AAG1Z4AH,HGST_20HUH721212ALN604,LGBM,0.99,0,2393,0,0.0
AAG23A2H,HGST_20HUH721212ALN604,LGBM,0.99,0,2613,0,0.0
AAG23AKH,HGST_20HUH721212ALN604,LGBM,0.99,0,2613,0,0.0
AAG23AVH,HGST_20HUH721212ALN604,LGBM,0.99,0,2531,0,0.0
AAG246TH,HGST_20HUH721212ALN604,LGBM,0.99,0,2466,0,0.0
AAG24UVH,HGST_20HUH721212ALN604,LGBM,0.99,0,2613,0,0.0
AAG24VXH,HGST_20HUH721212ALN604,LGBM,0.99,0,2613,0,0.0
AAG26NBH,HGST_20HUH721212ALN604,LGBM,0.99,1,1667,0,0.0
AAG26TPH,HGST_20HUH721212ALN604,LGBM,0.99,0,2531,0,0.0
AAG26U9H,HGST_20HUH721212ALN604,LGBM,0.99,1,1336,0,0.0
AAG27VEH,HGST_20HUH721212ALN604,LGBM,0.99,0,2531,0,0.0
AAG27W2H,HGST_20HUH721212ALN604,LGBM,0.99,0,2558,0,0.0
AAG27XPH,HGST_20HUH721212ALN604,LGBM,0.99,1,2385,0,0.0
AAG27ZLH,HGST_20HUH721212ALN604,LGBM,0.99,0,2531,0,0.0
AAG281TH,HGST_20HUH721212ALN604,LGBM,0.99,1,2025,0,0.0
AAG2GGJH,HGST_20HUH721212ALN604,LGBM,0.99,0,2466,0,0.0
AAG2JGJH,HGST_20HUH721212ALN604,LGBM,0.99,1,2447,0,0.0
AAG2JL4H,HGST_20HUH721212ALN604,LGBM,0.99,0,2613,0,0.0
AAG2RZJH,HGST_20HUH721212ALN604,LGBM,0.99,0,2531,0,0.0
AAG2S62H,HGST_20HUH721212ALN604,LGBM,0.99,0,2531,0,0.0
AAG2S9YH,HGST_20HUH721212ALN604,LGBM,0.99,0,2466,0,0.0
AAG2SAYH,HGST_20HUH721212ALN604,LGBM,0.99,0,2393,0,0.0
AAG2SJ3H,HGST_20HUH721212ALN604,LGBM,0.99,0,2393,0,0.0
AAG2VSVH,HGST_20HUH721212ALN604,LGBM,0.99,0,2531,0,0.0
AAG2Y6JH,HGST_20HUH721212ALN604,LGBM,0.99,0,2531,0,0.0
AAG2Z67H,HGST_20HUH721212ALN604,LGBM,0.99,0,2466,0,0.0
AAG2ZU1H,HGST_20HUH721212ALN604,LGBM,0.99,0,2466,0,0.0
AAG305AH,HGST_20HUH721212ALN604,LGBM,0.99,0,2466,0,0.0
AAG306GH,HGST_20HUH721212ALN604,LGBM,0.99,0,2613,0,0.0
AAG34Z4H,HGST_20HUH721212ALN604,LGBM,0.99,0,2613,0,0.0
AAG350BH,HGST_20HUH721212ALN604,LGBM,0.99,0,2531,0,0.0
AAG350TH,HGST_20HUH721212ALN604,LGBM,0.99,0,2531,0,0.0
AAG3512H,HGST_20HUH721212ALN604,LGBM,0.99,0,2531,0,0.0
AAG352AH,HGST_20HUH721212ALN604,LGBM,0.99,0,2466,0,0.0
AAG353EH,HGST_20HUH721212ALN604,LGBM,0.99,0,2613,0,0.0
AAG35LWH,HGST_20HUH721212ALN604,LGBM,0.99,0,2613,0,0.0
AAG401PH,HGST_20HUH721212ALN604,LGBM,0.99,0,2613,0,0.0
AAG46YHH,HGST_20HUH721212ALN604,LGBM,0.99,0,2531,0,0.0
AAG477BH,HGST_20HUH721212ALN604,LGBM,0.99,0,2613,0,0.0
AAG478DH,HGST_20HUH721212ALN604,LGBM,0.99,0,2531,0,0.0
AAG48B3H,HGST_20HUH721212ALN604,LGBM,0.99,0,2558,0,0.0
AAG4AA9H,HGST_20HUH721212ALN604,LGBM,0.99,0,2558,0,0.0
AAG4VESH,HGST_20HUH721212ALN604,LGBM,0.99,0,2558,28,0.0109460516028147
AAG4Z4YH,HGST_20HUH721212ALN604,LGBM,0.99,0,2558,0,0.0
AAG4Z52H,HGST_20HUH721212ALN604,LGBM,0.99,0,2558,0,0.0
AAG4Z5AH,HGST_20HUH721212ALN604,LGBM,0.99,1,2261,0,0.0
AAG4ZABH,HGST_20HUH721212ALN604,LGBM,0.99,0,2558,0,0.0
AAG51RHH,HGST_20HUH721212ALN604,LGBM,0.99,0,2613,0,0.0
AAG540GH,HGST_20HUH721212ALN604,LGBM,0.99,0,2531,0,0.0
AAG5DTTH,HGST_20HUH721212ALN604,LGBM,0.99,0,2531,0,0.0
AAG5Y4DH,HGST_20HUH721212ALN604,LGBM,0.99,0,2613,0,0.0
AAG5Y4LH,HGST_20HUH721212ALN604,LGBM,0.99,0,2613,0,0.0
AAG5Y4TH,HGST_20HUH721212ALN604,LGBM,0.99,0,2613,0,0.0
AAG5Y4UH,HGST_20HUH721212ALN604,LGBM,0.99,0,2613,0,0.0
AAG5Y5UH,HGST_20HUH721212ALN604,LGBM,0.99,0,2613,0,0.0
AAG5YJ4H,HGST_20HUH721212ALN604,LGBM,0.99,0,2531,0,0.0
AAG5YLKH,HGST_20HUH721212ALN604,LGBM,0.99,0,2558,0,0.0
AAG5YYBH,HGST_20HUH721212ALN604,LGBM,0.99,0,2613,0,0.0
AAG5YYKH,HGST_20HUH721212ALN604,LGBM,0.99,1,2444,1,0.0004091653027823241
AAG5YZ8H,HGST_20HUH721212ALN604,LGBM,0.99,0,2531,0,0.0
AAG5YZZH,HGST_20HUH721212ALN604,LGBM,0.99,1,2344,1,0.0004266211604095563
AAG613MH,HGST_20HUH721212ALN604,LGBM,0.99,0,2613,0,0.0
AAG613RH,HGST_20HUH721212ALN604,LGBM,0.99,1,2345,0,0.0
AAG61KPH,HGST_20HUH721212ALN604,LGBM,0.99,0,2531,27,0.01066772026866851
AAG61LHH,HGST_20HUH721212ALN604,LGBM,0.99,1,1905,2,0.0010498687664041995
AAG61NEH,HGST_20HUH721212ALN604,LGBM,0.99,0,2613,0,0.0
AAG61NZH,HGST_20HUH721212ALN604,LGBM,0.99,0,2531,0,0.0
AAG61P2H,HGST_20HUH721212ALN604,LGBM,0.99,0,2558,0,0.0
AAG61UMH,HGST_20HUH721212ALN604,LGBM,0.99,0,2613,0,0.0
AAG61WRH,HGST_20HUH721212ALN604,LGBM,0.99,0,2558,0,0.0
AAG61Z1H,HGST_20HUH721212ALN604,LGBM,0.99,0,2613,0,0.0
AAG61ZAH,HGST_20HUH721212ALN604,LGBM,0.99,0,2558,0,0.0
AAG620PH,HGST_20HUH721212ALN604,LGBM,0.99,0,2531,0,0.0
AAG621WH,HGST_20HUH721212ALN604,LGBM,0.99,0,2613,0,0.0
AAG623DH,HGST_20HUH721212ALN604,LGBM,0.99,0,2613,0,0.0
AAG6376H,HGST_20HUH721212ALN604,LGBM,0.99,0,2531,0,0.0
AAG637RH,HGST_20HUH721212ALN604,LGBM,0.99,1,1233,0,0.0
AAG6381H,HGST_20HUH721212ALN604,LGBM,0.99,0,2613,0,0.0
AAG638GH,HGST_20HUH721212ALN604,LGBM,0.99,0,2613,0,0.0
AAG639BH,HGST_20HUH721212ALN604,LGBM,0.99,0,2613,0,0.0
AAG63DLH,HGST_20HUH721212ALN604,LGBM,0.99,0,2527,0,0.0
AAG63JSH,HGST_20HUH721212ALN604,LGBM,0.99,0,2558,0,0.0
AAG63PJH,HGST_20HUH721212ALN604,LGBM,0.99,0,2531,0,0.0
AAG63PKH,HGST_20HUH721212ALN604,LGBM,0.99,1,1179,0,0.0
AAG63PLH,HGST_20HUH721212ALN604,LGBM,0.99,0,2558,0,0.0
AAG63RGH,HGST_20HUH721212ALN604,LGBM,0.99,0,2558,0,0.0
AAG63TMH,HGST_20HUH721212ALN604,LGBM,0.99,1,2374,93,0.039174389216512215
AAG63TSH,HGST_20HUH721212ALN604,LGBM,0.99,0,2531,0,0.0
AAG63V6H,HGST_20HUH721212ALN604,LGBM,0.99,0,2531,0,0.0
AAG63WHH,HGST_20HUH721212ALN604,LGBM,0.99,1,2522,0,0.0
AAG63Z8H,HGST_20HUH721212ALN604,LGBM,0.99,1,2404,15,0.006239600665557404
AAG6417H,HGST_20HUH721212ALN604,LGBM,0.99,1,1925,8,0.004155844155844156
AAG6436H,HGST_20HUH721212ALN604,LGBM,0.99,0,2466,0,0.0
AAG64VXH,HGST_20HUH721212ALN604,LGBM,0.99,0,2613,0,0.0
AAG6509H,HGST_20HUH721212ALN604,LGBM,0.99,0,2531,0,0.0
AAG67UZH,HGST_20HUH721212ALN604,LGBM,0.99,0,2531,0,0.0
AAG67V3H,HGST_20HUH721212ALN604,LGBM,0.99,1,2304,0,0.0
AAG67VBH,HGST_20HUH721212ALN604,LGBM,0.99,0,2531,0,0.0
AAG67W3H,HGST_20HUH721212ALN604,LGBM,0.99,0,2558,0,0.0
AAG67Z8H,HGST_20HUH721212ALN604,LGBM,0.99,0,2466,0,0.0
AAG682YH,HGST_20HUH721212ALN604,LGBM,0.99,1,1926,1,0.0005192107995846313
AAG683JH,HGST_20HUH721212ALN604,LGBM,0.99,0,2558,0,0.0
AAG686GH,HGST_20HUH721212ALN604,LGBM,0.99,0,2558,0,0.0
AAG6870H,HGST_20HUH721212ALN604,LGBM,0.99,0,2613,0,0.0
AAG6878H,HGST_20HUH721212ALN604,LGBM,0.99,0,2613,0,0.0
AAG687GH,HGST_20HUH721212ALN604,LGBM,0.99,0,2558,0,0.0
AAG687MH,HGST_20HUH721212ALN604,LGBM,0.99,0,2531,0,0.0
AAG68AGH,HGST_20HUH721212ALN604,LGBM,0.99,0,2466,0,0.0
AAG68AKH,HGST_20HUH721212ALN604,LGBM,0.99,0,2552,0,0.0
AAG68AUH,HGST_20HUH721212ALN604,LGBM,0.99,0,2613,0,0.0
AAG68AXH,HGST_20HUH721212ALN604,LGBM,0.99,0,2531,0,0.0
AAG68BRH,HGST_20HUH721212ALN604,LGBM,0.99,0,2608,0,0.0
AAG68EWH,HGST_20HUH721212ALN604,LGBM,0.99,1,1548,0,0.0
AAG68EXH,HGST_20HUH721212ALN604,LGBM,0.99,1,1993,0,0.0
AAG68KVH,HGST_20HUH721212ALN604,LGBM,0.99,0,2613,0,0.0
AAG691PH,HGST_20HUH721212ALN604,LGBM,0.99,0,2466,0,0.0
AAG691VH,HGST_20HUH721212ALN604,LGBM,0.99,0,2613,0,0.0
AAG69LHH,HGST_20HUH721212ALN604,LGBM,0.99,0,2466,0,0.0
AAG69TTH,HGST_20HUH721212ALN604,LGBM,0.99,0,2558,0,0.0
AAG69WWH,HGST_20HUH721212ALN604,LGBM,0.99,0,2613,0,0.0
AAG69YWH,HGST_20HUH721212ALN604,LGBM,0.99,0,2558,0,0.0
AAG6A03H,HGST_20HUH721212ALN604,LGBM,0.99,0,2558,0,0.0
AAG6A07H,HGST_20HUH721212ALN604,LGBM,0.99,0,2558,0,0.0
AAG6A0AH,HGST_20HUH721212ALN604,LGBM,0.99,0,2613,0,0.0
AAG6AATH,HGST_20HUH721212ALN604,LGBM,0.99,0,2466,0,0.0
AAG6AV4H,HGST_20HUH721212ALN604,LGBM,0.99,0,2558,0,0.0
AAG6AWTH,HGST_20HUH721212ALN604,LGBM,0.99,1,1930,0,0.0
AAG6AX6H,HGST_20HUH721212ALN604,LGBM,0.99,0,2513,0,0.0
AAG6B4HH,HGST_20HUH721212ALN604,LGBM,0.99,0,2531,0,0.0
AAG6B5KH,HGST_20HUH721212ALN604,LGBM,0.99,0,2531,0,0.0
AAG6DT9H,HGST_20HUH721212ALN604,LGBM,0.99,1,56,0,0.0
AAG6DVEH,HGST_20HUH721212ALN604,LGBM,0.99,0,2558,0,0.0
AAG6DXTH,HGST_20HUH721212ALN604,LGBM,0.99,0,2613,0,0.0
AAG6E2HH,HGST_20HUH721212ALN604,LGBM,0.99,0,2531,0,0.0
AAG6E60H,HGST_20HUH721212ALN604,LGBM,0.99,0,2558,0,0.0
AAG6E7EH,HGST_20HUH721212ALN604,LGBM,0.99,0,2531,0,0.0
AAG6E7RH,HGST_20HUH721212ALN604,LGBM,0.99,0,2552,0,0.0
AAG6ESPH,HGST_20HUH721212ALN604,LGBM,0.99,0,2613,0,0.0
AAG6EVRH,HGST_20HUH721212ALN604,LGBM,0.99,0,2613,0,0.0
AAG6EX3H,HGST_20HUH721212ALN604,LGBM,0.99,0,2613,0,0.0
AAG6GM1H,HGST_20HUH721212ALN604,LGBM,0.99,0,2531,0,0.0
AAG6H25H,HGST_20HUH721212ALN604,LGBM,0.99,0,2558,0,0.0
AAG6HG0H,HGST_20HUH721212ALN604,LGBM,0.99,0,2552,0,0.0
AAG6HSEH,HGST_20HUH721212ALN604,LGBM,0.99,0,2558,0,0.0
AAG6HYXH,HGST_20HUH721212ALN604,LGBM,0.99,0,2558,0,0.0
AAG6J1MH,HGST_20HUH721212ALN604,LGBM,0.99,0,2613,0,0.0
AAG6J1TH,HGST_20HUH721212ALN604,LGBM,0.99,1,2396,0,0.0
AAG6J2DH,HGST_20HUH721212ALN604,LGBM,0.99,1,1743,0,0.0
AAG6J2KH,HGST_20HUH721212ALN604,LGBM,0.99,1,1749,0,0.0
AAG6KJ6H,HGST_20HUH721212ALN604,LGBM,0.99,0,2531,0,0.0
AAG6KJPH,HGST_20HUH721212ALN604,LGBM,0.99,0,2531,0,0.0
AAG6KTJH,HGST_20HUH721212ALN604,LGBM,0.99,0,2558,0,0.0
AAG6KTRH,HGST_20HUH721212ALN604,LGBM,0.99,0,2613,0,0.0
AAG6KUAH,HGST_20HUH721212ALN604,LGBM,0.99,0,2580,8,0.0031007751937984496
AAG6KUJH,HGST_20HUH721212ALN604,LGBM,0.99,0,2558,0,0.0
AAG6KV6H,HGST_20HUH721212ALN604,LGBM,0.99,1,1003,0,0.0
AAG6L88H,HGST_20HUH721212ALN604,LGBM,0.99,0,2531,0,0.0
AAG6L8VH,HGST_20HUH721212ALN604,LGBM,0.99,0,2531,0,0.0
AAG6LD7H,HGST_20HUH721212ALN604,LGBM,0.99,1,2300,0,0.0
AAG6LDTH,HGST_20HUH721212ALN604,LGBM,0.99,0,2531,0,0.0
AAG6LEHH,HGST_20HUH721212ALN604,LGBM,0.99,0,2552,0,0.0
AAG6LEJH,HGST_20HUH721212ALN604,LGBM,0.99,0,2558,0,0.0
AAG6LG9H,HGST_20HUH721212ALN604,LGBM,0.99,0,2613,0,0.0
AAG6LTSH,HGST_20HUH721212ALN604,LGBM,0.99,0,2558,0,0.0
AAG6M3BH,HGST_20HUH721212ALN604,LGBM,0.99,0,2558,0,0.0
AAG6M8TH,HGST_20HUH721212ALN604,LGBM,0.99,0,2613,0,0.0
AAG6MABH,HGST_20HUH721212ALN604,LGBM,0.99,0,2494,0,0.0
AAG6NEEH,HGST_20HUH721212ALN604,LGBM,0.99,0,2531,0,0.0
AAG6NP0H,HGST_20HUH721212ALN604,LGBM,0.99,1,2033,1,0.0004918839153959665
AAG6NPRH,HGST_20HUH721212ALN604,LGBM,0.99,1,2540,1,0.0003937007874015748
AAG6NRBH,HGST_20HUH721212ALN604,LGBM,0.99,1,1926,0,0.0
AAG6NRZH,HGST_20HUH721212ALN604,LGBM,0.99,0,2531,0,0.0
AAG6NS8H,HGST_20HUH721212ALN604,LGBM,0.99,0,2069,0,0.0
AAG6NSKH,HGST_20HUH721212ALN604,LGBM,0.99,0,2613,0,0.0
AAG6NVKH,HGST_20HUH721212ALN604,LGBM,0.99,0,2613,0,0.0
AAG6NW3H,HGST_20HUH721212ALN604,LGBM,0.99,0,2466,0,0.0
AAG6P40H,HGST_20HUH721212ALN604,LGBM,0.99,0,2613,0,0.0
AAG6P42H,HGST_20HUH721212ALN604,LGBM,0.99,0,2558,0,0.0
AAG6P4EH,HGST_20HUH721212ALN604,LGBM,0.99,0,2531,0,0.0
AAG6P9AH,HGST_20HUH721212ALN604,LGBM,0.99,0,2558,0,0.0
AAG6PWBH,HGST_20HUH721212ALN604,LGBM,0.99,0,2558,0,0.0
AAG6PY2H,HGST_20HUH721212ALN604,LGBM,0.99,0,2613,0,0.0
AAG6PYLH,HGST_20HUH721212ALN604,LGBM,0.99,0,2466,0,0.0
AAG6R0AH,HGST_20HUH721212ALN604,LGBM,0.99,0,2466,0,0.0
AAG6R2RH,HGST_20HUH721212ALN604,LGBM,0.99,0,2558,0,0.0
AAG6R32H,HGST_20HUH721212ALN604,LGBM,0.99,0,2558,0,0.0
AAG6R48H,HGST_20HUH721212ALN604,LGBM,0.99,0,2531,0,0.0
AAG6R8UH,HGST_20HUH721212ALN604,LGBM,0.99,0,2531,0,0.0
AAG6T4ZH,HGST_20HUH721212ALN604,LGBM,0.99,0,2531,0,0.0
AAG6T52H,HGST_20HUH721212ALN604,LGBM,0.99,1,1471,0,0.0
AAG6T55H,HGST_20HUH721212ALN604,LGBM,0.99,0,2466,0,0.0
AAG6T5JH,HGST_20HUH721212ALN604,LGBM,0.99,0,2482,0,0.0
AAG6T7LH,HGST_20HUH721212ALN604,LGBM,0.99,0,2558,0,0.0
AAG6T9NH,HGST_20HUH721212ALN604,LGBM,0.99,0,2466,0,0.0
AAG6TA8H,HGST_20HUH721212ALN604,LGBM,0.99,0,2613,0,0.0
AAG6TAHH,HGST_20HUH721212ALN604,LGBM,0.99,0,2466,0,0.0
AAG6TAKH,HGST_20HUH721212ALN604,LGBM,0.99,0,2466,0,0.0
AAG6TBBH,HGST_20HUH721212ALN604,LGBM,0.99,0,2531,0,0.0
AAG6TBJH,HGST_20HUH721212ALN604,LGBM,0.99,0,2613,0,0.0
AAG6THHH,HGST_20HUH721212ALN604,LGBM,0.99,0,2466,0,0.0
AAG6THJH,HGST_20HUH721212ALN604,LGBM,0.99,0,2466,0,0.0
AAG6THLH,HGST_20HUH721212ALN604,LGBM,0.99,0,2494,0,0.0
AAG6TRKH,HGST_20HUH721212ALN604,LGBM,0.99,0,2494,0,0.0
AAG6TS8H,HGST_20HUH721212ALN604,LGBM,0.99,0,2466,0,0.0
AAG6TSUH,HGST_20HUH721212ALN604,LGBM,0.99,0,2531,0,0.0
AAG6TT1H,HGST_20HUH721212ALN604,LGBM,0.99,0,2482,0,0.0
AAG6TT9H,HGST_20HUH721212ALN604,LGBM,0.99,0,2531,0,0.0
AAG6TTNH,HGST_20HUH721212ALN604,LGBM,0.99,0,2613,0,0.0
AAG6TUVH,HGST_20HUH721212ALN604,LGBM,0.99,0,2466,0,0.0
AAG6TVPH,HGST_20HUH721212ALN604,LGBM,0.99,0,2531,0,0.0
AAG6TY4H,HGST_20HUH721212ALN604,LGBM,0.99,0,2466,0,0.0
AAG6U5AH,HGST_20HUH721212ALN604,LGBM,0.99,0,2558,0,0.0
AAG6UKNH,HGST_20HUH721212ALN604,LGBM,0.99,0,2531,0,0.0
AAG6UMGH,HGST_20HUH721212ALN604,LGBM,0.99,0,2613,0,0.0
AAG6UMJH,HGST_20HUH721212ALN604,LGBM,0.99,0,2613,0,0.0
AAG6UNKH,HGST_20HUH721212ALN604,LGBM,0.99,0,2459,0,0.0
AAG6US4H,HGST_20HUH721212ALN604,LGBM,0.99,0,2558,0,0.0
AAG6UT0H,HGST_20HUH721212ALN604,LGBM,0.99,0,2466,0,0.0
AAG6UU8H,HGST_20HUH721212ALN604,LGBM,0.99,0,2613,0,0.0
AAG6UZTH,HGST_20HUH721212ALN604,LGBM,0.99,0,2531,0,0.0
AAG6V1MH,HGST_20HUH721212ALN604,LGBM,0.99,0,2531,0,0.0
AAG6V71H,HGST_20HUH721212ALN604,LGBM,0.99,0,2558,0,0.0
AAG6V7DH,HGST_20HUH721212ALN604,LGBM,0.99,0,2558,0,0.0
AAG6V7VH,HGST_20HUH721212ALN604,LGBM,0.99,0,2558,0,0.0
AAG6VHXH,HGST_20HUH721212ALN604,LGBM,0.99,0,2466,0,0.0
AAG6VJKH,HGST_20HUH721212ALN604,LGBM,0.99,0,2531,0,0.0
AAG6VM8H,HGST_20HUH721212ALN604,LGBM,0.99,0,2531,0,0.0
AAG6VMBH,HGST_20HUH721212ALN604,LGBM,0.99,0,2558,0,0.0
AAG6VMGH,HGST_20HUH721212ALN604,LGBM,0.99,0,2558,0,0.0
AAG6X6JH,HGST_20HUH721212ALN604,LGBM,0.99,0,2531,0,0.0
AAG6XU7H,HGST_20HUH721212ALN604,LGBM,0.99,1,386,6,0.015544041450777202
AAG6XWGH,HGST_20HUH721212ALN604,LGBM,0.99,0,2558,0,0.0
AAG6XWJH,HGST_20HUH721212ALN604,LGBM,0.99,1,2200,0,0.0
AAG6XXWH,HGST_20HUH721212ALN604,LGBM,0.99,0,2613,0,0.0
AAG6XYBH,HGST_20HUH721212ALN604,LGBM,0.99,0,2466,0,0.0
AAG6XYNH,HGST_20HUH721212ALN604,LGBM,0.99,0,2466,0,0.0
AAG6XZ6H,HGST_20HUH721212ALN604,LGBM,0.99,0,2531,0,0.0
AAG6XZNH,HGST_20HUH721212ALN604,LGBM,0.99,0,2466,0,0.0
AAG6Y0GH,HGST_20HUH721212ALN604,LGBM,0.99,0,2558,0,0.0
AAG6Y0KH,HGST_20HUH721212ALN604,LGBM,0.99,0,2613,0,0.0
AAG6Y1BH,HGST_20HUH721212ALN604,LGBM,0.99,0,2558,0,0.0
AAG6Y3LH,HGST_20HUH721212ALN604,LGBM,0.99,0,2531,0,0.0
AAG6Y3UH,HGST_20HUH721212ALN604,LGBM,0.99,0,2466,0,0.0
AAG6Y41H,HGST_20HUH721212ALN604,LGBM,0.99,0,2613,0,0.0
AAG6Y46H,HGST_20HUH721212ALN604,LGBM,0.99,0,2466,0,0.0
AAG6YZ1H,HGST_20HUH721212ALN604,LGBM,0.99,0,2531,1,0.0003951007506914263
AAG6YZ9H,HGST_20HUH721212ALN604,LGBM,0.99,0,2613,0,0.0
AAG6Z0DH,HGST_20HUH721212ALN604,LGBM,0.99,0,2613,0,0.0
AAG6Z17H,HGST_20HUH721212ALN604,LGBM,0.99,0,2466,0,0.0
AAG6Z1MH,HGST_20HUH721212ALN604,LGBM,0.99,0,2558,0,0.0
AAG6Z1XH,HGST_20HUH721212ALN604,LGBM,0.99,0,2558,0,0.0
AAG6Z2DH,HGST_20HUH721212ALN604,LGBM,0.99,0,2558,0,0.0
AAG6Z2RH,HGST_20HUH721212ALN604,LGBM,0.99,0,2466,0,0.0
AAG6Z42H,HGST_20HUH721212ALN604,LGBM,0.99,1,2151,0,0.0
AAG6Z4VH,HGST_20HUH721212ALN604,LGBM,0.99,0,2558,0,0.0
AAG6Z53H,HGST_20HUH721212ALN604,LGBM,0.99,0,2482,0,0.0
AAG6ZJ9H,HGST_20HUH721212ALN604,LGBM,0.99,0,2558,0,0.0
AAG705GH,HGST_20HUH721212ALN604,LGBM,0.99,0,2558,0,0.0
AAG7078H,HGST_20HUH721212ALN604,LGBM,0.99,0,2494,0,0.0
AAG70HDH,HGST_20HUH721212ALN604,LGBM,0.99,0,2613,0,0.0
AAG70JEH,HGST_20HUH721212ALN604,LGBM,0.99,0,2466,0,0.0
AAG70U9H,HGST_20HUH721212ALN604,LGBM,0.99,0,2613,0,0.0
AAG73ZWH,HGST_20HUH721212ALN604,LGBM,0.99,0,2613,0,0.0
AAG73ZZH,HGST_20HUH721212ALN604,LGBM,0.99,0,2531,0,0.0
AAG740EH,HGST_20HUH721212ALN604,LGBM,0.99,0,2613,0,0.0
AAG740NH,HGST_20HUH721212ALN604,LGBM,0.99,0,2466,0,0.0
AAG740WH,HGST_20HUH721212ALN604,LGBM,0.99,0,2558,0,0.0
AAG740YH,HGST_20HUH721212ALN604,LGBM,0.99,0,2527,0,0.0
AAG741PH,HGST_20HUH721212ALN604,LGBM,0.99,0,2531,0,0.0
AAG742EH,HGST_20HUH721212ALN604,LGBM,0.99,0,2531,0,0.0
AAG742JH,HGST_20HUH721212ALN604,LGBM,0.99,0,2466,0,0.0
AAG742WH,HGST_20HUH721212ALN604,LGBM,0.99,0,2613,0,0.0
AAG7431H,HGST_20HUH721212ALN604,LGBM,0.99,0,2613,0,0.0
AAG743EH,HGST_20HUH721212ALN604,LGBM,0.99,0,2466,0,0.0
AAG743UH,HGST_20HUH721212ALN604,LGBM,0.99,0,2613,0,0.0
AAG743VH,HGST_20HUH721212ALN604,LGBM,0.99,0,2613,0,0.0
AAG7454H,HGST_20HUH721212ALN604,LGBM,0.99,0,2531,0,0.0
AAG74DKH,HGST_20HUH721212ALN604,LGBM,0.99,0,2494,0,0.0
AAG74EAH,HGST_20HUH721212ALN604,LGBM,0.99,1,2277,88,0.03864734299516908
AAG74EBH,HGST_20HUH721212ALN604,LGBM,0.99,0,2531,0,0.0
AAG74EYH,HGST_20HUH721212ALN604,LGBM,0.99,0,2466,0,0.0
AAG74EZH,HGST_20HUH721212ALN604,LGBM,0.99,0,2466,0,0.0
AAG74VHH,HGST_20HUH721212ALN604,LGBM,0.99,0,2558,0,0.0
AAG74WRH,HGST_20HUH721212ALN604,LGBM,0.99,0,2466,0,0.0
AAG76HYH,HGST_20HUH721212ALN604,LGBM,0.99,1,944,13,0.013771186440677966
AAG77A5H,HGST_20HUH721212ALN604,LGBM,0.99,0,2466,0,0.0
AAG799NH,HGST_20HUH721212ALN604,LGBM,0.99,0,2558,0,0.0
AAG79B0H,HGST_20HUH721212ALN604,LGBM,0.99,0,2531,0,0.0
AAG7A8EH,HGST_20HUH721212ALN604,LGBM,0.99,0,2466,0,0.0
AAG7A9KH,HGST_20HUH721212ALN604,LGBM,0.99,0,2613,0,0.0
AAG7ADMH,HGST_20HUH721212ALN604,LGBM,0.99,0,2482,0,0.0
AAG7AGWH,HGST_20HUH721212ALN604,LGBM,0.99,0,2494,0,0.0
AAG7AHMH,HGST_20HUH721212ALN604,LGBM,0.99,0,2466,0,0.0
AAG7BP3H,HGST_20HUH721212ALN604,LGBM,0.99,0,2466,0,0.0
AAG7BPKH,HGST_20HUH721212ALN604,LGBM,0.99,0,2466,0,0.0
AAG7BRGH,HGST_20HUH721212ALN604,LGBM,0.99,0,2613,0,0.0
AAG7BS8H,HGST_20HUH721212ALN604,LGBM,0.99,0,2558,0,0.0
AAG7BWAH,HGST_20HUH721212ALN604,LGBM,0.99,0,2531,0,0.0
AAG7D1SH,HGST_20HUH721212ALN604,LGBM,0.99,0,2466,0,0.0
AAG7D29H,HGST_20HUH721212ALN604,LGBM,0.99,0,2531,0,0.0
AAG7D2PH,HGST_20HUH721212ALN604,LGBM,0.99,0,2466,0,0.0
AAG7D48H,HGST_20HUH721212ALN604,LGBM,0.99,0,2466,0,0.0
AAG7D4DH,HGST_20HUH721212ALN604,LGBM,0.99,0,2558,0,0.0
AAG7D85H,HGST_20HUH721212ALN604,LGBM,0.99,0,2466,0,0.0
AAG7DPYH,HGST_20HUH721212ALN604,LGBM,0.99,0,2558,0,0.0
AAG7DRDH,HGST_20HUH721212ALN604,LGBM,0.99,0,2558,0,0.0
AAG7DS9H,HGST_20HUH721212ALN604,LGBM,0.99,0,2558,0,0.0
AAG7DW0H,HGST_20HUH721212ALN604,LGBM,0.99,0,2494,0,0.0
AAG7E1MH,HGST_20HUH721212ALN604,LGBM,0.99,0,2558,0,0.0
AAG7E1PH,HGST_20HUH721212ALN604,LGBM,0.99,0,2613,0,0.0
AAG7E2HH,HGST_20HUH721212ALN604,LGBM,0.99,0,2558,0,0.0
AAG7LG4H,HGST_20HUH721212ALN604,LGBM,0.99,0,2558,0,0.0
AAG7LG7H,HGST_20HUH721212ALN604,LGBM,0.99,0,2482,0,0.0
AAG7LHYH,HGST_20HUH721212ALN604,LGBM,0.99,0,2531,0,0.0
AAG7LNAH,HGST_20HUH721212ALN604,LGBM,0.99,0,2466,0,0.0
AAG7LSWH,HGST_20HUH721212ALN604,LGBM,0.99,0,2613,0,0.0
AAG7LTHH,HGST_20HUH721212ALN604,LGBM,0.99,1,1946,0,0.0
AAG7LZEH,HGST_20HUH721212ALN604,LGBM,0.99,0,2558,27,0.01055512118842846
AAG7M25H,HGST_20HUH721212ALN604,LGBM,0.99,0,2466,0,0.0
AAG7M3NH,HGST_20HUH721212ALN604,LGBM,0.99,0,2466,0,0.0
AAG7M3TH,HGST_20HUH721212ALN604,LGBM,0.99,0,2531,0,0.0
AAG7MMDH,HGST_20HUH721212ALN604,LGBM,0.99,0,2482,0,0.0
AAG7MP8H,HGST_20HUH721212ALN604,LGBM,0.99,0,2466,0,0.0
AAG7MULH,HGST_20HUH721212ALN604,LGBM,0.99,1,2554,6,0.0023492560689115116
AAG7MUNH,HGST_20HUH721212ALN604,LGBM,0.99,0,823,0,0.0
AAG7MVMH,HGST_20HUH721212ALN604,LGBM,0.99,0,2558,0,0.0
AAG7N3ZH,HGST_20HUH721212ALN604,LGBM,0.99,0,2531,0,0.0
AAG7N5WH,HGST_20HUH721212ALN604,LGBM,0.99,0,2531,0,0.0
AAG7N62H,HGST_20HUH721212ALN604,LGBM,0.99,0,2466,0,0.0
AAG7N63H,HGST_20HUH721212ALN604,LGBM,0.99,0,2531,0,0.0
AAG7N6MH,HGST_20HUH721212ALN604,LGBM,0.99,0,2494,0,0.0
AAG7PPHH,HGST_20HUH721212ALN604,LGBM,0.99,1,2390,0,0.0
AAG7R02H,HGST_20HUH721212ALN604,LGBM,0.99,0,2466,0,0.0
AAG7R5VH,HGST_20HUH721212ALN604,LGBM,0.99,0,2466,0,0.0
AAG7R93H,HGST_20HUH721212ALN604,LGBM,0.99,0,2466,0,0.0
AAG7RA1H,HGST_20HUH721212ALN604,LGBM,0.99,0,2613,0,0.0
AAG7RAMH,HGST_20HUH721212ALN604,LGBM,0.99,0,2558,0,0.0
AAG7RBDH,HGST_20HUH721212ALN604,LGBM,0.99,0,2494,0,0.0
AAG90D8H,HGST_20HUH721212ALN604,LGBM,0.99,0,2494,0,0.0
AAG9VK6H,HGST_20HUH721212ALN604,LGBM,0.99,0,2558,0,0.0
AAGA4YNH,HGST_20HUH721212ALN604,LGBM,0.99,0,2466,0,0.0
AAGA7W1H,HGST_20HUH721212ALN604,LGBM,0.99,1,1503,0,0.0
AAGA9E3H,HGST_20HUH721212ALN604,LGBM,0.99,0,2494,0,0.0
AAGH3VWH,HGST_20HUH721212ALN604,LGBM,0.99,0,2471,0,0.0
AAGMU4TH,HGST_20HUH721212ALN604,LGBM,0.99,0,2494,0,0.0
AAGN9D2H,HGST_20HUH721212ALN604,LGBM,0.99,1,1598,0,0.0
AAGP62KH,HGST_20HUH721212ALN604,LGBM,0.99,0,2466,0,0.0
AAGUS87H,HGST_20HUH721212ALN604,LGBM,0.99,0,2393,0,0.0
AAGVX4UH,HGST_20HUH721212ALN604,LGBM,0.99,0,2494,0,0.0
AAGWTB0H,HGST_20HUH721212ALN604,LGBM,0.99,0,2455,0,0.0
AAGXDBZH,HGST_20HUH721212ALN604,LGBM,0.99,0,2482,0,0.0
AAGXLP2H,HGST_20HUH721212ALN604,LGBM,0.99,0,2466,0,0.0
AAGXMJSH,HGST_20HUH721212ALN604,LGBM,0.99,0,2494,0,0.0
AAGXU8YH,HGST_20HUH721212ALN604,LGBM,0.99,0,2482,0,0.0
AAGXUBRH,HGST_20HUH721212ALN604,LGBM,0.99,0,2494,0,0.0
AAGXV97H,HGST_20HUH721212ALN604,LGBM,0.99,0,719,0,0.0
AAGXW8VH,HGST_20HUH721212ALN604,LGBM,0.99,0,2393,0,0.0
AAGXWUWH,HGST_20HUH721212ALN604,LGBM,0.99,0,2494,0,0.0
AAGXY3MH,HGST_20HUH721212ALN604,LGBM,0.99,1,2156,0,0.0
AAH22T7H,HGST_20HUH721212ALN604,LGBM,0.99,0,2494,0,0.0
AAH4NTGH,HGST_20HUH721212ALN604,LGBM,0.99,0,2494,0,0.0
AAH6DU2H,HGST_20HUH721212ALN604,LGBM,0.99,0,2386,0,0.0
AAH78SAH,HGST_20HUH721212ALN604,LGBM,0.99,0,2494,0,0.0
AAH7HJSH,HGST_20HUH721212ALN604,LGBM,0.99,0,2494,0,0.0
AAH7HKHH,HGST_20HUH721212ALN604,LGBM,0.99,0,2494,0,0.0
AAH7HNDH,HGST_20HUH721212ALN604,LGBM,0.99,0,2494,0,0.0
AAH7X19H,HGST_20HUH721212ALN604,LGBM,0.99,0,2494,0,0.0
AAH86SEH,HGST_20HUH721212ALN604,LGBM,0.99,0,2494,0,0.0
AAH8BLDH,HGST_20HUH721212ALN604,LGBM,0.99,0,2494,0,0.0
AAH8HPVH,HGST_20HUH721212ALN604,LGBM,0.99,0,2494,0,0.0
AAH8LPUH,HGST_20HUH721212ALN604,LGBM,0.99,0,2494,0,0.0
AAH8P7WH,HGST_20HUH721212ALN604,LGBM,0.99,0,2471,0,0.0
AAH8R0LH,HGST_20HUH721212ALN604,LGBM,0.99,0,2494,0,0.0
AAH8RG4H,HGST_20HUH721212ALN604,LGBM,0.99,0,2494,0,0.0
AAH8V76H,HGST_20HUH721212ALN604,LGBM,0.99,0,2494,0,0.0
AAH8V7KH,HGST_20HUH721212ALN604,LGBM,0.99,0,2494,0,0.0
AAH90NAH,HGST_20HUH721212ALN604,LGBM,0.99,1,1447,0,0.0
AAH919BH,HGST_20HUH721212ALN604,LGBM,0.99,0,2494,0,0.0
AAH9285H,HGST_20HUH721212ALN604,LGBM,0.99,0,2494,0,0.0
AAH92GHH,HGST_20HUH721212ALN604,LGBM,0.99,0,2494,0,0.0
AAH92HRH,HGST_20HUH721212ALN604,LGBM,0.99,0,2494,0,0.0
AAH92JGH,HGST_20HUH721212ALN604,LGBM,0.99,0,2494,0,0.0
AAH92V3H,HGST_20HUH721212ALN604,LGBM,0.99,0,2494,0,0.0
AAH9301H,HGST_20HUH721212ALN604,LGBM,0.99,1,1695,0,0.0
AAH9305H,HGST_20HUH721212ALN604,LGBM,0.99,0,2494,0,0.0
AAH9307H,HGST_20HUH721212ALN604,LGBM,0.99,1,1437,0,0.0
AAH93MDH,HGST_20HUH721212ALN604,LGBM,0.99,0,2494,0,0.0
AAH93RZH,HGST_20HUH721212ALN604,LGBM,0.99,0,2494,0,0.0
AAH953TH,HGST_20HUH721212ALN604,LGBM,0.99,0,2494,0,0.0
AAH9618H,HGST_20HUH721212ALN604,LGBM,0.99,0,2494,0,0.0
AAH9689H,HGST_20HUH721212ALN604,LGBM,0.99,0,2494,0,0.0
AAH96AUH,HGST_20HUH721212ALN604,LGBM,0.99,0,2494,0,0.0
AAH97BZH,HGST_20HUH721212ALN604,LGBM,0.99,0,2346,9,0.0038363171355498722
AAH99PNH,HGST_20HUH721212ALN604,LGBM,0.99,0,2494,0,0.0
AAH9BERH,HGST_20HUH721212ALN604,LGBM,0.99,0,2494,0,0.0
AAHAS1MH,HGST_20HUH721212ALN604,LGBM,0.99,0,2471,0,0.0
AAHAS9TH,HGST_20HUH721212ALN604,LGBM,0.99,0,2471,0,0.0
AAHB6YXH,HGST_20HUH721212ALN604,LGBM,0.99,0,2471,0,0.0
AAHB8Z9H,HGST_20HUH721212ALN604,LGBM,0.99,0,2471,0,0.0
AAHBKUHH,HGST_20HUH721212ALN604,LGBM,0.99,0,2471,0,0.0
AAHD7S9H,HGST_20HUH721212ALN604,LGBM,0.99,0,2479,0,0.0
AAHDJD5H,HGST_20HUH721212ALN604,LGBM,0.99,0,2471,0,0.0
AAHDJDSH,HGST_20HUH721212ALN604,LGBM,0.99,0,2471,0,0.0
AAHDJH3H,HGST_20HUH721212ALN604,LGBM,0.99,0,2459,0,0.0
AAHDUS5H,HGST_20HUH721212ALN604,LGBM,0.99,0,2471,0,0.0
AAHDUT6H,HGST_20HUH721212ALN604,LGBM,0.99,0,2471,0,0.0
AAHDYR0H,HGST_20HUH721212ALN604,LGBM,0.99,0,2471,0,0.0
AAHE23AH,HGST_20HUH721212ALN604,LGBM,0.99,0,2471,0,0.0
AAHE4SAH,HGST_20HUH721212ALN604,LGBM,0.99,0,2471,0,0.0
AAHEAGWH,HGST_20HUH721212ALN604,LGBM,0.99,0,2471,0,0.0
AAHEAHLH,HGST_20HUH721212ALN604,LGBM,0.99,0,2471,0,0.0
AAHED32H,HGST_20HUH721212ALN604,LGBM,0.99,0,2471,0,0.0
AAHED3GH,HGST_20HUH721212ALN604,LGBM,0.99,0,2471,0,0.0
AAHED8NH,HGST_20HUH721212ALN604,LGBM,0.99,0,2463,0,0.0
AAHED98H,HGST_20HUH721212ALN604,LGBM,0.99,0,2471,0,0.0
AAHEEVKH,HGST_20HUH721212ALN604,LGBM,0.99,0,2471,0,0.0
AAHEHEEH,HGST_20HUH721212ALN604,LGBM,0.99,0,2471,0,0.0
AAHEHHMH,HGST_20HUH721212ALN604,LGBM,0.99,0,2467,0,0.0
AAHEHJ0H,HGST_20HUH721212ALN604,LGBM,0.99,0,2466,0,0.0
AAHEHJ1H,HGST_20HUH721212ALN604,LGBM,0.99,0,2471,0,0.0
AAHEHL5H,HGST_20HUH721212ALN604,LGBM,0.99,0,2471,0,0.0
AAHEHP8H,HGST_20HUH721212ALN604,LGBM,0.99,0,2471,0,0.0
AAHEHRSH,HGST_20HUH721212ALN604,LGBM,0.99,0,2471,0,0.0
AAHEHS0H,HGST_20HUH721212ALN604,LGBM,0.99,0,2471,0,0.0
AAHEHTDH,HGST_20HUH721212ALN604,LGBM,0.99,0,2471,0,0.0
AAHEHTNH,HGST_20HUH721212ALN604,LGBM,0.99,0,2471,0,0.0
AAHEHTPH,HGST_20HUH721212ALN604,LGBM,0.99,0,2471,0,0.0
AAHEHVUH,HGST_20HUH721212ALN604,LGBM,0.99,0,2471,0,0.0
AAHEHY7H,HGST_20HUH721212ALN604,LGBM,0.99,0,2471,0,0.0
AAHEHZ2H,HGST_20HUH721212ALN604,LGBM,0.99,0,2471,0,0.0
AAHEHZPH,HGST_20HUH721212ALN604,LGBM,0.99,0,2471,0,0.0
AAHEHZXH,HGST_20HUH721212ALN604,LGBM,0.99,0,2471,0,0.0
AAHEJ43H,HGST_20HUH721212ALN604,LGBM,0.99,0,2462,0,0.0
AAHEJ4KH,HGST_20HUH721212ALN604,LGBM,0.99,0,2471,0,0.0
AAHEJ76H,HGST_20HUH721212ALN604,LGBM,0.99,0,2471,0,0.0
AAHEJDXH,HGST_20HUH721212ALN604,LGBM,0.99,0,2471,0,0.0
AAHEJE4H,HGST_20HUH721212ALN604,LGBM,0.99,0,2471,0,0.0
AAHEJHKH,HGST_20HUH721212ALN604,LGBM,0.99,0,2471,0,0.0
AAHGYKJH,HGST_20HUH721212ALN604,LGBM,0.99,1,1808,0,0.0
AAHH59AH,HGST_20HUH721212ALN604,LGBM,0.99,0,2393,0,0.0
AAHHAXAH,HGST_20HUH721212ALN604,LGBM,0.99,0,2393,0,0.0
AAHHXJ2H,HGST_20HUH721212ALN604,LGBM,0.99,0,2393,0,0.0
AAHJG5XH,HGST_20HUH721212ALN604,LGBM,0.99,0,2393,0,0.0
AAHJP8BH,HGST_20HUH721212ALN604,LGBM,0.99,0,2466,0,0.0
AAHK5PUH,HGST_20HUH721212ALN604,LGBM,0.99,0,2466,0,0.0
AAHK8NRH,HGST_20HUH721212ALN604,LGBM,0.99,0,2393,0,0.0
AAHKERJH,HGST_20HUH721212ALN604,LGBM,0.99,1,2346,0,0.0
AAHKKR8H,HGST_20HUH721212ALN604,LGBM,0.99,0,2393,0,0.0
AAHKLDKH,HGST_20HUH721212ALN604,LGBM,0.99,0,2466,0,0.0
AAHKM55H,HGST_20HUH721212ALN604,LGBM,0.99,1,2052,0,0.0
AAHKMW2H,HGST_20HUH721212ALN604,LGBM,0.99,1,957,0,0.0
AAHKS17H,HGST_20HUH721212ALN604,LGBM,0.99,1,2215,1,0.0004514672686230248
AAHKWLAH,HGST_20HUH721212ALN604,LGBM,0.99,0,2393,0,0.0
AAHKX43H,HGST_20HUH721212ALN604,LGBM,0.99,1,105,1,0.009523809523809525
AAHKXKYH,HGST_20HUH721212ALN604,LGBM,0.99,0,2393,0,0.0
AAHKXLYH,HGST_20HUH721212ALN604,LGBM,0.99,0,2393,0,0.0
AAHKXNHH,HGST_20HUH721212ALN604,LGBM,0.99,0,2393,0,0.0
AAHKXZ7H,HGST_20HUH721212ALN604,LGBM,0.99,0,2393,0,0.0
AAHKYETH,HGST_20HUH721212ALN604,LGBM,0.99,0,2482,0,0.0
AAHL0PKH,HGST_20HUH721212ALN604,LGBM,0.99,0,1751,0,0.0
AAHL0TLH,HGST_20HUH721212ALN604,LGBM,0.99,0,2466,0,0.0
AAHL4K8H,HGST_20HUH721212ALN604,LGBM,0.99,0,2482,0,0.0
AAHL5LRH,HGST_20HUH721212ALN604,LGBM,0.99,1,1847,0,0.0
AAHL9A9H,HGST_20HUH721212ALN604,LGBM,0.99,0,2393,0,0.0
AAHL9XJH,HGST_20HUH721212ALN604,LGBM,0.99,0,2393,0,0.0
AAHL9XLH,HGST_20HUH721212ALN604,LGBM,0.99,0,2393,0,0.0
AAHL9Y3H,HGST_20HUH721212ALN604,LGBM,0.99,0,2393,0,0.0
AAHL9YAH,HGST_20HUH721212ALN604,LGBM,0.99,0,2393,0,0.0
AAHL9ZYH,HGST_20HUH721212ALN604,LGBM,0.99,0,2393,0,0.0
AAHLBTZH,HGST_20HUH721212ALN604,LGBM,0.99,1,2175,0,0.0
AAHLBWGH,HGST_20HUH721212ALN604,LGBM,0.99,1,2206,3,0.0013599274705349048
AAHLBWSH,HGST_20HUH721212ALN604,LGBM,0.99,1,1582,0,0.0
AAHLBXVH,HGST_20HUH721212ALN604,LGBM,0.99,0,2282,0,0.0
AAHLD3UH,HGST_20HUH721212ALN604,LGBM,0.99,1,2038,0,0.0
AAHLS5JH,HGST_20HUH721212ALN604,LGBM,0.99,0,2482,0,0.0
AAHLS7ZH,HGST_20HUH721212ALN604,LGBM,0.99,0,2482,0,0.0
AAHLS8YH,HGST_20HUH721212ALN604,LGBM,0.99,0,2482,0,0.0
AAHLS9UH,HGST_20HUH721212ALN604,LGBM,0.99,0,2482,0,0.0
AAHLV30H,HGST_20HUH721212ALN604,LGBM,0.99,0,2482,0,0.0
AAHLV40H,HGST_20HUH721212ALN604,LGBM,0.99,1,82,0,0.0
AAHLV47H,HGST_20HUH721212ALN604,LGBM,0.99,0,2482,0,0.0
AAHLVTVH,HGST_20HUH721212ALN604,LGBM,0.99,0,2471,0,0.0
AAHLWE3H,HGST_20HUH721212ALN604,LGBM,0.99,0,2471,0,0.0
AAHLWKXH,HGST_20HUH721212ALN604,LGBM,0.99,0,2482,0,0.0
AAHLWM3H,HGST_20HUH721212ALN604,LGBM,0.99,0,2471,0,0.0
AAHLXJ1H,HGST_20HUH721212ALN604,LGBM,0.99,0,2494,0,0.0
AAHLXJ9H,HGST_20HUH721212ALN604,LGBM,0.99,0,2490,0,0.0
AAHLXL5H,HGST_20HUH721212ALN604,LGBM,0.99,0,2393,0,0.0
AAHLXTXH,HGST_20HUH721212ALN604,LGBM,0.99,0,2470,0,0.0
AAHLY01H,HGST_20HUH721212ALN604,LGBM,0.99,0,2471,0,0.0
AAHLY04H,HGST_20HUH721212ALN604,LGBM,0.99,0,2494,0,0.0
AAHLY2TH,HGST_20HUH721212ALN604,LGBM,0.99,0,2471,0,0.0
AAHLY31H,HGST_20HUH721212ALN604,LGBM,0.99,1,2174,0,0.0
AAHLYJRH,HGST_20HUH721212ALN604,LGBM,0.99,0,2471,0,0.0
AAHLYY6H,HGST_20HUH721212ALN604,LGBM,0.99,0,2482,0,0.0
AAHM227H,HGST_20HUH721212ALN604,LGBM,0.99,0,2393,0,0.0
AAHM4E6H,HGST_20HUH721212ALN604,LGBM,0.99,0,2471,0,0.0
AAHM4HSH,HGST_20HUH721212ALN604,LGBM,0.99,0,2494,0,0.0
AAHM4KJH,HGST_20HUH721212ALN604,LGBM,0.99,0,2393,0,0.0
AAHM4S6H,HGST_20HUH721212ALN604,LGBM,0.99,0,2494,0,0.0
AAHM4S8H,HGST_20HUH721212ALN604,LGBM,0.99,0,2494,0,0.0
AAHM4SSH,HGST_20HUH721212ALN604,LGBM,0.99,0,2494,0,0.0
AAHM4T2H,HGST_20HUH721212ALN604,LGBM,0.99,0,2494,0,0.0
AAHM4T6H,HGST_20HUH721212ALN604,LGBM,0.99,0,2393,0,0.0
AAHM4TRH,HGST_20HUH721212ALN604,LGBM,0.99,0,2393,0,0.0
AAHM4UYH,HGST_20HUH721212ALN604,LGBM,0.99,0,2494,0,0.0
AAHM4WBH,HGST_20HUH721212ALN604,LGBM,0.99,0,2482,0,0.0
AAHM4WEH,HGST_20HUH721212ALN604,LGBM,0.99,0,2494,0,0.0
AAHM4XGH,HGST_20HUH721212ALN604,LGBM,0.99,0,2393,0,0.0
AAHM5Z4H,HGST_20HUH721212ALN604,LGBM,0.99,0,2494,0,0.0
AAHM5Z9H,HGST_20HUH721212ALN604,LGBM,0.99,0,2494,0,0.0
AAHM5ZHH,HGST_20HUH721212ALN604,LGBM,0.99,0,2494,0,0.0
AAHMD6GH,HGST_20HUH721212ALN604,LGBM,0.99,0,2494,0,0.0
AAHME7KH,HGST_20HUH721212ALN604,LGBM,0.99,0,2482,0,0.0
AAHMGV8H,HGST_20HUH721212ALN604,LGBM,0.99,0,2471,0,0.0
AAHMH4LH,HGST_20HUH721212ALN604,LGBM,0.99,0,2494,0,0.0
AAHML65H,HGST_20HUH721212ALN604,LGBM,0.99,0,2469,0,0.0
AAHMN38H,HGST_20HUH721212ALN604,LGBM,0.99,0,2482,0,0.0
AAHMR03H,HGST_20HUH721212ALN604,LGBM,0.99,1,2387,12,0.005027230833682447
AAHMR2ZH,HGST_20HUH721212ALN604,LGBM,0.99,1,1722,0,0.0
AAHMSNRH,HGST_20HUH721212ALN604,LGBM,0.99,0,2482,0,0.0
AAHMUYLH,HGST_20HUH721212ALN604,LGBM,0.99,0,2482,0,0.0
AAHMW6RH,HGST_20HUH721212ALN604,LGBM,0.99,0,2482,0,0.0
AAHMW7NH,HGST_20HUH721212ALN604,LGBM,0.99,0,2482,0,0.0
2AG61PSY,HGST_20HUH721212ALN604,XGB,0.46,0,2467,0,0.0
2AG8AVRY,HGST_20HUH721212ALN604,XGB,0.46,0,2393,0,0.0
2AGEGU7Y,HGST_20HUH721212ALN604,XGB,0.46,0,2471,0,0.0
2AGEU1JY,HGST_20HUH721212ALN604,XGB,0.46,0,2466,6,0.0024330900243309003
2AGG48NY,HGST_20HUH721212ALN604,XGB,0.46,0,2471,0,0.0
2AGG7H1Y,HGST_20HUH721212ALN604,XGB,0.46,0,2471,0,0.0
2AGGHGJY,HGST_20HUH721212ALN604,XGB,0.46,1,2015,1,0.0004962779156327543
2AGGHLEY,HGST_20HUH721212ALN604,XGB,0.46,0,2466,0,0.0
2AGGHM0Y,HGST_20HUH721212ALN604,XGB,0.46,0,2471,0,0.0
2AGGHMUY,HGST_20HUH721212ALN604,XGB,0.46,0,2482,0,0.0
2AGGHR1Y,HGST_20HUH721212ALN604,XGB,0.46,0,2471,0,0.0
2AGGHR7Y,HGST_20HUH721212ALN604,XGB,0.46,0,2471,0,0.0
2AGGL0UY,HGST_20HUH721212ALN604,XGB,0.46,1,1008,0,0.0
2AGGR3NY,HGST_20HUH721212ALN604,XGB,0.46,0,2471,0,0.0
2AGGZNJY,HGST_20HUH721212ALN604,XGB,0.46,0,2471,0,0.0
2AGH31BY,HGST_20HUH721212ALN604,XGB,0.46,1,1620,0,0.0
2AGH31PY,HGST_20HUH721212ALN604,XGB,0.46,1,2003,3,0.0014977533699450823
2AGH33SY,HGST_20HUH721212ALN604,XGB,0.46,1,2174,2,0.0009199632014719411
2AGH34HY,HGST_20HUH721212ALN604,XGB,0.46,0,2471,0,0.0
2AGH34PY,HGST_20HUH721212ALN604,XGB,0.46,0,2471,0,0.0
2AGH35GY,HGST_20HUH721212ALN604,XGB,0.46,0,2471,0,0.0
2AGHB9XY,HGST_20HUH721212ALN604,XGB,0.46,1,2009,0,0.0
2AGHDYHY,HGST_20HUH721212ALN604,XGB,0.46,0,2471,0,0.0
2AGHEP9Y,HGST_20HUH721212ALN604,XGB,0.46,1,1888,0,0.0
2AGHGR1Y,HGST_20HUH721212ALN604,XGB,0.46,0,2471,0,0.0
2AGHGRLY,HGST_20HUH721212ALN604,XGB,0.46,0,2471,0,0.0
2AGHGRRY,HGST_20HUH721212ALN604,XGB,0.46,0,2471,0,0.0
2AGHJD4Y,HGST_20HUH721212ALN604,XGB,0.46,0,2464,0,0.0
2AGHK55Y,HGST_20HUH721212ALN604,XGB,0.46,0,2460,0,0.0
2AGHK8MY,HGST_20HUH721212ALN604,XGB,0.46,0,2471,0,0.0
2AGHLEUY,HGST_20HUH721212ALN604,XGB,0.46,1,1625,0,0.0
2AGHLGTY,HGST_20HUH721212ALN604,XGB,0.46,1,2263,0,0.0
2AGHLKHY,HGST_20HUH721212ALN604,XGB,0.46,0,2471,0,0.0
2AGHLMXY,HGST_20HUH721212ALN604,XGB,0.46,0,2471,0,0.0
2AGHLN0Y,HGST_20HUH721212ALN604,XGB,0.46,0,2471,0,0.0
2AGHMUTY,HGST_20HUH721212ALN604,XGB,0.46,0,2471,0,0.0
2AGHMUYY,HGST_20HUH721212ALN604,XGB,0.46,0,2466,0,0.0
2AGHMW5Y,HGST_20HUH721212ALN604,XGB,0.46,0,2471,0,0.0
2AGHMXGY,HGST_20HUH721212ALN604,XGB,0.46,1,1449,0,0.0
2AGHMYTY,HGST_20HUH721212ALN604,XGB,0.46,0,2471,0,0.0
2AGHMZMY,HGST_20HUH721212ALN604,XGB,0.46,0,2471,0,0.0
2AGHN0TY,HGST_20HUH721212ALN604,XGB,0.46,1,515,20,0.038834951456310676
2AGHN0WY,HGST_20HUH721212ALN604,XGB,0.46,0,2471,0,0.0
2AGHN16Y,HGST_20HUH721212ALN604,XGB,0.46,0,2471,0,0.0
2AGHN2AY,HGST_20HUH721212ALN604,XGB,0.46,0,2471,0,0.0
2AGHN3XY,HGST_20HUH721212ALN604,XGB,0.46,0,2471,0,0.0
2AGHPDKY,HGST_20HUH721212ALN604,XGB,0.46,0,2471,0,0.0
2AGHSJ4Y,HGST_20HUH721212ALN604,XGB,0.46,0,2462,0,0.0
2AGHSS9Y,HGST_20HUH721212ALN604,XGB,0.46,0,2471,0,0.0
2AGHTBYY,HGST_20HUH721212ALN604,XGB,0.46,1,2071,85,0.04104297440849831
2AGHTGEY,HGST_20HUH721212ALN604,XGB,0.46,1,1388,0,0.0
2AGHTKBY,HGST_20HUH721212ALN604,XGB,0.46,0,2471,0,0.0
2AGLY65Y,HGST_20HUH721212ALN604,XGB,0.46,1,1561,0,0.0
2AGM231Y,HGST_20HUH721212ALN604,XGB,0.46,0,2494,0,0.0
2AGM23NY,HGST_20HUH721212ALN604,XGB,0.46,0,2494,0,0.0
2AGM5UVY,HGST_20HUH721212ALN604,XGB,0.46,0,2482,0,0.0
2AGM5V7Y,HGST_20HUH721212ALN604,XGB,0.46,1,2390,0,0.0
2AGM5VBY,HGST_20HUH721212ALN604,XGB,0.46,0,2482,0,0.0
2AGM5VHY,HGST_20HUH721212ALN604,XGB,0.46,1,1986,0,0.0
2AGM5W9Y,HGST_20HUH721212ALN604,XGB,0.46,1,2073,0,0.0
2AGM5YEY,HGST_20HUH721212ALN604,XGB,0.46,0,2494,0,0.0
2AGM8EMY,HGST_20HUH721212ALN604,XGB,0.46,1,1994,1,0.0005015045135406219
2AGM8EUY,HGST_20HUH721212ALN604,XGB,0.46,0,2471,0,0.0
2AGM8J2Y,HGST_20HUH721212ALN604,XGB,0.46,0,2482,0,0.0
2AGM8JAY,HGST_20HUH721212ALN604,XGB,0.46,0,2468,0,0.0
2AGM8LNY,HGST_20HUH721212ALN604,XGB,0.46,0,2486,0,0.0
2AGM8RJY,HGST_20HUH721212ALN604,XGB,0.46,0,2393,0,0.0
2AGM8RTY,HGST_20HUH721212ALN604,XGB,0.46,0,2480,0,0.0
2AGM8UNY,HGST_20HUH721212ALN604,XGB,0.46,1,2310,0,0.0
2AGM8V7Y,HGST_20HUH721212ALN604,XGB,0.46,0,2482,0,0.0
2AGM9MXY,HGST_20HUH721212ALN604,XGB,0.46,1,2333,0,0.0
2AGM9PJY,HGST_20HUH721212ALN604,XGB,0.46,0,2485,0,0.0
2AGM9RGY,HGST_20HUH721212ALN604,XGB,0.46,1,1318,0,0.0
2AGM9S6Y,HGST_20HUH721212ALN604,XGB,0.46,0,2482,0,0.0
2AGM9SDY,HGST_20HUH721212ALN604,XGB,0.46,0,2494,0,0.0
2AGM9U1Y,HGST_20HUH721212ALN604,XGB,0.46,0,2480,0,0.0
2AGMDJKY,HGST_20HUH721212ALN604,XGB,0.46,0,2494,0,0.0
2AGMDUAY,HGST_20HUH721212ALN604,XGB,0.46,1,1330,0,0.0
2AGMDY1Y,HGST_20HUH721212ALN604,XGB,0.46,0,2393,0,0.0
2AGME0XY,HGST_20HUH721212ALN604,XGB,0.46,1,1841,0,0.0
2AGME3BY,HGST_20HUH721212ALN604,XGB,0.46,0,2482,0,0.0
2AGME9PY,HGST_20HUH721212ALN604,XGB,0.46,1,1821,1,0.0005491488193300384
2AGMGAYY,HGST_20HUH721212ALN604,XGB,0.46,0,2482,0,0.0
2AGMGDPY,HGST_20HUH721212ALN604,XGB,0.46,0,2393,0,0.0
2AGMGKLY,HGST_20HUH721212ALN604,XGB,0.46,0,2393,0,0.0
2AGMGXEY,HGST_20HUH721212ALN604,XGB,0.46,0,2393,0,0.0
2AGMH2YY,HGST_20HUH721212ALN604,XGB,0.46,1,2024,0,0.0
2AGMH3JY,HGST_20HUH721212ALN604,XGB,0.46,0,2482,0,0.0
2AGMHK6Y,HGST_20HUH721212ALN604,XGB,0.46,0,2494,0,0.0
2AGMHPEY,HGST_20HUH721212ALN604,XGB,0.46,1,1852,0,0.0
2AGMHRYY,HGST_20HUH721212ALN604,XGB,0.46,1,1828,0,0.0
2AGMHTLY,HGST_20HUH721212ALN604,XGB,0.46,0,2494,0,0.0
2AGMHU7Y,HGST_20HUH721212ALN604,XGB,0.46,1,1893,0,0.0
2AGMHVTY,HGST_20HUH721212ALN604,XGB,0.46,0,2482,0,0.0
2AGMHWAY,HGST_20HUH721212ALN604,XGB,0.46,1,1502,12,0.007989347536617843
2AGMHXDY,HGST_20HUH721212ALN604,XGB,0.46,1,2121,0,0.0
2AGMHY3Y,HGST_20HUH721212ALN604,XGB,0.46,1,2290,0,0.0
2AGMHY5Y,HGST_20HUH721212ALN604,XGB,0.46,0,2393,0,0.0
2AGMJ35Y,HGST_20HUH721212ALN604,XGB,0.46,0,2494,0,0.0
2AGMJ3JY,HGST_20HUH721212ALN604,XGB,0.46,0,2482,0,0.0
2AGMJ3TY,HGST_20HUH721212ALN604,XGB,0.46,0,2393,0,0.0
2AGMJ47Y,HGST_20HUH721212ALN604,XGB,0.46,0,2466,0,0.0
2AGMJ5BY,HGST_20HUH721212ALN604,XGB,0.46,1,731,0,0.0
2AGMKV4Y,HGST_20HUH721212ALN604,XGB,0.46,1,2442,0,0.0
2AGMKVHY,HGST_20HUH721212ALN604,XGB,0.46,1,1363,0,0.0
2AGMKVTY,HGST_20HUH721212ALN604,XGB,0.46,1,1941,0,0.0
2AGMLMLY,HGST_20HUH721212ALN604,XGB,0.46,0,2393,0,0.0
2AGMLSZY,HGST_20HUH721212ALN604,XGB,0.46,1,442,8,0.01809954751131222
2AGMLT7Y,HGST_20HUH721212ALN604,XGB,0.46,0,2474,0,0.0
2AGMLWNY,HGST_20HUH721212ALN604,XGB,0.46,0,2393,0,0.0
2AGMLZLY,HGST_20HUH721212ALN604,XGB,0.46,1,2460,0,0.0
2AGMM0UY,HGST_20HUH721212ALN604,XGB,0.46,0,2480,22,0.008870967741935484
2AGMMNKY,HGST_20HUH721212ALN604,XGB,0.46,0,2466,0,0.0
2AGMMU1Y,HGST_20HUH721212ALN604,XGB,0.46,0,2482,0,0.0
2AGMMU4Y,HGST_20HUH721212ALN604,XGB,0.46,0,2393,0,0.0
2AGMNB7Y,HGST_20HUH721212ALN604,XGB,0.46,1,1415,0,0.0
2AGMNBEY,HGST_20HUH721212ALN604,XGB,0.46,0,2482,0,0.0
2AGMND4Y,HGST_20HUH721212ALN604,XGB,0.46,1,2369,6,0.002532714225411566
2AGMNE1Y,HGST_20HUH721212ALN604,XGB,0.46,1,2244,0,0.0
2AGMNEBY,HGST_20HUH721212ALN604,XGB,0.46,1,1921,0,0.0
2AGMNG0Y,HGST_20HUH721212ALN604,XGB,0.46,0,2022,0,0.0
2AGMNJKY,HGST_20HUH721212ALN604,XGB,0.46,1,2312,18,0.007785467128027681
2AGMNM8Y,HGST_20HUH721212ALN604,XGB,0.46,0,2393,0,0.0
2AGMNMWY,HGST_20HUH721212ALN604,XGB,0.46,1,1448,0,0.0
2AGMNTXY,HGST_20HUH721212ALN604,XGB,0.46,0,2482,0,0.0
2AGMNUVY,HGST_20HUH721212ALN604,XGB,0.46,0,2494,0,0.0
2AGMNWBY,HGST_20HUH721212ALN604,XGB,0.46,0,2393,0,0.0
2AGMNXRY,HGST_20HUH721212ALN604,XGB,0.46,0,2393,0,0.0
2AGMP7ZY,HGST_20HUH721212ALN604,XGB,0.46,0,2393,0,0.0
2AGMPBWY,HGST_20HUH721212ALN604,XGB,0.46,0,2453,0,0.0
2AGMPD8Y,HGST_20HUH721212ALN604,XGB,0.46,1,1562,0,0.0
2AGMPK3Y,HGST_20HUH721212ALN604,XGB,0.46,0,2494,0,0.0
2AGMPL7Y,HGST_20HUH721212ALN604,XGB,0.46,1,2115,0,0.0
2AGMPP1Y,HGST_20HUH721212ALN604,XGB,0.46,0,2482,0,0.0
2AGMPP4Y,HGST_20HUH721212ALN604,XGB,0.46,1,2313,0,0.0
2AGMPPGY,HGST_20HUH721212ALN604,XGB,0.46,0,2482,0,0.0
2AGMPSSY,HGST_20HUH721212ALN604,XGB,0.46,0,2482,0,0.0
2AGMPT2Y,HGST_20HUH721212ALN604,XGB,0.46,0,2482,0,0.0
2AGMPZ8Y,HGST_20HUH721212ALN604,XGB,0.46,0,2393,0,0.0
2AGMS6PY,HGST_20HUH721212ALN604,XGB,0.46,0,2393,0,0.0
2AGMSHHY,HGST_20HUH721212ALN604,XGB,0.46,1,1197,0,0.0
2AGMTK0Y,HGST_20HUH721212ALN604,XGB,0.46,1,2295,1,0.00043572984749455336
2AGMTL0Y,HGST_20HUH721212ALN604,XGB,0.46,1,1445,0,0.0
2AGMTXAY,HGST_20HUH721212ALN604,XGB,0.46,0,2393,0,0.0
2AGMUBMY,HGST_20HUH721212ALN604,XGB,0.46,0,2466,0,0.0
2AGMUBRY,HGST_20HUH721212ALN604,XGB,0.46,1,1819,0,0.0
2AGMV9UY,HGST_20HUH721212ALN604,XGB,0.46,0,2393,0,0.0
2AGMVDDY,HGST_20HUH721212ALN604,XGB,0.46,0,2482,0,0.0
2AGMWHVY,HGST_20HUH721212ALN604,XGB,0.46,1,1892,0,0.0
2AGMZLMY,HGST_20HUH721212ALN604,XGB,0.46,1,1373,0,0.0
2AGN038Y,HGST_20HUH721212ALN604,XGB,0.46,0,2393,0,0.0
2AGN03MY,HGST_20HUH721212ALN604,XGB,0.46,0,2393,0,0.0
2AGN05MY,HGST_20HUH721212ALN604,XGB,0.46,0,2393,0,0.0
2AGN071Y,HGST_20HUH721212ALN604,XGB,0.46,0,2393,0,0.0
2AGN07AY,HGST_20HUH721212ALN604,XGB,0.46,0,2393,0,0.0
2AGN17RY,HGST_20HUH721212ALN604,XGB,0.46,0,2393,0,0.0
2AGN1YNY,HGST_20HUH721212ALN604,XGB,0.46,0,2393,0,0.0
2AGN29AY,HGST_20HUH721212ALN604,XGB,0.46,0,2393,0,0.0
2AGN43EY,HGST_20HUH721212ALN604,XGB,0.46,0,2393,0,0.0
2AGN5A3Y,HGST_20HUH721212ALN604,XGB,0.46,0,2466,0,0.0
2AGN7GZY,HGST_20HUH721212ALN604,XGB,0.46,0,2393,0,0.0
2AGN7XVY,HGST_20HUH721212ALN604,XGB,0.46,0,2393,0,0.0
2AGN7XYY,HGST_20HUH721212ALN604,XGB,0.46,0,2467,0,0.0
2AGN853Y,HGST_20HUH721212ALN604,XGB,0.46,0,2393,0,0.0
2AGN8H9Y,HGST_20HUH721212ALN604,XGB,0.46,0,2393,0,0.0
2AGN8Y9Y,HGST_20HUH721212ALN604,XGB,0.46,0,2393,0,0.0
2AGN8ZGY,HGST_20HUH721212ALN604,XGB,0.46,0,2466,0,0.0
2AGN90RY,HGST_20HUH721212ALN604,XGB,0.46,1,1578,2,0.0012674271229404308
2AGN9N4Y,HGST_20HUH721212ALN604,XGB,0.46,1,2033,35,0.01721593703885883
2AGNAK7Y,HGST_20HUH721212ALN604,XGB,0.46,0,2393,0,0.0
2AGNAKGY,HGST_20HUH721212ALN604,XGB,0.46,0,2393,0,0.0
2AGNAYKY,HGST_20HUH721212ALN604,XGB,0.46,0,2393,0,0.0
2AGNBWPY,HGST_20HUH721212ALN604,XGB,0.46,0,2393,0,0.0
2AGND0EY,HGST_20HUH721212ALN604,XGB,0.46,0,2393,0,0.0
2AGNEAHY,HGST_20HUH721212ALN604,XGB,0.46,0,2393,0,0.0
2AGNEK5Y,HGST_20HUH721212ALN604,XGB,0.46,0,2393,0,0.0
2AGNEN9Y,HGST_20HUH721212ALN604,XGB,0.46,0,2393,0,0.0
2AGNEREY,HGST_20HUH721212ALN604,XGB,0.46,0,2393,0,0.0
2AGNGZPY,HGST_20HUH721212ALN604,XGB,0.46,0,2471,0,0.0
2AGNJE2Y,HGST_20HUH721212ALN604,XGB,0.46,0,2466,0,0.0
2AGNJG7Y,HGST_20HUH721212ALN604,XGB,0.46,0,2393,0,0.0
2AGNJGHY,HGST_20HUH721212ALN604,XGB,0.46,0,2393,0,0.0
2AGNJRYY,HGST_20HUH721212ALN604,XGB,0.46,0,2466,0,0.0
2AGNJTAY,HGST_20HUH721212ALN604,XGB,0.46,0,2393,0,0.0
2AGNJTRY,HGST_20HUH721212ALN604,XGB,0.46,0,2393,0,0.0
2AGNKB9Y,HGST_20HUH721212ALN604,XGB,0.46,1,1570,0,0.0
2AGNKGXY,HGST_20HUH721212ALN604,XGB,0.46,0,2393,0,0.0
2AGNKNJY,HGST_20HUH721212ALN604,XGB,0.46,0,2393,0,0.0
2AGNKSPY,HGST_20HUH721212ALN604,XGB,0.46,0,2393,0,0.0
2AGNKV4Y,HGST_20HUH721212ALN604,XGB,0.46,0,2393,0,0.0
2AGNL61Y,HGST_20HUH721212ALN604,XGB,0.46,0,2482,0,0.0
2AGNNTHY,HGST_20HUH721212ALN604,XGB,0.46,0,2430,0,0.0
2AGNT47Y,HGST_20HUH721212ALN604,XGB,0.46,0,2482,0,0.0
2AGP393Y,HGST_20HUH721212ALN604,XGB,0.46,1,1406,2,0.001422475106685633
2AGP43EY,HGST_20HUH721212ALN604,XGB,0.46,1,1936,0,0.0
2AGP5EDY,HGST_20HUH721212ALN604,XGB,0.46,0,2482,0,0.0
2AGP5GBY,HGST_20HUH721212ALN604,XGB,0.46,0,2482,0,0.0
2AGP5J1Y,HGST_20HUH721212ALN604,XGB,0.46,0,2482,0,0.0
2AGP6TYY,HGST_20HUH721212ALN604,XGB,0.46,0,2482,0,0.0
2AGP6UBY,HGST_20HUH721212ALN604,XGB,0.46,0,2482,0,0.0
2AGP9W7Y,HGST_20HUH721212ALN604,XGB,0.46,0,2482,0,0.0
2AGPHHKY,HGST_20HUH721212ALN604,XGB,0.46,0,2466,0,0.0
2AGPHHTY,HGST_20HUH721212ALN604,XGB,0.46,0,2466,0,0.0
2AGPJAVY,HGST_20HUH721212ALN604,XGB,0.46,0,2471,0,0.0
2AGPJBGY,HGST_20HUH721212ALN604,XGB,0.46,0,2471,0,0.0
2AGPJBNY,HGST_20HUH721212ALN604,XGB,0.46,0,2471,0,0.0
2AGPJE5Y,HGST_20HUH721212ALN604,XGB,0.46,0,2482,0,0.0
2AGPJGPY,HGST_20HUH721212ALN604,XGB,0.46,1,649,0,0.0
2AGPJH1Y,HGST_20HUH721212ALN604,XGB,0.46,1,1915,0,0.0
2AGPJHAY,HGST_20HUH721212ALN604,XGB,0.46,0,2393,0,0.0
2AGPJHXY,HGST_20HUH721212ALN604,XGB,0.46,0,2471,0,0.0
2AGPJL8Y,HGST_20HUH721212ALN604,XGB,0.46,0,2471,0,0.0
2AGPJLWY,HGST_20HUH721212ALN604,XGB,0.46,0,2393,0,0.0
2AGPJMRY,HGST_20HUH721212ALN604,XGB,0.46,0,2393,0,0.0
2AGPJP0Y,HGST_20HUH721212ALN604,XGB,0.46,0,2471,0,0.0
2AGPK9HY,HGST_20HUH721212ALN604,XGB,0.46,0,2393,0,0.0
2AGPKA3Y,HGST_20HUH721212ALN604,XGB,0.46,0,2393,0,0.0
2AGPKALY,HGST_20HUH721212ALN604,XGB,0.46,0,2482,0,0.0
2AGPKARY,HGST_20HUH721212ALN604,XGB,0.46,0,2482,0,0.0
2AGPKB2Y,HGST_20HUH721212ALN604,XGB,0.46,0,2471,0,0.0
2AGPKTUY,HGST_20HUH721212ALN604,XGB,0.46,0,2482,0,0.0
2AGPKVGY,HGST_20HUH721212ALN604,XGB,0.46,0,2482,0,0.0
2AGPKWNY,HGST_20HUH721212ALN604,XGB,0.46,1,1628,0,0.0
2AGPKX4Y,HGST_20HUH721212ALN604,XGB,0.46,0,2482,0,0.0
2AGPL2YY,HGST_20HUH721212ALN604,XGB,0.46,0,2482,0,0.0
2AGPL4UY,HGST_20HUH721212ALN604,XGB,0.46,0,2482,0,0.0
2AGPL4ZY,HGST_20HUH721212ALN604,XGB,0.46,0,2471,0,0.0
2AGPLSSY,HGST_20HUH721212ALN604,XGB,0.46,0,2482,0,0.0
2AGPMDVY,HGST_20HUH721212ALN604,XGB,0.46,0,2471,0,0.0
2AGPMEPY,HGST_20HUH721212ALN604,XGB,0.46,0,2482,0,0.0
2AGPMGGY,HGST_20HUH721212ALN604,XGB,0.46,0,2482,0,0.0
2AGPMM3Y,HGST_20HUH721212ALN604,XGB,0.46,0,2471,0,0.0
2AGPMN9Y,HGST_20HUH721212ALN604,XGB,0.46,0,2471,0,0.0
2AGPMRDY,HGST_20HUH721212ALN604,XGB,0.46,0,2471,0,0.0
2AGPMY1Y,HGST_20HUH721212ALN604,XGB,0.46,0,2482,0,0.0
2AGPN6PY,HGST_20HUH721212ALN604,XGB,0.46,0,2482,0,0.0
2AGPPJAY,HGST_20HUH721212ALN604,XGB,0.46,0,2482,0,0.0
2AGPPLLY,HGST_20HUH721212ALN604,XGB,0.46,1,1659,0,0.0
2AGPR6YY,HGST_20HUH721212ALN604,XGB,0.46,0,2482,0,0.0
2AGPR7RY,HGST_20HUH721212ALN604,XGB,0.46,0,2482,0,0.0
2AGPR8EY,HGST_20HUH721212ALN604,XGB,0.46,0,2482,0,0.0
2AGPRL8Y,HGST_20HUH721212ALN604,XGB,0.46,0,2471,0,0.0
2AGPRMLY,HGST_20HUH721212ALN604,XGB,0.46,1,2418,0,0.0
2AGPRMRY,HGST_20HUH721212ALN604,XGB,0.46,1,1928,0,0.0
2AGPRRJY,HGST_20HUH721212ALN604,XGB,0.46,0,2494,1,0.00040096230954290296
2AGPS2ZY,HGST_20HUH721212ALN604,XGB,0.46,0,2482,0,0.0
2AGPSEDY,HGST_20HUH721212ALN604,XGB,0.46,0,2471,0,0.0
2AGPSG5Y,HGST_20HUH721212ALN604,XGB,0.46,0,2471,0,0.0
2AGPSGKY,HGST_20HUH721212ALN604,XGB,0.46,0,2393,0,0.0
2AGPSJKY,HGST_20HUH721212ALN604,XGB,0.46,0,2393,0,0.0
2AGPSRUY,HGST_20HUH721212ALN604,XGB,0.46,0,2482,0,0.0
2AGPT2PY,HGST_20HUH721212ALN604,XGB,0.46,0,2393,0,0.0
2AGPT48Y,HGST_20HUH721212ALN604,XGB,0.46,0,2466,0,0.0
2AGPT7PY,HGST_20HUH721212ALN604,XGB,0.46,0,2393,0,0.0
2AGPTL4Y,HGST_20HUH721212ALN604,XGB,0.46,0,2471,0,0.0
2AGPTVLY,HGST_20HUH721212ALN604,XGB,0.46,0,2466,0,0.0
5PG0TA6F,HGST_20HUH721212ALN604,XGB,0.46,0,2050,0,0.0
5PG0TAKF,HGST_20HUH721212ALN604,XGB,0.46,0,2122,0,0.0
5PJEJUHE,HGST_20HUH721212ALN604,XGB,0.46,0,1525,0,0.0
5PJJHD9C,HGST_20HUH721212ALN604,XGB,0.46,0,1323,0,0.0
5PJJLZTF,HGST_20HUH721212ALN604,XGB,0.46,0,1550,0,0.0
5PJKZP4D,HGST_20HUH721212ALN604,XGB,0.46,0,1306,0,0.0
5PJVPJGF,HGST_20HUH721212ALN604,XGB,0.46,0,1751,0,0.0
5PK10N4B,HGST_20HUH721212ALN604,XGB,0.46,0,435,0,0.0
5PK5ZB1B,HGST_20HUH721212ALN604,XGB,0.46,0,672,0,0.0
5PKEBJVB,HGST_20HUH721212ALN604,XGB,0.46,0,826,0,0.0
5PKVXW6B,HGST_20HUH721212ALN604,XGB,0.46,0,639,0,0.0
5QG63PMB,HGST_20HUH721212ALN604,XGB,0.46,0,643,0,0.0
5QGBH0MB,HGST_20HUH721212ALN604,XGB,0.46,0,814,0,0.0
5QGG5KLB,HGST_20HUH721212ALN604,XGB,0.46,0,1062,0,0.0
5QGG5UPB,HGST_20HUH721212ALN604,XGB,0.46,0,1178,0,0.0
5QGGAELB,HGST_20HUH721212ALN604,XGB,0.46,1,800,37,0.04625
5QGGHWVB,HGST_20HUH721212ALN604,XGB,0.46,0,807,0,0.0
5QH0Z60B,HGST_20HUH721212ALN604,XGB,0.46,1,206,68,0.3300970873786408
5QHDKVHB,HGST_20HUH721212ALN604,XGB,0.46,0,836,0,0.0
5QHKE66B,HGST_20HUH721212ALN604,XGB,0.46,0,683,0,0.0
5QHYP4MB,HGST_20HUH721212ALN604,XGB,0.46,0,656,0,0.0
5QJBW5VB,HGST_20HUH721212ALN604,XGB,0.46,1,109,8,0.07339449541284404
5QJS57NB,HGST_20HUH721212ALN604,XGB,0.46,0,769,0,0.0
5QKBEVWB,HGST_20HUH721212ALN604,XGB,0.46,0,809,0,0.0
5QKDK07B,HGST_20HUH721212ALN604,XGB,0.46,0,437,0,0.0
5QKHBVPB,HGST_20HUH721212ALN604,XGB,0.46,0,641,0,0.0
5QKKSM3B,HGST_20HUH721212ALN604,XGB,0.46,0,695,0,0.0
5QKV55TB,HGST_20HUH721212ALN604,XGB,0.46,0,732,0,0.0
5QKV6W0B,HGST_20HUH721212ALN604,XGB,0.46,0,931,0,0.0
5QKV74SB,HGST_20HUH721212ALN604,XGB,0.46,0,783,0,0.0
5QKV778B,HGST_20HUH721212ALN604,XGB,0.46,0,633,0,0.0
5QKV7UHB,HGST_20HUH721212ALN604,XGB,0.46,0,728,0,0.0
5QKV85UB,HGST_20HUH721212ALN604,XGB,0.46,0,821,0,0.0
5QKVAN8B,HGST_20HUH721212ALN604,XGB,0.46,0,799,0,0.0
5QKVARLB,HGST_20HUH721212ALN604,XGB,0.46,0,850,0,0.0
5QKVATKB,HGST_20HUH721212ALN604,XGB,0.46,0,783,0,0.0
5QKVD71B,HGST_20HUH721212ALN604,XGB,0.46,0,661,0,0.0
5QKVDDVB,HGST_20HUH721212ALN604,XGB,0.46,0,621,0,0.0
5QKVETTB,HGST_20HUH721212ALN604,XGB,0.46,0,613,0,0.0
5QKVEUZB,HGST_20HUH721212ALN604,XGB,0.46,0,679,0,0.0
5QKVEXJB,HGST_20HUH721212ALN604,XGB,0.46,0,823,0,0.0
5QKVGLWB,HGST_20HUH721212ALN604,XGB,0.46,0,663,0,0.0
5QKVHPLB,HGST_20HUH721212ALN604,XGB,0.46,0,664,0,0.0
5QKVHRMB,HGST_20HUH721212ALN604,XGB,0.46,0,617,0,0.0
5QKVVTHB,HGST_20HUH721212ALN604,XGB,0.46,0,686,0,0.0
8CGNK9GE,HGST_20HUH721212ALN604,XGB,0.46,0,2382,0,0.0
8CGR1V5E,HGST_20HUH721212ALN604,XGB,0.46,0,2466,0,0.0
8CGSN9XE,HGST_20HUH721212ALN604,XGB,0.46,0,2482,0,0.0
8CGSTSRE,HGST_20HUH721212ALN604,XGB,0.46,0,2494,0,0.0
8CGT5S2E,HGST_20HUH721212ALN604,XGB,0.46,1,1985,0,0.0
8CGTW4VE,HGST_20HUH721212ALN604,XGB,0.46,0,2466,0,0.0
8CGTZ9HE,HGST_20HUH721212ALN604,XGB,0.46,1,1519,0,0.0
8CGU9LLE,HGST_20HUH721212ALN604,XGB,0.46,0,2480,0,0.0
8CGV369E,HGST_20HUH721212ALN604,XGB,0.46,0,2482,0,0.0
8CGVR04E,HGST_20HUH721212ALN604,XGB,0.46,0,2452,0,0.0
8CGVTH0E,HGST_20HUH721212ALN604,XGB,0.46,0,2494,0,0.0
8CGW3HPE,HGST_20HUH721212ALN604,XGB,0.46,0,2494,0,0.0
8CGW6ULE,HGST_20HUH721212ALN604,XGB,0.46,0,2494,0,0.0
8CGWPGEE,HGST_20HUH721212ALN604,XGB,0.46,0,2482,0,0.0
8CGXKYVE,HGST_20HUH721212ALN604,XGB,0.46,0,2494,0,0.0
8CGXNNUE,HGST_20HUH721212ALN604,XGB,0.46,1,1075,0,0.0
8CGY4KUE,HGST_20HUH721212ALN604,XGB,0.46,0,2482,0,0.0
8CGYJ5TE,HGST_20HUH721212ALN604,XGB,0.46,0,2466,0,0.0
8CGYVS8E,HGST_20HUH721212ALN604,XGB,0.46,0,2466,0,0.0
8CGYW96E,HGST_20HUH721212ALN604,XGB,0.46,0,2466,0,0.0
8CGYXB6E,HGST_20HUH721212ALN604,XGB,0.46,0,2385,0,0.0
8CGZ8K3E,HGST_20HUH721212ALN604,XGB,0.46,0,2494,0,0.0
8CGZ8S1E,HGST_20HUH721212ALN604,XGB,0.46,0,2494,0,0.0
8CGZ8SDE,HGST_20HUH721212ALN604,XGB,0.46,0,2494,0,0.0
8CGZB98E,HGST_20HUH721212ALN604,XGB,0.46,0,2393,0,0.0
8CGZB9VE,HGST_20HUH721212ALN604,XGB,0.46,0,2466,0,0.0
8CGZKBME,HGST_20HUH721212ALN604,XGB,0.46,0,2494,1,0.00040096230954290296
8CGZKDHE,HGST_20HUH721212ALN604,XGB,0.46,0,2494,0,0.0
8CGZMEAE,HGST_20HUH721212ALN604,XGB,0.46,0,2494,0,0.0
8CH02WUE,HGST_20HUH721212ALN604,XGB,0.46,0,2393,0,0.0
8CH05AGE,HGST_20HUH721212ALN604,XGB,0.46,0,2494,0,0.0
8CH06AGE,HGST_20HUH721212ALN604,XGB,0.46,0,2482,0,0.0
8CH06B5E,HGST_20HUH721212ALN604,XGB,0.46,0,2494,0,0.0
8CH06E7E,HGST_20HUH721212ALN604,XGB,0.46,0,2494,0,0.0
8CH06EDE,HGST_20HUH721212ALN604,XGB,0.46,0,2466,0,0.0
8CH0869E,HGST_20HUH721212ALN604,XGB,0.46,0,2494,0,0.0
8CH08RNE,HGST_20HUH721212ALN604,XGB,0.46,0,2386,0,0.0
8CH09GGE,HGST_20HUH721212ALN604,XGB,0.46,0,2466,0,0.0
8CH0BYPE,HGST_20HUH721212ALN604,XGB,0.46,0,2393,0,0.0
8CH0BYTE,HGST_20HUH721212ALN604,XGB,0.46,0,2466,0,0.0
8CH0DM8E,HGST_20HUH721212ALN604,XGB,0.46,0,2393,0,0.0
8CH0GNLE,HGST_20HUH721212ALN604,XGB,0.46,0,2494,0,0.0
8CH0GNNE,HGST_20HUH721212ALN604,XGB,0.46,0,2494,0,0.0
8CH0GNSE,HGST_20HUH721212ALN604,XGB,0.46,0,2482,0,0.0
8CH0HRKE,HGST_20HUH721212ALN604,XGB,0.46,0,2466,0,0.0
8CH0HTRE,HGST_20HUH721212ALN604,XGB,0.46,0,2466,0,0.0
8CH0L5PE,HGST_20HUH721212ALN604,XGB,0.46,0,2466,0,0.0
8CH0R06E,HGST_20HUH721212ALN604,XGB,0.46,0,2494,0,0.0
8CH0R3YE,HGST_20HUH721212ALN604,XGB,0.46,0,2393,0,0.0
8CH0TLTE,HGST_20HUH721212ALN604,XGB,0.46,0,2393,0,0.0
8CH0TLUE,HGST_20HUH721212ALN604,XGB,0.46,0,2466,0,0.0
8CH0TN2E,HGST_20HUH721212ALN604,XGB,0.46,0,2466,0,0.0
8CH0TN3E,HGST_20HUH721212ALN604,XGB,0.46,0,2393,0,0.0
8CH0TVRE,HGST_20HUH721212ALN604,XGB,0.46,0,2386,0,0.0
8CH0V7TE,HGST_20HUH721212ALN604,XGB,0.46,0,2466,0,0.0
8CH0VH1E,HGST_20HUH721212ALN604,XGB,0.46,0,2482,0,0.0
8CH0VW0E,HGST_20HUH721212ALN604,XGB,0.46,0,2466,0,0.0
8CH11KPE,HGST_20HUH721212ALN604,XGB,0.46,0,2494,0,0.0
8CH13D7E,HGST_20HUH721212ALN604,XGB,0.46,0,2466,0,0.0
8CH13DAE,HGST_20HUH721212ALN604,XGB,0.46,0,2466,0,0.0
8CH15D3E,HGST_20HUH721212ALN604,XGB,0.46,0,2482,0,0.0
8CH15YME,HGST_20HUH721212ALN604,XGB,0.46,0,2466,0,0.0
8CH160KE,HGST_20HUH721212ALN604,XGB,0.46,0,2393,0,0.0
8CH16PBE,HGST_20HUH721212ALN604,XGB,0.46,0,2466,0,0.0
8CH16ZDE,HGST_20HUH721212ALN604,XGB,0.46,0,2466,0,0.0
8CH16ZUE,HGST_20HUH721212ALN604,XGB,0.46,0,2466,0,0.0
8CH17M9E,HGST_20HUH721212ALN604,XGB,0.46,0,2466,0,0.0
8CH17MHE,HGST_20HUH721212ALN604,XGB,0.46,0,2393,0,0.0
8CH190UE,HGST_20HUH721212ALN604,XGB,0.46,1,957,42,0.0438871473354232
8CH1APUE,HGST_20HUH721212ALN604,XGB,0.46,1,2302,0,0.0
8CH1AR5E,HGST_20HUH721212ALN604,XGB,0.46,0,2494,0,0.0
8CH1ARHE,HGST_20HUH721212ALN604,XGB,0.46,1,1581,0,0.0
8CH1WBME,HGST_20HUH721212ALN604,XGB,0.46,1,1829,0,0.0
8CH1XHUE,HGST_20HUH721212ALN604,XGB,0.46,0,2494,0,0.0
8CH4AT4E,HGST_20HUH721212ALN604,XGB,0.46,0,2471,0,0.0
8CH4X3TE,HGST_20HUH721212ALN604,XGB,0.46,1,1246,0,0.0
8CH4YM4E,HGST_20HUH721212ALN604,XGB,0.46,1,1388,0,0.0
8CH4YM6E,HGST_20HUH721212ALN604,XGB,0.46,1,2123,0,0.0
8CH4YN8E,HGST_20HUH721212ALN604,XGB,0.46,1,1791,0,0.0
8CH4Z6UE,HGST_20HUH721212ALN604,XGB,0.46,0,2478,0,0.0
8CH5214E,HGST_20HUH721212ALN604,XGB,0.46,1,1737,0,0.0
8CH52U5E,HGST_20HUH721212ALN604,XGB,0.46,0,2481,0,0.0
8CH5B9LE,HGST_20HUH721212ALN604,XGB,0.46,0,2482,0,0.0
8CH5E8EE,HGST_20HUH721212ALN604,XGB,0.46,1,1420,0,0.0
8CH5HRYE,HGST_20HUH721212ALN604,XGB,0.46,1,2050,0,0.0
8CHRG6JE,HGST_20HUH721212ALN604,XGB,0.46,0,2283,0,0.0
8CHU2WSE,HGST_20HUH721212ALN604,XGB,0.46,0,2078,0,0.0
8CHU7R9E,HGST_20HUH721212ALN604,XGB,0.46,1,1281,0,0.0
8CHUHHXE,HGST_20HUH721212ALN604,XGB,0.46,0,2075,0,0.0
8CJMA59E,HGST_20HUH721212ALN604,XGB,0.46,0,699,0,0.0
8DG1BB5Y,HGST_20HUH721212ALN604,XGB,0.46,0,423,0,0.0
8DG3MU5D,HGST_20HUH721212ALN604,XGB,0.46,0,2783,0,0.0
8DG4SAUD,HGST_20HUH721212ALN604,XGB,0.46,0,2783,0,0.0
8DG4SAZD,HGST_20HUH721212ALN604,XGB,0.46,0,2783,0,0.0
8DG52U7D,HGST_20HUH721212ALN604,XGB,0.46,0,2783,0,0.0
8DG52W9D,HGST_20HUH721212ALN604,XGB,0.46,0,2783,0,0.0
8DG52WND,HGST_20HUH721212ALN604,XGB,0.46,0,2783,0,0.0
8DG6S3UD,HGST_20HUH721212ALN604,XGB,0.46,1,2155,0,0.0
8DG88GTY,HGST_20HUH721212ALN604,XGB,0.46,0,425,0,0.0
8DG93TXY,HGST_20HUH721212ALN604,XGB,0.46,0,700,0,0.0
8DJE2HWH,HGST_20HUH721212ALN604,XGB,0.46,0,2613,0,0.0
8DJEPPSH,HGST_20HUH721212ALN604,XGB,0.46,0,2613,0,0.0
8DJEPTWH,HGST_20HUH721212ALN604,XGB,0.46,0,2613,0,0.0
8DJEUXLH,HGST_20HUH721212ALN604,XGB,0.46,0,2613,0,0.0
8DK5NDLH,HGST_20HUH721212ALN604,XGB,0.46,0,2250,0,0.0
8DKHU24H,HGST_20HUH721212ALN604,XGB,0.46,0,2249,0,0.0
8DKUD8AH,HGST_20HUH721212ALN604,XGB,0.46,0,2613,0,0.0
8DKV390H,HGST_20HUH721212ALN604,XGB,0.46,0,2558,0,0.0
8HG28M3H,HGST_20HUH721212ALN604,XGB,0.46,0,2558,0,0.0
8HG7LGUH,HGST_20HUH721212ALN604,XGB,0.46,1,2189,87,0.039744175422567384
8HGBYHPH,HGST_20HUH721212ALN604,XGB,0.46,0,1611,0,0.0
8HGNAB0H,HGST_20HUH721212ALN604,XGB,0.46,0,2531,0,0.0
8HGZPYVH,HGST_20HUH721212ALN604,XGB,0.46,0,1515,1,0.0006600660066006601
8HH12ZPH,HGST_20HUH721212ALN604,XGB,0.46,0,2665,0,0.0
8HH5JYSH,HGST_20HUH721212ALN604,XGB,0.46,0,2665,0,0.0
8HH8BNRH,HGST_20HUH721212ALN604,XGB,0.46,0,2531,0,0.0
8HH8P7RH,HGST_20HUH721212ALN604,XGB,0.46,0,2558,0,0.0
8HH901KH,HGST_20HUH721212ALN604,XGB,0.46,0,2531,0,0.0
8HH9ZRUH,HGST_20HUH721212ALN604,XGB,0.46,0,2558,0,0.0
8HHARE1H,HGST_20HUH721212ALN604,XGB,0.46,1,1320,20,0.015151515151515152
8HHARGBH,HGST_20HUH721212ALN604,XGB,0.46,0,2558,0,0.0
8HHATBKH,HGST_20HUH721212ALN604,XGB,0.46,0,2558,0,0.0
8HHJXENH,HGST_20HUH721212ALN604,XGB,0.46,0,2613,0,0.0
8HHNHSUH,HGST_20HUH721212ALN604,XGB,0.46,1,2040,1,0.0004901960784313725
8HHPUREH,HGST_20HUH721212ALN604,XGB,0.46,1,2011,0,0.0
8HHT1P2H,HGST_20HUH721212ALN604,XGB,0.46,0,2665,0,0.0
8HHTWXYH,HGST_20HUH721212ALN604,XGB,0.46,0,2665,0,0.0
8HHZ6MGH,HGST_20HUH721212ALN604,XGB,0.46,0,2665,0,0.0
8HJ1NNDH,HGST_20HUH721212ALN604,XGB,0.46,0,2665,0,0.0
8HJ6SJAH,HGST_20HUH721212ALN604,XGB,0.46,0,2665,0,0.0
8HJ6SJTH,HGST_20HUH721212ALN604,XGB,0.46,0,2665,0,0.0
8HJ74BPH,HGST_20HUH721212ALN604,XGB,0.46,0,2665,0,0.0
8HJ7UJHH,HGST_20HUH721212ALN604,XGB,0.46,0,2665,0,0.0
8HJ7Y9BH,HGST_20HUH721212ALN604,XGB,0.46,0,2665,0,0.0
8HJ7Z0DH,HGST_20HUH721212ALN604,XGB,0.46,0,2494,0,0.0
8HJ7Z10H,HGST_20HUH721212ALN604,XGB,0.46,0,2665,0,0.0
8HJ7Z1MH,HGST_20HUH721212ALN604,XGB,0.46,0,2665,0,0.0
8HJ86APH,HGST_20HUH721212ALN604,XGB,0.46,0,2665,0,0.0
8HJ86NXH,HGST_20HUH721212ALN604,XGB,0.46,0,2494,0,0.0
8HJ8LEXH,HGST_20HUH721212ALN604,XGB,0.46,0,2494,0,0.0
8HJ8LKMH,HGST_20HUH721212ALN604,XGB,0.46,1,2678,0,0.0
8HJ91WDH,HGST_20HUH721212ALN604,XGB,0.46,0,2494,0,0.0
8HJ94EVH,HGST_20HUH721212ALN604,XGB,0.46,0,2665,0,0.0
8HJ9JWTH,HGST_20HUH721212ALN604,XGB,0.46,0,2665,0,0.0
8HJ9K7HH,HGST_20HUH721212ALN604,XGB,0.46,1,2264,0,0.0
8HJ9KKGH,HGST_20HUH721212ALN604,XGB,0.46,0,2494,0,0.0
8HJ9KN1H,HGST_20HUH721212ALN604,XGB,0.46,0,2665,0,0.0
8HJ9LS1H,HGST_20HUH721212ALN604,XGB,0.46,0,2665,0,0.0
8HJ9M5NH,HGST_20HUH721212ALN604,XGB,0.46,0,2665,0,0.0
8HJ9M94H,HGST_20HUH721212ALN604,XGB,0.46,0,2665,0,0.0
8HJ9MZBH,HGST_20HUH721212ALN604,XGB,0.46,0,2494,0,0.0
8HJ9NHPH,HGST_20HUH721212ALN604,XGB,0.46,0,2665,0,0.0
8HJ9NKKH,HGST_20HUH721212ALN604,XGB,0.46,0,2665,0,0.0
8HJ9RYSH,HGST_20HUH721212ALN604,XGB,0.46,0,2665,0,0.0
8HJ9S05H,HGST_20HUH721212ALN604,XGB,0.46,0,2665,0,0.0
8HJ9S0EH,HGST_20HUH721212ALN604,XGB,0.46,0,2665,0,0.0
8HJ9Y3ZH,HGST_20HUH721212ALN604,XGB,0.46,0,2494,0,0.0
8HJA085H,HGST_20HUH721212ALN604,XGB,0.46,0,2665,0,0.0
8HJA2DPH,HGST_20HUH721212ALN604,XGB,0.46,0,2665,0,0.0
8HJA8DBH,HGST_20HUH721212ALN604,XGB,0.46,0,2665,0,0.0
8HJBNYTH,HGST_20HUH721212ALN604,XGB,0.46,0,2613,0,0.0
8HJDK12H,HGST_20HUH721212ALN604,XGB,0.46,0,2665,0,0.0
8HJDX4PH,HGST_20HUH721212ALN604,XGB,0.46,0,2660,0,0.0
8HJEY89H,HGST_20HUH721212ALN604,XGB,0.46,0,2558,0,0.0
8HJG85RH,HGST_20HUH721212ALN604,XGB,0.46,0,2558,0,0.0
8HJGZPXH,HGST_20HUH721212ALN604,XGB,0.46,0,2665,0,0.0
8HJH62EH,HGST_20HUH721212ALN604,XGB,0.46,0,2665,0,0.0
8HJH8RWH,HGST_20HUH721212ALN604,XGB,0.46,0,2558,0,0.0
8HJK2HSH,HGST_20HUH721212ALN604,XGB,0.46,0,2665,0,0.0
8HJLKZRH,HGST_20HUH721212ALN604,XGB,0.46,0,2665,0,0.0
8HJRD7PH,HGST_20HUH721212ALN604,XGB,0.46,0,2558,0,0.0
8HJRUMWH,HGST_20HUH721212ALN604,XGB,0.46,0,2665,0,0.0
8HJRVW4H,HGST_20HUH721212ALN604,XGB,0.46,0,2665,0,0.0
8HJUGTVH,HGST_20HUH721212ALN604,XGB,0.46,0,2665,0,0.0
8HJVJKPH,HGST_20HUH721212ALN604,XGB,0.46,0,2665,0,0.0
8HJVUAGH,HGST_20HUH721212ALN604,XGB,0.46,0,2665,0,0.0
8HJWBJXH,HGST_20HUH721212ALN604,XGB,0.46,0,2665,0,0.0
8HJWHD6H,HGST_20HUH721212ALN604,XGB,0.46,0,2665,0,0.0
8HJWHEJH,HGST_20HUH721212ALN604,XGB,0.46,0,2531,0,0.0
8HJXG0WH,HGST_20HUH721212ALN604,XGB,0.46,1,1260,0,0.0
8HJXKBDH,HGST_20HUH721212ALN604,XGB,0.46,0,2558,0,0.0
8HJXU87H,HGST_20HUH721212ALN604,XGB,0.46,0,2665,0,0.0
8HJY20MH,HGST_20HUH721212ALN604,XGB,0.46,0,2665,0,0.0
8HJYTXWH,HGST_20HUH721212ALN604,XGB,0.46,0,2665,0,0.0
8HJYU0JH,HGST_20HUH721212ALN604,XGB,0.46,0,2660,0,0.0
8HJYZNZH,HGST_20HUH721212ALN604,XGB,0.46,0,2665,0,0.0
8HJZ13TH,HGST_20HUH721212ALN604,XGB,0.46,0,2665,0,0.0
8HJZADEH,HGST_20HUH721212ALN604,XGB,0.46,0,2665,0,0.0
8HJZEG6H,HGST_20HUH721212ALN604,XGB,0.46,1,1830,0,0.0
8HJZG4AH,HGST_20HUH721212ALN604,XGB,0.46,0,2665,0,0.0
8HJZNVWH,HGST_20HUH721212ALN604,XGB,0.46,0,2660,0,0.0
8HK087WH,HGST_20HUH721212ALN604,XGB,0.46,0,2665,0,0.0
8HK0HH3H,HGST_20HUH721212ALN604,XGB,0.46,0,2665,0,0.0
8HK12NNH,HGST_20HUH721212ALN604,XGB,0.46,0,2665,0,0.0
8HK17SKH,HGST_20HUH721212ALN604,XGB,0.46,0,2665,0,0.0
8HK17SWH,HGST_20HUH721212ALN604,XGB,0.46,0,2665,0,0.0
8HK17SYH,HGST_20HUH721212ALN604,XGB,0.46,0,1574,0,0.0
8HK19K9H,HGST_20HUH721212ALN604,XGB,0.46,0,2665,0,0.0
8HK19KVH,HGST_20HUH721212ALN604,XGB,0.46,0,2665,0,0.0
8HK1KY3H,HGST_20HUH721212ALN604,XGB,0.46,0,2665,0,0.0
8HK1LYPH,HGST_20HUH721212ALN604,XGB,0.46,0,2665,0,0.0
8HK1N18H,HGST_20HUH721212ALN604,XGB,0.46,0,2665,0,0.0
8HK1PV7H,HGST_20HUH721212ALN604,XGB,0.46,0,2665,0,0.0
8HK1UULH,HGST_20HUH721212ALN604,XGB,0.46,0,2665,0,0.0
8HK1XAAH,HGST_20HUH721212ALN604,XGB,0.46,1,1076,0,0.0
8HK224GH,HGST_20HUH721212ALN604,XGB,0.46,0,2665,0,0.0
8HK25XSH,HGST_20HUH721212ALN604,XGB,0.46,0,2665,0,0.0
8HK266WH,HGST_20HUH721212ALN604,XGB,0.46,0,2665,0,0.0
8HK28TJH,HGST_20HUH721212ALN604,XGB,0.46,0,2665,0,0.0
8HK28Y0H,HGST_20HUH721212ALN604,XGB,0.46,0,2665,0,0.0
8HK2A1EH,HGST_20HUH721212ALN604,XGB,0.46,0,2466,0,0.0
8HK2BA6H,HGST_20HUH721212ALN604,XGB,0.46,0,2665,0,0.0
8HK2BAEH,HGST_20HUH721212ALN604,XGB,0.46,0,2665,0,0.0
8HK2DVKH,HGST_20HUH721212ALN604,XGB,0.46,0,2665,0,0.0
8HK2JXUH,HGST_20HUH721212ALN604,XGB,0.46,0,2531,0,0.0
8HK2KY6H,HGST_20HUH721212ALN604,XGB,0.46,0,2660,0,0.0
8HK2MXPH,HGST_20HUH721212ALN604,XGB,0.46,0,2665,0,0.0
8HK2RMWH,HGST_20HUH721212ALN604,XGB,0.46,0,2665,0,0.0
8HK2RNWH,HGST_20HUH721212ALN604,XGB,0.46,0,2665,0,0.0
8HK2RP9H,HGST_20HUH721212ALN604,XGB,0.46,0,2665,0,0.0
8HK2VLMH,HGST_20HUH721212ALN604,XGB,0.46,0,2665,0,0.0
8HK2X4YH,HGST_20HUH721212ALN604,XGB,0.46,0,2665,0,0.0
8HK2ZPDH,HGST_20HUH721212ALN604,XGB,0.46,0,2494,0,0.0
8HK2ZT1H,HGST_20HUH721212ALN604,XGB,0.46,0,2665,0,0.0
8HK31WMH,HGST_20HUH721212ALN604,XGB,0.46,0,2494,0,0.0
8HK31Y8H,HGST_20HUH721212ALN604,XGB,0.46,0,2665,0,0.0
8HK341ZH,HGST_20HUH721212ALN604,XGB,0.46,0,2665,0,0.0
8HK34EZH,HGST_20HUH721212ALN604,XGB,0.46,0,2665,0,0.0
8HK3BWZH,HGST_20HUH721212ALN604,XGB,0.46,0,2665,0,0.0
8HK3GTLH,HGST_20HUH721212ALN604,XGB,0.46,0,2665,0,0.0
8HK3GUXH,HGST_20HUH721212ALN604,XGB,0.46,0,2665,0,0.0
8HK3MMSH,HGST_20HUH721212ALN604,XGB,0.46,0,2665,0,0.0
8HK3NG2H,HGST_20HUH721212ALN604,XGB,0.46,0,2660,0,0.0
8HK3NJMH,HGST_20HUH721212ALN604,XGB,0.46,0,2665,0,0.0
8HK41HEH,HGST_20HUH721212ALN604,XGB,0.46,0,2665,0,0.0
8HK69BMH,HGST_20HUH721212ALN604,XGB,0.46,0,2558,0,0.0
8HK6T2AH,HGST_20HUH721212ALN604,XGB,0.46,0,2665,0,0.0
8HK6TL7H,HGST_20HUH721212ALN604,XGB,0.46,0,2665,0,0.0
8HK6UUDH,HGST_20HUH721212ALN604,XGB,0.46,0,2531,0,0.0
8HK6V14H,HGST_20HUH721212ALN604,XGB,0.46,0,2665,0,0.0
8HK6VSKH,HGST_20HUH721212ALN604,XGB,0.46,1,1944,4,0.00205761316872428
8HK70X7H,HGST_20HUH721212ALN604,XGB,0.46,0,2665,0,0.0
8HK7194H,HGST_20HUH721212ALN604,XGB,0.46,0,2665,0,0.0
8HK72J0H,HGST_20HUH721212ALN604,XGB,0.46,0,2665,0,0.0
8HK7DKMH,HGST_20HUH721212ALN604,XGB,0.46,0,2558,0,0.0
8HK7E5DH,HGST_20HUH721212ALN604,XGB,0.46,0,2665,0,0.0
8HK7E68H,HGST_20HUH721212ALN604,XGB,0.46,0,2665,0,0.0
8HK7H58H,HGST_20HUH721212ALN604,XGB,0.46,0,2665,0,0.0
8HK80P1H,HGST_20HUH721212ALN604,XGB,0.46,0,2613,0,0.0
8HKB2WEH,HGST_20HUH721212ALN604,XGB,0.46,0,2613,0,0.0
8HKB3M2H,HGST_20HUH721212ALN604,XGB,0.46,0,2613,0,0.0
8HKB4R4H,HGST_20HUH721212ALN604,XGB,0.46,0,2494,0,0.0
8HKBBKKH,HGST_20HUH721212ALN604,XGB,0.46,0,2665,0,0.0
8HKBYNVH,HGST_20HUH721212ALN604,XGB,0.46,0,2494,0,0.0
8HKE039H,HGST_20HUH721212ALN604,XGB,0.46,0,2665,0,0.0
8HKE6E1H,HGST_20HUH721212ALN604,XGB,0.46,0,2613,0,0.0
8HKE8S7H,HGST_20HUH721212ALN604,XGB,0.46,0,2613,0,0.0
8HKEAWEH,HGST_20HUH721212ALN604,XGB,0.46,0,2466,0,0.0
8HKEKYRH,HGST_20HUH721212ALN604,XGB,0.46,0,2466,0,0.0
8HKG0GWH,HGST_20HUH721212ALN604,XGB,0.46,0,2613,0,0.0
8HKHPZHH,HGST_20HUH721212ALN604,XGB,0.46,0,2466,0,0.0
8HKJ4MAH,HGST_20HUH721212ALN604,XGB,0.46,0,2552,0,0.0
8HKJ5KDH,HGST_20HUH721212ALN604,XGB,0.46,1,2420,0,0.0
8HKL6STH,HGST_20HUH721212ALN604,XGB,0.46,0,2558,0,0.0
8HKLRUSH,HGST_20HUH721212ALN604,XGB,0.46,0,2558,0,0.0
8HKM415H,HGST_20HUH721212ALN604,XGB,0.46,0,2558,0,0.0
8HKM5RVH,HGST_20HUH721212ALN604,XGB,0.46,0,2531,0,0.0
8HKM654H,HGST_20HUH721212ALN604,XGB,0.46,0,2531,0,0.0
8HKM9Z1H,HGST_20HUH721212ALN604,XGB,0.46,0,2531,0,0.0
8HKMR21H,HGST_20HUH721212ALN604,XGB,0.46,1,525,3,0.005714285714285714
8HKNMW1H,HGST_20HUH721212ALN604,XGB,0.46,0,2494,0,0.0
8HKNN28H,HGST_20HUH721212ALN604,XGB,0.46,0,2466,0,0.0
8HKPM7RH,HGST_20HUH721212ALN604,XGB,0.46,0,2558,0,0.0
8HKPZY9H,HGST_20HUH721212ALN604,XGB,0.46,1,1966,0,0.0
8HKRER2H,HGST_20HUH721212ALN604,XGB,0.46,0,2466,0,0.0
8HKS4X3H,HGST_20HUH721212ALN604,XGB,0.46,0,2558,0,0.0
8HKTBA3H,HGST_20HUH721212ALN604,XGB,0.46,1,2033,0,0.0
8HKTE54H,HGST_20HUH721212ALN604,XGB,0.46,0,2558,0,0.0
8HKTH2SH,HGST_20HUH721212ALN604,XGB,0.46,1,1733,0,0.0
8HKTK0XH,HGST_20HUH721212ALN604,XGB,0.46,0,2613,0,0.0
8HKU0DXH,HGST_20HUH721212ALN604,XGB,0.46,0,2558,0,0.0
8HKU3YTH,HGST_20HUH721212ALN604,XGB,0.46,1,1950,0,0.0
8HKU4WXH,HGST_20HUH721212ALN604,XGB,0.46,0,2613,0,0.0
8HKUEJHH,HGST_20HUH721212ALN604,XGB,0.46,1,2221,0,0.0
8HKVW60H,HGST_20HUH721212ALN604,XGB,0.46,0,2531,0,0.0
8HKW4NPH,HGST_20HUH721212ALN604,XGB,0.46,0,2466,0,0.0
8HKWV1GH,HGST_20HUH721212ALN604,XGB,0.46,0,2613,0,0.0
8HKWXJYH,HGST_20HUH721212ALN604,XGB,0.46,0,2531,0,0.0
8HKY0KHH,HGST_20HUH721212ALN604,XGB,0.46,1,1902,0,0.0
8HKY66PH,HGST_20HUH721212ALN604,XGB,0.46,0,2558,0,0.0
8HKYJ38H,HGST_20HUH721212ALN604,XGB,0.46,0,2531,0,0.0
8HKYZ6YH,HGST_20HUH721212ALN604,XGB,0.46,0,2531,0,0.0
8HKZ213H,HGST_20HUH721212ALN604,XGB,0.46,0,2613,0,0.0
8HKZDBRH,HGST_20HUH721212ALN604,XGB,0.46,0,2466,0,0.0
8HKZL75H,HGST_20HUH721212ALN604,XGB,0.46,0,2380,0,0.0
AAG0EXPH,HGST_20HUH721212ALN604,XGB,0.46,0,2613,0,0.0
AAG0LHRH,HGST_20HUH721212ALN604,XGB,0.46,0,2613,0,0.0
AAG121VH,HGST_20HUH721212ALN604,XGB,0.46,0,2558,0,0.0
AAG16VPH,HGST_20HUH721212ALN604,XGB,0.46,0,2613,0,0.0
AAG18L0H,HGST_20HUH721212ALN604,XGB,0.46,0,2531,0,0.0
AAG18MEH,HGST_20HUH721212ALN604,XGB,0.46,0,2558,0,0.0
AAG197UH,HGST_20HUH721212ALN604,XGB,0.46,0,2466,0,0.0
AAG1LSNH,HGST_20HUH721212ALN604,XGB,0.46,1,2399,0,0.0
AAG1LSVH,HGST_20HUH721212ALN604,XGB,0.46,0,2613,0,0.0
AAG1LW3H,HGST_20HUH721212ALN604,XGB,0.46,1,2065,1,0.00048426150121065375
AAG1PLVH,HGST_20HUH721212ALN604,XGB,0.46,0,2531,0,0.0
AAG1PM9H,HGST_20HUH721212ALN604,XGB,0.46,0,2531,0,0.0
AAG1RJAH,HGST_20HUH721212ALN604,XGB,0.46,0,2531,0,0.0
AAG1RK5H,HGST_20HUH721212ALN604,XGB,0.46,0,2613,0,0.0
AAG1RR9H,HGST_20HUH721212ALN604,XGB,0.46,0,2531,0,0.0
AAG1RUJH,HGST_20HUH721212ALN604,XGB,0.46,0,2531,0,0.0
AAG1TGGH,HGST_20HUH721212ALN604,XGB,0.46,0,2613,0,0.0
AAG1VJYH,HGST_20HUH721212ALN604,XGB,0.46,0,2531,0,0.0
AAG1VNPH,HGST_20HUH721212ALN604,XGB,0.46,0,2613,0,0.0
AAG1Z4AH,HGST_20HUH721212ALN604,XGB,0.46,0,2393,0,0.0
AAG23A2H,HGST_20HUH721212ALN604,XGB,0.46,0,2613,0,0.0
AAG23AKH,HGST_20HUH721212ALN604,XGB,0.46,0,2613,0,0.0
AAG23AVH,HGST_20HUH721212ALN604,XGB,0.46,0,2531,0,0.0
AAG246TH,HGST_20HUH721212ALN604,XGB,0.46,0,2466,0,0.0
AAG24UVH,HGST_20HUH721212ALN604,XGB,0.46,0,2613,0,0.0
AAG24VXH,HGST_20HUH721212ALN604,XGB,0.46,0,2613,0,0.0
AAG26NBH,HGST_20HUH721212ALN604,XGB,0.46,1,1667,0,0.0
AAG26TPH,HGST_20HUH721212ALN604,XGB,0.46,0,2531,0,0.0
AAG26U9H,HGST_20HUH721212ALN604,XGB,0.46,1,1336,0,0.0
AAG27VEH,HGST_20HUH721212ALN604,XGB,0.46,0,2531,0,0.0
AAG27W2H,HGST_20HUH721212ALN604,XGB,0.46,0,2558,0,0.0
AAG27XPH,HGST_20HUH721212ALN604,XGB,0.46,1,2385,0,0.0
AAG27ZLH,HGST_20HUH721212ALN604,XGB,0.46,0,2531,0,0.0
AAG281TH,HGST_20HUH721212ALN604,XGB,0.46,1,2025,0,0.0
AAG2GGJH,HGST_20HUH721212ALN604,XGB,0.46,0,2466,0,0.0
AAG2JGJH,HGST_20HUH721212ALN604,XGB,0.46,1,2447,0,0.0
AAG2JL4H,HGST_20HUH721212ALN604,XGB,0.46,0,2613,0,0.0
AAG2RZJH,HGST_20HUH721212ALN604,XGB,0.46,0,2531,0,0.0
AAG2S62H,HGST_20HUH721212ALN604,XGB,0.46,0,2531,0,0.0
AAG2S9YH,HGST_20HUH721212ALN604,XGB,0.46,0,2466,0,0.0
AAG2SAYH,HGST_20HUH721212ALN604,XGB,0.46,0,2393,0,0.0
AAG2SJ3H,HGST_20HUH721212ALN604,XGB,0.46,0,2393,0,0.0
AAG2VSVH,HGST_20HUH721212ALN604,XGB,0.46,0,2531,0,0.0
AAG2Y6JH,HGST_20HUH721212ALN604,XGB,0.46,0,2531,0,0.0
AAG2Z67H,HGST_20HUH721212ALN604,XGB,0.46,0,2466,0,0.0
AAG2ZU1H,HGST_20HUH721212ALN604,XGB,0.46,0,2466,0,0.0
AAG305AH,HGST_20HUH721212ALN604,XGB,0.46,0,2466,0,0.0
AAG306GH,HGST_20HUH721212ALN604,XGB,0.46,0,2613,0,0.0
AAG34Z4H,HGST_20HUH721212ALN604,XGB,0.46,0,2613,0,0.0
AAG350BH,HGST_20HUH721212ALN604,XGB,0.46,0,2531,0,0.0
AAG350TH,HGST_20HUH721212ALN604,XGB,0.46,0,2531,0,0.0
AAG3512H,HGST_20HUH721212ALN604,XGB,0.46,0,2531,0,0.0
AAG352AH,HGST_20HUH721212ALN604,XGB,0.46,0,2466,0,0.0
AAG353EH,HGST_20HUH721212ALN604,XGB,0.46,0,2613,0,0.0
AAG35LWH,HGST_20HUH721212ALN604,XGB,0.46,0,2613,0,0.0
AAG401PH,HGST_20HUH721212ALN604,XGB,0.46,0,2613,0,0.0
AAG46YHH,HGST_20HUH721212ALN604,XGB,0.46,0,2531,0,0.0
AAG477BH,HGST_20HUH721212ALN604,XGB,0.46,0,2613,0,0.0
AAG478DH,HGST_20HUH721212ALN604,XGB,0.46,0,2531,0,0.0
AAG48B3H,HGST_20HUH721212ALN604,XGB,0.46,0,2558,0,0.0
AAG4AA9H,HGST_20HUH721212ALN604,XGB,0.46,0,2558,0,0.0
AAG4VESH,HGST_20HUH721212ALN604,XGB,0.46,0,2558,93,0.03635652853792025
AAG4Z4YH,HGST_20HUH721212ALN604,XGB,0.46,0,2558,0,0.0
AAG4Z52H,HGST_20HUH721212ALN604,XGB,0.46,0,2558,0,0.0
AAG4Z5AH,HGST_20HUH721212ALN604,XGB,0.46,1,2261,0,0.0
AAG4ZABH,HGST_20HUH721212ALN604,XGB,0.46,0,2558,0,0.0
AAG51RHH,HGST_20HUH721212ALN604,XGB,0.46,0,2613,0,0.0
AAG540GH,HGST_20HUH721212ALN604,XGB,0.46,0,2531,0,0.0
AAG5DTTH,HGST_20HUH721212ALN604,XGB,0.46,0,2531,0,0.0
AAG5Y4DH,HGST_20HUH721212ALN604,XGB,0.46,0,2613,0,0.0
AAG5Y4LH,HGST_20HUH721212ALN604,XGB,0.46,0,2613,0,0.0
AAG5Y4TH,HGST_20HUH721212ALN604,XGB,0.46,0,2613,0,0.0
AAG5Y4UH,HGST_20HUH721212ALN604,XGB,0.46,0,2613,0,0.0
AAG5Y5UH,HGST_20HUH721212ALN604,XGB,0.46,0,2613,0,0.0
AAG5YJ4H,HGST_20HUH721212ALN604,XGB,0.46,0,2531,0,0.0
AAG5YLKH,HGST_20HUH721212ALN604,XGB,0.46,0,2558,0,0.0
AAG5YYBH,HGST_20HUH721212ALN604,XGB,0.46,0,2613,0,0.0
AAG5YYKH,HGST_20HUH721212ALN604,XGB,0.46,1,2444,3,0.0012274959083469722
AAG5YZ8H,HGST_20HUH721212ALN604,XGB,0.46,0,2531,0,0.0
AAG5YZZH,HGST_20HUH721212ALN604,XGB,0.46,1,2344,0,0.0
AAG613MH,HGST_20HUH721212ALN604,XGB,0.46,0,2613,0,0.0
AAG613RH,HGST_20HUH721212ALN604,XGB,0.46,1,2345,0,0.0
AAG61KPH,HGST_20HUH721212ALN604,XGB,0.46,0,2531,0,0.0
AAG61LHH,HGST_20HUH721212ALN604,XGB,0.46,1,1905,2,0.0010498687664041995
AAG61NEH,HGST_20HUH721212ALN604,XGB,0.46,0,2613,0,0.0
AAG61NZH,HGST_20HUH721212ALN604,XGB,0.46,0,2531,0,0.0
AAG61P2H,HGST_20HUH721212ALN604,XGB,0.46,0,2558,0,0.0
AAG61UMH,HGST_20HUH721212ALN604,XGB,0.46,0,2613,0,0.0
AAG61WRH,HGST_20HUH721212ALN604,XGB,0.46,0,2558,0,0.0
AAG61Z1H,HGST_20HUH721212ALN604,XGB,0.46,0,2613,0,0.0
AAG61ZAH,HGST_20HUH721212ALN604,XGB,0.46,0,2558,0,0.0
AAG620PH,HGST_20HUH721212ALN604,XGB,0.46,0,2531,0,0.0
AAG621WH,HGST_20HUH721212ALN604,XGB,0.46,0,2613,0,0.0
AAG623DH,HGST_20HUH721212ALN604,XGB,0.46,0,2613,0,0.0
AAG6376H,HGST_20HUH721212ALN604,XGB,0.46,0,2531,0,0.0
AAG637RH,HGST_20HUH721212ALN604,XGB,0.46,1,1233,0,0.0
AAG6381H,HGST_20HUH721212ALN604,XGB,0.46,0,2613,0,0.0
AAG638GH,HGST_20HUH721212ALN604,XGB,0.46,0,2613,0,0.0
AAG639BH,HGST_20HUH721212ALN604,XGB,0.46,0,2613,0,0.0
AAG63DLH,HGST_20HUH721212ALN604,XGB,0.46,0,2527,0,0.0
AAG63JSH,HGST_20HUH721212ALN604,XGB,0.46,0,2558,0,0.0
AAG63PJH,HGST_20HUH721212ALN604,XGB,0.46,0,2531,0,0.0
AAG63PKH,HGST_20HUH721212ALN604,XGB,0.46,1,1179,0,0.0
AAG63PLH,HGST_20HUH721212ALN604,XGB,0.46,0,2558,0,0.0
AAG63RGH,HGST_20HUH721212ALN604,XGB,0.46,0,2558,0,0.0
AAG63TMH,HGST_20HUH721212ALN604,XGB,0.46,1,2374,267,0.11246840775063184
AAG63TSH,HGST_20HUH721212ALN604,XGB,0.46,0,2531,0,0.0
AAG63V6H,HGST_20HUH721212ALN604,XGB,0.46,0,2531,0,0.0
AAG63WHH,HGST_20HUH721212ALN604,XGB,0.46,1,2522,0,0.0
AAG63Z8H,HGST_20HUH721212ALN604,XGB,0.46,1,2404,16,0.0066555740432612314
AAG6417H,HGST_20HUH721212ALN604,XGB,0.46,1,1925,8,0.004155844155844156
AAG6436H,HGST_20HUH721212ALN604,XGB,0.46,0,2466,0,0.0
AAG64VXH,HGST_20HUH721212ALN604,XGB,0.46,0,2613,0,0.0
AAG6509H,HGST_20HUH721212ALN604,XGB,0.46,0,2531,0,0.0
AAG67UZH,HGST_20HUH721212ALN604,XGB,0.46,0,2531,0,0.0
AAG67V3H,HGST_20HUH721212ALN604,XGB,0.46,1,2304,0,0.0
AAG67VBH,HGST_20HUH721212ALN604,XGB,0.46,0,2531,0,0.0
AAG67W3H,HGST_20HUH721212ALN604,XGB,0.46,0,2558,0,0.0
AAG67Z8H,HGST_20HUH721212ALN604,XGB,0.46,0,2466,0,0.0
AAG682YH,HGST_20HUH721212ALN604,XGB,0.46,1,1926,4,0.0020768431983385254
AAG683JH,HGST_20HUH721212ALN604,XGB,0.46,0,2558,0,0.0
AAG686GH,HGST_20HUH721212ALN604,XGB,0.46,0,2558,0,0.0
AAG6870H,HGST_20HUH721212ALN604,XGB,0.46,0,2613,0,0.0
AAG6878H,HGST_20HUH721212ALN604,XGB,0.46,0,2613,0,0.0
AAG687GH,HGST_20HUH721212ALN604,XGB,0.46,0,2558,0,0.0
AAG687MH,HGST_20HUH721212ALN604,XGB,0.46,0,2531,0,0.0
AAG68AGH,HGST_20HUH721212ALN604,XGB,0.46,0,2466,0,0.0
AAG68AKH,HGST_20HUH721212ALN604,XGB,0.46,0,2552,0,0.0
AAG68AUH,HGST_20HUH721212ALN604,XGB,0.46,0,2613,0,0.0
AAG68AXH,HGST_20HUH721212ALN604,XGB,0.46,0,2531,0,0.0
AAG68BRH,HGST_20HUH721212ALN604,XGB,0.46,0,2608,1,0.0003834355828220859
AAG68EWH,HGST_20HUH721212ALN604,XGB,0.46,1,1548,0,0.0
AAG68EXH,HGST_20HUH721212ALN604,XGB,0.46,1,1993,0,0.0
AAG68KVH,HGST_20HUH721212ALN604,XGB,0.46,0,2613,0,0.0
AAG691PH,HGST_20HUH721212ALN604,XGB,0.46,0,2466,0,0.0
AAG691VH,HGST_20HUH721212ALN604,XGB,0.46,0,2613,0,0.0
AAG69LHH,HGST_20HUH721212ALN604,XGB,0.46,0,2466,0,0.0
AAG69TTH,HGST_20HUH721212ALN604,XGB,0.46,0,2558,0,0.0
AAG69WWH,HGST_20HUH721212ALN604,XGB,0.46,0,2613,0,0.0
AAG69YWH,HGST_20HUH721212ALN604,XGB,0.46,0,2558,0,0.0
AAG6A03H,HGST_20HUH721212ALN604,XGB,0.46,0,2558,0,0.0
AAG6A07H,HGST_20HUH721212ALN604,XGB,0.46,0,2558,0,0.0
AAG6A0AH,HGST_20HUH721212ALN604,XGB,0.46,0,2613,0,0.0
AAG6AATH,HGST_20HUH721212ALN604,XGB,0.46,0,2466,0,0.0
AAG6AV4H,HGST_20HUH721212ALN604,XGB,0.46,0,2558,0,0.0
AAG6AWTH,HGST_20HUH721212ALN604,XGB,0.46,1,1930,0,0.0
AAG6AX6H,HGST_20HUH721212ALN604,XGB,0.46,0,2513,0,0.0
AAG6B4HH,HGST_20HUH721212ALN604,XGB,0.46,0,2531,0,0.0
AAG6B5KH,HGST_20HUH721212ALN604,XGB,0.46,0,2531,0,0.0
AAG6DT9H,HGST_20HUH721212ALN604,XGB,0.46,1,56,0,0.0
AAG6DVEH,HGST_20HUH721212ALN604,XGB,0.46,0,2558,0,0.0
AAG6DXTH,HGST_20HUH721212ALN604,XGB,0.46,0,2613,0,0.0
AAG6E2HH,HGST_20HUH721212ALN604,XGB,0.46,0,2531,0,0.0
AAG6E60H,HGST_20HUH721212ALN604,XGB,0.46,0,2558,0,0.0
AAG6E7EH,HGST_20HUH721212ALN604,XGB,0.46,0,2531,0,0.0
AAG6E7RH,HGST_20HUH721212ALN604,XGB,0.46,0,2552,0,0.0
AAG6ESPH,HGST_20HUH721212ALN604,XGB,0.46,0,2613,0,0.0
AAG6EVRH,HGST_20HUH721212ALN604,XGB,0.46,0,2613,0,0.0
AAG6EX3H,HGST_20HUH721212ALN604,XGB,0.46,0,2613,0,0.0
AAG6GM1H,HGST_20HUH721212ALN604,XGB,0.46,0,2531,0,0.0
AAG6H25H,HGST_20HUH721212ALN604,XGB,0.46,0,2558,0,0.0
AAG6HG0H,HGST_20HUH721212ALN604,XGB,0.46,0,2552,0,0.0
AAG6HSEH,HGST_20HUH721212ALN604,XGB,0.46,0,2558,0,0.0
AAG6HYXH,HGST_20HUH721212ALN604,XGB,0.46,0,2558,0,0.0
AAG6J1MH,HGST_20HUH721212ALN604,XGB,0.46,0,2613,0,0.0
AAG6J1TH,HGST_20HUH721212ALN604,XGB,0.46,1,2396,0,0.0
AAG6J2DH,HGST_20HUH721212ALN604,XGB,0.46,1,1743,0,0.0
AAG6J2KH,HGST_20HUH721212ALN604,XGB,0.46,1,1749,0,0.0
AAG6KJ6H,HGST_20HUH721212ALN604,XGB,0.46,0,2531,0,0.0
AAG6KJPH,HGST_20HUH721212ALN604,XGB,0.46,0,2531,0,0.0
AAG6KTJH,HGST_20HUH721212ALN604,XGB,0.46,0,2558,0,0.0
AAG6KTRH,HGST_20HUH721212ALN604,XGB,0.46,0,2613,0,0.0
AAG6KUAH,HGST_20HUH721212ALN604,XGB,0.46,0,2580,4,0.0015503875968992248
AAG6KUJH,HGST_20HUH721212ALN604,XGB,0.46,0,2558,0,0.0
AAG6KV6H,HGST_20HUH721212ALN604,XGB,0.46,1,1003,0,0.0
AAG6L88H,HGST_20HUH721212ALN604,XGB,0.46,0,2531,0,0.0
AAG6L8VH,HGST_20HUH721212ALN604,XGB,0.46,0,2531,0,0.0
AAG6LD7H,HGST_20HUH721212ALN604,XGB,0.46,1,2300,0,0.0
AAG6LDTH,HGST_20HUH721212ALN604,XGB,0.46,0,2531,0,0.0
AAG6LEHH,HGST_20HUH721212ALN604,XGB,0.46,0,2552,0,0.0
AAG6LEJH,HGST_20HUH721212ALN604,XGB,0.46,0,2558,0,0.0
AAG6LG9H,HGST_20HUH721212ALN604,XGB,0.46,0,2613,0,0.0
AAG6LTSH,HGST_20HUH721212ALN604,XGB,0.46,0,2558,0,0.0
AAG6M3BH,HGST_20HUH721212ALN604,XGB,0.46,0,2558,0,0.0
AAG6M8TH,HGST_20HUH721212ALN604,XGB,0.46,0,2613,0,0.0
AAG6MABH,HGST_20HUH721212ALN604,XGB,0.46,0,2494,0,0.0
AAG6NEEH,HGST_20HUH721212ALN604,XGB,0.46,0,2531,0,0.0
AAG6NP0H,HGST_20HUH721212ALN604,XGB,0.46,1,2033,1,0.0004918839153959665
AAG6NPRH,HGST_20HUH721212ALN604,XGB,0.46,1,2540,2,0.0007874015748031496
AAG6NRBH,HGST_20HUH721212ALN604,XGB,0.46,1,1926,0,0.0
AAG6NRZH,HGST_20HUH721212ALN604,XGB,0.46,0,2531,0,0.0
AAG6NS8H,HGST_20HUH721212ALN604,XGB,0.46,0,2069,0,0.0
AAG6NSKH,HGST_20HUH721212ALN604,XGB,0.46,0,2613,0,0.0
AAG6NVKH,HGST_20HUH721212ALN604,XGB,0.46,0,2613,0,0.0
AAG6NW3H,HGST_20HUH721212ALN604,XGB,0.46,0,2466,0,0.0
AAG6P40H,HGST_20HUH721212ALN604,XGB,0.46,0,2613,0,0.0
AAG6P42H,HGST_20HUH721212ALN604,XGB,0.46,0,2558,0,0.0
AAG6P4EH,HGST_20HUH721212ALN604,XGB,0.46,0,2531,0,0.0
AAG6P9AH,HGST_20HUH721212ALN604,XGB,0.46,0,2558,0,0.0
AAG6PWBH,HGST_20HUH721212ALN604,XGB,0.46,0,2558,0,0.0
AAG6PY2H,HGST_20HUH721212ALN604,XGB,0.46,0,2613,0,0.0
AAG6PYLH,HGST_20HUH721212ALN604,XGB,0.46,0,2466,0,0.0
AAG6R0AH,HGST_20HUH721212ALN604,XGB,0.46,0,2466,0,0.0
AAG6R2RH,HGST_20HUH721212ALN604,XGB,0.46,0,2558,0,0.0
AAG6R32H,HGST_20HUH721212ALN604,XGB,0.46,0,2558,0,0.0
AAG6R48H,HGST_20HUH721212ALN604,XGB,0.46,0,2531,0,0.0
AAG6R8UH,HGST_20HUH721212ALN604,XGB,0.46,0,2531,0,0.0
AAG6T4ZH,HGST_20HUH721212ALN604,XGB,0.46,0,2531,0,0.0
AAG6T52H,HGST_20HUH721212ALN604,XGB,0.46,1,1471,0,0.0
AAG6T55H,HGST_20HUH721212ALN604,XGB,0.46,0,2466,0,0.0
AAG6T5JH,HGST_20HUH721212ALN604,XGB,0.46,0,2482,0,0.0
AAG6T7LH,HGST_20HUH721212ALN604,XGB,0.46,0,2558,0,0.0
AAG6T9NH,HGST_20HUH721212ALN604,XGB,0.46,0,2466,0,0.0
AAG6TA8H,HGST_20HUH721212ALN604,XGB,0.46,0,2613,0,0.0
AAG6TAHH,HGST_20HUH721212ALN604,XGB,0.46,0,2466,0,0.0
AAG6TAKH,HGST_20HUH721212ALN604,XGB,0.46,0,2466,0,0.0
AAG6TBBH,HGST_20HUH721212ALN604,XGB,0.46,0,2531,0,0.0
AAG6TBJH,HGST_20HUH721212ALN604,XGB,0.46,0,2613,0,0.0
AAG6THHH,HGST_20HUH721212ALN604,XGB,0.46,0,2466,0,0.0
AAG6THJH,HGST_20HUH721212ALN604,XGB,0.46,0,2466,0,0.0
AAG6THLH,HGST_20HUH721212ALN604,XGB,0.46,0,2494,0,0.0
AAG6TRKH,HGST_20HUH721212ALN604,XGB,0.46,0,2494,0,0.0
AAG6TS8H,HGST_20HUH721212ALN604,XGB,0.46,0,2466,0,0.0
AAG6TSUH,HGST_20HUH721212ALN604,XGB,0.46,0,2531,0,0.0
AAG6TT1H,HGST_20HUH721212ALN604,XGB,0.46,0,2482,0,0.0
AAG6TT9H,HGST_20HUH721212ALN604,XGB,0.46,0,2531,0,0.0
AAG6TTNH,HGST_20HUH721212ALN604,XGB,0.46,0,2613,0,0.0
AAG6TUVH,HGST_20HUH721212ALN604,XGB,0.46,0,2466,0,0.0
AAG6TVPH,HGST_20HUH721212ALN604,XGB,0.46,0,2531,0,0.0
AAG6TY4H,HGST_20HUH721212ALN604,XGB,0.46,0,2466,0,0.0
AAG6U5AH,HGST_20HUH721212ALN604,XGB,0.46,0,2558,0,0.0
AAG6UKNH,HGST_20HUH721212ALN604,XGB,0.46,0,2531,0,0.0
AAG6UMGH,HGST_20HUH721212ALN604,XGB,0.46,0,2613,0,0.0
AAG6UMJH,HGST_20HUH721212ALN604,XGB,0.46,0,2613,0,0.0
AAG6UNKH,HGST_20HUH721212ALN604,XGB,0.46,0,2459,0,0.0
AAG6US4H,HGST_20HUH721212ALN604,XGB,0.46,0,2558,0,0.0
AAG6UT0H,HGST_20HUH721212ALN604,XGB,0.46,0,2466,0,0.0
AAG6UU8H,HGST_20HUH721212ALN604,XGB,0.46,0,2613,0,0.0
AAG6UZTH,HGST_20HUH721212ALN604,XGB,0.46,0,2531,0,0.0
AAG6V1MH,HGST_20HUH721212ALN604,XGB,0.46,0,2531,0,0.0
AAG6V71H,HGST_20HUH721212ALN604,XGB,0.46,0,2558,0,0.0
AAG6V7DH,HGST_20HUH721212ALN604,XGB,0.46,0,2558,0,0.0
AAG6V7VH,HGST_20HUH721212ALN604,XGB,0.46,0,2558,0,0.0
AAG6VHXH,HGST_20HUH721212ALN604,XGB,0.46,0,2466,0,0.0
AAG6VJKH,HGST_20HUH721212ALN604,XGB,0.46,0,2531,0,0.0
AAG6VM8H,HGST_20HUH721212ALN604,XGB,0.46,0,2531,0,0.0
AAG6VMBH,HGST_20HUH721212ALN604,XGB,0.46,0,2558,0,0.0
AAG6VMGH,HGST_20HUH721212ALN604,XGB,0.46,0,2558,0,0.0
AAG6X6JH,HGST_20HUH721212ALN604,XGB,0.46,0,2531,0,0.0
AAG6XU7H,HGST_20HUH721212ALN604,XGB,0.46,1,386,5,0.012953367875647668
AAG6XWGH,HGST_20HUH721212ALN604,XGB,0.46,0,2558,0,0.0
AAG6XWJH,HGST_20HUH721212ALN604,XGB,0.46,1,2200,0,0.0
AAG6XXWH,HGST_20HUH721212ALN604,XGB,0.46,0,2613,0,0.0
AAG6XYBH,HGST_20HUH721212ALN604,XGB,0.46,0,2466,0,0.0
AAG6XYNH,HGST_20HUH721212ALN604,XGB,0.46,0,2466,0,0.0
AAG6XZ6H,HGST_20HUH721212ALN604,XGB,0.46,0,2531,0,0.0
AAG6XZNH,HGST_20HUH721212ALN604,XGB,0.46,0,2466,0,0.0
AAG6Y0GH,HGST_20HUH721212ALN604,XGB,0.46,0,2558,0,0.0
AAG6Y0KH,HGST_20HUH721212ALN604,XGB,0.46,0,2613,0,0.0
AAG6Y1BH,HGST_20HUH721212ALN604,XGB,0.46,0,2558,0,0.0
AAG6Y3LH,HGST_20HUH721212ALN604,XGB,0.46,0,2531,0,0.0
AAG6Y3UH,HGST_20HUH721212ALN604,XGB,0.46,0,2466,0,0.0
AAG6Y41H,HGST_20HUH721212ALN604,XGB,0.46,0,2613,0,0.0
AAG6Y46H,HGST_20HUH721212ALN604,XGB,0.46,0,2466,0,0.0
AAG6YZ1H,HGST_20HUH721212ALN604,XGB,0.46,0,2531,0,0.0
AAG6YZ9H,HGST_20HUH721212ALN604,XGB,0.46,0,2613,0,0.0
AAG6Z0DH,HGST_20HUH721212ALN604,XGB,0.46,0,2613,0,0.0
AAG6Z17H,HGST_20HUH721212ALN604,XGB,0.46,0,2466,0,0.0
AAG6Z1MH,HGST_20HUH721212ALN604,XGB,0.46,0,2558,0,0.0
AAG6Z1XH,HGST_20HUH721212ALN604,XGB,0.46,0,2558,0,0.0
AAG6Z2DH,HGST_20HUH721212ALN604,XGB,0.46,0,2558,0,0.0
AAG6Z2RH,HGST_20HUH721212ALN604,XGB,0.46,0,2466,0,0.0
AAG6Z42H,HGST_20HUH721212ALN604,XGB,0.46,1,2151,1,0.00046490004649000463
AAG6Z4VH,HGST_20HUH721212ALN604,XGB,0.46,0,2558,0,0.0
AAG6Z53H,HGST_20HUH721212ALN604,XGB,0.46,0,2482,0,0.0
AAG6ZJ9H,HGST_20HUH721212ALN604,XGB,0.46,0,2558,0,0.0
AAG705GH,HGST_20HUH721212ALN604,XGB,0.46,0,2558,0,0.0
AAG7078H,HGST_20HUH721212ALN604,XGB,0.46,0,2494,0,0.0
AAG70HDH,HGST_20HUH721212ALN604,XGB,0.46,0,2613,0,0.0
AAG70JEH,HGST_20HUH721212ALN604,XGB,0.46,0,2466,0,0.0
AAG70U9H,HGST_20HUH721212ALN604,XGB,0.46,0,2613,0,0.0
AAG73ZWH,HGST_20HUH721212ALN604,XGB,0.46,0,2613,0,0.0
AAG73ZZH,HGST_20HUH721212ALN604,XGB,0.46,0,2531,0,0.0
AAG740EH,HGST_20HUH721212ALN604,XGB,0.46,0,2613,0,0.0
AAG740NH,HGST_20HUH721212ALN604,XGB,0.46,0,2466,0,0.0
AAG740WH,HGST_20HUH721212ALN604,XGB,0.46,0,2558,0,0.0
AAG740YH,HGST_20HUH721212ALN604,XGB,0.46,0,2527,0,0.0
AAG741PH,HGST_20HUH721212ALN604,XGB,0.46,0,2531,0,0.0
AAG742EH,HGST_20HUH721212ALN604,XGB,0.46,0,2531,0,0.0
AAG742JH,HGST_20HUH721212ALN604,XGB,0.46,0,2466,0,0.0
AAG742WH,HGST_20HUH721212ALN604,XGB,0.46,0,2613,0,0.0
AAG7431H,HGST_20HUH721212ALN604,XGB,0.46,0,2613,0,0.0
AAG743EH,HGST_20HUH721212ALN604,XGB,0.46,0,2466,0,0.0
AAG743UH,HGST_20HUH721212ALN604,XGB,0.46,0,2613,0,0.0
AAG743VH,HGST_20HUH721212ALN604,XGB,0.46,0,2613,0,0.0
AAG7454H,HGST_20HUH721212ALN604,XGB,0.46,0,2531,0,0.0
AAG74DKH,HGST_20HUH721212ALN604,XGB,0.46,0,2494,0,0.0
AAG74EAH,HGST_20HUH721212ALN604,XGB,0.46,1,2277,0,0.0
AAG74EBH,HGST_20HUH721212ALN604,XGB,0.46,0,2531,0,0.0
AAG74EYH,HGST_20HUH721212ALN604,XGB,0.46,0,2466,0,0.0
AAG74EZH,HGST_20HUH721212ALN604,XGB,0.46,0,2466,0,0.0
AAG74VHH,HGST_20HUH721212ALN604,XGB,0.46,0,2558,0,0.0
AAG74WRH,HGST_20HUH721212ALN604,XGB,0.46,0,2466,0,0.0
AAG76HYH,HGST_20HUH721212ALN604,XGB,0.46,1,944,0,0.0
AAG77A5H,HGST_20HUH721212ALN604,XGB,0.46,0,2466,0,0.0
AAG799NH,HGST_20HUH721212ALN604,XGB,0.46,0,2558,0,0.0
AAG79B0H,HGST_20HUH721212ALN604,XGB,0.46,0,2531,0,0.0
AAG7A8EH,HGST_20HUH721212ALN604,XGB,0.46,0,2466,0,0.0
AAG7A9KH,HGST_20HUH721212ALN604,XGB,0.46,0,2613,0,0.0
AAG7ADMH,HGST_20HUH721212ALN604,XGB,0.46,0,2482,0,0.0
AAG7AGWH,HGST_20HUH721212ALN604,XGB,0.46,0,2494,0,0.0
AAG7AHMH,HGST_20HUH721212ALN604,XGB,0.46,0,2466,0,0.0
AAG7BP3H,HGST_20HUH721212ALN604,XGB,0.46,0,2466,0,0.0
AAG7BPKH,HGST_20HUH721212ALN604,XGB,0.46,0,2466,0,0.0
AAG7BRGH,HGST_20HUH721212ALN604,XGB,0.46,0,2613,0,0.0
AAG7BS8H,HGST_20HUH721212ALN604,XGB,0.46,0,2558,0,0.0
AAG7BWAH,HGST_20HUH721212ALN604,XGB,0.46,0,2531,0,0.0
AAG7D1SH,HGST_20HUH721212ALN604,XGB,0.46,0,2466,0,0.0
AAG7D29H,HGST_20HUH721212ALN604,XGB,0.46,0,2531,0,0.0
AAG7D2PH,HGST_20HUH721212ALN604,XGB,0.46,0,2466,0,0.0
AAG7D48H,HGST_20HUH721212ALN604,XGB,0.46,0,2466,0,0.0
AAG7D4DH,HGST_20HUH721212ALN604,XGB,0.46,0,2558,0,0.0
AAG7D85H,HGST_20HUH721212ALN604,XGB,0.46,0,2466,0,0.0
AAG7DPYH,HGST_20HUH721212ALN604,XGB,0.46,0,2558,0,0.0
AAG7DRDH,HGST_20HUH721212ALN604,XGB,0.46,0,2558,0,0.0
AAG7DS9H,HGST_20HUH721212ALN604,XGB,0.46,0,2558,0,0.0
AAG7DW0H,HGST_20HUH721212ALN604,XGB,0.46,0,2494,0,0.0
AAG7E1MH,HGST_20HUH721212ALN604,XGB,0.46,0,2558,0,0.0
AAG7E1PH,HGST_20HUH721212ALN604,XGB,0.46,0,2613,0,0.0
AAG7E2HH,HGST_20HUH721212ALN604,XGB,0.46,0,2558,0,0.0
AAG7LG4H,HGST_20HUH721212ALN604,XGB,0.46,0,2558,0,0.0
AAG7LG7H,HGST_20HUH721212ALN604,XGB,0.46,0,2482,0,0.0
AAG7LHYH,HGST_20HUH721212ALN604,XGB,0.46,0,2531,0,0.0
AAG7LNAH,HGST_20HUH721212ALN604,XGB,0.46,0,2466,0,0.0
AAG7LSWH,HGST_20HUH721212ALN604,XGB,0.46,0,2613,0,0.0
AAG7LTHH,HGST_20HUH721212ALN604,XGB,0.46,1,1946,1,0.0005138746145940391
AAG7LZEH,HGST_20HUH721212ALN604,XGB,0.46,0,2558,0,0.0
AAG7M25H,HGST_20HUH721212ALN604,XGB,0.46,0,2466,0,0.0
AAG7M3NH,HGST_20HUH721212ALN604,XGB,0.46,0,2466,0,0.0
AAG7M3TH,HGST_20HUH721212ALN604,XGB,0.46,0,2531,0,0.0
AAG7MMDH,HGST_20HUH721212ALN604,XGB,0.46,0,2482,0,0.0
AAG7MP8H,HGST_20HUH721212ALN604,XGB,0.46,0,2466,0,0.0
AAG7MULH,HGST_20HUH721212ALN604,XGB,0.46,1,2554,1,0.00039154267815191856
AAG7MUNH,HGST_20HUH721212ALN604,XGB,0.46,0,823,0,0.0
AAG7MVMH,HGST_20HUH721212ALN604,XGB,0.46,0,2558,0,0.0
AAG7N3ZH,HGST_20HUH721212ALN604,XGB,0.46,0,2531,0,0.0
AAG7N5WH,HGST_20HUH721212ALN604,XGB,0.46,0,2531,0,0.0
AAG7N62H,HGST_20HUH721212ALN604,XGB,0.46,0,2466,0,0.0
AAG7N63H,HGST_20HUH721212ALN604,XGB,0.46,0,2531,0,0.0
AAG7N6MH,HGST_20HUH721212ALN604,XGB,0.46,0,2494,0,0.0
AAG7PPHH,HGST_20HUH721212ALN604,XGB,0.46,1,2390,0,0.0
AAG7R02H,HGST_20HUH721212ALN604,XGB,0.46,0,2466,0,0.0
AAG7R5VH,HGST_20HUH721212ALN604,XGB,0.46,0,2466,0,0.0
AAG7R93H,HGST_20HUH721212ALN604,XGB,0.46,0,2466,0,0.0
AAG7RA1H,HGST_20HUH721212ALN604,XGB,0.46,0,2613,0,0.0
AAG7RAMH,HGST_20HUH721212ALN604,XGB,0.46,0,2558,0,0.0
AAG7RBDH,HGST_20HUH721212ALN604,XGB,0.46,0,2494,0,0.0
AAG90D8H,HGST_20HUH721212ALN604,XGB,0.46,0,2494,0,0.0
AAG9VK6H,HGST_20HUH721212ALN604,XGB,0.46,0,2558,0,0.0
AAGA4YNH,HGST_20HUH721212ALN604,XGB,0.46,0,2466,0,0.0
AAGA7W1H,HGST_20HUH721212ALN604,XGB,0.46,1,1503,0,0.0
AAGA9E3H,HGST_20HUH721212ALN604,XGB,0.46,0,2494,0,0.0
AAGH3VWH,HGST_20HUH721212ALN604,XGB,0.46,0,2471,0,0.0
AAGMU4TH,HGST_20HUH721212ALN604,XGB,0.46,0,2494,0,0.0
AAGN9D2H,HGST_20HUH721212ALN604,XGB,0.46,1,1598,0,0.0
AAGP62KH,HGST_20HUH721212ALN604,XGB,0.46,0,2466,0,0.0
AAGUS87H,HGST_20HUH721212ALN604,XGB,0.46,0,2393,0,0.0
AAGVX4UH,HGST_20HUH721212ALN604,XGB,0.46,0,2494,0,0.0
AAGWTB0H,HGST_20HUH721212ALN604,XGB,0.46,0,2455,1,0.0004073319755600815
AAGXDBZH,HGST_20HUH721212ALN604,XGB,0.46,0,2482,0,0.0
AAGXLP2H,HGST_20HUH721212ALN604,XGB,0.46,0,2466,0,0.0
AAGXMJSH,HGST_20HUH721212ALN604,XGB,0.46,0,2494,0,0.0
AAGXU8YH,HGST_20HUH721212ALN604,XGB,0.46,0,2482,0,0.0
AAGXUBRH,HGST_20HUH721212ALN604,XGB,0.46,0,2494,0,0.0
AAGXV97H,HGST_20HUH721212ALN604,XGB,0.46,0,719,0,0.0
AAGXW8VH,HGST_20HUH721212ALN604,XGB,0.46,0,2393,0,0.0
AAGXWUWH,HGST_20HUH721212ALN604,XGB,0.46,0,2494,0,0.0
AAGXY3MH,HGST_20HUH721212ALN604,XGB,0.46,1,2156,0,0.0
AAH22T7H,HGST_20HUH721212ALN604,XGB,0.46,0,2494,0,0.0
AAH4NTGH,HGST_20HUH721212ALN604,XGB,0.46,0,2494,0,0.0
AAH6DU2H,HGST_20HUH721212ALN604,XGB,0.46,0,2386,48,0.020117351215423303
AAH78SAH,HGST_20HUH721212ALN604,XGB,0.46,0,2494,0,0.0
AAH7HJSH,HGST_20HUH721212ALN604,XGB,0.46,0,2494,0,0.0
AAH7HKHH,HGST_20HUH721212ALN604,XGB,0.46,0,2494,0,0.0
AAH7HNDH,HGST_20HUH721212ALN604,XGB,0.46,0,2494,0,0.0
AAH7X19H,HGST_20HUH721212ALN604,XGB,0.46,0,2494,0,0.0
AAH86SEH,HGST_20HUH721212ALN604,XGB,0.46,0,2494,0,0.0
AAH8BLDH,HGST_20HUH721212ALN604,XGB,0.46,0,2494,0,0.0
AAH8HPVH,HGST_20HUH721212ALN604,XGB,0.46,0,2494,0,0.0
AAH8LPUH,HGST_20HUH721212ALN604,XGB,0.46,0,2494,0,0.0
AAH8P7WH,HGST_20HUH721212ALN604,XGB,0.46,0,2471,0,0.0
AAH8R0LH,HGST_20HUH721212ALN604,XGB,0.46,0,2494,0,0.0
AAH8RG4H,HGST_20HUH721212ALN604,XGB,0.46,0,2494,0,0.0
AAH8V76H,HGST_20HUH721212ALN604,XGB,0.46,0,2494,0,0.0
AAH8V7KH,HGST_20HUH721212ALN604,XGB,0.46,0,2494,0,0.0
AAH90NAH,HGST_20HUH721212ALN604,XGB,0.46,1,1447,0,0.0
AAH919BH,HGST_20HUH721212ALN604,XGB,0.46,0,2494,0,0.0
AAH9285H,HGST_20HUH721212ALN604,XGB,0.46,0,2494,0,0.0
AAH92GHH,HGST_20HUH721212ALN604,XGB,0.46,0,2494,0,0.0
AAH92HRH,HGST_20HUH721212ALN604,XGB,0.46,0,2494,0,0.0
AAH92JGH,HGST_20HUH721212ALN604,XGB,0.46,0,2494,0,0.0
AAH92V3H,HGST_20HUH721212ALN604,XGB,0.46,0,2494,0,0.0
AAH9301H,HGST_20HUH721212ALN604,XGB,0.46,1,1695,0,0.0
AAH9305H,HGST_20HUH721212ALN604,XGB,0.46,0,2494,0,0.0
AAH9307H,HGST_20HUH721212ALN604,XGB,0.46,1,1437,0,0.0
AAH93MDH,HGST_20HUH721212ALN604,XGB,0.46,0,2494,0,0.0
AAH93RZH,HGST_20HUH721212ALN604,XGB,0.46,0,2494,0,0.0
AAH953TH,HGST_20HUH721212ALN604,XGB,0.46,0,2494,0,0.0
AAH9618H,HGST_20HUH721212ALN604,XGB,0.46,0,2494,0,0.0
AAH9689H,HGST_20HUH721212ALN604,XGB,0.46,0,2494,0,0.0
AAH96AUH,HGST_20HUH721212ALN604,XGB,0.46,0,2494,0,0.0
AAH97BZH,HGST_20HUH721212ALN604,XGB,0.46,0,2346,16,0.0068201193520886615
AAH99PNH,HGST_20HUH721212ALN604,XGB,0.46,0,2494,0,0.0
AAH9BERH,HGST_20HUH721212ALN604,XGB,0.46,0,2494,0,0.0
AAHAS1MH,HGST_20HUH721212ALN604,XGB,0.46,0,2471,0,0.0
AAHAS9TH,HGST_20HUH721212ALN604,XGB,0.46,0,2471,0,0.0
AAHB6YXH,HGST_20HUH721212ALN604,XGB,0.46,0,2471,0,0.0
AAHB8Z9H,HGST_20HUH721212ALN604,XGB,0.46,0,2471,0,0.0
AAHBKUHH,HGST_20HUH721212ALN604,XGB,0.46,0,2471,0,0.0
AAHD7S9H,HGST_20HUH721212ALN604,XGB,0.46,0,2479,0,0.0
AAHDJD5H,HGST_20HUH721212ALN604,XGB,0.46,0,2471,0,0.0
AAHDJDSH,HGST_20HUH721212ALN604,XGB,0.46,0,2471,0,0.0
AAHDJH3H,HGST_20HUH721212ALN604,XGB,0.46,0,2459,0,0.0
AAHDUS5H,HGST_20HUH721212ALN604,XGB,0.46,0,2471,0,0.0
AAHDUT6H,HGST_20HUH721212ALN604,XGB,0.46,0,2471,0,0.0
AAHDYR0H,HGST_20HUH721212ALN604,XGB,0.46,0,2471,0,0.0
AAHE23AH,HGST_20HUH721212ALN604,XGB,0.46,0,2471,0,0.0
AAHE4SAH,HGST_20HUH721212ALN604,XGB,0.46,0,2471,0,0.0
AAHEAGWH,HGST_20HUH721212ALN604,XGB,0.46,0,2471,0,0.0
AAHEAHLH,HGST_20HUH721212ALN604,XGB,0.46,0,2471,0,0.0
AAHED32H,HGST_20HUH721212ALN604,XGB,0.46,0,2471,0,0.0
AAHED3GH,HGST_20HUH721212ALN604,XGB,0.46,0,2471,0,0.0
AAHED8NH,HGST_20HUH721212ALN604,XGB,0.46,0,2463,0,0.0
AAHED98H,HGST_20HUH721212ALN604,XGB,0.46,0,2471,0,0.0
AAHEEVKH,HGST_20HUH721212ALN604,XGB,0.46,0,2471,0,0.0
AAHEHEEH,HGST_20HUH721212ALN604,XGB,0.46,0,2471,0,0.0
AAHEHHMH,HGST_20HUH721212ALN604,XGB,0.46,0,2467,0,0.0
AAHEHJ0H,HGST_20HUH721212ALN604,XGB,0.46,0,2466,0,0.0
AAHEHJ1H,HGST_20HUH721212ALN604,XGB,0.46,0,2471,0,0.0
AAHEHL5H,HGST_20HUH721212ALN604,XGB,0.46,0,2471,0,0.0
AAHEHP8H,HGST_20HUH721212ALN604,XGB,0.46,0,2471,0,0.0
AAHEHRSH,HGST_20HUH721212ALN604,XGB,0.46,0,2471,0,0.0
AAHEHS0H,HGST_20HUH721212ALN604,XGB,0.46,0,2471,0,0.0
AAHEHTDH,HGST_20HUH721212ALN604,XGB,0.46,0,2471,0,0.0
AAHEHTNH,HGST_20HUH721212ALN604,XGB,0.46,0,2471,0,0.0
AAHEHTPH,HGST_20HUH721212ALN604,XGB,0.46,0,2471,0,0.0
AAHEHVUH,HGST_20HUH721212ALN604,XGB,0.46,0,2471,0,0.0
AAHEHY7H,HGST_20HUH721212ALN604,XGB,0.46,0,2471,0,0.0
AAHEHZ2H,HGST_20HUH721212ALN604,XGB,0.46,0,2471,0,0.0
AAHEHZPH,HGST_20HUH721212ALN604,XGB,0.46,0,2471,0,0.0
AAHEHZXH,HGST_20HUH721212ALN604,XGB,0.46,0,2471,0,0.0
AAHEJ43H,HGST_20HUH721212ALN604,XGB,0.46,0,2462,0,0.0
AAHEJ4KH,HGST_20HUH721212ALN604,XGB,0.46,0,2471,0,0.0
AAHEJ76H,HGST_20HUH721212ALN604,XGB,0.46,0,2471,0,0.0
AAHEJDXH,HGST_20HUH721212ALN604,XGB,0.46,0,2471,0,0.0
AAHEJE4H,HGST_20HUH721212ALN604,XGB,0.46,0,2471,0,0.0
AAHEJHKH,HGST_20HUH721212ALN604,XGB,0.46,0,2471,0,0.0
AAHGYKJH,HGST_20HUH721212ALN604,XGB,0.46,1,1808,0,0.0
AAHH59AH,HGST_20HUH721212ALN604,XGB,0.46,0,2393,0,0.0
AAHHAXAH,HGST_20HUH721212ALN604,XGB,0.46,0,2393,0,0.0
AAHHXJ2H,HGST_20HUH721212ALN604,XGB,0.46,0,2393,0,0.0
AAHJG5XH,HGST_20HUH721212ALN604,XGB,0.46,0,2393,0,0.0
AAHJP8BH,HGST_20HUH721212ALN604,XGB,0.46,0,2466,0,0.0
AAHK5PUH,HGST_20HUH721212ALN604,XGB,0.46,0,2466,0,0.0
AAHK8NRH,HGST_20HUH721212ALN604,XGB,0.46,0,2393,0,0.0
AAHKERJH,HGST_20HUH721212ALN604,XGB,0.46,1,2346,0,0.0
AAHKKR8H,HGST_20HUH721212ALN604,XGB,0.46,0,2393,0,0.0
AAHKLDKH,HGST_20HUH721212ALN604,XGB,0.46,0,2466,0,0.0
AAHKM55H,HGST_20HUH721212ALN604,XGB,0.46,1,2052,0,0.0
AAHKMW2H,HGST_20HUH721212ALN604,XGB,0.46,1,957,0,0.0
AAHKS17H,HGST_20HUH721212ALN604,XGB,0.46,1,2215,0,0.0
AAHKWLAH,HGST_20HUH721212ALN604,XGB,0.46,0,2393,5,0.002089427496865859
AAHKX43H,HGST_20HUH721212ALN604,XGB,0.46,1,105,2,0.01904761904761905
AAHKXKYH,HGST_20HUH721212ALN604,XGB,0.46,0,2393,0,0.0
AAHKXLYH,HGST_20HUH721212ALN604,XGB,0.46,0,2393,0,0.0
AAHKXNHH,HGST_20HUH721212ALN604,XGB,0.46,0,2393,0,0.0
AAHKXZ7H,HGST_20HUH721212ALN604,XGB,0.46,0,2393,0,0.0
AAHKYETH,HGST_20HUH721212ALN604,XGB,0.46,0,2482,0,0.0
AAHL0PKH,HGST_20HUH721212ALN604,XGB,0.46,0,1751,0,0.0
AAHL0TLH,HGST_20HUH721212ALN604,XGB,0.46,0,2466,0,0.0
AAHL4K8H,HGST_20HUH721212ALN604,XGB,0.46,0,2482,0,0.0
AAHL5LRH,HGST_20HUH721212ALN604,XGB,0.46,1,1847,0,0.0
AAHL9A9H,HGST_20HUH721212ALN604,XGB,0.46,0,2393,0,0.0
AAHL9XJH,HGST_20HUH721212ALN604,XGB,0.46,0,2393,0,0.0
AAHL9XLH,HGST_20HUH721212ALN604,XGB,0.46,0,2393,0,0.0
AAHL9Y3H,HGST_20HUH721212ALN604,XGB,0.46,0,2393,0,0.0
AAHL9YAH,HGST_20HUH721212ALN604,XGB,0.46,0,2393,0,0.0
AAHL9ZYH,HGST_20HUH721212ALN604,XGB,0.46,0,2393,0,0.0
AAHLBTZH,HGST_20HUH721212ALN604,XGB,0.46,1,2175,0,0.0
AAHLBWGH,HGST_20HUH721212ALN604,XGB,0.46,1,2206,0,0.0
AAHLBWSH,HGST_20HUH721212ALN604,XGB,0.46,1,1582,0,0.0
AAHLBXVH,HGST_20HUH721212ALN604,XGB,0.46,0,2282,0,0.0
AAHLD3UH,HGST_20HUH721212ALN604,XGB,0.46,1,2038,0,0.0
AAHLS5JH,HGST_20HUH721212ALN604,XGB,0.46,0,2482,0,0.0
AAHLS7ZH,HGST_20HUH721212ALN604,XGB,0.46,0,2482,0,0.0
AAHLS8YH,HGST_20HUH721212ALN604,XGB,0.46,0,2482,0,0.0
AAHLS9UH,HGST_20HUH721212ALN604,XGB,0.46,0,2482,0,0.0
AAHLV30H,HGST_20HUH721212ALN604,XGB,0.46,0,2482,0,0.0
AAHLV40H,HGST_20HUH721212ALN604,XGB,0.46,1,82,4,0.04878048780487805
AAHLV47H,HGST_20HUH721212ALN604,XGB,0.46,0,2482,0,0.0
AAHLVTVH,HGST_20HUH721212ALN604,XGB,0.46,0,2471,0,0.0
AAHLWE3H,HGST_20HUH721212ALN604,XGB,0.46,0,2471,0,0.0
AAHLWKXH,HGST_20HUH721212ALN604,XGB,0.46,0,2482,0,0.0
AAHLWM3H,HGST_20HUH721212ALN604,XGB,0.46,0,2471,0,0.0
AAHLXJ1H,HGST_20HUH721212ALN604,XGB,0.46,0,2494,0,0.0
AAHLXJ9H,HGST_20HUH721212ALN604,XGB,0.46,0,2490,0,0.0
AAHLXL5H,HGST_20HUH721212ALN604,XGB,0.46,0,2393,0,0.0
AAHLXTXH,HGST_20HUH721212ALN604,XGB,0.46,0,2470,0,0.0
AAHLY01H,HGST_20HUH721212ALN604,XGB,0.46,0,2471,0,0.0
AAHLY04H,HGST_20HUH721212ALN604,XGB,0.46,0,2494,0,0.0
AAHLY2TH,HGST_20HUH721212ALN604,XGB,0.46,0,2471,0,0.0
AAHLY31H,HGST_20HUH721212ALN604,XGB,0.46,1,2174,1,0.00045998160073597056
AAHLYJRH,HGST_20HUH721212ALN604,XGB,0.46,0,2471,0,0.0
AAHLYY6H,HGST_20HUH721212ALN604,XGB,0.46,0,2482,0,0.0
AAHM227H,HGST_20HUH721212ALN604,XGB,0.46,0,2393,0,0.0
AAHM4E6H,HGST_20HUH721212ALN604,XGB,0.46,0,2471,0,0.0
AAHM4HSH,HGST_20HUH721212ALN604,XGB,0.46,0,2494,0,0.0
AAHM4KJH,HGST_20HUH721212ALN604,XGB,0.46,0,2393,0,0.0
AAHM4S6H,HGST_20HUH721212ALN604,XGB,0.46,0,2494,0,0.0
AAHM4S8H,HGST_20HUH721212ALN604,XGB,0.46,0,2494,0,0.0
AAHM4SSH,HGST_20HUH721212ALN604,XGB,0.46,0,2494,0,0.0
AAHM4T2H,HGST_20HUH721212ALN604,XGB,0.46,0,2494,0,0.0
AAHM4T6H,HGST_20HUH721212ALN604,XGB,0.46,0,2393,0,0.0
AAHM4TRH,HGST_20HUH721212ALN604,XGB,0.46,0,2393,0,0.0
AAHM4UYH,HGST_20HUH721212ALN604,XGB,0.46,0,2494,0,0.0
AAHM4WBH,HGST_20HUH721212ALN604,XGB,0.46,0,2482,0,0.0
AAHM4WEH,HGST_20HUH721212ALN604,XGB,0.46,0,2494,0,0.0
AAHM4XGH,HGST_20HUH721212ALN604,XGB,0.46,0,2393,0,0.0
AAHM5Z4H,HGST_20HUH721212ALN604,XGB,0.46,0,2494,0,0.0
AAHM5Z9H,HGST_20HUH721212ALN604,XGB,0.46,0,2494,0,0.0
AAHM5ZHH,HGST_20HUH721212ALN604,XGB,0.46,0,2494,0,0.0
AAHMD6GH,HGST_20HUH721212ALN604,XGB,0.46,0,2494,0,0.0
AAHME7KH,HGST_20HUH721212ALN604,XGB,0.46,0,2482,0,0.0
AAHMGV8H,HGST_20HUH721212ALN604,XGB,0.46,0,2471,0,0.0
AAHMH4LH,HGST_20HUH721212ALN604,XGB,0.46,0,2494,0,0.0
AAHML65H,HGST_20HUH721212ALN604,XGB,0.46,0,2469,0,0.0
AAHMN38H,HGST_20HUH721212ALN604,XGB,0.46,0,2482,0,0.0
AAHMR03H,HGST_20HUH721212ALN604,XGB,0.46,1,2387,0,0.0
AAHMR2ZH,HGST_20HUH721212ALN604,XGB,0.46,1,1722,0,0.0
AAHMSNRH,HGST_20HUH721212ALN604,XGB,0.46,0,2482,0,0.0
AAHMUYLH,HGST_20HUH721212ALN604,XGB,0.46,0,2482,0,0.0
AAHMW6RH,HGST_20HUH721212ALN604,XGB,0.46,0,2482,0,0.0
AAHMW7NH,HGST_20HUH721212ALN604,XGB,0.46,0,2482,0,0.0
2AG61PSY,HGST_20HUH721212ALN604,LSTM,0.11,0,2467,0,0.0
2AG8AVRY,HGST_20HUH721212ALN604,LSTM,0.11,0,2393,0,0.0
2AGEGU7Y,HGST_20HUH721212ALN604,LSTM,0.11,0,2471,0,0.0
2AGEU1JY,HGST_20HUH721212ALN604,LSTM,0.11,0,2466,0,0.0
2AGG48NY,HGST_20HUH721212ALN604,LSTM,0.11,0,2471,0,0.0
2AGG7H1Y,HGST_20HUH721212ALN604,LSTM,0.11,0,2471,0,0.0
2AGGHGJY,HGST_20HUH721212ALN604,LSTM,0.11,1,2015,0,0.0
2AGGHLEY,HGST_20HUH721212ALN604,LSTM,0.11,0,2466,0,0.0
2AGGHM0Y,HGST_20HUH721212ALN604,LSTM,0.11,0,2471,0,0.0
2AGGHMUY,HGST_20HUH721212ALN604,LSTM,0.11,0,2482,0,0.0
2AGGHR1Y,HGST_20HUH721212ALN604,LSTM,0.11,0,2471,0,0.0
2AGGHR7Y,HGST_20HUH721212ALN604,LSTM,0.11,0,2471,0,0.0
2AGGL0UY,HGST_20HUH721212ALN604,LSTM,0.11,1,1008,0,0.0
2AGGR3NY,HGST_20HUH721212ALN604,LSTM,0.11,0,2471,0,0.0
2AGGZNJY,HGST_20HUH721212ALN604,LSTM,0.11,0,2471,0,0.0
2AGH31BY,HGST_20HUH721212ALN604,LSTM,0.11,1,1620,0,0.0
2AGH31PY,HGST_20HUH721212ALN604,LSTM,0.11,1,2003,0,0.0
2AGH33SY,HGST_20HUH721212ALN604,LSTM,0.11,1,2174,0,0.0
2AGH34HY,HGST_20HUH721212ALN604,LSTM,0.11,0,2471,0,0.0
2AGH34PY,HGST_20HUH721212ALN604,LSTM,0.11,0,2471,0,0.0
2AGH35GY,HGST_20HUH721212ALN604,LSTM,0.11,0,2471,0,0.0
2AGHB9XY,HGST_20HUH721212ALN604,LSTM,0.11,1,2009,0,0.0
2AGHDYHY,HGST_20HUH721212ALN604,LSTM,0.11,0,2471,0,0.0
2AGHEP9Y,HGST_20HUH721212ALN604,LSTM,0.11,1,1888,0,0.0
2AGHGR1Y,HGST_20HUH721212ALN604,LSTM,0.11,0,2471,0,0.0
2AGHGRLY,HGST_20HUH721212ALN604,LSTM,0.11,0,2471,0,0.0
2AGHGRRY,HGST_20HUH721212ALN604,LSTM,0.11,0,2471,0,0.0
2AGHJD4Y,HGST_20HUH721212ALN604,LSTM,0.11,0,2464,227,0.09212662337662338
2AGHK55Y,HGST_20HUH721212ALN604,LSTM,0.11,0,2460,0,0.0
2AGHK8MY,HGST_20HUH721212ALN604,LSTM,0.11,0,2471,0,0.0
2AGHLEUY,HGST_20HUH721212ALN604,LSTM,0.11,1,1625,0,0.0
2AGHLGTY,HGST_20HUH721212ALN604,LSTM,0.11,1,2263,0,0.0
2AGHLKHY,HGST_20HUH721212ALN604,LSTM,0.11,0,2471,0,0.0
2AGHLMXY,HGST_20HUH721212ALN604,LSTM,0.11,0,2471,0,0.0
2AGHLN0Y,HGST_20HUH721212ALN604,LSTM,0.11,0,2471,0,0.0
2AGHMUTY,HGST_20HUH721212ALN604,LSTM,0.11,0,2471,0,0.0
2AGHMUYY,HGST_20HUH721212ALN604,LSTM,0.11,0,2466,0,0.0
2AGHMW5Y,HGST_20HUH721212ALN604,LSTM,0.11,0,2471,0,0.0
2AGHMXGY,HGST_20HUH721212ALN604,LSTM,0.11,1,1449,0,0.0
2AGHMYTY,HGST_20HUH721212ALN604,LSTM,0.11,0,2471,0,0.0
2AGHMZMY,HGST_20HUH721212ALN604,LSTM,0.11,0,2471,0,0.0
2AGHN0TY,HGST_20HUH721212ALN604,LSTM,0.11,1,515,55,0.10679611650485436
2AGHN0WY,HGST_20HUH721212ALN604,LSTM,0.11,0,2471,0,0.0
2AGHN16Y,HGST_20HUH721212ALN604,LSTM,0.11,0,2471,0,0.0
2AGHN2AY,HGST_20HUH721212ALN604,LSTM,0.11,0,2471,0,0.0
2AGHN3XY,HGST_20HUH721212ALN604,LSTM,0.11,0,2471,0,0.0
2AGHPDKY,HGST_20HUH721212ALN604,LSTM,0.11,0,2471,0,0.0
2AGHSJ4Y,HGST_20HUH721212ALN604,LSTM,0.11,0,2462,0,0.0
2AGHSS9Y,HGST_20HUH721212ALN604,LSTM,0.11,0,2471,0,0.0
2AGHTBYY,HGST_20HUH721212ALN604,LSTM,0.11,1,2071,217,0.10478029937228392
2AGHTGEY,HGST_20HUH721212ALN604,LSTM,0.11,1,1388,37,0.026657060518731988
2AGHTKBY,HGST_20HUH721212ALN604,LSTM,0.11,0,2471,0,0.0
2AGLY65Y,HGST_20HUH721212ALN604,LSTM,0.11,1,1561,0,0.0
2AGM231Y,HGST_20HUH721212ALN604,LSTM,0.11,0,2494,0,0.0
2AGM23NY,HGST_20HUH721212ALN604,LSTM,0.11,0,2494,0,0.0
2AGM5UVY,HGST_20HUH721212ALN604,LSTM,0.11,0,2482,0,0.0
2AGM5V7Y,HGST_20HUH721212ALN604,LSTM,0.11,1,2390,22,0.009205020920502092
2AGM5VBY,HGST_20HUH721212ALN604,LSTM,0.11,0,2482,0,0.0
2AGM5VHY,HGST_20HUH721212ALN604,LSTM,0.11,1,1986,0,0.0
2AGM5W9Y,HGST_20HUH721212ALN604,LSTM,0.11,1,2073,0,0.0
2AGM5YEY,HGST_20HUH721212ALN604,LSTM,0.11,0,2494,0,0.0
2AGM8EMY,HGST_20HUH721212ALN604,LSTM,0.11,1,1994,0,0.0
2AGM8EUY,HGST_20HUH721212ALN604,LSTM,0.11,0,2471,0,0.0
2AGM8J2Y,HGST_20HUH721212ALN604,LSTM,0.11,0,2482,0,0.0
2AGM8JAY,HGST_20HUH721212ALN604,LSTM,0.11,0,2468,0,0.0
2AGM8LNY,HGST_20HUH721212ALN604,LSTM,0.11,0,2486,0,0.0
2AGM8RJY,HGST_20HUH721212ALN604,LSTM,0.11,0,2393,0,0.0
2AGM8RTY,HGST_20HUH721212ALN604,LSTM,0.11,0,2480,0,0.0
2AGM8UNY,HGST_20HUH721212ALN604,LSTM,0.11,1,2310,43,0.018614718614718615
2AGM8V7Y,HGST_20HUH721212ALN604,LSTM,0.11,0,2482,0,0.0
2AGM9MXY,HGST_20HUH721212ALN604,LSTM,0.11,1,2333,0,0.0
2AGM9PJY,HGST_20HUH721212ALN604,LSTM,0.11,0,2485,0,0.0
2AGM9RGY,HGST_20HUH721212ALN604,LSTM,0.11,1,1318,0,0.0
2AGM9S6Y,HGST_20HUH721212ALN604,LSTM,0.11,0,2482,0,0.0
2AGM9SDY,HGST_20HUH721212ALN604,LSTM,0.11,0,2494,0,0.0
2AGM9U1Y,HGST_20HUH721212ALN604,LSTM,0.11,0,2480,0,0.0
2AGMDJKY,HGST_20HUH721212ALN604,LSTM,0.11,0,2494,0,0.0
2AGMDUAY,HGST_20HUH721212ALN604,LSTM,0.11,1,1330,0,0.0
2AGMDY1Y,HGST_20HUH721212ALN604,LSTM,0.11,0,2393,0,0.0
2AGME0XY,HGST_20HUH721212ALN604,LSTM,0.11,1,1841,105,0.057034220532319393
2AGME3BY,HGST_20HUH721212ALN604,LSTM,0.11,0,2482,0,0.0
2AGME9PY,HGST_20HUH721212ALN604,LSTM,0.11,1,1821,0,0.0
2AGMGAYY,HGST_20HUH721212ALN604,LSTM,0.11,0,2482,0,0.0
2AGMGDPY,HGST_20HUH721212ALN604,LSTM,0.11,0,2393,0,0.0
2AGMGKLY,HGST_20HUH721212ALN604,LSTM,0.11,0,2393,0,0.0
2AGMGXEY,HGST_20HUH721212ALN604,LSTM,0.11,0,2393,0,0.0
2AGMH2YY,HGST_20HUH721212ALN604,LSTM,0.11,1,2024,0,0.0
2AGMH3JY,HGST_20HUH721212ALN604,LSTM,0.11,0,2482,0,0.0
2AGMHK6Y,HGST_20HUH721212ALN604,LSTM,0.11,0,2494,0,0.0
2AGMHPEY,HGST_20HUH721212ALN604,LSTM,0.11,1,1852,0,0.0
2AGMHRYY,HGST_20HUH721212ALN604,LSTM,0.11,1,1828,0,0.0
2AGMHTLY,HGST_20HUH721212ALN604,LSTM,0.11,0,2494,0,0.0
2AGMHU7Y,HGST_20HUH721212ALN604,LSTM,0.11,1,1893,0,0.0
2AGMHVTY,HGST_20HUH721212ALN604,LSTM,0.11,0,2482,0,0.0
2AGMHWAY,HGST_20HUH721212ALN604,LSTM,0.11,1,1502,17,0.011318242343541944
2AGMHXDY,HGST_20HUH721212ALN604,LSTM,0.11,1,2121,0,0.0
2AGMHY3Y,HGST_20HUH721212ALN604,LSTM,0.11,1,2290,0,0.0
2AGMHY5Y,HGST_20HUH721212ALN604,LSTM,0.11,0,2393,0,0.0
2AGMJ35Y,HGST_20HUH721212ALN604,LSTM,0.11,0,2494,0,0.0
2AGMJ3JY,HGST_20HUH721212ALN604,LSTM,0.11,0,2482,0,0.0
2AGMJ3TY,HGST_20HUH721212ALN604,LSTM,0.11,0,2393,0,0.0
2AGMJ47Y,HGST_20HUH721212ALN604,LSTM,0.11,0,2466,0,0.0
2AGMJ5BY,HGST_20HUH721212ALN604,LSTM,0.11,1,731,0,0.0
2AGMKV4Y,HGST_20HUH721212ALN604,LSTM,0.11,1,2442,12,0.004914004914004914
2AGMKVHY,HGST_20HUH721212ALN604,LSTM,0.11,1,1363,0,0.0
2AGMKVTY,HGST_20HUH721212ALN604,LSTM,0.11,1,1941,0,0.0
2AGMLMLY,HGST_20HUH721212ALN604,LSTM,0.11,0,2393,0,0.0
2AGMLSZY,HGST_20HUH721212ALN604,LSTM,0.11,1,442,9,0.020361990950226245
2AGMLT7Y,HGST_20HUH721212ALN604,LSTM,0.11,0,2474,0,0.0
2AGMLWNY,HGST_20HUH721212ALN604,LSTM,0.11,0,2393,0,0.0
2AGMLZLY,HGST_20HUH721212ALN604,LSTM,0.11,1,2460,0,0.0
2AGMM0UY,HGST_20HUH721212ALN604,LSTM,0.11,0,2480,0,0.0
2AGMMNKY,HGST_20HUH721212ALN604,LSTM,0.11,0,2466,0,0.0
2AGMMU1Y,HGST_20HUH721212ALN604,LSTM,0.11,0,2482,0,0.0
2AGMMU4Y,HGST_20HUH721212ALN604,LSTM,0.11,0,2393,0,0.0
2AGMNB7Y,HGST_20HUH721212ALN604,LSTM,0.11,1,1415,0,0.0
2AGMNBEY,HGST_20HUH721212ALN604,LSTM,0.11,0,2482,0,0.0
2AGMND4Y,HGST_20HUH721212ALN604,LSTM,0.11,1,2369,18,0.007598142676234698
2AGMNE1Y,HGST_20HUH721212ALN604,LSTM,0.11,1,2244,1,0.000445632798573975
2AGMNEBY,HGST_20HUH721212ALN604,LSTM,0.11,1,1921,0,0.0
2AGMNG0Y,HGST_20HUH721212ALN604,LSTM,0.11,0,2022,0,0.0
2AGMNJKY,HGST_20HUH721212ALN604,LSTM,0.11,1,2312,15,0.006487889273356401
2AGMNM8Y,HGST_20HUH721212ALN604,LSTM,0.11,0,2393,0,0.0
2AGMNMWY,HGST_20HUH721212ALN604,LSTM,0.11,1,1448,0,0.0
2AGMNTXY,HGST_20HUH721212ALN604,LSTM,0.11,0,2482,0,0.0
2AGMNUVY,HGST_20HUH721212ALN604,LSTM,0.11,0,2494,0,0.0
2AGMNWBY,HGST_20HUH721212ALN604,LSTM,0.11,0,2393,0,0.0
2AGMNXRY,HGST_20HUH721212ALN604,LSTM,0.11,0,2393,0,0.0
2AGMP7ZY,HGST_20HUH721212ALN604,LSTM,0.11,0,2393,0,0.0
2AGMPBWY,HGST_20HUH721212ALN604,LSTM,0.11,0,2453,0,0.0
2AGMPD8Y,HGST_20HUH721212ALN604,LSTM,0.11,1,1562,0,0.0
2AGMPK3Y,HGST_20HUH721212ALN604,LSTM,0.11,0,2494,0,0.0
2AGMPL7Y,HGST_20HUH721212ALN604,LSTM,0.11,1,2115,0,0.0
2AGMPP1Y,HGST_20HUH721212ALN604,LSTM,0.11,0,2482,0,0.0
2AGMPP4Y,HGST_20HUH721212ALN604,LSTM,0.11,1,2313,13,0.005620406398616515
2AGMPPGY,HGST_20HUH721212ALN604,LSTM,0.11,0,2482,0,0.0
2AGMPSSY,HGST_20HUH721212ALN604,LSTM,0.11,0,2482,0,0.0
2AGMPT2Y,HGST_20HUH721212ALN604,LSTM,0.11,0,2482,0,0.0
2AGMPZ8Y,HGST_20HUH721212ALN604,LSTM,0.11,0,2393,0,0.0
2AGMS6PY,HGST_20HUH721212ALN604,LSTM,0.11,0,2393,0,0.0
2AGMSHHY,HGST_20HUH721212ALN604,LSTM,0.11,1,1197,0,0.0
2AGMTK0Y,HGST_20HUH721212ALN604,LSTM,0.11,1,2295,1,0.00043572984749455336
2AGMTL0Y,HGST_20HUH721212ALN604,LSTM,0.11,1,1445,0,0.0
2AGMTXAY,HGST_20HUH721212ALN604,LSTM,0.11,0,2393,0,0.0
2AGMUBMY,HGST_20HUH721212ALN604,LSTM,0.11,0,2466,0,0.0
2AGMUBRY,HGST_20HUH721212ALN604,LSTM,0.11,1,1819,0,0.0
2AGMV9UY,HGST_20HUH721212ALN604,LSTM,0.11,0,2393,0,0.0
2AGMVDDY,HGST_20HUH721212ALN604,LSTM,0.11,0,2482,0,0.0
2AGMWHVY,HGST_20HUH721212ALN604,LSTM,0.11,1,1892,0,0.0
2AGMZLMY,HGST_20HUH721212ALN604,LSTM,0.11,1,1373,0,0.0
2AGN038Y,HGST_20HUH721212ALN604,LSTM,0.11,0,2393,0,0.0
2AGN03MY,HGST_20HUH721212ALN604,LSTM,0.11,0,2393,0,0.0
2AGN05MY,HGST_20HUH721212ALN604,LSTM,0.11,0,2393,0,0.0
2AGN071Y,HGST_20HUH721212ALN604,LSTM,0.11,0,2393,0,0.0
2AGN07AY,HGST_20HUH721212ALN604,LSTM,0.11,0,2393,0,0.0
2AGN17RY,HGST_20HUH721212ALN604,LSTM,0.11,0,2393,0,0.0
2AGN1YNY,HGST_20HUH721212ALN604,LSTM,0.11,0,2393,0,0.0
2AGN29AY,HGST_20HUH721212ALN604,LSTM,0.11,0,2393,0,0.0
2AGN43EY,HGST_20HUH721212ALN604,LSTM,0.11,0,2393,0,0.0
2AGN5A3Y,HGST_20HUH721212ALN604,LSTM,0.11,0,2466,0,0.0
2AGN7GZY,HGST_20HUH721212ALN604,LSTM,0.11,0,2393,0,0.0
2AGN7XVY,HGST_20HUH721212ALN604,LSTM,0.11,0,2393,0,0.0
2AGN7XYY,HGST_20HUH721212ALN604,LSTM,0.11,0,2467,0,0.0
2AGN853Y,HGST_20HUH721212ALN604,LSTM,0.11,0,2393,0,0.0
2AGN8H9Y,HGST_20HUH721212ALN604,LSTM,0.11,0,2393,0,0.0
2AGN8Y9Y,HGST_20HUH721212ALN604,LSTM,0.11,0,2393,0,0.0
2AGN8ZGY,HGST_20HUH721212ALN604,LSTM,0.11,0,2466,0,0.0
2AGN90RY,HGST_20HUH721212ALN604,LSTM,0.11,1,1578,0,0.0
2AGN9N4Y,HGST_20HUH721212ALN604,LSTM,0.11,1,2033,9,0.004426955238563699
2AGNAK7Y,HGST_20HUH721212ALN604,LSTM,0.11,0,2393,0,0.0
2AGNAKGY,HGST_20HUH721212ALN604,LSTM,0.11,0,2393,0,0.0
2AGNAYKY,HGST_20HUH721212ALN604,LSTM,0.11,0,2393,0,0.0
2AGNBWPY,HGST_20HUH721212ALN604,LSTM,0.11,0,2393,0,0.0
2AGND0EY,HGST_20HUH721212ALN604,LSTM,0.11,0,2393,0,0.0
2AGNEAHY,HGST_20HUH721212ALN604,LSTM,0.11,0,2393,0,0.0
2AGNEK5Y,HGST_20HUH721212ALN604,LSTM,0.11,0,2393,0,0.0
2AGNEN9Y,HGST_20HUH721212ALN604,LSTM,0.11,0,2393,0,0.0
2AGNEREY,HGST_20HUH721212ALN604,LSTM,0.11,0,2393,0,0.0
2AGNGZPY,HGST_20HUH721212ALN604,LSTM,0.11,0,2471,0,0.0
2AGNJE2Y,HGST_20HUH721212ALN604,LSTM,0.11,0,2466,0,0.0
2AGNJG7Y,HGST_20HUH721212ALN604,LSTM,0.11,0,2393,0,0.0
2AGNJGHY,HGST_20HUH721212ALN604,LSTM,0.11,0,2393,0,0.0
2AGNJRYY,HGST_20HUH721212ALN604,LSTM,0.11,0,2466,0,0.0
2AGNJTAY,HGST_20HUH721212ALN604,LSTM,0.11,0,2393,0,0.0
2AGNJTRY,HGST_20HUH721212ALN604,LSTM,0.11,0,2393,0,0.0
2AGNKB9Y,HGST_20HUH721212ALN604,LSTM,0.11,1,1570,0,0.0
2AGNKGXY,HGST_20HUH721212ALN604,LSTM,0.11,0,2393,0,0.0
2AGNKNJY,HGST_20HUH721212ALN604,LSTM,0.11,0,2393,0,0.0
2AGNKSPY,HGST_20HUH721212ALN604,LSTM,0.11,0,2393,0,0.0
2AGNKV4Y,HGST_20HUH721212ALN604,LSTM,0.11,0,2393,0,0.0
2AGNL61Y,HGST_20HUH721212ALN604,LSTM,0.11,0,2482,0,0.0
2AGNNTHY,HGST_20HUH721212ALN604,LSTM,0.11,0,2430,0,0.0
2AGNT47Y,HGST_20HUH721212ALN604,LSTM,0.11,0,2482,0,0.0
2AGP393Y,HGST_20HUH721212ALN604,LSTM,0.11,1,1406,25,0.017780938833570414
2AGP43EY,HGST_20HUH721212ALN604,LSTM,0.11,1,1936,0,0.0
2AGP5EDY,HGST_20HUH721212ALN604,LSTM,0.11,0,2482,0,0.0
2AGP5GBY,HGST_20HUH721212ALN604,LSTM,0.11,0,2482,0,0.0
2AGP5J1Y,HGST_20HUH721212ALN604,LSTM,0.11,0,2482,0,0.0
2AGP6TYY,HGST_20HUH721212ALN604,LSTM,0.11,0,2482,0,0.0
2AGP6UBY,HGST_20HUH721212ALN604,LSTM,0.11,0,2482,0,0.0
2AGP9W7Y,HGST_20HUH721212ALN604,LSTM,0.11,0,2482,0,0.0
2AGPHHKY,HGST_20HUH721212ALN604,LSTM,0.11,0,2466,0,0.0
2AGPHHTY,HGST_20HUH721212ALN604,LSTM,0.11,0,2466,0,0.0
2AGPJAVY,HGST_20HUH721212ALN604,LSTM,0.11,0,2471,0,0.0
2AGPJBGY,HGST_20HUH721212ALN604,LSTM,0.11,0,2471,0,0.0
2AGPJBNY,HGST_20HUH721212ALN604,LSTM,0.11,0,2471,0,0.0
2AGPJE5Y,HGST_20HUH721212ALN604,LSTM,0.11,0,2482,0,0.0
2AGPJGPY,HGST_20HUH721212ALN604,LSTM,0.11,1,649,0,0.0
2AGPJH1Y,HGST_20HUH721212ALN604,LSTM,0.11,1,1915,0,0.0
2AGPJHAY,HGST_20HUH721212ALN604,LSTM,0.11,0,2393,0,0.0
2AGPJHXY,HGST_20HUH721212ALN604,LSTM,0.11,0,2471,0,0.0
2AGPJL8Y,HGST_20HUH721212ALN604,LSTM,0.11,0,2471,0,0.0
2AGPJLWY,HGST_20HUH721212ALN604,LSTM,0.11,0,2393,0,0.0
2AGPJMRY,HGST_20HUH721212ALN604,LSTM,0.11,0,2393,0,0.0
2AGPJP0Y,HGST_20HUH721212ALN604,LSTM,0.11,0,2471,0,0.0
2AGPK9HY,HGST_20HUH721212ALN604,LSTM,0.11,0,2393,0,0.0
2AGPKA3Y,HGST_20HUH721212ALN604,LSTM,0.11,0,2393,0,0.0
2AGPKALY,HGST_20HUH721212ALN604,LSTM,0.11,0,2482,0,0.0
2AGPKARY,HGST_20HUH721212ALN604,LSTM,0.11,0,2482,0,0.0
2AGPKB2Y,HGST_20HUH721212ALN604,LSTM,0.11,0,2471,0,0.0
2AGPKTUY,HGST_20HUH721212ALN604,LSTM,0.11,0,2482,0,0.0
2AGPKVGY,HGST_20HUH721212ALN604,LSTM,0.11,0,2482,0,0.0
2AGPKWNY,HGST_20HUH721212ALN604,LSTM,0.11,1,1628,0,0.0
2AGPKX4Y,HGST_20HUH721212ALN604,LSTM,0.11,0,2482,0,0.0
2AGPL2YY,HGST_20HUH721212ALN604,LSTM,0.11,0,2482,0,0.0
2AGPL4UY,HGST_20HUH721212ALN604,LSTM,0.11,0,2482,0,0.0
2AGPL4ZY,HGST_20HUH721212ALN604,LSTM,0.11,0,2471,0,0.0
2AGPLSSY,HGST_20HUH721212ALN604,LSTM,0.11,0,2482,0,0.0
2AGPMDVY,HGST_20HUH721212ALN604,LSTM,0.11,0,2471,0,0.0
2AGPMEPY,HGST_20HUH721212ALN604,LSTM,0.11,0,2482,0,0.0
2AGPMGGY,HGST_20HUH721212ALN604,LSTM,0.11,0,2482,0,0.0
2AGPMM3Y,HGST_20HUH721212ALN604,LSTM,0.11,0,2471,0,0.0
2AGPMN9Y,HGST_20HUH721212ALN604,LSTM,0.11,0,2471,0,0.0
2AGPMRDY,HGST_20HUH721212ALN604,LSTM,0.11,0,2471,0,0.0
2AGPMY1Y,HGST_20HUH721212ALN604,LSTM,0.11,0,2482,0,0.0
2AGPN6PY,HGST_20HUH721212ALN604,LSTM,0.11,0,2482,0,0.0
2AGPPJAY,HGST_20HUH721212ALN604,LSTM,0.11,0,2482,0,0.0
2AGPPLLY,HGST_20HUH721212ALN604,LSTM,0.11,1,1659,0,0.0
2AGPR6YY,HGST_20HUH721212ALN604,LSTM,0.11,0,2482,0,0.0
2AGPR7RY,HGST_20HUH721212ALN604,LSTM,0.11,0,2482,0,0.0
2AGPR8EY,HGST_20HUH721212ALN604,LSTM,0.11,0,2482,0,0.0
2AGPRL8Y,HGST_20HUH721212ALN604,LSTM,0.11,0,2471,0,0.0
2AGPRMLY,HGST_20HUH721212ALN604,LSTM,0.11,1,2418,0,0.0
2AGPRMRY,HGST_20HUH721212ALN604,LSTM,0.11,1,1928,0,0.0
2AGPRRJY,HGST_20HUH721212ALN604,LSTM,0.11,0,2494,0,0.0
2AGPS2ZY,HGST_20HUH721212ALN604,LSTM,0.11,0,2482,0,0.0
2AGPSEDY,HGST_20HUH721212ALN604,LSTM,0.11,0,2471,0,0.0
2AGPSG5Y,HGST_20HUH721212ALN604,LSTM,0.11,0,2471,0,0.0
2AGPSGKY,HGST_20HUH721212ALN604,LSTM,0.11,0,2393,0,0.0
2AGPSJKY,HGST_20HUH721212ALN604,LSTM,0.11,0,2393,0,0.0
2AGPSRUY,HGST_20HUH721212ALN604,LSTM,0.11,0,2482,0,0.0
2AGPT2PY,HGST_20HUH721212ALN604,LSTM,0.11,0,2393,0,0.0
2AGPT48Y,HGST_20HUH721212ALN604,LSTM,0.11,0,2466,0,0.0
2AGPT7PY,HGST_20HUH721212ALN604,LSTM,0.11,0,2393,0,0.0
2AGPTL4Y,HGST_20HUH721212ALN604,LSTM,0.11,0,2471,0,0.0
2AGPTVLY,HGST_20HUH721212ALN604,LSTM,0.11,0,2466,0,0.0
5PG0TA6F,HGST_20HUH721212ALN604,LSTM,0.11,0,2050,0,0.0
5PG0TAKF,HGST_20HUH721212ALN604,LSTM,0.11,0,2122,0,0.0
5PJEJUHE,HGST_20HUH721212ALN604,LSTM,0.11,0,1525,0,0.0
5PJJHD9C,HGST_20HUH721212ALN604,LSTM,0.11,0,1323,0,0.0
5PJJLZTF,HGST_20HUH721212ALN604,LSTM,0.11,0,1550,0,0.0
5PJKZP4D,HGST_20HUH721212ALN604,LSTM,0.11,0,1306,0,0.0
5PJVPJGF,HGST_20HUH721212ALN604,LSTM,0.11,0,1751,0,0.0
5PK10N4B,HGST_20HUH721212ALN604,LSTM,0.11,0,435,0,0.0
5PK5ZB1B,HGST_20HUH721212ALN604,LSTM,0.11,0,672,0,0.0
5PKEBJVB,HGST_20HUH721212ALN604,LSTM,0.11,0,826,0,0.0
5PKVXW6B,HGST_20HUH721212ALN604,LSTM,0.11,0,639,0,0.0
5QG63PMB,HGST_20HUH721212ALN604,LSTM,0.11,0,643,0,0.0
5QGBH0MB,HGST_20HUH721212ALN604,LSTM,0.11,0,814,0,0.0
5QGG5KLB,HGST_20HUH721212ALN604,LSTM,0.11,0,1062,0,0.0
5QGG5UPB,HGST_20HUH721212ALN604,LSTM,0.11,0,1178,0,0.0
5QGGAELB,HGST_20HUH721212ALN604,LSTM,0.11,1,800,38,0.0475
5QGGHWVB,HGST_20HUH721212ALN604,LSTM,0.11,0,807,0,0.0
5QH0Z60B,HGST_20HUH721212ALN604,LSTM,0.11,1,206,83,0.4029126213592233
5QHDKVHB,HGST_20HUH721212ALN604,LSTM,0.11,0,836,0,0.0
5QHKE66B,HGST_20HUH721212ALN604,LSTM,0.11,0,683,0,0.0
5QHYP4MB,HGST_20HUH721212ALN604,LSTM,0.11,0,656,0,0.0
5QJBW5VB,HGST_20HUH721212ALN604,LSTM,0.11,1,109,17,0.1559633027522936
5QJS57NB,HGST_20HUH721212ALN604,LSTM,0.11,0,769,0,0.0
5QKBEVWB,HGST_20HUH721212ALN604,LSTM,0.11,0,809,0,0.0
5QKDK07B,HGST_20HUH721212ALN604,LSTM,0.11,0,437,0,0.0
5QKHBVPB,HGST_20HUH721212ALN604,LSTM,0.11,0,641,0,0.0
5QKKSM3B,HGST_20HUH721212ALN604,LSTM,0.11,0,695,0,0.0
5QKV55TB,HGST_20HUH721212ALN604,LSTM,0.11,0,732,0,0.0
5QKV6W0B,HGST_20HUH721212ALN604,LSTM,0.11,0,931,0,0.0
5QKV74SB,HGST_20HUH721212ALN604,LSTM,0.11,0,783,0,0.0
5QKV778B,HGST_20HUH721212ALN604,LSTM,0.11,0,633,0,0.0
5QKV7UHB,HGST_20HUH721212ALN604,LSTM,0.11,0,728,0,0.0
5QKV85UB,HGST_20HUH721212ALN604,LSTM,0.11,0,821,0,0.0
5QKVAN8B,HGST_20HUH721212ALN604,LSTM,0.11,0,799,0,0.0
5QKVARLB,HGST_20HUH721212ALN604,LSTM,0.11,0,850,0,0.0
5QKVATKB,HGST_20HUH721212ALN604,LSTM,0.11,0,783,0,0.0
5QKVD71B,HGST_20HUH721212ALN604,LSTM,0.11,0,661,0,0.0
5QKVDDVB,HGST_20HUH721212ALN604,LSTM,0.11,0,621,0,0.0
5QKVETTB,HGST_20HUH721212ALN604,LSTM,0.11,0,613,0,0.0
5QKVEUZB,HGST_20HUH721212ALN604,LSTM,0.11,0,679,0,0.0
5QKVEXJB,HGST_20HUH721212ALN604,LSTM,0.11,0,823,0,0.0
5QKVGLWB,HGST_20HUH721212ALN604,LSTM,0.11,0,663,0,0.0
5QKVHPLB,HGST_20HUH721212ALN604,LSTM,0.11,0,664,0,0.0
5QKVHRMB,HGST_20HUH721212ALN604,LSTM,0.11,0,617,0,0.0
5QKVVTHB,HGST_20HUH721212ALN604,LSTM,0.11,0,686,0,0.0
8CGNK9GE,HGST_20HUH721212ALN604,LSTM,0.11,0,2382,0,0.0
8CGR1V5E,HGST_20HUH721212ALN604,LSTM,0.11,0,2466,0,0.0
8CGSN9XE,HGST_20HUH721212ALN604,LSTM,0.11,0,2482,0,0.0
8CGSTSRE,HGST_20HUH721212ALN604,LSTM,0.11,0,2494,0,0.0
8CGT5S2E,HGST_20HUH721212ALN604,LSTM,0.11,1,1985,0,0.0
8CGTW4VE,HGST_20HUH721212ALN604,LSTM,0.11,0,2466,0,0.0
8CGTZ9HE,HGST_20HUH721212ALN604,LSTM,0.11,1,1519,82,0.053982883475971036
8CGU9LLE,HGST_20HUH721212ALN604,LSTM,0.11,0,2480,0,0.0
8CGV369E,HGST_20HUH721212ALN604,LSTM,0.11,0,2482,0,0.0
8CGVR04E,HGST_20HUH721212ALN604,LSTM,0.11,0,2452,0,0.0
8CGVTH0E,HGST_20HUH721212ALN604,LSTM,0.11,0,2494,0,0.0
8CGW3HPE,HGST_20HUH721212ALN604,LSTM,0.11,0,2494,0,0.0
8CGW6ULE,HGST_20HUH721212ALN604,LSTM,0.11,0,2494,0,0.0
8CGWPGEE,HGST_20HUH721212ALN604,LSTM,0.11,0,2482,0,0.0
8CGXKYVE,HGST_20HUH721212ALN604,LSTM,0.11,0,2494,0,0.0
8CGXNNUE,HGST_20HUH721212ALN604,LSTM,0.11,1,1075,12,0.011162790697674419
8CGY4KUE,HGST_20HUH721212ALN604,LSTM,0.11,0,2482,0,0.0
8CGYJ5TE,HGST_20HUH721212ALN604,LSTM,0.11,0,2466,0,0.0
8CGYVS8E,HGST_20HUH721212ALN604,LSTM,0.11,0,2466,0,0.0
8CGYW96E,HGST_20HUH721212ALN604,LSTM,0.11,0,2466,0,0.0
8CGYXB6E,HGST_20HUH721212ALN604,LSTM,0.11,0,2385,0,0.0
8CGZ8K3E,HGST_20HUH721212ALN604,LSTM,0.11,0,2494,0,0.0
8CGZ8S1E,HGST_20HUH721212ALN604,LSTM,0.11,0,2494,0,0.0
8CGZ8SDE,HGST_20HUH721212ALN604,LSTM,0.11,0,2494,0,0.0
8CGZB98E,HGST_20HUH721212ALN604,LSTM,0.11,0,2393,0,0.0
8CGZB9VE,HGST_20HUH721212ALN604,LSTM,0.11,0,2466,0,0.0
8CGZKBME,HGST_20HUH721212ALN604,LSTM,0.11,0,2494,0,0.0
8CGZKDHE,HGST_20HUH721212ALN604,LSTM,0.11,0,2494,0,0.0
8CGZMEAE,HGST_20HUH721212ALN604,LSTM,0.11,0,2494,0,0.0
8CH02WUE,HGST_20HUH721212ALN604,LSTM,0.11,0,2393,0,0.0
8CH05AGE,HGST_20HUH721212ALN604,LSTM,0.11,0,2494,0,0.0
8CH06AGE,HGST_20HUH721212ALN604,LSTM,0.11,0,2482,0,0.0
8CH06B5E,HGST_20HUH721212ALN604,LSTM,0.11,0,2494,0,0.0
8CH06E7E,HGST_20HUH721212ALN604,LSTM,0.11,0,2494,0,0.0
8CH06EDE,HGST_20HUH721212ALN604,LSTM,0.11,0,2466,0,0.0
8CH0869E,HGST_20HUH721212ALN604,LSTM,0.11,0,2494,0,0.0
8CH08RNE,HGST_20HUH721212ALN604,LSTM,0.11,0,2386,0,0.0
8CH09GGE,HGST_20HUH721212ALN604,LSTM,0.11,0,2466,0,0.0
8CH0BYPE,HGST_20HUH721212ALN604,LSTM,0.11,0,2393,0,0.0
8CH0BYTE,HGST_20HUH721212ALN604,LSTM,0.11,0,2466,0,0.0
8CH0DM8E,HGST_20HUH721212ALN604,LSTM,0.11,0,2393,0,0.0
8CH0GNLE,HGST_20HUH721212ALN604,LSTM,0.11,0,2494,0,0.0
8CH0GNNE,HGST_20HUH721212ALN604,LSTM,0.11,0,2494,0,0.0
8CH0GNSE,HGST_20HUH721212ALN604,LSTM,0.11,0,2482,0,0.0
8CH0HRKE,HGST_20HUH721212ALN604,LSTM,0.11,0,2466,0,0.0
8CH0HTRE,HGST_20HUH721212ALN604,LSTM,0.11,0,2466,0,0.0
8CH0L5PE,HGST_20HUH721212ALN604,LSTM,0.11,0,2466,0,0.0
8CH0R06E,HGST_20HUH721212ALN604,LSTM,0.11,0,2494,0,0.0
8CH0R3YE,HGST_20HUH721212ALN604,LSTM,0.11,0,2393,0,0.0
8CH0TLTE,HGST_20HUH721212ALN604,LSTM,0.11,0,2393,0,0.0
8CH0TLUE,HGST_20HUH721212ALN604,LSTM,0.11,0,2466,0,0.0
8CH0TN2E,HGST_20HUH721212ALN604,LSTM,0.11,0,2466,0,0.0
8CH0TN3E,HGST_20HUH721212ALN604,LSTM,0.11,0,2393,0,0.0
8CH0TVRE,HGST_20HUH721212ALN604,LSTM,0.11,0,2386,0,0.0
8CH0V7TE,HGST_20HUH721212ALN604,LSTM,0.11,0,2466,0,0.0
8CH0VH1E,HGST_20HUH721212ALN604,LSTM,0.11,0,2482,0,0.0
8CH0VW0E,HGST_20HUH721212ALN604,LSTM,0.11,0,2466,0,0.0
8CH11KPE,HGST_20HUH721212ALN604,LSTM,0.11,0,2494,0,0.0
8CH13D7E,HGST_20HUH721212ALN604,LSTM,0.11,0,2466,0,0.0
8CH13DAE,HGST_20HUH721212ALN604,LSTM,0.11,0,2466,0,0.0
8CH15D3E,HGST_20HUH721212ALN604,LSTM,0.11,0,2482,0,0.0
8CH15YME,HGST_20HUH721212ALN604,LSTM,0.11,0,2466,0,0.0
8CH160KE,HGST_20HUH721212ALN604,LSTM,0.11,0,2393,0,0.0
8CH16PBE,HGST_20HUH721212ALN604,LSTM,0.11,0,2466,0,0.0
8CH16ZDE,HGST_20HUH721212ALN604,LSTM,0.11,0,2466,0,0.0
8CH16ZUE,HGST_20HUH721212ALN604,LSTM,0.11,0,2466,0,0.0
8CH17M9E,HGST_20HUH721212ALN604,LSTM,0.11,0,2466,0,0.0
8CH17MHE,HGST_20HUH721212ALN604,LSTM,0.11,0,2393,0,0.0
8CH190UE,HGST_20HUH721212ALN604,LSTM,0.11,1,957,468,0.4890282131661442
8CH1APUE,HGST_20HUH721212ALN604,LSTM,0.11,1,2302,0,0.0
8CH1AR5E,HGST_20HUH721212ALN604,LSTM,0.11,0,2494,0,0.0
8CH1ARHE,HGST_20HUH721212ALN604,LSTM,0.11,1,1581,0,0.0
8CH1WBME,HGST_20HUH721212ALN604,LSTM,0.11,1,1829,0,0.0
8CH1XHUE,HGST_20HUH721212ALN604,LSTM,0.11,0,2494,0,0.0
8CH4AT4E,HGST_20HUH721212ALN604,LSTM,0.11,0,2471,0,0.0
8CH4X3TE,HGST_20HUH721212ALN604,LSTM,0.11,1,1246,0,0.0
8CH4YM4E,HGST_20HUH721212ALN604,LSTM,0.11,1,1388,0,0.0
8CH4YM6E,HGST_20HUH721212ALN604,LSTM,0.11,1,2123,0,0.0
8CH4YN8E,HGST_20HUH721212ALN604,LSTM,0.11,1,1791,0,0.0
8CH4Z6UE,HGST_20HUH721212ALN604,LSTM,0.11,0,2478,0,0.0
8CH5214E,HGST_20HUH721212ALN604,LSTM,0.11,1,1737,2,0.0011514104778353484
8CH52U5E,HGST_20HUH721212ALN604,LSTM,0.11,0,2481,0,0.0
8CH5B9LE,HGST_20HUH721212ALN604,LSTM,0.11,0,2482,0,0.0
8CH5E8EE,HGST_20HUH721212ALN604,LSTM,0.11,1,1420,0,0.0
8CH5HRYE,HGST_20HUH721212ALN604,LSTM,0.11,1,2050,0,0.0
8CHRG6JE,HGST_20HUH721212ALN604,LSTM,0.11,0,2283,0,0.0
8CHU2WSE,HGST_20HUH721212ALN604,LSTM,0.11,0,2078,0,0.0
8CHU7R9E,HGST_20HUH721212ALN604,LSTM,0.11,1,1281,0,0.0
8CHUHHXE,HGST_20HUH721212ALN604,LSTM,0.11,0,2075,0,0.0
8CJMA59E,HGST_20HUH721212ALN604,LSTM,0.11,0,699,0,0.0
8DG1BB5Y,HGST_20HUH721212ALN604,LSTM,0.11,0,423,0,0.0
8DG3MU5D,HGST_20HUH721212ALN604,LSTM,0.11,0,2783,0,0.0
8DG4SAUD,HGST_20HUH721212ALN604,LSTM,0.11,0,2783,0,0.0
8DG4SAZD,HGST_20HUH721212ALN604,LSTM,0.11,0,2783,0,0.0
8DG52U7D,HGST_20HUH721212ALN604,LSTM,0.11,0,2783,0,0.0
8DG52W9D,HGST_20HUH721212ALN604,LSTM,0.11,0,2783,0,0.0
8DG52WND,HGST_20HUH721212ALN604,LSTM,0.11,0,2783,0,0.0
8DG6S3UD,HGST_20HUH721212ALN604,LSTM,0.11,1,2155,0,0.0
8DG88GTY,HGST_20HUH721212ALN604,LSTM,0.11,0,425,0,0.0
8DG93TXY,HGST_20HUH721212ALN604,LSTM,0.11,0,700,0,0.0
8DJE2HWH,HGST_20HUH721212ALN604,LSTM,0.11,0,2613,0,0.0
8DJEPPSH,HGST_20HUH721212ALN604,LSTM,0.11,0,2613,0,0.0
8DJEPTWH,HGST_20HUH721212ALN604,LSTM,0.11,0,2613,0,0.0
8DJEUXLH,HGST_20HUH721212ALN604,LSTM,0.11,0,2613,0,0.0
8DK5NDLH,HGST_20HUH721212ALN604,LSTM,0.11,0,2250,0,0.0
8DKHU24H,HGST_20HUH721212ALN604,LSTM,0.11,0,2249,0,0.0
8DKUD8AH,HGST_20HUH721212ALN604,LSTM,0.11,0,2613,0,0.0
8DKV390H,HGST_20HUH721212ALN604,LSTM,0.11,0,2558,0,0.0
8HG28M3H,HGST_20HUH721212ALN604,LSTM,0.11,0,2558,0,0.0
8HG7LGUH,HGST_20HUH721212ALN604,LSTM,0.11,1,2189,1,0.00045682960255824577
8HGBYHPH,HGST_20HUH721212ALN604,LSTM,0.11,0,1611,0,0.0
8HGNAB0H,HGST_20HUH721212ALN604,LSTM,0.11,0,2531,0,0.0
8HGZPYVH,HGST_20HUH721212ALN604,LSTM,0.11,0,1515,75,0.04950495049504951
8HH12ZPH,HGST_20HUH721212ALN604,LSTM,0.11,0,2665,0,0.0
8HH5JYSH,HGST_20HUH721212ALN604,LSTM,0.11,0,2665,0,0.0
8HH8BNRH,HGST_20HUH721212ALN604,LSTM,0.11,0,2531,0,0.0
8HH8P7RH,HGST_20HUH721212ALN604,LSTM,0.11,0,2558,0,0.0
8HH901KH,HGST_20HUH721212ALN604,LSTM,0.11,0,2531,0,0.0
8HH9ZRUH,HGST_20HUH721212ALN604,LSTM,0.11,0,2558,0,0.0
8HHARE1H,HGST_20HUH721212ALN604,LSTM,0.11,1,1320,14,0.010606060606060607
8HHARGBH,HGST_20HUH721212ALN604,LSTM,0.11,0,2558,0,0.0
8HHATBKH,HGST_20HUH721212ALN604,LSTM,0.11,0,2558,0,0.0
8HHJXENH,HGST_20HUH721212ALN604,LSTM,0.11,0,2613,0,0.0
8HHNHSUH,HGST_20HUH721212ALN604,LSTM,0.11,1,2040,0,0.0
8HHPUREH,HGST_20HUH721212ALN604,LSTM,0.11,1,2011,44,0.02187966185977126
8HHT1P2H,HGST_20HUH721212ALN604,LSTM,0.11,0,2665,0,0.0
8HHTWXYH,HGST_20HUH721212ALN604,LSTM,0.11,0,2665,0,0.0
8HHZ6MGH,HGST_20HUH721212ALN604,LSTM,0.11,0,2665,0,0.0
8HJ1NNDH,HGST_20HUH721212ALN604,LSTM,0.11,0,2665,0,0.0
8HJ6SJAH,HGST_20HUH721212ALN604,LSTM,0.11,0,2665,0,0.0
8HJ6SJTH,HGST_20HUH721212ALN604,LSTM,0.11,0,2665,0,0.0
8HJ74BPH,HGST_20HUH721212ALN604,LSTM,0.11,0,2665,0,0.0
8HJ7UJHH,HGST_20HUH721212ALN604,LSTM,0.11,0,2665,0,0.0
8HJ7Y9BH,HGST_20HUH721212ALN604,LSTM,0.11,0,2665,0,0.0
8HJ7Z0DH,HGST_20HUH721212ALN604,LSTM,0.11,0,2494,0,0.0
8HJ7Z10H,HGST_20HUH721212ALN604,LSTM,0.11,0,2665,0,0.0
8HJ7Z1MH,HGST_20HUH721212ALN604,LSTM,0.11,0,2665,0,0.0
8HJ86APH,HGST_20HUH721212ALN604,LSTM,0.11,0,2665,0,0.0
8HJ86NXH,HGST_20HUH721212ALN604,LSTM,0.11,0,2494,0,0.0
8HJ8LEXH,HGST_20HUH721212ALN604,LSTM,0.11,0,2494,0,0.0
8HJ8LKMH,HGST_20HUH721212ALN604,LSTM,0.11,1,2678,0,0.0
8HJ91WDH,HGST_20HUH721212ALN604,LSTM,0.11,0,2494,0,0.0
8HJ94EVH,HGST_20HUH721212ALN604,LSTM,0.11,0,2665,0,0.0
8HJ9JWTH,HGST_20HUH721212ALN604,LSTM,0.11,0,2665,0,0.0
8HJ9K7HH,HGST_20HUH721212ALN604,LSTM,0.11,1,2264,0,0.0
8HJ9KKGH,HGST_20HUH721212ALN604,LSTM,0.11,0,2494,0,0.0
8HJ9KN1H,HGST_20HUH721212ALN604,LSTM,0.11,0,2665,0,0.0
8HJ9LS1H,HGST_20HUH721212ALN604,LSTM,0.11,0,2665,0,0.0
8HJ9M5NH,HGST_20HUH721212ALN604,LSTM,0.11,0,2665,0,0.0
8HJ9M94H,HGST_20HUH721212ALN604,LSTM,0.11,0,2665,0,0.0
8HJ9MZBH,HGST_20HUH721212ALN604,LSTM,0.11,0,2494,0,0.0
8HJ9NHPH,HGST_20HUH721212ALN604,LSTM,0.11,0,2665,0,0.0
8HJ9NKKH,HGST_20HUH721212ALN604,LSTM,0.11,0,2665,0,0.0
8HJ9RYSH,HGST_20HUH721212ALN604,LSTM,0.11,0,2665,0,0.0
8HJ9S05H,HGST_20HUH721212ALN604,LSTM,0.11,0,2665,0,0.0
8HJ9S0EH,HGST_20HUH721212ALN604,LSTM,0.11,0,2665,0,0.0
8HJ9Y3ZH,HGST_20HUH721212ALN604,LSTM,0.11,0,2494,0,0.0
8HJA085H,HGST_20HUH721212ALN604,LSTM,0.11,0,2665,0,0.0
8HJA2DPH,HGST_20HUH721212ALN604,LSTM,0.11,0,2665,0,0.0
8HJA8DBH,HGST_20HUH721212ALN604,LSTM,0.11,0,2665,0,0.0
8HJBNYTH,HGST_20HUH721212ALN604,LSTM,0.11,0,2613,0,0.0
8HJDK12H,HGST_20HUH721212ALN604,LSTM,0.11,0,2665,0,0.0
8HJDX4PH,HGST_20HUH721212ALN604,LSTM,0.11,0,2660,0,0.0
8HJEY89H,HGST_20HUH721212ALN604,LSTM,0.11,0,2558,0,0.0
8HJG85RH,HGST_20HUH721212ALN604,LSTM,0.11,0,2558,0,0.0
8HJGZPXH,HGST_20HUH721212ALN604,LSTM,0.11,0,2665,0,0.0
8HJH62EH,HGST_20HUH721212ALN604,LSTM,0.11,0,2665,0,0.0
8HJH8RWH,HGST_20HUH721212ALN604,LSTM,0.11,0,2558,0,0.0
8HJK2HSH,HGST_20HUH721212ALN604,LSTM,0.11,0,2665,0,0.0
8HJLKZRH,HGST_20HUH721212ALN604,LSTM,0.11,0,2665,0,0.0
8HJRD7PH,HGST_20HUH721212ALN604,LSTM,0.11,0,2558,0,0.0
8HJRUMWH,HGST_20HUH721212ALN604,LSTM,0.11,0,2665,0,0.0
8HJRVW4H,HGST_20HUH721212ALN604,LSTM,0.11,0,2665,0,0.0
8HJUGTVH,HGST_20HUH721212ALN604,LSTM,0.11,0,2665,0,0.0
8HJVJKPH,HGST_20HUH721212ALN604,LSTM,0.11,0,2665,0,0.0
8HJVUAGH,HGST_20HUH721212ALN604,LSTM,0.11,0,2665,0,0.0
8HJWBJXH,HGST_20HUH721212ALN604,LSTM,0.11,0,2665,0,0.0
8HJWHD6H,HGST_20HUH721212ALN604,LSTM,0.11,0,2665,0,0.0
8HJWHEJH,HGST_20HUH721212ALN604,LSTM,0.11,0,2531,0,0.0
8HJXG0WH,HGST_20HUH721212ALN604,LSTM,0.11,1,1260,0,0.0
8HJXKBDH,HGST_20HUH721212ALN604,LSTM,0.11,0,2558,0,0.0
8HJXU87H,HGST_20HUH721212ALN604,LSTM,0.11,0,2665,0,0.0
8HJY20MH,HGST_20HUH721212ALN604,LSTM,0.11,0,2665,0,0.0
8HJYTXWH,HGST_20HUH721212ALN604,LSTM,0.11,0,2665,0,0.0
8HJYU0JH,HGST_20HUH721212ALN604,LSTM,0.11,0,2660,0,0.0
8HJYZNZH,HGST_20HUH721212ALN604,LSTM,0.11,0,2665,0,0.0
8HJZ13TH,HGST_20HUH721212ALN604,LSTM,0.11,0,2665,0,0.0
8HJZADEH,HGST_20HUH721212ALN604,LSTM,0.11,0,2665,0,0.0
8HJZEG6H,HGST_20HUH721212ALN604,LSTM,0.11,1,1830,0,0.0
8HJZG4AH,HGST_20HUH721212ALN604,LSTM,0.11,0,2665,0,0.0
8HJZNVWH,HGST_20HUH721212ALN604,LSTM,0.11,0,2660,0,0.0
8HK087WH,HGST_20HUH721212ALN604,LSTM,0.11,0,2665,0,0.0
8HK0HH3H,HGST_20HUH721212ALN604,LSTM,0.11,0,2665,0,0.0
8HK12NNH,HGST_20HUH721212ALN604,LSTM,0.11,0,2665,0,0.0
8HK17SKH,HGST_20HUH721212ALN604,LSTM,0.11,0,2665,0,0.0
8HK17SWH,HGST_20HUH721212ALN604,LSTM,0.11,0,2665,0,0.0
8HK17SYH,HGST_20HUH721212ALN604,LSTM,0.11,0,1574,0,0.0
8HK19K9H,HGST_20HUH721212ALN604,LSTM,0.11,0,2665,0,0.0
8HK19KVH,HGST_20HUH721212ALN604,LSTM,0.11,0,2665,0,0.0
8HK1KY3H,HGST_20HUH721212ALN604,LSTM,0.11,0,2665,0,0.0
8HK1LYPH,HGST_20HUH721212ALN604,LSTM,0.11,0,2665,0,0.0
8HK1N18H,HGST_20HUH721212ALN604,LSTM,0.11,0,2665,0,0.0
8HK1PV7H,HGST_20HUH721212ALN604,LSTM,0.11,0,2665,0,0.0
8HK1UULH,HGST_20HUH721212ALN604,LSTM,0.11,0,2665,0,0.0
8HK1XAAH,HGST_20HUH721212ALN604,LSTM,0.11,1,1076,0,0.0
8HK224GH,HGST_20HUH721212ALN604,LSTM,0.11,0,2665,0,0.0
8HK25XSH,HGST_20HUH721212ALN604,LSTM,0.11,0,2665,0,0.0
8HK266WH,HGST_20HUH721212ALN604,LSTM,0.11,0,2665,0,0.0
8HK28TJH,HGST_20HUH721212ALN604,LSTM,0.11,0,2665,0,0.0
8HK28Y0H,HGST_20HUH721212ALN604,LSTM,0.11,0,2665,0,0.0
8HK2A1EH,HGST_20HUH721212ALN604,LSTM,0.11,0,2466,0,0.0
8HK2BA6H,HGST_20HUH721212ALN604,LSTM,0.11,0,2665,0,0.0
8HK2BAEH,HGST_20HUH721212ALN604,LSTM,0.11,0,2665,0,0.0
8HK2DVKH,HGST_20HUH721212ALN604,LSTM,0.11,0,2665,0,0.0
8HK2JXUH,HGST_20HUH721212ALN604,LSTM,0.11,0,2531,0,0.0
8HK2KY6H,HGST_20HUH721212ALN604,LSTM,0.11,0,2660,0,0.0
8HK2MXPH,HGST_20HUH721212ALN604,LSTM,0.11,0,2665,0,0.0
8HK2RMWH,HGST_20HUH721212ALN604,LSTM,0.11,0,2665,0,0.0
8HK2RNWH,HGST_20HUH721212ALN604,LSTM,0.11,0,2665,0,0.0
8HK2RP9H,HGST_20HUH721212ALN604,LSTM,0.11,0,2665,0,0.0
8HK2VLMH,HGST_20HUH721212ALN604,LSTM,0.11,0,2665,0,0.0
8HK2X4YH,HGST_20HUH721212ALN604,LSTM,0.11,0,2665,0,0.0
8HK2ZPDH,HGST_20HUH721212ALN604,LSTM,0.11,0,2494,0,0.0
8HK2ZT1H,HGST_20HUH721212ALN604,LSTM,0.11,0,2665,0,0.0
8HK31WMH,HGST_20HUH721212ALN604,LSTM,0.11,0,2494,0,0.0
8HK31Y8H,HGST_20HUH721212ALN604,LSTM,0.11,0,2665,0,0.0
8HK341ZH,HGST_20HUH721212ALN604,LSTM,0.11,0,2665,0,0.0
8HK34EZH,HGST_20HUH721212ALN604,LSTM,0.11,0,2665,0,0.0
8HK3BWZH,HGST_20HUH721212ALN604,LSTM,0.11,0,2665,0,0.0
8HK3GTLH,HGST_20HUH721212ALN604,LSTM,0.11,0,2665,0,0.0
8HK3GUXH,HGST_20HUH721212ALN604,LSTM,0.11,0,2665,0,0.0
8HK3MMSH,HGST_20HUH721212ALN604,LSTM,0.11,0,2665,0,0.0
8HK3NG2H,HGST_20HUH721212ALN604,LSTM,0.11,0,2660,0,0.0
8HK3NJMH,HGST_20HUH721212ALN604,LSTM,0.11,0,2665,0,0.0
8HK41HEH,HGST_20HUH721212ALN604,LSTM,0.11,0,2665,0,0.0
8HK69BMH,HGST_20HUH721212ALN604,LSTM,0.11,0,2558,0,0.0
8HK6T2AH,HGST_20HUH721212ALN604,LSTM,0.11,0,2665,0,0.0
8HK6TL7H,HGST_20HUH721212ALN604,LSTM,0.11,0,2665,0,0.0
8HK6UUDH,HGST_20HUH721212ALN604,LSTM,0.11,0,2531,0,0.0
8HK6V14H,HGST_20HUH721212ALN604,LSTM,0.11,0,2665,0,0.0
8HK6VSKH,HGST_20HUH721212ALN604,LSTM,0.11,1,1944,6,0.0030864197530864196
8HK70X7H,HGST_20HUH721212ALN604,LSTM,0.11,0,2665,0,0.0
8HK7194H,HGST_20HUH721212ALN604,LSTM,0.11,0,2665,0,0.0
8HK72J0H,HGST_20HUH721212ALN604,LSTM,0.11,0,2665,0,0.0
8HK7DKMH,HGST_20HUH721212ALN604,LSTM,0.11,0,2558,0,0.0
8HK7E5DH,HGST_20HUH721212ALN604,LSTM,0.11,0,2665,0,0.0
8HK7E68H,HGST_20HUH721212ALN604,LSTM,0.11,0,2665,0,0.0
8HK7H58H,HGST_20HUH721212ALN604,LSTM,0.11,0,2665,0,0.0
8HK80P1H,HGST_20HUH721212ALN604,LSTM,0.11,0,2613,0,0.0
8HKB2WEH,HGST_20HUH721212ALN604,LSTM,0.11,0,2613,0,0.0
8HKB3M2H,HGST_20HUH721212ALN604,LSTM,0.11,0,2613,0,0.0
8HKB4R4H,HGST_20HUH721212ALN604,LSTM,0.11,0,2494,0,0.0
8HKBBKKH,HGST_20HUH721212ALN604,LSTM,0.11,0,2665,0,0.0
8HKBYNVH,HGST_20HUH721212ALN604,LSTM,0.11,0,2494,0,0.0
8HKE039H,HGST_20HUH721212ALN604,LSTM,0.11,0,2665,0,0.0
8HKE6E1H,HGST_20HUH721212ALN604,LSTM,0.11,0,2613,0,0.0
8HKE8S7H,HGST_20HUH721212ALN604,LSTM,0.11,0,2613,0,0.0
8HKEAWEH,HGST_20HUH721212ALN604,LSTM,0.11,0,2466,0,0.0
8HKEKYRH,HGST_20HUH721212ALN604,LSTM,0.11,0,2466,0,0.0
8HKG0GWH,HGST_20HUH721212ALN604,LSTM,0.11,0,2613,0,0.0
8HKHPZHH,HGST_20HUH721212ALN604,LSTM,0.11,0,2466,0,0.0
8HKJ4MAH,HGST_20HUH721212ALN604,LSTM,0.11,0,2552,0,0.0
8HKJ5KDH,HGST_20HUH721212ALN604,LSTM,0.11,1,2420,0,0.0
8HKL6STH,HGST_20HUH721212ALN604,LSTM,0.11,0,2558,0,0.0
8HKLRUSH,HGST_20HUH721212ALN604,LSTM,0.11,0,2558,14,0.00547302580140735
8HKM415H,HGST_20HUH721212ALN604,LSTM,0.11,0,2558,0,0.0
8HKM5RVH,HGST_20HUH721212ALN604,LSTM,0.11,0,2531,0,0.0
8HKM654H,HGST_20HUH721212ALN604,LSTM,0.11,0,2531,0,0.0
8HKM9Z1H,HGST_20HUH721212ALN604,LSTM,0.11,0,2531,0,0.0
8HKMR21H,HGST_20HUH721212ALN604,LSTM,0.11,1,525,0,0.0
8HKNMW1H,HGST_20HUH721212ALN604,LSTM,0.11,0,2494,0,0.0
8HKNN28H,HGST_20HUH721212ALN604,LSTM,0.11,0,2466,0,0.0
8HKPM7RH,HGST_20HUH721212ALN604,LSTM,0.11,0,2558,0,0.0
8HKPZY9H,HGST_20HUH721212ALN604,LSTM,0.11,1,1966,0,0.0
8HKRER2H,HGST_20HUH721212ALN604,LSTM,0.11,0,2466,0,0.0
8HKS4X3H,HGST_20HUH721212ALN604,LSTM,0.11,0,2558,0,0.0
8HKTBA3H,HGST_20HUH721212ALN604,LSTM,0.11,1,2033,0,0.0
8HKTE54H,HGST_20HUH721212ALN604,LSTM,0.11,0,2558,0,0.0
8HKTH2SH,HGST_20HUH721212ALN604,LSTM,0.11,1,1733,0,0.0
8HKTK0XH,HGST_20HUH721212ALN604,LSTM,0.11,0,2613,0,0.0
8HKU0DXH,HGST_20HUH721212ALN604,LSTM,0.11,0,2558,0,0.0
8HKU3YTH,HGST_20HUH721212ALN604,LSTM,0.11,1,1950,0,0.0
8HKU4WXH,HGST_20HUH721212ALN604,LSTM,0.11,0,2613,0,0.0
8HKUEJHH,HGST_20HUH721212ALN604,LSTM,0.11,1,2221,0,0.0
8HKVW60H,HGST_20HUH721212ALN604,LSTM,0.11,0,2531,0,0.0
8HKW4NPH,HGST_20HUH721212ALN604,LSTM,0.11,0,2466,0,0.0
8HKWV1GH,HGST_20HUH721212ALN604,LSTM,0.11,0,2613,0,0.0
8HKWXJYH,HGST_20HUH721212ALN604,LSTM,0.11,0,2531,0,0.0
8HKY0KHH,HGST_20HUH721212ALN604,LSTM,0.11,1,1902,194,0.10199789695057834
8HKY66PH,HGST_20HUH721212ALN604,LSTM,0.11,0,2558,0,0.0
8HKYJ38H,HGST_20HUH721212ALN604,LSTM,0.11,0,2531,0,0.0
8HKYZ6YH,HGST_20HUH721212ALN604,LSTM,0.11,0,2531,0,0.0
8HKZ213H,HGST_20HUH721212ALN604,LSTM,0.11,0,2613,0,0.0
8HKZDBRH,HGST_20HUH721212ALN604,LSTM,0.11,0,2466,0,0.0
8HKZL75H,HGST_20HUH721212ALN604,LSTM,0.11,0,2380,0,0.0
AAG0EXPH,HGST_20HUH721212ALN604,LSTM,0.11,0,2613,0,0.0
AAG0LHRH,HGST_20HUH721212ALN604,LSTM,0.11,0,2613,0,0.0
AAG121VH,HGST_20HUH721212ALN604,LSTM,0.11,0,2558,0,0.0
AAG16VPH,HGST_20HUH721212ALN604,LSTM,0.11,0,2613,0,0.0
AAG18L0H,HGST_20HUH721212ALN604,LSTM,0.11,0,2531,0,0.0
AAG18MEH,HGST_20HUH721212ALN604,LSTM,0.11,0,2558,0,0.0
AAG197UH,HGST_20HUH721212ALN604,LSTM,0.11,0,2466,0,0.0
AAG1LSNH,HGST_20HUH721212ALN604,LSTM,0.11,1,2399,0,0.0
AAG1LSVH,HGST_20HUH721212ALN604,LSTM,0.11,0,2613,0,0.0
AAG1LW3H,HGST_20HUH721212ALN604,LSTM,0.11,1,2065,0,0.0
AAG1PLVH,HGST_20HUH721212ALN604,LSTM,0.11,0,2531,0,0.0
AAG1PM9H,HGST_20HUH721212ALN604,LSTM,0.11,0,2531,0,0.0
AAG1RJAH,HGST_20HUH721212ALN604,LSTM,0.11,0,2531,0,0.0
AAG1RK5H,HGST_20HUH721212ALN604,LSTM,0.11,0,2613,0,0.0
AAG1RR9H,HGST_20HUH721212ALN604,LSTM,0.11,0,2531,0,0.0
AAG1RUJH,HGST_20HUH721212ALN604,LSTM,0.11,0,2531,0,0.0
AAG1TGGH,HGST_20HUH721212ALN604,LSTM,0.11,0,2613,0,0.0
AAG1VJYH,HGST_20HUH721212ALN604,LSTM,0.11,0,2531,0,0.0
AAG1VNPH,HGST_20HUH721212ALN604,LSTM,0.11,0,2613,0,0.0
AAG1Z4AH,HGST_20HUH721212ALN604,LSTM,0.11,0,2393,0,0.0
AAG23A2H,HGST_20HUH721212ALN604,LSTM,0.11,0,2613,0,0.0
AAG23AKH,HGST_20HUH721212ALN604,LSTM,0.11,0,2613,0,0.0
AAG23AVH,HGST_20HUH721212ALN604,LSTM,0.11,0,2531,0,0.0
AAG246TH,HGST_20HUH721212ALN604,LSTM,0.11,0,2466,0,0.0
AAG24UVH,HGST_20HUH721212ALN604,LSTM,0.11,0,2613,0,0.0
AAG24VXH,HGST_20HUH721212ALN604,LSTM,0.11,0,2613,0,0.0
AAG26NBH,HGST_20HUH721212ALN604,LSTM,0.11,1,1667,0,0.0
AAG26TPH,HGST_20HUH721212ALN604,LSTM,0.11,0,2531,0,0.0
AAG26U9H,HGST_20HUH721212ALN604,LSTM,0.11,1,1336,0,0.0
AAG27VEH,HGST_20HUH721212ALN604,LSTM,0.11,0,2531,0,0.0
AAG27W2H,HGST_20HUH721212ALN604,LSTM,0.11,0,2558,0,0.0
AAG27XPH,HGST_20HUH721212ALN604,LSTM,0.11,1,2385,0,0.0
AAG27ZLH,HGST_20HUH721212ALN604,LSTM,0.11,0,2531,0,0.0
AAG281TH,HGST_20HUH721212ALN604,LSTM,0.11,1,2025,0,0.0
AAG2GGJH,HGST_20HUH721212ALN604,LSTM,0.11,0,2466,0,0.0
AAG2JGJH,HGST_20HUH721212ALN604,LSTM,0.11,1,2447,0,0.0
AAG2JL4H,HGST_20HUH721212ALN604,LSTM,0.11,0,2613,0,0.0
AAG2RZJH,HGST_20HUH721212ALN604,LSTM,0.11,0,2531,0,0.0
AAG2S62H,HGST_20HUH721212ALN604,LSTM,0.11,0,2531,0,0.0
AAG2S9YH,HGST_20HUH721212ALN604,LSTM,0.11,0,2466,0,0.0
AAG2SAYH,HGST_20HUH721212ALN604,LSTM,0.11,0,2393,0,0.0
AAG2SJ3H,HGST_20HUH721212ALN604,LSTM,0.11,0,2393,0,0.0
AAG2VSVH,HGST_20HUH721212ALN604,LSTM,0.11,0,2531,0,0.0
AAG2Y6JH,HGST_20HUH721212ALN604,LSTM,0.11,0,2531,0,0.0
AAG2Z67H,HGST_20HUH721212ALN604,LSTM,0.11,0,2466,0,0.0
AAG2ZU1H,HGST_20HUH721212ALN604,LSTM,0.11,0,2466,0,0.0
AAG305AH,HGST_20HUH721212ALN604,LSTM,0.11,0,2466,0,0.0
AAG306GH,HGST_20HUH721212ALN604,LSTM,0.11,0,2613,0,0.0
AAG34Z4H,HGST_20HUH721212ALN604,LSTM,0.11,0,2613,0,0.0
AAG350BH,HGST_20HUH721212ALN604,LSTM,0.11,0,2531,0,0.0
AAG350TH,HGST_20HUH721212ALN604,LSTM,0.11,0,2531,0,0.0
AAG3512H,HGST_20HUH721212ALN604,LSTM,0.11,0,2531,0,0.0
AAG352AH,HGST_20HUH721212ALN604,LSTM,0.11,0,2466,0,0.0
AAG353EH,HGST_20HUH721212ALN604,LSTM,0.11,0,2613,0,0.0
AAG35LWH,HGST_20HUH721212ALN604,LSTM,0.11,0,2613,0,0.0
AAG401PH,HGST_20HUH721212ALN604,LSTM,0.11,0,2613,0,0.0
AAG46YHH,HGST_20HUH721212ALN604,LSTM,0.11,0,2531,0,0.0
AAG477BH,HGST_20HUH721212ALN604,LSTM,0.11,0,2613,0,0.0
AAG478DH,HGST_20HUH721212ALN604,LSTM,0.11,0,2531,0,0.0
AAG48B3H,HGST_20HUH721212ALN604,LSTM,0.11,0,2558,0,0.0
AAG4AA9H,HGST_20HUH721212ALN604,LSTM,0.11,0,2558,0,0.0
AAG4VESH,HGST_20HUH721212ALN604,LSTM,0.11,0,2558,127,0.049648162627052385
AAG4Z4YH,HGST_20HUH721212ALN604,LSTM,0.11,0,2558,0,0.0
AAG4Z52H,HGST_20HUH721212ALN604,LSTM,0.11,0,2558,0,0.0
AAG4Z5AH,HGST_20HUH721212ALN604,LSTM,0.11,1,2261,33,0.0145953118089341
AAG4ZABH,HGST_20HUH721212ALN604,LSTM,0.11,0,2558,0,0.0
AAG51RHH,HGST_20HUH721212ALN604,LSTM,0.11,0,2613,0,0.0
AAG540GH,HGST_20HUH721212ALN604,LSTM,0.11,0,2531,0,0.0
AAG5DTTH,HGST_20HUH721212ALN604,LSTM,0.11,0,2531,0,0.0
AAG5Y4DH,HGST_20HUH721212ALN604,LSTM,0.11,0,2613,0,0.0
AAG5Y4LH,HGST_20HUH721212ALN604,LSTM,0.11,0,2613,0,0.0
AAG5Y4TH,HGST_20HUH721212ALN604,LSTM,0.11,0,2613,0,0.0
AAG5Y4UH,HGST_20HUH721212ALN604,LSTM,0.11,0,2613,0,0.0
AAG5Y5UH,HGST_20HUH721212ALN604,LSTM,0.11,0,2613,0,0.0
AAG5YJ4H,HGST_20HUH721212ALN604,LSTM,0.11,0,2531,0,0.0
AAG5YLKH,HGST_20HUH721212ALN604,LSTM,0.11,0,2558,0,0.0
AAG5YYBH,HGST_20HUH721212ALN604,LSTM,0.11,0,2613,0,0.0
AAG5YYKH,HGST_20HUH721212ALN604,LSTM,0.11,1,2444,0,0.0
AAG5YZ8H,HGST_20HUH721212ALN604,LSTM,0.11,0,2531,0,0.0
AAG5YZZH,HGST_20HUH721212ALN604,LSTM,0.11,1,2344,0,0.0
AAG613MH,HGST_20HUH721212ALN604,LSTM,0.11,0,2613,0,0.0
AAG613RH,HGST_20HUH721212ALN604,LSTM,0.11,1,2345,0,0.0
AAG61KPH,HGST_20HUH721212ALN604,LSTM,0.11,0,2531,0,0.0
AAG61LHH,HGST_20HUH721212ALN604,LSTM,0.11,1,1905,142,0.07454068241469816
AAG61NEH,HGST_20HUH721212ALN604,LSTM,0.11,0,2613,0,0.0
AAG61NZH,HGST_20HUH721212ALN604,LSTM,0.11,0,2531,0,0.0
AAG61P2H,HGST_20HUH721212ALN604,LSTM,0.11,0,2558,0,0.0
AAG61UMH,HGST_20HUH721212ALN604,LSTM,0.11,0,2613,0,0.0
AAG61WRH,HGST_20HUH721212ALN604,LSTM,0.11,0,2558,0,0.0
AAG61Z1H,HGST_20HUH721212ALN604,LSTM,0.11,0,2613,0,0.0
AAG61ZAH,HGST_20HUH721212ALN604,LSTM,0.11,0,2558,0,0.0
AAG620PH,HGST_20HUH721212ALN604,LSTM,0.11,0,2531,0,0.0
AAG621WH,HGST_20HUH721212ALN604,LSTM,0.11,0,2613,0,0.0
AAG623DH,HGST_20HUH721212ALN604,LSTM,0.11,0,2613,0,0.0
AAG6376H,HGST_20HUH721212ALN604,LSTM,0.11,0,2531,0,0.0
AAG637RH,HGST_20HUH721212ALN604,LSTM,0.11,1,1233,0,0.0
AAG6381H,HGST_20HUH721212ALN604,LSTM,0.11,0,2613,0,0.0
AAG638GH,HGST_20HUH721212ALN604,LSTM,0.11,0,2613,0,0.0
AAG639BH,HGST_20HUH721212ALN604,LSTM,0.11,0,2613,0,0.0
AAG63DLH,HGST_20HUH721212ALN604,LSTM,0.11,0,2527,0,0.0
AAG63JSH,HGST_20HUH721212ALN604,LSTM,0.11,0,2558,0,0.0
AAG63PJH,HGST_20HUH721212ALN604,LSTM,0.11,0,2531,0,0.0
AAG63PKH,HGST_20HUH721212ALN604,LSTM,0.11,1,1179,11,0.009329940627650551
AAG63PLH,HGST_20HUH721212ALN604,LSTM,0.11,0,2558,0,0.0
AAG63RGH,HGST_20HUH721212ALN604,LSTM,0.11,0,2558,0,0.0
AAG63TMH,HGST_20HUH721212ALN604,LSTM,0.11,1,2374,329,0.13858466722830665
AAG63TSH,HGST_20HUH721212ALN604,LSTM,0.11,0,2531,0,0.0
AAG63V6H,HGST_20HUH721212ALN604,LSTM,0.11,0,2531,0,0.0
AAG63WHH,HGST_20HUH721212ALN604,LSTM,0.11,1,2522,1,0.0003965107057890563
AAG63Z8H,HGST_20HUH721212ALN604,LSTM,0.11,1,2404,13,0.005407653910149751
AAG6417H,HGST_20HUH721212ALN604,LSTM,0.11,1,1925,3,0.0015584415584415584
AAG6436H,HGST_20HUH721212ALN604,LSTM,0.11,0,2466,0,0.0
AAG64VXH,HGST_20HUH721212ALN604,LSTM,0.11,0,2613,0,0.0
AAG6509H,HGST_20HUH721212ALN604,LSTM,0.11,0,2531,0,0.0
AAG67UZH,HGST_20HUH721212ALN604,LSTM,0.11,0,2531,0,0.0
AAG67V3H,HGST_20HUH721212ALN604,LSTM,0.11,1,2304,0,0.0
AAG67VBH,HGST_20HUH721212ALN604,LSTM,0.11,0,2531,0,0.0
AAG67W3H,HGST_20HUH721212ALN604,LSTM,0.11,0,2558,0,0.0
AAG67Z8H,HGST_20HUH721212ALN604,LSTM,0.11,0,2466,0,0.0
AAG682YH,HGST_20HUH721212ALN604,LSTM,0.11,1,1926,141,0.07320872274143302
AAG683JH,HGST_20HUH721212ALN604,LSTM,0.11,0,2558,0,0.0
AAG686GH,HGST_20HUH721212ALN604,LSTM,0.11,0,2558,0,0.0
AAG6870H,HGST_20HUH721212ALN604,LSTM,0.11,0,2613,0,0.0
AAG6878H,HGST_20HUH721212ALN604,LSTM,0.11,0,2613,0,0.0
AAG687GH,HGST_20HUH721212ALN604,LSTM,0.11,0,2558,0,0.0
AAG687MH,HGST_20HUH721212ALN604,LSTM,0.11,0,2531,0,0.0
AAG68AGH,HGST_20HUH721212ALN604,LSTM,0.11,0,2466,0,0.0
AAG68AKH,HGST_20HUH721212ALN604,LSTM,0.11,0,2552,0,0.0
AAG68AUH,HGST_20HUH721212ALN604,LSTM,0.11,0,2613,0,0.0
AAG68AXH,HGST_20HUH721212ALN604,LSTM,0.11,0,2531,0,0.0
AAG68BRH,HGST_20HUH721212ALN604,LSTM,0.11,0,2608,0,0.0
AAG68EWH,HGST_20HUH721212ALN604,LSTM,0.11,1,1548,0,0.0
AAG68EXH,HGST_20HUH721212ALN604,LSTM,0.11,1,1993,0,0.0
AAG68KVH,HGST_20HUH721212ALN604,LSTM,0.11,0,2613,0,0.0
AAG691PH,HGST_20HUH721212ALN604,LSTM,0.11,0,2466,0,0.0
AAG691VH,HGST_20HUH721212ALN604,LSTM,0.11,0,2613,0,0.0
AAG69LHH,HGST_20HUH721212ALN604,LSTM,0.11,0,2466,0,0.0
AAG69TTH,HGST_20HUH721212ALN604,LSTM,0.11,0,2558,0,0.0
AAG69WWH,HGST_20HUH721212ALN604,LSTM,0.11,0,2613,0,0.0
AAG69YWH,HGST_20HUH721212ALN604,LSTM,0.11,0,2558,0,0.0
AAG6A03H,HGST_20HUH721212ALN604,LSTM,0.11,0,2558,0,0.0
AAG6A07H,HGST_20HUH721212ALN604,LSTM,0.11,0,2558,0,0.0
AAG6A0AH,HGST_20HUH721212ALN604,LSTM,0.11,0,2613,0,0.0
AAG6AATH,HGST_20HUH721212ALN604,LSTM,0.11,0,2466,0,0.0
AAG6AV4H,HGST_20HUH721212ALN604,LSTM,0.11,0,2558,0,0.0
AAG6AWTH,HGST_20HUH721212ALN604,LSTM,0.11,1,1930,0,0.0
AAG6AX6H,HGST_20HUH721212ALN604,LSTM,0.11,0,2513,0,0.0
AAG6B4HH,HGST_20HUH721212ALN604,LSTM,0.11,0,2531,0,0.0
AAG6B5KH,HGST_20HUH721212ALN604,LSTM,0.11,0,2531,0,0.0
AAG6DT9H,HGST_20HUH721212ALN604,LSTM,0.11,1,56,0,0.0
AAG6DVEH,HGST_20HUH721212ALN604,LSTM,0.11,0,2558,0,0.0
AAG6DXTH,HGST_20HUH721212ALN604,LSTM,0.11,0,2613,0,0.0
AAG6E2HH,HGST_20HUH721212ALN604,LSTM,0.11,0,2531,0,0.0
AAG6E60H,HGST_20HUH721212ALN604,LSTM,0.11,0,2558,0,0.0
AAG6E7EH,HGST_20HUH721212ALN604,LSTM,0.11,0,2531,0,0.0
AAG6E7RH,HGST_20HUH721212ALN604,LSTM,0.11,0,2552,0,0.0
AAG6ESPH,HGST_20HUH721212ALN604,LSTM,0.11,0,2613,0,0.0
AAG6EVRH,HGST_20HUH721212ALN604,LSTM,0.11,0,2613,0,0.0
AAG6EX3H,HGST_20HUH721212ALN604,LSTM,0.11,0,2613,0,0.0
AAG6GM1H,HGST_20HUH721212ALN604,LSTM,0.11,0,2531,0,0.0
AAG6H25H,HGST_20HUH721212ALN604,LSTM,0.11,0,2558,0,0.0
AAG6HG0H,HGST_20HUH721212ALN604,LSTM,0.11,0,2552,0,0.0
AAG6HSEH,HGST_20HUH721212ALN604,LSTM,0.11,0,2558,0,0.0
AAG6HYXH,HGST_20HUH721212ALN604,LSTM,0.11,0,2558,0,0.0
AAG6J1MH,HGST_20HUH721212ALN604,LSTM,0.11,0,2613,0,0.0
AAG6J1TH,HGST_20HUH721212ALN604,LSTM,0.11,1,2396,0,0.0
AAG6J2DH,HGST_20HUH721212ALN604,LSTM,0.11,1,1743,0,0.0
AAG6J2KH,HGST_20HUH721212ALN604,LSTM,0.11,1,1749,323,0.18467695826186392
AAG6KJ6H,HGST_20HUH721212ALN604,LSTM,0.11,0,2531,0,0.0
AAG6KJPH,HGST_20HUH721212ALN604,LSTM,0.11,0,2531,0,0.0
AAG6KTJH,HGST_20HUH721212ALN604,LSTM,0.11,0,2558,0,0.0
AAG6KTRH,HGST_20HUH721212ALN604,LSTM,0.11,0,2613,0,0.0
AAG6KUAH,HGST_20HUH721212ALN604,LSTM,0.11,0,2580,8,0.0031007751937984496
AAG6KUJH,HGST_20HUH721212ALN604,LSTM,0.11,0,2558,0,0.0
AAG6KV6H,HGST_20HUH721212ALN604,LSTM,0.11,1,1003,0,0.0
AAG6L88H,HGST_20HUH721212ALN604,LSTM,0.11,0,2531,0,0.0
AAG6L8VH,HGST_20HUH721212ALN604,LSTM,0.11,0,2531,0,0.0
AAG6LD7H,HGST_20HUH721212ALN604,LSTM,0.11,1,2300,0,0.0
AAG6LDTH,HGST_20HUH721212ALN604,LSTM,0.11,0,2531,0,0.0
AAG6LEHH,HGST_20HUH721212ALN604,LSTM,0.11,0,2552,0,0.0
AAG6LEJH,HGST_20HUH721212ALN604,LSTM,0.11,0,2558,0,0.0
AAG6LG9H,HGST_20HUH721212ALN604,LSTM,0.11,0,2613,0,0.0
AAG6LTSH,HGST_20HUH721212ALN604,LSTM,0.11,0,2558,0,0.0
AAG6M3BH,HGST_20HUH721212ALN604,LSTM,0.11,0,2558,0,0.0
AAG6M8TH,HGST_20HUH721212ALN604,LSTM,0.11,0,2613,0,0.0
AAG6MABH,HGST_20HUH721212ALN604,LSTM,0.11,0,2494,0,0.0
AAG6NEEH,HGST_20HUH721212ALN604,LSTM,0.11,0,2531,0,0.0
AAG6NP0H,HGST_20HUH721212ALN604,LSTM,0.11,1,2033,179,0.08804722085587802
AAG6NPRH,HGST_20HUH721212ALN604,LSTM,0.11,1,2540,1,0.0003937007874015748
AAG6NRBH,HGST_20HUH721212ALN604,LSTM,0.11,1,1926,70,0.036344755970924195
AAG6NRZH,HGST_20HUH721212ALN604,LSTM,0.11,0,2531,0,0.0
AAG6NS8H,HGST_20HUH721212ALN604,LSTM,0.11,0,2069,0,0.0
AAG6NSKH,HGST_20HUH721212ALN604,LSTM,0.11,0,2613,0,0.0
AAG6NVKH,HGST_20HUH721212ALN604,LSTM,0.11,0,2613,0,0.0
AAG6NW3H,HGST_20HUH721212ALN604,LSTM,0.11,0,2466,0,0.0
AAG6P40H,HGST_20HUH721212ALN604,LSTM,0.11,0,2613,0,0.0
AAG6P42H,HGST_20HUH721212ALN604,LSTM,0.11,0,2558,0,0.0
AAG6P4EH,HGST_20HUH721212ALN604,LSTM,0.11,0,2531,0,0.0
AAG6P9AH,HGST_20HUH721212ALN604,LSTM,0.11,0,2558,0,0.0
AAG6PWBH,HGST_20HUH721212ALN604,LSTM,0.11,0,2558,0,0.0
AAG6PY2H,HGST_20HUH721212ALN604,LSTM,0.11,0,2613,0,0.0
AAG6PYLH,HGST_20HUH721212ALN604,LSTM,0.11,0,2466,0,0.0
AAG6R0AH,HGST_20HUH721212ALN604,LSTM,0.11,0,2466,0,0.0
AAG6R2RH,HGST_20HUH721212ALN604,LSTM,0.11,0,2558,0,0.0
AAG6R32H,HGST_20HUH721212ALN604,LSTM,0.11,0,2558,0,0.0
AAG6R48H,HGST_20HUH721212ALN604,LSTM,0.11,0,2531,0,0.0
AAG6R8UH,HGST_20HUH721212ALN604,LSTM,0.11,0,2531,0,0.0
AAG6T4ZH,HGST_20HUH721212ALN604,LSTM,0.11,0,2531,0,0.0
AAG6T52H,HGST_20HUH721212ALN604,LSTM,0.11,1,1471,0,0.0
AAG6T55H,HGST_20HUH721212ALN604,LSTM,0.11,0,2466,0,0.0
AAG6T5JH,HGST_20HUH721212ALN604,LSTM,0.11,0,2482,0,0.0
AAG6T7LH,HGST_20HUH721212ALN604,LSTM,0.11,0,2558,0,0.0
AAG6T9NH,HGST_20HUH721212ALN604,LSTM,0.11,0,2466,0,0.0
AAG6TA8H,HGST_20HUH721212ALN604,LSTM,0.11,0,2613,0,0.0
AAG6TAHH,HGST_20HUH721212ALN604,LSTM,0.11,0,2466,0,0.0
AAG6TAKH,HGST_20HUH721212ALN604,LSTM,0.11,0,2466,0,0.0
AAG6TBBH,HGST_20HUH721212ALN604,LSTM,0.11,0,2531,0,0.0
AAG6TBJH,HGST_20HUH721212ALN604,LSTM,0.11,0,2613,0,0.0
AAG6THHH,HGST_20HUH721212ALN604,LSTM,0.11,0,2466,0,0.0
AAG6THJH,HGST_20HUH721212ALN604,LSTM,0.11,0,2466,0,0.0
AAG6THLH,HGST_20HUH721212ALN604,LSTM,0.11,0,2494,0,0.0
AAG6TRKH,HGST_20HUH721212ALN604,LSTM,0.11,0,2494,0,0.0
AAG6TS8H,HGST_20HUH721212ALN604,LSTM,0.11,0,2466,0,0.0
AAG6TSUH,HGST_20HUH721212ALN604,LSTM,0.11,0,2531,0,0.0
AAG6TT1H,HGST_20HUH721212ALN604,LSTM,0.11,0,2482,0,0.0
AAG6TT9H,HGST_20HUH721212ALN604,LSTM,0.11,0,2531,0,0.0
AAG6TTNH,HGST_20HUH721212ALN604,LSTM,0.11,0,2613,0,0.0
AAG6TUVH,HGST_20HUH721212ALN604,LSTM,0.11,0,2466,0,0.0
AAG6TVPH,HGST_20HUH721212ALN604,LSTM,0.11,0,2531,0,0.0
AAG6TY4H,HGST_20HUH721212ALN604,LSTM,0.11,0,2466,0,0.0
AAG6U5AH,HGST_20HUH721212ALN604,LSTM,0.11,0,2558,0,0.0
AAG6UKNH,HGST_20HUH721212ALN604,LSTM,0.11,0,2531,0,0.0
AAG6UMGH,HGST_20HUH721212ALN604,LSTM,0.11,0,2613,0,0.0
AAG6UMJH,HGST_20HUH721212ALN604,LSTM,0.11,0,2613,0,0.0
AAG6UNKH,HGST_20HUH721212ALN604,LSTM,0.11,0,2459,0,0.0
AAG6US4H,HGST_20HUH721212ALN604,LSTM,0.11,0,2558,0,0.0
AAG6UT0H,HGST_20HUH721212ALN604,LSTM,0.11,0,2466,0,0.0
AAG6UU8H,HGST_20HUH721212ALN604,LSTM,0.11,0,2613,0,0.0
AAG6UZTH,HGST_20HUH721212ALN604,LSTM,0.11,0,2531,0,0.0
AAG6V1MH,HGST_20HUH721212ALN604,LSTM,0.11,0,2531,0,0.0
AAG6V71H,HGST_20HUH721212ALN604,LSTM,0.11,0,2558,0,0.0
AAG6V7DH,HGST_20HUH721212ALN604,LSTM,0.11,0,2558,0,0.0
AAG6V7VH,HGST_20HUH721212ALN604,LSTM,0.11,0,2558,0,0.0
AAG6VHXH,HGST_20HUH721212ALN604,LSTM,0.11,0,2466,0,0.0
AAG6VJKH,HGST_20HUH721212ALN604,LSTM,0.11,0,2531,0,0.0
AAG6VM8H,HGST_20HUH721212ALN604,LSTM,0.11,0,2531,0,0.0
AAG6VMBH,HGST_20HUH721212ALN604,LSTM,0.11,0,2558,0,0.0
AAG6VMGH,HGST_20HUH721212ALN604,LSTM,0.11,0,2558,0,0.0
AAG6X6JH,HGST_20HUH721212ALN604,LSTM,0.11,0,2531,0,0.0
AAG6XU7H,HGST_20HUH721212ALN604,LSTM,0.11,1,386,43,0.11139896373056994
AAG6XWGH,HGST_20HUH721212ALN604,LSTM,0.11,0,2558,0,0.0
AAG6XWJH,HGST_20HUH721212ALN604,LSTM,0.11,1,2200,17,0.007727272727272728
AAG6XXWH,HGST_20HUH721212ALN604,LSTM,0.11,0,2613,0,0.0
AAG6XYBH,HGST_20HUH721212ALN604,LSTM,0.11,0,2466,0,0.0
AAG6XYNH,HGST_20HUH721212ALN604,LSTM,0.11,0,2466,0,0.0
AAG6XZ6H,HGST_20HUH721212ALN604,LSTM,0.11,0,2531,0,0.0
AAG6XZNH,HGST_20HUH721212ALN604,LSTM,0.11,0,2466,0,0.0
AAG6Y0GH,HGST_20HUH721212ALN604,LSTM,0.11,0,2558,0,0.0
AAG6Y0KH,HGST_20HUH721212ALN604,LSTM,0.11,0,2613,0,0.0
AAG6Y1BH,HGST_20HUH721212ALN604,LSTM,0.11,0,2558,0,0.0
AAG6Y3LH,HGST_20HUH721212ALN604,LSTM,0.11,0,2531,0,0.0
AAG6Y3UH,HGST_20HUH721212ALN604,LSTM,0.11,0,2466,0,0.0
AAG6Y41H,HGST_20HUH721212ALN604,LSTM,0.11,0,2613,0,0.0
AAG6Y46H,HGST_20HUH721212ALN604,LSTM,0.11,0,2466,0,0.0
AAG6YZ1H,HGST_20HUH721212ALN604,LSTM,0.11,0,2531,0,0.0
AAG6YZ9H,HGST_20HUH721212ALN604,LSTM,0.11,0,2613,0,0.0
AAG6Z0DH,HGST_20HUH721212ALN604,LSTM,0.11,0,2613,0,0.0
AAG6Z17H,HGST_20HUH721212ALN604,LSTM,0.11,0,2466,0,0.0
AAG6Z1MH,HGST_20HUH721212ALN604,LSTM,0.11,0,2558,0,0.0
AAG6Z1XH,HGST_20HUH721212ALN604,LSTM,0.11,0,2558,0,0.0
AAG6Z2DH,HGST_20HUH721212ALN604,LSTM,0.11,0,2558,0,0.0
AAG6Z2RH,HGST_20HUH721212ALN604,LSTM,0.11,0,2466,0,0.0
AAG6Z42H,HGST_20HUH721212ALN604,LSTM,0.11,1,2151,0,0.0
AAG6Z4VH,HGST_20HUH721212ALN604,LSTM,0.11,0,2558,0,0.0
AAG6Z53H,HGST_20HUH721212ALN604,LSTM,0.11,0,2482,0,0.0
AAG6ZJ9H,HGST_20HUH721212ALN604,LSTM,0.11,0,2558,0,0.0
AAG705GH,HGST_20HUH721212ALN604,LSTM,0.11,0,2558,0,0.0
AAG7078H,HGST_20HUH721212ALN604,LSTM,0.11,0,2494,0,0.0
AAG70HDH,HGST_20HUH721212ALN604,LSTM,0.11,0,2613,0,0.0
AAG70JEH,HGST_20HUH721212ALN604,LSTM,0.11,0,2466,0,0.0
AAG70U9H,HGST_20HUH721212ALN604,LSTM,0.11,0,2613,0,0.0
AAG73ZWH,HGST_20HUH721212ALN604,LSTM,0.11,0,2613,0,0.0
AAG73ZZH,HGST_20HUH721212ALN604,LSTM,0.11,0,2531,0,0.0
AAG740EH,HGST_20HUH721212ALN604,LSTM,0.11,0,2613,0,0.0
AAG740NH,HGST_20HUH721212ALN604,LSTM,0.11,0,2466,0,0.0
AAG740WH,HGST_20HUH721212ALN604,LSTM,0.11,0,2558,0,0.0
AAG740YH,HGST_20HUH721212ALN604,LSTM,0.11,0,2527,0,0.0
AAG741PH,HGST_20HUH721212ALN604,LSTM,0.11,0,2531,0,0.0
AAG742EH,HGST_20HUH721212ALN604,LSTM,0.11,0,2531,0,0.0
AAG742JH,HGST_20HUH721212ALN604,LSTM,0.11,0,2466,0,0.0
AAG742WH,HGST_20HUH721212ALN604,LSTM,0.11,0,2613,0,0.0
AAG7431H,HGST_20HUH721212ALN604,LSTM,0.11,0,2613,0,0.0
AAG743EH,HGST_20HUH721212ALN604,LSTM,0.11,0,2466,0,0.0
AAG743UH,HGST_20HUH721212ALN604,LSTM,0.11,0,2613,0,0.0
AAG743VH,HGST_20HUH721212ALN604,LSTM,0.11,0,2613,0,0.0
AAG7454H,HGST_20HUH721212ALN604,LSTM,0.11,0,2531,0,0.0
AAG74DKH,HGST_20HUH721212ALN604,LSTM,0.11,0,2494,0,0.0
AAG74EAH,HGST_20HUH721212ALN604,LSTM,0.11,1,2277,703,0.30873956960913485
AAG74EBH,HGST_20HUH721212ALN604,LSTM,0.11,0,2531,0,0.0
AAG74EYH,HGST_20HUH721212ALN604,LSTM,0.11,0,2466,0,0.0
AAG74EZH,HGST_20HUH721212ALN604,LSTM,0.11,0,2466,0,0.0
AAG74VHH,HGST_20HUH721212ALN604,LSTM,0.11,0,2558,0,0.0
AAG74WRH,HGST_20HUH721212ALN604,LSTM,0.11,0,2466,0,0.0
AAG76HYH,HGST_20HUH721212ALN604,LSTM,0.11,1,944,31,0.03283898305084746
AAG77A5H,HGST_20HUH721212ALN604,LSTM,0.11,0,2466,0,0.0
AAG799NH,HGST_20HUH721212ALN604,LSTM,0.11,0,2558,0,0.0
AAG79B0H,HGST_20HUH721212ALN604,LSTM,0.11,0,2531,0,0.0
AAG7A8EH,HGST_20HUH721212ALN604,LSTM,0.11,0,2466,0,0.0
AAG7A9KH,HGST_20HUH721212ALN604,LSTM,0.11,0,2613,0,0.0
AAG7ADMH,HGST_20HUH721212ALN604,LSTM,0.11,0,2482,0,0.0
AAG7AGWH,HGST_20HUH721212ALN604,LSTM,0.11,0,2494,0,0.0
AAG7AHMH,HGST_20HUH721212ALN604,LSTM,0.11,0,2466,0,0.0
AAG7BP3H,HGST_20HUH721212ALN604,LSTM,0.11,0,2466,0,0.0
AAG7BPKH,HGST_20HUH721212ALN604,LSTM,0.11,0,2466,0,0.0
AAG7BRGH,HGST_20HUH721212ALN604,LSTM,0.11,0,2613,0,0.0
AAG7BS8H,HGST_20HUH721212ALN604,LSTM,0.11,0,2558,0,0.0
AAG7BWAH,HGST_20HUH721212ALN604,LSTM,0.11,0,2531,0,0.0
AAG7D1SH,HGST_20HUH721212ALN604,LSTM,0.11,0,2466,0,0.0
AAG7D29H,HGST_20HUH721212ALN604,LSTM,0.11,0,2531,0,0.0
AAG7D2PH,HGST_20HUH721212ALN604,LSTM,0.11,0,2466,0,0.0
AAG7D48H,HGST_20HUH721212ALN604,LSTM,0.11,0,2466,0,0.0
AAG7D4DH,HGST_20HUH721212ALN604,LSTM,0.11,0,2558,0,0.0
AAG7D85H,HGST_20HUH721212ALN604,LSTM,0.11,0,2466,0,0.0
AAG7DPYH,HGST_20HUH721212ALN604,LSTM,0.11,0,2558,0,0.0
AAG7DRDH,HGST_20HUH721212ALN604,LSTM,0.11,0,2558,0,0.0
AAG7DS9H,HGST_20HUH721212ALN604,LSTM,0.11,0,2558,0,0.0
AAG7DW0H,HGST_20HUH721212ALN604,LSTM,0.11,0,2494,0,0.0
AAG7E1MH,HGST_20HUH721212ALN604,LSTM,0.11,0,2558,0,0.0
AAG7E1PH,HGST_20HUH721212ALN604,LSTM,0.11,0,2613,0,0.0
AAG7E2HH,HGST_20HUH721212ALN604,LSTM,0.11,0,2558,0,0.0
AAG7LG4H,HGST_20HUH721212ALN604,LSTM,0.11,0,2558,0,0.0
AAG7LG7H,HGST_20HUH721212ALN604,LSTM,0.11,0,2482,0,0.0
AAG7LHYH,HGST_20HUH721212ALN604,LSTM,0.11,0,2531,0,0.0
AAG7LNAH,HGST_20HUH721212ALN604,LSTM,0.11,0,2466,0,0.0
AAG7LSWH,HGST_20HUH721212ALN604,LSTM,0.11,0,2613,0,0.0
AAG7LTHH,HGST_20HUH721212ALN604,LSTM,0.11,1,1946,0,0.0
AAG7LZEH,HGST_20HUH721212ALN604,LSTM,0.11,0,2558,0,0.0
AAG7M25H,HGST_20HUH721212ALN604,LSTM,0.11,0,2466,0,0.0
AAG7M3NH,HGST_20HUH721212ALN604,LSTM,0.11,0,2466,0,0.0
AAG7M3TH,HGST_20HUH721212ALN604,LSTM,0.11,0,2531,0,0.0
AAG7MMDH,HGST_20HUH721212ALN604,LSTM,0.11,0,2482,0,0.0
AAG7MP8H,HGST_20HUH721212ALN604,LSTM,0.11,0,2466,0,0.0
AAG7MULH,HGST_20HUH721212ALN604,LSTM,0.11,1,2554,29,0.011354737666405637
AAG7MUNH,HGST_20HUH721212ALN604,LSTM,0.11,0,823,0,0.0
AAG7MVMH,HGST_20HUH721212ALN604,LSTM,0.11,0,2558,0,0.0
AAG7N3ZH,HGST_20HUH721212ALN604,LSTM,0.11,0,2531,0,0.0
AAG7N5WH,HGST_20HUH721212ALN604,LSTM,0.11,0,2531,0,0.0
AAG7N62H,HGST_20HUH721212ALN604,LSTM,0.11,0,2466,0,0.0
AAG7N63H,HGST_20HUH721212ALN604,LSTM,0.11,0,2531,0,0.0
AAG7N6MH,HGST_20HUH721212ALN604,LSTM,0.11,0,2494,0,0.0
AAG7PPHH,HGST_20HUH721212ALN604,LSTM,0.11,1,2390,0,0.0
AAG7R02H,HGST_20HUH721212ALN604,LSTM,0.11,0,2466,0,0.0
AAG7R5VH,HGST_20HUH721212ALN604,LSTM,0.11,0,2466,0,0.0
AAG7R93H,HGST_20HUH721212ALN604,LSTM,0.11,0,2466,0,0.0
AAG7RA1H,HGST_20HUH721212ALN604,LSTM,0.11,0,2613,0,0.0
AAG7RAMH,HGST_20HUH721212ALN604,LSTM,0.11,0,2558,0,0.0
AAG7RBDH,HGST_20HUH721212ALN604,LSTM,0.11,0,2494,0,0.0
AAG90D8H,HGST_20HUH721212ALN604,LSTM,0.11,0,2494,0,0.0
AAG9VK6H,HGST_20HUH721212ALN604,LSTM,0.11,0,2558,0,0.0
AAGA4YNH,HGST_20HUH721212ALN604,LSTM,0.11,0,2466,0,0.0
AAGA7W1H,HGST_20HUH721212ALN604,LSTM,0.11,1,1503,0,0.0
AAGA9E3H,HGST_20HUH721212ALN604,LSTM,0.11,0,2494,0,0.0
AAGH3VWH,HGST_20HUH721212ALN604,LSTM,0.11,0,2471,0,0.0
AAGMU4TH,HGST_20HUH721212ALN604,LSTM,0.11,0,2494,0,0.0
AAGN9D2H,HGST_20HUH721212ALN604,LSTM,0.11,1,1598,0,0.0
AAGP62KH,HGST_20HUH721212ALN604,LSTM,0.11,0,2466,0,0.0
AAGUS87H,HGST_20HUH721212ALN604,LSTM,0.11,0,2393,0,0.0
AAGVX4UH,HGST_20HUH721212ALN604,LSTM,0.11,0,2494,0,0.0
AAGWTB0H,HGST_20HUH721212ALN604,LSTM,0.11,0,2455,0,0.0
AAGXDBZH,HGST_20HUH721212ALN604,LSTM,0.11,0,2482,33,0.01329572925060435
AAGXLP2H,HGST_20HUH721212ALN604,LSTM,0.11,0,2466,0,0.0
AAGXMJSH,HGST_20HUH721212ALN604,LSTM,0.11,0,2494,0,0.0
AAGXU8YH,HGST_20HUH721212ALN604,LSTM,0.11,0,2482,0,0.0
AAGXUBRH,HGST_20HUH721212ALN604,LSTM,0.11,0,2494,0,0.0
AAGXV97H,HGST_20HUH721212ALN604,LSTM,0.11,0,719,0,0.0
AAGXW8VH,HGST_20HUH721212ALN604,LSTM,0.11,0,2393,0,0.0
AAGXWUWH,HGST_20HUH721212ALN604,LSTM,0.11,0,2494,0,0.0
AAGXY3MH,HGST_20HUH721212ALN604,LSTM,0.11,1,2156,0,0.0
AAH22T7H,HGST_20HUH721212ALN604,LSTM,0.11,0,2494,0,0.0
AAH4NTGH,HGST_20HUH721212ALN604,LSTM,0.11,0,2494,0,0.0
AAH6DU2H,HGST_20HUH721212ALN604,LSTM,0.11,0,2386,120,0.050293378038558254
AAH78SAH,HGST_20HUH721212ALN604,LSTM,0.11,0,2494,0,0.0
AAH7HJSH,HGST_20HUH721212ALN604,LSTM,0.11,0,2494,0,0.0
AAH7HKHH,HGST_20HUH721212ALN604,LSTM,0.11,0,2494,0,0.0
AAH7HNDH,HGST_20HUH721212ALN604,LSTM,0.11,0,2494,0,0.0
AAH7X19H,HGST_20HUH721212ALN604,LSTM,0.11,0,2494,0,0.0
AAH86SEH,HGST_20HUH721212ALN604,LSTM,0.11,0,2494,0,0.0
AAH8BLDH,HGST_20HUH721212ALN604,LSTM,0.11,0,2494,0,0.0
AAH8HPVH,HGST_20HUH721212ALN604,LSTM,0.11,0,2494,0,0.0
AAH8LPUH,HGST_20HUH721212ALN604,LSTM,0.11,0,2494,0,0.0
AAH8P7WH,HGST_20HUH721212ALN604,LSTM,0.11,0,2471,0,0.0
AAH8R0LH,HGST_20HUH721212ALN604,LSTM,0.11,0,2494,0,0.0
AAH8RG4H,HGST_20HUH721212ALN604,LSTM,0.11,0,2494,0,0.0
AAH8V76H,HGST_20HUH721212ALN604,LSTM,0.11,0,2494,0,0.0
AAH8V7KH,HGST_20HUH721212ALN604,LSTM,0.11,0,2494,0,0.0
AAH90NAH,HGST_20HUH721212ALN604,LSTM,0.11,1,1447,0,0.0
AAH919BH,HGST_20HUH721212ALN604,LSTM,0.11,0,2494,0,0.0
AAH9285H,HGST_20HUH721212ALN604,LSTM,0.11,0,2494,0,0.0
AAH92GHH,HGST_20HUH721212ALN604,LSTM,0.11,0,2494,0,0.0
AAH92HRH,HGST_20HUH721212ALN604,LSTM,0.11,0,2494,0,0.0
AAH92JGH,HGST_20HUH721212ALN604,LSTM,0.11,0,2494,0,0.0
AAH92V3H,HGST_20HUH721212ALN604,LSTM,0.11,0,2494,0,0.0
AAH9301H,HGST_20HUH721212ALN604,LSTM,0.11,1,1695,0,0.0
AAH9305H,HGST_20HUH721212ALN604,LSTM,0.11,0,2494,0,0.0
AAH9307H,HGST_20HUH721212ALN604,LSTM,0.11,1,1437,0,0.0
AAH93MDH,HGST_20HUH721212ALN604,LSTM,0.11,0,2494,0,0.0
AAH93RZH,HGST_20HUH721212ALN604,LSTM,0.11,0,2494,0,0.0
AAH953TH,HGST_20HUH721212ALN604,LSTM,0.11,0,2494,0,0.0
AAH9618H,HGST_20HUH721212ALN604,LSTM,0.11,0,2494,0,0.0
AAH9689H,HGST_20HUH721212ALN604,LSTM,0.11,0,2494,0,0.0
AAH96AUH,HGST_20HUH721212ALN604,LSTM,0.11,0,2494,0,0.0
AAH97BZH,HGST_20HUH721212ALN604,LSTM,0.11,0,2346,0,0.0
AAH99PNH,HGST_20HUH721212ALN604,LSTM,0.11,0,2494,0,0.0
AAH9BERH,HGST_20HUH721212ALN604,LSTM,0.11,0,2494,0,0.0
AAHAS1MH,HGST_20HUH721212ALN604,LSTM,0.11,0,2471,0,0.0
AAHAS9TH,HGST_20HUH721212ALN604,LSTM,0.11,0,2471,0,0.0
AAHB6YXH,HGST_20HUH721212ALN604,LSTM,0.11,0,2471,0,0.0
AAHB8Z9H,HGST_20HUH721212ALN604,LSTM,0.11,0,2471,0,0.0
AAHBKUHH,HGST_20HUH721212ALN604,LSTM,0.11,0,2471,0,0.0
AAHD7S9H,HGST_20HUH721212ALN604,LSTM,0.11,0,2479,0,0.0
AAHDJD5H,HGST_20HUH721212ALN604,LSTM,0.11,0,2471,0,0.0
AAHDJDSH,HGST_20HUH721212ALN604,LSTM,0.11,0,2471,0,0.0
AAHDJH3H,HGST_20HUH721212ALN604,LSTM,0.11,0,2459,0,0.0
AAHDUS5H,HGST_20HUH721212ALN604,LSTM,0.11,0,2471,0,0.0
AAHDUT6H,HGST_20HUH721212ALN604,LSTM,0.11,0,2471,0,0.0
AAHDYR0H,HGST_20HUH721212ALN604,LSTM,0.11,0,2471,0,0.0
AAHE23AH,HGST_20HUH721212ALN604,LSTM,0.11,0,2471,0,0.0
AAHE4SAH,HGST_20HUH721212ALN604,LSTM,0.11,0,2471,0,0.0
AAHEAGWH,HGST_20HUH721212ALN604,LSTM,0.11,0,2471,0,0.0
AAHEAHLH,HGST_20HUH721212ALN604,LSTM,0.11,0,2471,0,0.0
AAHED32H,HGST_20HUH721212ALN604,LSTM,0.11,0,2471,0,0.0
AAHED3GH,HGST_20HUH721212ALN604,LSTM,0.11,0,2471,0,0.0
AAHED8NH,HGST_20HUH721212ALN604,LSTM,0.11,0,2463,0,0.0
AAHED98H,HGST_20HUH721212ALN604,LSTM,0.11,0,2471,0,0.0
AAHEEVKH,HGST_20HUH721212ALN604,LSTM,0.11,0,2471,0,0.0
AAHEHEEH,HGST_20HUH721212ALN604,LSTM,0.11,0,2471,0,0.0
AAHEHHMH,HGST_20HUH721212ALN604,LSTM,0.11,0,2467,0,0.0
AAHEHJ0H,HGST_20HUH721212ALN604,LSTM,0.11,0,2466,0,0.0
AAHEHJ1H,HGST_20HUH721212ALN604,LSTM,0.11,0,2471,0,0.0
AAHEHL5H,HGST_20HUH721212ALN604,LSTM,0.11,0,2471,0,0.0
AAHEHP8H,HGST_20HUH721212ALN604,LSTM,0.11,0,2471,0,0.0
AAHEHRSH,HGST_20HUH721212ALN604,LSTM,0.11,0,2471,0,0.0
AAHEHS0H,HGST_20HUH721212ALN604,LSTM,0.11,0,2471,0,0.0
AAHEHTDH,HGST_20HUH721212ALN604,LSTM,0.11,0,2471,0,0.0
AAHEHTNH,HGST_20HUH721212ALN604,LSTM,0.11,0,2471,0,0.0
AAHEHTPH,HGST_20HUH721212ALN604,LSTM,0.11,0,2471,0,0.0
AAHEHVUH,HGST_20HUH721212ALN604,LSTM,0.11,0,2471,0,0.0
AAHEHY7H,HGST_20HUH721212ALN604,LSTM,0.11,0,2471,0,0.0
AAHEHZ2H,HGST_20HUH721212ALN604,LSTM,0.11,0,2471,0,0.0
AAHEHZPH,HGST_20HUH721212ALN604,LSTM,0.11,0,2471,0,0.0
AAHEHZXH,HGST_20HUH721212ALN604,LSTM,0.11,0,2471,0,0.0
AAHEJ43H,HGST_20HUH721212ALN604,LSTM,0.11,0,2462,0,0.0
AAHEJ4KH,HGST_20HUH721212ALN604,LSTM,0.11,0,2471,0,0.0
AAHEJ76H,HGST_20HUH721212ALN604,LSTM,0.11,0,2471,0,0.0
AAHEJDXH,HGST_20HUH721212ALN604,LSTM,0.11,0,2471,0,0.0
AAHEJE4H,HGST_20HUH721212ALN604,LSTM,0.11,0,2471,0,0.0
AAHEJHKH,HGST_20HUH721212ALN604,LSTM,0.11,0,2471,0,0.0
AAHGYKJH,HGST_20HUH721212ALN604,LSTM,0.11,1,1808,0,0.0
AAHH59AH,HGST_20HUH721212ALN604,LSTM,0.11,0,2393,0,0.0
AAHHAXAH,HGST_20HUH721212ALN604,LSTM,0.11,0,2393,0,0.0
AAHHXJ2H,HGST_20HUH721212ALN604,LSTM,0.11,0,2393,0,0.0
AAHJG5XH,HGST_20HUH721212ALN604,LSTM,0.11,0,2393,0,0.0
AAHJP8BH,HGST_20HUH721212ALN604,LSTM,0.11,0,2466,0,0.0
AAHK5PUH,HGST_20HUH721212ALN604,LSTM,0.11,0,2466,0,0.0
AAHK8NRH,HGST_20HUH721212ALN604,LSTM,0.11,0,2393,0,0.0
AAHKERJH,HGST_20HUH721212ALN604,LSTM,0.11,1,2346,0,0.0
AAHKKR8H,HGST_20HUH721212ALN604,LSTM,0.11,0,2393,0,0.0
AAHKLDKH,HGST_20HUH721212ALN604,LSTM,0.11,0,2466,0,0.0
AAHKM55H,HGST_20HUH721212ALN604,LSTM,0.11,1,2052,0,0.0
AAHKMW2H,HGST_20HUH721212ALN604,LSTM,0.11,1,957,0,0.0
AAHKS17H,HGST_20HUH721212ALN604,LSTM,0.11,1,2215,0,0.0
AAHKWLAH,HGST_20HUH721212ALN604,LSTM,0.11,0,2393,308,0.1287087338069369
AAHKX43H,HGST_20HUH721212ALN604,LSTM,0.11,1,105,0,0.0
AAHKXKYH,HGST_20HUH721212ALN604,LSTM,0.11,0,2393,0,0.0
AAHKXLYH,HGST_20HUH721212ALN604,LSTM,0.11,0,2393,0,0.0
AAHKXNHH,HGST_20HUH721212ALN604,LSTM,0.11,0,2393,0,0.0
AAHKXZ7H,HGST_20HUH721212ALN604,LSTM,0.11,0,2393,0,0.0
AAHKYETH,HGST_20HUH721212ALN604,LSTM,0.11,0,2482,0,0.0
AAHL0PKH,HGST_20HUH721212ALN604,LSTM,0.11,0,1751,0,0.0
AAHL0TLH,HGST_20HUH721212ALN604,LSTM,0.11,0,2466,0,0.0
AAHL4K8H,HGST_20HUH721212ALN604,LSTM,0.11,0,2482,0,0.0
AAHL5LRH,HGST_20HUH721212ALN604,LSTM,0.11,1,1847,0,0.0
AAHL9A9H,HGST_20HUH721212ALN604,LSTM,0.11,0,2393,0,0.0
AAHL9XJH,HGST_20HUH721212ALN604,LSTM,0.11,0,2393,0,0.0
AAHL9XLH,HGST_20HUH721212ALN604,LSTM,0.11,0,2393,0,0.0
AAHL9Y3H,HGST_20HUH721212ALN604,LSTM,0.11,0,2393,0,0.0
AAHL9YAH,HGST_20HUH721212ALN604,LSTM,0.11,0,2393,0,0.0
AAHL9ZYH,HGST_20HUH721212ALN604,LSTM,0.11,0,2393,0,0.0
AAHLBTZH,HGST_20HUH721212ALN604,LSTM,0.11,1,2175,41,0.01885057471264368
AAHLBWGH,HGST_20HUH721212ALN604,LSTM,0.11,1,2206,1,0.00045330915684496827
AAHLBWSH,HGST_20HUH721212ALN604,LSTM,0.11,1,1582,0,0.0
AAHLBXVH,HGST_20HUH721212ALN604,LSTM,0.11,0,2282,0,0.0
AAHLD3UH,HGST_20HUH721212ALN604,LSTM,0.11,1,2038,0,0.0
AAHLS5JH,HGST_20HUH721212ALN604,LSTM,0.11,0,2482,0,0.0
AAHLS7ZH,HGST_20HUH721212ALN604,LSTM,0.11,0,2482,0,0.0
AAHLS8YH,HGST_20HUH721212ALN604,LSTM,0.11,0,2482,0,0.0
AAHLS9UH,HGST_20HUH721212ALN604,LSTM,0.11,0,2482,0,0.0
AAHLV30H,HGST_20HUH721212ALN604,LSTM,0.11,0,2482,0,0.0
AAHLV40H,HGST_20HUH721212ALN604,LSTM,0.11,1,82,0,0.0
AAHLV47H,HGST_20HUH721212ALN604,LSTM,0.11,0,2482,0,0.0
AAHLVTVH,HGST_20HUH721212ALN604,LSTM,0.11,0,2471,0,0.0
AAHLWE3H,HGST_20HUH721212ALN604,LSTM,0.11,0,2471,0,0.0
AAHLWKXH,HGST_20HUH721212ALN604,LSTM,0.11,0,2482,0,0.0
AAHLWM3H,HGST_20HUH721212ALN604,LSTM,0.11,0,2471,0,0.0
AAHLXJ1H,HGST_20HUH721212ALN604,LSTM,0.11,0,2494,0,0.0
AAHLXJ9H,HGST_20HUH721212ALN604,LSTM,0.11,0,2490,0,0.0
AAHLXL5H,HGST_20HUH721212ALN604,LSTM,0.11,0,2393,0,0.0
AAHLXTXH,HGST_20HUH721212ALN604,LSTM,0.11,0,2470,0,0.0
AAHLY01H,HGST_20HUH721212ALN604,LSTM,0.11,0,2471,0,0.0
AAHLY04H,HGST_20HUH721212ALN604,LSTM,0.11,0,2494,0,0.0
AAHLY2TH,HGST_20HUH721212ALN604,LSTM,0.11,0,2471,0,0.0
AAHLY31H,HGST_20HUH721212ALN604,LSTM,0.11,1,2174,8,0.0036798528058877645
AAHLYJRH,HGST_20HUH721212ALN604,LSTM,0.11,0,2471,0,0.0
AAHLYY6H,HGST_20HUH721212ALN604,LSTM,0.11,0,2482,0,0.0
AAHM227H,HGST_20HUH721212ALN604,LSTM,0.11,0,2393,0,0.0
AAHM4E6H,HGST_20HUH721212ALN604,LSTM,0.11,0,2471,0,0.0
AAHM4HSH,HGST_20HUH721212ALN604,LSTM,0.11,0,2494,0,0.0
AAHM4KJH,HGST_20HUH721212ALN604,LSTM,0.11,0,2393,0,0.0
AAHM4S6H,HGST_20HUH721212ALN604,LSTM,0.11,0,2494,0,0.0
AAHM4S8H,HGST_20HUH721212ALN604,LSTM,0.11,0,2494,0,0.0
AAHM4SSH,HGST_20HUH721212ALN604,LSTM,0.11,0,2494,0,0.0
AAHM4T2H,HGST_20HUH721212ALN604,LSTM,0.11,0,2494,0,0.0
AAHM4T6H,HGST_20HUH721212ALN604,LSTM,0.11,0,2393,0,0.0
AAHM4TRH,HGST_20HUH721212ALN604,LSTM,0.11,0,2393,0,0.0
AAHM4UYH,HGST_20HUH721212ALN604,LSTM,0.11,0,2494,0,0.0
AAHM4WBH,HGST_20HUH721212ALN604,LSTM,0.11,0,2482,0,0.0
AAHM4WEH,HGST_20HUH721212ALN604,LSTM,0.11,0,2494,0,0.0
AAHM4XGH,HGST_20HUH721212ALN604,LSTM,0.11,0,2393,0,0.0
AAHM5Z4H,HGST_20HUH721212ALN604,LSTM,0.11,0,2494,0,0.0
AAHM5Z9H,HGST_20HUH721212ALN604,LSTM,0.11,0,2494,0,0.0
AAHM5ZHH,HGST_20HUH721212ALN604,LSTM,0.11,0,2494,0,0.0
AAHMD6GH,HGST_20HUH721212ALN604,LSTM,0.11,0,2494,0,0.0
AAHME7KH,HGST_20HUH721212ALN604,LSTM,0.11,0,2482,0,0.0
AAHMGV8H,HGST_20HUH721212ALN604,LSTM,0.11,0,2471,0,0.0
AAHMH4LH,HGST_20HUH721212ALN604,LSTM,0.11,0,2494,0,0.0
AAHML65H,HGST_20HUH721212ALN604,LSTM,0.11,0,2469,0,0.0
AAHMN38H,HGST_20HUH721212ALN604,LSTM,0.11,0,2482,0,0.0
AAHMR03H,HGST_20HUH721212ALN604,LSTM,0.11,1,2387,9,0.003770423125261835
AAHMR2ZH,HGST_20HUH721212ALN604,LSTM,0.11,1,1722,0,0.0
AAHMSNRH,HGST_20HUH721212ALN604,LSTM,0.11,0,2482,0,0.0
AAHMUYLH,HGST_20HUH721212ALN604,LSTM,0.11,0,2482,0,0.0
AAHMW6RH,HGST_20HUH721212ALN604,LSTM,0.11,0,2482,0,0.0
AAHMW7NH,HGST_20HUH721212ALN604,LSTM,0.11,0,2482,0,0.0
2AG61PSY,HGST_20HUH721212ALN604,GRU,0.16,0,2467,0,0.0
2AG8AVRY,HGST_20HUH721212ALN604,GRU,0.16,0,2393,0,0.0
2AGEGU7Y,HGST_20HUH721212ALN604,GRU,0.16,0,2471,0,0.0
2AGEU1JY,HGST_20HUH721212ALN604,GRU,0.16,0,2466,12,0.004866180048661801
2AGG48NY,HGST_20HUH721212ALN604,GRU,0.16,0,2471,0,0.0
2AGG7H1Y,HGST_20HUH721212ALN604,GRU,0.16,0,2471,0,0.0
2AGGHGJY,HGST_20HUH721212ALN604,GRU,0.16,1,2015,0,0.0
2AGGHLEY,HGST_20HUH721212ALN604,GRU,0.16,0,2466,0,0.0
2AGGHM0Y,HGST_20HUH721212ALN604,GRU,0.16,0,2471,0,0.0
2AGGHMUY,HGST_20HUH721212ALN604,GRU,0.16,0,2482,0,0.0
2AGGHR1Y,HGST_20HUH721212ALN604,GRU,0.16,0,2471,0,0.0
2AGGHR7Y,HGST_20HUH721212ALN604,GRU,0.16,0,2471,0,0.0
2AGGL0UY,HGST_20HUH721212ALN604,GRU,0.16,1,1008,0,0.0
2AGGR3NY,HGST_20HUH721212ALN604,GRU,0.16,0,2471,0,0.0
2AGGZNJY,HGST_20HUH721212ALN604,GRU,0.16,0,2471,0,0.0
2AGH31BY,HGST_20HUH721212ALN604,GRU,0.16,1,1620,0,0.0
2AGH31PY,HGST_20HUH721212ALN604,GRU,0.16,1,2003,0,0.0
2AGH33SY,HGST_20HUH721212ALN604,GRU,0.16,1,2174,12,0.005519779208831647
2AGH34HY,HGST_20HUH721212ALN604,GRU,0.16,0,2471,0,0.0
2AGH34PY,HGST_20HUH721212ALN604,GRU,0.16,0,2471,0,0.0
2AGH35GY,HGST_20HUH721212ALN604,GRU,0.16,0,2471,0,0.0
2AGHB9XY,HGST_20HUH721212ALN604,GRU,0.16,1,2009,0,0.0
2AGHDYHY,HGST_20HUH721212ALN604,GRU,0.16,0,2471,0,0.0
2AGHEP9Y,HGST_20HUH721212ALN604,GRU,0.16,1,1888,0,0.0
2AGHGR1Y,HGST_20HUH721212ALN604,GRU,0.16,0,2471,0,0.0
2AGHGRLY,HGST_20HUH721212ALN604,GRU,0.16,0,2471,0,0.0
2AGHGRRY,HGST_20HUH721212ALN604,GRU,0.16,0,2471,0,0.0
2AGHJD4Y,HGST_20HUH721212ALN604,GRU,0.16,0,2464,181,0.07345779220779221
2AGHK55Y,HGST_20HUH721212ALN604,GRU,0.16,0,2460,0,0.0
2AGHK8MY,HGST_20HUH721212ALN604,GRU,0.16,0,2471,0,0.0
2AGHLEUY,HGST_20HUH721212ALN604,GRU,0.16,1,1625,0,0.0
2AGHLGTY,HGST_20HUH721212ALN604,GRU,0.16,1,2263,7,0.0030932390631904553
2AGHLKHY,HGST_20HUH721212ALN604,GRU,0.16,0,2471,0,0.0
2AGHLMXY,HGST_20HUH721212ALN604,GRU,0.16,0,2471,0,0.0
2AGHLN0Y,HGST_20HUH721212ALN604,GRU,0.16,0,2471,0,0.0
2AGHMUTY,HGST_20HUH721212ALN604,GRU,0.16,0,2471,0,0.0
2AGHMUYY,HGST_20HUH721212ALN604,GRU,0.16,0,2466,0,0.0
2AGHMW5Y,HGST_20HUH721212ALN604,GRU,0.16,0,2471,0,0.0
2AGHMXGY,HGST_20HUH721212ALN604,GRU,0.16,1,1449,0,0.0
2AGHMYTY,HGST_20HUH721212ALN604,GRU,0.16,0,2471,0,0.0
2AGHMZMY,HGST_20HUH721212ALN604,GRU,0.16,0,2471,0,0.0
2AGHN0TY,HGST_20HUH721212ALN604,GRU,0.16,1,515,58,0.11262135922330097
2AGHN0WY,HGST_20HUH721212ALN604,GRU,0.16,0,2471,0,0.0
2AGHN16Y,HGST_20HUH721212ALN604,GRU,0.16,0,2471,0,0.0
2AGHN2AY,HGST_20HUH721212ALN604,GRU,0.16,0,2471,0,0.0
2AGHN3XY,HGST_20HUH721212ALN604,GRU,0.16,0,2471,0,0.0
2AGHPDKY,HGST_20HUH721212ALN604,GRU,0.16,0,2471,0,0.0
2AGHSJ4Y,HGST_20HUH721212ALN604,GRU,0.16,0,2462,0,0.0
2AGHSS9Y,HGST_20HUH721212ALN604,GRU,0.16,0,2471,0,0.0
2AGHTBYY,HGST_20HUH721212ALN604,GRU,0.16,1,2071,190,0.09174311926605505
2AGHTGEY,HGST_20HUH721212ALN604,GRU,0.16,1,1388,0,0.0
2AGHTKBY,HGST_20HUH721212ALN604,GRU,0.16,0,2471,0,0.0
2AGLY65Y,HGST_20HUH721212ALN604,GRU,0.16,1,1561,0,0.0
2AGM231Y,HGST_20HUH721212ALN604,GRU,0.16,0,2494,0,0.0
2AGM23NY,HGST_20HUH721212ALN604,GRU,0.16,0,2494,0,0.0
2AGM5UVY,HGST_20HUH721212ALN604,GRU,0.16,0,2482,0,0.0
2AGM5V7Y,HGST_20HUH721212ALN604,GRU,0.16,1,2390,26,0.010878661087866108
2AGM5VBY,HGST_20HUH721212ALN604,GRU,0.16,0,2482,0,0.0
2AGM5VHY,HGST_20HUH721212ALN604,GRU,0.16,1,1986,0,0.0
2AGM5W9Y,HGST_20HUH721212ALN604,GRU,0.16,1,2073,0,0.0
2AGM5YEY,HGST_20HUH721212ALN604,GRU,0.16,0,2494,0,0.0
2AGM8EMY,HGST_20HUH721212ALN604,GRU,0.16,1,1994,0,0.0
2AGM8EUY,HGST_20HUH721212ALN604,GRU,0.16,0,2471,0,0.0
2AGM8J2Y,HGST_20HUH721212ALN604,GRU,0.16,0,2482,0,0.0
2AGM8JAY,HGST_20HUH721212ALN604,GRU,0.16,0,2468,0,0.0
2AGM8LNY,HGST_20HUH721212ALN604,GRU,0.16,0,2486,9,0.0036202735317779565
2AGM8RJY,HGST_20HUH721212ALN604,GRU,0.16,0,2393,0,0.0
2AGM8RTY,HGST_20HUH721212ALN604,GRU,0.16,0,2480,0,0.0
2AGM8UNY,HGST_20HUH721212ALN604,GRU,0.16,1,2310,41,0.01774891774891775
2AGM8V7Y,HGST_20HUH721212ALN604,GRU,0.16,0,2482,0,0.0
2AGM9MXY,HGST_20HUH721212ALN604,GRU,0.16,1,2333,0,0.0
2AGM9PJY,HGST_20HUH721212ALN604,GRU,0.16,0,2485,0,0.0
2AGM9RGY,HGST_20HUH721212ALN604,GRU,0.16,1,1318,0,0.0
2AGM9S6Y,HGST_20HUH721212ALN604,GRU,0.16,0,2482,0,0.0
2AGM9SDY,HGST_20HUH721212ALN604,GRU,0.16,0,2494,0,0.0
2AGM9U1Y,HGST_20HUH721212ALN604,GRU,0.16,0,2480,0,0.0
2AGMDJKY,HGST_20HUH721212ALN604,GRU,0.16,0,2494,0,0.0
2AGMDUAY,HGST_20HUH721212ALN604,GRU,0.16,1,1330,0,0.0
2AGMDY1Y,HGST_20HUH721212ALN604,GRU,0.16,0,2393,0,0.0
2AGME0XY,HGST_20HUH721212ALN604,GRU,0.16,1,1841,4,0.0021727322107550242
2AGME3BY,HGST_20HUH721212ALN604,GRU,0.16,0,2482,0,0.0
2AGME9PY,HGST_20HUH721212ALN604,GRU,0.16,1,1821,0,0.0
2AGMGAYY,HGST_20HUH721212ALN604,GRU,0.16,0,2482,0,0.0
2AGMGDPY,HGST_20HUH721212ALN604,GRU,0.16,0,2393,0,0.0
2AGMGKLY,HGST_20HUH721212ALN604,GRU,0.16,0,2393,0,0.0
2AGMGXEY,HGST_20HUH721212ALN604,GRU,0.16,0,2393,0,0.0
2AGMH2YY,HGST_20HUH721212ALN604,GRU,0.16,1,2024,0,0.0
2AGMH3JY,HGST_20HUH721212ALN604,GRU,0.16,0,2482,0,0.0
2AGMHK6Y,HGST_20HUH721212ALN604,GRU,0.16,0,2494,0,0.0
2AGMHPEY,HGST_20HUH721212ALN604,GRU,0.16,1,1852,0,0.0
2AGMHRYY,HGST_20HUH721212ALN604,GRU,0.16,1,1828,0,0.0
2AGMHTLY,HGST_20HUH721212ALN604,GRU,0.16,0,2494,0,0.0
2AGMHU7Y,HGST_20HUH721212ALN604,GRU,0.16,1,1893,0,0.0
2AGMHVTY,HGST_20HUH721212ALN604,GRU,0.16,0,2482,0,0.0
2AGMHWAY,HGST_20HUH721212ALN604,GRU,0.16,1,1502,11,0.007323568575233023
2AGMHXDY,HGST_20HUH721212ALN604,GRU,0.16,1,2121,5,0.0023573785950023575
2AGMHY3Y,HGST_20HUH721212ALN604,GRU,0.16,1,2290,0,0.0
2AGMHY5Y,HGST_20HUH721212ALN604,GRU,0.16,0,2393,0,0.0
2AGMJ35Y,HGST_20HUH721212ALN604,GRU,0.16,0,2494,0,0.0
2AGMJ3JY,HGST_20HUH721212ALN604,GRU,0.16,0,2482,0,0.0
2AGMJ3TY,HGST_20HUH721212ALN604,GRU,0.16,0,2393,0,0.0
2AGMJ47Y,HGST_20HUH721212ALN604,GRU,0.16,0,2466,0,0.0
2AGMJ5BY,HGST_20HUH721212ALN604,GRU,0.16,1,731,0,0.0
2AGMKV4Y,HGST_20HUH721212ALN604,GRU,0.16,1,2442,13,0.005323505323505323
2AGMKVHY,HGST_20HUH721212ALN604,GRU,0.16,1,1363,0,0.0
2AGMKVTY,HGST_20HUH721212ALN604,GRU,0.16,1,1941,0,0.0
2AGMLMLY,HGST_20HUH721212ALN604,GRU,0.16,0,2393,0,0.0
2AGMLSZY,HGST_20HUH721212ALN604,GRU,0.16,1,442,12,0.027149321266968326
2AGMLT7Y,HGST_20HUH721212ALN604,GRU,0.16,0,2474,0,0.0
2AGMLWNY,HGST_20HUH721212ALN604,GRU,0.16,0,2393,0,0.0
2AGMLZLY,HGST_20HUH721212ALN604,GRU,0.16,1,2460,0,0.0
2AGMM0UY,HGST_20HUH721212ALN604,GRU,0.16,0,2480,8,0.0032258064516129032
2AGMMNKY,HGST_20HUH721212ALN604,GRU,0.16,0,2466,0,0.0
2AGMMU1Y,HGST_20HUH721212ALN604,GRU,0.16,0,2482,0,0.0
2AGMMU4Y,HGST_20HUH721212ALN604,GRU,0.16,0,2393,0,0.0
2AGMNB7Y,HGST_20HUH721212ALN604,GRU,0.16,1,1415,0,0.0
2AGMNBEY,HGST_20HUH721212ALN604,GRU,0.16,0,2482,0,0.0
2AGMND4Y,HGST_20HUH721212ALN604,GRU,0.16,1,2369,16,0.006753904601097509
2AGMNE1Y,HGST_20HUH721212ALN604,GRU,0.16,1,2244,6,0.00267379679144385
2AGMNEBY,HGST_20HUH721212ALN604,GRU,0.16,1,1921,0,0.0
2AGMNG0Y,HGST_20HUH721212ALN604,GRU,0.16,0,2022,0,0.0
2AGMNJKY,HGST_20HUH721212ALN604,GRU,0.16,1,2312,16,0.006920415224913495
2AGMNM8Y,HGST_20HUH721212ALN604,GRU,0.16,0,2393,0,0.0
2AGMNMWY,HGST_20HUH721212ALN604,GRU,0.16,1,1448,0,0.0
2AGMNTXY,HGST_20HUH721212ALN604,GRU,0.16,0,2482,0,0.0
2AGMNUVY,HGST_20HUH721212ALN604,GRU,0.16,0,2494,0,0.0
2AGMNWBY,HGST_20HUH721212ALN604,GRU,0.16,0,2393,0,0.0
2AGMNXRY,HGST_20HUH721212ALN604,GRU,0.16,0,2393,0,0.0
2AGMP7ZY,HGST_20HUH721212ALN604,GRU,0.16,0,2393,0,0.0
2AGMPBWY,HGST_20HUH721212ALN604,GRU,0.16,0,2453,0,0.0
2AGMPD8Y,HGST_20HUH721212ALN604,GRU,0.16,1,1562,0,0.0
2AGMPK3Y,HGST_20HUH721212ALN604,GRU,0.16,0,2494,0,0.0
2AGMPL7Y,HGST_20HUH721212ALN604,GRU,0.16,1,2115,0,0.0
2AGMPP1Y,HGST_20HUH721212ALN604,GRU,0.16,0,2482,0,0.0
2AGMPP4Y,HGST_20HUH721212ALN604,GRU,0.16,1,2313,13,0.005620406398616515
2AGMPPGY,HGST_20HUH721212ALN604,GRU,0.16,0,2482,0,0.0
2AGMPSSY,HGST_20HUH721212ALN604,GRU,0.16,0,2482,0,0.0
2AGMPT2Y,HGST_20HUH721212ALN604,GRU,0.16,0,2482,0,0.0
2AGMPZ8Y,HGST_20HUH721212ALN604,GRU,0.16,0,2393,0,0.0
2AGMS6PY,HGST_20HUH721212ALN604,GRU,0.16,0,2393,0,0.0
2AGMSHHY,HGST_20HUH721212ALN604,GRU,0.16,1,1197,0,0.0
2AGMTK0Y,HGST_20HUH721212ALN604,GRU,0.16,1,2295,1,0.00043572984749455336
2AGMTL0Y,HGST_20HUH721212ALN604,GRU,0.16,1,1445,0,0.0
2AGMTXAY,HGST_20HUH721212ALN604,GRU,0.16,0,2393,0,0.0
2AGMUBMY,HGST_20HUH721212ALN604,GRU,0.16,0,2466,0,0.0
2AGMUBRY,HGST_20HUH721212ALN604,GRU,0.16,1,1819,0,0.0
2AGMV9UY,HGST_20HUH721212ALN604,GRU,0.16,0,2393,0,0.0
2AGMVDDY,HGST_20HUH721212ALN604,GRU,0.16,0,2482,0,0.0
2AGMWHVY,HGST_20HUH721212ALN604,GRU,0.16,1,1892,0,0.0
2AGMZLMY,HGST_20HUH721212ALN604,GRU,0.16,1,1373,0,0.0
2AGN038Y,HGST_20HUH721212ALN604,GRU,0.16,0,2393,0,0.0
2AGN03MY,HGST_20HUH721212ALN604,GRU,0.16,0,2393,0,0.0
2AGN05MY,HGST_20HUH721212ALN604,GRU,0.16,0,2393,0,0.0
2AGN071Y,HGST_20HUH721212ALN604,GRU,0.16,0,2393,0,0.0
2AGN07AY,HGST_20HUH721212ALN604,GRU,0.16,0,2393,0,0.0
2AGN17RY,HGST_20HUH721212ALN604,GRU,0.16,0,2393,0,0.0
2AGN1YNY,HGST_20HUH721212ALN604,GRU,0.16,0,2393,0,0.0
2AGN29AY,HGST_20HUH721212ALN604,GRU,0.16,0,2393,0,0.0
2AGN43EY,HGST_20HUH721212ALN604,GRU,0.16,0,2393,0,0.0
2AGN5A3Y,HGST_20HUH721212ALN604,GRU,0.16,0,2466,0,0.0
2AGN7GZY,HGST_20HUH721212ALN604,GRU,0.16,0,2393,0,0.0
2AGN7XVY,HGST_20HUH721212ALN604,GRU,0.16,0,2393,0,0.0
2AGN7XYY,HGST_20HUH721212ALN604,GRU,0.16,0,2467,0,0.0
2AGN853Y,HGST_20HUH721212ALN604,GRU,0.16,0,2393,0,0.0
2AGN8H9Y,HGST_20HUH721212ALN604,GRU,0.16,0,2393,0,0.0
2AGN8Y9Y,HGST_20HUH721212ALN604,GRU,0.16,0,2393,0,0.0
2AGN8ZGY,HGST_20HUH721212ALN604,GRU,0.16,0,2466,0,0.0
2AGN90RY,HGST_20HUH721212ALN604,GRU,0.16,1,1578,0,0.0
2AGN9N4Y,HGST_20HUH721212ALN604,GRU,0.16,1,2033,13,0.006394490900147565
2AGNAK7Y,HGST_20HUH721212ALN604,GRU,0.16,0,2393,0,0.0
2AGNAKGY,HGST_20HUH721212ALN604,GRU,0.16,0,2393,0,0.0
2AGNAYKY,HGST_20HUH721212ALN604,GRU,0.16,0,2393,0,0.0
2AGNBWPY,HGST_20HUH721212ALN604,GRU,0.16,0,2393,0,0.0
2AGND0EY,HGST_20HUH721212ALN604,GRU,0.16,0,2393,0,0.0
2AGNEAHY,HGST_20HUH721212ALN604,GRU,0.16,0,2393,0,0.0
2AGNEK5Y,HGST_20HUH721212ALN604,GRU,0.16,0,2393,0,0.0
2AGNEN9Y,HGST_20HUH721212ALN604,GRU,0.16,0,2393,0,0.0
2AGNEREY,HGST_20HUH721212ALN604,GRU,0.16,0,2393,0,0.0
2AGNGZPY,HGST_20HUH721212ALN604,GRU,0.16,0,2471,0,0.0
2AGNJE2Y,HGST_20HUH721212ALN604,GRU,0.16,0,2466,0,0.0
2AGNJG7Y,HGST_20HUH721212ALN604,GRU,0.16,0,2393,0,0.0
2AGNJGHY,HGST_20HUH721212ALN604,GRU,0.16,0,2393,0,0.0
2AGNJRYY,HGST_20HUH721212ALN604,GRU,0.16,0,2466,0,0.0
2AGNJTAY,HGST_20HUH721212ALN604,GRU,0.16,0,2393,0,0.0
2AGNJTRY,HGST_20HUH721212ALN604,GRU,0.16,0,2393,0,0.0
2AGNKB9Y,HGST_20HUH721212ALN604,GRU,0.16,1,1570,0,0.0
2AGNKGXY,HGST_20HUH721212ALN604,GRU,0.16,0,2393,0,0.0
2AGNKNJY,HGST_20HUH721212ALN604,GRU,0.16,0,2393,0,0.0
2AGNKSPY,HGST_20HUH721212ALN604,GRU,0.16,0,2393,0,0.0
2AGNKV4Y,HGST_20HUH721212ALN604,GRU,0.16,0,2393,0,0.0
2AGNL61Y,HGST_20HUH721212ALN604,GRU,0.16,0,2482,0,0.0
2AGNNTHY,HGST_20HUH721212ALN604,GRU,0.16,0,2430,0,0.0
2AGNT47Y,HGST_20HUH721212ALN604,GRU,0.16,0,2482,0,0.0
2AGP393Y,HGST_20HUH721212ALN604,GRU,0.16,1,1406,22,0.015647226173541962
2AGP43EY,HGST_20HUH721212ALN604,GRU,0.16,1,1936,0,0.0
2AGP5EDY,HGST_20HUH721212ALN604,GRU,0.16,0,2482,0,0.0
2AGP5GBY,HGST_20HUH721212ALN604,GRU,0.16,0,2482,0,0.0
2AGP5J1Y,HGST_20HUH721212ALN604,GRU,0.16,0,2482,0,0.0
2AGP6TYY,HGST_20HUH721212ALN604,GRU,0.16,0,2482,0,0.0
2AGP6UBY,HGST_20HUH721212ALN604,GRU,0.16,0,2482,0,0.0
2AGP9W7Y,HGST_20HUH721212ALN604,GRU,0.16,0,2482,0,0.0
2AGPHHKY,HGST_20HUH721212ALN604,GRU,0.16,0,2466,0,0.0
2AGPHHTY,HGST_20HUH721212ALN604,GRU,0.16,0,2466,0,0.0
2AGPJAVY,HGST_20HUH721212ALN604,GRU,0.16,0,2471,0,0.0
2AGPJBGY,HGST_20HUH721212ALN604,GRU,0.16,0,2471,0,0.0
2AGPJBNY,HGST_20HUH721212ALN604,GRU,0.16,0,2471,0,0.0
2AGPJE5Y,HGST_20HUH721212ALN604,GRU,0.16,0,2482,0,0.0
2AGPJGPY,HGST_20HUH721212ALN604,GRU,0.16,1,649,0,0.0
2AGPJH1Y,HGST_20HUH721212ALN604,GRU,0.16,1,1915,0,0.0
2AGPJHAY,HGST_20HUH721212ALN604,GRU,0.16,0,2393,0,0.0
2AGPJHXY,HGST_20HUH721212ALN604,GRU,0.16,0,2471,0,0.0
2AGPJL8Y,HGST_20HUH721212ALN604,GRU,0.16,0,2471,0,0.0
2AGPJLWY,HGST_20HUH721212ALN604,GRU,0.16,0,2393,0,0.0
2AGPJMRY,HGST_20HUH721212ALN604,GRU,0.16,0,2393,0,0.0
2AGPJP0Y,HGST_20HUH721212ALN604,GRU,0.16,0,2471,0,0.0
2AGPK9HY,HGST_20HUH721212ALN604,GRU,0.16,0,2393,0,0.0
2AGPKA3Y,HGST_20HUH721212ALN604,GRU,0.16,0,2393,0,0.0
2AGPKALY,HGST_20HUH721212ALN604,GRU,0.16,0,2482,0,0.0
2AGPKARY,HGST_20HUH721212ALN604,GRU,0.16,0,2482,0,0.0
2AGPKB2Y,HGST_20HUH721212ALN604,GRU,0.16,0,2471,0,0.0
2AGPKTUY,HGST_20HUH721212ALN604,GRU,0.16,0,2482,0,0.0
2AGPKVGY,HGST_20HUH721212ALN604,GRU,0.16,0,2482,0,0.0
2AGPKWNY,HGST_20HUH721212ALN604,GRU,0.16,1,1628,0,0.0
2AGPKX4Y,HGST_20HUH721212ALN604,GRU,0.16,0,2482,0,0.0
2AGPL2YY,HGST_20HUH721212ALN604,GRU,0.16,0,2482,0,0.0
2AGPL4UY,HGST_20HUH721212ALN604,GRU,0.16,0,2482,0,0.0
2AGPL4ZY,HGST_20HUH721212ALN604,GRU,0.16,0,2471,0,0.0
2AGPLSSY,HGST_20HUH721212ALN604,GRU,0.16,0,2482,0,0.0
2AGPMDVY,HGST_20HUH721212ALN604,GRU,0.16,0,2471,0,0.0
2AGPMEPY,HGST_20HUH721212ALN604,GRU,0.16,0,2482,0,0.0
2AGPMGGY,HGST_20HUH721212ALN604,GRU,0.16,0,2482,0,0.0
2AGPMM3Y,HGST_20HUH721212ALN604,GRU,0.16,0,2471,0,0.0
2AGPMN9Y,HGST_20HUH721212ALN604,GRU,0.16,0,2471,0,0.0
2AGPMRDY,HGST_20HUH721212ALN604,GRU,0.16,0,2471,0,0.0
2AGPMY1Y,HGST_20HUH721212ALN604,GRU,0.16,0,2482,0,0.0
2AGPN6PY,HGST_20HUH721212ALN604,GRU,0.16,0,2482,0,0.0
2AGPPJAY,HGST_20HUH721212ALN604,GRU,0.16,0,2482,0,0.0
2AGPPLLY,HGST_20HUH721212ALN604,GRU,0.16,1,1659,0,0.0
2AGPR6YY,HGST_20HUH721212ALN604,GRU,0.16,0,2482,0,0.0
2AGPR7RY,HGST_20HUH721212ALN604,GRU,0.16,0,2482,0,0.0
2AGPR8EY,HGST_20HUH721212ALN604,GRU,0.16,0,2482,0,0.0
2AGPRL8Y,HGST_20HUH721212ALN604,GRU,0.16,0,2471,0,0.0
2AGPRMLY,HGST_20HUH721212ALN604,GRU,0.16,1,2418,0,0.0
2AGPRMRY,HGST_20HUH721212ALN604,GRU,0.16,1,1928,0,0.0
2AGPRRJY,HGST_20HUH721212ALN604,GRU,0.16,0,2494,0,0.0
2AGPS2ZY,HGST_20HUH721212ALN604,GRU,0.16,0,2482,0,0.0
2AGPSEDY,HGST_20HUH721212ALN604,GRU,0.16,0,2471,0,0.0
2AGPSG5Y,HGST_20HUH721212ALN604,GRU,0.16,0,2471,0,0.0
2AGPSGKY,HGST_20HUH721212ALN604,GRU,0.16,0,2393,0,0.0
2AGPSJKY,HGST_20HUH721212ALN604,GRU,0.16,0,2393,0,0.0
2AGPSRUY,HGST_20HUH721212ALN604,GRU,0.16,0,2482,0,0.0
2AGPT2PY,HGST_20HUH721212ALN604,GRU,0.16,0,2393,0,0.0
2AGPT48Y,HGST_20HUH721212ALN604,GRU,0.16,0,2466,0,0.0
2AGPT7PY,HGST_20HUH721212ALN604,GRU,0.16,0,2393,0,0.0
2AGPTL4Y,HGST_20HUH721212ALN604,GRU,0.16,0,2471,0,0.0
2AGPTVLY,HGST_20HUH721212ALN604,GRU,0.16,0,2466,0,0.0
5PG0TA6F,HGST_20HUH721212ALN604,GRU,0.16,0,2050,0,0.0
5PG0TAKF,HGST_20HUH721212ALN604,GRU,0.16,0,2122,0,0.0
5PJEJUHE,HGST_20HUH721212ALN604,GRU,0.16,0,1525,0,0.0
5PJJHD9C,HGST_20HUH721212ALN604,GRU,0.16,0,1323,0,0.0
5PJJLZTF,HGST_20HUH721212ALN604,GRU,0.16,0,1550,0,0.0
5PJKZP4D,HGST_20HUH721212ALN604,GRU,0.16,0,1306,0,0.0
5PJVPJGF,HGST_20HUH721212ALN604,GRU,0.16,0,1751,0,0.0
5PK10N4B,HGST_20HUH721212ALN604,GRU,0.16,0,435,0,0.0
5PK5ZB1B,HGST_20HUH721212ALN604,GRU,0.16,0,672,0,0.0
5PKEBJVB,HGST_20HUH721212ALN604,GRU,0.16,0,826,0,0.0
5PKVXW6B,HGST_20HUH721212ALN604,GRU,0.16,0,639,0,0.0
5QG63PMB,HGST_20HUH721212ALN604,GRU,0.16,0,643,0,0.0
5QGBH0MB,HGST_20HUH721212ALN604,GRU,0.16,0,814,0,0.0
5QGG5KLB,HGST_20HUH721212ALN604,GRU,0.16,0,1062,0,0.0
5QGG5UPB,HGST_20HUH721212ALN604,GRU,0.16,0,1178,0,0.0
5QGGAELB,HGST_20HUH721212ALN604,GRU,0.16,1,800,12,0.015
5QGGHWVB,HGST_20HUH721212ALN604,GRU,0.16,0,807,0,0.0
5QH0Z60B,HGST_20HUH721212ALN604,GRU,0.16,1,206,120,0.5825242718446602
5QHDKVHB,HGST_20HUH721212ALN604,GRU,0.16,0,836,0,0.0
5QHKE66B,HGST_20HUH721212ALN604,GRU,0.16,0,683,0,0.0
5QHYP4MB,HGST_20HUH721212ALN604,GRU,0.16,0,656,0,0.0
5QJBW5VB,HGST_20HUH721212ALN604,GRU,0.16,1,109,18,0.1651376146788991
5QJS57NB,HGST_20HUH721212ALN604,GRU,0.16,0,769,0,0.0
5QKBEVWB,HGST_20HUH721212ALN604,GRU,0.16,0,809,0,0.0
5QKDK07B,HGST_20HUH721212ALN604,GRU,0.16,0,437,0,0.0
5QKHBVPB,HGST_20HUH721212ALN604,GRU,0.16,0,641,0,0.0
5QKKSM3B,HGST_20HUH721212ALN604,GRU,0.16,0,695,0,0.0
5QKV55TB,HGST_20HUH721212ALN604,GRU,0.16,0,732,0,0.0
5QKV6W0B,HGST_20HUH721212ALN604,GRU,0.16,0,931,0,0.0
5QKV74SB,HGST_20HUH721212ALN604,GRU,0.16,0,783,0,0.0
5QKV778B,HGST_20HUH721212ALN604,GRU,0.16,0,633,0,0.0
5QKV7UHB,HGST_20HUH721212ALN604,GRU,0.16,0,728,0,0.0
5QKV85UB,HGST_20HUH721212ALN604,GRU,0.16,0,821,0,0.0
5QKVAN8B,HGST_20HUH721212ALN604,GRU,0.16,0,799,0,0.0
5QKVARLB,HGST_20HUH721212ALN604,GRU,0.16,0,850,0,0.0
5QKVATKB,HGST_20HUH721212ALN604,GRU,0.16,0,783,0,0.0
5QKVD71B,HGST_20HUH721212ALN604,GRU,0.16,0,661,0,0.0
5QKVDDVB,HGST_20HUH721212ALN604,GRU,0.16,0,621,0,0.0
5QKVETTB,HGST_20HUH721212ALN604,GRU,0.16,0,613,0,0.0
5QKVEUZB,HGST_20HUH721212ALN604,GRU,0.16,0,679,0,0.0
5QKVEXJB,HGST_20HUH721212ALN604,GRU,0.16,0,823,0,0.0
5QKVGLWB,HGST_20HUH721212ALN604,GRU,0.16,0,663,0,0.0
5QKVHPLB,HGST_20HUH721212ALN604,GRU,0.16,0,664,0,0.0
5QKVHRMB,HGST_20HUH721212ALN604,GRU,0.16,0,617,0,0.0
5QKVVTHB,HGST_20HUH721212ALN604,GRU,0.16,0,686,0,0.0
8CGNK9GE,HGST_20HUH721212ALN604,GRU,0.16,0,2382,0,0.0
8CGR1V5E,HGST_20HUH721212ALN604,GRU,0.16,0,2466,0,0.0
8CGSN9XE,HGST_20HUH721212ALN604,GRU,0.16,0,2482,0,0.0
8CGSTSRE,HGST_20HUH721212ALN604,GRU,0.16,0,2494,0,0.0
8CGT5S2E,HGST_20HUH721212ALN604,GRU,0.16,1,1985,0,0.0
8CGTW4VE,HGST_20HUH721212ALN604,GRU,0.16,0,2466,0,0.0
8CGTZ9HE,HGST_20HUH721212ALN604,GRU,0.16,1,1519,81,0.05332455562870309
8CGU9LLE,HGST_20HUH721212ALN604,GRU,0.16,0,2480,0,0.0
8CGV369E,HGST_20HUH721212ALN604,GRU,0.16,0,2482,0,0.0
8CGVR04E,HGST_20HUH721212ALN604,GRU,0.16,0,2452,5,0.0020391517128874386
8CGVTH0E,HGST_20HUH721212ALN604,GRU,0.16,0,2494,0,0.0
8CGW3HPE,HGST_20HUH721212ALN604,GRU,0.16,0,2494,0,0.0
8CGW6ULE,HGST_20HUH721212ALN604,GRU,0.16,0,2494,0,0.0
8CGWPGEE,HGST_20HUH721212ALN604,GRU,0.16,0,2482,0,0.0
8CGXKYVE,HGST_20HUH721212ALN604,GRU,0.16,0,2494,0,0.0
8CGXNNUE,HGST_20HUH721212ALN604,GRU,0.16,1,1075,10,0.009302325581395349
8CGY4KUE,HGST_20HUH721212ALN604,GRU,0.16,0,2482,0,0.0
8CGYJ5TE,HGST_20HUH721212ALN604,GRU,0.16,0,2466,0,0.0
8CGYVS8E,HGST_20HUH721212ALN604,GRU,0.16,0,2466,0,0.0
8CGYW96E,HGST_20HUH721212ALN604,GRU,0.16,0,2466,0,0.0
8CGYXB6E,HGST_20HUH721212ALN604,GRU,0.16,0,2385,0,0.0
8CGZ8K3E,HGST_20HUH721212ALN604,GRU,0.16,0,2494,0,0.0
8CGZ8S1E,HGST_20HUH721212ALN604,GRU,0.16,0,2494,0,0.0
8CGZ8SDE,HGST_20HUH721212ALN604,GRU,0.16,0,2494,14,0.0056134723336006415
8CGZB98E,HGST_20HUH721212ALN604,GRU,0.16,0,2393,0,0.0
8CGZB9VE,HGST_20HUH721212ALN604,GRU,0.16,0,2466,0,0.0
8CGZKBME,HGST_20HUH721212ALN604,GRU,0.16,0,2494,0,0.0
8CGZKDHE,HGST_20HUH721212ALN604,GRU,0.16,0,2494,0,0.0
8CGZMEAE,HGST_20HUH721212ALN604,GRU,0.16,0,2494,0,0.0
8CH02WUE,HGST_20HUH721212ALN604,GRU,0.16,0,2393,0,0.0
8CH05AGE,HGST_20HUH721212ALN604,GRU,0.16,0,2494,0,0.0
8CH06AGE,HGST_20HUH721212ALN604,GRU,0.16,0,2482,0,0.0
8CH06B5E,HGST_20HUH721212ALN604,GRU,0.16,0,2494,0,0.0
8CH06E7E,HGST_20HUH721212ALN604,GRU,0.16,0,2494,0,0.0
8CH06EDE,HGST_20HUH721212ALN604,GRU,0.16,0,2466,0,0.0
8CH0869E,HGST_20HUH721212ALN604,GRU,0.16,0,2494,0,0.0
8CH08RNE,HGST_20HUH721212ALN604,GRU,0.16,0,2386,0,0.0
8CH09GGE,HGST_20HUH721212ALN604,GRU,0.16,0,2466,0,0.0
8CH0BYPE,HGST_20HUH721212ALN604,GRU,0.16,0,2393,0,0.0
8CH0BYTE,HGST_20HUH721212ALN604,GRU,0.16,0,2466,0,0.0
8CH0DM8E,HGST_20HUH721212ALN604,GRU,0.16,0,2393,0,0.0
8CH0GNLE,HGST_20HUH721212ALN604,GRU,0.16,0,2494,0,0.0
8CH0GNNE,HGST_20HUH721212ALN604,GRU,0.16,0,2494,0,0.0
8CH0GNSE,HGST_20HUH721212ALN604,GRU,0.16,0,2482,0,0.0
8CH0HRKE,HGST_20HUH721212ALN604,GRU,0.16,0,2466,0,0.0
8CH0HTRE,HGST_20HUH721212ALN604,GRU,0.16,0,2466,0,0.0
8CH0L5PE,HGST_20HUH721212ALN604,GRU,0.16,0,2466,0,0.0
8CH0R06E,HGST_20HUH721212ALN604,GRU,0.16,0,2494,0,0.0
8CH0R3YE,HGST_20HUH721212ALN604,GRU,0.16,0,2393,0,0.0
8CH0TLTE,HGST_20HUH721212ALN604,GRU,0.16,0,2393,0,0.0
8CH0TLUE,HGST_20HUH721212ALN604,GRU,0.16,0,2466,0,0.0
8CH0TN2E,HGST_20HUH721212ALN604,GRU,0.16,0,2466,0,0.0
8CH0TN3E,HGST_20HUH721212ALN604,GRU,0.16,0,2393,0,0.0
8CH0TVRE,HGST_20HUH721212ALN604,GRU,0.16,0,2386,0,0.0
8CH0V7TE,HGST_20HUH721212ALN604,GRU,0.16,0,2466,0,0.0
8CH0VH1E,HGST_20HUH721212ALN604,GRU,0.16,0,2482,0,0.0
8CH0VW0E,HGST_20HUH721212ALN604,GRU,0.16,0,2466,0,0.0
8CH11KPE,HGST_20HUH721212ALN604,GRU,0.16,0,2494,0,0.0
8CH13D7E,HGST_20HUH721212ALN604,GRU,0.16,0,2466,0,0.0
8CH13DAE,HGST_20HUH721212ALN604,GRU,0.16,0,2466,0,0.0
8CH15D3E,HGST_20HUH721212ALN604,GRU,0.16,0,2482,0,0.0
8CH15YME,HGST_20HUH721212ALN604,GRU,0.16,0,2466,0,0.0
8CH160KE,HGST_20HUH721212ALN604,GRU,0.16,0,2393,0,0.0
8CH16PBE,HGST_20HUH721212ALN604,GRU,0.16,0,2466,0,0.0
8CH16ZDE,HGST_20HUH721212ALN604,GRU,0.16,0,2466,0,0.0
8CH16ZUE,HGST_20HUH721212ALN604,GRU,0.16,0,2466,0,0.0
8CH17M9E,HGST_20HUH721212ALN604,GRU,0.16,0,2466,0,0.0
8CH17MHE,HGST_20HUH721212ALN604,GRU,0.16,0,2393,0,0.0
8CH190UE,HGST_20HUH721212ALN604,GRU,0.16,1,957,4,0.0041797283176593526
8CH1APUE,HGST_20HUH721212ALN604,GRU,0.16,1,2302,10,0.004344048653344918
8CH1AR5E,HGST_20HUH721212ALN604,GRU,0.16,0,2494,0,0.0
8CH1ARHE,HGST_20HUH721212ALN604,GRU,0.16,1,1581,0,0.0
8CH1WBME,HGST_20HUH721212ALN604,GRU,0.16,1,1829,0,0.0
8CH1XHUE,HGST_20HUH721212ALN604,GRU,0.16,0,2494,0,0.0
8CH4AT4E,HGST_20HUH721212ALN604,GRU,0.16,0,2471,0,0.0
8CH4X3TE,HGST_20HUH721212ALN604,GRU,0.16,1,1246,0,0.0
8CH4YM4E,HGST_20HUH721212ALN604,GRU,0.16,1,1388,0,0.0
8CH4YM6E,HGST_20HUH721212ALN604,GRU,0.16,1,2123,11,0.0051813471502590676
8CH4YN8E,HGST_20HUH721212ALN604,GRU,0.16,1,1791,0,0.0
8CH4Z6UE,HGST_20HUH721212ALN604,GRU,0.16,0,2478,0,0.0
8CH5214E,HGST_20HUH721212ALN604,GRU,0.16,1,1737,9,0.0051813471502590676
8CH52U5E,HGST_20HUH721212ALN604,GRU,0.16,0,2481,0,0.0
8CH5B9LE,HGST_20HUH721212ALN604,GRU,0.16,0,2482,0,0.0
8CH5E8EE,HGST_20HUH721212ALN604,GRU,0.16,1,1420,0,0.0
8CH5HRYE,HGST_20HUH721212ALN604,GRU,0.16,1,2050,3,0.0014634146341463415
8CHRG6JE,HGST_20HUH721212ALN604,GRU,0.16,0,2283,0,0.0
8CHU2WSE,HGST_20HUH721212ALN604,GRU,0.16,0,2078,0,0.0
8CHU7R9E,HGST_20HUH721212ALN604,GRU,0.16,1,1281,0,0.0
8CHUHHXE,HGST_20HUH721212ALN604,GRU,0.16,0,2075,0,0.0
8CJMA59E,HGST_20HUH721212ALN604,GRU,0.16,0,699,0,0.0
8DG1BB5Y,HGST_20HUH721212ALN604,GRU,0.16,0,423,0,0.0
8DG3MU5D,HGST_20HUH721212ALN604,GRU,0.16,0,2783,0,0.0
8DG4SAUD,HGST_20HUH721212ALN604,GRU,0.16,0,2783,0,0.0
8DG4SAZD,HGST_20HUH721212ALN604,GRU,0.16,0,2783,0,0.0
8DG52U7D,HGST_20HUH721212ALN604,GRU,0.16,0,2783,0,0.0
8DG52W9D,HGST_20HUH721212ALN604,GRU,0.16,0,2783,0,0.0
8DG52WND,HGST_20HUH721212ALN604,GRU,0.16,0,2783,0,0.0
8DG6S3UD,HGST_20HUH721212ALN604,GRU,0.16,1,2155,0,0.0
8DG88GTY,HGST_20HUH721212ALN604,GRU,0.16,0,425,0,0.0
8DG93TXY,HGST_20HUH721212ALN604,GRU,0.16,0,700,0,0.0
8DJE2HWH,HGST_20HUH721212ALN604,GRU,0.16,0,2613,0,0.0
8DJEPPSH,HGST_20HUH721212ALN604,GRU,0.16,0,2613,0,0.0
8DJEPTWH,HGST_20HUH721212ALN604,GRU,0.16,0,2613,0,0.0
8DJEUXLH,HGST_20HUH721212ALN604,GRU,0.16,0,2613,0,0.0
8DK5NDLH,HGST_20HUH721212ALN604,GRU,0.16,0,2250,0,0.0
8DKHU24H,HGST_20HUH721212ALN604,GRU,0.16,0,2249,0,0.0
8DKUD8AH,HGST_20HUH721212ALN604,GRU,0.16,0,2613,0,0.0
8DKV390H,HGST_20HUH721212ALN604,GRU,0.16,0,2558,0,0.0
8HG28M3H,HGST_20HUH721212ALN604,GRU,0.16,0,2558,0,0.0
8HG7LGUH,HGST_20HUH721212ALN604,GRU,0.16,1,2189,7,0.0031978072179077205
8HGBYHPH,HGST_20HUH721212ALN604,GRU,0.16,0,1611,0,0.0
8HGNAB0H,HGST_20HUH721212ALN604,GRU,0.16,0,2531,0,0.0
8HGZPYVH,HGST_20HUH721212ALN604,GRU,0.16,0,1515,67,0.04422442244224423
8HH12ZPH,HGST_20HUH721212ALN604,GRU,0.16,0,2665,0,0.0
8HH5JYSH,HGST_20HUH721212ALN604,GRU,0.16,0,2665,0,0.0
8HH8BNRH,HGST_20HUH721212ALN604,GRU,0.16,0,2531,0,0.0
8HH8P7RH,HGST_20HUH721212ALN604,GRU,0.16,0,2558,0,0.0
8HH901KH,HGST_20HUH721212ALN604,GRU,0.16,0,2531,0,0.0
8HH9ZRUH,HGST_20HUH721212ALN604,GRU,0.16,0,2558,0,0.0
8HHARE1H,HGST_20HUH721212ALN604,GRU,0.16,1,1320,14,0.010606060606060607
8HHARGBH,HGST_20HUH721212ALN604,GRU,0.16,0,2558,0,0.0
8HHATBKH,HGST_20HUH721212ALN604,GRU,0.16,0,2558,0,0.0
8HHJXENH,HGST_20HUH721212ALN604,GRU,0.16,0,2613,0,0.0
8HHNHSUH,HGST_20HUH721212ALN604,GRU,0.16,1,2040,0,0.0
8HHPUREH,HGST_20HUH721212ALN604,GRU,0.16,1,2011,9,0.0044753853804077575
8HHT1P2H,HGST_20HUH721212ALN604,GRU,0.16,0,2665,0,0.0
8HHTWXYH,HGST_20HUH721212ALN604,GRU,0.16,0,2665,0,0.0
8HHZ6MGH,HGST_20HUH721212ALN604,GRU,0.16,0,2665,0,0.0
8HJ1NNDH,HGST_20HUH721212ALN604,GRU,0.16,0,2665,0,0.0
8HJ6SJAH,HGST_20HUH721212ALN604,GRU,0.16,0,2665,0,0.0
8HJ6SJTH,HGST_20HUH721212ALN604,GRU,0.16,0,2665,0,0.0
8HJ74BPH,HGST_20HUH721212ALN604,GRU,0.16,0,2665,0,0.0
8HJ7UJHH,HGST_20HUH721212ALN604,GRU,0.16,0,2665,0,0.0
8HJ7Y9BH,HGST_20HUH721212ALN604,GRU,0.16,0,2665,0,0.0
8HJ7Z0DH,HGST_20HUH721212ALN604,GRU,0.16,0,2494,0,0.0
8HJ7Z10H,HGST_20HUH721212ALN604,GRU,0.16,0,2665,0,0.0
8HJ7Z1MH,HGST_20HUH721212ALN604,GRU,0.16,0,2665,0,0.0
8HJ86APH,HGST_20HUH721212ALN604,GRU,0.16,0,2665,0,0.0
8HJ86NXH,HGST_20HUH721212ALN604,GRU,0.16,0,2494,0,0.0
8HJ8LEXH,HGST_20HUH721212ALN604,GRU,0.16,0,2494,0,0.0
8HJ8LKMH,HGST_20HUH721212ALN604,GRU,0.16,1,2678,0,0.0
8HJ91WDH,HGST_20HUH721212ALN604,GRU,0.16,0,2494,0,0.0
8HJ94EVH,HGST_20HUH721212ALN604,GRU,0.16,0,2665,0,0.0
8HJ9JWTH,HGST_20HUH721212ALN604,GRU,0.16,0,2665,0,0.0
8HJ9K7HH,HGST_20HUH721212ALN604,GRU,0.16,1,2264,3,0.001325088339222615
8HJ9KKGH,HGST_20HUH721212ALN604,GRU,0.16,0,2494,0,0.0
8HJ9KN1H,HGST_20HUH721212ALN604,GRU,0.16,0,2665,0,0.0
8HJ9LS1H,HGST_20HUH721212ALN604,GRU,0.16,0,2665,0,0.0
8HJ9M5NH,HGST_20HUH721212ALN604,GRU,0.16,0,2665,0,0.0
8HJ9M94H,HGST_20HUH721212ALN604,GRU,0.16,0,2665,0,0.0
8HJ9MZBH,HGST_20HUH721212ALN604,GRU,0.16,0,2494,0,0.0
8HJ9NHPH,HGST_20HUH721212ALN604,GRU,0.16,0,2665,0,0.0
8HJ9NKKH,HGST_20HUH721212ALN604,GRU,0.16,0,2665,0,0.0
8HJ9RYSH,HGST_20HUH721212ALN604,GRU,0.16,0,2665,0,0.0
8HJ9S05H,HGST_20HUH721212ALN604,GRU,0.16,0,2665,0,0.0
8HJ9S0EH,HGST_20HUH721212ALN604,GRU,0.16,0,2665,0,0.0
8HJ9Y3ZH,HGST_20HUH721212ALN604,GRU,0.16,0,2494,0,0.0
8HJA085H,HGST_20HUH721212ALN604,GRU,0.16,0,2665,0,0.0
8HJA2DPH,HGST_20HUH721212ALN604,GRU,0.16,0,2665,0,0.0
8HJA8DBH,HGST_20HUH721212ALN604,GRU,0.16,0,2665,0,0.0
8HJBNYTH,HGST_20HUH721212ALN604,GRU,0.16,0,2613,0,0.0
8HJDK12H,HGST_20HUH721212ALN604,GRU,0.16,0,2665,0,0.0
8HJDX4PH,HGST_20HUH721212ALN604,GRU,0.16,0,2660,0,0.0
8HJEY89H,HGST_20HUH721212ALN604,GRU,0.16,0,2558,0,0.0
8HJG85RH,HGST_20HUH721212ALN604,GRU,0.16,0,2558,0,0.0
8HJGZPXH,HGST_20HUH721212ALN604,GRU,0.16,0,2665,0,0.0
8HJH62EH,HGST_20HUH721212ALN604,GRU,0.16,0,2665,0,0.0
8HJH8RWH,HGST_20HUH721212ALN604,GRU,0.16,0,2558,0,0.0
8HJK2HSH,HGST_20HUH721212ALN604,GRU,0.16,0,2665,0,0.0
8HJLKZRH,HGST_20HUH721212ALN604,GRU,0.16,0,2665,0,0.0
8HJRD7PH,HGST_20HUH721212ALN604,GRU,0.16,0,2558,0,0.0
8HJRUMWH,HGST_20HUH721212ALN604,GRU,0.16,0,2665,0,0.0
8HJRVW4H,HGST_20HUH721212ALN604,GRU,0.16,0,2665,0,0.0
8HJUGTVH,HGST_20HUH721212ALN604,GRU,0.16,0,2665,0,0.0
8HJVJKPH,HGST_20HUH721212ALN604,GRU,0.16,0,2665,0,0.0
8HJVUAGH,HGST_20HUH721212ALN604,GRU,0.16,0,2665,0,0.0
8HJWBJXH,HGST_20HUH721212ALN604,GRU,0.16,0,2665,0,0.0
8HJWHD6H,HGST_20HUH721212ALN604,GRU,0.16,0,2665,0,0.0
8HJWHEJH,HGST_20HUH721212ALN604,GRU,0.16,0,2531,0,0.0
8HJXG0WH,HGST_20HUH721212ALN604,GRU,0.16,1,1260,0,0.0
8HJXKBDH,HGST_20HUH721212ALN604,GRU,0.16,0,2558,0,0.0
8HJXU87H,HGST_20HUH721212ALN604,GRU,0.16,0,2665,0,0.0
8HJY20MH,HGST_20HUH721212ALN604,GRU,0.16,0,2665,0,0.0
8HJYTXWH,HGST_20HUH721212ALN604,GRU,0.16,0,2665,0,0.0
8HJYU0JH,HGST_20HUH721212ALN604,GRU,0.16,0,2660,0,0.0
8HJYZNZH,HGST_20HUH721212ALN604,GRU,0.16,0,2665,0,0.0
8HJZ13TH,HGST_20HUH721212ALN604,GRU,0.16,0,2665,0,0.0
8HJZADEH,HGST_20HUH721212ALN604,GRU,0.16,0,2665,0,0.0
8HJZEG6H,HGST_20HUH721212ALN604,GRU,0.16,1,1830,0,0.0
8HJZG4AH,HGST_20HUH721212ALN604,GRU,0.16,0,2665,0,0.0
8HJZNVWH,HGST_20HUH721212ALN604,GRU,0.16,0,2660,0,0.0
8HK087WH,HGST_20HUH721212ALN604,GRU,0.16,0,2665,0,0.0
8HK0HH3H,HGST_20HUH721212ALN604,GRU,0.16,0,2665,0,0.0
8HK12NNH,HGST_20HUH721212ALN604,GRU,0.16,0,2665,0,0.0
8HK17SKH,HGST_20HUH721212ALN604,GRU,0.16,0,2665,5,0.001876172607879925
8HK17SWH,HGST_20HUH721212ALN604,GRU,0.16,0,2665,0,0.0
8HK17SYH,HGST_20HUH721212ALN604,GRU,0.16,0,1574,0,0.0
8HK19K9H,HGST_20HUH721212ALN604,GRU,0.16,0,2665,0,0.0
8HK19KVH,HGST_20HUH721212ALN604,GRU,0.16,0,2665,0,0.0
8HK1KY3H,HGST_20HUH721212ALN604,GRU,0.16,0,2665,0,0.0
8HK1LYPH,HGST_20HUH721212ALN604,GRU,0.16,0,2665,0,0.0
8HK1N18H,HGST_20HUH721212ALN604,GRU,0.16,0,2665,0,0.0
8HK1PV7H,HGST_20HUH721212ALN604,GRU,0.16,0,2665,0,0.0
8HK1UULH,HGST_20HUH721212ALN604,GRU,0.16,0,2665,0,0.0
8HK1XAAH,HGST_20HUH721212ALN604,GRU,0.16,1,1076,0,0.0
8HK224GH,HGST_20HUH721212ALN604,GRU,0.16,0,2665,0,0.0
8HK25XSH,HGST_20HUH721212ALN604,GRU,0.16,0,2665,0,0.0
8HK266WH,HGST_20HUH721212ALN604,GRU,0.16,0,2665,0,0.0
8HK28TJH,HGST_20HUH721212ALN604,GRU,0.16,0,2665,0,0.0
8HK28Y0H,HGST_20HUH721212ALN604,GRU,0.16,0,2665,0,0.0
8HK2A1EH,HGST_20HUH721212ALN604,GRU,0.16,0,2466,0,0.0
8HK2BA6H,HGST_20HUH721212ALN604,GRU,0.16,0,2665,0,0.0
8HK2BAEH,HGST_20HUH721212ALN604,GRU,0.16,0,2665,0,0.0
8HK2DVKH,HGST_20HUH721212ALN604,GRU,0.16,0,2665,0,0.0
8HK2JXUH,HGST_20HUH721212ALN604,GRU,0.16,0,2531,0,0.0
8HK2KY6H,HGST_20HUH721212ALN604,GRU,0.16,0,2660,0,0.0
8HK2MXPH,HGST_20HUH721212ALN604,GRU,0.16,0,2665,0,0.0
8HK2RMWH,HGST_20HUH721212ALN604,GRU,0.16,0,2665,0,0.0
8HK2RNWH,HGST_20HUH721212ALN604,GRU,0.16,0,2665,0,0.0
8HK2RP9H,HGST_20HUH721212ALN604,GRU,0.16,0,2665,0,0.0
8HK2VLMH,HGST_20HUH721212ALN604,GRU,0.16,0,2665,0,0.0
8HK2X4YH,HGST_20HUH721212ALN604,GRU,0.16,0,2665,0,0.0
8HK2ZPDH,HGST_20HUH721212ALN604,GRU,0.16,0,2494,0,0.0
8HK2ZT1H,HGST_20HUH721212ALN604,GRU,0.16,0,2665,0,0.0
8HK31WMH,HGST_20HUH721212ALN604,GRU,0.16,0,2494,0,0.0
8HK31Y8H,HGST_20HUH721212ALN604,GRU,0.16,0,2665,0,0.0
8HK341ZH,HGST_20HUH721212ALN604,GRU,0.16,0,2665,0,0.0
8HK34EZH,HGST_20HUH721212ALN604,GRU,0.16,0,2665,0,0.0
8HK3BWZH,HGST_20HUH721212ALN604,GRU,0.16,0,2665,0,0.0
8HK3GTLH,HGST_20HUH721212ALN604,GRU,0.16,0,2665,0,0.0
8HK3GUXH,HGST_20HUH721212ALN604,GRU,0.16,0,2665,0,0.0
8HK3MMSH,HGST_20HUH721212ALN604,GRU,0.16,0,2665,0,0.0
8HK3NG2H,HGST_20HUH721212ALN604,GRU,0.16,0,2660,0,0.0
8HK3NJMH,HGST_20HUH721212ALN604,GRU,0.16,0,2665,0,0.0
8HK41HEH,HGST_20HUH721212ALN604,GRU,0.16,0,2665,0,0.0
8HK69BMH,HGST_20HUH721212ALN604,GRU,0.16,0,2558,0,0.0
8HK6T2AH,HGST_20HUH721212ALN604,GRU,0.16,0,2665,0,0.0
8HK6TL7H,HGST_20HUH721212ALN604,GRU,0.16,0,2665,0,0.0
8HK6UUDH,HGST_20HUH721212ALN604,GRU,0.16,0,2531,0,0.0
8HK6V14H,HGST_20HUH721212ALN604,GRU,0.16,0,2665,0,0.0
8HK6VSKH,HGST_20HUH721212ALN604,GRU,0.16,1,1944,5,0.00257201646090535
8HK70X7H,HGST_20HUH721212ALN604,GRU,0.16,0,2665,0,0.0
8HK7194H,HGST_20HUH721212ALN604,GRU,0.16,0,2665,0,0.0
8HK72J0H,HGST_20HUH721212ALN604,GRU,0.16,0,2665,0,0.0
8HK7DKMH,HGST_20HUH721212ALN604,GRU,0.16,0,2558,0,0.0
8HK7E5DH,HGST_20HUH721212ALN604,GRU,0.16,0,2665,0,0.0
8HK7E68H,HGST_20HUH721212ALN604,GRU,0.16,0,2665,0,0.0
8HK7H58H,HGST_20HUH721212ALN604,GRU,0.16,0,2665,0,0.0
8HK80P1H,HGST_20HUH721212ALN604,GRU,0.16,0,2613,0,0.0
8HKB2WEH,HGST_20HUH721212ALN604,GRU,0.16,0,2613,0,0.0
8HKB3M2H,HGST_20HUH721212ALN604,GRU,0.16,0,2613,0,0.0
8HKB4R4H,HGST_20HUH721212ALN604,GRU,0.16,0,2494,0,0.0
8HKBBKKH,HGST_20HUH721212ALN604,GRU,0.16,0,2665,0,0.0
8HKBYNVH,HGST_20HUH721212ALN604,GRU,0.16,0,2494,0,0.0
8HKE039H,HGST_20HUH721212ALN604,GRU,0.16,0,2665,0,0.0
8HKE6E1H,HGST_20HUH721212ALN604,GRU,0.16,0,2613,0,0.0
8HKE8S7H,HGST_20HUH721212ALN604,GRU,0.16,0,2613,0,0.0
8HKEAWEH,HGST_20HUH721212ALN604,GRU,0.16,0,2466,0,0.0
8HKEKYRH,HGST_20HUH721212ALN604,GRU,0.16,0,2466,0,0.0
8HKG0GWH,HGST_20HUH721212ALN604,GRU,0.16,0,2613,0,0.0
8HKHPZHH,HGST_20HUH721212ALN604,GRU,0.16,0,2466,0,0.0
8HKJ4MAH,HGST_20HUH721212ALN604,GRU,0.16,0,2552,0,0.0
8HKJ5KDH,HGST_20HUH721212ALN604,GRU,0.16,1,2420,0,0.0
8HKL6STH,HGST_20HUH721212ALN604,GRU,0.16,0,2558,0,0.0
8HKLRUSH,HGST_20HUH721212ALN604,GRU,0.16,0,2558,19,0.007427677873338546
8HKM415H,HGST_20HUH721212ALN604,GRU,0.16,0,2558,0,0.0
8HKM5RVH,HGST_20HUH721212ALN604,GRU,0.16,0,2531,0,0.0
8HKM654H,HGST_20HUH721212ALN604,GRU,0.16,0,2531,0,0.0
8HKM9Z1H,HGST_20HUH721212ALN604,GRU,0.16,0,2531,0,0.0
8HKMR21H,HGST_20HUH721212ALN604,GRU,0.16,1,525,0,0.0
8HKNMW1H,HGST_20HUH721212ALN604,GRU,0.16,0,2494,0,0.0
8HKNN28H,HGST_20HUH721212ALN604,GRU,0.16,0,2466,0,0.0
8HKPM7RH,HGST_20HUH721212ALN604,GRU,0.16,0,2558,0,0.0
8HKPZY9H,HGST_20HUH721212ALN604,GRU,0.16,1,1966,6,0.003051881993896236
8HKRER2H,HGST_20HUH721212ALN604,GRU,0.16,0,2466,0,0.0
8HKS4X3H,HGST_20HUH721212ALN604,GRU,0.16,0,2558,0,0.0
8HKTBA3H,HGST_20HUH721212ALN604,GRU,0.16,1,2033,0,0.0
8HKTE54H,HGST_20HUH721212ALN604,GRU,0.16,0,2558,0,0.0
8HKTH2SH,HGST_20HUH721212ALN604,GRU,0.16,1,1733,0,0.0
8HKTK0XH,HGST_20HUH721212ALN604,GRU,0.16,0,2613,0,0.0
8HKU0DXH,HGST_20HUH721212ALN604,GRU,0.16,0,2558,0,0.0
8HKU3YTH,HGST_20HUH721212ALN604,GRU,0.16,1,1950,88,0.04512820512820513
8HKU4WXH,HGST_20HUH721212ALN604,GRU,0.16,0,2613,0,0.0
8HKUEJHH,HGST_20HUH721212ALN604,GRU,0.16,1,2221,0,0.0
8HKVW60H,HGST_20HUH721212ALN604,GRU,0.16,0,2531,0,0.0
8HKW4NPH,HGST_20HUH721212ALN604,GRU,0.16,0,2466,0,0.0
8HKWV1GH,HGST_20HUH721212ALN604,GRU,0.16,0,2613,0,0.0
8HKWXJYH,HGST_20HUH721212ALN604,GRU,0.16,0,2531,0,0.0
8HKY0KHH,HGST_20HUH721212ALN604,GRU,0.16,1,1902,224,0.11777076761303891
8HKY66PH,HGST_20HUH721212ALN604,GRU,0.16,0,2558,0,0.0
8HKYJ38H,HGST_20HUH721212ALN604,GRU,0.16,0,2531,0,0.0
8HKYZ6YH,HGST_20HUH721212ALN604,GRU,0.16,0,2531,0,0.0
8HKZ213H,HGST_20HUH721212ALN604,GRU,0.16,0,2613,0,0.0
8HKZDBRH,HGST_20HUH721212ALN604,GRU,0.16,0,2466,0,0.0
8HKZL75H,HGST_20HUH721212ALN604,GRU,0.16,0,2380,0,0.0
AAG0EXPH,HGST_20HUH721212ALN604,GRU,0.16,0,2613,0,0.0
AAG0LHRH,HGST_20HUH721212ALN604,GRU,0.16,0,2613,0,0.0
AAG121VH,HGST_20HUH721212ALN604,GRU,0.16,0,2558,0,0.0
AAG16VPH,HGST_20HUH721212ALN604,GRU,0.16,0,2613,0,0.0
AAG18L0H,HGST_20HUH721212ALN604,GRU,0.16,0,2531,0,0.0
AAG18MEH,HGST_20HUH721212ALN604,GRU,0.16,0,2558,0,0.0
AAG197UH,HGST_20HUH721212ALN604,GRU,0.16,0,2466,0,0.0
AAG1LSNH,HGST_20HUH721212ALN604,GRU,0.16,1,2399,0,0.0
AAG1LSVH,HGST_20HUH721212ALN604,GRU,0.16,0,2613,0,0.0
AAG1LW3H,HGST_20HUH721212ALN604,GRU,0.16,1,2065,0,0.0
AAG1PLVH,HGST_20HUH721212ALN604,GRU,0.16,0,2531,0,0.0
AAG1PM9H,HGST_20HUH721212ALN604,GRU,0.16,0,2531,0,0.0
AAG1RJAH,HGST_20HUH721212ALN604,GRU,0.16,0,2531,0,0.0
AAG1RK5H,HGST_20HUH721212ALN604,GRU,0.16,0,2613,0,0.0
AAG1RR9H,HGST_20HUH721212ALN604,GRU,0.16,0,2531,0,0.0
AAG1RUJH,HGST_20HUH721212ALN604,GRU,0.16,0,2531,0,0.0
AAG1TGGH,HGST_20HUH721212ALN604,GRU,0.16,0,2613,0,0.0
AAG1VJYH,HGST_20HUH721212ALN604,GRU,0.16,0,2531,0,0.0
AAG1VNPH,HGST_20HUH721212ALN604,GRU,0.16,0,2613,0,0.0
AAG1Z4AH,HGST_20HUH721212ALN604,GRU,0.16,0,2393,0,0.0
AAG23A2H,HGST_20HUH721212ALN604,GRU,0.16,0,2613,0,0.0
AAG23AKH,HGST_20HUH721212ALN604,GRU,0.16,0,2613,0,0.0
AAG23AVH,HGST_20HUH721212ALN604,GRU,0.16,0,2531,0,0.0
AAG246TH,HGST_20HUH721212ALN604,GRU,0.16,0,2466,0,0.0
AAG24UVH,HGST_20HUH721212ALN604,GRU,0.16,0,2613,0,0.0
AAG24VXH,HGST_20HUH721212ALN604,GRU,0.16,0,2613,0,0.0
AAG26NBH,HGST_20HUH721212ALN604,GRU,0.16,1,1667,0,0.0
AAG26TPH,HGST_20HUH721212ALN604,GRU,0.16,0,2531,0,0.0
AAG26U9H,HGST_20HUH721212ALN604,GRU,0.16,1,1336,0,0.0
AAG27VEH,HGST_20HUH721212ALN604,GRU,0.16,0,2531,0,0.0
AAG27W2H,HGST_20HUH721212ALN604,GRU,0.16,0,2558,0,0.0
AAG27XPH,HGST_20HUH721212ALN604,GRU,0.16,1,2385,0,0.0
AAG27ZLH,HGST_20HUH721212ALN604,GRU,0.16,0,2531,0,0.0
AAG281TH,HGST_20HUH721212ALN604,GRU,0.16,1,2025,0,0.0
AAG2GGJH,HGST_20HUH721212ALN604,GRU,0.16,0,2466,0,0.0
AAG2JGJH,HGST_20HUH721212ALN604,GRU,0.16,1,2447,0,0.0
AAG2JL4H,HGST_20HUH721212ALN604,GRU,0.16,0,2613,0,0.0
AAG2RZJH,HGST_20HUH721212ALN604,GRU,0.16,0,2531,0,0.0
AAG2S62H,HGST_20HUH721212ALN604,GRU,0.16,0,2531,0,0.0
AAG2S9YH,HGST_20HUH721212ALN604,GRU,0.16,0,2466,0,0.0
AAG2SAYH,HGST_20HUH721212ALN604,GRU,0.16,0,2393,0,0.0
AAG2SJ3H,HGST_20HUH721212ALN604,GRU,0.16,0,2393,0,0.0
AAG2VSVH,HGST_20HUH721212ALN604,GRU,0.16,0,2531,0,0.0
AAG2Y6JH,HGST_20HUH721212ALN604,GRU,0.16,0,2531,0,0.0
AAG2Z67H,HGST_20HUH721212ALN604,GRU,0.16,0,2466,0,0.0
AAG2ZU1H,HGST_20HUH721212ALN604,GRU,0.16,0,2466,0,0.0
AAG305AH,HGST_20HUH721212ALN604,GRU,0.16,0,2466,0,0.0
AAG306GH,HGST_20HUH721212ALN604,GRU,0.16,0,2613,0,0.0
AAG34Z4H,HGST_20HUH721212ALN604,GRU,0.16,0,2613,0,0.0
AAG350BH,HGST_20HUH721212ALN604,GRU,0.16,0,2531,9,0.0035559067562228367
AAG350TH,HGST_20HUH721212ALN604,GRU,0.16,0,2531,0,0.0
AAG3512H,HGST_20HUH721212ALN604,GRU,0.16,0,2531,0,0.0
AAG352AH,HGST_20HUH721212ALN604,GRU,0.16,0,2466,0,0.0
AAG353EH,HGST_20HUH721212ALN604,GRU,0.16,0,2613,0,0.0
AAG35LWH,HGST_20HUH721212ALN604,GRU,0.16,0,2613,0,0.0
AAG401PH,HGST_20HUH721212ALN604,GRU,0.16,0,2613,0,0.0
AAG46YHH,HGST_20HUH721212ALN604,GRU,0.16,0,2531,0,0.0
AAG477BH,HGST_20HUH721212ALN604,GRU,0.16,0,2613,0,0.0
AAG478DH,HGST_20HUH721212ALN604,GRU,0.16,0,2531,0,0.0
AAG48B3H,HGST_20HUH721212ALN604,GRU,0.16,0,2558,0,0.0
AAG4AA9H,HGST_20HUH721212ALN604,GRU,0.16,0,2558,0,0.0
AAG4VESH,HGST_20HUH721212ALN604,GRU,0.16,0,2558,64,0.02501954652071931
AAG4Z4YH,HGST_20HUH721212ALN604,GRU,0.16,0,2558,0,0.0
AAG4Z52H,HGST_20HUH721212ALN604,GRU,0.16,0,2558,0,0.0
AAG4Z5AH,HGST_20HUH721212ALN604,GRU,0.16,1,2261,0,0.0
AAG4ZABH,HGST_20HUH721212ALN604,GRU,0.16,0,2558,0,0.0
AAG51RHH,HGST_20HUH721212ALN604,GRU,0.16,0,2613,0,0.0
AAG540GH,HGST_20HUH721212ALN604,GRU,0.16,0,2531,0,0.0
AAG5DTTH,HGST_20HUH721212ALN604,GRU,0.16,0,2531,0,0.0
AAG5Y4DH,HGST_20HUH721212ALN604,GRU,0.16,0,2613,0,0.0
AAG5Y4LH,HGST_20HUH721212ALN604,GRU,0.16,0,2613,0,0.0
AAG5Y4TH,HGST_20HUH721212ALN604,GRU,0.16,0,2613,0,0.0
AAG5Y4UH,HGST_20HUH721212ALN604,GRU,0.16,0,2613,0,0.0
AAG5Y5UH,HGST_20HUH721212ALN604,GRU,0.16,0,2613,0,0.0
AAG5YJ4H,HGST_20HUH721212ALN604,GRU,0.16,0,2531,0,0.0
AAG5YLKH,HGST_20HUH721212ALN604,GRU,0.16,0,2558,0,0.0
AAG5YYBH,HGST_20HUH721212ALN604,GRU,0.16,0,2613,0,0.0
AAG5YYKH,HGST_20HUH721212ALN604,GRU,0.16,1,2444,12,0.004909983633387889
AAG5YZ8H,HGST_20HUH721212ALN604,GRU,0.16,0,2531,0,0.0
AAG5YZZH,HGST_20HUH721212ALN604,GRU,0.16,1,2344,0,0.0
AAG613MH,HGST_20HUH721212ALN604,GRU,0.16,0,2613,0,0.0
AAG613RH,HGST_20HUH721212ALN604,GRU,0.16,1,2345,0,0.0
AAG61KPH,HGST_20HUH721212ALN604,GRU,0.16,0,2531,0,0.0
AAG61LHH,HGST_20HUH721212ALN604,GRU,0.16,1,1905,57,0.029921259842519685
AAG61NEH,HGST_20HUH721212ALN604,GRU,0.16,0,2613,0,0.0
AAG61NZH,HGST_20HUH721212ALN604,GRU,0.16,0,2531,0,0.0
AAG61P2H,HGST_20HUH721212ALN604,GRU,0.16,0,2558,0,0.0
AAG61UMH,HGST_20HUH721212ALN604,GRU,0.16,0,2613,0,0.0
AAG61WRH,HGST_20HUH721212ALN604,GRU,0.16,0,2558,0,0.0
AAG61Z1H,HGST_20HUH721212ALN604,GRU,0.16,0,2613,0,0.0
AAG61ZAH,HGST_20HUH721212ALN604,GRU,0.16,0,2558,0,0.0
AAG620PH,HGST_20HUH721212ALN604,GRU,0.16,0,2531,0,0.0
AAG621WH,HGST_20HUH721212ALN604,GRU,0.16,0,2613,0,0.0
AAG623DH,HGST_20HUH721212ALN604,GRU,0.16,0,2613,0,0.0
AAG6376H,HGST_20HUH721212ALN604,GRU,0.16,0,2531,0,0.0
AAG637RH,HGST_20HUH721212ALN604,GRU,0.16,1,1233,0,0.0
AAG6381H,HGST_20HUH721212ALN604,GRU,0.16,0,2613,0,0.0
AAG638GH,HGST_20HUH721212ALN604,GRU,0.16,0,2613,0,0.0
AAG639BH,HGST_20HUH721212ALN604,GRU,0.16,0,2613,0,0.0
AAG63DLH,HGST_20HUH721212ALN604,GRU,0.16,0,2527,0,0.0
AAG63JSH,HGST_20HUH721212ALN604,GRU,0.16,0,2558,0,0.0
AAG63PJH,HGST_20HUH721212ALN604,GRU,0.16,0,2531,0,0.0
AAG63PKH,HGST_20HUH721212ALN604,GRU,0.16,1,1179,1,0.0008481764206955047
AAG63PLH,HGST_20HUH721212ALN604,GRU,0.16,0,2558,0,0.0
AAG63RGH,HGST_20HUH721212ALN604,GRU,0.16,0,2558,0,0.0
AAG63TMH,HGST_20HUH721212ALN604,GRU,0.16,1,2374,243,0.10235888795282225
AAG63TSH,HGST_20HUH721212ALN604,GRU,0.16,0,2531,0,0.0
AAG63V6H,HGST_20HUH721212ALN604,GRU,0.16,0,2531,0,0.0
AAG63WHH,HGST_20HUH721212ALN604,GRU,0.16,1,2522,0,0.0
AAG63Z8H,HGST_20HUH721212ALN604,GRU,0.16,1,2404,15,0.006239600665557404
AAG6417H,HGST_20HUH721212ALN604,GRU,0.16,1,1925,8,0.004155844155844156
AAG6436H,HGST_20HUH721212ALN604,GRU,0.16,0,2466,0,0.0
AAG64VXH,HGST_20HUH721212ALN604,GRU,0.16,0,2613,0,0.0
AAG6509H,HGST_20HUH721212ALN604,GRU,0.16,0,2531,0,0.0
AAG67UZH,HGST_20HUH721212ALN604,GRU,0.16,0,2531,0,0.0
AAG67V3H,HGST_20HUH721212ALN604,GRU,0.16,1,2304,1,0.00043402777777777775
AAG67VBH,HGST_20HUH721212ALN604,GRU,0.16,0,2531,0,0.0
AAG67W3H,HGST_20HUH721212ALN604,GRU,0.16,0,2558,0,0.0
AAG67Z8H,HGST_20HUH721212ALN604,GRU,0.16,0,2466,0,0.0
AAG682YH,HGST_20HUH721212ALN604,GRU,0.16,1,1926,22,0.01142263759086189
AAG683JH,HGST_20HUH721212ALN604,GRU,0.16,0,2558,0,0.0
AAG686GH,HGST_20HUH721212ALN604,GRU,0.16,0,2558,0,0.0
AAG6870H,HGST_20HUH721212ALN604,GRU,0.16,0,2613,0,0.0
AAG6878H,HGST_20HUH721212ALN604,GRU,0.16,0,2613,0,0.0
AAG687GH,HGST_20HUH721212ALN604,GRU,0.16,0,2558,0,0.0
AAG687MH,HGST_20HUH721212ALN604,GRU,0.16,0,2531,0,0.0
AAG68AGH,HGST_20HUH721212ALN604,GRU,0.16,0,2466,0,0.0
AAG68AKH,HGST_20HUH721212ALN604,GRU,0.16,0,2552,0,0.0
AAG68AUH,HGST_20HUH721212ALN604,GRU,0.16,0,2613,0,0.0
AAG68AXH,HGST_20HUH721212ALN604,GRU,0.16,0,2531,0,0.0
AAG68BRH,HGST_20HUH721212ALN604,GRU,0.16,0,2608,0,0.0
AAG68EWH,HGST_20HUH721212ALN604,GRU,0.16,1,1548,0,0.0
AAG68EXH,HGST_20HUH721212ALN604,GRU,0.16,1,1993,0,0.0
AAG68KVH,HGST_20HUH721212ALN604,GRU,0.16,0,2613,0,0.0
AAG691PH,HGST_20HUH721212ALN604,GRU,0.16,0,2466,0,0.0
AAG691VH,HGST_20HUH721212ALN604,GRU,0.16,0,2613,0,0.0
AAG69LHH,HGST_20HUH721212ALN604,GRU,0.16,0,2466,0,0.0
AAG69TTH,HGST_20HUH721212ALN604,GRU,0.16,0,2558,0,0.0
AAG69WWH,HGST_20HUH721212ALN604,GRU,0.16,0,2613,0,0.0
AAG69YWH,HGST_20HUH721212ALN604,GRU,0.16,0,2558,0,0.0
AAG6A03H,HGST_20HUH721212ALN604,GRU,0.16,0,2558,0,0.0
AAG6A07H,HGST_20HUH721212ALN604,GRU,0.16,0,2558,0,0.0
AAG6A0AH,HGST_20HUH721212ALN604,GRU,0.16,0,2613,0,0.0
AAG6AATH,HGST_20HUH721212ALN604,GRU,0.16,0,2466,0,0.0
AAG6AV4H,HGST_20HUH721212ALN604,GRU,0.16,0,2558,0,0.0
AAG6AWTH,HGST_20HUH721212ALN604,GRU,0.16,1,1930,0,0.0
AAG6AX6H,HGST_20HUH721212ALN604,GRU,0.16,0,2513,0,0.0
AAG6B4HH,HGST_20HUH721212ALN604,GRU,0.16,0,2531,0,0.0
AAG6B5KH,HGST_20HUH721212ALN604,GRU,0.16,0,2531,0,0.0
AAG6DT9H,HGST_20HUH721212ALN604,GRU,0.16,1,56,0,0.0
AAG6DVEH,HGST_20HUH721212ALN604,GRU,0.16,0,2558,0,0.0
AAG6DXTH,HGST_20HUH721212ALN604,GRU,0.16,0,2613,0,0.0
AAG6E2HH,HGST_20HUH721212ALN604,GRU,0.16,0,2531,0,0.0
AAG6E60H,HGST_20HUH721212ALN604,GRU,0.16,0,2558,0,0.0
AAG6E7EH,HGST_20HUH721212ALN604,GRU,0.16,0,2531,0,0.0
AAG6E7RH,HGST_20HUH721212ALN604,GRU,0.16,0,2552,0,0.0
AAG6ESPH,HGST_20HUH721212ALN604,GRU,0.16,0,2613,0,0.0
AAG6EVRH,HGST_20HUH721212ALN604,GRU,0.16,0,2613,0,0.0
AAG6EX3H,HGST_20HUH721212ALN604,GRU,0.16,0,2613,0,0.0
AAG6GM1H,HGST_20HUH721212ALN604,GRU,0.16,0,2531,0,0.0
AAG6H25H,HGST_20HUH721212ALN604,GRU,0.16,0,2558,0,0.0
AAG6HG0H,HGST_20HUH721212ALN604,GRU,0.16,0,2552,0,0.0
AAG6HSEH,HGST_20HUH721212ALN604,GRU,0.16,0,2558,0,0.0
AAG6HYXH,HGST_20HUH721212ALN604,GRU,0.16,0,2558,0,0.0
AAG6J1MH,HGST_20HUH721212ALN604,GRU,0.16,0,2613,0,0.0
AAG6J1TH,HGST_20HUH721212ALN604,GRU,0.16,1,2396,0,0.0
AAG6J2DH,HGST_20HUH721212ALN604,GRU,0.16,1,1743,0,0.0
AAG6J2KH,HGST_20HUH721212ALN604,GRU,0.16,1,1749,28,0.016009148084619784
AAG6KJ6H,HGST_20HUH721212ALN604,GRU,0.16,0,2531,0,0.0
AAG6KJPH,HGST_20HUH721212ALN604,GRU,0.16,0,2531,0,0.0
AAG6KTJH,HGST_20HUH721212ALN604,GRU,0.16,0,2558,0,0.0
AAG6KTRH,HGST_20HUH721212ALN604,GRU,0.16,0,2613,0,0.0
AAG6KUAH,HGST_20HUH721212ALN604,GRU,0.16,0,2580,22,0.008527131782945736
AAG6KUJH,HGST_20HUH721212ALN604,GRU,0.16,0,2558,0,0.0
AAG6KV6H,HGST_20HUH721212ALN604,GRU,0.16,1,1003,0,0.0
AAG6L88H,HGST_20HUH721212ALN604,GRU,0.16,0,2531,0,0.0
AAG6L8VH,HGST_20HUH721212ALN604,GRU,0.16,0,2531,7,0.002765705254839984
AAG6LD7H,HGST_20HUH721212ALN604,GRU,0.16,1,2300,0,0.0
AAG6LDTH,HGST_20HUH721212ALN604,GRU,0.16,0,2531,0,0.0
AAG6LEHH,HGST_20HUH721212ALN604,GRU,0.16,0,2552,0,0.0
AAG6LEJH,HGST_20HUH721212ALN604,GRU,0.16,0,2558,0,0.0
AAG6LG9H,HGST_20HUH721212ALN604,GRU,0.16,0,2613,0,0.0
AAG6LTSH,HGST_20HUH721212ALN604,GRU,0.16,0,2558,0,0.0
AAG6M3BH,HGST_20HUH721212ALN604,GRU,0.16,0,2558,0,0.0
AAG6M8TH,HGST_20HUH721212ALN604,GRU,0.16,0,2613,0,0.0
AAG6MABH,HGST_20HUH721212ALN604,GRU,0.16,0,2494,0,0.0
AAG6NEEH,HGST_20HUH721212ALN604,GRU,0.16,0,2531,0,0.0
AAG6NP0H,HGST_20HUH721212ALN604,GRU,0.16,1,2033,222,0.10919822921790458
AAG6NPRH,HGST_20HUH721212ALN604,GRU,0.16,1,2540,11,0.004330708661417323
AAG6NRBH,HGST_20HUH721212ALN604,GRU,0.16,1,1926,7,0.0036344755970924196
AAG6NRZH,HGST_20HUH721212ALN604,GRU,0.16,0,2531,0,0.0
AAG6NS8H,HGST_20HUH721212ALN604,GRU,0.16,0,2069,0,0.0
AAG6NSKH,HGST_20HUH721212ALN604,GRU,0.16,0,2613,0,0.0
AAG6NVKH,HGST_20HUH721212ALN604,GRU,0.16,0,2613,0,0.0
AAG6NW3H,HGST_20HUH721212ALN604,GRU,0.16,0,2466,0,0.0
AAG6P40H,HGST_20HUH721212ALN604,GRU,0.16,0,2613,0,0.0
AAG6P42H,HGST_20HUH721212ALN604,GRU,0.16,0,2558,0,0.0
AAG6P4EH,HGST_20HUH721212ALN604,GRU,0.16,0,2531,0,0.0
AAG6P9AH,HGST_20HUH721212ALN604,GRU,0.16,0,2558,0,0.0
AAG6PWBH,HGST_20HUH721212ALN604,GRU,0.16,0,2558,0,0.0
AAG6PY2H,HGST_20HUH721212ALN604,GRU,0.16,0,2613,0,0.0
AAG6PYLH,HGST_20HUH721212ALN604,GRU,0.16,0,2466,0,0.0
AAG6R0AH,HGST_20HUH721212ALN604,GRU,0.16,0,2466,0,0.0
AAG6R2RH,HGST_20HUH721212ALN604,GRU,0.16,0,2558,0,0.0
AAG6R32H,HGST_20HUH721212ALN604,GRU,0.16,0,2558,0,0.0
AAG6R48H,HGST_20HUH721212ALN604,GRU,0.16,0,2531,0,0.0
AAG6R8UH,HGST_20HUH721212ALN604,GRU,0.16,0,2531,0,0.0
AAG6T4ZH,HGST_20HUH721212ALN604,GRU,0.16,0,2531,0,0.0
AAG6T52H,HGST_20HUH721212ALN604,GRU,0.16,1,1471,0,0.0
AAG6T55H,HGST_20HUH721212ALN604,GRU,0.16,0,2466,0,0.0
AAG6T5JH,HGST_20HUH721212ALN604,GRU,0.16,0,2482,0,0.0
AAG6T7LH,HGST_20HUH721212ALN604,GRU,0.16,0,2558,0,0.0
AAG6T9NH,HGST_20HUH721212ALN604,GRU,0.16,0,2466,0,0.0
AAG6TA8H,HGST_20HUH721212ALN604,GRU,0.16,0,2613,0,0.0
AAG6TAHH,HGST_20HUH721212ALN604,GRU,0.16,0,2466,0,0.0
AAG6TAKH,HGST_20HUH721212ALN604,GRU,0.16,0,2466,0,0.0
AAG6TBBH,HGST_20HUH721212ALN604,GRU,0.16,0,2531,0,0.0
AAG6TBJH,HGST_20HUH721212ALN604,GRU,0.16,0,2613,0,0.0
AAG6THHH,HGST_20HUH721212ALN604,GRU,0.16,0,2466,0,0.0
AAG6THJH,HGST_20HUH721212ALN604,GRU,0.16,0,2466,0,0.0
AAG6THLH,HGST_20HUH721212ALN604,GRU,0.16,0,2494,0,0.0
AAG6TRKH,HGST_20HUH721212ALN604,GRU,0.16,0,2494,0,0.0
AAG6TS8H,HGST_20HUH721212ALN604,GRU,0.16,0,2466,0,0.0
AAG6TSUH,HGST_20HUH721212ALN604,GRU,0.16,0,2531,0,0.0
AAG6TT1H,HGST_20HUH721212ALN604,GRU,0.16,0,2482,0,0.0
AAG6TT9H,HGST_20HUH721212ALN604,GRU,0.16,0,2531,0,0.0
AAG6TTNH,HGST_20HUH721212ALN604,GRU,0.16,0,2613,0,0.0
AAG6TUVH,HGST_20HUH721212ALN604,GRU,0.16,0,2466,0,0.0
AAG6TVPH,HGST_20HUH721212ALN604,GRU,0.16,0,2531,0,0.0
AAG6TY4H,HGST_20HUH721212ALN604,GRU,0.16,0,2466,0,0.0
AAG6U5AH,HGST_20HUH721212ALN604,GRU,0.16,0,2558,0,0.0
AAG6UKNH,HGST_20HUH721212ALN604,GRU,0.16,0,2531,0,0.0
AAG6UMGH,HGST_20HUH721212ALN604,GRU,0.16,0,2613,0,0.0
AAG6UMJH,HGST_20HUH721212ALN604,GRU,0.16,0,2613,0,0.0
AAG6UNKH,HGST_20HUH721212ALN604,GRU,0.16,0,2459,8,0.0032533550223668157
AAG6US4H,HGST_20HUH721212ALN604,GRU,0.16,0,2558,0,0.0
AAG6UT0H,HGST_20HUH721212ALN604,GRU,0.16,0,2466,0,0.0
AAG6UU8H,HGST_20HUH721212ALN604,GRU,0.16,0,2613,0,0.0
AAG6UZTH,HGST_20HUH721212ALN604,GRU,0.16,0,2531,0,0.0
AAG6V1MH,HGST_20HUH721212ALN604,GRU,0.16,0,2531,0,0.0
AAG6V71H,HGST_20HUH721212ALN604,GRU,0.16,0,2558,0,0.0
AAG6V7DH,HGST_20HUH721212ALN604,GRU,0.16,0,2558,0,0.0
AAG6V7VH,HGST_20HUH721212ALN604,GRU,0.16,0,2558,0,0.0
AAG6VHXH,HGST_20HUH721212ALN604,GRU,0.16,0,2466,0,0.0
AAG6VJKH,HGST_20HUH721212ALN604,GRU,0.16,0,2531,0,0.0
AAG6VM8H,HGST_20HUH721212ALN604,GRU,0.16,0,2531,0,0.0
AAG6VMBH,HGST_20HUH721212ALN604,GRU,0.16,0,2558,0,0.0
AAG6VMGH,HGST_20HUH721212ALN604,GRU,0.16,0,2558,0,0.0
AAG6X6JH,HGST_20HUH721212ALN604,GRU,0.16,0,2531,0,0.0
AAG6XU7H,HGST_20HUH721212ALN604,GRU,0.16,1,386,59,0.15284974093264247
AAG6XWGH,HGST_20HUH721212ALN604,GRU,0.16,0,2558,0,0.0
AAG6XWJH,HGST_20HUH721212ALN604,GRU,0.16,1,2200,0,0.0
AAG6XXWH,HGST_20HUH721212ALN604,GRU,0.16,0,2613,0,0.0
AAG6XYBH,HGST_20HUH721212ALN604,GRU,0.16,0,2466,0,0.0
AAG6XYNH,HGST_20HUH721212ALN604,GRU,0.16,0,2466,0,0.0
AAG6XZ6H,HGST_20HUH721212ALN604,GRU,0.16,0,2531,0,0.0
AAG6XZNH,HGST_20HUH721212ALN604,GRU,0.16,0,2466,0,0.0
AAG6Y0GH,HGST_20HUH721212ALN604,GRU,0.16,0,2558,0,0.0
AAG6Y0KH,HGST_20HUH721212ALN604,GRU,0.16,0,2613,0,0.0
AAG6Y1BH,HGST_20HUH721212ALN604,GRU,0.16,0,2558,0,0.0
AAG6Y3LH,HGST_20HUH721212ALN604,GRU,0.16,0,2531,0,0.0
AAG6Y3UH,HGST_20HUH721212ALN604,GRU,0.16,0,2466,0,0.0
AAG6Y41H,HGST_20HUH721212ALN604,GRU,0.16,0,2613,0,0.0
AAG6Y46H,HGST_20HUH721212ALN604,GRU,0.16,0,2466,0,0.0
AAG6YZ1H,HGST_20HUH721212ALN604,GRU,0.16,0,2531,0,0.0
AAG6YZ9H,HGST_20HUH721212ALN604,GRU,0.16,0,2613,0,0.0
AAG6Z0DH,HGST_20HUH721212ALN604,GRU,0.16,0,2613,0,0.0
AAG6Z17H,HGST_20HUH721212ALN604,GRU,0.16,0,2466,0,0.0
AAG6Z1MH,HGST_20HUH721212ALN604,GRU,0.16,0,2558,0,0.0
AAG6Z1XH,HGST_20HUH721212ALN604,GRU,0.16,0,2558,0,0.0
AAG6Z2DH,HGST_20HUH721212ALN604,GRU,0.16,0,2558,0,0.0
AAG6Z2RH,HGST_20HUH721212ALN604,GRU,0.16,0,2466,0,0.0
AAG6Z42H,HGST_20HUH721212ALN604,GRU,0.16,1,2151,0,0.0
AAG6Z4VH,HGST_20HUH721212ALN604,GRU,0.16,0,2558,0,0.0
AAG6Z53H,HGST_20HUH721212ALN604,GRU,0.16,0,2482,0,0.0
AAG6ZJ9H,HGST_20HUH721212ALN604,GRU,0.16,0,2558,0,0.0
AAG705GH,HGST_20HUH721212ALN604,GRU,0.16,0,2558,0,0.0
AAG7078H,HGST_20HUH721212ALN604,GRU,0.16,0,2494,0,0.0
AAG70HDH,HGST_20HUH721212ALN604,GRU,0.16,0,2613,0,0.0
AAG70JEH,HGST_20HUH721212ALN604,GRU,0.16,0,2466,0,0.0
AAG70U9H,HGST_20HUH721212ALN604,GRU,0.16,0,2613,0,0.0
AAG73ZWH,HGST_20HUH721212ALN604,GRU,0.16,0,2613,0,0.0
AAG73ZZH,HGST_20HUH721212ALN604,GRU,0.16,0,2531,0,0.0
AAG740EH,HGST_20HUH721212ALN604,GRU,0.16,0,2613,0,0.0
AAG740NH,HGST_20HUH721212ALN604,GRU,0.16,0,2466,0,0.0
AAG740WH,HGST_20HUH721212ALN604,GRU,0.16,0,2558,0,0.0
AAG740YH,HGST_20HUH721212ALN604,GRU,0.16,0,2527,0,0.0
AAG741PH,HGST_20HUH721212ALN604,GRU,0.16,0,2531,0,0.0
AAG742EH,HGST_20HUH721212ALN604,GRU,0.16,0,2531,0,0.0
AAG742JH,HGST_20HUH721212ALN604,GRU,0.16,0,2466,0,0.0
AAG742WH,HGST_20HUH721212ALN604,GRU,0.16,0,2613,0,0.0
AAG7431H,HGST_20HUH721212ALN604,GRU,0.16,0,2613,0,0.0
AAG743EH,HGST_20HUH721212ALN604,GRU,0.16,0,2466,0,0.0
AAG743UH,HGST_20HUH721212ALN604,GRU,0.16,0,2613,0,0.0
AAG743VH,HGST_20HUH721212ALN604,GRU,0.16,0,2613,0,0.0
AAG7454H,HGST_20HUH721212ALN604,GRU,0.16,0,2531,0,0.0
AAG74DKH,HGST_20HUH721212ALN604,GRU,0.16,0,2494,0,0.0
AAG74EAH,HGST_20HUH721212ALN604,GRU,0.16,1,2277,531,0.233201581027668
AAG74EBH,HGST_20HUH721212ALN604,GRU,0.16,0,2531,0,0.0
AAG74EYH,HGST_20HUH721212ALN604,GRU,0.16,0,2466,0,0.0
AAG74EZH,HGST_20HUH721212ALN604,GRU,0.16,0,2466,0,0.0
AAG74VHH,HGST_20HUH721212ALN604,GRU,0.16,0,2558,0,0.0
AAG74WRH,HGST_20HUH721212ALN604,GRU,0.16,0,2466,0,0.0
AAG76HYH,HGST_20HUH721212ALN604,GRU,0.16,1,944,31,0.03283898305084746
AAG77A5H,HGST_20HUH721212ALN604,GRU,0.16,0,2466,0,0.0
AAG799NH,HGST_20HUH721212ALN604,GRU,0.16,0,2558,0,0.0
AAG79B0H,HGST_20HUH721212ALN604,GRU,0.16,0,2531,0,0.0
AAG7A8EH,HGST_20HUH721212ALN604,GRU,0.16,0,2466,0,0.0
AAG7A9KH,HGST_20HUH721212ALN604,GRU,0.16,0,2613,0,0.0
AAG7ADMH,HGST_20HUH721212ALN604,GRU,0.16,0,2482,0,0.0
AAG7AGWH,HGST_20HUH721212ALN604,GRU,0.16,0,2494,0,0.0
AAG7AHMH,HGST_20HUH721212ALN604,GRU,0.16,0,2466,0,0.0
AAG7BP3H,HGST_20HUH721212ALN604,GRU,0.16,0,2466,0,0.0
AAG7BPKH,HGST_20HUH721212ALN604,GRU,0.16,0,2466,0,0.0
AAG7BRGH,HGST_20HUH721212ALN604,GRU,0.16,0,2613,0,0.0
AAG7BS8H,HGST_20HUH721212ALN604,GRU,0.16,0,2558,0,0.0
AAG7BWAH,HGST_20HUH721212ALN604,GRU,0.16,0,2531,0,0.0
AAG7D1SH,HGST_20HUH721212ALN604,GRU,0.16,0,2466,0,0.0
AAG7D29H,HGST_20HUH721212ALN604,GRU,0.16,0,2531,0,0.0
AAG7D2PH,HGST_20HUH721212ALN604,GRU,0.16,0,2466,0,0.0
AAG7D48H,HGST_20HUH721212ALN604,GRU,0.16,0,2466,0,0.0
AAG7D4DH,HGST_20HUH721212ALN604,GRU,0.16,0,2558,0,0.0
AAG7D85H,HGST_20HUH721212ALN604,GRU,0.16,0,2466,0,0.0
AAG7DPYH,HGST_20HUH721212ALN604,GRU,0.16,0,2558,0,0.0
AAG7DRDH,HGST_20HUH721212ALN604,GRU,0.16,0,2558,0,0.0
AAG7DS9H,HGST_20HUH721212ALN604,GRU,0.16,0,2558,0,0.0
AAG7DW0H,HGST_20HUH721212ALN604,GRU,0.16,0,2494,0,0.0
AAG7E1MH,HGST_20HUH721212ALN604,GRU,0.16,0,2558,0,0.0
AAG7E1PH,HGST_20HUH721212ALN604,GRU,0.16,0,2613,0,0.0
AAG7E2HH,HGST_20HUH721212ALN604,GRU,0.16,0,2558,0,0.0
AAG7LG4H,HGST_20HUH721212ALN604,GRU,0.16,0,2558,0,0.0
AAG7LG7H,HGST_20HUH721212ALN604,GRU,0.16,0,2482,0,0.0
AAG7LHYH,HGST_20HUH721212ALN604,GRU,0.16,0,2531,0,0.0
AAG7LNAH,HGST_20HUH721212ALN604,GRU,0.16,0,2466,0,0.0
AAG7LSWH,HGST_20HUH721212ALN604,GRU,0.16,0,2613,0,0.0
AAG7LTHH,HGST_20HUH721212ALN604,GRU,0.16,1,1946,0,0.0
AAG7LZEH,HGST_20HUH721212ALN604,GRU,0.16,0,2558,0,0.0
AAG7M25H,HGST_20HUH721212ALN604,GRU,0.16,0,2466,0,0.0
AAG7M3NH,HGST_20HUH721212ALN604,GRU,0.16,0,2466,0,0.0
AAG7M3TH,HGST_20HUH721212ALN604,GRU,0.16,0,2531,0,0.0
AAG7MMDH,HGST_20HUH721212ALN604,GRU,0.16,0,2482,0,0.0
AAG7MP8H,HGST_20HUH721212ALN604,GRU,0.16,0,2466,0,0.0
AAG7MULH,HGST_20HUH721212ALN604,GRU,0.16,1,2554,29,0.011354737666405637
AAG7MUNH,HGST_20HUH721212ALN604,GRU,0.16,0,823,0,0.0
AAG7MVMH,HGST_20HUH721212ALN604,GRU,0.16,0,2558,0,0.0
AAG7N3ZH,HGST_20HUH721212ALN604,GRU,0.16,0,2531,0,0.0
AAG7N5WH,HGST_20HUH721212ALN604,GRU,0.16,0,2531,0,0.0
AAG7N62H,HGST_20HUH721212ALN604,GRU,0.16,0,2466,0,0.0
AAG7N63H,HGST_20HUH721212ALN604,GRU,0.16,0,2531,0,0.0
AAG7N6MH,HGST_20HUH721212ALN604,GRU,0.16,0,2494,0,0.0
AAG7PPHH,HGST_20HUH721212ALN604,GRU,0.16,1,2390,0,0.0
AAG7R02H,HGST_20HUH721212ALN604,GRU,0.16,0,2466,0,0.0
AAG7R5VH,HGST_20HUH721212ALN604,GRU,0.16,0,2466,0,0.0
AAG7R93H,HGST_20HUH721212ALN604,GRU,0.16,0,2466,0,0.0
AAG7RA1H,HGST_20HUH721212ALN604,GRU,0.16,0,2613,0,0.0
AAG7RAMH,HGST_20HUH721212ALN604,GRU,0.16,0,2558,0,0.0
AAG7RBDH,HGST_20HUH721212ALN604,GRU,0.16,0,2494,0,0.0
AAG90D8H,HGST_20HUH721212ALN604,GRU,0.16,0,2494,0,0.0
AAG9VK6H,HGST_20HUH721212ALN604,GRU,0.16,0,2558,0,0.0
AAGA4YNH,HGST_20HUH721212ALN604,GRU,0.16,0,2466,0,0.0
AAGA7W1H,HGST_20HUH721212ALN604,GRU,0.16,1,1503,0,0.0
AAGA9E3H,HGST_20HUH721212ALN604,GRU,0.16,0,2494,0,0.0
AAGH3VWH,HGST_20HUH721212ALN604,GRU,0.16,0,2471,0,0.0
AAGMU4TH,HGST_20HUH721212ALN604,GRU,0.16,0,2494,0,0.0
AAGN9D2H,HGST_20HUH721212ALN604,GRU,0.16,1,1598,0,0.0
AAGP62KH,HGST_20HUH721212ALN604,GRU,0.16,0,2466,0,0.0
AAGUS87H,HGST_20HUH721212ALN604,GRU,0.16,0,2393,0,0.0
AAGVX4UH,HGST_20HUH721212ALN604,GRU,0.16,0,2494,0,0.0
AAGWTB0H,HGST_20HUH721212ALN604,GRU,0.16,0,2455,0,0.0
AAGXDBZH,HGST_20HUH721212ALN604,GRU,0.16,0,2482,10,0.0040290088638195
AAGXLP2H,HGST_20HUH721212ALN604,GRU,0.16,0,2466,0,0.0
AAGXMJSH,HGST_20HUH721212ALN604,GRU,0.16,0,2494,0,0.0
AAGXU8YH,HGST_20HUH721212ALN604,GRU,0.16,0,2482,0,0.0
AAGXUBRH,HGST_20HUH721212ALN604,GRU,0.16,0,2494,0,0.0
AAGXV97H,HGST_20HUH721212ALN604,GRU,0.16,0,719,0,0.0
AAGXW8VH,HGST_20HUH721212ALN604,GRU,0.16,0,2393,0,0.0
AAGXWUWH,HGST_20HUH721212ALN604,GRU,0.16,0,2494,0,0.0
AAGXY3MH,HGST_20HUH721212ALN604,GRU,0.16,1,2156,0,0.0
AAH22T7H,HGST_20HUH721212ALN604,GRU,0.16,0,2494,0,0.0
AAH4NTGH,HGST_20HUH721212ALN604,GRU,0.16,0,2494,0,0.0
AAH6DU2H,HGST_20HUH721212ALN604,GRU,0.16,0,2386,23,0.009639564124056999
AAH78SAH,HGST_20HUH721212ALN604,GRU,0.16,0,2494,0,0.0
AAH7HJSH,HGST_20HUH721212ALN604,GRU,0.16,0,2494,0,0.0
AAH7HKHH,HGST_20HUH721212ALN604,GRU,0.16,0,2494,0,0.0
AAH7HNDH,HGST_20HUH721212ALN604,GRU,0.16,0,2494,0,0.0
AAH7X19H,HGST_20HUH721212ALN604,GRU,0.16,0,2494,0,0.0
AAH86SEH,HGST_20HUH721212ALN604,GRU,0.16,0,2494,0,0.0
AAH8BLDH,HGST_20HUH721212ALN604,GRU,0.16,0,2494,0,0.0
AAH8HPVH,HGST_20HUH721212ALN604,GRU,0.16,0,2494,0,0.0
AAH8LPUH,HGST_20HUH721212ALN604,GRU,0.16,0,2494,0,0.0
AAH8P7WH,HGST_20HUH721212ALN604,GRU,0.16,0,2471,0,0.0
AAH8R0LH,HGST_20HUH721212ALN604,GRU,0.16,0,2494,0,0.0
AAH8RG4H,HGST_20HUH721212ALN604,GRU,0.16,0,2494,0,0.0
AAH8V76H,HGST_20HUH721212ALN604,GRU,0.16,0,2494,0,0.0
AAH8V7KH,HGST_20HUH721212ALN604,GRU,0.16,0,2494,0,0.0
AAH90NAH,HGST_20HUH721212ALN604,GRU,0.16,1,1447,0,0.0
AAH919BH,HGST_20HUH721212ALN604,GRU,0.16,0,2494,0,0.0
AAH9285H,HGST_20HUH721212ALN604,GRU,0.16,0,2494,0,0.0
AAH92GHH,HGST_20HUH721212ALN604,GRU,0.16,0,2494,0,0.0
AAH92HRH,HGST_20HUH721212ALN604,GRU,0.16,0,2494,0,0.0
AAH92JGH,HGST_20HUH721212ALN604,GRU,0.16,0,2494,0,0.0
AAH92V3H,HGST_20HUH721212ALN604,GRU,0.16,0,2494,0,0.0
AAH9301H,HGST_20HUH721212ALN604,GRU,0.16,1,1695,0,0.0
AAH9305H,HGST_20HUH721212ALN604,GRU,0.16,0,2494,0,0.0
AAH9307H,HGST_20HUH721212ALN604,GRU,0.16,1,1437,0,0.0
AAH93MDH,HGST_20HUH721212ALN604,GRU,0.16,0,2494,0,0.0
AAH93RZH,HGST_20HUH721212ALN604,GRU,0.16,0,2494,0,0.0
AAH953TH,HGST_20HUH721212ALN604,GRU,0.16,0,2494,0,0.0
AAH9618H,HGST_20HUH721212ALN604,GRU,0.16,0,2494,0,0.0
AAH9689H,HGST_20HUH721212ALN604,GRU,0.16,0,2494,0,0.0
AAH96AUH,HGST_20HUH721212ALN604,GRU,0.16,0,2494,0,0.0
AAH97BZH,HGST_20HUH721212ALN604,GRU,0.16,0,2346,3,0.0012787723785166241
AAH99PNH,HGST_20HUH721212ALN604,GRU,0.16,0,2494,0,0.0
AAH9BERH,HGST_20HUH721212ALN604,GRU,0.16,0,2494,0,0.0
AAHAS1MH,HGST_20HUH721212ALN604,GRU,0.16,0,2471,0,0.0
AAHAS9TH,HGST_20HUH721212ALN604,GRU,0.16,0,2471,0,0.0
AAHB6YXH,HGST_20HUH721212ALN604,GRU,0.16,0,2471,0,0.0
AAHB8Z9H,HGST_20HUH721212ALN604,GRU,0.16,0,2471,0,0.0
AAHBKUHH,HGST_20HUH721212ALN604,GRU,0.16,0,2471,0,0.0
AAHD7S9H,HGST_20HUH721212ALN604,GRU,0.16,0,2479,0,0.0
AAHDJD5H,HGST_20HUH721212ALN604,GRU,0.16,0,2471,0,0.0
AAHDJDSH,HGST_20HUH721212ALN604,GRU,0.16,0,2471,0,0.0
AAHDJH3H,HGST_20HUH721212ALN604,GRU,0.16,0,2459,0,0.0
AAHDUS5H,HGST_20HUH721212ALN604,GRU,0.16,0,2471,0,0.0
AAHDUT6H,HGST_20HUH721212ALN604,GRU,0.16,0,2471,0,0.0
AAHDYR0H,HGST_20HUH721212ALN604,GRU,0.16,0,2471,0,0.0
AAHE23AH,HGST_20HUH721212ALN604,GRU,0.16,0,2471,0,0.0
AAHE4SAH,HGST_20HUH721212ALN604,GRU,0.16,0,2471,0,0.0
AAHEAGWH,HGST_20HUH721212ALN604,GRU,0.16,0,2471,0,0.0
AAHEAHLH,HGST_20HUH721212ALN604,GRU,0.16,0,2471,0,0.0
AAHED32H,HGST_20HUH721212ALN604,GRU,0.16,0,2471,0,0.0
AAHED3GH,HGST_20HUH721212ALN604,GRU,0.16,0,2471,0,0.0
AAHED8NH,HGST_20HUH721212ALN604,GRU,0.16,0,2463,0,0.0
AAHED98H,HGST_20HUH721212ALN604,GRU,0.16,0,2471,0,0.0
AAHEEVKH,HGST_20HUH721212ALN604,GRU,0.16,0,2471,0,0.0
AAHEHEEH,HGST_20HUH721212ALN604,GRU,0.16,0,2471,0,0.0
AAHEHHMH,HGST_20HUH721212ALN604,GRU,0.16,0,2467,0,0.0
AAHEHJ0H,HGST_20HUH721212ALN604,GRU,0.16,0,2466,0,0.0
AAHEHJ1H,HGST_20HUH721212ALN604,GRU,0.16,0,2471,0,0.0
AAHEHL5H,HGST_20HUH721212ALN604,GRU,0.16,0,2471,0,0.0
AAHEHP8H,HGST_20HUH721212ALN604,GRU,0.16,0,2471,0,0.0
AAHEHRSH,HGST_20HUH721212ALN604,GRU,0.16,0,2471,0,0.0
AAHEHS0H,HGST_20HUH721212ALN604,GRU,0.16,0,2471,0,0.0
AAHEHTDH,HGST_20HUH721212ALN604,GRU,0.16,0,2471,0,0.0
AAHEHTNH,HGST_20HUH721212ALN604,GRU,0.16,0,2471,0,0.0
AAHEHTPH,HGST_20HUH721212ALN604,GRU,0.16,0,2471,0,0.0
AAHEHVUH,HGST_20HUH721212ALN604,GRU,0.16,0,2471,0,0.0
AAHEHY7H,HGST_20HUH721212ALN604,GRU,0.16,0,2471,0,0.0
AAHEHZ2H,HGST_20HUH721212ALN604,GRU,0.16,0,2471,0,0.0
AAHEHZPH,HGST_20HUH721212ALN604,GRU,0.16,0,2471,0,0.0
AAHEHZXH,HGST_20HUH721212ALN604,GRU,0.16,0,2471,0,0.0
AAHEJ43H,HGST_20HUH721212ALN604,GRU,0.16,0,2462,0,0.0
AAHEJ4KH,HGST_20HUH721212ALN604,GRU,0.16,0,2471,0,0.0
AAHEJ76H,HGST_20HUH721212ALN604,GRU,0.16,0,2471,0,0.0
AAHEJDXH,HGST_20HUH721212ALN604,GRU,0.16,0,2471,0,0.0
AAHEJE4H,HGST_20HUH721212ALN604,GRU,0.16,0,2471,0,0.0
AAHEJHKH,HGST_20HUH721212ALN604,GRU,0.16,0,2471,0,0.0
AAHGYKJH,HGST_20HUH721212ALN604,GRU,0.16,1,1808,0,0.0
AAHH59AH,HGST_20HUH721212ALN604,GRU,0.16,0,2393,0,0.0
AAHHAXAH,HGST_20HUH721212ALN604,GRU,0.16,0,2393,0,0.0
AAHHXJ2H,HGST_20HUH721212ALN604,GRU,0.16,0,2393,0,0.0
AAHJG5XH,HGST_20HUH721212ALN604,GRU,0.16,0,2393,0,0.0
AAHJP8BH,HGST_20HUH721212ALN604,GRU,0.16,0,2466,0,0.0
AAHK5PUH,HGST_20HUH721212ALN604,GRU,0.16,0,2466,0,0.0
AAHK8NRH,HGST_20HUH721212ALN604,GRU,0.16,0,2393,0,0.0
AAHKERJH,HGST_20HUH721212ALN604,GRU,0.16,1,2346,0,0.0
AAHKKR8H,HGST_20HUH721212ALN604,GRU,0.16,0,2393,0,0.0
AAHKLDKH,HGST_20HUH721212ALN604,GRU,0.16,0,2466,0,0.0
AAHKM55H,HGST_20HUH721212ALN604,GRU,0.16,1,2052,0,0.0
AAHKMW2H,HGST_20HUH721212ALN604,GRU,0.16,1,957,0,0.0
AAHKS17H,HGST_20HUH721212ALN604,GRU,0.16,1,2215,0,0.0
AAHKWLAH,HGST_20HUH721212ALN604,GRU,0.16,0,2393,295,0.12327622231508567
AAHKX43H,HGST_20HUH721212ALN604,GRU,0.16,1,105,0,0.0
AAHKXKYH,HGST_20HUH721212ALN604,GRU,0.16,0,2393,0,0.0
AAHKXLYH,HGST_20HUH721212ALN604,GRU,0.16,0,2393,0,0.0
AAHKXNHH,HGST_20HUH721212ALN604,GRU,0.16,0,2393,0,0.0
AAHKXZ7H,HGST_20HUH721212ALN604,GRU,0.16,0,2393,0,0.0
AAHKYETH,HGST_20HUH721212ALN604,GRU,0.16,0,2482,0,0.0
AAHL0PKH,HGST_20HUH721212ALN604,GRU,0.16,0,1751,0,0.0
AAHL0TLH,HGST_20HUH721212ALN604,GRU,0.16,0,2466,0,0.0
AAHL4K8H,HGST_20HUH721212ALN604,GRU,0.16,0,2482,0,0.0
AAHL5LRH,HGST_20HUH721212ALN604,GRU,0.16,1,1847,0,0.0
AAHL9A9H,HGST_20HUH721212ALN604,GRU,0.16,0,2393,0,0.0
AAHL9XJH,HGST_20HUH721212ALN604,GRU,0.16,0,2393,0,0.0
AAHL9XLH,HGST_20HUH721212ALN604,GRU,0.16,0,2393,0,0.0
AAHL9Y3H,HGST_20HUH721212ALN604,GRU,0.16,0,2393,0,0.0
AAHL9YAH,HGST_20HUH721212ALN604,GRU,0.16,0,2393,0,0.0
AAHL9ZYH,HGST_20HUH721212ALN604,GRU,0.16,0,2393,0,0.0
AAHLBTZH,HGST_20HUH721212ALN604,GRU,0.16,1,2175,31,0.014252873563218391
AAHLBWGH,HGST_20HUH721212ALN604,GRU,0.16,1,2206,13,0.0058930190389845875
AAHLBWSH,HGST_20HUH721212ALN604,GRU,0.16,1,1582,0,0.0
AAHLBXVH,HGST_20HUH721212ALN604,GRU,0.16,0,2282,0,0.0
AAHLD3UH,HGST_20HUH721212ALN604,GRU,0.16,1,2038,0,0.0
AAHLS5JH,HGST_20HUH721212ALN604,GRU,0.16,0,2482,0,0.0
AAHLS7ZH,HGST_20HUH721212ALN604,GRU,0.16,0,2482,0,0.0
AAHLS8YH,HGST_20HUH721212ALN604,GRU,0.16,0,2482,0,0.0
AAHLS9UH,HGST_20HUH721212ALN604,GRU,0.16,0,2482,0,0.0
AAHLV30H,HGST_20HUH721212ALN604,GRU,0.16,0,2482,0,0.0
AAHLV40H,HGST_20HUH721212ALN604,GRU,0.16,1,82,0,0.0
AAHLV47H,HGST_20HUH721212ALN604,GRU,0.16,0,2482,0,0.0
AAHLVTVH,HGST_20HUH721212ALN604,GRU,0.16,0,2471,0,0.0
AAHLWE3H,HGST_20HUH721212ALN604,GRU,0.16,0,2471,0,0.0
AAHLWKXH,HGST_20HUH721212ALN604,GRU,0.16,0,2482,0,0.0
AAHLWM3H,HGST_20HUH721212ALN604,GRU,0.16,0,2471,0,0.0
AAHLXJ1H,HGST_20HUH721212ALN604,GRU,0.16,0,2494,0,0.0
AAHLXJ9H,HGST_20HUH721212ALN604,GRU,0.16,0,2490,0,0.0
AAHLXL5H,HGST_20HUH721212ALN604,GRU,0.16,0,2393,0,0.0
AAHLXTXH,HGST_20HUH721212ALN604,GRU,0.16,0,2470,0,0.0
AAHLY01H,HGST_20HUH721212ALN604,GRU,0.16,0,2471,0,0.0
AAHLY04H,HGST_20HUH721212ALN604,GRU,0.16,0,2494,0,0.0
AAHLY2TH,HGST_20HUH721212ALN604,GRU,0.16,0,2471,0,0.0
AAHLY31H,HGST_20HUH721212ALN604,GRU,0.16,1,2174,12,0.005519779208831647
AAHLYJRH,HGST_20HUH721212ALN604,GRU,0.16,0,2471,0,0.0
AAHLYY6H,HGST_20HUH721212ALN604,GRU,0.16,0,2482,0,0.0
AAHM227H,HGST_20HUH721212ALN604,GRU,0.16,0,2393,0,0.0
AAHM4E6H,HGST_20HUH721212ALN604,GRU,0.16,0,2471,0,0.0
AAHM4HSH,HGST_20HUH721212ALN604,GRU,0.16,0,2494,0,0.0
AAHM4KJH,HGST_20HUH721212ALN604,GRU,0.16,0,2393,0,0.0
AAHM4S6H,HGST_20HUH721212ALN604,GRU,0.16,0,2494,0,0.0
AAHM4S8H,HGST_20HUH721212ALN604,GRU,0.16,0,2494,0,0.0
AAHM4SSH,HGST_20HUH721212ALN604,GRU,0.16,0,2494,0,0.0
AAHM4T2H,HGST_20HUH721212ALN604,GRU,0.16,0,2494,0,0.0
AAHM4T6H,HGST_20HUH721212ALN604,GRU,0.16,0,2393,0,0.0
AAHM4TRH,HGST_20HUH721212ALN604,GRU,0.16,0,2393,0,0.0
AAHM4UYH,HGST_20HUH721212ALN604,GRU,0.16,0,2494,0,0.0
AAHM4WBH,HGST_20HUH721212ALN604,GRU,0.16,0,2482,0,0.0
AAHM4WEH,HGST_20HUH721212ALN604,GRU,0.16,0,2494,0,0.0
AAHM4XGH,HGST_20HUH721212ALN604,GRU,0.16,0,2393,0,0.0
AAHM5Z4H,HGST_20HUH721212ALN604,GRU,0.16,0,2494,0,0.0
AAHM5Z9H,HGST_20HUH721212ALN604,GRU,0.16,0,2494,0,0.0
AAHM5ZHH,HGST_20HUH721212ALN604,GRU,0.16,0,2494,0,0.0
AAHMD6GH,HGST_20HUH721212ALN604,GRU,0.16,0,2494,0,0.0
AAHME7KH,HGST_20HUH721212ALN604,GRU,0.16,0,2482,0,0.0
AAHMGV8H,HGST_20HUH721212ALN604,GRU,0.16,0,2471,0,0.0
AAHMH4LH,HGST_20HUH721212ALN604,GRU,0.16,0,2494,0,0.0
AAHML65H,HGST_20HUH721212ALN604,GRU,0.16,0,2469,0,0.0
AAHMN38H,HGST_20HUH721212ALN604,GRU,0.16,0,2482,0,0.0
AAHMR03H,HGST_20HUH721212ALN604,GRU,0.16,1,2387,14,0.005865102639296188
AAHMR2ZH,HGST_20HUH721212ALN604,GRU,0.16,1,1722,0,0.0
AAHMSNRH,HGST_20HUH721212ALN604,GRU,0.16,0,2482,0,0.0
AAHMUYLH,HGST_20HUH721212ALN604,GRU,0.16,0,2482,0,0.0
AAHMW6RH,HGST_20HUH721212ALN604,GRU,0.16,0,2482,0,0.0
AAHMW7NH,HGST_20HUH721212ALN604,GRU,0.16,0,2482,0,0.0
