serial_number,has_failed,alarm_triggered,first_alarm_date,actual_failure_date,days_to_failure_at_alarm,is_hit,is_false_alarm,is_miss,is_correct_rejection,max_predicted_score,alarm_predicted_score,first_seen_date,days_since_observed
ZCH016HE,0,0,,,,0,0,0,1,0.15722323954105377,,2019-04-27,
ZCH01MGW,0,0,,,,0,0,0,1,0.0027151713147759438,,2017-10-30,
ZCH01MV4,0,0,,,,0,0,0,1,0.0034876512363553047,,2019-04-12,
ZCH01V00,0,0,,,,0,0,0,1,0.001562589663080871,,2018-02-12,
ZCH01V42,0,0,,,,0,0,0,1,0.0010547407437115908,,2018-02-12,
ZCH01V78,0,0,,,,0,0,0,1,0.0023408683482557535,,2017-11-09,
ZCH01VD8,0,0,,,,0,0,0,1,0.001129915937781334,,2018-02-12,
ZCH01ZFG,0,0,,,,0,0,0,1,0.0010237190872430801,,2018-02-12,
ZCH01ZKC,0,0,,,,0,0,0,1,0.022949842736124992,,2018-02-12,
ZCH0271S,0,0,,,,0,0,0,1,0.0017537535168230534,,2018-03-17,
ZCH027W4,0,0,,,,0,0,0,1,0.0017614319222047925,,2019-04-11,
ZCH028CT,0,0,,,,0,0,0,1,0.0018481927691027522,,2018-06-18,
ZCH028J7,0,0,,,,0,0,0,1,0.002896321937441826,,2017-11-09,
ZCH02AYF,0,0,,,,0,0,0,1,0.01259654387831688,,2017-11-09,
ZCH02TES,0,0,,,,0,0,0,1,0.0016347808996215463,,2018-02-12,
ZCH02Z5J,1,0,,2019-03-29,,0,0,1,0,0.0008537795511074364,,2018-02-12,
ZCH02ZTL,1,1,2019-12-26,2021-06-19,541.0,1,0,0,0,0.41029036045074463,0.3242510259151459,2018-02-12,682.0
ZCH030T1,0,0,,,,0,0,0,1,0.0011013419134542346,,2018-02-12,
ZCH036VN,0,0,,,,0,0,0,1,0.0010492077562958002,,2018-02-12,
ZCH039JD,0,0,,,,0,0,0,1,0.004441544879227877,,2018-07-01,
ZCH03B9D,0,0,,,,0,0,0,1,0.002034409437328577,,2018-02-12,
ZCH03BB5,0,0,,,,0,0,0,1,0.0014541922137141228,,2018-02-12,
ZCH03BT6,0,0,,,,0,0,0,1,0.0011166422627866268,,2018-02-12,
ZCH03C9C,0,0,,,,0,0,0,1,0.0011319277109578252,,2018-02-12,
ZCH03CEE,0,0,,,,0,0,0,1,0.001480068196542561,,2018-02-12,
ZCH03CFS,0,0,,,,0,0,0,1,0.001256562420167029,,2018-02-12,
ZCH03K2S,1,0,,2017-12-25,,0,0,1,0,0.00518695916980505,,2017-11-09,
ZCH03T80,0,0,,,,0,0,0,1,0.0021173402201384306,,2018-01-13,
ZCH03TMJ,0,0,,,,0,0,0,1,0.001020957832224667,,2018-07-12,
ZCH03TZV,0,0,,,,0,0,0,1,0.0019048897083848715,,2018-01-13,
ZCH040KJ,0,0,,,,0,0,0,1,0.0013507503317669034,,2017-11-14,
ZCH041CP,0,0,,,,0,0,0,1,0.001547049032524228,,2018-02-12,
ZCH0447E,0,0,,,,0,0,0,1,0.004572930745780468,,2017-11-09,
ZCH04CGB,0,0,,,,0,0,0,1,0.0011358275078237057,,2018-04-13,
ZCH04G1T,0,0,,,,0,0,0,1,0.0009282872197218239,,2018-01-05,
ZCH04SJG,0,0,,,,0,0,0,1,0.013811449520289898,,2017-11-14,
ZCH04XCN,0,0,,,,0,0,0,1,0.001988085452467203,,2019-03-21,
ZCH04XJL,0,0,,,,0,0,0,1,0.0013272326905280352,,2018-02-24,
ZCH04Y9C,0,0,,,,0,0,0,1,0.10671418160200119,,2017-11-14,
ZCH04YA5,0,0,,,,0,0,0,1,0.002015927340835333,,2018-02-12,
ZCH04Z2K,0,0,,,,0,0,0,1,0.0014432115713134408,,2017-11-14,
ZCH04ZSX,0,0,,,,0,0,0,1,0.022475048899650574,,2019-04-16,
ZCH050Z2,0,1,2019-12-12,,,0,1,0,0,0.38989007472991943,0.35684990882873535,2017-10-30,773.0
ZCH053C1,0,0,,,,0,0,0,1,0.004676377400755882,,2017-11-09,
ZCH053S1,0,0,,,,0,0,0,1,0.005296631250530481,,2017-11-09,
ZCH053V0,0,0,,,,0,0,0,1,0.0038065314292907715,,2017-12-20,
ZCH054W4,0,0,,,,0,0,0,1,0.0024958206340670586,,2018-04-27,
ZCH0569G,0,0,,,,0,0,0,1,0.00422560004517436,,2017-11-09,
ZCH056AP,0,0,,,,0,0,0,1,0.000954185554292053,,2017-12-21,
ZCH056CW,0,0,,,,0,0,0,1,0.0007650447078049183,,2017-12-21,
ZCH057V6,0,0,,,,0,0,0,1,0.0015825274167582393,,2017-12-20,
ZCH059QH,0,0,,,,0,0,0,1,0.2820037007331848,,2018-01-05,
ZCH05B7V,0,0,,,,0,0,0,1,0.001297704060561955,,2018-02-12,
ZCH05BYT,0,0,,,,0,0,0,1,0.23329487442970276,,2017-10-21,
ZCH05CK1,0,0,,,,0,0,0,1,0.001202583545818925,,2018-01-25,
ZCH05CM7,0,0,,,,0,0,0,1,0.0011180398287251592,,2017-12-21,
ZCH05DWC,0,0,,,,0,0,0,1,0.0015300128143280745,,2017-11-14,
ZCH05DWK,0,0,,,,0,0,0,1,0.003706833813339472,,2017-11-09,
ZCH05EMZ,0,0,,,,0,0,0,1,0.000903513515368104,,2018-01-05,
ZCH05GBJ,0,0,,,,0,0,0,1,0.003823132487013936,,2017-10-21,
ZCH05GCR,0,0,,,,0,0,0,1,0.0012535593705251813,,2017-12-20,
ZCH05JHB,0,0,,,,0,0,0,1,0.0038428015541285276,,2017-11-09,
ZCH05JZ0,0,0,,,,0,0,0,1,0.005158296786248684,,2017-11-09,
ZCH05L91,0,0,,,,0,0,0,1,0.016194049268960953,,2017-11-09,
ZCH05NYE,0,0,,,,0,0,0,1,0.0018323975382372737,,2017-11-09,
ZCH05PJ5,0,0,,,,0,0,0,1,0.0010400741593912244,,2018-01-25,
ZCH05RJH,0,0,,,,0,0,0,1,0.0014848178252577782,,2019-04-05,
ZCH05WKW,0,0,,,,0,0,0,1,0.0034934545401483774,,2018-01-13,
ZCH05XCK,0,0,,,,0,0,0,1,0.002025860594585538,,2018-01-25,
ZCH060HW,0,0,,,,0,0,0,1,0.0022161619272083044,,2017-10-30,
ZCH060KB,0,0,,,,0,0,0,1,0.002510689664632082,,2017-10-30,
ZCH060L8,0,0,,,,0,0,0,1,0.001122925546951592,,2017-12-21,
ZCH060PL,0,0,,,,0,0,0,1,0.0021810345351696014,,2017-11-14,
ZCH060SS,0,0,,,,0,0,0,1,0.0008064247667789459,,2018-01-05,
ZCH060TK,0,0,,,,0,0,0,1,0.002392953261733055,,2017-12-20,
ZCH060W4,0,0,,,,0,0,0,1,0.10718119144439697,,2017-11-09,
ZCH060X6,0,0,,,,0,0,0,1,0.12214316427707672,,2017-10-30,
ZCH061AA,0,0,,,,0,0,0,1,0.0027560899034142494,,2017-11-06,
ZCH0626R,0,1,2019-04-10,,,0,1,0,0,0.4531647562980652,0.42325663566589355,2018-01-06,459.0
ZCH0655R,0,0,,,,0,0,0,1,0.0025395136326551437,,2017-10-30,
ZCH0657H,1,1,2019-01-31,2019-11-15,288.0,1,0,0,0,0.37307965755462646,0.3636426031589508,2017-10-30,458.0
ZCH065A1,0,0,,,,0,0,0,1,0.0016938330372795463,,2018-02-12,
ZCH065AT,0,0,,,,0,0,0,1,0.0030145649798214436,,2017-10-30,
ZCH065DF,1,0,,2018-08-02,,0,0,1,0,0.307599276304245,,2017-10-30,
ZCH065FR,0,0,,,,0,0,0,1,0.12414481490850449,,2017-10-30,
ZCH065MN,0,0,,,,0,0,0,1,0.0037668165750801563,,2017-11-14,
ZCH065N3,0,0,,,,0,0,0,1,0.01452519278973341,,2017-11-14,
ZCH065S8,0,0,,,,0,0,0,1,0.002960361773148179,,2017-10-30,
ZCH065SX,0,0,,,,0,0,0,1,0.003114157123491168,,2017-12-20,
ZCH065X8,0,0,,,,0,0,0,1,0.003267272375524044,,2017-10-30,
ZCH065XB,0,0,,,,0,0,0,1,0.006591316778212786,,2018-01-17,
ZCH065ZG,0,0,,,,0,0,0,1,0.0011725918157026172,,2018-02-12,
ZCH0661H,0,0,,,,0,0,0,1,0.0025870217941701412,,2018-01-06,
ZCH0664K,0,0,,,,0,0,0,1,0.002708885120227933,,2017-11-09,
ZCH0668M,0,0,,,,0,0,0,1,0.0021903784945607185,,2017-10-30,
ZCH066AE,0,0,,,,0,0,0,1,0.0026229049544781446,,2017-10-30,
ZCH066AV,0,0,,,,0,0,0,1,0.007280174642801285,,2017-11-09,
ZCH066DY,0,0,,,,0,0,0,1,0.002884606132283807,,2017-10-30,
ZCH066ET,1,0,,2018-05-13,,0,0,1,0,0.0008417166536673903,,2017-11-09,
ZCH066KR,0,0,,,,0,0,0,1,0.002766616875305772,,2017-10-30,
ZCH066KX,0,0,,,,0,0,0,1,0.002033691154792905,,2017-10-30,
ZCH066MF,0,0,,,,0,0,0,1,0.0020701212342828512,,2017-09-06,
ZCH066PW,0,0,,,,0,0,0,1,0.0029457169584929943,,2017-12-20,
ZCH066QP,0,0,,,,0,0,0,1,0.0006925156340003014,,2017-12-21,
ZCH066TQ,0,0,,,,0,0,0,1,0.0017324431100860238,,2017-11-14,
ZCH066YQ,0,0,,,,0,0,0,1,0.0017832934390753508,,2017-11-09,
ZCH0670W,0,0,,,,0,0,0,1,0.004905784502625465,,2017-11-09,
ZCH067AY,0,0,,,,0,0,0,1,0.007157236337661743,,2017-11-09,
ZCH067C3,0,0,,,,0,0,0,1,0.002669926267117262,,2017-10-30,
ZCH067DR,0,0,,,,0,0,0,1,0.002061705105006695,,2017-11-14,
ZCH067NS,0,0,,,,0,0,0,1,0.0023990075569599867,,2017-10-30,
ZCH0681M,0,0,,,,0,0,0,1,0.002862327266484499,,2017-10-30,
ZCH0688C,1,0,,2018-04-14,,0,0,1,0,0.0013601506361737847,,2018-01-21,
ZCH068C0,0,0,,,,0,0,0,1,0.009806321002542973,,2017-11-09,
ZCH068E0,0,0,,,,0,0,0,1,0.002845447976142168,,2017-10-21,
ZCH068HS,0,0,,,,0,0,0,1,0.003760512452572584,,2018-01-13,
ZCH068KT,0,0,,,,0,0,0,1,0.001661366201005876,,2017-11-14,
ZCH068MS,0,0,,,,0,0,0,1,0.13625501096248627,,2017-09-06,
ZCH068T1,0,0,,,,0,0,0,1,0.001682305010035634,,2017-11-09,
ZCH068TE,0,0,,,,0,0,0,1,0.003326624631881714,,2017-11-09,
ZCH0693B,0,0,,,,0,0,0,1,0.001278740935958922,,2018-01-05,
ZCH0695G,0,0,,,,0,0,0,1,0.007060582283884287,,2017-11-14,
ZCH06978,0,0,,,,0,0,0,1,0.03099975548684597,,2018-05-08,
ZCH06998,0,0,,,,0,0,0,1,0.003154521808028221,,2017-10-30,
ZCH069C5,0,0,,,,0,0,0,1,0.005074371583759785,,2017-10-30,
ZCH069CE,1,0,,2018-10-03,,0,0,1,0,0.0011263223132118583,,2017-10-21,
ZCH069CG,0,0,,,,0,0,0,1,0.001821648795157671,,2017-10-30,
ZCH06CKC,0,0,,,,0,0,0,1,0.0023951490875333548,,2017-10-30,
ZCH06CMY,0,0,,,,0,0,0,1,0.001294831046834588,,2017-12-20,
ZCH06CNJ,0,0,,,,0,0,0,1,0.08005858957767487,,2017-10-30,
ZCH06CV9,0,0,,,,0,0,0,1,0.1692918837070465,,2017-11-14,
ZCH06CXP,0,0,,,,0,0,0,1,0.0014517487725242972,,2017-12-20,
ZCH06D22,0,0,,,,0,0,0,1,0.0019751263316720724,,2017-10-21,
ZCH06D48,0,0,,,,0,0,0,1,0.0015265528345480561,,2017-11-14,
ZCH06D4E,0,0,,,,0,0,0,1,0.0023193680681288242,,2017-12-20,
ZCH06D8C,0,0,,,,0,0,0,1,0.0016942137153819203,,2017-11-14,
ZCH06DAF,0,0,,,,0,0,0,1,0.0018875377718359232,,2017-10-30,
ZCH06DE3,0,0,,,,0,0,0,1,0.0024492095690220594,,2017-12-20,
ZCH06DE5,0,0,,,,0,0,0,1,0.003041661810129881,,2017-10-30,
ZCH06DFH,0,0,,,,0,0,0,1,0.002711003879085183,,2017-10-30,
ZCH06DFS,0,0,,,,0,0,0,1,0.002614237368106842,,2017-10-30,
ZCH06DHK,0,0,,,,0,0,0,1,0.0024978192523121834,,2017-10-30,
ZCH06DJR,0,0,,,,0,0,0,1,0.0021528422366827726,,2018-01-06,
ZCH06DKS,0,0,,,,0,0,0,1,0.002334094373509288,,2017-10-30,
ZCH06DM1,0,0,,,,0,0,0,1,0.0030130851082503796,,2017-10-30,
ZCH06DQR,0,0,,,,0,0,0,1,0.0016369879012927413,,2017-10-30,
ZCH06DSS,0,0,,,,0,0,0,1,0.0029135742224752903,,2017-10-30,
ZCH06DWJ,0,0,,,,0,0,0,1,0.002786044729873538,,2017-10-30,
ZCH06E24,0,0,,,,0,0,0,1,0.0026127605233341455,,2018-05-16,
ZCH06E33,0,0,,,,0,0,0,1,0.0022572907619178295,,2017-10-30,
ZCH06E7C,0,0,,,,0,0,0,1,0.0022559198550879955,,2017-11-09,
ZCH06E9M,0,0,,,,0,0,0,1,0.0019427338847890496,,2017-10-30,
ZCH06EC2,0,0,,,,0,0,0,1,0.003399239620193839,,2017-10-21,
ZCH06ECL,0,0,,,,0,0,0,1,0.0007997874054126441,,2018-01-05,
ZCH06EGT,1,0,,2021-02-22,,0,0,1,0,0.02137133665382862,,2018-06-26,
ZCH06EHB,0,0,,,,0,0,0,1,0.0021464056335389614,,2017-10-30,
ZCH06EKN,0,0,,,,0,0,0,1,0.0032054316252470016,,2017-10-21,
ZCH06EKP,0,0,,,,0,0,0,1,0.006372075993567705,,2017-11-09,
ZCH06EKQ,0,0,,,,0,0,0,1,0.0009595214505679905,,2017-12-21,
ZCH06EM2,0,0,,,,0,0,0,1,0.0011178028071299195,,2017-12-21,
ZCH06EM5,0,0,,,,0,0,0,1,0.009000055491924286,,2017-10-21,
ZCH06EN3,0,0,,,,0,0,0,1,0.0023377835750579834,,2017-12-20,
ZCH06ENA,0,0,,,,0,0,0,1,0.005562864243984222,,2017-10-21,
ZCH06ENG,0,0,,,,0,0,0,1,0.00532419653609395,,2017-10-30,
ZCH06EP4,0,0,,,,0,0,0,1,0.0009191358112730086,,2018-01-05,
ZCH06ETC,0,0,,,,0,0,0,1,0.11806756258010864,,2017-10-21,
ZCH06EV4,0,0,,,,0,0,0,1,0.0012725911801680923,,2017-12-21,
ZCH06EVM,0,0,,,,0,0,0,1,0.0015989664243534207,,2017-11-09,
ZCH06EWQ,0,0,,,,0,0,0,1,0.0023542605340480804,,2017-10-30,
ZCH06EYL,0,0,,,,0,0,0,1,0.002144524361938238,,2017-11-14,
ZCH06F0X,0,0,,,,0,0,0,1,0.002764654578641057,,2017-10-21,
ZCH06F15,0,0,,,,0,0,0,1,0.002240522764623165,,2017-10-21,
ZCH06F1M,0,0,,,,0,0,0,1,0.004230145364999771,,2017-10-30,
ZCH06F23,0,0,,,,0,0,0,1,0.0011246181093156338,,2018-01-05,
ZCH06F30,0,0,,,,0,0,0,1,0.0008646983769722283,,2017-12-21,
ZCH06F5G,0,0,,,,0,0,0,1,0.0008324165246449411,,2017-12-21,
ZCH06F5M,0,0,,,,0,0,0,1,0.003053162945434451,,2017-10-30,
ZCH06F63,0,0,,,,0,0,0,1,0.0024191662669181824,,2017-10-21,
ZCH06F6B,0,0,,,,0,0,0,1,0.0011585993925109506,,2018-01-05,
ZCH06F8K,0,0,,,,0,0,0,1,0.0011862443061545491,,2018-01-05,
ZCH06F99,0,0,,,,0,0,0,1,0.0015342875849455595,,2017-11-14,
ZCH06F9S,0,0,,,,0,0,0,1,0.003547806292772293,,2017-10-30,
ZCH06F9T,1,0,,2019-04-01,,0,0,1,0,0.0019762960728257895,,2017-11-09,
ZCH06FAD,0,0,,,,0,0,0,1,0.003677477827295661,,2017-12-20,
ZCH06FFE,0,0,,,,0,0,0,1,0.002099174540489912,,2017-12-20,
ZCH06FFX,0,0,,,,0,0,0,1,0.002869861898943782,,2017-10-30,
ZCH06FGM,0,0,,,,0,0,0,1,0.007312566973268986,,2017-11-14,
ZCH06FJN,1,0,,2019-11-23,,0,0,1,0,0.26804837584495544,,2017-10-30,
ZCH06FMR,0,0,,,,0,0,0,1,0.0008099978440441191,,2018-10-29,
ZCH06FMZ,0,0,,,,0,0,0,1,0.0011518608080223203,,2017-12-21,
ZCH06FRN,0,0,,,,0,0,0,1,0.0017495861975476146,,2017-12-20,
ZCH06FSR,0,0,,,,0,0,0,1,0.002644013147801161,,2017-12-20,
ZCH06FWL,0,0,,,,0,0,0,1,0.0020627060439437628,,2017-10-30,
ZCH06FZP,0,0,,,,0,0,0,1,0.0008774682646617293,,2017-12-21,
ZCH06G8R,0,0,,,,0,0,0,1,0.002138511510565877,,2017-10-30,
ZCH06GCH,0,0,,,,0,0,0,1,0.1531529277563095,,2017-11-09,
ZCH06GLP,0,0,,,,0,0,0,1,0.001296906964853406,,2017-12-20,
ZCH06GM2,0,0,,,,0,0,0,1,0.0014618203276768327,,2017-11-09,
ZCH06GMT,0,0,,,,0,0,0,1,0.020111946389079094,,2017-11-14,
ZCH06GRG,0,0,,,,0,0,0,1,0.002166689606383443,,2017-10-30,
ZCH06GZM,0,0,,,,0,0,0,1,0.0021228136029094458,,2017-10-21,
ZCH06H42,0,0,,,,0,0,0,1,0.0017710058018565178,,2017-10-30,
ZCH06H4G,0,0,,,,0,0,0,1,0.002125433413311839,,2017-10-30,
ZCH06H6M,1,0,,2019-02-25,,0,0,1,0,0.0008906331495381892,,2017-11-09,
ZCH06H6R,0,0,,,,0,0,0,1,0.002015970414504409,,2017-10-21,
ZCH06H6Y,0,0,,,,0,0,0,1,0.002856074832379818,,2017-10-21,
ZCH06H7H,0,0,,,,0,0,0,1,0.002693088026717305,,2017-12-20,
ZCH06H7V,0,0,,,,0,0,0,1,0.0008522324496880174,,2018-10-29,
ZCH06H85,0,0,,,,0,0,0,1,0.0024021798744797707,,2017-10-30,
ZCH06HA3,0,0,,,,0,0,0,1,0.0013681678101420403,,2018-01-05,
ZCH06HAR,0,0,,,,0,0,0,1,0.0022114096209406853,,2017-10-30,
ZCH06HCZ,0,0,,,,0,0,0,1,0.001578058348968625,,2017-12-20,
ZCH06HD5,1,0,,2019-07-23,,0,0,1,0,0.003550464054569602,,2017-10-21,
ZCH06HDQ,0,0,,,,0,0,0,1,0.002862094435840845,,2017-10-30,
ZCH06HE7,0,0,,,,0,0,0,1,0.0010797205613926053,,2018-01-05,
ZCH06HG0,0,0,,,,0,0,0,1,0.0026181889697909355,,2017-10-30,
ZCH06HJ6,0,0,,,,0,0,0,1,0.0024176856968551874,,2017-10-21,
ZCH06HKT,0,0,,,,0,0,0,1,0.002045085420832038,,2017-10-21,
ZCH06HLL,0,0,,,,0,0,0,1,0.0012700931401923299,,2018-01-05,
ZCH06HML,0,0,,,,0,0,0,1,0.002581812674179673,,2017-10-30,
ZCH06HP7,0,0,,,,0,0,0,1,0.003662225790321827,,2017-11-09,
ZCH06HV3,0,0,,,,0,0,0,1,0.0007793036056682467,,2018-01-05,
ZCH06HWS,0,0,,,,0,0,0,1,0.007013848051428795,,2017-11-14,
ZCH06HXR,0,0,,,,0,0,0,1,0.005673201754689217,,2017-11-09,
ZCH06HZL,1,0,,2019-02-12,,0,0,1,0,0.319972425699234,,2017-11-09,
ZCH06J1N,0,0,,,,0,0,0,1,0.003221747698262334,,2017-10-21,
ZCH06J2L,0,0,,,,0,0,0,1,0.0015353222843259573,,2018-08-07,
ZCH06J3G,0,0,,,,0,0,0,1,0.0016636012587696314,,2018-01-05,
ZCH06J3Z,0,0,,,,0,0,0,1,0.0017540465341880918,,2017-11-14,
ZCH06J4E,0,0,,,,0,0,0,1,0.002567732473835349,,2017-10-30,
ZCH06J7F,0,0,,,,0,0,0,1,0.0011251287069171667,,2017-12-21,
ZCH06JX0,0,0,,,,0,0,0,1,0.0011843729298561811,,2017-12-21,
ZCH06JZT,0,0,,,,0,0,0,1,0.002190172206610441,,2017-10-30,
ZCH06K13,0,0,,,,0,0,0,1,0.00227216724306345,,2017-10-30,
ZCH06K3J,0,0,,,,0,0,0,1,0.006893726997077465,,2017-11-09,
ZCH06K6X,0,0,,,,0,0,0,1,0.0014745185617357492,,2017-11-14,
ZCH06KDS,0,0,,,,0,0,0,1,0.001261738478206098,,2017-11-09,
ZCH06KF0,0,0,,,,0,0,0,1,0.004258580505847931,,2017-10-21,
ZCH06KHD,0,0,,,,0,0,0,1,0.0033285978715866804,,2017-10-21,
ZCH06KLH,0,0,,,,0,0,0,1,0.005172783508896828,,2017-10-21,
ZCH06KLM,0,0,,,,0,0,0,1,0.003467866685241461,,2017-10-21,
ZCH06KNC,0,0,,,,0,0,0,1,0.0011788994306698442,,2018-01-05,
ZCH06KND,0,0,,,,0,0,0,1,0.0023487145081162453,,2017-10-21,
ZCH06KRV,0,0,,,,0,0,0,1,0.0017359488410875201,,2017-11-14,
ZCH06KV0,0,0,,,,0,0,0,1,0.0008110722410492599,,2018-01-05,
ZCH06KV6,0,0,,,,0,0,0,1,0.0010969311697408557,,2017-12-21,
ZCH06KVC,0,0,,,,0,0,0,1,0.002008947776630521,,2017-10-30,
ZCH06KWH,0,0,,,,0,0,0,1,0.0030984594486653805,,2017-10-21,
ZCH06KXK,0,0,,,,0,0,0,1,0.0035602920688688755,,2018-08-22,
ZCH06KZM,0,0,,,,0,0,0,1,0.0029854904860258102,,2017-10-30,
ZCH06KZY,0,0,,,,0,0,0,1,0.0011340605560690165,,2017-12-21,
ZCH06L04,0,0,,,,0,0,0,1,0.0009400531416758895,,2017-12-21,
ZCH06L4E,0,0,,,,0,0,0,1,0.00225118943490088,,2017-10-30,
ZCH06L53,0,0,,,,0,0,0,1,0.001472499337978661,,2017-11-14,
ZCH06L5M,0,0,,,,0,0,0,1,0.001396678970195353,,2017-11-14,
ZCH06L77,0,0,,,,0,0,0,1,0.0021913207601755857,,2017-12-21,
ZCH06L7F,0,0,,,,0,0,0,1,0.0009618171025067568,,2018-01-05,
ZCH06LAB,0,0,,,,0,0,0,1,0.003047575708478689,,2017-10-30,
ZCH06LB9,0,0,,,,0,0,0,1,0.0015394657384604216,,2018-08-23,
ZCH06LFH,0,0,,,,0,0,0,1,0.0018431313801556826,,2017-11-14,
ZCH06LG8,0,0,,,,0,0,0,1,0.001587986247614026,,2017-11-14,
ZCH06LH3,0,0,,,,0,0,0,1,0.008382419124245644,,2017-11-14,
ZCH06LHW,0,0,,,,0,0,0,1,0.0034742415882647038,,2017-10-30,
ZCH06LJ8,0,0,,,,0,0,0,1,0.0007793898694217205,,2017-12-21,
ZCH06LJQ,0,0,,,,0,0,0,1,0.0008117540855892003,,2018-10-29,
ZCH06LK5,0,0,,,,0,0,0,1,0.006110241636633873,,2017-10-21,
ZCH06LK8,0,0,,,,0,0,0,1,0.002351597882807255,,2017-10-30,
ZCH06LKP,0,0,,,,0,0,0,1,0.0014620564179494977,,2018-08-07,
ZCH06LKW,0,0,,,,0,0,0,1,0.002162335207685828,,2017-10-30,
ZCH06LLM,0,0,,,,0,0,0,1,0.0008402990060858428,,2018-01-05,
ZCH06LLZ,0,0,,,,0,0,0,1,0.22528694570064545,,2017-10-30,
ZCH06LMQ,0,0,,,,0,0,0,1,0.0025521391071379185,,2017-10-30,
ZCH06LMW,0,0,,,,0,0,0,1,0.003033942775800824,,2017-10-30,
ZCH06LN7,0,0,,,,0,0,0,1,0.10151258856058121,,2017-11-14,
ZCH06LP8,0,0,,,,0,0,0,1,0.002236970467492938,,2017-10-30,
ZCH06LQ1,0,0,,,,0,0,0,1,0.003182433545589447,,2017-10-21,
ZCH06LQX,0,0,,,,0,0,0,1,0.0037078887689858675,,2017-10-30,
ZCH06LR1,0,0,,,,0,0,0,1,0.15611480176448822,,2017-10-21,
ZCH06LS1,0,0,,,,0,0,0,1,0.0013189140008762479,,2018-01-05,
ZCH06LSJ,0,0,,,,0,0,0,1,0.0012018003035336733,,2017-12-21,
ZCH06LT2,0,0,,,,0,0,0,1,0.0013279267586767673,,2017-11-14,
ZCH06LTE,0,0,,,,0,0,0,1,0.05743922293186188,,2017-12-20,
ZCH06LTN,0,0,,,,0,0,0,1,0.0011964160948991776,,2017-12-21,
ZCH06LTV,0,0,,,,0,0,0,1,0.00201747240498662,,2017-10-30,
ZCH06LX7,0,0,,,,0,0,0,1,0.0022484054788947105,,2017-10-30,
ZCH06LXJ,0,0,,,,0,0,0,1,0.002214933978393674,,2017-10-30,
ZCH06LYQ,0,0,,,,0,0,0,1,0.0012896088883280754,,2017-11-09,
ZCH06LYX,0,0,,,,0,0,0,1,0.003278520191088319,,2017-10-30,
ZCH06M0T,0,0,,,,0,0,0,1,0.002786912489682436,,2017-10-30,
ZCH06M1A,0,0,,,,0,0,0,1,0.001200475380755961,,2018-01-05,
ZCH06M2L,0,0,,,,0,0,0,1,0.0007651766645722091,,2017-12-21,
ZCH06M3B,0,0,,,,0,0,0,1,0.001185632194392383,,2017-12-21,
ZCH06M3E,0,0,,,,0,0,0,1,0.0023195866961032152,,2017-10-30,
ZCH06M3Q,0,0,,,,0,0,0,1,0.001133664627559483,,2018-01-05,
ZCH06M5M,0,0,,,,0,0,0,1,0.0036686307284981012,,2017-10-21,
ZCH06M7Y,0,0,,,,0,0,0,1,0.002666810993105173,,2017-10-21,
ZCH06MCK,0,0,,,,0,0,0,1,0.0007774656405672431,,2018-01-05,
ZCH06MDT,0,0,,,,0,0,0,1,0.001988314324989915,,2017-12-20,
ZCH06MEB,0,0,,,,0,0,0,1,0.001017899950966239,,2017-12-21,
ZCH06MJZ,0,1,2019-10-15,,,0,1,0,0,0.4321390986442566,0.41555073857307434,2017-10-30,715.0
ZCH06MKF,0,0,,,,0,0,0,1,0.0009493252728134394,,2017-12-21,
ZCH06MM7,0,0,,,,0,0,0,1,0.002059223596006632,,2017-10-30,
ZCH06MPE,0,0,,,,0,0,0,1,0.001215592841617763,,2017-11-14,
ZCH06MR5,1,0,,2018-02-10,,0,0,1,0,0.0009466642513871193,,2017-10-21,
ZCH06MSW,0,0,,,,0,0,0,1,0.0010521861258894205,,2017-12-20,
ZCH06MT0,0,0,,,,0,0,0,1,0.0022080012131482363,,2017-10-30,
ZCH06MT6,0,0,,,,0,0,0,1,0.0020297986920922995,,2017-10-30,
ZCH06MY4,0,0,,,,0,0,0,1,0.001327085425145924,,2017-12-21,
ZCH06MZM,0,0,,,,0,0,0,1,0.0010496795875951648,,2017-12-20,
ZCH06N0B,0,0,,,,0,0,0,1,0.03779406100511551,,2017-10-21,
ZCH06N0G,0,0,,,,0,0,0,1,0.003169186180457473,,2017-10-30,
ZCH06N10,0,0,,,,0,0,0,1,0.0008268164820037782,,2018-01-05,
ZCH06N1D,0,0,,,,0,0,0,1,0.02898646891117096,,2018-01-05,
ZCH06N2W,0,0,,,,0,0,0,1,0.0018403357826173306,,2017-10-30,
ZCH06N3F,0,0,,,,0,0,0,1,0.0011631669476628304,,2018-01-05,
ZCH06N4M,0,0,,,,0,0,0,1,0.003396959276869893,,2017-10-21,
ZCH06N50,0,0,,,,0,0,0,1,0.007099267560988665,,2017-11-09,
ZCH06N5C,0,0,,,,0,0,0,1,0.0014463064726442099,,2018-01-05,
ZCH06N5L,1,1,2019-09-08,2020-03-22,196.0,1,0,0,0,0.3987331986427307,0.3243591785430908,2017-11-09,668.0
ZCH06N5T,0,0,,,,0,0,0,1,0.0009978290181607008,,2017-12-21,
ZCH06N6B,0,1,2019-07-11,,,0,1,0,0,0.4676126539707184,0.33881455659866333,2017-10-30,619.0
ZCH06N8A,0,0,,,,0,0,0,1,0.26389601826667786,,2018-01-05,
ZCH06N91,0,0,,,,0,0,0,1,0.002209274796769023,,2017-10-30,
ZCH06NAV,0,0,,,,0,0,0,1,0.0012299440568313003,,2017-12-21,
ZCH06NB2,0,0,,,,0,0,0,1,0.0008099515689536929,,2018-10-29,
ZCH06NC8,0,0,,,,0,0,0,1,0.0021766070276498795,,2017-10-30,
ZCH06NCT,0,0,,,,0,0,0,1,0.000713952409569174,,2017-12-21,
ZCH06NDE,0,0,,,,0,0,0,1,0.0011411677114665508,,2017-11-14,
ZCH06NEC,0,0,,,,0,0,0,1,0.0016861341428011656,,2017-11-14,
ZCH06NEM,0,0,,,,0,0,0,1,0.0026852204464375973,,2017-10-30,
ZCH06NER,0,0,,,,0,0,0,1,0.002279434585943818,,2017-10-30,
ZCH06NEY,0,0,,,,0,0,0,1,0.009295839816331863,,2017-11-14,
ZCH06NFB,0,0,,,,0,0,0,1,0.0013006377266719937,,2017-12-20,
ZCH06NL1,0,0,,,,0,0,0,1,0.002059902995824814,,2017-10-30,
ZCH06NL8,0,0,,,,0,0,0,1,0.2855782210826874,,2017-12-21,
ZCH06NND,0,0,,,,0,0,0,1,0.016475731506943703,,2017-11-09,
ZCH06NNG,0,0,,,,0,0,0,1,0.0018876995891332626,,2017-10-30,
ZCH06PAW,1,0,,2018-04-13,,0,0,1,0,0.000640462210867554,,2018-01-05,
ZCH06PB8,0,0,,,,0,0,0,1,0.0011165209580212831,,2017-12-21,
ZCH06PBE,0,0,,,,0,0,0,1,0.0027413161005824804,,2017-10-21,
ZCH06PBG,0,0,,,,0,0,0,1,0.0022884858772158623,,2017-10-30,
ZCH06QE3,0,0,,,,0,0,0,1,0.0012966995127499104,,2018-02-12,
ZCH06RX9,0,0,,,,0,0,0,1,0.0010757114505395293,,2018-05-16,
ZCH06TBK,0,0,,,,0,0,0,1,0.0020144081208854914,,2017-10-30,
ZCH06TBW,0,0,,,,0,0,0,1,0.0009836583631113172,,2017-12-21,
ZCH06TCF,0,0,,,,0,0,0,1,0.0009580617770552635,,2018-01-05,
ZCH06TER,0,0,,,,0,0,0,1,0.0018381375120952725,,2017-11-09,
ZCH06TES,0,0,,,,0,0,0,1,0.001653021085076034,,2017-12-20,
ZCH06TF6,0,0,,,,0,0,0,1,0.003115928266197443,,2017-10-21,
ZCH06TFV,0,0,,,,0,0,0,1,0.0009631128632463515,,2018-01-05,
ZCH06TH0,1,1,2019-02-19,2019-02-19,0.0,1,0,0,0,0.49590370059013367,0.49590370059013367,2017-10-21,486.0
ZCH06TH7,0,0,,,,0,0,0,1,0.0012253742897883058,,2017-12-21,
ZCH06TH9,0,0,,,,0,0,0,1,0.004396356642246246,,2017-10-21,
ZCH06TJ6,0,0,,,,0,0,0,1,0.0014881740789860487,,2018-01-05,
ZCH06TN4,0,0,,,,0,0,0,1,0.0031230177264660597,,2017-10-21,
ZCH06TSN,0,0,,,,0,0,0,1,0.004292620345950127,,2017-10-21,
ZCH06TW0,0,0,,,,0,0,0,1,0.0010157619835808873,,2018-01-05,
ZCH06TW6,0,0,,,,0,0,0,1,0.0029718659352511168,,2017-10-30,
ZCH06TXD,0,0,,,,0,0,0,1,0.0022761933505535126,,2017-10-21,
ZCH06TY2,0,0,,,,0,0,0,1,0.0023028256837278605,,2017-10-30,
ZCH06TYE,0,0,,,,0,0,0,1,0.0008680368191562593,,2017-12-21,
ZCH06TYL,0,0,,,,0,0,0,1,0.0012088405201211572,,2018-01-05,
ZCH06TZY,0,0,,,,0,0,0,1,0.0037681423127651215,,2017-10-30,
ZCH06V1D,0,0,,,,0,0,0,1,0.006132297683507204,,2017-11-09,
ZCH06V1F,0,0,,,,0,0,0,1,0.0014921764377504587,,2017-11-09,
ZCH06V7C,0,0,,,,0,0,0,1,0.0008719208417460322,,2018-01-05,
ZCH06VB0,0,0,,,,0,0,0,1,0.0010528417769819498,,2018-01-05,
ZCH06VDP,0,0,,,,0,0,0,1,0.0023158048279583454,,2017-10-21,
ZCH06VEV,0,0,,,,0,0,0,1,0.0014249668456614017,,2018-01-05,
ZCH06VHC,0,0,,,,0,0,0,1,0.25380754470825195,,2017-10-21,
ZCH06VJ9,0,0,,,,0,0,0,1,0.0021675722673535347,,2017-10-30,
ZCH06VK8,0,0,,,,0,0,0,1,0.0012577424058690667,,2017-12-21,
ZCH06VKY,0,0,,,,0,0,0,1,0.001123228925280273,,2018-01-05,
ZCH06VMK,0,0,,,,0,0,0,1,0.002218225272372365,,2017-10-21,
ZCH06VP7,0,0,,,,0,0,0,1,0.0011950959451496601,,2017-11-14,
ZCH06VPF,0,0,,,,0,0,0,1,0.0026195677928626537,,2017-10-30,
ZCH06VPP,0,0,,,,0,0,0,1,0.0022812322713434696,,2017-12-20,
ZCH06VR6,0,0,,,,0,0,0,1,0.0010361986933276057,,2017-12-21,
ZCH06VWM,0,0,,,,0,0,0,1,0.0012103145709261298,,2017-12-20,
ZCH06VZD,0,0,,,,0,0,0,1,0.0031936790328472853,,2017-10-21,
ZCH06W01,0,0,,,,0,0,0,1,0.003915802109986544,,2017-12-20,
ZCH06W0R,0,0,,,,0,0,0,1,0.0009226147667504847,,2017-12-21,
ZCH06W23,0,0,,,,0,0,0,1,0.1822749823331833,,2017-10-21,
ZCH06W3T,0,0,,,,0,0,0,1,0.0010408353991806507,,2018-01-13,
ZCH06W4L,1,0,,2020-04-03,,0,0,1,0,0.19110997021198273,,2017-10-21,
ZCH06W55,0,0,,,,0,0,0,1,0.2084314078092575,,2017-11-14,
ZCH06W9E,0,0,,,,0,0,0,1,0.0012263118987903,,2018-01-05,
ZCH06WD7,0,0,,,,0,0,0,1,0.0007019570330157876,,2017-12-21,
ZCH06WFY,0,0,,,,0,0,0,1,0.002068070461973548,,2017-12-20,
ZCH06WH9,0,0,,,,0,0,0,1,0.0016706802416592836,,2017-12-20,
ZCH06WJ1,0,0,,,,0,0,0,1,0.001345603377558291,,2018-01-05,
ZCH06WMP,0,0,,,,0,0,0,1,0.0027749224100261927,,2017-12-20,
ZCH06WN9,0,0,,,,0,0,0,1,0.001457851380109787,,2017-12-21,
ZCH06WNA,0,0,,,,0,0,0,1,0.0010849745012819767,,2018-01-05,
ZCH06WNT,0,0,,,,0,0,0,1,0.0029666656628251076,,2017-10-21,
ZCH06WP1,0,0,,,,0,0,0,1,0.0010750279761850834,,2017-12-21,
ZCH06WR6,0,0,,,,0,0,0,1,0.0023819380439817905,,2017-10-30,
ZCH06WSR,0,0,,,,0,0,0,1,0.0016902133356779814,,2018-01-30,
ZCH06WSW,0,0,,,,0,0,0,1,0.002265180693939328,,2017-10-30,
ZCH06WW2,0,0,,,,0,0,0,1,0.0010297808330506086,,2017-12-21,
ZCH06WWK,1,1,2019-07-03,2019-07-16,13.0,1,0,0,0,0.3981970250606537,0.3717493712902069,2018-01-05,544.0
ZCH06WXE,0,0,,,,0,0,0,1,0.0015539126470685005,,2017-11-14,
ZCH06WYS,0,0,,,,0,0,0,1,0.002989522647112608,,2017-10-21,
ZCH06X0Q,0,0,,,,0,0,0,1,0.0010648957686498761,,2017-12-21,
ZCH06X1T,0,0,,,,0,0,0,1,0.000982031342573464,,2017-12-21,
ZCH06X4A,0,0,,,,0,0,0,1,0.002972086425870657,,2017-10-30,
ZCH06X4N,0,0,,,,0,0,0,1,0.0008162071462720633,,2017-12-21,
ZCH06X6J,0,0,,,,0,0,0,1,0.0026507035363465548,,2017-10-30,
ZCH06XC0,0,0,,,,0,0,0,1,0.0010022851638495922,,2017-12-21,
ZCH06XD2,0,0,,,,0,0,0,1,0.0014298850437626243,,2017-11-14,
ZCH06YMG,0,0,,,,0,0,0,1,0.0008924620342440903,,2018-01-05,
ZCH06YN0,0,0,,,,0,0,0,1,0.002053265692666173,,2017-10-21,
ZCH06YPB,0,0,,,,0,0,0,1,0.0008044557762332261,,2017-12-21,
ZCH06YQ6,0,0,,,,0,0,0,1,0.0016234902432188392,,2017-12-21,
ZCH06YRJ,0,0,,,,0,0,0,1,0.001416521379724145,,2018-01-05,
ZCH06YYQ,0,0,,,,0,0,0,1,0.0014119207626208663,,2017-11-14,
ZCH06YZV,0,0,,,,0,0,0,1,0.0025453604757785797,,2017-10-21,
ZCH06Z0D,0,0,,,,0,0,0,1,0.0013313009403645992,,2017-12-20,
ZCH06Z0Q,0,0,,,,0,0,0,1,0.005639097653329372,,2017-10-21,
ZCH06Z1L,0,0,,,,0,0,0,1,0.0017711982363834977,,2017-11-14,
ZCH06Z1V,0,0,,,,0,0,0,1,0.001050261314958334,,2017-12-21,
ZCH06ZR3,1,1,2019-02-16,2019-02-18,2.0,1,0,0,0,0.5182586908340454,0.44585299491882324,2017-12-21,422.0
ZCH06ZSX,0,0,,,,0,0,0,1,0.0009740791865624487,,2017-12-21,
ZCH06ZVF,0,0,,,,0,0,0,1,0.00544738071039319,,2017-11-09,
ZCH06ZW1,0,0,,,,0,0,0,1,0.0016535271424800158,,2017-10-21,
ZCH06ZWN,0,0,,,,0,0,0,1,0.2579345703125,,2017-10-30,
ZCH07000,0,0,,,,0,0,0,1,0.0012320176465436816,,2017-12-21,
ZCH0701C,0,0,,,,0,0,0,1,0.0006909528747200966,,2017-12-21,
ZCH07066,0,0,,,,0,0,0,1,0.000757046916987747,,2018-01-05,
ZCH07088,0,0,,,,0,0,0,1,0.004099666606634855,,2017-12-20,
ZCH0708M,0,0,,,,0,0,0,1,0.0034001863095909357,,2017-10-21,
ZCH0709Y,0,0,,,,0,0,0,1,0.002175619127228856,,2018-04-27,
ZCH070BJ,0,0,,,,0,0,0,1,0.002801535651087761,,2017-10-21,
ZCH070CD,0,0,,,,0,0,0,1,0.0010548140853643417,,2017-12-20,
ZCH070D4,0,0,,,,0,0,0,1,0.05014387518167496,,2017-10-21,
ZCH070GZ,0,0,,,,0,0,0,1,0.0030952724628150463,,2017-11-09,
ZCH070HE,0,0,,,,0,0,0,1,0.0011905897408723831,,2017-12-21,
ZCH070HM,0,0,,,,0,0,0,1,0.0009068499784916639,,2018-01-05,
ZCH070MN,1,1,2018-09-16,2018-09-17,1.0,1,0,0,0,0.47427618503570557,0.41473260521888733,2017-12-21,269.0
ZCH070Q2,0,0,,,,0,0,0,1,0.0020347540266811848,,2017-10-30,
ZCH070QK,0,0,,,,0,0,0,1,0.0037742028944194317,,2017-10-21,
ZCH070TX,0,0,,,,0,0,0,1,0.0009961705654859543,,2018-01-05,
ZCH070V9,0,0,,,,0,0,0,1,0.0034872964024543762,,2017-10-30,
ZCH070VR,1,1,2019-07-29,2019-08-01,3.0,1,0,0,0,0.4865545928478241,0.35996145009994507,2017-10-21,646.0
ZCH070W8,0,0,,,,0,0,0,1,0.01202982384711504,,2017-11-14,
ZCH070YX,0,0,,,,0,0,0,1,0.0017563557485118508,,2017-12-20,
ZCH070ZQ,1,1,2018-10-02,2018-10-02,0.0,1,0,0,0,0.37085938453674316,0.37085938453674316,2018-03-12,204.0
ZCH07104,0,0,,,,0,0,0,1,0.0010952072916552424,,2018-02-12,
ZCH0711L,0,0,,,,0,0,0,1,0.003343303920701146,,2017-10-21,
ZCH0712A,0,0,,,,0,0,0,1,0.004572440404444933,,2017-10-21,
ZCH0712B,0,0,,,,0,0,0,1,0.0033736000768840313,,2017-10-30,
ZCH07174,0,0,,,,0,0,0,1,0.0007865651859901845,,2018-01-05,
ZCH0719X,0,0,,,,0,0,0,1,0.0035981247201561928,,2017-12-20,
ZCH071C0,0,0,,,,0,0,0,1,0.0022083299700170755,,2017-10-21,
ZCH071CQ,0,0,,,,0,0,0,1,0.0020239276345819235,,2017-10-21,
ZCH071FX,0,0,,,,0,0,0,1,0.002479859860613942,,2017-10-21,
ZCH071GA,0,0,,,,0,0,0,1,0.003295805538073182,,2017-10-21,
ZCH071GV,0,0,,,,0,0,0,1,0.0010424182983115315,,2017-12-21,
ZCH071H4,0,0,,,,0,0,0,1,0.003452898235991597,,2017-10-21,
ZCH071JA,0,0,,,,0,0,0,1,0.00857921689748764,,2017-11-14,
ZCH071LA,0,0,,,,0,0,0,1,0.004862920381128788,,2017-10-21,
ZCH071LB,0,0,,,,0,0,0,1,0.0012789657339453697,,2018-01-05,
ZCH071Q1,0,0,,,,0,0,0,1,0.003494854085147381,,2017-10-30,
ZCH071Q9,0,0,,,,0,0,0,1,0.0009582088096067309,,2018-01-05,
ZCH071QV,0,0,,,,0,0,0,1,0.0021311468444764614,,2017-11-09,
ZCH071S7,0,0,,,,0,0,0,1,0.0019539969507604837,,2017-11-14,
ZCH071SK,0,0,,,,0,0,0,1,0.0027178300078958273,,2017-10-30,
ZCH071WA,0,0,,,,0,0,0,1,0.0008808420388959348,,2018-01-05,
ZCH071WQ,0,0,,,,0,0,0,1,0.0009741185349412262,,2018-01-05,
ZCH071WR,0,0,,,,0,0,0,1,0.002049629343673587,,2017-10-30,
ZCH071YA,0,0,,,,0,0,0,1,0.0009578102617524564,,2018-01-05,
ZCH07207,0,0,,,,0,0,0,1,0.004151372238993645,,2017-10-30,
ZCH0720N,0,0,,,,0,0,0,1,0.0023027730640023947,,2017-11-14,
ZCH07215,0,0,,,,0,0,0,1,0.0014649593504145741,,2017-11-14,
ZCH0723C,0,0,,,,0,0,0,1,0.0023004428949207067,,2017-10-30,
ZCH0723W,0,0,,,,0,0,0,1,0.0024036362301558256,,2017-12-20,
ZCH07256,0,0,,,,0,0,0,1,0.0010970424627885222,,2018-01-05,
ZCH0727L,0,0,,,,0,0,0,1,0.0010282505536451936,,2018-01-05,
ZCH0728P,0,0,,,,0,0,0,1,0.0025181774981319904,,2017-12-20,
ZCH072DC,0,0,,,,0,0,0,1,0.0011452367762103677,,2017-12-21,
ZCH072LN,0,0,,,,0,0,0,1,0.013880522921681404,,2017-11-14,
ZCH072LW,0,0,,,,0,0,0,1,0.0012473993701860309,,2017-12-21,
ZCH072P4,1,0,,2018-06-02,,0,0,1,0,0.2037532925605774,,2017-10-21,
ZCH072Q6,0,0,,,,0,0,0,1,0.010534427128732204,,2017-11-14,
ZCH072X5,0,0,,,,0,0,0,1,0.0012163120554760098,,2017-12-20,
ZCH072XA,0,0,,,,0,0,0,1,0.009760523214936256,,2017-11-14,
ZCH072XV,0,0,,,,0,0,0,1,0.0032378153409808874,,2017-10-21,
ZCH072ZK,0,0,,,,0,0,0,1,0.001075686770491302,,2017-12-21,
ZCH07305,0,0,,,,0,0,0,1,0.001704498426988721,,2017-11-14,
ZCH07338,0,0,,,,0,0,0,1,0.0017100117402151227,,2017-12-20,
ZCH0733C,0,0,,,,0,0,0,1,0.0010679673869162798,,2018-01-05,
ZCH0733K,0,0,,,,0,0,0,1,0.007835852913558483,,2017-11-14,
ZCH07343,0,0,,,,0,0,0,1,0.001930083497427404,,2018-02-12,
ZCH07344,1,0,,2019-03-15,,0,0,1,0,0.000951227848418057,,2017-11-14,
ZCH07349,0,0,,,,0,0,0,1,0.00149501021951437,,2019-02-10,
ZCH0736Z,0,0,,,,0,0,0,1,0.00831783190369606,,2017-11-09,
ZCH07380,0,0,,,,0,0,0,1,0.000928793684579432,,2018-01-05,
ZCH073C6,0,0,,,,0,0,0,1,0.0012718604411929846,,2017-12-21,
ZCH073D5,0,0,,,,0,0,0,1,0.0007932655862532556,,2017-12-21,
ZCH073E1,0,0,,,,0,0,0,1,0.08299081027507782,,2017-11-09,
ZCH073E3,0,0,,,,0,0,0,1,0.0008237934089265764,,2017-12-21,
ZCH073FQ,0,0,,,,0,0,0,1,0.0019183425465598702,,2017-11-14,
ZCH073G4,0,0,,,,0,0,0,1,0.0027905525639653206,,2017-10-21,
ZCH073KS,0,0,,,,0,0,0,1,0.001430785283446312,,2018-01-05,
ZCH073RE,0,0,,,,0,0,0,1,0.0032658737618476152,,2017-10-30,
ZCH073TC,0,0,,,,0,0,0,1,0.00484215933829546,,2017-10-21,
ZCH073VM,0,0,,,,0,0,0,1,0.0015311466995626688,,2018-11-05,
ZCH073WD,0,0,,,,0,0,0,1,0.002003368688747287,,2017-10-21,
ZCH073Z9,1,1,2018-12-17,2018-12-17,0.0,1,0,0,0,0.34086933732032776,0.34086933732032776,2017-10-21,422.0
ZCH0746F,0,0,,,,0,0,0,1,0.0009274879121221602,,2018-01-05,
ZCH0747X,0,0,,,,0,0,0,1,0.0016734064556658268,,2017-12-21,
ZCH074C0,0,0,,,,0,0,0,1,0.0028688618913292885,,2017-11-09,
ZCH074HR,0,0,,,,0,0,0,1,0.0008330314885824919,,2018-01-05,
ZCH074J2,0,0,,,,0,0,0,1,0.0006881550652906299,,2018-01-05,
ZCH074KP,0,0,,,,0,0,0,1,0.0015665733953937888,,2018-01-05,
ZCH074LW,0,0,,,,0,0,0,1,0.0018158771563321352,,2017-11-14,
ZCH074M1,0,0,,,,0,0,0,1,0.0027648794930428267,,2017-10-21,
ZCH074P8,0,0,,,,0,0,0,1,0.0009492284734733403,,2018-01-05,
ZCH074RH,0,0,,,,0,0,0,1,0.0019000634783878922,,2018-02-12,
ZCH074SB,0,0,,,,0,0,0,1,0.14299820363521576,,2017-10-21,
ZCH075RJ,0,0,,,,0,0,0,1,0.0009686563280411065,,2017-12-21,
ZCH075V0,1,0,,2019-04-23,,0,0,1,0,0.0012239225907251239,,2017-12-20,
ZCH075ZA,0,0,,,,0,0,0,1,0.0027030818164348602,,2017-10-21,
ZCH075ZZ,0,1,2019-11-28,,,0,1,0,0,0.3392273187637329,0.33457645773887634,2017-12-21,707.0
ZCH076HA,0,0,,,,0,0,0,1,0.004644640255719423,,2019-01-18,
ZCH076J2,0,0,,,,0,0,0,1,0.0009521536994725466,,2018-01-05,
ZCH076J8,0,0,,,,0,0,0,1,0.014385195448994637,,2017-10-21,
ZCH076M5,0,0,,,,0,0,0,1,0.001945953001268208,,2017-12-20,
ZCH076NA,0,0,,,,0,0,0,1,0.002035471610724926,,2017-11-09,
ZCH076ZR,0,0,,,,0,0,0,1,0.002106310334056616,,2018-01-12,
ZCH07711,0,0,,,,0,0,0,1,0.018228987231850624,,2017-11-14,
ZCH07727,0,0,,,,0,0,0,1,0.0028194899205118418,,2017-10-30,
ZCH0775F,0,0,,,,0,0,0,1,0.0014103712746873498,,2018-01-05,
ZCH07760,0,0,,,,0,0,0,1,0.0009012067457661033,,2018-01-05,
ZCH07767,0,0,,,,0,0,0,1,0.003138692816719413,,2017-10-21,
ZCH0776A,0,0,,,,0,0,0,1,0.0009285502601414919,,2017-12-21,
ZCH077BD,0,0,,,,0,0,0,1,0.008123532868921757,,2017-10-21,
ZCH077CR,0,0,,,,0,0,0,1,0.05167718976736069,,2017-10-21,
ZCH077GA,0,0,,,,0,0,0,1,0.001388976234011352,,2017-11-09,
ZCH077JF,0,0,,,,0,0,0,1,0.002681178040802479,,2017-10-30,
ZCH077K3,0,0,,,,0,0,0,1,0.0010361375752836466,,2017-12-20,
ZCH077K6,0,0,,,,0,0,0,1,0.0020860149525105953,,2017-10-21,
ZCH077KF,0,0,,,,0,0,0,1,0.0025074887089431286,,2017-12-21,
ZCH077LD,0,0,,,,0,0,0,1,0.3009742796421051,,2017-10-21,
ZCH077MB,0,0,,,,0,0,0,1,0.00172587635461241,,2017-11-14,
ZCH077N0,0,0,,,,0,0,0,1,0.004027964547276497,,2017-10-21,
ZCH077N9,1,1,2019-06-09,2019-06-12,3.0,1,0,0,0,0.5530820488929749,0.5011377930641174,2017-11-14,572.0
ZCH077P5,1,0,,2017-12-24,,0,0,1,0,0.0007063840166665614,,2017-12-21,
ZCH077Q1,0,0,,,,0,0,0,1,0.001269494416192174,,2017-12-21,
ZCH077X8,0,0,,,,0,0,0,1,0.003804620821028948,,2017-10-21,
ZCH077XN,0,0,,,,0,0,0,1,0.000987389707006514,,2018-03-12,
ZCH077XZ,0,0,,,,0,0,0,1,0.0010913095902651548,,2018-01-05,
ZCH07818,0,0,,,,0,0,0,1,0.003542480058968067,,2017-10-30,
ZCH07848,0,0,,,,0,0,0,1,0.001380378962494433,,2017-12-21,
ZCH0786A,0,0,,,,0,0,0,1,0.002330397255718708,,2017-11-09,
ZCH0786X,0,0,,,,0,0,0,1,0.0026549703907221556,,2017-10-21,
ZCH07879,0,0,,,,0,0,0,1,0.001594021450728178,,2017-12-20,
ZCH0788V,0,0,,,,0,0,0,1,0.0035128069575875998,,2018-04-27,
ZCH078A4,0,0,,,,0,0,0,1,0.14441916346549988,,2017-10-30,
ZCH078DW,0,0,,,,0,0,0,1,0.01543385349214077,,2017-11-14,
ZCH078HG,0,0,,,,0,0,0,1,0.005233012139797211,,2017-11-09,
ZCH078HY,0,0,,,,0,0,0,1,0.001858531148172915,,2017-11-14,
ZCH078J5,1,1,2020-11-16,2020-11-23,7.0,1,0,0,0,0.43542182445526123,0.37911927700042725,2017-11-09,1103.0
ZCH078JT,0,0,,,,0,0,0,1,0.0053094918839633465,,2017-11-09,
ZCH078LB,0,0,,,,0,0,0,1,0.24675148725509644,,2017-10-21,
ZCH078R2,0,0,,,,0,0,0,1,0.0019921502098441124,,2017-10-21,
ZCH078XT,0,0,,,,0,0,0,1,0.00374976615421474,,2017-10-21,
ZCH078YM,1,1,2019-08-21,2019-09-13,23.0,1,0,0,0,0.36914777755737305,0.3530372381210327,2017-10-21,669.0
ZCH078Z9,0,0,,,,0,0,0,1,0.003391019068658352,,2017-10-21,
ZCH078ZT,0,0,,,,0,0,0,1,0.0028998812194913626,,2017-10-30,
ZCH07902,0,0,,,,0,0,0,1,0.002764245728030801,,2017-10-21,
ZCH07955,0,0,,,,0,0,0,1,0.002434835769236088,,2017-10-30,
ZCH07967,0,0,,,,0,0,0,1,0.00378144602291286,,2017-10-21,
ZCH079P1,0,0,,,,0,0,0,1,0.0013693319633603096,,2018-03-12,
ZCH07APA,0,0,,,,0,0,0,1,0.0011253494303673506,,2018-03-12,
ZCH07AV8,0,0,,,,0,0,0,1,0.0014358158223330975,,2017-12-20,
ZCH07AW1,0,0,,,,0,0,0,1,0.015363970771431923,,2017-10-30,
ZCH07AY0,0,0,,,,0,0,0,1,0.0007962586241774261,,2018-01-05,
ZCH07AYE,1,0,,2019-12-28,,0,0,1,0,0.2535460591316223,,2017-10-21,
ZCH07AYF,0,0,,,,0,0,0,1,0.0010452703572809696,,2017-12-21,
ZCH07B2T,0,0,,,,0,0,0,1,0.00128680479247123,,2017-11-14,
ZCH07B30,0,0,,,,0,0,0,1,0.001467254594899714,,2018-11-20,
ZCH07B3B,0,0,,,,0,0,0,1,0.002335436875000596,,2017-10-21,
ZCH07B5H,0,0,,,,0,0,0,1,0.0019592049065977335,,2017-10-30,
ZCH07B5Q,0,0,,,,0,0,0,1,0.0015237160259857774,,2018-11-06,
ZCH07B8E,0,0,,,,0,0,0,1,0.001929178019054234,,2017-11-14,
ZCH07BWD,1,1,2019-11-22,2019-12-13,21.0,1,0,0,0,0.42250463366508484,0.4017889201641083,2017-10-21,762.0
ZCH07C03,0,0,,,,0,0,0,1,0.0011226149508729577,,2017-12-21,
ZCH07C39,0,0,,,,0,0,0,1,0.010111837647855282,,2017-11-09,
ZCH07C5P,1,0,,2019-05-14,,0,0,1,0,0.2718403935432434,,2017-12-21,
ZCH07C9V,0,0,,,,0,0,0,1,0.001705644535832107,,2017-11-14,
ZCH07CDT,0,0,,,,0,0,0,1,0.0012527417857199907,,2017-11-14,
ZCH07CFA,0,0,,,,0,0,0,1,0.0015419891569763422,,2018-01-05,
ZCH07CHS,0,0,,,,0,0,0,1,0.002473824191838503,,2019-02-15,
ZCH07CMJ,0,0,,,,0,0,0,1,0.006002241279929876,,2017-10-21,
ZCH07CPZ,0,0,,,,0,0,0,1,0.0008683726191520691,,2017-12-21,
ZCH07CQF,0,0,,,,0,0,0,1,0.0011129307094961405,,2017-12-21,
ZCH07CQP,0,0,,,,0,0,0,1,0.0007677802932448685,,2018-01-05,
ZCH07CQZ,0,0,,,,0,0,0,1,0.003935979213565588,,2017-11-09,
ZCH07CSS,0,0,,,,0,0,0,1,0.0022052768617868423,,2017-11-09,
ZCH07CZS,0,0,,,,0,0,0,1,0.0018431987846270204,,2017-12-20,
ZCH07D03,0,0,,,,0,0,0,1,0.039708372205495834,,2017-11-09,
ZCH07D08,0,0,,,,0,0,0,1,0.0014720766339451075,,2017-11-14,
ZCH07D0Q,0,0,,,,0,0,0,1,0.003314513945952058,,2017-11-09,
ZCH07D3B,0,0,,,,0,0,0,1,0.0007165819406509399,,2018-01-05,
ZCH07D4B,0,0,,,,0,0,0,1,0.0017162337899208069,,2017-12-20,
ZCH07DEH,0,0,,,,0,0,0,1,0.0011050575412809849,,2018-01-05,
ZCH07DGF,0,0,,,,0,0,0,1,0.0011549519840627909,,2018-01-05,
ZCH07DHF,0,0,,,,0,0,0,1,0.0010026729432865977,,2017-12-21,
ZCH07DNT,0,0,,,,0,0,0,1,0.004034355282783508,,2017-11-09,
ZCH07DS5,0,0,,,,0,0,0,1,0.0019486852688714862,,2017-12-20,
ZCH07DSJ,0,0,,,,0,0,0,1,0.0009107266669161618,,2017-12-21,
ZCH07DTE,0,0,,,,0,0,0,1,0.0009257685742340982,,2018-01-05,
ZCH07DVP,1,0,,2018-03-28,,0,0,1,0,0.0010726143373176455,,2017-10-21,
ZCH07DVT,1,1,2020-09-12,2021-04-06,206.0,1,0,0,0,0.5285808444023132,0.4753609895706177,2019-02-15,575.0
ZCH07DWL,0,0,,,,0,0,0,1,0.0052406140603125095,,2017-11-09,
ZCH07DZ4,0,0,,,,0,0,0,1,0.0010738627752289176,,2017-12-21,
ZCH07DZY,0,0,,,,0,0,0,1,0.0008817072957754135,,2017-12-21,
ZCH07E0J,0,0,,,,0,0,0,1,0.0020343484356999397,,2017-10-21,
ZCH07E2H,0,0,,,,0,0,0,1,0.0017751058330759406,,2017-11-14,
ZCH07E4J,0,0,,,,0,0,0,1,0.0023079023230820894,,2017-10-21,
ZCH07E7D,0,0,,,,0,0,0,1,0.0015429167542606592,,2017-11-14,
ZCH07EA0,0,0,,,,0,0,0,1,0.0032369985710829496,,2017-10-21,
ZCH07EBD,0,0,,,,0,0,0,1,0.0020753280259668827,,2017-10-30,
ZCH07EBK,0,0,,,,0,0,0,1,0.0010445769876241684,,2018-01-05,
ZCH07EH1,0,0,,,,0,0,0,1,0.0009501522872596979,,2017-12-21,
ZCH07EHE,0,0,,,,0,0,0,1,0.0014889778103679419,,2019-01-06,
ZCH07EJW,0,0,,,,0,0,0,1,0.0012331558391451836,,2017-12-20,
ZCH07EL0,0,0,,,,0,0,0,1,0.0011503773275762796,,2017-12-21,
ZCH07EL5,0,0,,,,0,0,0,1,0.004982581362128258,,2017-10-21,
ZCH07EL6,0,0,,,,0,0,0,1,0.003150750184431672,,2017-10-21,
ZCH07ELC,0,0,,,,0,0,0,1,0.030285252258181572,,2017-11-09,
ZCH07ELF,0,0,,,,0,0,0,1,0.0010090263094753027,,2017-12-20,
ZCH07ENK,0,0,,,,0,0,0,1,0.0014797630719840527,,2017-12-20,
ZCH07ERA,0,0,,,,0,0,0,1,0.0026885848492383957,,2017-11-09,
ZCH07ERN,0,0,,,,0,0,0,1,0.008049444295465946,,2017-11-14,
ZCH07EVQ,0,0,,,,0,0,0,1,0.0018484523752704263,,2018-03-12,
ZCH07EWK,0,0,,,,0,0,0,1,0.0016130083240568638,,2017-11-09,
ZCH07EYX,0,0,,,,0,0,0,1,0.004191918298602104,,2018-01-05,
ZCH07F3H,0,0,,,,0,0,0,1,0.0021053997334092855,,2017-12-20,
ZCH07F4Q,0,0,,,,0,0,0,1,0.002831399906426668,,2017-11-09,
ZCH07F4X,0,0,,,,0,0,0,1,0.001410032738931477,,2017-12-21,
ZCH07F6Z,0,0,,,,0,0,0,1,0.0009569688700139523,,2018-01-05,
ZCH07FAH,0,0,,,,0,0,0,1,0.0010988017311319709,,2017-12-21,
ZCH07FG0,0,0,,,,0,0,0,1,0.0019342517480254173,,2017-11-14,
ZCH07FLB,0,0,,,,0,0,0,1,0.001693070400506258,,2017-11-14,
ZCH07FLW,0,0,,,,0,0,0,1,0.0012917885323986411,,2017-12-20,
ZCH07FNX,0,0,,,,0,0,0,1,0.006746253930032253,,2017-11-14,
ZCH07FQV,0,0,,,,0,0,0,1,0.14353442192077637,,2018-01-05,
ZCH07FVD,0,0,,,,0,0,0,1,0.000923914136365056,,2017-12-21,
ZCH07FX1,0,0,,,,0,0,0,1,0.0008578422130085528,,2017-12-21,
ZCH07G1S,0,0,,,,0,0,0,1,0.0018731554737314582,,2017-10-30,
ZCH07G27,0,0,,,,0,0,0,1,0.002487380290403962,,2017-10-30,
ZCH07G29,1,1,2020-08-18,2020-09-03,16.0,1,0,0,0,0.498972624540329,0.32536545395851135,2017-11-14,1008.0
ZCH07G2T,0,0,,,,0,0,0,1,0.0018786194268614054,,2019-02-17,
ZCH07G7K,0,0,,,,0,0,0,1,0.0012164975050836802,,2017-12-20,
ZCH07G9W,0,0,,,,0,0,0,1,0.003367682918906212,,2017-11-09,
ZCH07GGJ,0,0,,,,0,0,0,1,0.0008092560456134379,,2018-10-29,
ZCH07GJR,0,0,,,,0,0,0,1,0.058693937957286835,,2017-11-09,
ZCH07GKH,0,0,,,,0,0,0,1,0.0014646385097876191,,2017-11-14,
ZCH07GQK,0,0,,,,0,0,0,1,0.0021970607340335846,,2017-12-20,
ZCH07GRE,0,0,,,,0,0,0,1,0.0008527433383278549,,2017-12-21,
ZCH07GV6,0,0,,,,0,0,0,1,0.0009708298603072762,,2017-12-21,
ZCH07GVC,0,0,,,,0,0,0,1,0.0025558515917509794,,2017-11-09,
ZCH07GVD,0,0,,,,0,0,0,1,0.0009981223847717047,,2018-01-05,
ZCH07GW7,0,0,,,,0,0,0,1,0.001135069876909256,,2017-12-21,
ZCH07GWS,0,0,,,,0,0,0,1,0.1284232884645462,,2018-01-05,
ZCH07GZ0,0,0,,,,0,0,0,1,0.001618384150788188,,2017-12-21,
ZCH07GZC,0,0,,,,0,0,0,1,0.0008542023133486509,,2017-12-21,
ZCH07H1T,0,0,,,,0,0,0,1,0.009786555543541908,,2017-11-14,
ZCH07H1Y,0,0,,,,0,0,0,1,0.0015902747400105,,2017-12-21,
ZCH07H46,0,0,,,,0,0,0,1,0.002547597512602806,,2017-11-14,
ZCH07H4R,0,0,,,,0,0,0,1,0.003796413540840149,,2017-12-20,
ZCH07H6A,0,0,,,,0,0,0,1,0.0038756709545850754,,2017-11-09,
ZCH07H6B,0,0,,,,0,0,0,1,0.0011428757570683956,,2017-12-20,
ZCH07HCT,0,0,,,,0,0,0,1,0.0014406816335394979,,2017-11-09,
ZCH07HE8,0,0,,,,0,0,0,1,0.0013566757552325726,,2017-12-21,
ZCH07HHL,1,0,,2019-09-24,,0,0,1,0,0.29977524280548096,,2017-10-21,
ZCH07HJ6,0,0,,,,0,0,0,1,0.001024544588290155,,2017-12-21,
ZCH07HJ7,0,0,,,,0,0,0,1,0.001000008312985301,,2018-01-05,
ZCH07HK8,0,0,,,,0,0,0,1,0.0010186212603002787,,2017-12-20,
ZCH07HKV,0,0,,,,0,0,0,1,0.00199140259064734,,2017-10-30,
ZCH07HM0,1,1,2019-10-08,2019-11-02,25.0,1,0,0,0,0.4697573482990265,0.3588632047176361,2017-10-21,717.0
ZCH07HM3,0,0,,,,0,0,0,1,0.0014399174833670259,,2017-11-14,
ZCH07HSE,0,0,,,,0,0,0,1,0.0013760154834017158,,2017-12-20,
ZCH07HVC,0,0,,,,0,0,0,1,0.0018990673124790192,,2017-11-09,
ZCH07HW8,0,0,,,,0,0,0,1,0.0010362861212342978,,2018-01-05,
ZCH07J4R,0,0,,,,0,0,0,1,0.002592075150460005,,2017-12-20,
ZCH07J53,0,0,,,,0,0,0,1,0.008965510874986649,,2019-01-01,
ZCH07J59,0,0,,,,0,0,0,1,0.007269233465194702,,2017-11-14,
ZCH07JA2,0,0,,,,0,0,0,1,0.0016780499136075377,,2017-12-20,
ZCH07JAG,1,1,2017-12-29,2018-01-20,22.0,1,0,0,0,0.3382223844528198,0.3378782868385315,2017-12-20,9.0
ZCH07JBL,1,0,,2019-10-01,,0,0,1,0,0.0016627437435090542,,2017-12-20,
ZCH07JGB,0,0,,,,0,0,0,1,0.003003645921126008,,2017-11-09,
ZCH07JGW,0,0,,,,0,0,0,1,0.0012897562701255083,,2017-12-21,
ZCH07JJL,0,0,,,,0,0,0,1,0.001239171950146556,,2017-11-09,
ZCH07JNG,0,0,,,,0,0,0,1,0.0009246327099390328,,2017-12-21,
ZCH07JQ0,0,0,,,,0,0,0,1,0.004013900179415941,,2017-11-09,
ZCH07K1W,0,0,,,,0,0,0,1,0.0015239851782098413,,2018-02-12,
ZCH07LZZ,0,0,,,,0,0,0,1,0.002556431572884321,,2017-10-21,
ZCH07M0N,0,0,,,,0,0,0,1,0.009283902123570442,,2017-11-14,
ZCH07M1S,0,0,,,,0,0,0,1,0.005547422915697098,,2017-11-14,
ZCH07M2C,0,0,,,,0,0,0,1,0.0023612957447767258,,2017-11-09,
ZCH07M2F,0,0,,,,0,0,0,1,0.0010231906780973077,,2018-01-05,
ZCH07M3M,0,0,,,,0,0,0,1,0.0010313482489436865,,2017-12-20,
ZCH07M3X,0,0,,,,0,0,0,1,0.0014174483949318528,,2017-12-20,
ZCH07M5G,0,0,,,,0,0,0,1,0.0021572925616055727,,2017-10-21,
ZCH07N5C,0,0,,,,0,0,0,1,0.001902407151646912,,2017-10-21,
ZCH07N7F,0,0,,,,0,0,0,1,0.002006977330893278,,2017-12-21,
ZCH07N8P,0,0,,,,0,0,0,1,0.0010820868192240596,,2018-01-05,
ZCH07NBT,0,0,,,,0,0,0,1,0.004394257441163063,,2017-10-21,
ZCH07NC8,0,0,,,,0,0,0,1,0.000989645253866911,,2017-12-21,
ZCH07NCD,0,0,,,,0,0,0,1,0.0022672703489661217,,2018-01-05,
ZCH07NEN,0,0,,,,0,0,0,1,0.015160402283072472,,2017-11-14,
ZCH07NEY,0,0,,,,0,0,0,1,0.005044691264629364,,2017-11-09,
ZCH07NGX,0,0,,,,0,0,0,1,0.0787111148238182,,2018-10-29,
ZCH07NJC,0,0,,,,0,0,0,1,0.0013268896145746112,,2017-12-20,
ZCH07NLF,1,1,2020-07-04,2020-07-10,6.0,1,0,0,0,0.3228790760040283,0.3228790760040283,2017-11-09,968.0
ZCH07NP5,0,0,,,,0,0,0,1,0.0008684082422405481,,2018-01-05,
ZCH07NS5,0,0,,,,0,0,0,1,0.006489591207355261,,2017-11-09,
ZCH07NSK,0,0,,,,0,0,0,1,0.004904060624539852,,2017-12-20,
ZCH07NSM,0,0,,,,0,0,0,1,0.0011632356327027082,,2018-01-05,
ZCH07NSR,0,1,2020-09-01,,,0,1,0,0,0.3611704111099243,0.35419324040412903,2017-12-20,986.0
ZCH07NV9,0,0,,,,0,0,0,1,0.002528340322896838,,2017-10-30,
ZCH07NW1,0,0,,,,0,0,0,1,0.0011251807445660233,,2018-01-05,
ZCH07NWG,0,0,,,,0,0,0,1,0.0019625972490757704,,2017-10-21,
ZCH07NX7,0,0,,,,0,0,0,1,0.0023164283484220505,,2019-02-18,
ZCH07NX8,0,0,,,,0,0,0,1,0.0014793601585552096,,2017-12-20,
ZCH07NY0,0,0,,,,0,0,0,1,0.0008737152093090117,,2018-01-05,
ZCH07NZE,1,0,,2020-12-04,,0,0,1,0,0.001120958593674004,,2018-01-05,
ZCH07NZN,0,0,,,,0,0,0,1,0.002889594528824091,,2018-01-05,
ZCH07NZP,0,0,,,,0,0,0,1,0.0010173493064939976,,2017-12-21,
ZCH07P53,0,1,2019-08-21,,,0,1,0,0,0.4561043977737427,0.41890057921409607,2017-11-09,650.0
ZCH07Q0G,0,0,,,,0,0,0,1,0.0011020845267921686,,2018-01-05,
ZCH07Q0Q,0,0,,,,0,0,0,1,0.0036237111780792475,,2017-12-20,
ZCH07Q46,0,0,,,,0,0,0,1,0.0016442656051367521,,2017-11-09,
ZCH07Q5P,0,0,,,,0,0,0,1,0.0016448306851089,,2017-11-14,
ZCH07Q61,0,0,,,,0,0,0,1,0.001387372612953186,,2017-11-09,
ZCH07Q8T,0,0,,,,0,0,0,1,0.007897770032286644,,2017-11-09,
ZCH07QAB,0,0,,,,0,0,0,1,0.0010380760068073869,,2018-01-05,
ZCH07QBR,0,0,,,,0,0,0,1,0.0018110909732058644,,2017-12-21,
ZCH07QC8,1,1,2020-01-08,2020-01-09,1.0,1,0,0,0,0.4601185917854309,0.42133575677871704,2017-12-21,748.0
ZCH07QDD,0,0,,,,0,0,0,1,0.0014848969876766205,,2017-11-14,
ZCH07RJ1,1,1,2019-11-06,2020-02-07,93.0,1,0,0,0,0.3478296101093292,0.3273911476135254,2018-10-29,373.0
ZCH07RLC,1,0,,2019-01-02,,0,0,1,0,0.2075079381465912,,2017-11-09,
ZCH07RLE,0,0,,,,0,0,0,1,0.0021438458934426308,,2017-11-14,
ZCH07RQT,1,0,,2021-07-07,,0,0,1,0,0.24036288261413574,,2017-11-09,
ZCH07RV2,0,0,,,,0,0,0,1,0.0012428292538970709,,2017-12-21,
ZCH07RVL,0,0,,,,0,0,0,1,0.0008536006207577884,,2018-01-05,
ZCH07RXX,0,0,,,,0,0,0,1,0.0013445017393678427,,2017-12-20,
ZCH07RXY,0,0,,,,0,0,0,1,0.001002518110908568,,2017-12-21,
ZCH07RYC,1,0,,2018-03-16,,0,0,1,0,0.0009483325411565602,,2017-11-14,
ZCH07RYF,0,0,,,,0,0,0,1,0.03250320255756378,,2017-12-21,
ZCH07RYN,0,0,,,,0,0,0,1,0.001829017885029316,,2017-12-20,
ZCH07RYY,0,0,,,,0,0,0,1,0.0021615063305944204,,2017-12-20,
ZCH07S1B,0,0,,,,0,0,0,1,0.00236081937327981,,2018-05-01,
ZCH07S1Y,1,1,2021-01-30,2021-05-11,101.0,1,0,0,0,0.40571534633636475,0.3996317684650421,2017-11-09,1178.0
ZCH07SKQ,1,1,2019-08-12,2019-10-16,65.0,1,0,0,0,0.342745304107666,0.33293017745018005,2017-11-09,641.0
ZCH07SKS,0,0,,,,0,0,0,1,0.0011399410432204604,,2017-12-20,
ZCH07SPJ,0,0,,,,0,0,0,1,0.0019457641756162047,,2017-11-14,
ZCH07SPW,0,0,,,,0,0,0,1,0.0014735569711774588,,2017-11-14,
ZCH07SPX,0,0,,,,0,0,0,1,0.004753359127789736,,2017-12-20,
ZCH07SRP,0,0,,,,0,0,0,1,0.0025342698208987713,,2017-11-14,
ZCH07STW,0,0,,,,0,0,0,1,0.005285112652927637,,2017-10-30,
ZCH07SXC,0,0,,,,0,0,0,1,0.0011046038707718253,,2018-01-05,
ZCH07SZ5,0,0,,,,0,0,0,1,0.0009169948170892894,,2018-01-05,
ZCH07SZE,0,0,,,,0,0,0,1,0.0016603043768554926,,2017-11-14,
ZCH07T1A,0,0,,,,0,0,0,1,0.0017261740285903215,,2017-11-14,
ZCH07T1E,0,0,,,,0,0,0,1,0.0015133828856050968,,2017-11-14,
ZCH07T1J,0,0,,,,0,0,0,1,0.001895726891234517,,2018-01-05,
ZCH07T24,0,0,,,,0,0,0,1,0.0011564993765205145,,2017-11-14,
ZCH07T5T,0,0,,,,0,0,0,1,0.0029525344725698233,,2017-12-20,
ZCH07T7D,0,0,,,,0,0,0,1,0.0016778974095359445,,2017-11-09,
ZCH07TC5,0,0,,,,0,0,0,1,0.09806978702545166,,2017-12-21,
ZCH07TCH,0,0,,,,0,0,0,1,0.0014363786904141307,,2018-01-05,
ZCH07TCJ,0,0,,,,0,0,0,1,0.00122423330321908,,2017-12-21,
ZCH07TCW,0,0,,,,0,0,0,1,0.0009324658894911408,,2018-01-05,
ZCH07TDB,0,0,,,,0,0,0,1,0.007352463435381651,,2017-11-09,
ZCH07TDG,0,0,,,,0,0,0,1,0.003124689683318138,,2017-11-09,
ZCH07TEA,0,0,,,,0,0,0,1,0.0030820639804005623,,2018-12-05,
ZCH07TFT,0,0,,,,0,0,0,1,0.006525126285851002,,2017-11-09,
ZCH07TH6,0,0,,,,0,0,0,1,0.0019546165131032467,,2017-10-21,
ZCH07TK7,0,0,,,,0,0,0,1,0.0015947697684168816,,2017-11-09,
ZCH07TLB,0,0,,,,0,0,0,1,0.0012077378341928124,,2017-12-20,
ZCH07VH1,0,0,,,,0,0,0,1,0.1750156581401825,,2017-11-09,
ZCH07VJM,0,0,,,,0,0,0,1,0.0012172253336757421,,2018-01-05,
ZCH07VMC,0,0,,,,0,0,0,1,0.001844418584369123,,2017-11-09,
ZCH07VNT,0,0,,,,0,0,0,1,0.0017310846596956253,,2017-12-20,
ZCH07VPD,0,0,,,,0,0,0,1,0.001134099904447794,,2017-12-21,
ZCH07VPN,0,0,,,,0,0,0,1,0.0008090317132882774,,2018-10-29,
ZCH07VSD,0,0,,,,0,0,0,1,0.0008412764291279018,,2018-01-05,
ZCH07VYC,0,0,,,,0,0,0,1,0.0013047067914158106,,2017-11-14,
ZCH07W0F,0,1,2019-11-24,,,0,1,0,0,0.38078317046165466,0.36321279406547546,2017-11-09,745.0
ZCH07W0P,0,0,,,,0,0,0,1,0.0014261764008551836,,2017-11-14,
ZCH07W5E,0,0,,,,0,0,0,1,0.0029065455310046673,,2017-11-09,
ZCH07W60,0,0,,,,0,0,0,1,0.0015746181597933173,,2017-12-20,
ZCH07WCW,0,0,,,,0,0,0,1,0.0009262832463718951,,2017-11-09,
ZCH07WD3,0,0,,,,0,0,0,1,0.00232297251932323,,2017-12-20,
ZCH07WD8,0,0,,,,0,0,0,1,0.0029942691326141357,,2017-11-09,
ZCH07WFV,0,0,,,,0,0,0,1,0.0010018403409048915,,2017-12-21,
ZCH07WGJ,0,0,,,,0,0,0,1,0.3151986598968506,,2017-10-21,
ZCH07WGZ,1,1,2018-06-12,2019-01-11,213.0,1,0,0,0,0.5027414560317993,0.3207565248012543,2017-12-21,173.0
ZCH07WH5,0,0,,,,0,0,0,1,0.0019261745037510991,,2017-12-20,
ZCH07WJ6,0,0,,,,0,0,0,1,0.0029341469053179026,,2017-12-20,
ZCH07WJF,0,0,,,,0,0,0,1,0.0010855176951736212,,2017-12-20,
ZCH07WKA,0,0,,,,0,0,0,1,0.001019022660329938,,2017-12-21,
ZCH07WLR,0,0,,,,0,0,0,1,0.0016880567418411374,,2017-12-20,
ZCH07WN9,0,0,,,,0,0,0,1,0.0022241538390517235,,2017-12-20,
ZCH07WQW,0,0,,,,0,0,0,1,0.005682675633579493,,2017-11-09,
ZCH07WRV,0,0,,,,0,0,0,1,0.0012370027834549546,,2017-11-14,
ZCH07WS5,0,0,,,,0,0,0,1,0.12722580134868622,,2018-01-05,
ZCH07WSG,0,0,,,,0,0,0,1,0.317070335149765,,2017-12-21,
ZCH07WT5,0,0,,,,0,0,0,1,0.0008120017591863871,,2017-12-21,
ZCH07WW3,0,0,,,,0,0,0,1,0.0008052541525103152,,2017-12-21,
ZCH07X0T,0,0,,,,0,0,0,1,0.0012615888845175505,,2017-11-09,
ZCH07X1T,1,0,,2020-05-19,,0,0,1,0,0.0009104151395149529,,2018-01-05,
ZCH07X1Y,0,0,,,,0,0,0,1,0.0007353906403295696,,2018-01-05,
ZCH07X20,0,0,,,,0,0,0,1,0.0014817937044426799,,2017-12-21,
ZCH07X35,0,0,,,,0,0,0,1,0.0011430232552811503,,2017-12-20,
ZCH07X82,0,0,,,,0,0,0,1,0.0012402530992403626,,2018-01-05,
ZCH07X9C,0,0,,,,0,0,0,1,0.010489912703633308,,2017-11-14,
ZCH07XCM,0,0,,,,0,0,0,1,0.0014664717018604279,,2017-11-14,
ZCH07XD0,0,0,,,,0,0,0,1,0.00245720986276865,,2017-11-09,
ZCH07XEV,0,0,,,,0,0,0,1,0.0009342256817035377,,2017-12-21,
ZCH07XL4,0,0,,,,0,0,0,1,0.000962710939347744,,2018-01-05,
ZCH07XRE,0,0,,,,0,0,0,1,0.002869668183848262,,2017-10-21,
ZCH07XVR,0,0,,,,0,0,0,1,0.004123333841562271,,2017-11-09,
ZCH07XWA,0,0,,,,0,0,0,1,0.0010891846613958478,,2018-01-05,
ZCH07XZK,0,0,,,,0,0,0,1,0.0011828048154711723,,2017-12-20,
ZCH07XZN,0,0,,,,0,0,0,1,0.0013018152676522732,,2017-12-20,
ZCH07XZX,0,0,,,,0,0,0,1,0.0011146165197715163,,2017-11-14,
ZCH07Y26,0,0,,,,0,0,0,1,0.005788091570138931,,2017-11-09,
ZCH07Y29,0,0,,,,0,0,0,1,0.0020924657583236694,,2017-10-21,
ZCH07Y3N,0,0,,,,0,0,0,1,0.014181377366185188,,2017-11-09,
ZCH07Y5R,0,0,,,,0,0,0,1,0.00752735510468483,,2017-11-09,
ZCH07YN9,0,0,,,,0,0,0,1,0.0015320144593715668,,2018-02-12,
ZCH07Z1A,0,0,,,,0,0,0,1,0.0011255736462771893,,2018-01-05,
ZCH07Z2K,0,0,,,,0,0,0,1,0.00096878781914711,,2017-12-21,
ZCH07Z4Q,0,0,,,,0,0,0,1,0.000992321060039103,,2018-01-05,
ZCH07Z57,0,0,,,,0,0,0,1,0.0016353771788999438,,2018-11-08,
ZCH07Z6A,0,0,,,,0,0,0,1,0.0016334600513800979,,2018-05-08,
ZCH07ZAP,0,0,,,,0,0,0,1,0.0017470913007855415,,2017-11-14,
ZCH07ZCY,0,0,,,,0,0,0,1,0.003085834439843893,,2017-11-09,
ZCH07ZGC,0,0,,,,0,0,0,1,0.003875243943184614,,2017-12-20,
ZCH07ZT5,0,0,,,,0,0,0,1,0.0013577524805441499,,2017-11-14,
ZCH07ZVN,0,0,,,,0,0,0,1,0.2681525647640228,,2018-01-05,
ZCH07ZX9,0,0,,,,0,0,0,1,0.001353696221485734,,2017-12-21,
ZCH07ZY2,0,0,,,,0,0,0,1,0.00131420255638659,,2017-11-14,
ZCH07ZYC,1,0,,2019-11-13,,0,0,1,0,0.00372937205247581,,2017-10-21,
ZCH07ZZC,1,0,,2019-11-19,,0,0,1,0,0.21522416174411774,,2017-12-20,
ZCH0802A,0,0,,,,0,0,0,1,0.0019777279812842607,,2017-11-14,
ZCH08034,1,1,2020-03-04,2020-05-29,86.0,1,0,0,0,0.3607802093029022,0.33960384130477905,2017-12-20,805.0
ZCH080BL,0,0,,,,0,0,0,1,0.0011186960618942976,,2018-01-05,
ZCH080C9,1,0,,2020-04-27,,0,0,1,0,0.0016501671634614468,,2017-11-14,
ZCH080DG,0,0,,,,0,0,0,1,0.0008242048788815737,,2018-01-05,
ZCH080E0,0,0,,,,0,0,0,1,0.0020462546963244677,,2017-11-14,
ZCH080EW,0,0,,,,0,0,0,1,0.0033065760508179665,,2017-12-20,
ZCH080F7,0,0,,,,0,0,0,1,0.0024343356490135193,,2017-10-21,
ZCH080H5,0,0,,,,0,0,0,1,0.0013711811043322086,,2017-12-20,
ZCH080J8,1,1,2019-08-12,2020-02-03,175.0,1,0,0,0,0.3562151789665222,0.34413453936576843,2018-01-05,584.0
ZCH080LJ,0,0,,,,0,0,0,1,0.018423447385430336,,2018-01-12,
ZCH080MT,1,0,,2019-05-08,,0,0,1,0,0.0012669867137447,,2017-11-14,
ZCH080NN,0,0,,,,0,0,0,1,0.0013776079285889864,,2017-12-21,
ZCH080QZ,0,0,,,,0,0,0,1,0.0009229224524460733,,2018-01-05,
ZCH080S1,1,1,2019-06-07,2019-06-12,5.0,1,0,0,0,0.3874523341655731,0.3661748766899109,2017-12-20,534.0
ZCH080TH,0,0,,,,0,0,0,1,0.0011219724547117949,,2018-01-05,
ZCH080V6,0,0,,,,0,0,0,1,0.0014304365031421185,,2017-12-20,
ZCH080WN,0,0,,,,0,0,0,1,0.0011539579136297107,,2017-12-21,
ZCH080WT,0,0,,,,0,0,0,1,0.004334048833698034,,2017-11-09,
ZCH0810Y,0,0,,,,0,0,0,1,0.0038002387154847383,,2017-12-20,
ZCH08131,0,0,,,,0,0,0,1,0.0011882031103596091,,2017-12-21,
ZCH0814L,0,0,,,,0,0,0,1,0.0025284846778959036,,2017-12-20,
ZCH0816R,0,0,,,,0,0,0,1,0.001397714950144291,,2017-12-20,
ZCH0817E,1,0,,2019-03-06,,0,0,1,0,0.18554334342479706,,2017-11-09,
ZCH0818Y,0,0,,,,0,0,0,1,0.011798806488513947,,2017-11-09,
ZCH0819E,0,0,,,,0,0,0,1,0.23968228697776794,,2017-12-21,
ZCH0819Y,0,0,,,,0,0,0,1,0.0014957721577957273,,2017-11-14,
ZCH081BL,0,0,,,,0,0,0,1,0.0010737732518464327,,2017-12-21,
ZCH081C1,0,0,,,,0,0,0,1,0.0019477616297081113,,2017-12-21,
ZCH081DJ,0,0,,,,0,0,0,1,0.0015516342828050256,,2017-12-20,
ZCH081DY,0,0,,,,0,0,0,1,0.0014245585771277547,,2018-05-16,
ZCH081E6,0,0,,,,0,0,0,1,0.0010237941751256585,,2017-12-21,
ZCH081EX,0,0,,,,0,0,0,1,0.004084221553057432,,2017-12-20,
ZCH081F5,0,0,,,,0,0,0,1,0.0009425674797967076,,2017-12-21,
ZCH081GM,0,0,,,,0,0,0,1,0.001403595320880413,,2017-11-14,
ZCH081GS,0,0,,,,0,0,0,1,0.0015057428972795606,,2017-11-14,
ZCH081JJ,0,0,,,,0,0,0,1,0.0013296599499881268,,2017-12-21,
ZCH081NG,0,0,,,,0,0,0,1,0.21621759235858917,,2017-11-14,
ZCH081NZ,0,0,,,,0,0,0,1,0.0015875659883022308,,2017-12-20,
ZCH082YT,0,0,,,,0,0,0,1,0.0012809296604245901,,2017-11-09,
ZCH082ZE,0,1,2019-06-12,,,0,1,0,0,0.34754812717437744,0.34135955572128296,2017-11-09,580.0
ZCH082ZV,0,0,,,,0,0,0,1,0.001347371842712164,,2017-11-14,
ZCH0830E,0,0,,,,0,0,0,1,0.10133656859397888,,2017-11-09,
ZCH08316,0,0,,,,0,0,0,1,0.0014119556872174144,,2017-11-14,
ZCH0831A,0,0,,,,0,0,0,1,0.0018503827741369605,,2018-04-27,
ZCH0839Y,0,0,,,,0,0,0,1,0.0016460082260891795,,2017-11-14,
ZCH083AF,0,0,,,,0,0,0,1,0.001231204136274755,,2018-03-12,
ZCH083EW,0,0,,,,0,0,0,1,0.002799592912197113,,2017-11-09,
ZCH083HN,0,0,,,,0,0,0,1,0.002045536180958152,,2017-10-30,
ZCH083LK,0,0,,,,0,0,0,1,0.0009868056513369083,,2018-01-05,
ZCH083N2,0,0,,,,0,0,0,1,0.0018203520448878407,,2017-11-14,
ZCH083N3,0,0,,,,0,0,0,1,0.002139679854735732,,2017-11-14,
ZCH083SP,0,0,,,,0,0,0,1,0.003114858875051141,,2018-01-05,
ZCH083WM,0,0,,,,0,0,0,1,0.001611275365576148,,2018-03-12,
ZCH083Y9,0,0,,,,0,0,0,1,0.001051407540217042,,2018-01-05,
ZCH08405,0,0,,,,0,0,0,1,0.0033082927111536264,,2017-10-21,
ZCH0840J,0,0,,,,0,0,0,1,0.0015008742921054363,,2017-11-14,
ZCH0843V,0,0,,,,0,0,0,1,0.004152738489210606,,2017-10-21,
ZCH0845K,0,0,,,,0,0,0,1,0.001573818502947688,,2018-03-12,
ZCH0846M,0,0,,,,0,0,0,1,0.24018865823745728,,2017-11-09,
ZCH0847B,0,0,,,,0,0,0,1,0.0015519756125286222,,2017-11-14,
ZCH084H9,0,0,,,,0,0,0,1,0.001492791692726314,,2017-12-20,
ZCH084J0,0,0,,,,0,0,0,1,0.002712650690227747,,2017-11-09,
ZCH084JH,0,0,,,,0,0,0,1,0.0022939860355108976,,2017-12-20,
ZCH084L3,0,0,,,,0,0,0,1,0.0017610497307032347,,2017-12-20,
ZCH084L7,0,0,,,,0,0,0,1,0.002320830710232258,,2017-10-21,
ZCH084RL,0,0,,,,0,0,0,1,0.001016021822579205,,2017-12-20,
ZCH084T0,0,0,,,,0,0,0,1,0.0024068006314337254,,2017-10-21,
ZCH084T3,0,0,,,,0,0,0,1,0.001491601811721921,,2017-11-14,
ZCH084T6,0,0,,,,0,0,0,1,0.0015274056931957603,,2017-11-14,
ZCH084TP,0,0,,,,0,0,0,1,0.001563647878356278,,2017-11-14,
ZCH0852N,0,0,,,,0,0,0,1,0.001522139529697597,,2017-11-14,
ZCH08544,0,0,,,,0,0,0,1,0.0012003359152004123,,2017-12-21,
ZCH085H4,0,0,,,,0,0,0,1,0.001024303026497364,,2018-01-05,
ZCH0864C,0,0,,,,0,0,0,1,0.0010158877121284604,,2018-01-05,
ZCH08659,0,0,,,,0,0,0,1,0.0015698717907071114,,2017-12-20,
ZCH0868R,0,0,,,,0,0,0,1,0.0016967866104096174,,2017-11-14,
ZCH0869S,0,0,,,,0,0,0,1,0.0011384707177057862,,2017-11-09,
ZCH086CG,0,0,,,,0,0,0,1,0.0028601710218936205,,2017-12-20,
ZCH086EZ,1,0,,2019-03-17,,0,0,1,0,0.001288841594941914,,2017-12-21,
ZCH086Q9,0,0,,,,0,0,0,1,0.0013753288658335805,,2017-12-20,
ZCH086Z5,0,0,,,,0,0,0,1,0.002618273487314582,,2017-11-09,
ZCH086Z8,0,0,,,,0,0,0,1,0.0010167931905016303,,2017-12-21,
ZCH088MT,0,0,,,,0,0,0,1,0.0026823575608432293,,2018-01-25,
ZCH088VH,0,0,,,,0,0,0,1,0.009631705470383167,,2017-11-09,
ZCH089PY,0,0,,,,0,0,0,1,0.0010817847214639187,,2018-01-05,
ZCH089Q0,0,0,,,,0,0,0,1,0.002231298480182886,,2018-01-25,
ZCH089TW,0,0,,,,0,0,0,1,0.001063814270310104,,2018-01-05,
ZCH089VV,1,0,,2018-11-28,,0,0,1,0,0.000719599484000355,,2017-12-21,
ZCH089YR,1,1,2019-08-01,2019-08-05,4.0,1,0,0,0,0.5149332880973816,0.33193016052246094,2017-11-14,625.0
ZCH08A08,0,0,,,,0,0,0,1,0.0009588914108462632,,2017-12-21,
ZCH08AET,0,0,,,,0,0,0,1,0.0037816220428794622,,2017-11-09,
ZCH08AFR,0,0,,,,0,0,0,1,0.0026485060807317495,,2017-10-21,
ZCH08AH2,0,0,,,,0,0,0,1,0.001366876531392336,,2017-11-14,
ZCH08AJF,0,0,,,,0,0,0,1,0.0013776689302176237,,2017-11-09,
ZCH08ATM,0,0,,,,0,0,0,1,0.0031743557192385197,,2017-10-21,
ZCH08AYN,0,0,,,,0,0,0,1,0.0016280480194836855,,2017-11-14,
ZCH08AYY,0,0,,,,0,0,0,1,0.002113434486091137,,2017-11-09,
ZCH08B0N,1,0,,2019-05-17,,0,0,1,0,0.0020975321531295776,,2018-01-05,
ZCH08B1Y,0,0,,,,0,0,0,1,0.0008769875857979059,,2018-03-12,
ZCH08B2A,0,0,,,,0,0,0,1,0.0015256714541465044,,2017-11-14,
ZCH08B2G,1,1,2019-09-06,2019-09-28,22.0,1,0,0,0,0.4593060612678528,0.35124126076698303,2017-11-09,666.0
ZCH08B3Z,0,0,,,,0,0,0,1,0.0015632965369150043,,2017-11-14,
ZCH08B7A,0,0,,,,0,0,0,1,0.0033298905473202467,,2017-10-21,
ZCH08B7C,0,0,,,,0,0,0,1,0.0016620170790702105,,2017-12-20,
ZCH08BD6,0,0,,,,0,0,0,1,0.0019777880515903234,,2017-11-14,
ZCH08BKK,0,0,,,,0,0,0,1,0.001519138109870255,,2017-12-20,
ZCH08BQK,0,0,,,,0,0,0,1,0.0009697870700620115,,2018-01-05,
ZCH08BRD,0,0,,,,0,0,0,1,0.0015530709642916918,,2017-11-09,
ZCH08BS3,0,0,,,,0,0,0,1,0.000907054403796792,,2018-01-05,
ZCH08BSF,0,0,,,,0,0,0,1,0.002742722863331437,,2017-11-09,
ZCH08BSQ,0,0,,,,0,0,0,1,0.0019229028839617968,,2017-12-20,
ZCH08BVZ,0,0,,,,0,0,0,1,0.0010880724294111133,,2017-12-21,
ZCH08BWZ,0,0,,,,0,0,0,1,0.0014768477994948626,,2017-11-14,
ZCH08BXA,0,0,,,,0,0,0,1,0.0028393962420523167,,2017-10-21,
ZCH08BZH,0,0,,,,0,0,0,1,0.0026756920851767063,,2017-10-21,
ZCH08C02,0,0,,,,0,0,0,1,0.0025247891899198294,,2017-11-14,
ZCH08D93,0,1,2019-10-23,,,0,1,0,0,0.41769900918006897,0.3763171136379242,2018-01-12,649.0
ZCH08EW2,0,0,,,,0,0,0,1,0.0014627603814005852,,2018-02-12,
ZCH08FGZ,1,0,,2020-12-06,,0,0,1,0,0.0025275093503296375,,2018-04-27,
ZCH08G3X,1,0,,2021-06-14,,0,0,1,0,0.3072470724582672,,2018-02-12,
ZCH08NR2,0,0,,,,0,0,0,1,0.0031425177585333586,,2018-01-06,
ZCH08P1R,0,0,,,,0,0,0,1,0.0014120833948254585,,2018-01-25,
ZCH08PK6,0,0,,,,0,0,0,1,0.0018202090868726373,,2018-04-27,
ZCH08PW9,0,0,,,,0,0,0,1,0.0031016895081847906,,2018-01-06,
ZCH08PZV,0,0,,,,0,0,0,1,0.0008715533185750246,,2018-03-12,
ZCH08TCC,0,0,,,,0,0,0,1,0.0013405674835667014,,2018-04-13,
ZCH08TDS,0,0,,,,0,0,0,1,0.001963374437764287,,2018-01-25,
ZCH08VHT,0,0,,,,0,0,0,1,0.0020640778820961714,,2018-04-27,
ZCH08VLP,0,0,,,,0,0,0,1,0.0010799807496368885,,2018-03-12,
ZCH08X95,0,0,,,,0,0,0,1,0.0010602035326883197,,2018-02-12,
ZCH08XD9,0,0,,,,0,0,0,1,0.001816414063796401,,2018-04-27,
ZCH08XE2,0,0,,,,0,0,0,1,0.003380716545507312,,2018-01-06,
ZCH08XFH,0,0,,,,0,0,0,1,0.0025454608257859945,,2018-04-27,
ZCH08XR9,0,0,,,,0,0,0,1,0.002525096759200096,,2018-04-27,
ZCH08XTB,0,0,,,,0,0,0,1,0.006488736718893051,,2018-01-13,
ZCH08XYN,0,0,,,,0,0,0,1,0.0014492514310404658,,2018-01-12,
ZCH08XZ2,0,0,,,,0,0,0,1,0.0020549313630908728,,2018-01-13,
ZCH08Y82,0,0,,,,0,0,0,1,0.0023590365890413523,,2018-04-27,
ZCH08Y8B,0,0,,,,0,0,0,1,0.001867761486209929,,2018-01-25,
ZCH08YA2,0,0,,,,0,0,0,1,0.0017818189226090908,,2018-01-13,
ZCH08YFX,0,0,,,,0,0,0,1,0.0026964826975017786,,2018-04-27,
ZCH08YJA,0,0,,,,0,0,0,1,0.0034703556448221207,,2018-01-06,
ZCH08YKR,0,0,,,,0,0,0,1,0.0016955608734861016,,2018-01-25,
ZCH08YSD,0,0,,,,0,0,0,1,0.0010115120094269514,,2018-03-12,
ZCH08YTD,0,0,,,,0,0,0,1,0.003896488109603524,,2018-01-12,
ZCH08YTN,0,0,,,,0,0,0,1,0.002511011902242899,,2018-01-13,
ZCH08Z2E,0,0,,,,0,0,0,1,0.0024407661985605955,,2018-01-25,
ZCH0922J,0,0,,,,0,0,0,1,0.0025225074496120214,,2018-01-06,
ZCH092GK,0,0,,,,0,0,0,1,0.0012780610704794526,,2018-03-12,
ZCH092JX,0,0,,,,0,0,0,1,0.0012193488655611873,,2018-01-25,
ZCH092KG,0,0,,,,0,0,0,1,0.00306335580535233,,2018-01-13,
ZCH092QJ,0,0,,,,0,0,0,1,0.002650766633450985,,2018-01-13,
ZCH092RH,0,0,,,,0,0,0,1,0.001660203910432756,,2018-04-27,
ZCH092TK,1,1,2019-06-02,2019-09-13,103.0,1,0,0,0,0.4143607020378113,0.3773583173751831,2018-01-06,512.0
ZCH092Z9,0,0,,,,0,0,0,1,0.001636708970181644,,2018-01-06,
ZCH09343,0,0,,,,0,0,0,1,0.0016544429818168283,,2018-04-27,
ZCH09385,0,0,,,,0,0,0,1,0.002093873219564557,,2018-01-06,
ZCH093XX,0,0,,,,0,0,0,1,0.0014925131108611822,,2018-01-25,
ZCH0941X,0,0,,,,0,0,0,1,0.002797782886773348,,2018-01-12,
ZCH094BY,0,0,,,,0,0,0,1,0.0019489151891320944,,2018-04-27,
ZCH094D7,0,0,,,,0,0,0,1,0.0012282588286325336,,2018-02-12,
ZCH094J3,0,0,,,,0,0,0,1,0.002509626792743802,,2018-01-13,
ZCH094ML,0,0,,,,0,0,0,1,0.001181987696327269,,2018-01-25,
ZCH094N9,0,0,,,,0,0,0,1,0.000990213011391461,,2018-03-12,
ZCH09504,0,0,,,,0,0,0,1,0.0019138687057420611,,2018-01-13,
ZCH09531,0,0,,,,0,0,0,1,0.0019296463578939438,,2018-04-27,
ZCH095CT,0,0,,,,0,0,0,1,0.002671860856935382,,2018-01-12,
ZCH095KJ,0,0,,,,0,0,0,1,0.002423130441457033,,2018-01-06,
ZCH095QH,0,1,2019-09-27,,,0,1,0,0,0.4056333601474762,0.37102457880973816,2018-01-13,622.0
ZCH095RY,0,0,,,,0,0,0,1,0.006969861686229706,,2018-01-13,
ZCH095TA,0,0,,,,0,0,0,1,0.0038702364545315504,,2018-01-06,
ZCH095ZQ,0,0,,,,0,0,0,1,0.0026277718134224415,,2018-01-12,
ZCH0961C,0,0,,,,0,0,0,1,0.003366825170814991,,2018-04-27,
ZCH0963G,0,0,,,,0,0,0,1,0.0035334392450749874,,2018-01-13,
ZCH0969B,0,0,,,,0,0,0,1,0.0016841567121446133,,2018-10-09,
ZCH096EY,0,0,,,,0,0,0,1,0.0018884139135479927,,2018-04-27,
ZCH096PC,0,1,2019-07-16,,,0,1,0,0,0.3785233795642853,0.34634166955947876,2018-01-13,549.0
ZCH096RJ,0,0,,,,0,0,0,1,0.0011866948334500194,,2018-01-13,
ZCH09753,1,0,,2019-08-23,,0,0,1,0,0.23171797394752502,,2018-01-12,
ZCH097WA,0,1,2020-07-21,,,0,1,0,0,0.33436495065689087,0.33436495065689087,2018-01-13,920.0
ZCH0981N,0,0,,,,0,0,0,1,0.0012413515942171216,,2018-01-13,
ZCH098AA,0,0,,,,0,0,0,1,0.001280139316804707,,2018-01-25,
ZCH098C1,0,0,,,,0,0,0,1,0.0014333014842122793,,2018-05-16,
ZCH0991E,0,0,,,,0,0,0,1,0.0009559892350807786,,2018-03-12,
ZCH09998,0,0,,,,0,0,0,1,0.006694721523672342,,2018-01-06,
ZCH099MZ,0,0,,,,0,0,0,1,0.0021120794117450714,,2018-01-12,
ZCH09ATD,0,0,,,,0,0,0,1,0.0010571721941232681,,2018-04-27,
ZCH09AVS,0,0,,,,0,0,0,1,0.0020432653836905956,,2018-01-13,
ZCH09B45,0,0,,,,0,0,0,1,0.004662293940782547,,2018-01-13,
ZCH09BYD,0,0,,,,0,0,0,1,0.0029291873797774315,,2018-01-06,
ZCH09CA8,0,0,,,,0,0,0,1,0.0015981345204636455,,2018-01-13,
ZCH09CE0,0,0,,,,0,0,0,1,0.0032862205989658833,,2018-01-06,
ZCH09DCR,0,0,,,,0,0,0,1,0.002664069412276149,,2018-01-06,
ZCH09DLY,0,0,,,,0,0,0,1,0.002209967467933893,,2018-01-13,
ZCH09DMB,0,0,,,,0,0,0,1,0.0019999670330435038,,2018-01-12,
ZCH09DV0,0,0,,,,0,0,0,1,0.0026457339990884066,,2018-01-25,
ZCH09E0Q,0,0,,,,0,0,0,1,0.00225030817091465,,2018-01-12,
ZCH09E2L,0,0,,,,0,0,0,1,0.0009811125928536057,,2018-03-12,
ZCH09E7T,0,0,,,,0,0,0,1,0.002510650083422661,,2018-04-27,
ZCH09E8Z,0,0,,,,0,0,0,1,0.002212832449004054,,2018-01-13,
ZCH09EMH,0,0,,,,0,0,0,1,0.2531900703907013,,2018-01-25,
ZCH09ER6,0,0,,,,0,0,0,1,0.002936762059107423,,2018-01-12,
ZCH09EY3,0,0,,,,0,0,0,1,0.09093661606311798,,2018-01-13,
ZCH09F0P,0,0,,,,0,0,0,1,0.0009119626483879983,,2018-01-13,
ZCH09FEJ,0,0,,,,0,0,0,1,0.0029079706873744726,,2018-01-12,
ZCH09FFX,0,0,,,,0,0,0,1,0.0029789332766085863,,2018-01-06,
ZCH09FH3,0,0,,,,0,0,0,1,0.015413520857691765,,2018-01-13,
ZCH09FNR,0,0,,,,0,0,0,1,0.002148921601474285,,2018-01-12,
ZCH09G3X,0,0,,,,0,0,0,1,0.0016361589077860117,,2018-01-12,
ZCH09G50,0,0,,,,0,0,0,1,0.001574580674059689,,2018-01-13,
ZCH09G5M,0,0,,,,0,0,0,1,0.002397750271484256,,2018-03-12,
ZCH09GGK,0,0,,,,0,0,0,1,0.0019249364268034697,,2018-04-27,
ZCH09H7D,1,0,,2019-07-29,,0,0,1,0,0.0010633573401719332,,2018-05-16,
ZCH09HMF,0,0,,,,0,0,0,1,0.0009667229023762047,,2018-03-12,
ZCH09HPX,0,0,,,,0,0,0,1,0.0024370327591896057,,2018-04-27,
ZCH09HZB,0,0,,,,0,0,0,1,0.002448718063533306,,2018-01-12,
ZCH09J78,0,0,,,,0,0,0,1,0.0026384813245385885,,2018-01-12,
ZCH09J7R,0,0,,,,0,0,0,1,0.002111170906573534,,2018-01-12,
ZCH09JZE,0,0,,,,0,0,0,1,0.0013865088112652302,,2018-01-25,
ZCH09K55,0,1,2020-07-05,,,0,1,0,0,0.39764320850372314,0.36187779903411865,2018-01-06,911.0
ZCH09K68,0,0,,,,0,0,0,1,0.0020405487157404423,,2018-01-25,
ZCH09KEF,1,0,,2021-01-09,,0,0,1,0,0.0023714134003967047,,2018-01-12,
ZCH09KGF,0,0,,,,0,0,0,1,0.0017576597165316343,,2018-04-13,
ZCH09KMM,0,0,,,,0,0,0,1,0.0012773004127666354,,2018-01-25,
ZCH09KYC,0,0,,,,0,0,0,1,0.0015680603682994843,,2018-01-25,
ZCH09L6T,0,0,,,,0,0,0,1,0.002071478171274066,,2018-01-25,
ZCH09LP6,0,0,,,,0,0,0,1,0.0018780035898089409,,2018-01-06,
ZCH09LPF,0,0,,,,0,0,0,1,0.0021360991522669792,,2018-04-27,
ZCH09MMV,0,0,,,,0,0,0,1,0.003344479948282242,,2018-01-06,
ZCH09MPS,0,0,,,,0,0,0,1,0.0016376333078369498,,2018-01-25,
ZCH09MW9,0,0,,,,0,0,0,1,0.0026621681172400713,,2018-01-06,
ZCH09N99,0,0,,,,0,0,0,1,0.0014431008603423834,,2018-04-27,
ZCH09NA2,0,0,,,,0,0,0,1,0.0014919305685907602,,2018-01-25,
ZCH09NAV,0,0,,,,0,0,0,1,0.0025626264978200197,,2018-01-06,
ZCH09ND2,0,0,,,,0,0,0,1,0.002783191157504916,,2018-01-13,
ZCH09NL0,0,0,,,,0,0,0,1,0.001756034791469574,,2018-01-13,
ZCH09NRP,0,0,,,,0,0,0,1,0.0013998362701386213,,2018-01-13,
ZCH09NS6,0,0,,,,0,0,0,1,0.0020100828260183334,,2018-04-27,
ZCH09PB8,0,0,,,,0,0,0,1,0.002082769526168704,,2018-01-13,
ZCH09PRH,1,1,2018-11-11,2018-11-11,0.0,1,0,0,0,0.40033090114593506,0.40033090114593506,2018-01-12,303.0
ZCH09PZ2,0,0,,,,0,0,0,1,0.0014110887423157692,,2018-02-12,
ZCH09PZG,0,0,,,,0,0,0,1,0.0023121489211916924,,2018-01-25,
ZCH09Q1R,0,0,,,,0,0,0,1,0.0016900234622880816,,2018-01-25,
ZCH09Q4Y,0,0,,,,0,0,0,1,0.0010646522277966142,,2018-03-12,
ZCH09R19,0,0,,,,0,0,0,1,0.0033117313869297504,,2018-01-06,
ZCH09R1A,0,0,,,,0,0,0,1,0.002799138892441988,,2018-01-13,
ZCH09RM7,1,0,,2018-12-14,,0,0,1,0,0.0010939545463770628,,2018-04-13,
ZCH09TDV,0,0,,,,0,0,0,1,0.0022242849227041006,,2018-01-13,
ZCH09TJG,0,0,,,,0,0,0,1,0.0006435377872548997,,2018-05-16,
ZCH09V8J,0,0,,,,0,0,0,1,0.24048258364200592,,2018-01-13,
ZCH09V8S,0,0,,,,0,0,0,1,0.0011545561719685793,,2018-01-25,
ZCH09V8V,0,0,,,,0,0,0,1,0.0013661530101671815,,2018-01-13,
ZCH09VFB,0,0,,,,0,0,0,1,0.002996679861098528,,2018-04-27,
ZCH09WVJ,0,0,,,,0,0,0,1,0.0008585736504755914,,2018-03-12,
ZCH09WVP,0,0,,,,0,0,0,1,0.0018105065682902932,,2018-01-13,
ZCH09X1N,0,0,,,,0,0,0,1,0.0020611833315342665,,2018-01-12,
ZCH09Z3G,0,0,,,,0,0,0,1,0.001771171111613512,,2018-01-13,
ZCH09ZZV,0,0,,,,0,0,0,1,0.00779382511973381,,2018-01-06,
ZCH0A178,0,0,,,,0,0,0,1,0.0010340622393414378,,2018-01-25,
ZCH0A1CY,0,0,,,,0,0,0,1,0.0014600257854908705,,2018-01-13,
ZCH0A1HA,0,0,,,,0,0,0,1,0.0019554910250008106,,2018-04-27,
ZCH0A1JK,0,0,,,,0,0,0,1,0.00247945892624557,,2018-01-12,
ZCH0A1L6,0,0,,,,0,0,0,1,0.001070976024493575,,2018-01-25,
ZCH0A1LL,0,0,,,,0,0,0,1,0.0008719611214473844,,2018-03-12,
ZCH0A1W6,0,0,,,,0,0,0,1,0.001453948556445539,,2018-01-13,
ZCH0A1YJ,0,0,,,,0,0,0,1,0.002021017950028181,,2018-01-12,
ZCH0A1ZA,0,0,,,,0,0,0,1,0.0019883844070136547,,2018-01-06,
ZCH0A2FX,0,0,,,,0,0,0,1,0.0009625348029658198,,2018-03-12,
ZCH0A2VL,0,0,,,,0,0,0,1,0.0010470497654750943,,2018-03-12,
ZCH0A36K,0,0,,,,0,0,0,1,0.002724751830101013,,2018-01-25,
ZCH0A3M5,0,0,,,,0,0,0,1,0.0017879249062389135,,2018-01-13,
ZCH0A3MR,0,0,,,,0,0,0,1,0.19781504571437836,,2018-01-12,
ZCH0A3PM,0,0,,,,0,0,0,1,0.0021289517171680927,,2018-01-25,
ZCH0A4AD,0,0,,,,0,0,0,1,0.003172942204400897,,2018-01-12,
ZCH0A5JN,0,0,,,,0,0,0,1,0.0018240207573398948,,2018-01-12,
ZCH0A5KF,0,0,,,,0,0,0,1,0.0023558035027235746,,2018-01-13,
ZCH0A5V1,0,0,,,,0,0,0,1,0.0021358472295105457,,2018-01-25,
ZCH0A637,0,0,,,,0,0,0,1,0.003014857415109873,,2018-01-06,
ZCH0A6W0,1,0,,2018-12-07,,0,0,1,0,0.0011091299820691347,,2018-01-12,
ZCH0A6X5,0,0,,,,0,0,0,1,0.0016426609363406897,,2018-01-13,
ZCH0A7Q2,0,0,,,,0,0,0,1,0.001971400110051036,,2018-05-12,
ZCH0A7WQ,0,0,,,,0,0,0,1,0.0012248370330780745,,2018-04-13,
ZCH0A87H,1,0,,2019-10-30,,0,0,1,0,0.27851569652557373,,2018-03-12,
ZCH0A8P9,0,0,,,,0,0,0,1,0.0017744724173098803,,2018-01-13,
ZCH0AB0S,0,0,,,,0,0,0,1,0.0032712160609662533,,2018-01-06,
ZCH0AB1V,0,0,,,,0,0,0,1,0.0020606382749974728,,2018-01-12,
ZCH0ABCQ,0,0,,,,0,0,0,1,0.0013546885456889868,,2018-01-12,
ZCH0ABFE,0,0,,,,0,0,0,1,0.0010436016600579023,,2018-03-12,
ZCH0ABPW,0,0,,,,0,0,0,1,0.0025353524833917618,,2018-04-27,
ZCH0ACEC,0,0,,,,0,0,0,1,0.0018910706276074052,,2018-04-27,
ZCH0ADNA,0,0,,,,0,0,0,1,0.11407523602247238,,2018-01-13,
ZCH0ADQA,0,0,,,,0,0,0,1,0.0025072547141462564,,2018-01-13,
ZCH0ADRB,0,0,,,,0,0,0,1,0.002528986195102334,,2018-01-25,
ZCH0ADXJ,0,0,,,,0,0,0,1,0.0033314372412860394,,2018-01-06,
ZCH0AE4Y,0,0,,,,0,0,0,1,0.0968191996216774,,2018-01-13,
ZCH0AE94,0,0,,,,0,0,0,1,0.0024729855358600616,,2018-05-12,
ZCH0AED7,0,0,,,,0,0,0,1,0.0009764052229002118,,2018-03-12,
ZCH0AEFV,0,0,,,,0,0,0,1,0.001896076137199998,,2018-01-25,
ZCH0AEG5,0,0,,,,0,0,0,1,0.0020650385413318872,,2018-01-12,
ZCH0AEGB,0,0,,,,0,0,0,1,0.0010333157842978835,,2018-03-12,
ZCH0AEWA,0,0,,,,0,0,0,1,0.006944436579942703,,2018-05-16,
ZCH0AEWP,0,0,,,,0,0,0,1,0.0049994345754384995,,2018-04-27,
ZCH0AF6W,0,0,,,,0,0,0,1,0.000978207914158702,,2018-03-12,
ZCH0AHC1,1,0,,2018-09-23,,0,0,1,0,0.001047437428496778,,2018-01-13,
ZCH0AHH0,0,0,,,,0,0,0,1,0.0016023155767470598,,2018-04-27,
ZCH0AHHR,0,0,,,,0,0,0,1,0.1974838227033615,,2018-03-12,
ZCH0AHVD,0,0,,,,0,0,0,1,0.002387285465374589,,2018-04-27,
ZCH0AHX2,0,0,,,,0,0,0,1,0.0019649951718747616,,2018-01-13,
ZCH0AJ2D,0,0,,,,0,0,0,1,0.2629010081291199,,2018-01-12,
ZCH0AJS4,0,0,,,,0,0,0,1,0.0009553253767080605,,2018-03-12,
ZCH0AJVF,0,0,,,,0,0,0,1,0.0012760868994519114,,2018-01-13,
ZCH0AJWH,0,0,,,,0,0,0,1,0.0013392886612564325,,2018-03-12,
ZCH0AJX6,0,0,,,,0,0,0,1,0.2776162028312683,,2018-01-13,
ZCH0AK42,0,0,,,,0,0,0,1,0.001276777358725667,,2018-01-13,
ZCH0AKCS,0,0,,,,0,0,0,1,0.0015450617065653205,,2018-04-13,
ZCH0AKH3,0,0,,,,0,0,0,1,0.0015316534554585814,,2018-01-13,
ZCH0AKLV,0,0,,,,0,0,0,1,0.024812106043100357,,2018-01-13,
ZCH0AKQ4,0,0,,,,0,0,0,1,0.0021831204649060965,,2018-04-27,
ZCH0AKRD,0,0,,,,0,0,0,1,0.0010351326782256365,,2018-03-12,
ZCH0AKRE,0,0,,,,0,0,0,1,0.0024366583675146103,,2018-04-27,
ZCH0AL01,1,1,2018-07-19,2018-09-19,62.0,1,0,0,0,0.5029818415641785,0.3292425572872162,2018-01-13,187.0
ZCH0APGY,1,1,2021-04-03,2021-04-04,1.0,1,0,0,0,0.37416547536849976,0.37416547536849976,2018-05-12,1057.0
ZCH0AQ1E,0,0,,,,0,0,0,1,0.0009786431910470128,,2018-01-25,
ZCH0AQ89,0,0,,,,0,0,0,1,0.0024450866039842367,,2018-04-27,
ZCH0AQPK,0,0,,,,0,0,0,1,0.0022542730439454317,,2018-04-13,
ZCH0AQQ1,0,0,,,,0,0,0,1,0.001803954248316586,,2018-05-16,
ZCH0AQVH,0,0,,,,0,0,0,1,0.0013095731846988201,,2018-03-12,
ZCH0AQZ3,0,0,,,,0,0,0,1,0.0016778262797743082,,2018-01-25,
ZCH0ARZP,0,0,,,,0,0,0,1,0.0011592733208090067,,2018-01-12,
ZCH0AV3D,0,0,,,,0,0,0,1,0.002093873219564557,,2018-04-27,
ZCH0AV8J,0,0,,,,0,0,0,1,0.0008304485818371177,,2018-10-29,
ZCH0AXDA,0,0,,,,0,0,0,1,0.21466492116451263,,2018-01-06,
ZCH0AXHJ,0,0,,,,0,0,0,1,0.001278948038816452,,2018-01-25,
ZCH0AXLQ,0,0,,,,0,0,0,1,0.0031719952821731567,,2018-01-06,
ZCH0AXTT,0,0,,,,0,0,0,1,0.0009803249267861247,,2018-03-12,
ZCH0AXWB,0,0,,,,0,0,0,1,0.0011729146353900433,,2018-01-13,
ZCH0AXWN,0,0,,,,0,0,0,1,0.0019107222324237227,,2018-01-13,
ZCH0AYA6,0,0,,,,0,0,0,1,0.0010740433353930712,,2018-01-13,
ZCH0AYX1,0,0,,,,0,0,0,1,0.0024023056030273438,,2018-01-25,
ZCH0AYXA,0,0,,,,0,0,0,1,0.0017078258097171783,,2018-04-27,
ZCH0AYXN,0,0,,,,0,0,0,1,0.0011195888509973884,,2018-03-12,
ZCH0AYYN,0,0,,,,0,0,0,1,0.0017912647454068065,,2018-01-13,
ZCH0B0CC,0,0,,,,0,0,0,1,0.0012706461129710078,,2018-01-25,
ZCH0B0KM,0,0,,,,0,0,0,1,0.0010522110387682915,,2018-01-12,
ZCH0B0VS,0,0,,,,0,0,0,1,0.0018072951352223754,,2018-01-06,
ZCH0B10M,0,0,,,,0,0,0,1,0.0016055202577263117,,2018-03-12,
ZCH0B1DC,0,0,,,,0,0,0,1,0.0009406243334524333,,2018-01-25,
ZCH0B1L4,0,0,,,,0,0,0,1,0.001267133397050202,,2018-01-13,
ZCH0B35Q,0,0,,,,0,0,0,1,0.009371570311486721,,2018-01-13,
ZCH0B3JC,0,0,,,,0,0,0,1,0.00114185712300241,,2018-01-25,
ZCH0B43Q,0,0,,,,0,0,0,1,0.0010504068341106176,,2018-03-12,
ZCH0B451,0,0,,,,0,0,0,1,0.001142839784733951,,2018-03-12,
ZCH0B4AV,0,0,,,,0,0,0,1,0.0011160419089719653,,2018-01-25,
ZCH0B4F5,1,0,,2019-08-27,,0,0,1,0,0.0012122592888772488,,2018-12-08,
ZCH0B4FC,0,0,,,,0,0,0,1,0.0017478889785706997,,2018-04-27,
ZCH0B4J3,0,0,,,,0,0,0,1,0.0018284651450812817,,2018-04-27,
ZCH0B4V1,0,0,,,,0,0,0,1,0.0027795962523669004,,2018-01-06,
ZCH0B5AJ,0,0,,,,0,0,0,1,0.0014065257273614407,,2018-01-25,
ZCH0B6P9,0,0,,,,0,0,0,1,0.002527361735701561,,2018-01-12,
ZCH0B75V,0,0,,,,0,0,0,1,0.0018361771944910288,,2018-01-13,
ZCH0B7FM,0,0,,,,0,0,0,1,0.003303214907646179,,2018-04-27,
ZCH0B7M4,0,0,,,,0,0,0,1,0.0013464245712384582,,2018-01-13,
ZCH0B7N9,0,0,,,,0,0,0,1,0.002362363040447235,,2018-01-12,
ZCH0B7P4,0,0,,,,0,0,0,1,0.0008675663266330957,,2018-03-12,
ZCH0B7TM,0,0,,,,0,0,0,1,0.0010743230814114213,,2018-01-13,
ZCH0B86H,0,0,,,,0,0,0,1,0.001371392048895359,,2018-05-16,
ZCH0B8K3,0,1,2020-09-05,,,0,1,0,0,0.34172818064689636,0.33753150701522827,2018-03-12,908.0
ZCH0B8ZF,1,0,,2019-01-08,,0,0,1,0,0.1731511503458023,,2018-01-06,
ZCH0B91P,0,0,,,,0,0,0,1,0.28116366267204285,,2018-01-12,
ZCH0B93M,0,0,,,,0,0,0,1,0.002353277523070574,,2018-01-13,
ZCH0B9DC,0,0,,,,0,0,0,1,0.002044296357780695,,2018-01-13,
ZCH0B9QS,0,0,,,,0,0,0,1,0.0023653237149119377,,2018-01-13,
ZCH0B9TQ,0,0,,,,0,0,0,1,0.0015877534169703722,,2018-05-16,
ZCH0BA1T,0,0,,,,0,0,0,1,0.0022126631811261177,,2018-01-12,
ZCH0BA7B,0,0,,,,0,0,0,1,0.0017469765152782202,,2018-01-06,
ZCH0BA92,0,0,,,,0,0,0,1,0.0009534713462926447,,2018-03-12,
ZCH0BAD3,0,0,,,,0,0,0,1,0.0015772735932841897,,2018-04-27,
ZCH0BAD5,0,0,,,,0,0,0,1,0.0009930733358487487,,2018-03-12,
ZCH0BAHM,0,0,,,,0,0,0,1,0.0015392584027722478,,2018-02-12,
ZCH0BAKV,0,0,,,,0,0,0,1,0.0018900802824646235,,2018-02-12,
ZCH0BATF,0,0,,,,0,0,0,1,0.0012719719670712948,,2018-01-25,
ZCH0BBGH,0,0,,,,0,0,0,1,0.0017276799771934748,,2019-04-19,
ZCH0BBPF,0,0,,,,0,0,0,1,0.0016823305049911141,,2018-01-13,
ZCH0BBRC,0,1,2020-02-18,,,0,1,0,0,0.45137637853622437,0.34390437602996826,2018-04-13,676.0
ZCH0BBTB,0,0,,,,0,0,0,1,0.005768723785877228,,2018-01-12,
ZCH0BBYA,0,0,,,,0,0,0,1,0.0019190785242244601,,2018-01-12,
ZCH0BC2R,0,0,,,,0,0,0,1,0.0021058465354144573,,2018-04-27,
ZCH0BCJG,0,0,,,,0,0,0,1,0.0037537976168096066,,2018-01-12,
ZCH0BCNM,0,0,,,,0,0,0,1,0.0013125375844538212,,2018-01-25,
ZCH0BCTN,0,0,,,,0,0,0,1,0.005894767120480537,,2018-01-13,
ZCH0BCW5,0,0,,,,0,0,0,1,0.000881119049154222,,2018-03-12,
ZCH0BCWV,1,1,2018-04-25,2018-04-25,0.0,1,0,0,0,0.482898086309433,0.482898086309433,2018-01-13,102.0
ZCH0BCXM,0,0,,,,0,0,0,1,0.017443547025322914,,2018-01-12,
ZCH0BDSQ,0,0,,,,0,0,0,1,0.023054486140608788,,2018-03-12,
ZCH0BE8R,0,0,,,,0,0,0,1,0.18479132652282715,,2018-03-12,
ZCH0BEFK,0,0,,,,0,0,0,1,0.002231873106211424,,2018-01-13,
ZCH0BEHB,0,0,,,,0,0,0,1,0.001030949060805142,,2018-03-12,
ZCH0BEX1,0,0,,,,0,0,0,1,0.0008784164092503488,,2018-03-12,
ZCH0BEY8,0,0,,,,0,0,0,1,0.25314652919769287,,2018-01-13,
ZCH0BFE2,0,0,,,,0,0,0,1,0.002295972080901265,,2018-01-25,
ZCH0BFGT,0,0,,,,0,0,0,1,0.002500157570466399,,2018-01-06,
ZCH0BGS0,0,0,,,,0,0,0,1,0.15323300659656525,,2018-04-27,
ZCH0BH35,0,0,,,,0,0,0,1,0.002832439262419939,,2018-04-27,
ZCH0BHFE,0,0,,,,0,0,0,1,0.0016666585579514503,,2018-01-25,
ZCH0BHPP,1,0,,2018-04-10,,0,0,1,0,0.23612023890018463,,2018-01-06,
ZCH0BJ46,1,1,2019-06-16,2019-06-25,9.0,1,0,0,0,0.32911577820777893,0.32135024666786194,2018-01-13,519.0
ZCH0BJFB,0,0,,,,0,0,0,1,0.0012130677932873368,,2018-02-12,
ZCH0BJFM,0,0,,,,0,0,0,1,0.0016196811338886619,,2018-01-13,
ZCH0BJSJ,0,0,,,,0,0,0,1,0.00244537484832108,,2019-04-28,
ZCH0BK4F,0,0,,,,0,0,0,1,0.0019665660802274942,,2018-01-25,
ZCH0BKE5,0,0,,,,0,0,0,1,0.0014002189273014665,,2018-01-13,
ZCH0BMJM,0,0,,,,0,0,0,1,0.032972678542137146,,2018-05-16,
ZCH0BMWX,0,0,,,,0,0,0,1,0.044394031167030334,,2018-04-27,
ZCH0BN8J,0,0,,,,0,0,0,1,0.0009590307017788291,,2018-03-12,
ZCH0BNB1,0,0,,,,0,0,0,1,0.21767708659172058,,2018-04-27,
ZCH0BNFQ,0,0,,,,0,0,0,1,0.0031814868561923504,,2018-04-27,
ZCH0BP3E,0,0,,,,0,0,0,1,0.0012816826347261667,,2018-02-12,
ZCH0BPLM,0,0,,,,0,0,0,1,0.0021468857303261757,,2018-04-27,
ZCH0BPMF,0,0,,,,0,0,0,1,0.0015874147647991776,,2018-04-27,
ZCH0BPPE,0,0,,,,0,0,0,1,0.0012874434469267726,,2018-01-25,
ZCH0BPTZ,1,0,,2019-01-23,,0,0,1,0,0.2568284571170807,,2018-05-16,
ZCH0BQ43,0,0,,,,0,0,0,1,0.0010228846222162247,,2018-03-12,
ZCH0BQEN,0,0,,,,0,0,0,1,0.0022028868552297354,,2018-04-27,
ZCH0BRHD,0,0,,,,0,0,0,1,0.16684815287590027,,2018-06-08,
ZCH0BRZZ,0,0,,,,0,0,0,1,0.0020699389278888702,,2018-01-25,
ZCH0BS66,0,0,,,,0,0,0,1,0.0010011389385908842,,2018-01-13,
ZCH0BSZS,0,0,,,,0,0,0,1,0.0177578367292881,,2018-01-13,
ZCH0BT77,0,0,,,,0,0,0,1,0.004470051731914282,,2019-11-16,
ZCH0BT83,0,0,,,,0,0,0,1,0.05687965452671051,,2018-01-12,
ZCH0BTJN,1,1,2019-09-27,2019-09-27,0.0,1,0,0,0,0.35172736644744873,0.35172736644744873,2018-01-13,622.0
ZCH0BTKL,0,0,,,,0,0,0,1,0.0010418801102787256,,2018-03-12,
ZCH0BTSW,0,0,,,,0,0,0,1,0.003020066302269697,,2018-01-13,
ZCH0BVF0,0,0,,,,0,0,0,1,0.0025562928058207035,,2018-01-13,
ZCH0BW26,0,0,,,,0,0,0,1,0.23910558223724365,,2018-01-13,
ZCH0BW2F,0,0,,,,0,0,0,1,0.002019492443650961,,2018-01-13,
ZCH0BW5R,0,0,,,,0,0,0,1,0.0008688567904755473,,2018-03-12,
ZCH0BW6L,0,0,,,,0,0,0,1,0.0017442594980821013,,2018-01-12,
ZCH0BWH0,0,0,,,,0,0,0,1,0.0014367001131176949,,2018-01-13,
ZCH0BWNA,0,0,,,,0,0,0,1,0.02830590307712555,,2018-01-06,
ZCH0BWR3,0,0,,,,0,0,0,1,0.0022106070537120104,,2018-01-13,
ZCH0BX65,0,0,,,,0,0,0,1,0.0008942321874201298,,2018-03-12,
ZCH0BX80,0,0,,,,0,0,0,1,0.001558761578053236,,2018-01-13,
ZCH0BXPS,0,0,,,,0,0,0,1,0.001224852749146521,,2018-03-12,
ZCH0BXRK,0,0,,,,0,0,0,1,0.0015640485798940063,,2018-01-13,
ZCH0BXSC,0,0,,,,0,0,0,1,0.0018664008239284158,,2018-01-13,
ZCH0BY3W,0,0,,,,0,0,0,1,0.0018498703138902783,,2018-01-13,
ZCH0BYDP,0,0,,,,0,0,0,1,0.0009823200525715947,,2018-01-25,
ZCH0BYFW,0,0,,,,0,0,0,1,0.001932681305333972,,2018-01-13,
ZCH0BZ5D,0,0,,,,0,0,0,1,0.0012741751270368695,,2018-03-12,
ZCH0BZFM,0,0,,,,0,0,0,1,0.0024922131560742855,,2018-04-27,
ZCH0BZK8,0,0,,,,0,0,0,1,0.0017926780274137855,,2018-05-16,
ZCH0BZKN,0,0,,,,0,0,0,1,0.14113470911979675,,2018-01-06,
ZCH0BZSV,0,0,,,,0,0,0,1,0.0012927361531183124,,2018-01-25,
ZCH0BZVP,0,0,,,,0,0,0,1,0.0009120703907683492,,2018-03-12,
ZCH0BZXE,0,0,,,,0,0,0,1,0.0017319583566859365,,2018-04-13,
ZCH0C053,0,0,,,,0,0,0,1,0.001274643698707223,,2018-01-12,
ZCH0C0CS,0,0,,,,0,0,0,1,0.0019135507754981518,,2018-01-13,
ZCH0C0LW,0,0,,,,0,0,0,1,0.2889536917209625,,2018-03-12,
ZCH0C0ND,0,0,,,,0,0,0,1,0.0012800820404663682,,2018-07-12,
ZCH0C0P1,0,0,,,,0,0,0,1,0.0015221403446048498,,2018-04-13,
ZCH0C159,0,0,,,,0,0,0,1,0.06891776621341705,,2018-03-12,
ZCH0C1SC,1,1,2018-08-27,2019-02-17,174.0,1,0,0,0,0.38515761494636536,0.37607529759407043,2018-04-27,122.0
ZCH0C1WB,0,0,,,,0,0,0,1,0.0009843065636232495,,2018-03-12,
ZCH0C23D,0,0,,,,0,0,0,1,0.0018022569129243493,,2018-01-13,
ZCH0C2AJ,0,0,,,,0,0,0,1,0.002529291668906808,,2018-01-13,
ZCH0C2EV,0,0,,,,0,0,0,1,0.00264262524433434,,2018-04-27,
ZCH0C2GL,0,0,,,,0,0,0,1,0.0017299782484769821,,2018-01-13,
ZCH0C2QF,0,0,,,,0,0,0,1,0.002534314291551709,,2018-04-27,
ZCH0C2T9,0,0,,,,0,0,0,1,0.0013893836876377463,,2018-01-13,
ZCH0C3ER,0,0,,,,0,0,0,1,0.0017148718470707536,,2018-05-16,
ZCH0C3WL,0,0,,,,0,0,0,1,0.001814276329241693,,2018-01-13,
ZCH0C4AN,0,0,,,,0,0,0,1,0.001769951661117375,,2018-01-06,
ZCH0C5HC,0,0,,,,0,0,0,1,0.001653025858104229,,2018-01-12,
ZCH0C5HZ,0,0,,,,0,0,0,1,0.0024127685464918613,,2018-01-25,
ZCH0C5LN,0,0,,,,0,0,0,1,0.0018747331341728568,,2018-01-13,
ZCH0C5PL,1,0,,2019-07-08,,0,0,1,0,0.001122738467529416,,2018-01-12,
ZCH0C5V2,0,0,,,,0,0,0,1,0.0020309502724558115,,2018-01-12,
ZCH0C5Z6,0,0,,,,0,0,0,1,0.0009342692792415619,,2018-03-12,
ZCH0C64V,0,0,,,,0,0,0,1,0.0022070840932428837,,2018-04-27,
ZCH0C6AJ,0,0,,,,0,0,0,1,0.00649430975317955,,2018-01-06,
ZCH0C6HA,0,0,,,,0,0,0,1,0.0019384254701435566,,2018-01-13,
ZCH0C6JT,0,0,,,,0,0,0,1,0.0014957571402192116,,2018-01-25,
ZCH0C6KT,0,0,,,,0,0,0,1,0.027400877326726913,,2018-04-27,
ZCH0C6LP,0,0,,,,0,0,0,1,0.002187709091231227,,2018-04-27,
ZCH0C6RW,0,0,,,,0,0,0,1,0.0016955463215708733,,2018-04-27,
ZCH0C6YG,0,0,,,,0,0,0,1,0.001875046407803893,,2018-01-13,
ZCH0C72W,0,0,,,,0,0,0,1,0.0017918820958584547,,2018-05-12,
ZCH0C7H3,0,0,,,,0,0,0,1,0.0022163495887070894,,2018-01-13,
ZCH0C7M9,0,0,,,,0,0,0,1,0.002006856957450509,,2018-01-12,
ZCH0C7N3,0,0,,,,0,0,0,1,0.00197183177806437,,2018-01-25,
ZCH0C7S8,0,0,,,,0,0,0,1,0.0010916994651779532,,2018-01-25,
ZCH0C7TJ,0,0,,,,0,0,0,1,0.0019245316507294774,,2018-01-13,
ZCH0C7V1,0,0,,,,0,0,0,1,0.002391826594248414,,2018-01-13,
ZCH0C866,0,0,,,,0,0,0,1,0.002669647103175521,,2018-01-13,
ZCH0C8DQ,0,0,,,,0,0,0,1,0.0014920408139005303,,2018-01-13,
ZCH0C8N3,0,0,,,,0,0,0,1,0.0025180275551974773,,2018-01-13,
ZCH0C97L,0,0,,,,0,0,0,1,0.0019209464080631733,,2018-01-13,
ZCH0CA4M,0,0,,,,0,0,0,1,0.0028324206359684467,,2018-01-13,
ZCH0CAAB,0,0,,,,0,0,0,1,0.0025307077448815107,,2018-01-25,
ZCH0CAAF,0,0,,,,0,0,0,1,0.002055803779512644,,2018-04-27,
ZCH0CABC,0,0,,,,0,0,0,1,0.0032791809644550085,,2018-04-27,
ZCH0CAGQ,0,0,,,,0,0,0,1,0.002348155714571476,,2018-01-06,
ZCH0CAQL,0,0,,,,0,0,0,1,0.0014922424452379346,,2018-04-27,
ZCH0CAV6,0,0,,,,0,0,0,1,0.003912358544766903,,2018-01-06,
ZCH0CAWQ,0,0,,,,0,0,0,1,0.001173991127870977,,2018-01-12,
ZCH0CB1L,0,0,,,,0,0,0,1,0.007253184914588928,,2018-05-16,
ZCH0CBKF,0,0,,,,0,0,0,1,0.0018671916332095861,,2018-04-27,
ZCH0CBKT,0,1,2019-05-07,,,0,1,0,0,0.40172019600868225,0.3595690429210663,2018-04-27,375.0
ZCH0CBT9,0,0,,,,0,0,0,1,0.0018464134773239493,,2018-01-12,
ZCH0CBV3,0,0,,,,0,0,0,1,0.0028773928061127663,,2018-01-06,
ZCH0CC0V,0,0,,,,0,0,0,1,0.0016914431471377611,,2018-01-13,
ZCH0CC19,0,0,,,,0,0,0,1,0.003790859831497073,,2018-01-12,
ZCH0CC1A,0,0,,,,0,0,0,1,0.00288404687307775,,2018-04-27,
ZCH0CC32,0,0,,,,0,0,0,1,0.0018037037225440145,,2018-01-13,
ZCH0CC3X,0,0,,,,0,0,0,1,0.0017882968531921506,,2018-04-27,
ZCH0CC48,0,0,,,,0,0,0,1,0.002589042764157057,,2018-01-12,
ZCH0CC4B,0,0,,,,0,0,0,1,0.0020696662832051516,,2018-01-06,
ZCH0CC4L,0,0,,,,0,0,0,1,0.0017609759233891964,,2018-01-25,
ZCH0CC7G,0,0,,,,0,0,0,1,0.0021730803418904543,,2018-01-13,
ZCH0CC82,0,0,,,,0,0,0,1,0.001336761866696179,,2018-01-25,
ZCH0CC8P,0,0,,,,0,0,0,1,0.0033366328570991755,,2018-10-03,
ZCH0CCAJ,0,0,,,,0,0,0,1,0.0010330696823075414,,2018-03-12,
ZCH0CCBK,0,0,,,,0,0,0,1,0.033143334090709686,,2018-01-13,
ZCH0CCCK,0,0,,,,0,0,0,1,0.29105061292648315,,2018-04-13,
ZCH0CCDT,0,0,,,,0,0,0,1,0.002665587468072772,,2018-04-27,
ZCH0CCGA,0,0,,,,0,0,0,1,0.0012703811516985297,,2018-01-13,
ZCH0CCHP,0,0,,,,0,0,0,1,0.002000207779929042,,2018-01-13,
ZCH0CCJQ,0,0,,,,0,0,0,1,0.0012240478536114097,,2018-01-13,
ZCH0CCK3,0,0,,,,0,0,0,1,0.0027406876906752586,,2018-01-06,
ZCH0CCK7,0,0,,,,0,0,0,1,0.0024124309420585632,,2018-01-12,
ZCH0CCL7,0,0,,,,0,0,0,1,0.0010345879709348083,,2018-03-12,
ZCH0CCNK,0,0,,,,0,0,0,1,0.003939168062061071,,2018-04-27,
ZCH0CCQ2,0,0,,,,0,0,0,1,0.0026402988005429506,,2018-01-06,
ZCH0CCRC,0,1,2019-08-31,,,0,1,0,0,0.4003210663795471,0.3719800114631653,2018-01-12,596.0
ZCH0CCRN,0,0,,,,0,0,0,1,0.002365140477195382,,2018-01-06,
ZCH0CCS2,0,0,,,,0,0,0,1,0.002547844545915723,,2018-01-13,
ZCH0CCSG,0,0,,,,0,0,0,1,0.0020213450770825148,,2018-01-13,
ZCH0CCT4,0,0,,,,0,0,0,1,0.006503659766167402,,2018-01-06,
ZCH0CCTF,0,0,,,,0,0,0,1,0.0019523778464645147,,2018-01-12,
ZCH0CCW7,0,0,,,,0,0,0,1,0.0009669357095845044,,2018-03-12,
ZCH0CCX8,0,0,,,,0,0,0,1,0.0018495128024369478,,2018-01-25,
ZCH0CCXA,0,0,,,,0,0,0,1,0.0021425324957817793,,2018-01-13,
ZCH0CCXK,0,0,,,,0,0,0,1,0.0023923898115754128,,2018-01-12,
ZCH0CCY8,0,0,,,,0,0,0,1,0.0029362232889980078,,2018-04-27,
ZCH0CCYF,0,0,,,,0,0,0,1,0.0025074004661291838,,2018-01-12,
ZCH0CCYQ,0,0,,,,0,0,0,1,0.003053500782698393,,2018-01-13,
ZCH0CCZB,0,0,,,,0,0,0,1,0.002548385411500931,,2018-04-27,
ZCH0CCZS,0,0,,,,0,0,0,1,0.003067220328375697,,2018-01-06,
ZCH0CD0A,0,0,,,,0,0,0,1,0.0021923950407654047,,2018-01-12,
ZCH0CD0B,0,0,,,,0,0,0,1,0.0020770125556737185,,2018-01-13,
ZCH0CD24,0,0,,,,0,0,0,1,0.04804186150431633,,2018-03-12,
ZCH0CD3W,0,0,,,,0,0,0,1,0.0020115640945732594,,2018-01-12,
ZCH0CD56,0,0,,,,0,0,0,1,0.0011162252631038427,,2018-03-12,
ZCH0CD59,0,0,,,,0,0,0,1,0.002169109648093581,,2018-04-27,
ZCH0CD7J,0,0,,,,0,0,0,1,0.0020278890151530504,,2018-04-27,
ZCH0CD8C,0,0,,,,0,0,0,1,0.000979315722361207,,2018-03-12,
ZCH0CD8X,0,0,,,,0,0,0,1,0.16000895202159882,,2018-04-27,
ZCH0CDAR,0,0,,,,0,0,0,1,0.001267415238544345,,2018-03-12,
ZCH0CDBL,0,0,,,,0,0,0,1,0.0024334604386240244,,2018-04-27,
ZCH0CDDM,0,0,,,,0,0,0,1,0.0014603468589484692,,2018-01-12,
ZCH0CDE3,0,0,,,,0,0,0,1,0.005296857561916113,,2018-01-06,
ZCH0CDE8,1,0,,2018-06-11,,0,0,1,0,0.017322687432169914,,2018-04-27,
ZCH0CDEP,0,0,,,,0,0,0,1,0.002822513459250331,,2018-01-12,
ZCH0CDF5,0,0,,,,0,0,0,1,0.2541715204715729,,2018-01-12,
ZCH0CDH3,0,0,,,,0,0,0,1,0.0023363137152045965,,2018-01-12,
ZCH0CDHQ,0,0,,,,0,0,0,1,0.002877921098843217,,2018-04-27,
ZCH0CDK7,0,0,,,,0,0,0,1,0.0014580507995560765,,2018-04-13,
ZCH0CDKT,0,0,,,,0,0,0,1,0.0017934555653482676,,2018-01-13,
ZCH0CDM3,0,0,,,,0,0,0,1,0.0017553889192640781,,2018-01-13,
ZCH0CDPM,0,0,,,,0,0,0,1,0.0014150282368063927,,2018-03-12,
ZCH0CDTR,0,0,,,,0,0,0,1,0.0020507131703197956,,2018-01-06,
ZCH0CDYN,0,0,,,,0,0,0,1,0.0027525390032678843,,2018-04-27,
ZCH0CDYT,0,0,,,,0,0,0,1,0.0021950085647404194,,2018-01-13,
ZCH0CDZ2,0,0,,,,0,0,0,1,0.0033394768834114075,,2018-01-13,
ZCH0CDZJ,0,0,,,,0,0,0,1,0.0026063467375934124,,2018-01-06,
ZCH0CE0N,0,0,,,,0,0,0,1,0.0009002694278024137,,2018-01-13,
ZCH0CE1E,0,0,,,,0,0,0,1,0.0026314635761082172,,2018-01-13,
ZCH0CE1Y,0,0,,,,0,0,0,1,0.256838858127594,,2018-01-12,
ZCH0CE33,0,0,,,,0,0,0,1,0.0016382633475586772,,2018-01-13,
ZCH0CE34,1,0,,2021-05-20,,0,0,1,0,0.0031463380437344313,,2018-01-12,
ZCH0CE5C,1,0,,2021-02-15,,0,0,1,0,0.0025798093993216753,,2018-01-06,
ZCH0CE5R,0,0,,,,0,0,0,1,0.014952626079320908,,2018-01-12,
ZCH0CEG1,0,0,,,,0,0,0,1,0.0008691160473972559,,2018-03-12,
ZCH0CEHG,0,0,,,,0,0,0,1,0.0013794918777421117,,2018-01-25,
ZCH0CEJD,0,0,,,,0,0,0,1,0.0029275906272232533,,2018-04-27,
ZCH0CEJQ,0,0,,,,0,0,0,1,0.0038257883861660957,,2018-04-27,
ZCH0CEKW,0,0,,,,0,0,0,1,0.0011325516970828176,,2018-03-12,
ZCH0CELK,0,0,,,,0,0,0,1,0.0010023567592725158,,2018-03-12,
ZCH0CEMS,0,0,,,,0,0,0,1,0.0025431036483496428,,2018-05-12,
ZCH0CEN1,0,0,,,,0,0,0,1,0.0017842393135651946,,2018-03-12,
ZCH0CENC,0,0,,,,0,0,0,1,0.0012276031775400043,,2018-01-13,
ZCH0CENN,0,0,,,,0,0,0,1,0.000979143544100225,,2018-03-12,
ZCH0CEP3,0,0,,,,0,0,0,1,0.0019788991194218397,,2018-01-13,
ZCH0CEP4,0,0,,,,0,0,0,1,0.0017179087735712528,,2018-01-12,
ZCH0CEPC,0,0,,,,0,0,0,1,0.002264217473566532,,2018-01-12,
ZCH0CESE,1,0,,2020-01-21,,0,0,1,0,0.0030258316546678543,,2018-01-13,
ZCH0CEXD,0,0,,,,0,0,0,1,0.0012363754212856293,,2018-01-13,
ZCH0CEXF,0,0,,,,0,0,0,1,0.004508825019001961,,2018-01-06,
ZCH0CEYB,0,0,,,,0,0,0,1,0.001810709247365594,,2018-01-13,
ZCH0CEYG,0,0,,,,0,0,0,1,0.002041372237727046,,2018-04-27,
ZCH0CEYR,0,0,,,,0,0,0,1,0.0009812453063204885,,2018-12-05,
ZCH0CF20,0,0,,,,0,0,0,1,0.0018939009169116616,,2018-04-27,
ZCH0CF2F,0,0,,,,0,0,0,1,0.13117121160030365,,2018-04-27,
ZCH0CF3K,0,0,,,,0,0,0,1,0.0012805807637050748,,2018-01-13,
ZCH0CF3Q,0,0,,,,0,0,0,1,0.0025088998954743147,,2018-04-27,
ZCH0CF3X,0,0,,,,0,0,0,1,0.002344325417652726,,2018-01-12,
ZCH0CF5C,0,0,,,,0,0,0,1,0.00175099924672395,,2018-01-13,
ZCH0CF75,0,0,,,,0,0,0,1,0.003103002207353711,,2018-04-27,
ZCH0CF9P,0,0,,,,0,0,0,1,0.0013710858765989542,,2018-02-12,
ZCH0CFBR,0,0,,,,0,0,0,1,0.0028031866531819105,,2018-01-12,
ZCH0CFCB,0,0,,,,0,0,0,1,0.0017465607961639762,,2018-01-13,
ZCH0CFCY,0,0,,,,0,0,0,1,0.0011391290463507175,,2018-01-25,
ZCH0CFMJ,0,0,,,,0,0,0,1,0.0019369296496734023,,2018-01-25,
ZCH0CFPM,0,0,,,,0,0,0,1,0.002032744698226452,,2018-01-12,
ZCH0CFR8,0,0,,,,0,0,0,1,0.003413737751543522,,2018-01-06,
ZCH0CFSR,0,0,,,,0,0,0,1,0.0033636970911175013,,2018-01-12,
ZCH0CGB1,0,0,,,,0,0,0,1,0.0021585833746939898,,2018-01-25,
ZCH0CH5N,0,0,,,,0,0,0,1,0.002595034195110202,,2018-01-12,
ZCH0CH6X,0,0,,,,0,0,0,1,0.0018855321686714888,,2018-04-27,
ZCH0CH7L,0,0,,,,0,0,0,1,0.0009891160298138857,,2018-03-12,
ZCH0CH7M,0,0,,,,0,0,0,1,0.0009762740810401738,,2018-03-12,
ZCH0CH9F,0,0,,,,0,0,0,1,0.17927299439907074,,2018-01-13,
ZCH0CHBJ,0,0,,,,0,0,0,1,0.0019763882737606764,,2018-01-12,
ZCH0CHEX,0,0,,,,0,0,0,1,0.0028652928303927183,,2018-04-27,
ZCH0CHF7,0,0,,,,0,0,0,1,0.0016253229696303606,,2018-01-13,
ZCH0CHF9,0,0,,,,0,0,0,1,0.0010368326911702752,,2018-01-13,
ZCH0CHJ5,0,0,,,,0,0,0,1,0.0019772190134972334,,2018-04-27,
ZCH0CHL9,0,0,,,,0,0,0,1,0.0018492224626243114,,2018-01-12,
ZCH0CHML,0,0,,,,0,0,0,1,0.002558087930083275,,2018-01-12,
ZCH0CHNF,0,0,,,,0,0,0,1,0.0027697733603417873,,2018-04-27,
ZCH0CHP2,0,0,,,,0,0,0,1,0.0010923907393589616,,2018-01-25,
ZCH0CHQ2,0,0,,,,0,0,0,1,0.0036168433725833893,,2018-04-27,
ZCH0CHQE,0,0,,,,0,0,0,1,0.0016629922902211547,,2018-04-27,
ZCH0CHR7,0,0,,,,0,0,0,1,0.0012324032140895724,,2018-01-13,
ZCH0CHRP,0,0,,,,0,0,0,1,0.002357795601710677,,2018-01-06,
ZCH0CHSC,0,0,,,,0,0,0,1,0.0031382304150611162,,2018-01-13,
ZCH0CHTE,0,0,,,,0,0,0,1,0.003007293911650777,,2018-01-06,
ZCH0CHTH,0,0,,,,0,0,0,1,0.0013573354808613658,,2018-01-13,
ZCH0CHTW,0,0,,,,0,0,0,1,0.0018488659989088774,,2018-03-12,
ZCH0CHVF,1,0,,2018-10-13,,0,0,1,0,0.24078631401062012,,2018-04-13,
ZCH0CHXE,0,0,,,,0,0,0,1,0.001131810829974711,,2018-01-12,
ZCH0CHY9,0,0,,,,0,0,0,1,0.08321967720985413,,2018-04-27,
ZCH0CHZF,0,0,,,,0,0,0,1,0.00194451620336622,,2018-04-27,
ZCH0CHZG,0,0,,,,0,0,0,1,0.002199966460466385,,2018-01-13,
ZCH0CHZN,0,0,,,,0,0,0,1,0.0016992592718452215,,2018-01-12,
ZCH0CJ0T,0,0,,,,0,0,0,1,0.0016551441513001919,,2018-04-27,
ZCH0CJ24,0,0,,,,0,0,0,1,0.001382748014293611,,2018-03-12,
ZCH0CJ35,0,0,,,,0,0,0,1,0.018270358443260193,,2018-04-27,
ZCH0CJ3K,0,0,,,,0,0,0,1,0.004809962585568428,,2018-01-13,
ZCH0CJ3W,0,0,,,,0,0,0,1,0.024022210389375687,,2018-08-29,
ZCH0CJ4X,0,0,,,,0,0,0,1,0.07655368000268936,,2018-01-06,
ZCH0CJ54,0,0,,,,0,0,0,1,0.0015318861696869135,,2018-01-12,
ZCH0CJ58,0,0,,,,0,0,0,1,0.0009719650261104107,,2018-03-12,
ZCH0CJ5T,0,0,,,,0,0,0,1,0.00219302112236619,,2018-01-25,
ZCH0CJ60,0,0,,,,0,0,0,1,0.0013683222932741046,,2018-03-12,
ZCH0CJ6J,0,0,,,,0,0,0,1,0.002128442283719778,,2018-01-13,
ZCH0CJ7L,1,1,2019-06-10,2020-03-27,291.0,1,0,0,0,0.42372092604637146,0.334676593542099,2018-01-12,514.0
ZCH0CJ8H,1,0,,2019-05-10,,0,0,1,0,0.1152428612112999,,2018-01-13,
ZCH0CJ8J,0,0,,,,0,0,0,1,0.001373738399706781,,2018-01-12,
ZCH0CJ92,0,0,,,,0,0,0,1,0.0020782561041414738,,2018-01-12,
ZCH0CJB1,0,0,,,,0,0,0,1,0.00199845340102911,,2018-01-12,
ZCH0CJC8,0,0,,,,0,0,0,1,0.002348443027585745,,2018-04-27,
ZCH0CJCG,0,0,,,,0,0,0,1,0.0018215150339528918,,2018-01-12,
ZCH0CJCT,0,0,,,,0,0,0,1,0.009250123053789139,,2018-01-13,
ZCH0CJDG,0,0,,,,0,0,0,1,0.0016098024789243937,,2018-01-13,
ZCH0CJE1,0,0,,,,0,0,0,1,0.0027324955444782972,,2018-01-06,
ZCH0CJE8,0,0,,,,0,0,0,1,0.0019620899111032486,,2018-01-13,
ZCH0CJFD,0,0,,,,0,0,0,1,0.0010014614090323448,,2018-01-25,
ZCH0CJFG,0,0,,,,0,0,0,1,0.007710820529609919,,2018-01-06,
ZCH0CJGD,0,0,,,,0,0,0,1,0.0024409519974142313,,2018-01-13,
ZCH0CJJB,0,0,,,,0,0,0,1,0.001448625698685646,,2018-01-25,
ZCH0CJJT,0,0,,,,0,0,0,1,0.0009329678723588586,,2018-01-13,
ZCH0CJK2,0,0,,,,0,0,0,1,0.0009493966354057193,,2018-03-12,
ZCH0CJNZ,0,0,,,,0,0,0,1,0.0016072087455540895,,2018-01-25,
ZCH0CJQX,0,0,,,,0,0,0,1,0.004607218783348799,,2018-01-06,
ZCH0CJRC,0,0,,,,0,0,0,1,0.0025868078228086233,,2018-01-12,
ZCH0CJRN,0,0,,,,0,0,0,1,0.002896006917580962,,2018-01-06,
ZCH0CJRP,0,1,2019-12-26,,,0,1,0,0,0.3260593116283417,0.32136815786361694,2018-01-06,719.0
ZCH0CJSM,0,0,,,,0,0,0,1,0.0023293066769838333,,2018-01-12,
ZCH0CJT2,1,0,,2019-04-17,,0,0,1,0,0.0009537034784443676,,2018-01-13,
ZCH0CJTR,0,0,,,,0,0,0,1,0.0025825113989412785,,2018-01-13,
ZCH0CJWR,0,0,,,,0,0,0,1,0.017893755808472633,,2018-01-12,
ZCH0CJX7,0,0,,,,0,0,0,1,0.058410320430994034,,2018-01-13,
ZCH0CJYX,0,0,,,,0,0,0,1,0.002553971717134118,,2018-01-06,
ZCH0CK06,0,0,,,,0,0,0,1,0.0012599846813827753,,2018-01-13,
ZCH0CK0B,0,0,,,,0,0,0,1,0.002317333361133933,,2018-01-13,
ZCH0CK0J,0,0,,,,0,0,0,1,0.0024446584284305573,,2018-04-27,
ZCH0CK0Y,0,0,,,,0,0,0,1,0.0019999088253825903,,2018-01-13,
ZCH0CK2A,0,0,,,,0,0,0,1,0.0021277323830872774,,2018-01-12,
ZCH0CK2D,0,0,,,,0,0,0,1,0.0009555744472891092,,2018-01-25,
ZCH0CK2W,0,0,,,,0,0,0,1,0.0021386977750808,,2018-04-27,
ZCH0CK37,0,0,,,,0,0,0,1,0.002971466165035963,,2018-01-06,
ZCH0CK39,0,0,,,,0,0,0,1,0.021501459181308746,,2018-01-12,
ZCH0CK3A,0,0,,,,0,0,0,1,0.0010273013031110168,,2018-03-12,
ZCH0CK3Z,0,0,,,,0,0,0,1,0.0029539847746491432,,2018-05-12,
ZCH0CK49,0,0,,,,0,0,0,1,0.0017951414920389652,,2018-04-27,
ZCH0CK4L,1,0,,2019-02-05,,0,0,1,0,0.0011301160557195544,,2018-04-27,
ZCH0CK4N,0,0,,,,0,0,0,1,0.0008685311768203974,,2018-03-12,
ZCH0CK5A,0,0,,,,0,0,0,1,0.0017067409353330731,,2018-01-13,
ZCH0CK6M,0,0,,,,0,0,0,1,0.0013009648537263274,,2018-01-13,
ZCH0CK7N,0,0,,,,0,0,0,1,0.0021737588103860617,,2018-04-27,
ZCH0CK7W,0,0,,,,0,0,0,1,0.0010879671899601817,,2018-01-25,
ZCH0CKA1,0,0,,,,0,0,0,1,0.000852926226798445,,2018-02-12,
ZCH0CKE5,0,0,,,,0,0,0,1,0.001828858396038413,,2018-04-27,
ZCH0CKGM,0,0,,,,0,0,0,1,0.002441761316731572,,2018-01-13,
ZCH0CKJA,0,0,,,,0,0,0,1,0.002004413865506649,,2018-01-13,
ZCH0CKJD,0,0,,,,0,0,0,1,0.002005568239837885,,2018-04-27,
ZCH0CKKX,0,0,,,,0,0,0,1,0.0017492648912593722,,2018-01-13,
ZCH0CKLN,0,0,,,,0,0,0,1,0.0023914852645248175,,2018-04-27,
ZCH0CL7E,1,0,,2018-08-11,,0,0,1,0,0.005114500876516104,,2018-01-12,
ZCH0CL8T,0,0,,,,0,0,0,1,0.0027118471916764975,,2018-01-06,
ZCH0CL9F,0,0,,,,0,0,0,1,0.0011899371165782213,,2018-01-13,
ZCH0CL9K,0,0,,,,0,0,0,1,0.0019173934124410152,,2018-01-13,
ZCH0CLA3,0,0,,,,0,0,0,1,0.0018962133908644319,,2018-04-13,
ZCH0CLLJ,0,0,,,,0,0,0,1,0.0017676170682534575,,2018-04-13,
ZCH0CMZ9,0,0,,,,0,0,0,1,0.002213038969784975,,2018-02-12,
ZCH0CNB6,0,0,,,,0,0,0,1,0.0010665596928447485,,2018-12-08,
ZCH0CP5E,0,0,,,,0,0,0,1,0.0023964298889040947,,2018-05-12,
ZCH0CQB4,0,0,,,,0,0,0,1,0.0014248040970414877,,2018-04-13,
ZCH0CQBP,0,0,,,,0,0,0,1,0.0013788995565846562,,2018-02-12,
ZCH0CQCE,0,0,,,,0,0,0,1,0.0016076097963377833,,2018-02-12,
ZCH0CQVF,0,0,,,,0,0,0,1,0.0013168073492124677,,2018-01-25,
ZCH0CRVV,0,0,,,,0,0,0,1,0.0016471140552312136,,2018-03-12,
ZCH0CRX5,0,0,,,,0,0,0,1,0.0026080752722918987,,2018-04-13,
ZCH0CRYG,0,0,,,,0,0,0,1,0.0014552355278283358,,2018-02-12,
ZCH0CSAY,0,0,,,,0,0,0,1,0.0017031561583280563,,2018-05-16,
ZCH0CSZR,0,0,,,,0,0,0,1,0.0018706484697759151,,2018-01-25,
ZCH0CTBY,0,0,,,,0,0,0,1,0.0029091392643749714,,2018-01-06,
ZCH0CTTL,0,0,,,,0,0,0,1,0.0011490624165162444,,2018-01-25,
ZCH0CV38,0,0,,,,0,0,0,1,0.0015888013876974583,,2018-01-13,
ZCH0CV3A,0,0,,,,0,0,0,1,0.0018603375647217035,,2018-04-27,
ZCH0CV8X,0,0,,,,0,0,0,1,0.0009011406218633056,,2018-03-12,
ZCH0CVNL,0,0,,,,0,0,0,1,0.002237794455140829,,2018-04-13,
ZCH0CVXS,0,0,,,,0,0,0,1,0.0016667426098138094,,2018-02-12,
ZCH0CVZN,0,0,,,,0,0,0,1,0.004689614754170179,,2018-01-12,
ZCH0CXJ5,0,0,,,,0,0,0,1,0.002519431756809354,,2018-01-06,
ZCH0CXKS,0,0,,,,0,0,0,1,0.0009574475698173046,,2018-03-12,
ZCH0CXQE,1,0,,2021-08-26,,0,0,1,0,0.1923408955335617,,2018-01-25,
ZCH0CXR7,0,0,,,,0,0,0,1,0.0027759310323745012,,2018-01-13,
ZCH0CY1N,0,0,,,,0,0,0,1,0.0017577633261680603,,2018-01-13,
ZCH0CY4E,0,0,,,,0,0,0,1,0.0033007964957505465,,2018-01-06,
ZCH0CY6Y,0,0,,,,0,0,0,1,0.0019921171478927135,,2018-01-25,
ZCH0CY72,0,0,,,,0,0,0,1,0.004190963227301836,,2018-01-25,
ZCH0CYJ6,0,1,2019-03-19,,,0,1,0,0,0.43757927417755127,0.3620806336402893,2018-05-12,311.0
ZCH0CYXM,1,0,,2019-07-03,,0,0,1,0,0.05979027599096298,,2018-01-13,
ZCH0CZ0Y,0,0,,,,0,0,0,1,0.0028466659132391214,,2018-04-27,
ZCH0CZ10,0,0,,,,0,0,0,1,0.001237322110682726,,2018-01-13,
ZCH0CZ1D,0,0,,,,0,0,0,1,0.0015117712318897247,,2018-01-13,
ZCH0CZ3F,0,0,,,,0,0,0,1,0.0027897669933736324,,2018-01-06,
ZCH0CZ4H,0,0,,,,0,0,0,1,0.0014328756369650364,,2018-03-12,
ZCH0CZ5R,0,0,,,,0,0,0,1,0.0018955400446429849,,2018-04-27,
ZCH0CZ86,0,0,,,,0,0,0,1,0.002383297076448798,,2018-04-27,
ZCH0CZ8V,0,0,,,,0,0,0,1,0.010338656604290009,,2018-01-06,
ZCH0CZAM,0,0,,,,0,0,0,1,0.0018062081653624773,,2018-04-13,
ZCH0CZBH,1,0,,2019-05-21,,0,0,1,0,0.2977635860443115,,2018-01-13,
ZCH0CZCV,0,0,,,,0,0,0,1,0.21886388957500458,,2018-04-27,
ZCH0CZDT,0,0,,,,0,0,0,1,0.002009988995268941,,2018-01-13,
ZCH0CZLQ,0,0,,,,0,0,0,1,0.0020560806151479483,,2018-01-12,
ZCH0CZP4,0,0,,,,0,0,0,1,0.0010553272441029549,,2018-03-12,
ZCH0CZQ8,0,0,,,,0,0,0,1,0.0016362844035029411,,2018-01-25,
ZCH0CZTJ,0,0,,,,0,0,0,1,0.003968502394855022,,2018-01-25,
ZCH0CZTP,0,0,,,,0,0,0,1,0.0027958746068179607,,2018-04-27,
ZCH0CZTQ,1,0,,2019-05-08,,0,0,1,0,0.0012146877124905586,,2018-04-27,
ZCH0CZVY,0,0,,,,0,0,0,1,0.0029956460930407047,,2018-04-27,
ZCH0CZW1,0,0,,,,0,0,0,1,0.0020506272558122873,,2018-01-06,
ZCH0CZX2,0,0,,,,0,0,0,1,0.004851729609072208,,2018-01-12,
ZCH0D00G,0,0,,,,0,0,0,1,0.006710105109959841,,2018-01-06,
ZCH0D0LK,0,0,,,,0,0,0,1,0.002563107991591096,,2018-01-13,
ZCH0D0XE,0,0,,,,0,0,0,1,0.0015257152263075113,,2018-01-13,
ZCH0D117,0,0,,,,0,0,0,1,0.004132087808102369,,2018-01-06,
ZCH0D11T,0,0,,,,0,0,0,1,0.0028905386570841074,,2018-01-06,
ZCH0D140,0,0,,,,0,0,0,1,0.0013846337096765637,,2018-01-25,
ZCH0D14B,0,0,,,,0,0,0,1,0.0011189065407961607,,2018-01-12,
ZCH0D19A,0,0,,,,0,0,0,1,0.0012379727559164166,,2018-03-12,
ZCH0D1AL,0,0,,,,0,0,0,1,0.0036876124795526266,,2018-01-06,
ZCH0D1AW,0,0,,,,0,0,0,1,0.06565169245004654,,2018-01-25,
ZCH0D1C2,0,0,,,,0,0,0,1,0.002494031097739935,,2018-01-13,
ZCH0D1DN,0,0,,,,0,0,0,1,0.0010318947024643421,,2018-03-12,
ZCH0D1F8,0,0,,,,0,0,0,1,0.0017599568236619234,,2018-01-25,
ZCH0D1F9,1,0,,2019-11-17,,0,0,1,0,0.0014718075981363654,,2018-03-12,
ZCH0D1H8,0,0,,,,0,0,0,1,0.1840936690568924,,2018-01-06,
ZCH0D1HC,1,1,2019-08-20,2019-09-20,31.0,1,0,0,0,0.4351101219654083,0.41178324818611145,2018-01-13,584.0
ZCH0D1L0,0,0,,,,0,0,0,1,0.0009834826923906803,,2018-03-12,
ZCH0D1LG,0,0,,,,0,0,0,1,0.05415946990251541,,2018-01-25,
ZCH0D1NX,0,0,,,,0,0,0,1,0.001446275506168604,,2018-01-13,
ZCH0D1PC,1,0,,2019-02-09,,0,0,1,0,0.2617154121398926,,2018-01-13,
ZCH0D1TC,0,0,,,,0,0,0,1,0.0009315245551988482,,2018-03-12,
ZCH0D1VF,0,0,,,,0,0,0,1,0.0018570510437712073,,2018-04-27,
ZCH0D1WT,0,0,,,,0,0,0,1,0.0015899939462542534,,2018-04-27,
ZCH0D1WX,0,0,,,,0,0,0,1,0.0017525802832096815,,2018-01-25,
ZCH0D1XS,0,0,,,,0,0,0,1,0.0021398987155407667,,2018-01-12,
ZCH0D1YQ,0,0,,,,0,0,0,1,0.0012276553316041827,,2018-01-13,
ZCH0D1YW,0,0,,,,0,0,0,1,0.0025124861858785152,,2018-01-12,
ZCH0D1Z1,0,0,,,,0,0,0,1,0.002568851225078106,,2018-01-12,
ZCH0D1ZW,0,0,,,,0,0,0,1,0.0008925037691369653,,2018-03-12,
ZCH0D207,0,0,,,,0,0,0,1,0.0018535559065639973,,2018-01-25,
ZCH0D217,0,0,,,,0,0,0,1,0.02042270079255104,,2018-04-27,
ZCH0D221,0,0,,,,0,0,0,1,0.00173454568721354,,2018-01-13,
ZCH0D223,0,0,,,,0,0,0,1,0.001249689725227654,,2018-01-25,
ZCH0D22B,0,0,,,,0,0,0,1,0.0016586169367656112,,2018-01-13,
ZCH0D26A,0,0,,,,0,0,0,1,0.14030402898788452,,2018-01-13,
ZCH0D27X,0,0,,,,0,0,0,1,0.0030208963435143232,,2018-01-06,
ZCH0D28V,0,0,,,,0,0,0,1,0.0027780330274254084,,2018-01-12,
ZCH0D299,0,0,,,,0,0,0,1,0.001567987957969308,,2018-05-12,
ZCH0D29G,0,0,,,,0,0,0,1,0.006428583990782499,,2018-01-06,
ZCH0D29M,0,0,,,,0,0,0,1,0.002847350900992751,,2018-01-06,
ZCH0D2B6,0,0,,,,0,0,0,1,0.002423645695671439,,2018-01-06,
ZCH0D2CF,0,0,,,,0,0,0,1,0.0032373368740081787,,2018-04-27,
ZCH0D2D7,0,0,,,,0,0,0,1,0.0013791825622320175,,2018-01-25,
ZCH0D2D9,0,0,,,,0,0,0,1,0.0013277428224682808,,2018-03-12,
ZCH0D2EA,0,0,,,,0,0,0,1,0.05079718306660652,,2018-01-13,
ZCH0D2H2,0,0,,,,0,0,0,1,0.002049433533102274,,2018-04-27,
ZCH0D2H7,0,0,,,,0,0,0,1,0.0009970669634640217,,2018-04-27,
ZCH0D2HF,0,0,,,,0,0,0,1,0.0011706376681104302,,2018-01-25,
ZCH0D2HM,0,0,,,,0,0,0,1,0.0010626271832734346,,2018-01-13,
ZCH0D2HZ,0,0,,,,0,0,0,1,0.05378039926290512,,2018-03-12,
ZCH0D2KE,0,0,,,,0,0,0,1,0.008619279600679874,,2018-01-06,
ZCH0D2L8,0,0,,,,0,0,0,1,0.0060177030973136425,,2018-01-13,
ZCH0D2M5,0,0,,,,0,0,0,1,0.30295318365097046,,2018-01-13,
ZCH0D2M9,0,0,,,,0,0,0,1,0.001149843679741025,,2018-01-25,
ZCH0D2MR,0,0,,,,0,0,0,1,0.001818624441511929,,2018-01-25,
ZCH0D2MT,0,0,,,,0,0,0,1,0.0009449711069464684,,2018-03-12,
ZCH0D2NW,0,0,,,,0,0,0,1,0.0015579150058329105,,2018-01-12,
ZCH0D2PX,0,0,,,,0,0,0,1,0.002162098651751876,,2018-01-06,
ZCH0D2SS,0,0,,,,0,0,0,1,0.0025012195110321045,,2018-01-13,
ZCH0D2T8,1,0,,2018-08-04,,0,0,1,0,0.31336966156959534,,2018-01-06,
ZCH0D2TM,0,0,,,,0,0,0,1,0.0023855066392570734,,2018-01-25,
ZCH0D2V1,0,0,,,,0,0,0,1,0.001280949218198657,,2018-01-25,
ZCH0D2WK,0,0,,,,0,0,0,1,0.0025388640351593494,,2018-04-27,
ZCH0D2XA,0,0,,,,0,0,0,1,0.0015945573104545474,,2018-01-13,
ZCH0D2Y1,0,0,,,,0,0,0,1,0.015848172828555107,,2018-04-27,
ZCH0D2Y3,0,0,,,,0,0,0,1,0.003184729488566518,,2018-04-27,
ZCH0D2YL,0,0,,,,0,0,0,1,0.002064196625724435,,2018-04-27,
ZCH0D2ZB,0,0,,,,0,0,0,1,0.0023234232794493437,,2018-01-06,
ZCH0D302,0,0,,,,0,0,0,1,0.004931174218654633,,2018-01-13,
ZCH0D37K,0,0,,,,0,0,0,1,0.001363882445730269,,2018-01-13,
ZCH0D37Q,0,0,,,,0,0,0,1,0.0009937738068401814,,2018-03-12,
ZCH0D38C,0,0,,,,0,0,0,1,0.0016609755111858249,,2018-01-13,
ZCH0D38R,0,0,,,,0,0,0,1,0.0024415731895715,,2018-04-27,
ZCH0D38Y,0,0,,,,0,0,0,1,0.002536254469305277,,2018-01-13,
ZCH0D39F,0,0,,,,0,0,0,1,0.002043934538960457,,2018-01-13,
ZCH0D39J,0,0,,,,0,0,0,1,0.0035172677598893642,,2018-04-27,
ZCH0D3A3,1,0,,2019-04-20,,0,0,1,0,0.0015229848213493824,,2018-01-13,
ZCH0D3AG,0,0,,,,0,0,0,1,0.0028743380680680275,,2018-01-06,
ZCH0D3CN,0,0,,,,0,0,0,1,0.002351737581193447,,2018-01-13,
ZCH0D3ET,0,0,,,,0,0,0,1,0.0010189804015681148,,2018-03-12,
ZCH0D3FE,0,0,,,,0,0,0,1,0.004390891641378403,,2018-02-12,
ZCH0D3FH,0,0,,,,0,0,0,1,0.001153340796008706,,2018-01-13,
ZCH0D3FT,0,0,,,,0,0,0,1,0.0022497859317809343,,2018-04-27,
ZCH0D3GE,0,0,,,,0,0,0,1,0.002961625810712576,,2018-01-12,
ZCH0D3JY,0,0,,,,0,0,0,1,0.001858126255683601,,2018-01-13,
ZCH0D3K0,0,0,,,,0,0,0,1,0.002508882200345397,,2018-01-06,
ZCH0D3KB,0,0,,,,0,0,0,1,0.0026012088637799025,,2018-01-12,
ZCH0D3NG,0,0,,,,0,0,0,1,0.0009314144845120609,,2018-01-13,
ZCH0D3TV,0,0,,,,0,0,0,1,0.001340458169579506,,2018-01-13,
ZCH0D3VY,0,0,,,,0,0,0,1,0.0009414468659088016,,2018-01-25,
ZCH0D3YM,0,0,,,,0,0,0,1,0.0055450135841965675,,2018-01-13,
ZCH0D3ZJ,0,0,,,,0,0,0,1,0.0031072059646248817,,2018-01-13,
ZCH0D42H,0,0,,,,0,0,0,1,0.0012506983475759625,,2018-01-13,
ZCH0D4XP,0,0,,,,0,0,0,1,0.0013956312322989106,,2018-02-12,
ZCH0D54K,0,0,,,,0,0,0,1,0.001016475958749652,,2018-02-12,
ZCH0D562,0,0,,,,0,0,0,1,0.0009484970360063016,,2018-02-12,
ZCH0D5BJ,0,0,,,,0,0,0,1,0.0014704038621857762,,2018-02-12,
ZCH0D5CZ,0,0,,,,0,0,0,1,0.04733525216579437,,2019-01-05,
ZCH0D5E2,0,0,,,,0,0,0,1,0.001205755048431456,,2018-04-13,
ZCH0D5HL,0,0,,,,0,0,0,1,0.0010615951614454389,,2018-02-12,
ZCH0D5M1,0,0,,,,0,0,0,1,0.0012299956288188696,,2018-02-12,
ZCH0D6VH,0,0,,,,0,0,0,1,0.0020169501658529043,,2018-02-12,
ZCH0D753,0,0,,,,0,0,0,1,0.0008927796734496951,,2018-02-12,
ZCH0D7L2,0,0,,,,0,0,0,1,0.0012568591628223658,,2018-12-08,
ZCH0D977,0,0,,,,0,0,0,1,0.0024400081019848585,,2018-05-12,
ZCH0D9ZQ,0,0,,,,0,0,0,1,0.0017802793299779296,,2018-02-12,
ZCH0DA0Q,1,0,,2020-02-24,,0,0,1,0,0.16752302646636963,,2018-04-13,
ZCH0DFDK,0,0,,,,0,0,0,1,0.08755239099264145,,2018-05-16,
ZCH0DFVS,0,0,,,,0,0,0,1,0.0009009036584757268,,2018-02-12,
ZCH0DG3H,1,1,2019-07-25,2019-07-26,1.0,1,0,0,0,0.4700627326965332,0.3703306317329407,2018-02-12,528.0
ZCH0DGBR,0,0,,,,0,0,0,1,0.0010516518959775567,,2018-02-12,
ZCH0DGE2,0,0,,,,0,0,0,1,0.0014102249406278133,,2018-02-12,
ZCH0DGJN,0,0,,,,0,0,0,1,0.0016396412393078208,,2018-02-12,
ZCH0DGK3,0,0,,,,0,0,0,1,0.0016101617366075516,,2018-02-12,
ZCH0DGP7,0,0,,,,0,0,0,1,0.002258405787870288,,2018-02-12,
ZCH0DGS0,0,0,,,,0,0,0,1,0.002238902961835265,,2018-05-12,
ZCH0DGVG,0,0,,,,0,0,0,1,0.0012826425954699516,,2018-02-12,
ZCH0DHRF,0,0,,,,0,0,0,1,0.0009021737496368587,,2018-10-29,
ZCH0DKVR,0,0,,,,0,0,0,1,0.001817398238927126,,2018-04-13,
ZCH0DL98,0,0,,,,0,0,0,1,0.0012248544953763485,,2018-05-16,
ZCH0DMS1,0,0,,,,0,0,0,1,0.0018388752359896898,,2018-05-12,
ZCH0DMVZ,0,0,,,,0,0,0,1,0.0034233415499329567,,2018-05-12,
ZCH0DMZF,0,0,,,,0,0,0,1,0.0009047506027854979,,2018-08-29,
ZCH0DN6F,0,0,,,,0,0,0,1,0.29729875922203064,,2018-05-12,
ZCH0DN8C,1,0,,2021-02-27,,0,0,1,0,0.0012320076348260045,,2018-04-13,
ZCH0DQ8V,0,0,,,,0,0,0,1,0.001134209451265633,,2018-04-13,
ZCH0DR63,0,0,,,,0,0,0,1,0.0027265341486781836,,2019-05-14,
ZCH0DSFW,0,0,,,,0,0,0,1,0.0014541182899847627,,2018-02-12,
ZCH0DSMZ,0,0,,,,0,0,0,1,0.0013731505023315549,,2018-02-12,
ZCH0DTB1,0,0,,,,0,0,0,1,0.0014224571641534567,,2018-02-12,
ZCH0DTCF,0,0,,,,0,0,0,1,0.14300605654716492,,2018-02-12,
ZCH0DTRX,0,0,,,,0,0,0,1,0.0019436778966337442,,2018-04-13,
ZCH0DTZ7,0,0,,,,0,0,0,1,0.0010419143363833427,,2018-02-12,
ZCH0DV02,0,0,,,,0,0,0,1,0.0012278564972802997,,2018-02-12,
ZCH0DV37,0,0,,,,0,0,0,1,0.23813137412071228,,2018-05-12,
ZCH0DV7R,0,0,,,,0,0,0,1,0.0010930554708465934,,2018-02-12,
ZCH0DVG2,0,0,,,,0,0,0,1,0.0011583274463191628,,2018-02-12,
ZCH0DVL4,0,0,,,,0,0,0,1,0.0010122267995029688,,2018-02-12,
ZCH0DVTD,0,0,,,,0,0,0,1,0.0013604116393253207,,2018-02-12,
ZCH0DW3P,0,0,,,,0,0,0,1,0.010519448667764664,,2018-02-12,
ZCH0DW6T,0,0,,,,0,0,0,1,0.0016067856922745705,,2018-02-12,
ZCH0DWN6,0,0,,,,0,0,0,1,0.001699089421890676,,2019-09-06,
ZCH0DWNH,0,1,2020-01-18,,,0,1,0,0,0.5069220066070557,0.3339715898036957,2018-12-05,409.0
ZCH0DWQ5,0,0,,,,0,0,0,1,0.03815450146794319,,2018-04-13,
ZCH0DXHW,0,0,,,,0,0,0,1,0.003641011891886592,,2019-01-10,
ZCH0DXTG,0,0,,,,0,0,0,1,0.30317750573158264,,2018-08-29,
ZCH0DY2X,1,0,,2019-03-08,,0,0,1,0,0.16075082123279572,,2018-08-29,
ZCH0DY84,0,0,,,,0,0,0,1,0.0014167993795126677,,2018-05-16,
ZCH0DY9D,0,0,,,,0,0,0,1,0.0019103923114016652,,2018-05-16,
ZCH0DYZC,0,0,,,,0,0,0,1,0.0018792436458170414,,2018-05-12,
ZCH0DZ03,0,0,,,,0,0,0,1,0.0024111508391797543,,2018-05-12,
ZCH0E0XE,0,0,,,,0,0,0,1,0.003002209821715951,,2019-10-29,
ZCH0E4V0,0,0,,,,0,0,0,1,0.0009708155412226915,,2018-05-16,
ZCH0E4W2,0,0,,,,0,0,0,1,0.0019151068991050124,,2018-05-16,
ZCH0E63H,0,0,,,,0,0,0,1,0.0018650449346750975,,2018-04-13,
ZCH0E7WL,1,1,2019-04-17,2019-05-10,23.0,1,0,0,0,0.45240697264671326,0.32655444741249084,2018-04-13,369.0
ZCH0E8EB,0,0,,,,0,0,0,1,0.0017515269573777914,,2018-05-16,
ZCH0E8LW,0,0,,,,0,0,0,1,0.0017897801008075476,,2018-04-13,
ZCH0E8M4,0,0,,,,0,0,0,1,0.0029157332610338926,,2019-04-26,
ZCH0E8QF,0,0,,,,0,0,0,1,0.0013121770462021232,,2018-05-16,
ZCH0E909,0,0,,,,0,0,0,1,0.002156991744413972,,2018-05-12,
ZCH0E98F,0,0,,,,0,0,0,1,0.001618670066818595,,2018-05-16,
ZCH0E9AA,0,0,,,,0,0,0,1,0.0021209600381553173,,2018-05-12,
ZCH0E9FM,1,1,2019-11-05,2019-12-15,40.0,1,0,0,0,0.3619321882724762,0.3311598300933838,2018-08-29,433.0
ZCH0E9TC,0,0,,,,0,0,0,1,0.0020325707737356424,,2018-05-12,
ZCH0EA5F,0,0,,,,0,0,0,1,0.0016992527525871992,,2018-05-16,
ZCH0EA7N,0,0,,,,0,0,0,1,0.0013299226993694901,,2018-05-16,
ZCH0EA8C,0,0,,,,0,0,0,1,0.0008510862244293094,,2018-10-29,
ZCH0EAA8,0,0,,,,0,0,0,1,0.001133100944571197,,2018-05-16,
ZCH0EABX,0,0,,,,0,0,0,1,0.0015521700261160731,,2018-04-13,
ZCH0EAK9,0,0,,,,0,0,0,1,0.0011600068537518382,,2018-04-13,
ZCH0EAY1,0,0,,,,0,0,0,1,0.0010338376741856337,,2018-12-05,
ZCH0EBX1,1,0,,2019-12-01,,0,0,1,0,0.2578895390033722,,2018-10-29,
ZCH0EC2L,0,0,,,,0,0,0,1,0.0021548622753471136,,2018-05-12,
ZCH0ECBK,0,0,,,,0,0,0,1,0.0017141209682449698,,2018-04-13,
ZCH0EDCH,0,0,,,,0,0,0,1,0.0020761992782354355,,2018-05-12,
ZCH0EDVJ,0,1,2019-07-21,,,0,1,0,0,0.5008884072303772,0.43024498224258423,2018-05-12,435.0
ZCH0EDYW,0,0,,,,0,0,0,1,0.0021952299866825342,,2018-05-12,
ZCH0EE22,0,0,,,,0,0,0,1,0.0010129517177119851,,2018-04-13,
ZCH0EEAJ,0,0,,,,0,0,0,1,0.002221015514805913,,2018-05-12,
ZCH0EEPN,0,0,,,,0,0,0,1,0.002285365480929613,,2018-05-12,
ZCH0EEWR,0,0,,,,0,0,0,1,0.0017823108937591314,,2018-04-13,
ZCH0EF05,0,0,,,,0,0,0,1,0.0019864975474774837,,2018-05-12,
ZCH0EF3V,0,0,,,,0,0,0,1,0.002160679316148162,,2018-05-16,
ZCH0EKCR,0,0,,,,0,0,0,1,0.001060905633494258,,2018-08-29,
ZCH0EV9B,0,0,,,,0,0,0,1,0.0019747880287468433,,2019-07-20,
ZCH0F5Z4,0,0,,,,0,0,0,1,0.001979834632948041,,2018-07-21,
ZCH0FC96,0,0,,,,0,0,0,1,0.0030296577606350183,,2018-05-12,
ZCH0FGN3,0,0,,,,0,0,0,1,0.001308704842813313,,2018-04-13,
ZCH0FKZ0,0,0,,,,0,0,0,1,0.0019161490490660071,,2018-05-16,
ZCH0FM5Y,0,0,,,,0,0,0,1,0.0010081130312755704,,2018-08-29,
ZCH0FQZB,1,0,,2018-05-15,,0,0,1,0,0.001187434303574264,,2018-04-13,
ZCH0FRBA,0,0,,,,0,0,0,1,0.0016216626390814781,,2018-07-12,
ZCH0FW5Z,0,0,,,,0,0,0,1,0.004845135845243931,,2018-12-08,
ZCH0G0HB,0,0,,,,0,0,0,1,0.0035691214725375175,,2018-05-12,
ZCH0G0RS,0,0,,,,0,0,0,1,0.0012131741968914866,,2018-05-16,
ZCH0G1S5,0,0,,,,0,0,0,1,0.0025842818431556225,,2018-05-12,
ZCH0G2VB,1,0,,2019-12-26,,0,0,1,0,0.31642189621925354,,2018-04-13,
ZCH0G3CE,0,1,2020-11-17,,,0,1,0,0,0.46700358390808105,0.388022243976593,2018-05-12,920.0
ZCH0GB0R,0,0,,,,0,0,0,1,0.001549418200738728,,2018-04-13,
ZCH0GR5F,0,0,,,,0,0,0,1,0.0024392353370785713,,2018-04-13,
ZCH0GY7K,0,0,,,,0,0,0,1,0.0009823055006563663,,2018-07-21,
ZCH0H1C7,0,0,,,,0,0,0,1,0.000989706488326192,,2018-08-29,
ZCH0H1K9,0,0,,,,0,0,0,1,0.0009013793896883726,,2018-07-28,
ZCH0H2GX,0,0,,,,0,0,0,1,0.0015111765824258327,,2019-01-09,
ZJV000JH,0,0,,,,0,0,0,1,0.0018485456239432096,,2018-01-12,
ZJV000NQ,1,0,,2019-12-15,,0,0,1,0,0.2196638435125351,,2018-01-06,
ZJV000YK,0,0,,,,0,0,0,1,0.0014003110118210316,,2018-01-25,
ZJV000YN,0,0,,,,0,0,0,1,0.0028987398836761713,,2018-01-06,
ZJV00107,0,0,,,,0,0,0,1,0.15568402409553528,,2018-01-25,
ZJV0016D,0,0,,,,0,0,0,1,0.0014813852030783892,,2018-01-12,
ZJV001H5,0,0,,,,0,0,0,1,0.0014389518182724714,,2018-01-06,
ZJV004T6,1,0,,2019-12-20,,0,0,1,0,0.09436070919036865,,2018-01-13,
ZJV004YL,0,0,,,,0,0,0,1,0.0029594977386295795,,2018-01-06,
ZJV004ZB,0,0,,,,0,0,0,1,0.0031509839463979006,,2018-01-06,
ZJV005F4,0,0,,,,0,0,0,1,0.0009492659592069685,,2018-01-25,
ZJV005FC,0,0,,,,0,0,0,1,0.18969319760799408,,2018-01-13,
ZJV005HL,0,0,,,,0,0,0,1,0.15393002331256866,,2018-01-06,
ZJV005J2,1,0,,2021-01-21,,0,0,1,0,0.2778176963329315,,2018-03-12,
ZJV00681,0,0,,,,0,0,0,1,0.007069626823067665,,2018-01-06,
ZJV006CZ,0,1,2019-09-26,,,0,1,0,0,0.4812603294849396,0.3513297736644745,2019-01-24,245.0
ZJV006EN,0,0,,,,0,0,0,1,0.0022704473230987787,,2018-04-27,
ZJV006L2,0,0,,,,0,0,0,1,0.001352547318674624,,2018-03-12,
ZJV007QD,0,0,,,,0,0,0,1,0.0020322632044553757,,2018-01-13,
ZJV007QP,0,0,,,,0,0,0,1,0.006762742530554533,,2018-01-12,
ZJV007S1,0,0,,,,0,0,0,1,0.0027500507421791553,,2018-01-06,
ZJV007V7,0,0,,,,0,0,0,1,0.0013938825577497482,,2018-01-13,
ZJV007ZH,0,0,,,,0,0,0,1,0.0029823025688529015,,2019-09-22,
ZJV0084V,0,0,,,,0,0,0,1,0.0010015597799792886,,2018-03-12,
ZJV0088S,0,0,,,,0,0,0,1,0.0010084108216688037,,2018-03-12,
ZJV008AF,0,0,,,,0,0,0,1,0.001584832207299769,,2018-01-06,
ZJV009B2,0,0,,,,0,0,0,1,0.002676198724657297,,2018-01-06,
ZJV009CM,0,0,,,,0,0,0,1,0.1199566125869751,,2018-04-27,
ZJV009CV,0,0,,,,0,0,0,1,0.0015817711828276515,,2018-01-13,
ZJV009H7,0,0,,,,0,0,0,1,0.0022020936012268066,,2018-01-25,
ZJV009M0,0,0,,,,0,0,0,1,0.0029846220277249813,,2018-01-06,
ZJV009ME,0,0,,,,0,0,0,1,0.002521647373214364,,2018-01-13,
ZJV009TL,0,0,,,,0,0,0,1,0.0035495529882609844,,2018-01-06,
ZJV009VN,0,0,,,,0,0,0,1,0.0813591480255127,,2018-01-25,
ZJV009X0,0,0,,,,0,0,0,1,0.0014496116200461984,,2018-01-13,
ZJV009XS,0,0,,,,0,0,0,1,0.0018429742194712162,,2018-01-25,
ZJV00A2S,0,0,,,,0,0,0,1,0.0013509837444871664,,2018-01-25,
ZJV00A4D,0,0,,,,0,0,0,1,0.0009536344441585243,,2018-03-12,
ZJV00A6R,0,0,,,,0,0,0,1,0.0024187543895095587,,2018-03-12,
ZJV00A8S,0,0,,,,0,0,0,1,0.002607076894491911,,2018-01-06,
ZJV00A98,0,0,,,,0,0,0,1,0.0027407438028603792,,2018-01-06,
ZJV00ACB,1,0,,2018-11-04,,0,0,1,0,0.0010342031018808484,,2018-01-25,
ZJV00AD4,0,0,,,,0,0,0,1,0.0024053461384028196,,2018-05-16,
ZJV00ADK,0,0,,,,0,0,0,1,0.0009752013138495386,,2018-03-12,
ZJV00AFL,0,0,,,,0,0,0,1,0.003597770817577839,,2018-01-06,
ZJV00AGX,0,0,,,,0,0,0,1,0.002143335994333029,,2018-01-13,
ZJV00AW3,0,0,,,,0,0,0,1,0.0011807784903794527,,2018-01-25,
ZJV00AXD,0,0,,,,0,0,0,1,0.0018953452818095684,,2018-01-13,
ZJV00AY9,0,0,,,,0,0,0,1,0.0013016385491937399,,2018-01-13,
ZJV00AZJ,0,0,,,,0,0,0,1,0.0009835875825956464,,2018-03-12,
ZJV00B2Q,0,0,,,,0,0,0,1,0.0011297630844637752,,2018-02-12,
ZJV00B3C,0,0,,,,0,0,0,1,0.001283370889723301,,2018-01-13,
ZJV00B54,0,0,,,,0,0,0,1,0.004257021937519312,,2018-01-06,
ZJV00B66,0,0,,,,0,0,0,1,0.0011209746589884162,,2018-01-13,
ZJV00B73,0,0,,,,0,0,0,1,0.0015957222785800695,,2018-01-13,
ZJV00B8Z,0,0,,,,0,0,0,1,0.0012592191342264414,,2018-01-25,
ZJV00BCA,0,0,,,,0,0,0,1,0.0010642886627465487,,2018-01-13,
ZJV00BDY,0,0,,,,0,0,0,1,0.002949537243694067,,2018-01-13,
ZJV00BK9,0,0,,,,0,0,0,1,0.0010375737911090255,,2018-01-25,
ZJV00BL3,0,0,,,,0,0,0,1,0.0014527293387800455,,2018-01-25,
ZJV00BSH,0,0,,,,0,0,0,1,0.005064359400421381,,2018-01-13,
ZJV00BT5,0,0,,,,0,0,0,1,0.0022697774693369865,,2018-01-25,
ZJV00BXW,0,0,,,,0,0,0,1,0.002702603582292795,,2018-01-06,
ZJV00C03,0,0,,,,0,0,0,1,0.002121599856764078,,2018-01-13,
ZJV00C0T,0,0,,,,0,0,0,1,0.0034166895784437656,,2018-01-12,
ZJV00C5F,0,0,,,,0,0,0,1,0.0008977391407825053,,2018-03-12,
ZJV00C9D,0,0,,,,0,0,0,1,0.0020232389215379953,,2018-01-06,
ZJV00CA8,0,0,,,,0,0,0,1,0.03354847431182861,,2018-03-12,
ZJV00CE9,0,0,,,,0,0,0,1,0.006288880482316017,,2018-01-12,
ZJV00CEE,0,0,,,,0,0,0,1,0.0012788116000592709,,2018-01-13,
ZJV00CFG,0,0,,,,0,0,0,1,0.03522046282887459,,2018-03-12,
ZJV00CHB,0,0,,,,0,0,0,1,0.09869629889726639,,2018-01-13,
ZJV00CKV,0,0,,,,0,0,0,1,0.025794625282287598,,2018-01-06,
ZJV00CMF,0,0,,,,0,0,0,1,0.006154539994895458,,2018-02-12,
ZJV00CY6,0,0,,,,0,0,0,1,0.0019346395274624228,,2018-01-13,
ZJV00CYA,0,0,,,,0,0,0,1,0.03374306112527847,,2018-01-06,
ZJV00CYY,0,0,,,,0,0,0,1,0.0011092833010479808,,2018-01-25,
ZJV00D01,0,0,,,,0,0,0,1,0.10273236781358719,,2018-01-13,
ZJV00D1J,0,0,,,,0,0,0,1,0.0014918659580871463,,2018-01-25,
ZJV00D2C,1,1,2020-10-23,2020-11-03,11.0,1,0,0,0,0.5157129764556885,0.3633570671081543,2018-01-06,1021.0
ZJV00D32,0,0,,,,0,0,0,1,0.007096159737557173,,2018-01-12,
ZJV00D80,0,0,,,,0,0,0,1,0.0019479007460176945,,2018-01-06,
ZJV00D81,0,0,,,,0,0,0,1,0.25946274399757385,,2018-02-12,
ZJV00DC4,0,0,,,,0,0,0,1,0.001290051848627627,,2018-01-25,
ZJV00DDJ,0,0,,,,0,0,0,1,0.0013713737716898322,,2018-01-13,
ZJV00DDS,1,0,,2019-06-27,,0,0,1,0,0.22198480367660522,,2018-03-12,
ZJV00DEF,0,0,,,,0,0,0,1,0.0028329109773039818,,2018-01-06,
ZJV00DEH,0,0,,,,0,0,0,1,0.0029230229556560516,,2018-01-06,
ZJV00DGF,0,0,,,,0,0,0,1,0.0012454595416784286,,2018-01-13,
ZJV00DQB,0,1,2019-08-01,,,0,1,0,0,0.470441609621048,0.32723468542099,2018-01-25,553.0
ZJV00DR4,1,0,,2019-11-10,,0,0,1,0,0.010279540903866291,,2018-01-06,
ZJV00DV6,0,0,,,,0,0,0,1,0.002323086140677333,,2018-01-13,
ZJV00EAR,0,0,,,,0,0,0,1,0.0021244727540761232,,2018-01-25,
ZJV00ER1,0,0,,,,0,0,0,1,0.2997572124004364,,2018-04-27,
ZJV00ESN,0,0,,,,0,0,0,1,0.002512866398319602,,2018-01-06,
ZJV00EYP,0,0,,,,0,0,0,1,0.25615164637565613,,2018-01-06,
ZJV00F20,1,1,2019-11-20,2019-11-20,0.0,1,0,0,0,0.4709693193435669,0.4709693193435669,2018-01-12,677.0
ZJV00F64,0,0,,,,0,0,0,1,0.0018662330694496632,,2018-01-13,
ZJV00F78,0,0,,,,0,0,0,1,0.0008835895569063723,,2018-10-29,
ZJV00FAK,0,0,,,,0,0,0,1,0.01155138574540615,,2018-01-25,
ZJV00FBJ,1,0,,2019-05-24,,0,0,1,0,0.23594364523887634,,2018-01-12,
ZJV00FQZ,1,1,2019-07-17,2019-07-25,8.0,1,0,0,0,0.485420286655426,0.33528509736061096,2018-01-06,557.0
ZJV00FVM,0,0,,,,0,0,0,1,0.001011800137348473,,2018-03-12,
ZJV00FWK,0,0,,,,0,0,0,1,0.056506313383579254,,2018-04-13,
ZJV00G1M,0,0,,,,0,0,0,1,0.003163954010233283,,2018-01-06,
ZJV00G5T,0,0,,,,0,0,0,1,0.0013801627792418003,,2018-01-13,
ZJV00G7N,0,0,,,,0,0,0,1,0.0011334188748151064,,2018-03-12,
ZJV00GC1,0,0,,,,0,0,0,1,0.0017724649515002966,,2018-01-13,
ZJV00GCQ,0,0,,,,0,0,0,1,0.003021133365109563,,2018-04-27,
ZJV00GJ9,0,0,,,,0,0,0,1,0.018570225685834885,,2018-01-13,
ZJV00GLL,0,0,,,,0,0,0,1,0.0015298905782401562,,2018-01-13,
ZJV00GR2,0,0,,,,0,0,0,1,0.0011295628501102328,,2018-01-13,
ZJV00GSA,0,0,,,,0,0,0,1,0.0023095840588212013,,2018-01-13,
ZJV00H1Q,1,1,2018-12-29,2018-12-29,0.0,1,0,0,0,0.3915148079395294,0.3915148079395294,2018-01-25,338.0
ZJV00H4V,0,0,,,,0,0,0,1,0.0011414900654926896,,2018-01-13,
ZJV00HEN,1,0,,2020-09-07,,0,0,1,0,0.26870691776275635,,2018-05-12,
ZJV00HKY,0,0,,,,0,0,0,1,0.0012786125298589468,,2018-01-25,
ZJV00HLD,0,0,,,,0,0,0,1,0.003279221709817648,,2018-01-06,
ZJV00HSB,0,0,,,,0,0,0,1,0.003735322505235672,,2018-01-06,
ZJV00HTW,0,0,,,,0,0,0,1,0.0025408524088561535,,2018-01-25,
ZJV00HV1,0,0,,,,0,0,0,1,0.0010549311991780996,,2018-01-13,
ZJV00HY1,0,0,,,,0,0,0,1,0.003129775170236826,,2018-01-12,
ZJV00HZ0,0,0,,,,0,0,0,1,0.002187518635764718,,2018-05-16,
ZJV00K1T,0,0,,,,0,0,0,1,0.0016802384052425623,,2018-02-12,
ZJV00KNG,0,0,,,,0,0,0,1,0.002299722982570529,,2018-05-12,
ZJV00L89,0,0,,,,0,0,0,1,0.001707966672256589,,2018-02-12,
ZJV00LQS,0,0,,,,0,0,0,1,0.002294898731634021,,2018-02-12,
ZJV00M7H,0,0,,,,0,0,0,1,0.0016887880628928542,,2018-02-12,
ZJV00MEB,0,0,,,,0,0,0,1,0.0009965018834918737,,2018-02-12,
ZJV00MVA,0,0,,,,0,0,0,1,0.0017882559914141893,,2018-01-12,
ZJV00NBF,0,0,,,,0,0,0,1,0.0015315376222133636,,2018-03-12,
ZJV00ND6,0,0,,,,0,0,0,1,0.0012775638606399298,,2018-03-12,
ZJV00NF5,0,0,,,,0,0,0,1,0.012313630431890488,,2018-02-12,
ZJV00NG2,0,0,,,,0,0,0,1,0.0016049073310568929,,2018-01-25,
ZJV00NNK,0,0,,,,0,0,0,1,0.0013945837272331119,,2018-01-13,
ZJV00NNM,0,0,,,,0,0,0,1,0.0010648308089002967,,2018-03-12,
ZJV00NT1,0,0,,,,0,0,0,1,0.0014348650583997369,,2018-01-25,
ZJV00NVK,0,0,,,,0,0,0,1,0.001269979984499514,,2018-02-12,
ZJV00NXH,0,0,,,,0,0,0,1,0.0023178989067673683,,2018-01-13,
ZJV00NYA,1,0,,2019-01-29,,0,0,1,0,0.000881906074937433,,2018-03-12,
ZJV00NZ5,0,0,,,,0,0,0,1,0.001349796773865819,,2018-01-13,
ZJV00P1J,0,0,,,,0,0,0,1,0.009878834709525108,,2018-01-13,
ZJV00P3B,1,0,,2019-12-25,,0,0,1,0,0.001455739256925881,,2018-02-12,
ZJV00P3D,0,0,,,,0,0,0,1,0.0009926727507263422,,2018-03-12,
ZJV00PRH,0,0,,,,0,0,0,1,0.0014170448994264007,,2018-02-12,
ZJV00Q58,0,0,,,,0,0,0,1,0.0011139977723360062,,2018-02-12,
ZJV00QS2,0,0,,,,0,0,0,1,0.0010233110515400767,,2018-02-12,
ZJV00QTV,0,0,,,,0,0,0,1,0.0013769548386335373,,2019-07-16,
ZJV00R13,0,0,,,,0,0,0,1,0.0012351106852293015,,2018-02-12,
ZJV00RJT,0,0,,,,0,0,0,1,0.0014511144254356623,,2018-02-12,
ZJV00S0J,0,0,,,,0,0,0,1,0.001227343687787652,,2018-02-12,
ZJV00TB6,0,0,,,,0,0,0,1,0.0009573262650519609,,2018-02-12,
ZJV00TF5,0,0,,,,0,0,0,1,0.0010599095840007067,,2018-02-12,
ZJV00V0B,0,0,,,,0,0,0,1,0.0011673126136884093,,2018-02-12,
ZJV00V1B,0,0,,,,0,0,0,1,0.00173317885491997,,2019-11-21,
ZJV00V2M,0,0,,,,0,0,0,1,0.002960420912131667,,2019-03-16,
ZJV00VAH,0,0,,,,0,0,0,1,0.0011811451986432076,,2018-02-12,
ZJV00VEA,0,0,,,,0,0,0,1,0.0021009882912039757,,2018-02-12,
ZJV00VK5,0,0,,,,0,0,0,1,0.0012684072135016322,,2018-02-12,
ZJV00VVA,0,0,,,,0,0,0,1,0.0016123650129884481,,2018-05-16,
ZJV00VYB,0,0,,,,0,0,0,1,0.0013507264666259289,,2018-02-12,
ZJV00W40,0,0,,,,0,0,0,1,0.0009550528484396636,,2018-02-12,
ZJV00XL1,0,0,,,,0,0,0,1,0.0014593959785997868,,2019-07-16,
ZJV00XQ8,0,0,,,,0,0,0,1,0.0009944664780050516,,2018-01-13,
ZJV013A6,0,0,,,,0,0,0,1,0.0013767809141427279,,2018-02-12,
ZJV013AY,0,0,,,,0,0,0,1,0.0010319959837943316,,2018-02-12,
ZJV0162D,0,0,,,,0,0,0,1,0.0015203548828139901,,2018-05-16,
ZJV0168F,0,0,,,,0,0,0,1,0.0012570172548294067,,2018-10-29,
ZJV019W0,0,0,,,,0,0,0,1,0.00195880513638258,,2018-04-13,
ZJV01G8M,0,0,,,,0,0,0,1,0.0023343407083302736,,2018-04-27,
ZJV01GHR,0,0,,,,0,0,0,1,0.0017061057733371854,,2018-05-16,
ZJV01PB5,0,0,,,,0,0,0,1,0.0013447905657812953,,2018-02-12,
ZJV01QKE,0,0,,,,0,0,0,1,0.001400110893882811,,2018-05-16,
ZJV01R17,0,0,,,,0,0,0,1,0.00180194026324898,,2018-04-13,
ZJV01TWF,0,0,,,,0,0,0,1,0.0020936401560902596,,2018-02-12,
ZJV01TX6,0,0,,,,0,0,0,1,0.0009030780638568103,,2018-02-12,
ZJV01VT6,0,0,,,,0,0,0,1,0.0011825506808236241,,2018-02-12,
ZJV01VXY,0,0,,,,0,0,0,1,0.001088096760213375,,2018-02-12,
ZJV01X73,0,0,,,,0,0,0,1,0.004884682130068541,,2018-02-12,
ZJV01XFK,0,0,,,,0,0,0,1,0.0009299266384914517,,2018-02-12,
ZJV01XG9,0,0,,,,0,0,0,1,0.0019278464606031775,,2018-02-12,
ZJV01XR9,0,0,,,,0,0,0,1,0.0012174990260973573,,2018-02-12,
ZJV01XSH,0,0,,,,0,0,0,1,0.0011667273938655853,,2018-02-12,
ZJV01XYP,0,0,,,,0,0,0,1,0.0011183795286342502,,2018-02-12,
ZJV01Y07,0,0,,,,0,0,0,1,0.0011759508633986115,,2018-02-12,
ZJV01Y5Q,0,0,,,,0,0,0,1,0.0009044825565069914,,2018-02-12,
ZJV01Y6R,0,0,,,,0,0,0,1,0.0012417447287589312,,2018-02-12,
ZJV01Y9L,0,0,,,,0,0,0,1,0.0010035139275714755,,2018-02-12,
ZJV01YA3,0,0,,,,0,0,0,1,0.001066407305188477,,2018-02-12,
ZJV01YAP,0,0,,,,0,0,0,1,0.0015401453711092472,,2018-02-12,
ZJV01YDB,0,0,,,,0,0,0,1,0.0014770678244531155,,2018-04-13,
ZJV01YEQ,0,0,,,,0,0,0,1,0.001367774442769587,,2018-02-12,
ZJV01YF8,0,0,,,,0,0,0,1,0.001158730243332684,,2018-02-12,
ZJV01YJ6,0,0,,,,0,0,0,1,0.0013168356381356716,,2018-02-12,
ZJV01YL4,0,0,,,,0,0,0,1,0.0018584923818707466,,2018-02-12,
ZJV01YV9,0,0,,,,0,0,0,1,0.0008300751214846969,,2018-12-21,
ZJV01ZAW,0,0,,,,0,0,0,1,0.001711834454908967,,2019-10-10,
ZJV01ZES,0,0,,,,0,0,0,1,0.001648475183174014,,2020-11-10,
ZJV01ZQZ,0,0,,,,0,0,0,1,0.003326295642182231,,2018-05-16,
ZJV0201C,0,0,,,,0,0,0,1,0.0024444330483675003,,2018-05-12,
ZJV0201J,0,0,,,,0,0,0,1,0.0010420370381325483,,2018-08-29,
ZJV0202G,0,0,,,,0,0,0,1,0.022086402401328087,,2018-05-12,
ZJV02032,0,0,,,,0,0,0,1,0.0010665877489373088,,2018-04-13,
ZJV020EY,0,0,,,,0,0,0,1,0.0018388298340141773,,2018-04-13,
ZJV020FC,0,0,,,,0,0,0,1,0.0017904445994645357,,2018-04-13,
ZJV0215V,0,0,,,,0,0,0,1,0.001320580835454166,,2021-10-01,
ZJV021TV,0,0,,,,0,0,0,1,0.0021094540134072304,,2018-04-13,
ZJV023C8,0,0,,,,0,0,0,1,0.0016533280722796917,,2018-05-16,
ZJV023DF,0,0,,,,0,0,0,1,0.0016784414183348417,,2018-05-16,
ZJV023GR,0,0,,,,0,0,0,1,0.001843189005739987,,2018-04-13,
ZJV023J5,0,0,,,,0,0,0,1,0.0018043494783341885,,2018-05-12,
ZJV023P0,0,0,,,,0,0,0,1,0.0026770846452564,,2018-05-12,
ZJV023Q7,0,0,,,,0,0,0,1,0.0016666259616613388,,2018-04-13,
ZJV023SG,0,0,,,,0,0,0,1,0.002745101461187005,,2018-05-12,
ZJV0240D,0,0,,,,0,0,0,1,0.0016032655257731676,,2018-04-13,
ZJV02456,0,0,,,,0,0,0,1,0.0012288965517655015,,2018-04-13,
ZJV0270M,1,0,,2018-06-21,,0,0,1,0,0.0010792972752824426,,2018-05-16,
ZJV02B8B,0,0,,,,0,0,0,1,0.001697323052212596,,2018-05-16,
ZJV02B92,0,0,,,,0,0,0,1,0.26590847969055176,,2018-04-27,
ZJV02BZ9,0,0,,,,0,0,0,1,0.0025607370771467686,,2018-05-12,
ZJV02C0Y,0,0,,,,0,0,0,1,0.025943106040358543,,2018-12-19,
ZJV02C3A,0,0,,,,0,0,0,1,0.0013162267860025167,,2018-04-13,
ZJV02C9A,0,0,,,,0,0,0,1,0.0019005719805136323,,2018-05-16,
ZJV02CD5,0,0,,,,0,0,0,1,0.0012283225078135729,,2018-05-16,
ZJV02D6G,1,1,2019-09-15,2019-09-17,2.0,1,0,0,0,0.3471187353134155,0.3471187353134155,2018-10-29,321.0
ZJV02DAK,0,0,,,,0,0,0,1,0.0015412764623761177,,2018-02-12,
ZJV02E3F,0,0,,,,0,0,0,1,0.013986676931381226,,2018-02-12,
ZJV02EDJ,0,0,,,,0,0,0,1,0.0018267766572535038,,2018-02-12,
ZJV02EJY,0,0,,,,0,0,0,1,0.0009213866433128715,,2018-02-12,
ZJV02FB4,0,0,,,,0,0,0,1,0.0021337110083550215,,2019-09-26,
ZJV02FCW,0,0,,,,0,0,0,1,0.0010123864049091935,,2018-02-12,
ZJV02FZX,0,0,,,,0,0,0,1,0.0015774117782711983,,2018-02-12,
ZJV02GJM,0,1,2019-03-05,,,0,1,0,0,0.4314362704753876,0.3383508026599884,2018-02-12,386.0
ZJV02GSA,0,0,,,,0,0,0,1,0.0015290158335119486,,2018-02-12,
ZJV02J0Z,0,0,,,,0,0,0,1,0.0019317376427352428,,2018-04-13,
ZJV02J23,0,0,,,,0,0,0,1,0.0017829302232712507,,2018-04-13,
ZJV02J6W,0,0,,,,0,0,0,1,0.0017950270557776093,,2018-05-16,
ZJV02JV1,0,0,,,,0,0,0,1,0.0322396494448185,,2018-05-16,
ZJV02KYR,0,0,,,,0,0,0,1,0.009001879952847958,,2018-04-13,
ZJV02L2D,0,0,,,,0,0,0,1,0.001000442891381681,,2018-10-29,
ZJV02LND,0,0,,,,0,0,0,1,0.0028595835901796818,,2019-10-02,
ZJV02NDW,0,0,,,,0,0,0,1,0.0008924624999053776,,2018-10-29,
ZJV02NKK,0,0,,,,0,0,0,1,0.0018521256279200315,,2018-04-13,
ZJV02NPC,0,0,,,,0,0,0,1,0.002286790404468775,,2018-07-21,
ZJV02NXZ,0,0,,,,0,0,0,1,0.0034776225220412016,,2018-05-12,
ZJV02PJV,0,0,,,,0,0,0,1,0.002267352305352688,,2018-04-13,
ZJV02PKT,0,0,,,,0,0,0,1,0.0017046428984031081,,2018-05-16,
ZJV02PY6,0,0,,,,0,0,0,1,0.0022435777354985476,,2018-05-12,
ZJV02PZX,0,0,,,,0,0,0,1,0.001404035254381597,,2018-04-13,
ZJV02QGP,0,0,,,,0,0,0,1,0.0019975309260189533,,2019-03-28,
ZJV02QQA,0,0,,,,0,0,0,1,0.0016648276941850781,,2018-05-16,
ZJV02R8F,0,0,,,,0,0,0,1,0.002054592128843069,,2018-04-13,
ZJV02R8Y,0,0,,,,0,0,0,1,0.25088831782341003,,2018-05-12,
ZJV02RBM,0,0,,,,0,0,0,1,0.001217678771354258,,2018-04-13,
ZJV02RKL,0,0,,,,0,0,0,1,0.0013614245690405369,,2018-04-13,
ZJV02RXC,0,0,,,,0,0,0,1,0.001835123635828495,,2018-05-16,
ZJV02S6D,0,0,,,,0,0,0,1,0.0014895492931827903,,2018-04-13,
ZJV02SCJ,0,0,,,,0,0,0,1,0.001717179431580007,,2018-05-16,
ZJV02SG0,0,0,,,,0,0,0,1,0.0016082498477771878,,2019-03-14,
ZJV02SJQ,0,0,,,,0,0,0,1,0.0014482042752206326,,2018-05-16,
ZJV02SWY,0,0,,,,0,0,0,1,0.0021693117450922728,,2019-09-09,
ZJV02T0J,0,0,,,,0,0,0,1,0.001989876152947545,,2018-05-12,
ZJV02T35,0,0,,,,0,0,0,1,0.0009623341029509902,,2018-10-29,
ZJV02TXM,0,0,,,,0,0,0,1,0.0009108372614718974,,2018-08-29,
ZJV02VS5,0,0,,,,0,0,0,1,0.0016857697628438473,,2018-05-16,
ZJV02W3W,0,0,,,,0,0,0,1,0.0017267614603042603,,2018-04-13,
ZJV02WGX,0,0,,,,0,0,0,1,0.001230747438967228,,2018-08-29,
ZJV02WPH,0,0,,,,0,0,0,1,0.001438140869140625,,2019-07-19,
ZJV02WQF,0,0,,,,0,0,0,1,0.0026106094010174274,,2018-05-12,
ZJV02X2W,0,0,,,,0,0,0,1,0.030295059084892273,,2018-05-16,
ZJV02XFJ,0,0,,,,0,0,0,1,0.047320879995822906,,2018-08-29,
ZJV02XHK,0,0,,,,0,0,0,1,0.0021897314582020044,,2018-05-12,
ZJV02Y2K,0,0,,,,0,0,0,1,0.0012000015703961253,,2018-05-16,
ZJV02Y3D,0,0,,,,0,0,0,1,0.0013526908587664366,,2018-05-16,
ZJV02Y6S,0,0,,,,0,0,0,1,0.0012480898294597864,,2018-04-13,
ZJV02YJP,0,0,,,,0,0,0,1,0.0010770438238978386,,2018-08-29,
ZJV02YNF,0,0,,,,0,0,0,1,0.0020603735465556383,,2018-04-13,
ZJV02YR8,0,0,,,,0,0,0,1,0.0021472626831382513,,2018-05-12,
ZJV02ZHR,0,0,,,,0,0,0,1,0.001584304845891893,,2018-04-13,
ZJV02ZNQ,0,0,,,,0,0,0,1,0.002770238323137164,,2018-05-12,
ZJV02ZQJ,0,0,,,,0,0,0,1,0.0013649415923282504,,2018-12-05,
ZJV030GQ,0,0,,,,0,0,0,1,0.0020861043594777584,,2018-05-16,
ZJV030H9,0,0,,,,0,0,0,1,0.0014120929408818483,,2018-05-16,
ZJV030LS,0,0,,,,0,0,0,1,0.0009258302743546665,,2018-08-29,
ZJV030NN,0,0,,,,0,0,0,1,0.0013279488775879145,,2018-05-16,
ZJV030SE,0,0,,,,0,0,0,1,0.000990148400887847,,2018-08-29,
ZJV030VM,0,0,,,,0,0,0,1,0.001012840773910284,,2018-08-29,
ZJV030XM,0,0,,,,0,0,0,1,0.0025036358274519444,,2018-05-12,
ZJV031H9,0,0,,,,0,0,0,1,0.0017780199414119124,,2018-05-16,
ZJV032BY,0,0,,,,0,0,0,1,0.002207566285505891,,2018-04-13,
ZJV032JG,0,0,,,,0,0,0,1,0.0008989408961497247,,2018-08-29,
ZJV034H0,0,0,,,,0,0,0,1,0.001471392111852765,,2018-05-16,
ZJV034PC,0,0,,,,0,0,0,1,0.0011181494919583201,,2018-05-16,
ZJV034YQ,0,0,,,,0,0,0,1,0.002353443531319499,,2018-05-12,
ZJV03527,0,0,,,,0,0,0,1,0.0013926094397902489,,2018-04-13,
ZJV0359K,0,0,,,,0,0,0,1,0.0018803442362695932,,2018-05-16,
ZJV035DP,0,0,,,,0,0,0,1,0.0014376629842445254,,2018-05-16,
ZJV035DR,0,0,,,,0,0,0,1,0.0018835883820429444,,2018-04-13,
ZJV036WN,0,0,,,,0,0,0,1,0.0028291118796914816,,2018-05-16,
ZJV036Y7,0,0,,,,0,0,0,1,0.0012511510867625475,,2018-04-13,
ZJV036YB,0,0,,,,0,0,0,1,0.001789935166016221,,2018-05-16,
ZJV03714,0,0,,,,0,0,0,1,0.001551601686514914,,2018-10-29,
ZJV0373T,0,0,,,,0,0,0,1,0.0013500840868800879,,2018-05-16,
ZJV0376E,0,0,,,,0,0,0,1,0.0018798476085066795,,2018-05-12,
ZJV0396E,0,0,,,,0,0,0,1,0.06713815778493881,,2018-05-16,
ZJV03CC6,0,0,,,,0,0,0,1,0.003099751193076372,,2019-09-06,
ZJV03CEL,0,0,,,,0,0,0,1,0.0022831179667264223,,2018-05-12,
ZJV03DHW,0,0,,,,0,0,0,1,0.0029561580158770084,,2018-05-12,
ZJV03DJZ,0,0,,,,0,0,0,1,0.0011708429083228111,,2018-04-13,
ZJV03DKY,0,0,,,,0,0,0,1,0.0021747974678874016,,2018-05-12,
ZJV03DN9,0,0,,,,0,0,0,1,0.000987273990176618,,2018-05-16,
ZJV03DQJ,0,0,,,,0,0,0,1,0.001862884033471346,,2018-04-13,
ZJV03E60,0,0,,,,0,0,0,1,0.0033161682076752186,,2018-04-27,
ZJV03E6P,0,0,,,,0,0,0,1,0.0016222448321059346,,2018-04-13,
ZJV03E7N,0,0,,,,0,0,0,1,0.001594530651345849,,2018-04-13,
ZJV03ENV,0,0,,,,0,0,0,1,0.001000933931209147,,2018-12-21,
ZJV03ET2,0,0,,,,0,0,0,1,0.0014066074509173632,,2018-05-16,
ZJV03FTD,0,0,,,,0,0,0,1,0.002619275124743581,,2018-05-12,
ZJV03G0B,0,0,,,,0,0,0,1,0.001487744739279151,,2018-05-16,
ZJV03G37,0,0,,,,0,0,0,1,0.002223535906523466,,2018-04-13,
ZJV03GMP,0,0,,,,0,0,0,1,0.001474603428505361,,2018-05-16,
ZJV03H7V,0,0,,,,0,0,0,1,0.0009064599289558828,,2018-10-29,
ZJV03H88,0,0,,,,0,0,0,1,0.0018563901539891958,,2018-04-13,
ZJV03HF1,0,0,,,,0,0,0,1,0.1853485405445099,,2018-05-16,
ZJV03J7M,0,0,,,,0,0,0,1,0.0015333922347053885,,2018-04-13,
ZJV03J7P,1,0,,2018-11-17,,0,0,1,0,0.0011764089576900005,,2018-04-13,
ZJV03J85,0,0,,,,0,0,0,1,0.0027653579600155354,,2018-05-12,
ZJV03JE9,0,0,,,,0,0,0,1,0.0009845002787187696,,2018-08-29,
ZJV03JEQ,0,0,,,,0,0,0,1,0.0009231766453012824,,2018-05-16,
ZJV03JER,1,0,,2020-09-19,,0,0,1,0,0.001887524384073913,,2018-04-13,
ZJV03JJM,0,0,,,,0,0,0,1,0.0023476288188248873,,2018-05-12,
ZJV03JRR,0,0,,,,0,0,0,1,0.0009229778661392629,,2018-10-29,
ZJV03JWC,0,0,,,,0,0,0,1,0.002588981529697776,,2018-05-12,
ZJV03K05,0,0,,,,0,0,0,1,0.001992814941331744,,2018-05-12,
ZJV03K4J,0,0,,,,0,0,0,1,0.0015668433625251055,,2018-05-16,
ZJV03K7A,0,0,,,,0,0,0,1,0.002112336689606309,,2019-08-06,
ZJV03K87,0,0,,,,0,0,0,1,0.0023468092549592257,,2018-05-12,
ZJV03K8H,0,0,,,,0,0,0,1,0.001486884313635528,,2018-04-13,
ZJV03KA6,0,0,,,,0,0,0,1,0.0024572918191552162,,2018-05-12,
ZJV03KA9,0,0,,,,0,0,0,1,0.0021748885046690702,,2018-04-13,
ZJV03KCM,0,0,,,,0,0,0,1,0.001999703235924244,,2018-04-13,
ZJV03KFW,0,0,,,,0,0,0,1,0.0020742162596434355,,2018-05-12,
ZJV03KNM,0,0,,,,0,0,0,1,0.0011292831040918827,,2018-04-13,
ZJV03KVM,0,0,,,,0,0,0,1,0.002197819761931896,,2018-05-12,
ZJV03KW6,0,0,,,,0,0,0,1,0.0012849889462813735,,2018-12-05,
ZJV03MKV,0,0,,,,0,0,0,1,0.0008527401369065046,,2018-05-16,
ZJV03MR9,0,0,,,,0,0,0,1,0.0024111266247928143,,2018-05-12,
ZJV03MSS,0,0,,,,0,0,0,1,0.14260457456111908,,2018-04-13,
ZJV03MVT,0,0,,,,0,0,0,1,0.0016285644378513098,,2018-05-16,
ZJV03N4P,0,0,,,,0,0,0,1,0.001437328290194273,,2018-04-13,
ZJV03NB0,1,0,,2019-10-10,,0,0,1,0,0.12513726949691772,,2018-04-13,
ZJV03NCV,0,0,,,,0,0,0,1,0.1409367024898529,,2018-05-12,
ZJV03NJF,0,0,,,,0,0,0,1,0.0016189836896955967,,2018-04-13,
ZJV03NKY,0,1,2019-01-07,,,0,1,0,0,0.4623875916004181,0.4196377098560333,2018-05-12,240.0
ZJV03NQT,0,0,,,,0,0,0,1,0.0011680858442559838,,2018-05-16,
ZJV03NR9,0,0,,,,0,0,0,1,0.002602917840704322,,2018-05-12,
ZJV03NSQ,0,0,,,,0,0,0,1,0.001812349888496101,,2018-05-12,
ZJV03NT8,0,0,,,,0,0,0,1,0.002447629114612937,,2018-05-12,
ZJV03NTE,0,0,,,,0,0,0,1,0.0018211441347375512,,2018-04-13,
ZJV03P7S,0,0,,,,0,0,0,1,0.0013615140924230218,,2018-10-29,
ZJV03PBZ,0,0,,,,0,0,0,1,0.00128265714738518,,2018-04-13,
ZJV03PKC,0,0,,,,0,0,0,1,0.0018896223045885563,,2018-04-13,
ZJV03Q07,0,0,,,,0,0,0,1,0.0009886077605187893,,2018-08-29,
ZJV03QJD,0,0,,,,0,0,0,1,0.001070551690645516,,2018-08-29,
ZJV03QN2,0,0,,,,0,0,0,1,0.0015758188674226403,,2018-05-16,
ZJV03QRQ,0,0,,,,0,0,0,1,0.0013147384161129594,,2018-05-16,
ZJV03QV6,0,0,,,,0,0,0,1,0.000462753523606807,,2018-05-16,
ZJV03R0T,0,0,,,,0,0,0,1,0.0009258055943064392,,2018-10-29,
ZJV03R4E,0,0,,,,0,0,0,1,0.0030305786058306694,,2018-05-16,
ZJV03RLB,0,0,,,,0,0,0,1,0.0007203079294413328,,2018-08-29,
ZJV03RPG,0,0,,,,0,0,0,1,0.0008793334127403796,,2018-05-16,
ZJV03RQ7,0,0,,,,0,0,0,1,0.0010187047300860286,,2018-08-29,
ZJV03S7K,0,0,,,,0,0,0,1,0.0018575832946226,,2018-05-12,
ZJV03S93,0,0,,,,0,0,0,1,0.0010167064610868692,,2018-07-28,
ZJV03SVX,1,1,2019-08-07,2019-08-07,0.0,1,0,0,0,0.32365575432777405,0.32365575432777405,2018-04-13,481.0
ZJV03TGD,0,0,,,,0,0,0,1,0.0011970349587500095,,2018-04-13,
ZJV03TTP,0,0,,,,0,0,0,1,0.0008543976582586765,,2018-08-29,
ZJV03TYH,0,0,,,,0,0,0,1,0.001300094067119062,,2018-08-29,
ZJV03VG3,0,0,,,,0,0,0,1,0.0010377650614827871,,2018-04-13,
ZJV03VK2,0,0,,,,0,0,0,1,0.0022260977420955896,,2019-03-29,
ZJV03VXD,0,0,,,,0,0,0,1,0.0012716302881017327,,2018-10-29,
ZJV03W5J,0,0,,,,0,0,0,1,0.001655400963500142,,2018-04-13,
ZJV03W5T,1,1,2019-09-13,2019-09-17,4.0,1,0,0,0,0.5064067840576172,0.46431756019592285,2018-05-12,489.0
ZJV03XFP,0,0,,,,0,0,0,1,0.0013069423148408532,,2018-10-29,
ZJV03Y6D,0,0,,,,0,0,0,1,0.00380361033603549,,2019-09-18,
ZJV03Z5M,0,0,,,,0,0,0,1,0.00257978867739439,,2018-05-12,
ZJV03Z8X,0,0,,,,0,0,0,1,0.0018196044256910682,,2018-05-12,
ZJV03ZFK,0,0,,,,0,0,0,1,0.0010446924716234207,,2018-07-12,
ZJV03ZMW,0,0,,,,0,0,0,1,0.0013131970772519708,,2018-05-16,
ZJV03ZNR,0,0,,,,0,0,0,1,0.001676027663052082,,2018-12-05,
ZJV040NV,0,0,,,,0,0,0,1,0.001770348520949483,,2018-05-16,
ZJV040P9,0,0,,,,0,0,0,1,0.0015016255201771855,,2019-03-05,
ZJV0419W,0,0,,,,0,0,0,1,0.0019257637904956937,,2018-05-12,
ZJV041BV,0,0,,,,0,0,0,1,0.001990793040022254,,2018-04-13,
ZJV041D5,0,0,,,,0,0,0,1,0.0013108878629282117,,2018-04-13,
ZJV041VK,0,0,,,,0,0,0,1,0.0008925155852921307,,2018-10-29,
ZJV042W3,0,0,,,,0,0,0,1,0.001977108884602785,,2018-04-13,
ZJV043L7,0,0,,,,0,0,0,1,0.001805668231099844,,2018-04-13,
ZJV043NC,0,0,,,,0,0,0,1,0.0015621150378137827,,2018-05-16,
ZJV043XN,0,0,,,,0,0,0,1,0.0017620325088500977,,2019-09-19,
ZJV0445R,0,0,,,,0,0,0,1,0.0036408407613635063,,2018-05-12,
ZJV044AN,0,0,,,,0,0,0,1,0.001014428911730647,,2018-05-16,
ZJV044PP,0,0,,,,0,0,0,1,0.003723323345184326,,2018-05-16,
ZJV0450C,0,0,,,,0,0,0,1,0.006854946259409189,,2018-10-29,
ZJV04580,0,0,,,,0,0,0,1,0.0017153451917693019,,2018-04-13,
ZJV045XC,0,0,,,,0,0,0,1,0.0014809691347181797,,2018-04-13,
ZJV0475V,0,0,,,,0,0,0,1,0.0014986734604462981,,2018-05-16,
ZJV047MD,0,0,,,,0,0,0,1,0.0016056608874350786,,2018-05-12,
ZJV04928,0,0,,,,0,0,0,1,0.019880253821611404,,2018-05-12,
ZJV04998,0,0,,,,0,0,0,1,0.0013291231589391828,,2018-05-16,
ZJV049A3,0,0,,,,0,0,0,1,0.0018629736732691526,,2018-05-16,
ZJV04AYV,0,0,,,,0,0,0,1,0.0016332390950992703,,2018-05-16,
ZJV04BK2,0,0,,,,0,0,0,1,0.002186765195801854,,2018-05-12,
ZJV04BW7,0,0,,,,0,0,0,1,0.20231668651103973,,2018-12-13,
ZJV04C7N,0,0,,,,0,0,0,1,0.003082569455727935,,2019-10-12,
ZJV04CLS,0,0,,,,0,0,0,1,0.002435175236314535,,2018-05-12,
ZJV04DVN,0,0,,,,0,0,0,1,0.2526482939720154,,2018-05-12,
ZJV04EEQ,0,0,,,,0,0,0,1,0.0019428447121754289,,2018-05-12,
ZJV04EJP,0,0,,,,0,0,0,1,0.02184373140335083,,2018-05-12,
ZJV04EQ0,0,0,,,,0,0,0,1,0.0021446426399052143,,2018-05-12,
ZJV04ERG,0,0,,,,0,0,0,1,0.0019355667755007744,,2018-05-16,
ZJV04ETW,0,0,,,,0,0,0,1,0.0008983205771073699,,2018-10-29,
ZJV04ETY,0,0,,,,0,0,0,1,0.001564217614941299,,2019-09-07,
ZJV04F14,0,0,,,,0,0,0,1,0.0008478358504362404,,2018-10-29,
ZJV04F1F,0,0,,,,0,0,0,1,0.24651353061199188,,2018-05-16,
ZJV04FA4,0,0,,,,0,0,0,1,0.0015293136239051819,,2018-05-12,
ZJV04FAD,0,0,,,,0,0,0,1,0.05292963981628418,,2018-05-16,
ZJV04FE7,0,0,,,,0,0,0,1,0.0017369749257341027,,2018-05-16,
ZJV04FJG,0,0,,,,0,0,0,1,0.0023975723888725042,,2018-04-13,
ZJV04G0N,0,0,,,,0,0,0,1,0.002094357507303357,,2018-05-16,
ZJV04G17,0,0,,,,0,0,0,1,0.0010040762135758996,,2018-10-29,
ZJV04G33,0,0,,,,0,0,0,1,0.004224838223308325,,2019-01-12,
ZJV04G3X,0,0,,,,0,0,0,1,0.001816017203964293,,2018-05-12,
ZJV04GR7,0,0,,,,0,0,0,1,0.002125837840139866,,2018-05-12,
ZJV04H0H,0,0,,,,0,0,0,1,0.0018353733466938138,,2018-04-13,
ZJV04HCN,0,0,,,,0,0,0,1,0.001917480956763029,,2018-04-13,
ZJV04HNG,0,0,,,,0,0,0,1,0.0016463506035506725,,2018-04-13,
ZJV04HXS,1,1,2019-10-26,2019-11-17,22.0,1,0,0,0,0.3586380183696747,0.3381303548812866,2018-05-12,532.0
ZJV04KM8,0,0,,,,0,0,0,1,0.0037579014897346497,,2018-05-12,
ZJV04L6J,0,0,,,,0,0,0,1,0.001497824676334858,,2018-10-29,
ZJV04MGE,0,0,,,,0,0,0,1,0.0019457420567050576,,2018-04-13,
ZJV04NVZ,0,0,,,,0,0,0,1,0.0009080794407054782,,2018-12-05,
ZJV04QEJ,0,0,,,,0,0,0,1,0.0015609360998496413,,2018-05-16,
ZJV04QHC,0,0,,,,0,0,0,1,0.0016483378130942583,,2018-05-16,
ZJV04QKP,0,0,,,,0,0,0,1,0.0014391334261745214,,2018-08-29,
ZJV04RBH,0,0,,,,0,0,0,1,0.002210897160694003,,2018-04-13,
ZJV04RGF,0,0,,,,0,0,0,1,0.002408807398751378,,2018-05-12,
ZJV04VAA,0,0,,,,0,0,0,1,0.0013391675893217325,,2019-07-29,
ZJV04XS7,0,0,,,,0,0,0,1,0.00188458024058491,,2018-04-13,
ZJV04Y7G,0,0,,,,0,0,0,1,0.0015812554629519582,,2019-08-19,
ZJV04ZEA,0,0,,,,0,0,0,1,0.011593121103942394,,2019-08-06,
ZJV0502X,0,0,,,,0,0,0,1,0.0018980498425662518,,2019-09-23,
ZJV050RT,0,0,,,,0,0,0,1,0.0020459790248423815,,2018-05-12,
ZJV0519X,0,0,,,,0,0,0,1,0.0026581110432744026,,2018-05-12,
ZJV051QE,0,0,,,,0,0,0,1,0.0016862353077158332,,2018-05-16,
ZJV053M5,0,0,,,,0,0,0,1,0.002187545644119382,,2018-10-30,
ZJV0542E,0,0,,,,0,0,0,1,0.009535063989460468,,2018-04-13,
ZJV05599,0,0,,,,0,0,0,1,0.0014421296073123813,,2018-05-16,
ZJV055G7,0,0,,,,0,0,0,1,0.003828424261882901,,2018-05-12,
ZJV056DK,0,0,,,,0,0,0,1,0.0011517808306962252,,2018-05-16,
ZJV056WL,0,0,,,,0,0,0,1,0.000990003114566207,,2018-08-29,
ZJV056ZQ,0,0,,,,0,0,0,1,0.0017007427522912621,,2018-05-16,
ZJV057BQ,0,0,,,,0,0,0,1,0.0016424786299467087,,2019-12-22,
ZJV059MZ,0,0,,,,0,0,0,1,0.001468097441829741,,2018-05-16,
ZJV05ABB,0,0,,,,0,0,0,1,0.0019672110211104155,,2018-05-12,
ZJV05AZW,0,0,,,,0,0,0,1,0.0016336403787136078,,2018-04-13,
ZJV05DWQ,0,0,,,,0,0,0,1,0.001599080627784133,,2018-04-13,
ZJV05F0H,0,0,,,,0,0,0,1,0.001593076973222196,,2018-05-16,
ZJV05FGR,0,0,,,,0,0,0,1,0.001582284108735621,,2018-05-16,
ZJV05G5Y,0,0,,,,0,0,0,1,0.0026706757489591837,,2018-05-12,
ZJV05GJV,0,0,,,,0,0,0,1,0.00234112236648798,,2018-04-13,
ZJV05HE6,0,0,,,,0,0,0,1,0.002007695846259594,,2018-05-12,
ZJV05RQT,0,0,,,,0,0,0,1,0.0020409924909472466,,2018-05-12,
ZJV05SA0,0,0,,,,0,0,0,1,0.002679486759006977,,2018-04-27,
ZJV05SFX,0,0,,,,0,0,0,1,0.0018644167575985193,,2018-04-13,
ZJV05TYB,0,0,,,,0,0,0,1,0.001350174774415791,,2018-10-29,
ZJV05VCB,0,0,,,,0,0,0,1,0.0017850829754024744,,2018-04-13,
ZJV05WH4,0,0,,,,0,0,0,1,0.0011133282678201795,,2018-10-29,
ZJV05XVW,0,0,,,,0,0,0,1,0.014026649296283722,,2019-10-02,
ZJV05YR6,0,0,,,,0,0,0,1,0.0036250113043934107,,2018-04-27,
ZJV0657B,0,0,,,,0,0,0,1,0.0012920715380460024,,2018-05-16,
ZJV065R7,0,0,,,,0,0,0,1,0.0011723482748493552,,2018-10-29,
ZJV06E1B,0,0,,,,0,0,0,1,0.000991303357295692,,2018-12-08,
ZJV078JV,0,0,,,,0,0,0,1,0.0016475125448778272,,2020-02-25,
ZJV08SZZ,0,0,,,,0,0,0,1,0.0015665024984627962,,2018-05-16,
ZJV09XMY,0,0,,,,0,0,0,1,0.00217098044231534,,2018-05-12,
ZJV09YWJ,0,0,,,,0,0,0,1,0.0012450881768018007,,2018-05-16,
ZJV0A5N2,0,0,,,,0,0,0,1,0.002978295786306262,,2018-05-16,
ZJV0AJ08,0,0,,,,0,0,0,1,0.0016215821960940957,,2020-02-12,
ZJV0APG9,0,0,,,,0,0,0,1,0.001509599620476365,,2019-05-31,
ZJV0AZDH,0,0,,,,0,0,0,1,0.0016175314085558057,,2019-09-10,
ZJV0BB3M,0,0,,,,0,0,0,1,0.0007805002387613058,,2018-10-29,
ZJV0BJTB,0,0,,,,0,0,0,1,0.0039437394589185715,,2018-05-12,
ZJV0BMW1,1,0,,2019-11-25,,0,0,1,0,0.225511834025383,,2018-07-28,
ZJV0C15M,0,0,,,,0,0,0,1,0.0018852083012461662,,2018-04-13,
ZJV0C8WX,0,0,,,,0,0,0,1,0.004401115700602531,,2019-08-31,
ZJV0C9CR,0,0,,,,0,0,0,1,0.0019916100427508354,,2018-07-12,
ZJV0CEBZ,0,0,,,,0,0,0,1,0.000966481224168092,,2018-07-28,
ZJV0CM87,0,0,,,,0,0,0,1,0.0019090190762653947,,2019-07-27,
ZJV0CMFK,0,0,,,,0,0,0,1,0.0017600440187379718,,2018-05-16,
ZJV0CPHD,0,0,,,,0,0,0,1,0.0011140380520373583,,2018-08-29,
ZJV0CWXL,0,0,,,,0,0,0,1,0.001316809095442295,,2018-12-05,
ZJV0D2CB,0,0,,,,0,0,0,1,0.0014967003371566534,,2018-04-13,
ZJV0D822,0,0,,,,0,0,0,1,0.013676916249096394,,2018-05-12,
ZJV0D8JK,0,0,,,,0,0,0,1,0.001933510066010058,,2018-05-12,
ZJV0D9ZR,0,0,,,,0,0,0,1,0.0015381141565740108,,2018-05-16,
ZJV0DGB2,0,0,,,,0,0,0,1,0.0017696121940389276,,2018-05-16,
ZJV0DJPL,0,0,,,,0,0,0,1,0.001975985476747155,,2018-05-12,
ZJV0DNMW,0,0,,,,0,0,0,1,0.0033404643181711435,,2019-10-09,
ZJV0E2DA,0,0,,,,0,0,0,1,0.0007685382734052837,,2018-12-08,
ZJV0E8PD,0,0,,,,0,0,0,1,0.0020646348129957914,,2018-05-12,
ZJV0EAL5,0,0,,,,0,0,0,1,0.001771280774846673,,2018-04-13,
ZJV0EC6Y,0,0,,,,0,0,0,1,0.001905467244796455,,2018-04-13,
ZJV0EDL2,0,0,,,,0,0,0,1,0.0012097994331270456,,2018-08-29,
ZJV0EH0A,0,0,,,,0,0,0,1,0.0025370267685502768,,2018-05-12,
ZJV0EL28,0,0,,,,0,0,0,1,0.00198121159337461,,2018-05-12,
ZJV0EN75,0,0,,,,0,0,0,1,0.002022122498601675,,2018-05-12,
ZJV0ENQH,0,0,,,,0,0,0,1,0.0028925363440066576,,2018-05-12,
ZJV0ET4W,0,0,,,,0,0,0,1,0.0022310980129987,,2018-04-13,
ZJV0ETB0,0,0,,,,0,0,0,1,0.0035144013818353415,,2019-10-05,
ZJV0ETGC,0,0,,,,0,0,0,1,0.0017417902126908302,,2018-05-16,
ZJV0EV88,0,0,,,,0,0,0,1,0.0015362465055659413,,2018-04-13,
ZJV0EVBM,0,0,,,,0,0,0,1,0.0017949320608749986,,2018-04-13,
ZJV0EVG3,0,0,,,,0,0,0,1,0.001048354897648096,,2018-08-29,
ZJV0F4FY,1,0,,2021-05-15,,0,0,1,0,0.0017774379812180996,,2018-05-16,
ZJV0FASD,0,0,,,,0,0,0,1,0.0019990934524685144,,2018-07-21,
ZJV0FC8R,0,0,,,,0,0,0,1,0.0016118583735078573,,2019-07-24,
ZJV0FHJN,1,0,,2020-11-13,,0,0,1,0,0.0019481778144836426,,2020-05-28,
ZJV0GQZK,0,0,,,,0,0,0,1,0.0008370552095584571,,2018-10-29,
ZJV0GSS9,0,0,,,,0,0,0,1,0.0018264064565300941,,2019-07-09,
ZJV0GTHK,0,0,,,,0,0,0,1,0.0019586062990128994,,2019-06-21,
ZJV0GZY9,0,0,,,,0,0,0,1,0.13275329768657684,,2018-05-16,
ZJV0H48Q,0,0,,,,0,0,0,1,0.0010635118233039975,,2018-10-29,
ZJV0H9MD,0,0,,,,0,0,0,1,0.002740692812949419,,2018-05-12,
ZJV0H9P1,0,0,,,,0,0,0,1,0.0013013602001592517,,2018-08-29,
ZJV0H9VE,0,0,,,,0,0,0,1,0.0014523938298225403,,2018-04-13,
ZJV0HAA0,0,0,,,,0,0,0,1,0.0012616184540092945,,2018-05-16,
ZJV0HAL9,0,0,,,,0,0,0,1,0.0010401768377050757,,2018-08-29,
ZJV0HBCL,0,0,,,,0,0,0,1,0.0009972198167815804,,2018-08-29,
ZJV0HBG7,0,0,,,,0,0,0,1,0.0011622654274106026,,2018-08-29,
ZJV0HBK9,0,0,,,,0,0,0,1,0.001096018822863698,,2018-08-29,
ZJV0HC09,0,0,,,,0,0,0,1,0.0017207004129886627,,2018-04-13,
ZJV0HD94,0,0,,,,0,0,0,1,0.0030956680420786142,,2018-05-12,
ZJV0HDNM,0,0,,,,0,0,0,1,0.0013389252126216888,,2019-06-19,
ZJV0HFS4,0,0,,,,0,0,0,1,0.0007514373864978552,,2018-12-08,
ZJV0HKA3,0,0,,,,0,0,0,1,0.0008239790913648903,,2018-10-29,
ZJV0HKXJ,0,0,,,,0,0,0,1,0.001683404785580933,,2018-05-16,
ZJV0HLJF,0,0,,,,0,0,0,1,0.0008733714930713177,,2018-05-16,
ZJV0JY76,1,1,2019-12-17,2020-02-10,55.0,1,0,0,0,0.4093150794506073,0.3827391266822815,2018-12-08,374.0
ZJV0K77Q,0,0,,,,0,0,0,1,0.0009477616986259818,,2018-08-29,
ZJV0K84B,0,0,,,,0,0,0,1,0.0008125249296426773,,2018-12-08,
ZJV0K9HF,0,0,,,,0,0,0,1,0.0008431526948697865,,2018-08-29,
ZJV0K9MT,0,0,,,,0,0,0,1,0.0016315457178279757,,2018-07-28,
ZJV0K9TC,0,0,,,,0,0,0,1,0.0009741083486005664,,2018-08-29,
ZJV0KA0B,0,0,,,,0,0,0,1,0.0010343528119847178,,2018-08-29,
ZJV0KADZ,0,0,,,,0,0,0,1,0.0007963910466060042,,2018-10-29,
ZJV0KAEZ,0,0,,,,0,0,0,1,0.001745502115227282,,2019-08-08,
ZJV0KBL4,0,0,,,,0,0,0,1,0.0014489628374576569,,2018-05-16,
ZJV0KGEZ,0,0,,,,0,0,0,1,0.004038436338305473,,2019-07-19,
ZJV0KKKZ,0,0,,,,0,0,0,1,0.000982883619144559,,2018-07-28,
ZJV0KKX3,0,0,,,,0,0,0,1,0.0012972757685929537,,2018-07-21,
ZJV0KNRF,0,0,,,,0,0,0,1,0.0027282927185297012,,2018-05-12,
ZJV0KNST,0,0,,,,0,0,0,1,0.0009798435494303703,,2018-12-05,
ZJV0KNT5,0,0,,,,0,0,0,1,0.002788265934213996,,2018-05-12,
ZJV0KNVD,0,0,,,,0,0,0,1,0.0016809840453788638,,2018-05-16,
ZJV0KNWS,0,0,,,,0,0,0,1,0.001579804695211351,,2018-05-16,
ZJV0KNWW,0,0,,,,0,0,0,1,0.0017066954169422388,,2018-04-13,
ZJV0KP22,0,0,,,,0,0,0,1,0.0014262320473790169,,2018-05-16,
ZJV0L9JT,0,0,,,,0,0,0,1,0.0013657457893714309,,2018-04-13,
ZJV0M0N3,0,0,,,,0,0,0,1,0.0009784763678908348,,2018-12-19,
ZJV0M2BQ,0,0,,,,0,0,0,1,0.0020290405955165625,,2019-10-17,
ZJV0MB18,0,0,,,,0,0,0,1,0.001432068063877523,,2018-07-21,
ZJV0MDPM,1,1,2023-11-14,2024-02-28,106.0,1,0,0,0,0.4172229468822479,0.37249955534935,2020-06-22,1240.0
ZJV0MKFW,0,0,,,,0,0,0,1,0.0009230574360117316,,2018-07-28,
ZJV0MPMY,0,0,,,,0,0,0,1,0.0017073325579985976,,2019-07-07,
ZJV0MVY6,0,0,,,,0,0,0,1,0.000984632526524365,,2018-07-28,
ZJV0N2BQ,0,0,,,,0,0,0,1,0.0012247278355062008,,2018-07-21,
ZJV0NCQQ,0,0,,,,0,0,0,1,0.0019643239211291075,,2018-07-12,
ZJV0NGVL,0,0,,,,0,0,0,1,0.0009270833106711507,,2018-10-29,
ZJV0NJGC,0,1,2021-03-04,,,0,1,0,0,0.32887697219848633,0.32887697219848633,2018-07-12,966.0
ZJV0NLXJ,0,0,,,,0,0,0,1,0.0009643248049542308,,2018-07-28,
ZJV0NPCQ,0,0,,,,0,0,0,1,0.001625496312044561,,2018-07-21,
ZJV0NSWH,0,0,,,,0,0,0,1,0.0019086619140580297,,2019-11-16,
ZJV0NWHK,0,0,,,,0,0,0,1,0.0009894128888845444,,2018-08-29,
ZJV0NWWA,0,0,,,,0,0,0,1,0.0009595361771062016,,2018-07-28,
ZJV0NXMC,1,0,,2020-02-20,,0,0,1,0,0.2262536585330963,,2020-02-11,
ZJV0NZ8P,0,0,,,,0,0,0,1,0.0010646507143974304,,2018-07-28,
ZJV0P276,0,0,,,,0,0,0,1,0.0010049031116068363,,2018-08-29,
ZJV0P4EN,0,0,,,,0,0,0,1,0.0008516048546880484,,2018-10-29,
ZJV0P6MJ,0,0,,,,0,0,0,1,0.001052031759172678,,2018-07-28,
ZJV0PBTC,0,0,,,,0,0,0,1,0.0009308715234510601,,2018-08-29,
ZJV0PEX0,0,0,,,,0,0,0,1,0.0015309688169509172,,2019-09-21,
ZJV0PFFF,0,0,,,,0,0,0,1,0.0009846588363870978,,2018-07-21,
ZJV0PJEM,0,0,,,,0,0,0,1,0.0010419050231575966,,2018-08-29,
ZJV0PMYA,0,0,,,,0,0,0,1,0.0007642050040885806,,2018-12-08,
ZJV0PPFZ,0,0,,,,0,0,0,1,0.0008365656831301749,,2018-08-29,
ZJV0PR46,0,0,,,,0,0,0,1,0.000911377661395818,,2018-12-05,
ZJV0PZQ0,0,0,,,,0,0,0,1,0.0017906553111970425,,2018-12-05,
ZJV0PZQH,0,0,,,,0,0,0,1,0.0013741153525188565,,2018-12-05,
ZJV0QD9V,0,0,,,,0,0,0,1,0.0013015548465773463,,2018-12-05,
ZJV0QJ9M,0,0,,,,0,0,0,1,0.0008055752841755748,,2018-10-29,
ZJV0QMFL,0,0,,,,0,0,0,1,0.0009756297222338617,,2018-10-29,
ZJV0QMVL,0,0,,,,0,0,0,1,0.001051358412951231,,2018-08-29,
ZJV0QNMW,1,0,,2019-11-16,,0,0,1,0,0.2716028690338135,,2018-08-29,
ZJV0QX8F,0,0,,,,0,0,0,1,0.0008267057710327208,,2018-10-29,
ZJV0QZRS,0,0,,,,0,0,0,1,0.0007795611163601279,,2018-12-08,
ZJV0R23K,0,0,,,,0,0,0,1,0.0010347521165385842,,2018-07-21,
ZJV0R2LF,0,0,,,,0,0,0,1,0.0009962967596948147,,2018-10-29,
ZJV0R5ZW,0,0,,,,0,0,0,1,0.001086917705833912,,2019-07-25,
ZJV0R623,0,0,,,,0,0,0,1,0.0010270205093547702,,2018-08-29,
ZJV0R822,0,0,,,,0,0,0,1,0.0013845927314832807,,2018-12-05,
ZJV0RBPV,0,0,,,,0,0,0,1,0.0010947103146463633,,2018-07-28,
ZJV0RCWW,0,0,,,,0,0,0,1,0.001005941885523498,,2018-07-28,
ZJV0RDW2,0,0,,,,0,0,0,1,0.0011227700160816312,,2018-08-29,
ZJV0RGXS,0,0,,,,0,0,0,1,0.0008252311963587999,,2018-10-29,
ZJV0RKWX,0,0,,,,0,0,0,1,0.0008128416375257075,,2018-08-29,
ZJV0RPQ4,0,0,,,,0,0,0,1,0.0007850343827158213,,2018-10-29,
ZJV0RY3Y,0,0,,,,0,0,0,1,0.0009392344509251416,,2018-07-28,
ZJV0RYMQ,1,1,2023-01-06,2023-02-13,38.0,1,0,0,0,0.37544772028923035,0.322305828332901,2019-10-04,1190.0
ZJV0S850,0,0,,,,0,0,0,1,0.2928052842617035,,2019-07-02,
ZJV0S85F,0,0,,,,0,0,0,1,0.0008670365787111223,,2018-08-29,
ZJV0SB6W,0,0,,,,0,0,0,1,0.0011236206628382206,,2018-08-29,
ZJV0SN83,0,0,,,,0,0,0,1,0.0011145910248160362,,2018-07-21,
ZJV0SWZY,0,0,,,,0,0,0,1,0.0008658955921418965,,2018-12-21,
ZJV0SXZ0,0,0,,,,0,0,0,1,0.0018067738274112344,,2019-07-01,
ZJV0T0QB,0,0,,,,0,0,0,1,0.001049563055858016,,2018-12-05,
ZJV0T4XL,0,0,,,,0,0,0,1,0.0009475233964622021,,2018-08-29,
ZJV0T4YM,0,0,,,,0,0,0,1,0.0013269457267597318,,2018-07-21,
ZJV0T4ZD,0,0,,,,0,0,0,1,0.0009261081577278674,,2018-12-05,
ZJV0T4ZP,0,0,,,,0,0,0,1,0.0009050437365658581,,2018-07-28,
ZJV0T4ZS,0,0,,,,0,0,0,1,0.0011785323731601238,,2018-07-12,
ZJV0T509,0,0,,,,0,0,0,1,0.0010567266726866364,,2018-07-21,
ZJV0T50G,0,0,,,,0,0,0,1,0.0013784065376967192,,2018-07-21,
ZJV0T50P,0,0,,,,0,0,0,1,0.0009076585993170738,,2018-07-28,
ZJV0T51G,1,0,,2019-07-31,,0,0,1,0,0.2324250340461731,,2018-07-21,
ZJV0T529,0,0,,,,0,0,0,1,0.001392657170072198,,2018-07-28,
ZJV0T53D,0,0,,,,0,0,0,1,0.0009124724892899394,,2018-08-29,
ZJV0T54K,0,0,,,,0,0,0,1,0.0013732557417824864,,2018-07-21,
ZJV0T55Q,0,0,,,,0,0,0,1,0.0009817497339099646,,2018-08-29,
ZJV0T55W,0,0,,,,0,0,0,1,0.000960449455305934,,2018-07-28,
ZJV0T56C,0,0,,,,0,0,0,1,0.0010616604704409838,,2018-07-28,
ZJV0T578,0,0,,,,0,0,0,1,0.003592801745980978,,2018-07-21,
ZJV0T57H,0,0,,,,0,0,0,1,0.0010377330472692847,,2018-07-28,
ZJV0T57K,0,0,,,,0,0,0,1,0.000826139934360981,,2018-10-29,
ZJV0T58D,0,0,,,,0,0,0,1,0.0010128667345270514,,2018-07-28,
ZJV0T58E,0,0,,,,0,0,0,1,0.0014591201907023787,,2018-07-21,
ZJV0T58G,0,0,,,,0,0,0,1,0.0009058094001375139,,2018-08-29,
ZJV0T58Z,0,0,,,,0,0,0,1,0.0009248008718714118,,2018-07-28,
ZJV0T597,0,0,,,,0,0,0,1,0.0007742004236206412,,2018-10-29,
ZJV0T59L,0,0,,,,0,0,0,1,0.0016295617679134011,,2018-07-21,
ZJV0T59M,0,0,,,,0,0,0,1,0.0007636779337190092,,2018-10-29,
ZJV0T5A8,0,0,,,,0,0,0,1,0.0009708006982691586,,2018-08-29,
ZJV0T5AT,0,0,,,,0,0,0,1,0.0008939564577303827,,2018-07-28,
ZJV0T5CA,0,0,,,,0,0,0,1,0.0009215139434672892,,2018-12-05,
ZJV0T5CS,0,0,,,,0,0,0,1,0.0015258387429639697,,2018-07-21,
ZJV0T5D1,0,0,,,,0,0,0,1,0.0019483902724459767,,2018-07-21,
ZJV0T5DX,0,0,,,,0,0,0,1,0.0009965370409190655,,2018-08-29,
ZJV0T5FV,0,0,,,,0,0,0,1,0.0009651115396991372,,2018-07-28,
ZJV0T5FX,0,0,,,,0,0,0,1,0.001054570428095758,,2018-07-28,
ZJV0TBY9,0,0,,,,0,0,0,1,0.00152153754606843,,2018-07-21,
ZJV0TBZ0,0,0,,,,0,0,0,1,0.001512885675765574,,2018-12-05,
ZJV0TBZH,0,0,,,,0,0,0,1,0.0012540353927761316,,2018-07-21,
ZJV0TBZZ,0,0,,,,0,0,0,1,0.001008424791507423,,2018-08-29,
ZJV0TC19,0,0,,,,0,0,0,1,0.0009145931689999998,,2018-08-29,
ZJV0TC1J,0,0,,,,0,0,0,1,0.0009241505176760256,,2018-07-28,
ZJV0TC2M,0,0,,,,0,0,0,1,0.001022692653350532,,2018-07-28,
ZJV0TC44,0,0,,,,0,0,0,1,0.0010175224160775542,,2018-10-29,
ZJV0TC49,0,0,,,,0,0,0,1,0.0009610311826691031,,2018-07-28,
ZJV0TC4D,0,0,,,,0,0,0,1,0.0009839836275205016,,2018-12-05,
ZJV0TC4L,0,0,,,,0,0,0,1,0.0016323591116815805,,2018-07-21,
ZJV0TC4X,0,0,,,,0,0,0,1,0.0009228539420291781,,2018-07-28,
ZJV0TC57,0,0,,,,0,0,0,1,0.0012857995461672544,,2018-07-21,
ZJV0TC5Z,0,0,,,,0,0,0,1,0.0009981688344851136,,2018-10-29,
ZJV0TC6P,0,0,,,,0,0,0,1,0.0013720478164032102,,2018-07-28,
ZJV0TC8D,0,0,,,,0,0,0,1,0.0009106250363402069,,2018-07-28,
ZJV0TC8H,0,0,,,,0,0,0,1,0.0015769597375765443,,2018-07-21,
ZJV0TC8N,0,0,,,,0,0,0,1,0.001086480333469808,,2018-07-21,
ZJV0TC8S,0,0,,,,0,0,0,1,0.0010671690106391907,,2018-12-05,
ZJV0TC8W,0,0,,,,0,0,0,1,0.0009957895381376147,,2018-07-28,
ZJV0TC8Z,0,0,,,,0,0,0,1,0.0009325786377303302,,2018-07-28,
ZJV0TC9E,0,0,,,,0,0,0,1,0.0010419973405078053,,2018-08-29,
ZJV0TCA2,0,0,,,,0,0,0,1,0.0007934644818305969,,2018-10-29,
ZJV0TCA3,0,0,,,,0,0,0,1,0.0009796979138627648,,2018-10-29,
ZJV0TCAZ,0,0,,,,0,0,0,1,0.0010237825335934758,,2018-07-21,
ZJV0TCB2,0,0,,,,0,0,0,1,0.0009054457186721265,,2018-12-05,
ZJV0TCBK,0,0,,,,0,0,0,1,0.0011394807370379567,,2018-07-28,
ZJV0TCBQ,0,0,,,,0,0,0,1,0.001056250068359077,,2018-07-28,
ZJV0TCBT,0,0,,,,0,0,0,1,0.0008295954903587699,,2018-10-29,
ZJV0TCDZ,0,0,,,,0,0,0,1,0.001208847388625145,,2018-07-28,
ZJV0TCE3,0,0,,,,0,0,0,1,0.0008855331689119339,,2018-10-29,
ZJV0TCEP,0,0,,,,0,0,0,1,0.0011241849279031157,,2018-07-21,
ZJV0TCES,0,0,,,,0,0,0,1,0.0008333025616593659,,2018-10-29,
ZJV0TCF9,0,0,,,,0,0,0,1,0.0012319466331973672,,2018-07-21,
ZJV0TCFQ,0,0,,,,0,0,0,1,0.001296893460676074,,2018-07-21,
ZJV0TCG9,0,0,,,,0,0,0,1,0.0011329854605719447,,2018-08-29,
ZJV0TCGC,0,0,,,,0,0,0,1,0.0007900127675384283,,2019-01-23,
ZJV0TCGH,0,0,,,,0,0,0,1,0.0011356998002156615,,2018-07-21,
ZJV0TCGP,0,0,,,,0,0,0,1,0.0012837938265874982,,2018-07-21,
ZJV0TCHR,0,0,,,,0,0,0,1,0.001294616493396461,,2018-10-29,
ZJV0TCJ1,0,0,,,,0,0,0,1,0.00118611054494977,,2018-07-21,
ZJV0TCKF,0,0,,,,0,0,0,1,0.0012873882660642266,,2018-07-21,
ZJV0TCKQ,0,0,,,,0,0,0,1,0.0011545434826985002,,2018-07-28,
ZJV0TCKY,0,0,,,,0,0,0,1,0.0009628118714317679,,2018-07-28,
ZJV0TCLF,0,0,,,,0,0,0,1,0.0013008732348680496,,2018-07-12,
ZJV0TCLL,0,0,,,,0,0,0,1,0.0010292601073160768,,2018-07-28,
ZJV0TCLW,0,0,,,,0,0,0,1,0.0014499719254672527,,2018-07-21,
ZJV0TCLY,0,0,,,,0,0,0,1,0.0011100771371275187,,2018-07-21,
ZJV0TEGP,0,0,,,,0,0,0,1,0.030848925933241844,,2018-07-21,
ZJV0TEGT,0,0,,,,0,0,0,1,0.0011383161181584,,2018-07-28,
ZJV0TEH2,0,0,,,,0,0,0,1,0.0025167427957057953,,2018-07-12,
ZJV0TEH3,0,0,,,,0,0,0,1,0.001019263407215476,,2018-07-28,
ZJV0TEH6,0,0,,,,0,0,0,1,0.0009715510532259941,,2018-08-29,
ZJV0TEHZ,0,0,,,,0,0,0,1,0.0009175525628961623,,2018-07-12,
ZJV0TEJ2,0,0,,,,0,0,0,1,0.0008306606323458254,,2018-10-29,
ZJV0TEK2,0,0,,,,0,0,0,1,0.0009651538566686213,,2018-10-29,
ZJV0TEK7,0,0,,,,0,0,0,1,0.0014679150190204382,,2018-07-12,
ZJV0TEK9,0,0,,,,0,0,0,1,0.0014144590822979808,,2018-07-21,
ZJV0TEKL,0,0,,,,0,0,0,1,0.0009059859439730644,,2018-10-29,
ZJV0TELE,0,0,,,,0,0,0,1,0.0212729312479496,,2018-08-29,
ZJV0TEM5,0,0,,,,0,0,0,1,0.0011912209447473288,,2018-07-28,
ZJV0TEME,0,0,,,,0,0,0,1,0.001370527083054185,,2018-07-21,
ZJV0TEMS,0,0,,,,0,0,0,1,0.0009010977228172123,,2018-10-29,
ZJV0TEN7,0,0,,,,0,0,0,1,0.0010306083131581545,,2018-07-28,
ZJV0TENQ,0,0,,,,0,0,0,1,0.0012994565768167377,,2018-07-21,
ZJV0TENW,0,0,,,,0,0,0,1,0.0009597816970199347,,2018-07-28,
ZJV0TENY,0,0,,,,0,0,0,1,0.0010294169187545776,,2018-07-21,
ZJV0TEP4,0,0,,,,0,0,0,1,0.0008753842557780445,,2018-10-29,
ZJV0TEPN,0,0,,,,0,0,0,1,0.0013168693985790014,,2018-07-21,
ZJV0TEPR,0,0,,,,0,0,0,1,0.0012952584074810147,,2018-07-21,
ZJV0TLGX,0,0,,,,0,0,0,1,0.0009592153364792466,,2018-08-29,
ZJV0TLLX,0,0,,,,0,0,0,1,0.0010969077702611685,,2018-07-28,
ZJV0TQNM,0,0,,,,0,0,0,1,0.0011621054727584124,,2018-12-05,
ZJV0TQT1,0,0,,,,0,0,0,1,0.0009472565725445747,,2018-08-29,
ZJV0TQTZ,0,0,,,,0,0,0,1,0.0021340784151107073,,2018-07-12,
ZJV0TQV4,0,0,,,,0,0,0,1,0.0013875134754925966,,2018-07-21,
ZJV0TTF6,0,0,,,,0,0,0,1,0.0012410873314365745,,2018-07-21,
ZJV0TTQY,0,0,,,,0,0,0,1,0.0018332405015826225,,2018-07-21,
ZJV0TY9X,0,0,,,,0,0,0,1,0.0009098623413592577,,2018-07-28,
ZJV0V705,0,0,,,,0,0,0,1,0.0009495305712334812,,2018-08-29,
ZJV0VAXY,0,0,,,,0,0,0,1,0.0009578285389579833,,2018-10-29,
ZJV0VCFD,0,0,,,,0,0,0,1,0.0008824205142445862,,2018-12-05,
ZJV0VEVX,0,0,,,,0,0,0,1,0.0015514636179432273,,2019-10-30,
ZJV0VEX5,0,0,,,,0,0,0,1,0.0011235788697376847,,2018-07-12,
ZJV0VF1L,0,0,,,,0,0,0,1,0.0008469945751130581,,2018-12-08,
ZJV0VS0V,0,0,,,,0,0,0,1,0.0010865575168281794,,2018-12-05,
ZJV0VWYN,0,0,,,,0,0,0,1,0.22601090371608734,,2018-07-12,
ZJV0W1V1,0,0,,,,0,0,0,1,0.002798763569444418,,2019-10-07,
ZJV0W4TV,0,0,,,,0,0,0,1,0.0011112155625596642,,2018-07-28,
ZJV0W4VX,0,0,,,,0,0,0,1,0.0008666442590765655,,2018-07-28,
ZJV0W7R2,1,0,,2020-10-10,,0,0,1,0,0.0011458254884928465,,2018-07-12,
ZJV0W883,0,0,,,,0,0,0,1,0.0007783370674587786,,2018-12-08,
ZJV0WBKL,0,0,,,,0,0,0,1,0.0008826046250760555,,2018-08-29,
ZJV0WBL3,0,0,,,,0,0,0,1,0.0016975307371467352,,2018-07-12,
ZJV0WBL6,0,0,,,,0,0,0,1,0.0009001305443234742,,2018-08-29,
ZJV0WBLX,0,0,,,,0,0,0,1,0.0010208358289673924,,2018-07-28,
ZJV0WBMH,0,0,,,,0,0,0,1,0.0009890052024275064,,2018-12-05,
ZJV0WBMS,0,0,,,,0,0,0,1,0.0011578905396163464,,2018-07-21,
ZJV0WBN6,0,0,,,,0,0,0,1,0.0009752802434377372,,2018-12-05,
ZJV0WBN7,0,0,,,,0,0,0,1,0.0009612651774659753,,2018-08-29,
ZJV0WBP4,0,0,,,,0,0,0,1,0.0013452965067699552,,2018-07-21,
ZJV0WBPV,0,0,,,,0,0,0,1,0.0015606713714078069,,2018-07-28,
ZJV0WBPW,0,0,,,,0,0,0,1,0.0009536807192489505,,2018-08-29,
ZJV0WBQB,0,0,,,,0,0,0,1,0.001048103324137628,,2018-07-28,
ZJV0WBQM,0,0,,,,0,0,0,1,0.0019210523460060358,,2018-12-05,
ZJV0WBR4,0,0,,,,0,0,0,1,0.0016169202281162143,,2018-07-21,
ZJV0WBRL,0,0,,,,0,0,0,1,0.0013514792080968618,,2018-07-21,
ZJV0WBRP,0,0,,,,0,0,0,1,0.0010051567805930972,,2018-07-28,
ZJV0WBRW,0,0,,,,0,0,0,1,0.001307023805566132,,2018-07-12,
ZJV0WBRY,0,0,,,,0,0,0,1,0.001085881725884974,,2018-07-21,
ZJV0WBSC,0,0,,,,0,0,0,1,0.0010427162051200867,,2018-12-05,
ZJV0WBSR,0,0,,,,0,0,0,1,0.0008700867765583098,,2018-08-29,
ZJV0WBVT,0,0,,,,0,0,0,1,0.0009092920226976275,,2018-07-28,
ZJV0WBW7,0,0,,,,0,0,0,1,0.001091850339435041,,2018-12-05,
ZJV0WBW8,0,0,,,,0,0,0,1,0.0011460083769634366,,2018-07-28,
ZJV0WBWB,0,0,,,,0,0,0,1,0.0017005465924739838,,2018-07-21,
ZJV0WBWD,0,0,,,,0,0,0,1,0.0015533521072939038,,2018-07-21,
ZJV0WBXV,0,0,,,,0,0,0,1,0.0016921929782256484,,2018-07-12,
ZJV0WBY0,0,0,,,,0,0,0,1,0.0014798546908423305,,2018-07-21,
ZJV0WBYK,0,0,,,,0,0,0,1,0.0010477154282853007,,2018-07-28,
ZJV0WC0J,0,0,,,,0,0,0,1,0.0014321458293125033,,2018-07-21,
ZJV0WCPM,0,0,,,,0,0,0,1,0.0013988633872941136,,2018-07-21,
ZJV0WCQ7,0,0,,,,0,0,0,1,0.0008828099234960973,,2018-07-28,
ZJV0WCRQ,0,0,,,,0,0,0,1,0.0011371586006134748,,2018-12-05,
ZJV0WCS3,0,0,,,,0,0,0,1,0.02386944741010666,,2018-08-29,
ZJV0WCS9,0,0,,,,0,0,0,1,0.0010957050835713744,,2018-07-21,
ZJV0WCSR,0,0,,,,0,0,0,1,0.0012451594229787588,,2018-12-05,
ZJV0WCT9,0,0,,,,0,0,0,1,0.0009773713536560535,,2018-07-28,
ZJV0WCTC,0,0,,,,0,0,0,1,0.0009480208391323686,,2018-07-28,
ZJV0WCTE,0,0,,,,0,0,0,1,0.000928642344661057,,2018-12-05,
ZJV0WCTH,0,0,,,,0,0,0,1,0.0010945048416033387,,2018-07-21,
ZJV0WCV7,0,0,,,,0,0,0,1,0.0008522153948433697,,2018-07-28,
ZJV0WCVV,0,0,,,,0,0,0,1,0.001018571318127215,,2018-07-12,
ZJV0WCW8,0,0,,,,0,0,0,1,0.0009798182873055339,,2018-07-28,
ZJV0WCWB,0,0,,,,0,0,0,1,0.000995291629806161,,2018-07-28,
ZJV0WCWL,0,0,,,,0,0,0,1,0.0011248115915805101,,2018-08-29,
ZJV0WCWR,0,0,,,,0,0,0,1,0.0016216316726058722,,2018-07-12,
ZJV0WCWX,0,0,,,,0,0,0,1,0.0008951916825026274,,2018-10-29,
ZJV0WCXG,0,0,,,,0,0,0,1,0.0013875127770006657,,2018-07-21,
ZJV0WCYP,0,0,,,,0,0,0,1,0.0010177395306527615,,2018-12-05,
ZJV0WCZZ,0,0,,,,0,0,0,1,0.0011209392687305808,,2018-07-12,
ZJV0WD24,0,0,,,,0,0,0,1,0.0009362752316519618,,2018-07-28,
ZJV0WD28,0,0,,,,0,0,0,1,0.0015081550227478147,,2018-07-21,
ZJV0WEHK,0,0,,,,0,0,0,1,0.000897796533536166,,2018-12-05,
ZJV0WEHT,0,0,,,,0,0,0,1,0.0009662947850301862,,2018-07-28,
ZJV0WEJ3,0,0,,,,0,0,0,1,0.0015288222348317504,,2018-08-29,
ZJV0WEJE,0,0,,,,0,0,0,1,0.011286914348602295,,2018-07-21,
ZJV0WEJK,0,0,,,,0,0,0,1,0.0017510226462036371,,2018-12-05,
ZJV0WEKC,0,0,,,,0,0,0,1,0.0012283202959224582,,2018-07-28,
ZJV0WEKS,1,0,,2019-10-08,,0,0,1,0,0.0008906280272640288,,2018-07-28,
ZJV0WEL4,0,0,,,,0,0,0,1,0.0009381549316458404,,2018-07-28,
ZJV0WEMB,0,0,,,,0,0,0,1,0.0018990274984389544,,2018-07-12,
ZJV0WEMH,0,0,,,,0,0,0,1,0.0016044939402490854,,2018-07-21,
ZJV0WEMR,0,0,,,,0,0,0,1,0.0009918238501995802,,2018-07-28,
ZJV0WEN6,0,0,,,,0,0,0,1,0.000916074903216213,,2018-07-28,
ZJV0WEN9,0,0,,,,0,0,0,1,0.0021770731545984745,,2018-07-12,
ZJV0WEPC,0,0,,,,0,0,0,1,0.0010382041800767183,,2018-12-05,
ZJV0WEPJ,0,0,,,,0,0,0,1,0.0009225831017829478,,2018-07-28,
ZJV0WER6,0,0,,,,0,0,0,1,0.0010496150935068727,,2018-12-05,
ZJV0WERA,0,0,,,,0,0,0,1,0.0013257715618237853,,2018-07-28,
ZJV0WES6,0,0,,,,0,0,0,1,0.0010609602322801948,,2018-07-28,
ZJV0WES8,0,0,,,,0,0,0,1,0.28081822395324707,,2018-07-28,
ZJV0WESH,0,0,,,,0,0,0,1,0.0008887842413969338,,2018-07-28,
ZJV0WESQ,0,0,,,,0,0,0,1,0.0009261676459573209,,2018-08-29,
ZJV0WESS,0,0,,,,0,0,0,1,0.0008984043961390853,,2018-07-28,
ZJV0WETS,0,0,,,,0,0,0,1,0.001216129050590098,,2018-07-12,
ZJV0WETX,0,0,,,,0,0,0,1,0.0011101902928203344,,2018-07-12,
ZJV0WEV6,0,0,,,,0,0,0,1,0.0009371298365294933,,2018-07-28,
ZJV0WEVH,0,0,,,,0,0,0,1,0.0009002909064292908,,2018-07-28,
ZJV0WEW2,0,0,,,,0,0,0,1,0.0010914239101111889,,2018-08-29,
ZJV0WEWF,0,0,,,,0,0,0,1,0.0009603656944818795,,2018-07-28,
ZJV0WEXV,0,0,,,,0,0,0,1,0.0013311614748090506,,2018-12-05,
ZJV0WEXW,0,0,,,,0,0,0,1,0.0009734745835885406,,2018-12-05,
ZJV0WEYF,0,0,,,,0,0,0,1,0.0012958124279975891,,2018-07-28,
ZJV0WEYM,0,0,,,,0,0,0,1,0.003791023511439562,,2018-07-12,
ZJV0WEYV,1,0,,2019-10-28,,0,0,1,0,0.2018885314464569,,2018-12-05,
ZJV0WEZ4,0,0,,,,0,0,0,1,0.279885470867157,,2018-12-05,
ZJV0WF0T,0,0,,,,0,0,0,1,0.001439373241737485,,2018-07-12,
ZJV0WF1N,0,0,,,,0,0,0,1,0.001079488662071526,,2018-12-05,
ZJV0WF2C,0,0,,,,0,0,0,1,0.005844245199114084,,2018-12-05,
ZJV0WF2D,0,0,,,,0,0,0,1,0.0008999161655083299,,2018-12-05,
ZJV0WF3B,0,0,,,,0,0,0,1,0.0009719946538098156,,2018-07-28,
ZJV0WF3Z,0,0,,,,0,0,0,1,0.16651055216789246,,2018-08-29,
ZJV0WF5E,0,0,,,,0,0,0,1,0.0014111573109403253,,2018-12-05,
ZJV0WF5V,0,0,,,,0,0,0,1,0.0009711768361739814,,2018-10-29,
ZJV0WF65,0,0,,,,0,0,0,1,0.0010685536544770002,,2018-12-05,
ZJV0WF86,0,0,,,,0,0,0,1,0.0009942505275830626,,2018-07-12,
ZJV0WF8R,0,0,,,,0,0,0,1,0.0009413343505002558,,2018-12-05,
ZJV0WFBE,0,0,,,,0,0,0,1,0.0009707780554890633,,2018-07-28,
ZJV0WFBQ,0,0,,,,0,0,0,1,0.0008662941982038319,,2018-07-28,
ZJV0WFC9,0,0,,,,0,0,0,1,0.0013722516596317291,,2018-12-05,
ZJV0WFCA,0,0,,,,0,0,0,1,0.0015747606521472335,,2018-07-28,
ZJV0WFD0,0,0,,,,0,0,0,1,0.0009513860568404198,,2018-07-28,
ZJV0WFD1,0,0,,,,0,0,0,1,0.001085019437596202,,2018-08-29,
ZJV0WFD3,0,0,,,,0,0,0,1,0.0008429008303210139,,2018-08-29,
ZJV0WFDP,0,1,2019-12-30,,,0,1,0,0,0.33172211050987244,0.32455873489379883,2018-12-05,390.0
ZJV0WFFV,0,0,,,,0,0,0,1,0.0011810186551883817,,2018-07-12,
ZJV0WFGD,0,0,,,,0,0,0,1,0.001511450856924057,,2018-12-05,
ZJV0WFGQ,0,0,,,,0,0,0,1,0.0009800769621506333,,2018-07-28,
ZJV0WFH0,0,0,,,,0,0,0,1,0.0008520244737155735,,2018-07-28,
ZJV0WFHN,0,0,,,,0,0,0,1,0.0009828259935602546,,2018-08-29,
ZJV0WFJF,0,0,,,,0,0,0,1,0.264994740486145,,2018-07-28,
ZJV0WFJR,0,0,,,,0,0,0,1,0.038627997040748596,,2018-07-12,
ZJV0WFKL,0,0,,,,0,0,0,1,0.0016154467593878508,,2018-12-05,
ZJV0WFKN,0,0,,,,0,0,0,1,0.001129507552832365,,2018-07-12,
ZJV0WFKT,0,0,,,,0,0,0,1,0.001080886460840702,,2018-12-05,
ZJV0WFM9,0,0,,,,0,0,0,1,0.0011876571225002408,,2018-07-12,
ZJV0WFMB,0,0,,,,0,0,0,1,0.0010409693932160735,,2018-12-05,
ZJV0WFN2,0,0,,,,0,0,0,1,0.0010846923105418682,,2018-08-29,
ZJV0WFN5,0,0,,,,0,0,0,1,0.00127223611343652,,2018-07-21,
ZJV0WFNZ,0,0,,,,0,0,0,1,0.0010451588314026594,,2018-07-12,
ZJV0WFQ0,0,0,,,,0,0,0,1,0.0009965273784473538,,2018-07-28,
ZJV0WFQ7,0,0,,,,0,0,0,1,0.0009551010443829,,2018-07-28,
ZJV0WFQG,0,0,,,,0,0,0,1,0.0009820944396778941,,2018-07-28,
ZJV0WFQW,0,0,,,,0,0,0,1,0.0009293818147853017,,2018-12-05,
ZJV0WFRE,0,0,,,,0,0,0,1,0.0011584111489355564,,2018-12-05,
ZJV0WFRQ,1,0,,2019-07-14,,0,0,1,0,0.0007438166649080813,,2018-08-29,
ZJV0WFRR,0,0,,,,0,0,0,1,0.0011555711971595883,,2018-12-05,
ZJV0WFS3,0,0,,,,0,0,0,1,0.001004813122563064,,2018-07-28,
ZJV0WFSF,0,0,,,,0,0,0,1,0.0015972097171470523,,2018-07-21,
ZJV0WFST,1,0,,2019-09-17,,0,0,1,0,0.220979243516922,,2018-12-05,
ZJV0WFVP,0,0,,,,0,0,0,1,0.000847803195938468,,2018-10-29,
ZJV0WFWW,0,0,,,,0,0,0,1,0.0008599549764767289,,2018-12-05,
ZJV0WFXE,0,0,,,,0,0,0,1,0.0009675734327174723,,2018-07-28,
ZJV0WFY6,0,0,,,,0,0,0,1,0.000892697658855468,,2018-12-05,
ZJV0WFYX,0,0,,,,0,0,0,1,0.0009925923077389598,,2018-12-05,
ZJV0WFZ0,0,0,,,,0,0,0,1,0.001826228923164308,,2018-07-21,
ZJV0WFZ7,0,0,,,,0,0,0,1,0.0014281111070886254,,2018-07-21,
ZJV0WFZF,0,0,,,,0,0,0,1,0.0009724490228109062,,2018-12-05,
ZJV0WFZP,0,0,,,,0,0,0,1,0.0010039997287094593,,2018-08-29,
ZJV0WFZW,0,0,,,,0,0,0,1,0.0012999121099710464,,2018-07-12,
ZJV0WG0P,0,0,,,,0,0,0,1,0.000858841638546437,,2018-07-12,
ZJV0WG12,0,0,,,,0,0,0,1,0.000982120749540627,,2018-07-28,
ZJV0WG13,0,0,,,,0,0,0,1,0.0011225444031879306,,2018-08-29,
ZJV0WG1P,0,0,,,,0,0,0,1,0.0009918785654008389,,2018-08-29,
ZJV0WG2E,0,0,,,,0,0,0,1,0.000987000297755003,,2018-12-05,
ZJV0WG2S,0,0,,,,0,0,0,1,0.002258313586935401,,2018-10-29,
ZJV0WG2X,0,0,,,,0,0,0,1,0.00176733429543674,,2018-12-05,
ZJV0WG41,0,0,,,,0,0,0,1,0.0009008804918266833,,2018-12-05,
ZJV0WG5V,0,0,,,,0,0,0,1,0.0019001420587301254,,2018-07-12,
ZJV0WG75,0,0,,,,0,0,0,1,0.0011378070339560509,,2018-07-12,
ZJV0WG7V,0,0,,,,0,0,0,1,0.00817837379872799,,2018-07-12,
ZJV0WG88,0,0,,,,0,0,0,1,0.0027646597009152174,,2018-07-12,
ZJV0WG8D,0,0,,,,0,0,0,1,0.000990668311715126,,2018-12-05,
ZJV0WG8H,0,0,,,,0,0,0,1,0.0011032583424821496,,2018-08-29,
ZJV0WG8K,0,0,,,,0,0,0,1,0.0010150930611416698,,2018-12-05,
ZJV0WGA9,0,0,,,,0,0,0,1,0.0016333736712113023,,2018-07-12,
ZJV0WGBS,0,0,,,,0,0,0,1,0.0012532997643575072,,2018-07-28,
ZJV0WGC0,0,0,,,,0,0,0,1,0.0009306197753176093,,2018-07-28,
ZJV0WGD0,0,0,,,,0,0,0,1,0.001082147704437375,,2018-08-29,
ZJV0WGF2,0,0,,,,0,0,0,1,0.0011695051798596978,,2018-08-29,
ZJV0WGFW,0,0,,,,0,0,0,1,0.0015432033687829971,,2018-07-21,
ZJV0WGG4,0,0,,,,0,0,0,1,0.0013258032267913222,,2018-07-21,
ZJV0WGGF,0,0,,,,0,0,0,1,0.0009541378822177649,,2018-07-28,
ZJV0WGH7,0,0,,,,0,0,0,1,0.0009234569151885808,,2018-07-28,
ZJV0WGHV,0,0,,,,0,0,0,1,0.001998365856707096,,2018-12-05,
ZJV0WGHZ,0,0,,,,0,0,0,1,0.0010038241744041443,,2018-07-28,
ZJV0WGJT,0,0,,,,0,0,0,1,0.0009618578478693962,,2018-12-05,
ZJV0WGK4,0,0,,,,0,0,0,1,0.0009451331570744514,,2018-07-28,
ZJV0WGKS,0,1,2020-03-06,,,0,1,0,0,0.33685302734375,0.33685302734375,2018-12-05,457.0
ZJV0WGLM,0,0,,,,0,0,0,1,0.0009631164721213281,,2018-08-29,
ZJV0WGM4,0,0,,,,0,0,0,1,0.0009790899930521846,,2018-07-28,
ZJV0WGM5,0,0,,,,0,0,0,1,0.001680024084635079,,2018-12-05,
ZJV0WGMJ,0,0,,,,0,0,0,1,0.0010955918114632368,,2018-07-21,
ZJV0WGN6,0,0,,,,0,0,0,1,0.0019915588200092316,,2018-07-12,
ZJV0WGNQ,0,0,,,,0,0,0,1,0.001460143830627203,,2018-07-21,
ZJV0WGNX,0,0,,,,0,0,0,1,0.0016862304182723165,,2018-07-21,
ZJV0WGPB,0,0,,,,0,0,0,1,0.0020216393750160933,,2018-07-12,
ZJV0WGPD,0,0,,,,0,0,0,1,0.0012581984046846628,,2018-07-12,
ZJV0WGQ9,0,0,,,,0,0,0,1,0.0011175967520102859,,2018-07-28,
ZJV0WGQA,0,0,,,,0,0,0,1,0.00115837377961725,,2018-07-12,
ZJV0WGR5,0,0,,,,0,0,0,1,0.001642433344386518,,2018-07-21,
ZJV0WGR7,0,0,,,,0,0,0,1,0.0009426811593584716,,2018-07-28,
ZJV0WGSJ,0,0,,,,0,0,0,1,0.0018061187583953142,,2018-07-12,
ZJV0WGTF,0,0,,,,0,0,0,1,0.0009997593006119132,,2018-12-05,
ZJV0WGV1,0,0,,,,0,0,0,1,0.0009577354649081826,,2018-08-29,
ZJV0WGVC,0,0,,,,0,0,0,1,0.0013000736944377422,,2018-07-12,
ZJV0WGVT,0,0,,,,0,0,0,1,0.0010517325717955828,,2018-10-29,
ZJV0WGW1,0,0,,,,0,0,0,1,0.00123728031758219,,2018-07-21,
ZJV0WGWB,0,0,,,,0,0,0,1,0.0009397329413332045,,2018-12-05,
ZJV0WGWF,0,0,,,,0,0,0,1,0.0036505835596472025,,2018-07-12,
ZJV0WH1F,0,0,,,,0,0,0,1,0.0009516312857158482,,2018-07-12,
ZJV0WH4B,0,0,,,,0,0,0,1,0.0010311100631952286,,2018-10-29,
ZJV0WH76,0,0,,,,0,0,0,1,0.0016065769596025348,,2018-07-21,
ZJV0WMAT,0,0,,,,0,0,0,1,0.0018755177734419703,,2018-07-12,
ZJV0WVT7,1,1,2019-11-15,2020-09-09,299.0,1,0,0,0,0.5195950865745544,0.3218797743320465,2018-12-05,345.0
ZJV0WXMQ,0,0,,,,0,0,0,1,0.0009093613480217755,,2018-12-05,
ZJV0XE36,0,0,,,,0,0,0,1,0.0017110264161601663,,2018-07-12,
ZJV0XE4K,0,0,,,,0,0,0,1,0.0011272652773186564,,2018-08-29,
ZJV0XE4W,0,0,,,,0,0,0,1,0.0013822898035869002,,2018-07-12,
ZJV0XE53,0,0,,,,0,0,0,1,0.0018482704181224108,,2018-12-05,
ZJV0XE62,0,0,,,,0,0,0,1,0.0008755961898714304,,2018-08-29,
ZJV0XE6P,0,0,,,,0,0,0,1,0.0010633289348334074,,2018-12-05,
ZJV0XE75,0,0,,,,0,0,0,1,0.0014427559217438102,,2018-07-21,
ZJV0XE9H,0,0,,,,0,0,0,1,0.10763858258724213,,2018-12-05,
ZJV0XE9J,0,0,,,,0,0,0,1,0.0010366978822275996,,2018-07-28,
ZJV0XE9R,0,0,,,,0,0,0,1,0.0009240874205715954,,2018-07-12,
ZJV0XJMW,0,0,,,,0,0,0,1,0.0009447652264498174,,2018-07-12,
ZJV0XJNF,0,0,,,,0,0,0,1,0.0012862784788012505,,2018-07-21,
ZJV0XJPH,0,0,,,,0,0,0,1,0.0011006477288901806,,2018-07-28,
ZJV0XJPY,0,0,,,,0,0,0,1,0.001044674078002572,,2018-07-12,
ZJV0XJQJ,0,0,,,,0,0,0,1,0.0009501567692495883,,2018-07-28,
ZJV0XJRF,0,0,,,,0,0,0,1,0.000899164006114006,,2018-08-29,
ZJV0XJSA,0,0,,,,0,0,0,1,0.0009642926743254066,,2018-08-29,
ZJV0XJSB,0,0,,,,0,0,0,1,0.0010330958757549524,,2018-07-12,
ZJV0XJSQ,0,0,,,,0,0,0,1,0.0016971452860161662,,2018-07-12,
ZJV0XJSS,0,0,,,,0,0,0,1,0.009329334832727909,,2018-07-21,
ZJV0XJT9,0,0,,,,0,0,0,1,0.0013964064419269562,,2018-12-05,
ZJV0XJTH,0,0,,,,0,0,0,1,0.0009006599429994822,,2018-12-05,
ZJV0XJTK,0,0,,,,0,0,0,1,0.0010043851798400283,,2018-12-05,
ZJV0XJTQ,0,0,,,,0,0,0,1,0.0017007013084366918,,2018-07-12,
ZJV0XJWJ,0,0,,,,0,0,0,1,0.0009753346093930304,,2019-01-23,
ZJV0XJWL,0,0,,,,0,0,0,1,0.0013121694792062044,,2018-08-29,
ZJV0XJWP,0,0,,,,0,0,0,1,0.1511908918619156,,2018-07-28,
ZJV0XJWT,0,0,,,,0,0,0,1,0.000975362432654947,,2018-07-12,
ZJV0XJYJ,0,0,,,,0,0,0,1,0.0009120156755670905,,2018-08-29,
ZJV0XLFT,0,0,,,,0,0,0,1,0.0010210775071755052,,2018-12-08,
ZJV0XVDR,0,0,,,,0,0,0,1,0.000804780051112175,,2018-10-29,
ZJV0XZ2Y,0,0,,,,0,0,0,1,0.0013120133662596345,,2018-12-05,
ZJV0XZ39,0,0,,,,0,0,0,1,0.0009758969536051154,,2018-07-28,
ZJV0XZ3V,0,0,,,,0,0,0,1,0.0013313465751707554,,2018-12-05,
ZJV0XZ4X,0,0,,,,0,0,0,1,0.10356787592172623,,2018-10-29,
ZJV0XZ4Y,0,0,,,,0,0,0,1,0.0013592744944617152,,2018-07-28,
ZJV0XZ6Z,0,0,,,,0,0,0,1,0.000980415497906506,,2018-07-28,
ZJV0XZ7C,0,0,,,,0,0,0,1,0.017651770263910294,,2018-12-05,
ZJV0XZ7L,0,0,,,,0,0,0,1,0.0009981379844248295,,2018-07-28,
ZJV0XZ98,0,0,,,,0,0,0,1,0.0015737870708107948,,2018-07-21,
ZJV0XZ9Q,0,0,,,,0,0,0,1,0.0010762192541733384,,2018-07-21,
ZJV0XZA3,0,0,,,,0,0,0,1,0.0009440864087082446,,2018-08-29,
ZJV0XZAM,0,0,,,,0,0,0,1,0.000985342892818153,,2018-07-28,
ZJV0XZB3,0,0,,,,0,0,0,1,0.0009274031035602093,,2018-12-05,
ZJV0XZB7,0,0,,,,0,0,0,1,0.0017079699318856,,2018-07-21,
ZJV0Y315,0,0,,,,0,0,0,1,0.0011698355665430427,,2018-12-08,
ZJV0Y5AK,0,0,,,,0,0,0,1,0.000947185733821243,,2018-08-29,
ZJV0Y5NQ,0,0,,,,0,0,0,1,0.0010306858457624912,,2018-08-29,
ZJV0Y5P6,0,0,,,,0,0,0,1,0.0012046191841363907,,2018-12-05,
ZJV0Y5PN,0,0,,,,0,0,0,1,0.0013471684651449323,,2018-07-21,
ZJV0Y5PR,1,1,2019-08-02,2020-11-20,476.0,1,0,0,0,0.4178207814693451,0.390644371509552,2018-12-05,240.0
ZJV0Y5PS,0,0,,,,0,0,0,1,0.0009636938339099288,,2018-12-05,
ZJV0Y5Q4,0,0,,,,0,0,0,1,0.0011638202704489231,,2018-12-05,
ZJV0Y5R4,0,0,,,,0,0,0,1,0.001107167568989098,,2018-12-05,
ZJV0Y5RG,0,0,,,,0,0,0,1,0.0017701649339869618,,2018-12-05,
ZJV0Y5RL,0,0,,,,0,0,0,1,0.0016711615025997162,,2018-12-05,
ZJV0Y5RP,0,0,,,,0,0,0,1,0.0015572808915749192,,2018-12-05,
ZJV0Y5SG,0,0,,,,0,0,0,1,0.001160849118605256,,2018-08-29,
ZJV0Y5Z0,0,0,,,,0,0,0,1,0.0009075799607671797,,2018-12-05,
ZJV0Y5Z9,0,0,,,,0,0,0,1,0.0019462188938632607,,2018-12-05,
ZJV0Z3H0,1,0,,2019-06-07,,0,0,1,0,0.0009827669709920883,,2018-07-12,
ZJV0Z5Z4,0,0,,,,0,0,0,1,0.0008141312282532454,,2018-10-29,
ZJV0Z73A,0,0,,,,0,0,0,1,0.0009237886988557875,,2018-12-05,
ZJV0ZL08,0,0,,,,0,0,0,1,0.0008910613250918686,,2018-08-29,
ZJV0ZMM2,0,0,,,,0,0,0,1,0.0033797621726989746,,2018-07-12,
ZJV0ZNQ4,0,0,,,,0,0,0,1,0.0015358442906290293,,2018-07-21,
ZJV0ZXGM,1,0,,2019-09-03,,0,0,1,0,0.29114872217178345,,2018-07-12,
ZJV10985,0,0,,,,0,0,0,1,0.0009830582421272993,,2018-12-05,
ZJV109C9,0,0,,,,0,0,0,1,0.0017651224043220282,,2018-07-12,
ZJV10G6Z,0,0,,,,0,0,0,1,0.0009633891168050468,,2018-07-12,
ZJV10HYY,0,0,,,,0,0,0,1,0.0013675783993676305,,2018-07-12,
ZJV10J1H,0,0,,,,0,0,0,1,0.0021583663765341043,,2018-07-12,
ZJV10J2R,0,0,,,,0,0,0,1,0.0008925654110498726,,2018-07-12,
ZJV10J36,0,0,,,,0,0,0,1,0.0016744796885177493,,2018-07-21,
ZJV10J40,0,0,,,,0,0,0,1,0.0009402703144587576,,2018-08-29,
ZJV10J50,0,0,,,,0,0,0,1,0.001006765873171389,,2018-08-29,
ZJV10J55,0,0,,,,0,0,0,1,0.0019313553348183632,,2018-07-21,
ZJV10J5L,0,0,,,,0,0,0,1,0.0015109601663425565,,2018-07-12,
ZJV10J65,1,0,,2019-11-04,,0,0,1,0,0.0017476683715358377,,2018-07-21,
ZJV10J7G,0,0,,,,0,0,0,1,0.0008587577030993998,,2018-10-29,
ZJV10J7N,0,0,,,,0,0,0,1,0.00140706158708781,,2018-07-21,
ZJV10J8F,0,0,,,,0,0,0,1,0.0009396953391842544,,2018-07-12,
ZJV10J8P,0,0,,,,0,0,0,1,0.0010191356996074319,,2018-07-12,
ZJV10J98,0,0,,,,0,0,0,1,0.0010398814920336008,,2018-07-12,
ZJV10J9C,0,0,,,,0,0,0,1,0.0008808831335045397,,2018-10-29,
ZJV10J9V,0,0,,,,0,0,0,1,0.0009106866782531142,,2018-08-29,
ZJV10JA1,0,0,,,,0,0,0,1,0.0011948171304538846,,2018-07-12,
ZJV10JAV,0,0,,,,0,0,0,1,0.0008670270326547325,,2018-07-12,
ZJV10JB6,0,0,,,,0,0,0,1,0.0020248994696885347,,2018-07-21,
ZJV10JBN,0,0,,,,0,0,0,1,0.0010847104713320732,,2018-08-29,
ZJV10JCD,0,0,,,,0,0,0,1,0.0008642252068966627,,2018-07-12,
ZJV10JCX,0,0,,,,0,0,0,1,0.0010005163494497538,,2018-07-12,
ZJV10K0X,0,0,,,,0,0,0,1,0.0008406550041399896,,2018-10-29,
ZJV10R8N,0,0,,,,0,0,0,1,0.0009484893525950611,,2018-07-12,
ZJV10SQP,0,0,,,,0,0,0,1,0.0012512773973867297,,2018-07-12,
ZJV10VVR,0,0,,,,0,0,0,1,0.0010511151049286127,,2018-12-05,
ZJV10VVV,0,0,,,,0,0,0,1,0.0023046110291033983,,2018-07-21,
ZJV10VVW,0,0,,,,0,0,0,1,0.001670399564318359,,2018-07-12,
ZJV10VX5,0,0,,,,0,0,0,1,0.0008820208022370934,,2018-08-29,
ZJV10VYE,0,0,,,,0,0,0,1,0.0013195585925132036,,2018-07-21,
ZJV110J2,0,0,,,,0,0,0,1,0.0021824578288942575,,2019-06-01,
ZJV113PX,0,0,,,,0,0,0,1,0.0011478201486170292,,2018-07-12,
ZJV114GD,0,0,,,,0,0,0,1,0.0009141197078861296,,2018-12-05,
ZJV114SK,0,0,,,,0,0,0,1,0.0015804101713001728,,2018-07-12,
ZJV1152K,0,0,,,,0,0,0,1,0.0016585449920967221,,2018-07-12,
ZJV117ZK,1,0,,2019-08-11,,0,0,1,0,0.0018253216985613108,,2019-05-27,
ZJV11A9W,0,0,,,,0,0,0,1,0.0012394854566082358,,2018-12-05,
ZJV11GL2,0,0,,,,0,0,0,1,0.0008340163039974868,,2018-10-29,
ZJV11GZ3,0,0,,,,0,0,0,1,0.0009837999241426587,,2018-10-29,
ZJV11HCC,0,0,,,,0,0,0,1,0.0015283100074157119,,2018-07-21,
ZJV11HCK,0,0,,,,0,0,0,1,0.0008966919267550111,,2018-07-12,
ZJV11HDC,0,0,,,,0,0,0,1,0.0009297994547523558,,2018-07-12,
ZJV11LJH,0,0,,,,0,0,0,1,0.0016654824139550328,,2019-11-23,
ZJV121FP,0,0,,,,0,0,0,1,0.0013145612319931388,,2018-07-12,
ZJV121LQ,0,0,,,,0,0,0,1,0.000886862282641232,,2018-12-05,
ZJV121M7,0,0,,,,0,0,0,1,0.0013321209698915482,,2018-07-12,
ZJV121ML,0,0,,,,0,0,0,1,0.0018504029139876366,,2018-07-12,
ZJV121MY,0,0,,,,0,0,0,1,0.0009861256694421172,,2018-07-12,
ZJV121N3,0,0,,,,0,0,0,1,0.0017358754994347692,,2018-07-12,
ZJV121Q0,0,0,,,,0,0,0,1,0.0012880917638540268,,2018-07-12,
ZJV121Q5,0,0,,,,0,0,0,1,0.0009365018340758979,,2018-07-12,
ZJV121QK,0,0,,,,0,0,0,1,0.001666686381213367,,2018-07-21,
ZJV121QN,1,0,,2021-02-15,,0,0,1,0,0.0015539467567577958,,2018-07-12,
ZJV121R1,0,0,,,,0,0,0,1,0.0019296756945550442,,2018-07-12,
ZJV121S8,0,0,,,,0,0,0,1,0.0009692892199382186,,2018-07-12,
ZJV121S9,0,0,,,,0,0,0,1,0.0016824915073812008,,2018-07-21,
ZJV121SB,0,0,,,,0,0,0,1,0.001877785543911159,,2018-07-12,
ZJV121SK,0,0,,,,0,0,0,1,0.0011103319702669978,,2018-07-12,
ZJV121SQ,0,0,,,,0,0,0,1,0.0014241705648601055,,2018-07-21,
ZJV121SX,0,0,,,,0,0,0,1,0.000916245102416724,,2018-08-29,
ZJV121TD,0,0,,,,0,0,0,1,0.001341252587735653,,2018-07-21,
ZJV121TV,0,0,,,,0,0,0,1,0.0008697066223248839,,2018-07-12,
ZJV121V8,0,0,,,,0,0,0,1,0.001041121082380414,,2018-08-29,
ZJV121V9,0,0,,,,0,0,0,1,0.000875768018886447,,2018-07-12,
ZJV121VB,0,0,,,,0,0,0,1,0.0016185343265533447,,2018-07-21,
ZJV121W2,1,0,,2018-11-26,,0,0,1,0,0.2114797830581665,,2018-07-12,
ZJV121WF,0,0,,,,0,0,0,1,0.001168600982055068,,2018-07-12,
ZJV121X3,0,0,,,,0,0,0,1,0.0014074810314923525,,2018-07-21,
ZJV121XM,0,0,,,,0,0,0,1,0.001273382338695228,,2018-07-12,
ZJV121XW,0,0,,,,0,0,0,1,0.0010656878584995866,,2018-07-21,
ZJV121YX,0,0,,,,0,0,0,1,0.001646577031351626,,2018-07-21,
ZJV121YZ,0,0,,,,0,0,0,1,0.0012679796200245619,,2018-07-21,
ZJV121ZC,0,0,,,,0,0,0,1,0.0009364951984025538,,2018-07-12,
ZJV121ZJ,0,0,,,,0,0,0,1,0.0018176801968365908,,2018-07-12,
ZJV12214,0,0,,,,0,0,0,1,0.0009392380015924573,,2018-07-12,
ZJV1221C,0,0,,,,0,0,0,1,0.0012001118157058954,,2018-07-12,
ZJV1221W,0,0,,,,0,0,0,1,0.0011094934307038784,,2018-07-21,
ZJV1223E,0,0,,,,0,0,0,1,0.0010067903203889728,,2018-08-29,
ZJV12BK8,0,0,,,,0,0,0,1,0.0008847672725096345,,2019-01-23,
ZJV12DH1,0,0,,,,0,0,0,1,0.0007719678687863052,,2018-10-29,
ZJV12DLZ,0,0,,,,0,0,0,1,0.004284617956727743,,2018-07-12,
ZJV12HAJ,0,0,,,,0,0,0,1,0.002455660607665777,,2018-12-08,
ZJV12JG5,0,0,,,,0,0,0,1,0.0012552107218652964,,2018-07-12,
ZJV12QG3,0,0,,,,0,0,0,1,0.0008813348831608891,,2018-07-12,
ZJV12QQV,0,0,,,,0,0,0,1,0.0010517981136217713,,2018-10-29,
ZJV12QV8,0,0,,,,0,0,0,1,0.0011625156039372087,,2018-07-12,
ZJV12R62,1,1,2019-04-21,2019-08-07,108.0,1,0,0,0,0.427238792181015,0.32451891899108887,2018-07-12,283.0
ZJV12R9D,0,0,,,,0,0,0,1,0.0008755518938414752,,2018-12-05,
ZJV12YTC,0,0,,,,0,0,0,1,0.0011554770171642303,,2018-12-05,
ZJV12Z3Q,0,0,,,,0,0,0,1,0.0011389213614165783,,2018-10-29,
ZJV1301Q,0,0,,,,0,0,0,1,0.0010039509506896138,,2018-12-08,
ZJV132CA,0,0,,,,0,0,0,1,0.0019518343033269048,,2018-07-12,
ZJV13353,0,0,,,,0,0,0,1,0.0011964661534875631,,2018-12-05,
ZJV1339S,0,0,,,,0,0,0,1,0.0010379885789006948,,2018-12-05,
ZJV1373P,0,0,,,,0,0,0,1,0.0015264186076819897,,2018-07-12,
ZJV1374P,0,1,2020-03-12,,,0,1,0,0,0.4721258878707886,0.36090564727783203,2018-12-05,463.0
ZJV13760,0,0,,,,0,0,0,1,0.001524338498711586,,2018-12-05,
ZJV137DD,0,0,,,,0,0,0,1,0.0008962307474575937,,2018-10-29,
ZJV137XC,0,0,,,,0,0,0,1,0.0014488965971395373,,2018-07-12,
ZJV137XF,0,0,,,,0,0,0,1,0.0009098935406655073,,2018-07-12,
ZJV1407Z,0,0,,,,0,0,0,1,0.002972482005134225,,2019-08-20,
ZJV14ASC,0,0,,,,0,0,0,1,0.0008841449744068086,,2018-12-08,
ZJV14XA0,0,0,,,,0,0,0,1,0.001548760337755084,,2020-08-05,
ZJV15A73,0,0,,,,0,0,0,1,0.000933157280087471,,2018-12-08,
ZJV15NSV,0,0,,,,0,0,0,1,0.0016542650992050767,,2019-12-21,
ZJV16778,0,0,,,,0,0,0,1,0.0008229056256823242,,2018-10-29,
ZJV16DX5,0,0,,,,0,0,0,1,0.0041522192768752575,,2019-09-22,
ZJV16JXZ,0,0,,,,0,0,0,1,0.000798313703853637,,2018-12-08,
ZJV172CZ,0,0,,,,0,0,0,1,0.036233142018318176,,2019-11-24,
ZJV17HGJ,0,0,,,,0,0,0,1,0.0008844638941809535,,2019-01-23,
ZJV19EWJ,1,1,2019-07-15,2019-07-19,4.0,1,0,0,0,0.35342681407928467,0.35342681407928467,2018-12-08,219.0
ZJV19Q8F,1,0,,2024-12-21,,0,0,1,0,0.15724587440490723,,2019-09-22,
ZJV19R5W,0,0,,,,0,0,0,1,0.0009029515786096454,,2018-12-08,
ZJV19SMN,0,0,,,,0,0,0,1,0.000985999358817935,,2018-12-08,
ZJV1ACNL,1,0,,2021-07-18,,0,0,1,0,0.0025495453737676144,,2019-12-17,
ZJV1AJCD,0,0,,,,0,0,0,1,0.0009765457361936569,,2018-12-08,
ZJV1AMWV,0,0,,,,0,0,0,1,0.0009055358823388815,,2019-01-23,
ZJV1AXE5,0,0,,,,0,0,0,1,0.0007579842931590974,,2018-12-08,
ZJV1AYWT,0,0,,,,0,0,0,1,0.000915948417969048,,2018-12-05,
ZJV1B08H,0,0,,,,0,0,0,1,0.0025704791769385338,,2018-12-08,
ZJV1B0CB,0,0,,,,0,0,0,1,0.0008629016811028123,,2019-01-23,
ZJV1B3WX,0,0,,,,0,0,0,1,0.0009679165086708963,,2018-12-08,
ZJV1B7A1,0,1,2021-01-19,,,0,1,0,0,0.4175140857696533,0.3277760148048401,2018-12-08,773.0
ZJV1BF82,0,0,,,,0,0,0,1,0.0009692924213595688,,2018-12-08,
ZJV1C2LC,0,0,,,,0,0,0,1,0.001291909022256732,,2018-12-08,
ZJV1C3M1,0,0,,,,0,0,0,1,0.000888876907993108,,2018-12-08,
ZJV1C46B,0,0,,,,0,0,0,1,0.0008958614780567586,,2018-08-29,
ZJV1C46V,0,0,,,,0,0,0,1,0.0008631138480268419,,2019-01-23,
ZJV1C485,0,0,,,,0,0,0,1,0.0012977088335901499,,2018-07-21,
ZJV1C490,0,0,,,,0,0,0,1,0.0009710208396427333,,2018-12-08,
ZJV1C49L,0,0,,,,0,0,0,1,0.0008137576514855027,,2018-10-29,
ZJV1C49Z,0,0,,,,0,0,0,1,0.0009255404584109783,,2019-01-23,
ZJV1C4A3,0,0,,,,0,0,0,1,0.0016455684090033174,,2018-07-21,
ZJV1C4AE,0,0,,,,0,0,0,1,0.0017453572945669293,,2018-07-21,
ZJV1C4AJ,0,0,,,,0,0,0,1,0.0009805873269215226,,2019-01-23,
ZJV1C4AP,0,0,,,,0,0,0,1,0.0008682613843120635,,2019-01-23,
ZJV1C4BV,0,0,,,,0,0,0,1,0.0008818241767585278,,2018-08-29,
ZJV1C4BW,0,0,,,,0,0,0,1,0.0009642742807045579,,2018-08-29,
ZJV1C4C0,0,0,,,,0,0,0,1,0.0008161207661032677,,2018-10-29,
ZJV1C4CZ,0,0,,,,0,0,0,1,0.0012722802348434925,,2018-12-05,
ZJV1C4D1,0,0,,,,0,0,0,1,0.0009900385048240423,,2018-12-08,
ZJV1C4E5,0,0,,,,0,0,0,1,0.0008717833552509546,,2018-12-08,
ZJV1C4E8,0,0,,,,0,0,0,1,0.0009807724272832274,,2018-08-29,
ZJV1C4FZ,0,0,,,,0,0,0,1,0.00084254628745839,,2018-12-05,
ZJV1C4G7,0,0,,,,0,0,0,1,0.0008781783981248736,,2019-01-23,
ZJV1C4GF,1,0,,2019-12-08,,0,0,1,0,0.19389712810516357,,2018-12-08,
ZJV1C4GG,0,0,,,,0,0,0,1,0.001066901721060276,,2018-12-08,
ZJV1C9PB,0,0,,,,0,0,0,1,0.0009730648016557097,,2019-01-23,
ZJV1C9Z2,0,0,,,,0,0,0,1,0.00125174003187567,,2018-12-08,
ZJV1CG0N,0,0,,,,0,0,0,1,0.0008698864839971066,,2019-01-23,
ZJV1CG21,0,0,,,,0,0,0,1,0.0008789967396296561,,2019-01-23,
ZJV1CG2A,0,0,,,,0,0,0,1,0.0009090975509025156,,2018-12-05,
ZJV1CG2T,0,0,,,,0,0,0,1,0.0008652250398881733,,2018-12-08,
ZJV1CG35,0,0,,,,0,0,0,1,0.0009878601413220167,,2018-12-08,
ZJV1CG38,0,0,,,,0,0,0,1,0.0008300213376060128,,2018-12-08,
ZJV1CG39,0,0,,,,0,0,0,1,0.06392747163772583,,2018-12-08,
ZJV1CG3W,0,0,,,,0,0,0,1,0.0025733269285410643,,2018-12-08,
ZJV1CG4W,0,0,,,,0,0,0,1,0.29520753026008606,,2018-12-08,
ZJV1CG72,0,0,,,,0,0,0,1,0.0012595808366313577,,2018-12-05,
ZJV1CG74,0,0,,,,0,0,0,1,0.002866883296519518,,2018-12-08,
ZJV1CG7G,0,0,,,,0,0,0,1,0.0009981684852391481,,2018-12-08,
ZJV1CG7S,0,0,,,,0,0,0,1,0.0008619849686510861,,2019-01-23,
ZJV1CG7Y,0,0,,,,0,0,0,1,0.0009009629138745368,,2019-01-23,
ZJV1CG96,0,0,,,,0,0,0,1,0.0010381201282143593,,2018-12-08,
ZJV1CG9S,0,0,,,,0,0,0,1,0.001224905252456665,,2018-12-05,
ZJV1CGAG,0,0,,,,0,0,0,1,0.0009127301746048033,,2018-12-08,
ZJV1CGC3,0,0,,,,0,0,0,1,0.002746702404692769,,2018-12-08,
ZJV1CGCZ,0,0,,,,0,0,0,1,0.0009187059476971626,,2018-12-08,
ZJV1CGDA,0,0,,,,0,0,0,1,0.0009174214210361242,,2018-12-08,
ZJV1CGE9,0,0,,,,0,0,0,1,0.0009366856538690627,,2018-12-08,
ZJV1CGET,0,0,,,,0,0,0,1,0.0009695103508420289,,2018-12-08,
ZJV1CGEZ,0,0,,,,0,0,0,1,0.0010658680694177747,,2018-12-08,
ZJV1CGF0,0,0,,,,0,0,0,1,0.0010496600298210979,,2018-12-08,
ZJV1CGGH,0,0,,,,0,0,0,1,0.0009660255745984614,,2018-12-08,
ZJV1CGGW,0,0,,,,0,0,0,1,0.0008577817352488637,,2018-12-08,
ZJV1CGH1,0,0,,,,0,0,0,1,0.0009200467029586434,,2018-12-08,
ZJV1CGJ4,0,0,,,,0,0,0,1,0.0008835768676362932,,2019-01-23,
ZJV1CGJS,0,0,,,,0,0,0,1,0.0008589091594330966,,2018-12-08,
ZJV1CGKL,0,0,,,,0,0,0,1,0.0010034937877207994,,2019-01-23,
ZJV1CGM6,0,0,,,,0,0,0,1,0.0008629555813968182,,2019-01-23,
ZJV1CGM8,0,0,,,,0,0,0,1,0.0009408166515640914,,2018-12-08,
ZJV1CGP0,0,0,,,,0,0,0,1,0.00120977230835706,,2018-12-05,
ZJV1CGR0,0,0,,,,0,0,0,1,0.0010617286898195744,,2018-12-08,
ZJV1CGR1,0,0,,,,0,0,0,1,0.0010378125589340925,,2018-12-08,
ZJV1CGR2,0,0,,,,0,0,0,1,0.0008724689250811934,,2019-01-23,
ZJV1CGS9,0,0,,,,0,0,0,1,0.00100176059640944,,2019-01-23,
ZJV1CGSB,0,0,,,,0,0,0,1,0.0009449791978113353,,2018-12-08,
ZJV1CGSQ,0,0,,,,0,0,0,1,0.0009329502354376018,,2018-12-08,
ZJV1CGTD,0,0,,,,0,0,0,1,0.0009237222257070243,,2018-12-08,
ZJV1CGV7,0,0,,,,0,0,0,1,0.0009270227747038007,,2019-01-23,
ZJV1CGV8,0,0,,,,0,0,0,1,0.0009721029200591147,,2019-01-23,
ZJV1CGVG,0,0,,,,0,0,0,1,0.0008836922352202237,,2019-01-23,
ZJV1CGWC,0,0,,,,0,0,0,1,0.0009324586717411876,,2018-12-08,
ZJV1CGYY,0,0,,,,0,0,0,1,0.0008754035225138068,,2019-01-23,
ZJV1CGZV,0,0,,,,0,0,0,1,0.0008689951500855386,,2019-01-23,
ZJV1CH2G,0,0,,,,0,0,0,1,0.001029575360007584,,2019-01-23,
ZJV1CH2K,0,0,,,,0,0,0,1,0.0009321016259491444,,2018-12-08,
ZJV1CJ1P,0,0,,,,0,0,0,1,0.000879567232914269,,2018-12-08,
ZJV1CS20,0,0,,,,0,0,0,1,0.0009521718602627516,,2018-12-08,
ZJV1CS2N,0,0,,,,0,0,0,1,0.0008706926018930972,,2018-12-08,
ZJV1CS2W,0,0,,,,0,0,0,1,0.0011058315867558122,,2018-08-29,
ZJV1CS37,0,0,,,,0,0,0,1,0.0009784549474716187,,2018-12-08,
ZJV1CS3D,0,0,,,,0,0,0,1,0.022632015869021416,,2018-07-21,
ZJV1CS3M,0,0,,,,0,0,0,1,0.0008731675334274769,,2019-01-23,
ZJV1CS5A,0,0,,,,0,0,0,1,0.001071464386768639,,2018-08-29,
ZJV1CS5E,0,0,,,,0,0,0,1,0.0009939133888110518,,2018-12-08,
ZJV1CS5V,0,0,,,,0,0,0,1,0.0008579321438446641,,2018-12-08,
ZJV1CS6G,0,0,,,,0,0,0,1,0.0008944749715737998,,2018-12-08,
ZJV1CS6R,0,0,,,,0,0,0,1,0.0008969546761363745,,2018-12-08,
ZJV1CS7B,0,0,,,,0,0,0,1,0.01992255449295044,,2018-12-08,
ZJV1CS7F,0,0,,,,0,0,0,1,0.0008809452992863953,,2018-12-08,
ZJV1CS89,0,0,,,,0,0,0,1,0.0008941383566707373,,2018-12-08,
ZJV1CS8P,0,0,,,,0,0,0,1,0.001946429256349802,,2018-07-21,
ZJV1CS8Q,0,0,,,,0,0,0,1,0.001202555955387652,,2018-12-05,
ZJV1CS8R,0,0,,,,0,0,0,1,0.0009116282453760505,,2018-12-08,
ZJV1CS8X,0,0,,,,0,0,0,1,0.0010697600664570928,,2018-12-08,
ZJV1CS95,0,0,,,,0,0,0,1,0.0009738471126183867,,2019-01-23,
ZJV1CS96,0,0,,,,0,0,0,1,0.0011454533087089658,,2018-08-29,
ZJV1CS9Y,0,0,,,,0,0,0,1,0.001180043793283403,,2018-07-21,
ZJV1CSA3,0,0,,,,0,0,0,1,0.0020910892635583878,,2018-12-05,
ZJV1CSBB,0,0,,,,0,0,0,1,0.000915338983759284,,2018-12-08,
ZJV1CSBX,0,0,,,,0,0,0,1,0.0010340632870793343,,2018-12-08,
ZJV1CSCC,0,0,,,,0,0,0,1,0.00092786003369838,,2018-12-08,
ZJV1CSCD,0,0,,,,0,0,0,1,0.001696800347417593,,2018-07-21,
ZJV1CSD0,0,0,,,,0,0,0,1,0.0009367182501591742,,2019-01-23,
ZJV1CSE2,0,0,,,,0,0,0,1,0.0008907209848985076,,2019-01-23,
ZJV1CSEP,0,0,,,,0,0,0,1,0.0008936848025768995,,2018-08-29,
ZJV1CSER,0,0,,,,0,0,0,1,0.2802789509296417,,2018-08-29,
ZJV1CSFN,0,0,,,,0,0,0,1,0.0012345180148258805,,2018-07-21,
ZJV1CSFQ,0,0,,,,0,0,0,1,0.0008746343082748353,,2019-01-23,
ZJV1CSGX,0,0,,,,0,0,0,1,0.0008909679017961025,,2018-12-08,
ZJV1CSH8,0,0,,,,0,0,0,1,0.0014287761878222227,,2018-10-29,
ZJV1CSHD,0,0,,,,0,0,0,1,0.0007908993284218013,,2019-01-23,
ZJV1CSJ9,0,0,,,,0,0,0,1,0.0010723419254645705,,2018-12-08,
ZJV1CSKD,0,0,,,,0,0,0,1,0.001190895913168788,,2018-12-08,
ZJV1CSKF,0,0,,,,0,0,0,1,0.0011816791957244277,,2018-12-08,
ZJV1CSKH,0,0,,,,0,0,0,1,0.000995632610283792,,2018-08-29,
ZJV1CSL0,0,0,,,,0,0,0,1,0.0009615083108656108,,2018-12-08,
ZJV1CSLJ,0,0,,,,0,0,0,1,0.0009885817999020219,,2018-12-08,
ZJV1CSLY,0,0,,,,0,0,0,1,0.0010940200882032514,,2018-12-08,
ZJV1CSME,0,0,,,,0,0,0,1,0.0008843100513331592,,2018-12-08,
ZJV1CSMS,0,0,,,,0,0,0,1,0.0010547362035140395,,2018-08-29,
ZJV1CSND,0,0,,,,0,0,0,1,0.001033476204611361,,2018-08-29,
ZJV1CSP4,0,0,,,,0,0,0,1,0.0008463652920909226,,2018-10-29,
ZJV1CSQE,0,0,,,,0,0,0,1,0.0024324615951627493,,2018-12-08,
ZJV1CSR2,0,0,,,,0,0,0,1,0.0008490041363984346,,2018-12-08,
ZJV1CSS6,0,0,,,,0,0,0,1,0.0008688875241205096,,2019-01-23,
ZJV1CSS7,0,0,,,,0,0,0,1,0.0011668279767036438,,2018-12-08,
ZJV1CSSD,0,0,,,,0,0,0,1,0.0011932679917663336,,2018-12-08,
ZJV1CSSW,0,0,,,,0,0,0,1,0.0009949745144695044,,2018-12-08,
ZJV1CSSX,0,0,,,,0,0,0,1,0.0010287611512467265,,2018-08-29,
ZJV1CSTC,0,0,,,,0,0,0,1,0.0009399434202350676,,2018-12-08,
ZJV1CSTV,0,0,,,,0,0,0,1,0.0009667598642408848,,2018-12-08,
ZJV1CSWA,0,0,,,,0,0,0,1,0.0016102308873087168,,2018-07-21,
ZJV1CSWZ,0,0,,,,0,0,0,1,0.0008824062533676624,,2018-12-08,
ZJV1CSXC,0,0,,,,0,0,0,1,0.0009901272132992744,,2018-12-08,
ZJV1CSYT,0,0,,,,0,0,0,1,0.0008707643137313426,,2018-12-05,
ZJV1CSZ1,0,0,,,,0,0,0,1,0.002680129138752818,,2018-12-08,
ZJV1CSZ4,0,0,,,,0,0,0,1,0.0008755218586884439,,2018-12-08,
ZJV1CSZD,0,0,,,,0,0,0,1,0.0008592369849793613,,2018-12-08,
ZJV1CSZE,0,0,,,,0,0,0,1,0.000841593137010932,,2018-12-08,
ZJV1CT21,0,0,,,,0,0,0,1,0.0008813877939246595,,2018-12-08,
ZJV1CTQY,0,0,,,,0,0,0,1,0.000851686461828649,,2018-08-29,
ZJV1CZ0N,0,0,,,,0,0,0,1,0.0013734701788052917,,2019-11-11,
ZJV1DB5H,0,0,,,,0,0,0,1,0.0017502893460914493,,2020-02-28,
ZJV1EQCB,0,0,,,,0,0,0,1,0.00098460353910923,,2018-12-08,
ZJV1EW1J,0,0,,,,0,0,0,1,0.0010230380576103926,,2018-12-08,
ZJV1F1GD,0,0,,,,0,0,0,1,0.0009015180403366685,,2018-12-08,
ZJV1F1HT,0,0,,,,0,0,0,1,0.0008854458574205637,,2018-12-08,
ZJV1F1J3,0,0,,,,0,0,0,1,0.0013211205368861556,,2018-12-05,
ZJV1F1J8,0,0,,,,0,0,0,1,0.0008766049868427217,,2018-12-05,
ZJV1F8VZ,0,0,,,,0,0,0,1,0.000891584437340498,,2018-12-08,
ZJV1F8WK,0,0,,,,0,0,0,1,0.0012044258182868361,,2018-12-08,
ZJV1FTGB,0,0,,,,0,0,0,1,0.0010763504542410374,,2018-10-29,
ZJV1G0PB,0,0,,,,0,0,0,1,0.0009090114035643637,,2018-10-29,
ZJV1G3B6,0,0,,,,0,0,0,1,0.001070931670255959,,2018-10-29,
ZJV1G671,0,0,,,,0,0,0,1,0.0008471773471683264,,2018-12-08,
ZJV1GSY0,0,0,,,,0,0,0,1,0.0009040069999173284,,2018-10-29,
ZJV1H29J,0,0,,,,0,0,0,1,0.0009031175868585706,,2018-12-08,
ZJV1H4GY,0,0,,,,0,0,0,1,0.0007349915686063468,,2018-12-08,
ZJV1HA5E,0,0,,,,0,0,0,1,0.0010504103265702724,,2018-10-29,
ZJV1HAH2,0,0,,,,0,0,0,1,0.0010045847157016397,,2018-12-08,
ZJV1HANV,0,0,,,,0,0,0,1,0.0009329600143246353,,2018-12-08,
ZJV1HATD,0,0,,,,0,0,0,1,0.0008214147528633475,,2018-12-08,
ZJV1HFBV,0,0,,,,0,0,0,1,0.0008407082641497254,,2018-12-08,
ZJV1HK9X,0,0,,,,0,0,0,1,0.0011961323907598853,,2018-10-29,
ZJV1HMG9,0,0,,,,0,0,0,1,0.0008588236523792148,,2019-01-23,
ZJV1HMTT,0,0,,,,0,0,0,1,0.0011161759030073881,,2018-12-08,
ZJV1HNVC,0,0,,,,0,0,0,1,0.0008607095223851502,,2019-01-23,
ZJV1HPT8,0,0,,,,0,0,0,1,0.007755921222269535,,2018-12-08,
ZJV1HT00,0,0,,,,0,0,0,1,0.0007829563110135496,,2018-12-08,
ZJV1HYL7,0,0,,,,0,0,0,1,0.0007690320489928126,,2018-12-08,
ZJV1J218,0,0,,,,0,0,0,1,0.0008523858268745244,,2018-10-29,
ZJV1J83T,0,0,,,,0,0,0,1,0.0011230717645958066,,2018-10-29,
ZJV1J88A,0,0,,,,0,0,0,1,0.0011367216939106584,,2018-10-29,
ZJV1JJYB,0,0,,,,0,0,0,1,0.0008398599456995726,,2018-10-29,
ZJV1JQR8,0,0,,,,0,0,0,1,0.0009529990493319929,,2018-12-08,
ZJV1K3FD,0,0,,,,0,0,0,1,0.0011724422220140696,,2018-10-29,
ZJV1K3MD,0,0,,,,0,0,0,1,0.0007859336328692734,,2018-10-29,
ZJV1K4GB,0,0,,,,0,0,0,1,0.001236285432241857,,2018-10-29,
ZJV1K5CZ,0,0,,,,0,0,0,1,0.001068833633325994,,2018-12-08,
ZJV1K5DP,0,0,,,,0,0,0,1,0.0009350556647405028,,2018-10-29,
ZJV1KA4N,0,0,,,,0,0,0,1,0.0007756208069622517,,2018-12-08,
ZJV1KA6H,0,0,,,,0,0,0,1,0.000763799820560962,,2018-12-08,
ZJV1KABH,0,0,,,,0,0,0,1,0.0007727977936156094,,2018-12-08,
ZJV1KABP,0,0,,,,0,0,0,1,0.0007662573480047286,,2018-12-08,
ZJV1KAGS,0,0,,,,0,0,0,1,0.0007511856965720654,,2018-12-08,
ZJV1KAHA,0,0,,,,0,0,0,1,0.0007455595768988132,,2018-12-08,
ZJV1KAJB,0,0,,,,0,0,0,1,0.0007309280917979777,,2018-12-08,
ZJV1KAJK,0,0,,,,0,0,0,1,0.001108332653529942,,2018-10-29,
ZJV1KAJY,0,0,,,,0,0,0,1,0.0007756641716696322,,2018-12-08,
ZJV1KBVG,0,0,,,,0,0,0,1,0.0007762863533571362,,2018-12-08,
ZJV1KC5F,0,0,,,,0,0,0,1,0.0010995346819981933,,2018-12-08,
ZJV1KC6M,0,0,,,,0,0,0,1,0.0038066450506448746,,2019-05-27,
ZJV1KD87,0,0,,,,0,0,0,1,0.000994119793176651,,2018-12-08,
ZJV1KDC3,0,0,,,,0,0,0,1,0.0009146162192337215,,2018-12-08,
ZJV1KLRX,0,0,,,,0,0,0,1,0.0012031266232952476,,2018-10-29,
ZJV1KMEN,0,0,,,,0,0,0,1,0.0013177476357668638,,2018-10-29,
ZJV1KPD8,0,0,,,,0,0,0,1,0.0011280860053375363,,2018-10-29,
ZJV1KPSM,0,0,,,,0,0,0,1,0.0007987155113369226,,2018-10-29,
ZJV1KPZ4,0,0,,,,0,0,0,1,0.0007725820178166032,,2018-12-08,
ZJV1KY95,0,0,,,,0,0,0,1,0.0007691749488003552,,2018-12-08,
ZJV1KYJ9,1,1,2020-01-23,2020-01-30,7.0,1,0,0,0,0.4611882269382477,0.3960458040237427,2018-12-08,411.0
ZJV1KYPZ,0,0,,,,0,0,0,1,0.0009548222878947854,,2018-10-29,
ZJV1KYS4,0,0,,,,0,0,0,1,0.0009188783587887883,,2018-12-08,
ZJV1L5N1,1,0,,2019-03-01,,0,0,1,0,0.0010899110930040479,,2018-10-29,
ZJV1L8ZV,0,0,,,,0,0,0,1,0.0008819712093099952,,2018-10-29,
ZJV1LE42,0,0,,,,0,0,0,1,0.001431102748028934,,2019-08-05,
ZJV1LYNX,0,0,,,,0,0,0,1,0.0008418489596806467,,2018-10-29,
ZJV1LZ9V,0,0,,,,0,0,0,1,0.0008774769958108664,,2018-10-29,
ZJV1LZB6,0,0,,,,0,0,0,1,0.0007921487558633089,,2018-10-29,
ZJV1LZY2,0,0,,,,0,0,0,1,0.0017802667571231723,,2019-10-02,
ZJV1M1YR,0,0,,,,0,0,0,1,0.00118813116569072,,2018-10-29,
ZJV1M1ZL,0,0,,,,0,0,0,1,0.00108824810013175,,2018-10-29,
ZJV1THBK,0,0,,,,0,0,0,1,0.0008889455930329859,,2019-03-02,
ZJV1WEM2,0,0,,,,0,0,0,1,0.002657415810972452,,2019-07-09,
ZJV1XE1D,1,0,,2019-11-03,,0,0,1,0,0.0015181921189650893,,2019-10-31,
ZJV1YFFG,0,0,,,,0,0,0,1,0.0008694017888046801,,2019-03-02,
ZJV1YVZL,0,0,,,,0,0,0,1,0.0009373642387799919,,2018-12-19,
ZJV1ZKS0,0,0,,,,0,0,0,1,0.0008688357193022966,,2019-03-02,
ZJV1ZKW4,0,0,,,,0,0,0,1,0.0010331887751817703,,2019-03-02,
ZJV1ZL0X,0,0,,,,0,0,0,1,0.0017558609833940864,,2019-02-26,
ZJV1ZL5F,0,0,,,,0,0,0,1,0.001221507671289146,,2019-03-02,
ZJV1ZL6N,0,0,,,,0,0,0,1,0.000986895989626646,,2019-03-02,
ZJV1ZL7D,0,0,,,,0,0,0,1,0.0010108506539836526,,2018-12-19,
ZJV1ZL88,0,0,,,,0,0,0,1,0.0008371808798983693,,2018-12-21,
ZJV1ZL8W,0,0,,,,0,0,0,1,0.0008667524671182036,,2019-03-02,
ZJV1ZPGP,0,0,,,,0,0,0,1,0.002922822954133153,,2019-09-22,
ZJV1ZYPM,0,0,,,,0,0,0,1,0.0010131868766620755,,2018-12-19,
ZJV1ZZH2,0,0,,,,0,0,0,1,0.0010805509518831968,,2019-03-02,
ZJV1ZZKE,0,0,,,,0,0,0,1,0.0015346088912338018,,2019-02-13,
ZJV1ZZRZ,0,0,,,,0,0,0,1,0.0013624109560623765,,2019-03-02,
ZJV2004H,0,0,,,,0,0,0,1,0.0017005595145747066,,2019-02-15,
ZJV210PY,0,0,,,,0,0,0,1,0.0008731691632419825,,2019-03-02,
ZJV210Y2,0,0,,,,0,0,0,1,0.0008817039779387414,,2019-03-02,
ZJV2197C,0,0,,,,0,0,0,1,0.0007734154933132231,,2018-12-21,
ZJV228VZ,0,0,,,,0,0,0,1,0.0008742156787775457,,2019-03-02,
ZJV22FY9,0,0,,,,0,0,0,1,0.001525216968730092,,2019-03-02,
ZJV22RR0,0,0,,,,0,0,0,1,0.0010436270385980606,,2019-03-02,
ZJV23TYQ,0,0,,,,0,0,0,1,0.0008162071462720633,,2018-12-21,
ZJV24ZP2,0,0,,,,0,0,0,1,0.0031802745070308447,,2019-06-13,
ZJV25Q9V,0,0,,,,0,0,0,1,0.014982878230512142,,2019-08-14,
ZJV26MAD,0,0,,,,0,0,0,1,0.004118368960916996,,2019-04-23,
ZJV26RWA,0,0,,,,0,0,0,1,0.0035606492310762405,,2019-04-16,
ZJV26SRS,0,0,,,,0,0,0,1,0.0010146057466045022,,2018-12-19,
ZJV275WZ,0,0,,,,0,0,0,1,0.0017033385811373591,,2019-05-10,
ZJV2796W,0,0,,,,0,0,0,1,0.0015578340971842408,,2019-06-06,
ZJV27BZP,0,0,,,,0,0,0,1,0.0011273650452494621,,2018-12-19,
ZJV27N4E,0,0,,,,0,0,0,1,0.0014395486796274781,,2019-04-23,
ZJV28MPW,0,0,,,,0,0,0,1,0.02057100646197796,,2019-10-09,
ZJV28YXC,0,0,,,,0,0,0,1,0.0032086463179439306,,2019-04-24,
ZJV290HA,0,0,,,,0,0,0,1,0.0009483488975092769,,2018-12-19,
ZJV2AN3F,0,0,,,,0,0,0,1,0.005145192611962557,,2019-06-28,
ZJV2AS9A,0,0,,,,0,0,0,1,0.0010931631550192833,,2018-12-19,
ZJV2ATVT,0,0,,,,0,0,0,1,0.0009252980235032737,,2018-12-19,
ZJV2CJBS,0,0,,,,0,0,0,1,0.0012666236143559217,,2019-03-02,
ZJV2CR1A,0,0,,,,0,0,0,1,0.001746688736602664,,2018-12-19,
ZJV2DSNW,0,0,,,,0,0,0,1,0.0008184602484107018,,2018-12-21,
ZJV2DSPW,1,0,,2020-11-20,,0,0,1,0,0.018469329923391342,,2019-03-02,
ZJV2DSSC,0,0,,,,0,0,0,1,0.001020759460516274,,2018-12-19,
ZJV2DSVT,0,0,,,,0,0,0,1,0.0014662439934909344,,2018-12-21,
ZJV2DTC4,0,0,,,,0,0,0,1,0.0016328130150213838,,2019-04-24,
ZJV2DTR4,0,0,,,,0,0,0,1,0.0011260207975283265,,2019-03-02,
ZJV2DY96,0,0,,,,0,0,0,1,0.0018940911395475268,,2019-03-02,
ZJV2DY9T,0,0,,,,0,0,0,1,0.0009033284150063992,,2019-03-02,
ZJV2DY9Z,0,0,,,,0,0,0,1,0.0008081826381385326,,2018-12-21,
ZJV2DYDR,0,0,,,,0,0,0,1,0.0008681757026351988,,2021-11-13,
ZJV2DYK2,0,0,,,,0,0,0,1,0.0008333775913342834,,2018-12-21,
ZJV2DZ39,0,0,,,,0,0,0,1,0.0009778309613466263,,2018-12-19,
ZJV2DZ42,0,0,,,,0,0,0,1,0.0016781393205747008,,2020-01-17,
ZJV2DZ4V,0,0,,,,0,0,0,1,0.001044547650963068,,2019-03-02,
ZJV2DZ5W,0,0,,,,0,0,0,1,0.0009602517820894718,,2019-01-23,
ZJV2DZGC,0,0,,,,0,0,0,1,0.0007949107093736529,,2018-12-21,
ZJV2DZHE,0,0,,,,0,0,0,1,0.0015680716605857015,,2018-12-19,
ZJV2DZHH,0,0,,,,0,0,0,1,0.0008612210513092577,,2018-12-21,
ZJV2E0H0,0,0,,,,0,0,0,1,0.0009246969129890203,,2018-12-21,
ZJV2E0HL,0,0,,,,0,0,0,1,0.0007777331629768014,,2018-12-21,
ZJV2E0KH,0,0,,,,0,0,0,1,0.0011323116486892104,,2018-12-19,
ZJV2E0P8,0,0,,,,0,0,0,1,0.06284558027982712,,2018-12-19,
ZJV2E0PK,0,0,,,,0,0,0,1,0.000950484536588192,,2019-03-02,
ZJV2E0XV,0,0,,,,0,0,0,1,0.0008165980107150972,,2018-12-21,
ZJV2E0YK,0,0,,,,0,0,0,1,0.0008677183650434017,,2019-01-23,
ZJV2E10F,0,0,,,,0,0,0,1,0.0008676705183461308,,2019-01-23,
ZJV2E10S,0,0,,,,0,0,0,1,0.0011190855875611305,,2018-12-19,
ZJV2E11M,0,0,,,,0,0,0,1,0.0010126386769115925,,2018-12-21,
ZJV2E13N,0,0,,,,0,0,0,1,0.001179886399768293,,2018-12-19,
ZJV2E15F,0,0,,,,0,0,0,1,0.0010393838165327907,,2018-12-19,
ZJV2E15J,0,0,,,,0,0,0,1,0.0013356914278119802,,2019-03-02,
ZJV2E15L,0,0,,,,0,0,0,1,0.0008887532749213278,,2019-03-02,
ZJV2E15P,0,0,,,,0,0,0,1,0.0013379583833739161,,2018-12-21,
ZJV2E174,0,0,,,,0,0,0,1,0.0008808856946416199,,2019-03-02,
ZJV2E18H,0,0,,,,0,0,0,1,0.0008493103669025004,,2018-12-21,
ZJV2E199,0,0,,,,0,0,0,1,0.0010334536200389266,,2018-12-19,
ZJV2E1AS,0,0,,,,0,0,0,1,0.0010345297632738948,,2019-03-02,
ZJV2E1AT,0,0,,,,0,0,0,1,0.001407948904670775,,2018-12-19,
ZJV2E1CM,0,0,,,,0,0,0,1,0.0010389006929472089,,2019-03-02,
ZJV2E1JH,0,0,,,,0,0,0,1,0.0008700154139660299,,2019-01-23,
ZJV2E1JT,0,0,,,,0,0,0,1,0.001058946712873876,,2019-03-02,
ZJV2E1LF,0,0,,,,0,0,0,1,0.0009163913782685995,,2019-03-02,
ZJV2E1QR,0,0,,,,0,0,0,1,0.0007730791112408042,,2018-12-21,
ZJV2E1RF,0,0,,,,0,0,0,1,0.0007990564918145537,,2018-12-21,
ZJV2E3XY,0,0,,,,0,0,0,1,0.0015921670710667968,,2019-03-02,
ZJV2E41B,0,0,,,,0,0,0,1,0.0012262313393875957,,2018-12-19,
ZJV2E42K,0,0,,,,0,0,0,1,0.0011766343377530575,,2019-03-02,
ZJV2E44J,0,0,,,,0,0,0,1,0.0014593217056244612,,2018-12-19,
ZJV2E44M,0,0,,,,0,0,0,1,0.000948872126173228,,2019-01-23,
ZJV2E44Q,0,0,,,,0,0,0,1,0.0007852595299482346,,2018-12-21,
ZJV2E44W,0,0,,,,0,0,0,1,0.0007732589147053659,,2018-12-21,
ZJV2E456,0,0,,,,0,0,0,1,0.0008859597146511078,,2018-12-21,
ZJV2E464,0,0,,,,0,0,0,1,0.0010367699433118105,,2018-12-21,
ZJV2E467,0,0,,,,0,0,0,1,0.0008764730300754309,,2019-03-02,
ZJV2E4GP,0,0,,,,0,0,0,1,0.0009194669546559453,,2018-12-19,
ZJV2E4GS,1,1,2025-06-27,2025-11-10,136.0,1,0,0,0,0.36803895235061646,0.3539187014102936,2020-09-01,1760.0
ZJV2E4JJ,0,0,,,,0,0,0,1,0.2097005993127823,,2021-08-21,
ZJV2E4K6,0,0,,,,0,0,0,1,0.0009951461106538773,,2018-12-19,
ZJV2E4KS,0,0,,,,0,0,0,1,0.0011702480260282755,,2018-12-19,
ZJV2E4MM,0,0,,,,0,0,0,1,0.0008352884324267507,,2018-12-21,
ZJV2E4NE,0,0,,,,0,0,0,1,0.0009688381105661392,,2019-01-23,
ZJV2E526,0,0,,,,0,0,0,1,0.0009750736062414944,,2018-12-19,
ZJV2E5CB,0,0,,,,0,0,0,1,0.0009276951313950121,,2019-03-02,
ZJV2E5D7,0,0,,,,0,0,0,1,0.0016298347618430853,,2018-12-19,
ZJV2E5GX,0,0,,,,0,0,0,1,0.0008516625384800136,,2018-12-21,
ZJV2E5H3,0,0,,,,0,0,0,1,0.0011812307639047503,,2018-12-19,
ZJV2E5K8,0,0,,,,0,0,0,1,0.0009592834976501763,,2019-01-23,
ZJV2E5N4,0,0,,,,0,0,0,1,0.0010552251478657126,,2018-12-19,
ZJV2E5NR,0,0,,,,0,0,0,1,0.0009509701048955321,,2018-12-19,
ZJV2E5QK,0,0,,,,0,0,0,1,0.0010422932682558894,,2019-03-02,
ZJV2E61Y,0,0,,,,0,0,0,1,0.001584546291269362,,2018-12-19,
ZJV2E65W,0,0,,,,0,0,0,1,0.0008678192971274257,,2019-03-02,
ZJV2E66J,0,0,,,,0,0,0,1,0.0007977106142789125,,2018-12-21,
ZJV2E69T,0,0,,,,0,0,0,1,0.0010232053464278579,,2019-03-02,
ZJV2E6AP,0,0,,,,0,0,0,1,0.0014968556351959705,,2018-12-21,
ZJV2E6MP,0,0,,,,0,0,0,1,0.001045173266902566,,2019-03-02,
ZJV2E6V0,0,0,,,,0,0,0,1,0.000870120304170996,,2019-03-02,
ZJV2E78P,0,0,,,,0,0,0,1,0.0010805854108184576,,2019-03-02,
ZJV2E78Q,0,0,,,,0,0,0,1,0.0014451444149017334,,2019-01-29,
ZJV2E79K,0,0,,,,0,0,0,1,0.0009995030704885721,,2018-12-21,
ZJV2E79V,0,0,,,,0,0,0,1,0.0017575316596776247,,2018-12-21,
ZJV2E7AS,0,0,,,,0,0,0,1,0.0010275024687871337,,2018-12-19,
ZJV2E7GV,0,0,,,,0,0,0,1,0.0008725604857318103,,2019-01-23,
ZJV2E7L2,0,0,,,,0,0,0,1,0.0007917872862890363,,2018-12-21,
ZJV2E7MV,0,0,,,,0,0,0,1,0.0009927436476573348,,2019-01-23,
ZJV2E7N5,0,0,,,,0,0,0,1,0.0021568071097135544,,2019-10-14,
ZJV2E7RM,0,0,,,,0,0,0,1,0.0009598767501302063,,2019-01-23,
ZJV2E7T2,0,0,,,,0,0,0,1,0.006158811971545219,,2019-09-27,
ZJV2E7VH,0,0,,,,0,0,0,1,0.0008967200992628932,,2018-12-19,
ZJV2E7Z0,0,0,,,,0,0,0,1,0.001046995515935123,,2019-03-02,
ZJV2E7ZJ,0,0,,,,0,0,0,1,0.0011614508694037795,,2019-01-23,
ZJV2E81P,0,0,,,,0,0,0,1,0.000887265894562006,,2019-01-23,
ZJV2E83J,0,0,,,,0,0,0,1,0.0010610189056023955,,2019-01-23,
ZJV2E84H,0,0,,,,0,0,0,1,0.2137853354215622,,2018-12-19,
ZJV2E8AQ,0,0,,,,0,0,0,1,0.0009575169533491135,,2018-12-21,
ZJV2E8FZ,0,0,,,,0,0,0,1,0.0009495640406385064,,2018-12-21,
ZJV2E8LZ,0,1,2020-04-26,,,0,1,0,0,0.3835412263870239,0.3476528227329254,2019-03-02,421.0
ZJV2E8VH,0,0,,,,0,0,0,1,0.0008784474339336157,,2019-01-23,
ZJV2E8W7,0,0,,,,0,0,0,1,0.00119829794857651,,2019-03-02,
ZJV2E8WW,0,0,,,,0,0,0,1,0.0009410824277438223,,2019-01-23,
ZJV2E8XD,0,0,,,,0,0,0,1,0.0010031391866505146,,2019-01-23,
ZJV2E8YN,0,0,,,,0,0,0,1,0.0007903667283244431,,2018-12-21,
ZJV2E8Z1,0,0,,,,0,0,0,1,0.0009229787974618375,,2019-01-23,
ZJV2E904,0,0,,,,0,0,0,1,0.001056533888913691,,2018-12-21,
ZJV2E927,0,0,,,,0,0,0,1,0.0009033193346112967,,2019-01-23,
ZJV2E92G,0,0,,,,0,0,0,1,0.0010577508946880698,,2018-12-19,
ZJV2E92N,0,0,,,,0,0,0,1,0.0011081810807809234,,2019-03-02,
ZJV2E92P,0,0,,,,0,0,0,1,0.001124708098359406,,2018-12-19,
ZJV2E92W,0,0,,,,0,0,0,1,0.000989987631328404,,2018-12-19,
ZJV2E957,0,0,,,,0,0,0,1,0.0009445605683140457,,2018-12-19,
ZJV2E97B,0,0,,,,0,0,0,1,0.0007689433405175805,,2018-12-21,
ZJV2E98F,0,0,,,,0,0,0,1,0.0017691709799692035,,2018-12-21,
ZJV2E9E9,0,0,,,,0,0,0,1,0.0010013069259002805,,2018-12-19,
ZJV2E9HT,0,0,,,,0,0,0,1,0.0009886868065223098,,2018-12-19,
ZJV2E9L4,0,0,,,,0,0,0,1,0.0010274911765009165,,2018-12-19,
ZJV2E9NB,0,0,,,,0,0,0,1,0.0008509503095410764,,2018-12-21,
ZJV2E9NG,0,0,,,,0,0,0,1,0.001565285841934383,,2019-11-12,
ZJV2E9R7,0,0,,,,0,0,0,1,0.0009827197063714266,,2019-01-23,
ZJV2E9SH,0,0,,,,0,0,0,1,0.002306639216840267,,2018-12-19,
ZJV2E9SL,0,0,,,,0,0,0,1,0.001293337089009583,,2019-03-02,
ZJV2E9XQ,0,0,,,,0,0,0,1,0.0008089738548733294,,2018-12-21,
ZJV2E9Z8,0,0,,,,0,0,0,1,0.009484606795012951,,2019-01-23,
ZJV2EA0N,0,0,,,,0,0,0,1,0.0009591225534677505,,2018-12-19,
ZJV2EA1F,0,0,,,,0,0,0,1,0.0008701336337253451,,2019-03-02,
ZJV2EA1R,0,0,,,,0,0,0,1,0.0009827599860727787,,2018-12-19,
ZJV2EA2Y,0,0,,,,0,0,0,1,0.0010642634006217122,,2019-03-02,
ZJV2EA2Z,0,0,,,,0,0,0,1,0.0007628661696799099,,2018-12-21,
ZJV2EA30,0,0,,,,0,0,0,1,0.0008662628242745996,,2018-12-21,
ZJV2EA3Z,0,0,,,,0,0,0,1,0.0009161063935607672,,2018-12-19,
ZJV2EA76,0,0,,,,0,0,0,1,0.0014307063538581133,,2018-12-21,
ZJV2EA9B,0,0,,,,0,0,0,1,0.0011476660147309303,,2018-12-21,
ZJV2EAA6,0,0,,,,0,0,0,1,0.0028254245407879353,,2018-12-21,
ZJV2EAAR,0,0,,,,0,0,0,1,0.0007962404051795602,,2018-12-21,
ZJV2EAB8,0,0,,,,0,0,0,1,0.0011579202255234122,,2019-03-02,
ZJV2EABE,0,0,,,,0,0,0,1,0.001255191396921873,,2018-12-19,
ZJV2EAGG,0,0,,,,0,0,0,1,0.0014741008635610342,,2018-12-21,
ZJV2EAGK,0,0,,,,0,0,0,1,0.000938568904530257,,2019-10-15,
ZJV2EAJ8,0,0,,,,0,0,0,1,0.000898051424883306,,2019-03-02,
ZJV2EAJK,0,0,,,,0,0,0,1,0.0010031391866505146,,2019-01-23,
ZJV2EALR,0,0,,,,0,0,0,1,0.0009543606429360807,,2018-12-19,
ZJV2EAQZ,0,0,,,,0,0,0,1,0.0009578007739037275,,2018-12-21,
ZJV2EAT7,0,0,,,,0,0,0,1,0.025411508977413177,,2018-12-19,
ZJV2EATP,0,0,,,,0,0,0,1,0.0009220484062097967,,2019-03-02,
ZJV2EAVN,0,0,,,,0,0,0,1,0.0010134821059182286,,2019-01-23,
ZJV2EAYY,0,0,,,,0,0,0,1,0.0008759424090385437,,2019-03-02,
ZJV2EB0Y,0,0,,,,0,0,0,1,0.0014691036194562912,,2018-12-21,
ZJV2EB1W,0,0,,,,0,0,0,1,0.0009554600692354143,,2019-03-02,
ZJV2EB4D,1,0,,2019-02-08,,0,0,1,0,0.0010954577010124922,,2018-12-19,
ZJV2EB4Y,0,0,,,,0,0,0,1,0.0010222845012322068,,2018-12-21,
ZJV2EB55,0,0,,,,0,0,0,1,0.0009041563607752323,,2019-01-23,
ZJV2EB5M,0,0,,,,0,0,0,1,0.0007997325737960637,,2018-12-21,
ZJV2EB90,0,0,,,,0,0,0,1,0.0010098486673086882,,2019-01-23,
ZJV2EBDE,0,0,,,,0,0,0,1,0.0010719181736931205,,2019-01-23,
ZJV2EBGF,0,0,,,,0,0,0,1,0.001042214222252369,,2019-01-23,
ZJV2EBJY,0,0,,,,0,0,0,1,0.00098930683452636,,2019-01-23,
ZJV2EBRA,0,0,,,,0,0,0,1,0.001140190870501101,,2019-03-02,
ZJV2EBRZ,0,0,,,,0,0,0,1,0.0008233770495280623,,2018-12-21,
ZJV2EBTR,0,0,,,,0,0,0,1,0.0014066115254536271,,2018-12-19,
ZJV2EBW6,0,0,,,,0,0,0,1,0.0012012211373075843,,2018-12-19,
ZJV2ECBB,0,0,,,,0,0,0,1,0.0009811840718612075,,2018-12-19,
ZJV2ECCB,0,0,,,,0,0,0,1,0.0018820649711415172,,2021-08-03,
ZJV2ECFQ,0,0,,,,0,0,0,1,0.0009918215218931437,,2019-01-23,
ZJV2ECLK,0,0,,,,0,0,0,1,0.0008817968191578984,,2019-03-02,
ZJV2ECM7,0,0,,,,0,0,0,1,0.0008512710337527096,,2018-12-21,
ZJV2ECQC,1,0,,2019-04-01,,0,0,1,0,0.001245741848833859,,2018-12-21,
ZJV2ECQG,0,0,,,,0,0,0,1,0.0009515357087366283,,2018-12-19,
ZJV2ECQW,1,1,2019-07-13,2019-07-13,0.0,1,0,0,0,0.3541718125343323,0.3541718125343323,2019-03-02,133.0
ZJV2ED0A,0,0,,,,0,0,0,1,0.00096928357379511,,2018-12-21,
ZJV2ED0J,0,0,,,,0,0,0,1,0.001111276913434267,,2018-12-19,
ZJV2ED3D,0,0,,,,0,0,0,1,0.0008687443332746625,,2019-03-02,
ZJV2ED5W,0,0,,,,0,0,0,1,0.0011862879619002342,,2018-12-19,
ZJV2ED77,0,0,,,,0,0,0,1,0.0014483877457678318,,2018-12-21,
ZJV2EDB5,0,0,,,,0,0,0,1,0.000887338537722826,,2018-12-21,
ZJV2EDEK,0,0,,,,0,0,0,1,0.00088717375183478,,2019-03-02,
ZJV2EDTJ,0,0,,,,0,0,0,1,0.0009826307650655508,,2018-12-19,
ZJV2EDXT,0,0,,,,0,0,0,1,0.0008224493940360844,,2018-12-21,
ZJV2EE2Z,0,0,,,,0,0,0,1,0.0015272406162694097,,2018-12-21,
ZJV2EE7B,0,0,,,,0,0,0,1,0.0009711523307487369,,2018-12-19,
ZJV2EE9Z,0,0,,,,0,0,0,1,0.0017387301195412874,,2018-12-21,
ZJV2EEDG,0,0,,,,0,0,0,1,0.004009885713458061,,2019-10-15,
ZJV2EEEC,0,0,,,,0,0,0,1,0.000843080400954932,,2018-12-21,
ZJV2EEJ2,0,0,,,,0,0,0,1,0.0009393825312145054,,2018-12-19,
ZJV2EEJX,0,0,,,,0,0,0,1,0.0010286974720656872,,2019-01-23,
ZJV2EEKN,0,0,,,,0,0,0,1,0.0010269749909639359,,2018-12-19,
ZJV2EEL8,0,0,,,,0,0,0,1,0.0014715230790898204,,2018-12-19,
ZJV2EEN3,0,0,,,,0,0,0,1,0.001028191763907671,,2018-12-21,
ZJV2EENF,0,0,,,,0,0,0,1,0.0008985234308056533,,2019-03-02,
ZJV2EEP1,0,0,,,,0,0,0,1,0.0008355651516467333,,2018-12-21,
ZJV2EEQ8,0,0,,,,0,0,0,1,0.0014389613643288612,,2018-12-19,
ZJV2EEQT,0,0,,,,0,0,0,1,0.0010473915608599782,,2019-03-02,
ZJV2EER0,0,0,,,,0,0,0,1,0.0010697621619328856,,2018-12-19,
ZJV2EES1,0,0,,,,0,0,0,1,0.0020399740897119045,,2018-12-19,
ZJV2EETE,0,0,,,,0,0,0,1,0.0011128453770652413,,2018-12-19,
ZJV2EEY0,0,0,,,,0,0,0,1,0.0008778847404755652,,2019-03-02,
ZJV2EEYH,0,0,,,,0,0,0,1,0.0015505406772717834,,2020-05-15,
ZJV2EEZD,0,0,,,,0,0,0,1,0.0008789146086201072,,2019-01-23,
ZJV2EF24,0,0,,,,0,0,0,1,0.001406127936206758,,2018-12-21,
ZJV2EF2C,0,0,,,,0,0,0,1,0.0010491752764210105,,2019-03-02,
ZJV2EF3G,0,0,,,,0,0,0,1,0.001219370518811047,,2018-12-19,
ZJV2EF7D,0,0,,,,0,0,0,1,0.0010553442407399416,,2018-12-19,
ZJV2EF7Z,0,0,,,,0,0,0,1,0.0009022909798659384,,2019-01-23,
ZJV2EFBY,0,0,,,,0,0,0,1,0.0009416568209417164,,2019-01-23,
ZJV2EFC9,0,0,,,,0,0,0,1,0.0007689052727073431,,2018-12-21,
ZJV2EFCK,0,0,,,,0,0,0,1,0.000975224538706243,,2018-12-19,
ZJV2EFDQ,0,0,,,,0,0,0,1,0.0008827661513350904,,2019-03-02,
ZJV2EFEP,0,0,,,,0,0,0,1,0.027415458112955093,,2021-11-10,
ZJV2EFGD,0,0,,,,0,0,0,1,0.0012537080328911543,,2018-12-19,
ZJV2EFJT,0,0,,,,0,0,0,1,0.0021521286107599735,,2018-12-21,
ZJV2EFLB,0,0,,,,0,0,0,1,0.0009940157178789377,,2018-12-21,
ZJV2EFLS,0,0,,,,0,0,0,1,0.0009584091021679342,,2018-12-19,
ZJV2EFQG,0,0,,,,0,0,0,1,0.0009159501641988754,,2019-03-02,
ZJV2EFQM,0,0,,,,0,0,0,1,0.0008675348944962025,,2019-01-23,
ZJV2EFVL,0,0,,,,0,0,0,1,0.0009506815113127232,,2018-12-21,
ZJV2EFX7,1,0,,2021-02-05,,0,0,1,0,0.08145598322153091,,2019-04-05,
ZJV2EFXM,0,0,,,,0,0,0,1,0.0007812585099600255,,2018-12-21,
ZJV2EFZC,0,0,,,,0,0,0,1,0.0008090687333606184,,2018-12-21,
ZJV2EG72,0,0,,,,0,0,0,1,0.0018498508725315332,,2018-12-21,
ZJV2EG8D,0,0,,,,0,0,0,1,0.0009603995713405311,,2018-12-19,
ZJV2EGDK,0,0,,,,0,0,0,1,0.0008687194203957915,,2019-03-02,
ZJV2EGDN,0,0,,,,0,0,0,1,0.0008735395967960358,,2019-03-02,
ZJV2EGFP,0,0,,,,0,0,0,1,0.0009739765664562583,,2019-03-02,
ZJV2EGK0,0,0,,,,0,0,0,1,0.0009348235325887799,,2018-12-21,
ZJV2EGK4,0,0,,,,0,0,0,1,0.0013095637550577521,,2021-09-13,
ZJV2EGNJ,0,0,,,,0,0,0,1,0.004821134265512228,,2019-06-25,
ZJV2EGY2,0,0,,,,0,0,0,1,0.0009240101207979023,,2019-01-23,
ZJV2EH0L,0,0,,,,0,0,0,1,0.0010200095130130649,,2018-12-19,
ZJV2EH0V,0,0,,,,0,0,0,1,0.0022432212717831135,,2018-12-19,
ZJV2EH19,0,0,,,,0,0,0,1,0.001027174643240869,,2018-12-19,
ZJV2EH36,0,0,,,,0,0,0,1,0.0008752658613957465,,2019-03-02,
ZJV2EH55,0,0,,,,0,0,0,1,0.0008470026077702641,,2018-12-21,
ZJV2EH5T,0,0,,,,0,0,0,1,0.0009585000807419419,,2018-12-19,
ZJV2EH5W,0,0,,,,0,0,0,1,0.0007691628998145461,,2018-12-21,
ZJV2EH7B,0,0,,,,0,0,0,1,0.0012751027243211865,,2018-12-21,
ZJV2EH7Y,0,0,,,,0,0,0,1,0.0011464456329122186,,2018-12-19,
ZJV2EH88,0,0,,,,0,0,0,1,0.001590804080478847,,2019-03-02,
ZJV2EH8T,0,0,,,,0,0,0,1,0.0008712112321518362,,2018-12-21,
ZJV2EHD2,0,0,,,,0,0,0,1,0.001079272711649537,,2019-03-02,
ZJV2EHG1,0,0,,,,0,0,0,1,0.0008897263905964792,,2018-12-21,
ZJV2EHGH,0,0,,,,0,0,0,1,0.0007755014812573791,,2018-12-21,
ZJV2EHGT,0,0,,,,0,0,0,1,0.0013094391906633973,,2018-12-19,
ZJV2EHH1,0,0,,,,0,0,0,1,0.0008789640269242227,,2019-03-02,
ZJV2EHHG,0,0,,,,0,0,0,1,0.0008353795274160802,,2018-12-21,
ZJV2EHHQ,0,0,,,,0,0,0,1,0.0010295086540281773,,2018-12-19,
ZJV2EHJH,0,0,,,,0,0,0,1,0.0008335594902746379,,2018-12-21,
ZJV2EHK5,0,0,,,,0,0,0,1,0.0014984430745244026,,2020-04-28,
ZJV2ELSL,0,0,,,,0,0,0,1,0.0009539606980979443,,2019-01-23,
ZJV2EM1G,0,0,,,,0,0,0,1,0.0011396576883271337,,2018-12-19,
ZJV2EM2E,0,0,,,,0,0,0,1,0.00106626667547971,,2018-12-19,
ZJV2EM4Q,0,0,,,,0,0,0,1,0.0008444729610346258,,2018-12-21,
ZJV2EM53,0,0,,,,0,0,0,1,0.0009959177114069462,,2018-12-19,
ZJV2EM97,0,0,,,,0,0,0,1,0.002646984998136759,,2018-12-21,
ZJV2EM9N,0,0,,,,0,0,0,1,0.0010496125323697925,,2018-12-19,
ZJV2EMBC,0,0,,,,0,0,0,1,0.0009118184098042548,,2019-01-23,
ZJV2EMDW,0,0,,,,0,0,0,1,0.00098636862821877,,2018-12-19,
ZJV2EMDZ,0,0,,,,0,0,0,1,0.0008930987678468227,,2019-01-23,
ZJV2EMG5,0,0,,,,0,0,0,1,0.0010893692960962653,,2018-12-19,
ZJV2EMH3,0,0,,,,0,0,0,1,0.0009416465181857347,,2018-12-19,
ZJV2EMK7,0,0,,,,0,0,0,1,0.0011120366398245096,,2019-03-02,
ZJV2EMNP,0,0,,,,0,0,0,1,0.0008365002577193081,,2018-12-21,
ZJV2EN1A,0,0,,,,0,0,0,1,0.001284122816286981,,2019-03-02,
ZJV2EN1M,0,0,,,,0,0,0,1,0.002071726368740201,,2018-12-19,
ZJV2EN2H,0,0,,,,0,0,0,1,0.0015884838066995144,,2018-12-19,
ZJV2EN2X,0,0,,,,0,0,0,1,0.0008685960783623159,,2019-03-02,
ZJV2EN2Y,0,0,,,,0,0,0,1,0.0011968024773523211,,2018-12-19,
ZJV2EN33,0,0,,,,0,0,0,1,0.0009471749654039741,,2019-01-23,
ZJV2EN40,0,0,,,,0,0,0,1,0.0011184248141944408,,2019-03-02,
ZJV2EN8F,0,0,,,,0,0,0,1,0.0020569604821503162,,2018-12-19,
ZJV2ENCE,0,0,,,,0,0,0,1,0.001449721516110003,,2018-12-19,
ZJV2ENCZ,0,0,,,,0,0,0,1,0.0013153526233509183,,2019-03-02,
ZJV2END5,0,0,,,,0,0,0,1,0.0012801698176190257,,2021-09-18,
ZJV2ENHX,0,0,,,,0,0,0,1,0.000911576091311872,,2018-12-21,
ZJV2ENJJ,0,0,,,,0,0,0,1,0.000867204274982214,,2019-03-02,
ZJV2ENK3,0,0,,,,0,0,0,1,0.0009131843107752502,,2019-03-02,
ZJV2ENN5,1,1,2019-03-14,2019-03-18,4.0,1,0,0,0,0.5327329635620117,0.44929710030555725,2019-03-02,12.0
ZJV2ENR2,0,0,,,,0,0,0,1,0.000847937713842839,,2018-12-21,
ZJV2ENTY,0,0,,,,0,0,0,1,0.0010507246479392052,,2018-12-21,
ZJV2ENVK,0,0,,,,0,0,0,1,0.0010538563365116715,,2018-12-19,
ZJV2ENYK,0,0,,,,0,0,0,1,0.0009019303834065795,,2019-01-23,
ZJV2EPL0,0,0,,,,0,0,0,1,0.0013089360436424613,,2019-03-02,
ZJV2EPLQ,0,0,,,,0,0,0,1,0.0008681426988914609,,2019-03-02,
ZJV2EPM9,0,0,,,,0,0,0,1,0.0009361047996208072,,2018-12-19,
ZJV2EPNS,0,0,,,,0,0,0,1,0.0008361353538930416,,2018-12-21,
ZJV2EPWL,0,0,,,,0,0,0,1,0.001712934928946197,,2018-12-19,
ZJV2EPXP,0,0,,,,0,0,0,1,0.0008978683617897332,,2019-01-23,
ZJV2EQ10,0,0,,,,0,0,0,1,0.0009654416353441775,,2018-12-21,
ZJV2EQ1J,0,0,,,,0,0,0,1,0.0009148040553554893,,2019-03-02,
ZJV2EQ2E,0,0,,,,0,0,0,1,0.0009440325666218996,,2018-12-19,
ZJV2EQ2L,0,0,,,,0,0,0,1,0.00087759830057621,,2019-03-02,
ZJV2EQ30,0,0,,,,0,0,0,1,0.001026793965138495,,2018-12-19,
ZJV2EQ3V,0,0,,,,0,0,0,1,0.0010664809960871935,,2019-01-23,
ZJV2EQ92,0,0,,,,0,0,0,1,0.0007840186590328813,,2018-12-21,
ZJV2EQ9P,0,0,,,,0,0,0,1,0.0008014425984583795,,2018-12-21,
ZJV2EQ9W,0,0,,,,0,0,0,1,0.0012120191240683198,,2019-03-02,
ZJV2EQAK,0,0,,,,0,0,0,1,0.000933847448322922,,2018-12-19,
ZJV2EQAN,0,0,,,,0,0,0,1,0.0008491780026815832,,2018-12-21,
ZJV2EQCR,0,0,,,,0,0,0,1,0.0011093018110841513,,2018-12-19,
ZJV2EQD3,0,0,,,,0,0,0,1,0.000886977999471128,,2018-12-21,
ZJV2EQF3,0,0,,,,0,0,0,1,0.003554018447175622,,2019-10-03,
ZJV2EQG7,0,0,,,,0,0,0,1,0.0009059142903424799,,2019-03-02,
ZJV2EQHE,0,0,,,,0,0,0,1,0.0009087204234674573,,2019-01-23,
ZJV2EQHK,0,0,,,,0,0,0,1,0.0015473099192604423,,2018-12-19,
ZJV2EQKM,0,0,,,,0,0,0,1,0.0008504015859216452,,2018-12-21,
ZJV2EQKX,0,0,,,,0,0,0,1,0.0012596090091392398,,2018-12-21,
ZJV2EQPZ,0,0,,,,0,0,0,1,0.0008955238736234605,,2019-01-23,
ZJV2EQQ3,0,0,,,,0,0,0,1,0.0009567855740897357,,2019-03-02,
ZJV2EQRW,0,0,,,,0,0,0,1,0.0008677683654241264,,2019-03-02,
ZJV2EQS8,0,0,,,,0,0,0,1,0.0011212164536118507,,2018-12-19,
ZJV2EQTB,0,0,,,,0,0,0,1,0.0008815221372060478,,2019-03-02,
ZJV2ER1G,1,0,,2019-07-25,,0,0,1,0,0.0008675720891915262,,2019-03-02,
ZJV2ER1J,0,0,,,,0,0,0,1,0.004565959796309471,,2019-10-02,
ZJV2ER1V,0,0,,,,0,0,0,1,0.0008807555423118174,,2019-03-02,
ZJV2ER1Y,0,0,,,,0,0,0,1,0.001683028182014823,,2018-12-21,
ZJV2ER24,0,0,,,,0,0,0,1,0.0009744870476424694,,2018-12-19,
ZJV2ER27,0,0,,,,0,0,0,1,0.0008176378905773163,,2018-12-21,
ZJV2ER50,0,0,,,,0,0,0,1,0.0011046965373679996,,2018-12-19,
ZJV2ER5N,0,0,,,,0,0,0,1,0.001038326881825924,,2019-03-02,
ZJV2ER9P,0,0,,,,0,0,0,1,0.0008224353077821434,,2018-12-21,
ZJV2ERHQ,0,0,,,,0,0,0,1,0.0009739793604239821,,2018-12-21,
ZJV2ERJH,0,0,,,,0,0,0,1,0.0010133682517334819,,2018-12-21,
ZJV2ERK5,0,0,,,,0,0,0,1,0.0008191561792045832,,2018-12-21,
ZJV2ERMN,0,0,,,,0,0,0,1,0.0008658241713419557,,2018-12-21,
ZJV2ERPR,0,0,,,,0,0,0,1,0.0008494398207403719,,2018-12-21,
ZJV2ERQC,0,0,,,,0,0,0,1,0.0016266126185655594,,2018-12-19,
ZJV2ERRM,0,0,,,,0,0,0,1,0.0010051429271697998,,2018-12-21,
ZJV2ERRP,0,0,,,,0,0,0,1,0.0008343131630681455,,2018-12-21,
ZJV2ERSD,0,0,,,,0,0,0,1,0.0010910315904766321,,2019-01-23,
ZJV2ERSN,0,0,,,,0,0,0,1,0.0011743970680981874,,2019-03-02,
ZJV2ERTK,0,0,,,,0,0,0,1,0.0033264474477618933,,2019-11-15,
ZJV2ERZG,0,0,,,,0,0,0,1,0.0009531892137601972,,2019-01-23,
ZJV2ES0T,0,0,,,,0,0,0,1,0.0007869232213124633,,2018-12-21,
ZJV2ES2W,0,0,,,,0,0,0,1,0.000840567285194993,,2019-01-23,
ZJV2ES6P,0,0,,,,0,0,0,1,0.0013567125424742699,,2018-12-19,
ZJV2ES71,0,0,,,,0,0,0,1,0.0010301346192136407,,2018-12-19,
ZJV2ESBX,0,0,,,,0,0,0,1,0.0012270408915355802,,2018-12-19,
ZJV2ESBY,0,0,,,,0,0,0,1,0.0009357829112559557,,2018-12-19,
ZJV2ESCX,0,0,,,,0,0,0,1,0.0008095012744888663,,2018-12-21,
ZJV2ESEL,0,0,,,,0,0,0,1,0.001057290006428957,,2019-03-02,
ZJV2ESGC,0,0,,,,0,0,0,1,0.0009433954837732017,,2018-12-19,
ZJV2ESJN,0,0,,,,0,0,0,1,0.0009872984373942018,,2019-01-23,
ZJV2ESKT,0,0,,,,0,0,0,1,0.0008500433759763837,,2018-12-21,
ZJV2ESM1,0,0,,,,0,0,0,1,0.00107328942976892,,2018-12-19,
ZJV2ESNN,0,0,,,,0,0,0,1,0.0008874742779880762,,2018-12-21,
ZJV2ESSA,0,0,,,,0,0,0,1,0.0008981224382296205,,2019-03-02,
ZJV2ESW4,0,0,,,,0,0,0,1,0.0008866953430697322,,2019-01-23,
ZJV2ET05,0,0,,,,0,0,0,1,0.0009109413367696106,,2018-12-21,
ZJV2ET3G,0,0,,,,0,0,0,1,0.0014581874711439013,,2018-12-21,
ZJV2ET5G,0,0,,,,0,0,0,1,0.0008734175935387611,,2019-03-02,
ZJV2ET7Q,0,0,,,,0,0,0,1,0.0012229490093886852,,2019-01-23,
ZJV2ET8C,0,0,,,,0,0,0,1,0.001476437784731388,,2019-03-02,
ZJV2ETAR,0,0,,,,0,0,0,1,0.00105886603705585,,2019-01-23,
ZJV2ETDT,0,0,,,,0,0,0,1,0.0011698707239702344,,2019-10-15,
ZJV2ETFE,0,0,,,,0,0,0,1,0.0007878408650867641,,2018-12-21,
ZJV2ETGL,0,0,,,,0,0,0,1,0.0008726235828362405,,2018-12-21,
ZJV2ETHM,0,0,,,,0,0,0,1,0.001323847332969308,,2021-10-11,
ZJV2FE8K,0,0,,,,0,0,0,1,0.0023006859701126814,,2018-12-21,
ZJV2FNXN,0,0,,,,0,0,0,1,0.0009897169657051563,,2018-12-19,
ZJV2FNXT,0,0,,,,0,0,0,1,0.0007695966050960124,,2018-12-21,
ZJV2FNZL,0,0,,,,0,0,0,1,0.0010041322093456984,,2019-01-23,
ZJV2FP0E,0,0,,,,0,0,0,1,0.000871711119543761,,2019-01-23,
ZJV2FP26,0,0,,,,0,0,0,1,0.001093149185180664,,2018-12-19,
ZJV2FP3L,0,0,,,,0,0,0,1,0.0011809826828539371,,2018-12-19,
ZJV2FP3N,0,0,,,,0,0,0,1,0.0010260995477437973,,2019-01-23,
ZJV2FP44,0,0,,,,0,0,0,1,0.000959525175858289,,2018-12-19,
ZJV2FP5M,0,0,,,,0,0,0,1,0.000992860528640449,,2018-12-21,
ZJV2FP5X,0,0,,,,0,0,0,1,0.0011553794611245394,,2019-03-02,
ZJV2FP7F,0,0,,,,0,0,0,1,0.000989722553640604,,2018-12-19,
ZJV2FP7Z,0,0,,,,0,0,0,1,0.0008289187680929899,,2018-12-21,
ZJV2FP9L,0,0,,,,0,0,0,1,0.0010932626901194453,,2018-12-19,
ZJV2FPB1,0,0,,,,0,0,0,1,0.0012017018161714077,,2018-12-19,
ZJV2FPBX,0,0,,,,0,0,0,1,0.0009892369853332639,,2018-12-19,
ZJV2FPEC,0,0,,,,0,0,0,1,0.002406654180958867,,2018-12-21,
ZJV2FPJY,0,0,,,,0,0,0,1,0.0009324253187514842,,2019-01-23,
ZJV2FPKJ,0,0,,,,0,0,0,1,0.0009522049222141504,,2018-12-19,
ZJV2FPR4,0,0,,,,0,0,0,1,0.0011697955196723342,,2018-12-19,
ZJV2FPTQ,0,0,,,,0,0,0,1,0.0008848811849020422,,2019-01-23,
ZJV2FPVE,0,0,,,,0,0,0,1,0.0008201958262361586,,2018-12-21,
ZJV2FPXK,0,0,,,,0,0,0,1,0.0009106792858801782,,2019-03-02,
ZJV2FPY3,0,0,,,,0,0,0,1,0.0010295414831489325,,2019-01-23,
ZJV2FPYG,1,1,2019-06-15,2019-07-07,22.0,1,0,0,0,0.3757171034812927,0.3757171034812927,2019-03-02,105.0
ZJV2FPYT,0,0,,,,0,0,0,1,0.0009010006906464696,,2018-12-19,
ZJV2FPZP,0,0,,,,0,0,0,1,0.0010001304326578975,,2018-12-21,
ZJV2FQ6T,0,0,,,,0,0,0,1,0.0008681852486915886,,2019-03-02,
ZJV2FQ8F,0,0,,,,0,0,0,1,0.0010585866402834654,,2019-01-23,
ZJV2FQE5,0,0,,,,0,0,0,1,0.0008686970686540008,,2018-12-21,
ZJV2FQFT,0,0,,,,0,0,0,1,0.001037893583998084,,2019-03-02,
ZJV2FQFY,0,0,,,,0,0,0,1,0.0009868695633485913,,2018-12-19,
ZJV2FQGL,0,0,,,,0,0,0,1,0.0009740461828187108,,2018-12-19,
ZJV2FQHP,0,0,,,,0,0,0,1,0.0010298023698851466,,2019-01-23,
ZJV2FQHY,0,0,,,,0,0,0,1,0.0018954050028696656,,2018-12-19,
ZJV2FQJY,0,0,,,,0,0,0,1,0.0010467845713719726,,2018-12-19,
ZJV2FQKZ,0,0,,,,0,0,0,1,0.0008612732053734362,,2018-12-21,
ZJV2FQTS,0,0,,,,0,0,0,1,0.0011373325251042843,,2019-03-02,
ZJV2FQVZ,0,0,,,,0,0,0,1,0.001031533582136035,,2018-12-19,
ZJV2FQX7,0,0,,,,0,0,0,1,0.0021913687232881784,,2018-12-19,
ZJV2FQYT,0,0,,,,0,0,0,1,0.0011604876490309834,,2019-01-23,
ZJV2FQZ9,0,0,,,,0,0,0,1,0.0010286130709573627,,2019-01-23,
ZJV2FR1A,0,0,,,,0,0,0,1,0.00098663370590657,,2019-01-23,
ZJV2FR3Z,0,0,,,,0,0,0,1,0.0007765186601318419,,2018-12-21,
ZJV2FR6F,0,0,,,,0,0,0,1,0.0008503723656758666,,2018-12-21,
ZJV2FR7Z,0,0,,,,0,0,0,1,0.0007896688184700906,,2018-12-21,
ZJV2FR8B,0,0,,,,0,0,0,1,0.0009202679502777755,,2018-12-21,
ZJV2FR8Q,0,0,,,,0,0,0,1,0.0009320528479292989,,2018-12-19,
ZJV2FR93,0,0,,,,0,0,0,1,0.0008329069241881371,,2018-12-21,
ZJV2FRAC,1,0,,2019-08-12,,0,0,1,0,0.047040730714797974,,2018-12-19,
ZJV2FRBL,0,0,,,,0,0,0,1,0.0015769280726090074,,2018-12-19,
ZJV2FRF4,0,0,,,,0,0,0,1,0.0009572861599735916,,2019-01-23,
ZJV2FRGQ,0,0,,,,0,0,0,1,0.0008785420213826001,,2019-01-23,
ZJV2FRLS,0,0,,,,0,0,0,1,0.0013356659328565001,,2019-01-23,
ZJV2FRMK,0,0,,,,0,0,0,1,0.0013968367129564285,,2018-12-19,
ZJV2FRMS,0,0,,,,0,0,0,1,0.0012320950627326965,,2019-03-02,
ZJV2FRND,0,0,,,,0,0,0,1,0.0007959195063449442,,2018-12-21,
ZJV2FRNN,0,0,,,,0,0,0,1,0.0009891947265714407,,2018-12-19,
ZJV2FRQC,0,0,,,,0,0,0,1,0.0009253280004486442,,2019-03-02,
ZJV2FRT0,0,0,,,,0,0,0,1,0.0009443104499951005,,2019-01-23,
ZJV2FRTB,0,0,,,,0,0,0,1,0.0008919426472857594,,2019-03-02,
ZJV2FRW3,0,0,,,,0,0,0,1,0.0007868418470025063,,2018-12-21,
ZJV2FRYP,0,0,,,,0,0,0,1,0.0011227518552914262,,2018-12-21,
ZJV2KYJT,0,0,,,,0,0,0,1,0.26948073506355286,,2019-08-05,
ZJV2MSEW,0,0,,,,0,0,0,1,0.0009752477053552866,,2019-01-23,
ZJV2RF22,0,0,,,,0,0,0,1,0.000991016160696745,,2019-01-23,
ZJV2RWZ9,0,0,,,,0,0,0,1,0.000866361428052187,,2019-01-23,
ZJV2S4SS,0,0,,,,0,0,0,1,0.0010537268826738,,2019-01-23,
ZJV2S4ST,0,0,,,,0,0,0,1,0.0008713087881915271,,2019-01-23,
ZJV2SDFY,0,0,,,,0,0,0,1,0.0008691921830177307,,2019-03-02,
ZJV2SHYV,0,0,,,,0,0,0,1,0.000986413680948317,,2019-01-23,
ZJV2SJ97,0,0,,,,0,0,0,1,0.0008995950920507312,,2019-01-23,
ZJV2SPFP,0,0,,,,0,0,0,1,0.0009017178090289235,,2019-01-23,
ZJV2TFVF,0,0,,,,0,0,0,1,0.004596419632434845,,2019-08-20,
ZJV2V25Q,0,0,,,,0,0,0,1,0.0026651478838175535,,2019-06-07,
ZJV2VF7Y,0,0,,,,0,0,0,1,0.002117588883265853,,2019-07-14,
ZJV2XAAT,1,0,,2023-08-26,,0,0,1,0,0.27102404832839966,,2019-09-22,
ZJV2Z950,1,0,,2025-10-06,,0,0,1,0,0.27355191111564636,,2019-09-22,
ZJV35CZC,0,0,,,,0,0,0,1,0.006815831642597914,,2019-09-22,
ZJV3778M,0,0,,,,0,0,0,1,0.0023367872927337885,,2019-09-22,
ZJV38WGZ,0,0,,,,0,0,0,1,0.023134438320994377,,2020-06-14,
ZJV39MN7,1,0,,2022-08-26,,0,0,1,0,0.20130252838134766,,2019-09-22,
ZJV3A0BA,1,1,2021-03-13,2021-03-25,12.0,1,0,0,0,0.5230246186256409,0.41000741720199585,2019-09-22,538.0
ZJV3A282,0,0,,,,0,0,0,1,0.0024479669518768787,,2019-09-22,
ZJV3A2CH,1,0,,2021-08-18,,0,0,1,0,0.09175147861242294,,2019-09-22,
ZJV3ACG5,1,1,2022-02-08,2023-08-03,541.0,1,0,0,0,0.4348083436489105,0.3570058047771454,2019-09-22,870.0
ZJV3AEGM,0,0,,,,0,0,0,1,0.003204767359420657,,2019-09-22,
ZJV3AESB,1,0,,2024-01-11,,0,0,1,0,0.28576329350471497,,2019-09-22,
ZJV3AF07,0,0,,,,0,0,0,1,0.17336976528167725,,2019-09-22,
ZJV3AFSA,1,1,2023-08-07,2023-08-08,1.0,1,0,0,0,0.46067145466804504,0.4000168740749359,2019-09-22,1415.0
ZJV3ASVA,0,0,,,,0,0,0,1,0.0034298142418265343,,2019-09-22,
ZJV3ATZ0,1,0,,2024-08-15,,0,0,1,0,0.27881839871406555,,2019-09-22,
ZJV3AVA4,1,0,,2024-03-17,,0,0,1,0,0.12614330649375916,,2019-09-22,
ZJV3AYPH,0,0,,,,0,0,0,1,0.0032488172873854637,,2019-09-22,
ZJV3AYSA,0,0,,,,0,0,0,1,0.001878286013379693,,2019-09-22,
ZJV3BE6Z,1,1,2021-02-24,2021-05-08,73.0,1,0,0,0,0.4324811100959778,0.3575785458087921,2019-09-22,521.0
ZJV3BF16,0,0,,,,0,0,0,1,0.012727529741823673,,2019-09-22,
ZJV3BF8Z,1,1,2022-10-27,2022-10-28,1.0,1,0,0,0,0.47187697887420654,0.4047916829586029,2019-09-22,1131.0
ZJV3BG12,0,0,,,,0,0,0,1,0.0024143941700458527,,2019-09-22,
ZJV3BG9W,0,0,,,,0,0,0,1,0.003608309431001544,,2019-09-22,
ZJV3BH78,0,0,,,,0,0,0,1,0.005163442809134722,,2019-09-22,
ZJV3BHSH,1,1,2024-12-07,2025-06-21,196.0,1,0,0,0,0.4562721848487854,0.3931121826171875,2019-09-22,1903.0
ZJV3BJ0M,0,0,,,,0,0,0,1,0.002517867134884,,2019-09-22,
ZJV3BLLN,0,0,,,,0,0,0,1,0.0041471729055047035,,2019-09-22,
ZJV3BMY6,0,0,,,,0,0,0,1,0.003112984821200371,,2019-09-22,
ZJV3BRKW,0,0,,,,0,0,0,1,0.0019389181397855282,,2019-09-22,
ZJV3BTD2,0,0,,,,0,0,0,1,0.0025122424121946096,,2019-09-22,
ZJV3BXPN,0,0,,,,0,0,0,1,0.01787632703781128,,2019-09-22,
ZJV3BY2J,1,1,2021-12-20,2023-06-05,532.0,1,0,0,0,0.45924410223960876,0.35531699657440186,2019-09-22,820.0
ZJV3BZC5,1,1,2024-03-12,2024-11-04,237.0,1,0,0,0,0.37006616592407227,0.3644419312477112,2019-09-22,1633.0
ZJV3BZDW,0,0,,,,0,0,0,1,0.003106197342276573,,2019-09-22,
ZJV3BZJE,0,0,,,,0,0,0,1,0.029050150886178017,,2019-09-22,
ZJV3C490,0,0,,,,0,0,0,1,0.004114069044589996,,2019-09-22,
ZJV3C4KD,1,1,2022-01-28,2022-02-11,14.0,1,0,0,0,0.46483707427978516,0.3897504508495331,2019-09-22,859.0
ZJV3C5NT,0,0,,,,0,0,0,1,0.0030653441790491343,,2019-09-22,
ZJV3C6M3,1,0,,2024-07-01,,0,0,1,0,0.003107130527496338,,2019-09-22,
ZJV3C6PV,1,0,,2021-05-19,,0,0,1,0,0.2764367163181305,,2019-09-22,
ZJV3C6TF,0,0,,,,0,0,0,1,0.060911718755960464,,2019-09-22,
ZJV3C6Z7,1,0,,2022-06-12,,0,0,1,0,0.21023625135421753,,2019-09-22,
ZJV3C8BB,1,1,2022-07-02,2022-07-02,0.0,1,0,0,0,0.3536137342453003,0.3536137342453003,2019-09-22,1014.0
ZJV3C8VT,0,0,,,,0,0,0,1,0.00307609629817307,,2019-09-22,
ZJV3C92H,0,0,,,,0,0,0,1,0.00274862302467227,,2019-09-22,
ZJV3C9YP,1,0,,2021-07-06,,0,0,1,0,0.0022125293035060167,,2019-09-22,
ZJV3CAR4,0,0,,,,0,0,0,1,0.004266905132681131,,2019-09-22,
ZJV3CBPK,0,0,,,,0,0,0,1,0.005064100027084351,,2019-09-22,
ZJV3CD0R,0,0,,,,0,0,0,1,0.0030608840752393007,,2019-09-22,
ZJV3CDZ0,0,1,2025-12-25,,,0,1,0,0,0.427094966173172,0.427094966173172,2019-09-22,2286.0
ZJV3CFP4,0,0,,,,0,0,0,1,0.06625816226005554,,2019-09-22,
ZJV3CG0J,1,1,2025-03-05,2025-03-13,8.0,1,0,0,0,0.40158891677856445,0.33627817034721375,2019-09-22,1991.0
ZJV3CG1D,0,0,,,,0,0,0,1,0.00331846228800714,,2019-09-22,
ZJV3CG1J,0,0,,,,0,0,0,1,0.0031594547908753157,,2019-09-22,
ZJV3CGMF,0,0,,,,0,0,0,1,0.0019886333029717207,,2019-09-22,
ZJV3CHA4,1,1,2020-03-03,2024-04-08,1497.0,1,0,0,0,0.38204026222229004,0.37937644124031067,2019-09-22,163.0
ZJV3CHM4,0,0,,,,0,0,0,1,0.0639783963561058,,2019-09-22,
ZJV3CHVZ,0,0,,,,0,0,0,1,0.006114737130701542,,2019-09-22,
ZJV3CJ4K,0,0,,,,0,0,0,1,0.004694589879363775,,2019-09-22,
ZJV3CJ51,0,0,,,,0,0,0,1,0.002060749800875783,,2019-09-22,
ZJV3CJ9Y,0,0,,,,0,0,0,1,0.0019160887459293008,,2019-09-22,
ZJV3CKQZ,0,0,,,,0,0,0,1,0.002243165858089924,,2019-09-22,
ZJV3CSA2,1,1,2021-01-11,2021-01-12,1.0,1,0,0,0,0.5001449584960938,0.39904114603996277,2019-09-22,477.0
ZJV3CSD5,1,0,,2026-03-21,,0,0,1,0,0.0029536434449255466,,2019-09-22,
ZJV3CT3Z,1,0,,2026-01-09,,0,0,1,0,0.2987692952156067,,2019-09-22,
ZJV3CXYD,0,0,,,,0,0,0,1,0.3113934099674225,,2019-09-22,
ZJV3CZRJ,0,0,,,,0,0,0,1,0.002362135099247098,,2019-09-22,
ZJV3CZT3,0,0,,,,0,0,0,1,0.002661075908690691,,2019-09-22,
ZJV3D049,1,1,2023-05-31,2023-05-31,0.0,1,0,0,0,0.3327536880970001,0.3327536880970001,2019-09-22,1347.0
ZJV3D9EX,0,0,,,,0,0,0,1,0.04982708394527435,,2019-09-22,
ZJV3D9GE,1,1,2023-11-24,2023-11-28,4.0,1,0,0,0,0.4496244788169861,0.41490674018859863,2019-09-22,1524.0
ZJV3D9Q4,0,0,,,,0,0,0,1,0.0025727050378918648,,2019-09-22,
ZJV3D9QM,1,0,,2024-08-07,,0,0,1,0,0.0027539648581296206,,2019-09-22,
ZJV3EQH8,0,0,,,,0,0,0,1,0.004409644287079573,,2019-09-22,
ZJV3HZ2B,0,0,,,,0,0,0,1,0.002856141421943903,,2019-09-22,
ZJV3M40G,1,0,,2021-09-23,,0,0,1,0,0.001840940210968256,,2020-07-01,
ZJV3MVS2,0,0,,,,0,0,0,1,0.09587220102548599,,2020-07-07,
ZJV3RSVG,0,0,,,,0,0,0,1,0.00219968194141984,,2019-09-22,
ZJV3WXHG,0,0,,,,0,0,0,1,0.0036707057151943445,,2019-09-22,
ZJV3YXCB,1,0,,2019-10-02,,0,0,1,0,0.0007764649926684797,,2019-09-24,
ZJV3Z5EM,0,0,,,,0,0,0,1,0.004862576257437468,,2019-08-28,
ZJV3ZY2D,0,0,,,,0,0,0,1,0.0008467265870422125,,2019-09-24,
ZJV40X59,0,0,,,,0,0,0,1,0.0037646859418600798,,2019-09-22,
ZJV439KB,0,0,,,,0,0,0,1,0.0022804324980825186,,2019-09-22,
ZJV475X4,1,1,2025-01-04,2025-02-24,51.0,1,0,0,0,0.3970980942249298,0.3970980942249298,2019-09-22,1931.0
ZJV48LZL,0,0,,,,0,0,0,1,0.0016804689075797796,,2020-03-12,
ZJV49KW7,1,0,,2023-07-25,,0,0,1,0,0.1662987321615219,,2019-09-22,
ZJV4E8ER,1,1,2022-12-06,2023-06-04,180.0,1,0,0,0,0.4301331341266632,0.3466590940952301,2019-09-22,1171.0
ZJV4ETD3,0,0,,,,0,0,0,1,0.002925201551988721,,2019-09-22,
ZJV4F9YR,0,0,,,,0,0,0,1,0.0022362000308930874,,2019-09-22,
ZJV4GF8G,0,0,,,,0,0,0,1,0.09777092933654785,,2019-09-22,
ZJV4H5W2,0,0,,,,0,0,0,1,0.0021019361447542906,,2019-09-22,
ZJV4HHAV,0,0,,,,0,0,0,1,0.0017735417932271957,,2019-09-14,
ZJV4J9MC,0,0,,,,0,0,0,1,0.0041170925833284855,,2019-09-22,
ZJV4JG5R,0,0,,,,0,0,0,1,0.0026459074579179287,,2019-09-22,
ZJV4K0C6,0,0,,,,0,0,0,1,0.049599092453718185,,2019-09-22,
ZJV4K3F6,1,1,2021-05-09,2021-05-29,20.0,1,0,0,0,0.5129538178443909,0.44399458169937134,2019-09-22,595.0
ZJV4K6RZ,1,1,2023-11-30,2023-12-04,4.0,1,0,0,0,0.4154549241065979,0.4017946720123291,2019-09-22,1530.0
ZJV4K7PR,0,0,,,,0,0,0,1,0.00361832813359797,,2019-09-22,
ZJV4KNZ3,0,0,,,,0,0,0,1,0.04772384464740753,,2019-09-22,
ZJV4KY2W,0,0,,,,0,0,0,1,0.0018545151688158512,,2019-09-22,
ZJV4KZ1Q,0,0,,,,0,0,0,1,0.0018882243894040585,,2019-09-22,
ZJV4KZDM,0,0,,,,0,0,0,1,0.005712119396775961,,2019-09-22,
ZJV4L09X,0,0,,,,0,0,0,1,0.003493119031190872,,2019-09-22,
ZJV4L3LE,0,0,,,,0,0,0,1,0.0028942199423909187,,2019-09-22,
ZJV4L4TA,0,0,,,,0,0,0,1,0.0027193992864340544,,2019-09-22,
ZJV4L8AK,0,0,,,,0,0,0,1,0.003248476190492511,,2019-09-22,
ZJV4LDGG,1,0,,2021-10-14,,0,0,1,0,0.3152291774749756,,2019-09-22,
ZJV4LDWP,1,0,,2023-04-07,,0,0,1,0,0.05414431914687157,,2019-09-22,
ZJV4LE7S,1,1,2023-05-04,2023-05-22,18.0,1,0,0,0,0.35418885946273804,0.3322882354259491,2019-09-22,1320.0
ZJV4LK4J,0,0,,,,0,0,0,1,0.0026602535508573055,,2019-09-22,
ZJV4LLAA,1,1,2025-07-04,2025-07-17,13.0,1,0,0,0,0.4723125994205475,0.40847286581993103,2019-09-22,2112.0
ZJV4LZX2,0,0,,,,0,0,0,1,0.003208400681614876,,2019-09-22,
ZJV4M0AE,0,0,,,,0,0,0,1,0.0031632231548428535,,2019-09-22,
ZJV4M12C,1,1,2020-02-08,2020-03-08,29.0,1,0,0,0,0.5034924149513245,0.4414324462413788,2019-09-22,139.0
ZJV4P57N,0,0,,,,0,0,0,1,0.0015405473532155156,,2019-09-24,
ZJV4Q94R,0,0,,,,0,0,0,1,0.003333949251100421,,2019-09-22,
ZJV4QG2P,0,0,,,,0,0,0,1,0.0024807057343423367,,2019-09-22,
ZJV4RB2X,0,0,,,,0,0,0,1,0.004118596203625202,,2019-09-22,
ZJV4RF9M,0,0,,,,0,0,0,1,0.006067282520234585,,2019-09-22,
ZJV4RPT4,0,0,,,,0,0,0,1,0.0026252984534949064,,2019-09-22,
ZJV4SJ8B,0,0,,,,0,0,0,1,0.0008468105806969106,,2019-09-24,
ZJV4SV2L,0,0,,,,0,0,0,1,0.1582740694284439,,2019-09-22,
ZJV4T4N8,0,0,,,,0,0,0,1,0.000921799277421087,,2019-09-24,
ZJV4TKWJ,0,0,,,,0,0,0,1,0.0022246448788791895,,2019-09-22,
ZJV4V0CS,0,0,,,,0,0,0,1,0.0008716205484233797,,2019-09-24,
ZJV4VRPA,0,0,,,,0,0,0,1,0.004069070797413588,,2019-09-22,
ZJV4WMKX,1,0,,2023-12-12,,0,0,1,0,0.15211346745491028,,2019-09-22,
ZJV4WVNA,0,0,,,,0,0,0,1,0.0013373116962611675,,2019-09-24,
ZJV4WWWK,0,0,,,,0,0,0,1,0.00474128732457757,,2019-09-22,
ZJV4X7KH,0,1,2025-12-10,,,0,1,0,0,0.40682849287986755,0.32927408814430237,2019-09-22,2271.0
ZJV4Y6EY,0,0,,,,0,0,0,1,0.24973253905773163,,2019-09-22,
ZJV4YLQF,0,0,,,,0,0,0,1,0.009407095611095428,,2019-09-22,
ZJV4YW1R,0,0,,,,0,0,0,1,0.000926729931961745,,2019-09-24,
ZJV4ZM0F,0,0,,,,0,0,0,1,0.0009030814399011433,,2019-09-24,
ZJV4ZXF6,0,0,,,,0,0,0,1,0.01965918391942978,,2019-09-24,
ZJV50GE0,0,0,,,,0,0,0,1,0.0009404370211996138,,2019-09-24,
ZJV52E2D,0,0,,,,0,0,0,1,0.0010326377814635634,,2019-09-24,
ZJV53WBC,0,0,,,,0,0,0,1,0.0008260002359747887,,2019-09-24,
ZJV5897S,0,0,,,,0,0,0,1,0.0008619726286269724,,2019-09-24,
ZJV58C9Z,1,0,,2020-02-14,,0,0,1,0,0.0014749742113053799,,2019-09-24,
ZJV59GXD,0,0,,,,0,0,0,1,0.0011285743676126003,,2019-09-24,
ZJV5ADN6,0,0,,,,0,0,0,1,0.0008990766946226358,,2019-09-24,
ZJV5ARB8,0,0,,,,0,0,0,1,0.0008201187592931092,,2019-09-24,
ZJV5B7T3,0,0,,,,0,0,0,1,0.0010456632589921355,,2019-09-24,
ZJV5BN7Z,0,0,,,,0,0,0,1,0.0009114154963754117,,2019-09-24,
ZJV5BXL5,0,0,,,,0,0,0,1,0.0011006130371242762,,2019-09-24,
ZJV5D2BN,0,0,,,,0,0,0,1,0.0012610603589564562,,2019-09-24,
ZJV5DL8G,0,0,,,,0,0,0,1,0.0010583784896880388,,2019-09-24,
ZJV5DVH9,0,0,,,,0,0,0,1,0.0009208662086166441,,2019-09-24,
ZJV5E8KD,0,0,,,,0,0,0,1,0.001521226717159152,,2019-09-24,
ZJV5EPQP,0,0,,,,0,0,0,1,0.0008779244381003082,,2019-09-24,
ZJV5FP98,0,0,,,,0,0,0,1,0.0008408629219047725,,2019-09-24,
ZJV5G0WC,0,0,,,,0,0,0,1,0.0008285176008939743,,2019-09-24,
ZJV5G87F,0,0,,,,0,0,0,1,0.0008735170122236013,,2019-09-24,
ZJV5GCE6,0,0,,,,0,0,0,1,0.0009258448262698948,,2019-09-24,
ZJV5GNAW,0,0,,,,0,0,0,1,0.0009248141432181001,,2019-09-24,
ZJV5HC4C,0,0,,,,0,0,0,1,0.0010085535468533635,,2019-09-24,
ZJV5HDYT,0,0,,,,0,0,0,1,0.0008698600577190518,,2019-09-24,
ZJV5HKSF,0,0,,,,0,0,0,1,0.000831575773190707,,2019-09-24,
ZJV5HMM0,0,0,,,,0,0,0,1,0.001185490400530398,,2019-09-24,
ZJV5HRJA,0,0,,,,0,0,0,1,0.0010428255191072822,,2019-09-24,
ZJV5HVW7,0,0,,,,0,0,0,1,0.0008739741169847548,,2019-09-24,
ZJV5J36E,0,0,,,,0,0,0,1,0.002316058147698641,,2019-09-24,
ZJV5J3J4,0,0,,,,0,0,0,1,0.0008677762816660106,,2019-09-24,
ZJV5J6S9,0,0,,,,0,0,0,1,0.0008941758424043655,,2019-09-24,
ZJV5JA50,0,0,,,,0,0,0,1,0.002325349487364292,,2019-09-24,
ZJV5JBCW,0,0,,,,0,0,0,1,0.0008692360715940595,,2019-09-24,
ZJV5JBMJ,0,0,,,,0,0,0,1,0.0008244742639362812,,2019-09-24,
ZJV5JLF1,0,0,,,,0,0,0,1,0.00087229028576985,,2019-09-24,
ZJV5JLL2,0,0,,,,0,0,0,1,0.0008144605671986938,,2019-09-24,
ZJV5JMKJ,0,0,,,,0,0,0,1,0.0017355731688439846,,2019-09-24,
ZJV5JN93,0,0,,,,0,0,0,1,0.0008665460045449436,,2019-09-24,
ZJV5JQYF,0,0,,,,0,0,0,1,0.0015816958621144295,,2019-09-24,
ZJV5JS6B,1,0,,2020-02-10,,0,0,1,0,0.001470027258619666,,2019-09-24,
ZJV5JSG5,1,0,,2019-12-23,,0,0,1,0,0.0008905339054763317,,2019-09-24,
ZJV5JY1H,0,0,,,,0,0,0,1,0.0009753291378729045,,2019-09-24,
ZJV5K0TP,1,0,,2020-06-08,,0,0,1,0,0.0010384722845628858,,2019-09-24,
ZJV5K54A,0,0,,,,0,0,0,1,0.001020172261632979,,2019-09-24,
ZJV5K6VJ,0,0,,,,0,0,0,1,0.0011141664581373334,,2019-09-24,
ZJV5KA5Y,0,0,,,,0,0,0,1,0.2727638781070709,,2019-09-24,
ZJV5KAED,0,0,,,,0,0,0,1,0.0009382040589116514,,2019-09-24,
ZJV5KFTT,0,0,,,,0,0,0,1,0.0011135118547827005,,2019-09-24,
ZJV5KH4P,0,0,,,,0,0,0,1,0.0009594159782864153,,2019-09-24,
ZJV5KMQH,0,0,,,,0,0,0,1,0.0009337736410088837,,2019-09-24,
ZJV5KNFD,0,0,,,,0,0,0,1,0.001036433270201087,,2019-09-24,
ZJV5KNL1,0,0,,,,0,0,0,1,0.0010685449233278632,,2019-09-24,
ZJV5KQAF,0,0,,,,0,0,0,1,0.0009373847278766334,,2019-09-24,
ZJV5KTYB,0,0,,,,0,0,0,1,0.0008724028593860567,,2019-09-24,
ZJV5KWQ9,0,0,,,,0,0,0,1,0.0011877436190843582,,2019-09-24,
ZJV5KZ6A,0,0,,,,0,0,0,1,0.0008467379375360906,,2019-09-24,
ZJV5LBJ3,0,0,,,,0,0,0,1,0.0009835552191361785,,2019-09-24,
ZJV5LD77,0,0,,,,0,0,0,1,0.0009540202445350587,,2019-09-24,
ZJV5LEP5,0,0,,,,0,0,0,1,0.00105337705463171,,2019-09-24,
ZJV5LGF4,0,0,,,,0,0,0,1,0.0009350703912787139,,2019-09-24,
ZJV5LL1Z,0,0,,,,0,0,0,1,0.0009996569715440273,,2019-09-24,
ZJV5LNJM,0,0,,,,0,0,0,1,0.0014921772526577115,,2019-09-24,
ZJV5LP9L,0,0,,,,0,0,0,1,0.0009686281555332243,,2019-09-24,
ZJV5LRQB,0,0,,,,0,0,0,1,0.0009025700273923576,,2019-09-24,
ZJV5LVL9,0,0,,,,0,0,0,1,0.0009139459580183029,,2019-09-24,
ZJV5LWR9,0,0,,,,0,0,0,1,0.008784662932157516,,2019-09-24,
ZJV5LXPQ,0,0,,,,0,0,0,1,0.0008753889123909175,,2019-09-24,
ZJV5LXV7,0,0,,,,0,0,0,1,0.001316940295509994,,2019-09-24,
ZJV5M1ZP,0,0,,,,0,0,0,1,0.0010708541376516223,,2019-09-24,
ZJV5M3AH,0,0,,,,0,0,0,1,0.0009632701403461397,,2019-09-24,
ZJV5M4LM,0,0,,,,0,0,0,1,0.0009088364313356578,,2019-09-24,
ZJV5M7DE,0,0,,,,0,0,0,1,0.0009361067204736173,,2019-09-24,
ZJV5MD9Y,0,0,,,,0,0,0,1,0.0016823417972773314,,2019-09-24,
ZJV5MF0H,0,0,,,,0,0,0,1,0.0008480774704366922,,2019-09-24,
ZJV5MF3K,0,0,,,,0,0,0,1,0.0008466241997666657,,2019-09-24,
ZJV5MGDH,0,0,,,,0,0,0,1,0.0008719453471712768,,2019-09-24,
ZJV5MJWM,0,0,,,,0,0,0,1,0.0008802447118796408,,2019-09-24,
ZJV5ML36,0,0,,,,0,0,0,1,0.0010742100421339273,,2019-09-24,
ZJV5MLF9,0,0,,,,0,0,0,1,0.0008563888841308653,,2019-09-24,
ZJV5MMF5,0,0,,,,0,0,0,1,0.001028563128784299,,2019-09-24,
ZJV5MRM9,0,0,,,,0,0,0,1,0.0011856924975290895,,2019-09-24,
ZJV5MSBV,0,0,,,,0,0,0,1,0.0008726576925255358,,2019-09-24,
ZJV5MWNZ,0,0,,,,0,0,0,1,0.0008360445499420166,,2019-09-24,
ZJV5N5MX,0,0,,,,0,0,0,1,0.0007997608627192676,,2019-09-24,
ZJV5NBJM,0,0,,,,0,0,0,1,0.0008244094206020236,,2019-09-24,
ZJV5NW0R,0,0,,,,0,0,0,1,0.0009220035863108933,,2019-09-24,
ZJV5NYJ3,0,0,,,,0,0,0,1,0.0008991815848276019,,2019-09-24,
ZJV5P4MG,0,0,,,,0,0,0,1,0.0008380220388062298,,2019-09-24,
ZJV5P96L,0,0,,,,0,0,0,1,0.0009216241305693984,,2019-09-24,
ZJV5PC6N,0,0,,,,0,0,0,1,0.0016614595660939813,,2019-09-24,
ZJV5PEWK,0,0,,,,0,0,0,1,0.0011443637777119875,,2019-09-24,
ZJV5PGE9,1,0,,2021-08-25,,0,0,1,0,0.050211429595947266,,2019-11-03,
ZJV5PKWB,0,0,,,,0,0,0,1,0.0009597587632015347,,2019-09-24,
ZJV5QB1W,0,0,,,,0,0,0,1,0.0008745956001803279,,2019-09-24,
ZJV5QK29,0,0,,,,0,0,0,1,0.0010798110160976648,,2019-09-24,
ZJV5QMPX,0,0,,,,0,0,0,1,0.0011126793688163161,,2019-09-24,
ZJV5R2KB,0,0,,,,0,0,0,1,0.0010422425111755729,,2019-09-24,
ZJV5RC3S,0,0,,,,0,0,0,1,0.0009652154985815287,,2019-09-24,
ZJV5RERF,0,0,,,,0,0,0,1,0.0011164810275658965,,2019-09-24,
ZJV5RH7Y,0,0,,,,0,0,0,1,0.0010688590118661523,,2019-09-24,
